SYMBOL,EXPIRY_DT,STRIKE_PR,OPTION_TYP,OPEN,HIGH,LOW,CLOSE,SETTLE_PR,CONTRACTS,VAL_INLAKH,OPEN_INT,CHG_IN_OI,TIMESTAMP
NIFTY,2027-12-28,22500.0,PE,0.0,0.0,0.0,186.5,583.21,0,0.0,0,0,2026-09-21
NIFTY,2027-03-30,33000.0,PE,0.0,0.0,0.0,8415.45,8517.46,0,0.0,0,0,2026-09-21
NIFTY,2026-12-29,12000.0,PE,4.0,4.0,4.0,4.0,0.0,1,780260.0,20880,65,2026-09-21
NIFTY,2026-11-23,26100.0,PE,0.0,0.0,0.0,1675.5,2450.35,0,0.0,0,0,2026-09-21
NIFTY,2026-11-23,25250.0,PE,0.0,0.0,0.0,1090.7,1697.49,0,0.0,0,0,2026-09-21
NIFTY,2026-11-23,24550.0,PE,0.0,0.0,0.0,951.8,1152.01,0,0.0,1040,0,2026-09-21
NIFTY,2026-11-23,24100.0,PE,690.0,699.0,642.0,642.0,642.0,31,49910948.75,9230,1300,2026-09-21
NIFTY,2026-11-23,23950.0,PE,545.0,545.0,545.0,545.0,545.0,1,1592175.0,1625,0,2026-09-21
NIFTY,2026-11-23,22950.0,PE,200.0,205.05,177.55,185.25,185.25,24,36099625.25,2405,715,2026-09-21
NIFTY,2026-11-23,22450.0,PE,111.2,111.2,98.9,100.95,100.95,10,14659063.25,3250,390,2026-09-21
NIFTY,2026-10-27,26600.0,PE,3069.0,3069.0,3029.0,3029.0,3022.81,6,11560900.0,390,390,2026-09-21
NIFTY,2026-10-27,26000.0,PE,2460.0,2485.0,2397.55,2418.4,2418.4,1086,2008216089.75,680225,61425,2026-09-21
NIFTY,2026-10-27,25600.0,PE,1990.0,2080.0,1990.0,2029.0,2049.8,16,28741511.5,1365,780,2026-09-21
NIFTY,2026-10-27,25200.0,PE,1531.4,1695.05,1531.4,1611.05,1677.23,3,5228437.5,13390,130,2026-09-21
NIFTY,2026-10-27,25000.0,PE,1500.05,1518.2,1425.25,1446.75,1446.75,1764,3035575747.75,755430,63570,2026-09-21
NIFTY,2026-10-27,24850.0,PE,0.0,0.0,0.0,1330.7,1367.1,0,0.0,1105,0,2026-09-21
NIFTY,2026-10-27,24800.0,PE,1305.0,1317.45,1234.45,1247.85,1247.85,71,120363139.0,169000,1950,2026-09-21
NIFTY,2026-10-27,24300.0,PE,869.4,869.4,782.0,791.65,791.65,151,246547434.25,140595,3835,2026-09-21
NIFTY,2026-10-27,23450.0,PE,305.8,305.85,251.85,260.25,260.25,644,993116923.5,72995,9880,2026-09-21
NIFTY,2026-10-27,23100.0,PE,187.5,189.95,148.2,153.15,153.15,4505,6811837136.0,305565,32240,2026-09-21
NIFTY,2026-10-27,22200.0,PE,41.0,51.1,39.15,39.8,39.8,4171,6030142014.0,233480,115115,2026-09-21
NIFTY,2026-10-27,22050.0,PE,42.0,42.05,31.95,32.65,32.65,355,509612356.5,15990,7215,2026-09-21
NIFTY,2026-10-19,23650.0,PE,0.0,0.0,0.0,680.7,476.94,0,0.0,0,0,2026-09-21
NIFTY,2026-10-19,23200.0,PE,178.75,185.0,151.1,153.0,153.0,45,68344126.5,2275,1560,2026-09-21
NIFTY,2026-10-19,22750.0,PE,0.0,0.0,0.0,239.3,129.57,0,0.0,0,0,2026-09-21
NIFTY,2026-10-19,22400.0,PE,0.0,0.0,0.0,141.35,66.57,0,0.0,0,0,2026-09-21
NIFTY,2026-10-19,22250.0,PE,0.0,0.0,0.0,110.1,48.48,0,0.0,0,0,2026-09-21
NIFTY,2026-10-19,22000.0,PE,20.05,26.95,20.05,23.05,27.31,100,143153413.0,4160,3510,2026-09-21
NIFTY,2026-10-19,21400.0,PE,0.0,0.0,0.0,19.55,5.36,0,0.0,0,0,2026-09-21
NIFTY,2026-10-13,24850.0,PE,0.0,0.0,0.0,1394.2,1378.26,0,0.0,65,0,2026-09-21
NIFTY,2026-10-13,24700.0,PE,0.0,0.0,0.0,1075.5,1241.28,0,0.0,0,0,2026-09-21
NIFTY,2026-10-13,24150.0,PE,683.35,683.35,683.35,683.35,779.83,1,1614167.75,65,65,2026-09-21
NIFTY,2026-10-13,23500.0,PE,277.75,279.55,219.9,230.25,230.25,2310,3565797001.0,104910,52845,2026-09-21
NIFTY,2026-10-13,22850.0,PE,70.5,76.7,59.15,62.85,62.85,81,120659656.0,4225,585,2026-09-21
NIFTY,2026-10-13,22700.0,PE,61.05,62.4,44.15,46.65,46.65,2302,3403773577.75,93145,84370,2026-09-21
NIFTY,2026-10-13,22600.0,PE,48.2,48.2,36.3,37.65,37.65,389,572466820.25,15275,5785,2026-09-21
NIFTY,2026-10-13,22400.0,PE,29.4,32.7,25.0,26.25,26.25,783,1141455305.25,33930,-260,2026-09-21
NIFTY,2026-10-13,22300.0,PE,27.0,36.5,20.65,22.3,22.3,771,1118741539.5,46085,2925,2026-09-21
NIFTY,2026-10-06,25750.0,PE,0.0,0.0,0.0,1608.15,2273.46,0,0.0,0,0,2026-09-21
NIFTY,2026-10-06,25050.0,PE,0.0,0.0,0.0,1024.75,1580.75,0,0.0,0,0,2026-09-21
NIFTY,2026-10-06,25000.0,PE,1576.0,1579.7,1505.3,1520.0,1520.0,93,160412785.0,4680,4485,2026-09-21
NIFTY,2026-10-06,24700.0,PE,0.0,0.0,0.0,774.45,1243.76,0,0.0,0,0,2026-09-21
NIFTY,2026-10-06,24400.0,PE,995.0,995.0,995.0,995.0,968.22,2,3301350.0,130,130,2026-09-21
NIFTY,2026-10-06,23900.0,PE,520.0,520.0,457.9,466.1,466.1,85,134695918.5,4680,2535,2026-09-21
NIFTY,2026-10-06,23050.0,PE,93.4,97.25,60.4,63.5,63.5,1178,1770419147.25,38220,9555,2026-09-21
NIFTY,2026-10-06,22800.0,PE,51.85,56.1,32.0,34.1,34.1,9288,13786994204.75,169975,61750,2026-09-21
NIFTY,2026-10-06,22650.0,PE,35.15,36.9,22.95,24.05,24.05,687,1012605119.5,22555,15795,2026-09-21
NIFTY,2026-10-06,22500.0,PE,26.0,29.5,16.25,17.2,17.2,13018,19054752739.75,357110,141050,2026-09-21
NIFTY,2026-10-06,21750.0,PE,0.0,0.0,0.0,8.2,2.1,0,0.0,65,0,2026-09-21
NIFTY,2026-10-06,21650.0,PE,0.0,0.0,0.0,5.1,1.35,0,0.0,0,0,2026-09-21
NIFTY,2026-10-06,21550.0,PE,6.65,6.65,4.5,4.75,4.75,21,29422978.0,390,390,2026-09-21
NIFTY,2026-09-29,33000.0,PE,0.0,0.0,0.0,6552.15,9542.84,0,0.0,0,0,2026-09-21
NIFTY,2026-09-29,27150.0,PE,0.0,0.0,0.0,2959.15,3700.44,0,0.0,0,0,2026-09-21
NIFTY,2026-09-29,25700.0,PE,0.0,0.0,0.0,2349.15,2252.32,0,0.0,11960,0,2026-09-21
NIFTY,2026-09-29,25650.0,PE,0.0,0.0,0.0,1016.85,2202.39,0,0.0,65,0,2026-09-21
NIFTY,2026-09-29,24950.0,PE,0.0,0.0,0.0,1568.2,1503.97,0,0.0,4745,0,2026-09-21
NIFTY,2026-09-29,24750.0,PE,1350.0,1350.0,1303.1,1303.1,1305.51,3,5086451.5,26650,-195,2026-09-21
NIFTY,2026-09-29,23400.0,PE,165.25,175.65,110.4,119.65,119.65,191206,292508870410.25,3885960,1454310,2026-09-21
NIFTY,2026-09-29,22600.0,PE,14.8,14.8,8.7,10.1,10.1,68221,100260454073.0,1734265,341640,2026-09-21
NIFTY,2026-09-29,22550.0,PE,11.95,12.3,8.0,9.35,9.35,17230,25264984475.25,435110,97240,2026-09-21
NIFTY,2026-09-29,21950.0,PE,5.0,5.05,4.2,4.65,4.65,4554,6498765256.75,182455,-3510,2026-09-21
NIFTY,2026-09-29,21000.0,PE,2.9,2.9,2.3,2.45,2.45,85276,116415281563.75,6166810,2474550,2026-09-21
NIFTY,2026-09-22,25750.0,PE,0.0,0.0,0.0,1525.75,2331.52,0,0.0,0,0,2026-09-21
NIFTY,2026-09-22,25200.0,PE,1802.9,1808.25,1750.0,1750.0,1781.61,25,43816529.25,2275,-1625,2026-09-21
NIFTY,2026-09-22,24150.0,PE,749.6,783.7,690.0,702.0,731.78,86,139146442.5,19760,-4355,2026-09-21
NIFTY,2026-09-22,22800.0,PE,4.15,4.8,2.5,3.3,3.3,1114746,1652279206331.0,8915790,1707550,2026-09-21
NIFTY,2026-09-22,22700.0,PE,2.95,3.65,2.05,2.7,2.7,1090718,1609536217194.75,7307170,1000220,2026-09-21
NIFTY,2026-09-22,22350.0,PE,1.85,2.15,1.3,1.65,1.65,247566,359677820177.0,1835145,189865,2026-09-21
NIFTY,2026-09-22,21350.0,PE,0.8,1.15,0.3,0.45,0.45,246883,342620614147.5,4662970,-1669200,2026-09-21
NIFTY,2031-06-24,27000.0,CE,0.0,0.0,0.0,5699.0,4996.83,0,0.0,0,0,2026-09-21
NIFTY,2030-12-31,21000.0,CE,0.0,0.0,0.0,10552.5,7784.26,0,0.0,0,0,2026-09-21
NIFTY,2029-12-24,30000.0,CE,1694.95,1694.95,1694.95,1694.95,1694.95,4,8240687.0,9380,130,2026-09-21
NIFTY,2029-12-24,25500.0,CE,0.0,0.0,0.0,6500.6,4062.12,0,0.0,0,0,2026-09-21
NIFTY,2029-06-26,27000.0,CE,0.0,0.0,0.0,6570.4,2801.9,0,0.0,0,0,2026-09-21
NIFTY,2028-12-26,16500.0,CE,0.0,0.0,0.0,12176.65,9152.08,0,0.0,0,0,2026-09-21
NIFTY,2027-03-30,22500.0,CE,1840.0,1893.15,1830.1,1880.45,1880.45,201,318228560.0,176540,8125,2026-09-21
NIFTY,2026-12-29,34500.0,CE,0.0,0.0,0.0,5.35,0.0,0,0.0,1560,0,2026-09-21
NIFTY,2026-12-29,18000.0,CE,5650.0,5650.0,5650.0,5650.0,5721.33,1,1537250.0,2340,65,2026-09-21
NIFTY,2026-11-23,26000.0,CE,16.5,16.8,14.3,15.6,15.6,1071,1811074804.5,283595,17030,2026-09-21
NIFTY,2026-11-23,25950.0,CE,0.0,0.0,0.0,332.85,59.1,0,0.0,0,0,2026-09-21
NIFTY,2026-11-23,24950.0,CE,0.0,0.0,0.0,670.25,189.29,0,0.0,0,0,2026-09-21
NIFTY,2026-11-23,23850.0,CE,309.0,309.6,297.5,309.6,309.6,36,56523756.25,9230,520,2026-09-21
NIFTY,2026-11-23,23000.0,CE,800.0,860.75,796.3,841.85,841.85,460,712580232.0,203320,11115,2026-09-21
NIFTY,2026-11-23,22650.0,CE,0.0,0.0,0.0,2156.8,1236.69,0,0.0,0,0,2026-09-21
NIFTY,2026-10-27,26350.0,CE,0.0,0.0,0.0,8.0,5.13,0,0.0,520,0,2026-09-21
NIFTY,2026-10-27,26250.0,CE,0.0,0.0,0.0,4.55,6.37,0,0.0,325,0,2026-09-21
NIFTY,2026-10-27,25200.0,CE,10.45,11.45,8.1,10.2,10.2,794,1301095276.0,174460,1885,2026-09-21
NIFTY,2026-10-27,24550.0,CE,31.8,32.1,28.15,30.45,30.45,547,873954276.0,48295,3315,2026-09-21
NIFTY,2026-10-27,23150.0,CE,536.0,577.45,536.0,560.3,560.3,49,75523896.5,4550,780,2026-09-21
NIFTY,2026-10-27,22750.0,CE,0.0,0.0,0.0,850.35,967.53,0,0.0,1105,0,2026-09-21
NIFTY,2026-10-27,22450.0,CE,0.0,0.0,0.0,2042.45,1203.63,0,0.0,0,0,2026-09-21
NIFTY,2026-10-27,22250.0,CE,0.0,0.0,0.0,1265.4,1372.63,0,0.0,13130,0,2026-09-21
NIFTY,2026-10-27,22000.0,CE,1506.0,1583.35,1500.05,1565.2,1565.2,380,581361335.75,112320,5915,2026-09-21
NIFTY,2026-10-19,24950.0,CE,0.0,0.0,0.0,37.6,43.41,0,0.0,0,0,2026-09-21
NIFTY,2026-10-19,24350.0,CE,0.0,0.0,0.0,104.05,127.19,0,0.0,0,0,2026-09-21
NIFTY,2026-10-19,23100.0,CE,0.0,0.0,0.0,522.3,648.49,0,0.0,0,0,2026-09-21
NIFTY,2026-10-19,21700.0,CE,0.0,0.0,0.0,1575.5,1825.46,0,0.0,0,0,2026-09-21
NIFTY,2026-10-13,23500.0,CE,214.9,244.35,208.7,229.4,229.4,4400,6786018768.75,147615,80405,2026-09-21
NIFTY,2026-10-13,23050.0,CE,0.0,0.0,0.0,493.1,625.29,0,0.0,65,0,2026-09-21
NIFTY,2026-10-13,22450.0,CE,0.0,0.0,0.0,1379.8,1096.74,0,0.0,0,0,2026-09-21
NIFTY,2026-10-13,22150.0,CE,0.0,0.0,0.0,1647.3,1367.88,0,0.0,0,0,2026-09-21
NIFTY,2026-10-13,21900.0,CE,0.0,0.0,0.0,1879.7,1604.49,0,0.0,0,0,2026-09-21
NIFTY,2026-10-06,25700.0,CE,2.0,2.45,1.2,1.9,1.9,90,150356823.5,7995,2470,2026-09-21
NIFTY,2026-10-06,23850.0,CE,50.45,56.15,43.6,48.45,48.45,2012,3125504447.0,76830,41210,2026-09-21
NIFTY,2026-10-06,23200.0,CE,326.0,382.0,319.6,363.2,363.2,1267,1939463126.25,93535,-2275,2026-09-21
NIFTY,2026-10-06,22050.0,CE,0.0,0.0,0.0,2147.1,1425.02,0,0.0,0,0,2026-09-21
NIFTY,2026-10-06,21700.0,CE,0.0,0.0,0.0,2486.95,1768.8,0,0.0,0,0,2026-09-21
NIFTY,2026-09-29,26850.0,CE,0.0,0.0,0.0,0.8,0.0,0,0.0,3380,0,2026-09-21
NIFTY,2026-09-29,25300.0,CE,1.05,1.55,1.05,1.45,1.45,6186,10173416844.5,708825,-22815,2026-09-21
NIFTY,2026-09-29,25250.0,CE,1.45,1.65,0.75,1.1,1.1,646,1060299600.75,58695,13975,2026-09-21
NIFTY,2026-09-29,25050.0,CE,1.8,1.8,1.4,1.55,1.55,2554,4158811478.25,84370,5915,2026-09-21
NIFTY,2026-09-29,24250.0,CE,4.45,4.8,3.6,4.4,4.4,20553,32402227438.75,567255,29575,2026-09-21
NIFTY,2026-09-29,23650.0,CE,51.5,64.4,42.7,53.75,53.75,54857,84515791789.0,1025310,392145,2026-09-21
NIFTY,2026-09-29,23500.0,CE,94.1,127.6,90.0,110.95,110.95,229731,352509715662.0,5642065,621920,2026-09-21
NIFTY,2026-09-29,23450.0,CE,122.45,156.9,111.0,136.9,136.9,74369,113997527462.0,938665,382135,2026-09-21
NIFTY,2026-09-29,23400.0,CE,126.5,185.0,126.45,164.6,164.6,217057,332342543078.0,4008485,899405,2026-09-21
NIFTY,2026-09-29,23200.0,CE,267.85,328.85,256.05,304.2,304.2,37222,56826560745.5,1449500,-162695,2026-09-21
NIFTY,2026-09-29,22350.0,CE,0.0,0.0,0.0,1150.0,1097.36,0,0.0,130,0,2026-09-21
NIFTY,2026-09-29,22300.0,CE,1119.3,1119.3,1086.5,1086.5,1146.36,4,6082622.0,1430,-65,2026-09-21
NIFTY,2026-09-29,18000.0,CE,5439.0,5439.0,5432.05,5432.05,5437.68,2,3046618.25,845,-65,2026-09-21
NIFTY,2026-09-29,15000.0,CE,0.0,0.0,0.0,10499.3,8433.78,0,0.0,0,0,2026-09-21
NIFTY,2026-09-22,25150.0,CE,0.6,0.6,0.35,0.4,0.4,5074,8294867915.75,137215,-54080,2026-09-21
NIFTY,2026-09-22,24400.0,CE,0.8,0.85,0.45,0.55,0.55,199293,316087528718.0,2412735,-450775,2026-09-21
NIFTY,2026-09-22,23300.0,CE,103.0,187.9,100.05,164.8,164.8,2860049,4356876739400.25,3889340,-3530345,2026-09-21
NIFTY,2026-09-22,21700.0,CE,0.0,0.0,0.0,1543.8,1717.83,0,0.0,1560,0,2026-09-21
NIFTY,2026-09-22,21550.0,CE,0.0,0.0,0.0,2733.15,1867.8,0,0.0,0,0,2026-09-21
NIFTY,2030-12-31,33000.0,PE,0.0,0.0,0.0,2387.3,4097.97,0,0.0,0,0,2026-09-21
NIFTY,2030-12-31,27000.0,PE,0.0,0.0,0.0,779.5,1655.85,0,0.0,0,0,2026-09-21
NIFTY,2029-12-24,19500.0,PE,0.0,0.0,0.0,61.2,216.03,0,0.0,0,0,2026-09-21
NIFTY,2029-06-26,26000.0,PE,0.0,0.0,0.0,1650.0,1649.19,0,0.0,50,0,2026-09-21
NIFTY,2029-06-26,22500.0,PE,0.0,0.0,0.0,224.45,639.19,0,0.0,0,0,2026-09-21
NIFTY,2028-12-26,30000.0,PE,0.0,0.0,0.0,3080.0,3841.95,0,0.0,195,0,2026-09-21
NIFTY,2028-12-26,22500.0,PE,0.0,0.0,0.0,218.8,640.21,0,0.0,0,0,2026-09-21
NIFTY,2028-12-26,21000.0,PE,350.4,350.4,350.0,350.0,361.84,4,5551029.25,9490,195,2026-09-21
NIFTY,2027-06-29,33000.0,PE,0.0,0.0,0.0,4691.7,8036.44,0,0.0,0,0,2026-09-21
NIFTY,2027-12-28,19500.0,PE,0.0,0.0,0.0,29.25,111.89,0,0.0,0,0,2026-09-21
NIFTY,2026-10-06,21650.0,CE,0.0,0.0,0.0,2535.9,1818.34,0,0.0,0,0,2026-09-21
NIFTY,2026-10-06,21450.0,CE,0.0,0.0,0.0,2732.6,2017.03,0,0.0,0,0,2026-09-21
NIFTY,2026-09-29,30000.0,CE,0.6,0.65,0.4,0.55,0.55,260,507008125.0,262475,-6345,2026-09-21
NIFTY,2026-09-22,21600.0,CE,0.0,0.0,0.0,2683.95,1817.81,0,0.0,0,0,2026-09-21
NIFTY,2026-09-22,21750.0,CE,0.0,0.0,0.0,2536.8,1667.83,0,0.0,0,0,2026-09-21
NIFTY,2026-09-22,22300.0,CE,1065.0,1146.9,1065.0,1144.25,1144.25,15,22839459.5,7410,-975,2026-09-21
NIFTY,2026-09-22,23500.0,CE,24.5,52.2,18.55,35.9,35.9,7146984,10932563328547.25,11625445,2399280,2026-09-21
NIFTY,2026-09-22,25500.0,CE,0.6,0.65,0.25,0.35,0.35,33978,56319421704.0,560300,-352105,2026-09-21
NIFTY,2026-09-22,25550.0,CE,10.5,10.5,0.3,0.35,0.35,1279,2124136485.25,27820,1820,2026-09-21
NIFTY,2026-09-29,21850.0,CE,0.0,0.0,0.0,1480.0,1592.87,0,0.0,65,0,2026-09-21
NIFTY,2026-09-29,22000.0,CE,1401.05,1469.0,1377.05,1445.25,1445.25,574,873731820.0,762515,-21580,2026-09-21
NIFTY,2026-09-29,22450.0,CE,950.0,1010.0,950.0,1010.0,1000.15,2,3045900.0,195,130,2026-09-21
NIFTY,2026-09-29,22550.0,CE,882.0,891.0,882.0,891.0,904.34,2,3046745.0,520,0,2026-09-21
NIFTY,2026-09-29,22700.0,CE,700.0,780.0,688.0,754.65,754.65,686,1043821944.75,26975,5265,2026-09-21
NIFTY,2026-09-29,23150.0,CE,295.0,368.5,293.35,347.55,347.55,3180,4852333762.25,142935,-17290,2026-09-21
NIFTY,2026-09-29,24350.0,CE,3.75,4.1,3.15,3.8,3.8,9667,15302705717.0,555165,60710,2026-09-21
NIFTY,2026-09-29,24600.0,CE,2.9,2.9,1.75,2.45,2.45,27961,44714133626.5,1621100,413400,2026-09-21
NIFTY,2026-09-29,24650.0,CE,2.65,2.65,2.25,2.35,2.35,6492,10402809690.0,248820,71825,2026-09-21
NIFTY,2026-09-29,24750.0,CE,1.95,2.35,1.8,2.05,2.05,8512,13694826941.25,226460,13845,2026-09-21
NIFTY,2026-09-29,25000.0,CE,1.75,1.95,1.5,1.85,1.85,168138,273243753402.75,9703330,4317495,2026-09-21
NIFTY,2026-09-29,25450.0,CE,1.35,5.5,1.0,1.35,1.35,392,648506261.0,40950,520,2026-09-21
NIFTY,2026-09-29,25550.0,CE,1.05,1.5,1.05,1.3,1.3,167,277358900.0,43095,3575,2026-09-21
NIFTY,2026-09-29,25700.0,CE,1.35,1.4,0.9,1.1,1.1,1309,2186782812.5,202540,-13390,2026-09-21
NIFTY,2026-09-29,25900.0,CE,1.0,1.4,0.9,1.0,1.0,1190,2003443113.75,30550,-4615,2026-09-21
NIFTY,2026-09-29,26050.0,CE,1.1,1.35,0.75,0.8,0.8,67,113451698.75,8385,-195,2026-09-21
NIFTY,2026-09-29,26450.0,CE,0.0,0.0,0.0,2.4,0.0,0,0.0,2730,0,2026-09-21
NIFTY,2026-09-29,26750.0,CE,0.8,0.95,0.5,0.65,0.65,27,46947355.0,6955,1300,2026-09-21
NIFTY,2031-06-24,18000.0,PE,0.0,0.0,0.0,173.45,127.91,0,0.0,0,0,2026-09-21
NIFTY,2030-12-31,15000.0,PE,0.0,0.0,0.0,4.95,26.42,0,0.0,0,0,2026-09-21
NIFTY,2029-12-24,25000.0,PE,0.0,0.0,0.0,1250.0,1233.38,0,0.0,1265,0,2026-09-21
NIFTY,2029-06-26,19500.0,PE,0.0,0.0,0.0,56.0,203.3,0,0.0,0,0,2026-09-21
NIFTY,2029-06-26,18000.0,PE,0.0,0.0,0.0,118.45,97.12,0,0.0,0,0,2026-09-21
NIFTY,2029-06-26,16500.0,PE,0.0,0.0,0.0,8.1,39.99,0,0.0,0,0,2026-09-21
NIFTY,2028-12-26,31500.0,PE,0.0,0.0,0.0,2673.4,4811.77,0,0.0,0,0,2026-09-21
NIFTY,2028-12-26,24000.0,PE,0.0,0.0,0.0,922.0,1032.79,0,0.0,5135,0,2026-09-21
NIFTY,2028-06-27,27000.0,PE,0.0,0.0,0.0,2752.35,2370.15,0,0.0,0,0,2026-09-21
NIFTY,2028-06-27,15000.0,PE,0.0,0.0,0.0,127.2,4.56,0,0.0,0,0,2026-09-21
NIFTY,2027-06-29,27000.0,PE,0.0,0.0,0.0,1985.0,2805.78,0,0.0,130,0,2026-09-21
NIFTY,2027-06-29,18000.0,PE,0.0,0.0,0.0,37.1,11.77,0,0.0,230,0,2026-09-21
NIFTY,2027-03-30,18000.0,PE,38.55,40.8,38.0,39.5,39.5,237,277894815.25,41795,7345,2026-09-21
NIFTY,2026-12-29,22000.0,PE,130.0,130.0,107.35,112.1,112.1,7374,10600442069.75,2533430,80340,2026-09-21
NIFTY,2026-12-29,19000.0,PE,23.25,26.75,22.9,25.05,25.05,1439,1779563097.0,754040,34550,2026-09-21
NIFTY,2026-11-23,25700.0,PE,0.0,0.0,0.0,1890.0,2086.7,0,0.0,65,0,2026-09-21
NIFTY,2026-11-23,23650.0,PE,453.0,453.0,400.0,405.85,405.85,19,29731022.75,10790,130,2026-09-21
NIFTY,2026-11-23,23450.0,PE,352.55,352.55,316.25,326.05,326.05,113,174641405.25,11700,4940,2026-09-21
NIFTY,2026-11-23,22700.0,PE,164.3,164.3,135.0,136.7,136.7,637,945916419.5,71175,5590,2026-09-21
NIFTY,2026-10-27,25950.0,PE,0.0,0.0,0.0,1842.3,2385.88,0,0.0,0,0,2026-09-21
NIFTY,2026-10-27,25350.0,PE,1700.0,1700.0,1700.0,1700.0,1815.1,2,3516500.0,390,130,2026-09-21
NIFTY,2026-10-27,23500.0,PE,325.1,334.35,270.0,281.2,281.2,28441,43994616906.5,2349880,681980,2026-09-21
NIFTY,2026-10-27,22300.0,PE,55.7,58.0,44.25,45.2,45.2,5171,7511523402.5,508300,89310,2026-09-21
NIFTY,2026-10-19,25050.0,PE,0.0,0.0,0.0,1825.8,1557.59,0,0.0,0,0,2026-09-21
NIFTY,2026-10-19,24900.0,PE,0.0,0.0,0.0,1686.55,1420.53,0,0.0,0,0,2026-09-21
NIFTY,2026-10-19,24500.0,PE,0.0,0.0,0.0,1329.5,1073.56,0,0.0,0,0,2026-09-21
NIFTY,2026-10-19,22800.0,PE,92.2,92.2,73.05,74.85,74.85,84,124949620.25,3120,1430,2026-09-21
NIFTY,2026-10-19,22600.0,PE,0.0,0.0,0.0,192.6,98.59,0,0.0,0,0,2026-09-21
NIFTY,2026-10-19,21900.0,PE,0.0,0.0,0.0,57.8,21.35,0,0.0,0,0,2026-09-21
NIFTY,2026-10-19,21750.0,PE,0.0,0.0,0.0,43.95,14.49,0,0.0,130,0,2026-09-21
NIFTY,2026-10-19,21650.0,PE,0.0,0.0,0.0,34.5,11.05,0,0.0,0,0,2026-09-21
NIFTY,2026-10-06,24850.0,PE,0.0,0.0,0.0,877.55,1386.74,0,0.0,0,0,2026-09-21
NIFTY,2026-10-06,24450.0,PE,0.0,0.0,0.0,617.35,1012.91,0,0.0,0,0,2026-09-21
NIFTY,2026-10-06,23950.0,PE,570.0,570.0,504.3,507.6,507.6,8,12725969.75,1560,-130,2026-09-21
NIFTY,2026-10-06,23700.0,PE,362.05,370.65,297.15,314.55,314.55,1194,1863972711.25,37375,15340,2026-09-21
NIFTY,2026-10-06,22350.0,PE,19.55,19.55,11.0,13.4,13.4,373,542212190.0,14430,5785,2026-09-21
NIFTY,2026-10-06,22050.0,PE,11.9,11.9,8.8,9.65,9.65,4,5735502.5,4160,65,2026-09-21
NIFTY,2026-09-29,26550.0,PE,0.0,0.0,0.0,2431.75,3101.21,0,0.0,0,0,2026-09-21
NIFTY,2026-09-29,26400.0,PE,3002.0,3002.0,2970.0,2970.0,2951.41,6,11458460.0,2990,-390,2026-09-21
NIFTY,2026-09-29,26350.0,PE,0.0,0.0,0.0,2262.9,2901.47,0,0.0,0,0,2026-09-21
NIFTY,2026-09-29,26150.0,PE,0.0,0.0,0.0,1720.0,2701.73,0,0.0,65,0,2026-09-21
NIFTY,2026-09-29,24550.0,PE,1145.0,1158.9,1065.15,1083.65,1108.97,79,131705892.5,47125,1430,2026-09-21
NIFTY,2026-09-29,24000.0,PE,632.4,645.95,534.2,561.25,561.25,15700,25087908436.5,5513050,78260,2026-09-21
NIFTY,2026-09-29,23550.0,PE,242.2,263.6,179.85,193.25,193.25,8760,13529049339.0,206180,70460,2026-09-21
NIFTY,2026-09-29,23500.0,PE,195.2,231.05,153.1,165.55,165.55,113426,174581601051.0,4941170,366405,2026-09-21
NIFTY,2026-09-29,21500.0,PE,3.8,3.8,2.75,3.15,3.15,49379,69017192305.75,1902160,823355,2026-09-21
NIFTY,2026-09-22,25950.0,PE,0.0,0.0,0.0,1703.35,2531.48,0,0.0,0,0,2026-09-21
NIFTY,2026-09-22,25700.0,PE,0.0,0.0,0.0,1482.25,2281.52,0,0.0,0,0,2026-09-21
NIFTY,2026-09-22,25650.0,PE,0.0,0.0,0.0,2400.0,2231.53,0,0.0,520,0,2026-09-21
NIFTY,2026-09-22,24850.0,PE,0.0,0.0,0.0,818.9,1431.66,0,0.0,0,0,2026-09-21
NIFTY,2026-09-22,24650.0,PE,1262.0,1262.0,1200.0,1205.0,1231.7,73,122821981.75,1885,-3185,2026-09-21
NIFTY,2026-09-22,24600.0,PE,1200.0,1230.0,1145.95,1161.4,1161.4,398,666965042.25,26325,-19825,2026-09-21
NIFTY,2026-09-22,24450.0,PE,1129.7,1129.7,999.7,1005.55,1005.55,124,205294735.75,8255,-4095,2026-09-21
NIFTY,2026-09-22,24400.0,PE,1051.75,1051.75,943.5,958.45,958.45,1155,1905807725.25,52390,-60840,2026-09-21
NIFTY,2026-09-22,23950.0,PE,583.6,598.95,485.9,508.8,508.8,684,1088892265.5,65910,-9100,2026-09-21
NIFTY,2026-09-22,23350.0,PE,89.0,89.5,28.25,32.2,32.2,5515788,8388884763018.5,10091640,4948580,2026-09-21
NIFTY,2026-09-22,22550.0,PE,2.45,2.65,1.6,2.1,2.1,515990,756381327081.25,1970410,162565,2026-09-21
NIFTY,2026-09-22,22500.0,PE,2.35,2.5,1.55,2.0,2.0,1363091,1993693783734.25,12475710,3453190,2026-09-21
NIFTY,2026-09-22,22050.0,PE,1.1,1.75,0.95,1.2,1.2,92851,133086220611.5,388635,-329290,2026-09-21
NIFTY,2030-12-31,27000.0,CE,0.0,0.0,0.0,6772.8,4486.04,0,0.0,0,0,2026-09-21
NIFTY,2030-12-31,22500.0,CE,0.0,0.0,0.0,9536.95,6853.8,0,0.0,0,0,2026-09-21
NIFTY,2030-06-25,33000.0,CE,0.0,0.0,0.0,4416.45,1887.19,0,0.0,0,0,2026-09-21
NIFTY,2030-06-25,24000.0,CE,0.0,0.0,0.0,8591.55,5425.92,0,0.0,0,0,2026-09-21
NIFTY,2028-12-26,30000.0,CE,0.0,0.0,0.0,814.0,1270.49,0,0.0,21900,0,2026-09-21
NIFTY,2028-12-26,28500.0,CE,0.0,0.0,0.0,3608.65,1694.79,0,0.0,0,0,2026-09-21
NIFTY,2028-12-26,28000.0,CE,1450.0,1450.0,1450.0,1450.0,1859.57,1,1914250.0,10085,0,2026-09-21
NIFTY,2028-12-26,25500.0,CE,0.0,0.0,0.0,3800.0,2879.54,0,0.0,0,0,2026-09-21
NIFTY,2028-12-26,24000.0,CE,3509.0,3509.0,3500.1,3500.1,3658.48,4,7151761.5,2535,260,2026-09-21
NIFTY,2028-12-26,18000.0,CE,0.0,0.0,0.0,9380.3,7903.68,0,0.0,0,0,2026-09-21
NIFTY,2028-06-27,15000.0,CE,0.0,0.0,0.0,8633.05,10008.67,0,0.0,0,0,2026-09-21
NIFTY,2027-12-28,24000.0,CE,1997.35,2021.65,1990.0,2000.0,2326.83,73,123378862.75,143195,1495,2026-09-21
NIFTY,2027-06-29,30000.0,CE,78.0,78.0,78.0,78.0,121.42,1,1955070.0,325,65,2026-09-21
NIFTY,2026-12-29,26000.0,CE,45.2,45.65,40.7,42.35,42.35,8153,13801197007.0,4279825,31600,2026-09-21
NIFTY,2026-12-29,25000.0,CE,133.45,140.25,128.15,130.65,130.65,7280,11892392167.5,3335290,12800,2026-09-21
NIFTY,2026-11-23,25500.0,CE,22.95,23.5,20.9,21.75,21.75,2229,3697748873.0,383305,31850,2026-09-21
NIFTY,2026-11-23,24900.0,CE,0.0,0.0,0.0,691.9,199.49,0,0.0,0,0,2026-09-21
NIFTY,2026-11-23,24650.0,CE,84.65,84.65,79.1,79.4,79.4,61,98058041.25,13650,1040,2026-09-21
NIFTY,2026-11-23,24450.0,CE,121.05,121.05,112.0,116.85,116.85,98,156490665.5,9425,-1560,2026-09-21
NIFTY,2026-11-23,23900.0,CE,282.55,298.9,278.0,288.15,288.15,348,547084544.5,37830,5005,2026-09-21
NIFTY,2026-11-23,23700.0,CE,376.75,393.0,364.7,383.9,383.9,272,425717210.75,40495,7280,2026-09-21
NIFTY,2026-11-23,22450.0,CE,0.0,0.0,0.0,1210.65,1386.26,0,0.0,260,0,2026-09-21
NIFTY,2026-11-23,21750.0,CE,0.0,0.0,0.0,2952.95,1969.63,0,0.0,0,0,2026-09-21
NIFTY,2026-11-23,21450.0,CE,0.0,0.0,0.0,3232.9,2240.55,0,0.0,0,0,2026-09-21
NIFTY,2026-10-27,26700.0,CE,0.0,0.0,0.0,2.85,2.32,0,0.0,390,0,2026-09-21
NIFTY,2026-10-27,26100.0,CE,4.95,4.95,4.1,4.1,8.76,40,67871235.25,1885,260,2026-09-21
NIFTY,2026-10-27,25800.0,CE,5.9,6.4,4.6,5.4,5.4,1344,2254338583.25,73515,33280,2026-09-21
NIFTY,2026-10-27,25600.0,CE,7.55,8.25,6.0,6.5,6.5,346,575892736.25,43940,1820,2026-09-21
NIFTY,2026-10-27,25500.0,CE,6.95,9.0,6.55,7.15,7.15,5307,8798776441.0,763490,-2015,2026-09-21
NIFTY,2026-10-27,25300.0,CE,9.8,9.8,7.3,8.65,8.65,575,945907872.0,47775,3185,2026-09-21
NIFTY,2026-10-27,25100.0,CE,12.1,12.4,10.7,11.3,11.3,966,1576736528.25,146315,-18395,2026-09-21
NIFTY,2026-10-27,23950.0,CE,128.15,137.3,123.65,131.1,131.1,558,873402868.0,71695,-5655,2026-09-21
NIFTY,2026-10-27,22550.0,CE,0.0,0.0,0.0,974.05,1122.44,0,0.0,1690,0,2026-09-21
NIFTY,2026-10-27,21750.0,CE,0.0,0.0,0.0,2639.9,1825.14,0,0.0,0,0,2026-09-21
NIFTY,2026-10-19,24750.0,CE,0.0,0.0,0.0,53.75,63.52,0,0.0,0,0,2026-09-21
NIFTY,2026-10-19,23350.0,CE,345.0,375.5,345.0,375.5,375.5,8,12333662.25,1105,65,2026-09-21
NIFTY,2026-10-19,23200.0,CE,0.0,0.0,0.0,434.0,585.41,0,0.0,65,0,2026-09-21
NIFTY,2026-10-19,22700.0,CE,0.0,0.0,0.0,765.55,935.86,0,0.0,0,0,2026-09-21
NIFTY,2026-10-19,22150.0,CE,0.0,0.0,0.0,1182.0,1403.64,0,0.0,0,0,2026-09-21
NIFTY,2026-10-19,21550.0,CE,0.0,0.0,0.0,1714.0,1970.45,0,0.0,0,0,2026-09-21
NIFTY,2026-10-19,21500.0,CE,0.0,0.0,0.0,1760.75,2019.1,0,0.0,0,0,2026-09-21
NIFTY,2026-10-13,24900.0,CE,0.0,0.0,0.0,110.75,27.81,0,0.0,0,0,2026-09-21
NIFTY,2026-10-13,24850.0,CE,0.0,0.0,0.0,119.25,31.22,0,0.0,0,0,2026-09-21
NIFTY,2026-10-13,24550.0,CE,0.0,0.0,0.0,183.05,60.17,0,0.0,0,0,2026-09-21
NIFTY,2026-10-13,24050.0,CE,48.0,50.6,42.1,47.2,47.2,215,336762071.75,13715,2145,2026-09-21
NIFTY,2026-10-13,23100.0,CE,0.0,0.0,0.0,479.9,591.74,0,0.0,1820,0,2026-09-21
NIFTY,2026-10-13,22800.0,CE,0.0,0.0,0.0,726.0,807.55,0,0.0,260,0,2026-09-21
NIFTY,2026-10-13,22750.0,CE,0.0,0.0,0.0,1129.3,846.63,0,0.0,0,0,2026-09-21
NIFTY,2026-10-13,22200.0,CE,0.0,0.0,0.0,1601.7,1321.56,0,0.0,0,0,2026-09-21
NIFTY,2026-10-13,22100.0,CE,0.0,0.0,0.0,1693.15,1414.58,0,0.0,0,0,2026-09-21
NIFTY,2026-10-06,25500.0,CE,2.6,2.7,1.55,1.85,1.85,563,933238159.75,60580,14690,2026-09-21
NIFTY,2026-10-06,25000.0,CE,3.05,3.85,2.3,2.9,2.9,2815,4574880154.0,137800,36400,2026-09-21
NIFTY,2026-10-06,24450.0,CE,0.0,0.0,0.0,364.35,36.73,0,0.0,0,0,2026-09-21
NIFTY,2026-10-06,24350.0,CE,0.0,0.0,0.0,406.45,47.7,0,0.0,0,0,2026-09-21
NIFTY,2026-10-06,24300.0,CE,10.65,11.25,5.1,9.65,9.65,8205,12964966504.75,236405,89700,2026-09-21
NIFTY,2026-10-06,24250.0,CE,12.0,13.15,9.95,11.35,11.35,762,1201666934.0,47320,24180,2026-09-21
NIFTY,2026-10-06,23150.0,CE,370.95,408.9,362.2,402.15,402.15,38,58137430.0,7735,-260,2026-09-21
NIFTY,2026-10-06,22450.0,CE,0.0,0.0,0.0,1769.15,1046.53,0,0.0,0,0,2026-09-21
NIFTY,2026-10-06,22150.0,CE,0.0,0.0,0.0,2051.3,1328.39,0,0.0,0,0,2026-09-21
NIFTY,2026-10-06,21750.0,CE,0.0,0.0,0.0,2438.05,1719.34,0,0.0,0,0,2026-09-21
NIFTY,2026-10-13,24800.0,PE,0.0,0.0,0.0,1155.2,1332.21,0,0.0,0,0,2026-09-21
NIFTY,2026-10-19,21350.0,PE,17.85,17.85,17.85,17.85,4.6,1,1388910.25,130,65,2026-09-21
NIFTY,2026-10-19,22850.0,PE,0.0,0.0,0.0,274.5,154.81,0,0.0,0,0,2026-09-21
NIFTY,2026-10-19,23550.0,PE,260.65,260.65,260.65,260.65,423.27,1,1547692.25,65,65,2026-09-21
NIFTY,2026-10-19,23850.0,PE,0.0,0.0,0.0,815.85,595.6,0,0.0,0,0,2026-09-21
NIFTY,2026-10-27,23400.0,PE,286.6,290.5,232.25,242.3,242.3,9794,15060812955.5,550290,169260,2026-09-21
NIFTY,2026-10-27,23600.0,PE,372.35,380.5,312.2,323.65,323.65,3732,5806866123.5,342355,108225,2026-09-21
NIFTY,2026-10-27,23650.0,PE,404.75,404.75,345.3,348.15,348.15,37,57771623.0,29445,-845,2026-09-21
NIFTY,2026-10-27,24200.0,PE,763.5,772.4,691.75,709.4,709.4,798,1292846015.5,235105,21190,2026-09-21
NIFTY,2026-10-27,24650.0,PE,0.0,0.0,0.0,1269.3,1199.1,0,0.0,3705,0,2026-09-21
NIFTY,2026-10-27,24700.0,PE,1184.95,1194.75,1143.15,1151.15,1151.15,138,231990294.25,126230,1625,2026-09-21
NIFTY,2026-10-27,24950.0,PE,0.0,0.0,0.0,1390.55,1453.81,0,0.0,3835,0,2026-09-21
NIFTY,2026-10-27,26550.0,PE,0.0,0.0,0.0,2330.1,2973.47,0,0.0,0,0,2026-09-21
NIFTY,2026-10-27,26850.0,PE,0.0,0.0,0.0,2588.1,3269.95,0,0.0,0,0,2026-09-21
NIFTY,2026-10-27,27150.0,PE,0.0,0.0,0.0,2853.65,3567.23,0,0.0,0,0,2026-09-21
NIFTY,2026-10-27,27200.0,PE,3600.0,3666.0,3600.0,3666.0,3616.83,3,6013150.0,195,195,2026-09-21
NIFTY,2026-11-23,21550.0,PE,0.0,0.0,0.0,34.3,50.32,0,0.0,0,0,2026-09-21
NIFTY,2026-11-23,22000.0,PE,85.0,85.0,60.7,62.75,62.75,4973,7132763134.25,385840,67145,2026-09-21
NIFTY,2026-11-23,23800.0,PE,496.4,527.95,464.05,470.6,470.6,153,241652781.5,91520,130,2026-09-21
NIFTY,2026-11-23,24000.0,PE,642.05,643.95,571.45,587.8,587.8,1000,1599366739.75,254345,1235,2026-09-21
NIFTY,2026-11-23,24500.0,PE,987.0,1000.0,921.0,938.35,938.35,248,410620466.75,247910,1235,2026-09-21
NIFTY,2026-11-23,24600.0,PE,1020.1,1020.1,1005.0,1014.65,1014.65,6,9988189.25,845,-130,2026-09-21
NIFTY,2026-11-23,24900.0,PE,0.0,0.0,0.0,1365.0,1414.19,0,0.0,1040,0,2026-09-21
NIFTY,2026-11-23,25300.0,PE,0.0,0.0,0.0,1121.6,1739.47,0,0.0,0,0,2026-09-21
NIFTY,2026-12-29,23000.0,PE,289.0,289.0,254.0,259.7,259.7,6706,10143870844.25,3280790,72645,2026-09-21
NIFTY,2026-12-29,30000.0,PE,6000.0,6067.6,5974.35,6001.3,6001.3,85,199059724.5,387435,910,2026-09-21
NIFTY,2027-03-30,24000.0,PE,699.9,700.1,641.85,647.6,647.6,1476,2367303022.5,738270,-5785,2026-09-21
NIFTY,2027-06-29,22500.0,PE,371.7,371.7,348.0,351.05,351.05,5,7427933.5,2405,260,2026-09-21
NIFTY,2027-12-28,25000.0,PE,1119.95,1119.95,1072.0,1081.45,1081.45,114,193373709.75,225355,1560,2026-09-21
NIFTY,2027-12-28,26000.0,PE,1537.05,1548.1,1501.5,1502.65,1502.65,44,78717834.0,93215,1365,2026-09-21
NIFTY,2028-06-27,33000.0,PE,0.0,0.0,0.0,3707.8,6465.58,0,0.0,0,0,2026-09-21
NIFTY,2028-12-26,23000.0,PE,0.0,0.0,0.0,722.0,757.73,0,0.0,2845,0,2026-09-21
NIFTY,2028-12-26,26000.0,PE,0.0,0.0,0.0,1468.0,1754.93,0,0.0,6940,0,2026-09-21
NIFTY,2029-06-26,25500.0,PE,0.0,0.0,0.0,624.25,1468.39,0,0.0,0,0,2026-09-21
NIFTY,2029-06-26,27000.0,PE,0.0,0.0,0.0,1252.35,2047.0,0,0.0,0,0,2026-09-21
NIFTY,2029-06-26,30000.0,PE,0.0,0.0,0.0,2031.05,3514.48,0,0.0,0,0,2026-09-21
NIFTY,2029-12-24,24000.0,PE,0.0,0.0,0.0,755.0,961.49,0,0.0,520,0,2026-09-21
NIFTY,2029-12-24,33000.0,PE,0.0,0.0,0.0,2953.7,4877.2,0,0.0,0,0,2026-09-21
NIFTY,2026-10-06,24050.0,PE,660.1,660.1,602.1,602.1,674.91,12,19233409.0,325,130,2026-09-21
NIFTY,2026-10-06,23800.0,PE,438.05,446.0,371.0,386.25,386.25,383,602739514.0,22425,6175,2026-09-21
NIFTY,2026-10-06,23550.0,PE,270.0,273.0,214.05,224.85,224.85,412,636841520.25,11700,5200,2026-09-21
NIFTY,2026-10-06,23400.0,PE,197.9,210.2,147.75,156.05,156.05,13253,20306505960.0,312325,141635,2026-09-21
NIFTY,2026-10-06,22550.0,PE,30.2,30.2,17.9,19.3,19.3,390,572175045.0,18525,8710,2026-09-21
NIFTY,2026-10-06,22200.0,PE,13.55,14.4,10.25,11.15,11.15,3472,5012623070.0,144105,79820,2026-09-21
NIFTY,2026-09-29,25950.0,PE,0.0,0.0,0.0,1299.0,2501.99,0,0.0,65,0,2026-09-21
NIFTY,2026-09-29,25450.0,PE,2045.0,2045.0,2000.0,2000.0,2002.68,2,3571425.0,585,-130,2026-09-21
NIFTY,2026-09-29,25400.0,PE,2000.0,2000.0,1939.45,1952.6,1952.6,74,131692756.0,22360,-3120,2026-09-21
NIFTY,2026-09-29,25200.0,PE,1805.0,1805.0,1748.0,1750.5,1750.5,71,124444414.25,77545,-1430,2026-09-21
NIFTY,2026-09-29,24650.0,PE,1245.0,1245.0,1190.0,1205.0,1205.0,27,45377748.0,34775,-65,2026-09-21
NIFTY,2026-09-29,24500.0,PE,1130.05,1137.15,1028.3,1053.1,1053.1,6848,11384260797.0,2766465,-130650,2026-09-21
NIFTY,2026-09-29,24300.0,PE,900.0,935.0,830.0,855.5,855.5,3273,5358737826.0,2849990,-102895,2026-09-21
NIFTY,2026-09-29,21750.0,PE,3.65,4.05,3.5,3.75,3.75,2832,4004426318.75,47645,6890,2026-09-21
NIFTY,2026-09-29,21400.0,PE,3.35,3.4,2.55,2.9,2.9,11079,15412985578.25,315705,111930,2026-09-21
NIFTY,2026-09-29,19500.0,PE,1.4,1.6,1.05,1.3,1.3,4278,5422720000.75,1056965,27690,2026-09-21
NIFTY,2026-09-22,23850.0,PE,481.1,500.0,384.85,409.0,409.0,2011,3173063344.75,66430,-6240,2026-09-21
NIFTY,2026-09-22,23800.0,PE,428.0,454.0,336.2,359.55,359.55,21775,34223926103.25,349570,-109200,2026-09-21
NIFTY,2026-09-22,23600.0,PE,256.3,263.15,152.0,167.9,167.9,428322,662402397556.25,1206725,466960,2026-09-21
NIFTY,2026-09-22,22750.0,PE,3.75,4.0,2.25,2.95,2.95,708295,1047519810304.5,2679560,-1424995,2026-09-21
NIFTY,2026-09-22,21450.0,PE,0.8,1.15,0.35,0.55,0.55,40021,55801048007.25,703625,77740,2026-09-21
NIFTY,2031-06-24,25500.0,CE,0.0,0.0,0.0,6409.8,5713.76,0,0.0,0,0,2026-09-21
NIFTY,2031-06-24,19500.0,CE,0.0,0.0,0.0,9840.6,9220.16,0,0.0,0,0,2026-09-21
NIFTY,2030-06-25,27000.0,CE,0.0,0.0,0.0,6972.5,3922.07,0,0.0,0,0,2026-09-21
NIFTY,2029-06-26,16500.0,CE,0.0,0.0,0.0,12587.95,9606.88,0,0.0,0,0,2026-09-21
NIFTY,2028-06-27,33000.0,CE,0.0,0.0,0.0,2004.15,377.47,0,0.0,0,0,2026-09-21
NIFTY,2027-12-28,27000.0,CE,559.95,579.75,542.0,567.55,567.55,225,403121546.75,175125,5135,2026-09-21
NIFTY,2027-12-28,19500.0,CE,0.0,0.0,0.0,8684.7,5533.02,0,0.0,0,0,2026-09-21
NIFTY,2027-12-28,15000.0,CE,0.0,0.0,0.0,7931.05,9574.83,0,0.0,0,0,2026-09-21
NIFTY,2027-06-29,22500.0,CE,0.0,0.0,0.0,5539.6,2477.04,0,0.0,0,0,2026-09-21
NIFTY,2027-03-30,25500.0,CE,274.7,275.0,261.0,269.45,269.45,1498,2509097113.25,658775,11570,2026-09-21
NIFTY,2026-12-29,33000.0,CE,4.1,4.6,4.0,4.15,4.15,7,15016894.75,111995,-130,2026-09-21
NIFTY,2026-11-23,25050.0,CE,0.0,0.0,0.0,628.4,170.15,0,0.0,0,0,2026-09-21
NIFTY,2026-11-23,23050.0,CE,0.0,0.0,0.0,758.9,961.38,0,0.0,65,0,2026-09-21
NIFTY,2030-06-25,28500.0,PE,0.0,0.0,0.0,1167.6,2336.1,0,0.0,0,0,2026-09-21
NIFTY,2030-12-31,24000.0,PE,0.0,0.0,0.0,1000.0,874.35,0,0.0,520,0,2026-09-21
NIFTY,2031-06-24,19500.0,PE,0.0,0.0,0.0,289.2,227.07,0,0.0,0,0,2026-09-21
NIFTY,2026-11-23,22150.0,CE,0.0,0.0,0.0,1411.85,1626.45,0,0.0,195,0,2026-09-21
NIFTY,2026-11-23,21900.0,CE,0.0,0.0,0.0,2815.2,1838.23,0,0.0,0,0,2026-09-21
NIFTY,2026-11-23,21350.0,CE,0.0,0.0,0.0,3327.35,2332.89,0,0.0,0,0,2026-09-21
NIFTY,2026-10-27,26900.0,CE,2.45,2.7,2.1,2.35,2.35,143,250056758.25,30680,7865,2026-09-21
NIFTY,2026-10-27,26400.0,CE,2.15,3.6,2.15,3.55,4.59,17,29175828.5,1430,910,2026-09-21
NIFTY,2026-10-27,24700.0,CE,22.0,22.85,20.0,21.05,21.05,2431,3906352612.5,280475,27755,2026-09-21
NIFTY,2026-10-27,24300.0,CE,56.95,59.1,52.65,55.0,55.0,4808,7611657969.5,538980,31395,2026-09-21
NIFTY,2026-10-27,24150.0,CE,78.05,85.7,76.05,79.9,79.9,509,801647089.75,118300,12675,2026-09-21
NIFTY,2026-10-27,23550.0,CE,294.0,314.05,272.8,301.55,301.55,556,861961493.25,25545,9555,2026-09-21
NIFTY,2026-10-19,23500.0,CE,273.0,290.3,257.25,280.0,418.83,135,208622635.0,5655,3705,2026-09-21
NIFTY,2026-10-19,23450.0,CE,302.25,323.0,298.55,306.4,306.4,18,27806343.5,1040,910,2026-09-21
NIFTY,2026-10-19,23050.0,CE,0.0,0.0,0.0,549.65,681.4,0,0.0,0,0,2026-09-21
NIFTY,2026-10-19,22750.0,CE,0.0,0.0,0.0,732.15,897.13,0,0.0,0,0,2026-09-21
NIFTY,2026-10-19,22500.0,CE,0.0,0.0,0.0,907.95,1097.77,0,0.0,0,0,2026-09-21
NIFTY,2026-10-19,22100.0,CE,0.0,0.0,0.0,1223.75,1449.2,0,0.0,0,0,2026-09-21
NIFTY,2026-10-19,21450.0,CE,0.0,0.0,0.0,1807.8,2067.88,0,0.0,0,0,2026-09-21
NIFTY,2026-10-13,24250.0,CE,25.75,27.95,22.25,24.05,24.05,71,112030564.75,6760,130,2026-09-21
NIFTY,2026-10-13,24000.0,CE,56.1,60.4,49.6,55.05,55.05,4568,7142385844.75,204685,81185,2026-09-21
NIFTY,2026-09-29,24200.0,PE,828.7,831.65,730.65,756.3,756.3,4146,6730617653.5,1636635,-77025,2026-09-21
NIFTY,2026-10-13,23850.0,CE,85.3,95.0,79.6,88.0,88.0,408,634811823.75,26000,5005,2026-09-21
NIFTY,2026-10-13,23600.0,CE,169.45,192.0,163.6,180.25,180.25,462,713958898.25,28145,5655,2026-09-21
NIFTY,2026-10-13,23200.0,CE,393.35,435.7,386.45,422.55,422.55,135,207205131.25,10660,520,2026-09-21
NIFTY,2026-10-13,22400.0,CE,0.0,0.0,0.0,1423.35,1140.69,0,0.0,0,0,2026-09-21
NIFTY,2026-10-13,22300.0,CE,0.0,0.0,0.0,1511.7,1230.18,0,0.0,0,0,2026-09-21
NIFTY,2026-10-06,25800.0,CE,2.1,2.1,1.3,1.75,1.75,286,479652784.0,57330,2990,2026-09-21
NIFTY,2026-10-06,25650.0,CE,2.35,2.45,1.6,2.2,0.65,46,76699723.75,3705,65,2026-09-21
NIFTY,2026-10-06,24400.0,CE,7.7,10.0,6.15,7.8,7.8,2921,4634148818.0,124280,15925,2026-09-21
NIFTY,2026-10-06,23800.0,CE,59.6,67.45,52.5,59.6,59.6,8228,12760472361.0,338585,92950,2026-09-21
NIFTY,2026-10-06,23650.0,CE,103.65,116.5,91.65,103.9,103.9,1831,2827033202.5,62595,36530,2026-09-21
NIFTY,2026-10-06,22700.0,CE,0.0,0.0,0.0,725.5,826.13,0,0.0,195,0,2026-09-21
NIFTY,2026-10-06,21500.0,CE,0.0,0.0,0.0,2683.35,1967.3,0,0.0,0,0,2026-09-21
NIFTY,2026-10-06,21350.0,CE,0.0,0.0,0.0,2831.3,2116.58,0,0.0,0,0,2026-09-21
NIFTY,2026-09-29,31500.0,CE,0.5,0.9,0.5,0.7,0.7,90,184279023.5,16055,130,2026-09-21
NIFTY,2026-09-29,28500.0,CE,0.35,0.4,0.3,0.3,0.3,861,1595020709.75,504075,-8775,2026-09-21
NIFTY,2026-09-29,26650.0,CE,0.5,0.5,0.5,0.5,0.0,1,1732282.5,1105,0,2026-09-21
NIFTY,2026-09-29,26500.0,CE,0.65,0.7,0.5,0.55,0.55,8404,14476202159.25,871260,27755,2026-09-21
NIFTY,2026-09-29,25400.0,CE,1.15,1.35,1.15,1.2,1.2,5062,8357764174.5,559195,2015,2026-09-21
NIFTY,2026-09-29,24950.0,CE,1.7,1.9,1.55,1.75,1.75,1704,2763653096.75,87035,-23205,2026-09-21
NIFTY,2026-09-29,23850.0,CE,19.75,21.1,13.75,16.9,16.9,53866,83565210521.0,1147445,516425,2026-09-21
NIFTY,2026-09-29,22600.0,CE,814.35,862.85,795.3,860.6,860.6,69,105041670.5,3965,390,2026-09-21
NIFTY,2026-09-29,21400.0,CE,1971.4,2015.2,1971.4,2015.2,2042.1,2,3041129.0,65,65,2026-09-21
NIFTY,2026-09-22,24350.0,CE,0.85,0.95,0.4,0.55,0.55,87183,137992852338.25,1106300,-93795,2026-09-21
NIFTY,2026-09-22,23550.0,CE,15.5,33.0,12.85,20.05,20.05,3556455,5448657919978.0,6234865,2579525,2026-09-21
NIFTY,2026-09-22,22700.0,CE,659.95,760.0,659.95,745.8,745.8,400,608674443.0,53300,780,2026-09-21
NIFTY,2026-09-22,22550.0,CE,873.05,873.3,873.05,873.3,867.96,3,4567517.5,2730,0,2026-09-21
NIFTY,2026-10-06,24100.0,PE,577.0,644.2,577.0,640.55,640.55,16,25726002.25,2665,1040,2026-09-21
NIFTY,2026-10-06,24200.0,PE,0.0,0.0,0.0,938.55,795.93,0,0.0,260,0,2026-09-21
NIFTY,2026-10-06,24750.0,PE,0.0,0.0,0.0,808.1,1291.12,0,0.0,0,0,2026-09-21
NIFTY,2026-10-06,25200.0,PE,0.0,0.0,0.0,1141.5,1727.96,0,0.0,0,0,2026-09-21
NIFTY,2026-10-06,25300.0,PE,0.0,0.0,0.0,1222.15,1826.63,0,0.0,0,0,2026-09-21
NIFTY,2026-10-06,25550.0,PE,0.0,0.0,0.0,1432.35,2074.48,0,0.0,0,0,2026-09-21
NIFTY,2026-10-13,22250.0,PE,31.2,31.2,18.6,20.45,20.45,67,96988544.25,5980,585,2026-09-21
NIFTY,2026-10-13,23050.0,PE,113.6,116.15,89.75,93.5,93.5,387,582258300.0,17810,13130,2026-09-21
NIFTY,2026-10-13,23200.0,PE,155.95,166.7,121.75,127.2,127.2,606,919433115.25,29705,6760,2026-09-21
NIFTY,2026-10-19,21500.0,PE,0.0,0.0,0.0,24.7,7.22,0,0.0,0,0,2026-09-21
NIFTY,2031-06-24,15000.0,PE,0.0,0.0,0.0,47.5,29.44,0,0.0,0,0,2026-09-21
NIFTY,2030-12-31,21000.0,PE,0.0,0.0,0.0,450.0,379.82,0,0.0,845,0,2026-09-21
NIFTY,2030-06-25,25500.0,PE,0.0,0.0,0.0,568.55,1305.74,0,0.0,0,0,2026-09-21
NIFTY,2030-06-25,21000.0,PE,0.0,0.0,0.0,220.0,384.68,0,0.0,65,0,2026-09-21
NIFTY,2029-12-24,31500.0,PE,0.0,0.0,0.0,2240.25,4016.84,0,0.0,0,0,2026-09-21
NIFTY,2029-12-24,25500.0,PE,0.0,0.0,0.0,597.3,1386.01,0,0.0,0,0,2026-09-21
NIFTY,2029-06-26,24000.0,PE,0.0,0.0,0.0,850.0,1000.39,0,0.0,155,0,2026-09-21
NIFTY,2028-12-26,28500.0,PE,0.0,0.0,0.0,1451.15,2966.96,0,0.0,0,0,2026-09-21
NIFTY,2028-12-26,27000.0,PE,1850.0,1863.0,1800.0,1800.0,1800.0,9,16867532.5,17390,65,2026-09-21
NIFTY,2027-03-30,19500.0,PE,58.0,64.4,55.65,58.15,58.15,614,780632827.0,201240,-6825,2026-09-21
NIFTY,2026-12-29,26000.0,PE,2159.95,2211.4,2125.4,2144.0,2144.0,540,988851675.5,1466405,8725,2026-09-21
NIFTY,2026-12-29,13000.0,PE,5.2,5.2,5.2,5.2,0.0,2,1690676.0,7615,0,2026-09-21
NIFTY,2026-11-23,25500.0,PE,1882.75,1886.95,1815.4,1827.95,1827.95,120,213301556.0,140270,3835,2026-09-21
NIFTY,2026-11-23,25150.0,PE,0.0,0.0,0.0,1030.25,1614.6,0,0.0,0,0,2026-09-21
NIFTY,2026-11-23,24250.0,PE,0.0,0.0,0.0,900.0,947.48,0,0.0,975,0,2026-09-21
NIFTY,2026-11-23,24200.0,PE,785.5,785.5,698.0,707.2,915.35,56,90844344.5,14755,910,2026-09-21
NIFTY,2026-11-23,23850.0,PE,0.0,0.0,0.0,647.15,707.03,0,0.0,2730,0,2026-09-21
NIFTY,2026-11-23,22750.0,PE,167.3,167.3,142.8,142.95,142.95,43,63999695.5,9945,1365,2026-09-21
NIFTY,2026-11-23,22300.0,PE,95.35,99.6,85.3,86.0,86.0,298,433740914.75,18200,4875,2026-09-21
NIFTY,2026-11-23,21650.0,PE,0.0,0.0,0.0,65.0,58.9,0,0.0,390,0,2026-09-21
NIFTY,2026-10-27,26150.0,PE,0.0,0.0,0.0,2585.0,2580.58,0,0.0,130,0,2026-09-21
NIFTY,2026-10-27,25900.0,PE,0.0,0.0,0.0,2143.85,2337.46,0,0.0,130,0,2026-09-21
NIFTY,2026-10-27,25750.0,PE,0.0,0.0,0.0,1659.3,2192.95,0,0.0,325,0,2026-09-21
NIFTY,2026-10-27,22850.0,PE,127.35,127.35,101.7,105.1,105.1,211,314934548.5,30615,650,2026-09-21
NIFTY,2026-10-27,22800.0,PE,119.0,119.1,93.85,96.5,96.5,6281,9351538459.25,397410,40365,2026-09-21
NIFTY,2026-10-27,22650.0,PE,95.1,95.45,75.25,76.95,76.95,423,625066773.5,26065,3640,2026-09-21
NIFTY,2026-10-27,22250.0,PE,56.0,56.0,42.05,42.95,42.95,2180,3159251260.75,506220,19760,2026-09-21
NIFTY,2026-10-19,23950.0,PE,0.0,0.0,0.0,887.9,660.37,0,0.0,0,0,2026-09-21
NIFTY,2026-10-19,23350.0,PE,236.0,236.0,236.0,236.0,327.57,1,1533090.0,1170,65,2026-09-21
NIFTY,2026-10-19,23150.0,PE,0.0,0.0,0.0,205.0,247.12,0,0.0,325,0,2026-09-21
NIFTY,2026-10-19,22150.0,PE,0.0,0.0,0.0,92.4,38.8,0,0.0,0,0,2026-09-21
NIFTY,2026-10-19,21600.0,PE,0.0,0.0,0.0,30.9,9.61,0,0.0,0,0,2026-09-21
NIFTY,2026-09-22,21450.0,CE,0.0,0.0,0.0,2831.7,1967.78,0,0.0,0,0,2026-09-21
NIFTY,2026-09-22,21650.0,CE,0.0,0.0,0.0,2634.85,1767.82,0,0.0,0,0,2026-09-21
NIFTY,2026-09-22,25300.0,CE,0.5,0.65,0.3,0.35,0.35,12825,21091104378.5,165945,-9880,2026-09-21
NIFTY,2026-09-29,19500.0,CE,3902.1,3965.2,3902.1,3944.55,3944.55,26,39615228.25,139230,-1235,2026-09-21
NIFTY,2026-09-29,21750.0,CE,0.0,0.0,0.0,1980.0,1692.65,0,0.0,65,0,2026-09-21
NIFTY,2026-09-29,21800.0,CE,0.0,0.0,0.0,1700.0,1642.75,0,0.0,65,0,2026-09-21
NIFTY,2026-09-29,22100.0,CE,0.0,0.0,0.0,1229.65,1343.99,0,0.0,1040,0,2026-09-21
NIFTY,2026-09-29,24400.0,CE,3.85,3.85,2.95,3.5,3.5,62152,98586716263.75,3229980,166790,2026-09-21
NIFTY,2026-09-29,24700.0,CE,2.45,2.5,1.8,1.95,1.95,57838,92866605133.25,2773810,1268410,2026-09-21
NIFTY,2026-09-29,24800.0,CE,2.3,2.3,1.75,2.0,2.0,72125,116274599909.0,2729415,1690325,2026-09-21
NIFTY,2026-09-29,24900.0,CE,1.15,1.95,1.15,1.75,1.75,72197,116858891483.75,2166060,1558960,2026-09-21
NIFTY,2026-09-29,26400.0,CE,0.7,0.9,0.6,0.75,0.75,171,293443614.75,19565,1300,2026-09-21
NIFTY,2026-10-06,23500.0,CE,153.95,186.05,149.0,169.7,169.7,17018,26180441127.75,623220,293995,2026-09-21
NIFTY,2026-10-06,24150.0,CE,16.5,17.1,14.05,15.85,15.85,1540,2418983056.75,57655,34385,2026-09-21
NIFTY,2026-10-06,24700.0,CE,4.0,5.65,3.5,4.3,4.3,906,1454852681.75,32045,9230,2026-09-21
NIFTY,2026-10-06,25100.0,CE,3.0,3.1,2.75,3.1,5.09,40,65267588.75,1300,-130,2026-09-21
NIFTY,2026-10-06,25150.0,CE,3.3,3.3,2.7,2.8,4.28,40,65397845.5,1495,-260,2026-09-21
NIFTY,2026-10-13,22500.0,CE,983.75,983.75,983.75,983.75,1053.38,1,1526443.75,65,65,2026-09-21
NIFTY,2026-10-13,23300.0,CE,325.8,370.0,321.4,352.4,352.4,383,588603200.25,19890,-1560,2026-09-21
NIFTY,2026-10-13,23650.0,CE,146.7,168.5,144.0,157.85,157.85,253,391472545.75,12155,4095,2026-09-21
NIFTY,2026-10-13,24450.0,CE,0.0,0.0,0.0,207.95,73.78,0,0.0,0,0,2026-09-21
NIFTY,2026-10-13,25050.0,CE,5.7,5.7,5.15,5.2,19.43,23,37457813.25,780,-780,2026-09-21
NIFTY,2026-10-13,25150.0,CE,0.0,0.0,0.0,7.4,15.15,0,0.0,1105,0,2026-09-21
NIFTY,2026-10-19,21600.0,CE,0.0,0.0,0.0,1667.5,1921.95,0,0.0,0,0,2026-09-21
NIFTY,2026-10-19,21800.0,CE,0.0,0.0,0.0,1484.95,1729.78,0,0.0,0,0,2026-09-21
NIFTY,2026-10-19,21950.0,CE,0.0,0.0,0.0,1352.2,1588.1,0,0.0,0,0,2026-09-21
NIFTY,2026-10-19,22600.0,CE,0.0,0.0,0.0,834.65,1015.47,0,0.0,0,0,2026-09-21
NIFTY,2026-10-19,24400.0,CE,63.9,63.9,22.0,26.1,26.1,97,154013427.75,3250,3250,2026-09-21
NIFTY,2026-10-19,24800.0,CE,0.0,0.0,0.0,49.25,57.88,0,0.0,0,0,2026-09-21
NIFTY,2026-10-19,25000.0,CE,10.0,10.0,6.25,8.7,8.7,94,152801236.25,4940,3055,2026-09-21
NIFTY,2026-10-27,21650.0,CE,0.0,0.0,0.0,2729.45,1919.41,0,0.0,0,0,2026-09-21
NIFTY,2026-10-27,21850.0,CE,0.0,0.0,0.0,2551.3,1731.91,0,0.0,0,0,2026-09-21
NIFTY,2026-10-27,22350.0,CE,0.0,0.0,0.0,2124.25,1287.09,0,0.0,0,0,2026-09-21
NIFTY,2026-10-27,22950.0,CE,700.0,700.0,695.45,695.45,823.57,3,4611158.5,715,65,2026-09-21
NIFTY,2026-10-27,23900.0,CE,142.5,156.3,138.0,147.6,147.6,3937,6153622530.25,437450,36465,2026-09-21
NIFTY,2026-10-27,24200.0,CE,73.15,75.35,66.9,70.5,70.5,8534,13463330598.25,818025,53495,2026-09-21
NIFTY,2026-10-27,24500.0,CE,34.0,37.15,32.05,34.6,34.6,27226,43418554777.0,2218320,220805,2026-09-21
NIFTY,2026-10-27,25450.0,CE,11.45,11.45,6.95,7.45,31.26,33,54607055.75,3835,-65,2026-09-21
NIFTY,2026-10-27,26000.0,CE,4.7,4.75,3.9,4.35,4.35,5521,9332025833.0,909610,9555,2026-09-21
NIFTY,2026-10-27,26600.0,CE,1.35,2.6,1.35,2.6,2.92,6,10374793.0,2795,195,2026-09-21
NIFTY,2026-10-27,26750.0,CE,0.0,0.0,0.0,6.35,2.06,0,0.0,975,0,2026-09-21
NIFTY,2026-11-23,21500.0,CE,0.0,0.0,0.0,3185.9,2194.73,0,0.0,0,0,2026-09-21
NIFTY,2026-11-23,21600.0,CE,0.0,0.0,0.0,3092.25,2103.85,0,0.0,0,0,2026-09-21
NIFTY,2026-11-23,22350.0,CE,0.0,0.0,0.0,1245.35,1464.48,0,0.0,195,0,2026-09-21
NIFTY,2026-11-23,22950.0,CE,0.0,0.0,0.0,788.1,1026.42,0,0.0,65,0,2026-09-21
NIFTY,2026-11-23,23300.0,CE,610.55,632.1,594.0,623.85,623.85,162,251821248.25,36595,-1495,2026-09-21
NIFTY,2026-11-23,24000.0,CE,244.9,260.0,240.55,250.1,250.1,3244,5113322548.75,617240,-65,2026-09-21
NIFTY,2026-11-23,24100.0,CE,214.8,218.85,205.0,211.0,211.0,204,322355972.25,52520,3315,2026-09-21
NIFTY,2026-11-23,24750.0,CE,70.1,70.6,66.05,68.5,233.65,27,43556958.25,21970,195,2026-09-21
NIFTY,2026-11-23,25850.0,CE,0.0,0.0,0.0,358.95,67.05,0,0.0,0,0,2026-09-21
NIFTY,2026-12-29,21000.0,CE,2759.0,2790.65,2701.25,2773.2,2773.2,470,725500269.0,308845,10465,2026-09-21
NIFTY,2027-03-30,18000.0,CE,0.0,0.0,0.0,5643.55,6002.05,0,0.0,0,0,2026-09-21
NIFTY,2027-06-29,21000.0,CE,0.0,0.0,0.0,3061.8,3605.81,0,0.0,0,0,2026-09-21
NIFTY,2027-06-29,24000.0,CE,1180.55,1302.3,1171.2,1200.05,1575.81,32,52409831.5,13990,1105,2026-09-21
NIFTY,2027-06-29,27000.0,CE,219.9,219.9,190.0,199.75,199.75,61,107832195.25,13130,1755,2026-09-21
NIFTY,2027-12-28,22500.0,CE,0.0,0.0,0.0,3011.0,3236.17,0,0.0,65,0,2026-09-21
NIFTY,2027-12-28,25500.0,CE,0.0,0.0,0.0,2400.0,1606.02,0,0.0,0,0,2026-09-21
NIFTY,2027-12-28,28500.0,CE,275.7,280.0,269.9,274.15,274.15,66,123441353.75,55380,1170,2026-09-21
NIFTY,2028-06-27,25500.0,CE,0.0,0.0,0.0,4676.6,2255.42,0,0.0,0,0,2026-09-21
NIFTY,2028-06-27,31500.0,CE,0.0,0.0,0.0,1784.8,561.22,0,0.0,0,0,2026-09-21
NIFTY,2028-12-26,15000.0,CE,0.0,0.0,0.0,11381.75,10430.3,0,0.0,0,0,2026-09-21
NIFTY,2028-12-26,21000.0,CE,0.0,0.0,0.0,7512.5,5586.11,0,0.0,0,0,2026-09-21
NIFTY,2029-06-26,15000.0,CE,0.0,0.0,0.0,13671.85,10839.38,0,0.0,0,0,2026-09-21
NIFTY,2029-12-24,22500.0,CE,0.0,0.0,0.0,8486.15,5745.28,0,0.0,0,0,2026-09-21
NIFTY,2030-06-25,16500.0,CE,0.0,0.0,0.0,13374.05,10470.9,0,0.0,0,0,2026-09-21
NIFTY,2030-06-25,19500.0,CE,0.0,0.0,0.0,11140.25,8275.34,0,0.0,0,0,2026-09-21
NIFTY,2031-06-24,28500.0,CE,0.0,0.0,0.0,5048.95,4349.64,0,0.0,0,0,2026-09-21
NIFTY,2026-09-22,21750.0,PE,1.0,1.4,0.75,0.95,0.95,41178,58218070534.0,355355,-26715,2026-09-21
NIFTY,2026-09-22,21850.0,PE,1.65,1.65,0.8,1.0,1.0,58170,82620070708.5,477750,39065,2026-09-21
NIFTY,2026-09-22,22100.0,PE,1.15,1.8,1.0,1.25,1.25,264072,379361541143.0,1948765,-419510,2026-09-21
NIFTY,2026-09-22,22450.0,PE,2.15,2.35,1.5,1.75,1.75,385018,561883108728.5,2771080,821340,2026-09-21
NIFTY,2026-09-22,22850.0,PE,5.9,6.25,2.75,3.65,3.65,586135,870690220942.75,2650245,-519870,2026-09-21
NIFTY,2026-09-22,22950.0,PE,8.0,8.0,3.45,4.55,4.55,683664,1020058162353.75,4385225,692835,2026-09-21
NIFTY,2026-09-22,25550.0,PE,2056.0,2185.25,2055.9,2183.05,2131.55,4,7194213.0,130,65,2026-09-21
NIFTY,2026-09-29,21700.0,PE,3.85,3.85,3.2,3.55,3.55,22893,32295873408.5,728130,70590,2026-09-21
NIFTY,2026-09-29,22200.0,PE,8.0,8.5,5.05,5.7,5.7,58613,84599540857.0,1608750,478985,2026-09-21
NIFTY,2026-09-29,22250.0,PE,8.05,8.05,5.4,6.05,6.05,9721,14062721812.75,181480,-62855,2026-09-21
NIFTY,2026-09-29,23150.0,PE,81.9,81.9,45.75,50.05,50.05,41413,62464201390.5,1068665,423605,2026-09-21
NIFTY,2026-09-29,23700.0,PE,357.75,369.0,275.5,294.7,294.7,12316,19224424716.25,1062165,36595,2026-09-21
NIFTY,2026-09-29,23750.0,PE,410.0,415.8,313.95,333.1,333.1,2732,4278612789.75,211315,75075,2026-09-21
NIFTY,2026-09-29,23950.0,PE,564.45,574.7,490.05,512.75,512.75,364,579454183.75,121940,3120,2026-09-21
NIFTY,2026-09-29,24100.0,PE,718.95,736.8,635.45,656.95,656.95,1769,2848487798.0,742170,-29575,2026-09-21
NIFTY,2026-09-29,24250.0,PE,874.45,874.45,787.4,806.1,806.1,561,914418531.0,161525,3250,2026-09-21
NIFTY,2026-09-29,24400.0,PE,1019.4,1022.45,930.85,954.45,954.45,2931,4833984168.0,1893385,-14755,2026-09-21
NIFTY,2026-09-29,24600.0,PE,1191.5,1224.15,1130.95,1155.25,1155.25,348,582900795.75,660465,-585,2026-09-21
NIFTY,2026-09-29,25750.0,PE,0.0,0.0,0.0,2432.55,2302.26,0,0.0,455,0,2026-09-21
NIFTY,2026-09-29,26300.0,PE,2919.45,2919.45,2857.15,2857.15,2857.15,71,134754464.0,74815,-4615,2026-09-21
NIFTY,2026-09-29,27200.0,PE,0.0,0.0,0.0,3004.3,3750.37,0,0.0,0,0,2026-09-21
NIFTY,2026-10-06,21850.0,PE,0.0,0.0,0.0,14.35,3.2,0,0.0,845,0,2026-09-21
NIFTY,2026-10-06,22450.0,PE,21.3,21.3,14.35,16.05,16.05,604,882068482.75,19695,5395,2026-09-21
NIFTY,2026-10-06,22950.0,PE,69.15,73.0,47.4,49.25,49.25,993,1484886409.5,36595,12025,2026-09-21
NIFTY,2026-10-06,23200.0,PE,131.35,133.9,89.05,94.25,94.25,6859,10390445718.25,178100,49335,2026-09-21
NIFTY,2026-10-06,23350.0,PE,180.0,187.35,130.7,137.6,137.6,2696,4119807906.5,53430,4615,2026-09-21
NIFTY,2026-10-06,23850.0,PE,0.0,0.0,0.0,495.5,527.03,0,0.0,4290,0,2026-09-21
NIFTY,2026-10-06,24350.0,PE,0.0,0.0,0.0,560.0,924.13,0,0.0,0,0,2026-09-21
NIFTY,2026-10-06,25100.0,PE,0.0,0.0,0.0,1063.1,1629.69,0,0.0,0,0,2026-09-21
NIFTY,2026-10-06,25150.0,PE,0.0,0.0,0.0,1102.0,1678.77,0,0.0,0,0,2026-09-21
NIFTY,2026-10-06,25500.0,PE,2017.45,2041.6,1991.9,2015.0,2015.0,190,339854817.25,9750,9750,2026-09-21
NIFTY,2026-10-13,21500.0,PE,9.9,9.9,7.8,8.2,8.2,12,16776568.25,1365,455,2026-09-21
NIFTY,2026-10-13,21800.0,PE,13.45,19.5,8.0,11.7,11.7,134,189989683.0,17420,715,2026-09-21
NIFTY,2026-10-13,21850.0,PE,0.0,0.0,0.0,20.3,10.35,0,0.0,0,0,2026-09-21
NIFTY,2026-10-13,22200.0,PE,27.4,27.45,18.3,19.15,19.15,820,1184374496.5,30420,-2730,2026-09-21
NIFTY,2026-10-13,24750.0,PE,0.0,0.0,0.0,1115.1,1286.54,0,0.0,0,0,2026-09-21
NIFTY,2026-10-13,24950.0,PE,0.0,0.0,0.0,1278.75,1471.4,0,0.0,0,0,2026-09-21
NIFTY,2026-10-13,25300.0,PE,0.0,0.0,0.0,1583.0,1805.73,0,0.0,0,0,2026-09-21
NIFTY,2026-11-23,23700.0,PE,465.05,473.0,419.55,428.65,428.65,142,222863491.5,30875,1105,2026-09-21
NIFTY,2026-11-23,23900.0,PE,571.95,571.95,518.0,527.15,527.15,80,127097694.75,14300,65,2026-09-21
NIFTY,2031-06-24,27000.0,PE,0.0,0.0,0.0,1653.15,1550.36,0,0.0,0,0,2026-09-21
NIFTY,2029-12-24,28500.0,PE,0.0,0.0,0.0,1255.9,2524.22,0,0.0,0,0,2026-09-21
NIFTY,2029-12-24,27000.0,PE,0.0,0.0,0.0,1177.9,1908.04,0,0.0,0,0,2026-09-21
NIFTY,2029-12-24,22500.0,PE,0.0,0.0,0.0,225.7,629.38,0,0.0,0,0,2026-09-21
NIFTY,2029-06-26,33000.0,PE,0.0,0.0,0.0,3022.85,5333.99,0,0.0,0,0,2026-09-21
NIFTY,2029-06-26,28500.0,PE,0.0,0.0,0.0,1349.1,2731.63,0,0.0,0,0,2026-09-21
NIFTY,2028-12-26,25500.0,PE,0.0,0.0,0.0,648.2,1553.14,0,0.0,0,0,2026-09-21
NIFTY,2028-12-26,15000.0,PE,0.0,0.0,0.0,22.25,8.88,0,0.0,0,0,2026-09-21
NIFTY,2028-06-27,24000.0,PE,0.0,0.0,0.0,680.05,1055.61,0,0.0,65,0,2026-09-21
NIFTY,2027-12-28,21000.0,PE,257.65,280.15,252.0,269.2,269.2,38,52539854.25,52455,1235,2026-09-21
NIFTY,2027-12-28,17000.0,PE,0.0,0.0,0.0,69.1,14.35,0,0.0,17775,0,2026-09-21
NIFTY,2027-06-29,25500.0,PE,0.0,0.0,0.0,667.15,1798.01,0,0.0,0,0,2026-09-21
NIFTY,2027-06-29,21000.0,PE,158.0,164.9,148.75,163.3,163.3,37,50893102.0,19400,1105,2026-09-21
NIFTY,2026-11-23,25550.0,PE,0.0,0.0,0.0,1282.8,1954.28,0,0.0,0,0,2026-09-21
NIFTY,2026-11-23,24800.0,PE,1234.3,1234.3,1153.15,1153.15,1153.15,2,3379184.25,4745,0,2026-09-21
NIFTY,2026-11-23,24700.0,PE,1170.95,1184.95,1095.4,1106.35,1106.35,22,37001926.0,2210,-130,2026-09-21
NIFTY,2026-09-22,21850.0,CE,0.0,0.0,0.0,2439.15,1567.85,0,0.0,0,0,2026-09-21
NIFTY,2026-09-22,21950.0,CE,0.0,0.0,0.0,2341.9,1467.87,0,0.0,0,0,2026-09-21
NIFTY,2026-09-22,22150.0,CE,0.0,0.0,0.0,1148.05,1267.9,0,0.0,260,0,2026-09-21
NIFTY,2026-09-22,22350.0,CE,0.0,0.0,0.0,984.6,1067.93,0,0.0,715,0,2026-09-21
NIFTY,2026-09-22,24000.0,CE,1.45,1.7,0.75,1.05,1.05,946014,1475859309661.75,9100325,-2458235,2026-09-21
NIFTY,2026-09-22,24250.0,CE,0.85,1.1,0.55,0.7,0.7,193409,304870812691.25,1706510,405860,2026-09-21
NIFTY,2026-09-22,24600.0,CE,0.65,0.85,0.4,0.55,0.55,141716,226609195007.0,1532765,-787215,2026-09-21
NIFTY,2026-09-29,22200.0,CE,1270.0,1270.0,1250.0,1250.0,1250.0,2,3049800.0,1300,0,2026-09-21
NIFTY,2026-09-29,22800.0,CE,612.4,682.45,595.0,658.1,658.1,1897,2890462597.75,270335,-27040,2026-09-21
NIFTY,2026-09-29,23000.0,CE,466.35,499.0,300.3,474.0,474.0,17111,26087412822.25,1356745,105300,2026-09-21
NIFTY,2026-09-29,23700.0,CE,39.1,49.7,32.1,40.7,40.7,181291,279746902379.75,3445520,742430,2026-09-21
NIFTY,2026-09-29,25200.0,CE,1.25,1.7,1.25,1.6,1.6,13183,21595059005.0,708370,159770,2026-09-21
NIFTY,2026-09-29,25600.0,CE,1.3,1.5,1.1,1.2,1.2,1760,2928783471.25,135915,-5330,2026-09-21
NIFTY,2026-09-29,26200.0,CE,1.25,1.35,0.75,0.85,0.85,510,868558938.0,140660,-14430,2026-09-21
NIFTY,2026-09-29,26800.0,CE,0.5,1.2,0.5,0.5,0.0,6,10452286.0,2275,0,2026-09-21
NIFTY,2026-09-29,27100.0,CE,0.7,0.95,0.6,0.65,0.65,48,84554119.0,13000,-715,2026-09-21
NIFTY,2026-10-06,22200.0,CE,0.0,0.0,0.0,2003.7,1280.48,0,0.0,0,0,2026-09-21
NIFTY,2026-10-06,22750.0,CE,0.0,0.0,0.0,653.9,784.25,0,0.0,260,0,2026-09-21
NIFTY,2026-10-06,23100.0,CE,409.2,458.0,396.45,439.45,439.45,595,910066784.25,15145,6305,2026-09-21
NIFTY,2026-10-06,23350.0,CE,255.45,274.1,226.05,258.25,258.25,1471,2256294748.5,35685,715,2026-09-21
NIFTY,2026-10-06,24100.0,CE,19.2,21.05,16.4,18.45,18.45,9509,14907243815.75,295360,77025,2026-09-21
NIFTY,2026-10-06,24200.0,CE,13.9,14.35,11.45,12.8,12.8,7542,11869843969.75,278070,116935,2026-09-21
NIFTY,2026-10-06,24500.0,CE,6.6,7.3,5.55,6.55,6.55,7800,12424722277.5,361270,87490,2026-09-21
NIFTY,2026-10-06,24650.0,CE,0.0,0.0,0.0,8.9,21.05,0,0.0,1105,0,2026-09-21
NIFTY,2026-10-06,24850.0,CE,3.6,3.6,3.6,3.6,11.52,1,1615484.0,1105,-65,2026-09-21
NIFTY,2026-10-06,24950.0,CE,3.25,3.25,3.25,3.25,8.38,2,3243922.5,1430,-130,2026-09-21
NIFTY,2026-10-06,25200.0,CE,2.5,2.65,2.45,2.65,3.59,24,39315916.25,3380,390,2026-09-21
NIFTY,2026-10-06,25300.0,CE,2.4,2.85,1.35,1.9,1.9,228,374976293.25,8450,-325,2026-09-21
NIFTY,2026-10-13,21600.0,CE,0.0,0.0,0.0,2166.5,1895.98,0,0.0,0,0,2026-09-21
NIFTY,2026-10-13,21700.0,CE,0.0,0.0,0.0,2070.15,1798.17,0,0.0,0,0,2026-09-21
NIFTY,2026-10-13,22350.0,CE,0.0,0.0,0.0,1467.3,1185.18,0,0.0,0,0,2026-09-21
NIFTY,2026-10-13,22600.0,CE,0.0,0.0,0.0,1252.1,968.56,0,0.0,0,0,2026-09-21
NIFTY,2026-10-13,23150.0,CE,0.0,0.0,0.0,423.8,559.2,0,0.0,2535,0,2026-09-21
NIFTY,2026-10-13,23350.0,CE,297.15,335.05,294.6,321.7,321.7,159,244609040.0,11180,-1755,2026-09-21
NIFTY,2026-10-13,24100.0,CE,0.0,0.0,0.0,321.35,143.21,0,0.0,0,0,2026-09-21
NIFTY,2026-10-13,24500.0,CE,13.8,14.85,9.45,12.95,12.95,2042,3253634764.25,122850,47840,2026-09-21
NIFTY,2026-10-13,24600.0,CE,0.0,0.0,0.0,170.2,54.19,0,0.0,0,0,2026-09-21
NIFTY,2026-10-19,21850.0,CE,0.0,0.0,0.0,1440.3,1682.28,0,0.0,0,0,2026-09-21
NIFTY,2026-10-19,22050.0,CE,0.0,0.0,0.0,1266.05,1495.15,0,0.0,0,0,2026-09-21
NIFTY,2026-10-19,22650.0,CE,0.0,0.0,0.0,799.7,975.31,0,0.0,0,0,2026-09-21
NIFTY,2026-10-19,22800.0,CE,0.0,0.0,0.0,699.65,859.16,0,0.0,0,0,2026-09-21
NIFTY,2026-10-19,23250.0,CE,0.0,0.0,0.0,445.3,555.28,0,0.0,0,0,2026-09-21
NIFTY,2026-10-19,23550.0,CE,261.6,261.6,261.6,261.6,394.45,1,1547754.0,130,65,2026-09-21
NIFTY,2026-10-19,24300.0,CE,0.0,0.0,0.0,112.45,137.87,0,0.0,0,0,2026-09-21
NIFTY,2026-10-27,21550.0,CE,0.0,0.0,0.0,2819.8,2014.59,0,0.0,0,0,2026-09-21
NIFTY,2026-10-27,22800.0,CE,788.35,850.9,779.7,830.0,830.0,119,182674482.25,21645,-715,2026-09-21
NIFTY,2026-10-27,23200.0,CE,512.9,546.15,488.95,528.0,528.0,1369,2110456461.75,153595,16120,2026-09-21
NIFTY,2026-10-27,23450.0,CE,345.55,372.0,334.1,359.2,359.2,583,902104147.75,27690,8320,2026-09-21
NIFTY,2026-10-27,23600.0,CE,271.05,289.9,256.3,275.7,275.7,4930,7649834195.25,391170,70915,2026-09-21
NIFTY,2026-10-27,24050.0,CE,103.9,109.15,97.3,102.85,102.85,1296,2034556696.25,116090,33150,2026-09-21
NIFTY,2026-10-27,24750.0,CE,20.55,21.05,18.4,19.3,19.3,278,447584874.75,31070,6045,2026-09-21
NIFTY,2026-10-27,24850.0,CE,17.0,17.0,14.8,15.85,15.85,113,182641215.25,29900,2015,2026-09-21
NIFTY,2026-10-27,25750.0,CE,9.45,9.45,5.4,5.7,5.7,223,373351400.5,35815,7345,2026-09-21
NIFTY,2026-10-27,25850.0,CE,0.0,0.0,0.0,6.0,14.6,0,0.0,585,0,2026-09-21
NIFTY,2026-10-27,26300.0,CE,2.8,4.0,2.7,3.45,5.72,63,107710840.25,4940,3705,2026-09-21
NIFTY,2026-11-23,22000.0,CE,1640.05,1699.0,1640.05,1693.25,1693.25,43,66178869.25,7605,845,2026-09-21
NIFTY,2026-11-23,22400.0,CE,0.0,0.0,0.0,1204.8,1425.13,0,0.0,195,0,2026-09-21
NIFTY,2026-11-23,23350.0,CE,578.45,592.4,576.65,588.55,588.55,13,20224210.5,4420,195,2026-09-21
NIFTY,2026-11-23,24150.0,CE,203.95,203.95,189.65,200.0,410.92,24,37982223.5,14170,1040,2026-09-21
NIFTY,2026-11-23,24500.0,CE,110.0,111.7,104.0,106.9,106.9,5340,8541266077.5,507780,60450,2026-09-21
NIFTY,2026-12-29,22000.0,CE,1800.0,1884.0,1800.0,1869.7,1869.7,137,212411793.75,358985,1355,2026-09-21
NIFTY,2026-12-29,27000.0,CE,23.0,23.2,21.15,21.75,21.75,2512,4412174715.0,2274075,17810,2026-09-21
NIFTY,2026-12-29,28500.0,CE,8.25,11.35,8.25,10.9,10.9,114,211263900.25,98540,260,2026-09-21
NIFTY,2026-12-29,29000.0,CE,8.8,8.8,7.5,8.4,8.4,313,590167773.0,460520,-195,2026-09-21
NIFTY,2026-12-29,31000.0,CE,5.95,6.4,5.6,6.4,6.4,183,368814754.75,132815,-3640,2026-09-21
NIFTY,2027-03-30,27000.0,CE,83.0,84.9,78.05,78.6,78.6,1617,2846310824.5,997945,25155,2026-09-21
NIFTY,2027-03-30,31500.0,CE,0.0,0.0,0.0,10.0,10.72,0,0.0,455,0,2026-09-21
NIFTY,2027-12-28,16500.0,CE,0.0,0.0,0.0,11316.4,8197.92,0,0.0,0,0,2026-09-21
NIFTY,2029-12-24,18000.0,CE,0.0,0.0,0.0,11362.4,8884.87,0,0.0,0,0,2026-09-21
NIFTY,2030-06-25,21000.0,CE,0.0,0.0,0.0,10421.65,7254.8,0,0.0,0,0,2026-09-21
NIFTY,2030-12-31,31500.0,CE,0.0,0.0,0.0,4554.55,2785.48,0,0.0,0,0,2026-09-21
NIFTY,2031-06-24,15000.0,CE,0.0,0.0,0.0,12902.2,12350.5,0,0.0,0,0,2026-09-21
NIFTY,2031-06-24,21000.0,CE,0.0,0.0,0.0,8900.75,8256.0,0,0.0,0,0,2026-09-21
NIFTY,2031-06-24,33000.0,CE,0.0,0.0,0.0,3451.55,2797.39,0,0.0,0,0,2026-09-21
NIFTY,2026-09-22,21950.0,PE,1.0,1.65,0.9,1.1,1.1,67589,96437664238.5,520260,6370,2026-09-21
NIFTY,2026-09-22,22000.0,PE,1.25,1.7,0.95,1.25,1.25,676692,967723736274.75,9932585,-808925,2026-09-21
NIFTY,2026-09-22,23050.0,PE,14.3,15.85,4.95,6.2,6.2,935246,1401643674401.75,4757415,1886820,2026-09-21
NIFTY,2026-09-22,24000.0,PE,648.85,655.2,536.5,558.1,558.1,8988,14366806753.0,737750,-183755,2026-09-21
NIFTY,2026-09-22,24050.0,PE,668.0,673.0,591.45,609.2,609.2,166,266237211.5,21645,-2405,2026-09-21
NIFTY,2026-09-29,22400.0,PE,10.7,10.7,6.45,8.05,8.05,60832,88600371418.0,2220335,756210,2026-09-21
NIFTY,2026-09-29,23050.0,PE,60.25,60.3,32.35,35.65,35.65,58160,87289446695.75,605020,-129090,2026-09-21
NIFTY,2026-09-29,24850.0,PE,1444.0,1444.05,1444.0,1444.05,1404.59,2,3418223.25,13390,-130,2026-09-21
NIFTY,2026-09-29,25050.0,PE,0.0,0.0,0.0,1675.9,1603.55,0,0.0,3835,0,2026-09-21
NIFTY,2026-09-29,25300.0,PE,1889.0,1889.0,1845.0,1845.0,1852.92,7,12359096.75,28990,-130,2026-09-21
NIFTY,2026-09-29,25550.0,PE,0.0,0.0,0.0,1770.0,2102.53,0,0.0,390,0,2026-09-21
NIFTY,2026-09-29,26000.0,PE,2610.0,2625.4,2525.05,2553.3,2553.3,1538,2856948903.25,1885750,-11115,2026-09-21
NIFTY,2026-09-29,26050.0,PE,0.0,0.0,0.0,1710.0,2601.86,0,0.0,260,0,2026-09-21
NIFTY,2026-09-29,34500.0,PE,0.0,0.0,0.0,7064.95,11040.89,0,0.0,0,0,2026-09-21
NIFTY,2026-10-06,21900.0,PE,8.95,9.85,6.5,7.5,7.5,185,263438919.25,18330,-910,2026-09-21
NIFTY,2026-10-06,22000.0,PE,6.85,10.95,6.75,8.75,8.75,5186,7418919495.0,194805,18655,2026-09-21
NIFTY,2026-10-06,23450.0,PE,226.25,226.25,167.75,176.55,176.55,1683,2585579288.5,36595,27885,2026-09-21
NIFTY,2026-10-06,24000.0,PE,617.95,618.0,537.0,551.8,551.8,446,712382820.5,44915,13130,2026-09-21
NIFTY,2026-10-06,25800.0,PE,0.0,0.0,0.0,1653.0,2323.25,0,0.0,0,0,2026-09-21
NIFTY,2026-10-13,21750.0,PE,0.0,0.0,0.0,16.1,7.57,0,0.0,0,0,2026-09-21
NIFTY,2026-10-13,23350.0,PE,215.0,218.0,166.6,170.95,170.95,394,602969555.5,16900,6630,2026-09-21
NIFTY,2026-10-13,23650.0,PE,330.0,330.0,313.0,313.0,443.87,11,17143782.5,3640,260,2026-09-21
NIFTY,2026-10-13,25000.0,PE,0.0,0.0,0.0,1320.95,1518.44,0,0.0,0,0,2026-09-21
NIFTY,2026-10-19,21850.0,PE,0.0,0.0,0.0,52.35,18.81,0,0.0,0,0,2026-09-21
NIFTY,2026-10-19,21950.0,PE,0.0,0.0,0.0,63.7,24.18,0,0.0,0,0,2026-09-21
NIFTY,2026-10-19,23400.0,PE,262.3,262.3,210.0,215.45,215.45,58,89105542.5,2990,845,2026-09-21
NIFTY,2026-10-19,24200.0,PE,0.0,0.0,0.0,1080.05,838.04,0,0.0,0,0,2026-09-21
NIFTY,2026-10-19,24550.0,PE,0.0,0.0,0.0,1372.75,1115.16,0,0.0,0,0,2026-09-21
NIFTY,2026-10-19,24600.0,PE,0.0,0.0,0.0,1416.5,1157.32,0,0.0,0,0,2026-09-21
NIFTY,2026-10-27,21600.0,PE,25.7,25.7,19.05,19.35,19.35,613,861482713.0,62725,1690,2026-09-21
NIFTY,2026-10-27,21900.0,PE,34.75,34.75,26.35,26.9,26.9,1170,1667702923.25,55250,-5980,2026-09-21
NIFTY,2026-10-27,21950.0,PE,34.2,35.75,27.05,28.5,28.5,188,268612730.75,9295,-585,2026-09-21
NIFTY,2026-10-27,22000.0,PE,47.0,47.0,29.85,30.95,30.95,17887,25617152899.0,1206335,49855,2026-09-21
NIFTY,2026-10-27,22900.0,PE,135.0,139.8,109.2,112.8,112.8,5999,8975678380.5,238745,-4680,2026-09-21
NIFTY,2026-10-27,22950.0,PE,147.85,149.4,118.6,122.25,122.25,363,544604157.5,25350,5460,2026-09-21
NIFTY,2026-10-27,23150.0,PE,202.65,202.65,161.55,165.3,165.3,251,380604490.5,31460,2210,2026-09-21
NIFTY,2026-10-27,23750.0,PE,454.15,454.2,390.3,401.8,401.8,28,43983917.25,11505,65,2026-09-21
NIFTY,2026-10-27,23800.0,PE,476.1,491.95,415.0,427.85,427.85,1824,2875156274.25,511615,16900,2026-09-21
NIFTY,2026-10-27,25700.0,PE,0.0,0.0,0.0,1260.0,2145.07,0,0.0,325,0,2026-09-21
NIFTY,2026-10-27,26250.0,PE,0.0,0.0,0.0,2081.05,2678.44,0,0.0,0,0,2026-09-21
NIFTY,2026-10-27,26400.0,PE,0.0,0.0,0.0,2204.4,2825.72,0,0.0,0,0,2026-09-21
NIFTY,2026-11-23,21350.0,PE,0.0,0.0,0.0,25.65,36.23,0,0.0,0,0,2026-09-21
NIFTY,2026-11-23,21950.0,PE,0.0,0.0,0.0,77.15,91.93,0,0.0,975,0,2026-09-21
NIFTY,2026-11-23,22050.0,PE,70.0,71.8,69.55,69.55,105.72,12,17253798.25,1690,520,2026-09-21
NIFTY,2026-11-23,22150.0,PE,85.1,85.1,76.0,79.0,121.08,7,10113918.75,2730,195,2026-09-21
NIFTY,2026-11-23,22800.0,PE,169.4,174.7,150.0,153.9,153.9,563,840204963.0,61620,-6435,2026-09-21
NIFTY,2026-11-23,23100.0,PE,244.85,245.25,212.05,217.3,217.3,257,389634810.5,23855,8385,2026-09-21
NIFTY,2026-11-23,23500.0,PE,385.8,391.95,333.0,343.05,343.05,1921,2978769218.75,349505,11960,2026-09-21
NIFTY,2026-11-23,25800.0,PE,0.0,0.0,0.0,1454.8,2176.27,0,0.0,0,0,2026-09-21
NIFTY,2031-06-24,33000.0,PE,0.0,0.0,0.0,3810.15,3788.21,0,0.0,0,0,2026-09-21
NIFTY,2031-06-24,22500.0,PE,0.0,0.0,0.0,663.6,571.69,0,0.0,0,0,2026-09-21
NIFTY,2030-12-31,31500.0,PE,0.0,0.0,0.0,1885.5,3385.98,0,0.0,0,0,2026-09-21
NIFTY,2030-12-31,28500.0,PE,0.0,0.0,0.0,1083.1,2160.63,0,0.0,0,0,2026-09-21
NIFTY,2030-12-31,22500.0,PE,0.0,0.0,0.0,219.35,592.93,0,0.0,0,0,2026-09-21
NIFTY,2028-12-26,19500.0,PE,0.0,0.0,0.0,49.0,183.28,0,0.0,0,0,2026-09-21
NIFTY,2028-06-27,31500.0,PE,0.0,0.0,0.0,2935.6,5308.31,0,0.0,0,0,2026-09-21
NIFTY,2028-06-27,22500.0,PE,0.0,0.0,0.0,206.95,624.98,0,0.0,0,0,2026-09-21
NIFTY,2027-12-28,25500.0,PE,0.0,0.0,0.0,676.05,1721.24,0,0.0,0,0,2026-09-21
NIFTY,2027-06-29,16500.0,PE,0.0,0.0,0.0,22.05,1.55,0,0.0,780,0,2026-09-21
NIFTY,2027-03-30,28500.0,PE,0.0,0.0,0.0,2937.15,4258.83,0,0.0,65,0,2026-09-21
NIFTY,2027-03-30,21000.0,PE,110.0,114.5,102.4,107.3,107.3,1178,1616257591.0,924170,18135,2026-09-21
NIFTY,2026-12-29,25500.0,PE,1752.05,1754.6,1678.3,1684.2,1684.2,140,247644306.0,367185,3445,2026-09-21
NIFTY,2026-11-23,26050.0,PE,0.0,0.0,0.0,1637.9,2404.17,0,0.0,0,0,2026-09-21
NIFTY,2026-09-22,23050.0,CE,325.65,423.0,306.7,398.5,398.5,12215,18586986408.25,148915,-5135,2026-09-21
NIFTY,2026-09-22,23350.0,CE,79.0,146.3,75.05,124.75,124.75,4029058,6141502817739.25,2567695,-2387905,2026-09-21
NIFTY,2026-09-22,23400.0,CE,57.0,109.4,49.0,88.1,88.1,8856058,13512543371713.75,8603270,-164970,2026-09-21
NIFTY,2026-09-22,23450.0,CE,37.7,77.35,34.15,58.15,58.15,6828927,10432068074831.0,6430060,2570165,2026-09-21
NIFTY,2026-09-22,24200.0,CE,0.9,1.15,0.55,0.7,0.7,563336,886158699101.0,6623890,265265,2026-09-21
NIFTY,2026-09-22,24650.0,CE,0.7,0.75,0.4,0.5,0.5,32442,51981403064.5,218530,-197405,2026-09-21
NIFTY,2026-09-22,26050.0,CE,0.4,0.7,0.3,0.4,0.4,5255,8898167300.75,79300,-8580,2026-09-21
NIFTY,2026-09-29,23900.0,CE,13.9,15.55,10.3,12.65,12.65,130350,202604898060.5,4952025,677430,2026-09-21
NIFTY,2026-09-29,24000.0,CE,8.9,9.65,6.85,8.4,8.4,219507,342546642545.25,11614980,1233700,2026-09-21
NIFTY,2026-09-29,24100.0,CE,5.6,6.6,4.8,6.0,6.0,126818,198706192841.0,2522390,496080,2026-09-21
NIFTY,2026-09-29,24850.0,CE,1.4,2.05,1.4,1.85,1.85,8920,14409090481.5,132080,-122330,2026-09-21
NIFTY,2026-09-29,25650.0,CE,1.0,2.85,0.95,1.25,1.25,154,256768648.5,51090,-4095,2026-09-21
NIFTY,2026-09-29,26700.0,CE,1.2,1.8,0.55,1.55,1.55,46,79835577.25,4225,1560,2026-09-21
NIFTY,2026-09-29,26900.0,CE,0.8,0.85,0.5,0.7,0.0,22,38467809.25,5525,-390,2026-09-21
NIFTY,2026-10-06,21550.0,CE,0.0,0.0,0.0,2634.15,1917.6,0,0.0,0,0,2026-09-21
NIFTY,2026-10-06,21600.0,CE,0.0,0.0,0.0,2585.0,1867.95,0,0.0,0,0,2026-09-21
NIFTY,2026-10-06,22000.0,CE,1445.0,1480.75,1445.0,1469.05,1469.05,143,218092491.5,9490,9230,2026-09-21
NIFTY,2026-10-06,22800.0,CE,660.0,707.25,659.15,700.0,700.0,23,35092846.75,1885,-260,2026-09-21
NIFTY,2026-10-06,23950.0,CE,40.35,40.35,29.4,32.75,32.75,1950,3039812252.75,61035,14950,2026-09-21
NIFTY,2026-10-06,24600.0,CE,5.5,6.15,4.1,5.4,5.4,2932,4689303443.5,132210,72735,2026-09-21
NIFTY,2026-10-06,24800.0,CE,4.0,4.95,3.15,3.75,3.75,299,482061274.5,29380,6240,2026-09-21
NIFTY,2026-10-06,25550.0,CE,1.4,2.1,1.4,2.1,0.97,37,61451565.5,1365,-1300,2026-09-21
NIFTY,2026-10-06,25600.0,CE,1.5,2.5,1.5,2.1,0.8,18,29954606.5,2990,455,2026-09-21
NIFTY,2026-10-06,25750.0,CE,2.3,2.3,2.3,2.3,0.43,7,11717296.5,2470,0,2026-09-21
NIFTY,2026-10-13,21550.0,CE,0.0,0.0,0.0,2214.9,1945.08,0,0.0,0,0,2026-09-21
NIFTY,2026-10-13,22900.0,CE,0.0,0.0,0.0,614.45,732.82,0,0.0,325,0,2026-09-21
NIFTY,2026-10-13,24400.0,CE,0.0,0.0,0.0,130.25,81.48,0,0.0,65,0,2026-09-21
NIFTY,2026-10-13,24800.0,CE,8.0,8.95,6.4,8.05,8.05,374,603079512.75,25935,910,2026-09-21
NIFTY,2026-10-19,21400.0,CE,0.0,0.0,0.0,1855.05,2116.79,0,0.0,0,0,2026-09-21
NIFTY,2026-10-19,21900.0,CE,0.0,0.0,0.0,1396.0,1635.05,0,0.0,0,0,2026-09-21
NIFTY,2026-10-19,22200.0,CE,0.0,0.0,0.0,1140.8,1358.48,0,0.0,0,0,2026-09-21
NIFTY,2026-10-19,22550.0,CE,0.0,0.0,0.0,870.4,1056.3,0,0.0,0,0,2026-09-21
NIFTY,2026-10-19,23000.0,CE,0.0,0.0,0.0,605.0,715.21,0,0.0,130,0,2026-09-21
NIFTY,2026-10-19,24550.0,CE,49.5,49.5,49.5,49.5,90.89,1,1598967.5,65,65,2026-09-21
NIFTY,2026-10-27,21450.0,CE,0.0,0.0,0.0,2911.0,2110.54,0,0.0,0,0,2026-09-21
NIFTY,2026-10-27,21700.0,CE,0.0,0.0,0.0,2684.55,1872.15,0,0.0,0,0,2026-09-21
NIFTY,2026-10-27,21900.0,CE,0.0,0.0,0.0,2507.4,1685.73,0,0.0,0,0,2026-09-21
NIFTY,2026-10-27,22200.0,CE,0.0,0.0,0.0,1293.5,1416.12,0,0.0,2730,0,2026-09-21
NIFTY,2026-10-27,22900.0,CE,716.0,773.0,710.0,768.5,858.4,86,132129777.0,11115,1170,2026-09-21
NIFTY,2026-10-27,23300.0,CE,443.3,474.6,421.0,457.7,457.7,5811,8970509067.0,637780,89245,2026-09-21
NIFTY,2026-10-27,24350.0,CE,50.0,52.1,46.0,48.4,48.4,669,1061005478.0,55380,10985,2026-09-21
NIFTY,2026-10-27,26150.0,CE,0.0,0.0,0.0,4.85,7.89,0,0.0,455,0,2026-09-21
NIFTY,2026-10-27,26550.0,CE,0.0,0.0,0.0,3.2,3.28,0,0.0,715,0,2026-09-21
NIFTY,2026-10-27,26800.0,CE,0.0,0.0,0.0,6.25,1.83,0,0.0,650,0,2026-09-21
NIFTY,2026-10-27,26950.0,CE,0.0,0.0,0.0,4.25,1.28,0,0.0,780,0,2026-09-21
NIFTY,2026-11-23,21550.0,CE,0.0,0.0,0.0,3139.0,2149.16,0,0.0,0,0,2026-09-21
NIFTY,2026-11-23,22050.0,CE,0.0,0.0,0.0,1497.25,1710.0,0,0.0,195,0,2026-09-21
NIFTY,2026-11-23,22550.0,CE,0.0,0.0,0.0,2241.1,1310.02,0,0.0,0,0,2026-09-21
NIFTY,2026-11-23,22900.0,CE,0.0,0.0,0.0,865.8,1059.84,0,0.0,910,0,2026-09-21
NIFTY,2026-11-23,24400.0,CE,131.2,134.15,123.0,126.3,126.3,463,738134429.5,66105,4615,2026-09-21
NIFTY,2026-11-23,24700.0,CE,76.2,77.05,72.5,74.1,74.1,329,529804853.5,70590,3640,2026-09-21
NIFTY,2026-11-23,25000.0,CE,48.0,48.85,43.5,45.2,45.2,3662,5961598792.5,712140,28340,2026-09-21
NIFTY,2026-11-23,25350.0,CE,0.0,0.0,0.0,514.1,121.98,0,0.0,0,0,2026-09-21
NIFTY,2026-11-23,26050.0,CE,0.0,0.0,0.0,309.45,51.98,0,0.0,0,0,2026-09-21
NIFTY,2026-12-29,23000.0,CE,1014.4,1061.8,1003.1,1047.85,1047.85,1308,2043142952.5,799655,-2210,2026-09-21
NIFTY,2027-06-29,19000.0,CE,0.0,0.0,0.0,7800.0,5354.46,0,0.0,75,0,2026-09-21
NIFTY,2027-06-29,31500.0,CE,0.0,0.0,0.0,769.15,54.06,0,0.0,0,0,2026-09-21
NIFTY,2028-06-27,18000.0,CE,0.0,0.0,0.0,6809.35,7382.28,0,0.0,0,0,2026-09-21
NIFTY,2029-06-26,28500.0,CE,0.0,0.0,0.0,4213.3,2227.67,0,0.0,0,0,2026-09-21
NIFTY,2029-06-26,30000.0,CE,0.0,0.0,0.0,5268.4,1751.67,0,0.0,0,0,2026-09-21
NIFTY,2029-12-24,15000.0,CE,0.0,0.0,0.0,13369.45,11233.63,0,0.0,0,0,2026-09-21
NIFTY,2029-12-24,31500.0,CE,0.0,0.0,0.0,3429.3,1813.37,0,0.0,0,0,2026-09-21
NIFTY,2030-06-25,22500.0,CE,0.0,0.0,0.0,9012.4,6301.83,0,0.0,0,0,2026-09-21
NIFTY,2030-12-31,30000.0,CE,0.0,0.0,0.0,5227.2,3281.6,0,0.0,0,0,2026-09-21
NIFTY,2031-06-24,24000.0,CE,0.0,0.0,0.0,7181.9,6497.77,0,0.0,0,0,2026-09-21
NIFTY,2026-09-22,21700.0,PE,1.1,1.35,0.65,0.8,0.8,143975,203085085797.75,1737710,-1135745,2026-09-21
NIFTY,2026-09-22,23700.0,PE,351.5,359.15,238.85,261.1,261.1,73732,114965451734.25,582660,45890,2026-09-21
NIFTY,2026-09-22,24350.0,PE,951.0,984.95,893.85,905.5,905.5,142,233275893.5,10335,-4290,2026-09-21
NIFTY,2026-09-22,24500.0,PE,1120.0,1136.0,1043.0,1056.65,1056.65,2877,4783974195.0,116090,-158860,2026-09-21
NIFTY,2026-09-22,25000.0,PE,1638.75,1638.75,1544.6,1556.5,1556.5,645,1114737373.75,34775,-31005,2026-09-21
NIFTY,2026-09-22,25100.0,PE,1675.0,1675.0,1655.0,1670.4,1681.62,4,6958601.0,780,-260,2026-09-21
NIFTY,2026-09-22,25300.0,PE,1907.25,1907.25,1907.25,1907.25,1881.59,1,1768471.25,520,-65,2026-09-21
NIFTY,2026-09-22,25600.0,PE,2240.0,2240.0,2209.1,2209.1,2181.54,2,3617191.5,195,0,2026-09-21
NIFTY,2026-09-29,21350.0,PE,2.85,3.1,2.45,2.8,2.8,3560,4941021731.75,115765,49205,2026-09-21
NIFTY,2026-09-29,21550.0,PE,2.6,3.5,2.6,3.25,3.25,1771,2481095825.0,19305,9230,2026-09-21
NIFTY,2026-09-29,21850.0,PE,4.7,4.7,3.75,4.05,4.05,2707,3845329150.0,42315,-8645,2026-09-21
NIFTY,2026-09-29,22150.0,PE,7.0,7.15,4.9,5.6,5.6,4825,6948453817.5,116220,-18460,2026-09-21
NIFTY,2026-09-29,22800.0,PE,30.05,30.05,14.15,16.0,16.0,120693,179003096450.75,2804165,759200,2026-09-21
NIFTY,2026-09-29,22950.0,PE,40.95,42.05,22.7,25.5,25.5,38531,57551882521.25,642655,214955,2026-09-21
NIFTY,2026-09-29,24700.0,PE,1302.5,1303.4,1235.0,1254.05,1254.05,316,533259083.5,222820,4485,2026-09-21
NIFTY,2026-09-29,25800.0,PE,2370.0,2382.0,2360.0,2360.0,2352.19,7,12817545.0,21125,260,2026-09-21
NIFTY,2026-09-29,26650.0,PE,0.0,0.0,0.0,2517.6,3201.08,0,0.0,0,0,2026-09-21
NIFTY,2026-09-29,26800.0,PE,0.0,0.0,0.0,2222.1,3350.89,0,0.0,1365,0,2026-09-21
NIFTY,2026-09-29,27100.0,PE,0.0,0.0,0.0,2914.15,3650.5,0,0.0,0,0,2026-09-21
NIFTY,2026-09-29,30000.0,PE,6620.0,6630.0,6540.05,6564.1,6564.1,65,154595785.5,134940,-1495,2026-09-21
NIFTY,2026-10-06,22700.0,PE,42.7,42.7,25.05,27.0,27.0,4784,7067985193.75,109200,44460,2026-09-21
NIFTY,2026-10-06,23000.0,PE,83.0,83.25,53.1,56.1,56.1,18759,28121161058.25,573040,248235,2026-09-21
NIFTY,2026-10-06,24300.0,PE,852.0,855.3,825.95,833.15,880.68,57,93184978.25,3380,3250,2026-09-21
NIFTY,2026-10-06,24650.0,PE,0.0,0.0,0.0,741.5,1196.75,0,0.0,0,0,2026-09-21
NIFTY,2026-10-06,25400.0,PE,0.0,0.0,0.0,1304.85,1925.61,0,0.0,0,0,2026-09-21
NIFTY,2026-10-06,25450.0,PE,0.0,0.0,0.0,1346.9,1975.19,0,0.0,0,0,2026-09-21
NIFTY,2026-10-06,25650.0,PE,0.0,0.0,0.0,1519.5,2173.92,0,0.0,0,0,2026-09-21
NIFTY,2026-10-13,21650.0,PE,0.0,0.0,0.0,30.0,5.46,0,0.0,195,0,2026-09-21
NIFTY,2026-10-13,21950.0,PE,0.0,0.0,0.0,18.0,13.98,0,0.0,390,0,2026-09-21
NIFTY,2026-10-13,22800.0,PE,76.0,76.05,54.55,56.15,56.15,1239,1841122809.5,53690,24180,2026-09-21
NIFTY,2026-10-13,23100.0,PE,131.75,131.85,99.35,103.05,103.05,324,488854827.5,17810,7345,2026-09-21
NIFTY,2026-10-13,23750.0,PE,0.0,0.0,0.0,445.0,503.14,0,0.0,1885,0,2026-09-21
NIFTY,2026-10-13,24900.0,PE,0.0,0.0,0.0,1237.05,1424.67,0,0.0,0,0,2026-09-21
NIFTY,2026-10-13,25050.0,PE,0.0,0.0,0.0,1363.6,1565.75,0,0.0,0,0,2026-09-21
NIFTY,2026-10-13,25100.0,PE,0.0,0.0,0.0,1406.65,1613.32,0,0.0,0,0,2026-09-21
NIFTY,2026-10-19,22050.0,PE,0.0,0.0,0.0,77.0,30.78,0,0.0,0,0,2026-09-21
NIFTY,2026-10-19,22650.0,PE,0.0,0.0,0.0,207.4,108.21,0,0.0,0,0,2026-09-21
NIFTY,2026-10-19,23250.0,PE,0.0,0.0,0.0,227.9,285.45,0,0.0,260,0,2026-09-21
NIFTY,2026-10-19,23450.0,PE,0.0,0.0,0.0,558.4,373.53,0,0.0,0,0,2026-09-21
NIFTY,2026-10-19,23600.0,PE,0.0,0.0,0.0,648.9,449.63,0,0.0,0,0,2026-09-21
NIFTY,2026-10-19,23900.0,PE,0.0,0.0,0.0,851.5,627.54,0,0.0,0,0,2026-09-21
NIFTY,2026-10-19,24100.0,PE,0.0,0.0,0.0,1001.35,763.94,0,0.0,0,0,2026-09-21
NIFTY,2026-10-19,24300.0,PE,0.0,0.0,0.0,1161.1,913.28,0,0.0,0,0,2026-09-21
NIFTY,2026-10-19,24750.0,PE,0.0,0.0,0.0,1549.95,1286.89,0,0.0,0,0,2026-09-21
NIFTY,2026-10-27,23200.0,PE,212.15,219.0,173.15,180.5,180.5,5170,7861362886.0,471185,14040,2026-09-21
NIFTY,2026-10-27,23700.0,PE,425.0,438.9,362.5,373.3,373.3,1642,2571430039.75,326690,9685,2026-09-21
NIFTY,2026-10-27,24450.0,PE,0.0,0.0,0.0,1047.85,1039.45,0,0.0,11570,0,2026-09-21
NIFTY,2026-10-27,25800.0,PE,0.0,0.0,0.0,2359.9,2240.98,0,0.0,585,0,2026-09-21
NIFTY,2026-10-27,26050.0,PE,0.0,0.0,0.0,1920.65,2483.04,0,0.0,0,0,2026-09-21
NIFTY,2026-11-23,21750.0,PE,0.0,0.0,0.0,65.0,68.62,0,0.0,455,0,2026-09-21
NIFTY,2026-11-23,22250.0,PE,96.35,96.35,80.4,80.45,80.45,9,13065828.75,3510,455,2026-09-21
NIFTY,2026-11-23,22850.0,PE,207.0,207.0,158.05,158.05,158.05,14,20952272.25,2795,260,2026-09-21
NIFTY,2026-11-23,22900.0,PE,209.6,209.6,169.45,173.3,173.3,185,277522238.5,28860,5265,2026-09-21
NIFTY,2026-11-23,23750.0,PE,448.0,455.0,448.0,449.9,449.9,18,28315306.5,4615,585,2026-09-21
NIFTY,2026-11-23,24300.0,PE,814.9,818.9,763.4,775.0,980.19,67,109315527.75,15600,1560,2026-09-21
NIFTY,2026-11-23,24750.0,PE,0.0,0.0,0.0,807.55,1299.98,0,0.0,0,0,2026-09-21
NIFTY,2026-11-23,25250.0,CE,0.0,0.0,0.0,550.35,136.59,0,0.0,0,0,2026-09-21
NIFTY,2026-09-22,21400.0,CE,0.0,0.0,0.0,2881.05,2017.78,0,0.0,0,0,2026-09-21
NIFTY,2026-09-22,22800.0,CE,559.35,669.85,555.5,647.0,647.0,2190,3333762623.75,83070,-36205,2026-09-21
NIFTY,2026-09-22,23700.0,CE,3.65,6.65,2.5,3.15,3.15,2459258,3789145630237.5,9435075,-60645,2026-09-21
NIFTY,2026-09-22,24450.0,CE,0.75,0.85,0.4,0.55,0.55,41058,65253220786.0,603915,-28340,2026-09-21
NIFTY,2026-09-22,25050.0,CE,0.6,0.75,0.4,0.5,0.5,6656,10837864349.0,93925,-83070,2026-09-21
NIFTY,2026-09-22,25200.0,CE,0.6,0.65,0.35,0.4,0.4,19326,31656612217.75,255125,-96330,2026-09-21
NIFTY,2026-09-22,25350.0,CE,0.5,0.6,0.35,0.4,0.4,4670,7695142315.25,28925,9945,2026-09-21
NIFTY,2026-09-22,25400.0,CE,0.45,0.55,0.35,0.4,0.4,9138,15087119011.25,110825,-56160,2026-09-21
NIFTY,2026-09-29,21700.0,CE,0.0,0.0,0.0,1820.0,1742.55,0,0.0,0,0,2026-09-21
NIFTY,2026-09-29,22750.0,CE,643.5,715.05,643.5,705.3,705.3,29,44186213.5,3315,-1040,2026-09-21
NIFTY,2026-09-29,23750.0,CE,29.8,37.45,24.3,30.25,30.25,91001,140660739378.25,1574755,617565,2026-09-21
NIFTY,2026-09-29,24150.0,CE,5.55,5.95,3.5,5.35,5.35,32167,50504494066.0,691015,32045,2026-09-21
NIFTY,2026-09-29,24500.0,CE,2.85,3.3,2.65,3.1,3.1,109859,174971958372.25,6152770,656305,2026-09-21
NIFTY,2026-09-29,25800.0,CE,1.1,1.3,0.8,0.85,0.85,9106,15271333372.75,405665,107510,2026-09-21
NIFTY,2026-10-06,21900.0,CE,0.0,0.0,0.0,2291.95,1571.53,0,0.0,0,0,2026-09-21
NIFTY,2026-10-06,22950.0,CE,0.0,0.0,0.0,509.15,625.85,0,0.0,2405,0,2026-09-21
NIFTY,2026-10-06,23000.0,CE,488.7,546.95,470.0,522.7,522.7,1987,3037403755.75,111995,71630,2026-09-21
NIFTY,2026-10-06,23450.0,CE,200.95,212.55,174.0,199.0,199.0,4933,7581414740.25,103610,69225,2026-09-21
NIFTY,2026-10-06,23700.0,CE,84.35,97.5,76.0,86.5,86.5,8411,13004023808.75,298675,130650,2026-09-21
NIFTY,2026-10-13,21400.0,CE,0.0,0.0,0.0,2360.9,2092.93,0,0.0,0,0,2026-09-21
NIFTY,2026-10-13,22000.0,CE,0.0,0.0,0.0,1785.9,1508.96,0,0.0,0,0,2026-09-21
NIFTY,2026-10-13,23250.0,CE,371.75,389.65,356.75,389.65,389.65,18,27645358.0,5915,-260,2026-09-21
NIFTY,2026-10-13,23550.0,CE,194.4,219.0,185.25,204.45,204.45,151,233122038.5,6825,520,2026-09-21
NIFTY,2026-10-13,24200.0,CE,31.1,33.0,26.95,29.4,29.4,5896,9286252953.25,339105,185900,2026-09-21
NIFTY,2026-10-13,25250.0,CE,0.0,0.0,0.0,6.6,11.73,0,0.0,1300,0,2026-09-21
NIFTY,2026-10-19,22850.0,CE,0.0,0.0,0.0,667.95,822.82,0,0.0,0,0,2026-09-21
NIFTY,2026-10-19,24250.0,CE,0.0,0.0,0.0,121.35,149.24,0,0.0,0,0,2026-09-21
NIFTY,2026-10-19,24650.0,CE,0.0,0.0,0.0,63.85,76.2,0,0.0,0,0,2026-09-21
NIFTY,2026-10-19,24900.0,CE,0.0,0.0,0.0,41.2,47.85,0,0.0,0,0,2026-09-21
NIFTY,2026-10-27,21350.0,CE,0.0,0.0,0.0,3002.9,2207.14,0,0.0,0,0,2026-09-21
NIFTY,2026-10-27,22100.0,CE,0.0,0.0,0.0,2334.2,1504.43,0,0.0,0,0,2026-09-21
NIFTY,2026-10-27,23100.0,CE,560.05,615.0,560.05,599.7,599.7,144,221743850.25,33475,-390,2026-09-21
NIFTY,2026-10-27,23350.0,CE,400.25,440.7,391.8,422.6,422.6,458,707378490.0,24115,-1950,2026-09-21
NIFTY,2026-10-27,23400.0,CE,381.55,408.0,360.35,390.45,390.45,7306,11293821243.25,383435,123890,2026-09-21
NIFTY,2026-10-27,23700.0,CE,210.0,240.7,200.0,228.65,228.65,4577,7117582975.75,379470,16380,2026-09-21
NIFTY,2026-10-27,24800.0,CE,19.0,19.1,16.45,17.2,17.2,4674,7539828146.5,410995,24505,2026-09-21
NIFTY,2026-10-27,24950.0,CE,14.3,14.6,12.3,13.2,13.2,285,462450979.25,73645,0,2026-09-21
NIFTY,2026-10-27,25000.0,CE,13.95,14.0,12.3,13.25,13.25,14980,24355392191.0,2220920,243165,2026-09-21
NIFTY,2026-10-27,25400.0,CE,8.8,8.8,7.1,7.9,7.9,287,473983591.25,97110,-4420,2026-09-21
NIFTY,2026-10-27,26050.0,CE,4.55,6.85,4.3,5.95,5.95,209,353954071.25,5330,2925,2026-09-21
NIFTY,2026-10-27,26850.0,CE,0.0,0.0,0.0,6.1,1.63,0,0.0,845,0,2026-09-21
NIFTY,2026-10-27,27000.0,CE,1.55,1.95,1.4,1.6,1.6,1027,1802491564.25,546715,19630,2026-09-21
NIFTY,2026-10-27,27100.0,CE,0.0,0.0,0.0,2.6,0.88,0,0.0,5720,0,2026-09-21
NIFTY,2026-11-23,22200.0,CE,0.0,0.0,0.0,1369.7,1585.3,0,0.0,195,0,2026-09-21
NIFTY,2026-11-23,22250.0,CE,0.0,0.0,0.0,1327.75,1544.57,0,0.0,195,0,2026-09-21
NIFTY,2026-11-23,22500.0,CE,1192.0,1258.25,1192.0,1243.4,1243.4,62,95656710.5,20995,0,2026-09-21
NIFTY,2026-11-23,22800.0,CE,956.45,998.15,940.5,998.0,1128.44,19,29374813.0,4290,-130,2026-09-21
NIFTY,2026-11-23,23200.0,CE,664.35,707.0,652.0,692.2,692.2,516,800676035.25,158340,22880,2026-09-21
NIFTY,2026-11-23,24850.0,CE,0.0,0.0,0.0,118.8,210.12,0,0.0,390,0,2026-09-21
NIFTY,2026-11-23,25200.0,CE,0.0,0.0,0.0,569.15,144.42,0,0.0,0,0,2026-09-21
NIFTY,2026-12-29,28000.0,CE,12.5,12.9,11.3,11.7,11.7,1171,2132137107.75,1789920,3120,2026-09-21
NIFTY,2027-06-29,28500.0,CE,0.0,0.0,0.0,1711.9,256.3,0,0.0,0,0,2026-09-21
NIFTY,2027-12-28,25000.0,CE,1397.0,1402.0,1364.85,1389.8,1389.8,131,224676601.5,124420,4225,2026-09-21
NIFTY,2027-12-28,26000.0,CE,905.0,921.0,900.0,909.55,909.55,102,178380881.25,142650,585,2026-09-21
NIFTY,2027-12-28,30000.0,CE,142.05,150.0,141.0,145.1,145.1,116,227299952.75,235950,2015,2026-09-21
NIFTY,2027-12-28,31500.0,CE,0.0,0.0,0.0,98.0,252.09,0,0.0,2145,0,2026-09-21
NIFTY,2028-06-27,16500.0,CE,0.0,0.0,0.0,11752.8,8682.11,0,0.0,0,0,2026-09-21
NIFTY,2029-06-26,19500.0,CE,0.0,0.0,0.0,10206.95,7252.48,0,0.0,0,0,2026-09-21
NIFTY,2029-12-24,19500.0,CE,0.0,0.0,0.0,10678.8,7771.71,0,0.0,0,0,2026-09-21
NIFTY,2030-06-25,25500.0,CE,0.0,0.0,0.0,7070.45,4630.68,0,0.0,0,0,2026-09-21
NIFTY,2030-12-31,24000.0,CE,0.0,0.0,0.0,8563.3,5991.66,0,0.0,0,0,2026-09-21
NIFTY,2031-06-24,16500.0,CE,0.0,0.0,0.0,11849.25,11277.02,0,0.0,0,0,2026-09-21
NIFTY,2026-09-22,22300.0,PE,1.5,2.0,1.2,1.55,1.55,552890,801469073330.25,4316455,-831285,2026-09-21
NIFTY,2026-09-22,22900.0,PE,5.95,6.5,3.2,4.1,4.1,1070697,1594010611433.5,8676460,3703635,2026-09-21
NIFTY,2026-09-22,23150.0,PE,27.9,28.05,7.85,9.1,9.1,1684789,2536477733695.75,6188455,2285075,2026-09-21
NIFTY,2026-09-22,23250.0,PE,47.4,47.4,14.4,16.35,16.35,2325721,3518253428693.25,7922005,1431300,2026-09-21
NIFTY,2026-09-22,24700.0,PE,1310.0,1310.0,1254.85,1257.5,1257.5,27,45585709.0,4290,-1495,2026-09-21
NIFTY,2026-09-22,24750.0,PE,0.0,0.0,0.0,752.65,1331.68,0,0.0,0,0,2026-09-21
NIFTY,2026-09-22,24900.0,PE,1489.6,1489.6,1450.55,1460.0,1460.0,6,10280842.0,9295,-195,2026-09-21
NIFTY,2026-09-22,25800.0,PE,2410.0,2410.0,2346.6,2346.6,2381.51,6,10990824.0,325,-130,2026-09-21
NIFTY,2026-09-29,16500.0,PE,0.45,0.65,0.35,0.45,0.45,399,427938992.0,130455,0,2026-09-21
NIFTY,2026-09-29,21650.0,PE,3.45,3.75,2.8,3.5,3.5,1957,2754421608.25,29120,-17615,2026-09-21
NIFTY,2026-09-29,22050.0,PE,5.55,5.65,4.55,5.1,5.1,6312,9048684853.0,175240,-5395,2026-09-21
NIFTY,2026-09-29,22100.0,PE,6.15,6.15,4.75,5.25,5.25,20677,29709371519.75,513370,102570,2026-09-21
NIFTY,2026-09-29,22350.0,PE,9.9,9.9,5.95,7.2,7.2,8793,12777851814.0,211770,48230,2026-09-21
NIFTY,2026-09-29,22750.0,PE,20.0,21.8,12.15,13.9,13.9,31615,46780574763.0,665470,346255,2026-09-21
NIFTY,2026-09-29,23200.0,PE,99.55,99.55,54.55,59.85,59.85,105364,159362895139.5,3420755,270335,2026-09-21
NIFTY,2026-09-29,23450.0,PE,201.8,201.9,130.6,141.5,141.5,50355,77253204834.0,715195,519545,2026-09-21
NIFTY,2026-09-29,24050.0,PE,651.0,678.2,586.1,609.35,609.35,161,258230807.25,90805,780,2026-09-21
NIFTY,2026-09-29,24150.0,PE,782.15,782.15,683.5,706.6,706.6,2470,3990772610.5,131560,-26650,2026-09-21
NIFTY,2026-09-29,24900.0,PE,1496.0,1517.0,1440.0,1455.75,1455.75,18,30854222.75,75075,-715,2026-09-21
NIFTY,2026-09-29,25250.0,PE,1835.0,1835.0,1835.0,1835.0,1803.02,1,1760525.0,1690,0,2026-09-21
NIFTY,2026-09-29,25900.0,PE,2501.0,2501.0,2501.0,2501.0,2452.06,2,3692130.0,4550,-130,2026-09-21
NIFTY,2026-09-29,26450.0,PE,0.0,0.0,0.0,2346.8,3001.34,0,0.0,0,0,2026-09-21
NIFTY,2026-10-06,22300.0,PE,15.1,16.0,11.75,12.5,12.5,3542,5137075063.25,80990,25740,2026-09-21
NIFTY,2026-10-06,23300.0,PE,166.55,168.75,115.2,121.8,121.8,7425,11311765695.75,275600,49660,2026-09-21
NIFTY,2026-10-06,25350.0,PE,0.0,0.0,0.0,1263.25,1876.09,0,0.0,0,0,2026-09-21
NIFTY,2026-10-13,22050.0,PE,17.5,22.45,13.85,16.0,18.64,66,94663959.0,4680,1820,2026-09-21
NIFTY,2026-10-13,22950.0,PE,90.7,94.2,75.15,75.65,75.65,314,470119536.25,11635,6955,2026-09-21
NIFTY,2026-10-13,23800.0,PE,469.95,469.95,394.0,399.95,399.95,100,157407438.5,5460,650,2026-09-21
NIFTY,2026-10-13,23850.0,PE,0.0,0.0,0.0,525.1,566.54,0,0.0,1625,0,2026-09-21
NIFTY,2026-10-13,23950.0,PE,0.0,0.0,0.0,563.2,633.9,0,0.0,0,0,2026-09-21
NIFTY,2026-10-13,24450.0,PE,0.0,0.0,0.0,886.75,1022.25,0,0.0,0,0,2026-09-21
NIFTY,2026-10-13,24650.0,PE,0.0,0.0,0.0,1036.55,1196.46,0,0.0,0,0,2026-09-21
NIFTY,2026-10-13,25250.0,PE,0.0,0.0,0.0,1538.35,1757.34,0,0.0,0,0,2026-09-21
NIFTY,2026-10-19,23300.0,PE,215.5,215.5,181.15,182.8,182.8,73,111490577.25,5330,2795,2026-09-21
NIFTY,2026-10-19,24400.0,PE,0.0,0.0,0.0,1244.3,992.14,0,0.0,0,0,2026-09-21
NIFTY,2026-10-19,24650.0,PE,0.0,0.0,0.0,1460.6,1200.02,0,0.0,0,0,2026-09-21
NIFTY,2026-10-19,24800.0,PE,0.0,0.0,0.0,1595.2,1331.02,0,0.0,0,0,2026-09-21
NIFTY,2026-10-19,24850.0,PE,0.0,0.0,0.0,1640.7,1375.57,0,0.0,0,0,2026-09-21
NIFTY,2026-10-27,22150.0,PE,42.95,44.1,35.85,36.55,36.55,537,774485231.0,31590,20865,2026-09-21
NIFTY,2026-10-27,22600.0,PE,86.9,88.65,69.2,70.75,70.75,4751,7002809203.0,289315,51545,2026-09-21
NIFTY,2026-10-27,22750.0,PE,102.5,106.05,87.4,89.0,89.0,446,662332073.0,27235,8775,2026-09-21
NIFTY,2026-10-27,23000.0,PE,161.25,163.75,127.35,132.85,132.85,25800,38812068217.0,2612935,383045,2026-09-21
NIFTY,2026-10-27,24600.0,PE,929.85,1120.0,929.85,1063.5,1063.5,34,56763837.0,94120,1495,2026-09-21
NIFTY,2026-10-27,24900.0,PE,1246.05,1387.0,1246.05,1325.6,1410.24,8,13645703.5,80275,520,2026-09-21
NIFTY,2026-10-27,25100.0,PE,1580.0,1596.0,1530.85,1531.4,1531.4,31,53749260.5,8710,1365,2026-09-21
NIFTY,2026-10-27,25150.0,PE,0.0,0.0,0.0,1666.8,1631.86,0,0.0,260,0,2026-09-21
NIFTY,2026-10-27,25400.0,PE,0.0,0.0,0.0,1898.95,1861.58,0,0.0,845,0,2026-09-21
NIFTY,2026-10-27,25500.0,PE,1961.6,1992.95,1912.0,1925.75,1925.75,620,1106923268.75,403975,37505,2026-09-21
NIFTY,2026-10-27,26950.0,PE,0.0,0.0,0.0,2675.85,3368.98,0,0.0,0,0,2026-09-21
NIFTY,2026-11-23,21600.0,PE,50.0,50.0,35.6,42.25,54.47,91,128010808.25,2275,2080,2026-09-21
NIFTY,2026-11-23,21800.0,PE,55.0,60.2,50.2,52.3,52.3,176,250017361.75,9425,3835,2026-09-21
NIFTY,2026-11-23,22400.0,PE,113.0,113.8,94.7,96.15,96.15,354,517795635.5,26130,7410,2026-09-21
NIFTY,2026-11-23,22650.0,PE,0.0,0.0,0.0,155.7,225.88,0,0.0,4420,0,2026-09-21
NIFTY,2026-11-23,23550.0,PE,391.15,393.1,362.4,362.4,552.76,8,12444718.0,17615,-325,2026-09-21
NIFTY,2026-11-23,24050.0,PE,0.0,0.0,0.0,686.3,822.45,0,0.0,1170,0,2026-09-21
NIFTY,2026-11-23,24450.0,PE,0.0,0.0,0.0,878.7,1081.67,0,0.0,1560,0,2026-09-21
NIFTY,2026-11-23,24650.0,PE,0.0,0.0,0.0,1050.0,1224.42,0,0.0,910,0,2026-09-21
NIFTY,2026-12-29,15000.0,PE,10.0,10.0,9.1,9.1,9.1,122,119023206.25,132910,910,2026-09-21
NIFTY,2026-12-29,16000.0,PE,9.15,11.0,9.15,10.5,10.5,13,13529012.25,124535,650,2026-09-21
NIFTY,2026-12-29,24000.0,PE,679.8,679.8,604.1,613.2,613.2,4266,6830972879.25,2231475,-19015,2026-09-21
NIFTY,2026-12-29,33000.0,PE,0.0,0.0,0.0,5263.45,9023.1,0,0.0,0,0,2026-09-21
NIFTY,2027-12-28,28500.0,PE,0.0,0.0,0.0,2979.7,3565.45,0,0.0,260,0,2026-09-21
NIFTY,2027-12-28,31500.0,PE,0.0,0.0,0.0,3240.0,5903.67,0,0.0,0,0,2026-09-21
NIFTY,2027-12-28,33000.0,PE,0.0,0.0,0.0,4155.55,7182.34,0,0.0,0,0,2026-09-21
NIFTY,2028-06-27,19500.0,PE,0.0,0.0,0.0,40.05,153.75,0,0.0,0,0,2026-09-21
NIFTY,2028-06-27,30000.0,PE,0.0,0.0,0.0,3779.25,4226.33,0,0.0,0,0,2026-09-21
NIFTY,2028-12-26,16500.0,PE,0.0,0.0,0.0,5.9,29.95,0,0.0,0,0,2026-09-21
NIFTY,2029-06-26,15000.0,PE,0.0,0.0,0.0,30.9,13.64,0,0.0,0,0,2026-09-21
NIFTY,2029-12-24,18000.0,PE,0.0,0.0,0.0,96.5,109.3,0,0.0,0,0,2026-09-21
NIFTY,2029-12-24,23000.0,PE,0.0,0.0,0.0,725.05,730.59,0,0.0,1560,0,2026-09-21
NIFTY,2029-12-24,26000.0,PE,1450.0,1450.0,1450.0,1450.0,1450.0,2,3568500.0,4185,130,2026-09-21
NIFTY,2030-06-25,24000.0,PE,0.0,0.0,0.0,698.15,919.25,0,0.0,0,0,2026-09-21
NIFTY,2030-12-31,25500.0,PE,0.0,0.0,0.0,538.25,1227.65,0,0.0,0,0,2026-09-21
NIFTY,2031-06-24,31500.0,PE,0.0,0.0,0.0,3185.85,3134.65,0,0.0,0,0,2026-09-21
NIFTY,2026-10-27,22700.0,CE,941.3,941.3,941.3,941.3,1005.27,1,1536684.5,3185,0,2026-09-21
NIFTY,2026-10-27,22600.0,CE,974.3,1004.55,966.15,1004.55,1082.74,16,24518692.25,2340,650,2026-09-21
NIFTY,2026-10-27,22400.0,CE,0.0,0.0,0.0,2083.15,1245.09,0,0.0,0,0,2026-09-21
NIFTY,2026-10-27,22300.0,CE,0.0,0.0,0.0,1235.9,1329.61,0,0.0,130,0,2026-09-21
NIFTY,2026-10-27,22150.0,CE,0.0,0.0,0.0,1336.0,1460.06,0,0.0,4810,0,2026-09-21
NIFTY,2026-10-19,25100.0,CE,0.0,0.0,0.0,28.4,32.15,0,0.0,0,0,2026-09-21
NIFTY,2026-10-19,25050.0,CE,0.0,0.0,0.0,31.25,35.59,0,0.0,0,0,2026-09-21
NIFTY,2026-10-19,24700.0,CE,0.0,0.0,0.0,58.6,69.62,0,0.0,0,0,2026-09-21
NIFTY,2026-10-19,24500.0,CE,0.0,0.0,0.0,66.3,99.06,0,0.0,1170,0,2026-09-21
NIFTY,2026-10-19,24000.0,CE,88.3,89.0,77.25,83.85,83.85,534,835963176.75,23855,5655,2026-09-21
NIFTY,2026-10-19,23850.0,CE,173.4,173.4,120.75,140.75,140.75,3,4678189.75,65,65,2026-09-21
NIFTY,2026-10-19,23800.0,CE,170.0,170.35,132.35,142.35,142.35,123,191374989.0,5395,5395,2026-09-21
NIFTY,2026-10-19,23700.0,CE,178.0,183.95,175.7,177.4,177.4,15,23281352.25,2730,65,2026-09-21
NIFTY,2026-10-19,23650.0,CE,208.55,212.85,186.95,203.15,203.15,43,66657184.75,650,650,2026-09-21
NIFTY,2026-10-19,23600.0,CE,213.0,237.6,213.0,223.6,223.6,120,185842036.25,3055,455,2026-09-21
NIFTY,2026-10-19,23400.0,CE,320.0,354.7,310.0,343.4,343.4,194,299281567.0,6175,4420,2026-09-21
NIFTY,2026-10-13,25100.0,CE,5.2,6.8,4.5,4.5,17.17,23,37532225.25,520,-910,2026-09-21
NIFTY,2026-10-13,24750.0,CE,0.0,0.0,0.0,137.9,39.14,0,0.0,0,0,2026-09-21
NIFTY,2026-10-13,24150.0,CE,0.0,0.0,0.0,302.85,130.29,0,0.0,0,0,2026-09-21
NIFTY,2026-10-13,23750.0,CE,113.3,126.2,107.95,119.75,119.75,260,403347457.5,16770,520,2026-09-21
NIFTY,2026-10-13,21850.0,CE,0.0,0.0,0.0,1927.0,1652.61,0,0.0,0,0,2026-09-21
NIFTY,2026-10-13,21650.0,CE,0.0,0.0,0.0,2118.25,1847.01,0,0.0,0,0,2026-09-21
NIFTY,2026-10-13,21500.0,CE,0.0,0.0,0.0,2263.45,1994.28,0,0.0,0,0,2026-09-21
NIFTY,2026-10-06,24750.0,CE,5.1,5.35,2.7,4.75,4.75,53,85277751.0,2665,0,2026-09-21
NIFTY,2026-10-06,23550.0,CE,142.0,159.55,128.25,145.5,145.5,1443,2222433161.0,48360,14235,2026-09-21
NIFTY,2026-10-06,23400.0,CE,202.0,244.3,198.3,226.75,226.75,12993,19947664181.25,336635,109330,2026-09-21
NIFTY,2026-10-06,23250.0,CE,295.05,346.9,290.0,325.65,325.65,328,502362493.75,23465,-2470,2026-09-21
NIFTY,2026-10-06,22850.0,CE,635.65,635.65,635.65,635.65,703.12,1,1526567.25,455,65,2026-09-21
NIFTY,2026-09-29,34500.0,CE,0.0,0.0,0.0,0.3,0.0,0,0.0,9815,0,2026-09-21
NIFTY,2026-09-29,27200.0,CE,0.85,1.0,0.55,0.65,0.65,232,410187189.75,80665,-1495,2026-09-21
NIFTY,2026-09-29,26550.0,CE,0.95,0.95,0.6,0.6,0.6,26,44870696.0,4485,130,2026-09-21
NIFTY,2026-09-29,26350.0,CE,0.7,0.9,0.5,0.7,0.7,38,65086329.75,1755,-325,2026-09-21
NIFTY,2026-09-29,26250.0,CE,0.95,1.1,0.55,0.8,0.8,210,358324674.5,11635,9685,2026-09-21
NIFTY,2026-09-29,25350.0,CE,1.25,2.0,1.0,1.4,1.4,258,425142662.75,18005,-650,2026-09-21
NIFTY,2026-09-29,24200.0,CE,4.95,5.6,3.9,5.05,5.05,112208,176537508514.25,4877795,1388790,2026-09-21
NIFTY,2026-09-29,23950.0,CE,11.2,11.9,8.15,10.1,10.1,32595,50763246959.75,969995,441220,2026-09-21
NIFTY,2026-09-29,22950.0,CE,460.0,539.2,460.0,521.3,521.3,94,143250835.0,9100,-2145,2026-09-21
NIFTY,2026-09-29,22500.0,CE,905.0,972.0,872.5,949.8,949.8,1726,2628165302.75,573430,-17225,2026-09-21
NIFTY,2026-09-29,21900.0,CE,0.0,0.0,0.0,1440.0,1543.02,0,0.0,585,0,2026-09-21
NIFTY,2026-09-22,25900.0,CE,0.45,0.5,0.3,0.4,0.4,4550,7660050495.5,101790,-36400,2026-09-21
NIFTY,2026-10-27,24400.0,CE,44.3,46.45,41.1,42.75,42.75,10326,16406378953.25,538330,164970,2026-09-21
NIFTY,2026-10-27,24450.0,CE,39.65,40.45,36.45,37.55,37.55,780,1241555311.75,54405,13195,2026-09-21
NIFTY,2026-10-27,24900.0,CE,17.1,17.1,13.6,14.7,14.7,1167,1889928462.5,211575,-11245,2026-09-21
NIFTY,2026-10-27,25550.0,CE,7.1,7.1,6.95,7.0,26.0,12,19934495.75,1495,-65,2026-09-21
NIFTY,2026-10-27,25700.0,CE,6.5,6.6,5.45,6.1,6.1,425,710132068.75,70785,7020,2026-09-21
NIFTY,2026-10-27,25900.0,CE,6.0,6.0,4.7,4.7,4.7,12,20206004.0,4550,390,2026-09-21
NIFTY,2026-10-27,27050.0,CE,0.0,0.0,0.0,2.45,1.0,0,0.0,5525,0,2026-09-21
NIFTY,2026-10-27,27150.0,CE,0.0,0.0,0.0,5.0,0.78,0,0.0,1950,0,2026-09-21
NIFTY,2026-11-23,21650.0,CE,0.0,0.0,0.0,3045.65,2058.82,0,0.0,0,0,2026-09-21
NIFTY,2026-11-23,22100.0,CE,0.0,0.0,0.0,1454.35,1668.02,0,0.0,195,0,2026-09-21
NIFTY,2026-11-23,22600.0,CE,0.0,0.0,0.0,2198.8,1272.67,0,0.0,0,0,2026-09-21
NIFTY,2026-09-22,25800.0,CE,0.4,0.5,0.25,0.3,0.3,25463,42702074298.0,612170,-253045,2026-09-21
NIFTY,2026-09-22,25700.0,CE,0.45,0.5,0.25,0.35,0.35,7366,12305091818.5,133185,-39390,2026-09-21
NIFTY,2026-09-22,25650.0,CE,0.6,0.6,0.3,0.35,0.35,1057,1762311918.25,26910,-715,2026-09-21
NIFTY,2026-09-22,25600.0,CE,0.45,0.5,0.25,0.35,0.35,5750,9568147319.25,84695,-39520,2026-09-21
NIFTY,2026-09-22,25250.0,CE,0.55,0.6,0.35,0.45,0.45,6477,10630577542.0,108745,-52780,2026-09-21
NIFTY,2026-09-22,24300.0,CE,0.75,0.95,0.45,0.6,0.6,311906,492670452209.0,3417960,-677040,2026-09-21
NIFTY,2026-09-22,24050.0,CE,1.7,1.7,0.65,0.9,0.9,217973,340761573210.5,1938690,137215,2026-09-21
NIFTY,2026-09-22,23200.0,CE,175.8,278.0,173.35,253.9,253.9,621679,946334282647.0,2056145,-609375,2026-09-21
NIFTY,2026-09-22,22900.0,CE,464.9,567.0,450.05,545.7,545.7,2329,3543345705.25,125320,-11245,2026-09-21
NIFTY,2026-11-23,23250.0,CE,650.0,674.75,650.0,659.0,659.0,3,4662693.75,125060,0,2026-09-21
NIFTY,2026-11-23,24050.0,CE,233.75,233.75,224.9,230.0,230.0,59,93122786.25,6435,2275,2026-09-21
NIFTY,2026-11-23,24350.0,CE,140.0,140.6,134.3,139.05,139.05,46,73218964.0,12415,780,2026-09-21
NIFTY,2026-11-23,24550.0,CE,102.15,102.15,95.75,97.1,97.1,67,107339570.0,12155,1105,2026-09-21
NIFTY,2026-11-23,25100.0,CE,42.0,42.1,34.85,37.0,37.0,282,460780648.25,48295,455,2026-09-21
NIFTY,2026-11-23,25150.0,CE,0.0,0.0,0.0,588.45,152.62,0,0.0,0,0,2026-09-21
NIFTY,2026-11-23,25750.0,CE,0.0,0.0,0.0,386.65,75.91,0,0.0,0,0,2026-09-21
NIFTY,2026-11-23,25800.0,CE,0.0,0.0,0.0,372.6,71.36,0,0.0,0,0,2026-09-21
NIFTY,2026-11-23,26100.0,CE,0.0,0.0,0.0,22.75,48.71,0,0.0,65,0,2026-09-21
NIFTY,2026-12-29,15000.0,CE,0.0,0.0,0.0,5977.65,8670.04,0,0.0,0,0,2026-09-21
NIFTY,2026-12-29,24000.0,CE,430.0,449.6,420.95,437.3,437.3,5986,9506912730.25,1971205,23085,2026-09-21
NIFTY,2026-12-29,30000.0,CE,6.05,7.2,5.8,6.95,6.95,1059,2065519816.75,768845,23805,2026-09-21
NIFTY,2027-06-29,18000.0,CE,0.0,0.0,0.0,4066.45,6283.54,0,0.0,0,0,2026-09-21
NIFTY,2028-06-27,21000.0,CE,0.0,0.0,0.0,5226.55,4971.45,0,0.0,0,0,2026-09-21
NIFTY,2028-12-26,19500.0,CE,0.0,0.0,0.0,9716.4,6706.84,0,0.0,0,0,2026-09-21
NIFTY,2028-12-26,33000.0,CE,0.0,0.0,0.0,2477.5,687.46,0,0.0,0,0,2026-09-21
NIFTY,2029-06-26,24000.0,CE,0.0,0.0,0.0,8085.35,4272.99,0,0.0,0,0,2026-09-21
NIFTY,2029-12-24,27000.0,CE,0.0,0.0,0.0,6201.65,3364.26,0,0.0,0,0,2026-09-21
NIFTY,2030-12-31,33000.0,CE,0.0,0.0,0.0,3948.25,2353.91,0,0.0,0,0,2026-09-21
NIFTY,2026-09-22,21400.0,PE,0.8,1.05,0.3,0.45,0.45,222175,309053234610.25,2902380,-801645,2026-09-21
NIFTY,2026-09-22,21800.0,PE,0.9,1.55,0.75,0.9,0.9,159421,225909992386.0,2220530,-868140,2026-09-21
NIFTY,2026-09-22,22200.0,PE,1.45,1.85,1.05,1.4,1.4,602019,868766954077.75,4466930,-540020,2026-09-21
NIFTY,2026-09-22,23100.0,PE,22.25,22.25,6.2,7.4,7.4,1804414,2710359206896.25,9414665,2984800,2026-09-21
NIFTY,2026-09-22,23200.0,PE,33.35,33.4,10.5,12.05,12.05,2974009,4487954147452.75,11239020,1637155,2026-09-21
NIFTY,2026-09-22,23750.0,PE,378.9,405.6,286.8,309.65,309.65,11381,17815324465.25,85670,-15990,2026-09-21
NIFTY,2026-09-22,24250.0,PE,860.0,886.35,793.0,807.35,807.35,128,208597272.0,21710,-2925,2026-09-21
NIFTY,2026-09-22,25350.0,PE,0.0,0.0,0.0,1190.0,1931.58,0,0.0,0,0,2026-09-21
NIFTY,2026-09-22,25500.0,PE,2257.95,2257.95,2043.75,2059.95,2059.95,590,1058315735.75,24180,-32370,2026-09-21
NIFTY,2026-09-29,22000.0,PE,6.05,6.35,4.4,4.8,4.8,100056,143111042353.5,4801095,791115,2026-09-21
NIFTY,2026-09-29,22700.0,PE,20.25,20.25,10.75,12.4,12.4,108304,159892748629.25,1880060,85280,2026-09-21
NIFTY,2026-09-29,23100.0,PE,72.0,72.85,38.0,41.75,41.75,109398,164592127722.75,2348710,764920,2026-09-21
NIFTY,2026-09-29,23800.0,PE,448.05,459.15,353.2,375.5,375.5,9070,14264801404.75,1624155,-50310,2026-09-21
NIFTY,2026-09-29,25100.0,PE,1700.0,1710.0,1630.5,1647.65,1647.65,38,66161488.25,96005,-1625,2026-09-21
NIFTY,2026-09-29,25500.0,PE,2104.85,2127.6,2027.1,2057.25,2057.25,1192,2137415432.75,1427010,-5525,2026-09-21
NIFTY,2026-09-29,26100.0,PE,0.0,0.0,0.0,1712.15,2651.8,0,0.0,9360,0,2026-09-21
NIFTY,2026-09-29,26250.0,PE,0.0,0.0,0.0,2180.0,2801.6,0,0.0,0,0,2026-09-21
NIFTY,2026-09-29,26600.0,PE,0.0,0.0,0.0,2474.55,3151.15,0,0.0,0,0,2026-09-21
NIFTY,2026-10-06,21500.0,PE,6.2,6.35,4.5,5.6,5.6,3222,4503876744.25,147420,122135,2026-09-21
NIFTY,2026-10-06,22400.0,PE,18.75,18.75,13.7,14.4,14.4,3728,5431693910.5,73385,26975,2026-09-21
NIFTY,2026-10-06,22850.0,PE,55.2,55.25,36.85,38.45,38.45,1228,1827228581.75,31915,3315,2026-09-21
NIFTY,2026-10-06,24550.0,PE,0.0,0.0,0.0,677.9,1103.91,0,0.0,0,0,2026-09-21
NIFTY,2026-10-06,24600.0,PE,0.0,0.0,0.0,709.3,1150.12,0,0.0,0,0,2026-09-21
NIFTY,2026-10-06,25250.0,PE,0.0,0.0,0.0,1181.55,1777.25,0,0.0,0,0,2026-09-21
NIFTY,2026-10-13,21350.0,PE,0.0,0.0,0.0,5.85,1.89,0,0.0,0,0,2026-09-21
NIFTY,2026-10-13,21400.0,PE,0.0,0.0,0.0,6.7,2.28,0,0.0,0,0,2026-09-21
NIFTY,2026-10-13,21450.0,PE,0.0,0.0,0.0,7.65,2.73,0,0.0,0,0,2026-09-21
NIFTY,2026-10-13,21550.0,PE,0.0,0.0,0.0,9.85,3.89,0,0.0,0,0,2026-09-21
NIFTY,2026-10-13,22500.0,PE,47.8,55.5,29.7,32.05,32.05,2488,3644157006.75,89440,16315,2026-09-21
NIFTY,2026-10-13,22550.0,PE,44.3,44.6,33.05,34.4,34.4,125,183539333.25,6695,2210,2026-09-21
NIFTY,2026-10-13,24250.0,PE,0.0,0.0,0.0,748.2,857.75,0,0.0,0,0,2026-09-21
NIFTY,2026-10-19,22500.0,PE,58.1,58.1,43.4,43.8,43.8,156,228657299.0,10075,2535,2026-09-21
NIFTY,2026-10-19,22950.0,PE,0.0,0.0,0.0,313.1,181.43,0,0.0,0,0,2026-09-21
NIFTY,2026-10-19,23750.0,PE,0.0,0.0,0.0,746.7,534.41,0,0.0,0,0,2026-09-21
NIFTY,2026-10-19,24450.0,PE,0.0,0.0,0.0,1286.65,1032.54,0,0.0,0,0,2026-09-21
NIFTY,2026-10-27,21350.0,PE,15.1,19.15,13.65,14.5,14.5,2135,2965008575.75,99320,55380,2026-09-21
NIFTY,2026-10-27,21500.0,PE,23.3,23.5,16.55,17.25,17.25,8672,12129602735.25,439790,-21190,2026-09-21
NIFTY,2026-10-27,21650.0,PE,27.45,27.5,19.7,21.35,20.15,91,128197361.5,28860,-65,2026-09-21
NIFTY,2026-10-27,21800.0,PE,32.25,32.25,22.85,23.4,23.4,2082,2953714861.5,122980,32370,2026-09-21
NIFTY,2026-10-27,22350.0,PE,61.15,61.15,48.5,49.55,49.55,175,254827787.5,22165,3315,2026-09-21
NIFTY,2026-10-27,22450.0,PE,64.0,67.1,56.35,57.6,57.6,235,343841745.0,35230,2405,2026-09-21
NIFTY,2026-10-27,23250.0,PE,227.9,233.9,186.5,193.85,193.85,531,809637078.25,42120,5785,2026-09-21
NIFTY,2026-10-27,23900.0,PE,539.15,551.0,477.2,490.95,490.95,431,683873534.5,179400,2665,2026-09-21
NIFTY,2026-10-27,24050.0,PE,678.75,678.85,594.25,594.25,750.33,10,16052094.5,5460,-325,2026-09-21
NIFTY,2026-10-27,24250.0,PE,805.0,805.0,735.05,754.0,754.0,5,8128003.0,12285,-65,2026-09-21
NIFTY,2026-10-27,25300.0,PE,0.0,0.0,0.0,1800.0,1768.86,0,0.0,650,0,2026-09-21
NIFTY,2026-10-27,26300.0,PE,2750.0,2760.0,2750.0,2755.0,2727.47,56,105777425.0,3640,3640,2026-09-21
NIFTY,2026-10-27,27000.0,PE,3453.0,3477.0,3387.25,3405.75,3405.75,420,830639251.0,450515,24635,2026-09-21
NIFTY,2026-11-23,21450.0,PE,0.0,0.0,0.0,29.7,42.8,0,0.0,0,0,2026-09-21
NIFTY,2026-11-23,22200.0,PE,84.4,89.8,75.4,76.95,76.95,440,637311125.75,44915,2275,2026-09-21
NIFTY,2026-11-23,22550.0,PE,0.0,0.0,0.0,139.25,200.3,0,0.0,3315,0,2026-09-21
NIFTY,2026-11-23,23050.0,PE,226.75,226.75,201.7,201.7,201.7,5,7562496.5,2275,130,2026-09-21
NIFTY,2026-11-23,23150.0,PE,254.0,260.45,224.0,224.0,382.51,40,60832047.25,2795,-390,2026-09-21
NIFTY,2026-11-23,23400.0,PE,350.0,350.0,297.05,305.95,305.95,626,965190450.25,75335,4550,2026-09-21
NIFTY,2026-11-23,25200.0,PE,0.0,0.0,0.0,1060.25,1655.86,0,0.0,0,0,2026-09-21
NIFTY,2026-11-23,25400.0,PE,0.0,0.0,0.0,1184.75,1824.44,0,0.0,0,0,2026-09-21
NIFTY,2026-11-23,25950.0,PE,0.0,0.0,0.0,1562.8,2312.38,0,0.0,0,0,2026-09-21
NIFTY,2026-12-29,21000.0,PE,58.85,60.8,52.5,56.5,56.5,8438,11549082538.5,1690110,103040,2026-09-21
NIFTY,2026-12-29,28000.0,PE,4101.05,4137.65,4049.1,4061.55,4061.55,404,842353258.5,976605,18720,2026-09-21
NIFTY,2026-12-29,31500.0,PE,0.0,0.0,0.0,4059.3,7548.84,0,0.0,0,0,2026-09-21
NIFTY,2027-03-30,27000.0,PE,2768.0,2800.0,2705.35,2711.95,2711.95,42,81207785.75,53430,-260,2026-09-21
NIFTY,2027-12-28,16500.0,PE,0.0,0.0,0.0,52.05,8.6,0,0.0,130,0,2026-09-21
NIFTY,2027-12-28,27000.0,PE,2138.75,2145.3,2086.1,2087.95,2087.95,27,51082560.75,61125,845,2026-09-21
NIFTY,2029-12-24,15000.0,PE,0.0,0.0,0.0,29.0,18.27,0,0.0,65,0,2026-09-21
NIFTY,2030-06-25,15000.0,PE,0.0,0.0,0.0,29.65,22.56,0,0.0,0,0,2026-09-21
NIFTY,2030-06-25,18000.0,PE,0.0,0.0,0.0,116.65,118.19,0,0.0,0,0,2026-09-21
NIFTY,2030-06-25,22500.0,PE,0.0,0.0,0.0,223.75,613.43,0,0.0,0,0,2026-09-21
NIFTY,2030-06-25,27000.0,PE,0.0,0.0,0.0,1286.05,1778.85,0,0.0,0,0,2026-09-21
NIFTY,2030-06-25,30000.0,PE,0.0,0.0,0.0,2100.85,2974.28,0,0.0,0,0,2026-09-21
NIFTY,2030-12-31,18000.0,PE,0.0,0.0,0.0,32.3,124.38,0,0.0,0,0,2026-09-21
NIFTY,2031-06-24,16500.0,PE,0.0,0.0,0.0,95.65,65.28,0,0.0,0,0,2026-09-21
NIFTY,2026-10-27,24000.0,CE,118.0,124.4,110.4,117.05,117.05,28476,44637788711.75,2856035,-40755,2026-09-21
NIFTY,2026-10-27,22850.0,CE,0.0,0.0,0.0,744.8,893.98,0,0.0,390,0,2026-09-21
NIFTY,2026-10-06,21800.0,PE,6.7,7.6,5.8,7.1,7.1,565,800856306.25,26390,-5200,2026-09-21
NIFTY,2026-10-06,21700.0,PE,7.0,7.5,5.75,6.25,6.25,93,131215750.25,4095,2600,2026-09-21
NIFTY,2026-10-06,21600.0,PE,7.5,7.6,5.1,5.55,5.55,258,362329789.25,14235,-1105,2026-09-21
NIFTY,2026-09-29,27050.0,PE,0.0,0.0,0.0,2869.35,3600.57,0,0.0,0,0,2026-09-21
NIFTY,2026-09-29,26500.0,PE,3110.7,3119.3,3033.8,3048.7,3048.7,79,151807698.25,827515,-4940,2026-09-21
NIFTY,2026-10-13,22750.0,PE,60.0,62.8,49.45,49.85,101.16,95,140817118.0,2730,910,2026-09-21
NIFTY,2026-10-13,23400.0,PE,233.3,236.4,180.95,188.6,188.6,2062,3163206111.0,48230,34125,2026-09-21
NIFTY,2026-10-13,23550.0,PE,293.05,298.9,245.5,255.35,388.86,44,68162172.0,5915,260,2026-09-21
NIFTY,2026-10-13,24050.0,PE,0.0,0.0,0.0,621.65,705.02,0,0.0,0,0,2026-09-21
NIFTY,2026-10-13,24300.0,PE,0.0,0.0,0.0,929.55,897.84,0,0.0,260,0,2026-09-21
NIFTY,2026-10-13,24400.0,PE,0.0,0.0,0.0,851.05,980.13,0,0.0,0,0,2026-09-21
NIFTY,2026-10-13,24600.0,PE,0.0,0.0,0.0,1215.75,1152.12,0,0.0,65,0,2026-09-21
NIFTY,2026-10-13,25200.0,PE,0.0,0.0,0.0,1494.1,1709.13,0,0.0,0,0,2026-09-21
NIFTY,2026-10-19,22200.0,PE,0.0,0.0,0.0,100.95,43.42,0,0.0,0,0,2026-09-21
NIFTY,2026-10-19,22450.0,PE,0.0,0.0,0.0,153.1,73.67,0,0.0,0,0,2026-09-21
NIFTY,2026-10-19,23700.0,PE,0.0,0.0,0.0,713.3,505.21,0,0.0,0,0,2026-09-21
NIFTY,2026-10-19,24150.0,PE,0.0,0.0,0.0,1040.4,800.09,0,0.0,0,0,2026-09-21
NIFTY,2026-10-19,24350.0,PE,0.0,0.0,0.0,1202.45,952.37,0,0.0,0,0,2026-09-21
NIFTY,2026-10-19,25000.0,PE,0.0,0.0,0.0,1779.1,1511.56,0,0.0,0,0,2026-09-21
NIFTY,2026-10-19,25100.0,PE,0.0,0.0,0.0,1872.7,1603.93,0,0.0,0,0,2026-09-21
NIFTY,2026-10-27,21850.0,PE,27.15,27.2,27.15,27.2,31.4,20,28440347.0,5135,1040,2026-09-21
NIFTY,2026-10-27,22550.0,PE,79.85,82.75,64.15,66.2,66.2,246,361716904.25,30550,1690,2026-09-21
NIFTY,2026-10-27,22700.0,PE,101.5,102.8,80.2,82.45,82.45,4336,6422917016.75,417430,390,2026-09-21
NIFTY,2026-10-27,23550.0,PE,339.15,348.1,292.0,301.65,301.65,548,849858854.0,25675,4810,2026-09-21
NIFTY,2026-10-27,23850.0,PE,500.0,517.0,458.7,458.7,458.7,65,102873657.25,9945,715,2026-09-21
NIFTY,2026-10-27,24350.0,PE,0.0,0.0,0.0,972.0,964.04,0,0.0,11960,0,2026-09-21
NIFTY,2026-10-27,24400.0,PE,921.5,950.0,874.0,882.6,882.6,874,1438909410.25,125255,11440,2026-09-21
NIFTY,2026-10-27,24500.0,PE,1009.5,1042.5,950.0,972.9,972.9,3362,5574708880.0,841750,87490,2026-09-21
NIFTY,2026-10-27,25550.0,PE,0.0,0.0,0.0,2039.45,2002.43,0,0.0,195,0,2026-09-21
NIFTY,2026-10-27,25850.0,PE,0.0,0.0,0.0,1093.8,2289.16,0,0.0,65,0,2026-09-21
NIFTY,2026-10-27,26450.0,PE,0.0,0.0,0.0,2246.05,2874.93,0,0.0,0,0,2026-09-21
NIFTY,2026-10-27,26650.0,PE,0.0,0.0,0.0,2415.2,3072.18,0,0.0,0,0,2026-09-21
NIFTY,2026-10-27,26800.0,PE,0.0,0.0,0.0,3266.0,3220.47,0,0.0,65,0,2026-09-21
NIFTY,2026-10-27,27050.0,PE,0.0,0.0,0.0,2764.35,3468.08,0,0.0,0,0,2026-09-21
NIFTY,2026-10-27,27100.0,PE,0.0,0.0,0.0,2808.9,3517.65,0,0.0,0,0,2026-09-21
NIFTY,2026-11-23,21500.0,PE,44.6,45.9,35.3,37.4,37.4,5151,7211592319.75,253370,30615,2026-09-21
NIFTY,2026-11-23,22100.0,PE,77.8,80.2,67.6,69.0,69.0,146,210423157.75,18265,2340,2026-09-21
NIFTY,2026-11-23,24350.0,PE,0.0,0.0,0.0,971.6,1013.47,0,0.0,4160,0,2026-09-21
NIFTY,2026-09-29,26200.0,PE,0.0,0.0,0.0,2820.0,2751.67,0,0.0,36985,0,2026-09-21
NIFTY,2026-09-29,25850.0,PE,0.0,0.0,0.0,1859.75,2402.13,0,0.0,0,0,2026-09-21
NIFTY,2026-09-29,24800.0,PE,1380.0,1417.45,1321.65,1352.05,1352.05,187,318161340.25,334295,-2990,2026-09-21
NIFTY,2026-09-29,24450.0,PE,1063.25,1075.75,996.35,1002.4,1002.4,89,147297835.75,79235,-910,2026-09-21
NIFTY,2026-09-29,23650.0,PE,321.6,333.65,241.0,258.75,258.75,4356,6773731071.25,249730,46930,2026-09-21
NIFTY,2026-09-29,23600.0,PE,291.05,297.35,208.45,224.05,224.05,35346,54785783448.5,1444690,74685,2026-09-21
NIFTY,2026-09-29,23000.0,PE,53.75,53.85,27.3,30.5,30.5,229492,343606346534.75,8455980,1210545,2026-09-21
NIFTY,2026-09-29,22900.0,PE,37.7,37.7,19.2,21.75,21.75,98135,146227634133.75,2103205,547235,2026-09-21
NIFTY,2026-09-22,26050.0,PE,0.0,0.0,0.0,1794.15,2631.47,0,0.0,0,0,2026-09-21
NIFTY,2026-09-22,23650.0,PE,314.5,314.5,194.4,213.55,213.55,85835,133263893925.5,239330,42770,2026-09-21
NIFTY,2026-09-22,23550.0,PE,211.75,218.9,114.6,128.2,128.2,516695,795988636391.0,856895,594360,2026-09-21
NIFTY,2026-09-22,23500.0,PE,184.8,184.8,83.75,93.55,93.55,2683945,4120031729271.25,5052580,2647320,2026-09-21
NIFTY,2026-09-22,23400.0,PE,110.3,115.0,40.6,46.15,46.15,8115411,12377464151773.5,16079830,11292515,2026-09-21
NIFTY,2026-09-22,22650.0,PE,4.4,4.4,1.9,2.45,2.45,548790,808041096528.25,2258295,512980,2026-09-21
NIFTY,2026-09-22,22400.0,PE,2.0,2.2,1.35,1.75,1.75,655817,954942667448.25,4944810,702390,2026-09-21
NIFTY,2026-09-22,21650.0,PE,0.9,1.25,0.65,0.8,0.8,48830,68718707924.75,631670,-305110,2026-09-21
NIFTY,2026-09-22,21600.0,PE,0.8,1.25,0.6,0.7,0.7,42350,59461653335.5,443300,-54275,2026-09-21
NIFTY,2026-09-22,21500.0,PE,0.9,1.15,0.5,0.6,0.6,252331,352643739399.25,3211715,-1407770,2026-09-21
NIFTY,2031-06-24,30000.0,CE,0.0,0.0,0.0,4459.9,3769.28,0,0.0,0,0,2026-09-21
NIFTY,2031-06-24,18000.0,CE,0.0,0.0,0.0,10825.95,10230.33,0,0.0,0,0,2026-09-21
NIFTY,2030-12-31,25500.0,CE,0.0,0.0,0.0,7639.65,5201.4,0,0.0,0,0,2026-09-21
NIFTY,2030-12-31,19500.0,CE,0.0,0.0,0.0,11601.15,8774.87,0,0.0,0,0,2026-09-21
NIFTY,2029-12-24,21000.0,CE,0.0,0.0,0.0,9463.95,6720.44,0,0.0,0,0,2026-09-21
NIFTY,2029-06-26,25500.0,CE,0.0,0.0,0.0,5917.35,3482.14,0,0.0,0,0,2026-09-21
NIFTY,2028-06-27,27000.0,CE,0.0,0.0,0.0,1935.0,1646.12,0,0.0,65,0,2026-09-21
NIFTY,2027-12-28,21000.0,CE,0.0,0.0,0.0,4902.4,4316.01,0,0.0,0,0,2026-09-21
NIFTY,2027-06-29,19500.0,CE,0.0,0.0,0.0,8143.4,4899.85,0,0.0,0,0,2026-09-21
NIFTY,2027-06-29,16500.0,CE,0.0,0.0,0.0,10867.2,7701.87,0,0.0,0,0,2026-09-21
NIFTY,2027-06-29,15000.0,CE,0.0,0.0,0.0,5367.85,9128.97,0,0.0,0,0,2026-09-21
NIFTY,2027-03-30,30000.0,CE,21.25,22.75,18.75,19.8,19.8,307,599053357.5,159445,4810,2026-09-21
NIFTY,2027-03-30,21000.0,CE,3087.45,3166.7,3087.45,3143.35,3143.35,115,180355808.75,14950,5005,2026-09-21
NIFTY,2027-03-30,15000.0,CE,0.0,0.0,0.0,8379.85,8901.27,0,0.0,0,0,2026-09-21
NIFTY,2026-12-29,25500.0,CE,72.75,73.0,66.0,68.4,68.4,5997,9966801435.5,1004185,-12415,2026-09-21
NIFTY,2026-12-29,19500.0,CE,0.0,0.0,0.0,7586.85,4251.06,0,0.0,0,0,2026-09-21
NIFTY,2026-11-23,25900.0,CE,0.0,0.0,0.0,345.7,62.97,0,0.0,0,0,2026-09-21
NIFTY,2026-11-23,25300.0,CE,0.0,0.0,0.0,532.0,129.11,0,0.0,0,0,2026-09-21
NIFTY,2026-11-23,24800.0,CE,63.05,65.5,60.05,61.9,61.9,820,1325187526.0,179335,4030,2026-09-21
NIFTY,2026-11-23,24300.0,CE,170.35,170.35,145.05,150.7,150.7,416,661152085.75,67860,4940,2026-09-21
NIFTY,2026-11-23,22300.0,CE,0.0,0.0,0.0,1286.5,1504.3,0,0.0,195,0,2026-09-21
NIFTY,2026-11-23,21950.0,CE,0.0,0.0,0.0,2769.65,1795.11,0,0.0,0,0,2026-09-21
NIFTY,2026-10-27,26450.0,CE,0.0,0.0,0.0,8.15,4.11,0,0.0,520,0,2026-09-21
NIFTY,2026-10-27,24600.0,CE,28.5,28.55,25.15,26.8,26.8,4299,6881562756.25,341965,-650,2026-09-21
NIFTY,2026-10-27,24100.0,CE,93.5,96.95,86.35,90.85,90.85,5391,8476869479.0,581620,15275,2026-09-21
NIFTY,2026-10-27,23650.0,CE,238.1,260.5,233.15,249.75,249.75,276,428677327.0,29835,2210,2026-09-21
NIFTY,2026-10-27,23250.0,CE,467.1,500.0,457.3,488.75,488.75,104,160407539.5,19695,-1820,2026-09-21
NIFTY,2026-10-27,22650.0,CE,0.0,0.0,0.0,910.4,1043.68,0,0.0,1105,0,2026-09-21
NIFTY,2026-10-27,21950.0,CE,0.0,0.0,0.0,2463.7,1639.87,0,0.0,0,0,2026-09-21
NIFTY,2026-10-27,21800.0,CE,1715.0,1715.0,1541.6,1541.6,1778.38,33,50426064.0,2145,2145,2026-09-21
NIFTY,2026-10-19,23950.0,CE,0.0,0.0,0.0,186.0,233.37,0,0.0,65,0,2026-09-21
NIFTY,2026-10-19,22900.0,CE,0.0,0.0,0.0,675.65,785.43,0,0.0,0,0,2026-09-21
NIFTY,2026-10-19,22250.0,CE,0.0,0.0,0.0,1100.2,1313.76,0,0.0,0,0,2026-09-21
NIFTY,2026-10-19,22000.0,CE,0.0,0.0,0.0,1308.9,1541.46,0,0.0,0,0,2026-09-21
NIFTY,2026-10-19,21750.0,CE,0.0,0.0,0.0,1530.05,1777.51,0,0.0,0,0,2026-09-21
NIFTY,2026-10-13,24350.0,CE,0.0,0.0,0.0,236.65,89.82,0,0.0,0,0,2026-09-21
NIFTY,2026-10-13,23450.0,CE,244.25,275.0,235.0,258.9,258.9,242,372873878.0,8515,2145,2026-09-21
NIFTY,2026-10-13,22050.0,CE,0.0,0.0,0.0,1739.4,1461.61,0,0.0,0,0,2026-09-21
NIFTY,2026-10-13,21950.0,CE,0.0,0.0,0.0,1832.65,1556.59,0,0.0,0,0,2026-09-21
NIFTY,2026-10-13,21750.0,CE,0.0,0.0,0.0,2022.25,1749.47,0,0.0,0,0,2026-09-21
NIFTY,2026-10-13,21450.0,CE,0.0,0.0,0.0,2312.1,2043.56,0,0.0,0,0,2026-09-21
NIFTY,2026-10-06,25250.0,CE,3.05,3.05,2.35,2.35,3.01,43,70581166.5,2340,-65,2026-09-21
NIFTY,2026-10-06,25050.0,CE,3.4,3.4,3.3,3.3,6.02,9,14656193.5,1495,130,2026-09-21
NIFTY,2026-10-06,24900.0,CE,4.0,4.2,2.65,3.65,3.65,63,101978220.5,15015,-65,2026-09-21
NIFTY,2026-10-06,23750.0,CE,71.15,80.65,63.45,71.8,71.8,1945,3011560262.75,56745,25090,2026-09-21
NIFTY,2026-10-06,23600.0,CE,121.25,137.45,108.45,123.6,123.6,7188,11083007406.25,207870,77935,2026-09-21
NIFTY,2026-10-06,22900.0,CE,579.0,624.35,547.25,610.0,610.0,150,229164172.25,9490,7020,2026-09-21
NIFTY,2026-10-06,22500.0,CE,942.0,1000.45,942.0,987.35,987.35,289,441056642.0,11050,10595,2026-09-21
NIFTY,2026-10-06,22400.0,CE,0.0,0.0,0.0,1815.55,1092.43,0,0.0,0,0,2026-09-21
NIFTY,2026-10-06,22350.0,CE,0.0,0.0,0.0,1862.2,1138.82,0,0.0,0,0,2026-09-21
NIFTY,2026-10-06,22300.0,CE,0.0,0.0,0.0,1909.15,1185.66,0,0.0,0,0,2026-09-21
NIFTY,2026-10-06,22100.0,CE,0.0,0.0,0.0,2099.1,1376.58,0,0.0,0,0,2026-09-21
NIFTY,2026-09-29,25950.0,CE,0.95,1.2,0.8,0.9,0.9,54,91088068.5,9035,-455,2026-09-21
NIFTY,2026-09-29,24300.0,CE,3.95,4.5,3.35,4.1,4.1,63912,100965027062.25,4717635,221650,2026-09-21
NIFTY,2026-09-29,23100.0,CE,342.85,409.35,330.0,385.65,385.65,7804,11904251615.75,312910,5980,2026-09-21
NIFTY,2026-09-29,22850.0,CE,557.95,631.3,549.2,607.05,607.05,152,231553569.0,7215,390,2026-09-21
NIFTY,2026-09-29,21950.0,CE,0.0,0.0,0.0,1800.0,1493.19,0,0.0,130,0,2026-09-21
NIFTY,2026-09-29,21600.0,CE,1800.0,1810.0,1800.0,1810.0,1842.39,32,48679800.0,44330,-2080,2026-09-21
NIFTY,2026-09-29,21550.0,CE,0.0,0.0,0.0,2719.75,1892.31,0,0.0,0,0,2026-09-21
NIFTY,2026-09-29,21450.0,CE,0.0,0.0,0.0,2809.7,1992.17,0,0.0,0,0,2026-09-21
NIFTY,2026-09-29,21000.0,CE,2406.5,2465.0,2380.5,2449.0,2449.0,447,680550510.25,503035,-7020,2026-09-21
NIFTY,2026-09-22,25750.0,CE,0.45,0.5,0.3,0.4,0.4,776,1298850507.5,40235,-8190,2026-09-21
NIFTY,2026-09-22,25000.0,CE,0.5,0.65,0.35,0.45,0.45,150513,244588734211.25,2363205,-2081950,2026-09-21
NIFTY,2026-09-22,24800.0,CE,0.6,0.7,0.3,0.4,0.4,168013,270842485475.25,2170285,-579085,2026-09-21
NIFTY,2026-09-22,24100.0,CE,1.1,1.3,0.65,0.75,0.75,592160,927656539270.5,4345055,-818740,2026-09-21
NIFTY,2026-09-22,23800.0,CE,1.95,2.75,1.15,1.7,1.7,1605919,2484578745668.5,8226075,11700,2026-09-21
NIFTY,2026-09-22,23650.0,CE,6.0,11.5,4.25,5.35,5.35,2416163,3715303749722.5,7765485,3723785,2026-09-21
NIFTY,2026-09-22,23250.0,CE,138.95,231.9,137.55,208.2,208.2,733603,1117014125812.0,1252095,-559650,2026-09-21
NIFTY,2026-09-22,22950.0,CE,415.2,519.3,401.7,497.9,497.9,1989,3025948237.0,85410,-2080,2026-09-21
NIFTY,2026-09-22,22200.0,CE,1258.7,1258.7,1258.7,1258.7,1258.7,1,1524815.5,2600,-65,2026-09-21
NIFTY,2026-09-22,21350.0,CE,0.0,0.0,0.0,2930.45,2067.77,0,0.0,0,0,2026-09-21
NIFTY,2026-11-23,24850.0,PE,0.0,0.0,0.0,860.35,1375.37,0,0.0,0,0,2026-09-21
NIFTY,2026-11-23,24950.0,PE,0.0,0.0,0.0,915.05,1453.45,0,0.0,0,0,2026-09-21
NIFTY,2026-11-23,25750.0,PE,0.0,0.0,0.0,1419.55,2131.36,0,0.0,0,0,2026-09-21
NIFTY,2026-12-29,17000.0,PE,12.0,13.85,12.0,13.1,0.01,8,8846795.75,201250,65,2026-09-21
NIFTY,2026-12-29,22500.0,PE,179.75,185.35,161.45,164.85,164.85,4579,6748344466.5,1689350,-41730,2026-09-21
NIFTY,2026-12-29,27000.0,PE,3149.6,3169.9,3085.0,3099.0,3099.0,650,1272256823.5,1152495,29145,2026-09-21
NIFTY,2026-12-29,29000.0,PE,5020.0,5090.0,4999.95,5025.0,5025.0,29,64187844.5,220430,650,2026-09-21
NIFTY,2027-03-30,15000.0,PE,22.45,22.45,22.45,22.45,0.01,13,12693970.25,3835,845,2026-09-21
NIFTY,2027-06-29,28500.0,PE,0.0,0.0,0.0,1807.05,3984.34,0,0.0,0,0,2026-09-21
NIFTY,2027-06-29,30000.0,PE,0.0,0.0,0.0,4000.0,5278.0,0,0.0,455,0,2026-09-21
NIFTY,2027-12-28,23000.0,PE,585.25,610.0,576.1,577.8,577.8,85,130335452.0,104810,1105,2026-09-21
NIFTY,2028-06-27,16500.0,PE,0.0,0.0,0.0,3.8,19.01,0,0.0,0,0,2026-09-21
NIFTY,2028-12-26,20000.0,PE,300.0,300.0,265.05,269.0,233.13,15,19776922.75,5330,780,2026-09-21
NIFTY,2030-06-25,31500.0,PE,0.0,0.0,0.0,2056.3,3688.05,0,0.0,0,0,2026-09-21
NIFTY,2031-06-24,21000.0,PE,0.0,0.0,0.0,450.5,372.23,0,0.0,0,0,2026-09-21
NIFTY,2026-10-13,22450.0,PE,38.7,38.95,28.0,28.2,28.2,97,141758799.0,5850,1495,2026-09-21
NIFTY,2026-10-13,22350.0,PE,23.4,24.4,20.75,22.6,22.6,29,42173660.75,8905,-195,2026-09-21
NIFTY,2026-10-06,24900.0,PE,0.0,0.0,0.0,913.3,1434.93,0,0.0,0,0,2026-09-21
NIFTY,2026-10-06,23500.0,PE,254.65,260.0,187.55,199.25,199.25,11591,17863049334.0,498160,323700,2026-09-21
NIFTY,2026-10-06,23150.0,PE,110.0,124.55,78.6,82.35,82.35,1955,2953663817.0,60125,37375,2026-09-21
NIFTY,2029-06-26,22500.0,CE,0.0,0.0,0.0,7946.5,5170.65,0,0.0,0,0,2026-09-21
NIFTY,2028-12-26,27000.0,CE,1843.8,1843.8,1843.8,1843.8,1843.8,10,18748470.0,4550,130,2026-09-21
NIFTY,2028-06-27,28500.0,CE,0.0,0.0,0.0,2990.0,1173.59,0,0.0,0,0,2026-09-21
NIFTY,2028-06-27,22500.0,CE,0.0,0.0,0.0,6796.05,3924.0,0,0.0,0,0,2026-09-21
NIFTY,2026-09-29,16500.0,CE,0.0,0.0,0.0,10168.85,6935.73,0,0.0,0,0,2026-09-21
NIFTY,2026-09-22,26000.0,CE,0.45,0.5,0.3,0.4,0.4,39789,67244464079.0,716950,-731445,2026-09-21
NIFTY,2026-09-22,24550.0,CE,0.75,0.9,0.45,0.6,0.6,23670,37772433994.75,883805,-26260,2026-09-21
NIFTY,2026-09-22,23900.0,CE,1.25,1.95,0.9,1.35,1.35,750879,1166567219665.25,6374485,530205,2026-09-21
NIFTY,2027-03-30,28500.0,CE,35.0,36.25,32.75,33.7,33.7,510,945926267.0,187850,2015,2026-09-21
NIFTY,2027-03-30,16500.0,CE,0.0,0.0,0.0,6995.9,7450.18,0,0.0,0,0,2026-09-21
NIFTY,2026-09-22,22400.0,CE,986.0,1052.65,986.0,1035.1,1035.1,14,21306395.5,2470,0,2026-09-21
NIFTY,2026-09-22,22250.0,CE,0.0,0.0,0.0,936.15,1167.91,0,0.0,520,0,2026-09-21
NIFTY,2026-09-22,22100.0,CE,0.0,0.0,0.0,1203.2,1317.89,0,0.0,1170,0,2026-09-21
NIFTY,2026-12-29,20000.0,CE,3659.95,3729.95,3648.0,3706.9,3706.9,373,574352483.25,630980,16640,2026-09-21
NIFTY,2026-11-23,25700.0,CE,0.0,0.0,0.0,40.7,80.7,0,0.0,195,0,2026-09-21
NIFTY,2026-11-23,24200.0,CE,183.1,186.0,172.0,179.0,179.0,402,637032539.0,105105,3120,2026-09-21
NIFTY,2026-11-23,23650.0,CE,403.85,419.5,392.1,410.0,410.0,91,142268993.75,6695,-65,2026-09-21
NIFTY,2026-11-23,23150.0,CE,0.0,0.0,0.0,651.0,898.76,0,0.0,1885,0,2026-09-21
NIFTY,2026-11-23,22850.0,CE,0.0,0.0,0.0,858.45,1093.85,0,0.0,65,0,2026-09-21
NIFTY,2026-11-23,21800.0,CE,0.0,0.0,0.0,2906.85,1925.5,0,0.0,0,0,2026-09-21
NIFTY,2026-11-23,21400.0,CE,0.0,0.0,0.0,3280.1,2286.61,0,0.0,0,0,2026-09-21
NIFTY,2026-10-27,26500.0,CE,3.1,3.6,2.5,2.9,2.9,1410,2428990365.75,308035,-13845,2026-09-21
NIFTY,2026-10-27,25950.0,CE,0.0,0.0,0.0,4.95,11.94,0,0.0,1820,0,2026-09-21
NIFTY,2026-10-27,25250.0,CE,0.0,0.0,0.0,447.85,44.6,0,0.0,0,0,2026-09-21
NIFTY,2026-10-27,24650.0,CE,24.6,25.7,22.5,23.8,23.8,459,736156645.25,37115,12870,2026-09-21
NIFTY,2026-10-27,23850.0,CE,157.5,173.5,154.1,166.05,166.05,391,610291223.75,41405,-520,2026-09-21
NIFTY,2026-10-27,23800.0,CE,179.95,195.0,172.15,183.8,183.8,6504,10138443380.0,757250,17290,2026-09-21
NIFTY,2026-10-27,23750.0,CE,193.4,215.0,193.0,205.45,205.45,317,493549338.75,32955,5070,2026-09-21
NIFTY,2026-10-27,22500.0,CE,1048.75,1124.8,1038.4,1101.5,1101.5,723,1108007273.75,174850,16965,2026-09-21
NIFTY,2026-10-19,24450.0,CE,63.05,63.05,63.05,63.05,107.81,10,15933482.5,715,650,2026-09-21
NIFTY,2026-10-19,22950.0,CE,0.0,0.0,0.0,607.05,749.89,0,0.0,0,0,2026-09-21
NIFTY,2030-12-31,19500.0,PE,0.0,0.0,0.0,67.4,226.88,0,0.0,0,0,2026-09-21
NIFTY,2030-12-31,16500.0,PE,0.0,0.0,0.0,13.65,61.3,0,0.0,0,0,2026-09-21
NIFTY,2029-12-24,30000.0,PE,2505.0,2505.0,2505.0,2505.0,2505.0,1,2112825.0,1235,65,2026-09-21
NIFTY,2029-12-24,21000.0,PE,280.0,434.95,280.0,434.95,384.65,23,32022308.5,2080,1300,2026-09-21
NIFTY,2029-12-24,16500.0,PE,0.0,0.0,0.0,10.15,48.53,0,0.0,0,0,2026-09-21
NIFTY,2027-12-28,24000.0,PE,817.0,838.35,791.0,793.4,793.4,205,330704881.0,239555,4745,2026-09-21
NIFTY,2027-03-30,22500.0,PE,286.95,288.3,253.3,256.15,256.15,3179,4704856159.25,758615,66560,2026-09-21
NIFTY,2026-12-29,20000.0,PE,36.4,39.95,33.15,34.25,34.25,3754,4888769333.5,1337460,45955,2026-09-21
NIFTY,2026-12-29,18000.0,PE,19.95,20.0,17.35,18.55,18.55,2055,2406885633.75,696155,24180,2026-09-21
NIFTY,2026-12-29,16500.0,PE,0.0,0.0,0.0,9.0,0.0,0,0.0,4420,0,2026-09-21
NIFTY,2026-12-29,14000.0,PE,9.75,9.75,6.6,6.85,0.0,23,20941069.5,9545,0,2026-09-21
NIFTY,2026-10-19,22400.0,CE,0.0,0.0,0.0,982.3,1182.53,0,0.0,0,0,2026-09-21
NIFTY,2026-10-19,21350.0,CE,0.0,0.0,0.0,1902.6,2165.8,0,0.0,0,0,2026-09-21
NIFTY,2026-10-13,25300.0,CE,0.0,0.0,0.0,4.5,10.29,0,0.0,1365,0,2026-09-21
NIFTY,2026-11-23,25650.0,PE,0.0,0.0,0.0,1350.35,2042.29,0,0.0,0,0,2026-09-21
NIFTY,2026-11-23,25600.0,PE,0.0,0.0,0.0,1316.4,1998.14,0,0.0,0,0,2026-09-21
NIFTY,2026-11-23,22600.0,PE,144.15,144.15,117.85,120.05,120.05,233,344240747.5,28600,6565,2026-09-21
NIFTY,2026-11-23,22500.0,PE,130.2,130.2,106.25,107.75,107.75,2914,4283212485.5,513240,10205,2026-09-21
NIFTY,2026-11-23,21400.0,PE,48.5,48.5,31.4,32.55,32.55,95,132371008.25,5460,3380,2026-09-21
NIFTY,2026-10-27,26750.0,PE,0.0,0.0,0.0,2501.2,3171.01,0,0.0,0,0,2026-09-21
NIFTY,2026-10-27,26500.0,PE,2960.0,2976.0,2890.45,2910.6,2910.6,85,162589368.5,20280,3965,2026-09-21
NIFTY,2026-10-27,25650.0,PE,0.0,0.0,0.0,1057.4,2097.35,0,0.0,130,0,2026-09-21
NIFTY,2026-10-27,25450.0,PE,0.0,0.0,0.0,1058.8,1908.31,0,0.0,130,0,2026-09-21
NIFTY,2026-10-27,24750.0,PE,1230.0,1230.0,1230.0,1230.0,1282.14,2,3377400.0,1300,0,2026-09-21
NIFTY,2026-10-27,24550.0,PE,0.0,0.0,0.0,1216.55,1118.14,0,0.0,7280,0,2026-09-21
NIFTY,2026-10-27,24000.0,PE,605.65,636.35,544.1,562.35,562.35,4862,7769417964.75,1534065,-130,2026-09-21
NIFTY,2026-10-27,23950.0,PE,549.0,549.0,521.35,536.75,536.75,13,20681300.25,6565,195,2026-09-21
NIFTY,2026-10-27,23350.0,PE,272.0,272.0,216.95,225.0,225.0,1152,1766346227.75,145015,31915,2026-09-21
NIFTY,2027-12-28,15000.0,PE,0.0,0.0,0.0,21.7,1.43,0,0.0,755,0,2026-09-21
NIFTY,2027-12-28,22000.0,PE,395.75,439.0,390.0,395.6,395.6,73,106283177.0,76705,500,2026-09-21
NIFTY,2028-06-27,21000.0,PE,345.0,345.0,345.0,345.0,331.41,2,2774850.0,195,-130,2026-09-21
NIFTY,2028-12-26,18000.0,PE,0.0,0.0,0.0,250.0,80.84,0,0.0,75,0,2026-09-21
NIFTY,2028-12-26,25000.0,PE,1148.0,1150.0,1148.0,1149.75,1149.75,8,13597870.0,11780,390,2026-09-21
NIFTY,2028-12-26,33000.0,PE,0.0,0.0,0.0,3315.4,5857.49,0,0.0,0,0,2026-09-21
NIFTY,2029-06-26,21000.0,PE,0.0,0.0,0.0,320.25,378.08,0,0.0,0,0,2026-09-21
NIFTY,2029-06-26,31500.0,PE,0.0,0.0,0.0,2443.35,4385.26,0,0.0,0,0,2026-09-21
NIFTY,2030-06-25,16500.0,PE,0.0,0.0,0.0,12.0,55.6,0,0.0,0,0,2026-09-21
NIFTY,2030-06-25,19500.0,PE,0.0,0.0,0.0,64.95,223.49,0,0.0,0,0,2026-09-21
NIFTY,2030-06-25,33000.0,PE,0.0,0.0,0.0,3143.9,4470.88,0,0.0,0,0,2026-09-21
NIFTY,2030-06-25,31500.0,CE,0.0,0.0,0.0,3984.8,2286.08,0,0.0,0,0,2026-09-21
NIFTY,2030-06-25,18000.0,CE,0.0,0.0,0.0,12423.9,9351.76,0,0.0,0,0,2026-09-21
NIFTY,2030-06-25,15000.0,CE,0.0,0.0,0.0,14543.9,11619.59,0,0.0,0,0,2026-09-21
NIFTY,2029-12-24,28500.0,CE,0.0,0.0,0.0,4802.1,2760.54,0,0.0,0,0,2026-09-21
NIFTY,2029-12-24,16500.0,CE,0.0,0.0,0.0,12984.85,10044.0,0,0.0,0,0,2026-09-21
NIFTY,2029-06-26,33000.0,CE,0.0,0.0,0.0,4179.45,1053.47,0,0.0,0,0,2026-09-21
NIFTY,2029-06-26,21000.0,CE,0.0,0.0,0.0,9799.75,6168.4,0,0.0,0,0,2026-09-21
NIFTY,2029-06-26,18000.0,CE,0.0,0.0,0.0,11678.65,8405.15,0,0.0,0,0,2026-09-21
NIFTY,2028-06-27,19500.0,CE,0.0,0.0,0.0,9209.1,6134.81,0,0.0,0,0,2026-09-21
NIFTY,2027-12-28,33000.0,CE,70.0,73.95,65.05,65.1,146.67,8,17194921.25,8385,-65,2026-09-21
NIFTY,2027-06-29,33000.0,CE,0.0,0.0,0.0,1122.75,22.77,0,0.0,0,0,2026-09-21
NIFTY,2027-06-29,25500.0,CE,580.0,595.0,580.0,590.0,590.0,9,15262646.75,975,455,2026-09-21
NIFTY,2026-12-29,22500.0,CE,1395.0,1442.8,1390.0,1437.5,1437.5,202,313829194.25,359320,9230,2026-09-21
NIFTY,2026-12-29,16000.0,CE,0.0,0.0,0.0,8500.0,7687.09,0,0.0,260,0,2026-09-21
NIFTY,2026-11-23,25550.0,CE,0.0,0.0,0.0,446.95,96.65,0,0.0,0,0,2026-09-21
NIFTY,2026-11-23,25450.0,CE,0.0,0.0,0.0,479.65,108.7,0,0.0,0,0,2026-09-21
NIFTY,2026-11-23,24600.0,CE,90.9,93.55,86.35,88.2,88.2,465,746246887.75,86125,4290,2026-09-21
NIFTY,2026-11-23,24250.0,CE,165.2,170.15,160.55,167.55,375.71,21,33327541.0,9360,-130,2026-09-21
NIFTY,2026-11-23,23600.0,CE,425.0,451.75,418.8,439.55,439.55,473,738873115.5,35555,11895,2026-09-21
NIFTY,2026-11-23,23450.0,CE,503.1,542.25,503.1,523.85,523.85,60,93495967.5,6045,455,2026-09-21
NIFTY,2026-11-23,23400.0,CE,523.8,566.0,523.8,557.25,557.25,327,508981196.75,26325,5655,2026-09-21
NIFTY,2026-11-23,23100.0,CE,725.0,770.0,725.0,770.0,929.76,4,6200545.0,5330,-130,2026-09-21
NIFTY,2026-11-23,22700.0,CE,1056.0,1059.2,1056.0,1059.2,1200.3,2,3088488.0,195,-130,2026-09-21
NIFTY,2026-11-23,21700.0,CE,0.0,0.0,0.0,2999.2,2014.08,0,0.0,0,0,2026-09-21
NIFTY,2026-10-27,27200.0,CE,2.1,2.15,1.4,1.7,1.7,86,152058819.25,21385,-325,2026-09-21
NIFTY,2026-10-27,25650.0,CE,6.4,6.8,5.2,5.75,21.54,4,6670569.75,5005,65,2026-09-21
NIFTY,2026-10-27,25150.0,CE,0.0,0.0,0.0,479.95,52.94,0,0.0,0,0,2026-09-21
NIFTY,2026-10-27,25050.0,CE,12.35,13.05,12.0,12.45,12.45,132,215035567.5,76635,6175,2026-09-21
NIFTY,2026-10-27,23050.0,CE,615.15,646.05,598.0,646.05,756.23,7,10771156.5,1755,-130,2026-09-21
NIFTY,2026-10-27,23000.0,CE,640.0,698.0,627.5,678.55,678.55,3159,4859148131.5,446745,12480,2026-09-21
NIFTY,2026-10-27,22050.0,CE,0.0,0.0,0.0,2377.1,1549.2,0,0.0,0,0,2026-09-21
NIFTY,2026-10-27,21600.0,CE,0.0,0.0,0.0,2774.55,1966.9,0,0.0,0,0,2026-09-21
NIFTY,2026-10-19,24850.0,CE,27.75,27.75,10.1,10.1,10.1,7,11312538.25,390,390,2026-09-21
NIFTY,2026-10-19,24150.0,CE,0.0,0.0,0.0,140.9,174.0,0,0.0,0,0,2026-09-21
NIFTY,2026-10-19,24100.0,CE,102.65,102.65,59.35,61.95,61.95,109,171189317.0,1495,1495,2026-09-21
NIFTY,2026-10-19,23750.0,CE,0.0,0.0,0.0,245.05,306.51,0,0.0,0,0,2026-09-21
NIFTY,2026-10-19,23300.0,CE,374.95,404.6,374.95,403.15,403.15,33,50813262.5,2405,-260,2026-09-21
NIFTY,2026-10-19,22350.0,CE,0.0,0.0,0.0,1020.95,1225.76,0,0.0,0,0,2026-09-21
NIFTY,2026-10-19,22300.0,CE,0.0,0.0,0.0,1060.25,1269.51,0,0.0,0,0,2026-09-21
NIFTY,2026-10-13,24950.0,CE,6.0,9.8,4.85,9.8,9.8,34,55154612.5,2405,1690,2026-09-21
NIFTY,2026-10-13,24700.0,CE,0.0,0.0,0.0,148.1,43.71,0,0.0,0,0,2026-09-21
NIFTY,2026-10-13,23950.0,CE,0.0,0.0,0.0,381.6,183.65,0,0.0,0,0,2026-09-21
NIFTY,2026-10-13,23900.0,CE,0.0,0.0,0.0,403.35,199.31,0,0.0,0,0,2026-09-21
NIFTY,2026-10-13,23700.0,CE,134.75,147.8,123.75,137.0,137.0,903,1399015848.75,46735,13650,2026-09-21
NIFTY,2026-10-13,23400.0,CE,271.1,303.15,261.05,289.5,289.5,757,1165431377.5,30615,10530,2026-09-21
NIFTY,2026-10-13,23000.0,CE,550.0,596.5,550.0,584.0,584.0,45,68970674.5,8905,455,2026-09-21
NIFTY,2026-10-13,22950.0,CE,0.0,0.0,0.0,974.15,695.34,0,0.0,0,0,2026-09-21
NIFTY,2026-10-13,22700.0,CE,0.0,0.0,0.0,1169.65,886.51,0,0.0,0,0,2026-09-21
NIFTY,2026-10-13,22650.0,CE,0.0,0.0,0.0,1210.6,927.17,0,0.0,0,0,2026-09-21
NIFTY,2026-10-13,22250.0,CE,0.0,0.0,0.0,1556.55,1275.65,0,0.0,0,0,2026-09-21
NIFTY,2026-10-06,25400.0,CE,2.75,2.75,2.05,2.25,1.73,40,66046178.25,2210,-585,2026-09-21
NIFTY,2026-10-06,23900.0,CE,42.4,45.9,35.7,40.1,40.1,6024,9374033503.25,276250,102310,2026-09-21
NIFTY,2026-10-06,23300.0,CE,272.8,311.15,257.55,291.8,291.8,7337,11245149805.5,192595,6435,2026-09-21
NIFTY,2026-10-06,22650.0,CE,0.0,0.0,0.0,1586.8,868.82,0,0.0,0,0,2026-09-21
NIFTY,2026-10-06,22250.0,CE,0.0,0.0,0.0,1956.3,1232.89,0,0.0,0,0,2026-09-21
NIFTY,2026-09-29,27050.0,CE,0.5,0.5,0.5,0.5,0.0,1,1758282.5,10920,0,2026-09-21
NIFTY,2026-09-29,26150.0,CE,0.7,1.0,0.7,0.8,0.8,57,96888970.75,8645,2470,2026-09-21
NIFTY,2026-09-29,25100.0,CE,1.5,1.75,1.3,1.6,1.6,28733,46880670463.25,929760,382460,2026-09-21
NIFTY,2026-09-29,23800.0,CE,20.0,28.35,18.35,22.6,22.6,164559,254815038039.25,5171335,778830,2026-09-21
NIFTY,2026-09-29,23550.0,CE,82.7,103.45,71.3,89.1,89.1,45091,69274502163.75,740090,237705,2026-09-21
NIFTY,2026-09-29,23250.0,CE,236.4,289.2,223.75,266.0,266.0,14911,22777295550.75,816335,-87425,2026-09-21
NIFTY,2026-09-29,22400.0,CE,1060.0,1060.0,1055.4,1057.7,1057.7,2,3049501.0,455,-65,2026-09-21
NIFTY,2026-09-29,22250.0,CE,1180.0,1180.0,1180.0,1180.0,1195.55,1,1522950.0,325,0,2026-09-21
NIFTY,2026-09-29,22150.0,CE,0.0,0.0,0.0,1260.0,1294.4,0,0.0,390,0,2026-09-21
NIFTY,2026-09-22,25950.0,CE,0.4,0.5,0.25,0.35,0.35,1647,2778123026.25,39975,12610,2026-09-21
NIFTY,2026-09-22,25850.0,CE,0.45,0.55,0.35,0.45,0.45,683,1147630230.5,39455,2795,2026-09-21
NIFTY,2026-09-22,25450.0,CE,0.55,0.6,0.35,0.4,0.4,743,1229129482.75,21645,0,2026-09-21
NIFTY,2026-09-22,24900.0,CE,0.6,0.7,0.4,0.5,0.5,44532,72076670828.5,474500,-645385,2026-09-21
NIFTY,2026-09-22,23950.0,CE,1.5,1.75,0.75,1.15,1.15,317283,493958667091.5,1433705,-934440,2026-09-21
NIFTY,2026-09-22,23750.0,CE,3.95,4.0,1.5,2.1,2.1,1663752,2568717918627.25,5202860,899145,2026-09-21
NIFTY,2026-09-22,23150.0,CE,218.6,326.5,217.0,301.8,301.8,80858,123051831168.5,250770,-98865,2026-09-21
NIFTY,2026-09-22,23100.0,CE,263.6,374.4,260.4,349.8,349.8,83944,127733909676.75,482820,-111605,2026-09-21
NIFTY,2026-09-22,23000.0,CE,367.35,473.45,352.8,448.45,448.45,49807,75784337629.0,420550,-201240,2026-09-21
NIFTY,2026-09-22,22850.0,CE,531.35,611.0,500.0,594.4,594.4,658,1000824847.75,48165,-4745,2026-09-21
NIFTY,2026-09-22,22650.0,CE,717.2,811.8,717.2,797.9,797.9,100,152158103.5,17030,65,2026-09-21
NIFTY,2026-09-22,22500.0,CE,857.3,972.1,857.25,944.75,944.75,1463,2227107441.0,58435,-25610,2026-09-21
NIFTY,2026-09-22,22450.0,CE,0.0,0.0,0.0,854.55,967.95,0,0.0,455,0,2026-09-21
NIFTY,2026-09-22,22000.0,CE,1351.0,1452.0,1350.95,1442.85,1442.85,124,188699579.25,19370,-3120,2026-09-21
NIFTY,2026-09-22,21800.0,CE,0.0,0.0,0.0,1500.0,1617.84,0,0.0,65,0,2026-09-21
NIFTY,2026-09-22,21500.0,CE,0.0,0.0,0.0,2782.4,1917.79,0,0.0,0,0,2026-09-21
NIFTY,2026-09-22,24550.0,PE,1184.45,1184.45,1100.05,1110.25,1110.25,306,510847688.0,10465,-13390,2026-09-21
NIFTY,2026-09-22,25150.0,PE,0.0,0.0,0.0,1900.0,1731.61,0,0.0,325,0,2026-09-21
NIFTY,2026-09-29,18000.0,PE,0.65,0.65,0.45,0.5,0.5,1597,1868544889.25,810420,-4550,2026-09-21
NIFTY,2026-09-29,23300.0,PE,132.45,137.5,78.0,84.9,84.9,172955,263048111287.0,5572320,235300,2026-09-21
NIFTY,2026-09-29,23850.0,PE,488.0,500.7,405.0,420.05,420.05,859,1355931759.0,99060,19890,2026-09-21
NIFTY,2026-09-29,24350.0,PE,955.0,965.0,898.95,902.95,902.95,101,165849628.75,309920,-4355,2026-09-21
NIFTY,2026-09-29,25150.0,PE,1785.35,1785.35,1724.95,1724.95,1724.95,2,3497669.5,1365,0,2026-09-21
NIFTY,2026-09-22,24200.0,PE,846.9,846.95,733.1,756.85,756.85,1560,2534335024.0,91780,-75010,2026-09-21
NIFTY,2026-09-22,24100.0,PE,726.8,737.3,642.4,662.45,662.45,1078,1736368081.5,100425,-37635,2026-09-21
NIFTY,2031-06-24,31500.0,CE,0.0,0.0,0.0,3928.35,3253.15,0,0.0,0,0,2026-09-21
NIFTY,2030-12-31,28500.0,CE,0.0,0.0,0.0,5968.3,3847.25,0,0.0,0,0,2026-09-21
NIFTY,2030-12-31,16500.0,CE,0.0,0.0,0.0,13763.55,10896.42,0,0.0,0,0,2026-09-21
NIFTY,2030-12-31,15000.0,CE,0.0,0.0,0.0,14862.95,12005.1,0,0.0,0,0,2026-09-21
NIFTY,2026-09-29,25350.0,PE,0.0,0.0,0.0,850.0,1902.83,0,0.0,1040,0,2026-09-21
NIFTY,2026-09-29,26700.0,PE,0.0,0.0,0.0,2560.85,3251.02,0,0.0,0,0,2026-09-21
NIFTY,2026-10-06,21450.0,PE,0.0,0.0,0.0,2.95,0.52,0,0.0,0,0,2026-09-21
NIFTY,2026-10-06,22100.0,PE,11.9,11.9,8.9,9.6,9.6,551,791855584.0,42640,5980,2026-09-21
NIFTY,2026-10-06,22750.0,PE,42.1,43.2,28.15,29.9,29.9,1058,1566843027.75,26845,1950,2026-09-21
NIFTY,2026-10-06,23100.0,PE,98.25,103.6,68.0,72.25,72.25,5637,8493699841.25,125840,27170,2026-09-21
NIFTY,2026-10-06,23250.0,PE,148.1,149.25,101.85,107.4,107.4,1531,2325528471.5,54275,22360,2026-09-21
NIFTY,2026-10-06,23750.0,PE,401.1,405.0,339.45,349.95,349.95,377,591108228.75,12675,10400,2026-09-21
NIFTY,2026-10-06,24150.0,PE,0.0,0.0,0.0,455.15,754.72,0,0.0,0,0,2026-09-21
NIFTY,2026-10-06,24500.0,PE,1090.0,1090.0,1018.45,1026.75,1058.16,73,121225760.5,6305,4615,2026-09-21
NIFTY,2026-10-06,24950.0,PE,0.0,0.0,0.0,1580.7,1483.35,0,0.0,65,0,2026-09-21
NIFTY,2026-10-06,25700.0,PE,0.0,0.0,0.0,1563.65,2223.68,0,0.0,0,0,2026-09-21
NIFTY,2026-10-13,21900.0,PE,0.0,0.0,0.0,25.0,12.05,0,0.0,195,0,2026-09-21
NIFTY,2026-10-13,22000.0,PE,18.95,19.9,13.8,14.95,14.95,1164,1665691508.0,74880,22490,2026-09-21
NIFTY,2026-10-13,22150.0,PE,0.0,0.0,0.0,37.7,24.55,0,0.0,5005,0,2026-09-21
NIFTY,2026-10-13,23150.0,PE,149.1,151.1,110.9,114.25,114.25,93,140695925.5,5785,1625,2026-09-21
NIFTY,2026-10-13,24000.0,PE,582.65,582.65,541.4,559.0,559.0,14,22345007.75,2275,-65,2026-09-21
NIFTY,2026-10-13,24100.0,PE,0.0,0.0,0.0,652.1,742.93,0,0.0,0,0,2026-09-21
NIFTY,2026-10-13,24200.0,PE,0.0,0.0,0.0,715.4,818.4,0,0.0,0,0,2026-09-21
NIFTY,2026-10-13,24350.0,PE,0.0,0.0,0.0,816.0,938.65,0,0.0,0,0,2026-09-21
NIFTY,2026-10-13,24500.0,PE,0.0,0.0,0.0,1111.0,1064.98,0,0.0,65,0,2026-09-21
NIFTY,2026-10-13,25150.0,PE,0.0,0.0,0.0,1450.15,1661.12,0,0.0,0,0,2026-09-21
NIFTY,2026-10-19,22100.0,PE,0.0,0.0,0.0,84.4,34.6,0,0.0,0,0,2026-09-21
NIFTY,2026-10-19,22300.0,PE,50.0,50.0,50.0,50.0,54.0,5,7263750.0,325,325,2026-09-21
NIFTY,2026-10-19,22350.0,PE,0.0,0.0,0.0,130.25,60.02,0,0.0,0,0,2026-09-21
NIFTY,2026-10-19,23050.0,PE,0.0,0.0,0.0,355.15,212.49,0,0.0,0,0,2026-09-21
NIFTY,2026-10-19,24950.0,PE,0.0,0.0,0.0,1732.7,1465.87,0,0.0,0,0,2026-09-21
NIFTY,2026-10-27,21400.0,PE,19.45,21.3,15.3,15.75,15.75,1320,1837628971.75,96655,20540,2026-09-21
NIFTY,2026-10-27,22100.0,PE,44.35,44.35,33.9,35.4,35.4,2463,3544020207.0,94445,34775,2026-09-21
NIFTY,2026-10-27,22500.0,PE,77.5,77.6,59.95,61.4,61.4,21597,31678887948.5,1904825,2535,2026-09-21
NIFTY,2026-10-27,26200.0,PE,0.0,0.0,0.0,2040.5,2629.47,0,0.0,0,0,2026-09-21
NIFTY,2026-10-27,26350.0,PE,0.0,0.0,0.0,2163.0,2776.57,0,0.0,0,0,2026-09-21
NIFTY,2026-10-27,26700.0,PE,0.0,0.0,0.0,2458.1,3121.58,0,0.0,0,0,2026-09-21
NIFTY,2026-11-23,21700.0,PE,55.45,57.1,44.75,46.1,46.1,207,292641173.5,37895,845,2026-09-21
NIFTY,2026-11-23,23600.0,PE,429.35,429.35,372.0,384.0,384.0,311,485170679.5,40755,5330,2026-09-21
NIFTY,2026-11-23,25000.0,PE,1406.0,1422.95,1337.95,1358.1,1358.1,399,684219500.25,161785,17160,2026-09-21
NIFTY,2026-11-23,25050.0,PE,0.0,0.0,0.0,1014.95,1533.22,0,0.0,0,0,2026-09-21
NIFTY,2026-11-23,25850.0,PE,0.0,0.0,0.0,1490.4,2221.42,0,0.0,0,0,2026-09-21
NIFTY,2026-11-23,25900.0,PE,0.0,0.0,0.0,1526.4,2266.79,0,0.0,0,0,2026-09-21
NIFTY,2026-12-29,19500.0,PE,29.0,30.0,25.4,28.0,28.0,317,402373481.25,173485,8905,2026-09-21
NIFTY,2026-12-29,25000.0,PE,1333.55,1340.0,1259.1,1265.2,1265.2,1284,2194436617.75,2097400,10460,2026-09-21
NIFTY,2026-12-29,28500.0,PE,0.0,0.0,0.0,3320.25,4610.7,0,0.0,130,0,2026-09-21
NIFTY,2027-03-30,25500.0,PE,1540.0,1548.4,1480.0,1491.7,1491.7,155,272273075.75,238290,-65,2026-09-21
NIFTY,2027-03-30,30000.0,PE,0.0,0.0,0.0,5654.95,5645.95,0,0.0,3185,0,2026-09-21
NIFTY,2027-03-30,31500.0,PE,0.0,0.0,0.0,7066.15,7073.8,0,0.0,0,0,2026-09-21
NIFTY,2027-06-29,15000.0,PE,0.0,0.0,0.0,1173.2,0.11,0,0.0,0,0,2026-09-21
NIFTY,2027-06-29,24000.0,PE,720.1,720.1,685.2,685.4,685.4,21,33713098.25,15210,1170,2026-09-21
NIFTY,2027-06-29,31500.0,PE,0.0,0.0,0.0,3604.7,6639.19,0,0.0,0,0,2026-09-21
NIFTY,2026-09-22,23600.0,CE,8.6,19.5,7.85,10.5,10.5,3860663,5925119437513.25,10709140,2800135,2026-09-21
NIFTY,2026-09-22,23850.0,CE,2.65,2.65,1.0,1.4,1.4,495011,767446281966.0,3581175,604500,2026-09-21
NIFTY,2026-09-22,24500.0,CE,0.75,0.9,0.45,0.55,0.55,469167,747169344294.75,7131345,-2918955,2026-09-21
NIFTY,2026-09-22,24750.0,CE,0.65,0.7,0.35,0.45,0.45,13086,21052567529.5,154960,-34905,2026-09-21
NIFTY,2026-09-22,24950.0,CE,0.65,0.75,0.35,0.5,0.5,6168,10003166910.75,134550,-65130,2026-09-21
NIFTY,2026-09-22,25100.0,CE,0.6,0.65,0.3,0.45,0.45,32792,53501271183.75,293995,-582595,2026-09-21
NIFTY,2026-09-22,26100.0,CE,0.4,0.5,0.3,0.45,0.45,24403,41400280343.5,475345,-124865,2026-09-21
NIFTY,2026-09-29,21500.0,CE,0.0,0.0,0.0,2764.6,1942.24,0,0.0,0,0,2026-09-21
NIFTY,2026-09-29,22050.0,CE,0.0,0.0,0.0,1500.0,1393.66,0,0.0,65,0,2026-09-21
NIFTY,2026-09-29,22650.0,CE,764.2,800.0,763.8,800.0,810.48,7,10661066.0,44135,260,2026-09-21
NIFTY,2026-09-29,23050.0,CE,392.95,454.75,377.15,427.0,427.0,311,474328162.75,24570,1690,2026-09-21
NIFTY,2026-09-29,23300.0,CE,182.75,251.3,182.7,229.85,229.85,130440,199388358809.25,4075045,-368290,2026-09-21
NIFTY,2026-09-29,23600.0,CE,60.85,82.65,55.55,69.55,69.55,124630,191728072679.0,2860585,344565,2026-09-21
NIFTY,2026-09-29,24050.0,CE,6.9,7.6,5.65,6.85,6.85,26418,41309250671.0,749320,262665,2026-09-21
NIFTY,2026-09-29,24450.0,CE,2.95,3.55,2.85,3.25,3.25,8634,13723391243.25,314015,-11895,2026-09-21
NIFTY,2026-09-29,25150.0,CE,1.35,1.65,1.3,1.5,1.5,2061,3369412891.0,60580,19045,2026-09-21
NIFTY,2026-09-29,26300.0,CE,0.75,1.0,0.55,0.6,0.6,1053,1800147586.25,119535,-7540,2026-09-21
NIFTY,2026-09-29,26950.0,CE,0.0,0.0,0.0,0.8,0.0,0,0.0,2795,0,2026-09-21
NIFTY,2026-09-29,33000.0,CE,0.5,0.65,0.4,0.4,0.4,40,85801290.25,34775,1885,2026-09-21
NIFTY,2026-10-06,21400.0,CE,0.0,0.0,0.0,2781.95,2066.8,0,0.0,0,0,2026-09-21
NIFTY,2026-10-06,21800.0,CE,0.0,0.0,0.0,2389.25,1669.96,0,0.0,0,0,2026-09-21
NIFTY,2026-10-06,21850.0,CE,0.0,0.0,0.0,2340.55,1620.68,0,0.0,0,0,2026-09-21
NIFTY,2026-10-06,22600.0,CE,910.0,910.0,884.3,884.3,912.26,2,3054629.5,0,-130,2026-09-21
NIFTY,2026-10-06,23050.0,CE,454.35,486.05,452.05,484.5,484.5,12,18340705.5,2730,0,2026-09-21
NIFTY,2026-10-06,24050.0,CE,26.25,26.25,19.55,22.2,22.2,1531,2395569237.75,54990,22490,2026-09-21
NIFTY,2026-10-13,21350.0,CE,0.0,0.0,0.0,2409.75,2142.37,0,0.0,0,0,2026-09-21
NIFTY,2026-10-13,22550.0,CE,0.0,0.0,0.0,1294.15,1010.64,0,0.0,0,0,2026-09-21
NIFTY,2026-10-13,22850.0,CE,0.0,0.0,0.0,1050.4,769.3,0,0.0,0,0,2026-09-21
NIFTY,2026-10-13,24300.0,CE,22.3,25.9,19.65,20.75,20.75,854,1350079220.75,46150,25415,2026-09-21
NIFTY,2026-10-13,24650.0,CE,0.0,0.0,0.0,158.85,48.71,0,0.0,0,0,2026-09-21
NIFTY,2026-10-13,25200.0,CE,4.8,4.8,4.55,4.55,13.34,8,13106414.75,1430,-325,2026-09-21
NIFTY,2026-10-13,25350.0,CE,4.0,4.0,3.1,3.6,9.01,27,44495538.75,715,-520,2026-09-21
NIFTY,2026-10-13,25400.0,CE,4.1,4.45,3.5,3.55,3.55,31,51188861.75,9100,715,2026-09-21
NIFTY,2026-10-19,21650.0,CE,0.0,0.0,0.0,1621.35,1873.62,0,0.0,0,0,2026-09-21
NIFTY,2026-10-19,22450.0,CE,0.0,0.0,0.0,944.35,1139.86,0,0.0,0,0,2026-09-21
NIFTY,2026-10-19,23150.0,CE,0.0,0.0,0.0,495.8,616.49,0,0.0,0,0,2026-09-21
NIFTY,2026-10-19,23900.0,CE,0.0,0.0,0.0,200.65,250.32,0,0.0,0,0,2026-09-21
NIFTY,2026-10-19,24050.0,CE,0.0,0.0,0.0,162.9,202.05,0,0.0,0,0,2026-09-21
NIFTY,2026-10-19,24200.0,CE,0.0,0.0,0.0,130.85,162.17,0,0.0,0,0,2026-09-21
NIFTY,2026-10-19,24600.0,CE,45.35,45.35,16.0,16.45,16.45,144,230438048.75,5720,5720,2026-09-21
NIFTY,2026-10-27,23500.0,CE,312.9,346.95,303.7,330.5,330.5,27767,42999290340.5,1731990,444535,2026-09-21
NIFTY,2026-10-27,24250.0,CE,63.6,65.95,58.65,62.2,62.2,706,1115695711.0,95355,6825,2026-09-21
NIFTY,2026-10-27,25350.0,CE,0.0,0.0,0.0,417.4,37.42,0,0.0,0,0,2026-09-21
NIFTY,2026-10-27,26200.0,CE,3.5,4.35,3.5,4.1,7.09,19,32361975.75,8515,65,2026-09-21
NIFTY,2026-10-27,26650.0,CE,0.0,0.0,0.0,6.95,2.6,0,0.0,390,0,2026-09-21
NIFTY,2026-11-23,21850.0,CE,0.0,0.0,0.0,2860.95,1881.69,0,0.0,0,0,2026-09-21
NIFTY,2026-11-23,22750.0,CE,0.0,0.0,0.0,932.0,1163.6,0,0.0,65,0,2026-09-21
NIFTY,2026-11-23,23550.0,CE,455.95,473.1,453.95,465.45,673.37,17,26536253.25,7540,390,2026-09-21
NIFTY,2026-11-23,23750.0,CE,345.5,363.2,343.35,357.85,357.85,60,93988748.75,8255,715,2026-09-21
NIFTY,2026-11-23,23950.0,CE,265.4,274.6,264.2,268.0,268.0,13,20464726.75,8970,195,2026-09-21
NIFTY,2026-11-23,25400.0,CE,0.0,0.0,0.0,496.65,115.18,0,0.0,0,0,2026-09-21
NIFTY,2026-11-23,25600.0,CE,0.0,0.0,0.0,431.25,91.06,0,0.0,0,0,2026-09-21
NIFTY,2026-11-23,25650.0,CE,0.0,0.0,0.0,38.55,85.75,0,0.0,65,0,2026-09-21
NIFTY,2026-12-29,16500.0,CE,0.0,0.0,0.0,10405.0,7195.61,0,0.0,0,0,2026-09-21
NIFTY,2026-12-29,19000.0,CE,4620.0,4708.0,4608.2,4675.8,4675.8,80,123052302.75,85345,2535,2026-09-21
NIFTY,2027-03-30,19500.0,CE,0.0,0.0,0.0,4365.4,4574.24,0,0.0,0,0,2026-09-21
NIFTY,2027-03-30,33000.0,CE,14.9,14.9,9.95,9.95,3.07,15,32188562.25,6240,585,2026-09-21
NIFTY,2027-12-28,18000.0,CE,0.0,0.0,0.0,6285.7,6841.05,0,0.0,0,0,2026-09-21
NIFTY,2028-06-27,24000.0,CE,0.0,0.0,0.0,3918.85,3013.61,0,0.0,0,0,2026-09-21
NIFTY,2028-06-27,30000.0,CE,0.0,0.0,0.0,2278.45,820.25,0,0.0,0,0,2026-09-21
NIFTY,2028-12-26,22500.0,CE,0.0,0.0,0.0,7382.9,4565.19,0,0.0,0,0,2026-09-21
NIFTY,2028-12-26,31500.0,CE,0.0,0.0,0.0,500.0,941.02,0,0.0,585,0,2026-09-21
NIFTY,2029-06-26,31500.0,CE,0.0,0.0,0.0,2878.65,1363.59,0,0.0,0,0,2026-09-21
NIFTY,2029-12-24,24000.0,CE,0.0,0.0,0.0,5200.0,4857.49,0,0.0,65,0,2026-09-21
NIFTY,2029-12-24,33000.0,CE,0.0,0.0,0.0,3816.05,1453.84,0,0.0,0,0,2026-09-21
NIFTY,2030-12-31,18000.0,CE,0.0,0.0,0.0,12674.15,9815.94,0,0.0,0,0,2026-09-21
NIFTY,2026-09-22,21550.0,PE,0.85,1.2,0.55,0.7,0.7,30872,43245579819.0,337545,90935,2026-09-21
NIFTY,2026-09-22,22250.0,PE,1.8,1.95,1.15,1.4,1.4,192339,278188457719.25,1292980,268320,2026-09-21
NIFTY,2026-09-22,22600.0,PE,2.45,2.95,1.7,2.25,2.25,1061152,1558982343350.25,5757570,512135,2026-09-21
NIFTY,2026-09-22,23300.0,PE,62.4,62.4,20.25,22.95,22.95,5246181,7956832496817.75,15827240,3140670,2026-09-21
NIFTY,2026-09-22,23450.0,PE,141.25,141.35,58.6,65.75,65.75,3740814,5721857260577.25,6357650,5661045,2026-09-21
NIFTY,2026-09-22,23900.0,PE,540.05,552.6,434.55,458.15,458.15,8380,13281303402.25,229775,-207090,2026-09-21
NIFTY,2026-09-22,24300.0,PE,931.1,939.0,844.0,856.9,856.9,1614,2641581627.75,49270,-44980,2026-09-21
NIFTY,2026-09-22,25900.0,PE,0.0,0.0,0.0,1658.45,2481.49,0,0.0,0,0,2026-09-21
NIFTY,2026-09-22,26000.0,PE,2600.0,2636.0,2546.0,2557.65,2557.65,746,1386010606.5,29315,-39390,2026-09-21
NIFTY,2026-09-29,15000.0,PE,1.5,1.5,0.3,0.75,0.75,524,510920429.5,101725,7280,2026-09-21
NIFTY,2026-09-29,21900.0,PE,4.85,5.05,3.95,4.2,4.2,22763,32409453069.5,525135,158015,2026-09-21
NIFTY,2026-09-29,22500.0,PE,12.0,12.2,7.55,8.8,8.8,115719,169302185458.25,5460000,858130,2026-09-21
NIFTY,2026-09-29,22650.0,PE,18.05,18.05,9.65,11.05,11.05,15617,23003727721.0,403520,138190,2026-09-21
NIFTY,2026-09-29,26950.0,PE,0.0,0.0,0.0,2780.25,3500.7,0,0.0,0,0,2026-09-21
NIFTY,2026-09-29,27000.0,PE,3624.8,3624.8,3531.0,3556.15,3556.15,1057,2100928420.5,1476310,-15600,2026-09-21
NIFTY,2026-09-29,31500.0,PE,0.0,0.0,0.0,4341.2,8044.79,0,0.0,0,0,2026-09-21
NIFTY,2026-10-06,22600.0,PE,28.95,30.65,20.0,21.3,21.3,4394,6461259545.0,169910,58045,2026-09-21
NIFTY,2026-10-06,22900.0,PE,64.15,67.0,40.85,44.0,44.0,6501,9696696483.5,185250,82680,2026-09-21
NIFTY,2026-10-06,23650.0,PE,311.6,325.1,269.1,284.65,284.65,448,696901598.25,8060,1235,2026-09-21
NIFTY,2026-10-06,24250.0,PE,816.25,816.25,785.45,785.45,837.93,54,87964565.0,3250,3185,2026-09-21
NIFTY,2026-10-13,21600.0,PE,0.0,0.0,0.0,11.2,4.62,0,0.0,0,0,2026-09-21
NIFTY,2026-10-13,21700.0,PE,0.0,0.0,0.0,14.3,6.44,0,0.0,0,0,2026-09-21
NIFTY,2026-10-13,23000.0,PE,114.5,114.5,82.05,84.05,84.05,1919,2880456455.5,86125,41145,2026-09-21
NIFTY,2026-10-13,23250.0,PE,180.7,180.7,135.3,138.7,138.7,404,614655762.5,8255,715,2026-09-21
NIFTY,2026-10-13,23700.0,PE,380.7,380.7,324.2,340.45,340.45,21,32810703.25,3055,520,2026-09-21
NIFTY,2026-10-13,23900.0,PE,530.0,530.0,462.65,465.05,599.73,3,4755250.5,715,-65,2026-09-21
NIFTY,2026-10-19,21450.0,PE,0.0,0.0,0.0,22.0,6.23,0,0.0,0,0,2026-09-21
NIFTY,2026-10-19,22550.0,PE,0.0,0.0,0.0,178.65,89.65,0,0.0,0,0,2026-09-21
NIFTY,2026-10-19,22900.0,PE,110.0,110.0,87.45,87.45,87.45,8,11958641.5,390,0,2026-09-21
NIFTY,2026-10-19,23000.0,PE,130.0,131.0,104.55,108.15,108.15,146,219386810.5,12025,4225,2026-09-21
NIFTY,2026-10-19,23800.0,PE,0.0,0.0,0.0,780.9,564.55,0,0.0,0,0,2026-09-21
NIFTY,2026-10-19,24000.0,PE,0.0,0.0,0.0,643.5,694.06,0,0.0,65,0,2026-09-21
NIFTY,2026-10-19,24050.0,PE,0.0,0.0,0.0,962.95,728.59,0,0.0,0,0,2026-09-21
NIFTY,2026-10-19,24700.0,PE,0.0,0.0,0.0,1505.1,1243.21,0,0.0,0,0,2026-09-21
NIFTY,2026-10-27,21450.0,PE,18.4,22.1,16.25,18.1,18.1,118,164660934.75,5070,-2145,2026-09-21
NIFTY,2026-10-27,21750.0,PE,30.95,30.95,21.55,23.45,23.45,371,525088551.0,58500,-4745,2026-09-21
NIFTY,2026-10-27,22400.0,PE,64.95,66.75,51.85,52.85,52.85,2883,4208275012.5,200525,23400,2026-09-21
NIFTY,2026-10-27,24100.0,PE,686.4,694.8,623.0,635.05,635.05,417,671058800.75,202670,1365,2026-09-21
NIFTY,2026-10-27,24150.0,PE,723.95,729.4,666.0,667.0,818.37,15,24228454.25,15860,130,2026-09-21
NIFTY,2026-10-27,25050.0,PE,0.0,0.0,0.0,1161.25,1542.11,0,0.0,325,0,2026-09-21
NIFTY,2026-10-27,25250.0,PE,0.0,0.0,0.0,1826.6,1722.9,0,0.0,130,0,2026-09-21
NIFTY,2026-10-27,26100.0,PE,0.0,0.0,0.0,2615.0,2531.77,0,0.0,65,0,2026-09-21
NIFTY,2026-10-27,26900.0,PE,0.0,0.0,0.0,2631.85,3319.46,0,0.0,0,0,2026-09-21
NIFTY,2026-11-23,21850.0,PE,0.0,0.0,0.0,51.8,79.59,0,0.0,0,0,2026-09-21
NIFTY,2026-11-23,21900.0,PE,66.5,66.5,54.0,54.0,54.0,42,59948882.5,3965,2275,2026-09-21
NIFTY,2026-11-23,22350.0,PE,0.0,0.0,0.0,132.9,156.93,0,0.0,2470,0,2026-09-21
NIFTY,2026-11-23,23000.0,PE,224.05,231.0,192.1,196.4,196.4,3888,5865148029.0,811590,89635,2026-09-21
NIFTY,2026-11-23,23200.0,PE,279.65,279.75,238.1,245.15,245.15,1006,1534049055.5,165815,5915,2026-09-21
NIFTY,2026-11-23,23300.0,PE,305.0,319.05,269.0,274.55,274.55,311,476726880.5,40885,-585,2026-09-21
NIFTY,2026-11-23,23350.0,PE,322.05,327.9,282.75,292.45,462.57,50,76918611.25,7475,585,2026-09-21
NIFTY,2026-11-23,24150.0,PE,732.65,732.65,729.0,729.0,883.79,4,6469008.0,1235,0,2026-09-21
NIFTY,2026-11-23,24400.0,PE,0.0,0.0,0.0,950.05,1047.3,0,0.0,12415,0,2026-09-21
NIFTY,2026-11-23,25100.0,PE,0.0,0.0,0.0,1027.25,1573.72,0,0.0,130,0,2026-09-21
NIFTY,2026-11-23,25350.0,PE,0.0,0.0,0.0,1152.95,1781.79,0,0.0,0,0,2026-09-21
NIFTY,2026-11-23,26000.0,PE,2317.0,2353.4,2302.4,2318.5,2358.17,13,23930712.0,8645,520,2026-09-21
NIFTY,2027-03-30,16500.0,PE,20.3,20.3,18.0,18.0,0.22,6,6442767.5,1950,390,2026-09-21
NIFTY,2027-06-29,19000.0,PE,0.0,0.0,0.0,90.0,35.05,0,0.0,940,0,2026-09-21
NIFTY,2027-06-29,19500.0,PE,0.0,0.0,0.0,17.3,56.62,0,0.0,0,0,2026-09-21
NIFTY,2027-12-28,18000.0,PE,0.0,0.0,0.0,100.0,35.82,0,0.0,15105,0,2026-09-21
NIFTY,2027-12-28,19000.0,PE,110.0,110.0,110.0,110.0,110.0,21,26085150.0,27985,975,2026-09-21
NIFTY,2027-12-28,20000.0,PE,181.85,183.6,173.1,173.4,155.16,45,59021309.75,73285,780,2026-09-21
NIFTY,2028-06-27,28500.0,PE,0.0,0.0,0.0,1560.85,3238.64,0,0.0,0,0,2026-09-21
NIFTY,2028-12-26,22000.0,PE,520.0,520.0,520.0,520.0,534.68,1,1463800.0,9020,0,2026-09-21
NIFTY,2030-12-31,30000.0,PE,0.0,0.0,0.0,1450.1,2738.54,0,0.0,0,0,2026-09-21
NIFTY,2031-06-24,24000.0,PE,0.0,0.0,0.0,933.85,832.65,0,0.0,65,0,2026-09-21
NIFTY,2031-06-24,25500.0,PE,0.0,0.0,0.0,1262.85,1157.97,0,0.0,0,0,2026-09-21
NIFTY,2031-06-24,28500.0,PE,0.0,0.0,0.0,2104.2,2012.49,0,0.0,0,0,2026-09-21
NIFTY,2031-06-24,30000.0,PE,0.0,0.0,0.0,2616.25,2541.45,0,0.0,0,0,2026-09-21
NIFTY,2026-09-22,22600.0,CE,757.85,869.35,757.85,845.45,845.45,187,284583513.5,37375,-3380,2026-09-21
NIFTY,2026-09-22,21900.0,CE,0.0,0.0,0.0,2390.45,1517.86,0,0.0,0,0,2026-09-21
NIFTY,2026-09-22,22050.0,CE,0.0,0.0,0.0,1162.8,1367.88,0,0.0,325,0,2026-09-21
NIFTY,2026-09-22,22750.0,CE,625.0,711.55,600.0,693.55,693.55,203,308880975.0,32890,-1495,2026-09-21
NIFTY,2026-11-23,23500.0,CE,480.05,512.1,470.0,496.6,496.6,1990,3103060226.5,294060,35815,2026-09-21
NIFTY,2026-11-23,23800.0,CE,329.9,345.1,320.4,334.65,334.65,702,1101154798.25,84370,6110,2026-09-21
NIFTY,2026-12-29,31500.0,CE,5.4,5.4,4.0,4.8,4.8,22,45051347.25,32955,65,2026-09-21
NIFTY,2027-03-30,24000.0,CE,823.2,859.85,816.15,844.45,844.45,1054,1701567796.5,472095,24960,2026-09-21
NIFTY,2026-09-22,22150.0,PE,2.35,2.35,1.05,1.3,1.3,139484,200834018716.5,949065,-200070,2026-09-21
NIFTY,2026-09-29,22450.0,PE,9.3,10.2,6.9,8.05,8.05,16376,23904898758.0,402350,118495,2026-09-21
NIFTY,2026-10-06,21950.0,CE,0.0,0.0,0.0,2243.55,1522.52,0,0.0,0,0,2026-09-21
NIFTY,2026-09-29,27000.0,CE,0.75,0.85,0.6,0.75,0.75,2682,4707040864.5,1660230,-28535,2026-09-21
NIFTY,2026-09-29,26100.0,CE,1.25,1.25,0.75,0.95,0.95,87,147601086.75,12155,-1170,2026-09-21
NIFTY,2026-09-29,22900.0,CE,522.85,595.9,500.0,563.35,563.35,2151,3277859695.5,109460,-23920,2026-09-21
NIFTY,2026-09-22,24850.0,CE,0.5,0.65,0.3,0.45,0.45,24700,39897476576.75,279500,-234195,2026-09-21
NIFTY,2026-09-22,24700.0,CE,0.5,0.7,0.35,0.45,0.45,113733,182602333173.0,893880,-1380990,2026-09-21
NIFTY,2026-09-22,24150.0,CE,0.9,1.35,0.55,0.7,0.7,216681,340147951906.75,1284855,-1148355,2026-09-21
NIFTY,2026-10-06,25600.0,PE,0.0,0.0,0.0,1475.75,2124.19,0,0.0,0,0,2026-09-21
NIFTY,2026-10-13,25350.0,PE,0.0,0.0,0.0,1628.0,1854.27,0,0.0,0,0,2026-09-21
NIFTY,2026-10-19,21800.0,PE,15.5,17.05,15.45,16.0,16.53,16,22688380.0,2535,780,2026-09-21
NIFTY,2026-10-19,22700.0,PE,83.0,83.0,72.0,74.15,118.53,8,11843861.25,390,390,2026-09-21
NIFTY,2026-11-23,23250.0,PE,293.95,293.95,252.65,259.95,259.95,96,146794644.75,128375,-1625,2026-09-21
NIFTY,2026-11-23,25450.0,PE,0.0,0.0,0.0,1217.0,1867.42,0,0.0,0,0,2026-09-21
NIFTY,2026-10-06,24550.0,CE,0.0,0.0,0.0,325.45,27.96,0,0.0,0,0,2026-09-21
NIFTY,2026-10-06,25450.0,CE,1.8,1.8,1.8,1.8,1.8,2,3308734.0,780,-130,2026-09-21
NIFTY,2026-10-13,21800.0,CE,0.0,0.0,0.0,1974.5,1700.95,0,0.0,0,0,2026-09-21
NIFTY,2026-10-27,21400.0,CE,0.0,0.0,0.0,2000.0,2158.77,0,0.0,65,0,2026-09-21
NIFTY,2026-10-27,21500.0,CE,1992.0,2058.25,1970.65,2042.95,2042.95,291,444733867.5,36790,15275,2026-09-21
NIFTY,2030-06-25,28500.0,CE,0.0,0.0,0.0,5382.85,3297.59,0,0.0,0,0,2026-09-21
NIFTY,2030-06-25,30000.0,CE,0.0,0.0,0.0,5580.35,2754.04,0,0.0,0,0,2026-09-21
NIFTY,2031-06-24,22500.0,CE,0.0,0.0,0.0,8012.75,7346.14,0,0.0,0,0,2026-09-21
NIFTY,2026-09-29,21350.0,CE,0.0,0.0,0.0,2900.5,2092.03,0,0.0,0,0,2026-09-21
NIFTY,2026-09-29,21650.0,CE,0.0,0.0,0.0,1850.0,1792.47,0,0.0,65,0,2026-09-21
NIFTY,2026-09-29,23350.0,CE,167.7,216.45,161.9,195.95,195.95,69100,105700724460.5,692965,43030,2026-09-21
NIFTY,2026-09-29,24550.0,CE,2.9,3.05,2.55,2.8,2.8,8306,13255796294.0,276965,-19240,2026-09-21
NIFTY,2026-09-29,25500.0,CE,1.4,1.45,1.25,1.4,1.4,28508,47254569602.5,3223935,24895,2026-09-21
NIFTY,2026-09-29,25750.0,CE,1.25,1.35,0.9,0.95,0.95,95,159012577.75,8385,390,2026-09-21
NIFTY,2026-09-22,21900.0,PE,1.35,1.6,0.85,1.05,1.05,127527,181543999279.5,1533155,-388310,2026-09-21
NIFTY,2026-09-22,23000.0,PE,10.0,10.15,4.05,5.35,5.35,1777244,2657626703108.0,12333035,1338870,2026-09-21
NIFTY,2026-09-22,24800.0,PE,1400.0,1431.2,1346.6,1364.2,1364.2,318,541118825.0,6500,-16575,2026-09-21
NIFTY,2026-09-22,24950.0,PE,0.0,0.0,0.0,887.95,1531.65,0,0.0,0,0,2026-09-21
NIFTY,2026-09-22,25050.0,PE,0.0,0.0,0.0,1650.0,1631.63,0,0.0,65,0,2026-09-21
NIFTY,2026-09-22,25250.0,PE,0.0,0.0,0.0,2000.0,1831.6,0,0.0,520,0,2026-09-21
NIFTY,2026-09-22,25400.0,PE,1990.0,1990.0,1955.3,1965.05,1981.57,5,8893608.75,1755,-260,2026-09-21
NIFTY,2026-09-22,25450.0,PE,0.0,0.0,0.0,2200.0,2031.57,0,0.0,520,0,2026-09-21
NIFTY,2026-09-22,25850.0,PE,0.0,0.0,0.0,1613.85,2431.5,0,0.0,0,0,2026-09-21
NIFTY,2026-09-22,26100.0,PE,0.0,0.0,0.0,1839.95,2681.46,0,0.0,0,0,2026-09-21
NIFTY,2026-09-29,21450.0,PE,3.25,3.5,2.6,2.95,2.95,1051,1465562195.5,22945,14755,2026-09-21
NIFTY,2026-09-29,21600.0,PE,3.05,3.7,2.9,3.45,3.45,18866,26491956227.75,902850,-49855,2026-09-21
NIFTY,2026-09-29,21800.0,PE,4.45,4.45,3.55,3.8,3.8,30214,42820869851.5,993850,51285,2026-09-21
NIFTY,2026-09-29,22300.0,PE,8.6,8.6,5.65,6.6,6.6,47248,68505179034.5,1133145,351780,2026-09-21
NIFTY,2026-09-29,22850.0,PE,31.05,31.05,16.5,18.6,18.6,29371,43662771636.25,549965,147290,2026-09-21
NIFTY,2026-09-29,23250.0,PE,110.0,112.2,65.7,71.1,71.1,47246,71653245423.5,1115075,-116805,2026-09-21
NIFTY,2026-09-29,23350.0,PE,149.65,156.8,93.0,101.1,101.1,73744,112483814628.25,801905,319540,2026-09-21
NIFTY,2026-09-29,23900.0,PE,526.65,548.9,439.85,464.85,464.85,9285,14714701530.75,1131715,152750,2026-09-21
NIFTY,2026-09-29,25000.0,PE,1625.0,1625.0,1530.0,1551.2,1551.2,2339,4041217869.0,1869980,-67015,2026-09-21
NIFTY,2026-09-29,25600.0,PE,2213.65,2219.0,2131.2,2150.0,2152.46,20,36129645.5,29640,-845,2026-09-21
NIFTY,2026-09-29,26750.0,PE,0.0,0.0,0.0,2201.15,3300.95,0,0.0,65,0,2026-09-21
NIFTY,2026-09-29,26850.0,PE,0.0,0.0,0.0,2691.9,3400.83,0,0.0,0,0,2026-09-21
NIFTY,2026-09-29,26900.0,PE,0.0,0.0,0.0,2776.0,3450.76,0,0.0,65,0,2026-09-21
NIFTY,2026-09-29,25850.0,CE,1.5,1.5,0.9,1.05,1.05,131,220121772.0,10920,2990,2026-09-21
NIFTY,2026-09-29,26000.0,CE,1.2,1.2,0.75,0.8,0.8,27546,46554400392.5,3214810,-49790,2026-09-21
NIFTY,2026-09-29,26600.0,CE,0.9,0.9,0.5,0.55,0.55,161,278375171.75,34645,-2145,2026-09-21
NIFTY,2026-09-29,27150.0,CE,1.25,1.5,0.5,0.85,0.85,10,17648075.25,8320,-65,2026-09-21
NIFTY,2026-09-29,28500.0,PE,5103.45,5125.0,5028.25,5058.05,5058.05,364,794378952.25,400205,-15405,2026-09-21
NIFTY,2026-10-06,21350.0,PE,4.5,6.05,3.9,5.1,5.1,697,967478118.75,37245,36335,2026-09-21
NIFTY,2026-10-06,21400.0,PE,4.85,6.55,4.15,4.85,4.85,317,441048296.0,13585,9685,2026-09-21
NIFTY,2026-10-06,21950.0,PE,9.0,9.0,7.05,8.55,8.55,77,109901200.5,3835,-975,2026-09-21
NIFTY,2026-10-06,22150.0,PE,9.8,10.8,8.5,9.55,9.55,37,53294887.75,3965,715,2026-09-21
NIFTY,2026-10-06,22250.0,PE,16.9,16.9,10.15,10.95,10.95,45,65117481.0,8320,130,2026-09-21
NIFTY,2026-10-06,23600.0,PE,316.05,316.05,239.1,251.45,251.45,3059,4745378839.5,104650,71370,2026-09-21
NIFTY,2026-10-06,24800.0,PE,0.0,0.0,0.0,842.45,1338.79,0,0.0,0,0,2026-09-21
NIFTY,2026-10-13,22100.0,PE,20.0,20.0,15.25,17.45,17.45,107,153832903.25,5785,2795,2026-09-21
NIFTY,2026-10-13,22650.0,PE,0.0,0.0,0.0,82.3,82.06,0,0.0,1560,0,2026-09-21
NIFTY,2026-10-13,22900.0,PE,94.35,94.35,67.05,68.35,68.35,368,549532158.5,16965,9685,2026-09-21
NIFTY,2026-10-13,23300.0,PE,200.0,200.0,149.65,155.05,155.05,522,796421466.75,23660,7670,2026-09-21
NIFTY,2026-10-13,23450.0,PE,247.0,248.95,202.2,209.2,209.2,170,261530769.5,8645,1235,2026-09-21
NIFTY,2026-10-13,23600.0,PE,326.1,331.3,270.7,282.3,282.3,183,284341476.25,8125,3705,2026-09-21
NIFTY,2026-10-13,24550.0,PE,0.0,0.0,0.0,961.3,1108.28,0,0.0,0,0,2026-09-21
NIFTY,2026-10-13,25400.0,PE,0.0,0.0,0.0,1673.35,1902.96,0,0.0,0,0,2026-09-21
NIFTY,2026-10-06,22550.0,CE,0.0,0.0,0.0,854.35,956.39,0,0.0,325,0,2026-09-21
NIFTY,2026-10-06,24000.0,CE,30.15,31.75,24.65,27.75,27.75,23773,37128619245.25,1376570,221000,2026-09-21
NIFTY,2026-10-06,25350.0,CE,2.9,2.9,2.6,2.75,2.75,30,49437956.75,1560,-390,2026-09-21
NIFTY,2026-10-13,23800.0,CE,99.6,110.75,92.2,102.65,102.65,1189,1847187485.0,81445,19500,2026-09-21
NIFTY,2026-10-13,25000.0,CE,6.4,7.35,4.6,5.25,5.25,653,1061347040.0,26845,12480,2026-09-21
NIFTY,2026-10-19,21550.0,PE,0.0,0.0,0.0,27.65,8.34,0,0.0,0,0,2026-09-21
NIFTY,2026-10-19,21700.0,PE,0.0,0.0,0.0,38.4,12.67,0,0.0,0,0,2026-09-21
NIFTY,2026-10-19,23100.0,PE,160.6,167.8,124.65,125.45,125.45,53,80088788.0,715,455,2026-09-21
NIFTY,2026-10-19,23500.0,PE,292.7,298.0,246.5,257.0,257.0,62,95776518.5,2665,1950,2026-09-21
NIFTY,2026-10-19,24250.0,PE,0.0,0.0,0.0,1120.3,874.87,0,0.0,0,0,2026-09-21
NIFTY,2026-10-27,21550.0,PE,23.95,23.95,18.0,19.3,19.3,22,30843348.25,1495,-715,2026-09-21
NIFTY,2026-10-27,21700.0,PE,29.6,29.6,21.05,21.7,21.7,1306,1844063650.0,155220,24115,2026-09-21
NIFTY,2026-10-27,23050.0,PE,173.2,173.8,139.1,143.05,143.05,525,791822200.0,28795,4420,2026-09-21
NIFTY,2026-10-27,23300.0,PE,262.05,262.05,202.0,209.65,209.65,10146,15511863900.0,999375,183820,2026-09-21
NIFTY,2028-06-27,25500.0,PE,1034.0,1034.0,1034.0,1034.0,1638.44,2,3449420.0,0,-130,2026-09-21
NIFTY,2028-06-27,22000.0,PE,0.0,0.0,0.0,510.0,512.18,0,0.0,2080,0,2026-09-21
NIFTY,2028-06-27,18000.0,PE,0.0,0.0,0.0,396.75,60.2,0,0.0,0,0,2026-09-21
NIFTY,2027-12-28,30000.0,PE,4500.0,4500.0,4400.0,4400.0,4688.54,3,6720935.0,2925,130,2026-09-21
