SYMBOL,EXPIRY_DT,STRIKE_PR,OPTION_TYP,OPEN,HIGH,LOW,CLOSE,SETTLE_PR,CONTRACTS,VAL_INLAKH,OPEN_INT,CHG_IN_OI,TIMESTAMP
NIFTY,2026-11-23,23100.0,PE,216.95,260.25,199.35,220.55,220.55,606,918848440.25,35165,11310,2026-09-22
NIFTY,2026-11-23,23500.0,PE,335.0,415.25,321.65,356.8,356.8,2397,3717478501.75,373295,23790,2026-09-22
NIFTY,2026-11-23,23900.0,PE,524.0,579.95,512.0,546.0,546.0,29,46114961.75,14885,585,2026-09-22
NIFTY,2026-09-22,24250.0,CE,0.5,0.6,0.05,0.1,23329.0,361925,570492386441.25,3509740,1803230,2026-09-22
NIFTY,2026-09-22,24000.0,CE,0.75,0.9,0.05,0.15,23329.0,2012093,3138929165359.0,11795485,2695160,2026-09-22
NIFTY,2026-09-22,22350.0,CE,1009.2,1068.7,972.95,1055.7,23329.0,70,106412257.25,1495,780,2026-09-22
NIFTY,2026-09-22,22150.0,CE,0.0,0.0,0.0,1148.05,23329.0,0,0.0,260,0,2026-09-22
NIFTY,2026-09-22,21950.0,CE,0.0,0.0,0.0,2341.9,23329.0,0,0.0,0,0,2026-09-22
NIFTY,2026-09-22,21850.0,CE,0.0,0.0,0.0,2439.15,23329.0,0,0.0,0,0,2026-09-22
NIFTY,2026-10-19,21850.0,CE,0.0,0.0,0.0,1440.3,1595.78,0,0.0,0,0,2026-09-22
NIFTY,2026-11-23,24700.0,PE,0.0,0.0,0.0,1106.35,1323.23,0,0.0,2210,0,2026-09-22
NIFTY,2026-11-23,24800.0,PE,1217.75,1251.0,1205.0,1239.0,1400.55,62,104866654.75,5005,260,2026-09-22
NIFTY,2026-11-23,25550.0,PE,0.0,0.0,0.0,1282.8,2030.01,0,0.0,0,0,2026-09-22
NIFTY,2027-06-29,21000.0,PE,150.05,170.7,150.05,161.45,161.45,28,38513878.0,20375,975,2026-09-22
NIFTY,2027-06-29,25500.0,PE,0.0,0.0,0.0,667.15,1845.74,0,0.0,0,0,2026-09-22
NIFTY,2027-12-28,17000.0,PE,0.0,0.0,0.0,69.1,14.91,0,0.0,17775,0,2026-09-22
NIFTY,2027-12-28,21000.0,PE,261.05,288.0,261.05,272.45,272.45,82,113386669.5,54015,1560,2026-09-22
NIFTY,2028-06-27,24000.0,PE,0.0,0.0,0.0,680.05,1078.4,0,0.0,65,0,2026-09-22
NIFTY,2028-12-26,15000.0,PE,0.0,0.0,0.0,22.25,9.12,0,0.0,0,0,2026-09-22
NIFTY,2028-12-26,25500.0,PE,0.0,0.0,0.0,648.2,1580.49,0,0.0,0,0,2026-09-22
NIFTY,2029-06-26,28500.0,PE,0.0,0.0,0.0,1349.1,2769.4,0,0.0,0,0,2026-09-22
NIFTY,2029-06-26,33000.0,PE,0.0,0.0,0.0,3022.85,5392.16,0,0.0,0,0,2026-09-22
NIFTY,2029-12-24,22500.0,PE,0.0,0.0,0.0,225.7,639.9,0,0.0,0,0,2026-09-22
NIFTY,2029-12-24,27000.0,PE,0.0,0.0,0.0,1177.9,1934.69,0,0.0,0,0,2026-09-22
NIFTY,2029-12-24,28500.0,PE,0.0,0.0,0.0,1255.9,2557.2,0,0.0,0,0,2026-09-22
NIFTY,2031-06-24,27000.0,PE,0.0,0.0,0.0,1653.15,1568.54,0,0.0,0,0,2026-09-22
NIFTY,2026-11-23,23700.0,PE,426.05,500.0,405.0,438.95,438.95,154,241596589.0,31915,1040,2026-09-22
NIFTY,2026-10-13,24100.0,CE,0.0,0.0,0.0,321.35,113.57,0,0.0,0,0,2026-09-22
NIFTY,2026-10-13,23350.0,CE,323.0,323.75,228.0,276.1,276.1,751,1153042189.0,21645,10465,2026-09-22
NIFTY,2026-10-13,24500.0,CE,12.6,12.85,9.1,10.15,10.15,2161,3442883749.5,123175,325,2026-09-22
NIFTY,2026-10-13,24600.0,CE,0.0,0.0,0.0,170.2,40.18,0,0.0,0,0,2026-09-22
NIFTY,2026-10-19,22050.0,CE,0.0,0.0,0.0,1266.05,1410.02,0,0.0,0,0,2026-09-22
NIFTY,2031-06-24,18000.0,PE,0.0,0.0,0.0,173.45,129.73,0,0.0,0,0,2026-09-22
NIFTY,2026-09-22,21600.0,CE,0.0,0.0,0.0,2683.95,23329.0,0,0.0,0,0,2026-09-22
NIFTY,2026-09-22,21750.0,CE,0.0,0.0,0.0,2536.8,23329.0,0,0.0,0,0,2026-09-22
NIFTY,2026-09-22,22300.0,CE,1084.0,1104.9,1006.5,1052.35,23329.0,131,198978403.0,4940,-2470,2026-09-22
NIFTY,2026-09-22,23500.0,CE,36.1,41.65,0.05,1.2,23329.0,19082903,29162758859016.25,12785305,1159860,2026-09-22
NIFTY,2026-09-22,25500.0,CE,0.3,0.45,0.05,0.05,23329.0,42558,70540407980.25,368745,-191555,2026-09-22
NIFTY,2026-09-22,25550.0,CE,0.35,0.55,0.05,0.1,23329.0,2597,4313001465.5,51610,23790,2026-09-22
NIFTY,2026-09-29,21850.0,CE,0.0,0.0,0.0,1480.0,1504.03,0,0.0,65,0,2026-09-22
NIFTY,2026-09-29,22000.0,CE,1449.5,1474.75,1288.05,1393.85,1393.85,847,1287154033.75,741585,-20930,2026-09-22
NIFTY,2026-09-29,22450.0,CE,880.0,895.15,880.0,895.15,911.52,5,7586169.5,390,195,2026-09-22
NIFTY,2026-09-29,22550.0,CE,892.35,892.35,795.45,837.9,816.14,17,25836216.25,585,65,2026-09-22
NIFTY,2026-09-29,22700.0,CE,752.0,774.1,599.6,700.3,700.3,415,631305070.5,21125,-5850,2026-09-22
NIFTY,2026-09-29,23150.0,CE,360.9,360.9,216.25,287.6,287.6,8257,12576869032.0,168480,25545,2026-09-22
NIFTY,2026-09-29,24350.0,CE,4.05,4.05,2.45,2.7,2.7,36008,56998750393.0,799305,244140,2026-09-22
NIFTY,2026-09-29,24600.0,CE,2.1,2.7,1.6,1.85,1.85,110583,176837469194.75,2526290,905190,2026-09-22
NIFTY,2026-09-29,24650.0,CE,2.15,2.5,1.45,1.75,1.75,23203,37179854380.5,412880,164060,2026-09-22
NIFTY,2026-09-29,24750.0,CE,2.0,2.15,1.25,1.45,1.45,15724,25297683807.5,287430,60970,2026-09-22
NIFTY,2026-09-29,25000.0,CE,1.75,2.05,1.2,1.4,1.4,226017,367301201127.25,11444160,1740830,2026-09-22
NIFTY,2026-09-29,25450.0,CE,0.9,1.8,0.9,1.1,1.1,326,539311773.0,41340,390,2026-09-22
NIFTY,2026-09-29,25550.0,CE,1.3,1.4,0.8,0.95,0.95,1301,2160728635.0,93470,50375,2026-09-22
NIFTY,2026-09-29,25700.0,CE,0.95,1.15,0.75,0.9,0.9,3881,6483455345.25,297635,95095,2026-09-22
NIFTY,2026-09-29,25900.0,CE,0.95,1.2,0.8,0.85,0.85,3433,5779669847.25,165945,135395,2026-09-22
NIFTY,2026-09-29,26050.0,CE,0.75,1.3,0.7,0.8,0.8,133,225209770.5,9685,1300,2026-09-22
NIFTY,2026-09-29,26450.0,CE,0.0,0.0,0.0,2.4,0.0,0,0.0,2730,0,2026-09-22
NIFTY,2026-09-29,26750.0,CE,0.95,0.95,0.45,0.6,0.6,41,71290407.5,7540,585,2026-09-22
NIFTY,2026-09-29,30000.0,CE,0.55,0.65,0.35,0.45,0.45,324,631809971.0,275670,13195,2026-09-22
NIFTY,2026-10-06,21450.0,CE,0.0,0.0,0.0,2732.6,1928.35,0,0.0,0,0,2026-09-22
NIFTY,2026-10-06,21650.0,CE,0.0,0.0,0.0,2535.9,1729.69,0,0.0,0,0,2026-09-22
NIFTY,2026-10-06,21750.0,CE,0.0,0.0,0.0,2438.05,1630.74,0,0.0,0,0,2026-09-22
NIFTY,2026-10-06,22150.0,CE,0.0,0.0,0.0,2051.3,1240.69,0,0.0,0,0,2026-09-22
NIFTY,2026-10-06,22450.0,CE,0.0,0.0,0.0,1769.15,961.13,0,0.0,0,0,2026-09-22
NIFTY,2026-10-06,23150.0,CE,404.2,408.15,289.85,349.75,349.75,294,448940303.5,6760,-975,2026-09-22
NIFTY,2026-10-06,24250.0,CE,11.35,11.7,7.1,8.25,8.25,1710,2696377401.25,54340,7020,2026-09-22
NIFTY,2026-10-06,24300.0,CE,10.2,10.75,6.75,7.55,7.55,10224,16154193237.0,247780,11375,2026-09-22
NIFTY,2026-10-06,24350.0,CE,30.25,30.25,6.0,6.65,6.65,435,688705195.75,8125,8125,2026-09-22
NIFTY,2026-10-06,24450.0,CE,0.0,0.0,0.0,364.35,24.42,0,0.0,0,0,2026-09-22
NIFTY,2026-10-06,25000.0,CE,3.0,3.35,1.85,2.05,2.05,4426,7192922889.75,218270,80470,2026-09-22
NIFTY,2026-10-06,25500.0,CE,1.85,2.45,1.35,1.6,1.6,537,890137651.0,73320,12740,2026-09-22
NIFTY,2026-10-13,22100.0,CE,0.0,0.0,0.0,1693.15,1328.4,0,0.0,0,0,2026-09-22
NIFTY,2026-10-13,22200.0,CE,0.0,0.0,0.0,1601.7,1236.2,0,0.0,0,0,2026-09-22
NIFTY,2026-10-13,22750.0,CE,0.0,0.0,0.0,1129.3,769.84,0,0.0,0,0,2026-09-22
NIFTY,2026-10-13,22800.0,CE,0.0,0.0,0.0,726.0,731.94,0,0.0,260,0,2026-09-22
NIFTY,2026-10-13,23100.0,CE,432.5,459.15,384.05,449.85,449.85,23,35186082.75,1950,130,2026-09-22
NIFTY,2026-10-13,24050.0,CE,49.55,49.6,28.95,33.35,33.35,361,565196141.25,16770,3055,2026-09-22
NIFTY,2026-10-13,24550.0,CE,0.0,0.0,0.0,183.05,44.97,0,0.0,0,0,2026-09-22
NIFTY,2026-10-13,24850.0,CE,4.6,5.5,4.6,5.0,5.0,29,46851730.25,1170,1170,2026-09-22
NIFTY,2026-10-13,24900.0,CE,5.25,5.55,4.65,4.85,4.85,90,145694493.75,1300,1300,2026-09-22
NIFTY,2026-10-19,21500.0,CE,0.0,0.0,0.0,1760.75,1931.28,0,0.0,0,0,2026-09-22
NIFTY,2026-10-19,21550.0,CE,0.0,0.0,0.0,1714.0,1882.76,0,0.0,0,0,2026-09-22
NIFTY,2026-10-19,22150.0,CE,0.0,0.0,0.0,1182.0,1319.4,0,0.0,0,0,2026-09-22
NIFTY,2026-10-19,22700.0,CE,0.0,0.0,0.0,765.55,860.05,0,0.0,0,0,2026-09-22
NIFTY,2026-10-19,23200.0,CE,455.2,471.25,408.3,411.05,411.05,22,33791602.0,975,910,2026-09-22
NIFTY,2026-10-19,23350.0,CE,366.15,366.15,275.9,314.2,314.2,142,218511328.75,6500,5395,2026-09-22
NIFTY,2026-10-19,24750.0,CE,0.0,0.0,0.0,53.75,49.29,0,0.0,0,0,2026-09-22
NIFTY,2026-10-27,21750.0,CE,0.0,0.0,0.0,2639.9,1738.9,0,0.0,0,0,2026-09-22
NIFTY,2026-10-27,22550.0,CE,1049.55,1049.55,920.1,987.5,1045.3,9,13771806.75,1820,130,2026-09-22
NIFTY,2026-10-27,23950.0,CE,129.0,132.55,95.8,110.35,110.35,1081,1690845068.25,74685,2990,2026-09-22
NIFTY,2026-10-27,25100.0,CE,11.65,11.65,9.1,9.8,9.8,1028,1677878445.75,142480,-3835,2026-09-22
NIFTY,2026-10-27,25300.0,CE,8.65,8.9,6.95,7.7,7.7,556,914631997.5,41665,-6110,2026-09-22
NIFTY,2026-10-27,25500.0,CE,7.0,7.35,5.5,5.9,5.9,4636,7686122213.25,787150,23660,2026-09-22
NIFTY,2026-10-27,25600.0,CE,9.45,9.45,5.0,5.45,5.45,131,218034641.5,41535,-2405,2026-09-22
NIFTY,2026-10-27,25800.0,CE,8.25,8.25,3.7,4.2,4.2,415,696086755.0,73580,65,2026-09-22
NIFTY,2026-10-27,26100.0,CE,0.0,0.0,0.0,4.1,6.32,0,0.0,1885,0,2026-09-22
NIFTY,2026-10-27,26700.0,CE,0.0,0.0,0.0,2.85,1.56,0,0.0,390,0,2026-09-22
NIFTY,2026-11-23,21450.0,CE,0.0,0.0,0.0,3232.9,2155.47,0,0.0,0,0,2026-09-22
NIFTY,2026-11-23,21750.0,CE,0.0,0.0,0.0,2952.95,1886.66,0,0.0,0,0,2026-09-22
NIFTY,2026-11-23,22450.0,CE,0.0,0.0,0.0,1210.65,1311.32,0,0.0,260,0,2026-09-22
NIFTY,2026-11-23,23700.0,CE,383.9,392.95,315.75,351.55,351.55,1296,2026957530.0,78845,38350,2026-09-22
NIFTY,2026-11-23,23900.0,CE,288.15,293.3,238.2,262.65,262.65,504,791638942.25,42770,4940,2026-09-22
NIFTY,2026-11-23,24450.0,CE,111.25,111.25,96.0,103.55,103.55,139,221842143.25,12545,3120,2026-09-22
NIFTY,2026-11-23,24650.0,CE,80.05,80.7,72.75,73.2,73.2,31,49824479.25,14235,585,2026-09-22
NIFTY,2026-11-23,24900.0,CE,0.0,0.0,0.0,691.9,175.35,0,0.0,0,0,2026-09-22
NIFTY,2029-12-24,25000.0,PE,0.0,0.0,0.0,1250.0,1252.14,0,0.0,1265,0,2026-09-22
NIFTY,2026-11-23,25500.0,CE,21.35,22.65,18.65,19.25,19.25,2830,4694387889.75,400530,17225,2026-09-22
NIFTY,2026-12-29,25000.0,CE,140.3,140.3,112.1,119.25,119.25,10861,17735255850.0,3439420,104130,2026-09-22
NIFTY,2026-12-29,26000.0,CE,41.2,42.8,39.0,39.7,39.7,8247,13959041278.0,4310555,30730,2026-09-22
NIFTY,2027-06-29,30000.0,CE,78.0,78.0,78.0,78.0,112.15,1,1955070.0,390,65,2026-09-22
NIFTY,2027-12-28,24000.0,CE,2008.5,2015.9,1929.0,1987.0,1987.0,159,268506771.0,143520,325,2026-09-22
NIFTY,2028-06-27,15000.0,CE,0.0,0.0,0.0,8633.05,9921.19,0,0.0,0,0,2026-09-22
NIFTY,2028-12-26,18000.0,CE,0.0,0.0,0.0,9380.3,7817.7,0,0.0,0,0,2026-09-22
NIFTY,2028-12-26,24000.0,CE,0.0,0.0,0.0,3500.1,3589.35,0,0.0,2535,0,2026-09-22
NIFTY,2028-12-26,25500.0,CE,0.0,0.0,0.0,3800.0,2817.76,0,0.0,0,0,2026-09-22
NIFTY,2028-12-26,28000.0,CE,1420.0,1420.0,1400.0,1400.0,1400.0,7,13380432.0,10280,195,2026-09-22
NIFTY,2028-12-26,28500.0,CE,0.0,0.0,0.0,3608.65,1648.93,0,0.0,0,0,2026-09-22
NIFTY,2028-12-26,30000.0,CE,815.0,825.75,815.0,825.75,1232.31,11,22038542.5,21770,-130,2026-09-22
NIFTY,2030-06-25,24000.0,CE,0.0,0.0,0.0,8591.55,5350.72,0,0.0,0,0,2026-09-22
NIFTY,2030-06-25,33000.0,CE,0.0,0.0,0.0,4416.45,1843.45,0,0.0,0,0,2026-09-22
NIFTY,2030-12-31,22500.0,CE,0.0,0.0,0.0,9536.95,6773.91,0,0.0,0,0,2026-09-22
NIFTY,2030-12-31,27000.0,CE,0.0,0.0,0.0,6772.8,4417.64,0,0.0,0,0,2026-09-22
NIFTY,2026-09-22,22050.0,PE,0.6,0.7,0.05,0.1,23329.0,40737,58387102016.75,445770,57135,2026-09-22
NIFTY,2026-09-22,22500.0,PE,0.9,1.05,0.05,0.1,23329.0,1021060,1493328354664.25,11467040,-1008670,2026-09-22
NIFTY,2026-09-22,22550.0,PE,1.2,1.2,0.05,0.1,23329.0,377579,553444983864.5,2427620,457210,2026-09-22
NIFTY,2026-09-22,23350.0,PE,17.0,89.8,10.0,23.8,23329.0,24191120,36769879574080.25,13565565,3473925,2026-09-22
NIFTY,2026-09-22,23950.0,PE,470.05,667.0,470.0,615.15,23329.0,1656,2640288430.0,48620,-17290,2026-09-22
NIFTY,2026-09-22,24400.0,PE,986.15,1114.0,936.15,1059.85,23329.0,1033,1705001574.25,35945,-16445,2026-09-22
NIFTY,2026-09-22,24450.0,PE,1031.15,1160.0,988.8,1103.85,23329.0,179,297015797.0,6110,-2145,2026-09-22
NIFTY,2026-09-22,24600.0,PE,1186.65,1323.8,1140.25,1256.1,23329.0,398,668731657.75,10660,-15665,2026-09-22
NIFTY,2026-09-22,24650.0,PE,1198.25,1313.5,1198.25,1313.5,23329.0,7,11798296.25,1950,65,2026-09-22
NIFTY,2026-09-22,24850.0,PE,0.0,0.0,0.0,818.9,23329.0,0,0.0,0,0,2026-09-22
NIFTY,2026-09-22,25650.0,PE,0.0,0.0,0.0,2400.0,23329.0,0,0.0,520,0,2026-09-22
NIFTY,2026-09-22,25700.0,PE,0.0,0.0,0.0,1482.25,23329.0,0,0.0,0,0,2026-09-22
NIFTY,2026-09-22,25950.0,PE,0.0,0.0,0.0,1703.35,23329.0,0,0.0,0,0,2026-09-22
NIFTY,2026-09-29,21500.0,PE,2.65,2.65,1.6,1.75,1.75,72585,101447141864.25,3097705,1195545,2026-09-22
NIFTY,2026-09-29,23500.0,PE,161.6,261.45,135.0,186.05,186.05,276046,424917072502.0,5944380,1003210,2026-09-22
NIFTY,2026-09-29,23550.0,PE,180.0,299.6,154.15,219.6,219.6,31499,48644161358.0,274755,68575,2026-09-22
NIFTY,2026-09-29,24000.0,PE,539.7,716.55,530.45,609.45,609.45,26459,42341598994.5,5741785,228735,2026-09-22
NIFTY,2026-09-29,24550.0,PE,1090.7,1207.8,1081.0,1148.15,1148.15,38,63456136.25,46605,-520,2026-09-22
NIFTY,2026-09-29,26150.0,PE,0.0,0.0,0.0,1720.0,2791.23,0,0.0,65,0,2026-09-22
NIFTY,2026-09-29,26350.0,PE,0.0,0.0,0.0,2262.9,2991.0,0,0.0,0,0,2026-09-22
NIFTY,2026-09-29,26400.0,PE,0.0,0.0,0.0,2970.0,3040.94,0,0.0,2990,0,2026-09-22
NIFTY,2026-09-29,26550.0,PE,0.0,0.0,0.0,2431.75,3190.77,0,0.0,0,0,2026-09-22
NIFTY,2026-10-06,22050.0,PE,8.8,8.8,5.65,6.6,6.6,174,249462141.5,3185,-975,2026-09-22
NIFTY,2026-10-06,22350.0,PE,11.5,14.9,8.5,9.35,9.35,797,1158356442.75,27365,12935,2026-09-22
NIFTY,2026-10-06,23700.0,PE,304.95,423.35,284.1,348.65,348.65,799,1248481588.25,40495,3120,2026-09-22
NIFTY,2026-10-06,23950.0,PE,508.45,633.0,508.45,548.6,548.6,389,619983789.75,24635,23075,2026-09-22
NIFTY,2026-10-06,24450.0,PE,0.0,0.0,0.0,617.35,1089.78,0,0.0,0,0,2026-09-22
NIFTY,2026-10-06,24850.0,PE,0.0,0.0,0.0,877.55,1471.25,0,0.0,0,0,2026-09-22
NIFTY,2026-10-19,21650.0,PE,0.0,0.0,0.0,34.5,12.31,0,0.0,0,0,2026-09-22
NIFTY,2026-10-19,21750.0,PE,0.0,0.0,0.0,43.95,16.16,0,0.0,130,0,2026-09-22
NIFTY,2026-10-19,21900.0,PE,0.0,0.0,0.0,57.8,23.82,0,0.0,0,0,2026-09-22
NIFTY,2026-10-19,22600.0,PE,0.0,0.0,0.0,192.6,109.56,0,0.0,0,0,2026-09-22
NIFTY,2026-10-19,22800.0,PE,65.55,93.1,62.0,70.75,70.75,507,753921281.75,21645,18525,2026-09-22
NIFTY,2026-10-19,24500.0,PE,0.0,0.0,0.0,1329.5,1142.65,0,0.0,0,0,2026-09-22
NIFTY,2026-10-19,24900.0,PE,0.0,0.0,0.0,1686.55,1498.29,0,0.0,0,0,2026-09-22
NIFTY,2026-10-19,25050.0,PE,0.0,0.0,0.0,1825.8,1637.79,0,0.0,0,0,2026-09-22
NIFTY,2026-10-27,22300.0,PE,42.0,54.6,37.3,43.95,43.95,11104,16128538208.25,636155,127855,2026-09-22
NIFTY,2026-10-27,23500.0,PE,272.05,360.85,258.3,295.7,295.7,40458,62586802703.75,3249350,899470,2026-09-22
NIFTY,2026-10-27,25350.0,PE,1850.0,1900.0,1850.0,1900.0,1896.44,2,3539250.0,455,65,2026-09-22
NIFTY,2026-10-27,25950.0,PE,0.0,0.0,0.0,1842.3,2472.46,0,0.0,0,0,2026-09-22
NIFTY,2026-11-23,22700.0,PE,138.5,162.0,121.85,136.85,136.85,414,614594272.5,78650,7475,2026-09-22
NIFTY,2026-11-23,23450.0,PE,320.05,369.7,306.65,338.05,338.05,85,131411985.25,12220,520,2026-09-22
NIFTY,2026-11-23,23650.0,PE,404.95,431.0,384.95,418.95,639.69,13,20335737.5,11310,520,2026-09-22
NIFTY,2026-11-23,25700.0,PE,0.0,0.0,0.0,1890.0,2164.3,0,0.0,65,0,2026-09-22
NIFTY,2026-12-29,19000.0,PE,24.3,25.6,22.85,23.9,23.9,1037,1282331069.5,779390,25350,2026-09-22
NIFTY,2026-12-29,22000.0,PE,108.95,129.15,102.4,110.9,110.9,9173,13185875339.0,2614355,80925,2026-09-22
NIFTY,2027-03-30,18000.0,PE,40.7,41.45,36.0,38.15,38.15,188,220431165.5,45500,3705,2026-09-22
NIFTY,2027-06-29,18000.0,PE,0.0,0.0,0.0,37.1,12.38,0,0.0,230,0,2026-09-22
NIFTY,2027-06-29,27000.0,PE,0.0,0.0,0.0,1985.0,2867.98,0,0.0,130,0,2026-09-22
NIFTY,2028-06-27,15000.0,PE,0.0,0.0,0.0,127.2,4.7,0,0.0,0,0,2026-09-22
NIFTY,2028-06-27,27000.0,PE,0.0,0.0,0.0,2752.35,2411.8,0,0.0,0,0,2026-09-22
NIFTY,2028-12-26,24000.0,PE,0.0,0.0,0.0,922.0,1052.57,0,0.0,5135,0,2026-09-22
NIFTY,2028-12-26,31500.0,PE,0.0,0.0,0.0,2673.4,4870.76,0,0.0,0,0,2026-09-22
NIFTY,2029-06-26,16500.0,PE,0.0,0.0,0.0,8.1,40.88,0,0.0,0,0,2026-09-22
NIFTY,2029-06-26,18000.0,PE,0.0,0.0,0.0,118.45,99.21,0,0.0,0,0,2026-09-22
NIFTY,2029-06-26,19500.0,PE,0.0,0.0,0.0,56.0,207.5,0,0.0,0,0,2026-09-22
NIFTY,2030-12-31,15000.0,PE,0.0,0.0,0.0,4.95,26.84,0,0.0,0,0,2026-09-22
NIFTY,2026-10-13,21850.0,CE,0.0,0.0,0.0,1927.0,1565.09,0,0.0,0,0,2026-09-22
NIFTY,2026-10-13,23750.0,CE,114.85,118.1,74.25,90.6,90.6,601,931466617.25,29965,13195,2026-09-22
NIFTY,2026-10-13,24150.0,CE,0.0,0.0,0.0,302.85,103.25,0,0.0,0,0,2026-09-22
NIFTY,2026-10-13,24750.0,CE,0.0,0.0,0.0,137.9,28.32,0,0.0,0,0,2026-09-22
NIFTY,2026-10-13,25100.0,CE,0.0,0.0,0.0,4.5,11.68,0,0.0,520,0,2026-09-22
NIFTY,2026-10-19,23400.0,CE,334.85,341.25,254.55,294.6,294.6,348,536028782.25,13520,7345,2026-09-22
NIFTY,2026-10-19,23600.0,CE,221.0,224.75,161.0,188.5,188.5,427,660209195.75,7670,4615,2026-09-22
NIFTY,2026-10-19,23650.0,CE,198.4,199.4,151.05,170.35,301.41,92,142453574.25,2405,1755,2026-09-22
NIFTY,2026-10-13,21400.0,PE,6.0,10.7,5.5,8.35,8.35,15,20872247.5,390,390,2026-09-22
NIFTY,2026-10-19,23800.0,CE,142.45,142.45,97.45,116.7,116.7,417,648313607.5,13650,8255,2026-09-22
NIFTY,2026-10-19,23850.0,CE,113.7,115.15,84.65,96.5,96.5,147,228849120.5,5460,5395,2026-09-22
NIFTY,2026-10-19,24000.0,CE,85.0,85.15,57.15,64.75,64.75,1514,2368645314.75,82290,58435,2026-09-22
NIFTY,2026-10-19,24500.0,CE,31.15,31.15,15.85,17.25,17.25,409,651843240.75,17550,16380,2026-09-22
NIFTY,2026-10-19,24700.0,CE,0.0,0.0,0.0,58.6,54.33,0,0.0,0,0,2026-09-22
NIFTY,2026-10-19,25050.0,CE,0.0,0.0,0.0,31.25,26.61,0,0.0,0,0,2026-09-22
NIFTY,2026-10-19,25100.0,CE,0.0,0.0,0.0,28.4,23.89,0,0.0,0,0,2026-09-22
NIFTY,2026-10-19,25150.0,CE,0.0,0.0,0.0,25.8,21.42,0,0.0,0,0,2026-09-22
NIFTY,2026-10-27,22150.0,CE,0.0,0.0,0.0,1336.0,1377.18,0,0.0,4810,0,2026-09-22
NIFTY,2026-10-27,22300.0,CE,1200.0,1200.0,1200.0,1200.0,1248.58,1,1527500.0,130,0,2026-09-22
NIFTY,2026-10-27,22400.0,CE,0.0,0.0,0.0,2083.15,1165.49,0,0.0,0,0,2026-09-22
NIFTY,2026-10-27,22600.0,CE,889.4,943.95,889.4,943.95,943.95,4,6117549.75,2405,65,2026-09-22
NIFTY,2026-10-27,22700.0,CE,930.45,936.7,793.8,860.0,860.0,51,78105368.25,4745,1560,2026-09-22
NIFTY,2026-10-27,22850.0,CE,761.05,770.75,679.5,734.25,734.25,14,21453506.75,845,455,2026-09-22
NIFTY,2026-10-27,24000.0,CE,123.0,124.9,83.55,98.45,98.45,46034,72119103771.0,3416595,560560,2026-09-22
NIFTY,2026-10-27,24400.0,CE,42.5,43.1,31.45,33.9,33.9,12305,19544796570.0,430820,-107510,2026-09-22
NIFTY,2026-10-27,24450.0,CE,37.0,37.75,28.45,30.6,30.6,1091,1736263808.5,47970,-6435,2026-09-22
NIFTY,2026-10-27,24900.0,CE,14.7,14.75,12.05,12.45,12.45,2062,3339123349.25,230750,19175,2026-09-22
NIFTY,2026-10-27,25550.0,CE,0.0,0.0,0.0,7.0,19.83,0,0.0,1495,0,2026-09-22
NIFTY,2026-10-27,25700.0,CE,9.85,9.85,3.8,5.1,5.1,648,1082708019.25,52845,-17940,2026-09-22
NIFTY,2026-10-27,25900.0,CE,5.15,5.15,3.8,4.2,9.73,109,183533064.0,4940,390,2026-09-22
NIFTY,2026-10-27,27050.0,CE,2.45,2.45,1.95,1.95,0.65,26,45717844.25,4030,-1495,2026-09-22
NIFTY,2026-10-27,27150.0,CE,0.0,0.0,0.0,5.0,0.5,0,0.0,1950,0,2026-09-22
NIFTY,2026-11-23,21650.0,CE,0.0,0.0,0.0,3045.65,1975.07,0,0.0,0,0,2026-09-22
NIFTY,2026-11-23,22100.0,CE,0.0,0.0,0.0,1454.35,1588.48,0,0.0,195,0,2026-09-22
NIFTY,2026-11-23,22600.0,CE,0.0,0.0,0.0,2198.8,1200.84,0,0.0,0,0,2026-09-22
NIFTY,2026-11-23,23250.0,CE,649.0,660.1,560.2,626.6,626.6,29,44950285.25,125775,715,2026-09-22
NIFTY,2026-11-23,24050.0,CE,227.5,232.2,185.1,206.5,206.5,129,203418579.0,10595,4160,2026-09-22
NIFTY,2026-11-23,24350.0,CE,137.5,139.0,113.0,122.6,122.6,83,132032150.25,14170,1755,2026-09-22
NIFTY,2026-11-23,24550.0,CE,97.85,99.55,81.85,87.1,87.1,205,328323375.25,10855,-1300,2026-09-22
NIFTY,2026-11-23,25100.0,CE,38.85,38.85,32.55,35.1,35.1,316,516280797.5,50830,2535,2026-09-22
NIFTY,2026-11-23,25150.0,CE,0.0,0.0,0.0,588.45,132.81,0,0.0,0,0,2026-09-22
NIFTY,2026-11-23,25750.0,CE,0.0,0.0,0.0,386.65,64.37,0,0.0,0,0,2026-09-22
NIFTY,2026-11-23,25800.0,CE,0.0,0.0,0.0,372.6,60.38,0,0.0,0,0,2026-09-22
NIFTY,2026-11-23,26100.0,CE,0.0,0.0,0.0,22.75,40.64,0,0.0,65,0,2026-09-22
NIFTY,2026-12-29,15000.0,CE,0.0,0.0,0.0,5977.65,8582.18,0,0.0,0,0,2026-09-22
NIFTY,2026-12-29,24000.0,CE,450.0,450.0,375.55,404.6,404.6,8469,13437533983.25,2037335,66130,2026-09-22
NIFTY,2026-12-29,30000.0,CE,7.0,7.15,6.4,6.7,6.7,169,329623807.5,770080,1235,2026-09-22
NIFTY,2027-06-29,18000.0,CE,0.0,0.0,0.0,4066.45,6195.88,0,0.0,0,0,2026-09-22
NIFTY,2028-06-27,21000.0,CE,0.0,0.0,0.0,5226.55,4891.44,0,0.0,0,0,2026-09-22
NIFTY,2028-12-26,19500.0,CE,0.0,0.0,0.0,9716.4,6622.95,0,0.0,0,0,2026-09-22
NIFTY,2028-12-26,33000.0,CE,0.0,0.0,0.0,2477.5,662.57,0,0.0,0,0,2026-09-22
NIFTY,2029-06-26,24000.0,CE,0.0,0.0,0.0,8085.35,4201.39,0,0.0,0,0,2026-09-22
NIFTY,2029-12-24,27000.0,CE,0.0,0.0,0.0,6201.65,3301.79,0,0.0,0,0,2026-09-22
NIFTY,2030-12-31,33000.0,CE,0.0,0.0,0.0,3948.25,2305.18,0,0.0,0,0,2026-09-22
NIFTY,2026-09-22,21400.0,PE,0.4,0.55,0.05,0.05,23329.0,133337,185473367488.5,1106755,-1795625,2026-09-22
NIFTY,2026-09-22,21800.0,PE,0.65,0.65,0.05,0.1,23329.0,125430,177736682038.5,976040,-1244490,2026-09-22
NIFTY,2026-09-22,22200.0,PE,0.65,0.8,0.05,0.05,23329.0,220366,317993249135.25,2173925,-2293005,2026-09-22
NIFTY,2026-09-22,23100.0,PE,2.55,4.6,0.05,0.4,23329.0,7095950,10655476311080.25,8429590,-985075,2026-09-22
NIFTY,2026-09-22,23200.0,PE,4.05,17.5,0.05,0.8,23329.0,12706685,19166216639011.0,8935355,-2303665,2026-09-22
NIFTY,2026-09-22,23750.0,PE,299.4,470.65,270.55,409.5,23329.0,17180,26924122091.75,76700,-8970,2026-09-22
NIFTY,2026-09-22,24250.0,PE,826.55,973.25,790.0,906.7,23329.0,274,447540834.0,17615,-4095,2026-09-22
NIFTY,2026-09-22,25350.0,PE,0.0,0.0,0.0,1190.0,23329.0,0,0.0,0,0,2026-09-22
NIFTY,2026-09-22,25500.0,PE,2065.0,2206.3,2035.0,2175.95,23329.0,313,562037268.0,13455,-10725,2026-09-22
NIFTY,2026-09-29,22000.0,PE,4.8,4.8,2.25,2.5,2.5,159850,228614850035.0,5854095,1053000,2026-09-22
NIFTY,2026-09-29,22700.0,PE,11.0,14.35,6.5,8.7,8.7,285618,421608153619.25,3343600,1463540,2026-09-22
NIFTY,2026-09-29,23100.0,PE,41.75,66.3,26.0,39.15,39.15,253844,381824495646.75,2891980,543270,2026-09-22
NIFTY,2026-09-29,23800.0,PE,353.0,520.25,343.65,422.4,422.4,14944,23523503594.5,1701765,77610,2026-09-22
NIFTY,2026-09-29,25100.0,PE,1635.15,1776.0,1631.3,1709.0,1709.0,108,188079872.5,92690,-3315,2026-09-22
NIFTY,2026-09-29,25500.0,PE,2050.55,2214.7,2027.0,2117.0,2117.0,1839,3300523830.5,1362140,-64870,2026-09-22
NIFTY,2026-09-29,26100.0,PE,0.0,0.0,0.0,1712.15,2741.28,0,0.0,9360,0,2026-09-22
NIFTY,2026-09-29,26250.0,PE,0.0,0.0,0.0,2180.0,2891.11,0,0.0,0,0,2026-09-22
NIFTY,2026-09-29,26600.0,PE,0.0,0.0,0.0,2474.55,3240.72,0,0.0,0,0,2026-09-22
NIFTY,2026-10-06,21500.0,PE,5.3,5.35,4.15,4.45,4.45,7174,10027773492.75,384085,236665,2026-09-22
NIFTY,2026-10-06,22400.0,PE,11.6,15.5,9.05,10.7,10.7,9880,14392544838.75,213200,139815,2026-09-22
NIFTY,2026-10-06,22850.0,PE,34.05,50.35,26.3,34.4,34.4,2110,3138766026.5,51285,19370,2026-09-22
NIFTY,2026-10-06,24550.0,PE,0.0,0.0,0.0,677.9,1183.21,0,0.0,0,0,2026-09-22
NIFTY,2026-10-06,24600.0,PE,1100.0,1208.0,1100.0,1208.0,1230.5,2,3348020.0,130,130,2026-09-22
NIFTY,2026-10-06,25250.0,PE,0.0,0.0,0.0,1181.55,1865.09,0,0.0,0,0,2026-09-22
NIFTY,2026-10-13,21350.0,PE,0.0,0.0,0.0,5.85,2.07,0,0.0,0,0,2026-09-22
NIFTY,2026-10-19,23700.0,CE,176.75,179.1,123.8,147.85,147.85,444,688378616.25,9945,7215,2026-09-22
NIFTY,2026-10-13,21650.0,CE,0.0,0.0,0.0,2118.25,1758.92,0,0.0,0,0,2026-09-22
NIFTY,2026-10-06,24750.0,CE,4.5,4.5,2.8,4.5,9.55,20,32179777.5,3185,520,2026-09-22
NIFTY,2026-10-06,23550.0,CE,141.9,154.25,84.1,112.05,112.05,4440,6829017182.0,72930,24570,2026-09-22
NIFTY,2026-10-06,23400.0,CE,238.85,243.2,140.0,184.0,184.0,26947,41316136101.5,418470,81835,2026-09-22
NIFTY,2026-10-06,23250.0,CE,318.0,329.55,220.0,278.65,278.65,1192,1822620514.0,21515,-1950,2026-09-22
NIFTY,2026-10-06,22850.0,CE,560.0,606.55,550.0,606.55,606.55,9,13700901.5,390,-65,2026-09-22
NIFTY,2026-09-29,34500.0,CE,0.35,0.5,0.3,0.3,0.3,24,53820702.0,9815,0,2026-09-22
NIFTY,2026-09-29,27200.0,CE,0.75,0.75,0.5,0.65,0.65,582,1028999435.75,89570,8905,2026-09-22
NIFTY,2026-09-29,26550.0,CE,0.75,0.9,0.5,0.65,0.65,23,39693335.5,5200,715,2026-09-22
NIFTY,2026-09-29,26350.0,CE,0.6,0.75,0.6,0.7,0.7,8,13702321.75,1495,-260,2026-09-22
NIFTY,2026-09-29,26250.0,CE,0.6,0.95,0.6,0.75,0.75,33,56307777.5,11700,65,2026-09-22
NIFTY,2026-09-29,25350.0,CE,1.45,1.6,0.95,1.15,1.15,1022,1684085045.5,20865,2860,2026-09-22
NIFTY,2026-09-29,24200.0,CE,5.05,5.25,3.1,3.6,3.6,289315,455166958057.5,5717465,839670,2026-09-22
NIFTY,2026-09-29,23950.0,CE,10.4,10.65,6.0,7.6,7.6,97638,152045110906.0,1257100,287105,2026-09-22
NIFTY,2026-09-29,22950.0,CE,511.05,529.9,376.7,461.6,461.6,360,547555999.25,10465,1365,2026-09-22
NIFTY,2026-09-29,22500.0,CE,970.0,979.0,796.4,892.0,892.0,1793,2726809358.0,560560,-12870,2026-09-22
NIFTY,2026-09-29,21900.0,CE,1400.0,1400.0,1400.0,1400.0,1454.16,1,1514500.0,650,65,2026-09-22
NIFTY,2026-09-22,25900.0,CE,0.5,0.5,0.05,0.05,23329.0,16142,27175303818.0,181805,80015,2026-09-22
NIFTY,2026-09-22,25800.0,CE,0.25,0.35,0.05,0.05,23329.0,24302,40754719216.25,575250,-36920,2026-09-22
NIFTY,2026-09-22,25700.0,CE,0.4,0.45,0.05,0.05,23329.0,5964,9962944514.25,114595,-18590,2026-09-22
NIFTY,2026-09-22,25650.0,CE,0.3,0.55,0.05,0.1,23329.0,2146,3577948731.5,32110,5200,2026-09-22
NIFTY,2026-09-22,25600.0,CE,0.45,0.6,0.05,0.1,23329.0,5473,9107147247.25,107965,23270,2026-09-22
NIFTY,2026-09-22,25250.0,CE,0.3,0.5,0.05,0.1,23329.0,7181,11785910422.0,93925,-14820,2026-09-22
NIFTY,2026-09-22,24300.0,CE,0.45,0.55,0.05,0.1,23329.0,458512,724229950860.0,3694015,276055,2026-09-22
NIFTY,2026-09-22,24050.0,CE,0.55,0.7,0.05,0.15,23329.0,577642,903015297304.25,2412345,473655,2026-09-22
NIFTY,2026-09-22,23200.0,CE,259.65,285.35,94.2,140.15,23329.0,1359283,2063711290741.75,1578395,-477750,2026-09-22
NIFTY,2026-09-22,22900.0,CE,571.95,571.95,378.3,446.3,23329.0,6927,10515289924.75,47645,-77675,2026-09-22
NIFTY,2031-06-24,16500.0,PE,0.0,0.0,0.0,95.65,66.22,0,0.0,0,0,2026-09-22
NIFTY,2030-12-31,18000.0,PE,0.0,0.0,0.0,32.3,126.31,0,0.0,0,0,2026-09-22
NIFTY,2030-06-25,30000.0,PE,0.0,0.0,0.0,2100.85,3008.96,0,0.0,0,0,2026-09-22
NIFTY,2030-06-25,27000.0,PE,0.0,0.0,0.0,1286.05,1802.2,0,0.0,0,0,2026-09-22
NIFTY,2030-06-25,22500.0,PE,0.0,0.0,0.0,223.75,622.84,0,0.0,0,0,2026-09-22
NIFTY,2030-06-25,18000.0,PE,0.0,0.0,0.0,116.65,120.22,0,0.0,0,0,2026-09-22
NIFTY,2030-06-25,15000.0,PE,0.0,0.0,0.0,29.65,22.96,0,0.0,0,0,2026-09-22
NIFTY,2029-12-24,15000.0,PE,0.0,0.0,0.0,29.0,18.63,0,0.0,65,0,2026-09-22
NIFTY,2027-12-28,27000.0,PE,2072.0,2150.0,2064.0,2097.5,2097.5,19,35941558.25,61775,650,2026-09-22
NIFTY,2027-12-28,16500.0,PE,0.0,0.0,0.0,52.05,8.94,0,0.0,130,0,2026-09-22
NIFTY,2027-03-30,27000.0,PE,2705.0,2838.0,2683.1,2766.8,2766.8,90,173920971.25,56160,2730,2026-09-22
NIFTY,2026-12-29,31500.0,PE,0.0,0.0,0.0,4059.3,7639.48,0,0.0,0,0,2026-09-22
NIFTY,2026-12-29,28000.0,PE,4069.4,4202.1,4040.35,4108.2,4108.2,475,991879570.5,990710,14105,2026-09-22
NIFTY,2026-12-29,21000.0,PE,54.8,68.4,51.0,55.7,55.7,5062,6927883638.0,1736455,46345,2026-09-22
NIFTY,2026-11-23,25950.0,PE,0.0,0.0,0.0,1562.8,2392.69,0,0.0,0,0,2026-09-22
NIFTY,2026-11-23,25400.0,PE,0.0,0.0,0.0,1184.75,1898.11,0,0.0,0,0,2026-09-22
NIFTY,2026-11-23,25200.0,PE,0.0,0.0,0.0,1060.25,1726.49,0,0.0,0,0,2026-09-22
NIFTY,2026-11-23,23400.0,PE,299.95,363.95,288.4,316.85,316.85,574,884959088.0,77350,2015,2026-09-22
NIFTY,2026-11-23,23150.0,PE,223.0,248.25,223.0,231.75,409.5,19,28884550.5,3120,325,2026-09-22
NIFTY,2026-11-23,23050.0,PE,201.7,240.0,201.7,205.15,371.14,23,34780122.0,2145,-130,2026-09-22
NIFTY,2026-11-23,22550.0,PE,0.0,0.0,0.0,139.25,216.95,0,0.0,3315,0,2026-09-22
NIFTY,2026-11-23,22200.0,PE,76.95,90.6,69.5,76.9,76.9,826,1196299588.25,63960,19045,2026-09-22
NIFTY,2026-11-23,21450.0,PE,0.0,0.0,0.0,29.7,46.71,0,0.0,0,0,2026-09-22
NIFTY,2026-10-27,27000.0,PE,3400.0,3551.0,3380.0,3464.45,3464.45,184,364223772.25,461695,11180,2026-09-22
NIFTY,2026-10-27,26300.0,PE,0.0,0.0,0.0,2755.0,2815.63,0,0.0,3640,0,2026-09-22
NIFTY,2026-10-27,25300.0,PE,1795.0,1809.0,1765.6,1804.85,1804.85,25,44040889.75,2210,1560,2026-09-22
NIFTY,2026-10-27,24250.0,PE,746.65,811.95,730.5,794.6,949.33,34,55326807.25,12350,65,2026-09-22
NIFTY,2026-10-27,24050.0,PE,0.0,0.0,0.0,594.25,803.44,0,0.0,5460,0,2026-09-22
NIFTY,2026-10-27,23900.0,PE,470.5,602.65,468.2,527.25,527.25,436,692027082.5,179920,520,2026-09-22
NIFTY,2026-10-27,23250.0,PE,188.0,246.9,174.6,198.05,198.05,467,711863564.75,45500,3380,2026-09-22
NIFTY,2026-10-27,22450.0,PE,54.45,68.4,47.35,57.05,57.05,599,876270369.0,45045,9815,2026-09-22
NIFTY,2026-10-27,22350.0,PE,47.0,57.25,40.35,46.75,46.75,289,420723852.25,21125,-1040,2026-09-22
NIFTY,2026-10-27,21800.0,PE,22.0,26.4,19.4,22.35,22.35,1974,2799987703.5,169845,46865,2026-09-22
NIFTY,2026-10-27,21650.0,PE,21.35,22.85,19.35,20.05,20.05,66,92966334.5,28990,130,2026-09-22
NIFTY,2026-10-27,21500.0,PE,17.0,18.8,14.1,15.8,15.8,6908,9661065573.25,507195,67405,2026-09-22
NIFTY,2026-10-27,21350.0,PE,14.5,16.2,12.2,13.45,13.45,1910,2652322117.25,121485,22165,2026-09-22
NIFTY,2026-10-19,24450.0,PE,0.0,0.0,0.0,1286.65,1100.32,0,0.0,0,0,2026-09-22
NIFTY,2026-10-19,23750.0,PE,0.0,0.0,0.0,746.7,579.74,0,0.0,0,0,2026-09-22
NIFTY,2026-10-19,22950.0,PE,0.0,0.0,0.0,313.1,200.51,0,0.0,0,0,2026-09-22
NIFTY,2026-10-19,22500.0,PE,43.75,54.2,34.05,42.0,42.0,324,474752122.0,13845,3770,2026-09-22
NIFTY,2026-10-13,24250.0,PE,0.0,0.0,0.0,748.2,923.12,0,0.0,0,0,2026-09-22
NIFTY,2026-10-13,22550.0,PE,34.0,40.0,30.2,31.45,31.45,107,157076812.75,10400,3705,2026-09-22
NIFTY,2026-10-13,22500.0,PE,29.95,38.7,23.15,27.35,27.35,4224,6185760152.0,130780,41340,2026-09-22
NIFTY,2026-10-13,21550.0,PE,0.0,0.0,0.0,9.85,4.3,0,0.0,0,0,2026-09-22
NIFTY,2026-10-13,21450.0,PE,0.0,0.0,0.0,7.65,3.0,0,0.0,0,0,2026-09-22
NIFTY,2026-10-13,21500.0,CE,0.0,0.0,0.0,2263.45,1905.95,0,0.0,0,0,2026-09-22
NIFTY,2028-06-27,31500.0,PE,0.0,0.0,0.0,2935.6,5375.44,0,0.0,0,0,2026-09-22
NIFTY,2028-12-26,19500.0,PE,0.0,0.0,0.0,49.0,187.63,0,0.0,0,0,2026-09-22
NIFTY,2030-12-31,22500.0,PE,0.0,0.0,0.0,219.35,601.32,0,0.0,0,0,2026-09-22
NIFTY,2030-12-31,28500.0,PE,0.0,0.0,0.0,1083.1,2186.02,0,0.0,0,0,2026-09-22
NIFTY,2031-06-24,33000.0,PE,0.0,0.0,0.0,3810.15,3824.93,0,0.0,0,0,2026-09-22
NIFTY,2031-06-24,22500.0,PE,0.0,0.0,0.0,663.6,579.23,0,0.0,0,0,2026-09-22
NIFTY,2030-12-31,31500.0,PE,0.0,0.0,0.0,1885.5,3421.72,0,0.0,0,0,2026-09-22
NIFTY,2027-12-28,25500.0,PE,0.0,0.0,0.0,676.05,1759.49,0,0.0,0,0,2026-09-22
NIFTY,2026-09-22,23050.0,CE,417.4,419.35,230.0,288.65,23329.0,32865,49875710075.75,83980,-64935,2026-09-22
NIFTY,2026-09-22,23350.0,CE,128.0,145.9,0.05,11.6,23329.0,19149392,29110580162530.75,22289345,19721650,2026-09-22
NIFTY,2026-09-22,23400.0,CE,84.75,104.45,0.05,6.75,23329.0,26471078,40311090498604.25,20674745,12071475,2026-09-22
NIFTY,2026-09-22,23450.0,CE,62.6,69.0,0.05,2.9,23329.0,20923618,31919171804347.75,11610755,5180695,2026-09-22
NIFTY,2026-09-22,24200.0,CE,0.5,0.6,0.05,0.1,23329.0,921272,1449182226124.75,6039995,-583895,2026-09-22
NIFTY,2026-09-22,24650.0,CE,0.45,0.5,0.05,0.1,23329.0,24297,38930270762.5,262015,43485,2026-09-22
NIFTY,2026-09-22,26050.0,CE,0.4,0.4,0.05,0.1,23329.0,5015,8491714432.5,106405,27105,2026-09-22
NIFTY,2026-09-29,23900.0,CE,17.0,17.0,7.05,9.25,9.25,268583,417410799809.25,4269330,-682695,2026-09-22
NIFTY,2026-09-29,24000.0,CE,9.05,9.25,5.2,6.5,6.5,481004,750567856012.0,14136850,2521870,2026-09-22
NIFTY,2026-09-29,24100.0,CE,6.15,6.25,3.7,4.55,4.55,234842,367953690139.75,3071510,549120,2026-09-22
NIFTY,2026-09-29,24850.0,CE,3.25,3.25,1.15,1.35,1.35,3779,6104425018.25,122005,-10075,2026-09-22
NIFTY,2026-09-29,25650.0,CE,1.2,1.2,0.85,0.95,0.95,245,408492457.75,40170,-10920,2026-09-22
NIFTY,2026-09-29,26700.0,CE,0.7,0.75,0.45,0.7,0.7,45,78099521.5,4940,715,2026-09-22
NIFTY,2026-09-29,26900.0,CE,0.45,0.85,0.45,0.65,0.65,33,57701826.0,5785,260,2026-09-22
NIFTY,2026-10-06,21550.0,CE,0.0,0.0,0.0,2634.15,1828.93,0,0.0,0,0,2026-09-22
NIFTY,2026-10-06,21600.0,CE,0.0,0.0,0.0,2585.0,1779.28,0,0.0,0,0,2026-09-22
NIFTY,2026-10-06,22000.0,CE,0.0,0.0,0.0,1469.05,1385.46,0,0.0,9490,0,2026-09-22
NIFTY,2026-10-06,22800.0,CE,712.0,713.2,570.85,646.45,646.45,28,42666419.25,2210,325,2026-09-22
NIFTY,2026-10-06,23950.0,CE,31.5,32.45,17.75,22.55,22.55,4024,6270624961.25,104195,43160,2026-09-22
NIFTY,2026-10-06,24600.0,CE,5.55,6.25,3.8,4.25,4.25,5891,9421480770.0,181740,49530,2026-09-22
NIFTY,2026-10-06,24800.0,CE,2.5,5.0,2.4,2.75,2.75,1758,2834248296.75,61685,32305,2026-09-22
NIFTY,2026-10-06,25550.0,CE,2.1,2.1,0.6,1.4,1.4,12,19930358.5,780,-585,2026-09-22
NIFTY,2026-10-06,25600.0,CE,2.4,2.75,1.05,1.15,1.15,181,301204540.0,5915,2925,2026-09-22
NIFTY,2026-10-06,25750.0,CE,2.0,2.4,1.3,1.7,1.7,76,127213563.75,3835,1365,2026-09-22
NIFTY,2026-10-13,21550.0,CE,0.0,0.0,0.0,2214.9,1856.82,0,0.0,0,0,2026-09-22
NIFTY,2026-10-13,22900.0,CE,660.0,660.0,561.0,561.0,658.8,4,6112336.75,390,65,2026-09-22
NIFTY,2026-10-13,24400.0,CE,0.0,0.0,0.0,130.25,62.32,0,0.0,65,0,2026-09-22
NIFTY,2026-10-13,24800.0,CE,8.25,8.5,5.9,6.95,6.95,622,1002937552.5,37050,11115,2026-09-22
NIFTY,2026-10-19,21400.0,CE,0.0,0.0,0.0,1855.05,2028.77,0,0.0,0,0,2026-09-22
NIFTY,2026-10-19,21900.0,CE,0.0,0.0,0.0,1396.0,1548.84,0,0.0,0,0,2026-09-22
NIFTY,2026-10-19,22200.0,CE,0.0,0.0,0.0,1140.8,1274.76,0,0.0,0,0,2026-09-22
NIFTY,2026-10-19,22550.0,CE,0.0,0.0,0.0,870.4,977.56,0,0.0,0,0,2026-09-22
NIFTY,2026-10-19,23000.0,CE,635.0,635.0,514.25,580.75,580.75,46,70439404.75,715,585,2026-09-22
NIFTY,2026-10-19,24550.0,CE,18.0,18.0,14.0,14.0,72.15,3,4790305.0,65,0,2026-09-22
NIFTY,2026-10-27,21450.0,CE,0.0,0.0,0.0,2911.0,2022.94,0,0.0,0,0,2026-09-22
NIFTY,2026-10-27,21700.0,CE,0.0,0.0,0.0,2684.55,1785.63,0,0.0,0,0,2026-09-22
NIFTY,2026-10-27,21900.0,CE,0.0,0.0,0.0,2507.4,1600.51,0,0.0,0,0,2026-09-22
NIFTY,2026-10-27,22200.0,CE,0.0,0.0,0.0,1293.5,1333.81,0,0.0,2730,0,2026-09-22
NIFTY,2026-10-27,22900.0,CE,755.0,755.0,630.0,702.3,702.3,180,276015798.5,13650,2535,2026-09-22
NIFTY,2026-10-27,23300.0,CE,466.35,466.9,358.5,409.15,409.15,9754,15030078921.0,765570,127790,2026-09-22
NIFTY,2026-10-27,24350.0,CE,46.35,48.65,36.25,39.55,39.55,964,1528319357.5,63440,8060,2026-09-22
NIFTY,2026-10-27,26150.0,CE,0.0,0.0,0.0,4.85,5.66,0,0.0,455,0,2026-09-22
NIFTY,2026-10-27,26550.0,CE,0.0,0.0,0.0,3.2,2.25,0,0.0,715,0,2026-09-22
NIFTY,2026-10-27,26800.0,CE,0.0,0.0,0.0,6.25,1.22,0,0.0,650,0,2026-09-22
NIFTY,2026-10-27,26950.0,CE,0.0,0.0,0.0,4.25,0.84,0,0.0,780,0,2026-09-22
NIFTY,2026-11-23,21550.0,CE,0.0,0.0,0.0,3139.0,2064.71,0,0.0,0,0,2026-09-22
NIFTY,2026-11-23,22050.0,CE,0.0,0.0,0.0,1497.25,1629.9,0,0.0,195,0,2026-09-22
NIFTY,2026-11-23,22550.0,CE,0.0,0.0,0.0,2241.1,1237.5,0,0.0,0,0,2026-09-22
NIFTY,2026-11-23,22900.0,CE,895.0,895.0,895.0,895.0,992.57,1,1546675.0,910,0,2026-09-22
NIFTY,2026-11-23,24400.0,CE,126.6,130.75,103.1,112.35,112.35,1305,2079320984.0,93535,27430,2026-09-22
NIFTY,2026-11-23,24700.0,CE,74.35,74.8,61.3,65.1,65.1,719,1157493909.0,62075,-8515,2026-09-22
NIFTY,2026-11-23,25000.0,CE,51.0,51.0,38.65,39.8,39.8,5524,8991481385.25,721110,8970,2026-09-22
NIFTY,2026-11-23,25350.0,CE,0.0,0.0,0.0,514.1,105.27,0,0.0,0,0,2026-09-22
NIFTY,2026-11-23,26050.0,CE,0.0,0.0,0.0,309.45,43.47,0,0.0,0,0,2026-09-22
NIFTY,2026-12-29,23000.0,CE,1060.0,1060.0,939.95,1000.8,1000.8,1803,2812047026.75,799785,130,2026-09-22
NIFTY,2027-06-29,19000.0,CE,0.0,0.0,0.0,7800.0,5267.73,0,0.0,75,0,2026-09-22
NIFTY,2027-06-29,31500.0,CE,0.0,0.0,0.0,769.15,49.31,0,0.0,0,0,2026-09-22
NIFTY,2028-06-27,18000.0,CE,0.0,0.0,0.0,6809.35,7295.97,0,0.0,0,0,2026-09-22
NIFTY,2029-06-26,28500.0,CE,0.0,0.0,0.0,4213.3,2175.99,0,0.0,0,0,2026-09-22
NIFTY,2029-06-26,30000.0,CE,0.0,0.0,0.0,5268.4,1706.92,0,0.0,0,0,2026-09-22
NIFTY,2029-12-24,15000.0,CE,0.0,0.0,0.0,13369.45,11146.57,0,0.0,0,0,2026-09-22
NIFTY,2029-12-24,31500.0,CE,0.0,0.0,0.0,3429.3,1769.34,0,0.0,0,0,2026-09-22
NIFTY,2030-06-25,22500.0,CE,0.0,0.0,0.0,9012.4,6222.86,0,0.0,0,0,2026-09-22
NIFTY,2030-12-31,30000.0,CE,0.0,0.0,0.0,5227.2,3222.85,0,0.0,0,0,2026-09-22
NIFTY,2031-06-24,24000.0,CE,0.0,0.0,0.0,7181.9,6419.94,0,0.0,0,0,2026-09-22
NIFTY,2026-09-22,21700.0,PE,0.7,0.7,0.05,0.05,23329.0,98588,139059881106.25,913250,-824460,2026-09-22
NIFTY,2026-09-22,23700.0,PE,239.4,423.9,219.65,355.7,23329.0,99706,155530572476.5,430365,-152295,2026-09-22
NIFTY,2026-09-22,24350.0,PE,984.55,1062.0,885.6,1008.15,23329.0,219,360617400.0,5135,-5200,2026-09-22
NIFTY,2026-09-22,24500.0,PE,1159.8,1210.8,1034.5,1161.3,23329.0,1740,2897842912.25,46215,-69875,2026-09-22
NIFTY,2026-09-22,25000.0,PE,1556.5,1758.6,1539.0,1673.85,23329.0,402,695607181.75,18200,-16575,2026-09-22
NIFTY,2026-09-22,25100.0,PE,1652.0,1780.0,1644.0,1708.0,23329.0,11,19149182.0,650,-130,2026-09-22
NIFTY,2026-09-22,25300.0,PE,0.0,0.0,0.0,1907.25,23329.0,0,0.0,520,0,2026-09-22
NIFTY,2026-09-22,25600.0,PE,2200.0,2200.0,2200.0,2200.0,23329.0,1,1807000.0,195,0,2026-09-22
NIFTY,2026-09-29,21350.0,PE,2.1,2.5,1.4,1.5,1.5,6310,8757481612.75,144885,29120,2026-09-22
NIFTY,2026-09-29,21550.0,PE,3.0,3.0,1.6,1.75,1.75,1114,1560587606.5,13910,-5395,2026-09-22
NIFTY,2026-09-29,21850.0,PE,3.05,3.05,1.85,2.1,2.1,3749,5325092256.25,48620,6305,2026-09-22
NIFTY,2026-09-29,22150.0,PE,4.0,4.15,2.45,2.75,2.75,10299,14830103570.75,120965,4745,2026-09-22
NIFTY,2026-09-29,22800.0,PE,16.75,20.45,8.5,12.15,12.15,295661,438414016979.25,5144815,2340650,2026-09-22
NIFTY,2026-09-29,22950.0,PE,26.1,36.55,14.4,20.9,20.9,88595,132293481528.0,906750,264095,2026-09-22
NIFTY,2026-09-29,24700.0,PE,1259.7,1399.65,1227.0,1309.6,1309.6,115,194293017.75,221000,-1820,2026-09-22
NIFTY,2026-09-29,25800.0,PE,2360.0,2450.0,2330.0,2450.0,2441.63,5,9167600.0,21125,0,2026-09-22
NIFTY,2026-09-29,26650.0,PE,0.0,0.0,0.0,2517.6,3290.66,0,0.0,0,0,2026-09-22
NIFTY,2026-09-29,26800.0,PE,0.0,0.0,0.0,2222.1,3440.49,0,0.0,1365,0,2026-09-22
NIFTY,2026-09-29,27100.0,PE,0.0,0.0,0.0,2914.15,3740.15,0,0.0,0,0,2026-09-22
NIFTY,2026-09-29,30000.0,PE,6566.0,6721.2,6540.0,6625.25,6625.25,172,409366678.5,132795,-2145,2026-09-22
NIFTY,2026-10-06,22700.0,PE,24.35,34.0,17.8,22.8,22.8,9432,13931685807.0,202150,92950,2026-09-22
NIFTY,2026-10-06,23000.0,PE,49.65,78.25,40.65,53.35,53.35,29536,44262271478.75,745550,172510,2026-09-22
NIFTY,2026-10-06,24300.0,PE,833.15,903.0,828.35,896.15,896.15,25,40899238.25,4615,1235,2026-09-22
NIFTY,2026-10-06,24650.0,PE,1230.0,1250.0,1230.0,1233.0,1233.0,5,8412690.0,325,325,2026-09-22
NIFTY,2026-10-06,25400.0,PE,0.0,0.0,0.0,1304.85,2014.04,0,0.0,0,0,2026-09-22
NIFTY,2026-10-06,25450.0,PE,0.0,0.0,0.0,1346.9,2063.77,0,0.0,0,0,2026-09-22
NIFTY,2026-10-06,25650.0,PE,0.0,0.0,0.0,1519.5,2262.92,0,0.0,0,0,2026-09-22
NIFTY,2026-10-13,21650.0,PE,0.0,0.0,0.0,30.0,6.05,0,0.0,195,0,2026-09-22
NIFTY,2026-10-13,21950.0,PE,0.0,0.0,0.0,18.0,15.62,0,0.0,390,0,2026-09-22
NIFTY,2026-10-13,22800.0,PE,41.75,69.85,41.75,52.25,52.25,1433,2128888820.5,75920,22230,2026-09-22
NIFTY,2026-10-13,23100.0,PE,97.8,132.9,85.5,102.95,102.95,1574,2373936376.5,65065,47255,2026-09-22
NIFTY,2026-10-13,23750.0,PE,371.4,410.0,354.55,410.0,549.97,46,72171511.75,1300,-585,2026-09-22
NIFTY,2026-10-13,24900.0,PE,0.0,0.0,0.0,1237.05,1505.65,0,0.0,0,0,2026-09-22
NIFTY,2026-10-13,25050.0,PE,0.0,0.0,0.0,1363.6,1648.87,0,0.0,0,0,2026-09-22
NIFTY,2026-10-13,25100.0,PE,0.0,0.0,0.0,1406.65,1697.04,0,0.0,0,0,2026-09-22
NIFTY,2026-10-19,22050.0,PE,0.0,0.0,0.0,77.0,34.34,0,0.0,0,0,2026-09-22
NIFTY,2026-10-19,22650.0,PE,0.0,0.0,0.0,207.4,120.16,0,0.0,0,0,2026-09-22
NIFTY,2026-10-19,23250.0,PE,178.65,208.5,165.5,176.05,176.05,49,74640858.5,2470,2210,2026-09-22
NIFTY,2026-10-19,23450.0,PE,230.2,278.2,225.6,252.55,408.18,59,90888801.25,3185,3185,2026-09-22
NIFTY,2026-10-19,23600.0,PE,286.9,354.65,275.9,318.4,489.63,64,99400830.75,3445,3445,2026-09-22
NIFTY,2026-10-19,23900.0,PE,0.0,0.0,0.0,851.5,678.13,0,0.0,0,0,2026-09-22
NIFTY,2026-10-19,24100.0,PE,0.0,0.0,0.0,1001.35,822.32,0,0.0,0,0,2026-09-22
NIFTY,2026-10-19,24300.0,PE,0.0,0.0,0.0,1161.1,976.85,0,0.0,0,0,2026-09-22
NIFTY,2026-10-19,24750.0,PE,0.0,0.0,0.0,1549.95,1361.77,0,0.0,0,0,2026-09-22
NIFTY,2026-10-27,23200.0,PE,166.55,230.25,160.45,183.7,183.7,8278,12583961234.0,485745,14560,2026-09-22
NIFTY,2026-10-27,23700.0,PE,353.5,471.35,351.0,394.9,394.9,2462,3855445509.5,328575,1885,2026-09-22
NIFTY,2026-10-27,24450.0,PE,910.0,915.0,905.8,905.85,1103.78,24,39560556.75,10075,-1495,2026-09-22
NIFTY,2026-10-27,25800.0,PE,0.0,0.0,0.0,2359.9,2326.61,0,0.0,585,0,2026-09-22
NIFTY,2026-10-27,26050.0,PE,0.0,0.0,0.0,1920.65,2570.16,0,0.0,0,0,2026-09-22
NIFTY,2026-11-23,21750.0,PE,49.55,52.0,49.55,50.0,74.69,37,52428411.75,1885,1430,2026-09-22
NIFTY,2026-11-23,22250.0,PE,84.45,87.15,82.55,84.8,149.53,34,49356966.75,3705,195,2026-09-22
NIFTY,2026-11-23,22850.0,PE,159.1,160.7,158.8,158.8,158.8,20,29912018.5,4030,1235,2026-09-22
NIFTY,2026-11-23,22900.0,PE,170.85,200.0,158.05,175.65,175.65,195,292503048.5,28405,-455,2026-09-22
NIFTY,2026-11-23,23750.0,PE,441.0,468.15,441.0,468.15,693.47,3,4719009.75,4550,-65,2026-09-22
NIFTY,2026-11-23,24300.0,PE,770.0,899.0,770.0,826.0,826.0,23,37567084.75,14560,-1040,2026-09-22
NIFTY,2026-11-23,24750.0,PE,0.0,0.0,0.0,807.55,1361.66,0,0.0,0,0,2026-09-22
NIFTY,2026-11-23,25800.0,PE,0.0,0.0,0.0,1454.8,2255.02,0,0.0,0,0,2026-09-22
NIFTY,2026-11-23,26050.0,PE,0.0,0.0,0.0,1637.9,2485.44,0,0.0,0,0,2026-09-22
NIFTY,2026-12-29,25500.0,PE,1685.0,1820.0,1659.95,1723.3,1723.3,331,586144282.75,369330,2145,2026-09-22
NIFTY,2027-03-30,21000.0,PE,103.55,119.65,101.9,110.65,110.65,2254,3092829158.25,971165,46995,2026-09-22
NIFTY,2027-03-30,28500.0,PE,0.0,0.0,0.0,2937.15,4339.86,0,0.0,65,0,2026-09-22
NIFTY,2027-06-29,16500.0,PE,0.0,0.0,0.0,22.05,1.64,0,0.0,780,0,2026-09-22
NIFTY,2028-06-27,22500.0,PE,0.0,0.0,0.0,206.95,639.71,0,0.0,0,0,2026-09-22
NIFTY,2028-06-27,18000.0,PE,0.0,0.0,0.0,396.75,61.99,0,0.0,0,0,2026-09-22
NIFTY,2028-06-27,22000.0,PE,0.0,0.0,0.0,510.0,524.67,0,0.0,2080,0,2026-09-22
NIFTY,2028-06-27,25500.0,PE,0.0,0.0,0.0,1034.0,1670.42,0,0.0,0,0,2026-09-22
NIFTY,2028-12-26,21000.0,PE,340.05,359.95,340.05,359.95,369.88,14,19434642.5,9620,130,2026-09-22
NIFTY,2030-12-31,33000.0,PE,0.0,0.0,0.0,2387.3,4138.91,0,0.0,0,0,2026-09-22
NIFTY,2030-12-31,27000.0,PE,0.0,0.0,0.0,779.5,1676.33,0,0.0,0,0,2026-09-22
NIFTY,2029-12-24,19500.0,PE,0.0,0.0,0.0,61.2,220.02,0,0.0,0,0,2026-09-22
NIFTY,2029-06-26,26000.0,PE,0.0,0.0,0.0,1650.0,1675.08,0,0.0,50,0,2026-09-22
NIFTY,2029-06-26,22500.0,PE,0.0,0.0,0.0,224.45,650.95,0,0.0,0,0,2026-09-22
NIFTY,2028-12-26,30000.0,PE,0.0,0.0,0.0,3080.0,3893.58,0,0.0,195,0,2026-09-22
NIFTY,2028-12-26,22500.0,PE,0.0,0.0,0.0,218.8,653.38,0,0.0,0,0,2026-09-22
NIFTY,2027-12-28,22500.0,PE,0.0,0.0,0.0,186.5,599.63,0,0.0,0,0,2026-09-22
NIFTY,2026-09-22,21550.0,CE,0.0,0.0,0.0,2733.15,23329.0,0,0.0,0,0,2026-09-22
NIFTY,2026-09-22,21700.0,CE,0.0,0.0,0.0,1543.8,23329.0,0,0.0,1560,0,2026-09-22
NIFTY,2026-09-22,23300.0,CE,175.0,190.85,25.3,43.3,23329.0,10258722,15584166563121.0,9379760,5490420,2026-09-22
NIFTY,2026-09-22,24400.0,CE,0.45,0.5,0.05,0.1,23329.0,311763,494462385784.25,2539615,126880,2026-09-22
NIFTY,2026-09-22,25150.0,CE,0.4,0.55,0.05,0.1,23329.0,7999,13076451599.25,150995,13780,2026-09-22
NIFTY,2026-09-29,15000.0,CE,0.0,0.0,0.0,10499.3,8346.08,0,0.0,0,0,2026-09-22
NIFTY,2026-09-29,18000.0,CE,5414.0,5414.0,5414.0,5414.0,5349.49,1,1521910.0,780,-65,2026-09-22
NIFTY,2026-09-29,22300.0,CE,1100.0,1100.0,1001.75,1093.0,1057.46,31,47069272.25,1430,0,2026-09-22
NIFTY,2026-09-29,22350.0,CE,1030.0,1030.0,1030.0,1030.0,1008.52,1,1519700.0,65,-65,2026-09-22
NIFTY,2026-09-29,23200.0,CE,333.0,333.0,182.9,249.45,249.45,100805,153630503939.25,1687530,238030,2026-09-22
NIFTY,2026-09-29,23400.0,CE,170.05,183.05,80.1,121.65,121.65,708164,1082776332316.25,7222800,3214315,2026-09-22
NIFTY,2026-09-29,23450.0,CE,140.55,150.6,62.25,98.1,98.1,311035,476200354428.5,1806870,868205,2026-09-22
NIFTY,2026-09-29,23500.0,CE,115.55,122.5,48.0,77.8,77.8,744784,1141486530743.0,8979490,3337425,2026-09-22
NIFTY,2026-09-29,23650.0,CE,55.15,59.35,21.4,34.9,34.9,232815,358442719254.75,1904890,879580,2026-09-22
NIFTY,2026-09-29,24250.0,CE,4.6,4.6,2.85,3.25,3.25,72009,113521265432.25,827710,260455,2026-09-22
NIFTY,2026-09-29,25050.0,CE,1.5,1.8,1.0,1.3,1.3,2763,4499117720.5,80535,-3835,2026-09-22
NIFTY,2026-09-29,25250.0,CE,1.35,1.55,1.0,1.2,1.2,1280,2100906502.5,54925,-3770,2026-09-22
NIFTY,2026-09-29,25300.0,CE,1.35,1.5,1.0,1.1,1.1,15994,26303404078.25,584155,-124670,2026-09-22
NIFTY,2026-09-29,26850.0,CE,0.5,0.5,0.5,0.5,0.5,1,1745282.5,3380,0,2026-09-22
NIFTY,2026-10-06,21700.0,CE,0.0,0.0,0.0,2486.95,1680.18,0,0.0,0,0,2026-09-22
NIFTY,2026-10-06,22050.0,CE,0.0,0.0,0.0,2147.1,1336.94,0,0.0,0,0,2026-09-22
NIFTY,2026-10-06,23200.0,CE,364.8,370.85,249.4,312.15,312.15,3428,5238401593.75,85735,-7800,2026-09-22
NIFTY,2026-10-06,23850.0,CE,51.1,51.1,26.4,34.45,34.45,5080,7887119045.0,100425,23595,2026-09-22
NIFTY,2026-10-06,25700.0,CE,1.9,2.0,1.3,1.45,1.45,60,100236779.5,9230,1235,2026-09-22
NIFTY,2026-10-13,21900.0,CE,0.0,0.0,0.0,1879.7,1517.17,0,0.0,0,0,2026-09-22
NIFTY,2026-10-13,22150.0,CE,0.0,0.0,0.0,1647.3,1282.09,0,0.0,0,0,2026-09-22
NIFTY,2026-10-13,22450.0,CE,0.0,0.0,0.0,1379.8,1014.32,0,0.0,0,0,2026-09-22
NIFTY,2026-10-13,23050.0,CE,470.0,471.8,470.0,471.3,556.74,8,12230985.0,585,520,2026-09-22
NIFTY,2026-10-13,23500.0,CE,235.05,235.05,154.5,189.4,189.4,4531,6978742693.0,238355,90740,2026-09-22
NIFTY,2026-10-19,21700.0,CE,0.0,0.0,0.0,1575.5,1738.26,0,0.0,0,0,2026-09-22
NIFTY,2026-10-19,23100.0,CE,0.0,0.0,0.0,522.3,582.98,0,0.0,0,0,2026-09-22
NIFTY,2026-10-19,24350.0,CE,0.0,0.0,0.0,104.05,103.16,0,0.0,0,0,2026-09-22
NIFTY,2026-10-19,24950.0,CE,0.0,0.0,0.0,37.6,32.88,0,0.0,0,0,2026-09-22
NIFTY,2026-10-27,21500.0,CE,2073.3,2073.3,1901.0,1977.7,1977.7,59,90087075.0,38545,1755,2026-09-22
NIFTY,2026-10-27,22000.0,CE,1541.0,1584.55,1415.9,1511.4,1511.4,676,1032674110.0,129610,17290,2026-09-22
NIFTY,2026-10-27,22250.0,CE,1326.65,1326.65,1324.65,1325.5,1290.94,18,27583452.0,13975,845,2026-09-22
NIFTY,2026-10-27,22450.0,CE,0.0,0.0,0.0,2042.45,1124.81,0,0.0,0,0,2026-09-22
NIFTY,2026-10-27,22750.0,CE,0.0,0.0,0.0,850.35,895.07,0,0.0,1105,0,2026-09-22
NIFTY,2026-10-27,23150.0,CE,507.5,529.95,450.0,500.0,500.0,94,144490615.75,6500,1950,2026-09-22
NIFTY,2026-10-27,24550.0,CE,30.0,30.05,22.95,24.15,24.15,565,902532442.5,57070,8775,2026-09-22
NIFTY,2026-10-27,25200.0,CE,10.05,14.75,8.05,9.35,9.35,963,1577977570.0,180310,5850,2026-09-22
NIFTY,2026-10-27,26250.0,CE,4.55,4.55,4.55,4.55,4.52,1,1706545.75,390,65,2026-09-22
NIFTY,2026-10-27,26350.0,CE,0.0,0.0,0.0,8.0,3.6,0,0.0,520,0,2026-09-22
NIFTY,2026-11-23,22650.0,CE,0.0,0.0,0.0,2156.8,1163.83,0,0.0,0,0,2026-09-22
NIFTY,2026-11-23,23000.0,CE,841.85,850.85,737.0,794.0,794.0,358,553467066.75,209560,6240,2026-09-22
NIFTY,2026-11-23,23850.0,CE,309.6,314.2,259.0,281.1,281.1,59,92581830.25,9425,195,2026-09-22
NIFTY,2026-11-23,24950.0,CE,0.0,0.0,0.0,670.25,166.06,0,0.0,0,0,2026-09-22
NIFTY,2026-11-23,25950.0,CE,0.0,0.0,0.0,332.85,49.66,0,0.0,0,0,2026-09-22
NIFTY,2026-11-23,26000.0,CE,16.0,17.7,13.75,14.0,14.0,1722,2911798753.5,297115,13520,2026-09-22
NIFTY,2026-12-29,18000.0,CE,0.0,0.0,0.0,5650.0,5632.96,0,0.0,2340,0,2026-09-22
NIFTY,2026-12-29,34500.0,CE,5.35,5.35,5.35,5.35,0.0,1,2242847.75,1625,65,2026-09-22
NIFTY,2027-03-30,22500.0,CE,1890.0,1915.0,1788.1,1844.95,1844.95,722,1144821483.0,176150,-390,2026-09-22
NIFTY,2028-12-26,16500.0,CE,0.0,0.0,0.0,12176.65,9065.08,0,0.0,0,0,2026-09-22
NIFTY,2029-06-26,27000.0,CE,0.0,0.0,0.0,6570.4,2743.23,0,0.0,0,0,2026-09-22
NIFTY,2029-12-24,25500.0,CE,0.0,0.0,0.0,6500.6,3993.86,0,0.0,0,0,2026-09-22
NIFTY,2029-12-24,30000.0,CE,1600.0,1600.0,1500.0,1501.4,1501.4,17,34845053.75,10420,1040,2026-09-22
NIFTY,2030-12-31,21000.0,CE,0.0,0.0,0.0,10552.5,7701.76,0,0.0,0,0,2026-09-22
NIFTY,2031-06-24,27000.0,CE,0.0,0.0,0.0,5699.0,4926.24,0,0.0,0,0,2026-09-22
NIFTY,2026-09-22,21350.0,PE,0.35,0.45,0.05,0.05,23329.0,164153,227805643055.25,1184950,-3478020,2026-09-22
NIFTY,2026-09-22,22350.0,PE,0.8,0.85,0.05,0.1,23329.0,176363,256215308472.5,1009905,-825240,2026-09-22
NIFTY,2026-09-22,22700.0,PE,1.2,1.5,0.05,0.1,23329.0,1014630,1497118535555.5,6698900,-608270,2026-09-22
NIFTY,2026-09-22,22800.0,PE,1.5,1.65,0.05,0.15,23329.0,1734545,2570657598216.5,6346340,-2569450,2026-09-22
NIFTY,2026-09-22,24150.0,PE,712.75,856.85,688.8,804.9,23329.0,429,694883244.25,11830,-7930,2026-09-22
NIFTY,2026-09-22,25200.0,PE,1750.1,1863.95,1750.0,1846.85,23329.0,33,57982200.25,1885,-390,2026-09-22
NIFTY,2026-09-22,25750.0,PE,0.0,0.0,0.0,1525.75,23329.0,0,0.0,0,0,2026-09-22
NIFTY,2026-09-29,21000.0,PE,2.65,2.65,1.1,1.3,1.3,57881,79013378340.0,7247630,1080820,2026-09-22
NIFTY,2026-09-29,21950.0,PE,3.9,3.9,2.15,2.35,2.35,4913,7010511118.0,160550,-21905,2026-09-22
NIFTY,2026-09-29,22550.0,PE,7.9,8.8,4.75,5.7,5.7,47079,69024953692.5,741390,306280,2026-09-22
NIFTY,2026-09-29,22600.0,PE,9.0,10.45,5.25,6.55,6.55,179662,264008971850.0,2429375,695110,2026-09-22
NIFTY,2026-09-29,23400.0,PE,101.0,194.5,91.45,131.55,131.55,569122,870553290841.0,6111560,2225600,2026-09-22
NIFTY,2026-09-29,24750.0,PE,1288.0,1435.5,1288.0,1345.55,1393.46,17,28837825.25,25870,-780,2026-09-22
NIFTY,2026-09-29,24950.0,PE,1570.5,1570.5,1566.05,1566.05,1592.78,4,6894462.25,4615,-130,2026-09-22
NIFTY,2026-09-29,25650.0,PE,0.0,0.0,0.0,1016.85,2291.8,0,0.0,65,0,2026-09-22
NIFTY,2026-09-29,25700.0,PE,2280.0,2314.95,2280.0,2314.95,2341.74,2,3639671.75,11895,-65,2026-09-22
NIFTY,2026-09-29,27150.0,PE,0.0,0.0,0.0,2959.15,3790.09,0,0.0,0,0,2026-09-22
NIFTY,2026-09-29,33000.0,PE,0.0,0.0,0.0,6552.15,9633.43,0,0.0,0,0,2026-09-22
NIFTY,2026-10-06,21550.0,PE,3.7,8.4,3.7,4.85,0.88,53,74255785.5,2145,1755,2026-09-22
NIFTY,2026-10-06,21650.0,PE,4.3,4.3,4.3,4.3,1.42,8,11260236.0,520,520,2026-09-22
NIFTY,2026-10-06,21750.0,PE,8.2,8.2,4.25,5.75,2.24,22,31109890.5,1170,1105,2026-09-22
NIFTY,2026-10-06,22500.0,PE,14.95,20.0,11.0,14.0,14.0,17677,25869445426.5,488995,131885,2026-09-22
NIFTY,2026-10-06,22650.0,PE,20.55,29.1,15.85,19.9,19.9,1114,1641639837.5,30485,7930,2026-09-22
NIFTY,2026-10-06,22800.0,PE,29.9,44.0,23.2,29.45,29.45,15118,22436139612.25,312000,142025,2026-09-22
NIFTY,2026-10-06,23050.0,PE,56.8,88.35,46.85,63.15,63.15,2373,3565058906.5,49725,11505,2026-09-22
NIFTY,2026-10-06,23900.0,PE,466.0,586.95,444.0,515.35,515.35,152,241207284.5,8255,3575,2026-09-22
NIFTY,2026-10-06,24400.0,PE,910.0,1030.55,910.0,993.0,1043.72,9,14860313.0,390,260,2026-09-22
NIFTY,2026-10-06,24700.0,PE,0.0,0.0,0.0,774.45,1326.04,0,0.0,0,0,2026-09-22
NIFTY,2026-10-06,25000.0,PE,1516.0,1646.45,1496.25,1559.95,1559.95,18,31092295.0,5590,910,2026-09-22
NIFTY,2026-10-06,25050.0,PE,0.0,0.0,0.0,1024.75,1667.32,0,0.0,0,0,2026-09-22
NIFTY,2026-10-06,25750.0,PE,0.0,0.0,0.0,1608.15,2362.58,0,0.0,0,0,2026-09-22
NIFTY,2026-10-13,22300.0,PE,20.0,24.55,16.2,19.55,19.55,1236,1793154831.0,43225,-2860,2026-09-22
NIFTY,2026-10-13,22400.0,PE,20.0,30.9,19.1,23.55,23.55,747,1088774427.0,28080,-5850,2026-09-22
NIFTY,2026-10-13,22600.0,PE,35.45,45.4,22.65,34.8,34.8,589,866606669.5,27690,12415,2026-09-22
NIFTY,2026-10-13,22700.0,PE,48.7,57.05,34.6,42.35,42.35,1153,1704493082.5,100685,7540,2026-09-22
NIFTY,2026-10-13,22850.0,PE,56.25,72.05,49.15,58.65,58.65,143,212930363.75,5720,1495,2026-09-22
NIFTY,2026-10-13,23500.0,PE,230.25,310.4,205.15,242.5,242.5,2744,4235344431.5,154440,49530,2026-09-22
NIFTY,2026-10-13,24150.0,PE,683.35,732.25,683.35,729.7,841.86,3,4848694.5,65,0,2026-09-22
NIFTY,2026-10-13,24700.0,PE,0.0,0.0,0.0,1075.5,1318.61,0,0.0,0,0,2026-09-22
NIFTY,2026-10-13,24850.0,PE,1148.7,1219.6,1148.7,1184.15,1184.15,2,3384439.5,195,130,2026-09-22
NIFTY,2026-10-19,21400.0,PE,0.0,0.0,0.0,19.55,5.95,0,0.0,0,0,2026-09-22
NIFTY,2026-10-19,22000.0,PE,20.9,23.95,16.05,19.85,19.85,301,430813292.0,14365,10205,2026-09-22
NIFTY,2026-10-19,22250.0,PE,0.0,0.0,0.0,110.1,54.06,0,0.0,0,0,2026-09-22
NIFTY,2026-10-19,22400.0,PE,0.0,0.0,0.0,141.35,74.14,0,0.0,0,0,2026-09-22
NIFTY,2026-10-19,22750.0,PE,0.0,0.0,0.0,239.3,143.67,0,0.0,0,0,2026-09-22
NIFTY,2026-10-19,23200.0,PE,149.3,195.0,131.35,156.7,156.7,121,183699597.25,4485,2210,2026-09-22
NIFTY,2026-10-19,23650.0,PE,0.0,0.0,0.0,680.7,518.72,0,0.0,0,0,2026-09-22
NIFTY,2026-10-27,22050.0,PE,28.0,37.85,28.0,30.65,30.65,317,455021635.25,22295,6305,2026-09-22
NIFTY,2026-10-27,22200.0,PE,37.4,47.0,33.05,37.5,37.5,5154,7449922691.25,221585,-11895,2026-09-22
NIFTY,2026-10-27,23100.0,PE,142.5,195.9,135.2,156.65,156.65,5525,8353223615.75,325585,20020,2026-09-22
NIFTY,2026-10-27,23450.0,PE,245.05,329.85,238.5,276.5,276.5,1279,1971916485.5,84175,11180,2026-09-22
NIFTY,2026-10-27,24300.0,PE,790.0,919.45,771.0,837.9,837.9,819,1339599394.25,136110,-4485,2026-09-22
NIFTY,2026-10-27,24800.0,PE,1270.0,1350.0,1221.0,1281.4,1281.4,51,86399342.25,171340,2340,2026-09-22
NIFTY,2026-10-27,24850.0,PE,0.0,0.0,0.0,1330.7,1440.51,0,0.0,1105,0,2026-09-22
NIFTY,2026-10-27,25000.0,PE,1425.0,1600.0,1419.0,1502.2,1502.2,1425,2453349190.5,816400,60970,2026-09-22
NIFTY,2026-10-27,25200.0,PE,1620.15,1735.0,1615.0,1673.9,1673.9,36,62922804.75,14365,975,2026-09-22
NIFTY,2026-10-27,25600.0,PE,2087.0,2125.0,2073.0,2120.0,2133.81,17,30607866.25,2470,1105,2026-09-22
NIFTY,2026-10-27,26000.0,PE,2419.7,2581.8,2390.85,2471.4,2471.4,1339,2478760212.5,748085,67860,2026-09-22
NIFTY,2026-10-27,26600.0,PE,0.0,0.0,0.0,3029.0,3111.77,0,0.0,390,0,2026-09-22
NIFTY,2026-11-23,22450.0,PE,99.1,107.55,98.45,103.1,103.1,37,54243361.25,5330,2080,2026-09-22
NIFTY,2026-11-23,22950.0,PE,189.65,213.65,180.55,185.4,185.4,27,40608499.75,2860,455,2026-09-22
NIFTY,2026-11-23,23950.0,PE,579.35,579.35,579.35,579.35,808.59,1,1594407.75,1625,0,2026-09-22
NIFTY,2026-11-23,24100.0,PE,649.95,738.05,624.0,666.9,666.9,16,25774905.0,9230,0,2026-09-22
NIFTY,2026-11-23,24550.0,PE,0.0,0.0,0.0,951.8,1210.51,0,0.0,1040,0,2026-09-22
NIFTY,2026-11-23,25250.0,PE,0.0,0.0,0.0,1090.7,1768.91,0,0.0,0,0,2026-09-22
NIFTY,2026-11-23,26100.0,PE,0.0,0.0,0.0,1675.5,2532.07,0,0.0,0,0,2026-09-22
NIFTY,2026-12-29,12000.0,PE,3.8,4.5,3.8,4.5,0.0,24,18726191.25,19580,-1300,2026-09-22
NIFTY,2027-03-30,33000.0,PE,0.0,0.0,0.0,8415.45,8607.85,0,0.0,0,0,2026-09-22
NIFTY,2027-06-29,33000.0,PE,0.0,0.0,0.0,4691.7,8124.93,0,0.0,0,0,2026-09-22
NIFTY,2027-12-28,19500.0,PE,0.0,0.0,0.0,29.25,115.75,0,0.0,0,0,2026-09-22
NIFTY,2027-12-28,30000.0,PE,4325.0,4325.0,4281.75,4281.75,4758.02,2,4459438.75,2990,65,2026-09-22
NIFTY,2029-12-24,22500.0,CE,0.0,0.0,0.0,8486.15,5667.32,0,0.0,0,0,2026-09-22
NIFTY,2030-06-25,16500.0,CE,0.0,0.0,0.0,13374.05,10384.32,0,0.0,0,0,2026-09-22
NIFTY,2030-06-25,19500.0,CE,0.0,0.0,0.0,11140.25,8191.09,0,0.0,0,0,2026-09-22
NIFTY,2031-06-24,28500.0,CE,0.0,0.0,0.0,5048.95,4283.23,0,0.0,0,0,2026-09-22
NIFTY,2026-09-22,21750.0,PE,0.65,0.65,0.05,0.1,23329.0,23067,32611345048.75,259480,-95875,2026-09-22
NIFTY,2026-09-22,21850.0,PE,0.75,0.75,0.05,0.1,23329.0,25832,36688395428.75,309140,-168610,2026-09-22
NIFTY,2028-12-26,21000.0,CE,0.0,0.0,0.0,7512.5,5505.69,0,0.0,0,0,2026-09-22
NIFTY,2028-12-26,15000.0,CE,0.0,0.0,0.0,11381.75,10342.98,0,0.0,0,0,2026-09-22
NIFTY,2028-06-27,31500.0,CE,0.0,0.0,0.0,1784.8,538.15,0,0.0,0,0,2026-09-22
NIFTY,2028-06-27,25500.0,CE,0.0,0.0,0.0,4676.6,2198.15,0,0.0,0,0,2026-09-22
NIFTY,2027-12-28,28500.0,CE,275.0,277.0,262.0,263.15,263.15,74,138387639.0,55900,520,2026-09-22
NIFTY,2027-12-28,25500.0,CE,0.0,0.0,0.0,2400.0,1554.88,0,0.0,0,0,2026-09-22
NIFTY,2027-12-28,22500.0,CE,0.0,0.0,0.0,3011.0,3163.68,0,0.0,65,0,2026-09-22
NIFTY,2027-06-29,27000.0,CE,180.0,198.0,180.0,196.4,196.4,50,88381075.25,15210,2080,2026-09-22
NIFTY,2027-06-29,24000.0,CE,1224.25,1249.7,1146.6,1183.65,1183.65,75,122854962.75,13730,-260,2026-09-22
NIFTY,2027-06-29,21000.0,CE,0.0,0.0,0.0,3061.8,3525.12,0,0.0,0,0,2026-09-22
NIFTY,2027-03-30,18000.0,CE,0.0,0.0,0.0,5643.55,5913.95,0,0.0,0,0,2026-09-22
NIFTY,2026-12-29,21000.0,CE,2780.0,2794.35,2641.0,2725.35,2725.35,460,709470784.75,320340,11495,2026-09-22
NIFTY,2026-11-23,25850.0,CE,0.0,0.0,0.0,358.95,56.6,0,0.0,0,0,2026-09-22
NIFTY,2026-11-23,24750.0,CE,66.8,68.45,58.5,58.8,58.8,54,87090974.75,20410,-1560,2026-09-22
NIFTY,2026-11-23,24100.0,CE,220.0,220.0,173.55,189.55,189.55,802,1266379786.75,60580,8060,2026-09-22
NIFTY,2026-11-23,24000.0,CE,256.7,259.95,203.2,226.25,226.25,6204,9770961746.0,686660,69420,2026-09-22
NIFTY,2026-11-23,23300.0,CE,626.05,626.05,528.0,582.65,582.65,239,370824678.25,36920,325,2026-09-22
NIFTY,2026-11-23,22950.0,CE,0.0,0.0,0.0,788.1,960.11,0,0.0,65,0,2026-09-22
NIFTY,2026-09-22,22100.0,PE,0.65,0.65,0.05,0.05,23329.0,122358,175770148658.0,1341860,-606905,2026-09-22
NIFTY,2026-09-22,22450.0,PE,0.75,1.25,0.05,0.1,23329.0,252425,368356497882.75,1739400,-1031680,2026-09-22
NIFTY,2026-09-22,22850.0,PE,1.6,1.7,0.05,0.2,23329.0,1094388,1625484351383.75,2798510,148265,2026-09-22
NIFTY,2026-09-22,22950.0,PE,1.8,2.7,0.05,0.2,23329.0,1519853,2267325656485.5,3568500,-816725,2026-09-22
NIFTY,2026-09-22,25550.0,PE,2090.0,2090.0,2090.0,2090.0,23329.0,1,1796600.0,130,0,2026-09-22
NIFTY,2026-09-29,21700.0,PE,2.6,2.65,1.8,2.0,2.0,16890,23825810307.0,920595,192465,2026-09-22
NIFTY,2026-09-29,22200.0,PE,6.15,6.15,2.45,2.75,2.75,84251,121592215803.5,1968655,359905,2026-09-22
NIFTY,2026-09-29,22250.0,PE,4.35,4.7,2.6,3.0,3.0,18643,26966664959.0,392665,211185,2026-09-22
NIFTY,2026-09-29,23150.0,PE,47.5,80.35,31.9,48.95,48.95,137159,206835961484.75,1435460,366795,2026-09-22
NIFTY,2026-09-29,23700.0,PE,271.8,427.25,262.6,334.4,334.4,25680,40108327918.75,1008280,-53885,2026-09-22
NIFTY,2026-09-29,23750.0,PE,306.0,470.4,301.0,376.3,376.3,3174,4975601601.75,223210,11895,2026-09-22
NIFTY,2026-09-29,23950.0,PE,498.5,665.55,485.7,566.25,566.25,679,1081947730.5,137800,15860,2026-09-22
NIFTY,2026-09-29,24100.0,PE,640.05,807.75,629.75,715.75,715.75,1909,3078088409.5,712985,-29185,2026-09-22
NIFTY,2026-09-29,24250.0,PE,800.05,935.7,785.0,852.95,852.95,359,585357210.75,147290,-14235,2026-09-22
NIFTY,2026-09-29,24400.0,PE,950.0,1107.4,926.8,1011.25,1011.25,1379,2277755077.0,1873690,-19695,2026-09-22
NIFTY,2026-09-29,24600.0,PE,1142.0,1293.15,1128.0,1204.4,1204.4,347,582305152.0,658450,-2015,2026-09-22
NIFTY,2026-09-29,25750.0,PE,2400.0,2430.0,2400.0,2430.0,2391.68,3,5491200.0,325,-130,2026-09-22
NIFTY,2026-09-29,26300.0,PE,2837.75,2929.5,2833.2,2929.5,2941.06,15,28416807.25,73970,-845,2026-09-22
NIFTY,2026-09-29,27200.0,PE,0.0,0.0,0.0,3004.3,3840.03,0,0.0,0,0,2026-09-22
NIFTY,2026-11-23,22350.0,CE,0.0,0.0,0.0,1245.35,1388.1,0,0.0,195,0,2026-09-22
NIFTY,2026-11-23,21600.0,CE,0.0,0.0,0.0,3092.25,2019.74,0,0.0,0,0,2026-09-22
NIFTY,2026-11-23,21500.0,CE,0.0,0.0,0.0,3185.9,2109.96,0,0.0,0,0,2026-09-22
NIFTY,2026-10-27,26750.0,CE,0.0,0.0,0.0,6.35,1.38,0,0.0,975,0,2026-09-22
NIFTY,2026-10-27,26600.0,CE,0.0,0.0,0.0,2.6,1.99,0,0.0,2795,0,2026-09-22
NIFTY,2026-10-27,26000.0,CE,4.4,4.65,3.3,3.55,3.55,3568,6030813044.75,957775,48165,2026-09-22
NIFTY,2026-10-27,25450.0,CE,6.4,7.1,5.3,6.5,6.5,64,105899192.75,4030,195,2026-09-22
NIFTY,2026-10-27,24500.0,CE,35.5,35.5,25.65,27.7,27.7,24110,38442091736.75,2202720,-15600,2026-09-22
NIFTY,2026-10-27,24200.0,CE,70.65,72.0,50.7,57.45,57.45,14416,22733405714.5,814190,-3835,2026-09-22
NIFTY,2026-10-27,23900.0,CE,151.3,152.65,105.25,123.15,123.15,7884,12312205964.5,469755,32305,2026-09-22
NIFTY,2026-10-27,22950.0,CE,710.2,710.2,645.7,645.7,645.7,6,9211579.0,650,-65,2026-09-22
NIFTY,2026-10-27,22350.0,CE,0.0,0.0,0.0,2124.25,1206.75,0,0.0,0,0,2026-09-22
NIFTY,2026-10-27,21850.0,CE,0.0,0.0,0.0,2551.3,1646.32,0,0.0,0,0,2026-09-22
NIFTY,2026-10-27,21650.0,CE,0.0,0.0,0.0,2729.45,1832.63,0,0.0,0,0,2026-09-22
NIFTY,2026-10-19,25000.0,CE,8.7,8.95,6.0,7.2,7.2,280,455130364.0,14170,9230,2026-09-22
NIFTY,2026-10-19,24800.0,CE,0.0,0.0,0.0,49.25,44.64,0,0.0,0,0,2026-09-22
NIFTY,2026-10-19,24400.0,CE,24.8,26.8,20.05,20.85,20.85,190,301623543.0,7410,4160,2026-09-22
NIFTY,2026-10-19,22600.0,CE,0.0,0.0,0.0,834.65,937.65,0,0.0,0,0,2026-09-22
NIFTY,2026-10-19,21950.0,CE,0.0,0.0,0.0,1352.2,1502.21,0,0.0,0,0,2026-09-22
NIFTY,2026-10-19,21800.0,CE,0.0,0.0,0.0,1484.95,1643.01,0,0.0,0,0,2026-09-22
NIFTY,2026-10-19,21600.0,CE,0.0,0.0,0.0,1667.5,1834.4,0,0.0,0,0,2026-09-22
NIFTY,2026-10-13,25150.0,CE,7.9,7.9,4.0,4.0,10.21,9,14716032.5,1105,0,2026-09-22
NIFTY,2026-10-13,25050.0,CE,0.0,0.0,0.0,5.2,13.33,0,0.0,780,0,2026-09-22
NIFTY,2026-10-13,24450.0,CE,0.0,0.0,0.0,207.95,56.0,0,0.0,0,0,2026-09-22
NIFTY,2026-10-13,23650.0,CE,154.0,155.3,100.4,124.9,124.9,437,675344449.0,18070,5915,2026-09-22
NIFTY,2026-10-13,23300.0,CE,354.45,357.7,252.8,307.5,307.5,1380,2116749778.0,38610,18720,2026-09-22
NIFTY,2026-10-13,22500.0,CE,956.2,959.85,872.65,872.7,872.7,7,10651998.5,195,130,2026-09-22
NIFTY,2026-10-06,25150.0,CE,2.8,2.8,2.8,2.8,2.29,1,1634932.0,1560,65,2026-09-22
NIFTY,2026-10-06,25100.0,CE,3.25,3.25,1.8,2.0,2.77,10,16316495.0,1560,260,2026-09-22
NIFTY,2026-10-06,24700.0,CE,4.3,5.0,2.85,3.3,3.3,1665,2673543960.75,61490,29445,2026-09-22
NIFTY,2026-10-06,21850.0,PE,8.9,8.9,4.4,5.65,5.65,48,68188519.75,1235,390,2026-09-22
NIFTY,2026-10-06,22450.0,PE,13.9,17.75,10.25,12.4,12.4,732,1068765441.25,28340,8645,2026-09-22
NIFTY,2026-10-06,22950.0,PE,49.3,66.95,35.0,45.8,45.8,2657,3971621917.25,84240,47645,2026-09-22
NIFTY,2026-10-06,23200.0,PE,80.9,135.1,73.35,95.45,95.45,17603,26658807942.0,286520,108420,2026-09-22
NIFTY,2026-10-06,23350.0,PE,131.85,198.1,113.15,145.65,145.65,8295,12672922821.0,80275,26845,2026-09-22
NIFTY,2026-10-06,23850.0,PE,452.4,479.55,450.4,479.55,581.22,22,34775682.5,5070,780,2026-09-22
NIFTY,2026-10-06,24350.0,PE,0.0,0.0,0.0,560.0,998.16,0,0.0,0,0,2026-09-22
NIFTY,2026-10-06,25100.0,PE,0.0,0.0,0.0,1063.1,1716.64,0,0.0,0,0,2026-09-22
NIFTY,2026-10-06,25150.0,PE,0.0,0.0,0.0,1102.0,1766.05,0,0.0,0,0,2026-09-22
NIFTY,2026-10-06,25500.0,PE,2002.0,2150.0,2002.0,2057.85,2057.85,30,53720637.75,11700,1950,2026-09-22
NIFTY,2026-10-13,21500.0,PE,8.2,8.3,6.75,7.05,7.05,108,150981239.5,4615,3250,2026-09-22
NIFTY,2026-10-13,21800.0,PE,11.0,11.0,8.3,9.2,9.2,11,15593412.25,17745,325,2026-09-22
NIFTY,2026-10-13,21850.0,PE,0.0,0.0,0.0,20.3,11.54,0,0.0,0,0,2026-09-22
NIFTY,2026-10-13,22200.0,PE,17.45,21.2,12.95,15.6,15.6,935,1350187036.25,33865,3445,2026-09-22
NIFTY,2026-10-13,24750.0,PE,0.0,0.0,0.0,1115.1,1364.88,0,0.0,0,0,2026-09-22
NIFTY,2026-10-13,24950.0,PE,0.0,0.0,0.0,1278.75,1553.15,0,0.0,0,0,2026-09-22
NIFTY,2026-10-13,25300.0,PE,0.0,0.0,0.0,1583.0,1891.42,0,0.0,0,0,2026-09-22
NIFTY,2026-10-06,24150.0,CE,15.35,15.45,9.7,11.15,11.15,3307,5193778226.0,44460,-13195,2026-09-22
NIFTY,2026-10-06,23500.0,CE,175.0,178.95,99.7,134.3,134.3,31846,48933062691.5,896025,272805,2026-09-22
NIFTY,2026-09-29,26400.0,CE,0.65,0.75,0.5,0.65,0.65,67,114974723.5,19890,325,2026-09-22
NIFTY,2026-09-29,24900.0,CE,1.65,1.9,1.05,1.3,1.3,92453,149644028101.75,2887820,721760,2026-09-22
NIFTY,2026-09-29,24800.0,CE,1.85,2.15,1.2,1.45,1.45,136907,220708788716.0,4379765,1650350,2026-09-22
NIFTY,2026-09-29,24700.0,CE,1.9,2.25,1.3,1.5,1.5,133672,214625496283.25,3333915,560105,2026-09-22
NIFTY,2026-09-29,24400.0,CE,3.65,3.7,2.25,2.45,2.45,142723,226384545107.5,3777020,547040,2026-09-22
NIFTY,2026-09-29,22100.0,CE,1270.0,1298.45,1242.45,1270.0,1270.0,5,7596312.75,1170,130,2026-09-22
NIFTY,2026-09-29,21800.0,CE,0.0,0.0,0.0,1700.0,1553.93,0,0.0,65,0,2026-09-22
NIFTY,2026-10-19,21500.0,PE,0.0,0.0,0.0,24.7,8.02,0,0.0,0,0,2026-09-22
NIFTY,2026-10-19,21600.0,PE,0.0,0.0,0.0,30.9,10.7,0,0.0,0,0,2026-09-22
NIFTY,2026-10-19,22150.0,PE,0.0,0.0,0.0,92.4,43.29,0,0.0,0,0,2026-09-22
NIFTY,2026-10-19,23150.0,PE,165.4,175.15,136.4,146.5,271.99,32,48501690.25,1755,1430,2026-09-22
NIFTY,2026-10-19,23350.0,PE,182.95,250.45,178.4,204.25,204.25,135,206739611.0,3835,2665,2026-09-22
NIFTY,2026-10-19,23950.0,PE,0.0,0.0,0.0,887.9,712.69,0,0.0,0,0,2026-09-22
NIFTY,2026-10-27,22250.0,PE,39.95,50.8,35.4,40.85,40.85,1255,1818444452.5,495690,-10530,2026-09-22
NIFTY,2026-10-27,22650.0,PE,71.35,94.5,64.3,73.3,73.3,689,1017631241.25,39130,13065,2026-09-22
NIFTY,2026-10-27,22800.0,PE,89.3,120.45,82.35,94.95,94.95,8231,12250409343.25,437905,40495,2026-09-22
NIFTY,2026-09-29,21750.0,CE,0.0,0.0,0.0,1980.0,1603.84,0,0.0,65,0,2026-09-22
NIFTY,2026-09-29,19500.0,CE,3951.2,3968.35,3783.9,3881.5,3881.5,148,224820225.5,129870,-9360,2026-09-22
NIFTY,2026-09-22,25300.0,CE,0.4,0.4,0.05,0.1,23329.0,9745,16025770039.5,133575,-32370,2026-09-22
NIFTY,2026-09-22,21650.0,CE,0.0,0.0,0.0,2634.85,23329.0,0,0.0,0,0,2026-09-22
NIFTY,2026-09-22,21450.0,CE,0.0,0.0,0.0,2831.7,23329.0,0,0.0,0,0,2026-09-22
NIFTY,2026-10-27,22850.0,PE,98.5,127.45,90.2,102.9,102.9,449,669867168.75,36205,5590,2026-09-22
NIFTY,2026-10-27,25750.0,PE,0.0,0.0,0.0,1659.3,2278.22,0,0.0,325,0,2026-09-22
NIFTY,2026-10-27,25900.0,PE,0.0,0.0,0.0,2143.85,2423.75,0,0.0,130,0,2026-09-22
NIFTY,2026-10-27,26150.0,PE,0.0,0.0,0.0,2585.0,2668.16,0,0.0,130,0,2026-09-22
NIFTY,2026-11-23,21650.0,PE,0.0,0.0,0.0,65.0,64.16,0,0.0,390,0,2026-09-22
NIFTY,2026-11-23,22300.0,PE,82.35,101.15,77.65,87.7,87.7,301,438019998.0,23595,5395,2026-09-22
NIFTY,2026-11-23,22750.0,PE,140.0,149.45,131.3,147.65,147.65,35,52080713.75,11895,1950,2026-09-22
NIFTY,2026-11-23,23850.0,PE,529.6,529.6,529.05,529.05,749.78,3,4753950.5,2665,-65,2026-09-22
NIFTY,2026-11-23,24200.0,PE,695.0,815.0,695.0,747.75,747.75,15,24324878.5,14755,0,2026-09-22
NIFTY,2026-11-23,24250.0,PE,789.2,789.2,789.2,789.2,999.44,1,1627548.0,975,0,2026-09-22
NIFTY,2026-11-23,25150.0,PE,0.0,0.0,0.0,1030.25,1684.41,0,0.0,0,0,2026-09-22
NIFTY,2026-11-23,25500.0,PE,1814.05,1977.75,1802.55,1873.6,1873.6,426,758375852.0,156715,16445,2026-09-22
NIFTY,2026-12-29,13000.0,PE,0.0,0.0,0.0,5.2,0.0,0,0.0,7615,0,2026-09-22
NIFTY,2026-12-29,26000.0,PE,2103.75,2289.95,2103.75,2196.6,2196.6,393,720282104.75,1469270,2865,2026-09-22
NIFTY,2028-12-26,27000.0,PE,1848.0,1848.0,1848.0,1848.0,2235.53,1,1875120.0,17325,-65,2026-09-22
NIFTY,2028-12-26,28500.0,PE,0.0,0.0,0.0,1451.15,3010.69,0,0.0,0,0,2026-09-22
NIFTY,2029-06-26,24000.0,PE,0.0,0.0,0.0,850.0,1017.58,0,0.0,155,0,2026-09-22
NIFTY,2029-12-24,25500.0,PE,0.0,0.0,0.0,597.3,1406.66,0,0.0,0,0,2026-09-22
NIFTY,2029-12-24,31500.0,PE,0.0,0.0,0.0,2240.25,4062.55,0,0.0,0,0,2026-09-22
NIFTY,2027-03-30,19500.0,PE,58.15,62.0,56.4,58.9,58.9,281,357259441.5,200850,-390,2026-09-22
NIFTY,2031-06-24,15000.0,PE,0.0,0.0,0.0,47.5,29.85,0,0.0,0,0,2026-09-22
NIFTY,2030-12-31,21000.0,PE,0.0,0.0,0.0,450.0,385.41,0,0.0,845,0,2026-09-22
NIFTY,2030-06-25,25500.0,PE,0.0,0.0,0.0,568.55,1323.86,0,0.0,0,0,2026-09-22
NIFTY,2030-06-25,21000.0,PE,0.0,0.0,0.0,220.0,390.85,0,0.0,65,0,2026-09-22
NIFTY,2029-06-26,15000.0,CE,0.0,0.0,0.0,13671.85,10752.2,0,0.0,0,0,2026-09-22
NIFTY,2031-06-24,21000.0,PE,0.0,0.0,0.0,450.5,377.3,0,0.0,0,0,2026-09-22
NIFTY,2030-06-25,31500.0,PE,0.0,0.0,0.0,2056.3,3728.49,0,0.0,0,0,2026-09-22
NIFTY,2028-12-26,20000.0,PE,0.0,0.0,0.0,269.0,238.55,0,0.0,5330,0,2026-09-22
NIFTY,2028-06-27,16500.0,PE,0.0,0.0,0.0,3.8,19.61,0,0.0,0,0,2026-09-22
NIFTY,2027-06-29,30000.0,PE,0.0,0.0,0.0,4000.0,5359.0,0,0.0,455,0,2026-09-22
NIFTY,2027-06-29,28500.0,PE,0.0,0.0,0.0,1807.05,4057.64,0,0.0,0,0,2026-09-22
NIFTY,2027-03-30,15000.0,PE,22.45,24.7,13.15,16.35,16.35,55,53690919.75,3835,0,2026-09-22
NIFTY,2026-12-29,29000.0,PE,5000.0,5182.45,5000.0,5100.7,5100.7,118,261257824.75,225240,4810,2026-09-22
NIFTY,2026-12-29,27000.0,PE,3100.0,3246.65,3076.1,3151.95,3151.95,564,1105555945.0,1171205,18710,2026-09-22
NIFTY,2026-12-29,22500.0,PE,159.0,203.9,153.45,167.75,167.75,4586,6757280439.0,1716455,27105,2026-09-22
NIFTY,2026-12-29,17000.0,PE,12.15,12.95,12.15,12.45,12.45,94,103946326.25,200340,-910,2026-09-22
NIFTY,2026-11-23,25750.0,PE,0.0,0.0,0.0,1419.55,2209.55,0,0.0,0,0,2026-09-22
NIFTY,2026-11-23,24950.0,PE,0.0,0.0,0.0,915.05,1519.8,0,0.0,0,0,2026-09-22
NIFTY,2026-11-23,24850.0,PE,0.0,0.0,0.0,860.35,1439.88,0,0.0,0,0,2026-09-22
NIFTY,2026-11-23,24350.0,PE,853.4,853.4,853.4,853.4,1067.65,1,1638221.0,4095,-65,2026-09-22
NIFTY,2026-11-23,22100.0,PE,60.1,80.8,60.1,68.0,68.0,139,200313467.25,18005,-260,2026-09-22
NIFTY,2026-11-23,21500.0,PE,36.15,42.15,33.0,35.9,35.9,1545,2162815752.5,284180,30810,2026-09-22
NIFTY,2026-10-27,27100.0,PE,3650.0,3650.0,3650.0,3650.0,3607.31,1,1998750.0,65,65,2026-09-22
NIFTY,2026-10-27,27050.0,PE,0.0,0.0,0.0,2764.35,3557.7,0,0.0,0,0,2026-09-22
NIFTY,2026-10-27,26800.0,PE,0.0,0.0,0.0,3266.0,3309.79,0,0.0,65,0,2026-09-22
NIFTY,2026-10-27,26650.0,PE,0.0,0.0,0.0,2415.2,3161.24,0,0.0,0,0,2026-09-22
NIFTY,2026-10-27,26450.0,PE,0.0,0.0,0.0,2246.05,2963.54,0,0.0,0,0,2026-09-22
NIFTY,2026-10-27,25850.0,PE,0.0,0.0,0.0,1093.8,2375.13,0,0.0,65,0,2026-09-22
NIFTY,2026-10-27,25550.0,PE,0.0,0.0,0.0,2039.45,2085.97,0,0.0,195,0,2026-09-22
NIFTY,2026-10-27,24500.0,PE,953.6,1119.9,944.0,1016.4,1016.4,1284,2127561579.0,844675,2925,2026-09-22
NIFTY,2026-10-27,24400.0,PE,880.0,1015.0,858.0,927.75,927.75,129,212409167.75,122720,-2535,2026-09-22
NIFTY,2026-10-27,24350.0,PE,885.05,885.05,878.05,878.1,878.1,5,8199581.0,12090,130,2026-09-22
NIFTY,2026-10-27,23850.0,PE,456.0,528.75,433.65,496.5,496.5,70,110760867.75,10660,715,2026-09-22
NIFTY,2026-10-27,23550.0,PE,289.3,385.0,279.05,317.5,317.5,856,1327896098.75,29055,3380,2026-09-22
NIFTY,2026-10-27,22700.0,PE,75.85,102.15,69.8,80.65,80.65,6323,9363040570.0,435435,18005,2026-09-22
NIFTY,2026-10-27,22550.0,PE,63.65,80.5,55.1,63.85,63.85,437,642343783.25,31460,910,2026-09-22
NIFTY,2026-10-27,21850.0,PE,23.0,27.85,20.65,24.1,24.1,87,123702588.75,5460,325,2026-09-22
NIFTY,2026-10-19,25100.0,PE,0.0,0.0,0.0,1872.7,1684.85,0,0.0,0,0,2026-09-22
NIFTY,2026-10-19,25000.0,PE,0.0,0.0,0.0,1779.1,1591.0,0,0.0,0,0,2026-09-22
NIFTY,2026-10-19,24350.0,PE,0.0,0.0,0.0,1202.45,1017.4,0,0.0,0,0,2026-09-22
NIFTY,2026-10-19,24150.0,PE,0.0,0.0,0.0,1040.4,859.23,0,0.0,0,0,2026-09-22
NIFTY,2026-10-19,23700.0,PE,383.2,408.5,366.9,382.9,548.76,40,62624178.5,2080,2080,2026-09-22
NIFTY,2026-10-19,22450.0,PE,0.0,0.0,0.0,153.1,82.01,0,0.0,0,0,2026-09-22
NIFTY,2026-10-19,22200.0,PE,0.0,0.0,0.0,100.95,48.43,0,0.0,0,0,2026-09-22
NIFTY,2026-10-13,25200.0,PE,0.0,0.0,0.0,1494.1,1793.93,0,0.0,0,0,2026-09-22
NIFTY,2026-10-13,24600.0,PE,0.0,0.0,0.0,1215.75,1227.25,0,0.0,65,0,2026-09-22
NIFTY,2026-10-13,24400.0,PE,0.0,0.0,0.0,851.05,1050.07,0,0.0,0,0,2026-09-22
NIFTY,2026-10-13,24300.0,PE,835.9,850.0,835.9,850.0,964.8,3,4902420.25,195,-65,2026-09-22
NIFTY,2026-10-13,24050.0,PE,0.0,0.0,0.0,621.65,763.64,0,0.0,0,0,2026-09-22
NIFTY,2026-10-13,23550.0,PE,243.75,342.9,230.55,270.75,270.75,192,297327764.5,6630,715,2026-09-22
NIFTY,2026-10-13,23400.0,PE,177.4,256.75,166.7,198.75,198.75,4142,6354444898.75,79820,31590,2026-09-22
NIFTY,2026-10-13,22750.0,PE,43.2,57.7,39.7,46.1,46.1,194,287475314.75,5785,3055,2026-09-22
NIFTY,2026-10-13,22450.0,PE,17.15,32.55,17.15,22.95,22.95,44,64282234.25,7215,1365,2026-09-22
NIFTY,2026-10-13,22350.0,PE,20.1,24.7,17.9,21.65,21.65,90,130867337.25,10010,1105,2026-09-22
NIFTY,2026-10-06,24900.0,PE,0.0,0.0,0.0,913.3,1520.05,0,0.0,0,0,2026-09-22
NIFTY,2026-10-06,23500.0,PE,177.05,284.7,172.0,212.45,212.45,21817,33625603573.25,579800,81640,2026-09-22
NIFTY,2026-10-06,23150.0,PE,75.25,116.1,63.45,83.9,83.9,3821,5770534415.75,56810,-3315,2026-09-22
NIFTY,2026-10-06,21800.0,PE,5.7,6.65,4.3,4.95,4.95,1770,2508680687.5,62335,35945,2026-09-22
NIFTY,2026-10-06,21700.0,PE,5.0,6.0,4.15,4.55,4.55,88,124151235.0,7020,2925,2026-09-22
NIFTY,2026-10-06,21600.0,PE,5.55,6.4,3.75,5.3,5.3,201,282267202.75,16055,1820,2026-09-22
NIFTY,2026-09-29,27050.0,PE,0.0,0.0,0.0,2869.35,3690.2,0,0.0,0,0,2026-09-22
NIFTY,2026-09-29,26500.0,PE,3050.0,3142.0,3030.0,3098.35,3098.35,46,88449767.25,824980,-2535,2026-09-22
NIFTY,2026-09-29,26200.0,PE,2776.2,2776.2,2776.2,2776.2,2841.17,1,1883453.0,36920,-65,2026-09-22
NIFTY,2026-09-29,25850.0,PE,0.0,0.0,0.0,1859.75,2491.57,0,0.0,0,0,2026-09-22
NIFTY,2026-09-29,24800.0,PE,1361.7,1460.7,1329.0,1412.2,1412.2,251,427002202.25,324025,-10270,2026-09-22
NIFTY,2026-09-29,24450.0,PE,982.9,1159.1,982.05,1050.0,1050.0,79,131034952.75,77155,-2080,2026-09-22
NIFTY,2026-09-29,23650.0,PE,241.75,381.0,226.3,293.9,293.9,10320,16053672505.0,265915,16185,2026-09-22
NIFTY,2026-09-29,23600.0,PE,209.0,340.6,192.0,254.0,254.0,67442,104532262477.5,1352390,-92300,2026-09-22
NIFTY,2026-09-29,23000.0,PE,30.0,44.65,17.6,26.05,26.05,462318,692018621599.5,9516195,1060215,2026-09-22
NIFTY,2026-09-29,22900.0,PE,22.15,30.05,11.9,17.3,17.3,187758,279701151804.75,2806505,703300,2026-09-22
NIFTY,2026-09-22,26050.0,PE,0.0,0.0,0.0,1794.15,23329.0,0,0.0,0,0,2026-09-22
NIFTY,2026-09-22,23650.0,PE,199.4,373.3,170.0,309.95,23329.0,168476,261640002653.25,170755,-68575,2026-09-22
NIFTY,2026-09-22,23550.0,PE,112.2,274.45,86.65,205.85,23329.0,1167227,1797956159525.5,401440,-455455,2026-09-22
NIFTY,2026-09-22,23500.0,PE,75.0,225.95,54.4,155.8,23329.0,5145740,7897398593610.5,1413295,-3639285,2026-09-22
NIFTY,2026-09-22,23400.0,PE,27.0,132.0,20.0,62.7,23329.0,19335070,29477840994020.25,6969560,-9110270,2026-09-22
NIFTY,2026-09-22,22650.0,PE,1.0,1.25,0.05,0.1,23329.0,419663,617860247709.25,1735370,-522925,2026-09-22
NIFTY,2026-09-22,22400.0,PE,0.9,0.9,0.05,0.1,23329.0,312529,455050475961.25,2056860,-2887950,2026-09-22
NIFTY,2026-09-22,21650.0,PE,0.65,0.7,0.05,0.05,23329.0,39941,56207571273.75,465140,-166530,2026-09-22
NIFTY,2026-09-22,21600.0,PE,0.55,0.55,0.05,0.1,23329.0,43440,60990284520.75,240370,-202930,2026-09-22
NIFTY,2026-09-22,21500.0,PE,0.5,0.5,0.05,0.05,23329.0,148871,208049290917.0,1585415,-1626300,2026-09-22
NIFTY,2031-06-24,30000.0,CE,0.0,0.0,0.0,4459.9,3707.29,0,0.0,0,0,2026-09-22
NIFTY,2031-06-24,18000.0,CE,0.0,0.0,0.0,10825.95,10144.53,0,0.0,0,0,2026-09-22
NIFTY,2030-12-31,25500.0,CE,0.0,0.0,0.0,7639.65,5128.61,0,0.0,0,0,2026-09-22
NIFTY,2030-12-31,19500.0,CE,0.0,0.0,0.0,11601.15,8690.43,0,0.0,0,0,2026-09-22
NIFTY,2029-12-24,21000.0,CE,0.0,0.0,0.0,9463.95,6638.95,0,0.0,0,0,2026-09-22
NIFTY,2029-06-26,25500.0,CE,0.0,0.0,0.0,5917.35,3416.74,0,0.0,0,0,2026-09-22
NIFTY,2028-06-27,27000.0,CE,0.0,0.0,0.0,1935.0,1598.27,0,0.0,65,0,2026-09-22
NIFTY,2027-12-28,21000.0,CE,0.0,0.0,0.0,4902.4,4236.12,0,0.0,0,0,2026-09-22
NIFTY,2027-06-29,19500.0,CE,0.0,0.0,0.0,8143.4,4814.01,0,0.0,0,0,2026-09-22
NIFTY,2027-06-29,16500.0,CE,0.0,0.0,0.0,10867.2,7613.92,0,0.0,0,0,2026-09-22
NIFTY,2027-06-29,15000.0,CE,0.0,0.0,0.0,5367.85,9041.2,0,0.0,0,0,2026-09-22
NIFTY,2027-03-30,30000.0,CE,17.75,20.25,17.75,19.65,19.65,138,269276608.25,159770,325,2026-09-22
NIFTY,2027-03-30,21000.0,CE,3143.35,3179.45,3070.2,3110.0,3110.0,73,114509963.75,15340,390,2026-09-22
NIFTY,2027-03-30,15000.0,CE,0.0,0.0,0.0,8379.85,8813.45,0,0.0,0,0,2026-09-22
NIFTY,2026-12-29,25500.0,CE,68.95,68.95,61.35,63.35,63.35,5192,8627376855.5,993720,-10465,2026-09-22
NIFTY,2026-12-29,19500.0,CE,0.0,0.0,0.0,7586.85,4162.79,0,0.0,0,0,2026-09-22
NIFTY,2026-11-23,25900.0,CE,0.0,0.0,0.0,345.7,53.03,0,0.0,0,0,2026-09-22
NIFTY,2026-11-23,25300.0,CE,0.0,0.0,0.0,532.0,111.66,0,0.0,0,0,2026-09-22
NIFTY,2026-11-23,24800.0,CE,61.85,63.6,52.55,54.4,54.4,1622,2620629391.25,180700,1365,2026-09-22
NIFTY,2026-11-23,24300.0,CE,150.7,153.25,122.5,133.3,133.3,928,1474042683.75,76700,8840,2026-09-22
NIFTY,2026-11-23,22300.0,CE,0.0,0.0,0.0,1286.5,1427.24,0,0.0,195,0,2026-09-22
NIFTY,2026-11-23,21950.0,CE,0.0,0.0,0.0,2769.65,1713.97,0,0.0,0,0,2026-09-22
NIFTY,2026-10-27,26450.0,CE,0.0,0.0,0.0,8.15,2.85,0,0.0,520,0,2026-09-22
NIFTY,2026-10-27,24600.0,CE,27.0,27.0,20.15,21.3,21.3,7768,12432641471.25,365040,23075,2026-09-22
NIFTY,2026-10-27,24100.0,CE,92.05,92.05,64.35,74.45,74.45,10401,16346012556.25,634660,53040,2026-09-22
NIFTY,2026-10-27,23650.0,CE,255.05,255.5,186.55,214.5,214.5,1174,1821564966.0,27495,-2340,2026-09-22
NIFTY,2026-10-27,23250.0,CE,485.0,497.0,392.0,445.6,445.6,418,643500968.5,25545,5850,2026-09-22
NIFTY,2026-10-27,22650.0,CE,968.0,968.0,909.7,915.0,968.41,11,16853505.5,1690,585,2026-09-22
NIFTY,2026-10-27,21950.0,CE,0.0,0.0,0.0,2463.7,1555.05,0,0.0,0,0,2026-09-22
NIFTY,2026-10-27,21800.0,CE,1600.0,1600.0,1600.0,1600.0,1692.45,10,15210000.0,2795,650,2026-09-22
NIFTY,2026-10-19,23950.0,CE,0.0,0.0,0.0,186.0,196.69,0,0.0,65,0,2026-09-22
NIFTY,2026-10-19,22900.0,CE,0.0,0.0,0.0,675.65,714.35,0,0.0,0,0,2026-09-22
NIFTY,2026-10-19,22250.0,CE,0.0,0.0,0.0,1100.2,1230.61,0,0.0,0,0,2026-09-22
NIFTY,2026-10-19,22000.0,CE,0.0,0.0,0.0,1308.9,1455.93,0,0.0,0,0,2026-09-22
NIFTY,2026-10-19,21750.0,CE,0.0,0.0,0.0,1530.05,1690.51,0,0.0,0,0,2026-09-22
NIFTY,2026-10-13,24350.0,CE,0.0,0.0,0.0,236.65,69.21,0,0.0,0,0,2026-09-22
NIFTY,2026-10-13,23450.0,CE,258.9,262.55,178.2,217.2,217.2,507,780422912.75,13390,4875,2026-09-22
NIFTY,2026-10-13,22050.0,CE,0.0,0.0,0.0,1739.4,1375.09,0,0.0,0,0,2026-09-22
NIFTY,2026-10-13,21950.0,CE,0.0,0.0,0.0,1832.65,1469.51,0,0.0,0,0,2026-09-22
NIFTY,2026-10-13,21750.0,CE,0.0,0.0,0.0,2022.25,1661.62,0,0.0,0,0,2026-09-22
NIFTY,2026-10-13,21450.0,CE,0.0,0.0,0.0,2312.1,1955.18,0,0.0,0,0,2026-09-22
NIFTY,2026-10-06,25250.0,CE,2.0,2.45,1.25,1.75,1.75,103,169060918.0,2730,390,2026-09-22
NIFTY,2026-10-06,25050.0,CE,2.2,2.9,2.2,2.5,3.33,6,9770488.0,1625,130,2026-09-22
NIFTY,2026-10-06,24900.0,CE,3.65,3.65,2.1,3.05,3.05,191,309169350.75,14495,-520,2026-09-22
NIFTY,2026-10-06,23750.0,CE,72.65,76.55,38.85,51.65,51.65,4453,6889749519.25,95290,38545,2026-09-22
NIFTY,2026-10-06,23600.0,CE,130.3,130.9,69.1,91.95,91.95,17746,27331675735.0,453505,245635,2026-09-22
NIFTY,2026-10-06,22900.0,CE,617.0,618.0,480.0,564.65,564.65,81,123400537.0,9230,-260,2026-09-22
NIFTY,2026-10-06,22500.0,CE,997.85,997.85,835.0,926.25,926.25,49,74630211.5,11765,715,2026-09-22
NIFTY,2026-10-06,22400.0,CE,0.0,0.0,0.0,1815.55,1006.49,0,0.0,0,0,2026-09-22
NIFTY,2026-10-06,22350.0,CE,0.0,0.0,0.0,1862.2,1052.42,0,0.0,0,0,2026-09-22
NIFTY,2026-10-06,22300.0,CE,0.0,0.0,0.0,1909.15,1098.85,0,0.0,0,0,2026-09-22
NIFTY,2026-10-06,22100.0,CE,0.0,0.0,0.0,2099.1,1288.68,0,0.0,0,0,2026-09-22
NIFTY,2026-09-29,25950.0,CE,0.9,1.45,0.55,0.8,0.8,89,150125807.0,8385,-650,2026-09-22
NIFTY,2026-09-29,24300.0,CE,4.35,4.35,2.65,3.0,3.0,178508,281991807799.0,5580445,862810,2026-09-22
NIFTY,2026-09-29,23100.0,CE,406.15,409.5,252.9,331.0,331.0,20834,31725509055.5,438230,125320,2026-09-22
NIFTY,2026-09-29,22850.0,CE,620.8,624.5,461.7,554.7,554.7,158,240325832.5,7865,650,2026-09-22
NIFTY,2026-09-29,21950.0,CE,0.0,0.0,0.0,1800.0,1404.32,0,0.0,130,0,2026-09-22
NIFTY,2026-09-29,21600.0,CE,1845.0,1850.0,1752.0,1779.5,1779.5,34,51739470.25,42445,-1885,2026-09-22
NIFTY,2026-09-29,21550.0,CE,0.0,0.0,0.0,2719.75,1803.55,0,0.0,0,0,2026-09-22
NIFTY,2026-09-29,21450.0,CE,0.0,0.0,0.0,2809.7,1903.43,0,0.0,0,0,2026-09-22
NIFTY,2026-09-29,21000.0,CE,2451.0,2475.35,2288.0,2391.9,2391.9,886,1347420727.25,475670,-27365,2026-09-22
NIFTY,2026-09-22,25750.0,CE,0.4,0.45,0.05,0.1,23329.0,1649,2760028794.25,52845,12610,2026-09-22
NIFTY,2026-09-22,25000.0,CE,0.45,0.55,0.05,0.05,23329.0,170235,276634861516.0,2113930,-249275,2026-09-22
NIFTY,2026-09-22,24800.0,CE,0.35,0.6,0.05,0.1,23329.0,216705,349331989311.5,2071355,-98930,2026-09-22
NIFTY,2026-09-22,24100.0,CE,0.5,0.7,0.05,0.15,23329.0,804733,1260636235976.0,4750915,405860,2026-09-22
NIFTY,2026-09-22,23800.0,CE,1.0,1.35,0.05,0.2,23329.0,2523644,3904196711255.75,8377785,151710,2026-09-22
NIFTY,2026-09-22,23650.0,CE,2.4,4.55,0.05,0.35,23329.0,5140192,7902291230700.75,6288165,-1477320,2026-09-22
NIFTY,2026-09-22,23250.0,CE,219.25,236.85,58.85,89.9,23329.0,2419456,3673362413672.25,1452100,200005,2026-09-22
NIFTY,2026-09-22,22950.0,CE,520.05,520.05,330.0,390.15,23329.0,5610,8515968012.5,67340,-18070,2026-09-22
NIFTY,2026-09-22,22200.0,CE,1271.65,1271.65,1123.75,1157.85,23329.0,26,39452822.5,3640,1040,2026-09-22
NIFTY,2026-09-22,21350.0,CE,0.0,0.0,0.0,2930.45,23329.0,0,0.0,0,0,2026-09-22
NIFTY,2027-12-28,23000.0,PE,575.0,609.5,564.25,582.45,582.45,178,272895580.75,110010,5200,2026-09-22
NIFTY,2026-10-13,24200.0,PE,733.0,848.95,733.0,775.0,882.13,39,63378071.25,585,585,2026-09-22
NIFTY,2026-10-13,24350.0,PE,1000.0,1000.0,1000.0,1000.0,1007.13,6,9886500.0,390,390,2026-09-22
NIFTY,2026-10-13,23150.0,PE,108.0,149.9,93.4,114.5,114.5,206,311503786.75,6825,1040,2026-09-22
NIFTY,2026-10-13,22150.0,PE,18.75,18.75,15.05,15.05,15.05,23,33140844.75,4290,-715,2026-09-22
NIFTY,2026-10-13,22000.0,PE,13.0,15.0,9.95,11.8,11.8,753,1077392043.0,76375,1495,2026-09-22
NIFTY,2026-10-13,21900.0,PE,0.0,0.0,0.0,25.0,13.45,0,0.0,195,0,2026-09-22
NIFTY,2026-10-06,25700.0,PE,0.0,0.0,0.0,1563.65,2312.74,0,0.0,0,0,2026-09-22
NIFTY,2026-10-06,24950.0,PE,0.0,0.0,0.0,1580.7,1569.01,0,0.0,65,0,2026-09-22
NIFTY,2026-10-06,24500.0,PE,1026.0,1123.55,1010.5,1083.45,1083.45,126,209521289.25,13780,7475,2026-09-22
NIFTY,2026-10-06,24150.0,PE,0.0,0.0,0.0,455.15,821.89,0,0.0,0,0,2026-09-22
NIFTY,2026-10-06,23750.0,PE,343.0,465.0,320.0,375.4,375.4,93,145827282.25,13260,585,2026-09-22
NIFTY,2026-10-06,23250.0,PE,109.55,153.0,84.4,109.4,109.4,5117,7771598594.5,83330,29055,2026-09-22
NIFTY,2026-10-06,23100.0,PE,62.55,103.8,54.6,69.5,69.5,14420,21719727536.0,401895,276055,2026-09-22
NIFTY,2026-10-06,22750.0,PE,29.9,38.05,19.85,25.85,25.85,2119,3137208096.75,40170,13325,2026-09-22
NIFTY,2026-10-13,24500.0,PE,0.0,0.0,0.0,1111.0,1137.65,0,0.0,65,0,2026-09-22
NIFTY,2026-10-13,25150.0,PE,0.0,0.0,0.0,1450.15,1745.4,0,0.0,0,0,2026-09-22
NIFTY,2026-10-19,22100.0,PE,0.0,0.0,0.0,84.4,38.6,0,0.0,0,0,2026-09-22
NIFTY,2026-10-19,22300.0,PE,40.7,40.7,40.7,40.7,60.2,1,1452145.5,390,65,2026-09-22
NIFTY,2026-10-19,22350.0,PE,0.0,0.0,0.0,130.25,66.88,0,0.0,0,0,2026-09-22
NIFTY,2026-10-19,23050.0,PE,0.0,0.0,0.0,355.15,234.37,0,0.0,0,0,2026-09-22
NIFTY,2026-10-19,24950.0,PE,0.0,0.0,0.0,1732.7,1544.49,0,0.0,0,0,2026-09-22
NIFTY,2026-10-06,22100.0,PE,9.6,9.6,6.2,6.85,6.85,2527,3631207388.25,79755,37115,2026-09-22
NIFTY,2026-10-06,21450.0,PE,3.1,4.2,3.1,4.2,4.2,40,55779756.5,2015,2015,2026-09-22
NIFTY,2026-09-29,26700.0,PE,0.0,0.0,0.0,2560.85,3340.6,0,0.0,0,0,2026-09-22
NIFTY,2026-09-29,25350.0,PE,0.0,0.0,0.0,850.0,1992.15,0,0.0,1040,0,2026-09-22
NIFTY,2026-09-29,25150.0,PE,0.0,0.0,0.0,1724.95,1792.41,0,0.0,1365,0,2026-09-22
NIFTY,2026-09-29,24350.0,PE,890.8,1042.15,876.5,969.85,969.85,146,240152679.0,306345,-3575,2026-09-22
NIFTY,2026-09-29,23850.0,PE,420.05,570.0,390.2,472.8,472.8,1045,1651882280.75,122590,23530,2026-09-22
NIFTY,2026-09-29,23300.0,PE,82.4,140.0,60.45,89.45,89.45,506408,770113470090.25,6923345,1351025,2026-09-22
NIFTY,2026-09-29,18000.0,PE,0.45,0.5,0.4,0.45,0.45,1079,1262460423.25,808665,-1755,2026-09-22
NIFTY,2026-09-22,25150.0,PE,0.0,0.0,0.0,1900.0,23329.0,0,0.0,325,0,2026-09-22
NIFTY,2026-09-22,24550.0,PE,1102.0,1229.15,1102.0,1225.15,23329.0,129,215870616.0,8645,-1820,2026-09-22
NIFTY,2026-09-22,24200.0,PE,794.65,920.6,734.65,850.15,23329.0,1310,2130433805.5,57395,-34385,2026-09-22
NIFTY,2026-09-22,24100.0,PE,645.85,815.75,628.5,766.25,23329.0,2168,3497051870.0,87230,-13195,2026-09-22
NIFTY,2031-06-24,31500.0,CE,0.0,0.0,0.0,3928.35,3195.72,0,0.0,0,0,2026-09-22
NIFTY,2030-12-31,28500.0,CE,0.0,0.0,0.0,5968.3,3783.57,0,0.0,0,0,2026-09-22
NIFTY,2030-12-31,16500.0,CE,0.0,0.0,0.0,13763.55,10809.9,0,0.0,0,0,2026-09-22
NIFTY,2030-12-31,15000.0,CE,0.0,0.0,0.0,14862.95,11918.23,0,0.0,0,0,2026-09-22
NIFTY,2030-06-25,31500.0,CE,0.0,0.0,0.0,3984.8,2236.92,0,0.0,0,0,2026-09-22
NIFTY,2030-06-25,18000.0,CE,0.0,0.0,0.0,12423.9,9266.03,0,0.0,0,0,2026-09-22
NIFTY,2030-06-25,15000.0,CE,0.0,0.0,0.0,14543.9,11532.63,0,0.0,0,0,2026-09-22
NIFTY,2029-12-24,28500.0,CE,0.0,0.0,0.0,4802.1,2704.19,0,0.0,0,0,2026-09-22
NIFTY,2029-12-24,16500.0,CE,0.0,0.0,0.0,12984.85,9957.33,0,0.0,0,0,2026-09-22
NIFTY,2029-06-26,33000.0,CE,0.0,0.0,0.0,4179.45,1021.52,0,0.0,0,0,2026-09-22
NIFTY,2029-06-26,21000.0,CE,0.0,0.0,0.0,9799.75,6087.43,0,0.0,0,0,2026-09-22
NIFTY,2029-06-26,18000.0,CE,0.0,0.0,0.0,11678.65,8319.32,0,0.0,0,0,2026-09-22
NIFTY,2028-06-27,19500.0,CE,0.0,0.0,0.0,9209.1,6050.77,0,0.0,0,0,2026-09-22
NIFTY,2027-12-28,33000.0,CE,65.1,70.0,65.05,67.05,67.05,5,10746719.75,8450,65,2026-09-22
NIFTY,2027-06-29,33000.0,CE,0.0,0.0,0.0,1122.75,20.5,0,0.0,0,0,2026-09-22
NIFTY,2027-06-29,25500.0,CE,0.0,0.0,0.0,590.0,885.28,0,0.0,975,0,2026-09-22
NIFTY,2026-12-29,22500.0,CE,1427.25,1445.45,1320.0,1379.6,1379.6,537,835130881.0,388635,29315,2026-09-22
NIFTY,2026-12-29,16000.0,CE,0.0,0.0,0.0,8500.0,7599.05,0,0.0,260,0,2026-09-22
NIFTY,2026-11-23,25550.0,CE,0.0,0.0,0.0,446.95,82.69,0,0.0,0,0,2026-09-22
NIFTY,2026-11-23,25450.0,CE,0.0,0.0,0.0,479.65,93.4,0,0.0,0,0,2026-09-22
NIFTY,2026-11-23,24600.0,CE,89.6,90.2,73.05,77.85,77.85,1252,2008472982.75,90285,4160,2026-09-22
NIFTY,2026-11-23,24250.0,CE,164.4,166.6,135.15,149.4,149.4,96,152264196.5,12350,2990,2026-09-22
NIFTY,2026-11-23,23600.0,CE,442.95,445.6,364.35,405.3,405.3,1200,1872581620.0,61880,26325,2026-09-22
NIFTY,2026-11-23,23450.0,CE,525.25,538.65,451.8,493.2,493.2,78,121419983.75,5525,-520,2026-09-22
NIFTY,2026-11-23,23400.0,CE,562.0,565.0,477.0,520.3,520.3,252,391642628.0,31135,4810,2026-09-22
NIFTY,2026-11-23,23100.0,CE,770.0,774.0,710.0,712.85,866.44,13,20155726.5,5460,130,2026-09-22
NIFTY,2026-11-23,22700.0,CE,0.0,0.0,0.0,1059.2,1128.41,0,0.0,195,0,2026-09-22
NIFTY,2026-11-23,21700.0,CE,0.0,0.0,0.0,2999.2,1930.7,0,0.0,0,0,2026-09-22
NIFTY,2026-10-27,27200.0,CE,1.4,2.15,1.15,1.8,1.8,436,770899957.75,31720,10335,2026-09-22
NIFTY,2026-10-27,25650.0,CE,5.75,6.5,5.4,5.4,16.27,41,68373087.25,3965,-1040,2026-09-22
NIFTY,2026-10-27,25150.0,CE,0.0,0.0,0.0,479.95,41.91,0,0.0,0,0,2026-09-22
NIFTY,2026-10-27,21400.0,PE,15.45,17.15,11.35,14.3,14.3,768,1069027521.25,101530,4875,2026-09-22
NIFTY,2026-10-27,22100.0,PE,31.55,40.7,28.8,32.85,32.85,2185,3143559968.25,106730,12285,2026-09-22
NIFTY,2026-10-27,22500.0,PE,56.0,74.75,51.2,59.0,59.0,21508,31540625086.75,1934465,29640,2026-09-22
NIFTY,2026-10-27,26200.0,PE,0.0,0.0,0.0,2040.5,2717.26,0,0.0,0,0,2026-09-22
NIFTY,2026-10-27,26350.0,PE,0.0,0.0,0.0,2163.0,2864.89,0,0.0,0,0,2026-09-22
NIFTY,2026-10-27,26700.0,PE,3195.0,3195.0,3190.0,3190.0,3210.73,2,3886025.0,130,130,2026-09-22
NIFTY,2026-11-23,21700.0,PE,45.0,52.55,39.85,46.05,46.05,141,199309279.0,39325,1430,2026-09-22
NIFTY,2026-11-23,23600.0,PE,376.95,460.0,361.25,406.65,406.65,285,444635165.0,38415,-2340,2026-09-22
NIFTY,2026-11-23,25000.0,PE,1351.0,1503.2,1330.9,1406.75,1406.75,377,646513055.5,179725,17940,2026-09-22
NIFTY,2026-11-23,25050.0,PE,0.0,0.0,0.0,1014.95,1601.35,0,0.0,0,0,2026-09-22
NIFTY,2026-11-23,25850.0,PE,0.0,0.0,0.0,1490.4,2300.71,0,0.0,0,0,2026-09-22
NIFTY,2026-11-23,25900.0,PE,0.0,0.0,0.0,1526.4,2346.6,0,0.0,0,0,2026-09-22
NIFTY,2026-12-29,19500.0,PE,28.0,28.25,25.0,26.5,26.5,154,195460170.75,174265,780,2026-09-22
NIFTY,2026-12-29,25000.0,PE,1240.0,1405.55,1240.0,1307.05,1307.05,1774,3031892223.75,2121435,24035,2026-09-22
NIFTY,2026-12-29,28500.0,PE,0.0,0.0,0.0,3320.25,4699.02,0,0.0,130,0,2026-09-22
NIFTY,2027-03-30,25500.0,PE,1473.0,1598.6,1459.65,1513.3,1513.3,141,247604734.0,238810,520,2026-09-22
NIFTY,2026-10-27,25050.0,CE,11.25,12.4,8.85,9.95,9.95,1100,1791882881.75,129480,52845,2026-09-22
NIFTY,2026-10-27,23050.0,CE,626.15,626.15,525.95,578.5,578.5,10,15348677.5,1820,65,2026-09-22
NIFTY,2028-12-26,33000.0,PE,0.0,0.0,0.0,3315.4,5922.86,0,0.0,0,0,2026-09-22
NIFTY,2029-06-26,21000.0,PE,0.0,0.0,0.0,320.25,385.47,0,0.0,0,0,2026-09-22
NIFTY,2029-06-26,31500.0,PE,0.0,0.0,0.0,2443.35,4437.02,0,0.0,0,0,2026-09-22
NIFTY,2030-06-25,16500.0,PE,0.0,0.0,0.0,12.0,56.57,0,0.0,0,0,2026-09-22
NIFTY,2030-06-25,19500.0,PE,0.0,0.0,0.0,64.95,227.21,0,0.0,0,0,2026-09-22
NIFTY,2030-06-25,33000.0,PE,0.0,0.0,0.0,3143.9,4516.95,0,0.0,0,0,2026-09-22
NIFTY,2028-12-26,25000.0,PE,1160.0,1160.0,1160.0,1160.0,1160.0,4,6801600.0,11845,65,2026-09-22
NIFTY,2028-12-26,18000.0,PE,0.0,0.0,0.0,250.0,82.86,0,0.0,75,0,2026-09-22
NIFTY,2028-06-27,21000.0,PE,290.0,290.0,290.0,290.0,290.0,3,4151550.0,390,195,2026-09-22
NIFTY,2027-12-28,22000.0,PE,398.0,429.65,391.0,404.5,404.5,91,132527980.0,77420,715,2026-09-22
NIFTY,2026-10-27,23000.0,CE,692.2,697.0,556.95,622.25,622.25,6413,9846140047.25,521040,74295,2026-09-22
NIFTY,2026-10-27,22050.0,CE,0.0,0.0,0.0,2377.1,1465.28,0,0.0,0,0,2026-09-22
NIFTY,2026-10-27,21600.0,CE,0.0,0.0,0.0,2774.55,1879.88,0,0.0,0,0,2026-09-22
NIFTY,2026-10-19,24850.0,CE,6.15,9.9,6.15,9.65,40.38,9,14542628.75,520,130,2026-09-22
NIFTY,2026-10-19,24150.0,CE,90.75,90.75,40.25,40.25,144.11,10,15728791.0,455,455,2026-09-22
NIFTY,2026-10-19,24100.0,CE,60.6,61.0,44.5,49.5,49.5,337,529004433.75,13585,12090,2026-09-22
NIFTY,2026-10-19,23750.0,CE,0.0,0.0,0.0,245.05,262.87,0,0.0,0,0,2026-09-22
NIFTY,2026-10-19,23300.0,CE,387.95,387.95,303.5,363.1,363.1,151,232123911.5,6695,4290,2026-09-22
NIFTY,2026-10-19,22350.0,CE,0.0,0.0,0.0,1020.95,1143.87,0,0.0,0,0,2026-09-22
NIFTY,2026-10-19,22300.0,CE,0.0,0.0,0.0,1060.25,1186.97,0,0.0,0,0,2026-09-22
NIFTY,2026-10-13,24950.0,CE,10.25,10.25,3.8,5.25,5.25,109,176811713.0,4680,2275,2026-09-22
NIFTY,2026-10-13,24700.0,CE,0.0,0.0,0.0,148.1,31.88,0,0.0,0,0,2026-09-22
NIFTY,2026-10-13,23950.0,CE,0.0,0.0,0.0,381.6,149.32,0,0.0,0,0,2026-09-22
NIFTY,2026-10-13,23900.0,CE,0.0,0.0,0.0,403.35,163.05,0,0.0,0,0,2026-09-22
NIFTY,2026-10-13,23700.0,CE,144.55,144.55,86.05,107.05,107.05,2106,3259406462.0,74620,27885,2026-09-22
NIFTY,2026-10-13,23400.0,CE,295.3,295.3,200.0,246.55,246.55,2061,3167435888.5,68900,38285,2026-09-22
NIFTY,2026-10-13,23000.0,CE,613.2,613.2,460.0,532.85,532.85,304,464872053.75,10400,1495,2026-09-22
NIFTY,2026-10-13,22950.0,CE,0.0,0.0,0.0,974.15,623.76,0,0.0,0,0,2026-09-22
NIFTY,2026-10-13,22700.0,CE,0.0,0.0,0.0,1169.65,808.61,0,0.0,0,0,2026-09-22
NIFTY,2026-10-13,22650.0,CE,0.0,0.0,0.0,1210.6,848.22,0,0.0,0,0,2026-09-22
NIFTY,2026-10-13,22250.0,CE,0.0,0.0,0.0,1556.55,1190.76,0,0.0,0,0,2026-09-22
NIFTY,2026-10-06,25400.0,CE,2.45,2.45,1.35,1.65,1.65,52,85857609.5,3640,1430,2026-09-22
NIFTY,2026-10-06,23900.0,CE,41.9,43.5,21.55,27.8,27.8,24337,37852872209.75,491855,215605,2026-09-22
NIFTY,2026-10-06,23300.0,CE,308.65,308.65,191.95,243.65,243.65,19095,29216280915.25,310895,118300,2026-09-22
NIFTY,2026-10-06,22650.0,CE,0.0,0.0,0.0,1586.8,786.38,0,0.0,0,0,2026-09-22
NIFTY,2026-10-06,22250.0,CE,0.0,0.0,0.0,1956.3,1145.74,0,0.0,0,0,2026-09-22
NIFTY,2026-09-29,27050.0,CE,0.45,0.55,0.45,0.45,0.0,3,5274844.25,10920,0,2026-09-22
NIFTY,2026-09-29,26150.0,CE,0.8,0.95,0.5,0.75,0.75,36,61192846.0,8515,-130,2026-09-22
NIFTY,2026-09-29,25100.0,CE,1.35,1.8,1.0,1.2,1.2,14662,23922354556.75,999830,70070,2026-09-22
NIFTY,2026-09-29,23800.0,CE,25.2,25.3,10.25,15.35,15.35,372974,577366907022.75,6363955,1192620,2026-09-22
NIFTY,2026-09-29,23550.0,CE,90.75,99.0,36.6,60.8,60.8,206761,317310700421.0,1543165,803075,2026-09-22
NIFTY,2026-09-29,23250.0,CE,264.75,285.25,152.65,211.3,211.3,52609,80207841574.25,980590,164255,2026-09-22
NIFTY,2026-09-29,22400.0,CE,1035.0,1049.9,883.9,981.75,959.85,13,19757140.0,715,260,2026-09-22
NIFTY,2026-09-29,22250.0,CE,0.0,0.0,0.0,1180.0,1106.63,0,0.0,325,0,2026-09-22
NIFTY,2026-09-29,22150.0,CE,1250.0,1250.0,1250.0,1250.0,1205.46,1,1521000.0,455,65,2026-09-22
NIFTY,2026-09-22,25950.0,CE,0.4,0.4,0.05,0.05,23329.0,3684,6214026188.5,100165,60190,2026-09-22
NIFTY,2026-09-22,25850.0,CE,0.4,0.45,0.05,0.1,23329.0,3014,5064299919.25,52910,13455,2026-09-22
NIFTY,2026-09-22,25450.0,CE,0.4,0.55,0.05,0.1,23329.0,15961,26403776802.0,94640,72995,2026-09-22
NIFTY,2026-09-22,24900.0,CE,0.5,0.8,0.05,0.1,23329.0,38802,62801787876.75,276250,-198250,2026-09-22
NIFTY,2026-09-22,23950.0,CE,0.8,1.1,0.05,0.15,23329.0,930574,1448699401607.25,2088515,654810,2026-09-22
NIFTY,2026-09-22,23750.0,CE,1.45,1.65,0.05,0.2,23329.0,1937728,2991476943403.0,4187235,-1015625,2026-09-22
NIFTY,2026-09-22,23150.0,CE,327.8,332.7,135.55,189.55,23329.0,258447,392281551047.75,278980,28210,2026-09-22
NIFTY,2026-09-22,23100.0,CE,356.45,383.9,181.25,240.6,23329.0,161133,244607840701.25,289965,-192855,2026-09-22
NIFTY,2026-09-22,23000.0,CE,479.95,483.3,278.9,340.3,23329.0,94447,143403421473.0,203970,-216580,2026-09-22
NIFTY,2026-09-22,22850.0,CE,601.85,607.7,426.75,490.2,23329.0,1227,1862707382.25,31525,-16640,2026-09-22
NIFTY,2026-09-22,22650.0,CE,800.0,800.0,635.0,705.5,23329.0,69,104765310.0,17160,130,2026-09-22
NIFTY,2026-09-22,22500.0,CE,968.35,970.0,789.3,838.3,23329.0,1151,1749181505.5,43290,-15145,2026-09-22
NIFTY,2026-09-22,22450.0,CE,677.25,900.0,677.25,788.65,23329.0,2,3021021.25,520,65,2026-09-22
NIFTY,2026-09-22,22000.0,CE,1440.0,1461.0,1293.0,1337.85,23329.0,223,338588653.0,12610,-6760,2026-09-22
NIFTY,2026-09-22,21800.0,CE,1600.0,1600.0,1600.0,1600.0,23329.0,1,1521000.0,0,-65,2026-09-22
NIFTY,2026-09-22,21500.0,CE,0.0,0.0,0.0,2782.4,23329.0,0,0.0,0,0,2026-09-22
NIFTY,2027-03-30,30000.0,PE,5654.95,5654.95,5502.05,5502.05,5732.53,2,4625205.0,3185,0,2026-09-22
NIFTY,2027-03-30,31500.0,PE,0.0,0.0,0.0,7066.15,7163.02,0,0.0,0,0,2026-09-22
NIFTY,2027-06-29,15000.0,PE,0.0,0.0,0.0,1173.2,0.12,0,0.0,0,0,2026-09-22
NIFTY,2027-06-29,24000.0,PE,695.0,730.0,664.0,685.55,685.55,19,30488269.5,15600,390,2026-09-22
NIFTY,2027-06-29,31500.0,PE,0.0,0.0,0.0,3604.7,6724.95,0,0.0,0,0,2026-09-22
NIFTY,2027-12-28,15000.0,PE,0.0,0.0,0.0,21.7,1.48,0,0.0,755,0,2026-09-22
NIFTY,2026-10-13,24000.0,PE,530.0,677.75,529.0,584.75,584.75,83,132755636.0,3835,1560,2026-09-22
NIFTY,2026-10-13,24100.0,PE,690.5,690.5,685.0,685.0,802.35,7,11277532.5,455,455,2026-09-22
NIFTY,2026-09-29,22450.0,PE,7.2,7.2,4.0,4.55,4.55,30569,44617977589.25,453635,51285,2026-09-22
NIFTY,2026-09-22,22150.0,PE,0.65,0.7,0.05,0.1,23329.0,61681,88806533978.5,484315,-464750,2026-09-22
NIFTY,2027-03-30,24000.0,CE,850.0,856.25,773.55,814.3,814.3,1225,1976391004.25,491790,19695,2026-09-22
NIFTY,2026-10-13,25350.0,PE,0.0,0.0,0.0,1628.0,1940.35,0,0.0,0,0,2026-09-22
NIFTY,2026-09-22,24150.0,CE,0.5,0.65,0.05,0.1,23329.0,594066,932547895535.75,4121455,2836600,2026-09-22
NIFTY,2026-09-22,24700.0,CE,0.35,0.5,0.05,0.1,23329.0,103435,166066923048.0,948870,54990,2026-09-22
NIFTY,2026-09-22,24850.0,CE,1.0,1.0,0.05,0.1,23329.0,23986,38743774351.75,267345,-12155,2026-09-22
NIFTY,2026-09-29,22900.0,CE,570.55,584.75,419.9,507.1,507.1,1679,2553580922.75,118625,9165,2026-09-22
NIFTY,2026-09-29,26100.0,CE,0.85,0.85,0.6,0.75,0.75,17,28841358.0,12220,65,2026-09-22
NIFTY,2026-09-29,27000.0,CE,0.75,0.75,0.5,0.6,0.6,1907,3346863198.25,1649765,-10465,2026-09-22
NIFTY,2026-10-06,21950.0,CE,0.0,0.0,0.0,2243.55,1434.19,0,0.0,0,0,2026-09-22
NIFTY,2026-10-06,24550.0,CE,4.5,6.5,3.85,4.95,4.95,90,143645401.25,2665,2665,2026-09-22
NIFTY,2026-10-06,25450.0,CE,1.8,1.8,1.8,1.8,0.69,1,1654367.0,715,-65,2026-09-22
NIFTY,2026-10-13,21800.0,CE,0.0,0.0,0.0,1974.5,1613.25,0,0.0,0,0,2026-09-22
NIFTY,2026-10-27,21400.0,CE,0.0,0.0,0.0,2000.0,2071.01,0,0.0,65,0,2026-09-22
NIFTY,2026-11-23,23500.0,CE,492.4,506.0,413.25,457.8,457.8,2861,4455465664.0,345800,51740,2026-09-22
NIFTY,2026-11-23,23800.0,CE,337.95,340.15,275.1,303.6,303.6,1609,2521559618.5,106860,22490,2026-09-22
NIFTY,2026-12-29,31500.0,CE,0.0,0.0,0.0,4.8,0.15,0,0.0,32955,0,2026-09-22
NIFTY,2026-11-23,25450.0,PE,0.0,0.0,0.0,1217.0,1941.79,0,0.0,0,0,2026-09-22
NIFTY,2026-11-23,23250.0,PE,240.0,312.4,240.0,271.95,271.95,39,59620145.0,128830,455,2026-09-22
NIFTY,2026-10-19,22700.0,PE,50.0,63.35,50.0,57.0,57.0,43,63611015.0,845,455,2026-09-22
NIFTY,2026-10-19,21800.0,PE,15.0,21.5,13.5,13.55,18.44,26,36870736.5,3055,520,2026-09-22
NIFTY,2026-10-06,25600.0,PE,0.0,0.0,0.0,1475.75,2213.1,0,0.0,0,0,2026-09-22
NIFTY,2026-09-29,25400.0,CE,0.95,1.35,0.9,1.15,1.15,12455,20564104372.5,291395,-267800,2026-09-22
NIFTY,2026-09-29,26500.0,CE,0.5,0.6,0.45,0.55,0.55,14323,24671852260.25,868335,-2925,2026-09-22
NIFTY,2026-09-29,26650.0,CE,0.5,0.6,0.5,0.6,0.6,6,10393721.0,1365,260,2026-09-22
NIFTY,2026-09-29,28500.0,CE,0.35,0.35,0.3,0.35,0.35,752,1393095392.0,501475,-2600,2026-09-22
NIFTY,2026-09-29,31500.0,CE,0.5,0.65,0.4,0.4,0.0,71,145375161.75,15795,-260,2026-09-22
NIFTY,2026-10-06,21350.0,CE,0.0,0.0,0.0,2831.3,2027.91,0,0.0,0,0,2026-09-22
NIFTY,2026-10-06,21500.0,CE,0.0,0.0,0.0,2683.35,1878.62,0,0.0,0,0,2026-09-22
NIFTY,2026-10-06,22700.0,CE,791.85,791.85,693.35,737.05,737.05,20,30451827.25,455,260,2026-09-22
NIFTY,2026-10-06,23650.0,CE,107.15,107.9,57.2,76.4,76.4,5041,7775065720.5,105755,43160,2026-09-22
NIFTY,2026-10-06,23800.0,CE,60.1,60.8,31.6,42.0,42.0,23454,36350389357.75,438620,100035,2026-09-22
NIFTY,2026-10-06,24400.0,CE,7.95,8.05,5.45,6.2,6.2,5676,9004506959.5,122460,-1820,2026-09-22
NIFTY,2026-10-06,25650.0,CE,2.0,2.0,1.15,1.25,0.29,17,28345063.5,3640,-65,2026-09-22
NIFTY,2026-10-06,25800.0,CE,1.7,1.75,0.9,1.65,1.65,514,862022304.0,57005,-325,2026-09-22
NIFTY,2026-10-13,22300.0,CE,0.0,0.0,0.0,1511.7,1145.82,0,0.0,0,0,2026-09-22
NIFTY,2026-10-13,22400.0,CE,0.0,0.0,0.0,1423.35,1057.56,0,0.0,0,0,2026-09-22
NIFTY,2026-10-13,23200.0,CE,420.0,427.7,313.95,374.25,374.25,235,360007670.75,16705,6045,2026-09-22
NIFTY,2026-10-13,23600.0,CE,176.4,180.0,116.05,144.15,144.15,1970,3041059102.25,60515,32370,2026-09-22
NIFTY,2026-10-13,23850.0,CE,88.1,88.1,54.5,65.9,65.9,697,1083666385.75,31915,5915,2026-09-22
NIFTY,2026-10-13,24000.0,CE,56.0,58.05,33.95,39.05,39.05,7201,11253690604.0,255190,50505,2026-09-22
NIFTY,2026-10-13,24250.0,CE,25.25,28.9,17.0,18.15,18.15,243,383346606.5,13065,6305,2026-09-22
NIFTY,2026-10-19,21450.0,CE,0.0,0.0,0.0,1807.8,1979.96,0,0.0,0,0,2026-09-22
NIFTY,2026-10-19,22100.0,CE,0.0,0.0,0.0,1223.75,1364.5,0,0.0,0,0,2026-09-22
NIFTY,2026-10-19,22500.0,CE,0.0,0.0,0.0,907.95,1018.16,0,0.0,0,0,2026-09-22
NIFTY,2026-10-19,22750.0,CE,0.0,0.0,0.0,732.15,822.41,0,0.0,0,0,2026-09-22
NIFTY,2026-10-19,23050.0,CE,0.0,0.0,0.0,549.65,614.43,0,0.0,0,0,2026-09-22
NIFTY,2026-10-19,23450.0,CE,306.0,310.8,226.8,264.2,264.2,89,137170939.75,3380,2340,2026-09-22
NIFTY,2026-10-19,23500.0,CE,275.5,278.3,200.0,236.9,236.9,507,782389247.25,17095,11440,2026-09-22
NIFTY,2026-10-27,23550.0,CE,305.3,307.0,226.95,269.35,269.35,948,1467939778.5,22620,-2925,2026-09-22
NIFTY,2026-10-27,24150.0,CE,82.15,82.2,57.75,65.1,65.1,1579,2485599223.25,95680,-22620,2026-09-22
NIFTY,2026-10-27,24300.0,CE,55.4,56.0,39.8,43.8,43.8,13328,21091444848.5,696410,157430,2026-09-22
NIFTY,2026-10-27,24700.0,CE,21.25,21.55,16.7,17.25,17.25,3702,5948065571.5,265590,-14885,2026-09-22
NIFTY,2026-10-27,26400.0,CE,3.8,3.8,2.95,3.0,3.0,35,60066974.5,2600,1170,2026-09-22
NIFTY,2026-10-27,26900.0,CE,2.45,2.45,1.4,2.0,2.0,82,143386285.25,29770,-910,2026-09-22
NIFTY,2026-11-23,21350.0,CE,0.0,0.0,0.0,3327.35,2247.26,0,0.0,0,0,2026-09-22
NIFTY,2026-11-23,21900.0,CE,0.0,0.0,0.0,2815.2,1756.59,0,0.0,0,0,2026-09-22
NIFTY,2026-11-23,22150.0,CE,0.0,0.0,0.0,1411.85,1547.49,0,0.0,195,0,2026-09-22
NIFTY,2026-11-23,23050.0,CE,0.0,0.0,0.0,758.9,897.04,0,0.0,65,0,2026-09-22
NIFTY,2026-11-23,25050.0,CE,95.35,95.35,36.0,37.0,148.67,5,8159193.25,195,195,2026-09-22
NIFTY,2026-12-29,33000.0,CE,4.4,4.4,3.1,3.65,3.65,183,392578085.25,107380,-4615,2026-09-22
NIFTY,2027-03-30,25500.0,CE,276.65,276.65,243.0,253.3,253.3,2013,3370096392.0,673010,14235,2026-09-22
NIFTY,2027-06-29,22500.0,CE,0.0,0.0,0.0,5539.6,2406.0,0,0.0,0,0,2026-09-22
NIFTY,2027-12-28,15000.0,CE,0.0,0.0,0.0,7931.05,9487.18,0,0.0,0,0,2026-09-22
NIFTY,2027-12-28,19500.0,CE,0.0,0.0,0.0,8684.7,5448.46,0,0.0,0,0,2026-09-22
NIFTY,2027-12-28,27000.0,CE,568.0,571.7,541.3,552.55,552.55,135,241801995.5,174865,-260,2026-09-22
NIFTY,2028-06-27,33000.0,CE,0.0,0.0,0.0,2004.15,360.34,0,0.0,0,0,2026-09-22
NIFTY,2029-06-26,16500.0,CE,0.0,0.0,0.0,12587.95,9520.07,0,0.0,0,0,2026-09-22
NIFTY,2030-06-25,27000.0,CE,0.0,0.0,0.0,6972.5,3856.42,0,0.0,0,0,2026-09-22
NIFTY,2031-06-24,19500.0,CE,0.0,0.0,0.0,9840.6,9135.53,0,0.0,0,0,2026-09-22
NIFTY,2031-06-24,25500.0,CE,0.0,0.0,0.0,6409.8,5639.3,0,0.0,0,0,2026-09-22
NIFTY,2026-09-22,21450.0,PE,0.5,0.5,0.05,0.05,23329.0,33532,46752430302.5,629655,-73970,2026-09-22
NIFTY,2026-09-22,22750.0,PE,1.5,1.5,0.05,0.15,23329.0,636109,940666111053.5,1650415,-1029145,2026-09-22
NIFTY,2026-09-22,23600.0,PE,131.05,324.0,110.0,256.65,23329.0,880699,1362079597628.75,377130,-829595,2026-09-22
NIFTY,2026-09-22,23800.0,PE,324.55,523.85,321.0,460.8,23329.0,21817,34323351266.75,296400,-53170,2026-09-22
NIFTY,2026-09-22,23850.0,PE,373.05,569.2,370.7,499.0,23329.0,2911,4600139947.0,50895,-15535,2026-09-22
NIFTY,2026-09-29,19500.0,PE,1.3,1.3,0.5,0.6,0.6,4612,5845952329.75,1091285,34320,2026-09-22
NIFTY,2026-09-29,21400.0,PE,2.35,2.4,1.45,1.65,1.65,8967,12474213531.0,385840,70135,2026-09-22
NIFTY,2026-09-29,21750.0,PE,2.75,2.85,1.75,2.0,2.0,1593,2252338725.0,48360,715,2026-09-22
NIFTY,2026-09-29,24200.0,PE,732.05,907.0,728.1,811.05,811.05,2230,3623493864.25,1599455,-37180,2026-09-22
NIFTY,2026-09-29,24300.0,PE,837.6,1005.0,830.0,907.55,907.55,2171,3554324504.25,2792075,-57915,2026-09-22
NIFTY,2026-09-29,24500.0,PE,1040.75,1211.4,1023.8,1100.7,1100.7,3598,5985575251.5,2713490,-52975,2026-09-22
NIFTY,2026-09-29,24650.0,PE,1205.0,1301.95,1205.0,1272.8,1272.8,117,197133859.0,34580,-195,2026-09-22
NIFTY,2026-09-29,25200.0,PE,1740.55,1888.0,1735.0,1821.35,1842.34,75,131621880.0,78130,585,2026-09-22
NIFTY,2026-09-29,25400.0,PE,1946.25,2077.0,1935.0,1980.8,1980.8,25,44594784.0,21515,-845,2026-09-22
NIFTY,2026-09-29,25450.0,PE,2100.0,2104.65,2095.1,2104.65,2092.03,6,10744285.5,195,-390,2026-09-22
NIFTY,2026-09-29,25950.0,PE,0.0,0.0,0.0,1299.0,2591.46,0,0.0,65,0,2026-09-22
NIFTY,2026-10-06,22200.0,PE,9.4,10.9,7.25,7.9,7.9,4685,6763101293.0,163670,19565,2026-09-22
NIFTY,2026-10-06,22550.0,PE,16.2,21.75,12.5,15.45,15.45,944,1384620818.75,31005,12480,2026-09-22
NIFTY,2026-10-06,23400.0,PE,155.0,225.0,130.25,167.0,167.0,25785,39504425109.5,394810,82485,2026-09-22
NIFTY,2026-10-06,23550.0,PE,210.85,311.3,196.4,245.2,245.2,1128,1744212574.0,20345,8645,2026-09-22
NIFTY,2026-10-06,23800.0,PE,360.3,505.95,357.95,418.7,418.7,520,818540050.25,28145,5720,2026-09-22
NIFTY,2026-10-06,24050.0,PE,0.0,0.0,0.0,602.1,738.08,0,0.0,325,0,2026-09-22
NIFTY,2026-10-06,24100.0,PE,700.0,772.0,650.0,709.6,779.58,9,14498198.0,3185,520,2026-09-22
NIFTY,2026-10-06,24200.0,PE,780.0,863.8,760.0,774.4,774.4,25,40606533.5,1755,1495,2026-09-22
NIFTY,2026-10-06,24750.0,PE,0.0,0.0,0.0,808.1,1374.22,0,0.0,0,0,2026-09-22
NIFTY,2026-10-06,25200.0,PE,0.0,0.0,0.0,1141.5,1815.54,0,0.0,0,0,2026-09-22
NIFTY,2026-10-06,25300.0,PE,0.0,0.0,0.0,1222.15,1914.69,0,0.0,0,0,2026-09-22
NIFTY,2026-10-06,25550.0,PE,0.0,0.0,0.0,1432.35,2163.3,0,0.0,0,0,2026-09-22
NIFTY,2026-10-13,22250.0,PE,21.45,22.85,13.95,18.85,18.85,236,341579205.5,7670,1690,2026-09-22
NIFTY,2026-10-13,23050.0,PE,82.95,121.2,78.0,93.35,93.35,149,224147358.5,19825,2015,2026-09-22
NIFTY,2026-10-13,23200.0,PE,121.85,169.1,106.55,130.25,130.25,1144,1735035896.75,37830,8125,2026-09-22
NIFTY,2026-10-13,24800.0,PE,0.0,0.0,0.0,1155.2,1411.49,0,0.0,0,0,2026-09-22
NIFTY,2026-10-19,21350.0,PE,0.0,0.0,0.0,17.85,5.1,0,0.0,130,0,2026-09-22
NIFTY,2026-10-19,22850.0,PE,0.0,0.0,0.0,274.5,170.27,0,0.0,0,0,2026-09-22
NIFTY,2026-10-19,23550.0,PE,275.9,321.0,253.25,305.05,461.5,77,119300285.0,3575,3510,2026-09-22
NIFTY,2026-10-19,23850.0,PE,0.0,0.0,0.0,815.85,644.45,0,0.0,0,0,2026-09-22
NIFTY,2026-10-27,23400.0,PE,227.0,311.0,221.25,253.3,253.3,13092,20131921286.75,639210,88920,2026-09-22
NIFTY,2026-10-27,23600.0,PE,301.7,411.95,301.0,344.15,344.15,4412,6866222005.5,367315,24960,2026-09-22
NIFTY,2026-10-27,23650.0,PE,345.3,433.3,328.25,376.9,376.9,158,246655461.0,26390,-3055,2026-09-22
NIFTY,2026-10-27,24200.0,PE,692.0,830.0,689.5,758.15,758.15,718,1164282561.0,244335,9230,2026-09-22
NIFTY,2026-10-27,24650.0,PE,1158.25,1158.25,1158.25,1158.25,1268.27,15,25163043.75,3055,-650,2026-09-22
NIFTY,2026-10-27,24700.0,PE,1129.95,1247.15,1129.95,1204.7,1204.7,57,95964485.5,128505,2275,2026-09-22
NIFTY,2026-10-27,24950.0,PE,0.0,0.0,0.0,1390.55,1529.11,0,0.0,3835,0,2026-09-22
NIFTY,2026-10-27,26550.0,PE,0.0,0.0,0.0,2330.1,3062.33,0,0.0,0,0,2026-09-22
NIFTY,2026-10-27,26850.0,PE,0.0,0.0,0.0,2588.1,3359.34,0,0.0,0,0,2026-09-22
NIFTY,2026-10-27,27150.0,PE,0.0,0.0,0.0,2853.65,3656.94,0,0.0,0,0,2026-09-22
NIFTY,2026-10-27,27200.0,PE,0.0,0.0,0.0,3666.0,3706.58,0,0.0,195,0,2026-09-22
NIFTY,2026-11-23,21550.0,PE,0.0,0.0,0.0,34.3,54.87,0,0.0,0,0,2026-09-22
NIFTY,2026-11-23,22000.0,PE,56.8,72.9,54.75,61.75,61.75,5495,7880562641.25,453635,67795,2026-09-22
NIFTY,2026-11-23,23800.0,PE,462.3,551.95,454.0,497.1,497.1,230,363379575.0,95160,3640,2026-09-22
NIFTY,2026-11-23,24000.0,PE,581.9,693.8,562.0,613.8,613.8,1012,1619650617.0,276770,22425,2026-09-22
NIFTY,2026-11-23,24500.0,PE,931.6,1060.0,911.0,976.55,976.55,375,621059039.25,244985,-2925,2026-09-22
NIFTY,2026-11-23,24600.0,PE,1100.0,1133.4,1074.65,1079.05,1248.57,24,40091119.25,2015,1170,2026-09-22
NIFTY,2026-11-23,24900.0,PE,0.0,0.0,0.0,1365.0,1479.63,0,0.0,1040,0,2026-09-22
NIFTY,2026-11-23,25300.0,PE,1600.0,1600.0,1600.0,1600.0,1811.66,1,1748500.0,65,65,2026-09-22
NIFTY,2026-12-29,23000.0,PE,250.5,298.0,244.15,262.95,262.95,7520,11371838283.0,3277020,-3770,2026-09-22
NIFTY,2026-12-29,30000.0,PE,6032.0,6155.05,5982.1,6065.55,6065.55,206,482997476.0,393940,6505,2026-09-22
NIFTY,2027-03-30,24000.0,PE,637.75,718.9,634.0,672.75,672.75,1578,2529763778.75,770445,32175,2026-09-22
NIFTY,2027-06-29,22500.0,PE,330.05,378.1,330.05,355.0,508.89,63,93621248.5,5330,2925,2026-09-22
NIFTY,2027-12-28,25000.0,PE,1065.7,1140.0,1060.0,1078.85,1078.85,268,454547505.75,235430,10075,2026-09-22
NIFTY,2027-12-28,26000.0,PE,1497.0,1590.0,1490.0,1519.9,1519.9,45,80530134.75,93800,585,2026-09-22
NIFTY,2028-06-27,33000.0,PE,0.0,0.0,0.0,3707.8,6538.87,0,0.0,0,0,2026-09-22
NIFTY,2028-12-26,23000.0,PE,739.45,739.45,702.95,702.95,772.94,2,3083756.0,2975,130,2026-09-22
NIFTY,2028-12-26,26000.0,PE,0.0,0.0,0.0,1468.0,1784.95,0,0.0,6940,0,2026-09-22
NIFTY,2029-06-26,25500.0,PE,0.0,0.0,0.0,624.25,1492.0,0,0.0,0,0,2026-09-22
NIFTY,2029-06-26,30000.0,PE,0.0,0.0,0.0,2031.05,3559.41,0,0.0,0,0,2026-09-22
NIFTY,2029-12-24,24000.0,PE,0.0,0.0,0.0,755.0,976.64,0,0.0,520,0,2026-09-22
NIFTY,2029-12-24,33000.0,PE,0.0,0.0,0.0,2953.7,4928.95,0,0.0,0,0,2026-09-22
NIFTY,2030-06-25,28500.0,PE,0.0,0.0,0.0,1167.6,2365.03,0,0.0,0,0,2026-09-22
NIFTY,2030-12-31,24000.0,PE,0.0,0.0,0.0,1000.0,886.17,0,0.0,520,0,2026-09-22
NIFTY,2031-06-24,19500.0,PE,0.0,0.0,0.0,289.2,230.24,0,0.0,0,0,2026-09-22
NIFTY,2029-06-26,27000.0,PE,0.0,0.0,0.0,1252.35,2077.57,0,0.0,0,0,2026-09-22
NIFTY,2026-09-22,22550.0,CE,0.0,0.0,0.0,873.3,23329.0,0,0.0,2730,0,2026-09-22
NIFTY,2026-09-22,22700.0,CE,755.85,768.3,577.45,638.3,23329.0,654,993321712.5,43940,-9360,2026-09-22
NIFTY,2026-09-22,23550.0,CE,22.05,22.65,0.05,0.75,23329.0,10715222,16405866238840.0,6472245,237380,2026-09-22
NIFTY,2026-09-22,24350.0,CE,0.35,0.6,0.05,0.1,23329.0,190967,302256545698.25,1450540,344240,2026-09-22
NIFTY,2026-09-29,21400.0,CE,0.0,0.0,0.0,2015.2,1953.37,0,0.0,65,0,2026-09-22
NIFTY,2026-09-29,22600.0,CE,860.6,867.25,704.8,784.95,784.95,327,496693457.0,7345,3380,2026-09-22
NIFTY,2026-09-29,23850.0,CE,16.9,18.25,8.4,11.85,11.85,129463,200800089828.0,1464905,317460,2026-09-22
NIFTY,2026-09-29,24950.0,CE,1.6,2.0,1.1,1.35,1.35,1549,2512239473.25,91520,4485,2026-09-22
NIFTY,2026-10-19,24900.0,CE,29.95,29.95,7.2,8.0,8.0,25,40477430.5,910,910,2026-09-22
NIFTY,2026-10-27,21350.0,CE,0.0,0.0,0.0,3002.9,2119.25,0,0.0,0,0,2026-09-22
NIFTY,2026-10-27,22100.0,CE,1400.0,1400.0,1400.0,1400.0,1400.0,1,1527500.0,65,65,2026-09-22
NIFTY,2026-10-27,23100.0,CE,594.95,609.85,486.25,549.95,549.95,415,637708851.0,38025,4550,2026-09-22
NIFTY,2026-10-27,23350.0,CE,428.4,434.4,330.05,375.3,375.3,1212,1869103122.25,35490,11375,2026-09-22
NIFTY,2026-10-27,23400.0,CE,400.05,403.9,301.0,346.5,346.5,10005,15445347658.0,477035,93600,2026-09-22
NIFTY,2026-10-27,23700.0,CE,233.95,235.45,167.25,194.75,194.75,8142,12648894839.75,429780,50310,2026-09-22
NIFTY,2026-10-27,24800.0,CE,18.7,18.7,14.0,14.5,14.5,6158,9932934683.75,392470,-18525,2026-09-22
NIFTY,2026-10-27,24950.0,CE,12.95,13.55,10.45,11.3,11.3,221,358584092.75,69810,-3835,2026-09-22
NIFTY,2026-10-27,25000.0,CE,13.25,14.8,10.65,11.05,11.05,15048,24464439740.0,2179905,-41015,2026-09-22
NIFTY,2026-10-27,25400.0,CE,8.85,8.85,6.4,6.85,6.85,266,439292932.0,93535,-3575,2026-09-22
NIFTY,2026-10-27,26050.0,CE,3.85,4.1,3.6,3.6,7.05,59,99916212.5,6630,1300,2026-09-22
NIFTY,2026-10-27,26850.0,CE,0.0,0.0,0.0,6.1,1.08,0,0.0,845,0,2026-09-22
NIFTY,2026-10-27,27000.0,CE,1.65,1.75,1.25,1.35,1.35,1252,2197380445.0,548600,1885,2026-09-22
NIFTY,2026-10-27,27100.0,CE,1.5,3.2,1.1,1.9,1.9,120,211395915.25,8450,2730,2026-09-22
NIFTY,2026-11-23,22200.0,CE,0.0,0.0,0.0,1369.7,1506.95,0,0.0,195,0,2026-09-22
NIFTY,2026-11-23,22250.0,CE,0.0,0.0,0.0,1327.75,1466.86,0,0.0,195,0,2026-09-22
NIFTY,2026-11-23,22500.0,CE,1246.0,1246.0,1118.15,1187.9,1187.9,165,253953852.75,22685,1690,2026-09-22
NIFTY,2026-11-23,22800.0,CE,1000.0,1000.0,904.0,909.85,1059.3,5,7712285.75,4290,0,2026-09-22
NIFTY,2026-11-23,23200.0,CE,686.0,696.1,590.0,641.9,641.9,123,190526446.5,158275,-65,2026-09-22
NIFTY,2026-11-23,24850.0,CE,0.0,0.0,0.0,118.8,185.06,0,0.0,390,0,2026-09-22
NIFTY,2026-11-23,25200.0,CE,0.0,0.0,0.0,569.15,125.42,0,0.0,0,0,2026-09-22
NIFTY,2026-11-23,25250.0,CE,0.0,0.0,0.0,550.35,118.37,0,0.0,0,0,2026-09-22
NIFTY,2026-12-29,28000.0,CE,11.5,11.95,10.25,10.6,10.6,1151,2095649630.75,1810510,20590,2026-09-22
NIFTY,2027-06-29,28500.0,CE,0.0,0.0,0.0,1711.9,239.59,0,0.0,0,0,2026-09-22
NIFTY,2027-12-28,25000.0,CE,1393.05,1404.35,1331.55,1365.05,1365.05,398,682014281.0,133910,9490,2026-09-22
NIFTY,2027-12-28,26000.0,CE,904.0,913.05,875.0,889.3,889.3,427,746192369.0,131275,-11375,2026-09-22
NIFTY,2027-12-28,30000.0,CE,141.1,151.75,136.35,140.95,140.95,380,744559621.0,239070,3120,2026-09-22
NIFTY,2027-12-28,31500.0,CE,0.0,0.0,0.0,98.0,238.16,0,0.0,2145,0,2026-09-22
NIFTY,2028-06-27,16500.0,CE,0.0,0.0,0.0,11752.8,8594.84,0,0.0,0,0,2026-09-22
NIFTY,2029-06-26,19500.0,CE,0.0,0.0,0.0,10206.95,7168.53,0,0.0,0,0,2026-09-22
NIFTY,2029-12-24,19500.0,CE,0.0,0.0,0.0,10678.8,7687.64,0,0.0,0,0,2026-09-22
NIFTY,2030-06-25,25500.0,CE,0.0,0.0,0.0,7070.45,4560.02,0,0.0,0,0,2026-09-22
NIFTY,2030-12-31,24000.0,CE,0.0,0.0,0.0,8563.3,5915.0,0,0.0,0,0,2026-09-22
NIFTY,2031-06-24,16500.0,CE,0.0,0.0,0.0,11849.25,11190.54,0,0.0,0,0,2026-09-22
NIFTY,2026-09-22,22300.0,PE,0.8,0.8,0.05,0.1,23329.0,250704,363401221989.0,2027740,-2288715,2026-09-22
NIFTY,2026-09-22,22900.0,PE,1.6,1.85,0.05,0.2,23329.0,2201322,3276773006637.0,6570915,-2105545,2026-09-22
NIFTY,2026-09-22,23150.0,PE,2.5,8.85,0.05,0.6,23329.0,7780106,11708630842795.25,6551740,363285,2026-09-22
NIFTY,2026-09-22,23250.0,PE,2.0,32.75,0.05,1.5,23329.0,15828196,23930748710375.0,10031255,2109250,2026-09-22
NIFTY,2026-09-22,24700.0,PE,1265.0,1388.5,1243.45,1350.8,23329.0,98,165709482.25,2210,-2080,2026-09-22
NIFTY,2026-09-22,24750.0,PE,0.0,0.0,0.0,752.65,23329.0,0,0.0,0,0,2026-09-22
NIFTY,2026-09-22,24900.0,PE,1450.0,1575.0,1436.0,1575.0,23329.0,17,29202413.5,8320,-975,2026-09-22
NIFTY,2026-09-22,25800.0,PE,0.0,0.0,0.0,2346.6,23329.0,0,0.0,325,0,2026-09-22
NIFTY,2026-09-29,16500.0,PE,0.35,0.45,0.35,0.4,0.4,336,360368550.75,130455,0,2026-09-22
NIFTY,2026-09-29,21650.0,PE,2.7,2.75,1.65,1.9,1.9,1441,2028047479.25,29965,845,2026-09-22
NIFTY,2026-09-29,22050.0,PE,3.4,3.8,2.1,2.4,2.4,10431,14952080783.25,238095,62855,2026-09-22
NIFTY,2026-09-29,22100.0,PE,4.35,4.35,2.2,2.55,2.55,69243,99481029274.25,814970,301600,2026-09-22
NIFTY,2026-09-29,22350.0,PE,5.3,5.6,3.45,3.7,3.7,19769,28724804195.75,320645,108875,2026-09-22
NIFTY,2026-09-29,22750.0,PE,13.9,16.8,7.4,10.05,10.05,103340,152886878647.75,1554605,889135,2026-09-22
NIFTY,2026-09-29,23200.0,PE,54.0,97.5,37.7,59.6,59.6,305692,462231787264.0,4139590,718835,2026-09-22
NIFTY,2026-09-29,23450.0,PE,139.6,226.85,111.25,157.35,157.35,176867,271330740668.0,831870,116675,2026-09-22
NIFTY,2026-09-29,24050.0,PE,600.6,763.0,589.1,664.3,664.3,455,730953109.25,89375,-1430,2026-09-22
NIFTY,2026-09-29,24150.0,PE,690.7,856.3,687.05,746.5,746.5,802,1298765464.75,142155,10595,2026-09-22
NIFTY,2026-09-29,24900.0,PE,1460.4,1551.0,1437.15,1506.55,1506.55,63,108132144.25,73710,-1365,2026-09-22
NIFTY,2026-09-29,25250.0,PE,0.0,0.0,0.0,1835.0,1892.28,0,0.0,1690,0,2026-09-22
NIFTY,2026-09-29,25900.0,PE,2450.0,2450.0,2450.0,2450.0,2541.51,1,1842750.0,4485,-65,2026-09-22
NIFTY,2026-09-29,26450.0,PE,0.0,0.0,0.0,2346.8,3090.89,0,0.0,0,0,2026-09-22
NIFTY,2026-10-06,22300.0,PE,10.25,12.8,8.1,9.45,9.45,5060,7337800886.0,109005,28015,2026-09-22
NIFTY,2026-10-06,23300.0,PE,110.05,177.15,98.55,127.6,127.6,22070,33616311209.0,430495,154895,2026-09-22
NIFTY,2026-10-06,25350.0,PE,0.0,0.0,0.0,1263.25,1964.35,0,0.0,0,0,2026-09-22
NIFTY,2026-10-13,22050.0,PE,16.0,18.9,14.65,18.9,18.9,5,7171466.25,4810,130,2026-09-22
NIFTY,2026-10-13,22950.0,PE,77.35,94.45,60.25,74.3,74.3,276,413028645.25,10595,-1040,2026-09-22
NIFTY,2026-10-13,23800.0,PE,399.95,500.0,380.0,444.8,583.16,95,149651508.5,6370,910,2026-09-22
NIFTY,2026-10-13,23850.0,PE,0.0,0.0,0.0,525.1,617.36,0,0.0,1625,0,2026-09-22
NIFTY,2026-10-13,23950.0,PE,0.0,0.0,0.0,563.2,688.61,0,0.0,0,0,2026-09-22
NIFTY,2026-10-13,24450.0,PE,0.0,0.0,0.0,886.75,1093.59,0,0.0,0,0,2026-09-22
NIFTY,2026-10-13,24650.0,PE,0.0,0.0,0.0,1036.55,1272.73,0,0.0,0,0,2026-09-22
NIFTY,2026-10-13,25250.0,PE,0.0,0.0,0.0,1538.35,1842.61,0,0.0,0,0,2026-09-22
NIFTY,2026-10-19,23300.0,PE,177.95,233.35,162.85,185.3,185.3,202,308471741.5,8775,3445,2026-09-22
NIFTY,2026-10-19,24400.0,PE,0.0,0.0,0.0,1244.3,1058.56,0,0.0,0,0,2026-09-22
NIFTY,2026-10-19,24650.0,PE,0.0,0.0,0.0,1460.6,1272.73,0,0.0,0,0,2026-09-22
NIFTY,2026-10-19,24800.0,PE,0.0,0.0,0.0,1595.2,1406.91,0,0.0,0,0,2026-09-22
NIFTY,2026-10-19,24850.0,PE,0.0,0.0,0.0,1640.7,1452.42,0,0.0,0,0,2026-09-22
NIFTY,2026-10-27,22150.0,PE,32.55,43.4,30.85,35.85,35.85,528,761399960.75,32955,1365,2026-09-22
NIFTY,2026-10-27,22600.0,PE,70.0,86.95,59.55,67.75,67.75,5218,7689244663.75,331565,42250,2026-09-22
NIFTY,2026-10-27,22750.0,PE,85.45,110.75,76.55,87.4,87.4,784,1163927583.0,36335,9100,2026-09-22
NIFTY,2026-10-27,23000.0,PE,120.0,168.0,115.7,133.6,133.6,31857,47908664368.5,2620085,7150,2026-09-22
NIFTY,2026-10-27,24600.0,PE,1050.85,1130.8,1040.0,1115.25,1115.25,37,61766578.25,96135,2015,2026-09-22
NIFTY,2026-10-27,24900.0,PE,1340.0,1340.0,1319.7,1319.7,1484.62,4,6819761.0,80535,260,2026-09-22
NIFTY,2026-10-27,25100.0,PE,1551.0,1614.0,1551.0,1596.35,1596.35,63,109317065.0,11245,2535,2026-09-22
NIFTY,2026-10-27,25150.0,PE,0.0,0.0,0.0,1666.8,1710.48,0,0.0,260,0,2026-09-22
NIFTY,2026-10-27,25400.0,PE,1970.0,1970.0,1903.85,1904.35,1904.35,5,8878145.25,1105,260,2026-09-22
NIFTY,2026-10-27,25500.0,PE,1934.85,2084.0,1900.0,1974.85,1974.85,1035,1849311555.0,465400,61425,2026-09-22
NIFTY,2026-10-27,26950.0,PE,0.0,0.0,0.0,2675.85,3458.49,0,0.0,0,0,2026-09-22
NIFTY,2026-11-23,21600.0,PE,38.8,45.45,38.8,45.0,59.37,10,14067995.5,2535,260,2026-09-22
NIFTY,2026-11-23,21800.0,PE,53.2,59.35,42.05,51.85,51.85,122,173289954.5,11505,2080,2026-09-22
NIFTY,2026-11-23,22400.0,PE,93.85,113.4,86.55,94.6,94.6,444,649307087.0,35100,8970,2026-09-22
NIFTY,2026-11-23,22650.0,PE,0.0,0.0,0.0,155.7,242.21,0,0.0,4420,0,2026-09-22
NIFTY,2026-11-23,23550.0,PE,386.5,392.0,369.75,380.05,380.05,17,26445773.25,17095,-520,2026-09-22
NIFTY,2026-11-23,24050.0,PE,642.95,642.95,642.95,642.95,869.84,1,1605041.75,1105,-65,2026-09-22
NIFTY,2026-11-23,24450.0,PE,0.0,0.0,0.0,878.7,1138.03,0,0.0,1560,0,2026-09-22
NIFTY,2026-11-23,24650.0,PE,0.0,0.0,0.0,1050.0,1286.17,0,0.0,910,0,2026-09-22
NIFTY,2026-12-29,15000.0,PE,9.1,9.75,8.8,9.0,9.0,60,58534905.0,133885,975,2026-09-22
NIFTY,2026-12-29,16000.0,PE,10.3,10.3,9.2,9.7,9.7,104,108227115.75,125250,715,2026-09-22
NIFTY,2026-12-29,24000.0,PE,590.95,700.0,589.85,628.0,628.0,4534,7260064376.5,2287520,56045,2026-09-22
NIFTY,2026-12-29,33000.0,PE,0.0,0.0,0.0,5263.45,9114.03,0,0.0,0,0,2026-09-22
NIFTY,2027-12-28,28500.0,PE,0.0,0.0,0.0,2979.7,3626.11,0,0.0,260,0,2026-09-22
NIFTY,2027-12-28,31500.0,PE,0.0,0.0,0.0,3240.0,5980.09,0,0.0,0,0,2026-09-22
NIFTY,2027-12-28,33000.0,PE,0.0,0.0,0.0,4155.55,7263.88,0,0.0,0,0,2026-09-22
NIFTY,2028-06-27,19500.0,PE,0.0,0.0,0.0,40.05,158.04,0,0.0,0,0,2026-09-22
NIFTY,2028-06-27,30000.0,PE,0.0,0.0,0.0,3779.25,4286.07,0,0.0,0,0,2026-09-22
NIFTY,2028-12-26,16500.0,PE,0.0,0.0,0.0,5.9,30.73,0,0.0,0,0,2026-09-22
NIFTY,2029-06-26,15000.0,PE,0.0,0.0,0.0,30.9,13.95,0,0.0,0,0,2026-09-22
NIFTY,2029-12-24,18000.0,PE,0.0,0.0,0.0,96.5,111.39,0,0.0,0,0,2026-09-22
NIFTY,2029-12-24,23000.0,PE,0.0,0.0,0.0,725.05,742.53,0,0.0,1560,0,2026-09-22
NIFTY,2029-12-24,26000.0,PE,0.0,0.0,0.0,1450.0,1571.95,0,0.0,4185,0,2026-09-22
NIFTY,2030-06-25,24000.0,PE,0.0,0.0,0.0,698.15,932.64,0,0.0,0,0,2026-09-22
NIFTY,2030-12-31,25500.0,PE,0.0,0.0,0.0,538.25,1243.54,0,0.0,0,0,2026-09-22
NIFTY,2031-06-24,31500.0,PE,0.0,0.0,0.0,3185.85,3166.57,0,0.0,0,0,2026-09-22
NIFTY,2026-09-22,21400.0,CE,0.0,0.0,0.0,2881.05,23329.0,0,0.0,0,0,2026-09-22
NIFTY,2026-09-22,22800.0,CE,650.0,677.8,477.4,537.55,23329.0,2315,3516070736.75,41860,-41210,2026-09-22
NIFTY,2026-09-22,23700.0,CE,1.65,2.5,0.05,0.25,23329.0,3462137,5333688716677.75,7630610,-1804465,2026-09-22
NIFTY,2026-09-22,24450.0,CE,0.45,0.6,0.05,0.1,23329.0,149112,236979170626.25,1186835,582920,2026-09-22
NIFTY,2026-09-22,25050.0,CE,0.5,0.5,0.05,0.1,23329.0,12753,20765274478.0,142870,48945,2026-09-22
NIFTY,2026-09-22,25200.0,CE,0.45,0.5,0.05,0.1,23329.0,18234,29867573453.25,184405,-70720,2026-09-22
NIFTY,2026-09-22,25350.0,CE,0.4,0.55,0.05,0.1,23329.0,4004,6597633129.75,54210,25285,2026-09-22
NIFTY,2026-09-22,25400.0,CE,0.3,0.5,0.05,0.1,23329.0,8977,14821151120.75,108160,-2665,2026-09-22
NIFTY,2026-09-29,21700.0,CE,0.0,0.0,0.0,1820.0,1653.75,0,0.0,0,0,2026-09-22
NIFTY,2026-09-29,22750.0,CE,750.9,750.9,574.25,645.1,645.1,412,626491970.0,21190,17875,2026-09-22
NIFTY,2026-09-29,23750.0,CE,31.5,33.5,12.95,20.4,20.4,186548,288223152584.25,1753375,178620,2026-09-22
NIFTY,2026-09-29,24150.0,CE,5.9,5.9,3.3,3.95,3.95,89144,139959162180.5,777400,86385,2026-09-22
NIFTY,2026-09-29,24500.0,CE,2.8,3.3,2.0,2.2,2.2,228414,363786759911.25,7489430,1336660,2026-09-22
NIFTY,2026-09-29,25800.0,CE,0.85,1.05,0.75,0.85,0.85,8257,13847447991.0,422240,16575,2026-09-22
NIFTY,2026-10-06,21900.0,CE,0.0,0.0,0.0,2291.95,1483.11,0,0.0,0,0,2026-09-22
NIFTY,2026-10-06,22950.0,CE,514.25,514.25,459.8,485.55,550.71,4,6093759.75,2470,65,2026-09-22
NIFTY,2026-10-06,23000.0,CE,535.75,537.8,392.7,464.8,464.8,1586,2418299208.0,138125,26130,2026-09-22
NIFTY,2026-10-06,23450.0,CE,201.45,211.9,120.0,157.4,157.4,9583,14709982456.0,99320,-4290,2026-09-22
NIFTY,2026-10-06,23700.0,CE,89.95,91.0,46.6,63.2,63.2,25182,38898670625.75,494325,195650,2026-09-22
NIFTY,2026-10-13,21400.0,CE,0.0,0.0,0.0,2360.9,2004.51,0,0.0,0,0,2026-09-22
NIFTY,2026-10-13,22000.0,CE,0.0,0.0,0.0,1785.9,1422.14,0,0.0,0,0,2026-09-22
NIFTY,2026-10-13,23250.0,CE,382.3,390.1,291.0,339.25,339.25,123,188654693.5,6175,260,2026-09-22
NIFTY,2026-10-13,23550.0,CE,199.35,203.75,138.15,164.85,164.85,251,386917846.25,10855,4030,2026-09-22
NIFTY,2026-10-13,24200.0,CE,31.65,31.65,18.0,20.75,20.75,11661,18358351345.75,130130,-208975,2026-09-22
NIFTY,2026-10-13,25250.0,CE,0.0,0.0,0.0,6.6,7.75,0,0.0,1300,0,2026-09-22
NIFTY,2026-10-19,22850.0,CE,0.0,0.0,0.0,667.95,749.45,0,0.0,0,0,2026-09-22
NIFTY,2026-10-19,24250.0,CE,0.0,0.0,0.0,121.35,122.28,0,0.0,0,0,2026-09-22
NIFTY,2026-10-19,24650.0,CE,0.0,0.0,0.0,63.85,59.81,0,0.0,0,0,2026-09-22
NIFTY,2026-10-19,23800.0,PE,0.0,0.0,0.0,780.9,611.64,0,0.0,0,0,2026-09-22
NIFTY,2026-10-19,23000.0,PE,100.0,137.2,89.25,105.85,105.85,302,453579135.75,15145,3120,2026-09-22
NIFTY,2026-10-19,22900.0,PE,85.0,98.7,73.5,88.45,88.45,143,213679137.75,4420,4030,2026-09-22
NIFTY,2026-10-19,22550.0,PE,0.0,0.0,0.0,178.65,99.69,0,0.0,0,0,2026-09-22
NIFTY,2026-10-19,21450.0,PE,0.0,0.0,0.0,22.0,6.92,0,0.0,0,0,2026-09-22
NIFTY,2026-10-13,23900.0,PE,450.45,546.0,450.0,513.0,652.51,15,23775082.5,1105,390,2026-09-22
NIFTY,2026-10-27,21450.0,PE,16.0,16.75,14.6,16.1,16.1,59,82322935.5,4420,-650,2026-09-22
NIFTY,2026-10-27,21750.0,PE,20.0,25.5,19.1,22.0,22.0,240,339642953.0,60190,1690,2026-09-22
NIFTY,2026-10-27,22400.0,PE,47.15,63.2,43.5,51.45,51.45,5612,8189494020.5,231465,30940,2026-09-22
NIFTY,2026-10-27,24100.0,PE,636.95,766.15,614.05,682.1,682.1,1186,1911201415.5,214890,12220,2026-09-22
NIFTY,2026-10-27,24150.0,PE,0.0,0.0,0.0,667.0,874.44,0,0.0,15860,0,2026-09-22
NIFTY,2026-10-13,23700.0,PE,333.0,422.15,309.3,356.7,356.7,116,181370010.25,4810,1755,2026-09-22
NIFTY,2026-10-27,25050.0,PE,0.0,0.0,0.0,1161.25,1619.15,0,0.0,325,0,2026-09-22
NIFTY,2026-10-27,25250.0,PE,0.0,0.0,0.0,1826.6,1802.95,0,0.0,130,0,2026-09-22
NIFTY,2026-10-27,26100.0,PE,0.0,0.0,0.0,2615.0,2619.13,0,0.0,65,0,2026-09-22
NIFTY,2026-10-27,26900.0,PE,0.0,0.0,0.0,2631.85,3408.91,0,0.0,0,0,2026-09-22
NIFTY,2026-11-23,21850.0,PE,0.0,0.0,0.0,51.8,86.54,0,0.0,0,0,2026-09-22
NIFTY,2026-11-23,21900.0,PE,59.4,65.85,55.0,57.05,57.05,89,127037904.5,6370,2405,2026-09-22
NIFTY,2026-11-23,22350.0,PE,0.0,0.0,0.0,132.9,169.7,0,0.0,2470,0,2026-09-22
NIFTY,2026-11-23,23000.0,PE,192.05,234.6,180.0,199.35,199.35,3896,5875497439.5,849810,38220,2026-09-22
NIFTY,2026-11-23,23200.0,PE,223.35,291.75,223.35,254.3,254.3,675,1028955983.25,164450,-1365,2026-09-22
NIFTY,2026-11-23,23300.0,PE,266.05,330.0,256.55,281.95,281.95,373,571861621.5,43095,2210,2026-09-22
NIFTY,2026-11-23,23350.0,PE,285.0,340.35,275.0,298.5,298.5,152,233734455.5,10010,2535,2026-09-22
NIFTY,2026-11-23,24150.0,PE,0.0,0.0,0.0,729.0,933.48,0,0.0,1235,0,2026-09-22
NIFTY,2026-11-23,24400.0,PE,890.45,890.45,890.45,890.45,1102.57,1,1643879.25,12350,-65,2026-09-22
NIFTY,2026-10-13,23250.0,PE,133.55,183.65,119.6,149.2,149.2,666,1013535763.5,8450,195,2026-09-22
NIFTY,2026-10-13,23000.0,PE,74.05,110.0,67.55,82.35,82.35,3228,4843801595.75,89635,3510,2026-09-22
NIFTY,2026-10-13,21700.0,PE,0.0,0.0,0.0,14.3,7.15,0,0.0,0,0,2026-09-22
NIFTY,2026-10-13,21600.0,PE,0.0,0.0,0.0,11.2,5.11,0,0.0,0,0,2026-09-22
NIFTY,2026-10-06,24250.0,PE,0.0,0.0,0.0,785.45,908.72,0,0.0,3250,0,2026-09-22
NIFTY,2026-10-06,23650.0,PE,280.95,376.9,259.2,315.0,315.0,383,596509865.25,11115,3055,2026-09-22
NIFTY,2026-10-06,22900.0,PE,36.9,58.45,30.4,39.65,39.65,12766,19036775751.5,252915,67665,2026-09-22
NIFTY,2026-10-06,22600.0,PE,18.5,25.45,13.65,17.65,17.65,14001,20584357098.5,300365,130455,2026-09-22
NIFTY,2026-09-29,31500.0,PE,0.0,0.0,0.0,4341.2,8135.14,0,0.0,0,0,2026-09-22
NIFTY,2026-09-29,27000.0,PE,3544.2,3714.0,3527.2,3599.05,3599.05,957,1903070390.0,1440820,-35490,2026-09-22
NIFTY,2026-09-29,26950.0,PE,0.0,0.0,0.0,2780.25,3590.32,0,0.0,0,0,2026-09-22
NIFTY,2026-11-23,25100.0,PE,0.0,0.0,0.0,1027.25,1642.7,0,0.0,130,0,2026-09-22
NIFTY,2026-11-23,25350.0,PE,0.0,0.0,0.0,1152.95,1854.73,0,0.0,0,0,2026-09-22
NIFTY,2026-09-29,22650.0,PE,10.0,12.0,5.7,7.35,7.35,62436,91955759567.75,548080,144560,2026-09-22
NIFTY,2026-09-29,22500.0,PE,7.95,8.9,4.6,5.2,5.2,215240,314869760211.5,7361575,1901575,2026-09-22
NIFTY,2026-09-29,21900.0,PE,3.35,3.35,2.05,2.2,2.2,38487,54792352699.5,643890,118755,2026-09-22
NIFTY,2026-09-29,15000.0,PE,0.55,0.65,0.4,0.4,0.4,34,33151183.0,102180,455,2026-09-22
NIFTY,2026-09-22,26000.0,PE,2617.2,2710.15,2540.0,2657.25,23329.0,303,563608321.25,11310,-18005,2026-09-22
NIFTY,2026-09-22,25900.0,PE,0.0,0.0,0.0,1658.45,23329.0,0,0.0,0,0,2026-09-22
NIFTY,2026-09-22,24300.0,PE,860.1,1016.6,834.45,960.05,23329.0,1146,1877310233.5,24115,-25155,2026-09-22
NIFTY,2026-09-22,23900.0,PE,447.15,620.3,415.2,562.05,23329.0,4452,7067926976.5,166205,-63570,2026-09-22
NIFTY,2026-09-22,23450.0,PE,53.0,177.55,33.1,107.45,23329.0,8949289,13683994712774.75,2548455,-3809195,2026-09-22
NIFTY,2026-09-22,23300.0,PE,10.35,56.5,0.05,5.25,23329.0,27406236,41539676642759.75,21927165,6099925,2026-09-22
NIFTY,2026-11-23,26000.0,PE,2324.0,2430.0,2323.15,2358.35,2358.35,193,355959009.25,20150,11505,2026-09-22
NIFTY,2027-03-30,16500.0,PE,27.0,27.0,20.0,20.0,0.24,3,3222306.75,2080,130,2026-09-22
NIFTY,2027-06-29,19000.0,PE,0.0,0.0,0.0,90.0,36.77,0,0.0,940,0,2026-09-22
NIFTY,2027-06-29,19500.0,PE,0.0,0.0,0.0,17.3,59.31,0,0.0,0,0,2026-09-22
NIFTY,2026-09-22,22600.0,PE,1.0,1.15,0.05,0.1,23329.0,730002,1072392599505.5,3587610,-2169960,2026-09-22
NIFTY,2026-09-22,22250.0,PE,0.9,0.9,0.05,0.1,23329.0,131109,189619299148.5,827255,-465725,2026-09-22
NIFTY,2026-09-22,21550.0,PE,0.45,0.45,0.05,0.05,23329.0,22849,32006026500.5,269035,-68510,2026-09-22
NIFTY,2030-12-31,18000.0,CE,0.0,0.0,0.0,12674.15,9730.19,0,0.0,0,0,2026-09-22
NIFTY,2029-12-24,33000.0,CE,0.0,0.0,0.0,3816.05,1415.62,0,0.0,0,0,2026-09-22
NIFTY,2029-12-24,24000.0,CE,0.0,0.0,0.0,5200.0,4783.95,0,0.0,65,0,2026-09-22
NIFTY,2029-06-26,31500.0,CE,0.0,0.0,0.0,2878.65,1325.45,0,0.0,0,0,2026-09-22
NIFTY,2027-12-28,18000.0,PE,0.0,0.0,0.0,100.0,37.16,0,0.0,15105,0,2026-09-22
NIFTY,2027-12-28,19000.0,PE,120.0,120.0,103.05,106.1,106.1,31,38508171.0,28050,65,2026-09-22
NIFTY,2027-12-28,20000.0,PE,170.65,177.0,161.7,173.3,173.3,61,79978512.25,74780,1495,2026-09-22
NIFTY,2028-06-27,28500.0,PE,0.0,0.0,0.0,1560.85,3289.7,0,0.0,0,0,2026-09-22
NIFTY,2028-12-26,22000.0,PE,0.0,0.0,0.0,520.0,546.01,0,0.0,9020,0,2026-09-22
NIFTY,2030-12-31,30000.0,PE,0.0,0.0,0.0,1450.1,2769.06,0,0.0,0,0,2026-09-22
NIFTY,2031-06-24,24000.0,PE,0.0,0.0,0.0,933.85,843.2,0,0.0,65,0,2026-09-22
NIFTY,2031-06-24,25500.0,PE,0.0,0.0,0.0,1262.85,1172.08,0,0.0,0,0,2026-09-22
NIFTY,2031-06-24,28500.0,PE,0.0,0.0,0.0,2104.2,2035.04,0,0.0,0,0,2026-09-22
NIFTY,2031-06-24,30000.0,PE,0.0,0.0,0.0,2616.25,2568.62,0,0.0,0,0,2026-09-22
NIFTY,2028-12-26,31500.0,CE,0.0,0.0,0.0,500.0,909.97,0,0.0,585,0,2026-09-22
NIFTY,2028-12-26,22500.0,CE,0.0,0.0,0.0,7382.9,4489.68,0,0.0,0,0,2026-09-22
NIFTY,2028-06-27,30000.0,CE,0.0,0.0,0.0,2278.45,790.04,0,0.0,0,0,2026-09-22
NIFTY,2028-06-27,24000.0,CE,0.0,0.0,0.0,3918.85,2947.38,0,0.0,0,0,2026-09-22
NIFTY,2027-12-28,18000.0,CE,0.0,0.0,0.0,6285.7,6754.2,0,0.0,0,0,2026-09-22
NIFTY,2027-03-30,33000.0,CE,10.25,11.1,9.1,9.75,9.75,42,90116786.5,7475,1235,2026-09-22
NIFTY,2027-03-30,19500.0,CE,0.0,0.0,0.0,4365.4,4487.28,0,0.0,0,0,2026-09-22
NIFTY,2026-12-29,19000.0,CE,4670.0,4673.05,4549.0,4635.35,4635.35,165,253255047.5,91260,5915,2026-09-22
NIFTY,2026-12-29,16500.0,CE,0.0,0.0,0.0,10405.0,7107.5,0,0.0,0,0,2026-09-22
NIFTY,2026-11-23,25650.0,CE,0.0,0.0,0.0,38.55,73.04,0,0.0,65,0,2026-09-22
NIFTY,2026-11-23,25600.0,CE,0.0,0.0,0.0,431.25,77.73,0,0.0,0,0,2026-09-22
NIFTY,2026-11-23,25400.0,CE,0.0,0.0,0.0,496.65,99.18,0,0.0,0,0,2026-09-22
NIFTY,2026-11-23,23950.0,CE,265.55,266.95,220.0,242.0,242.0,107,168294984.0,10725,1755,2026-09-22
NIFTY,2026-11-23,23750.0,CE,360.0,365.0,296.7,326.1,326.1,176,275611641.5,10855,2600,2026-09-22
NIFTY,2026-11-23,23550.0,CE,463.25,475.0,396.65,423.7,423.7,55,85718408.75,7800,260,2026-09-22
NIFTY,2026-11-23,22750.0,CE,0.0,0.0,0.0,932.0,1093.56,0,0.0,65,0,2026-09-22
NIFTY,2026-11-23,21850.0,CE,0.0,0.0,0.0,2860.95,1799.59,0,0.0,0,0,2026-09-22
NIFTY,2026-10-27,26650.0,CE,0.0,0.0,0.0,6.95,1.77,0,0.0,390,0,2026-09-22
NIFTY,2026-10-27,26200.0,CE,4.1,4.1,3.3,4.1,4.1,35,59613105.5,8905,390,2026-09-22
NIFTY,2026-10-27,25350.0,CE,0.0,0.0,0.0,417.4,29.09,0,0.0,0,0,2026-09-22
NIFTY,2026-10-27,24250.0,CE,61.15,62.3,45.6,51.5,51.5,1361,2150136625.0,107055,11700,2026-09-22
NIFTY,2026-10-27,23500.0,CE,340.0,341.8,249.5,290.2,290.2,46308,71625429424.25,2815995,1084005,2026-09-22
NIFTY,2026-10-19,24600.0,CE,18.8,18.8,12.15,13.35,13.35,211,337588953.0,7540,1820,2026-09-22
NIFTY,2026-10-19,24200.0,CE,0.0,0.0,0.0,130.85,132.84,0,0.0,0,0,2026-09-22
NIFTY,2026-10-19,24050.0,CE,0.0,0.0,0.0,162.9,168.73,0,0.0,0,0,2026-09-22
NIFTY,2026-10-19,23900.0,CE,0.0,0.0,0.0,200.65,211.92,0,0.0,0,0,2026-09-22
NIFTY,2026-10-19,23150.0,CE,0.0,0.0,0.0,495.8,552.49,0,0.0,0,0,2026-09-22
NIFTY,2026-10-19,22450.0,CE,0.0,0.0,0.0,944.35,1059.44,0,0.0,0,0,2026-09-22
NIFTY,2026-10-19,21650.0,CE,0.0,0.0,0.0,1621.35,1786.23,0,0.0,0,0,2026-09-22
NIFTY,2026-10-13,25400.0,CE,3.35,4.15,2.85,2.95,2.95,81,133749401.5,11310,2210,2026-09-22
NIFTY,2026-10-13,25350.0,CE,4.3,4.8,2.15,2.7,2.7,34,56030916.5,780,65,2026-09-22
NIFTY,2026-10-13,25200.0,CE,4.55,4.55,3.65,3.65,8.9,10,16382567.5,1885,455,2026-09-22
NIFTY,2026-10-13,24650.0,CE,0.0,0.0,0.0,158.85,35.83,0,0.0,0,0,2026-09-22
NIFTY,2026-10-13,24300.0,CE,20.05,21.05,14.05,15.55,15.55,1576,2490967124.75,55770,9620,2026-09-22
NIFTY,2026-10-13,22850.0,CE,0.0,0.0,0.0,1050.4,694.82,0,0.0,0,0,2026-09-22
NIFTY,2026-10-13,22550.0,CE,0.0,0.0,0.0,1294.15,929.82,0,0.0,0,0,2026-09-22
NIFTY,2026-10-13,21350.0,CE,0.0,0.0,0.0,2409.75,2053.91,0,0.0,0,0,2026-09-22
NIFTY,2026-10-06,24050.0,CE,21.1,21.4,12.6,15.35,15.35,3862,6041237107.75,90155,35165,2026-09-22
NIFTY,2026-10-06,23050.0,CE,428.5,428.5,428.5,428.5,428.5,1,1526102.5,2795,65,2026-09-22
NIFTY,2026-10-06,22600.0,CE,0.0,0.0,0.0,884.3,828.94,0,0.0,0,0,2026-09-22
NIFTY,2026-10-06,21850.0,CE,0.0,0.0,0.0,2340.55,1532.19,0,0.0,0,0,2026-09-22
NIFTY,2026-10-06,21800.0,CE,0.0,0.0,0.0,2389.25,1581.41,0,0.0,0,0,2026-09-22
NIFTY,2026-10-06,21400.0,CE,0.0,0.0,0.0,2781.95,1978.12,0,0.0,0,0,2026-09-22
NIFTY,2026-09-29,33000.0,CE,0.4,0.5,0.35,0.4,0.4,172,368944719.0,34645,-130,2026-09-22
NIFTY,2026-09-29,26950.0,CE,0.45,0.45,0.45,0.45,0.45,1,1751779.25,2795,0,2026-09-22
NIFTY,2026-09-29,26300.0,CE,0.55,0.6,0.5,0.6,0.6,550,940245273.5,118560,-975,2026-09-22
NIFTY,2026-09-29,25150.0,CE,1.55,1.75,1.0,1.25,1.25,803,1312771924.75,72020,11440,2026-09-22
NIFTY,2026-09-29,24450.0,CE,3.05,3.3,2.1,2.35,2.35,31690,50368795285.25,278395,-35620,2026-09-22
NIFTY,2026-09-29,24050.0,CE,6.3,7.65,4.4,5.35,5.35,102399,160111015808.25,1233570,484250,2026-09-22
NIFTY,2026-09-29,23600.0,CE,75.05,76.95,28.15,45.95,45.95,420501,646300104053.5,4260750,1400165,2026-09-22
NIFTY,2026-09-29,23300.0,CE,244.0,249.95,124.25,179.85,179.85,390999,596600721479.75,5267015,1191970,2026-09-22
NIFTY,2026-09-29,23050.0,CE,444.9,444.9,292.15,370.0,370.0,4301,6541458787.5,47060,22490,2026-09-22
NIFTY,2026-09-29,22650.0,CE,762.3,767.35,692.35,752.05,752.05,133,202000171.75,45695,1560,2026-09-22
NIFTY,2026-09-29,22050.0,CE,1370.0,1370.0,1370.0,1370.0,1304.75,1,1522300.0,65,0,2026-09-22
NIFTY,2026-09-29,21500.0,CE,0.0,0.0,0.0,2764.6,1853.49,0,0.0,0,0,2026-09-22
NIFTY,2026-09-22,26100.0,CE,0.45,0.45,0.05,0.05,23329.0,31020,52625769972.75,406380,-68965,2026-09-22
NIFTY,2026-09-22,25100.0,CE,0.45,0.55,0.05,0.1,23329.0,23814,38852895939.0,244595,-49400,2026-09-22
NIFTY,2026-09-22,24950.0,CE,0.45,0.5,0.05,0.15,23329.0,13762,22318777130.0,195520,60970,2026-09-22
NIFTY,2026-09-22,24750.0,CE,0.55,0.6,0.05,0.1,23329.0,21753,34995474153.25,240500,85540,2026-09-22
NIFTY,2026-09-22,24500.0,CE,0.4,0.5,0.05,0.1,23329.0,637072,1014550236654.5,6741150,-390195,2026-09-22
NIFTY,2026-09-22,23850.0,CE,1.0,1.1,0.05,0.2,23329.0,1218158,1888498179577.75,3348995,-232180,2026-09-22
NIFTY,2026-09-22,23600.0,CE,8.5,10.3,0.05,0.45,23329.0,9352850,14348832423467.75,8544120,-2165020,2026-09-22
NIFTY,2026-09-22,22750.0,CE,701.2,713.0,533.15,585.0,23329.0,454,689175994.0,25610,-7280,2026-09-22
NIFTY,2026-09-22,22600.0,CE,856.0,865.95,687.95,745.95,23329.0,413,627345546.75,30420,-6955,2026-09-22
NIFTY,2026-09-22,22050.0,CE,0.0,0.0,0.0,1162.8,23329.0,0,0.0,325,0,2026-09-22
NIFTY,2026-09-22,21900.0,CE,0.0,0.0,0.0,2390.45,23329.0,0,0.0,0,0,2026-09-22
NIFTY,2026-10-19,25150.0,PE,0.0,0.0,0.0,1919.85,1732.15,0,0.0,0,0,2026-09-22
NIFTY,2026-10-19,24700.0,PE,0.0,0.0,0.0,1505.1,1317.04,0,0.0,0,0,2026-09-22
NIFTY,2026-10-19,24050.0,PE,0.0,0.0,0.0,962.95,784.29,0,0.0,0,0,2026-09-22
NIFTY,2026-10-19,24000.0,PE,652.65,652.65,643.5,643.5,748.08,4,6409094.25,325,260,2026-09-22
NIFTY,2026-11-23,25650.0,PE,0.0,0.0,0.0,1350.35,2119.29,0,0.0,0,0,2026-09-22
NIFTY,2026-12-29,14000.0,PE,6.0,6.0,6.0,6.0,0.0,2,1820780.0,9675,130,2026-09-22
NIFTY,2026-12-29,16500.0,PE,0.0,0.0,0.0,9.0,0.0,0,0.0,4420,0,2026-09-22
NIFTY,2026-12-29,18000.0,PE,18.4,18.4,16.15,16.4,16.4,1150,1346755517.25,669635,-26520,2026-09-22
NIFTY,2026-12-29,20000.0,PE,33.9,35.9,31.3,33.4,33.4,2138,2784045966.0,1340035,2575,2026-09-22
NIFTY,2027-03-30,22500.0,PE,251.05,292.0,249.0,267.8,267.8,2506,3708600905.75,764660,6045,2026-09-22
NIFTY,2027-12-28,24000.0,PE,796.0,846.0,780.25,805.2,805.2,178,287112036.25,242415,2860,2026-09-22
NIFTY,2029-12-24,16500.0,PE,0.0,0.0,0.0,10.15,49.49,0,0.0,0,0,2026-09-22
NIFTY,2029-12-24,21000.0,PE,440.0,440.0,440.0,440.0,391.43,2,2787200.0,1950,-130,2026-09-22
NIFTY,2029-12-24,30000.0,PE,2500.05,2500.05,2500.0,2500.05,2500.05,2,4225003.25,1365,130,2026-09-22
NIFTY,2030-12-31,16500.0,PE,0.0,0.0,0.0,13.65,62.27,0,0.0,0,0,2026-09-22
NIFTY,2030-12-31,19500.0,PE,0.0,0.0,0.0,67.4,230.32,0,0.0,0,0,2026-09-22
NIFTY,2026-11-23,22600.0,PE,117.0,143.0,109.45,120.05,120.05,438,647078932.5,33865,5265,2026-09-22
NIFTY,2026-09-22,22100.0,CE,1376.0,1376.0,1224.1,1250.0,23329.0,20,30361357.0,1950,780,2026-09-22
NIFTY,2026-09-22,22250.0,CE,1100.0,1123.15,1100.0,1107.75,23329.0,3,4554754.75,455,-65,2026-09-22
NIFTY,2026-09-22,22400.0,CE,1000.2,1000.2,923.8,928.15,23329.0,25,37970039.25,2665,195,2026-09-22
NIFTY,2026-09-22,23900.0,CE,0.75,0.9,0.05,0.2,23329.0,1797358,2792257872764.75,5780190,-594295,2026-09-22
NIFTY,2026-09-22,24550.0,CE,0.5,0.55,0.05,0.1,23329.0,117779,187948101337.75,788775,-95030,2026-09-22
NIFTY,2026-09-22,26000.0,CE,0.3,0.4,0.05,0.05,23329.0,52082,88019132152.25,869180,152230,2026-09-22
NIFTY,2026-09-29,16500.0,CE,0.0,0.0,0.0,10168.85,6847.79,0,0.0,0,0,2026-09-22
NIFTY,2026-09-29,21350.0,CE,0.0,0.0,0.0,2900.5,2003.31,0,0.0,0,0,2026-09-22
NIFTY,2026-09-29,21650.0,CE,0.0,0.0,0.0,1850.0,1703.68,0,0.0,65,0,2026-09-22
NIFTY,2026-09-29,23350.0,CE,199.95,214.95,100.7,149.6,149.6,266229,406576744600.0,2319395,1626430,2026-09-22
NIFTY,2026-09-29,24550.0,CE,2.5,3.0,1.75,2.05,2.05,46650,74448723765.0,711425,434460,2026-09-22
NIFTY,2026-09-29,25500.0,CE,1.3,1.4,0.95,1.15,1.15,32792,54355270446.75,3235895,11960,2026-09-22
NIFTY,2026-09-29,25750.0,CE,0.85,1.1,0.8,0.9,0.9,136,227638121.75,10465,2080,2026-09-22
NIFTY,2026-09-29,25850.0,CE,0.95,1.15,0.8,0.85,0.85,139,233563492.5,10465,-455,2026-09-22
NIFTY,2026-09-29,26000.0,CE,0.8,0.95,0.7,0.75,0.75,37464,63316073580.5,3572200,357390,2026-09-22
NIFTY,2026-09-29,26600.0,CE,0.75,0.9,0.5,0.75,0.75,129,223046863.0,36205,1560,2026-09-22
NIFTY,2026-09-29,27150.0,CE,0.8,0.8,0.45,0.45,0.0,2,3529581.25,8385,65,2026-09-22
NIFTY,2026-10-06,22550.0,CE,0.0,0.0,0.0,854.35,872.29,0,0.0,325,0,2026-09-22
NIFTY,2026-10-06,24000.0,CE,32.0,32.0,15.0,18.9,18.9,41667,65053115533.25,1178905,-197665,2026-09-22
NIFTY,2026-10-06,25350.0,CE,0.0,0.0,0.0,2.75,1.04,0,0.0,1560,0,2026-09-22
NIFTY,2026-10-13,23800.0,CE,105.2,105.2,63.25,77.7,77.7,3502,5436132052.0,145730,64285,2026-09-22
NIFTY,2026-10-13,25000.0,CE,5.8,6.1,4.5,5.45,5.45,526,854925223.75,42705,15860,2026-09-22
NIFTY,2026-10-13,25300.0,CE,0.0,0.0,0.0,4.5,6.74,0,0.0,1365,0,2026-09-22
NIFTY,2026-10-19,21350.0,CE,0.0,0.0,0.0,1902.6,2077.7,0,0.0,0,0,2026-09-22
NIFTY,2026-10-19,22400.0,CE,0.0,0.0,0.0,982.3,1101.35,0,0.0,0,0,2026-09-22
NIFTY,2026-10-19,22950.0,CE,0.0,0.0,0.0,607.05,680.13,0,0.0,0,0,2026-09-22
NIFTY,2026-10-19,24450.0,CE,41.5,41.5,20.9,22.0,86.52,6,9545402.75,780,65,2026-09-22
NIFTY,2026-10-27,22500.0,CE,1112.55,1116.0,959.0,1046.0,1046.0,1019,1559124752.25,182000,7150,2026-09-22
NIFTY,2026-10-27,23750.0,CE,209.0,209.0,151.0,175.7,175.7,918,1427848675.5,28405,-4550,2026-09-22
NIFTY,2026-10-27,23800.0,CE,189.75,189.9,134.2,156.65,156.65,13187,20538594833.25,739180,-18070,2026-09-22
NIFTY,2026-10-27,23850.0,CE,169.55,169.55,119.75,138.75,138.75,820,1278750284.5,41470,65,2026-09-22
NIFTY,2026-10-27,24650.0,CE,23.15,23.9,18.1,19.05,19.05,1297,2079787814.0,71825,34710,2026-09-22
NIFTY,2026-10-27,25250.0,CE,0.0,0.0,0.0,447.85,34.99,0,0.0,0,0,2026-09-22
NIFTY,2026-10-27,25950.0,CE,3.8,4.6,3.75,3.75,3.75,35,59045896.0,1170,-650,2026-09-22
NIFTY,2026-10-27,26500.0,CE,3.0,3.1,2.15,2.45,2.45,525,904400994.25,313040,5005,2026-09-22
NIFTY,2026-11-23,21400.0,CE,0.0,0.0,0.0,3280.1,2201.25,0,0.0,0,0,2026-09-22
NIFTY,2026-11-23,21800.0,CE,0.0,0.0,0.0,2906.85,1842.95,0,0.0,0,0,2026-09-22
NIFTY,2026-11-23,22850.0,CE,0.0,0.0,0.0,858.45,1025.64,0,0.0,65,0,2026-09-22
NIFTY,2026-11-23,23150.0,CE,0.0,0.0,0.0,651.0,836.47,0,0.0,1885,0,2026-09-22
NIFTY,2026-11-23,23650.0,CE,413.95,415.0,342.7,373.75,373.75,171,267101955.25,9100,2405,2026-09-22
NIFTY,2026-11-23,24200.0,CE,183.05,183.65,145.0,160.45,160.45,1522,2409923431.5,143130,38025,2026-09-22
NIFTY,2026-11-23,25700.0,CE,0.0,0.0,0.0,40.7,68.58,0,0.0,195,0,2026-09-22
NIFTY,2026-12-29,20000.0,CE,3739.45,3739.45,3589.15,3671.05,3671.05,117,179980359.0,631890,910,2026-09-22
NIFTY,2027-03-30,16500.0,CE,0.0,0.0,0.0,6995.9,7362.12,0,0.0,0,0,2026-09-22
NIFTY,2027-03-30,28500.0,CE,33.0,41.25,31.2,33.45,33.45,519,962568919.0,192400,4550,2026-09-22
NIFTY,2028-06-27,22500.0,CE,0.0,0.0,0.0,6796.05,3849.94,0,0.0,0,0,2026-09-22
NIFTY,2028-06-27,28500.0,CE,0.0,0.0,0.0,2990.0,1134.92,0,0.0,0,0,2026-09-22
NIFTY,2028-12-26,27000.0,CE,1760.0,1780.0,1740.8,1740.8,2173.28,4,7477704.0,4485,-65,2026-09-22
NIFTY,2029-06-26,22500.0,CE,0.0,0.0,0.0,7946.5,5093.83,0,0.0,0,0,2026-09-22
NIFTY,2030-06-25,28500.0,CE,0.0,0.0,0.0,5382.85,3237.31,0,0.0,0,0,2026-09-22
NIFTY,2030-06-25,30000.0,CE,0.0,0.0,0.0,5580.35,2699.32,0,0.0,0,0,2026-09-22
NIFTY,2031-06-24,22500.0,CE,0.0,0.0,0.0,8012.75,7265.48,0,0.0,0,0,2026-09-22
NIFTY,2026-09-22,21900.0,PE,0.65,0.7,0.05,0.05,23329.0,65883,93785878839.25,867230,-665925,2026-09-22
NIFTY,2026-09-22,23000.0,PE,1.9,2.5,0.05,0.25,23329.0,4310732,6444852215535.5,10986495,-1346540,2026-09-22
NIFTY,2026-09-22,24800.0,PE,1364.2,1654.45,1336.0,1617.0,23329.0,48,81999755.5,6695,195,2026-09-22
NIFTY,2026-09-22,24950.0,PE,0.0,0.0,0.0,887.95,23329.0,0,0.0,0,0,2026-09-22
NIFTY,2026-09-22,25050.0,PE,1595.0,1595.0,1595.0,1595.0,23329.0,1,1731925.0,0,-65,2026-09-22
NIFTY,2026-09-22,25250.0,PE,0.0,0.0,0.0,2000.0,23329.0,0,0.0,520,0,2026-09-22
NIFTY,2026-09-22,25400.0,PE,1940.0,2040.0,1940.0,2038.0,23329.0,18,32077240.0,910,-845,2026-09-22
NIFTY,2026-09-22,25450.0,PE,0.0,0.0,0.0,2200.0,23329.0,0,0.0,520,0,2026-09-22
NIFTY,2026-09-22,25850.0,PE,0.0,0.0,0.0,1613.85,23329.0,0,0.0,0,0,2026-09-22
NIFTY,2026-09-22,26100.0,PE,0.0,0.0,0.0,1839.95,23329.0,0,0.0,0,0,2026-09-22
NIFTY,2026-09-29,21450.0,PE,1.95,2.45,1.45,1.6,1.6,1354,1887979288.0,25740,2795,2026-09-22
NIFTY,2026-09-29,21600.0,PE,2.95,2.95,1.7,1.9,1.9,22745,31937196375.5,1021605,118755,2026-09-22
NIFTY,2026-09-29,21800.0,PE,3.15,3.2,1.9,2.1,2.1,31588,44764950243.0,1038310,44460,2026-09-22
NIFTY,2026-09-29,22300.0,PE,6.7,6.7,3.0,3.3,3.3,80716,117018447367.25,1598090,464945,2026-09-22
NIFTY,2026-09-29,22850.0,PE,19.75,24.45,10.0,14.4,14.4,73893,109823142952.25,910585,360620,2026-09-22
NIFTY,2026-09-29,23250.0,PE,58.0,117.15,48.7,73.6,73.6,164243,249031753181.25,1509040,393965,2026-09-22
NIFTY,2026-09-29,23350.0,PE,93.0,166.0,74.4,110.1,110.1,273914,417795654558.75,1925625,1123720,2026-09-22
NIFTY,2026-09-29,23900.0,PE,444.1,616.15,437.0,517.9,517.9,7319,11601839135.25,1012765,-118950,2026-09-22
NIFTY,2026-09-29,25000.0,PE,1533.3,1711.95,1524.4,1607.7,1607.7,1954,3376659958.75,1826160,-43820,2026-09-22
NIFTY,2026-09-29,25600.0,PE,2241.2,2250.15,2199.0,2250.0,2241.86,13,23515287.25,29120,-520,2026-09-22
NIFTY,2026-09-29,26750.0,PE,0.0,0.0,0.0,2201.15,3390.54,0,0.0,65,0,2026-09-22
NIFTY,2026-09-29,26850.0,PE,0.0,0.0,0.0,2691.9,3490.43,0,0.0,0,0,2026-09-22
NIFTY,2026-09-29,26900.0,PE,0.0,0.0,0.0,2776.0,3540.37,0,0.0,65,0,2026-09-22
NIFTY,2026-09-29,28500.0,PE,5042.65,5200.0,5030.0,5105.95,5105.95,299,653179666.75,384280,-15925,2026-09-22
NIFTY,2026-10-06,21350.0,PE,3.7,5.1,3.45,4.3,4.3,1342,1862737269.25,108355,71110,2026-09-22
NIFTY,2026-10-06,21400.0,PE,4.15,4.65,3.6,4.4,4.4,13205,18371945699.25,735345,721760,2026-09-22
NIFTY,2026-10-06,21950.0,PE,5.6,6.85,5.5,5.75,5.75,66,94191474.0,3575,-260,2026-09-22
NIFTY,2026-10-06,22150.0,PE,9.55,9.55,6.65,7.5,7.5,112,161308293.25,3965,0,2026-09-22
NIFTY,2026-10-06,22250.0,PE,10.15,11.6,7.25,8.4,8.4,282,408009507.75,10660,2340,2026-09-22
NIFTY,2026-10-06,23600.0,PE,240.05,350.9,223.65,271.1,271.1,3379,5241488528.25,118625,13975,2026-09-22
NIFTY,2026-10-06,24800.0,PE,0.0,0.0,0.0,842.45,1422.64,0,0.0,0,0,2026-09-22
NIFTY,2026-10-13,22100.0,PE,16.0,17.1,12.4,13.9,13.9,80,114998828.75,7670,1885,2026-09-22
NIFTY,2026-10-13,22650.0,PE,0.0,0.0,0.0,82.3,91.94,0,0.0,1560,0,2026-09-22
NIFTY,2026-10-13,22900.0,PE,64.2,89.65,54.3,64.15,64.15,776,1158575860.0,24115,7150,2026-09-22
NIFTY,2026-10-13,23300.0,PE,155.0,210.4,134.5,160.0,160.0,1762,2687702680.0,38610,14950,2026-09-22
NIFTY,2026-10-13,23450.0,PE,195.0,277.5,185.0,223.9,223.9,307,472300510.5,9750,1105,2026-09-22
NIFTY,2026-10-13,23600.0,PE,275.0,365.5,254.95,301.5,301.5,582,903393617.75,28730,20605,2026-09-22
NIFTY,2026-10-13,24550.0,PE,0.0,0.0,0.0,961.3,1182.21,0,0.0,0,0,2026-09-22
NIFTY,2026-10-13,25400.0,PE,0.0,0.0,0.0,1673.35,1989.4,0,0.0,0,0,2026-09-22
NIFTY,2026-10-19,21550.0,PE,0.0,0.0,0.0,27.65,9.28,0,0.0,0,0,2026-09-22
NIFTY,2026-10-19,21700.0,PE,0.0,0.0,0.0,38.4,14.12,0,0.0,0,0,2026-09-22
NIFTY,2026-10-19,23100.0,PE,125.5,138.8,107.35,123.1,123.1,51,77000878.5,2080,1365,2026-09-22
NIFTY,2026-10-19,23500.0,PE,250.4,331.85,230.7,273.35,273.35,338,522270820.5,14560,11895,2026-09-22
NIFTY,2026-10-19,24250.0,PE,0.0,0.0,0.0,1120.3,936.96,0,0.0,0,0,2026-09-22
NIFTY,2026-10-27,21550.0,PE,0.0,0.0,0.0,19.3,17.74,0,0.0,1495,0,2026-09-22
NIFTY,2026-10-27,21700.0,PE,20.6,23.9,18.0,20.15,20.15,2824,3987014476.25,153595,-1625,2026-09-22
NIFTY,2026-10-27,23050.0,PE,139.05,179.55,124.85,142.0,142.0,693,1044788420.0,35295,6500,2026-09-22
NIFTY,2026-10-27,23300.0,PE,195.0,268.25,187.95,214.4,214.4,13520,20671516092.5,1097395,98020,2026-09-22
NIFTY,2026-10-27,23350.0,PE,212.95,286.3,204.3,237.65,237.65,2025,3105618743.5,96265,-48750,2026-09-22
NIFTY,2026-10-27,23950.0,PE,572.6,631.95,571.15,571.6,735.39,17,27116615.5,6370,-195,2026-09-22
NIFTY,2026-10-27,24000.0,PE,539.45,686.75,534.0,601.05,601.05,5292,8462727942.5,1538680,4615,2026-09-22
NIFTY,2026-10-27,24550.0,PE,1095.0,1095.0,1062.85,1063.0,1184.97,13,21665855.25,6435,-845,2026-09-22
NIFTY,2026-10-27,24750.0,PE,0.0,0.0,0.0,1230.0,1353.51,0,0.0,1300,0,2026-09-22
NIFTY,2026-10-27,25450.0,PE,0.0,0.0,0.0,1058.8,1990.82,0,0.0,130,0,2026-09-22
NIFTY,2026-10-27,25650.0,PE,0.0,0.0,0.0,1057.4,2181.8,0,0.0,130,0,2026-09-22
NIFTY,2026-10-27,26500.0,PE,2875.65,3055.0,2875.65,2976.0,2976.0,31,59303474.75,21905,1625,2026-09-22
NIFTY,2026-10-27,26750.0,PE,0.0,0.0,0.0,2501.2,3260.25,0,0.0,0,0,2026-09-22
NIFTY,2026-11-23,21400.0,PE,35.85,38.05,30.0,33.05,33.05,110,153246723.5,6890,1430,2026-09-22
NIFTY,2026-11-23,22500.0,PE,102.05,129.2,97.35,107.4,107.4,3922,5763928303.25,527800,14560,2026-09-22
NIFTY,2026-11-23,25600.0,PE,0.0,0.0,0.0,1316.4,2074.52,0,0.0,0,0,2026-09-22
NIFTY,2026-10-19,22650.0,CE,0.0,0.0,0.0,799.7,898.47,0,0.0,0,0,2026-09-22
NIFTY,2026-10-19,22800.0,CE,0.0,0.0,0.0,699.65,785.43,0,0.0,0,0,2026-09-22
NIFTY,2026-10-19,23250.0,CE,0.0,0.0,0.0,445.3,494.41,0,0.0,0,0,2026-09-22
NIFTY,2026-10-19,23550.0,CE,247.55,247.55,182.1,208.45,208.45,67,103475823.75,2600,2470,2026-09-22
NIFTY,2026-10-19,24300.0,CE,0.0,0.0,0.0,112.45,112.39,0,0.0,0,0,2026-09-22
NIFTY,2026-10-27,21550.0,CE,0.0,0.0,0.0,2819.8,1927.36,0,0.0,0,0,2026-09-22
NIFTY,2026-10-27,22800.0,CE,835.0,844.85,708.0,780.1,780.1,286,438286364.75,22555,910,2026-09-22
NIFTY,2026-10-27,23200.0,CE,537.4,539.45,419.15,478.3,478.3,2428,3735812083.25,155610,2015,2026-09-22
NIFTY,2026-10-27,23450.0,CE,368.05,368.7,275.95,316.15,316.15,1408,2175844820.5,51285,23595,2026-09-22
NIFTY,2026-10-27,23600.0,CE,285.9,285.9,205.45,240.35,240.35,10230,15856476519.0,427245,36075,2026-09-22
NIFTY,2026-10-13,23150.0,CE,410.0,429.45,395.0,409.0,409.0,21,32157654.75,2600,65,2026-09-22
NIFTY,2026-10-13,22600.0,CE,0.0,0.0,0.0,1252.1,888.63,0,0.0,0,0,2026-09-22
NIFTY,2026-10-13,22350.0,CE,0.0,0.0,0.0,1467.3,1101.4,0,0.0,0,0,2026-09-22
NIFTY,2026-10-13,21700.0,CE,0.0,0.0,0.0,2070.15,1710.19,0,0.0,0,0,2026-09-22
NIFTY,2026-10-13,21600.0,CE,0.0,0.0,0.0,2166.5,1807.8,0,0.0,0,0,2026-09-22
NIFTY,2026-10-06,25300.0,CE,2.35,4.45,1.55,1.7,1.7,400,657857118.75,17550,9100,2026-09-22
NIFTY,2026-10-06,25200.0,CE,3.0,3.0,1.6,1.75,1.89,86,140879995.75,4745,1365,2026-09-22
NIFTY,2026-10-06,24950.0,CE,2.95,2.95,1.8,2.05,2.05,96,155701188.5,3445,2015,2026-09-22
NIFTY,2026-10-06,24850.0,CE,2.6,3.45,2.6,3.1,3.1,258,416785788.25,1365,260,2026-09-22
NIFTY,2026-10-27,24050.0,CE,104.9,104.9,73.7,84.8,84.8,1217,1909427578.5,109395,-6695,2026-09-22
NIFTY,2026-10-27,24750.0,CE,21.2,21.2,15.05,15.9,15.9,284,457202385.25,36400,5330,2026-09-22
NIFTY,2026-10-27,24850.0,CE,15.85,16.55,12.65,13.45,13.45,203,328074747.0,26520,-3380,2026-09-22
NIFTY,2026-10-27,25750.0,CE,5.7,5.7,4.1,4.3,4.3,223,373321032.5,32305,-3510,2026-09-22
NIFTY,2026-10-27,25850.0,CE,0.0,0.0,0.0,6.0,10.8,0,0.0,585,0,2026-09-22
NIFTY,2026-10-27,26300.0,CE,0.0,0.0,0.0,3.45,4.04,0,0.0,4940,0,2026-09-22
NIFTY,2026-11-23,22000.0,CE,1650.95,1658.0,1560.0,1645.0,1645.0,56,85981229.75,8255,650,2026-09-22
NIFTY,2026-11-23,22400.0,CE,0.0,0.0,0.0,1204.8,1349.45,0,0.0,195,0,2026-09-22
NIFTY,2026-11-23,23350.0,CE,588.55,588.55,508.4,546.75,546.75,80,124232329.0,6825,2405,2026-09-22
NIFTY,2026-11-23,24150.0,CE,196.8,197.15,159.55,175.95,175.95,156,246701936.0,16575,2405,2026-09-22
NIFTY,2026-11-23,24500.0,CE,108.0,111.15,89.1,96.4,96.4,9441,15094821859.0,576875,69095,2026-09-22
NIFTY,2026-12-29,22000.0,CE,1869.7,1885.0,1730.85,1808.8,1808.8,330,510771173.25,361715,2730,2026-09-22
NIFTY,2026-12-29,27000.0,CE,21.35,22.45,16.7,20.4,20.4,3260,5725754050.25,2300025,25950,2026-09-22
NIFTY,2026-12-29,28500.0,CE,10.0,10.3,9.75,10.1,10.1,64,118601707.25,98475,-65,2026-09-22
NIFTY,2026-12-29,29000.0,CE,8.85,8.85,7.3,7.7,7.7,239,450633196.0,460310,-210,2026-09-22
NIFTY,2026-12-29,31000.0,CE,6.4,6.5,5.5,6.35,6.35,49,98754834.75,132685,-130,2026-09-22
NIFTY,2027-03-30,27000.0,CE,76.65,82.4,73.1,73.9,73.9,2528,4449116337.25,1033045,35100,2026-09-22
NIFTY,2027-03-30,31500.0,CE,0.0,0.0,0.0,10.0,9.34,0,0.0,455,0,2026-09-22
NIFTY,2027-12-28,16500.0,CE,0.0,0.0,0.0,11316.4,8110.31,0,0.0,0,0,2026-09-22
NIFTY,2029-12-24,18000.0,CE,0.0,0.0,0.0,11362.4,8799.12,0,0.0,0,0,2026-09-22
NIFTY,2030-06-25,21000.0,CE,0.0,0.0,0.0,10421.65,7172.8,0,0.0,0,0,2026-09-22
NIFTY,2030-12-31,31500.0,CE,0.0,0.0,0.0,4554.55,2731.75,0,0.0,0,0,2026-09-22
NIFTY,2031-06-24,15000.0,CE,0.0,0.0,0.0,12902.2,12263.69,0,0.0,0,0,2026-09-22
NIFTY,2031-06-24,21000.0,CE,0.0,0.0,0.0,8900.75,8173.07,0,0.0,0,0,2026-09-22
NIFTY,2031-06-24,33000.0,CE,0.0,0.0,0.0,3451.55,2744.57,0,0.0,0,0,2026-09-22
NIFTY,2026-09-22,21950.0,PE,0.75,0.75,0.05,0.1,23329.0,28460,40605748150.5,311415,-208845,2026-09-22
NIFTY,2026-09-22,22000.0,PE,0.7,0.7,0.05,0.1,23329.0,429632,614384319061.5,4939610,-4992975,2026-09-22
NIFTY,2026-09-22,23050.0,PE,3.25,3.25,0.05,0.35,23329.0,4073015,6102765402097.0,3959345,-798070,2026-09-22
NIFTY,2026-09-22,24000.0,PE,521.1,722.8,516.45,668.4,23329.0,13288,21275454053.75,541905,-195845,2026-09-22
NIFTY,2026-09-22,24050.0,PE,610.0,760.1,585.8,704.2,23329.0,268,430578599.75,16965,-4680,2026-09-22
NIFTY,2026-09-29,22400.0,PE,6.45,7.2,3.7,4.0,4.0,102919,149881352712.0,2338570,118235,2026-09-22
NIFTY,2026-09-29,23050.0,PE,33.0,54.5,21.15,31.75,31.75,132187,198344041808.25,907010,301990,2026-09-22
NIFTY,2026-09-29,24850.0,PE,1486.65,1533.8,1440.0,1440.6,1493.05,20,34200149.75,12220,-1170,2026-09-22
NIFTY,2026-09-29,25050.0,PE,1575.0,1730.0,1575.0,1730.0,1692.57,5,8684650.0,3705,-130,2026-09-22
NIFTY,2026-09-29,25300.0,PE,1845.0,1949.0,1837.85,1898.25,1942.21,42,74293007.75,27365,-1625,2026-09-22
NIFTY,2026-09-29,25550.0,PE,2070.0,2166.55,2070.0,2166.55,2191.91,2,3596875.75,390,0,2026-09-22
NIFTY,2026-09-29,26000.0,PE,2544.5,2715.0,2527.2,2611.5,2611.5,1716,3191740064.5,1831930,-53820,2026-09-22
NIFTY,2026-09-29,26050.0,PE,0.0,0.0,0.0,1710.0,2691.34,0,0.0,260,0,2026-09-22
NIFTY,2026-09-29,34500.0,PE,0.0,0.0,0.0,7064.95,11131.72,0,0.0,0,0,2026-09-22
NIFTY,2026-10-06,21900.0,PE,6.0,7.35,4.65,5.25,5.25,1219,1735688454.5,46605,28275,2026-09-22
NIFTY,2026-10-06,22000.0,PE,8.2,8.2,5.5,5.9,5.9,6959,9954249483.75,285090,90285,2026-09-22
NIFTY,2026-10-06,23450.0,PE,160.9,250.75,150.35,189.05,189.05,5518,8476684667.75,64805,28210,2026-09-22
NIFTY,2026-10-06,24000.0,PE,552.05,693.7,526.8,593.0,593.0,865,1383230793.75,62725,17810,2026-09-22
NIFTY,2026-10-06,25800.0,PE,0.0,0.0,0.0,1653.0,2412.43,0,0.0,0,0,2026-09-22
NIFTY,2026-10-13,21750.0,PE,0.0,0.0,0.0,16.1,8.42,0,0.0,0,0,2026-09-22
NIFTY,2026-10-13,23350.0,PE,155.05,226.55,150.0,178.55,178.55,500,764750876.5,18850,1950,2026-09-22
NIFTY,2026-10-13,23650.0,PE,335.0,354.15,322.25,337.2,337.2,53,82640483.25,2210,-1430,2026-09-22
NIFTY,2026-10-13,25000.0,PE,0.0,0.0,0.0,1320.95,1600.9,0,0.0,0,0,2026-09-22
NIFTY,2026-10-19,21850.0,PE,0.0,0.0,0.0,52.35,20.98,0,0.0,0,0,2026-09-22
NIFTY,2026-10-19,21950.0,PE,0.0,0.0,0.0,63.7,26.98,0,0.0,0,0,2026-09-22
NIFTY,2026-10-19,23400.0,PE,213.0,270.9,192.75,226.5,226.5,231,354792217.0,8840,5850,2026-09-22
NIFTY,2026-10-19,24200.0,PE,0.0,0.0,0.0,1080.05,897.74,0,0.0,0,0,2026-09-22
NIFTY,2026-10-19,24550.0,PE,0.0,0.0,0.0,1372.75,1185.51,0,0.0,0,0,2026-09-22
NIFTY,2026-10-19,24600.0,PE,0.0,0.0,0.0,1416.5,1228.88,0,0.0,0,0,2026-09-22
NIFTY,2026-10-27,21600.0,PE,18.65,21.45,16.05,18.4,18.4,898,1261861539.25,65585,2860,2026-09-22
NIFTY,2026-10-27,21900.0,PE,24.85,30.3,22.15,25.35,25.35,1361,1939654925.0,66365,11115,2026-09-22
NIFTY,2026-10-06,24650.0,CE,6.45,6.5,3.6,3.75,3.75,113,181087322.0,2535,1430,2026-09-22
NIFTY,2026-10-06,24500.0,CE,6.75,6.95,4.65,5.25,5.25,12096,19267228223.75,512200,150930,2026-09-22
NIFTY,2026-10-06,24200.0,CE,14.1,14.1,8.3,9.4,9.4,12530,19717955162.75,329095,51025,2026-09-22
NIFTY,2026-10-06,24100.0,CE,19.35,19.4,10.75,13.25,13.25,15485,24271368088.5,339560,44200,2026-09-22
NIFTY,2026-10-06,23350.0,CE,259.1,266.15,164.9,212.7,212.7,7242,11090001867.75,83005,47320,2026-09-22
NIFTY,2026-10-06,23100.0,CE,444.6,449.0,318.55,387.95,387.95,975,1488130920.25,21645,6500,2026-09-22
NIFTY,2026-10-06,22750.0,CE,0.0,0.0,0.0,653.9,703.85,0,0.0,260,0,2026-09-22
NIFTY,2026-10-06,22200.0,CE,0.0,0.0,0.0,2003.7,1193.03,0,0.0,0,0,2026-09-22
NIFTY,2026-09-29,27100.0,CE,0.55,0.65,0.45,0.5,0.5,9,15853808.75,12740,-260,2026-09-22
NIFTY,2026-09-29,26800.0,CE,0.45,1.55,0.45,0.65,0.65,40,69682216.5,1885,-390,2026-09-22
NIFTY,2026-09-29,26200.0,CE,0.95,0.95,0.7,0.75,0.75,229,389998544.0,138905,-1755,2026-09-22
NIFTY,2026-09-29,25600.0,CE,1.1,1.3,0.85,1.0,1.0,2159,3592718434.5,145015,9100,2026-09-22
NIFTY,2026-09-29,25200.0,CE,1.55,1.7,1.0,1.15,1.15,17108,28024392077.5,745810,37440,2026-09-22
NIFTY,2026-09-29,23700.0,CE,41.95,45.6,16.35,27.05,27.05,417610,644048926472.25,5210725,1765205,2026-09-22
NIFTY,2026-09-29,23000.0,CE,491.0,499.95,330.5,416.7,416.7,39930,60766508227.75,1401140,44395,2026-09-22
NIFTY,2026-09-29,22800.0,CE,664.7,679.8,506.9,599.0,599.0,2524,3837875593.5,258245,-12090,2026-09-22
NIFTY,2026-09-29,22200.0,CE,1223.0,1223.0,1112.0,1193.25,1193.25,95,144305411.25,5980,4680,2026-09-22
NIFTY,2026-09-22,24600.0,CE,0.45,0.6,0.05,0.1,23329.0,233447,373286173880.75,1989520,456755,2026-09-22
NIFTY,2026-10-27,21950.0,PE,28.5,32.4,24.55,28.45,43.01,64,91430712.75,10920,1625,2026-09-22
NIFTY,2026-10-27,22000.0,PE,28.75,35.65,25.5,28.85,28.85,13835,19810858252.25,1365130,158795,2026-09-22
NIFTY,2026-10-27,22900.0,PE,104.05,141.85,97.75,112.2,112.2,5531,8274371085.5,261560,22815,2026-09-22
NIFTY,2026-10-27,22950.0,PE,115.05,151.0,106.65,121.2,121.2,533,799443105.5,36335,10985,2026-09-22
NIFTY,2026-10-27,23150.0,PE,157.35,211.1,148.05,169.6,169.6,659,999050464.75,32890,1430,2026-09-22
NIFTY,2026-10-27,23750.0,PE,381.95,497.0,381.95,413.95,413.95,88,138278621.0,12025,520,2026-09-22
NIFTY,2026-10-27,23800.0,PE,410.65,537.85,403.9,449.95,449.95,6211,9791884784.5,480350,-31265,2026-09-22
NIFTY,2026-10-27,25700.0,PE,2150.0,2150.0,2150.0,2150.0,2229.94,1,1810250.0,390,65,2026-09-22
NIFTY,2026-10-27,26250.0,PE,0.0,0.0,0.0,2081.05,2766.42,0,0.0,0,0,2026-09-22
NIFTY,2026-10-27,26400.0,PE,0.0,0.0,0.0,2204.4,2914.19,0,0.0,0,0,2026-09-22
NIFTY,2026-11-23,21350.0,PE,33.0,33.0,26.9,27.2,27.2,5,6947960.5,260,260,2026-09-22
NIFTY,2026-11-23,21950.0,PE,66.8,66.8,57.45,60.65,99.85,38,54376107.5,2470,1495,2026-09-22
NIFTY,2026-11-23,22050.0,PE,72.8,72.8,71.95,71.95,114.71,17,24445583.5,2665,975,2026-09-22
NIFTY,2026-11-23,22150.0,PE,70.65,80.75,67.0,73.15,73.15,23,33223726.25,2990,260,2026-09-22
NIFTY,2026-11-23,22800.0,PE,151.0,182.05,139.95,154.15,154.15,2178,3250120081.0,167895,106275,2026-09-22
