SYMBOL,EXPIRY_DT,STRIKE_PR,OPTION_TYP,OPEN,HIGH,LOW,CLOSE,SETTLE_PR,CONTRACTS,VAL_INLAKH,OPEN_INT,CHG_IN_OI,TIMESTAMP
NIFTY,2026-09-15,25900.0,PE,0.0,0.0,0.0,1387.75,23118.6,0,0.0,0,0,2026-09-15
NIFTY,2026-09-29,27050.0,PE,0.0,0.0,0.0,2869.35,3870.46,0,0.0,0,0,2026-09-15
NIFTY,2026-09-29,26500.0,PE,2980.0,3315.0,2978.15,3252.8,3252.8,84,161887696.75,842790,-1690,2026-09-15
NIFTY,2026-09-29,26200.0,PE,2680.0,2820.0,2680.0,2820.0,3022.38,20,37689600.0,37050,-715,2026-09-15
NIFTY,2026-09-29,25850.0,PE,0.0,0.0,0.0,1859.75,2673.21,0,0.0,0,0,2026-09-15
NIFTY,2026-09-29,24800.0,PE,1310.0,1610.0,1300.45,1581.1,1581.1,258,439940848.75,347165,-5330,2026-09-15
NIFTY,2026-09-29,24450.0,PE,1037.0,1263.15,1030.85,1228.25,1228.25,80,133167313.5,86060,-910,2026-09-15
NIFTY,2026-09-29,23650.0,PE,269.9,532.2,266.95,490.35,490.35,2614,4081397914.75,219765,-1235,2026-09-15
NIFTY,2026-09-29,23600.0,PE,225.05,497.2,220.0,451.1,451.1,34461,53712091576.0,1542190,-38025,2026-09-15
NIFTY,2026-09-29,23000.0,PE,61.05,167.4,60.0,149.7,149.7,127006,190800406329.0,6543460,215825,2026-09-15
NIFTY,2026-09-29,22900.0,PE,57.0,135.0,46.65,120.8,120.8,32591,48698783237.0,813930,-26520,2026-09-15
NIFTY,2026-09-22,26050.0,PE,0.0,0.0,0.0,1794.15,2902.04,0,0.0,0,0,2026-09-15
NIFTY,2026-09-22,23650.0,PE,218.25,526.3,204.75,480.85,480.85,12093,18850867259.25,215410,93080,2026-09-15
NIFTY,2026-09-22,23550.0,PE,168.2,436.25,153.5,395.35,395.35,26672,41270197026.5,154895,-32695,2026-09-15
NIFTY,2026-09-22,23500.0,PE,112.2,393.15,112.2,355.05,355.05,240330,370866663358.75,2412475,220220,2026-09-15
NIFTY,2026-09-22,23400.0,PE,115.7,318.1,100.25,285.6,285.6,312034,478599496310.0,2980315,595595,2026-09-15
NIFTY,2026-09-22,22650.0,PE,18.25,39.95,13.05,36.2,36.2,38386,56581357335.75,480415,272090,2026-09-15
NIFTY,2026-09-22,22400.0,PE,12.0,20.3,8.0,18.25,18.25,140335,204445671644.5,1833975,1203605,2026-09-15
NIFTY,2026-09-22,21650.0,PE,5.85,5.9,2.95,4.5,4.5,39644,55799518268.0,1289600,1289600,2026-09-15
NIFTY,2026-09-15,26150.0,PE,0.0,0.0,0.0,1603.05,23118.6,0,0.0,0,0,2026-09-15
NIFTY,2026-09-15,25500.0,PE,2010.0,2389.05,2005.85,2316.7,23118.6,964,1733391084.75,16445,-45890,2026-09-15
NIFTY,2026-09-15,23000.0,PE,2.25,7.2,0.05,1.9,23118.6,8672206,12966336190951.0,10538840,-1820325,2026-09-15
NIFTY,2026-09-15,22850.0,PE,1.6,2.4,0.05,0.95,23118.6,1611603,2393730722545.5,2984930,-385580,2026-09-15
NIFTY,2026-09-15,22750.0,PE,2.4,2.4,0.05,0.55,23118.6,1001371,1480818281767.5,2436785,-109395,2026-09-15
NIFTY,2026-09-15,21900.0,PE,0.8,0.8,0.05,0.1,23118.6,165754,235953928213.25,1266525,-1850615,2026-09-15
NIFTY,2031-06-24,30000.0,CE,0.0,0.0,0.0,4459.9,3623.75,0,0.0,0,0,2026-09-15
NIFTY,2031-06-24,18000.0,CE,0.0,0.0,0.0,10825.95,9959.48,0,0.0,0,0,2026-09-15
NIFTY,2030-12-31,25500.0,CE,0.0,0.0,0.0,7639.65,5009.13,0,0.0,0,0,2026-09-15
NIFTY,2030-12-31,19500.0,CE,0.0,0.0,0.0,11601.15,8516.15,0,0.0,0,0,2026-09-15
NIFTY,2029-12-24,21000.0,CE,0.0,0.0,0.0,9463.95,6481.86,0,0.0,0,0,2026-09-15
NIFTY,2029-06-26,25500.0,CE,0.0,0.0,0.0,5917.35,3318.41,0,0.0,0,0,2026-09-15
NIFTY,2028-06-27,27000.0,CE,0.0,0.0,0.0,1935.0,1540.53,0,0.0,65,0,2026-09-15
NIFTY,2027-12-28,21000.0,CE,0.0,0.0,0.0,4902.4,4087.94,0,0.0,0,0,2026-09-15
NIFTY,2027-06-29,19500.0,CE,0.0,0.0,0.0,8143.4,4640.74,0,0.0,0,0,2026-09-15
NIFTY,2027-06-29,16500.0,CE,0.0,0.0,0.0,10867.2,7422.25,0,0.0,0,0,2026-09-15
NIFTY,2027-03-30,30000.0,CE,21.85,23.65,20.85,22.3,22.3,175,341506776.0,148395,3640,2026-09-15
NIFTY,2027-03-30,21000.0,CE,2500.0,2500.0,2500.0,2500.0,2989.35,1,1527500.0,6630,-65,2026-09-15
NIFTY,2026-12-29,25500.0,CE,120.0,120.0,86.3,88.65,88.65,6259,10412421639.75,985595,-85150,2026-09-15
NIFTY,2026-12-29,19500.0,CE,0.0,0.0,0.0,7586.85,3979.16,0,0.0,0,0,2026-09-15
NIFTY,2026-11-23,25900.0,CE,0.0,0.0,0.0,345.7,53.35,0,0.0,0,0,2026-09-15
NIFTY,2026-11-23,25300.0,CE,0.0,0.0,0.0,532.0,108.12,0,0.0,0,0,2026-09-15
NIFTY,2026-11-23,24800.0,CE,106.05,106.45,78.85,82.2,82.2,1892,3060895734.0,81900,20995,2026-09-15
NIFTY,2026-11-23,24300.0,CE,220.0,224.9,158.2,163.55,163.55,1067,1697649684.25,57915,-9035,2026-09-15
NIFTY,2026-11-23,22300.0,CE,1286.5,1286.5,1286.5,1286.5,1286.5,3,4599367.5,195,195,2026-09-15
NIFTY,2026-11-23,21950.0,CE,0.0,0.0,0.0,2769.65,1579.69,0,0.0,0,0,2026-09-15
NIFTY,2026-10-27,26450.0,CE,0.0,0.0,0.0,8.15,4.14,0,0.0,520,0,2026-09-15
NIFTY,2026-10-27,24600.0,CE,65.6,66.0,43.5,45.85,45.85,12040,19292854171.5,350675,29445,2026-09-15
NIFTY,2026-10-27,24100.0,CE,183.0,183.0,105.4,110.25,110.25,6091,9592194306.5,401505,43160,2026-09-15
NIFTY,2026-10-27,23650.0,CE,341.2,342.55,227.45,238.0,238.0,516,802496578.0,27690,6500,2026-09-15
NIFTY,2026-10-27,23250.0,CE,571.55,579.65,413.6,430.45,430.45,277,426784946.25,9035,6110,2026-09-15
NIFTY,2026-10-27,22650.0,CE,0.0,0.0,0.0,1882.95,871.47,0,0.0,0,0,2026-09-15
NIFTY,2026-10-27,21950.0,CE,0.0,0.0,0.0,2463.7,1412.24,0,0.0,0,0,2026-09-15
NIFTY,2026-10-27,21800.0,CE,0.0,0.0,0.0,2595.5,1541.89,0,0.0,0,0,2026-09-15
NIFTY,2026-10-13,24350.0,CE,0.0,0.0,0.0,236.65,75.64,0,0.0,0,0,2026-09-15
NIFTY,2026-10-13,23450.0,CE,343.0,343.0,237.0,237.55,237.55,57,87929175.75,3705,2925,2026-09-15
NIFTY,2026-10-13,22050.0,CE,0.0,0.0,0.0,1739.4,1226.76,0,0.0,0,0,2026-09-15
NIFTY,2026-10-13,21950.0,CE,0.0,0.0,0.0,1832.65,1314.9,0,0.0,0,0,2026-09-15
NIFTY,2026-10-13,21750.0,CE,0.0,0.0,0.0,2022.25,1496.55,0,0.0,0,0,2026-09-15
NIFTY,2026-10-06,25250.0,CE,5.4,8.0,5.4,6.65,6.65,23,37759078.5,2730,260,2026-09-15
NIFTY,2026-10-06,25050.0,CE,8.65,11.0,6.1,7.6,7.6,264,430012043.5,2275,2275,2026-09-15
NIFTY,2026-10-06,24900.0,CE,12.15,19.15,8.0,9.1,9.1,307,497126750.25,8775,6955,2026-09-15
NIFTY,2026-10-06,23750.0,CE,159.9,160.35,82.45,89.55,89.55,397,616103969.0,10660,3120,2026-09-15
NIFTY,2026-10-06,23600.0,CE,233.95,234.75,123.65,132.95,132.95,1717,2652817830.0,43875,9620,2026-09-15
NIFTY,2026-10-06,22900.0,CE,0.0,0.0,0.0,1367.45,517.9,0,0.0,0,0,2026-09-15
NIFTY,2026-10-06,22500.0,CE,0.0,0.0,0.0,1723.05,799.7,0,0.0,0,0,2026-09-15
NIFTY,2026-10-06,22400.0,CE,0.0,0.0,0.0,1815.55,879.31,0,0.0,0,0,2026-09-15
NIFTY,2026-10-06,22350.0,CE,0.0,0.0,0.0,1862.2,920.29,0,0.0,0,0,2026-09-15
NIFTY,2026-10-06,22300.0,CE,0.0,0.0,0.0,1909.15,962.01,0,0.0,0,0,2026-09-15
NIFTY,2026-10-06,22100.0,CE,0.0,0.0,0.0,2099.1,1135.44,0,0.0,0,0,2026-09-15
NIFTY,2026-09-29,25950.0,CE,3.9,3.9,2.65,3.05,0.03,14,23617304.75,10790,0,2026-09-15
NIFTY,2026-09-29,24300.0,CE,27.85,27.85,10.6,12.2,12.2,45329,71645471218.75,4210245,-274625,2026-09-15
NIFTY,2026-09-29,23100.0,CE,527.45,527.45,280.95,307.5,307.5,8173,12450135366.5,162565,101075,2026-09-15
NIFTY,2026-09-15,23200.0,CE,379.85,379.85,0.05,11.4,23118.6,10750950,16239373995325.0,16571165,15409810,2026-09-15
NIFTY,2026-09-15,23600.0,CE,45.0,47.95,0.05,0.95,23118.6,7762545,11910734571638.5,8983845,1080950,2026-09-15
NIFTY,2026-09-15,23900.0,CE,1.7,2.45,0.05,0.25,23118.6,2434418,3782014776234.5,6235060,-669565,2026-09-15
NIFTY,2026-09-15,24500.0,CE,0.55,0.95,0.05,0.25,23118.6,1071223,1705952940282.5,9356880,-756730,2026-09-15
NIFTY,2026-09-15,25600.0,CE,0.35,0.35,0.05,0.1,23118.6,23266,38714953514.25,196560,-285025,2026-09-15
NIFTY,2026-09-22,22200.0,CE,1150.0,1160.0,985.0,988.55,988.55,36,54454156.25,2210,2145,2026-09-15
NIFTY,2026-09-22,22950.0,CE,565.0,565.0,300.25,330.7,330.7,1554,2353494864.5,22815,20020,2026-09-15
NIFTY,2026-09-22,23250.0,CE,353.55,364.75,124.1,141.2,141.2,106419,161952654929.0,1740440,1634165,2026-09-15
NIFTY,2026-09-22,23800.0,CE,64.95,70.0,10.8,12.85,12.85,342917,531007226545.25,4165785,2009280,2026-09-15
NIFTY,2026-09-22,24100.0,CE,25.0,25.0,4.05,5.35,5.35,232790,364771809746.5,3290365,1950000,2026-09-15
NIFTY,2026-09-22,24800.0,CE,2.75,2.95,1.25,1.4,1.4,201815,325355084915.25,3156985,1621490,2026-09-15
NIFTY,2026-09-22,25000.0,CE,2.25,2.65,1.05,1.2,1.2,467906,760404476399.75,7803120,3700190,2026-09-15
NIFTY,2026-09-29,34500.0,PE,0.0,0.0,0.0,7064.95,11303.68,0,0.0,0,0,2026-09-15
NIFTY,2026-09-29,26050.0,PE,0.0,0.0,0.0,1710.0,2872.73,0,0.0,260,0,2026-09-15
NIFTY,2026-09-29,26000.0,PE,2477.7,2811.3,2463.9,2764.6,2764.6,797,1482748754.5,1992220,-15535,2026-09-15
NIFTY,2026-09-29,25550.0,PE,0.0,0.0,0.0,1770.0,2374.02,0,0.0,390,0,2026-09-15
NIFTY,2026-09-29,25300.0,PE,1875.0,2075.0,1875.0,2075.0,2075.0,5,8865697.75,29835,-130,2026-09-15
NIFTY,2026-09-29,25050.0,PE,0.0,0.0,0.0,1464.65,1876.47,0,0.0,3900,0,2026-09-15
NIFTY,2026-09-29,24850.0,PE,0.0,0.0,0.0,1375.0,1678.66,0,0.0,13845,0,2026-09-15
NIFTY,2026-09-29,23050.0,PE,71.8,185.0,71.05,165.8,165.8,6812,10263799403.0,155545,-13260,2026-09-15
NIFTY,2026-09-29,22400.0,PE,17.0,46.75,17.0,42.95,42.95,17347,25296767869.75,421915,181675,2026-09-15
NIFTY,2026-09-22,24050.0,PE,553.7,894.4,553.7,857.8,857.8,473,760998803.5,24570,13650,2026-09-15
NIFTY,2026-09-22,24000.0,PE,496.9,852.7,496.9,806.25,806.25,24866,39930754880.25,1246765,444340,2026-09-15
NIFTY,2026-09-22,23050.0,PE,40.05,130.75,40.0,115.4,115.4,83519,125602513276.5,788905,487695,2026-09-15
NIFTY,2026-09-22,22000.0,PE,9.0,9.5,4.65,7.65,7.65,198565,284035107768.75,4624815,2651350,2026-09-15
NIFTY,2026-09-22,21950.0,PE,9.9,9.9,4.45,7.25,7.25,14289,20392923690.75,106470,44460,2026-09-15
NIFTY,2026-09-15,26200.0,PE,0.0,0.0,0.0,1647.25,23118.6,0,0.0,0,0,2026-09-15
NIFTY,2026-09-15,26000.0,PE,2510.0,2895.0,2505.4,2859.25,23118.6,749,1393254850.0,21645,-38415,2026-09-15
NIFTY,2026-09-15,25350.0,PE,0.0,0.0,0.0,956.1,23118.6,0,0.0,0,0,2026-09-15
NIFTY,2026-09-15,24500.0,PE,993.45,1392.4,992.0,1337.1,23118.6,5173,8626171794.5,144885,-172705,2026-09-15
NIFTY,2026-09-15,24450.0,PE,985.0,1334.1,983.15,1266.9,23118.6,246,409167606.25,9490,-4615,2026-09-15
NIFTY,2026-09-15,24150.0,PE,645.1,1034.15,643.0,988.8,23118.6,804,1306305185.25,52260,-14430,2026-09-15
NIFTY,2026-09-15,22800.0,PE,1.75,2.0,0.05,0.65,23118.6,2100071,3112408810800.25,6667960,273780,2026-09-15
NIFTY,2026-09-15,22350.0,PE,0.75,0.9,0.05,0.2,23118.6,186962,271612585721.75,688480,-55445,2026-09-15
NIFTY,2030-12-31,30000.0,PE,0.0,0.0,0.0,1450.1,2885.33,0,0.0,0,0,2026-09-15
NIFTY,2028-12-26,26000.0,PE,0.0,0.0,0.0,1468.0,1890.38,0,0.0,6940,0,2026-09-15
NIFTY,2031-06-24,19500.0,PE,0.0,0.0,0.0,289.2,254.09,0,0.0,0,0,2026-09-15
NIFTY,2030-12-31,24000.0,PE,0.0,0.0,0.0,1000.0,947.59,0,0.0,520,0,2026-09-15
NIFTY,2030-06-25,28500.0,PE,0.0,0.0,0.0,1167.6,2475.06,0,0.0,0,0,2026-09-15
NIFTY,2029-12-24,33000.0,PE,0.0,0.0,0.0,2953.7,5080.07,0,0.0,0,0,2026-09-15
NIFTY,2029-12-24,24000.0,PE,713.0,950.0,713.0,950.0,950.0,3,4840940.0,520,65,2026-09-15
NIFTY,2029-06-26,30000.0,PE,0.0,0.0,0.0,2031.05,3697.41,0,0.0,0,0,2026-09-15
NIFTY,2029-06-26,27000.0,PE,0.0,0.0,0.0,1252.35,2186.77,0,0.0,0,0,2026-09-15
NIFTY,2029-06-26,25500.0,PE,0.0,0.0,0.0,624.25,1584.01,0,0.0,0,0,2026-09-15
NIFTY,2026-09-15,21950.0,CE,0.0,0.0,0.0,2654.25,23118.6,0,0.0,0,0,2026-09-15
NIFTY,2026-09-15,22400.0,CE,950.0,950.0,728.3,736.15,23118.6,11,16571360.0,780,65,2026-09-15
NIFTY,2026-09-15,22750.0,CE,761.95,761.95,349.6,387.3,23118.6,1478,2228189632.5,24050,4615,2026-09-15
NIFTY,2026-09-15,22850.0,CE,660.4,660.4,247.75,280.45,23118.6,13281,19989260463.25,79300,46865,2026-09-15
NIFTY,2026-09-15,23300.0,CE,294.0,294.0,0.05,6.6,23118.6,15330890,23256372065514.25,19037005,16259945,2026-09-15
NIFTY,2026-09-15,24150.0,CE,0.8,1.0,0.05,0.2,23118.6,713570,1120152731610.25,3190590,1077505,2026-09-15
NIFTY,2026-09-15,24800.0,CE,0.35,0.6,0.05,0.1,23118.6,250692,404120188046.25,1279590,-1745965,2026-09-15
NIFTY,2026-09-15,25450.0,CE,0.35,0.35,0.05,0.1,23118.6,26669,44117563467.25,108355,-163150,2026-09-15
NIFTY,2026-09-15,25500.0,CE,0.35,0.45,0.05,0.1,23118.6,136798,226744433643.0,985660,-754455,2026-09-15
NIFTY,2026-09-22,22550.0,CE,741.4,757.5,672.75,680.3,680.3,34,51347952.5,1365,1365,2026-09-15
NIFTY,2026-09-22,22700.0,CE,795.0,795.0,499.0,534.55,534.55,538,814108646.0,33020,11180,2026-09-15
NIFTY,2026-09-22,23550.0,CE,180.0,180.0,36.25,42.35,42.35,145218,222918120337.25,1534520,1206205,2026-09-15
NIFTY,2026-09-22,24350.0,CE,7.8,7.8,2.75,3.35,3.35,61564,97457684860.25,729105,399360,2026-09-15
NIFTY,2026-09-29,22600.0,CE,855.0,857.0,657.0,688.2,688.2,55,83434081.25,2470,585,2026-09-15
NIFTY,2026-09-29,23850.0,CE,92.25,93.05,35.7,39.2,39.2,21734,33757296618.5,700310,442715,2026-09-15
NIFTY,2026-09-29,24950.0,CE,8.3,12.0,4.75,5.35,5.35,1982,3215115484.75,93340,-10400,2026-09-15
NIFTY,2026-09-29,25400.0,CE,6.0,6.0,3.35,3.65,3.65,2008,3315777461.75,194675,-9490,2026-09-15
NIFTY,2026-09-29,26500.0,CE,1.7,1.7,1.1,1.35,1.35,2907,5007559956.75,886730,-325,2026-09-15
NIFTY,2026-09-29,26650.0,CE,0.0,0.0,0.0,2.0,0.0,0,0.0,910,0,2026-09-15
NIFTY,2026-09-29,28500.0,CE,0.75,0.75,0.55,0.6,0.6,921,1706191207.5,519285,-5330,2026-09-15
NIFTY,2026-09-29,31500.0,CE,0.8,1.2,0.8,1.1,1.1,10,20475624.0,16835,0,2026-09-15
NIFTY,2026-10-06,22700.0,CE,0.0,0.0,0.0,1542.1,650.85,0,0.0,0,0,2026-09-15
NIFTY,2026-10-06,23650.0,CE,218.0,218.0,109.0,114.7,114.7,363,561668126.5,7995,-1430,2026-09-15
NIFTY,2026-10-06,23800.0,CE,166.9,166.9,77.05,82.05,82.05,1883,2926144117.0,61750,9360,2026-09-15
NIFTY,2026-10-06,24400.0,CE,33.9,38.0,17.75,18.9,18.9,2459,3904464749.25,38480,-6825,2026-09-15
NIFTY,2026-10-06,25650.0,CE,7.25,7.85,1.35,6.0,1.24,29,48360672.75,5265,-260,2026-09-15
NIFTY,2026-10-06,25800.0,CE,5.5,6.5,2.25,5.5,5.5,220,369009628.0,38545,2210,2026-09-15
NIFTY,2026-10-13,22300.0,CE,0.0,0.0,0.0,1511.7,1016.09,0,0.0,0,0,2026-09-15
NIFTY,2026-10-13,22400.0,CE,0.0,0.0,0.0,1423.35,936.33,0,0.0,0,0,2026-09-15
NIFTY,2026-10-13,23200.0,CE,436.25,436.25,349.7,369.95,369.95,152,232904080.5,4290,4290,2026-09-15
NIFTY,2026-10-13,23600.0,CE,275.25,282.65,168.8,177.45,177.45,282,436384819.0,8645,2405,2026-09-15
NIFTY,2026-10-13,23850.0,CE,168.0,169.3,105.9,108.8,108.8,206,321155032.25,11440,7865,2026-09-15
NIFTY,2026-10-13,24000.0,CE,130.55,130.55,73.0,77.05,77.05,736,1152818264.0,20475,17680,2026-09-15
NIFTY,2026-10-13,24250.0,CE,0.0,0.0,0.0,268.25,90.29,0,0.0,0,0,2026-09-15
NIFTY,2026-10-27,23550.0,CE,383.65,405.1,266.15,280.05,280.05,494,766556336.0,17615,5265,2026-09-15
NIFTY,2026-10-27,24150.0,CE,148.15,148.15,97.2,101.05,101.05,530,835994168.75,26260,1820,2026-09-15
NIFTY,2026-10-27,24300.0,CE,124.75,124.8,74.05,77.35,77.35,6952,11020569137.5,367835,21905,2026-09-15
NIFTY,2026-10-27,24700.0,CE,55.75,55.75,36.25,38.3,38.3,5181,8332749691.5,282620,-14950,2026-09-15
NIFTY,2026-10-27,26400.0,CE,9.1,9.1,7.4,7.95,4.59,12,20598240.0,455,-260,2026-09-15
NIFTY,2026-10-27,26900.0,CE,6.4,7.45,6.0,6.1,6.1,19,33229384.5,13260,325,2026-09-15
NIFTY,2026-11-23,21900.0,CE,0.0,0.0,0.0,2815.2,1620.05,0,0.0,0,0,2026-09-15
NIFTY,2026-11-23,22150.0,CE,1411.85,1411.85,1411.85,1411.85,1411.85,3,4594560.75,195,195,2026-09-15
NIFTY,2026-11-23,23050.0,CE,0.0,0.0,0.0,1832.8,820.08,0,0.0,0,0,2026-09-15
NIFTY,2026-11-23,25050.0,CE,0.0,0.0,0.0,628.4,142.13,0,0.0,0,0,2026-09-15
NIFTY,2026-12-29,33000.0,CE,3.9,4.4,3.7,4.4,0.02,34,72938534.5,105365,-975,2026-09-15
NIFTY,2027-03-30,25500.0,CE,330.0,330.0,275.05,279.45,279.45,2688,4506137922.0,692185,11440,2026-09-15
NIFTY,2027-06-29,22500.0,CE,0.0,0.0,0.0,5539.6,2289.99,0,0.0,0,0,2026-09-15
NIFTY,2027-12-28,19500.0,CE,0.0,0.0,0.0,8684.7,5279.08,0,0.0,0,0,2026-09-15
NIFTY,2027-12-28,27000.0,CE,605.0,614.0,535.0,544.9,544.9,469,840824491.0,128715,8905,2026-09-15
NIFTY,2028-06-27,33000.0,CE,0.0,0.0,0.0,2004.15,350.19,0,0.0,0,0,2026-09-15
NIFTY,2029-06-26,16500.0,CE,0.0,0.0,0.0,12587.95,9329.94,0,0.0,0,0,2026-09-15
NIFTY,2030-06-25,27000.0,CE,0.0,0.0,0.0,6972.5,3759.6,0,0.0,0,0,2026-09-15
NIFTY,2031-06-24,19500.0,CE,0.0,0.0,0.0,9840.6,8959.62,0,0.0,0,0,2026-09-15
NIFTY,2031-06-24,25500.0,CE,0.0,0.0,0.0,6409.8,5514.39,0,0.0,0,0,2026-09-15
NIFTY,2026-09-15,22400.0,PE,0.7,1.2,0.05,0.2,23118.6,537064,781977518367.5,2292940,-2672605,2026-09-15
NIFTY,2026-09-15,23300.0,PE,17.0,206.5,6.75,143.55,23118.6,17699511,26860816515175.5,3423680,-10378615,2026-09-15
NIFTY,2026-09-15,24400.0,PE,881.0,1287.95,878.65,1229.2,23118.6,2242,3714303255.0,88660,-54860,2026-09-15
NIFTY,2026-09-15,25300.0,PE,1840.0,2078.6,1835.85,2078.6,23118.6,48,85022980.25,2470,-1365,2026-09-15
NIFTY,2026-09-22,22750.0,PE,21.25,54.0,16.6,48.35,48.35,70674,104670796015.5,514280,315965,2026-09-15
NIFTY,2026-09-22,23600.0,PE,181.8,475.9,175.0,436.15,436.15,67413,104715839582.25,1012310,416455,2026-09-15
NIFTY,2026-09-22,23800.0,PE,331.6,659.1,330.5,615.85,615.85,13220,20868046806.75,605670,126815,2026-09-15
NIFTY,2026-09-22,23850.0,PE,369.55,703.95,369.55,660.55,660.55,2029,3213866474.0,68965,43355,2026-09-15
NIFTY,2026-09-29,19500.0,PE,2.75,3.4,1.7,2.95,2.95,4500,5704458909.5,1042795,-36790,2026-09-15
NIFTY,2026-09-29,21750.0,PE,10.0,18.3,8.85,16.8,16.8,1339,1894347643.5,52975,19565,2026-09-15
NIFTY,2026-09-29,24200.0,PE,677.8,1030.55,677.8,981.2,981.2,5049,8238216905.75,1780090,-59865,2026-09-15
NIFTY,2026-09-29,24300.0,PE,744.95,1129.2,744.95,1084.6,1084.6,4131,6785752171.25,3071640,-85085,2026-09-15
NIFTY,2026-09-29,24500.0,PE,940.0,1326.55,940.0,1274.15,1274.15,7751,12931574158.75,3076970,-32955,2026-09-15
NIFTY,2026-09-29,24650.0,PE,1178.15,1438.0,1176.5,1419.9,1419.9,48,81057015.0,36985,0,2026-09-15
NIFTY,2026-09-29,25200.0,PE,1711.55,2033.7,1711.55,1970.1,1970.1,73,128547971.5,80990,-1170,2026-09-15
NIFTY,2026-09-29,25400.0,PE,1875.0,2175.0,1875.0,2175.0,2175.0,7,12495317.25,26780,-195,2026-09-15
NIFTY,2026-09-29,25450.0,PE,0.0,0.0,0.0,946.5,2274.35,0,0.0,715,0,2026-09-15
NIFTY,2026-09-29,25950.0,PE,0.0,0.0,0.0,1299.0,2772.97,0,0.0,65,0,2026-09-15
NIFTY,2026-10-06,22200.0,PE,17.5,49.0,17.5,46.25,46.25,834,1205662068.0,33800,12675,2026-09-15
NIFTY,2026-10-06,22550.0,PE,62.4,86.65,62.4,82.55,82.55,31,45597132.75,1300,1300,2026-09-15
NIFTY,2026-10-06,23400.0,PE,194.0,376.7,189.2,355.75,355.75,1343,2065441472.25,35425,23530,2026-09-15
NIFTY,2026-10-06,23550.0,PE,247.85,456.6,247.6,448.0,448.0,151,234551050.5,4745,-3900,2026-09-15
NIFTY,2026-10-06,23800.0,PE,415.0,631.3,407.15,622.45,622.45,96,151634151.5,11050,-910,2026-09-15
NIFTY,2026-10-06,24050.0,PE,578.3,578.3,577.1,577.1,933.46,2,3201601.0,260,0,2026-09-15
NIFTY,2026-10-06,24100.0,PE,621.6,707.85,620.5,705.05,975.28,26,41874348.75,650,390,2026-09-15
NIFTY,2026-10-06,24200.0,PE,725.0,725.0,725.0,725.0,1060.8,1,1620125.0,195,65,2026-09-15
NIFTY,2026-10-06,24750.0,PE,0.0,0.0,0.0,808.1,1564.74,0,0.0,0,0,2026-09-15
NIFTY,2026-10-06,25200.0,PE,0.0,0.0,0.0,1141.5,2001.25,0,0.0,0,0,2026-09-15
NIFTY,2026-10-06,25300.0,PE,0.0,0.0,0.0,1222.15,2099.64,0,0.0,0,0,2026-09-15
NIFTY,2026-10-06,25550.0,PE,0.0,0.0,0.0,1432.35,2346.82,0,0.0,0,0,2026-09-15
NIFTY,2026-10-13,22250.0,PE,0.0,0.0,0.0,47.6,88.26,0,0.0,0,0,2026-09-15
NIFTY,2026-10-13,23050.0,PE,121.8,237.35,120.55,231.2,231.2,80,120716690.25,3380,650,2026-09-15
NIFTY,2026-10-13,23200.0,PE,154.7,298.35,152.9,286.85,286.85,281,428116308.75,5395,3185,2026-09-15
NIFTY,2026-10-13,24800.0,PE,0.0,0.0,0.0,1155.2,1601.59,0,0.0,0,0,2026-09-15
NIFTY,2026-10-27,23400.0,PE,275.95,443.55,247.55,419.5,419.5,4632,7153612186.5,278915,-2665,2026-09-15
NIFTY,2026-10-27,23600.0,PE,341.7,550.0,337.45,521.65,521.65,2505,3916478497.75,225030,2015,2026-09-15
NIFTY,2026-10-27,23650.0,PE,367.75,582.7,367.75,551.6,551.6,148,232379702.75,29510,-3965,2026-09-15
NIFTY,2026-10-27,24200.0,PE,700.0,983.6,700.0,953.9,953.9,457,744282106.75,204555,-6110,2026-09-15
NIFTY,2026-10-27,24650.0,PE,1340.0,1340.0,1340.0,1340.0,1449.58,1,1689350.0,4615,0,2026-09-15
NIFTY,2026-10-27,24700.0,PE,1148.45,1320.0,1148.4,1320.0,1492.45,85,143275093.0,123825,1885,2026-09-15
NIFTY,2026-10-27,24950.0,PE,0.0,0.0,0.0,1390.55,1712.45,0,0.0,3835,0,2026-09-15
NIFTY,2026-10-27,26550.0,PE,0.0,0.0,0.0,2330.1,3242.08,0,0.0,0,0,2026-09-15
NIFTY,2026-10-27,26850.0,PE,0.0,0.0,0.0,2588.1,3538.3,0,0.0,0,0,2026-09-15
NIFTY,2026-10-27,27150.0,PE,0.0,0.0,0.0,2853.65,3835.26,0,0.0,0,0,2026-09-15
NIFTY,2026-10-27,27200.0,PE,0.0,0.0,0.0,2898.55,3884.8,0,0.0,0,0,2026-09-15
NIFTY,2026-11-23,22000.0,PE,80.0,124.5,67.0,119.6,119.6,4598,6605700211.5,153790,42250,2026-09-15
NIFTY,2026-11-23,23800.0,PE,490.0,701.3,481.05,668.45,668.45,400,634603531.25,87360,-130,2026-09-15
NIFTY,2026-11-23,24000.0,PE,574.4,827.25,574.2,792.15,792.15,2321,3731254796.75,251290,-2340,2026-09-15
NIFTY,2026-11-23,24500.0,PE,924.95,1191.95,914.2,1157.2,1157.2,452,750993490.0,198510,-1105,2026-09-15
NIFTY,2026-11-23,24600.0,PE,1006.35,1013.55,1004.7,1008.05,1414.23,9,14980189.25,975,-130,2026-09-15
NIFTY,2026-11-23,24900.0,PE,0.0,0.0,0.0,887.45,1651.71,0,0.0,0,0,2026-09-15
NIFTY,2026-11-23,25300.0,PE,0.0,0.0,0.0,1121.6,1988.58,0,0.0,0,0,2026-09-15
NIFTY,2026-12-29,23000.0,PE,276.1,397.3,259.95,377.85,377.85,12749,19342737544.0,3000400,21895,2026-09-15
NIFTY,2026-12-29,30000.0,PE,5940.0,6218.1,5920.45,6195.35,6195.35,86,201412909.75,387045,285,2026-09-15
NIFTY,2027-03-30,24000.0,PE,650.0,833.9,628.95,811.4,811.4,4144,6662586264.75,725205,-84695,2026-09-15
NIFTY,2027-06-29,22500.0,PE,395.0,419.0,395.0,402.05,402.05,15,22336138.5,2275,650,2026-09-15
NIFTY,2027-12-28,25000.0,PE,1188.7,1273.95,1115.0,1260.5,1260.5,234,398792251.0,124085,2925,2026-09-15
NIFTY,2027-12-28,26000.0,PE,1587.5,1723.1,1551.75,1706.8,1706.8,179,321845904.25,79565,1625,2026-09-15
NIFTY,2028-06-27,33000.0,PE,0.0,0.0,0.0,3707.8,6708.53,0,0.0,0,0,2026-09-15
NIFTY,2028-12-26,23000.0,PE,700.0,770.0,675.0,764.5,838.49,14,21579499.5,2715,65,2026-09-15
NIFTY,2026-09-29,24000.0,CE,60.0,66.6,22.35,24.75,24.75,174130,272024115564.5,9199710,691795,2026-09-15
NIFTY,2026-09-29,24100.0,CE,48.0,48.0,16.5,18.35,18.35,71352,111892805459.5,1830400,-15730,2026-09-15
NIFTY,2026-09-29,24850.0,CE,7.95,8.05,5.0,5.5,5.5,2311,3733803534.5,260260,4745,2026-09-15
NIFTY,2026-09-29,25650.0,CE,4.0,4.1,2.55,3.35,3.35,279,465227109.75,29510,11960,2026-09-15
NIFTY,2026-09-29,26700.0,CE,2.2,2.2,1.4,1.55,0.0,27,46861626.5,2665,130,2026-09-15
NIFTY,2026-09-29,26900.0,CE,1.05,1.25,1.05,1.25,0.0,3,5245724.25,5720,0,2026-09-15
NIFTY,2026-10-06,22000.0,CE,0.0,0.0,0.0,2195.25,1225.55,0,0.0,0,0,2026-09-15
NIFTY,2026-09-15,21850.0,CE,0.0,0.0,0.0,2752.45,23118.6,0,0.0,0,0,2026-09-15
NIFTY,2026-09-15,22100.0,CE,0.0,0.0,0.0,2507.55,23118.6,0,0.0,0,0,2026-09-15
NIFTY,2026-09-15,23850.0,CE,3.9,3.9,0.05,0.3,23118.6,1774455,2750970702288.25,3204110,192335,2026-09-15
NIFTY,2026-09-15,24200.0,CE,0.9,0.9,0.05,0.25,23118.6,1443044,2269961144067.5,8558810,3102970,2026-09-15
NIFTY,2026-09-15,24250.0,CE,1.7,1.7,0.05,0.2,23118.6,466454,735263367153.25,3097445,1297205,2026-09-15
NIFTY,2026-09-22,23400.0,CE,255.0,274.7,68.9,80.15,80.15,464225,709668155800.5,6271525,4202900,2026-09-15
NIFTY,2026-09-22,23350.0,CE,258.0,300.0,85.5,99.05,99.05,142471,217515645330.75,1385410,1178255,2026-09-15
NIFTY,2026-10-06,22800.0,CE,697.9,699.05,578.9,582.75,582.75,23,35050629.25,455,455,2026-09-15
NIFTY,2026-10-06,23950.0,CE,105.45,105.45,54.4,55.55,55.55,436,681027090.25,25805,13130,2026-09-15
NIFTY,2026-10-06,24600.0,CE,22.6,24.45,12.1,12.7,12.7,717,1147274573.25,48815,13195,2026-09-15
NIFTY,2026-10-06,24800.0,CE,12.35,15.55,8.4,10.75,10.75,142,229017340.5,2535,2535,2026-09-15
NIFTY,2026-10-06,25550.0,CE,7.4,7.4,5.0,5.95,1.71,62,102991385.25,2600,585,2026-09-15
NIFTY,2026-10-06,25600.0,CE,7.65,7.65,4.6,5.25,5.25,150,249658721.0,3055,-4420,2026-09-15
NIFTY,2026-10-06,25750.0,CE,5.0,5.0,4.0,4.45,4.45,15,25110572.5,1105,0,2026-09-15
NIFTY,2026-10-13,22900.0,CE,0.0,0.0,0.0,1011.95,585.17,0,0.0,0,0,2026-09-15
NIFTY,2026-10-13,24400.0,CE,0.0,0.0,0.0,130.25,69.09,0,0.0,65,0,2026-09-15
NIFTY,2026-10-13,24800.0,CE,26.35,28.0,14.85,16.65,16.65,549,885781273.0,23920,14820,2026-09-15
NIFTY,2026-10-27,21700.0,CE,0.0,0.0,0.0,2684.55,1630.41,0,0.0,0,0,2026-09-15
NIFTY,2026-10-27,21900.0,CE,0.0,0.0,0.0,2507.4,1455.01,0,0.0,0,0,2026-09-15
NIFTY,2026-10-27,22200.0,CE,1220.0,1220.0,1220.0,1220.0,1220.0,1,1522300.0,65,65,2026-09-15
NIFTY,2026-10-27,22900.0,CE,746.0,750.0,626.2,656.0,656.0,82,125655874.5,2990,2405,2026-09-15
NIFTY,2026-10-27,23300.0,CE,551.8,570.7,382.05,404.25,404.25,4584,7075370311.75,181350,94120,2026-09-15
NIFTY,2026-10-27,24350.0,CE,105.05,105.05,66.6,70.7,70.7,496,787820897.5,40040,4355,2026-09-15
NIFTY,2026-10-27,26150.0,CE,0.0,0.0,0.0,9.75,7.58,0,0.0,780,0,2026-09-15
NIFTY,2026-10-27,26550.0,CE,0.0,0.0,0.0,5.9,3.36,0,0.0,260,0,2026-09-15
NIFTY,2026-10-27,26800.0,CE,0.0,0.0,0.0,6.25,1.97,0,0.0,650,0,2026-09-15
NIFTY,2026-10-27,26950.0,CE,0.0,0.0,0.0,4.25,1.41,0,0.0,780,0,2026-09-15
NIFTY,2026-11-23,22050.0,CE,1497.25,1497.25,1497.25,1497.25,1497.25,3,4591713.75,195,195,2026-09-15
NIFTY,2026-11-23,22550.0,CE,0.0,0.0,0.0,2241.1,1132.36,0,0.0,0,0,2026-09-15
NIFTY,2026-11-23,22900.0,CE,906.05,910.0,804.0,812.6,812.6,12,18508233.25,325,65,2026-09-15
NIFTY,2026-11-23,24400.0,CE,190.5,190.5,138.15,142.6,142.6,491,783798349.75,49855,4095,2026-09-15
NIFTY,2026-11-23,24700.0,CE,121.05,123.1,90.2,96.1,96.1,786,1267317818.0,50375,2730,2026-09-15
NIFTY,2026-11-23,25000.0,CE,84.25,85.6,64.05,66.15,66.15,5285,8612889652.25,546390,15340,2026-09-15
NIFTY,2026-11-23,25350.0,CE,0.0,0.0,0.0,514.1,102.22,0,0.0,0,0,2026-09-15
NIFTY,2026-11-23,26050.0,CE,0.0,0.0,0.0,309.45,44.22,0,0.0,0,0,2026-09-15
NIFTY,2026-12-29,23000.0,CE,1145.0,1175.0,931.2,955.85,955.85,4729,7389471940.5,994900,107055,2026-09-15
NIFTY,2027-06-29,19000.0,CE,0.0,0.0,0.0,7800.0,5089.0,0,0.0,75,0,2026-09-15
NIFTY,2027-06-29,31500.0,CE,0.0,0.0,0.0,769.15,48.38,0,0.0,0,0,2026-09-15
NIFTY,2028-06-27,18000.0,CE,0.0,0.0,0.0,6809.35,7114.04,0,0.0,0,0,2026-09-15
NIFTY,2029-06-26,28500.0,CE,0.0,0.0,0.0,4213.3,2112.7,0,0.0,0,0,2026-09-15
NIFTY,2029-06-26,30000.0,CE,0.0,0.0,0.0,5268.4,1658.13,0,0.0,0,0,2026-09-15
NIFTY,2029-12-24,31500.0,CE,0.0,0.0,0.0,3429.3,1723.34,0,0.0,0,0,2026-09-15
NIFTY,2030-06-25,22500.0,CE,0.0,0.0,0.0,9012.4,6077.74,0,0.0,0,0,2026-09-15
NIFTY,2030-12-31,30000.0,CE,0.0,0.0,0.0,5227.2,3146.7,0,0.0,0,0,2026-09-15
NIFTY,2031-06-24,24000.0,CE,0.0,0.0,0.0,7181.9,6280.91,0,0.0,0,0,2026-09-15
NIFTY,2026-09-15,23800.0,PE,277.65,702.4,244.75,647.5,23118.6,39958,62924055873.25,560885,-470990,2026-09-15
NIFTY,2026-09-15,23850.0,PE,333.95,757.75,329.9,691.45,23118.6,8889,14085329124.75,116805,-100685,2026-09-15
NIFTY,2026-09-15,24100.0,PE,584.15,999.05,584.15,954.0,23118.6,4606,7451608931.0,330005,-37960,2026-09-15
NIFTY,2026-09-15,25950.0,PE,0.0,0.0,0.0,1430.0,23118.6,0,0.0,0,0,2026-09-15
NIFTY,2026-09-22,21700.0,PE,5.9,6.65,3.2,4.9,4.9,180937,255260541506.75,5225805,2161770,2026-09-15
NIFTY,2026-11-23,24300.0,PE,1000.0,1037.05,983.8,1003.9,1003.9,22,36194041.0,12935,65,2026-09-15
NIFTY,2026-09-22,23050.0,CE,478.65,488.9,232.8,260.55,260.55,5062,7676659974.75,91975,58955,2026-09-15
NIFTY,2026-09-15,25350.0,CE,0.45,0.45,0.05,0.15,23118.6,20577,33906015702.0,139815,-21190,2026-09-15
NIFTY,2027-06-29,16500.0,PE,0.0,0.0,0.0,22.2,2.5,0,0.0,780,0,2026-09-15
NIFTY,2027-03-30,28500.0,PE,0.0,0.0,0.0,2937.15,4515.22,0,0.0,65,0,2026-09-15
NIFTY,2026-09-15,24450.0,CE,2.25,2.25,0.05,0.2,23118.6,206192,327696157525.75,1058980,356850,2026-09-15
NIFTY,2026-09-15,24750.0,CE,0.4,1.05,0.05,0.3,23118.6,141019,226867283509.75,901485,-54210,2026-09-15
NIFTY,2026-09-15,24950.0,CE,0.4,0.45,0.05,0.1,23118.6,60895,98757507901.0,452400,-89960,2026-09-15
NIFTY,2027-03-30,21000.0,PE,104.65,136.2,101.95,130.95,130.95,3076,4223465691.25,825500,75985,2026-09-15
NIFTY,2031-06-24,33000.0,PE,0.0,0.0,0.0,3810.15,3957.2,0,0.0,0,0,2026-09-15
NIFTY,2031-06-24,22500.0,PE,0.0,0.0,0.0,663.6,624.88,0,0.0,0,0,2026-09-15
NIFTY,2030-12-31,31500.0,PE,0.0,0.0,0.0,1885.5,3549.55,0,0.0,0,0,2026-09-15
NIFTY,2030-12-31,28500.0,PE,0.0,0.0,0.0,1083.1,2289.57,0,0.0,0,0,2026-09-15
NIFTY,2030-12-31,22500.0,PE,0.0,0.0,0.0,219.35,649.18,0,0.0,0,0,2026-09-15
NIFTY,2028-12-26,19500.0,PE,0.0,0.0,0.0,49.0,212.68,0,0.0,0,0,2026-09-15
NIFTY,2028-06-27,31500.0,PE,0.0,0.0,0.0,2935.6,5539.72,0,0.0,0,0,2026-09-15
NIFTY,2028-06-27,22500.0,PE,0.0,0.0,0.0,206.95,702.05,0,0.0,0,0,2026-09-15
NIFTY,2027-12-28,25500.0,PE,0.0,0.0,0.0,676.05,1879.01,0,0.0,0,0,2026-09-15
NIFTY,2026-12-29,25500.0,PE,1679.4,1939.8,1670.9,1910.9,1910.9,206,365664546.0,365625,2210,2026-09-15
NIFTY,2026-11-23,26050.0,PE,0.0,0.0,0.0,1637.9,2665.76,0,0.0,0,0,2026-09-15
NIFTY,2026-11-23,25800.0,PE,0.0,0.0,0.0,1454.8,2434.82,0,0.0,0,0,2026-09-15
NIFTY,2026-11-23,24750.0,PE,0.0,0.0,0.0,807.55,1531.17,0,0.0,0,0,2026-09-15
NIFTY,2026-09-22,23700.0,PE,216.6,566.55,216.6,521.75,521.75,29086,45546598220.5,838175,320125,2026-09-15
NIFTY,2026-09-22,24350.0,PE,860.0,1160.0,860.0,1152.6,1152.6,167,275510748.5,11895,10595,2026-09-15
NIFTY,2026-09-22,24500.0,PE,1012.1,1339.7,993.65,1298.6,1298.6,3875,6466763062.5,302055,160745,2026-09-15
NIFTY,2026-09-22,25000.0,PE,1509.75,1834.55,1502.15,1795.75,1795.75,687,1190822798.75,80210,41145,2026-09-15
NIFTY,2026-09-22,25100.0,PE,1720.0,1877.0,1720.0,1865.2,1865.2,12,20980394.5,1105,780,2026-09-15
NIFTY,2026-09-22,25300.0,PE,1806.15,1806.15,1806.15,1806.15,2152.89,1,1761899.75,65,65,2026-09-15
NIFTY,2026-09-22,25600.0,PE,0.0,0.0,0.0,2130.0,2452.55,0,0.0,325,0,2026-09-15
NIFTY,2026-09-29,21850.0,PE,13.85,21.0,12.05,19.05,19.05,2902,4124893945.25,81900,48165,2026-09-15
NIFTY,2026-09-29,22150.0,PE,13.0,35.4,13.0,28.4,28.4,1462,2106811001.75,54665,15990,2026-09-15
NIFTY,2026-09-29,22800.0,PE,43.9,109.3,39.35,97.45,97.45,56821,84465385933.5,1263925,-145925,2026-09-15
NIFTY,2026-09-29,22950.0,PE,58.8,150.7,56.75,134.9,134.9,8007,11996878341.5,246155,26780,2026-09-15
NIFTY,2026-09-29,24700.0,PE,1182.7,1515.35,1179.05,1464.3,1464.3,273,463247606.25,237575,-2275,2026-09-15
NIFTY,2026-09-29,25800.0,PE,2350.0,2350.0,2350.0,2350.0,2623.33,1,1829750.0,20930,65,2026-09-15
NIFTY,2026-09-29,26650.0,PE,0.0,0.0,0.0,2517.6,3471.36,0,0.0,0,0,2026-09-15
NIFTY,2026-09-29,26800.0,PE,0.0,0.0,0.0,2222.1,3621.03,0,0.0,1365,0,2026-09-15
NIFTY,2026-09-29,27100.0,PE,0.0,0.0,0.0,2914.15,3920.35,0,0.0,0,0,2026-09-15
NIFTY,2026-09-29,30000.0,PE,6500.25,6775.0,6479.8,6762.2,6762.2,71,168768206.75,138905,-2340,2026-09-15
NIFTY,2026-10-06,22700.0,PE,53.8,117.55,53.1,106.5,106.5,295,437102831.75,7475,7410,2026-09-15
NIFTY,2026-10-06,23000.0,PE,80.25,196.25,80.25,179.35,179.35,4752,7148468583.75,105560,13975,2026-09-15
NIFTY,2026-10-06,24300.0,PE,0.0,0.0,0.0,493.95,1148.59,0,0.0,130,0,2026-09-15
NIFTY,2026-10-06,24650.0,PE,0.0,0.0,0.0,741.5,1469.91,0,0.0,0,0,2026-09-15
NIFTY,2026-10-06,25400.0,PE,0.0,0.0,0.0,1304.85,2198.34,0,0.0,0,0,2026-09-15
NIFTY,2026-10-06,25450.0,PE,0.0,0.0,0.0,1346.9,2247.78,0,0.0,0,0,2026-09-15
NIFTY,2026-10-06,25650.0,PE,0.0,0.0,0.0,1519.5,2446.01,0,0.0,0,0,2026-09-15
NIFTY,2026-10-13,21650.0,PE,0.0,0.0,0.0,12.65,23.57,0,0.0,0,0,2026-09-15
NIFTY,2026-10-13,21950.0,PE,0.0,0.0,0.0,25.4,47.51,0,0.0,0,0,2026-09-15
NIFTY,2026-10-13,22800.0,PE,75.0,161.25,75.0,154.45,154.45,203,302358507.75,5655,1950,2026-09-15
NIFTY,2026-10-13,23100.0,PE,136.75,256.55,135.45,248.0,248.0,109,165098570.0,3055,2145,2026-09-15
NIFTY,2026-10-13,23750.0,PE,0.0,0.0,0.0,456.25,725.83,0,0.0,0,0,2026-09-15
NIFTY,2026-10-13,24900.0,PE,0.0,0.0,0.0,1237.05,1695.16,0,0.0,0,0,2026-09-15
NIFTY,2026-10-13,25050.0,PE,0.0,0.0,0.0,1363.6,1837.36,0,0.0,0,0,2026-09-15
NIFTY,2026-10-13,25100.0,PE,0.0,0.0,0.0,1406.65,1885.18,0,0.0,0,0,2026-09-15
NIFTY,2026-10-27,23200.0,PE,169.5,350.15,169.5,331.45,331.45,5051,7711747342.0,316355,40820,2026-09-15
NIFTY,2026-10-27,23700.0,PE,379.95,614.1,376.45,582.95,582.95,2079,3271806596.5,330980,5915,2026-09-15
NIFTY,2026-10-27,24450.0,PE,1092.3,1092.3,1090.5,1090.5,1282.39,2,3320382.0,11700,-65,2026-09-15
NIFTY,2026-10-27,25800.0,PE,2325.0,2325.0,2325.0,2325.0,2508.9,1,1828125.0,455,65,2026-09-15
NIFTY,2026-10-27,26050.0,PE,0.0,0.0,0.0,1920.65,2751.55,0,0.0,0,0,2026-09-15
NIFTY,2026-11-23,21750.0,PE,65.0,65.0,65.0,65.0,116.29,1,1417975.0,455,65,2026-09-15
NIFTY,2026-11-23,22250.0,PE,102.3,158.55,97.45,151.7,151.7,163,237033231.5,2925,260,2026-09-15
NIFTY,2026-11-23,22850.0,PE,249.9,277.4,249.9,271.1,271.1,5,7513242.75,910,130,2026-09-15
NIFTY,2026-11-23,22900.0,PE,199.85,302.0,192.5,285.3,285.3,252,379682413.5,7735,4875,2026-09-15
NIFTY,2026-11-23,23750.0,PE,526.0,676.5,526.0,640.8,640.8,12,19002061.0,4030,-325,2026-09-15
NIFTY,2026-09-22,23450.0,CE,200.05,239.15,56.4,65.85,65.85,178970,274002237567.5,2109835,1151020,2026-09-15
NIFTY,2026-09-22,24200.0,CE,12.2,13.1,3.35,4.3,4.3,196526,309206311219.0,2760680,1428115,2026-09-15
NIFTY,2026-09-22,24650.0,CE,3.85,3.85,1.65,1.9,1.9,22753,36460057549.5,192465,69745,2026-09-15
NIFTY,2026-09-22,26050.0,CE,0.95,1.15,0.8,0.85,0.85,233,394541371.25,9490,6500,2026-09-15
NIFTY,2026-09-29,23900.0,CE,89.95,89.95,29.6,32.7,32.7,68784,107058957824.0,1881685,-79430,2026-09-15
NIFTY,2026-10-06,24350.0,PE,0.0,0.0,0.0,560.0,1193.26,0,0.0,0,0,2026-09-15
NIFTY,2026-10-06,23850.0,PE,502.0,657.55,502.0,653.85,653.85,18,28609093.5,4290,-260,2026-09-15
NIFTY,2026-10-06,23350.0,PE,169.45,347.95,169.45,323.35,323.35,485,743816251.75,8840,-325,2026-09-15
NIFTY,2026-10-06,23200.0,PE,133.95,281.4,133.15,256.1,256.1,1780,2710934674.5,62790,21645,2026-09-15
NIFTY,2026-10-06,22950.0,PE,80.0,178.4,80.0,169.55,169.55,105,157589705.0,2145,1365,2026-09-15
NIFTY,2026-10-06,22450.0,PE,43.0,78.2,40.45,70.45,70.45,23,33646957.5,910,845,2026-09-15
NIFTY,2026-10-06,21850.0,PE,0.0,0.0,0.0,8.55,21.72,0,0.0,0,0,2026-09-15
NIFTY,2026-09-29,27200.0,PE,0.0,0.0,0.0,3004.3,4020.12,0,0.0,0,0,2026-09-15
NIFTY,2026-09-29,26300.0,PE,2780.0,3090.85,2779.95,3090.85,3090.85,9,17066962.25,80535,-390,2026-09-15
NIFTY,2026-09-29,25750.0,PE,0.0,0.0,0.0,1840.05,2573.46,0,0.0,520,0,2026-09-15
NIFTY,2026-09-29,24600.0,PE,1085.8,1408.0,1081.4,1381.65,1381.65,288,483756107.25,681980,1235,2026-09-15
NIFTY,2026-09-29,24400.0,PE,879.95,1220.4,879.9,1179.05,1179.05,710,1176204708.25,1954680,-2015,2026-09-15
NIFTY,2026-09-29,24250.0,PE,634.15,1074.75,634.15,1041.0,1041.0,416,681641632.75,159575,-4875,2026-09-15
NIFTY,2026-09-29,24100.0,PE,601.15,935.7,596.05,886.25,886.25,3311,5360296155.5,843830,-74230,2026-09-15
NIFTY,2026-09-29,23950.0,PE,485.7,786.75,480.0,746.95,746.95,283,452031095.75,131495,-3185,2026-09-15
NIFTY,2026-09-29,23750.0,PE,326.0,615.55,325.95,577.8,577.8,2395,3770906152.0,159640,-59735,2026-09-15
NIFTY,2026-09-29,23700.0,PE,300.0,572.65,275.4,528.6,528.6,12390,19428229895.75,1115985,-11570,2026-09-15
NIFTY,2026-09-29,23150.0,PE,99.0,225.3,83.4,203.9,203.9,10000,15161097841.5,393705,105820,2026-09-15
NIFTY,2026-09-29,22250.0,PE,16.0,35.2,15.0,32.55,32.55,1425,2063536627.75,61295,12480,2026-09-15
NIFTY,2026-09-29,22200.0,PE,18.8,32.55,14.0,30.65,30.65,9815,14179193590.25,448240,104390,2026-09-15
NIFTY,2026-09-29,21700.0,PE,10.55,17.3,8.8,15.85,15.85,9446,13331534336.25,388895,8970,2026-09-15
NIFTY,2026-09-22,25550.0,PE,0.0,0.0,0.0,2140.0,2402.6,0,0.0,65,0,2026-09-15
NIFTY,2026-09-22,22950.0,PE,35.2,98.0,29.25,86.25,86.25,68478,102431024748.0,669305,335140,2026-09-15
NIFTY,2026-09-22,22850.0,PE,27.55,72.9,22.05,64.6,64.6,54277,80774355723.75,498160,142350,2026-09-15
NIFTY,2026-09-22,22450.0,PE,17.75,22.85,8.75,20.7,20.7,28797,42050648006.25,281060,160225,2026-09-15
NIFTY,2026-09-22,22100.0,PE,9.7,10.95,5.2,9.15,9.15,46040,66159750179.25,610415,309530,2026-09-15
NIFTY,2026-09-22,21850.0,PE,9.25,9.25,3.9,6.15,6.15,5520,7841776267.0,75140,66040,2026-09-15
NIFTY,2026-09-22,21750.0,PE,5.35,7.1,3.35,5.2,5.2,9219,13036238761.0,116090,71630,2026-09-15
NIFTY,2026-09-15,26050.0,PE,0.0,0.0,0.0,1515.75,23118.6,0,0.0,0,0,2026-09-15
NIFTY,2026-09-15,25200.0,PE,1742.0,2014.0,1742.0,2013.95,23118.6,47,82884421.75,780,-2340,2026-09-15
NIFTY,2026-09-15,24600.0,PE,1158.0,1484.4,1103.75,1446.75,23118.6,1543,2595178725.75,29965,-62205,2026-09-15
NIFTY,2026-09-15,24300.0,PE,841.75,1188.7,776.0,1136.85,23118.6,3334,5484706392.75,179985,-22620,2026-09-15
NIFTY,2026-09-15,23950.0,PE,407.4,848.3,406.65,796.15,23118.6,2570,4106161504.25,68185,-48100,2026-09-15
NIFTY,2026-09-15,23350.0,PE,20.0,255.6,10.4,194.4,23118.6,10757420,16370491895384.25,1580150,-4504175,2026-09-15
NIFTY,2026-09-15,23100.0,PE,3.85,29.2,0.05,9.0,23118.6,15388724,23115211082713.75,20118540,12220715,2026-09-15
NIFTY,2026-09-15,22550.0,PE,1.25,1.6,0.05,0.25,23118.6,414990,608281659479.0,1250275,-170495,2026-09-15
NIFTY,2026-09-15,22300.0,PE,0.65,1.0,0.05,0.15,23118.6,286944,415931651248.75,1793480,-955370,2026-09-15
NIFTY,2031-06-24,28500.0,CE,0.0,0.0,0.0,5048.95,4186.51,0,0.0,0,0,2026-09-15
NIFTY,2030-06-25,19500.0,CE,0.0,0.0,0.0,11140.25,8018.54,0,0.0,0,0,2026-09-15
NIFTY,2030-06-25,16500.0,CE,0.0,0.0,0.0,13374.05,10193.44,0,0.0,0,0,2026-09-15
NIFTY,2029-12-24,22500.0,CE,0.0,0.0,0.0,8486.15,5526.26,0,0.0,0,0,2026-09-15
NIFTY,2028-12-26,21000.0,CE,0.0,0.0,0.0,7512.5,5353.79,0,0.0,0,0,2026-09-15
NIFTY,2028-06-27,31500.0,CE,0.0,0.0,0.0,1784.8,521.25,0,0.0,0,0,2026-09-15
NIFTY,2028-06-27,25500.0,CE,0.0,0.0,0.0,4676.6,2119.17,0,0.0,0,0,2026-09-15
NIFTY,2027-12-28,28500.0,CE,308.5,325.0,272.0,279.35,279.35,172,321880750.75,46215,260,2026-09-15
NIFTY,2027-12-28,25500.0,CE,0.0,0.0,0.0,2400.0,1489.58,0,0.0,0,0,2026-09-15
NIFTY,2027-12-28,22500.0,CE,0.0,0.0,0.0,3011.0,3042.14,0,0.0,65,0,2026-09-15
NIFTY,2027-06-29,27000.0,CE,259.95,264.2,222.0,223.2,223.2,43,76103605.5,4875,650,2026-09-15
NIFTY,2027-06-29,24000.0,CE,1310.0,1310.0,1150.05,1187.55,1187.55,11,18059603.25,3525,320,2026-09-15
NIFTY,2027-06-29,21000.0,CE,0.0,0.0,0.0,3061.8,3376.06,0,0.0,0,0,2026-09-15
NIFTY,2027-03-30,18000.0,CE,0.0,0.0,0.0,5643.55,5725.91,0,0.0,0,0,2026-09-15
NIFTY,2026-12-29,21000.0,CE,2833.0,2833.0,2559.05,2604.3,2604.3,440,677081772.25,211205,11310,2026-09-15
NIFTY,2026-11-23,25850.0,CE,0.0,0.0,0.0,358.95,56.74,0,0.0,0,0,2026-09-15
NIFTY,2026-11-23,24750.0,CE,108.75,108.75,88.3,92.75,92.75,200,323017457.75,11180,4420,2026-09-15
NIFTY,2026-11-23,24100.0,CE,289.1,289.1,206.15,217.2,217.2,939,1484552446.0,37895,14495,2026-09-15
NIFTY,2026-11-23,24000.0,CE,350.0,350.0,234.0,246.05,246.05,7024,11078542572.5,496730,66560,2026-09-15
NIFTY,2026-11-23,23300.0,CE,720.0,720.0,548.1,565.15,565.15,471,732064973.25,21060,7670,2026-09-15
NIFTY,2026-11-23,22950.0,CE,788.1,788.1,788.1,788.1,788.1,1,1542976.5,65,65,2026-09-15
NIFTY,2026-11-23,22350.0,CE,1245.35,1245.35,1245.35,1245.35,1245.35,3,4601093.25,195,195,2026-09-15
NIFTY,2026-10-27,26750.0,CE,0.0,0.0,0.0,6.35,2.19,0,0.0,975,0,2026-09-15
NIFTY,2026-10-27,26600.0,CE,0.0,0.0,0.0,7.0,3.02,0,0.0,585,0,2026-09-15
NIFTY,2026-10-27,26000.0,CE,12.05,12.1,10.2,11.05,11.05,3681,6223532588.0,1063595,-34645,2026-09-15
NIFTY,2026-10-27,25450.0,CE,0.0,0.0,0.0,18.8,27.49,0,0.0,4940,0,2026-09-15
NIFTY,2026-10-27,24500.0,CE,89.85,89.85,52.0,54.6,54.6,23650,37759198993.75,1672970,46280,2026-09-15
NIFTY,2026-10-27,24200.0,CE,151.0,160.0,88.6,91.75,91.75,10732,16955812058.25,470470,39910,2026-09-15
NIFTY,2026-10-27,23900.0,CE,250.0,250.0,149.0,155.75,155.75,4982,7797500298.25,302900,55705,2026-09-15
NIFTY,2026-10-27,22950.0,CE,700.0,700.0,678.4,678.4,680.27,2,3073096.0,260,65,2026-09-15
NIFTY,2026-10-27,22350.0,CE,0.0,0.0,0.0,2124.25,1088.67,0,0.0,0,0,2026-09-15
NIFTY,2026-10-27,21850.0,CE,0.0,0.0,0.0,2551.3,1498.24,0,0.0,0,0,2026-09-15
NIFTY,2026-10-27,21650.0,CE,0.0,0.0,0.0,2729.45,1675.24,0,0.0,0,0,2026-09-15
NIFTY,2026-10-13,25150.0,CE,9.2,9.5,9.2,9.35,9.35,8,13082862.0,260,260,2026-09-15
NIFTY,2026-10-13,25050.0,CE,11.0,12.15,10.65,12.15,18.7,18,29321539.0,130,130,2026-09-15
NIFTY,2026-10-13,24450.0,CE,0.0,0.0,0.0,207.95,63.01,0,0.0,0,0,2026-09-15
NIFTY,2026-10-13,23650.0,CE,245.0,245.0,185.0,188.7,232.64,21,32561811.75,2080,1170,2026-09-15
NIFTY,2026-10-13,23300.0,CE,417.6,417.6,295.25,313.05,313.05,257,395037877.0,9165,6955,2026-09-15
NIFTY,2026-10-13,22500.0,CE,0.0,0.0,0.0,1336.75,859.47,0,0.0,0,0,2026-09-15
NIFTY,2026-10-06,25150.0,CE,8.65,8.65,6.0,6.4,6.4,26,42516977.75,1755,-975,2026-09-15
NIFTY,2026-10-06,25100.0,CE,8.4,10.45,6.3,7.45,7.45,77,125667659.0,2080,1560,2026-09-15
NIFTY,2026-10-06,24700.0,CE,18.0,18.4,9.95,11.45,11.45,310,497996141.5,8710,7020,2026-09-15
NIFTY,2026-10-06,24150.0,CE,62.9,63.6,29.5,33.0,33.0,698,1097998759.0,23270,17680,2026-09-15
NIFTY,2026-10-06,23500.0,CE,320.95,321.0,155.1,169.2,169.2,4937,7607539949.75,144820,62595,2026-09-15
NIFTY,2026-09-29,26400.0,CE,2.35,2.35,1.3,1.75,1.75,91,156166013.25,42055,-1300,2026-09-15
NIFTY,2026-09-29,24900.0,CE,8.8,9.8,4.5,5.5,5.5,8342,13505002615.0,506805,-25025,2026-09-15
NIFTY,2026-09-29,24800.0,CE,8.75,10.35,5.25,6.15,6.15,14063,22676175938.0,1114750,31980,2026-09-15
NIFTY,2026-09-29,24700.0,CE,10.5,12.0,5.95,6.95,6.95,27532,44217554517.5,1500330,-80015,2026-09-15
NIFTY,2026-09-29,24400.0,CE,23.95,23.95,8.85,10.45,10.45,27922,44308003915.5,2782260,-108420,2026-09-15
NIFTY,2026-09-29,22100.0,CE,1319.0,1319.0,1095.55,1127.45,1088.35,27,40848583.75,1170,260,2026-09-15
NIFTY,2026-09-29,21800.0,CE,0.0,0.0,0.0,1700.0,1374.45,0,0.0,65,0,2026-09-15
NIFTY,2026-09-29,21750.0,CE,0.0,0.0,0.0,1980.0,1423.12,0,0.0,65,0,2026-09-15
NIFTY,2026-09-29,19500.0,CE,3961.5,3961.5,3692.8,3730.75,3730.75,48,72695239.5,140465,0,2026-09-15
NIFTY,2026-09-22,25300.0,CE,1.75,2.1,0.9,1.0,1.0,49311,81096315339.0,526305,27040,2026-09-15
NIFTY,2026-09-22,21650.0,CE,0.0,0.0,0.0,2634.85,1493.17,0,0.0,0,0,2026-09-15
NIFTY,2026-09-15,26200.0,CE,0.3,0.4,0.05,0.1,23118.6,35190,59929032985.25,440440,31655,2026-09-15
NIFTY,2026-09-15,26100.0,CE,0.1,0.4,0.05,0.1,23118.6,12309,20882394484.25,126620,-28145,2026-09-15
NIFTY,2026-09-15,25850.0,CE,0.4,0.45,0.05,0.05,23118.6,9601,16132215073.0,81900,22295,2026-09-15
NIFTY,2026-09-15,25750.0,CE,0.3,0.45,0.05,0.1,23118.6,6627,11092033806.75,59280,6825,2026-09-15
NIFTY,2026-09-15,25650.0,CE,0.4,0.45,0.05,0.05,23118.6,9121,15207117113.5,93275,35230,2026-09-15
NIFTY,2026-09-15,25250.0,CE,0.35,0.35,0.05,0.1,23118.6,87910,144283560512.0,466505,-329940,2026-09-15
NIFTY,2026-09-15,25050.0,CE,0.35,0.4,0.05,0.1,23118.6,81736,133087859183.5,476710,-2470,2026-09-15
NIFTY,2026-09-15,24850.0,CE,0.45,0.65,0.05,0.2,23118.6,109973,177635884731.5,828360,60580,2026-09-15
NIFTY,2026-09-15,24100.0,CE,1.5,1.5,0.05,0.25,23118.6,1496221,2343893322400.5,6181630,367380,2026-09-15
NIFTY,2026-09-15,23500.0,CE,95.0,112.95,0.05,1.5,23118.6,14834048,22673731780050.0,12268490,2968550,2026-09-15
NIFTY,2026-09-15,23250.0,CE,250.85,317.75,0.05,11.05,23118.6,9225137,13964720355222.0,11534835,10131940,2026-09-15
NIFTY,2026-09-15,23150.0,CE,400.0,415.35,0.05,17.05,23118.6,4555174,6866036071167.0,17872270,17604145,2026-09-15
NIFTY,2026-09-15,23050.0,CE,449.95,487.25,54.0,86.65,23118.6,447431,673526275496.75,1677975,1552525,2026-09-15
NIFTY,2026-09-15,23000.0,CE,524.95,562.25,100.0,139.2,23118.6,428683,646235519215.0,1066975,678470,2026-09-15
NIFTY,2026-09-15,22650.0,CE,720.0,720.0,467.7,518.85,23118.6,145,218836887.75,2860,1690,2026-09-15
NIFTY,2026-09-15,22350.0,CE,0.0,0.0,0.0,2265.3,23118.6,0,0.0,0,0,2026-09-15
NIFTY,2026-09-15,22150.0,CE,0.0,0.0,0.0,2458.85,23118.6,0,0.0,0,0,2026-09-15
NIFTY,2026-09-15,22050.0,CE,0.0,0.0,0.0,2556.4,23118.6,0,0.0,0,0,2026-09-15
NIFTY,2026-09-15,21650.0,CE,0.0,0.0,0.0,2949.55,23118.6,0,0.0,0,0,2026-09-15
NIFTY,2026-10-13,25300.0,PE,0.0,0.0,0.0,1583.0,2078.15,0,0.0,0,0,2026-09-15
NIFTY,2026-10-27,22250.0,PE,53.0,105.5,52.95,103.25,103.25,4474,6491273028.5,460005,49920,2026-09-15
NIFTY,2026-10-27,22650.0,PE,98.2,172.75,84.65,165.5,165.5,380,562879144.75,19825,195,2026-09-15
NIFTY,2026-10-27,22800.0,PE,120.8,211.15,109.8,200.95,200.95,6068,9056813818.0,230100,19825,2026-09-15
NIFTY,2026-10-27,22850.0,PE,121.15,222.25,120.1,213.6,213.6,364,544947136.5,13910,8645,2026-09-15
NIFTY,2026-10-27,25750.0,PE,0.0,0.0,0.0,1659.3,2460.68,0,0.0,325,0,2026-09-15
NIFTY,2026-10-27,25900.0,PE,0.0,0.0,0.0,2143.85,2605.68,0,0.0,130,0,2026-09-15
NIFTY,2026-10-27,26150.0,PE,2585.0,2585.0,2585.0,2585.0,2849.19,2,3735550.0,130,0,2026-09-15
NIFTY,2026-11-23,21650.0,PE,70.0,93.85,70.0,91.0,91.0,16,22595950.0,780,780,2026-09-15
NIFTY,2026-11-23,22300.0,PE,106.0,165.75,101.5,158.3,158.3,210,306254575.25,4680,650,2026-09-15
NIFTY,2026-11-23,22750.0,PE,225.8,254.05,225.8,249.95,249.95,40,59780717.75,3055,2015,2026-09-15
NIFTY,2026-11-23,23850.0,PE,0.0,0.0,0.0,576.45,893.25,0,0.0,2600,0,2026-09-15
NIFTY,2026-11-23,24200.0,PE,719.05,969.65,706.8,930.0,930.0,107,174445937.25,13325,1560,2026-09-15
NIFTY,2026-11-23,24250.0,PE,0.0,0.0,0.0,860.0,1156.78,0,0.0,1105,0,2026-09-15
NIFTY,2026-11-23,25150.0,PE,0.0,0.0,0.0,1030.25,1859.83,0,0.0,0,0,2026-09-15
NIFTY,2026-11-23,25500.0,PE,1803.0,2040.6,1765.0,2039.85,2039.85,323,575367113.75,44525,20280,2026-09-15
NIFTY,2026-12-29,13000.0,PE,4.95,4.95,4.95,4.95,0.0,2,1690643.5,7615,-130,2026-09-15
NIFTY,2030-12-31,21000.0,PE,0.0,0.0,0.0,450.0,420.73,0,0.0,845,0,2026-09-15
NIFTY,2026-10-06,25150.0,PE,0.0,0.0,0.0,1102.0,1952.19,0,0.0,0,0,2026-09-15
NIFTY,2026-12-29,26000.0,PE,2100.0,2401.05,2094.95,2360.8,2360.8,548,1006866968.25,1468285,-195,2026-09-15
NIFTY,2027-03-30,19500.0,PE,57.0,73.9,55.0,71.15,71.15,758,964120706.25,178100,25155,2026-09-15
NIFTY,2028-12-26,27000.0,PE,1753.05,1899.0,1752.0,1894.75,1894.75,11,20601295.0,16545,0,2026-09-15
NIFTY,2028-12-26,28500.0,PE,0.0,0.0,0.0,1451.15,3144.22,0,0.0,0,0,2026-09-15
NIFTY,2029-06-26,24000.0,PE,1350.0,1350.0,1350.0,1350.0,1090.43,3,4943250.0,350,195,2026-09-15
NIFTY,2029-12-24,25500.0,PE,0.0,0.0,0.0,597.3,1492.63,0,0.0,0,0,2026-09-15
NIFTY,2029-12-24,31500.0,PE,0.0,0.0,0.0,2240.25,4204.21,0,0.0,0,0,2026-09-15
NIFTY,2030-06-25,21000.0,PE,0.0,0.0,0.0,220.0,427.63,0,0.0,65,0,2026-09-15
NIFTY,2030-06-25,25500.0,PE,0.0,0.0,0.0,568.55,1404.52,0,0.0,0,0,2026-09-15
NIFTY,2026-10-13,24950.0,PE,0.0,0.0,0.0,1278.75,1742.34,0,0.0,0,0,2026-09-15
NIFTY,2026-10-13,24750.0,PE,0.0,0.0,0.0,1115.1,1555.23,0,0.0,0,0,2026-09-15
NIFTY,2026-10-13,22200.0,PE,61.2,64.8,61.2,63.4,63.4,23,33283367.0,1365,1365,2026-09-15
NIFTY,2026-10-13,21850.0,PE,0.0,0.0,0.0,20.3,37.97,0,0.0,0,0,2026-09-15
NIFTY,2026-10-13,21800.0,PE,0.0,0.0,0.0,18.1,33.82,0,0.0,0,0,2026-09-15
NIFTY,2026-10-06,25500.0,PE,0.0,0.0,0.0,1389.4,2297.28,0,0.0,0,0,2026-09-15
NIFTY,2026-10-06,25100.0,PE,0.0,0.0,0.0,1063.1,1903.23,0,0.0,0,0,2026-09-15
NIFTY,2026-10-13,22100.0,PE,0.0,0.0,0.0,35.05,65.4,0,0.0,0,0,2026-09-15
NIFTY,2026-10-13,22650.0,PE,0.0,0.0,0.0,99.45,179.45,0,0.0,0,0,2026-09-15
NIFTY,2030-12-31,19500.0,PE,0.0,0.0,0.0,67.4,254.75,0,0.0,0,0,2026-09-15
NIFTY,2030-12-31,16500.0,PE,0.0,0.0,0.0,13.65,71.27,0,0.0,0,0,2026-09-15
NIFTY,2029-12-24,30000.0,PE,0.0,0.0,0.0,2495.0,3399.29,0,0.0,1170,0,2026-09-15
NIFTY,2029-12-24,21000.0,PE,0.0,0.0,0.0,390.05,429.58,0,0.0,780,0,2026-09-15
NIFTY,2029-12-24,16500.0,PE,0.0,0.0,0.0,10.15,57.57,0,0.0,0,0,2026-09-15
NIFTY,2027-12-28,24000.0,PE,816.0,930.0,810.5,914.35,914.35,491,793787907.25,257890,-845,2026-09-15
NIFTY,2027-03-30,22500.0,PE,274.85,353.35,257.95,340.7,340.7,2713,4021635666.75,765700,17810,2026-09-15
NIFTY,2026-12-29,20000.0,PE,40.0,53.0,36.5,51.7,51.7,4984,6494039662.5,1214885,30330,2026-09-15
NIFTY,2026-12-29,18000.0,PE,20.0,30.0,20.0,28.05,28.05,3091,3621602114.0,704215,77870,2026-09-15
NIFTY,2026-12-29,16500.0,PE,12.5,14.25,12.5,14.25,0.01,10,10733651.5,3770,-520,2026-09-15
NIFTY,2026-12-29,14000.0,PE,7.05,8.9,7.05,8.9,0.0,13,11837254.0,9025,-65,2026-09-15
NIFTY,2026-11-23,25650.0,PE,0.0,0.0,0.0,1350.35,2298.52,0,0.0,0,0,2026-09-15
NIFTY,2026-11-23,25600.0,PE,0.0,0.0,0.0,1316.4,2253.51,0,0.0,0,0,2026-09-15
NIFTY,2026-11-23,22600.0,PE,145.8,222.6,142.95,211.7,211.7,87,128861580.25,6175,2600,2026-09-15
NIFTY,2026-11-23,22500.0,PE,119.1,204.5,117.9,194.4,194.4,3668,5403136921.0,503620,3770,2026-09-15
NIFTY,2026-10-27,26750.0,PE,0.0,0.0,0.0,2501.2,3439.46,0,0.0,0,0,2026-09-15
NIFTY,2026-10-27,26500.0,PE,2850.0,3150.0,2850.0,3126.4,3126.4,26,49873287.75,9945,260,2026-09-15
NIFTY,2026-10-27,25650.0,PE,0.0,0.0,0.0,1057.4,2364.61,0,0.0,130,0,2026-09-15
NIFTY,2026-10-27,25450.0,PE,0.0,0.0,0.0,1058.8,2174.19,0,0.0,130,0,2026-09-15
NIFTY,2026-10-27,24750.0,PE,1179.4,1420.25,1179.4,1420.25,1420.25,2,3386477.25,1365,0,2026-09-15
NIFTY,2026-10-27,24550.0,PE,999.0,999.0,999.0,999.0,1365.08,1,1660685.0,7540,-65,2026-09-15
NIFTY,2026-10-27,24000.0,PE,599.25,833.4,507.9,791.55,791.55,5689,9136387256.75,1516190,4550,2026-09-15
NIFTY,2026-10-27,23950.0,PE,596.65,789.9,596.65,748.25,748.25,339,541818277.0,7410,-14170,2026-09-15
NIFTY,2026-10-27,23350.0,PE,245.2,416.8,245.2,398.7,398.7,785,1208545529.75,35555,14105,2026-09-15
NIFTY,2026-10-27,23300.0,PE,223.75,394.0,221.1,372.1,372.1,6475,9936435028.0,502775,89765,2026-09-15
NIFTY,2026-10-27,23050.0,PE,165.05,290.35,158.75,272.9,272.9,215,325293296.25,12805,3380,2026-09-15
NIFTY,2026-10-27,21700.0,PE,33.65,56.55,31.0,54.75,54.75,3770,5329089116.0,108615,68835,2026-09-15
NIFTY,2026-10-13,25400.0,PE,0.0,0.0,0.0,1673.35,2175.46,0,0.0,0,0,2026-09-15
NIFTY,2026-10-13,24550.0,PE,0.0,0.0,0.0,961.3,1373.11,0,0.0,0,0,2026-09-15
NIFTY,2026-10-13,23600.0,PE,308.35,516.45,308.35,486.35,486.35,54,84112882.75,1495,975,2026-09-15
NIFTY,2026-10-13,23450.0,PE,239.65,402.65,239.65,402.65,402.65,57,87897790.5,2470,715,2026-09-15
NIFTY,2026-10-13,23300.0,PE,193.55,353.15,193.5,328.65,328.65,113,173197703.25,3250,2145,2026-09-15
NIFTY,2026-10-13,22900.0,PE,95.1,190.5,94.0,181.15,181.15,41,61414762.5,1365,-325,2026-09-15
NIFTY,2026-09-15,22300.0,CE,1159.05,1181.5,899.0,899.0,23118.6,54,81628920.75,2405,-520,2026-09-15
NIFTY,2026-09-15,23450.0,CE,125.0,180.0,0.05,1.95,23118.6,11267954,17189977100357.75,6974370,2935790,2026-09-15
NIFTY,2026-09-15,25000.0,CE,0.25,0.45,0.05,0.1,23118.6,364994,593121524706.75,4114240,-1370005,2026-09-15
NIFTY,2026-09-22,22100.0,CE,1380.0,1380.0,1080.75,1099.4,1099.4,38,57352041.5,1105,975,2026-09-15
NIFTY,2026-09-22,22250.0,CE,943.6,981.95,943.6,960.15,960.15,4,6034629.25,520,195,2026-09-15
NIFTY,2026-09-22,22400.0,CE,902.9,902.9,790.0,806.7,806.7,49,74056424.0,2535,1820,2026-09-15
NIFTY,2026-09-22,23900.0,CE,45.9,45.9,7.2,9.25,9.25,220770,343171687573.0,2956720,997100,2026-09-15
NIFTY,2026-09-22,24550.0,CE,5.1,5.1,2.05,2.4,2.4,39577,63163355336.25,315315,31330,2026-09-15
NIFTY,2026-09-22,26000.0,CE,0.95,1.05,0.8,0.9,0.9,35697,60330030267.0,1337180,179985,2026-09-15
NIFTY,2026-09-29,16500.0,CE,0.0,0.0,0.0,10168.85,6655.77,0,0.0,0,0,2026-09-15
NIFTY,2026-09-29,21650.0,CE,0.0,0.0,0.0,1850.0,1521.04,0,0.0,65,0,2026-09-15
NIFTY,2026-09-29,23350.0,CE,336.2,336.2,157.5,172.2,172.2,14420,22091507018.75,234520,59670,2026-09-15
NIFTY,2026-09-29,24550.0,CE,14.3,14.3,6.55,8.0,8.0,21577,34443448191.75,714610,520585,2026-09-15
NIFTY,2026-09-29,25500.0,CE,4.8,5.05,3.15,3.6,3.6,20163,33425452466.25,3048370,-163540,2026-09-15
NIFTY,2026-09-29,25750.0,CE,4.75,4.75,3.0,3.1,3.1,128,214267231.75,7475,-585,2026-09-15
NIFTY,2026-09-29,25850.0,CE,2.5,2.5,2.2,2.3,2.3,13,21845187.0,10270,0,2026-09-15
NIFTY,2026-09-29,26000.0,CE,2.8,3.25,1.9,2.3,2.3,15186,25666839789.5,3612455,-156975,2026-09-15
NIFTY,2026-09-29,26600.0,CE,0.85,1.55,0.7,1.2,1.2,283,489326262.75,41730,-325,2026-09-15
NIFTY,2026-09-29,27150.0,CE,0.0,0.0,0.0,1.3,0.0,0,0.0,7930,0,2026-09-15
NIFTY,2026-10-06,22550.0,CE,0.0,0.0,0.0,1677.3,761.16,0,0.0,0,0,2026-09-15
NIFTY,2026-10-06,24000.0,CE,100.0,130.0,46.15,49.0,49.0,8654,13537204216.25,270335,99840,2026-09-15
NIFTY,2026-10-06,25350.0,CE,7.1,7.1,5.0,5.7,5.7,23,37907327.25,2080,390,2026-09-15
NIFTY,2026-10-13,23800.0,CE,209.85,209.85,113.0,120.1,120.1,1130,1759349260.5,50635,38545,2026-09-15
NIFTY,2026-10-13,25000.0,CE,13.0,14.0,11.85,13.15,13.15,62,100802061.75,3250,3250,2026-09-15
NIFTY,2026-10-13,25300.0,CE,10.25,11.0,8.0,8.25,8.25,41,67450428.5,650,650,2026-09-15
NIFTY,2026-10-27,22500.0,CE,1166.45,1166.45,920.0,958.95,958.95,810,1237330337.75,127790,20735,2026-09-15
NIFTY,2026-10-27,23750.0,CE,301.75,301.75,190.45,200.95,200.95,935,1457677643.5,27300,8645,2026-09-15
NIFTY,2026-10-27,23800.0,CE,275.0,277.05,176.45,186.0,186.0,8708,13590485977.25,601575,45955,2026-09-15
NIFTY,2026-10-27,23850.0,CE,252.95,253.75,162.7,169.85,169.85,749,1171019304.0,38415,7800,2026-09-15
NIFTY,2026-10-27,24650.0,CE,57.8,57.8,41.4,42.9,42.9,262,420652290.5,30615,-3965,2026-09-15
NIFTY,2026-10-27,25250.0,CE,0.0,0.0,0.0,447.85,38.5,0,0.0,0,0,2026-09-15
NIFTY,2026-10-27,25950.0,CE,0.0,0.0,0.0,11.3,11.14,0,0.0,4875,0,2026-09-15
NIFTY,2026-10-27,26500.0,CE,8.45,8.45,6.45,7.6,7.6,887,1528275940.75,315575,-3770,2026-09-15
NIFTY,2026-11-23,21800.0,CE,0.0,0.0,0.0,2906.85,1702.02,0,0.0,0,0,2026-09-15
NIFTY,2026-11-23,22850.0,CE,858.45,858.45,858.45,858.45,858.45,1,1541049.25,65,65,2026-09-15
NIFTY,2026-11-23,23150.0,CE,665.45,665.45,628.15,651.0,651.0,38,58806848.75,1885,1885,2026-09-15
NIFTY,2026-11-23,23650.0,CE,459.85,459.85,377.45,379.1,524.8,29,45361286.75,2210,-455,2026-09-15
NIFTY,2026-11-23,24200.0,CE,255.05,255.05,181.45,188.4,188.4,756,1199504556.25,54015,1625,2026-09-15
NIFTY,2026-11-23,25700.0,CE,0.0,0.0,0.0,401.1,68.04,0,0.0,0,0,2026-09-15
NIFTY,2026-12-29,20000.0,CE,3844.65,3844.65,3490.0,3515.15,3515.15,387,593579844.0,612325,5005,2026-09-15
NIFTY,2027-03-30,16500.0,CE,0.0,0.0,0.0,6995.9,7170.48,0,0.0,0,0,2026-09-15
NIFTY,2027-03-30,28500.0,CE,44.5,45.0,40.0,41.15,41.15,235,435975137.0,141570,3575,2026-09-15
NIFTY,2028-06-27,22500.0,CE,0.0,0.0,0.0,6796.05,3722.74,0,0.0,0,0,2026-09-15
NIFTY,2028-06-27,28500.0,CE,0.0,0.0,0.0,2990.0,1094.66,0,0.0,0,0,2026-09-15
NIFTY,2028-12-26,27000.0,CE,1820.05,1830.0,1750.0,1788.95,1788.95,25,46782706.75,4420,780,2026-09-15
NIFTY,2029-06-26,22500.0,CE,0.0,0.0,0.0,7946.5,4957.76,0,0.0,0,0,2026-09-15
NIFTY,2030-06-25,28500.0,CE,0.0,0.0,0.0,5382.85,3155.76,0,0.0,0,0,2026-09-15
NIFTY,2030-06-25,30000.0,CE,0.0,0.0,0.0,5580.35,2631.81,0,0.0,0,0,2026-09-15
NIFTY,2031-06-24,22500.0,CE,0.0,0.0,0.0,8012.75,7113.02,0,0.0,0,0,2026-09-15
NIFTY,2026-09-15,21750.0,PE,1.0,1.0,0.05,0.15,23118.6,65073,91997924434.0,650780,-363610,2026-09-15
NIFTY,2026-09-15,22900.0,PE,2.0,2.75,0.05,1.2,23118.6,3907659,5816857001891.0,6025435,-761800,2026-09-15
NIFTY,2026-09-15,23650.0,PE,130.05,551.8,114.0,492.6,23118.6,262428,407363371723.75,258115,-271180,2026-09-15
NIFTY,2026-09-15,24350.0,PE,865.0,1233.9,854.9,1191.2,23118.6,528,871119580.5,24700,-13780,2026-09-15
NIFTY,2026-09-15,24900.0,PE,1486.95,1805.0,1440.0,1777.3,23118.6,95,164360404.0,10530,-2925,2026-09-15
NIFTY,2026-09-15,25100.0,PE,1672.3,1945.75,1646.85,1917.7,23118.6,102,178572322.5,3250,-3185,2026-09-15
NIFTY,2026-09-15,25150.0,PE,0.0,0.0,0.0,1585.0,23118.6,0,0.0,325,0,2026-09-15
NIFTY,2026-09-22,21900.0,PE,6.65,7.9,4.15,6.5,6.5,43334,61701508716.25,763295,381290,2026-09-15
NIFTY,2026-09-22,23000.0,PE,37.45,113.3,33.85,99.9,99.9,373233,559751841190.75,4747600,1915550,2026-09-15
NIFTY,2026-09-22,24800.0,PE,1300.0,1631.3,1300.0,1592.65,1592.65,505,865426250.0,25415,6240,2026-09-15
NIFTY,2026-09-22,24950.0,PE,0.0,0.0,0.0,887.95,1803.33,0,0.0,0,0,2026-09-15
NIFTY,2026-09-22,25050.0,PE,0.0,0.0,0.0,1650.0,1903.19,0,0.0,65,0,2026-09-15
NIFTY,2026-09-22,25250.0,PE,0.0,0.0,0.0,1111.0,2102.95,0,0.0,0,0,2026-09-15
NIFTY,2026-09-22,25400.0,PE,2050.0,2225.0,2045.0,2183.0,2183.0,18,32281795.0,1495,1170,2026-09-15
NIFTY,2026-09-22,25450.0,PE,0.0,0.0,0.0,1271.15,2302.72,0,0.0,0,0,2026-09-15
NIFTY,2026-09-22,25850.0,PE,0.0,0.0,0.0,1613.85,2702.27,0,0.0,0,0,2026-09-15
NIFTY,2026-09-22,26100.0,PE,0.0,0.0,0.0,1839.95,2951.98,0,0.0,0,0,2026-09-15
NIFTY,2026-09-29,21600.0,PE,10.95,15.85,8.1,13.95,13.95,16252,22830121947.75,822705,101595,2026-09-15
NIFTY,2026-09-29,21800.0,PE,11.1,20.95,9.8,17.85,17.85,13743,19487146412.5,609245,60385,2026-09-15
NIFTY,2026-09-29,22300.0,PE,18.05,38.7,15.9,36.1,36.1,16770,24338970513.0,446355,140335,2026-09-15
NIFTY,2026-09-29,22850.0,PE,55.0,121.45,45.8,109.2,109.2,5648,8418025398.25,120575,28990,2026-09-15
NIFTY,2026-09-29,23250.0,PE,107.0,272.65,105.8,246.15,246.15,21354,32540549063.75,1062620,238810,2026-09-15
NIFTY,2026-09-29,23350.0,PE,130.4,327.0,130.4,297.2,297.2,16969,25999249575.0,226395,-1170,2026-09-15
NIFTY,2026-09-29,23900.0,PE,432.85,754.65,426.7,700.7,700.7,5127,8166767960.0,965965,-32695,2026-09-15
NIFTY,2026-09-29,25000.0,PE,1400.0,1821.9,1400.0,1772.65,1772.65,2193,3795659081.5,2052305,-15495,2026-09-15
NIFTY,2026-09-29,25600.0,PE,2095.85,2420.55,2090.05,2420.55,2420.55,9,16246096.75,31135,-260,2026-09-15
NIFTY,2026-09-29,26750.0,PE,0.0,0.0,0.0,2201.15,3571.14,0,0.0,65,0,2026-09-15
NIFTY,2026-09-29,26850.0,PE,0.0,0.0,0.0,2691.9,3670.91,0,0.0,0,0,2026-09-15
NIFTY,2026-09-29,26900.0,PE,0.0,0.0,0.0,2776.0,3720.8,0,0.0,65,0,2026-09-15
NIFTY,2026-09-29,28500.0,PE,4970.0,5276.55,4970.0,5272.4,5272.4,207,452127279.5,423605,-2730,2026-09-15
NIFTY,2026-10-06,21950.0,PE,25.4,35.8,24.85,33.3,33.3,148,211447184.0,3575,3575,2026-09-15
NIFTY,2026-10-06,22150.0,PE,0.0,0.0,0.0,17.6,47.77,0,0.0,0,0,2026-09-15
NIFTY,2026-10-06,22250.0,PE,0.0,0.0,0.0,22.0,60.68,0,0.0,0,0,2026-09-15
NIFTY,2026-10-06,23600.0,PE,280.55,519.5,268.75,473.3,473.3,450,700323858.0,17095,3770,2026-09-15
NIFTY,2026-10-06,24800.0,PE,0.0,0.0,0.0,842.45,1612.53,0,0.0,0,0,2026-09-15
NIFTY,2027-03-30,18000.0,PE,38.0,42.95,36.8,41.3,41.3,87,102014555.5,5330,2730,2026-09-15
NIFTY,2026-12-29,22000.0,PE,117.55,182.25,109.45,176.2,176.2,10640,15321613401.25,2305235,31210,2026-09-15
NIFTY,2026-12-29,19000.0,PE,30.0,38.35,28.05,37.15,37.15,2805,3470350952.25,690630,47125,2026-09-15
NIFTY,2026-11-23,25700.0,PE,0.0,0.0,0.0,1890.0,2343.74,0,0.0,65,0,2026-09-15
NIFTY,2026-11-23,23650.0,PE,421.0,593.15,419.9,586.05,586.05,109,171100124.0,8840,3315,2026-09-15
NIFTY,2026-11-23,23450.0,PE,341.8,503.8,340.0,497.3,497.3,103,159662327.5,4225,3055,2026-09-15
NIFTY,2026-11-23,22700.0,PE,159.5,242.3,146.0,233.0,233.0,403,599961716.25,58175,2080,2026-09-15
NIFTY,2026-10-27,25950.0,PE,0.0,0.0,0.0,1842.3,2654.21,0,0.0,0,0,2026-09-15
NIFTY,2026-10-27,25350.0,PE,0.0,0.0,0.0,865.7,2080.02,0,0.0,260,0,2026-09-15
NIFTY,2026-10-27,23500.0,PE,297.65,495.85,287.85,466.75,466.75,16092,24981562661.25,1543880,99450,2026-09-15
NIFTY,2026-10-27,22300.0,PE,50.0,110.75,50.0,107.65,107.65,3512,5110856312.25,292305,16770,2026-09-15
NIFTY,2026-10-06,24850.0,PE,0.0,0.0,0.0,877.55,1660.54,0,0.0,0,0,2026-09-15
NIFTY,2026-10-06,24450.0,PE,0.0,0.0,0.0,617.35,1283.95,0,0.0,0,0,2026-09-15
NIFTY,2026-10-06,23950.0,PE,538.55,757.0,538.55,757.0,757.0,4,6401755.75,1820,-260,2026-09-15
NIFTY,2026-10-06,23700.0,PE,345.3,581.05,344.0,542.45,542.45,302,474277566.75,15080,-1885,2026-09-15
NIFTY,2026-10-06,22350.0,PE,36.7,47.6,36.7,46.2,76.21,19,27653151.5,2470,130,2026-09-15
NIFTY,2026-10-06,22050.0,PE,45.9,45.9,45.9,45.9,45.9,1,1436233.5,780,65,2026-09-15
NIFTY,2026-09-29,26550.0,PE,0.0,0.0,0.0,2431.75,3371.59,0,0.0,0,0,2026-09-15
NIFTY,2026-09-29,26400.0,PE,0.0,0.0,0.0,2874.8,3221.93,0,0.0,3640,0,2026-09-15
NIFTY,2026-09-29,26350.0,PE,0.0,0.0,0.0,2262.9,3172.04,0,0.0,0,0,2026-09-15
NIFTY,2026-09-29,26150.0,PE,0.0,0.0,0.0,1720.0,2972.5,0,0.0,65,0,2026-09-15
NIFTY,2026-09-29,24550.0,PE,1055.0,1350.0,1055.0,1343.05,1343.05,72,120827885.75,51155,-2210,2026-09-15
NIFTY,2026-09-29,24000.0,PE,500.0,840.5,468.1,792.8,792.8,29440,47245718897.0,5956090,-98700,2026-09-15
NIFTY,2026-09-29,23550.0,PE,240.0,458.0,207.75,422.95,422.95,5672,8801449787.0,138450,-45305,2026-09-15
NIFTY,2026-09-29,23500.0,PE,195.8,423.95,173.05,386.25,386.25,136541,211227863954.25,4595890,-28665,2026-09-15
NIFTY,2026-09-22,25950.0,PE,0.0,0.0,0.0,1703.35,2802.15,0,0.0,0,0,2026-09-15
NIFTY,2026-09-22,25700.0,PE,0.0,0.0,0.0,1482.25,2552.44,0,0.0,0,0,2026-09-15
NIFTY,2026-09-22,25650.0,PE,0.0,0.0,0.0,1439.15,2502.49,0,0.0,0,0,2026-09-15
NIFTY,2026-09-22,24850.0,PE,0.0,0.0,0.0,818.9,1703.48,0,0.0,0,0,2026-09-15
NIFTY,2026-09-22,24650.0,PE,1235.75,1440.0,1235.75,1440.0,1440.0,11,18569950.75,5395,715,2026-09-15
NIFTY,2026-09-22,24600.0,PE,1105.0,1441.75,1076.2,1404.05,1404.05,524,880757904.0,49465,26130,2026-09-15
NIFTY,2026-09-22,24450.0,PE,975.0,1273.4,973.0,1267.1,1267.1,117,194416248.0,12610,6890,2026-09-15
NIFTY,2026-09-22,24400.0,PE,882.05,1217.7,882.0,1198.15,1198.15,1542,2547561526.25,125840,74425,2026-09-15
NIFTY,2026-09-22,23950.0,PE,464.95,790.95,464.55,764.55,764.55,1188,1900286459.5,80925,37245,2026-09-15
NIFTY,2026-09-22,23350.0,PE,102.5,283.6,88.4,253.45,253.45,143866,219970636814.5,447980,65520,2026-09-15
NIFTY,2026-09-22,22550.0,PE,13.9,29.85,10.75,27.3,27.3,32808,48134014149.0,363870,194675,2026-09-15
NIFTY,2026-09-22,22500.0,PE,13.85,26.35,9.7,24.05,24.05,257920,377491149509.5,4575675,2218515,2026-09-15
NIFTY,2026-09-22,22050.0,PE,6.65,10.15,4.9,8.5,8.5,13185,18903807692.25,155025,93665,2026-09-15
NIFTY,2026-09-15,25750.0,PE,0.0,0.0,0.0,1263.75,23118.6,0,0.0,0,0,2026-09-15
NIFTY,2026-09-15,25600.0,PE,0.0,0.0,0.0,2280.0,23118.6,0,0.0,260,0,2026-09-15
NIFTY,2026-09-15,25450.0,PE,2290.0,2290.0,2290.0,2290.0,23118.6,14,25243400.0,780,-650,2026-09-15
NIFTY,2026-09-15,25000.0,PE,1530.95,1894.4,1482.95,1829.65,23118.6,1237,2146517155.25,25935,-58370,2026-09-15
NIFTY,2026-09-15,24550.0,PE,1074.0,1440.0,1065.3,1402.55,23118.6,332,557871112.5,5070,-14755,2026-09-15
NIFTY,2026-09-15,24250.0,PE,762.7,1144.0,744.0,1088.9,23118.6,575,942633519.75,33215,-11570,2026-09-15
NIFTY,2026-09-15,23200.0,PE,7.0,108.85,3.1,63.6,23118.6,18122475,27364027011662.25,5916170,-5121870,2026-09-15
NIFTY,2026-09-15,22600.0,PE,1.2,1.45,0.05,0.25,23118.6,1091523,1603477602983.75,4367610,699205,2026-09-15
NIFTY,2026-09-15,22000.0,PE,0.9,0.9,0.05,0.15,23118.6,387166,553655762692.5,3498690,-4415905,2026-09-15
NIFTY,2026-09-15,21700.0,PE,0.9,1.2,0.05,0.1,23118.6,239017,337136968961.0,2772900,-3250455,2026-09-15
NIFTY,2030-12-31,27000.0,CE,0.0,0.0,0.0,6772.8,4313.34,0,0.0,0,0,2026-09-15
NIFTY,2030-12-31,22500.0,CE,0.0,0.0,0.0,9536.95,6624.86,0,0.0,0,0,2026-09-15
NIFTY,2030-06-25,33000.0,CE,0.0,0.0,0.0,4416.45,1799.46,0,0.0,0,0,2026-09-15
NIFTY,2030-06-25,24000.0,CE,0.0,0.0,0.0,8591.55,5221.35,0,0.0,0,0,2026-09-15
NIFTY,2028-12-26,30000.0,CE,873.85,880.0,821.0,825.35,825.35,36,72236593.0,21770,195,2026-09-15
NIFTY,2028-12-26,28500.0,CE,0.0,0.0,0.0,3608.65,1596.43,0,0.0,0,0,2026-09-15
NIFTY,2028-12-26,28000.0,CE,1462.0,1500.05,1410.0,1410.0,1753.13,10,19135483.25,10085,260,2026-09-15
NIFTY,2028-12-26,25500.0,CE,0.0,0.0,0.0,3800.0,2728.31,0,0.0,0,0,2026-09-15
NIFTY,2028-12-26,24000.0,CE,3530.0,3530.0,3390.0,3405.0,3405.0,15,26736147.75,2080,325,2026-09-15
NIFTY,2028-12-26,18000.0,CE,0.0,0.0,0.0,9380.3,7636.25,0,0.0,0,0,2026-09-15
NIFTY,2027-12-28,24000.0,CE,2091.15,2095.0,1881.0,1904.0,1904.0,282,476132406.75,137540,7735,2026-09-15
NIFTY,2027-06-29,30000.0,CE,100.0,100.0,80.0,80.0,108.49,3,5867810.0,130,130,2026-09-15
NIFTY,2026-12-29,26000.0,CE,67.2,69.1,57.8,59.25,59.25,9391,15908255964.25,4391405,30960,2026-09-15
NIFTY,2026-12-29,25000.0,CE,176.2,192.5,143.0,145.7,145.7,12177,19911855551.25,3170770,18415,2026-09-15
NIFTY,2026-11-23,25500.0,CE,45.0,45.0,34.55,36.4,36.4,3252,5398318688.75,306670,10270,2026-09-15
NIFTY,2026-11-23,24900.0,CE,0.0,0.0,0.0,691.9,166.49,0,0.0,0,0,2026-09-15
NIFTY,2026-11-23,24650.0,CE,130.7,132.7,98.0,99.1,99.1,92,148074914.0,7605,1170,2026-09-15
NIFTY,2026-11-23,24450.0,CE,146.2,147.3,129.7,129.7,129.7,30,47957292.5,10595,1235,2026-09-15
NIFTY,2026-11-23,23900.0,CE,367.6,367.6,269.25,283.1,283.1,487,766180255.75,25545,-2665,2026-09-15
NIFTY,2026-11-23,23700.0,CE,475.5,475.5,346.1,361.75,361.75,564,882778562.25,27560,4290,2026-09-15
NIFTY,2026-11-23,22450.0,CE,0.0,0.0,0.0,2326.6,1201.7,0,0.0,0,0,2026-09-15
NIFTY,2026-11-23,21750.0,CE,0.0,0.0,0.0,2952.95,1743.61,0,0.0,0,0,2026-09-15
NIFTY,2026-10-27,26700.0,CE,0.0,0.0,0.0,6.85,2.44,0,0.0,715,0,2026-09-15
NIFTY,2026-10-27,26100.0,CE,10.45,10.45,9.95,9.95,8.35,10,16971649.5,2015,-260,2026-09-15
NIFTY,2026-10-27,25800.0,CE,13.25,13.6,11.55,13.1,13.1,486,815427375.75,42705,16250,2026-09-15
NIFTY,2026-10-27,25500.0,CE,18.55,18.85,15.05,15.95,15.95,4396,7290967427.25,734045,-61165,2026-09-15
NIFTY,2026-10-27,25300.0,CE,23.45,23.45,16.7,18.7,18.7,419,689583209.25,49140,585,2026-09-15
NIFTY,2026-10-27,25100.0,CE,30.05,30.05,21.75,24.05,24.05,987,1611935295.75,141505,-325,2026-09-15
NIFTY,2026-10-27,23950.0,CE,213.4,213.45,138.25,144.65,144.65,501,785353946.0,28015,5590,2026-09-15
NIFTY,2026-10-27,22550.0,CE,0.0,0.0,0.0,1962.0,941.07,0,0.0,0,0,2026-09-15
NIFTY,2026-10-27,21750.0,CE,0.0,0.0,0.0,2639.9,1585.96,0,0.0,0,0,2026-09-15
NIFTY,2026-10-13,24900.0,CE,0.0,0.0,0.0,110.75,25.83,0,0.0,0,0,2026-09-15
NIFTY,2026-10-13,24850.0,CE,0.0,0.0,0.0,119.25,28.68,0,0.0,0,0,2026-09-15
NIFTY,2026-10-13,24550.0,CE,0.0,0.0,0.0,183.05,52.2,0,0.0,0,0,2026-09-15
NIFTY,2026-10-13,24050.0,CE,117.05,117.05,68.4,71.3,71.3,90,141228184.5,4420,2535,2026-09-15
NIFTY,2026-10-13,23100.0,CE,428.4,428.4,421.65,425.25,425.25,14,21407980.75,910,910,2026-09-15
NIFTY,2026-10-13,22800.0,CE,0.0,0.0,0.0,1089.55,648.38,0,0.0,0,0,2026-09-15
NIFTY,2026-10-13,22750.0,CE,0.0,0.0,0.0,1129.3,681.36,0,0.0,0,0,2026-09-15
NIFTY,2026-10-13,22200.0,CE,0.0,0.0,0.0,1601.7,1098.55,0,0.0,0,0,2026-09-15
NIFTY,2026-10-13,22100.0,CE,0.0,0.0,0.0,1693.15,1183.46,0,0.0,0,0,2026-09-15
NIFTY,2026-10-06,25500.0,CE,7.3,7.3,4.65,5.4,5.4,221,366393326.0,20735,65,2026-09-15
NIFTY,2026-10-06,25000.0,CE,12.65,17.3,7.45,10.15,10.15,1856,3017211499.25,49400,9360,2026-09-15
NIFTY,2026-10-06,24450.0,CE,0.0,0.0,0.0,364.35,35.12,0,0.0,0,0,2026-09-15
NIFTY,2026-10-06,24350.0,CE,0.0,0.0,0.0,406.45,44.09,0,0.0,0,0,2026-09-15
NIFTY,2026-10-06,24300.0,CE,45.4,53.4,20.45,22.85,22.85,36499,57732310538.5,288535,258830,2026-09-15
NIFTY,2026-10-06,24250.0,CE,46.05,52.1,23.95,25.15,25.15,652,1029280099.25,11245,5785,2026-09-15
NIFTY,2026-10-06,23150.0,CE,476.0,476.0,328.1,338.95,338.95,63,96187172.25,2080,2080,2026-09-15
NIFTY,2026-10-06,22450.0,CE,0.0,0.0,0.0,1769.15,839.1,0,0.0,0,0,2026-09-15
NIFTY,2026-10-06,22150.0,CE,0.0,0.0,0.0,2051.3,1091.18,0,0.0,0,0,2026-09-15
NIFTY,2026-10-06,21750.0,CE,0.0,0.0,0.0,2438.05,1458.35,0,0.0,0,0,2026-09-15
NIFTY,2026-10-06,21650.0,CE,0.0,0.0,0.0,2535.9,1553.79,0,0.0,0,0,2026-09-15
NIFTY,2026-09-29,30000.0,CE,0.55,0.9,0.55,0.6,0.6,151,294456513.0,272220,-1885,2026-09-15
NIFTY,2026-09-29,26750.0,CE,0.4,1.5,0.4,1.5,0.0,2,3477623.5,7085,-65,2026-09-15
NIFTY,2026-09-29,26450.0,CE,0.0,0.0,0.0,2.4,0.0,0,0.0,2730,0,2026-09-15
NIFTY,2026-09-29,26050.0,CE,3.3,3.3,2.1,2.4,2.4,83,140553335.0,12285,-260,2026-09-15
NIFTY,2026-09-29,25900.0,CE,3.4,3.75,2.2,2.5,2.5,712,1198787076.5,49205,6175,2026-09-15
NIFTY,2026-09-29,25700.0,CE,3.75,3.95,2.25,2.85,2.85,2871,4796618927.75,198250,-20540,2026-09-15
NIFTY,2026-09-29,25550.0,CE,3.8,4.75,2.95,3.45,3.45,265,440163785.75,37830,-2080,2026-09-15
NIFTY,2026-09-29,25450.0,CE,4.65,5.65,3.35,3.85,3.85,529,875245952.75,50830,1950,2026-09-15
NIFTY,2026-09-29,25000.0,CE,7.65,10.35,4.5,5.25,5.25,56078,91148975953.75,5135000,-521560,2026-09-15
NIFTY,2026-09-29,24750.0,CE,10.15,10.15,5.6,6.45,6.45,3314,5333013237.5,291265,-6695,2026-09-15
NIFTY,2026-09-29,24650.0,CE,16.1,16.1,6.25,7.35,7.35,3473,5566559934.0,156130,-7995,2026-09-15
NIFTY,2026-09-29,24600.0,CE,13.7,13.7,6.4,7.5,7.5,15303,24478609304.5,1518530,-110045,2026-09-15
NIFTY,2026-09-29,24350.0,CE,22.1,22.2,9.45,10.6,10.6,7854,12438237721.0,542035,87945,2026-09-15
NIFTY,2026-09-29,23150.0,CE,470.3,472.65,253.0,278.7,278.7,5871,8941582867.75,232635,215410,2026-09-15
NIFTY,2026-09-29,22700.0,CE,840.0,840.9,567.0,606.1,606.1,394,596968060.0,19890,10270,2026-09-15
NIFTY,2026-09-29,22550.0,CE,850.0,850.0,850.0,850.0,694.96,1,1521000.0,260,65,2026-09-15
NIFTY,2026-09-29,22450.0,CE,0.0,0.0,0.0,1450.0,777.04,0,0.0,130,0,2026-09-15
NIFTY,2026-09-29,22000.0,CE,1520.0,1540.0,1182.45,1241.6,1241.6,723,1097042163.75,809380,6955,2026-09-15
NIFTY,2026-09-29,21850.0,CE,0.0,0.0,0.0,2030.0,1325.99,0,0.0,65,0,2026-09-15
NIFTY,2026-09-22,25550.0,CE,1.45,1.85,0.9,1.0,1.0,1407,2336781742.75,41145,845,2026-09-15
NIFTY,2026-09-22,25500.0,CE,1.65,1.95,0.9,1.1,1.1,93018,154185348525.0,1320020,170365,2026-09-15
NIFTY,2026-09-22,23500.0,CE,157.65,211.45,45.6,53.0,53.0,580037,889196685806.0,5847075,3070730,2026-09-15
NIFTY,2026-09-22,22300.0,CE,1130.0,1130.0,880.0,907.8,907.8,74,111868627.0,7735,2015,2026-09-15
NIFTY,2026-09-22,21750.0,CE,0.0,0.0,0.0,2536.8,1393.47,0,0.0,0,0,2026-09-15
NIFTY,2026-09-15,26000.0,CE,0.4,0.4,0.05,0.1,23118.6,76192,128765495989.0,1056770,-489255,2026-09-15
NIFTY,2026-09-15,25550.0,CE,0.35,0.4,0.05,0.1,23118.6,25058,41615400723.0,170625,-41925,2026-09-15
NIFTY,2026-09-15,25150.0,CE,0.25,0.35,0.05,0.1,23118.6,50905,83217671143.75,308815,-55055,2026-09-15
NIFTY,2026-09-15,24900.0,CE,0.35,0.5,0.05,0.1,23118.6,157637,255138197856.75,880360,-111280,2026-09-15
NIFTY,2026-09-15,24650.0,CE,0.55,0.65,0.05,0.3,23118.6,163800,262452267642.5,1626105,538525,2026-09-15
NIFTY,2026-09-15,24600.0,CE,0.5,0.7,0.05,0.15,23118.6,297673,475986507109.75,2140905,-939705,2026-09-15
NIFTY,2026-09-15,24050.0,CE,1.35,1.35,0.05,0.25,23118.6,1113925,1741393894682.0,3241745,618605,2026-09-15
NIFTY,2026-09-15,23100.0,CE,380.0,464.95,17.6,40.6,23118.6,2295166,3456650127368.75,6116110,5755295,2026-09-15
NIFTY,2026-09-15,22600.0,CE,667.35,910.35,503.25,557.45,23118.6,646,975589858.75,9360,3185,2026-09-15
NIFTY,2026-09-15,21900.0,CE,0.0,0.0,0.0,2703.3,23118.6,0,0.0,0,0,2026-09-15
NIFTY,2031-06-24,18000.0,PE,0.0,0.0,0.0,173.45,145.25,0,0.0,0,0,2026-09-15
NIFTY,2029-12-24,25000.0,PE,0.0,0.0,0.0,1250.0,1332.6,0,0.0,1265,0,2026-09-15
NIFTY,2029-06-26,19500.0,PE,0.0,0.0,0.0,56.0,232.9,0,0.0,0,0,2026-09-15
NIFTY,2029-06-26,18000.0,PE,0.0,0.0,0.0,118.45,113.83,0,0.0,0,0,2026-09-15
NIFTY,2029-06-26,16500.0,PE,0.0,0.0,0.0,8.1,48.18,0,0.0,0,0,2026-09-15
NIFTY,2028-12-26,31500.0,PE,0.0,0.0,0.0,2673.4,5027.48,0,0.0,0,0,2026-09-15
NIFTY,2028-12-26,24000.0,PE,922.0,922.0,922.0,922.0,922.0,1,1619930.0,5135,65,2026-09-15
NIFTY,2028-06-27,27000.0,PE,0.0,0.0,0.0,2752.35,2539.42,0,0.0,0,0,2026-09-15
NIFTY,2027-06-29,27000.0,PE,0.0,0.0,0.0,2100.0,3024.79,0,0.0,65,0,2026-09-15
NIFTY,2027-06-29,18000.0,PE,0.0,0.0,0.0,37.1,17.06,0,0.0,230,0,2026-09-15
NIFTY,2027-06-29,33000.0,CE,0.0,0.0,0.0,1122.75,20.47,0,0.0,0,0,2026-09-15
NIFTY,2027-12-28,33000.0,CE,67.3,76.0,60.0,66.45,66.45,93,199886303.5,7475,1040,2026-09-15
NIFTY,2028-06-27,19500.0,CE,0.0,0.0,0.0,9209.1,5882.38,0,0.0,0,0,2026-09-15
NIFTY,2029-06-26,18000.0,CE,0.0,0.0,0.0,11678.65,8137.7,0,0.0,0,0,2026-09-15
NIFTY,2029-06-26,21000.0,CE,0.0,0.0,0.0,9799.75,5932.98,0,0.0,0,0,2026-09-15
NIFTY,2029-06-26,33000.0,CE,0.0,0.0,0.0,4179.45,994.79,0,0.0,0,0,2026-09-15
NIFTY,2029-12-24,16500.0,CE,0.0,0.0,0.0,12984.85,9766.93,0,0.0,0,0,2026-09-15
NIFTY,2029-12-24,28500.0,CE,0.0,0.0,0.0,4802.1,2631.36,0,0.0,0,0,2026-09-15
NIFTY,2030-06-25,18000.0,CE,0.0,0.0,0.0,12423.9,9083.04,0,0.0,0,0,2026-09-15
NIFTY,2030-06-25,31500.0,CE,0.0,0.0,0.0,3984.8,2181.97,0,0.0,0,0,2026-09-15
NIFTY,2030-12-31,16500.0,CE,0.0,0.0,0.0,13763.55,10618.39,0,0.0,0,0,2026-09-15
NIFTY,2030-12-31,28500.0,CE,0.0,0.0,0.0,5968.3,3693.8,0,0.0,0,0,2026-09-15
NIFTY,2031-06-24,31500.0,CE,0.0,0.0,0.0,3928.35,3124.44,0,0.0,0,0,2026-09-15
NIFTY,2026-09-15,21650.0,PE,0.75,0.8,0.05,0.15,23118.6,19051,26809799945.5,199745,199745,2026-09-15
NIFTY,2026-09-15,22050.0,PE,0.65,1.45,0.05,0.15,23118.6,64743,92794259795.25,558870,-162110,2026-09-15
NIFTY,2026-09-15,22150.0,PE,1.1,1.1,0.05,0.2,23118.6,87183,125523586051.5,499525,-382005,2026-09-15
NIFTY,2026-09-15,22200.0,PE,0.45,0.9,0.05,0.15,23118.6,270361,390136716755.5,2397005,-1980940,2026-09-15
NIFTY,2026-10-27,23000.0,CE,768.55,780.0,553.75,583.55,583.55,5658,8689510898.25,354380,43030,2026-09-15
NIFTY,2026-10-27,22050.0,CE,0.0,0.0,0.0,2377.1,1328.13,0,0.0,0,0,2026-09-15
NIFTY,2026-10-13,24950.0,CE,0.0,0.0,0.0,102.7,23.22,0,0.0,0,0,2026-09-15
NIFTY,2026-09-15,23050.0,PE,2.4,13.1,0.05,3.4,23118.6,8190938,12274393738272.25,9298900,6085690,2026-09-15
NIFTY,2026-09-15,23500.0,PE,19.0,404.95,19.0,343.7,23118.6,4587888,7042251357950.25,1575535,-2670070,2026-09-15
NIFTY,2026-09-15,23900.0,PE,351.1,800.35,345.1,738.0,23118.6,22594,35924690707.75,514800,-599365,2026-09-15
NIFTY,2026-09-15,24050.0,PE,525.45,938.65,525.45,886.35,23118.6,982,1582502993.5,66105,-7475,2026-09-15
NIFTY,2026-09-15,24950.0,PE,0.0,0.0,0.0,689.2,23118.6,0,0.0,0,0,2026-09-15
NIFTY,2026-09-15,25850.0,PE,0.0,0.0,0.0,1345.95,23118.6,0,0.0,0,0,2026-09-15
NIFTY,2026-09-22,24100.0,PE,591.4,950.0,591.3,903.05,903.05,2477,4003994770.75,149565,62270,2026-09-15
NIFTY,2026-09-22,24200.0,PE,686.6,1047.7,686.5,1003.05,1003.05,2451,3996868859.75,191750,96135,2026-09-15
NIFTY,2026-09-22,24550.0,PE,1062.75,1364.3,1014.4,1341.45,1341.45,467,781715512.5,25545,24895,2026-09-15
NIFTY,2026-09-22,25150.0,PE,0.0,0.0,0.0,1035.2,2003.07,0,0.0,0,0,2026-09-15
NIFTY,2026-10-13,24700.0,CE,0.0,0.0,0.0,148.1,38.94,0,0.0,0,0,2026-09-15
NIFTY,2026-10-13,23950.0,CE,0.0,0.0,0.0,381.6,148.53,0,0.0,0,0,2026-09-15
NIFTY,2026-10-13,23900.0,CE,0.0,0.0,0.0,403.35,161.45,0,0.0,0,0,2026-09-15
NIFTY,2026-10-13,23700.0,CE,228.25,229.55,138.95,147.15,147.15,259,402043752.5,13715,5200,2026-09-15
NIFTY,2026-10-13,23400.0,CE,368.8,394.1,248.5,264.65,264.65,192,295829423.5,6695,5005,2026-09-15
NIFTY,2026-10-13,23000.0,CE,571.55,571.55,459.35,497.85,497.85,66,100826020.75,1430,1040,2026-09-15
NIFTY,2026-10-13,22950.0,CE,0.0,0.0,0.0,974.15,554.98,0,0.0,0,0,2026-09-15
NIFTY,2026-09-29,18000.0,PE,0.85,1.2,0.7,0.85,0.85,2768,3238706233.75,834015,-16185,2026-09-15
NIFTY,2026-09-29,23300.0,PE,117.15,299.0,113.8,270.25,270.25,123136,188197870081.0,3052140,574925,2026-09-15
NIFTY,2026-09-29,23850.0,PE,415.0,704.3,394.95,657.15,657.15,383,608530240.5,96460,-9945,2026-09-15
NIFTY,2026-09-29,24350.0,PE,861.0,1161.7,861.0,1120.05,1120.05,130,214175328.25,320060,-1170,2026-09-15
NIFTY,2026-09-29,25150.0,PE,1622.6,1985.5,1602.9,1917.8,1917.8,504,882497060.25,1495,390,2026-09-15
NIFTY,2026-09-29,25350.0,PE,0.0,0.0,0.0,850.0,2174.73,0,0.0,1040,0,2026-09-15
NIFTY,2026-09-29,26700.0,PE,0.0,0.0,0.0,2560.85,3521.25,0,0.0,0,0,2026-09-15
NIFTY,2026-10-06,22100.0,PE,25.8,41.2,25.8,39.65,39.65,76,109341176.75,4095,3055,2026-09-15
NIFTY,2026-10-06,22750.0,PE,60.6,121.35,60.6,116.7,116.7,87,129260085.5,2925,2925,2026-09-15
NIFTY,2026-10-06,23100.0,PE,100.25,235.7,97.8,215.75,215.75,655,991031057.25,11180,4420,2026-09-15
NIFTY,2026-10-06,23250.0,PE,145.05,295.5,145.0,283.05,283.05,431,657766287.75,8125,0,2026-09-15
NIFTY,2026-10-06,23750.0,PE,377.3,576.8,362.55,568.95,568.95,33,51857793.0,2730,-455,2026-09-15
NIFTY,2026-10-06,24150.0,PE,0.0,0.0,0.0,455.15,1017.74,0,0.0,0,0,2026-09-15
NIFTY,2026-10-06,24500.0,PE,955.5,1301.8,955.5,1301.8,1301.8,5,8331661.0,650,195,2026-09-15
NIFTY,2026-10-06,24950.0,PE,0.0,0.0,0.0,949.75,1757.14,0,0.0,0,0,2026-09-15
NIFTY,2026-10-06,25700.0,PE,0.0,0.0,0.0,1563.65,2495.65,0,0.0,0,0,2026-09-15
NIFTY,2026-10-13,21900.0,PE,0.0,0.0,0.0,22.75,42.52,0,0.0,0,0,2026-09-15
NIFTY,2026-10-13,22000.0,PE,32.7,53.1,23.25,48.8,48.8,423,605952009.0,11050,5655,2026-09-15
NIFTY,2026-10-13,22150.0,PE,54.0,60.0,54.0,59.6,59.6,25,36085491.0,1625,780,2026-09-15
NIFTY,2026-10-13,23150.0,PE,164.55,276.5,163.7,267.35,267.35,98,149050703.75,1755,1625,2026-09-15
NIFTY,2026-10-13,24000.0,PE,650.0,656.1,633.3,656.1,910.56,8,12817311.0,650,260,2026-09-15
NIFTY,2026-10-13,24100.0,PE,0.0,0.0,0.0,652.1,989.46,0,0.0,0,0,2026-09-15
NIFTY,2026-10-13,24200.0,PE,0.0,0.0,0.0,715.4,1070.92,0,0.0,0,0,2026-09-15
NIFTY,2026-10-13,24350.0,PE,0.0,0.0,0.0,816.0,1197.45,0,0.0,0,0,2026-09-15
NIFTY,2026-10-13,24500.0,PE,0.0,0.0,0.0,923.15,1328.53,0,0.0,0,0,2026-09-15
NIFTY,2026-10-13,25150.0,PE,0.0,0.0,0.0,1450.15,1933.18,0,0.0,0,0,2026-09-15
NIFTY,2026-10-27,22100.0,PE,45.0,87.9,45.0,85.25,85.25,834,1201768980.75,25155,4745,2026-09-15
NIFTY,2026-10-27,22500.0,PE,80.0,143.65,67.1,138.2,138.2,28099,41300481491.75,1677650,141050,2026-09-15
NIFTY,2026-10-27,26200.0,PE,0.0,0.0,0.0,2040.5,2898.12,0,0.0,0,0,2026-09-15
NIFTY,2026-10-27,26350.0,PE,0.0,0.0,0.0,2163.0,3045.25,0,0.0,0,0,2026-09-15
NIFTY,2026-10-27,26700.0,PE,0.0,0.0,0.0,2458.1,3390.07,0,0.0,0,0,2026-09-15
NIFTY,2026-11-23,21700.0,PE,55.0,92.2,55.0,89.2,89.2,469,663858315.25,20865,11765,2026-09-15
NIFTY,2026-10-13,22700.0,CE,0.0,0.0,0.0,1169.65,715.23,0,0.0,0,0,2026-09-15
NIFTY,2026-10-13,22650.0,CE,0.0,0.0,0.0,1210.6,749.98,0,0.0,0,0,2026-09-15
NIFTY,2026-10-13,22250.0,CE,0.0,0.0,0.0,1556.55,1057.0,0,0.0,0,0,2026-09-15
NIFTY,2026-12-29,22500.0,CE,1436.0,1460.95,1299.95,1322.25,1322.25,219,339510015.0,32500,2535,2026-09-15
NIFTY,2026-11-23,23600.0,PE,397.55,586.55,390.5,558.75,558.75,463,724872070.0,30615,2275,2026-09-15
NIFTY,2026-11-23,25000.0,PE,1334.1,1632.3,1310.0,1584.6,1584.6,366,630077698.25,103805,10075,2026-09-15
NIFTY,2026-11-23,25050.0,PE,0.0,0.0,0.0,1014.95,1775.56,0,0.0,0,0,2026-09-15
NIFTY,2026-11-23,25850.0,PE,0.0,0.0,0.0,1490.4,2480.65,0,0.0,0,0,2026-09-15
NIFTY,2026-11-23,25900.0,PE,0.0,0.0,0.0,1526.4,2526.67,0,0.0,0,0,2026-09-15
NIFTY,2026-12-29,19500.0,PE,34.0,42.0,27.9,41.85,41.85,485,615888386.75,167115,6370,2026-09-15
NIFTY,2026-12-29,25000.0,PE,1245.1,1535.35,1238.8,1489.35,1489.35,3682,6306992435.25,2108455,63440,2026-09-15
NIFTY,2026-12-29,28500.0,PE,0.0,0.0,0.0,3320.25,4876.74,0,0.0,130,0,2026-09-15
NIFTY,2027-03-30,25500.0,PE,1490.15,1739.5,1464.05,1696.25,1696.25,334,588375537.75,247455,195,2026-09-15
NIFTY,2027-03-30,30000.0,PE,5500.05,5693.9,5500.05,5657.0,5657.0,40,92511978.0,3120,0,2026-09-15
NIFTY,2027-03-30,31500.0,PE,0.0,0.0,0.0,7066.15,7338.23,0,0.0,0,0,2026-09-15
NIFTY,2027-06-29,31500.0,PE,0.0,0.0,0.0,3604.7,6900.32,0,0.0,0,0,2026-09-15
NIFTY,2027-12-28,15000.0,PE,0.0,0.0,0.0,21.7,2.1,0,0.0,755,0,2026-09-15
NIFTY,2027-12-28,22000.0,PE,390.0,464.9,386.0,460.0,460.0,252,367396178.5,67920,5480,2026-09-15
NIFTY,2028-06-27,21000.0,PE,250.0,250.0,250.0,250.0,381.2,2,2762500.0,260,130,2026-09-15
NIFTY,2028-12-26,18000.0,PE,0.0,0.0,0.0,250.0,96.41,0,0.0,75,0,2026-09-15
NIFTY,2028-12-26,25000.0,PE,1212.0,1212.0,1210.0,1212.0,1482.82,12,20444840.0,11780,715,2026-09-15
NIFTY,2028-12-26,33000.0,PE,0.0,0.0,0.0,3315.4,6086.85,0,0.0,0,0,2026-09-15
NIFTY,2029-06-26,21000.0,PE,0.0,0.0,0.0,320.25,424.9,0,0.0,0,0,2026-09-15
NIFTY,2029-06-26,31500.0,PE,0.0,0.0,0.0,2443.35,4585.98,0,0.0,0,0,2026-09-15
NIFTY,2030-06-25,16500.0,PE,0.0,0.0,0.0,12.0,65.21,0,0.0,0,0,2026-09-15
NIFTY,2030-06-25,19500.0,PE,0.0,0.0,0.0,64.95,252.19,0,0.0,0,0,2026-09-15
NIFTY,2030-06-25,33000.0,PE,0.0,0.0,0.0,3143.9,4661.58,0,0.0,0,0,2026-09-15
NIFTY,2026-10-06,25400.0,CE,9.4,9.4,5.55,5.7,5.7,86,142023518.0,4225,1430,2026-09-15
NIFTY,2026-10-06,23900.0,CE,126.8,126.8,60.75,64.1,64.1,1406,2191608887.0,71175,21255,2026-09-15
NIFTY,2026-10-06,23300.0,CE,406.0,420.8,236.4,258.3,258.3,1424,2183970210.5,40365,27430,2026-09-15
NIFTY,2026-10-06,22650.0,CE,0.0,0.0,0.0,1586.8,686.62,0,0.0,0,0,2026-09-15
NIFTY,2026-10-06,22250.0,CE,0.0,0.0,0.0,1956.3,1004.42,0,0.0,0,0,2026-09-15
NIFTY,2026-09-29,27050.0,CE,0.0,0.0,0.0,1.85,0.0,0,0.0,4160,0,2026-09-15
NIFTY,2026-09-29,26150.0,CE,1.4,3.45,1.4,2.25,2.25,169,287283343.75,12610,1430,2026-09-15
NIFTY,2026-09-29,25100.0,CE,8.25,8.25,4.2,4.7,4.7,2689,4388054615.75,331305,520,2026-09-15
NIFTY,2026-09-29,23800.0,CE,110.05,121.45,41.2,45.0,45.0,86983,134906755678.5,3157115,188760,2026-09-15
NIFTY,2026-09-29,23550.0,CE,215.0,215.0,89.0,98.25,98.25,11242,17305355229.5,234455,51675,2026-09-15
NIFTY,2026-09-29,23250.0,CE,425.0,432.65,201.05,223.05,223.05,16115,24610278075.5,618605,62400,2026-09-15
NIFTY,2026-09-29,22400.0,CE,1005.0,1005.0,842.2,842.2,819.39,3,4548056.5,260,-65,2026-09-15
NIFTY,2026-09-29,22250.0,CE,0.0,0.0,0.0,1257.3,951.04,0,0.0,390,0,2026-09-15
NIFTY,2026-09-29,22150.0,CE,1400.0,1400.0,1210.0,1210.0,1042.04,2,3049150.0,455,0,2026-09-15
NIFTY,2026-09-22,25950.0,CE,0.9,1.2,0.85,0.9,0.9,350,590384141.75,2470,1365,2026-09-15
NIFTY,2026-09-22,25850.0,CE,1.1,1.9,0.85,1.0,1.0,563,946018609.25,15275,14365,2026-09-15
NIFTY,2026-09-22,25450.0,CE,1.45,1.8,0.9,1.0,1.0,652,1078625561.0,29640,1625,2026-09-15
NIFTY,2026-09-22,24900.0,CE,2.4,2.65,1.15,1.3,1.3,91767,148536900996.25,2350010,892515,2026-09-15
NIFTY,2026-09-22,23950.0,CE,44.95,45.0,6.2,8.05,8.05,102341,159395245334.0,1438450,925535,2026-09-15
NIFTY,2026-09-22,23750.0,CE,75.35,78.05,13.75,16.95,16.95,160058,247418525984.5,1172795,776880,2026-09-15
NIFTY,2026-09-22,23150.0,CE,416.1,416.1,173.3,196.3,196.3,35091,53270084120.5,564200,529620,2026-09-15
NIFTY,2026-09-22,23100.0,CE,462.6,466.35,201.05,226.8,226.8,45372,68858217434.5,797095,577720,2026-09-15
NIFTY,2026-09-22,23000.0,CE,570.0,604.85,263.45,293.6,293.6,39923,60558338584.25,633100,430625,2026-09-15
NIFTY,2026-09-22,22850.0,CE,629.15,629.15,376.55,408.15,408.15,690,1043918040.75,11700,10400,2026-09-15
NIFTY,2026-09-22,22650.0,CE,647.75,663.25,538.35,585.9,585.9,46,69469760.75,1755,1755,2026-09-15
NIFTY,2026-09-22,22500.0,CE,1015.0,1015.05,678.2,711.45,711.45,2167,3274827715.25,89830,52455,2026-09-15
NIFTY,2026-09-22,22450.0,CE,774.2,775.75,753.3,768.4,768.4,10,15091947.0,325,325,2026-09-15
NIFTY,2026-09-22,22000.0,CE,1478.0,1478.0,1161.15,1194.45,1194.45,85,128423421.75,8255,4615,2026-09-15
NIFTY,2026-09-22,21800.0,CE,0.0,0.0,0.0,2487.95,1343.68,0,0.0,0,0,2026-09-15
NIFTY,2026-09-15,26150.0,CE,0.7,1.05,0.05,0.05,23118.6,11580,19683321339.5,116350,22230,2026-09-15
NIFTY,2026-09-15,24350.0,CE,1.35,1.35,0.05,0.25,23118.6,346619,548621572908.5,3181165,2119195,2026-09-15
NIFTY,2026-09-15,24000.0,CE,1.55,1.95,0.05,0.25,23118.6,3212272,5011302307267.75,11228490,-2439970,2026-09-15
NIFTY,2026-09-15,23400.0,CE,140.25,182.0,0.05,2.7,23118.6,15768430,24011737293141.0,13265005,7105865,2026-09-15
NIFTY,2026-10-27,23050.0,CE,596.05,610.9,559.65,559.7,622.65,11,16893916.0,910,455,2026-09-15
NIFTY,2026-10-27,25050.0,CE,31.0,31.0,22.1,25.1,25.1,138,224946848.75,28405,325,2026-09-15
NIFTY,2026-10-27,25150.0,CE,0.0,0.0,0.0,479.95,45.32,0,0.0,0,0,2026-09-15
NIFTY,2026-10-27,25650.0,CE,15.05,15.05,13.5,13.85,13.85,21,35032140.0,6825,-1105,2026-09-15
NIFTY,2026-10-27,27200.0,CE,9.0,9.0,4.25,4.95,4.95,140,247567583.25,9880,-1170,2026-09-15
NIFTY,2026-11-23,21700.0,CE,0.0,0.0,0.0,2999.2,1785.59,0,0.0,0,0,2026-09-15
NIFTY,2026-11-23,22700.0,CE,0.0,0.0,0.0,2115.1,1032.54,0,0.0,0,0,2026-09-15
NIFTY,2026-11-23,23100.0,CE,840.0,840.05,659.95,685.4,685.4,99,153194496.0,4095,2860,2026-09-15
NIFTY,2026-11-23,23400.0,CE,640.0,644.5,486.3,510.45,510.45,299,465314047.25,14430,5135,2026-09-15
NIFTY,2026-11-23,23450.0,CE,615.55,616.75,462.35,480.4,480.4,125,194766360.75,4485,3380,2026-09-15
NIFTY,2026-11-23,23600.0,CE,517.25,523.0,390.65,409.3,409.3,311,485915677.0,18070,780,2026-09-15
NIFTY,2026-11-23,24250.0,CE,228.15,228.15,172.55,172.55,172.55,60,95303620.75,3510,-65,2026-09-15
NIFTY,2026-11-23,24600.0,CE,147.15,147.15,105.55,109.6,109.6,802,1288596458.5,57265,12090,2026-09-15
NIFTY,2026-11-23,25450.0,CE,0.0,0.0,0.0,479.65,91.22,0,0.0,0,0,2026-09-15
NIFTY,2026-11-23,25550.0,CE,0.0,0.0,0.0,446.95,81.25,0,0.0,0,0,2026-09-15
NIFTY,2026-12-29,16000.0,CE,0.0,0.0,0.0,8500.0,7407.32,0,0.0,260,0,2026-09-15
NIFTY,2027-06-29,25500.0,CE,620.05,620.05,620.05,620.05,839.2,1,1697803.25,520,0,2026-09-15
NIFTY,2026-10-13,21800.0,CE,0.0,0.0,0.0,1974.5,1450.54,0,0.0,0,0,2026-09-15
NIFTY,2026-11-23,23500.0,CE,604.3,605.6,437.1,455.95,455.95,2974,4638524491.25,258830,19240,2026-09-15
NIFTY,2026-11-23,23800.0,CE,410.0,424.0,309.9,319.45,319.45,992,1556541197.25,71890,16380,2026-09-15
NIFTY,2026-12-29,31500.0,CE,5.3,6.05,4.1,4.2,4.2,18,36860827.25,32240,130,2026-09-15
NIFTY,2027-03-30,24000.0,CE,946.45,946.45,798.25,817.15,817.15,4282,6926794416.75,397605,-25285,2026-09-15
NIFTY,2026-09-15,22500.0,PE,1.05,1.35,0.05,0.2,23118.6,1166087,1705434186823.25,9037015,-439855,2026-09-15
NIFTY,2026-10-06,21950.0,CE,0.0,0.0,0.0,2243.55,1271.32,0,0.0,0,0,2026-09-15
NIFTY,2026-09-29,27000.0,CE,1.5,1.85,1.45,1.7,1.7,3123,5481196324.5,1703390,24895,2026-09-15
NIFTY,2026-09-29,26100.0,CE,2.85,2.9,1.8,2.45,2.45,165,279949312.5,13975,-1105,2026-09-15
NIFTY,2026-09-29,22900.0,CE,690.05,690.1,414.5,445.7,445.7,1543,2346387800.25,35620,15730,2026-09-15
NIFTY,2026-09-22,24850.0,CE,2.7,2.75,1.2,1.35,1.35,27715,44770531240.5,381420,171080,2026-09-15
NIFTY,2026-09-22,24700.0,CE,3.4,3.55,1.45,1.75,1.75,108358,173986355110.75,1783925,821600,2026-09-15
NIFTY,2026-09-22,24150.0,CE,17.05,17.05,3.8,5.1,5.1,78872,123841449137.25,793845,408655,2026-09-15
NIFTY,2026-09-15,25400.0,CE,0.2,0.4,0.05,0.1,23118.6,47196,77921279904.0,354640,-184730,2026-09-15
NIFTY,2026-10-06,24550.0,CE,0.0,0.0,0.0,325.45,27.75,0,0.0,0,0,2026-09-15
NIFTY,2026-09-15,22000.0,CE,1490.0,1490.0,1162.4,1206.85,23118.6,30,45445309.0,2210,-130,2026-09-15
NIFTY,2026-09-15,23400.0,PE,38.75,306.7,16.35,251.9,23118.6,9419247,14375496101837.0,2610270,-6379425,2026-09-15
NIFTY,2026-11-23,25450.0,PE,0.0,0.0,0.0,1217.0,2119.89,0,0.0,0,0,2026-09-15
NIFTY,2026-11-23,23250.0,PE,275.95,416.0,268.25,407.05,407.05,174,266879450.5,4810,-2730,2026-09-15
NIFTY,2026-10-13,25350.0,PE,0.0,0.0,0.0,1628.0,2126.74,0,0.0,0,0,2026-09-15
NIFTY,2026-10-06,25600.0,PE,0.0,0.0,0.0,1475.75,2396.4,0,0.0,0,0,2026-09-15
NIFTY,2026-09-29,22450.0,PE,24.85,51.4,20.4,47.6,47.6,2835,4143849817.25,79235,37180,2026-09-15
NIFTY,2026-09-22,22150.0,PE,9.45,12.1,5.6,10.05,10.05,18119,26096980214.5,202020,110175,2026-09-15
NIFTY,2026-10-06,25450.0,CE,6.1,7.0,4.7,5.8,5.8,59,97623896.5,1430,195,2026-09-15
NIFTY,2026-10-06,22500.0,PE,45.15,80.95,33.85,73.65,73.65,5325,7806519818.5,87295,46800,2026-09-15
NIFTY,2026-10-06,22650.0,PE,60.6,101.75,60.6,98.2,98.2,38,56152746.0,1495,1495,2026-09-15
NIFTY,2026-10-06,22800.0,PE,65.0,137.75,60.45,127.4,127.4,912,1357681656.5,15535,7800,2026-09-15
NIFTY,2026-10-06,23050.0,PE,100.0,212.75,99.8,198.35,198.35,233,351731425.5,7540,975,2026-09-15
NIFTY,2026-10-06,23900.0,PE,501.05,718.0,496.9,718.0,718.0,14,22222586.75,2015,-65,2026-09-15
NIFTY,2026-10-06,24400.0,PE,0.0,0.0,0.0,588.3,1238.38,0,0.0,0,0,2026-09-15
NIFTY,2026-09-29,27150.0,PE,0.0,0.0,0.0,2959.15,3970.24,0,0.0,0,0,2026-09-15
NIFTY,2026-09-29,25700.0,PE,2205.65,2440.0,2177.55,2440.0,2523.59,5,9080285.5,12025,65,2026-09-15
NIFTY,2026-10-06,24700.0,PE,0.0,0.0,0.0,774.45,1517.19,0,0.0,0,0,2026-09-15
NIFTY,2026-10-06,25000.0,PE,0.0,0.0,0.0,987.9,1805.69,0,0.0,0,0,2026-09-15
NIFTY,2026-10-06,25050.0,PE,0.0,0.0,0.0,1024.75,1854.39,0,0.0,0,0,2026-09-15
NIFTY,2026-10-06,25750.0,PE,0.0,0.0,0.0,1608.15,2545.32,0,0.0,0,0,2026-09-15
NIFTY,2026-10-13,22300.0,PE,44.4,77.95,44.4,74.55,74.55,106,154088106.25,5525,2925,2026-09-15
NIFTY,2026-10-06,21700.0,CE,0.0,0.0,0.0,2486.95,1505.93,0,0.0,0,0,2026-09-15
NIFTY,2026-09-29,26850.0,CE,0.0,0.0,0.0,2.2,0.0,0,0.0,2665,0,2026-09-15
NIFTY,2026-10-06,22050.0,CE,0.0,0.0,0.0,2147.1,1180.25,0,0.0,0,0,2026-09-15
NIFTY,2026-10-06,23200.0,CE,472.25,472.25,289.0,312.5,312.5,2033,3108257269.0,73775,72020,2026-09-15
NIFTY,2026-10-06,23850.0,CE,136.2,136.2,68.85,72.35,72.35,377,586741236.25,14170,6240,2026-09-15
NIFTY,2026-10-06,25700.0,CE,4.3,6.75,4.3,5.2,5.2,49,81871062.0,5200,-910,2026-09-15
NIFTY,2026-10-13,21900.0,CE,0.0,0.0,0.0,1879.7,1359.68,0,0.0,0,0,2026-09-15
NIFTY,2026-10-13,22150.0,CE,0.0,0.0,0.0,1647.3,1140.71,0,0.0,0,0,2026-09-15
NIFTY,2026-10-13,22450.0,CE,0.0,0.0,0.0,1379.8,897.52,0,0.0,0,0,2026-09-15
NIFTY,2026-10-13,23050.0,CE,0.0,0.0,0.0,900.4,497.44,0,0.0,0,0,2026-09-15
NIFTY,2026-10-13,23500.0,CE,350.0,350.0,203.4,220.0,220.0,1110,1714376043.25,28925,19565,2026-09-15
NIFTY,2026-10-27,22000.0,CE,1608.0,1629.4,1350.0,1392.1,1392.1,801,1221594799.75,87685,19565,2026-09-15
NIFTY,2026-10-27,22250.0,CE,0.0,0.0,0.0,1265.4,1166.19,0,0.0,13130,0,2026-09-15
NIFTY,2026-10-27,22450.0,CE,0.0,0.0,0.0,2042.45,1014.52,0,0.0,0,0,2026-09-15
NIFTY,2026-10-27,22750.0,CE,0.0,0.0,0.0,1805.4,804.74,0,0.0,0,0,2026-09-15
NIFTY,2026-09-29,25650.0,PE,0.0,0.0,0.0,1016.85,2473.73,0,0.0,65,0,2026-09-15
NIFTY,2026-09-29,25300.0,CE,4.75,5.4,3.7,4.1,4.1,4457,7330851157.5,451750,-20215,2026-09-15
NIFTY,2026-09-29,25250.0,CE,6.1,6.1,3.65,4.3,4.3,632,1037473632.0,84305,-3640,2026-09-15
NIFTY,2026-09-29,25050.0,CE,6.8,6.8,4.3,4.75,4.75,1527,2486900412.75,82940,-11635,2026-09-15
NIFTY,2026-09-29,24250.0,CE,29.7,29.7,11.6,13.35,13.35,12342,19470047567.75,402805,43225,2026-09-15
NIFTY,2026-10-27,23150.0,CE,564.95,565.0,480.35,487.35,487.35,36,55321464.25,1560,1170,2026-09-15
NIFTY,2026-10-13,22400.0,PE,60.45,95.0,58.6,95.0,95.0,59,86157162.0,2340,2340,2026-09-15
NIFTY,2026-10-13,22600.0,PE,80.3,122.1,78.1,114.8,114.8,136,200687789.25,5330,4485,2026-09-15
NIFTY,2026-10-13,22700.0,PE,72.35,140.0,69.85,134.65,134.65,100,148295322.5,4420,2925,2026-09-15
NIFTY,2026-10-13,22850.0,PE,132.85,173.6,132.85,166.6,166.6,14,20935882.5,390,390,2026-09-15
NIFTY,2026-10-27,24550.0,CE,69.95,69.95,48.0,50.15,50.15,507,810957741.75,42640,3705,2026-09-15
NIFTY,2026-10-27,25200.0,CE,20.65,25.2,20.15,21.3,21.3,1679,2752660033.5,173940,5070,2026-09-15
NIFTY,2026-10-27,26250.0,CE,0.0,0.0,0.0,9.95,6.21,0,0.0,585,0,2026-09-15
NIFTY,2026-10-27,26350.0,CE,0.0,0.0,0.0,8.0,5.08,0,0.0,520,0,2026-09-15
NIFTY,2026-11-23,22650.0,CE,0.0,0.0,0.0,2156.8,1065.24,0,0.0,0,0,2026-09-15
NIFTY,2026-11-23,23000.0,CE,896.45,926.0,714.1,748.35,748.35,1319,2039233345.5,102245,34255,2026-09-15
NIFTY,2026-10-13,23500.0,PE,260.8,457.3,255.15,435.65,435.65,543,841576206.25,20605,8450,2026-09-15
NIFTY,2026-10-13,24150.0,PE,0.0,0.0,0.0,683.35,1029.89,0,0.0,0,0,2026-09-15
NIFTY,2026-10-13,24700.0,PE,0.0,0.0,0.0,1075.5,1509.18,0,0.0,0,0,2026-09-15
NIFTY,2026-10-13,24850.0,PE,0.0,0.0,0.0,1195.85,1648.24,0,0.0,0,0,2026-09-15
NIFTY,2026-09-29,23650.0,CE,151.75,176.7,65.45,71.45,71.45,18496,28545665898.75,475930,234845,2026-09-15
NIFTY,2026-09-29,23500.0,CE,231.1,270.8,102.15,114.4,114.4,179177,275466920930.5,4446195,1249560,2026-09-15
NIFTY,2026-09-29,23450.0,CE,271.1,291.55,118.8,132.95,132.95,14818,22750227074.25,338845,166985,2026-09-15
NIFTY,2026-09-29,23400.0,CE,289.65,329.3,136.6,151.75,151.75,94301,144646065720.0,2298660,431535,2026-09-15
NIFTY,2026-10-27,22050.0,PE,52.15,82.9,52.15,80.8,80.8,102,146587265.5,4225,-780,2026-09-15
NIFTY,2026-10-27,22200.0,PE,47.25,100.55,47.25,96.0,96.0,1672,2421455253.75,64935,36400,2026-09-15
NIFTY,2026-10-27,23100.0,PE,162.0,311.0,161.05,292.2,292.2,4611,6997047278.0,225680,2730,2026-09-15
NIFTY,2026-10-27,23450.0,PE,279.0,456.15,275.3,437.7,437.7,354,547894012.25,54665,-1235,2026-09-15
NIFTY,2026-10-27,24300.0,PE,782.2,1056.55,776.05,1024.9,1024.9,352,576177023.5,144560,-8645,2026-09-15
NIFTY,2026-10-27,24800.0,PE,1219.0,1481.85,1219.0,1481.8,1579.38,14,23789775.75,145080,325,2026-09-15
NIFTY,2026-10-27,24850.0,PE,0.0,0.0,0.0,1307.75,1623.39,0,0.0,1300,0,2026-09-15
NIFTY,2026-10-27,25000.0,PE,1387.2,1715.0,1387.2,1671.6,1671.6,603,1041321489.0,586820,5655,2026-09-15
NIFTY,2026-10-27,25200.0,PE,1638.05,1868.0,1633.5,1867.4,1867.4,22,38662828.75,13130,1105,2026-09-15
NIFTY,2026-09-29,23200.0,CE,461.9,466.95,226.75,249.95,249.95,47353,72260592894.75,889200,573430,2026-09-15
NIFTY,2026-09-29,22350.0,CE,0.0,0.0,0.0,1150.0,862.55,0,0.0,130,0,2026-09-15
NIFTY,2026-09-29,22300.0,CE,1100.0,1100.0,931.0,957.45,957.45,26,39356281.25,1625,-130,2026-09-15
NIFTY,2026-09-29,18000.0,CE,5246.0,5246.0,5246.0,5246.0,5159.15,2,3021980.0,975,-130,2026-09-15
NIFTY,2026-09-29,15000.0,CE,0.0,0.0,0.0,10499.3,8152.39,0,0.0,0,0,2026-09-15
NIFTY,2026-09-22,25150.0,CE,2.0,2.5,0.95,1.05,1.05,20838,34066930891.5,317265,108875,2026-09-15
NIFTY,2026-11-23,23850.0,CE,346.15,346.15,293.65,301.3,301.3,39,61246250.0,2665,65,2026-09-15
NIFTY,2026-11-23,24950.0,CE,0.0,0.0,0.0,670.25,158.02,0,0.0,0,0,2026-09-15
NIFTY,2026-11-23,25950.0,CE,0.0,0.0,0.0,332.85,50.14,0,0.0,0,0,2026-09-15
NIFTY,2026-11-23,26000.0,CE,28.15,29.8,23.5,24.9,24.9,1902,3217630718.25,306995,6695,2026-09-15
NIFTY,2026-09-22,24400.0,CE,6.2,7.15,2.5,3.05,3.05,172557,273719986462.0,1951040,892125,2026-09-15
NIFTY,2026-10-27,25600.0,PE,0.0,0.0,0.0,1280.0,2316.77,0,0.0,130,0,2026-09-15
NIFTY,2026-09-22,23300.0,CE,335.65,342.0,103.5,119.15,119.15,326307,497466514538.5,3667950,2912715,2026-09-15
NIFTY,2026-09-22,21700.0,CE,0.0,0.0,0.0,2585.8,1443.31,0,0.0,0,0,2026-09-15
NIFTY,2026-09-15,25700.0,CE,0.25,0.35,0.05,0.1,23118.6,17840,29801978563.5,165230,-111410,2026-09-15
NIFTY,2026-09-15,24550.0,CE,1.0,1.0,0.05,0.25,23118.6,187506,299217443843.5,1476605,559130,2026-09-15
NIFTY,2026-10-27,26000.0,PE,2349.0,2651.25,2349.0,2634.5,2634.5,399,738413221.0,477880,15340,2026-09-15
NIFTY,2026-09-29,24950.0,PE,0.0,0.0,0.0,1562.45,1777.42,0,0.0,4940,0,2026-09-15
NIFTY,2026-09-29,24750.0,PE,1278.8,1552.0,1278.8,1552.0,1580.3,29,49285369.25,28600,-910,2026-09-15
NIFTY,2026-09-29,23400.0,PE,145.6,359.95,142.45,324.75,324.75,79885,122800171780.0,2254850,-42965,2026-09-15
NIFTY,2026-09-29,22600.0,PE,36.8,71.05,26.6,63.6,63.6,33678,49578929796.5,867815,196625,2026-09-15
NIFTY,2026-09-29,22550.0,PE,26.85,63.3,24.55,57.75,57.75,4673,6863078660.75,180505,31655,2026-09-15
NIFTY,2026-09-29,21950.0,PE,17.15,22.95,11.25,21.5,21.5,2973,4244994773.5,177840,72345,2026-09-15
NIFTY,2026-09-29,21000.0,PE,8.65,9.5,6.15,8.1,8.1,24089,32893248989.25,2530645,119015,2026-09-15
NIFTY,2026-09-22,25750.0,PE,0.0,0.0,0.0,1525.75,2602.38,0,0.0,0,0,2026-09-15
NIFTY,2026-09-22,25200.0,PE,1563.05,1987.05,1563.05,1980.95,1980.95,62,108713959.25,4160,3900,2026-09-15
NIFTY,2026-10-27,26600.0,PE,0.0,0.0,0.0,2372.55,3291.38,0,0.0,0,0,2026-09-15
NIFTY,2026-11-23,22450.0,PE,166.3,192.4,166.3,182.2,182.2,8,11767024.75,1625,260,2026-09-15
NIFTY,2026-11-23,22950.0,PE,277.25,306.65,277.25,298.6,298.6,7,10574772.0,520,-130,2026-09-15
NIFTY,2026-11-23,23950.0,PE,0.0,0.0,0.0,575.0,955.87,0,0.0,1625,0,2026-09-15
NIFTY,2026-11-23,24100.0,PE,675.9,883.9,660.0,854.35,854.35,86,139385954.5,7345,-650,2026-09-15
NIFTY,2026-11-23,24550.0,PE,0.0,0.0,0.0,951.8,1377.03,0,0.0,1040,0,2026-09-15
NIFTY,2026-11-23,25250.0,PE,0.0,0.0,0.0,1090.7,1945.37,0,0.0,0,0,2026-09-15
NIFTY,2026-11-23,26100.0,PE,0.0,0.0,0.0,1675.5,2712.44,0,0.0,0,0,2026-09-15
NIFTY,2026-12-29,12000.0,PE,3.5,3.65,3.5,3.5,3.5,22,17165024.5,19970,-260,2026-09-15
NIFTY,2027-03-30,33000.0,PE,0.0,0.0,0.0,8415.45,8781.32,0,0.0,0,0,2026-09-15
NIFTY,2027-06-29,33000.0,PE,0.0,0.0,0.0,4691.7,8299.57,0,0.0,0,0,2026-09-15
NIFTY,2026-09-15,22450.0,CE,0.0,0.0,0.0,2169.4,23118.6,0,0.0,0,0,2026-09-15
NIFTY,2026-09-15,22250.0,CE,0.0,0.0,0.0,2361.8,23118.6,0,0.0,0,0,2026-09-15
NIFTY,2026-09-15,21800.0,CE,0.0,0.0,0.0,2801.65,23118.6,0,0.0,0,0,2026-09-15
NIFTY,2026-09-15,21750.0,CE,0.0,0.0,0.0,2850.9,23118.6,0,0.0,0,0,2026-09-15
NIFTY,2027-12-28,19500.0,PE,0.0,0.0,0.0,29.25,137.22,0,0.0,0,0,2026-09-15
NIFTY,2027-12-28,22500.0,PE,0.0,0.0,0.0,186.5,665.92,0,0.0,0,0,2026-09-15
NIFTY,2027-12-28,30000.0,PE,0.0,0.0,0.0,4105.0,4923.72,0,0.0,2600,0,2026-09-15
NIFTY,2028-06-27,18000.0,PE,0.0,0.0,0.0,396.75,73.77,0,0.0,0,0,2026-09-15
NIFTY,2028-06-27,22000.0,PE,0.0,0.0,0.0,434.1,580.54,0,0.0,2080,0,2026-09-15
NIFTY,2028-06-27,25500.0,PE,1070.0,1070.0,1070.0,1070.0,1778.2,2,3454100.0,130,130,2026-09-15
NIFTY,2028-12-26,21000.0,PE,0.0,0.0,0.0,348.0,410.42,0,0.0,9400,0,2026-09-15
NIFTY,2028-12-26,22500.0,PE,0.0,0.0,0.0,218.8,712.31,0,0.0,0,0,2026-09-15
NIFTY,2028-12-26,30000.0,PE,0.0,0.0,0.0,3000.05,4040.14,0,0.0,195,0,2026-09-15
NIFTY,2029-06-26,22500.0,PE,0.0,0.0,0.0,224.45,707.57,0,0.0,0,0,2026-09-15
NIFTY,2029-06-26,26000.0,PE,0.0,0.0,0.0,1650.0,1772.96,0,0.0,50,0,2026-09-15
NIFTY,2029-12-24,19500.0,PE,0.0,0.0,0.0,61.2,245.34,0,0.0,0,0,2026-09-15
NIFTY,2030-12-31,27000.0,PE,0.0,0.0,0.0,779.5,1766.25,0,0.0,0,0,2026-09-15
NIFTY,2030-12-31,33000.0,PE,0.0,0.0,0.0,2387.3,4276.99,0,0.0,0,0,2026-09-15
NIFTY,2026-09-22,24150.0,PE,651.0,971.65,651.0,957.05,957.05,188,304928757.25,27040,7995,2026-09-15
NIFTY,2026-09-22,22800.0,PE,25.1,62.65,18.85,55.9,55.9,207438,307952509728.5,3049280,1530100,2026-09-15
NIFTY,2026-09-22,22700.0,PE,20.6,46.5,14.75,41.8,41.8,143771,212417956754.25,3176615,790205,2026-09-15
NIFTY,2026-09-22,22350.0,PE,11.25,18.15,7.4,16.15,16.15,39653,57638681681.75,245505,158015,2026-09-15
NIFTY,2026-09-15,25650.0,PE,2450.0,2450.0,2450.0,2450.0,23118.6,1,1826500.0,520,-65,2026-09-15
NIFTY,2026-09-15,25050.0,PE,0.0,0.0,0.0,1730.0,23118.6,0,0.0,65,0,2026-09-15
NIFTY,2026-09-15,23600.0,PE,102.05,504.8,81.8,439.5,23118.6,1001299,1548602313914.5,537550,-853190,2026-09-15
NIFTY,2026-09-15,23550.0,PE,55.6,454.1,55.6,389.6,23118.6,1259146,1938930290053.25,384735,-535600,2026-09-15
NIFTY,2026-09-15,23250.0,PE,14.15,156.75,4.4,98.3,23118.6,14245068,21562030150742.25,2500745,-5537870,2026-09-15
NIFTY,2026-09-15,23150.0,PE,7.55,63.9,2.25,33.05,23118.6,14240686,21447925782318.75,7132905,2857790,2026-09-15
NIFTY,2026-09-15,22700.0,PE,1.25,1.6,0.05,0.35,23118.6,1320573,1948552457975.5,5253820,239070,2026-09-15
NIFTY,2031-06-24,27000.0,CE,0.0,0.0,0.0,5699.0,4815.65,0,0.0,0,0,2026-09-15
NIFTY,2026-12-29,18000.0,CE,5900.0,5900.0,5300.0,5373.65,5373.65,8,12189797.75,1885,325,2026-09-15
NIFTY,2026-12-29,34500.0,CE,0.0,0.0,0.0,5.35,0.0,0,0.0,1365,0,2026-09-15
NIFTY,2027-03-30,22500.0,CE,1990.0,1990.0,1750.05,1777.1,1777.1,250,395839346.5,138320,9555,2026-09-15
NIFTY,2028-12-26,16500.0,CE,0.0,0.0,0.0,12176.65,8874.98,0,0.0,0,0,2026-09-15
NIFTY,2029-06-26,27000.0,CE,0.0,0.0,0.0,6570.4,2663.27,0,0.0,0,0,2026-09-15
NIFTY,2030-12-31,21000.0,CE,0.0,0.0,0.0,10552.5,7539.27,0,0.0,0,0,2026-09-15
NIFTY,2029-12-24,30000.0,CE,1750.0,1900.0,1750.0,1900.0,2137.45,2,4137250.0,8535,0,2026-09-15
NIFTY,2029-12-24,25500.0,CE,0.0,0.0,0.0,6500.6,3887.85,0,0.0,0,0,2026-09-15
NIFTY,2026-09-29,33000.0,PE,0.0,0.0,0.0,6552.15,9807.06,0,0.0,0,0,2026-09-15
NIFTY,2026-10-06,21650.0,PE,0.0,0.0,0.0,5.1,12.07,0,0.0,0,0,2026-09-15
NIFTY,2026-10-06,23050.0,CE,0.0,0.0,0.0,1241.5,429.43,0,0.0,0,0,2026-09-15
NIFTY,2026-10-06,21750.0,PE,0.0,0.0,0.0,6.65,16.3,0,0.0,0,0,2026-09-15
NIFTY,2026-09-29,26450.0,PE,0.0,0.0,0.0,2346.8,3271.82,0,0.0,0,0,2026-09-15
NIFTY,2026-09-29,25900.0,PE,0.0,0.0,0.0,2485.0,2723.09,0,0.0,4680,0,2026-09-15
NIFTY,2026-09-29,25250.0,PE,0.0,0.0,0.0,1829.75,2075.18,0,0.0,1885,0,2026-09-15
NIFTY,2026-09-29,24900.0,PE,1425.0,1684.15,1425.0,1675.1,1675.1,160,275506721.75,71110,-5720,2026-09-15
NIFTY,2026-09-29,24150.0,PE,657.55,997.6,650.0,938.6,938.6,156,252803752.5,160030,-650,2026-09-15
NIFTY,2026-09-29,24050.0,PE,569.05,898.6,564.9,842.35,842.35,234,376562550.0,90285,-7540,2026-09-15
NIFTY,2026-09-29,23450.0,PE,169.0,389.85,166.35,357.6,357.6,17048,26303136369.25,282230,47385,2026-09-15
NIFTY,2026-09-29,23200.0,PE,70.05,248.05,70.05,224.4,224.4,86290,131207658136.75,2520895,1073540,2026-09-15
NIFTY,2026-09-29,22750.0,PE,38.55,97.75,36.8,88.6,88.6,6415,9515649393.25,190580,61425,2026-09-15
NIFTY,2026-09-29,22350.0,PE,14.65,42.5,14.65,39.1,39.1,2531,3682079781.25,59280,33410,2026-09-15
NIFTY,2026-09-29,22100.0,PE,14.55,27.9,12.65,26.2,26.2,7033,10113007300.5,190775,99645,2026-09-15
NIFTY,2026-09-29,22050.0,PE,15.0,25.95,12.25,24.75,24.75,2644,3792810242.0,158470,84825,2026-09-15
NIFTY,2026-09-29,21650.0,PE,7.65,16.55,7.65,15.45,15.45,1846,2599321179.0,59735,25480,2026-09-15
NIFTY,2026-09-29,16500.0,PE,0.9,1.0,0.5,0.55,0.55,69,74005779.25,132210,-325,2026-09-15
NIFTY,2026-09-22,25800.0,PE,2320.0,2500.0,2301.7,2500.0,2652.32,8,14674988.25,585,520,2026-09-15
NIFTY,2026-09-22,24900.0,PE,1479.7,1717.0,1479.7,1696.5,1696.5,42,72456975.5,14105,1170,2026-09-15
NIFTY,2026-09-22,24750.0,PE,0.0,0.0,0.0,752.65,1603.68,0,0.0,0,0,2026-09-15
NIFTY,2026-09-22,24700.0,PE,1225.0,1520.0,1220.0,1502.5,1502.5,81,137291219.0,6630,4550,2026-09-15
NIFTY,2026-09-22,23250.0,PE,76.95,222.9,67.75,197.55,197.55,151847,230919952607.5,907855,284180,2026-09-15
NIFTY,2026-09-22,23150.0,PE,56.25,175.0,51.2,152.15,152.15,117932,178388863493.75,1190150,702130,2026-09-15
NIFTY,2026-09-22,22900.0,PE,30.0,84.35,25.4,74.65,74.65,155108,231412837214.0,1904240,748020,2026-09-15
NIFTY,2026-09-22,22300.0,PE,11.15,16.3,6.8,14.3,14.3,99015,143594424918.75,1667380,1087970,2026-09-15
NIFTY,2026-09-15,25550.0,PE,0.0,0.0,0.0,2140.0,23118.6,0,0.0,520,0,2026-09-15
NIFTY,2026-09-15,25400.0,PE,2050.0,2201.0,2050.0,2201.0,23118.6,15,26794228.5,1235,-325,2026-09-15
NIFTY,2026-09-15,25250.0,PE,0.0,0.0,0.0,1685.0,23118.6,0,0.0,520,0,2026-09-15
NIFTY,2026-09-15,24850.0,PE,0.0,0.0,0.0,629.7,23118.6,0,0.0,0,0,2026-09-15
NIFTY,2026-09-15,24650.0,PE,1275.15,1539.35,1264.95,1517.65,23118.6,71,120243217.25,6045,-2730,2026-09-15
NIFTY,2026-09-15,23750.0,PE,195.8,652.25,195.8,588.45,23118.6,38291,60037530936.5,146575,-294255,2026-09-15
NIFTY,2026-09-15,22650.0,PE,3.4,3.4,0.05,0.3,23118.6,519979,765554550257.25,1417260,103870,2026-09-15
NIFTY,2026-09-15,21950.0,PE,0.9,0.9,0.05,0.15,23118.6,61726,88068902057.5,497965,-503295,2026-09-15
NIFTY,2031-06-24,16500.0,CE,0.0,0.0,0.0,11849.25,10998.36,0,0.0,0,0,2026-09-15
NIFTY,2030-12-31,24000.0,CE,0.0,0.0,0.0,8563.3,5780.41,0,0.0,0,0,2026-09-15
NIFTY,2030-06-25,25500.0,CE,0.0,0.0,0.0,7070.45,4447.1,0,0.0,0,0,2026-09-15
NIFTY,2029-12-24,19500.0,CE,0.0,0.0,0.0,10678.8,7516.65,0,0.0,0,0,2026-09-15
NIFTY,2029-06-26,19500.0,CE,0.0,0.0,0.0,10206.95,6998.88,0,0.0,0,0,2026-09-15
NIFTY,2028-06-27,16500.0,CE,0.0,0.0,0.0,11752.8,8404.44,0,0.0,0,0,2026-09-15
NIFTY,2027-12-28,31500.0,CE,0.0,0.0,0.0,85.05,230.63,0,0.0,2080,0,2026-09-15
NIFTY,2027-12-28,30000.0,CE,160.05,165.0,135.55,140.5,140.5,367,719317166.75,212615,8515,2026-09-15
NIFTY,2027-12-28,26000.0,CE,980.0,986.3,863.95,886.3,886.3,462,808936761.75,114635,6825,2026-09-15
NIFTY,2027-12-28,25000.0,CE,1489.4,1489.4,1311.3,1332.8,1332.8,426,730916917.25,118960,5850,2026-09-15
NIFTY,2027-06-29,28500.0,CE,0.0,0.0,0.0,1711.9,229.34,0,0.0,0,0,2026-09-15
NIFTY,2026-12-29,28000.0,CE,17.85,18.8,16.0,16.75,16.75,2643,4813198198.25,1713905,-26480,2026-09-15
NIFTY,2026-11-23,25250.0,CE,0.0,0.0,0.0,550.35,114.32,0,0.0,0,0,2026-09-15
NIFTY,2026-11-23,25200.0,CE,0.0,0.0,0.0,569.15,120.8,0,0.0,0,0,2026-09-15
NIFTY,2026-11-23,24850.0,CE,0.0,0.0,0.0,714.05,175.34,0,0.0,0,0,2026-09-15
NIFTY,2026-11-23,23200.0,CE,762.85,779.35,596.6,624.4,624.4,253,392086451.25,8905,5395,2026-09-15
NIFTY,2026-11-23,22800.0,CE,1047.4,1047.4,870.15,887.85,887.85,42,64725537.5,1430,130,2026-09-15
NIFTY,2026-11-23,22500.0,CE,1300.0,1300.0,1084.45,1110.5,1110.5,299,459538976.0,12285,5070,2026-09-15
NIFTY,2026-11-23,22250.0,CE,1327.75,1327.75,1327.75,1327.75,1327.75,3,4597661.25,195,195,2026-09-15
NIFTY,2026-11-23,22200.0,CE,1369.7,1369.7,1369.7,1369.7,1369.7,3,4596091.5,195,195,2026-09-15
NIFTY,2026-10-27,27100.0,CE,5.25,5.25,5.25,5.25,5.25,39,68711808.75,5785,-2275,2026-09-15
NIFTY,2026-10-27,27000.0,CE,6.2,6.9,4.3,4.95,4.95,1626,2854153393.0,455650,25285,2026-09-15
NIFTY,2026-10-27,26850.0,CE,0.0,0.0,0.0,6.1,1.76,0,0.0,845,0,2026-09-15
NIFTY,2026-10-27,26050.0,CE,0.0,0.0,0.0,11.65,9.2,0,0.0,5200,0,2026-09-15
NIFTY,2026-10-27,25400.0,CE,20.1,20.55,17.0,18.2,18.2,1141,1885148960.5,102505,-14560,2026-09-15
NIFTY,2026-10-27,25000.0,CE,36.6,38.0,25.25,26.75,26.75,14750,23996887976.75,1735435,-23855,2026-09-15
NIFTY,2026-10-27,24950.0,CE,39.0,39.0,25.3,26.85,26.85,1336,2169341326.75,72345,53950,2026-09-15
NIFTY,2026-10-27,24800.0,CE,50.0,50.65,31.55,33.2,33.2,4061,6556114695.0,301600,-58695,2026-09-15
NIFTY,2026-10-27,23700.0,CE,330.05,330.15,208.9,220.75,220.75,5655,8803841913.75,273715,53040,2026-09-15
NIFTY,2026-10-27,23400.0,CE,488.2,503.75,333.5,350.05,350.05,4364,6750301148.5,151190,51545,2026-09-15
NIFTY,2026-10-27,23350.0,CE,506.4,519.0,359.75,375.8,375.8,464,716783148.25,10595,-260,2026-09-15
NIFTY,2026-10-27,23100.0,CE,686.5,700.8,498.0,518.3,518.3,473,727073480.25,17420,9555,2026-09-15
NIFTY,2026-10-27,22100.0,CE,0.0,0.0,0.0,2334.2,1286.83,0,0.0,0,0,2026-09-15
NIFTY,2026-10-13,25250.0,CE,11.0,12.6,8.3,8.65,8.65,107,175686283.5,780,780,2026-09-15
NIFTY,2026-10-13,24200.0,CE,97.9,97.9,45.7,47.4,47.4,286,450990208.5,9230,9230,2026-09-15
NIFTY,2026-10-13,23550.0,CE,282.25,282.25,188.6,205.45,205.45,59,91245293.75,3900,1755,2026-09-15
NIFTY,2026-10-13,23250.0,CE,347.1,350.0,317.55,340.45,340.45,43,65928414.5,2275,2275,2026-09-15
NIFTY,2026-10-13,22000.0,CE,0.0,0.0,0.0,1785.9,1270.58,0,0.0,0,0,2026-09-15
NIFTY,2026-10-06,23700.0,CE,199.1,199.1,96.3,104.15,104.15,1503,2328421000.75,38610,-130,2026-09-15
NIFTY,2026-10-06,23450.0,CE,325.85,325.85,176.45,189.3,189.3,1518,2335799729.25,61035,52065,2026-09-15
NIFTY,2026-10-06,23000.0,CE,627.0,650.55,416.9,431.75,431.75,270,412030947.25,7995,5265,2026-09-15
NIFTY,2026-10-06,22950.0,CE,0.0,0.0,0.0,1324.95,487.31,0,0.0,0,0,2026-09-15
NIFTY,2026-10-06,21900.0,CE,0.0,0.0,0.0,2291.95,1317.52,0,0.0,0,0,2026-09-15
NIFTY,2026-09-29,25800.0,CE,2.65,4.1,1.6,2.8,2.8,3720,6239235964.0,322075,11375,2026-09-15
NIFTY,2026-09-29,24500.0,CE,16.5,17.0,7.55,9.1,9.1,81622,130041854455.5,5496335,-406705,2026-09-15
NIFTY,2026-09-29,24150.0,CE,39.8,39.8,14.6,16.55,16.55,10349,16260971746.5,334295,40300,2026-09-15
NIFTY,2026-09-29,23750.0,CE,122.0,127.55,48.15,52.1,52.1,12438,19259339674.25,338195,33085,2026-09-15
NIFTY,2026-09-29,22750.0,CE,684.15,684.15,552.2,566.15,566.15,25,37896774.5,975,455,2026-09-15
NIFTY,2026-09-29,21700.0,CE,0.0,0.0,0.0,1820.0,1472.0,0,0.0,0,0,2026-09-15
NIFTY,2026-09-22,25400.0,CE,1.4,1.9,0.95,1.05,1.05,12218,20173066897.75,279565,88010,2026-09-15
NIFTY,2026-09-22,25350.0,CE,1.85,1.95,0.95,1.0,1.0,857,1412200890.75,12480,-7670,2026-09-15
NIFTY,2026-09-22,25200.0,CE,2.15,2.4,0.95,1.1,1.1,101454,166192250744.0,1117675,13455,2026-09-15
NIFTY,2026-09-22,25050.0,CE,2.0,2.35,1.1,1.2,1.2,10606,17270442302.75,338260,8060,2026-09-15
NIFTY,2026-09-22,24450.0,CE,6.2,6.25,2.25,2.95,2.95,45911,72974989236.5,367250,122200,2026-09-15
NIFTY,2026-09-22,23700.0,CE,99.0,103.55,17.5,20.75,20.75,336019,518388816949.25,3817970,2042625,2026-09-15
NIFTY,2026-09-22,22800.0,CE,720.95,721.0,415.45,449.55,449.55,2610,3951380117.75,64155,54925,2026-09-15
NIFTY,2026-09-15,25200.0,CE,0.35,0.35,0.05,0.1,23118.6,97898,160358449722.25,632060,-835835,2026-09-15
NIFTY,2026-09-15,24300.0,CE,0.75,0.8,0.05,0.2,23118.6,762323,1204114345138.25,6207175,2506790,2026-09-15
NIFTY,2026-09-15,23700.0,CE,15.0,20.0,0.05,0.45,23118.6,4423208,6814626775248.5,7836140,-2203760,2026-09-15
NIFTY,2026-09-15,22900.0,CE,648.7,655.4,198.0,234.95,23118.6,49076,73944892008.0,152230,56615,2026-09-15
NIFTY,2026-09-15,22700.0,CE,800.0,800.0,401.9,487.5,23118.6,3473,5245419006.75,45435,2405,2026-09-15
NIFTY,2026-09-15,22550.0,CE,0.0,0.0,0.0,2074.25,23118.6,0,0.0,0,0,2026-09-15
NIFTY,2026-10-13,23950.0,PE,0.0,0.0,0.0,563.2,872.15,0,0.0,0,0,2026-09-15
NIFTY,2026-10-13,24450.0,PE,0.0,0.0,0.0,886.75,1284.37,0,0.0,0,0,2026-09-15
NIFTY,2026-10-13,24650.0,PE,0.0,0.0,0.0,1036.55,1463.46,0,0.0,0,0,2026-09-15
NIFTY,2026-10-13,25250.0,PE,0.0,0.0,0.0,1538.35,2029.68,0,0.0,0,0,2026-09-15
NIFTY,2026-10-27,22150.0,PE,56.8,93.65,49.7,90.75,90.75,200,288842430.5,12545,-1430,2026-09-15
NIFTY,2026-10-27,22600.0,PE,82.25,162.8,81.25,155.75,155.75,5247,7751106398.75,198250,15665,2026-09-15
NIFTY,2026-10-27,22750.0,PE,106.0,196.35,106.0,188.45,188.45,289,430395403.75,14950,4680,2026-09-15
NIFTY,2026-10-27,23000.0,PE,140.05,274.0,137.65,258.0,258.0,24877,37542312944.5,2143115,88010,2026-09-15
NIFTY,2026-09-15,21850.0,PE,0.55,0.65,0.05,0.15,23118.6,17390,24698472077.5,201240,-93990,2026-09-15
NIFTY,2031-06-24,33000.0,CE,0.0,0.0,0.0,3451.55,2684.45,0,0.0,0,0,2026-09-15
NIFTY,2031-06-24,21000.0,CE,0.0,0.0,0.0,8900.75,8008.13,0,0.0,0,0,2026-09-15
NIFTY,2030-12-31,31500.0,CE,0.0,0.0,0.0,4554.55,2668.06,0,0.0,0,0,2026-09-15
NIFTY,2030-06-25,21000.0,CE,0.0,0.0,0.0,10421.65,7013.04,0,0.0,0,0,2026-09-15
NIFTY,2029-12-24,18000.0,CE,0.0,0.0,0.0,11362.4,8616.95,0,0.0,0,0,2026-09-15
NIFTY,2027-12-28,16500.0,CE,0.0,0.0,0.0,11316.4,7919.29,0,0.0,0,0,2026-09-15
NIFTY,2027-03-30,31500.0,CE,0.0,0.0,0.0,10.0,9.56,0,0.0,455,0,2026-09-15
NIFTY,2027-03-30,27000.0,CE,106.5,107.7,98.0,100.5,100.5,2309,4067491489.75,975715,1170,2026-09-15
NIFTY,2026-12-29,31000.0,CE,7.4,7.7,6.55,7.05,7.05,160,322474178.0,140680,-2580,2026-09-15
NIFTY,2026-12-29,29000.0,CE,11.3,11.4,10.25,10.95,10.95,634,1195534661.75,475770,-20025,2026-09-15
NIFTY,2026-12-29,28500.0,CE,14.6,14.9,13.45,14.55,14.55,274,507840268.0,100035,-5720,2026-09-15
NIFTY,2026-12-29,27000.0,CE,32.25,45.0,30.35,31.1,31.1,5363,9423110001.5,2330325,19520,2026-09-15
NIFTY,2026-12-29,22000.0,CE,1990.0,1990.0,1691.6,1725.5,1725.5,422,652914382.25,320970,4030,2026-09-15
NIFTY,2026-11-23,24500.0,CE,162.0,175.2,121.7,125.15,125.15,7082,11341997039.75,369590,-11440,2026-09-15
NIFTY,2026-11-23,24150.0,CE,268.5,268.5,194.35,202.2,202.2,162,256565140.0,8255,3965,2026-09-15
NIFTY,2026-11-23,23350.0,CE,590.55,608.0,514.55,529.5,529.5,76,118142290.5,3445,780,2026-09-15
NIFTY,2026-11-23,22400.0,CE,1204.8,1204.8,1204.8,1204.8,1204.8,3,4602936.0,195,195,2026-09-15
NIFTY,2026-11-23,22000.0,CE,1773.3,1773.35,1484.4,1519.9,1519.9,28,42886684.75,2925,1300,2026-09-15
NIFTY,2026-10-27,26300.0,CE,0.0,0.0,0.0,9.25,5.62,0,0.0,650,0,2026-09-15
NIFTY,2026-10-27,25850.0,CE,0.0,0.0,0.0,13.0,13.44,0,0.0,650,0,2026-09-15
NIFTY,2026-10-27,25750.0,CE,13.45,13.45,12.95,13.0,13.0,43,72008280.5,31005,-910,2026-09-15
NIFTY,2026-10-27,24850.0,CE,40.95,41.0,30.0,31.5,31.5,193,312182793.0,19695,-4290,2026-09-15
NIFTY,2026-10-27,24750.0,CE,48.15,48.2,35.7,36.6,36.6,435,700945618.75,16705,-16965,2026-09-15
NIFTY,2026-10-27,24050.0,CE,175.0,175.5,114.75,120.7,120.7,455,715600031.25,19630,5850,2026-09-15
NIFTY,2026-10-27,23600.0,CE,393.0,393.0,244.85,259.8,259.8,5192,8063365271.0,320775,65000,2026-09-15
NIFTY,2026-10-27,23450.0,CE,447.15,452.0,310.7,322.65,322.65,613,948996178.0,25545,12285,2026-09-15
NIFTY,2026-10-27,23200.0,CE,644.95,644.95,435.25,461.4,461.4,1828,2815351399.25,72800,31915,2026-09-15
NIFTY,2026-10-27,22800.0,CE,940.0,952.4,696.05,733.5,733.5,319,488771939.5,9685,7930,2026-09-15
NIFTY,2026-10-13,24600.0,CE,0.0,0.0,0.0,170.2,47.41,0,0.0,0,0,2026-09-15
NIFTY,2026-10-13,24500.0,CE,43.05,46.05,24.15,27.1,27.1,2974,4742758091.5,28275,12220,2026-09-15
NIFTY,2026-10-13,24100.0,CE,0.0,0.0,0.0,321.35,116.52,0,0.0,0,0,2026-09-15
NIFTY,2026-10-13,23350.0,CE,433.0,433.0,268.0,289.4,289.4,274,422037518.5,9230,7865,2026-09-15
NIFTY,2026-10-13,23150.0,CE,396.7,398.6,390.3,393.55,393.55,33,50500856.25,1885,1885,2026-09-15
NIFTY,2026-10-13,22600.0,CE,0.0,0.0,0.0,1252.1,785.59,0,0.0,0,0,2026-09-15
NIFTY,2026-10-13,22350.0,CE,0.0,0.0,0.0,1467.3,975.86,0,0.0,0,0,2026-09-15
NIFTY,2026-10-13,21700.0,CE,0.0,0.0,0.0,2070.15,1542.91,0,0.0,0,0,2026-09-15
NIFTY,2026-10-06,25300.0,CE,7.45,8.35,5.2,6.15,6.15,110,180944006.75,4225,195,2026-09-15
NIFTY,2026-10-06,25200.0,CE,7.85,8.95,6.95,7.0,7.0,66,108141289.75,3185,1040,2026-09-15
NIFTY,2026-10-06,24950.0,CE,9.55,13.4,8.05,8.9,8.9,36,58406348.0,2015,975,2026-09-15
NIFTY,2026-10-06,24850.0,CE,12.0,12.1,8.55,9.0,9.0,112,180983663.25,1430,1430,2026-09-15
NIFTY,2026-10-06,24650.0,CE,12.8,13.3,12.8,13.25,13.25,24,38474224.75,1105,1105,2026-09-15
NIFTY,2026-10-06,24500.0,CE,28.0,30.8,14.25,15.6,15.6,5896,9397506998.75,146640,43355,2026-09-15
NIFTY,2026-10-06,24200.0,CE,55.15,58.6,27.7,29.75,29.75,3207,5053369132.5,61620,24635,2026-09-15
NIFTY,2026-10-06,24100.0,CE,68.55,71.85,35.3,37.85,37.85,1734,2722687253.0,66885,26585,2026-09-15
NIFTY,2026-10-06,23350.0,CE,393.4,393.4,210.35,231.65,231.65,654,1004617779.75,11700,5850,2026-09-15
NIFTY,2026-10-06,23100.0,CE,450.0,450.0,351.0,367.3,367.3,158,241029252.75,6500,6240,2026-09-15
NIFTY,2026-10-06,22750.0,CE,0.0,0.0,0.0,1497.8,616.07,0,0.0,0,0,2026-09-15
NIFTY,2026-10-06,22200.0,CE,0.0,0.0,0.0,2003.7,1047.49,0,0.0,0,0,2026-09-15
NIFTY,2026-09-29,27100.0,CE,1.2,1.75,1.2,1.75,0.0,5,8807938.75,13715,-65,2026-09-15
NIFTY,2026-09-29,26800.0,CE,1.2,1.85,1.0,1.2,1.2,20,34841742.0,2275,-260,2026-09-15
NIFTY,2026-09-29,26200.0,CE,2.85,4.4,1.55,2.45,2.45,564,960579220.25,177320,-3900,2026-09-15
NIFTY,2026-09-29,25600.0,CE,4.45,5.3,2.7,3.25,3.25,2067,3439971063.75,141765,8320,2026-09-15
NIFTY,2026-09-29,25200.0,CE,4.9,6.4,3.8,4.25,4.25,7031,11519027971.75,521105,-11700,2026-09-15
NIFTY,2026-09-29,23700.0,CE,154.3,160.95,55.5,61.1,61.1,68632,106099456203.0,2143960,469235,2026-09-15
NIFTY,2026-09-29,23000.0,CE,654.95,654.95,344.95,374.55,374.55,24774,37714641315.0,1021280,246350,2026-09-15
NIFTY,2026-09-29,22800.0,CE,760.3,765.6,486.75,521.2,521.2,1719,2611953259.5,251810,27690,2026-09-15
NIFTY,2026-09-29,22200.0,CE,1322.95,1330.0,1050.0,1050.0,996.26,12,18287165.0,1105,455,2026-09-15
NIFTY,2026-09-22,24600.0,CE,4.0,4.85,1.8,2.1,2.1,103438,165417795536.5,762580,135655,2026-09-15
NIFTY,2026-09-22,24250.0,CE,11.2,11.2,3.05,3.8,3.8,84276,132867595802.5,1007630,769535,2026-09-15
NIFTY,2026-09-22,24000.0,CE,30.0,30.0,5.4,6.9,6.9,385183,601135480504.0,6869850,3612115,2026-09-15
NIFTY,2026-09-22,22350.0,CE,871.65,871.7,871.65,871.7,871.7,6,9056459.75,390,390,2026-09-15
NIFTY,2026-09-22,22150.0,CE,1065.05,1065.1,1065.05,1065.1,1065.1,5,7544904.25,325,325,2026-09-15
NIFTY,2026-09-22,21950.0,CE,0.0,0.0,0.0,2341.9,1194.69,0,0.0,0,0,2026-09-15
NIFTY,2026-09-22,21850.0,CE,0.0,0.0,0.0,2439.15,1293.94,0,0.0,0,0,2026-09-15
NIFTY,2026-09-15,26050.0,CE,0.35,0.4,0.05,0.05,23118.6,7814,13231166601.25,92430,18460,2026-09-15
NIFTY,2026-09-15,25800.0,CE,0.65,0.65,0.05,0.05,23118.6,68300,114539952309.25,762710,-55770,2026-09-15
NIFTY,2026-09-15,25100.0,CE,0.3,0.55,0.05,0.1,23118.6,92337,150649256686.5,565825,-88335,2026-09-15
NIFTY,2026-09-15,23950.0,CE,1.9,1.9,0.05,0.25,23118.6,1257168,1957165287408.5,2543125,-487240,2026-09-15
NIFTY,2026-09-15,23350.0,CE,182.7,241.65,0.05,3.8,23118.6,13971977,21234436169570.0,12869350,10745670,2026-09-15
NIFTY,2026-10-27,23150.0,PE,188.5,324.75,187.3,309.05,309.05,383,582792486.25,15600,9165,2026-09-15
NIFTY,2026-10-27,23750.0,PE,433.0,644.95,430.2,611.85,611.85,81,127885715.75,9360,-2470,2026-09-15
NIFTY,2026-10-27,23800.0,PE,504.95,677.2,431.35,648.5,648.5,2301,3642512006.25,472290,-5460,2026-09-15
NIFTY,2026-10-27,25700.0,PE,0.0,0.0,0.0,1260.0,2412.58,0,0.0,325,0,2026-09-15
NIFTY,2026-10-27,26250.0,PE,0.0,0.0,0.0,2081.05,2947.11,0,0.0,0,0,2026-09-15
NIFTY,2026-10-27,26400.0,PE,0.0,0.0,0.0,2204.4,3094.39,0,0.0,0,0,2026-09-15
NIFTY,2026-11-23,21950.0,PE,88.6,88.6,88.6,88.6,150.0,1,1432509.0,130,65,2026-09-15
NIFTY,2026-11-23,22050.0,PE,108.0,128.8,105.3,123.3,169.41,30,43220040.5,1300,1300,2026-09-15
NIFTY,2026-11-23,22150.0,PE,91.8,137.7,91.8,137.0,137.0,33,47773495.25,2275,910,2026-09-15
NIFTY,2026-11-23,22800.0,PE,144.8,272.1,144.75,260.7,260.7,459,686765592.5,20800,13650,2026-09-15
NIFTY,2026-11-23,23100.0,PE,276.0,368.2,273.0,348.5,348.5,158,240688441.5,4875,2665,2026-09-15
NIFTY,2026-11-23,23500.0,PE,340.0,539.0,335.4,512.05,512.05,3238,5039943996.75,307060,910,2026-09-15
NIFTY,2026-11-23,23700.0,PE,438.95,634.0,438.05,609.05,609.05,560,881578824.75,27170,3640,2026-09-15
NIFTY,2026-11-23,23900.0,PE,542.5,759.1,542.5,725.6,725.6,165,263416162.75,14560,-1950,2026-09-15
NIFTY,2026-11-23,24700.0,PE,0.0,0.0,0.0,1015.05,1491.77,0,0.0,2470,0,2026-09-15
NIFTY,2026-11-23,24800.0,PE,1360.0,1409.2,1360.0,1409.2,1570.96,2,3403998.0,5720,65,2026-09-15
NIFTY,2026-11-23,25550.0,PE,0.0,0.0,0.0,1282.8,2208.73,0,0.0,0,0,2026-09-15
NIFTY,2027-06-29,21000.0,PE,163.0,204.0,163.0,185.5,185.5,21,28914882.75,17775,0,2026-09-15
NIFTY,2027-06-29,25500.0,PE,0.0,0.0,0.0,667.15,1982.46,0,0.0,0,0,2026-09-15
NIFTY,2027-12-28,17000.0,PE,0.0,0.0,0.0,69.1,19.22,0,0.0,17775,0,2026-09-15
NIFTY,2027-12-28,21000.0,PE,278.0,312.6,270.0,305.55,305.55,81,112098746.5,49800,-195,2026-09-15
NIFTY,2028-06-27,24000.0,PE,0.0,0.0,0.0,680.05,1163.93,0,0.0,65,0,2026-09-15
NIFTY,2028-12-26,25500.0,PE,0.0,0.0,0.0,648.2,1679.63,0,0.0,0,0,2026-09-15
NIFTY,2029-06-26,28500.0,PE,0.0,0.0,0.0,1349.1,2894.09,0,0.0,0,0,2026-09-15
NIFTY,2029-06-26,33000.0,PE,0.0,0.0,0.0,3022.85,5549.86,0,0.0,0,0,2026-09-15
NIFTY,2029-12-24,22500.0,PE,0.0,0.0,0.0,225.7,692.99,0,0.0,0,0,2026-09-15
NIFTY,2029-12-24,27000.0,PE,0.0,0.0,0.0,1177.9,2036.76,0,0.0,0,0,2026-09-15
NIFTY,2029-12-24,28500.0,PE,0.0,0.0,0.0,1255.9,2674.19,0,0.0,0,0,2026-09-15
NIFTY,2031-06-24,27000.0,PE,0.0,0.0,0.0,1653.15,1653.61,0,0.0,0,0,2026-09-15
NIFTY,2026-10-06,22000.0,PE,20.45,37.5,16.25,35.45,35.45,1257,1799771044.5,62465,15925,2026-09-15
NIFTY,2026-10-27,22950.0,PE,138.4,255.65,137.35,239.95,239.95,237,356583334.25,14495,5200,2026-09-15
NIFTY,2026-10-27,22900.0,PE,136.1,238.95,124.3,227.4,227.4,2897,4348840869.75,119925,28925,2026-09-15
NIFTY,2026-10-27,22000.0,PE,39.95,78.0,39.95,75.6,75.6,14712,21095120874.75,619190,108420,2026-09-15
NIFTY,2026-10-27,21950.0,PE,41.95,73.25,41.95,71.75,71.75,128,183140808.5,3965,3120,2026-09-15
NIFTY,2026-10-27,21900.0,PE,39.0,69.75,38.9,67.6,67.6,700,999089828.75,23530,5070,2026-09-15
NIFTY,2026-10-13,25000.0,PE,0.0,0.0,0.0,1320.95,1789.74,0,0.0,0,0,2026-09-15
NIFTY,2026-10-13,23650.0,PE,330.6,401.45,330.6,401.45,657.61,2,3122083.25,910,0,2026-09-15
NIFTY,2026-10-13,23350.0,PE,216.25,375.0,210.9,351.6,351.6,201,308955526.75,3445,2665,2026-09-15
NIFTY,2026-10-13,21750.0,PE,0.0,0.0,0.0,16.1,30.06,0,0.0,0,0,2026-09-15
NIFTY,2026-10-06,25800.0,PE,0.0,0.0,0.0,1653.0,2595.02,0,0.0,0,0,2026-09-15
NIFTY,2026-10-06,24000.0,PE,538.0,837.65,538.0,786.85,786.85,262,420152349.5,21255,-910,2026-09-15
NIFTY,2026-10-06,23450.0,PE,206.45,393.65,204.2,383.55,383.55,288,444169440.0,4095,-6045,2026-09-15
NIFTY,2026-10-06,21900.0,PE,0.0,0.0,0.0,9.7,24.96,0,0.0,0,0,2026-09-15
NIFTY,2027-06-29,24000.0,PE,735.0,850.0,735.0,848.9,848.9,57,91850174.0,13910,455,2026-09-15
NIFTY,2026-10-06,24050.0,CE,77.9,79.0,39.05,42.7,42.7,298,467089616.5,18395,6435,2026-09-15
NIFTY,2026-10-13,22550.0,CE,0.0,0.0,0.0,1294.15,823.07,0,0.0,0,0,2026-09-15
NIFTY,2026-10-13,22850.0,CE,0.0,0.0,0.0,1050.4,616.31,0,0.0,0,0,2026-09-15
NIFTY,2026-10-13,24300.0,CE,67.85,67.85,38.6,40.35,40.35,279,441660583.0,11050,6760,2026-09-15
NIFTY,2026-10-13,24650.0,CE,0.0,0.0,0.0,158.85,43.0,0,0.0,0,0,2026-09-15
NIFTY,2026-10-13,25200.0,CE,10.65,13.95,8.55,10.95,13.37,58,95046848.0,1625,1625,2026-09-15
NIFTY,2026-10-13,25350.0,CE,9.5,10.0,7.45,8.0,8.0,80,131867300.5,1040,1040,2026-09-15
NIFTY,2026-10-13,25400.0,CE,12.0,13.25,7.55,9.0,9.0,184,303903028.0,4745,3315,2026-09-15
NIFTY,2026-10-27,23500.0,CE,460.5,473.0,285.9,302.15,302.15,18901,29297187894.0,971360,262015,2026-09-15
NIFTY,2026-10-27,24250.0,CE,124.0,124.0,81.0,85.05,85.05,659,1042975095.5,27235,2795,2026-09-15
NIFTY,2026-10-27,25350.0,CE,0.0,0.0,0.0,417.4,32.59,0,0.0,0,0,2026-09-15
NIFTY,2026-10-27,26200.0,CE,10.4,10.4,8.6,8.9,8.9,77,131176795.75,6955,3445,2026-09-15
NIFTY,2026-10-27,26650.0,CE,17.95,17.95,6.25,6.95,2.72,7,12129637.0,390,-260,2026-09-15
NIFTY,2026-11-23,21850.0,CE,0.0,0.0,0.0,2860.95,1660.83,0,0.0,0,0,2026-09-15
NIFTY,2026-11-23,22750.0,CE,932.0,932.0,932.0,932.0,932.0,1,1539330.0,65,65,2026-09-15
NIFTY,2026-11-23,23550.0,CE,558.3,558.3,420.0,428.9,428.9,41,64034168.25,2795,975,2026-09-15
NIFTY,2026-11-23,23750.0,CE,428.1,433.6,328.3,342.4,342.4,63,98756385.0,3640,910,2026-09-15
NIFTY,2026-11-23,23950.0,CE,338.3,338.5,252.3,256.65,409.36,64,100836953.75,5070,520,2026-09-15
NIFTY,2026-11-23,25400.0,CE,0.0,0.0,0.0,496.65,96.59,0,0.0,0,0,2026-09-15
NIFTY,2026-11-23,25600.0,CE,0.0,0.0,0.0,431.25,76.62,0,0.0,0,0,2026-09-15
NIFTY,2026-11-23,25650.0,CE,46.05,46.05,31.0,38.55,38.55,2,3339508.25,65,65,2026-09-15
NIFTY,2026-12-29,16500.0,CE,0.0,0.0,0.0,10405.0,6916.34,0,0.0,0,0,2026-09-15
NIFTY,2026-12-29,19000.0,CE,4707.0,4707.0,4430.0,4447.6,4447.6,155,236947802.0,71270,5880,2026-09-15
NIFTY,2027-03-30,19500.0,CE,0.0,0.0,0.0,4365.4,4309.91,0,0.0,0,0,2026-09-15
NIFTY,2027-03-30,33000.0,CE,15.5,15.5,10.35,10.35,2.79,2,4291680.25,5720,0,2026-09-15
NIFTY,2027-12-28,18000.0,CE,0.0,0.0,0.0,6285.7,6570.83,0,0.0,0,0,2026-09-15
NIFTY,2028-06-27,24000.0,CE,0.0,0.0,0.0,3918.85,2844.76,0,0.0,0,0,2026-09-15
NIFTY,2028-06-27,30000.0,CE,0.0,0.0,0.0,2278.45,763.4,0,0.0,0,0,2026-09-15
NIFTY,2028-12-26,22500.0,CE,0.0,0.0,0.0,7382.9,4357.45,0,0.0,0,0,2026-09-15
NIFTY,2028-12-26,31500.0,CE,500.0,500.0,500.0,500.0,500.0,2,4160000.0,585,0,2026-09-15
NIFTY,2026-11-23,23300.0,PE,295.05,445.05,290.0,424.55,424.55,702,1080830630.75,26325,1820,2026-09-15
NIFTY,2029-12-24,24000.0,CE,5550.0,5550.0,5200.0,5200.0,5200.0,2,3818750.0,65,0,2026-09-15
NIFTY,2029-12-24,33000.0,CE,0.0,0.0,0.0,3816.05,1380.18,0,0.0,0,0,2026-09-15
NIFTY,2031-06-24,28500.0,PE,0.0,0.0,0.0,2104.2,2133.16,0,0.0,0,0,2026-09-15
NIFTY,2026-09-15,21800.0,PE,1.45,1.45,0.05,0.1,23118.6,90935,128856706637.75,924560,-1410630,2026-09-15
NIFTY,2026-09-15,22250.0,PE,0.6,0.8,0.05,0.15,23118.6,150893,218232632120.75,790725,-601965,2026-09-15
NIFTY,2026-09-15,22450.0,PE,0.75,0.95,0.05,0.2,23118.6,202201,295066429446.75,983125,81120,2026-09-15
NIFTY,2026-11-23,23200.0,PE,255.8,404.25,255.0,385.15,385.15,605,926353769.25,28600,-780,2026-09-15
NIFTY,2026-11-23,23000.0,PE,206.0,335.05,202.95,317.35,317.35,4471,6766522460.75,425815,-520,2026-09-15
NIFTY,2026-11-23,22350.0,PE,124.75,174.15,121.4,165.25,165.25,16,23400227.5,1885,195,2026-09-15
NIFTY,2026-11-23,21900.0,PE,111.35,111.35,100.3,100.3,140.95,2,2860757.25,845,65,2026-09-15
NIFTY,2026-11-23,21850.0,PE,0.0,0.0,0.0,51.8,132.32,0,0.0,0,0,2026-09-15
NIFTY,2031-06-24,25500.0,PE,0.0,0.0,0.0,1262.85,1243.65,0,0.0,0,0,2026-09-15
NIFTY,2026-10-27,26900.0,PE,0.0,0.0,0.0,2631.85,3587.76,0,0.0,0,0,2026-09-15
NIFTY,2026-10-27,26100.0,PE,0.0,0.0,0.0,1960.3,2800.34,0,0.0,0,0,2026-09-15
NIFTY,2026-10-27,25250.0,PE,0.0,0.0,0.0,883.6,1986.65,0,0.0,130,0,2026-09-15
NIFTY,2026-10-27,25050.0,PE,0.0,0.0,0.0,1161.25,1802.75,0,0.0,325,0,2026-09-15
NIFTY,2026-10-27,24150.0,PE,682.95,905.6,682.9,899.5,899.5,18,29201308.5,16510,-195,2026-09-15
NIFTY,2026-10-27,24100.0,PE,639.95,897.6,639.95,871.1,871.1,441,713302593.25,183560,-7410,2026-09-15
NIFTY,2026-10-27,22400.0,PE,60.0,126.0,60.0,122.05,122.05,2667,3901378806.0,134940,19370,2026-09-15
NIFTY,2026-10-27,21750.0,PE,35.0,58.6,35.0,58.3,58.3,649,919418620.25,29185,25415,2026-09-15
NIFTY,2026-10-13,23900.0,PE,600.0,630.0,600.0,630.0,835.28,2,3186950.0,650,0,2026-09-15
NIFTY,2026-10-13,23700.0,PE,358.4,460.0,358.4,460.0,691.29,8,12523871.75,260,130,2026-09-15
NIFTY,2026-09-15,23700.0,PE,165.75,603.85,152.95,549.25,23118.6,196937,307139727537.5,719290,-781625,2026-09-15
NIFTY,2026-09-15,24000.0,PE,458.5,902.6,438.4,842.6,23118.6,32729,52416383760.0,517010,-769730,2026-09-15
NIFTY,2026-09-15,24200.0,PE,709.0,1100.0,641.8,1050.05,23118.6,5275,8598892201.25,300625,-108225,2026-09-15
NIFTY,2026-09-15,24700.0,PE,1220.0,1585.0,1217.75,1545.55,23118.6,306,518571868.75,13780,-11310,2026-09-15
NIFTY,2026-09-15,25700.0,PE,0.0,0.0,0.0,1223.4,23118.6,0,0.0,0,0,2026-09-15
NIFTY,2026-09-15,25800.0,PE,2520.0,2530.0,2510.0,2530.0,23118.6,4,7362550.0,455,-65,2026-09-15
NIFTY,2026-10-27,24600.0,PE,1083.0,1337.45,987.15,1290.15,1290.15,259,434286489.0,89960,715,2026-09-15
NIFTY,2026-10-27,24900.0,PE,1382.15,1560.0,1382.15,1560.0,1560.0,7,11984527.75,78715,455,2026-09-15
NIFTY,2026-10-27,25100.0,PE,1480.0,1724.05,1480.0,1724.05,1848.34,4,6931775.5,5525,195,2026-09-15
NIFTY,2026-10-27,25150.0,PE,0.0,0.0,0.0,974.25,1894.19,0,0.0,260,0,2026-09-15
NIFTY,2026-10-27,25400.0,PE,1898.95,1898.95,1898.95,1898.95,2127.01,1,1774431.75,845,0,2026-09-15
NIFTY,2026-10-27,25500.0,PE,1886.0,2190.0,1886.0,2157.3,2157.3,82,146847288.25,313950,1430,2026-09-15
NIFTY,2026-10-27,26950.0,PE,0.0,0.0,0.0,2675.85,3637.23,0,0.0,0,0,2026-09-15
NIFTY,2026-11-23,21800.0,PE,70.0,100.0,61.8,95.0,95.0,5,7110788.75,65,65,2026-09-15
NIFTY,2026-11-23,22400.0,PE,126.35,180.0,126.35,177.1,177.1,80,117268703.5,4355,-260,2026-09-15
NIFTY,2026-11-23,22650.0,PE,214.1,224.05,208.75,222.8,222.8,7,10404813.25,2665,260,2026-09-15
NIFTY,2026-11-23,23550.0,PE,381.95,548.35,380.45,548.35,548.35,83,129267326.5,6955,4680,2026-09-15
NIFTY,2026-11-23,24050.0,PE,0.0,0.0,0.0,530.0,1020.71,0,0.0,1625,0,2026-09-15
NIFTY,2026-11-23,24450.0,PE,0.0,0.0,0.0,878.7,1301.92,0,0.0,1560,0,2026-09-15
NIFTY,2026-11-23,24650.0,PE,1050.0,1050.0,1050.0,1050.0,1452.79,14,23387000.0,910,910,2026-09-15
NIFTY,2026-12-29,15000.0,PE,8.55,11.0,8.55,10.35,10.35,72,70247700.25,122900,1625,2026-09-15
NIFTY,2026-12-29,16000.0,PE,12.5,13.95,10.8,13.95,13.95,39,40593595.25,122520,715,2026-09-15
NIFTY,2026-12-29,24000.0,PE,610.0,828.0,550.65,796.85,796.85,8079,12985051758.25,2324310,-103025,2026-09-15
NIFTY,2026-12-29,33000.0,PE,0.0,0.0,0.0,5263.45,9285.94,0,0.0,0,0,2026-09-15
NIFTY,2027-12-28,28500.0,PE,0.0,0.0,0.0,2979.7,3782.04,0,0.0,260,0,2026-09-15
NIFTY,2027-12-28,31500.0,PE,0.0,0.0,0.0,3240.0,6151.36,0,0.0,0,0,2026-09-15
NIFTY,2027-12-28,33000.0,PE,0.0,0.0,0.0,4155.55,7437.7,0,0.0,0,0,2026-09-15
NIFTY,2028-06-27,19500.0,PE,0.0,0.0,0.0,40.05,181.97,0,0.0,0,0,2026-09-15
NIFTY,2028-06-27,30000.0,PE,0.0,0.0,0.0,3779.25,4442.02,0,0.0,0,0,2026-09-15
NIFTY,2028-12-26,16500.0,PE,0.0,0.0,0.0,5.9,36.92,0,0.0,0,0,2026-09-15
NIFTY,2029-12-24,18000.0,PE,0.0,0.0,0.0,96.5,126.62,0,0.0,0,0,2026-09-15
NIFTY,2029-12-24,23000.0,PE,0.0,0.0,0.0,700.0,800.83,0,0.0,1625,0,2026-09-15
NIFTY,2029-12-24,26000.0,PE,0.0,0.0,0.0,1400.0,1663.39,0,0.0,4055,0,2026-09-15
NIFTY,2030-06-25,24000.0,PE,0.0,0.0,0.0,698.15,997.83,0,0.0,0,0,2026-09-15
NIFTY,2030-12-31,25500.0,PE,0.0,0.0,0.0,538.25,1319.18,0,0.0,0,0,2026-09-15
NIFTY,2031-06-24,31500.0,PE,0.0,0.0,0.0,3185.85,3288.49,0,0.0,0,0,2026-09-15
NIFTY,2026-10-13,23850.0,PE,0.0,0.0,0.0,508.05,797.34,0,0.0,0,0,2026-09-15
NIFTY,2026-10-13,23800.0,PE,0.0,0.0,0.0,440.0,761.18,0,0.0,130,0,2026-09-15
NIFTY,2026-10-13,22950.0,PE,187.7,204.05,187.7,197.0,197.0,13,19558789.25,260,260,2026-09-15
NIFTY,2026-10-13,22050.0,PE,0.0,0.0,0.0,31.55,58.92,0,0.0,0,0,2026-09-15
NIFTY,2026-10-06,25350.0,PE,0.0,0.0,0.0,1263.25,2148.96,0,0.0,0,0,2026-09-15
NIFTY,2026-10-06,23300.0,PE,153.25,327.95,151.0,302.15,302.15,1461,2235735918.0,42185,13130,2026-09-15
NIFTY,2026-10-06,22300.0,PE,25.3,57.5,25.15,54.75,54.75,317,460381034.75,7735,7735,2026-09-15
NIFTY,2026-10-06,23550.0,CE,260.05,261.15,142.75,152.8,152.8,409,631381110.75,12155,1495,2026-09-15
NIFTY,2026-10-06,24750.0,CE,14.2,14.3,13.75,14.3,16.93,39,62776925.25,1885,1885,2026-09-15
NIFTY,2026-10-13,21650.0,CE,0.0,0.0,0.0,2118.25,1589.61,0,0.0,0,0,2026-09-15
NIFTY,2026-10-13,21850.0,CE,0.0,0.0,0.0,1927.0,1404.91,0,0.0,0,0,2026-09-15
NIFTY,2026-09-29,27200.0,CE,1.65,2.4,1.3,1.75,1.75,482,852233846.75,56615,15860,2026-09-15
NIFTY,2026-09-29,26550.0,CE,0.0,0.0,0.0,2.25,0.0,0,0.0,4680,0,2026-09-15
NIFTY,2026-09-29,26350.0,CE,0.0,0.0,0.0,2.5,0.0,0,0.0,5525,0,2026-09-15
NIFTY,2026-09-29,26250.0,CE,2.1,9.2,1.3,1.45,1.45,133,226965599.25,5070,4485,2026-09-15
NIFTY,2026-09-29,25350.0,CE,5.4,5.45,3.45,4.05,4.05,304,501005687.0,24310,-195,2026-09-15
NIFTY,2026-09-29,24200.0,CE,40.0,40.0,12.7,14.8,14.8,60592,95390733148.75,3686280,196885,2026-09-15
NIFTY,2026-09-29,23950.0,CE,74.95,75.0,25.6,27.9,27.9,7517,11722005395.75,278005,6955,2026-09-15
NIFTY,2026-09-29,22950.0,CE,628.2,629.45,379.0,406.7,406.7,207,314766351.25,9360,2535,2026-09-15
NIFTY,2026-09-29,22500.0,CE,1055.05,1055.05,734.05,771.0,771.0,3205,4861147115.5,630630,60125,2026-09-15
NIFTY,2026-09-29,21900.0,CE,0.0,0.0,0.0,1970.0,1277.8,0,0.0,585,0,2026-09-15
NIFTY,2026-09-22,25900.0,CE,1.0,1.1,0.8,0.9,0.9,5840,9832004013.0,80210,-6695,2026-09-15
NIFTY,2026-09-22,25800.0,CE,1.3,1.45,0.8,0.9,0.9,24298,40749291674.0,830245,810680,2026-09-15
NIFTY,2026-10-13,23750.0,CE,228.95,228.95,130.0,130.0,201.31,25,38853135.75,1365,195,2026-09-15
NIFTY,2026-10-13,24150.0,CE,0.0,0.0,0.0,302.85,107.17,0,0.0,0,0,2026-09-15
NIFTY,2026-10-13,24750.0,CE,0.0,0.0,0.0,137.9,35.22,0,0.0,0,0,2026-09-15
NIFTY,2026-10-13,25100.0,CE,0.0,0.0,0.0,81.45,16.74,0,0.0,0,0,2026-09-15
NIFTY,2026-10-27,22150.0,CE,0.0,0.0,0.0,2291.6,1246.06,0,0.0,0,0,2026-09-15
NIFTY,2026-10-27,22300.0,CE,0.0,0.0,0.0,1310.3,1127.13,0,0.0,130,0,2026-09-15
NIFTY,2026-10-27,22400.0,CE,0.0,0.0,0.0,2083.15,1050.84,0,0.0,0,0,2026-09-15
NIFTY,2026-10-27,22600.0,CE,1004.35,1004.35,863.0,877.1,877.1,10,15269683.0,325,195,2026-09-15
NIFTY,2026-10-27,22700.0,CE,911.75,911.75,779.05,792.4,792.4,10,15312547.25,650,390,2026-09-15
NIFTY,2026-10-27,22850.0,CE,0.0,0.0,0.0,1729.4,740.98,0,0.0,0,0,2026-09-15
NIFTY,2026-09-22,25700.0,CE,1.0,1.7,0.9,1.0,1.0,2827,4722722400.5,43290,8255,2026-09-15
NIFTY,2026-09-22,25650.0,CE,1.35,1.6,0.9,0.95,0.95,1126,1877408653.25,13975,-10335,2026-09-15
NIFTY,2026-09-22,25600.0,CE,1.5,1.75,0.9,1.0,1.0,6330,10533622641.75,136370,-650,2026-09-15
NIFTY,2026-09-22,25250.0,CE,1.8,2.1,0.9,1.0,1.0,9355,15354753778.0,194155,8125,2026-09-15
NIFTY,2026-09-22,24300.0,CE,8.6,8.85,3.0,3.75,3.75,275996,436017930734.75,4768465,3444480,2026-09-15
NIFTY,2026-09-22,24050.0,CE,21.2,21.2,4.65,6.1,6.1,82294,128689277843.75,922480,658710,2026-09-15
NIFTY,2026-09-22,23200.0,CE,381.0,381.0,147.3,167.4,167.4,225673,343018326833.0,3645070,3232125,2026-09-15
NIFTY,2026-09-22,22900.0,CE,624.9,624.9,337.0,367.9,367.9,3237,4904085413.5,54925,39975,2026-09-15
NIFTY,2026-09-15,22950.0,CE,556.05,560.05,146.5,183.85,23118.6,67155,101084867039.0,257595,194740,2026-09-15
NIFTY,2026-09-15,22800.0,CE,703.0,710.55,295.05,340.3,23118.6,16219,24447838983.75,99515,12350,2026-09-15
NIFTY,2026-10-27,24000.0,CE,200.2,222.0,126.15,132.45,132.45,33495,52585400630.75,2197650,232245,2026-09-15
NIFTY,2026-10-27,24400.0,CE,100.0,110.0,61.2,63.9,63.9,6716,10684378607.5,279370,-5850,2026-09-15
NIFTY,2026-10-27,24450.0,CE,87.45,87.45,56.65,58.7,58.7,391,623192066.25,38480,-455,2026-09-15
NIFTY,2026-10-27,24900.0,CE,38.8,38.8,27.5,29.25,29.25,3290,5331844358.75,186095,52325,2026-09-15
NIFTY,2026-10-27,25550.0,CE,16.0,16.0,14.85,15.4,23.11,52,86411123.5,1560,1560,2026-09-15
NIFTY,2026-10-27,25700.0,CE,14.6,14.95,13.3,13.8,13.8,602,1006182794.5,56615,-12610,2026-09-15
NIFTY,2026-10-27,25900.0,CE,13.85,13.85,10.65,11.05,12.24,27,45474565.5,4160,260,2026-09-15
NIFTY,2026-10-27,27050.0,CE,3.85,5.1,3.85,5.05,1.13,24,42205224.75,5525,-455,2026-09-15
NIFTY,2026-10-27,27150.0,CE,0.0,0.0,0.0,5.0,0.9,0,0.0,1950,0,2026-09-15
NIFTY,2026-11-23,21650.0,CE,0.0,0.0,0.0,3045.65,1827.94,0,0.0,0,0,2026-09-15
NIFTY,2026-11-23,22100.0,CE,1454.35,1454.35,1454.35,1454.35,1454.35,3,4593098.25,195,195,2026-09-15
NIFTY,2026-11-23,22600.0,CE,0.0,0.0,0.0,2198.8,1098.52,0,0.0,0,0,2026-09-15
NIFTY,2026-11-23,23250.0,CE,696.0,726.5,586.25,590.8,590.8,86,133690235.25,1365,-780,2026-09-15
NIFTY,2026-11-23,24050.0,CE,248.9,248.9,222.8,231.8,231.8,68,107341789.75,2470,390,2026-09-15
NIFTY,2026-11-23,24350.0,CE,200.95,204.35,147.85,153.2,153.2,62,98824183.25,11180,1560,2026-09-15
NIFTY,2026-11-23,24550.0,CE,145.3,150.75,112.9,114.6,114.6,89,142770579.25,11310,195,2026-09-15
NIFTY,2026-11-23,25100.0,CE,69.15,69.45,53.95,56.45,56.45,246,402341433.0,78455,130,2026-09-15
NIFTY,2026-11-23,25150.0,CE,0.0,0.0,0.0,588.45,127.59,0,0.0,0,0,2026-09-15
NIFTY,2026-11-23,25750.0,CE,0.0,0.0,0.0,386.65,64.08,0,0.0,0,0,2026-09-15
NIFTY,2026-11-23,25800.0,CE,0.0,0.0,0.0,372.6,60.31,0,0.0,0,0,2026-09-15
NIFTY,2026-11-23,26100.0,CE,24.45,24.45,21.0,22.75,22.75,2,3395954.25,65,65,2026-09-15
NIFTY,2026-12-29,24000.0,CE,530.45,549.2,402.5,418.35,418.35,9869,15684288503.0,1883230,117325,2026-09-15
NIFTY,2026-12-29,30000.0,CE,7.6,9.35,7.5,8.05,8.05,1021,1991492880.0,780605,-25185,2026-09-15
NIFTY,2026-09-15,22500.0,CE,999.95,1011.0,610.0,638.1,23118.6,776,1173593570.5,23270,1885,2026-09-15
NIFTY,2026-09-15,22200.0,CE,0.0,0.0,0.0,2410.3,23118.6,0,0.0,0,0,2026-09-15
NIFTY,2027-06-29,18000.0,CE,0.0,0.0,0.0,4066.45,6009.64,0,0.0,0,0,2026-09-15
NIFTY,2028-06-27,21000.0,CE,0.0,0.0,0.0,5226.55,4741.76,0,0.0,0,0,2026-09-15
NIFTY,2028-12-26,19500.0,CE,0.0,0.0,0.0,9716.4,6454.28,0,0.0,0,0,2026-09-15
NIFTY,2028-12-26,33000.0,CE,0.0,0.0,0.0,2477.5,644.37,0,0.0,0,0,2026-09-15
NIFTY,2029-06-26,24000.0,CE,0.0,0.0,0.0,8085.35,4082.72,0,0.0,0,0,2026-09-15
NIFTY,2029-12-24,27000.0,CE,0.0,0.0,0.0,6201.65,3212.96,0,0.0,0,0,2026-09-15
NIFTY,2030-12-31,33000.0,CE,0.0,0.0,0.0,3948.25,2252.63,0,0.0,0,0,2026-09-15
NIFTY,2026-09-15,22100.0,PE,0.6,0.65,0.05,0.15,23118.6,228048,327595170808.75,1335555,-1690065,2026-09-15
NIFTY,2026-09-15,22950.0,PE,2.0,4.0,0.05,1.35,23118.6,3540643,5282127150361.75,4519190,981435,2026-09-15
NIFTY,2026-09-15,23450.0,PE,43.6,355.8,25.1,298.15,23118.6,4976758,7614770956757.25,1126125,-2422095,2026-09-15
NIFTY,2026-09-15,24750.0,PE,1277.45,1560.0,1277.45,1538.85,23118.6,19,32243376.75,2795,-1040,2026-09-15
NIFTY,2026-09-15,24800.0,PE,1352.55,1686.0,1298.95,1576.75,23118.6,221,377487467.5,14950,-9945,2026-09-15
NIFTY,2026-09-22,21800.0,PE,7.45,7.5,3.5,5.55,5.55,69487,98484801060.75,991965,750360,2026-09-15
NIFTY,2026-09-22,22200.0,PE,3.4,13.4,3.4,11.5,11.5,85717,123740492196.75,1830660,684125,2026-09-15
NIFTY,2026-09-22,23100.0,PE,55.0,150.65,43.8,132.3,132.3,195571,294954811736.0,2190305,1002235,2026-09-15
NIFTY,2026-09-22,23200.0,PE,62.0,196.8,56.4,173.0,173.0,394864,599057653408.5,4552925,2872025,2026-09-15
NIFTY,2026-09-22,23750.0,PE,285.0,613.1,284.35,564.7,564.7,6869,10812656156.25,112385,22035,2026-09-15
NIFTY,2026-09-22,24250.0,PE,760.0,1067.9,760.0,1038.4,1038.4,215,351764257.0,17355,6760,2026-09-15
NIFTY,2026-09-22,25350.0,PE,0.0,0.0,0.0,1190.0,2202.83,0,0.0,0,0,2026-09-15
NIFTY,2026-09-22,25500.0,PE,2000.0,2305.0,2000.0,2291.65,2291.65,776,1393040463.75,61750,49010,2026-09-15
NIFTY,2026-09-29,22000.0,PE,17.5,24.95,8.3,23.4,23.4,82263,117729206084.75,3641300,241605,2026-09-15
NIFTY,2026-09-29,22700.0,PE,34.35,87.9,33.1,79.2,79.2,37473,55431515350.25,886665,87165,2026-09-15
NIFTY,2026-09-29,23100.0,PE,78.0,204.0,58.45,183.65,183.65,31963,48284309017.75,944515,4680,2026-09-15
NIFTY,2026-09-29,23800.0,PE,380.0,658.65,341.95,614.95,614.95,16446,25981752390.75,1757340,-206830,2026-09-15
NIFTY,2026-09-29,25100.0,PE,1570.3,1888.75,1467.8,1864.4,1864.4,170,296509372.25,98410,3835,2026-09-15
NIFTY,2026-09-29,25500.0,PE,1988.95,2320.0,1978.5,2269.75,2269.75,784,1408311515.0,1479010,-16965,2026-09-15
NIFTY,2026-09-29,26100.0,PE,0.0,0.0,0.0,1712.15,2922.61,0,0.0,9360,0,2026-09-15
NIFTY,2026-09-29,26250.0,PE,0.0,0.0,0.0,2180.0,3072.27,0,0.0,0,0,2026-09-15
NIFTY,2026-09-29,26600.0,PE,0.0,0.0,0.0,2474.55,3421.48,0,0.0,0,0,2026-09-15
NIFTY,2026-10-06,22400.0,PE,0.0,0.0,0.0,30.4,85.06,0,0.0,0,0,2026-09-15
NIFTY,2026-10-06,22850.0,PE,100.0,147.25,93.45,138.5,138.5,46,68727623.25,845,650,2026-09-15
NIFTY,2026-10-06,24550.0,PE,0.0,0.0,0.0,677.9,1376.24,0,0.0,0,0,2026-09-15
NIFTY,2026-10-06,23250.0,CE,438.8,446.0,261.5,282.65,282.65,409,626342180.75,10595,5005,2026-09-15
NIFTY,2026-10-06,24600.0,PE,0.0,0.0,0.0,709.3,1422.92,0,0.0,0,0,2026-09-15
NIFTY,2026-10-06,25250.0,PE,0.0,0.0,0.0,1181.55,2050.4,0,0.0,0,0,2026-09-15
NIFTY,2026-10-13,22500.0,PE,45.65,104.85,45.65,98.75,98.75,685,1005090524.75,13650,6045,2026-09-15
NIFTY,2026-10-13,22550.0,PE,0.0,0.0,0.0,83.55,152.98,0,0.0,0,0,2026-09-15
NIFTY,2026-10-13,24250.0,PE,0.0,0.0,0.0,748.2,1112.55,0,0.0,0,0,2026-09-15
NIFTY,2026-10-27,21650.0,PE,35.0,59.0,30.15,54.2,54.2,400,564063149.0,7475,7475,2026-09-15
NIFTY,2026-10-27,21800.0,PE,32.1,62.3,32.0,60.25,60.25,1536,2181651946.5,67795,43355,2026-09-15
NIFTY,2026-10-27,22350.0,PE,62.65,118.3,62.65,113.9,113.9,319,465470193.5,18590,1755,2026-09-15
NIFTY,2026-10-27,22450.0,PE,73.85,134.4,73.0,130.1,130.1,516,756215577.0,20410,15275,2026-09-15
NIFTY,2026-10-27,23250.0,PE,207.65,370.0,207.65,349.15,349.15,1018,1557993901.75,21255,-9295,2026-09-15
NIFTY,2026-10-27,23900.0,PE,505.0,753.35,500.3,710.7,710.7,287,457474316.0,166205,455,2026-09-15
NIFTY,2026-10-27,24050.0,PE,678.5,839.25,678.5,820.7,820.7,16,25816423.75,6435,390,2026-09-15
NIFTY,2026-10-27,24250.0,PE,811.0,967.3,811.0,954.0,954.0,4,6541099.5,12610,0,2026-09-15
NIFTY,2026-10-27,25300.0,PE,1800.0,1800.0,1800.0,1800.0,2033.23,1,1761500.0,650,65,2026-09-15
NIFTY,2026-10-27,26300.0,PE,0.0,0.0,0.0,2121.9,2996.15,0,0.0,0,0,2026-09-15
NIFTY,2026-10-27,27000.0,PE,3331.4,3652.95,3331.4,3628.9,3686.71,449,889477277.0,337285,25480,2026-09-15
NIFTY,2026-11-23,22200.0,PE,83.9,149.5,83.9,143.7,143.7,510,739990553.25,39455,-7865,2026-09-15
NIFTY,2026-11-23,22550.0,PE,148.05,206.0,148.05,201.4,201.4,15,22182212.0,2600,910,2026-09-15
NIFTY,2026-11-23,23050.0,PE,260.3,331.0,260.3,331.0,331.0,9,13657309.25,1755,-130,2026-09-15
NIFTY,2026-11-23,23150.0,PE,254.45,382.0,252.85,372.75,372.75,50,76395013.5,2470,2145,2026-09-15
NIFTY,2026-11-23,23400.0,PE,327.9,490.7,314.1,465.3,465.3,720,1114246032.25,66430,-715,2026-09-15
NIFTY,2026-11-23,25200.0,PE,0.0,0.0,0.0,1060.25,1902.45,0,0.0,0,0,2026-09-15
NIFTY,2026-11-23,25400.0,PE,0.0,0.0,0.0,1184.75,2075.85,0,0.0,0,0,2026-09-15
NIFTY,2026-11-23,25950.0,PE,0.0,0.0,0.0,1562.8,2572.86,0,0.0,0,0,2026-09-15
NIFTY,2026-12-29,21000.0,PE,56.0,85.65,56.0,83.85,83.85,7329,10038985791.25,1368325,-2635,2026-09-15
NIFTY,2026-12-29,28000.0,PE,4031.3,4295.75,3994.2,4247.25,4247.25,141,295091319.25,947090,3510,2026-09-15
NIFTY,2026-12-29,31500.0,PE,0.0,0.0,0.0,4059.3,7813.18,0,0.0,0,0,2026-09-15
NIFTY,2027-03-30,27000.0,PE,2678.0,2994.85,2678.0,2960.35,2960.35,71,137758968.75,52910,910,2026-09-15
NIFTY,2027-12-28,16500.0,PE,0.0,0.0,0.0,52.05,11.77,0,0.0,130,0,2026-09-15
NIFTY,2027-12-28,27000.0,PE,2092.4,2260.0,2014.95,2249.3,2249.3,90,170535579.5,50205,-1560,2026-09-15
NIFTY,2029-12-24,15000.0,PE,0.0,0.0,0.0,29.0,22.29,0,0.0,65,0,2026-09-15
NIFTY,2030-06-25,18000.0,PE,0.0,0.0,0.0,116.65,135.74,0,0.0,0,0,2026-09-15
NIFTY,2030-06-25,22500.0,PE,0.0,0.0,0.0,223.75,673.27,0,0.0,0,0,2026-09-15
NIFTY,2030-06-25,27000.0,PE,0.0,0.0,0.0,1286.05,1897.96,0,0.0,0,0,2026-09-15
NIFTY,2030-06-25,30000.0,PE,0.0,0.0,0.0,2100.85,3132.05,0,0.0,0,0,2026-09-15
NIFTY,2030-12-31,18000.0,PE,0.0,0.0,0.0,32.3,141.91,0,0.0,0,0,2026-09-15
NIFTY,2031-06-24,16500.0,PE,0.0,0.0,0.0,95.65,75.43,0,0.0,0,0,2026-09-15
NIFTY,2026-09-29,34500.0,CE,0.0,0.0,0.0,0.6,0.0,0,0.0,9815,0,2026-09-15
NIFTY,2026-10-06,22850.0,CE,0.0,0.0,0.0,1410.45,549.57,0,0.0,0,0,2026-09-15
NIFTY,2026-10-06,23400.0,CE,340.0,347.5,197.7,210.15,210.15,1724,2653715226.5,50050,36985,2026-09-15
NIFTY,2026-10-13,23000.0,PE,105.0,228.1,105.0,210.75,210.75,515,775581469.0,16315,7670,2026-09-15
NIFTY,2026-10-06,23650.0,PE,308.05,543.95,303.7,523.9,523.9,18,28230049.25,975,-845,2026-09-15
NIFTY,2026-10-06,24250.0,PE,0.0,0.0,0.0,505.9,1104.43,0,0.0,0,0,2026-09-15
NIFTY,2026-10-13,21700.0,PE,0.0,0.0,0.0,14.3,26.65,0,0.0,0,0,2026-09-15
NIFTY,2031-06-24,24000.0,PE,0.0,0.0,0.0,933.85,901.47,0,0.0,65,0,2026-09-15
NIFTY,2028-12-26,22000.0,PE,0.0,0.0,0.0,490.05,598.65,0,0.0,8890,0,2026-09-15
NIFTY,2028-06-27,28500.0,PE,0.0,0.0,0.0,1560.85,3433.41,0,0.0,0,0,2026-09-15
NIFTY,2027-12-28,20000.0,PE,182.0,215.0,178.0,204.55,204.55,62,81403890.75,69385,130,2026-09-15
NIFTY,2027-12-28,19000.0,PE,120.0,125.0,118.85,125.0,97.99,6,7456826.0,20960,390,2026-09-15
NIFTY,2027-12-28,18000.0,PE,85.8,100.0,85.8,100.0,100.0,4,4704427.0,15105,130,2026-09-15
NIFTY,2030-12-31,18000.0,CE,0.0,0.0,0.0,12674.15,9546.17,0,0.0,0,0,2026-09-15
NIFTY,2031-06-24,30000.0,PE,0.0,0.0,0.0,2616.25,2679.1,0,0.0,0,0,2026-09-15
NIFTY,2029-06-26,31500.0,CE,0.0,0.0,0.0,2878.65,1288.8,0,0.0,0,0,2026-09-15
NIFTY,2027-06-29,19500.0,PE,0.0,0.0,0.0,17.3,75.32,0,0.0,0,0,2026-09-15
NIFTY,2027-06-29,19000.0,PE,0.0,0.0,0.0,90.0,47.86,0,0.0,940,0,2026-09-15
NIFTY,2027-03-30,16500.0,PE,0.0,0.0,0.0,20.25,0.45,0,0.0,1560,0,2026-09-15
NIFTY,2026-11-23,26000.0,PE,2300.0,2547.4,2300.0,2520.0,2520.0,14,25919497.5,6825,260,2026-09-15
NIFTY,2026-11-23,25350.0,PE,0.0,0.0,0.0,1152.95,2032.08,0,0.0,0,0,2026-09-15
NIFTY,2026-11-23,25100.0,PE,0.0,0.0,0.0,1027.25,1817.54,0,0.0,130,0,2026-09-15
NIFTY,2026-11-23,24400.0,PE,0.0,0.0,0.0,863.0,1264.15,0,0.0,12480,0,2026-09-15
NIFTY,2026-11-23,24150.0,PE,680.05,900.0,680.05,900.0,1087.7,17,27505780.25,1365,-520,2026-09-15
NIFTY,2026-11-23,23350.0,PE,298.85,465.6,298.8,448.75,448.75,97,149654927.5,5200,1040,2026-09-15
NIFTY,2026-09-15,21700.0,CE,0.0,0.0,0.0,2900.2,23118.6,0,0.0,0,0,2026-09-15
NIFTY,2026-09-15,23550.0,CE,65.0,71.4,0.05,1.35,23118.6,8168552,12509012990357.0,5701280,820560,2026-09-15
NIFTY,2026-09-15,23650.0,CE,40.0,40.0,0.05,0.75,23118.6,5106148,7850545453419.5,5136950,163215,2026-09-15
NIFTY,2026-09-15,23750.0,CE,8.0,11.95,0.05,0.45,23118.6,2711797,4186638038082.5,4244955,-1158235,2026-09-15
NIFTY,2026-09-15,23800.0,CE,4.8,5.1,0.05,0.35,23118.6,3547105,5487672524652.5,7682220,-3911765,2026-09-15
NIFTY,2026-09-15,24400.0,CE,0.55,1.2,0.05,0.4,23118.6,886388,1405837910958.0,5444595,417170,2026-09-15
NIFTY,2026-09-15,24700.0,CE,0.5,0.65,0.05,0.15,23118.6,371103,595813604873.5,1883570,-566150,2026-09-15
NIFTY,2026-09-15,25300.0,CE,0.4,0.4,0.05,0.1,23118.6,50027,82270147732.5,410215,-432445,2026-09-15
NIFTY,2026-09-15,25900.0,CE,0.55,0.55,0.05,0.05,23118.6,15514,26118048944.0,223535,-72800,2026-09-15
NIFTY,2026-09-15,25950.0,CE,0.4,0.8,0.05,0.05,23118.6,7012,11827588597.5,79690,14885,2026-09-15
NIFTY,2026-09-22,21900.0,CE,0.0,0.0,0.0,2390.45,1244.27,0,0.0,0,0,2026-09-15
NIFTY,2026-09-22,22050.0,CE,1270.0,1270.0,1162.05,1162.8,1162.8,6,9065618.25,325,195,2026-09-15
NIFTY,2026-09-22,22600.0,CE,879.0,879.0,586.55,626.15,626.15,386,582993528.0,31005,10920,2026-09-15
NIFTY,2026-09-22,22750.0,CE,613.35,626.45,465.0,493.45,493.45,163,246375194.0,3640,3445,2026-09-15
NIFTY,2026-09-22,23600.0,CE,139.0,149.95,28.6,33.95,33.95,371168,570690407218.75,3821155,2274155,2026-09-15
NIFTY,2026-09-22,23850.0,CE,62.2,62.3,9.0,10.85,10.85,124021,192411849873.75,1302795,778895,2026-09-15
NIFTY,2026-09-22,24500.0,CE,5.45,5.75,2.2,2.65,2.65,363293,578626875037.25,5620225,3192605,2026-09-15
NIFTY,2026-09-22,24750.0,CE,3.3,3.35,1.35,1.55,1.55,14076,22646994685.25,148655,29380,2026-09-15
NIFTY,2026-09-22,24950.0,CE,2.5,2.65,1.1,1.3,1.3,13266,21515828688.25,267020,54210,2026-09-15
NIFTY,2026-09-22,25100.0,CE,2.1,2.3,1.0,1.1,1.1,63342,103349528886.5,1346150,459550,2026-09-15
NIFTY,2026-09-22,26100.0,CE,0.95,1.1,0.75,0.85,0.85,3246,5507024357.25,292825,93405,2026-09-15
NIFTY,2026-09-29,22050.0,CE,0.0,0.0,0.0,1500.0,1135.13,0,0.0,65,0,2026-09-15
NIFTY,2026-09-29,22650.0,CE,780.0,780.0,608.05,608.05,616.8,7,10631816.0,1040,0,2026-09-15
NIFTY,2026-09-29,23050.0,CE,515.0,515.0,313.25,337.35,337.35,514,782049440.25,15275,7215,2026-09-15
NIFTY,2026-09-29,23300.0,CE,378.4,394.15,177.5,196.75,196.75,94662,144861149553.25,1943370,1060085,2026-09-15
NIFTY,2026-09-29,23600.0,CE,203.4,210.4,76.15,84.7,84.7,69100,106508921831.0,1833195,567450,2026-09-15
NIFTY,2026-09-29,24050.0,CE,51.5,51.5,19.25,21.45,21.45,9402,14715707851.0,259090,12480,2026-09-15
NIFTY,2026-09-29,24450.0,CE,18.2,18.2,8.2,9.5,9.5,8012,12738584352.0,427635,134550,2026-09-15
NIFTY,2026-09-29,25150.0,CE,7.0,7.05,4.0,4.7,4.7,780,1275380483.0,35815,-3315,2026-09-15
NIFTY,2026-09-29,26300.0,CE,1.85,2.05,1.25,1.5,1.5,672,1148853478.5,130650,-1950,2026-09-15
NIFTY,2026-09-29,26950.0,CE,1.25,1.5,1.25,1.5,0.0,12,21022007.5,2600,-520,2026-09-15
NIFTY,2026-09-29,33000.0,CE,0.55,1.2,0.5,0.5,0.5,15,32175715.0,34710,-130,2026-09-15
NIFTY,2026-10-06,21800.0,CE,0.0,0.0,0.0,2389.25,1411.07,0,0.0,0,0,2026-09-15
NIFTY,2026-10-06,21850.0,CE,0.0,0.0,0.0,2340.55,1364.12,0,0.0,0,0,2026-09-15
NIFTY,2026-10-06,22600.0,CE,0.0,0.0,0.0,1631.85,723.5,0,0.0,0,0,2026-09-15
NIFTY,2026-10-27,25600.0,CE,14.6,15.6,11.4,14.5,14.5,286,476175277.5,55510,-5655,2026-09-15
NIFTY,2026-10-06,21700.0,PE,0.0,0.0,0.0,5.8,14.05,0,0.0,0,0,2026-09-15
NIFTY,2026-10-06,21800.0,PE,0.0,0.0,0.0,7.55,18.84,0,0.0,0,0,2026-09-15
NIFTY,2026-10-06,23150.0,PE,120.2,256.15,119.0,235.95,235.95,301,456968235.75,3445,390,2026-09-15
NIFTY,2026-10-06,23500.0,PE,223.9,444.4,222.65,416.6,416.6,1731,2680956508.75,79235,27560,2026-09-15
NIFTY,2026-10-06,24900.0,PE,0.0,0.0,0.0,913.3,1708.75,0,0.0,0,0,2026-09-15
NIFTY,2026-10-13,22350.0,PE,65.95,73.95,65.95,73.95,106.67,12,17486914.25,780,780,2026-09-15
NIFTY,2026-10-13,22450.0,PE,66.55,76.0,66.55,76.0,76.0,3,4391952.5,910,195,2026-09-15
NIFTY,2026-10-13,22750.0,PE,0.0,0.0,0.0,117.6,210.37,0,0.0,0,0,2026-09-15
NIFTY,2026-10-13,23400.0,PE,214.3,388.2,214.25,377.45,377.45,177,272497332.25,5265,650,2026-09-15
NIFTY,2026-10-13,23550.0,PE,283.15,481.0,280.7,470.95,470.95,55,85393025.25,2600,1235,2026-09-15
NIFTY,2026-10-13,24050.0,PE,0.0,0.0,0.0,621.65,949.68,0,0.0,0,0,2026-09-15
NIFTY,2026-10-13,24300.0,PE,773.95,773.95,773.95,773.95,1154.73,2,3259613.5,130,130,2026-09-15
NIFTY,2026-10-13,24400.0,PE,0.0,0.0,0.0,851.05,1240.67,0,0.0,0,0,2026-09-15
NIFTY,2026-10-13,24600.0,PE,0.0,0.0,0.0,998.2,1418.1,0,0.0,0,0,2026-09-15
NIFTY,2026-10-13,25200.0,PE,0.0,0.0,0.0,1494.1,1981.35,0,0.0,0,0,2026-09-15
NIFTY,2026-10-27,21850.0,PE,56.6,67.2,56.6,63.95,63.95,48,68367373.75,3250,1170,2026-09-15
NIFTY,2026-10-27,22550.0,PE,79.5,152.45,79.5,146.45,146.45,404,595077697.5,25025,5135,2026-09-15
NIFTY,2026-10-27,22700.0,PE,94.9,185.2,94.15,177.1,177.1,4289,6368710032.75,310440,33020,2026-09-15
NIFTY,2026-10-27,23550.0,PE,338.95,520.65,310.0,494.35,494.35,298,463822274.5,14040,2340,2026-09-15
NIFTY,2026-10-27,23850.0,PE,479.1,701.25,472.5,678.05,678.05,72,114358426.0,8190,-845,2026-09-15
NIFTY,2026-10-27,24350.0,PE,852.0,1087.0,852.0,1087.0,1087.0,5,8239900.5,12155,0,2026-09-15
NIFTY,2026-10-27,24400.0,PE,860.05,1134.5,860.0,1115.25,1115.25,556,919297895.75,116415,-7475,2026-09-15
NIFTY,2026-10-27,24500.0,PE,929.95,1250.0,929.95,1205.85,1205.85,1335,2219544717.0,742365,-19630,2026-09-15
NIFTY,2026-10-27,25550.0,PE,0.0,0.0,0.0,1144.0,2269.09,0,0.0,130,0,2026-09-15
NIFTY,2026-10-27,25850.0,PE,0.0,0.0,0.0,1093.8,2557.24,0,0.0,65,0,2026-09-15
NIFTY,2026-10-27,26450.0,PE,0.0,0.0,0.0,2246.05,3143.58,0,0.0,0,0,2026-09-15
NIFTY,2026-10-27,26650.0,PE,0.0,0.0,0.0,2415.2,3340.71,0,0.0,0,0,2026-09-15
NIFTY,2026-10-27,26800.0,PE,0.0,0.0,0.0,2544.55,3488.87,0,0.0,0,0,2026-09-15
NIFTY,2026-10-27,27050.0,PE,0.0,0.0,0.0,2764.35,3736.22,0,0.0,0,0,2026-09-15
NIFTY,2026-10-27,27100.0,PE,0.0,0.0,0.0,2808.9,3785.73,0,0.0,0,0,2026-09-15
NIFTY,2026-11-23,22100.0,PE,87.2,136.7,70.8,131.35,131.35,267,385641178.0,8385,5525,2026-09-15
NIFTY,2026-11-23,24350.0,PE,0.0,0.0,0.0,836.15,1227.87,0,0.0,4225,0,2026-09-15
NIFTY,2026-11-23,24850.0,PE,0.0,0.0,0.0,860.35,1611.14,0,0.0,0,0,2026-09-15
NIFTY,2026-09-22,23650.0,CE,124.75,124.75,22.45,26.5,26.5,134271,206795700377.5,1213225,719875,2026-09-15
NIFTY,2026-11-23,24950.0,PE,0.0,0.0,0.0,915.05,1692.64,0,0.0,0,0,2026-09-15
NIFTY,2026-11-23,25750.0,PE,0.0,0.0,0.0,1419.55,2389.18,0,0.0,0,0,2026-09-15
NIFTY,2026-12-29,17000.0,PE,17.0,21.0,16.25,20.35,20.35,395,436947017.0,199885,1040,2026-09-15
NIFTY,2026-12-29,22500.0,PE,174.8,264.4,170.7,253.5,253.5,6195,9149660880.75,1044095,22555,2026-09-15
NIFTY,2026-12-29,27000.0,PE,3055.85,3359.95,3050.45,3302.95,3302.95,333,653270761.0,1019685,4650,2026-09-15
NIFTY,2026-12-29,29000.0,PE,5372.5,5372.5,5155.0,5234.1,5234.1,33,73424178.75,218415,-1430,2026-09-15
NIFTY,2027-03-30,15000.0,PE,0.0,0.0,0.0,20.0,0.02,0,0.0,2470,0,2026-09-15
NIFTY,2027-06-29,28500.0,PE,0.0,0.0,0.0,1807.05,4226.93,0,0.0,0,0,2026-09-15
NIFTY,2027-06-29,30000.0,PE,0.0,0.0,0.0,4000.0,5533.25,0,0.0,455,0,2026-09-15
NIFTY,2027-12-28,23000.0,PE,580.0,670.0,567.0,660.95,660.95,308,472999546.5,91495,9100,2026-09-15
NIFTY,2028-06-27,16500.0,PE,0.0,0.0,0.0,3.8,24.31,0,0.0,0,0,2026-09-15
NIFTY,2028-12-26,20000.0,PE,0.0,0.0,0.0,271.1,268.35,0,0.0,4265,0,2026-09-15
NIFTY,2030-06-25,31500.0,PE,0.0,0.0,0.0,2056.3,3863.15,0,0.0,0,0,2026-09-15
NIFTY,2031-06-24,21000.0,PE,0.0,0.0,0.0,450.5,411.3,0,0.0,0,0,2026-09-15
NIFTY,2026-09-29,22850.0,CE,605.9,605.9,469.2,481.3,481.3,106,160922804.25,5005,4485,2026-09-15
NIFTY,2026-09-29,21950.0,CE,0.0,0.0,0.0,1800.0,1229.89,0,0.0,130,0,2026-09-15
NIFTY,2026-09-29,21600.0,CE,1800.0,1824.65,1621.25,1621.25,1570.22,99,150647597.75,51935,4810,2026-09-15
NIFTY,2026-09-29,21000.0,CE,2525.0,2525.0,2194.7,2218.6,2218.6,849,1289854429.5,516035,3185,2026-09-15
NIFTY,2026-09-22,25750.0,CE,1.25,1.6,0.9,1.0,1.0,383,641074450.25,7930,4355,2026-09-15
NIFTY,2026-10-13,23250.0,PE,166.4,321.9,166.4,308.0,308.0,149,227697197.0,1885,1040,2026-09-15
NIFTY,2026-10-06,22900.0,PE,70.0,163.0,70.0,154.6,154.6,745,1115152415.0,26325,11310,2026-09-15
NIFTY,2026-10-06,22600.0,PE,52.0,97.75,39.8,89.6,89.6,517,761857924.75,15990,7865,2026-09-15
NIFTY,2026-09-29,31500.0,PE,0.0,0.0,0.0,4341.2,8310.44,0,0.0,0,0,2026-09-15
NIFTY,2026-09-29,27000.0,PE,3480.0,3810.0,3480.0,3765.15,3765.15,929,1849523607.75,1496720,-5525,2026-09-15
NIFTY,2026-09-29,26950.0,PE,0.0,0.0,0.0,2780.25,3770.69,0,0.0,0,0,2026-09-15
NIFTY,2026-09-29,22650.0,PE,31.25,78.8,29.9,71.25,71.25,2893,4269733130.0,132665,325,2026-09-15
NIFTY,2026-09-29,22500.0,PE,28.15,57.9,21.95,52.4,52.4,80845,118445470507.0,3530865,410865,2026-09-15
NIFTY,2026-09-29,21900.0,PE,13.25,21.7,10.65,20.1,20.1,6937,9882360936.5,233805,12935,2026-09-15
NIFTY,2026-09-29,15000.0,PE,1.25,1.45,0.8,1.1,1.1,124,120908102.25,92755,-1755,2026-09-15
NIFTY,2026-09-22,26000.0,PE,2500.45,2815.25,2499.25,2790.75,2790.75,655,1218241534.25,69875,39780,2026-09-15
NIFTY,2026-09-22,25900.0,PE,0.0,0.0,0.0,1658.45,2752.21,0,0.0,0,0,2026-09-15
NIFTY,2026-09-22,24300.0,PE,806.0,1132.05,806.0,1106.45,1106.45,1318,2163116049.25,107315,52325,2026-09-15
NIFTY,2026-09-22,23900.0,PE,444.0,755.1,387.7,708.75,708.75,9790,15547190971.0,490490,278850,2026-09-15
NIFTY,2026-09-22,23450.0,PE,110.3,353.75,110.3,320.2,320.2,88510,136051523240.75,826345,46670,2026-09-15
NIFTY,2026-09-22,23300.0,PE,88.0,252.2,75.25,223.7,223.7,339781,518228029322.25,2421510,994175,2026-09-15
NIFTY,2026-09-22,22600.0,PE,17.55,34.4,11.8,31.2,31.2,148623,218541694293.0,2522845,1633190,2026-09-15
NIFTY,2026-09-22,22250.0,PE,13.75,14.45,6.35,12.55,12.55,20772,30054898510.0,278070,162890,2026-09-15
NIFTY,2026-09-15,26100.0,PE,0.0,0.0,0.0,1559.2,23118.6,0,0.0,0,0,2026-09-15
