SYMBOL,EXPIRY_DT,STRIKE_PR,OPTION_TYP,OPEN,HIGH,LOW,CLOSE,SETTLE_PR,CONTRACTS,VAL_INLAKH,OPEN_INT,CHG_IN_OI,TIMESTAMP
NIFTY,2028-06-27,28500.0,PE,0.0,0.0,0.0,1560.85,3372.27,0,0.0,0,0,2026-09-16
NIFTY,2027-12-28,28500.0,PE,0.0,0.0,0.0,2979.7,3711.98,0,0.0,260,0,2026-09-16
NIFTY,2026-12-29,33000.0,PE,0.0,0.0,0.0,5263.45,9193.49,0,0.0,0,0,2026-09-16
NIFTY,2026-12-29,24000.0,PE,772.6,823.1,725.0,764.3,764.3,4645,7477215226.0,2282775,-41535,2026-09-16
NIFTY,2026-12-29,16000.0,PE,13.8,13.8,12.35,13.5,13.5,33,34348395.25,122585,65,2026-09-16
NIFTY,2026-12-29,15000.0,PE,10.15,10.5,9.3,9.85,9.85,133,129761654.75,125695,2795,2026-09-16
NIFTY,2026-11-23,24650.0,PE,0.0,0.0,0.0,1050.0,1376.93,0,0.0,910,0,2026-09-16
NIFTY,2026-10-19,24250.0,CE,0.0,0.0,0.0,121.35,138.42,0,0.0,0,0,2026-09-16
NIFTY,2026-10-19,24650.0,CE,0.0,0.0,0.0,63.85,73.5,0,0.0,0,0,2026-09-16
NIFTY,2026-10-27,21350.0,CE,0.0,0.0,0.0,3002.9,2039.99,0,0.0,0,0,2026-09-16
NIFTY,2026-10-27,22100.0,CE,0.0,0.0,0.0,2334.2,1363.62,0,0.0,0,0,2026-09-16
NIFTY,2026-10-27,23100.0,CE,545.9,590.0,506.0,542.25,542.25,544,836206010.25,30810,13390,2026-09-16
NIFTY,2026-10-27,23350.0,CE,400.35,428.05,366.85,391.55,391.55,109,168249263.0,11505,910,2026-09-16
NIFTY,2026-10-27,23400.0,CE,360.0,401.95,339.0,363.7,363.7,3591,5548310218.75,181935,30745,2026-09-16
NIFTY,2026-10-27,23700.0,CE,238.45,253.55,212.4,226.2,226.2,3061,4761389746.75,273650,-65,2026-09-16
NIFTY,2026-10-27,24800.0,CE,33.05,34.5,25.7,27.8,27.8,4134,6672095618.5,299650,-1950,2026-09-16
NIFTY,2026-10-27,24950.0,CE,24.7,26.0,22.0,22.45,22.45,77,124992851.75,72085,-260,2026-09-16
NIFTY,2026-10-27,25000.0,CE,27.4,27.4,20.25,21.25,21.25,12425,20209615513.75,1827020,91585,2026-09-16
NIFTY,2026-10-27,25400.0,CE,18.25,18.25,12.55,13.4,13.4,968,1599100633.0,100880,-1625,2026-09-16
NIFTY,2026-10-27,26050.0,CE,9.4,9.95,5.15,7.05,10.35,4,6775050.75,5135,-65,2026-09-16
NIFTY,2026-10-27,26850.0,CE,0.0,0.0,0.0,6.1,1.98,0,0.0,845,0,2026-09-16
NIFTY,2026-10-27,27000.0,CE,4.75,5.1,3.55,3.7,3.7,1486,2608339025.5,477100,21450,2026-09-16
NIFTY,2026-10-27,27100.0,CE,5.0,5.0,4.5,4.7,1.13,78,137421427.0,6240,455,2026-09-16
NIFTY,2026-11-23,22200.0,CE,0.0,0.0,0.0,1369.7,1455.97,0,0.0,195,0,2026-09-16
NIFTY,2026-11-23,22250.0,CE,0.0,0.0,0.0,1327.75,1417.4,0,0.0,195,0,2026-09-16
NIFTY,2026-11-23,22500.0,CE,1166.1,1190.0,1100.0,1137.55,1137.55,161,247378439.75,17485,5200,2026-09-16
NIFTY,2026-11-23,22800.0,CE,910.0,959.25,896.2,904.0,904.0,53,81683595.5,3575,2145,2026-09-16
NIFTY,2026-11-23,23200.0,CE,658.75,682.1,610.0,635.8,635.8,223,345600037.25,12870,3965,2026-09-16
NIFTY,2026-11-23,24850.0,CE,0.0,0.0,0.0,714.05,190.86,0,0.0,0,0,2026-09-16
NIFTY,2026-11-23,25200.0,CE,0.0,0.0,0.0,569.15,132.0,0,0.0,0,0,2026-09-16
NIFTY,2026-11-23,25250.0,CE,0.0,0.0,0.0,550.35,124.98,0,0.0,0,0,2026-09-16
NIFTY,2026-12-29,28000.0,CE,16.25,17.35,15.3,16.1,16.1,1711,3115865896.0,1728145,14240,2026-09-16
NIFTY,2027-06-29,28500.0,CE,0.0,0.0,0.0,1711.9,240.44,0,0.0,0,0,2026-09-16
NIFTY,2027-12-28,25000.0,CE,1368.0,1394.1,1320.05,1352.7,1352.7,556,952849111.5,112265,-6695,2026-09-16
NIFTY,2027-12-28,26000.0,CE,890.0,919.95,860.0,889.95,889.95,640,1119037370.75,127765,13130,2026-09-16
NIFTY,2027-12-28,30000.0,CE,125.55,149.5,125.55,133.6,133.6,438,858038057.5,221585,8970,2026-09-16
NIFTY,2027-12-28,31500.0,CE,130.95,130.95,90.0,90.0,239.48,3,6163231.75,2145,65,2026-09-16
NIFTY,2028-06-27,16500.0,CE,0.0,0.0,0.0,11752.8,8496.67,0,0.0,0,0,2026-09-16
NIFTY,2029-06-26,19500.0,CE,0.0,0.0,0.0,10206.95,7081.95,0,0.0,0,0,2026-09-16
NIFTY,2029-12-24,19500.0,CE,0.0,0.0,0.0,10678.8,7599.43,0,0.0,0,0,2026-09-16
NIFTY,2030-06-25,25500.0,CE,0.0,0.0,0.0,7070.45,4507.37,0,0.0,0,0,2026-09-16
NIFTY,2030-12-31,24000.0,CE,0.0,0.0,0.0,8563.3,5848.35,0,0.0,0,0,2026-09-16
NIFTY,2031-06-24,16500.0,CE,0.0,0.0,0.0,11849.25,11086.71,0,0.0,0,0,2026-09-16
NIFTY,2026-09-22,22300.0,PE,12.8,14.1,8.05,10.15,10.15,369795,536264125553.0,3765255,2097875,2026-09-16
NIFTY,2026-09-22,22900.0,PE,69.95,78.3,42.8,53.1,53.1,797515,1190044830318.5,3575715,1671475,2026-09-16
NIFTY,2026-09-22,23150.0,PE,140.0,161.95,93.55,115.8,115.8,1489700,2253701694270.0,2530320,1340170,2026-09-16
NIFTY,2026-09-22,23250.0,PE,194.6,210.9,126.25,155.45,155.45,2077133,3160591159693.5,3281525,2373670,2026-09-16
NIFTY,2026-09-22,24700.0,PE,1475.0,1480.0,1418.0,1428.0,1458.57,8,13599183.0,6630,0,2026-09-16
NIFTY,2026-09-22,24750.0,PE,0.0,0.0,0.0,752.65,1508.46,0,0.0,0,0,2026-09-16
NIFTY,2026-09-22,24900.0,PE,0.0,0.0,0.0,1696.5,1658.23,0,0.0,14105,0,2026-09-16
NIFTY,2026-09-22,25800.0,PE,0.0,0.0,0.0,2500.0,2557.3,0,0.0,585,0,2026-09-16
NIFTY,2026-09-29,16500.0,PE,0.55,0.85,0.55,0.55,0.55,44,47192200.25,132210,0,2026-09-16
NIFTY,2026-09-29,21650.0,PE,11.05,14.0,9.9,12.0,12.0,1969,2772388989.5,75790,16055,2026-09-16
NIFTY,2026-09-29,22050.0,PE,16.3,24.45,16.3,20.25,20.25,2086,2992497153.75,166855,8385,2026-09-16
NIFTY,2026-09-29,22100.0,PE,24.0,26.2,17.15,21.2,21.2,8356,12015019159.0,283205,92430,2026-09-16
NIFTY,2026-09-29,22350.0,PE,31.2,40.7,26.45,32.3,32.3,2576,3747720327.0,60710,1430,2026-09-16
NIFTY,2026-09-29,22750.0,PE,84.55,92.3,60.6,72.15,72.15,6738,9996072771.75,202280,11700,2026-09-16
NIFTY,2026-09-29,23200.0,PE,202.05,233.0,160.0,189.55,189.55,110189,167520133166.75,2795390,274495,2026-09-16
NIFTY,2026-09-29,23450.0,PE,320.9,367.9,270.65,311.25,311.25,7272,11230698540.75,232310,-49920,2026-09-16
NIFTY,2026-09-29,24050.0,PE,754.95,845.0,725.25,793.2,793.2,89,143717775.5,90415,130,2026-09-16
NIFTY,2026-09-29,24150.0,PE,853.0,951.35,829.35,889.7,889.7,68,110683300.0,160290,260,2026-09-16
NIFTY,2026-09-29,24900.0,PE,1592.75,1675.7,1579.7,1633.0,1633.0,46,79312694.5,69745,-1365,2026-09-16
NIFTY,2026-09-29,25250.0,PE,1980.0,1980.0,1975.0,1975.0,1975.0,3,5309525.0,1690,-195,2026-09-16
NIFTY,2026-09-29,25900.0,PE,0.0,0.0,0.0,2485.0,2627.88,0,0.0,4680,0,2026-09-16
NIFTY,2026-09-29,26450.0,PE,0.0,0.0,0.0,2346.8,3176.69,0,0.0,0,0,2026-09-16
NIFTY,2026-10-06,22300.0,PE,45.05,55.85,39.1,47.6,47.6,759,1102498952.75,24960,17225,2026-09-16
NIFTY,2026-10-06,23300.0,PE,232.35,310.45,231.85,266.4,266.4,2759,4225907013.25,85735,43550,2026-09-16
NIFTY,2026-10-06,25350.0,PE,0.0,0.0,0.0,1263.25,2053.88,0,0.0,0,0,2026-09-16
NIFTY,2026-10-13,22050.0,PE,0.0,0.0,0.0,31.55,45.16,0,0.0,0,0,2026-09-16
NIFTY,2026-10-13,22950.0,PE,155.55,181.45,155.55,175.55,175.55,32,48097825.75,1820,1560,2026-09-16
NIFTY,2026-10-13,23800.0,PE,565.1,604.5,535.0,592.0,687.99,50,79170695.5,2535,2405,2026-09-16
NIFTY,2026-10-13,23850.0,PE,0.0,0.0,0.0,508.05,722.72,0,0.0,0,0,2026-09-16
NIFTY,2026-10-13,23950.0,PE,0.0,0.0,0.0,563.2,794.65,0,0.0,0,0,2026-09-16
NIFTY,2026-10-13,24450.0,PE,0.0,0.0,0.0,886.75,1197.03,0,0.0,0,0,2026-09-16
NIFTY,2026-10-13,24650.0,PE,0.0,0.0,0.0,1036.55,1373.55,0,0.0,0,0,2026-09-16
NIFTY,2026-10-13,25250.0,PE,0.0,0.0,0.0,1538.35,1935.63,0,0.0,0,0,2026-09-16
NIFTY,2026-10-19,23300.0,PE,0.0,0.0,0.0,475.6,417.59,0,0.0,0,0,2026-09-16
NIFTY,2026-10-19,24400.0,PE,0.0,0.0,0.0,1244.3,1153.49,0,0.0,0,0,2026-09-16
NIFTY,2026-10-19,24650.0,PE,0.0,0.0,0.0,1460.6,1365.45,0,0.0,0,0,2026-09-16
NIFTY,2026-10-19,24800.0,PE,0.0,0.0,0.0,1595.2,1497.97,0,0.0,0,0,2026-09-16
NIFTY,2026-10-19,24850.0,PE,0.0,0.0,0.0,1640.7,1542.9,0,0.0,0,0,2026-09-16
NIFTY,2026-10-27,22150.0,PE,78.95,93.4,73.65,82.6,82.6,202,291904323.75,13585,1040,2026-09-16
NIFTY,2026-10-27,22600.0,PE,140.0,161.5,125.05,142.2,142.2,3136,4635458158.5,213005,14755,2026-09-16
NIFTY,2026-10-27,22750.0,PE,156.15,194.15,153.0,171.25,171.25,111,165371761.75,15665,715,2026-09-16
NIFTY,2026-10-27,23000.0,PE,231.45,268.65,208.75,235.55,235.55,18319,27665544507.25,2149875,6760,2026-09-16
NIFTY,2026-10-27,24600.0,PE,1260.05,1305.45,1183.95,1246.95,1324.3,56,94033160.0,90870,910,2026-09-16
NIFTY,2026-10-27,24900.0,PE,1560.0,1560.0,1510.0,1510.0,1581.12,11,18915650.0,78715,0,2026-09-16
NIFTY,2026-10-27,25100.0,PE,1619.3,1723.65,1619.3,1690.0,1759.77,30,52232781.25,6890,1365,2026-09-16
NIFTY,2026-10-27,25150.0,PE,0.0,0.0,0.0,974.25,1805.21,0,0.0,260,0,2026-09-16
NIFTY,2026-10-27,25400.0,PE,0.0,0.0,0.0,1898.95,2036.31,0,0.0,845,0,2026-09-16
NIFTY,2026-10-27,25500.0,PE,2025.05,2160.0,2025.05,2098.5,2098.5,454,814117573.75,336310,22360,2026-09-16
NIFTY,2026-10-27,26950.0,PE,0.0,0.0,0.0,2675.85,3543.34,0,0.0,0,0,2026-09-16
NIFTY,2026-11-23,21600.0,PE,0.0,0.0,0.0,36.8,81.86,0,0.0,0,0,2026-09-16
NIFTY,2026-11-23,21800.0,PE,95.0,100.6,73.4,83.15,83.15,149,211980340.0,4225,4160,2026-09-16
NIFTY,2026-11-23,21350.0,PE,0.0,0.0,0.0,25.65,56.71,0,0.0,0,0,2026-09-16
NIFTY,2026-11-23,21950.0,PE,0.0,0.0,0.0,88.6,131.16,0,0.0,130,0,2026-09-16
NIFTY,2026-11-23,22050.0,PE,114.7,114.7,106.5,106.5,148.78,2,2880878.0,1300,0,2026-09-16
NIFTY,2026-11-23,22150.0,PE,0.0,0.0,0.0,137.0,168.15,0,0.0,2275,0,2026-09-16
NIFTY,2026-11-23,22800.0,PE,235.75,268.0,224.15,241.05,241.05,480,718794982.75,42900,22100,2026-09-16
NIFTY,2026-11-23,23100.0,PE,319.4,360.95,299.15,327.65,327.65,194,295442884.75,8255,3380,2026-09-16
NIFTY,2026-11-23,23500.0,PE,475.0,531.6,445.0,482.8,482.8,1483,2311777806.0,310310,3250,2026-09-16
NIFTY,2026-11-23,23700.0,PE,554.85,630.0,543.0,579.5,579.5,70,110460005.5,25675,-1495,2026-09-16
NIFTY,2026-11-23,23900.0,PE,675.0,734.0,652.0,686.0,862.31,90,143819614.25,14040,-520,2026-09-16
NIFTY,2026-11-23,24700.0,PE,1282.0,1306.35,1280.0,1280.0,1415.16,5,8447185.5,2405,-65,2026-09-16
NIFTY,2026-11-23,24800.0,PE,1340.0,1368.3,1320.0,1366.6,1366.6,30,50967676.5,4745,-975,2026-09-16
NIFTY,2026-11-23,25550.0,PE,0.0,0.0,0.0,1282.8,2122.42,0,0.0,0,0,2026-09-16
NIFTY,2027-06-29,21000.0,PE,167.5,185.0,140.0,181.7,181.7,55,75691632.25,17970,195,2026-09-16
NIFTY,2026-09-22,24000.0,CE,5.5,7.15,4.4,4.95,4.95,694739,1084041475331.75,8657415,1787565,2026-09-16
NIFTY,2026-09-22,22350.0,CE,944.0,944.15,944.0,944.15,894.29,2,3028229.75,390,0,2026-09-16
NIFTY,2026-09-22,22150.0,CE,0.0,0.0,0.0,1065.1,1090.58,0,0.0,325,0,2026-09-16
NIFTY,2026-09-22,21950.0,CE,0.0,0.0,0.0,2341.9,1289.3,0,0.0,0,0,2026-09-16
NIFTY,2026-09-22,21850.0,CE,0.0,0.0,0.0,2439.15,1389.01,0,0.0,0,0,2026-09-16
NIFTY,2026-10-19,23250.0,CE,0.0,0.0,0.0,445.3,493.68,0,0.0,0,0,2026-09-16
NIFTY,2026-10-19,22800.0,CE,0.0,0.0,0.0,699.65,764.72,0,0.0,0,0,2026-09-16
NIFTY,2026-10-19,22650.0,CE,0.0,0.0,0.0,799.7,870.13,0,0.0,0,0,2026-09-16
NIFTY,2026-10-19,22050.0,CE,0.0,0.0,0.0,1266.05,1354.1,0,0.0,0,0,2026-09-16
NIFTY,2026-10-19,21850.0,CE,0.0,0.0,0.0,1440.3,1532.56,0,0.0,0,0,2026-09-16
NIFTY,2026-10-13,24600.0,CE,0.0,0.0,0.0,170.2,53.85,0,0.0,0,0,2026-09-16
NIFTY,2026-10-13,24500.0,CE,27.8,29.2,16.0,21.75,21.75,930,1482524225.0,33020,4745,2026-09-16
NIFTY,2026-10-13,24100.0,CE,0.0,0.0,0.0,321.35,131.44,0,0.0,0,0,2026-09-16
NIFTY,2026-10-13,23350.0,CE,325.15,336.7,285.0,295.35,295.35,188,289133786.5,9230,0,2026-09-16
NIFTY,2026-10-13,23150.0,CE,402.8,450.05,385.9,447.75,489.16,29,44409469.0,1105,-780,2026-09-16
NIFTY,2026-10-13,22600.0,CE,0.0,0.0,0.0,1252.1,851.97,0,0.0,0,0,2026-09-16
NIFTY,2027-06-29,25500.0,PE,0.0,0.0,0.0,667.15,1922.34,0,0.0,0,0,2026-09-16
NIFTY,2027-12-28,17000.0,PE,0.0,0.0,0.0,69.1,17.73,0,0.0,17775,0,2026-09-16
NIFTY,2027-12-28,21000.0,PE,305.55,320.0,290.0,290.1,313.49,44,60915539.75,49995,195,2026-09-16
NIFTY,2028-06-27,24000.0,PE,0.0,0.0,0.0,680.05,1130.73,0,0.0,65,0,2026-09-16
NIFTY,2028-12-26,15000.0,PE,0.0,0.0,0.0,22.25,10.66,0,0.0,0,0,2026-09-16
NIFTY,2028-12-26,25500.0,PE,0.0,0.0,0.0,648.2,1641.49,0,0.0,0,0,2026-09-16
NIFTY,2029-06-26,28500.0,PE,0.0,0.0,0.0,1349.1,2845.81,0,0.0,0,0,2026-09-16
NIFTY,2029-06-26,33000.0,PE,0.0,0.0,0.0,3022.85,5484.86,0,0.0,0,0,2026-09-16
NIFTY,2029-12-24,22500.0,PE,0.0,0.0,0.0,225.7,674.89,0,0.0,0,0,2026-09-16
NIFTY,2029-12-24,27000.0,PE,0.0,0.0,0.0,1177.9,1999.66,0,0.0,0,0,2026-09-16
NIFTY,2029-12-24,28500.0,PE,0.0,0.0,0.0,1255.9,2630.79,0,0.0,0,0,2026-09-16
NIFTY,2026-10-13,22350.0,CE,0.0,0.0,0.0,1467.3,1050.24,0,0.0,0,0,2026-09-16
NIFTY,2026-10-13,21700.0,CE,0.0,0.0,0.0,2070.15,1631.83,0,0.0,0,0,2026-09-16
NIFTY,2026-10-13,21600.0,CE,0.0,0.0,0.0,2166.5,1726.89,0,0.0,0,0,2026-09-16
NIFTY,2026-10-06,25300.0,CE,5.75,5.75,4.2,4.6,4.6,27,44409774.5,3510,-715,2026-09-16
NIFTY,2026-09-22,24050.0,PE,753.0,829.95,735.0,802.85,802.85,57,92058180.5,25090,520,2026-09-16
NIFTY,2026-10-06,25200.0,CE,5.6,5.6,4.55,5.0,5.61,26,42596092.5,1820,-1365,2026-09-16
NIFTY,2026-10-06,24950.0,CE,6.55,6.95,6.0,6.0,11.39,26,42176618.25,1495,-520,2026-09-16
NIFTY,2026-10-06,24850.0,CE,9.0,9.55,6.85,6.85,14.9,28,45241222.0,1170,-260,2026-09-16
NIFTY,2026-10-06,24650.0,CE,0.0,0.0,0.0,13.25,24.89,0,0.0,1105,0,2026-09-16
NIFTY,2026-09-29,26200.0,CE,2.15,2.35,1.25,1.5,1.5,764,1301168726.0,169975,-7345,2026-09-16
NIFTY,2026-09-29,26800.0,CE,0.0,0.0,0.0,1.2,0.0,0,0.0,2275,0,2026-09-16
NIFTY,2026-09-29,27100.0,CE,1.9,1.9,0.9,0.9,0.9,33,58131729.5,13715,0,2026-09-16
NIFTY,2026-10-06,22200.0,CE,0.0,0.0,0.0,2003.7,1128.76,0,0.0,0,0,2026-09-16
NIFTY,2026-10-06,22750.0,CE,0.0,0.0,0.0,1497.8,677.57,0,0.0,0,0,2026-09-16
NIFTY,2026-10-06,23100.0,CE,424.6,437.85,355.35,385.8,385.8,381,581801610.0,4875,-1625,2026-09-16
NIFTY,2026-10-06,23350.0,CE,235.0,278.3,221.2,237.65,237.65,476,730167178.0,14300,2600,2026-09-16
NIFTY,2026-10-06,24100.0,CE,40.0,44.05,29.8,30.9,30.9,2294,3598774068.5,114205,47320,2026-09-16
NIFTY,2026-10-06,24200.0,CE,29.9,33.9,22.7,23.7,23.7,3473,5469522773.0,82615,20995,2026-09-16
NIFTY,2026-10-06,24500.0,CE,14.0,16.5,11.1,11.45,11.45,4679,7455625892.0,206700,60060,2026-09-16
NIFTY,2026-10-27,25850.0,CE,0.0,0.0,0.0,13.0,15.11,0,0.0,650,0,2026-09-16
NIFTY,2026-10-27,26300.0,CE,0.0,0.0,0.0,9.25,6.32,0,0.0,650,0,2026-09-16
NIFTY,2026-11-23,22000.0,CE,1577.0,1606.8,1520.0,1566.3,1566.3,96,147143987.25,5785,2860,2026-09-16
NIFTY,2026-11-23,22400.0,CE,0.0,0.0,0.0,1204.8,1305.51,0,0.0,195,0,2026-09-16
NIFTY,2026-11-23,23350.0,CE,551.25,578.3,527.35,553.5,553.5,24,37300763.5,4030,585,2026-09-16
NIFTY,2026-11-23,24150.0,CE,200.7,216.0,200.2,203.45,203.45,71,112408510.5,10790,2535,2026-09-16
NIFTY,2026-11-23,24500.0,CE,130.0,133.0,117.5,121.65,121.65,3668,5870988487.0,389935,20345,2026-09-16
NIFTY,2026-12-29,22000.0,CE,1769.85,1792.85,1698.1,1759.25,1759.25,561,866377411.25,324675,3705,2026-09-16
NIFTY,2026-12-29,27000.0,CE,31.0,33.65,29.05,29.45,29.45,9241,16236337302.25,2319795,-10530,2026-09-16
NIFTY,2026-12-29,28500.0,CE,14.4,15.05,12.4,14.2,14.2,218,404050169.25,99645,-390,2026-09-16
NIFTY,2026-12-29,29000.0,CE,10.85,11.55,10.0,10.2,10.2,718,1353933538.75,485000,9230,2026-09-16
NIFTY,2026-12-29,31000.0,CE,7.0,7.0,6.6,7.0,7.0,100,201545269.25,136130,-4550,2026-09-16
NIFTY,2027-03-30,27000.0,CE,103.05,103.45,94.0,96.2,96.2,2463,4338249441.5,972205,-3510,2026-09-16
NIFTY,2027-03-30,31500.0,CE,0.0,0.0,0.0,10.0,10.25,0,0.0,455,0,2026-09-16
NIFTY,2027-12-28,16500.0,CE,0.0,0.0,0.0,11316.4,8012.73,0,0.0,0,0,2026-09-16
NIFTY,2029-12-24,18000.0,CE,0.0,0.0,0.0,11362.4,8703.74,0,0.0,0,0,2026-09-16
NIFTY,2030-06-25,21000.0,CE,0.0,0.0,0.0,10421.65,7091.01,0,0.0,0,0,2026-09-16
NIFTY,2030-12-31,31500.0,CE,0.0,0.0,0.0,4554.55,2707.4,0,0.0,0,0,2026-09-16
NIFTY,2026-09-29,25600.0,CE,3.05,3.05,2.05,2.15,2.15,3069,5107280106.5,151710,9945,2026-09-16
NIFTY,2031-06-24,15000.0,CE,0.0,0.0,0.0,12902.2,12156.71,0,0.0,0,0,2026-09-16
NIFTY,2031-06-24,21000.0,CE,0.0,0.0,0.0,8900.75,8086.58,0,0.0,0,0,2026-09-16
NIFTY,2031-06-24,33000.0,CE,0.0,0.0,0.0,3451.55,2721.99,0,0.0,0,0,2026-09-16
NIFTY,2026-09-22,21950.0,PE,6.3,7.05,4.2,5.35,5.35,100310,143152097933.0,362245,255775,2026-09-16
NIFTY,2026-09-22,22000.0,PE,6.35,7.6,4.6,5.8,5.8,471824,674882952656.25,6443645,1818830,2026-09-16
NIFTY,2026-09-22,23050.0,PE,100.0,122.6,68.65,85.05,85.05,864277,1300026136711.25,2047955,1259050,2026-09-16
NIFTY,2026-09-22,24000.0,PE,763.15,832.25,685.0,757.7,757.7,9680,15567745401.0,1156415,-90350,2026-09-16
NIFTY,2026-09-29,22400.0,PE,36.05,45.0,28.95,35.3,35.3,23302,33981487429.5,619255,197340,2026-09-16
NIFTY,2026-09-29,23050.0,PE,160.45,173.0,115.0,138.3,138.3,11061,16672194669.0,232440,76895,2026-09-16
NIFTY,2026-09-29,24850.0,PE,1657.2,1657.2,1557.1,1557.1,1583.65,3,5157574.5,13715,-130,2026-09-16
NIFTY,2026-09-29,25050.0,PE,1774.0,1774.0,1774.0,1774.0,1781.27,4,6974240.0,3835,-65,2026-09-16
NIFTY,2026-09-29,25300.0,PE,2039.2,2043.6,1993.6,2019.0,2029.68,7,12432881.5,29510,-325,2026-09-16
NIFTY,2026-09-29,25550.0,PE,0.0,0.0,0.0,1770.0,2278.77,0,0.0,390,0,2026-09-16
NIFTY,2026-09-29,26000.0,PE,2708.1,2791.1,2648.0,2726.75,2726.75,913,1704053536.25,1965700,-26520,2026-09-16
NIFTY,2026-09-29,26050.0,PE,0.0,0.0,0.0,1710.0,2777.55,0,0.0,260,0,2026-09-16
NIFTY,2026-09-29,34500.0,PE,0.0,0.0,0.0,7064.95,11209.73,0,0.0,0,0,2026-09-16
NIFTY,2026-10-06,21900.0,PE,0.0,0.0,0.0,9.7,17.09,0,0.0,0,0,2026-09-16
NIFTY,2026-10-06,22000.0,PE,35.5,36.1,25.35,30.9,30.9,2540,3637257841.75,86515,24050,2026-09-16
NIFTY,2026-10-06,23450.0,PE,325.05,385.05,304.35,343.25,343.25,72,111331759.5,5070,975,2026-09-16
NIFTY,2031-06-24,27000.0,PE,0.0,0.0,0.0,1653.15,1625.85,0,0.0,0,0,2026-09-16
NIFTY,2026-10-06,24000.0,PE,738.0,800.0,695.95,748.25,809.6,100,160857417.5,20150,-1105,2026-09-16
NIFTY,2026-10-06,25800.0,PE,0.0,0.0,0.0,1653.0,2499.67,0,0.0,0,0,2026-09-16
NIFTY,2026-10-13,21750.0,PE,0.0,0.0,0.0,16.1,22.06,0,0.0,0,0,2026-09-16
NIFTY,2026-10-13,23350.0,PE,303.05,335.65,287.55,320.8,320.8,111,170706500.25,3445,0,2026-09-16
NIFTY,2026-10-13,23650.0,PE,451.35,477.85,451.35,477.85,589.02,24,37611938.0,1820,910,2026-09-16
NIFTY,2026-10-13,25000.0,PE,0.0,0.0,0.0,1320.95,1696.9,0,0.0,0,0,2026-09-16
NIFTY,2026-10-19,21850.0,PE,0.0,0.0,0.0,52.35,40.46,0,0.0,0,0,2026-09-16
NIFTY,2026-10-19,21950.0,PE,0.0,0.0,0.0,63.7,49.82,0,0.0,0,0,2026-09-16
NIFTY,2026-10-19,23400.0,PE,0.0,0.0,0.0,529.95,468.14,0,0.0,0,0,2026-09-16
NIFTY,2026-10-19,24200.0,PE,0.0,0.0,0.0,1080.05,993.56,0,0.0,0,0,2026-09-16
NIFTY,2026-09-29,25200.0,CE,3.5,4.15,2.8,3.0,3.0,12288,20130249308.0,628550,107445,2026-09-16
NIFTY,2026-09-29,23700.0,CE,63.7,77.0,52.95,56.05,56.05,62131,95969406906.75,2369835,225875,2026-09-16
NIFTY,2026-09-29,23000.0,CE,374.55,455.0,357.3,393.65,393.65,30392,46240730318.25,1183780,162500,2026-09-16
NIFTY,2026-09-29,22800.0,CE,548.75,605.2,501.95,549.55,549.55,1205,1829754098.25,272740,20930,2026-09-16
NIFTY,2026-09-29,22200.0,CE,0.0,0.0,0.0,1050.0,1081.66,0,0.0,1105,0,2026-09-16
NIFTY,2026-09-22,24600.0,CE,1.9,2.0,1.2,1.6,1.6,182076,291157982602.5,2042365,1279785,2026-09-16
NIFTY,2026-09-22,24250.0,CE,3.0,3.4,2.35,2.7,2.7,107644,169693372985.5,953160,-54470,2026-09-16
NIFTY,2026-10-19,24550.0,PE,0.0,0.0,0.0,1372.75,1279.22,0,0.0,0,0,2026-09-16
NIFTY,2026-10-19,24600.0,PE,0.0,0.0,0.0,1416.5,1322.11,0,0.0,0,0,2026-09-16
NIFTY,2026-10-27,21600.0,PE,46.95,51.3,38.0,48.35,48.35,387,544508844.75,16250,16250,2026-09-16
NIFTY,2026-10-27,21900.0,PE,57.0,69.45,55.3,63.35,63.35,1130,1613121302.0,47515,23985,2026-09-16
NIFTY,2026-10-27,24850.0,CE,33.0,33.0,25.35,25.7,25.7,205,331518229.25,22425,2730,2026-09-16
NIFTY,2026-10-27,25750.0,CE,9.0,11.0,9.0,11.0,18.16,43,72000597.5,28860,-2145,2026-09-16
NIFTY,2026-10-27,24750.0,CE,34.3,36.35,29.5,30.9,30.9,158,254526496.25,19435,2730,2026-09-16
NIFTY,2026-10-27,24050.0,CE,123.1,134.55,116.35,117.45,117.45,252,395974224.75,25610,5980,2026-09-16
NIFTY,2026-10-27,23600.0,CE,262.3,298.0,249.5,266.15,266.15,3375,5237443747.25,311935,-8840,2026-09-16
NIFTY,2026-10-27,23450.0,CE,363.3,365.75,319.0,336.2,336.2,181,279914316.5,27300,1755,2026-09-16
NIFTY,2026-10-27,23200.0,CE,474.0,521.9,446.0,478.8,478.8,4006,6167086766.75,150540,77740,2026-09-16
NIFTY,2026-10-27,22800.0,CE,740.0,789.0,708.9,751.45,751.45,192,293788270.75,12220,2535,2026-09-16
NIFTY,2026-10-27,21550.0,CE,0.0,0.0,0.0,2819.8,1852.54,0,0.0,0,0,2026-09-16
NIFTY,2026-10-19,24300.0,CE,0.0,0.0,0.0,112.45,128.4,0,0.0,0,0,2026-09-16
NIFTY,2026-10-19,23550.0,CE,0.0,0.0,0.0,315.1,352.5,0,0.0,0,0,2026-09-16
NIFTY,2026-10-27,21950.0,PE,66.0,72.0,60.1,66.4,66.4,129,184598719.5,6500,2535,2026-09-16
NIFTY,2026-10-27,22000.0,PE,75.0,79.95,60.15,69.9,69.9,11903,17074333965.0,702260,83070,2026-09-16
NIFTY,2026-10-27,22900.0,PE,196.75,235.15,184.6,207.75,207.75,2725,4092756590.0,150085,30160,2026-09-16
NIFTY,2026-10-27,22950.0,PE,209.95,249.4,201.85,220.6,220.6,93,140054697.25,16055,1560,2026-09-16
NIFTY,2026-10-27,23150.0,PE,267.45,322.3,255.8,283.4,283.4,407,620122155.25,29705,14105,2026-09-16
NIFTY,2026-10-27,23750.0,PE,555.2,626.5,547.4,563.0,700.6,20,31608161.0,9165,-195,2026-09-16
NIFTY,2026-10-27,23800.0,PE,585.15,668.2,554.45,605.95,605.95,1370,2172621321.0,481780,9490,2026-09-16
NIFTY,2026-10-27,25700.0,PE,0.0,0.0,0.0,1260.0,2320.48,0,0.0,325,0,2026-09-16
NIFTY,2026-10-27,26250.0,PE,0.0,0.0,0.0,2081.05,2853.7,0,0.0,0,0,2026-09-16
NIFTY,2026-10-27,26400.0,PE,0.0,0.0,0.0,2204.4,3000.8,0,0.0,0,0,2026-09-16
NIFTY,2026-10-19,24350.0,PE,0.0,0.0,0.0,1202.45,1112.64,0,0.0,0,0,2026-09-16
NIFTY,2026-10-19,22250.0,CE,0.0,0.0,0.0,1100.2,1183.18,0,0.0,0,0,2026-09-16
NIFTY,2026-10-19,22900.0,CE,0.0,0.0,0.0,637.05,698.49,0,0.0,0,0,2026-09-16
NIFTY,2031-06-24,21000.0,PE,0.0,0.0,0.0,450.5,400.85,0,0.0,0,0,2026-09-16
NIFTY,2030-06-25,31500.0,PE,0.0,0.0,0.0,2056.3,3813.51,0,0.0,0,0,2026-09-16
NIFTY,2026-09-29,22850.0,CE,510.95,560.55,464.25,509.9,509.9,234,355496235.25,9360,4355,2026-09-16
NIFTY,2026-09-29,21950.0,CE,0.0,0.0,0.0,1800.0,1320.58,0,0.0,130,0,2026-09-16
NIFTY,2026-09-29,21600.0,CE,1663.0,1711.7,1612.0,1673.2,1664.55,113,170871291.5,46735,-5200,2026-09-16
NIFTY,2026-09-29,21550.0,CE,0.0,0.0,0.0,2719.75,1714.13,0,0.0,0,0,2026-09-16
NIFTY,2026-09-29,21450.0,CE,0.0,0.0,0.0,2809.7,1813.47,0,0.0,0,0,2026-09-16
NIFTY,2028-12-26,20000.0,PE,270.05,270.05,270.05,270.05,257.96,1,1317553.25,4330,65,2026-09-16
NIFTY,2028-06-27,16500.0,PE,0.0,0.0,0.0,3.8,22.72,0,0.0,0,0,2026-09-16
NIFTY,2027-12-28,23000.0,PE,668.0,670.0,623.7,644.5,644.5,243,373499272.25,97735,6240,2026-09-16
NIFTY,2027-06-29,30000.0,PE,0.0,0.0,0.0,4000.0,5447.12,0,0.0,455,0,2026-09-16
NIFTY,2027-06-29,28500.0,PE,0.0,0.0,0.0,1807.05,4145.87,0,0.0,0,0,2026-09-16
NIFTY,2027-03-30,15000.0,PE,0.0,0.0,0.0,20.0,0.01,0,0.0,2470,0,2026-09-16
NIFTY,2026-12-29,29000.0,PE,5193.9,5276.55,5157.0,5190.0,5270.67,23,51113205.0,218285,-130,2026-09-16
NIFTY,2026-12-29,27000.0,PE,3270.0,3333.0,3200.0,3276.4,3276.4,814,1601201946.5,1053840,34155,2026-09-16
NIFTY,2026-12-29,22500.0,PE,238.9,261.9,217.25,237.25,237.25,7760,11467554848.75,1190085,145990,2026-09-16
NIFTY,2027-06-29,15000.0,CE,0.0,0.0,0.0,5367.85,8942.5,0,0.0,0,0,2026-09-16
NIFTY,2027-03-30,30000.0,CE,21.0,22.95,21.0,22.05,22.05,103,200996575.0,149370,975,2026-09-16
NIFTY,2027-03-30,21000.0,CE,2941.65,3020.0,2941.65,3010.0,3070.49,47,73336227.25,9295,2665,2026-09-16
NIFTY,2027-03-30,15000.0,CE,0.0,0.0,0.0,8379.85,8715.62,0,0.0,0,0,2026-09-16
NIFTY,2026-12-29,25500.0,CE,85.0,91.25,82.45,83.9,83.9,6649,11058001106.75,979680,-5915,2026-09-16
NIFTY,2026-12-29,19500.0,CE,0.0,0.0,0.0,7586.85,4072.83,0,0.0,0,0,2026-09-16
NIFTY,2026-11-23,25900.0,CE,0.0,0.0,0.0,345.7,58.68,0,0.0,0,0,2026-09-16
NIFTY,2026-11-23,25300.0,CE,0.0,0.0,0.0,532.0,118.27,0,0.0,0,0,2026-09-16
NIFTY,2027-06-29,16500.0,CE,0.0,0.0,0.0,10867.2,7517.0,0,0.0,0,0,2026-09-16
NIFTY,2027-06-29,19500.0,CE,0.0,0.0,0.0,8143.4,4729.19,0,0.0,0,0,2026-09-16
NIFTY,2027-12-28,21000.0,CE,0.0,0.0,0.0,4902.4,4165.69,0,0.0,0,0,2026-09-16
NIFTY,2028-06-27,27000.0,CE,0.0,0.0,0.0,1935.0,1578.32,0,0.0,65,0,2026-09-16
NIFTY,2029-06-26,25500.0,CE,0.0,0.0,0.0,5917.35,3373.74,0,0.0,0,0,2026-09-16
NIFTY,2029-12-24,21000.0,CE,0.0,0.0,0.0,9463.95,6559.58,0,0.0,0,0,2026-09-16
NIFTY,2030-12-31,19500.0,CE,0.0,0.0,0.0,11601.15,8598.61,0,0.0,0,0,2026-09-16
NIFTY,2030-12-31,25500.0,CE,0.0,0.0,0.0,7639.65,5071.32,0,0.0,0,0,2026-09-16
NIFTY,2031-06-24,18000.0,CE,0.0,0.0,0.0,10825.95,10045.19,0,0.0,0,0,2026-09-16
NIFTY,2031-06-24,30000.0,CE,0.0,0.0,0.0,4459.9,3671.24,0,0.0,0,0,2026-09-16
NIFTY,2026-09-22,21500.0,PE,2.5,3.65,1.95,3.2,3.2,200829,280696610853.75,2335385,2335385,2026-09-16
NIFTY,2026-09-22,21600.0,PE,2.25,4.1,2.25,3.5,3.5,50374,70735898567.75,425360,425360,2026-09-16
NIFTY,2026-09-22,21650.0,PE,2.75,4.45,2.65,3.6,3.6,125020,175962453862.0,1566760,277160,2026-09-16
NIFTY,2026-09-22,22400.0,PE,14.95,18.4,6.2,12.9,12.9,372067,542048458669.25,3450460,1616485,2026-09-16
NIFTY,2026-09-22,22650.0,PE,37.3,37.3,19.7,24.85,24.85,335665,494757415519.25,1196910,716495,2026-09-16
NIFTY,2026-09-22,23400.0,PE,279.6,304.0,195.1,237.45,237.45,482052,740693087907.5,2990065,9750,2026-09-16
NIFTY,2026-09-22,23500.0,PE,310.85,376.9,254.1,305.4,305.4,199386,308525853691.25,2316730,-95745,2026-09-16
NIFTY,2026-11-23,24800.0,CE,82.25,86.9,76.05,77.65,77.65,2430,3929863652.0,121355,39455,2026-09-16
NIFTY,2026-11-23,24300.0,CE,167.25,176.05,157.15,162.5,162.5,547,869870196.0,57850,-65,2026-09-16
NIFTY,2026-11-23,22300.0,CE,0.0,0.0,0.0,1286.5,1379.31,0,0.0,195,0,2026-09-16
NIFTY,2026-11-23,21950.0,CE,0.0,0.0,0.0,2769.65,1655.69,0,0.0,0,0,2026-09-16
NIFTY,2026-10-27,26450.0,CE,0.0,0.0,0.0,8.15,4.65,0,0.0,520,0,2026-09-16
NIFTY,2026-10-27,24600.0,CE,44.45,47.9,37.8,39.5,39.5,4880,7816884084.75,370760,20085,2026-09-16
NIFTY,2026-10-27,24100.0,CE,117.8,123.8,105.0,108.15,108.15,4074,6412215927.0,419380,17875,2026-09-16
NIFTY,2026-10-27,23650.0,CE,253.0,268.0,231.15,244.4,244.4,335,520489950.5,30420,2730,2026-09-16
NIFTY,2026-10-27,23250.0,CE,441.55,488.0,421.0,446.3,446.3,671,1033920927.0,18720,9685,2026-09-16
NIFTY,2026-10-27,22650.0,CE,856.0,891.65,840.3,872.65,933.96,17,25984728.25,520,520,2026-09-16
NIFTY,2026-09-29,21000.0,CE,2300.0,2345.0,2205.0,2264.95,2264.95,774,1171067199.25,513305,-2730,2026-09-16
NIFTY,2026-09-22,25750.0,CE,1.0,1.05,0.6,0.75,0.75,593,992563958.75,13975,6045,2026-09-16
NIFTY,2026-09-22,25000.0,CE,1.1,1.3,0.8,0.95,0.95,441036,716711454186.0,6285175,-1517945,2026-09-16
NIFTY,2026-09-22,24800.0,CE,1.3,1.6,0.95,1.15,1.15,139511,224902259322.0,2641730,-515255,2026-09-16
NIFTY,2026-09-22,24100.0,CE,4.5,5.0,3.35,3.8,3.8,483571,757642721127.5,4351490,1061125,2026-09-16
NIFTY,2026-09-22,23800.0,CE,13.0,16.9,8.95,10.25,10.25,787772,1219327579899.0,6291285,2125500,2026-09-16
NIFTY,2026-09-22,23650.0,CE,27.6,36.7,20.05,22.5,22.5,556521,856521126412.25,1883310,670085,2026-09-16
NIFTY,2026-09-22,23250.0,CE,150.0,199.0,128.2,149.25,149.25,2005467,3052113614270.5,2700815,960375,2026-09-16
NIFTY,2026-09-22,22950.0,CE,319.7,420.4,308.0,355.8,355.8,18315,27755634078.25,50115,27300,2026-09-16
NIFTY,2026-09-22,22200.0,CE,1099.35,1110.0,983.5,1050.4,1050.4,33,49919184.25,2665,455,2026-09-16
NIFTY,2026-09-29,23100.0,CE,318.0,381.0,292.4,324.7,324.7,11616,17694380401.75,252070,89505,2026-09-16
NIFTY,2026-09-29,24300.0,CE,12.55,12.9,7.5,8.0,8.0,53193,84050605730.0,4743505,533260,2026-09-16
NIFTY,2026-09-29,25950.0,CE,2.6,2.65,1.5,1.6,1.6,57,96151500.25,10270,-520,2026-09-16
NIFTY,2026-10-06,22100.0,CE,0.0,0.0,0.0,2099.1,1219.31,0,0.0,0,0,2026-09-16
NIFTY,2026-10-06,22300.0,CE,0.0,0.0,0.0,1909.15,1040.35,0,0.0,0,0,2026-09-16
NIFTY,2026-10-06,22350.0,CE,0.0,0.0,0.0,1862.2,997.05,0,0.0,0,0,2026-09-16
NIFTY,2026-10-06,22400.0,CE,0.0,0.0,0.0,1815.55,954.41,0,0.0,0,0,2026-09-16
NIFTY,2026-10-06,22500.0,CE,863.1,863.1,863.1,863.1,871.25,1,1518601.5,65,65,2026-09-16
NIFTY,2026-09-22,21350.0,CE,0.0,0.0,0.0,2930.45,1888.37,0,0.0,0,0,2026-09-16
NIFTY,2026-12-29,17000.0,PE,19.0,19.85,17.5,18.65,18.65,511,565263302.5,206840,6955,2026-09-16
NIFTY,2026-11-23,25750.0,PE,0.0,0.0,0.0,1419.55,2301.38,0,0.0,0,0,2026-09-16
NIFTY,2026-11-23,24950.0,PE,0.0,0.0,0.0,915.05,1612.56,0,0.0,0,0,2026-09-16
NIFTY,2026-11-23,24850.0,PE,0.0,0.0,0.0,860.35,1532.39,0,0.0,0,0,2026-09-16
NIFTY,2026-11-23,24350.0,PE,0.0,0.0,0.0,836.15,1157.05,0,0.0,4225,0,2026-09-16
NIFTY,2026-11-23,22100.0,PE,125.05,132.5,115.75,123.4,123.4,164,236883962.25,14365,5980,2026-09-16
NIFTY,2026-10-27,21950.0,CE,0.0,0.0,0.0,2463.7,1492.19,0,0.0,0,0,2026-09-16
NIFTY,2026-10-27,21800.0,CE,0.0,0.0,0.0,2595.5,1624.63,0,0.0,0,0,2026-09-16
NIFTY,2026-10-19,23950.0,CE,0.0,0.0,0.0,187.3,211.99,0,0.0,0,0,2026-09-16
NIFTY,2026-11-23,21500.0,PE,72.0,76.35,62.7,71.9,71.9,536,751516077.0,13065,13065,2026-09-16
NIFTY,2026-10-27,27100.0,PE,0.0,0.0,0.0,2808.9,3691.82,0,0.0,0,0,2026-09-16
NIFTY,2026-10-27,27050.0,PE,0.0,0.0,0.0,2764.35,3642.31,0,0.0,0,0,2026-09-16
NIFTY,2026-10-27,26800.0,PE,0.0,0.0,0.0,2544.55,3395.02,0,0.0,0,0,2026-09-16
NIFTY,2026-10-27,26650.0,PE,0.0,0.0,0.0,2415.2,3246.93,0,0.0,0,0,2026-09-16
NIFTY,2026-10-27,26450.0,PE,0.0,0.0,0.0,2246.05,3049.95,0,0.0,0,0,2026-09-16
NIFTY,2026-10-27,25850.0,PE,0.0,0.0,0.0,1093.8,2464.65,0,0.0,65,0,2026-09-16
NIFTY,2026-10-27,25550.0,PE,0.0,0.0,0.0,1144.0,2177.61,0,0.0,130,0,2026-09-16
NIFTY,2026-10-27,24500.0,PE,1150.05,1221.0,1091.1,1160.45,1160.45,568,947256453.0,735410,-6955,2026-09-16
NIFTY,2026-10-27,24400.0,PE,1015.0,1135.0,1007.25,1064.25,1064.25,55,91052136.5,116155,-260,2026-09-16
NIFTY,2026-10-06,22900.0,CE,522.0,554.3,500.8,527.8,527.8,51,77660865.75,2145,2145,2026-09-16
NIFTY,2026-10-06,23600.0,CE,136.85,160.35,124.05,132.05,132.05,2073,3198955886.75,68120,24245,2026-09-16
NIFTY,2026-10-06,23750.0,CE,95.4,110.5,85.45,88.5,88.5,455,705319156.75,14560,3900,2026-09-16
NIFTY,2026-10-06,24900.0,CE,8.0,9.25,6.6,7.1,7.1,234,378845005.5,9230,455,2026-09-16
NIFTY,2026-10-06,25050.0,CE,6.35,7.0,5.55,5.55,8.63,43,70031217.75,1170,-1105,2026-09-16
NIFTY,2026-10-06,25250.0,CE,4.85,4.85,4.75,4.75,4.83,5,8207810.0,2405,-325,2026-09-16
NIFTY,2026-10-13,21450.0,CE,0.0,0.0,0.0,2312.1,1871.16,0,0.0,0,0,2026-09-16
NIFTY,2026-10-27,24350.0,PE,988.25,1081.95,988.25,1038.45,1038.45,6,9897293.25,12025,-130,2026-09-16
NIFTY,2026-10-27,23850.0,PE,645.55,654.75,630.0,639.4,639.4,14,22284934.75,8255,65,2026-09-16
NIFTY,2026-10-27,23550.0,PE,441.55,481.0,425.6,458.25,458.25,72,112308384.5,14625,585,2026-09-16
NIFTY,2026-10-27,22700.0,PE,160.0,184.0,142.0,160.35,160.35,3241,4815651109.75,300495,-9945,2026-09-16
NIFTY,2026-10-27,22550.0,PE,122.55,152.1,118.4,133.9,133.9,202,297790281.75,26130,1105,2026-09-16
NIFTY,2026-10-27,21850.0,PE,58.8,59.6,58.35,59.6,59.6,31,44147064.0,3380,130,2026-09-16
NIFTY,2026-10-13,21750.0,CE,0.0,0.0,0.0,2022.25,1584.7,0,0.0,0,0,2026-09-16
NIFTY,2026-10-13,21950.0,CE,0.0,0.0,0.0,1832.65,1399.42,0,0.0,0,0,2026-09-16
NIFTY,2026-10-13,22050.0,CE,0.0,0.0,0.0,1739.4,1309.11,0,0.0,0,0,2026-09-16
NIFTY,2026-10-19,24150.0,PE,0.0,0.0,0.0,1040.4,955.11,0,0.0,0,0,2026-09-16
NIFTY,2026-10-19,23700.0,PE,0.0,0.0,0.0,713.3,641.05,0,0.0,0,0,2026-09-16
NIFTY,2026-10-19,22450.0,PE,0.0,0.0,0.0,153.1,125.88,0,0.0,0,0,2026-09-16
NIFTY,2026-10-19,22200.0,PE,0.0,0.0,0.0,100.95,81.02,0,0.0,0,0,2026-09-16
NIFTY,2026-10-13,25200.0,PE,0.0,0.0,0.0,1494.1,1887.5,0,0.0,0,0,2026-09-16
NIFTY,2026-10-13,24600.0,PE,0.0,0.0,0.0,998.2,1328.76,0,0.0,0,0,2026-09-16
NIFTY,2026-10-13,24400.0,PE,0.0,0.0,0.0,851.05,1154.08,0,0.0,0,0,2026-09-16
NIFTY,2026-10-13,24300.0,PE,0.0,0.0,0.0,773.95,1069.81,0,0.0,130,0,2026-09-16
NIFTY,2026-10-13,24050.0,PE,0.0,0.0,0.0,621.65,869.89,0,0.0,0,0,2026-09-16
NIFTY,2026-10-13,23550.0,PE,398.05,439.75,397.3,439.75,527.57,10,15571458.5,2600,0,2026-09-16
NIFTY,2026-10-13,23400.0,PE,365.7,365.7,307.35,342.15,342.15,48,74064058.25,5720,455,2026-09-16
NIFTY,2026-10-13,22750.0,PE,123.0,132.6,123.0,130.65,130.65,9,13384198.75,455,455,2026-09-16
NIFTY,2026-10-13,22450.0,PE,0.0,0.0,0.0,76.0,103.09,0,0.0,910,0,2026-09-16
NIFTY,2026-10-13,22350.0,PE,74.8,74.8,69.55,70.2,70.2,38,55381088.75,2665,1885,2026-09-16
NIFTY,2026-10-06,24900.0,PE,0.0,0.0,0.0,913.3,1614.8,0,0.0,0,0,2026-09-16
NIFTY,2026-10-06,23500.0,PE,392.8,422.0,324.1,372.5,372.5,1618,2509776594.0,87620,8385,2026-09-16
NIFTY,2026-10-06,23150.0,PE,203.7,243.55,177.95,206.6,206.6,907,1377047096.75,8125,4680,2026-09-16
NIFTY,2026-10-06,21800.0,PE,0.0,0.0,0.0,7.55,12.61,0,0.0,0,0,2026-09-16
NIFTY,2026-10-06,21700.0,PE,0.0,0.0,0.0,5.8,9.18,0,0.0,0,0,2026-09-16
NIFTY,2026-10-06,21600.0,PE,23.55,23.55,15.45,19.2,19.2,341,479162086.0,9620,9620,2026-09-16
NIFTY,2026-09-29,27050.0,PE,0.0,0.0,0.0,2869.35,3775.43,0,0.0,0,0,2026-09-16
NIFTY,2026-09-29,26500.0,PE,3134.55,3286.0,3134.55,3210.5,3210.5,136,262625665.25,842660,-130,2026-09-16
NIFTY,2026-09-29,26200.0,PE,0.0,0.0,0.0,2820.0,2927.22,0,0.0,37050,0,2026-09-16
NIFTY,2026-09-29,25850.0,PE,0.0,0.0,0.0,1859.75,2577.99,0,0.0,0,0,2026-09-16
NIFTY,2026-09-29,24800.0,PE,1476.75,1594.25,1451.6,1521.95,1521.95,179,306322048.5,342420,-4745,2026-09-16
NIFTY,2026-09-29,24450.0,PE,1200.0,1200.0,1111.0,1194.4,1195.57,8,13327785.25,85670,-390,2026-09-16
NIFTY,2026-09-29,23650.0,PE,455.0,506.4,387.1,444.5,444.5,1839,2879984773.25,213785,-5980,2026-09-16
NIFTY,2026-09-29,23600.0,PE,432.4,472.65,352.4,407.75,407.75,8653,13497072702.75,1477840,-64350,2026-09-16
NIFTY,2026-09-29,23000.0,PE,135.0,156.45,103.7,125.1,125.1,125836,189153612014.25,7123975,580515,2026-09-16
NIFTY,2026-09-29,22900.0,PE,111.35,127.0,83.25,100.35,100.35,36187,54100504438.5,1143545,329615,2026-09-16
NIFTY,2026-09-22,26050.0,PE,0.0,0.0,0.0,1794.15,2807.06,0,0.0,0,0,2026-09-16
NIFTY,2026-09-22,23650.0,PE,450.0,501.9,364.5,428.2,428.2,6361,9953870192.5,189085,-26325,2026-09-16
NIFTY,2026-09-22,23550.0,PE,362.45,417.8,288.6,344.85,344.85,14949,23217168292.5,145990,-8905,2026-09-16
NIFTY,2026-10-13,23450.0,CE,255.45,275.5,232.9,248.5,248.5,68,104772213.0,4355,650,2026-09-16
NIFTY,2026-10-13,24350.0,CE,0.0,0.0,0.0,236.65,85.67,0,0.0,0,0,2026-09-16
NIFTY,2026-10-19,21750.0,CE,0.0,0.0,0.0,1530.05,1624.12,0,0.0,0,0,2026-09-16
NIFTY,2026-10-19,22000.0,CE,0.0,0.0,0.0,1308.9,1398.07,0,0.0,0,0,2026-09-16
NIFTY,2027-03-30,28500.0,CE,41.15,42.95,34.7,36.05,36.05,1243,2305764828.25,168480,26910,2026-09-16
NIFTY,2028-06-27,22500.0,CE,0.0,0.0,0.0,6796.05,3791.23,0,0.0,0,0,2026-09-16
NIFTY,2028-06-27,28500.0,CE,0.0,0.0,0.0,2990.0,1123.56,0,0.0,0,0,2026-09-16
NIFTY,2028-12-26,27000.0,CE,0.0,0.0,0.0,1788.95,2146.71,0,0.0,4420,0,2026-09-16
NIFTY,2029-06-26,22500.0,CE,0.0,0.0,0.0,7946.5,5028.58,0,0.0,0,0,2026-09-16
NIFTY,2030-06-25,28500.0,CE,0.0,0.0,0.0,5382.85,3203.22,0,0.0,0,0,2026-09-16
NIFTY,2030-06-25,30000.0,CE,0.0,0.0,0.0,5580.35,2673.18,0,0.0,0,0,2026-09-16
NIFTY,2031-06-24,22500.0,CE,0.0,0.0,0.0,8012.75,7186.96,0,0.0,0,0,2026-09-16
NIFTY,2026-09-22,21900.0,PE,5.8,6.5,3.85,4.9,4.9,222525,316835734137.0,1346345,583050,2026-09-16
NIFTY,2026-09-22,23000.0,PE,100.0,105.6,58.9,73.05,73.05,1943321,2915137146704.25,8132475,3384875,2026-09-16
NIFTY,2026-09-22,24800.0,PE,1529.35,1561.0,1516.75,1554.3,1554.3,259,443577296.5,23920,-1495,2026-09-16
NIFTY,2026-09-22,24950.0,PE,0.0,0.0,0.0,887.95,1708.16,0,0.0,0,0,2026-09-16
NIFTY,2026-11-23,22850.0,CE,0.0,0.0,0.0,858.45,994.87,0,0.0,65,0,2026-09-16
NIFTY,2026-11-23,21800.0,CE,0.0,0.0,0.0,2906.85,1780.57,0,0.0,0,0,2026-09-16
NIFTY,2026-09-29,22850.0,PE,87.8,114.8,74.9,90.05,90.05,5496,8195268913.0,151840,31265,2026-09-16
NIFTY,2026-09-29,23250.0,PE,236.15,255.0,175.75,209.95,209.95,30255,46131421137.75,1107080,44460,2026-09-16
NIFTY,2026-09-29,23350.0,PE,277.95,308.75,217.0,256.9,256.9,6468,9922876908.75,228930,2535,2026-09-16
NIFTY,2030-12-31,16500.0,PE,0.0,0.0,0.0,13.65,68.56,0,0.0,0,0,2026-09-16
NIFTY,2029-12-24,30000.0,PE,2650.0,2650.0,2650.0,2650.0,3350.0,1,2122250.0,1170,0,2026-09-16
NIFTY,2029-12-24,21000.0,PE,0.0,0.0,0.0,390.05,416.84,0,0.0,780,0,2026-09-16
NIFTY,2029-12-24,16500.0,PE,0.0,0.0,0.0,10.15,55.03,0,0.0,0,0,2026-09-16
NIFTY,2027-12-28,24000.0,PE,871.1,920.0,860.0,880.65,880.65,448,724844620.5,263935,6045,2026-09-16
NIFTY,2027-03-30,22500.0,PE,320.0,345.65,307.25,325.2,325.2,2363,3506125499.5,732875,-32825,2026-09-16
NIFTY,2026-12-29,20000.0,PE,50.0,50.45,44.0,49.4,49.4,9098,11855511596.5,1328230,113345,2026-09-16
NIFTY,2026-12-29,18000.0,PE,26.0,28.2,25.25,27.15,27.15,3478,4075313716.5,777405,73190,2026-09-16
NIFTY,2026-12-29,16500.0,PE,14.75,14.75,13.0,13.9,0.0,12,12881053.25,3640,-130,2026-09-16
NIFTY,2026-12-29,14000.0,PE,10.45,10.45,6.75,6.9,6.9,16,14569122.75,9220,195,2026-09-16
NIFTY,2026-11-23,25650.0,PE,0.0,0.0,0.0,1350.35,2211.43,0,0.0,0,0,2026-09-16
NIFTY,2026-11-23,25600.0,PE,0.0,0.0,0.0,1316.4,2166.8,0,0.0,0,0,2026-09-16
NIFTY,2026-11-23,22600.0,PE,192.05,220.6,190.55,199.25,199.25,88,130415785.5,8125,1950,2026-09-16
NIFTY,2026-11-23,22500.0,PE,185.05,201.25,164.45,180.6,180.6,2175,3206328469.5,522470,18850,2026-09-16
NIFTY,2026-11-23,21400.0,PE,65.0,66.9,60.0,65.2,65.2,20,27904675.5,1040,1040,2026-09-16
NIFTY,2026-10-27,26750.0,PE,0.0,0.0,0.0,2501.2,3345.63,0,0.0,0,0,2026-09-16
NIFTY,2026-09-22,25050.0,PE,0.0,0.0,0.0,1650.0,1808.05,0,0.0,65,0,2026-09-16
NIFTY,2026-10-27,26500.0,PE,3093.05,3105.0,3070.0,3089.1,3089.1,7,13460014.75,10075,130,2026-09-16
NIFTY,2026-10-27,25650.0,PE,0.0,0.0,0.0,1057.4,2272.7,0,0.0,130,0,2026-09-16
NIFTY,2026-10-27,25450.0,PE,0.0,0.0,0.0,1058.8,2083.22,0,0.0,130,0,2026-09-16
NIFTY,2026-09-29,23900.0,PE,651.15,717.45,582.75,653.8,653.8,4727,7540180046.75,904085,-61880,2026-09-16
NIFTY,2026-09-29,25000.0,PE,1720.05,1788.85,1650.0,1727.05,1727.05,1503,2609492964.0,2026890,-25415,2026-09-16
NIFTY,2026-09-29,25600.0,PE,2292.9,2310.0,2280.0,2280.0,2328.62,4,7252612.25,31005,-130,2026-09-16
NIFTY,2026-09-29,26750.0,PE,0.0,0.0,0.0,2201.15,3476.06,0,0.0,65,0,2026-09-16
NIFTY,2026-09-29,26850.0,PE,0.0,0.0,0.0,2691.9,3575.85,0,0.0,0,0,2026-09-16
NIFTY,2026-09-29,26900.0,PE,0.0,0.0,0.0,2776.0,3625.74,0,0.0,65,0,2026-09-16
NIFTY,2026-09-29,28500.0,PE,5187.5,5287.85,5150.0,5219.1,5219.1,177,387855783.25,421850,-1755,2026-09-16
NIFTY,2026-09-29,21350.0,CE,0.0,0.0,0.0,2900.5,1912.98,0,0.0,0,0,2026-09-16
NIFTY,2026-09-29,21650.0,CE,0.0,0.0,0.0,1850.0,1615.04,0,0.0,65,0,2026-09-16
NIFTY,2026-09-29,23350.0,CE,168.7,221.8,160.95,178.1,178.1,17606,26938094118.0,315250,80730,2026-09-16
NIFTY,2026-09-29,24550.0,CE,8.95,9.0,5.3,5.85,5.85,29739,47467443344.75,353145,-361465,2026-09-16
NIFTY,2026-09-29,25500.0,CE,3.6,3.6,2.3,2.4,2.4,25449,42186075493.25,2911350,-137020,2026-09-16
NIFTY,2026-09-29,25750.0,CE,1.85,2.2,1.65,2.15,0.07,7,11717117.75,7475,0,2026-09-16
NIFTY,2026-09-29,25850.0,CE,2.25,2.25,1.5,1.75,1.75,77,129389503.75,7410,-2860,2026-09-16
NIFTY,2026-10-06,21350.0,PE,0.0,0.0,0.0,2.2,2.7,0,0.0,0,0,2026-09-16
NIFTY,2026-10-06,21400.0,PE,0.0,0.0,0.0,2.55,3.25,0,0.0,0,0,2026-09-16
NIFTY,2026-09-22,25250.0,PE,2000.0,2000.0,2000.0,2000.0,2000.0,8,14170000.0,520,520,2026-09-16
NIFTY,2026-09-22,25400.0,PE,2150.0,2150.0,2150.0,2150.0,2150.0,8,14326000.0,2015,520,2026-09-16
NIFTY,2026-09-22,25450.0,PE,2200.0,2200.0,2200.0,2200.0,2200.0,8,14378000.0,520,520,2026-09-16
NIFTY,2026-09-22,25850.0,PE,0.0,0.0,0.0,1613.85,2607.26,0,0.0,0,0,2026-09-16
NIFTY,2026-09-22,26100.0,PE,0.0,0.0,0.0,1839.95,2857.01,0,0.0,0,0,2026-09-16
NIFTY,2026-09-29,21450.0,PE,8.4,10.9,8.4,9.15,9.15,174,242705775.0,4160,4160,2026-09-16
NIFTY,2026-09-29,21600.0,PE,11.95,13.1,9.1,11.1,11.1,16561,23263392798.75,859885,37180,2026-09-16
NIFTY,2026-09-29,21800.0,PE,14.2,17.1,12.1,14.4,14.4,21549,30555079122.75,801255,192010,2026-09-16
NIFTY,2026-09-29,22300.0,PE,33.25,37.15,24.15,29.25,29.25,14212,20627403803.5,486460,40105,2026-09-16
NIFTY,2026-10-06,21950.0,PE,32.0,33.55,25.4,28.75,28.75,81,115723991.5,2600,-975,2026-09-16
NIFTY,2026-09-29,26000.0,CE,2.0,2.2,1.5,1.7,1.7,15089,25502050512.25,3305005,-307450,2026-09-16
NIFTY,2026-09-29,26600.0,CE,1.05,1.1,0.8,0.9,0.9,464,802283907.75,38545,-3185,2026-09-16
NIFTY,2026-09-29,27150.0,CE,0.0,0.0,0.0,1.3,0.0,0,0.0,7930,0,2026-09-16
NIFTY,2026-10-06,22550.0,CE,0.0,0.0,0.0,1677.3,830.82,0,0.0,0,0,2026-09-16
NIFTY,2026-10-06,24000.0,CE,47.5,58.85,41.4,43.15,43.15,15496,24226370473.5,604890,334555,2026-09-16
NIFTY,2026-10-06,25350.0,CE,0.0,0.0,0.0,5.7,3.57,0,0.0,2080,0,2026-09-16
NIFTY,2026-10-13,23800.0,CE,127.45,141.35,114.25,117.65,117.65,742,1153963447.0,57915,7280,2026-09-16
NIFTY,2026-10-13,25000.0,CE,10.95,12.0,8.9,9.45,9.45,85,138183269.25,5590,2340,2026-09-16
NIFTY,2026-10-13,25300.0,CE,6.8,8.0,6.25,6.35,12.07,52,85537842.0,1300,650,2026-09-16
NIFTY,2026-10-19,21350.0,CE,0.0,0.0,0.0,1902.6,2001.87,0,0.0,0,0,2026-09-16
NIFTY,2026-10-19,22400.0,CE,0.0,0.0,0.0,982.3,1060.9,0,0.0,0,0,2026-09-16
NIFTY,2026-10-27,24750.0,PE,1368.75,1368.75,1366.3,1366.3,1450.86,2,3395278.25,1300,-65,2026-09-16
NIFTY,2026-10-27,24550.0,PE,1164.2,1218.5,1164.2,1216.55,1216.55,7,11713656.5,7280,-260,2026-09-16
NIFTY,2026-10-27,24000.0,PE,747.05,812.6,688.65,747.7,747.7,4606,7407238725.25,1550055,33865,2026-09-16
NIFTY,2026-10-27,23950.0,PE,698.3,728.9,675.3,713.4,713.4,53,84936475.0,6760,-650,2026-09-16
NIFTY,2026-10-27,23350.0,PE,351.0,402.55,334.0,361.25,361.25,435,670500652.25,33735,-1820,2026-09-16
NIFTY,2026-10-06,22150.0,PE,32.15,42.65,32.15,36.75,36.75,59,85090785.0,2145,2145,2026-09-16
NIFTY,2026-10-06,22250.0,PE,47.0,48.5,41.0,43.1,43.1,144,208675148.5,3185,3185,2026-09-16
NIFTY,2026-10-27,23300.0,PE,331.05,383.8,307.3,340.05,340.05,5147,7907994474.25,506740,3965,2026-09-16
NIFTY,2026-10-27,23050.0,PE,230.95,283.15,230.65,250.6,250.6,164,248408267.25,15145,2340,2026-09-16
NIFTY,2026-10-27,21700.0,PE,58.55,58.55,42.45,52.25,52.25,3228,4563559276.25,174395,65780,2026-09-16
NIFTY,2026-10-27,21550.0,PE,46.55,46.55,45.6,45.6,32.49,7,9826245.0,455,455,2026-09-16
NIFTY,2026-10-19,24250.0,PE,0.0,0.0,0.0,1120.3,1032.65,0,0.0,0,0,2026-09-16
NIFTY,2026-10-19,23500.0,PE,0.0,0.0,0.0,587.7,522.32,0,0.0,0,0,2026-09-16
NIFTY,2026-10-19,23100.0,PE,0.0,0.0,0.0,377.5,326.98,0,0.0,0,0,2026-09-16
NIFTY,2026-10-19,21700.0,PE,0.0,0.0,0.0,38.4,29.17,0,0.0,0,0,2026-09-16
NIFTY,2026-10-19,21550.0,PE,0.0,0.0,0.0,27.65,20.64,0,0.0,0,0,2026-09-16
NIFTY,2026-10-13,25400.0,PE,0.0,0.0,0.0,1673.35,2080.93,0,0.0,0,0,2026-09-16
NIFTY,2026-10-13,24550.0,PE,0.0,0.0,0.0,961.3,1284.39,0,0.0,0,0,2026-09-16
NIFTY,2026-10-13,23600.0,PE,437.45,460.35,414.65,456.0,456.0,26,40623007.75,2925,1430,2026-09-16
NIFTY,2026-10-13,23450.0,PE,353.2,400.0,335.35,366.95,469.91,44,68079735.75,2730,260,2026-09-16
NIFTY,2026-10-13,23300.0,PE,280.75,331.2,264.9,298.15,298.15,345,529078569.5,5460,2210,2026-09-16
NIFTY,2026-10-13,22900.0,PE,148.5,186.8,145.0,162.65,162.65,68,101938697.25,3705,2340,2026-09-16
NIFTY,2026-10-13,22650.0,PE,112.0,113.45,110.8,111.55,111.55,7,10356755.5,390,390,2026-09-16
NIFTY,2026-10-13,22100.0,PE,0.0,0.0,0.0,35.05,50.46,0,0.0,0,0,2026-09-16
NIFTY,2026-10-06,24800.0,PE,0.0,0.0,0.0,842.45,1519.08,0,0.0,0,0,2026-09-16
NIFTY,2026-10-19,22950.0,CE,0.0,0.0,0.0,607.05,666.63,0,0.0,0,0,2026-09-16
NIFTY,2026-10-19,24450.0,CE,0.0,0.0,0.0,88.8,101.8,0,0.0,0,0,2026-09-16
NIFTY,2026-10-27,22500.0,CE,1000.0,1035.55,939.35,988.75,988.75,654,998825158.5,145210,17420,2026-09-16
NIFTY,2026-10-27,23750.0,CE,224.65,229.45,198.1,206.5,206.5,185,288149420.0,26975,-325,2026-09-16
NIFTY,2026-10-27,23800.0,CE,182.5,214.35,178.5,189.2,189.2,7015,10941072509.25,675610,74035,2026-09-16
NIFTY,2026-10-27,23850.0,CE,190.45,193.8,164.35,173.2,173.2,238,371681098.75,41470,3055,2026-09-16
NIFTY,2026-10-27,24650.0,CE,53.3,53.3,36.0,36.85,36.85,282,452568746.5,27690,-2925,2026-09-16
NIFTY,2026-10-27,25250.0,CE,0.0,0.0,0.0,447.85,43.13,0,0.0,0,0,2026-09-16
NIFTY,2026-10-06,23600.0,PE,422.0,481.0,390.0,430.85,430.85,135,210878170.75,17615,520,2026-09-16
NIFTY,2026-11-23,21400.0,CE,0.0,0.0,0.0,3280.1,2129.25,0,0.0,0,0,2026-09-16
NIFTY,2026-10-27,26500.0,CE,7.4,7.55,5.65,5.85,5.85,784,1350772878.0,318045,2470,2026-09-16
NIFTY,2026-10-27,25950.0,CE,12.0,12.0,12.0,12.0,12.0,4,6750120.0,4875,0,2026-09-16
NIFTY,2026-09-22,26000.0,CE,0.8,0.85,0.55,0.65,0.65,82872,140057270343.25,1432275,95095,2026-09-16
NIFTY,2026-09-22,24550.0,CE,2.2,2.2,1.45,1.85,1.85,67636,107937957744.5,1017965,702650,2026-09-16
NIFTY,2026-09-22,23900.0,CE,9.25,10.4,5.75,6.6,6.6,480343,746456278444.5,4485975,1529255,2026-09-16
NIFTY,2026-09-22,22400.0,CE,890.4,902.7,791.2,854.0,854.0,74,111866768.0,2470,-65,2026-09-16
NIFTY,2026-09-22,22250.0,CE,960.15,960.15,936.15,936.15,991.97,2,3015759.5,520,0,2026-09-16
NIFTY,2026-09-22,22100.0,CE,1168.0,1168.0,1168.0,1168.0,1140.12,3,4537260.0,1105,0,2026-09-16
NIFTY,2026-09-29,16500.0,CE,0.0,0.0,0.0,10168.85,6752.35,0,0.0,0,0,2026-09-16
NIFTY,2030-12-31,19500.0,PE,0.0,0.0,0.0,67.4,247.17,0,0.0,0,0,2026-09-16
NIFTY,2026-12-29,20000.0,CE,3581.0,3775.0,3505.0,3558.2,3558.2,247,378553357.0,609140,-3185,2026-09-16
NIFTY,2026-11-23,25700.0,CE,40.7,40.7,40.7,40.7,74.71,3,5019436.5,195,195,2026-09-16
NIFTY,2026-11-23,24200.0,CE,190.2,204.65,180.0,187.15,187.15,1139,1805836786.0,82485,28470,2026-09-16
NIFTY,2026-11-23,23650.0,CE,413.2,413.2,390.6,390.6,562.83,8,12504969.75,2470,260,2026-09-16
NIFTY,2026-11-23,23150.0,CE,0.0,0.0,0.0,651.0,814.61,0,0.0,1885,0,2026-09-16
NIFTY,2027-03-30,16500.0,CE,0.0,0.0,0.0,6995.9,7265.78,0,0.0,0,0,2026-09-16
NIFTY,2026-09-29,21900.0,PE,15.05,19.5,13.7,16.25,16.25,6989,9956276525.0,328640,94835,2026-09-16
NIFTY,2026-09-29,22500.0,PE,48.25,55.0,35.05,42.8,42.8,67770,99305725723.75,3739775,208910,2026-09-16
NIFTY,2026-09-29,22650.0,PE,55.9,75.0,48.6,58.5,58.5,4169,6153582981.0,151775,19110,2026-09-16
NIFTY,2026-09-29,26950.0,PE,0.0,0.0,0.0,2780.25,3675.64,0,0.0,0,0,2026-09-16
NIFTY,2027-03-30,19500.0,CE,0.0,0.0,0.0,4365.4,4400.56,0,0.0,0,0,2026-09-16
NIFTY,2026-12-29,19000.0,CE,4475.0,4560.05,4425.7,4506.55,4506.55,217,331629658.75,81865,10595,2026-09-16
NIFTY,2026-12-29,16500.0,CE,0.0,0.0,0.0,10405.0,7012.07,0,0.0,0,0,2026-09-16
NIFTY,2026-10-06,22600.0,PE,91.8,94.05,66.15,78.4,78.4,716,1055455183.25,29445,13455,2026-09-16
NIFTY,2026-09-29,31500.0,PE,0.0,0.0,0.0,4341.2,8216.05,0,0.0,0,0,2026-09-16
NIFTY,2026-09-29,27000.0,PE,3670.0,3783.7,3650.0,3719.15,3719.15,1065,2126962490.25,1496070,-650,2026-09-16
NIFTY,2026-09-22,22750.0,CE,502.35,594.3,468.0,526.15,526.15,1281,1939180629.75,26650,23010,2026-09-16
NIFTY,2026-09-22,22600.0,CE,670.0,725.0,600.0,667.15,667.15,1021,1544321974.0,50245,19240,2026-09-16
NIFTY,2026-09-22,22050.0,CE,0.0,0.0,0.0,1162.8,1189.77,0,0.0,325,0,2026-09-16
NIFTY,2026-09-22,21900.0,CE,0.0,0.0,0.0,2390.45,1339.14,0,0.0,0,0,2026-09-16
NIFTY,2026-09-29,22050.0,CE,0.0,0.0,0.0,1500.0,1224.03,0,0.0,65,0,2026-09-16
NIFTY,2026-09-29,21500.0,CE,0.0,0.0,0.0,2764.6,1763.77,0,0.0,0,0,2026-09-16
NIFTY,2026-09-22,26100.0,CE,0.85,0.85,0.55,0.6,0.6,21101,35798741982.25,422760,129935,2026-09-16
NIFTY,2026-09-22,25100.0,CE,1.0,1.2,0.75,0.9,0.9,68614,111947822447.5,1301820,-44330,2026-09-16
NIFTY,2026-09-22,24950.0,CE,1.0,1.35,0.8,1.05,1.05,36414,59056837606.0,265590,-1430,2026-09-16
NIFTY,2026-09-22,24750.0,CE,1.55,1.6,1.0,1.3,1.3,22816,36707127265.25,184600,35945,2026-09-16
NIFTY,2026-09-22,24500.0,CE,2.7,2.7,1.6,1.95,1.95,360896,574772258872.5,5897450,277225,2026-09-16
NIFTY,2026-09-22,23850.0,CE,10.85,13.35,7.15,8.1,8.1,381086,591024027818.25,2726750,1423955,2026-09-16
NIFTY,2026-10-13,25350.0,CE,9.0,9.0,5.6,5.6,5.6,13,21426112.5,1365,325,2026-09-16
NIFTY,2026-10-13,25400.0,CE,7.85,8.75,5.8,6.7,6.7,54,89180224.25,6045,1300,2026-09-16
NIFTY,2026-10-19,21650.0,CE,0.0,0.0,0.0,1621.35,1717.0,0,0.0,0,0,2026-09-16
NIFTY,2026-10-19,22450.0,CE,0.0,0.0,0.0,944.35,1021.4,0,0.0,0,0,2026-09-16
NIFTY,2026-10-19,23150.0,CE,0.0,0.0,0.0,495.8,547.81,0,0.0,0,0,2026-09-16
NIFTY,2026-10-19,23900.0,CE,0.0,0.0,0.0,200.65,226.77,0,0.0,0,0,2026-09-16
NIFTY,2026-10-19,24050.0,CE,0.0,0.0,0.0,162.9,184.64,0,0.0,0,0,2026-09-16
NIFTY,2026-10-19,24200.0,CE,0.0,0.0,0.0,130.85,149.04,0,0.0,0,0,2026-09-16
NIFTY,2026-10-19,24600.0,CE,0.0,0.0,0.0,69.45,79.88,0,0.0,0,0,2026-09-16
NIFTY,2026-10-27,23500.0,CE,308.2,348.7,275.1,312.35,312.35,12446,19269779984.0,1024530,53170,2026-09-16
NIFTY,2026-10-27,24250.0,CE,92.85,93.0,78.05,80.6,80.6,561,887416614.5,40625,13390,2026-09-16
NIFTY,2026-10-27,25350.0,CE,0.0,0.0,0.0,417.4,36.55,0,0.0,0,0,2026-09-16
NIFTY,2026-10-06,21400.0,CE,0.0,0.0,0.0,2781.95,1890.16,0,0.0,0,0,2026-09-16
NIFTY,2026-09-29,33000.0,CE,0.55,0.55,0.55,0.55,0.55,7,15015250.25,34255,-455,2026-09-16
NIFTY,2026-09-29,26950.0,CE,1.7,1.75,1.05,1.3,1.3,13,22773916.75,2795,195,2026-09-16
NIFTY,2026-09-29,26300.0,CE,1.3,2.25,1.0,1.1,1.1,2088,3569592529.75,130325,-325,2026-09-16
NIFTY,2026-09-29,25150.0,CE,4.5,4.5,2.95,3.1,3.1,740,1209873616.25,36140,325,2026-09-16
NIFTY,2026-09-29,24450.0,CE,9.5,9.5,6.3,6.65,6.65,11721,18633176844.75,381355,-46280,2026-09-16
NIFTY,2026-10-19,21450.0,PE,0.0,0.0,0.0,22.0,16.21,0,0.0,0,0,2026-09-16
NIFTY,2026-10-19,22550.0,PE,0.0,0.0,0.0,178.65,148.34,0,0.0,0,0,2026-09-16
NIFTY,2026-10-19,22900.0,PE,0.0,0.0,0.0,293.4,250.41,0,0.0,0,0,2026-09-16
NIFTY,2026-10-19,23000.0,PE,0.0,0.0,0.0,333.7,286.97,0,0.0,0,0,2026-09-16
NIFTY,2031-06-24,30000.0,PE,0.0,0.0,0.0,2616.25,2642.02,0,0.0,0,0,2026-09-16
NIFTY,2031-06-24,28500.0,PE,0.0,0.0,0.0,2104.2,2100.69,0,0.0,0,0,2026-09-16
NIFTY,2031-06-24,25500.0,PE,0.0,0.0,0.0,1262.85,1220.65,0,0.0,0,0,2026-09-16
NIFTY,2031-06-24,24000.0,PE,0.0,0.0,0.0,933.85,883.03,0,0.0,65,0,2026-09-16
NIFTY,2030-12-31,30000.0,PE,0.0,0.0,0.0,1450.1,2844.84,0,0.0,0,0,2026-09-16
NIFTY,2028-12-26,22000.0,PE,530.1,560.0,530.1,555.5,555.5,14,20520022.25,9085,195,2026-09-16
NIFTY,2027-12-28,20000.0,PE,203.55,211.45,192.95,194.7,194.7,157,206159765.5,69515,130,2026-09-16
NIFTY,2027-12-28,19000.0,PE,115.0,124.0,106.0,124.0,92.08,72,89458505.5,24795,3835,2026-09-16
NIFTY,2027-12-28,18000.0,PE,0.0,0.0,0.0,100.0,42.98,0,0.0,15105,0,2026-09-16
NIFTY,2027-06-29,19500.0,PE,0.0,0.0,0.0,17.3,69.45,0,0.0,0,0,2026-09-16
NIFTY,2027-06-29,19000.0,PE,0.0,0.0,0.0,90.0,43.83,0,0.0,940,0,2026-09-16
NIFTY,2026-09-22,26000.0,PE,2710.0,2770.0,2710.0,2742.0,2757.11,21,39241998.25,70590,715,2026-09-16
NIFTY,2026-09-22,25900.0,PE,0.0,0.0,0.0,1658.45,2657.21,0,0.0,0,0,2026-09-16
NIFTY,2026-09-22,24300.0,PE,1161.75,1161.75,990.0,1056.55,1056.55,285,469585519.0,102700,-4615,2026-09-16
NIFTY,2026-09-22,23900.0,PE,685.9,732.55,589.1,663.1,663.1,1719,2743612254.5,458900,-31590,2026-09-16
NIFTY,2026-11-23,25600.0,CE,0.0,0.0,0.0,431.25,84.06,0,0.0,0,0,2026-09-16
NIFTY,2026-09-22,23300.0,PE,200.75,239.0,146.4,179.8,179.8,1577285,2407560261470.0,3198650,777140,2026-09-16
NIFTY,2026-09-22,22600.0,PE,32.4,35.0,17.0,21.65,21.65,455355,669586068021.0,3714490,1191645,2026-09-16
NIFTY,2026-09-22,22250.0,PE,12.75,12.75,7.25,9.2,9.2,134801,195036593560.25,809445,531375,2026-09-16
NIFTY,2026-09-22,21550.0,PE,2.2,3.85,2.1,3.35,3.35,14970,20972291281.5,153075,153075,2026-09-16
NIFTY,2030-12-31,18000.0,CE,0.0,0.0,0.0,12674.15,9632.14,0,0.0,0,0,2026-09-16
NIFTY,2029-12-24,33000.0,CE,0.0,0.0,0.0,3816.05,1406.42,0,0.0,0,0,2026-09-16
NIFTY,2029-12-24,24000.0,CE,0.0,0.0,0.0,5200.0,4725.24,0,0.0,65,0,2026-09-16
NIFTY,2029-06-26,31500.0,CE,0.0,0.0,0.0,2878.65,1315.67,0,0.0,0,0,2026-09-16
NIFTY,2028-12-26,31500.0,CE,0.0,0.0,0.0,500.0,904.66,0,0.0,585,0,2026-09-16
NIFTY,2028-12-26,22500.0,CE,0.0,0.0,0.0,7382.9,4427.16,0,0.0,0,0,2026-09-16
NIFTY,2026-10-19,23800.0,PE,0.0,0.0,0.0,780.9,705.43,0,0.0,0,0,2026-09-16
NIFTY,2026-10-19,24000.0,PE,0.0,0.0,0.0,926.0,843.61,0,0.0,0,0,2026-09-16
NIFTY,2026-10-19,24050.0,PE,0.0,0.0,0.0,962.95,880.01,0,0.0,0,0,2026-09-16
NIFTY,2026-10-19,24700.0,PE,0.0,0.0,0.0,1505.1,1409.22,0,0.0,0,0,2026-09-16
NIFTY,2026-10-27,21450.0,PE,0.0,0.0,0.0,53.5,26.43,0,0.0,0,0,2026-09-16
NIFTY,2026-10-27,21750.0,PE,56.0,57.05,48.25,54.7,54.7,303,429374965.5,43550,14365,2026-09-16
NIFTY,2026-10-27,22400.0,PE,101.2,126.15,97.05,111.35,111.35,2044,2990603986.5,142805,7865,2026-09-16
NIFTY,2026-10-27,24100.0,PE,796.9,891.15,773.05,822.35,822.35,453,733845635.25,182585,-975,2026-09-16
NIFTY,2026-10-27,24150.0,PE,845.3,914.55,796.95,855.0,855.0,17,27641214.25,16120,-390,2026-09-16
NIFTY,2026-10-27,25050.0,PE,0.0,0.0,0.0,1161.25,1714.63,0,0.0,325,0,2026-09-16
NIFTY,2026-10-27,25250.0,PE,0.0,0.0,0.0,883.6,1896.91,0,0.0,130,0,2026-09-16
NIFTY,2026-10-27,26100.0,PE,0.0,0.0,0.0,1960.3,2707.16,0,0.0,0,0,2026-09-16
NIFTY,2026-10-27,26900.0,PE,0.0,0.0,0.0,2631.85,3493.88,0,0.0,0,0,2026-09-16
NIFTY,2026-11-23,21850.0,PE,0.0,0.0,0.0,51.8,115.19,0,0.0,0,0,2026-09-16
NIFTY,2026-11-23,21900.0,PE,0.0,0.0,0.0,100.3,122.98,0,0.0,845,0,2026-09-16
NIFTY,2026-11-23,22350.0,PE,160.85,160.85,150.0,150.0,212.5,3,4388725.25,2015,130,2026-09-16
NIFTY,2026-11-23,23000.0,PE,320.0,330.85,271.15,296.7,296.7,3796,5748468167.0,473005,47190,2026-09-16
NIFTY,2026-11-23,23200.0,PE,347.15,399.9,331.85,362.65,362.65,395,605076501.25,37115,8515,2026-09-16
NIFTY,2026-11-23,23300.0,PE,384.15,438.0,371.1,398.85,398.85,565,870478329.5,36725,10400,2026-09-16
NIFTY,2026-11-23,23350.0,PE,402.9,456.0,396.4,422.0,565.66,33,51000293.5,4290,-910,2026-09-16
NIFTY,2026-11-23,24150.0,PE,829.25,832.3,829.25,832.3,1020.62,2,3247500.75,1235,-130,2026-09-16
NIFTY,2026-11-23,24400.0,PE,1023.8,1045.35,1023.8,1037.0,1037.0,15,24802147.5,12415,-65,2026-09-16
NIFTY,2026-11-23,25100.0,PE,0.0,0.0,0.0,1027.25,1735.63,0,0.0,130,0,2026-09-16
NIFTY,2026-11-23,25350.0,PE,0.0,0.0,0.0,1152.95,1947.54,0,0.0,0,0,2026-09-16
NIFTY,2026-11-23,26000.0,PE,2465.0,2478.0,2465.0,2478.0,2478.0,5,9252724.0,7150,325,2026-09-16
NIFTY,2027-03-30,16500.0,PE,0.0,0.0,0.0,20.25,0.37,0,0.0,1560,0,2026-09-16
NIFTY,2028-06-27,30000.0,CE,0.0,0.0,0.0,2278.45,784.77,0,0.0,0,0,2026-09-16
NIFTY,2028-06-27,24000.0,CE,0.0,0.0,0.0,3918.85,2903.02,0,0.0,0,0,2026-09-16
NIFTY,2027-12-28,18000.0,CE,0.0,0.0,0.0,6285.7,6661.66,0,0.0,0,0,2026-09-16
NIFTY,2027-03-30,33000.0,CE,0.0,0.0,0.0,10.35,2.99,0,0.0,5720,0,2026-09-16
NIFTY,2026-11-23,25650.0,CE,0.0,0.0,0.0,38.55,79.27,0,0.0,65,0,2026-09-16
NIFTY,2026-09-22,23450.0,PE,280.0,339.25,223.3,269.8,269.8,96990,149541275555.75,568425,-257920,2026-09-16
NIFTY,2026-11-23,23950.0,CE,279.7,279.7,266.05,269.2,440.78,18,28341218.75,5460,390,2026-09-16
NIFTY,2026-11-23,25400.0,CE,0.0,0.0,0.0,496.65,105.76,0,0.0,0,0,2026-09-16
NIFTY,2026-11-23,23750.0,CE,351.45,369.4,343.0,343.0,343.0,28,43872361.0,4615,975,2026-09-16
NIFTY,2026-09-22,23600.0,CE,34.0,46.95,26.45,29.4,29.4,1120927,1722123136464.25,4888000,1066845,2026-09-16
NIFTY,2026-10-13,25200.0,CE,8.0,8.0,7.0,7.2,7.2,30,49154319.5,1820,195,2026-09-16
NIFTY,2026-10-13,24650.0,CE,0.0,0.0,0.0,158.85,48.86,0,0.0,0,0,2026-09-16
NIFTY,2026-10-13,24300.0,CE,40.75,44.7,32.9,35.05,35.05,827,1308403359.25,19435,8385,2026-09-16
NIFTY,2026-10-06,21800.0,CE,0.0,0.0,0.0,2389.25,1500.81,0,0.0,0,0,2026-09-16
NIFTY,2026-10-06,24050.0,CE,49.7,50.4,35.1,36.5,36.5,505,790850196.5,16575,-1820,2026-09-16
NIFTY,2026-10-13,21350.0,CE,0.0,0.0,0.0,2409.75,1968.25,0,0.0,0,0,2026-09-16
NIFTY,2026-10-13,22550.0,CE,0.0,0.0,0.0,1294.15,890.16,0,0.0,0,0,2026-09-16
NIFTY,2026-10-13,22850.0,CE,0.0,0.0,0.0,1050.4,673.31,0,0.0,0,0,2026-09-16
NIFTY,2026-09-29,22650.0,CE,712.5,723.65,626.75,674.45,674.45,35,53053702.0,1885,845,2026-09-16
NIFTY,2026-09-29,23050.0,CE,374.05,408.5,324.1,358.15,358.15,737,1121552591.25,27300,12025,2026-09-16
NIFTY,2026-09-29,23300.0,CE,206.3,249.4,183.5,202.6,202.6,91434,139748334817.0,2373085,429715,2026-09-16
NIFTY,2026-09-29,23600.0,CE,79.9,107.6,75.6,81.25,81.25,68288,105144451249.5,2194205,361010,2026-09-16
NIFTY,2026-11-23,23550.0,CE,463.9,463.9,442.95,444.0,608.27,23,35884787.25,3575,780,2026-09-16
NIFTY,2026-11-23,22750.0,CE,0.0,0.0,0.0,932.0,1059.71,0,0.0,65,0,2026-09-16
NIFTY,2026-11-23,21850.0,CE,0.0,0.0,0.0,2860.95,1738.55,0,0.0,0,0,2026-09-16
NIFTY,2026-10-27,26650.0,CE,0.0,0.0,0.0,6.95,3.06,0,0.0,390,0,2026-09-16
NIFTY,2026-10-06,21850.0,CE,0.0,0.0,0.0,2340.55,1453.07,0,0.0,0,0,2026-09-16
NIFTY,2026-09-29,24050.0,CE,20.8,24.5,14.95,15.8,15.8,8576,13417370265.0,314275,55185,2026-09-16
NIFTY,2026-10-06,22600.0,CE,0.0,0.0,0.0,1631.85,791.22,0,0.0,0,0,2026-09-16
NIFTY,2026-10-06,23050.0,CE,415.0,470.9,415.0,422.05,422.05,22,33590001.25,715,715,2026-09-16
NIFTY,2026-10-13,23900.0,PE,655.0,674.15,611.0,667.4,667.4,13,20753131.75,715,65,2026-09-16
NIFTY,2026-10-13,23700.0,PE,533.05,555.0,497.35,523.0,621.12,34,53547572.0,2145,1885,2026-09-16
NIFTY,2026-10-13,23250.0,PE,259.85,299.35,250.0,275.95,275.95,141,215577748.75,4680,2795,2026-09-16
NIFTY,2026-10-13,23000.0,PE,183.8,215.95,166.45,189.85,189.85,500,753553264.75,20930,4615,2026-09-16
NIFTY,2026-10-13,21700.0,PE,0.0,0.0,0.0,14.3,19.4,0,0.0,0,0,2026-09-16
NIFTY,2026-10-13,21600.0,PE,0.0,0.0,0.0,11.2,14.9,0,0.0,0,0,2026-09-16
NIFTY,2026-10-06,24250.0,PE,0.0,0.0,0.0,505.9,1016.71,0,0.0,0,0,2026-09-16
NIFTY,2026-10-06,23650.0,PE,480.9,505.15,463.8,464.2,553.79,29,45489899.0,1495,520,2026-09-16
NIFTY,2026-10-06,22900.0,PE,154.0,158.1,113.95,133.0,133.0,883,1321948101.5,39910,13585,2026-09-16
NIFTY,2026-10-27,26200.0,CE,7.0,8.0,7.0,7.25,7.72,46,78360350.25,8775,1820,2026-09-16
NIFTY,2026-09-29,15000.0,PE,0.0,0.0,0.0,1.1,0.0,0,0.0,92755,0,2026-09-16
NIFTY,2026-10-13,22550.0,PE,0.0,0.0,0.0,83.55,124.02,0,0.0,0,0,2026-09-16
NIFTY,2026-10-13,24250.0,PE,0.0,0.0,0.0,748.2,1028.54,0,0.0,0,0,2026-09-16
NIFTY,2026-10-19,22500.0,PE,0.0,0.0,0.0,166.45,136.77,0,0.0,0,0,2026-09-16
NIFTY,2026-10-19,22950.0,PE,0.0,0.0,0.0,313.1,268.26,0,0.0,0,0,2026-09-16
NIFTY,2026-10-19,23750.0,PE,0.0,0.0,0.0,746.7,672.83,0,0.0,0,0,2026-09-16
NIFTY,2026-10-19,24450.0,PE,0.0,0.0,0.0,1286.65,1194.89,0,0.0,0,0,2026-09-16
NIFTY,2026-10-27,21350.0,PE,35.0,36.0,35.0,36.0,21.36,19,26410800.0,975,975,2026-09-16
NIFTY,2026-10-27,21500.0,PE,37.65,47.0,28.15,43.95,43.95,4336,6071385671.0,129935,129935,2026-09-16
NIFTY,2026-10-27,21650.0,PE,49.9,54.15,44.35,50.2,50.2,368,519030151.25,21060,13585,2026-09-16
NIFTY,2026-10-27,21800.0,PE,50.05,61.3,42.0,57.6,57.6,1567,2226130195.25,90545,22750,2026-09-16
NIFTY,2026-10-27,22350.0,PE,94.2,118.25,92.45,104.7,104.7,206,300635855.0,20215,1625,2026-09-16
NIFTY,2026-10-27,22450.0,PE,108.0,134.15,104.95,118.15,118.15,319,467871953.25,29380,8970,2026-09-16
NIFTY,2026-10-27,23250.0,PE,310.7,360.7,290.0,320.85,320.85,833,1276126146.75,35035,13780,2026-09-16
NIFTY,2026-10-27,23900.0,PE,630.0,726.3,629.05,670.2,670.2,332,530031183.5,173030,6825,2026-09-16
NIFTY,2026-10-27,24050.0,PE,760.0,844.4,750.0,788.1,899.75,4,6457262.5,6240,-195,2026-09-16
NIFTY,2026-10-27,24250.0,PE,920.0,957.75,905.5,940.85,940.85,9,14735285.5,12350,-260,2026-09-16
NIFTY,2026-10-27,25300.0,PE,0.0,0.0,0.0,1800.0,1943.15,0,0.0,650,0,2026-09-16
NIFTY,2026-10-27,26300.0,PE,0.0,0.0,0.0,2121.9,2902.68,0,0.0,0,0,2026-09-16
NIFTY,2026-10-27,27000.0,PE,3670.0,3670.0,3515.0,3567.85,3567.85,405,804991619.25,362635,25350,2026-09-16
NIFTY,2026-11-23,21450.0,PE,0.0,0.0,0.0,29.7,65.89,0,0.0,0,0,2026-09-16
NIFTY,2026-11-23,25950.0,PE,0.0,0.0,0.0,1562.8,2483.82,0,0.0,0,0,2026-09-16
NIFTY,2026-11-23,25400.0,PE,0.0,0.0,0.0,1184.75,1990.84,0,0.0,0,0,2026-09-16
NIFTY,2026-11-23,25200.0,PE,0.0,0.0,0.0,1060.25,1819.43,0,0.0,0,0,2026-09-16
NIFTY,2026-11-23,23400.0,PE,421.4,481.0,406.45,439.15,439.15,265,410665368.75,66885,455,2026-09-16
NIFTY,2026-11-23,23150.0,PE,335.0,378.05,322.95,340.3,476.03,20,30544029.75,2275,-195,2026-09-16
NIFTY,2026-11-23,23050.0,PE,290.9,343.0,290.9,301.65,434.88,21,31881573.75,2210,455,2026-09-16
NIFTY,2026-11-23,22550.0,PE,190.3,190.3,190.0,190.0,264.67,2,2956219.5,2730,130,2026-09-16
NIFTY,2026-11-23,22200.0,PE,140.4,146.5,125.0,134.5,134.5,167,242436184.25,39520,65,2026-09-16
NIFTY,2026-09-22,22900.0,CE,355.9,466.35,346.0,396.9,396.9,15112,22892780368.25,117520,62595,2026-09-16
NIFTY,2026-09-22,23200.0,CE,175.0,230.0,151.9,177.5,177.5,2332111,3545745975447.0,4311775,666705,2026-09-16
NIFTY,2026-09-22,24050.0,CE,6.1,6.1,3.75,4.3,4.3,228059,356581886258.0,1343095,420615,2026-09-16
NIFTY,2031-06-24,16500.0,PE,0.0,0.0,0.0,95.65,72.72,0,0.0,0,0,2026-09-16
NIFTY,2026-09-22,24300.0,CE,3.3,3.3,2.15,2.5,2.5,328177,518411265684.0,2583165,-2185300,2026-09-16
NIFTY,2026-09-22,25250.0,CE,0.95,1.15,0.7,0.9,0.9,19946,32737493581.0,200720,6565,2026-09-16
NIFTY,2026-09-22,25600.0,CE,0.95,1.0,0.65,0.75,0.75,6973,11603430107.75,183755,47385,2026-09-16
NIFTY,2026-09-22,25650.0,CE,0.95,0.95,0.65,0.75,0.75,917,1528913265.75,18265,4290,2026-09-16
NIFTY,2026-09-22,25700.0,CE,0.95,1.0,0.65,0.75,0.75,4715,7876642101.25,78650,35360,2026-09-16
NIFTY,2026-09-22,25800.0,CE,0.9,0.9,0.55,0.65,0.65,42652,71529266077.75,867230,36985,2026-09-16
NIFTY,2026-09-22,25900.0,CE,0.95,0.95,0.6,0.65,0.65,7492,12613135824.25,123435,43225,2026-09-16
NIFTY,2026-09-29,21900.0,CE,0.0,0.0,0.0,1970.0,1369.24,0,0.0,585,0,2026-09-16
NIFTY,2026-09-29,22500.0,CE,801.0,887.7,755.6,811.9,811.9,2041,3094339283.75,636675,6045,2026-09-16
NIFTY,2026-09-29,22950.0,CE,431.6,481.0,392.1,432.8,432.8,275,417973962.25,11050,1690,2026-09-16
NIFTY,2026-09-29,23950.0,CE,32.0,33.05,21.0,22.3,22.3,10247,15969673804.5,342680,64675,2026-09-16
NIFTY,2026-09-29,24200.0,CE,14.8,15.9,9.6,10.35,10.35,50904,80112989541.0,3666000,-20280,2026-09-16
NIFTY,2026-09-29,25350.0,CE,3.85,3.85,2.45,2.6,2.6,426,702017273.75,20215,-4095,2026-09-16
NIFTY,2026-09-29,26250.0,CE,1.5,1.55,0.9,1.15,1.15,164,279837626.25,2210,-2860,2026-09-16
NIFTY,2026-09-29,26350.0,CE,1.05,1.45,0.9,1.2,1.2,41,70225889.5,4030,-1495,2026-09-16
NIFTY,2026-09-29,26550.0,CE,1.9,1.9,0.9,0.9,0.9,64,110451887.0,4680,0,2026-09-16
NIFTY,2026-09-29,27200.0,CE,1.3,1.35,1.05,1.15,1.15,892,1577125537.0,76050,19435,2026-09-16
NIFTY,2026-09-29,34500.0,CE,1.0,3.95,0.3,0.4,0.4,81,181650105.0,9815,0,2026-09-16
NIFTY,2026-10-06,22850.0,CE,0.0,0.0,0.0,1410.45,606.71,0,0.0,0,0,2026-09-16
NIFTY,2026-10-06,23250.0,CE,303.85,330.25,269.55,292.15,292.15,897,1373352516.25,17745,7150,2026-09-16
NIFTY,2026-10-06,23400.0,CE,204.9,252.0,196.05,213.35,213.35,1251,1920994474.75,63895,13845,2026-09-16
NIFTY,2026-10-06,23550.0,CE,156.6,177.0,136.65,150.0,150.0,827,1274599361.75,20995,8840,2026-09-16
NIFTY,2026-10-06,24750.0,CE,8.3,10.15,8.15,8.15,19.34,11,17702386.0,1885,0,2026-09-16
NIFTY,2026-10-13,21500.0,CE,0.0,0.0,0.0,2263.45,1822.87,0,0.0,0,0,2026-09-16
NIFTY,2026-10-13,21650.0,CE,0.0,0.0,0.0,2118.25,1679.23,0,0.0,0,0,2026-09-16
NIFTY,2026-10-13,21850.0,CE,0.0,0.0,0.0,1927.0,1491.36,0,0.0,0,0,2026-09-16
NIFTY,2026-10-13,23750.0,CE,135.0,151.45,128.15,135.4,135.4,103,159935714.25,6175,4810,2026-09-16
NIFTY,2026-10-13,24150.0,CE,0.0,0.0,0.0,302.85,121.0,0,0.0,0,0,2026-09-16
NIFTY,2026-10-13,24750.0,CE,0.0,0.0,0.0,137.9,40.05,0,0.0,0,0,2026-09-16
NIFTY,2026-10-13,25100.0,CE,8.1,8.6,8.0,8.0,19.06,31,50593094.5,1495,1495,2026-09-16
NIFTY,2026-10-19,23400.0,CE,0.0,0.0,0.0,376.35,419.07,0,0.0,0,0,2026-09-16
NIFTY,2026-10-19,23600.0,CE,241.4,257.0,221.0,222.3,222.3,26,40282638.5,1365,1365,2026-09-16
NIFTY,2026-10-19,23650.0,CE,0.0,0.0,0.0,278.5,312.44,0,0.0,0,0,2026-09-16
NIFTY,2026-10-19,23700.0,CE,0.0,0.0,0.0,261.35,293.68,0,0.0,0,0,2026-09-16
NIFTY,2026-10-19,23800.0,CE,0.0,0.0,0.0,229.5,258.63,0,0.0,0,0,2026-09-16
NIFTY,2026-10-19,23850.0,CE,0.0,0.0,0.0,214.7,242.31,0,0.0,0,0,2026-09-16
NIFTY,2026-10-19,24000.0,CE,0.0,0.0,0.0,175.7,197.95,0,0.0,0,0,2026-09-16
NIFTY,2026-10-19,24500.0,CE,0.0,0.0,0.0,81.9,94.0,0,0.0,0,0,2026-09-16
NIFTY,2026-10-19,24700.0,CE,0.0,0.0,0.0,58.6,67.56,0,0.0,0,0,2026-09-16
NIFTY,2026-10-27,22150.0,CE,1309.05,1316.05,1296.2,1313.15,1321.73,77,117427375.0,4810,4810,2026-09-16
NIFTY,2026-10-27,22300.0,CE,0.0,0.0,0.0,1310.3,1199.19,0,0.0,130,0,2026-09-16
NIFTY,2026-10-27,22400.0,CE,0.0,0.0,0.0,2083.15,1120.33,0,0.0,0,0,2026-09-16
NIFTY,2026-10-27,22600.0,CE,899.0,932.1,866.0,927.4,970.82,23,35138587.25,1300,975,2026-09-16
NIFTY,2026-10-27,22700.0,CE,814.8,859.8,791.8,823.55,898.77,26,39751432.5,1755,1105,2026-09-16
NIFTY,2030-12-31,18000.0,PE,0.0,0.0,0.0,32.3,137.15,0,0.0,0,0,2026-09-16
NIFTY,2030-06-25,30000.0,PE,0.0,0.0,0.0,2100.85,3087.44,0,0.0,0,0,2026-09-16
NIFTY,2030-06-25,27000.0,PE,0.0,0.0,0.0,1286.05,1864.48,0,0.0,0,0,2026-09-16
NIFTY,2030-06-25,22500.0,PE,0.0,0.0,0.0,223.75,656.62,0,0.0,0,0,2026-09-16
NIFTY,2030-06-25,18000.0,PE,0.0,0.0,0.0,116.65,130.9,0,0.0,0,0,2026-09-16
NIFTY,2030-06-25,15000.0,PE,0.0,0.0,0.0,29.65,25.87,0,0.0,0,0,2026-09-16
NIFTY,2029-12-24,15000.0,PE,0.0,0.0,0.0,29.0,21.16,0,0.0,65,0,2026-09-16
NIFTY,2027-12-28,27000.0,PE,2223.8,2280.0,2170.0,2200.9,2694.04,84,159471380.25,51180,975,2026-09-16
NIFTY,2027-12-28,16500.0,PE,0.0,0.0,0.0,52.05,10.8,0,0.0,130,0,2026-09-16
NIFTY,2027-03-30,27000.0,PE,2921.0,2997.8,2850.0,2921.4,2921.4,205,398502877.5,53170,260,2026-09-16
NIFTY,2026-10-27,22850.0,CE,690.0,690.0,680.1,687.05,797.5,7,10709864.75,455,455,2026-09-16
NIFTY,2026-10-27,24000.0,CE,137.0,149.8,126.6,131.8,131.8,24320,38156427322.0,2306005,108355,2026-09-16
NIFTY,2026-10-27,24400.0,CE,65.0,69.75,56.6,59.05,59.05,4512,7174652810.0,312975,33605,2026-09-16
NIFTY,2026-10-27,24450.0,CE,57.25,63.2,51.25,52.65,52.65,315,501779632.25,42965,4485,2026-09-16
NIFTY,2026-10-27,24900.0,CE,28.55,28.9,22.25,23.9,23.9,924,1497087059.0,188825,2730,2026-09-16
NIFTY,2026-10-27,25550.0,CE,0.0,0.0,0.0,15.4,25.95,0,0.0,1560,0,2026-09-16
NIFTY,2026-10-27,25700.0,CE,13.85,13.85,10.0,10.25,10.25,276,461257488.25,58110,1495,2026-09-16
NIFTY,2026-10-27,25900.0,CE,11.95,11.95,8.65,8.75,8.75,18,30313565.75,4355,195,2026-09-16
NIFTY,2026-10-27,27050.0,CE,4.5,4.5,4.3,4.3,1.26,6,10551242.0,5850,325,2026-09-16
NIFTY,2026-10-27,27150.0,CE,0.0,0.0,0.0,5.0,1.01,0,0.0,1950,0,2026-09-16
NIFTY,2026-11-23,21650.0,CE,0.0,0.0,0.0,3045.65,1908.84,0,0.0,0,0,2026-09-16
NIFTY,2026-11-23,22100.0,CE,0.0,0.0,0.0,1454.35,1534.52,0,0.0,195,0,2026-09-16
NIFTY,2026-11-23,22600.0,CE,0.0,0.0,0.0,2198.8,1161.25,0,0.0,0,0,2026-09-16
NIFTY,2026-12-29,31500.0,PE,0.0,0.0,0.0,4059.3,7720.45,0,0.0,0,0,2026-09-16
NIFTY,2026-12-29,28000.0,PE,4172.2,4290.0,4159.65,4225.5,4225.5,182,381057378.0,944235,-2855,2026-09-16
NIFTY,2026-12-29,21000.0,PE,87.05,87.7,71.35,86.05,86.05,14964,20506415761.0,1534890,166565,2026-09-16
NIFTY,2026-11-23,23250.0,CE,603.6,634.45,603.6,611.55,759.37,13,20166370.25,1495,130,2026-09-16
NIFTY,2026-11-23,24050.0,CE,233.0,244.2,230.0,232.55,232.55,81,127869462.5,3250,780,2026-09-16
NIFTY,2026-11-23,24350.0,CE,163.7,163.7,148.2,148.2,148.2,44,70092740.25,11765,585,2026-09-16
NIFTY,2026-11-23,24550.0,CE,114.65,120.7,110.8,111.3,111.3,163,261340933.75,12090,780,2026-09-16
NIFTY,2026-11-23,25100.0,CE,56.5,60.8,48.15,50.45,50.45,654,1069304450.5,52455,-26000,2026-09-16
NIFTY,2026-11-23,25150.0,CE,0.0,0.0,0.0,588.45,139.35,0,0.0,0,0,2026-09-16
NIFTY,2026-11-23,25750.0,CE,0.0,0.0,0.0,386.65,70.39,0,0.0,0,0,2026-09-16
NIFTY,2026-11-23,25800.0,CE,0.0,0.0,0.0,372.6,66.28,0,0.0,0,0,2026-09-16
NIFTY,2026-11-23,26100.0,CE,0.0,0.0,0.0,22.75,45.72,0,0.0,65,0,2026-09-16
NIFTY,2026-12-29,15000.0,CE,0.0,0.0,0.0,5977.65,8485.3,0,0.0,0,0,2026-09-16
NIFTY,2026-12-29,24000.0,CE,421.2,449.0,394.5,424.1,424.1,8995,14282268487.5,1952845,69615,2026-09-16
NIFTY,2026-12-29,30000.0,CE,8.35,8.75,7.2,8.3,8.3,1533,2990141401.0,794615,14010,2026-09-16
NIFTY,2027-06-29,18000.0,CE,0.0,0.0,0.0,4066.45,6102.66,0,0.0,0,0,2026-09-16
NIFTY,2028-06-27,21000.0,CE,0.0,0.0,0.0,5226.55,4819.12,0,0.0,0,0,2026-09-16
NIFTY,2028-12-26,19500.0,CE,0.0,0.0,0.0,9716.4,6537.84,0,0.0,0,0,2026-09-16
NIFTY,2028-12-26,33000.0,CE,0.0,0.0,0.0,2477.5,660.74,0,0.0,0,0,2026-09-16
NIFTY,2029-06-26,24000.0,CE,0.0,0.0,0.0,8085.35,4146.94,0,0.0,0,0,2026-09-16
NIFTY,2029-12-24,27000.0,CE,0.0,0.0,0.0,6201.65,3263.87,0,0.0,0,0,2026-09-16
NIFTY,2030-12-31,33000.0,CE,0.0,0.0,0.0,3948.25,2286.95,0,0.0,0,0,2026-09-16
NIFTY,2026-09-22,21400.0,PE,2.0,3.25,1.6,2.9,2.9,162862,226569562261.25,1652690,1652690,2026-09-16
NIFTY,2026-09-22,21800.0,PE,4.75,5.5,3.2,4.25,4.25,195072,276470101781.25,1948960,956995,2026-09-16
NIFTY,2026-09-22,22200.0,PE,10.2,11.25,6.6,8.35,8.35,240980,347863308741.0,3131830,1301170,2026-09-16
NIFTY,2026-09-22,23100.0,PE,120.0,140.8,80.3,99.15,99.15,1903886,2871813674808.0,4245085,2054780,2026-09-16
NIFTY,2026-09-22,23200.0,PE,151.9,185.0,108.85,134.1,134.1,3561470,5403389379059.75,7467135,2914210,2026-09-16
NIFTY,2026-09-22,23750.0,PE,520.1,590.8,450.0,517.65,517.65,2914,4594651174.75,106925,-5460,2026-09-16
NIFTY,2026-09-22,24250.0,PE,1034.65,1060.9,930.8,1005.45,1005.45,815,1335920394.25,46865,29510,2026-09-16
NIFTY,2026-09-22,25350.0,PE,0.0,0.0,0.0,1190.0,2107.74,0,0.0,0,0,2026-09-16
NIFTY,2026-09-22,25500.0,PE,2199.05,2250.0,2184.9,2249.15,2249.15,21,37838186.75,61945,195,2026-09-16
NIFTY,2026-09-29,22000.0,PE,22.0,22.75,15.6,18.7,18.7,59797,85583286610.25,3761355,120055,2026-09-16
NIFTY,2026-09-29,22700.0,PE,73.55,83.4,52.6,64.7,64.7,32901,48681816657.5,1230775,344110,2026-09-16
NIFTY,2026-09-29,23100.0,PE,179.4,191.8,127.5,152.95,152.95,37930,57333518508.5,1083745,139230,2026-09-16
NIFTY,2026-09-29,23800.0,PE,614.95,634.5,479.35,561.85,561.85,8336,13194340370.25,1670695,-86645,2026-09-16
NIFTY,2026-09-29,25100.0,PE,1800.0,1838.35,1765.0,1825.0,1830.87,9,15741989.25,98085,-325,2026-09-16
NIFTY,2026-09-29,25500.0,PE,2274.0,2282.45,2148.9,2225.7,2225.7,954,1718725729.5,1469000,-10010,2026-09-16
NIFTY,2026-09-29,26100.0,PE,0.0,0.0,0.0,1712.15,2827.44,0,0.0,9360,0,2026-09-16
NIFTY,2026-09-29,26250.0,PE,0.0,0.0,0.0,2180.0,2977.12,0,0.0,0,0,2026-09-16
NIFTY,2026-09-29,26600.0,PE,0.0,0.0,0.0,2474.55,3326.37,0,0.0,0,0,2026-09-16
NIFTY,2026-10-06,21500.0,PE,0.0,0.0,0.0,3.4,4.67,0,0.0,0,0,2026-09-16
NIFTY,2026-10-06,22400.0,PE,57.7,61.35,48.95,55.25,55.25,205,299213625.75,5720,5720,2026-09-16
NIFTY,2026-10-06,22850.0,PE,115.5,143.5,105.45,121.1,121.1,355,530024878.5,10595,9750,2026-09-16
NIFTY,2026-10-06,24550.0,PE,0.0,0.0,0.0,677.9,1284.66,0,0.0,0,0,2026-09-16
NIFTY,2026-10-06,24600.0,PE,0.0,0.0,0.0,709.3,1330.88,0,0.0,0,0,2026-09-16
NIFTY,2026-10-06,25250.0,PE,0.0,0.0,0.0,1181.55,1955.46,0,0.0,0,0,2026-09-16
NIFTY,2026-10-13,21350.0,PE,0.0,0.0,0.0,5.85,7.35,0,0.0,0,0,2026-09-16
NIFTY,2026-10-13,21400.0,PE,0.0,0.0,0.0,6.7,8.52,0,0.0,0,0,2026-09-16
NIFTY,2026-10-13,21450.0,PE,0.0,0.0,0.0,7.65,9.83,0,0.0,0,0,2026-09-16
NIFTY,2026-10-13,21550.0,PE,0.0,0.0,0.0,9.85,13.01,0,0.0,0,0,2026-09-16
NIFTY,2026-10-13,22500.0,PE,90.0,103.65,75.9,88.85,88.85,608,892640651.5,25285,11635,2026-09-16
NIFTY,2027-06-29,31500.0,CE,0.0,0.0,0.0,769.15,51.08,0,0.0,0,0,2026-09-16
NIFTY,2028-06-27,18000.0,CE,0.0,0.0,0.0,6809.35,7203.33,0,0.0,0,0,2026-09-16
NIFTY,2029-06-26,28500.0,CE,0.0,0.0,0.0,4213.3,2152.63,0,0.0,0,0,2026-09-16
NIFTY,2029-06-26,30000.0,CE,0.0,0.0,0.0,5268.4,1691.15,0,0.0,0,0,2026-09-16
NIFTY,2029-12-24,15000.0,CE,0.0,0.0,0.0,13369.45,11042.43,0,0.0,0,0,2026-09-16
NIFTY,2029-12-24,31500.0,CE,0.0,0.0,0.0,3429.3,1754.89,0,0.0,0,0,2026-09-16
NIFTY,2030-06-25,22500.0,CE,0.0,0.0,0.0,9012.4,6150.33,0,0.0,0,0,2026-09-16
NIFTY,2030-12-31,30000.0,CE,0.0,0.0,0.0,5227.2,3191.42,0,0.0,0,0,2026-09-16
NIFTY,2031-06-24,24000.0,CE,0.0,0.0,0.0,7181.9,6349.92,0,0.0,0,0,2026-09-16
NIFTY,2026-09-22,21700.0,PE,3.6,4.8,2.8,3.8,3.8,232253,327649263675.5,5857930,632125,2026-09-16
NIFTY,2026-09-22,23700.0,PE,519.0,548.85,404.4,471.75,471.75,13474,21161972757.25,793520,-44655,2026-09-16
NIFTY,2026-09-22,24350.0,PE,1153.8,1170.55,1038.35,1100.0,1100.0,15,24822434.0,11635,-260,2026-09-16
NIFTY,2026-09-22,24500.0,PE,1213.6,1325.75,1180.0,1255.25,1255.25,487,815060769.25,288405,-13650,2026-09-16
NIFTY,2026-09-22,25000.0,PE,1705.0,1818.0,1676.9,1753.15,1753.15,209,363060906.0,71630,-8580,2026-09-16
NIFTY,2026-09-22,25100.0,PE,0.0,0.0,0.0,1865.2,1857.99,0,0.0,1105,0,2026-09-16
NIFTY,2026-09-22,25300.0,PE,2050.0,2050.0,2050.0,2050.0,2050.0,8,14222000.0,585,520,2026-09-16
NIFTY,2026-09-22,25600.0,PE,0.0,0.0,0.0,2130.0,2357.5,0,0.0,325,0,2026-09-16
NIFTY,2026-09-29,21350.0,PE,6.25,10.1,6.25,8.35,8.35,383,531719448.0,14300,14300,2026-09-16
NIFTY,2026-09-29,21550.0,PE,11.1,11.25,9.4,10.45,10.45,251,351758745.0,4420,4420,2026-09-16
NIFTY,2026-09-29,21850.0,PE,13.45,18.2,12.7,15.35,15.35,2087,2966129595.0,59410,-22490,2026-09-16
NIFTY,2026-09-29,22150.0,PE,20.55,28.55,18.85,23.0,23.0,2847,4103223640.75,95420,40755,2026-09-16
NIFTY,2026-09-29,22800.0,PE,85.0,103.1,67.25,80.55,80.55,46381,68980126250.75,1561950,298025,2026-09-16
NIFTY,2026-09-29,22950.0,PE,129.4,140.15,92.9,111.85,111.85,7675,11505188181.5,312780,66625,2026-09-16
NIFTY,2026-09-29,24700.0,PE,1376.35,1492.35,1370.0,1430.5,1430.5,260,441407170.75,229060,-8515,2026-09-16
NIFTY,2026-09-29,25800.0,PE,0.0,0.0,0.0,2350.0,2528.11,0,0.0,20930,0,2026-09-16
NIFTY,2026-09-29,26650.0,PE,0.0,0.0,0.0,2517.6,3376.27,0,0.0,0,0,2026-09-16
NIFTY,2026-09-29,26800.0,PE,0.0,0.0,0.0,2222.1,3525.95,0,0.0,1365,0,2026-09-16
NIFTY,2026-09-29,27100.0,PE,0.0,0.0,0.0,2914.15,3825.32,0,0.0,0,0,2026-09-16
NIFTY,2026-09-29,30000.0,PE,6764.1,6775.0,6678.3,6715.0,6719.21,36,85895524.0,137215,-1690,2026-09-16
NIFTY,2026-10-06,22700.0,PE,100.0,112.75,79.55,93.45,93.45,649,961553440.25,22880,15405,2026-09-16
NIFTY,2026-10-06,23000.0,PE,161.0,187.55,136.0,159.65,159.65,7441,11201101304.25,226980,121420,2026-09-16
NIFTY,2026-10-06,24300.0,PE,0.0,0.0,0.0,493.95,1060.08,0,0.0,130,0,2026-09-16
NIFTY,2026-10-06,24650.0,PE,0.0,0.0,0.0,741.5,1377.46,0,0.0,0,0,2026-09-16
NIFTY,2026-10-06,25400.0,PE,0.0,0.0,0.0,1304.85,2103.2,0,0.0,0,0,2026-09-16
NIFTY,2026-10-06,25450.0,PE,0.0,0.0,0.0,1346.9,2152.6,0,0.0,0,0,2026-09-16
NIFTY,2026-10-06,25650.0,PE,0.0,0.0,0.0,1519.5,2350.7,0,0.0,0,0,2026-09-16
NIFTY,2026-10-13,21650.0,PE,30.0,30.0,30.0,30.0,30.0,3,4227600.0,195,195,2026-09-16
NIFTY,2026-10-13,21950.0,PE,0.0,0.0,0.0,25.4,35.91,0,0.0,0,0,2026-09-16
NIFTY,2026-10-13,22800.0,PE,127.75,158.95,124.7,140.5,140.5,362,539696381.25,13585,7930,2026-09-16
NIFTY,2026-10-13,23100.0,PE,210.4,255.8,196.9,220.6,220.6,209,316838759.25,4680,1625,2026-09-16
NIFTY,2026-10-13,23750.0,PE,0.0,0.0,0.0,456.25,654.12,0,0.0,0,0,2026-09-16
NIFTY,2026-10-13,24900.0,PE,0.0,0.0,0.0,1237.05,1602.99,0,0.0,0,0,2026-09-16
NIFTY,2026-10-13,25050.0,PE,0.0,0.0,0.0,1363.6,1744.23,0,0.0,0,0,2026-09-16
NIFTY,2026-10-13,25100.0,PE,0.0,0.0,0.0,1406.65,1791.78,0,0.0,0,0,2026-09-16
NIFTY,2026-11-23,25350.0,CE,0.0,0.0,0.0,514.1,111.87,0,0.0,0,0,2026-09-16
NIFTY,2026-11-23,25000.0,CE,64.5,68.0,58.35,59.85,59.85,4581,7462575513.25,559325,12935,2026-09-16
NIFTY,2026-11-23,24700.0,CE,98.5,98.85,88.05,90.0,90.0,822,1324685095.5,63375,13000,2026-09-16
NIFTY,2026-11-23,24400.0,CE,152.35,152.5,136.5,138.45,138.45,488,778547818.75,43680,-6175,2026-09-16
NIFTY,2026-11-23,22900.0,CE,863.95,870.0,821.95,834.3,963.33,9,13892154.25,455,130,2026-09-16
NIFTY,2026-11-23,22550.0,CE,0.0,0.0,0.0,2241.1,1196.22,0,0.0,0,0,2026-09-16
NIFTY,2026-11-23,22050.0,CE,0.0,0.0,0.0,1497.25,1574.48,0,0.0,195,0,2026-09-16
NIFTY,2026-11-23,21550.0,CE,0.0,0.0,0.0,3139.0,1996.07,0,0.0,0,0,2026-09-16
NIFTY,2026-10-27,26950.0,CE,0.0,0.0,0.0,4.25,1.58,0,0.0,780,0,2026-09-16
NIFTY,2026-10-27,26800.0,CE,0.0,0.0,0.0,6.25,2.21,0,0.0,650,0,2026-09-16
NIFTY,2026-10-27,26550.0,CE,6.4,6.4,5.6,6.25,3.78,35,60414656.25,650,390,2026-09-16
NIFTY,2026-10-27,26150.0,CE,0.0,0.0,0.0,9.75,8.52,0,0.0,780,0,2026-09-16
NIFTY,2026-10-27,24350.0,CE,76.55,76.65,63.7,66.2,66.2,413,655567428.75,41145,1105,2026-09-16
NIFTY,2026-10-27,23300.0,CE,410.0,463.2,391.35,417.65,417.65,3586,5530163973.75,192400,11050,2026-09-16
NIFTY,2026-10-27,22900.0,CE,696.2,706.85,643.6,681.7,681.7,100,153248423.25,5460,2470,2026-09-16
NIFTY,2026-10-27,22200.0,CE,1220.85,1272.0,1220.5,1272.0,1280.34,44,66990810.25,2730,2665,2026-09-16
NIFTY,2026-10-19,22050.0,PE,0.0,0.0,0.0,77.0,60.86,0,0.0,0,0,2026-09-16
NIFTY,2026-10-19,22650.0,PE,0.0,0.0,0.0,207.4,173.47,0,0.0,0,0,2026-09-16
NIFTY,2026-10-19,23250.0,PE,0.0,0.0,0.0,449.7,393.61,0,0.0,0,0,2026-09-16
NIFTY,2026-10-19,23450.0,PE,0.0,0.0,0.0,558.4,494.79,0,0.0,0,0,2026-09-16
NIFTY,2026-10-19,23600.0,PE,0.0,0.0,0.0,648.9,579.98,0,0.0,0,0,2026-09-16
NIFTY,2026-10-19,23900.0,PE,0.0,0.0,0.0,851.5,772.99,0,0.0,0,0,2026-09-16
NIFTY,2026-10-19,24100.0,PE,0.0,0.0,0.0,1001.35,918.17,0,0.0,0,0,2026-09-16
NIFTY,2026-10-19,24300.0,PE,0.0,0.0,0.0,1161.1,1072.35,0,0.0,0,0,2026-09-16
NIFTY,2026-10-19,24750.0,PE,0.0,0.0,0.0,1549.95,1453.4,0,0.0,0,0,2026-09-16
NIFTY,2026-10-27,23200.0,PE,338.1,343.1,272.0,301.95,301.95,5930,9058903311.25,426010,109655,2026-09-16
NIFTY,2026-10-27,23700.0,PE,554.25,600.3,497.15,541.5,541.5,916,1443126204.0,327080,-3900,2026-09-16
NIFTY,2026-10-27,24450.0,PE,1090.0,1090.0,1058.45,1058.45,1201.94,2,3318149.25,11635,-65,2026-09-16
NIFTY,2026-10-27,25800.0,PE,0.0,0.0,0.0,2325.0,2416.46,0,0.0,455,0,2026-09-16
NIFTY,2026-10-27,26050.0,PE,0.0,0.0,0.0,1920.65,2658.47,0,0.0,0,0,2026-09-16
NIFTY,2026-11-23,21750.0,PE,0.0,0.0,0.0,65.0,100.78,0,0.0,455,0,2026-09-16
NIFTY,2026-11-23,22250.0,PE,145.6,157.1,139.6,142.0,142.0,24,34935767.75,2340,-585,2026-09-16
NIFTY,2026-11-23,22850.0,PE,248.95,281.5,236.9,254.7,254.7,34,51048065.25,1885,975,2026-09-16
NIFTY,2026-11-23,22900.0,PE,261.05,296.6,245.35,268.1,268.1,100,150609036.5,9620,1885,2026-09-16
NIFTY,2026-11-23,23750.0,PE,610.0,610.0,610.0,610.0,774.19,2,3166800.0,4030,0,2026-09-16
NIFTY,2026-11-23,24300.0,PE,951.8,992.5,917.85,961.65,961.65,88,144430214.5,13520,585,2026-09-16
NIFTY,2026-11-23,24750.0,PE,0.0,0.0,0.0,807.55,1453.82,0,0.0,0,0,2026-09-16
NIFTY,2026-11-23,25800.0,PE,0.0,0.0,0.0,1454.8,2346.68,0,0.0,0,0,2026-09-16
NIFTY,2026-11-23,26050.0,PE,0.0,0.0,0.0,1637.9,2576.18,0,0.0,0,0,2026-09-16
NIFTY,2026-12-29,25500.0,PE,1862.45,1940.0,1816.85,1869.75,1869.75,117,208082043.0,364520,-1105,2026-09-16
NIFTY,2027-03-30,21000.0,PE,135.0,138.6,121.0,130.45,130.45,2632,3614694190.25,862940,37440,2026-09-16
NIFTY,2027-03-30,28500.0,PE,0.0,0.0,0.0,2937.15,4427.95,0,0.0,65,0,2026-09-16
NIFTY,2027-06-29,16500.0,PE,0.0,0.0,0.0,22.2,2.2,0,0.0,780,0,2026-09-16
NIFTY,2027-12-28,25500.0,PE,0.0,0.0,0.0,676.05,1828.98,0,0.0,0,0,2026-09-16
NIFTY,2028-06-27,22500.0,PE,0.0,0.0,0.0,206.95,678.61,0,0.0,0,0,2026-09-16
NIFTY,2028-06-27,31500.0,PE,0.0,0.0,0.0,2935.6,5466.07,0,0.0,0,0,2026-09-16
NIFTY,2028-12-26,19500.0,PE,0.0,0.0,0.0,49.0,204.01,0,0.0,0,0,2026-09-16
NIFTY,2030-12-31,22500.0,PE,0.0,0.0,0.0,219.35,633.83,0,0.0,0,0,2026-09-16
NIFTY,2030-12-31,28500.0,PE,0.0,0.0,0.0,1083.1,2254.06,0,0.0,0,0,2026-09-16
NIFTY,2026-10-13,21550.0,CE,0.0,0.0,0.0,2214.9,1774.77,0,0.0,0,0,2026-09-16
NIFTY,2026-10-06,25750.0,CE,4.45,4.45,3.2,3.35,3.35,27,45197441.25,1170,65,2026-09-16
NIFTY,2026-10-06,25600.0,CE,3.95,3.95,3.6,3.6,1.62,8,13313969.5,2600,-455,2026-09-16
NIFTY,2026-10-06,25550.0,CE,0.0,0.0,0.0,5.95,1.9,0,0.0,2600,0,2026-09-16
NIFTY,2026-10-06,24800.0,CE,9.1,9.7,7.05,7.1,7.1,139,224144001.25,4225,1690,2026-09-16
NIFTY,2026-10-06,24600.0,CE,13.0,14.2,9.9,10.15,10.15,994,1590156987.25,58955,10140,2026-09-16
NIFTY,2026-10-06,23950.0,CE,56.0,64.4,47.3,50.35,50.35,314,489943285.0,36270,10465,2026-09-16
NIFTY,2026-10-06,22800.0,CE,606.9,637.4,565.0,603.0,603.0,39,59326679.75,1560,1105,2026-09-16
NIFTY,2026-10-06,22000.0,CE,0.0,0.0,0.0,2195.25,1311.69,0,0.0,0,0,2026-09-16
NIFTY,2026-10-06,21600.0,CE,0.0,0.0,0.0,2585.0,1694.15,0,0.0,0,0,2026-09-16
NIFTY,2026-10-06,21550.0,CE,0.0,0.0,0.0,2634.15,1742.95,0,0.0,0,0,2026-09-16
NIFTY,2026-09-29,26900.0,CE,0.9,0.95,0.9,0.9,0.9,19,33222614.75,5720,0,2026-09-16
NIFTY,2026-09-29,26700.0,CE,0.0,0.0,0.0,1.55,0.0,0,0.0,2665,0,2026-09-16
NIFTY,2026-09-29,25650.0,CE,2.55,2.55,2.05,2.2,2.2,316,526899285.25,40755,11245,2026-09-16
NIFTY,2026-09-29,24850.0,CE,5.55,5.55,3.8,3.95,3.95,2912,4704419944.25,255775,-4485,2026-09-16
NIFTY,2026-09-29,24100.0,CE,18.8,20.8,12.75,13.55,13.55,41890,65667094408.5,1751100,-79300,2026-09-16
NIFTY,2026-09-29,24000.0,CE,21.85,28.3,17.85,18.8,18.8,159240,248653971748.0,9940775,741065,2026-09-16
NIFTY,2026-09-29,23900.0,CE,32.95,38.95,24.8,26.3,26.3,64892,100939439029.0,2346240,464555,2026-09-16
NIFTY,2026-09-22,26050.0,CE,0.9,0.95,0.55,0.65,0.65,4680,7924623021.25,69225,59735,2026-09-16
NIFTY,2026-09-22,24650.0,CE,1.85,1.9,1.2,1.6,1.6,71175,114047266703.5,406900,214435,2026-09-16
NIFTY,2026-09-22,24200.0,CE,4.2,4.3,2.7,3.05,3.05,349394,549669257637.5,3886155,1125475,2026-09-16
NIFTY,2026-09-22,23450.0,CE,75.0,94.65,57.9,64.1,64.1,899366,1375246490718.75,2242825,132990,2026-09-16
NIFTY,2026-09-22,23400.0,CE,80.15,116.85,71.7,80.8,80.8,1818383,2776769564634.0,5638945,-632580,2026-09-16
NIFTY,2026-09-22,23350.0,CE,99.0,141.0,88.0,100.8,100.8,1021077,1557299155980.75,1724645,339235,2026-09-16
NIFTY,2026-09-22,23050.0,CE,287.15,340.0,238.9,278.65,278.65,75898,115136173967.75,163605,71630,2026-09-16
NIFTY,2030-12-31,31500.0,PE,0.0,0.0,0.0,1885.5,3504.36,0,0.0,0,0,2026-09-16
NIFTY,2031-06-24,22500.0,PE,0.0,0.0,0.0,663.6,610.64,0,0.0,0,0,2026-09-16
NIFTY,2031-06-24,33000.0,PE,0.0,0.0,0.0,3810.15,3911.61,0,0.0,0,0,2026-09-16
NIFTY,2026-10-13,22900.0,CE,0.0,0.0,0.0,1011.95,640.26,0,0.0,0,0,2026-09-16
NIFTY,2026-10-13,24400.0,CE,0.0,0.0,0.0,130.25,78.3,0,0.0,65,0,2026-09-16
NIFTY,2026-10-13,24800.0,CE,17.7,17.7,11.7,12.7,12.7,339,546796952.0,22425,-1495,2026-09-16
NIFTY,2026-10-19,21400.0,CE,0.0,0.0,0.0,1855.05,1953.85,0,0.0,0,0,2026-09-16
NIFTY,2026-10-19,21900.0,CE,0.0,0.0,0.0,1396.0,1487.32,0,0.0,0,0,2026-09-16
NIFTY,2026-10-19,22200.0,CE,0.0,0.0,0.0,1140.8,1225.11,0,0.0,0,0,2026-09-16
NIFTY,2026-10-19,22550.0,CE,0.0,0.0,0.0,870.4,944.42,0,0.0,0,0,2026-09-16
NIFTY,2026-10-19,23000.0,CE,0.0,0.0,0.0,577.95,635.62,0,0.0,0,0,2026-09-16
NIFTY,2026-10-19,24550.0,CE,0.0,0.0,0.0,75.45,86.7,0,0.0,0,0,2026-09-16
NIFTY,2026-10-27,21450.0,CE,0.0,0.0,0.0,2911.0,1945.77,0,0.0,0,0,2026-09-16
NIFTY,2026-10-27,21700.0,CE,0.0,0.0,0.0,2684.55,1714.81,0,0.0,0,0,2026-09-16
NIFTY,2026-10-27,21900.0,CE,0.0,0.0,0.0,2507.4,1535.93,0,0.0,0,0,2026-09-16
NIFTY,2026-11-23,26050.0,CE,0.0,0.0,0.0,309.45,48.7,0,0.0,0,0,2026-09-16
NIFTY,2026-12-29,23000.0,CE,945.0,1018.35,935.1,978.8,978.8,11447,17846728051.75,767285,-227615,2026-09-16
NIFTY,2027-06-29,19000.0,CE,0.0,0.0,0.0,7800.0,5179.42,0,0.0,75,0,2026-09-16
NIFTY,2026-09-29,24100.0,PE,842.2,904.7,775.0,835.65,835.65,2519,4082443111.5,808080,-35750,2026-09-16
NIFTY,2026-09-29,23950.0,PE,672.85,766.1,655.0,699.75,699.75,189,302885069.5,124345,-7150,2026-09-16
NIFTY,2026-09-29,23750.0,PE,547.25,590.05,461.95,524.5,524.5,818,1289695618.25,139555,-20085,2026-09-16
NIFTY,2026-09-29,23700.0,PE,499.8,548.8,422.5,481.7,481.7,5112,8032613241.25,1093950,-22035,2026-09-16
NIFTY,2026-09-29,23150.0,PE,198.6,211.35,142.45,170.35,170.35,22951,34796555774.5,427180,33475,2026-09-16
NIFTY,2026-09-29,22250.0,PE,24.0,34.2,22.2,27.2,27.2,1677,2428304092.5,69290,7995,2026-09-16
NIFTY,2026-10-06,22950.0,PE,135.5,171.15,125.25,144.9,144.9,388,582456078.75,9100,6955,2026-09-16
NIFTY,2026-10-06,23200.0,PE,238.65,262.4,193.9,224.05,224.05,2679,4078986811.25,93470,30680,2026-09-16
NIFTY,2026-10-06,23350.0,PE,280.05,330.8,252.8,289.95,289.95,285,437894915.25,13910,5070,2026-09-16
NIFTY,2026-10-06,23850.0,PE,568.6,645.0,563.45,599.2,694.38,29,46075675.75,4225,-65,2026-09-16
NIFTY,2026-10-06,24350.0,PE,0.0,0.0,0.0,560.0,1104.01,0,0.0,0,0,2026-09-16
NIFTY,2026-10-06,25100.0,PE,0.0,0.0,0.0,1063.1,1808.6,0,0.0,0,0,2026-09-16
NIFTY,2026-10-06,25150.0,PE,0.0,0.0,0.0,1102.0,1857.44,0,0.0,0,0,2026-09-16
NIFTY,2026-10-06,25500.0,PE,0.0,0.0,0.0,1389.4,2202.05,0,0.0,0,0,2026-09-16
NIFTY,2026-10-13,21500.0,PE,0.0,0.0,0.0,8.7,11.33,0,0.0,0,0,2026-09-16
NIFTY,2026-10-13,21800.0,PE,0.0,0.0,0.0,18.1,25.01,0,0.0,0,0,2026-09-16
NIFTY,2026-10-13,21850.0,PE,0.0,0.0,0.0,20.3,28.28,0,0.0,0,0,2026-09-16
NIFTY,2026-10-13,22200.0,PE,63.4,64.3,50.75,57.2,57.2,194,280648949.75,4030,2665,2026-09-16
NIFTY,2026-10-13,24750.0,PE,0.0,0.0,0.0,1115.1,1464.3,0,0.0,0,0,2026-09-16
NIFTY,2026-10-13,24950.0,PE,0.0,0.0,0.0,1278.75,1649.81,0,0.0,0,0,2026-09-16
NIFTY,2026-10-13,25300.0,PE,0.0,0.0,0.0,1583.0,1983.92,0,0.0,0,0,2026-09-16
NIFTY,2026-10-19,21500.0,PE,0.0,0.0,0.0,24.7,18.31,0,0.0,0,0,2026-09-16
NIFTY,2026-10-19,21600.0,PE,0.0,0.0,0.0,30.9,23.21,0,0.0,0,0,2026-09-16
NIFTY,2026-10-19,22150.0,PE,0.0,0.0,0.0,92.4,73.79,0,0.0,0,0,2026-09-16
NIFTY,2026-10-19,23150.0,PE,0.0,0.0,0.0,400.75,348.31,0,0.0,0,0,2026-09-16
NIFTY,2026-10-19,23350.0,PE,0.0,0.0,0.0,502.3,442.38,0,0.0,0,0,2026-09-16
NIFTY,2026-10-19,23950.0,PE,0.0,0.0,0.0,887.9,807.93,0,0.0,0,0,2026-09-16
NIFTY,2026-10-27,22250.0,PE,85.05,104.85,81.35,93.15,93.15,1009,1465236412.25,460330,325,2026-09-16
NIFTY,2026-10-27,22650.0,PE,140.15,171.0,134.25,151.15,151.15,184,272670014.5,21060,1235,2026-09-16
NIFTY,2026-10-27,22800.0,PE,180.05,208.3,162.0,181.7,181.7,4376,6536816383.5,270205,40105,2026-09-16
NIFTY,2026-10-27,22850.0,PE,184.5,220.3,173.6,193.9,193.9,311,465786590.75,21060,7150,2026-09-16
NIFTY,2026-10-27,25750.0,PE,0.0,0.0,0.0,1659.3,2368.41,0,0.0,325,0,2026-09-16
NIFTY,2026-10-27,25900.0,PE,0.0,0.0,0.0,2143.85,2512.95,0,0.0,130,0,2026-09-16
NIFTY,2026-10-27,26150.0,PE,0.0,0.0,0.0,2585.0,2755.94,0,0.0,130,0,2026-09-16
NIFTY,2026-11-23,21650.0,PE,80.0,86.0,78.0,79.95,87.82,4,5650056.75,910,130,2026-09-16
NIFTY,2026-09-29,22200.0,PE,27.05,31.5,20.05,24.6,24.6,13135,18974890122.5,498875,50635,2026-09-16
NIFTY,2026-09-29,21700.0,PE,14.8,14.8,9.85,12.45,12.45,11660,16455852422.75,564135,175240,2026-09-16
NIFTY,2026-09-22,25550.0,PE,0.0,0.0,0.0,2140.0,2307.55,0,0.0,65,0,2026-09-16
NIFTY,2026-09-22,22950.0,PE,81.4,90.95,50.25,62.3,62.3,554852,830110413486.25,1511640,842335,2026-09-16
NIFTY,2026-09-22,22850.0,PE,62.8,67.3,37.0,45.85,45.85,466045,693667918232.25,1266590,768430,2026-09-16
NIFTY,2026-09-22,22450.0,PE,18.45,22.0,11.4,14.55,14.55,230471,336538243873.0,1017900,736840,2026-09-16
NIFTY,2026-09-22,22100.0,PE,8.6,9.15,5.45,6.9,6.9,170324,244745465708.25,1294150,683735,2026-09-16
NIFTY,2026-09-22,21850.0,PE,6.15,6.15,3.55,4.6,4.6,139876,198701639012.5,512850,437710,2026-09-16
NIFTY,2026-09-22,21750.0,PE,4.65,5.1,3.05,4.1,4.1,52616,74399621305.75,390585,274495,2026-09-16
NIFTY,2031-06-24,28500.0,CE,0.0,0.0,0.0,5048.95,4239.32,0,0.0,0,0,2026-09-16
NIFTY,2030-06-25,19500.0,CE,0.0,0.0,0.0,11140.25,8101.14,0,0.0,0,0,2026-09-16
NIFTY,2030-06-25,16500.0,CE,0.0,0.0,0.0,13374.05,10282.64,0,0.0,0,0,2026-09-16
NIFTY,2029-12-24,22500.0,CE,0.0,0.0,0.0,8486.15,5598.0,0,0.0,0,0,2026-09-16
NIFTY,2029-06-26,15000.0,CE,0.0,0.0,0.0,13671.85,10649.0,0,0.0,0,0,2026-09-16
NIFTY,2028-12-26,21000.0,CE,0.0,0.0,0.0,7512.5,5431.11,0,0.0,0,0,2026-09-16
NIFTY,2028-12-26,15000.0,CE,0.0,0.0,0.0,11381.75,10240.74,0,0.0,0,0,2026-09-16
NIFTY,2028-06-27,31500.0,CE,0.0,0.0,0.0,1784.8,536.71,0,0.0,0,0,2026-09-16
NIFTY,2028-06-27,25500.0,CE,0.0,0.0,0.0,4676.6,2166.94,0,0.0,0,0,2026-09-16
NIFTY,2027-12-28,28500.0,CE,282.0,287.95,255.0,281.5,281.5,183,342264958.75,50830,4615,2026-09-16
NIFTY,2027-12-28,25500.0,CE,0.0,0.0,0.0,2400.0,1531.45,0,0.0,0,0,2026-09-16
NIFTY,2027-12-28,22500.0,CE,0.0,0.0,0.0,3011.0,3109.15,0,0.0,65,0,2026-09-16
NIFTY,2027-06-29,27000.0,CE,223.0,225.0,200.0,205.0,205.0,79,139718055.75,8450,3575,2026-09-16
NIFTY,2027-06-29,24000.0,CE,1235.0,1264.05,1159.95,1160.7,1160.7,120,196488652.75,7945,4420,2026-09-16
NIFTY,2027-06-29,21000.0,CE,0.0,0.0,0.0,3061.8,3455.3,0,0.0,0,0,2026-09-16
NIFTY,2027-03-30,18000.0,CE,0.0,0.0,0.0,5643.55,5820.2,0,0.0,0,0,2026-09-16
NIFTY,2026-12-29,21000.0,CE,2680.95,2685.95,2582.85,2632.85,2632.85,629,966271777.25,231495,20290,2026-09-16
NIFTY,2026-11-23,25850.0,CE,0.0,0.0,0.0,358.95,62.38,0,0.0,0,0,2026-09-16
NIFTY,2026-11-23,24750.0,CE,88.0,92.05,83.95,84.35,84.35,128,206660444.25,16770,5590,2026-09-16
NIFTY,2026-11-23,24100.0,CE,233.0,233.0,209.45,215.0,215.0,279,441075001.25,43355,5460,2026-09-16
NIFTY,2026-11-23,24000.0,CE,249.95,271.7,238.05,251.8,251.8,4917,7751762122.0,519090,22360,2026-09-16
NIFTY,2026-11-23,23300.0,CE,610.0,618.9,555.0,576.25,576.25,258,400554735.75,26715,5655,2026-09-16
NIFTY,2026-11-23,22950.0,CE,0.0,0.0,0.0,788.1,932.39,0,0.0,65,0,2026-09-16
NIFTY,2026-11-23,22350.0,CE,0.0,0.0,0.0,1245.35,1341.71,0,0.0,195,0,2026-09-16
NIFTY,2026-11-23,21600.0,CE,0.0,0.0,0.0,3092.25,1952.29,0,0.0,0,0,2026-09-16
NIFTY,2026-11-23,21500.0,CE,0.0,0.0,0.0,3185.9,2040.17,0,0.0,0,0,2026-09-16
NIFTY,2026-10-27,26750.0,CE,0.0,0.0,0.0,6.35,2.46,0,0.0,975,0,2026-09-16
NIFTY,2026-10-27,26600.0,CE,0.0,0.0,0.0,7.0,3.4,0,0.0,585,0,2026-09-16
NIFTY,2026-10-27,26000.0,CE,10.05,11.7,8.35,8.5,8.5,3734,6312733973.0,1081015,17420,2026-09-16
NIFTY,2026-10-27,25450.0,CE,24.95,24.95,12.3,13.25,30.85,28,46345172.25,3900,-1040,2026-09-16
NIFTY,2026-10-27,24500.0,CE,55.8,58.7,46.25,48.25,48.25,20918,33383000888.25,1716195,43225,2026-09-16
NIFTY,2026-10-27,24200.0,CE,94.95,102.0,86.0,88.25,88.25,7209,11383637164.25,536055,65585,2026-09-16
NIFTY,2026-10-27,23900.0,CE,163.3,178.85,148.7,158.3,158.3,3932,6150277757.0,296920,-5980,2026-09-16
NIFTY,2026-10-27,22950.0,CE,659.55,675.0,637.0,637.0,637.0,12,18416206.25,520,260,2026-09-16
NIFTY,2026-10-27,22350.0,CE,0.0,0.0,0.0,2124.25,1159.46,0,0.0,0,0,2026-09-16
NIFTY,2026-10-27,21850.0,CE,0.0,0.0,0.0,2551.3,1580.08,0,0.0,0,0,2026-09-16
NIFTY,2026-10-27,21650.0,CE,0.0,0.0,0.0,2729.45,1760.41,0,0.0,0,0,2026-09-16
NIFTY,2026-10-19,24800.0,CE,0.0,0.0,0.0,49.25,56.87,0,0.0,0,0,2026-09-16
NIFTY,2026-10-19,24400.0,CE,0.0,0.0,0.0,96.2,110.12,0,0.0,0,0,2026-09-16
NIFTY,2026-10-19,22600.0,CE,0.0,0.0,0.0,834.65,907.91,0,0.0,0,0,2026-09-16
NIFTY,2026-10-19,21950.0,CE,0.0,0.0,0.0,1352.2,1442.48,0,0.0,0,0,2026-09-16
NIFTY,2026-10-19,21800.0,CE,0.0,0.0,0.0,1484.95,1578.16,0,0.0,0,0,2026-09-16
NIFTY,2026-10-19,21600.0,CE,0.0,0.0,0.0,1667.5,1763.88,0,0.0,0,0,2026-09-16
NIFTY,2026-10-13,25150.0,CE,7.8,8.2,7.25,7.4,17.04,26,42516587.75,1105,845,2026-09-16
NIFTY,2026-10-13,25050.0,CE,7.65,8.7,7.65,8.35,21.29,44,71666439.0,1560,1430,2026-09-16
NIFTY,2026-10-13,24450.0,CE,0.0,0.0,0.0,207.95,71.46,0,0.0,0,0,2026-09-16
NIFTY,2026-10-13,23650.0,CE,164.85,184.8,162.05,170.3,259.96,48,74319986.0,2990,910,2026-09-16
NIFTY,2026-10-13,23300.0,CE,343.95,365.3,300.0,324.4,324.4,305,468534924.0,12220,3055,2026-09-16
NIFTY,2026-10-13,22500.0,CE,0.0,0.0,0.0,1336.75,929.1,0,0.0,0,0,2026-09-16
NIFTY,2026-10-06,25150.0,CE,0.0,0.0,0.0,6.4,6.49,0,0.0,1755,0,2026-09-16
NIFTY,2026-10-06,25100.0,CE,7.45,8.2,5.3,5.65,7.49,23,37533541.5,1235,-845,2026-09-16
NIFTY,2026-10-06,24700.0,CE,12.3,12.3,8.15,8.45,8.45,125,200764778.5,10660,1950,2026-09-16
NIFTY,2026-10-06,24150.0,CE,36.75,38.6,24.85,27.15,27.15,401,630314587.5,14495,-8775,2026-09-16
NIFTY,2026-10-06,23500.0,CE,169.25,203.7,156.5,169.35,169.35,4479,6894031956.5,199680,54860,2026-09-16
NIFTY,2026-09-29,26400.0,CE,1.85,1.85,0.95,1.05,1.05,460,789392181.5,28795,-13260,2026-09-16
NIFTY,2026-09-29,24900.0,CE,5.4,5.4,3.65,3.8,3.8,8838,14306636467.5,516555,9750,2026-09-16
NIFTY,2026-09-29,24800.0,CE,6.25,6.3,4.05,4.25,4.25,13310,21459757871.5,1019200,-95550,2026-09-16
NIFTY,2026-09-29,24700.0,CE,6.95,6.95,4.6,4.95,4.95,20187,32417253856.0,1412060,-88270,2026-09-16
NIFTY,2026-09-29,24400.0,CE,10.2,10.4,6.7,7.15,7.15,22711,36031997267.5,2820415,38155,2026-09-16
NIFTY,2026-09-29,22100.0,CE,1156.5,1193.5,1156.5,1191.0,1191.0,3,4539665.0,1105,-65,2026-09-16
NIFTY,2026-09-29,21800.0,CE,0.0,0.0,0.0,1700.0,1467.13,0,0.0,65,0,2026-09-16
NIFTY,2026-09-29,21750.0,CE,0.0,0.0,0.0,1980.0,1516.31,0,0.0,65,0,2026-09-16
NIFTY,2026-09-29,19500.0,CE,3766.6,3809.35,3738.4,3767.95,3767.95,42,63529258.0,140465,0,2026-09-16
NIFTY,2026-09-22,25300.0,CE,0.95,1.0,0.65,0.8,0.8,56745,93320100357.25,542815,16510,2026-09-16
NIFTY,2026-09-22,21650.0,CE,0.0,0.0,0.0,2634.85,1588.69,0,0.0,0,0,2026-09-16
NIFTY,2026-09-22,21450.0,CE,0.0,0.0,0.0,2831.7,1788.47,0,0.0,0,0,2026-09-16
NIFTY,2026-11-23,22300.0,PE,152.85,160.75,135.1,148.55,148.55,201,293297712.5,9425,4745,2026-09-16
NIFTY,2026-11-23,22750.0,PE,223.75,255.05,214.2,227.35,227.35,71,106017281.5,7020,3965,2026-09-16
NIFTY,2026-11-23,23850.0,PE,633.55,662.45,633.55,662.45,662.45,2,3184740.0,2600,0,2026-09-16
NIFTY,2026-11-23,24200.0,PE,930.0,953.75,860.0,894.75,894.75,46,75050036.75,13585,260,2026-09-16
NIFTY,2026-11-23,24250.0,PE,900.0,900.0,900.0,900.0,1087.79,2,3269500.0,975,-130,2026-09-16
NIFTY,2026-11-23,25150.0,PE,0.0,0.0,0.0,1030.25,1777.36,0,0.0,0,0,2026-09-16
NIFTY,2026-11-23,25500.0,PE,2043.3,2043.3,1933.3,2003.0,2003.0,485,866498558.25,71045,26520,2026-09-16
NIFTY,2026-12-29,13000.0,PE,5.2,5.2,5.2,5.2,0.0,4,3381352.0,7615,0,2026-09-16
NIFTY,2026-12-29,26000.0,PE,2369.35,2391.05,2269.2,2320.7,2320.7,457,841225911.5,1461285,-7000,2026-09-16
NIFTY,2027-03-30,19500.0,PE,64.0,73.0,59.25,68.85,68.85,658,836931917.25,181610,3510,2026-09-16
NIFTY,2028-12-26,27000.0,PE,1900.0,1953.0,1850.0,1951.15,1951.15,18,33852390.0,17130,585,2026-09-16
NIFTY,2028-12-26,28500.0,PE,0.0,0.0,0.0,1451.15,3090.08,0,0.0,0,0,2026-09-16
NIFTY,2029-06-26,24000.0,PE,802.0,802.0,802.0,802.0,802.0,3,4836390.0,350,0,2026-09-16
NIFTY,2029-12-24,25500.0,PE,0.0,0.0,0.0,597.3,1462.03,0,0.0,0,0,2026-09-16
NIFTY,2029-12-24,31500.0,PE,0.0,0.0,0.0,2240.25,4149.59,0,0.0,0,0,2026-09-16
NIFTY,2030-06-25,21000.0,PE,0.0,0.0,0.0,220.0,415.71,0,0.0,65,0,2026-09-16
NIFTY,2030-06-25,25500.0,PE,0.0,0.0,0.0,568.55,1376.85,0,0.0,0,0,2026-09-16
NIFTY,2030-12-31,21000.0,PE,0.0,0.0,0.0,450.0,409.59,0,0.0,845,0,2026-09-16
NIFTY,2031-06-24,15000.0,PE,0.0,0.0,0.0,47.5,33.31,0,0.0,0,0,2026-09-16
NIFTY,2026-10-06,22450.0,PE,60.0,71.25,51.25,60.05,60.05,226,330670011.75,6305,5395,2026-09-16
NIFTY,2026-10-06,21850.0,PE,0.0,0.0,0.0,8.55,14.71,0,0.0,0,0,2026-09-16
NIFTY,2026-09-29,27200.0,PE,0.0,0.0,0.0,3004.3,3925.11,0,0.0,0,0,2026-09-16
NIFTY,2026-09-29,26300.0,PE,2980.0,3025.0,2955.0,3020.0,3027.01,11,20939964.5,79885,-650,2026-09-16
NIFTY,2026-09-29,25750.0,PE,0.0,0.0,0.0,1840.05,2478.23,0,0.0,520,0,2026-09-16
NIFTY,2026-09-29,24600.0,PE,1348.55,1397.9,1262.25,1323.1,1323.1,330,556254029.5,673270,-8710,2026-09-16
NIFTY,2026-09-29,24400.0,PE,1111.3,1193.75,1064.0,1127.9,1127.9,1742,2890151481.75,1924975,-29705,2026-09-16
NIFTY,2026-09-29,24250.0,PE,961.85,1060.0,928.25,989.2,989.2,61,100063418.0,158275,-1300,2026-09-16
NIFTY,2030-12-31,27000.0,CE,0.0,0.0,0.0,6772.8,4369.6,0,0.0,0,0,2026-09-16
NIFTY,2026-09-22,21600.0,CE,0.0,0.0,0.0,2683.95,1638.63,0,0.0,0,0,2026-09-16
NIFTY,2026-09-22,21750.0,CE,0.0,0.0,0.0,2536.8,1488.83,0,0.0,0,0,2026-09-16
NIFTY,2026-09-22,22300.0,CE,961.65,1010.25,886.3,954.2,954.2,42,63512998.25,6955,-780,2026-09-16
NIFTY,2026-09-22,23500.0,CE,49.9,75.7,45.55,49.75,49.75,1720743,2635065840416.75,7534085,1687010,2026-09-16
NIFTY,2026-09-22,25500.0,CE,0.95,1.0,0.7,0.8,0.8,38541,63883766615.5,1148160,-171860,2026-09-16
NIFTY,2026-09-22,25550.0,CE,0.95,1.0,0.65,0.75,0.75,875,1453201880.0,44265,3120,2026-09-16
NIFTY,2026-09-29,21850.0,CE,0.0,0.0,0.0,2030.0,1418.09,0,0.0,65,0,2026-09-16
NIFTY,2026-09-29,22000.0,CE,1300.0,1348.0,1227.55,1279.5,1279.5,466,705582582.25,808925,-455,2026-09-16
NIFTY,2026-09-29,22450.0,CE,0.0,0.0,0.0,1450.0,854.16,0,0.0,130,0,2026-09-16
NIFTY,2026-09-29,22550.0,CE,757.35,769.25,757.35,767.2,767.91,5,7577277.5,520,260,2026-09-16
NIFTY,2026-09-29,22700.0,CE,657.25,690.35,586.05,633.3,633.3,460,697762851.5,27105,7215,2026-09-16
NIFTY,2026-09-29,23150.0,CE,285.8,345.0,262.5,289.65,289.65,8068,12298391339.0,347815,115180,2026-09-16
NIFTY,2026-09-29,24350.0,CE,10.85,11.4,7.1,7.5,7.5,7471,11829037129.0,614380,72345,2026-09-16
NIFTY,2026-09-29,24600.0,CE,6.55,7.2,5.15,5.45,5.45,17430,27877134317.5,1318655,-199875,2026-09-16
NIFTY,2026-09-29,24650.0,CE,7.35,7.35,4.8,5.15,5.15,5264,8436115119.25,152100,-4030,2026-09-16
NIFTY,2026-09-29,24750.0,CE,6.3,6.3,4.4,4.65,4.65,4321,6952787348.0,252850,-38415,2026-09-16
NIFTY,2026-09-29,25000.0,CE,4.75,4.75,3.2,3.45,3.45,39339,63935520795.25,4952610,-182390,2026-09-16
NIFTY,2026-09-29,25450.0,CE,4.0,4.0,2.25,2.4,2.4,392,648532706.25,41665,-9165,2026-09-16
NIFTY,2026-09-29,25550.0,CE,3.0,3.0,2.1,2.2,2.2,356,591287778.25,37570,-260,2026-09-16
NIFTY,2026-09-29,25700.0,CE,3.4,3.4,1.8,1.95,1.95,4575,7643156426.75,213980,15730,2026-09-16
NIFTY,2026-09-29,25900.0,CE,2.45,2.45,1.6,1.8,1.8,228,383865813.5,46605,-2600,2026-09-16
NIFTY,2026-09-29,26050.0,CE,1.5,1.9,1.05,1.45,1.45,32,54187116.75,11570,-715,2026-09-16
NIFTY,2026-09-29,26450.0,CE,0.0,0.0,0.0,2.4,0.0,0,0.0,2730,0,2026-09-16
NIFTY,2026-09-29,26750.0,CE,1.85,1.85,0.9,1.1,1.1,35,60859633.25,7930,845,2026-09-16
NIFTY,2026-09-29,30000.0,CE,0.75,0.8,0.55,0.65,0.65,213,415359382.75,272160,-60,2026-09-16
NIFTY,2026-10-06,21450.0,CE,0.0,0.0,0.0,2732.6,1840.97,0,0.0,0,0,2026-09-16
NIFTY,2026-10-06,21650.0,CE,0.0,0.0,0.0,2535.9,1645.51,0,0.0,0,0,2026-09-16
NIFTY,2026-10-06,21750.0,CE,0.0,0.0,0.0,2438.05,1548.82,0,0.0,0,0,2026-09-16
NIFTY,2026-10-06,22150.0,CE,0.0,0.0,0.0,2051.3,1173.79,0,0.0,0,0,2026-09-16
NIFTY,2026-10-06,22450.0,CE,0.0,0.0,0.0,1769.15,912.46,0,0.0,0,0,2026-09-16
NIFTY,2026-10-06,23150.0,CE,383.55,390.0,325.0,352.45,352.45,191,291927496.25,2795,715,2026-09-16
NIFTY,2026-10-06,24250.0,CE,26.4,29.0,18.75,21.75,21.75,328,517527871.25,13780,2535,2026-09-16
NIFTY,2026-10-06,24300.0,CE,22.85,25.55,17.35,18.3,18.3,6302,9962943406.0,130260,-158275,2026-09-16
NIFTY,2026-10-06,24350.0,CE,0.0,0.0,0.0,406.45,50.47,0,0.0,0,0,2026-09-16
NIFTY,2026-10-06,24450.0,CE,0.0,0.0,0.0,364.35,40.21,0,0.0,0,0,2026-09-16
NIFTY,2026-10-06,25000.0,CE,7.7,8.3,5.75,6.1,6.1,1285,2088685339.0,56680,7280,2026-09-16
NIFTY,2026-10-06,25500.0,CE,5.3,5.3,3.6,4.1,4.1,138,228775027.0,19500,-1235,2026-09-16
NIFTY,2026-10-13,22100.0,CE,0.0,0.0,0.0,1693.15,1264.63,0,0.0,0,0,2026-09-16
NIFTY,2031-06-24,18000.0,PE,0.0,0.0,0.0,173.45,140.62,0,0.0,0,0,2026-09-16
NIFTY,2030-12-31,15000.0,PE,0.0,0.0,0.0,4.95,30.06,0,0.0,0,0,2026-09-16
NIFTY,2029-12-24,25000.0,PE,0.0,0.0,0.0,1250.0,1304.16,0,0.0,1265,0,2026-09-16
NIFTY,2029-06-26,19500.0,PE,0.0,0.0,0.0,56.0,224.36,0,0.0,0,0,2026-09-16
NIFTY,2029-06-26,18000.0,PE,0.0,0.0,0.0,118.45,109.03,0,0.0,0,0,2026-09-16
NIFTY,2029-06-26,16500.0,PE,0.0,0.0,0.0,8.1,45.83,0,0.0,0,0,2026-09-16
NIFTY,2028-12-26,31500.0,PE,0.0,0.0,0.0,2673.4,4960.85,0,0.0,0,0,2026-09-16
NIFTY,2028-12-26,24000.0,PE,0.0,0.0,0.0,922.0,1102.1,0,0.0,5135,0,2026-09-16
NIFTY,2028-06-27,27000.0,PE,0.0,0.0,0.0,2752.35,2486.69,0,0.0,0,0,2026-09-16
NIFTY,2028-06-27,15000.0,PE,0.0,0.0,0.0,127.2,5.66,0,0.0,0,0,2026-09-16
NIFTY,2027-06-29,27000.0,PE,0.0,0.0,0.0,2100.0,2953.11,0,0.0,65,0,2026-09-16
NIFTY,2027-06-29,18000.0,PE,0.0,0.0,0.0,37.1,15.39,0,0.0,230,0,2026-09-16
NIFTY,2027-03-30,18000.0,PE,41.95,44.1,38.0,40.6,40.6,145,170027858.0,11830,6500,2026-09-16
NIFTY,2026-12-29,22000.0,PE,171.0,181.0,151.6,166.95,166.95,9785,14097237940.5,2302440,-2795,2026-09-16
NIFTY,2026-12-29,19000.0,PE,35.3,36.5,31.5,34.2,34.2,4256,5265637705.25,705320,14690,2026-09-16
NIFTY,2026-11-23,25700.0,PE,0.0,0.0,0.0,1890.0,2256.29,0,0.0,65,0,2026-09-16
NIFTY,2026-11-23,23650.0,PE,529.35,539.1,529.35,539.1,718.4,8,12577067.75,8710,-130,2026-09-16
NIFTY,2026-11-23,23450.0,PE,437.85,500.25,429.05,458.5,458.5,21,32642519.0,4745,520,2026-09-16
NIFTY,2026-11-23,22700.0,PE,208.95,239.85,200.4,217.9,217.9,192,285987334.75,56095,-2080,2026-09-16
NIFTY,2026-10-27,25950.0,PE,0.0,0.0,0.0,1842.3,2561.36,0,0.0,0,0,2026-09-16
NIFTY,2026-10-27,25350.0,PE,0.0,0.0,0.0,865.7,1989.62,0,0.0,260,0,2026-09-16
NIFTY,2026-10-27,23500.0,PE,454.85,482.75,390.9,430.6,430.6,7487,11645531836.25,1538615,-5265,2026-09-16
NIFTY,2026-10-27,22300.0,PE,93.0,111.95,85.0,98.45,98.45,4088,5951096307.0,317915,25610,2026-09-16
NIFTY,2026-10-19,24500.0,PE,0.0,0.0,0.0,1329.5,1236.81,0,0.0,0,0,2026-09-16
NIFTY,2026-10-19,22800.0,PE,0.0,0.0,0.0,256.5,217.22,0,0.0,0,0,2026-09-16
NIFTY,2026-10-19,22600.0,PE,0.0,0.0,0.0,192.6,161.54,0,0.0,0,0,2026-09-16
NIFTY,2026-10-13,22200.0,CE,0.0,0.0,0.0,1601.7,1177.18,0,0.0,0,0,2026-09-16
NIFTY,2026-10-13,22750.0,CE,0.0,0.0,0.0,1129.3,742.12,0,0.0,0,0,2026-09-16
NIFTY,2026-10-13,22800.0,CE,664.7,670.3,662.65,670.3,707.27,3,4575847.25,195,195,2026-09-16
NIFTY,2026-10-13,23100.0,CE,0.0,0.0,0.0,425.25,517.45,0,0.0,910,0,2026-09-16
NIFTY,2026-10-13,24050.0,CE,82.0,82.0,65.25,65.25,65.25,300,470379091.0,15795,11375,2026-09-16
NIFTY,2026-10-13,24550.0,CE,0.0,0.0,0.0,183.05,59.27,0,0.0,0,0,2026-09-16
NIFTY,2026-10-13,24850.0,CE,0.0,0.0,0.0,119.25,32.63,0,0.0,0,0,2026-09-16
NIFTY,2026-10-13,24900.0,CE,0.0,0.0,0.0,110.75,29.39,0,0.0,0,0,2026-09-16
NIFTY,2026-10-19,21500.0,CE,0.0,0.0,0.0,1760.75,1858.41,0,0.0,0,0,2026-09-16
NIFTY,2026-10-19,21550.0,CE,0.0,0.0,0.0,1714.0,1811.02,0,0.0,0,0,2026-09-16
NIFTY,2026-10-19,22150.0,CE,0.0,0.0,0.0,1182.0,1267.6,0,0.0,0,0,2026-09-16
NIFTY,2026-10-19,22700.0,CE,0.0,0.0,0.0,765.55,834.21,0,0.0,0,0,2026-09-16
NIFTY,2026-10-19,23200.0,CE,0.0,0.0,0.0,470.15,520.3,0,0.0,0,0,2026-09-16
NIFTY,2026-10-19,23350.0,CE,0.0,0.0,0.0,398.45,443.02,0,0.0,0,0,2026-09-16
NIFTY,2026-10-19,24750.0,CE,0.0,0.0,0.0,53.75,62.02,0,0.0,0,0,2026-09-16
NIFTY,2026-10-27,21750.0,CE,0.0,0.0,0.0,2639.9,1669.54,0,0.0,0,0,2026-09-16
NIFTY,2026-10-27,22550.0,CE,983.65,983.65,953.9,965.3,1007.54,19,29052588.5,1170,1170,2026-09-16
NIFTY,2026-10-27,23950.0,CE,158.4,160.0,139.85,144.0,144.0,288,451114820.0,31135,3120,2026-09-16
NIFTY,2026-10-27,25100.0,CE,24.05,24.05,17.7,18.4,18.4,801,1307905644.5,149565,8060,2026-09-16
NIFTY,2026-10-27,25300.0,CE,15.0,20.45,13.1,14.55,14.55,1187,1953292071.25,44070,-5070,2026-09-16
NIFTY,2026-10-27,25500.0,CE,15.4,15.95,11.25,11.65,11.65,5508,9134180747.25,772915,38870,2026-09-16
NIFTY,2026-10-27,25600.0,CE,15.35,15.35,10.5,10.95,10.95,205,341273582.0,50960,-4550,2026-09-16
NIFTY,2026-10-27,25800.0,CE,11.85,12.25,9.2,9.45,9.45,97,162732596.0,42120,-585,2026-09-16
NIFTY,2026-10-27,26100.0,CE,9.0,10.8,5.15,5.15,9.4,12,20364594.25,2015,0,2026-09-16
NIFTY,2026-10-27,26700.0,CE,0.0,0.0,0.0,6.85,2.74,0,0.0,715,0,2026-09-16
NIFTY,2026-11-23,21450.0,CE,0.0,0.0,0.0,3232.9,2084.56,0,0.0,0,0,2026-09-16
NIFTY,2026-11-23,21750.0,CE,0.0,0.0,0.0,2952.95,1822.97,0,0.0,0,0,2026-09-16
NIFTY,2026-11-23,22450.0,CE,0.0,0.0,0.0,2326.6,1268.83,0,0.0,0,0,2026-09-16
NIFTY,2026-11-23,23700.0,CE,384.35,390.2,350.0,368.9,368.9,325,508552232.5,32305,4745,2026-09-16
NIFTY,2026-11-23,23900.0,CE,303.25,310.0,274.0,284.2,284.2,441,693392914.5,27430,1885,2026-09-16
NIFTY,2026-11-23,24450.0,CE,141.5,142.4,128.15,128.75,128.75,69,110263718.5,11700,1105,2026-09-16
NIFTY,2026-10-19,21900.0,PE,0.0,0.0,0.0,57.8,44.94,0,0.0,0,0,2026-09-16
NIFTY,2026-10-19,21750.0,PE,0.0,0.0,0.0,42.65,32.6,0,0.0,0,0,2026-09-16
NIFTY,2026-10-19,21650.0,PE,0.0,0.0,0.0,34.5,26.05,0,0.0,0,0,2026-09-16
NIFTY,2026-10-06,24850.0,PE,0.0,0.0,0.0,877.55,1566.82,0,0.0,0,0,2026-09-16
NIFTY,2026-10-06,24450.0,PE,0.0,0.0,0.0,617.35,1193.42,0,0.0,0,0,2026-09-16
NIFTY,2026-10-06,23950.0,PE,674.25,712.65,640.45,708.8,770.4,17,27201918.25,1170,-650,2026-09-16
NIFTY,2026-10-06,23700.0,PE,480.0,549.95,447.8,505.65,505.65,153,240622739.5,14755,-325,2026-09-16
NIFTY,2026-10-06,22350.0,PE,46.55,59.4,44.0,50.85,50.85,225,327610760.75,6240,3770,2026-09-16
NIFTY,2026-10-06,22050.0,PE,30.0,35.0,28.8,31.8,31.8,47,67459125.5,2470,1690,2026-09-16
NIFTY,2026-09-29,26550.0,PE,0.0,0.0,0.0,2431.75,3276.48,0,0.0,0,0,2026-09-16
NIFTY,2026-09-29,26400.0,PE,3140.0,3140.0,3099.65,3099.65,3126.8,4,7672531.75,3380,-260,2026-09-16
NIFTY,2026-09-29,26350.0,PE,0.0,0.0,0.0,2262.9,3076.9,0,0.0,0,0,2026-09-16
NIFTY,2026-11-23,24650.0,CE,101.6,105.95,93.9,95.35,95.35,276,443990153.75,10660,3055,2026-09-16
NIFTY,2026-11-23,24900.0,CE,0.0,0.0,0.0,691.9,181.34,0,0.0,0,0,2026-09-16
NIFTY,2026-11-23,25500.0,CE,34.8,37.75,29.25,30.25,30.25,2356,3910057355.75,312520,5850,2026-09-16
NIFTY,2026-12-29,25000.0,CE,150.0,155.0,140.5,142.75,142.75,13265,21681942993.75,3325285,154515,2026-09-16
NIFTY,2026-12-29,26000.0,CE,59.25,61.0,54.8,55.55,55.55,16148,27350277730.75,4288310,-103095,2026-09-16
NIFTY,2027-06-29,30000.0,CE,0.0,0.0,0.0,80.0,114.17,0,0.0,130,0,2026-09-16
NIFTY,2027-12-28,24000.0,CE,1936.0,1997.8,1895.0,1944.4,1944.4,230,388026772.25,140010,2470,2026-09-16
NIFTY,2028-06-27,15000.0,CE,0.0,0.0,0.0,8633.05,9819.95,0,0.0,0,0,2026-09-16
NIFTY,2026-09-29,26150.0,PE,0.0,0.0,0.0,1720.0,2877.33,0,0.0,65,0,2026-09-16
NIFTY,2026-09-29,24550.0,PE,1261.9,1323.25,1236.95,1277.45,1277.45,60,100727077.75,49335,-1820,2026-09-16
NIFTY,2026-09-29,24000.0,PE,770.0,811.15,671.0,744.65,744.65,17561,28228729496.5,5765640,-190450,2026-09-16
NIFTY,2026-09-29,23550.0,PE,383.85,435.45,323.8,374.8,374.8,1304,2026951631.25,148005,9555,2026-09-16
NIFTY,2026-09-29,23500.0,PE,383.55,400.0,291.3,340.9,340.9,59654,92432899048.75,4264650,-331240,2026-09-16
NIFTY,2026-09-29,21500.0,PE,8.3,11.6,7.85,9.75,9.75,13553,18949010463.5,188370,188370,2026-09-16
NIFTY,2026-09-22,25950.0,PE,0.0,0.0,0.0,1703.35,2707.16,0,0.0,0,0,2026-09-16
NIFTY,2026-09-22,25700.0,PE,0.0,0.0,0.0,1482.25,2457.4,0,0.0,0,0,2026-09-16
NIFTY,2026-09-22,25650.0,PE,2400.0,2400.0,2400.0,2400.0,2400.0,8,14586000.0,520,520,2026-09-16
NIFTY,2026-09-22,24850.0,PE,0.0,0.0,0.0,818.9,1608.29,0,0.0,0,0,2026-09-16
NIFTY,2026-09-22,24650.0,PE,0.0,0.0,0.0,1440.0,1408.7,0,0.0,5395,0,2026-09-16
NIFTY,2026-09-22,24600.0,PE,1452.2,1452.2,1317.5,1356.25,1356.25,30,50601882.5,48880,-585,2026-09-16
NIFTY,2026-09-22,24450.0,PE,1163.15,1274.3,1137.2,1199.35,1199.35,18,30019489.5,12805,195,2026-09-16
NIFTY,2026-09-22,24400.0,PE,1151.0,1224.8,1090.0,1156.1,1156.1,169,280532369.0,124020,-1820,2026-09-16
NIFTY,2026-09-22,23950.0,PE,700.0,784.65,640.0,712.6,712.6,224,358947998.5,78065,-2860,2026-09-16
NIFTY,2026-09-22,23350.0,PE,229.95,270.0,168.75,206.9,206.9,331059,506968863612.25,766805,318825,2026-09-16
NIFTY,2026-09-22,22550.0,PE,24.8,27.35,14.75,18.95,18.95,262906,385692739896.75,922285,558415,2026-09-16
NIFTY,2026-09-22,22500.0,PE,21.8,23.7,13.0,16.75,16.75,649345,950394623600.5,6666400,2090725,2026-09-16
NIFTY,2026-09-22,22050.0,PE,7.9,8.35,3.5,6.3,6.3,65993,94611105179.5,409695,254670,2026-09-16
NIFTY,2028-12-26,18000.0,CE,0.0,0.0,0.0,9380.3,7724.42,0,0.0,0,0,2026-09-16
NIFTY,2028-12-26,24000.0,CE,3500.0,3500.0,3500.0,3500.0,3539.67,1,1787500.0,2080,0,2026-09-16
NIFTY,2028-12-26,25500.0,CE,0.0,0.0,0.0,3800.0,2780.31,0,0.0,0,0,2026-09-16
NIFTY,2028-12-26,28000.0,CE,1410.0,1452.0,1410.0,1452.0,1452.0,12,22963229.25,10085,0,2026-09-16
NIFTY,2028-12-26,28500.0,CE,0.0,0.0,0.0,3608.65,1631.4,0,0.0,0,0,2026-09-16
NIFTY,2028-12-26,30000.0,CE,810.0,825.0,810.0,825.0,825.0,4,8012244.5,21770,0,2026-09-16
NIFTY,2030-06-25,24000.0,CE,0.0,0.0,0.0,8591.55,5288.0,0,0.0,0,0,2026-09-16
NIFTY,2030-06-25,33000.0,CE,0.0,0.0,0.0,4416.45,1829.95,0,0.0,0,0,2026-09-16
NIFTY,2030-12-31,22500.0,CE,0.0,0.0,0.0,9536.95,6698.17,0,0.0,0,0,2026-09-16
NIFTY,2026-11-23,22700.0,CE,1006.85,1006.9,979.6,986.4,986.4,10,15401535.5,325,325,2026-09-16
NIFTY,2026-11-23,23100.0,CE,705.0,749.1,668.05,700.2,700.2,60,92814624.5,5135,1040,2026-09-16
NIFTY,2026-11-23,23400.0,CE,526.8,548.95,513.1,520.3,520.3,137,213107241.75,18850,4420,2026-09-16
NIFTY,2026-11-23,23450.0,CE,496.2,522.75,491.05,491.7,491.7,50,77848195.75,4940,455,2026-09-16
NIFTY,2026-11-23,23600.0,CE,420.55,442.55,398.0,412.25,412.25,177,276339183.25,19760,1690,2026-09-16
NIFTY,2026-10-13,22650.0,CE,0.0,0.0,0.0,1210.6,815.46,0,0.0,0,0,2026-09-16
NIFTY,2026-10-13,22250.0,CE,0.0,0.0,0.0,1556.55,1134.27,0,0.0,0,0,2026-09-16
NIFTY,2026-10-06,25400.0,CE,5.65,5.75,3.75,4.1,4.1,70,115590673.25,2990,-1235,2026-09-16
NIFTY,2026-10-06,23900.0,CE,66.0,74.5,55.7,57.3,57.3,2254,3511088616.75,91780,20605,2026-09-16
NIFTY,2026-10-06,23300.0,CE,278.95,307.15,243.35,262.9,262.9,2849,4365574388.5,74490,34125,2026-09-16
NIFTY,2026-10-06,22650.0,CE,0.0,0.0,0.0,1586.8,752.47,0,0.0,0,0,2026-09-16
NIFTY,2026-10-06,22250.0,CE,0.0,0.0,0.0,1956.3,1084.27,0,0.0,0,0,2026-09-16
NIFTY,2026-09-29,27050.0,CE,1.5,1.5,0.55,0.9,0.9,128,225063452.25,11440,7280,2026-09-16
NIFTY,2026-09-29,26150.0,CE,1.25,1.6,1.25,1.4,0.01,63,107089784.75,8840,-3770,2026-09-16
NIFTY,2026-09-29,25100.0,CE,4.7,4.7,3.0,3.25,3.25,5070,8272844225.75,332995,1690,2026-09-16
NIFTY,2026-09-29,23800.0,CE,51.35,54.45,36.2,38.4,38.4,84665,131224142257.0,3618485,461370,2026-09-16
NIFTY,2026-09-29,23550.0,CE,112.3,126.9,89.35,97.05,97.05,12816,19706205831.0,299130,64675,2026-09-16
NIFTY,2026-09-29,23250.0,CE,241.45,280.0,207.8,231.45,231.45,21662,33078815315.0,738335,119730,2026-09-16
NIFTY,2026-09-29,22400.0,CE,0.0,0.0,0.0,842.2,898.42,0,0.0,260,0,2026-09-16
NIFTY,2026-09-29,22250.0,CE,0.0,0.0,0.0,1257.3,1035.04,0,0.0,390,0,2026-09-16
NIFTY,2026-09-29,22150.0,CE,1180.0,1180.0,1180.0,1180.0,1128.73,1,1516450.0,455,0,2026-09-16
NIFTY,2026-09-22,25950.0,CE,0.9,0.9,0.6,0.7,0.7,360,607246662.75,12805,10335,2026-09-16
NIFTY,2026-09-22,25850.0,CE,1.1,1.1,0.6,0.65,0.65,1114,1871854182.25,9230,-6045,2026-09-16
NIFTY,2026-09-22,25450.0,CE,0.9,1.0,0.7,0.8,0.8,1366,2259778452.75,30680,1040,2026-09-16
NIFTY,2026-10-27,27200.0,CE,4.5,4.6,3.95,4.05,4.05,224,396095092.25,19500,9620,2026-09-16
NIFTY,2026-10-27,25650.0,CE,11.0,11.1,10.8,10.9,21.75,22,36695028.5,5590,-1235,2026-09-16
NIFTY,2026-09-22,24900.0,CE,1.1,1.3,0.8,1.0,1.0,120282,194684144040.75,2359500,9490,2026-09-16
NIFTY,2026-09-22,23950.0,CE,8.0,8.55,4.9,5.6,5.6,287032,446957978060.75,1467180,28730,2026-09-16
NIFTY,2026-09-22,23750.0,CE,14.8,22.15,11.7,13.25,13.25,495244,765062686791.0,2133625,960830,2026-09-16
NIFTY,2026-09-22,23150.0,CE,196.25,265.0,178.6,209.05,209.05,540399,820880005595.0,680810,116610,2026-09-16
NIFTY,2026-09-22,23100.0,CE,246.05,301.4,207.4,242.5,242.5,427851,649444453593.0,964925,167830,2026-09-16
NIFTY,2026-09-22,23000.0,CE,332.95,379.8,272.4,315.9,315.9,167326,253695328493.75,710320,77220,2026-09-16
NIFTY,2026-09-22,22850.0,CE,414.6,506.6,385.0,438.4,438.4,4163,6304855339.25,52845,41145,2026-09-16
NIFTY,2026-09-22,22650.0,CE,613.95,674.15,559.6,618.25,618.25,502,759635041.75,11570,9815,2026-09-16
NIFTY,2026-09-22,22500.0,CE,745.35,835.5,692.7,761.2,761.2,2211,3344209787.75,115310,25480,2026-09-16
NIFTY,2026-11-23,24250.0,CE,188.4,192.15,172.7,173.5,173.5,90,142945640.5,7280,3770,2026-09-16
NIFTY,2026-11-23,24600.0,CE,104.1,114.2,99.95,102.6,102.6,4904,7875406207.5,227500,170235,2026-09-16
NIFTY,2026-11-23,25450.0,CE,0.0,0.0,0.0,479.65,99.93,0,0.0,0,0,2026-09-16
NIFTY,2026-11-23,25550.0,CE,0.0,0.0,0.0,446.95,89.09,0,0.0,0,0,2026-09-16
NIFTY,2026-12-29,16000.0,CE,0.0,0.0,0.0,8500.0,7503.14,0,0.0,260,0,2026-09-16
NIFTY,2026-12-29,22500.0,CE,1334.0,1393.5,1297.65,1344.1,1344.1,6084,9429679561.25,348010,315510,2026-09-16
NIFTY,2027-06-29,25500.0,CE,620.0,620.0,620.0,620.0,871.97,1,1697800.0,520,0,2026-09-16
NIFTY,2027-06-29,33000.0,CE,0.0,0.0,0.0,1122.75,21.67,0,0.0,0,0,2026-09-16
NIFTY,2027-12-28,33000.0,CE,63.2,63.25,63.2,63.25,63.25,2,4298219.25,7475,0,2026-09-16
NIFTY,2028-06-27,19500.0,CE,0.0,0.0,0.0,9209.1,5966.78,0,0.0,0,0,2026-09-16
NIFTY,2029-06-26,18000.0,CE,0.0,0.0,0.0,11678.65,8225.08,0,0.0,0,0,2026-09-16
NIFTY,2029-06-26,21000.0,CE,0.0,0.0,0.0,9799.75,6010.47,0,0.0,0,0,2026-09-16
NIFTY,2029-06-26,33000.0,CE,0.0,0.0,0.0,4179.45,1016.29,0,0.0,0,0,2026-09-16
NIFTY,2029-12-24,16500.0,CE,0.0,0.0,0.0,12984.85,9856.67,0,0.0,0,0,2026-09-16
NIFTY,2029-12-24,28500.0,CE,0.0,0.0,0.0,4802.1,2675.36,0,0.0,0,0,2026-09-16
NIFTY,2026-09-22,22450.0,CE,754.85,802.0,754.85,802.0,802.0,5,7549818.25,455,130,2026-09-16
NIFTY,2026-09-22,22000.0,CE,1239.95,1304.4,1185.2,1245.6,1245.6,300,453525507.5,18590,10335,2026-09-16
NIFTY,2026-09-22,21800.0,CE,0.0,0.0,0.0,2487.95,1438.91,0,0.0,0,0,2026-09-16
NIFTY,2026-09-22,21500.0,CE,0.0,0.0,0.0,2782.4,1738.52,0,0.0,0,0,2026-09-16
NIFTY,2026-10-27,25150.0,CE,0.0,0.0,0.0,479.95,50.72,0,0.0,0,0,2026-09-16
NIFTY,2026-10-27,25050.0,CE,20.75,23.9,20.2,20.8,59.43,47,76596510.25,29705,1300,2026-09-16
NIFTY,2026-10-27,23050.0,CE,533.45,609.0,533.45,575.25,575.25,25,38402289.25,1755,845,2026-09-16
NIFTY,2026-10-27,23000.0,CE,601.8,662.0,569.0,608.25,608.25,5256,8068544081.0,401830,47450,2026-09-16
NIFTY,2026-10-27,21600.0,CE,0.0,0.0,0.0,2774.55,1806.33,0,0.0,0,0,2026-09-16
NIFTY,2026-10-19,24850.0,CE,0.0,0.0,0.0,45.05,52.09,0,0.0,0,0,2026-09-16
NIFTY,2026-10-19,24150.0,CE,0.0,0.0,0.0,140.9,160.31,0,0.0,0,0,2026-09-16
NIFTY,2026-10-19,24100.0,CE,0.0,0.0,0.0,151.6,173.09,0,0.0,0,0,2026-09-16
NIFTY,2026-10-19,23750.0,CE,0.0,0.0,0.0,245.05,275.75,0,0.0,0,0,2026-09-16
NIFTY,2026-10-19,23300.0,CE,0.0,0.0,0.0,421.45,467.95,0,0.0,0,0,2026-09-16
NIFTY,2030-06-25,15000.0,CE,0.0,0.0,0.0,14543.9,11427.54,0,0.0,0,0,2026-09-16
NIFTY,2030-06-25,18000.0,CE,0.0,0.0,0.0,12423.9,9169.38,0,0.0,0,0,2026-09-16
NIFTY,2030-06-25,31500.0,CE,0.0,0.0,0.0,3984.8,2217.66,0,0.0,0,0,2026-09-16
NIFTY,2030-12-31,15000.0,CE,0.0,0.0,0.0,14862.95,11812.15,0,0.0,0,0,2026-09-16
NIFTY,2030-12-31,16500.0,CE,0.0,0.0,0.0,13763.55,10707.11,0,0.0,0,0,2026-09-16
NIFTY,2030-12-31,28500.0,CE,0.0,0.0,0.0,5968.3,3744.2,0,0.0,0,0,2026-09-16
NIFTY,2031-06-24,31500.0,CE,0.0,0.0,0.0,3928.35,3166.81,0,0.0,0,0,2026-09-16
NIFTY,2026-09-22,24100.0,PE,865.8,932.3,795.0,858.3,858.3,740,1200018157.0,144300,-5265,2026-09-16
NIFTY,2026-09-22,24200.0,PE,980.7,1029.5,890.0,952.35,952.35,1788,2921942773.75,186160,-5590,2026-09-16
NIFTY,2026-09-22,24550.0,PE,1356.3,1368.15,1238.0,1238.0,1309.05,8,13452887.5,25415,-130,2026-09-16
NIFTY,2026-09-22,25150.0,PE,1900.0,1900.0,1900.0,1900.0,1900.0,5,8791250.0,325,325,2026-09-16
NIFTY,2026-09-29,18000.0,PE,0.85,0.85,0.65,0.75,0.75,1869,2186818981.75,821145,-12870,2026-09-16
NIFTY,2026-09-29,23300.0,PE,260.0,282.3,195.0,231.65,231.65,95746,146420432863.25,3075150,23010,2026-09-16
NIFTY,2026-09-29,23850.0,PE,569.45,665.1,543.4,608.7,608.7,457,725841753.0,87815,-8645,2026-09-16
NIFTY,2026-09-29,24350.0,PE,1048.35,1151.7,1043.75,1080.85,1080.85,79,130702601.25,317200,-2860,2026-09-16
NIFTY,2026-09-29,25150.0,PE,0.0,0.0,0.0,1917.8,1880.51,0,0.0,1495,0,2026-09-16
NIFTY,2030-06-25,33000.0,PE,0.0,0.0,0.0,3143.9,4607.39,0,0.0,0,0,2026-09-16
NIFTY,2026-10-13,24500.0,PE,0.0,0.0,0.0,923.15,1240.47,0,0.0,0,0,2026-09-16
NIFTY,2030-06-25,19500.0,PE,0.0,0.0,0.0,64.95,244.25,0,0.0,0,0,2026-09-16
NIFTY,2030-06-25,16500.0,PE,0.0,0.0,0.0,12.0,62.56,0,0.0,0,0,2026-09-16
NIFTY,2029-06-26,31500.0,PE,0.0,0.0,0.0,2443.35,4525.78,0,0.0,0,0,2026-09-16
NIFTY,2029-06-26,21000.0,PE,0.0,0.0,0.0,320.25,411.34,0,0.0,0,0,2026-09-16
NIFTY,2028-12-26,33000.0,PE,0.0,0.0,0.0,3315.4,6015.68,0,0.0,0,0,2026-09-16
NIFTY,2028-12-26,25000.0,PE,1200.0,1200.0,1200.0,1200.0,1200.0,1,1703000.0,11715,-65,2026-09-16
NIFTY,2026-09-29,25350.0,PE,0.0,0.0,0.0,850.0,2079.46,0,0.0,1040,0,2026-09-16
NIFTY,2026-09-29,26700.0,PE,0.0,0.0,0.0,2560.85,3426.16,0,0.0,0,0,2026-09-16
NIFTY,2026-10-06,21450.0,PE,0.0,0.0,0.0,2.95,3.9,0,0.0,0,0,2026-09-16
NIFTY,2026-10-06,22100.0,PE,34.0,41.1,26.7,34.7,34.7,457,657518332.25,7345,3250,2026-09-16
NIFTY,2026-10-06,22750.0,PE,95.8,121.1,87.65,100.85,100.85,594,882349347.75,18200,15275,2026-09-16
NIFTY,2026-10-06,23100.0,PE,188.0,222.0,162.8,188.55,188.55,1433,2169196103.75,17875,6695,2026-09-16
NIFTY,2026-10-06,23250.0,PE,278.9,285.1,212.2,243.95,243.95,1954,2984020978.25,28015,19890,2026-09-16
NIFTY,2026-10-06,23750.0,PE,505.35,591.0,502.5,541.7,541.7,63,99425160.25,1430,-1300,2026-09-16
NIFTY,2026-10-06,24150.0,PE,0.0,0.0,0.0,455.15,931.8,0,0.0,0,0,2026-09-16
NIFTY,2026-10-06,24500.0,PE,1173.85,1173.85,1134.05,1134.05,1238.83,6,10006886.5,390,-260,2026-09-16
NIFTY,2026-10-06,24950.0,PE,0.0,0.0,0.0,949.75,1662.99,0,0.0,0,0,2026-09-16
NIFTY,2026-10-06,25700.0,PE,0.0,0.0,0.0,1563.65,2400.33,0,0.0,0,0,2026-09-16
NIFTY,2026-10-13,21900.0,PE,0.0,0.0,0.0,22.75,31.91,0,0.0,0,0,2026-09-16
NIFTY,2026-10-13,22000.0,PE,40.0,50.35,35.45,45.05,45.05,877,1256651870.5,17550,6500,2026-09-16
NIFTY,2026-10-13,22150.0,PE,49.15,56.85,45.75,53.65,53.65,199,287172574.0,5655,4030,2026-09-16
NIFTY,2026-10-13,23150.0,PE,215.55,272.6,211.3,237.8,237.8,209,317691263.5,3250,1495,2026-09-16
NIFTY,2028-12-26,18000.0,PE,0.0,0.0,0.0,250.0,91.84,0,0.0,75,0,2026-09-16
NIFTY,2028-06-27,21000.0,PE,332.1,400.0,332.1,400.0,366.16,2,2777586.5,195,-65,2026-09-16
NIFTY,2027-12-28,22000.0,PE,450.05,468.95,440.0,452.05,452.05,165,240787335.75,72645,4725,2026-09-16
NIFTY,2027-12-28,15000.0,PE,0.0,0.0,0.0,21.7,1.89,0,0.0,755,0,2026-09-16
NIFTY,2027-06-29,31500.0,PE,0.0,0.0,0.0,3604.7,6811.56,0,0.0,0,0,2026-09-16
NIFTY,2027-06-29,24000.0,PE,830.0,838.0,776.2,808.0,808.0,15,24185625.75,13975,65,2026-09-16
NIFTY,2027-06-29,15000.0,PE,0.0,0.0,0.0,1173.2,0.18,0,0.0,0,0,2026-09-16
NIFTY,2027-03-30,31500.0,PE,0.0,0.0,0.0,7066.15,7246.82,0,0.0,0,0,2026-09-16
NIFTY,2027-03-30,30000.0,PE,5600.0,5654.95,5599.95,5654.95,5818.56,3,6945568.5,3185,65,2026-09-16
NIFTY,2027-03-30,25500.0,PE,1643.3,1715.55,1611.0,1672.35,1672.35,351,619803489.5,240825,-6630,2026-09-16
NIFTY,2026-12-29,28500.0,PE,0.0,0.0,0.0,3320.25,4784.29,0,0.0,130,0,2026-09-16
NIFTY,2026-12-29,25000.0,PE,1489.35,1524.45,1399.6,1449.95,1449.95,2131,3663939578.0,2061560,-46895,2026-09-16
NIFTY,2026-12-29,19500.0,PE,35.25,40.9,35.25,39.3,39.3,522,662949400.75,165945,-1170,2026-09-16
NIFTY,2026-11-23,25900.0,PE,0.0,0.0,0.0,1526.4,2437.91,0,0.0,0,0,2026-09-16
NIFTY,2026-11-23,25850.0,PE,0.0,0.0,0.0,1490.4,2392.2,0,0.0,0,0,2026-09-16
NIFTY,2026-11-23,25050.0,PE,0.0,0.0,0.0,1014.95,1694.25,0,0.0,0,0,2026-09-16
NIFTY,2026-11-23,25000.0,PE,1560.0,1609.0,1468.8,1539.85,1539.85,315,543053332.25,114400,10595,2026-09-16
NIFTY,2026-11-23,23600.0,PE,510.1,574.0,500.0,533.25,533.25,48,75288908.5,30615,0,2026-09-16
NIFTY,2026-11-23,21700.0,PE,87.0,90.0,72.55,84.55,84.55,333,471514202.25,28145,7280,2026-09-16
NIFTY,2026-10-27,26700.0,PE,0.0,0.0,0.0,2458.1,3296.27,0,0.0,0,0,2026-09-16
NIFTY,2026-10-13,25150.0,PE,0.0,0.0,0.0,1450.15,1839.54,0,0.0,0,0,2026-09-16
NIFTY,2026-10-19,22100.0,PE,0.0,0.0,0.0,84.4,67.08,0,0.0,0,0,2026-09-16
NIFTY,2026-10-19,22300.0,PE,0.0,0.0,0.0,119.85,97.15,0,0.0,0,0,2026-09-16
NIFTY,2026-10-19,22350.0,PE,0.0,0.0,0.0,130.25,106.1,0,0.0,0,0,2026-09-16
NIFTY,2026-10-19,23050.0,PE,0.0,0.0,0.0,355.15,306.54,0,0.0,0,0,2026-09-16
NIFTY,2026-10-27,22050.0,CE,0.0,0.0,0.0,2377.1,1406.01,0,0.0,0,0,2026-09-16
NIFTY,2026-10-27,26350.0,PE,0.0,0.0,0.0,2163.0,2951.71,0,0.0,0,0,2026-09-16
NIFTY,2026-10-27,26200.0,PE,0.0,0.0,0.0,2040.5,2804.78,0,0.0,0,0,2026-09-16
NIFTY,2026-10-27,22500.0,PE,131.15,143.4,110.2,125.3,125.3,19450,28602626000.0,1785420,107770,2026-09-16
NIFTY,2026-10-27,22100.0,PE,68.25,87.4,66.5,78.0,78.0,811,1169019338.5,30875,5720,2026-09-16
NIFTY,2026-10-27,21400.0,PE,39.35,45.25,34.0,39.95,39.95,834,1162132747.75,22165,22165,2026-09-16
NIFTY,2026-10-13,24000.0,PE,0.0,0.0,0.0,656.1,832.86,0,0.0,650,0,2026-09-16
NIFTY,2026-10-19,22350.0,CE,0.0,0.0,0.0,1020.95,1101.04,0,0.0,0,0,2026-09-16
NIFTY,2026-10-19,22300.0,CE,0.0,0.0,0.0,1060.25,1141.81,0,0.0,0,0,2026-09-16
NIFTY,2026-10-13,24950.0,CE,10.7,11.55,9.5,9.55,9.55,38,61652487.0,1105,1105,2026-09-16
NIFTY,2026-10-13,24100.0,PE,0.0,0.0,0.0,652.1,908.53,0,0.0,0,0,2026-09-16
NIFTY,2026-10-13,24200.0,PE,0.0,0.0,0.0,715.4,987.89,0,0.0,0,0,2026-09-16
NIFTY,2026-10-13,23700.0,CE,164.75,173.95,140.0,147.65,147.65,225,348853063.0,17875,4160,2026-09-16
NIFTY,2026-10-13,23400.0,CE,285.0,300.95,254.0,269.9,269.9,85,130830453.0,8580,1885,2026-09-16
NIFTY,2026-10-13,23000.0,CE,532.9,566.8,481.9,514.0,514.0,105,160639826.75,4940,3510,2026-09-16
NIFTY,2026-10-13,22950.0,CE,0.0,0.0,0.0,974.15,608.13,0,0.0,0,0,2026-09-16
NIFTY,2026-10-13,22700.0,CE,0.0,0.0,0.0,1169.65,777.84,0,0.0,0,0,2026-09-16
NIFTY,2026-10-13,23900.0,CE,0.0,0.0,0.0,403.35,180.31,0,0.0,0,0,2026-09-16
NIFTY,2026-10-13,23950.0,CE,0.0,0.0,0.0,381.6,166.9,0,0.0,0,0,2026-09-16
NIFTY,2026-10-13,24700.0,CE,0.0,0.0,0.0,148.1,44.27,0,0.0,0,0,2026-09-16
NIFTY,2026-10-13,24350.0,PE,0.0,0.0,0.0,816.0,1111.67,0,0.0,0,0,2026-09-16
NIFTY,2026-11-23,21700.0,CE,0.0,0.0,0.0,2999.2,1865.73,0,0.0,0,0,2026-09-16
NIFTY,2026-09-29,22450.0,PE,37.55,49.6,32.35,38.9,38.9,3631,5307824063.75,86450,7215,2026-09-16
NIFTY,2026-11-23,23250.0,PE,365.15,413.5,350.0,379.65,379.65,65,99786843.0,6695,1885,2026-09-16
NIFTY,2026-11-23,25450.0,PE,0.0,0.0,0.0,1217.0,2034.43,0,0.0,0,0,2026-09-16
NIFTY,2026-10-19,22700.0,PE,0.0,0.0,0.0,222.95,187.27,0,0.0,0,0,2026-09-16
NIFTY,2026-10-19,21800.0,PE,25.0,39.0,25.0,37.35,36.35,13,18450155.75,845,845,2026-09-16
NIFTY,2026-10-13,25350.0,PE,0.0,0.0,0.0,1628.0,2032.36,0,0.0,0,0,2026-09-16
NIFTY,2026-10-06,25600.0,PE,0.0,0.0,0.0,1475.75,2301.11,0,0.0,0,0,2026-09-16
NIFTY,2026-09-22,24150.0,CE,4.25,4.4,3.0,3.4,3.4,118995,186820127230.75,1151085,357240,2026-09-16
NIFTY,2026-09-22,24700.0,CE,1.6,1.65,1.05,1.35,1.35,151303,242929836555.25,2371200,587275,2026-09-16
NIFTY,2026-09-22,24850.0,CE,1.2,1.35,0.85,1.1,1.1,36727,59325859125.0,372775,-8645,2026-09-16
NIFTY,2026-09-29,22900.0,CE,480.85,531.95,427.2,468.85,468.85,1114,1693147478.75,39390,3770,2026-09-16
NIFTY,2026-09-29,26100.0,CE,1.9,1.9,1.55,1.75,1.75,60,101796509.75,13780,-195,2026-09-16
NIFTY,2026-09-29,27000.0,CE,1.5,1.65,0.9,1.15,1.15,5166,9066720221.0,1649505,-53885,2026-09-16
NIFTY,2026-10-06,21950.0,CE,0.0,0.0,0.0,2243.55,1358.47,0,0.0,0,0,2026-09-16
NIFTY,2026-10-06,24550.0,CE,0.0,0.0,0.0,325.45,31.77,0,0.0,0,0,2026-09-16
NIFTY,2026-10-06,25450.0,CE,4.05,4.2,3.7,3.7,3.7,15,24817520.0,1430,0,2026-09-16
NIFTY,2026-10-13,21800.0,CE,0.0,0.0,0.0,1974.5,1537.87,0,0.0,0,0,2026-09-16
NIFTY,2026-10-27,21400.0,CE,0.0,0.0,0.0,2956.85,1992.77,0,0.0,0,0,2026-09-16
NIFTY,2026-11-23,23500.0,CE,468.95,501.0,441.55,465.0,465.0,2714,4228541434.0,241475,-17355,2026-09-16
NIFTY,2026-11-23,23800.0,CE,331.3,350.0,310.0,322.4,322.4,708,1110483175.75,64870,-7020,2026-09-16
NIFTY,2026-12-29,31500.0,CE,4.2,5.5,4.2,5.2,5.2,10,20477938.0,32045,-195,2026-09-16
NIFTY,2027-03-30,24000.0,CE,834.55,860.0,793.85,807.9,807.9,2371,3825574996.75,434330,36725,2026-09-16
NIFTY,2026-09-22,22150.0,PE,9.8,10.1,3.35,7.6,7.6,85341,122911542341.25,517075,315055,2026-09-16
NIFTY,2026-09-29,31500.0,CE,0.75,0.9,0.55,0.65,0.65,29,59378946.25,15730,-1105,2026-09-16
NIFTY,2026-10-06,21350.0,CE,0.0,0.0,0.0,2831.3,1939.45,0,0.0,0,0,2026-09-16
NIFTY,2026-10-06,21500.0,CE,0.0,0.0,0.0,2683.35,1791.9,0,0.0,0,0,2026-09-16
NIFTY,2026-10-06,22700.0,CE,0.0,0.0,0.0,1542.1,714.62,0,0.0,0,0,2026-09-16
NIFTY,2026-10-06,23650.0,CE,141.9,141.9,111.25,116.1,116.1,353,545498876.0,15145,7150,2026-09-16
NIFTY,2026-10-06,23800.0,CE,82.9,97.3,74.1,76.65,76.65,2280,3539620396.0,81120,19370,2026-09-16
NIFTY,2026-10-06,24400.0,CE,15.3,20.5,13.95,14.8,14.8,982,1558555589.5,47450,8970,2026-09-16
NIFTY,2026-10-06,25650.0,CE,5.8,5.8,3.1,3.4,3.4,57,95049123.0,4160,-1105,2026-09-16
NIFTY,2026-10-06,25800.0,CE,5.0,5.0,3.45,3.7,3.7,446,748052022.25,55705,17160,2026-09-16
NIFTY,2026-10-13,22300.0,CE,0.0,0.0,0.0,1511.7,1091.95,0,0.0,0,0,2026-09-16
NIFTY,2026-10-13,22400.0,CE,0.0,0.0,0.0,1423.35,1009.17,0,0.0,0,0,2026-09-16
NIFTY,2026-10-13,23200.0,CE,407.25,423.35,355.0,380.9,380.9,245,375614697.25,7345,3055,2026-09-16
NIFTY,2026-10-13,23600.0,CE,187.4,207.1,170.7,183.6,183.6,263,406751380.75,11635,2990,2026-09-16
NIFTY,2026-10-13,23850.0,CE,123.05,125.9,103.0,105.95,105.95,75,116833749.5,11765,325,2026-09-16
NIFTY,2026-10-13,24000.0,CE,81.0,88.6,70.35,72.35,72.35,1815,2840674996.25,54600,34125,2026-09-16
NIFTY,2026-10-13,24250.0,CE,56.05,56.05,36.75,39.3,39.3,52,82113109.0,2405,2405,2026-09-16
NIFTY,2026-10-19,21450.0,CE,0.0,0.0,0.0,1807.8,1906.03,0,0.0,0,0,2026-09-16
NIFTY,2026-10-19,22100.0,CE,0.0,0.0,0.0,1223.75,1310.6,0,0.0,0,0,2026-09-16
NIFTY,2026-10-19,22500.0,CE,0.0,0.0,0.0,907.95,982.56,0,0.0,0,0,2026-09-16
NIFTY,2026-10-19,22750.0,CE,0.0,0.0,0.0,732.15,799.07,0,0.0,0,0,2026-09-16
NIFTY,2026-10-19,23050.0,CE,0.0,0.0,0.0,549.65,605.47,0,0.0,0,0,2026-09-16
NIFTY,2026-10-19,23450.0,CE,0.0,0.0,0.0,355.1,396.0,0,0.0,0,0,2026-09-16
NIFTY,2026-10-19,23500.0,CE,0.0,0.0,0.0,334.7,373.81,0,0.0,0,0,2026-09-16
NIFTY,2026-10-27,23550.0,CE,309.05,317.3,274.0,288.95,288.95,296,458864835.0,13975,-3640,2026-09-16
NIFTY,2026-10-27,24150.0,CE,110.0,112.15,95.15,98.0,98.0,343,540713312.75,28470,2210,2026-09-16
NIFTY,2026-10-27,24300.0,CE,81.95,85.0,70.0,72.7,72.7,7681,12170662205.0,410280,42445,2026-09-16
NIFTY,2026-10-27,24700.0,CE,38.35,39.95,31.6,33.3,33.3,3654,5875114878.75,265915,-16705,2026-09-16
NIFTY,2026-10-27,26400.0,CE,0.0,0.0,0.0,7.95,5.16,0,0.0,455,0,2026-09-16
NIFTY,2026-10-27,26900.0,CE,6.15,6.15,5.05,5.45,1.77,23,40223550.25,13585,325,2026-09-16
NIFTY,2026-11-23,21350.0,CE,0.0,0.0,0.0,3327.35,2174.22,0,0.0,0,0,2026-09-16
NIFTY,2026-11-23,21900.0,CE,0.0,0.0,0.0,2815.2,1696.92,0,0.0,0,0,2026-09-16
NIFTY,2026-11-23,22150.0,CE,0.0,0.0,0.0,1411.85,1495.02,0,0.0,195,0,2026-09-16
NIFTY,2026-11-23,23050.0,CE,758.9,758.9,758.9,758.9,872.29,1,1547578.5,65,65,2026-09-16
NIFTY,2026-11-23,25050.0,CE,0.0,0.0,0.0,628.4,155.06,0,0.0,0,0,2026-09-16
NIFTY,2026-12-29,33000.0,CE,4.8,4.8,3.65,3.9,3.9,42,90101878.75,106210,845,2026-09-16
NIFTY,2027-03-30,25500.0,CE,260.0,296.0,260.0,278.0,278.0,2946,4937324180.75,701415,9230,2026-09-16
NIFTY,2027-06-29,22500.0,CE,0.0,0.0,0.0,5539.6,2355.25,0,0.0,0,0,2026-09-16
NIFTY,2027-12-28,15000.0,CE,0.0,0.0,0.0,7931.05,9387.07,0,0.0,0,0,2026-09-16
NIFTY,2027-12-28,19500.0,CE,0.0,0.0,0.0,8684.7,5364.89,0,0.0,0,0,2026-09-16
NIFTY,2027-12-28,27000.0,CE,544.85,565.85,525.0,546.2,546.2,504,902609903.0,140285,11570,2026-09-16
NIFTY,2028-06-27,33000.0,CE,0.0,0.0,0.0,2004.15,361.08,0,0.0,0,0,2026-09-16
NIFTY,2029-06-26,16500.0,CE,0.0,0.0,0.0,12587.95,9420.35,0,0.0,0,0,2026-09-16
NIFTY,2030-06-25,27000.0,CE,0.0,0.0,0.0,6972.5,3813.41,0,0.0,0,0,2026-09-16
NIFTY,2031-06-24,19500.0,CE,0.0,0.0,0.0,9840.6,9042.02,0,0.0,0,0,2026-09-16
NIFTY,2031-06-24,25500.0,CE,0.0,0.0,0.0,6409.8,5578.13,0,0.0,0,0,2026-09-16
NIFTY,2026-09-22,21450.0,PE,2.2,3.5,1.75,3.1,3.1,37060,51677828293.0,327015,327015,2026-09-16
NIFTY,2026-09-22,22750.0,PE,46.8,49.65,27.1,33.65,33.65,375658,556377508290.5,986960,472680,2026-09-16
NIFTY,2026-09-22,23600.0,PE,409.3,459.45,322.95,383.6,383.6,48626,75800925206.5,1022840,10530,2026-09-16
NIFTY,2026-09-22,23800.0,PE,600.55,640.0,495.4,564.65,564.65,13015,20608377972.0,518310,-87360,2026-09-16
NIFTY,2026-09-22,23850.0,PE,608.35,675.1,555.0,615.0,615.0,344,546983008.0,68900,-65,2026-09-16
NIFTY,2026-09-29,19500.0,PE,2.85,2.85,1.8,2.05,2.05,3059,3877700755.5,1042860,65,2026-09-16
NIFTY,2026-09-29,21400.0,PE,7.8,10.2,7.0,8.9,8.9,6315,8787825127.25,84175,84175,2026-09-16
NIFTY,2026-09-29,21750.0,PE,13.3,15.9,11.25,13.5,13.5,2182,3086696795.0,41470,-11505,2026-09-16
NIFTY,2026-09-29,24200.0,PE,916.95,998.25,868.0,934.45,934.45,2095,3422200135.25,1745640,-34450,2026-09-16
NIFTY,2026-09-29,24300.0,PE,1014.25,1106.45,971.0,1034.2,1034.2,3110,5122662551.5,2965430,-106210,2026-09-16
NIFTY,2026-09-29,24500.0,PE,1286.9,1292.65,1150.7,1232.05,1232.05,3764,6292354003.0,3009825,-67145,2026-09-16
NIFTY,2026-09-29,24650.0,PE,1365.9,1367.1,1321.0,1321.0,1387.94,6,10136490.0,36790,-195,2026-09-16
NIFTY,2026-09-29,25200.0,PE,1971.45,1979.6,1896.0,1925.0,1930.2,23,40581830.25,80080,-910,2026-09-16
NIFTY,2026-09-29,25400.0,PE,2101.9,2182.7,2101.9,2122.7,2129.26,11,19691711.0,26195,-585,2026-09-16
NIFTY,2026-09-29,25450.0,PE,0.0,0.0,0.0,946.5,2179.08,0,0.0,715,0,2026-09-16
NIFTY,2026-09-29,25950.0,PE,0.0,0.0,0.0,1299.0,2677.77,0,0.0,65,0,2026-09-16
NIFTY,2026-10-06,22200.0,PE,41.55,48.2,33.65,40.55,40.55,1073,1551216654.0,47970,14170,2026-09-16
NIFTY,2026-10-06,22550.0,PE,60.65,84.7,59.65,71.65,71.65,289,424879666.25,6760,5460,2026-09-16
NIFTY,2026-10-06,23400.0,PE,305.95,364.55,275.2,315.05,315.05,798,1230013892.25,41210,5785,2026-09-16
NIFTY,2026-10-06,23550.0,PE,372.8,415.95,372.8,403.25,403.25,19,29573254.75,4940,195,2026-09-16
NIFTY,2026-10-06,23800.0,PE,577.0,629.0,530.0,581.9,581.9,88,139413124.5,12220,1170,2026-09-16
NIFTY,2026-10-06,24050.0,PE,758.1,778.7,758.1,778.7,849.6,2,3226392.0,195,-65,2026-09-16
NIFTY,2026-10-06,24100.0,PE,0.0,0.0,0.0,705.05,890.34,0,0.0,650,0,2026-09-16
NIFTY,2026-10-06,24200.0,PE,962.9,962.9,938.55,938.55,973.93,2,3269594.25,260,65,2026-09-16
NIFTY,2026-10-06,24750.0,PE,0.0,0.0,0.0,808.1,1471.59,0,0.0,0,0,2026-09-16
NIFTY,2026-10-06,25200.0,PE,0.0,0.0,0.0,1141.5,1906.39,0,0.0,0,0,2026-09-16
NIFTY,2026-10-06,25300.0,PE,0.0,0.0,0.0,1222.15,2004.62,0,0.0,0,0,2026-09-16
NIFTY,2026-10-06,25550.0,PE,0.0,0.0,0.0,1432.35,2251.56,0,0.0,0,0,2026-09-16
NIFTY,2026-10-13,22250.0,PE,59.05,64.0,58.25,61.05,61.05,43,62358877.75,2340,2340,2026-09-16
NIFTY,2026-10-13,23050.0,PE,197.65,234.6,184.2,204.5,204.5,69,104273253.5,3120,-260,2026-09-16
NIFTY,2026-10-13,23200.0,PE,267.9,295.85,230.0,256.95,256.95,467,711959222.0,15665,10270,2026-09-16
NIFTY,2026-10-13,24800.0,PE,0.0,0.0,0.0,1155.2,1510.21,0,0.0,0,0,2026-09-16
NIFTY,2026-10-19,21350.0,PE,0.0,0.0,0.0,17.35,12.62,0,0.0,0,0,2026-09-16
NIFTY,2026-10-19,22850.0,PE,0.0,0.0,0.0,274.5,233.4,0,0.0,0,0,2026-09-16
NIFTY,2026-10-19,23550.0,PE,0.0,0.0,0.0,617.9,550.72,0,0.0,0,0,2026-09-16
NIFTY,2026-10-19,23850.0,PE,0.0,0.0,0.0,815.85,738.82,0,0.0,0,0,2026-09-16
NIFTY,2026-10-27,23400.0,PE,370.05,433.8,349.5,383.95,383.95,2860,4421475210.75,291915,13000,2026-09-16
NIFTY,2026-10-27,23600.0,PE,472.55,534.9,442.95,486.75,486.75,1303,2040188390.5,215410,-9620,2026-09-16
NIFTY,2026-10-27,23650.0,PE,496.3,517.5,488.45,511.6,511.6,36,56535849.5,28860,-650,2026-09-16
NIFTY,2026-10-27,24200.0,PE,900.05,953.55,847.45,899.45,899.45,602,981876034.75,209105,4550,2026-09-16
NIFTY,2026-10-27,24650.0,PE,1252.55,1269.3,1252.55,1269.3,1366.04,15,25256075.0,3705,-910,2026-09-16
NIFTY,2026-10-27,24700.0,PE,1400.0,1400.0,1300.0,1326.4,1326.4,24,40609702.25,123240,-585,2026-09-16
NIFTY,2026-10-27,24950.0,PE,0.0,0.0,0.0,1390.55,1625.29,0,0.0,3835,0,2026-09-16
NIFTY,2026-10-27,26550.0,PE,0.0,0.0,0.0,2330.1,3148.36,0,0.0,0,0,2026-09-16
NIFTY,2026-10-27,26850.0,PE,0.0,0.0,0.0,2588.1,3444.44,0,0.0,0,0,2026-09-16
NIFTY,2026-10-27,27150.0,PE,0.0,0.0,0.0,2853.65,3741.35,0,0.0,0,0,2026-09-16
NIFTY,2026-10-27,27200.0,PE,0.0,0.0,0.0,2898.55,3790.88,0,0.0,0,0,2026-09-16
NIFTY,2026-11-23,21550.0,PE,0.0,0.0,0.0,34.3,76.22,0,0.0,0,0,2026-09-16
NIFTY,2026-11-23,22000.0,PE,109.95,124.2,100.25,111.75,111.75,2488,3575674069.5,172380,18590,2026-09-16
NIFTY,2026-11-23,23800.0,PE,600.0,685.0,599.95,634.35,634.35,163,258866491.0,85345,-2015,2026-09-16
NIFTY,2026-11-23,24000.0,PE,734.05,812.0,704.25,758.7,758.7,740,1190451054.0,253825,2535,2026-09-16
NIFTY,2026-11-23,24500.0,PE,1100.05,1185.2,1069.2,1117.0,1117.0,299,497746587.0,195715,-2795,2026-09-16
NIFTY,2026-11-23,24600.0,PE,0.0,0.0,0.0,1008.05,1340.01,0,0.0,975,0,2026-09-16
NIFTY,2026-11-23,24900.0,PE,0.0,0.0,0.0,887.45,1572.28,0,0.0,0,0,2026-09-16
NIFTY,2026-11-23,25300.0,PE,0.0,0.0,0.0,1121.6,1904.53,0,0.0,0,0,2026-09-16
NIFTY,2026-12-29,23000.0,PE,370.45,394.55,327.5,355.45,355.45,11776,17876268302.75,3131180,130780,2026-09-16
NIFTY,2026-12-29,30000.0,PE,6150.95,6230.05,6114.15,6162.75,6162.75,47,110556621.5,386395,-650,2026-09-16
NIFTY,2027-03-30,24000.0,PE,767.6,826.75,743.75,781.95,781.95,2130,3431231388.0,737165,11960,2026-09-16
NIFTY,2027-06-29,22500.0,PE,402.0,439.65,402.0,425.0,550.57,9,13410003.75,2470,195,2026-09-16
NIFTY,2027-12-28,25000.0,PE,1220.0,1259.95,1205.0,1222.1,1222.1,363,618961336.5,138190,14105,2026-09-16
NIFTY,2027-12-28,26000.0,PE,1701.0,1724.35,1647.5,1662.2,1662.2,79,142132646.5,79565,0,2026-09-16
NIFTY,2028-06-27,33000.0,PE,0.0,0.0,0.0,3707.8,6630.78,0,0.0,0,0,2026-09-16
NIFTY,2028-12-26,23000.0,PE,763.0,800.0,763.0,800.0,800.0,5,7728597.5,2845,130,2026-09-16
NIFTY,2028-12-26,26000.0,PE,0.0,0.0,0.0,1468.0,1849.51,0,0.0,6940,0,2026-09-16
NIFTY,2029-06-26,25500.0,PE,0.0,0.0,0.0,624.25,1550.0,0,0.0,0,0,2026-09-16
NIFTY,2029-06-26,27000.0,PE,0.0,0.0,0.0,1252.35,2145.44,0,0.0,0,0,2026-09-16
NIFTY,2029-06-26,30000.0,PE,0.0,0.0,0.0,2031.05,3642.78,0,0.0,0,0,2026-09-16
NIFTY,2029-12-24,24000.0,PE,755.0,755.0,755.0,755.0,1021.76,1,1609075.0,520,0,2026-09-16
NIFTY,2029-12-24,33000.0,PE,0.0,0.0,0.0,2953.7,5020.75,0,0.0,0,0,2026-09-16
NIFTY,2030-06-25,28500.0,PE,0.0,0.0,0.0,1167.6,2435.88,0,0.0,0,0,2026-09-16
NIFTY,2030-12-31,24000.0,PE,0.0,0.0,0.0,1000.0,927.56,0,0.0,520,0,2026-09-16
NIFTY,2031-06-24,19500.0,PE,0.0,0.0,0.0,289.2,246.87,0,0.0,0,0,2026-09-16
NIFTY,2026-09-29,21400.0,CE,0.0,0.0,0.0,2855.0,1863.21,0,0.0,0,0,2026-09-16
NIFTY,2026-09-22,24350.0,CE,2.05,3.15,2.0,2.4,2.4,78289,123924108912.5,471445,-257660,2026-09-16
NIFTY,2026-09-22,23550.0,CE,45.05,59.8,34.95,38.4,38.4,718844,1102546075332.0,2104700,570180,2026-09-16
NIFTY,2026-09-22,22700.0,CE,547.9,631.7,510.0,571.3,571.3,2549,3857222443.75,72150,39130,2026-09-16
NIFTY,2026-09-22,22550.0,CE,743.85,744.1,650.35,719.3,719.3,34,51396618.0,1430,65,2026-09-16
NIFTY,2026-09-29,22600.0,CE,732.0,780.0,684.5,721.0,721.0,113,171342947.75,3575,1105,2026-09-16
NIFTY,2026-09-29,23850.0,CE,37.2,46.5,30.0,31.85,31.85,25964,40311497063.5,442910,-257400,2026-09-16
NIFTY,2026-09-29,24950.0,CE,5.1,5.1,3.3,3.8,3.8,3730,6050086607.5,113685,20345,2026-09-16
NIFTY,2026-09-29,25400.0,CE,3.15,3.25,2.3,2.45,2.45,6038,9969735798.75,313820,119145,2026-09-16
NIFTY,2026-09-29,26500.0,CE,1.35,1.35,0.85,0.9,0.9,5318,9160587306.0,877305,-9425,2026-09-16
NIFTY,2026-09-29,26650.0,CE,1.45,1.45,0.9,0.95,0.0,9,15590861.0,1105,195,2026-09-16
NIFTY,2026-09-29,28500.0,CE,0.5,0.65,0.5,0.55,0.55,867,1606148420.5,519025,-260,2026-09-16
NIFTY,2026-11-23,26100.0,PE,0.0,0.0,0.0,1675.5,2622.62,0,0.0,0,0,2026-09-16
NIFTY,2026-10-06,21700.0,CE,0.0,0.0,0.0,2486.95,1597.06,0,0.0,0,0,2026-09-16
NIFTY,2026-09-29,26850.0,CE,2.2,2.2,0.9,1.0,1.0,122,212928417.0,3445,780,2026-09-16
NIFTY,2026-09-29,25300.0,CE,3.65,3.65,2.2,2.65,2.65,8945,14711716389.5,509210,57460,2026-09-16
NIFTY,2026-09-29,25250.0,CE,4.85,4.85,2.7,2.9,2.9,2134,3502856132.75,51480,-32825,2026-09-16
NIFTY,2026-09-29,25050.0,CE,4.05,4.35,2.65,3.45,3.45,2057,3349780882.5,80210,-2730,2026-09-16
NIFTY,2026-09-29,24250.0,CE,12.55,14.15,8.6,9.15,9.15,7161,11292704127.25,477165,74360,2026-09-16
NIFTY,2026-09-29,23650.0,CE,66.6,91.45,64.55,68.05,68.05,14566,22462414718.25,455390,-20540,2026-09-16
NIFTY,2026-09-29,23500.0,CE,117.05,146.45,102.95,114.6,114.6,140789,216185607576.25,4304820,-141375,2026-09-16
NIFTY,2026-09-29,23450.0,CE,135.65,169.75,121.2,132.25,132.25,14778,22661951435.5,380055,41210,2026-09-16
NIFTY,2026-09-29,23400.0,CE,162.85,193.4,139.85,154.65,154.65,71838,110045036351.25,1925235,-373425,2026-09-16
NIFTY,2026-09-29,23200.0,CE,241.45,311.8,234.6,259.25,259.25,67847,103508983474.0,1253785,364585,2026-09-16
NIFTY,2026-09-29,22350.0,CE,0.0,0.0,0.0,1150.0,943.36,0,0.0,130,0,2026-09-16
NIFTY,2026-09-29,22300.0,CE,1016.7,1035.25,990.0,990.0,988.92,6,9090562.0,1560,-65,2026-09-16
NIFTY,2030-12-31,27000.0,PE,0.0,0.0,0.0,779.5,1735.91,0,0.0,0,0,2026-09-16
NIFTY,2026-10-13,21900.0,CE,0.0,0.0,0.0,1879.7,1445.2,0,0.0,0,0,2026-09-16
NIFTY,2030-12-31,33000.0,PE,0.0,0.0,0.0,2387.3,4227.46,0,0.0,0,0,2026-09-16
NIFTY,2026-09-29,18000.0,CE,5250.0,5250.0,5250.0,5250.0,5255.51,1,1511250.0,1040,65,2026-09-16
NIFTY,2026-09-29,15000.0,CE,0.0,0.0,0.0,10499.3,8249.19,0,0.0,0,0,2026-09-16
NIFTY,2026-09-22,25150.0,CE,1.05,1.15,0.7,0.85,0.85,26684,43623245168.75,319995,2730,2026-09-16
NIFTY,2026-09-22,24400.0,CE,2.7,2.7,1.8,2.2,2.2,196764,312096020489.5,2164110,213070,2026-09-16
NIFTY,2026-09-22,23300.0,CE,127.4,168.05,106.7,123.6,123.6,2278486,3471189931901.25,4390295,722345,2026-09-16
NIFTY,2026-09-22,21700.0,CE,1615.9,1615.9,1521.3,1543.8,1538.75,54,81608985.25,1560,1560,2026-09-16
NIFTY,2026-09-22,21550.0,CE,0.0,0.0,0.0,2733.15,1688.57,0,0.0,0,0,2026-09-16
NIFTY,2026-09-22,25200.0,PE,1931.45,1960.8,1931.45,1960.8,1957.89,2,3528996.25,4160,0,2026-09-16
NIFTY,2026-12-29,18000.0,CE,5493.65,5493.65,5493.65,5493.65,5539.14,1,1527087.25,1950,65,2026-09-16
NIFTY,2026-12-29,34500.0,CE,5.35,5.35,5.35,5.35,0.0,1,2242847.75,1430,65,2026-09-16
NIFTY,2026-09-22,24150.0,PE,933.0,980.0,850.0,910.95,914.49,160,260863037.5,25545,-1495,2026-09-16
NIFTY,2026-09-22,22800.0,PE,48.95,57.9,31.8,39.3,39.3,792594,1176784186266.0,5077735,2028455,2026-09-16
NIFTY,2026-09-22,22700.0,PE,29.9,42.6,23.1,28.9,28.9,606249,895733303179.0,4344405,1167790,2026-09-16
NIFTY,2026-09-22,22350.0,PE,15.0,15.85,8.95,11.35,11.35,222594,323539693688.25,972790,727285,2026-09-16
NIFTY,2026-09-22,21350.0,PE,2.35,3.1,1.55,2.75,2.75,199937,277495331769.5,2691065,2691065,2026-09-16
NIFTY,2031-06-24,27000.0,CE,0.0,0.0,0.0,5699.0,4873.91,0,0.0,0,0,2026-09-16
NIFTY,2030-12-31,21000.0,CE,0.0,0.0,0.0,10552.5,7617.48,0,0.0,0,0,2026-09-16
NIFTY,2029-12-24,30000.0,CE,1660.0,1700.0,1660.0,1689.5,2174.94,8,16476167.5,8990,455,2026-09-16
NIFTY,2029-12-24,25500.0,CE,0.0,0.0,0.0,6500.6,3945.87,0,0.0,0,0,2026-09-16
NIFTY,2029-06-26,27000.0,CE,0.0,0.0,0.0,6570.4,2710.72,0,0.0,0,0,2026-09-16
NIFTY,2028-12-26,16500.0,CE,0.0,0.0,0.0,12176.65,8966.21,0,0.0,0,0,2026-09-16
NIFTY,2027-03-30,22500.0,CE,1825.0,1826.0,1740.05,1772.1,1772.1,938,1480077696.5,155805,17485,2026-09-16
NIFTY,2026-11-23,22650.0,CE,0.0,0.0,0.0,2156.8,1126.84,0,0.0,0,0,2026-09-16
NIFTY,2026-10-27,26350.0,CE,0.0,0.0,0.0,8.0,5.71,0,0.0,520,0,2026-09-16
NIFTY,2026-10-27,26250.0,CE,0.0,0.0,0.0,9.95,6.99,0,0.0,585,0,2026-09-16
NIFTY,2026-10-27,25200.0,CE,21.8,23.65,16.2,16.8,16.8,2255,3696389752.25,196820,22880,2026-09-16
NIFTY,2026-10-27,24550.0,CE,50.0,52.95,43.55,44.65,44.65,289,462073342.25,45500,2860,2026-09-16
NIFTY,2026-10-27,23150.0,CE,526.45,553.95,478.5,507.65,507.65,102,156893909.25,3055,1495,2026-09-16
NIFTY,2026-10-27,22750.0,CE,776.0,841.0,776.0,795.35,864.28,18,27534240.5,780,780,2026-09-16
NIFTY,2026-10-27,22450.0,CE,0.0,0.0,0.0,2042.45,1081.8,0,0.0,0,0,2026-09-16
NIFTY,2026-10-27,22250.0,CE,0.0,0.0,0.0,1265.4,1239.49,0,0.0,13130,0,2026-09-16
NIFTY,2026-10-27,22000.0,CE,1449.95,1500.45,1370.85,1425.85,1425.85,404,615225835.25,102570,14885,2026-09-16
NIFTY,2026-10-27,21500.0,CE,1909.0,1923.0,1829.55,1894.45,1894.45,35,53216663.5,1755,1755,2026-09-16
NIFTY,2026-10-19,24350.0,CE,0.0,0.0,0.0,104.05,118.98,0,0.0,0,0,2026-09-16
NIFTY,2026-10-19,23100.0,CE,0.0,0.0,0.0,522.3,576.2,0,0.0,0,0,2026-09-16
NIFTY,2026-10-06,21650.0,PE,0.0,0.0,0.0,5.1,7.8,0,0.0,0,0,2026-09-16
NIFTY,2026-10-06,21750.0,PE,0.0,0.0,0.0,6.65,10.78,0,0.0,0,0,2026-09-16
NIFTY,2026-10-06,22500.0,PE,65.05,78.0,55.15,65.6,65.6,3553,5211332506.25,118820,31525,2026-09-16
NIFTY,2026-10-06,22650.0,PE,86.7,100.45,79.1,85.45,85.45,122,180297757.25,4095,2600,2026-09-16
NIFTY,2026-10-06,22800.0,PE,103.05,131.5,95.0,111.0,111.0,1406,2093742430.0,43095,27560,2026-09-16
NIFTY,2026-10-06,23050.0,PE,171.4,203.7,148.5,172.45,172.45,326,492121711.25,10725,3185,2026-09-16
NIFTY,2026-10-06,23900.0,PE,619.0,702.55,619.0,661.0,732.03,22,35124817.0,2145,130,2026-09-16
NIFTY,2026-10-06,24400.0,PE,0.0,0.0,0.0,588.3,1148.47,0,0.0,0,0,2026-09-16
NIFTY,2026-10-06,24700.0,PE,0.0,0.0,0.0,774.45,1424.37,0,0.0,0,0,2026-09-16
NIFTY,2026-10-06,25000.0,PE,0.0,0.0,0.0,987.9,1711.36,0,0.0,0,0,2026-09-16
NIFTY,2026-10-06,25050.0,PE,0.0,0.0,0.0,1024.75,1759.9,0,0.0,0,0,2026-09-16
NIFTY,2026-10-06,25750.0,PE,0.0,0.0,0.0,1608.15,2449.99,0,0.0,0,0,2026-09-16
NIFTY,2026-10-13,22300.0,PE,63.7,73.75,58.8,65.3,65.3,91,132288916.5,6370,845,2026-09-16
NIFTY,2026-10-13,22400.0,PE,69.0,86.6,68.8,74.95,74.95,53,77427067.25,2210,-130,2026-09-16
NIFTY,2026-10-13,22600.0,PE,94.0,116.8,88.85,104.45,104.45,87,128371938.5,5525,195,2026-09-16
NIFTY,2026-10-13,22700.0,PE,112.2,131.0,111.2,121.0,121.0,123,182444977.0,5915,1495,2026-09-16
NIFTY,2026-10-13,22850.0,PE,166.75,169.15,143.85,153.5,153.5,40,59806136.0,2210,1820,2026-09-16
NIFTY,2026-10-06,22050.0,CE,0.0,0.0,0.0,2147.1,1265.29,0,0.0,0,0,2026-09-16
NIFTY,2029-12-24,19500.0,PE,0.0,0.0,0.0,61.2,237.06,0,0.0,0,0,2026-09-16
NIFTY,2029-06-26,26000.0,PE,0.0,0.0,0.0,1650.0,1736.49,0,0.0,50,0,2026-09-16
NIFTY,2026-10-19,21700.0,CE,0.0,0.0,0.0,1575.5,1670.41,0,0.0,0,0,2026-09-16
NIFTY,2026-10-13,23500.0,CE,250.0,252.65,208.0,222.4,222.4,710,1095270224.75,36855,7930,2026-09-16
NIFTY,2029-06-26,22500.0,PE,0.0,0.0,0.0,224.45,687.91,0,0.0,0,0,2026-09-16
NIFTY,2028-12-26,30000.0,PE,0.0,0.0,0.0,3000.05,3979.25,0,0.0,195,0,2026-09-16
NIFTY,2028-12-26,22500.0,PE,0.0,0.0,0.0,218.8,690.84,0,0.0,0,0,2026-09-16
NIFTY,2028-12-26,21000.0,PE,390.05,390.05,390.05,390.05,390.05,1,1390353.25,9400,0,2026-09-16
NIFTY,2028-06-27,25500.0,PE,0.0,0.0,0.0,1070.0,1734.98,0,0.0,130,0,2026-09-16
NIFTY,2028-06-27,22000.0,PE,0.0,0.0,0.0,434.1,559.25,0,0.0,2080,0,2026-09-16
NIFTY,2026-10-13,23050.0,CE,0.0,0.0,0.0,900.4,546.71,0,0.0,0,0,2026-09-16
NIFTY,2026-10-13,22450.0,CE,0.0,0.0,0.0,1379.8,968.79,0,0.0,0,0,2026-09-16
NIFTY,2026-10-13,22150.0,CE,0.0,0.0,0.0,1647.3,1220.64,0,0.0,0,0,2026-09-16
NIFTY,2028-06-27,18000.0,PE,0.0,0.0,0.0,396.75,69.71,0,0.0,0,0,2026-09-16
NIFTY,2027-12-28,30000.0,PE,0.0,0.0,0.0,4105.0,4847.01,0,0.0,2600,0,2026-09-16
NIFTY,2026-10-06,25700.0,CE,3.55,4.35,3.2,3.4,3.4,30,50121711.25,4420,-780,2026-09-16
NIFTY,2026-10-06,23850.0,CE,80.5,85.75,64.7,66.4,66.4,720,1119661351.25,15990,1820,2026-09-16
NIFTY,2026-10-06,23200.0,CE,330.55,370.95,295.05,319.65,319.65,4309,6591385836.75,79495,5720,2026-09-16
NIFTY,2026-10-13,23500.0,PE,394.95,446.35,361.0,396.55,396.55,402,624307021.0,32500,11895,2026-09-16
NIFTY,2026-10-13,24150.0,PE,0.0,0.0,0.0,683.35,947.87,0,0.0,0,0,2026-09-16
NIFTY,2026-10-13,24700.0,PE,0.0,0.0,0.0,1075.5,1418.74,0,0.0,0,0,2026-09-16
NIFTY,2026-10-13,24850.0,PE,0.0,0.0,0.0,1195.85,1556.45,0,0.0,0,0,2026-09-16
NIFTY,2026-10-19,21400.0,PE,0.0,0.0,0.0,19.55,14.32,0,0.0,0,0,2026-09-16
NIFTY,2026-10-19,22000.0,PE,0.0,0.0,0.0,70.1,55.12,0,0.0,0,0,2026-09-16
NIFTY,2026-10-19,22250.0,PE,0.0,0.0,0.0,110.1,88.8,0,0.0,0,0,2026-09-16
NIFTY,2026-10-19,22400.0,PE,0.0,0.0,0.0,141.35,115.67,0,0.0,0,0,2026-09-16
NIFTY,2026-10-19,22750.0,PE,0.0,0.0,0.0,239.3,201.84,0,0.0,0,0,2026-09-16
NIFTY,2026-10-19,23200.0,PE,0.0,0.0,0.0,424.85,370.51,0,0.0,0,0,2026-09-16
NIFTY,2026-10-19,23650.0,PE,0.0,0.0,0.0,680.7,610.09,0,0.0,0,0,2026-09-16
NIFTY,2026-10-27,22050.0,PE,61.75,81.6,61.75,73.55,73.55,195,280416357.0,5785,1560,2026-09-16
NIFTY,2026-10-27,22200.0,PE,80.05,98.55,75.1,86.4,86.4,2298,3328696744.75,111475,46540,2026-09-16
NIFTY,2026-10-27,23100.0,PE,291.95,304.2,238.05,266.75,266.75,2911,4421544673.0,228605,2925,2026-09-16
NIFTY,2026-10-27,23450.0,PE,401.05,442.1,371.25,406.65,406.65,175,271310786.5,56030,1365,2026-09-16
NIFTY,2026-10-27,24300.0,PE,930.0,1040.2,919.7,980.55,980.55,347,569862676.5,134680,-9880,2026-09-16
NIFTY,2026-10-27,24800.0,PE,1433.9,1502.0,1365.8,1431.75,1431.75,162,276010718.75,153660,8580,2026-09-16
NIFTY,2026-10-27,24850.0,PE,0.0,0.0,0.0,1307.75,1537.32,0,0.0,1300,0,2026-09-16
NIFTY,2026-10-27,25000.0,PE,1610.0,1690.4,1551.0,1624.9,1624.9,416,719930594.5,589550,2730,2026-09-16
NIFTY,2026-10-27,25200.0,PE,1862.55,1862.55,1780.0,1800.0,1850.93,4,7021465.75,13195,65,2026-09-16
NIFTY,2026-10-27,25600.0,PE,0.0,0.0,0.0,1280.0,2225.07,0,0.0,130,0,2026-09-16
NIFTY,2026-11-23,23850.0,CE,309.15,327.2,295.1,306.8,306.8,58,91097701.5,4355,1690,2026-09-16
NIFTY,2026-10-06,21550.0,PE,0.0,0.0,0.0,3.9,5.56,0,0.0,0,0,2026-09-16
NIFTY,2026-09-29,33000.0,PE,0.0,0.0,0.0,6552.15,9712.89,0,0.0,0,0,2026-09-16
NIFTY,2026-09-29,27150.0,PE,0.0,0.0,0.0,2959.15,3875.21,0,0.0,0,0,2026-09-16
NIFTY,2026-09-29,25700.0,PE,0.0,0.0,0.0,2440.0,2428.36,0,0.0,12025,0,2026-09-16
NIFTY,2026-09-29,25650.0,PE,0.0,0.0,0.0,1016.85,2378.49,0,0.0,65,0,2026-09-16
NIFTY,2026-09-29,24950.0,PE,1680.95,1680.95,1680.95,1680.95,1682.29,1,1731011.75,4875,-65,2026-09-16
NIFTY,2026-09-29,24750.0,PE,0.0,0.0,0.0,1552.0,1485.48,0,0.0,28600,0,2026-09-16
NIFTY,2026-09-29,23400.0,PE,301.05,337.15,240.55,283.3,283.3,56724,87301588075.0,1909505,-345345,2026-09-16
NIFTY,2026-09-29,22600.0,PE,55.05,67.6,43.6,52.7,52.7,35426,52162574399.0,1077895,210080,2026-09-16
NIFTY,2026-09-29,22550.0,PE,45.0,60.4,39.0,47.35,47.35,6287,9234800633.5,234975,54470,2026-09-16
NIFTY,2026-09-29,21950.0,PE,16.75,20.8,14.45,17.5,17.5,2432,3472567062.25,173680,-4160,2026-09-16
NIFTY,2026-09-29,21000.0,PE,6.85,7.05,5.3,6.0,6.0,20180,27553653790.0,2622035,91390,2026-09-16
NIFTY,2026-11-23,24950.0,CE,0.0,0.0,0.0,670.25,172.21,0,0.0,0,0,2026-09-16
NIFTY,2027-12-28,22500.0,PE,0.0,0.0,0.0,186.5,640.19,0,0.0,0,0,2026-09-16
NIFTY,2026-11-23,23000.0,CE,785.75,813.95,730.1,765.75,765.75,2568,3967125906.25,177580,75335,2026-09-16
NIFTY,2027-12-28,19500.0,PE,0.0,0.0,0.0,29.25,129.44,0,0.0,0,0,2026-09-16
NIFTY,2027-06-29,33000.0,PE,0.0,0.0,0.0,4691.7,8209.68,0,0.0,0,0,2026-09-16
NIFTY,2027-03-30,33000.0,PE,0.0,0.0,0.0,8415.45,8689.77,0,0.0,0,0,2026-09-16
NIFTY,2026-12-29,12000.0,PE,3.5,4.8,2.95,3.35,3.35,44,34331505.0,19840,-130,2026-09-16
NIFTY,2026-11-23,25950.0,CE,0.0,0.0,0.0,332.85,55.17,0,0.0,0,0,2026-09-16
NIFTY,2026-11-23,26000.0,CE,25.95,26.0,21.0,21.65,21.65,1836,3105556697.75,309010,2015,2026-09-16
NIFTY,2026-09-22,25750.0,PE,0.0,0.0,0.0,1525.75,2507.35,0,0.0,0,0,2026-09-16
NIFTY,2026-10-27,26000.0,PE,2535.25,2661.6,2514.8,2586.95,2586.95,640,1188972820.75,514150,36270,2026-09-16
NIFTY,2026-10-27,26600.0,PE,0.0,0.0,0.0,2372.55,3197.63,0,0.0,0,0,2026-09-16
NIFTY,2026-11-23,22450.0,PE,176.0,176.0,176.0,176.0,238.45,1,1470690.0,1690,65,2026-09-16
NIFTY,2026-11-23,22950.0,PE,262.65,310.85,262.65,277.6,396.15,26,39257429.25,1300,780,2026-09-16
NIFTY,2026-11-23,23950.0,PE,728.0,728.0,728.0,728.0,892.84,1,1604070.0,1625,0,2026-09-16
NIFTY,2026-11-23,24100.0,PE,800.0,877.3,781.0,821.55,821.55,24,38852625.5,7280,-65,2026-09-16
NIFTY,2026-11-23,24550.0,PE,0.0,0.0,0.0,951.8,1302.59,0,0.0,1040,0,2026-09-16
NIFTY,2026-11-23,25250.0,PE,0.0,0.0,0.0,1090.7,1861.82,0,0.0,0,0,2026-09-16
NIFTY,2026-11-23,22400.0,PE,169.15,181.8,149.1,163.65,163.65,199,291879776.5,9490,5135,2026-09-16
NIFTY,2026-11-23,22650.0,PE,0.0,0.0,0.0,222.8,294.12,0,0.0,2665,0,2026-09-16
NIFTY,2026-11-23,23550.0,PE,490.6,518.9,476.65,500.9,500.9,27,42194519.25,7605,650,2026-09-16
NIFTY,2026-11-23,24050.0,PE,757.15,757.15,757.15,757.15,955.62,2,3224929.5,1625,0,2026-09-16
NIFTY,2026-11-23,24450.0,PE,0.0,0.0,0.0,878.7,1228.33,0,0.0,1560,0,2026-09-16
NIFTY,2026-09-22,21400.0,CE,0.0,0.0,0.0,2881.05,1838.42,0,0.0,0,0,2026-09-16
NIFTY,2026-09-22,22800.0,CE,476.3,550.65,425.0,483.95,483.95,10709,16210578744.75,115310,51155,2026-09-16
NIFTY,2026-09-22,23700.0,CE,18.5,28.45,15.2,17.1,17.1,885386,1365161057429.0,5427630,1609660,2026-09-16
NIFTY,2026-09-22,24450.0,CE,2.5,2.5,1.7,2.05,2.05,59206,94100983496.0,384280,17030,2026-09-16
NIFTY,2026-09-22,25050.0,CE,1.1,1.3,0.75,0.95,0.95,64083,104347105401.5,348465,10205,2026-09-16
NIFTY,2026-09-22,25200.0,CE,1.0,1.1,0.7,0.85,0.85,69811,114354281986.75,1089270,-28405,2026-09-16
NIFTY,2026-09-22,25350.0,CE,1.1,1.25,0.7,0.85,0.85,1355,2232779025.75,13845,1365,2026-09-16
NIFTY,2026-09-22,25400.0,CE,1.0,1.05,0.7,0.85,0.85,14128,23326102257.25,385970,106405,2026-09-16
NIFTY,2026-09-29,21700.0,CE,0.0,0.0,0.0,1820.0,1565.62,0,0.0,0,0,2026-09-16
NIFTY,2026-09-29,22750.0,CE,630.9,631.25,565.05,604.5,606.3,25,37967007.0,2080,1105,2026-09-16
NIFTY,2026-09-29,23750.0,CE,54.55,65.1,44.35,46.8,46.8,13847,21424037680.5,394745,56550,2026-09-16
NIFTY,2026-09-29,24150.0,CE,15.25,17.95,10.95,11.6,11.6,12560,19727494848.75,448240,113945,2026-09-16
NIFTY,2026-09-29,24500.0,CE,8.4,8.9,6.0,6.25,6.25,49829,79375420432.75,5443295,-53040,2026-09-16
NIFTY,2026-09-29,25800.0,CE,2.75,2.9,1.8,1.95,1.95,2465,4134133805.75,312065,-10010,2026-09-16
NIFTY,2026-10-06,21900.0,CE,0.0,0.0,0.0,2291.95,1405.61,0,0.0,0,0,2026-09-16
NIFTY,2026-10-06,22950.0,CE,0.0,0.0,0.0,1324.95,539.98,0,0.0,0,0,2026-09-16
NIFTY,2026-10-06,23000.0,CE,476.65,510.5,417.25,451.9,451.9,796,1214032969.5,22360,14365,2026-09-16
NIFTY,2026-10-06,23450.0,CE,196.6,225.0,176.9,190.85,190.85,1719,2643243193.5,53235,-7800,2026-09-16
NIFTY,2026-10-06,23700.0,CE,109.55,126.45,97.5,101.1,101.1,1942,3005422953.0,61685,23075,2026-09-16
NIFTY,2026-10-13,21400.0,CE,0.0,0.0,0.0,2360.9,1919.63,0,0.0,0,0,2026-09-16
NIFTY,2026-10-13,22000.0,CE,0.0,0.0,0.0,1785.9,1354.05,0,0.0,0,0,2026-09-16
NIFTY,2026-10-13,23250.0,CE,361.3,387.4,326.1,350.8,350.8,106,162684145.0,2405,130,2026-09-16
NIFTY,2026-10-13,23550.0,CE,219.15,228.35,190.85,202.7,202.7,72,111166815.5,4160,260,2026-09-16
NIFTY,2026-10-13,24200.0,CE,49.85,57.3,43.05,45.55,45.55,3427,5402530997.5,137215,127985,2026-09-16
NIFTY,2026-10-13,25250.0,CE,7.1,7.2,6.6,6.6,13.56,16,26267150.0,1300,520,2026-09-16
NIFTY,2026-10-19,22850.0,CE,0.0,0.0,0.0,667.95,731.19,0,0.0,0,0,2026-09-16
NIFTY,2031-06-24,31500.0,PE,0.0,0.0,0.0,3185.85,3247.01,0,0.0,0,0,2026-09-16
NIFTY,2030-12-31,25500.0,PE,0.0,0.0,0.0,538.25,1294.08,0,0.0,0,0,2026-09-16
NIFTY,2030-06-25,24000.0,PE,0.0,0.0,0.0,698.15,975.89,0,0.0,0,0,2026-09-16
NIFTY,2029-12-24,26000.0,PE,0.0,0.0,0.0,1400.0,1630.62,0,0.0,4055,0,2026-09-16
NIFTY,2029-12-24,23000.0,PE,705.05,705.05,705.05,705.05,780.81,1,1540828.25,1560,-65,2026-09-16
NIFTY,2029-12-24,18000.0,PE,0.0,0.0,0.0,96.5,121.74,0,0.0,0,0,2026-09-16
NIFTY,2029-06-26,15000.0,PE,0.0,0.0,0.0,30.9,16.02,0,0.0,0,0,2026-09-16
NIFTY,2028-12-26,16500.0,PE,0.0,0.0,0.0,5.9,34.88,0,0.0,0,0,2026-09-16
NIFTY,2028-06-27,30000.0,PE,0.0,0.0,0.0,3779.25,4373.8,0,0.0,0,0,2026-09-16
NIFTY,2028-06-27,19500.0,PE,0.0,0.0,0.0,40.05,173.49,0,0.0,0,0,2026-09-16
NIFTY,2027-12-28,33000.0,PE,0.0,0.0,0.0,4155.55,7353.29,0,0.0,0,0,2026-09-16
NIFTY,2027-12-28,31500.0,PE,0.0,0.0,0.0,3240.0,6069.98,0,0.0,0,0,2026-09-16
