SYMBOL,EXPIRY_DT,STRIKE_PR,OPTION_TYP,OPEN,HIGH,LOW,CLOSE,SETTLE_PR,CONTRACTS,VAL_INLAKH,OPEN_INT,CHG_IN_OI,TIMESTAMP
NIFTY,2026-09-01,26150.0,PE,0.0,0.0,0.0,1854.75,1867.6,0,0.0,0,0,2026-08-20
NIFTY,2026-09-01,25900.0,PE,0.0,0.0,0.0,1635.9,1620.49,0,0.0,0,0,2026-08-20
NIFTY,2026-09-01,25750.0,PE,0.0,0.0,0.0,1508.85,1473.53,0,0.0,0,0,2026-08-20
NIFTY,2026-09-01,25300.0,PE,0.0,0.0,0.0,1131.45,1045.57,0,0.0,780,0,2026-08-20
NIFTY,2026-09-01,24300.0,PE,198.0,198.0,127.45,149.75,149.75,65281,103766634052.25,1019200,600405,2026-08-20
NIFTY,2026-09-01,24050.0,PE,83.25,83.4,55.25,65.4,65.4,19879,31163396004.0,396825,246610,2026-08-20
NIFTY,2026-09-01,22950.0,PE,3.2,6.15,3.2,4.65,4.65,1912,2852860952.5,38025,12935,2026-08-20
NIFTY,2027-03-30,24000.0,CE,1569.55,1606.2,1550.8,1584.2,1584.2,391,649966473.0,305955,6045,2026-08-20
NIFTY,2026-09-29,27000.0,CE,5.15,5.35,2.95,3.8,3.8,11027,19355090095.25,1819350,155805,2026-08-20
NIFTY,2026-09-29,26100.0,CE,0.0,0.0,0.0,223.8,70.44,0,0.0,0,0,2026-08-20
NIFTY,2026-09-29,22900.0,CE,1470.0,1500.0,1470.0,1500.0,1570.5,2,3170050.0,715,65,2026-08-20
NIFTY,2026-12-29,31500.0,CE,7.85,7.85,6.6,6.8,6.8,31,63486280.0,31655,1430,2026-08-20
NIFTY,2026-08-25,23000.0,CE,1245.0,1350.0,1233.35,1293.15,1293.15,1525,2407292153.5,343265,-48880,2026-08-20
NIFTY,2026-09-01,22550.0,CE,0.0,0.0,0.0,1849.95,1728.16,0,0.0,0,0,2026-08-20
NIFTY,2026-09-01,23500.0,CE,768.6,868.5,768.6,820.5,820.5,366,578133331.75,15340,-4030,2026-08-20
NIFTY,2026-09-01,25400.0,CE,3.9,4.1,2.3,2.9,2.9,8178,13503380595.25,357240,71305,2026-08-20
NIFTY,2026-09-01,27150.0,CE,1.25,1.25,0.25,0.8,0.01,8,14118432.25,520,260,2026-08-20
NIFTY,2026-09-08,22700.0,CE,0.0,0.0,0.0,2071.05,1614.85,0,0.0,0,0,2026-08-20
NIFTY,2026-09-08,25050.0,CE,0.0,0.0,0.0,381.4,109.52,0,0.0,0,0,2026-08-20
NIFTY,2026-09-08,25850.0,CE,3.75,3.75,3.2,3.3,3.3,7,11763261.25,1170,65,2026-08-20
NIFTY,2026-09-15,25400.0,CE,0.0,0.0,0.0,211.35,93.84,0,0.0,0,0,2026-08-20
NIFTY,2026-09-22,24150.0,CE,0.0,0.0,0.0,563.95,593.91,0,0.0,0,0,2026-08-20
NIFTY,2026-09-22,24700.0,CE,0.0,0.0,0.0,318.4,334.56,0,0.0,0,0,2026-08-20
NIFTY,2026-09-22,24850.0,CE,0.0,0.0,0.0,267.55,280.67,0,0.0,0,0,2026-08-20
NIFTY,2026-09-29,22450.0,PE,20.1,20.8,17.8,18.6,18.6,84,122683882.75,8060,1365,2026-08-20
NIFTY,2026-09-15,23400.0,PE,44.25,50.0,24.55,26.55,26.55,1004,1528946822.0,37960,37180,2026-08-20
NIFTY,2026-09-15,22500.0,PE,9.55,9.55,7.4,7.8,7.8,202,295535071.0,25285,8190,2026-08-20
NIFTY,2026-09-08,23900.0,PE,76.8,78.1,56.7,63.2,63.2,2429,3783832026.0,69615,42835,2026-08-20
NIFTY,2026-09-08,22900.0,PE,9.3,10.35,7.4,7.65,7.65,870,1295483016.75,41015,-9360,2026-08-20
NIFTY,2026-09-01,26900.0,PE,0.0,0.0,0.0,2549.75,2614.66,0,0.0,0,0,2026-08-20
NIFTY,2026-09-01,25200.0,PE,900.0,900.0,900.0,900.0,954.88,3,5089500.0,455,0,2026-08-20
NIFTY,2026-08-25,25050.0,PE,780.35,780.35,700.0,762.0,762.0,92,154242452.0,9425,455,2026-08-20
NIFTY,2028-12-26,31500.0,CE,0.0,0.0,0.0,2327.6,1404.57,0,0.0,0,0,2026-08-20
NIFTY,2029-06-26,31500.0,CE,0.0,0.0,0.0,2878.65,1915.92,0,0.0,0,0,2026-08-20
NIFTY,2029-12-24,24000.0,CE,0.0,0.0,0.0,7730.0,5776.82,0,0.0,0,0,2026-08-20
NIFTY,2031-06-24,30000.0,PE,0.0,0.0,0.0,2616.25,2235.6,0,0.0,0,0,2026-08-20
NIFTY,2031-06-24,28500.0,PE,0.0,0.0,0.0,2104.2,1766.32,0,0.0,0,0,2026-08-20
NIFTY,2031-06-24,25500.0,PE,0.0,0.0,0.0,1262.85,1014.9,0,0.0,0,0,2026-08-20
NIFTY,2031-06-24,24000.0,PE,0.0,0.0,0.0,933.85,729.57,0,0.0,65,0,2026-08-20
NIFTY,2030-12-31,30000.0,PE,0.0,0.0,0.0,1450.1,2401.68,0,0.0,0,0,2026-08-20
NIFTY,2028-12-26,22000.0,PE,0.0,0.0,0.0,484.95,447.43,0,0.0,8670,0,2026-08-20
NIFTY,2028-06-27,28500.0,PE,0.0,0.0,0.0,1560.85,2737.28,0,0.0,0,0,2026-08-20
NIFTY,2027-12-28,20000.0,PE,178.0,186.8,177.0,177.1,125.15,67,87875417.5,53265,1170,2026-08-20
NIFTY,2027-12-28,19000.0,PE,101.15,125.45,101.15,123.9,123.9,64,79515962.5,4770,2795,2026-08-20
NIFTY,2027-12-28,18000.0,PE,0.0,0.0,0.0,181.05,30.17,0,0.0,11915,0,2026-08-20
NIFTY,2027-06-29,19500.0,PE,0.0,0.0,0.0,17.3,45.35,0,0.0,0,0,2026-08-20
NIFTY,2027-06-29,19000.0,PE,0.0,0.0,0.0,195.0,28.71,0,0.0,1135,0,2026-08-20
NIFTY,2027-03-30,16500.0,PE,0.0,0.0,0.0,20.0,0.29,0,0.0,1560,0,2026-08-20
NIFTY,2026-10-27,26900.0,PE,0.0,0.0,0.0,2631.85,2423.05,0,0.0,0,0,2026-08-20
NIFTY,2026-10-27,26100.0,PE,0.0,0.0,0.0,1960.3,1736.48,0,0.0,0,0,2026-08-20
NIFTY,2026-10-27,25250.0,PE,0.0,0.0,0.0,675.6,1106.14,0,0.0,65,0,2026-08-20
NIFTY,2026-10-27,25050.0,PE,0.0,0.0,0.0,540.05,977.43,0,0.0,325,0,2026-08-20
NIFTY,2026-10-27,24150.0,PE,274.3,274.7,255.05,268.0,268.0,28,44440119.75,25090,195,2026-08-20
NIFTY,2026-10-27,24100.0,PE,300.4,300.4,229.0,246.05,246.05,358,566725617.25,12285,-3770,2026-08-20
NIFTY,2026-10-27,22400.0,PE,36.4,36.4,31.5,33.2,33.2,168,244971298.0,41405,1235,2026-08-20
NIFTY,2026-09-29,31500.0,PE,0.0,0.0,0.0,4341.2,7043.19,0,0.0,0,0,2026-08-20
NIFTY,2026-09-29,27000.0,PE,2602.6,2609.0,2519.45,2578.35,2578.35,471,905474784.5,1467405,21515,2026-08-20
NIFTY,2026-09-29,26950.0,PE,0.0,0.0,0.0,2780.25,2543.97,0,0.0,0,0,2026-08-20
NIFTY,2026-09-29,22650.0,PE,24.2,26.2,21.2,22.9,22.9,108,159166042.75,11505,2080,2026-08-20
NIFTY,2026-09-29,22500.0,PE,22.0,22.2,18.0,19.2,19.2,14837,21717864509.25,1821495,103155,2026-08-20
NIFTY,2026-09-29,21900.0,PE,12.5,12.75,11.5,12.05,12.05,234,333284458.0,47840,1755,2026-08-20
NIFTY,2026-09-29,15000.0,PE,0.55,1.3,0.5,1.3,0.0,14,13650874.25,47320,-585,2026-08-20
NIFTY,2026-09-22,25900.0,PE,0.0,0.0,0.0,1658.45,1580.03,0,0.0,0,0,2026-08-20
NIFTY,2026-09-22,24300.0,PE,240.05,258.9,211.0,231.2,231.2,157,250261885.25,2860,2665,2026-08-20
NIFTY,2026-09-22,23900.0,PE,0.0,0.0,0.0,314.25,271.81,0,0.0,0,0,2026-08-20
NIFTY,2026-09-22,23450.0,PE,0.0,0.0,0.0,173.4,144.08,0,0.0,0,0,2026-08-20
NIFTY,2026-09-22,23300.0,PE,0.0,0.0,0.0,138.95,113.64,0,0.0,0,0,2026-08-20
NIFTY,2026-09-22,22600.0,PE,0.0,0.0,0.0,41.4,31.02,0,0.0,0,0,2026-08-20
NIFTY,2026-09-15,26100.0,PE,0.0,0.0,0.0,1559.2,1781.17,0,0.0,0,0,2026-08-20
NIFTY,2026-09-15,25900.0,PE,0.0,0.0,0.0,1387.75,1594.52,0,0.0,0,0,2026-08-20
NIFTY,2026-09-15,25800.0,PE,0.0,0.0,0.0,1304.65,1502.97,0,0.0,0,0,2026-08-20
NIFTY,2026-09-15,25700.0,PE,0.0,0.0,0.0,1223.4,1412.81,0,0.0,0,0,2026-08-20
NIFTY,2026-09-15,24700.0,PE,0.0,0.0,0.0,546.1,630.31,0,0.0,0,0,2026-08-20
NIFTY,2026-09-15,24200.0,PE,183.25,189.4,147.95,165.45,165.45,824,1305171315.5,37570,15145,2026-08-20
NIFTY,2026-09-15,24000.0,PE,123.05,124.3,95.15,106.75,106.75,1155,1809935780.25,57330,8645,2026-08-20
NIFTY,2026-09-15,23700.0,PE,74.15,76.25,49.2,52.2,52.2,581,897158314.0,35100,11245,2026-08-20
NIFTY,2026-09-15,22450.0,PE,0.0,0.0,0.0,17.6,12.91,0,0.0,0,0,2026-08-20
NIFTY,2026-08-25,22000.0,CE,2250.0,2335.0,2248.0,2294.8,2294.8,560,884088055.5,534365,-26975,2026-08-20
NIFTY,2026-08-25,22200.0,CE,0.0,0.0,0.0,2122.25,2050.27,0,0.0,390,0,2026-08-20
NIFTY,2026-08-25,22250.0,CE,0.0,0.0,0.0,1585.4,2000.31,0,0.0,65,0,2026-08-20
NIFTY,2026-08-25,22400.0,CE,0.0,0.0,0.0,1702.75,1850.44,0,0.0,2015,0,2026-08-20
NIFTY,2026-08-25,22800.0,CE,1528.0,1548.0,1528.0,1548.0,1450.85,2,3163940.0,5070,0,2026-08-20
NIFTY,2026-08-25,22850.0,CE,1428.6,1435.65,1402.05,1435.65,1435.65,303,477687622.75,1885,-17290,2026-08-20
NIFTY,2026-08-25,23450.0,CE,809.75,883.0,809.2,877.35,808.61,15,23712780.0,2340,-65,2026-08-20
NIFTY,2026-08-25,23500.0,CE,744.95,854.25,728.0,794.4,794.4,5451,8601939619.0,420225,-59150,2026-08-20
NIFTY,2026-09-08,26100.0,PE,0.0,0.0,0.0,1439.9,1796.21,0,0.0,0,0,2026-08-20
NIFTY,2026-09-08,25500.0,PE,0.0,0.0,0.0,1054.45,1231.77,0,0.0,65,0,2026-08-20
NIFTY,2026-09-08,25050.0,PE,0.0,0.0,0.0,670.9,848.77,0,0.0,0,0,2026-08-20
NIFTY,2026-09-08,24450.0,PE,282.95,292.15,236.65,259.35,259.35,183,293974590.0,10920,130,2026-08-20
NIFTY,2026-09-08,24050.0,PE,108.6,114.15,84.0,96.3,96.3,708,1111390861.75,37700,8515,2026-08-20
NIFTY,2026-09-08,23550.0,PE,30.85,32.5,22.5,24.95,24.95,415,635952128.5,13065,2860,2026-08-20
NIFTY,2026-08-25,24100.0,CE,170.1,279.2,169.0,224.85,224.85,662625,1047206142378.5,3057730,-6806995,2026-08-20
NIFTY,2026-08-25,24850.0,CE,4.55,5.95,1.85,2.05,2.05,399106,644730024776.5,1672970,6630,2026-08-20
NIFTY,2026-08-25,25100.0,CE,2.4,3.4,1.0,1.1,1.1,326507,532727990115.75,3068585,-967655,2026-08-20
NIFTY,2026-08-25,27050.0,CE,0.85,0.95,0.35,0.4,0.4,856,1505093203.25,30290,1885,2026-08-20
NIFTY,2026-09-01,23350.0,CE,0.0,0.0,0.0,925.85,959.42,0,0.0,65,0,2026-08-20
NIFTY,2026-09-01,24000.0,CE,320.0,414.95,318.0,364.65,364.65,15445,24453619502.0,318630,-169650,2026-08-20
NIFTY,2026-09-01,24250.0,CE,169.05,230.0,167.6,190.6,190.6,24346,38682113876.25,352430,141895,2026-08-20
NIFTY,2026-09-01,24350.0,CE,120.15,169.2,120.1,136.65,136.65,15117,24062718169.75,206115,-25285,2026-08-20
NIFTY,2026-09-01,24400.0,CE,100.5,143.15,100.5,113.85,113.85,39618,63132486413.75,919035,196820,2026-08-20
NIFTY,2026-09-01,25000.0,CE,9.75,12.25,6.7,7.0,7.0,59526,96759931502.0,1844830,753285,2026-08-20
NIFTY,2026-09-01,25800.0,CE,2.1,2.25,1.2,1.6,1.6,2169,3637623765.75,157820,1625,2026-08-20
NIFTY,2026-09-01,25900.0,CE,2.0,2.15,1.1,1.5,1.5,2602,4380688269.75,100035,-780,2026-08-20
NIFTY,2026-09-01,25950.0,CE,2.15,2.25,0.85,1.7,1.7,89,150128615.0,4485,-845,2026-08-20
NIFTY,2026-09-01,26950.0,CE,1.55,1.55,0.7,0.8,0.8,462,809349310.25,36335,17485,2026-08-20
NIFTY,2026-09-08,23800.0,CE,533.2,610.0,533.05,579.9,579.9,167,264695895.75,6825,5265,2026-08-20
NIFTY,2026-09-08,23900.0,CE,451.0,545.8,451.0,489.55,489.55,113,179211532.5,3575,1950,2026-08-20
NIFTY,2026-09-08,24750.0,CE,59.0,65.0,48.85,53.1,53.1,868,1399542488.5,35360,9815,2026-08-20
NIFTY,2026-09-08,24800.0,CE,45.35,54.0,40.5,44.75,44.75,6059,9785339382.0,207155,36725,2026-08-20
NIFTY,2026-09-08,24900.0,CE,0.0,0.0,0.0,444.55,143.55,0,0.0,0,0,2026-08-20
NIFTY,2026-09-08,24950.0,CE,0.0,0.0,0.0,422.75,131.49,0,0.0,0,0,2026-08-20
NIFTY,2026-09-08,23450.0,PE,24.6,25.65,17.65,19.35,19.35,615,938227134.0,27235,12350,2026-08-20
NIFTY,2026-09-08,25200.0,CE,0.0,0.0,0.0,324.9,82.12,0,0.0,0,0,2026-08-20
NIFTY,2026-09-08,25300.0,CE,10.0,10.85,7.15,8.35,8.35,2934,4826566251.0,132470,38415,2026-08-20
NIFTY,2026-09-08,25650.0,CE,4.35,4.75,3.6,4.45,4.45,40,66700643.75,2015,780,2026-08-20
NIFTY,2026-09-08,25800.0,CE,4.6,4.6,3.25,3.5,21.97,99,166046322.0,4615,3380,2026-08-20
NIFTY,2026-09-15,23550.0,CE,0.0,0.0,0.0,1191.15,919.44,0,0.0,0,0,2026-08-20
NIFTY,2026-09-15,23650.0,CE,0.0,0.0,0.0,1113.0,845.38,0,0.0,0,0,2026-08-20
NIFTY,2026-09-15,23750.0,CE,0.0,0.0,0.0,1037.3,772.57,0,0.0,0,0,2026-08-20
NIFTY,2026-09-15,23800.0,CE,0.0,0.0,0.0,1001.25,737.92,0,0.0,0,0,2026-08-20
NIFTY,2026-09-15,24400.0,CE,192.25,240.05,192.2,213.75,213.75,453,724804518.75,39715,-195,2026-08-20
NIFTY,2026-09-15,24700.0,CE,0.0,0.0,0.0,310.0,268.56,0,0.0,65,0,2026-08-20
NIFTY,2026-09-15,25300.0,CE,0.0,0.0,0.0,238.65,110.72,0,0.0,0,0,2026-08-20
NIFTY,2026-09-15,25900.0,CE,0.0,0.0,0.0,109.55,37.93,0,0.0,0,0,2026-08-20
NIFTY,2026-09-15,25950.0,CE,0.0,0.0,0.0,102.05,34.4,0,0.0,0,0,2026-08-20
NIFTY,2026-09-22,22600.0,CE,0.0,0.0,0.0,1727.05,1796.11,0,0.0,0,0,2026-08-20
NIFTY,2026-09-22,22750.0,CE,0.0,0.0,0.0,1591.55,1658.11,0,0.0,0,0,2026-08-20
NIFTY,2026-09-22,23600.0,CE,0.0,0.0,0.0,905.1,952.11,0,0.0,0,0,2026-08-20
NIFTY,2026-09-22,23850.0,CE,0.0,0.0,0.0,738.45,777.09,0,0.0,0,0,2026-08-20
NIFTY,2026-09-22,24500.0,CE,0.0,0.0,0.0,396.65,417.39,0,0.0,0,0,2026-08-20
NIFTY,2026-09-22,24750.0,CE,0.0,0.0,0.0,300.7,315.83,0,0.0,0,0,2026-08-20
NIFTY,2026-09-22,24950.0,CE,0.0,0.0,0.0,237.2,248.49,0,0.0,0,0,2026-08-20
NIFTY,2026-09-22,25100.0,CE,0.0,0.0,0.0,197.7,205.52,0,0.0,0,0,2026-08-20
NIFTY,2026-09-29,22050.0,CE,0.0,0.0,0.0,2284.2,2354.12,0,0.0,0,0,2026-08-20
NIFTY,2026-09-29,22650.0,CE,0.0,0.0,0.0,1410.05,1792.35,0,0.0,325,0,2026-08-20
NIFTY,2026-09-29,23050.0,CE,0.0,0.0,0.0,1234.0,1442.19,0,0.0,520,0,2026-08-20
NIFTY,2026-09-29,23300.0,CE,1121.0,1169.1,1121.0,1152.0,1152.0,12,19075966.0,2275,-65,2026-08-20
NIFTY,2026-09-29,23600.0,CE,850.0,920.0,842.0,874.8,874.8,39,62031508.5,8190,0,2026-08-20
NIFTY,2026-09-29,24050.0,CE,464.75,562.45,464.75,525.5,525.5,285,455053313.0,18070,-2600,2026-08-20
NIFTY,2026-09-29,24450.0,CE,267.95,306.65,262.45,279.6,279.6,853,1371211936.25,56550,-1820,2026-08-20
NIFTY,2026-09-29,25150.0,CE,59.9,62.0,50.2,54.7,54.7,2288,3748438317.0,100945,24375,2026-08-20
NIFTY,2026-09-29,26300.0,CE,7.65,8.25,5.15,6.2,6.2,1701,2908558142.75,82810,17160,2026-08-20
NIFTY,2026-09-29,26950.0,CE,5.35,5.35,3.2,3.55,3.55,84,147165895.5,1560,455,2026-08-20
NIFTY,2026-09-29,33000.0,CE,0.0,0.0,0.0,1.35,0.0,0,0.0,35165,0,2026-08-20
NIFTY,2026-10-27,23500.0,CE,1088.0,1174.7,1088.0,1127.95,1127.95,120,192090297.75,39585,-3380,2026-08-20
NIFTY,2026-10-27,24250.0,CE,557.7,601.55,555.0,580.0,825.3,15,24203237.5,3055,195,2026-08-20
NIFTY,2026-10-27,25350.0,CE,0.0,0.0,0.0,417.4,362.36,0,0.0,0,0,2026-08-20
NIFTY,2026-10-27,26200.0,CE,0.0,0.0,0.0,219.35,167.3,0,0.0,0,0,2026-08-20
NIFTY,2026-10-27,26650.0,CE,0.0,0.0,0.0,150.8,105.68,0,0.0,0,0,2026-08-20
NIFTY,2026-12-29,16500.0,CE,0.0,0.0,0.0,10405.0,8114.64,0,0.0,0,0,2026-08-20
NIFTY,2026-12-29,19000.0,CE,5690.25,5690.25,5690.25,5690.25,5674.69,1,1604866.25,54210,-65,2026-08-20
NIFTY,2027-03-30,19500.0,CE,0.0,0.0,0.0,4365.4,5514.56,0,0.0,0,0,2026-08-20
NIFTY,2027-03-30,33000.0,CE,0.0,0.0,0.0,18.0,22.39,0,0.0,3640,0,2026-08-20
NIFTY,2027-12-28,18000.0,CE,0.0,0.0,0.0,6285.7,7789.75,0,0.0,0,0,2026-08-20
NIFTY,2028-06-27,24000.0,CE,0.0,0.0,0.0,3918.85,3842.08,0,0.0,0,0,2026-08-20
NIFTY,2028-06-27,30000.0,CE,0.0,0.0,0.0,2278.45,1272.04,0,0.0,0,0,2026-08-20
NIFTY,2026-09-08,23050.0,PE,11.15,11.45,8.1,9.45,9.45,417,625030419.0,16445,13455,2026-08-20
NIFTY,2026-09-01,27100.0,PE,0.0,0.0,0.0,2741.55,2814.23,0,0.0,0,0,2026-08-20
NIFTY,2026-09-01,26550.0,PE,0.0,0.0,0.0,2219.65,2265.58,0,0.0,0,0,2026-08-20
NIFTY,2026-09-22,25700.0,PE,0.0,0.0,0.0,1482.25,1404.98,0,0.0,0,0,2026-08-20
NIFTY,2026-09-29,23500.0,PE,80.8,80.8,59.95,70.1,70.1,44111,67575269112.0,3037125,-460655,2026-08-20
NIFTY,2026-09-29,23550.0,PE,80.9,82.0,65.9,75.25,75.25,587,901352985.0,37700,-1885,2026-08-20
NIFTY,2026-09-29,24000.0,PE,197.9,197.9,140.3,158.7,158.7,48429,76049312205.75,4030125,248560,2026-08-20
NIFTY,2026-09-29,24550.0,PE,402.4,402.4,340.0,373.25,373.25,134,217069147.75,30095,-2730,2026-08-20
NIFTY,2026-09-29,26150.0,PE,0.0,0.0,0.0,2098.2,1796.89,0,0.0,0,0,2026-08-20
NIFTY,2026-09-29,26350.0,PE,0.0,0.0,0.0,2262.9,1978.5,0,0.0,0,0,2026-08-20
NIFTY,2026-09-29,26400.0,PE,1988.0,1988.0,1889.2,1889.2,2024.55,5,9219093.0,975,325,2026-08-20
NIFTY,2026-09-29,26550.0,PE,0.0,0.0,0.0,2431.75,2164.04,0,0.0,0,0,2026-08-20
NIFTY,2026-10-27,22300.0,PE,32.1,33.7,28.8,30.15,30.15,402,583503076.0,63700,15470,2026-08-20
NIFTY,2026-10-27,23500.0,PE,130.0,134.1,107.45,117.7,117.7,4658,7150419487.25,605540,59670,2026-08-20
NIFTY,2026-10-27,25350.0,PE,0.0,0.0,0.0,783.0,1173.52,0,0.0,130,0,2026-08-20
NIFTY,2026-10-27,25950.0,PE,0.0,0.0,0.0,1842.3,1616.61,0,0.0,0,0,2026-08-20
NIFTY,2026-12-29,19000.0,PE,27.4,28.2,25.0,25.7,25.7,948,1172407996.5,618775,7605,2026-08-20
NIFTY,2026-12-29,22000.0,PE,80.1,80.1,68.05,69.8,69.8,8279,11877255656.5,1598255,-18135,2026-08-20
NIFTY,2027-03-30,18000.0,PE,0.0,0.0,0.0,37.3,3.35,0,0.0,65,0,2026-08-20
NIFTY,2027-06-29,18000.0,PE,0.0,0.0,0.0,220.0,10.26,0,0.0,230,0,2026-08-20
NIFTY,2027-06-29,27000.0,PE,0.0,0.0,0.0,1780.0,2237.72,0,0.0,130,0,2026-08-20
NIFTY,2028-06-27,27000.0,PE,0.0,0.0,0.0,2752.35,1980.96,0,0.0,0,0,2026-08-20
NIFTY,2028-12-26,24000.0,PE,663.1,663.1,663.1,663.1,866.15,1,1603101.5,4680,0,2026-08-20
NIFTY,2028-12-26,31500.0,PE,0.0,0.0,0.0,2673.4,4179.11,0,0.0,0,0,2026-08-20
NIFTY,2029-06-26,16500.0,PE,0.0,0.0,0.0,8.1,35.63,0,0.0,0,0,2026-08-20
NIFTY,2029-06-26,18000.0,PE,0.0,0.0,0.0,118.45,84.57,0,0.0,0,0,2026-08-20
NIFTY,2029-06-26,19500.0,PE,0.0,0.0,0.0,56.0,174.51,0,0.0,0,0,2026-08-20
NIFTY,2029-12-24,25000.0,PE,0.0,0.0,0.0,950.0,1060.39,0,0.0,615,0,2026-08-20
NIFTY,2031-06-24,18000.0,PE,0.0,0.0,0.0,173.45,114.97,0,0.0,0,0,2026-08-20
NIFTY,2026-08-25,23950.0,CE,299.95,414.8,298.4,356.65,356.65,25841,40797594002.75,211185,-230555,2026-08-20
NIFTY,2026-08-25,24700.0,CE,10.05,10.2,3.7,4.15,4.15,681926,1095090605241.75,7556250,503620,2026-08-20
NIFTY,2026-08-25,25200.0,CE,2.25,2.7,0.8,0.9,0.9,355793,582817295794.5,4977115,-1090440,2026-08-20
NIFTY,2026-09-15,23000.0,CE,0.0,0.0,0.0,1658.15,1378.57,0,0.0,0,0,2026-08-20
NIFTY,2026-09-15,23050.0,CE,0.0,0.0,0.0,1613.5,1334.08,0,0.0,0,0,2026-08-20
NIFTY,2026-09-15,23150.0,CE,0.0,0.0,0.0,1525.35,1246.54,0,0.0,0,0,2026-08-20
NIFTY,2026-09-15,23250.0,CE,0.0,0.0,0.0,1438.9,1161.09,0,0.0,0,0,2026-08-20
NIFTY,2026-09-15,23500.0,CE,0.0,0.0,0.0,1231.15,958.02,0,0.0,0,0,2026-08-20
NIFTY,2026-09-15,24100.0,CE,352.0,436.05,352.0,396.45,396.45,279,444240358.25,10010,-3965,2026-08-20
NIFTY,2026-09-15,24850.0,CE,0.0,0.0,0.0,395.35,218.75,0,0.0,0,0,2026-08-20
NIFTY,2026-09-15,25050.0,CE,0.0,0.0,0.0,318.55,164.64,0,0.0,0,0,2026-08-20
NIFTY,2026-09-15,25250.0,CE,0.0,0.0,0.0,253.25,120.04,0,0.0,0,0,2026-08-20
NIFTY,2026-09-15,25650.0,CE,0.0,0.0,0.0,153.9,60.65,0,0.0,0,0,2026-08-20
NIFTY,2026-09-15,25750.0,CE,0.0,0.0,0.0,134.65,50.47,0,0.0,0,0,2026-08-20
NIFTY,2026-09-15,25850.0,CE,0.0,0.0,0.0,117.45,41.78,0,0.0,0,0,2026-08-20
NIFTY,2026-09-15,26100.0,CE,2.8,3.3,2.8,2.8,25.44,10,16966852.5,715,195,2026-08-20
NIFTY,2026-09-15,26200.0,CE,4.95,4.95,2.7,3.5,3.5,39,66426126.0,1950,650,2026-08-20
NIFTY,2026-09-22,25300.0,CE,0.0,0.0,0.0,151.5,157.65,0,0.0,0,0,2026-08-20
NIFTY,2026-09-29,19500.0,CE,4950.0,4950.0,4877.95,4878.15,4878.15,86,136400995.25,140595,0,2026-08-20
NIFTY,2026-09-29,21750.0,CE,0.0,0.0,0.0,2542.45,2644.64,0,0.0,0,0,2026-08-20
NIFTY,2026-09-29,21800.0,CE,0.0,0.0,0.0,2929.0,2595.93,0,0.0,65,0,2026-08-20
NIFTY,2026-09-29,22100.0,CE,0.0,0.0,0.0,2242.1,2306.17,0,0.0,0,0,2026-08-20
NIFTY,2026-09-29,24400.0,CE,275.0,335.0,274.95,306.15,306.15,27431,44040264924.5,1400555,699140,2026-08-20
NIFTY,2026-09-29,24700.0,CE,164.0,187.7,143.75,170.15,170.15,6901,11154497887.0,488280,3250,2026-08-20
NIFTY,2026-09-29,24800.0,CE,129.0,150.0,119.6,134.3,134.3,11141,18056234914.25,853970,83135,2026-08-20
NIFTY,2026-09-29,24900.0,CE,94.6,118.7,94.6,105.2,105.2,8931,14515768387.25,437515,40820,2026-08-20
NIFTY,2026-09-29,26400.0,CE,0.0,0.0,0.0,175.4,44.93,0,0.0,0,0,2026-08-20
NIFTY,2026-10-27,22350.0,CE,0.0,0.0,0.0,2124.25,2224.43,0,0.0,0,0,2026-08-20
NIFTY,2026-10-27,22950.0,CE,0.0,0.0,0.0,1654.95,1713.86,0,0.0,0,0,2026-08-20
NIFTY,2026-10-27,23900.0,CE,791.8,840.0,791.8,840.0,1029.49,5,8034711.75,1170,-130,2026-08-20
NIFTY,2026-10-27,24200.0,CE,594.95,640.05,587.05,607.7,607.7,280,451405084.0,31460,715,2026-08-20
NIFTY,2026-10-27,24500.0,CE,410.0,456.25,410.0,432.5,432.5,5073,8219888816.75,363675,38480,2026-08-20
NIFTY,2026-10-27,25450.0,CE,0.0,0.0,0.0,388.6,332.9,0,0.0,0,0,2026-08-20
NIFTY,2026-10-27,26000.0,CE,39.8,39.9,33.3,36.0,36.0,6102,10326448531.75,770770,41145,2026-08-20
NIFTY,2026-10-27,26600.0,CE,0.0,0.0,0.0,157.4,111.41,0,0.0,0,0,2026-08-20
NIFTY,2026-10-27,26750.0,CE,0.0,0.0,0.0,138.3,94.98,0,0.0,0,0,2026-08-20
NIFTY,2026-12-29,21000.0,CE,3700.0,3804.0,3700.0,3740.55,3740.55,68,109384171.0,196080,130,2026-08-20
NIFTY,2027-03-30,18000.0,CE,0.0,0.0,0.0,5643.55,6937.14,0,0.0,0,0,2026-08-20
NIFTY,2027-06-29,21000.0,CE,0.0,0.0,0.0,3061.8,4523.95,0,0.0,0,0,2026-08-20
NIFTY,2027-06-29,24000.0,CE,0.0,0.0,0.0,2000.0,2317.88,0,0.0,1190,0,2026-08-20
NIFTY,2027-06-29,27000.0,CE,570.0,570.0,570.0,570.0,942.12,1,1792050.0,455,0,2026-08-20
NIFTY,2027-12-28,22500.0,CE,0.0,0.0,0.0,6183.0,4105.15,0,0.0,0,0,2026-08-20
NIFTY,2027-12-28,25500.0,CE,0.0,0.0,0.0,2400.0,2288.14,0,0.0,0,0,2026-08-20
NIFTY,2027-12-28,28500.0,CE,605.1,615.0,605.1,615.0,1124.44,8,15139156.5,11895,390,2026-08-20
NIFTY,2028-06-27,25500.0,CE,0.0,0.0,0.0,4676.6,3000.96,0,0.0,0,0,2026-08-20
NIFTY,2028-06-27,31500.0,CE,0.0,0.0,0.0,1784.8,924.25,0,0.0,0,0,2026-08-20
NIFTY,2028-12-26,21000.0,CE,0.0,0.0,0.0,7512.5,6531.11,0,0.0,0,0,2026-08-20
NIFTY,2029-12-24,22500.0,CE,0.0,0.0,0.0,8486.15,6696.83,0,0.0,0,0,2026-08-20
NIFTY,2030-06-25,16500.0,CE,0.0,0.0,0.0,13374.05,11454.25,0,0.0,0,0,2026-08-20
NIFTY,2030-06-25,19500.0,CE,0.0,0.0,0.0,11140.25,9267.6,0,0.0,0,0,2026-08-20
NIFTY,2031-06-24,28500.0,CE,0.0,0.0,0.0,5048.95,5240.04,0,0.0,0,0,2026-08-20
NIFTY,2026-08-25,21950.0,PE,2.0,2.2,0.75,1.05,1.05,3273,4670024427.25,55900,38480,2026-08-20
NIFTY,2026-08-25,23000.0,PE,2.7,3.3,1.7,1.95,1.95,547607,818753775576.75,10061870,-38870,2026-08-20
NIFTY,2026-08-25,23650.0,PE,12.0,12.0,3.6,4.05,4.05,251260,386327889307.75,1926925,-102050,2026-08-20
NIFTY,2026-08-25,24150.0,PE,55.95,72.65,34.45,42.55,42.55,911666,1433897847882.5,4652050,2728635,2026-08-20
NIFTY,2026-08-25,24550.0,PE,327.7,339.0,224.05,270.5,270.5,21769,35122947278.25,190645,-48360,2026-08-20
NIFTY,2026-08-25,25150.0,PE,998.95,998.95,893.6,893.6,902.53,4,6778632.25,2405,65,2026-08-20
NIFTY,2026-08-25,25800.0,PE,1542.0,1544.0,1486.0,1508.0,1508.0,19,33725185.0,11505,-910,2026-08-20
NIFTY,2026-08-25,26850.0,PE,0.0,0.0,0.0,2671.25,2595.87,0,0.0,0,0,2026-08-20
NIFTY,2026-09-01,22800.0,PE,5.45,5.5,3.65,4.55,4.55,7252,10749686112.75,152880,28340,2026-08-20
NIFTY,2026-09-01,23050.0,PE,7.65,7.65,5.15,5.65,5.65,1516,2271922698.5,26845,-9425,2026-08-20
NIFTY,2026-09-01,24200.0,PE,131.45,139.4,92.1,108.35,108.35,85730,135489022448.0,1403805,738725,2026-08-20
NIFTY,2026-09-01,24400.0,PE,245.0,245.0,173.3,201.75,201.75,17686,28286818439.75,508105,206765,2026-08-20
NIFTY,2026-09-01,24850.0,PE,0.0,0.0,0.0,418.0,659.02,0,0.0,65,0,2026-08-20
NIFTY,2026-09-01,25100.0,PE,740.85,783.1,740.85,780.85,780.85,95,159792363.25,6045,5460,2026-08-20
NIFTY,2026-09-01,25500.0,PE,1209.0,1209.0,1147.1,1177.8,1177.8,123,213274470.5,8905,5915,2026-08-20
NIFTY,2026-09-01,25550.0,PE,0.0,0.0,0.0,1380.15,1280.24,0,0.0,65,0,2026-08-20
NIFTY,2026-09-01,26300.0,PE,0.0,0.0,0.0,1989.7,2016.61,0,0.0,0,0,2026-08-20
NIFTY,2026-09-01,26700.0,PE,0.0,0.0,0.0,2360.1,2415.15,0,0.0,0,0,2026-08-20
NIFTY,2026-09-01,27000.0,PE,0.0,0.0,0.0,2645.4,2714.44,0,0.0,0,0,2026-08-20
NIFTY,2026-09-08,23200.0,PE,16.15,16.2,10.8,11.2,11.2,3147,4748303313.0,68445,27170,2026-08-20
NIFTY,2026-09-08,23700.0,PE,44.05,46.8,33.15,36.7,36.7,5286,8155910857.25,155415,19630,2026-08-20
NIFTY,2026-09-08,24700.0,PE,452.35,465.0,382.7,426.4,426.4,94,153537809.75,11115,715,2026-08-20
NIFTY,2026-09-15,22550.0,PE,0.0,0.0,0.0,12.0,16.71,0,0.0,65,0,2026-08-20
NIFTY,2026-09-15,23100.0,PE,0.0,0.0,0.0,63.7,58.71,0,0.0,0,0,2026-08-20
NIFTY,2026-09-15,23350.0,PE,0.0,0.0,0.0,97.3,95.51,0,0.0,0,0,2026-08-20
NIFTY,2026-09-15,23950.0,PE,107.45,113.3,89.8,99.45,99.45,68,106296115.25,7540,-260,2026-08-20
NIFTY,2026-09-15,24300.0,PE,222.05,230.15,182.7,204.7,204.7,378,602014939.5,14690,7020,2026-08-20
NIFTY,2026-09-15,24600.0,PE,318.7,364.85,318.65,358.55,358.55,11,17838811.25,2080,390,2026-08-20
NIFTY,2026-09-15,25200.0,PE,0.0,0.0,0.0,850.85,989.57,0,0.0,0,0,2026-08-20
NIFTY,2026-09-15,26050.0,PE,0.0,0.0,0.0,1515.75,1734.11,0,0.0,0,0,2026-08-20
NIFTY,2026-09-22,22450.0,PE,0.0,0.0,0.0,30.65,22.46,0,0.0,0,0,2026-08-20
NIFTY,2026-09-22,22850.0,PE,0.0,0.0,0.0,66.05,51.23,0,0.0,0,0,2026-08-20
NIFTY,2026-09-22,22950.0,PE,0.0,0.0,0.0,78.75,61.86,0,0.0,0,0,2026-08-20
NIFTY,2026-09-22,25550.0,PE,0.0,0.0,0.0,1354.25,1278.11,0,0.0,0,0,2026-08-20
NIFTY,2026-09-29,21700.0,PE,12.45,14.4,9.95,11.25,11.25,87,122776478.5,47775,390,2026-08-20
NIFTY,2026-09-29,22200.0,PE,19.15,19.15,14.0,15.0,15.0,1239,1789117648.5,81900,7995,2026-08-20
NIFTY,2026-09-29,22250.0,PE,15.35,16.7,15.3,15.75,15.75,57,82496105.25,16705,1235,2026-08-20
NIFTY,2026-09-29,23150.0,PE,43.7,45.3,36.4,40.25,40.25,405,610478466.0,23530,-3510,2026-08-20
NIFTY,2026-09-29,23700.0,PE,105.0,108.45,83.55,96.1,96.1,10306,15939664061.75,575640,96200,2026-08-20
NIFTY,2026-09-29,23750.0,PE,112.95,114.25,91.2,104.5,104.5,1016,1575255314.75,68185,1820,2026-08-20
NIFTY,2026-09-29,23950.0,PE,159.65,163.6,129.1,144.95,144.95,779,1220152924.25,34645,-4810,2026-08-20
NIFTY,2026-09-29,24100.0,PE,213.55,213.55,166.0,186.8,186.8,6468,10211004904.75,364390,-5720,2026-08-20
NIFTY,2026-09-29,24250.0,PE,293.9,293.9,213.4,237.2,237.2,1356,2158112970.0,76895,-130,2026-08-20
NIFTY,2026-09-29,24400.0,PE,335.0,335.95,270.0,300.45,300.45,26965,43305662582.0,1277965,651170,2026-08-20
NIFTY,2026-09-29,24600.0,PE,442.7,442.7,366.75,400.65,400.65,3012,4895219468.75,406250,-8905,2026-08-20
NIFTY,2026-09-29,25750.0,PE,0.0,0.0,0.0,1035.0,1449.0,0,0.0,390,0,2026-08-20
NIFTY,2026-09-29,26300.0,PE,1890.0,1931.85,1803.2,1875.05,1875.05,178,325946650.25,19630,8450,2026-08-20
NIFTY,2026-09-29,27200.0,PE,0.0,0.0,0.0,3004.3,2785.67,0,0.0,0,0,2026-08-20
NIFTY,2026-10-27,22250.0,PE,31.4,33.1,27.1,28.75,28.75,860,1245403900.0,158925,10400,2026-08-20
NIFTY,2026-10-27,22650.0,PE,0.0,0.0,0.0,53.5,106.92,0,0.0,910,0,2026-08-20
NIFTY,2026-10-27,22800.0,PE,0.0,0.0,0.0,239.4,128.83,0,0.0,0,0,2026-08-20
NIFTY,2026-10-27,22850.0,PE,0.0,0.0,0.0,250.85,136.86,0,0.0,0,0,2026-08-20
NIFTY,2026-10-27,25750.0,PE,0.0,0.0,0.0,1149.95,1463.09,0,0.0,260,0,2026-08-20
NIFTY,2026-10-27,25900.0,PE,0.0,0.0,0.0,1231.5,1577.4,0,0.0,65,0,2026-08-20
NIFTY,2026-10-27,26150.0,PE,0.0,0.0,0.0,1657.0,1777.15,0,0.0,130,0,2026-08-20
NIFTY,2026-12-29,13000.0,PE,8.0,9.7,8.0,9.7,0.0,6,5073341.0,8590,390,2026-08-20
NIFTY,2026-12-29,26000.0,PE,1356.8,1356.9,1276.3,1311.85,1311.85,572,1015997531.25,1405145,-3490,2026-08-20
NIFTY,2027-03-30,19500.0,PE,55.0,55.45,52.5,54.6,54.6,118,149975884.5,88400,1755,2026-08-20
NIFTY,2028-12-26,27000.0,PE,0.0,0.0,0.0,1655.0,1863.01,0,0.0,13165,0,2026-08-20
NIFTY,2028-12-26,28500.0,PE,0.0,0.0,0.0,1451.15,2532.49,0,0.0,0,0,2026-08-20
NIFTY,2029-06-26,24000.0,PE,0.0,0.0,0.0,825.0,849.86,0,0.0,155,0,2026-08-20
NIFTY,2029-12-24,25500.0,PE,0.0,0.0,0.0,597.3,1192.07,0,0.0,0,0,2026-08-20
NIFTY,2029-12-24,31500.0,PE,0.0,0.0,0.0,2240.25,3514.45,0,0.0,0,0,2026-08-20
NIFTY,2030-06-25,21000.0,PE,0.0,0.0,0.0,220.0,334.72,0,0.0,65,0,2026-08-20
NIFTY,2030-06-25,25500.0,PE,0.0,0.0,0.0,568.55,1131.92,0,0.0,0,0,2026-08-20
NIFTY,2030-12-31,21000.0,PE,0.0,0.0,0.0,455.05,333.19,0,0.0,780,0,2026-08-20
NIFTY,2026-09-01,26850.0,CE,1.0,1.0,1.0,1.0,1.0,2,3490630.0,1235,0,2026-08-20
NIFTY,2026-09-01,26800.0,CE,1.15,1.25,0.75,1.0,1.0,86,149817830.5,11050,1625,2026-08-20
NIFTY,2026-09-01,26400.0,CE,1.1,1.65,0.75,0.95,0.95,176,302026344.75,17355,-520,2026-08-20
NIFTY,2026-09-01,26250.0,CE,1.0,1.6,0.95,1.35,1.35,69,117735800.0,3705,585,2026-08-20
NIFTY,2026-09-01,24600.0,CE,50.0,65.9,43.95,48.65,48.65,50971,81672852196.0,1242150,309075,2026-08-20
NIFTY,2026-09-01,24450.0,CE,99.6,119.75,83.35,94.6,94.6,14114,22519253828.5,382005,233480,2026-08-20
NIFTY,2026-09-01,22200.0,CE,0.0,0.0,0.0,2171.8,2076.28,0,0.0,0,0,2026-08-20
NIFTY,2026-09-01,22000.0,CE,0.0,0.0,0.0,2360.9,2275.72,0,0.0,0,0,2026-08-20
NIFTY,2026-08-25,26900.0,CE,0.9,0.95,0.4,0.45,0.45,3982,6962660701.75,114205,79755,2026-08-20
NIFTY,2026-08-25,26250.0,CE,0.8,1.0,0.4,0.55,0.55,2519,4298126582.75,64350,-25610,2026-08-20
NIFTY,2026-08-25,25900.0,CE,1.0,1.2,0.4,0.45,0.45,20808,35031006682.75,945230,-34645,2026-08-20
NIFTY,2026-08-25,25850.0,CE,1.05,1.15,0.4,0.5,0.5,5407,9085308306.75,200265,-17095,2026-08-20
NIFTY,2026-08-25,24450.0,CE,32.9,54.45,27.4,32.6,32.6,576863,918144656838.5,2729935,192400,2026-08-20
NIFTY,2026-08-25,22500.0,CE,1752.75,1833.35,1747.2,1795.55,1795.55,403,635965092.75,249275,-17160,2026-08-20
NIFTY,2026-08-25,21700.0,CE,0.0,0.0,0.0,2535.0,2549.86,0,0.0,650,0,2026-08-20
NIFTY,2026-09-08,26300.0,CE,3.1,3.1,2.0,2.35,2.35,79,135064104.5,10790,2665,2026-08-20
NIFTY,2026-12-29,27000.0,PE,2246.45,2246.45,2102.0,2157.75,2157.75,156,295658577.5,913780,1520,2026-08-20
NIFTY,2026-12-29,29000.0,PE,4070.0,4070.0,4010.0,4030.0,4030.0,13,27918003.75,214450,-455,2026-08-20
NIFTY,2027-03-30,15000.0,PE,20.0,20.0,20.0,20.0,0.01,1,976300.0,715,65,2026-08-20
NIFTY,2027-06-29,28500.0,PE,0.0,0.0,0.0,1807.05,3266.87,0,0.0,0,0,2026-08-20
NIFTY,2027-06-29,30000.0,PE,0.0,0.0,0.0,4000.0,4439.09,0,0.0,455,0,2026-08-20
NIFTY,2027-12-28,23000.0,PE,479.75,486.0,460.3,463.0,463.0,34,51859694.25,49830,-325,2026-08-20
NIFTY,2028-06-27,16500.0,PE,0.0,0.0,0.0,3.8,16.78,0,0.0,0,0,2026-08-20
NIFTY,2028-12-26,20000.0,PE,0.0,0.0,0.0,279.0,196.55,0,0.0,3875,0,2026-08-20
NIFTY,2030-06-25,31500.0,PE,0.0,0.0,0.0,2056.3,3236.48,0,0.0,0,0,2026-08-20
NIFTY,2031-06-24,21000.0,PE,0.0,0.0,0.0,450.5,328.61,0,0.0,0,0,2026-08-20
NIFTY,2026-08-25,21200.0,CE,3044.6,3152.6,3044.6,3120.8,3049.44,37,58459024.0,8060,-1820,2026-08-20
NIFTY,2026-08-25,21800.0,CE,0.0,0.0,0.0,2540.0,2449.94,0,0.0,65,0,2026-08-20
NIFTY,2026-08-25,23050.0,CE,0.0,0.0,0.0,1088.05,1201.53,0,0.0,390,0,2026-08-20
NIFTY,2026-08-25,23650.0,CE,580.0,709.25,580.0,643.3,643.3,542,855291346.0,36595,-2405,2026-08-20
NIFTY,2026-08-25,23850.0,CE,393.8,511.25,391.25,450.4,450.4,4349,6863917056.75,73775,-27430,2026-08-20
NIFTY,2026-08-25,24050.0,CE,200.1,323.05,200.1,267.2,267.2,162505,256682460979.75,613795,-2603705,2026-08-20
NIFTY,2026-08-25,24400.0,CE,45.5,74.95,35.0,47.35,47.35,1157875,1840208169098.0,8220680,-570310,2026-08-20
NIFTY,2026-08-25,24800.0,CE,5.55,7.0,2.25,2.45,2.45,905259,1459477385060.5,6910995,-597935,2026-08-20
NIFTY,2026-08-25,25300.0,CE,1.7,2.15,0.7,0.75,0.75,208618,343085811100.5,4576910,-433680,2026-08-20
NIFTY,2026-08-25,25550.0,CE,1.05,1.45,0.5,0.55,0.55,19572,32505090917.0,744120,-7150,2026-08-20
NIFTY,2026-08-25,26400.0,CE,0.7,1.15,0.4,0.45,0.45,5805,9961574359.75,124670,-12025,2026-08-20
NIFTY,2026-08-25,26450.0,CE,0.95,0.95,0.4,0.5,0.5,717,1232729650.75,17485,1950,2026-08-20
NIFTY,2026-08-25,26750.0,CE,0.95,0.95,0.4,0.45,0.45,592,1029360917.0,10530,-2730,2026-08-20
NIFTY,2026-09-01,22400.0,CE,0.0,0.0,0.0,1986.25,1877.13,0,0.0,0,0,2026-08-20
NIFTY,2026-09-01,22700.0,CE,0.0,0.0,0.0,1716.55,1579.84,0,0.0,0,0,2026-08-20
NIFTY,2026-09-01,23000.0,CE,1270.0,1363.85,1270.0,1353.6,1287.04,49,77385243.0,6695,1690,2026-08-20
NIFTY,2026-09-01,23150.0,CE,1180.0,1180.0,1180.0,1180.0,1144.07,1,1581450.0,325,0,2026-08-20
NIFTY,2026-09-01,23750.0,CE,552.95,580.0,531.25,574.8,574.8,14,22120416.5,5655,-455,2026-08-20
NIFTY,2026-09-01,24500.0,CE,68.0,99.0,67.45,75.75,75.75,78725,125773356891.0,1436825,160095,2026-08-20
NIFTY,2026-09-01,24750.0,CE,30.0,33.4,21.4,22.55,22.55,12510,20146321929.5,256230,112775,2026-08-20
NIFTY,2026-09-01,25050.0,CE,8.75,9.25,5.45,5.85,5.85,13776,22436216806.25,132925,-123630,2026-08-20
NIFTY,2026-09-01,25550.0,CE,3.25,3.25,0.8,2.1,2.1,2439,4050908572.75,142155,-5720,2026-08-20
NIFTY,2026-09-01,26500.0,CE,1.25,1.75,0.9,1.2,1.2,520,895737225.5,35165,-585,2026-08-20
NIFTY,2026-09-08,22550.0,CE,0.0,0.0,0.0,2213.6,1760.08,0,0.0,0,0,2026-08-20
NIFTY,2026-09-08,24000.0,CE,378.0,465.75,339.65,416.45,416.45,2048,3249351709.5,77935,7215,2026-08-20
NIFTY,2026-09-08,24450.0,CE,143.25,170.55,134.6,143.6,143.6,776,1240674737.25,38480,3315,2026-08-20
NIFTY,2026-09-08,25100.0,CE,17.4,19.0,13.25,14.9,14.9,4422,7218974350.25,178425,47645,2026-08-20
NIFTY,2026-09-15,23200.0,CE,0.0,0.0,0.0,1481.9,1203.54,0,0.0,0,0,2026-08-20
NIFTY,2026-09-15,23600.0,CE,782.2,790.75,780.75,784.9,881.6,7,11095207.5,195,0,2026-08-20
NIFTY,2026-09-15,23900.0,CE,582.5,582.5,570.2,570.2,671.18,2,3181925.5,1300,0,2026-08-20
NIFTY,2026-09-15,24500.0,CE,168.2,192.0,150.0,168.4,168.4,1758,2818762183.25,143715,14755,2026-08-20
NIFTY,2026-09-15,25600.0,CE,0.0,0.0,0.0,164.3,66.36,0,0.0,0,0,2026-08-20
NIFTY,2026-09-22,22950.0,CE,0.0,0.0,0.0,1416.4,1479.01,0,0.0,0,0,2026-08-20
NIFTY,2026-09-22,23250.0,CE,0.0,0.0,0.0,1168.05,1223.6,0,0.0,0,0,2026-08-20
NIFTY,2026-09-22,23650.0,CE,0.0,0.0,0.0,870.3,914.8,0,0.0,0,0,2026-08-20
NIFTY,2026-09-22,23800.0,CE,0.0,0.0,0.0,770.25,810.39,0,0.0,0,0,2026-08-20
NIFTY,2026-09-22,24100.0,CE,419.55,476.05,419.55,442.6,442.6,72,114867402.0,9165,-195,2026-08-20
NIFTY,2026-09-22,24800.0,CE,0.0,0.0,0.0,283.8,297.87,0,0.0,0,0,2026-08-20
NIFTY,2026-09-22,25000.0,CE,0.0,0.0,0.0,223.05,233.47,0,0.0,0,0,2026-08-20
NIFTY,2026-09-22,25750.0,CE,0.0,0.0,0.0,79.6,81.81,0,0.0,0,0,2026-08-20
NIFTY,2026-09-29,21000.0,CE,3380.0,3425.25,3346.65,3367.5,3367.5,125,198047752.5,477490,1885,2026-08-20
NIFTY,2026-09-29,21600.0,CE,0.0,0.0,0.0,2640.0,2791.28,0,0.0,3250,0,2026-08-20
NIFTY,2026-09-29,21950.0,CE,0.0,0.0,0.0,2369.2,2450.46,0,0.0,0,0,2026-08-20
NIFTY,2026-09-29,22850.0,CE,0.0,0.0,0.0,1453.0,1614.12,0,0.0,390,0,2026-08-20
NIFTY,2026-09-29,23100.0,CE,1307.0,1330.0,1307.0,1330.0,1400.33,3,4761032.25,1365,0,2026-08-20
NIFTY,2026-09-29,24300.0,CE,344.0,394.4,330.6,362.75,362.75,36361,58272508684.0,2111980,989625,2026-08-20
NIFTY,2026-09-29,25950.0,CE,50.9,50.9,50.9,50.9,87.24,1,1690058.5,130,65,2026-08-20
NIFTY,2026-10-27,22650.0,CE,0.0,0.0,0.0,1882.95,1963.06,0,0.0,0,0,2026-08-20
NIFTY,2026-10-27,23250.0,CE,0.0,0.0,0.0,1441.3,1479.1,0,0.0,0,0,2026-08-20
NIFTY,2026-10-27,23650.0,CE,0.0,0.0,0.0,1181.9,1191.94,0,0.0,0,0,2026-08-20
NIFTY,2026-10-27,24100.0,CE,654.2,692.6,650.05,676.8,676.8,260,418536153.75,14495,-3835,2026-08-20
NIFTY,2026-10-27,24600.0,CE,369.95,400.0,362.3,375.65,375.65,287,465929119.5,46410,5655,2026-08-20
NIFTY,2026-10-27,26450.0,CE,0.0,0.0,0.0,178.65,130.17,0,0.0,0,0,2026-08-20
NIFTY,2026-12-29,19500.0,CE,0.0,0.0,0.0,7586.85,5189.08,0,0.0,0,0,2026-08-20
NIFTY,2026-12-29,25500.0,CE,335.9,346.7,325.0,330.65,330.65,2823,4740241083.5,898560,52065,2026-08-20
NIFTY,2027-03-30,21000.0,CE,0.0,0.0,0.0,3970.0,4147.06,0,0.0,975,0,2026-08-20
NIFTY,2027-03-30,30000.0,CE,37.55,37.95,34.9,35.3,35.3,132,257708639.5,88270,5070,2026-08-20
NIFTY,2027-06-29,16500.0,CE,0.0,0.0,0.0,10867.2,8633.3,0,0.0,0,0,2026-08-20
NIFTY,2027-06-29,19500.0,CE,0.0,0.0,0.0,8143.4,5840.71,0,0.0,0,0,2026-08-20
NIFTY,2027-12-28,21000.0,CE,0.0,0.0,0.0,4902.4,5237.06,0,0.0,0,0,2026-08-20
NIFTY,2028-06-27,27000.0,CE,0.0,0.0,0.0,1935.0,2297.15,0,0.0,0,0,2026-08-20
NIFTY,2029-06-26,25500.0,CE,0.0,0.0,0.0,5917.35,4320.9,0,0.0,0,0,2026-08-20
NIFTY,2029-12-24,21000.0,CE,0.0,0.0,0.0,9463.95,7692.86,0,0.0,0,0,2026-08-20
NIFTY,2030-12-31,19500.0,CE,0.0,0.0,0.0,11601.15,9776.97,0,0.0,0,0,2026-08-20
NIFTY,2030-12-31,25500.0,CE,0.0,0.0,0.0,7639.65,6137.64,0,0.0,0,0,2026-08-20
NIFTY,2031-06-24,18000.0,CE,0.0,0.0,0.0,10825.95,11236.42,0,0.0,0,0,2026-08-20
NIFTY,2031-06-24,30000.0,CE,0.0,0.0,0.0,4459.9,4616.78,0,0.0,0,0,2026-08-20
NIFTY,2026-08-25,21200.0,PE,0.8,1.0,0.55,0.75,0.75,37943,52287203478.25,2912650,34970,2026-08-20
NIFTY,2026-08-25,21350.0,PE,1.25,1.45,0.65,0.8,0.8,1898,2634062509.0,53625,21060,2026-08-20
NIFTY,2026-08-25,22100.0,PE,2.0,2.15,0.95,1.15,1.15,32984,47384436866.0,633165,347035,2026-08-20
NIFTY,2026-08-25,22200.0,PE,1.8,2.25,1.05,1.25,1.25,38701,55849155235.25,721630,244335,2026-08-20
NIFTY,2026-08-25,22650.0,PE,2.7,3.55,1.35,1.65,1.65,13234,19485329386.25,115115,56550,2026-08-20
NIFTY,2026-08-25,24350.0,PE,183.0,184.0,96.5,122.75,122.75,408472,649844795996.5,1994200,1353820,2026-08-20
NIFTY,2026-08-25,25000.0,PE,770.0,778.0,650.0,706.8,706.8,12487,20878267231.25,1627340,-366210,2026-08-20
NIFTY,2026-08-25,25200.0,PE,945.5,958.55,857.15,905.65,905.65,241,409127410.25,108355,-8450,2026-08-20
NIFTY,2026-08-25,25350.0,PE,0.0,0.0,0.0,1212.25,1098.79,0,0.0,1560,0,2026-08-20
NIFTY,2026-09-01,22000.0,PE,4.9,4.9,2.95,3.15,3.15,40422,57812174631.25,1758055,976755,2026-08-20
NIFTY,2026-09-01,23900.0,PE,51.7,52.95,32.5,37.95,37.95,36229,56374474776.75,857805,257725,2026-08-20
NIFTY,2026-09-01,25000.0,PE,730.0,733.9,647.95,685.9,685.9,802,1338922822.25,59475,31265,2026-08-20
NIFTY,2026-09-08,22500.0,PE,6.2,7.3,5.3,5.6,5.6,726,1062056281.0,23530,21710,2026-08-20
NIFTY,2026-09-08,22550.0,PE,6.6,6.7,5.9,5.9,5.9,18,26390903.5,390,390,2026-08-20
NIFTY,2026-09-08,24950.0,PE,0.0,0.0,0.0,777.25,771.06,0,0.0,65,0,2026-08-20
NIFTY,2026-09-08,25450.0,PE,0.0,0.0,0.0,931.85,1186.98,0,0.0,0,0,2026-08-20
NIFTY,2026-09-08,25950.0,PE,0.0,0.0,0.0,1315.0,1651.56,0,0.0,0,0,2026-08-20
NIFTY,2026-09-08,26250.0,PE,0.0,0.0,0.0,1568.65,1942.31,0,0.0,0,0,2026-08-20
NIFTY,2026-09-15,22750.0,PE,12.35,12.75,9.95,9.95,9.95,19,28110943.25,1105,-130,2026-08-20
NIFTY,2026-09-15,22850.0,PE,0.0,0.0,0.0,40.15,34.28,0,0.0,0,0,2026-08-20
NIFTY,2026-09-15,23000.0,PE,25.8,25.8,14.0,14.4,14.4,849,1270086564.5,53885,-16510,2026-08-20
NIFTY,2026-09-15,25500.0,PE,0.0,0.0,0.0,1068.3,1237.43,0,0.0,0,0,2026-08-20
NIFTY,2026-09-15,26150.0,PE,0.0,0.0,0.0,1603.05,1828.46,0,0.0,0,0,2026-08-20
NIFTY,2026-09-22,22400.0,PE,0.0,0.0,0.0,27.65,20.1,0,0.0,0,0,2026-08-20
NIFTY,2026-09-22,22650.0,PE,0.0,0.0,0.0,45.6,34.42,0,0.0,0,0,2026-08-20
NIFTY,2026-09-22,23400.0,PE,0.0,0.0,0.0,161.3,133.32,0,0.0,0,0,2026-08-20
NIFTY,2026-09-22,23500.0,PE,0.0,0.0,0.0,187.05,155.48,0,0.0,0,0,2026-08-20
NIFTY,2026-09-22,23550.0,PE,0.0,0.0,0.0,199.5,167.54,0,0.0,0,0,2026-08-20
NIFTY,2026-09-22,23650.0,PE,0.0,0.0,0.0,228.6,193.52,0,0.0,0,0,2026-08-20
NIFTY,2026-09-29,22900.0,PE,32.75,33.25,27.15,30.1,30.1,3222,4802249546.25,296270,-3640,2026-08-20
NIFTY,2026-09-29,23000.0,PE,40.05,43.3,30.05,33.0,33.0,19898,29790577904.75,3713810,38010,2026-08-20
NIFTY,2026-09-29,23600.0,PE,97.6,99.0,70.65,80.75,80.75,9509,14636416635.75,465140,18590,2026-08-20
NIFTY,2026-09-29,23650.0,PE,99.6,99.6,78.9,88.05,88.05,646,996788776.75,40820,4485,2026-08-20
NIFTY,2026-09-29,24450.0,PE,358.9,359.85,294.15,323.3,323.3,306,492679138.25,26910,2015,2026-08-20
NIFTY,2026-09-29,24800.0,PE,550.0,562.25,482.55,526.45,526.45,1124,1850256525.0,249795,22880,2026-08-20
NIFTY,2026-09-29,25850.0,PE,0.0,0.0,0.0,1859.75,1533.75,0,0.0,0,0,2026-08-20
NIFTY,2026-09-29,26200.0,PE,0.0,0.0,0.0,1940.0,1841.88,0,0.0,585,0,2026-08-20
NIFTY,2026-09-29,26500.0,PE,2120.0,2120.0,2034.0,2081.5,2081.5,885,1643621183.75,108680,53755,2026-08-20
NIFTY,2026-09-29,27050.0,PE,0.0,0.0,0.0,2869.35,2640.34,0,0.0,0,0,2026-08-20
NIFTY,2026-10-27,22550.0,PE,0.0,0.0,0.0,46.6,94.01,0,0.0,715,0,2026-08-20
NIFTY,2026-10-27,22700.0,PE,48.8,50.0,41.8,44.55,44.55,565,835350093.5,41470,1495,2026-08-20
NIFTY,2026-10-27,23550.0,PE,0.0,0.0,0.0,454.95,293.6,0,0.0,0,0,2026-08-20
NIFTY,2026-10-27,23850.0,PE,0.0,0.0,0.0,569.9,390.21,0,0.0,0,0,2026-08-20
NIFTY,2026-10-27,24350.0,PE,345.0,345.0,335.35,337.25,337.25,11,17652170.25,2925,130,2026-08-20
NIFTY,2026-10-27,24400.0,PE,368.6,373.95,330.0,363.6,363.6,271,436055698.0,48425,3770,2026-08-20
NIFTY,2026-10-27,24500.0,PE,425.75,425.75,365.95,400.0,400.0,3934,6366422403.25,408850,6565,2026-08-20
NIFTY,2026-10-27,25550.0,PE,0.0,0.0,0.0,901.9,1314.05,0,0.0,130,0,2026-08-20
NIFTY,2026-10-27,25850.0,PE,0.0,0.0,0.0,1093.8,1538.58,0,0.0,65,0,2026-08-20
NIFTY,2026-10-27,26450.0,PE,0.0,0.0,0.0,2246.05,2028.01,0,0.0,0,0,2026-08-20
NIFTY,2026-10-27,26650.0,PE,0.0,0.0,0.0,2415.2,2201.1,0,0.0,0,0,2026-08-20
NIFTY,2026-10-27,26800.0,PE,0.0,0.0,0.0,2544.55,2333.58,0,0.0,0,0,2026-08-20
NIFTY,2026-10-27,27050.0,PE,0.0,0.0,0.0,2764.35,2558.82,0,0.0,0,0,2026-08-20
NIFTY,2026-10-27,27100.0,PE,0.0,0.0,0.0,2808.9,2604.46,0,0.0,0,0,2026-08-20
NIFTY,2026-12-29,17000.0,PE,14.05,15.9,13.6,13.65,13.65,60,66356982.25,187210,-2015,2026-08-20
NIFTY,2026-12-29,22500.0,PE,100.0,101.55,92.25,95.0,95.0,6281,9225249328.75,931385,152295,2026-08-20
NIFTY,2026-09-15,22650.0,CE,0.0,0.0,0.0,1979.9,1700.84,0,0.0,0,0,2026-08-20
NIFTY,2026-09-08,26400.0,CE,1.65,2.25,1.55,1.9,1.9,97,166463804.0,12545,520,2026-08-20
NIFTY,2026-09-08,25000.0,CE,25.15,27.0,19.85,22.0,22.0,23049,37490595574.25,885690,579865,2026-08-20
NIFTY,2026-09-08,24700.0,CE,64.0,78.4,59.0,63.9,63.9,3304,5318801137.0,144820,34905,2026-08-20
NIFTY,2026-09-08,23250.0,CE,0.0,0.0,0.0,1568.45,1105.64,0,0.0,0,0,2026-08-20
NIFTY,2026-09-08,23150.0,CE,0.0,0.0,0.0,1656.9,1194.42,0,0.0,0,0,2026-08-20
NIFTY,2026-09-08,22900.0,CE,0.0,0.0,0.0,1884.1,1424.53,0,0.0,0,0,2026-08-20
NIFTY,2026-09-15,22350.0,CE,0.0,0.0,0.0,2265.3,1988.0,0,0.0,0,0,2026-08-20
NIFTY,2026-08-25,21300.0,CE,0.0,0.0,0.0,3070.0,2949.52,0,0.0,3705,0,2026-08-20
NIFTY,2026-08-25,21650.0,CE,0.0,0.0,0.0,2669.3,2599.82,0,0.0,0,0,2026-08-20
NIFTY,2027-03-30,31500.0,CE,0.0,0.0,0.0,94.65,56.86,0,0.0,0,0,2026-08-20
NIFTY,2027-12-28,16500.0,CE,0.0,0.0,0.0,11316.4,9139.97,0,0.0,0,0,2026-08-20
NIFTY,2029-12-24,18000.0,CE,0.0,0.0,0.0,11362.4,9867.55,0,0.0,0,0,2026-08-20
NIFTY,2030-06-25,21000.0,CE,0.0,0.0,0.0,10421.65,8240.27,0,0.0,0,0,2026-08-20
NIFTY,2030-12-31,31500.0,CE,0.0,0.0,0.0,4554.55,3537.5,0,0.0,0,0,2026-08-20
NIFTY,2031-06-24,21000.0,CE,0.0,0.0,0.0,8900.75,9265.0,0,0.0,0,0,2026-08-20
NIFTY,2031-06-24,33000.0,CE,0.0,0.0,0.0,3451.55,3547.89,0,0.0,0,0,2026-08-20
NIFTY,2026-08-25,22550.0,PE,2.35,2.6,1.35,1.6,1.6,25488,37362127653.5,273260,31070,2026-08-20
NIFTY,2026-08-25,22600.0,PE,2.7,2.7,1.25,1.55,1.55,38304,56272983679.25,438165,29120,2026-08-20
NIFTY,2026-08-25,23350.0,PE,3.9,4.3,2.3,2.65,2.65,222854,338283002648.5,748475,-300495,2026-08-20
NIFTY,2026-08-25,23600.0,PE,9.0,9.65,3.15,3.65,3.65,633148,971429039249.5,5698355,905385,2026-08-20
NIFTY,2026-08-25,24300.0,PE,110.0,152.0,75.6,96.05,96.05,1448371,2297178138606.0,7477275,2664740,2026-08-20
NIFTY,2026-08-25,25500.0,PE,1300.0,1300.0,1152.45,1207.2,1207.2,3638,6317898437.5,1166165,-68705,2026-08-20
NIFTY,2026-08-25,26000.0,PE,1775.05,1775.05,1650.0,1705.55,1705.55,5170,9316218866.5,1863940,-281840,2026-08-20
NIFTY,2026-08-25,26050.0,PE,0.0,0.0,0.0,1762.0,1796.54,0,0.0,260,0,2026-08-20
NIFTY,2026-08-25,26350.0,PE,0.0,0.0,0.0,1699.45,2096.29,0,0.0,65,0,2026-08-20
NIFTY,2026-08-25,26900.0,PE,0.0,0.0,0.0,2650.0,2645.83,0,0.0,65,0,2026-08-20
NIFTY,2026-09-01,22400.0,PE,4.15,4.7,3.45,3.9,3.9,1420,2067886648.75,88530,36205,2026-08-20
NIFTY,2026-09-01,22550.0,PE,4.8,4.95,3.75,4.1,4.1,220,322526636.25,9490,2990,2026-08-20
NIFTY,2026-09-01,22600.0,PE,5.2,5.25,3.8,4.3,4.3,5980,8786302401.5,136435,57200,2026-08-20
NIFTY,2026-09-01,23000.0,PE,6.1,6.75,4.95,5.35,5.35,30847,46127474068.0,800865,112060,2026-08-20
NIFTY,2026-09-01,23200.0,PE,8.45,8.45,5.85,6.4,6.4,18567,28007152462.25,378755,-137930,2026-08-20
NIFTY,2026-09-01,24150.0,PE,116.15,118.3,77.75,91.4,91.4,16747,26393662243.0,202345,81640,2026-08-20
NIFTY,2026-09-01,24350.0,PE,214.1,214.1,149.8,173.9,173.9,5420,8639709052.0,91650,51480,2026-08-20
NIFTY,2026-09-01,24500.0,PE,308.0,314.95,229.3,263.25,263.25,20608,33171059031.5,605085,298090,2026-08-20
NIFTY,2026-09-01,25800.0,PE,1510.0,1510.0,1480.4,1480.4,1480.4,2,3548376.0,130,130,2026-08-20
NIFTY,2026-09-01,26200.0,PE,0.0,0.0,0.0,1899.45,1917.23,0,0.0,0,0,2026-08-20
NIFTY,2026-09-01,26850.0,PE,0.0,0.0,0.0,2502.1,2564.78,0,0.0,0,0,2026-08-20
NIFTY,2026-09-08,23850.0,PE,105.9,105.9,51.15,55.0,55.0,192,298314217.5,7865,7865,2026-08-20
NIFTY,2026-09-08,23950.0,PE,84.75,88.15,63.85,71.2,71.2,6869,10724043317.0,265265,245505,2026-08-20
NIFTY,2026-09-08,26050.0,PE,0.0,0.0,0.0,1397.8,1747.81,0,0.0,0,0,2026-08-20
NIFTY,2026-09-08,26150.0,PE,0.0,0.0,0.0,1482.45,1844.77,0,0.0,0,0,2026-08-20
NIFTY,2026-09-08,26200.0,PE,0.0,0.0,0.0,1525.35,1893.47,0,0.0,0,0,2026-08-20
NIFTY,2026-09-08,26400.0,PE,0.0,0.0,0.0,1700.8,2089.48,0,0.0,0,0,2026-08-20
NIFTY,2026-09-15,22350.0,PE,7.05,7.55,6.45,6.6,6.6,91,132243016.75,5785,5785,2026-08-20
NIFTY,2026-09-15,22800.0,PE,12.95,12.95,10.0,10.75,10.75,89,131962766.0,14950,1690,2026-08-20
NIFTY,2026-09-15,24150.0,PE,163.45,170.1,135.45,147.25,147.25,73,115322509.25,3380,585,2026-08-20
NIFTY,2026-09-15,24450.0,PE,291.0,292.0,259.0,259.0,481.82,3,4822480.0,455,65,2026-08-20
NIFTY,2026-09-15,24500.0,PE,325.15,335.1,268.3,301.4,301.4,650,1048129020.25,76375,4160,2026-08-20
NIFTY,2026-09-15,25350.0,PE,0.0,0.0,0.0,956.1,1110.95,0,0.0,0,0,2026-08-20
NIFTY,2026-09-15,26000.0,PE,0.0,0.0,0.0,1472.65,1687.31,0,0.0,0,0,2026-08-20
NIFTY,2026-09-15,26200.0,PE,0.0,0.0,0.0,1647.25,1875.97,0,0.0,0,0,2026-08-20
NIFTY,2026-09-22,23050.0,PE,0.0,0.0,0.0,93.3,74.2,0,0.0,0,0,2026-08-20
NIFTY,2026-09-22,24000.0,PE,165.0,165.0,117.7,131.05,131.05,209,327843324.25,4095,4095,2026-08-20
NIFTY,2026-09-22,24050.0,PE,0.0,0.0,0.0,374.9,328.11,0,0.0,0,0,2026-08-20
NIFTY,2026-09-29,22400.0,PE,13.5,19.8,13.5,17.9,17.9,561,817479822.25,58175,9490,2026-08-20
NIFTY,2026-09-29,23050.0,PE,39.05,39.7,31.65,36.1,36.1,249,373657293.75,28015,-1950,2026-08-20
NIFTY,2026-09-29,24850.0,PE,596.55,596.55,524.35,554.0,554.0,28,46251705.5,8255,65,2026-08-20
NIFTY,2026-09-29,25050.0,PE,764.0,764.0,682.15,688.6,910.08,11,18416453.25,1560,-195,2026-08-20
NIFTY,2026-09-29,25300.0,PE,961.8,961.95,886.0,921.55,921.55,43,73331482.25,10205,130,2026-08-20
NIFTY,2026-09-29,25550.0,PE,0.0,0.0,0.0,930.0,1284.68,0,0.0,130,0,2026-08-20
NIFTY,2026-09-29,26000.0,PE,1612.55,1631.05,1526.9,1585.85,1585.85,4995,8958315044.25,1404245,247455,2026-08-20
NIFTY,2026-09-29,26050.0,PE,0.0,0.0,0.0,2017.5,1707.82,0,0.0,0,0,2026-08-20
NIFTY,2026-09-29,34500.0,PE,0.0,0.0,0.0,7064.95,10021.77,0,0.0,0,0,2026-08-20
NIFTY,2026-10-27,22900.0,PE,0.0,0.0,0.0,262.65,145.28,0,0.0,0,0,2026-08-20
NIFTY,2026-10-27,22950.0,PE,0.0,0.0,0.0,274.9,154.08,0,0.0,0,0,2026-08-20
NIFTY,2026-10-27,23150.0,PE,0.0,0.0,0.0,327.65,193.41,0,0.0,0,0,2026-08-20
NIFTY,2026-10-27,23750.0,PE,0.0,0.0,0.0,529.65,355.87,0,0.0,0,0,2026-08-20
NIFTY,2026-10-27,23800.0,PE,180.0,181.0,156.3,170.25,170.25,738,1149838881.75,108940,195,2026-08-20
NIFTY,2026-10-27,25700.0,PE,0.0,0.0,0.0,952.1,1425.39,0,0.0,260,0,2026-08-20
NIFTY,2026-10-27,26250.0,PE,0.0,0.0,0.0,2081.05,1859.5,0,0.0,0,0,2026-08-20
NIFTY,2026-10-27,26400.0,PE,0.0,0.0,0.0,2204.4,1985.43,0,0.0,0,0,2026-08-20
NIFTY,2027-06-29,21000.0,PE,153.9,153.95,120.0,121.3,121.3,19,26105972.75,7115,0,2026-08-20
NIFTY,2027-06-29,25500.0,PE,0.0,0.0,0.0,667.15,1398.89,0,0.0,0,0,2026-08-20
NIFTY,2027-12-28,17000.0,PE,0.0,0.0,0.0,57.2,12.56,0,0.0,17750,0,2026-08-20
NIFTY,2027-12-28,21000.0,PE,244.5,253.0,240.0,245.0,222.86,42,58000637.5,33670,780,2026-08-20
NIFTY,2028-06-27,24000.0,PE,0.0,0.0,0.0,1692.75,868.59,0,0.0,0,0,2026-08-20
NIFTY,2028-12-26,25500.0,PE,0.0,0.0,0.0,648.2,1306.4,0,0.0,0,0,2026-08-20
NIFTY,2029-06-26,28500.0,PE,0.0,0.0,0.0,1349.1,2349.78,0,0.0,0,0,2026-08-20
NIFTY,2029-06-26,33000.0,PE,0.0,0.0,0.0,3022.85,4683.25,0,0.0,0,0,2026-08-20
NIFTY,2029-12-24,22500.0,PE,0.0,0.0,0.0,225.7,540.52,0,0.0,0,0,2026-08-20
NIFTY,2029-12-24,27000.0,PE,0.0,0.0,0.0,1177.9,1644.68,0,0.0,0,0,2026-08-20
NIFTY,2029-12-24,28500.0,PE,0.0,0.0,0.0,1255.9,2185.3,0,0.0,0,0,2026-08-20
NIFTY,2031-06-24,27000.0,PE,0.0,0.0,0.0,1653.15,1360.02,0,0.0,0,0,2026-08-20
NIFTY,2026-10-27,26300.0,CE,0.0,0.0,0.0,202.25,151.52,0,0.0,0,0,2026-08-20
NIFTY,2026-10-27,25850.0,CE,0.0,0.0,0.0,288.85,233.48,0,0.0,0,0,2026-08-20
NIFTY,2026-10-27,25750.0,CE,52.9,57.45,50.25,54.8,54.8,275,461227188.5,55640,-650,2026-08-20
NIFTY,2026-10-27,24850.0,CE,260.0,273.1,260.0,271.6,539.93,11,17958047.25,2860,130,2026-08-20
NIFTY,2026-10-27,24750.0,CE,311.25,311.25,311.25,311.25,581.84,1,1628981.25,3055,65,2026-08-20
NIFTY,2026-10-27,24050.0,CE,669.75,693.9,669.75,689.75,938.6,19,30553337.75,910,455,2026-08-20
NIFTY,2026-10-27,23600.0,CE,0.0,0.0,0.0,1212.7,1226.03,0,0.0,0,0,2026-08-20
NIFTY,2026-10-27,23450.0,CE,0.0,0.0,0.0,1307.95,1332.42,0,0.0,0,0,2026-08-20
NIFTY,2026-10-27,23200.0,CE,0.0,0.0,0.0,1475.8,1517.13,0,0.0,0,0,2026-08-20
NIFTY,2026-10-27,22800.0,CE,0.0,0.0,0.0,1767.2,1836.8,0,0.0,0,0,2026-08-20
NIFTY,2026-09-29,27100.0,CE,3.5,3.5,2.4,3.0,3.0,71,125079675.5,6305,3055,2026-08-20
NIFTY,2026-09-29,26800.0,CE,4.4,5.15,3.3,3.95,3.95,200,348450232.0,1625,390,2026-08-20
NIFTY,2026-09-29,26200.0,CE,9.0,9.5,5.65,7.75,7.75,3703,6307996743.75,156715,9815,2026-08-20
NIFTY,2026-09-29,25600.0,CE,21.65,22.25,15.95,18.4,18.4,4961,8260906225.0,304525,-9425,2026-08-20
NIFTY,2026-09-29,25200.0,CE,48.1,53.75,44.0,47.9,47.9,16895,27726807940.0,932750,219115,2026-08-20
NIFTY,2026-09-29,23700.0,CE,770.0,840.4,761.0,807.0,940.47,231,367588279.5,21515,-2405,2026-08-20
NIFTY,2026-09-29,23000.0,CE,1364.0,1472.15,1364.0,1421.4,1421.4,1581,2508847477.5,275340,65390,2026-08-20
NIFTY,2026-09-29,22800.0,CE,1608.0,1608.0,1608.0,1608.0,1658.13,1,1586520.0,1040,0,2026-08-20
NIFTY,2026-09-29,22200.0,CE,0.0,0.0,0.0,2158.9,2210.76,0,0.0,0,0,2026-08-20
NIFTY,2026-09-22,24600.0,CE,232.35,232.35,166.6,174.0,174.0,11,17717596.0,585,585,2026-08-20
NIFTY,2026-09-22,24250.0,CE,318.8,378.15,318.8,345.6,345.6,15,23983826.75,910,65,2026-08-20
NIFTY,2026-09-22,24000.0,CE,481.9,554.85,418.5,519.0,519.0,69,109913196.25,2145,-845,2026-08-20
NIFTY,2026-09-22,22350.0,CE,0.0,0.0,0.0,1959.05,2031.56,0,0.0,0,0,2026-08-20
NIFTY,2026-09-15,26050.0,CE,4.0,4.45,2.65,3.5,3.5,20,33869189.25,1105,455,2026-08-20
NIFTY,2026-09-15,25800.0,CE,0.0,0.0,0.0,125.8,45.95,0,0.0,0,0,2026-08-20
NIFTY,2026-09-15,25100.0,CE,0.0,0.0,0.0,301.2,151.79,0,0.0,0,0,2026-08-20
NIFTY,2026-09-15,23950.0,CE,0.0,0.0,0.0,893.55,639.13,0,0.0,0,0,2026-08-20
NIFTY,2026-09-15,23350.0,CE,0.0,0.0,0.0,1354.25,1077.94,0,0.0,0,0,2026-08-20
NIFTY,2026-09-08,26250.0,CE,2.15,2.85,2.1,2.1,6.83,23,39247471.25,1235,390,2026-08-20
NIFTY,2026-09-08,26000.0,CE,4.65,4.7,2.55,2.95,2.95,988,1669910544.25,75075,8580,2026-08-20
NIFTY,2026-09-08,25350.0,CE,0.0,0.0,0.0,274.75,60.57,0,0.0,0,0,2026-08-20
NIFTY,2026-09-08,25250.0,CE,0.0,0.0,0.0,307.5,74.33,0,0.0,0,0,2026-08-20
NIFTY,2026-09-08,24850.0,CE,39.05,44.35,33.9,37.1,37.1,1195,1933216535.25,75205,29575,2026-08-20
NIFTY,2026-09-08,24500.0,CE,119.95,148.7,114.5,125.05,125.05,9022,14441914795.75,324155,37245,2026-08-20
NIFTY,2026-09-08,24200.0,CE,267.95,316.4,254.5,275.95,275.95,7657,12181532116.0,225290,10660,2026-08-20
NIFTY,2026-09-08,23950.0,CE,486.3,486.3,455.0,460.3,460.3,21,33331161.5,1235,390,2026-08-20
NIFTY,2026-09-08,22500.0,CE,0.0,0.0,0.0,2261.5,1808.84,0,0.0,0,0,2026-08-20
NIFTY,2026-09-08,22450.0,CE,0.0,0.0,0.0,2309.55,1857.75,0,0.0,0,0,2026-08-20
NIFTY,2026-09-01,27000.0,CE,1.0,1.15,0.8,0.9,0.9,917,1609387497.25,50765,-7800,2026-08-20
NIFTY,2026-09-01,24100.0,CE,254.95,334.65,251.05,288.9,288.9,18900,29952314499.25,289055,-222755,2026-08-20
NIFTY,2026-09-01,22150.0,CE,0.0,0.0,0.0,2218.8,2126.12,0,0.0,0,0,2026-08-20
NIFTY,2026-09-01,22100.0,CE,0.0,0.0,0.0,2024.5,2175.98,0,0.0,65,0,2026-08-20
NIFTY,2026-08-25,27200.0,CE,0.55,0.55,0.35,0.4,0.4,12788,22609542273.5,399685,-52520,2026-08-20
NIFTY,2026-08-25,25150.0,CE,2.6,2.85,0.9,1.0,1.0,98704,161365360377.0,751985,26325,2026-08-20
NIFTY,2026-08-25,24650.0,CE,14.9,14.9,5.65,6.2,6.2,465220,745651109973.25,2892890,494130,2026-08-20
NIFTY,2026-08-25,24300.0,CE,80.0,128.8,72.0,89.6,89.6,1907612,3024512675366.0,9785880,-1823575,2026-08-20
NIFTY,2026-08-25,24250.0,CE,92.5,163.45,92.5,117.55,117.55,1627325,2577541590435.5,4170595,372515,2026-08-20
NIFTY,2026-08-25,23600.0,CE,650.0,756.15,632.0,695.15,695.15,1436,2267391477.0,234650,-20605,2026-08-20
NIFTY,2026-08-25,23400.0,CE,862.0,936.2,846.6,893.05,893.05,104,164109172.5,28925,-1235,2026-08-20
NIFTY,2026-08-25,23200.0,CE,1051.0,1133.5,1051.0,1097.5,1097.5,49,77319632.0,19955,-845,2026-08-20
NIFTY,2026-08-25,22700.0,CE,1595.5,1620.45,1558.7,1597.9,1597.9,102,160872835.5,5070,-5980,2026-08-20
NIFTY,2026-08-25,22550.0,CE,1733.8,1733.8,1709.3,1719.55,1700.57,101,159324776.0,1560,-5005,2026-08-20
NIFTY,2026-08-25,22100.0,CE,0.0,0.0,0.0,2281.05,2150.19,0,0.0,0,0,2026-08-20
NIFTY,2026-12-29,22000.0,CE,2795.0,2878.2,2778.4,2805.95,2805.95,135,217960109.25,263250,-65,2026-08-20
NIFTY,2026-12-29,27000.0,CE,69.35,70.0,63.1,65.15,65.15,4912,8641466073.5,2487165,-15090,2026-08-20
NIFTY,2026-12-29,28500.0,CE,24.0,24.0,21.75,22.3,22.3,440,815750919.75,116155,-4225,2026-08-20
NIFTY,2026-12-29,29000.0,CE,17.05,17.6,15.8,16.15,16.15,1287,2427390842.5,548505,-505,2026-08-20
NIFTY,2026-12-29,31000.0,CE,9.05,9.5,6.3,9.45,9.45,54,108838505.75,158795,-1040,2026-08-20
NIFTY,2027-03-30,27000.0,CE,249.95,252.8,236.5,238.4,238.4,947,1676888177.25,666640,5005,2026-08-20
NIFTY,2026-09-22,23200.0,PE,0.0,0.0,0.0,119.0,96.28,0,0.0,0,0,2026-08-20
NIFTY,2026-09-22,23750.0,PE,0.0,0.0,0.0,260.6,222.58,0,0.0,0,0,2026-08-20
NIFTY,2026-09-22,24250.0,PE,0.0,0.0,0.0,467.0,414.55,0,0.0,0,0,2026-08-20
NIFTY,2026-09-22,25350.0,PE,0.0,0.0,0.0,1190.0,1115.85,0,0.0,0,0,2026-08-20
NIFTY,2026-09-22,25500.0,PE,0.0,0.0,0.0,1312.45,1236.77,0,0.0,0,0,2026-08-20
NIFTY,2026-09-29,22000.0,PE,14.4,15.95,12.4,13.15,13.15,11550,16526586911.25,1119105,44915,2026-08-20
NIFTY,2026-09-29,22700.0,PE,25.25,26.85,21.95,23.55,23.55,2705,3995408579.5,275535,11635,2026-08-20
NIFTY,2026-09-29,23100.0,PE,43.0,43.0,34.35,38.05,38.05,3551,5340695997.0,454870,-9880,2026-08-20
NIFTY,2026-09-29,23800.0,PE,139.9,139.9,99.35,113.1,113.1,12842,19959569721.0,881465,105885,2026-08-20
NIFTY,2026-09-29,25100.0,PE,790.0,790.0,703.9,749.6,749.6,396,665513481.75,39975,16120,2026-08-20
NIFTY,2026-09-29,25500.0,PE,1155.0,1155.0,1043.9,1105.9,1105.9,3577,6185869088.75,1008865,166790,2026-08-20
NIFTY,2026-09-29,26100.0,PE,1706.0,1721.65,1650.0,1650.0,1752.2,39,70493507.5,2015,1950,2026-08-20
NIFTY,2026-09-29,26250.0,PE,0.0,0.0,0.0,2180.0,1887.15,0,0.0,0,0,2026-08-20
NIFTY,2026-09-29,26600.0,PE,0.0,0.0,0.0,2474.55,2210.95,0,0.0,0,0,2026-08-20
NIFTY,2026-10-27,22350.0,PE,30.0,31.95,24.5,31.95,71.92,35,50912563.0,2145,325,2026-08-20
NIFTY,2026-10-27,22450.0,PE,0.0,0.0,0.0,43.05,82.37,0,0.0,845,0,2026-08-20
NIFTY,2026-10-27,23250.0,PE,0.0,0.0,0.0,356.75,215.69,0,0.0,0,0,2026-08-20
NIFTY,2026-10-27,23900.0,PE,206.0,206.0,181.2,191.05,191.05,494,773644413.75,67405,7865,2026-08-20
NIFTY,2026-10-27,24050.0,PE,0.0,0.0,0.0,656.15,465.5,0,0.0,0,0,2026-08-20
NIFTY,2026-10-27,24250.0,PE,300.2,305.3,282.05,291.2,549.78,40,63814669.75,9100,-1040,2026-08-20
NIFTY,2026-10-27,25300.0,PE,0.0,0.0,0.0,1007.65,1139.58,0,0.0,780,0,2026-08-20
NIFTY,2026-10-27,26300.0,PE,0.0,0.0,0.0,2121.9,1901.17,0,0.0,0,0,2026-08-20
NIFTY,2026-10-27,27000.0,PE,2400.4,2457.3,2400.0,2431.75,2431.75,23,44009839.25,19110,1300,2026-08-20
NIFTY,2026-12-29,21000.0,PE,45.55,46.1,41.6,42.9,42.9,2925,4001001267.25,1095750,2080,2026-08-20
NIFTY,2026-12-29,28000.0,PE,3124.0,3124.0,3052.6,3087.05,3087.05,80,161709307.5,881890,1625,2026-08-20
NIFTY,2026-12-29,31500.0,PE,0.0,0.0,0.0,4059.3,6543.91,0,0.0,0,0,2026-08-20
NIFTY,2027-03-30,27000.0,PE,1940.0,1945.0,1875.35,1921.75,1921.75,196,368494015.5,49595,-2015,2026-08-20
NIFTY,2027-12-28,16500.0,PE,0.0,0.0,0.0,52.05,7.71,0,0.0,130,0,2026-08-20
NIFTY,2027-12-28,27000.0,PE,1710.0,1720.0,1680.0,1711.4,1711.4,21,39180310.0,46305,455,2026-08-20
NIFTY,2029-12-24,15000.0,PE,0.0,0.0,0.0,29.0,16.88,0,0.0,65,0,2026-08-20
NIFTY,2030-06-25,18000.0,PE,0.0,0.0,0.0,116.65,104.83,0,0.0,0,0,2026-08-20
NIFTY,2030-06-25,22500.0,PE,0.0,0.0,0.0,223.75,531.7,0,0.0,0,0,2026-08-20
NIFTY,2030-06-25,27000.0,PE,0.0,0.0,0.0,1286.05,1543.3,0,0.0,0,0,2026-08-20
NIFTY,2030-06-25,30000.0,PE,0.0,0.0,0.0,2100.85,2598.66,0,0.0,0,0,2026-08-20
NIFTY,2030-12-31,18000.0,PE,0.0,0.0,0.0,32.3,111.14,0,0.0,0,0,2026-08-20
NIFTY,2031-06-24,16500.0,PE,0.0,0.0,0.0,95.65,59.6,0,0.0,0,0,2026-08-20
NIFTY,2026-10-27,25550.0,CE,0.0,0.0,0.0,361.35,305.32,0,0.0,0,0,2026-08-20
NIFTY,2028-06-27,21000.0,CE,0.0,0.0,0.0,5226.55,5903.15,0,0.0,0,0,2026-08-20
NIFTY,2026-08-25,21450.0,CE,0.0,0.0,0.0,2848.15,2799.65,0,0.0,0,0,2026-08-20
NIFTY,2026-08-25,21550.0,CE,0.0,0.0,0.0,2758.3,2699.73,0,0.0,0,0,2026-08-20
NIFTY,2026-08-25,22650.0,CE,1647.55,1647.55,1632.95,1637.05,1600.66,99,156274914.25,2145,-4745,2026-08-20
NIFTY,2026-08-25,23300.0,CE,900.0,1042.55,900.0,996.45,996.45,69,108912371.75,25220,-2015,2026-08-20
NIFTY,2026-08-25,24150.0,CE,143.5,237.2,143.5,185.9,185.9,560677,886568054199.75,1252290,-2113215,2026-08-20
NIFTY,2026-08-25,24350.0,CE,55.5,99.85,53.85,66.2,66.2,842015,1336520186644.5,3054545,534170,2026-08-20
NIFTY,2026-08-25,25650.0,CE,1.05,1.25,0.45,0.5,0.5,20208,33692625408.0,793780,-3640,2026-08-20
NIFTY,2026-08-25,25700.0,CE,1.2,1.35,0.45,0.45,0.45,87380,145971575028.5,2403310,-250250,2026-08-20
NIFTY,2026-08-25,26850.0,CE,0.7,0.8,0.4,0.5,0.5,448,781887125.5,15730,-2665,2026-08-20
NIFTY,2026-08-25,26950.0,CE,0.65,0.85,0.35,0.5,0.5,187,327583620.0,12155,2015,2026-08-20
NIFTY,2026-09-01,23700.0,CE,591.55,674.1,591.55,623.65,623.65,482,762158614.75,24115,7735,2026-08-20
NIFTY,2026-09-01,24050.0,CE,273.0,372.65,273.0,326.7,326.7,4489,7109057881.25,48295,-116870,2026-08-20
NIFTY,2026-09-01,24200.0,CE,203.35,261.95,192.6,220.5,220.5,76040,120691785441.5,1185665,249665,2026-08-20
NIFTY,2026-09-01,24300.0,CE,111.0,197.95,111.0,161.7,161.7,71054,112981400272.0,1271205,314860,2026-08-20
NIFTY,2026-09-01,25750.0,CE,2.7,2.7,1.3,1.75,1.75,431,721430885.5,20215,15665,2026-08-20
NIFTY,2026-09-01,26300.0,CE,1.05,1.65,0.8,1.15,1.15,308,526545184.75,17355,-6110,2026-08-20
NIFTY,2026-09-01,26750.0,CE,1.65,1.65,1.65,1.65,0.11,2,3477714.5,975,130,2026-08-20
NIFTY,2026-09-08,23400.0,CE,0.0,0.0,0.0,1438.9,976.86,0,0.0,0,0,2026-08-20
NIFTY,2026-09-08,25750.0,CE,5.15,5.25,3.5,4.0,4.0,149,249428406.5,2600,1365,2026-08-20
NIFTY,2026-09-08,26050.0,CE,4.6,4.6,2.1,2.4,2.4,130,220145841.5,40495,-2925,2026-08-20
NIFTY,2026-09-15,22500.0,CE,0.0,0.0,0.0,2121.7,1843.47,0,0.0,0,0,2026-08-20
NIFTY,2026-09-15,22800.0,CE,0.0,0.0,0.0,1840.25,1560.64,0,0.0,0,0,2026-08-20
NIFTY,2026-09-15,22950.0,CE,0.0,0.0,0.0,1703.2,1423.49,0,0.0,0,0,2026-08-20
NIFTY,2026-09-22,22900.0,CE,0.0,0.0,0.0,1459.55,1523.2,0,0.0,0,0,2026-08-20
NIFTY,2026-09-22,23200.0,CE,0.0,0.0,0.0,1208.1,1264.9,0,0.0,0,0,2026-08-20
NIFTY,2026-09-22,24050.0,CE,0.0,0.0,0.0,618.9,651.74,0,0.0,0,0,2026-08-20
NIFTY,2026-09-22,24300.0,CE,290.0,347.55,290.0,320.15,320.15,71,113627234.5,2145,2080,2026-08-20
NIFTY,2026-09-22,25250.0,CE,0.0,0.0,0.0,161.95,168.74,0,0.0,0,0,2026-08-20
NIFTY,2026-09-22,25600.0,CE,0.0,0.0,0.0,99.5,102.72,0,0.0,0,0,2026-08-20
NIFTY,2026-09-22,25650.0,CE,0.0,0.0,0.0,92.45,95.31,0,0.0,0,0,2026-08-20
NIFTY,2026-09-22,25700.0,CE,0.0,0.0,0.0,85.85,88.35,0,0.0,0,0,2026-08-20
NIFTY,2026-09-22,25800.0,CE,0.0,0.0,0.0,73.8,75.68,0,0.0,0,0,2026-08-20
NIFTY,2026-09-22,25900.0,CE,10.8,10.8,5.25,6.95,6.95,174,293006528.75,5200,1430,2026-08-20
NIFTY,2026-09-29,21900.0,CE,0.0,0.0,0.0,2350.0,2498.84,0,0.0,130,0,2026-08-20
NIFTY,2026-09-29,22500.0,CE,1833.45,1955.0,1833.4,1908.25,1908.25,492,780048818.25,345085,10595,2026-08-20
NIFTY,2026-09-29,22950.0,CE,0.0,0.0,0.0,1416.7,1527.3,0,0.0,325,0,2026-08-20
NIFTY,2026-09-29,23950.0,CE,570.0,619.95,570.0,599.95,599.95,35,55825932.5,4875,-455,2026-08-20
NIFTY,2026-09-29,24200.0,CE,400.0,458.4,395.6,423.75,423.75,19260,30818198963.5,951405,355745,2026-08-20
NIFTY,2026-09-29,25350.0,CE,36.95,38.05,29.85,31.95,31.95,986,1626778588.5,47060,19695,2026-08-20
NIFTY,2026-09-29,26250.0,CE,0.0,0.0,0.0,198.4,56.46,0,0.0,0,0,2026-08-20
NIFTY,2026-09-29,26350.0,CE,0.0,0.0,0.0,182.8,48.53,0,0.0,0,0,2026-08-20
NIFTY,2026-09-29,26550.0,CE,0.0,0.0,0.0,154.75,35.5,0,0.0,0,0,2026-08-20
NIFTY,2026-09-29,27200.0,CE,5.45,5.45,2.1,2.9,2.9,4039,7141739949.5,46800,16900,2026-08-20
NIFTY,2026-09-29,34500.0,CE,1.0,1.0,0.65,0.65,0.0,3,6727656.0,10205,-130,2026-08-20
NIFTY,2026-10-27,22300.0,CE,0.0,0.0,0.0,2165.6,2269.01,0,0.0,0,0,2026-08-20
NIFTY,2026-10-27,22400.0,CE,0.0,0.0,0.0,2083.15,2180.12,0,0.0,0,0,2026-08-20
NIFTY,2026-10-27,22600.0,CE,0.0,0.0,0.0,1922.3,2005.84,0,0.0,0,0,2026-08-20
NIFTY,2026-10-27,22700.0,CE,0.0,0.0,0.0,1844.0,1920.62,0,0.0,0,0,2026-08-20
NIFTY,2026-10-27,22850.0,CE,0.0,0.0,0.0,1729.4,1795.43,0,0.0,0,0,2026-08-20
NIFTY,2026-10-27,24000.0,CE,714.95,781.0,709.55,743.0,743.0,1639,2635759288.5,222755,18395,2026-08-20
NIFTY,2026-10-27,24400.0,CE,450.0,510.1,450.0,485.6,485.6,501,810265595.75,33150,-3055,2026-08-20
NIFTY,2026-10-27,24450.0,CE,444.1,470.45,444.1,453.9,453.9,7,11333130.25,3185,65,2026-08-20
NIFTY,2026-10-27,24900.0,CE,234.3,260.0,231.0,242.9,242.9,510,833431036.75,37050,4225,2026-08-20
NIFTY,2026-10-27,25700.0,CE,60.5,62.55,56.0,60.35,60.35,1974,3305055487.5,139100,28405,2026-08-20
NIFTY,2026-10-27,25900.0,CE,0.0,0.0,0.0,277.95,222.91,0,0.0,0,0,2026-08-20
NIFTY,2026-10-27,27050.0,CE,0.0,0.0,0.0,106.0,68.25,0,0.0,0,0,2026-08-20
NIFTY,2026-10-27,27150.0,CE,0.0,0.0,0.0,96.75,60.92,0,0.0,0,0,2026-08-20
NIFTY,2026-12-29,24000.0,CE,1100.0,1170.0,1100.0,1130.25,1130.25,1383,2258792679.0,1197320,-1690,2026-08-20
NIFTY,2026-12-29,30000.0,CE,12.2,12.85,11.15,11.3,11.3,884,1724479035.5,787600,9815,2026-08-20
NIFTY,2027-06-29,18000.0,CE,0.0,0.0,0.0,4066.45,7223.81,0,0.0,0,0,2026-08-20
NIFTY,2028-12-26,19500.0,CE,0.0,0.0,0.0,9716.4,7668.71,0,0.0,0,0,2026-08-20
NIFTY,2028-12-26,33000.0,CE,0.0,0.0,0.0,2477.5,1074.45,0,0.0,0,0,2026-08-20
NIFTY,2029-06-26,24000.0,CE,0.0,0.0,0.0,8085.35,5165.59,0,0.0,0,0,2026-08-20
NIFTY,2029-12-24,27000.0,CE,0.0,0.0,0.0,6201.65,4185.88,0,0.0,0,0,2026-08-20
NIFTY,2030-12-31,33000.0,CE,0.0,0.0,0.0,3948.25,3050.47,0,0.0,0,0,2026-08-20
NIFTY,2026-08-25,21250.0,PE,0.95,1.25,0.6,0.8,0.8,4820,6657866562.75,100685,21775,2026-08-20
NIFTY,2026-08-25,23300.0,PE,3.85,4.1,2.0,2.5,2.5,410347,621548422277.25,3048435,1096875,2026-08-20
NIFTY,2026-08-25,23900.0,PE,25.0,25.0,9.4,10.45,10.45,559906,870242706697.0,6736015,2924415,2026-08-20
NIFTY,2026-08-25,23950.0,PE,25.3,25.35,12.45,13.75,13.75,359166,559487505541.25,3159585,1433900,2026-08-20
NIFTY,2026-08-25,24100.0,PE,59.0,59.0,26.75,32.3,32.3,955764,1499441886543.25,7622420,778960,2026-08-20
NIFTY,2026-08-25,24650.0,PE,417.75,420.95,310.0,361.4,361.4,5434,8835666976.5,181870,-16445,2026-08-20
NIFTY,2026-08-25,25650.0,PE,0.0,0.0,0.0,1500.0,1397.1,0,0.0,715,0,2026-08-20
NIFTY,2026-08-25,25900.0,PE,0.0,0.0,0.0,1520.0,1646.69,0,0.0,4355,0,2026-08-20
NIFTY,2026-08-25,26300.0,PE,2053.25,2053.25,1970.0,2011.6,2011.6,930,1711035537.25,395200,-52715,2026-08-20
NIFTY,2026-08-25,26800.0,PE,0.0,0.0,0.0,2250.0,2545.91,0,0.0,130,0,2026-08-20
NIFTY,2026-09-01,22300.0,PE,4.15,4.7,3.35,3.55,3.55,971,1407713814.0,58630,17290,2026-08-20
NIFTY,2026-09-01,22900.0,PE,5.4,5.95,4.4,4.9,4.9,4937,7350358424.5,110500,24960,2026-08-20
NIFTY,2026-09-01,23150.0,PE,6.05,7.3,5.65,6.0,6.0,1135,1708365044.75,42185,19240,2026-08-20
NIFTY,2026-09-01,23650.0,PE,31.0,31.0,14.3,16.4,16.4,6217,9563898574.75,131755,74620,2026-08-20
NIFTY,2026-09-01,24600.0,PE,384.1,386.95,295.85,335.65,335.65,4479,7263336102.75,177710,109200,2026-08-20
NIFTY,2026-09-01,26050.0,PE,0.0,0.0,0.0,1766.25,1768.51,0,0.0,0,0,2026-08-20
NIFTY,2026-09-08,22600.0,PE,6.8,7.75,5.8,6.25,6.25,466,684753095.0,10855,3055,2026-08-20
NIFTY,2026-09-08,22800.0,PE,7.5,9.05,6.75,7.15,7.15,500,741253867.25,31980,9685,2026-08-20
NIFTY,2026-09-08,23000.0,PE,11.4,12.1,8.5,8.75,8.75,5373,8036022228.0,153270,-31525,2026-08-20
NIFTY,2026-09-08,23750.0,PE,0.0,0.0,0.0,150.75,145.35,0,0.0,0,0,2026-08-20
NIFTY,2026-09-08,24100.0,PE,167.0,167.0,95.8,110.4,110.4,8376,13180431069.0,305305,253695,2026-08-20
NIFTY,2026-09-08,24200.0,PE,170.25,171.3,124.4,141.85,141.85,7291,11537387511.0,249600,105625,2026-08-20
NIFTY,2026-09-08,24850.0,PE,0.0,0.0,0.0,557.75,696.51,0,0.0,0,0,2026-08-20
NIFTY,2026-09-08,25550.0,PE,0.0,0.0,0.0,1003.8,1277.01,0,0.0,0,0,2026-08-20
NIFTY,2026-09-08,25850.0,PE,0.0,0.0,0.0,1234.05,1556.18,0,0.0,0,0,2026-08-20
NIFTY,2026-09-08,26000.0,PE,0.0,0.0,0.0,1806.0,1699.59,0,0.0,65,0,2026-08-20
NIFTY,2026-09-15,22950.0,PE,16.3,16.65,12.1,13.2,13.2,35,52242619.0,3640,-130,2026-08-20
NIFTY,2026-09-15,23450.0,PE,0.0,0.0,0.0,114.05,114.46,0,0.0,0,0,2026-08-20
NIFTY,2026-09-15,24750.0,PE,0.0,0.0,0.0,610.3,662.66,0,0.0,260,0,2026-08-20
NIFTY,2026-09-15,24800.0,PE,0.0,0.0,0.0,601.05,695.85,0,0.0,0,0,2026-08-20
NIFTY,2026-09-22,23100.0,PE,0.0,0.0,0.0,101.35,81.06,0,0.0,0,0,2026-08-20
NIFTY,2026-09-01,23550.0,PE,15.65,15.7,10.75,12.4,12.4,4144,6346838982.25,63635,4420,2026-08-20
NIFTY,2026-09-01,24250.0,PE,162.0,162.0,109.0,127.2,127.2,26429,41880896469.75,233740,124150,2026-08-20
NIFTY,2026-09-01,25700.0,PE,0.0,0.0,0.0,1213.95,1424.87,0,0.0,130,0,2026-08-20
NIFTY,2026-09-01,25850.0,PE,0.0,0.0,0.0,1593.2,1571.36,0,0.0,0,0,2026-08-20
NIFTY,2026-09-01,26450.0,PE,0.0,0.0,0.0,2127.0,2165.93,0,0.0,0,0,2026-08-20
NIFTY,2026-09-01,26500.0,PE,0.0,0.0,0.0,2173.2,2215.75,0,0.0,0,0,2026-08-20
NIFTY,2026-09-01,27200.0,PE,0.0,0.0,0.0,2838.15,2914.02,0,0.0,0,0,2026-08-20
NIFTY,2026-09-08,22350.0,PE,5.4,6.4,4.8,5.4,5.4,141,204888498.75,2795,2795,2026-08-20
NIFTY,2026-09-08,22750.0,PE,0.0,0.0,0.0,10.5,13.37,0,0.0,130,0,2026-08-20
NIFTY,2026-09-08,23250.0,PE,0.0,0.0,0.0,68.4,50.56,0,0.0,0,0,2026-08-20
NIFTY,2026-09-08,23600.0,PE,37.95,39.0,25.85,28.55,28.55,6975,10713220573.25,234325,221195,2026-08-20
NIFTY,2026-09-08,24000.0,PE,105.0,109.6,73.8,83.05,83.05,9365,14661155531.75,351845,186225,2026-08-20
NIFTY,2026-09-08,24250.0,PE,194.85,194.9,142.05,160.8,160.8,1445,2292869540.0,39845,29055,2026-08-20
NIFTY,2026-09-08,24350.0,PE,258.2,258.2,181.7,206.15,206.15,534,852490255.5,11375,2990,2026-08-20
NIFTY,2026-09-08,25600.0,PE,0.0,0.0,0.0,1041.75,1322.66,0,0.0,0,0,2026-08-20
NIFTY,2026-09-08,25750.0,PE,0.0,0.0,0.0,1155.15,1461.83,0,0.0,0,0,2026-08-20
NIFTY,2026-09-15,22400.0,PE,9.25,9.25,6.85,7.05,7.05,58,84476756.0,4485,2600,2026-08-20
NIFTY,2026-09-15,23300.0,PE,0.0,0.0,0.0,89.65,87.0,0,0.0,0,0,2026-08-20
NIFTY,2026-09-15,24400.0,PE,265.9,270.3,223.1,248.2,248.2,180,288361781.5,10855,3770,2026-08-20
NIFTY,2026-09-15,25300.0,PE,0.0,0.0,0.0,920.35,1069.89,0,0.0,0,0,2026-08-20
NIFTY,2026-09-22,22750.0,PE,0.0,0.0,0.0,55.05,42.14,0,0.0,0,0,2026-08-20
NIFTY,2026-09-22,23600.0,PE,0.0,0.0,0.0,213.7,181.13,0,0.0,0,0,2026-08-20
NIFTY,2026-09-22,23800.0,PE,0.0,0.0,0.0,305.45,238.23,0,0.0,65,0,2026-08-20
NIFTY,2026-09-22,23850.0,PE,0.0,0.0,0.0,295.55,254.63,0,0.0,0,0,2026-08-20
NIFTY,2026-09-29,19500.0,PE,7.7,8.0,6.2,6.55,6.55,1017,1289486978.0,894335,-130,2026-08-20
NIFTY,2026-09-29,21750.0,PE,0.0,0.0,0.0,13.75,7.46,0,0.0,4875,0,2026-08-20
NIFTY,2026-09-29,24200.0,PE,269.9,269.9,196.85,218.75,218.75,26816,42567854732.0,1444755,584415,2026-08-20
NIFTY,2026-09-29,24300.0,PE,314.9,314.9,230.1,256.35,256.35,36914,58933844931.0,2104895,985075,2026-08-20
NIFTY,2026-09-29,24500.0,PE,360.2,384.1,314.3,348.55,348.55,41548,67121532764.0,3086070,595205,2026-08-20
NIFTY,2026-09-29,24650.0,PE,456.85,456.85,402.0,417.0,655.92,46,74987734.25,11700,-130,2026-08-20
NIFTY,2026-09-29,25200.0,PE,870.25,874.0,790.3,835.6,835.6,175,296183407.0,40560,3250,2026-08-20
NIFTY,2026-09-29,25400.0,PE,1021.8,1033.3,974.8,1015.4,1015.4,32,54944110.0,9880,1300,2026-08-20
NIFTY,2026-09-29,25450.0,PE,0.0,0.0,0.0,966.65,1205.38,0,0.0,715,0,2026-08-20
NIFTY,2026-09-29,25950.0,PE,0.0,0.0,0.0,1299.0,1620.07,0,0.0,65,0,2026-08-20
NIFTY,2026-10-27,23400.0,PE,0.0,0.0,0.0,403.8,253.42,0,0.0,0,0,2026-08-20
NIFTY,2026-10-27,23600.0,PE,137.3,141.5,121.15,131.55,131.55,354,546054353.0,40040,650,2026-08-20
NIFTY,2026-10-27,23650.0,PE,0.0,0.0,0.0,491.35,323.69,0,0.0,0,0,2026-08-20
NIFTY,2026-10-27,24200.0,PE,298.5,298.55,260.1,281.95,281.95,678,1078888356.0,61555,5720,2026-08-20
NIFTY,2026-10-27,24650.0,PE,460.0,460.0,460.0,460.0,745.62,1,1632150.0,2470,-65,2026-08-20
NIFTY,2026-10-27,24700.0,PE,504.0,512.85,456.05,492.95,492.95,792,1296617565.75,57070,28925,2026-08-20
NIFTY,2026-10-27,24950.0,PE,0.0,0.0,0.0,789.0,916.21,0,0.0,4030,0,2026-08-20
NIFTY,2026-10-27,26550.0,PE,0.0,0.0,0.0,2330.1,2114.02,0,0.0,0,0,2026-08-20
NIFTY,2026-10-27,26850.0,PE,0.0,0.0,0.0,2588.1,2378.21,0,0.0,0,0,2026-08-20
NIFTY,2026-10-27,27150.0,PE,0.0,0.0,0.0,2853.65,2650.28,0,0.0,0,0,2026-08-20
NIFTY,2026-10-27,27200.0,PE,0.0,0.0,0.0,2898.55,2696.27,0,0.0,0,0,2026-08-20
NIFTY,2026-12-29,23000.0,PE,158.0,158.35,140.0,145.3,145.3,7181,10803711932.0,2574870,35150,2026-08-20
NIFTY,2026-12-29,30000.0,PE,5033.3,5033.3,4942.0,4983.0,4983.0,60,136472443.25,379930,-245,2026-08-20
NIFTY,2027-03-30,24000.0,PE,425.7,434.35,406.6,423.5,423.5,2101,3335118153.25,808665,4290,2026-08-20
NIFTY,2027-06-29,22500.0,PE,0.0,0.0,0.0,236.45,371.84,0,0.0,845,0,2026-08-20
NIFTY,2027-12-28,25000.0,PE,984.0,984.0,938.4,949.35,949.35,49,82659941.0,75825,1105,2026-08-20
NIFTY,2027-12-28,26000.0,PE,1309.0,1309.55,1263.15,1295.2,1295.2,77,136581987.75,60250,2860,2026-08-20
NIFTY,2028-06-27,33000.0,PE,0.0,0.0,0.0,3707.8,5659.01,0,0.0,0,0,2026-08-20
NIFTY,2028-12-26,23000.0,PE,0.0,0.0,0.0,627.95,633.43,0,0.0,1610,0,2026-08-20
NIFTY,2028-12-26,26000.0,PE,0.0,0.0,0.0,1220.1,1479.14,0,0.0,6810,0,2026-08-20
NIFTY,2029-06-26,25500.0,PE,0.0,0.0,0.0,624.25,1249.92,0,0.0,0,0,2026-08-20
NIFTY,2029-06-26,27000.0,PE,0.0,0.0,0.0,1252.35,1750.65,0,0.0,0,0,2026-08-20
NIFTY,2029-06-26,30000.0,PE,0.0,0.0,0.0,2031.05,3043.25,0,0.0,0,0,2026-08-20
NIFTY,2029-12-24,24000.0,PE,0.0,0.0,0.0,810.0,825.55,0,0.0,390,0,2026-08-20
NIFTY,2029-12-24,33000.0,PE,0.0,0.0,0.0,2953.7,4291.98,0,0.0,0,0,2026-08-20
NIFTY,2030-06-25,28500.0,PE,0.0,0.0,0.0,1167.6,2033.22,0,0.0,0,0,2026-08-20
NIFTY,2030-12-31,24000.0,PE,0.0,0.0,0.0,1000.0,761.87,0,0.0,520,0,2026-08-20
NIFTY,2031-06-24,19500.0,PE,0.0,0.0,0.0,289.2,201.91,0,0.0,0,0,2026-08-20
NIFTY,2026-08-25,24400.0,PE,219.0,219.0,121.8,153.0,153.0,488421,779689305508.75,3160365,17550,2026-08-20
NIFTY,2026-08-25,23150.0,PE,3.3,3.6,1.85,2.5,2.5,139674,210197631579.0,1492985,1171495,2026-08-20
NIFTY,2026-08-25,23050.0,PE,3.3,3.4,1.7,2.1,2.1,81593,122259499833.25,298805,-61165,2026-08-20
NIFTY,2026-08-25,22250.0,PE,2.5,2.5,1.2,1.4,1.4,17573,25416773447.0,239070,78520,2026-08-20
NIFTY,2026-08-25,21850.0,PE,1.25,1.95,0.8,1.0,1.0,1777,2523925940.25,40040,23270,2026-08-20
NIFTY,2031-06-24,25500.0,CE,0.0,0.0,0.0,6409.8,6673.68,0,0.0,0,0,2026-08-20
NIFTY,2031-06-24,19500.0,CE,0.0,0.0,0.0,9840.6,10230.83,0,0.0,0,0,2026-08-20
NIFTY,2030-06-25,27000.0,CE,0.0,0.0,0.0,6972.5,4784.2,0,0.0,0,0,2026-08-20
NIFTY,2029-06-26,16500.0,CE,0.0,0.0,0.0,12587.95,10575.15,0,0.0,0,0,2026-08-20
NIFTY,2028-06-27,33000.0,CE,0.0,0.0,0.0,2004.15,660.61,0,0.0,0,0,2026-08-20
NIFTY,2027-12-28,27000.0,CE,1176.0,1176.0,1140.0,1147.7,1147.7,76,139084988.25,43250,2275,2026-08-20
NIFTY,2027-12-28,19500.0,CE,0.0,0.0,0.0,8684.7,6477.81,0,0.0,0,0,2026-08-20
NIFTY,2027-06-29,22500.0,CE,0.0,0.0,0.0,5539.6,3330.82,0,0.0,0,0,2026-08-20
NIFTY,2027-03-30,25500.0,CE,708.0,730.0,703.95,711.05,711.05,1103,1879436653.25,506415,14430,2026-08-20
NIFTY,2026-12-29,33000.0,CE,4.7,4.95,4.35,4.55,4.55,57,122282680.0,107250,1365,2026-08-20
NIFTY,2026-10-27,26900.0,CE,12.6,12.6,9.0,10.8,80.67,122,213402000.5,4485,65,2026-08-20
NIFTY,2026-10-27,26400.0,CE,0.0,0.0,0.0,186.25,136.99,0,0.0,0,0,2026-08-20
NIFTY,2026-10-27,24700.0,CE,322.4,349.8,313.4,326.75,326.75,487,792254060.0,67080,7345,2026-08-20
NIFTY,2026-10-27,24300.0,CE,526.95,568.0,524.55,545.0,545.0,544,878280055.25,26325,-12415,2026-08-20
NIFTY,2026-10-27,24150.0,CE,0.0,0.0,0.0,779.95,880.82,0,0.0,65,0,2026-08-20
NIFTY,2026-10-27,23550.0,CE,0.0,0.0,0.0,1244.0,1260.64,0,0.0,0,0,2026-08-20
NIFTY,2026-09-29,31500.0,CE,1.5,1.5,1.5,1.5,0.0,4,8190390.0,15145,0,2026-08-20
NIFTY,2026-09-29,28500.0,CE,1.7,1.7,1.25,1.4,1.4,1998,3701473808.5,558935,-7735,2026-08-20
NIFTY,2026-09-29,26650.0,CE,5.0,5.7,4.2,4.2,30.22,64,110883893.25,1235,455,2026-08-20
NIFTY,2026-09-29,26500.0,CE,6.8,7.3,4.55,5.25,5.25,5386,9279306036.0,300040,3185,2026-08-20
NIFTY,2026-09-29,25400.0,CE,29.1,34.2,26.15,28.95,28.95,5198,8591537945.25,323570,10465,2026-08-20
NIFTY,2026-09-29,24950.0,CE,95.0,104.65,85.8,93.5,93.5,1003,1632736387.75,67080,10465,2026-08-20
NIFTY,2026-09-29,23850.0,CE,644.45,707.45,644.4,681.8,839.79,19,30270756.75,2990,130,2026-08-20
NIFTY,2026-09-29,22600.0,CE,0.0,0.0,0.0,1785.85,1837.76,0,0.0,260,0,2026-08-20
NIFTY,2026-09-22,24350.0,CE,0.0,0.0,0.0,463.5,488.04,0,0.0,0,0,2026-08-20
NIFTY,2026-09-22,23550.0,CE,0.0,0.0,0.0,940.65,988.22,0,0.0,0,0,2026-08-20
NIFTY,2026-09-22,22700.0,CE,0.0,0.0,0.0,1636.35,1703.79,0,0.0,0,0,2026-08-20
NIFTY,2026-09-22,22550.0,CE,0.0,0.0,0.0,1772.85,1842.7,0,0.0,0,0,2026-08-20
NIFTY,2026-09-15,25500.0,CE,0.0,0.0,0.0,187.75,79.12,0,0.0,0,0,2026-08-20
NIFTY,2026-09-15,25450.0,CE,0.0,0.0,0.0,199.7,86.22,0,0.0,0,0,2026-08-20
NIFTY,2026-09-15,24800.0,CE,0.0,0.0,0.0,416.45,234.52,0,0.0,0,0,2026-08-20
NIFTY,2026-09-15,24150.0,CE,355.0,401.5,343.4,362.1,362.1,70,111547065.5,5005,-1430,2026-08-20
NIFTY,2026-09-15,23300.0,CE,0.0,0.0,0.0,1396.35,1119.21,0,0.0,0,0,2026-08-20
NIFTY,2026-09-15,22850.0,CE,0.0,0.0,0.0,1794.25,1514.56,0,0.0,0,0,2026-08-20
NIFTY,2026-09-15,22750.0,CE,0.0,0.0,0.0,1886.5,1607.07,0,0.0,0,0,2026-08-20
NIFTY,2026-09-15,22400.0,CE,0.0,0.0,0.0,2217.25,1939.64,0,0.0,0,0,2026-08-20
NIFTY,2026-09-08,24300.0,CE,189.0,252.7,189.0,216.95,216.95,7610,12128852440.25,228410,87360,2026-08-20
NIFTY,2026-09-08,24150.0,CE,302.2,353.2,291.65,310.45,310.45,864,1373586243.25,38025,29900,2026-08-20
NIFTY,2026-09-08,23750.0,CE,605.45,613.85,598.9,613.85,702.0,3,4749433.0,455,0,2026-08-20
NIFTY,2026-09-08,23550.0,CE,0.0,0.0,0.0,1313.5,854.27,0,0.0,0,0,2026-08-20
NIFTY,2026-09-08,23300.0,CE,0.0,0.0,0.0,1524.85,1062.09,0,0.0,0,0,2026-08-20
NIFTY,2026-09-08,22850.0,CE,0.0,0.0,0.0,1930.45,1471.68,0,0.0,0,0,2026-08-20
NIFTY,2026-09-08,22600.0,CE,0.0,0.0,0.0,2165.9,1711.48,0,0.0,0,0,2026-08-20
NIFTY,2026-09-01,26600.0,CE,1.2,1.2,0.1,0.95,0.95,14,24206705.25,6045,260,2026-08-20
NIFTY,2026-09-01,25150.0,CE,4.6,9.0,3.9,4.25,4.25,2238,3659262945.0,46605,6110,2026-08-20
NIFTY,2026-09-01,23800.0,CE,500.0,581.9,401.6,536.5,536.5,1750,2768001021.5,52845,-12350,2026-08-20
NIFTY,2026-09-01,23650.0,CE,639.15,708.95,638.1,708.95,702.13,6,9478576.25,325,-195,2026-08-20
NIFTY,2026-09-01,23200.0,CE,1118.05,1147.0,1108.45,1108.45,1108.45,181,286334161.75,10205,9945,2026-08-20
NIFTY,2026-09-01,22850.0,CE,0.0,0.0,0.0,1586.45,1432.58,0,0.0,0,0,2026-08-20
NIFTY,2026-09-01,22600.0,CE,0.0,0.0,0.0,1805.15,1678.63,0,0.0,0,0,2026-08-20
NIFTY,2026-08-25,25350.0,CE,1.75,1.8,0.65,0.7,0.7,28671,47244473880.5,632775,-10010,2026-08-20
NIFTY,2026-08-25,23150.0,CE,1100.05,1128.3,1090.0,1118.9,1102.2,14,22074835.25,585,-195,2026-08-20
NIFTY,2026-08-25,22900.0,CE,1370.0,1370.0,1367.0,1367.0,1351.03,7,11042655.0,4875,-65,2026-08-20
NIFTY,2026-08-25,22600.0,CE,1684.05,1700.0,1659.55,1684.25,1684.25,110,173584060.0,2990,-5005,2026-08-20
NIFTY,2026-08-25,21750.0,CE,0.0,0.0,0.0,2581.2,2499.9,0,0.0,0,0,2026-08-20
NIFTY,2026-08-25,21350.0,CE,0.0,0.0,0.0,2938.85,2899.57,0,0.0,0,0,2026-08-20
NIFTY,2026-08-25,24600.0,PE,382.4,385.45,264.25,314.85,314.85,42743,69240879877.0,949715,-236600,2026-08-20
NIFTY,2026-08-25,27000.0,PE,2735.0,2742.55,2715.0,2715.0,2715.0,9,17392336.0,42055,-455,2026-08-20
NIFTY,2026-08-25,27150.0,PE,0.0,0.0,0.0,2936.7,2895.62,0,0.0,0,0,2026-08-20
NIFTY,2026-09-01,22450.0,PE,4.35,4.65,2.65,3.75,3.75,201,293360431.0,12675,2795,2026-08-20
NIFTY,2026-09-08,23000.0,CE,0.0,0.0,0.0,1792.25,1331.26,0,0.0,0,0,2026-08-20
NIFTY,2026-09-08,23350.0,CE,0.0,0.0,0.0,1481.65,1019.15,0,0.0,0,0,2026-08-20
NIFTY,2026-09-08,23500.0,CE,831.95,883.0,830.45,846.1,846.1,28,44341102.0,1430,650,2026-08-20
NIFTY,2026-09-08,24250.0,CE,230.0,284.05,230.0,245.7,245.7,1714,2729727487.5,45695,17485,2026-08-20
NIFTY,2026-09-08,24350.0,CE,190.65,223.0,178.75,190.15,190.15,676,1078411909.25,36270,9490,2026-08-20
NIFTY,2026-09-15,23850.0,CE,0.0,0.0,0.0,963.95,704.12,0,0.0,0,0,2026-08-20
NIFTY,2026-09-15,24200.0,CE,269.1,366.85,269.1,327.65,327.65,983,1567263142.25,36465,-195,2026-08-20
NIFTY,2026-09-15,24250.0,CE,294.3,335.8,284.75,298.65,298.65,219,349569746.5,7280,2015,2026-08-20
NIFTY,2026-09-15,24450.0,CE,170.0,210.2,170.0,186.65,186.65,64,102502208.25,4225,-325,2026-08-20
NIFTY,2026-09-15,24750.0,CE,0.0,0.0,0.0,438.3,251.12,0,0.0,0,0,2026-08-20
NIFTY,2026-09-15,24950.0,CE,0.0,0.0,0.0,355.5,189.62,0,0.0,0,0,2026-08-20
NIFTY,2026-09-15,25350.0,CE,0.0,0.0,0.0,224.65,102.0,0,0.0,0,0,2026-08-20
NIFTY,2026-09-22,23050.0,CE,0.0,0.0,0.0,1331.55,1391.94,0,0.0,0,0,2026-08-20
NIFTY,2026-09-22,23350.0,CE,0.0,0.0,0.0,1089.75,1142.69,0,0.0,0,0,2026-08-20
NIFTY,2026-09-22,23400.0,CE,0.0,0.0,0.0,1051.55,1103.12,0,0.0,0,0,2026-08-20
NIFTY,2026-09-22,23450.0,CE,0.0,0.0,0.0,1013.95,1064.18,0,0.0,0,0,2026-08-20
NIFTY,2026-09-22,24200.0,CE,370.0,409.3,361.45,376.45,376.45,55,87865378.25,1950,1885,2026-08-20
NIFTY,2026-09-22,24650.0,CE,0.0,0.0,0.0,336.8,354.07,0,0.0,0,0,2026-08-20
NIFTY,2026-09-29,23900.0,CE,609.7,674.7,596.3,633.1,633.1,335,533980489.25,42705,3185,2026-08-20
NIFTY,2026-09-29,24000.0,CE,528.0,599.65,522.35,560.5,560.5,15555,24825991336.25,1864785,-49790,2026-08-20
NIFTY,2026-09-29,24100.0,CE,462.95,526.95,458.55,488.85,488.85,4219,6741823894.0,257855,-29315,2026-08-20
NIFTY,2026-09-29,24850.0,CE,120.5,128.75,110.15,119.05,119.05,899,1458974097.75,55770,5135,2026-08-20
NIFTY,2026-09-29,25650.0,CE,18.0,18.0,14.55,16.7,16.7,287,478800208.25,18915,260,2026-08-20
NIFTY,2026-09-29,26700.0,CE,6.0,6.0,3.95,4.3,4.3,87,151013193.5,1430,455,2026-08-20
NIFTY,2026-09-29,26900.0,CE,4.05,4.05,2.95,3.8,3.8,108,188861760.75,2015,780,2026-08-20
NIFTY,2026-10-27,22900.0,CE,0.0,0.0,0.0,1691.95,1754.45,0,0.0,0,0,2026-08-20
NIFTY,2026-10-27,23300.0,CE,0.0,0.0,0.0,1407.3,1441.53,0,0.0,0,0,2026-08-20
NIFTY,2026-10-27,24350.0,CE,0.0,0.0,0.0,444.65,772.08,0,0.0,520,0,2026-08-20
NIFTY,2026-10-27,26150.0,CE,0.0,0.0,0.0,228.35,175.68,0,0.0,0,0,2026-08-20
NIFTY,2026-10-27,26550.0,CE,0.0,0.0,0.0,164.25,117.39,0,0.0,0,0,2026-08-20
NIFTY,2026-10-27,26800.0,CE,0.0,0.0,0.0,132.4,89.99,0,0.0,0,0,2026-08-20
NIFTY,2026-10-27,26950.0,CE,0.0,0.0,0.0,115.95,76.33,0,0.0,0,0,2026-08-20
NIFTY,2026-12-29,23000.0,CE,1905.4,1963.9,1894.0,1916.9,1916.9,197,319163666.25,330735,-390,2026-08-20
NIFTY,2027-06-29,19000.0,CE,0.0,0.0,0.0,7800.0,6296.81,0,0.0,75,0,2026-08-20
NIFTY,2027-06-29,31500.0,CE,0.0,0.0,0.0,769.15,162.68,0,0.0,0,0,2026-08-20
NIFTY,2028-06-27,18000.0,CE,0.0,0.0,0.0,6809.35,8339.23,0,0.0,0,0,2026-08-20
NIFTY,2029-06-26,28500.0,CE,0.0,0.0,0.0,4213.3,2931.24,0,0.0,0,0,2026-08-20
NIFTY,2029-06-26,30000.0,CE,0.0,0.0,0.0,5268.4,2379.95,0,0.0,0,0,2026-08-20
NIFTY,2029-12-24,31500.0,CE,0.0,0.0,0.0,3429.3,2440.55,0,0.0,0,0,2026-08-20
NIFTY,2030-06-25,22500.0,CE,0.0,0.0,0.0,9012.4,7271.09,0,0.0,0,0,2026-08-20
NIFTY,2030-12-31,30000.0,CE,0.0,0.0,0.0,5227.2,4086.86,0,0.0,0,0,2026-08-20
NIFTY,2031-06-24,24000.0,CE,0.0,0.0,0.0,7181.9,7480.89,0,0.0,0,0,2026-08-20
NIFTY,2026-08-25,21500.0,PE,0.75,1.55,0.7,0.85,0.85,28274,39514611587.75,1625000,40235,2026-08-20
NIFTY,2026-08-25,21550.0,PE,1.35,2.2,0.6,0.85,0.85,1795,2514468632.0,27885,12870,2026-08-20
NIFTY,2026-08-25,22000.0,PE,1.25,2.15,0.8,1.05,1.05,161850,231457957883.75,4653090,1521195,2026-08-20
NIFTY,2026-08-25,22450.0,PE,2.1,2.55,1.3,1.5,1.5,20495,29909649321.5,280475,83070,2026-08-20
NIFTY,2026-08-25,22750.0,PE,2.7,2.75,1.4,1.8,1.8,36070,53342941203.5,309205,138255,2026-08-20
NIFTY,2026-08-25,23100.0,PE,2.7,3.45,1.75,2.2,2.2,198552,298157877033.25,1128465,-12805,2026-08-20
NIFTY,2026-08-25,23250.0,PE,2.25,3.9,1.95,2.45,2.45,201379,304370734268.25,738790,187525,2026-08-20
NIFTY,2026-08-25,23800.0,PE,13.25,13.25,5.9,6.65,6.65,636890,985583218746.75,8085480,2696005,2026-08-20
NIFTY,2026-08-25,25700.0,PE,1425.0,1425.0,1380.0,1380.0,1446.99,12,21138783.25,17485,-650,2026-08-20
NIFTY,2026-08-25,26400.0,PE,0.0,0.0,0.0,1670.0,2146.24,0,0.0,130,0,2026-08-20
NIFTY,2026-08-25,27100.0,PE,0.0,0.0,0.0,2800.0,2845.66,0,0.0,130,0,2026-08-20
NIFTY,2026-09-01,23950.0,PE,74.0,74.0,38.9,45.1,45.1,17309,26997316797.75,450450,304590,2026-08-20
NIFTY,2026-09-01,24650.0,PE,419.25,419.25,333.05,374.55,374.55,246,400297423.5,5200,-715,2026-08-20
NIFTY,2026-09-01,24950.0,PE,0.0,0.0,0.0,791.4,739.49,0,0.0,975,0,2026-08-20
NIFTY,2026-09-01,25250.0,PE,985.8,985.8,985.8,985.8,999.95,3,5115981.0,260,0,2026-08-20
NIFTY,2026-09-01,25400.0,PE,1105.0,1105.0,1105.0,1105.0,1138.25,1,1722825.0,325,65,2026-08-20
NIFTY,2026-09-01,26100.0,PE,0.0,0.0,0.0,1810.35,1818.02,0,0.0,0,0,2026-08-20
NIFTY,2026-09-01,26600.0,PE,0.0,0.0,0.0,2266.3,2315.43,0,0.0,0,0,2026-08-20
NIFTY,2026-09-08,23300.0,PE,37.3,37.3,12.95,13.85,13.85,2449,3711256701.75,65910,65910,2026-08-20
NIFTY,2026-09-08,24400.0,PE,259.1,263.0,202.95,231.5,231.5,2699,4321002195.25,125645,66755,2026-08-20
NIFTY,2026-09-08,24500.0,PE,328.0,328.05,255.0,292.15,292.15,6644,10703684231.5,354965,228735,2026-08-20
NIFTY,2026-09-08,25100.0,PE,0.0,0.0,0.0,701.05,888.77,0,0.0,0,0,2026-08-20
NIFTY,2026-09-08,25700.0,PE,0.0,0.0,0.0,1116.5,1415.1,0,0.0,0,0,2026-08-20
NIFTY,2026-09-08,26350.0,PE,0.0,0.0,0.0,1656.4,2040.32,0,0.0,0,0,2026-08-20
NIFTY,2026-09-15,23800.0,PE,94.0,94.0,61.55,65.6,65.6,1493,2315995097.0,67925,55185,2026-08-20
NIFTY,2026-09-15,23850.0,PE,0.0,0.0,0.0,204.05,219.54,0,0.0,0,0,2026-08-20
NIFTY,2026-09-15,24100.0,PE,150.35,156.35,119.85,137.05,137.05,324,510429903.75,11765,6890,2026-08-20
NIFTY,2026-09-15,25950.0,PE,0.0,0.0,0.0,1430.0,1640.77,0,0.0,0,0,2026-08-20
NIFTY,2026-09-22,23700.0,PE,0.0,0.0,0.0,244.2,207.69,0,0.0,0,0,2026-08-20
NIFTY,2026-09-22,24350.0,PE,0.0,0.0,0.0,517.75,462.63,0,0.0,0,0,2026-08-20
NIFTY,2026-09-22,24500.0,PE,360.1,364.15,312.3,329.15,329.15,41,66179834.5,2340,520,2026-08-20
NIFTY,2026-09-22,25000.0,PE,600.4,685.0,600.0,653.0,854.24,13,21662468.75,65,65,2026-08-20
NIFTY,2026-09-22,25100.0,PE,0.0,0.0,0.0,997.6,925.7,0,0.0,0,0,2026-08-20
NIFTY,2026-09-22,25300.0,PE,0.0,0.0,0.0,1150.25,1076.65,0,0.0,0,0,2026-08-20
NIFTY,2026-09-22,25600.0,PE,0.0,0.0,0.0,1396.5,1319.94,0,0.0,0,0,2026-08-20
NIFTY,2026-09-29,21850.0,PE,0.0,0.0,0.0,14.85,9.44,0,0.0,1430,0,2026-08-20
NIFTY,2026-09-29,22150.0,PE,18.1,18.15,14.3,14.45,18.34,20,28816128.25,22490,195,2026-08-20
NIFTY,2026-09-29,22800.0,PE,30.0,30.0,24.3,26.1,26.1,4786,7101240246.75,408395,34580,2026-08-20
NIFTY,2026-09-29,22950.0,PE,33.0,34.95,28.65,30.65,30.65,437,652773758.0,20410,3640,2026-08-20
NIFTY,2026-09-29,24700.0,PE,491.9,494.15,424.7,462.6,462.6,1303,2131582540.75,197145,15665,2026-08-20
NIFTY,2026-09-29,25800.0,PE,1388.05,1388.3,1388.05,1388.25,1388.25,9,15905110.0,1950,520,2026-08-20
NIFTY,2026-09-29,26650.0,PE,0.0,0.0,0.0,2517.6,2258.05,0,0.0,0,0,2026-08-20
NIFTY,2026-09-29,26800.0,PE,0.0,0.0,0.0,2648.0,2400.35,0,0.0,0,0,2026-08-20
NIFTY,2026-09-29,27100.0,PE,0.0,0.0,0.0,2914.15,2688.68,0,0.0,0,0,2026-08-20
NIFTY,2026-09-29,30000.0,PE,5544.0,5579.35,5485.0,5546.0,5546.0,20,46204252.25,147420,0,2026-08-20
NIFTY,2026-10-27,23200.0,PE,0.0,0.0,0.0,342.0,204.32,0,0.0,0,0,2026-08-20
NIFTY,2026-10-27,23700.0,PE,155.9,160.15,136.0,150.3,150.3,1192,1847853943.0,186615,33280,2026-08-20
NIFTY,2026-10-27,24450.0,PE,370.25,380.75,370.25,371.75,643.19,32,51638151.5,2600,1040,2026-08-20
NIFTY,2026-10-27,25800.0,PE,0.0,0.0,0.0,1055.9,1500.15,0,0.0,390,0,2026-08-20
NIFTY,2026-10-27,26050.0,PE,0.0,0.0,0.0,1920.65,1696.16,0,0.0,0,0,2026-08-20
NIFTY,2026-12-29,25500.0,PE,1000.0,1000.05,927.1,966.9,966.9,433,744923637.25,378625,-3055,2026-08-20
NIFTY,2027-03-30,21000.0,PE,81.3,83.45,76.25,78.75,78.75,1061,1453706140.25,414765,22035,2026-08-20
NIFTY,2027-03-30,28500.0,PE,0.0,0.0,0.0,2937.15,3452.48,0,0.0,65,0,2026-08-20
NIFTY,2027-06-29,16500.0,PE,0.0,0.0,0.0,25.0,1.56,0,0.0,780,0,2026-08-20
NIFTY,2027-12-28,25500.0,PE,0.0,0.0,0.0,676.05,1392.01,0,0.0,0,0,2026-08-20
NIFTY,2028-06-27,22500.0,PE,0.0,0.0,0.0,206.95,511.71,0,0.0,0,0,2026-08-20
NIFTY,2028-06-27,31500.0,PE,0.0,0.0,0.0,2935.6,4594.0,0,0.0,0,0,2026-08-20
NIFTY,2028-12-26,19500.0,PE,0.0,0.0,0.0,49.0,155.1,0,0.0,0,0,2026-08-20
NIFTY,2030-12-31,22500.0,PE,0.0,0.0,0.0,219.35,517.97,0,0.0,0,0,2026-08-20
NIFTY,2030-12-31,28500.0,PE,0.0,0.0,0.0,1083.1,1889.24,0,0.0,0,0,2026-08-20
NIFTY,2030-12-31,31500.0,PE,0.0,0.0,0.0,1885.5,2979.65,0,0.0,0,0,2026-08-20
NIFTY,2031-06-24,22500.0,PE,0.0,0.0,0.0,663.6,502.47,0,0.0,0,0,2026-08-20
NIFTY,2031-06-24,33000.0,PE,0.0,0.0,0.0,3810.15,3351.77,0,0.0,0,0,2026-08-20
NIFTY,2026-09-01,27050.0,CE,0.0,0.0,0.0,1.75,0.02,0,0.0,1625,0,2026-08-20
NIFTY,2026-09-01,26900.0,CE,1.2,1.25,0.85,1.0,1.0,118,206331849.75,10790,4225,2026-08-20
NIFTY,2026-09-01,26350.0,CE,1.5,1.5,0.7,1.2,1.2,31,53097502.25,975,-325,2026-08-20
NIFTY,2026-09-01,25700.0,CE,2.3,2.6,1.1,1.8,1.8,3033,5066935701.75,163735,67015,2026-08-20
NIFTY,2026-09-01,25450.0,CE,2.45,2.8,2.05,2.45,2.45,348,575732816.75,11115,7215,2026-08-20
NIFTY,2026-09-01,25350.0,CE,4.0,4.0,1.65,2.65,2.65,1037,1708902195.0,45045,30160,2026-08-20
NIFTY,2026-09-01,24150.0,CE,201.25,298.7,197.0,254.15,254.15,10171,16129417027.75,101335,-72345,2026-08-20
NIFTY,2026-09-01,23450.0,CE,0.0,0.0,0.0,700.25,870.58,0,0.0,1040,0,2026-08-20
NIFTY,2026-08-25,26800.0,CE,0.9,1.0,0.35,0.55,0.55,3626,6316619312.25,104325,39000,2026-08-20
NIFTY,2026-08-25,26200.0,CE,0.8,1.0,0.4,0.45,0.45,5970,10167095006.25,341835,-85735,2026-08-20
NIFTY,2026-08-25,25450.0,CE,1.55,1.65,0.6,0.65,0.65,18644,30842913946.0,398515,96785,2026-08-20
NIFTY,2026-08-25,22950.0,CE,0.0,0.0,0.0,1580.55,1301.16,0,0.0,195,0,2026-08-20
NIFTY,2026-08-25,21900.0,CE,0.0,0.0,0.0,2340.0,2350.02,0,0.0,390,0,2026-08-20
NIFTY,2026-09-08,22400.0,CE,0.0,0.0,0.0,2357.75,1906.78,0,0.0,0,0,2026-08-20
NIFTY,2026-09-08,22750.0,CE,0.0,0.0,0.0,2023.95,1566.87,0,0.0,0,0,2026-08-20
NIFTY,2030-12-31,25500.0,PE,0.0,0.0,0.0,538.25,1070.46,0,0.0,0,0,2026-08-20
NIFTY,2030-06-25,24000.0,PE,0.0,0.0,0.0,698.15,796.05,0,0.0,0,0,2026-08-20
NIFTY,2029-12-24,26000.0,PE,0.0,0.0,0.0,1798.95,1332.47,0,0.0,3730,0,2026-08-20
NIFTY,2029-12-24,23000.0,PE,0.0,0.0,0.0,725.0,626.51,0,0.0,1560,0,2026-08-20
NIFTY,2029-12-24,18000.0,PE,0.0,0.0,0.0,96.5,96.13,0,0.0,0,0,2026-08-20
NIFTY,2028-12-26,16500.0,PE,0.0,0.0,0.0,5.9,26.52,0,0.0,0,0,2026-08-20
NIFTY,2028-06-27,30000.0,PE,0.0,0.0,0.0,3779.25,3613.14,0,0.0,0,0,2026-08-20
NIFTY,2028-06-27,19500.0,PE,0.0,0.0,0.0,40.05,127.74,0,0.0,0,0,2026-08-20
NIFTY,2027-12-28,33000.0,PE,0.0,0.0,0.0,4155.55,6283.85,0,0.0,0,0,2026-08-20
NIFTY,2027-12-28,31500.0,PE,0.0,0.0,0.0,3240.0,5089.54,0,0.0,0,0,2026-08-20
NIFTY,2027-12-28,28500.0,PE,0.0,0.0,0.0,2979.7,2973.7,0,0.0,260,0,2026-08-20
NIFTY,2026-12-29,33000.0,PE,0.0,0.0,0.0,5263.45,8004.01,0,0.0,0,0,2026-08-20
NIFTY,2026-12-29,24000.0,PE,346.0,351.0,308.0,324.4,324.4,5316,8405543662.75,2351065,80925,2026-08-20
NIFTY,2026-12-29,16000.0,PE,13.7,14.0,12.7,13.6,13.6,54,56207602.75,114070,-910,2026-08-20
NIFTY,2026-12-29,15000.0,PE,11.1,12.1,10.2,11.0,0.0,23,22441903.25,117440,520,2026-08-20
NIFTY,2026-10-27,26950.0,PE,0.0,0.0,0.0,2675.85,2468.11,0,0.0,0,0,2026-08-20
NIFTY,2026-10-27,25500.0,PE,1065.95,1066.0,1002.0,1041.9,1041.9,270,465755680.0,162435,3900,2026-08-20
NIFTY,2026-10-27,25400.0,PE,0.0,0.0,0.0,1100.0,1207.94,0,0.0,910,0,2026-08-20
NIFTY,2026-10-27,25150.0,PE,0.0,0.0,0.0,639.15,1040.75,0,0.0,325,0,2026-08-20
NIFTY,2026-10-27,25100.0,PE,731.95,742.45,724.45,731.55,731.55,57,95705827.75,4160,2925,2026-08-20
NIFTY,2026-10-27,24900.0,PE,620.4,625.75,575.4,607.25,607.25,469,777597379.0,42965,10725,2026-08-20
NIFTY,2026-10-27,24600.0,PE,457.95,461.4,414.45,445.75,445.75,455,740838354.75,44135,3055,2026-08-20
NIFTY,2026-10-27,23000.0,PE,71.1,71.1,58.85,63.1,63.1,5745,8612857025.5,797875,-51805,2026-08-20
NIFTY,2026-10-27,22750.0,PE,0.0,0.0,0.0,228.35,121.17,0,0.0,0,0,2026-08-20
NIFTY,2026-10-27,22600.0,PE,44.15,44.15,38.7,42.05,42.05,192,282555575.25,11245,2990,2026-08-20
NIFTY,2026-09-29,26450.0,PE,0.0,0.0,0.0,2346.8,2070.83,0,0.0,0,0,2026-08-20
NIFTY,2026-09-29,25900.0,PE,1422.05,1526.15,1422.05,1471.25,1576.73,8,14229764.25,1170,390,2026-08-20
NIFTY,2026-09-29,25250.0,PE,0.0,0.0,0.0,1010.0,1052.93,0,0.0,390,0,2026-08-20
NIFTY,2026-09-29,24900.0,PE,625.05,632.65,555.3,591.9,591.9,125,207211173.0,58825,390,2026-08-20
NIFTY,2026-09-29,24150.0,PE,244.6,244.6,180.25,201.6,201.6,1022,1617779133.75,36335,2795,2026-08-20
NIFTY,2026-09-29,24050.0,PE,214.9,214.9,153.05,170.0,170.0,621,977828868.25,32045,1430,2026-08-20
NIFTY,2026-09-29,23450.0,PE,69.2,70.35,56.85,64.45,64.45,445,680119531.0,37765,-1495,2026-08-20
NIFTY,2026-09-29,23200.0,PE,51.0,51.0,39.15,43.95,43.95,14011,21168372741.75,556010,-23205,2026-08-20
NIFTY,2026-09-29,22750.0,PE,26.8,27.3,23.35,24.95,24.95,241,356764320.25,20995,6695,2026-08-20
NIFTY,2026-09-29,22350.0,PE,17.95,18.55,16.25,17.05,17.05,123,178827535.25,10985,2795,2026-08-20
NIFTY,2026-09-29,22100.0,PE,15.55,15.55,13.15,14.05,14.05,847,1217491551.25,55900,-30680,2026-08-20
NIFTY,2026-09-29,22050.0,PE,13.5,13.7,12.95,13.5,14.8,18,25813992.75,3510,-195,2026-08-20
NIFTY,2026-09-29,21650.0,PE,12.95,12.95,12.95,12.95,5.85,1,1408091.75,3185,65,2026-08-20
NIFTY,2026-09-29,16500.0,PE,1.0,1.3,0.8,0.8,0.0,64,68643659.5,134095,0,2026-08-20
NIFTY,2026-09-22,25800.0,PE,0.0,0.0,0.0,1569.65,1491.73,0,0.0,0,0,2026-08-20
NIFTY,2026-09-22,24900.0,PE,0.0,0.0,0.0,853.1,785.57,0,0.0,0,0,2026-08-20
NIFTY,2026-09-22,24750.0,PE,0.0,0.0,0.0,752.65,688.07,0,0.0,0,0,2026-08-20
NIFTY,2026-09-22,24700.0,PE,0.0,0.0,0.0,720.6,657.09,0,0.0,0,0,2026-08-20
NIFTY,2026-09-22,23250.0,PE,0.0,0.0,0.0,128.65,104.68,0,0.0,0,0,2026-08-20
NIFTY,2026-09-22,23150.0,PE,0.0,0.0,0.0,109.9,88.41,0,0.0,0,0,2026-08-20
NIFTY,2026-09-22,22900.0,PE,0.0,0.0,0.0,72.2,56.34,0,0.0,0,0,2026-08-20
NIFTY,2026-09-15,25550.0,PE,0.0,0.0,0.0,1105.5,1280.6,0,0.0,0,0,2026-08-20
NIFTY,2026-09-15,25400.0,PE,0.0,0.0,0.0,992.45,1152.58,0,0.0,0,0,2026-08-20
NIFTY,2026-09-15,25250.0,PE,0.0,0.0,0.0,885.25,1029.43,0,0.0,0,0,2026-08-20
NIFTY,2026-09-15,24850.0,PE,0.0,0.0,0.0,629.7,729.86,0,0.0,0,0,2026-08-20
NIFTY,2026-09-15,24650.0,PE,0.0,0.0,0.0,353.15,598.83,0,0.0,130,0,2026-08-20
NIFTY,2026-09-15,23750.0,PE,0.0,0.0,0.0,177.95,188.42,0,0.0,0,0,2026-08-20
NIFTY,2026-09-15,22650.0,PE,0.0,0.0,0.0,26.95,21.43,0,0.0,0,0,2026-08-20
NIFTY,2026-09-08,25400.0,PE,0.0,0.0,0.0,896.85,1142.68,0,0.0,0,0,2026-08-20
NIFTY,2026-09-08,24900.0,PE,0.0,0.0,0.0,745.35,733.27,0,0.0,1950,0,2026-08-20
NIFTY,2026-09-08,24750.0,PE,0.0,0.0,0.0,605.45,625.68,0,0.0,2145,0,2026-08-20
NIFTY,2026-09-08,24550.0,PE,346.35,354.9,294.2,318.4,318.4,102,164971222.0,3055,-1170,2026-08-20
NIFTY,2026-09-08,23800.0,PE,62.0,62.05,43.65,48.65,48.65,3753,5817946134.0,142155,72735,2026-08-20
NIFTY,2026-09-08,23400.0,PE,0.0,0.0,0.0,87.95,71.31,0,0.0,0,0,2026-08-20
NIFTY,2026-09-08,23350.0,PE,21.35,22.0,13.8,15.4,15.4,890,1351812328.75,35490,-650,2026-08-20
NIFTY,2026-09-08,22850.0,PE,9.0,9.25,7.0,7.55,7.55,107,158978066.0,5395,-195,2026-08-20
NIFTY,2026-09-01,27050.0,PE,0.0,0.0,0.0,2693.45,2764.34,0,0.0,0,0,2026-08-20
NIFTY,2026-09-01,26750.0,PE,0.0,0.0,0.0,2407.3,2465.02,0,0.0,0,0,2026-08-20
NIFTY,2026-09-01,26350.0,PE,0.0,0.0,0.0,2035.25,2066.36,0,0.0,0,0,2026-08-20
NIFTY,2026-09-01,25450.0,PE,1130.0,1130.0,1130.0,1130.0,1185.23,1,1727700.0,780,0,2026-08-20
NIFTY,2026-09-01,24550.0,PE,340.5,341.45,262.1,298.95,298.95,500,807807838.5,13520,3250,2026-08-20
NIFTY,2026-09-01,23850.0,PE,41.15,41.15,26.95,31.4,31.4,9466,14694769414.0,173225,81120,2026-08-20
NIFTY,2026-09-01,22650.0,PE,5.9,5.9,3.75,4.1,4.1,490,721544356.0,11050,65,2026-08-20
NIFTY,2026-09-01,22200.0,PE,5.3,5.35,2.95,3.4,3.4,9097,13129096795.75,253175,180310,2026-08-20
NIFTY,2026-08-25,27050.0,PE,0.0,0.0,0.0,2847.45,2795.7,0,0.0,0,0,2026-08-20
NIFTY,2026-08-25,26950.0,PE,0.0,0.0,0.0,2758.95,2695.79,0,0.0,0,0,2026-08-20
NIFTY,2026-08-25,26700.0,PE,0.0,0.0,0.0,2541.2,2445.99,0,0.0,0,0,2026-08-20
NIFTY,2026-08-25,26450.0,PE,0.0,0.0,0.0,2328.9,2196.2,0,0.0,0,0,2026-08-20
NIFTY,2026-08-25,26150.0,PE,0.0,0.0,0.0,2082.5,1896.46,0,0.0,0,0,2026-08-20
NIFTY,2026-08-25,25850.0,PE,0.0,0.0,0.0,1598.0,1596.75,0,0.0,845,0,2026-08-20
NIFTY,2026-08-25,25750.0,PE,0.0,0.0,0.0,1621.15,1496.9,0,0.0,260,0,2026-08-20
NIFTY,2026-08-25,25450.0,PE,1170.0,1170.0,1170.0,1170.0,1197.93,1,1730300.0,1040,-65,2026-08-20
NIFTY,2026-08-25,24850.0,PE,601.3,609.5,504.7,555.05,555.05,365,602418410.75,48945,-6110,2026-08-20
NIFTY,2026-08-25,24800.0,PE,575.0,576.25,451.75,509.05,509.05,6017,9900302847.5,473005,-96785,2026-08-20
NIFTY,2026-08-25,24700.0,PE,500.0,500.0,356.0,407.7,407.7,18590,30357717386.75,865865,-105885,2026-08-20
NIFTY,2026-08-25,24250.0,PE,116.9,116.9,58.65,74.2,74.2,1633659,2583392135636.0,4977505,3927495,2026-08-20
NIFTY,2026-08-25,23850.0,PE,17.0,17.0,7.2,8.15,8.15,299207,464025347067.75,3782155,2147990,2026-08-20
NIFTY,2026-08-25,23700.0,PE,9.45,9.45,3.95,4.55,4.55,599478,923703783509.0,6693960,-1504945,2026-08-20
NIFTY,2026-08-25,22900.0,PE,3.4,3.4,1.6,1.9,1.9,182779,272092673580.0,1904890,-174980,2026-08-20
NIFTY,2026-08-25,21900.0,PE,1.5,2.0,0.7,1.0,1.0,19280,27446551457.0,259545,198770,2026-08-20
NIFTY,2026-08-25,21750.0,PE,1.5,2.3,0.7,0.95,0.95,3586,5069986606.75,57395,22230,2026-08-20
NIFTY,2026-08-25,21700.0,PE,1.7,2.7,0.65,0.85,0.85,16853,23772310792.75,277290,173095,2026-08-20
NIFTY,2026-08-25,21600.0,PE,1.55,1.9,0.75,0.85,0.85,8772,12316475128.75,204425,79560,2026-08-20
NIFTY,2031-06-24,16500.0,CE,0.0,0.0,0.0,11849.25,12273.58,0,0.0,0,0,2026-08-20
NIFTY,2030-12-31,24000.0,CE,0.0,0.0,0.0,8563.3,6956.38,0,0.0,0,0,2026-08-20
NIFTY,2030-06-25,25500.0,CE,0.0,0.0,0.0,7070.45,5538.98,0,0.0,0,0,2026-08-20
NIFTY,2029-12-24,19500.0,CE,0.0,0.0,0.0,10678.8,8753.97,0,0.0,0,0,2026-08-20
NIFTY,2029-06-26,19500.0,CE,0.0,0.0,0.0,10206.95,8224.51,0,0.0,0,0,2026-08-20
NIFTY,2028-06-27,16500.0,CE,0.0,0.0,0.0,11752.8,9633.51,0,0.0,0,0,2026-08-20
NIFTY,2027-12-28,31500.0,CE,277.05,277.05,210.0,210.0,494.91,11,22690157.75,1950,-195,2026-08-20
NIFTY,2027-12-28,30000.0,CE,351.15,364.75,348.6,355.4,355.4,59,116412143.25,120705,-780,2026-08-20
NIFTY,2027-12-28,26000.0,CE,1640.2,1698.0,1625.6,1679.5,1679.5,43,77343249.75,69980,1560,2026-08-20
NIFTY,2027-12-28,25000.0,CE,2258.9,2294.85,2233.15,2259.9,2259.9,29,51390394.25,38100,780,2026-08-20
NIFTY,2027-06-29,28500.0,CE,0.0,0.0,0.0,1711.9,553.08,0,0.0,0,0,2026-08-20
NIFTY,2026-12-29,28000.0,CE,32.0,34.3,28.55,29.4,29.4,7504,13672221556.5,1634250,1155,2026-08-20
NIFTY,2026-10-27,27100.0,CE,0.0,0.0,0.0,101.3,64.49,0,0.0,0,0,2026-08-20
NIFTY,2026-10-27,27000.0,CE,10.05,10.8,7.6,7.85,7.85,971,1704638009.75,162760,1625,2026-08-20
NIFTY,2026-10-27,26850.0,CE,0.0,0.0,0.0,126.7,85.22,0,0.0,0,0,2026-08-20
NIFTY,2026-10-27,26050.0,CE,0.0,0.0,0.0,247.25,193.48,0,0.0,0,0,2026-08-20
NIFTY,2026-10-27,25400.0,CE,111.55,111.65,96.3,103.4,103.4,1316,2181468916.25,184665,16120,2026-08-20
NIFTY,2026-10-27,25000.0,CE,209.85,223.5,196.65,207.65,207.65,10161,16648227329.5,666900,131690,2026-08-20
NIFTY,2026-10-27,24950.0,CE,229.8,235.5,222.0,225.25,225.25,10,16365020.75,7930,0,2026-08-20
NIFTY,2026-10-27,24800.0,CE,267.0,303.0,267.0,283.1,283.1,715,1165847488.0,57135,20865,2026-08-20
NIFTY,2026-10-27,23700.0,CE,952.95,995.0,946.05,995.0,1158.38,17,27249738.75,1690,-130,2026-08-20
NIFTY,2026-10-27,23400.0,CE,0.0,0.0,0.0,1589.0,1368.65,0,0.0,65,0,2026-08-20
NIFTY,2026-10-27,23350.0,CE,0.0,0.0,0.0,1373.7,1405.37,0,0.0,0,0,2026-08-20
NIFTY,2026-10-27,23100.0,CE,0.0,0.0,0.0,1547.05,1594.54,0,0.0,0,0,2026-08-20
NIFTY,2026-09-29,25800.0,CE,15.05,16.2,11.1,12.7,12.7,6760,11342051643.0,366405,64480,2026-08-20
NIFTY,2026-09-29,24500.0,CE,229.0,279.9,229.0,256.85,256.85,59895,96362398590.25,3735030,517725,2026-08-20
NIFTY,2026-09-29,24150.0,CE,435.0,489.35,432.25,456.35,456.35,248,396570846.75,20475,650,2026-08-20
NIFTY,2026-09-29,23750.0,CE,736.0,792.2,736.0,759.95,906.22,11,17527445.0,1885,-455,2026-08-20
NIFTY,2026-09-29,22750.0,CE,0.0,0.0,0.0,1386.55,1702.52,0,0.0,260,0,2026-08-20
NIFTY,2026-09-29,21700.0,CE,0.0,0.0,0.0,2520.0,2693.44,0,0.0,65,0,2026-08-20
NIFTY,2026-09-22,25400.0,CE,0.0,0.0,0.0,132.15,137.21,0,0.0,0,0,2026-08-20
NIFTY,2026-09-22,25350.0,CE,0.0,0.0,0.0,141.55,147.15,0,0.0,0,0,2026-08-20
NIFTY,2026-09-22,25200.0,CE,0.0,0.0,0.0,173.0,181.38,0,0.0,0,0,2026-08-20
NIFTY,2026-09-22,25050.0,CE,0.0,0.0,0.0,209.5,219.16,0,0.0,0,0,2026-08-20
NIFTY,2026-09-22,24450.0,CE,0.0,0.0,0.0,418.15,440.11,0,0.0,0,0,2026-08-20
NIFTY,2026-09-22,23700.0,CE,0.0,0.0,0.0,836.2,879.26,0,0.0,0,0,2026-08-20
NIFTY,2026-09-22,22800.0,CE,0.0,0.0,0.0,1547.15,1612.77,0,0.0,0,0,2026-08-20
NIFTY,2026-09-15,25200.0,CE,0.0,0.0,0.0,268.55,129.97,0,0.0,0,0,2026-08-20
NIFTY,2026-09-15,24300.0,CE,259.0,304.0,254.35,267.9,267.9,681,1087591046.75,20735,-7540,2026-08-20
NIFTY,2026-09-15,23700.0,CE,0.0,0.0,0.0,1074.8,808.05,0,0.0,0,0,2026-08-20
NIFTY,2026-09-15,22900.0,CE,0.0,0.0,0.0,1748.55,1468.83,0,0.0,0,0,2026-08-20
NIFTY,2026-09-15,22700.0,CE,0.0,0.0,0.0,1933.1,1653.81,0,0.0,0,0,2026-08-20
NIFTY,2026-09-15,22550.0,CE,0.0,0.0,0.0,2074.25,1795.7,0,0.0,0,0,2026-08-20
NIFTY,2026-09-08,25700.0,CE,4.85,5.05,3.55,4.4,4.4,178,297397519.25,7215,2210,2026-08-20
NIFTY,2026-09-08,24650.0,CE,0.0,0.0,0.0,340.0,218.13,0,0.0,65,0,2026-08-20
NIFTY,2026-09-08,24400.0,CE,155.0,195.55,150.25,166.4,166.4,3849,6146534865.25,164255,59865,2026-08-20
NIFTY,2026-09-08,23700.0,CE,650.0,687.05,610.15,687.05,739.82,8,12664538.25,1105,-260,2026-08-20
NIFTY,2026-09-08,22650.0,CE,0.0,0.0,0.0,2118.35,1663.06,0,0.0,0,0,2026-08-20
NIFTY,2026-09-01,26550.0,CE,0.0,0.0,0.0,1.4,0.27,0,0.0,1105,0,2026-08-20
NIFTY,2026-09-01,25650.0,CE,2.65,2.65,1.5,1.8,1.8,229,381828206.5,16510,5330,2026-08-20
NIFTY,2026-09-01,24950.0,CE,12.85,13.95,7.7,8.15,8.15,16597,26925485310.75,484770,390455,2026-08-20
NIFTY,2026-09-01,24900.0,CE,16.7,16.75,9.65,10.35,10.35,36922,59786790186.5,867490,220610,2026-08-20
NIFTY,2026-09-01,23950.0,CE,365.95,440.55,365.9,406.55,406.55,657,1039447604.0,11180,-11570,2026-08-20
NIFTY,2026-09-01,23400.0,CE,890.0,946.95,884.8,930.0,914.67,215,339555986.25,13520,13130,2026-08-20
NIFTY,2026-09-01,23300.0,CE,1030.0,1032.2,1030.0,1032.2,1004.8,2,3163043.0,195,130,2026-08-20
NIFTY,2026-09-01,23100.0,CE,0.0,0.0,0.0,1140.0,1191.37,0,0.0,65,0,2026-08-20
NIFTY,2026-09-01,22900.0,CE,0.0,0.0,0.0,1543.9,1383.84,0,0.0,0,0,2026-08-20
NIFTY,2026-09-01,22650.0,CE,0.0,0.0,0.0,1760.65,1629.18,0,0.0,0,0,2026-08-20
NIFTY,2026-09-01,22450.0,CE,0.0,0.0,0.0,1940.55,1827.42,0,0.0,0,0,2026-08-20
NIFTY,2026-09-01,22250.0,CE,0.0,0.0,0.0,2125.05,2026.46,0,0.0,0,0,2026-08-20
NIFTY,2026-08-25,27100.0,CE,0.45,0.6,0.35,0.4,0.4,2874,5062637703.5,78390,-21515,2026-08-20
NIFTY,2026-08-25,26600.0,CE,0.6,1.05,0.4,0.5,0.5,1065,1841423915.5,49010,-8775,2026-08-20
NIFTY,2026-08-25,26150.0,CE,0.95,0.95,0.4,0.45,0.45,1511,2568372563.25,87555,-8190,2026-08-20
NIFTY,2026-08-25,22350.0,CE,0.0,0.0,0.0,1780.0,1900.4,0,0.0,130,0,2026-08-20
NIFTY,2026-08-25,21600.0,CE,0.0,0.0,0.0,2713.65,2649.77,0,0.0,0,0,2026-08-20
NIFTY,2031-06-24,31500.0,PE,0.0,0.0,0.0,3185.85,2764.87,0,0.0,0,0,2026-08-20
NIFTY,2026-09-29,27050.0,CE,2.9,4.5,2.25,2.25,2.25,345,606658708.5,2210,1300,2026-08-20
NIFTY,2026-10-27,23000.0,CE,1500.0,1590.55,1500.0,1554.2,1554.2,44,70195238.75,12545,390,2026-08-20
NIFTY,2026-10-27,23050.0,CE,0.0,0.0,0.0,1582.9,1633.89,0,0.0,0,0,2026-08-20
NIFTY,2026-10-27,25050.0,CE,0.0,0.0,0.0,424.0,462.64,0,0.0,1365,0,2026-08-20
NIFTY,2026-10-27,25150.0,CE,0.0,0.0,0.0,479.95,427.17,0,0.0,0,0,2026-08-20
NIFTY,2026-10-27,25650.0,CE,63.05,67.65,60.7,65.25,65.25,84,140389551.25,13520,-1495,2026-08-20
NIFTY,2026-10-27,27200.0,CE,0.0,0.0,0.0,92.4,57.52,0,0.0,0,0,2026-08-20
NIFTY,2026-12-29,16000.0,CE,0.0,0.0,0.0,8178.15,8603.04,0,0.0,245,0,2026-08-20
NIFTY,2026-12-29,22500.0,CE,2320.15,2370.0,2320.15,2351.1,2351.1,23,37163135.75,16315,520,2026-08-20
NIFTY,2027-06-29,25500.0,CE,0.0,0.0,0.0,1300.0,1521.49,0,0.0,0,0,2026-08-20
NIFTY,2027-06-29,33000.0,CE,0.0,0.0,0.0,1122.75,82.43,0,0.0,0,0,2026-08-20
NIFTY,2027-12-28,33000.0,CE,0.0,0.0,0.0,120.0,316.53,0,0.0,3510,0,2026-08-20
NIFTY,2028-06-27,19500.0,CE,0.0,0.0,0.0,9209.1,7087.17,0,0.0,0,0,2026-08-20
NIFTY,2029-06-26,18000.0,CE,0.0,0.0,0.0,11678.65,9379.33,0,0.0,0,0,2026-08-20
NIFTY,2029-06-26,21000.0,CE,0.0,0.0,0.0,9799.75,7127.23,0,0.0,0,0,2026-08-20
NIFTY,2029-06-26,33000.0,CE,0.0,0.0,0.0,4179.45,1530.43,0,0.0,0,0,2026-08-20
NIFTY,2029-12-24,16500.0,CE,0.0,0.0,0.0,12984.85,11020.0,0,0.0,0,0,2026-08-20
NIFTY,2029-12-24,28500.0,CE,0.0,0.0,0.0,4802.1,3521.46,0,0.0,0,0,2026-08-20
NIFTY,2030-06-25,18000.0,CE,0.0,0.0,0.0,12423.9,10342.71,0,0.0,0,0,2026-08-20
NIFTY,2030-06-25,31500.0,CE,0.0,0.0,0.0,3984.8,2978.88,0,0.0,0,0,2026-08-20
NIFTY,2030-12-31,16500.0,CE,0.0,0.0,0.0,13763.55,11886.87,0,0.0,0,0,2026-08-20
NIFTY,2030-12-31,28500.0,CE,0.0,0.0,0.0,5968.3,4701.75,0,0.0,0,0,2026-08-20
NIFTY,2031-06-24,31500.0,CE,0.0,0.0,0.0,3928.35,4053.52,0,0.0,0,0,2026-08-20
NIFTY,2026-08-25,21450.0,PE,1.4,1.65,0.65,0.85,0.85,1375,1917181987.5,34515,1755,2026-08-20
NIFTY,2026-08-25,21800.0,PE,3.0,3.0,0.7,0.95,0.95,21676,30716455328.0,367510,256165,2026-08-20
NIFTY,2026-08-25,22150.0,PE,3.0,3.0,1.1,1.25,1.25,14287,20571112750.5,218270,65130,2026-08-20
NIFTY,2026-08-25,23200.0,PE,2.95,3.75,1.75,2.25,2.25,488718,737071796734.0,3482310,1262430,2026-08-20
NIFTY,2026-08-25,23400.0,PE,5.0,5.0,2.4,2.9,2.9,410590,624595811199.75,4199910,1674920,2026-08-20
NIFTY,2026-08-25,23550.0,PE,7.3,8.05,2.95,3.35,3.35,260138,398275710007.5,1617460,-91260,2026-08-20
NIFTY,2026-08-25,24450.0,PE,245.0,252.3,151.0,189.25,189.25,98792,158233355510.75,566670,124150,2026-08-20
NIFTY,2026-08-25,25100.0,PE,861.0,861.0,750.0,802.75,802.75,272,457959489.0,88140,-8385,2026-08-20
NIFTY,2026-08-25,26200.0,PE,1956.5,1956.5,1850.0,1892.0,1892.0,6,10959276.25,43615,-195,2026-08-20
NIFTY,2026-09-01,22050.0,PE,4.5,4.5,2.65,3.0,3.0,72,103210669.25,2535,455,2026-08-20
NIFTY,2026-09-01,22100.0,PE,5.0,5.3,2.8,3.25,3.25,1325,1903673118.75,77480,12090,2026-08-20
NIFTY,2026-09-01,22150.0,PE,4.2,7.65,2.7,3.3,3.3,103,148321819.75,3510,910,2026-08-20
NIFTY,2026-09-01,23250.0,PE,8.35,8.5,6.35,7.0,7.0,3628,5484510599.75,158340,65585,2026-08-20
NIFTY,2026-09-01,23300.0,PE,11.7,11.7,6.5,7.25,7.25,19449,29465054853.0,433680,44850,2026-08-20
NIFTY,2026-09-01,23350.0,PE,9.45,9.9,7.1,8.05,8.05,1893,2874114217.0,25350,5265,2026-08-20
NIFTY,2026-09-01,24000.0,PE,90.0,90.0,46.35,54.4,54.4,58859,92035861258.25,1130545,258115,2026-08-20
NIFTY,2026-09-01,24450.0,PE,274.7,274.75,199.95,230.75,230.75,1937,3107215397.0,64480,-2145,2026-08-20
NIFTY,2026-09-01,25050.0,PE,711.7,716.0,711.7,716.0,823.43,2,3349300.5,715,-65,2026-08-20
NIFTY,2026-09-01,26000.0,PE,1670.0,1681.85,1670.0,1674.15,1674.15,142,255429950.75,12285,9165,2026-08-20
NIFTY,2026-09-01,26400.0,PE,0.0,0.0,0.0,2081.0,2116.14,0,0.0,0,0,2026-08-20
NIFTY,2026-09-01,27150.0,PE,0.0,0.0,0.0,2789.8,2864.13,0,0.0,0,0,2026-08-20
NIFTY,2026-09-22,24200.0,PE,386.15,386.15,184.0,194.15,194.15,24,38070782.75,1170,1170,2026-08-20
NIFTY,2026-09-22,24100.0,PE,182.15,182.3,143.75,156.85,156.85,77,121438424.25,11050,910,2026-08-20
NIFTY,2026-09-15,25850.0,PE,0.0,0.0,0.0,1345.95,1548.58,0,0.0,0,0,2026-08-20
NIFTY,2026-09-15,24950.0,PE,0.0,0.0,0.0,689.2,800.3,0,0.0,0,0,2026-08-20
NIFTY,2026-09-15,24050.0,PE,134.15,135.4,113.25,122.3,122.3,47,73863601.5,2600,-390,2026-08-20
NIFTY,2026-09-15,23900.0,PE,99.4,99.45,76.15,85.75,85.75,628,979296893.25,24440,18785,2026-08-20
NIFTY,2026-09-15,23500.0,PE,45.0,45.0,31.8,34.8,34.8,1270,1942873299.25,47125,36530,2026-08-20
NIFTY,2026-09-15,23050.0,PE,0.0,0.0,0.0,58.25,52.95,0,0.0,0,0,2026-08-20
NIFTY,2026-09-08,25650.0,PE,0.0,0.0,0.0,1079.4,1368.7,0,0.0,0,0,2026-08-20
NIFTY,2026-09-08,23650.0,PE,40.05,41.95,28.6,31.8,31.8,468,720491924.75,29510,3835,2026-08-20
NIFTY,2026-09-08,22950.0,PE,13.45,13.45,7.9,8.3,8.3,42,62679217.25,845,195,2026-08-20
NIFTY,2026-09-08,22700.0,PE,6.55,8.4,5.95,6.45,6.45,153,225823965.25,13585,455,2026-08-20
NIFTY,2026-09-08,22450.0,PE,5.95,6.8,4.9,5.55,5.55,168,245217732.5,1885,1885,2026-08-20
NIFTY,2026-09-08,22400.0,PE,6.35,6.9,4.7,5.65,5.65,559,814111642.5,24505,21515,2026-08-20
NIFTY,2026-12-29,19500.0,PE,30.4,30.5,28.25,29.4,29.4,114,144712792.25,136435,-3770,2026-08-20
NIFTY,2026-10-27,26700.0,PE,0.0,0.0,0.0,2458.1,2245.02,0,0.0,0,0,2026-08-20
NIFTY,2026-10-27,26350.0,PE,0.0,0.0,0.0,2163.0,1943.15,0,0.0,0,0,2026-08-20
NIFTY,2026-10-27,26200.0,PE,0.0,0.0,0.0,2040.5,1818.16,0,0.0,0,0,2026-08-20
NIFTY,2026-10-27,22500.0,PE,42.3,42.3,34.55,38.0,38.0,3833,5615058949.5,383305,75400,2026-08-20
NIFTY,2026-09-29,26700.0,PE,0.0,0.0,0.0,2560.85,2305.32,0,0.0,0,0,2026-08-20
NIFTY,2026-09-29,25350.0,PE,0.0,0.0,0.0,1010.0,1128.16,0,0.0,65,0,2026-08-20
NIFTY,2026-09-29,25150.0,PE,841.1,841.1,760.0,762.0,980.28,9,15166788.0,1430,130,2026-08-20
NIFTY,2026-09-22,25150.0,PE,0.0,0.0,0.0,1035.2,962.43,0,0.0,0,0,2026-08-20
NIFTY,2026-09-29,18000.0,PE,3.5,3.5,2.5,2.65,2.65,196,229355727.25,1003405,3445,2026-08-20
NIFTY,2026-09-29,23300.0,PE,56.65,56.65,44.6,50.05,50.05,13429,20381290647.25,673335,154115,2026-08-20
NIFTY,2026-09-29,23850.0,PE,135.55,136.95,108.6,122.25,122.25,515,802458598.5,44460,6630,2026-08-20
NIFTY,2026-09-15,24350.0,CE,230.05,262.25,229.15,240.65,240.65,49,78316520.75,4810,650,2026-08-20
NIFTY,2026-09-29,24350.0,PE,309.85,313.0,250.45,275.45,275.45,812,1300007998.25,40820,3185,2026-08-20
NIFTY,2027-03-30,25500.0,PE,980.1,989.0,925.0,951.5,951.5,597,1026553238.75,175045,21775,2026-08-20
NIFTY,2026-12-29,28500.0,PE,0.0,0.0,0.0,3320.25,3697.41,0,0.0,130,0,2026-08-20
NIFTY,2026-08-25,23700.0,CE,514.0,656.45,514.0,597.75,597.75,5189,8189791119.25,184795,-113360,2026-08-20
NIFTY,2026-08-25,24000.0,CE,222.05,368.0,222.05,310.75,310.75,232134,366617735019.25,6136000,-2165345,2026-08-20
NIFTY,2026-08-25,24550.0,CE,15.05,26.6,13.35,14.4,14.4,520828,831711103483.0,3028155,-410670,2026-08-20
NIFTY,2026-08-25,23550.0,CE,683.25,803.05,683.25,746.75,746.75,129,203747300.25,12220,-2275,2026-08-20
NIFTY,2026-08-25,23350.0,CE,747.75,950.0,747.75,950.0,905.33,16,25211299.75,3055,-455,2026-08-20
NIFTY,2026-08-25,23250.0,CE,1020.0,1075.1,1020.0,1075.1,1003.35,23,36288024.5,2015,1105,2026-08-20
NIFTY,2026-08-25,21850.0,CE,0.0,0.0,0.0,2494.1,2399.98,0,0.0,0,0,2026-08-20
NIFTY,2026-08-25,21950.0,CE,0.0,0.0,0.0,2408.05,2300.06,0,0.0,0,0,2026-08-20
NIFTY,2026-08-25,22750.0,CE,1507.0,1568.35,1500.65,1568.35,1500.78,127,200239354.25,455,-7475,2026-08-20
NIFTY,2026-08-25,23100.0,CE,1105.1,1234.45,1105.1,1221.5,1151.82,18,28395090.75,4810,-325,2026-08-20
NIFTY,2027-03-30,30000.0,PE,4623.7,4623.7,4623.7,4623.7,4732.97,1,2250540.5,3055,0,2026-08-20
NIFTY,2027-03-30,31500.0,PE,0.0,0.0,0.0,7066.15,6096.61,0,0.0,0,0,2026-08-20
NIFTY,2027-06-29,24000.0,PE,525.0,525.0,508.2,508.2,777.1,22,35048165.75,18785,0,2026-08-20
NIFTY,2027-06-29,31500.0,PE,0.0,0.0,0.0,3604.7,5712.85,0,0.0,0,0,2026-08-20
NIFTY,2027-12-28,15000.0,PE,0.0,0.0,0.0,21.7,1.41,0,0.0,755,0,2026-08-20
NIFTY,2027-12-28,22000.0,PE,338.9,338.9,320.0,322.0,322.0,30,43533187.75,41835,800,2026-08-20
NIFTY,2026-08-25,24600.0,CE,13.55,17.95,8.5,9.25,9.25,800828,1281153852933.5,8231665,1201135,2026-08-20
NIFTY,2026-08-25,24750.0,CE,7.55,8.55,2.8,3.1,3.1,328691,528877861872.75,2060825,-55250,2026-08-20
NIFTY,2026-08-25,25000.0,CE,2.9,4.05,1.3,1.45,1.45,986702,1603520180453.75,11924120,-2670980,2026-08-20
NIFTY,2026-08-25,25750.0,CE,1.0,1.1,0.4,0.5,0.5,16626,27828354274.5,707265,-4680,2026-08-20
NIFTY,2026-08-25,26650.0,CE,0.7,0.85,0.4,0.5,0.5,663,1148506043.75,19695,-3900,2026-08-20
NIFTY,2026-08-25,27000.0,CE,0.6,0.8,0.4,0.45,0.45,6837,11999138986.25,167960,-49530,2026-08-20
NIFTY,2026-09-01,22500.0,CE,0.0,0.0,0.0,2150.0,1777.76,0,0.0,0,0,2026-08-20
NIFTY,2026-09-01,22750.0,CE,0.0,0.0,0.0,1672.8,1530.61,0,0.0,0,0,2026-08-20
NIFTY,2026-09-01,23850.0,CE,463.1,533.5,458.15,490.85,490.85,152,240361761.25,3380,-2730,2026-08-20
NIFTY,2026-09-01,24550.0,CE,58.2,81.65,55.05,61.3,61.3,12750,20399022520.5,200070,-63700,2026-08-20
NIFTY,2026-09-01,25250.0,CE,13.8,13.8,3.05,3.5,3.5,899,1475683267.5,30420,30420,2026-08-20
NIFTY,2026-09-01,26050.0,CE,1.15,1.65,0.9,1.25,1.25,64,108372897.75,3705,-1040,2026-08-20
NIFTY,2026-09-01,26450.0,CE,0.0,0.0,0.0,1.55,0.43,0,0.0,1625,0,2026-08-20
NIFTY,2026-09-01,27100.0,CE,1.0,1.35,0.7,0.7,0.7,46,81032032.25,4745,1950,2026-08-20
NIFTY,2028-06-27,21000.0,PE,0.0,0.0,0.0,907.2,272.37,0,0.0,0,0,2026-08-20
NIFTY,2028-12-26,18000.0,PE,0.0,0.0,0.0,250.0,69.58,0,0.0,75,0,2026-08-20
NIFTY,2028-12-26,25000.0,PE,0.0,0.0,0.0,960.0,1146.48,0,0.0,6075,0,2026-08-20
NIFTY,2028-12-26,33000.0,PE,0.0,0.0,0.0,3315.4,5135.01,0,0.0,0,0,2026-08-20
NIFTY,2029-06-26,21000.0,PE,0.0,0.0,0.0,320.25,321.99,0,0.0,0,0,2026-08-20
NIFTY,2029-06-26,31500.0,PE,0.0,0.0,0.0,2443.35,3823.97,0,0.0,0,0,2026-08-20
NIFTY,2030-06-25,16500.0,PE,0.0,0.0,0.0,12.0,50.2,0,0.0,0,0,2026-08-20
NIFTY,2030-06-25,19500.0,PE,0.0,0.0,0.0,64.95,195.88,0,0.0,0,0,2026-08-20
NIFTY,2030-06-25,33000.0,PE,0.0,0.0,0.0,3143.9,3941.97,0,0.0,0,0,2026-08-20
NIFTY,2026-09-22,24550.0,PE,0.0,0.0,0.0,629.0,568.89,0,0.0,0,0,2026-08-20
NIFTY,2026-09-08,23100.0,CE,0.0,0.0,0.0,1701.65,1239.58,0,0.0,0,0,2026-08-20
NIFTY,2026-09-08,24550.0,CE,103.95,127.4,99.45,106.05,106.05,817,1309572390.75,28275,11245,2026-08-20
NIFTY,2026-09-08,25500.0,CE,0.0,0.0,0.0,230.65,43.93,0,0.0,0,0,2026-08-20
NIFTY,2026-09-08,26350.0,CE,2.7,3.05,1.65,1.65,1.65,100,171292397.25,3185,845,2026-08-20
NIFTY,2026-09-15,23400.0,CE,0.0,0.0,0.0,1312.7,1037.3,0,0.0,0,0,2026-08-20
NIFTY,2026-09-15,24000.0,CE,430.0,512.0,429.95,464.4,464.4,723,1149875311.0,28925,-8255,2026-08-20
NIFTY,2026-12-29,25000.0,PE,722.05,725.7,663.95,694.1,694.1,2615,4367944678.5,2085115,-13810,2026-08-20
NIFTY,2026-09-15,26150.0,CE,2.75,3.45,2.75,3.45,22.95,9,15299488.75,1235,520,2026-08-20
NIFTY,2026-09-22,22450.0,CE,0.0,0.0,0.0,1865.4,1936.67,0,0.0,0,0,2026-08-20
NIFTY,2026-09-22,22500.0,CE,0.0,0.0,0.0,1819.0,1889.56,0,0.0,0,0,2026-08-20
NIFTY,2026-09-22,22650.0,CE,0.0,0.0,0.0,1681.55,1749.8,0,0.0,0,0,2026-08-20
NIFTY,2026-09-22,22850.0,CE,0.0,0.0,0.0,1503.15,1567.79,0,0.0,0,0,2026-08-20
NIFTY,2026-09-22,23000.0,CE,0.0,0.0,0.0,1373.75,1435.25,0,0.0,0,0,2026-08-20
NIFTY,2026-09-22,23100.0,CE,0.0,0.0,0.0,1289.85,1349.09,0,0.0,0,0,2026-08-20
NIFTY,2026-09-22,23150.0,CE,0.0,0.0,0.0,1248.7,1306.74,0,0.0,0,0,2026-08-20
NIFTY,2026-09-22,23750.0,CE,0.0,0.0,0.0,802.85,844.45,0,0.0,0,0,2026-08-20
NIFTY,2026-09-22,23950.0,CE,0.0,0.0,0.0,677.1,712.83,0,0.0,0,0,2026-08-20
NIFTY,2026-09-22,24900.0,CE,0.0,0.0,0.0,252.05,264.22,0,0.0,0,0,2026-08-20
NIFTY,2026-09-22,25450.0,CE,0.0,0.0,0.0,123.25,127.82,0,0.0,0,0,2026-08-20
NIFTY,2026-09-22,25850.0,CE,0.0,0.0,0.0,68.3,69.94,0,0.0,0,0,2026-08-20
NIFTY,2026-09-29,22150.0,CE,0.0,0.0,0.0,2200.35,2258.38,0,0.0,0,0,2026-08-20
NIFTY,2026-09-29,22250.0,CE,0.0,0.0,0.0,2117.8,2163.33,0,0.0,0,0,2026-08-20
NIFTY,2026-09-29,22400.0,CE,0.0,0.0,0.0,1741.4,2022.31,0,0.0,195,0,2026-08-20
NIFTY,2026-09-29,23250.0,CE,0.0,0.0,0.0,1565.2,1277.71,0,0.0,390,0,2026-08-20
NIFTY,2026-09-29,23550.0,CE,909.8,956.5,909.8,923.55,923.55,12,19091822.75,1235,-325,2026-08-20
NIFTY,2026-09-29,23800.0,CE,688.1,755.0,680.5,710.95,710.95,319,508184573.0,66040,-3380,2026-08-20
NIFTY,2026-09-29,25100.0,CE,60.05,70.65,57.35,62.7,62.7,9670,15816219636.75,443560,37505,2026-08-20
NIFTY,2026-09-29,26150.0,CE,0.0,0.0,0.0,215.05,65.49,0,0.0,0,0,2026-08-20
NIFTY,2028-12-26,22500.0,CE,0.0,0.0,0.0,7382.9,5476.45,0,0.0,0,0,2026-08-20
NIFTY,2029-12-24,33000.0,CE,0.0,0.0,0.0,3816.05,2013.03,0,0.0,0,0,2026-08-20
NIFTY,2030-12-31,18000.0,CE,0.0,0.0,0.0,12674.15,10814.98,0,0.0,0,0,2026-08-20
NIFTY,2026-08-25,22700.0,PE,2.8,2.8,1.3,1.55,1.55,81245,119886494295.75,1549405,734955,2026-08-20
NIFTY,2026-08-25,22850.0,PE,2.7,3.05,1.45,1.8,1.8,62538,92892835837.75,473005,277160,2026-08-20
NIFTY,2026-08-25,24950.0,PE,702.0,702.0,600.0,655.75,655.75,242,403223746.25,19760,-3575,2026-08-20
NIFTY,2026-08-25,25250.0,PE,984.7,993.8,924.3,933.0,1000.21,8,13630012.5,1625,65,2026-08-20
NIFTY,2026-08-25,25600.0,PE,1343.65,1343.65,1250.0,1308.45,1347.24,37,64708299.5,14755,-1690,2026-08-20
NIFTY,2026-09-01,22700.0,PE,5.45,6.1,3.95,4.35,4.35,14763,21787300024.75,130260,60190,2026-08-20
NIFTY,2026-09-01,23450.0,PE,21.0,21.0,8.45,9.65,9.65,6652,10143630929.25,129740,89245,2026-08-20
NIFTY,2026-09-01,23500.0,PE,17.1,17.15,9.45,11.2,11.2,42624,65139526468.25,1219530,-129545,2026-08-20
NIFTY,2026-09-01,23600.0,PE,13.55,19.95,12.2,14.1,14.1,30812,47295460121.0,889980,143910,2026-08-20
NIFTY,2026-09-01,24700.0,PE,475.2,475.2,371.7,417.2,417.2,1432,2338108357.0,73515,19175,2026-08-20
NIFTY,2026-09-01,25350.0,PE,0.0,0.0,0.0,1180.85,1091.69,0,0.0,65,0,2026-08-20
NIFTY,2026-09-01,25650.0,PE,0.0,0.0,0.0,1426.15,1376.42,0,0.0,0,0,2026-08-20
NIFTY,2026-09-22,25650.0,PE,0.0,0.0,0.0,1439.15,1362.24,0,0.0,0,0,2026-08-20
NIFTY,2026-09-22,24850.0,PE,0.0,0.0,0.0,818.9,752.32,0,0.0,0,0,2026-08-20
NIFTY,2026-09-22,24650.0,PE,0.0,0.0,0.0,689.35,626.9,0,0.0,0,0,2026-08-20
NIFTY,2026-09-22,24600.0,PE,0.0,0.0,0.0,658.8,597.49,0,0.0,0,0,2026-08-20
NIFTY,2026-09-22,24450.0,PE,0.0,0.0,0.0,571.8,514.12,0,0.0,0,0,2026-08-20
NIFTY,2026-08-25,22450.0,CE,0.0,0.0,0.0,2199.25,1800.48,0,0.0,65,0,2026-08-20
NIFTY,2026-09-22,23950.0,PE,0.0,0.0,0.0,333.65,289.78,0,0.0,0,0,2026-08-20
NIFTY,2026-09-22,23350.0,PE,0.0,0.0,0.0,149.8,123.18,0,0.0,0,0,2026-08-20
NIFTY,2026-09-22,22550.0,PE,0.0,0.0,0.0,37.5,27.91,0,0.0,0,0,2026-08-20
NIFTY,2026-09-22,22500.0,PE,12.0,13.6,12.0,13.15,13.15,51,74630276.5,2665,2665,2026-08-20
NIFTY,2026-09-15,25750.0,PE,0.0,0.0,0.0,1263.75,1457.71,0,0.0,0,0,2026-08-20
NIFTY,2026-09-15,25600.0,PE,0.0,0.0,0.0,1144.25,1324.24,0,0.0,0,0,2026-08-20
NIFTY,2026-09-15,25450.0,PE,0.0,0.0,0.0,1030.55,1194.75,0,0.0,0,0,2026-08-20
NIFTY,2026-09-15,25000.0,PE,0.0,0.0,0.0,680.35,836.67,0,0.0,65,0,2026-08-20
NIFTY,2026-09-15,24550.0,PE,0.0,0.0,0.0,292.05,538.52,0,0.0,845,0,2026-08-20
NIFTY,2026-09-15,24250.0,PE,201.95,206.0,165.0,184.6,184.6,331,525637872.5,6760,2600,2026-08-20
NIFTY,2026-09-15,23200.0,PE,0.0,0.0,0.0,75.8,71.76,0,0.0,0,0,2026-08-20
NIFTY,2026-09-15,22600.0,PE,10.25,10.25,10.05,10.05,18.95,9,13226918.25,650,0,2026-08-20
NIFTY,2026-09-08,25800.0,PE,0.0,0.0,0.0,1194.35,1508.86,0,0.0,0,0,2026-08-20
NIFTY,2026-09-08,24800.0,PE,465.0,504.8,460.0,504.65,504.65,19,31231976.75,5135,65,2026-08-20
NIFTY,2026-09-08,24600.0,PE,380.15,389.15,323.95,355.65,355.65,273,442849338.75,36400,1105,2026-08-20
NIFTY,2026-09-22,24400.0,PE,0.0,0.0,0.0,544.4,487.97,0,0.0,0,0,2026-08-20
NIFTY,2026-09-08,24300.0,PE,215.25,215.9,158.6,182.35,182.35,7112,11319445436.0,254410,158860,2026-08-20
NIFTY,2026-09-08,23100.0,PE,12.55,13.35,9.15,10.0,10.0,800,1201762614.0,47450,12350,2026-08-20
NIFTY,2026-09-08,22650.0,PE,7.15,7.3,6.35,6.35,6.35,19,27981333.25,650,260,2026-08-20
NIFTY,2026-09-01,26950.0,PE,0.0,0.0,0.0,2597.5,2664.55,0,0.0,0,0,2026-08-20
NIFTY,2026-09-01,25950.0,PE,0.0,0.0,0.0,1679.0,1669.73,0,0.0,0,0,2026-08-20
NIFTY,2026-09-01,24750.0,PE,495.05,500.05,422.1,452.55,452.55,39,63921819.0,1885,-520,2026-08-20
NIFTY,2026-09-01,23800.0,PE,40.0,40.0,22.75,26.1,26.1,37576,58198560777.5,819195,195325,2026-08-20
NIFTY,2026-09-01,23400.0,PE,14.5,14.5,7.7,8.65,8.65,22977,34961353677.25,540540,214110,2026-08-20
NIFTY,2026-09-01,23100.0,PE,6.95,7.0,5.3,5.8,5.8,6543,9826861378.75,235690,117780,2026-08-20
NIFTY,2026-09-01,22750.0,PE,5.2,5.9,3.95,4.4,4.4,750,1109296162.0,22490,12415,2026-08-20
NIFTY,2026-09-01,22250.0,PE,3.05,4.05,2.7,3.35,3.35,43,62198474.0,2665,65,2026-08-20
NIFTY,2026-08-25,26750.0,PE,0.0,0.0,0.0,2584.3,2495.95,0,0.0,0,0,2026-08-20
NIFTY,2026-08-25,26650.0,PE,0.0,0.0,0.0,2498.25,2396.04,0,0.0,0,0,2026-08-20
NIFTY,2026-08-25,26500.0,PE,2250.0,2250.0,2182.0,2182.5,2246.16,10,18652192.0,5915,-325,2026-08-20
NIFTY,2026-08-25,26250.0,PE,0.0,0.0,0.0,2145.8,1996.37,0,0.0,65,0,2026-08-20
NIFTY,2026-08-25,25550.0,PE,0.0,0.0,0.0,1080.0,1297.42,0,0.0,5460,0,2026-08-20
NIFTY,2026-08-25,25300.0,PE,1061.65,1061.65,973.35,1004.55,1004.55,235,402361388.0,72215,-9165,2026-08-20
NIFTY,2026-08-25,24750.0,PE,526.65,526.65,404.55,459.95,459.95,1901,3115302281.0,95940,-17420,2026-08-20
NIFTY,2026-08-25,22800.0,PE,2.75,2.85,1.45,1.75,1.75,172692,255951582909.75,1661270,71435,2026-08-20
NIFTY,2026-08-25,22500.0,PE,1.9,2.65,1.3,1.55,1.55,217683,318385521057.5,4857450,935480,2026-08-20
NIFTY,2026-08-25,22350.0,PE,2.2,2.55,1.2,1.45,1.45,18180,26412999340.0,262080,99385,2026-08-20
NIFTY,2026-08-25,22050.0,PE,1.6,2.3,0.9,1.2,1.2,5718,8195849980.5,80405,52065,2026-08-20
NIFTY,2026-08-25,21400.0,PE,1.7,1.7,0.6,0.75,0.75,17808,24771905681.25,600665,15080,2026-08-20
NIFTY,2026-08-25,21300.0,PE,0.95,1.45,0.55,0.7,0.7,12169,16848572975.0,852995,-5135,2026-08-20
NIFTY,2030-12-31,27000.0,CE,0.0,0.0,0.0,6772.8,5385.62,0,0.0,0,0,2026-08-20
NIFTY,2030-12-31,22500.0,CE,0.0,0.0,0.0,9536.95,7839.81,0,0.0,0,0,2026-08-20
NIFTY,2030-06-25,33000.0,CE,0.0,0.0,0.0,4416.45,2518.21,0,0.0,0,0,2026-08-20
NIFTY,2030-06-25,24000.0,CE,0.0,0.0,0.0,8591.55,6369.27,0,0.0,0,0,2026-08-20
NIFTY,2028-12-26,30000.0,CE,0.0,0.0,0.0,1221.0,1819.51,0,0.0,11620,0,2026-08-20
NIFTY,2028-12-26,28500.0,CE,0.0,0.0,0.0,3608.65,2329.99,0,0.0,0,0,2026-08-20
NIFTY,2028-12-26,28000.0,CE,2042.0,2042.0,2042.0,2042.0,2523.27,3,5858190.0,8265,-195,2026-08-20
NIFTY,2028-12-26,25500.0,CE,0.0,0.0,0.0,3800.0,3675.93,0,0.0,0,0,2026-08-20
NIFTY,2028-12-26,24000.0,CE,0.0,0.0,0.0,4650.0,4521.7,0,0.0,975,0,2026-08-20
NIFTY,2028-12-26,18000.0,CE,0.0,0.0,0.0,9380.3,8869.21,0,0.0,0,0,2026-08-20
NIFTY,2027-12-28,24000.0,CE,2865.15,2982.5,2865.15,2921.45,2921.45,89,155711208.25,32305,3120,2026-08-20
NIFTY,2027-06-29,30000.0,CE,0.0,0.0,0.0,1478.4,307.11,0,0.0,0,0,2026-08-20
NIFTY,2026-12-29,26000.0,CE,199.95,206.1,192.0,194.85,194.85,7522,12808688451.0,3145120,156425,2026-08-20
NIFTY,2026-12-29,25000.0,CE,528.95,558.75,524.25,535.85,535.85,3845,6382530956.75,2211585,-27760,2026-08-20
NIFTY,2026-10-27,26700.0,CE,0.0,0.0,0.0,85.6,100.21,0,0.0,65,0,2026-08-20
NIFTY,2026-10-27,26100.0,CE,0.0,0.0,0.0,237.65,184.41,0,0.0,0,0,2026-08-20
NIFTY,2026-10-27,25800.0,CE,0.0,0.0,0.0,301.05,244.45,0,0.0,0,0,2026-08-20
NIFTY,2026-10-27,25600.0,CE,72.2,74.9,66.65,71.35,71.35,827,1379909761.75,183820,19630,2026-08-20
NIFTY,2026-10-27,25500.0,CE,89.95,92.35,81.95,86.9,86.9,6294,10467270966.75,866255,105755,2026-08-20
NIFTY,2026-10-27,25300.0,CE,0.0,0.0,0.0,432.4,377.82,0,0.0,0,0,2026-08-20
NIFTY,2026-10-27,25100.0,CE,176.5,190.0,168.5,177.5,177.5,944,1551084752.75,109590,8905,2026-08-20
NIFTY,2026-10-27,23950.0,CE,0.0,0.0,0.0,1007.1,998.63,0,0.0,0,0,2026-08-20
NIFTY,2026-10-27,22550.0,CE,0.0,0.0,0.0,1962.0,2048.95,0,0.0,0,0,2026-08-20
NIFTY,2026-09-29,30000.0,CE,1.8,1.9,1.6,1.65,1.65,62,120906727.5,315275,1430,2026-08-20
NIFTY,2026-09-29,26750.0,CE,4.3,4.95,3.65,3.75,25.64,89,154773498.75,975,-325,2026-08-20
NIFTY,2026-09-29,26450.0,CE,0.0,0.0,0.0,168.3,41.57,0,0.0,0,0,2026-08-20
NIFTY,2026-09-29,26050.0,CE,0.0,0.0,0.0,232.8,75.71,0,0.0,0,0,2026-08-20
NIFTY,2026-09-29,25900.0,CE,0.0,0.0,0.0,261.75,93.54,0,0.0,0,0,2026-08-20
NIFTY,2026-09-29,25700.0,CE,18.0,19.0,12.95,15.0,15.0,5963,9966755519.5,330265,57135,2026-08-20
NIFTY,2026-09-29,25550.0,CE,22.7,22.85,17.45,20.95,20.95,456,757899493.0,35685,-4160,2026-08-20
NIFTY,2026-09-29,25450.0,CE,30.7,30.75,22.95,25.7,25.7,455,753441344.5,36790,3380,2026-08-20
NIFTY,2026-09-29,25000.0,CE,84.95,92.55,75.2,82.6,82.6,49344,80447560440.0,4062500,444210,2026-08-20
NIFTY,2026-09-29,24750.0,CE,146.9,164.8,138.75,150.7,150.7,539,872346744.75,75985,2145,2026-08-20
NIFTY,2026-09-29,24650.0,CE,185.2,208.25,174.45,188.8,188.8,614,991330551.25,60905,-2405,2026-08-20
NIFTY,2026-09-29,24600.0,CE,190.1,232.2,190.1,209.55,209.55,6837,11024306413.25,605345,8515,2026-08-20
NIFTY,2026-09-29,24350.0,CE,318.95,363.6,314.0,334.1,334.1,802,1286477250.5,44590,13650,2026-08-20
NIFTY,2026-09-29,23150.0,CE,0.0,0.0,0.0,1642.85,1358.95,0,0.0,325,0,2026-08-20
NIFTY,2026-09-29,22700.0,CE,1715.25,1715.25,1715.25,1715.25,1747.27,1,1586991.25,585,65,2026-08-20
NIFTY,2026-09-29,22550.0,CE,0.0,0.0,0.0,1749.2,1883.48,0,0.0,130,0,2026-08-20
NIFTY,2026-09-29,22450.0,CE,0.0,0.0,0.0,1843.95,1975.77,0,0.0,65,0,2026-08-20
NIFTY,2026-09-29,22000.0,CE,2356.25,2441.4,2350.75,2386.25,2386.25,563,892200302.5,183950,18460,2026-08-20
NIFTY,2026-09-29,21850.0,CE,0.0,0.0,0.0,2455.3,2547.33,0,0.0,0,0,2026-08-20
NIFTY,2026-09-22,25550.0,CE,0.0,0.0,0.0,106.95,110.59,0,0.0,0,0,2026-08-20
NIFTY,2026-09-22,25500.0,CE,0.0,0.0,0.0,114.9,118.95,0,0.0,0,0,2026-08-20
NIFTY,2026-09-22,23500.0,CE,0.0,0.0,0.0,815.8,1025.87,0,0.0,65,0,2026-08-20
NIFTY,2026-09-15,26000.0,CE,6.0,6.0,3.65,4.55,4.55,255,431023346.0,8060,5850,2026-08-20
NIFTY,2026-09-15,25550.0,CE,0.0,0.0,0.0,175.2,72.5,0,0.0,0,0,2026-08-20
NIFTY,2026-09-15,25150.0,CE,0.0,0.0,0.0,284.5,140.55,0,0.0,0,0,2026-08-20
NIFTY,2026-09-15,24900.0,CE,0.0,0.0,0.0,375.05,203.79,0,0.0,0,0,2026-08-20
NIFTY,2026-09-15,24650.0,CE,115.95,130.35,105.5,111.45,111.45,293,471633366.75,14625,5200,2026-08-20
NIFTY,2026-09-15,24600.0,CE,131.95,149.15,118.9,127.15,127.15,1035,1663769565.25,61620,36465,2026-08-20
NIFTY,2026-09-15,24050.0,CE,400.0,461.1,400.0,417.45,417.45,160,254633167.75,3705,-5980,2026-08-20
NIFTY,2026-09-15,23100.0,CE,0.0,0.0,0.0,1569.25,1290.06,0,0.0,0,0,2026-08-20
NIFTY,2026-09-15,22600.0,CE,0.0,0.0,0.0,2026.95,1748.14,0,0.0,0,0,2026-08-20
NIFTY,2026-09-08,26150.0,CE,3.95,3.95,2.4,2.4,8.98,6,10199735.0,1040,0,2026-08-20
NIFTY,2026-09-08,25400.0,CE,0.0,0.0,0.0,259.4,54.52,0,0.0,0,0,2026-08-20
NIFTY,2026-09-08,24050.0,CE,364.95,414.15,353.5,372.85,372.85,255,404730586.0,10205,-4030,2026-08-20
NIFTY,2026-09-08,23050.0,CE,0.0,0.0,0.0,1746.8,1285.2,0,0.0,0,0,2026-08-20
NIFTY,2026-09-08,22800.0,CE,0.0,0.0,0.0,1977.1,1519.13,0,0.0,0,0,2026-08-20
NIFTY,2026-09-01,26650.0,CE,0.0,0.0,0.0,1.6,0.17,0,0.0,1495,0,2026-08-20
NIFTY,2026-09-01,26000.0,CE,2.15,2.4,1.0,1.6,1.6,8248,13939844174.75,395330,137020,2026-08-20
NIFTY,2026-09-01,25850.0,CE,1.9,2.1,0.65,1.45,1.45,243,408322820.75,18720,1105,2026-08-20
NIFTY,2026-09-01,25500.0,CE,3.7,4.1,1.95,2.4,2.4,12782,21188078934.75,566605,148135,2026-08-20
NIFTY,2026-09-01,25200.0,CE,6.45,6.8,3.5,4.0,4.0,22913,37537576859.25,529945,-60580,2026-08-20
NIFTY,2026-09-01,23550.0,CE,734.35,804.5,734.35,784.85,784.66,9,14216930.0,585,-65,2026-08-20
NIFTY,2026-09-01,23250.0,CE,0.0,0.0,0.0,1259.15,1050.73,0,0.0,0,0,2026-08-20
NIFTY,2026-09-01,23050.0,CE,0.0,0.0,0.0,1109.4,1239.04,0,0.0,0,0,2026-08-20
NIFTY,2026-08-25,26500.0,CE,0.65,0.8,0.4,0.5,0.5,6490,11179239880.25,235495,-80990,2026-08-20
NIFTY,2026-08-25,26350.0,CE,1.25,1.25,0.4,0.45,0.45,490,839267614.25,25025,-1690,2026-08-20
NIFTY,2026-08-25,26000.0,CE,0.75,1.05,0.4,0.45,0.45,174559,295010743423.5,6371625,-1506635,2026-08-20
NIFTY,2026-08-25,25250.0,CE,1.95,2.5,0.75,0.8,0.8,114504,187939247739.75,890630,-1251705,2026-08-20
NIFTY,2026-09-01,24100.0,PE,110.0,110.0,66.0,77.3,77.3,39593,62233822170.0,577395,95355,2026-08-20
NIFTY,2026-09-01,23700.0,PE,27.85,27.85,16.3,18.8,18.8,44651,68842145251.75,1079260,487565,2026-08-20
NIFTY,2026-09-01,22850.0,PE,5.5,5.75,4.15,4.95,4.95,354,525891931.5,15795,1040,2026-08-20
NIFTY,2026-09-01,22500.0,PE,4.85,5.35,3.65,4.1,4.1,28628,41876553566.25,1267955,573820,2026-08-20
NIFTY,2026-08-25,26600.0,PE,0.0,0.0,0.0,2455.55,2346.08,0,0.0,0,0,2026-08-20
NIFTY,2026-08-25,26550.0,PE,0.0,0.0,0.0,2413.1,2296.12,0,0.0,0,0,2026-08-20
NIFTY,2026-08-25,26100.0,PE,1840.85,1842.0,1779.95,1821.8,1846.5,37,67165774.0,25610,-1235,2026-08-20
NIFTY,2026-08-25,24900.0,PE,664.0,664.0,553.2,606.45,606.45,1995,3309873973.25,150150,-43875,2026-08-20
NIFTY,2026-08-25,24200.0,PE,94.95,94.95,45.25,56.35,56.35,3030619,4779322441487.75,13288990,6918145,2026-08-20
NIFTY,2026-08-25,24000.0,PE,38.7,38.7,16.4,18.4,18.4,1144062,1786257859441.25,16347890,2678780,2026-08-20
NIFTY,2026-08-25,23500.0,PE,5.5,5.5,2.8,3.25,3.25,699983,1069400828596.75,9567285,1130805,2026-08-20
NIFTY,2026-08-25,23450.0,PE,4.0,4.65,2.55,3.0,3.0,241017,367426776684.5,1175590,167960,2026-08-20
NIFTY,2026-08-25,22400.0,PE,2.2,2.5,1.15,1.45,1.45,30624,44591882250.5,380120,4680,2026-08-20
NIFTY,2031-06-24,22500.0,CE,0.0,0.0,0.0,8012.75,8346.32,0,0.0,0,0,2026-08-20
NIFTY,2026-08-25,21250.0,CE,0.0,0.0,0.0,2971.0,2999.48,0,0.0,65,0,2026-08-20
NIFTY,2026-09-01,23750.0,PE,27.35,28.6,19.2,22.2,22.2,7584,11718795647.0,187265,130325,2026-08-20
NIFTY,2026-08-25,21400.0,CE,0.0,0.0,0.0,2616.3,2849.61,0,0.0,130,0,2026-08-20
NIFTY,2026-08-25,21500.0,CE,2769.3,2831.85,2758.8,2792.95,2792.95,218,344179582.5,320060,-11505,2026-08-20
NIFTY,2026-08-25,22050.0,CE,0.0,0.0,0.0,2323.1,2200.15,0,0.0,0,0,2026-08-20
NIFTY,2026-08-25,22150.0,CE,0.0,0.0,0.0,2147.4,2100.23,0,0.0,130,0,2026-08-20
NIFTY,2026-08-25,22300.0,CE,0.0,0.0,0.0,2113.8,1950.35,0,0.0,1820,0,2026-08-20
NIFTY,2026-08-25,23750.0,CE,492.4,606.05,485.15,549.15,549.15,1517,2393610729.25,48750,-1885,2026-08-20
NIFTY,2026-08-25,23800.0,CE,443.0,559.0,438.85,498.25,498.25,15589,24612524810.25,623480,-175240,2026-08-20
NIFTY,2026-08-25,24200.0,CE,115.1,198.0,111.5,150.45,150.45,2311365,3657740210130.5,8408595,-2676245,2026-08-20
NIFTY,2026-08-25,24500.0,CE,25.25,38.45,19.15,21.9,21.9,1340280,2136594415835.75,12514645,-2349620,2026-08-20
NIFTY,2026-08-25,24900.0,CE,4.0,5.3,1.55,1.7,1.7,767529,1242368465130.0,3314480,-2530125,2026-08-20
NIFTY,2026-08-25,24950.0,CE,2.55,4.45,1.4,1.55,1.55,314600,510245598456.75,1374165,-324675,2026-08-20
NIFTY,2026-08-25,25050.0,CE,2.65,3.6,1.1,1.2,1.2,160475,261312038146.25,925665,-705120,2026-08-20
NIFTY,2026-08-25,25600.0,CE,1.2,1.5,0.45,0.5,0.5,189636,315561680681.0,4299945,-41145,2026-08-20
NIFTY,2026-08-25,25950.0,CE,1.05,1.2,0.35,0.4,0.4,7972,13447092987.25,238160,-4160,2026-08-20
NIFTY,2026-08-25,26050.0,CE,0.8,1.15,0.4,0.45,0.45,5502,9316451953.25,152035,-61815,2026-08-20
NIFTY,2026-08-25,26100.0,CE,0.8,1.15,0.4,0.45,0.45,5342,9062888029.0,304460,-12610,2026-08-20
NIFTY,2026-08-25,26300.0,CE,0.85,0.95,0.4,0.45,0.45,5421,9267383190.0,719290,-72540,2026-08-20
NIFTY,2026-08-25,26700.0,CE,0.7,0.9,0.4,0.5,0.5,644,1117683658.0,46865,2145,2026-08-20
NIFTY,2026-08-25,27150.0,CE,0.85,1.05,0.3,0.35,0.35,2216,3910759563.75,46605,15860,2026-08-20
NIFTY,2026-09-01,22050.0,CE,0.0,0.0,0.0,2313.35,2225.84,0,0.0,0,0,2026-08-20
NIFTY,2026-09-01,22350.0,CE,0.0,0.0,0.0,2032.25,1926.88,0,0.0,0,0,2026-08-20
NIFTY,2026-09-01,23600.0,CE,650.05,775.0,647.9,725.6,725.6,117,184980055.0,4615,1235,2026-08-20
NIFTY,2026-09-01,23900.0,CE,407.35,498.6,406.25,448.0,448.0,1393,2203963901.75,53170,-130,2026-08-20
NIFTY,2026-09-01,24700.0,CE,35.5,41.95,27.6,29.75,29.75,50603,81348541459.25,1266785,345150,2026-08-20
NIFTY,2026-09-01,24800.0,CE,22.6,25.45,16.5,17.3,17.3,63818,102955353598.5,1398345,558285,2026-08-20
NIFTY,2026-09-01,24850.0,CE,16.1,20.65,12.85,13.45,13.45,12243,19787810614.0,208130,94705,2026-08-20
NIFTY,2026-09-01,26100.0,CE,1.15,1.9,0.85,1.4,1.4,244,413962445.0,22165,-195,2026-08-20
NIFTY,2026-09-01,27200.0,CE,1.0,1.3,0.75,0.75,0.75,108,190950675.5,19500,4615,2026-08-20
NIFTY,2026-09-08,22950.0,CE,0.0,0.0,0.0,1838.05,1377.71,0,0.0,0,0,2026-08-20
NIFTY,2026-09-08,23650.0,CE,0.0,0.0,0.0,1232.5,776.47,0,0.0,0,0,2026-08-20
NIFTY,2026-09-08,23850.0,CE,525.6,562.85,525.6,562.85,631.43,3,4755663.25,650,0,2026-08-20
NIFTY,2026-09-08,24100.0,CE,310.0,385.55,309.95,342.8,342.8,1950,3097875261.0,85280,-15795,2026-08-20
NIFTY,2026-09-08,25450.0,CE,0.0,0.0,0.0,244.7,48.99,0,0.0,0,0,2026-08-20
NIFTY,2026-09-08,25550.0,CE,0.0,0.0,0.0,217.2,39.33,0,0.0,0,0,2026-08-20
NIFTY,2026-09-08,25600.0,CE,6.55,6.6,4.2,4.85,4.85,2363,3932751208.75,151710,46345,2026-08-20
NIFTY,2026-09-08,25900.0,CE,3.9,4.0,2.55,2.85,2.85,80,134696669.25,7670,-65,2026-08-20
NIFTY,2026-09-08,26100.0,CE,4.0,4.0,2.55,2.8,2.8,103,174758639.25,9360,325,2026-08-20
NIFTY,2026-09-08,26200.0,CE,2.55,3.9,2.2,3.2,3.2,142,241852045.5,4615,2665,2026-08-20
NIFTY,2026-09-15,23450.0,CE,0.0,0.0,0.0,1271.65,997.32,0,0.0,0,0,2026-08-20
NIFTY,2026-09-15,25000.0,CE,42.05,44.95,34.65,38.15,38.15,2821,4591301211.25,147225,15665,2026-08-20
NIFTY,2026-09-22,22400.0,CE,0.0,0.0,0.0,1912.1,1984.0,0,0.0,0,0,2026-08-20
NIFTY,2026-09-22,23900.0,CE,545.1,645.65,545.1,645.65,744.56,3,4776265.0,520,130,2026-08-20
NIFTY,2026-09-22,24550.0,CE,0.0,0.0,0.0,375.95,395.47,0,0.0,0,0,2026-08-20
NIFTY,2026-09-29,16500.0,CE,0.0,0.0,0.0,10168.85,7849.68,0,0.0,0,0,2026-08-20
NIFTY,2026-09-29,21650.0,CE,0.0,0.0,0.0,2630.65,2742.32,0,0.0,0,0,2026-08-20
NIFTY,2026-09-29,23350.0,CE,0.0,0.0,0.0,1009.8,1198.63,0,0.0,585,0,2026-08-20
NIFTY,2026-09-29,24550.0,CE,223.95,256.0,216.35,232.0,232.0,509,819811437.25,47580,1365,2026-08-20
NIFTY,2026-09-29,25500.0,CE,27.5,28.1,20.2,23.2,23.2,40415,67046936726.25,2676115,302315,2026-08-20
NIFTY,2026-09-29,25750.0,CE,0.0,0.0,0.0,293.5,114.74,0,0.0,0,0,2026-08-20
NIFTY,2026-09-29,25850.0,CE,0.0,0.0,0.0,117.25,100.21,0,0.0,65,0,2026-08-20
NIFTY,2026-09-29,26000.0,CE,12.55,13.0,8.25,9.55,9.55,33406,56476152892.25,2899705,82940,2026-08-20
NIFTY,2026-09-29,26600.0,CE,7.45,7.45,4.4,4.45,4.45,454,785121808.25,52000,-910,2026-08-20
NIFTY,2026-09-29,27150.0,CE,3.95,4.65,2.1,2.95,2.95,983,1734918480.75,5005,2665,2026-08-20
NIFTY,2026-10-27,22500.0,CE,2020.0,2051.0,2005.2,2051.0,2092.37,18,28690694.5,4550,975,2026-08-20
NIFTY,2026-10-27,23750.0,CE,0.0,0.0,0.0,944.05,1125.34,0,0.0,0,0,2026-08-20
NIFTY,2026-10-27,23800.0,CE,870.0,915.5,870.0,888.0,1092.84,15,24069019.0,1040,0,2026-08-20
NIFTY,2026-10-27,23850.0,CE,0.0,0.0,0.0,1063.45,1060.89,0,0.0,0,0,2026-08-20
NIFTY,2026-10-27,24650.0,CE,341.0,355.0,341.0,355.0,625.98,15,24372107.5,5070,390,2026-08-20
NIFTY,2026-10-27,25250.0,CE,0.0,0.0,0.0,447.85,393.77,0,0.0,0,0,2026-08-20
NIFTY,2026-10-27,25950.0,CE,0.0,0.0,0.0,267.4,212.72,0,0.0,0,0,2026-08-20
NIFTY,2026-10-27,26500.0,CE,19.95,19.95,15.25,16.05,16.05,1271,2190657937.0,136305,-6695,2026-08-20
NIFTY,2026-12-29,20000.0,CE,4720.15,4749.4,4658.15,4702.75,4702.75,128,205469595.5,570400,-195,2026-08-20
NIFTY,2027-03-30,16500.0,CE,0.0,0.0,0.0,6995.9,8375.59,0,0.0,0,0,2026-08-20
NIFTY,2027-03-30,28500.0,CE,80.95,80.95,74.5,76.1,76.1,282,523800316.0,118040,130,2026-08-20
NIFTY,2028-06-27,22500.0,CE,0.0,0.0,0.0,6796.05,4813.85,0,0.0,0,0,2026-08-20
NIFTY,2028-06-27,28500.0,CE,0.0,0.0,0.0,2990.0,1724.83,0,0.0,0,0,2026-08-20
NIFTY,2028-12-26,27000.0,CE,0.0,0.0,0.0,2700.0,2946.53,0,0.0,845,0,2026-08-20
NIFTY,2029-06-26,22500.0,CE,0.0,0.0,0.0,7946.5,6103.14,0,0.0,0,0,2026-08-20
NIFTY,2030-06-25,28500.0,CE,0.0,0.0,0.0,5382.85,4107.95,0,0.0,0,0,2026-08-20
NIFTY,2030-06-25,30000.0,CE,0.0,0.0,0.0,5580.35,3507.22,0,0.0,0,0,2026-08-20
NIFTY,2030-12-31,19500.0,PE,0.0,0.0,0.0,67.4,200.46,0,0.0,0,0,2026-08-20
NIFTY,2030-12-31,16500.0,PE,0.0,0.0,0.0,13.65,55.69,0,0.0,0,0,2026-08-20
NIFTY,2029-12-24,30000.0,PE,0.0,0.0,0.0,1953.5,2810.09,0,0.0,0,0,2026-08-20
NIFTY,2029-12-24,21000.0,PE,0.0,0.0,0.0,350.05,331.51,0,0.0,715,0,2026-08-20
NIFTY,2029-12-24,16500.0,PE,0.0,0.0,0.0,10.15,43.55,0,0.0,0,0,2026-08-20
NIFTY,2027-12-28,24000.0,PE,669.05,670.0,646.0,654.15,654.15,151,241985305.25,142075,3835,2026-08-20
NIFTY,2027-03-30,22500.0,PE,176.1,178.4,167.05,171.25,171.25,2069,3049189117.0,509990,-50960,2026-08-20
NIFTY,2026-12-29,20000.0,PE,34.75,34.95,32.25,33.6,33.6,1983,2582241818.0,1151250,-13845,2026-08-20
NIFTY,2026-12-29,18000.0,PE,21.3,21.3,19.4,19.85,19.85,380,445092882.0,493030,-3965,2026-08-20
NIFTY,2026-12-29,16500.0,PE,0.0,0.0,0.0,12.5,0.01,0,0.0,3380,0,2026-08-20
NIFTY,2026-12-29,14000.0,PE,8.2,9.75,8.2,9.75,0.0,27,24586432.0,9415,1300,2026-08-20
NIFTY,2026-10-27,26750.0,PE,0.0,0.0,0.0,2501.2,2289.18,0,0.0,0,0,2026-08-20
NIFTY,2026-10-27,26500.0,PE,1926.0,1938.95,1926.0,1935.7,1935.7,5,9240968.75,1885,195,2026-08-20
NIFTY,2026-10-27,25650.0,PE,0.0,0.0,0.0,944.65,1388.12,0,0.0,130,0,2026-08-20
NIFTY,2026-10-27,25450.0,PE,0.0,0.0,0.0,848.5,1242.85,0,0.0,130,0,2026-08-20
NIFTY,2026-10-27,24750.0,PE,0.0,0.0,0.0,486.95,800.27,0,0.0,1170,0,2026-08-20
NIFTY,2026-10-27,24550.0,PE,438.0,438.0,398.0,420.45,420.45,17,27584735.75,3510,520,2026-08-20
NIFTY,2026-10-27,24000.0,PE,250.05,250.05,202.15,220.9,220.9,5376,8463573813.5,510120,31785,2026-08-20
NIFTY,2026-10-27,23950.0,PE,0.0,0.0,0.0,612.05,426.74,0,0.0,0,0,2026-08-20
NIFTY,2026-10-27,23350.0,PE,0.0,0.0,0.0,387.65,240.75,0,0.0,0,0,2026-08-20
NIFTY,2026-10-27,23300.0,PE,96.35,96.7,80.0,89.95,89.95,1320,2006810130.0,122265,12285,2026-08-20
NIFTY,2026-10-27,23050.0,PE,0.0,0.0,0.0,301.35,172.9,0,0.0,0,0,2026-08-20
NIFTY,2026-09-29,28500.0,PE,4080.0,4086.1,4000.0,4055.0,4055.0,103,217947050.75,428285,845,2026-08-20
NIFTY,2026-09-29,26900.0,PE,0.0,0.0,0.0,2127.9,2495.96,0,0.0,65,0,2026-08-20
NIFTY,2026-09-29,26850.0,PE,0.0,0.0,0.0,2691.9,2448.09,0,0.0,0,0,2026-08-20
NIFTY,2026-09-29,26750.0,PE,0.0,0.0,0.0,2604.3,2352.75,0,0.0,0,0,2026-08-20
NIFTY,2026-09-29,25600.0,PE,1188.65,1209.6,1152.0,1196.8,1196.8,85,147965889.5,4290,3900,2026-08-20
NIFTY,2026-09-29,25000.0,PE,785.0,785.05,621.45,669.8,669.8,12660,21130350530.25,1601470,256885,2026-08-20
NIFTY,2026-09-29,23900.0,PE,154.5,154.5,117.85,133.85,133.85,9383,14659541009.75,511355,39195,2026-08-20
NIFTY,2026-09-29,23350.0,PE,57.0,60.2,48.0,56.0,56.0,1859,2827822611.25,47840,9490,2026-08-20
NIFTY,2026-09-29,23250.0,PE,49.95,52.0,41.4,47.35,47.35,1179,1785269973.5,44785,17355,2026-08-20
NIFTY,2026-09-29,22850.0,PE,28.95,31.65,26.35,27.2,27.2,126,187377203.0,15925,195,2026-08-20
NIFTY,2026-09-29,22300.0,PE,18.0,18.1,15.0,15.95,15.95,955,1385294813.5,150345,14625,2026-08-20
NIFTY,2026-09-29,21800.0,PE,12.6,12.6,9.8,11.45,11.45,689,976827881.25,76115,4680,2026-08-20
NIFTY,2026-09-29,21600.0,PE,9.05,12.7,9.05,10.65,10.65,269,377850440.5,54210,5525,2026-08-20
NIFTY,2026-09-22,25850.0,PE,0.0,0.0,0.0,1613.85,1535.7,0,0.0,0,0,2026-08-20
NIFTY,2026-09-22,25450.0,PE,0.0,0.0,0.0,1271.15,1195.93,0,0.0,0,0,2026-08-20
NIFTY,2026-09-22,25400.0,PE,0.0,0.0,0.0,1230.35,1155.62,0,0.0,0,0,2026-08-20
NIFTY,2026-09-22,25250.0,PE,0.0,0.0,0.0,1111.0,1038.03,0,0.0,0,0,2026-08-20
NIFTY,2026-09-22,25050.0,PE,0.0,0.0,0.0,959.7,889.63,0,0.0,0,0,2026-08-20
NIFTY,2026-09-22,24950.0,PE,0.0,0.0,0.0,887.95,819.55,0,0.0,0,0,2026-08-20
NIFTY,2026-09-22,24800.0,PE,0.0,0.0,0.0,785.4,719.82,0,0.0,0,0,2026-08-20
NIFTY,2026-09-22,23000.0,PE,0.0,0.0,0.0,85.8,67.8,0,0.0,0,0,2026-08-20
NIFTY,2026-09-15,25150.0,PE,0.0,0.0,0.0,817.1,950.37,0,0.0,0,0,2026-08-20
NIFTY,2026-09-15,25100.0,PE,0.0,0.0,0.0,901.0,911.82,0,0.0,130,0,2026-08-20
NIFTY,2026-09-15,24900.0,PE,0.0,0.0,0.0,659.05,764.68,0,0.0,0,0,2026-08-20
NIFTY,2026-09-15,24350.0,PE,250.95,251.0,201.8,221.2,221.2,88,140552386.0,5005,2015,2026-08-20
NIFTY,2026-09-15,23650.0,PE,0.0,0.0,0.0,154.25,161.66,0,0.0,0,0,2026-08-20
NIFTY,2026-09-15,22900.0,PE,0.0,0.0,0.0,44.15,38.34,0,0.0,0,0,2026-08-20
NIFTY,2026-09-08,26300.0,PE,0.0,0.0,0.0,1612.35,1991.26,0,0.0,0,0,2026-08-20
NIFTY,2026-09-08,25900.0,PE,0.0,0.0,0.0,1274.25,1603.75,0,0.0,0,0,2026-08-20
NIFTY,2026-09-08,25300.0,PE,0.0,0.0,0.0,828.8,1055.63,0,0.0,0,0,2026-08-20
NIFTY,2026-09-08,25250.0,PE,0.0,0.0,0.0,795.8,1012.96,0,0.0,0,0,2026-08-20
NIFTY,2026-09-08,24650.0,PE,409.65,423.4,359.0,392.6,392.6,28,45607672.5,2600,0,2026-08-20
NIFTY,2026-09-08,24150.0,PE,144.35,147.7,109.4,124.35,124.35,1111,1753409498.75,32695,24050,2026-08-20
NIFTY,2026-09-01,26800.0,PE,0.0,0.0,0.0,2454.6,2514.89,0,0.0,0,0,2026-08-20
NIFTY,2026-09-01,25600.0,PE,0.0,0.0,0.0,1429.65,1328.2,0,0.0,780,0,2026-08-20
NIFTY,2026-09-01,25150.0,PE,813.0,813.0,813.0,813.0,910.4,2,3375190.0,780,0,2026-08-20
NIFTY,2026-09-01,24900.0,PE,626.0,629.0,550.0,595.95,595.95,111,183895442.25,6565,780,2026-08-20
NIFTY,2026-09-01,24800.0,PE,550.05,550.05,453.2,503.05,503.05,564,927676792.25,38090,11830,2026-08-20
NIFTY,2026-09-01,22350.0,PE,4.2,5.25,2.9,3.75,3.75,475,690172190.5,8905,1300,2026-08-20
NIFTY,2026-08-25,27200.0,PE,0.0,0.0,0.0,2940.35,2945.58,0,0.0,1170,0,2026-08-20
NIFTY,2026-08-25,25950.0,PE,0.0,0.0,0.0,1816.75,1696.64,0,0.0,130,0,2026-08-20
NIFTY,2026-08-25,25400.0,PE,1150.0,1150.0,1068.0,1106.2,1106.2,45,77574578.25,36530,-2275,2026-08-20
NIFTY,2026-08-25,24500.0,PE,309.95,309.95,185.75,228.15,228.15,235400,378470751148.75,4003025,-1038830,2026-08-20
NIFTY,2026-08-25,24050.0,PE,36.75,42.75,20.75,24.25,24.25,479855,750981366876.0,3156530,140725,2026-08-20
NIFTY,2026-08-25,23750.0,PE,5.0,10.85,4.85,5.4,5.4,296252,457460232095.75,2265445,563225,2026-08-20
NIFTY,2026-08-25,22950.0,PE,2.9,3.15,1.6,1.95,1.95,57791,86218071693.0,279695,71240,2026-08-20
NIFTY,2026-08-25,22300.0,PE,1.7,2.6,1.15,1.4,1.4,33010,47851387103.0,686530,80535,2026-08-20
NIFTY,2026-08-25,21650.0,PE,1.55,3.05,0.65,0.9,0.9,1575,2216535015.5,33280,16770,2026-08-20
NIFTY,2031-06-24,27000.0,CE,0.0,0.0,0.0,5699.0,5926.28,0,0.0,0,0,2026-08-20
NIFTY,2030-12-31,21000.0,CE,0.0,0.0,0.0,10552.5,8782.37,0,0.0,0,0,2026-08-20
NIFTY,2029-12-24,30000.0,CE,0.0,0.0,0.0,2863.2,2941.22,0,0.0,8145,0,2026-08-20
NIFTY,2026-08-25,23900.0,CE,352.85,462.95,345.45,402.85,402.85,26021,41076404408.0,307450,-237445,2026-08-20
NIFTY,2026-08-25,25400.0,CE,1.35,1.55,0.6,0.6,0.6,206615,341132131015.0,4343690,13975,2026-08-20
NIFTY,2026-08-25,25500.0,CE,1.75,1.75,0.55,0.6,0.6,399374,661982799981.75,8799505,-2924285,2026-08-20
NIFTY,2026-08-25,25800.0,CE,1.0,1.2,0.4,0.45,0.45,35430,59417376109.0,1476150,-102050,2026-08-20
NIFTY,2026-08-25,26550.0,CE,0.65,0.85,0.4,0.5,0.5,625,1078616110.0,18330,-3575,2026-08-20
NIFTY,2026-09-01,22300.0,CE,0.0,0.0,0.0,2078.55,1976.65,0,0.0,0,0,2026-08-20
NIFTY,2026-09-01,22800.0,CE,0.0,0.0,0.0,1629.4,1481.51,0,0.0,0,0,2026-08-20
NIFTY,2026-09-01,22950.0,CE,0.0,0.0,0.0,1501.8,1335.31,0,0.0,0,0,2026-08-20
NIFTY,2026-09-01,24650.0,CE,40.0,52.55,34.75,38.15,38.15,13271,21299273407.75,235495,46410,2026-08-20
NIFTY,2026-09-01,25100.0,CE,7.85,7.95,4.7,4.9,4.9,15632,25509056088.75,477425,37700,2026-08-20
NIFTY,2026-09-01,25300.0,CE,5.6,5.6,2.8,3.4,3.4,10133,16665945484.5,359970,154895,2026-08-20
NIFTY,2026-09-01,25600.0,CE,2.75,3.2,1.55,2.0,2.0,2318,3857461101.0,73385,5460,2026-08-20
NIFTY,2026-09-01,26150.0,CE,1.05,1.5,0.85,1.25,1.25,60,101989442.75,3380,-715,2026-08-20
NIFTY,2026-09-01,26200.0,CE,1.2,1.25,0.85,1.0,1.0,448,762971719.25,28925,780,2026-08-20
NIFTY,2026-09-01,26700.0,CE,1.3,1.3,0.7,0.95,0.95,62,107605491.5,8970,260,2026-08-20
NIFTY,2026-09-08,22350.0,CE,0.0,0.0,0.0,2406.1,1955.93,0,0.0,0,0,2026-08-20
NIFTY,2026-09-08,23200.0,CE,0.0,0.0,0.0,984.8,1149.76,0,0.0,195,0,2026-08-20
NIFTY,2026-09-08,23450.0,CE,0.0,0.0,0.0,1396.6,935.26,0,0.0,0,0,2026-08-20
NIFTY,2026-09-08,23600.0,CE,741.1,790.0,733.0,790.0,814.96,23,36398037.0,1105,715,2026-08-20
NIFTY,2026-09-08,24600.0,CE,89.95,108.9,82.75,89.95,89.95,4148,6657493144.25,198835,31785,2026-08-20
NIFTY,2026-09-08,25150.0,CE,0.0,0.0,0.0,343.0,90.56,0,0.0,0,0,2026-08-20
NIFTY,2026-09-08,25950.0,CE,4.95,4.95,2.75,2.85,15.14,24,40487274.75,1170,130,2026-08-20
NIFTY,2026-09-15,22450.0,CE,0.0,0.0,0.0,2169.4,1891.46,0,0.0,0,0,2026-08-20
NIFTY,2026-09-15,24550.0,CE,148.7,163.65,137.35,147.05,147.05,110,176598568.25,4095,845,2026-08-20
NIFTY,2026-09-15,25700.0,CE,0.0,0.0,0.0,144.0,55.36,0,0.0,0,0,2026-08-20
NIFTY,2026-09-22,23300.0,CE,0.0,0.0,0.0,1128.6,1182.86,0,0.0,0,0,2026-08-20
NIFTY,2026-09-22,24400.0,CE,280.05,280.05,250.0,260.1,260.1,31,49699559.0,1040,1040,2026-08-20
NIFTY,2026-09-22,25150.0,CE,0.0,0.0,0.0,185.6,192.55,0,0.0,0,0,2026-08-20
NIFTY,2026-09-29,15000.0,CE,0.0,0.0,0.0,10499.3,9338.97,0,0.0,0,0,2026-08-20
NIFTY,2026-09-29,18000.0,CE,0.0,0.0,0.0,6180.0,6360.4,0,0.0,1235,0,2026-08-20
NIFTY,2026-09-29,22300.0,CE,0.0,0.0,0.0,1833.95,2116.11,0,0.0,195,0,2026-08-20
NIFTY,2026-09-29,22350.0,CE,0.0,0.0,0.0,1788.15,2069.09,0,0.0,195,0,2026-08-20
NIFTY,2026-09-29,23200.0,CE,1200.0,1264.3,1200.0,1234.55,1234.55,193,306574394.75,12285,6760,2026-08-20
NIFTY,2026-09-29,23400.0,CE,1040.0,1084.05,1037.5,1065.0,1159.93,14,22269442.0,3835,-390,2026-08-20
NIFTY,2026-09-29,23450.0,CE,1029.3,1032.15,1029.3,1032.15,1121.83,4,6365173.75,585,-260,2026-08-20
NIFTY,2026-09-29,23500.0,CE,933.0,1011.6,922.9,963.7,963.7,997,1584714667.25,293670,11570,2026-08-20
NIFTY,2026-09-29,23650.0,CE,800.0,877.3,800.0,858.1,975.39,15,23867655.5,1560,-585,2026-08-20
NIFTY,2026-09-29,24250.0,CE,382.0,424.95,367.9,392.8,392.8,1284,2057066911.25,76050,24050,2026-08-20
NIFTY,2026-09-29,25050.0,CE,75.9,79.5,65.6,71.15,71.15,950,1551229043.0,89960,15015,2026-08-20
NIFTY,2026-09-29,25250.0,CE,46.4,46.4,38.25,41.55,41.55,792,1302038062.0,55900,13260,2026-08-20
NIFTY,2026-09-29,25300.0,CE,36.05,42.7,33.75,36.7,36.7,11100,18280846645.75,621205,47580,2026-08-20
NIFTY,2026-09-29,26850.0,CE,5.15,5.85,3.35,4.15,4.15,16,27928280.25,3445,260,2026-08-20
NIFTY,2026-10-27,22250.0,CE,0.0,0.0,0.0,2207.3,2313.86,0,0.0,0,0,2026-08-20
NIFTY,2026-10-27,22450.0,CE,0.0,0.0,0.0,2042.45,2136.1,0,0.0,0,0,2026-08-20
NIFTY,2026-10-27,22750.0,CE,0.0,0.0,0.0,1805.4,1878.53,0,0.0,0,0,2026-08-20
NIFTY,2026-10-27,23150.0,CE,0.0,0.0,0.0,1510.7,1555.61,0,0.0,0,0,2026-08-20
NIFTY,2026-10-27,24550.0,CE,394.05,413.25,394.05,402.25,402.25,30,48650819.75,5395,130,2026-08-20
NIFTY,2026-10-27,25200.0,CE,151.15,157.65,140.4,147.8,147.8,1623,2673897515.25,182000,-10530,2026-08-20
NIFTY,2026-10-27,26250.0,CE,0.0,0.0,0.0,210.65,159.25,0,0.0,0,0,2026-08-20
NIFTY,2026-10-27,26350.0,CE,0.0,0.0,0.0,194.1,144.1,0,0.0,0,0,2026-08-20
NIFTY,2026-12-29,18000.0,CE,0.0,0.0,0.0,6570.45,6649.72,0,0.0,1690,0,2026-08-20
NIFTY,2026-12-29,34500.0,CE,0.0,0.0,0.0,4.9,0.28,0,0.0,975,0,2026-08-20
NIFTY,2027-03-30,22500.0,CE,2790.0,2790.0,2790.0,2790.0,2906.66,1,1643850.0,5655,0,2026-08-20
NIFTY,2028-12-26,16500.0,CE,0.0,0.0,0.0,12176.65,10112.16,0,0.0,0,0,2026-08-20
NIFTY,2029-06-26,27000.0,CE,0.0,0.0,0.0,6570.4,3576.87,0,0.0,0,0,2026-08-20
NIFTY,2029-12-24,25500.0,CE,0.0,0.0,0.0,6500.6,4938.31,0,0.0,0,0,2026-08-20
NIFTY,2030-12-31,33000.0,PE,0.0,0.0,0.0,2387.3,3619.96,0,0.0,0,0,2026-08-20
NIFTY,2030-12-31,27000.0,PE,0.0,0.0,0.0,779.5,1445.77,0,0.0,0,0,2026-08-20
NIFTY,2029-12-24,19500.0,PE,0.0,0.0,0.0,61.2,187.59,0,0.0,0,0,2026-08-20
NIFTY,2029-06-26,26000.0,PE,0.0,0.0,0.0,1650.0,1405.77,0,0.0,50,0,2026-08-20
NIFTY,2029-06-26,22500.0,PE,0.0,0.0,0.0,224.45,542.65,0,0.0,0,0,2026-08-20
NIFTY,2028-12-26,30000.0,PE,0.0,0.0,0.0,2352.75,3308.03,0,0.0,0,0,2026-08-20
NIFTY,2028-12-26,22500.0,PE,0.0,0.0,0.0,218.8,534.88,0,0.0,0,0,2026-08-20
NIFTY,2028-12-26,21000.0,PE,355.0,440.0,355.0,440.0,303.52,2,2781675.0,7775,0,2026-08-20
NIFTY,2028-06-27,25500.0,PE,0.0,0.0,0.0,667.45,1356.12,0,0.0,0,0,2026-08-20
NIFTY,2028-06-27,22000.0,PE,0.0,0.0,0.0,383.05,419.88,0,0.0,1300,0,2026-08-20
NIFTY,2028-06-27,18000.0,PE,0.0,0.0,0.0,396.75,51.15,0,0.0,0,0,2026-08-20
NIFTY,2027-12-28,30000.0,PE,0.0,0.0,0.0,3339.0,3978.34,0,0.0,195,0,2026-08-20
NIFTY,2027-12-28,22500.0,PE,0.0,0.0,0.0,186.5,463.65,0,0.0,0,0,2026-08-20
NIFTY,2027-12-28,19500.0,PE,0.0,0.0,0.0,29.25,90.92,0,0.0,0,0,2026-08-20
NIFTY,2027-06-29,33000.0,PE,0.0,0.0,0.0,4691.7,7050.79,0,0.0,0,0,2026-08-20
NIFTY,2027-03-30,33000.0,PE,0.0,0.0,0.0,8415.45,7503.64,0,0.0,0,0,2026-08-20
NIFTY,2026-12-29,12000.0,PE,8.0,8.0,8.0,8.0,0.0,4,3122080.0,18215,260,2026-08-20
NIFTY,2026-10-27,26600.0,PE,0.0,0.0,0.0,2372.55,2157.43,0,0.0,0,0,2026-08-20
NIFTY,2026-10-27,26000.0,PE,1524.0,1524.0,1431.0,1481.95,1481.95,195,348361887.25,56290,9490,2026-08-20
NIFTY,2026-10-27,25600.0,PE,0.0,0.0,0.0,994.25,1350.34,0,0.0,195,0,2026-08-20
NIFTY,2026-10-27,25200.0,PE,798.0,825.3,771.25,807.2,807.2,115,194415542.75,7735,1755,2026-08-20
NIFTY,2026-10-27,25000.0,PE,699.15,699.15,621.6,671.65,671.65,3418,5701407754.25,390455,46605,2026-08-20
NIFTY,2026-10-27,24850.0,PE,0.0,0.0,0.0,510.05,857.14,0,0.0,1430,0,2026-08-20
NIFTY,2026-10-27,24800.0,PE,559.95,568.8,505.8,547.0,547.0,1052,1732692601.25,81250,39975,2026-08-20
NIFTY,2026-10-27,24300.0,PE,328.55,331.5,292.0,315.9,315.9,366,585619463.0,53170,2600,2026-08-20
NIFTY,2026-10-27,23450.0,PE,113.45,116.0,102.55,109.15,109.15,108,165386568.75,27170,-780,2026-08-20
NIFTY,2026-10-27,23100.0,PE,77.0,77.0,64.95,70.0,70.0,605,911162720.0,59475,15405,2026-08-20
NIFTY,2026-09-29,33000.0,PE,0.0,0.0,0.0,6552.15,8532.48,0,0.0,0,0,2026-08-20
NIFTY,2026-09-29,27150.0,PE,0.0,0.0,0.0,2959.15,2737.13,0,0.0,0,0,2026-08-20
NIFTY,2026-09-29,25700.0,PE,1325.0,1325.0,1267.0,1295.45,1295.45,21,36830813.5,1430,715,2026-08-20
NIFTY,2026-09-29,25650.0,PE,0.0,0.0,0.0,1016.85,1365.93,0,0.0,65,0,2026-08-20
NIFTY,2026-09-29,24950.0,PE,636.05,637.1,594.7,637.05,637.05,8,13297856.0,6695,-130,2026-08-20
NIFTY,2026-09-29,24750.0,PE,524.85,524.85,466.85,478.2,715.29,48,78763174.75,35620,-845,2026-08-20
NIFTY,2026-09-29,23400.0,PE,71.0,71.0,52.2,59.35,59.35,10120,15431007033.0,609050,8580,2026-08-20
NIFTY,2026-09-29,22600.0,PE,23.0,24.3,20.25,21.3,21.3,1997,2936397499.75,273715,-845,2026-08-20
NIFTY,2026-09-29,22550.0,PE,24.2,24.25,19.55,20.4,20.4,230,337443512.25,7215,-325,2026-08-20
NIFTY,2026-09-29,21950.0,PE,0.0,0.0,0.0,15.8,11.86,0,0.0,10335,0,2026-08-20
NIFTY,2026-09-29,21000.0,PE,9.55,10.25,8.55,9.25,9.25,3314,4525629221.75,1449435,-9035,2026-08-20
NIFTY,2026-09-22,25750.0,PE,0.0,0.0,0.0,1525.75,1448.15,0,0.0,0,0,2026-08-20
NIFTY,2026-09-22,25200.0,PE,0.0,0.0,0.0,1072.35,1000.97,0,0.0,0,0,2026-08-20
NIFTY,2026-09-22,24150.0,PE,0.0,0.0,0.0,419.35,369.68,0,0.0,0,0,2026-08-20
NIFTY,2026-09-22,22800.0,PE,0.0,0.0,0.0,60.35,46.5,0,0.0,0,0,2026-08-20
NIFTY,2026-09-22,22700.0,PE,0.0,0.0,0.0,50.15,38.12,0,0.0,0,0,2026-08-20
NIFTY,2026-09-22,22350.0,PE,0.0,0.0,0.0,24.9,17.95,0,0.0,0,0,2026-08-20
NIFTY,2026-09-15,25650.0,PE,0.0,0.0,0.0,1183.55,1368.32,0,0.0,0,0,2026-08-20
NIFTY,2026-09-15,25050.0,PE,0.0,0.0,0.0,751.7,874.89,0,0.0,0,0,2026-08-20
NIFTY,2026-09-15,23600.0,PE,0.0,0.0,0.0,143.35,148.09,0,0.0,0,0,2026-08-20
NIFTY,2026-09-15,23550.0,PE,0.0,0.0,0.0,133.0,136.15,0,0.0,0,0,2026-08-20
NIFTY,2026-09-15,23250.0,PE,0.0,0.0,0.0,82.5,79.09,0,0.0,0,0,2026-08-20
NIFTY,2026-09-15,23150.0,PE,41.7,41.7,16.75,17.6,17.6,116,174689641.75,4160,4160,2026-08-20
NIFTY,2026-09-15,22700.0,PE,11.6,11.75,9.3,10.1,10.1,101,149093405.5,20475,1300,2026-08-20
NIFTY,2026-09-08,25350.0,PE,0.0,0.0,0.0,1029.9,1098.88,0,0.0,65,0,2026-08-20
NIFTY,2026-09-08,25200.0,PE,0.0,0.0,0.0,723.75,970.9,0,0.0,455,0,2026-08-20
NIFTY,2026-09-08,25150.0,PE,0.0,0.0,0.0,731.9,929.49,0,0.0,0,0,2026-08-20
NIFTY,2026-09-08,25000.0,PE,705.1,717.0,630.05,683.65,683.65,105,175285298.5,7930,2665,2026-08-20
NIFTY,2026-09-08,23500.0,PE,35.0,35.0,18.25,21.3,21.3,18901,28898750715.25,635700,379080,2026-08-20
NIFTY,2026-09-08,23150.0,PE,14.0,14.4,10.05,10.65,10.65,478,719654802.75,33215,585,2026-08-20
NIFTY,2026-09-01,26650.0,PE,0.0,0.0,0.0,2313.1,2365.28,0,0.0,0,0,2026-08-20
NIFTY,2026-09-01,26250.0,PE,0.0,0.0,0.0,1944.45,1966.9,0,0.0,0,0,2026-08-20
