SYMBOL,EXPIRY_DT,STRIKE_PR,OPTION_TYP,OPEN,HIGH,LOW,CLOSE,SETTLE_PR,CONTRACTS,VAL_INLAKH,OPEN_INT,CHG_IN_OI,TIMESTAMP
NIFTY,2026-10-27,24650.0,CE,2.6,4.05,2.6,3.7,3.7,119,190696203.75,28795,-4550,2026-10-08
NIFTY,2026-10-27,25200.0,CE,1.6,2.6,1.6,2.2,2.2,780,1277756896.0,150800,-9620,2026-10-08
NIFTY,2026-11-03,20650.0,CE,0.0,0.0,0.0,2822.75,1670.13,0,0.0,0,0,2026-10-08
NIFTY,2026-11-03,22900.0,CE,191.3,200.75,121.25,125.8,125.8,668,1000514430.5,22750,10010,2026-10-08
NIFTY,2026-11-03,23350.0,CE,66.0,67.5,47.05,48.45,48.45,92,139953778.25,8190,-1170,2026-10-08
NIFTY,2026-11-03,24250.0,CE,8.95,10.8,8.95,10.8,2.86,37,58344637.0,1365,1365,2026-10-08
NIFTY,2026-11-03,24350.0,CE,0.0,0.0,0.0,18.75,2.03,0,0.0,975,0,2026-10-08
NIFTY,2026-11-03,24950.0,CE,5.1,5.1,5.1,5.1,5.1,3,4866244.5,1365,0,2026-10-08
NIFTY,2026-11-09,20100.0,CE,0.0,0.0,0.0,2787.75,2233.84,0,0.0,0,0,2026-10-08
NIFTY,2026-11-09,21150.0,CE,0.0,0.0,0.0,1764.55,1220.47,0,0.0,0,0,2026-10-08
NIFTY,2026-11-09,21550.0,CE,0.0,0.0,0.0,1397.9,874.8,0,0.0,0,0,2026-10-08
NIFTY,2026-11-09,22800.0,CE,249.15,249.5,184.3,187.4,187.4,108,161495152.0,3835,3835,2026-10-08
NIFTY,2026-11-23,20450.0,CE,0.0,0.0,0.0,4194.15,1940.26,0,0.0,0,0,2026-10-08
NIFTY,2026-11-23,20600.0,CE,0.0,0.0,0.0,4048.2,1796.58,0,0.0,0,0,2026-10-08
NIFTY,2026-11-23,20700.0,CE,0.0,0.0,0.0,3951.1,1701.89,0,0.0,0,0,2026-10-08
NIFTY,2026-11-23,20850.0,CE,0.0,0.0,0.0,3805.95,1561.91,0,0.0,0,0,2026-10-08
NIFTY,2026-11-23,24350.0,CE,32.4,32.4,25.45,25.85,25.85,37,58630393.25,11115,-845,2026-10-08
NIFTY,2026-11-23,25150.0,CE,11.35,11.75,10.65,11.75,2.65,28,45792964.75,1365,260,2026-10-08
NIFTY,2026-12-29,20600.0,CE,0.0,0.0,0.0,2477.9,1944.92,0,0.0,0,0,2026-10-08
NIFTY,2026-12-29,20900.0,CE,0.0,0.0,0.0,2211.65,1679.64,0,0.0,0,0,2026-10-08
NIFTY,2026-12-29,21200.0,CE,1475.05,1475.05,1472.45,1472.45,1428.24,6,8842762.5,390,390,2026-10-08
NIFTY,2026-12-29,21650.0,CE,1192.05,1192.05,1185.5,1185.6,1084.42,13,19298006.0,3900,845,2026-10-08
NIFTY,2026-12-29,22150.0,CE,790.55,790.7,790.2,790.25,759.56,4,5964510.5,910,-195,2026-10-08
NIFTY,2026-12-29,22700.0,CE,610.05,615.9,475.95,479.05,479.05,532,802875339.5,27885,390,2026-10-08
NIFTY,2026-12-29,22750.0,CE,581.25,585.1,459.45,466.3,459.08,116,175369184.25,12090,2990,2026-10-08
NIFTY,2026-12-29,23050.0,CE,437.45,437.45,338.85,339.5,339.5,74,112696463.75,3835,520,2026-10-08
NIFTY,2026-12-29,23450.0,CE,245.95,251.45,210.65,213.0,213.0,154,237062283.25,11375,520,2026-10-08
NIFTY,2026-12-29,24300.0,CE,94.4,94.55,74.65,78.25,78.25,638,1011215825.75,54145,-2080,2026-10-08
NIFTY,2026-12-29,26000.0,CE,19.95,20.0,16.3,16.95,16.95,10248,17331332174.0,3777060,-94005,2026-10-08
NIFTY,2027-03-30,31500.0,CE,10.0,10.0,10.0,10.0,10.0,9,18433350.0,1235,195,2026-10-08
NIFTY,2027-06-29,24000.0,CE,691.9,704.35,584.1,597.15,597.15,1647,2636193124.5,99790,29510,2026-10-08
NIFTY,2027-12-28,22500.0,CE,2324.8,2375.0,2175.0,2185.05,2185.05,76,122256888.0,7345,2600,2026-10-08
NIFTY,2027-12-28,25000.0,CE,900.0,904.95,818.2,830.7,830.7,1025,1722334155.75,239665,-24960,2026-10-08
NIFTY,2030-06-25,16500.0,CE,0.0,0.0,0.0,13374.05,8944.37,0,0.0,0,0,2026-10-08
NIFTY,2030-12-31,19500.0,CE,0.0,0.0,0.0,11601.15,7145.7,0,0.0,0,0,2026-10-08
NIFTY,2030-12-31,28500.0,CE,0.0,0.0,0.0,5968.3,2383.68,0,0.0,0,0,2026-10-08
NIFTY,2031-06-24,30000.0,CE,0.0,0.0,0.0,4459.9,2292.16,0,0.0,0,0,2026-10-08
NIFTY,2026-10-13,20050.0,PE,0.85,1.8,0.8,1.0,1.0,122820,160074908145.75,4296695,-331370,2026-10-08
NIFTY,2026-10-13,20150.0,PE,1.1,1.85,0.85,1.15,1.15,21038,27556257771.25,119795,60645,2026-10-08
NIFTY,2026-10-13,21400.0,PE,2.45,8.8,2.4,6.2,6.2,440259,612556206284.75,3215745,907595,2026-10-08
NIFTY,2026-10-13,21850.0,PE,7.7,38.25,3.65,30.55,30.55,548321,779551957288.0,2145325,1209650,2026-10-08
NIFTY,2026-10-13,22050.0,PE,15.0,81.65,13.0,68.25,68.25,751745,1079920387373.75,1424735,77805,2026-10-08
NIFTY,2026-10-13,22900.0,PE,357.4,681.35,357.4,660.6,660.6,18359,27917691503.0,661375,-168805,2026-10-08
NIFTY,2026-10-13,23450.0,PE,999.0,1228.2,990.3,1212.35,1212.35,131,208902382.0,10205,-2860,2026-10-08
NIFTY,2026-10-13,23900.0,PE,1400.0,1662.0,1400.0,1656.8,1656.8,32,53025716.25,94900,-975,2026-10-08
NIFTY,2026-10-13,24550.0,PE,0.0,0.0,0.0,961.3,2298.87,0,0.0,0,0,2026-10-08
NIFTY,2026-10-13,25000.0,PE,2449.95,2759.85,2449.95,2748.8,2748.8,226,406975299.25,80015,-10855,2026-10-08
NIFTY,2026-10-13,25400.0,PE,2915.0,2915.0,2915.0,2915.0,3148.2,1,1840475.0,13000,-65,2026-10-08
NIFTY,2026-10-19,20100.0,PE,3.25,5.2,2.8,4.0,4.0,7537,9849095932.0,185380,67600,2026-10-08
NIFTY,2026-10-19,21450.0,PE,12.15,36.7,12.1,31.85,31.85,3855,5380920610.0,49725,16835,2026-10-08
NIFTY,2026-10-19,21750.0,PE,25.55,74.2,23.65,62.35,62.35,12731,18044175925.75,308945,269230,2026-10-08
NIFTY,2026-10-19,22050.0,PE,53.55,148.0,52.55,131.9,131.9,11646,16769817723.75,77090,4615,2026-10-08
NIFTY,2026-10-13,22200.0,CE,359.2,400.0,156.15,167.15,167.15,738642,1074975404698.0,3264950,2912325,2026-10-08
NIFTY,2026-10-13,21950.0,CE,670.0,670.0,327.65,341.4,341.4,4226,6134367664.75,53170,51935,2026-10-08
NIFTY,2026-10-13,21850.0,CE,568.15,568.15,410.05,430.1,430.1,1247,1807320820.5,19240,18135,2026-10-08
NIFTY,2026-10-13,21500.0,CE,1029.9,1030.0,734.85,751.25,751.25,2783,4033208656.75,78715,41990,2026-10-08
NIFTY,2026-10-13,21050.0,CE,0.0,0.0,0.0,2704.75,1198.39,0,0.0,0,0,2026-10-08
NIFTY,2026-10-13,20800.0,CE,0.0,0.0,0.0,2952.0,1448.18,0,0.0,0,0,2026-10-08
NIFTY,2026-12-29,21100.0,PE,117.0,173.0,117.0,168.35,168.35,286,395081368.5,10595,-3185,2026-10-08
NIFTY,2026-10-13,21500.0,PE,2.75,11.8,2.75,8.55,8.55,1004025,1403608912849.0,9647820,2541500,2026-10-08
NIFTY,2026-11-23,21200.0,CE,1300.0,1301.0,1300.0,1300.5,1300.5,2,2925065.0,130,130,2026-10-08
NIFTY,2026-11-23,20900.0,CE,0.0,0.0,0.0,3757.7,1515.88,0,0.0,0,0,2026-10-08
NIFTY,2026-11-23,20400.0,CE,0.0,0.0,0.0,4242.9,1988.52,0,0.0,0,0,2026-10-08
NIFTY,2026-11-09,23550.0,CE,49.15,49.15,48.6,48.65,48.65,7,10737519.0,390,390,2026-10-08
NIFTY,2026-11-09,23350.0,CE,104.7,104.7,74.8,76.0,60.31,23,35025796.0,1430,1365,2026-10-08
NIFTY,2026-11-09,22350.0,CE,0.0,0.0,0.0,762.6,348.35,0,0.0,0,0,2026-10-08
NIFTY,2026-11-09,22200.0,CE,478.9,488.0,454.15,469.1,469.1,23,33894438.5,975,975,2026-10-08
NIFTY,2026-11-09,21350.0,CE,0.0,0.0,0.0,1578.45,1042.67,0,0.0,0,0,2026-10-08
NIFTY,2026-11-03,24150.0,CE,10.3,11.6,10.3,11.6,3.99,26,40832213.5,845,845,2026-10-08
NIFTY,2026-11-03,23450.0,CE,59.4,59.7,37.6,37.6,37.6,133,203101856.75,7930,-1950,2026-10-08
NIFTY,2026-11-03,21600.0,CE,0.0,0.0,0.0,1906.05,795.31,0,0.0,0,0,2026-10-08
NIFTY,2026-11-03,21150.0,CE,0.0,0.0,0.0,2334.2,1190.26,0,0.0,0,0,2026-10-08
NIFTY,2026-10-27,27100.0,CE,1.25,1.25,0.7,0.7,0.01,5,8807766.5,10400,130,2026-10-08
NIFTY,2026-10-27,26750.0,CE,0.0,0.0,0.0,0.65,0.01,0,0.0,975,0,2026-10-08
NIFTY,2026-10-27,26550.0,CE,0.0,0.0,0.0,1.4,0.01,0,0.0,975,0,2026-10-08
NIFTY,2026-10-27,26300.0,CE,1.15,1.15,0.75,0.75,0.01,3,5128672.25,38805,0,2026-10-08
NIFTY,2026-10-27,26150.0,CE,0.0,0.0,0.0,4.85,0.01,0,0.0,455,0,2026-10-08
NIFTY,2026-11-23,24300.0,PE,1797.8,1899.8,1770.0,1899.8,1911.85,83,140830989.0,17875,4095,2026-10-08
NIFTY,2026-10-13,20650.0,CE,0.0,0.0,0.0,3100.75,1598.06,0,0.0,0,0,2026-10-08
NIFTY,2026-10-13,20700.0,CE,0.0,0.0,0.0,3051.15,1548.1,0,0.0,0,0,2026-10-08
NIFTY,2026-10-13,21350.0,CE,0.0,0.0,0.0,1145.85,899.05,0,0.0,65,0,2026-10-08
NIFTY,2026-10-13,21700.0,CE,857.25,857.25,543.65,563.75,563.75,1245,1804280881.0,20085,16185,2026-10-08
NIFTY,2026-10-13,22250.0,CE,326.15,356.6,129.5,138.4,138.4,725559,1056758118942.5,3266185,3183115,2026-10-08
NIFTY,2026-10-13,22350.0,CE,254.05,279.15,85.9,92.8,92.8,875597,1279359065169.25,3185325,3077685,2026-10-08
NIFTY,2026-10-13,23000.0,CE,13.45,18.45,5.6,6.2,6.2,1326199,1983411457602.25,14033630,4402385,2026-10-08
NIFTY,2026-10-13,23350.0,CE,3.5,3.65,1.95,2.45,2.45,526159,798672773343.25,1557400,175500,2026-10-08
NIFTY,2026-10-13,23800.0,CE,1.2,1.9,1.0,1.45,1.45,335386,518871599801.75,4553380,1070095,2026-10-08
NIFTY,2026-10-13,24100.0,CE,0.9,1.5,0.8,1.05,1.05,175047,274222742459.25,2507635,61490,2026-10-08
NIFTY,2026-10-19,20650.0,CE,0.0,0.0,0.0,2584.0,1617.63,0,0.0,0,0,2026-10-08
NIFTY,2026-10-19,21000.0,CE,1549.8,1549.8,1258.75,1285.05,1269.07,5,7271312.75,2600,130,2026-10-08
NIFTY,2026-10-19,21250.0,CE,0.0,0.0,0.0,1998.25,1022.65,0,0.0,0,0,2026-10-08
NIFTY,2026-10-13,25250.0,PE,2904.15,2904.15,2904.15,2904.15,2998.32,1,1830019.75,585,65,2026-10-08
NIFTY,2026-10-19,21750.0,CE,826.1,826.1,568.0,574.3,574.3,8,11652959.5,390,325,2026-10-08
NIFTY,2026-10-19,23250.0,CE,22.0,22.65,10.1,10.55,10.55,17407,26320966304.75,217165,88465,2026-10-08
NIFTY,2026-10-19,23450.0,CE,17.0,17.0,6.05,6.45,6.45,7260,11069389535.75,85605,-33085,2026-10-08
NIFTY,2026-10-19,24400.0,CE,1.4,1.85,1.35,1.65,1.65,1156,1833540042.75,114010,-585,2026-10-08
NIFTY,2026-10-27,20150.0,CE,0.0,0.0,0.0,4145.5,2142.1,0,0.0,0,0,2026-10-08
NIFTY,2026-10-27,21050.0,CE,0.0,0.0,0.0,1609.9,1252.22,0,0.0,65,0,2026-10-08
NIFTY,2026-10-27,21700.0,CE,905.0,905.0,682.5,711.55,711.55,153,223144213.5,5655,3770,2026-10-08
NIFTY,2026-10-27,21850.0,CE,611.95,616.0,583.0,584.6,584.6,45,65688528.75,2795,2730,2026-10-08
NIFTY,2026-10-27,22550.0,CE,276.45,310.4,170.2,181.35,181.35,9330,13804916635.25,305435,189995,2026-10-08
NIFTY,2026-10-27,24800.0,CE,2.4,3.95,2.4,3.2,3.2,1461,2355432969.5,410345,-21840,2026-10-08
NIFTY,2026-10-27,25300.0,CE,1.55,2.4,1.55,1.75,1.75,70,115124811.75,31330,-1495,2026-10-08
NIFTY,2026-10-27,25700.0,CE,1.3,2.2,1.05,1.6,1.6,260,434358359.5,20605,-8450,2026-10-08
NIFTY,2026-11-03,21050.0,PE,0.0,0.0,0.0,52.75,16.09,0,0.0,1625,0,2026-10-08
NIFTY,2031-06-24,25500.0,PE,0.0,0.0,0.0,1262.85,1261.95,0,0.0,0,0,2026-10-08
NIFTY,2031-06-24,24000.0,PE,0.0,0.0,0.0,933.85,875.44,0,0.0,65,0,2026-10-08
NIFTY,2031-06-24,21000.0,PE,0.0,0.0,0.0,450.5,351.97,0,0.0,0,0,2026-10-08
NIFTY,2031-06-24,15000.0,PE,0.0,0.0,0.0,47.5,17.38,0,0.0,0,0,2026-10-08
NIFTY,2030-12-31,24000.0,PE,0.0,0.0,0.0,1000.0,934.61,0,0.0,520,0,2026-10-08
NIFTY,2030-12-31,18000.0,PE,0.0,0.0,0.0,32.3,99.42,0,0.0,0,0,2026-10-08
NIFTY,2029-12-24,31500.0,PE,0.0,0.0,0.0,2240.25,4801.19,0,0.0,0,0,2026-10-08
NIFTY,2029-12-24,30000.0,PE,3200.05,3200.05,3200.0,3200.0,3855.82,3,6474003.25,1365,195,2026-10-08
NIFTY,2029-12-24,28500.0,PE,0.0,0.0,0.0,1255.9,2997.1,0,0.0,0,0,2026-10-08
NIFTY,2029-12-24,25000.0,PE,1600.0,1600.0,1600.0,1600.0,1407.55,1,1729000.0,2500,-65,2026-10-08
NIFTY,2029-12-24,16500.0,PE,0.0,0.0,0.0,10.15,34.01,0,0.0,0,0,2026-10-08
NIFTY,2029-06-26,22500.0,PE,0.0,0.0,0.0,224.45,701.1,0,0.0,0,0,2026-10-08
NIFTY,2028-12-26,28500.0,PE,0.0,0.0,0.0,1451.15,3637.53,0,0.0,0,0,2026-10-08
NIFTY,2028-12-26,25500.0,PE,0.0,0.0,0.0,648.2,1881.33,0,0.0,0,0,2026-10-08
NIFTY,2028-06-27,28500.0,PE,0.0,0.0,0.0,1560.85,4043.18,0,0.0,0,0,2026-10-08
NIFTY,2028-06-27,25500.0,PE,0.0,0.0,0.0,1034.0,2054.67,0,0.0,0,0,2026-10-08
NIFTY,2027-12-28,28500.0,PE,0.0,0.0,0.0,2979.7,4533.73,0,0.0,260,0,2026-10-08
NIFTY,2027-12-28,18000.0,PE,123.0,139.0,123.0,137.6,137.6,75,88381117.5,32850,715,2026-10-08
NIFTY,2027-09-28,24000.0,PE,0.0,0.0,0.0,1700.0,1426.94,0,0.0,130,0,2026-10-08
NIFTY,2027-06-29,22500.0,PE,577.7,694.8,573.0,681.35,681.35,807,1214382035.75,47450,2210,2026-10-08
NIFTY,2027-03-30,31500.0,PE,0.0,0.0,0.0,7066.15,8421.46,0,0.0,0,0,2026-10-08
NIFTY,2026-12-29,24550.0,PE,0.0,0.0,0.0,1586.75,2061.86,0,0.0,780,0,2026-10-08
NIFTY,2026-12-29,23350.0,PE,814.0,814.25,814.0,814.25,1072.37,2,3141336.25,845,-65,2026-10-08
NIFTY,2026-12-29,21900.0,PE,236.95,342.4,235.15,333.2,333.2,785,1132896761.75,52910,7345,2026-10-08
NIFTY,2026-12-29,21250.0,PE,159.35,196.2,157.5,191.15,191.15,106,147597973.25,6045,-3120,2026-10-08
NIFTY,2026-12-29,20350.0,PE,91.85,91.85,87.7,87.7,31.2,20,26571616.5,1235,1235,2026-10-08
NIFTY,2026-11-23,25600.0,PE,0.0,0.0,0.0,2600.0,3184.17,0,0.0,195,0,2026-10-08
NIFTY,2026-11-23,25400.0,PE,0.0,0.0,0.0,2300.0,2986.19,0,0.0,325,0,2026-10-08
NIFTY,2026-11-23,25000.0,PE,2300.0,2588.1,2300.0,2563.3,2563.3,586,1046661564.0,340080,26845,2026-10-08
NIFTY,2026-11-23,24200.0,PE,1805.0,1805.0,1805.0,1805.0,1816.99,1,1690325.0,10205,0,2026-10-08
NIFTY,2026-11-23,24100.0,PE,1505.0,1555.0,1500.0,1555.0,1723.0,10,16656575.0,10725,585,2026-10-08
NIFTY,2026-11-23,23950.0,PE,0.0,0.0,0.0,1298.4,1583.96,0,0.0,1040,0,2026-10-08
NIFTY,2026-11-23,23850.0,PE,0.0,0.0,0.0,1037.55,1492.78,0,0.0,2015,0,2026-10-08
NIFTY,2026-11-23,22700.0,PE,425.65,620.95,416.55,606.6,606.6,2918,4408038196.25,185770,25220,2026-10-08
NIFTY,2026-11-23,22500.0,PE,326.85,508.45,326.8,495.75,495.75,13419,20000319725.75,1420120,41145,2026-10-08
NIFTY,2026-11-23,22400.0,PE,319.2,460.6,295.35,446.25,446.25,5669,8396674916.5,505895,-37115,2026-10-08
NIFTY,2026-11-23,21900.0,PE,168.3,274.25,166.0,266.9,266.9,3226,4642984882.25,129805,39975,2026-10-08
NIFTY,2026-11-23,21800.0,PE,153.45,245.7,145.0,237.65,237.65,4399,6294536989.0,182975,59215,2026-10-08
NIFTY,2026-11-23,21550.0,PE,112.35,186.9,110.6,180.6,180.6,122,172074584.5,9360,1690,2026-10-08
NIFTY,2026-11-23,21400.0,PE,89.8,157.75,89.4,151.35,151.35,1259,1761867880.5,85410,10530,2026-10-08
NIFTY,2026-11-23,20350.0,PE,0.0,0.0,0.0,4.85,8.2,0,0.0,0,0,2026-10-08
NIFTY,2026-11-09,24400.0,PE,0.0,0.0,0.0,1540.5,2049.72,0,0.0,0,0,2026-10-08
NIFTY,2026-11-09,23650.0,PE,0.0,0.0,0.0,914.5,1330.06,0,0.0,0,0,2026-10-08
NIFTY,2026-11-09,22750.0,PE,0.0,0.0,0.0,366.4,592.28,0,0.0,0,0,2026-10-08
NIFTY,2026-11-09,22400.0,PE,252.95,298.6,252.95,298.6,380.12,3,4421508.0,260,65,2026-10-08
NIFTY,2026-11-09,21800.0,PE,170.05,192.8,170.05,192.8,141.35,3,4286750.0,390,0,2026-10-08
NIFTY,2026-11-09,21200.0,PE,50.0,75.65,50.0,75.45,36.82,34,46989686.25,1170,1170,2026-10-08
NIFTY,2026-11-03,25200.0,PE,0.0,0.0,0.0,1756.2,2865.27,0,0.0,0,0,2026-10-08
NIFTY,2026-11-03,25100.0,PE,0.0,0.0,0.0,1666.4,2765.72,0,0.0,0,0,2026-10-08
NIFTY,2026-11-03,24650.0,PE,0.0,0.0,0.0,1280.65,2318.13,0,0.0,0,0,2026-10-08
NIFTY,2026-11-03,23400.0,PE,843.35,1100.05,840.0,1100.05,1100.05,16,25302852.25,1365,-195,2026-10-08
NIFTY,2026-11-03,22750.0,PE,412.0,594.9,402.55,554.9,576.19,51,77164226.75,7475,-455,2026-10-08
NIFTY,2026-11-03,22700.0,PE,357.15,567.25,350.85,558.15,558.15,255,384236550.75,17420,-2080,2026-10-08
NIFTY,2026-11-03,20500.0,PE,17.0,29.35,15.3,26.5,26.5,506,674960903.5,39520,6435,2026-10-08
NIFTY,2026-10-27,26500.0,PE,3953.55,4200.0,3930.0,4199.2,4199.2,212,422084302.25,558675,2340,2026-10-08
NIFTY,2026-10-27,26400.0,PE,0.0,0.0,0.0,3600.0,4089.3,0,0.0,195,0,2026-10-08
NIFTY,2026-10-27,25850.0,PE,0.0,0.0,0.0,3025.0,3540.94,0,0.0,455,0,2026-10-08
NIFTY,2026-10-27,25650.0,PE,0.0,0.0,0.0,3005.0,3341.54,0,0.0,325,0,2026-10-08
NIFTY,2026-10-27,24300.0,PE,1755.0,2013.85,1722.3,1985.05,1985.05,54,92000525.5,230035,-2145,2026-10-08
NIFTY,2026-10-27,24000.0,PE,1399.95,1718.8,1390.0,1693.2,1693.2,3426,5696815621.25,2752035,-31265,2026-10-08
NIFTY,2026-10-27,22900.0,PE,434.05,694.7,434.05,672.1,672.1,4279,6535565627.5,670020,-37700,2026-10-08
NIFTY,2026-10-27,22750.0,PE,363.95,581.9,347.75,560.05,560.05,2137,3225354021.5,267475,-38740,2026-10-08
NIFTY,2026-10-27,22700.0,PE,320.1,548.35,317.5,527.35,527.35,24089,36214065875.0,2429440,-259935,2026-10-08
NIFTY,2026-10-27,22550.0,PE,264.0,445.1,246.3,427.4,427.4,6272,9325789489.25,185770,-38155,2026-10-08
NIFTY,2026-10-27,22000.0,PE,99.8,192.95,88.0,180.0,180.0,144758,208402123588.75,4688515,-147875,2026-10-08
NIFTY,2026-10-27,21800.0,PE,57.55,137.0,55.8,128.05,128.05,43788,62342489901.25,954265,36985,2026-10-08
NIFTY,2026-10-27,21350.0,PE,26.8,61.9,26.8,56.4,56.4,3355,4666214933.25,280475,-4160,2026-10-08
NIFTY,2026-10-27,20400.0,PE,8.15,14.9,7.35,13.45,13.45,1224,1624035705.5,54080,17290,2026-10-08
NIFTY,2026-10-19,25050.0,PE,0.0,0.0,0.0,1825.8,2774.83,0,0.0,0,0,2026-10-08
NIFTY,2026-10-19,24700.0,PE,0.0,0.0,0.0,1505.1,2425.44,0,0.0,0,0,2026-10-08
NIFTY,2026-10-19,24400.0,PE,0.0,0.0,0.0,1450.0,2125.96,0,0.0,650,0,2026-10-08
NIFTY,2026-10-19,24300.0,PE,1739.2,1804.2,1739.2,1804.2,2026.14,2,3389321.0,1235,0,2026-10-08
NIFTY,2026-10-19,23450.0,PE,936.4,1171.4,936.4,1171.4,1180.02,18,28549878.5,2730,-65,2026-10-08
NIFTY,2026-10-19,22450.0,PE,154.7,332.3,146.5,310.85,310.85,17076,25170136348.5,171405,-22750,2026-10-08
NIFTY,2026-10-13,25300.0,PE,0.0,0.0,0.0,1583.0,3048.28,0,0.0,0,0,2026-10-08
NIFTY,2026-10-27,25800.0,CE,1.2,1.6,0.9,1.25,1.25,842,1412105194.5,66820,-3510,2026-10-08
NIFTY,2026-10-13,25200.0,PE,0.0,0.0,0.0,2570.0,2948.36,0,0.0,910,0,2026-10-08
NIFTY,2026-10-13,25050.0,PE,0.0,0.0,0.0,2424.75,2798.48,0,0.0,520,0,2026-10-08
NIFTY,2026-10-13,24650.0,PE,0.0,0.0,0.0,1870.0,2398.79,0,0.0,130,0,2026-10-08
NIFTY,2026-10-13,23950.0,PE,1465.0,1465.0,1465.0,1465.0,1699.34,10,16519750.0,11050,0,2026-10-08
NIFTY,2026-10-13,22300.0,PE,49.95,188.0,45.15,165.6,165.6,2551818,3719718062489.0,5436080,1482520,2026-10-08
NIFTY,2026-10-13,22250.0,PE,38.55,161.5,38.45,141.1,141.1,1681957,2444986142426.75,2233725,881920,2026-10-08
NIFTY,2026-10-13,21950.0,PE,10.0,56.25,8.65,46.1,46.1,595332,850668864779.5,1710735,359970,2026-10-08
NIFTY,2026-10-13,21700.0,PE,4.75,21.7,4.25,17.15,17.15,820170,1157538072096.25,4965675,1042340,2026-10-08
NIFTY,2026-10-13,20250.0,PE,1.35,1.9,0.9,1.25,1.25,32161,42334656091.0,247715,202410,2026-10-08
NIFTY,2031-06-24,22500.0,CE,0.0,0.0,0.0,8012.75,5646.44,0,0.0,0,0,2026-10-08
NIFTY,2030-06-25,19500.0,CE,0.0,0.0,0.0,11140.25,6684.07,0,0.0,0,0,2026-10-08
NIFTY,2029-12-24,28500.0,CE,0.0,0.0,0.0,4802.1,1537.4,0,0.0,0,0,2026-10-08
NIFTY,2029-06-26,30000.0,CE,0.0,0.0,0.0,5268.4,814.97,0,0.0,0,0,2026-10-08
NIFTY,2029-06-26,25500.0,CE,0.0,0.0,0.0,5917.35,2150.85,0,0.0,0,0,2026-10-08
NIFTY,2028-12-26,22500.0,CE,0.0,0.0,0.0,7382.9,3153.36,0,0.0,0,0,2026-10-08
NIFTY,2028-06-27,28500.0,CE,0.0,0.0,0.0,2990.0,459.54,0,0.0,0,0,2026-10-08
NIFTY,2027-09-28,15000.0,CE,0.0,0.0,0.0,8577.25,8047.84,0,0.0,0,0,2026-10-08
NIFTY,2027-06-29,25500.0,CE,253.0,258.0,222.0,225.85,225.85,733,1226141806.5,77285,16120,2026-10-08
NIFTY,2027-06-29,21000.0,CE,0.0,0.0,0.0,3061.8,2343.83,0,0.0,0,0,2026-10-08
NIFTY,2027-06-29,18000.0,CE,0.0,0.0,0.0,4066.45,4975.26,0,0.0,0,0,2026-10-08
NIFTY,2027-03-30,22500.0,CE,1146.55,1186.8,1006.95,1027.85,1027.85,4938,7569453810.75,372645,47710,2026-10-08
NIFTY,2027-03-30,21000.0,CE,2280.0,2280.0,2032.1,2046.35,2046.35,2464,3698960736.25,152685,102115,2026-10-08
NIFTY,2026-12-29,28500.0,CE,5.55,6.35,5.55,5.95,5.95,94,174172160.5,94640,-2275,2026-10-08
NIFTY,2026-12-29,23800.0,CE,182.0,182.0,138.25,140.75,140.75,3332,5187522141.75,132925,29900,2026-10-08
NIFTY,2026-12-29,23350.0,CE,260.0,271.0,240.0,243.7,243.7,64,98175441.0,9100,1430,2026-10-08
NIFTY,2026-12-29,22200.0,CE,910.0,910.0,742.25,757.95,757.95,372,555416452.5,16055,10855,2026-10-08
NIFTY,2026-12-29,21800.0,CE,1230.05,1230.05,1020.0,1036.0,980.19,58,86177900.25,4680,650,2026-10-08
NIFTY,2026-12-29,21450.0,CE,1499.8,1499.8,1307.5,1307.5,1231.76,29,43129999.25,2730,1690,2026-10-08
NIFTY,2026-12-29,20250.0,CE,0.0,0.0,0.0,2799.0,2267.56,0,0.0,0,0,2026-10-08
NIFTY,2026-11-23,25550.0,CE,0.0,0.0,0.0,9.0,0.93,0,0.0,1625,0,2026-10-08
NIFTY,2026-11-23,24300.0,CE,36.0,36.05,26.55,27.65,27.65,3245,5131759785.75,129870,-42900,2026-10-08
NIFTY,2026-11-23,23550.0,CE,117.55,117.8,85.0,86.8,86.8,562,863962508.5,28600,-15210,2026-10-08
NIFTY,2026-11-23,22300.0,CE,665.05,665.05,491.0,504.65,504.65,1963,2912051171.25,48230,35880,2026-10-08
NIFTY,2026-11-23,21550.0,CE,0.0,0.0,0.0,3139.0,959.96,0,0.0,0,0,2026-10-08
NIFTY,2026-10-27,23050.0,CE,82.9,102.8,50.35,52.2,52.2,6952,10445305676.0,192595,57915,2026-10-08
NIFTY,2026-10-27,22950.0,CE,109.9,131.2,65.85,68.2,68.2,6692,10020497652.75,136435,28470,2026-10-08
NIFTY,2026-10-27,21650.0,CE,0.0,0.0,0.0,1000.0,705.76,0,0.0,130,0,2026-10-08
NIFTY,2026-10-27,21100.0,CE,0.0,0.0,0.0,1340.0,1204.04,0,0.0,65,0,2026-10-08
NIFTY,2026-10-27,20950.0,CE,0.0,0.0,0.0,3376.9,1349.37,0,0.0,0,0,2026-10-08
NIFTY,2026-10-19,24150.0,CE,2.45,2.5,1.55,1.75,1.75,432,678184757.25,29575,-2860,2026-10-08
NIFTY,2026-10-19,24000.0,CE,2.6,3.2,2.05,2.25,2.25,36149,56397730922.0,983515,481845,2026-10-08
NIFTY,2026-10-19,23300.0,CE,28.95,28.95,8.5,9.0,9.0,61757,93574002892.5,1199380,718445,2026-10-08
NIFTY,2026-10-19,22950.0,CE,65.85,68.65,26.6,27.85,27.85,14478,21634194653.5,179010,55185,2026-10-08
NIFTY,2026-10-19,21850.0,CE,530.0,536.3,486.9,487.6,487.6,41,59585711.25,1300,1235,2026-10-08
NIFTY,2026-10-19,20800.0,CE,0.0,0.0,0.0,2436.25,1468.05,0,0.0,0,0,2026-10-08
NIFTY,2026-10-19,20400.0,CE,0.0,0.0,0.0,2831.2,1867.13,0,0.0,0,0,2026-10-08
NIFTY,2026-10-13,25400.0,CE,0.5,0.75,0.45,0.55,0.55,50581,83511104566.5,785265,32760,2026-10-08
NIFTY,2026-10-27,24300.0,CE,5.5,5.8,4.8,5.4,5.4,6756,10673438074.0,419055,-88985,2026-10-08
NIFTY,2026-10-13,20050.0,CE,2018.5,2018.5,2018.5,2018.5,2018.5,2,2868905.0,130,130,2026-10-08
NIFTY,2026-10-13,20350.0,CE,0.0,0.0,0.0,3398.6,1897.82,0,0.0,0,0,2026-10-08
NIFTY,2026-10-13,20600.0,CE,0.0,0.0,0.0,3150.35,1648.02,0,0.0,0,0,2026-10-08
NIFTY,2026-10-13,20850.0,CE,0.0,0.0,0.0,2902.5,1398.22,0,0.0,0,0,2026-10-08
NIFTY,2026-10-13,21150.0,CE,0.0,0.0,0.0,2606.15,1098.51,0,0.0,0,0,2026-10-08
NIFTY,2026-10-13,22100.0,CE,450.8,488.0,216.95,231.05,231.05,122065,177364100160.0,666770,554060,2026-10-08
NIFTY,2026-10-13,23450.0,CE,2.7,2.95,1.65,2.05,2.05,658619,1003997174888.5,1905345,-624780,2026-10-08
NIFTY,2026-10-13,23900.0,CE,1.15,1.75,0.9,1.35,1.35,193745,300998182910.75,2805595,563745,2026-10-08
NIFTY,2026-10-13,24450.0,CE,1.05,1.25,0.7,0.95,0.95,29161,46345898313.0,129155,75920,2026-10-08
NIFTY,2026-10-13,24900.0,CE,0.8,1.0,0.55,0.7,0.7,11837,19158752398.5,149630,100555,2026-10-08
NIFTY,2026-10-13,25100.0,CE,0.6,0.9,0.55,0.65,0.65,2340,3817815374.75,51350,14885,2026-10-08
NIFTY,2031-06-24,18000.0,PE,0.0,0.0,0.0,173.45,101.25,0,0.0,0,0,2026-10-08
NIFTY,2030-06-25,27000.0,PE,0.0,0.0,0.0,1286.05,2052.01,0,0.0,0,0,2026-10-08
NIFTY,2030-06-25,24000.0,PE,0.0,0.0,0.0,698.15,1002.61,0,0.0,0,0,2026-10-08
NIFTY,2029-12-24,27000.0,PE,0.0,0.0,0.0,1177.9,2239.61,0,0.0,0,0,2026-10-08
NIFTY,2029-06-26,21000.0,PE,0.0,0.0,0.0,320.25,389.04,0,0.0,0,0,2026-10-08
NIFTY,2029-06-26,15000.0,PE,0.0,0.0,0.0,30.9,7.58,0,0.0,0,0,2026-10-08
NIFTY,2028-12-26,21000.0,PE,578.95,578.95,570.0,570.0,385.07,2,2804681.75,11570,130,2026-10-08
NIFTY,2028-12-26,20000.0,PE,363.1,400.0,363.1,400.0,233.62,2,2649601.5,5740,130,2026-10-08
NIFTY,2027-12-28,25500.0,PE,0.0,0.0,0.0,676.05,2260.49,0,0.0,0,0,2026-10-08
NIFTY,2027-12-28,22500.0,PE,728.0,850.0,706.0,819.8,819.8,62,93832501.75,5200,2275,2026-10-08
NIFTY,2027-06-29,25500.0,PE,0.0,0.0,0.0,667.15,2526.02,0,0.0,0,0,2026-10-08
NIFTY,2027-03-30,22500.0,PE,499.0,647.95,499.0,636.85,636.85,6394,9588999800.25,886600,55640,2026-10-08
NIFTY,2026-12-29,22350.0,PE,356.65,495.55,353.65,485.3,485.3,120,177746786.75,6305,-585,2026-10-08
NIFTY,2026-12-29,22300.0,PE,338.05,481.0,334.0,469.4,469.4,1031,1523432127.75,44005,780,2026-10-08
NIFTY,2026-12-29,22100.0,PE,279.3,405.3,279.3,394.7,394.7,757,1105732390.75,30550,7995,2026-10-08
NIFTY,2026-12-29,21700.0,PE,195.55,288.55,193.45,279.9,279.9,569,812073437.5,59930,14755,2026-10-08
NIFTY,2026-12-29,20400.0,PE,91.65,96.0,90.95,96.0,96.0,42,55944505.5,1820,1820,2026-10-08
NIFTY,2026-12-29,20250.0,PE,0.0,0.0,0.0,36.15,25.85,0,0.0,0,0,2026-10-08
NIFTY,2026-12-29,20200.0,PE,0.0,0.0,0.0,32.5,23.48,0,0.0,195,0,2026-10-08
NIFTY,2026-12-29,16000.0,PE,10.15,13.9,10.15,13.3,13.3,175,182138602.75,163340,8840,2026-10-08
NIFTY,2026-12-29,13000.0,PE,0.0,0.0,0.0,4.85,0.01,0,0.0,9305,0,2026-10-08
NIFTY,2026-11-23,24700.0,PE,0.0,0.0,0.0,1961.05,2297.76,0,0.0,3705,0,2026-10-08
NIFTY,2026-11-23,24150.0,PE,0.0,0.0,0.0,1300.0,1769.88,0,0.0,1300,0,2026-10-08
NIFTY,2026-11-23,23100.0,PE,668.0,884.65,663.6,864.6,864.6,2325,3617490080.75,156975,118625,2026-10-08
NIFTY,2026-11-23,22550.0,PE,358.45,535.3,357.45,516.7,516.7,152,227152357.25,7800,-975,2026-10-08
NIFTY,2026-11-23,21600.0,PE,114.4,197.85,114.3,190.9,190.9,2129,3012649035.5,94380,29575,2026-10-08
NIFTY,2026-11-23,21050.0,PE,70.6,105.8,70.6,102.2,102.2,143,196510213.25,3965,-390,2026-10-08
NIFTY,2026-11-23,20550.0,PE,38.15,61.0,38.15,57.2,14.09,62,83026914.75,3055,1560,2026-10-08
NIFTY,2026-11-09,24150.0,PE,0.0,0.0,0.0,1319.3,1805.35,0,0.0,0,0,2026-10-08
NIFTY,2026-11-09,23900.0,PE,0.0,0.0,0.0,1109.35,1564.68,0,0.0,0,0,2026-10-08
NIFTY,2026-11-09,22650.0,PE,0.0,0.0,0.0,342.0,526.39,0,0.0,195,0,2026-10-08
NIFTY,2026-11-09,21900.0,PE,138.25,223.55,138.25,219.35,219.35,37,53126632.0,1300,715,2026-10-08
NIFTY,2026-11-09,21150.0,PE,74.95,79.95,74.95,79.95,32.32,2,2759568.5,130,130,2026-10-08
NIFTY,2026-11-09,20600.0,PE,0.0,0.0,0.0,5.3,6.23,0,0.0,0,0,2026-10-08
NIFTY,2026-11-03,24700.0,PE,0.0,0.0,0.0,1321.8,2367.8,0,0.0,0,0,2026-10-08
NIFTY,2026-11-03,23900.0,PE,0.0,0.0,0.0,731.5,1579.3,0,0.0,0,0,2026-10-08
NIFTY,2026-11-03,23300.0,PE,758.45,1035.75,751.35,1035.75,1018.44,15,23518072.5,2080,-325,2026-10-08
NIFTY,2026-11-03,21800.0,PE,90.0,169.75,89.85,162.65,162.65,558,795783615.25,16120,2470,2026-10-08
NIFTY,2026-11-03,21450.0,PE,59.4,94.7,58.5,93.4,51.54,26,36359388.0,1495,1495,2026-10-08
NIFTY,2026-10-27,27050.0,PE,0.0,0.0,0.0,2764.35,4737.36,0,0.0,0,0,2026-10-08
NIFTY,2026-10-27,26450.0,PE,0.0,0.0,0.0,3460.0,4139.15,0,0.0,195,0,2026-10-08
NIFTY,2026-10-27,25350.0,PE,0.0,0.0,0.0,2416.7,3042.44,0,0.0,1495,0,2026-10-08
NIFTY,2026-10-27,24600.0,PE,2005.0,2309.5,2005.0,2293.05,2293.05,237,413701330.25,200525,11180,2026-10-08
NIFTY,2026-10-27,24550.0,PE,0.0,0.0,0.0,1893.3,2244.99,0,0.0,6500,0,2026-10-08
NIFTY,2026-10-27,24350.0,PE,0.0,0.0,0.0,1643.05,2045.83,0,0.0,14885,0,2026-10-08
NIFTY,2026-10-27,24150.0,PE,1606.05,1832.0,1606.05,1832.0,1847.01,3,5050243.25,16900,65,2026-10-08
NIFTY,2026-10-27,23950.0,PE,1610.0,1669.15,1610.0,1669.15,1648.9,5,8317289.5,4420,-130,2026-10-08
NIFTY,2026-10-27,23900.0,PE,1372.1,1623.05,1356.0,1599.5,1599.5,156,257053290.0,217815,-130,2026-10-08
NIFTY,2026-10-27,23400.0,PE,850.0,1137.75,821.05,1118.2,1118.2,647,1026462128.25,1272440,-23920,2026-10-08
NIFTY,2026-10-27,23300.0,PE,754.85,1039.35,730.95,1011.6,1011.6,1480,2330606538.0,2341625,-27625,2026-10-08
NIFTY,2026-10-27,23100.0,PE,586.15,861.5,570.0,841.3,841.3,1272,1972053681.0,1513525,-14755,2026-10-08
NIFTY,2026-10-27,22850.0,PE,421.0,656.65,400.25,630.5,630.5,539,818357475.0,96915,-1430,2026-10-08
NIFTY,2026-10-27,22450.0,PE,219.1,385.0,208.0,369.5,369.5,7096,10488123607.0,172770,-17810,2026-10-08
NIFTY,2026-10-27,22250.0,PE,150.55,288.0,143.7,271.7,271.7,14829,21688755214.75,499850,181285,2026-10-08
NIFTY,2026-10-27,22150.0,PE,127.7,247.35,118.1,231.2,231.2,5474,7950783555.0,142415,32435,2026-10-08
NIFTY,2026-10-27,21300.0,PE,24.6,56.05,24.3,51.55,51.55,25400,35236590421.5,521690,-47190,2026-10-08
NIFTY,2026-10-27,20900.0,PE,14.25,29.15,14.05,26.4,26.4,3353,4559934125.5,109590,21840,2026-10-08
NIFTY,2026-10-27,20850.0,PE,12.05,26.6,12.05,24.5,24.5,403,546703485.25,12220,1690,2026-10-08
NIFTY,2026-10-27,20800.0,PE,12.75,24.6,12.05,22.45,22.45,7311,9893279740.5,331370,37440,2026-10-08
NIFTY,2026-10-27,20500.0,PE,9.0,16.5,7.8,14.9,14.9,23349,31131352333.25,1149915,196170,2026-10-08
NIFTY,2026-10-27,20050.0,PE,6.45,10.6,5.45,9.45,9.45,3395,4426370507.0,192270,22880,2026-10-08
NIFTY,2026-10-19,25000.0,PE,2490.0,2709.85,2490.0,2709.85,2709.85,5,8952115.25,1950,260,2026-10-08
NIFTY,2026-10-19,23950.0,PE,0.0,0.0,0.0,1335.0,1676.86,0,0.0,260,0,2026-10-08
NIFTY,2026-10-19,23200.0,PE,667.0,955.45,637.25,942.35,942.35,571,892540548.25,24180,-20800,2026-10-08
NIFTY,2026-10-19,22150.0,PE,86.4,183.95,68.2,165.65,165.65,10760,15585879920.0,83785,21775,2026-10-08
NIFTY,2026-10-19,22100.0,PE,65.2,165.0,58.3,144.8,144.8,37041,53509537246.75,289250,43355,2026-10-08
NIFTY,2026-10-19,20500.0,PE,3.9,8.05,3.6,6.5,6.5,31109,41464447313.25,1315600,121095,2026-10-08
NIFTY,2026-10-19,20450.0,PE,4.0,12.35,3.85,6.2,6.2,293,389587978.0,11180,5785,2026-10-08
NIFTY,2026-10-13,24400.0,PE,1910.0,2151.0,1910.0,2142.5,2142.5,18,30912020.75,9880,-520,2026-10-08
NIFTY,2026-10-13,24350.0,PE,0.0,0.0,0.0,1700.0,2099.03,0,0.0,715,0,2026-10-08
NIFTY,2026-10-13,24150.0,PE,1952.25,1952.25,1952.25,1952.25,1899.19,1,1696646.25,1690,65,2026-10-08
NIFTY,2026-10-13,23700.0,PE,1218.15,1469.4,1204.0,1451.4,1451.4,74,120458091.0,37700,-3445,2026-10-08
NIFTY,2026-10-13,23350.0,PE,880.0,1097.0,869.75,1095.95,1095.95,42,66534620.75,13000,-1235,2026-10-08
NIFTY,2026-10-13,23250.0,PE,716.05,1015.95,692.4,1007.0,1007.0,1134,1782530571.25,184925,-27885,2026-10-08
NIFTY,2026-10-13,22150.0,PE,22.0,116.05,21.75,98.6,98.6,1063345,1536352125301.5,2073630,762385,2026-10-08
NIFTY,2026-10-13,21900.0,PE,8.85,46.55,7.3,37.9,37.9,916470,1306229283134.75,3888885,971685,2026-10-08
NIFTY,2026-10-13,21450.0,PE,2.7,10.15,2.5,7.35,7.35,229038,319435792169.0,799565,233675,2026-10-08
NIFTY,2026-10-13,21000.0,PE,1.7,4.7,1.6,3.15,3.15,773129,1055474206432.75,11795875,6406270,2026-10-08
NIFTY,2026-10-13,20400.0,PE,1.2,2.25,1.0,1.3,1.3,53491,70934169601.75,541060,318565,2026-10-08
NIFTY,2031-06-24,33000.0,CE,0.0,0.0,0.0,3451.55,1511.34,0,0.0,0,0,2026-10-08
NIFTY,2030-06-25,33000.0,CE,0.0,0.0,0.0,4416.45,886.99,0,0.0,0,0,2026-10-08
NIFTY,2030-06-25,27000.0,CE,0.0,0.0,0.0,6972.5,2477.04,0,0.0,0,0,2026-10-08
NIFTY,2029-12-24,27000.0,CE,2000.05,2100.0,2000.05,2100.0,2026.83,2,3776503.25,260,130,2026-10-08
NIFTY,2029-12-24,15000.0,CE,0.0,0.0,0.0,13369.45,9773.0,0,0.0,0,0,2026-10-08
NIFTY,2028-12-26,30000.0,CE,599.8,599.8,573.5,579.0,579.0,12,23853459.5,23895,130,2026-10-08
NIFTY,2028-06-27,19500.0,CE,0.0,0.0,0.0,9209.1,4722.71,0,0.0,0,0,2026-10-08
NIFTY,2028-06-27,18000.0,CE,0.0,0.0,0.0,6809.35,5978.88,0,0.0,0,0,2026-10-08
NIFTY,2028-06-27,16500.0,CE,0.0,0.0,0.0,11752.8,7299.0,0,0.0,0,0,2026-10-08
NIFTY,2027-12-28,31500.0,CE,77.05,94.0,77.05,94.0,43.68,3,6158626.5,1950,-195,2026-10-08
NIFTY,2027-09-28,25500.0,CE,0.0,0.0,0.0,908.35,501.37,0,0.0,0,0,2026-10-08
NIFTY,2027-06-29,30000.0,CE,38.05,46.95,32.3,46.0,46.0,153,298723737.0,9620,4095,2026-10-08
NIFTY,2027-06-29,16500.0,CE,0.0,0.0,0.0,10867.2,6404.8,0,0.0,0,0,2026-10-08
NIFTY,2027-03-30,28500.0,CE,23.1,25.95,23.05,24.2,24.2,607,1125441281.25,194350,-130,2026-10-08
NIFTY,2027-03-30,25500.0,CE,130.05,131.2,120.0,121.55,121.55,4462,7431843285.75,818415,-27235,2026-10-08
NIFTY,2027-03-30,15000.0,CE,0.0,0.0,0.0,8379.85,7635.08,0,0.0,0,0,2026-10-08
NIFTY,2026-12-29,24450.0,CE,77.0,77.0,64.1,65.3,65.3,409,651860527.5,37440,-5590,2026-10-08
NIFTY,2026-12-29,22900.0,CE,505.5,510.2,388.8,396.65,396.65,600,909642792.5,23075,4875,2026-10-08
NIFTY,2026-12-29,20750.0,CE,0.0,0.0,0.0,2343.6,1810.76,0,0.0,0,0,2026-10-08
NIFTY,2026-12-29,20150.0,CE,0.0,0.0,0.0,2892.45,2361.72,0,0.0,0,0,2026-10-08
NIFTY,2026-12-29,19000.0,CE,3739.95,3765.8,3440.5,3460.8,3460.8,324,474345566.5,272740,8905,2026-10-08
NIFTY,2026-11-23,25700.0,CE,8.0,8.3,7.2,8.25,8.25,342,571488160.75,7605,6045,2026-10-08
NIFTY,2026-11-23,24950.0,CE,13.1,15.8,13.1,13.5,4.36,29,47057023.0,1495,65,2026-10-08
NIFTY,2026-11-23,24000.0,CE,61.0,61.0,41.05,43.9,43.9,34286,53591182489.0,1846975,-252915,2026-10-08
NIFTY,2026-11-23,23750.0,CE,80.05,80.05,61.75,63.7,63.7,309,478409733.75,22035,845,2026-10-08
NIFTY,2026-11-23,23250.0,CE,189.45,191.65,136.0,140.4,140.4,642,976698892.0,39195,-1040,2026-10-08
NIFTY,2026-11-23,23150.0,CE,219.7,219.7,157.9,162.6,162.6,3364,5099050762.0,45110,-85995,2026-10-08
NIFTY,2026-11-23,22750.0,CE,395.45,401.2,282.0,286.95,286.95,675,1012129807.0,47125,23335,2026-10-08
NIFTY,2026-11-23,22350.0,CE,619.7,619.7,464.25,471.9,471.9,147,218263828.25,5785,4160,2026-10-08
NIFTY,2026-11-23,22000.0,CE,894.25,894.25,671.0,689.5,689.5,3005,4438288757.5,206375,61165,2026-10-08
NIFTY,2026-11-23,21400.0,CE,0.0,0.0,0.0,3280.1,1079.76,0,0.0,0,0,2026-10-08
NIFTY,2026-11-23,21000.0,CE,1690.0,1692.7,1449.75,1471.05,1471.05,311,456198177.5,32435,11245,2026-10-08
NIFTY,2026-11-23,20050.0,CE,2500.0,2500.0,2500.0,2500.0,2329.93,5,7328750.0,455,325,2026-10-08
NIFTY,2026-11-09,23300.0,CE,86.4,94.65,81.95,94.65,67.01,20,30402619.0,1040,1040,2026-10-08
NIFTY,2026-11-09,20700.0,CE,0.0,0.0,0.0,2196.95,1644.55,0,0.0,0,0,2026-10-08
NIFTY,2026-11-03,25150.0,CE,0.0,0.0,0.0,6.15,0.09,0,0.0,1625,0,2026-10-08
NIFTY,2026-11-03,23300.0,CE,84.1,86.15,51.85,53.4,53.4,1268,1925256284.25,53365,28990,2026-10-08
NIFTY,2026-11-03,23050.0,CE,136.0,136.0,88.55,92.3,92.3,210,315989713.0,14560,5655,2026-10-08
NIFTY,2026-11-03,22750.0,CE,253.1,266.1,161.0,164.65,164.65,272,405720906.5,13910,3900,2026-10-08
NIFTY,2026-11-03,22500.0,CE,395.4,395.4,252.95,263.2,263.2,1403,2078039652.0,52650,36465,2026-10-08
NIFTY,2026-11-03,21350.0,CE,0.0,0.0,0.0,2142.0,1008.44,0,0.0,0,0,2026-10-08
NIFTY,2026-11-03,20500.0,CE,0.0,0.0,0.0,2970.65,1817.75,0,0.0,0,0,2026-10-08
NIFTY,2026-11-03,20250.0,CE,0.0,0.0,0.0,3217.9,2065.3,0,0.0,0,0,2026-10-08
NIFTY,2026-10-27,27050.0,CE,0.95,0.95,0.85,0.85,0.01,11,19341422.75,10400,-65,2026-10-08
NIFTY,2026-10-27,25850.0,CE,0.0,0.0,0.0,1.6,0.01,0,0.0,2730,0,2026-10-08
NIFTY,2026-10-27,25750.0,CE,2.8,2.8,1.7,2.25,2.25,2,3347792.5,26715,-65,2026-10-08
NIFTY,2026-10-27,23650.0,CE,16.65,18.15,12.15,12.8,12.8,2328,3580840571.75,126230,-2665,2026-10-08
NIFTY,2026-11-23,24600.0,CE,23.0,23.65,19.2,20.35,20.35,1115,1784411785.0,68835,-585,2026-10-08
NIFTY,2026-11-23,24150.0,CE,36.65,39.95,34.05,35.75,35.75,117,183939704.0,20215,-2405,2026-10-08
NIFTY,2026-11-23,23900.0,CE,65.0,68.1,48.2,49.65,49.65,2439,3797444121.25,122785,5720,2026-10-08
NIFTY,2026-12-29,16000.0,CE,0.0,0.0,0.0,6430.0,6437.16,0,0.0,1105,0,2026-10-08
NIFTY,2026-10-13,20250.0,CE,0.0,0.0,0.0,3498.0,1997.74,0,0.0,0,0,2026-10-08
NIFTY,2026-10-13,21650.0,CE,802.95,802.95,591.85,609.5,609.5,66,95635852.0,2665,1235,2026-10-08
NIFTY,2026-10-13,22300.0,CE,320.35,320.4,106.05,114.0,114.0,1356446,1978800849649.0,6590090,6307470,2026-10-08
NIFTY,2026-10-13,24250.0,CE,0.85,1.4,0.7,1.05,1.05,26005,40992135093.0,166660,11375,2026-10-08
NIFTY,2026-10-19,20750.0,CE,0.0,0.0,0.0,2485.4,1517.89,0,0.0,0,0,2026-10-08
NIFTY,2026-10-19,20850.0,CE,0.0,0.0,0.0,2387.15,1418.23,0,0.0,0,0,2026-10-08
NIFTY,2026-10-19,21300.0,CE,0.0,0.0,0.0,1950.35,973.99,0,0.0,0,0,2026-10-08
NIFTY,2026-10-19,21350.0,CE,0.0,0.0,0.0,1902.6,925.66,0,0.0,0,0,2026-10-08
NIFTY,2026-10-19,21400.0,CE,0.0,0.0,0.0,1444.1,877.73,0,0.0,65,0,2026-10-08
NIFTY,2026-10-19,21800.0,CE,634.1,636.3,524.1,543.1,543.1,426,619085265.5,12350,11310,2026-10-08
NIFTY,2026-10-19,22250.0,CE,406.05,423.55,217.1,226.05,226.05,14012,20487286686.75,114140,106925,2026-10-08
NIFTY,2026-10-19,23600.0,CE,6.05,6.45,4.25,4.7,4.7,21867,33550697254.75,349635,-15795,2026-10-08
NIFTY,2026-10-19,24700.0,CE,1.45,2.0,1.15,1.5,1.5,960,1541370457.25,10660,5720,2026-10-08
NIFTY,2026-10-27,21200.0,CE,0.0,0.0,0.0,1505.0,1108.63,0,0.0,130,0,2026-10-08
NIFTY,2026-10-27,22500.0,CE,304.85,341.45,190.0,201.0,201.0,145764,215378031290.5,3846050,1472900,2026-10-08
NIFTY,2026-10-27,22850.0,CE,152.35,167.75,84.2,88.2,88.2,8408,12548355696.5,220350,16900,2026-10-08
NIFTY,2026-10-27,23150.0,CE,69.65,76.85,38.4,39.4,39.4,9920,14958257268.5,320970,187980,2026-10-08
NIFTY,2026-10-27,23750.0,CE,14.5,14.5,10.0,10.8,10.8,2907,4489821742.25,144690,37700,2026-10-08
NIFTY,2026-10-27,25150.0,CE,1.1,3.45,1.1,2.45,0.01,58,94825536.0,17680,1040,2026-10-08
NIFTY,2026-10-27,25350.0,CE,0.0,0.0,0.0,2.85,0.01,0,0.0,2275,0,2026-10-08
NIFTY,2026-10-27,26400.0,CE,1.0,1.25,1.0,1.25,0.01,5,8580341.25,4550,-260,2026-10-08
NIFTY,2026-11-03,21550.0,CE,0.0,0.0,0.0,1952.8,836.42,0,0.0,0,0,2026-10-08
NIFTY,2026-11-03,21900.0,CE,0.0,0.0,0.0,1631.8,568.22,0,0.0,0,0,2026-10-08
NIFTY,2026-11-03,22100.0,CE,502.95,505.6,463.4,472.6,472.6,104,152674366.0,4615,4615,2026-10-08
NIFTY,2026-11-03,24200.0,CE,11.5,11.95,9.65,11.4,11.4,270,424899120.75,13520,-3055,2026-10-08
NIFTY,2026-11-03,24850.0,CE,0.0,0.0,0.0,5.65,0.31,0,0.0,1755,0,2026-10-08
NIFTY,2026-11-03,24900.0,CE,5.55,6.5,5.05,5.75,5.75,38,61516838.5,1950,-390,2026-10-08
NIFTY,2026-11-03,25000.0,CE,5.75,6.9,4.75,6.3,6.3,722,1173511742.0,64805,12805,2026-10-08
NIFTY,2026-11-03,25200.0,CE,5.0,5.3,4.05,4.25,4.25,14,22936387.5,8645,195,2026-10-08
NIFTY,2026-11-09,20750.0,CE,0.0,0.0,0.0,2148.25,1596.3,0,0.0,0,0,2026-10-08
NIFTY,2026-11-09,21400.0,CE,0.0,0.0,0.0,1532.75,999.67,0,0.0,0,0,2026-10-08
NIFTY,2026-11-09,21850.0,CE,0.0,0.0,0.0,1140.9,647.1,0,0.0,0,0,2026-10-08
NIFTY,2026-11-09,22750.0,CE,230.0,232.0,207.65,214.75,214.75,12,17913610.0,650,650,2026-10-08
NIFTY,2026-11-09,22900.0,CE,217.75,217.75,158.3,159.5,159.5,215,322709120.5,6955,6955,2026-10-08
NIFTY,2026-11-09,23650.0,CE,0.0,0.0,0.0,170.65,30.78,0,0.0,0,0,2026-10-08
NIFTY,2026-11-09,23750.0,CE,0.0,0.0,0.0,146.75,24.22,0,0.0,0,0,2026-10-08
NIFTY,2026-11-09,23850.0,CE,0.0,0.0,0.0,126.25,18.91,0,0.0,0,0,2026-10-08
NIFTY,2026-11-09,24050.0,CE,0.0,0.0,0.0,92.15,11.26,0,0.0,0,0,2026-10-08
NIFTY,2026-11-09,24150.0,CE,0.0,0.0,0.0,78.2,8.58,0,0.0,0,0,2026-10-08
NIFTY,2026-11-23,20100.0,CE,0.0,0.0,0.0,4536.15,2280.86,0,0.0,0,0,2026-10-08
NIFTY,2026-11-23,20550.0,CE,0.0,0.0,0.0,4096.8,1844.27,0,0.0,0,0,2026-10-08
NIFTY,2026-11-23,21750.0,CE,0.0,0.0,0.0,2952.95,810.3,0,0.0,0,0,2026-10-08
NIFTY,2026-11-23,22800.0,CE,369.05,383.15,262.4,270.95,270.95,16725,25116665382.25,451555,190450,2026-10-08
NIFTY,2026-11-23,22850.0,CE,342.2,354.8,246.0,252.35,252.35,491,738231269.75,20995,4875,2026-10-08
NIFTY,2026-11-23,22950.0,CE,307.0,309.55,212.2,220.7,220.7,334,503455368.0,14625,3640,2026-10-08
NIFTY,2026-11-23,23450.0,CE,157.9,157.9,99.35,101.1,101.1,813,1245304836.75,31785,-15015,2026-10-08
NIFTY,2030-06-25,18000.0,PE,0.0,0.0,0.0,116.65,95.56,0,0.0,0,0,2026-10-08
NIFTY,2029-12-24,25500.0,PE,0.0,0.0,0.0,597.3,1595.53,0,0.0,0,0,2026-10-08
NIFTY,2029-12-24,18000.0,PE,0.0,0.0,0.0,96.5,89.46,0,0.0,0,0,2026-10-08
NIFTY,2029-06-26,30000.0,PE,0.0,0.0,0.0,2031.05,4242.91,0,0.0,0,0,2026-10-08
NIFTY,2029-06-26,25500.0,PE,0.0,0.0,0.0,2550.0,1729.83,0,0.0,130,0,2026-10-08
NIFTY,2028-12-26,25000.0,PE,1496.15,1609.0,1496.15,1609.0,1609.0,4,6902684.75,13620,-115,2026-10-08
NIFTY,2028-06-27,30000.0,PE,0.0,0.0,0.0,3779.25,5212.54,0,0.0,0,0,2026-10-08
NIFTY,2028-06-27,15000.0,PE,0.0,0.0,0.0,127.2,2.26,0,0.0,0,0,2026-10-08
NIFTY,2027-12-28,31500.0,PE,0.0,0.0,0.0,3240.0,7174.64,0,0.0,0,0,2026-10-08
NIFTY,2027-12-28,19500.0,PE,0.0,0.0,0.0,29.25,118.18,0,0.0,0,0,2026-10-08
NIFTY,2027-12-28,17000.0,PE,0.0,0.0,0.0,72.55,10.44,0,0.0,17775,0,2026-10-08
NIFTY,2027-06-29,31500.0,PE,0.0,0.0,0.0,3604.7,7988.16,0,0.0,0,0,2026-10-08
NIFTY,2027-03-30,33000.0,PE,0.0,0.0,0.0,8415.45,9881.0,0,0.0,0,0,2026-10-08
NIFTY,2027-03-30,30000.0,PE,0.0,0.0,0.0,6273.1,6962.67,0,0.0,2470,0,2026-10-08
NIFTY,2027-03-30,25500.0,PE,2338.9,2592.0,2338.85,2575.2,2575.2,684,1242816649.75,200200,-19305,2026-10-08
NIFTY,2026-12-29,33000.0,PE,0.0,0.0,0.0,5263.45,10344.65,0,0.0,0,0,2026-10-08
NIFTY,2026-12-29,30000.0,PE,6920.0,7316.4,6920.0,7314.65,7314.65,158,382568241.25,507705,-715,2026-10-08
NIFTY,2026-12-29,28000.0,PE,5100.0,5380.3,5100.0,5365.15,5365.15,94,203257782.0,1051700,65,2026-10-08
NIFTY,2026-12-29,23800.0,PE,1300.05,1330.0,1300.0,1330.0,1415.96,16,26105953.25,2925,-195,2026-10-08
NIFTY,2026-12-29,22500.0,PE,400.0,566.9,395.0,554.05,554.05,16655,24887090510.75,1805115,67535,2026-10-08
NIFTY,2026-12-29,22400.0,PE,375.0,522.0,363.0,513.6,513.6,2180,3235537581.25,42445,-33410,2026-10-08
NIFTY,2026-12-29,20900.0,PE,98.0,147.0,97.9,141.3,141.3,168,229514122.5,6240,-65,2026-10-08
NIFTY,2026-12-29,20700.0,PE,79.65,125.7,79.65,120.2,120.2,115,155568130.25,4940,3445,2026-10-08
NIFTY,2026-12-29,20650.0,PE,0.0,0.0,0.0,68.6,53.05,0,0.0,1040,0,2026-10-08
NIFTY,2026-12-29,20450.0,PE,96.7,100.2,96.7,100.2,37.44,37,49417962.75,1885,1885,2026-10-08
NIFTY,2026-12-29,17000.0,PE,15.0,19.8,14.25,18.6,18.6,1886,2086165646.5,396445,70200,2026-10-08
NIFTY,2026-11-23,25550.0,PE,0.0,0.0,0.0,1282.8,3134.64,0,0.0,0,0,2026-10-08
NIFTY,2026-11-23,25250.0,PE,0.0,0.0,0.0,1090.7,2837.94,0,0.0,0,0,2026-10-08
NIFTY,2026-11-23,24400.0,PE,1940.0,1945.0,1940.0,1945.0,2007.46,2,3424525.0,9230,0,2026-10-08
NIFTY,2026-11-23,24350.0,PE,0.0,0.0,0.0,1478.7,1959.57,0,0.0,2210,0,2026-10-08
NIFTY,2026-11-23,23350.0,PE,792.0,1042.05,792.0,1042.05,1061.67,33,52035954.75,6955,-1235,2026-10-08
NIFTY,2026-11-23,23000.0,PE,564.05,815.7,564.05,797.4,797.4,6128,9448800998.0,1000545,32890,2026-10-08
NIFTY,2026-11-23,22950.0,PE,602.0,771.0,602.0,771.0,758.27,33,50721385.0,4290,-455,2026-10-08
NIFTY,2026-11-23,22600.0,PE,375.5,560.45,366.95,543.8,543.8,2433,3648904538.5,92625,-26780,2026-10-08
NIFTY,2026-11-23,22300.0,PE,273.1,418.8,262.1,405.95,405.95,5501,8104823142.0,171340,52325,2026-10-08
NIFTY,2026-11-23,22150.0,PE,228.25,355.95,227.95,349.85,349.85,170,248218405.5,10660,2665,2026-10-08
NIFTY,2026-11-23,22000.0,PE,188.0,305.9,184.0,296.5,296.5,33584,48607637685.75,1754480,495235,2026-10-08
NIFTY,2026-11-23,21850.0,PE,174.0,255.2,172.0,246.95,246.95,87,124734307.75,11700,-325,2026-10-08
NIFTY,2026-11-23,21250.0,PE,84.95,130.5,84.15,128.7,128.7,99,137450023.75,5005,650,2026-10-08
NIFTY,2026-11-09,24550.0,PE,0.0,0.0,0.0,1677.55,2197.44,0,0.0,0,0,2026-10-08
NIFTY,2026-11-09,24250.0,PE,0.0,0.0,0.0,1406.55,1902.76,0,0.0,0,0,2026-10-08
NIFTY,2026-11-09,24000.0,PE,0.0,0.0,0.0,1191.8,1660.37,0,0.0,0,0,2026-10-08
NIFTY,2026-11-09,22200.0,PE,308.4,308.4,302.3,302.3,283.02,4,5851774.5,260,260,2026-10-08
NIFTY,2026-11-09,21750.0,PE,0.0,0.0,0.0,78.75,128.23,0,0.0,0,0,2026-10-08
NIFTY,2026-11-09,21650.0,PE,0.0,0.0,0.0,65.0,104.72,0,0.0,0,0,2026-10-08
NIFTY,2026-11-09,20800.0,PE,0.0,0.0,0.0,9.2,11.87,0,0.0,0,0,2026-10-08
NIFTY,2026-11-03,24300.0,PE,0.0,0.0,0.0,1010.0,1971.29,0,0.0,65,0,2026-10-08
NIFTY,2026-11-03,22850.0,PE,442.1,661.95,430.2,661.95,661.95,37,56218259.5,6110,325,2026-10-08
NIFTY,2026-11-03,22600.0,PE,327.2,501.7,303.4,491.9,491.9,338,505540467.25,27235,-910,2026-10-08
NIFTY,2026-11-03,22050.0,PE,157.1,242.0,153.2,236.4,236.4,242,350282500.75,5460,3770,2026-10-08
NIFTY,2026-11-03,21350.0,PE,63.95,87.05,60.35,84.95,84.95,38,52904894.25,1625,1625,2026-10-08
NIFTY,2026-10-27,27200.0,PE,4800.0,4800.0,4800.0,4800.0,4886.91,1,2080000.0,57980,0,2026-10-08
NIFTY,2026-10-27,24950.0,PE,0.0,0.0,0.0,2282.85,2643.65,0,0.0,845,0,2026-10-08
NIFTY,2026-10-27,24700.0,PE,2102.95,2395.0,2102.95,2382.85,2382.85,100,175790228.25,221065,3575,2026-10-08
NIFTY,2026-10-27,23800.0,PE,1160.0,1524.5,1159.95,1501.65,1501.65,540,885914744.0,491530,-23920,2026-10-08
NIFTY,2026-10-27,23700.0,PE,1171.0,1424.0,1147.6,1399.1,1399.1,279,454107741.75,398840,-8190,2026-10-08
NIFTY,2026-10-27,23550.0,PE,977.7,1078.4,977.7,1078.4,1258.03,14,22359499.5,13130,-455,2026-10-08
NIFTY,2026-10-27,22500.0,PE,243.5,418.0,213.95,397.1,397.1,116156,172337733977.5,4100460,-467545,2026-10-08
NIFTY,2026-10-27,21700.0,PE,50.4,115.45,48.8,107.1,107.1,33950,48070867234.0,667680,-25870,2026-10-08
NIFTY,2026-10-27,21050.0,PE,17.15,36.7,17.15,33.5,33.5,994,1361830814.5,22035,5200,2026-10-08
NIFTY,2026-10-27,20550.0,PE,7.6,17.75,7.6,15.9,15.9,1650,2205482366.75,30030,13585,2026-10-08
NIFTY,2026-10-19,25150.0,PE,0.0,0.0,0.0,1919.85,2874.66,0,0.0,0,0,2026-10-08
NIFTY,2026-10-19,24250.0,PE,0.0,0.0,0.0,1180.0,1976.23,0,0.0,65,0,2026-10-08
NIFTY,2026-10-19,24150.0,PE,0.0,0.0,0.0,1040.4,1876.42,0,0.0,0,0,2026-10-08
NIFTY,2026-10-19,23500.0,PE,1000.0,1241.75,960.1,1229.4,1229.4,170,271662462.5,40755,4615,2026-10-08
NIFTY,2026-10-19,22950.0,PE,447.9,715.5,447.9,704.9,702.59,76,116089795.25,5135,-1690,2026-10-08
NIFTY,2026-10-19,22900.0,PE,399.0,676.5,394.55,653.25,653.25,1989,3023218328.0,62335,-28795,2026-10-08
NIFTY,2026-10-19,22350.0,PE,101.5,275.45,101.5,256.8,256.8,13932,20423682558.5,91195,18915,2026-10-08
NIFTY,2026-10-19,22000.0,PE,44.6,132.85,44.6,118.35,118.35,85806,123251137109.75,1029730,150280,2026-10-08
NIFTY,2026-10-19,21500.0,PE,14.25,41.8,12.85,35.85,35.85,53265,74538233584.75,772980,337740,2026-10-08
NIFTY,2026-10-19,21350.0,PE,10.7,29.0,9.7,24.45,24.45,6639,9220911950.25,73060,-19630,2026-10-08
NIFTY,2026-10-19,20750.0,PE,4.5,10.3,4.05,8.2,8.2,1448,1953622700.25,22685,10985,2026-10-08
NIFTY,2026-10-19,20600.0,PE,4.2,8.6,3.8,6.95,6.95,6139,8222723236.0,134420,3510,2026-10-08
NIFTY,2026-10-19,20250.0,PE,4.35,6.0,3.35,4.8,4.8,258,339673529.0,5590,1300,2026-10-08
NIFTY,2026-10-13,25100.0,PE,2850.0,2865.0,2815.0,2820.0,2848.44,73,132576925.0,650,-4615,2026-10-08
NIFTY,2026-10-13,24800.0,PE,2355.0,2355.0,2355.0,2355.0,2548.67,2,3530150.0,3250,-130,2026-10-08
NIFTY,2026-10-13,24050.0,PE,0.0,0.0,0.0,1458.2,1799.26,0,0.0,455,0,2026-10-08
NIFTY,2026-10-13,23500.0,PE,961.85,1271.0,942.8,1246.9,1246.9,1057,1693897344.75,335985,-21645,2026-10-08
NIFTY,2026-10-13,23200.0,PE,650.85,973.0,636.25,951.1,951.1,2135,3325087668.5,261560,-26325,2026-10-08
NIFTY,2026-10-13,22500.0,PE,108.9,324.9,104.5,298.3,298.3,2239099,3299936477470.75,2937155,-1992510,2026-10-08
NIFTY,2026-10-13,20200.0,PE,1.1,1.9,0.85,1.25,1.25,65732,86311366544.0,582985,-100425,2026-10-08
NIFTY,2026-10-19,23300.0,PE,742.6,1035.0,734.25,1035.0,1033.03,80,125325580.25,8385,-1105,2026-10-08
NIFTY,2026-10-19,23550.0,PE,1277.75,1277.75,1277.75,1277.75,1277.75,1,1613803.75,1365,0,2026-10-08
NIFTY,2026-10-19,23800.0,PE,1360.0,1514.0,1360.0,1514.0,1527.32,3,4926220.0,520,-65,2026-10-08
NIFTY,2026-10-19,24850.0,PE,0.0,0.0,0.0,1640.7,2575.18,0,0.0,0,0,2026-10-08
NIFTY,2026-10-19,25200.0,PE,0.0,0.0,0.0,1967.2,2924.57,0,0.0,0,0,2026-10-08
NIFTY,2026-10-27,20450.0,PE,11.1,14.45,11.1,14.45,0.44,12,15960964.5,1820,0,2026-10-08
NIFTY,2026-10-27,20600.0,PE,12.0,19.0,9.7,17.35,17.35,5101,6834909516.5,270270,-4745,2026-10-08
NIFTY,2026-10-27,21000.0,PE,9.0,34.1,1.9,31.25,31.25,44569,60912976445.75,1802255,243165,2026-10-08
NIFTY,2026-10-27,21200.0,PE,22.25,47.4,21.05,42.9,42.9,12599,17392075967.5,509730,161720,2026-10-08
NIFTY,2026-10-27,21500.0,PE,35.05,80.45,34.25,73.85,73.85,87391,122479585793.5,3733795,1010555,2026-10-08
NIFTY,2026-10-27,23850.0,PE,1296.0,1564.3,1296.0,1557.0,1550.31,16,26382161.0,10270,-520,2026-10-08
NIFTY,2026-10-27,24250.0,PE,0.0,0.0,0.0,1450.0,1946.36,0,0.0,11830,0,2026-10-08
NIFTY,2026-10-27,24650.0,PE,2055.65,2392.85,2055.65,2392.85,2392.85,5,8707023.0,2535,-130,2026-10-08
NIFTY,2026-10-27,25100.0,PE,2500.0,2766.7,2500.0,2766.6,2793.19,17,30708856.75,42640,-325,2026-10-08
NIFTY,2026-10-27,25500.0,PE,2940.0,3209.55,2929.25,3192.65,3192.65,276,511226816.75,820755,-7735,2026-10-08
NIFTY,2026-10-27,25600.0,PE,0.0,0.0,0.0,2900.0,3291.69,0,0.0,9425,0,2026-10-08
NIFTY,2026-10-27,26800.0,PE,0.0,0.0,0.0,3900.0,4488.1,0,0.0,585,0,2026-10-08
NIFTY,2026-11-03,20300.0,PE,0.0,0.0,0.0,1.15,0.91,0,0.0,0,0,2026-10-08
NIFTY,2026-11-03,20400.0,PE,0.0,0.0,0.0,1.5,1.41,0,0.0,0,0,2026-10-08
NIFTY,2026-11-03,20550.0,PE,0.0,0.0,0.0,2.35,2.64,0,0.0,0,0,2026-10-08
NIFTY,2026-11-03,20700.0,PE,15.15,24.6,15.15,24.6,4.74,32,43104184.5,1495,1495,2026-10-08
NIFTY,2026-11-03,21850.0,PE,132.8,183.85,132.8,177.3,177.3,59,84432695.75,2535,1625,2026-10-08
NIFTY,2026-11-03,22250.0,PE,184.15,321.4,182.25,308.1,308.1,283,414394483.75,7670,3770,2026-10-08
NIFTY,2026-11-03,22300.0,PE,198.6,345.15,196.05,334.0,334.0,784,1150956777.75,15210,3510,2026-10-08
NIFTY,2026-11-03,22950.0,PE,540.95,738.4,540.95,712.4,712.4,52,79665127.75,4680,-845,2026-10-08
NIFTY,2026-11-03,23750.0,PE,0.0,0.0,0.0,639.9,1434.83,0,0.0,0,0,2026-10-08
NIFTY,2026-11-03,24400.0,PE,0.0,0.0,0.0,1082.55,2070.17,0,0.0,0,0,2026-10-08
NIFTY,2026-11-03,24600.0,PE,0.0,0.0,0.0,1240.0,2268.47,0,0.0,0,0,2026-10-08
NIFTY,2026-11-03,24750.0,PE,0.0,0.0,0.0,1363.45,2417.5,0,0.0,0,0,2026-10-08
NIFTY,2026-11-09,21350.0,PE,82.0,106.95,82.0,106.95,53.51,4,5575082.5,195,195,2026-10-08
NIFTY,2026-11-09,21400.0,PE,0.0,0.0,0.0,38.95,60.26,0,0.0,0,0,2026-10-08
NIFTY,2026-11-09,21700.0,PE,99.25,173.85,99.25,173.85,173.85,10,14184787.5,520,455,2026-10-08
NIFTY,2026-11-09,22300.0,PE,236.55,369.3,236.55,364.85,364.85,5,7353775.0,130,130,2026-10-08
NIFTY,2026-11-09,22550.0,PE,0.0,0.0,0.0,283.05,464.64,0,0.0,0,0,2026-10-08
NIFTY,2026-11-09,22600.0,PE,317.65,522.35,317.65,522.3,494.99,32,47902708.75,780,65,2026-10-08
NIFTY,2026-11-09,23100.0,PE,665.0,845.0,665.0,832.0,832.0,3,4656730.0,195,195,2026-10-08
NIFTY,2026-11-09,23550.0,PE,0.0,0.0,0.0,839.8,1238.6,0,0.0,0,0,2026-10-08
NIFTY,2026-11-09,23600.0,PE,0.0,0.0,0.0,876.25,1284.13,0,0.0,0,0,2026-10-08
NIFTY,2026-11-09,24050.0,PE,0.0,0.0,0.0,1233.8,1708.52,0,0.0,0,0,2026-10-08
NIFTY,2026-11-09,24350.0,PE,0.0,0.0,0.0,1495.5,2000.64,0,0.0,0,0,2026-10-08
NIFTY,2026-11-23,20050.0,PE,23.85,44.85,23.2,36.9,36.9,108,140992393.75,3900,2730,2026-10-08
NIFTY,2026-11-23,20600.0,PE,48.85,69.15,38.55,62.2,62.2,457,613543950.5,13325,7540,2026-10-08
NIFTY,2026-11-23,20800.0,PE,52.0,82.2,50.25,77.05,77.05,3043,4128239020.75,118235,68705,2026-10-08
NIFTY,2026-11-23,20900.0,PE,54.95,92.15,50.1,86.55,86.55,477,650412363.25,15600,6565,2026-10-08
NIFTY,2026-11-23,22100.0,PE,208.05,336.55,208.0,326.0,326.0,6135,8937604474.5,276120,174655,2026-10-08
NIFTY,2026-11-23,22650.0,PE,406.3,588.0,392.25,578.75,578.75,178,267536067.5,26390,2275,2026-10-08
NIFTY,2026-11-23,22900.0,PE,508.0,744.0,508.0,730.7,730.7,466,714111300.5,54795,-390,2026-10-08
NIFTY,2026-11-23,24450.0,PE,0.0,0.0,0.0,1837.0,2055.51,0,0.0,390,0,2026-10-08
NIFTY,2026-11-23,24500.0,PE,1860.0,2119.0,1840.0,2107.1,2107.1,212,365009209.5,207935,-2405,2026-10-08
NIFTY,2026-11-23,24900.0,PE,0.0,0.0,0.0,1925.0,2493.34,0,0.0,1040,0,2026-10-08
NIFTY,2026-12-29,14000.0,PE,6.0,7.5,4.8,5.55,0.01,32,29131976.25,13640,845,2026-10-08
NIFTY,2026-12-29,19500.0,PE,40.5,54.25,39.05,52.6,52.6,1881,2390017288.75,161525,3445,2026-10-08
NIFTY,2026-12-29,20500.0,PE,73.85,106.85,73.0,101.3,101.3,2883,3858933949.0,162305,49335,2026-10-08
NIFTY,2026-12-29,23600.0,PE,996.0,1234.05,996.0,1234.05,1258.32,40,64154194.0,2665,-780,2026-10-08
NIFTY,2026-12-29,23850.0,PE,1193.35,1201.65,1193.35,1201.65,1456.48,2,3256175.0,5070,-65,2026-10-08
NIFTY,2026-12-29,24400.0,PE,1650.0,1898.85,1650.0,1839.55,1927.04,4,6817092.75,17940,-65,2026-10-08
NIFTY,2027-03-30,28500.0,PE,0.0,0.0,0.0,2937.15,5508.15,0,0.0,65,0,2026-10-08
NIFTY,2027-06-29,19000.0,PE,115.75,139.0,113.95,135.75,135.75,37,45995264.25,3150,1690,2026-10-08
NIFTY,2027-06-29,24000.0,PE,1126.45,1335.0,1100.0,1327.65,1327.65,210,344734201.5,34905,2470,2026-10-08
NIFTY,2027-09-28,25500.0,PE,0.0,0.0,0.0,2230.25,2382.63,0,0.0,0,0,2026-10-08
NIFTY,2027-12-28,15000.0,PE,0.0,0.0,0.0,21.0,0.61,0,0.0,2510,0,2026-10-08
NIFTY,2027-12-28,23000.0,PE,880.0,971.7,870.35,960.4,960.4,1151,1788654692.5,307165,14235,2026-10-08
NIFTY,2028-06-27,24000.0,PE,0.0,0.0,0.0,680.05,1302.96,0,0.0,65,0,2026-10-08
NIFTY,2028-12-26,31500.0,PE,0.0,0.0,0.0,2673.4,5827.25,0,0.0,0,0,2026-10-08
NIFTY,2029-12-24,15000.0,PE,0.0,0.0,0.0,29.0,10.42,0,0.0,65,0,2026-10-08
NIFTY,2030-06-25,22500.0,PE,0.0,0.0,0.0,223.75,639.56,0,0.0,0,0,2026-10-08
NIFTY,2030-06-25,25500.0,PE,0.0,0.0,0.0,568.55,1473.16,0,0.0,0,0,2026-10-08
NIFTY,2030-06-25,33000.0,PE,0.0,0.0,0.0,3143.9,5307.91,0,0.0,0,0,2026-10-08
NIFTY,2030-12-31,19500.0,PE,0.0,0.0,0.0,67.4,201.23,0,0.0,0,0,2026-10-08
NIFTY,2030-12-31,30000.0,PE,0.0,0.0,0.0,1450.1,3198.64,0,0.0,0,0,2026-10-08
NIFTY,2026-11-23,23000.0,CE,288.8,294.05,200.25,207.1,207.1,32986,49795382588.25,2051270,496470,2026-10-08
NIFTY,2026-10-13,21000.0,CE,1444.0,1444.0,1228.7,1249.45,1249.45,246,356358437.5,12350,7735,2026-10-08
NIFTY,2026-10-13,22750.0,CE,64.0,67.2,14.15,15.3,15.3,745552,1103864241935.0,5411835,1695135,2026-10-08
NIFTY,2026-10-13,23700.0,CE,1.45,1.95,1.05,1.55,1.55,430361,663011607342.5,4458480,1149330,2026-10-08
NIFTY,2026-10-13,24400.0,CE,0.95,1.3,0.65,0.9,0.9,54735,86812958908.0,346710,-131235,2026-10-08
NIFTY,2026-10-13,25250.0,CE,0.6,0.9,0.5,0.6,0.6,2888,4740051455.75,57460,13325,2026-10-08
NIFTY,2026-10-13,25300.0,CE,0.55,0.8,0.45,0.6,0.6,9141,15032718070.5,162305,17420,2026-10-08
NIFTY,2026-10-19,20050.0,CE,0.0,0.0,0.0,3178.5,2216.51,0,0.0,0,0,2026-10-08
NIFTY,2026-10-19,20200.0,CE,0.0,0.0,0.0,3029.55,2066.77,0,0.0,0,0,2026-10-08
NIFTY,2026-10-19,20300.0,CE,0.0,0.0,0.0,2930.35,1966.95,0,0.0,0,0,2026-10-08
NIFTY,2026-10-19,20350.0,CE,0.0,0.0,0.0,2880.75,1917.04,0,0.0,0,0,2026-10-08
NIFTY,2026-10-19,21650.0,CE,0.0,0.0,0.0,913.55,646.86,0,0.0,130,0,2026-10-08
NIFTY,2026-10-19,22150.0,CE,474.95,483.9,274.4,288.35,288.35,3990,5824131686.75,121225,119015,2026-10-08
NIFTY,2026-10-19,22350.0,CE,334.2,350.45,168.2,176.5,176.5,11791,17286433615.75,129480,114595,2026-10-08
NIFTY,2026-10-19,22550.0,CE,207.45,226.25,94.6,99.5,99.5,18745,27647860766.5,227240,121095,2026-10-08
NIFTY,2026-10-19,22700.0,CE,145.0,151.75,59.0,61.7,61.7,70581,104531855252.5,1523600,829855,2026-10-08
NIFTY,2026-10-19,24200.0,CE,1.8,2.1,1.4,1.75,1.75,7487,11777916195.5,189150,4745,2026-10-08
NIFTY,2026-10-27,20200.0,CE,2330.0,2330.0,2200.0,2200.0,2092.27,2,2920450.0,0,0,2026-10-08
NIFTY,2026-10-27,23000.0,CE,100.0,118.15,57.55,60.3,60.3,165506,248231342294.0,6427720,938925,2026-10-08
NIFTY,2026-10-27,24150.0,CE,6.1,6.75,5.8,6.2,6.2,802,1259263577.0,57525,-29315,2026-10-08
NIFTY,2026-10-27,24350.0,CE,5.3,5.55,4.5,5.0,5.0,728,1152478063.75,40105,-15665,2026-10-08
NIFTY,2026-10-27,25100.0,CE,2.4,2.95,2.1,2.45,2.45,529,863148113.75,79430,-4030,2026-10-08
NIFTY,2026-10-27,25400.0,CE,2.45,2.45,1.75,2.0,2.0,445,734755755.5,95940,2340,2026-10-08
NIFTY,2026-10-27,25500.0,CE,1.4,2.1,1.3,1.8,1.8,4530,7508989930.0,924300,-2600,2026-10-08
NIFTY,2026-10-27,26050.0,CE,0.85,0.85,0.85,0.85,0.01,2,3386610.5,8450,-130,2026-10-08
NIFTY,2026-10-27,26100.0,CE,0.0,0.0,0.0,0.65,0.01,0,0.0,10335,0,2026-10-08
NIFTY,2026-10-27,26450.0,CE,0.0,0.0,0.0,1.0,0.01,0,0.0,520,0,2026-10-08
NIFTY,2026-10-27,26700.0,CE,0.0,0.0,0.0,0.75,0.01,0,0.0,650,0,2026-10-08
NIFTY,2026-10-27,26900.0,CE,1.3,1.3,0.5,0.9,0.9,117,204579131.25,33540,-1625,2026-10-08
NIFTY,2026-10-27,26950.0,CE,0.0,0.0,0.0,1.9,0.01,0,0.0,910,0,2026-10-08
NIFTY,2026-11-03,21800.0,CE,0.0,0.0,0.0,1721.95,639.89,0,0.0,0,0,2026-10-08
NIFTY,2026-11-03,22150.0,CE,453.45,464.9,437.2,453.1,453.1,84,123407033.75,4875,4745,2026-10-08
NIFTY,2026-11-03,22550.0,CE,361.85,365.9,231.55,240.55,240.55,183,271538605.0,13845,6760,2026-10-08
NIFTY,2026-11-03,22600.0,CE,351.4,351.4,213.35,219.85,219.85,1191,1768579159.75,92300,18135,2026-10-08
NIFTY,2026-11-03,23550.0,CE,48.95,48.95,31.8,32.3,32.3,111,170160922.75,9945,3575,2026-10-08
NIFTY,2026-11-03,24100.0,CE,15.5,15.5,12.2,12.95,12.95,78,122251824.5,8320,-1495,2026-10-08
NIFTY,2026-11-03,24600.0,CE,5.85,8.8,5.45,8.3,8.3,342,547009719.75,18590,-8190,2026-10-08
NIFTY,2026-11-09,20050.0,CE,0.0,0.0,0.0,2837.3,2283.41,0,0.0,0,0,2026-10-08
NIFTY,2026-11-09,20900.0,CE,0.0,0.0,0.0,2003.0,1452.95,0,0.0,0,0,2026-10-08
NIFTY,2026-11-09,21250.0,CE,0.0,0.0,0.0,1670.9,1130.48,0,0.0,0,0,2026-10-08
NIFTY,2026-11-09,22300.0,CE,0.0,0.0,0.0,797.05,373.26,0,0.0,0,0,2026-10-08
NIFTY,2026-11-09,22500.0,CE,424.0,424.0,300.25,312.0,312.0,134,198877103.75,2990,2990,2026-10-08
NIFTY,2026-11-09,22600.0,CE,388.7,388.7,260.75,269.1,269.1,112,166598984.5,3055,3055,2026-10-08
NIFTY,2026-11-09,22850.0,CE,230.35,230.35,230.0,230.0,158.8,6,9001245.5,0,0,2026-10-08
NIFTY,2026-11-09,23400.0,CE,83.0,84.9,61.15,65.4,65.4,216,329575704.25,13130,6890,2026-10-08
NIFTY,2026-11-09,24200.0,CE,0.0,0.0,0.0,71.9,7.47,0,0.0,0,0,2026-10-08
NIFTY,2026-11-23,20250.0,CE,0.0,0.0,0.0,4389.4,2134.17,0,0.0,0,0,2026-10-08
NIFTY,2026-11-23,22100.0,CE,799.95,800.55,610.85,622.15,622.15,192,283931115.0,11050,5590,2026-10-08
NIFTY,2026-11-23,22500.0,CE,528.0,544.35,385.8,397.6,397.6,12325,18364591631.75,582465,138515,2026-10-08
NIFTY,2026-11-23,23100.0,CE,243.95,252.75,173.0,177.45,177.45,8281,12537121103.0,473265,156390,2026-10-08
NIFTY,2026-11-23,24250.0,CE,32.25,37.25,26.65,30.8,30.8,60,94697453.5,15470,-390,2026-10-08
NIFTY,2026-11-23,25050.0,CE,12.55,12.65,12.3,12.3,3.41,9,14661517.0,1235,195,2026-10-08
NIFTY,2026-11-23,25100.0,CE,14.0,14.3,12.25,13.45,13.45,152,248118799.5,41925,-520,2026-10-08
NIFTY,2026-11-23,25200.0,CE,12.95,16.0,11.0,14.5,14.5,42,68831613.5,10465,-65,2026-10-08
NIFTY,2026-11-23,25600.0,CE,6.05,6.05,6.05,6.05,0.81,2,3328786.5,975,-130,2026-10-08
NIFTY,2026-12-29,19500.0,CE,0.0,0.0,0.0,7586.85,2987.28,0,0.0,0,0,2026-10-08
NIFTY,2026-12-29,21300.0,CE,1618.75,1618.75,1385.6,1395.15,1395.15,41,60565856.0,1755,1560,2026-10-08
NIFTY,2026-12-29,22450.0,CE,705.75,705.75,604.55,608.2,608.2,39,58538353.25,4095,780,2026-10-08
NIFTY,2026-12-29,23500.0,CE,270.0,270.0,196.85,201.4,201.4,16821,25929364418.75,931320,405990,2026-10-08
NIFTY,2026-12-29,23750.0,CE,192.4,192.4,148.95,151.0,151.0,135,209858389.0,14625,-585,2026-10-08
NIFTY,2026-12-29,23850.0,CE,148.45,148.5,132.65,133.35,133.35,128,199591775.5,24180,2470,2026-10-08
NIFTY,2026-12-29,25500.0,CE,27.4,27.4,23.15,23.95,23.95,6513,10806176647.5,996645,-30875,2026-10-08
NIFTY,2026-12-29,27000.0,CE,10.05,10.2,8.75,9.0,9.0,3421,6005969368.75,1814470,-25415,2026-10-08
NIFTY,2026-12-29,34500.0,CE,0.0,0.0,0.0,1.65,0.01,0,0.0,1365,0,2026-10-08
NIFTY,2027-03-30,33000.0,CE,7.5,8.35,7.0,7.05,7.05,23,49345747.75,13195,195,2026-10-08
NIFTY,2029-12-24,22500.0,CE,0.0,0.0,0.0,8486.15,4199.6,0,0.0,0,0,2026-10-08
NIFTY,2030-12-31,15000.0,CE,0.0,0.0,0.0,14862.95,10487.81,0,0.0,0,0,2026-10-08
NIFTY,2031-06-24,16500.0,CE,0.0,0.0,0.0,11849.25,9693.57,0,0.0,0,0,2026-10-08
NIFTY,2031-06-24,31500.0,CE,0.0,0.0,0.0,3928.35,1867.39,0,0.0,0,0,2026-10-08
NIFTY,2026-10-13,20650.0,PE,1.4,2.85,1.15,1.8,1.8,38016,51031593083.25,228670,125970,2026-10-08
NIFTY,2026-10-13,21150.0,PE,1.95,5.75,1.75,3.85,3.85,200391,275532698210.25,459095,115960,2026-10-08
NIFTY,2026-10-13,22850.0,PE,363.5,632.25,322.2,610.65,610.65,12283,18600657942.75,177645,-51220,2026-10-08
NIFTY,2026-10-13,23000.0,PE,460.05,777.35,450.0,761.5,761.5,30884,47392492689.75,947050,-405275,2026-10-08
NIFTY,2026-10-13,23400.0,PE,872.9,1174.0,846.05,1149.35,1149.35,398,631946360.5,219115,-3835,2026-10-08
NIFTY,2026-10-19,20650.0,PE,4.2,8.85,3.75,7.4,7.4,397,533043949.75,10270,2210,2026-10-08
NIFTY,2026-10-19,20900.0,PE,4.45,12.4,4.45,10.15,10.15,12253,16651994469.5,265265,197860,2026-10-08
NIFTY,2026-10-19,21200.0,PE,7.7,21.0,7.35,17.55,17.55,19554,26962776808.5,283920,95160,2026-10-08
NIFTY,2026-10-19,21400.0,PE,10.85,32.7,10.65,27.7,27.7,23269,32399054207.0,373750,50440,2026-10-08
NIFTY,2026-10-19,21800.0,PE,26.0,83.75,26.0,72.45,72.45,44160,62742024176.0,587470,282360,2026-10-08
NIFTY,2026-10-19,22650.0,PE,239.0,471.65,234.5,445.75,445.75,5170,7731409507.25,153205,34125,2026-10-08
NIFTY,2026-10-19,23000.0,PE,480.0,769.95,469.55,752.4,752.4,2901,4453404663.5,100165,-5590,2026-10-08
NIFTY,2026-10-19,23700.0,PE,1376.2,1385.3,1376.2,1385.1,1427.77,8,13043121.0,2340,520,2026-10-08
NIFTY,2026-10-19,23900.0,PE,0.0,0.0,0.0,777.4,1627.0,0,0.0,0,0,2026-10-08
NIFTY,2026-10-19,24650.0,PE,0.0,0.0,0.0,1460.6,2375.52,0,0.0,0,0,2026-10-08
NIFTY,2026-10-27,21100.0,PE,18.5,39.75,18.0,36.3,36.3,7107,9761739390.0,179725,97695,2026-10-08
NIFTY,2026-10-27,21900.0,PE,75.6,162.55,72.65,150.35,150.35,22381,32040820698.25,702065,68640,2026-10-08
NIFTY,2026-10-27,23350.0,PE,805.45,1071.3,804.55,1066.35,1066.35,42,66350397.75,27170,-1690,2026-10-08
NIFTY,2026-10-27,25250.0,PE,0.0,0.0,0.0,2249.0,2942.74,0,0.0,260,0,2026-10-08
NIFTY,2026-10-27,26100.0,PE,0.0,0.0,0.0,3200.0,3790.2,0,0.0,195,0,2026-10-08
NIFTY,2026-10-27,26750.0,PE,0.0,0.0,0.0,2501.2,4438.25,0,0.0,0,0,2026-10-08
NIFTY,2026-10-27,26900.0,PE,0.0,0.0,0.0,3583.15,4587.81,0,0.0,1430,0,2026-10-08
NIFTY,2026-10-27,26950.0,PE,0.0,0.0,0.0,2675.85,4637.66,0,0.0,0,0,2026-10-08
NIFTY,2026-11-03,20150.0,PE,0.0,0.0,0.0,0.7,0.45,0,0.0,0,0,2026-10-08
NIFTY,2026-11-03,20250.0,PE,0.0,0.0,0.0,0.95,0.72,0,0.0,0,0,2026-10-08
NIFTY,2026-11-03,20350.0,PE,0.0,0.0,0.0,1.3,1.14,0,0.0,0,0,2026-10-08
NIFTY,2026-11-03,21300.0,PE,48.6,82.6,46.0,77.75,77.75,310,430586884.0,6890,3510,2026-10-08
NIFTY,2026-11-03,21550.0,PE,75.5,116.35,75.5,113.55,113.55,46,64703060.5,3120,-2275,2026-10-08
NIFTY,2026-11-03,21900.0,PE,109.85,198.15,109.85,193.75,193.75,253,362953451.25,12740,4810,2026-10-08
NIFTY,2026-11-03,22350.0,PE,207.4,362.85,207.4,357.95,357.95,359,528583259.75,12220,6435,2026-10-08
NIFTY,2026-11-03,22800.0,PE,432.85,615.6,432.85,612.55,612.55,58,87920456.0,14560,-455,2026-10-08
NIFTY,2026-11-03,23600.0,PE,0.0,0.0,0.0,555.1,1292.64,0,0.0,0,0,2026-10-08
NIFTY,2026-11-03,23650.0,PE,1259.2,1325.75,1259.2,1325.75,1339.74,2,3242521.75,195,0,2026-10-08
NIFTY,2026-11-03,24000.0,PE,0.0,0.0,0.0,788.3,1676.56,0,0.0,65,0,2026-10-08
NIFTY,2026-11-03,24050.0,PE,0.0,0.0,0.0,829.7,1725.41,0,0.0,0,0,2026-10-08
NIFTY,2026-11-03,24200.0,PE,0.0,0.0,0.0,1659.45,1872.66,0,0.0,65,0,2026-10-08
NIFTY,2026-11-03,24500.0,PE,0.0,0.0,0.0,1160.15,2169.25,0,0.0,0,0,2026-10-08
NIFTY,2026-11-03,25150.0,PE,0.0,0.0,0.0,1711.15,2815.49,0,0.0,0,0,2026-10-08
NIFTY,2026-11-09,20700.0,PE,0.0,0.0,0.0,7.0,8.66,0,0.0,0,0,2026-10-08
NIFTY,2026-11-09,22000.0,PE,175.0,254.05,169.0,247.75,247.75,94,135808627.5,3965,845,2026-10-08
NIFTY,2026-11-09,22900.0,PE,0.0,0.0,0.0,438.2,698.42,0,0.0,0,0,2026-10-08
NIFTY,2026-11-09,23200.0,PE,0.0,0.0,0.0,605.95,933.79,0,0.0,0,0,2026-10-08
NIFTY,2026-11-09,24450.0,PE,0.0,0.0,0.0,1585.85,2098.89,0,0.0,0,0,2026-10-08
NIFTY,2026-11-23,20250.0,PE,0.0,0.0,0.0,4.0,6.16,0,0.0,0,0,2026-10-08
NIFTY,2026-11-23,20450.0,PE,42.0,60.8,42.0,60.8,10.8,48,63954263.75,2470,2210,2026-10-08
NIFTY,2026-11-23,20650.0,PE,61.6,61.6,61.6,61.6,18.21,1,1346254.0,1820,0,2026-10-08
NIFTY,2026-11-23,21150.0,PE,77.8,117.75,74.65,115.75,115.75,98,135336025.5,2665,1495,2026-10-08
NIFTY,2026-11-23,21450.0,PE,99.0,165.85,99.0,161.15,161.15,248,347869973.75,9555,3640,2026-10-08
NIFTY,2026-11-23,21750.0,PE,138.0,230.6,138.0,223.25,223.25,244,348074701.0,12610,3315,2026-10-08
NIFTY,2026-11-23,21950.0,PE,196.5,284.7,192.0,278.9,278.9,96,138467501.25,19890,2730,2026-10-08
NIFTY,2026-11-23,22200.0,PE,233.7,377.1,233.7,365.25,365.25,12707,18612042501.0,371280,16380,2026-10-08
NIFTY,2026-11-23,23300.0,PE,785.0,1025.3,785.0,1003.35,1003.35,238,375618542.0,50245,-1495,2026-10-08
NIFTY,2026-11-23,23400.0,PE,881.2,1120.5,881.2,1107.85,1107.85,243,386216912.25,97955,5655,2026-10-08
NIFTY,2026-11-23,23800.0,PE,1153.2,1455.35,1153.2,1455.35,1447.71,98,159957148.0,58500,585,2026-10-08
NIFTY,2026-11-23,24050.0,PE,0.0,0.0,0.0,1132.55,1676.38,0,0.0,1040,0,2026-10-08
NIFTY,2026-11-23,24600.0,PE,0.0,0.0,0.0,2050.0,2200.5,0,0.0,3575,0,2026-10-08
NIFTY,2026-11-23,24750.0,PE,2067.0,2770.25,2067.0,2770.25,2770.25,2,3531921.25,130,65,2026-10-08
NIFTY,2026-11-23,25900.0,PE,0.0,0.0,0.0,3176.5,3481.54,0,0.0,65,0,2026-10-08
NIFTY,2026-11-23,26100.0,PE,0.0,0.0,0.0,1675.5,3679.94,0,0.0,0,0,2026-10-08
NIFTY,2026-12-29,12000.0,PE,3.4,3.45,2.9,3.45,3.45,25,19505300.75,23935,910,2026-10-08
NIFTY,2026-12-29,20050.0,PE,0.0,0.0,0.0,53.35,17.45,0,0.0,3315,0,2026-10-08
NIFTY,2026-12-29,21550.0,PE,208.3,251.75,205.7,243.35,243.35,199,281781808.75,5915,-455,2026-10-08
NIFTY,2026-12-29,21800.0,PE,216.05,314.85,216.05,305.7,305.7,2095,3007437849.0,88205,-1495,2026-10-08
NIFTY,2026-12-29,23250.0,PE,756.65,788.6,756.65,788.6,1001.79,2,3122941.25,2015,-65,2026-10-08
NIFTY,2026-12-29,23450.0,PE,1100.75,1100.75,1100.75,1100.75,1145.17,3,4787396.25,1235,195,2026-10-08
NIFTY,2026-12-29,23650.0,PE,0.0,0.0,0.0,923.35,1297.03,0,0.0,2275,0,2026-10-08
NIFTY,2026-12-29,23700.0,PE,1110.0,1264.05,1110.0,1264.05,1336.21,6,9688770.0,3055,-260,2026-10-08
NIFTY,2027-03-30,15000.0,PE,21.0,32.0,19.0,24.5,24.5,361,352592165.25,20410,2470,2026-10-08
NIFTY,2027-06-29,18000.0,PE,0.0,0.0,0.0,70.0,10.21,0,0.0,230,0,2026-10-08
NIFTY,2027-06-29,28500.0,PE,0.0,0.0,0.0,1807.05,5145.42,0,0.0,0,0,2026-10-08
NIFTY,2027-09-28,19500.0,PE,0.0,0.0,0.0,134.1,93.96,0,0.0,65,0,2026-10-08
NIFTY,2027-12-28,20000.0,PE,287.85,328.0,276.0,315.0,315.0,294,388068359.25,111115,5005,2026-10-08
NIFTY,2028-06-27,22000.0,PE,0.0,0.0,0.0,650.0,597.93,0,0.0,2210,0,2026-10-08
NIFTY,2028-12-26,30000.0,PE,0.0,0.0,0.0,3500.0,4690.7,0,0.0,325,0,2026-10-08
NIFTY,2029-06-26,18000.0,PE,0.0,0.0,0.0,118.45,80.56,0,0.0,0,0,2026-10-08
NIFTY,2029-06-26,27000.0,PE,0.0,0.0,0.0,1252.35,2449.81,0,0.0,0,0,2026-10-08
NIFTY,2029-12-24,19500.0,PE,0.0,0.0,0.0,61.2,198.61,0,0.0,0,0,2026-10-08
NIFTY,2030-06-25,30000.0,PE,0.0,0.0,0.0,2100.85,3512.16,0,0.0,0,0,2026-10-08
NIFTY,2030-12-31,22500.0,PE,0.0,0.0,0.0,219.35,605.6,0,0.0,0,0,2026-10-08
NIFTY,2026-10-27,23600.0,CE,21.0,21.1,13.3,14.0,14.0,34208,52509715654.5,1227590,-131885,2026-10-08
NIFTY,2026-10-27,23900.0,CE,11.55,12.9,8.0,8.55,8.55,13510,20995581837.75,522405,-43485,2026-10-08
NIFTY,2026-10-27,25650.0,CE,0.0,0.0,0.0,1.35,0.01,0,0.0,5850,0,2026-10-08
NIFTY,2026-10-27,25950.0,CE,0.9,1.9,0.9,1.5,0.01,40,67473250.0,3445,0,2026-10-08
NIFTY,2026-10-27,26200.0,CE,0.9,1.45,0.7,1.3,1.3,167,284410392.5,19435,325,2026-10-08
NIFTY,2026-10-27,26350.0,CE,0.0,0.0,0.0,1.05,0.01,0,0.0,1170,0,2026-10-08
NIFTY,2026-10-27,26500.0,CE,0.6,0.75,0.6,0.65,0.65,3480,5994442064.0,746980,9490,2026-10-08
NIFTY,2026-10-27,26800.0,CE,1.1,1.1,1.1,1.1,0.01,1,1742071.5,2925,0,2026-10-08
NIFTY,2026-11-03,20150.0,CE,0.0,0.0,0.0,3316.95,2164.62,0,0.0,0,0,2026-10-08
NIFTY,2026-11-03,20850.0,CE,0.0,0.0,0.0,2626.3,1475.23,0,0.0,0,0,2026-10-08
NIFTY,2026-11-03,20950.0,CE,0.0,0.0,0.0,2528.5,1379.02,0,0.0,0,0,2026-10-08
NIFTY,2026-11-03,21000.0,CE,1357.5,1357.5,1357.5,1357.5,1331.32,1,1453237.5,65,65,2026-10-08
NIFTY,2026-11-03,21650.0,CE,0.0,0.0,0.0,1859.6,755.05,0,0.0,0,0,2026-10-08
NIFTY,2026-11-03,21750.0,CE,0.0,0.0,0.0,1767.5,677.3,0,0.0,0,0,2026-10-08
NIFTY,2026-11-03,22850.0,CE,211.2,216.9,133.65,138.25,138.25,203,303549161.5,15405,7800,2026-10-08
NIFTY,2026-11-03,23150.0,CE,103.95,103.95,72.9,73.7,73.7,165,249145165.75,10725,260,2026-10-08
NIFTY,2026-11-03,23200.0,CE,100.0,108.0,64.0,65.8,65.8,1467,2219203818.0,65910,38025,2026-10-08
NIFTY,2026-11-09,20450.0,CE,0.0,0.0,0.0,2441.95,1888.33,0,0.0,0,0,2026-10-08
NIFTY,2026-11-09,20500.0,CE,0.0,0.0,0.0,2392.8,1839.3,0,0.0,0,0,2026-10-08
NIFTY,2026-11-09,20650.0,CE,0.0,0.0,0.0,2245.75,1692.99,0,0.0,0,0,2026-10-08
NIFTY,2026-11-09,21300.0,CE,0.0,0.0,0.0,1624.5,1086.29,0,0.0,0,0,2026-10-08
NIFTY,2026-11-09,22400.0,CE,360.0,360.0,360.0,360.0,360.0,1,1479400.0,65,65,2026-10-08
NIFTY,2026-11-09,22550.0,CE,294.5,294.5,286.7,289.45,289.45,6,8907687.75,65,65,2026-10-08
NIFTY,2026-11-09,22650.0,CE,0.0,0.0,0.0,573.6,222.08,0,0.0,0,0,2026-10-08
NIFTY,2026-11-09,23700.0,CE,0.0,0.0,0.0,157.95,27.33,0,0.0,0,0,2026-10-08
NIFTY,2026-11-23,20300.0,CE,0.0,0.0,0.0,4340.55,2085.49,0,0.0,0,0,2026-10-08
NIFTY,2026-11-23,21300.0,CE,0.0,0.0,0.0,3374.8,1162.82,0,0.0,0,0,2026-10-08
NIFTY,2026-11-23,21850.0,CE,0.0,0.0,0.0,2860.95,740.21,0,0.0,0,0,2026-10-08
NIFTY,2026-11-23,22150.0,CE,596.0,601.15,502.5,550.7,550.7,21,31023125.25,1040,520,2026-10-08
NIFTY,2026-11-23,24200.0,CE,43.8,43.8,30.7,32.55,32.55,4707,7414585646.0,192465,-81965,2026-10-08
NIFTY,2026-11-23,25450.0,CE,7.7,11.9,7.45,8.3,1.21,9,14893108.75,1105,195,2026-10-08
NIFTY,2026-11-23,25650.0,CE,6.1,9.75,6.1,8.8,8.8,25,41693037.75,1365,650,2026-10-08
NIFTY,2026-12-29,18000.0,CE,4662.75,4687.05,4404.25,4419.4,4419.4,92,134413366.75,20215,3055,2026-10-08
NIFTY,2026-12-29,20000.0,CE,2784.8,2803.55,2515.0,2535.35,2535.35,640,941026232.25,868620,5330,2026-10-08
NIFTY,2026-12-29,20100.0,CE,0.0,0.0,0.0,2939.35,2409.07,0,0.0,0,0,2026-10-08
NIFTY,2026-12-29,20350.0,CE,0.0,0.0,0.0,2706.3,2174.19,0,0.0,0,0,2026-10-08
NIFTY,2026-12-29,20650.0,CE,0.0,0.0,0.0,2432.9,1899.88,0,0.0,0,0,2026-10-08
NIFTY,2026-12-29,20800.0,CE,0.0,0.0,0.0,2299.35,1766.69,0,0.0,0,0,2026-10-08
NIFTY,2026-12-29,21000.0,CE,1890.0,1899.0,1621.65,1641.7,1641.7,877,1294442236.75,874205,4420,2026-10-08
NIFTY,2026-12-29,21100.0,CE,0.0,0.0,0.0,2039.8,1510.29,0,0.0,0,0,2026-10-08
NIFTY,2026-12-29,21600.0,CE,1194.65,1194.65,1191.65,1191.65,1120.38,4,5926024.0,3380,260,2026-10-08
NIFTY,2026-12-29,21950.0,CE,0.0,0.0,0.0,1215.3,881.67,0,0.0,1755,0,2026-10-08
NIFTY,2026-12-29,22000.0,CE,1062.0,1082.0,868.3,881.25,881.25,4626,6896762899.0,788745,84935,2026-10-08
NIFTY,2026-12-29,22650.0,CE,590.0,593.25,500.55,512.9,512.9,385,579801725.75,22230,20800,2026-10-08
NIFTY,2026-12-29,23900.0,CE,160.7,160.7,123.7,126.35,126.35,3066,4789284506.5,60450,-78195,2026-10-08
NIFTY,2026-12-29,24150.0,CE,114.15,115.1,92.5,93.95,93.95,82,129264395.0,10790,1690,2026-10-08
NIFTY,2026-12-29,28000.0,CE,6.6,7.0,6.2,6.55,6.55,970,1765812984.0,1667160,-3205,2026-10-08
NIFTY,2026-12-29,31000.0,CE,5.1,5.1,4.5,4.95,0.01,30,60458999.25,122740,-1300,2026-10-08
NIFTY,2027-03-30,18000.0,CE,4899.0,4919.0,4657.0,4681.7,4681.7,24,35595218.75,1040,1040,2026-10-08
NIFTY,2027-03-30,30000.0,CE,13.7,14.85,12.35,14.0,14.0,194,378475145.75,175240,-455,2026-10-08
NIFTY,2027-06-29,19000.0,CE,0.0,0.0,0.0,7800.0,4043.08,0,0.0,75,0,2026-10-08
NIFTY,2027-12-28,19500.0,CE,0.0,0.0,0.0,8684.7,4173.03,0,0.0,0,0,2026-10-08
NIFTY,2027-12-28,33000.0,CE,49.0,53.95,46.05,49.3,49.3,94,201929198.25,11765,-2340,2026-10-08
NIFTY,2028-12-26,18000.0,CE,0.0,0.0,0.0,9380.3,6456.23,0,0.0,0,0,2026-10-08
NIFTY,2028-12-26,19500.0,CE,0.0,0.0,0.0,9716.4,5244.98,0,0.0,0,0,2026-10-08
NIFTY,2028-12-26,31500.0,CE,380.0,380.0,336.75,336.75,332.65,6,12424997.0,1105,325,2026-10-08
NIFTY,2028-12-26,33000.0,CE,0.0,0.0,0.0,2477.5,209.93,0,0.0,0,0,2026-10-08
NIFTY,2030-06-25,25500.0,CE,0.0,0.0,0.0,7070.45,3109.68,0,0.0,0,0,2026-10-08
NIFTY,2030-06-25,31500.0,CE,0.0,0.0,0.0,3984.8,1164.51,0,0.0,0,0,2026-10-08
NIFTY,2030-12-31,30000.0,CE,0.0,0.0,0.0,5227.2,1911.48,0,0.0,0,0,2026-10-08
NIFTY,2031-06-24,28500.0,CE,0.0,0.0,0.0,5048.95,2793.11,0,0.0,0,0,2026-10-08
NIFTY,2026-10-13,21300.0,PE,1.95,7.15,1.9,5.0,5.0,340366,471338873008.25,2669940,1184820,2026-10-08
NIFTY,2026-10-13,22200.0,PE,25.0,137.3,25.0,118.75,118.75,2667019,3864807382640.75,6411860,342875,2026-10-08
NIFTY,2026-10-13,23300.0,PE,751.5,1070.6,740.0,1049.4,1049.4,684,1078459479.5,218270,-18850,2026-10-08
NIFTY,2026-10-13,24000.0,PE,1421.7,1768.2,1421.7,1738.5,1738.5,393,655394606.75,320905,-650,2026-10-08
NIFTY,2026-10-13,24250.0,PE,1794.55,1794.55,1777.65,1777.65,1999.11,2,3384693.0,1690,130,2026-10-08
NIFTY,2026-10-13,24850.0,PE,0.0,0.0,0.0,2405.15,2598.63,0,0.0,195,0,2026-10-08
NIFTY,2026-10-19,20550.0,PE,3.55,8.15,3.4,6.9,6.9,812,1084950402.25,20345,14235,2026-10-08
NIFTY,2026-10-19,21100.0,PE,6.9,17.3,6.2,14.3,14.3,11218,15394699170.5,148785,49400,2026-10-08
NIFTY,2026-10-19,21650.0,PE,19.9,59.4,18.85,50.1,50.1,8876,12514052700.5,112710,-43615,2026-10-08
NIFTY,2026-10-19,21700.0,PE,21.9,66.75,20.9,56.85,56.85,31632,44708984440.25,463190,194090,2026-10-08
NIFTY,2026-10-19,22800.0,PE,351.85,594.0,323.1,571.75,571.75,9510,14405377928.5,207220,-198120,2026-10-08
NIFTY,2026-10-19,23400.0,PE,842.55,1156.45,842.55,1151.25,1151.25,102,161542953.0,12025,1885,2026-10-08
NIFTY,2026-10-19,23750.0,PE,0.0,0.0,0.0,746.7,1477.53,0,0.0,0,0,2026-10-08
NIFTY,2026-10-19,24750.0,PE,0.0,0.0,0.0,1549.95,2475.35,0,0.0,0,0,2026-10-08
NIFTY,2026-10-27,20700.0,PE,10.1,21.45,10.1,19.65,19.65,4909,6610216609.75,125905,-21255,2026-10-08
NIFTY,2026-10-27,20750.0,PE,11.95,23.1,11.55,21.3,21.3,1261,1702299192.75,23985,11180,2026-10-08
NIFTY,2026-10-27,22300.0,PE,171.95,312.0,147.45,295.15,295.15,85543,125465632873.75,3771105,1004770,2026-10-08
NIFTY,2026-10-27,22350.0,PE,186.8,334.65,171.8,317.9,317.9,9281,13649902318.0,212420,76830,2026-10-08
NIFTY,2026-10-27,22800.0,PE,380.0,620.0,371.5,596.95,596.95,16246,24610310000.25,1500850,-229450,2026-10-08
NIFTY,2026-10-27,23650.0,PE,1368.85,1368.85,1330.0,1345.25,1345.25,13,21136414.0,20670,-650,2026-10-08
NIFTY,2026-10-27,25050.0,PE,0.0,0.0,0.0,2430.0,2743.35,0,0.0,910,0,2026-10-08
NIFTY,2026-10-27,25900.0,PE,0.0,0.0,0.0,3200.0,3590.79,0,0.0,1690,0,2026-10-08
NIFTY,2026-10-27,25950.0,PE,0.0,0.0,0.0,1842.3,3640.65,0,0.0,0,0,2026-10-08
NIFTY,2026-10-27,26050.0,PE,0.0,0.0,0.0,3580.0,3740.35,0,0.0,130,0,2026-10-08
NIFTY,2026-10-27,26650.0,PE,0.0,0.0,0.0,2415.2,4338.55,0,0.0,0,0,2026-10-08
NIFTY,2026-11-03,22400.0,PE,229.05,391.4,229.0,379.55,379.55,977,1442930264.75,15925,1170,2026-10-08
NIFTY,2026-11-03,23050.0,PE,554.5,814.75,553.85,792.05,792.05,50,77174431.75,4615,-325,2026-10-08
NIFTY,2026-11-03,23450.0,PE,888.0,927.35,888.0,927.35,1153.52,2,3166497.75,260,65,2026-10-08
NIFTY,2026-11-03,23500.0,PE,929.15,1211.65,929.15,1202.75,1202.75,62,99307312.0,9490,-715,2026-10-08
NIFTY,2026-11-03,24100.0,PE,0.0,0.0,0.0,863.85,1774.39,0,0.0,0,0,2026-10-08
NIFTY,2026-11-03,24250.0,PE,0.0,0.0,0.0,970.25,1921.94,0,0.0,0,0,2026-10-08
NIFTY,2026-11-03,24350.0,PE,0.0,0.0,0.0,1045.45,2020.7,0,0.0,0,0,2026-10-08
NIFTY,2026-11-03,24450.0,PE,0.0,0.0,0.0,1121.05,2119.69,0,0.0,0,0,2026-10-08
NIFTY,2026-11-09,20200.0,PE,0.0,0.0,0.0,1.55,1.45,0,0.0,0,0,2026-10-08
NIFTY,2026-11-09,20300.0,PE,0.0,0.0,0.0,2.15,2.13,0,0.0,0,0,2026-10-08
NIFTY,2026-11-09,22100.0,PE,187.05,279.9,187.05,279.9,241.18,11,15988589.5,975,585,2026-10-08
NIFTY,2026-11-09,22850.0,PE,0.0,0.0,0.0,413.4,662.11,0,0.0,0,0,2026-10-08
NIFTY,2026-11-09,22950.0,PE,0.0,0.0,0.0,463.95,735.62,0,0.0,0,0,2026-10-08
NIFTY,2026-11-23,22250.0,PE,254.95,395.35,252.75,385.1,385.1,374,549534222.25,20410,4875,2026-10-08
NIFTY,2026-11-23,22350.0,PE,285.05,437.1,280.05,431.8,431.8,390,576085383.25,12610,3640,2026-10-08
NIFTY,2026-11-23,22750.0,PE,429.0,645.4,429.0,638.05,638.05,123,186099634.5,32695,130,2026-10-08
NIFTY,2026-11-23,22850.0,PE,499.0,710.0,499.0,692.7,692.7,43,65519980.5,10790,-845,2026-10-08
NIFTY,2026-11-23,24800.0,PE,0.0,0.0,0.0,2223.6,2395.39,0,0.0,5070,0,2026-10-08
NIFTY,2026-11-23,26000.0,PE,3341.5,3564.0,3295.8,3526.8,3526.8,481,920449432.5,356590,13780,2026-10-08
NIFTY,2026-12-29,20750.0,PE,130.8,130.8,120.85,125.85,125.85,2,2713857.25,1885,65,2026-10-08
NIFTY,2026-12-29,21850.0,PE,226.95,325.3,226.95,317.6,317.6,68,97844929.0,10465,520,2026-10-08
NIFTY,2026-12-29,22550.0,PE,421.9,588.55,421.9,579.7,579.7,147,220346519.25,9945,2405,2026-10-08
NIFTY,2026-12-29,23050.0,PE,0.0,0.0,0.0,588.15,867.66,0,0.0,4745,0,2026-10-08
NIFTY,2026-12-29,24250.0,PE,1749.4,1751.7,1749.4,1750.45,1794.69,38,64223458.0,3185,390,2026-10-08
NIFTY,2026-12-29,25000.0,PE,2149.1,2455.55,2149.1,2434.9,2434.9,1756,3122243618.0,1590520,-30635,2026-10-08
NIFTY,2026-12-29,31500.0,PE,0.0,0.0,0.0,4059.3,8863.91,0,0.0,0,0,2026-10-08
NIFTY,2027-03-30,18000.0,PE,49.5,60.3,47.25,59.1,59.1,1801,2113215867.75,193895,43745,2026-10-08
NIFTY,2027-06-29,15000.0,PE,0.0,0.0,0.0,1173.2,0.03,0,0.0,0,0,2026-10-08
NIFTY,2027-06-29,21000.0,PE,272.5,330.0,271.0,327.35,327.35,548,758686503.25,76555,6435,2026-10-08
NIFTY,2027-09-28,28500.0,PE,0.0,0.0,0.0,4441.5,4821.73,0,0.0,0,0,2026-10-08
NIFTY,2027-12-28,33000.0,PE,0.0,0.0,0.0,4155.55,8548.23,0,0.0,0,0,2026-10-08
NIFTY,2028-12-26,33000.0,PE,0.0,0.0,0.0,3315.4,7024.83,0,0.0,0,0,2026-10-08
NIFTY,2029-06-26,19500.0,PE,0.0,0.0,0.0,56.0,191.1,0,0.0,0,0,2026-10-08
NIFTY,2029-12-24,33000.0,PE,0.0,0.0,0.0,2953.7,5818.24,0,0.0,0,0,2026-10-08
NIFTY,2030-06-25,15000.0,PE,0.0,0.0,0.0,29.65,13.08,0,0.0,0,0,2026-10-08
NIFTY,2030-06-25,28500.0,PE,0.0,0.0,0.0,1167.6,2734.53,0,0.0,0,0,2026-10-08
NIFTY,2030-06-25,31500.0,PE,0.0,0.0,0.0,2056.3,4373.94,0,0.0,0,0,2026-10-08
NIFTY,2030-12-31,15000.0,PE,0.0,0.0,0.0,4.95,15.49,0,0.0,0,0,2026-10-08
NIFTY,2031-06-24,16500.0,PE,0.0,0.0,0.0,95.65,45.46,0,0.0,0,0,2026-10-08
NIFTY,2026-10-19,23350.0,CE,16.0,17.0,7.6,8.05,8.05,9124,13853601339.5,144885,19630,2026-10-08
NIFTY,2026-10-19,23150.0,CE,32.8,34.25,13.75,14.55,14.55,27863,41959418770.75,504400,-258700,2026-10-08
NIFTY,2026-10-19,21550.0,CE,747.35,747.5,741.85,743.25,743.25,9,13041538.25,390,390,2026-10-08
NIFTY,2026-10-19,20700.0,CE,0.0,0.0,0.0,2534.65,1567.75,0,0.0,0,0,2026-10-08
NIFTY,2026-10-19,20600.0,CE,0.0,0.0,0.0,2633.35,1667.52,0,0.0,0,0,2026-10-08
NIFTY,2026-10-19,20150.0,CE,0.0,0.0,0.0,3079.15,2116.69,0,0.0,0,0,2026-10-08
NIFTY,2026-10-13,23850.0,CE,1.2,1.75,0.95,1.4,1.4,66559,103188816136.25,1237275,106990,2026-10-08
NIFTY,2026-10-13,23750.0,CE,1.55,1.9,1.05,1.55,1.55,79731,123092230394.25,617045,50050,2026-10-08
NIFTY,2026-10-13,23550.0,CE,1.95,2.35,1.4,1.85,1.85,177489,271712620458.5,1115725,85345,2026-10-08
NIFTY,2026-10-13,23250.0,CE,4.45,5.2,2.75,3.2,3.2,403546,609953775866.5,3004820,604760,2026-10-08
NIFTY,2026-10-13,23100.0,CE,7.85,10.25,3.9,4.45,4.45,837912,1258432358599.0,6163495,-71630,2026-10-08
NIFTY,2026-10-13,22650.0,CE,92.4,103.45,22.05,24.15,24.15,822962,1214188025661.0,5501730,2432560,2026-10-08
NIFTY,2026-10-13,22500.0,CE,149.0,179.5,43.65,47.55,47.55,2561753,3761659748314.0,12519715,10091380,2026-10-08
NIFTY,2026-10-13,22000.0,CE,590.0,590.0,286.0,302.65,302.65,115220,167336773457.75,1049815,711555,2026-10-08
NIFTY,2026-10-13,20900.0,CE,0.0,0.0,0.0,2853.0,1348.26,0,0.0,0,0,2026-10-08
NIFTY,2026-10-13,20150.0,CE,0.0,0.0,0.0,3597.35,2097.66,0,0.0,0,0,2026-10-08
NIFTY,2026-10-27,23700.0,CE,13.5,16.45,11.2,11.65,11.65,26571,40954481194.25,853320,-295880,2026-10-08
NIFTY,2026-10-27,20300.0,CE,0.0,0.0,0.0,3999.95,1992.66,0,0.0,0,0,2026-10-08
NIFTY,2026-10-27,20500.0,CE,2033.0,2050.0,1775.35,1785.25,1785.25,396,576750648.5,69095,-3445,2026-10-08
NIFTY,2026-10-27,20650.0,CE,0.0,0.0,0.0,3662.6,1644.76,0,0.0,0,0,2026-10-08
NIFTY,2026-10-27,20700.0,CE,0.0,0.0,0.0,1997.6,1595.25,0,0.0,65,0,2026-10-08
NIFTY,2026-10-27,21250.0,CE,0.0,0.0,0.0,1356.25,1061.5,0,0.0,65,0,2026-10-08
NIFTY,2026-10-27,21400.0,CE,1033.0,1040.0,948.7,948.8,948.8,18,26183794.0,2925,585,2026-10-08
NIFTY,2026-10-27,22250.0,CE,500.55,500.55,306.0,319.9,319.9,7328,10757072420.25,270595,210340,2026-10-08
NIFTY,2026-10-27,22700.0,CE,203.65,236.0,122.0,128.35,128.35,54165,80478712918.5,3305380,190645,2026-10-08
NIFTY,2026-10-27,22750.0,CE,201.15,209.05,107.9,114.25,114.25,15533,23109309515.5,416325,-19435,2026-10-08
NIFTY,2026-10-27,21350.0,CE,0.0,0.0,0.0,1174.0,968.67,0,0.0,65,0,2026-10-08
NIFTY,2030-12-31,31500.0,CE,0.0,0.0,0.0,4554.55,1519.59,0,0.0,0,0,2026-10-08
NIFTY,2029-12-24,25500.0,CE,0.0,0.0,0.0,6500.6,2629.67,0,0.0,0,0,2026-10-08
NIFTY,2029-12-24,24000.0,CE,4200.0,4200.0,4200.0,4200.0,4200.0,1,1833000.0,130,65,2026-10-08
NIFTY,2029-06-26,28500.0,CE,0.0,0.0,0.0,4213.3,1148.33,0,0.0,0,0,2026-10-08
NIFTY,2029-06-26,15000.0,CE,0.0,0.0,0.0,13671.85,9409.51,0,0.0,0,0,2026-10-08
NIFTY,2028-12-26,21000.0,CE,0.0,0.0,0.0,7512.5,4132.61,0,0.0,0,0,2026-10-08
NIFTY,2028-06-27,22500.0,CE,0.0,0.0,0.0,6796.05,2593.46,0,0.0,0,0,2026-10-08
NIFTY,2027-12-28,26000.0,CE,570.0,580.75,526.35,536.1,536.1,937,1616847550.5,234820,2080,2026-10-08
NIFTY,2027-12-28,16500.0,CE,0.0,0.0,0.0,11316.4,6856.91,0,0.0,0,0,2026-10-08
NIFTY,2027-09-28,22500.0,CE,0.0,0.0,0.0,2265.0,1684.42,0,0.0,715,0,2026-10-08
NIFTY,2027-09-28,16500.0,CE,0.0,0.0,0.0,7170.5,6631.96,0,0.0,0,0,2026-10-08
NIFTY,2027-06-29,31500.0,CE,0.0,0.0,0.0,769.15,3.14,0,0.0,0,0,2026-10-08
NIFTY,2027-03-30,27000.0,CE,42.2,47.85,42.2,45.05,45.05,2507,4407240558.5,1190475,-45370,2026-10-08
NIFTY,2026-12-29,24200.0,CE,107.95,109.0,86.55,89.15,89.15,973,1536528717.75,50050,-5525,2026-10-08
NIFTY,2026-12-29,22500.0,CE,739.95,752.95,575.65,586.65,586.65,9111,13696298989.75,537355,129285,2026-10-08
NIFTY,2026-12-29,22350.0,CE,716.55,728.25,666.0,668.1,668.1,46,68924904.75,8840,520,2026-10-08
NIFTY,2026-12-29,22050.0,CE,0.0,0.0,0.0,1130.85,819.27,0,0.0,1105,0,2026-10-08
NIFTY,2026-12-29,21750.0,CE,1125.0,1125.0,1125.0,1125.0,1014.31,28,41632500.0,4225,845,2026-10-08
NIFTY,2026-12-29,21150.0,CE,0.0,0.0,0.0,1997.6,1469.04,0,0.0,0,0,2026-10-08
NIFTY,2026-12-29,21050.0,CE,0.0,0.0,0.0,2082.3,1552.0,0,0.0,0,0,2026-10-08
NIFTY,2026-12-29,20950.0,CE,0.0,0.0,0.0,2168.25,1636.69,0,0.0,0,0,2026-10-08
NIFTY,2026-12-29,20700.0,CE,0.0,0.0,0.0,2388.15,1855.16,0,0.0,0,0,2026-10-08
NIFTY,2026-11-23,25250.0,CE,10.0,15.75,8.55,11.5,11.5,23,37765201.5,1235,325,2026-10-08
NIFTY,2029-06-26,21000.0,CE,0.0,0.0,0.0,9799.75,4659.02,0,0.0,0,0,2026-10-08
NIFTY,2028-12-26,28000.0,CE,1001.5,1010.0,969.75,978.0,978.0,14,26375384.75,11645,325,2026-10-08
NIFTY,2028-12-26,27000.0,CE,1330.0,1338.15,1330.0,1330.75,1330.75,14,25781999.75,7150,455,2026-10-08
NIFTY,2028-12-26,16500.0,CE,0.0,0.0,0.0,12176.65,7729.26,0,0.0,0,0,2026-10-08
NIFTY,2028-06-27,30000.0,CE,0.0,0.0,0.0,2278.45,270.19,0,0.0,0,0,2026-10-08
NIFTY,2028-06-27,15000.0,CE,0.0,0.0,0.0,8633.05,8646.99,0,0.0,0,0,2026-10-08
NIFTY,2027-12-28,18000.0,CE,0.0,0.0,0.0,6285.7,5484.29,0,0.0,0,0,2026-10-08
NIFTY,2027-09-28,30000.0,CE,0.0,0.0,0.0,153.4,41.8,0,0.0,130,0,2026-10-08
NIFTY,2027-09-28,24000.0,CE,0.0,0.0,0.0,1493.15,964.09,0,0.0,65,0,2026-10-08
NIFTY,2027-06-29,15000.0,CE,0.0,0.0,0.0,5367.85,7842.87,0,0.0,0,0,2026-10-08
NIFTY,2027-03-30,24000.0,CE,441.0,443.5,371.1,378.35,378.35,7199,11413705160.0,909935,39195,2026-10-08
NIFTY,2027-03-30,16500.0,CE,0.0,0.0,0.0,6995.9,6175.5,0,0.0,0,0,2026-10-08
NIFTY,2026-12-29,22100.0,CE,1000.1,1000.1,817.95,817.95,789.08,36,53728109.5,4810,715,2026-10-08
NIFTY,2026-10-13,20100.0,CE,0.0,0.0,0.0,3647.1,2147.63,0,0.0,0,0,2026-10-08
NIFTY,2026-10-13,20400.0,CE,0.0,0.0,0.0,3348.95,1847.86,0,0.0,0,0,2026-10-08
NIFTY,2026-10-13,21100.0,CE,0.0,0.0,0.0,2655.45,1148.44,0,0.0,0,0,2026-10-08
NIFTY,2026-10-13,21450.0,CE,857.5,857.5,798.7,798.7,799.81,5,7238497.5,325,195,2026-10-08
NIFTY,2026-10-13,21600.0,CE,923.1,923.1,635.5,660.45,660.45,458,662926910.75,12610,10985,2026-10-08
NIFTY,2026-10-13,21800.0,CE,760.8,763.95,453.6,470.2,470.2,5262,7628899707.0,90610,67600,2026-10-08
NIFTY,2026-10-13,23650.0,CE,1.75,2.1,1.25,1.65,1.65,70576,108500497049.75,486395,-114010,2026-10-08
NIFTY,2026-10-13,24300.0,CE,0.85,1.4,0.7,1.0,1.0,48528,76653011643.0,593710,124670,2026-10-08
NIFTY,2026-10-13,24550.0,CE,0.9,1.25,0.7,0.9,0.9,7983,12739360169.25,62855,8060,2026-10-08
NIFTY,2026-10-19,20500.0,CE,0.0,0.0,0.0,2732.2,1767.31,0,0.0,0,0,2026-10-08
NIFTY,2026-10-19,21150.0,CE,0.0,0.0,0.0,2094.65,1120.72,0,0.0,0,0,2026-10-08
NIFTY,2026-10-19,22050.0,CE,535.65,535.65,339.8,351.55,351.55,1227,1787809071.75,46670,45760,2026-10-08
NIFTY,2026-10-19,22800.0,CE,100.0,113.0,43.1,45.1,45.1,95448,141856840297.25,1156870,389870,2026-10-08
NIFTY,2026-10-19,22850.0,CE,85.7,96.35,36.4,38.25,38.25,17966,26746984147.0,212680,3705,2026-10-08
NIFTY,2026-10-19,23400.0,CE,11.1,12.9,6.95,7.25,7.25,32972,50168108555.5,516035,-2470,2026-10-08
NIFTY,2026-10-19,24550.0,CE,1.6,1.75,1.1,1.5,1.5,28,44683684.5,2145,455,2026-10-08
NIFTY,2026-10-19,25000.0,CE,1.1,1.1,0.9,1.0,1.0,21964,35692943484.25,1119560,482495,2026-10-08
NIFTY,2026-10-19,25100.0,CE,0.9,1.35,0.9,0.95,0.95,189,308366223.75,11960,520,2026-10-08
NIFTY,2026-10-27,20050.0,CE,0.0,0.0,0.0,4242.8,2241.76,0,0.0,0,0,2026-10-08
NIFTY,2026-10-27,20250.0,CE,0.0,0.0,0.0,4048.4,2042.46,0,0.0,0,0,2026-10-08
NIFTY,2026-10-27,21000.0,CE,1601.05,1601.55,1296.0,1318.2,1318.2,1330,1936084991.75,320450,19760,2026-10-08
NIFTY,2026-10-27,21600.0,CE,807.5,807.5,771.65,780.85,780.85,40,58207938.75,1885,780,2026-10-08
NIFTY,2026-10-27,22350.0,CE,414.55,425.4,255.3,268.35,268.35,5948,8755294008.5,142870,90610,2026-10-08
NIFTY,2026-10-27,22800.0,CE,162.25,188.55,96.05,100.85,100.85,75209,112078026037.25,3483545,115635,2026-10-08
NIFTY,2026-10-27,23400.0,CE,38.0,39.0,21.2,22.0,22.0,45600,69433592286.5,2172885,-49010,2026-10-08
NIFTY,2026-10-27,23450.0,CE,33.0,33.0,19.1,19.8,19.8,8646,13191033940.5,358215,215670,2026-10-08
NIFTY,2026-10-27,24000.0,CE,8.55,8.95,7.4,7.85,7.85,61157,95436606580.25,6008145,-335595,2026-10-08
NIFTY,2026-10-27,24600.0,CE,3.75,4.4,3.25,3.9,3.9,2195,3510352725.75,298675,-24245,2026-10-08
NIFTY,2026-10-27,25050.0,CE,2.6,3.45,2.35,2.6,2.6,147,239378730.5,154960,-455,2026-10-08
NIFTY,2026-10-27,26600.0,CE,0.0,0.0,0.0,0.7,0.01,0,0.0,2405,0,2026-10-08
NIFTY,2026-10-27,26650.0,CE,0.0,0.0,0.0,1.9,0.01,0,0.0,455,0,2026-10-08
NIFTY,2026-11-03,20200.0,CE,0.0,0.0,0.0,3267.45,2114.94,0,0.0,0,0,2026-10-08
NIFTY,2026-11-03,20300.0,CE,0.0,0.0,0.0,3168.4,2015.68,0,0.0,0,0,2026-10-08
NIFTY,2026-11-03,20400.0,CE,0.0,0.0,0.0,3069.5,1916.6,0,0.0,0,0,2026-10-08
NIFTY,2026-11-03,22800.0,CE,229.6,238.3,147.3,150.35,150.35,1062,1585660479.0,40560,10855,2026-10-08
NIFTY,2026-11-03,22950.0,CE,156.25,163.0,110.65,115.5,115.5,223,334414291.25,12935,3640,2026-10-08
NIFTY,2026-11-03,23100.0,CE,130.9,130.9,79.75,82.55,82.55,868,1308490644.5,20410,1040,2026-10-08
NIFTY,2026-11-03,23400.0,CE,64.2,66.15,42.25,43.3,43.3,876,1335094845.5,30355,325,2026-10-08
NIFTY,2026-11-03,23600.0,CE,41.85,42.0,27.1,29.35,29.35,724,1112113099.5,48295,-2470,2026-10-08
NIFTY,2026-11-03,23800.0,CE,27.6,28.2,19.35,20.15,20.15,1584,2452763833.0,138320,14300,2026-10-08
NIFTY,2026-11-03,24400.0,CE,10.95,10.95,7.35,8.65,8.65,16,25385109.75,2145,-845,2026-10-08
NIFTY,2026-11-03,24550.0,CE,7.45,7.55,7.45,7.55,0.99,8,12769900.0,1820,-65,2026-10-08
NIFTY,2026-11-09,20150.0,CE,0.0,0.0,0.0,2738.25,2184.31,0,0.0,0,0,2026-10-08
NIFTY,2026-11-09,21200.0,CE,0.0,0.0,0.0,1717.6,1175.22,0,0.0,0,0,2026-10-08
NIFTY,2026-11-09,21450.0,CE,0.0,0.0,0.0,1487.4,957.33,0,0.0,0,0,2026-10-08
NIFTY,2029-12-24,16500.0,CE,0.0,0.0,0.0,12984.85,8549.68,0,0.0,0,0,2026-10-08
NIFTY,2026-11-09,21900.0,CE,0.0,0.0,0.0,1100.0,612.42,0,0.0,0,0,2026-10-08
NIFTY,2026-11-09,24100.0,CE,0.0,0.0,0.0,84.95,9.84,0,0.0,0,0,2026-10-08
NIFTY,2026-11-09,24550.0,CE,11.0,14.1,10.0,12.15,12.15,244,389547947.75,7540,1365,2026-10-08
NIFTY,2026-11-23,20150.0,CE,0.0,0.0,0.0,4487.2,2231.87,0,0.0,0,0,2026-10-08
NIFTY,2026-11-23,20500.0,CE,0.0,0.0,0.0,2340.0,1892.17,0,0.0,130,0,2026-10-08
NIFTY,2026-11-23,20650.0,CE,0.0,0.0,0.0,3999.6,1749.11,0,0.0,0,0,2026-10-08
NIFTY,2026-11-23,20800.0,CE,0.0,0.0,0.0,3854.3,1608.26,0,0.0,0,0,2026-10-08
NIFTY,2026-11-23,21500.0,CE,1272.2,1272.5,1034.35,1051.3,1051.3,392,575862462.5,26195,9295,2026-10-08
NIFTY,2026-11-23,22200.0,CE,730.0,730.0,545.25,562.75,562.75,1583,2343036790.25,58175,41730,2026-10-08
NIFTY,2026-11-23,22400.0,CE,601.9,602.0,437.5,450.6,450.6,2609,3879040122.75,65390,43550,2026-10-08
NIFTY,2026-11-23,23650.0,CE,96.0,96.8,73.15,74.45,74.45,483,745078958.0,26390,-3900,2026-10-08
NIFTY,2026-11-23,24450.0,CE,30.15,30.15,22.75,24.25,24.25,37,58863714.0,15925,-1430,2026-10-08
NIFTY,2026-11-23,24700.0,CE,20.5,21.05,15.3,19.2,19.2,648,1041174858.75,41535,-12025,2026-10-08
NIFTY,2026-11-23,24850.0,CE,0.0,0.0,0.0,22.8,5.55,0,0.0,780,0,2026-10-08
NIFTY,2026-11-23,25300.0,CE,9.5,13.4,9.35,10.3,10.3,12,19742329.75,910,65,2026-10-08
NIFTY,2026-11-23,25750.0,CE,5.9,6.1,5.9,6.1,0.53,8,13393120.0,910,260,2026-10-08
NIFTY,2026-11-23,26050.0,CE,4.95,5.4,4.5,5.4,5.4,21,35564945.0,3445,585,2026-10-08
NIFTY,2026-12-29,20300.0,CE,0.0,0.0,0.0,2752.55,2220.77,0,0.0,0,0,2026-10-08
NIFTY,2026-12-29,20850.0,CE,0.0,0.0,0.0,2255.35,1722.98,0,0.0,0,0,2026-10-08
NIFTY,2026-12-29,21400.0,CE,1535.75,1535.75,1353.0,1356.7,1270.01,30,44505032.0,2210,1300,2026-10-08
NIFTY,2031-06-24,19500.0,PE,0.0,0.0,0.0,289.2,198.63,0,0.0,0,0,2026-10-08
NIFTY,2030-12-31,21000.0,PE,0.0,0.0,0.0,450.0,364.94,0,0.0,845,0,2026-10-08
NIFTY,2030-06-25,19500.0,PE,0.0,0.0,0.0,64.95,201.6,0,0.0,0,0,2026-10-08
NIFTY,2030-06-25,16500.0,PE,0.0,0.0,0.0,12.0,38.93,0,0.0,0,0,2026-10-08
NIFTY,2029-12-24,24000.0,PE,0.0,0.0,0.0,1133.0,1072.56,0,0.0,585,0,2026-10-08
NIFTY,2028-12-26,27000.0,PE,2230.0,2330.0,2230.0,2330.0,2692.82,20,38069151.25,17260,0,2026-10-08
NIFTY,2028-12-26,22000.0,PE,800.0,820.0,790.0,790.0,595.95,7,10372050.0,10970,65,2026-10-08
NIFTY,2028-06-27,27000.0,PE,0.0,0.0,0.0,2752.35,2978.74,0,0.0,0,0,2026-10-08
NIFTY,2028-06-27,21000.0,PE,0.0,0.0,0.0,400.05,368.91,0,0.0,325,0,2026-10-08
NIFTY,2027-12-28,26000.0,PE,2127.25,2336.0,2127.25,2321.7,2321.7,161,295307714.0,72935,845,2026-10-08
NIFTY,2027-12-28,25000.0,PE,1581.0,1737.05,1559.95,1712.75,1712.75,1864,3223962144.0,237445,51625,2026-10-08
NIFTY,2027-06-29,16500.0,PE,0.0,0.0,0.0,41.8,0.85,0,0.0,780,0,2026-10-08
NIFTY,2026-12-29,24450.0,PE,1663.0,1964.6,1663.0,1964.6,1964.6,1074,1836747740.75,330720,-60060,2026-10-08
NIFTY,2026-12-29,24300.0,PE,0.0,0.0,0.0,1500.0,1838.51,0,0.0,2145,0,2026-10-08
NIFTY,2026-12-29,24200.0,PE,1695.0,1695.0,1695.0,1695.0,1751.18,2,3366350.0,1950,-130,2026-10-08
NIFTY,2026-12-29,23950.0,PE,1271.3,1280.15,1271.3,1280.15,1538.79,2,3279344.25,2145,0,2026-10-08
NIFTY,2026-12-29,23900.0,PE,1459.7,1459.7,1459.7,1459.7,1497.43,1,1648380.5,2470,-65,2026-10-08
NIFTY,2026-12-29,23550.0,PE,951.3,1007.85,951.3,1007.85,1220.09,2,3188844.75,1820,0,2026-10-08
NIFTY,2026-12-29,23400.0,PE,884.0,1084.8,861.95,1084.8,1108.5,36,56842782.75,4355,650,2026-10-08
NIFTY,2026-12-29,22850.0,PE,547.45,731.45,547.45,731.45,731.45,20,30537809.25,16315,520,2026-10-08
NIFTY,2026-12-29,22600.0,PE,446.95,612.95,435.0,598.3,598.3,868,1304748412.5,38740,8320,2026-10-08
NIFTY,2026-12-29,22200.0,PE,313.0,442.9,306.0,432.5,432.5,1505,2211384246.5,56160,7345,2026-10-08
NIFTY,2026-12-29,21400.0,PE,153.0,220.0,153.0,217.7,217.7,259,363373299.25,13390,3770,2026-10-08
NIFTY,2026-12-29,20100.0,PE,0.0,0.0,0.0,28.7,19.29,0,0.0,0,0,2026-10-08
NIFTY,2026-12-29,15000.0,PE,7.5,10.75,7.5,9.5,9.5,411,400972087.75,158510,520,2026-10-08
NIFTY,2026-11-23,25650.0,PE,0.0,0.0,0.0,1350.35,3233.7,0,0.0,0,0,2026-10-08
NIFTY,2026-11-23,25200.0,PE,0.0,0.0,0.0,2423.95,2788.58,0,0.0,130,0,2026-10-08
NIFTY,2026-11-23,24250.0,PE,0.0,0.0,0.0,1293.1,1864.32,0,0.0,780,0,2026-10-08
NIFTY,2026-11-23,23050.0,PE,651.05,815.1,651.05,815.1,829.87,27,41777901.75,3705,-455,2026-10-08
NIFTY,2026-11-23,22450.0,PE,317.75,482.3,317.7,472.55,472.55,330,490676221.75,14105,1755,2026-10-08
NIFTY,2026-11-23,21350.0,PE,91.0,146.65,91.0,143.2,143.2,114,159136575.0,20085,455,2026-10-08
NIFTY,2026-11-23,20850.0,PE,71.1,86.15,71.1,83.45,83.45,16,21765617.25,1040,650,2026-10-08
NIFTY,2026-11-23,20200.0,PE,0.0,0.0,0.0,3.65,5.31,0,0.0,0,0,2026-10-08
NIFTY,2026-11-09,23700.0,PE,0.0,0.0,0.0,951.5,1376.36,0,0.0,0,0,2026-10-08
NIFTY,2026-11-09,23500.0,PE,0.0,0.0,0.0,804.05,1193.49,0,0.0,0,0,2026-10-08
NIFTY,2026-11-09,23450.0,PE,0.0,0.0,0.0,769.05,1148.85,0,0.0,0,0,2026-10-08
NIFTY,2026-11-09,23250.0,PE,0.0,0.0,0.0,636.9,975.6,0,0.0,0,0,2026-10-08
NIFTY,2026-11-09,21500.0,PE,80.0,133.05,79.3,132.6,132.6,63,88483840.25,2665,650,2026-10-08
NIFTY,2026-11-09,20500.0,PE,0.0,0.0,0.0,3.95,4.42,0,0.0,0,0,2026-10-08
NIFTY,2026-11-09,20450.0,PE,0.0,0.0,0.0,3.4,3.7,0,0.0,0,0,2026-10-08
NIFTY,2026-11-09,20100.0,PE,0.0,0.0,0.0,1.1,0.97,0,0.0,0,0,2026-10-08
NIFTY,2026-11-09,20050.0,PE,0.0,0.0,0.0,0.95,0.79,0,0.0,0,0,2026-10-08
NIFTY,2026-11-03,23000.0,PE,528.45,778.8,528.45,760.7,760.7,185,284356335.25,15275,1495,2026-10-08
NIFTY,2026-11-03,20800.0,PE,34.2,40.0,34.2,38.5,38.5,9,12190194.25,2665,325,2026-10-08
NIFTY,2026-11-03,20750.0,PE,0.0,0.0,0.0,4.05,5.72,0,0.0,0,0,2026-10-08
NIFTY,2026-11-03,20450.0,PE,0.0,0.0,0.0,1.75,1.75,0,0.0,0,0,2026-10-08
NIFTY,2026-10-27,27150.0,PE,0.0,0.0,0.0,3860.6,4837.06,0,0.0,325,0,2026-10-08
NIFTY,2026-10-27,26350.0,PE,0.0,0.0,0.0,2163.0,4039.45,0,0.0,0,0,2026-10-08
NIFTY,2026-10-27,26250.0,PE,0.0,0.0,0.0,3000.0,3939.75,0,0.0,260,0,2026-10-08
NIFTY,2026-10-27,26200.0,PE,0.0,0.0,0.0,3520.0,3889.9,0,0.0,18460,0,2026-10-08
NIFTY,2026-10-27,25750.0,PE,3190.3,3527.25,3190.3,3527.25,3527.25,2,3784140.75,325,0,2026-10-08
NIFTY,2026-10-27,25700.0,PE,3320.0,3320.0,3320.0,3320.0,3391.39,1,1886300.0,7020,-65,2026-10-08
NIFTY,2026-10-27,23250.0,PE,697.2,985.65,697.15,967.35,967.35,62,97178055.0,51155,-2145,2026-10-08
NIFTY,2026-10-27,22950.0,PE,484.6,737.05,484.6,719.6,719.6,129,197813983.25,49530,-1625,2026-10-08
NIFTY,2026-10-27,21850.0,PE,69.65,148.4,65.55,138.45,138.45,2733,3902522825.5,58760,-7540,2026-10-08
NIFTY,2026-10-27,21600.0,PE,40.6,96.2,32.85,87.55,87.55,34819,49048997185.5,498355,-265265,2026-10-08
NIFTY,2026-10-27,21150.0,PE,21.95,43.6,20.15,39.9,39.9,1365,1879670344.5,31395,14755,2026-10-08
NIFTY,2026-10-27,20300.0,PE,7.05,16.75,6.65,11.9,11.9,2113,2789612114.25,88725,46930,2026-10-08
NIFTY,2026-10-19,24950.0,PE,0.0,0.0,0.0,1732.7,2675.0,0,0.0,0,0,2026-10-08
NIFTY,2026-10-19,24800.0,PE,2325.0,2330.0,2325.0,2330.0,2525.26,2,3526575.0,1300,130,2026-10-08
NIFTY,2026-10-19,24100.0,PE,1540.95,1584.7,1540.95,1584.7,1826.52,2,3336167.25,1235,0,2026-10-08
NIFTY,2026-10-19,23850.0,PE,0.0,0.0,0.0,815.85,1577.15,0,0.0,0,0,2026-10-08
NIFTY,2026-10-19,22300.0,PE,104.25,250.0,101.0,229.15,229.15,59032,86299919780.75,641095,363480,2026-10-08
NIFTY,2026-10-19,22250.0,PE,86.0,226.05,85.95,207.7,207.7,17733,25848119183.25,124540,70785,2026-10-08
NIFTY,2026-10-19,22200.0,PE,80.0,204.3,75.0,184.85,184.85,67814,98557578925.0,699855,361140,2026-10-08
NIFTY,2026-10-19,21300.0,PE,9.45,26.0,8.65,22.0,22.0,23243,32205535102.0,291980,58305,2026-10-08
NIFTY,2026-10-19,20700.0,PE,3.95,9.4,3.8,7.8,7.8,7676,10331255710.75,101660,23075,2026-10-08
NIFTY,2026-10-13,25350.0,PE,0.0,0.0,0.0,2725.0,3098.24,0,0.0,520,0,2026-10-08
NIFTY,2026-10-13,25150.0,PE,0.0,0.0,0.0,2528.6,2898.4,0,0.0,1040,0,2026-10-08
NIFTY,2026-10-13,24750.0,PE,0.0,0.0,0.0,1115.1,2498.71,0,0.0,0,0,2026-10-08
NIFTY,2026-10-13,24450.0,PE,0.0,0.0,0.0,1690.0,2198.95,0,0.0,195,0,2026-10-08
NIFTY,2026-10-13,23650.0,PE,1160.5,1385.0,1160.5,1384.0,1399.58,50,80807704.25,9685,1040,2026-10-08
NIFTY,2026-10-13,23600.0,PE,1105.0,1368.75,1084.0,1349.55,1349.55,221,357305386.75,66040,-6435,2026-10-08
NIFTY,2026-10-13,21750.0,PE,5.15,26.2,4.3,20.5,20.5,464215,656752807548.5,1629550,643435,2026-10-08
NIFTY,2026-10-13,21550.0,PE,3.45,13.5,3.1,9.95,9.95,282499,395866957076.5,1433965,915980,2026-10-08
NIFTY,2026-10-13,21350.0,PE,2.35,7.9,2.15,5.55,5.55,166821,231560554611.75,712205,375635,2026-10-08
NIFTY,2026-10-13,21100.0,PE,1.9,5.35,1.7,3.55,3.55,309657,424762037436.75,1591720,792935,2026-10-08
NIFTY,2026-10-13,21050.0,PE,1.85,4.9,1.7,3.35,3.35,129533,177260265763.75,419055,236795,2026-10-08
NIFTY,2026-10-13,20600.0,PE,1.45,2.65,1.1,1.6,1.6,111114,148794480740.75,1029730,669955,2026-10-08
NIFTY,2026-10-13,20500.0,PE,1.2,2.4,0.95,1.4,1.4,238087,317274533891.25,4045860,149500,2026-10-08
NIFTY,2030-12-31,16500.0,CE,0.0,0.0,0.0,13763.55,9339.19,0,0.0,0,0,2026-10-08
NIFTY,2029-12-24,21000.0,CE,0.0,0.0,0.0,9463.95,5160.36,0,0.0,0,0,2026-10-08
NIFTY,2029-06-26,22500.0,CE,0.0,0.0,0.0,7946.5,3688.09,0,0.0,0,0,2026-10-08
NIFTY,2026-11-03,20050.0,CE,0.0,0.0,0.0,3416.1,2264.03,0,0.0,0,0,2026-10-08
NIFTY,2026-10-27,27150.0,CE,0.0,0.0,0.0,1.0,0.01,0,0.0,5590,0,2026-10-08
NIFTY,2026-10-27,24700.0,CE,3.75,3.9,2.9,3.55,3.55,1208,1939718014.0,261690,-17160,2026-10-08
NIFTY,2026-10-13,20950.0,CE,0.0,0.0,0.0,2803.55,1298.3,0,0.0,0,0,2026-10-08
NIFTY,2026-10-13,22050.0,CE,503.1,530.9,252.0,267.45,267.45,19730,28654044194.75,135200,114075,2026-10-08
NIFTY,2026-10-13,22600.0,CE,124.0,126.0,27.95,30.2,30.2,2024584,2982035144088.0,10594415,3908320,2026-10-08
NIFTY,2026-10-13,22900.0,CE,22.0,31.8,7.65,8.4,8.4,968647,1442658045942.75,7274540,2866305,2026-10-08
NIFTY,2026-10-13,23150.0,CE,7.05,7.95,3.35,3.9,3.9,390666,587977197405.0,2458170,-774475,2026-10-08
NIFTY,2026-10-13,23300.0,CE,3.5,4.25,2.3,2.75,2.75,918383,1391075514487.75,7329920,2108600,2026-10-08
NIFTY,2026-10-13,24150.0,CE,1.1,1.5,0.75,1.0,1.0,39822,62513237254.0,188045,-26975,2026-10-08
NIFTY,2026-10-13,24500.0,CE,0.95,1.25,0.7,0.9,0.9,174100,277264496759.25,2882425,551785,2026-10-08
NIFTY,2026-10-19,21050.0,CE,0.0,0.0,0.0,2191.7,1219.5,0,0.0,0,0,2026-10-08
NIFTY,2026-10-19,21100.0,CE,0.0,0.0,0.0,2143.1,1170.04,0,0.0,0,0,2026-10-08
NIFTY,2026-10-19,21200.0,CE,0.0,0.0,0.0,2046.4,1071.57,0,0.0,0,0,2026-10-08
NIFTY,2026-10-19,22500.0,CE,239.2,256.75,109.35,115.6,115.6,88423,130211134092.0,1198470,990730,2026-10-08
NIFTY,2026-10-19,22600.0,CE,177.8,199.0,80.9,85.5,85.5,74518,110036495380.5,1287780,764400,2026-10-08
NIFTY,2026-10-19,24050.0,CE,2.05,2.4,1.8,2.0,2.0,635,992749754.75,26390,-1690,2026-10-08
NIFTY,2026-10-19,24300.0,CE,2.7,2.7,1.35,1.65,1.65,2804,4429206366.0,70330,17160,2026-10-08
NIFTY,2026-10-19,24750.0,CE,1.5,1.5,1.05,1.1,1.1,8,12870692.25,650,65,2026-10-08
NIFTY,2026-10-27,20350.0,CE,0.0,0.0,0.0,3951.55,1942.87,0,0.0,0,0,2026-10-08
NIFTY,2026-10-27,24850.0,CE,2.95,3.45,2.75,3.15,3.15,124,200315576.5,35750,325,2026-10-08
NIFTY,2026-10-27,24950.0,CE,2.75,3.6,2.35,3.05,3.05,822,1333243187.25,27625,-34450,2026-10-08
NIFTY,2026-10-27,26850.0,CE,0.0,0.0,0.0,0.55,0.01,0,0.0,5070,0,2026-10-08
NIFTY,2026-11-03,20900.0,CE,0.0,0.0,0.0,2577.35,1427.0,0,0.0,0,0,2026-10-08
NIFTY,2026-11-03,21100.0,CE,0.0,0.0,0.0,2382.6,1236.9,0,0.0,0,0,2026-10-08
NIFTY,2026-11-03,21250.0,CE,0.0,0.0,0.0,2237.75,1098.31,0,0.0,0,0,2026-10-08
NIFTY,2026-11-03,21300.0,CE,0.0,0.0,0.0,2189.8,1053.1,0,0.0,0,0,2026-10-08
NIFTY,2026-11-03,21500.0,CE,0.0,0.0,0.0,1999.75,878.34,0,0.0,0,0,2026-10-08
NIFTY,2026-11-03,21950.0,CE,0.0,0.0,0.0,1587.3,534.03,0,0.0,0,0,2026-10-08
NIFTY,2026-11-03,22000.0,CE,693.45,707.2,529.9,537.3,537.3,186,272975777.75,6630,5200,2026-10-08
NIFTY,2026-11-03,22050.0,CE,518.7,521.65,501.05,514.55,514.55,65,95313536.5,4030,4030,2026-10-08
NIFTY,2026-11-03,22350.0,CE,419.3,422.9,322.35,331.45,331.45,191,281886608.25,8385,7280,2026-10-08
NIFTY,2026-11-03,23500.0,CE,53.5,53.5,34.0,35.1,35.1,2506,3834420310.5,126425,4745,2026-10-08
NIFTY,2026-11-03,24000.0,CE,17.55,18.2,14.2,14.75,14.75,2459,3838490149.0,144365,13975,2026-10-08
NIFTY,2026-11-03,24450.0,CE,9.0,9.0,9.0,9.0,1.43,1,1589835.0,1365,0,2026-10-08
NIFTY,2026-11-03,24500.0,CE,8.3,8.55,6.6,7.8,7.8,749,1193136096.75,41795,21515,2026-10-08
NIFTY,2026-11-03,24750.0,CE,7.0,7.0,7.0,7.0,0.47,1,1609205.0,2990,0,2026-10-08
NIFTY,2026-11-03,24800.0,CE,6.0,6.6,5.5,6.6,6.6,7,11286704.0,2015,-325,2026-10-08
NIFTY,2026-11-03,25100.0,CE,5.4,6.3,4.35,5.3,5.3,181,295360864.5,27495,-1560,2026-10-08
NIFTY,2026-11-09,21750.0,CE,0.0,0.0,0.0,1224.45,719.39,0,0.0,0,0,2026-10-08
NIFTY,2026-11-09,22050.0,CE,0.0,0.0,0.0,981.15,514.58,0,0.0,0,0,2026-10-08
NIFTY,2026-11-09,22950.0,CE,196.25,198.0,155.8,155.8,155.8,37,55657260.75,1950,1950,2026-10-08
NIFTY,2026-11-09,23150.0,CE,0.0,0.0,0.0,329.2,90.87,0,0.0,0,0,2026-10-08
NIFTY,2026-11-09,23900.0,CE,0.0,0.0,0.0,116.9,16.66,0,0.0,0,0,2026-10-08
NIFTY,2026-11-23,20350.0,CE,0.0,0.0,0.0,4291.7,2036.93,0,0.0,0,0,2026-10-08
NIFTY,2026-11-23,22650.0,CE,447.05,447.05,320.75,332.0,332.0,291,435430021.0,18915,3510,2026-10-08
NIFTY,2026-11-23,23200.0,CE,207.95,216.8,146.1,150.3,150.3,7236,10989655485.25,358995,49075,2026-10-08
NIFTY,2026-11-23,23300.0,CE,184.95,184.95,125.7,131.0,131.0,6157,9380768013.5,201760,-13910,2026-10-08
NIFTY,2026-11-23,23400.0,CE,151.95,157.45,105.7,109.85,109.85,5706,8724246358.75,209495,-36075,2026-10-08
NIFTY,2026-11-23,24500.0,CE,28.45,28.45,22.0,23.15,23.15,11051,17616130213.5,909805,37570,2026-10-08
NIFTY,2026-12-29,20200.0,CE,0.0,0.0,0.0,2845.65,2314.55,0,0.0,0,0,2026-10-08
NIFTY,2026-12-29,21700.0,CE,0.0,0.0,0.0,1341.0,1049.06,0,0.0,3315,0,2026-10-08
NIFTY,2026-12-29,22400.0,CE,791.9,791.9,633.0,640.4,640.4,389,583760814.0,22425,8645,2026-10-08
NIFTY,2026-12-29,22950.0,CE,484.1,484.1,372.85,376.8,376.8,77,116872951.0,5850,1755,2026-10-08
NIFTY,2026-12-29,23400.0,CE,292.0,297.25,223.05,228.5,228.5,1551,2383969646.5,40235,11245,2026-10-08
NIFTY,2026-12-29,23950.0,CE,139.5,140.7,120.05,122.75,127.98,281,439878276.5,19240,4095,2026-10-08
NIFTY,2026-12-29,24350.0,CE,89.8,89.8,74.15,74.55,74.55,112,177845258.5,19240,-1495,2026-10-08
NIFTY,2027-06-29,19500.0,CE,0.0,0.0,0.0,8143.4,3591.27,0,0.0,0,0,2026-10-08
NIFTY,2027-06-29,33000.0,CE,0.0,0.0,0.0,1122.75,0.78,0,0.0,0,0,2026-10-08
NIFTY,2027-09-28,21000.0,CE,0.0,0.0,0.0,3277.85,2675.0,0,0.0,0,0,2026-10-08
NIFTY,2028-06-27,33000.0,CE,0.0,0.0,0.0,2004.15,85.0,0,0.0,0,0,2026-10-08
NIFTY,2029-12-24,31500.0,CE,0.0,0.0,0.0,3429.3,847.64,0,0.0,0,0,2026-10-08
NIFTY,2030-12-31,27000.0,CE,0.0,0.0,0.0,6772.8,2944.33,0,0.0,0,0,2026-10-08
NIFTY,2031-06-24,21000.0,CE,0.0,0.0,0.0,8900.75,6568.16,0,0.0,0,0,2026-10-08
NIFTY,2026-10-13,20350.0,PE,1.2,2.2,0.95,1.2,1.2,11206,14823678756.25,198380,159900,2026-10-08
NIFTY,2026-10-13,20450.0,PE,1.3,2.3,1.0,1.3,1.3,33411,44414626197.5,509015,456105,2026-10-08
NIFTY,2026-10-13,21200.0,PE,1.9,6.35,1.85,4.2,4.2,482522,665046745834.25,4331015,2343185,2026-10-08
NIFTY,2026-10-13,21600.0,PE,3.0,15.4,2.95,11.6,11.6,603418,847575905192.25,3839355,1840280,2026-10-08
NIFTY,2026-10-13,22000.0,PE,12.0,68.3,11.0,56.95,56.95,2177699,3120135413294.25,10368670,3272555,2026-10-08
NIFTY,2026-10-13,22350.0,PE,64.0,218.1,56.75,193.25,193.25,1410604,2061420555070.5,1179425,37115,2026-10-08
NIFTY,2026-10-13,22550.0,PE,133.0,364.0,131.0,338.8,338.8,908846,1343186965029.0,761085,-1303380,2026-10-08
NIFTY,2026-10-13,22950.0,PE,449.95,728.85,406.3,703.4,703.4,2975,4543334334.5,266890,-21840,2026-10-08
NIFTY,2026-10-13,23150.0,PE,626.15,918.05,589.5,898.8,898.8,224,347522929.0,34190,-1560,2026-10-08
NIFTY,2026-10-13,23550.0,PE,1100.0,1314.3,1100.0,1291.7,1299.67,51,82022638.75,43615,195,2026-10-08
NIFTY,2026-10-13,24100.0,PE,1615.0,1860.0,1615.0,1817.0,1849.23,46,77445342.0,60385,-2795,2026-10-08
NIFTY,2026-10-13,24300.0,PE,1767.85,2048.6,1767.85,2048.6,2048.6,16,27257727.25,43680,-585,2026-10-08
NIFTY,2026-10-19,20050.0,PE,3.1,5.1,2.75,3.8,3.8,13235,17251997103.25,373100,42445,2026-10-08
NIFTY,2026-10-19,20150.0,PE,3.3,5.6,3.1,4.35,4.35,336,440178986.0,13975,12415,2026-10-08
NIFTY,2026-10-19,20350.0,PE,4.1,9.85,3.35,5.1,5.1,71,93939306.5,3445,1495,2026-10-08
NIFTY,2026-10-19,20850.0,PE,4.1,11.3,4.1,9.35,9.35,1318,1786914756.25,29445,18525,2026-10-08
NIFTY,2026-10-19,21150.0,PE,7.3,19.3,6.95,15.95,15.95,2699,3713007996.75,45760,29315,2026-10-08
NIFTY,2026-10-19,21900.0,PE,40.0,106.0,35.15,91.6,91.6,25157,35925701587.75,257855,60255,2026-10-08
NIFTY,2026-10-19,22850.0,PE,385.05,634.75,358.1,605.35,605.35,1282,1950650653.25,71825,-31395,2026-10-08
NIFTY,2026-10-19,23100.0,PE,576.2,856.7,550.75,844.7,844.7,729,1127891173.5,35880,-1105,2026-10-08
NIFTY,2026-10-19,23350.0,PE,791.75,868.35,791.75,868.35,1081.81,2,3143406.5,1690,-65,2026-10-08
NIFTY,2026-10-19,23650.0,PE,0.0,0.0,0.0,939.3,1378.06,0,0.0,1040,0,2026-10-08
NIFTY,2026-10-19,24550.0,PE,0.0,0.0,0.0,1372.75,2275.7,0,0.0,0,0,2026-10-08
NIFTY,2026-10-19,24600.0,PE,0.0,0.0,0.0,1500.0,2325.61,0,0.0,325,0,2026-10-08
NIFTY,2026-10-27,20100.0,PE,6.15,11.05,6.0,10.05,10.05,6207,8113201352.75,292890,146250,2026-10-08
NIFTY,2026-10-27,20200.0,PE,8.0,12.15,6.0,10.7,10.7,1760,2311851158.5,16705,8775,2026-10-08
NIFTY,2026-10-27,20650.0,PE,12.9,20.2,12.8,18.3,18.3,976,1311081915.0,14105,1430,2026-10-08
NIFTY,2026-10-27,21650.0,PE,44.55,105.5,44.5,96.35,96.35,1698,2397906465.5,118430,5525,2026-10-08
NIFTY,2026-10-27,21750.0,PE,57.4,124.55,54.05,116.2,116.2,3329,4727706769.5,76505,-9035,2026-10-08
NIFTY,2026-10-27,22050.0,PE,106.0,209.0,97.25,196.05,196.05,4703,6790911188.75,111865,20865,2026-10-08
NIFTY,2026-10-27,22650.0,PE,299.85,511.1,292.45,488.5,488.5,4599,6890595127.0,209625,-116675,2026-10-08
NIFTY,2026-10-27,23050.0,PE,548.45,814.95,548.45,804.6,804.6,133,205414813.5,44525,-4550,2026-10-08
NIFTY,2026-10-27,23150.0,PE,624.7,899.6,624.55,887.3,887.3,68,105711082.75,29445,-2535,2026-10-08
NIFTY,2026-10-27,23450.0,PE,885.35,1181.05,885.35,1144.5,1144.5,20,31881538.0,40235,-1170,2026-10-08
NIFTY,2026-10-27,23500.0,PE,918.2,1234.9,906.05,1204.35,1204.35,9404,15065340098.25,5345730,-42445,2026-10-08
NIFTY,2026-10-27,24400.0,PE,1807.3,2097.55,1805.0,2086.2,2086.2,58,99294549.25,148135,-3250,2026-10-08
NIFTY,2026-10-27,24450.0,PE,1878.0,1979.0,1878.0,1979.0,2145.38,3,5147025.0,8580,195,2026-10-08
NIFTY,2026-10-27,24900.0,PE,2324.7,2600.0,2324.7,2600.0,2593.81,17,30293935.75,141440,-715,2026-10-08
NIFTY,2026-10-27,25300.0,PE,2870.0,2870.0,2870.0,2870.0,2992.59,1,1831050.0,10465,0,2026-10-08
NIFTY,2026-10-27,26550.0,PE,0.0,0.0,0.0,2330.1,4238.85,0,0.0,0,0,2026-10-08
NIFTY,2026-10-27,27000.0,PE,4438.95,4713.55,4411.15,4684.95,4684.95,157,322646119.25,935870,-2795,2026-10-08
NIFTY,2026-11-03,20100.0,PE,0.0,0.0,0.0,0.6,0.36,0,0.0,0,0,2026-10-08
NIFTY,2026-11-03,20900.0,PE,29.8,39.3,29.8,39.3,39.3,46,62601207.5,2535,1105,2026-10-08
NIFTY,2026-11-03,20950.0,PE,33.45,36.25,33.45,36.0,11.58,52,70930450.5,2210,975,2026-10-08
NIFTY,2026-11-03,21100.0,PE,57.9,59.55,57.75,58.3,58.3,25,34382211.5,2080,650,2026-10-08
NIFTY,2026-11-03,21250.0,PE,0.0,0.0,0.0,14.0,29.66,0,0.0,0,0,2026-10-08
NIFTY,2026-11-03,21650.0,PE,71.15,137.8,71.15,130.95,130.95,23,32540940.25,2340,-585,2026-10-08
NIFTY,2026-11-03,22450.0,PE,275.65,409.5,255.0,399.8,399.8,131,193886585.75,8255,1950,2026-10-08
NIFTY,2026-11-03,22500.0,PE,270.0,444.4,266.7,429.1,429.1,1285,1907898996.25,30680,3120,2026-10-08
NIFTY,2026-11-03,22550.0,PE,278.05,477.2,278.05,461.9,461.9,104,155030963.75,7670,-975,2026-10-08
NIFTY,2026-11-03,22650.0,PE,330.0,530.2,330.0,528.7,528.7,115,172557063.25,8515,-2145,2026-10-08
NIFTY,2026-11-03,22900.0,PE,455.0,697.65,455.0,697.65,686.56,39,59607197.0,6305,-130,2026-10-08
NIFTY,2026-11-03,24550.0,PE,0.0,0.0,0.0,1199.8,2218.84,0,0.0,0,0,2026-10-08
NIFTY,2026-11-03,25050.0,PE,0.0,0.0,0.0,1622.0,2715.95,0,0.0,0,0,2026-10-08
NIFTY,2026-11-09,20400.0,PE,0.0,0.0,0.0,2.9,3.09,0,0.0,0,0,2026-10-08
NIFTY,2026-11-09,22150.0,PE,0.0,0.0,0.0,157.4,261.54,0,0.0,0,0,2026-10-08
NIFTY,2026-11-09,22450.0,PE,271.0,306.0,270.95,303.9,407.19,5,7390620.25,195,195,2026-10-08
NIFTY,2026-11-09,23300.0,PE,0.0,0.0,0.0,668.75,1018.05,0,0.0,0,0,2026-10-08
NIFTY,2026-11-09,23350.0,PE,0.0,0.0,0.0,701.4,1061.1,0,0.0,0,0,2026-10-08
NIFTY,2026-11-09,24500.0,PE,0.0,0.0,0.0,1631.55,2148.13,0,0.0,0,0,2026-10-08
NIFTY,2026-11-23,20100.0,PE,42.75,47.4,26.0,38.35,38.35,549,718560482.25,18850,16640,2026-10-08
NIFTY,2026-11-23,20700.0,PE,45.0,74.95,45.0,70.15,70.15,630,850278451.75,36205,8255,2026-10-08
NIFTY,2026-11-23,20750.0,PE,64.85,81.2,64.85,81.2,23.31,2,2706993.25,585,130,2026-10-08
NIFTY,2026-11-23,21000.0,PE,62.5,103.25,59.4,95.5,95.5,21230,29100292685.75,977015,187915,2026-10-08
NIFTY,2026-11-23,21300.0,PE,82.35,143.75,81.25,135.1,135.1,2001,2785059514.25,73385,12350,2026-10-08
NIFTY,2026-11-23,22800.0,PE,466.6,681.65,464.6,665.35,665.35,1627,2472749756.75,303875,-3120,2026-10-08
NIFTY,2026-11-23,23200.0,PE,710.05,953.0,710.05,934.9,934.9,255,398438157.0,154960,-7605,2026-10-08
NIFTY,2026-11-23,23250.0,PE,726.8,996.25,726.15,971.75,971.75,47,73584238.0,12480,-1625,2026-10-08
NIFTY,2026-11-23,23450.0,PE,920.0,1130.0,920.0,1130.0,1130.0,14,22264606.0,5460,-585,2026-10-08
NIFTY,2026-11-23,23500.0,PE,915.0,1199.95,914.95,1175.2,1175.2,955,1526403092.5,489450,-25740,2026-10-08
NIFTY,2026-11-23,23900.0,PE,1447.0,1519.9,1447.0,1519.9,1538.21,3,4947403.5,12545,-65,2026-10-08
NIFTY,2026-11-23,24550.0,PE,1876.7,2080.45,1876.7,2080.45,2152.05,2,3448714.75,195,0,2026-10-08
NIFTY,2026-11-23,25100.0,PE,0.0,0.0,0.0,2203.1,2689.98,0,0.0,325,0,2026-10-08
NIFTY,2026-12-29,20300.0,PE,0.0,0.0,0.0,38.95,28.42,0,0.0,0,0,2026-10-08
NIFTY,2026-12-29,21600.0,PE,179.0,262.4,179.0,258.45,258.45,892,1266471485.5,56745,25805,2026-10-08
NIFTY,2026-12-29,21750.0,PE,207.25,297.5,207.25,294.2,294.2,118,168831240.5,14040,910,2026-10-08
NIFTY,2026-12-29,22450.0,PE,391.05,535.4,391.0,530.55,530.55,105,156428616.5,4485,1885,2026-10-08
NIFTY,2026-12-29,24050.0,PE,1313.25,1359.35,1313.25,1359.35,1622.67,3,4949919.0,2080,0,2026-10-08
NIFTY,2026-12-29,24500.0,PE,1778.0,1995.15,1753.95,1982.7,1982.7,126,215791530.5,6565,5460,2026-10-08
NIFTY,2026-12-29,27000.0,PE,4020.0,4374.1,4020.0,4347.4,4347.4,268,544531243.75,1566795,2875,2026-10-08
NIFTY,2027-06-29,33000.0,PE,0.0,0.0,0.0,4691.7,9424.7,0,0.0,0,0,2026-10-08
NIFTY,2027-09-28,16500.0,PE,8.0,8.0,8.0,8.0,8.0,1,1073020.0,65,65,2026-10-08
NIFTY,2027-12-28,16500.0,PE,0.0,0.0,0.0,52.05,5.6,0,0.0,130,0,2026-10-08
NIFTY,2027-12-28,19000.0,PE,174.8,200.0,174.8,190.9,190.9,101,125965420.75,40075,1950,2026-10-08
NIFTY,2027-12-28,22000.0,PE,620.0,708.0,617.45,695.85,695.85,527,776562465.25,120190,5655,2026-10-08
NIFTY,2027-12-28,24000.0,PE,1181.0,1324.65,1180.8,1293.4,1293.4,867,1422529491.5,248070,-15535,2026-10-08
NIFTY,2028-06-27,18000.0,PE,0.0,0.0,0.0,396.75,51.57,0,0.0,0,0,2026-10-08
NIFTY,2028-12-26,18000.0,PE,0.0,0.0,0.0,250.0,68.09,0,0.0,75,0,2026-10-08
NIFTY,2029-12-24,23000.0,PE,901.05,901.05,901.05,901.05,901.05,1,1553568.25,1690,65,2026-10-08
NIFTY,2029-12-24,26000.0,PE,0.0,0.0,0.0,1850.0,1797.03,0,0.0,4965,0,2026-10-08
NIFTY,2030-12-31,16500.0,PE,0.0,0.0,0.0,13.65,42.82,0,0.0,0,0,2026-10-08
NIFTY,2031-06-24,28500.0,PE,0.0,0.0,0.0,2104.2,2296.77,0,0.0,0,0,2026-10-08
NIFTY,2031-06-24,30000.0,PE,0.0,0.0,0.0,2616.25,2939.8,0,0.0,0,0,2026-10-08
NIFTY,2026-10-27,23350.0,CE,44.2,44.2,23.6,24.55,24.55,5095,7742836533.25,156715,-27950,2026-10-08
NIFTY,2026-10-27,22900.0,CE,126.25,150.0,73.95,78.0,78.0,44545,66582900325.5,1456975,302120,2026-10-08
NIFTY,2026-10-27,22200.0,CE,519.95,542.8,334.05,358.5,358.5,66620,97697776501.0,2278965,2005510,2026-10-08
NIFTY,2026-10-27,21150.0,CE,0.0,0.0,0.0,1433.7,1156.16,0,0.0,65,0,2026-10-08
NIFTY,2026-10-27,20600.0,CE,0.0,0.0,0.0,3710.55,1694.33,0,0.0,0,0,2026-10-08
NIFTY,2026-10-27,20550.0,CE,0.0,0.0,0.0,3758.6,1743.96,0,0.0,0,0,2026-10-08
NIFTY,2026-10-27,20400.0,CE,0.0,0.0,0.0,3903.2,1893.1,0,0.0,0,0,2026-10-08
NIFTY,2026-10-19,24600.0,CE,1.45,1.7,1.25,1.45,1.45,482,770765193.25,21060,650,2026-10-08
NIFTY,2026-10-19,24100.0,CE,1.9,2.1,1.55,1.85,1.85,18760,29389730012.5,482625,287495,2026-10-08
NIFTY,2026-10-19,23050.0,CE,47.7,48.4,18.65,19.7,19.7,17019,25528999694.25,195065,84760,2026-10-08
NIFTY,2026-10-19,22000.0,CE,622.55,623.95,372.5,388.5,388.5,8714,12699161120.75,189865,173030,2026-10-08
NIFTY,2026-10-19,21950.0,CE,472.0,472.0,411.55,421.9,421.9,76,110578071.5,3120,2665,2026-10-08
NIFTY,2026-10-19,21450.0,CE,0.0,0.0,0.0,1807.8,830.26,0,0.0,0,0,2026-10-08
NIFTY,2026-10-19,20900.0,CE,0.0,0.0,0.0,2338.15,1368.46,0,0.0,0,0,2026-10-08
NIFTY,2026-10-19,20450.0,CE,0.0,0.0,0.0,2781.7,1817.22,0,0.0,0,0,2026-10-08
NIFTY,2026-10-13,25350.0,CE,0.55,0.85,0.45,0.6,0.6,7003,11539471157.5,107835,34385,2026-10-08
NIFTY,2026-10-13,25150.0,CE,0.65,0.95,0.55,0.7,0.7,1324,2164467708.0,30940,7280,2026-10-08
NIFTY,2026-10-13,24850.0,CE,0.85,1.1,0.6,0.8,0.8,1696,2739548714.5,24375,14820,2026-10-08
NIFTY,2026-10-13,24650.0,CE,0.8,1.25,0.65,0.85,0.85,9030,14468840252.75,63960,20410,2026-10-08
NIFTY,2026-10-13,23500.0,CE,2.3,2.6,1.55,2.0,2.0,1350677,2063338496017.5,12831260,6227780,2026-10-08
NIFTY,2026-10-13,23200.0,CE,5.0,6.2,3.0,3.5,3.5,971433,1465178344782.75,9961250,2579460,2026-10-08
NIFTY,2026-10-13,22450.0,CE,209.9,210.85,55.25,59.95,59.95,1200542,1760331553880.25,3816020,3611985,2026-10-08
NIFTY,2026-10-13,21900.0,CE,657.5,667.9,367.35,383.8,383.8,9543,13844012572.0,87295,65975,2026-10-08
NIFTY,2026-10-13,21250.0,CE,0.0,0.0,0.0,2507.8,998.69,0,0.0,0,0,2026-10-08
NIFTY,2026-10-13,20300.0,CE,0.0,0.0,0.0,3448.3,1947.78,0,0.0,0,0,2026-10-08
NIFTY,2026-10-27,23550.0,CE,25.55,25.55,14.95,15.85,15.85,4347,6659146546.0,156130,29900,2026-10-08
NIFTY,2026-10-27,23800.0,CE,12.5,12.5,9.1,9.6,9.6,30738,47572092574.5,1703780,-203970,2026-10-08
NIFTY,2026-10-27,24450.0,CE,4.5,4.85,3.75,4.55,4.55,438,696218623.75,50505,-2990,2026-10-08
NIFTY,2026-10-27,21500.0,CE,1124.9,1124.9,844.1,866.0,866.0,4286,6251532478.75,645060,140270,2026-10-08
NIFTY,2026-10-27,25000.0,CE,2.75,3.75,2.2,2.65,2.65,17244,28024502720.5,2683460,-238095,2026-10-08
NIFTY,2026-10-27,25250.0,CE,0.0,0.0,0.0,3.85,0.01,0,0.0,4095,0,2026-10-08
NIFTY,2026-10-27,25900.0,CE,1.05,1.4,1.05,1.4,1.4,4,6734308.75,14690,-130,2026-10-08
NIFTY,2026-11-03,20350.0,CE,0.0,0.0,0.0,3118.95,1966.12,0,0.0,0,0,2026-10-08
NIFTY,2026-11-03,20450.0,CE,0.0,0.0,0.0,3020.05,1867.14,0,0.0,0,0,2026-10-08
NIFTY,2026-11-03,22200.0,CE,581.25,581.25,403.3,413.45,413.45,364,535548464.75,9490,8125,2026-10-08
NIFTY,2026-11-03,22700.0,CE,297.35,297.35,176.95,184.6,184.6,875,1302746718.0,34970,7150,2026-10-08
NIFTY,2026-11-03,23750.0,CE,21.8,22.95,21.8,22.85,13.71,30,46356427.0,1885,1885,2026-10-08
NIFTY,2026-11-09,21950.0,CE,0.0,0.0,0.0,1059.7,578.76,0,0.0,0,0,2026-10-08
NIFTY,2026-11-09,22000.0,CE,0.0,0.0,0.0,1020.1,546.14,0,0.0,0,0,2026-10-08
NIFTY,2026-11-09,22150.0,CE,0.0,0.0,0.0,905.35,454.72,0,0.0,0,0,2026-10-08
NIFTY,2026-11-09,22250.0,CE,0.0,0.0,0.0,832.3,399.29,0,0.0,0,0,2026-10-08
NIFTY,2026-11-09,23050.0,CE,0.0,0.0,0.0,199.0,110.27,0,0.0,325,0,2026-10-08
NIFTY,2026-11-09,23100.0,CE,165.3,165.3,110.5,113.95,113.95,147,221889661.5,3445,2990,2026-10-08
NIFTY,2026-11-09,24000.0,CE,0.0,0.0,0.0,99.9,12.85,0,0.0,0,0,2026-10-08
NIFTY,2026-11-23,20950.0,CE,0.0,0.0,0.0,3709.55,1470.22,0,0.0,0,0,2026-10-08
NIFTY,2026-11-23,21050.0,CE,0.0,0.0,0.0,3613.45,1380.07,0,0.0,0,0,2026-10-08
NIFTY,2026-11-23,21450.0,CE,0.0,0.0,0.0,3232.9,1039.16,0,0.0,0,0,2026-10-08
NIFTY,2026-11-23,21650.0,CE,0.0,0.0,0.0,3045.65,883.61,0,0.0,0,0,2026-10-08
NIFTY,2026-11-23,21900.0,CE,944.1,947.35,750.05,765.05,765.05,78,115026086.5,3055,2730,2026-10-08
NIFTY,2026-11-23,22700.0,CE,424.45,428.1,300.1,307.2,307.2,4294,6431308786.5,191035,68965,2026-10-08
NIFTY,2026-11-23,22900.0,CE,340.0,340.0,228.4,234.8,234.8,3064,4612011313.0,129415,42315,2026-10-08
NIFTY,2026-11-23,23700.0,CE,94.5,95.0,66.55,67.9,67.9,5146,7952486126.0,212420,27950,2026-10-08
NIFTY,2026-11-23,24050.0,CE,48.55,48.9,38.3,41.25,31.83,161,252140131.75,35165,325,2026-10-08
NIFTY,2026-11-23,24650.0,CE,20.1,28.5,17.0,21.1,21.1,25,40093348.75,4680,-130,2026-10-08
NIFTY,2026-11-23,25800.0,CE,0.0,0.0,0.0,7.3,0.46,0,0.0,2015,0,2026-10-08
NIFTY,2026-11-23,25850.0,CE,6.1,6.4,6.1,6.4,6.4,4,6722605.5,845,0,2026-10-08
NIFTY,2026-11-23,25950.0,CE,0.0,0.0,0.0,7.5,0.3,0,0.0,1625,0,2026-10-08
NIFTY,2026-12-29,21500.0,CE,1457.3,1457.3,1220.0,1237.25,1237.25,542,802711094.25,32305,12935,2026-10-08
NIFTY,2026-12-29,21550.0,CE,1211.2,1211.2,1207.0,1207.0,1156.93,9,13314002.0,3900,585,2026-10-08
NIFTY,2026-12-29,21850.0,CE,0.0,0.0,0.0,1295.25,946.7,0,0.0,2535,0,2026-10-08
NIFTY,2026-12-29,22250.0,CE,775.0,775.0,712.05,723.0,723.0,35,52287670.5,2665,1235,2026-10-08
NIFTY,2026-12-29,22600.0,CE,670.05,670.05,523.95,536.25,536.25,494,743956590.0,29315,4810,2026-10-08
NIFTY,2026-12-29,22800.0,CE,553.7,567.8,428.7,437.9,437.9,1346,2037448081.5,46020,6565,2026-10-08
NIFTY,2026-12-29,23000.0,CE,455.0,463.0,350.0,357.45,357.45,18643,28335510784.75,1616495,-12090,2026-10-08
NIFTY,2026-12-29,23150.0,CE,393.35,393.35,296.1,299.4,299.4,117,178703502.25,9165,2535,2026-10-08
NIFTY,2026-12-29,23250.0,CE,343.8,352.4,268.5,268.5,281.99,93,142413599.25,12740,2730,2026-10-08
NIFTY,2026-12-29,23300.0,CE,323.65,334.05,250.0,256.7,256.7,1190,1823321214.0,57330,26455,2026-10-08
NIFTY,2026-12-29,24000.0,CE,145.0,151.9,110.1,113.05,113.05,29410,46113796647.75,3455125,238030,2026-10-08
NIFTY,2026-12-29,24050.0,CE,133.85,133.85,102.6,105.35,105.35,2731,4288694237.75,41015,-90870,2026-10-08
NIFTY,2026-12-29,25000.0,CE,44.0,45.0,35.8,36.55,36.55,26009,42331211403.0,4082375,-345495,2026-10-08
NIFTY,2026-12-29,33000.0,CE,3.45,3.45,3.3,3.4,3.4,6,12871316.25,103740,-260,2026-10-08
NIFTY,2027-09-28,18000.0,CE,0.0,0.0,0.0,5788.3,5231.15,0,0.0,0,0,2026-10-08
NIFTY,2027-09-28,28500.0,CE,0.0,0.0,0.0,291.55,103.63,0,0.0,0,0,2026-10-08
NIFTY,2028-06-27,21000.0,CE,0.0,0.0,0.0,5226.55,3578.81,0,0.0,0,0,2026-10-08
NIFTY,2028-06-27,25500.0,CE,0.0,0.0,0.0,1225.0,1188.45,0,0.0,0,0,2026-10-08
NIFTY,2028-06-27,31500.0,CE,0.0,0.0,0.0,1784.8,153.77,0,0.0,0,0,2026-10-08
NIFTY,2029-06-26,31500.0,CE,0.0,0.0,0.0,2878.65,568.57,0,0.0,0,0,2026-10-08
NIFTY,2029-12-24,18000.0,CE,0.0,0.0,0.0,11362.4,7358.21,0,0.0,0,0,2026-10-08
NIFTY,2029-12-24,33000.0,CE,0.0,0.0,0.0,3816.05,617.77,0,0.0,0,0,2026-10-08
NIFTY,2030-12-31,18000.0,CE,0.0,0.0,0.0,12674.15,8219.84,0,0.0,0,0,2026-10-08
NIFTY,2030-12-31,24000.0,CE,0.0,0.0,0.0,8563.3,4351.24,0,0.0,0,0,2026-10-08
NIFTY,2030-12-31,25500.0,CE,0.0,0.0,0.0,7639.65,3599.35,0,0.0,0,0,2026-10-08
NIFTY,2031-06-24,15000.0,CE,0.0,0.0,0.0,12902.2,10809.46,0,0.0,0,0,2026-10-08
NIFTY,2031-06-24,24000.0,CE,0.0,0.0,0.0,7181.9,4803.69,0,0.0,0,0,2026-10-08
NIFTY,2031-06-24,27000.0,CE,0.0,0.0,0.0,5699.0,3376.43,0,0.0,0,0,2026-10-08
NIFTY,2026-10-13,22100.0,PE,18.0,97.5,16.0,83.1,83.1,1500977,2162217719083.5,3925285,782795,2026-10-08
NIFTY,2026-10-13,22400.0,PE,76.85,251.0,62.1,226.45,226.45,2226221,3262143832249.25,2957955,-881985,2026-10-08
NIFTY,2026-10-13,22700.0,PE,224.55,494.95,214.55,468.65,468.65,304045,454807131970.75,2867930,-1035385,2026-10-08
NIFTY,2026-10-13,22800.0,PE,301.0,586.5,283.0,564.35,564.35,95656,144284620275.25,1128400,-548795,2026-10-08
NIFTY,2026-10-13,23800.0,PE,1259.25,1559.95,1259.25,1548.6,1548.6,100,164036596.75,33020,-4355,2026-10-08
NIFTY,2026-10-13,24600.0,PE,2320.0,2353.0,2320.0,2339.0,2339.0,25,43781247.25,13195,-1040,2026-10-08
NIFTY,2026-10-13,24900.0,PE,0.0,0.0,0.0,2284.95,2648.6,0,0.0,650,0,2026-10-08
NIFTY,2026-10-19,22600.0,PE,200.0,434.15,200.0,410.0,410.0,34612,51533402219.0,571480,35555,2026-10-08
NIFTY,2026-10-19,24000.0,PE,1495.0,1735.25,1489.75,1705.55,1705.55,88,146636145.5,14690,4810,2026-10-08
NIFTY,2026-10-19,24050.0,PE,0.0,0.0,0.0,962.95,1776.63,0,0.0,0,0,2026-10-08
NIFTY,2026-10-27,20250.0,PE,0.0,0.0,0.0,8.9,0.14,0,0.0,0,0,2026-10-08
NIFTY,2026-10-27,20950.0,PE,9.8,31.0,9.8,28.65,28.65,894,1218830671.5,21710,7605,2026-10-08
NIFTY,2026-10-27,21400.0,PE,29.9,67.2,26.5,61.55,61.55,14751,20564810513.0,491335,34645,2026-10-08
NIFTY,2026-10-27,21450.0,PE,27.0,74.2,27.0,67.65,67.65,2018,2821243997.0,49530,3055,2026-10-08
NIFTY,2026-10-27,22400.0,PE,205.25,360.0,189.35,341.65,341.65,64557,95248206287.0,1710865,394225,2026-10-08
NIFTY,2026-10-27,23000.0,PE,488.0,780.45,488.0,760.95,760.95,21684,33358587967.25,3907020,-187460,2026-10-08
NIFTY,2026-10-27,23600.0,PE,1020.0,1324.8,1015.0,1304.8,1304.8,389,627298265.75,695825,-9945,2026-10-08
NIFTY,2026-10-27,25200.0,PE,0.0,0.0,0.0,2531.1,2892.89,0,0.0,33930,0,2026-10-08
NIFTY,2026-10-27,26000.0,PE,3401.0,3709.75,3401.0,3672.5,3672.5,1854,3567150769.0,1776385,-41470,2026-10-08
NIFTY,2026-10-27,26850.0,PE,0.0,0.0,0.0,2588.1,4537.96,0,0.0,0,0,2026-10-08
NIFTY,2026-11-03,20850.0,PE,0.0,0.0,0.0,5.3,8.21,0,0.0,0,0,2026-10-08
NIFTY,2026-11-03,21200.0,PE,62.5,68.45,62.0,68.45,68.45,27,37316019.0,1690,1690,2026-10-08
NIFTY,2026-11-03,21400.0,PE,53.0,93.85,52.85,89.7,89.7,327,456563705.0,19500,4355,2026-10-08
NIFTY,2026-11-03,23700.0,PE,0.0,0.0,0.0,610.85,1387.14,0,0.0,0,0,2026-10-08
NIFTY,2026-11-03,23800.0,PE,0.0,0.0,0.0,669.7,1482.77,0,0.0,0,0,2026-10-08
NIFTY,2026-11-03,24950.0,PE,0.0,0.0,0.0,1534.25,2616.43,0,0.0,0,0,2026-10-08
NIFTY,2026-11-09,21050.0,PE,40.0,69.95,40.0,69.95,24.66,8,10971346.75,390,390,2026-10-08
NIFTY,2026-11-09,21300.0,PE,79.95,79.95,79.95,79.95,47.38,1,1389696.75,65,65,2026-10-08
NIFTY,2026-11-09,21450.0,PE,0.0,0.0,0.0,43.3,67.68,0,0.0,0,0,2026-10-08
NIFTY,2026-11-09,21550.0,PE,0.0,0.0,0.0,53.3,84.64,0,0.0,0,0,2026-10-08
NIFTY,2026-11-09,24300.0,PE,0.0,0.0,0.0,1450.85,1951.64,0,0.0,0,0,2026-10-08
NIFTY,2026-11-23,21200.0,PE,75.6,127.7,73.0,120.05,120.05,1759,2435946409.0,62660,18005,2026-10-08
NIFTY,2026-11-23,21650.0,PE,136.0,205.65,136.0,201.0,201.0,83,117737516.0,25610,1885,2026-10-08
NIFTY,2026-11-23,24850.0,PE,0.0,0.0,0.0,860.35,2444.33,0,0.0,0,0,2026-10-08
NIFTY,2026-11-23,25350.0,PE,0.0,0.0,0.0,1152.95,2936.75,0,0.0,0,0,2026-10-08
NIFTY,2026-11-23,25800.0,PE,0.0,0.0,0.0,2725.0,3382.37,0,0.0,585,0,2026-10-08
NIFTY,2026-11-23,25850.0,PE,0.0,0.0,0.0,2901.65,3431.95,0,0.0,65,0,2026-10-08
NIFTY,2026-12-29,20800.0,PE,139.9,139.9,128.25,130.3,130.3,21,28570909.25,2145,1170,2026-10-08
NIFTY,2026-12-29,21000.0,PE,106.55,159.75,105.4,153.9,153.9,14228,19546757945.0,2313845,48360,2026-10-08
NIFTY,2026-12-29,21200.0,PE,123.35,188.15,123.35,182.1,182.1,402,558151889.75,18460,2665,2026-10-08
NIFTY,2026-12-29,21450.0,PE,190.2,224.45,189.3,224.45,224.45,45,63354424.25,2210,-455,2026-10-08
NIFTY,2026-12-29,22250.0,PE,318.35,457.4,318.35,451.9,451.9,234,344847694.75,11440,2470,2026-10-08
NIFTY,2026-12-29,24100.0,PE,1364.4,1579.95,1364.4,1579.95,1665.16,5,8320266.5,2145,195,2026-10-08
NIFTY,2026-12-29,25500.0,PE,2630.0,2934.2,2630.0,2915.2,2915.2,203,373747894.0,303485,-3055,2026-10-08
NIFTY,2026-12-29,28500.0,PE,0.0,0.0,0.0,3320.25,5902.45,0,0.0,130,0,2026-10-08
NIFTY,2027-03-30,16500.0,PE,29.0,43.0,25.9,31.45,31.45,319,342826919.5,13325,8775,2026-10-08
NIFTY,2027-06-29,19500.0,PE,182.0,182.0,137.8,160.05,160.05,75,95796350.0,4355,4225,2026-10-08
NIFTY,2027-12-28,27000.0,PE,2825.9,3008.0,2800.0,2993.0,3327.81,68,131995639.75,57745,-1875,2026-10-08
NIFTY,2028-06-27,19500.0,PE,0.0,0.0,0.0,40.05,154.1,0,0.0,0,0,2026-10-08
NIFTY,2028-06-27,31500.0,PE,0.0,0.0,0.0,2935.6,6454.82,0,0.0,0,0,2026-10-08
NIFTY,2028-12-26,22500.0,PE,0.0,0.0,0.0,218.8,726.12,0,0.0,0,0,2026-10-08
NIFTY,2028-12-26,26000.0,PE,1899.0,1909.2,1899.0,1909.2,2135.64,2,3627533.0,6940,0,2026-10-08
NIFTY,2029-06-26,28500.0,PE,0.0,0.0,0.0,1349.1,3293.29,0,0.0,0,0,2026-10-08
NIFTY,2029-06-26,31500.0,PE,0.0,0.0,0.0,2443.35,5279.51,0,0.0,0,0,2026-10-08
NIFTY,2030-12-31,25500.0,PE,0.0,0.0,0.0,538.25,1358.67,0,0.0,0,0,2026-10-08
NIFTY,2030-12-31,27000.0,PE,0.0,0.0,0.0,779.5,1879.6,0,0.0,0,0,2026-10-08
NIFTY,2030-12-31,33000.0,PE,0.0,0.0,0.0,2387.3,4837.68,0,0.0,0,0,2026-10-08
NIFTY,2031-06-24,33000.0,PE,0.0,0.0,0.0,3810.15,4446.92,0,0.0,0,0,2026-10-08
NIFTY,2026-10-27,21750.0,CE,0.0,0.0,0.0,904.1,625.07,0,0.0,130,0,2026-10-08
NIFTY,2026-10-13,20750.0,CE,0.0,0.0,0.0,3001.55,1498.14,0,0.0,0,0,2026-10-08
NIFTY,2026-10-13,21200.0,CE,0.0,0.0,0.0,2556.95,1048.59,0,0.0,0,0,2026-10-08
NIFTY,2026-10-13,21750.0,CE,730.35,733.0,499.7,524.2,524.2,440,637585490.75,12090,11895,2026-10-08
NIFTY,2026-10-13,22150.0,CE,420.5,441.0,185.3,199.0,199.0,112957,164219935262.5,441545,406380,2026-10-08
NIFTY,2026-10-13,22400.0,CE,237.0,244.55,69.0,74.2,74.2,1740250,2546822943265.25,10679825,9866870,2026-10-08
NIFTY,2026-10-13,23400.0,CE,2.85,3.15,1.75,2.25,2.25,1087987,1655002501343.75,6963320,1723020,2026-10-08
NIFTY,2026-10-13,24200.0,CE,0.85,1.5,0.7,1.0,1.0,110556,173911673035.75,1124630,-819065,2026-10-08
NIFTY,2026-10-19,22200.0,CE,436.25,457.15,244.1,257.5,257.5,23708,34629662453.75,364130,346645,2026-10-08
NIFTY,2026-10-19,23650.0,CE,4.25,5.55,3.75,4.0,4.0,2400,3690050130.0,54600,-7930,2026-10-08
NIFTY,2026-10-19,23750.0,CE,3.8,3.95,2.8,3.4,3.4,2065,3188295981.0,51155,-6890,2026-10-08
NIFTY,2026-10-19,23950.0,CE,2.6,4.4,2.0,2.4,2.4,1715,2670098213.25,56810,24440,2026-10-08
NIFTY,2026-10-19,24450.0,CE,1.85,1.85,1.3,1.6,1.6,1416,2250534013.0,41470,39975,2026-10-08
NIFTY,2026-10-19,24800.0,CE,1.5,1.65,1.15,1.45,1.45,519,836675671.0,55380,10920,2026-10-08
NIFTY,2026-11-03,23850.0,CE,18.65,28.0,18.65,21.2,10.22,29,44994140.75,3055,1625,2026-10-08
NIFTY,2026-11-03,23950.0,CE,15.7,23.8,15.0,18.65,18.65,68,105930737.25,2600,2600,2026-10-08
NIFTY,2026-11-03,24300.0,CE,12.75,12.75,7.85,8.65,8.65,5,7900571.25,1495,0,2026-10-08
NIFTY,2026-11-09,20200.0,CE,0.0,0.0,0.0,2688.75,2134.82,0,0.0,0,0,2026-10-08
NIFTY,2026-11-09,20250.0,CE,0.0,0.0,0.0,2639.3,2085.38,0,0.0,0,0,2026-10-08
NIFTY,2026-11-09,20300.0,CE,0.0,0.0,0.0,2589.9,2036.01,0,0.0,0,0,2026-10-08
NIFTY,2026-11-09,20350.0,CE,0.0,0.0,0.0,2540.5,1986.7,0,0.0,0,0,2026-10-08
NIFTY,2026-11-09,20400.0,CE,0.0,0.0,0.0,2491.2,1937.47,0,0.0,0,0,2026-10-08
NIFTY,2026-11-09,20800.0,CE,0.0,0.0,0.0,2099.65,1548.26,0,0.0,0,0,2026-10-08
NIFTY,2026-11-09,21600.0,CE,0.0,0.0,0.0,1353.8,834.69,0,0.0,0,0,2026-10-08
NIFTY,2026-11-09,21700.0,CE,0.0,0.0,0.0,1267.05,756.94,0,0.0,0,0,2026-10-08
NIFTY,2026-11-09,23000.0,CE,185.0,185.0,128.25,134.95,134.95,360,541665247.5,11505,10335,2026-10-08
NIFTY,2026-11-09,23250.0,CE,0.0,0.0,0.0,121.1,74.31,0,0.0,520,0,2026-10-08
NIFTY,2026-11-09,23450.0,CE,61.3,61.3,61.3,61.3,48.57,7,10697641.5,455,455,2026-10-08
NIFTY,2026-11-09,24250.0,CE,0.0,0.0,0.0,66.0,6.5,0,0.0,0,0,2026-10-08
NIFTY,2026-11-23,21150.0,CE,0.0,0.0,0.0,3517.65,1291.67,0,0.0,0,0,2026-10-08
NIFTY,2026-11-23,22450.0,CE,593.15,593.15,412.15,422.4,422.4,444,660969455.25,13910,10920,2026-10-08
NIFTY,2026-11-23,23500.0,CE,143.35,143.35,91.0,94.1,94.1,23933,36721351676.75,1217515,102180,2026-10-08
NIFTY,2026-11-23,23950.0,CE,57.35,59.05,45.35,47.75,47.75,85,132605096.0,34190,455,2026-10-08
NIFTY,2026-11-23,24400.0,CE,34.05,34.05,24.05,25.25,25.25,1305,2071938394.5,109330,-7410,2026-10-08
NIFTY,2026-11-23,25900.0,CE,0.0,0.0,0.0,7.05,0.35,0,0.0,1625,0,2026-10-08
NIFTY,2026-12-29,20400.0,CE,0.0,0.0,0.0,2660.2,2127.83,0,0.0,0,0,2026-10-08
NIFTY,2026-12-29,20550.0,CE,0.0,0.0,0.0,2523.15,1990.24,0,0.0,0,0,2026-10-08
NIFTY,2026-12-29,21250.0,CE,1461.85,1464.9,1447.1,1447.1,1387.93,13,19188165.75,1170,715,2026-10-08
NIFTY,2026-12-29,23650.0,CE,213.15,213.15,165.5,168.15,168.15,91,140992367.75,7085,-1235,2026-10-08
NIFTY,2026-12-29,23700.0,CE,207.0,207.0,152.75,159.05,159.05,1321,2049830321.5,46280,-18005,2026-10-08
NIFTY,2026-12-29,24550.0,CE,0.0,0.0,0.0,226.15,58.75,0,0.0,0,0,2026-10-08
NIFTY,2026-12-29,30000.0,CE,5.35,5.45,5.05,5.3,5.3,142,276948594.0,810150,3510,2026-10-08
NIFTY,2026-12-29,31500.0,CE,0.0,0.0,0.0,5.0,0.01,0,0.0,34385,0,2026-10-08
NIFTY,2027-06-29,27000.0,CE,114.25,114.25,105.05,109.4,109.4,455,801750215.5,73255,3705,2026-10-08
NIFTY,2027-09-28,19500.0,CE,0.0,0.0,0.0,4470.95,3886.36,0,0.0,0,0,2026-10-08
NIFTY,2027-12-28,30000.0,CE,134.9,137.8,128.0,132.0,132.0,391,765833799.25,230230,-4420,2026-10-08
NIFTY,2028-12-26,24000.0,CE,2750.0,2750.0,2611.0,2627.65,2627.65,18,31185791.0,4225,780,2026-10-08
NIFTY,2028-12-26,25500.0,CE,0.0,0.0,0.0,1929.0,1667.96,0,0.0,975,0,2026-10-08
NIFTY,2029-06-26,33000.0,CE,0.0,0.0,0.0,4179.45,390.63,0,0.0,0,0,2026-10-08
NIFTY,2029-12-24,19500.0,CE,0.0,0.0,0.0,10678.8,6220.43,0,0.0,0,0,2026-10-08
NIFTY,2030-06-25,15000.0,CE,0.0,0.0,0.0,14543.9,10130.01,0,0.0,0,0,2026-10-08
NIFTY,2030-12-31,22500.0,CE,0.0,0.0,0.0,9536.95,5198.18,0,0.0,0,0,2026-10-08
NIFTY,2031-06-24,18000.0,CE,0.0,0.0,0.0,10825.95,8605.39,0,0.0,0,0,2026-10-08
NIFTY,2031-06-24,19500.0,CE,0.0,0.0,0.0,9840.6,7558.8,0,0.0,0,0,2026-10-08
NIFTY,2031-06-24,25500.0,CE,0.0,0.0,0.0,6409.8,4046.23,0,0.0,0,0,2026-10-08
NIFTY,2026-10-13,20900.0,PE,1.55,4.0,1.4,2.7,2.7,236815,321754080154.0,1031550,550355,2026-10-08
NIFTY,2026-10-13,22650.0,PE,189.55,449.15,183.6,423.05,423.05,199060,296438799003.75,717405,-814840,2026-10-08
NIFTY,2026-10-13,23100.0,PE,592.45,873.65,545.7,851.4,851.4,3139,4850721073.25,329485,-11180,2026-10-08
NIFTY,2026-10-13,24200.0,PE,1735.0,1965.0,1735.0,1965.0,1965.0,18,30475981.25,61100,390,2026-10-08
NIFTY,2026-10-13,24500.0,PE,1971.0,2268.4,1971.0,2244.45,2248.91,158,274275907.75,112190,-6825,2026-10-08
NIFTY,2026-10-19,20800.0,PE,4.5,10.7,3.75,8.65,8.65,9112,12323729580.5,147160,54145,2026-10-08
NIFTY,2026-10-19,21000.0,PE,6.1,14.6,5.3,12.0,12.0,38452,52512674308.25,659035,223015,2026-10-08
NIFTY,2026-10-19,21050.0,PE,6.7,15.65,6.15,13.0,13.0,1731,2369792044.75,36465,30355,2026-10-08
NIFTY,2026-10-19,23050.0,PE,530.2,797.7,530.2,790.45,790.45,124,190712817.75,3315,-975,2026-10-08
NIFTY,2026-10-19,23250.0,PE,697.8,790.0,697.8,785.0,984.51,11,17173156.0,2015,-65,2026-10-08
NIFTY,2026-10-19,24500.0,PE,2063.0,2205.0,2063.0,2205.0,2205.0,6,10401560.0,2405,390,2026-10-08
NIFTY,2026-10-19,25100.0,PE,0.0,0.0,0.0,1872.7,2824.74,0,0.0,0,0,2026-10-08
NIFTY,2026-10-27,20350.0,PE,8.0,13.95,8.0,12.3,0.25,64,84699182.75,1040,520,2026-10-08
NIFTY,2026-10-27,21250.0,PE,22.65,51.9,22.5,47.3,47.3,1326,1834958580.0,41600,10790,2026-10-08
NIFTY,2026-10-27,24500.0,PE,1910.0,2213.1,1890.6,2190.5,2190.5,659,1140760608.0,1606475,-27040,2026-10-08
NIFTY,2026-10-27,24800.0,PE,2242.6,2490.0,2238.75,2460.9,2494.13,44,77843873.25,313625,-1105,2026-10-08
NIFTY,2026-10-27,25550.0,PE,0.0,0.0,0.0,2725.0,3241.84,0,0.0,910,0,2026-10-08
NIFTY,2026-10-27,26600.0,PE,0.0,0.0,0.0,3700.0,4288.7,0,0.0,455,0,2026-10-08
NIFTY,2026-10-27,26700.0,PE,0.0,0.0,0.0,3900.0,4388.4,0,0.0,260,0,2026-10-08
NIFTY,2026-11-03,20050.0,PE,0.0,0.0,0.0,0.5,0.28,0,0.0,0,0,2026-10-08
NIFTY,2026-11-03,20600.0,PE,0.0,0.0,0.0,16.75,3.22,0,0.0,2470,0,2026-10-08
NIFTY,2026-11-03,20650.0,PE,0.0,0.0,0.0,3.1,3.92,0,0.0,0,0,2026-10-08
NIFTY,2026-11-03,21000.0,PE,27.5,54.55,26.2,51.55,51.55,1332,1822046226.0,57135,24830,2026-10-08
NIFTY,2026-11-03,22000.0,PE,131.0,228.65,119.95,218.3,218.3,2786,4018966731.0,62855,20605,2026-10-08
NIFTY,2026-11-03,22100.0,PE,165.1,260.75,160.5,248.2,248.2,1028,1491977425.25,14235,4875,2026-10-08
NIFTY,2026-11-03,22150.0,PE,159.25,278.75,159.25,271.1,271.1,181,263214737.5,5915,3445,2026-10-08
NIFTY,2026-11-03,23150.0,PE,666.5,710.05,665.05,699.85,888.49,26,40272973.0,4485,0,2026-10-08
NIFTY,2026-11-03,23200.0,PE,711.1,951.65,711.1,946.4,946.4,57,89338609.75,19630,-1365,2026-10-08
NIFTY,2026-11-03,22450.0,CE,414.45,414.85,274.1,284.1,284.1,223,330153720.0,10660,8190,2026-10-08
NIFTY,2026-11-03,23550.0,PE,0.0,0.0,0.0,528.4,1245.88,0,0.0,0,0,2026-10-08
NIFTY,2026-11-03,23850.0,PE,0.0,0.0,0.0,700.25,1530.93,0,0.0,0,0,2026-10-08
NIFTY,2026-11-03,24900.0,PE,0.0,0.0,0.0,1490.95,2566.68,0,0.0,0,0,2026-10-08
NIFTY,2026-11-03,25000.0,PE,2640.85,2640.85,2640.85,2640.85,2640.85,1,1796655.25,65,65,2026-10-08
NIFTY,2026-11-09,20750.0,PE,0.0,0.0,0.0,8.05,10.16,0,0.0,0,0,2026-10-08
NIFTY,2026-11-09,20900.0,PE,0.0,0.0,0.0,11.95,16.06,0,0.0,0,0,2026-10-08
NIFTY,2026-11-09,21000.0,PE,50.0,68.65,47.2,65.9,65.9,90,123194977.75,3770,3770,2026-10-08
NIFTY,2026-11-09,21250.0,PE,79.95,79.95,79.95,79.95,41.83,1,1386446.75,65,65,2026-10-08
NIFTY,2026-11-09,21950.0,PE,0.0,0.0,0.0,112.9,186.59,0,0.0,0,0,2026-10-08
NIFTY,2026-11-09,22050.0,PE,0.0,0.0,0.0,133.75,221.9,0,0.0,0,0,2026-10-08
NIFTY,2026-11-09,22350.0,PE,0.0,0.0,0.0,219.95,354.16,0,0.0,65,0,2026-10-08
NIFTY,2026-11-09,23150.0,PE,0.0,0.0,0.0,575.8,892.66,0,0.0,0,0,2026-10-08
NIFTY,2026-11-09,23400.0,PE,0.0,0.0,0.0,734.8,1104.71,0,0.0,0,0,2026-10-08
NIFTY,2026-11-09,23850.0,PE,0.0,0.0,0.0,1069.0,1517.18,0,0.0,0,0,2026-10-08
NIFTY,2026-11-09,24100.0,PE,0.0,0.0,0.0,1276.3,1756.86,0,0.0,0,0,2026-10-08
NIFTY,2026-11-23,20150.0,PE,0.0,0.0,0.0,3.3,4.58,0,0.0,0,0,2026-10-08
NIFTY,2026-11-23,20300.0,PE,0.0,0.0,0.0,4.4,7.11,0,0.0,0,0,2026-10-08
NIFTY,2026-11-23,20500.0,PE,39.15,62.85,37.15,58.4,58.4,10578,14131402691.25,495170,162110,2026-10-08
NIFTY,2026-11-23,23150.0,PE,668.6,920.9,658.8,904.7,904.7,2314,3615091746.5,5980,-122525,2026-10-08
NIFTY,2026-11-23,23750.0,PE,0.0,0.0,0.0,1092.5,1403.01,0,0.0,2860,0,2026-10-08
NIFTY,2026-11-23,24650.0,PE,0.0,0.0,0.0,1463.55,2249.08,0,0.0,260,0,2026-10-08
NIFTY,2026-11-23,24950.0,PE,0.0,0.0,0.0,915.05,2542.42,0,0.0,0,0,2026-10-08
NIFTY,2026-11-23,25050.0,PE,2389.75,2671.8,2389.75,2671.8,2671.8,2,3585500.75,65,0,2026-10-08
NIFTY,2026-12-29,20150.0,PE,0.0,0.0,0.0,31.0,21.3,0,0.0,0,0,2026-10-08
NIFTY,2026-12-29,20850.0,PE,0.0,0.0,0.0,105.9,73.58,0,0.0,1690,0,2026-10-08
NIFTY,2026-12-29,21150.0,PE,126.0,177.55,126.0,177.3,177.3,151,209060380.75,3120,-6825,2026-10-08
NIFTY,2026-12-29,21350.0,PE,160.0,210.15,150.0,206.0,206.0,83,116130982.5,1495,-2015,2026-10-08
NIFTY,2026-12-29,21650.0,PE,227.9,274.45,227.2,266.35,266.35,60,85390542.25,8255,-325,2026-10-08
NIFTY,2026-12-29,22000.0,PE,254.0,376.95,250.0,366.1,366.1,21842,31698395004.25,3508805,-92495,2026-10-08
NIFTY,2026-12-29,22050.0,PE,285.0,389.0,276.95,384.6,384.6,103,149894917.25,10465,1755,2026-10-08
NIFTY,2026-12-29,22800.0,PE,524.95,710.0,516.6,695.8,695.8,731,1112099963.0,93990,8970,2026-10-08
NIFTY,2026-12-29,23500.0,PE,914.7,1162.15,900.0,1136.05,1136.05,3191,5085244118.5,122070,-45955,2026-10-08
NIFTY,2027-09-28,22500.0,PE,0.0,0.0,0.0,761.85,728.85,0,0.0,65,0,2026-10-08
NIFTY,2027-09-28,30000.0,PE,0.0,0.0,0.0,5717.3,6178.31,0,0.0,0,0,2026-10-08
NIFTY,2028-12-26,19500.0,PE,0.0,0.0,0.0,49.0,177.14,0,0.0,0,0,2026-10-08
NIFTY,2029-06-26,24000.0,PE,0.0,0.0,0.0,850.0,1145.65,0,0.0,155,0,2026-10-08
NIFTY,2029-06-26,26000.0,PE,0.0,0.0,0.0,1650.0,1955.2,0,0.0,50,0,2026-10-08
NIFTY,2030-12-31,28500.0,PE,0.0,0.0,0.0,1083.1,2494.89,0,0.0,0,0,2026-10-08
NIFTY,2030-12-31,31500.0,PE,0.0,0.0,0.0,1885.5,3982.7,0,0.0,0,0,2026-10-08
NIFTY,2031-06-24,27000.0,PE,0.0,0.0,0.0,1653.15,1736.12,0,0.0,0,0,2026-10-08
NIFTY,2026-11-03,20800.0,CE,0.0,0.0,0.0,2675.3,1523.68,0,0.0,0,0,2026-10-08
NIFTY,2026-11-03,20700.0,CE,0.0,0.0,0.0,2773.55,1621.16,0,0.0,0,0,2026-10-08
NIFTY,2026-11-03,20100.0,CE,0.0,0.0,0.0,3366.5,2214.31,0,0.0,0,0,2026-10-08
NIFTY,2026-10-27,27000.0,CE,0.65,0.9,0.5,0.55,0.55,5809,10195017813.5,972270,-780,2026-10-08
NIFTY,2026-10-27,26000.0,CE,1.25,1.5,0.95,1.15,1.15,5308,8970948025.0,1842360,-9750,2026-10-08
NIFTY,2026-10-13,25050.0,CE,0.9,0.95,0.55,0.65,0.65,2789,4541312863.75,68055,47320,2026-10-08
NIFTY,2026-10-13,20500.0,CE,2020.0,2020.0,1739.0,1739.0,1747.94,5,7263720.75,260,65,2026-10-08
NIFTY,2026-10-27,25450.0,CE,0.0,0.0,0.0,2.55,0.01,0,0.0,6565,0,2026-10-08
NIFTY,2026-10-27,24750.0,CE,2.6,3.7,2.6,3.35,3.35,148,238127275.75,22685,-2275,2026-10-08
NIFTY,2026-10-27,24550.0,CE,3.1,4.5,3.1,4.15,4.15,298,475612962.5,30355,-2860,2026-10-08
NIFTY,2026-10-27,24250.0,CE,4.7,7.25,4.7,5.85,5.85,1030,1623913060.25,110305,-8060,2026-10-08
NIFTY,2026-10-27,24200.0,CE,6.4,6.5,5.4,5.9,5.9,8870,13955886360.0,830700,-54730,2026-10-08
NIFTY,2026-10-27,23950.0,CE,7.8,9.35,7.8,8.25,8.25,1697,2642735004.0,202995,-23140,2026-10-08
NIFTY,2026-10-27,23500.0,CE,28.0,29.05,17.25,17.95,17.95,91993,140639608037.5,9009000,-342225,2026-10-08
NIFTY,2026-10-27,22450.0,CE,344.5,370.0,210.2,220.3,220.3,6517,9624179298.5,129870,46670,2026-10-08
NIFTY,2026-10-27,22000.0,CE,690.0,697.6,459.25,478.45,478.45,22793,33380587912.75,1322425,130910,2026-10-08
NIFTY,2026-10-27,21450.0,CE,0.0,0.0,0.0,1084.5,878.09,0,0.0,65,0,2026-10-08
NIFTY,2026-10-27,21300.0,CE,1088.65,1088.65,1033.25,1033.25,1033.25,18,26164394.75,975,65,2026-10-08
NIFTY,2026-10-27,20750.0,CE,0.0,0.0,0.0,3566.95,1545.83,0,0.0,0,0,2026-10-08
NIFTY,2026-10-19,25200.0,CE,1.0,1.2,0.9,1.05,1.05,425,696177530.75,26325,3770,2026-10-08
NIFTY,2026-10-19,23850.0,CE,3.15,3.3,2.55,2.8,2.8,4965,7697933626.5,148330,40690,2026-10-08
NIFTY,2026-12-29,23200.0,PE,731.95,936.0,731.95,934.05,934.05,65,101566585.25,6955,-1170,2026-10-08
NIFTY,2026-10-19,23800.0,CE,3.85,3.85,2.7,3.0,3.0,17132,26506660124.75,344955,78585,2026-10-08
NIFTY,2026-10-19,23550.0,CE,7.4,8.35,4.75,5.25,5.25,5164,7906601894.75,88660,19305,2026-10-08
NIFTY,2026-10-19,23500.0,CE,8.7,8.75,5.3,5.85,5.85,61559,94055303962.75,1131195,-171405,2026-10-08
NIFTY,2026-10-19,23000.0,CE,52.0,57.6,22.4,23.55,23.55,113401,169759079681.75,1885455,919360,2026-10-08
NIFTY,2026-10-19,22900.0,CE,75.6,81.25,30.75,32.45,32.45,64784,96615863249.75,844480,423735,2026-10-08
NIFTY,2026-10-19,21500.0,CE,1027.8,1027.85,785.3,792.05,792.05,291,422194682.0,7475,5070,2026-10-08
NIFTY,2026-11-03,23250.0,PE,708.55,724.45,708.55,724.45,974.5,2,3115645.0,520,65,2026-10-08
NIFTY,2026-11-03,23250.0,CE,92.1,92.1,57.4,60.1,60.1,80,121260629.75,9165,0,2026-10-08
NIFTY,2026-11-03,23650.0,CE,29.9,30.0,25.7,26.55,26.55,66,101576403.5,4680,3120,2026-10-08
NIFTY,2026-11-03,23700.0,CE,0.0,0.0,0.0,401.3,15.82,0,0.0,0,0,2026-10-08
NIFTY,2026-10-19,22550.0,PE,185.0,399.25,185.0,381.6,381.6,10083,14945780362.5,60320,-39130,2026-10-08
NIFTY,2026-10-19,24200.0,PE,1643.45,1745.0,1643.45,1745.0,1926.32,3,5048946.5,455,65,2026-10-08
NIFTY,2026-10-19,24900.0,PE,0.0,0.0,0.0,1686.55,2625.09,0,0.0,0,0,2026-10-08
NIFTY,2026-10-27,20150.0,PE,9.0,11.9,8.5,9.85,9.85,185,242428696.25,2340,260,2026-10-08
NIFTY,2026-10-27,22100.0,PE,108.0,227.3,107.65,211.7,211.7,28475,41250820403.0,778830,210145,2026-10-08
NIFTY,2026-10-27,23200.0,PE,662.0,951.45,653.25,922.25,922.25,3309,5156099789.75,1920230,-109915,2026-10-08
NIFTY,2026-10-27,23750.0,PE,1460.0,1460.0,1450.0,1452.5,1452.5,4,6552650.0,13910,130,2026-10-08
NIFTY,2026-10-27,24100.0,PE,1502.7,1821.05,1502.7,1797.0,1797.0,158,265573353.5,212290,-8125,2026-10-08
NIFTY,2026-10-27,24750.0,PE,0.0,0.0,0.0,1810.0,2444.29,0,0.0,715,0,2026-10-08
NIFTY,2026-10-27,25800.0,PE,0.0,0.0,0.0,3175.0,3491.09,0,0.0,11960,0,2026-10-08
NIFTY,2026-10-27,27100.0,PE,4643.05,4643.05,4643.05,4643.05,4787.21,1,2063298.25,195,-65,2026-10-08
NIFTY,2026-11-03,21150.0,PE,0.0,0.0,0.0,11.1,22.01,0,0.0,0,0,2026-10-08
NIFTY,2026-11-03,21950.0,PE,107.05,210.8,107.05,199.45,199.45,94,135252318.5,6760,2730,2026-10-08
NIFTY,2026-11-03,23350.0,PE,967.0,1241.15,967.0,1241.15,1062.96,4,6364039.5,325,0,2026-10-08
NIFTY,2026-11-03,23950.0,PE,1480.0,1480.0,1480.0,1480.0,1627.85,6,9917700.0,390,390,2026-10-08
NIFTY,2026-11-09,20150.0,PE,0.0,0.0,0.0,1.3,1.18,0,0.0,0,0,2026-10-08
NIFTY,2026-11-09,20350.0,PE,0.0,0.0,0.0,2.5,2.57,0,0.0,0,0,2026-10-08
NIFTY,2026-10-19,22400.0,PE,128.55,303.55,125.0,282.4,282.4,46510,68367161271.5,392470,32175,2026-10-08
NIFTY,2026-11-09,21100.0,PE,69.9,74.95,69.9,73.7,28.27,15,20643249.25,455,455,2026-10-08
NIFTY,2026-11-09,21850.0,PE,0.0,0.0,0.0,94.6,155.43,0,0.0,0,0,2026-10-08
NIFTY,2026-11-09,22250.0,PE,0.0,0.0,0.0,183.85,305.61,0,0.0,0,0,2026-10-08
NIFTY,2026-11-09,22500.0,PE,293.0,450.0,293.0,450.0,450.0,71,105541208.5,1365,1170,2026-10-08
NIFTY,2026-11-09,23800.0,PE,0.0,0.0,0.0,1029.2,1469.94,0,0.0,0,0,2026-10-08
NIFTY,2026-11-09,24200.0,PE,0.0,0.0,0.0,1362.7,1853.99,0,0.0,0,0,2026-10-08
NIFTY,2026-11-23,20400.0,PE,0.0,0.0,0.0,5.3,9.42,0,0.0,0,0,2026-10-08
NIFTY,2026-11-23,21500.0,PE,103.3,178.25,101.4,170.65,170.65,14318,20149175783.75,921700,140595,2026-10-08
NIFTY,2026-11-23,21700.0,PE,132.05,220.05,127.55,212.9,212.9,2500,3557580581.75,142805,26195,2026-10-08
NIFTY,2026-11-23,23550.0,PE,1000.0,1208.55,1000.0,1198.8,1228.4,33,52935285.0,13390,-1885,2026-10-08
NIFTY,2026-11-23,23700.0,PE,1086.4,1356.95,1086.4,1354.85,1354.85,32,51976372.5,29575,-1235,2026-10-08
NIFTY,2026-11-23,25150.0,PE,0.0,0.0,0.0,1030.25,2739.26,0,0.0,0,0,2026-10-08
NIFTY,2026-11-23,25450.0,PE,0.0,0.0,0.0,1217.0,3035.65,0,0.0,0,0,2026-10-08
NIFTY,2026-11-23,25500.0,PE,2803.0,3049.5,2789.25,3049.5,3085.14,233,429196618.5,347230,13325,2026-10-08
NIFTY,2026-11-23,25700.0,PE,3216.0,3216.0,3216.0,3216.0,3283.25,1,1879540.0,1300,65,2026-10-08
NIFTY,2026-11-23,25950.0,PE,0.0,0.0,0.0,1562.8,3531.13,0,0.0,0,0,2026-10-08
NIFTY,2026-12-29,20950.0,PE,112.0,150.5,103.65,147.4,147.4,177,242532881.5,6955,-3250,2026-10-08
NIFTY,2026-12-29,22700.0,PE,484.55,658.0,476.0,645.2,645.2,795,1201976649.25,43355,2340,2026-10-08
NIFTY,2026-12-29,23100.0,PE,687.95,885.8,687.95,872.9,872.9,41,63610092.0,11440,65,2026-10-08
NIFTY,2026-12-29,23150.0,PE,703.15,703.15,698.75,698.75,933.52,2,3100623.5,6955,0,2026-10-08
NIFTY,2026-12-29,24150.0,PE,1396.45,1611.1,1396.45,1611.1,1708.0,5,8347634.75,2015,195,2026-10-08
NIFTY,2026-12-29,24350.0,PE,0.0,0.0,0.0,1379.6,1882.63,0,0.0,1365,0,2026-10-08
NIFTY,2026-12-29,29000.0,PE,6142.35,6331.7,6101.7,6331.7,6396.01,22,50418972.5,314160,65,2026-10-08
NIFTY,2027-03-30,24000.0,PE,1209.15,1413.9,1168.2,1394.9,1394.9,3088,5079899389.5,855400,8970,2026-10-08
NIFTY,2027-06-29,27000.0,PE,0.0,0.0,0.0,3250.0,3781.6,0,0.0,195,0,2026-10-08
NIFTY,2027-06-29,30000.0,PE,0.0,0.0,0.0,6000.0,6557.63,0,0.0,390,0,2026-10-08
NIFTY,2027-09-28,15000.0,PE,0.0,0.0,0.0,1.15,0.2,0,0.0,0,0,2026-10-08
NIFTY,2027-09-28,21000.0,PE,0.0,0.0,0.0,357.75,301.02,0,0.0,0,0,2026-10-08
NIFTY,2028-06-27,16500.0,PE,0.0,0.0,0.0,3.8,12.98,0,0.0,0,0,2026-10-08
NIFTY,2028-06-27,22500.0,PE,0.0,0.0,0.0,206.95,742.27,0,0.0,0,0,2026-10-08
NIFTY,2028-12-26,16500.0,PE,0.0,0.0,0.0,5.9,20.81,0,0.0,0,0,2026-10-08
NIFTY,2029-06-26,33000.0,PE,0.0,0.0,0.0,3022.85,6384.55,0,0.0,0,0,2026-10-08
NIFTY,2031-06-24,31500.0,PE,0.0,0.0,0.0,3185.85,3659.0,0,0.0,0,0,2026-10-08
NIFTY,2026-10-19,21850.0,PE,33.55,93.95,31.25,82.15,82.15,5761,8204782033.5,62790,14820,2026-10-08
NIFTY,2026-10-19,21600.0,PE,17.6,52.4,16.85,44.75,44.75,24717,34758368287.5,324870,119990,2026-10-08
NIFTY,2026-10-19,20400.0,PE,4.05,7.35,3.45,5.85,5.85,11672,15480901471.75,201435,1820,2026-10-08
NIFTY,2026-10-19,20300.0,PE,3.7,6.5,3.7,5.05,5.05,2642,3486972992.75,55835,44590,2026-10-08
NIFTY,2026-10-13,24950.0,PE,0.0,0.0,0.0,2338.35,2698.56,0,0.0,520,0,2026-10-08
NIFTY,2026-10-13,24700.0,PE,0.0,0.0,0.0,1990.0,2448.75,0,0.0,1365,0,2026-10-08
NIFTY,2026-10-13,23850.0,PE,1591.8,1594.0,1591.8,1594.0,1599.42,10,16537514.5,1625,-650,2026-10-08
NIFTY,2026-10-13,23050.0,PE,531.15,822.55,494.1,809.9,809.9,3727,5747566773.0,74100,-4810,2026-10-08
NIFTY,2026-10-13,22750.0,PE,258.0,539.0,248.0,516.65,516.65,60283,90484636862.75,424515,-285675,2026-10-08
NIFTY,2026-10-13,22450.0,PE,90.5,289.5,81.7,259.95,259.95,1399286,2055505310020.5,1178970,-6175,2026-10-08
NIFTY,2026-10-13,20800.0,PE,1.35,3.35,1.25,2.1,2.1,307734,416101626853.25,1493050,621985,2026-10-08
NIFTY,2026-10-13,20750.0,PE,1.6,3.1,1.3,2.0,2.0,83177,112196995660.75,316940,155415,2026-10-08
NIFTY,2026-10-13,20700.0,PE,1.35,2.95,1.2,1.75,1.75,113225,152358293067.5,1287260,858650,2026-10-08
NIFTY,2026-10-13,20550.0,PE,1.35,2.5,1.05,1.7,1.7,34605,46227344042.75,138840,52910,2026-10-08
NIFTY,2026-10-13,21800.0,PE,6.35,31.5,4.75,25.05,25.05,1000690,1419228872308.0,6751355,2607605,2026-10-08
NIFTY,2026-10-13,20300.0,PE,1.2,2.1,0.9,1.15,1.15,52102,68753101456.0,564330,421265,2026-10-08
NIFTY,2030-12-31,33000.0,CE,0.0,0.0,0.0,3948.25,1198.62,0,0.0,0,0,2026-10-08
NIFTY,2030-06-25,28500.0,CE,0.0,0.0,0.0,5382.85,1948.07,0,0.0,0,0,2026-10-08
NIFTY,2030-06-25,21000.0,CE,0.0,0.0,0.0,10421.65,5647.94,0,0.0,0,0,2026-10-08
NIFTY,2029-06-26,16500.0,CE,0.0,0.0,0.0,12587.95,8146.92,0,0.0,0,0,2026-10-08
NIFTY,2028-12-26,28500.0,CE,0.0,0.0,0.0,3608.65,783.55,0,0.0,0,0,2026-10-08
NIFTY,2028-06-27,27000.0,CE,0.0,0.0,0.0,1935.0,753.81,0,0.0,65,0,2026-10-08
NIFTY,2027-12-28,28500.0,CE,209.9,231.15,200.55,211.9,211.9,68,126894335.75,66885,-325,2026-10-08
NIFTY,2027-12-28,27000.0,CE,335.0,340.0,317.0,327.3,327.3,462,820644409.0,240720,715,2026-10-08
NIFTY,2027-12-28,25500.0,CE,0.0,0.0,0.0,2400.0,722.44,0,0.0,0,0,2026-10-08
NIFTY,2027-09-28,27000.0,CE,0.0,0.0,0.0,529.1,237.85,0,0.0,0,0,2026-10-08
NIFTY,2026-12-29,24400.0,CE,86.6,86.7,68.6,69.65,69.65,1046,1664036643.75,108160,-520,2026-10-08
NIFTY,2026-12-29,23100.0,CE,420.0,420.0,314.35,317.7,317.7,569,867358150.75,21840,4290,2026-10-08
NIFTY,2026-12-29,22850.0,CE,536.05,536.05,409.25,416.55,416.55,63,95519147.75,5330,-1040,2026-10-08
NIFTY,2026-12-29,21900.0,CE,1095.25,1101.9,930.0,947.0,947.0,68,101354743.75,2925,520,2026-10-08
NIFTY,2026-12-29,21350.0,CE,1496.4,1496.4,1368.45,1368.45,1308.8,19,28159329.25,2015,1170,2026-10-08
NIFTY,2026-12-29,20500.0,CE,0.0,0.0,0.0,2568.65,2035.85,0,0.0,0,0,2026-10-08
NIFTY,2026-11-23,26000.0,CE,5.15,5.9,4.4,5.65,5.65,1925,3253927332.5,546585,-21645,2026-10-08
NIFTY,2026-11-23,25400.0,CE,0.0,0.0,0.0,16.15,1.39,0,0.0,780,0,2026-10-08
NIFTY,2026-11-23,25000.0,CE,15.85,15.95,13.95,14.45,14.45,8621,14017399948.5,1024010,-49140,2026-10-08
NIFTY,2026-11-23,24800.0,CE,17.6,18.55,16.5,17.7,17.7,747,1205009068.25,81185,-11765,2026-10-08
NIFTY,2026-11-23,23800.0,CE,78.65,80.0,57.0,58.95,58.95,10196,15815368478.0,449540,24570,2026-10-08
NIFTY,2026-11-23,22550.0,CE,499.45,502.45,364.7,372.9,372.9,543,810200306.5,17615,10595,2026-10-08
NIFTY,2026-11-23,22050.0,CE,664.9,668.6,664.9,666.75,666.75,2,2953177.5,195,0,2026-10-08
NIFTY,2026-11-23,21800.0,CE,1024.0,1024.0,805.95,817.8,817.8,107,157441306.75,4550,4095,2026-10-08
NIFTY,2026-11-23,21600.0,CE,0.0,0.0,0.0,3092.25,921.42,0,0.0,0,0,2026-10-08
NIFTY,2026-11-23,21350.0,CE,0.0,0.0,0.0,3327.35,1120.99,0,0.0,0,0,2026-10-08
NIFTY,2026-11-23,21100.0,CE,0.0,0.0,0.0,3565.5,1335.63,0,0.0,0,0,2026-10-08
NIFTY,2026-11-23,20750.0,CE,0.0,0.0,0.0,3902.65,1654.93,0,0.0,0,0,2026-10-08
NIFTY,2026-11-09,24400.0,CE,11.5,11.6,11.5,11.6,11.6,11,17454284.25,715,715,2026-10-08
NIFTY,2026-11-09,24350.0,CE,0.0,0.0,0.0,55.5,4.88,0,0.0,0,0,2026-10-08
NIFTY,2026-11-09,24300.0,CE,0.0,0.0,0.0,60.55,5.63,0,0.0,0,0,2026-10-08
NIFTY,2026-11-09,23950.0,CE,0.0,0.0,0.0,108.1,14.65,0,0.0,0,0,2026-10-08
NIFTY,2026-11-09,23800.0,CE,0.0,0.0,0.0,136.2,21.42,0,0.0,0,0,2026-10-08
NIFTY,2026-11-09,23500.0,CE,60.0,60.0,50.0,53.15,53.15,366,560391643.5,16445,16445,2026-10-08
NIFTY,2026-11-09,22450.0,CE,401.0,401.0,334.0,344.65,301.88,19,28174942.25,845,845,2026-10-08
NIFTY,2026-11-09,22100.0,CE,0.0,0.0,0.0,942.85,484.1,0,0.0,0,0,2026-10-08
NIFTY,2026-11-09,21800.0,CE,0.0,0.0,0.0,1182.4,682.77,0,0.0,0,0,2026-10-08
NIFTY,2026-11-09,21650.0,CE,0.0,0.0,0.0,1310.2,795.39,0,0.0,0,0,2026-10-08
NIFTY,2026-11-09,21000.0,CE,0.0,0.0,0.0,1907.0,1358.84,0,0.0,0,0,2026-10-08
NIFTY,2026-11-03,25050.0,CE,0.0,0.0,0.0,11.35,0.14,0,0.0,1885,0,2026-10-08
NIFTY,2026-11-03,24650.0,CE,7.0,7.5,7.0,7.5,0.68,7,11218987.0,2470,-65,2026-10-08
NIFTY,2026-11-03,22300.0,CE,510.1,515.0,347.95,354.8,354.8,438,645737966.25,11765,9945,2026-10-08
NIFTY,2026-11-03,21700.0,CE,0.0,0.0,0.0,1813.4,715.7,0,0.0,0,0,2026-10-08
NIFTY,2026-11-03,21400.0,CE,0.0,0.0,0.0,2094.4,964.4,0,0.0,0,0,2026-10-08
NIFTY,2026-10-27,26250.0,CE,0.0,0.0,0.0,2.45,0.01,0,0.0,2015,0,2026-10-08
NIFTY,2026-10-27,25600.0,CE,1.55,2.0,1.55,1.6,1.6,36,59908221.75,40755,-325,2026-10-08
NIFTY,2026-10-27,25550.0,CE,0.0,0.0,0.0,1.6,0.01,0,0.0,1365,0,2026-10-08
NIFTY,2026-10-27,24050.0,CE,8.0,8.2,6.35,7.35,7.35,1731,2706810583.75,219830,-14690,2026-10-08
NIFTY,2026-10-27,22300.0,CE,444.95,470.15,280.0,294.65,294.65,49046,72090359776.5,1463930,681850,2026-10-08
NIFTY,2026-10-27,22150.0,CE,574.3,574.3,364.7,382.9,382.9,686,1005798800.5,37310,21255,2026-10-08
NIFTY,2026-10-27,21550.0,CE,0.0,0.0,0.0,997.3,790.28,0,0.0,65,0,2026-10-08
NIFTY,2026-10-27,20850.0,CE,0.0,0.0,0.0,3471.7,1447.31,0,0.0,0,0,2026-10-08
NIFTY,2026-10-27,20450.0,CE,0.0,0.0,0.0,3854.95,1843.36,0,0.0,0,0,2026-10-08
NIFTY,2026-10-19,25050.0,CE,0.0,0.0,0.0,1.2,0.01,0,0.0,3835,0,2026-10-08
NIFTY,2026-10-19,24950.0,CE,0.0,0.0,0.0,1.25,0.01,0,0.0,715,0,2026-10-08
NIFTY,2026-10-19,24900.0,CE,1.0,3.1,0.95,1.5,1.5,173,280014536.75,9035,2080,2026-10-08
NIFTY,2026-10-19,24250.0,CE,1.5,2.3,1.35,1.6,1.6,1300,2049257788.5,40235,-1625,2026-10-08
NIFTY,2026-10-19,23700.0,CE,4.2,4.45,3.0,3.6,3.6,40526,62439785495.75,653640,35425,2026-10-08
NIFTY,2026-10-19,22750.0,CE,132.4,137.2,50.55,53.05,53.05,18709,27756201528.25,278915,126425,2026-10-08
NIFTY,2026-10-19,22650.0,CE,166.0,174.25,69.25,72.9,72.9,20276,29982176003.0,376220,178295,2026-10-08
NIFTY,2026-10-19,22100.0,CE,527.95,527.95,305.55,320.65,320.65,2555,3726481755.75,50180,46800,2026-10-08
NIFTY,2026-10-19,21700.0,CE,870.2,870.2,611.2,620.85,620.85,38,55263055.25,1560,1365,2026-10-08
NIFTY,2026-10-19,21600.0,CE,878.8,878.8,708.6,711.45,711.45,37,53783934.75,1300,1300,2026-10-08
NIFTY,2026-10-19,20250.0,CE,0.0,0.0,0.0,2979.9,2016.86,0,0.0,0,0,2026-10-08
NIFTY,2026-10-13,25200.0,CE,0.65,0.9,0.5,0.7,0.7,3984,6525964087.5,78780,25610,2026-10-08
NIFTY,2026-10-13,24700.0,CE,0.95,1.2,0.6,0.85,0.85,25267,40567528677.0,184860,-35880,2026-10-08
NIFTY,2026-10-13,24600.0,CE,0.95,1.25,0.7,0.9,0.9,26564,42477386227.25,251095,-64675,2026-10-08
NIFTY,2026-10-13,24350.0,CE,0.9,1.45,0.75,0.95,0.95,19070,30184295261.25,91325,6630,2026-10-08
NIFTY,2026-10-13,24050.0,CE,0.95,1.5,0.8,1.05,1.05,82057,128281278635.25,868400,35490,2026-10-08
NIFTY,2026-10-13,23950.0,CE,1.2,1.7,0.65,1.3,1.3,53313,82999233196.75,893295,148395,2026-10-08
NIFTY,2026-10-13,23600.0,CE,1.6,2.15,1.3,1.65,1.65,426476,654260861403.5,4393480,488150,2026-10-08
NIFTY,2026-10-13,22550.0,CE,148.75,151.45,35.0,38.0,38.0,1271874,1870605529247.0,4750070,3395535,2026-10-08
NIFTY,2026-10-13,21300.0,CE,1185.8,1185.8,952.0,952.0,952.0,56,81376782.5,2795,2730,2026-10-08
NIFTY,2026-10-13,20550.0,CE,0.0,0.0,0.0,3200.0,1697.98,0,0.0,0,0,2026-10-08
NIFTY,2026-10-13,20200.0,CE,0.0,0.0,0.0,3547.7,2047.7,0,0.0,0,0,2026-10-08
NIFTY,2026-11-09,20950.0,PE,0.0,0.0,0.0,13.6,18.59,0,0.0,0,0,2026-10-08
NIFTY,2026-12-29,22950.0,PE,646.4,804.55,646.4,804.55,804.28,12,18476302.0,15665,130,2026-10-08
NIFTY,2026-10-13,20450.0,CE,0.0,0.0,0.0,3299.3,1797.9,0,0.0,0,0,2026-10-08
NIFTY,2026-10-13,21400.0,CE,961.85,971.5,842.0,860.65,860.65,70,101633083.5,2470,2210,2026-10-08
NIFTY,2026-10-13,21550.0,CE,725.75,739.1,688.8,705.65,705.65,123,177946824.25,4550,4420,2026-10-08
NIFTY,2026-10-13,22700.0,CE,70.0,83.65,17.45,18.95,18.95,1688489,2495469448381.0,12521535,3912480,2026-10-08
NIFTY,2026-10-13,24000.0,CE,1.1,1.65,0.9,1.25,1.25,549841,857794443483.25,13889265,5384795,2026-10-08
NIFTY,2026-10-13,25000.0,CE,0.65,0.95,0.55,0.7,0.7,47709,77529329192.25,1317030,162240,2026-10-08
NIFTY,2026-10-19,20550.0,CE,0.0,0.0,0.0,2682.75,1717.41,0,0.0,0,0,2026-10-08
NIFTY,2026-10-19,20950.0,CE,0.0,0.0,0.0,2289.2,1318.73,0,0.0,0,0,2026-10-08
NIFTY,2026-10-19,22300.0,CE,375.0,389.7,191.5,201.45,201.45,50401,73849205303.25,597285,570765,2026-10-08
NIFTY,2026-10-19,23100.0,CE,30.0,41.05,16.1,17.1,17.1,74471,111922256780.75,604110,160355,2026-10-08
NIFTY,2026-10-27,21800.0,CE,841.0,841.0,603.0,621.2,621.2,854,1246541819.25,38675,18330,2026-10-08
NIFTY,2026-10-27,23250.0,CE,55.05,57.4,30.1,31.25,31.25,7661,11596724113.0,301860,53170,2026-10-08
NIFTY,2026-10-27,24500.0,CE,4.25,4.8,3.65,4.35,4.35,22824,36353696450.5,2340455,67210,2026-10-08
NIFTY,2026-10-27,27200.0,CE,0.7,0.7,0.6,0.65,0.65,49,86634099.5,57070,0,2026-10-08
NIFTY,2026-11-03,20550.0,CE,0.0,0.0,0.0,2921.3,1768.44,0,0.0,0,0,2026-10-08
NIFTY,2026-11-03,21200.0,CE,0.0,0.0,0.0,2285.9,1144.05,0,0.0,0,0,2026-10-08
NIFTY,2026-11-03,23900.0,CE,22.8,22.8,16.1,17.55,17.55,85,132148497.0,8710,-195,2026-10-08
NIFTY,2026-11-09,20550.0,CE,0.0,0.0,0.0,2343.7,1790.39,0,0.0,0,0,2026-10-08
NIFTY,2026-11-09,20600.0,CE,0.0,0.0,0.0,2294.65,1741.62,0,0.0,0,0,2026-10-08
NIFTY,2026-11-09,20950.0,CE,0.0,0.0,0.0,1954.9,1405.73,0,0.0,0,0,2026-10-08
NIFTY,2026-11-09,21100.0,CE,0.0,0.0,0.0,1811.8,1266.17,0,0.0,0,0,2026-10-08
NIFTY,2026-11-09,21500.0,CE,0.0,0.0,0.0,1442.45,915.7,0,0.0,0,0,2026-10-08
NIFTY,2026-11-09,22700.0,CE,253.55,254.0,224.75,228.15,228.15,130,193868415.0,4290,4290,2026-10-08
NIFTY,2026-11-23,25500.0,CE,9.35,9.6,8.1,8.5,8.5,2886,4785155433.5,407160,1300,2026-10-08
NIFTY,2026-11-23,26100.0,CE,4.2,5.05,4.0,4.8,4.8,152,257912911.75,31655,-585,2026-10-08
NIFTY,2026-12-29,20050.0,CE,0.0,0.0,0.0,2986.45,2456.58,0,0.0,0,0,2026-10-08
NIFTY,2026-12-29,22300.0,CE,850.05,857.8,686.45,690.9,690.9,622,931426216.5,36335,16510,2026-10-08
NIFTY,2026-12-29,22550.0,CE,598.8,613.55,553.7,562.75,548.23,75,112761447.5,4680,3640,2026-10-08
NIFTY,2026-12-29,23550.0,CE,246.7,246.7,186.2,190.3,190.3,169,261032408.0,14235,-325,2026-10-08
NIFTY,2027-06-29,22500.0,CE,1436.75,1437.1,1305.6,1338.25,1338.25,359,556884282.5,19045,18980,2026-10-08
NIFTY,2027-06-29,28500.0,CE,0.0,0.0,0.0,1711.9,38.2,0,0.0,0,0,2026-10-08
NIFTY,2027-12-28,21000.0,CE,0.0,0.0,0.0,4902.4,2988.71,0,0.0,0,0,2026-10-08
NIFTY,2027-12-28,24000.0,CE,1452.05,1497.3,1308.05,1316.2,1316.2,693,1142089081.25,169065,-9555,2026-10-08
NIFTY,2028-06-27,24000.0,CE,0.0,0.0,0.0,3918.85,1795.45,0,0.0,0,0,2026-10-08
NIFTY,2030-06-25,24000.0,CE,0.0,0.0,0.0,8591.55,3850.61,0,0.0,0,0,2026-10-08
NIFTY,2026-10-13,20950.0,PE,1.65,4.2,1.55,2.95,2.95,102713,139887956048.75,318500,218855,2026-10-08
NIFTY,2026-10-13,21250.0,PE,2.1,6.7,1.95,4.55,4.55,168342,232567995279.75,638170,304655,2026-10-08
NIFTY,2026-10-13,23750.0,PE,1282.0,1477.05,1203.35,1477.05,1499.5,44,71628667.5,3770,-325,2026-10-08
NIFTY,2026-10-19,22500.0,PE,174.9,366.1,166.35,346.85,346.85,51153,75626333230.5,691275,166595,2026-10-08
NIFTY,2026-10-19,24350.0,PE,0.0,0.0,0.0,1202.45,2076.05,0,0.0,0,0,2026-10-08
NIFTY,2026-10-19,24450.0,PE,0.0,0.0,0.0,1286.65,2175.87,0,0.0,0,0,2026-10-08
NIFTY,2026-10-27,22600.0,PE,289.2,478.9,267.8,457.75,457.75,42688,63742958282.25,1420055,-293995,2026-10-08
NIFTY,2026-10-27,25000.0,PE,2387.35,2709.0,2374.55,2678.95,2678.95,2671,4792710201.5,2198755,32500,2026-10-08
NIFTY,2026-10-27,25150.0,PE,2562.3,2815.85,2562.3,2815.85,2815.85,2,3619079.75,260,0,2026-10-08
NIFTY,2026-11-03,21750.0,PE,86.85,159.0,86.85,150.75,150.75,51,72576851.75,2730,650,2026-10-08
NIFTY,2026-11-03,24800.0,PE,0.0,0.0,0.0,1405.5,2467.21,0,0.0,0,0,2026-10-08
NIFTY,2026-11-09,20550.0,PE,0.0,0.0,0.0,4.55,5.26,0,0.0,0,0,2026-10-08
NIFTY,2026-11-09,20650.0,PE,0.0,0.0,0.0,6.1,7.36,0,0.0,0,0,2026-10-08
NIFTY,2026-11-23,23650.0,PE,1138.85,1202.5,1138.85,1202.5,1314.82,8,12919162.75,8190,-520,2026-10-08
NIFTY,2026-11-23,25750.0,PE,0.0,0.0,0.0,1419.55,3332.81,0,0.0,0,0,2026-10-08
NIFTY,2026-12-29,19000.0,PE,29.85,41.0,28.8,39.05,39.05,4921,6088766017.75,1215040,195,2026-10-08
NIFTY,2026-12-29,20000.0,PE,55.25,76.0,55.0,72.5,72.5,10927,14252915872.0,1848235,27885,2026-10-08
NIFTY,2026-12-29,20600.0,PE,105.55,105.55,105.55,105.55,105.55,1,1345860.75,1560,0,2026-10-08
NIFTY,2026-12-29,21050.0,PE,124.95,161.75,117.85,161.25,161.25,131,180465080.25,3120,-1235,2026-10-08
NIFTY,2026-12-29,21500.0,PE,166.95,243.6,162.0,236.4,236.4,9397,13262526403.75,514150,189605,2026-10-08
NIFTY,2026-12-29,22750.0,PE,504.5,653.95,493.7,653.95,685.29,179,271145741.75,23595,9360,2026-10-08
NIFTY,2026-12-29,22900.0,PE,566.85,774.0,565.95,760.35,760.35,174,266408860.25,37180,-1560,2026-10-08
NIFTY,2026-12-29,24000.0,PE,1308.7,1565.0,1258.0,1541.25,1541.25,3435,5682049766.25,2077890,-33590,2026-10-08
NIFTY,2027-03-30,19500.0,PE,87.9,105.55,84.8,104.0,104.0,3176,4045478541.0,543790,16575,2026-10-08
NIFTY,2027-03-30,21000.0,PE,207.95,257.65,200.8,254.0,254.0,5385,7430987752.5,1118780,5980,2026-10-08
NIFTY,2027-09-28,27000.0,PE,0.0,0.0,0.0,3265.0,3537.53,0,0.0,0,0,2026-10-08
NIFTY,2027-12-28,30000.0,PE,5166.55,5389.9,5166.55,5389.9,5828.45,17,39042669.25,7280,520,2026-10-08
NIFTY,2028-12-26,24000.0,PE,1300.0,1850.0,1300.0,1346.35,1346.35,12,19831584.5,4920,110,2026-10-08
NIFTY,2030-06-25,21000.0,PE,0.0,0.0,0.0,220.0,376.97,0,0.0,65,0,2026-10-08
NIFTY,2031-06-24,22500.0,PE,0.0,0.0,0.0,663.6,574.22,0,0.0,0,0,2026-10-08
NIFTY,2026-11-03,20600.0,CE,0.0,0.0,0.0,2872.0,1719.23,0,0.0,0,0,2026-10-08
NIFTY,2026-11-03,20750.0,CE,0.0,0.0,0.0,2724.4,1572.33,0,0.0,0,0,2026-10-08
NIFTY,2026-11-03,21050.0,CE,0.0,0.0,0.0,2431.1,1283.93,0,0.0,0,0,2026-10-08
NIFTY,2026-11-03,21450.0,CE,0.0,0.0,0.0,2046.95,921.01,0,0.0,0,0,2026-10-08
NIFTY,2026-11-03,21850.0,CE,0.0,0.0,0.0,1676.7,603.52,0,0.0,0,0,2026-10-08
NIFTY,2026-11-03,22250.0,CE,543.6,543.6,376.3,384.6,384.6,617,908604238.75,24765,23725,2026-10-08
NIFTY,2026-11-03,22400.0,CE,455.0,455.05,297.45,305.25,305.25,520,768848463.5,13390,5850,2026-10-08
NIFTY,2026-11-03,22650.0,CE,308.15,308.15,195.0,200.55,200.55,340,505660587.25,14950,5460,2026-10-08
NIFTY,2026-11-03,23000.0,CE,154.45,165.55,99.5,103.9,103.9,2963,4451861774.75,102310,53885,2026-10-08
NIFTY,2026-11-03,24050.0,CE,12.2,14.0,12.2,12.5,5.51,48,75076823.25,1755,1755,2026-10-08
NIFTY,2026-11-03,24700.0,CE,8.4,8.6,5.75,8.0,8.0,479,769269156.5,24830,975,2026-10-08
NIFTY,2026-11-09,20850.0,CE,0.0,0.0,0.0,2051.25,1500.47,0,0.0,0,0,2026-10-08
NIFTY,2026-11-09,21050.0,CE,0.0,0.0,0.0,1859.3,1312.31,0,0.0,0,0,2026-10-08
NIFTY,2026-11-09,23200.0,CE,0.0,0.0,0.0,309.6,82.25,0,0.0,0,0,2026-10-08
NIFTY,2026-11-09,23600.0,CE,0.0,0.0,0.0,182.15,34.6,0,0.0,0,0,2026-10-08
NIFTY,2026-11-09,24450.0,CE,10.25,13.85,9.5,10.75,10.75,24,38159527.25,910,910,2026-10-08
NIFTY,2026-11-09,24500.0,CE,10.65,12.95,9.8,11.2,11.2,106,168881761.75,2470,2470,2026-10-08
NIFTY,2026-11-23,20200.0,CE,0.0,0.0,0.0,4438.3,2182.97,0,0.0,0,0,2026-10-08
NIFTY,2026-11-23,21250.0,CE,0.0,0.0,0.0,3422.3,1205.23,0,0.0,0,0,2026-10-08
NIFTY,2026-11-23,21700.0,CE,0.0,0.0,0.0,2999.2,846.56,0,0.0,0,0,2026-10-08
NIFTY,2026-11-23,21950.0,CE,0.0,0.0,0.0,2769.65,673.49,0,0.0,0,0,2026-10-08
NIFTY,2026-11-23,22250.0,CE,694.7,695.0,515.0,527.85,527.85,275,407319831.75,8060,7085,2026-10-08
NIFTY,2026-11-23,22600.0,CE,485.45,487.0,343.55,356.35,356.35,14368,21446800956.75,587470,503620,2026-10-08
NIFTY,2026-11-23,23050.0,CE,259.1,259.1,184.8,191.15,191.15,588,889076464.25,24050,4030,2026-10-08
NIFTY,2026-11-23,23350.0,CE,168.15,168.2,116.6,117.9,117.9,663,1012026856.75,35295,-14495,2026-10-08
NIFTY,2026-11-23,23600.0,CE,111.4,113.15,77.8,80.35,80.35,6032,9287920999.5,243100,12220,2026-10-08
NIFTY,2026-11-23,23850.0,CE,74.8,74.8,52.1,52.85,52.85,268,416523607.5,21970,5785,2026-10-08
NIFTY,2026-11-23,24100.0,CE,47.0,48.65,35.45,37.7,37.7,2942,4616230320.0,175435,-22230,2026-10-08
NIFTY,2026-11-23,24550.0,CE,27.2,36.7,19.05,28.9,28.9,36,57506250.75,6500,-65,2026-10-08
NIFTY,2026-11-23,24750.0,CE,17.5,19.25,14.6,18.2,18.2,19,30587865.75,13000,-520,2026-10-08
NIFTY,2026-11-23,24900.0,CE,17.4,22.45,12.05,15.5,15.5,220,356292927.25,7475,3640,2026-10-08
NIFTY,2026-11-23,25350.0,CE,0.0,0.0,0.0,15.0,1.58,0,0.0,455,0,2026-10-08
NIFTY,2026-12-29,15000.0,CE,0.0,0.0,0.0,5977.65,7424.32,0,0.0,0,0,2026-10-08
NIFTY,2026-12-29,16500.0,CE,0.0,0.0,0.0,10405.0,5943.57,0,0.0,0,0,2026-10-08
NIFTY,2026-12-29,20450.0,CE,0.0,0.0,0.0,2614.3,2081.71,0,0.0,0,0,2026-10-08
NIFTY,2026-12-29,23200.0,CE,363.7,372.4,281.3,287.1,287.1,1500,2291794953.5,66040,28145,2026-10-08
NIFTY,2026-12-29,23600.0,CE,233.55,234.25,175.9,178.9,178.9,1404,2171517198.5,45370,-2405,2026-10-08
NIFTY,2026-12-29,24100.0,CE,118.95,118.95,97.35,99.25,99.25,442,695509171.5,27755,8450,2026-10-08
NIFTY,2026-12-29,24250.0,CE,101.15,101.15,80.85,82.0,82.0,171,270540234.25,23790,-2275,2026-10-08
NIFTY,2026-12-29,24500.0,CE,72.0,74.8,54.75,61.7,61.7,6015,9604922983.5,143130,127985,2026-10-08
NIFTY,2026-12-29,29000.0,CE,5.25,5.9,5.1,5.6,5.6,178,335592591.75,389965,-4225,2026-10-08
NIFTY,2027-03-30,19500.0,CE,3587.0,3587.0,3349.95,3350.0,3288.98,8,11921328.25,2470,130,2026-10-08
NIFTY,2027-12-28,15000.0,CE,0.0,0.0,0.0,7931.05,8250.14,0,0.0,0,0,2026-10-08
NIFTY,2028-12-26,15000.0,CE,0.0,0.0,0.0,11381.75,9033.49,0,0.0,0,0,2026-10-08
NIFTY,2029-06-26,18000.0,CE,0.0,0.0,0.0,11678.65,6916.51,0,0.0,0,0,2026-10-08
NIFTY,2029-06-26,19500.0,CE,0.0,0.0,0.0,10206.95,5744.06,0,0.0,0,0,2026-10-08
NIFTY,2029-06-26,24000.0,CE,0.0,0.0,0.0,8085.35,2849.65,0,0.0,0,0,2026-10-08
NIFTY,2029-06-26,27000.0,CE,0.0,0.0,0.0,6570.4,1587.84,0,0.0,0,0,2026-10-08
NIFTY,2029-12-24,30000.0,CE,1375.0,1375.0,1306.65,1340.85,1340.85,2,4074307.25,13605,-65,2026-10-08
NIFTY,2030-06-25,18000.0,CE,0.0,0.0,0.0,12423.9,7789.52,0,0.0,0,0,2026-10-08
NIFTY,2030-06-25,22500.0,CE,0.0,0.0,0.0,9012.4,4699.05,0,0.0,0,0,2026-10-08
NIFTY,2030-06-25,30000.0,CE,0.0,0.0,0.0,5580.35,1514.21,0,0.0,0,0,2026-10-08
NIFTY,2030-12-31,21000.0,CE,0.0,0.0,0.0,10552.5,6133.47,0,0.0,0,0,2026-10-08
NIFTY,2026-10-13,20100.0,PE,1.0,1.85,0.8,1.1,1.1,89183,116524879848.0,3567525,-152295,2026-10-08
NIFTY,2026-10-13,20850.0,PE,1.5,3.65,1.35,2.45,2.45,117811,159682757656.5,197665,66950,2026-10-08
NIFTY,2026-10-13,21650.0,PE,4.3,18.0,3.75,13.85,13.85,387798,546019601835.5,2543840,1834820,2026-10-08
NIFTY,2026-10-13,22600.0,PE,180.0,407.1,150.0,379.0,379.0,946676,1404796280189.25,2711540,-3539055,2026-10-08
NIFTY,2026-10-19,20200.0,PE,3.7,5.85,2.9,4.5,4.5,2417,3174214039.75,35620,30810,2026-10-08
NIFTY,2026-10-19,20950.0,PE,5.65,13.4,5.0,10.9,10.9,1496,2038149451.0,20280,12480,2026-10-08
NIFTY,2026-10-19,21250.0,PE,8.9,23.75,8.1,19.35,19.35,4918,6797852480.25,60320,7085,2026-10-08
NIFTY,2026-10-19,21550.0,PE,15.8,46.4,15.0,39.75,39.75,7277,10209047270.5,115765,69615,2026-10-08
NIFTY,2026-10-19,21950.0,PE,39.6,118.25,39.6,103.15,103.15,7650,10956268934.0,85995,15080,2026-10-08
NIFTY,2026-10-19,22700.0,PE,279.95,510.0,261.5,489.1,489.1,13482,20215271293.75,412945,16900,2026-10-08
NIFTY,2026-10-19,22750.0,PE,299.0,548.5,291.55,529.15,529.15,1538,2311507435.25,65975,-2080,2026-10-08
NIFTY,2026-10-19,23150.0,PE,795.0,894.55,795.0,894.55,894.55,152,237024466.25,10660,8385,2026-10-08
NIFTY,2026-10-19,23600.0,PE,1291.15,1345.1,1291.15,1345.1,1345.1,2,3239356.25,3315,-65,2026-10-08
NIFTY,2026-10-27,21550.0,PE,37.85,87.65,37.35,80.95,80.95,1178,1655206273.5,49660,21060,2026-10-08
NIFTY,2026-10-27,21950.0,PE,84.95,176.9,79.85,164.7,164.7,3755,5389969084.5,93665,19760,2026-10-08
NIFTY,2026-10-27,22200.0,PE,130.35,267.5,130.35,245.45,245.45,106758,155665580918.25,3292315,1804595,2026-10-08
NIFTY,2026-10-27,24050.0,PE,1757.0,1757.0,1726.6,1726.6,1747.83,2,3352934.0,3965,-65,2026-10-08
NIFTY,2026-10-27,24200.0,PE,1664.2,1918.0,1620.0,1885.05,1885.05,233,394301362.0,366535,-12805,2026-10-08
NIFTY,2026-10-27,24850.0,PE,0.0,0.0,0.0,2096.95,2543.97,0,0.0,1365,0,2026-10-08
NIFTY,2026-10-27,25400.0,PE,0.0,0.0,0.0,2600.0,3092.29,0,0.0,8840,0,2026-10-08
NIFTY,2026-10-27,25450.0,PE,0.0,0.0,0.0,1850.0,3142.14,0,0.0,325,0,2026-10-08
NIFTY,2026-10-27,26150.0,PE,0.0,0.0,0.0,2950.0,3840.05,0,0.0,195,0,2026-10-08
NIFTY,2026-10-27,26300.0,PE,0.0,0.0,0.0,3650.45,3989.6,0,0.0,34970,0,2026-10-08
NIFTY,2026-11-03,20200.0,PE,18.0,18.0,18.0,18.0,0.57,1,1314170.0,65,65,2026-10-08
NIFTY,2026-11-03,21500.0,PE,54.3,110.7,54.3,104.45,104.45,916,1285237398.25,28795,-5980,2026-10-08
NIFTY,2026-11-03,21600.0,PE,70.0,128.1,69.75,122.4,122.4,208,293497009.0,10530,1365,2026-10-08
NIFTY,2026-11-03,21700.0,PE,79.0,146.2,77.95,141.15,141.15,395,560194176.75,22165,1625,2026-10-08
NIFTY,2026-11-03,22200.0,PE,171.45,299.95,169.0,290.4,290.4,515,751780695.25,15015,4550,2026-10-08
NIFTY,2026-11-03,23100.0,PE,646.3,864.0,645.1,864.0,864.0,37,57226256.75,5005,-65,2026-10-08
NIFTY,2026-11-03,24150.0,PE,0.0,0.0,0.0,898.65,1823.48,0,0.0,0,0,2026-10-08
NIFTY,2026-11-03,24850.0,PE,0.0,0.0,0.0,1448.0,2516.94,0,0.0,0,0,2026-10-08
NIFTY,2026-11-09,20250.0,PE,0.0,0.0,0.0,1.85,1.76,0,0.0,0,0,2026-10-08
NIFTY,2026-11-09,20850.0,PE,0.0,0.0,0.0,10.5,13.83,0,0.0,0,0,2026-10-08
NIFTY,2026-11-09,21600.0,PE,88.55,99.9,88.5,99.9,94.27,5,7049890.25,195,-130,2026-10-08
NIFTY,2026-11-09,22700.0,PE,0.0,0.0,0.0,360.0,558.83,0,0.0,130,0,2026-10-08
NIFTY,2026-11-09,22800.0,PE,0.0,0.0,0.0,389.45,626.72,0,0.0,0,0,2026-10-08
NIFTY,2026-11-09,23000.0,PE,615.0,615.0,615.0,615.0,773.69,1,1534975.0,195,0,2026-10-08
NIFTY,2026-11-09,23050.0,PE,0.0,0.0,0.0,518.1,812.57,0,0.0,0,0,2026-10-08
NIFTY,2026-11-09,23750.0,PE,0.0,0.0,0.0,990.05,1422.99,0,0.0,0,0,2026-10-08
NIFTY,2026-11-09,23950.0,PE,0.0,0.0,0.0,1150.3,1612.42,0,0.0,0,0,2026-10-08
NIFTY,2026-11-23,20950.0,PE,78.05,101.25,78.05,89.65,89.65,59,80686628.75,3380,2730,2026-10-08
NIFTY,2026-11-23,21100.0,PE,69.0,113.0,65.45,106.6,106.6,745,1026235197.0,39000,3575,2026-10-08
NIFTY,2026-11-23,22050.0,PE,202.35,319.3,199.9,315.6,315.6,190,275494696.75,17485,2470,2026-10-08
NIFTY,2026-11-23,23600.0,PE,1047.55,1291.25,1038.5,1291.25,1291.25,160,257438684.75,32890,-7930,2026-10-08
NIFTY,2026-11-23,24000.0,PE,1362.15,1640.0,1345.3,1624.25,1624.25,385,639633143.5,298675,2340,2026-10-08
NIFTY,2026-11-23,25300.0,PE,0.0,0.0,0.0,1600.0,2887.33,0,0.0,65,0,2026-10-08
NIFTY,2026-11-23,26050.0,PE,0.0,0.0,0.0,1637.9,3630.33,0,0.0,0,0,2026-10-08
NIFTY,2026-12-29,16500.0,PE,10.5,15.75,10.5,14.35,14.35,75,80500927.0,7670,1885,2026-10-08
NIFTY,2026-12-29,18000.0,PE,20.55,28.95,20.25,28.25,28.25,7852,9199736793.0,1275840,171535,2026-10-08
NIFTY,2026-12-29,20550.0,PE,100.8,108.1,100.8,108.0,108.0,44,59070339.25,2470,2470,2026-10-08
NIFTY,2026-12-29,21300.0,PE,147.9,203.05,140.05,197.8,197.8,336,468953030.0,11635,-260,2026-10-08
NIFTY,2026-12-29,21950.0,PE,259.2,354.2,259.2,348.5,348.5,94,136026504.25,10985,455,2026-10-08
NIFTY,2026-12-29,22150.0,PE,294.55,420.1,294.55,408.3,408.3,61,89250762.25,8970,520,2026-10-08
NIFTY,2026-12-29,22650.0,PE,457.6,640.55,457.6,626.7,626.7,468,707534148.75,31330,23400,2026-10-08
NIFTY,2026-12-29,23000.0,PE,627.0,827.85,599.2,813.85,813.85,11068,17080428781.0,2545170,-138400,2026-10-08
NIFTY,2026-12-29,23300.0,PE,838.0,1009.5,836.0,1005.85,1005.85,24,37830113.75,2730,-325,2026-10-08
NIFTY,2026-12-29,23750.0,PE,1285.0,1285.0,1285.0,1285.0,1375.86,1,1627275.0,2730,-65,2026-10-08
NIFTY,2026-12-29,26000.0,PE,3100.0,3415.0,3100.0,3393.1,3393.1,1454,2769250250.0,1579355,-38370,2026-10-08
NIFTY,2027-03-30,27000.0,PE,3639.0,3929.4,3639.0,3906.2,3906.2,173,346404080.75,82095,65,2026-10-08
NIFTY,2027-09-28,18000.0,PE,0.0,0.0,0.0,40.2,20.34,0,0.0,0,0,2026-10-08
NIFTY,2027-12-28,21000.0,PE,430.7,475.95,408.25,472.45,472.45,439,611993710.25,85735,-1820,2026-10-08
NIFTY,2028-06-27,33000.0,PE,0.0,0.0,0.0,3707.8,7744.76,0,0.0,0,0,2026-10-08
NIFTY,2028-12-26,15000.0,PE,0.0,0.0,0.0,22.25,4.74,0,0.0,0,0,2026-10-08
NIFTY,2028-12-26,23000.0,PE,1024.95,1046.85,1001.0,1025.95,1025.95,6,9370260.25,3085,175,2026-10-08
NIFTY,2029-06-26,16500.0,PE,0.0,0.0,0.0,8.1,27.98,0,0.0,0,0,2026-10-08
NIFTY,2029-12-24,21000.0,PE,0.0,0.0,0.0,418.05,385.45,0,0.0,1885,0,2026-10-08
NIFTY,2029-12-24,22500.0,PE,0.0,0.0,0.0,225.7,671.62,0,0.0,0,0,2026-10-08
NIFTY,2026-10-27,24400.0,CE,4.8,5.25,4.1,4.8,4.8,4422,7014649187.0,301145,-33605,2026-10-08
NIFTY,2026-10-27,24100.0,CE,8.55,8.55,6.35,6.85,6.85,6958,10902793872.75,569855,-17550,2026-10-08
NIFTY,2026-10-27,23850.0,CE,11.0,11.0,8.85,9.15,9.15,1282,1988212047.25,124995,-2990,2026-10-08
NIFTY,2026-10-27,23200.0,CE,52.75,65.8,34.0,35.4,35.4,76456,115505989569.75,2872090,115960,2026-10-08
NIFTY,2026-10-27,22650.0,CE,261.5,261.5,135.3,143.45,143.45,8077,11984473046.0,300625,58565,2026-10-08
NIFTY,2026-10-27,22600.0,CE,251.55,285.05,150.55,159.05,159.05,60952,90307173502.0,2205190,415285,2026-10-08
NIFTY,2026-10-27,22100.0,CE,586.25,607.55,394.65,413.4,413.4,2972,4352891357.75,113295,53690,2026-10-08
NIFTY,2026-10-27,24900.0,CE,1.8,3.3,1.8,2.95,2.95,2831,4582513432.25,133445,-62140,2026-10-08
NIFTY,2026-10-13,22800.0,CE,46.25,52.8,11.3,12.35,12.35,1377271,2043181316686.25,10453820,996450,2026-10-08
NIFTY,2026-10-13,22850.0,CE,38.55,41.4,9.1,9.95,9.95,631447,938557417011.5,4661800,1709695,2026-10-08
NIFTY,2026-10-13,22950.0,CE,22.85,24.25,6.4,7.15,7.15,541043,807468831617.5,3219970,1387490,2026-10-08
NIFTY,2026-10-13,23050.0,CE,11.0,13.8,4.6,5.3,5.3,466221,698727219115.25,2366780,-239785,2026-10-08
NIFTY,2026-10-13,24750.0,CE,0.9,1.1,0.6,0.8,0.8,2294,3690593484.5,39325,13065,2026-10-08
NIFTY,2026-10-13,24800.0,CE,1.0,2.55,0.55,0.7,0.7,49024,79029019790.5,511940,353925,2026-10-08
NIFTY,2026-10-13,24950.0,CE,0.8,1.05,0.5,0.75,0.75,2289,3712295245.75,47320,11440,2026-10-08
NIFTY,2026-10-19,20100.0,CE,0.0,0.0,0.0,3128.8,2166.6,0,0.0,0,0,2026-10-08
NIFTY,2026-10-19,21900.0,CE,628.0,638.0,446.45,463.5,463.5,651,946854314.25,18785,18005,2026-10-08
NIFTY,2026-10-19,22400.0,CE,297.35,317.75,146.0,154.45,154.45,40539,59514878803.25,514475,474370,2026-10-08
NIFTY,2026-10-19,22450.0,CE,282.25,285.7,127.5,134.1,134.1,15838,23295690925.0,198835,164775,2026-10-08
NIFTY,2026-10-19,23200.0,CE,23.0,28.25,11.7,12.35,12.35,73957,111601289650.5,878215,76830,2026-10-08
NIFTY,2026-10-19,23900.0,CE,2.05,9.25,2.05,2.45,2.45,21089,32765230377.75,611390,426140,2026-10-08
NIFTY,2026-10-19,24350.0,CE,2.4,2.4,1.3,1.4,1.4,79,125045813.75,975,-520,2026-10-08
NIFTY,2026-10-19,24500.0,CE,1.4,1.75,1.4,1.65,1.65,13878,22102179430.5,517400,278265,2026-10-08
NIFTY,2026-10-19,24650.0,CE,1.65,1.85,1.35,1.55,1.55,20,32047083.25,1105,520,2026-10-08
NIFTY,2026-10-19,24850.0,CE,1.3,1.3,1.0,1.25,1.25,22,35537320.0,1625,-130,2026-10-08
NIFTY,2026-10-19,25150.0,CE,1.1,1.45,0.9,0.95,0.95,50,81741097.75,5915,2080,2026-10-08
NIFTY,2026-10-27,20100.0,CE,0.0,0.0,0.0,2500.0,2191.93,0,0.0,1235,0,2026-10-08
NIFTY,2026-10-27,20800.0,CE,1550.0,1550.0,1550.0,1550.0,1496.51,1,1452750.0,65,0,2026-10-08
NIFTY,2026-10-27,20900.0,CE,1470.0,1470.0,1470.0,1470.0,1398.25,1,1454050.0,260,-65,2026-10-08
NIFTY,2026-10-27,21900.0,CE,729.1,729.1,531.35,541.2,541.2,390,569439048.75,65065,10400,2026-10-08
NIFTY,2026-10-27,21950.0,CE,727.85,727.85,492.75,514.0,514.0,314,458972605.0,18915,11245,2026-10-08
NIFTY,2026-10-27,22050.0,CE,632.5,636.75,427.1,447.95,447.95,427,625541283.25,24050,14820,2026-10-08
NIFTY,2026-10-27,22400.0,CE,388.35,404.85,232.5,247.6,247.6,54750,80681021983.25,1632670,1043055,2026-10-08
NIFTY,2026-10-27,23100.0,CE,71.3,89.1,43.9,45.35,45.35,50826,76503822905.25,1590160,158470,2026-10-08
NIFTY,2026-10-27,23300.0,CE,49.05,55.0,25.95,27.05,27.05,56004,84937639588.75,3490890,53040,2026-10-08
