SYMBOL,EXPIRY_DT,STRIKE_PR,OPTION_TYP,OPEN,HIGH,LOW,CLOSE,SETTLE_PR,CONTRACTS,VAL_INLAKH,OPEN_INT,CHG_IN_OI,TIMESTAMP
NIFTY,2030-06-25,16500.0,CE,0.0,0.0,0.0,13374.05,11321.4,0,0.0,0,0,2026-07-27
NIFTY,2030-06-25,19500.0,CE,0.0,0.0,0.0,11140.25,9171.75,0,0.0,0,0,2026-07-27
NIFTY,2031-06-24,28500.0,CE,0.0,0.0,0.0,5048.95,5263.15,0,0.0,0,0,2026-07-27
NIFTY,2026-07-28,21900.0,PE,0.85,1.0,0.7,0.8,0.8,18606,26486601774.75,166855,-115830,2026-07-27
NIFTY,2026-07-28,22350.0,PE,1.3,1.45,0.7,1.05,1.05,39005,56666962137.5,283400,-101335,2026-07-27
NIFTY,2026-07-28,22800.0,PE,1.8,1.9,1.1,1.5,1.5,393370,583009663262.0,3307135,-963170,2026-07-27
NIFTY,2026-07-28,23650.0,PE,21.0,21.0,4.1,4.75,4.75,1429315,2198016633722.0,5174520,1132885,2026-07-27
NIFTY,2026-07-28,23850.0,PE,49.05,61.05,11.4,13.6,13.6,3511642,5450949815405.25,5787795,3543865,2026-07-27
NIFTY,2026-07-28,23950.0,PE,101.45,104.3,26.0,32.45,32.45,7465095,11650750592978.25,9983025,8672105,2026-07-27
NIFTY,2026-07-28,25500.0,PE,1570.0,1593.9,1460.15,1475.2,1475.2,4423,7767626984.0,641225,-184600,2026-07-27
NIFTY,2026-08-04,22150.0,PE,3.45,4.15,2.65,3.6,3.6,468,673905053.25,7800,-65,2026-07-27
NIFTY,2026-08-04,22500.0,PE,8.0,8.0,3.6,4.65,4.65,87897,128573738169.5,2017210,775060,2026-07-27
NIFTY,2026-08-04,24750.0,PE,775.0,775.0,723.95,730.0,756.0,13,21556112.5,780,650,2026-07-27
NIFTY,2026-08-04,25300.0,PE,1330.0,1330.0,1330.0,1330.0,1274.75,11,19040450.0,715,715,2026-07-27
NIFTY,2026-08-11,22650.0,PE,17.95,17.95,10.35,10.8,10.8,399,587752083.75,14820,3510,2026-07-27
NIFTY,2026-08-11,23350.0,PE,77.75,77.75,40.2,42.55,42.55,778,1183613554.5,15210,1820,2026-07-27
NIFTY,2026-08-11,24800.0,PE,0.0,0.0,0.0,650.0,826.8,0,0.0,520,0,2026-07-27
NIFTY,2026-08-11,25050.0,PE,0.0,0.0,0.0,800.15,1039.8,0,0.0,65,0,2026-07-27
NIFTY,2026-08-18,22550.0,PE,22.7,23.5,17.15,17.4,17.4,73,107090932.0,4550,-2925,2026-07-27
NIFTY,2026-08-18,24850.0,PE,0.0,0.0,0.0,905.0,893.5,0,0.0,0,0,2026-07-27
NIFTY,2026-08-18,25500.0,PE,0.0,0.0,0.0,1409.7,1449.85,0,0.0,0,0,2026-07-27
NIFTY,2026-08-18,25650.0,PE,0.0,0.0,0.0,1538.0,1588.8,0,0.0,0,0,2026-07-27
NIFTY,2026-08-25,21950.0,PE,16.8,16.8,13.95,15.6,9.75,49,69959643.0,5395,-455,2026-07-27
NIFTY,2026-08-25,23000.0,PE,90.0,92.7,51.8,53.5,53.5,39401,59071993688.5,2747875,214500,2026-07-27
NIFTY,2026-08-25,23650.0,PE,212.6,235.15,153.85,158.65,158.65,1461,2264759087.5,49335,11375,2026-07-27
NIFTY,2026-08-25,24150.0,PE,409.95,442.5,334.9,343.5,343.5,714,1138640928.75,46410,11180,2026-07-27
NIFTY,2026-08-25,24550.0,PE,675.6,682.45,561.15,575.25,575.25,144,235934968.75,5915,-2145,2026-07-27
NIFTY,2026-08-25,25150.0,PE,1129.0,1145.0,1129.0,1145.0,1152.3,3,5126345.25,390,130,2026-07-27
NIFTY,2026-08-25,25800.0,PE,1775.0,1790.0,1673.85,1676.9,1676.9,63,112817318.25,7410,4095,2026-07-27
NIFTY,2026-09-01,22800.0,PE,60.5,60.5,49.4,50.05,50.05,5,7426945.5,910,130,2026-07-27
NIFTY,2026-09-01,23050.0,PE,0.0,0.0,0.0,120.8,127.95,0,0.0,0,0,2026-07-27
NIFTY,2026-09-01,24200.0,PE,404.1,404.1,390.2,398.45,398.45,7,11192662.0,455,455,2026-07-27
NIFTY,2026-09-01,24400.0,PE,0.0,0.0,0.0,574.75,640.05,0,0.0,0,0,2026-07-27
NIFTY,2026-09-01,24850.0,PE,0.0,0.0,0.0,836.8,931.6,0,0.0,0,0,2026-07-27
NIFTY,2026-09-01,25100.0,PE,0.0,0.0,0.0,1005.4,1116.9,0,0.0,0,0,2026-07-27
NIFTY,2026-09-01,25500.0,PE,0.0,0.0,0.0,1305.4,1441.4,0,0.0,0,0,2026-07-27
NIFTY,2026-09-01,25550.0,PE,0.0,0.0,0.0,1345.2,1484.0,0,0.0,0,0,2026-07-27
NIFTY,2026-09-29,21700.0,PE,44.0,48.75,32.7,33.05,33.05,83,117276750.5,18655,-975,2026-07-27
NIFTY,2026-09-29,22200.0,PE,67.55,67.9,49.65,51.35,51.35,478,691535978.25,44785,-2600,2026-07-27
NIFTY,2026-09-29,22250.0,PE,68.0,68.0,53.45,54.3,54.3,29,42056855.75,13650,-910,2026-07-27
NIFTY,2026-09-29,23150.0,PE,188.05,190.5,146.85,148.0,148.0,118,178781112.25,14495,4225,2026-07-27
NIFTY,2026-09-29,23700.0,PE,350.0,350.0,268.25,274.8,274.8,647,1009077429.75,67535,15470,2026-07-27
NIFTY,2026-09-29,23750.0,PE,366.6,366.65,283.7,286.8,286.8,45,70394314.25,9620,1885,2026-07-27
NIFTY,2026-09-29,23950.0,PE,420.0,420.0,360.15,361.7,361.7,66,104430420.25,6890,1105,2026-07-27
NIFTY,2026-09-29,24100.0,PE,490.0,490.0,410.0,417.1,417.1,228,363763884.25,36530,260,2026-07-27
NIFTY,2026-09-29,24250.0,PE,530.0,552.9,472.25,475.95,475.95,40,64402754.0,9360,1365,2026-07-27
NIFTY,2026-09-29,24400.0,PE,616.0,629.7,549.5,553.05,553.05,111,180377193.75,55250,845,2026-07-27
NIFTY,2026-09-29,24600.0,PE,750.0,750.0,650.0,655.05,655.05,638,1050090525.25,91715,28340,2026-07-27
NIFTY,2026-08-11,23150.0,PE,47.05,48.2,23.75,26.15,26.15,861,1297422613.5,23075,15275,2026-07-27
NIFTY,2026-09-29,21600.0,PE,39.95,40.5,30.8,31.2,31.2,496,697491730.0,37895,-7215,2026-07-27
NIFTY,2026-08-11,23700.0,PE,160.0,164.05,94.6,99.75,99.75,5899,9134392130.5,149500,56615,2026-07-27
NIFTY,2026-08-11,23850.0,PE,206.9,214.05,135.7,140.9,140.9,1628,2542486501.75,21970,4485,2026-07-27
NIFTY,2026-08-11,25100.0,PE,0.0,0.0,0.0,900.0,1084.3,0,0.0,65,0,2026-07-27
NIFTY,2026-08-18,22900.0,PE,44.45,45.85,28.3,29.4,29.4,351,523288990.25,15925,4550,2026-07-27
NIFTY,2026-08-18,24150.0,PE,390.0,400.35,321.55,329.55,429.4,20,31878119.0,3445,130,2026-07-27
NIFTY,2026-08-18,25000.0,PE,0.0,0.0,0.0,1012.85,1013.5,0,0.0,0,0,2026-07-27
NIFTY,2026-08-18,25050.0,PE,0.0,0.0,0.0,1051.15,1054.8,0,0.0,0,0,2026-07-27
NIFTY,2026-08-18,25250.0,PE,0.0,0.0,0.0,1204.85,1225.65,0,0.0,0,0,2026-07-27
NIFTY,2026-08-18,25700.0,PE,0.0,0.0,0.0,1581.55,1635.75,0,0.0,0,0,2026-07-27
NIFTY,2026-08-18,26000.0,PE,0.0,0.0,0.0,1849.95,1922.1,0,0.0,0,0,2026-07-27
NIFTY,2026-08-25,22400.0,PE,33.0,33.0,20.7,21.3,21.3,2658,3874503899.5,106210,-16705,2026-07-27
NIFTY,2026-08-25,23450.0,PE,156.85,180.6,109.0,111.9,111.9,1423,2182301878.25,37180,6955,2026-07-27
NIFTY,2026-09-01,24900.0,PE,0.0,0.0,0.0,869.25,967.35,0,0.0,0,0,2026-07-27
NIFTY,2029-12-24,30000.0,PE,0.0,0.0,0.0,1953.5,2929.95,0,0.0,0,0,2026-07-27
NIFTY,2027-03-30,27000.0,CE,264.8,264.95,249.7,260.65,260.65,853,1511254390.75,235820,30810,2026-07-27
NIFTY,2026-12-29,31000.0,CE,14.25,14.9,13.9,14.35,14.35,40,80637667.5,161090,1105,2026-07-27
NIFTY,2026-12-29,29000.0,CE,23.65,23.65,21.3,22.2,22.2,353,665916078.75,472810,-5850,2026-07-27
NIFTY,2026-12-29,28500.0,CE,32.1,33.8,31.0,32.5,32.5,277,513724464.5,91910,-2405,2026-07-27
NIFTY,2026-12-29,27000.0,CE,107.0,108.4,98.45,101.75,101.75,2612,4601260056.25,2163610,6945,2026-07-27
NIFTY,2026-12-29,22000.0,CE,2600.0,2680.8,2589.0,2667.7,2667.7,628,1005242072.25,190840,6955,2026-07-27
NIFTY,2026-09-29,26200.0,CE,0.0,0.0,0.0,206.55,124.65,0,0.0,0,0,2026-07-27
NIFTY,2026-09-29,25600.0,CE,0.0,0.0,0.0,329.1,226.0,0,0.0,0,0,2026-07-27
NIFTY,2026-09-29,25200.0,CE,0.0,0.0,0.0,437.0,324.2,0,0.0,0,0,2026-07-27
NIFTY,2026-09-29,23700.0,CE,772.75,817.0,748.0,811.35,811.35,89,141570026.0,19695,-4355,2026-07-27
NIFTY,2026-09-29,23000.0,CE,1300.0,1365.75,1253.65,1353.0,1353.0,308,486510202.75,103155,-2990,2026-07-27
NIFTY,2026-09-29,22800.0,CE,0.0,0.0,0.0,1370.5,1626.2,0,0.0,455,0,2026-07-27
NIFTY,2026-09-29,22200.0,CE,0.0,0.0,0.0,2158.9,2130.45,0,0.0,0,0,2026-07-27
NIFTY,2026-09-01,24100.0,CE,372.0,381.9,338.4,372.6,372.6,254,403884708.5,14495,6045,2026-07-27
NIFTY,2026-09-01,22150.0,CE,0.0,0.0,0.0,2218.8,2015.7,0,0.0,0,0,2026-07-27
NIFTY,2026-09-01,22100.0,CE,0.0,0.0,0.0,2265.95,2062.8,0,0.0,0,0,2026-07-27
NIFTY,2026-08-25,25150.0,CE,33.6,33.6,27.6,31.45,31.45,452,739812924.5,74815,3380,2026-07-27
NIFTY,2026-08-25,24650.0,CE,108.75,117.8,93.65,108.95,108.95,1255,2019359579.25,62075,18395,2026-07-27
NIFTY,2026-08-25,24300.0,CE,222.7,239.0,200.0,231.25,231.25,13584,21647938338.0,1145300,74555,2026-07-27
NIFTY,2026-08-25,24250.0,CE,241.7,263.55,220.0,253.6,253.6,1210,1925965879.5,74360,11570,2026-07-27
NIFTY,2026-08-25,23600.0,PE,205.85,221.7,141.45,145.95,145.95,9990,15439507645.25,581750,21125,2026-07-27
NIFTY,2026-08-25,24300.0,PE,501.0,525.85,414.1,426.8,426.8,6349,10215204470.25,822575,84565,2026-07-27
NIFTY,2026-08-25,25500.0,PE,1500.0,1521.55,1379.9,1398.3,1398.3,3422,5997802785.0,1394185,119470,2026-07-27
NIFTY,2026-08-25,26000.0,PE,1965.45,2012.9,1861.1,1882.65,1882.65,12875,23379373202.25,2043600,609245,2026-07-27
NIFTY,2026-08-25,23600.0,CE,700.0,700.0,575.0,647.1,647.1,2757,4338504950.0,248495,-52390,2026-07-27
NIFTY,2026-08-25,23400.0,CE,740.0,818.2,726.85,803.55,803.55,230,361268518.0,22230,-1885,2026-07-27
NIFTY,2026-08-25,23200.0,CE,920.0,983.4,875.0,977.3,977.3,273,427962707.25,35425,6370,2026-07-27
NIFTY,2026-08-25,22700.0,CE,1335.15,1395.0,1335.15,1395.0,1458.35,27,42213931.5,5460,0,2026-07-27
NIFTY,2026-08-25,22550.0,CE,0.0,0.0,0.0,1773.25,1593.6,0,0.0,130,0,2026-07-27
NIFTY,2026-08-25,22100.0,CE,0.0,0.0,0.0,2281.05,2016.3,0,0.0,0,0,2026-07-27
NIFTY,2026-08-18,25400.0,CE,10.75,11.2,9.1,9.75,9.75,292,482283425.0,10855,6500,2026-07-27
NIFTY,2026-08-18,25350.0,CE,0.0,0.0,0.0,133.55,52.45,0,0.0,0,0,2026-07-27
NIFTY,2026-08-25,26050.0,PE,0.0,0.0,0.0,1910.0,1954.55,0,0.0,260,0,2026-07-27
NIFTY,2026-08-18,25300.0,CE,0.0,0.0,0.0,109.95,57.85,0,0.0,65,0,2026-07-27
NIFTY,2026-08-18,24350.0,CE,145.0,161.55,142.35,161.15,161.15,81,129006471.75,8320,520,2026-07-27
NIFTY,2026-08-18,24300.0,CE,168.75,185.75,154.0,181.0,181.0,498,792093721.25,26325,455,2026-07-27
NIFTY,2026-08-18,23950.0,CE,345.65,368.25,313.25,356.25,356.25,262,413636902.25,7475,3900,2026-07-27
NIFTY,2026-08-18,22700.0,CE,0.0,0.0,0.0,1551.05,1411.55,0,0.0,0,0,2026-07-27
NIFTY,2026-08-18,22450.0,CE,0.0,0.0,0.0,1774.75,1645.3,0,0.0,0,0,2026-07-27
NIFTY,2026-08-11,26000.0,CE,2.7,2.95,1.55,1.75,1.75,1951,3297460952.5,119600,33345,2026-07-27
NIFTY,2026-08-11,25600.0,CE,3.45,4.75,2.1,2.25,2.25,193,321190831.0,2730,455,2026-07-27
NIFTY,2026-08-11,25350.0,CE,4.75,6.35,3.55,4.2,4.2,318,524080384.75,10335,9100,2026-07-27
NIFTY,2026-08-11,25300.0,CE,5.45,8.0,4.0,4.6,4.6,2821,4640109600.75,62075,21710,2026-07-27
NIFTY,2026-09-01,22400.0,PE,0.0,0.0,0.0,42.65,42.35,0,0.0,0,0,2026-07-27
NIFTY,2026-09-01,22550.0,PE,0.0,0.0,0.0,65.55,55.9,0,0.0,130,0,2026-07-27
NIFTY,2026-09-01,22600.0,PE,54.0,54.0,37.0,37.45,37.45,67,98627633.0,4550,845,2026-07-27
NIFTY,2026-09-01,23000.0,PE,96.0,96.0,69.3,70.4,70.4,63,94515310.5,4095,2535,2026-07-27
NIFTY,2026-09-01,23200.0,PE,106.05,106.05,106.05,106.05,159.65,1,1514893.25,65,65,2026-07-27
NIFTY,2026-09-01,24150.0,PE,0.0,0.0,0.0,453.7,503.85,0,0.0,0,0,2026-07-27
NIFTY,2026-08-11,23900.0,CE,304.15,338.2,272.2,325.85,325.85,7543,11864694546.25,123890,-3965,2026-07-27
NIFTY,2026-08-11,23750.0,CE,370.0,436.65,346.35,426.85,426.85,552,866348297.75,12740,-4355,2026-07-27
NIFTY,2026-08-11,22900.0,CE,1110.0,1120.0,1110.0,1120.0,1179.55,3,4683250.0,195,195,2026-07-27
NIFTY,2026-08-11,22300.0,CE,0.0,0.0,0.0,2244.0,1755.05,0,0.0,0,0,2026-07-27
NIFTY,2026-08-11,22150.0,CE,0.0,0.0,0.0,2388.45,1903.05,0,0.0,0,0,2026-07-27
NIFTY,2026-08-11,22050.0,CE,0.0,0.0,0.0,2485.45,2002.15,0,0.0,0,0,2026-07-27
NIFTY,2026-08-04,26200.0,CE,0.9,1.15,0.85,0.85,0.85,5360,9128417525.5,128830,5200,2026-07-27
NIFTY,2026-08-04,26050.0,CE,1.1,1.45,0.9,1.0,1.0,825,1396991800.75,15535,10400,2026-07-27
NIFTY,2026-08-04,25750.0,CE,1.3,1.7,1.0,1.1,1.1,714,1195120719.0,10595,4745,2026-07-27
NIFTY,2026-08-04,23800.0,CE,294.0,330.0,250.55,317.8,317.8,72027,112758307405.25,803530,-463385,2026-07-27
NIFTY,2026-08-04,23500.0,CE,506.0,583.5,469.1,572.45,572.45,8366,13066009264.75,251680,50765,2026-07-27
NIFTY,2026-08-04,23450.0,CE,536.15,635.25,515.4,614.0,614.0,174,271523801.25,7020,-2860,2026-07-27
NIFTY,2026-08-04,22550.0,CE,0.0,0.0,0.0,1533.15,1476.9,0,0.0,0,0,2026-07-27
NIFTY,2026-08-04,22000.0,CE,2025.0,2025.0,2025.0,2025.0,2025.0,1,1561625.0,585,65,2026-07-27
NIFTY,2026-07-28,26150.0,CE,0.45,0.55,0.25,0.4,0.4,5742,9760134855.25,59345,-51480,2026-07-27
NIFTY,2026-07-28,26100.0,CE,0.5,0.55,0.25,0.35,0.35,16388,27802716464.25,204880,-100035,2026-07-27
NIFTY,2026-07-28,25300.0,CE,0.8,1.2,0.35,0.4,0.4,348047,572375441816.75,4060940,-2083770,2026-07-27
NIFTY,2026-07-28,24150.0,CE,27.85,28.9,10.7,20.4,20.4,2762447,4339431321299.75,5603065,1417780,2026-07-27
NIFTY,2026-07-28,24100.0,CE,50.0,50.0,16.25,32.95,32.95,5413877,8490082316209.0,10422620,206310,2026-07-27
NIFTY,2026-07-28,23400.0,CE,502.0,647.25,502.0,632.5,632.5,4123,6425186514.5,89245,-42510,2026-07-27
NIFTY,2026-07-28,21800.0,CE,2135.0,2135.0,2135.0,2135.0,2199.6,1,1555775.0,65,-65,2026-07-27
NIFTY,2026-09-01,24350.0,PE,0.0,0.0,0.0,549.1,611.3,0,0.0,0,0,2026-07-27
NIFTY,2026-09-01,24500.0,PE,0.0,0.0,0.0,688.0,699.85,0,0.0,845,0,2026-07-27
NIFTY,2026-09-01,25800.0,PE,0.0,0.0,0.0,1550.85,1702.9,0,0.0,0,0,2026-07-27
NIFTY,2026-09-29,22400.0,PE,82.5,83.45,62.3,63.5,63.5,570,832521007.5,92820,-5070,2026-07-27
NIFTY,2026-09-29,23050.0,PE,202.75,202.75,131.1,132.2,132.2,160,241315558.25,17420,2860,2026-07-27
NIFTY,2026-09-29,24850.0,PE,0.0,0.0,0.0,880.0,1002.8,0,0.0,5785,0,2026-07-27
NIFTY,2026-09-29,25050.0,PE,0.0,0.0,0.0,1007.8,1134.1,0,0.0,130,0,2026-07-27
NIFTY,2026-09-29,25300.0,PE,0.0,0.0,0.0,1032.9,1309.4,0,0.0,195,0,2026-07-27
NIFTY,2026-09-29,25550.0,PE,0.0,0.0,0.0,1632.65,1496.45,0,0.0,0,0,2026-07-27
NIFTY,2026-09-29,26000.0,PE,1827.6,1860.8,1743.0,1758.1,1758.1,268,484539971.5,627610,10075,2026-07-27
NIFTY,2026-09-29,26050.0,PE,0.0,0.0,0.0,2017.5,1899.4,0,0.0,0,0,2026-07-27
NIFTY,2026-09-29,34500.0,PE,0.0,0.0,0.0,7064.95,10106.5,0,0.0,0,0,2026-07-27
NIFTY,2027-06-29,21000.0,PE,0.0,0.0,0.0,218.0,196.15,0,0.0,4535,0,2026-07-27
NIFTY,2027-06-29,25500.0,PE,0.0,0.0,0.0,667.15,1541.55,0,0.0,0,0,2026-07-27
NIFTY,2027-12-28,17000.0,PE,0.0,0.0,0.0,95.0,19.55,0,0.0,17685,0,2026-07-27
NIFTY,2027-12-28,21000.0,PE,343.95,344.0,300.0,303.55,303.55,25,34649745.0,14090,260,2026-07-27
NIFTY,2028-06-27,24000.0,PE,0.0,0.0,0.0,1692.75,964.6,0,0.0,0,0,2026-07-27
NIFTY,2028-12-26,25500.0,PE,0.0,0.0,0.0,648.2,1413.7,0,0.0,0,0,2026-07-27
NIFTY,2029-06-26,28500.0,PE,0.0,0.0,0.0,1349.1,2470.7,0,0.0,0,0,2026-07-27
NIFTY,2029-12-24,22500.0,PE,0.0,0.0,0.0,225.7,605.2,0,0.0,0,0,2026-07-27
NIFTY,2029-12-24,27000.0,PE,0.0,0.0,0.0,1177.9,1750.95,0,0.0,0,0,2026-07-27
NIFTY,2029-12-24,28500.0,PE,0.0,0.0,0.0,1255.9,2300.15,0,0.0,0,0,2026-07-27
NIFTY,2031-06-24,27000.0,PE,0.0,0.0,0.0,1653.15,1450.35,0,0.0,0,0,2026-07-27
NIFTY,2026-08-18,25400.0,PE,0.0,0.0,0.0,1326.35,1358.95,0,0.0,0,0,2026-07-27
NIFTY,2026-08-18,24550.0,PE,659.65,659.65,632.6,632.6,673.35,6,9824109.75,65,-325,2026-07-27
NIFTY,2026-08-18,24200.0,PE,417.55,425.3,319.45,334.0,334.0,135,215649031.0,7475,1950,2026-07-27
NIFTY,2026-08-18,23900.0,PE,273.35,285.05,192.2,199.5,199.5,603,946275174.0,19565,7670,2026-07-27
NIFTY,2026-08-18,23400.0,PE,113.95,114.6,72.3,76.9,76.9,255,389404505.75,13000,780,2026-07-27
NIFTY,2026-08-18,23250.0,PE,80.0,87.5,54.65,56.7,56.7,68,103055049.5,6955,130,2026-07-27
NIFTY,2026-08-18,22400.0,PE,20.45,20.45,14.05,14.25,14.25,54,78680741.75,5785,-2405,2026-07-27
NIFTY,2026-08-18,25750.0,PE,0.0,0.0,0.0,1625.45,1682.9,0,0.0,0,0,2026-07-27
NIFTY,2026-08-18,25850.0,PE,0.0,0.0,0.0,1714.3,1778.0,0,0.0,0,0,2026-07-27
NIFTY,2026-08-18,25900.0,PE,0.0,0.0,0.0,1759.2,1825.85,0,0.0,0,0,2026-07-27
NIFTY,2026-08-18,26100.0,PE,0.0,0.0,0.0,1941.75,2019.0,0,0.0,0,0,2026-07-27
NIFTY,2026-08-11,25300.0,PE,1260.0,1299.0,1260.0,1299.0,1266.95,23,39740155.0,1560,1495,2026-07-27
NIFTY,2026-08-11,25000.0,PE,1030.0,1044.0,948.1,954.05,995.9,75,126622073.5,4550,3835,2026-07-27
NIFTY,2026-08-11,24350.0,PE,479.95,498.4,382.4,401.4,401.4,57,91842250.5,7800,780,2026-07-27
NIFTY,2026-08-11,24150.0,PE,348.9,364.95,262.25,270.0,270.0,286,454691194.75,11830,3250,2026-07-27
NIFTY,2026-08-11,22800.0,PE,21.15,22.4,12.3,13.0,13.0,6782,10058327630.0,130260,53430,2026-07-27
NIFTY,2026-08-11,22450.0,PE,18.5,18.5,8.05,8.35,8.35,166,242339769.75,8840,260,2026-07-27
NIFTY,2026-08-11,21600.0,PE,5.55,5.95,4.1,4.95,4.95,2121,2978548885.0,88530,52455,2026-07-27
NIFTY,2026-08-04,25250.0,PE,0.0,0.0,0.0,1396.4,1225.85,0,0.0,0,0,2026-07-27
NIFTY,2026-08-04,25050.0,PE,1085.0,1085.0,1085.0,1085.0,1032.75,8,13590200.0,520,455,2026-07-27
NIFTY,2026-08-04,25000.0,PE,1039.95,1076.4,937.3,950.2,950.2,1977,3342229904.0,171275,110955,2026-07-27
NIFTY,2026-08-04,24600.0,PE,660.0,685.65,551.45,559.75,559.75,1063,1742369765.5,39975,10335,2026-07-27
NIFTY,2026-08-04,22900.0,PE,9.8,13.8,6.35,7.6,7.6,68538,102053330450.5,1056900,354055,2026-07-27
NIFTY,2026-08-04,22800.0,PE,14.8,14.8,5.45,6.6,6.6,62945,93311065240.25,1160835,615680,2026-07-27
NIFTY,2026-07-28,26000.0,PE,2040.0,2100.0,1961.65,1985.7,1985.7,13947,25405465809.75,1179295,-254215,2026-07-27
NIFTY,2026-07-28,25700.0,PE,1750.0,1780.0,1670.0,1679.75,1679.75,79,140816185.25,10855,-910,2026-07-27
NIFTY,2026-07-28,25300.0,PE,1320.0,1383.0,1275.0,1280.5,1280.5,35,60552644.75,15795,-1430,2026-07-27
NIFTY,2026-07-28,24300.0,PE,362.35,403.0,260.5,277.05,277.05,63093,100966385263.25,958685,-215215,2026-07-27
NIFTY,2026-07-28,24050.0,PE,180.0,180.0,64.0,74.65,74.65,1796931,2821889636241.0,2896725,2197715,2026-07-27
NIFTY,2026-07-28,21450.0,PE,0.8,0.85,0.45,0.65,0.65,2187,3049314034.0,36465,-13325,2026-07-27
NIFTY,2026-07-28,21100.0,PE,0.65,0.95,0.35,0.6,0.6,53128,72866919440.25,2319655,-323115,2026-07-27
NIFTY,2031-06-24,21000.0,CE,0.0,0.0,0.0,8900.75,9190.7,0,0.0,0,0,2026-07-27
NIFTY,2030-12-31,31500.0,CE,0.0,0.0,0.0,4554.55,3589.65,0,0.0,0,0,2026-07-27
NIFTY,2030-06-25,21000.0,CE,0.0,0.0,0.0,10421.65,8166.1,0,0.0,0,0,2026-07-27
NIFTY,2026-08-25,22550.0,PE,40.05,46.3,25.85,26.55,26.55,1459,2141636090.75,38285,9620,2026-07-27
NIFTY,2026-08-25,22600.0,PE,49.05,49.7,26.7,27.75,27.75,4422,6505801490.5,172965,9490,2026-07-27
NIFTY,2026-08-25,23350.0,PE,133.95,144.2,92.7,96.1,96.1,958,1461143024.25,44395,8385,2026-07-27
NIFTY,2029-12-24,18000.0,CE,0.0,0.0,0.0,11362.4,9749.8,0,0.0,0,0,2026-07-27
NIFTY,2027-12-28,16500.0,CE,0.0,0.0,0.0,11316.4,8988.6,0,0.0,0,0,2026-07-27
NIFTY,2027-03-30,31500.0,CE,0.0,0.0,0.0,94.65,77.0,0,0.0,0,0,2026-07-27
NIFTY,2027-12-28,25000.0,PE,1129.8,1129.8,1053.0,1059.9,1059.9,65,110205498.0,61330,2145,2026-07-27
NIFTY,2027-12-28,26000.0,PE,1477.0,1477.0,1418.0,1442.85,1442.85,11,19622512.0,41885,-130,2026-07-27
NIFTY,2028-12-26,23000.0,PE,720.0,720.0,660.0,681.05,712.1,12,18469503.0,1480,-65,2026-07-27
NIFTY,2028-12-26,26000.0,PE,0.0,0.0,0.0,1450.0,1591.15,0,0.0,6745,0,2026-07-27
NIFTY,2029-06-26,25500.0,PE,0.0,0.0,0.0,624.25,1350.45,0,0.0,0,0,2026-07-27
NIFTY,2026-08-11,22550.0,PE,15.4,15.5,8.9,9.55,9.55,270,395944110.25,9815,5720,2026-07-27
NIFTY,2026-08-11,21800.0,PE,5.85,7.05,4.6,6.2,6.2,698,989327738.75,23400,15405,2026-07-27
NIFTY,2026-08-04,26100.0,PE,0.0,0.0,0.0,2138.95,2069.5,0,0.0,0,0,2026-07-27
NIFTY,2026-08-04,25950.0,PE,0.0,0.0,0.0,2001.55,1919.8,0,0.0,0,0,2026-07-27
NIFTY,2026-08-04,25700.0,PE,0.0,0.0,0.0,1777.85,1670.6,0,0.0,0,0,2026-07-27
NIFTY,2026-08-04,24800.0,PE,832.65,872.1,742.7,752.0,752.0,463,770871452.0,19825,-1820,2026-07-27
NIFTY,2026-08-04,23900.0,PE,182.25,182.25,91.0,101.85,101.85,167644,261949951272.75,1388985,887445,2026-07-27
NIFTY,2026-08-11,21750.0,PE,5.25,6.75,4.65,5.65,5.65,130,183835398.5,4030,2730,2026-07-27
NIFTY,2026-08-11,23100.0,PE,52.15,66.75,21.7,23.1,23.1,8712,13098812727.0,138515,92365,2026-07-27
NIFTY,2026-08-11,22850.0,PE,26.75,26.75,12.6,13.75,13.75,444,660001030.0,16315,4875,2026-07-27
NIFTY,2026-08-04,23650.0,PE,100.0,102.0,39.45,43.1,43.1,29578,45587893897.0,474695,247260,2026-07-27
NIFTY,2026-08-11,23900.0,PE,235.0,238.3,152.8,160.2,160.2,7934,12427981364.5,173030,78780,2026-07-27
NIFTY,2026-08-04,22950.0,PE,14.8,18.1,7.0,8.0,8.0,14747,22007078788.5,221975,108680,2026-07-27
NIFTY,2026-08-04,22850.0,PE,13.0,13.0,0.55,6.9,6.9,10770,16001161559.5,122655,48360,2026-07-27
NIFTY,2026-08-04,22650.0,PE,12.8,12.8,4.5,5.6,5.6,4297,6327768362.5,75140,30875,2026-07-27
NIFTY,2026-08-04,22350.0,PE,7.45,7.45,3.2,4.1,4.1,2614,3798130540.75,30160,-19890,2026-07-27
NIFTY,2026-08-04,22200.0,PE,4.15,4.65,2.9,3.8,3.8,7477,10790939246.75,232505,64545,2026-07-27
NIFTY,2026-07-28,23550.0,PE,15.75,15.75,3.2,3.7,3.7,906830,1388446478214.25,3654755,838695,2026-07-27
NIFTY,2026-07-28,23150.0,PE,3.9,3.9,1.5,1.95,1.95,399390,601034240030.25,1706380,-142740,2026-07-27
NIFTY,2026-07-28,22750.0,PE,2.55,3.1,1.1,1.35,1.35,108909,161058752374.0,668525,-311610,2026-07-27
NIFTY,2026-07-28,22550.0,PE,1.2,1.6,0.95,1.2,1.2,46524,68196088980.5,285350,-17095,2026-07-27
NIFTY,2026-07-28,22100.0,PE,1.1,1.1,0.7,1.0,1.0,34319,49301185163.75,592605,-147290,2026-07-27
NIFTY,2026-07-28,21750.0,PE,0.7,1.1,0.55,0.75,0.75,2913,4118384419.5,46865,-2470,2026-07-27
NIFTY,2031-06-24,25500.0,CE,0.0,0.0,0.0,6409.8,6660.9,0,0.0,0,0,2026-07-27
NIFTY,2031-06-24,19500.0,CE,0.0,0.0,0.0,9840.6,10136.55,0,0.0,0,0,2026-07-27
NIFTY,2031-06-24,19500.0,PE,0.0,0.0,0.0,289.2,234.05,0,0.0,0,0,2026-07-27
NIFTY,2030-12-31,24000.0,PE,0.0,0.0,0.0,1309.95,834.45,0,0.0,325,0,2026-07-27
NIFTY,2030-06-25,28500.0,PE,0.0,0.0,0.0,1167.6,2142.45,0,0.0,0,0,2026-07-27
NIFTY,2029-12-24,24000.0,PE,0.0,0.0,0.0,1000.0,905.75,0,0.0,390,0,2026-07-27
NIFTY,2029-06-26,30000.0,PE,0.0,0.0,0.0,2031.05,3168.15,0,0.0,0,0,2026-07-27
NIFTY,2029-06-26,27000.0,PE,0.0,0.0,0.0,1252.35,1863.35,0,0.0,0,0,2026-07-27
NIFTY,2030-06-25,27000.0,CE,0.0,0.0,0.0,6972.5,4796.15,0,0.0,0,0,2026-07-27
NIFTY,2029-06-26,16500.0,CE,0.0,0.0,0.0,12587.95,10437.05,0,0.0,0,0,2026-07-27
NIFTY,2027-12-28,27000.0,CE,1120.0,1154.0,1110.0,1134.4,1134.4,40,73144971.25,42600,-195,2026-07-27
NIFTY,2027-12-28,19500.0,CE,0.0,0.0,0.0,8684.7,6365.5,0,0.0,0,0,2026-07-27
NIFTY,2027-06-29,22500.0,CE,0.0,0.0,0.0,5539.6,3284.1,0,0.0,0,0,2026-07-27
NIFTY,2027-03-30,25500.0,CE,694.05,725.9,682.0,720.8,720.8,759,1292498389.0,724620,23010,2026-07-27
NIFTY,2026-12-29,33000.0,CE,8.6,8.6,8.2,8.35,8.35,25,53638741.0,99775,260,2026-07-27
NIFTY,2026-09-29,31500.0,CE,2.25,2.85,2.15,2.85,2.85,26,53238913.0,8970,-390,2026-07-27
NIFTY,2026-09-29,28500.0,CE,6.35,7.4,5.55,5.75,5.75,598,1108024895.25,552890,5200,2026-07-27
NIFTY,2026-09-29,25400.0,CE,0.0,0.0,0.0,379.45,272.5,0,0.0,0,0,2026-07-27
NIFTY,2026-09-29,24950.0,CE,185.4,195.0,174.65,192.9,192.9,116,189496866.0,17355,2600,2026-07-27
NIFTY,2026-09-29,23850.0,CE,661.05,672.4,658.1,670.0,899.25,29,46210921.25,2990,-845,2026-07-27
NIFTY,2026-09-29,22600.0,CE,0.0,0.0,0.0,1734.3,1788.4,0,0.0,195,0,2026-07-27
NIFTY,2026-09-01,25150.0,CE,0.0,0.0,0.0,253.7,165.05,0,0.0,0,0,2026-07-27
NIFTY,2026-09-01,23800.0,CE,0.0,0.0,0.0,481.35,696.4,0,0.0,455,0,2026-07-27
NIFTY,2026-09-01,23650.0,CE,0.0,0.0,0.0,966.45,789.15,0,0.0,0,0,2026-07-27
NIFTY,2026-09-01,23200.0,CE,0.0,0.0,0.0,1298.35,1106.35,0,0.0,0,0,2026-07-27
NIFTY,2026-09-01,22850.0,CE,0.0,0.0,0.0,1586.45,1387.9,0,0.0,0,0,2026-07-27
NIFTY,2026-09-01,22600.0,CE,0.0,0.0,0.0,1805.15,1603.9,0,0.0,0,0,2026-07-27
NIFTY,2026-08-25,25350.0,CE,0.0,0.0,0.0,417.6,87.3,0,0.0,0,0,2026-07-27
NIFTY,2026-08-25,23150.0,CE,930.85,988.85,930.85,988.2,1077.95,3,4703263.5,1105,-65,2026-07-27
NIFTY,2026-08-25,22900.0,CE,1149.85,1257.15,1149.85,1256.05,1256.05,11,17236319.75,5525,0,2026-07-27
NIFTY,2026-08-25,22600.0,CE,1460.0,1475.0,1460.0,1475.0,1548.15,6,9386806.0,1820,260,2026-07-27
NIFTY,2026-08-25,21750.0,CE,0.0,0.0,0.0,2581.2,2356.15,0,0.0,0,0,2026-07-27
NIFTY,2026-08-25,21350.0,CE,0.0,0.0,0.0,2938.85,2750.25,0,0.0,0,0,2026-07-27
NIFTY,2026-08-18,26100.0,CE,3.1,4.4,1.9,2.05,2.05,24,40720816.5,2405,130,2026-07-27
NIFTY,2026-08-18,24150.0,CE,223.85,252.3,220.0,246.6,246.6,54,85583504.5,5850,-325,2026-07-27
NIFTY,2026-08-18,24050.0,CE,263.7,306.0,263.7,301.35,301.35,57,90169693.25,5525,65,2026-07-27
NIFTY,2026-08-18,23800.0,CE,413.2,467.0,399.65,457.05,457.05,339,533845042.25,10400,-2860,2026-07-27
NIFTY,2026-08-18,23700.0,CE,476.25,534.15,464.7,525.8,525.8,93,146232762.0,10400,-1625,2026-07-27
NIFTY,2026-08-18,23600.0,CE,550.95,619.95,535.0,608.65,608.65,78,122607023.5,8320,-780,2026-07-27
NIFTY,2026-08-18,23500.0,CE,621.0,680.3,603.0,675.2,675.2,114,178799107.5,4810,325,2026-07-27
NIFTY,2026-08-18,22500.0,CE,0.0,0.0,0.0,1729.3,1597.95,0,0.0,0,0,2026-07-27
NIFTY,2026-08-18,22100.0,CE,0.0,0.0,0.0,2100.9,1983.0,0,0.0,0,0,2026-07-27
NIFTY,2026-08-18,22050.0,CE,0.0,0.0,0.0,2148.45,2031.9,0,0.0,0,0,2026-07-27
NIFTY,2026-08-11,25700.0,CE,2.95,4.4,1.95,1.95,1.95,192,320773287.25,7475,6435,2026-07-27
NIFTY,2026-08-11,25050.0,CE,12.0,13.0,7.9,10.0,10.0,568,925254645.25,18330,14690,2026-07-27
NIFTY,2026-08-11,24950.0,CE,0.0,0.0,0.0,335.8,60.65,0,0.0,0,0,2026-07-27
NIFTY,2026-08-11,24300.0,PE,445.25,460.85,350.0,364.4,364.4,474,761129157.75,57005,6110,2026-07-27
NIFTY,2026-08-11,25450.0,PE,0.0,0.0,0.0,1091.8,1408.05,0,0.0,0,0,2026-07-27
NIFTY,2026-08-11,25550.0,PE,0.0,0.0,0.0,1168.95,1503.6,0,0.0,0,0,2026-07-27
NIFTY,2026-08-11,26100.0,PE,0.0,0.0,0.0,1628.1,2041.5,0,0.0,0,0,2026-07-27
NIFTY,2026-08-18,22600.0,PE,28.9,28.9,17.95,18.85,18.85,323,474933959.5,13195,-3055,2026-07-27
NIFTY,2026-08-18,23150.0,PE,63.3,63.65,45.1,47.9,47.9,46,69377152.0,5915,-910,2026-07-27
NIFTY,2026-08-18,24100.0,PE,370.35,370.35,273.8,283.9,283.9,193,306183273.5,8970,3185,2026-07-27
NIFTY,2026-08-18,24400.0,PE,550.5,550.55,450.0,456.1,456.1,82,132750673.25,3575,2600,2026-07-27
NIFTY,2026-08-18,24450.0,PE,557.4,558.5,556.7,556.7,606.75,9,14629667.0,65,-585,2026-07-27
NIFTY,2026-08-18,24700.0,PE,0.0,0.0,0.0,803.0,779.75,0,0.0,0,0,2026-07-27
NIFTY,2026-08-18,24750.0,PE,0.0,0.0,0.0,836.3,817.9,0,0.0,0,0,2026-07-27
NIFTY,2026-08-18,25100.0,PE,0.0,0.0,0.0,1088.1,1096.7,0,0.0,0,0,2026-07-27
NIFTY,2026-08-18,25150.0,PE,0.0,0.0,0.0,1126.45,1139.15,0,0.0,0,0,2026-07-27
NIFTY,2026-08-25,21850.0,PE,16.85,24.2,12.0,12.05,12.05,313,444832592.75,2535,-715,2026-07-27
NIFTY,2026-08-25,22250.0,PE,39.95,39.95,17.5,17.9,17.9,173,250440479.25,11375,-130,2026-07-27
NIFTY,2026-08-25,23050.0,PE,99.6,99.6,55.9,57.3,57.3,966,1452022929.5,56940,23465,2026-07-27
NIFTY,2026-08-25,23150.0,PE,100.55,110.0,64.7,67.05,67.05,1065,1608478664.0,51025,15340,2026-07-27
NIFTY,2026-08-25,24400.0,PE,554.95,589.5,472.65,490.95,490.95,7725,12516858617.25,445575,203385,2026-07-27
NIFTY,2026-08-11,24900.0,CE,0.0,0.0,0.0,354.35,67.85,0,0.0,0,0,2026-07-27
NIFTY,2026-08-11,24800.0,CE,24.7,28.5,20.2,24.05,24.05,12847,20728466222.75,228670,68965,2026-07-27
NIFTY,2026-08-11,24050.0,CE,210.35,246.75,197.55,239.8,239.8,2075,3274223368.0,71045,25610,2026-07-27
NIFTY,2026-08-11,23150.0,CE,901.05,921.3,901.05,921.3,955.95,10,15645028.75,195,-650,2026-07-27
NIFTY,2026-08-11,22000.0,CE,0.0,0.0,0.0,2190.0,2051.75,0,0.0,1950,0,2026-07-27
NIFTY,2026-08-04,23950.0,CE,206.85,225.0,168.5,217.15,217.15,98142,154013050626.5,400790,170300,2026-07-27
NIFTY,2026-08-04,23550.0,CE,461.95,540.0,428.55,531.75,531.75,606,946575860.75,13910,-7865,2026-07-27
NIFTY,2026-08-04,22200.0,CE,0.0,0.0,0.0,1838.35,1825.55,0,0.0,0,0,2026-07-27
NIFTY,2026-08-04,21800.0,CE,0.0,0.0,0.0,2206.5,2224.9,0,0.0,0,0,2026-07-27
NIFTY,2026-08-04,21600.0,CE,2365.0,2447.25,2365.0,2447.25,2447.25,16,24947250.25,1040,1040,2026-07-27
NIFTY,2026-07-28,26200.0,CE,0.6,0.7,0.25,0.3,0.3,15262,25991578928.25,204620,-89440,2026-07-27
NIFTY,2026-07-28,25450.0,CE,0.65,1.15,0.3,0.55,0.55,42746,70714287572.5,269555,-493675,2026-07-27
NIFTY,2026-07-28,25250.0,CE,0.9,1.2,0.35,0.5,0.5,64097,105201658997.5,893815,-176020,2026-07-27
NIFTY,2026-07-28,24500.0,CE,3.0,3.2,1.45,1.9,1.9,1427390,2273323441025.0,10390575,-1293565,2026-07-27
NIFTY,2026-07-28,22800.0,CE,1156.35,1223.4,1122.7,1217.5,1199.75,166,258626082.0,9425,-8710,2026-07-27
NIFTY,2026-08-04,23400.0,PE,39.9,46.2,17.6,18.95,18.95,104550,159207767013.75,1174745,533520,2026-07-27
NIFTY,2026-08-25,24600.0,PE,697.75,727.35,600.0,617.1,617.1,861,1414296000.0,142805,18720,2026-07-27
NIFTY,2026-09-01,22450.0,PE,0.0,0.0,0.0,70.0,46.5,0,0.0,390,0,2026-07-27
NIFTY,2026-09-01,23550.0,PE,0.0,0.0,0.0,234.3,255.75,0,0.0,0,0,2026-07-27
NIFTY,2026-09-01,24250.0,PE,0.0,0.0,0.0,500.05,556.05,0,0.0,0,0,2026-07-27
NIFTY,2026-09-01,25700.0,PE,0.0,0.0,0.0,1467.3,1614.25,0,0.0,0,0,2026-07-27
NIFTY,2026-09-01,25850.0,PE,0.0,0.0,0.0,1593.2,1747.7,0,0.0,0,0,2026-07-27
NIFTY,2026-09-29,19500.0,PE,18.95,19.0,16.0,16.5,16.5,3544,4495888504.25,898820,-40040,2026-07-27
NIFTY,2026-09-29,21750.0,PE,42.5,42.5,34.4,34.85,34.85,109,154363183.0,5980,-260,2026-07-27
NIFTY,2026-09-29,24200.0,PE,529.2,548.65,448.85,459.75,459.75,892,1431818020.75,70590,19825,2026-07-27
NIFTY,2026-09-29,24300.0,PE,580.0,586.25,494.5,499.9,499.9,265,427943171.5,30290,2210,2026-07-27
NIFTY,2026-09-29,24500.0,PE,700.0,700.0,593.9,602.2,602.2,3152,5153119907.0,915070,40300,2026-07-27
NIFTY,2026-09-29,24650.0,PE,0.0,0.0,0.0,770.0,879.9,0,0.0,6565,0,2026-07-27
NIFTY,2026-08-11,22600.0,PE,17.3,29.1,8.65,9.55,9.55,3549,5216049432.75,105170,44460,2026-07-27
NIFTY,2026-09-29,25200.0,PE,0.0,0.0,0.0,1093.9,1237.85,0,0.0,5460,0,2026-07-27
NIFTY,2026-09-29,25400.0,PE,0.0,0.0,0.0,1041.0,1383.85,0,0.0,650,0,2026-07-27
NIFTY,2026-09-29,25450.0,PE,0.0,0.0,0.0,1559.9,1421.3,0,0.0,0,0,2026-07-27
NIFTY,2026-09-29,25950.0,PE,0.0,0.0,0.0,1938.0,1816.0,0,0.0,0,0,2026-07-27
NIFTY,2026-12-29,23000.0,PE,289.95,300.0,266.05,269.1,269.1,8409,12725996257.0,2158765,41525,2026-07-27
NIFTY,2026-12-29,30000.0,PE,5306.6,5306.6,5120.0,5126.6,5126.6,96,219701179.75,411895,-3965,2026-07-27
NIFTY,2026-07-28,22450.0,CE,0.0,0.0,0.0,1400.0,1549.7,0,0.0,325,0,2026-07-27
NIFTY,2026-07-28,21200.0,CE,0.0,0.0,0.0,2521.1,2799.5,0,0.0,195,0,2026-07-27
NIFTY,2027-03-30,24000.0,PE,605.0,606.4,570.0,577.4,577.4,1175,1877686401.5,180635,11310,2026-07-27
NIFTY,2027-06-29,22500.0,PE,0.0,0.0,0.0,413.15,456.05,0,0.0,650,0,2026-07-27
NIFTY,2026-08-04,25850.0,CE,1.05,1.6,0.95,1.0,1.0,208,349508786.25,5330,-845,2026-07-27
NIFTY,2026-08-04,24250.0,CE,75.05,83.55,59.0,78.65,78.65,33346,52716639345.5,513175,71760,2026-07-27
NIFTY,2026-08-04,24100.0,CE,137.0,143.0,104.0,137.15,137.15,162476,255803108733.25,1532115,376350,2026-07-27
NIFTY,2026-08-04,23250.0,CE,702.5,802.7,702.15,802.7,802.7,30,46775472.25,1495,-390,2026-07-27
NIFTY,2026-08-04,23150.0,CE,793.5,825.95,793.5,810.0,894.15,9,14016002.0,845,-325,2026-07-27
NIFTY,2026-08-04,22700.0,CE,1245.0,1245.0,1245.0,1245.0,1328.35,1,1556425.0,65,65,2026-07-27
NIFTY,2026-08-04,22350.0,CE,0.0,0.0,0.0,1705.25,1675.95,0,0.0,0,0,2026-07-27
NIFTY,2026-08-04,22250.0,CE,0.0,0.0,0.0,1793.65,1775.65,0,0.0,0,0,2026-07-27
NIFTY,2026-08-04,21650.0,CE,0.0,0.0,0.0,2348.4,2374.7,0,0.0,0,0,2026-07-27
NIFTY,2026-07-28,26050.0,CE,0.55,1.5,0.25,0.45,0.45,13950,23621248082.25,121875,-65845,2026-07-27
NIFTY,2026-07-28,26000.0,CE,0.45,0.55,0.3,0.35,0.35,131134,221620156270.5,3495570,-1743040,2026-07-27
NIFTY,2026-07-28,25750.0,CE,0.7,0.7,0.3,0.45,0.45,17800,29793358767.25,142285,-19435,2026-07-27
NIFTY,2026-07-28,24450.0,CE,5.0,5.55,1.5,2.1,2.1,925881,1471606152084.25,2752230,683995,2026-07-27
NIFTY,2026-07-28,23150.0,CE,810.6,890.35,760.4,883.85,883.85,71,110710232.75,8190,-65,2026-07-27
NIFTY,2026-07-28,23050.0,CE,916.8,984.1,859.6,975.55,975.55,29,45192452.5,2080,260,2026-07-27
NIFTY,2026-07-28,22350.0,CE,0.0,0.0,0.0,1636.55,1649.7,0,0.0,260,0,2026-07-27
NIFTY,2026-07-28,21600.0,CE,0.0,0.0,0.0,2783.4,2399.55,0,0.0,0,0,2026-07-27
NIFTY,2026-08-04,24400.0,CE,42.95,49.95,30.55,41.25,41.25,123950,196881086691.25,1991470,510315,2026-07-27
NIFTY,2030-06-25,19500.0,PE,0.0,0.0,0.0,64.95,229.6,0,0.0,0,0,2026-07-27
NIFTY,2030-06-25,16500.0,PE,0.0,0.0,0.0,12.0,63.25,0,0.0,0,0,2026-07-27
NIFTY,2029-06-26,31500.0,PE,0.0,0.0,0.0,2443.35,3948.8,0,0.0,0,0,2026-07-27
NIFTY,2029-06-26,21000.0,PE,0.0,0.0,0.0,320.25,372.45,0,0.0,0,0,2026-07-27
NIFTY,2028-12-26,25000.0,PE,0.0,0.0,0.0,1200.0,1248.6,0,0.0,5620,0,2026-07-27
NIFTY,2028-12-26,18000.0,PE,0.0,0.0,0.0,250.0,89.1,0,0.0,75,0,2026-07-27
NIFTY,2028-06-27,21000.0,PE,0.0,0.0,0.0,907.2,324.9,0,0.0,0,0,2026-07-27
NIFTY,2027-12-28,22000.0,PE,412.0,456.45,411.0,456.45,439.2,5,7290455.25,29530,45,2026-07-27
NIFTY,2027-12-28,15000.0,PE,0.0,0.0,0.0,39.0,2.65,0,0.0,625,0,2026-07-27
NIFTY,2027-06-29,31500.0,PE,0.0,0.0,0.0,3604.7,5832.7,0,0.0,0,0,2026-07-27
NIFTY,2027-06-29,24000.0,PE,660.0,660.0,660.0,660.0,660.0,1,1602900.0,65,65,2026-07-27
NIFTY,2027-03-30,31500.0,PE,0.0,0.0,0.0,7066.15,6208.55,0,0.0,0,0,2026-07-27
NIFTY,2027-03-30,30000.0,PE,0.0,0.0,0.0,5754.5,4863.75,0,0.0,130,0,2026-07-27
NIFTY,2027-03-30,25500.0,PE,1207.0,1220.0,1165.0,1169.3,1169.3,180,312313803.75,34645,1300,2026-07-27
NIFTY,2026-12-29,28500.0,PE,0.0,0.0,0.0,1948.15,3840.35,0,0.0,0,0,2026-07-27
NIFTY,2026-12-29,25000.0,PE,987.9,987.9,906.4,914.55,914.55,2087,3519917290.5,1700355,-14620,2026-07-27
NIFTY,2026-12-29,19500.0,PE,45.0,49.6,44.15,46.15,46.15,85,107988890.75,69095,65,2026-07-27
NIFTY,2026-09-29,25350.0,PE,0.0,0.0,0.0,1488.65,1345.9,0,0.0,0,0,2026-07-27
NIFTY,2026-09-29,25150.0,PE,0.0,0.0,0.0,1080.65,1202.8,0,0.0,130,0,2026-07-27
NIFTY,2026-09-29,24350.0,PE,570.45,570.45,542.0,542.0,712.1,2,3237809.25,10010,0,2026-07-27
NIFTY,2026-09-29,23850.0,PE,371.45,375.4,314.7,325.0,325.0,72,113230841.75,6370,2275,2026-07-27
NIFTY,2026-09-29,23300.0,PE,218.05,222.75,172.55,175.3,175.3,954,1457067641.25,107120,5200,2026-07-27
NIFTY,2026-09-29,18000.0,PE,9.95,9.95,8.7,9.5,9.5,1792,2097751821.75,1055340,7475,2026-07-27
NIFTY,2026-09-01,25050.0,PE,0.0,0.0,0.0,970.45,1078.7,0,0.0,0,0,2026-07-27
NIFTY,2026-09-01,24450.0,PE,0.0,0.0,0.0,601.1,669.6,0,0.0,0,0,2026-07-27
NIFTY,2026-09-01,24000.0,PE,357.65,375.0,291.1,296.8,296.8,162,256247706.0,7085,4745,2026-07-27
NIFTY,2026-09-01,23350.0,PE,0.0,0.0,0.0,182.25,197.65,0,0.0,0,0,2026-07-27
NIFTY,2026-09-01,23300.0,PE,0.0,0.0,0.0,170.65,184.75,0,0.0,0,0,2026-07-27
NIFTY,2026-09-01,23250.0,PE,0.0,0.0,0.0,159.65,171.45,0,0.0,0,0,2026-07-27
NIFTY,2026-09-01,22150.0,PE,0.0,0.0,0.0,42.0,25.8,0,0.0,65,0,2026-07-27
NIFTY,2026-09-01,22100.0,PE,31.5,31.5,21.9,22.0,23.25,3,4314401.0,65,0,2026-07-27
NIFTY,2026-09-01,22050.0,PE,0.0,0.0,0.0,22.15,20.95,0,0.0,0,0,2026-07-27
NIFTY,2026-08-25,26200.0,PE,2180.0,2200.0,2027.8,2071.3,2071.3,329,605814339.0,23660,19630,2026-07-27
NIFTY,2026-08-25,25100.0,PE,1091.7,1133.15,1005.0,1030.05,1030.05,108,183650522.25,25025,5785,2026-07-27
NIFTY,2026-08-25,24450.0,PE,610.2,610.2,508.05,508.05,508.05,63,102548101.5,9620,-585,2026-07-27
NIFTY,2026-08-25,23550.0,PE,182.6,205.35,129.95,133.8,133.8,964,1486227437.5,41275,7280,2026-07-27
NIFTY,2026-08-25,23400.0,PE,169.6,169.6,100.5,103.15,103.15,8576,13112815673.75,447785,72215,2026-07-27
NIFTY,2026-08-25,23200.0,PE,108.45,124.0,71.5,73.6,73.6,14014,21216528905.0,848055,49010,2026-07-27
NIFTY,2026-08-25,22150.0,PE,33.45,33.45,15.65,16.5,16.5,247,355913541.75,15665,-2600,2026-07-27
NIFTY,2026-08-25,21800.0,PE,16.75,16.75,10.9,12.45,12.45,750,1063397546.25,55445,-2795,2026-07-27
NIFTY,2026-08-25,21450.0,PE,12.0,12.0,8.8,9.65,9.65,106,147862087.75,2665,-1235,2026-07-27
NIFTY,2026-08-18,25600.0,PE,0.0,0.0,0.0,1494.85,1542.2,0,0.0,0,0,2026-07-27
NIFTY,2026-08-18,24600.0,PE,0.0,0.0,0.0,738.5,708.0,0,0.0,0,0,2026-07-27
NIFTY,2026-08-18,24000.0,PE,305.05,328.3,232.0,239.1,239.1,1630,2572077059.5,50635,25155,2026-07-27
NIFTY,2026-08-18,23600.0,PE,150.8,165.85,108.15,111.95,111.95,353,544595779.0,14105,3445,2026-07-27
NIFTY,2026-08-18,23350.0,PE,103.0,103.0,66.4,68.0,68.0,82,124965503.0,5980,-1105,2026-07-27
NIFTY,2026-08-18,23200.0,PE,110.6,110.6,49.65,51.15,51.15,470,710819924.75,46150,7215,2026-07-27
NIFTY,2026-08-18,22650.0,PE,30.9,30.9,19.4,19.75,19.75,103,151812303.5,6890,-1755,2026-07-27
NIFTY,2026-08-18,22250.0,PE,13.3,14.15,11.7,11.7,11.7,7,10129704.0,3315,0,2026-07-27
NIFTY,2026-08-18,22150.0,PE,11.25,11.45,11.0,11.45,7.55,20,28809625.0,1300,1300,2026-07-27
NIFTY,2026-08-11,26000.0,PE,0.0,0.0,0.0,2300.0,1942.7,0,0.0,1170,0,2026-07-27
NIFTY,2026-08-11,25800.0,PE,1923.15,1923.15,1775.0,1775.0,1746.15,13,23355029.75,780,715,2026-07-27
NIFTY,2026-08-11,25650.0,PE,0.0,0.0,0.0,1826.7,1600.05,0,0.0,0,0,2026-07-27
NIFTY,2026-08-11,24600.0,PE,0.0,0.0,0.0,946.25,670.95,0,0.0,2795,0,2026-07-27
NIFTY,2026-08-11,24550.0,PE,0.0,0.0,0.0,921.4,633.0,0,0.0,1365,0,2026-07-27
NIFTY,2026-08-11,22950.0,PE,33.05,33.05,14.75,16.9,16.9,608,907794446.0,24700,16445,2026-07-27
NIFTY,2026-08-11,22750.0,PE,24.1,24.1,11.35,12.1,12.1,388,574171672.75,16055,8190,2026-07-27
NIFTY,2026-08-04,26150.0,PE,0.0,0.0,0.0,2185.2,2119.4,0,0.0,0,0,2026-07-27
NIFTY,2026-08-04,26050.0,PE,0.0,0.0,0.0,2092.95,2019.6,0,0.0,0,0,2026-07-27
NIFTY,2026-08-04,26000.0,PE,2046.45,2056.0,1845.45,1947.8,1947.8,331,602139404.75,30290,20670,2026-07-27
NIFTY,2026-08-04,23000.0,PE,20.4,20.4,7.85,8.75,8.75,133012,198935222089.5,2915900,1458015,2026-07-27
NIFTY,2026-08-04,22600.0,PE,6.2,7.3,4.1,5.25,5.25,25008,36744741858.5,389675,127985,2026-07-27
NIFTY,2026-08-04,22250.0,PE,3.8,4.2,2.8,3.55,3.55,5024,7267039919.75,98540,-52000,2026-07-27
NIFTY,2026-07-28,26250.0,PE,0.0,0.0,0.0,1770.65,2249.7,0,0.0,65,0,2026-07-27
NIFTY,2026-07-28,25400.0,PE,1450.0,1476.0,1370.0,1375.0,1375.0,92,160520665.5,9035,-4810,2026-07-27
NIFTY,2026-07-28,25250.0,PE,1246.35,1246.35,1246.35,1246.35,1246.35,1,1722262.75,1170,0,2026-07-27
NIFTY,2026-07-28,24100.0,PE,200.0,213.45,92.6,106.5,106.5,1445098,2277620761227.5,3524950,1020045,2026-07-27
NIFTY,2026-07-28,23900.0,PE,70.0,77.6,16.9,20.6,20.6,8312324,12937792779544.75,12355005,9180340,2026-07-27
NIFTY,2026-07-28,23450.0,PE,10.0,12.6,2.4,2.95,2.95,968474,1476426102030.75,3349970,677170,2026-07-27
NIFTY,2026-07-28,22500.0,PE,1.65,1.85,0.9,1.3,1.3,588101,860141211484.75,6482385,-512200,2026-07-27
NIFTY,2026-07-28,22250.0,PE,1.2,1.4,0.7,1.0,1.0,22838,33030783639.75,227435,-83005,2026-07-27
NIFTY,2031-06-24,31500.0,CE,0.0,0.0,0.0,3928.35,4104.05,0,0.0,0,0,2026-07-27
NIFTY,2030-12-31,28500.0,CE,0.0,0.0,0.0,5968.3,4727.6,0,0.0,0,0,2026-07-27
NIFTY,2030-12-31,16500.0,CE,0.0,0.0,0.0,13763.55,11755.95,0,0.0,0,0,2026-07-27
NIFTY,2030-06-25,31500.0,CE,0.0,0.0,0.0,3984.8,3032.4,0,0.0,0,0,2026-07-27
NIFTY,2030-06-25,18000.0,CE,0.0,0.0,0.0,12423.9,10227.1,0,0.0,0,0,2026-07-27
NIFTY,2029-12-24,28500.0,CE,0.0,0.0,0.0,4802.1,3553.05,0,0.0,0,0,2026-07-27
NIFTY,2029-12-24,16500.0,CE,0.0,0.0,0.0,12984.85,10884.8,0,0.0,0,0,2026-07-27
NIFTY,2029-06-26,21000.0,CE,0.0,0.0,0.0,9799.75,7051.95,0,0.0,0,0,2026-07-27
NIFTY,2029-06-26,18000.0,CE,0.0,0.0,0.0,11678.65,9258.85,0,0.0,0,0,2026-07-27
NIFTY,2028-06-27,19500.0,CE,0.0,0.0,0.0,9209.1,6980.95,0,0.0,0,0,2026-07-27
NIFTY,2027-12-28,33000.0,CE,0.0,0.0,0.0,150.0,354.35,0,0.0,2795,0,2026-07-27
NIFTY,2027-06-29,25500.0,CE,0.0,0.0,0.0,3312.45,1547.2,0,0.0,0,0,2026-07-27
NIFTY,2026-12-29,22500.0,CE,2178.45,2268.0,2178.45,2259.05,2259.05,22,35336944.5,15795,0,2026-07-27
NIFTY,2026-12-29,16000.0,CE,0.0,0.0,0.0,6200.0,8438.85,0,0.0,50,0,2026-07-27
NIFTY,2026-09-29,26150.0,CE,0.0,0.0,0.0,215.05,131.3,0,0.0,0,0,2026-07-27
NIFTY,2026-09-29,25100.0,CE,145.9,156.0,137.6,151.7,151.7,875,1435824500.5,44590,8710,2026-07-27
NIFTY,2026-09-29,23800.0,CE,699.7,756.35,690.0,748.55,748.55,252,401503024.0,25285,-4160,2026-07-27
NIFTY,2026-09-29,23550.0,CE,0.0,0.0,0.0,812.55,1083.1,0,0.0,910,0,2026-07-27
NIFTY,2026-09-29,23250.0,CE,0.0,0.0,0.0,1240.1,1286.7,0,0.0,650,0,2026-07-27
NIFTY,2026-09-29,22400.0,CE,0.0,0.0,0.0,1741.4,1956.75,0,0.0,195,0,2026-07-27
NIFTY,2026-09-29,22250.0,CE,0.0,0.0,0.0,2117.8,2086.55,0,0.0,0,0,2026-07-27
NIFTY,2026-09-29,22150.0,CE,0.0,0.0,0.0,2200.35,2174.65,0,0.0,0,0,2026-07-27
NIFTY,2026-09-01,25250.0,CE,0.0,0.0,0.0,227.15,144.9,0,0.0,0,0,2026-07-27
NIFTY,2026-09-01,24550.0,CE,0.0,0.0,0.0,464.5,336.3,0,0.0,0,0,2026-07-27
NIFTY,2026-09-01,23850.0,CE,491.65,495.9,491.65,491.8,667.0,7,11076585.0,520,0,2026-07-27
NIFTY,2026-09-01,22750.0,CE,0.0,0.0,0.0,1672.8,1473.0,0,0.0,0,0,2026-07-27
NIFTY,2026-09-01,22500.0,CE,0.0,0.0,0.0,1895.1,1693.2,0,0.0,0,0,2026-07-27
NIFTY,2026-08-25,25750.0,CE,0.0,0.0,0.0,315.3,44.5,0,0.0,0,0,2026-07-27
NIFTY,2026-08-25,25000.0,CE,49.85,53.75,40.3,46.75,46.75,50648,82450469832.25,4002375,-51610,2026-07-27
NIFTY,2026-08-25,24750.0,CE,83.9,96.05,73.9,86.7,86.7,1594,2572842938.25,85410,11635,2026-07-27
NIFTY,2026-08-25,24600.0,CE,129.95,131.6,104.55,122.9,122.9,9912,15924184376.75,679640,46670,2026-07-27
NIFTY,2026-08-25,24550.0,CE,132.35,145.65,118.1,137.9,137.9,1181,1894657271.0,56160,3705,2026-07-27
NIFTY,2026-08-25,24000.0,CE,393.15,393.15,335.0,380.4,380.4,86894,137599870443.75,7241975,441220,2026-07-27
NIFTY,2026-08-25,23700.0,CE,481.0,610.0,434.7,572.55,572.55,15556,24507347380.75,378625,-437645,2026-07-27
NIFTY,2026-08-25,23550.0,CE,639.95,685.0,600.95,676.35,676.35,105,165085901.5,6890,845,2026-07-27
NIFTY,2026-08-25,23350.0,CE,798.8,829.5,792.0,825.0,925.3,11,17271894.25,2080,-455,2026-07-27
NIFTY,2026-08-25,23250.0,CE,845.0,905.45,845.0,905.45,999.8,8,12544701.0,2275,130,2026-07-27
NIFTY,2026-08-25,23100.0,CE,983.6,1059.85,968.5,1059.85,1059.85,31,48577584.25,7280,1040,2026-07-27
NIFTY,2026-08-25,22750.0,CE,1311.1,1323.7,1301.0,1318.8,1414.1,7,10949256.5,1300,-195,2026-07-27
NIFTY,2026-08-25,21950.0,CE,0.0,0.0,0.0,2408.05,2161.1,0,0.0,0,0,2026-07-27
NIFTY,2026-08-25,21850.0,CE,0.0,0.0,0.0,2494.1,2258.4,0,0.0,0,0,2026-07-27
NIFTY,2026-08-18,25900.0,CE,5.4,6.05,2.85,2.95,2.95,15,25256637.25,325,65,2026-07-27
NIFTY,2026-08-18,25500.0,CE,9.85,9.85,7.6,7.95,7.95,1552,2573283924.25,133705,38220,2026-07-27
NIFTY,2026-08-18,23750.0,CE,446.85,489.3,394.35,483.95,483.95,64,100684132.25,3705,-260,2026-07-27
NIFTY,2026-08-18,22550.0,CE,0.0,0.0,0.0,1684.2,1550.85,0,0.0,0,0,2026-07-27
NIFTY,2026-08-11,25450.0,CE,5.9,5.9,3.05,3.35,3.35,171,282919507.0,5525,2860,2026-07-27
NIFTY,2026-08-11,24850.0,CE,0.0,0.0,0.0,373.65,75.8,0,0.0,0,0,2026-07-27
NIFTY,2026-08-11,23300.0,CE,700.0,809.05,700.0,793.25,793.25,370,578401807.75,14625,11765,2026-07-27
NIFTY,2026-08-11,23000.0,CE,964.6,1095.1,964.6,1093.25,1093.25,154,240312689.5,7150,5590,2026-07-27
NIFTY,2026-08-11,21650.0,CE,0.0,0.0,0.0,2877.3,2400.05,0,0.0,0,0,2026-07-27
NIFTY,2026-08-18,22000.0,CE,0.0,0.0,0.0,2196.2,2080.9,0,0.0,0,0,2026-07-27
NIFTY,2026-07-28,21650.0,CE,0.0,0.0,0.0,1938.2,2349.55,0,0.0,65,0,2026-07-27
NIFTY,2026-08-04,25800.0,PE,1830.0,1860.0,1745.0,1747.75,1747.75,31,55575841.75,2405,1950,2026-07-27
NIFTY,2026-08-11,25200.0,PE,1000.0,1268.5,1000.0,1145.15,1145.15,15,25718832.75,260,195,2026-07-27
NIFTY,2027-03-30,24000.0,CE,1505.0,1554.35,1474.0,1543.4,1543.4,129,213901853.75,38870,5070,2026-07-27
NIFTY,2026-08-04,21850.0,PE,3.85,4.15,2.35,3.15,3.15,402,571013917.5,6565,-2535,2026-07-27
NIFTY,2026-12-29,31500.0,CE,13.4,13.4,11.75,11.75,11.75,22,45062017.0,19435,1300,2026-07-27
NIFTY,2026-09-29,27000.0,CE,10.55,11.75,9.35,10.15,10.15,2127,3734287137.75,1476735,10985,2026-07-27
NIFTY,2026-09-29,26100.0,CE,0.0,0.0,0.0,223.8,138.25,0,0.0,0,0,2026-07-27
NIFTY,2026-08-18,22350.0,PE,15.7,17.0,13.5,13.5,13.5,55,79955398.25,4810,-2860,2026-07-27
NIFTY,2026-08-25,25050.0,PE,1075.0,1075.0,1050.0,1050.0,1071.85,2,3394625.0,390,130,2026-07-27
NIFTY,2026-09-01,25200.0,PE,0.0,0.0,0.0,1077.05,1195.0,0,0.0,0,0,2026-07-27
NIFTY,2026-09-29,22450.0,PE,82.75,83.45,67.7,68.05,68.05,52,76142378.0,8450,-2145,2026-07-27
NIFTY,2026-08-04,23000.0,CE,970.0,1066.75,924.95,1045.5,1045.5,2000,3119137827.0,90805,53820,2026-07-27
NIFTY,2026-09-29,22900.0,CE,1311.05,1405.0,1311.05,1405.0,1547.6,2,3153543.25,1040,-65,2026-07-27
NIFTY,2026-09-01,25400.0,CE,0.0,0.0,0.0,191.8,118.4,0,0.0,0,0,2026-07-27
NIFTY,2026-09-01,23500.0,CE,702.85,781.8,702.85,781.8,781.8,13,20478809.0,650,-780,2026-07-27
NIFTY,2026-09-01,22550.0,CE,0.0,0.0,0.0,1849.95,1648.35,0,0.0,0,0,2026-07-27
NIFTY,2026-08-25,23000.0,CE,1082.0,1164.55,1038.0,1145.7,1145.7,4983,7807399434.25,558740,106405,2026-07-27
NIFTY,2026-08-18,23850.0,CE,308.2,419.85,308.2,419.05,419.05,55,86644814.75,3900,195,2026-07-27
NIFTY,2026-08-18,23250.0,CE,0.0,0.0,0.0,755.0,937.2,0,0.0,1365,0,2026-07-27
NIFTY,2026-08-04,24500.0,PE,564.3,602.65,461.5,474.95,474.95,8707,14155747489.0,460915,293605,2026-07-27
NIFTY,2026-07-28,25900.0,CE,0.5,0.95,0.3,0.4,0.4,16006,26946615982.0,250120,-144690,2026-07-27
NIFTY,2026-07-28,24750.0,CE,1.6,1.85,0.65,1.0,1.0,195543,314595951384.0,1677780,-116935,2026-07-27
NIFTY,2026-07-28,22000.0,CE,1962.65,2049.1,1905.55,2031.3,2031.3,3665,5712390843.25,331435,-61295,2026-07-27
NIFTY,2026-08-18,23000.0,CE,0.0,0.0,0.0,1296.35,1144.4,0,0.0,0,0,2026-07-27
NIFTY,2026-07-28,22500.0,CE,1451.65,1545.8,1409.35,1529.5,1529.5,1736,2705739617.75,146510,-53105,2026-07-27
NIFTY,2026-07-28,21750.0,CE,0.0,0.0,0.0,2437.6,2249.6,0,0.0,0,0,2026-07-27
NIFTY,2026-07-28,22250.0,CE,1733.55,1733.55,1733.55,1733.55,1749.65,1,1558930.75,260,0,2026-07-27
NIFTY,2031-06-24,31500.0,PE,0.0,0.0,0.0,3185.85,2874.4,0,0.0,0,0,2026-07-27
NIFTY,2030-12-31,25500.0,PE,0.0,0.0,0.0,538.25,1154.65,0,0.0,0,0,2026-07-27
NIFTY,2030-06-25,24000.0,PE,0.0,0.0,0.0,698.15,871.95,0,0.0,0,0,2026-07-27
NIFTY,2029-12-24,26000.0,PE,0.0,0.0,0.0,2150.0,1431.25,0,0.0,3665,0,2026-07-27
NIFTY,2029-12-24,23000.0,PE,865.0,865.0,865.0,865.0,696.5,1,1551225.0,1560,0,2026-07-27
NIFTY,2029-12-24,18000.0,PE,0.0,0.0,0.0,96.5,117.85,0,0.0,0,0,2026-07-27
NIFTY,2028-12-26,16500.0,PE,0.0,0.0,0.0,5.9,36.15,0,0.0,0,0,2026-07-27
NIFTY,2028-06-27,30000.0,PE,0.0,0.0,0.0,3779.25,3747.4,0,0.0,0,0,2026-07-27
NIFTY,2028-06-27,19500.0,PE,0.0,0.0,0.0,40.05,160.2,0,0.0,0,0,2026-07-27
NIFTY,2027-12-28,31500.0,PE,0.0,0.0,0.0,3240.0,5216.9,0,0.0,0,0,2026-07-27
NIFTY,2027-12-28,28500.0,PE,0.0,0.0,0.0,2979.7,3115.65,0,0.0,260,0,2026-07-27
NIFTY,2026-12-29,24000.0,PE,549.95,549.95,500.0,511.3,511.3,7692,12261727848.5,2039590,117880,2026-07-27
NIFTY,2026-12-29,16000.0,PE,21.4,21.4,19.0,19.15,19.15,144,149940696.75,124860,-3380,2026-07-27
NIFTY,2026-12-29,15000.0,PE,17.3,17.3,15.0,15.15,15.15,51,49776402.0,116335,-455,2026-07-27
NIFTY,2026-09-29,25900.0,PE,0.0,0.0,0.0,1898.75,1774.8,0,0.0,0,0,2026-07-27
NIFTY,2026-09-29,25250.0,PE,1100.0,1100.0,1100.0,1100.0,1100.0,1,1712750.0,390,-65,2026-07-27
NIFTY,2026-09-29,24900.0,PE,836.0,836.0,834.0,835.8,835.8,10,16728270.0,6110,-325,2026-07-27
NIFTY,2026-09-29,24150.0,PE,486.4,500.9,433.65,433.65,433.65,51,81654254.5,6760,715,2026-07-27
NIFTY,2026-09-29,24050.0,PE,447.0,450.0,390.0,398.75,398.75,59,93854735.0,13000,-260,2026-07-27
NIFTY,2026-09-29,23450.0,PE,250.1,257.0,207.0,208.95,208.95,128,196940542.5,12935,-1495,2026-07-27
NIFTY,2026-09-29,23200.0,PE,196.5,200.35,154.25,156.5,156.5,2197,3338011322.75,184210,51090,2026-07-27
NIFTY,2026-09-29,22750.0,PE,123.6,123.6,93.9,94.05,94.05,63,93597546.25,14820,195,2026-07-27
NIFTY,2026-09-29,22350.0,PE,78.25,78.5,59.8,61.15,61.15,133,193855967.5,9165,2470,2026-07-27
NIFTY,2026-09-29,22100.0,PE,62.45,62.45,46.7,47.05,47.05,481,692589586.0,394160,-10920,2026-07-27
NIFTY,2026-09-29,22050.0,PE,54.6,54.6,47.85,47.85,63.85,9,12929013.5,3640,-65,2026-07-27
NIFTY,2026-09-29,21650.0,PE,36.5,36.6,31.0,31.55,31.55,85,119808195.0,9880,455,2026-07-27
NIFTY,2026-09-29,16500.0,PE,6.15,6.15,3.95,4.45,4.45,573,614712533.5,157170,-3445,2026-07-27
NIFTY,2026-09-01,25450.0,PE,0.0,0.0,0.0,1266.1,1399.15,0,0.0,0,0,2026-07-27
NIFTY,2026-09-01,24550.0,PE,0.0,0.0,0.0,655.9,730.85,0,0.0,0,0,2026-07-27
NIFTY,2026-09-01,23850.0,PE,298.0,299.25,233.8,236.75,236.75,20,31354287.25,455,455,2026-07-27
NIFTY,2026-09-01,22650.0,PE,63.55,63.55,63.55,63.55,66.75,1,1476380.75,65,65,2026-07-27
NIFTY,2026-09-01,22200.0,PE,0.0,0.0,0.0,29.6,28.6,0,0.0,0,0,2026-07-27
NIFTY,2026-08-25,26150.0,PE,0.0,0.0,0.0,2082.5,2049.55,0,0.0,0,0,2026-07-27
NIFTY,2026-08-25,25850.0,PE,1810.0,1845.0,1810.0,1835.0,1767.05,8,14391975.0,585,260,2026-07-27
NIFTY,2026-08-25,25750.0,PE,0.0,0.0,0.0,1908.0,1674.85,0,0.0,65,0,2026-07-27
NIFTY,2026-08-25,25450.0,PE,0.0,0.0,0.0,1135.0,1406.05,0,0.0,260,0,2026-07-27
NIFTY,2026-08-25,24850.0,PE,865.0,865.0,864.0,864.0,918.05,2,3342885.0,1170,0,2026-07-27
NIFTY,2026-08-25,24800.0,PE,847.75,875.0,747.55,764.35,764.35,1103,1837381695.5,219765,14105,2026-07-27
NIFTY,2026-08-25,24700.0,PE,780.0,805.65,671.05,683.7,683.7,716,1184112423.0,180050,13325,2026-07-27
NIFTY,2026-08-25,24250.0,PE,473.9,495.0,386.25,395.35,395.35,552,886382012.75,35945,-1105,2026-07-27
NIFTY,2026-08-25,23850.0,PE,281.9,308.2,212.5,219.2,219.2,1772,2777054543.25,56615,10075,2026-07-27
NIFTY,2026-08-25,23700.0,PE,170.05,269.55,165.7,171.95,171.95,21276,33048553180.5,964340,314145,2026-07-27
NIFTY,2026-08-25,22900.0,PE,84.55,84.55,43.1,44.5,44.5,6230,9295586131.0,263575,-17160,2026-07-27
NIFTY,2026-08-25,21900.0,PE,17.85,17.85,11.15,13.4,13.4,521,742132816.75,23985,-5330,2026-07-27
NIFTY,2026-08-25,21750.0,PE,15.0,15.0,10.5,12.1,12.1,105,148530729.75,2730,-780,2026-07-27
NIFTY,2026-08-25,21700.0,PE,23.15,23.15,10.65,11.4,11.4,471,664728541.75,37310,-4810,2026-07-27
NIFTY,2026-08-25,21600.0,PE,19.55,19.55,9.8,10.35,10.35,270,379277258.75,37960,-2210,2026-07-27
NIFTY,2026-08-18,24900.0,PE,0.0,0.0,0.0,940.3,932.85,0,0.0,0,0,2026-07-27
NIFTY,2026-08-18,24650.0,PE,0.0,0.0,0.0,575.85,743.45,0,0.0,65,0,2026-07-27
NIFTY,2026-08-18,23750.0,PE,222.1,222.1,145.65,149.7,149.7,125,194361544.0,6110,-1755,2026-07-27
NIFTY,2026-08-11,25400.0,PE,1419.8,1419.8,1334.7,1346.15,1346.15,7,12176190.0,260,260,2026-07-27
NIFTY,2026-08-11,24250.0,PE,408.45,426.35,327.8,334.5,334.5,99,158474195.75,6565,-260,2026-07-27
NIFTY,2026-08-11,24200.0,PE,369.7,395.8,284.65,300.0,300.0,1315,2097222929.75,124735,8970,2026-07-27
NIFTY,2026-08-11,24050.0,PE,295.45,307.35,213.05,219.95,219.95,953,1505840719.5,28535,18785,2026-07-27
NIFTY,2026-08-11,23750.0,PE,235.0,235.0,107.15,112.4,112.4,1182,1835994634.5,31655,8515,2026-07-27
NIFTY,2026-08-11,23400.0,PE,77.6,88.85,45.8,48.1,48.1,8779,13388850143.5,232960,144820,2026-07-27
NIFTY,2026-08-04,25650.0,PE,1715.0,1715.0,1715.0,1715.0,1620.85,8,14229800.0,520,455,2026-07-27
NIFTY,2026-08-04,24950.0,PE,876.0,876.0,876.0,876.0,876.0,2,3357380.0,325,130,2026-07-27
NIFTY,2026-08-04,24850.0,PE,900.6,900.6,791.65,807.1,807.1,12,20021079.0,260,-195,2026-07-27
NIFTY,2026-08-04,24700.0,PE,745.0,769.8,645.55,655.95,655.95,149,246121580.25,16380,4810,2026-07-27
NIFTY,2026-08-04,24650.0,PE,720.0,724.0,600.0,607.25,607.25,22,36222277.0,1625,520,2026-07-27
NIFTY,2026-08-04,24100.0,PE,235.2,287.5,178.0,188.7,188.7,40336,63789195918.5,773435,429325,2026-07-27
NIFTY,2026-08-04,23450.0,PE,50.0,52.65,20.25,22.1,22.1,31541,48140667139.5,350935,195130,2026-07-27
NIFTY,2026-08-04,23300.0,PE,40.0,40.0,14.0,14.7,14.7,107270,162603739564.5,1384240,856570,2026-07-27
NIFTY,2026-08-04,22000.0,PE,4.5,4.5,2.7,3.2,3.2,30295,43327915777.25,1461980,480610,2026-07-27
NIFTY,2026-08-04,21700.0,PE,2.8,3.1,2.3,2.95,2.95,2110,2976528756.5,80275,30290,2026-07-27
NIFTY,2026-07-28,26200.0,PE,2265.0,2284.75,2160.0,2173.6,2173.6,207,382494950.5,29380,-9555,2026-07-27
NIFTY,2026-07-28,25650.0,PE,1715.0,1715.0,1715.0,1715.0,1649.8,8,14229800.0,390,-130,2026-07-27
NIFTY,2026-07-28,24800.0,PE,853.0,894.3,760.9,770.6,770.6,1880,3132145932.5,127270,-48490,2026-07-27
NIFTY,2026-07-28,24450.0,PE,515.5,549.6,408.05,422.2,422.2,2628,4258425726.75,57265,-22620,2026-07-27
NIFTY,2026-07-28,23500.0,PE,11.0,11.0,2.9,3.4,3.4,1642930,2510058240040.0,10225800,-125125,2026-07-27
NIFTY,2026-07-28,22700.0,PE,2.4,2.4,1.0,1.25,1.25,378220,558094463741.75,1748825,-1359475,2026-07-27
NIFTY,2026-07-28,21950.0,PE,0.9,1.35,0.65,0.95,0.95,11229,16021589691.25,81380,34450,2026-07-27
NIFTY,2026-07-28,21850.0,PE,0.9,1.15,0.6,0.8,0.8,3762,5343171392.0,72540,35490,2026-07-27
NIFTY,2026-07-28,21550.0,PE,0.95,1.4,0.4,0.6,0.6,3126,4378880931.75,55965,13910,2026-07-27
NIFTY,2031-06-24,16500.0,CE,0.0,0.0,0.0,11849.25,12144.1,0,0.0,0,0,2026-07-27
NIFTY,2030-12-31,24000.0,CE,0.0,0.0,0.0,8563.3,6926.1,0,0.0,0,0,2026-07-27
NIFTY,2030-06-25,25500.0,CE,0.0,0.0,0.0,7070.45,5531.35,0,0.0,0,0,2026-07-27
NIFTY,2029-12-24,19500.0,CE,0.0,0.0,0.0,10678.8,8656.7,0,0.0,0,0,2026-07-27
NIFTY,2029-06-26,19500.0,CE,0.0,0.0,0.0,10206.95,8125.25,0,0.0,0,0,2026-07-27
NIFTY,2028-06-27,16500.0,CE,0.0,0.0,0.0,11752.8,9487.4,0,0.0,0,0,2026-07-27
NIFTY,2027-12-28,31500.0,CE,210.0,235.0,210.0,218.0,218.0,6,12371970.0,2600,195,2026-07-27
NIFTY,2027-12-28,30000.0,CE,351.05,374.0,350.0,369.0,369.0,51,100654011.25,110695,2145,2026-07-27
NIFTY,2027-12-28,26000.0,CE,1611.05,1634.55,1600.0,1619.75,1619.75,66,118483547.0,71215,780,2026-07-27
NIFTY,2027-12-28,25000.0,CE,2199.95,2199.95,2117.55,2140.55,2140.55,16,28234134.5,31015,-390,2026-07-27
NIFTY,2027-06-29,28500.0,CE,0.0,0.0,0.0,1711.9,598.65,0,0.0,0,0,2026-07-27
NIFTY,2026-12-29,28000.0,CE,46.9,46.9,42.5,43.4,43.4,1110,2023335483.0,1490020,-6500,2026-07-27
NIFTY,2026-09-29,25800.0,CE,49.25,51.45,46.0,50.5,50.5,708,1189564411.75,77090,9750,2026-07-27
NIFTY,2026-09-29,24500.0,CE,344.5,362.0,300.0,355.55,355.55,5954,9611843549.75,929500,-94705,2026-07-27
NIFTY,2026-09-29,24150.0,CE,491.95,536.35,483.95,527.7,527.7,56,89731603.0,4615,-845,2026-07-27
NIFTY,2026-09-29,23750.0,CE,726.5,770.0,724.4,770.0,958.3,12,19102317.0,1430,325,2026-07-27
NIFTY,2026-09-29,22750.0,CE,0.0,0.0,0.0,1386.55,1666.15,0,0.0,260,0,2026-07-27
NIFTY,2026-09-29,21700.0,CE,0.0,0.0,0.0,2586.45,2583.9,0,0.0,0,0,2026-07-27
NIFTY,2026-09-01,25650.0,CE,0.0,0.0,0.0,142.4,83.1,0,0.0,0,0,2026-07-27
NIFTY,2026-09-01,24950.0,CE,0.0,0.0,0.0,313.7,211.85,0,0.0,0,0,2026-07-27
NIFTY,2026-09-01,24900.0,CE,0.0,0.0,0.0,330.25,225.15,0,0.0,0,0,2026-07-27
NIFTY,2026-09-01,23950.0,CE,430.0,442.0,430.0,442.0,610.5,2,3170180.0,0,0,2026-07-27
NIFTY,2026-09-01,23400.0,CE,0.0,0.0,0.0,1145.0,958.4,0,0.0,0,0,2026-07-27
NIFTY,2026-09-01,23300.0,CE,0.0,0.0,0.0,1220.55,1032.1,0,0.0,0,0,2026-07-27
NIFTY,2026-09-01,23100.0,CE,0.0,0.0,0.0,1378.25,1184.0,0,0.0,0,0,2026-07-27
NIFTY,2026-09-01,22900.0,CE,0.0,0.0,0.0,1543.9,1346.1,0,0.0,0,0,2026-07-27
NIFTY,2026-09-01,22650.0,CE,0.0,0.0,0.0,1760.65,1559.85,0,0.0,0,0,2026-07-27
NIFTY,2026-09-01,22450.0,CE,0.0,0.0,0.0,1940.55,1738.35,0,0.0,0,0,2026-07-27
NIFTY,2026-09-01,22250.0,CE,0.0,0.0,0.0,2125.05,1922.15,0,0.0,0,0,2026-07-27
NIFTY,2026-08-25,26150.0,CE,4.7,4.7,4.3,4.3,4.3,3,5100140.5,2405,65,2026-07-27
NIFTY,2026-08-25,22350.0,CE,0.0,0.0,0.0,1794.9,1778.8,0,0.0,130,0,2026-07-27
NIFTY,2026-08-25,21600.0,CE,0.0,0.0,0.0,2713.65,2503.45,0,0.0,0,0,2026-07-27
NIFTY,2026-08-18,26000.0,CE,3.75,3.9,2.2,2.4,2.4,103,174091008.0,4680,2535,2026-07-27
NIFTY,2026-08-18,25450.0,CE,9.5,9.75,7.95,8.5,8.5,61,100944281.75,3835,975,2026-07-27
NIFTY,2026-08-18,24700.0,CE,0.0,0.0,0.0,376.6,165.75,0,0.0,65,0,2026-07-27
NIFTY,2026-08-18,24250.0,CE,196.0,205.0,175.0,202.15,202.15,60,95314859.25,6825,-260,2026-07-27
NIFTY,2026-08-18,24200.0,CE,225.95,233.0,192.85,224.25,224.25,988,1567622150.25,56355,-1690,2026-07-27
NIFTY,2026-08-18,23150.0,CE,0.0,0.0,0.0,721.75,1018.1,0,0.0,845,0,2026-07-27
NIFTY,2026-08-18,22900.0,CE,0.0,0.0,0.0,1379.35,1231.5,0,0.0,0,0,2026-07-27
NIFTY,2026-08-18,22650.0,CE,0.0,0.0,0.0,1595.05,1457.65,0,0.0,0,0,2026-07-27
NIFTY,2026-08-18,22600.0,CE,0.0,0.0,0.0,1639.4,1504.1,0,0.0,0,0,2026-07-27
NIFTY,2026-08-11,25950.0,CE,0.0,0.0,0.0,3.45,3.9,0,0.0,1755,0,2026-07-27
NIFTY,2026-08-11,25400.0,CE,5.0,5.8,3.0,3.35,3.35,1009,1666145468.0,13910,11375,2026-07-27
NIFTY,2026-08-11,25200.0,CE,8.35,9.2,5.1,5.8,5.8,3664,6003192416.0,74945,50245,2026-07-27
NIFTY,2026-08-11,24550.0,CE,54.0,61.6,49.25,58.7,58.7,1689,2701127568.75,65585,13975,2026-07-27
NIFTY,2026-08-11,24500.0,CE,70.05,74.0,55.7,68.85,68.85,14910,23806431922.0,335465,90545,2026-07-27
NIFTY,2026-08-11,24450.0,CE,76.0,82.6,66.25,81.15,81.15,1558,2483528251.75,31720,4810,2026-07-27
NIFTY,2026-08-11,24300.0,CE,122.05,131.0,104.2,126.5,126.5,8560,13585775401.25,235690,65130,2026-07-27
NIFTY,2026-08-11,23650.0,CE,459.95,516.9,426.05,502.45,502.45,242,379362012.25,9490,-2860,2026-07-27
NIFTY,2026-08-11,23550.0,CE,501.85,570.9,501.85,567.9,635.85,50,78282616.75,3315,-1430,2026-07-27
NIFTY,2026-08-11,23050.0,CE,0.0,0.0,0.0,1552.25,1043.65,0,0.0,0,0,2026-07-27
NIFTY,2026-08-11,22850.0,CE,0.0,0.0,0.0,1730.1,1225.8,0,0.0,0,0,2026-07-27
NIFTY,2026-08-11,22250.0,CE,0.0,0.0,0.0,2292.0,1804.3,0,0.0,0,0,2026-07-27
NIFTY,2026-08-11,22200.0,CE,0.0,0.0,0.0,2340.15,1853.65,0,0.0,0,0,2026-07-27
NIFTY,2026-08-11,21950.0,CE,0.0,0.0,0.0,2582.9,2101.45,0,0.0,0,0,2026-07-27
NIFTY,2026-08-11,21600.0,CE,0.0,0.0,0.0,2926.6,2449.85,0,0.0,65,0,2026-07-27
NIFTY,2026-08-04,26150.0,CE,1.35,1.35,0.9,0.95,0.95,235,399457054.75,16510,8385,2026-07-27
NIFTY,2026-08-04,25950.0,CE,1.1,1.55,0.95,1.05,1.05,198,333991589.75,9620,2340,2026-07-27
NIFTY,2026-08-04,25600.0,CE,0.9,1.85,0.9,1.2,1.2,5368,8932850686.5,114725,59605,2026-07-27
NIFTY,2026-08-04,25000.0,CE,4.4,5.0,2.75,3.65,3.65,105505,171469499880.25,3518060,1504685,2026-07-27
NIFTY,2026-08-04,24650.0,CE,13.7,14.3,9.75,12.2,12.2,33077,53023066827.25,660335,520520,2026-07-27
NIFTY,2026-08-04,23850.0,CE,250.1,293.0,222.0,283.9,283.9,21185,33188425114.0,145210,-103285,2026-07-27
NIFTY,2026-08-04,23750.0,CE,307.0,366.1,283.95,357.35,357.35,9917,15510527535.75,76440,-104325,2026-07-27
NIFTY,2026-08-04,23350.0,CE,632.1,697.6,597.85,691.7,713.65,51,79564641.0,975,-1690,2026-07-27
NIFTY,2026-08-04,23100.0,CE,856.45,967.4,850.0,967.4,967.4,42,65535288.0,2990,260,2026-07-27
NIFTY,2026-08-04,22150.0,CE,0.0,0.0,0.0,1883.4,1875.45,0,0.0,0,0,2026-07-27
NIFTY,2026-08-04,22050.0,CE,0.0,0.0,0.0,1974.35,1975.3,0,0.0,0,0,2026-07-27
NIFTY,2026-07-28,25850.0,CE,0.8,0.95,0.3,0.4,0.4,6418,10784062061.5,88465,-57265,2026-07-27
NIFTY,2026-07-28,25650.0,CE,0.75,0.8,0.4,0.45,0.45,48453,80785223548.25,210275,-61815,2026-07-27
NIFTY,2026-07-28,25000.0,CE,0.9,1.25,0.6,0.8,0.8,758461,1232545609249.5,11855285,-3193970,2026-07-27
NIFTY,2026-09-01,25500.0,CE,0.0,0.0,0.0,170.6,103.05,0,0.0,0,0,2026-07-27
NIFTY,2026-09-01,23550.0,CE,0.0,0.0,0.0,1035.9,854.7,0,0.0,0,0,2026-07-27
NIFTY,2026-09-01,23250.0,CE,0.0,0.0,0.0,1259.15,1068.45,0,0.0,0,0,2026-07-27
NIFTY,2028-12-26,24000.0,CE,0.0,0.0,0.0,4002.05,4499.2,0,0.0,260,0,2026-07-27
NIFTY,2028-12-26,25500.0,CE,0.0,0.0,0.0,3800.0,3677.95,0,0.0,0,0,2026-07-27
NIFTY,2028-12-26,28000.0,CE,1999.75,1999.75,1999.75,1999.75,2556.25,1,1949983.75,6250,0,2026-07-27
NIFTY,2028-12-26,28500.0,CE,0.0,0.0,0.0,3608.65,2367.45,0,0.0,0,0,2026-07-27
NIFTY,2028-12-26,30000.0,CE,0.0,0.0,0.0,1151.0,1867.05,0,0.0,10450,0,2026-07-27
NIFTY,2030-06-25,24000.0,CE,0.0,0.0,0.0,8591.55,6340.2,0,0.0,0,0,2026-07-27
NIFTY,2030-12-31,22500.0,CE,0.0,0.0,0.0,9536.95,7787.3,0,0.0,0,0,2026-07-27
NIFTY,2030-12-31,27000.0,CE,0.0,0.0,0.0,6772.8,5394.4,0,0.0,0,0,2026-07-27
NIFTY,2026-07-28,21500.0,PE,0.65,1.45,0.45,0.7,0.7,89811,125514510628.0,1451580,-826345,2026-07-27
NIFTY,2026-07-28,22050.0,PE,0.9,1.25,0.65,0.9,0.9,12188,17469101718.25,89765,5460,2026-07-27
NIFTY,2026-07-28,22400.0,PE,1.25,1.5,0.75,1.05,1.05,88839,129355304516.75,1194765,-410930,2026-07-27
NIFTY,2026-09-01,23050.0,CE,0.0,0.0,0.0,1418.95,1223.7,0,0.0,0,0,2026-07-27
NIFTY,2026-08-25,26000.0,CE,6.45,6.45,3.6,4.05,4.05,27279,46109821108.0,2512575,543205,2026-07-27
NIFTY,2026-08-25,25250.0,CE,0.0,0.0,0.0,447.25,102.15,0,0.0,0,0,2026-07-27
NIFTY,2026-08-25,25200.0,CE,33.05,33.2,24.0,27.3,27.3,7535,12355506913.75,569140,6825,2026-07-27
NIFTY,2026-08-25,24700.0,CE,99.0,105.8,82.4,96.8,96.8,10646,17155885041.75,649935,41340,2026-07-27
NIFTY,2026-08-25,23950.0,CE,345.0,421.15,345.0,412.8,412.8,2024,3201875166.75,50635,15145,2026-07-27
NIFTY,2026-08-25,22450.0,CE,0.0,0.0,0.0,1994.0,1685.6,0,0.0,65,0,2026-07-27
NIFTY,2026-08-18,25150.0,CE,0.0,0.0,0.0,173.5,76.8,0,0.0,0,0,2026-07-27
NIFTY,2026-08-18,25050.0,CE,0.0,0.0,0.0,197.65,92.1,0,0.0,0,0,2026-07-27
NIFTY,2026-08-18,24550.0,CE,93.0,101.1,83.2,97.4,97.4,87,139343577.75,10660,975,2026-07-27
NIFTY,2026-08-18,23400.0,CE,0.0,0.0,0.0,986.8,821.4,0,0.0,0,0,2026-07-27
NIFTY,2026-08-18,23350.0,CE,753.2,753.2,695.75,695.75,859.25,7,10962799.25,585,390,2026-07-27
NIFTY,2026-07-28,22950.0,PE,3.5,3.75,1.3,1.55,1.55,334853,499551844580.75,1233895,-283725,2026-07-27
NIFTY,2026-07-28,23400.0,PE,7.7,7.7,2.2,2.75,2.75,1450580,2206635358479.5,6842225,-83200,2026-07-27
NIFTY,2026-07-28,24500.0,PE,550.05,598.0,456.75,475.75,475.75,32246,52453245867.75,1477320,-735995,2026-07-27
NIFTY,2026-07-28,24600.0,PE,640.0,695.0,555.85,574.05,574.05,3968,6506444317.75,195910,-89635,2026-07-27
NIFTY,2026-07-28,24950.0,PE,1002.05,1024.5,914.15,927.2,927.2,41,69063140.25,12740,-130,2026-07-27
NIFTY,2026-07-28,26100.0,PE,2161.2,2178.95,2067.35,2078.35,2078.35,316,579420881.0,9815,-15015,2026-07-27
NIFTY,2026-08-04,24450.0,PE,513.3,549.2,422.0,432.05,432.05,213,345370866.75,7800,4550,2026-07-27
NIFTY,2026-08-04,25400.0,PE,1435.0,1445.0,1384.6,1384.6,1373.1,11,19175468.0,520,455,2026-07-27
NIFTY,2026-08-04,26200.0,PE,0.0,0.0,0.0,2231.65,2169.35,0,0.0,0,0,2026-07-27
NIFTY,2026-08-11,22050.0,PE,7.15,8.05,5.65,6.85,6.85,148,212187703.0,5850,2340,2026-07-27
NIFTY,2026-08-11,22100.0,PE,9.05,9.35,5.55,7.35,7.35,299,429653318.25,11505,5005,2026-07-27
NIFTY,2026-08-11,22350.0,PE,11.6,11.6,7.2,8.5,8.5,153,222360693.75,10075,2210,2026-07-27
NIFTY,2026-08-11,24100.0,PE,299.65,332.75,237.1,248.25,248.25,2817,4464715719.75,106535,26130,2026-07-27
NIFTY,2026-08-11,24450.0,PE,535.0,562.45,535.0,557.05,562.15,21,34116267.25,1885,-650,2026-07-27
NIFTY,2026-08-11,24700.0,PE,690.0,690.0,690.0,690.0,746.7,1,1650350.0,1040,0,2026-07-27
NIFTY,2026-08-11,24850.0,PE,0.0,0.0,0.0,681.2,868.05,0,0.0,0,0,2026-07-27
NIFTY,2026-08-11,25500.0,PE,1518.0,1518.0,1424.0,1424.0,1424.0,17,29839806.75,2210,1105,2026-07-27
NIFTY,2026-09-01,25200.0,CE,0.0,0.0,0.0,240.15,154.7,0,0.0,0,0,2026-07-27
NIFTY,2026-08-18,22200.0,PE,13.85,14.25,10.65,11.5,11.5,238,343625766.25,9750,9165,2026-07-27
NIFTY,2026-08-18,22450.0,PE,17.7,18.9,14.75,14.95,14.95,45,65716631.5,5915,-1625,2026-07-27
NIFTY,2026-08-18,22500.0,PE,24.5,24.5,15.05,15.35,15.35,516,755280529.25,33280,8580,2026-07-27
NIFTY,2026-08-18,23050.0,CE,0.0,0.0,0.0,1255.65,1101.7,0,0.0,0,0,2026-07-27
NIFTY,2026-08-18,22300.0,CE,0.0,0.0,0.0,1912.95,1788.85,0,0.0,0,0,2026-07-27
NIFTY,2026-08-11,25850.0,CE,0.0,0.0,0.0,4.65,5.35,0,0.0,455,0,2026-07-27
NIFTY,2026-08-11,25100.0,CE,18.5,18.5,7.7,8.3,8.3,6057,9885418803.0,149175,133705,2026-07-27
NIFTY,2026-08-11,24650.0,CE,42.0,43.2,34.4,41.35,41.35,1767,2835571794.25,33800,22880,2026-07-27
NIFTY,2026-08-11,24250.0,CE,139.05,151.25,120.3,146.35,146.35,1555,2464499245.0,98800,9880,2026-07-27
NIFTY,2026-08-11,24100.0,CE,181.05,220.0,175.0,212.45,212.45,5900,9317538025.25,216645,43160,2026-07-27
NIFTY,2026-08-11,23500.0,CE,559.2,633.7,540.0,624.95,624.95,826,1292887014.25,33345,7995,2026-07-27
NIFTY,2026-08-11,22450.0,CE,0.0,0.0,0.0,2101.0,1608.05,0,0.0,0,0,2026-07-27
NIFTY,2026-08-11,22100.0,CE,0.0,0.0,0.0,2436.9,1952.6,0,0.0,0,0,2026-07-27
NIFTY,2026-08-11,21750.0,CE,0.0,0.0,0.0,2778.9,2300.4,0,0.0,0,0,2026-07-27
NIFTY,2026-08-04,25650.0,CE,1.2,1.85,1.0,1.05,1.05,4456,7429625550.75,107120,99515,2026-07-27
NIFTY,2026-08-04,24050.0,CE,130.0,168.0,122.35,162.2,162.2,49183,77352190802.25,512070,181675,2026-07-27
NIFTY,2026-08-04,23400.0,CE,609.9,679.3,556.1,667.55,667.55,2634,4111411616.0,70135,15405,2026-07-27
NIFTY,2026-08-04,23050.0,CE,923.15,925.5,907.85,907.85,988.15,3,4673922.5,195,-65,2026-07-27
NIFTY,2026-08-18,23450.0,PE,142.5,142.5,80.65,84.85,84.85,79,120935574.5,3705,1885,2026-07-27
NIFTY,2026-08-18,23700.0,PE,200.1,205.0,131.4,137.7,137.7,428,663818580.75,26260,2210,2026-07-27
NIFTY,2026-08-18,24950.0,PE,0.0,0.0,0.0,976.25,972.85,0,0.0,0,0,2026-07-27
NIFTY,2026-08-18,26050.0,PE,0.0,0.0,0.0,1895.7,1970.45,0,0.0,0,0,2026-07-27
NIFTY,2026-08-25,21300.0,PE,12.0,12.0,8.6,8.8,8.8,227,314426346.0,51675,4290,2026-07-27
NIFTY,2026-08-25,21400.0,PE,11.95,11.95,9.0,9.45,9.45,234,325643145.75,51935,-325,2026-07-27
NIFTY,2026-08-25,22050.0,PE,20.95,21.1,13.4,14.45,14.45,119,170682271.5,5980,-910,2026-07-27
NIFTY,2026-08-25,22350.0,PE,33.35,33.35,19.65,20.2,20.2,206,299605351.5,10920,-1170,2026-07-27
NIFTY,2026-08-25,22500.0,PE,39.95,50.0,23.0,24.1,24.1,24778,36286095579.5,1616940,-90090,2026-07-27
NIFTY,2026-08-25,22800.0,PE,73.6,73.6,36.2,37.85,37.85,10662,15833629285.5,407810,-3965,2026-07-27
NIFTY,2026-08-25,24750.0,PE,0.0,0.0,0.0,910.45,845.25,0,0.0,1950,0,2026-07-27
NIFTY,2026-08-25,25300.0,PE,1300.0,1300.0,1187.45,1189.1,1189.1,38,65564099.25,12935,2470,2026-07-27
NIFTY,2027-06-29,18000.0,PE,0.0,0.0,0.0,220.0,18.0,0,0.0,230,0,2026-07-27
NIFTY,2026-08-25,25550.0,PE,1503.45,1503.45,1503.45,1503.45,1494.2,2,3516948.5,195,130,2026-07-27
NIFTY,2026-08-25,26250.0,PE,0.0,0.0,0.0,1985.0,2145.3,0,0.0,130,0,2026-07-27
NIFTY,2026-09-01,22250.0,PE,0.0,0.0,0.0,56.0,31.6,0,0.0,325,0,2026-07-27
NIFTY,2026-09-01,22750.0,PE,0.0,0.0,0.0,76.75,79.2,0,0.0,0,0,2026-07-27
NIFTY,2026-09-01,23100.0,PE,0.0,0.0,0.0,129.75,137.95,0,0.0,0,0,2026-07-27
NIFTY,2026-09-01,23400.0,PE,148.5,151.0,135.7,135.7,210.4,3,4591288.0,65,65,2026-07-27
NIFTY,2026-09-01,23800.0,PE,262.4,287.3,222.0,227.05,227.05,36,56264250.25,1885,1625,2026-07-27
NIFTY,2026-09-01,24750.0,PE,0.0,0.0,0.0,773.8,861.95,0,0.0,0,0,2026-07-27
NIFTY,2026-09-01,25950.0,PE,0.0,0.0,0.0,1679.0,1838.25,0,0.0,0,0,2026-07-27
NIFTY,2026-09-29,23500.0,PE,278.0,283.1,215.75,219.9,219.9,4727,7295012855.0,706030,59670,2026-07-27
NIFTY,2026-09-29,23550.0,PE,272.0,276.75,230.8,232.9,232.9,36,55705689.0,15080,520,2026-07-27
NIFTY,2026-09-29,24000.0,PE,503.35,503.35,370.0,376.3,376.3,7496,11891088667.25,1603470,-35815,2026-07-27
NIFTY,2026-09-29,24550.0,PE,0.0,0.0,0.0,770.0,821.7,0,0.0,11830,0,2026-07-27
NIFTY,2026-09-29,26150.0,PE,0.0,0.0,0.0,2098.2,1984.05,0,0.0,0,0,2026-07-27
NIFTY,2026-12-29,19000.0,PE,41.2,45.25,40.85,43.05,43.05,1823,2256547949.5,592935,20410,2026-07-27
NIFTY,2026-12-29,22000.0,PE,150.0,152.5,137.55,139.1,139.1,7682,11057656135.5,1486340,-38070,2026-07-27
NIFTY,2027-03-30,18000.0,PE,0.0,0.0,0.0,37.3,7.55,0,0.0,65,0,2026-07-27
NIFTY,2026-08-04,22100.0,CE,0.0,0.0,0.0,1928.7,1925.35,0,0.0,0,0,2026-07-27
NIFTY,2026-08-04,21950.0,CE,0.0,0.0,0.0,2066.45,2075.1,0,0.0,0,0,2026-07-27
NIFTY,2026-07-28,25150.0,CE,1.0,1.15,0.4,0.6,0.6,86860,141998598222.0,566605,-174525,2026-07-27
NIFTY,2026-07-28,24950.0,CE,1.2,1.4,0.5,0.7,0.7,125921,204220550222.0,989755,-262925,2026-07-27
NIFTY,2026-07-28,24200.0,CE,18.5,21.0,7.25,12.75,12.75,3967068,6243109208059.75,14738490,1487785,2026-07-27
NIFTY,2026-07-28,23900.0,CE,110.0,160.5,81.2,146.05,146.05,5989206,9347337829371.75,3580005,-2317185,2026-07-27
NIFTY,2026-07-28,22750.0,CE,0.0,0.0,0.0,1080.25,1249.75,0,0.0,4615,0,2026-07-27
NIFTY,2026-07-28,22650.0,CE,0.0,0.0,0.0,1260.95,1349.75,0,0.0,3380,0,2026-07-27
NIFTY,2026-07-28,21350.0,CE,0.0,0.0,0.0,3009.55,2649.5,0,0.0,0,0,2026-07-27
NIFTY,2026-07-28,21250.0,CE,2765.0,2765.0,2765.0,2765.0,2749.5,1,1560975.0,65,0,2026-07-27
NIFTY,2031-06-24,18000.0,PE,0.0,0.0,0.0,173.45,136.95,0,0.0,0,0,2026-07-27
NIFTY,2029-12-24,25000.0,PE,0.0,0.0,0.0,1101.0,1150.35,0,0.0,420,0,2026-07-27
NIFTY,2029-06-26,19500.0,PE,0.0,0.0,0.0,56.0,208.8,0,0.0,0,0,2026-07-27
NIFTY,2029-06-26,18000.0,PE,0.0,0.0,0.0,118.45,105.55,0,0.0,0,0,2026-07-27
NIFTY,2029-06-26,16500.0,PE,0.0,0.0,0.0,8.1,46.85,0,0.0,0,0,2026-07-27
NIFTY,2028-12-26,31500.0,PE,0.0,0.0,0.0,2673.4,4306.55,0,0.0,0,0,2026-07-27
NIFTY,2028-12-26,24000.0,PE,882.0,882.0,882.0,882.0,956.6,1,1617330.0,3380,0,2026-07-27
NIFTY,2028-06-27,27000.0,PE,0.0,0.0,0.0,2752.35,2109.25,0,0.0,0,0,2026-07-27
NIFTY,2027-06-29,27000.0,PE,0.0,0.0,0.0,6273.45,2390.05,0,0.0,0,0,2026-07-27
NIFTY,2028-12-26,18000.0,CE,0.0,0.0,0.0,9380.3,8745.05,0,0.0,0,0,2026-07-27
NIFTY,2027-12-28,24000.0,CE,2817.95,2817.95,2767.25,2767.25,3100.4,4,6964438.0,26520,65,2026-07-27
NIFTY,2027-06-29,30000.0,CE,0.0,0.0,0.0,1478.4,347.25,0,0.0,0,0,2026-07-27
NIFTY,2026-12-29,26000.0,CE,253.0,254.9,236.15,251.35,251.35,4102,6997703037.0,2557505,62595,2026-07-27
NIFTY,2026-12-29,25000.0,CE,565.0,589.5,539.95,582.1,582.1,10009,16624072276.5,2222415,35190,2026-07-27
NIFTY,2026-09-29,30000.0,CE,4.4,4.6,3.05,3.85,3.85,817,1593361344.25,305090,-1430,2026-07-27
NIFTY,2026-09-29,26050.0,CE,0.0,0.0,0.0,232.8,145.5,0,0.0,0,0,2026-07-27
NIFTY,2026-09-29,25900.0,CE,0.0,0.0,0.0,261.75,169.2,0,0.0,0,0,2026-07-27
NIFTY,2026-09-29,25700.0,CE,0.0,0.0,0.0,305.7,205.55,0,0.0,0,0,2026-07-27
NIFTY,2026-09-29,25550.0,CE,0.0,0.0,0.0,340.3,236.8,0,0.0,0,0,2026-07-27
NIFTY,2026-09-29,25450.0,CE,0.0,0.0,0.0,366.0,260.55,0,0.0,0,0,2026-07-27
NIFTY,2026-09-29,25000.0,CE,164.0,193.85,156.5,178.85,178.85,8852,14482361023.0,1038310,28145,2026-07-27
NIFTY,2026-09-29,24750.0,CE,238.95,260.0,229.65,253.55,253.55,113,183555589.75,36790,910,2026-07-27
NIFTY,2026-09-29,24650.0,CE,278.25,295.15,268.0,289.1,289.1,76,123145171.5,10075,-130,2026-07-27
NIFTY,2026-09-29,24600.0,CE,295.5,325.55,282.1,317.85,317.85,460,744577772.25,71305,5655,2026-07-27
NIFTY,2026-09-29,24350.0,CE,388.85,432.05,387.45,427.0,427.0,46,74001291.0,5460,-520,2026-07-27
NIFTY,2026-09-29,23150.0,CE,0.0,0.0,0.0,1302.0,1359.9,0,0.0,585,0,2026-07-27
NIFTY,2026-09-29,22700.0,CE,0.0,0.0,0.0,1319.6,1706.5,0,0.0,260,0,2026-07-27
NIFTY,2026-09-29,22550.0,CE,0.0,0.0,0.0,1786.75,1829.95,0,0.0,260,0,2026-07-27
NIFTY,2026-09-29,22450.0,CE,0.0,0.0,0.0,1843.95,1914.1,0,0.0,65,0,2026-07-27
NIFTY,2026-09-29,22000.0,CE,2113.1,2260.0,2113.05,2238.8,2238.8,209,328536234.0,46215,6695,2026-07-27
NIFTY,2026-09-29,21850.0,CE,0.0,0.0,0.0,2455.3,2445.4,0,0.0,0,0,2026-07-27
NIFTY,2026-09-01,25850.0,CE,0.0,0.0,0.0,110.8,61.65,0,0.0,0,0,2026-07-27
NIFTY,2026-08-25,24200.0,CE,272.95,284.75,241.25,276.7,276.7,16730,26603695420.25,1793350,116285,2026-07-27
NIFTY,2026-08-25,23800.0,CE,500.0,518.15,447.3,509.95,509.95,10996,17353890820.5,810420,-128180,2026-07-27
NIFTY,2026-08-25,23750.0,CE,509.95,544.55,477.05,536.5,536.5,322,507756411.5,19630,-4160,2026-07-27
NIFTY,2026-08-25,22300.0,CE,1730.0,1750.0,1720.0,1748.0,1825.85,25,39063072.75,1625,1560,2026-07-27
NIFTY,2026-08-25,22150.0,CE,0.0,0.0,0.0,2147.4,1968.35,0,0.0,130,0,2026-07-27
NIFTY,2026-08-25,22050.0,CE,0.0,0.0,0.0,2323.1,2064.4,0,0.0,0,0,2026-07-27
NIFTY,2026-08-25,21500.0,CE,2490.0,2604.0,2460.0,2568.35,2568.35,4847,7575824083.75,314080,274365,2026-07-27
NIFTY,2026-08-25,21400.0,CE,0.0,0.0,0.0,2616.3,2700.8,0,0.0,130,0,2026-07-27
NIFTY,2026-08-25,21250.0,CE,0.0,0.0,0.0,3030.3,2849.3,0,0.0,0,0,2026-07-27
NIFTY,2026-08-18,25650.0,CE,5.25,5.8,4.8,5.1,5.1,15,25013888.25,715,390,2026-07-27
NIFTY,2026-08-18,25200.0,CE,0.0,0.0,0.0,162.75,70.0,0,0.0,0,0,2026-07-27
NIFTY,2026-08-18,24600.0,CE,82.05,88.8,74.25,86.55,86.55,750,1203282044.25,32175,21970,2026-07-27
NIFTY,2026-08-18,24400.0,CE,140.0,149.15,121.7,142.65,142.65,467,744783503.75,34645,-1495,2026-07-27
NIFTY,2026-08-18,23650.0,CE,516.6,520.75,500.0,505.0,644.95,13,20419074.0,2210,390,2026-07-27
NIFTY,2026-08-18,23200.0,CE,0.0,0.0,0.0,1136.9,977.3,0,0.0,0,0,2026-07-27
NIFTY,2026-08-18,22150.0,CE,0.0,0.0,0.0,2053.6,1934.25,0,0.0,0,0,2026-07-27
NIFTY,2026-08-11,23950.0,CE,270.0,302.2,246.65,293.8,293.8,3316,5220843481.75,44265,8580,2026-07-27
NIFTY,2026-08-11,22500.0,PE,14.95,14.95,8.35,8.95,8.95,5426,7939054591.0,119665,45760,2026-07-27
NIFTY,2026-08-11,22000.0,PE,8.95,8.95,5.45,7.15,7.15,13303,19029562305.0,376480,303680,2026-07-27
NIFTY,2026-08-11,21950.0,PE,7.0,8.1,5.25,7.0,7.0,107,152708448.75,3900,1560,2026-07-27
NIFTY,2026-08-11,21850.0,PE,6.0,7.2,4.9,6.4,6.4,73,103707730.75,3510,2405,2026-07-27
NIFTY,2026-08-04,24550.0,PE,582.0,596.25,503.2,522.0,522.0,444,723876302.5,10530,5720,2026-07-27
NIFTY,2026-08-04,24400.0,PE,485.45,512.5,378.9,389.8,389.8,3569,5761637644.75,158210,72345,2026-07-27
NIFTY,2026-08-04,24200.0,PE,325.75,355.05,237.0,246.95,246.95,19792,31513337531.0,710190,170560,2026-07-27
NIFTY,2026-08-04,24150.0,PE,287.25,319.8,205.05,216.3,216.3,4773,7572605300.0,82875,49140,2026-07-27
NIFTY,2026-08-04,23750.0,PE,123.15,123.15,55.9,61.0,61.0,40557,62835934138.25,536380,318045,2026-07-27
NIFTY,2026-08-04,23700.0,PE,80.45,105.7,46.5,50.85,50.85,117879,182160346374.5,2034630,873405,2026-07-27
NIFTY,2026-08-04,23600.0,PE,77.95,81.4,32.95,35.7,35.7,89541,137662545205.25,1368250,714220,2026-07-27
NIFTY,2026-08-04,23550.0,PE,60.0,70.6,27.75,30.0,30.0,32294,49523217311.75,629720,512720,2026-07-27
NIFTY,2026-08-04,23200.0,PE,25.0,29.95,11.45,12.15,12.15,114947,173454610806.75,1876225,567970,2026-07-27
NIFTY,2026-08-04,22050.0,PE,3.0,3.8,2.55,3.35,3.35,243,348328571.5,15210,-325,2026-07-27
NIFTY,2026-08-04,21600.0,PE,3.1,3.15,2.25,2.8,2.8,47062,66082996307.25,2420860,1076920,2026-07-27
NIFTY,2026-07-28,25800.0,PE,1860.0,1900.0,1750.6,1782.6,1782.6,234,420306825.25,11765,-9230,2026-07-27
NIFTY,2026-07-28,25600.0,PE,1655.0,1675.0,1564.0,1580.7,1580.7,126,222925374.75,9425,-2925,2026-07-27
NIFTY,2026-07-28,24650.0,PE,701.0,728.55,607.3,616.2,616.2,419,689651433.25,25870,-11245,2026-07-27
NIFTY,2026-07-28,24150.0,PE,240.0,257.4,129.0,144.45,144.45,313116,495303467561.5,570635,221065,2026-07-27
NIFTY,2026-07-28,23800.0,PE,49.85,49.85,8.45,9.55,9.55,4580234,7092026607487.25,10377965,2281565,2026-07-27
NIFTY,2026-09-01,24800.0,PE,0.0,0.0,0.0,804.95,896.45,0,0.0,0,0,2026-07-27
NIFTY,2026-09-01,24100.0,PE,421.0,425.3,334.65,354.75,354.75,221,351514237.75,8970,-4030,2026-07-27
NIFTY,2026-09-01,23750.0,PE,0.0,0.0,0.0,296.6,326.3,0,0.0,0,0,2026-07-27
NIFTY,2026-09-01,23700.0,PE,0.0,0.0,0.0,320.0,307.5,0,0.0,130,0,2026-07-27
NIFTY,2026-09-01,22850.0,PE,0.0,0.0,0.0,89.7,93.45,0,0.0,0,0,2026-07-27
NIFTY,2026-09-01,22500.0,PE,41.0,43.0,33.1,33.5,33.5,22,32230828.5,2015,390,2026-07-27
NIFTY,2026-08-25,26100.0,PE,1997.6,2055.0,1958.8,1978.35,1978.35,205,374765901.25,20410,9815,2026-07-27
NIFTY,2026-08-25,24900.0,PE,930.0,974.4,829.0,840.75,840.75,211,353609392.5,102115,4225,2026-07-27
NIFTY,2026-08-25,24200.0,PE,383.1,472.5,360.75,373.15,373.15,15330,24517026140.75,1354080,27300,2026-07-27
NIFTY,2026-08-25,24000.0,PE,399.6,399.6,269.2,278.2,278.2,76876,121497040076.75,7216820,860340,2026-07-27
NIFTY,2026-08-25,23500.0,PE,199.6,199.6,119.0,122.95,122.95,40644,62480470464.75,3041415,273520,2026-07-27
NIFTY,2026-07-28,23050.0,PE,4.1,5.0,1.35,1.8,1.8,321389,481558900936.75,880165,-357240,2026-07-27
NIFTY,2026-07-28,22900.0,PE,2.4,2.4,1.15,1.5,1.5,515497,767366629861.0,2605525,-158470,2026-07-27
NIFTY,2026-07-28,22600.0,PE,2.55,2.55,0.95,1.25,1.25,222742,327224912212.25,883415,-1588015,2026-07-27
NIFTY,2026-07-28,22300.0,PE,1.3,1.4,0.7,1.1,1.1,92475,134048063516.25,732225,-749580,2026-07-27
NIFTY,2026-07-28,21200.0,PE,0.85,0.95,0.45,0.6,0.6,10602,14609938811.0,656565,-105755,2026-07-27
NIFTY,2031-06-24,22500.0,CE,0.0,0.0,0.0,8012.75,8292.75,0,0.0,0,0,2026-07-27
NIFTY,2030-06-25,30000.0,CE,0.0,0.0,0.0,5580.35,3549.95,0,0.0,0,0,2026-07-27
NIFTY,2030-06-25,28500.0,CE,0.0,0.0,0.0,5382.85,4136.75,0,0.0,0,0,2026-07-27
NIFTY,2029-06-26,22500.0,CE,0.0,0.0,0.0,7946.5,6053.25,0,0.0,0,0,2026-07-27
NIFTY,2028-12-26,27000.0,CE,0.0,0.0,0.0,2635.0,2968.8,0,0.0,715,0,2026-07-27
NIFTY,2028-06-27,28500.0,CE,0.0,0.0,0.0,2990.0,1765.45,0,0.0,0,0,2026-07-27
NIFTY,2028-06-27,22500.0,CE,0.0,0.0,0.0,6796.05,4765.25,0,0.0,0,0,2026-07-27
NIFTY,2027-03-30,28500.0,CE,95.45,97.85,92.1,96.7,96.7,60,111519794.75,27690,845,2026-07-27
NIFTY,2027-03-30,16500.0,CE,0.0,0.0,0.0,6995.9,8215.8,0,0.0,0,0,2026-07-27
NIFTY,2026-09-29,21800.0,PE,46.0,46.0,35.75,35.95,35.95,160,227138197.0,25090,-455,2026-07-27
NIFTY,2026-09-29,22300.0,PE,77.4,77.65,55.95,57.0,57.0,706,1026330805.5,56875,-9750,2026-07-27
NIFTY,2026-09-29,22850.0,PE,138.1,138.1,105.5,105.9,105.9,94,140375329.25,10530,65,2026-07-27
NIFTY,2026-09-29,23250.0,PE,208.0,208.45,163.65,165.6,165.6,111,169068425.5,8970,2080,2026-07-27
NIFTY,2026-09-29,23350.0,PE,225.25,225.25,184.8,185.15,185.15,76,116345859.5,7735,2925,2026-07-27
NIFTY,2026-09-29,23900.0,PE,403.15,420.1,330.35,341.85,341.85,510,804647437.75,36595,2340,2026-07-27
NIFTY,2026-09-29,25000.0,PE,996.05,1031.7,900.3,912.2,912.2,1260,2126278323.0,813150,-15990,2026-07-27
NIFTY,2026-09-29,25600.0,PE,0.0,0.0,0.0,1670.65,1535.05,0,0.0,0,0,2026-07-27
NIFTY,2026-09-29,28500.0,PE,4310.0,4315.0,4190.65,4193.75,4193.75,360,766785542.25,410930,-845,2026-07-27
NIFTY,2026-12-29,14000.0,PE,12.0,12.0,12.0,12.0,0.0,1,910780.0,8245,65,2026-07-27
NIFTY,2026-12-29,16500.0,PE,20.1,20.1,20.1,20.1,0.1,7,7516645.5,3185,-455,2026-07-27
NIFTY,2026-12-29,18000.0,PE,29.6,31.85,28.55,30.6,30.6,674,789925370.0,447270,15340,2026-07-27
NIFTY,2026-12-29,20000.0,PE,56.55,56.55,52.7,54.25,54.25,1238,1613794022.75,1078885,18525,2026-07-27
NIFTY,2027-03-30,22500.0,PE,281.4,287.85,271.7,277.6,277.6,497,735878633.75,899210,8775,2026-07-27
NIFTY,2027-12-28,24000.0,PE,815.0,815.0,778.05,787.95,787.95,37,59638029.75,113020,-195,2026-07-27
NIFTY,2030-12-31,19500.0,PE,0.0,0.0,0.0,67.4,233.4,0,0.0,0,0,2026-07-27
NIFTY,2026-12-29,20000.0,CE,4459.05,4498.95,4364.75,4484.85,4484.85,560,889191332.25,581840,10010,2026-07-27
NIFTY,2030-12-31,16500.0,PE,0.0,0.0,0.0,13.65,69.2,0,0.0,0,0,2026-07-27
NIFTY,2026-07-28,22700.0,CE,1250.0,1320.0,1230.0,1320.0,1299.75,11,17136652.0,5525,-195,2026-07-27
NIFTY,2026-07-28,23100.0,CE,842.0,944.8,809.0,924.25,924.25,598,933359154.0,34710,-14300,2026-07-27
NIFTY,2026-07-28,24050.0,CE,49.95,60.0,25.5,51.4,51.4,4781865,7487794819293.75,6241560,2281630,2026-07-27
NIFTY,2026-07-28,24300.0,CE,7.9,9.95,3.9,4.8,4.8,1807845,2856090152717.75,10627565,1676090,2026-07-27
NIFTY,2026-07-28,24400.0,CE,4.4,5.35,1.95,2.7,2.7,1572236,2493874120767.25,6908005,-179270,2026-07-27
NIFTY,2026-07-28,25100.0,CE,1.0,1.1,0.5,0.6,0.6,148513,242306869944.75,2387970,-875940,2026-07-27
NIFTY,2026-07-28,25800.0,CE,0.5,0.95,0.25,0.4,0.4,65285,109484879286.25,859690,-297115,2026-07-27
NIFTY,2026-07-28,26250.0,CE,0.45,0.5,0.25,0.35,0.35,6294,10739302665.0,120965,-81770,2026-07-27
NIFTY,2026-08-04,21750.0,CE,0.0,0.0,0.0,2253.6,2274.85,0,0.0,0,0,2026-07-27
NIFTY,2026-08-04,22500.0,CE,1432.6,1555.0,1432.25,1533.6,1533.6,234,364701155.0,13325,7215,2026-07-27
NIFTY,2026-08-04,23650.0,CE,383.75,455.1,352.0,437.0,437.0,3089,4828060285.75,55575,-52650,2026-07-27
NIFTY,2026-08-04,23900.0,CE,200.0,260.0,194.0,248.8,248.8,165311,259173934526.0,964860,177515,2026-07-27
NIFTY,2026-09-29,26000.0,CE,36.4,40.0,35.4,38.45,38.45,7388,12503615998.25,1957660,19500,2026-07-27
NIFTY,2026-09-29,25850.0,CE,0.0,0.0,0.0,117.25,177.75,0,0.0,65,0,2026-07-27
NIFTY,2026-09-29,25750.0,CE,0.0,0.0,0.0,293.5,195.9,0,0.0,0,0,2026-07-27
NIFTY,2026-09-29,25500.0,CE,80.0,84.3,73.5,82.0,82.0,8312,13819475969.0,1394055,21450,2026-07-27
NIFTY,2026-09-29,24550.0,CE,306.65,342.7,305.0,338.55,338.55,55,88892345.75,9880,2145,2026-07-27
NIFTY,2026-09-29,23350.0,CE,0.0,0.0,0.0,1086.9,1216.75,0,0.0,650,0,2026-07-27
NIFTY,2026-09-29,21650.0,CE,0.0,0.0,0.0,2630.65,2630.45,0,0.0,0,0,2026-07-27
NIFTY,2026-09-29,16500.0,CE,0.0,0.0,0.0,10168.85,7686.1,0,0.0,0,0,2026-07-27
NIFTY,2026-09-01,24850.0,CE,0.0,0.0,0.0,347.45,239.0,0,0.0,0,0,2026-07-27
NIFTY,2026-09-01,24800.0,CE,0.0,0.0,0.0,365.3,253.55,0,0.0,0,0,2026-07-27
NIFTY,2026-09-01,24700.0,CE,0.0,0.0,0.0,402.95,284.6,0,0.0,0,0,2026-07-27
NIFTY,2026-08-04,24200.0,CE,75.0,103.0,69.9,95.7,95.7,191372,302087977740.25,2492555,758680,2026-07-27
NIFTY,2026-08-04,24500.0,CE,32.0,32.15,19.8,26.2,26.2,179710,286467884277.25,2885350,946725,2026-07-27
NIFTY,2026-08-04,25300.0,CE,1.7,2.05,1.35,1.45,1.45,55807,91780636129.0,1154140,651105,2026-07-27
NIFTY,2026-08-04,25400.0,CE,1.45,2.05,1.15,1.25,1.25,34191,56452776406.0,839410,480610,2026-07-27
NIFTY,2026-08-11,21900.0,CE,0.0,0.0,0.0,2631.8,2151.15,0,0.0,0,0,2026-07-27
NIFTY,2026-08-11,22650.0,CE,0.0,0.0,0.0,1913.4,1414.65,0,0.0,0,0,2026-07-27
NIFTY,2026-08-11,22800.0,CE,0.0,0.0,0.0,1775.45,1272.45,0,0.0,0,0,2026-07-27
NIFTY,2026-08-11,23600.0,CE,507.3,559.4,470.9,537.25,537.25,662,1037601825.0,32955,-1365,2026-07-27
NIFTY,2026-08-11,23700.0,CE,360.15,474.0,360.1,462.65,462.65,1520,2383893034.25,42510,-23140,2026-07-27
NIFTY,2029-12-24,16500.0,PE,0.0,0.0,0.0,10.15,55.85,0,0.0,0,0,2026-07-27
NIFTY,2029-12-24,21000.0,PE,0.0,0.0,0.0,525.1,380.4,0,0.0,650,0,2026-07-27
NIFTY,2026-09-01,23900.0,CE,447.55,475.35,446.95,475.35,638.35,10,15833626.25,390,390,2026-07-27
NIFTY,2026-09-01,23600.0,CE,0.0,0.0,0.0,585.55,821.55,0,0.0,65,0,2026-07-27
NIFTY,2026-09-01,22350.0,CE,0.0,0.0,0.0,2032.25,1829.65,0,0.0,0,0,2026-07-27
NIFTY,2026-09-01,22050.0,CE,0.0,0.0,0.0,2313.35,2110.15,0,0.0,0,0,2026-07-27
NIFTY,2026-08-25,26300.0,CE,3.75,4.5,2.05,2.2,2.2,12289,21010355083.25,585455,209170,2026-07-27
NIFTY,2026-08-25,26100.0,CE,5.65,5.9,3.0,3.3,3.3,340,576895185.75,25740,15990,2026-07-27
NIFTY,2026-08-25,26050.0,CE,5.0,5.45,3.6,3.65,3.65,42,71129175.0,10010,1170,2026-07-27
NIFTY,2026-08-25,25950.0,CE,6.4,6.45,4.3,4.65,4.65,85,143401290.5,4745,975,2026-07-27
NIFTY,2026-08-25,25600.0,CE,13.45,13.45,9.0,10.3,10.3,3690,6142708763.75,318630,-10465,2026-07-27
NIFTY,2026-08-25,25050.0,CE,40.05,42.7,35.7,40.85,40.85,864,1409042774.75,83980,4680,2026-07-27
NIFTY,2026-08-25,24950.0,CE,56.0,56.0,45.65,52.7,52.7,1557,2530152283.75,58630,7800,2026-07-27
NIFTY,2026-08-25,24900.0,CE,64.0,66.45,51.4,59.5,59.5,8496,13782328810.25,463190,82420,2026-07-27
NIFTY,2026-08-25,24500.0,CE,155.0,162.55,131.05,153.8,153.8,54438,87208248682.75,4553445,279045,2026-07-27
NIFTY,2026-09-01,25600.0,PE,0.0,0.0,0.0,1385.45,1527.05,0,0.0,0,0,2026-07-27
NIFTY,2026-09-01,25150.0,PE,0.0,0.0,0.0,1040.9,1155.7,0,0.0,0,0,2026-07-27
NIFTY,2026-08-11,26050.0,CE,4.8,4.8,1.4,1.9,1.9,208,352233306.75,4485,3705,2026-07-27
NIFTY,2026-08-11,26100.0,CE,2.0,2.75,1.55,1.6,1.6,270,458087662.5,14235,11440,2026-07-27
NIFTY,2026-08-18,22250.0,CE,0.0,0.0,0.0,1959.6,1837.15,0,0.0,0,0,2026-07-27
NIFTY,2026-08-18,22350.0,CE,0.0,0.0,0.0,1866.6,1740.8,0,0.0,0,0,2026-07-27
NIFTY,2026-08-18,22850.0,CE,0.0,0.0,0.0,1421.6,1275.8,0,0.0,0,0,2026-07-27
NIFTY,2026-08-18,23450.0,CE,0.0,0.0,0.0,951.0,785.25,0,0.0,0,0,2026-07-27
NIFTY,2026-08-18,23900.0,CE,370.3,396.2,337.2,385.65,385.65,662,1044110577.25,14755,4095,2026-07-27
NIFTY,2026-08-18,24000.0,CE,300.15,336.85,282.65,327.35,327.35,1425,2251791964.5,66690,1430,2026-07-27
NIFTY,2026-08-18,24900.0,CE,0.0,0.0,0.0,235.9,119.55,0,0.0,0,0,2026-07-27
NIFTY,2026-08-18,25000.0,CE,0.0,0.0,0.0,209.05,100.6,0,0.0,0,0,2026-07-27
NIFTY,2026-08-18,25100.0,CE,0.0,0.0,0.0,184.85,84.15,0,0.0,0,0,2026-07-27
NIFTY,2026-08-18,25550.0,CE,8.1,8.1,7.0,7.05,7.05,28,46514854.75,3445,715,2026-07-27
NIFTY,2026-08-18,25750.0,CE,4.45,4.45,3.8,3.8,3.8,5,8370069.5,195,-195,2026-07-27
NIFTY,2026-08-18,25950.0,CE,0.0,0.0,0.0,4.1,14.45,0,0.0,260,0,2026-07-27
NIFTY,2026-08-25,21900.0,CE,0.0,0.0,0.0,1940.0,2209.7,0,0.0,65,0,2026-07-27
NIFTY,2026-08-25,22950.0,CE,1219.25,1219.25,1210.65,1215.95,1215.95,36,56548258.0,1300,-130,2026-07-27
NIFTY,2026-08-25,25450.0,CE,17.2,17.2,13.3,14.5,14.5,314,519730607.5,23270,3705,2026-07-27
NIFTY,2026-08-25,26200.0,CE,3.55,5.0,2.25,2.7,2.7,746,1270602996.0,27950,21970,2026-07-27
NIFTY,2026-09-01,23450.0,CE,0.0,0.0,0.0,1108.95,923.15,0,0.0,0,0,2026-07-27
NIFTY,2026-09-01,24150.0,CE,0.0,0.0,0.0,659.5,506.75,0,0.0,0,0,2026-07-27
NIFTY,2026-09-01,25350.0,CE,0.0,0.0,0.0,203.15,126.75,0,0.0,0,0,2026-07-27
NIFTY,2026-09-01,25450.0,CE,0.0,0.0,0.0,180.95,110.5,0,0.0,0,0,2026-07-27
NIFTY,2026-09-01,25700.0,CE,0.0,0.0,0.0,133.9,77.25,0,0.0,0,0,2026-07-27
NIFTY,2026-09-29,23900.0,CE,637.9,690.0,622.25,679.05,679.05,368,587072970.25,25220,7085,2026-07-27
NIFTY,2026-09-29,24000.0,CE,594.95,626.0,560.6,618.8,618.8,4974,7950308557.75,1463150,6825,2026-07-27
NIFTY,2026-09-29,24100.0,CE,541.45,570.8,511.45,561.9,561.9,321,514062672.5,40430,-130,2026-07-27
NIFTY,2026-09-29,24850.0,CE,204.05,225.0,203.2,224.7,224.7,60,97727925.75,11505,1885,2026-07-27
NIFTY,2026-09-29,25650.0,CE,0.0,0.0,0.0,317.2,215.6,0,0.0,0,0,2026-07-27
NIFTY,2026-12-29,23000.0,CE,1790.0,1862.0,1764.85,1854.05,1854.05,688,1109305483.0,326185,-11765,2026-07-27
NIFTY,2027-06-29,19000.0,CE,0.0,0.0,0.0,7800.0,6166.0,0,0.0,75,0,2026-07-27
NIFTY,2027-06-29,31500.0,CE,0.0,0.0,0.0,769.15,193.6,0,0.0,0,0,2026-07-27
NIFTY,2028-06-27,18000.0,CE,0.0,0.0,0.0,6809.35,8210.25,0,0.0,0,0,2026-07-27
NIFTY,2029-06-26,28500.0,CE,0.0,0.0,0.0,4213.3,2965.8,0,0.0,0,0,2026-07-27
NIFTY,2029-06-26,30000.0,CE,0.0,0.0,0.0,5268.4,2426.35,0,0.0,0,0,2026-07-27
NIFTY,2029-12-24,31500.0,CE,0.0,0.0,0.0,3429.3,2494.75,0,0.0,0,0,2026-07-27
NIFTY,2030-06-25,22500.0,CE,0.0,0.0,0.0,9012.4,7219.6,0,0.0,0,0,2026-07-27
NIFTY,2030-12-31,30000.0,CE,0.0,0.0,0.0,5227.2,4127.2,0,0.0,0,0,2026-07-27
NIFTY,2031-06-24,24000.0,CE,0.0,0.0,0.0,7181.9,7448.1,0,0.0,0,0,2026-07-27
NIFTY,2026-07-28,22450.0,PE,1.85,1.95,0.85,1.15,1.15,43524,63515408355.75,401505,88920,2026-07-27
NIFTY,2026-07-28,23250.0,PE,5.0,5.0,1.7,2.15,2.15,519511,785188927032.25,1831635,-546975,2026-07-27
NIFTY,2026-07-28,23600.0,PE,19.45,19.45,3.65,4.15,4.15,1773723,2721673708715.0,8285810,372060,2026-07-27
NIFTY,2026-07-28,24250.0,PE,300.0,351.15,213.65,232.75,232.75,57358,91437348057.25,376740,-27755,2026-07-27
NIFTY,2026-07-28,25050.0,PE,1098.0,1118.8,1080.15,1080.85,1049.9,23,39086372.0,2080,-325,2026-07-27
NIFTY,2026-07-28,25550.0,PE,1600.0,1600.0,1540.0,1541.1,1541.1,7,12334097.75,325,-390,2026-07-27
NIFTY,2026-07-28,25750.0,PE,0.0,0.0,0.0,1966.3,1749.8,0,0.0,650,0,2026-07-27
NIFTY,2026-08-04,21650.0,PE,3.4,3.45,2.2,2.7,2.7,357,502446600.5,7605,-1820,2026-07-27
NIFTY,2026-08-04,23850.0,PE,142.2,155.1,77.3,85.0,85.0,37775,58841325052.25,497705,328315,2026-07-27
NIFTY,2026-08-04,23950.0,PE,182.25,201.55,112.1,120.15,120.15,80022,125408082166.25,644605,564915,2026-07-27
NIFTY,2026-08-04,25100.0,PE,1136.0,1160.25,1037.45,1039.05,1039.05,62,105690877.5,2535,1235,2026-07-27
NIFTY,2026-08-04,25900.0,PE,0.0,0.0,0.0,1956.25,1869.9,0,0.0,0,0,2026-07-27
NIFTY,2026-08-11,21900.0,PE,7.4,7.4,4.9,6.7,6.7,297,422895463.25,9555,5395,2026-07-27
NIFTY,2026-08-11,22200.0,PE,8.9,10.95,6.55,7.5,7.5,969,1398754097.0,28665,-3120,2026-07-27
NIFTY,2026-08-11,22400.0,PE,12.25,16.05,7.1,8.5,8.5,1048,1526519735.0,23270,-10270,2026-07-27
NIFTY,2026-08-11,23050.0,PE,37.85,37.85,19.85,20.6,20.6,839,1258566741.25,18070,12350,2026-07-27
NIFTY,2026-08-11,23200.0,PE,60.0,60.0,28.0,30.45,30.45,11445,17287413620.75,303875,189345,2026-07-27
NIFTY,2026-08-11,23500.0,PE,98.75,108.45,57.55,61.05,61.05,10552,16173152326.5,303030,73060,2026-07-27
NIFTY,2026-08-11,23800.0,PE,184.15,198.85,119.0,125.65,125.65,6375,9927187894.0,166725,42120,2026-07-27
NIFTY,2026-08-11,23950.0,PE,245.05,261.65,171.3,179.7,179.7,2488,3908794405.75,35490,23010,2026-07-27
NIFTY,2026-08-11,24500.0,PE,602.6,608.4,486.95,501.1,501.1,941,1531692584.5,58110,37960,2026-07-27
NIFTY,2026-08-18,22050.0,PE,10.65,11.6,9.5,9.85,9.85,66,94640039.0,3965,3965,2026-07-27
NIFTY,2026-08-18,22100.0,PE,15.3,15.75,10.95,10.95,10.95,55,79049902.75,1625,1300,2026-07-27
NIFTY,2026-08-18,22750.0,PE,31.2,33.45,22.05,22.05,22.05,217,321272126.5,14495,6760,2026-07-27
NIFTY,2026-08-18,22800.0,PE,39.95,40.0,24.05,24.65,24.65,131,194402861.25,18135,845,2026-07-27
NIFTY,2026-08-18,22850.0,PE,39.95,44.9,26.15,26.9,26.9,117,174059918.5,6695,-2730,2026-07-27
NIFTY,2026-08-18,23500.0,PE,140.0,153.15,89.0,91.75,91.75,961,1474981283.75,32760,13065,2026-07-27
NIFTY,2026-08-18,23550.0,PE,139.0,149.05,98.2,98.6,98.6,25,38481911.0,2210,260,2026-07-27
NIFTY,2026-08-18,23650.0,PE,187.5,187.55,119.4,121.15,121.15,22,34034994.5,3510,390,2026-07-27
NIFTY,2026-08-18,23850.0,PE,233.75,248.9,173.85,176.9,176.9,45,70399527.25,3640,130,2026-07-27
NIFTY,2026-08-18,24500.0,PE,627.25,627.25,505.15,520.9,520.9,133,216680122.75,5525,2210,2026-07-27
NIFTY,2026-08-18,25300.0,PE,0.0,0.0,0.0,1244.85,1269.65,0,0.0,0,0,2026-07-27
NIFTY,2026-08-25,21500.0,PE,17.75,17.75,9.25,9.8,9.8,12532,17521951196.75,733590,199810,2026-07-27
NIFTY,2026-08-25,21550.0,PE,12.15,12.15,9.3,9.75,9.75,151,211626168.0,6435,2015,2026-07-27
NIFTY,2026-08-25,22000.0,PE,26.95,26.95,13.65,14.1,14.1,27168,38878734180.0,1667120,-32760,2026-07-27
NIFTY,2026-08-25,22450.0,PE,34.4,35.25,22.45,22.85,22.85,351,512893628.0,18460,1430,2026-07-27
NIFTY,2026-08-25,22750.0,PE,50.95,55.45,34.35,35.25,35.25,600,889032114.75,35815,455,2026-07-27
NIFTY,2026-08-25,23100.0,PE,90.8,104.65,59.95,61.65,61.65,9168,13809963297.0,500825,47385,2026-07-27
NIFTY,2026-08-25,23250.0,PE,124.85,129.9,76.85,80.35,80.35,1450,2200645775.25,58240,7670,2026-07-27
NIFTY,2026-08-25,23800.0,PE,268.0,288.9,197.7,204.45,204.45,15882,24817975013.0,1420705,56030,2026-07-27
NIFTY,2026-08-25,25700.0,PE,1700.0,1700.0,1568.9,1586.3,1586.3,285,506772197.75,25155,18265,2026-07-27
NIFTY,2026-09-01,23950.0,PE,0.0,0.0,0.0,369.6,408.9,0,0.0,0,0,2026-07-27
NIFTY,2026-09-01,24650.0,PE,0.0,0.0,0.0,713.5,795.0,0,0.0,0,0,2026-07-27
NIFTY,2026-09-01,24950.0,PE,0.0,0.0,0.0,902.35,1003.8,0,0.0,0,0,2026-07-27
NIFTY,2026-09-01,25250.0,PE,0.0,0.0,0.0,1113.75,1234.85,0,0.0,0,0,2026-07-27
NIFTY,2026-09-01,25400.0,PE,0.0,0.0,0.0,1227.3,1357.4,0,0.0,0,0,2026-07-27
NIFTY,2026-09-29,21850.0,PE,42.8,42.8,38.05,38.15,38.15,8,11382611.5,2860,65,2026-07-27
NIFTY,2026-09-29,22150.0,PE,60.2,60.2,48.15,48.15,48.15,92,132780566.75,28925,-1820,2026-07-27
NIFTY,2026-09-29,22800.0,PE,136.7,136.7,97.25,99.2,99.2,1193,1776893482.0,109590,4160,2026-07-27
NIFTY,2026-09-29,22950.0,PE,144.65,145.4,117.65,118.9,118.9,61,91523682.25,16770,390,2026-07-27
NIFTY,2026-09-29,24700.0,PE,799.95,814.6,711.1,718.7,718.7,316,523593915.0,60255,10595,2026-07-27
NIFTY,2026-09-29,25800.0,PE,0.0,0.0,0.0,1395.0,1693.4,0,0.0,130,0,2026-07-27
NIFTY,2026-09-29,30000.0,PE,5850.0,5850.0,5682.85,5682.85,5659.05,44,102205424.75,144820,-520,2026-07-27
NIFTY,2026-12-29,25500.0,PE,1243.15,1278.05,1175.15,1184.25,1184.25,58,100783998.25,169910,390,2026-07-27
NIFTY,2027-03-30,21000.0,PE,137.5,140.05,133.0,134.7,134.7,348,478114416.0,318630,2795,2026-07-27
NIFTY,2027-03-30,28500.0,PE,0.0,0.0,0.0,4504.7,3601.85,0,0.0,0,0,2026-07-27
NIFTY,2027-06-29,16500.0,PE,0.0,0.0,0.0,24.15,3.35,0,0.0,650,0,2026-07-27
NIFTY,2027-12-28,25500.0,PE,0.0,0.0,0.0,676.05,1518.4,0,0.0,0,0,2026-07-27
NIFTY,2028-06-27,22500.0,PE,0.0,0.0,0.0,206.95,586.8,0,0.0,0,0,2026-07-27
NIFTY,2028-06-27,31500.0,PE,0.0,0.0,0.0,2935.6,4722.75,0,0.0,0,0,2026-07-27
NIFTY,2028-12-26,19500.0,PE,0.0,0.0,0.0,49.0,188.95,0,0.0,0,0,2026-07-27
NIFTY,2030-12-31,22500.0,PE,0.0,0.0,0.0,219.35,576.6,0,0.0,0,0,2026-07-27
NIFTY,2030-12-31,28500.0,PE,0.0,0.0,0.0,1083.1,1993.0,0,0.0,0,0,2026-07-27
NIFTY,2030-12-31,31500.0,PE,0.0,0.0,0.0,1885.5,3093.1,0,0.0,0,0,2026-07-27
NIFTY,2031-06-24,22500.0,PE,0.0,0.0,0.0,663.6,558.5,0,0.0,0,0,2026-07-27
NIFTY,2026-08-04,24350.0,CE,53.1,56.8,38.35,51.6,51.6,40778,64663580465.25,616395,164320,2026-07-27
NIFTY,2026-08-04,24300.0,CE,65.15,68.05,47.75,64.2,64.2,124754,197514313210.5,2173080,822575,2026-07-27
NIFTY,2026-08-04,23600.0,CE,401.0,496.25,390.0,480.35,480.35,7037,10992128758.0,205660,-22620,2026-07-27
NIFTY,2026-08-04,23300.0,CE,680.85,772.8,649.2,763.65,763.65,431,672399721.5,14495,-1690,2026-07-27
NIFTY,2026-08-04,23200.0,CE,791.6,870.2,744.0,864.05,864.05,399,622489942.75,11180,-2535,2026-07-27
NIFTY,2026-08-04,22900.0,CE,1066.6,1165.05,1066.6,1155.1,1155.1,899,1403444428.75,48620,48230,2026-07-27
NIFTY,2026-08-04,22400.0,CE,0.0,0.0,0.0,1573.4,1626.1,0,0.0,65,0,2026-07-27
NIFTY,2026-07-28,25950.0,CE,0.7,0.8,0.3,0.4,0.4,6969,11755188012.75,82550,-68120,2026-07-27
NIFTY,2026-07-28,25350.0,CE,0.8,1.5,0.3,0.45,0.45,133048,219234293508.75,1524120,-678470,2026-07-27
NIFTY,2026-07-28,25200.0,CE,0.8,1.15,0.4,0.5,0.5,317352,519836555540.25,2688790,-2950805,2026-07-27
NIFTY,2026-07-28,24350.0,CE,5.4,7.0,2.75,3.3,3.3,1015789,1607991435677.25,3631875,1068795,2026-07-27
NIFTY,2026-07-28,23850.0,CE,140.0,204.6,110.3,188.4,188.4,1994195,3110511146190.5,1156025,-2458820,2026-07-27
NIFTY,2026-07-28,23800.0,CE,181.0,252.0,144.35,234.65,234.65,1512850,2358786984703.5,2006290,-5236205,2026-07-27
NIFTY,2026-07-28,23550.0,CE,399.7,497.6,362.1,482.7,482.7,10707,16683449120.0,155675,-71890,2026-07-27
NIFTY,2026-07-28,23450.0,CE,512.7,596.4,461.65,587.4,587.4,3527,5495386234.0,69875,-13780,2026-07-27
NIFTY,2026-07-28,21900.0,CE,0.0,0.0,0.0,2080.0,2099.6,0,0.0,520,0,2026-07-27
NIFTY,2026-08-04,24450.0,CE,37.35,37.35,24.7,32.85,32.85,32553,51798771849.5,459355,210730,2026-07-27
NIFTY,2026-08-04,24750.0,CE,10.0,10.0,6.15,8.15,8.15,34455,55446571969.75,499980,27235,2026-07-27
NIFTY,2026-08-04,25550.0,CE,1.7,1.9,1.1,1.1,1.1,4652,7726225607.75,192530,124215,2026-07-27
NIFTY,2026-08-11,21800.0,CE,0.0,0.0,0.0,2729.8,2250.65,0,0.0,0,0,2026-07-27
NIFTY,2026-08-11,21850.0,CE,0.0,0.0,0.0,2680.75,2200.85,0,0.0,0,0,2026-07-27
NIFTY,2026-08-11,23450.0,CE,618.15,619.85,616.9,616.9,710.65,8,12516019.75,1365,-455,2026-07-27
NIFTY,2026-08-11,23800.0,CE,365.0,400.0,330.45,391.9,391.9,3577,5618003800.5,71175,-42315,2026-07-27
NIFTY,2026-09-29,25700.0,PE,0.0,0.0,0.0,1665.0,1613.45,0,0.0,65,0,2026-07-27
NIFTY,2026-09-29,33000.0,PE,0.0,0.0,0.0,6552.15,8623.8,0,0.0,0,0,2026-07-27
NIFTY,2026-12-29,12000.0,PE,5.5,5.5,5.5,5.5,0.0,2,1560715.0,21530,0,2026-07-27
NIFTY,2027-12-28,19500.0,PE,0.0,0.0,0.0,29.25,120.25,0,0.0,0,0,2026-07-27
NIFTY,2027-12-28,22500.0,PE,0.0,0.0,0.0,186.5,542.95,0,0.0,0,0,2026-07-27
NIFTY,2027-12-28,30000.0,PE,0.0,0.0,0.0,4150.0,4115.7,0,0.0,130,0,2026-07-27
NIFTY,2028-06-27,18000.0,PE,0.0,0.0,0.0,396.75,68.35,0,0.0,0,0,2026-07-27
NIFTY,2026-08-18,23950.0,PE,287.5,290.8,215.55,222.25,222.25,222,349228886.5,7865,3640,2026-07-27
NIFTY,2026-07-28,21850.0,CE,0.0,0.0,0.0,2031.2,2149.6,0,0.0,65,0,2026-07-27
NIFTY,2026-07-28,22400.0,CE,0.0,0.0,0.0,1445.0,1599.7,0,0.0,715,0,2026-07-27
NIFTY,2026-07-28,23500.0,CE,434.0,547.15,410.95,530.6,530.6,45305,70590337122.5,624000,-344175,2026-07-27
NIFTY,2026-07-28,23600.0,CE,331.0,447.35,275.0,433.3,433.3,68051,106041875806.75,534755,-511160,2026-07-27
NIFTY,2026-07-28,23700.0,CE,207.55,347.95,207.55,331.5,331.5,315967,492374529718.5,1896050,-2104570,2026-07-27
NIFTY,2026-07-28,24800.0,CE,1.2,1.6,0.55,0.9,0.9,649667,1047311038059.0,5870930,-518310,2026-07-27
NIFTY,2026-07-28,24900.0,CE,1.3,1.4,0.6,0.75,0.75,305342,494215799415.0,2565875,-926445,2026-07-27
NIFTY,2026-07-28,25050.0,CE,1.15,1.15,0.5,0.6,0.6,65772,107097061126.25,626405,-24960,2026-07-27
NIFTY,2026-07-28,25400.0,CE,0.65,1.4,0.25,0.55,0.55,166962,275660935696.25,1055145,-2559245,2026-07-27
NIFTY,2026-08-04,22750.0,CE,0.0,0.0,0.0,1368.05,1279.05,0,0.0,0,0,2026-07-27
NIFTY,2026-08-04,22800.0,CE,1149.0,1215.35,1137.6,1215.35,1229.95,83,129359886.5,8775,4875,2026-07-27
NIFTY,2026-08-04,24550.0,CE,22.55,22.55,15.6,20.25,20.25,31880,50911947567.0,593190,369460,2026-07-27
NIFTY,2026-08-04,24600.0,CE,21.05,21.05,12.25,16.0,16.0,80835,129332801432.25,1431430,606840,2026-07-27
NIFTY,2026-08-04,24700.0,CE,11.7,15.0,7.55,9.75,9.75,106092,170394028070.5,1827020,821470,2026-07-27
NIFTY,2026-08-04,25100.0,CE,3.4,3.4,1.85,2.3,2.3,55155,89993782102.25,1456975,362440,2026-07-27
NIFTY,2026-08-04,25500.0,CE,1.6,1.95,1.15,1.25,1.25,85521,141759661446.0,1853280,887380,2026-07-27
NIFTY,2026-08-11,22700.0,CE,0.0,0.0,0.0,1867.15,1366.95,0,0.0,0,0,2026-07-27
NIFTY,2026-08-11,23250.0,CE,0.0,0.0,0.0,722.6,871.0,0,0.0,390,0,2026-07-27
NIFTY,2026-08-11,23350.0,CE,0.0,0.0,0.0,607.25,789.1,0,0.0,2275,0,2026-07-27
NIFTY,2026-08-11,25500.0,CE,3.75,4.7,2.75,3.05,3.05,4895,8114583896.25,121355,34710,2026-07-27
NIFTY,2026-08-11,25550.0,CE,2.75,4.2,2.7,3.15,13.1,56,93013407.5,2470,0,2026-07-27
NIFTY,2026-08-11,25900.0,CE,2.2,3.05,1.65,1.85,1.85,54,90916241.0,2275,650,2026-07-27
NIFTY,2026-08-18,23550.0,CE,593.75,625.6,593.75,625.6,625.6,13,20411631.5,1105,650,2026-07-27
NIFTY,2026-08-18,24650.0,CE,70.9,74.75,62.3,72.95,72.95,104,167104125.5,13780,1300,2026-07-27
NIFTY,2026-08-18,25700.0,CE,4.2,5.2,4.15,4.2,4.2,40,66831482.25,1105,975,2026-07-27
NIFTY,2026-08-25,23900.0,CE,367.4,451.3,367.4,441.45,441.45,14476,22877419529.25,502515,71760,2026-07-27
NIFTY,2026-08-25,25400.0,CE,20.0,21.45,14.85,16.4,16.4,4806,7939838874.5,219505,-14105,2026-07-27
NIFTY,2026-08-25,25500.0,CE,16.95,17.0,11.55,12.75,12.75,26065,43224573223.0,1870960,21905,2026-07-27
NIFTY,2026-08-25,25800.0,CE,8.8,8.8,6.05,6.75,6.75,374,627362463.0,16965,6890,2026-07-27
NIFTY,2026-09-01,22300.0,CE,0.0,0.0,0.0,2078.55,1875.75,0,0.0,0,0,2026-07-27
NIFTY,2030-12-31,27000.0,PE,0.0,0.0,0.0,779.5,1540.8,0,0.0,0,0,2026-07-27
NIFTY,2026-09-01,22800.0,CE,0.0,0.0,0.0,1629.4,1430.2,0,0.0,0,0,2026-07-27
NIFTY,2026-09-01,22950.0,CE,0.0,0.0,0.0,1501.8,1304.75,0,0.0,0,0,2026-07-27
NIFTY,2026-09-01,24650.0,CE,0.0,0.0,0.0,422.75,301.1,0,0.0,0,0,2026-07-27
NIFTY,2026-09-01,25100.0,CE,0.0,0.0,0.0,267.8,175.95,0,0.0,0,0,2026-07-27
NIFTY,2026-09-01,25300.0,CE,0.0,0.0,0.0,215.9,135.55,0,0.0,0,0,2026-07-27
NIFTY,2026-09-01,25600.0,CE,0.0,0.0,0.0,151.35,89.35,0,0.0,0,0,2026-07-27
NIFTY,2026-09-29,15000.0,CE,0.0,0.0,0.0,10499.3,9168.8,0,0.0,0,0,2026-07-27
NIFTY,2026-09-29,18000.0,CE,0.0,0.0,0.0,6137.7,6203.4,0,0.0,1300,0,2026-07-27
NIFTY,2026-09-29,22300.0,CE,0.0,0.0,0.0,1833.95,2042.95,0,0.0,195,0,2026-07-27
NIFTY,2026-09-29,22350.0,CE,0.0,0.0,0.0,1788.15,1999.7,0,0.0,195,0,2026-07-27
NIFTY,2026-09-29,23200.0,CE,0.0,0.0,0.0,1068.5,1323.5,0,0.0,1885,0,2026-07-27
NIFTY,2026-09-29,23400.0,CE,979.95,1040.0,968.2,1028.15,1028.15,17,26960537.5,2470,455,2026-07-27
NIFTY,2026-09-29,23450.0,CE,0.0,0.0,0.0,1136.05,1148.85,0,0.0,585,0,2026-07-27
NIFTY,2026-09-29,23500.0,CE,909.45,970.55,883.0,953.2,953.2,632,1002970705.75,130260,7150,2026-07-27
NIFTY,2026-09-29,23650.0,CE,0.0,0.0,0.0,788.95,1019.6,0,0.0,585,0,2026-07-27
NIFTY,2026-09-29,24250.0,CE,440.25,482.9,435.3,476.15,476.15,51,81890864.25,8125,-585,2026-07-27
NIFTY,2026-09-29,25050.0,CE,160.4,168.35,149.2,165.6,165.6,183,299814706.75,13390,1430,2026-07-27
NIFTY,2026-09-29,25250.0,CE,0.0,0.0,0.0,422.05,310.3,0,0.0,0,0,2026-07-27
NIFTY,2026-09-29,25300.0,CE,110.0,119.4,99.0,111.6,111.6,2327,3842749849.25,172640,37375,2026-07-27
NIFTY,2026-12-29,18000.0,CE,0.0,0.0,0.0,6755.0,6495.5,0,0.0,2145,0,2026-07-27
NIFTY,2026-12-29,34500.0,CE,0.0,0.0,0.0,7.05,1.0,0,0.0,650,0,2026-07-27
NIFTY,2027-03-30,22500.0,CE,2550.0,2559.05,2550.0,2559.05,2860.65,2,3257088.25,1755,0,2026-07-27
NIFTY,2028-12-26,16500.0,CE,0.0,0.0,0.0,12176.65,9970.45,0,0.0,0,0,2026-07-27
NIFTY,2029-06-26,27000.0,CE,0.0,0.0,0.0,6570.4,3595.3,0,0.0,0,0,2026-07-27
NIFTY,2029-12-24,25500.0,CE,0.0,0.0,0.0,6500.6,4933.45,0,0.0,0,0,2026-07-27
NIFTY,2029-12-24,30000.0,CE,0.0,0.0,0.0,2863.2,2985.9,0,0.0,8145,0,2026-07-27
NIFTY,2030-12-31,21000.0,CE,0.0,0.0,0.0,10552.5,8708.25,0,0.0,0,0,2026-07-27
NIFTY,2031-06-24,27000.0,CE,0.0,0.0,0.0,5699.0,5932.3,0,0.0,0,0,2026-07-27
NIFTY,2026-07-28,21250.0,PE,1.3,1.45,0.5,0.6,0.6,5066,6997620815.25,60580,23790,2026-07-27
NIFTY,2026-07-28,21800.0,PE,1.0,1.1,0.6,0.75,0.75,39543,56034328213.5,946530,-304070,2026-07-27
NIFTY,2026-07-28,22200.0,PE,0.9,1.35,0.7,1.05,1.05,65045,93863721025.75,671580,-340275,2026-07-27
NIFTY,2026-07-28,24350.0,PE,403.6,451.8,308.45,324.8,324.8,8951,14384416728.5,118235,1625,2026-07-27
NIFTY,2026-07-28,25000.0,PE,1040.15,1099.0,958.05,975.95,975.95,12371,20928201749.0,978445,-428870,2026-07-27
NIFTY,2026-07-28,25100.0,PE,1156.25,1193.15,1058.2,1081.55,1081.55,341,581426251.25,26780,-11700,2026-07-27
NIFTY,2026-07-28,25200.0,PE,1253.0,1294.0,1158.95,1177.75,1177.75,1234,2120318684.25,64805,-37635,2026-07-27
NIFTY,2026-07-28,25950.0,PE,1975.0,1975.0,1975.0,1975.0,1949.75,1,1815125.0,455,-65,2026-07-27
NIFTY,2029-12-24,19500.0,PE,0.0,0.0,0.0,61.2,221.75,0,0.0,0,0,2026-07-27
NIFTY,2029-06-26,26000.0,PE,0.0,0.0,0.0,1650.0,1510.75,0,0.0,50,0,2026-07-27
NIFTY,2029-06-26,22500.0,PE,0.0,0.0,0.0,224.45,610.6,0,0.0,0,0,2026-07-27
NIFTY,2028-12-26,30000.0,PE,0.0,0.0,0.0,2352.75,3437.8,0,0.0,0,0,2026-07-27
NIFTY,2028-12-26,22500.0,PE,0.0,0.0,0.0,218.8,606.25,0,0.0,0,0,2026-07-27
NIFTY,2028-12-26,21000.0,PE,0.0,0.0,0.0,490.0,355.25,0,0.0,6930,0,2026-07-27
NIFTY,2028-06-27,25500.0,PE,0.0,0.0,0.0,667.45,1471.7,0,0.0,0,0,2026-07-27
NIFTY,2028-06-27,22000.0,PE,0.0,0.0,0.0,555.0,487.35,0,0.0,845,0,2026-07-27
NIFTY,2026-07-28,26300.0,PE,2345.0,2403.2,2262.2,2279.35,2279.35,4514,8399797825.25,337935,-121550,2026-07-27
NIFTY,2026-08-04,22100.0,PE,4.0,4.15,2.7,3.55,3.55,3232,4643444711.75,74620,10270,2026-07-27
NIFTY,2026-08-04,22400.0,PE,7.8,7.8,3.3,4.3,4.3,13024,18966288935.75,145925,12285,2026-07-27
NIFTY,2026-08-04,23050.0,PE,20.1,20.1,8.45,9.35,9.35,25397,38068961190.0,228800,-215085,2026-07-27
NIFTY,2026-08-04,24350.0,PE,439.9,471.45,341.1,353.55,353.55,662,1065034431.5,18980,4225,2026-07-27
NIFTY,2026-08-04,25350.0,PE,1420.0,1420.0,1420.0,1420.0,1323.85,8,13920400.0,520,455,2026-07-27
NIFTY,2026-08-04,25600.0,PE,0.0,0.0,0.0,1597.05,1571.15,0,0.0,130,0,2026-07-27
NIFTY,2026-08-11,22150.0,PE,7.05,8.65,6.2,7.45,7.45,196,282282334.75,6175,1170,2026-07-27
NIFTY,2026-08-11,23000.0,PE,35.05,38.45,17.4,18.65,18.65,71037,106319993633.75,678990,490815,2026-07-27
NIFTY,2026-08-11,23250.0,PE,60.4,60.4,30.65,32.4,32.4,1099,1664124273.5,30680,16250,2026-07-27
NIFTY,2026-08-11,24000.0,PE,274.95,284.9,191.45,199.45,199.45,11332,17853413350.5,333060,103545,2026-07-27
NIFTY,2026-08-11,24650.0,PE,0.0,0.0,0.0,578.25,707.95,0,0.0,195,0,2026-07-27
NIFTY,2026-08-11,24900.0,PE,0.0,0.0,0.0,910.4,910.0,0,0.0,65,0,2026-07-27
NIFTY,2026-08-11,25950.0,PE,0.0,0.0,0.0,1497.75,1893.4,0,0.0,0,0,2026-07-27
NIFTY,2026-08-18,22700.0,PE,35.35,35.35,21.15,21.65,21.65,298,440206471.25,18070,3770,2026-07-27
NIFTY,2026-08-18,23100.0,PE,66.3,66.3,40.8,42.55,42.55,553,832266269.25,24830,12090,2026-07-27
NIFTY,2026-08-18,23800.0,PE,235.0,244.35,160.05,164.7,164.7,469,731756613.25,17160,-2535,2026-07-27
NIFTY,2026-08-18,24300.0,PE,472.85,473.6,387.05,388.75,388.75,35,56294943.25,3250,780,2026-07-27
NIFTY,2026-08-18,25200.0,PE,0.0,0.0,0.0,1165.4,1182.15,0,0.0,0,0,2026-07-27
NIFTY,2026-08-18,25800.0,PE,0.0,0.0,0.0,1669.7,1730.35,0,0.0,0,0,2026-07-27
NIFTY,2026-08-25,21650.0,PE,12.55,13.1,11.65,12.3,4.3,46,64770212.0,3120,195,2026-07-27
NIFTY,2026-08-25,22300.0,PE,27.55,28.95,17.55,18.5,18.5,3461,5021596879.0,356135,-14625,2026-07-27
NIFTY,2026-08-25,22950.0,PE,73.95,75.5,47.4,48.65,48.65,962,1438826834.25,38480,-11505,2026-07-27
NIFTY,2026-08-25,23750.0,PE,246.2,273.8,181.05,185.6,185.6,1146,1785770749.75,59280,12675,2026-07-27
NIFTY,2026-08-25,24050.0,PE,361.25,395.25,289.8,297.5,297.5,1395,2211910915.5,79170,-2925,2026-07-27
NIFTY,2026-08-25,24500.0,PE,659.9,659.9,533.15,547.6,547.6,9589,15640364847.25,2355600,129415,2026-07-27
NIFTY,2026-08-25,25400.0,PE,1368.0,1410.0,1282.05,1282.05,1282.05,69,120100269.25,7670,4420,2026-07-27
NIFTY,2026-08-25,25950.0,PE,0.0,0.0,0.0,2100.0,1860.3,0,0.0,260,0,2026-07-27
NIFTY,2026-09-01,22350.0,PE,0.0,0.0,0.0,39.0,38.45,0,0.0,0,0,2026-07-27
NIFTY,2026-09-01,22950.0,PE,0.0,0.0,0.0,104.35,109.65,0,0.0,0,0,2026-07-27
NIFTY,2026-09-01,24050.0,PE,0.0,0.0,0.0,410.25,454.85,0,0.0,0,0,2026-07-27
NIFTY,2026-09-01,24300.0,PE,0.0,0.0,0.0,524.25,583.3,0,0.0,0,0,2026-07-27
NIFTY,2026-09-01,25300.0,PE,0.0,0.0,0.0,1152.1,1275.2,0,0.0,0,0,2026-07-27
NIFTY,2026-09-01,25750.0,PE,0.0,0.0,0.0,1508.85,1658.4,0,0.0,0,0,2026-07-27
NIFTY,2026-09-01,25900.0,PE,0.0,0.0,0.0,1635.9,1792.85,0,0.0,0,0,2026-07-27
NIFTY,2026-09-29,21000.0,PE,28.5,31.7,25.25,26.1,26.1,3905,5337014579.0,1620580,-5005,2026-07-27
NIFTY,2026-09-29,21950.0,PE,44.9,47.15,42.5,45.3,55.3,10,14296782.5,3640,260,2026-07-27
NIFTY,2026-09-29,22550.0,PE,99.05,99.05,74.0,75.75,75.75,57,83869682.0,6435,-1430,2026-07-27
NIFTY,2026-09-29,22600.0,PE,104.35,104.85,78.1,79.25,79.25,584,861259496.5,35620,1170,2026-07-27
NIFTY,2026-09-29,23400.0,PE,238.05,246.7,193.5,195.95,195.95,723,1109946480.5,60255,10920,2026-07-27
NIFTY,2026-09-29,24750.0,PE,0.0,0.0,0.0,814.4,940.25,0,0.0,32695,0,2026-07-27
NIFTY,2026-09-29,24950.0,PE,0.0,0.0,0.0,940.9,1067.45,0,0.0,260,0,2026-07-27
NIFTY,2026-09-29,25650.0,PE,0.0,0.0,0.0,1708.05,1574.05,0,0.0,0,0,2026-07-27
NIFTY,2026-07-28,24000.0,PE,152.95,152.95,41.1,49.85,49.85,7020028,10988053418849.0,13567970,8880235,2026-07-27
NIFTY,2026-07-28,23750.0,PE,41.0,45.0,6.1,7.0,7.0,2078435,3210654588163.75,5552300,1659190,2026-07-27
NIFTY,2031-06-24,16500.0,PE,0.0,0.0,0.0,95.65,73.4,0,0.0,0,0,2026-07-27
NIFTY,2026-09-01,23650.0,PE,0.0,0.0,0.0,264.15,289.5,0,0.0,0,0,2026-07-27
NIFTY,2026-09-01,24600.0,PE,0.0,0.0,0.0,684.35,762.55,0,0.0,0,0,2026-07-27
NIFTY,2026-09-29,22000.0,PE,59.0,59.0,42.25,43.1,43.1,5954,8532456673.0,715650,-8320,2026-07-27
NIFTY,2026-09-29,22700.0,PE,115.85,116.9,84.6,88.0,88.0,562,832801261.5,45240,3250,2026-07-27
NIFTY,2026-09-29,23100.0,PE,180.4,180.45,137.7,139.7,139.7,692,1045720607.75,98540,14365,2026-07-27
NIFTY,2026-09-29,23800.0,PE,367.5,383.4,299.35,305.5,305.5,1056,1656540853.5,126815,-4290,2026-07-27
NIFTY,2026-09-29,25100.0,PE,1040.0,1040.0,1000.0,1000.0,1168.2,2,3395600.0,1625,65,2026-07-27
NIFTY,2026-09-29,25500.0,PE,1424.85,1424.85,1290.85,1298.1,1298.1,385,671913076.25,299130,520,2026-07-27
NIFTY,2026-09-01,23150.0,PE,0.0,0.0,0.0,139.2,148.5,0,0.0,0,0,2026-07-27
NIFTY,2026-09-01,24300.0,CE,0.0,0.0,0.0,581.1,437.15,0,0.0,0,0,2026-07-27
NIFTY,2026-09-01,24200.0,CE,296.35,330.0,295.55,327.7,327.7,13,20711665.0,585,585,2026-07-27
NIFTY,2026-09-01,24050.0,CE,0.0,0.0,0.0,715.35,557.1,0,0.0,0,0,2026-07-27
NIFTY,2026-09-01,23700.0,CE,590.0,590.0,590.0,590.0,757.5,1,1578850.0,0,-65,2026-07-27
NIFTY,2026-08-25,25700.0,CE,11.1,11.3,7.45,8.15,8.15,1809,3022922932.25,119535,8970,2026-07-27
NIFTY,2026-08-25,25650.0,CE,10.95,11.1,8.7,9.15,9.15,188,313559535.25,37570,2925,2026-07-27
NIFTY,2026-08-25,24350.0,CE,199.85,240.75,182.05,210.6,210.6,1196,1908487691.5,58955,13585,2026-07-27
NIFTY,2026-08-25,24150.0,CE,287.8,308.5,264.0,303.55,303.55,795,1262692853.5,65520,2275,2026-07-27
NIFTY,2026-08-25,23300.0,CE,833.9,898.3,793.0,895.25,895.25,236,370413429.75,26650,585,2026-07-27
NIFTY,2026-08-25,22650.0,CE,0.0,0.0,0.0,1560.55,1503.05,0,0.0,845,0,2026-07-27
NIFTY,2026-08-25,21550.0,CE,0.0,0.0,0.0,2758.3,2552.7,0,0.0,0,0,2026-07-27
NIFTY,2026-08-25,21450.0,CE,0.0,0.0,0.0,2848.15,2651.4,0,0.0,0,0,2026-07-27
NIFTY,2026-08-18,25850.0,CE,4.3,4.35,3.05,3.1,3.1,12,20165993.25,65,-130,2026-07-27
NIFTY,2026-08-18,25800.0,CE,5.15,5.15,2.8,3.4,3.4,138,231462221.25,3965,2340,2026-07-27
NIFTY,2026-08-18,24950.0,CE,0.0,0.0,0.0,222.15,109.75,0,0.0,0,0,2026-07-27
NIFTY,2026-08-18,23300.0,CE,0.0,0.0,0.0,1060.7,897.85,0,0.0,0,0,2026-07-27
NIFTY,2026-08-11,25000.0,CE,15.0,16.0,9.6,12.0,12.0,67501,109745297041.25,316290,87360,2026-07-27
NIFTY,2026-08-11,24700.0,CE,42.75,42.75,28.4,35.25,35.25,15075,24235035253.0,416325,275990,2026-07-27
NIFTY,2026-08-11,24600.0,CE,49.55,51.65,40.0,49.35,49.35,10409,16675388297.75,335660,138580,2026-07-27
NIFTY,2026-08-11,24350.0,CE,100.0,113.5,88.95,109.8,109.8,1076,1710186374.0,31915,7410,2026-07-27
NIFTY,2026-08-11,23850.0,CE,298.0,370.5,298.0,357.45,357.45,856,1345599404.5,23400,-7085,2026-07-27
NIFTY,2026-08-11,21700.0,CE,0.0,0.0,0.0,2828.05,2350.2,0,0.0,0,0,2026-07-27
NIFTY,2026-08-04,26100.0,CE,1.05,1.3,0.9,0.95,0.95,1359,2305635276.75,21385,585,2026-07-27
NIFTY,2026-08-04,25150.0,CE,2.2,2.6,1.6,2.05,2.05,9496,15524915708.25,259805,118755,2026-07-27
NIFTY,2026-08-04,25050.0,CE,3.0,4.0,2.15,2.9,2.9,11163,18178241945.5,278655,151970,2026-07-27
NIFTY,2026-08-04,24950.0,CE,4.4,5.2,3.15,4.15,4.15,10291,16692040166.75,260260,115895,2026-07-27
NIFTY,2026-07-28,24650.0,CE,2.4,2.4,0.7,1.1,1.1,359404,575889352424.75,1501435,-1360775,2026-07-27
NIFTY,2026-07-28,24600.0,CE,2.45,2.45,0.8,1.25,1.25,754592,1206670003386.25,5086055,-169975,2026-07-27
NIFTY,2026-07-28,24700.0,PE,735.0,799.35,658.9,674.8,674.8,2153,3557874024.25,114595,-41275,2026-07-27
NIFTY,2030-12-31,18000.0,PE,0.0,0.0,0.0,32.3,133.3,0,0.0,0,0,2026-07-27
NIFTY,2030-06-25,30000.0,PE,0.0,0.0,0.0,2100.85,2713.65,0,0.0,0,0,2026-07-27
NIFTY,2030-06-25,27000.0,PE,0.0,0.0,0.0,1286.05,1643.85,0,0.0,0,0,2026-07-27
NIFTY,2026-07-28,23350.0,CE,620.0,695.95,561.9,690.95,690.95,530,825787621.75,56875,-10075,2026-07-27
NIFTY,2026-07-28,23200.0,CE,761.35,845.5,714.0,833.6,833.6,863,1344853919.5,47645,-11830,2026-07-27
NIFTY,2026-07-28,23000.0,CE,925.0,1047.25,906.1,1034.15,1034.15,6406,9984705289.0,344825,-133445,2026-07-27
NIFTY,2026-07-28,22950.0,CE,965.1,965.1,965.1,965.1,1049.8,1,1554481.5,1495,0,2026-07-27
NIFTY,2026-07-28,22900.0,CE,1030.0,1138.2,1019.65,1138.15,1138.15,847,1321589850.75,20995,-33800,2026-07-27
NIFTY,2026-07-28,22200.0,CE,1755.0,1836.15,1755.0,1836.15,1836.15,26,40530044.75,325,-1495,2026-07-27
NIFTY,2026-07-28,21550.0,CE,0.0,0.0,0.0,2828.2,2449.55,0,0.0,0,0,2026-07-27
NIFTY,2026-09-01,22900.0,PE,74.6,78.0,62.4,62.4,101.3,44,65696354.75,1170,-1690,2026-07-27
NIFTY,2026-09-01,22300.0,PE,0.0,0.0,0.0,35.6,34.9,0,0.0,0,0,2026-07-27
NIFTY,2026-08-25,26300.0,PE,2258.15,2305.0,2158.75,2175.05,2175.05,4249,7880181627.5,413205,257465,2026-07-27
NIFTY,2026-08-25,25900.0,PE,1900.0,1900.0,1890.0,1890.0,1813.55,24,43367350.0,4550,1430,2026-07-27
NIFTY,2026-08-25,25650.0,PE,1625.0,1625.0,1625.0,1625.0,1583.85,3,5318625.0,195,195,2026-07-27
NIFTY,2026-08-25,24650.0,PE,728.15,735.0,717.75,717.75,775.3,4,6598215.0,2145,195,2026-07-27
NIFTY,2026-08-25,24100.0,PE,388.8,422.05,310.7,325.1,325.1,9896,15731452584.25,1517165,10790,2026-07-27
NIFTY,2026-08-25,23950.0,PE,333.0,371.15,249.0,256.65,256.65,2446,3855469241.0,47515,19565,2026-07-27
NIFTY,2026-08-25,23900.0,PE,354.55,354.55,230.8,238.95,238.95,16589,26076636875.25,637195,152750,2026-07-27
NIFTY,2026-08-25,23300.0,PE,132.0,141.6,85.45,87.7,87.7,11844,18019268163.0,527865,57785,2026-07-27
NIFTY,2026-08-25,21250.0,PE,10.5,10.85,7.7,8.2,8.2,50,69094031.5,4550,-390,2026-07-27
NIFTY,2026-08-18,25550.0,PE,0.0,0.0,0.0,1452.05,1495.85,0,0.0,0,0,2026-07-27
NIFTY,2026-08-18,24250.0,PE,443.1,443.1,357.7,368.7,368.7,25,40078018.5,1885,780,2026-07-27
NIFTY,2026-08-18,24050.0,PE,330.95,339.05,249.05,255.2,255.2,48,75947738.75,4290,1105,2026-07-27
NIFTY,2026-08-18,23300.0,PE,98.35,101.65,60.0,62.65,62.65,279,423978135.75,11505,-2210,2026-07-27
NIFTY,2026-08-11,25700.0,PE,1690.0,1690.0,1690.0,1690.0,1648.6,4,7121400.0,260,260,2026-07-27
NIFTY,2026-08-11,24400.0,PE,512.0,538.6,413.15,428.4,428.4,386,623636045.5,23660,12740,2026-07-27
NIFTY,2026-08-11,23650.0,PE,141.85,145.15,83.2,87.5,87.5,1261,1947630876.75,31265,12415,2026-07-27
NIFTY,2026-08-11,23600.0,PE,152.35,152.45,73.15,79.55,79.55,9078,13981589846.25,280475,211315,2026-07-27
NIFTY,2026-08-11,23450.0,PE,94.85,95.0,50.85,52.9,52.9,1266,1935452558.0,28405,17615,2026-07-27
NIFTY,2030-06-25,22500.0,PE,0.0,0.0,0.0,223.75,593.35,0,0.0,0,0,2026-07-27
NIFTY,2030-06-25,18000.0,PE,0.0,0.0,0.0,116.65,126.95,0,0.0,0,0,2026-07-27
NIFTY,2029-12-24,15000.0,PE,29.0,29.0,29.0,29.0,22.9,1,976885.0,65,65,2026-07-27
NIFTY,2027-12-28,27000.0,PE,1876.0,1902.0,1830.05,1846.1,1846.1,21,39407254.25,39870,325,2026-07-27
NIFTY,2027-12-28,16500.0,PE,0.0,0.0,0.0,52.05,12.5,0,0.0,130,0,2026-07-27
NIFTY,2027-03-30,27000.0,PE,0.0,0.0,0.0,2210.0,2473.1,0,0.0,195,0,2026-07-27
NIFTY,2026-12-29,31500.0,PE,0.0,0.0,0.0,4059.3,6645.6,0,0.0,0,0,2026-07-27
NIFTY,2026-12-29,28000.0,PE,3327.0,3340.0,3215.3,3235.0,3235.0,102,207342300.75,846400,1105,2026-07-27
NIFTY,2026-12-29,21000.0,PE,82.95,83.6,77.1,79.25,79.25,1854,2540430080.5,961590,-6045,2026-07-27
NIFTY,2026-09-29,26100.0,PE,0.0,0.0,0.0,2057.7,1941.55,0,0.0,0,0,2026-07-27
NIFTY,2026-08-04,25850.0,PE,1861.0,1861.0,1800.0,1800.0,1820.05,2,3598465.0,130,130,2026-07-27
NIFTY,2026-08-04,25550.0,PE,0.0,0.0,0.0,1538.4,1521.5,0,0.0,195,0,2026-07-27
NIFTY,2026-09-01,25750.0,CE,0.0,0.0,0.0,125.8,71.7,0,0.0,0,0,2026-07-27
NIFTY,2026-09-29,21900.0,CE,0.0,0.0,0.0,2350.0,2399.65,0,0.0,130,0,2026-07-27
NIFTY,2026-09-29,22500.0,CE,1680.0,1795.0,1675.0,1783.4,1783.4,89,140053891.25,174200,-585,2026-07-27
NIFTY,2026-09-29,22950.0,CE,0.0,0.0,0.0,1377.2,1508.95,0,0.0,390,0,2026-07-27
NIFTY,2026-09-29,23950.0,CE,606.35,663.15,600.85,663.15,663.15,69,110177271.75,3575,845,2026-07-27
NIFTY,2026-09-29,24200.0,CE,464.05,516.0,460.15,504.9,504.9,1090,1748761410.5,131365,-4095,2026-07-27
NIFTY,2026-09-29,25350.0,CE,0.0,0.0,0.0,393.25,283.95,0,0.0,0,0,2026-07-27
NIFTY,2026-09-29,34500.0,CE,0.0,0.0,0.0,0.95,0.0,0,0.0,9815,0,2026-07-27
NIFTY,2026-12-29,24000.0,CE,1075.0,1141.4,1063.4,1132.0,1132.0,4312,7030591568.0,968885,133750,2026-07-27
NIFTY,2026-12-29,30000.0,CE,19.0,20.05,18.45,19.7,19.7,842,1642975584.25,805310,25025,2026-07-27
NIFTY,2027-06-29,18000.0,CE,0.0,0.0,0.0,4066.45,7079.6,0,0.0,0,0,2026-07-27
NIFTY,2026-08-04,25450.0,PE,0.0,0.0,0.0,1480.0,1422.5,0,0.0,65,0,2026-07-27
NIFTY,2026-08-04,24000.0,PE,211.05,228.0,131.5,140.85,140.85,209174,328718227574.75,2828280,1440010,2026-07-27
NIFTY,2026-08-04,23250.0,PE,40.0,40.0,12.15,13.1,13.1,28425,42988917208.25,480675,32760,2026-07-27
NIFTY,2026-08-04,23100.0,PE,21.55,21.55,9.2,9.85,9.85,78166,117424869025.75,1405105,551655,2026-07-27
NIFTY,2026-08-04,22700.0,PE,7.15,7.9,4.7,6.05,6.05,43813,64662441298.0,1029015,638495,2026-07-27
NIFTY,2026-08-04,21800.0,PE,3.8,3.8,2.45,3.05,3.05,8968,12709304062.0,303615,74165,2026-07-27
NIFTY,2026-07-28,26050.0,PE,0.0,0.0,0.0,2175.5,2049.75,0,0.0,1040,0,2026-07-27
NIFTY,2026-07-28,25850.0,PE,1890.0,1890.0,1870.0,1870.0,1849.8,2,3604900.0,130,-130,2026-07-27
NIFTY,2026-07-28,25450.0,PE,0.0,0.0,0.0,1500.0,1449.85,0,0.0,195,0,2026-07-27
NIFTY,2028-06-27,21000.0,CE,0.0,0.0,0.0,5226.55,5824.5,0,0.0,0,0,2026-07-27
NIFTY,2028-12-26,19500.0,CE,0.0,0.0,0.0,9716.4,7566.55,0,0.0,0,0,2026-07-27
NIFTY,2029-06-26,24000.0,CE,0.0,0.0,0.0,8085.35,5140.65,0,0.0,0,0,2026-07-27
NIFTY,2029-12-24,27000.0,CE,0.0,0.0,0.0,6201.65,4200.9,0,0.0,0,0,2026-07-27
NIFTY,2026-07-28,21300.0,PE,0.7,1.0,0.4,0.55,0.55,28678,39705676062.0,749190,-35035,2026-07-27
NIFTY,2026-07-28,21400.0,PE,0.7,1.0,0.4,0.6,0.6,26910,37432826518.75,352755,4485,2026-07-27
NIFTY,2026-07-28,21700.0,PE,0.75,0.9,0.5,0.65,0.65,19306,27231934424.5,235820,-14885,2026-07-27
NIFTY,2026-07-28,22650.0,PE,1.35,1.65,0.95,1.25,1.25,100615,148138312500.75,680745,-60645,2026-07-27
NIFTY,2026-07-28,23000.0,PE,2.9,2.9,1.35,1.8,1.8,1386067,2072325791867.5,14062945,841360,2026-07-27
NIFTY,2026-07-28,23300.0,PE,5.05,5.05,1.85,2.3,2.3,1204605,1824573783184.75,6251245,-1541930,2026-07-27
NIFTY,2026-07-28,23350.0,PE,5.65,5.65,1.85,2.45,2.45,737353,1119252028700.0,2946385,22230,2026-07-27
NIFTY,2026-07-28,23700.0,PE,30.0,32.35,4.8,5.6,5.6,2981419,4595036110609.75,10242375,1932125,2026-07-27
NIFTY,2026-07-28,24400.0,PE,505.65,505.7,359.75,377.5,377.5,15815,25518658308.0,691600,-44200,2026-07-27
NIFTY,2026-09-29,21900.0,PE,47.35,54.25,38.7,39.15,39.15,613,874326544.0,32695,19500,2026-07-27
NIFTY,2026-09-29,22500.0,PE,108.0,108.0,69.9,71.25,71.25,7614,11174741786.0,1443715,-6890,2026-07-27
NIFTY,2031-06-24,30000.0,PE,0.0,0.0,0.0,2616.25,2341.05,0,0.0,0,0,2026-07-27
NIFTY,2031-06-24,28500.0,PE,0.0,0.0,0.0,2104.2,1865.3,0,0.0,0,0,2026-07-27
NIFTY,2031-06-24,25500.0,PE,0.0,0.0,0.0,1262.85,1094.85,0,0.0,0,0,2026-07-27
NIFTY,2031-06-24,24000.0,PE,0.0,0.0,0.0,933.85,797.9,0,0.0,0,0,2026-07-27
NIFTY,2030-12-31,30000.0,PE,0.0,0.0,0.0,1450.1,2511.6,0,0.0,0,0,2026-07-27
NIFTY,2028-12-26,22000.0,PE,0.0,0.0,0.0,600.0,512.2,0,0.0,7850,0,2026-07-27
NIFTY,2028-06-27,28500.0,PE,0.0,0.0,0.0,1560.85,2871.7,0,0.0,0,0,2026-07-27
NIFTY,2026-07-28,21150.0,CE,0.0,0.0,0.0,2502.7,2849.5,0,0.0,130,0,2026-07-27
NIFTY,2026-07-28,21300.0,CE,0.0,0.0,0.0,2615.0,2699.5,0,0.0,2015,0,2026-07-27
NIFTY,2026-07-28,21700.0,CE,0.0,0.0,0.0,2305.0,2299.55,0,0.0,0,0,2026-07-27
NIFTY,2026-07-28,22050.0,CE,0.0,0.0,0.0,1825.05,1949.65,0,0.0,65,0,2026-07-27
NIFTY,2026-07-28,23650.0,CE,258.0,397.95,258.0,382.45,382.45,53456,83299181998.5,644215,-519935,2026-07-27
NIFTY,2026-07-28,24250.0,CE,12.0,13.95,5.1,7.6,7.6,1716058,2705760101138.25,5864040,1919255,2026-07-27
NIFTY,2026-07-28,24850.0,CE,1.5,1.5,0.55,0.8,0.8,178862,288919278573.25,1432275,83915,2026-07-27
NIFTY,2026-07-28,25600.0,CE,0.65,1.5,0.25,0.5,0.5,80236,133515586317.75,848640,-620555,2026-07-27
NIFTY,2026-08-04,21900.0,CE,0.0,0.0,0.0,2112.9,2125.05,0,0.0,0,0,2026-07-27
NIFTY,2026-08-04,22300.0,CE,0.0,0.0,0.0,1749.25,1725.8,0,0.0,0,0,2026-07-27
NIFTY,2026-08-04,22600.0,CE,0.0,0.0,0.0,1491.15,1427.3,0,0.0,0,0,2026-07-27
NIFTY,2026-08-04,22850.0,CE,0.0,0.0,0.0,1360.6,1181.0,0,0.0,65,0,2026-07-27
NIFTY,2026-08-04,23700.0,CE,347.95,419.95,314.5,395.35,395.35,26823,41946885883.5,392405,-428220,2026-07-27
NIFTY,2026-08-04,24850.0,CE,7.0,7.0,4.25,5.65,5.65,18870,30486308242.0,321880,161070,2026-07-27
NIFTY,2026-08-04,25200.0,CE,2.25,2.5,1.55,1.75,1.75,54533,89332059943.75,1330420,672555,2026-07-27
NIFTY,2026-08-11,22400.0,CE,0.0,0.0,0.0,2148.5,1656.9,0,0.0,0,0,2026-07-27
NIFTY,2026-08-11,22550.0,CE,0.0,0.0,0.0,2006.75,1510.95,0,0.0,0,0,2026-07-27
NIFTY,2026-08-11,23200.0,CE,805.45,889.35,795.6,889.35,889.35,17,26552821.75,4030,130,2026-07-27
NIFTY,2026-08-11,25150.0,CE,8.75,10.2,6.45,7.1,7.1,612,1000775727.25,18395,17225,2026-07-27
NIFTY,2026-08-18,22200.0,CE,0.0,0.0,0.0,2006.5,1885.6,0,0.0,0,0,2026-07-27
NIFTY,2026-08-18,22400.0,CE,0.0,0.0,0.0,1820.55,1692.9,0,0.0,0,0,2026-07-27
NIFTY,2026-08-18,23100.0,CE,1040.0,1040.0,1040.0,1040.0,1040.0,1,1569100.0,975,-65,2026-07-27
NIFTY,2026-08-18,24100.0,CE,268.0,279.0,241.45,270.6,270.6,340,538383300.0,39000,6890,2026-07-27
NIFTY,2026-08-18,24450.0,CE,119.15,127.75,109.45,126.2,126.2,23,36727593.5,7670,130,2026-07-27
NIFTY,2026-08-18,24850.0,CE,0.0,0.0,0.0,250.3,130.05,0,0.0,0,0,2026-07-27
NIFTY,2026-08-18,25250.0,CE,0.0,0.0,0.0,152.5,63.65,0,0.0,0,0,2026-07-27
NIFTY,2026-08-18,26050.0,CE,3.35,3.35,2.5,2.5,2.5,4,6773760.5,260,0,2026-07-27
NIFTY,2026-08-25,22000.0,CE,2024.95,2119.45,1964.55,2096.75,2096.75,3372,5267075271.25,541515,177710,2026-07-27
NIFTY,2026-08-25,22200.0,CE,1804.6,1804.6,1804.6,1804.6,1804.6,1,1560299.0,325,65,2026-07-27
NIFTY,2026-08-25,22250.0,CE,0.0,0.0,0.0,1585.4,1873.1,0,0.0,65,0,2026-07-27
NIFTY,2026-08-25,22400.0,CE,1601.3,1643.35,1600.15,1643.35,1732.05,39,60855112.5,2080,2015,2026-07-27
NIFTY,2026-08-25,22800.0,CE,1233.2,1324.4,1228.6,1324.4,1324.4,16,25042361.5,7540,195,2026-07-27
NIFTY,2026-08-25,22850.0,CE,0.0,0.0,0.0,1120.0,1326.9,0,0.0,975,0,2026-07-27
NIFTY,2026-08-25,23450.0,CE,700.0,751.95,700.0,750.95,750.95,14,22005675.25,2730,-130,2026-07-27
NIFTY,2026-08-25,23500.0,CE,686.65,740.0,645.8,723.35,723.35,6529,10263498566.75,584740,-16315,2026-07-27
NIFTY,2026-08-25,24100.0,CE,303.25,335.2,286.5,324.7,324.7,10857,17228155174.75,1596400,10140,2026-07-27
NIFTY,2026-08-25,24850.0,CE,70.0,73.95,58.0,67.9,67.9,1056,1710122488.75,79235,4485,2026-07-27
NIFTY,2026-08-25,25100.0,CE,40.45,43.05,30.7,35.35,35.35,7171,11715469330.5,488150,29445,2026-07-27
NIFTY,2026-09-01,23350.0,CE,0.0,0.0,0.0,1182.5,995.35,0,0.0,0,0,2026-07-27
NIFTY,2026-09-01,24000.0,CE,413.15,445.65,388.15,436.65,436.65,178,282464078.0,6695,6630,2026-07-27
NIFTY,2026-09-01,24250.0,CE,0.0,0.0,0.0,606.5,459.55,0,0.0,0,0,2026-07-27
NIFTY,2026-09-01,24350.0,CE,0.0,0.0,0.0,556.3,415.45,0,0.0,0,0,2026-07-27
NIFTY,2026-09-01,24400.0,CE,229.1,237.0,229.1,233.05,233.05,2,3202296.5,260,65,2026-07-27
NIFTY,2026-09-01,25000.0,CE,69.15,72.55,63.0,69.0,69.0,246,400811775.0,9945,6110,2026-07-27
NIFTY,2026-09-01,25800.0,CE,0.0,0.0,0.0,118.1,66.5,0,0.0,0,0,2026-07-27
NIFTY,2026-09-01,25900.0,CE,0.0,0.0,0.0,103.9,57.1,0,0.0,0,0,2026-07-27
NIFTY,2026-09-01,25950.0,CE,0.0,0.0,0.0,97.35,52.8,0,0.0,0,0,2026-07-27
NIFTY,2026-09-29,22050.0,CE,0.0,0.0,0.0,2284.2,2263.9,0,0.0,0,0,2026-07-27
NIFTY,2026-09-29,22650.0,CE,0.0,0.0,0.0,1410.05,1747.25,0,0.0,325,0,2026-07-27
NIFTY,2026-09-29,23050.0,CE,0.0,0.0,0.0,1394.2,1433.05,0,0.0,650,0,2026-07-27
NIFTY,2026-09-29,23300.0,CE,0.0,0.0,0.0,968.0,1251.45,0,0.0,1170,0,2026-07-27
NIFTY,2026-09-29,23600.0,CE,849.0,870.0,820.0,870.0,1051.05,60,95313487.75,6110,-975,2026-07-27
NIFTY,2026-09-29,24050.0,CE,545.6,599.75,542.3,586.15,586.15,99,158408172.0,5915,-1495,2026-07-27
NIFTY,2027-12-28,20000.0,PE,245.0,245.0,220.0,221.05,221.05,34,44702953.75,28890,650,2026-07-27
NIFTY,2027-12-28,19000.0,PE,0.0,0.0,0.0,160.15,87.75,0,0.0,1845,0,2026-07-27
NIFTY,2027-12-28,18000.0,PE,0.0,0.0,0.0,181.05,43.65,0,0.0,11915,0,2026-07-27
NIFTY,2027-06-29,19500.0,PE,0.0,0.0,0.0,17.3,68.1,0,0.0,0,0,2026-07-27
NIFTY,2027-06-29,19000.0,PE,0.0,0.0,0.0,195.0,45.2,0,0.0,1135,0,2026-07-27
NIFTY,2027-03-30,16500.0,PE,0.0,0.0,0.0,38.0,0.9,0,0.0,1625,0,2026-07-27
NIFTY,2026-09-29,31500.0,PE,0.0,0.0,0.0,4341.2,7141.15,0,0.0,0,0,2026-07-27
NIFTY,2026-09-29,27000.0,PE,2914.05,2914.05,2692.35,2709.45,2709.45,324,626968735.25,1418310,12285,2026-07-27
NIFTY,2026-09-29,22650.0,PE,110.85,110.85,83.1,84.0,84.0,116,171518740.25,9490,130,2026-07-27
NIFTY,2026-09-29,24450.0,CE,347.15,354.3,343.25,353.0,593.5,26,41909156.25,5525,520,2026-07-27
NIFTY,2026-09-29,25150.0,CE,135.4,143.5,123.9,140.15,140.15,274,450301614.75,35750,8255,2026-07-27
NIFTY,2026-09-29,33000.0,CE,2.45,2.45,1.6,1.65,1.65,43,92240430.75,28145,-1625,2026-07-27
NIFTY,2026-12-29,16500.0,CE,0.0,0.0,0.0,10405.0,7952.75,0,0.0,0,0,2026-07-27
NIFTY,2026-12-29,19000.0,CE,5390.65,5459.0,5390.65,5459.0,5459.0,22,34883072.25,60190,425,2026-07-27
NIFTY,2027-03-30,19500.0,CE,0.0,0.0,0.0,4365.4,5384.75,0,0.0,0,0,2026-07-27
NIFTY,2027-12-28,18000.0,CE,0.0,0.0,0.0,6285.7,7654.3,0,0.0,0,0,2026-07-27
NIFTY,2028-06-27,24000.0,CE,0.0,0.0,0.0,3918.85,3821.85,0,0.0,0,0,2026-07-27
NIFTY,2028-06-27,30000.0,CE,0.0,0.0,0.0,2278.45,1319.95,0,0.0,0,0,2026-07-27
NIFTY,2028-12-26,22500.0,CE,0.0,0.0,0.0,7382.9,5427.2,0,0.0,0,0,2026-07-27
NIFTY,2028-12-26,31500.0,CE,0.0,0.0,0.0,2327.6,1457.5,0,0.0,0,0,2026-07-27
NIFTY,2029-06-26,31500.0,CE,0.0,0.0,0.0,2878.65,1970.1,0,0.0,0,0,2026-07-27
NIFTY,2029-12-24,24000.0,CE,0.0,0.0,0.0,7730.0,5749.7,0,0.0,0,0,2026-07-27
NIFTY,2030-12-31,18000.0,CE,0.0,0.0,0.0,12674.15,10701.0,0,0.0,0,0,2026-07-27
NIFTY,2026-07-28,21150.0,PE,1.05,1.8,0.45,0.55,0.55,11099,15258768404.75,152620,19955,2026-07-27
NIFTY,2026-07-28,22000.0,PE,0.85,1.0,0.7,0.9,0.9,172030,246012057872.75,2916225,-1899625,2026-07-27
NIFTY,2026-07-28,22150.0,PE,1.0,1.25,0.7,1.0,1.0,9705,13973322681.5,59670,-11050,2026-07-27
NIFTY,2026-07-28,22850.0,PE,1.95,2.1,1.1,1.55,1.55,171848,255253470429.75,736450,-348725,2026-07-27
NIFTY,2026-07-28,23100.0,PE,3.9,4.0,1.4,1.9,1.9,607591,912372154008.25,2811445,-625040,2026-07-27
NIFTY,2026-07-28,23200.0,PE,3.9,3.9,1.55,2.1,2.1,921704,1390060253734.75,5221385,-853450,2026-07-27
NIFTY,2026-07-28,24200.0,PE,259.35,303.75,170.0,185.75,185.75,370815,588864398918.25,2235545,-541970,2026-07-27
NIFTY,2026-07-28,25350.0,PE,1420.0,1420.0,1310.0,1327.45,1327.45,24,41669949.75,1040,-520,2026-07-27
NIFTY,2026-08-04,21750.0,PE,2.65,3.0,2.1,2.85,2.85,363,513253757.25,9425,-1560,2026-07-27
NIFTY,2026-08-04,21900.0,PE,3.5,3.85,2.5,3.2,3.2,3093,4403489554.75,97630,38350,2026-07-27
NIFTY,2026-08-04,22300.0,PE,5.25,5.8,3.1,3.95,3.95,9651,13991445474.5,190060,37050,2026-07-27
NIFTY,2026-08-04,22450.0,PE,4.75,5.5,3.45,4.7,4.7,3277,4782867638.25,61620,8320,2026-07-27
NIFTY,2026-08-04,22550.0,PE,10.0,10.0,3.8,4.9,4.9,3098,4541827631.25,66365,11505,2026-07-27
NIFTY,2026-08-04,22750.0,PE,14.3,14.3,5.3,6.3,6.3,10534,15581426523.0,208780,143520,2026-07-27
NIFTY,2026-08-04,23150.0,PE,35.95,35.95,10.0,10.8,10.8,32129,48372365333.5,386945,147615,2026-07-27
NIFTY,2026-08-04,24900.0,PE,978.6,978.6,842.0,850.1,850.1,130,218203306.75,9685,7735,2026-07-27
NIFTY,2026-08-04,25150.0,PE,1212.0,1212.0,1212.0,1212.0,1128.7,2,3427060.0,260,65,2026-07-27
NIFTY,2026-08-04,25200.0,PE,1227.15,1262.35,1135.4,1135.6,1135.6,594,1020825178.75,37375,37310,2026-07-27
NIFTY,2026-08-11,21650.0,PE,7.65,7.65,4.0,6.0,0.25,180,253359639.0,5005,1885,2026-07-27
NIFTY,2026-08-11,23300.0,PE,69.4,73.75,35.45,37.3,37.3,9875,14987841472.5,194870,84695,2026-07-27
NIFTY,2026-08-11,24750.0,PE,0.0,0.0,0.0,576.0,786.35,0,0.0,65,0,2026-07-27
NIFTY,2026-08-11,24950.0,PE,0.0,0.0,0.0,717.5,952.65,0,0.0,65,0,2026-07-27
NIFTY,2026-08-11,25250.0,PE,0.0,0.0,0.0,985.3,1220.65,0,0.0,65,0,2026-07-27
NIFTY,2026-08-11,25350.0,PE,0.0,0.0,0.0,1016.7,1313.65,0,0.0,0,0,2026-07-27
NIFTY,2026-08-11,25900.0,PE,0.0,0.0,0.0,2100.0,1844.2,0,0.0,65,0,2026-07-27
NIFTY,2026-08-11,26050.0,PE,0.0,0.0,0.0,1584.3,1992.1,0,0.0,0,0,2026-07-27
NIFTY,2026-08-18,22300.0,PE,16.6,16.6,12.3,12.95,12.95,286,414837332.0,9945,-4745,2026-07-27
NIFTY,2026-08-18,23000.0,PE,57.9,58.65,32.4,34.6,34.6,1650,2471524168.75,95420,34385,2026-07-27
NIFTY,2026-08-25,22700.0,PE,50.95,58.3,31.55,32.35,32.35,10823,15997825655.5,475085,-18005,2026-07-27
NIFTY,2026-08-25,22850.0,PE,65.15,65.5,40.1,41.15,41.15,832,1238562828.75,35490,-4485,2026-07-27
NIFTY,2026-08-25,24950.0,PE,960.0,960.0,916.05,926.0,993.8,5,8413414.75,1625,65,2026-07-27
NIFTY,2026-08-25,25250.0,PE,0.0,0.0,0.0,1736.2,1234.95,0,0.0,65,0,2026-07-27
NIFTY,2026-08-25,25600.0,PE,1472.35,1601.75,1472.35,1498.85,1498.85,92,162210269.0,8970,4810,2026-07-27
NIFTY,2026-09-01,22700.0,PE,53.5,53.5,53.5,53.5,72.75,1,1478977.5,195,0,2026-07-27
NIFTY,2026-09-01,23450.0,PE,0.0,0.0,0.0,208.05,224.8,0,0.0,0,0,2026-07-27
NIFTY,2026-09-01,23500.0,PE,196.0,201.6,144.1,150.1,150.1,85,130728084.5,5070,1625,2026-07-27
NIFTY,2026-09-01,23600.0,PE,0.0,0.0,0.0,271.95,272.25,0,0.0,260,0,2026-07-27
NIFTY,2026-09-01,24700.0,PE,0.0,0.0,0.0,856.35,828.1,0,0.0,65,0,2026-07-27
NIFTY,2026-09-01,25350.0,PE,0.0,0.0,0.0,1189.0,1316.05,0,0.0,0,0,2026-07-27
NIFTY,2026-09-01,25650.0,PE,0.0,0.0,0.0,1426.15,1570.5,0,0.0,0,0,2026-07-27
NIFTY,2026-09-29,15000.0,PE,3.9,4.95,3.5,3.8,3.8,68,66316737.5,52000,975,2026-07-27
NIFTY,2026-08-04,23500.0,PE,50.0,61.25,23.5,25.8,25.8,133307,203958396963.75,2153580,950105,2026-07-27
NIFTY,2026-08-04,23800.0,PE,185.0,185.0,65.3,72.2,72.2,167803,260705529613.75,1898065,760890,2026-07-27
NIFTY,2026-08-04,24050.0,PE,226.5,256.3,154.0,163.4,163.4,19417,30603155238.5,304720,272350,2026-07-27
NIFTY,2026-08-04,24250.0,PE,367.9,388.15,270.0,279.8,279.8,1421,2269610512.0,43745,18265,2026-07-27
NIFTY,2026-08-04,24300.0,PE,412.3,431.75,303.55,314.35,314.35,6639,10643904433.5,329225,60710,2026-07-27
NIFTY,2026-08-04,25500.0,PE,1566.2,1569.85,1428.45,1455.05,1455.05,679,1192179703.0,38480,30810,2026-07-27
NIFTY,2026-08-04,25750.0,PE,0.0,0.0,0.0,1822.0,1720.4,0,0.0,0,0,2026-07-27
NIFTY,2026-08-11,21700.0,PE,5.0,6.35,4.1,5.85,5.85,696,981932412.5,26975,23530,2026-07-27
NIFTY,2026-08-11,22250.0,PE,8.05,8.7,6.9,7.7,7.7,204,295140859.0,8060,1300,2026-07-27
NIFTY,2026-08-11,22300.0,PE,15.0,15.0,6.8,8.0,8.0,820,1189032169.0,27690,14950,2026-07-27
NIFTY,2026-08-11,22700.0,PE,19.6,19.6,10.9,11.25,11.25,4292,6336559745.75,104390,22750,2026-07-27
NIFTY,2028-06-27,16500.0,PE,0.0,0.0,0.0,3.8,24.3,0,0.0,0,0,2026-07-27
NIFTY,2026-07-28,21400.0,CE,0.0,0.0,0.0,2963.9,2599.5,0,0.0,0,0,2026-07-27
NIFTY,2026-07-28,21450.0,CE,0.0,0.0,0.0,2918.5,2549.55,0,0.0,0,0,2026-07-27
NIFTY,2026-07-28,21500.0,CE,2476.25,2551.75,2410.1,2529.2,2529.2,4316,6734217740.25,154115,-213395,2026-07-27
NIFTY,2026-07-28,21950.0,CE,0.0,0.0,0.0,1875.9,2049.6,0,0.0,455,0,2026-07-27
NIFTY,2026-07-28,22150.0,CE,0.0,0.0,0.0,1902.9,1849.65,0,0.0,1560,0,2026-07-27
NIFTY,2026-07-28,22300.0,CE,0.0,0.0,0.0,1497.25,1699.65,0,0.0,390,0,2026-07-27
NIFTY,2026-07-28,22550.0,CE,0.0,0.0,0.0,1639.65,1449.7,0,0.0,260,0,2026-07-27
NIFTY,2026-07-28,22850.0,CE,0.0,0.0,0.0,958.85,1149.75,0,0.0,910,0,2026-07-27
NIFTY,2026-07-28,23300.0,CE,650.0,746.25,610.0,736.3,736.3,1697,2644283970.25,73710,-23855,2026-07-27
NIFTY,2026-07-28,23750.0,CE,186.3,301.0,183.35,284.6,284.6,276485,430949784495.75,422955,-1344265,2026-07-27
NIFTY,2026-07-28,23950.0,CE,85.0,120.0,57.0,108.0,108.0,7424485,11597504734757.5,3726840,758290,2026-07-27
NIFTY,2026-07-28,24000.0,CE,69.85,85.55,38.8,76.05,76.05,10162515,15892724809204.75,12469015,-1010165,2026-07-27
NIFTY,2026-07-28,24550.0,CE,3.1,3.1,1.05,1.6,1.6,441130,703986855614.25,2378415,321165,2026-07-27
NIFTY,2026-07-28,24700.0,CE,1.9,1.9,0.7,1.05,1.05,605490,972166604191.25,4396145,-917605,2026-07-27
NIFTY,2026-07-28,25500.0,CE,0.65,0.75,0.35,0.45,0.45,218753,362591535426.25,4946630,-2697955,2026-07-27
NIFTY,2026-08-04,21700.0,CE,0.0,0.0,0.0,2300.9,2324.8,0,0.0,0,0,2026-07-27
NIFTY,2026-08-04,22650.0,CE,0.0,0.0,0.0,1119.0,1377.75,0,0.0,195,0,2026-07-27
NIFTY,2026-08-04,22950.0,CE,0.0,0.0,0.0,945.15,1083.9,0,0.0,130,0,2026-07-27
NIFTY,2026-08-04,24000.0,CE,158.0,196.0,144.85,187.35,187.35,303805,477249227741.0,3163485,759590,2026-07-27
NIFTY,2026-08-04,24150.0,CE,104.45,121.65,87.0,115.7,115.7,40742,64230014537.0,566215,283985,2026-07-27
NIFTY,2026-08-04,24800.0,CE,6.65,8.5,4.95,6.8,6.8,91933,148233065006.0,1951040,898560,2026-07-27
NIFTY,2026-08-04,25350.0,CE,1.6,2.15,1.2,1.4,1.4,5769,9506482628.5,111995,28405,2026-07-27
NIFTY,2026-08-04,25450.0,CE,1.3,2.0,1.15,1.2,1.2,6967,11525844788.25,193245,95680,2026-07-27
NIFTY,2026-08-11,22350.0,CE,0.0,0.0,0.0,2196.15,1705.9,0,0.0,0,0,2026-07-27
NIFTY,2026-08-11,22600.0,CE,0.0,0.0,0.0,1959.95,1462.65,0,0.0,0,0,2026-07-27
NIFTY,2026-08-11,22950.0,CE,0.0,0.0,0.0,1640.4,1133.7,0,0.0,0,0,2026-07-27
NIFTY,2026-08-11,23400.0,CE,648.65,720.9,627.75,711.75,711.75,27,42222183.25,3250,-195,2026-07-27
NIFTY,2026-08-11,24000.0,CE,250.0,275.0,220.2,265.05,265.05,18677,29435852702.75,372710,13650,2026-07-27
NIFTY,2026-08-11,24400.0,CE,85.3,97.65,75.9,93.05,93.05,12056,19189480238.5,438165,274495,2026-07-27
NIFTY,2026-08-11,24750.0,CE,0.0,0.0,0.0,414.45,93.85,0,0.0,0,0,2026-07-27
NIFTY,2026-08-11,25800.0,CE,2.5,3.25,1.6,1.9,1.9,584,979459302.25,8840,2405,2026-07-27
NIFTY,2026-08-11,26150.0,CE,2.45,3.0,1.5,1.5,1.5,502,853336142.75,26260,10920,2026-07-27
NIFTY,2026-08-18,22750.0,CE,0.0,0.0,0.0,1507.45,1365.9,0,0.0,0,0,2026-07-27
NIFTY,2026-08-18,22950.0,CE,0.0,0.0,0.0,1337.6,1187.65,0,0.0,0,0,2026-07-27
NIFTY,2026-08-18,24500.0,CE,122.25,122.25,95.0,112.05,112.05,1636,2616548259.0,78390,10465,2026-07-27
NIFTY,2026-08-18,24800.0,CE,49.3,50.0,41.0,48.1,48.1,1884,3042521901.25,95355,49270,2026-07-27
NIFTY,2026-08-18,25600.0,CE,7.95,7.95,4.55,5.8,5.8,260,432746642.25,16445,6370,2026-07-27
NIFTY,2026-08-25,21200.0,CE,2800.0,2882.0,2779.9,2875.45,2875.45,37,57762617.25,5980,2405,2026-07-27
NIFTY,2026-08-25,21800.0,CE,0.0,0.0,0.0,2714.0,2307.2,0,0.0,0,0,2026-07-27
NIFTY,2026-08-25,23050.0,CE,1035.0,1075.35,1027.55,1075.35,1075.35,4,6264238.5,975,-260,2026-07-27
NIFTY,2026-08-25,23650.0,CE,530.0,619.95,530.0,612.3,612.3,270,425073652.25,13845,-1495,2026-07-27
NIFTY,2026-08-25,23850.0,CE,450.0,483.7,422.05,475.05,475.05,612,966574030.5,24960,-5915,2026-07-27
NIFTY,2026-08-25,24050.0,CE,333.05,365.7,311.0,356.35,356.35,1988,3151027405.5,53365,3770,2026-07-27
NIFTY,2026-08-25,24400.0,CE,185.2,196.5,164.0,191.3,191.3,9372,14974302079.75,608140,59995,2026-07-27
NIFTY,2026-08-25,24800.0,CE,84.95,84.95,64.65,76.45,76.45,17807,28789682584.0,747240,-26780,2026-07-27
NIFTY,2026-08-25,25300.0,CE,25.0,26.2,18.85,21.2,21.2,4967,8175026554.5,358800,6825,2026-07-27
NIFTY,2026-08-25,25550.0,CE,0.0,0.0,0.0,362.9,62.85,0,0.0,0,0,2026-07-27
NIFTY,2026-09-01,22400.0,CE,0.0,0.0,0.0,1986.25,1783.85,0,0.0,0,0,2026-07-27
NIFTY,2026-09-01,22700.0,CE,0.0,0.0,0.0,1716.55,1516.2,0,0.0,0,0,2026-07-27
NIFTY,2026-09-01,23000.0,CE,1050.0,1050.0,1050.0,1050.0,1263.95,2,3126500.0,650,0,2026-07-27
NIFTY,2026-08-04,21950.0,PE,3.25,3.45,2.5,3.25,3.25,281,400971795.25,14040,-4290,2026-07-27
NIFTY,2026-09-01,23150.0,CE,0.0,0.0,0.0,1338.05,1144.9,0,0.0,0,0,2026-07-27
NIFTY,2026-09-01,23750.0,CE,0.0,0.0,0.0,899.6,726.55,0,0.0,0,0,2026-07-27
NIFTY,2026-09-01,24500.0,CE,171.0,206.2,169.75,196.4,196.4,67,107496372.75,2795,910,2026-07-27
NIFTY,2026-09-01,24750.0,CE,0.0,0.0,0.0,383.8,268.7,0,0.0,0,0,2026-07-27
NIFTY,2026-09-01,25050.0,CE,0.0,0.0,0.0,282.5,187.4,0,0.0,0,0,2026-07-27
NIFTY,2026-09-01,25550.0,CE,0.0,0.0,0.0,160.75,96.0,0,0.0,0,0,2026-07-27
NIFTY,2026-09-29,21000.0,CE,3120.0,3224.6,3083.95,3198.65,3198.65,249,390882485.5,484120,8580,2026-07-27
NIFTY,2026-09-29,21600.0,CE,0.0,0.0,0.0,2675.05,2677.2,0,0.0,0,0,2026-07-27
NIFTY,2026-09-29,21950.0,CE,0.0,0.0,0.0,2369.2,2354.15,0,0.0,0,0,2026-07-27
NIFTY,2026-09-29,22850.0,CE,0.0,0.0,0.0,1453.0,1586.65,0,0.0,390,0,2026-07-27
NIFTY,2026-09-29,23100.0,CE,0.0,0.0,0.0,1111.3,1395.8,0,0.0,845,0,2026-07-27
NIFTY,2026-09-29,24300.0,CE,431.95,459.5,409.0,447.45,447.45,551,885689083.5,95030,3250,2026-07-27
NIFTY,2026-09-29,25950.0,CE,0.0,0.0,0.0,251.8,160.95,0,0.0,0,0,2026-07-27
NIFTY,2026-12-29,19500.0,CE,0.0,0.0,0.0,7586.85,5048.9,0,0.0,0,0,2026-07-27
NIFTY,2026-12-29,25500.0,CE,373.2,389.7,358.75,384.1,384.1,3202,5384055764.75,504335,-29835,2026-07-27
NIFTY,2027-03-30,21000.0,CE,0.0,0.0,0.0,3217.45,4052.45,0,0.0,0,0,2026-07-27
NIFTY,2027-03-30,30000.0,CE,47.55,49.45,45.5,48.25,48.25,387,755861128.75,84370,-8060,2026-07-27
NIFTY,2027-06-29,16500.0,CE,0.0,0.0,0.0,10867.2,8476.2,0,0.0,0,0,2026-07-27
NIFTY,2027-06-29,19500.0,CE,0.0,0.0,0.0,8143.4,5718.5,0,0.0,0,0,2026-07-27
NIFTY,2027-12-28,21000.0,CE,0.0,0.0,0.0,4902.4,5154.95,0,0.0,0,0,2026-07-27
NIFTY,2028-06-27,27000.0,CE,0.0,0.0,0.0,2885.15,2324.15,0,0.0,0,0,2026-07-27
NIFTY,2029-06-26,25500.0,CE,0.0,0.0,0.0,5917.35,4319.3,0,0.0,0,0,2026-07-27
NIFTY,2029-12-24,21000.0,CE,0.0,0.0,0.0,9463.95,7618.3,0,0.0,0,0,2026-07-27
NIFTY,2030-12-31,19500.0,CE,0.0,0.0,0.0,11601.15,9682.1,0,0.0,0,0,2026-07-27
NIFTY,2030-12-31,25500.0,CE,0.0,0.0,0.0,7639.65,6127.25,0,0.0,0,0,2026-07-27
NIFTY,2031-06-24,18000.0,CE,0.0,0.0,0.0,10825.95,11123.6,0,0.0,0,0,2026-07-27
NIFTY,2031-06-24,30000.0,CE,0.0,0.0,0.0,4459.9,4654.75,0,0.0,0,0,2026-07-27
NIFTY,2026-07-28,21350.0,PE,0.7,1.1,0.4,0.6,0.6,9664,13411568946.75,168675,-8515,2026-07-27
NIFTY,2031-06-24,21000.0,PE,0.0,0.0,0.0,450.5,372.3,0,0.0,0,0,2026-07-27
NIFTY,2030-06-25,31500.0,PE,0.0,0.0,0.0,2056.3,3354.1,0,0.0,0,0,2026-07-27
NIFTY,2028-12-26,20000.0,PE,0.0,0.0,0.0,375.0,236.05,0,0.0,2380,0,2026-07-27
NIFTY,2027-12-28,23000.0,PE,585.0,594.6,577.55,581.05,581.05,76,116512441.5,44630,-910,2026-07-27
NIFTY,2027-06-29,30000.0,PE,0.0,0.0,0.0,4000.05,4575.2,0,0.0,65,0,2026-07-27
NIFTY,2027-06-29,28500.0,PE,0.0,0.0,0.0,1807.05,3415.4,0,0.0,0,0,2026-07-27
NIFTY,2027-03-30,15000.0,PE,20.0,20.0,17.05,17.05,0.1,3,2928708.25,520,65,2026-07-27
NIFTY,2026-12-29,29000.0,PE,4190.0,4196.9,4190.0,4193.6,4193.6,3,6472745.5,223095,-65,2026-07-27
NIFTY,2026-12-29,27000.0,PE,2423.9,2440.0,2330.05,2340.55,2340.55,545,1040950898.0,875245,9545,2026-07-27
NIFTY,2026-12-29,22500.0,PE,210.4,212.55,189.7,192.5,192.5,5866,8656119754.75,540865,-124995,2026-07-27
NIFTY,2026-12-29,17000.0,PE,26.0,26.9,22.05,24.35,24.35,506,559910370.5,188510,-20670,2026-07-27
NIFTY,2026-09-29,26200.0,PE,0.0,0.0,0.0,1500.0,2026.8,0,0.0,195,0,2026-07-27
NIFTY,2026-09-29,25850.0,PE,0.0,0.0,0.0,1859.75,1733.9,0,0.0,0,0,2026-07-27
NIFTY,2026-09-29,24800.0,PE,855.0,875.55,773.2,785.05,785.05,40,66592695.0,46020,-455,2026-07-27
NIFTY,2026-09-29,24450.0,PE,615.0,620.6,614.95,614.95,765.8,6,9775704.25,8515,0,2026-07-27
NIFTY,2026-09-29,23650.0,PE,306.85,308.9,268.95,269.0,401.1,94,146244218.25,7800,2795,2026-07-27
NIFTY,2026-09-29,23600.0,PE,311.05,312.9,238.95,243.6,243.6,996,1545454625.0,73840,23010,2026-07-27
NIFTY,2026-09-29,23000.0,PE,170.0,170.5,124.05,126.35,126.35,6892,10366559011.25,2031125,23855,2026-07-27
NIFTY,2026-09-29,22900.0,PE,150.85,150.85,110.0,113.8,113.8,521,779786429.5,72540,3900,2026-07-27
NIFTY,2026-09-01,25000.0,PE,0.0,0.0,0.0,936.1,1041.9,0,0.0,0,0,2026-07-27
NIFTY,2026-09-01,23900.0,PE,315.0,316.35,305.1,305.1,387.1,6,9441363.75,260,260,2026-07-27
NIFTY,2026-09-01,22000.0,PE,19.15,19.15,19.15,19.15,18.8,2,2862489.5,130,130,2026-07-27
NIFTY,2026-08-25,25350.0,PE,1350.0,1350.0,1230.0,1244.4,1244.4,16,27673750.0,1040,845,2026-07-27
NIFTY,2026-08-25,25200.0,PE,1221.0,1221.0,1096.75,1115.45,1115.45,340,582241153.0,37765,20670,2026-07-27
NIFTY,2026-08-25,25000.0,PE,1050.0,1060.0,916.2,935.5,935.5,10443,17641809012.75,1806805,303030,2026-07-27
NIFTY,2026-08-25,24350.0,PE,534.6,555.0,441.15,452.9,452.9,237,382942527.5,20150,910,2026-07-27
NIFTY,2026-08-25,22650.0,PE,47.65,48.0,29.4,30.35,30.35,462,681340036.0,21710,-975,2026-07-27
NIFTY,2026-08-25,22200.0,PE,24.9,38.0,16.3,17.15,17.15,5825,8413747758.0,163670,1235,2026-07-27
NIFTY,2026-08-25,22100.0,PE,22.25,22.75,15.1,15.55,15.55,882,1267987139.25,43225,-5135,2026-07-27
NIFTY,2026-08-25,21350.0,PE,11.5,14.95,8.15,8.9,8.9,79,109682186.25,3380,-1300,2026-07-27
NIFTY,2026-08-25,21200.0,PE,14.95,14.95,8.1,8.45,8.45,7399,10200282004.25,533065,14365,2026-07-27
NIFTY,2026-08-18,25950.0,PE,0.0,0.0,0.0,1804.45,1873.85,0,0.0,0,0,2026-07-27
NIFTY,2026-08-18,25450.0,PE,0.0,0.0,0.0,1367.8,1404.2,0,0.0,0,0,2026-07-27
NIFTY,2026-08-18,25350.0,PE,0.0,0.0,0.0,1285.35,1314.1,0,0.0,0,0,2026-07-27
NIFTY,2026-08-18,24800.0,PE,0.0,0.0,0.0,668.95,854.9,0,0.0,130,0,2026-07-27
NIFTY,2026-08-18,24350.0,PE,512.6,519.0,378.7,378.7,378.7,42,67855183.5,2015,1430,2026-07-27
NIFTY,2026-08-18,23050.0,PE,51.6,51.6,37.45,38.95,38.95,44,66049022.0,5135,-2275,2026-07-27
NIFTY,2026-08-18,22950.0,PE,60.0,60.0,31.3,32.9,32.9,58,86669592.75,6240,-1300,2026-07-27
NIFTY,2026-08-18,22000.0,PE,10.0,10.0,9.45,9.85,9.85,3,4291914.25,65,65,2026-07-27
NIFTY,2026-08-11,26150.0,PE,0.0,0.0,0.0,1672.3,2091.05,0,0.0,0,0,2026-07-27
NIFTY,2026-08-11,25850.0,PE,0.0,0.0,0.0,1412.8,1795.1,0,0.0,0,0,2026-07-27
NIFTY,2026-08-11,25750.0,PE,0.0,0.0,0.0,1329.6,1697.3,0,0.0,0,0,2026-07-27
NIFTY,2026-08-11,25600.0,PE,0.0,0.0,0.0,1208.35,1551.7,0,0.0,0,0,2026-07-27
NIFTY,2026-08-11,25150.0,PE,0.0,0.0,0.0,884.05,1129.25,0,0.0,65,0,2026-07-27
NIFTY,2026-08-11,23550.0,PE,116.6,117.4,65.4,68.65,68.65,1222,1877377911.5,25025,12025,2026-07-27
NIFTY,2026-08-11,22900.0,PE,28.45,32.45,14.6,15.6,15.6,8129,12110485991.5,132210,82810,2026-07-27
NIFTY,2026-07-28,21600.0,PE,0.7,1.1,0.45,0.7,0.7,24400,34258609762.0,238160,-119145,2026-07-27
NIFTY,2026-07-28,21650.0,PE,0.95,1.2,0.4,0.7,0.7,8202,11542628721.0,89895,43355,2026-07-27
NIFTY,2026-07-28,24550.0,PE,603.25,634.0,508.5,516.95,516.95,1067,1742494477.75,43420,-24895,2026-07-27
NIFTY,2026-07-28,24750.0,PE,790.0,828.4,710.55,713.6,713.6,182,301770004.25,26520,-6695,2026-07-27
NIFTY,2026-07-28,24850.0,PE,923.05,923.3,823.15,824.2,824.2,110,183850199.0,18915,-195,2026-07-27
NIFTY,2026-07-28,24900.0,PE,931.05,1000.55,861.2,871.8,871.8,468,785439827.25,53300,-12090,2026-07-27
NIFTY,2026-07-28,25150.0,PE,1212.0,1212.0,1131.35,1131.35,1149.9,7,11980728.5,1885,-65,2026-07-27
NIFTY,2026-07-28,25900.0,PE,1984.55,1985.0,1889.0,1889.0,1899.75,30,54355587.0,2405,-1365,2026-07-27
NIFTY,2026-07-28,26150.0,PE,0.0,0.0,0.0,2060.0,2149.75,0,0.0,65,0,2026-07-27
NIFTY,2026-08-04,23350.0,PE,40.0,40.35,15.4,16.3,16.3,28795,43746413473.75,429520,279110,2026-07-27
NIFTY,2026-09-29,25750.0,PE,0.0,0.0,0.0,1782.8,1653.25,0,0.0,0,0,2026-07-27
NIFTY,2026-12-29,13000.0,PE,8.0,8.0,8.0,8.0,0.0,1,845520.0,11060,0,2026-07-27
NIFTY,2026-12-29,26000.0,PE,1600.0,1625.0,1518.35,1527.4,1527.4,914,1638159136.25,1291710,11130,2026-07-27
NIFTY,2027-03-30,19500.0,PE,68.55,74.15,68.55,74.05,74.05,66,83965781.25,43875,-520,2026-07-27
NIFTY,2028-12-26,27000.0,PE,1800.0,1800.0,1795.6,1799.6,1799.6,16,29951714.0,11540,260,2026-07-27
NIFTY,2028-12-26,28500.0,PE,0.0,0.0,0.0,1451.15,2659.85,0,0.0,0,0,2026-07-27
NIFTY,2029-06-26,24000.0,PE,0.0,0.0,0.0,825.0,934.9,0,0.0,155,0,2026-07-27
NIFTY,2029-12-24,25500.0,PE,0.0,0.0,0.0,597.3,1286.55,0,0.0,0,0,2026-07-27
NIFTY,2029-12-24,31500.0,PE,0.0,0.0,0.0,2240.25,3635.8,0,0.0,0,0,2026-07-27
NIFTY,2030-06-25,21000.0,PE,0.0,0.0,0.0,220.0,381.95,0,0.0,65,0,2026-07-27
NIFTY,2030-06-25,25500.0,PE,0.0,0.0,0.0,568.55,1221.1,0,0.0,0,0,2026-07-27
NIFTY,2030-12-31,21000.0,PE,0.0,0.0,0.0,455.05,378.55,0,0.0,780,0,2026-07-27
NIFTY,2026-07-28,21100.0,CE,2860.0,2953.5,2823.6,2937.5,2937.5,256,399074188.5,14365,-11895,2026-07-27
NIFTY,2026-07-28,22100.0,CE,0.0,0.0,0.0,1586.15,1899.65,0,0.0,195,0,2026-07-27
NIFTY,2026-07-28,22600.0,CE,1390.0,1445.0,1365.25,1436.45,1436.45,19,29648105.5,1430,-520,2026-07-27
NIFTY,2026-07-28,23250.0,CE,700.8,795.4,666.5,788.55,788.55,285,444323629.75,14755,-325,2026-07-27
NIFTY,2026-07-28,25550.0,CE,0.7,1.1,0.3,0.35,0.35,31894,52969039363.5,494325,-246740,2026-07-27
NIFTY,2026-07-28,25700.0,CE,0.6,0.65,0.3,0.35,0.35,30237,50511874978.5,605995,-131300,2026-07-27
NIFTY,2026-07-28,26300.0,CE,0.45,0.55,0.25,0.35,0.35,31048,53077371308.0,774215,-308685,2026-07-27
NIFTY,2026-08-04,21850.0,CE,0.0,0.0,0.0,2159.6,2175.0,0,0.0,0,0,2026-07-27
NIFTY,2026-08-04,22450.0,CE,0.0,0.0,0.0,1618.4,1576.35,0,0.0,0,0,2026-07-27
NIFTY,2026-08-04,24900.0,CE,6.2,6.2,3.5,4.8,4.8,52740,85374835312.0,1269840,693030,2026-07-27
NIFTY,2026-08-04,25250.0,CE,1.95,2.35,1.45,1.6,1.6,7670,12589317289.25,214110,96590,2026-07-27
NIFTY,2026-08-04,25700.0,CE,1.6,1.75,1.1,1.2,1.2,21008,35095954708.75,627705,451685,2026-07-27
NIFTY,2026-08-04,25800.0,CE,1.35,1.7,0.95,1.05,1.05,2959,4962489132.25,73255,35360,2026-07-27
NIFTY,2026-08-04,25900.0,CE,1.15,1.5,0.95,1.0,1.0,2117,3564134174.25,35165,14170,2026-07-27
NIFTY,2026-08-04,26000.0,CE,1.3,1.35,0.9,1.0,1.0,33391,56433077145.25,1411800,759460,2026-07-27
NIFTY,2026-08-11,22500.0,CE,0.0,0.0,0.0,2053.75,1559.4,0,0.0,0,0,2026-07-27
NIFTY,2026-08-11,22750.0,CE,0.0,0.0,0.0,1821.15,1319.55,0,0.0,0,0,2026-07-27
NIFTY,2026-08-11,23100.0,CE,0.0,0.0,0.0,800.0,999.5,0,0.0,650,0,2026-07-27
NIFTY,2026-08-11,24150.0,CE,174.0,198.45,157.2,190.05,190.05,1358,2147176772.0,55705,14625,2026-07-27
NIFTY,2026-08-11,24200.0,CE,149.9,173.9,136.85,166.6,166.6,9287,14702670329.75,364650,125775,2026-07-27
NIFTY,2026-08-11,25250.0,CE,6.2,7.35,4.85,5.6,5.6,59,96856389.5,2210,650,2026-07-27
NIFTY,2026-08-11,25650.0,CE,3.05,4.45,2.4,2.75,9.8,109,181750084.75,1885,585,2026-07-27
NIFTY,2026-08-11,25750.0,CE,0.0,0.0,0.0,4.05,7.3,0,0.0,650,0,2026-07-27
NIFTY,2026-08-18,22800.0,CE,0.0,0.0,0.0,1464.3,1320.65,0,0.0,0,0,2026-07-27
NIFTY,2026-08-18,24750.0,CE,0.0,0.0,0.0,281.05,154.1,0,0.0,0,0,2026-07-27
NIFTY,2026-08-25,21300.0,CE,0.0,0.0,0.0,2725.0,2799.75,0,0.0,3835,0,2026-07-27
NIFTY,2026-08-25,21650.0,CE,0.0,0.0,0.0,2669.3,2454.25,0,0.0,0,0,2026-07-27
NIFTY,2026-08-25,21700.0,CE,0.0,0.0,0.0,2625.1,2405.15,0,0.0,0,0,2026-07-27
NIFTY,2026-08-25,22500.0,CE,1534.95,1628.0,1486.65,1605.3,1605.3,2012,3145155500.5,320060,84890,2026-07-27
NIFTY,2026-08-25,24450.0,CE,159.1,178.0,146.65,172.2,172.2,1234,1974128250.25,41405,715,2026-07-27
NIFTY,2026-08-25,25850.0,CE,5.5,6.6,5.5,6.6,6.6,2,3361286.5,1495,-65,2026-07-27
NIFTY,2026-08-25,25900.0,CE,7.0,7.8,4.75,5.45,5.45,195,328360535.75,12220,5395,2026-07-27
NIFTY,2026-08-25,26250.0,CE,3.7,3.9,2.15,2.45,2.45,107,182588779.75,9945,1040,2026-07-27
NIFTY,2026-09-01,22000.0,CE,0.0,0.0,0.0,2360.9,2157.7,0,0.0,0,0,2026-07-27
NIFTY,2026-09-01,22200.0,CE,0.0,0.0,0.0,2171.8,1968.8,0,0.0,0,0,2026-07-27
NIFTY,2026-09-01,24450.0,CE,0.0,0.0,0.0,508.95,374.4,0,0.0,0,0,2026-07-27
NIFTY,2026-09-01,24600.0,CE,0.0,0.0,0.0,443.3,318.35,0,0.0,0,0,2026-07-27
NIFTY,2026-09-29,19500.0,CE,4570.0,4727.2,4570.0,4727.2,4727.2,277,434610088.25,150995,-2535,2026-07-27
NIFTY,2026-09-29,21750.0,CE,0.0,0.0,0.0,2542.45,2537.55,0,0.0,0,0,2026-07-27
NIFTY,2026-09-29,21800.0,CE,0.0,0.0,0.0,2498.75,2491.35,0,0.0,0,0,2026-07-27
NIFTY,2026-09-29,22100.0,CE,0.0,0.0,0.0,2242.1,2219.15,0,0.0,0,0,2026-07-27
NIFTY,2026-09-29,24400.0,CE,369.0,410.15,364.5,402.1,402.1,791,1274054551.25,64155,-13650,2026-07-27
NIFTY,2026-09-29,24700.0,CE,249.0,280.4,247.0,272.5,272.5,615,997813433.5,63310,3900,2026-07-27
NIFTY,2026-09-29,24800.0,CE,198.8,243.2,198.8,238.2,238.2,2156,3507217239.5,144170,45435,2026-07-27
NIFTY,2026-09-29,24900.0,CE,197.2,210.5,186.05,206.0,206.0,400,652497150.5,55250,6760,2026-07-27
NIFTY,2026-12-29,21000.0,CE,3500.0,3577.9,3475.0,3560.45,3560.45,190,302784911.0,181650,5915,2026-07-27
NIFTY,2027-03-30,18000.0,CE,0.0,0.0,0.0,5643.55,6787.75,0,0.0,0,0,2026-07-27
NIFTY,2027-06-29,21000.0,CE,0.0,0.0,0.0,3061.8,4435.4,0,0.0,0,0,2026-07-27
NIFTY,2027-06-29,24000.0,CE,1975.0,1975.0,1975.0,1975.0,1975.0,2,3376750.0,930,130,2026-07-27
NIFTY,2027-06-29,27000.0,CE,0.0,0.0,0.0,1932.5,984.5,0,0.0,0,0,2026-07-27
NIFTY,2027-12-28,22500.0,CE,0.0,0.0,0.0,6183.0,4057.3,0,0.0,0,0,2026-07-27
NIFTY,2027-12-28,25500.0,CE,0.0,0.0,0.0,2400.0,2301.9,0,0.0,0,0,2026-07-27
NIFTY,2027-12-28,28500.0,CE,662.55,663.2,662.55,663.2,1168.25,6,11373436.75,7085,390,2026-07-27
NIFTY,2028-06-27,25500.0,CE,0.0,0.0,0.0,4676.6,3007.75,0,0.0,0,0,2026-07-27
NIFTY,2028-06-27,31500.0,CE,0.0,0.0,0.0,1784.8,974.15,0,0.0,0,0,2026-07-27
NIFTY,2028-12-26,21000.0,CE,0.0,0.0,0.0,7512.5,6454.5,0,0.0,0,0,2026-07-27
NIFTY,2029-12-24,22500.0,CE,0.0,0.0,0.0,8486.15,6646.15,0,0.0,0,0,2026-07-27
