SYMBOL,EXPIRY_DT,STRIKE_PR,OPTION_TYP,OPEN,HIGH,LOW,CLOSE,SETTLE_PR,CONTRACTS,VAL_INLAKH,OPEN_INT,CHG_IN_OI,TIMESTAMP
NIFTY,2028-06-27,15000.0,CE,0.0,0.0,0.0,8633.05,9199.15,0,0.0,0,0,2026-09-30
NIFTY,2028-12-26,18000.0,CE,0.0,0.0,0.0,9380.3,7121.46,0,0.0,0,0,2026-09-30
NIFTY,2028-12-26,24000.0,CE,3064.95,3065.0,3064.95,3065.0,3078.16,2,3518446.75,2665,-65,2026-09-30
NIFTY,2028-12-26,25500.0,CE,0.0,0.0,0.0,1900.05,2374.66,0,0.0,585,0,2026-09-30
NIFTY,2028-12-26,28000.0,CE,1160.0,1183.05,1117.05,1131.0,1131.0,17,32209745.75,11125,260,2026-09-30
NIFTY,2028-12-26,28500.0,CE,0.0,0.0,0.0,3608.65,1340.74,0,0.0,0,0,2026-09-30
NIFTY,2028-12-26,30000.0,CE,670.0,680.0,633.15,651.0,651.0,21,41864179.5,21380,0,2026-09-30
NIFTY,2030-06-25,24000.0,CE,0.0,0.0,0.0,8591.55,4788.4,0,0.0,0,0,2026-09-30
NIFTY,2030-06-25,33000.0,CE,0.0,0.0,0.0,4416.45,1561.57,0,0.0,0,0,2026-09-30
NIFTY,2030-12-31,22500.0,CE,0.0,0.0,0.0,9536.95,6162.18,0,0.0,0,0,2026-09-30
NIFTY,2030-12-31,27000.0,CE,0.0,0.0,0.0,6772.8,3926.94,0,0.0,0,0,2026-09-30
NIFTY,2026-10-06,20550.0,PE,1.9,2.3,0.85,1.0,1.0,23641,31580253916.25,261950,214630,2026-09-30
NIFTY,2026-10-06,22050.0,PE,11.15,17.35,7.95,13.1,13.1,288628,413889721674.0,814190,417625,2026-09-30
NIFTY,2026-10-06,22350.0,PE,42.0,53.1,21.45,42.35,42.35,608765,885745058493.75,1110200,-39195,2026-09-30
NIFTY,2026-10-06,23700.0,PE,912.55,1062.0,850.0,1049.15,1049.15,327,523899194.0,140270,-2535,2026-09-30
NIFTY,2026-10-06,23950.0,PE,1170.0,1301.25,1105.9,1294.15,1294.15,88,143796315.0,45175,-325,2026-09-30
NIFTY,2026-10-06,24450.0,PE,0.0,0.0,0.0,1655.0,1805.78,0,0.0,1040,0,2026-09-30
NIFTY,2026-10-06,24850.0,PE,0.0,0.0,0.0,2125.0,2205.38,0,0.0,390,0,2026-09-30
NIFTY,2026-10-13,20850.0,PE,6.15,7.85,3.8,5.55,5.55,505,684572707.0,14820,3055,2026-09-30
NIFTY,2026-10-19,21650.0,PE,0.0,0.0,0.0,33.0,36.79,0,0.0,65,0,2026-09-30
NIFTY,2026-10-19,21750.0,PE,33.6,43.85,27.5,41.4,41.4,183,259130716.0,5850,3315,2026-09-30
NIFTY,2026-10-19,21900.0,PE,47.5,63.0,35.0,57.05,57.05,359,512130840.0,9165,2340,2026-09-30
NIFTY,2026-10-19,22600.0,PE,190.0,236.7,137.95,218.95,218.95,1944,2879449456.0,43875,17680,2026-09-30
NIFTY,2026-10-19,22800.0,PE,279.15,326.3,204.5,313.05,313.05,2872,4303954404.75,77415,25350,2026-09-30
NIFTY,2026-10-19,24500.0,PE,0.0,0.0,0.0,1329.5,1809.38,0,0.0,0,0,2026-09-30
NIFTY,2026-10-19,24900.0,PE,0.0,0.0,0.0,1686.55,2204.33,0,0.0,0,0,2026-09-30
NIFTY,2026-10-19,25050.0,PE,0.0,0.0,0.0,1825.8,2353.29,0,0.0,0,0,2026-09-30
NIFTY,2026-10-27,22300.0,PE,145.55,174.1,106.65,161.7,161.7,23476,34235792867.25,1120340,395330,2026-09-30
NIFTY,2026-10-27,23500.0,PE,695.8,850.95,644.6,832.15,832.15,14037,22119255801.5,6094010,-203320,2026-09-30
NIFTY,2026-10-27,25350.0,PE,0.0,0.0,0.0,2416.7,2620.61,0,0.0,1495,0,2026-09-30
NIFTY,2026-10-27,25950.0,PE,0.0,0.0,0.0,1842.3,3216.46,0,0.0,0,0,2026-09-30
NIFTY,2026-11-03,21950.0,PE,102.45,116.3,76.2,114.65,114.65,85,121809021.75,2665,2600,2026-09-30
NIFTY,2026-11-03,22900.0,PE,378.3,417.65,313.9,417.05,417.05,75,113404144.75,6565,1950,2026-09-30
NIFTY,2026-11-03,23100.0,PE,461.55,570.3,422.15,546.05,546.05,10,15326051.0,2015,130,2026-09-30
NIFTY,2026-11-03,23600.0,PE,0.0,0.0,0.0,555.1,985.89,0,0.0,0,0,2026-09-30
NIFTY,2026-11-03,24750.0,PE,0.0,0.0,0.0,1363.45,2002.76,0,0.0,0,0,2026-09-30
NIFTY,2026-11-23,20500.0,PE,35.5,45.65,28.15,43.3,43.3,7596,10139263923.75,228735,208455,2026-09-30
NIFTY,2026-11-23,20750.0,PE,40.0,47.55,36.0,47.55,33.05,6,8109803.0,390,390,2026-09-30
NIFTY,2026-11-23,20950.0,PE,0.0,0.0,0.0,13.75,47.44,0,0.0,0,0,2026-09-30
NIFTY,2026-11-23,22700.0,PE,329.8,379.05,277.85,369.35,369.35,2001,2995027035.0,128440,4810,2026-09-30
NIFTY,2026-11-23,23450.0,PE,702.85,787.75,657.1,787.75,915.23,17,26703270.75,5655,130,2026-09-30
NIFTY,2026-11-23,23650.0,PE,823.5,896.95,823.5,896.95,1054.74,10,15925705.25,9490,65,2026-09-30
NIFTY,2026-11-23,25700.0,PE,2700.0,2700.0,2700.0,2700.0,2853.94,1,1846000.0,1235,65,2026-09-30
NIFTY,2026-12-29,19000.0,PE,30.95,36.3,28.7,34.3,34.3,5573,6894298664.5,933555,1300,2026-09-30
NIFTY,2026-12-29,21100.0,PE,88.8,107.0,88.8,107.0,121.61,33,45457652.5,1885,1885,2026-09-30
NIFTY,2026-12-29,21250.0,PE,96.85,121.35,96.85,118.9,118.9,22,30542053.75,1170,1170,2026-09-30
NIFTY,2026-12-29,21300.0,PE,101.95,131.0,101.95,122.5,153.71,28,38984663.25,1495,1495,2026-09-30
NIFTY,2026-12-29,21400.0,PE,0.0,0.0,0.0,162.3,172.01,0,0.0,0,0,2026-09-30
NIFTY,2026-12-29,22000.0,PE,194.25,230.6,174.05,223.6,223.6,25006,36077935159.5,3495805,-53250,2026-09-30
NIFTY,2026-12-29,22100.0,PE,223.35,247.85,190.05,241.1,241.1,205,297266450.0,8515,8515,2026-09-30
NIFTY,2026-12-29,22250.0,PE,230.3,233.25,227.7,233.25,398.76,11,16073122.0,650,650,2026-09-30
NIFTY,2026-12-29,22600.0,PE,352.75,390.55,304.25,382.55,382.55,311,463816223.0,8645,8645,2026-09-30
NIFTY,2026-12-29,23450.0,PE,701.1,759.95,697.25,758.4,974.24,9,14147068.0,585,585,2026-09-30
NIFTY,2026-12-29,23850.0,PE,951.85,1037.4,918.35,1037.4,1233.04,66,106404369.5,3835,3835,2026-09-30
NIFTY,2026-12-29,23950.0,PE,988.3,1009.7,981.1,1009.7,1302.45,14,22694282.0,910,910,2026-09-30
NIFTY,2026-12-29,24200.0,PE,1205.4,1205.4,1202.8,1202.8,1484.72,6,9907599.0,390,390,2026-09-30
NIFTY,2027-03-30,18000.0,PE,47.35,50.0,41.2,46.25,46.25,408,478552269.0,81575,8645,2026-09-30
NIFTY,2027-06-29,18000.0,PE,0.0,0.0,0.0,70.0,22.11,0,0.0,230,0,2026-09-30
NIFTY,2026-10-13,21000.0,CE,0.0,0.0,0.0,2754.15,1665.79,0,0.0,0,0,2026-09-30
NIFTY,2026-10-06,25750.0,CE,0.7,0.7,0.5,0.55,0.55,2451,4102450449.5,56355,31525,2026-09-30
NIFTY,2026-10-06,25600.0,CE,0.65,0.65,0.5,0.55,0.55,6513,10837864579.75,214500,2015,2026-09-30
NIFTY,2026-10-06,25550.0,CE,0.75,0.75,0.55,0.6,0.6,578,959936168.75,18850,5590,2026-09-30
NIFTY,2026-10-19,24750.0,PE,0.0,0.0,0.0,1549.95,2055.72,0,0.0,0,0,2026-09-30
NIFTY,2026-10-19,24300.0,PE,0.0,0.0,0.0,1400.0,1614.32,0,0.0,975,0,2026-09-30
NIFTY,2026-10-19,24100.0,PE,0.0,0.0,0.0,1001.35,1422.22,0,0.0,0,0,2026-09-30
NIFTY,2026-10-19,23900.0,PE,0.0,0.0,0.0,777.4,1234.58,0,0.0,0,0,2026-09-30
NIFTY,2026-10-19,23600.0,PE,756.2,829.45,756.15,776.0,965.92,13,20615559.25,3510,-325,2026-09-30
NIFTY,2026-10-19,23450.0,PE,689.0,689.0,628.25,628.25,839.56,3,4703153.0,3185,-65,2026-09-30
NIFTY,2026-10-19,23250.0,PE,522.0,600.95,452.65,600.95,682.81,11,16974623.25,2795,195,2026-09-30
NIFTY,2026-10-19,22650.0,PE,182.1,249.6,154.45,239.65,239.65,474,704208479.0,10985,2795,2026-09-30
NIFTY,2026-10-19,22050.0,PE,66.1,84.55,47.75,76.5,76.5,370,531661484.25,20410,17420,2026-09-30
NIFTY,2026-10-19,21000.0,PE,14.6,14.85,9.05,13.8,13.8,1049,1432678136.5,37960,24310,2026-09-30
NIFTY,2026-10-13,25100.0,PE,0.0,0.0,0.0,1406.65,2426.74,0,0.0,0,0,2026-09-30
NIFTY,2026-10-27,21200.0,PE,28.9,33.75,20.7,31.6,31.6,9198,12689950871.0,249795,168090,2026-09-30
NIFTY,2026-10-27,20950.0,PE,21.5,25.2,15.65,23.6,23.6,266,362591053.5,8905,3835,2026-09-30
NIFTY,2026-10-27,20600.0,PE,16.35,18.3,11.35,17.05,17.05,1252,1677682500.0,20995,7540,2026-09-30
NIFTY,2026-10-27,23200.0,PE,530.75,613.95,437.3,593.25,593.25,6429,9914919319.5,2271815,-17485,2026-09-30
NIFTY,2026-10-27,23700.0,PE,869.85,1027.5,810.35,1003.4,1003.4,529,846376030.5,396175,3250,2026-09-30
NIFTY,2026-10-27,24450.0,PE,1656.0,1740.0,1555.0,1740.0,1740.0,7,11886884.75,8775,195,2026-09-30
NIFTY,2026-10-27,25800.0,PE,0.0,0.0,0.0,2901.5,3067.29,0,0.0,11895,0,2026-09-30
NIFTY,2026-10-27,26050.0,PE,0.0,0.0,0.0,2789.0,3315.94,0,0.0,260,0,2026-09-30
NIFTY,2026-11-03,21100.0,PE,0.0,0.0,0.0,9.85,27.06,0,0.0,0,0,2026-09-30
NIFTY,2026-11-03,21300.0,PE,0.0,0.0,0.0,15.7,42.13,0,0.0,0,0,2026-09-30
NIFTY,2026-11-03,21450.0,PE,0.0,0.0,0.0,21.85,57.46,0,0.0,0,0,2026-09-30
NIFTY,2026-11-03,22500.0,PE,216.35,251.6,171.0,245.3,245.3,329,485731379.25,15080,6370,2026-09-30
NIFTY,2026-11-03,23950.0,PE,0.0,0.0,0.0,763.55,1272.24,0,0.0,0,0,2026-09-30
NIFTY,2026-11-03,24050.0,PE,0.0,0.0,0.0,829.7,1358.68,0,0.0,0,0,2026-09-30
NIFTY,2026-10-13,25050.0,PE,0.0,0.0,0.0,1363.6,2376.87,0,0.0,0,0,2026-09-30
NIFTY,2026-10-13,24900.0,PE,0.0,0.0,0.0,1237.05,2227.27,0,0.0,0,0,2026-09-30
NIFTY,2026-10-13,23750.0,PE,963.0,1075.0,891.4,1060.45,1097.39,11,17680711.75,4225,0,2026-09-30
NIFTY,2026-10-13,23100.0,PE,386.4,505.0,325.0,482.9,482.9,2168,3310559941.0,176865,-28795,2026-09-30
NIFTY,2026-10-13,22800.0,PE,239.95,299.0,168.0,281.25,281.25,42351,63375017069.0,804245,215930,2026-09-30
NIFTY,2026-10-13,21950.0,PE,36.9,43.8,22.15,38.2,38.2,2792,3989488577.75,36660,17680,2026-09-30
NIFTY,2026-10-13,21650.0,PE,19.0,22.05,12.2,19.3,19.3,1729,2435016912.25,27950,20020,2026-09-30
NIFTY,2026-10-13,20550.0,PE,3.5,5.05,3.5,4.7,4.7,332,443563448.25,13780,12025,2026-09-30
NIFTY,2026-10-06,25650.0,PE,0.0,0.0,0.0,2795.5,3004.6,0,0.0,260,0,2026-09-30
NIFTY,2026-10-06,25450.0,PE,0.0,0.0,0.0,1346.9,2804.8,0,0.0,0,0,2026-09-30
NIFTY,2026-10-06,25400.0,PE,0.0,0.0,0.0,2715.0,2754.84,0,0.0,1560,0,2026-09-30
NIFTY,2026-10-06,24650.0,PE,1880.0,1900.0,1880.0,1900.0,2005.58,5,8624850.0,3835,-325,2026-09-30
NIFTY,2026-10-06,24300.0,PE,1559.95,1635.0,1450.15,1631.4,1631.4,173,290505647.25,57655,-3705,2026-09-30
NIFTY,2026-10-06,23000.0,PE,263.65,406.0,217.45,379.9,379.9,234984,355738977626.5,2335255,252135,2026-09-30
NIFTY,2026-10-06,22700.0,PE,131.5,186.5,78.8,163.35,163.35,4527489,6716157099167.75,5785000,1146080,2026-09-30
NIFTY,2026-10-06,20500.0,PE,2.15,2.15,0.85,1.05,1.05,152009,202563507191.5,6029140,969280,2026-09-30
NIFTY,2031-06-24,24000.0,CE,0.0,0.0,0.0,7181.9,5834.47,0,0.0,0,0,2026-09-30
NIFTY,2030-12-31,30000.0,CE,0.0,0.0,0.0,5227.2,2820.68,0,0.0,0,0,2026-09-30
NIFTY,2030-06-25,22500.0,CE,0.0,0.0,0.0,9012.4,5619.9,0,0.0,0,0,2026-09-30
NIFTY,2029-12-24,31500.0,CE,0.0,0.0,0.0,3429.3,1482.19,0,0.0,0,0,2026-09-30
NIFTY,2029-12-24,15000.0,CE,0.0,0.0,0.0,13369.45,10432.23,0,0.0,0,0,2026-09-30
NIFTY,2029-06-26,30000.0,CE,0.0,0.0,0.0,5268.4,1411.16,0,0.0,0,0,2026-09-30
NIFTY,2029-06-26,28500.0,CE,0.0,0.0,0.0,4213.3,1824.12,0,0.0,0,0,2026-09-30
NIFTY,2028-06-27,18000.0,CE,0.0,0.0,0.0,6809.35,6594.54,0,0.0,0,0,2026-09-30
NIFTY,2030-06-25,27000.0,CE,0.0,0.0,0.0,6972.5,3388.58,0,0.0,0,0,2026-09-30
NIFTY,2029-06-26,16500.0,CE,0.0,0.0,0.0,12587.95,8811.4,0,0.0,0,0,2026-09-30
NIFTY,2028-06-27,33000.0,CE,0.0,0.0,0.0,2004.15,259.52,0,0.0,0,0,2026-09-30
NIFTY,2027-12-28,27000.0,CE,374.25,376.95,310.5,319.0,319.0,859,1526672592.25,235185,20410,2026-09-30
NIFTY,2027-12-28,19500.0,CE,0.0,0.0,0.0,8684.7,4769.14,0,0.0,0,0,2026-09-30
NIFTY,2027-12-28,15000.0,CE,0.0,0.0,0.0,7931.05,8762.27,0,0.0,0,0,2026-09-30
NIFTY,2027-06-29,22500.0,CE,0.0,0.0,0.0,5539.6,1870.88,0,0.0,0,0,2026-09-30
NIFTY,2027-03-30,25500.0,CE,160.0,169.0,147.8,149.45,149.45,4368,7284782930.75,723515,-4810,2026-09-30
NIFTY,2026-12-29,33000.0,CE,3.9,3.9,2.85,3.2,3.2,99,212375741.5,105235,2340,2026-09-30
NIFTY,2026-12-29,24350.0,CE,0.0,0.0,0.0,269.85,246.33,0,0.0,0,0,2026-09-30
NIFTY,2026-12-29,23900.0,CE,226.55,239.2,191.15,196.05,196.05,322,504545340.0,14430,14430,2026-09-30
NIFTY,2026-12-29,23200.0,CE,493.0,520.0,430.0,435.1,435.1,346,532226197.75,6240,6240,2026-09-30
NIFTY,2026-12-29,23150.0,CE,518.5,546.7,456.65,456.65,456.65,20,30750070.0,910,910,2026-09-30
NIFTY,2026-12-29,22900.0,CE,652.0,685.75,581.35,583.3,583.3,165,252419232.0,6045,6045,2026-09-30
NIFTY,2026-12-29,20950.0,CE,0.0,0.0,0.0,2168.25,2097.07,0,0.0,0,0,2026-09-30
NIFTY,2026-11-23,25050.0,CE,0.0,0.0,0.0,24.0,40.77,0,0.0,780,0,2026-09-30
NIFTY,2026-11-23,23050.0,CE,385.7,395.4,323.6,326.45,326.45,63,95856458.75,6695,780,2026-09-30
NIFTY,2026-11-23,22150.0,CE,964.7,976.2,883.8,883.8,947.0,3,4502855.5,260,65,2026-09-30
NIFTY,2026-11-23,21900.0,CE,0.0,0.0,0.0,1153.45,1124.5,0,0.0,0,0,2026-09-30
NIFTY,2026-11-23,21350.0,CE,0.0,0.0,0.0,3327.35,1561.64,0,0.0,0,0,2026-09-30
NIFTY,2026-11-23,21150.0,CE,0.0,0.0,0.0,3517.65,1734.83,0,0.0,0,0,2026-09-30
NIFTY,2026-11-03,25200.0,CE,0.0,0.0,0.0,5.75,7.3,0,0.0,1040,0,2026-09-30
NIFTY,2026-11-03,25000.0,CE,11.6,12.6,9.6,11.55,11.55,78,126807417.75,5005,2080,2026-09-30
NIFTY,2026-11-03,24950.0,CE,12.0,12.0,9.0,9.0,12.63,9,14601486.25,585,0,2026-09-30
NIFTY,2026-11-03,24350.0,CE,0.0,0.0,0.0,190.35,41.68,0,0.0,0,0,2026-09-30
NIFTY,2026-11-03,23750.0,CE,0.0,0.0,0.0,380.65,115.76,0,0.0,0,0,2026-09-30
NIFTY,2026-11-03,23000.0,CE,285.0,315.25,227.0,230.15,230.15,404,611024908.0,11700,4355,2026-09-30
NIFTY,2026-11-03,22350.0,CE,0.0,0.0,0.0,1246.8,663.46,0,0.0,0,0,2026-09-30
NIFTY,2026-11-03,22150.0,CE,0.0,0.0,0.0,1413.3,796.57,0,0.0,0,0,2026-09-30
NIFTY,2026-11-03,22050.0,CE,0.0,0.0,0.0,1499.4,868.97,0,0.0,0,0,2026-09-30
NIFTY,2026-11-03,21500.0,CE,0.0,0.0,0.0,1999.75,1310.72,0,0.0,0,0,2026-09-30
NIFTY,2026-11-03,20700.0,CE,0.0,0.0,0.0,2773.55,2052.58,0,0.0,0,0,2026-09-30
NIFTY,2026-10-27,26900.0,CE,1.0,1.5,0.8,1.45,1.45,105,183601863.25,32695,5200,2026-09-30
NIFTY,2026-10-27,26400.0,CE,0.0,0.0,0.0,1.5,0.07,0,0.0,4550,0,2026-09-30
NIFTY,2026-10-27,24700.0,CE,8.3,8.65,7.1,7.65,7.65,2128,3417561429.75,284570,12675,2026-09-30
NIFTY,2026-10-27,24300.0,CE,15.2,16.9,10.1,12.55,12.55,5293,8364825062.75,586170,-14235,2026-09-30
NIFTY,2026-10-27,24150.0,CE,19.0,19.2,15.0,15.25,15.25,930,1460890353.0,87945,19435,2026-09-30
NIFTY,2026-10-27,23550.0,CE,69.6,74.85,48.95,50.5,50.5,2753,4224882548.25,138060,31265,2026-09-30
NIFTY,2026-10-27,21100.0,CE,0.0,0.0,0.0,1850.0,1629.33,0,0.0,65,0,2026-09-30
NIFTY,2026-10-19,23500.0,CE,54.6,54.65,33.0,34.85,34.85,4749,7267550455.75,168740,41340,2026-09-30
NIFTY,2026-10-19,23450.0,CE,61.85,61.9,38.3,40.6,40.6,314,479641022.25,14105,3900,2026-09-30
NIFTY,2026-10-19,23050.0,CE,157.25,183.1,111.8,115.1,115.1,378,569981275.5,8710,-3900,2026-09-30
NIFTY,2026-10-19,22750.0,CE,317.0,343.7,229.7,232.1,232.1,959,1436684717.0,17030,13195,2026-09-30
NIFTY,2026-10-19,22500.0,CE,474.05,518.0,370.0,377.85,377.85,346,515862405.5,8450,4940,2026-09-30
NIFTY,2026-10-19,22100.0,CE,0.0,0.0,0.0,1223.75,698.59,0,0.0,0,0,2026-09-30
NIFTY,2026-10-19,21450.0,CE,0.0,0.0,0.0,1807.8,1257.18,0,0.0,0,0,2026-09-30
NIFTY,2026-10-13,24250.0,CE,5.15,5.15,3.15,3.7,3.7,752,1185547337.0,31720,10790,2026-09-30
NIFTY,2026-10-13,24000.0,CE,8.1,8.1,5.45,5.65,5.65,31740,49527673100.75,1005485,317200,2026-09-30
NIFTY,2026-10-13,23850.0,CE,10.45,11.05,7.35,7.65,7.65,3079,4774983135.0,85085,31525,2026-09-30
NIFTY,2026-10-13,23600.0,CE,19.8,20.8,12.85,13.5,13.5,36383,55848543708.75,594035,49400,2026-09-30
NIFTY,2026-10-13,23200.0,CE,77.95,81.0,44.1,46.75,46.75,43788,66192688656.25,1170065,707655,2026-09-30
NIFTY,2026-10-13,22400.0,CE,467.45,545.0,377.5,383.3,383.3,876,1300196651.0,27690,18265,2026-09-30
NIFTY,2026-10-13,22300.0,CE,550.0,631.0,454.95,462.3,462.3,643,954844861.75,21255,15145,2026-09-30
NIFTY,2026-10-13,20500.0,CE,0.0,0.0,0.0,3249.65,2163.69,0,0.0,0,0,2026-09-30
NIFTY,2026-10-06,25800.0,CE,0.65,0.65,0.45,0.55,0.55,20262,33980088109.5,500110,109265,2026-09-30
NIFTY,2026-10-06,25650.0,CE,0.8,0.8,0.5,0.55,0.55,1629,2716014223.0,31980,9685,2026-09-30
NIFTY,2026-10-06,24400.0,CE,1.0,1.3,0.85,0.95,0.95,139937,221948746009.25,2401750,16640,2026-09-30
NIFTY,2026-10-06,23800.0,CE,2.7,2.9,2.0,2.3,2.3,385539,596490105458.0,3458780,1091805,2026-09-30
NIFTY,2026-10-06,23650.0,CE,3.8,4.25,2.85,3.2,3.2,177364,272692182454.25,1143935,377000,2026-09-30
NIFTY,2026-10-06,22700.0,CE,192.0,239.0,105.6,113.15,113.15,3308049,4917843185264.75,8734700,5144100,2026-09-30
NIFTY,2026-10-06,21500.0,CE,1291.4,1344.0,1136.7,1142.45,1142.45,73,107969962.75,5005,1495,2026-09-30
NIFTY,2026-10-06,21350.0,CE,0.0,0.0,0.0,2831.3,1291.47,0,0.0,0,0,2026-09-30
NIFTY,2026-10-06,21000.0,CE,1770.0,1771.55,1640.0,1648.05,1648.05,31,45799926.25,1950,715,2026-09-30
NIFTY,2026-10-06,20950.0,CE,0.0,0.0,0.0,3227.45,1690.83,0,0.0,0,0,2026-09-30
NIFTY,2026-10-06,20800.0,CE,0.0,0.0,0.0,3376.3,1840.68,0,0.0,0,0,2026-09-30
NIFTY,2026-10-06,20650.0,CE,0.0,0.0,0.0,3525.3,1990.54,0,0.0,0,0,2026-09-30
NIFTY,2026-11-23,25300.0,PE,0.0,0.0,0.0,1600.0,2470.9,0,0.0,65,0,2026-09-30
NIFTY,2026-12-29,23000.0,PE,482.9,553.0,434.15,538.75,538.75,11950,18240295762.0,2954315,-123500,2026-09-30
NIFTY,2026-12-29,23500.0,PE,726.5,824.1,677.9,812.35,812.35,1146,1806100858.25,37180,37180,2026-09-30
NIFTY,2026-12-29,24100.0,PE,1134.25,1134.25,1117.3,1125.8,1409.89,7,11478834.25,455,455,2026-09-30
NIFTY,2026-12-29,30000.0,PE,6637.1,6847.25,6610.65,6806.3,6806.3,221,527302236.5,501790,3915,2026-09-30
NIFTY,2027-03-30,24000.0,PE,1017.15,1094.95,943.35,1074.05,1074.05,1280,2081620570.25,826995,5915,2026-09-30
NIFTY,2027-06-29,22500.0,PE,480.25,528.95,450.0,509.1,509.1,77,115075025.0,13390,2535,2026-09-30
NIFTY,2027-09-28,27000.0,PE,0.0,0.0,0.0,3265.0,3251.08,0,0.0,0,0,2026-09-30
NIFTY,2027-09-28,28500.0,PE,0.0,0.0,0.0,4441.5,4423.51,0,0.0,0,0,2026-09-30
NIFTY,2027-12-28,25000.0,PE,1399.0,1486.75,1350.0,1457.7,1457.7,307,526920501.25,164515,8580,2026-09-30
NIFTY,2027-12-28,26000.0,PE,1995.0,1995.0,1840.4,1956.95,1956.95,142,257418401.5,77225,-2795,2026-09-30
NIFTY,2028-06-27,33000.0,PE,0.0,0.0,0.0,3707.8,7182.49,0,0.0,0,0,2026-09-30
NIFTY,2028-12-26,23000.0,PE,810.0,839.0,810.0,839.0,949.33,3,4644835.0,3040,65,2026-09-30
NIFTY,2028-12-26,26000.0,PE,0.0,0.0,0.0,1600.0,2099.78,0,0.0,6940,0,2026-09-30
NIFTY,2029-06-26,25500.0,PE,0.0,0.0,0.0,624.25,1752.32,0,0.0,0,0,2026-09-30
NIFTY,2029-06-26,27000.0,PE,0.0,0.0,0.0,1252.35,2399.98,0,0.0,0,0,2026-09-30
NIFTY,2029-06-26,30000.0,PE,0.0,0.0,0.0,2031.05,4000.31,0,0.0,0,0,2026-09-30
NIFTY,2029-12-24,24000.0,PE,1133.0,1133.0,1133.0,1133.0,1157.09,1,1633645.0,585,65,2026-09-30
NIFTY,2029-12-24,33000.0,PE,0.0,0.0,0.0,2953.7,5424.93,0,0.0,0,0,2026-09-30
NIFTY,2030-06-25,28500.0,PE,0.0,0.0,0.0,1167.6,2677.47,0,0.0,0,0,2026-09-30
NIFTY,2030-12-31,24000.0,PE,0.0,0.0,0.0,1000.0,1037.25,0,0.0,520,0,2026-09-30
NIFTY,2031-06-24,19500.0,PE,0.0,0.0,0.0,289.2,281.27,0,0.0,0,0,2026-09-30
NIFTY,2026-11-23,24900.0,PE,0.0,0.0,0.0,1925.0,2097.47,0,0.0,1040,0,2026-09-30
NIFTY,2026-11-23,24600.0,PE,0.0,0.0,0.0,1735.35,1826.67,0,0.0,3575,0,2026-09-30
NIFTY,2026-10-13,23400.0,CE,38.85,40.7,23.1,24.35,24.35,28444,43320242725.5,623545,99385,2026-09-30
NIFTY,2031-06-24,19500.0,CE,0.0,0.0,0.0,9840.6,8464.79,0,0.0,0,0,2026-09-30
NIFTY,2031-06-24,25500.0,CE,0.0,0.0,0.0,6409.8,5090.66,0,0.0,0,0,2026-09-30
NIFTY,2026-10-06,22200.0,PE,23.1,29.6,12.65,23.1,23.1,772366,1115510574236.5,4256330,1622335,2026-09-30
NIFTY,2026-10-06,22550.0,PE,63.25,112.85,45.25,94.8,94.8,1211382,1781489514785.5,1458535,765570,2026-09-30
NIFTY,2026-10-06,23400.0,PE,625.95,773.15,551.95,754.0,754.0,3907,6106754764.5,638365,-33930,2026-09-30
NIFTY,2026-10-06,23550.0,PE,784.15,913.4,704.95,900.5,900.5,181,286610457.25,69355,-910,2026-09-30
NIFTY,2026-10-06,23800.0,PE,993.1,1166.4,950.0,1147.8,1147.8,219,353698956.0,119405,-5655,2026-09-30
NIFTY,2026-10-06,24050.0,PE,1310.0,1310.0,1194.7,1237.65,1406.36,36,59283874.0,5395,-195,2026-09-30
NIFTY,2026-10-06,24100.0,PE,1300.0,1442.8,1244.0,1442.8,1442.8,86,142135799.0,70720,390,2026-09-30
NIFTY,2026-10-06,24200.0,PE,1389.0,1555.0,1347.45,1525.0,1556.08,56,93241226.0,103545,390,2026-09-30
NIFTY,2026-10-06,24750.0,PE,0.0,0.0,0.0,1438.5,2105.48,0,0.0,195,0,2026-09-30
NIFTY,2026-10-06,25200.0,PE,2402.0,2402.0,2402.0,2402.0,2555.04,1,1794130.0,520,-65,2026-09-30
NIFTY,2026-10-06,25300.0,PE,0.0,0.0,0.0,1222.15,2654.94,0,0.0,0,0,2026-09-30
NIFTY,2026-10-06,25550.0,PE,0.0,0.0,0.0,1432.35,2904.7,0,0.0,0,0,2026-09-30
NIFTY,2026-10-13,21250.0,PE,9.85,10.5,6.6,9.55,9.55,633,874678922.0,26325,9100,2026-09-30
NIFTY,2026-10-13,22250.0,PE,68.55,90.1,44.15,79.1,79.1,5892,8546201046.5,165360,48555,2026-09-30
NIFTY,2026-10-13,23050.0,PE,390.75,464.65,292.45,449.5,449.5,481,732200849.25,29835,-455,2026-09-30
NIFTY,2026-10-13,23200.0,PE,459.45,582.0,392.4,567.65,567.65,2639,4065506331.25,195130,-3640,2026-09-30
NIFTY,2026-10-13,24800.0,PE,0.0,0.0,0.0,1155.2,2127.58,0,0.0,0,0,2026-09-30
NIFTY,2026-10-19,21350.0,PE,0.0,0.0,0.0,20.1,15.23,0,0.0,1170,0,2026-09-30
NIFTY,2026-10-19,22850.0,PE,293.3,355.6,223.95,339.05,339.05,369,555028441.5,28925,6500,2026-09-30
NIFTY,2026-10-19,23550.0,PE,0.0,0.0,0.0,772.05,923.11,0,0.0,3250,0,2026-09-30
NIFTY,2026-10-19,23850.0,PE,0.0,0.0,0.0,815.85,1188.59,0,0.0,0,0,2026-09-30
NIFTY,2026-10-27,20500.0,PE,15.0,18.7,9.95,15.9,15.9,16253,21672423812.0,544440,333840,2026-09-30
NIFTY,2026-10-27,20700.0,PE,14.45,19.85,12.2,18.4,18.4,1817,2446814867.25,72410,41600,2026-09-30
NIFTY,2026-10-27,23400.0,PE,677.0,768.05,568.6,746.95,746.95,1863,2915139363.5,1519115,-25025,2026-09-30
NIFTY,2026-10-27,23600.0,PE,778.0,935.05,724.0,922.75,922.75,1274,2022456595.25,697255,-9490,2026-09-30
NIFTY,2026-10-27,23650.0,PE,887.5,975.05,774.1,959.0,959.0,109,173931420.0,23205,2860,2026-09-30
NIFTY,2026-10-27,24200.0,PE,1388.0,1495.5,1280.95,1491.1,1491.1,182,302606820.75,399360,-3770,2026-09-30
NIFTY,2026-10-27,24650.0,PE,1750.0,1750.0,1750.0,1750.0,1933.4,1,1716000.0,2860,-65,2026-09-30
NIFTY,2026-10-27,24700.0,PE,1850.0,1889.5,1790.65,1790.65,1981.86,65,112136625.25,219245,780,2026-09-30
NIFTY,2026-10-27,24950.0,PE,0.0,0.0,0.0,2141.9,2225.98,0,0.0,3705,0,2026-09-30
NIFTY,2026-10-27,26550.0,PE,0.0,0.0,0.0,2330.1,3813.58,0,0.0,0,0,2026-09-30
NIFTY,2026-10-27,26850.0,PE,0.0,0.0,0.0,2588.1,4112.24,0,0.0,0,0,2026-09-30
NIFTY,2026-10-27,27150.0,PE,0.0,0.0,0.0,3860.6,4410.92,0,0.0,325,0,2026-09-30
NIFTY,2026-10-27,27200.0,PE,4401.75,4401.75,4401.75,4401.75,4460.7,2,4108227.5,58110,130,2026-09-30
NIFTY,2026-11-03,21500.0,PE,55.0,65.8,42.85,62.3,62.3,208,291405351.25,4355,3705,2026-09-30
NIFTY,2026-11-03,21600.0,PE,52.05,71.7,50.5,71.2,71.2,68,95721567.5,2535,520,2026-09-30
NIFTY,2026-11-03,22100.0,PE,120.3,145.4,103.55,141.25,141.25,30,43332604.25,1495,455,2026-09-30
NIFTY,2026-11-03,22200.0,PE,139.0,168.7,117.85,160.2,160.2,121,175672259.75,3900,2470,2026-09-30
NIFTY,2026-11-03,22650.0,PE,271.4,302.6,227.0,302.6,302.6,68,101294631.75,4225,1365,2026-09-30
NIFTY,2026-11-03,22850.0,PE,354.8,387.15,290.15,387.15,387.15,68,102489276.5,5265,1235,2026-09-30
NIFTY,2026-11-03,23300.0,PE,602.8,660.0,542.4,660.0,764.9,27,41934714.25,2600,975,2026-09-30
NIFTY,2026-11-03,23400.0,PE,634.75,765.7,634.75,765.7,765.7,129,201640130.25,1170,260,2026-09-30
NIFTY,2026-11-03,23450.0,PE,0.0,0.0,0.0,707.45,872.1,0,0.0,195,0,2026-09-30
NIFTY,2026-11-03,24100.0,PE,0.0,0.0,0.0,863.85,1402.56,0,0.0,0,0,2026-09-30
NIFTY,2026-11-03,24150.0,PE,0.0,0.0,0.0,898.65,1446.84,0,0.0,0,0,2026-09-30
NIFTY,2026-11-23,21150.0,PE,0.0,0.0,0.0,18.9,66.61,0,0.0,0,0,2026-09-30
NIFTY,2026-11-23,21550.0,PE,86.2,106.1,74.7,103.2,103.2,136,191371007.75,4290,2795,2026-09-30
NIFTY,2026-11-23,22000.0,PE,144.05,176.0,122.65,168.75,168.75,12907,18578030168.75,1156350,11830,2026-09-30
NIFTY,2026-11-23,23800.0,PE,957.25,1070.0,890.55,1057.85,1057.85,306,493341823.0,71955,-8125,2026-09-30
NIFTY,2026-11-23,24000.0,PE,1109.0,1233.7,1041.6,1218.75,1218.75,538,879194231.5,325260,-9880,2026-09-30
NIFTY,2026-11-23,24500.0,PE,1551.0,1688.9,1488.05,1662.35,1662.35,182,308486681.75,243035,6695,2026-09-30
NIFTY,2031-06-24,31500.0,PE,0.0,0.0,0.0,3185.85,3509.25,0,0.0,0,0,2026-09-30
NIFTY,2026-10-06,20600.0,CE,0.0,0.0,0.0,3574.95,2040.49,0,0.0,0,0,2026-09-30
NIFTY,2026-10-06,20900.0,CE,0.0,0.0,0.0,3277.05,1740.78,0,0.0,0,0,2026-09-30
NIFTY,2026-10-06,21200.0,CE,0.0,0.0,0.0,2979.65,1441.14,0,0.0,0,0,2026-09-30
NIFTY,2026-10-06,21900.0,CE,869.15,949.45,749.85,760.9,760.9,36,53174082.0,1820,845,2026-09-30
NIFTY,2026-10-06,22950.0,CE,79.0,96.0,34.8,37.9,37.9,912785,1365465004874.75,2501785,1533675,2026-09-30
NIFTY,2026-10-06,23000.0,CE,71.05,77.0,28.2,30.4,30.4,2395137,3588675260885.0,11726325,5024695,2026-09-30
NIFTY,2026-10-06,23450.0,CE,6.5,8.5,4.75,5.35,5.35,274463,418460658528.25,1745705,767520,2026-09-30
NIFTY,2026-10-06,23700.0,CE,3.0,3.7,2.5,2.85,2.85,563479,868152988768.0,3862755,1619995,2026-09-30
NIFTY,2026-10-13,20950.0,CE,0.0,0.0,0.0,2803.55,1715.44,0,0.0,0,0,2026-09-30
NIFTY,2026-10-13,21300.0,CE,0.0,0.0,0.0,2458.75,1369.83,0,0.0,0,0,2026-09-30
NIFTY,2026-10-13,21400.0,CE,0.0,0.0,0.0,2360.9,1272.41,0,0.0,0,0,2026-09-30
NIFTY,2026-10-13,22000.0,CE,801.0,886.7,701.0,711.8,711.8,190,281409209.25,28405,1105,2026-09-30
NIFTY,2026-10-13,23250.0,CE,66.5,68.4,37.1,39.25,39.25,16910,25607267348.0,324025,4355,2026-09-30
NIFTY,2026-10-13,23550.0,CE,24.8,24.8,14.35,15.15,15.15,15415,23613030346.75,375245,307515,2026-09-30
NIFTY,2026-10-13,24200.0,CE,4.7,6.05,3.9,4.05,4.05,7336,11541698951.25,295230,20540,2026-09-30
NIFTY,2026-10-13,25250.0,CE,0.0,0.0,0.0,1.9,0.03,0,0.0,780,0,2026-09-30
NIFTY,2026-10-19,20900.0,CE,0.0,0.0,0.0,2338.15,1787.9,0,0.0,0,0,2026-09-30
NIFTY,2026-10-19,22850.0,CE,256.15,281.0,182.05,186.2,186.2,340,510082030.25,12220,1495,2026-09-30
NIFTY,2026-10-19,24250.0,CE,0.0,0.0,0.0,121.35,11.04,0,0.0,0,0,2026-09-30
NIFTY,2026-10-19,24650.0,CE,0.0,0.0,0.0,7.0,3.23,0,0.0,845,0,2026-09-30
NIFTY,2026-10-19,24900.0,CE,3.5,4.4,3.5,4.4,4.4,28,45324688.5,1495,-325,2026-09-30
NIFTY,2026-10-27,20600.0,CE,0.0,0.0,0.0,3710.55,2114.19,0,0.0,0,0,2026-09-30
NIFTY,2026-10-27,21350.0,CE,0.0,0.0,0.0,3002.9,1395.51,0,0.0,0,0,2026-09-30
NIFTY,2026-10-27,22100.0,CE,810.85,886.9,705.15,722.45,722.45,164,243738183.0,9360,3380,2026-09-30
NIFTY,2026-10-27,23100.0,CE,197.55,214.1,138.7,142.65,142.65,22849,34567897455.0,1237535,180245,2026-09-30
NIFTY,2026-10-27,23350.0,CE,109.55,121.8,78.05,80.2,80.2,3665,5586231612.0,141765,49270,2026-09-30
NIFTY,2026-10-27,23400.0,CE,99.0,108.6,68.6,71.0,71.0,24823,37895023939.5,2212470,210535,2026-09-30
NIFTY,2026-10-27,23700.0,CE,45.05,50.7,34.3,35.45,35.45,30869,47637176658.5,1060020,3315,2026-09-30
NIFTY,2026-10-27,24800.0,CE,5.75,7.55,5.75,6.6,6.6,3786,6104664952.75,400205,-13325,2026-09-30
NIFTY,2026-10-27,24950.0,CE,6.2,6.2,5.05,5.9,5.9,117,189788296.75,62400,325,2026-09-30
NIFTY,2026-10-27,25000.0,CE,6.15,6.85,4.45,5.5,5.5,21198,34454286850.75,2961595,-97435,2026-09-30
NIFTY,2026-10-27,25400.0,CE,4.55,4.55,3.35,3.85,3.85,683,1127790092.0,94575,2925,2026-09-30
NIFTY,2026-10-27,26050.0,CE,1.3,2.15,1.3,2.1,2.1,24,40640775.5,6630,0,2026-09-30
NIFTY,2026-10-27,26850.0,CE,1.9,1.9,0.65,0.7,0.7,356,621329289.75,6760,5915,2026-09-30
NIFTY,2026-10-27,27000.0,CE,0.7,0.9,0.65,0.8,0.8,2645,4642110437.25,985790,11180,2026-09-30
NIFTY,2026-10-27,27100.0,CE,1.0,1.25,0.5,1.0,0.01,22,38754150.5,9360,65,2026-09-30
NIFTY,2026-11-03,21300.0,CE,0.0,0.0,0.0,2189.8,1488.2,0,0.0,0,0,2026-09-30
NIFTY,2026-11-03,21350.0,CE,0.0,0.0,0.0,2142.0,1443.18,0,0.0,0,0,2026-09-30
NIFTY,2026-11-03,22250.0,CE,0.0,0.0,0.0,1329.0,728.35,0,0.0,0,0,2026-09-30
NIFTY,2026-11-03,22400.0,CE,0.0,0.0,0.0,1206.5,632.31,0,0.0,0,0,2026-09-30
NIFTY,2026-11-03,23100.0,CE,234.3,265.8,192.25,193.85,193.85,136,206192792.0,4485,-585,2026-09-30
NIFTY,2026-11-03,23300.0,CE,165.65,178.8,127.45,128.75,128.75,69,105157097.5,5395,1950,2026-09-30
NIFTY,2026-11-03,23550.0,CE,100.95,104.3,71.1,76.75,76.75,68,104508859.0,3900,910,2026-09-30
NIFTY,2026-11-23,20500.0,CE,2523.05,2523.05,2523.05,2523.05,2332.48,1,1496498.25,65,65,2026-09-30
NIFTY,2026-11-23,20650.0,CE,0.0,0.0,0.0,3999.6,2190.88,0,0.0,0,0,2026-09-30
NIFTY,2026-11-23,22200.0,CE,950.4,963.2,827.2,841.0,841.0,13,19520546.5,1235,325,2026-09-30
NIFTY,2026-11-23,22250.0,CE,0.0,0.0,0.0,898.3,880.95,0,0.0,195,0,2026-09-30
NIFTY,2026-11-23,22500.0,CE,661.0,757.85,619.0,628.1,628.1,1363,2053727178.75,123305,4030,2026-09-30
NIFTY,2026-11-23,22800.0,CE,542.0,557.55,442.75,451.15,451.15,1856,2810251073.5,114725,13455,2026-09-30
NIFTY,2026-11-23,23200.0,CE,307.1,338.75,260.25,265.6,265.6,1934,2953709375.5,230555,14495,2026-09-30
NIFTY,2026-11-23,24850.0,CE,0.0,0.0,0.0,118.8,54.51,0,0.0,390,0,2026-09-30
NIFTY,2026-11-23,25200.0,CE,18.6,21.4,16.7,18.85,18.85,174,285228827.0,7410,195,2026-09-30
NIFTY,2026-11-23,25250.0,CE,0.0,0.0,0.0,550.35,30.16,0,0.0,0,0,2026-09-30
NIFTY,2026-12-29,21650.0,CE,1507.15,1507.15,1473.55,1482.05,1531.71,21,31580367.0,1365,1365,2026-09-30
NIFTY,2026-12-29,24100.0,CE,0.0,0.0,0.0,331.0,304.75,0,0.0,0,0,2026-09-30
NIFTY,2026-12-29,28000.0,CE,7.85,8.1,6.8,7.45,7.45,988,1798639859.25,1729345,7670,2026-09-30
NIFTY,2027-06-29,28500.0,CE,0.0,0.0,0.0,1711.9,141.59,0,0.0,0,0,2026-09-30
NIFTY,2027-12-28,25000.0,CE,995.5,1009.0,922.5,927.55,927.55,693,1170294430.5,226665,8905,2026-09-30
NIFTY,2027-12-28,26000.0,CE,598.95,613.2,550.0,556.1,556.1,1027,1774965478.0,201280,11960,2026-09-30
NIFTY,2027-12-28,30000.0,CE,116.1,144.8,115.15,118.55,118.55,246,481620841.0,240500,2730,2026-09-30
NIFTY,2027-12-28,31500.0,CE,0.0,0.0,0.0,100.95,157.49,0,0.0,2275,0,2026-09-30
NIFTY,2028-06-27,16500.0,CE,0.0,0.0,0.0,11752.8,7878.29,0,0.0,0,0,2026-09-30
NIFTY,2029-06-26,19500.0,CE,0.0,0.0,0.0,10206.95,6501.13,0,0.0,0,0,2026-09-30
NIFTY,2029-12-24,19500.0,CE,0.0,0.0,0.0,10678.8,7020.18,0,0.0,0,0,2026-09-30
NIFTY,2030-06-25,25500.0,CE,0.0,0.0,0.0,7070.45,4043.94,0,0.0,0,0,2026-09-30
NIFTY,2030-12-31,24000.0,CE,0.0,0.0,0.0,8563.3,5339.88,0,0.0,0,0,2026-09-30
NIFTY,2031-06-24,16500.0,CE,0.0,0.0,0.0,11849.25,10488.98,0,0.0,0,0,2026-09-30
NIFTY,2026-10-06,20700.0,PE,2.35,2.35,1.0,1.2,1.2,36348,48909678886.25,494975,171925,2026-09-30
NIFTY,2026-10-06,21250.0,PE,3.6,3.6,1.5,2.1,2.1,45283,62553692695.0,447720,352300,2026-09-30
NIFTY,2026-10-06,22300.0,PE,31.55,43.65,17.9,34.65,34.65,1026665,1490060260624.0,3687060,1288625,2026-09-30
NIFTY,2026-10-06,23300.0,PE,560.0,672.4,458.2,655.85,655.85,8803,13644117665.75,1124175,-98735,2026-09-30
NIFTY,2026-10-06,25350.0,PE,0.0,0.0,0.0,1263.25,2704.89,0,0.0,0,0,2026-09-30
NIFTY,2026-10-13,21100.0,PE,8.5,8.6,5.25,7.5,7.5,1886,2587500867.25,62855,50180,2026-09-30
NIFTY,2026-10-13,22050.0,PE,45.0,55.75,27.75,48.95,48.95,6683,9594534501.5,64350,43290,2026-09-30
NIFTY,2026-10-13,22950.0,PE,313.45,389.45,237.15,377.45,377.45,1956,2957453892.25,21775,-650,2026-09-30
NIFTY,2026-10-13,23800.0,PE,1018.45,1137.0,925.0,1121.4,1144.58,33,53189327.75,11960,390,2026-09-30
NIFTY,2026-10-13,23850.0,PE,1040.0,1151.1,1040.0,1151.1,1192.14,5,8109855.0,1755,-130,2026-09-30
NIFTY,2026-10-13,23950.0,PE,0.0,0.0,0.0,563.2,1288.18,0,0.0,0,0,2026-09-30
NIFTY,2026-10-13,24450.0,PE,0.0,0.0,0.0,886.75,1779.35,0,0.0,0,0,2026-09-30
NIFTY,2026-10-13,24650.0,PE,0.0,0.0,0.0,1036.55,1978.17,0,0.0,0,0,2026-09-30
NIFTY,2026-10-13,25250.0,PE,0.0,0.0,0.0,1538.35,2576.39,0,0.0,0,0,2026-09-30
NIFTY,2026-10-19,20800.0,PE,11.95,11.95,8.05,10.75,10.75,39,52754858.0,2600,1170,2026-09-30
NIFTY,2026-10-19,20900.0,PE,10.35,10.35,10.35,10.35,3.14,2,2718345.5,65,65,2026-09-30
NIFTY,2026-10-19,21100.0,PE,0.0,0.0,0.0,9.25,6.59,0,0.0,0,0,2026-09-30
NIFTY,2026-10-19,23300.0,PE,526.05,654.1,495.65,654.1,720.03,43,66606835.75,7020,65,2026-09-30
NIFTY,2026-10-19,24400.0,PE,0.0,0.0,0.0,1450.0,1711.56,0,0.0,650,0,2026-09-30
NIFTY,2026-10-19,24650.0,PE,0.0,0.0,0.0,1460.6,1956.94,0,0.0,0,0,2026-09-30
NIFTY,2026-10-19,24800.0,PE,0.0,0.0,0.0,1850.0,2105.21,0,0.0,1170,0,2026-09-30
NIFTY,2026-10-19,24850.0,PE,0.0,0.0,0.0,1640.7,2154.74,0,0.0,0,0,2026-09-30
NIFTY,2026-10-27,22150.0,PE,116.35,132.8,82.5,125.3,125.3,1886,2727980729.5,53560,3055,2026-09-30
NIFTY,2026-10-27,22600.0,PE,220.0,275.25,173.4,258.05,258.05,31228,46334520404.25,903435,239655,2026-09-30
NIFTY,2026-10-27,22750.0,PE,255.0,342.8,222.1,324.25,324.25,8366,12527237164.0,290615,82810,2026-09-30
NIFTY,2026-10-27,23000.0,PE,406.95,482.0,327.25,460.7,460.7,44206,67224843065.25,6277310,197860,2026-09-30
NIFTY,2026-10-27,24600.0,PE,1742.7,1880.0,1649.2,1876.75,1876.75,134,229624616.0,190775,-715,2026-09-30
NIFTY,2026-10-27,24900.0,PE,2044.9,2185.0,2043.55,2170.1,2170.1,123,215718126.0,142155,-2990,2026-09-30
NIFTY,2026-10-27,25100.0,PE,2150.0,2355.15,2150.0,2355.15,2355.15,6,10662106.0,43680,195,2026-09-30
NIFTY,2026-12-29,22100.0,CE,1188.65,1197.4,1188.65,1189.35,1212.31,9,13625703.0,585,585,2026-09-30
NIFTY,2026-12-29,21600.0,CE,1512.8,1512.8,1500.95,1506.9,1506.9,9,13517536.5,585,585,2026-09-30
NIFTY,2026-12-29,21450.0,CE,0.0,0.0,0.0,1752.0,1685.44,0,0.0,0,0,2026-09-30
NIFTY,2026-12-29,19500.0,CE,0.0,0.0,0.0,7586.85,3434.55,0,0.0,0,0,2026-09-30
NIFTY,2026-12-29,22750.0,CE,0.0,0.0,0.0,873.05,824.62,0,0.0,0,0,2026-09-30
NIFTY,2026-12-29,23400.0,CE,398.7,430.0,344.8,349.05,349.05,152,234960326.25,5655,5655,2026-09-30
NIFTY,2026-12-29,23800.0,CE,257.95,268.4,218.0,219.55,219.55,736,1150073353.0,29055,29055,2026-09-30
NIFTY,2026-12-29,25500.0,CE,39.0,40.1,32.95,35.0,35.0,7799,12945459871.5,1039870,43225,2026-09-30
NIFTY,2027-03-30,15000.0,CE,0.0,0.0,0.0,8379.85,8085.44,0,0.0,0,0,2026-09-30
NIFTY,2027-03-30,21000.0,CE,2500.0,2591.1,2409.35,2429.3,2429.3,251,383792373.25,34450,6630,2026-09-30
NIFTY,2027-03-30,30000.0,CE,18.25,18.5,16.25,16.6,16.6,207,403880395.75,170625,6435,2026-09-30
NIFTY,2027-06-29,15000.0,CE,0.0,0.0,0.0,5367.85,8313.99,0,0.0,0,0,2026-09-30
NIFTY,2027-06-29,16500.0,CE,0.0,0.0,0.0,10867.2,6886.28,0,0.0,0,0,2026-09-30
NIFTY,2027-06-29,19500.0,CE,0.0,0.0,0.0,8143.4,4118.36,0,0.0,0,0,2026-09-30
NIFTY,2027-09-28,15000.0,CE,0.0,0.0,0.0,8577.25,8539.53,0,0.0,0,0,2026-09-30
NIFTY,2027-12-28,21000.0,CE,0.0,0.0,0.0,4902.4,3610.59,0,0.0,0,0,2026-09-30
NIFTY,2028-06-27,27000.0,CE,0.0,0.0,0.0,1935.0,1271.44,0,0.0,65,0,2026-09-30
NIFTY,2029-06-26,25500.0,CE,0.0,0.0,0.0,5917.35,2944.61,0,0.0,0,0,2026-09-30
NIFTY,2029-12-24,21000.0,CE,0.0,0.0,0.0,9463.95,6003.7,0,0.0,0,0,2026-09-30
NIFTY,2030-12-31,19500.0,CE,0.0,0.0,0.0,11601.15,8020.99,0,0.0,0,0,2026-09-30
NIFTY,2030-12-31,25500.0,CE,0.0,0.0,0.0,7639.65,4593.49,0,0.0,0,0,2026-09-30
NIFTY,2031-06-24,18000.0,CE,0.0,0.0,0.0,10825.95,9455.7,0,0.0,0,0,2026-09-30
NIFTY,2031-06-24,30000.0,CE,0.0,0.0,0.0,4459.9,3279.8,0,0.0,0,0,2026-09-30
NIFTY,2026-10-06,21600.0,PE,5.8,5.8,3.0,3.7,3.7,233426,327786727651.5,1496365,226070,2026-09-30
NIFTY,2026-10-06,21700.0,PE,8.0,8.0,3.5,4.65,4.65,302174,426304158527.0,2284425,426205,2026-09-30
NIFTY,2026-10-06,21800.0,PE,7.85,8.7,4.3,6.1,6.1,368692,522569037929.25,3322800,1800110,2026-09-30
NIFTY,2026-10-06,23150.0,PE,398.35,541.35,329.8,514.1,514.1,7379,11299444942.5,153010,-2080,2026-09-30
NIFTY,2026-10-06,23500.0,PE,765.95,877.5,650.0,851.9,851.9,5938,9356809351.5,1081275,-20540,2026-09-30
NIFTY,2026-10-06,24900.0,PE,0.0,0.0,0.0,2040.0,2255.33,0,0.0,130,0,2026-09-30
NIFTY,2026-10-13,22350.0,PE,85.95,111.3,56.15,100.7,100.7,4533,6609820610.25,67470,33410,2026-09-30
NIFTY,2026-10-13,22450.0,PE,104.05,142.8,71.95,128.5,128.5,8137,11928461223.25,81900,39325,2026-09-30
NIFTY,2026-10-13,22750.0,PE,208.5,271.1,149.35,252.95,252.95,18197,27141762719.5,313495,29575,2026-09-30
NIFTY,2026-10-13,23400.0,PE,660.0,754.75,552.6,747.35,747.35,212,331180193.5,66950,-3705,2026-09-30
NIFTY,2026-10-13,23550.0,PE,791.3,791.55,694.75,694.75,913.18,17,26859836.25,5720,-260,2026-09-30
NIFTY,2026-10-13,24050.0,PE,0.0,0.0,0.0,1200.0,1385.22,0,0.0,65,0,2026-09-30
NIFTY,2026-10-13,24300.0,PE,1540.0,1540.0,1480.0,1480.0,1630.78,4,6708650.0,2860,-65,2026-09-30
NIFTY,2026-10-13,24400.0,PE,0.0,0.0,0.0,1480.0,1729.76,0,0.0,1300,0,2026-09-30
NIFTY,2026-10-13,24600.0,PE,1800.0,1803.25,1795.6,1800.0,1928.41,7,12011974.0,1885,-130,2026-09-30
NIFTY,2026-10-13,25200.0,PE,0.0,0.0,0.0,1494.1,2526.51,0,0.0,0,0,2026-09-30
NIFTY,2026-10-19,22200.0,PE,83.0,112.0,62.0,102.15,102.15,946,1370309222.75,21190,8060,2026-09-30
NIFTY,2026-10-19,22450.0,PE,138.55,174.6,104.5,166.3,166.3,367,538926869.0,13585,9230,2026-09-30
NIFTY,2026-10-19,23700.0,PE,900.0,900.0,900.0,900.0,1053.38,1,1599000.0,1885,65,2026-09-30
NIFTY,2026-10-19,24150.0,PE,0.0,0.0,0.0,1040.4,1469.9,0,0.0,0,0,2026-09-30
NIFTY,2026-10-19,24350.0,PE,0.0,0.0,0.0,1202.45,1662.86,0,0.0,0,0,2026-09-30
NIFTY,2026-10-19,25000.0,PE,0.0,0.0,0.0,1779.1,2303.6,0,0.0,0,0,2026-09-30
NIFTY,2026-11-23,25900.0,CE,11.6,12.05,8.6,9.6,9.6,25,42105862.5,1755,-130,2026-09-30
NIFTY,2026-11-23,25300.0,CE,0.0,0.0,0.0,532.0,27.92,0,0.0,0,0,2026-09-30
NIFTY,2026-11-23,24800.0,CE,27.7,30.0,25.1,26.0,26.0,498,803661280.5,60905,2990,2026-09-30
NIFTY,2026-11-23,24300.0,CE,56.75,57.45,45.75,46.75,46.75,2179,3449058671.5,123630,6500,2026-09-30
NIFTY,2026-11-23,22300.0,CE,0.0,0.0,0.0,884.5,848.93,0,0.0,845,0,2026-09-30
NIFTY,2026-11-23,21950.0,CE,0.0,0.0,0.0,2769.65,1087.85,0,0.0,0,0,2026-09-30
NIFTY,2026-11-23,21100.0,CE,0.0,0.0,0.0,3565.5,1779.06,0,0.0,0,0,2026-09-30
NIFTY,2026-11-03,24850.0,CE,9.0,9.0,8.0,8.3,8.3,12,19389526.0,325,325,2026-09-30
NIFTY,2026-11-03,24650.0,CE,14.5,14.5,14.5,14.5,23.45,2,3206385.0,130,130,2026-09-30
NIFTY,2026-11-03,24000.0,CE,41.5,42.95,30.75,31.85,31.85,987,1542090407.0,77090,7150,2026-09-30
NIFTY,2026-11-03,23950.0,CE,0.0,0.0,0.0,305.7,83.94,0,0.0,0,0,2026-09-30
NIFTY,2026-11-03,21800.0,CE,0.0,0.0,0.0,1721.95,1059.79,0,0.0,0,0,2026-09-30
NIFTY,2026-11-03,21100.0,CE,0.0,0.0,0.0,2382.6,1671.95,0,0.0,0,0,2026-09-30
NIFTY,2026-11-03,21050.0,CE,0.0,0.0,0.0,2431.1,1718.69,0,0.0,0,0,2026-09-30
NIFTY,2026-11-03,20800.0,CE,0.0,0.0,0.0,2675.3,1956.17,0,0.0,0,0,2026-09-30
NIFTY,2026-10-27,26450.0,CE,0.0,0.0,0.0,8.15,0.06,0,0.0,520,0,2026-09-30
NIFTY,2026-10-19,25100.0,PE,0.0,0.0,0.0,1872.7,2403.0,0,0.0,0,0,2026-09-30
NIFTY,2026-10-27,20850.0,PE,17.5,22.85,14.25,21.55,21.55,358,485609393.75,7540,2275,2026-09-30
NIFTY,2026-10-27,21050.0,PE,23.2,27.95,17.65,26.3,26.3,289,395859129.25,6110,2925,2026-09-30
NIFTY,2026-10-27,21300.0,PE,31.5,38.6,23.8,35.95,35.95,6912,9582975782.25,293150,160550,2026-09-30
NIFTY,2026-10-27,21850.0,PE,69.0,84.35,51.65,77.8,77.8,725,1033002571.25,44200,12480,2026-09-30
NIFTY,2026-10-27,22550.0,PE,217.9,254.0,160.35,238.7,238.7,2682,3966933012.25,85085,16055,2026-09-30
NIFTY,2026-10-27,22700.0,PE,272.05,319.1,199.05,299.15,299.15,52639,78562985946.25,2061085,354770,2026-09-30
NIFTY,2026-10-27,23550.0,PE,791.8,891.45,682.65,887.45,887.45,36,56965714.0,18590,-845,2026-09-30
NIFTY,2026-10-27,23850.0,PE,1045.75,1156.9,1016.05,1156.9,1190.7,36,58309774.25,11375,-1950,2026-09-30
NIFTY,2026-10-27,24600.0,CE,9.3,9.45,8.1,8.45,8.45,5465,8741535283.0,346970,-16575,2026-09-30
NIFTY,2026-10-27,24100.0,CE,21.3,26.25,16.35,16.75,16.75,9870,15473076804.25,703820,-26845,2026-09-30
NIFTY,2026-10-27,23650.0,CE,53.85,58.85,38.6,40.1,40.1,4120,6346570961.25,131235,42770,2026-09-30
NIFTY,2026-10-27,23250.0,CE,142.6,155.3,99.0,101.8,101.8,3337,5070233301.25,156130,15470,2026-09-30
NIFTY,2026-10-27,22650.0,CE,436.95,469.1,337.0,343.45,343.45,3054,4572378749.25,89830,44330,2026-09-30
NIFTY,2026-10-27,21950.0,CE,0.0,0.0,0.0,900.0,882.06,0,0.0,65,0,2026-09-30
NIFTY,2026-10-27,21800.0,CE,1110.0,1166.0,965.95,973.0,973.0,500,743502789.25,17940,1495,2026-09-30
NIFTY,2026-10-27,20800.0,CE,0.0,0.0,0.0,3519.25,1918.37,0,0.0,0,0,2026-09-30
NIFTY,2026-10-19,23950.0,CE,0.0,0.0,0.0,186.0,25.12,0,0.0,65,0,2026-09-30
NIFTY,2026-10-19,22900.0,CE,226.85,252.5,161.95,165.45,165.45,1048,1573851214.0,31980,3510,2026-09-30
NIFTY,2026-10-19,22250.0,CE,0.0,0.0,0.0,704.15,589.13,0,0.0,585,0,2026-09-30
NIFTY,2026-10-19,22000.0,CE,850.05,858.0,771.15,771.15,776.37,9,13347499.75,910,195,2026-09-30
NIFTY,2026-10-19,21750.0,CE,0.0,0.0,0.0,1122.75,985.38,0,0.0,65,0,2026-09-30
NIFTY,2026-10-19,20950.0,CE,0.0,0.0,0.0,2289.2,1738.72,0,0.0,0,0,2026-09-30
NIFTY,2026-10-19,20550.0,CE,0.0,0.0,0.0,2682.75,2134.41,0,0.0,0,0,2026-09-30
NIFTY,2026-10-27,24350.0,PE,1551.1,1606.2,1425.5,1586.85,1646.36,16,26917101.25,15340,260,2026-09-30
NIFTY,2026-10-27,24400.0,PE,1531.0,1675.0,1480.0,1661.8,1661.8,57,96128841.25,153790,1820,2026-09-30
NIFTY,2026-10-27,24500.0,PE,1594.8,1789.0,1560.0,1780.35,1780.35,857,1457734820.75,1512810,6305,2026-09-30
NIFTY,2026-10-27,25550.0,PE,0.0,0.0,0.0,2725.0,2818.93,0,0.0,910,0,2026-09-30
NIFTY,2026-10-13,23000.0,CE,125.0,151.6,83.0,86.95,86.95,97423,146378171374.5,1640600,1000610,2026-09-30
NIFTY,2026-10-13,22950.0,CE,144.4,175.0,96.5,100.55,100.55,9515,14277216820.75,130000,86320,2026-09-30
NIFTY,2026-10-13,22700.0,CE,280.0,322.05,194.55,200.65,200.65,45236,67489190476.5,1497340,198380,2026-09-30
NIFTY,2026-10-13,22650.0,CE,344.05,355.0,220.0,227.65,227.65,7611,11340960809.75,90545,66365,2026-09-30
NIFTY,2026-10-13,22250.0,CE,650.5,650.5,496.7,502.25,502.25,14,20720134.5,585,585,2026-09-30
NIFTY,2026-10-13,21150.0,CE,0.0,0.0,0.0,2606.15,1517.3,0,0.0,0,0,2026-09-30
NIFTY,2026-10-13,20550.0,CE,0.0,0.0,0.0,3200.0,2113.82,0,0.0,0,0,2026-09-30
NIFTY,2026-10-06,25400.0,CE,0.7,0.75,0.55,0.6,0.6,4019,6635529189.25,74360,-1755,2026-09-30
NIFTY,2026-10-06,23900.0,CE,2.15,2.5,1.7,1.95,1.95,214616,333435062454.0,2644265,578370,2026-09-30
NIFTY,2026-10-06,23300.0,CE,15.0,17.1,7.5,8.45,8.45,714929,1083288779319.5,7281105,2289170,2026-09-30
NIFTY,2026-10-06,22650.0,CE,230.0,274.9,127.55,137.25,137.25,1003091,1489010944105.75,2523625,1987050,2026-09-30
NIFTY,2026-10-06,22250.0,CE,544.45,622.1,409.15,426.05,426.05,3109,4598540544.0,46150,25155,2026-09-30
NIFTY,2026-10-06,20850.0,CE,0.0,0.0,0.0,3326.65,1790.73,0,0.0,0,0,2026-09-30
NIFTY,2026-10-13,23950.0,CE,8.7,8.7,6.05,6.25,6.25,7766,12093100714.5,90220,-46410,2026-09-30
NIFTY,2026-10-13,24700.0,CE,3.1,3.1,1.7,1.8,1.8,10096,16210386923.25,272350,258895,2026-09-30
NIFTY,2026-10-13,24950.0,CE,1.85,1.9,1.35,1.45,1.45,177,287067758.25,12935,4680,2026-09-30
NIFTY,2026-10-19,20500.0,CE,0.0,0.0,0.0,2732.2,2184.11,0,0.0,0,0,2026-09-30
NIFTY,2026-10-19,20750.0,CE,0.0,0.0,0.0,2485.4,1936.02,0,0.0,0,0,2026-09-30
NIFTY,2026-10-19,20800.0,CE,0.0,0.0,0.0,2436.25,1886.57,0,0.0,0,0,2026-09-30
NIFTY,2026-10-19,21050.0,CE,0.0,0.0,0.0,2191.7,1640.73,0,0.0,0,0,2026-09-30
NIFTY,2026-10-19,22300.0,CE,0.0,0.0,0.0,664.8,554.8,0,0.0,1040,0,2026-09-30
NIFTY,2026-10-19,22350.0,CE,0.0,0.0,0.0,626.2,521.57,0,0.0,520,0,2026-09-30
NIFTY,2026-10-19,23300.0,CE,80.35,95.1,57.25,59.5,59.5,3213,4881669344.5,103350,62595,2026-09-30
NIFTY,2026-10-19,23750.0,CE,19.0,20.0,15.4,19.05,19.05,29,44804912.75,1885,1365,2026-09-30
NIFTY,2026-10-19,24100.0,CE,13.0,13.0,9.7,10.15,10.15,1394,2184711646.0,72865,38545,2026-09-30
NIFTY,2026-10-19,24150.0,CE,11.35,13.9,7.55,8.7,8.7,160,251264845.0,4355,585,2026-09-30
NIFTY,2026-10-19,24850.0,CE,0.0,0.0,0.0,6.8,1.65,0,0.0,2015,0,2026-09-30
NIFTY,2026-10-27,21600.0,CE,1299.95,1299.95,1245.0,1245.0,1171.58,2,2973421.75,845,65,2026-09-30
NIFTY,2026-10-27,22050.0,CE,0.0,0.0,0.0,2377.1,805.82,0,0.0,0,0,2026-09-30
NIFTY,2026-10-27,23000.0,CE,209.05,262.0,173.15,177.8,177.8,95942,144790550050.25,5451030,393185,2026-09-30
NIFTY,2026-10-27,23050.0,CE,219.6,236.75,155.9,159.75,159.75,4172,6302603463.0,122525,9945,2026-09-30
NIFTY,2026-10-27,25050.0,CE,6.7,6.7,4.8,5.4,5.4,1493,2431485345.25,157170,2535,2026-09-30
NIFTY,2026-10-27,25150.0,CE,4.45,5.85,4.45,5.85,5.85,2,3270169.5,17810,65,2026-09-30
NIFTY,2026-10-27,25650.0,CE,0.0,0.0,0.0,2.65,0.76,0,0.0,4290,0,2026-09-30
NIFTY,2026-10-27,27200.0,CE,0.65,0.85,0.6,0.7,0.7,406,717827535.75,59670,-2340,2026-09-30
NIFTY,2026-11-03,20650.0,CE,0.0,0.0,0.0,2822.75,2101.02,0,0.0,0,0,2026-09-30
NIFTY,2026-11-03,20900.0,CE,0.0,0.0,0.0,2577.35,1860.5,0,0.0,0,0,2026-09-30
NIFTY,2026-11-03,21200.0,CE,0.0,0.0,0.0,2285.9,1579.39,0,0.0,0,0,2026-09-30
NIFTY,2026-11-03,22650.0,CE,475.45,499.55,400.05,400.05,400.05,20,30039837.75,910,-195,2026-09-30
NIFTY,2026-11-03,22700.0,CE,438.5,477.0,365.85,372.15,372.15,492,739812365.5,6435,3640,2026-09-30
NIFTY,2026-11-03,23400.0,CE,138.35,146.3,101.85,104.4,104.4,131,200259735.0,6240,3055,2026-09-30
NIFTY,2026-11-03,24250.0,CE,0.0,0.0,0.0,214.4,50.01,0,0.0,0,0,2026-09-30
NIFTY,2026-11-03,25150.0,CE,8.6,10.45,8.6,10.45,8.17,13,21259173.0,1235,455,2026-09-30
NIFTY,2026-11-23,20600.0,CE,0.0,0.0,0.0,4048.2,2237.89,0,0.0,0,0,2026-09-30
NIFTY,2026-11-23,20900.0,CE,0.0,0.0,0.0,3757.7,1959.31,0,0.0,0,0,2026-09-30
NIFTY,2026-11-23,21700.0,CE,0.0,0.0,0.0,2999.2,1275.61,0,0.0,0,0,2026-09-30
NIFTY,2026-11-23,22700.0,CE,570.0,621.0,497.65,504.55,504.55,1204,1820211744.0,56030,22945,2026-09-30
NIFTY,2026-11-23,23100.0,CE,356.7,385.0,300.7,306.65,306.65,1237,1884504046.75,277030,7735,2026-09-30
NIFTY,2026-11-23,23400.0,CE,249.3,254.6,191.35,195.5,195.5,1905,2923950237.0,164450,31460,2026-09-30
NIFTY,2026-11-23,23450.0,CE,223.35,232.0,180.15,182.45,182.45,102,156780760.5,13845,1040,2026-09-30
NIFTY,2026-11-23,23600.0,CE,188.9,188.9,140.35,143.3,143.3,1918,2962285729.0,110110,2665,2026-09-30
NIFTY,2026-11-23,24250.0,CE,61.4,63.05,48.6,48.65,48.65,95,150092930.0,10595,-325,2026-09-30
NIFTY,2026-11-23,24600.0,CE,38.85,41.75,31.6,32.3,32.3,798,1277805597.25,57980,-650,2026-09-30
NIFTY,2026-11-23,25450.0,CE,13.65,15.1,12.5,15.1,22.06,16,26482085.5,455,-130,2026-09-30
NIFTY,2026-11-23,25550.0,CE,13.45,14.0,12.6,12.6,18.8,34,56494811.75,650,-780,2026-09-30
NIFTY,2026-12-29,16000.0,CE,6800.0,6810.0,6800.0,6810.0,6869.02,4,5929950.0,520,260,2026-09-30
NIFTY,2026-12-29,21050.0,CE,0.0,0.0,0.0,2082.3,2011.94,0,0.0,0,0,2026-09-30
NIFTY,2026-12-29,22050.0,CE,1237.1,1237.1,1228.0,1228.0,1245.81,6,9080194.5,390,390,2026-09-30
NIFTY,2026-12-29,22500.0,CE,951.0,959.35,813.55,824.45,824.45,2131,3240349775.0,199290,-12675,2026-09-30
NIFTY,2026-12-29,22700.0,CE,772.85,815.15,676.9,700.1,700.1,350,533037134.5,10205,10205,2026-09-30
NIFTY,2026-12-29,23300.0,CE,445.95,462.95,384.25,390.25,390.25,137,211265314.0,6305,6305,2026-09-30
NIFTY,2026-12-29,24400.0,CE,0.0,0.0,0.0,257.7,235.75,0,0.0,0,0,2026-09-30
NIFTY,2027-06-29,25500.0,CE,359.0,390.0,273.1,292.3,292.3,382,641247584.25,23530,17810,2026-09-30
NIFTY,2027-06-29,33000.0,CE,0.0,0.0,0.0,1122.75,9.58,0,0.0,0,0,2026-09-30
NIFTY,2027-09-28,24000.0,CE,0.0,0.0,0.0,1478.35,1468.04,0,0.0,0,0,2026-09-30
NIFTY,2027-12-28,33000.0,CE,62.0,62.0,61.0,61.0,87.51,3,6447025.0,9295,65,2026-09-30
NIFTY,2028-06-27,19500.0,CE,0.0,0.0,0.0,9209.1,5378.93,0,0.0,0,0,2026-09-30
NIFTY,2029-06-26,18000.0,CE,0.0,0.0,0.0,11678.65,7626.37,0,0.0,0,0,2026-09-30
NIFTY,2029-06-26,21000.0,CE,0.0,0.0,0.0,9799.75,5456.19,0,0.0,0,0,2026-09-30
NIFTY,2029-06-26,33000.0,CE,0.0,0.0,0.0,4179.45,822.49,0,0.0,0,0,2026-09-30
NIFTY,2029-12-24,16500.0,CE,0.0,0.0,0.0,12984.85,9251.25,0,0.0,0,0,2026-09-30
NIFTY,2029-12-24,28500.0,CE,0.0,0.0,0.0,4802.1,2316.22,0,0.0,0,0,2026-09-30
NIFTY,2030-06-25,15000.0,CE,0.0,0.0,0.0,14543.9,10820.19,0,0.0,0,0,2026-09-30
NIFTY,2030-06-25,18000.0,CE,0.0,0.0,0.0,12423.9,8576.31,0,0.0,0,0,2026-09-30
NIFTY,2030-06-25,31500.0,CE,0.0,0.0,0.0,3984.8,1912.04,0,0.0,0,0,2026-09-30
NIFTY,2030-12-31,15000.0,CE,0.0,0.0,0.0,14862.95,11207.43,0,0.0,0,0,2026-09-30
NIFTY,2030-12-31,16500.0,CE,0.0,0.0,0.0,13763.55,10107.29,0,0.0,0,0,2026-09-30
NIFTY,2030-12-31,28500.0,CE,0.0,0.0,0.0,5968.3,3337.12,0,0.0,0,0,2026-09-30
NIFTY,2031-06-24,31500.0,CE,0.0,0.0,0.0,3928.35,2808.5,0,0.0,0,0,2026-09-30
NIFTY,2026-10-06,20600.0,PE,2.2,2.2,0.9,1.05,1.05,50525,67656923103.25,853775,624585,2026-09-30
NIFTY,2026-10-06,21450.0,PE,4.9,4.9,2.35,2.85,2.85,50222,70031800452.25,231075,120705,2026-09-30
NIFTY,2026-10-06,22100.0,PE,17.55,20.1,9.05,15.55,15.55,468314,673146539289.25,3018470,1881490,2026-09-30
NIFTY,2026-10-06,22750.0,PE,154.95,216.9,94.5,192.35,192.35,2399680,3570015051047.25,1274845,62855,2026-09-30
NIFTY,2026-10-06,23100.0,PE,369.25,495.95,289.0,466.8,466.8,40773,62228995809.5,1289470,8775,2026-09-30
NIFTY,2026-10-06,23250.0,PE,536.9,635.0,414.65,608.45,608.45,6493,10021276154.5,281840,16445,2026-09-30
NIFTY,2026-10-06,23750.0,PE,980.85,1099.2,900.0,1099.2,1099.2,61,98044683.75,6500,130,2026-09-30
NIFTY,2026-10-06,24150.0,PE,1460.0,1460.0,1329.95,1416.35,1506.16,5,8305622.0,2145,-65,2026-09-30
NIFTY,2026-10-06,24500.0,PE,1680.65,1850.45,1659.0,1836.0,1836.0,51,86974615.0,359515,130,2026-09-30
NIFTY,2026-10-06,24950.0,PE,0.0,0.0,0.0,1475.85,2305.28,0,0.0,65,0,2026-09-30
NIFTY,2026-10-06,25700.0,PE,0.0,0.0,0.0,2575.0,3054.55,0,0.0,715,0,2026-09-30
NIFTY,2026-10-13,20600.0,PE,4.0,5.05,3.55,4.9,4.9,2169,2904914220.0,40885,36140,2026-09-30
NIFTY,2026-10-13,21900.0,PE,31.4,39.3,19.8,33.85,33.85,18335,26133405710.75,329810,244790,2026-09-30
NIFTY,2026-10-13,22000.0,PE,39.65,50.2,24.8,43.15,43.15,39066,55953440205.0,816010,297635,2026-09-30
NIFTY,2026-10-13,22150.0,PE,59.05,70.0,34.8,62.1,62.1,4916,7094373029.25,51350,20020,2026-09-30
NIFTY,2026-10-13,23150.0,PE,464.85,537.9,357.95,531.65,531.65,291,446120584.0,16770,-1300,2026-09-30
NIFTY,2026-10-13,24000.0,PE,1205.3,1332.7,1140.0,1321.95,1321.95,104,170570279.75,29835,3120,2026-09-30
NIFTY,2026-10-13,24100.0,PE,1309.9,1435.0,1220.4,1414.7,1414.7,144,238522693.5,14560,7670,2026-09-30
NIFTY,2026-10-13,24200.0,PE,1400.0,1500.0,1350.0,1500.0,1532.16,80,133159858.0,3380,1300,2026-09-30
NIFTY,2026-10-13,24350.0,PE,0.0,0.0,0.0,1430.0,1680.23,0,0.0,520,0,2026-09-30
NIFTY,2026-10-13,24500.0,PE,1725.0,1835.0,1625.0,1815.0,1828.99,36,61309293.5,11180,1300,2026-09-30
NIFTY,2026-10-13,25150.0,PE,0.0,0.0,0.0,1450.15,2476.62,0,0.0,0,0,2026-09-30
NIFTY,2026-10-19,20600.0,PE,0.0,0.0,0.0,2.2,0.91,0,0.0,0,0,2026-09-30
NIFTY,2026-10-19,21050.0,PE,0.0,0.0,0.0,8.1,5.51,0,0.0,0,0,2026-09-30
NIFTY,2026-10-19,22100.0,PE,70.0,92.0,52.0,83.45,83.45,552,795439739.25,14885,8775,2026-09-30
NIFTY,2026-10-19,22300.0,PE,108.8,135.75,76.15,124.3,124.3,990,1441683402.25,33670,10010,2026-09-30
NIFTY,2026-10-19,22350.0,PE,125.95,149.25,86.0,137.55,137.55,436,636540554.0,12805,7475,2026-09-30
NIFTY,2026-10-19,23050.0,PE,392.35,474.8,349.3,473.4,539.0,19,28951799.5,3835,-195,2026-09-30
NIFTY,2026-10-19,24950.0,PE,0.0,0.0,0.0,1732.7,2253.95,0,0.0,0,0,2026-09-30
NIFTY,2026-10-27,20750.0,PE,16.1,20.7,13.6,19.3,19.3,374,504857691.0,8190,5655,2026-09-30
NIFTY,2026-10-27,21100.0,PE,25.5,29.8,18.55,27.8,27.8,1473,2022629930.75,41340,11245,2026-09-30
NIFTY,2026-10-27,21400.0,PE,40.0,44.5,26.85,40.5,40.5,7125,9926589201.75,351195,93210,2026-09-30
NIFTY,2026-10-27,22100.0,PE,99.95,126.65,76.05,115.85,115.85,11503,16596674773.25,325455,18005,2026-09-30
NIFTY,2026-10-27,22500.0,PE,199.55,237.2,147.7,220.2,220.2,73219,107979058892.25,3367585,14235,2026-09-30
NIFTY,2026-10-27,26200.0,PE,3330.0,3341.0,3179.25,3341.0,3465.2,10,19182767.5,18525,520,2026-09-30
NIFTY,2026-10-27,26350.0,PE,0.0,0.0,0.0,2163.0,3614.49,0,0.0,0,0,2026-09-30
NIFTY,2026-10-27,26700.0,PE,0.0,0.0,0.0,3900.0,3962.9,0,0.0,260,0,2026-09-30
NIFTY,2026-11-03,23550.0,PE,0.0,0.0,0.0,528.4,947.35,0,0.0,0,0,2026-09-30
NIFTY,2026-11-03,23700.0,PE,0.0,0.0,0.0,610.85,1064.86,0,0.0,0,0,2026-09-30
NIFTY,2026-11-23,20600.0,PE,0.0,0.0,0.0,7.6,24.82,0,0.0,0,0,2026-09-30
NIFTY,2026-11-23,21700.0,PE,109.55,124.5,87.15,121.2,121.2,1060,1502325165.25,66755,1625,2026-09-30
NIFTY,2026-10-13,23900.0,CE,9.5,9.8,6.6,6.8,6.8,11248,17479406298.25,144820,22750,2026-09-30
NIFTY,2026-11-23,23600.0,PE,837.5,905.9,750.0,897.15,897.15,147,233449063.25,46345,-3120,2026-09-30
NIFTY,2026-11-23,25000.0,PE,2000.0,2148.6,1935.0,2143.75,2143.75,123,215898852.0,308165,2145,2026-09-30
NIFTY,2026-11-23,25050.0,PE,0.0,0.0,0.0,2152.6,2236.09,0,0.0,65,0,2026-09-30
NIFTY,2026-11-23,25850.0,PE,2901.65,2901.65,2901.65,2901.65,2999.27,1,1868857.25,65,65,2026-09-30
NIFTY,2026-11-23,25900.0,PE,0.0,0.0,0.0,1526.4,3047.87,0,0.0,0,0,2026-09-30
NIFTY,2026-12-29,19500.0,PE,39.95,44.7,34.65,43.9,43.9,758,962712364.25,180635,19565,2026-09-30
NIFTY,2026-12-29,21850.0,PE,0.0,0.0,0.0,261.4,275.86,0,0.0,0,0,2026-09-30
NIFTY,2026-12-29,23550.0,PE,756.7,758.15,751.4,755.0,1036.01,12,18958533.75,780,780,2026-09-30
NIFTY,2026-12-29,23600.0,PE,790.3,790.85,785.1,785.5,1067.64,15,23779180.75,975,975,2026-09-30
NIFTY,2026-12-29,24450.0,PE,1400.15,1400.15,1364.5,1364.5,1675.25,8,13435126.25,455,455,2026-09-30
NIFTY,2026-12-29,25000.0,PE,1900.0,2014.65,1806.0,2003.3,2003.3,1548,2707219476.0,2039235,-18910,2026-09-30
NIFTY,2026-12-29,28500.0,PE,0.0,0.0,0.0,3320.25,5438.66,0,0.0,130,0,2026-09-30
NIFTY,2027-03-30,25500.0,PE,2045.0,2169.55,1978.2,2159.3,2159.3,295,529318637.25,246805,325,2026-09-30
NIFTY,2027-03-30,30000.0,PE,6273.1,6273.1,6273.1,6273.1,6461.9,1,2357751.5,2470,0,2026-09-30
NIFTY,2026-10-27,25850.0,PE,2971.35,3040.7,2971.35,3040.7,3117.0,2,3751283.25,65,0,2026-09-30
NIFTY,2026-10-27,26450.0,PE,0.0,0.0,0.0,3460.0,3714.03,0,0.0,195,0,2026-09-30
NIFTY,2026-10-27,26650.0,PE,0.0,0.0,0.0,2415.2,3913.13,0,0.0,0,0,2026-09-30
NIFTY,2026-10-27,26800.0,PE,0.0,0.0,0.0,3900.0,4062.46,0,0.0,585,0,2026-09-30
NIFTY,2026-10-27,27050.0,PE,0.0,0.0,0.0,2764.35,4311.36,0,0.0,0,0,2026-09-30
NIFTY,2026-10-27,27100.0,PE,0.0,0.0,0.0,3809.35,4361.14,0,0.0,260,0,2026-09-30
NIFTY,2026-11-03,20600.0,PE,0.0,0.0,0.0,2.7,7.66,0,0.0,0,0,2026-09-30
NIFTY,2026-11-03,20750.0,PE,0.0,0.0,0.0,4.05,11.46,0,0.0,0,0,2026-09-30
NIFTY,2026-11-03,21700.0,PE,68.0,81.65,58.65,80.55,80.55,107,151385741.0,4875,1820,2026-09-30
NIFTY,2026-11-03,21900.0,PE,105.2,105.2,105.2,105.2,131.44,1,1430338.0,65,65,2026-09-30
NIFTY,2026-11-03,22150.0,PE,128.7,148.2,128.7,148.2,195.49,6,8694591.75,1625,195,2026-09-30
NIFTY,2026-11-03,22400.0,PE,187.6,218.5,158.75,212.9,212.9,167,245224294.25,4810,2470,2026-09-30
NIFTY,2026-11-03,23050.0,PE,431.05,436.1,385.2,385.2,601.88,16,24418377.75,1170,520,2026-09-30
NIFTY,2026-11-03,23350.0,PE,592.95,592.95,592.95,592.95,799.89,3,4668875.25,325,0,2026-09-30
NIFTY,2026-11-03,24200.0,PE,0.0,0.0,0.0,934.1,1491.51,0,0.0,0,0,2026-09-30
NIFTY,2026-11-03,24300.0,PE,0.0,0.0,0.0,1010.0,1581.92,0,0.0,65,0,2026-09-30
NIFTY,2026-11-03,25150.0,PE,0.0,0.0,0.0,1711.15,2389.39,0,0.0,0,0,2026-09-30
NIFTY,2026-11-23,21500.0,PE,84.95,103.65,70.25,98.7,98.7,11606,16281703574.5,726765,189735,2026-09-30
NIFTY,2026-11-23,22100.0,PE,167.5,194.3,135.7,187.7,187.7,1663,2406789888.75,79625,27560,2026-09-30
NIFTY,2026-11-23,24350.0,PE,0.0,0.0,0.0,1134.85,1609.17,0,0.0,4030,0,2026-09-30
NIFTY,2026-11-23,24850.0,PE,0.0,0.0,0.0,860.35,2051.7,0,0.0,0,0,2026-09-30
NIFTY,2026-11-23,24950.0,PE,0.0,0.0,0.0,915.05,2143.46,0,0.0,0,0,2026-09-30
NIFTY,2026-11-23,25750.0,PE,0.0,0.0,0.0,1419.55,2902.3,0,0.0,0,0,2026-09-30
NIFTY,2026-12-29,17000.0,PE,14.5,17.9,13.5,15.85,15.85,669,739893037.0,241485,16185,2026-09-30
NIFTY,2026-12-29,21700.0,PE,141.3,174.0,131.0,172.2,172.2,382,542451084.5,19565,19565,2026-09-30
NIFTY,2026-12-29,22500.0,PE,300.0,357.1,274.45,347.1,347.1,13130,19464945922.5,1779895,-91455,2026-09-30
NIFTY,2026-12-29,22550.0,PE,315.9,370.1,291.2,365.0,365.0,29,43121591.5,910,910,2026-09-30
NIFTY,2026-12-29,22650.0,PE,346.5,396.7,335.05,394.75,394.75,18,26919376.25,845,845,2026-09-30
NIFTY,2026-12-29,22700.0,PE,362.0,419.55,332.5,415.75,415.75,328,491831921.75,10205,10205,2026-09-30
NIFTY,2026-10-13,24350.0,CE,4.55,5.15,3.2,3.3,3.3,505,799416712.25,6240,-9100,2026-09-30
NIFTY,2026-10-13,23450.0,CE,33.8,34.85,19.75,20.95,20.95,7440,11353005387.75,169910,73840,2026-09-30
NIFTY,2026-10-13,22050.0,CE,0.0,0.0,0.0,1739.4,681.27,0,0.0,0,0,2026-09-30
NIFTY,2026-10-13,21950.0,CE,0.0,0.0,0.0,1832.65,764.82,0,0.0,0,0,2026-09-30
NIFTY,2026-10-13,21750.0,CE,0.0,0.0,0.0,2022.25,941.72,0,0.0,0,0,2026-09-30
NIFTY,2026-12-29,23100.0,PE,532.2,586.05,482.95,580.0,580.0,250,383968279.5,10465,10465,2026-09-30
NIFTY,2026-12-29,24400.0,PE,1355.45,1448.95,1297.65,1444.9,1636.24,1139,1904987542.25,51155,51155,2026-09-30
NIFTY,2026-12-29,27000.0,PE,3710.75,3925.0,3685.6,3914.3,3914.3,584,1168828228.75,1530185,7800,2026-09-30
NIFTY,2026-12-29,29000.0,PE,5750.0,5867.15,5670.3,5865.7,5865.7,27,60989906.25,316955,-1430,2026-09-30
NIFTY,2027-03-30,15000.0,PE,25.0,27.8,21.0,22.95,22.95,62,60545858.75,8385,2080,2026-09-30
NIFTY,2027-06-29,28500.0,PE,0.0,0.0,0.0,1807.05,4703.91,0,0.0,0,0,2026-09-30
NIFTY,2027-06-29,30000.0,PE,6000.0,6000.0,6000.0,6000.0,6054.34,1,2340000.0,455,0,2026-09-30
NIFTY,2027-09-28,30000.0,PE,0.0,0.0,0.0,5717.3,5694.83,0,0.0,0,0,2026-09-30
NIFTY,2027-12-28,23000.0,PE,762.0,830.0,719.65,813.9,813.9,1015,1568488785.5,185345,37505,2026-09-30
NIFTY,2028-06-27,16500.0,PE,0.0,0.0,0.0,3.8,29.55,0,0.0,0,0,2026-09-30
NIFTY,2028-12-26,20000.0,PE,330.0,335.0,320.0,320.0,310.95,4,5285735.0,5545,130,2026-09-30
NIFTY,2030-06-25,31500.0,PE,0.0,0.0,0.0,2056.3,4137.4,0,0.0,0,0,2026-09-30
NIFTY,2031-06-24,21000.0,PE,0.0,0.0,0.0,450.5,452.91,0,0.0,0,0,2026-09-30
NIFTY,2026-10-13,21450.0,CE,0.0,0.0,0.0,2312.1,1224.06,0,0.0,0,0,2026-09-30
NIFTY,2026-10-13,20850.0,CE,0.0,0.0,0.0,2902.5,1814.87,0,0.0,0,0,2026-09-30
NIFTY,2026-10-06,25250.0,CE,0.8,0.85,0.6,0.65,0.65,1112,1825121034.75,14430,10075,2026-09-30
NIFTY,2026-10-06,25050.0,CE,0.8,0.9,0.65,0.7,0.7,943,1535483267.5,25480,10335,2026-09-30
NIFTY,2026-10-06,24900.0,CE,0.85,0.95,0.65,0.7,0.7,24774,40097871859.5,311480,191815,2026-09-30
NIFTY,2026-10-06,23750.0,CE,3.6,3.6,2.3,2.65,2.65,186085,287302640524.25,1037335,612170,2026-09-30
NIFTY,2026-10-06,23600.0,CE,4.0,5.3,3.25,3.7,3.7,505365,775357432677.75,6222970,4285970,2026-09-30
NIFTY,2026-10-06,22900.0,CE,89.9,118.45,43.8,47.5,47.5,2087607,3118207956701.5,8757515,6179355,2026-09-30
NIFTY,2026-10-06,22500.0,CE,334.0,395.0,215.05,226.75,226.75,302227,447667390940.25,2293265,1596660,2026-09-30
NIFTY,2026-10-06,22400.0,CE,397.55,483.7,288.0,301.05,301.05,49002,72541040650.0,260000,137995,2026-09-30
NIFTY,2026-10-06,22350.0,CE,484.6,528.55,328.75,340.4,340.4,7141,10561067071.75,63245,35880,2026-09-30
NIFTY,2026-10-06,22300.0,CE,481.25,573.8,368.0,382.5,382.5,14879,22010105422.5,175500,71695,2026-09-30
NIFTY,2026-10-06,22100.0,CE,668.55,759.35,551.65,567.05,567.05,781,1155378445.0,54210,10985,2026-09-30
NIFTY,2026-12-29,22300.0,CE,1029.15,1074.05,976.9,976.9,976.9,24,36408567.0,1170,1170,2026-09-30
NIFTY,2026-11-03,22950.0,PE,384.85,428.2,344.0,428.2,542.53,34,51577691.75,4680,1560,2026-09-30
NIFTY,2026-11-03,23150.0,PE,0.0,0.0,0.0,538.0,664.64,0,0.0,195,0,2026-09-30
NIFTY,2026-11-03,23200.0,PE,485.35,593.3,471.0,593.3,697.26,21,32396354.25,4680,-260,2026-09-30
NIFTY,2026-11-03,25100.0,PE,0.0,0.0,0.0,1666.4,2340.65,0,0.0,0,0,2026-09-30
NIFTY,2026-11-23,21850.0,PE,127.85,147.9,101.75,141.6,141.6,79,112821023.25,4030,780,2026-09-30
NIFTY,2026-11-23,21900.0,PE,123.35,155.4,109.0,149.15,149.15,2663,3812473697.5,76505,47450,2026-09-30
NIFTY,2026-11-23,22350.0,PE,220.15,251.0,184.4,247.4,247.4,50,73344394.5,6370,585,2026-09-30
NIFTY,2026-11-23,23000.0,PE,449.95,523.95,390.45,507.9,507.9,5904,8999619447.0,1001390,-11245,2026-09-30
NIFTY,2026-10-19,23150.0,CE,126.0,141.85,82.3,88.8,88.8,391,591156143.5,11115,3705,2026-09-30
NIFTY,2028-12-26,22500.0,CE,0.0,0.0,0.0,7382.9,3915.03,0,0.0,0,0,2026-09-30
NIFTY,2028-06-27,30000.0,CE,0.0,0.0,0.0,2278.45,597.68,0,0.0,0,0,2026-09-30
NIFTY,2028-06-27,24000.0,CE,0.0,0.0,0.0,3918.85,2460.77,0,0.0,0,0,2026-09-30
NIFTY,2027-12-28,18000.0,CE,0.0,0.0,0.0,6285.7,6044.7,0,0.0,0,0,2026-09-30
NIFTY,2027-03-30,33000.0,CE,7.3,12.8,7.0,10.75,10.75,16,34329421.75,9425,260,2026-09-30
NIFTY,2027-03-30,19500.0,CE,0.0,0.0,0.0,3865.0,3777.39,0,0.0,195,0,2026-09-30
NIFTY,2026-12-29,24450.0,CE,0.0,0.0,0.0,246.8,225.55,0,0.0,0,0,2026-09-30
NIFTY,2026-12-29,23050.0,CE,568.8,582.05,500.55,504.45,504.45,22,33748295.75,1105,1105,2026-09-30
NIFTY,2026-12-29,22600.0,CE,868.25,876.35,750.35,756.65,756.65,29,44080786.75,845,845,2026-09-30
NIFTY,2026-12-29,22450.0,CE,0.0,0.0,0.0,1045.55,992.32,0,0.0,0,0,2026-09-30
NIFTY,2026-12-29,21700.0,CE,1496.85,1500.0,1453.2,1453.2,1494.36,21,31649241.0,1365,1365,2026-09-30
NIFTY,2026-12-29,19000.0,CE,4040.0,4089.85,3893.0,3906.3,3906.3,586,876468515.0,252135,15765,2026-09-30
NIFTY,2026-12-29,16500.0,CE,0.0,0.0,0.0,10405.0,6376.79,0,0.0,0,0,2026-09-30
NIFTY,2026-11-23,25650.0,CE,11.5,11.5,11.5,11.5,15.97,1,1667997.5,195,0,2026-09-30
NIFTY,2026-11-23,25600.0,CE,11.0,12.75,11.0,12.75,17.33,16,26636434.5,1170,325,2026-09-30
NIFTY,2026-11-23,25400.0,CE,15.45,15.45,11.55,13.7,23.88,5,8259387.5,260,-130,2026-09-30
NIFTY,2026-11-23,23950.0,CE,99.15,104.0,80.0,80.75,80.75,148,231296432.25,12740,-2015,2026-09-30
NIFTY,2026-11-23,23750.0,CE,136.1,144.05,111.7,112.5,112.5,205,318217867.5,11180,-3250,2026-09-30
NIFTY,2026-11-23,23550.0,CE,186.75,200.0,153.2,155.55,155.55,170,262180181.25,15080,585,2026-09-30
NIFTY,2026-11-23,22750.0,CE,543.0,583.25,470.15,475.3,475.3,109,164941682.75,3185,2990,2026-09-30
NIFTY,2026-11-23,21850.0,CE,0.0,0.0,0.0,2860.95,1160.78,0,0.0,0,0,2026-09-30
NIFTY,2026-11-23,20750.0,CE,0.0,0.0,0.0,3902.65,2097.52,0,0.0,0,0,2026-09-30
NIFTY,2026-11-03,24800.0,CE,0.0,0.0,0.0,103.45,17.3,0,0.0,0,0,2026-09-30
NIFTY,2026-11-03,24600.0,CE,17.2,18.05,13.6,14.85,14.85,251,401591677.5,26910,8710,2026-09-30
NIFTY,2026-11-03,24150.0,CE,0.0,0.0,0.0,242.15,59.72,0,0.0,0,0,2026-09-30
NIFTY,2026-11-03,24050.0,CE,0.0,0.0,0.0,272.55,70.97,0,0.0,0,0,2026-09-30
NIFTY,2026-11-03,23900.0,CE,0.0,0.0,0.0,323.3,91.13,0,0.0,0,0,2026-09-30
NIFTY,2026-11-03,23150.0,CE,218.95,241.4,171.25,174.0,174.0,42,63776326.25,3185,1365,2026-09-30
NIFTY,2026-11-03,22600.0,CE,500.0,550.0,422.75,428.75,428.75,43,64560034.5,1820,455,2026-09-30
NIFTY,2026-11-03,21700.0,CE,0.0,0.0,0.0,1813.4,1141.12,0,0.0,0,0,2026-09-30
NIFTY,2027-03-30,16500.0,PE,21.5,30.0,21.2,29.6,29.6,23,24710101.0,3120,845,2026-09-30
NIFTY,2027-06-29,19000.0,PE,0.0,0.0,0.0,105.0,61.71,0,0.0,1460,0,2026-09-30
NIFTY,2027-06-29,19500.0,PE,0.0,0.0,0.0,17.3,96.65,0,0.0,0,0,2026-09-30
NIFTY,2026-12-29,23300.0,PE,608.8,629.15,598.6,629.15,885.43,13,20204788.5,715,715,2026-09-30
NIFTY,2026-12-29,21050.0,PE,82.9,87.05,82.9,86.55,114.46,24,32971581.5,1365,1365,2026-09-30
NIFTY,2026-11-03,21550.0,CE,0.0,0.0,0.0,1952.8,1267.52,0,0.0,0,0,2026-09-30
NIFTY,2026-10-27,26650.0,CE,0.0,0.0,0.0,6.95,0.03,0,0.0,390,0,2026-09-30
NIFTY,2026-10-27,26200.0,CE,1.5,1.8,0.8,1.2,1.2,47,80044792.75,20345,65,2026-09-30
NIFTY,2026-10-27,25350.0,CE,5.0,5.0,4.0,4.0,1.83,3,4944095.0,1235,0,2026-09-30
NIFTY,2026-10-27,24250.0,CE,16.55,16.55,13.0,13.25,13.25,1589,2506170709.25,116935,8645,2026-09-30
NIFTY,2026-10-27,23500.0,CE,78.0,85.0,54.5,56.5,56.5,93302,142937459154.75,9010560,468715,2026-09-30
NIFTY,2026-10-27,20500.0,CE,2300.0,2385.0,2190.6,2202.95,2202.95,95,140484925.75,6825,5785,2026-09-30
NIFTY,2026-11-23,26000.0,PE,2970.0,3128.7,2905.35,3106.45,3106.45,715,1349421498.75,133250,29315,2026-09-30
NIFTY,2026-11-23,25350.0,PE,0.0,0.0,0.0,1152.95,2518.35,0,0.0,0,0,2026-09-30
NIFTY,2028-12-26,31500.0,CE,480.0,480.0,480.0,480.0,480.0,1,2078700.0,585,0,2026-09-30
NIFTY,2029-06-26,31500.0,CE,0.0,0.0,0.0,2878.65,1082.14,0,0.0,0,0,2026-09-30
NIFTY,2029-12-24,24000.0,CE,3915.0,3915.0,3915.0,3915.0,3915.0,2,3628950.0,195,130,2026-09-30
NIFTY,2029-12-24,33000.0,CE,0.0,0.0,0.0,3816.05,1174.43,0,0.0,0,0,2026-09-30
NIFTY,2030-12-31,18000.0,CE,0.0,0.0,0.0,12674.15,9041.11,0,0.0,0,0,2026-09-30
NIFTY,2026-10-06,20750.0,PE,2.55,18.4,1.05,1.3,1.3,20483,27628857132.5,67470,56290,2026-09-30
NIFTY,2026-10-06,21050.0,PE,2.95,2.95,1.25,1.75,1.75,5664,7750469785.5,59540,41925,2026-09-30
NIFTY,2026-10-06,21100.0,PE,3.2,3.2,1.25,1.7,1.7,56291,77210066612.25,522145,185315,2026-09-30
NIFTY,2026-10-06,21150.0,PE,3.1,3.15,1.35,1.85,1.85,14174,19487545213.5,92495,60320,2026-09-30
NIFTY,2026-10-06,21300.0,PE,3.95,3.95,1.65,2.2,2.2,119190,165037068833.0,1236300,599495,2026-09-30
NIFTY,2026-10-06,22600.0,PE,75.0,134.35,54.5,114.65,114.65,3038799,4481927629114.0,5789875,1223755,2026-09-30
NIFTY,2026-10-06,22900.0,PE,223.5,323.85,159.0,297.15,297.15,451590,678611128224.25,1394445,176605,2026-09-30
NIFTY,2026-10-06,23650.0,PE,877.3,1025.15,801.25,997.05,997.05,316,505523105.75,75790,11895,2026-09-30
NIFTY,2026-11-23,25100.0,PE,0.0,0.0,0.0,2203.1,2282.7,0,0.0,325,0,2026-09-30
NIFTY,2026-11-23,24400.0,PE,1423.35,1429.05,1423.35,1429.0,1651.99,16,26859225.25,11310,0,2026-09-30
NIFTY,2026-11-23,24150.0,PE,0.0,0.0,0.0,1325.0,1441.72,0,0.0,1365,0,2026-09-30
NIFTY,2026-10-19,24600.0,CE,5.75,6.95,4.5,4.75,4.75,195,311872827.5,14755,1690,2026-09-30
NIFTY,2026-10-19,24200.0,CE,8.4,10.85,7.35,8.45,8.45,81,127458389.5,2795,2795,2026-09-30
NIFTY,2026-10-19,24050.0,CE,0.0,0.0,0.0,162.9,19.27,0,0.0,0,0,2026-09-30
NIFTY,2026-10-19,23900.0,CE,19.65,19.65,13.25,13.8,13.8,838,1302697067.75,27885,19695,2026-09-30
NIFTY,2026-11-23,23350.0,PE,653.8,725.05,578.75,720.0,849.15,35,54586922.0,8320,260,2026-09-30
NIFTY,2026-10-19,22450.0,CE,525.0,530.45,525.0,528.75,458.56,3,4480723.0,325,65,2026-09-30
NIFTY,2026-10-19,21650.0,CE,0.0,0.0,0.0,1621.35,1073.85,0,0.0,0,0,2026-09-30
NIFTY,2026-10-19,21200.0,CE,0.0,0.0,0.0,2046.4,1495.0,0,0.0,0,0,2026-09-30
NIFTY,2026-10-13,25400.0,CE,1.9,1.9,1.15,1.3,1.3,1774,2929024995.0,143975,42055,2026-09-30
NIFTY,2026-10-13,25350.0,CE,1.5,2.4,1.15,1.4,1.4,199,327921080.5,7800,6500,2026-09-30
NIFTY,2026-10-13,25200.0,CE,2.2,2.2,1.1,1.4,1.4,238,389865138.0,6760,2015,2026-09-30
NIFTY,2026-10-13,24650.0,CE,3.1,3.15,1.95,2.05,2.05,827,1325179375.0,37895,33150,2026-09-30
NIFTY,2026-10-13,24300.0,CE,4.65,4.65,3.35,3.55,3.55,4748,7500638213.25,143000,53820,2026-09-30
NIFTY,2026-10-13,22850.0,CE,200.0,227.45,129.75,134.95,134.95,12283,18387250709.75,122785,58240,2026-09-30
NIFTY,2026-10-13,22550.0,CE,410.0,428.7,276.7,284.9,284.9,949,1411292340.25,23270,14170,2026-09-30
NIFTY,2026-10-13,21350.0,CE,0.0,0.0,0.0,2409.75,1321.01,0,0.0,0,0,2026-09-30
NIFTY,2026-10-13,21250.0,CE,0.0,0.0,0.0,2507.8,1418.84,0,0.0,0,0,2026-09-30
NIFTY,2026-10-06,24050.0,CE,1.9,1.9,1.4,1.55,1.55,36736,57431449887.5,545610,99515,2026-09-30
NIFTY,2026-10-06,23050.0,CE,53.7,61.0,22.3,24.1,24.1,795851,1194421461376.0,2678650,1203280,2026-09-30
NIFTY,2026-10-06,22600.0,CE,261.0,311.7,155.05,164.5,164.5,947018,1404551478307.25,3123900,1176110,2026-09-30
NIFTY,2026-10-06,24250.0,PE,1435.2,1607.5,1435.2,1587.5,1587.5,20,33568879.5,4810,520,2026-09-30
NIFTY,2026-10-13,20750.0,PE,5.4,6.0,3.85,5.2,5.2,610,822912681.5,10530,9945,2026-09-30
NIFTY,2026-10-13,20900.0,PE,5.3,6.6,4.05,5.9,5.9,2779,3776222976.5,24505,12350,2026-09-30
NIFTY,2026-10-13,21000.0,PE,7.55,8.2,4.6,6.75,6.75,24616,33610351927.75,508625,325455,2026-09-30
NIFTY,2026-10-13,21300.0,PE,5.0,12.15,5.0,10.25,10.25,4244,5878377797.5,57590,17810,2026-09-30
NIFTY,2026-10-13,21600.0,PE,17.45,20.2,11.05,17.2,17.2,20576,28908357478.0,231530,156650,2026-09-30
NIFTY,2026-10-13,21700.0,PE,21.15,25.3,13.3,21.65,21.65,12274,17327109959.25,185900,124085,2026-09-30
NIFTY,2026-10-13,23000.0,PE,340.95,430.0,263.0,412.45,412.45,27255,41326671025.25,591240,130780,2026-09-30
NIFTY,2026-10-13,23250.0,PE,535.6,619.8,431.45,609.9,609.9,144,222472575.0,10465,-1950,2026-09-30
NIFTY,2026-10-13,23700.0,PE,923.1,1032.3,835.85,1027.15,1027.15,32,51211390.75,14105,130,2026-09-30
NIFTY,2026-10-13,23900.0,PE,1100.0,1105.0,1050.0,1105.0,1240.01,3,4872075.0,4030,65,2026-09-30
NIFTY,2026-10-19,21250.0,PE,0.0,0.0,0.0,13.6,11.02,0,0.0,0,0,2026-09-30
NIFTY,2026-10-19,21300.0,PE,18.0,22.15,13.05,20.05,20.05,559,774537517.0,21060,17160,2026-09-30
NIFTY,2026-10-19,21450.0,PE,0.0,0.0,0.0,22.0,20.73,0,0.0,0,0,2026-09-30
NIFTY,2026-10-19,22550.0,PE,179.75,210.0,129.45,200.3,200.3,522,770774361.5,9750,6760,2026-09-30
NIFTY,2026-10-19,22900.0,PE,327.75,382.0,245.75,371.5,371.5,429,647345673.0,21580,2340,2026-09-30
NIFTY,2026-10-19,23000.0,PE,377.0,449.2,291.55,434.45,434.45,688,1044559971.0,51610,9165,2026-09-30
NIFTY,2026-10-06,21850.0,CE,0.0,0.0,0.0,2340.55,799.02,0,0.0,0,0,2026-09-30
NIFTY,2026-10-06,21800.0,CE,939.8,1040.0,840.0,857.35,857.35,284,419853473.0,16445,9685,2026-09-30
NIFTY,2026-10-06,21400.0,CE,0.0,0.0,0.0,1463.8,1241.64,0,0.0,910,0,2026-09-30
NIFTY,2026-10-06,21050.0,CE,0.0,0.0,0.0,3128.25,1590.94,0,0.0,0,0,2026-09-30
NIFTY,2026-10-06,20750.0,CE,0.0,0.0,0.0,3425.95,1890.63,0,0.0,0,0,2026-09-30
NIFTY,2031-06-24,30000.0,PE,0.0,0.0,0.0,2616.25,2870.01,0,0.0,0,0,2026-09-30
NIFTY,2026-10-19,23800.0,PE,0.0,0.0,0.0,890.0,1143.04,0,0.0,65,0,2026-09-30
NIFTY,2026-10-19,24000.0,PE,1145.65,1220.0,1126.0,1126.0,1327.73,13,21276437.0,1755,520,2026-09-30
NIFTY,2026-10-19,24050.0,PE,0.0,0.0,0.0,962.95,1374.82,0,0.0,0,0,2026-09-30
NIFTY,2027-03-30,31500.0,PE,0.0,0.0,0.0,7066.15,7906.39,0,0.0,0,0,2026-09-30
NIFTY,2027-06-29,15000.0,PE,0.0,0.0,0.0,1173.2,0.26,0,0.0,0,0,2026-09-30
NIFTY,2027-06-29,24000.0,PE,975.0,1111.0,957.0,1081.55,1081.55,109,177218538.25,23075,2730,2026-09-30
NIFTY,2027-06-29,31500.0,PE,0.0,0.0,0.0,3604.7,7448.61,0,0.0,0,0,2026-09-30
NIFTY,2027-12-28,15000.0,PE,0.0,0.0,0.0,21.7,2.64,0,0.0,755,0,2026-09-30
NIFTY,2027-12-28,22000.0,PE,516.2,568.95,489.9,553.45,553.45,375,549034619.25,111545,7065,2026-09-30
NIFTY,2028-06-27,21000.0,PE,0.0,0.0,0.0,371.1,446.26,0,0.0,260,0,2026-09-30
NIFTY,2028-12-26,18000.0,PE,0.0,0.0,0.0,250.0,113.36,0,0.0,75,0,2026-09-30
NIFTY,2028-12-26,25000.0,PE,1300.0,1400.0,1300.0,1400.0,1657.99,9,15420262.0,13735,130,2026-09-30
NIFTY,2028-12-26,33000.0,PE,0.0,0.0,0.0,3315.4,6512.95,0,0.0,0,0,2026-09-30
NIFTY,2029-06-26,21000.0,PE,0.0,0.0,0.0,320.25,482.46,0,0.0,0,0,2026-09-30
NIFTY,2029-06-26,31500.0,PE,0.0,0.0,0.0,2443.35,4931.76,0,0.0,0,0,2026-09-30
NIFTY,2030-06-25,16500.0,PE,0.0,0.0,0.0,12.0,74.22,0,0.0,0,0,2026-09-30
NIFTY,2030-06-25,19500.0,PE,0.0,0.0,0.0,64.95,283.15,0,0.0,0,0,2026-09-30
NIFTY,2030-06-25,33000.0,PE,0.0,0.0,0.0,3143.9,4970.06,0,0.0,0,0,2026-09-30
NIFTY,2026-10-13,23700.0,CE,14.75,15.15,9.35,10.45,10.45,26033,40124264781.25,473070,163800,2026-09-30
NIFTY,2027-09-28,18000.0,PE,0.0,0.0,0.0,40.2,39.6,0,0.0,0,0,2026-09-30
NIFTY,2027-12-28,19500.0,PE,0.0,0.0,0.0,29.25,167.77,0,0.0,0,0,2026-09-30
NIFTY,2027-12-28,22500.0,PE,650.0,665.0,650.0,665.0,785.18,2,3010475.0,65,65,2026-09-30
NIFTY,2027-12-28,30000.0,PE,5034.95,5034.95,4907.0,4907.0,5376.6,2,4546226.75,6435,0,2026-09-30
NIFTY,2028-06-27,18000.0,PE,0.0,0.0,0.0,396.75,88.69,0,0.0,0,0,2026-09-30
NIFTY,2028-06-27,22000.0,PE,0.0,0.0,0.0,550.0,673.01,0,0.0,2145,0,2026-09-30
NIFTY,2028-06-27,25500.0,PE,0.0,0.0,0.0,1034.0,2000.57,0,0.0,0,0,2026-09-30
NIFTY,2028-12-26,21000.0,PE,400.0,410.45,400.0,410.4,472.05,3,4174355.25,11115,65,2026-09-30
NIFTY,2027-03-30,33000.0,PE,0.0,0.0,0.0,8415.45,9357.41,0,0.0,0,0,2026-09-30
NIFTY,2028-12-26,22500.0,PE,0.0,0.0,0.0,218.8,810.01,0,0.0,0,0,2026-09-30
NIFTY,2028-12-26,30000.0,PE,0.0,0.0,0.0,3500.0,4385.42,0,0.0,325,0,2026-09-30
NIFTY,2029-06-26,22500.0,PE,0.0,0.0,0.0,224.45,795.84,0,0.0,0,0,2026-09-30
NIFTY,2029-06-26,26000.0,PE,0.0,0.0,0.0,1650.0,1956.05,0,0.0,50,0,2026-09-30
NIFTY,2029-12-24,19500.0,PE,0.0,0.0,0.0,61.2,278.02,0,0.0,0,0,2026-09-30
NIFTY,2030-12-31,27000.0,PE,0.0,0.0,0.0,779.5,1914.03,0,0.0,0,0,2026-09-30
NIFTY,2030-12-31,33000.0,PE,0.0,0.0,0.0,2387.3,4553.53,0,0.0,0,0,2026-09-30
NIFTY,2026-10-06,21700.0,CE,1054.0,1061.6,948.0,953.9,953.9,24,35385437.75,1300,910,2026-09-30
NIFTY,2026-10-06,22050.0,CE,754.75,802.35,601.35,609.3,609.3,232,343256358.25,5460,5265,2026-09-30
NIFTY,2026-10-06,23200.0,CE,24.3,28.7,11.15,12.35,12.35,1068216,1612160075532.5,7324070,2276885,2026-09-30
NIFTY,2026-10-06,23850.0,CE,2.5,2.7,1.9,2.15,2.15,81866,126924549755.25,659685,-258115,2026-09-30
NIFTY,2026-10-06,25700.0,CE,0.7,0.7,0.45,0.5,0.5,6867,11471559963.5,181610,146770,2026-09-30
NIFTY,2026-10-13,20700.0,CE,0.0,0.0,0.0,3051.15,1964.27,0,0.0,0,0,2026-09-30
NIFTY,2026-10-13,20900.0,CE,0.0,0.0,0.0,2853.0,1765.13,0,0.0,0,0,2026-09-30
NIFTY,2026-10-13,21900.0,CE,0.0,0.0,0.0,1879.7,807.92,0,0.0,0,0,2026-09-30
NIFTY,2026-10-13,22150.0,CE,0.0,0.0,0.0,1647.3,601.7,0,0.0,0,0,2026-09-30
NIFTY,2026-10-13,22450.0,CE,430.0,505.0,344.6,349.25,349.25,292,433538839.5,5980,5655,2026-09-30
NIFTY,2026-10-13,23050.0,CE,124.8,130.85,70.8,73.85,73.85,11062,16645519553.0,245375,74620,2026-09-30
NIFTY,2026-10-13,23500.0,CE,29.45,30.0,17.0,17.85,17.85,48092,73528989062.75,1222000,303485,2026-09-30
NIFTY,2026-10-19,21150.0,CE,0.0,0.0,0.0,2094.65,1543.38,0,0.0,0,0,2026-09-30
NIFTY,2026-10-19,21700.0,CE,0.0,0.0,0.0,1575.5,1029.31,0,0.0,0,0,2026-09-30
NIFTY,2026-10-19,23100.0,CE,146.8,161.0,96.85,101.05,101.05,935,1411554511.25,26325,6240,2026-09-30
NIFTY,2026-10-19,24350.0,CE,7.05,8.85,6.05,8.85,8.85,14,22164944.75,2665,65,2026-09-30
NIFTY,2026-10-19,24950.0,CE,3.3,3.5,3.15,3.15,1.17,76,123269432.0,650,-455,2026-09-30
NIFTY,2026-10-27,20850.0,CE,0.0,0.0,0.0,3471.7,1869.73,0,0.0,0,0,2026-09-30
NIFTY,2026-10-27,21500.0,CE,1350.1,1443.8,1231.1,1247.2,1247.2,1444,2143257762.75,393055,-7280,2026-09-30
NIFTY,2026-10-27,22000.0,CE,900.05,988.35,794.2,805.25,805.25,5956,8861612246.5,1074710,104780,2026-09-30
NIFTY,2026-10-27,22250.0,CE,697.7,769.65,600.0,603.3,603.3,92,137196549.75,17745,-2600,2026-09-30
NIFTY,2026-10-27,22450.0,CE,548.4,603.9,461.1,467.45,467.45,99,147868197.75,7930,780,2026-09-30
NIFTY,2026-10-27,22750.0,CE,384.2,404.2,282.6,289.55,289.55,6773,10171506400.25,121030,53365,2026-09-30
NIFTY,2026-10-27,23150.0,CE,170.05,193.05,124.4,128.15,128.15,2497,3782523774.25,95030,22230,2026-09-30
NIFTY,2026-10-27,24550.0,CE,10.45,10.45,8.85,9.1,9.1,1485,2370599643.75,92040,-18525,2026-09-30
NIFTY,2026-10-27,25200.0,CE,5.05,5.1,4.05,4.55,4.55,2098,3437113728.75,163670,45435,2026-09-30
NIFTY,2026-10-27,26250.0,CE,0.0,0.0,0.0,2.45,0.11,0,0.0,2015,0,2026-09-30
NIFTY,2026-10-27,26350.0,CE,0.0,0.0,0.0,8.0,0.08,0,0.0,520,0,2026-09-30
NIFTY,2026-11-03,21400.0,CE,0.0,0.0,0.0,2094.4,1398.58,0,0.0,0,0,2026-09-30
NIFTY,2026-11-03,21650.0,CE,0.0,0.0,0.0,1859.6,1182.7,0,0.0,0,0,2026-09-30
NIFTY,2026-11-03,21750.0,CE,0.0,0.0,0.0,1767.5,1100.15,0,0.0,0,0,2026-09-30
NIFTY,2026-11-03,22550.0,CE,471.6,471.6,471.6,471.6,544.13,1,1496404.0,65,65,2026-09-30
NIFTY,2026-11-03,22850.0,CE,359.2,373.8,292.4,294.4,294.4,20,30157263.5,1755,780,2026-09-30
NIFTY,2026-11-03,22900.0,CE,327.55,364.9,271.0,272.2,272.2,128,193158569.5,4485,1105,2026-09-30
NIFTY,2026-11-03,24900.0,CE,11.0,11.0,9.2,9.65,14.05,23,37239926.75,1430,1105,2026-09-30
NIFTY,2026-11-03,25050.0,CE,0.0,0.0,0.0,11.35,10.18,0,0.0,1885,0,2026-09-30
NIFTY,2026-11-23,22650.0,CE,605.75,645.0,526.15,533.95,533.95,41,61893715.0,2015,520,2026-09-30
NIFTY,2026-11-23,23000.0,CE,408.0,440.1,340.85,348.75,348.75,8262,12560574006.5,765115,70135,2026-09-30
NIFTY,2026-11-23,23850.0,CE,115.6,120.4,94.3,95.05,95.05,210,327026547.25,11180,455,2026-09-30
NIFTY,2026-11-23,24950.0,CE,0.0,0.0,0.0,670.25,47.21,0,0.0,0,0,2026-09-30
NIFTY,2026-11-23,25950.0,CE,11.2,11.2,10.15,10.7,9.63,23,38811032.0,1495,0,2026-09-30
NIFTY,2026-11-23,26000.0,CE,11.3,11.3,9.5,9.8,9.8,2105,3558856479.75,423410,9490,2026-09-30
NIFTY,2026-12-29,18000.0,CE,4950.0,5035.65,4844.1,4844.1,4844.1,150,223839027.75,12805,4680,2026-09-30
NIFTY,2026-12-29,21150.0,CE,0.0,0.0,0.0,1997.6,1928.12,0,0.0,0,0,2026-09-30
NIFTY,2026-12-29,22350.0,CE,1008.2,1034.1,993.65,993.65,1052.54,11,16700427.25,715,715,2026-09-30
NIFTY,2026-12-29,22400.0,CE,992.3,992.3,892.4,892.4,892.4,14,21261139.25,650,650,2026-09-30
NIFTY,2026-12-29,23350.0,CE,420.7,431.55,369.3,369.3,369.3,19,29330528.5,910,910,2026-09-30
NIFTY,2026-12-29,34500.0,CE,2.5,2.5,1.35,1.35,1.35,2,4485250.25,1235,0,2026-09-30
NIFTY,2027-03-30,22500.0,CE,1337.9,1410.2,1273.0,1283.2,1283.2,2348,3639485781.75,274105,4355,2026-09-30
NIFTY,2028-12-26,16500.0,CE,0.0,0.0,0.0,12176.65,8352.98,0,0.0,0,0,2026-09-30
NIFTY,2029-06-26,27000.0,CE,0.0,0.0,0.0,6570.4,2331.79,0,0.0,0,0,2026-09-30
NIFTY,2029-12-24,25500.0,CE,0.0,0.0,0.0,6500.6,3498.0,0,0.0,0,0,2026-09-30
NIFTY,2029-12-24,30000.0,CE,1599.8,1599.8,1599.8,1599.8,1860.01,1,2053987.0,11005,0,2026-09-30
NIFTY,2030-12-31,21000.0,CE,0.0,0.0,0.0,10552.5,7058.23,0,0.0,0,0,2026-09-30
NIFTY,2031-06-24,27000.0,CE,0.0,0.0,0.0,5699.0,4417.25,0,0.0,0,0,2026-09-30
NIFTY,2026-10-06,21550.0,PE,4.55,5.4,2.3,3.4,3.4,65651,91976103241.75,283335,81380,2026-09-30
NIFTY,2026-10-06,21650.0,PE,6.0,6.45,3.2,4.15,4.15,86518,121775595028.75,544375,367445,2026-09-30
NIFTY,2026-10-06,21750.0,PE,7.5,7.8,3.95,5.3,5.3,150750,213172183900.0,618410,388505,2026-09-30
NIFTY,2026-10-06,22500.0,PE,65.0,94.0,37.6,77.5,77.5,2063409,3026066743999.0,6628375,2567955,2026-09-30
NIFTY,2026-10-06,22650.0,PE,112.5,159.0,65.6,137.5,137.5,2445565,3617512037977.5,1935310,736515,2026-09-30
NIFTY,2026-10-06,22800.0,PE,172.6,249.8,113.0,224.7,224.7,2201571,3285621711758.75,3424525,95030,2026-09-30
NIFTY,2026-10-06,23050.0,PE,310.0,452.25,252.2,425.0,425.0,25239,38353408973.75,509990,24765,2026-09-30
NIFTY,2026-10-06,23900.0,PE,1159.95,1250.0,1048.15,1245.15,1245.15,321,522231463.0,119860,-2210,2026-09-30
NIFTY,2026-10-06,24400.0,PE,1595.9,1750.0,1570.0,1745.0,1745.0,21,35578481.25,67015,0,2026-09-30
NIFTY,2026-10-06,24700.0,PE,0.0,0.0,0.0,1920.0,2055.53,0,0.0,2665,0,2026-09-30
NIFTY,2026-10-06,25000.0,PE,2237.0,2345.0,2151.0,2339.4,2339.4,349,618092146.75,114855,16575,2026-09-30
NIFTY,2026-10-06,25050.0,PE,0.0,0.0,0.0,1932.0,2405.18,0,0.0,65,0,2026-09-30
NIFTY,2026-10-06,25750.0,PE,0.0,0.0,0.0,2830.0,3104.5,0,0.0,130,0,2026-09-30
NIFTY,2026-10-13,20500.0,PE,4.8,5.05,3.1,4.8,4.8,41610,55456814455.25,1478620,1427205,2026-09-30
NIFTY,2026-10-13,22300.0,PE,76.05,101.2,49.95,89.3,89.3,24542,35690241730.0,365820,209690,2026-09-30
NIFTY,2026-10-13,22400.0,PE,90.25,127.65,63.65,113.95,113.95,28377,41485979983.5,473005,184210,2026-09-30
NIFTY,2026-10-13,22600.0,PE,153.6,199.7,104.0,182.2,182.2,30555,45189246004.5,471055,139165,2026-09-30
NIFTY,2026-10-13,22700.0,PE,167.15,245.4,132.4,226.65,226.65,66812,99389649404.5,1562340,128765,2026-09-30
NIFTY,2026-10-13,22850.0,PE,253.95,325.1,189.55,309.65,309.65,9120,13695674716.75,271700,75270,2026-09-30
NIFTY,2026-10-13,23500.0,PE,747.95,859.8,645.3,841.45,841.45,692,1090525972.25,145600,520,2026-09-30
NIFTY,2026-10-13,24150.0,PE,0.0,0.0,0.0,1248.0,1483.03,0,0.0,520,0,2026-09-30
NIFTY,2026-10-13,24700.0,PE,0.0,0.0,0.0,1075.5,2027.95,0,0.0,0,0,2026-09-30
NIFTY,2026-10-13,24850.0,PE,0.0,0.0,0.0,1184.15,2177.42,0,0.0,195,0,2026-09-30
NIFTY,2026-10-19,20650.0,PE,0.0,0.0,0.0,2.6,1.13,0,0.0,0,0,2026-09-30
NIFTY,2026-10-19,20950.0,PE,11.15,12.8,7.5,12.0,3.81,19,25886601.0,195,130,2026-09-30
NIFTY,2026-10-19,21400.0,PE,20.9,25.0,14.7,24.1,24.1,531,739305706.75,20345,16900,2026-09-30
NIFTY,2026-10-19,22000.0,PE,57.6,77.0,42.0,68.85,68.85,2942,4217990549.5,113230,17875,2026-09-30
NIFTY,2026-10-19,22250.0,PE,92.4,120.1,68.35,108.9,108.9,487,707263752.0,16055,7085,2026-09-30
NIFTY,2026-10-19,22400.0,PE,115.0,161.9,92.75,151.55,151.55,743,1087962265.0,27105,13260,2026-09-30
NIFTY,2026-10-19,22750.0,PE,221.3,295.65,187.9,289.85,289.85,572,854663592.25,13260,4745,2026-09-30
NIFTY,2026-10-19,23200.0,PE,514.95,589.35,430.2,589.35,589.35,114,175585634.25,16965,-715,2026-09-30
NIFTY,2026-10-19,23650.0,PE,944.35,963.35,944.35,958.1,1009.35,9,14394682.25,1040,0,2026-09-30
NIFTY,2026-10-27,20650.0,PE,16.45,19.15,11.7,16.1,16.1,215,288795585.0,7865,1885,2026-09-30
NIFTY,2026-10-27,20800.0,PE,19.0,21.6,13.25,20.3,20.3,4335,5865882178.0,220350,37505,2026-09-30
NIFTY,2026-10-27,20900.0,PE,18.75,24.0,14.95,22.5,22.5,2348,3192725731.0,57070,11310,2026-09-30
NIFTY,2026-10-27,21000.0,PE,24.0,26.9,16.75,25.25,25.25,30142,41186309944.0,1168960,35425,2026-09-30
NIFTY,2026-10-27,22050.0,PE,98.35,115.0,70.25,107.55,107.55,1252,1801636378.75,76375,13000,2026-09-30
NIFTY,2026-10-27,22200.0,PE,114.95,147.0,89.45,135.5,135.5,22053,31985717296.0,837850,315770,2026-09-30
NIFTY,2026-10-27,23100.0,PE,451.85,542.75,377.3,521.15,521.15,5719,8753396444.0,1734850,-8580,2026-09-30
NIFTY,2026-10-27,23450.0,PE,715.15,790.75,604.9,788.5,788.5,218,342590530.75,50895,-2340,2026-09-30
NIFTY,2026-10-27,24300.0,PE,1450.0,1600.0,1381.3,1583.05,1583.05,163,273403253.5,232050,-585,2026-09-30
NIFTY,2026-10-27,24800.0,PE,1960.0,2088.75,1868.35,2045.0,2079.18,59,102802326.25,317330,-2080,2026-09-30
NIFTY,2026-10-27,24850.0,PE,0.0,0.0,0.0,2100.0,2128.01,0,0.0,1560,0,2026-09-30
NIFTY,2026-10-27,25000.0,PE,2150.0,2289.65,2052.5,2262.45,2262.45,1860,3283448402.0,2234635,20345,2026-09-30
NIFTY,2026-10-27,25200.0,PE,2310.0,2430.0,2261.35,2430.0,2472.22,11,19664739.25,34450,0,2026-09-30
NIFTY,2026-10-27,25600.0,PE,2735.0,2735.0,2735.0,2735.0,2868.57,1,1841775.0,9555,0,2026-09-30
NIFTY,2026-10-27,26000.0,PE,3077.0,3275.35,3033.3,3262.4,3262.4,1053,1996993914.5,1886885,-22425,2026-09-30
NIFTY,2026-10-27,26600.0,PE,0.0,0.0,0.0,3700.0,3863.35,0,0.0,455,0,2026-09-30
NIFTY,2026-11-03,20550.0,PE,0.0,0.0,0.0,2.35,6.67,0,0.0,0,0,2026-09-30
NIFTY,2026-11-03,22000.0,PE,110.0,128.45,87.0,120.05,120.05,314,451134307.0,14365,3510,2026-09-30
NIFTY,2026-11-03,22600.0,PE,257.95,297.2,199.85,283.25,283.25,243,360778408.25,9360,4615,2026-09-30
NIFTY,2026-11-03,22800.0,PE,326.55,368.0,269.9,367.6,367.6,99,148698563.0,7800,1365,2026-09-30
NIFTY,2026-11-03,23250.0,PE,556.8,567.45,556.8,567.45,730.69,2,3095576.25,455,-65,2026-09-30
NIFTY,2026-11-03,24400.0,PE,0.0,0.0,0.0,1082.55,1673.63,0,0.0,0,0,2026-09-30
NIFTY,2026-11-03,24850.0,PE,0.0,0.0,0.0,1448.0,2098.59,0,0.0,0,0,2026-09-30
NIFTY,2026-11-03,25200.0,PE,0.0,0.0,0.0,1756.2,2438.23,0,0.0,0,0,2026-09-30
NIFTY,2026-11-23,20800.0,PE,44.95,53.45,33.5,52.35,52.35,309,418630871.75,22490,3120,2026-09-30
NIFTY,2026-11-23,22450.0,PE,231.05,286.2,207.0,277.4,277.4,387,571149406.75,21515,16835,2026-09-30
NIFTY,2026-11-23,22950.0,PE,448.75,489.3,377.9,486.8,486.8,162,246133342.0,7475,1105,2026-09-30
NIFTY,2026-11-23,23950.0,PE,0.0,0.0,0.0,1067.5,1281.08,0,0.0,1040,0,2026-09-30
NIFTY,2026-11-23,24100.0,PE,1135.0,1135.0,1135.0,1135.0,1400.88,1,1640275.0,10270,-65,2026-09-30
NIFTY,2026-11-23,24550.0,PE,1567.5,1567.5,1567.5,1567.5,1782.52,10,16976375.0,195,-520,2026-09-30
NIFTY,2026-11-23,25250.0,PE,0.0,0.0,0.0,1090.7,2423.61,0,0.0,0,0,2026-09-30
NIFTY,2026-11-23,26100.0,PE,0.0,0.0,0.0,1675.5,3242.92,0,0.0,0,0,2026-09-30
NIFTY,2026-12-29,12000.0,PE,4.9,6.0,3.3,5.8,5.8,51,39796997.5,21075,1365,2026-09-30
NIFTY,2026-12-29,21750.0,PE,0.0,0.0,0.0,235.75,249.98,0,0.0,0,0,2026-09-30
NIFTY,2026-12-29,22400.0,PE,274.7,324.0,254.45,318.05,318.05,107,157739887.5,3185,3185,2026-09-30
NIFTY,2026-12-29,22450.0,PE,287.9,335.8,265.9,333.05,333.05,54,79841456.5,1885,1885,2026-09-30
NIFTY,2026-12-29,23050.0,PE,495.7,553.7,459.5,545.2,747.9,87,133219635.25,4615,4615,2026-09-30
NIFTY,2026-12-29,23900.0,PE,986.25,1063.75,962.35,1063.75,1267.52,27,43691524.5,1365,1365,2026-09-30
NIFTY,2027-06-29,33000.0,PE,0.0,0.0,0.0,4691.7,8863.93,0,0.0,0,0,2026-09-30
NIFTY,2026-10-27,22800.0,CE,325.0,374.45,257.0,264.65,264.65,58967,88606635507.0,1941875,742885,2026-09-30
NIFTY,2026-10-27,21550.0,CE,0.0,0.0,0.0,2819.8,1215.4,0,0.0,0,0,2026-09-30
NIFTY,2026-10-27,21200.0,CE,0.0,0.0,0.0,1750.0,1534.84,0,0.0,65,0,2026-09-30
NIFTY,2026-10-27,20900.0,CE,0.0,0.0,0.0,1980.0,1821.26,0,0.0,65,0,2026-09-30
NIFTY,2026-10-27,20550.0,CE,0.0,0.0,0.0,3758.6,2163.4,0,0.0,0,0,2026-09-30
NIFTY,2026-10-19,24300.0,CE,0.0,0.0,0.0,112.45,9.54,0,0.0,0,0,2026-09-30
NIFTY,2026-10-19,23550.0,CE,43.3,47.65,30.05,31.2,31.2,215,329630639.0,15145,3965,2026-09-30
NIFTY,2026-10-19,23250.0,CE,109.1,109.15,66.0,69.8,69.8,321,486846623.25,10855,3705,2026-09-30
NIFTY,2026-10-19,22800.0,CE,284.35,313.0,204.0,211.0,211.0,3620,5426204462.25,82160,54730,2026-09-30
NIFTY,2026-10-19,22650.0,CE,350.05,406.65,273.8,284.15,284.15,370,552559956.0,8320,4810,2026-09-30
NIFTY,2026-10-19,22050.0,CE,0.0,0.0,0.0,1266.05,737.02,0,0.0,0,0,2026-09-30
NIFTY,2026-10-19,21850.0,CE,0.0,0.0,0.0,1032.85,899.51,0,0.0,65,0,2026-09-30
NIFTY,2026-10-13,24600.0,CE,3.0,3.3,1.95,2.1,2.1,10447,16706291247.75,325000,253890,2026-09-30
NIFTY,2026-10-13,24500.0,CE,3.6,4.0,2.55,2.75,2.75,19472,31012737184.0,700180,442975,2026-09-30
NIFTY,2031-06-24,28500.0,PE,0.0,0.0,0.0,2104.2,2294.53,0,0.0,0,0,2026-09-30
NIFTY,2031-06-24,25500.0,PE,0.0,0.0,0.0,1262.85,1349.28,0,0.0,0,0,2026-09-30
NIFTY,2031-06-24,24000.0,PE,0.0,0.0,0.0,933.85,982.55,0,0.0,65,0,2026-09-30
NIFTY,2030-12-31,30000.0,PE,0.0,0.0,0.0,1450.1,3097.51,0,0.0,0,0,2026-09-30
NIFTY,2028-12-26,22000.0,PE,625.0,640.0,605.3,640.0,640.0,8,11764502.75,10515,325,2026-09-30
NIFTY,2028-06-27,28500.0,PE,0.0,0.0,0.0,1560.85,3776.02,0,0.0,0,0,2026-09-30
NIFTY,2027-12-28,20000.0,PE,225.1,250.0,215.0,248.95,248.95,241,316943802.5,80955,390,2026-09-30
NIFTY,2027-12-28,19000.0,PE,130.05,154.95,127.5,150.2,150.2,115,143083934.5,36305,390,2026-09-30
NIFTY,2027-12-28,18000.0,PE,110.0,129.2,106.25,120.55,120.55,70,82392739.0,26740,3445,2026-09-30
NIFTY,2027-09-28,24000.0,PE,0.0,0.0,0.0,1386.25,1378.8,0,0.0,0,0,2026-09-30
NIFTY,2026-10-19,24700.0,PE,0.0,0.0,0.0,1505.1,2006.29,0,0.0,0,0,2026-09-30
NIFTY,2026-10-19,25150.0,PE,0.0,0.0,0.0,1919.85,2452.73,0,0.0,0,0,2026-09-30
NIFTY,2026-10-27,21450.0,PE,36.4,46.65,29.45,43.95,43.95,372,519505346.75,19825,-2145,2026-09-30
NIFTY,2026-10-27,21750.0,PE,55.4,71.95,44.45,66.2,66.2,1217,1724888951.5,38480,7540,2026-09-30
NIFTY,2026-10-27,22400.0,PE,149.0,203.85,125.0,188.55,188.55,12709,18636560546.5,491335,50635,2026-09-30
NIFTY,2026-10-27,24100.0,PE,1267.65,1404.4,1186.35,1390.5,1390.5,290,479066666.0,223210,-325,2026-09-30
NIFTY,2026-10-27,24150.0,PE,1327.2,1418.2,1250.0,1418.2,1459.8,41,67965820.0,15990,-520,2026-09-30
NIFTY,2026-10-27,25050.0,PE,0.0,0.0,0.0,2145.0,2324.28,0,0.0,325,0,2026-09-30
NIFTY,2026-10-27,25250.0,PE,0.0,0.0,0.0,2249.0,2521.64,0,0.0,260,0,2026-09-30
NIFTY,2026-10-27,26100.0,PE,0.0,0.0,0.0,3200.0,3365.69,0,0.0,195,0,2026-09-30
NIFTY,2026-10-27,26900.0,PE,0.0,0.0,0.0,3583.15,4162.02,0,0.0,1430,0,2026-09-30
NIFTY,2026-11-03,20800.0,PE,0.0,0.0,0.0,37.0,13.05,0,0.0,650,0,2026-09-30
NIFTY,2026-11-03,21000.0,PE,36.05,37.0,23.05,33.55,33.55,110,150353297.25,3965,2535,2026-09-30
NIFTY,2026-12-29,23350.0,PE,646.3,646.3,623.65,639.3,914.51,15,23388787.5,910,910,2026-09-30
NIFTY,2026-11-23,23300.0,PE,628.0,689.75,551.0,680.35,680.35,198,307520486.0,54860,1625,2026-09-30
NIFTY,2026-11-23,23200.0,PE,579.55,634.0,489.0,623.65,623.65,443,683977391.5,173550,-3575,2026-09-30
NIFTY,2026-11-03,22050.0,PE,118.25,132.0,107.15,132.0,168.48,17,24490248.25,1560,65,2026-09-30
NIFTY,2026-11-03,22350.0,PE,178.65,195.25,150.8,195.25,261.2,48,70272699.25,2535,1560,2026-09-30
NIFTY,2026-10-06,21950.0,CE,850.0,850.0,698.6,707.5,707.5,22,32520400.25,780,585,2026-09-30
NIFTY,2026-10-06,21250.0,CE,0.0,0.0,0.0,2930.15,1391.23,0,0.0,0,0,2026-09-30
NIFTY,2026-10-27,21400.0,CE,1440.0,1440.0,1440.0,1440.0,1349.82,1,1484600.0,1690,-65,2026-09-30
NIFTY,2026-11-03,21450.0,CE,0.0,0.0,0.0,2046.95,1354.42,0,0.0,0,0,2026-09-30
NIFTY,2026-11-23,21250.0,CE,0.0,0.0,0.0,3422.3,1647.45,0,0.0,0,0,2026-09-30
NIFTY,2026-11-23,23500.0,CE,214.95,219.45,165.45,169.0,169.0,10533,16219686704.0,908245,13390,2026-09-30
NIFTY,2026-11-23,23800.0,CE,138.2,138.2,100.0,103.45,103.45,3275,5091273310.5,224900,7865,2026-09-30
NIFTY,2026-12-29,21550.0,CE,0.0,0.0,0.0,1673.2,1607.72,0,0.0,0,0,2026-09-30
NIFTY,2026-12-29,21850.0,CE,1411.6,1411.6,1386.5,1386.5,1385.76,6,9067129.5,390,390,2026-09-30
NIFTY,2026-12-29,23250.0,CE,467.6,470.4,410.65,411.0,411.0,17,26180254.75,975,975,2026-09-30
NIFTY,2026-12-29,31500.0,CE,5.0,5.0,4.65,4.65,0.01,5,10239034.0,33085,325,2026-09-30
NIFTY,2027-03-30,24000.0,CE,549.55,549.6,481.55,485.9,485.9,4336,6909290888.5,740870,59930,2026-09-30
NIFTY,2026-10-06,25600.0,PE,0.0,0.0,0.0,2443.05,2954.65,0,0.0,130,0,2026-09-30
NIFTY,2026-10-13,25350.0,PE,0.0,0.0,0.0,1628.0,2676.17,0,0.0,0,0,2026-09-30
NIFTY,2026-10-19,20850.0,PE,0.0,0.0,0.0,4.65,2.59,0,0.0,0,0,2026-09-30
NIFTY,2026-10-19,21800.0,PE,44.8,53.0,29.15,46.6,46.6,1254,1780143852.5,37310,15340,2026-09-30
NIFTY,2026-10-19,22700.0,PE,197.55,279.2,168.0,262.3,262.3,1948,2901714621.0,67925,22425,2026-09-30
NIFTY,2026-11-23,23250.0,PE,580.5,665.75,524.95,651.85,651.85,275,425805136.25,13585,-11765,2026-09-30
NIFTY,2026-11-23,25450.0,PE,0.0,0.0,0.0,1217.0,2613.64,0,0.0,0,0,2026-09-30
NIFTY,2026-12-29,21950.0,PE,0.0,0.0,0.0,287.05,302.86,0,0.0,0,0,2026-09-30
NIFTY,2026-12-29,23700.0,PE,848.2,918.8,805.5,918.8,1132.37,29,46275635.25,1690,1690,2026-09-30
NIFTY,2026-10-06,25450.0,CE,0.75,0.9,0.55,0.65,0.65,480,794060153.25,10660,3445,2026-09-30
NIFTY,2026-10-13,21800.0,CE,0.0,0.0,0.0,1974.5,896.43,0,0.0,0,0,2026-09-30
NIFTY,2026-10-06,24550.0,CE,1.1,1.6,0.7,0.9,0.9,30620,48863727090.75,286845,155610,2026-09-30
NIFTY,2026-10-13,21550.0,PE,16.6,18.1,10.25,15.5,15.5,2834,3972225968.75,52975,47580,2026-09-30
NIFTY,2026-10-13,22500.0,PE,110.45,159.5,81.2,144.95,144.95,43141,63424279265.75,605930,247455,2026-09-30
NIFTY,2026-10-13,22550.0,PE,132.8,176.85,92.35,162.95,162.95,7138,10523975767.5,63310,15600,2026-09-30
NIFTY,2026-10-13,24250.0,PE,0.0,0.0,0.0,1053.4,1581.42,0,0.0,195,0,2026-09-30
NIFTY,2026-10-19,22500.0,PE,150.0,195.0,114.3,182.55,182.55,2230,3284002085.0,54795,15600,2026-09-30
NIFTY,2026-10-19,22950.0,PE,357.55,394.45,278.25,392.7,473.93,35,52968652.75,6435,975,2026-09-30
NIFTY,2026-10-19,23750.0,PE,0.0,0.0,0.0,746.7,1097.95,0,0.0,0,0,2026-09-30
NIFTY,2026-10-19,24450.0,PE,0.0,0.0,0.0,1286.65,1760.41,0,0.0,0,0,2026-09-30
NIFTY,2026-10-06,21500.0,PE,4.9,4.9,2.55,3.2,3.2,429339,600091567318.75,5457530,1058785,2026-09-30
NIFTY,2026-10-06,21000.0,PE,2.6,2.85,1.3,1.65,1.65,185150,252751706720.5,3398785,340730,2026-09-30
NIFTY,2026-10-06,20850.0,PE,1.8,2.7,1.05,1.4,1.4,18324,24835512858.0,85410,46540,2026-09-30
NIFTY,2030-12-31,33000.0,CE,0.0,0.0,0.0,3948.25,1986.98,0,0.0,0,0,2026-09-30
NIFTY,2029-12-24,27000.0,CE,0.0,0.0,0.0,6201.65,2859.79,0,0.0,0,0,2026-09-30
NIFTY,2029-06-26,24000.0,CE,0.0,0.0,0.0,8085.35,3669.27,0,0.0,0,0,2026-09-30
NIFTY,2028-12-26,33000.0,CE,0.0,0.0,0.0,2477.5,510.76,0,0.0,0,0,2026-09-30
NIFTY,2028-12-26,19500.0,CE,0.0,0.0,0.0,9716.4,5954.42,0,0.0,0,0,2026-09-30
NIFTY,2028-06-27,21000.0,CE,0.0,0.0,0.0,5226.55,4266.35,0,0.0,0,0,2026-09-30
NIFTY,2027-09-28,28500.0,CE,0.0,0.0,0.0,291.55,288.14,0,0.0,0,0,2026-09-30
NIFTY,2027-09-28,27000.0,CE,0.0,0.0,0.0,529.1,523.91,0,0.0,0,0,2026-09-30
NIFTY,2027-09-28,25500.0,CE,0.0,0.0,0.0,908.35,900.85,0,0.0,0,0,2026-09-30
NIFTY,2027-09-28,18000.0,CE,0.0,0.0,0.0,5788.3,5761.64,0,0.0,0,0,2026-09-30
NIFTY,2027-06-29,18000.0,CE,0.0,0.0,0.0,4066.45,5474.49,0,0.0,0,0,2026-09-30
NIFTY,2026-10-19,25200.0,PE,0.0,0.0,0.0,1967.2,2502.48,0,0.0,0,0,2026-09-30
NIFTY,2026-10-27,20550.0,PE,15.55,17.55,10.7,16.35,16.35,468,625561995.5,12350,7670,2026-09-30
NIFTY,2026-10-27,21250.0,PE,27.0,35.5,23.35,34.1,34.1,498,688827363.25,13650,5655,2026-09-30
NIFTY,2026-10-27,21350.0,PE,35.95,40.95,25.6,38.3,38.3,2577,3581738849.0,324285,-13325,2026-09-30
NIFTY,2026-10-27,21500.0,PE,38.05,49.7,30.85,45.65,45.65,31903,44664571549.0,2090140,212875,2026-09-30
NIFTY,2026-10-27,21650.0,PE,47.8,61.5,38.4,57.0,57.0,2581,3640451662.25,56290,-975,2026-09-30
NIFTY,2026-10-27,21800.0,PE,61.25,78.4,47.6,71.55,71.55,17476,24832410031.0,679770,113035,2026-09-30
NIFTY,2026-10-27,22350.0,PE,158.95,185.6,115.55,173.6,173.6,1412,2064785843.25,57980,9815,2026-09-30
NIFTY,2026-10-27,22450.0,PE,187.4,219.65,136.4,203.4,203.4,1720,2529754165.25,74945,24440,2026-09-30
NIFTY,2026-10-27,23250.0,PE,571.55,645.6,473.1,633.55,633.55,141,218142330.25,65390,-1105,2026-09-30
NIFTY,2026-12-29,30000.0,CE,6.35,6.5,5.5,5.9,5.9,807,1573972214.75,799880,15340,2026-09-30
NIFTY,2026-10-27,23900.0,PE,1099.95,1203.65,986.3,1195.9,1195.9,474,769361053.5,226850,6370,2026-09-30
NIFTY,2026-10-27,24050.0,PE,1229.95,1348.8,1150.0,1348.8,1368.48,17,27938738.75,4355,-780,2026-09-30
NIFTY,2026-10-27,24250.0,PE,1392.05,1537.2,1370.05,1537.2,1552.49,11,18395864.5,12870,-390,2026-09-30
NIFTY,2026-10-27,25300.0,PE,2440.0,2500.0,2382.2,2500.0,2571.11,7,12614335.5,10465,65,2026-09-30
NIFTY,2026-10-27,26300.0,PE,3425.0,3500.0,3425.0,3500.0,3564.72,3,5801250.0,34970,0,2026-09-30
NIFTY,2026-10-27,27000.0,PE,4053.2,4262.6,4035.0,4236.6,4236.6,443,896859814.5,942955,13000,2026-09-30
NIFTY,2026-11-03,20650.0,PE,0.0,0.0,0.0,3.1,8.78,0,0.0,0,0,2026-09-30
NIFTY,2026-11-03,20900.0,PE,13.5,32.0,13.5,32.0,16.79,2,2719957.5,1300,0,2026-09-30
NIFTY,2026-11-03,20950.0,PE,0.0,0.0,0.0,27.3,18.98,0,0.0,1105,0,2026-09-30
NIFTY,2026-11-03,21150.0,PE,0.0,0.0,0.0,11.1,30.32,0,0.0,0,0,2026-09-30
NIFTY,2026-11-03,22450.0,PE,205.75,226.3,171.55,217.8,299.18,53,78022779.25,2795,1040,2026-09-30
NIFTY,2026-11-03,22750.0,PE,310.65,350.0,250.2,349.45,349.45,95,142338833.0,5915,2080,2026-09-30
NIFTY,2026-11-03,23000.0,PE,407.8,489.4,358.7,474.15,474.15,137,208477655.75,5720,1885,2026-09-30
NIFTY,2026-11-03,23650.0,PE,0.0,0.0,0.0,463.5,1025.07,0,0.0,195,0,2026-09-30
NIFTY,2026-11-03,23750.0,PE,0.0,0.0,0.0,639.9,1105.25,0,0.0,0,0,2026-09-30
NIFTY,2026-11-03,24000.0,PE,0.0,0.0,0.0,788.3,1315.24,0,0.0,65,0,2026-09-30
NIFTY,2026-11-03,24600.0,PE,0.0,0.0,0.0,1240.0,1860.35,0,0.0,0,0,2026-09-30
NIFTY,2026-11-03,24650.0,PE,0.0,0.0,0.0,1280.65,1907.62,0,0.0,0,0,2026-09-30
NIFTY,2026-11-23,21200.0,PE,60.0,77.2,50.9,73.4,73.4,423,584667174.0,41665,6630,2026-09-30
NIFTY,2026-11-23,21250.0,PE,0.0,0.0,0.0,22.05,78.3,0,0.0,0,0,2026-09-30
NIFTY,2026-11-23,21450.0,PE,87.0,93.85,87.0,90.3,106.52,6,8400525.25,260,130,2026-09-30
NIFTY,2026-12-29,24000.0,CE,199.85,211.0,167.6,173.1,173.1,27355,43014074645.75,3181195,27735,2026-09-30
NIFTY,2026-12-29,23650.0,CE,302.25,314.8,262.8,263.75,263.75,44,68463391.75,2535,2535,2026-09-30
NIFTY,2026-12-29,23550.0,CE,336.9,344.35,295.25,297.65,472.32,62,96208469.5,3510,3510,2026-09-30
NIFTY,2026-12-29,21900.0,CE,1370.3,1381.05,1274.35,1277.5,1349.31,21,31707409.5,1365,1365,2026-09-30
NIFTY,2026-12-29,21500.0,CE,1700.0,1750.0,1570.7,1581.55,1581.55,20,30032304.25,975,975,2026-09-30
NIFTY,2026-12-29,15000.0,CE,0.0,0.0,0.0,5977.65,7853.48,0,0.0,0,0,2026-09-30
NIFTY,2026-11-23,26100.0,CE,10.8,11.4,9.1,9.4,9.4,113,191776305.5,12220,1820,2026-09-30
NIFTY,2026-11-23,25800.0,CE,10.35,11.1,10.35,10.8,12.44,10,16776951.75,715,-325,2026-09-30
NIFTY,2026-11-23,25750.0,CE,10.35,11.2,10.35,10.8,10.8,15,25116711.75,390,-130,2026-09-30
NIFTY,2026-11-23,22200.0,PE,189.9,218.1,153.1,209.95,209.95,1760,2560300687.75,197080,23595,2026-09-30
NIFTY,2026-11-23,22550.0,PE,270.4,317.6,238.95,313.4,313.4,74,109853220.75,4940,910,2026-09-30
NIFTY,2026-11-23,23050.0,PE,494.95,545.55,418.15,541.75,541.75,34,51998885.25,5590,325,2026-09-30
NIFTY,2026-11-23,23150.0,PE,538.1,594.45,465.9,585.95,585.95,31,47716997.25,129350,65,2026-09-30
NIFTY,2026-11-23,23400.0,PE,695.95,770.0,605.35,751.6,751.6,363,567792030.0,94835,715,2026-09-30
NIFTY,2026-11-23,25200.0,PE,0.0,0.0,0.0,1060.25,2376.47,0,0.0,0,0,2026-09-30
NIFTY,2026-11-23,25400.0,PE,0.0,0.0,0.0,2300.0,2565.93,0,0.0,325,0,2026-09-30
NIFTY,2026-11-23,25950.0,PE,0.0,0.0,0.0,1562.8,3096.54,0,0.0,0,0,2026-09-30
NIFTY,2026-12-29,21000.0,PE,91.0,103.15,76.25,101.0,101.0,21549,29538033196.75,2218425,213480,2026-09-30
NIFTY,2026-12-29,21200.0,PE,93.65,98.0,93.65,98.0,136.94,14,19378784.75,910,910,2026-09-30
NIFTY,2026-12-29,21350.0,PE,109.65,109.65,109.65,109.65,162.67,4,5579509.0,260,260,2026-09-30
NIFTY,2026-12-29,21550.0,PE,143.5,148.25,143.5,148.25,202.48,19,26794553.5,1170,1170,2026-09-30
NIFTY,2026-12-29,22150.0,PE,212.9,216.4,210.35,216.4,364.75,7,10175139.0,390,390,2026-09-30
NIFTY,2026-12-29,22900.0,PE,453.6,498.35,400.2,496.0,496.0,101,153145642.0,3250,3250,2026-09-30
NIFTY,2026-12-29,28000.0,PE,4700.0,4892.1,4680.0,4881.75,4881.75,333,709324814.25,1053215,3900,2026-09-30
NIFTY,2026-12-29,31500.0,PE,0.0,0.0,0.0,4059.3,8390.19,0,0.0,0,0,2026-09-30
NIFTY,2027-03-30,27000.0,PE,3384.35,3481.25,3296.9,3465.9,3465.9,108,213260469.5,64285,3120,2026-09-30
NIFTY,2027-09-28,19500.0,PE,0.0,0.0,0.0,136.85,135.39,0,0.0,0,0,2026-09-30
NIFTY,2027-12-28,16500.0,PE,0.0,0.0,0.0,52.05,14.75,0,0.0,130,0,2026-09-30
NIFTY,2027-12-28,27000.0,PE,2487.55,2615.9,2456.0,2604.25,2604.25,65,124756004.75,59500,845,2026-09-30
NIFTY,2029-12-24,15000.0,PE,0.0,0.0,0.0,29.0,25.85,0,0.0,65,0,2026-09-30
NIFTY,2030-06-25,15000.0,PE,0.0,0.0,0.0,29.65,31.08,0,0.0,0,0,2026-09-30
NIFTY,2030-06-25,18000.0,PE,0.0,0.0,0.0,116.65,153.47,0,0.0,0,0,2026-09-30
NIFTY,2026-11-23,25150.0,CE,0.0,0.0,0.0,588.45,35.11,0,0.0,0,0,2026-09-30
NIFTY,2026-11-23,25100.0,CE,18.1,22.0,17.0,19.1,19.1,281,458793842.0,40755,-2730,2026-09-30
NIFTY,2026-11-23,24550.0,CE,39.3,39.3,34.15,34.2,34.2,4,6392551.75,8320,0,2026-09-30
NIFTY,2026-11-23,24350.0,CE,53.95,54.55,43.95,44.45,107.31,248,393334431.75,18330,5460,2026-09-30
NIFTY,2026-11-23,24050.0,CE,83.4,85.85,67.3,68.15,68.15,236,370097247.0,11635,-845,2026-09-30
NIFTY,2026-11-23,23250.0,CE,292.45,314.1,242.8,244.9,244.9,287,438964867.25,20800,6045,2026-09-30
NIFTY,2026-11-23,22600.0,CE,658.15,685.0,556.2,564.15,564.15,617,930978532.25,28665,3640,2026-09-30
NIFTY,2026-11-23,22100.0,CE,1029.0,1029.0,913.4,913.4,913.4,12,17970891.25,975,65,2026-09-30
NIFTY,2026-11-23,21650.0,CE,0.0,0.0,0.0,3045.65,1314.98,0,0.0,0,0,2026-09-30
NIFTY,2026-11-03,24450.0,CE,0.0,0.0,0.0,166.6,34.57,0,0.0,0,0,2026-09-30
NIFTY,2026-11-03,24300.0,CE,0.0,0.0,0.0,201.5,45.69,0,0.0,0,0,2026-09-30
NIFTY,2030-06-25,22500.0,PE,0.0,0.0,0.0,223.75,746.45,0,0.0,0,0,2026-09-30
NIFTY,2030-06-25,27000.0,PE,0.0,0.0,0.0,1286.05,2064.54,0,0.0,0,0,2026-09-30
NIFTY,2030-06-25,30000.0,PE,0.0,0.0,0.0,2100.85,3370.68,0,0.0,0,0,2026-09-30
NIFTY,2030-12-31,18000.0,PE,0.0,0.0,0.0,32.3,159.03,0,0.0,0,0,2026-09-30
NIFTY,2031-06-24,16500.0,PE,0.0,0.0,0.0,95.65,84.39,0,0.0,0,0,2026-09-30
NIFTY,2026-11-03,23600.0,CE,96.45,96.45,68.0,70.7,70.7,234,360256146.25,12805,2535,2026-09-30
NIFTY,2026-11-03,23350.0,CE,137.05,160.0,115.0,115.0,115.0,8,12217822.5,2275,325,2026-09-30
NIFTY,2026-11-03,23250.0,CE,190.6,192.15,140.8,141.75,141.75,40,60903196.25,3575,1430,2026-09-30
NIFTY,2026-11-03,22800.0,CE,390.0,425.0,316.6,319.15,319.15,210,316446874.25,4615,325,2026-09-30
NIFTY,2026-11-03,22750.0,CE,408.45,446.3,340.0,343.85,343.85,48,72186588.5,1560,325,2026-09-30
NIFTY,2026-11-03,22500.0,CE,600.0,600.0,485.0,488.0,488.0,16,23951213.0,715,455,2026-09-30
NIFTY,2026-11-03,20500.0,CE,0.0,0.0,0.0,2970.65,2247.14,0,0.0,0,0,2026-09-30
NIFTY,2026-10-27,27150.0,CE,0.0,0.0,0.0,1.0,0.0,0,0.0,2210,0,2026-09-30
NIFTY,2026-10-27,27050.0,CE,1.75,1.75,0.7,1.05,1.05,108,189899680.75,10075,845,2026-09-30
NIFTY,2026-10-27,25900.0,CE,2.7,2.7,1.9,2.35,2.35,527,887277140.75,17810,-1365,2026-09-30
NIFTY,2026-10-27,25700.0,CE,2.9,3.0,2.35,2.8,2.8,714,1192859583.5,48490,2990,2026-09-30
NIFTY,2026-10-27,25550.0,CE,0.0,0.0,0.0,3.35,1.02,0,0.0,1365,0,2026-09-30
NIFTY,2026-10-27,24900.0,CE,7.35,7.35,5.2,6.0,6.0,2445,3958163777.75,208845,-3900,2026-09-30
NIFTY,2026-10-27,24450.0,CE,10.9,11.7,9.8,10.1,10.1,1197,1903161724.75,94380,-24310,2026-09-30
NIFTY,2026-10-27,24400.0,CE,12.8,13.1,10.65,10.9,10.9,6130,9726704555.75,383110,-46020,2026-09-30
NIFTY,2026-10-27,24000.0,CE,24.7,28.0,20.0,20.3,20.3,75604,118053904995.0,6318650,546780,2026-09-30
NIFTY,2026-10-27,22850.0,CE,323.45,344.1,235.1,239.6,239.6,7430,11177064330.25,129870,32825,2026-09-30
NIFTY,2026-10-27,22700.0,CE,362.7,439.0,308.85,316.25,316.25,47709,71543073579.25,1509105,476385,2026-09-30
NIFTY,2026-10-27,22600.0,CE,422.75,505.5,359.95,372.9,372.9,20170,30181730660.25,717600,334685,2026-09-30
NIFTY,2026-10-27,22400.0,CE,579.55,653.0,490.95,501.15,501.15,1042,1555579694.5,48425,13910,2026-09-30
NIFTY,2026-10-27,22300.0,CE,651.15,729.5,562.65,571.4,571.4,2172,3238943181.5,92950,66625,2026-09-30
NIFTY,2026-10-27,22150.0,CE,773.85,812.9,679.8,685.25,685.25,14,20839331.5,2470,-195,2026-09-30
NIFTY,2026-10-27,21000.0,CE,1512.25,1925.0,1512.1,1724.65,1724.65,1029,1525918832.75,264485,27820,2026-09-30
NIFTY,2026-10-27,20750.0,CE,0.0,0.0,0.0,3566.95,1967.14,0,0.0,0,0,2026-09-30
NIFTY,2026-10-19,25200.0,CE,1.95,3.95,1.8,2.4,2.4,68,111396668.5,4680,1950,2026-09-30
NIFTY,2026-10-19,25150.0,CE,3.85,3.85,1.5,1.95,1.95,16,26158746.25,650,65,2026-09-30
NIFTY,2026-10-19,25100.0,CE,0.0,0.0,0.0,2.05,0.68,0,0.0,1430,0,2026-09-30
NIFTY,2026-10-19,25050.0,CE,0.0,0.0,0.0,3.2,0.82,0,0.0,780,0,2026-09-30
NIFTY,2026-10-19,24700.0,CE,5.15,5.6,3.35,4.05,4.05,66,105981655.0,2600,650,2026-09-30
NIFTY,2026-10-19,24500.0,CE,7.05,7.35,4.55,5.5,5.5,998,1589688896.25,57265,260,2026-09-30
NIFTY,2026-10-19,24000.0,CE,15.75,16.7,11.25,11.75,11.75,3793,5920276368.5,187590,22230,2026-09-30
NIFTY,2026-10-19,23850.0,CE,21.1,21.15,14.4,14.9,14.9,127,197025377.25,15535,0,2026-09-30
NIFTY,2026-10-19,23800.0,CE,24.45,24.45,16.6,17.35,17.35,3123,4835214172.75,95225,36725,2026-09-30
NIFTY,2026-10-19,23700.0,CE,31.55,31.55,20.75,22.05,22.05,1957,3017987196.25,80210,7605,2026-09-30
NIFTY,2026-10-19,23650.0,CE,36.0,36.0,22.1,24.1,24.1,183,281657489.75,10985,3900,2026-09-30
NIFTY,2026-10-19,23600.0,CE,41.0,41.0,26.0,27.1,27.1,1873,2877188775.5,112385,22100,2026-09-30
NIFTY,2026-10-19,23400.0,CE,65.0,71.0,43.25,45.1,45.1,1149,1751813869.0,58695,11700,2026-09-30
NIFTY,2026-10-13,25100.0,CE,1.75,1.85,1.05,1.3,1.3,275,448689159.75,10790,7085,2026-09-30
NIFTY,2026-10-13,24100.0,CE,6.45,6.6,4.6,4.8,4.8,6445,10098353411.25,152295,99060,2026-09-30
NIFTY,2026-10-13,23350.0,CE,48.75,48.75,27.05,28.75,28.75,8642,13135904824.25,162955,93925,2026-09-30
NIFTY,2026-10-13,23150.0,CE,91.65,95.55,52.0,54.35,54.35,9263,13979995588.0,144755,66105,2026-09-30
NIFTY,2026-10-13,22600.0,CE,345.05,391.0,247.95,255.2,255.2,17088,25443869109.75,350350,201240,2026-09-30
NIFTY,2026-10-13,22350.0,CE,555.0,564.95,411.75,423.1,423.1,53,78679168.75,2080,2080,2026-09-30
NIFTY,2026-10-13,21700.0,CE,0.0,0.0,0.0,2070.15,987.6,0,0.0,0,0,2026-09-30
NIFTY,2026-10-13,21600.0,CE,0.0,0.0,0.0,2166.5,1080.94,0,0.0,0,0,2026-09-30
NIFTY,2026-10-06,25300.0,CE,0.9,0.9,0.55,0.6,0.6,7249,11921282402.25,432120,27820,2026-09-30
NIFTY,2026-10-06,25200.0,CE,0.8,0.8,0.55,0.65,0.65,16717,27383138172.0,282360,4940,2026-09-30
NIFTY,2026-10-06,24950.0,CE,0.8,0.95,0.65,0.75,0.75,1359,2204026106.75,34190,10790,2026-09-30
NIFTY,2026-10-06,24850.0,CE,0.75,1.05,0.65,0.75,0.75,5585,9021449102.25,63310,14560,2026-09-30
NIFTY,2026-10-06,24650.0,CE,0.85,1.15,0.7,0.85,0.85,14861,23811811816.0,158145,48360,2026-09-30
NIFTY,2026-10-06,24500.0,CE,1.3,1.4,0.8,0.95,0.95,292448,465741376044.75,6556355,-117455,2026-09-30
NIFTY,2026-10-06,24200.0,CE,1.55,1.75,1.15,1.3,1.3,135988,213920907879.25,3293420,-143975,2026-09-30
NIFTY,2026-10-06,24100.0,CE,1.45,1.85,1.25,1.5,1.5,143381,224620098537.25,2337660,770185,2026-09-30
NIFTY,2026-10-06,23350.0,CE,11.9,13.45,6.35,7.15,7.15,382083,580136270184.25,1777035,1023165,2026-09-30
NIFTY,2026-10-06,23100.0,CE,42.3,47.8,17.7,19.25,19.25,1047116,1574335400313.0,5597020,1247480,2026-09-30
NIFTY,2026-10-06,22750.0,CE,173.0,204.0,85.95,92.35,92.35,2297193,3419130793685.75,3982875,3224520,2026-09-30
NIFTY,2026-10-06,22200.0,CE,571.4,669.8,455.2,472.1,472.1,6189,9155288051.0,125125,43290,2026-09-30
NIFTY,2026-10-06,20700.0,CE,0.0,0.0,0.0,3475.65,1940.58,0,0.0,0,0,2026-09-30
NIFTY,2031-06-24,27000.0,PE,0.0,0.0,0.0,1653.15,1786.4,0,0.0,0,0,2026-09-30
NIFTY,2029-12-24,28500.0,PE,0.0,0.0,0.0,1255.9,2902.5,0,0.0,0,0,2026-09-30
NIFTY,2029-12-24,27000.0,PE,0.0,0.0,0.0,1177.9,2224.66,0,0.0,0,0,2026-09-30
NIFTY,2029-12-24,22500.0,PE,0.0,0.0,0.0,225.7,773.67,0,0.0,0,0,2026-09-30
NIFTY,2029-06-26,33000.0,PE,0.0,0.0,0.0,3022.85,5932.6,0,0.0,0,0,2026-09-30
NIFTY,2029-06-26,28500.0,PE,0.0,0.0,0.0,1349.1,3152.78,0,0.0,0,0,2026-09-30
NIFTY,2028-12-26,25500.0,PE,0.0,0.0,0.0,648.2,1871.7,0,0.0,0,0,2026-09-30
NIFTY,2028-12-26,15000.0,PE,0.0,0.0,0.0,22.25,13.65,0,0.0,0,0,2026-09-30
NIFTY,2028-06-27,24000.0,PE,0.0,0.0,0.0,680.05,1326.44,0,0.0,65,0,2026-09-30
NIFTY,2027-12-28,21000.0,PE,321.3,369.9,319.35,363.65,363.65,267,370318178.75,72995,8385,2026-09-30
NIFTY,2027-12-28,17000.0,PE,0.0,0.0,0.0,72.55,24.03,0,0.0,17775,0,2026-09-30
NIFTY,2027-06-29,25500.0,PE,0.0,0.0,0.0,667.15,2306.62,0,0.0,0,0,2026-09-30
NIFTY,2027-06-29,21000.0,PE,223.0,239.0,205.55,234.6,234.6,236,325451990.5,36255,3380,2026-09-30
NIFTY,2026-12-29,22200.0,PE,245.7,269.75,208.0,265.55,265.55,575,838475716.0,16835,16835,2026-09-30
NIFTY,2026-12-29,21900.0,PE,176.25,206.3,158.65,202.9,202.9,155,222466598.25,6825,6825,2026-09-30
NIFTY,2026-12-29,21150.0,PE,90.5,112.15,90.5,112.15,129.1,23,31758746.5,1365,1365,2026-09-30
NIFTY,2026-11-23,25550.0,PE,0.0,0.0,0.0,1282.8,2709.44,0,0.0,0,0,2026-09-30
NIFTY,2026-11-23,24800.0,PE,1982.3,1982.3,1972.85,1972.85,1972.85,3,5221320.0,5200,-195,2026-09-30
NIFTY,2026-11-03,22100.0,CE,0.0,0.0,0.0,1456.1,831.9,0,0.0,0,0,2026-09-30
NIFTY,2026-11-03,23450.0,CE,128.2,130.0,94.2,94.6,94.6,48,73545504.5,3380,390,2026-09-30
NIFTY,2026-11-03,24200.0,CE,34.0,34.0,21.85,23.2,23.2,86,135429277.75,3510,2730,2026-09-30
NIFTY,2026-11-23,20700.0,CE,0.0,0.0,0.0,3951.1,2144.09,0,0.0,0,0,2026-09-30
NIFTY,2026-11-23,20800.0,CE,0.0,0.0,0.0,3854.3,2051.19,0,0.0,0,0,2026-09-30
NIFTY,2026-11-23,20850.0,CE,0.0,0.0,0.0,3805.95,2005.12,0,0.0,0,0,2026-09-30
NIFTY,2026-11-23,20950.0,CE,0.0,0.0,0.0,3709.55,1913.79,0,0.0,0,0,2026-09-30
NIFTY,2026-11-23,22000.0,CE,1077.95,1150.0,981.0,994.6,994.6,741,1110161299.0,66430,12285,2026-09-30
NIFTY,2026-11-23,22400.0,CE,771.95,830.05,688.2,694.2,694.2,73,109836366.25,3705,1430,2026-09-30
NIFTY,2026-11-23,23350.0,CE,284.45,284.45,208.5,212.1,212.1,162,248392410.5,15470,1690,2026-09-30
NIFTY,2026-11-23,24150.0,CE,69.9,71.9,57.9,58.7,58.7,192,302218124.0,16835,-1300,2026-09-30
NIFTY,2026-11-23,24500.0,CE,43.0,45.9,36.0,37.0,37.0,7644,12192607066.25,760760,715,2026-09-30
NIFTY,2026-12-29,21250.0,CE,0.0,0.0,0.0,1914.3,1845.72,0,0.0,0,0,2026-09-30
NIFTY,2026-12-29,21800.0,CE,1426.9,1448.25,1340.0,1340.0,1340.0,10,15097013.75,585,585,2026-09-30
NIFTY,2026-12-29,22000.0,CE,1280.0,1331.4,1170.35,1182.15,1182.15,2745,4149507469.25,902170,91890,2026-09-30
NIFTY,2026-12-29,22850.0,CE,0.0,0.0,0.0,819.85,773.08,0,0.0,0,0,2026-09-30
NIFTY,2026-12-29,23750.0,CE,278.75,278.75,230.0,235.15,235.15,113,176241468.0,5460,5460,2026-09-30
NIFTY,2026-12-29,23850.0,CE,0.0,0.0,0.0,404.1,374.01,0,0.0,0,0,2026-09-30
NIFTY,2026-12-29,24050.0,CE,0.0,0.0,0.0,344.75,317.73,0,0.0,0,0,2026-09-30
NIFTY,2026-12-29,24250.0,CE,0.0,0.0,0.0,293.4,269.49,0,0.0,0,0,2026-09-30
NIFTY,2026-12-29,24300.0,CE,0.0,0.0,0.0,281.4,257.28,0,0.0,0,0,2026-09-30
NIFTY,2026-12-29,27000.0,CE,12.7,13.35,11.85,12.4,12.4,3349,5880213946.75,1818045,48125,2026-09-30
NIFTY,2026-12-29,28500.0,CE,7.2,7.45,6.35,6.65,6.65,405,750441409.25,94965,-130,2026-09-30
NIFTY,2026-12-29,29000.0,CE,5.85,6.65,5.85,6.5,6.5,492,927624912.5,409595,9295,2026-09-30
NIFTY,2026-12-29,31000.0,CE,5.5,5.7,4.85,5.5,5.5,166,334548535.75,130410,4095,2026-09-30
NIFTY,2027-03-30,27000.0,CE,57.0,59.0,53.1,55.65,55.65,2303,4050135527.75,1033500,10335,2026-09-30
NIFTY,2027-03-30,31500.0,CE,0.0,0.0,0.0,15.0,3.29,0,0.0,910,0,2026-09-30
NIFTY,2027-09-28,16500.0,CE,0.0,0.0,0.0,7170.5,7138.46,0,0.0,0,0,2026-09-30
NIFTY,2027-09-28,19500.0,CE,0.0,0.0,0.0,4470.95,4449.22,0,0.0,0,0,2026-09-30
NIFTY,2027-09-28,22500.0,CE,0.0,0.0,0.0,2267.95,2254.35,0,0.0,0,0,2026-09-30
NIFTY,2027-12-28,16500.0,CE,0.0,0.0,0.0,11316.4,7388.29,0,0.0,0,0,2026-09-30
NIFTY,2029-12-24,18000.0,CE,0.0,0.0,0.0,11362.4,8108.2,0,0.0,0,0,2026-09-30
NIFTY,2030-06-25,21000.0,CE,0.0,0.0,0.0,10421.65,6533.43,0,0.0,0,0,2026-09-30
NIFTY,2030-12-31,31500.0,CE,0.0,0.0,0.0,4554.55,2372.58,0,0.0,0,0,2026-09-30
NIFTY,2031-06-24,15000.0,CE,0.0,0.0,0.0,12902.2,11554.16,0,0.0,0,0,2026-09-30
NIFTY,2031-06-24,21000.0,CE,0.0,0.0,0.0,8900.75,7525.89,0,0.0,0,0,2026-09-30
NIFTY,2031-06-24,33000.0,CE,0.0,0.0,0.0,3451.55,2396.25,0,0.0,0,0,2026-09-30
NIFTY,2026-10-06,20800.0,PE,1.8,2.4,1.15,1.45,1.45,100133,135390291218.0,3099265,52130,2026-09-30
NIFTY,2026-10-06,20950.0,PE,2.8,2.8,1.1,1.6,1.6,13819,18819541533.0,69615,45175,2026-09-30
NIFTY,2026-10-06,21900.0,PE,9.85,11.25,5.35,7.9,7.9,348615,496419608207.25,2095470,931710,2026-09-30
NIFTY,2026-10-06,22000.0,PE,12.9,14.95,7.05,11.1,11.1,891746,1275770517388.25,7889245,2124200,2026-09-30
NIFTY,2026-10-06,23450.0,PE,671.2,819.0,608.7,804.85,804.85,387,607612866.25,51610,2080,2026-09-30
NIFTY,2026-10-06,24000.0,PE,1299.85,1371.0,1141.5,1348.55,1348.55,900,1476521179.25,530985,-3510,2026-09-30
NIFTY,2026-10-06,25800.0,PE,0.0,0.0,0.0,2977.45,3154.45,0,0.0,10075,0,2026-09-30
NIFTY,2026-10-13,20650.0,PE,4.0,5.25,3.5,4.9,4.9,351,471232222.5,10075,8710,2026-09-30
NIFTY,2026-10-13,21050.0,PE,8.0,8.15,5.1,7.1,7.1,313,428398096.75,5460,4160,2026-09-30
NIFTY,2026-10-13,21750.0,PE,25.9,27.55,14.7,24.35,24.35,3316,4692364332.5,37050,19760,2026-09-30
NIFTY,2026-10-13,23350.0,PE,626.3,710.55,508.55,697.15,697.15,83,129226470.75,7605,-1170,2026-09-30
NIFTY,2026-10-13,23650.0,PE,875.0,985.6,856.25,979.85,979.85,20,31930460.25,6175,-650,2026-09-30
NIFTY,2026-10-13,25000.0,PE,2020.0,2210.0,2020.0,2180.0,2326.99,13,22952150.0,1495,845,2026-09-30
NIFTY,2026-10-19,21850.0,PE,42.0,55.0,32.5,53.3,61.82,94,133732924.0,3055,2925,2026-09-30
NIFTY,2026-10-19,21950.0,PE,0.0,0.0,0.0,85.8,78.61,0,0.0,390,0,2026-09-30
NIFTY,2026-10-19,23400.0,PE,624.35,769.85,624.35,769.85,798.9,9,14097846.75,9100,-260,2026-09-30
NIFTY,2026-10-19,24200.0,PE,0.0,0.0,0.0,1460.0,1517.82,0,0.0,390,0,2026-09-30
NIFTY,2026-10-27,23450.0,CE,89.6,95.75,62.1,63.8,63.8,3665,5604920928.75,148915,33280,2026-09-30
NIFTY,2026-10-19,24550.0,PE,0.0,0.0,0.0,1372.75,1858.47,0,0.0,0,0,2026-09-30
NIFTY,2026-10-19,24600.0,PE,0.0,0.0,0.0,1500.0,1907.66,0,0.0,325,0,2026-09-30
NIFTY,2026-10-27,21600.0,PE,47.9,57.45,35.4,52.6,52.6,10017,14094738690.5,372450,130000,2026-09-30
NIFTY,2026-10-27,21900.0,PE,70.65,91.0,55.2,84.25,84.25,16114,23012733952.0,533910,58240,2026-09-30
NIFTY,2026-10-27,21950.0,PE,80.0,98.4,59.85,91.15,91.15,1085,1553187314.25,33865,11245,2026-09-30
NIFTY,2026-10-27,22000.0,PE,81.9,107.75,64.4,98.15,98.15,73831,105980156122.75,3873545,456950,2026-09-30
NIFTY,2026-10-27,22900.0,PE,359.95,421.6,280.5,399.85,399.85,16051,24254965315.75,968760,127010,2026-09-30
NIFTY,2026-10-27,22950.0,PE,337.8,444.45,305.0,428.35,428.35,722,1094183918.75,51155,-5915,2026-09-30
NIFTY,2026-10-27,23150.0,PE,437.85,577.9,408.4,557.6,557.6,251,385746864.75,36335,-2925,2026-09-30
NIFTY,2026-10-27,23750.0,PE,953.8,1067.6,880.45,1065.0,1104.7,65,104423725.25,13195,65,2026-09-30
NIFTY,2026-10-27,23800.0,PE,928.0,1120.0,891.45,1101.8,1101.8,826,1330763187.0,557570,2665,2026-09-30
NIFTY,2026-10-27,25700.0,PE,2846.6,2855.0,2799.0,2835.0,2967.9,28,51946017.5,7150,520,2026-09-30
NIFTY,2026-10-27,26250.0,PE,0.0,0.0,0.0,3000.0,3514.96,0,0.0,260,0,2026-09-30
NIFTY,2026-10-27,26400.0,PE,0.0,0.0,0.0,3550.0,3664.26,0,0.0,195,0,2026-09-30
NIFTY,2026-11-03,20700.0,PE,0.0,0.0,0.0,3.55,10.05,0,0.0,0,0,2026-09-30
NIFTY,2026-11-03,21200.0,PE,0.0,0.0,0.0,12.5,33.91,0,0.0,0,0,2026-09-30
NIFTY,2026-11-03,21400.0,PE,41.2,42.35,40.85,42.35,51.92,22,30661351.5,1170,1170,2026-09-30
NIFTY,2026-11-03,21650.0,PE,0.0,0.0,0.0,33.15,84.56,0,0.0,0,0,2026-09-30
NIFTY,2026-11-03,21800.0,PE,0.0,0.0,0.0,44.45,110.78,0,0.0,0,0,2026-09-30
NIFTY,2026-11-03,21850.0,PE,0.0,0.0,0.0,48.85,120.77,0,0.0,0,0,2026-09-30
NIFTY,2026-11-03,22300.0,PE,166.1,187.3,128.85,184.45,184.45,161,235042502.5,4420,975,2026-09-30
NIFTY,2026-11-03,24700.0,PE,0.0,0.0,0.0,1321.8,1955.09,0,0.0,0,0,2026-09-30
NIFTY,2026-11-03,24900.0,PE,0.0,0.0,0.0,1490.95,2146.75,0,0.0,0,0,2026-09-30
NIFTY,2026-11-03,25000.0,PE,0.0,0.0,0.0,1577.95,2243.46,0,0.0,0,0,2026-09-30
NIFTY,2026-11-23,20650.0,PE,38.65,54.0,38.65,54.0,27.34,12,16144908.0,520,520,2026-09-30
NIFTY,2026-11-23,21000.0,PE,52.25,67.85,39.95,61.35,61.35,11242,15381849843.75,624390,86970,2026-09-30
NIFTY,2026-11-23,21350.0,PE,68.9,85.95,60.45,84.65,84.65,61,84951980.75,9295,520,2026-09-30
NIFTY,2026-11-23,21950.0,PE,125.35,160.4,117.8,158.5,158.5,40,57424935.75,2600,-520,2026-09-30
NIFTY,2026-11-23,22050.0,PE,134.0,177.35,132.0,175.0,175.0,58,83728534.5,6370,-260,2026-09-30
NIFTY,2026-11-23,22150.0,PE,171.55,200.0,149.05,198.3,198.3,28,40632390.5,7150,130,2026-09-30
NIFTY,2026-10-13,24750.0,CE,3.25,3.25,1.8,1.9,1.9,382,614596794.5,4615,2405,2026-09-30
NIFTY,2026-10-13,24150.0,CE,5.85,5.85,3.65,4.35,4.35,702,1102180573.0,33995,25155,2026-09-30
NIFTY,2026-10-13,23750.0,CE,14.25,14.25,8.95,9.4,9.4,5395,8332302436.25,114725,41080,2026-09-30
NIFTY,2026-10-13,21850.0,CE,0.0,0.0,0.0,1927.0,851.81,0,0.0,0,0,2026-09-30
NIFTY,2026-10-13,21650.0,CE,0.0,0.0,0.0,2118.25,1034.03,0,0.0,0,0,2026-09-30
NIFTY,2026-10-13,21500.0,CE,1280.0,1280.0,1277.25,1277.25,1176.0,2,2961221.25,130,65,2026-09-30
NIFTY,2026-10-13,21100.0,CE,0.0,0.0,0.0,2655.45,1566.71,0,0.0,0,0,2026-09-30
NIFTY,2026-10-13,20750.0,CE,0.0,0.0,0.0,3001.55,1914.45,0,0.0,0,0,2026-09-30
NIFTY,2026-10-06,24750.0,CE,1.0,1.1,0.65,0.8,0.8,6700,10778957897.5,78325,-7800,2026-09-30
NIFTY,2026-10-06,23550.0,CE,5.2,5.75,3.6,4.05,4.05,235399,360405946468.75,1279330,460915,2026-09-30
NIFTY,2026-10-06,23400.0,CE,10.0,10.65,5.4,6.1,6.1,569834,866996233580.75,4711200,1248130,2026-09-30
NIFTY,2026-10-06,23250.0,CE,19.3,22.15,9.1,10.2,10.2,441146,667096176292.0,2600910,1442545,2026-09-30
NIFTY,2026-10-06,22850.0,CE,122.0,144.0,55.15,59.85,59.85,1353891,2019704848352.75,3460080,2394730,2026-09-30
NIFTY,2026-10-06,21150.0,CE,0.0,0.0,0.0,3029.15,1491.07,0,0.0,0,0,2026-09-30
NIFTY,2026-10-06,20550.0,CE,0.0,0.0,0.0,3624.65,2090.44,0,0.0,0,0,2026-09-30
NIFTY,2026-10-06,22400.0,PE,54.0,64.5,25.75,52.1,52.1,1070574,1561697161761.75,2829710,403000,2026-09-30
NIFTY,2026-10-06,22850.0,PE,198.85,285.45,134.35,259.95,259.95,489223,732548144373.5,537355,194285,2026-09-30
NIFTY,2026-10-06,24550.0,PE,1790.0,1790.0,1790.0,1790.0,1905.67,1,1712100.0,585,65,2026-09-30
NIFTY,2026-10-06,24600.0,PE,1891.75,1891.75,1871.75,1871.75,1955.62,2,3442627.5,19500,0,2026-09-30
NIFTY,2026-10-06,25250.0,PE,0.0,0.0,0.0,2349.0,2604.99,0,0.0,130,0,2026-09-30
NIFTY,2026-10-13,21350.0,PE,11.35,12.55,7.7,11.05,11.05,2226,3090550853.0,46020,29120,2026-09-30
NIFTY,2026-10-13,21400.0,PE,13.85,14.85,8.35,11.95,11.95,12895,17946216739.75,349895,89115,2026-09-30
NIFTY,2026-10-13,21450.0,PE,13.8,14.9,8.7,12.95,12.95,1526,2128785808.5,31460,27235,2026-09-30
NIFTY,2026-10-13,21050.0,CE,0.0,0.0,0.0,2704.75,1616.21,0,0.0,0,0,2026-09-30
NIFTY,2026-10-13,21200.0,CE,0.0,0.0,0.0,2556.95,1468.0,0,0.0,0,0,2026-09-30
NIFTY,2026-10-13,21550.0,CE,0.0,0.0,0.0,2214.9,1128.28,0,0.0,0,0,2026-09-30
NIFTY,2026-10-13,22900.0,CE,179.65,200.0,112.05,116.9,116.9,23501,35209810983.75,470990,209235,2026-09-30
NIFTY,2026-10-13,24400.0,CE,4.15,4.45,2.95,3.1,3.1,7200,11420794105.5,319800,71955,2026-09-30
NIFTY,2026-10-13,24800.0,CE,2.6,2.6,1.6,1.8,1.8,2077,3348376892.25,64935,19500,2026-09-30
NIFTY,2026-10-19,20650.0,CE,0.0,0.0,0.0,2584.0,2035.12,0,0.0,0,0,2026-09-30
NIFTY,2026-10-19,20850.0,CE,0.0,0.0,0.0,2387.15,1837.19,0,0.0,0,0,2026-09-30
NIFTY,2026-10-19,21100.0,CE,0.0,0.0,0.0,2143.1,1591.97,0,0.0,0,0,2026-09-30
NIFTY,2026-10-19,21400.0,CE,0.0,0.0,0.0,1444.1,1304.09,0,0.0,65,0,2026-09-30
NIFTY,2027-06-29,16500.0,PE,32.0,32.0,32.0,32.0,32.0,3,3223740.0,780,0,2026-09-30
NIFTY,2026-10-06,24800.0,CE,0.9,1.35,0.7,0.8,0.8,22195,35779451831.5,879255,118235,2026-09-30
NIFTY,2026-10-06,24600.0,CE,0.85,1.2,0.7,0.9,0.9,131980,211042831200.5,2174445,-530465,2026-09-30
NIFTY,2026-10-06,23950.0,CE,2.05,2.4,1.6,1.9,1.9,53859,83851726585.25,549055,-113165,2026-09-30
NIFTY,2026-10-06,22800.0,CE,139.9,172.1,69.0,74.55,74.55,3126638,4658708944971.25,8231730,4380155,2026-09-30
NIFTY,2026-10-06,22000.0,CE,767.0,863.7,637.5,657.95,657.95,11258,16635952570.25,417430,139555,2026-09-30
NIFTY,2026-10-06,21600.0,CE,1140.0,1195.35,1039.55,1047.5,1047.5,75,110729180.25,2015,1690,2026-09-30
NIFTY,2026-10-06,21550.0,CE,0.0,0.0,0.0,1181.35,1092.53,0,0.0,390,0,2026-09-30
NIFTY,2027-09-28,16500.0,PE,0.0,0.0,0.0,8.4,8.22,0,0.0,0,0,2026-09-30
NIFTY,2027-09-28,21000.0,PE,0.0,0.0,0.0,357.75,354.84,0,0.0,0,0,2026-09-30
NIFTY,2027-12-28,25500.0,PE,0.0,0.0,0.0,676.05,2141.9,0,0.0,0,0,2026-09-30
NIFTY,2028-06-27,22500.0,PE,0.0,0.0,0.0,206.95,809.44,0,0.0,0,0,2026-09-30
NIFTY,2026-10-19,21900.0,CE,0.0,0.0,0.0,1396.0,857.66,0,0.0,0,0,2026-09-30
NIFTY,2026-10-19,22200.0,CE,0.0,0.0,0.0,747.65,624.53,0,0.0,780,0,2026-09-30
NIFTY,2026-10-19,22550.0,CE,430.9,430.9,340.0,344.25,344.25,36,53651266.5,3315,1040,2026-09-30
NIFTY,2026-10-19,23000.0,CE,202.45,205.0,126.55,130.7,130.7,4762,7170486251.5,154245,63505,2026-09-30
NIFTY,2026-10-19,24550.0,CE,6.05,7.0,4.75,5.6,4.46,8,12768970.5,1365,-65,2026-09-30
NIFTY,2026-10-27,20650.0,CE,0.0,0.0,0.0,3662.6,2065.07,0,0.0,0,0,2026-09-30
NIFTY,2026-10-27,20700.0,CE,0.0,0.0,0.0,3614.75,2016.05,0,0.0,0,0,2026-09-30
NIFTY,2026-10-27,20950.0,CE,0.0,0.0,0.0,3376.9,1772.96,0,0.0,0,0,2026-09-30
NIFTY,2026-10-27,21250.0,CE,0.0,0.0,0.0,3095.5,1488.05,0,0.0,0,0,2026-09-30
NIFTY,2026-10-27,21450.0,CE,0.0,0.0,0.0,2911.0,1304.55,0,0.0,0,0,2026-09-30
NIFTY,2026-10-27,21700.0,CE,0.0,0.0,0.0,1200.0,1085.63,0,0.0,195,0,2026-09-30
NIFTY,2026-10-27,21900.0,CE,1021.0,1065.0,877.0,893.65,893.65,128,190233277.0,6110,3705,2026-09-30
NIFTY,2026-10-27,22200.0,CE,730.0,790.0,640.0,646.6,646.6,544,810202792.75,24245,12870,2026-09-30
NIFTY,2026-10-27,22900.0,CE,288.0,316.0,211.8,217.25,217.25,23653,35612554087.5,910065,204100,2026-09-30
NIFTY,2026-10-27,23300.0,CE,128.05,137.65,87.35,90.0,90.0,29827,45386866359.25,3210870,220090,2026-09-30
NIFTY,2026-10-27,24350.0,CE,13.9,14.15,11.4,11.6,11.6,2599,4115608458.0,159575,-7735,2026-09-30
NIFTY,2026-10-27,26150.0,CE,0.0,0.0,0.0,4.85,0.15,0,0.0,455,0,2026-09-30
NIFTY,2026-10-27,26550.0,CE,0.0,0.0,0.0,1.25,0.04,0,0.0,780,0,2026-09-30
NIFTY,2026-10-27,26800.0,CE,0.0,0.0,0.0,1.05,0.02,0,0.0,390,0,2026-09-30
NIFTY,2026-10-27,26950.0,CE,0.0,0.0,0.0,4.25,0.01,0,0.0,780,0,2026-09-30
NIFTY,2028-06-27,31500.0,PE,0.0,0.0,0.0,2935.6,5977.46,0,0.0,0,0,2026-09-30
NIFTY,2028-12-26,19500.0,PE,0.0,0.0,0.0,49.0,247.35,0,0.0,0,0,2026-09-30
NIFTY,2030-12-31,22500.0,PE,0.0,0.0,0.0,219.35,714.69,0,0.0,0,0,2026-09-30
NIFTY,2030-12-31,28500.0,PE,0.0,0.0,0.0,1083.1,2469.08,0,0.0,0,0,2026-09-30
NIFTY,2031-06-24,33000.0,PE,0.0,0.0,0.0,3810.15,4207.53,0,0.0,0,0,2026-09-30
NIFTY,2031-06-24,22500.0,PE,0.0,0.0,0.0,663.6,684.58,0,0.0,0,0,2026-09-30
NIFTY,2026-11-23,23750.0,PE,911.0,974.8,850.0,974.8,1128.96,4,6411824.25,2925,65,2026-09-30
NIFTY,2030-12-31,31500.0,PE,0.0,0.0,0.0,1885.5,3794.27,0,0.0,0,0,2026-09-30
NIFTY,2026-11-03,20750.0,CE,0.0,0.0,0.0,2724.4,2004.29,0,0.0,0,0,2026-09-30
NIFTY,2026-11-03,21600.0,CE,0.0,0.0,0.0,1906.05,1224.84,0,0.0,0,0,2026-09-30
NIFTY,2026-11-03,21850.0,CE,0.0,0.0,0.0,1676.7,1020.09,0,0.0,0,0,2026-09-30
NIFTY,2026-11-03,21950.0,CE,0.0,0.0,0.0,1587.3,942.7,0,0.0,0,0,2026-09-30
NIFTY,2026-11-03,23200.0,CE,207.0,215.0,155.2,158.6,158.6,123,186969012.75,7020,1560,2026-09-30
NIFTY,2026-11-03,23850.0,CE,0.0,0.0,0.0,341.7,98.81,0,0.0,0,0,2026-09-30
NIFTY,2026-11-03,25100.0,CE,11.8,11.8,3.4,9.85,9.85,235,383546969.0,19565,-5200,2026-09-30
NIFTY,2026-11-23,21200.0,CE,0.0,0.0,0.0,3469.95,1690.95,0,0.0,0,0,2026-09-30
NIFTY,2026-11-23,21550.0,CE,0.0,0.0,0.0,3139.0,1395.28,0,0.0,0,0,2026-09-30
NIFTY,2026-11-23,22050.0,CE,1041.2,1041.2,946.3,946.3,1015.67,3,4496277.5,195,0,2026-09-30
NIFTY,2026-11-23,22550.0,CE,702.0,702.0,603.45,603.45,603.45,15,22639054.75,650,195,2026-09-30
NIFTY,2027-03-30,28500.0,PE,0.0,0.0,0.0,2937.15,5037.42,0,0.0,65,0,2026-09-30
NIFTY,2027-03-30,21000.0,PE,160.5,178.8,146.25,175.75,175.75,4402,6055000136.25,1138280,36660,2026-09-30
NIFTY,2026-12-29,25500.0,PE,2346.4,2478.45,2285.0,2459.7,2459.7,235,425048464.75,356070,-9555,2026-09-30
NIFTY,2026-12-29,24250.0,PE,1231.7,1255.45,1181.2,1181.2,1522.3,69,114283250.25,4160,4160,2026-09-30
NIFTY,2026-12-29,24150.0,PE,1171.8,1171.8,1164.75,1164.75,1447.55,6,9874127.25,390,390,2026-09-30
NIFTY,2026-12-29,23800.0,PE,916.8,1018.9,871.85,1005.9,1199.01,49,78840677.5,1950,1950,2026-09-30
NIFTY,2026-12-29,23750.0,PE,873.55,962.5,844.35,962.5,962.5,47,75191366.25,2795,2795,2026-09-30
NIFTY,2026-12-29,23650.0,PE,824.0,824.0,819.4,819.45,1099.76,14,22268233.0,910,910,2026-09-30
NIFTY,2026-12-29,22850.0,PE,415.6,473.45,392.45,469.95,469.95,37,55985393.75,1820,1820,2026-09-30
NIFTY,2026-12-29,21500.0,PE,114.55,150.15,114.55,146.2,146.2,1848,2598789079.25,62335,62335,2026-09-30
NIFTY,2026-12-29,21450.0,PE,0.0,0.0,0.0,171.55,181.75,0,0.0,0,0,2026-09-30
NIFTY,2026-11-23,26050.0,PE,0.0,0.0,0.0,1637.9,3194.07,0,0.0,0,0,2026-09-30
NIFTY,2026-11-23,25800.0,PE,0.0,0.0,0.0,2725.0,2950.75,0,0.0,585,0,2026-09-30
NIFTY,2026-11-23,24750.0,PE,0.0,0.0,0.0,807.55,1960.89,0,0.0,0,0,2026-09-30
NIFTY,2026-11-23,24300.0,PE,1330.0,1463.55,1330.0,1463.55,1566.72,6,10014348.5,15145,-260,2026-09-30
NIFTY,2026-11-23,22900.0,PE,416.55,468.1,351.3,457.95,457.95,726,1100026001.75,60125,7345,2026-09-30
NIFTY,2026-11-23,22850.0,PE,402.35,442.95,334.85,433.0,433.0,428,646259354.0,22490,14170,2026-09-30
NIFTY,2026-11-23,22250.0,PE,179.5,224.3,166.1,223.9,223.9,75,109414838.0,10075,975,2026-09-30
NIFTY,2026-11-23,21750.0,PE,121.0,128.55,93.3,127.0,127.0,77,109416443.5,3835,-65,2026-09-30
NIFTY,2026-11-23,21100.0,PE,53.0,68.0,50.95,67.0,61.32,32,44016843.0,975,975,2026-09-30
NIFTY,2026-11-03,24500.0,PE,0.0,0.0,0.0,1160.15,1766.49,0,0.0,0,0,2026-09-30
NIFTY,2026-11-23,22900.0,CE,455.3,496.0,391.35,397.95,397.95,1416,2148177307.25,69810,33930,2026-09-30
NIFTY,2026-11-23,24400.0,CE,49.35,49.95,39.5,40.45,40.45,1350,2145001963.0,90220,3770,2026-09-30
NIFTY,2026-11-23,24700.0,CE,33.95,34.6,27.0,29.7,29.7,350,562603473.25,46735,-845,2026-09-30
NIFTY,2026-11-23,25000.0,CE,23.6,25.8,21.6,22.1,22.1,5985,9734502895.0,1153230,63180,2026-09-30
NIFTY,2026-11-23,25350.0,CE,0.0,0.0,0.0,15.0,25.83,0,0.0,455,0,2026-09-30
NIFTY,2026-11-23,26050.0,CE,11.45,11.45,10.65,10.8,8.1,30,50819037.75,2015,-325,2026-09-30
NIFTY,2026-12-29,23000.0,CE,625.0,633.9,523.05,530.1,530.1,9508,14572999584.0,1540395,60385,2026-09-30
NIFTY,2026-12-29,23450.0,CE,377.3,383.85,336.3,336.3,509.0,81,125406186.75,3250,3250,2026-09-30
NIFTY,2026-12-29,23600.0,CE,320.6,337.7,275.0,276.85,276.85,324,503347315.25,14235,14235,2026-09-30
NIFTY,2027-06-29,19000.0,CE,0.0,0.0,0.0,7800.0,4560.3,0,0.0,75,0,2026-09-30
NIFTY,2027-06-29,31500.0,CE,0.0,0.0,0.0,769.15,24.94,0,0.0,0,0,2026-09-30
NIFTY,2027-09-28,21000.0,CE,0.0,0.0,0.0,3277.85,3260.48,0,0.0,0,0,2026-09-30
NIFTY,2026-11-23,22800.0,PE,359.9,425.75,312.9,412.4,412.4,3590,5404996421.5,271700,-42705,2026-09-30
NIFTY,2026-11-23,23100.0,PE,525.95,576.0,440.95,564.5,564.5,669,1026798916.0,50895,11570,2026-09-30
NIFTY,2026-11-23,23500.0,PE,700.0,828.9,660.35,818.15,818.15,1259,1984928422.75,557050,-3835,2026-09-30
NIFTY,2026-11-23,23700.0,PE,855.0,959.4,800.6,959.05,959.05,28,44739412.25,36075,0,2026-09-30
NIFTY,2026-11-23,23900.0,PE,1017.2,1137.0,949.55,1137.0,1137.0,24,38842384.75,12935,-130,2026-09-30
NIFTY,2026-11-23,24700.0,PE,0.0,0.0,0.0,1752.25,1915.87,0,0.0,3705,0,2026-09-30
NIFTY,2026-11-03,21900.0,CE,0.0,0.0,0.0,1631.8,981.05,0,0.0,0,0,2026-09-30
NIFTY,2026-11-03,21150.0,CE,0.0,0.0,0.0,2334.2,1625.51,0,0.0,0,0,2026-09-30
NIFTY,2026-11-03,20950.0,CE,0.0,0.0,0.0,2528.5,1812.98,0,0.0,0,0,2026-09-30
NIFTY,2026-10-27,26300.0,CE,0.0,0.0,0.0,1.15,0.09,0,0.0,39910,0,2026-09-30
NIFTY,2026-10-27,25850.0,CE,0.0,0.0,0.0,2.35,0.41,0,0.0,585,0,2026-09-30
NIFTY,2026-10-27,25750.0,CE,2.6,3.55,1.85,2.8,2.8,266,445262912.25,73645,-7345,2026-09-30
NIFTY,2026-10-27,24850.0,CE,7.05,7.1,5.7,6.5,6.5,618,998484997.25,39390,3965,2026-09-30
NIFTY,2026-10-27,24750.0,CE,8.05,8.2,6.9,7.3,7.3,495,796572614.5,33930,-1300,2026-09-30
NIFTY,2026-10-27,24050.0,CE,23.1,23.1,17.6,18.3,18.3,2674,4183543562.25,232375,68315,2026-09-30
NIFTY,2026-10-27,23600.0,CE,59.55,65.7,42.8,44.25,44.25,27877,42859702616.25,1369680,156325,2026-09-30
NIFTY,2026-10-27,23200.0,CE,134.35,173.0,110.5,114.15,114.15,28170,42736131610.25,2615665,140595,2026-09-30
NIFTY,2026-10-27,25150.0,PE,0.0,0.0,0.0,2150.0,2422.85,0,0.0,260,0,2026-09-30
NIFTY,2026-10-27,25400.0,PE,0.0,0.0,0.0,2500.0,2670.15,0,0.0,8775,0,2026-09-30
NIFTY,2026-10-27,25500.0,PE,2629.95,2776.5,2551.65,2760.9,2760.9,590,1079845344.5,890500,-26845,2026-09-30
NIFTY,2026-10-27,26950.0,PE,0.0,0.0,0.0,2675.85,4211.8,0,0.0,0,0,2026-09-30
NIFTY,2026-11-03,21550.0,PE,0.0,0.0,0.0,27.0,69.98,0,0.0,0,0,2026-09-30
NIFTY,2026-11-03,23900.0,PE,0.0,0.0,0.0,731.5,1229.72,0,0.0,0,0,2026-09-30
NIFTY,2026-11-03,24350.0,PE,0.0,0.0,0.0,1045.45,1627.63,0,0.0,0,0,2026-09-30
NIFTY,2026-11-03,24800.0,PE,0.0,0.0,0.0,1405.5,2050.59,0,0.0,0,0,2026-09-30
NIFTY,2026-11-03,25050.0,PE,0.0,0.0,0.0,1622.0,2292.0,0,0.0,0,0,2026-09-30
NIFTY,2026-11-23,20550.0,PE,40.5,42.2,39.0,42.2,22.49,6,8030639.5,325,325,2026-09-30
NIFTY,2026-11-23,20900.0,PE,40.1,46.95,39.7,44.5,43.43,35,47643752.0,1365,585,2026-09-30
NIFTY,2026-11-23,21300.0,PE,62.4,81.65,56.65,80.8,80.8,406,563825460.25,23985,11765,2026-09-30
NIFTY,2026-11-23,21600.0,PE,74.15,112.45,74.15,109.15,109.15,534,752995512.75,24700,3120,2026-09-30
NIFTY,2026-11-23,21800.0,PE,121.15,140.0,97.5,134.4,134.4,1893,2696332135.25,94705,39650,2026-09-30
NIFTY,2026-11-23,22400.0,PE,238.1,274.25,193.65,264.65,264.65,2016,2966270180.25,89570,-12545,2026-09-30
NIFTY,2026-11-23,22650.0,PE,301.15,358.6,261.85,347.3,347.3,237,354016555.75,12805,5980,2026-09-30
NIFTY,2026-11-23,23550.0,PE,772.4,860.05,703.3,857.55,857.55,19,30082230.75,15860,-520,2026-09-30
NIFTY,2026-11-23,24050.0,PE,0.0,0.0,0.0,1132.55,1360.49,0,0.0,1040,0,2026-09-30
NIFTY,2026-11-23,24450.0,PE,0.0,0.0,0.0,1500.2,1695.16,0,0.0,455,0,2026-09-30
NIFTY,2026-11-23,24650.0,PE,0.0,0.0,0.0,1463.55,1871.13,0,0.0,260,0,2026-09-30
NIFTY,2026-12-29,15000.0,PE,9.5,10.0,8.2,8.75,8.75,395,385350072.25,156440,1560,2026-09-30
NIFTY,2026-12-29,16000.0,PE,11.1,11.1,9.85,10.65,10.65,84,87418340.75,137340,-1560,2026-09-30
NIFTY,2026-12-29,22050.0,PE,190.05,220.85,190.05,220.85,332.8,2,2893208.5,130,130,2026-09-30
NIFTY,2026-12-29,22350.0,PE,277.8,293.35,268.3,293.35,434.87,10,14708157.75,520,520,2026-09-30
NIFTY,2026-12-29,23250.0,PE,583.75,597.85,548.2,557.4,856.86,35,54176989.75,2145,2145,2026-09-30
NIFTY,2026-12-29,24000.0,PE,1074.95,1164.55,984.45,1148.75,1148.75,5017,8171726696.25,2202160,-47075,2026-09-30
NIFTY,2026-12-29,24300.0,PE,1274.05,1274.05,1214.1,1214.1,1559.32,6,9962189.25,390,390,2026-09-30
NIFTY,2026-12-29,33000.0,PE,0.0,0.0,0.0,5263.45,9866.88,0,0.0,0,0,2026-09-30
NIFTY,2027-12-28,28500.0,PE,0.0,0.0,0.0,2979.7,4181.46,0,0.0,260,0,2026-09-30
NIFTY,2027-12-28,31500.0,PE,0.0,0.0,0.0,3240.0,6644.78,0,0.0,0,0,2026-09-30
NIFTY,2027-12-28,33000.0,PE,0.0,0.0,0.0,4155.55,7960.88,0,0.0,0,0,2026-09-30
NIFTY,2028-06-27,19500.0,PE,0.0,0.0,0.0,40.05,215.95,0,0.0,0,0,2026-09-30
NIFTY,2028-06-27,30000.0,PE,0.0,0.0,0.0,3779.25,4834.88,0,0.0,0,0,2026-09-30
NIFTY,2028-12-26,16500.0,PE,0.0,0.0,0.0,5.9,43.85,0,0.0,0,0,2026-09-30
NIFTY,2029-06-26,15000.0,PE,0.0,0.0,0.0,30.9,19.98,0,0.0,0,0,2026-09-30
NIFTY,2029-12-24,18000.0,PE,0.0,0.0,0.0,96.5,144.63,0,0.0,0,0,2026-09-30
NIFTY,2029-12-24,23000.0,PE,0.0,0.0,0.0,725.05,890.91,0,0.0,1625,0,2026-09-30
NIFTY,2029-12-24,26000.0,PE,0.0,0.0,0.0,1900.0,1825.05,0,0.0,4380,0,2026-09-30
NIFTY,2030-06-25,24000.0,PE,0.0,0.0,0.0,698.15,1098.09,0,0.0,0,0,2026-09-30
NIFTY,2030-12-31,25500.0,PE,0.0,0.0,0.0,538.25,1435.73,0,0.0,0,0,2026-09-30
NIFTY,2026-10-27,22250.0,PE,117.2,159.95,97.95,147.15,147.15,2151,3128569882.75,239395,7995,2026-09-30
NIFTY,2026-10-27,22650.0,PE,233.95,295.7,190.0,279.7,279.7,6396,9515982833.5,232830,13845,2026-09-30
NIFTY,2026-10-27,22800.0,PE,299.95,366.05,240.1,347.85,347.85,55767,83722171416.0,2625610,583635,2026-09-30
NIFTY,2026-10-27,22850.0,PE,312.3,392.0,259.8,372.55,372.55,4517,6801233923.25,127465,33735,2026-09-30
NIFTY,2026-10-27,25750.0,PE,0.0,0.0,0.0,1659.3,3017.59,0,0.0,325,0,2026-09-30
NIFTY,2026-11-03,21050.0,PE,0.0,0.0,0.0,8.75,24.09,0,0.0,0,0,2026-09-30
NIFTY,2026-10-27,26150.0,PE,0.0,0.0,0.0,2950.0,3415.44,0,0.0,195,0,2026-09-30
NIFTY,2026-10-27,25900.0,PE,2945.2,2945.2,2945.2,2945.2,2945.2,1,1874938.0,1690,65,2026-09-30
NIFTY,2026-10-06,23500.0,CE,5.8,6.95,4.15,4.7,4.7,741731,1133249138092.5,9790495,3051035,2026-09-30
NIFTY,2026-10-06,24150.0,CE,1.85,1.85,1.25,1.4,1.4,37361,58650968847.25,530920,201630,2026-09-30
NIFTY,2026-10-06,24700.0,CE,0.9,1.05,0.65,0.85,0.85,30373,48765413073.0,906620,63895,2026-09-30
NIFTY,2026-10-06,25100.0,CE,0.9,0.9,0.65,0.7,0.7,3227,5265002343.25,65975,16835,2026-09-30
NIFTY,2026-10-06,25150.0,CE,0.85,0.95,0.6,0.7,0.7,1201,1963390806.0,23530,15795,2026-09-30
NIFTY,2026-10-13,22500.0,CE,410.0,466.0,307.4,316.65,316.65,7288,10835657787.5,180375,90805,2026-09-30
NIFTY,2026-10-13,23300.0,CE,52.25,57.75,31.85,33.65,33.65,34473,52305742466.25,730990,170560,2026-09-30
NIFTY,2026-10-13,23650.0,CE,17.0,17.8,11.35,11.9,11.9,8883,13663428463.75,146445,49920,2026-09-30
NIFTY,2026-10-13,24450.0,CE,4.8,5.05,2.7,2.95,2.95,384,610354390.75,11440,3120,2026-09-30
NIFTY,2026-10-13,25050.0,CE,1.6,1.75,1.1,1.3,1.3,150,244252242.0,2275,1040,2026-09-30
NIFTY,2026-10-13,25150.0,CE,1.65,1.95,1.4,1.8,1.8,130,212530727.5,4810,1690,2026-09-30
NIFTY,2026-10-19,21000.0,CE,0.0,0.0,0.0,2240.4,1689.66,0,0.0,0,0,2026-09-30
NIFTY,2026-10-19,21300.0,CE,0.0,0.0,0.0,1950.35,1398.97,0,0.0,0,0,2026-09-30
NIFTY,2026-10-19,21600.0,CE,0.0,0.0,0.0,1667.5,1118.95,0,0.0,0,0,2026-09-30
NIFTY,2026-10-19,21800.0,CE,0.0,0.0,0.0,1484.95,942.09,0,0.0,0,0,2026-09-30
NIFTY,2026-10-19,21950.0,CE,0.0,0.0,0.0,942.85,816.6,0,0.0,65,0,2026-09-30
NIFTY,2026-10-19,22600.0,CE,400.0,440.0,308.0,314.25,314.25,1340,1998380432.75,44655,40820,2026-09-30
NIFTY,2026-10-19,24400.0,CE,7.95,9.6,5.1,5.5,5.5,840,1332591484.25,35295,12935,2026-09-30
NIFTY,2026-10-19,24800.0,CE,6.9,6.9,4.0,4.2,1.96,28,45144138.0,1755,195,2026-09-30
NIFTY,2026-10-19,25000.0,CE,4.9,4.9,3.6,3.7,3.7,1054,1713023903.5,77610,19955,2026-09-30
NIFTY,2026-10-27,21150.0,CE,0.0,0.0,0.0,3188.75,1581.94,0,0.0,0,0,2026-09-30
NIFTY,2026-10-27,21300.0,CE,0.0,0.0,0.0,1630.0,1441.6,0,0.0,65,0,2026-09-30
NIFTY,2026-10-27,21650.0,CE,0.0,0.0,0.0,2729.45,1128.31,0,0.0,0,0,2026-09-30
NIFTY,2026-10-27,21850.0,CE,0.0,0.0,0.0,2551.3,961.39,0,0.0,0,0,2026-09-30
NIFTY,2026-10-27,22350.0,CE,621.9,678.15,533.25,535.3,535.3,74,110235898.5,9555,130,2026-09-30
NIFTY,2026-10-27,22950.0,CE,264.6,287.45,192.1,197.0,197.0,2567,3868497288.5,65910,10595,2026-09-30
NIFTY,2026-10-27,23900.0,CE,29.3,41.9,22.95,23.5,23.5,12334,19182367594.0,533130,-58500,2026-09-30
NIFTY,2026-10-27,24200.0,CE,19.0,21.0,12.65,14.35,14.35,15262,24022544923.0,1042405,202865,2026-09-30
NIFTY,2026-10-27,24500.0,CE,10.55,11.75,9.5,9.7,9.7,21630,34459870240.25,2481830,7280,2026-09-30
NIFTY,2026-10-27,25450.0,CE,3.75,3.75,3.0,3.4,3.4,16,26471675.75,4550,650,2026-09-30
NIFTY,2026-10-27,26000.0,CE,1.65,2.55,1.5,2.1,2.1,15024,25392413007.0,1931410,5395,2026-09-30
NIFTY,2026-10-27,26600.0,CE,1.75,1.75,0.7,0.7,0.7,23,39768608.75,2275,-520,2026-09-30
NIFTY,2026-10-27,26750.0,CE,0.0,0.0,0.0,6.35,0.02,0,0.0,975,0,2026-09-30
NIFTY,2026-11-03,20550.0,CE,0.0,0.0,0.0,2921.3,2198.31,0,0.0,0,0,2026-09-30
NIFTY,2026-11-03,21250.0,CE,0.0,0.0,0.0,2237.75,1533.61,0,0.0,0,0,2026-09-30
NIFTY,2026-11-03,22200.0,CE,741.0,741.0,713.05,713.05,713.05,2,2980513.25,130,130,2026-09-30
NIFTY,2026-11-03,23050.0,CE,258.25,273.6,206.45,208.1,208.1,49,74203912.25,3185,2405,2026-09-30
NIFTY,2026-11-03,23500.0,CE,121.0,122.0,83.8,85.7,85.7,716,1098542441.75,28145,5265,2026-09-30
NIFTY,2026-11-23,21500.0,CE,1535.0,1575.0,1406.0,1406.85,1406.85,85,127081480.5,7085,2145,2026-09-30
NIFTY,2026-11-23,21600.0,CE,0.0,0.0,0.0,3092.25,1354.88,0,0.0,0,0,2026-09-30
NIFTY,2026-11-23,22350.0,CE,0.0,0.0,0.0,820.25,817.59,0,0.0,195,0,2026-09-30
NIFTY,2026-11-23,22950.0,CE,446.65,465.75,366.75,370.75,370.75,203,308268658.75,7215,4875,2026-09-30
NIFTY,2026-11-23,23300.0,CE,278.0,294.8,224.45,228.75,228.75,1557,2383709454.75,103870,-4485,2026-09-30
NIFTY,2026-11-23,24000.0,CE,90.0,97.4,74.3,75.95,75.95,14816,23195109021.5,1249885,138450,2026-09-30
NIFTY,2026-11-23,24100.0,CE,74.05,80.0,60.85,63.4,63.4,2137,3357288135.5,135655,9750,2026-09-30
NIFTY,2026-11-23,24750.0,CE,31.5,33.2,25.6,25.6,25.6,59,95030516.75,17810,390,2026-09-30
NIFTY,2026-11-23,25850.0,CE,9.65,10.45,9.65,10.45,11.43,10,16809032.5,195,-325,2026-09-30
NIFTY,2026-12-29,21000.0,CE,2106.9,2215.35,2018.9,2028.05,2028.05,589,884798918.25,466590,13445,2026-09-30
NIFTY,2026-12-29,21100.0,CE,0.0,0.0,0.0,2039.8,1969.86,0,0.0,0,0,2026-09-30
NIFTY,2026-12-29,21350.0,CE,0.0,0.0,0.0,1832.4,1764.8,0,0.0,0,0,2026-09-30
NIFTY,2026-12-29,22800.0,CE,712.25,743.0,633.3,639.05,639.05,160,244281713.0,4680,4680,2026-09-30
NIFTY,2026-12-29,23700.0,CE,285.5,298.0,246.4,247.75,247.75,461,718349534.5,19695,19695,2026-09-30
NIFTY,2026-12-29,24200.0,CE,0.0,0.0,0.0,304.8,281.14,0,0.0,0,0,2026-09-30
NIFTY,2027-03-30,18000.0,CE,0.0,0.0,0.0,5643.55,5185.93,0,0.0,0,0,2026-09-30
NIFTY,2027-06-29,21000.0,CE,0.0,0.0,0.0,3061.8,2890.15,0,0.0,0,0,2026-09-30
NIFTY,2027-06-29,24000.0,CE,840.0,866.0,773.5,779.0,779.0,386,623001268.5,30955,2990,2026-09-30
NIFTY,2027-06-29,27000.0,CE,149.0,152.95,132.15,136.95,136.95,283,499304919.75,39065,3315,2026-09-30
NIFTY,2027-12-28,22500.0,CE,0.0,0.0,0.0,3011.0,2614.39,0,0.0,65,0,2026-09-30
NIFTY,2027-12-28,25500.0,CE,0.0,0.0,0.0,2400.0,1198.95,0,0.0,0,0,2026-09-30
NIFTY,2027-12-28,28500.0,CE,224.05,226.85,200.1,209.9,209.9,164,306068587.5,68965,520,2026-09-30
NIFTY,2028-06-27,25500.0,CE,0.0,0.0,0.0,1900.0,1792.01,0,0.0,195,0,2026-09-30
NIFTY,2028-06-27,31500.0,CE,0.0,0.0,0.0,1784.8,397.37,0,0.0,0,0,2026-09-30
NIFTY,2028-12-26,15000.0,CE,0.0,0.0,0.0,11381.75,9623.81,0,0.0,0,0,2026-09-30
NIFTY,2028-12-26,21000.0,CE,0.0,0.0,0.0,7512.5,4878.09,0,0.0,0,0,2026-09-30
NIFTY,2029-06-26,15000.0,CE,0.0,0.0,0.0,13671.85,10035.63,0,0.0,0,0,2026-09-30
NIFTY,2029-12-24,22500.0,CE,0.0,0.0,0.0,8486.15,5073.02,0,0.0,0,0,2026-09-30
NIFTY,2030-06-25,16500.0,CE,0.0,0.0,0.0,13374.05,9680.2,0,0.0,0,0,2026-09-30
NIFTY,2030-06-25,19500.0,CE,0.0,0.0,0.0,11140.25,7522.86,0,0.0,0,0,2026-09-30
NIFTY,2031-06-24,28500.0,CE,0.0,0.0,0.0,5048.95,3814.85,0,0.0,0,0,2026-09-30
NIFTY,2026-10-06,20650.0,PE,1.55,2.25,1.0,1.2,1.2,4444,5965369679.75,48230,39585,2026-09-30
NIFTY,2026-10-06,20900.0,PE,2.0,2.45,1.1,1.45,1.45,37005,50275349783.75,502450,242255,2026-09-30
NIFTY,2031-06-24,15000.0,PE,0.0,0.0,0.0,47.5,39.04,0,0.0,0,0,2026-09-30
NIFTY,2030-12-31,21000.0,PE,0.0,0.0,0.0,450.0,465.87,0,0.0,845,0,2026-09-30
NIFTY,2030-06-25,25500.0,PE,0.0,0.0,0.0,568.55,1536.76,0,0.0,0,0,2026-09-30
NIFTY,2030-06-25,21000.0,PE,0.0,0.0,0.0,220.0,476.85,0,0.0,65,0,2026-09-30
NIFTY,2029-12-24,31500.0,PE,0.0,0.0,0.0,2240.25,4511.29,0,0.0,0,0,2026-09-30
NIFTY,2029-12-24,25500.0,PE,0.0,0.0,0.0,597.3,1641.47,0,0.0,0,0,2026-09-30
NIFTY,2029-06-26,24000.0,PE,0.0,0.0,0.0,850.0,1216.5,0,0.0,155,0,2026-09-30
NIFTY,2028-12-26,28500.0,PE,0.0,0.0,0.0,1451.15,3439.84,0,0.0,0,0,2026-09-30
NIFTY,2028-12-26,27000.0,PE,2100.0,2130.0,2075.0,2097.95,2097.95,12,22697255.75,17845,0,2026-09-30
NIFTY,2027-03-30,19500.0,PE,71.8,79.5,64.85,75.35,75.35,1026,1305260771.75,296595,18980,2026-09-30
NIFTY,2026-12-29,26000.0,PE,2800.0,2956.4,2735.35,2939.75,2939.75,1087,2036176018.5,1612575,1870,2026-09-30
NIFTY,2026-12-29,22750.0,PE,379.7,420.5,347.45,420.5,600.74,29,43586952.5,1495,1495,2026-09-30
NIFTY,2026-12-29,22300.0,PE,256.45,291.5,229.1,289.15,289.15,247,362135800.0,7280,7280,2026-09-30
NIFTY,2026-12-29,21650.0,PE,156.15,156.15,156.15,156.15,224.91,1,1417399.75,65,65,2026-09-30
NIFTY,2026-10-06,21850.0,PE,9.0,9.9,4.75,6.9,6.9,202172,287217881554.5,1033110,839735,2026-09-30
NIFTY,2026-10-06,22450.0,PE,46.0,78.15,31.05,63.5,63.5,754562,1103599663097.75,1020305,441415,2026-09-30
NIFTY,2026-10-06,22950.0,PE,250.0,364.0,186.4,337.35,337.35,94021,141793216227.0,469040,50895,2026-09-30
NIFTY,2026-10-06,23200.0,PE,478.95,586.25,369.25,560.05,560.05,19519,30009768399.0,606840,-31785,2026-09-30
NIFTY,2026-10-06,23350.0,PE,623.65,725.0,506.3,707.0,707.0,964,1500908363.5,85735,5655,2026-09-30
NIFTY,2026-10-06,23850.0,PE,1110.2,1203.85,1010.25,1198.2,1198.2,25,40530834.5,9945,130,2026-09-30
NIFTY,2026-10-06,24350.0,PE,0.0,0.0,0.0,1580.0,1705.89,0,0.0,1105,0,2026-09-30
NIFTY,2026-10-06,25100.0,PE,0.0,0.0,0.0,2279.9,2455.14,0,0.0,5330,0,2026-09-30
NIFTY,2026-10-06,25150.0,PE,0.0,0.0,0.0,1102.0,2505.09,0,0.0,0,0,2026-09-30
NIFTY,2026-10-06,25500.0,PE,2730.0,2830.0,2716.55,2830.0,2854.75,3,5510475.75,66365,-65,2026-09-30
NIFTY,2026-10-13,21150.0,PE,9.3,9.4,6.15,8.2,8.2,230,316303939.25,6110,4225,2026-09-30
NIFTY,2026-10-13,21200.0,PE,7.1,9.85,6.05,8.7,8.7,4412,6081921147.25,124930,57980,2026-09-30
NIFTY,2026-10-13,21500.0,PE,14.3,16.9,9.45,14.05,14.05,27908,39023708977.5,638105,274885,2026-09-30
NIFTY,2026-10-13,21800.0,PE,25.0,31.3,16.0,27.25,27.25,20153,28585818303.25,349505,25545,2026-09-30
NIFTY,2026-12-29,13000.0,PE,0.0,0.0,0.0,4.85,0.0,0,0.0,9305,0,2026-09-30
NIFTY,2026-11-23,25500.0,PE,2465.8,2626.7,2442.1,2615.0,2615.0,158,288206639.5,223210,9165,2026-09-30
NIFTY,2026-11-23,25150.0,PE,0.0,0.0,0.0,1030.25,2329.5,0,0.0,0,0,2026-09-30
NIFTY,2026-11-23,24250.0,PE,0.0,0.0,0.0,1293.1,1524.65,0,0.0,780,0,2026-09-30
NIFTY,2026-11-23,24200.0,PE,1290.0,1356.15,1202.25,1350.0,1482.98,11,18227846.0,11310,-455,2026-09-30
NIFTY,2026-11-23,23850.0,PE,972.55,1038.6,953.25,1038.55,1203.61,15,24216517.0,2080,-260,2026-09-30
NIFTY,2026-11-23,22750.0,PE,334.75,397.6,295.0,392.4,392.4,285,427795540.25,15015,2665,2026-09-30
NIFTY,2026-11-23,22300.0,PE,215.8,245.8,170.95,235.05,235.05,1093,1599248023.75,78390,16055,2026-09-30
NIFTY,2026-11-23,21650.0,PE,91.15,119.6,84.8,114.05,114.05,126,178082840.0,3575,3185,2026-09-30
NIFTY,2026-11-23,21050.0,PE,53.1,60.25,53.1,60.25,60.25,3,4116034.0,5525,-65,2026-09-30
NIFTY,2026-11-23,20850.0,PE,45.55,47.55,45.55,47.55,39.71,2,2716551.5,195,0,2026-09-30
NIFTY,2026-11-03,24550.0,PE,0.0,0.0,0.0,1199.8,1813.3,0,0.0,0,0,2026-09-30
NIFTY,2026-11-03,23850.0,PE,0.0,0.0,0.0,700.25,1187.7,0,0.0,0,0,2026-09-30
NIFTY,2026-11-03,22550.0,PE,236.45,276.0,201.35,262.55,262.55,97,143738429.25,3380,1690,2026-09-30
NIFTY,2026-11-03,21250.0,PE,0.0,0.0,0.0,14.0,37.84,0,0.0,0,0,2026-09-30
NIFTY,2026-10-13,21850.0,PE,34.05,35.55,17.95,30.45,30.45,3919,5572727251.0,55575,27755,2026-09-30
NIFTY,2026-10-13,22200.0,PE,56.2,80.6,39.5,70.3,70.3,27579,39899283736.0,557505,137345,2026-09-30
NIFTY,2026-10-13,24750.0,PE,0.0,0.0,0.0,1115.1,2077.76,0,0.0,0,0,2026-09-30
NIFTY,2026-10-13,24950.0,PE,0.0,0.0,0.0,1278.75,2277.13,0,0.0,0,0,2026-09-30
NIFTY,2026-10-13,25300.0,PE,0.0,0.0,0.0,1583.0,2626.28,0,0.0,0,0,2026-09-30
NIFTY,2026-10-19,20500.0,PE,7.2,8.45,6.0,7.95,7.95,136,181283739.0,6305,3900,2026-09-30
NIFTY,2026-10-19,20550.0,PE,0.0,0.0,0.0,1.9,0.73,0,0.0,0,0,2026-09-30
NIFTY,2026-10-19,20750.0,PE,0.0,0.0,0.0,3.5,1.73,0,0.0,0,0,2026-09-30
NIFTY,2026-10-19,21150.0,PE,21.9,21.9,13.3,14.15,14.15,4,5503179.5,1495,-65,2026-09-30
NIFTY,2026-10-19,21500.0,PE,25.0,31.0,17.85,27.8,27.8,1325,1853650259.5,54730,23920,2026-09-30
NIFTY,2026-10-19,21600.0,PE,30.25,35.4,21.3,33.25,33.25,498,700061508.25,15795,-2860,2026-09-30
NIFTY,2026-10-19,22150.0,PE,72.3,101.7,57.25,90.6,90.6,89,128592815.0,5265,780,2026-09-30
NIFTY,2026-10-19,23150.0,PE,0.0,0.0,0.0,454.3,608.37,0,0.0,2665,0,2026-09-30
NIFTY,2026-10-19,23350.0,PE,607.55,639.45,530.6,639.45,759.05,3,4668794.0,2145,0,2026-09-30
NIFTY,2026-10-19,23950.0,PE,0.0,0.0,0.0,887.9,1280.98,0,0.0,0,0,2026-09-30
NIFTY,2026-10-27,21150.0,PE,29.65,31.45,20.9,29.8,29.8,343,472117652.5,12480,3965,2026-09-30
NIFTY,2030-12-31,19500.0,PE,0.0,0.0,0.0,67.4,283.77,0,0.0,0,0,2026-09-30
NIFTY,2026-10-06,20500.0,CE,0.0,0.0,0.0,3674.35,2140.39,0,0.0,0,0,2026-09-30
NIFTY,2026-10-06,21300.0,CE,0.0,0.0,0.0,2880.7,1341.34,0,0.0,0,0,2026-09-30
NIFTY,2026-10-06,22550.0,CE,314.6,352.85,185.4,194.65,194.65,165054,244623637290.5,540150,391235,2026-09-30
NIFTY,2026-10-06,24000.0,CE,1.95,2.2,1.6,1.8,1.8,601953,939119649490.75,9175660,3677115,2026-09-30
NIFTY,2026-10-06,25350.0,CE,0.75,0.8,0.55,0.65,0.65,570,939242453.5,9620,-3835,2026-09-30
NIFTY,2026-10-13,20600.0,CE,0.0,0.0,0.0,3150.35,2063.96,0,0.0,0,0,2026-09-30
NIFTY,2026-10-13,23800.0,CE,11.4,11.85,8.1,8.4,8.4,41796,64684405428.5,1041560,712725,2026-09-30
NIFTY,2026-10-13,25000.0,CE,2.05,2.05,1.3,1.35,1.35,8013,13021868915.25,196040,29315,2026-09-30
NIFTY,2026-10-13,25300.0,CE,1.55,1.55,1.05,1.35,1.35,77,126633412.75,3770,975,2026-09-30
NIFTY,2026-10-19,20600.0,CE,0.0,0.0,0.0,2633.35,2084.75,0,0.0,0,0,2026-09-30
NIFTY,2026-10-19,20700.0,CE,0.0,0.0,0.0,2534.65,1985.55,0,0.0,0,0,2026-09-30
NIFTY,2026-10-19,21250.0,CE,0.0,0.0,0.0,1998.25,1446.86,0,0.0,0,0,2026-09-30
NIFTY,2026-10-19,21350.0,CE,0.0,0.0,0.0,1902.6,1351.37,0,0.0,0,0,2026-09-30
NIFTY,2026-10-19,22400.0,CE,460.0,461.2,439.9,443.05,443.05,21,31192014.75,1690,390,2026-09-30
NIFTY,2026-10-19,22950.0,CE,195.0,227.0,144.65,147.7,147.7,589,885454687.0,9685,1300,2026-09-30
NIFTY,2026-10-19,24450.0,CE,11.25,11.25,5.55,5.6,5.6,23,36562519.5,2340,-715,2026-09-30
NIFTY,2026-10-27,22500.0,CE,549.4,579.0,424.75,434.35,434.35,23118,34559977068.5,1039285,231270,2026-09-30
NIFTY,2026-10-27,23750.0,CE,44.7,44.7,31.2,32.05,32.05,3432,5306365850.5,135915,19435,2026-09-30
NIFTY,2026-10-27,23800.0,CE,38.65,39.3,27.1,28.1,28.1,31134,48231588161.25,1692600,399685,2026-09-30
NIFTY,2026-10-27,23850.0,CE,33.3,35.7,25.2,25.95,25.95,3042,4721806076.0,104065,34905,2026-09-30
NIFTY,2026-10-27,24650.0,CE,9.0,9.0,7.8,8.1,8.1,422,676370581.25,38415,-4550,2026-09-30
NIFTY,2026-10-27,25250.0,CE,0.0,0.0,0.0,5.9,2.43,0,0.0,2080,0,2026-09-30
NIFTY,2026-10-27,25950.0,CE,5.7,5.7,1.85,2.15,2.15,45,75910155.75,3380,2210,2026-09-30
NIFTY,2026-10-27,26500.0,CE,0.8,1.1,0.7,1.0,1.0,2112,3638045411.0,738010,14560,2026-09-30
NIFTY,2026-11-03,20850.0,CE,0.0,0.0,0.0,2626.3,1908.23,0,0.0,0,0,2026-09-30
NIFTY,2026-11-03,21000.0,CE,0.0,0.0,0.0,2479.75,1765.71,0,0.0,0,0,2026-09-30
NIFTY,2026-11-03,22000.0,CE,0.0,0.0,0.0,1543.15,905.08,0,0.0,0,0,2026-09-30
NIFTY,2026-11-03,22950.0,CE,306.4,319.9,249.0,249.65,249.65,26,39278122.0,1950,1105,2026-09-30
NIFTY,2026-11-03,23650.0,CE,0.0,0.0,0.0,181.9,134.99,0,0.0,1495,0,2026-09-30
NIFTY,2026-11-03,23700.0,CE,0.0,0.0,0.0,401.3,125.08,0,0.0,0,0,2026-09-30
NIFTY,2026-11-03,23800.0,CE,58.25,63.45,45.3,46.25,46.25,409,634201772.75,18200,5330,2026-09-30
NIFTY,2026-11-03,24500.0,CE,0.0,0.0,0.0,156.05,31.43,0,0.0,0,0,2026-09-30
NIFTY,2026-11-03,24550.0,CE,13.5,19.0,13.5,17.3,17.3,9,14370486.0,260,260,2026-09-30
NIFTY,2026-11-03,24700.0,CE,16.25,17.7,9.0,12.9,12.9,146,234533302.25,21190,1170,2026-09-30
NIFTY,2026-11-03,24750.0,CE,0.0,0.0,0.0,111.0,19.17,0,0.0,0,0,2026-09-30
NIFTY,2026-11-23,21050.0,CE,0.0,0.0,0.0,3613.45,1823.65,0,0.0,0,0,2026-09-30
NIFTY,2026-11-23,21300.0,CE,0.0,0.0,0.0,3374.8,1604.34,0,0.0,0,0,2026-09-30
NIFTY,2026-11-23,21400.0,CE,0.0,0.0,0.0,3280.1,1519.37,0,0.0,0,0,2026-09-30
NIFTY,2026-11-23,21800.0,CE,0.0,0.0,0.0,1571.45,1198.49,0,0.0,130,0,2026-09-30
NIFTY,2026-11-23,22850.0,CE,490.9,514.5,418.15,422.25,422.25,106,160562450.75,5915,2990,2026-09-30
NIFTY,2026-11-23,23150.0,CE,338.3,357.65,282.4,283.6,283.6,172,262439368.75,129935,1755,2026-09-30
NIFTY,2026-11-23,23650.0,CE,162.95,170.05,131.0,132.4,132.4,408,631005992.5,12805,-2665,2026-09-30
NIFTY,2026-11-23,24200.0,CE,67.0,67.05,53.0,54.15,54.15,2530,3989588830.5,169390,-2730,2026-09-30
NIFTY,2026-11-23,25700.0,CE,11.6,11.6,11.1,11.1,14.7,8,13369989.75,715,-65,2026-09-30
NIFTY,2026-12-29,20000.0,CE,3032.45,3140.0,2941.6,2948.45,2948.45,333,499115942.0,765075,-325,2026-09-30
NIFTY,2026-12-29,21200.0,CE,0.0,0.0,0.0,1955.8,1886.74,0,0.0,0,0,2026-09-30
NIFTY,2026-12-29,22200.0,CE,1124.65,1153.5,1031.0,1036.7,1036.7,13,19702062.25,780,780,2026-09-30
NIFTY,2026-12-29,22250.0,CE,1096.2,1096.2,1019.75,1019.75,1114.88,16,24258988.0,845,845,2026-09-30
NIFTY,2026-12-29,22650.0,CE,0.0,0.0,0.0,928.4,878.34,0,0.0,0,0,2026-09-30
NIFTY,2026-12-29,23100.0,CE,547.6,564.0,475.0,479.65,479.65,161,247128592.75,5590,5590,2026-09-30
NIFTY,2026-12-29,23950.0,CE,0.0,0.0,0.0,373.5,344.98,0,0.0,0,0,2026-09-30
NIFTY,2026-12-29,24150.0,CE,0.0,0.0,0.0,317.7,293.19,0,0.0,0,0,2026-09-30
NIFTY,2027-03-30,16500.0,CE,0.0,0.0,0.0,6995.9,6632.48,0,0.0,0,0,2026-09-30
NIFTY,2027-03-30,28500.0,CE,30.85,30.85,26.05,26.6,26.6,441,817760027.5,200720,3575,2026-09-30
NIFTY,2028-06-27,22500.0,CE,0.0,0.0,0.0,6796.05,3286.65,0,0.0,0,0,2026-09-30
NIFTY,2028-06-27,28500.0,CE,0.0,0.0,0.0,2990.0,881.7,0,0.0,0,0,2026-09-30
NIFTY,2028-12-26,27000.0,CE,1411.2,1411.2,1411.2,1411.2,1799.23,1,1846728.0,4615,0,2026-09-30
NIFTY,2029-06-26,22500.0,CE,0.0,0.0,0.0,7946.5,4509.09,0,0.0,0,0,2026-09-30
NIFTY,2030-06-25,28500.0,CE,0.0,0.0,0.0,5382.85,2818.39,0,0.0,0,0,2026-09-30
NIFTY,2030-06-25,30000.0,CE,0.0,0.0,0.0,5580.35,2328.46,0,0.0,0,0,2026-09-30
NIFTY,2031-06-24,22500.0,CE,0.0,0.0,0.0,8012.75,6647.03,0,0.0,0,0,2026-09-30
NIFTY,2026-10-06,21200.0,PE,3.05,3.35,1.35,1.95,1.95,98715,136042787809.5,1366755,640770,2026-09-30
NIFTY,2026-10-06,21350.0,PE,3.75,4.05,2.0,2.5,2.5,41598,57734833672.75,633360,41600,2026-09-30
NIFTY,2026-10-06,21400.0,PE,3.8,4.35,2.15,2.7,2.7,127552,177448779881.75,1886430,-81250,2026-09-30
NIFTY,2026-10-06,21950.0,PE,11.45,13.05,6.15,9.45,9.45,270495,386077021479.5,1059175,309465,2026-09-30
NIFTY,2026-10-06,22150.0,PE,19.3,24.3,10.75,18.95,18.95,352163,507395432557.0,1108380,663260,2026-09-30
NIFTY,2026-10-06,22250.0,PE,27.5,35.85,15.0,28.15,28.15,458936,664441444488.25,1529905,831740,2026-09-30
NIFTY,2026-10-06,23600.0,PE,1018.0,1018.0,751.0,951.1,951.1,603,958041587.75,184275,-1885,2026-09-30
NIFTY,2026-10-06,24800.0,PE,0.0,0.0,0.0,1970.0,2155.43,0,0.0,20410,0,2026-09-30
NIFTY,2026-10-13,20700.0,PE,4.25,5.4,3.7,5.05,5.05,3833,5158397725.0,74880,66950,2026-09-30
NIFTY,2026-10-13,20800.0,PE,5.7,5.9,3.8,5.45,5.45,3408,4608696699.75,52910,31395,2026-09-30
NIFTY,2026-10-13,20950.0,PE,6.45,6.9,4.5,6.3,6.3,311,423623437.25,5915,4420,2026-09-30
NIFTY,2026-10-13,22100.0,PE,49.0,63.7,31.25,55.25,55.25,16617,23919700272.0,297895,97305,2026-09-30
NIFTY,2026-10-13,22650.0,PE,153.15,220.5,117.75,204.5,204.5,13386,19855403184.5,89635,32760,2026-09-30
NIFTY,2026-10-13,22900.0,PE,274.25,362.0,212.0,342.3,342.3,15338,23099900027.75,300300,108355,2026-09-30
NIFTY,2026-10-13,23300.0,PE,566.65,667.85,469.7,655.25,655.25,1179,1827995975.0,135265,6630,2026-09-30
NIFTY,2026-10-13,23450.0,PE,707.85,801.75,606.0,792.5,792.5,57,89615243.25,10075,-2860,2026-09-30
NIFTY,2026-10-13,23600.0,PE,838.5,934.8,742.45,932.95,932.95,303,481120536.0,42770,3250,2026-09-30
NIFTY,2026-10-13,24550.0,PE,0.0,0.0,0.0,961.3,1878.68,0,0.0,0,0,2026-09-30
NIFTY,2026-10-13,25400.0,PE,0.0,0.0,0.0,2600.0,2726.06,0,0.0,65,0,2026-09-30
NIFTY,2026-10-19,20700.0,PE,0.0,0.0,0.0,3.0,1.4,0,0.0,0,0,2026-09-30
NIFTY,2026-10-19,21200.0,PE,16.0,17.4,11.1,17.0,17.0,30,41371161.0,2275,585,2026-09-30
NIFTY,2026-10-19,21550.0,PE,0.0,0.0,0.0,27.65,27.81,0,0.0,0,0,2026-09-30
NIFTY,2026-10-19,21700.0,PE,35.0,43.1,25.5,38.55,38.55,324,457734758.0,8320,4680,2026-09-30
NIFTY,2026-10-19,23100.0,PE,410.0,498.6,353.0,497.45,497.45,101,154412843.0,7215,1430,2026-09-30
NIFTY,2026-10-19,23500.0,PE,690.05,823.55,667.25,819.65,819.65,56,88120259.5,20540,-715,2026-09-30
NIFTY,2026-10-19,24250.0,PE,0.0,0.0,0.0,1180.0,1565.97,0,0.0,65,0,2026-09-30
NIFTY,2026-10-27,21550.0,PE,47.05,53.1,33.6,49.65,49.65,537,753634934.0,26975,4940,2026-09-30
NIFTY,2026-10-27,21700.0,PE,55.55,67.4,40.75,61.9,61.9,16586,23451828318.75,516750,51025,2026-09-30
NIFTY,2026-10-27,23050.0,PE,445.8,502.85,352.65,494.0,494.0,316,482244824.75,59410,-2860,2026-09-30
NIFTY,2026-10-27,23300.0,PE,579.95,690.0,498.85,666.85,666.85,6157,9558206502.0,2660515,-149240,2026-09-30
NIFTY,2026-10-27,23350.0,PE,632.35,720.0,540.0,716.25,716.25,79,123242333.5,31980,-715,2026-09-30
NIFTY,2026-10-27,23950.0,PE,1154.75,1255.75,1122.35,1255.75,1278.7,7,11437023.0,4810,-390,2026-09-30
NIFTY,2026-10-27,24000.0,PE,1149.0,1307.7,1080.0,1291.15,1291.15,6433,10526888108.75,2900365,25415,2026-09-30
NIFTY,2026-10-27,24550.0,PE,1679.85,1679.9,1661.85,1661.85,1836.95,4,6817505.5,6630,0,2026-09-30
NIFTY,2026-10-27,24750.0,PE,0.0,0.0,0.0,1810.0,2030.46,0,0.0,715,0,2026-09-30
NIFTY,2026-10-27,25450.0,PE,0.0,0.0,0.0,1850.0,2719.72,0,0.0,325,0,2026-09-30
NIFTY,2026-10-27,25650.0,PE,0.0,0.0,0.0,2492.35,2918.23,0,0.0,195,0,2026-09-30
NIFTY,2026-10-27,26500.0,PE,3650.0,3751.45,3529.7,3747.15,3747.15,297,581209762.25,542425,17745,2026-09-30
NIFTY,2026-10-27,26750.0,PE,0.0,0.0,0.0,2501.2,4012.68,0,0.0,0,0,2026-09-30
NIFTY,2026-11-03,20500.0,PE,0.0,0.0,0.0,2.05,5.79,0,0.0,0,0,2026-09-30
NIFTY,2026-11-03,20850.0,PE,0.0,0.0,0.0,5.3,14.82,0,0.0,0,0,2026-09-30
NIFTY,2026-11-03,21350.0,PE,0.0,0.0,0.0,17.55,46.82,0,0.0,0,0,2026-09-30
NIFTY,2026-11-03,21750.0,PE,64.15,85.75,64.15,85.75,85.75,18,25538360.25,1235,1170,2026-09-30
NIFTY,2026-11-03,22250.0,PE,149.0,166.35,129.6,165.1,226.68,36,52408788.25,2275,1235,2026-09-30
NIFTY,2026-11-03,22700.0,PE,295.3,333.25,231.9,321.05,321.05,202,301804753.25,8710,3380,2026-09-30
NIFTY,2026-11-03,23500.0,PE,723.0,835.0,635.35,828.4,828.4,295,464168477.5,9360,4745,2026-09-30
NIFTY,2026-11-03,23800.0,PE,0.0,0.0,0.0,669.7,1146.2,0,0.0,0,0,2026-09-30
NIFTY,2026-11-03,24250.0,PE,0.0,0.0,0.0,970.25,1536.55,0,0.0,0,0,2026-09-30
NIFTY,2026-11-03,24450.0,PE,0.0,0.0,0.0,1121.05,1719.93,0,0.0,0,0,2026-09-30
NIFTY,2026-11-03,24950.0,PE,0.0,0.0,0.0,1534.25,2195.04,0,0.0,0,0,2026-09-30
NIFTY,2026-11-23,20700.0,PE,39.4,49.4,39.4,44.85,44.85,11,14831966.5,390,390,2026-09-30
NIFTY,2026-11-23,21400.0,PE,73.75,91.55,62.65,88.85,88.85,499,696488370.5,37960,11570,2026-09-30
NIFTY,2026-11-23,22500.0,PE,237.9,304.9,217.05,293.35,293.35,10274,15201284504.25,1331395,50895,2026-09-30
NIFTY,2026-11-23,22600.0,PE,339.1,341.4,245.3,330.95,330.95,1396,2077492108.25,83135,-975,2026-09-30
NIFTY,2026-11-23,25600.0,PE,0.0,0.0,0.0,2600.0,2757.51,0,0.0,195,0,2026-09-30
NIFTY,2026-11-23,25650.0,PE,0.0,0.0,0.0,1350.35,2805.68,0,0.0,0,0,2026-09-30
NIFTY,2026-12-29,14000.0,PE,6.75,7.0,6.75,6.95,6.95,26,23671641.5,14030,1365,2026-09-30
NIFTY,2026-12-29,16500.0,PE,11.2,13.75,9.15,13.55,13.55,17,18246884.5,5395,-65,2026-09-30
NIFTY,2026-12-29,18000.0,PE,22.55,24.0,19.8,23.0,23.0,2066,2420183268.75,759805,8775,2026-09-30
NIFTY,2026-12-29,20000.0,PE,50.0,58.35,43.9,56.35,56.35,11392,14846788612.5,1792795,135825,2026-09-30
NIFTY,2026-12-29,20950.0,PE,100.1,100.1,93.3,95.0,95.0,16,21886787.0,780,780,2026-09-30
NIFTY,2026-12-29,21600.0,PE,131.5,161.1,124.75,156.8,156.8,178,251560276.5,11180,11180,2026-09-30
NIFTY,2026-12-29,21800.0,PE,171.6,188.6,145.2,187.55,187.55,712,1016327110.5,26000,26000,2026-09-30
NIFTY,2026-12-29,22800.0,PE,421.0,460.0,366.4,454.65,454.65,684,1031480385.0,28795,28795,2026-09-30
NIFTY,2026-12-29,22950.0,PE,471.1,522.0,430.35,517.4,517.4,91,138598635.5,4745,4745,2026-09-30
NIFTY,2026-12-29,23150.0,PE,535.7,609.9,493.15,609.9,801.31,118,181706921.5,6955,6955,2026-09-30
NIFTY,2026-12-29,23200.0,PE,556.85,641.75,529.05,640.05,640.05,133,205505426.75,5265,5265,2026-09-30
NIFTY,2026-12-29,23400.0,PE,674.5,745.0,655.3,745.0,745.0,15,23476069.5,715,715,2026-09-30
NIFTY,2026-12-29,24050.0,PE,1096.6,1096.6,1050.0,1075.15,1373.65,13,21219588.0,845,845,2026-09-30
NIFTY,2026-12-29,24350.0,PE,1317.75,1317.75,1261.6,1261.6,1597.59,6,9999473.25,390,390,2026-09-30
NIFTY,2027-03-30,22500.0,PE,399.95,458.0,380.75,451.75,451.75,2849,4243007876.25,833170,29640,2026-09-30
NIFTY,2027-09-28,22500.0,PE,0.0,0.0,0.0,761.85,756.92,0,0.0,0,0,2026-09-30
NIFTY,2027-09-28,25500.0,PE,0.0,0.0,0.0,2230.25,2219.82,0,0.0,0,0,2026-09-30
NIFTY,2027-12-28,24000.0,PE,1005.0,1136.0,1005.0,1108.1,1108.1,367,598110769.75,259965,3510,2026-09-30
NIFTY,2029-12-24,16500.0,PE,0.0,0.0,0.0,10.15,66.27,0,0.0,0,0,2026-09-30
NIFTY,2029-12-24,21000.0,PE,0.0,0.0,0.0,418.05,482.95,0,0.0,1885,0,2026-09-30
NIFTY,2029-12-24,30000.0,PE,0.0,0.0,0.0,3150.0,3667.7,0,0.0,1365,0,2026-09-30
NIFTY,2030-12-31,16500.0,PE,0.0,0.0,0.0,13.65,80.35,0,0.0,0,0,2026-09-30
NIFTY,2027-06-29,27000.0,PE,0.0,0.0,0.0,2325.1,3436.12,0,0.0,195,0,2026-09-30
NIFTY,2031-06-24,18000.0,PE,0.0,0.0,0.0,173.45,161.65,0,0.0,0,0,2026-09-30
NIFTY,2030-12-31,15000.0,PE,0.0,0.0,0.0,4.95,35.62,0,0.0,0,0,2026-09-30
NIFTY,2029-12-24,25000.0,PE,1529.95,1547.45,1405.05,1405.05,1468.91,27,46415944.25,1655,195,2026-09-30
NIFTY,2029-06-26,19500.0,PE,0.0,0.0,0.0,56.0,266.92,0,0.0,0,0,2026-09-30
NIFTY,2029-06-26,18000.0,PE,0.0,0.0,0.0,118.45,131.68,0,0.0,0,0,2026-09-30
NIFTY,2029-06-26,16500.0,PE,0.0,0.0,0.0,8.1,56.23,0,0.0,0,0,2026-09-30
NIFTY,2028-12-26,31500.0,PE,0.0,0.0,0.0,2673.4,5414.76,0,0.0,0,0,2026-09-30
NIFTY,2028-12-26,24000.0,PE,1059.95,1088.0,1041.0,1085.0,1274.17,11,17930185.0,5525,390,2026-09-30
NIFTY,2028-06-27,27000.0,PE,0.0,0.0,0.0,2752.35,2822.88,0,0.0,0,0,2026-09-30
NIFTY,2028-06-27,15000.0,PE,0.0,0.0,0.0,127.2,7.52,0,0.0,0,0,2026-09-30
NIFTY,2027-09-28,15000.0,PE,0.0,0.0,0.0,1.15,1.09,0,0.0,0,0,2026-09-30
NIFTY,2026-10-06,21100.0,CE,0.0,0.0,0.0,3078.7,1541.0,0,0.0,0,0,2026-09-30
NIFTY,2026-10-06,21450.0,CE,0.0,0.0,0.0,1326.1,1191.86,0,0.0,260,0,2026-09-30
NIFTY,2026-10-06,21650.0,CE,1111.0,1111.0,985.0,1003.75,1003.75,195,287181443.25,12415,12220,2026-09-30
NIFTY,2026-10-06,21750.0,CE,0.0,0.0,0.0,1061.0,895.7,0,0.0,130,0,2026-09-30
NIFTY,2026-10-06,22150.0,CE,610.05,711.85,504.6,520.55,520.55,753,1113605977.25,20020,19500,2026-09-30
NIFTY,2026-10-06,22450.0,CE,356.75,436.7,251.4,262.85,262.85,27134,40157600453.75,260325,73060,2026-09-30
NIFTY,2026-10-06,23150.0,CE,32.7,37.25,14.0,15.4,15.4,669518,1008500854159.5,3129035,1513590,2026-09-30
NIFTY,2026-10-06,24250.0,CE,1.6,1.8,1.0,1.15,1.15,38359,60466302539.5,589940,127465,2026-09-30
NIFTY,2026-10-06,24300.0,CE,1.3,1.55,0.95,1.1,1.1,144417,228116826860.0,2849990,342160,2026-09-30
NIFTY,2026-10-06,24350.0,CE,1.35,1.45,0.85,1.0,1.0,63384,100325116219.25,919360,846820,2026-09-30
NIFTY,2026-10-06,24450.0,CE,1.15,1.55,0.85,0.95,0.95,13024,20699214165.5,161460,98670,2026-09-30
NIFTY,2026-10-06,25000.0,CE,0.75,0.95,0.65,0.75,0.75,55919,90871032092.75,2256410,220740,2026-09-30
NIFTY,2026-10-06,25500.0,CE,0.7,0.7,0.55,0.6,0.6,22924,37997407951.75,778245,52325,2026-09-30
NIFTY,2026-10-13,20650.0,CE,0.0,0.0,0.0,3100.75,2014.11,0,0.0,0,0,2026-09-30
NIFTY,2026-10-13,20800.0,CE,0.0,0.0,0.0,2952.0,1864.65,0,0.0,0,0,2026-09-30
NIFTY,2026-10-13,22100.0,CE,735.55,800.0,626.9,626.9,626.9,11,16314301.25,520,390,2026-09-30
NIFTY,2026-10-13,22200.0,CE,636.15,725.0,533.0,543.8,543.8,387,573707020.25,12935,10920,2026-09-30
NIFTY,2026-10-13,22750.0,CE,269.65,288.0,170.3,176.65,176.65,16465,24594791344.5,334035,67730,2026-09-30
NIFTY,2026-10-13,22800.0,CE,245.05,262.85,146.95,154.15,154.15,52980,79210323660.0,1028820,402935,2026-09-30
NIFTY,2026-10-13,23100.0,CE,99.95,112.0,60.1,63.25,63.25,32726,49316576731.5,822510,379405,2026-09-30
NIFTY,2026-10-13,24050.0,CE,7.0,7.25,5.1,5.2,5.2,1594,2492428747.25,102375,16705,2026-09-30
NIFTY,2026-10-13,24550.0,CE,2.85,3.2,2.1,2.45,2.45,242,386211718.75,10140,5135,2026-09-30
NIFTY,2026-10-13,24850.0,CE,1.65,2.2,1.5,1.65,1.65,160,258458255.25,6695,4290,2026-09-30
NIFTY,2026-10-13,24900.0,CE,2.0,2.25,1.3,1.45,1.45,1382,2236914286.75,39260,20150,2026-09-30
NIFTY,2026-10-19,21500.0,CE,0.0,0.0,0.0,1760.75,1210.65,0,0.0,0,0,2026-09-30
NIFTY,2026-10-19,21550.0,CE,0.0,0.0,0.0,1714.0,1164.57,0,0.0,0,0,2026-09-30
NIFTY,2026-10-19,22150.0,CE,0.0,0.0,0.0,1182.0,661.98,0,0.0,0,0,2026-09-30
NIFTY,2026-10-19,22700.0,CE,340.2,378.05,252.8,258.6,258.6,2188,3273136522.5,41535,18785,2026-09-30
NIFTY,2026-10-19,23200.0,CE,111.0,124.5,74.0,78.1,78.1,2419,3663521998.5,88010,22360,2026-09-30
NIFTY,2026-10-19,23350.0,CE,82.7,82.7,51.25,53.15,53.15,165,251162912.0,15210,1105,2026-09-30
NIFTY,2026-10-19,24750.0,CE,7.4,7.4,3.6,3.65,3.65,19,30572002.5,975,0,2026-09-30
NIFTY,2026-10-27,21050.0,CE,0.0,0.0,0.0,3282.55,1676.97,0,0.0,0,0,2026-09-30
NIFTY,2026-10-27,21750.0,CE,0.0,0.0,0.0,1127.45,1043.56,0,0.0,260,0,2026-09-30
NIFTY,2026-10-27,22550.0,CE,497.1,539.5,395.4,402.1,402.1,980,1465150820.25,108095,20020,2026-09-30
NIFTY,2026-10-27,23950.0,CE,30.05,30.05,21.45,21.85,21.85,3848,5996413328.75,245310,75270,2026-09-30
NIFTY,2026-10-27,25100.0,CE,7.8,7.8,4.5,5.15,5.15,1402,2287814054.5,90155,1235,2026-09-30
NIFTY,2026-10-27,25300.0,CE,4.45,4.9,3.65,4.1,4.1,343,564150401.75,31395,520,2026-09-30
NIFTY,2026-10-27,25500.0,CE,3.2,4.15,2.65,3.45,3.45,7015,11628750289.0,1029860,-21255,2026-09-30
NIFTY,2026-10-27,25600.0,CE,2.85,3.9,2.1,3.3,3.3,595,990191299.5,42705,1040,2026-09-30
NIFTY,2026-10-27,25800.0,CE,1.8,3.9,1.8,2.65,2.65,596,999579899.5,82355,780,2026-09-30
NIFTY,2026-10-27,26100.0,CE,0.0,0.0,0.0,1.8,0.18,0,0.0,18395,0,2026-09-30
NIFTY,2026-10-27,26700.0,CE,0.0,0.0,0.0,0.75,0.02,0,0.0,715,0,2026-09-30
NIFTY,2026-11-03,20600.0,CE,0.0,0.0,0.0,2872.0,2149.6,0,0.0,0,0,2026-09-30
NIFTY,2026-11-03,22300.0,CE,0.0,0.0,0.0,1287.65,695.48,0,0.0,0,0,2026-09-30
NIFTY,2026-11-03,22450.0,CE,0.0,0.0,0.0,1166.8,602.03,0,0.0,0,0,2026-09-30
NIFTY,2026-11-03,24100.0,CE,0.0,0.0,0.0,257.0,65.14,0,0.0,0,0,2026-09-30
NIFTY,2026-11-03,24400.0,CE,0.0,0.0,0.0,177.75,37.99,0,0.0,0,0,2026-09-30
NIFTY,2026-11-23,20550.0,CE,0.0,0.0,0.0,4096.8,2285.09,0,0.0,0,0,2026-09-30
NIFTY,2026-11-23,21000.0,CE,1991.0,2036.0,1857.0,1860.9,1860.9,161,240018415.0,9425,3510,2026-09-30
NIFTY,2026-11-23,21450.0,CE,0.0,0.0,0.0,3232.9,1477.54,0,0.0,0,0,2026-09-30
NIFTY,2026-11-23,21750.0,CE,0.0,0.0,0.0,2952.95,1236.77,0,0.0,0,0,2026-09-30
NIFTY,2026-11-23,22450.0,CE,0.0,0.0,0.0,772.5,756.99,0,0.0,260,0,2026-09-30
NIFTY,2026-11-23,23700.0,CE,145.4,159.25,115.55,122.0,122.0,3317,5139519443.5,109525,-17095,2026-09-30
NIFTY,2026-11-23,23900.0,CE,102.35,113.95,85.7,87.75,87.75,1465,2285057524.75,111345,11375,2026-09-30
NIFTY,2026-11-23,24450.0,CE,51.0,51.0,39.0,39.45,39.45,32,50945527.75,17095,130,2026-09-30
NIFTY,2026-11-23,24650.0,CE,37.75,37.75,29.8,34.8,72.07,3,4813402.75,3900,0,2026-09-30
NIFTY,2026-11-23,24900.0,CE,0.0,0.0,0.0,691.9,50.74,0,0.0,0,0,2026-09-30
NIFTY,2026-11-23,25500.0,CE,13.4,15.0,12.75,14.15,14.15,2298,3811034012.5,370110,32370,2026-09-30
NIFTY,2026-12-29,21300.0,CE,0.0,0.0,0.0,1873.15,1805.07,0,0.0,0,0,2026-09-30
NIFTY,2026-12-29,21400.0,CE,0.0,0.0,0.0,1792.0,1724.92,0,0.0,0,0,2026-09-30
NIFTY,2026-12-29,21750.0,CE,1473.4,1489.9,1377.9,1377.9,1458.33,12,18092733.75,780,780,2026-09-30
NIFTY,2026-12-29,21950.0,CE,1308.7,1346.4,1255.95,1255.95,1314.31,15,22678724.25,975,975,2026-09-30
NIFTY,2026-12-29,22150.0,CE,1149.55,1149.55,1149.55,1149.55,1179.32,3,4543412.25,195,195,2026-09-30
NIFTY,2026-12-29,22550.0,CE,0.0,0.0,0.0,985.9,934.25,0,0.0,0,0,2026-09-30
NIFTY,2026-12-29,22950.0,CE,629.3,649.95,551.4,554.3,554.3,35,53502478.25,1885,1885,2026-09-30
NIFTY,2026-12-29,23500.0,CE,356.1,381.0,305.8,313.25,313.25,5463,8466110633.5,165555,165555,2026-09-30
NIFTY,2026-12-29,25000.0,CE,70.0,70.65,55.0,56.1,56.1,22677,36940889534.25,4045020,261050,2026-09-30
NIFTY,2026-12-29,26000.0,CE,29.0,29.45,24.5,24.95,24.95,12913,21845105798.75,4165775,-137800,2026-09-30
NIFTY,2027-06-29,30000.0,CE,63.95,63.95,56.8,56.8,61.34,3,5862005.5,3900,130,2026-09-30
NIFTY,2027-09-28,30000.0,CE,0.0,0.0,0.0,153.4,151.26,0,0.0,0,0,2026-09-30
NIFTY,2027-12-28,24000.0,CE,1624.95,1668.0,1534.55,1543.75,1543.75,461,767104016.25,156780,5785,2026-09-30
