SYMBOL,EXPIRY_DT,STRIKE_PR,OPTION_TYP,OPEN,HIGH,LOW,CLOSE,SETTLE_PR,CONTRACTS,VAL_INLAKH,OPEN_INT,CHG_IN_OI,TIMESTAMP
NIFTY,2026-09-01,25800.0,PE,0.0,0.0,0.0,1530.0,1566.71,0,0.0,650,0,2026-08-26
NIFTY,2026-09-01,26850.0,PE,0.0,0.0,0.0,2502.1,2615.47,0,0.0,0,0,2026-08-26
NIFTY,2026-09-08,23850.0,PE,24.1,31.55,17.9,27.65,27.65,11439,17750698277.0,201435,45305,2026-08-26
NIFTY,2026-09-08,23950.0,PE,32.5,44.25,24.0,37.75,37.75,11659,18176016985.75,268970,-20995,2026-08-26
NIFTY,2026-09-08,26050.0,PE,0.0,0.0,0.0,1397.8,1788.62,0,0.0,0,0,2026-08-26
NIFTY,2026-09-08,26150.0,PE,0.0,0.0,0.0,1482.45,1887.58,0,0.0,0,0,2026-08-26
NIFTY,2026-09-08,26200.0,PE,0.0,0.0,0.0,1525.35,1937.16,0,0.0,0,0,2026-08-26
NIFTY,2026-09-08,26400.0,PE,0.0,0.0,0.0,1700.8,2135.91,0,0.0,0,0,2026-08-26
NIFTY,2026-09-15,22350.0,PE,4.0,5.75,3.1,4.15,4.15,110,159832809.5,16250,390,2026-08-26
NIFTY,2031-06-24,27000.0,PE,0.0,0.0,0.0,1653.15,1344.3,0,0.0,0,0,2026-08-26
NIFTY,2029-12-24,28500.0,PE,0.0,0.0,0.0,1255.9,2174.01,0,0.0,0,0,2026-08-26
NIFTY,2029-12-24,27000.0,PE,0.0,0.0,0.0,1177.9,1632.33,0,0.0,0,0,2026-08-26
NIFTY,2029-12-24,22500.0,PE,0.0,0.0,0.0,225.7,530.47,0,0.0,0,0,2026-08-26
NIFTY,2029-06-26,33000.0,PE,0.0,0.0,0.0,3022.85,4686.44,0,0.0,0,0,2026-08-26
NIFTY,2029-06-26,28500.0,PE,0.0,0.0,0.0,1349.1,2341.37,0,0.0,0,0,2026-08-26
NIFTY,2028-12-26,25500.0,PE,0.0,0.0,0.0,648.2,1296.73,0,0.0,0,0,2026-08-26
NIFTY,2028-06-27,24000.0,PE,0.0,0.0,0.0,1692.75,859.6,0,0.0,0,0,2026-08-26
NIFTY,2027-12-28,21000.0,PE,237.0,239.0,232.0,234.5,234.5,20,27605574.75,35230,130,2026-08-26
NIFTY,2027-12-28,17000.0,PE,0.0,0.0,0.0,54.0,11.58,0,0.0,17750,0,2026-08-26
NIFTY,2027-06-29,25500.0,PE,0.0,0.0,0.0,667.15,1396.89,0,0.0,0,0,2026-08-26
NIFTY,2027-06-29,21000.0,PE,0.0,0.0,0.0,149.05,141.15,0,0.0,7115,0,2026-08-26
NIFTY,2026-11-23,25550.0,PE,0.0,0.0,0.0,1282.8,1344.39,0,0.0,0,0,2026-08-26
NIFTY,2026-11-23,24800.0,PE,0.0,0.0,0.0,833.7,880.65,0,0.0,0,0,2026-08-26
NIFTY,2026-11-23,24700.0,PE,0.0,0.0,0.0,781.9,826.85,0,0.0,0,0,2026-08-26
NIFTY,2026-11-23,23900.0,PE,0.0,0.0,0.0,438.75,468.24,0,0.0,0,0,2026-08-26
NIFTY,2026-11-23,23700.0,PE,0.0,0.0,0.0,372.35,398.3,0,0.0,0,0,2026-08-26
NIFTY,2026-11-23,23500.0,PE,0.0,0.0,0.0,313.3,335.91,0,0.0,0,0,2026-08-26
NIFTY,2026-11-23,23100.0,PE,0.0,0.0,0.0,216.2,232.87,0,0.0,0,0,2026-08-26
NIFTY,2026-11-23,22800.0,PE,0.0,0.0,0.0,159.45,172.38,0,0.0,0,0,2026-08-26
NIFTY,2026-10-27,26400.0,PE,0.0,0.0,0.0,2204.4,2009.22,0,0.0,0,0,2026-08-26
NIFTY,2026-10-27,26250.0,PE,0.0,0.0,0.0,2081.05,1880.38,0,0.0,0,0,2026-08-26
NIFTY,2026-10-27,25700.0,PE,0.0,0.0,0.0,1260.0,1434.18,0,0.0,325,0,2026-08-26
NIFTY,2026-10-27,23800.0,PE,115.1,139.0,111.15,131.65,131.65,3245,5046183155.0,216385,66495,2026-08-26
NIFTY,2026-10-27,23750.0,PE,0.0,0.0,0.0,529.65,339.89,0,0.0,0,0,2026-08-26
NIFTY,2026-10-27,23150.0,PE,0.0,0.0,0.0,327.65,178.46,0,0.0,0,0,2026-08-26
NIFTY,2026-10-27,22950.0,PE,0.0,0.0,0.0,274.9,140.18,0,0.0,0,0,2026-08-26
NIFTY,2026-10-27,22900.0,PE,0.0,0.0,0.0,262.65,131.68,0,0.0,0,0,2026-08-26
NIFTY,2026-09-29,34500.0,PE,0.0,0.0,0.0,7064.95,10082.39,0,0.0,0,0,2026-08-26
NIFTY,2026-09-29,26050.0,PE,0.0,0.0,0.0,1710.0,1733.86,0,0.0,260,0,2026-08-26
NIFTY,2026-09-29,26000.0,PE,1451.05,1572.05,1410.0,1535.55,1535.55,1609,2873639915.25,2267380,11960,2026-08-26
NIFTY,2026-09-29,25550.0,PE,0.0,0.0,0.0,1082.2,1296.12,0,0.0,845,0,2026-08-26
NIFTY,2026-09-29,25300.0,PE,800.0,893.5,757.75,884.6,884.6,161,273289363.75,29705,1430,2026-08-26
NIFTY,2026-09-29,25050.0,PE,612.6,685.7,577.35,675.4,675.4,227,378937724.75,6565,5135,2026-08-26
NIFTY,2026-09-29,24850.0,PE,461.95,515.0,412.9,482.05,767.86,136,223685377.5,15015,3185,2026-08-26
NIFTY,2026-09-29,23050.0,PE,26.2,26.2,19.15,22.0,22.0,876,1313639850.25,38025,3510,2026-08-26
NIFTY,2026-09-29,22400.0,PE,13.4,14.2,11.65,12.55,12.55,1656,2412443523.75,73645,7670,2026-08-26
NIFTY,2026-09-22,24050.0,PE,0.0,0.0,0.0,374.9,304.41,0,0.0,0,0,2026-08-26
NIFTY,2026-09-22,24000.0,PE,80.0,100.9,70.45,90.5,90.5,626,980041400.0,23465,7540,2026-08-26
NIFTY,2026-09-22,23050.0,PE,0.0,0.0,0.0,93.3,57.17,0,0.0,0,0,2026-08-26
NIFTY,2026-09-15,26200.0,PE,0.0,0.0,0.0,1647.25,1913.53,0,0.0,0,0,2026-08-26
NIFTY,2026-09-15,26000.0,PE,1555.85,1555.85,1555.85,1555.85,1719.82,1,1791130.25,130,65,2026-08-26
NIFTY,2026-09-15,25350.0,PE,0.0,0.0,0.0,956.1,1119.47,0,0.0,0,0,2026-08-26
NIFTY,2026-09-15,24500.0,PE,200.1,268.15,181.35,248.2,248.2,4723,7590011279.5,183885,57200,2026-08-26
NIFTY,2026-09-08,25950.0,CE,1.45,2.1,1.45,1.9,1.9,273,460512250.25,4745,3120,2026-08-26
NIFTY,2026-09-08,25150.0,CE,43.0,43.0,6.35,6.95,6.95,3653,5973493636.5,59085,59085,2026-08-26
NIFTY,2026-09-08,24600.0,CE,86.0,109.55,60.85,68.9,68.9,34686,55647754532.5,1012700,215085,2026-08-26
NIFTY,2026-09-08,23600.0,CE,881.0,881.0,765.0,806.8,806.8,25,39701970.75,2990,0,2026-08-26
NIFTY,2026-09-08,23450.0,CE,0.0,0.0,0.0,887.9,857.69,0,0.0,65,0,2026-08-26
NIFTY,2026-09-08,23200.0,CE,1205.5,1205.5,1205.5,1205.5,1081.28,1,1586357.5,1235,65,2026-08-26
NIFTY,2026-09-08,22350.0,CE,0.0,0.0,0.0,2406.1,1906.83,0,0.0,0,0,2026-08-26
NIFTY,2026-09-01,26700.0,CE,0.95,1.15,0.55,0.6,0.6,3400,5900840289.5,56290,36400,2026-08-26
NIFTY,2026-09-01,26200.0,CE,0.7,0.8,0.6,0.65,0.65,11118,18934440996.25,161980,84045,2026-08-26
NIFTY,2026-09-01,26150.0,CE,0.95,1.0,0.65,0.7,0.7,1255,2133248130.0,29835,19240,2026-08-26
NIFTY,2026-09-01,25600.0,CE,0.85,1.1,0.75,0.9,0.9,183284,304995266358.25,2145975,584935,2026-08-26
NIFTY,2026-09-01,25300.0,CE,1.35,1.95,1.3,1.6,1.6,238806,392742402705.25,2351765,752830,2026-08-26
NIFTY,2026-09-01,25100.0,CE,2.7,3.5,2.0,2.65,2.65,472485,770942361871.5,4359680,2868125,2026-08-26
NIFTY,2026-09-01,24650.0,CE,30.0,37.5,15.25,18.25,18.25,495278,794368248895.0,2401035,852215,2026-08-26
NIFTY,2026-09-01,22950.0,CE,0.0,0.0,0.0,1501.8,1281.33,0,0.0,0,0,2026-08-26
NIFTY,2026-09-01,22800.0,CE,0.0,0.0,0.0,1629.4,1430.73,0,0.0,0,0,2026-08-26
NIFTY,2026-09-01,22300.0,CE,0.0,0.0,0.0,2078.55,1929.99,0,0.0,0,0,2026-08-26
NIFTY,2026-09-29,15000.0,CE,0.0,0.0,0.0,10499.3,9298.99,0,0.0,0,0,2026-08-26
NIFTY,2026-09-29,18000.0,CE,0.0,0.0,0.0,6340.0,6317.24,0,0.0,1365,0,2026-08-26
NIFTY,2026-09-29,22300.0,CE,0.0,0.0,0.0,2015.3,2060.69,0,0.0,1755,0,2026-08-26
NIFTY,2026-09-29,22350.0,CE,0.0,0.0,0.0,1788.15,2013.07,0,0.0,195,0,2026-08-26
NIFTY,2026-09-29,23200.0,CE,1262.05,1266.75,1242.55,1248.35,1250.11,12,19077058.0,23855,130,2026-08-26
NIFTY,2026-09-29,23400.0,CE,1155.8,1160.0,1072.8,1103.55,1103.55,12,19126747.25,31460,65,2026-08-26
NIFTY,2026-09-29,23450.0,CE,1090.75,1123.3,1090.7,1123.3,1050.96,5,7978291.75,390,-195,2026-08-26
NIFTY,2026-09-29,23500.0,CE,1057.45,1109.8,955.1,975.85,975.85,1425,2273537990.75,491270,-19240,2026-08-26
NIFTY,2026-09-29,23650.0,CE,835.85,876.5,835.85,876.5,902.96,23,36650679.0,2210,1170,2026-08-26
NIFTY,2026-09-29,24250.0,CE,422.0,478.4,366.0,389.1,389.1,3988,6391096721.75,242255,75010,2026-08-26
NIFTY,2026-09-29,25050.0,CE,78.35,88.75,58.45,63.1,63.1,2514,4105677982.25,184665,32565,2026-08-26
NIFTY,2026-09-29,25250.0,CE,42.65,50.4,33.15,35.25,35.25,1951,3207146569.25,93340,28080,2026-08-26
NIFTY,2026-09-29,25300.0,CE,37.0,43.6,28.6,31.2,31.2,16892,27816917787.75,928915,187395,2026-08-26
NIFTY,2026-09-29,26850.0,CE,0.0,0.0,0.0,3.35,11.68,0,0.0,3575,0,2026-08-26
NIFTY,2026-10-27,22250.0,CE,2410.0,2415.55,2400.0,2405.0,2257.48,30,48082810.75,7735,1950,2026-08-26
NIFTY,2026-10-27,22450.0,CE,0.0,0.0,0.0,2042.45,2078.04,0,0.0,0,0,2026-08-26
NIFTY,2026-10-27,22750.0,CE,0.0,0.0,0.0,1805.4,1818.01,0,0.0,0,0,2026-08-26
NIFTY,2026-10-27,23150.0,CE,0.0,0.0,0.0,1510.7,1492.35,0,0.0,0,0,2026-08-26
NIFTY,2026-10-27,24550.0,CE,398.75,440.0,371.95,374.0,374.0,107,173501149.25,8450,3965,2026-08-26
NIFTY,2026-10-27,25200.0,CE,154.95,167.0,125.95,133.25,133.25,2304,3795724289.5,206115,3770,2026-08-26
NIFTY,2026-10-27,26250.0,CE,0.0,0.0,0.0,210.65,128.56,0,0.0,0,0,2026-08-26
NIFTY,2026-10-27,26350.0,CE,0.0,0.0,0.0,194.1,115.27,0,0.0,0,0,2026-08-26
NIFTY,2026-11-23,22650.0,CE,0.0,0.0,0.0,2156.8,2063.65,0,0.0,0,0,2026-08-26
NIFTY,2026-11-23,23000.0,CE,0.0,0.0,0.0,1872.05,1783.35,0,0.0,0,0,2026-08-26
NIFTY,2026-11-23,24950.0,CE,0.0,0.0,0.0,670.25,618.07,0,0.0,0,0,2026-08-26
NIFTY,2026-11-23,25950.0,CE,0.0,0.0,0.0,332.85,301.58,0,0.0,0,0,2026-08-26
NIFTY,2026-11-23,26000.0,CE,0.0,0.0,0.0,321.45,290.08,0,0.0,0,0,2026-08-26
NIFTY,2026-12-29,18000.0,CE,0.0,0.0,0.0,6570.45,6607.22,0,0.0,1690,0,2026-08-26
NIFTY,2026-12-29,34500.0,CE,0.0,0.0,0.0,4.9,0.16,0,0.0,975,0,2026-08-26
NIFTY,2027-03-30,22500.0,CE,2868.15,2868.9,2831.85,2831.85,2852.42,42,69234152.0,8840,2665,2026-08-26
NIFTY,2028-12-26,16500.0,CE,0.0,0.0,0.0,12176.65,10074.61,0,0.0,0,0,2026-08-26
NIFTY,2029-06-26,27000.0,CE,0.0,0.0,0.0,6570.4,3524.64,0,0.0,0,0,2026-08-26
NIFTY,2029-12-24,25500.0,CE,0.0,0.0,0.0,6500.6,4886.57,0,0.0,0,0,2026-08-26
NIFTY,2029-12-24,30000.0,CE,0.0,0.0,0.0,2863.2,2889.96,0,0.0,8145,0,2026-08-26
NIFTY,2030-12-31,21000.0,CE,0.0,0.0,0.0,10552.5,8739.72,0,0.0,0,0,2026-08-26
NIFTY,2031-06-24,27000.0,CE,0.0,0.0,0.0,5699.0,5874.8,0,0.0,0,0,2026-08-26
NIFTY,2026-09-01,22350.0,PE,1.15,1.6,1.0,1.15,1.15,1733,2517757027.5,29900,16445,2026-08-26
NIFTY,2026-09-01,22950.0,PE,1.9,2.6,1.45,1.8,1.8,19135,28546952635.5,68835,12350,2026-08-26
NIFTY,2026-09-01,24300.0,PE,59.0,106.0,47.25,85.85,85.85,3587638,5684873813242.0,5796830,1378975,2026-08-26
NIFTY,2026-09-01,25300.0,PE,882.0,981.1,846.85,941.25,941.25,94,160127496.75,19110,1950,2026-08-26
NIFTY,2026-09-01,25750.0,PE,0.0,0.0,0.0,1508.85,1516.83,0,0.0,0,0,2026-08-26
NIFTY,2026-09-01,25900.0,PE,0.0,0.0,0.0,1500.0,1666.52,0,0.0,260,0,2026-08-26
NIFTY,2026-09-01,26150.0,PE,0.0,0.0,0.0,1854.75,1916.19,0,0.0,0,0,2026-08-26
NIFTY,2026-09-01,26250.0,PE,0.0,0.0,0.0,1944.45,2016.08,0,0.0,0,0,2026-08-26
NIFTY,2026-09-01,26650.0,PE,0.0,0.0,0.0,2313.1,2415.67,0,0.0,0,0,2026-08-26
NIFTY,2026-09-08,23150.0,PE,6.1,6.85,4.6,5.6,5.6,612,921125871.25,25285,5005,2026-08-26
NIFTY,2026-09-08,23500.0,PE,9.5,11.0,8.0,10.05,10.05,29880,45659631260.75,1049295,240370,2026-08-26
NIFTY,2026-09-08,25000.0,PE,570.35,659.9,523.0,634.15,634.15,655,1088957142.0,37245,0,2026-08-26
NIFTY,2026-09-08,25150.0,PE,0.0,0.0,0.0,731.9,932.5,0,0.0,0,0,2026-08-26
NIFTY,2026-09-08,25200.0,PE,731.45,798.4,730.0,798.4,976.88,15,25312696.5,520,65,2026-08-26
NIFTY,2026-09-08,25350.0,PE,965.0,965.0,965.0,965.0,1113.31,1,1710475.0,65,0,2026-08-26
NIFTY,2026-09-15,22700.0,PE,5.4,7.15,4.8,6.0,6.0,52,76746835.75,23465,845,2026-08-26
NIFTY,2026-09-15,23150.0,PE,9.05,16.0,9.05,10.0,10.0,542,815950635.5,23335,11245,2026-08-26
NIFTY,2026-09-15,23250.0,PE,0.0,0.0,0.0,82.5,56.08,0,0.0,0,0,2026-08-26
NIFTY,2026-09-15,23550.0,PE,0.0,0.0,0.0,133.0,106.69,0,0.0,0,0,2026-08-26
NIFTY,2026-09-15,23600.0,PE,0.0,0.0,0.0,143.35,117.75,0,0.0,0,0,2026-08-26
NIFTY,2026-09-15,25050.0,PE,0.0,0.0,0.0,751.7,869.03,0,0.0,0,0,2026-08-26
NIFTY,2026-09-15,25650.0,PE,0.0,0.0,0.0,1183.55,1389.22,0,0.0,0,0,2026-08-26
NIFTY,2026-09-22,22350.0,PE,9.4,9.4,6.0,7.15,7.15,106,154039980.25,7410,5525,2026-08-26
NIFTY,2026-09-22,22700.0,PE,0.0,0.0,0.0,50.15,26.58,0,0.0,0,0,2026-08-26
NIFTY,2026-09-22,22800.0,PE,9.15,13.65,9.15,13.65,13.65,3,4448310.75,1885,-65,2026-08-26
NIFTY,2026-09-22,24150.0,PE,0.0,0.0,0.0,419.35,347.06,0,0.0,0,0,2026-08-26
NIFTY,2026-09-22,25200.0,PE,0.0,0.0,0.0,1072.35,1008.4,0,0.0,0,0,2026-08-26
NIFTY,2026-09-22,25750.0,PE,0.0,0.0,0.0,1525.75,1477.39,0,0.0,0,0,2026-08-26
NIFTY,2026-09-29,21000.0,PE,6.95,7.5,6.25,6.7,6.7,5797,7915471973.5,1484665,-16315,2026-08-26
NIFTY,2026-09-29,21950.0,PE,10.1,10.5,8.9,10.25,10.25,173,246932335.0,10595,-1235,2026-08-26
NIFTY,2026-09-29,22550.0,PE,15.2,15.2,12.75,13.2,13.2,251,368117997.0,19175,9620,2026-08-26
NIFTY,2026-09-29,22600.0,PE,14.0,14.8,13.1,14.2,14.2,2584,3798220582.0,321685,27755,2026-08-26
NIFTY,2026-09-29,23400.0,PE,38.75,39.55,31.7,37.1,37.1,11316,17237268399.0,762515,34580,2026-08-26
NIFTY,2026-09-29,24750.0,PE,389.95,456.0,353.55,440.8,440.8,391,639130297.0,36335,0,2026-08-26
NIFTY,2026-09-29,24950.0,PE,485.4,594.45,485.4,594.45,594.45,29,48098823.5,7410,-65,2026-08-26
NIFTY,2026-09-29,25650.0,PE,0.0,0.0,0.0,1016.85,1380.45,0,0.0,65,0,2026-08-26
NIFTY,2026-09-29,25700.0,PE,0.0,0.0,0.0,1218.85,1423.29,0,0.0,12025,0,2026-08-26
NIFTY,2026-09-29,27150.0,PE,0.0,0.0,0.0,2959.15,2783.45,0,0.0,0,0,2026-08-26
NIFTY,2026-09-29,33000.0,PE,0.0,0.0,0.0,6552.15,8591.52,0,0.0,0,0,2026-08-26
NIFTY,2026-10-27,23100.0,PE,55.1,55.1,45.8,49.15,49.15,1402,2109576426.75,73255,1690,2026-08-26
NIFTY,2026-10-27,23450.0,PE,81.8,85.0,69.2,78.55,78.55,656,1003142829.0,59605,3250,2026-08-26
NIFTY,2026-10-27,24300.0,PE,240.0,279.0,224.4,269.35,269.35,1978,3156481201.25,110695,23010,2026-08-26
NIFTY,2026-10-27,24800.0,PE,451.95,504.6,421.3,485.3,485.3,349,573009586.5,141310,-780,2026-08-26
NIFTY,2026-10-27,24850.0,PE,467.0,504.5,467.0,499.25,850.84,5,8236601.75,1755,195,2026-08-26
NIFTY,2026-10-27,25000.0,PE,540.0,636.1,530.0,607.65,607.65,1573,2614381887.0,526760,23205,2026-08-26
NIFTY,2026-10-27,25200.0,PE,685.75,794.5,663.0,786.35,786.35,42,70797632.75,9295,-130,2026-08-26
NIFTY,2026-10-27,25600.0,PE,0.0,0.0,0.0,1015.2,1359.11,0,0.0,130,0,2026-08-26
NIFTY,2026-10-27,26000.0,PE,1375.95,1450.0,1309.5,1424.05,1424.05,428,761769794.5,88270,14755,2026-08-26
NIFTY,2026-10-27,26600.0,PE,0.0,0.0,0.0,2372.55,2184.94,0,0.0,0,0,2026-08-26
NIFTY,2026-11-23,22950.0,PE,0.0,0.0,0.0,186.2,200.92,0,0.0,0,0,2026-08-26
NIFTY,2026-11-23,23950.0,PE,0.0,0.0,0.0,456.55,486.93,0,0.0,0,0,2026-08-26
NIFTY,2026-11-23,24100.0,PE,0.0,0.0,0.0,512.75,545.96,0,0.0,0,0,2026-08-26
NIFTY,2026-11-23,24550.0,PE,0.0,0.0,0.0,708.0,749.86,0,0.0,0,0,2026-08-26
NIFTY,2026-11-23,25250.0,PE,0.0,0.0,0.0,1090.7,1146.54,0,0.0,0,0,2026-08-26
NIFTY,2026-11-23,26100.0,PE,0.0,0.0,0.0,1675.5,1745.73,0,0.0,0,0,2026-08-26
NIFTY,2026-12-29,12000.0,PE,0.0,0.0,0.0,8.7,0.0,0,0.0,18215,0,2026-08-26
NIFTY,2027-03-30,33000.0,PE,0.0,0.0,0.0,8415.45,7556.0,0,0.0,0,0,2026-08-26
NIFTY,2027-06-29,33000.0,PE,0.0,0.0,0.0,4691.7,7096.35,0,0.0,0,0,2026-08-26
NIFTY,2027-12-28,19500.0,PE,0.0,0.0,0.0,29.25,87.06,0,0.0,0,0,2026-08-26
NIFTY,2027-12-28,22500.0,PE,0.0,0.0,0.0,186.5,455.72,0,0.0,0,0,2026-08-26
NIFTY,2027-12-28,30000.0,PE,0.0,0.0,0.0,3339.0,3993.89,0,0.0,195,0,2026-08-26
NIFTY,2028-06-27,18000.0,PE,0.0,0.0,0.0,396.75,48.61,0,0.0,0,0,2026-08-26
NIFTY,2028-06-27,22000.0,PE,360.3,360.3,360.3,360.3,411.87,1,1453419.5,1430,65,2026-08-26
NIFTY,2028-06-27,25500.0,PE,0.0,0.0,0.0,667.45,1348.38,0,0.0,0,0,2026-08-26
NIFTY,2028-12-26,21000.0,PE,0.0,0.0,0.0,363.0,296.28,0,0.0,7320,0,2026-08-26
NIFTY,2028-12-26,22500.0,PE,0.0,0.0,0.0,218.8,525.83,0,0.0,0,0,2026-08-26
NIFTY,2028-12-26,30000.0,PE,0.0,0.0,0.0,2352.75,3307.7,0,0.0,0,0,2026-08-26
NIFTY,2029-06-26,22500.0,PE,0.0,0.0,0.0,224.45,533.07,0,0.0,0,0,2026-08-26
NIFTY,2029-06-26,26000.0,PE,0.0,0.0,0.0,1650.0,1394.72,0,0.0,50,0,2026-08-26
NIFTY,2029-12-24,19500.0,PE,0.0,0.0,0.0,61.2,181.75,0,0.0,0,0,2026-08-26
NIFTY,2030-12-31,27000.0,PE,0.0,0.0,0.0,779.5,1430.88,0,0.0,0,0,2026-08-26
NIFTY,2030-12-31,33000.0,PE,0.0,0.0,0.0,2387.3,3608.3,0,0.0,0,0,2026-08-26
NIFTY,2026-11-23,23850.0,CE,0.0,0.0,0.0,1260.3,1185.67,0,0.0,0,0,2026-08-26
NIFTY,2026-09-22,25150.0,CE,0.0,0.0,0.0,185.6,139.47,0,0.0,0,0,2026-08-26
NIFTY,2026-09-22,24400.0,CE,286.0,320.25,233.3,241.65,241.65,482,773237409.75,18850,4875,2026-08-26
NIFTY,2026-09-22,23300.0,CE,0.0,0.0,0.0,1128.6,1105.06,0,0.0,0,0,2026-08-26
NIFTY,2026-09-15,25700.0,CE,0.0,0.0,0.0,144.0,28.67,0,0.0,0,0,2026-08-26
NIFTY,2026-09-15,24550.0,CE,163.45,183.7,117.55,127.4,127.4,613,984071000.25,36075,2405,2026-08-26
NIFTY,2026-09-15,22450.0,CE,0.0,0.0,0.0,2169.4,1838.51,0,0.0,0,0,2026-08-26
NIFTY,2026-09-01,22200.0,PE,1.2,1.45,0.9,1.05,1.05,17028,24572544694.75,588185,198965,2026-08-26
NIFTY,2031-06-24,16500.0,CE,0.0,0.0,0.0,11849.25,12239.58,0,0.0,0,0,2026-08-26
NIFTY,2030-12-31,24000.0,CE,0.0,0.0,0.0,8563.3,6908.22,0,0.0,0,0,2026-08-26
NIFTY,2030-06-25,25500.0,CE,0.0,0.0,0.0,7070.45,5487.84,0,0.0,0,0,2026-08-26
NIFTY,2029-12-24,19500.0,CE,0.0,0.0,0.0,10678.8,8712.4,0,0.0,0,0,2026-08-26
NIFTY,2029-06-26,19500.0,CE,0.0,0.0,0.0,10206.95,8182.11,0,0.0,0,0,2026-08-26
NIFTY,2028-06-27,16500.0,CE,0.0,0.0,0.0,11752.8,9595.25,0,0.0,0,0,2026-08-26
NIFTY,2027-12-28,31500.0,CE,0.0,0.0,0.0,210.0,467.55,0,0.0,1950,0,2026-08-26
NIFTY,2027-12-28,30000.0,CE,375.0,385.0,365.0,370.55,370.55,101,199417494.25,138320,2470,2026-08-26
NIFTY,2027-12-28,26000.0,CE,1694.0,1694.0,1650.0,1650.0,1650.0,16,28776751.25,70695,-195,2026-08-26
NIFTY,2027-12-28,25000.0,CE,2291.05,2299.75,2221.55,2221.55,2221.55,13,23034826.75,40505,195,2026-08-26
NIFTY,2027-06-29,28500.0,CE,0.0,0.0,0.0,1711.9,520.25,0,0.0,0,0,2026-08-26
NIFTY,2026-12-29,28000.0,CE,26.75,28.05,25.85,26.7,26.7,2434,4434157786.5,1639850,15520,2026-08-26
NIFTY,2026-11-23,25250.0,CE,0.0,0.0,0.0,550.35,504.37,0,0.0,0,0,2026-08-26
NIFTY,2026-11-23,25200.0,CE,0.0,0.0,0.0,569.15,522.15,0,0.0,0,0,2026-08-26
NIFTY,2026-11-23,24850.0,CE,0.0,0.0,0.0,714.05,659.76,0,0.0,0,0,2026-08-26
NIFTY,2026-11-23,23200.0,CE,0.0,0.0,0.0,1717.3,1631.5,0,0.0,0,0,2026-08-26
NIFTY,2026-11-23,22800.0,CE,0.0,0.0,0.0,2032.75,1941.38,0,0.0,0,0,2026-08-26
NIFTY,2026-10-27,27100.0,CE,0.0,0.0,0.0,101.3,47.79,0,0.0,0,0,2026-08-26
NIFTY,2026-10-27,27000.0,CE,7.45,8.4,5.65,6.7,6.7,1772,3110675522.5,221130,13000,2026-08-26
NIFTY,2026-10-27,26850.0,CE,0.0,0.0,0.0,126.7,64.87,0,0.0,0,0,2026-08-26
NIFTY,2026-10-27,26050.0,CE,0.0,0.0,0.0,247.25,158.99,0,0.0,0,0,2026-08-26
NIFTY,2026-10-27,25400.0,CE,104.55,114.6,85.7,90.55,90.55,1460,2419767769.25,296855,22425,2026-08-26
NIFTY,2026-10-27,25000.0,CE,225.25,254.0,182.6,189.2,189.2,8244,13509297522.5,953810,86645,2026-08-26
NIFTY,2026-10-27,24950.0,CE,242.65,253.35,199.05,205.6,205.6,167,273220509.25,13780,-195,2026-08-26
NIFTY,2026-10-27,24800.0,CE,310.5,324.0,254.1,265.55,265.55,1040,1695756084.75,118560,-390,2026-08-26
NIFTY,2026-10-27,23700.0,CE,1062.2,1062.2,963.35,963.35,1093.44,3,4816747.0,2665,-65,2026-08-26
NIFTY,2026-10-27,23400.0,CE,0.0,0.0,0.0,1225.0,1304.27,0,0.0,390,0,2026-08-26
NIFTY,2026-10-27,23350.0,CE,0.0,0.0,0.0,1240.0,1340.2,0,0.0,65,0,2026-08-26
NIFTY,2026-10-27,23100.0,CE,0.0,0.0,0.0,1547.05,1531.56,0,0.0,0,0,2026-08-26
NIFTY,2026-09-29,25800.0,CE,10.5,12.05,8.55,9.15,9.15,5696,9555853739.25,461435,39910,2026-08-26
NIFTY,2026-09-29,24500.0,CE,277.65,316.45,228.65,240.75,240.75,76559,123262697064.0,5103085,714285,2026-08-26
NIFTY,2026-09-29,24150.0,CE,525.0,551.3,431.25,459.6,459.6,645,1032632617.25,50765,-390,2026-08-26
NIFTY,2026-09-29,23750.0,CE,848.15,848.15,745.2,785.5,785.5,10,15951133.25,3770,-195,2026-08-26
NIFTY,2026-09-29,22750.0,CE,0.0,0.0,0.0,1386.55,1641.01,0,0.0,260,0,2026-08-26
NIFTY,2026-09-29,21700.0,CE,0.0,0.0,0.0,2730.0,2643.55,0,0.0,130,0,2026-08-26
NIFTY,2026-09-22,25400.0,CE,0.0,0.0,0.0,132.15,93.4,0,0.0,0,0,2026-08-26
NIFTY,2026-09-22,25350.0,CE,0.0,0.0,0.0,141.55,101.45,0,0.0,0,0,2026-08-26
NIFTY,2026-09-22,25200.0,CE,31.55,35.0,24.15,25.6,25.6,264,432924836.5,14690,4095,2026-08-26
NIFTY,2026-09-22,25050.0,CE,0.0,0.0,0.0,209.5,163.26,0,0.0,0,0,2026-08-26
NIFTY,2026-09-22,24450.0,CE,272.55,288.0,210.0,226.7,226.7,99,158938594.75,3510,390,2026-08-26
NIFTY,2026-09-22,23700.0,CE,767.05,785.75,767.05,785.75,785.75,2,3181932.0,260,0,2026-08-26
NIFTY,2026-09-22,22800.0,CE,0.0,0.0,0.0,1547.15,1543.33,0,0.0,0,0,2026-08-26
NIFTY,2026-09-15,25200.0,CE,0.0,0.0,0.0,268.55,82.82,0,0.0,0,0,2026-08-26
NIFTY,2026-09-15,24300.0,CE,300.0,339.45,234.85,251.85,251.85,5266,8413367537.25,166660,82810,2026-08-26
NIFTY,2026-09-15,23700.0,CE,819.8,819.8,711.85,719.0,719.0,40,63697387.0,2405,2405,2026-08-26
NIFTY,2026-09-15,22900.0,CE,0.0,0.0,0.0,1748.55,1407.28,0,0.0,0,0,2026-08-26
NIFTY,2026-09-15,22700.0,CE,0.0,0.0,0.0,1933.1,1596.54,0,0.0,0,0,2026-08-26
NIFTY,2026-09-15,22550.0,CE,0.0,0.0,0.0,2074.25,1741.17,0,0.0,0,0,2026-08-26
NIFTY,2026-09-08,25700.0,CE,3.45,3.45,2.05,2.45,2.45,2818,4707900353.0,52260,7280,2026-08-26
NIFTY,2026-09-08,24650.0,CE,87.3,90.25,50.0,57.4,57.4,13748,22086258304.5,211250,115700,2026-08-26
NIFTY,2026-09-08,23800.0,PE,16.4,26.4,15.45,22.75,22.75,37747,58445616037.25,772200,399880,2026-08-26
NIFTY,2026-09-08,24550.0,PE,204.9,285.0,186.25,258.3,258.3,1586,2554471978.5,16965,7215,2026-08-26
NIFTY,2026-09-08,24750.0,PE,335.05,435.8,315.0,415.3,415.3,106,172991666.25,5070,3575,2026-08-26
NIFTY,2026-09-08,24900.0,PE,494.15,558.45,433.5,523.9,523.9,309,510424749.25,16120,13455,2026-08-26
NIFTY,2026-09-08,25400.0,PE,0.0,0.0,0.0,896.85,1159.74,0,0.0,0,0,2026-08-26
NIFTY,2026-09-15,22650.0,PE,8.8,8.8,6.2,6.2,11.58,2,2945475.0,65,65,2026-08-26
NIFTY,2026-09-15,23750.0,PE,0.0,0.0,0.0,105.2,155.95,0,0.0,1040,0,2026-08-26
NIFTY,2026-09-15,24650.0,PE,289.45,356.65,258.65,353.75,353.75,117,189799138.75,4030,3055,2026-08-26
NIFTY,2026-09-08,24400.0,CE,195.2,211.7,128.75,142.95,142.95,41045,65535694285.75,790530,417365,2026-08-26
NIFTY,2026-09-08,23700.0,CE,745.0,802.55,648.2,670.75,670.75,106,168193333.75,3510,715,2026-08-26
NIFTY,2026-09-08,22650.0,CE,0.0,0.0,0.0,2118.35,1609.78,0,0.0,0,0,2026-08-26
NIFTY,2026-09-01,26550.0,CE,0.9,0.9,0.55,0.6,0.6,480,828380806.5,5720,3640,2026-08-26
NIFTY,2026-09-01,25650.0,CE,0.9,1.0,0.75,0.85,0.85,19053,31767177146.25,343265,99775,2026-08-26
NIFTY,2026-09-01,24950.0,CE,4.55,6.7,3.65,4.0,4.0,217502,352797468361.0,1198535,508755,2026-08-26
NIFTY,2026-09-01,24900.0,CE,7.8,8.4,4.35,4.85,4.85,370088,599121320495.75,3614520,1666340,2026-08-26
NIFTY,2026-09-01,23950.0,CE,436.7,525.6,372.75,404.85,404.85,4895,7759366202.25,59865,20800,2026-08-26
NIFTY,2026-09-01,23400.0,CE,1039.95,1068.55,919.2,959.3,959.3,179,283671872.25,14365,4225,2026-08-26
NIFTY,2026-09-01,23300.0,CE,1095.95,1165.8,1014.2,1058.25,1058.25,97,153675210.0,5135,2275,2026-08-26
NIFTY,2026-09-01,23100.0,CE,0.0,0.0,0.0,1141.95,1132.6,0,0.0,260,0,2026-08-26
NIFTY,2026-09-01,22900.0,CE,0.0,0.0,0.0,1543.9,1331.08,0,0.0,0,0,2026-08-26
NIFTY,2026-09-01,22650.0,CE,0.0,0.0,0.0,1760.65,1580.42,0,0.0,0,0,2026-08-26
NIFTY,2026-09-01,22450.0,CE,0.0,0.0,0.0,1940.55,1780.15,0,0.0,0,0,2026-08-26
NIFTY,2026-09-01,22250.0,CE,0.0,0.0,0.0,2125.05,1979.94,0,0.0,0,0,2026-08-26
NIFTY,2026-09-15,24850.0,PE,0.0,0.0,0.0,629.7,716.19,0,0.0,0,0,2026-08-26
NIFTY,2026-09-15,25250.0,PE,0.0,0.0,0.0,885.25,1033.5,0,0.0,0,0,2026-08-26
NIFTY,2026-09-15,25400.0,PE,0.0,0.0,0.0,992.45,1163.28,0,0.0,0,0,2026-08-26
NIFTY,2026-09-15,25550.0,PE,0.0,0.0,0.0,1105.5,1297.58,0,0.0,0,0,2026-08-26
NIFTY,2026-09-22,22900.0,PE,0.0,0.0,0.0,72.2,41.7,0,0.0,0,0,2026-08-26
NIFTY,2026-09-22,23150.0,PE,0.0,0.0,0.0,109.9,69.84,0,0.0,0,0,2026-08-26
NIFTY,2026-09-22,23250.0,PE,16.7,24.0,12.2,21.2,21.2,312,471890601.0,12090,7280,2026-08-26
NIFTY,2026-09-22,24700.0,PE,393.05,720.6,370.9,387.8,387.8,43,70553583.75,1755,1755,2026-08-26
NIFTY,2026-09-22,24750.0,PE,0.0,0.0,0.0,752.65,679.7,0,0.0,0,0,2026-08-26
NIFTY,2026-09-22,24900.0,PE,0.0,0.0,0.0,853.1,782.45,0,0.0,0,0,2026-08-26
NIFTY,2026-09-22,25800.0,PE,0.0,0.0,0.0,1569.65,1522.69,0,0.0,0,0,2026-08-26
NIFTY,2026-09-29,16500.0,PE,0.8,1.2,0.8,0.85,0.85,154,165173775.0,133315,-195,2026-08-26
NIFTY,2026-09-29,21650.0,PE,8.7,8.7,8.5,8.7,3.31,24,33787422.5,6500,0,2026-08-26
NIFTY,2026-09-29,22050.0,PE,10.7,14.9,9.35,10.55,9.53,55,78867503.0,5200,130,2026-08-26
NIFTY,2026-09-29,22100.0,PE,10.8,11.75,10.0,10.75,10.75,772,1109503495.75,54860,6175,2026-08-26
NIFTY,2026-09-29,22350.0,PE,11.25,12.05,11.25,11.4,19.37,71,103199642.0,12415,-2145,2026-08-26
NIFTY,2026-09-29,22750.0,PE,15.3,16.35,14.6,16.25,16.25,509,753199424.25,39325,14040,2026-08-26
NIFTY,2026-09-29,23200.0,PE,28.6,28.6,22.95,26.25,26.25,11057,16691824441.5,748995,95485,2026-08-26
NIFTY,2026-09-29,23450.0,PE,40.0,43.15,34.05,40.1,40.1,4044,6173658338.25,148850,102830,2026-08-26
NIFTY,2026-09-29,24050.0,PE,111.35,138.3,100.55,131.6,131.6,1163,1826783744.5,59995,14300,2026-08-26
NIFTY,2026-09-29,24150.0,PE,153.35,167.65,122.0,157.05,157.05,2560,4042472622.5,94770,-7150,2026-08-26
NIFTY,2026-09-29,24900.0,PE,489.0,565.0,445.1,533.7,533.7,609,1005598629.75,90220,10920,2026-08-26
NIFTY,2026-09-29,25250.0,PE,765.0,829.0,747.0,829.0,829.0,13,21987127.5,1885,130,2026-08-26
NIFTY,2026-09-29,25900.0,PE,0.0,0.0,0.0,1550.0,1598.64,0,0.0,4875,0,2026-08-26
NIFTY,2026-09-29,26450.0,PE,0.0,0.0,0.0,2346.8,2106.32,0,0.0,0,0,2026-08-26
NIFTY,2026-10-27,22600.0,PE,28.0,34.5,25.55,26.95,26.95,125,183861197.0,15275,1820,2026-08-26
NIFTY,2026-10-27,22750.0,PE,0.0,0.0,0.0,228.35,108.55,0,0.0,0,0,2026-08-26
NIFTY,2026-10-27,23000.0,PE,45.0,48.0,41.3,45.8,45.8,6465,9683689522.0,906945,5005,2026-08-26
NIFTY,2026-10-27,24600.0,PE,348.1,404.0,331.05,384.3,384.3,882,1431053113.75,98605,12610,2026-08-26
NIFTY,2026-10-27,24900.0,PE,505.95,563.7,473.7,551.7,551.7,76,125595187.25,76960,-130,2026-08-26
NIFTY,2026-10-27,25100.0,PE,631.95,694.0,603.0,664.85,664.85,92,154036522.25,5980,1170,2026-08-26
NIFTY,2026-10-27,25150.0,PE,0.0,0.0,0.0,791.15,1039.55,0,0.0,325,0,2026-08-26
NIFTY,2026-10-27,25400.0,PE,821.15,921.75,804.9,906.8,1211.51,4,6828549.0,845,0,2026-08-26
NIFTY,2026-10-27,25500.0,PE,930.0,1006.3,880.0,991.4,991.4,231,396682266.5,187070,7800,2026-08-26
NIFTY,2026-10-27,26950.0,PE,0.0,0.0,0.0,2675.85,2501.55,0,0.0,0,0,2026-08-26
NIFTY,2026-11-23,22650.0,PE,0.0,0.0,0.0,135.8,147.02,0,0.0,0,0,2026-08-26
NIFTY,2026-11-23,23550.0,PE,0.0,0.0,0.0,327.35,350.82,0,0.0,0,0,2026-08-26
NIFTY,2026-11-23,24050.0,PE,0.0,0.0,0.0,493.55,525.79,0,0.0,0,0,2026-08-26
NIFTY,2026-11-23,24450.0,PE,0.0,0.0,0.0,661.15,701.12,0,0.0,0,0,2026-08-26
NIFTY,2026-11-23,24650.0,PE,0.0,0.0,0.0,756.75,800.69,0,0.0,0,0,2026-08-26
NIFTY,2026-12-29,15000.0,PE,9.9,9.9,8.2,8.55,8.55,26,25364706.25,118545,-325,2026-08-26
NIFTY,2026-12-29,16000.0,PE,10.5,11.5,10.4,10.6,10.6,16,16651524.5,115175,455,2026-08-26
NIFTY,2026-12-29,24000.0,PE,280.0,300.0,257.0,290.9,290.9,7105,11212673111.25,2418150,790,2026-08-26
NIFTY,2026-12-29,33000.0,PE,0.0,0.0,0.0,5263.45,8061.18,0,0.0,0,0,2026-08-26
NIFTY,2027-12-28,28500.0,PE,0.0,0.0,0.0,2979.7,2980.88,0,0.0,260,0,2026-08-26
NIFTY,2027-12-28,31500.0,PE,0.0,0.0,0.0,3240.0,5113.43,0,0.0,0,0,2026-08-26
NIFTY,2027-12-28,33000.0,PE,0.0,0.0,0.0,4155.55,6315.57,0,0.0,0,0,2026-08-26
NIFTY,2028-06-27,19500.0,PE,0.0,0.0,0.0,40.05,123.19,0,0.0,0,0,2026-08-26
NIFTY,2028-06-27,30000.0,PE,0.0,0.0,0.0,3779.25,3619.45,0,0.0,0,0,2026-08-26
NIFTY,2028-12-26,16500.0,PE,0.0,0.0,0.0,5.9,24.97,0,0.0,0,0,2026-08-26
NIFTY,2029-12-24,18000.0,PE,0.0,0.0,0.0,96.5,92.32,0,0.0,0,0,2026-08-26
NIFTY,2029-12-24,23000.0,PE,0.0,0.0,0.0,725.0,615.88,0,0.0,1560,0,2026-08-26
NIFTY,2029-12-24,26000.0,PE,1400.0,1400.0,1400.0,1400.0,1319.96,1,1781000.0,3795,65,2026-08-26
NIFTY,2030-06-25,24000.0,PE,0.0,0.0,0.0,698.15,783.93,0,0.0,0,0,2026-08-26
NIFTY,2030-12-31,25500.0,PE,0.0,0.0,0.0,538.25,1056.47,0,0.0,0,0,2026-08-26
NIFTY,2031-06-24,31500.0,PE,0.0,0.0,0.0,3185.85,2749.0,0,0.0,0,0,2026-08-26
NIFTY,2026-09-08,23400.0,PE,7.7,8.55,6.85,8.05,8.05,11279,17160878978.75,234130,19695,2026-08-26
NIFTY,2026-09-08,23350.0,PE,7.5,7.9,6.35,7.35,7.35,622,944318170.25,34580,1560,2026-08-26
NIFTY,2026-09-08,22850.0,PE,3.5,5.2,3.2,4.2,4.2,223,331270322.5,6500,0,2026-08-26
NIFTY,2026-09-01,27050.0,PE,0.0,0.0,0.0,2693.45,2815.27,0,0.0,0,0,2026-08-26
NIFTY,2026-09-01,26750.0,PE,0.0,0.0,0.0,2407.3,2515.57,0,0.0,0,0,2026-08-26
NIFTY,2026-09-01,26350.0,PE,0.0,0.0,0.0,2035.25,2115.97,0,0.0,0,0,2026-08-26
NIFTY,2026-09-01,25450.0,PE,0.0,0.0,0.0,1130.0,1218.47,0,0.0,780,0,2026-08-26
NIFTY,2026-09-01,24550.0,PE,168.0,271.3,150.25,237.65,237.65,148769,239324497941.75,240825,138190,2026-08-26
NIFTY,2026-09-01,23850.0,PE,9.75,11.1,6.55,8.1,8.1,353422,548087194443.75,1185795,94380,2026-08-26
NIFTY,2026-09-01,22650.0,PE,1.8,1.9,1.2,1.4,1.4,5106,7517801232.5,56680,13845,2026-08-26
NIFTY,2026-09-01,22050.0,PE,1.2,1.25,0.8,0.85,0.85,1927,2761991534.25,31590,23725,2026-08-26
NIFTY,2026-09-01,22750.0,CE,0.0,0.0,0.0,1672.8,1480.61,0,0.0,0,0,2026-08-26
NIFTY,2026-09-01,23850.0,CE,575.0,623.45,475.1,503.4,503.4,1928,3056709168.5,55185,26455,2026-08-26
NIFTY,2026-09-01,24550.0,CE,65.0,68.45,28.35,34.95,34.95,781125,1248843344716.5,2554565,869830,2026-08-26
NIFTY,2026-09-01,25250.0,CE,1.9,2.15,1.6,1.75,1.75,133152,218551879224.25,930540,798720,2026-08-26
NIFTY,2026-09-01,26050.0,CE,0.8,1.3,0.65,0.7,0.7,3283,5559104076.5,38870,30485,2026-08-26
NIFTY,2026-09-01,26450.0,CE,0.95,0.95,0.55,0.65,0.65,2286,3930308050.5,20735,18330,2026-08-26
NIFTY,2026-09-01,27100.0,CE,0.65,0.9,0.5,0.55,0.55,1780,3135538601.0,46930,29120,2026-08-26
NIFTY,2026-09-08,23100.0,CE,0.0,0.0,0.0,1701.65,1174.54,0,0.0,0,0,2026-08-26
NIFTY,2026-09-08,24550.0,CE,125.5,131.0,74.2,84.75,84.75,8853,14182906845.25,116155,34775,2026-08-26
NIFTY,2026-09-08,25500.0,CE,3.8,3.8,2.8,3.1,3.1,8210,13609766807.0,303615,97045,2026-08-26
NIFTY,2026-09-08,26350.0,CE,2.0,2.0,1.1,1.4,1.4,127,217529936.0,6435,1885,2026-08-26
NIFTY,2026-09-15,23400.0,CE,0.0,0.0,0.0,1312.7,963.68,0,0.0,0,0,2026-08-26
NIFTY,2030-06-25,33000.0,PE,0.0,0.0,0.0,3143.9,3934.27,0,0.0,0,0,2026-08-26
NIFTY,2030-06-25,19500.0,PE,0.0,0.0,0.0,64.95,189.79,0,0.0,0,0,2026-08-26
NIFTY,2030-06-25,16500.0,PE,0.0,0.0,0.0,12.0,47.77,0,0.0,0,0,2026-08-26
NIFTY,2029-06-26,31500.0,PE,0.0,0.0,0.0,2443.35,3822.57,0,0.0,0,0,2026-08-26
NIFTY,2026-09-15,24000.0,CE,530.95,570.0,445.8,459.7,459.7,655,1042980744.0,33085,-3120,2026-08-26
NIFTY,2026-09-15,24350.0,CE,287.85,301.65,209.15,222.0,222.0,1292,2066423378.5,31720,21255,2026-08-26
NIFTY,2026-09-15,26150.0,CE,3.25,3.25,3.25,3.25,9.45,4,6799845.0,1560,260,2026-08-26
NIFTY,2026-09-22,22450.0,CE,0.0,0.0,0.0,1865.4,1872.72,0,0.0,0,0,2026-08-26
NIFTY,2026-09-22,22500.0,CE,0.0,0.0,0.0,1819.0,1824.9,0,0.0,0,0,2026-08-26
NIFTY,2026-09-22,22650.0,CE,0.0,0.0,0.0,1681.55,1682.84,0,0.0,0,0,2026-08-26
NIFTY,2026-09-22,22850.0,CE,0.0,0.0,0.0,1503.15,1497.5,0,0.0,0,0,2026-08-26
NIFTY,2026-09-22,23000.0,CE,0.0,0.0,0.0,1373.75,1362.36,0,0.0,0,0,2026-08-26
NIFTY,2026-09-22,23100.0,CE,0.0,0.0,0.0,1289.85,1274.5,0,0.0,0,0,2026-08-26
NIFTY,2026-09-22,23150.0,CE,0.0,0.0,0.0,1248.7,1231.31,0,0.0,0,0,2026-08-26
NIFTY,2026-09-22,23750.0,CE,0.0,0.0,0.0,625.55,762.15,0,0.0,260,0,2026-08-26
NIFTY,2026-09-22,23950.0,CE,0.0,0.0,0.0,590.15,630.46,0,0.0,390,0,2026-08-26
NIFTY,2026-09-22,24900.0,CE,86.15,93.3,60.7,66.25,66.25,304,493449063.25,5915,5720,2026-08-26
NIFTY,2026-09-22,25450.0,CE,0.0,0.0,0.0,123.25,85.88,0,0.0,0,0,2026-08-26
NIFTY,2026-09-22,25850.0,CE,0.0,0.0,0.0,68.3,41.88,0,0.0,0,0,2026-08-26
NIFTY,2026-09-22,25950.0,CE,0.0,0.0,0.0,58.4,34.55,0,0.0,0,0,2026-08-26
NIFTY,2026-09-29,22150.0,CE,0.0,0.0,0.0,2200.35,2204.65,0,0.0,0,0,2026-08-26
NIFTY,2026-09-29,22250.0,CE,0.0,0.0,0.0,2117.8,2108.51,0,0.0,0,0,2026-08-26
NIFTY,2026-09-29,22400.0,CE,0.0,0.0,0.0,1741.4,1965.66,0,0.0,195,0,2026-08-26
NIFTY,2026-09-29,23250.0,CE,1275.35,1306.9,1275.3,1306.9,1209.11,3,4784490.75,325,-65,2026-08-26
NIFTY,2026-09-29,23550.0,CE,0.0,0.0,0.0,944.65,976.61,0,0.0,1040,0,2026-08-26
NIFTY,2029-06-26,21000.0,PE,0.0,0.0,0.0,320.25,314.33,0,0.0,0,0,2026-08-26
NIFTY,2028-12-26,33000.0,PE,0.0,0.0,0.0,3315.4,5145.75,0,0.0,0,0,2026-08-26
NIFTY,2028-12-26,25000.0,PE,0.0,0.0,0.0,1005.0,1136.54,0,0.0,6075,0,2026-08-26
NIFTY,2026-09-29,23800.0,CE,775.0,838.0,699.85,720.45,720.45,666,1063692162.0,74100,-10010,2026-08-26
NIFTY,2026-09-29,25100.0,CE,68.0,77.6,50.55,53.9,53.9,21752,35578376096.25,723645,29185,2026-08-26
NIFTY,2028-12-26,18000.0,PE,0.0,0.0,0.0,250.0,66.52,0,0.0,75,0,2026-08-26
NIFTY,2028-06-27,21000.0,PE,0.0,0.0,0.0,907.2,265.6,0,0.0,0,0,2026-08-26
NIFTY,2027-12-28,22000.0,PE,304.4,321.0,304.4,319.1,319.1,85,123287164.0,46430,1430,2026-08-26
NIFTY,2027-12-28,15000.0,PE,0.0,0.0,0.0,21.7,1.24,0,0.0,755,0,2026-08-26
NIFTY,2027-06-29,31500.0,PE,0.0,0.0,0.0,3604.7,5751.05,0,0.0,0,0,2026-08-26
NIFTY,2027-06-29,24000.0,PE,485.0,497.25,480.25,488.75,488.75,25,39796789.5,20085,780,2026-08-26
NIFTY,2027-03-30,31500.0,PE,0.0,0.0,0.0,7066.15,6143.22,0,0.0,0,0,2026-08-26
NIFTY,2027-03-30,30000.0,PE,0.0,0.0,0.0,4575.0,4770.91,0,0.0,3120,0,2026-08-26
NIFTY,2027-03-30,25500.0,PE,880.0,933.6,850.6,917.1,917.1,428,734185653.5,199680,10140,2026-08-26
NIFTY,2026-12-29,28500.0,PE,0.0,0.0,0.0,3320.25,3735.54,0,0.0,130,0,2026-08-26
NIFTY,2026-12-29,25000.0,PE,612.85,671.6,580.35,661.55,661.55,4169,6945661206.25,2057945,51765,2026-08-26
NIFTY,2026-12-29,19500.0,PE,25.4,25.95,23.5,25.15,25.15,483,612976068.25,140400,0,2026-08-26
NIFTY,2026-11-23,25900.0,PE,0.0,0.0,0.0,1526.4,1595.34,0,0.0,0,0,2026-08-26
NIFTY,2026-11-23,25850.0,PE,0.0,0.0,0.0,1490.4,1557.35,0,0.0,0,0,2026-08-26
NIFTY,2026-11-23,25050.0,PE,0.0,0.0,0.0,971.7,1023.64,0,0.0,0,0,2026-08-26
NIFTY,2026-11-23,25000.0,PE,607.0,639.95,606.0,625.75,625.75,18,29967726.75,910,910,2026-08-26
NIFTY,2026-11-23,23600.0,PE,0.0,0.0,0.0,341.9,366.18,0,0.0,0,0,2026-08-26
NIFTY,2026-10-27,26700.0,PE,0.0,0.0,0.0,2458.1,2274.31,0,0.0,0,0,2026-08-26
NIFTY,2026-10-27,26350.0,PE,0.0,0.0,0.0,2163.0,1965.98,0,0.0,0,0,2026-08-26
NIFTY,2026-10-27,26200.0,PE,0.0,0.0,0.0,2040.5,1838.04,0,0.0,0,0,2026-08-26
NIFTY,2026-10-27,22500.0,PE,29.7,29.7,26.25,28.15,28.15,3245,4751642951.25,452725,24895,2026-08-26
NIFTY,2026-09-29,26700.0,PE,0.0,0.0,0.0,2560.85,2345.49,0,0.0,0,0,2026-08-26
NIFTY,2026-09-29,25350.0,PE,850.0,850.0,850.0,850.0,1133.34,1,1703000.0,1040,-65,2026-08-26
NIFTY,2026-09-29,25150.0,PE,0.0,0.0,0.0,872.35,980.31,0,0.0,1495,0,2026-08-26
NIFTY,2026-09-29,24350.0,PE,209.4,241.0,177.0,228.2,228.2,7695,12282097662.25,420225,98735,2026-08-26
NIFTY,2026-09-29,23850.0,PE,78.9,92.0,68.6,87.75,87.75,1528,2376613759.0,98475,13845,2026-08-26
NIFTY,2026-09-29,26150.0,CE,0.0,0.0,0.0,215.05,42.32,0,0.0,0,0,2026-08-26
NIFTY,2026-09-29,27050.0,CE,2.15,3.4,2.15,2.95,2.95,125,219800733.75,4225,1430,2026-08-26
NIFTY,2026-10-27,23000.0,CE,1647.8,1704.05,1563.3,1599.45,1599.45,191,305555506.75,30485,6890,2026-08-26
NIFTY,2026-10-27,23050.0,CE,0.0,0.0,0.0,1446.75,1571.23,0,0.0,65,0,2026-08-26
NIFTY,2026-10-27,25050.0,CE,0.0,0.0,0.0,424.0,409.35,0,0.0,1365,0,2026-08-26
NIFTY,2026-10-27,25150.0,CE,0.0,0.0,0.0,479.95,375.57,0,0.0,0,0,2026-08-26
NIFTY,2026-10-27,25650.0,CE,69.0,69.45,52.85,54.05,54.05,179,299136383.0,9750,-6110,2026-08-26
NIFTY,2026-10-27,27200.0,CE,0.0,0.0,0.0,92.4,42.14,0,0.0,0,0,2026-08-26
NIFTY,2026-11-23,22700.0,CE,0.0,0.0,0.0,2115.1,2022.55,0,0.0,0,0,2026-08-26
NIFTY,2026-11-23,23100.0,CE,0.0,0.0,0.0,1793.9,1706.62,0,0.0,0,0,2026-08-26
NIFTY,2026-11-23,23400.0,CE,0.0,0.0,0.0,1569.75,1485.97,0,0.0,0,0,2026-08-26
NIFTY,2026-09-29,23300.0,PE,30.5,33.6,26.8,31.15,31.15,9778,14827402417.75,753350,41015,2026-08-26
NIFTY,2026-09-29,18000.0,PE,1.6,2.5,1.4,1.6,1.6,657,768764720.75,990860,-8840,2026-08-26
NIFTY,2026-09-22,25150.0,PE,0.0,0.0,0.0,1035.2,969.05,0,0.0,0,0,2026-08-26
NIFTY,2026-09-22,24550.0,PE,0.0,0.0,0.0,629.0,554.41,0,0.0,0,0,2026-08-26
NIFTY,2026-09-22,24200.0,PE,126.65,158.05,112.8,150.8,150.8,870,1375964118.75,43355,12545,2026-08-26
NIFTY,2026-09-22,24100.0,PE,100.0,125.0,85.8,119.45,119.45,254,399615219.25,18070,3120,2026-08-26
NIFTY,2026-09-15,25850.0,PE,0.0,0.0,0.0,1345.95,1576.55,0,0.0,0,0,2026-08-26
NIFTY,2026-09-15,24950.0,PE,0.0,0.0,0.0,689.2,791.08,0,0.0,0,0,2026-08-26
NIFTY,2026-09-15,24050.0,PE,65.95,85.35,54.0,82.7,82.7,648,1015758523.0,20605,8450,2026-08-26
NIFTY,2026-09-15,23900.0,PE,43.5,59.55,36.2,52.7,52.7,4062,6322413490.25,374985,50310,2026-08-26
NIFTY,2026-09-15,23500.0,PE,22.15,22.15,14.4,19.05,19.05,4933,7540805379.25,238550,57590,2026-08-26
NIFTY,2026-09-15,23050.0,PE,0.0,0.0,0.0,58.25,34.68,0,0.0,0,0,2026-08-26
NIFTY,2026-09-08,25650.0,PE,0.0,0.0,0.0,1079.4,1397.27,0,0.0,0,0,2026-08-26
NIFTY,2026-09-08,23650.0,PE,12.55,16.25,10.45,14.4,14.4,4927,7578097569.25,109005,38545,2026-08-26
NIFTY,2026-09-08,22950.0,PE,4.6,4.95,4.15,4.7,4.7,145,216346276.25,6435,1105,2026-08-26
NIFTY,2026-09-08,22700.0,PE,3.15,4.25,3.1,4.0,4.0,2558,3774963185.5,82875,53300,2026-08-26
NIFTY,2026-09-08,22450.0,PE,4.5,4.5,2.75,3.6,3.6,125,182434603.0,3965,910,2026-08-26
NIFTY,2026-11-23,23450.0,CE,0.0,0.0,0.0,1533.6,1450.76,0,0.0,0,0,2026-08-26
NIFTY,2026-11-23,23600.0,CE,0.0,0.0,0.0,1427.05,1347.86,0,0.0,0,0,2026-08-26
NIFTY,2026-11-23,24250.0,CE,0.0,0.0,0.0,1018.2,951.43,0,0.0,0,0,2026-08-26
NIFTY,2026-11-23,24600.0,CE,0.0,0.0,0.0,832.15,772.55,0,0.0,0,0,2026-08-26
NIFTY,2026-11-23,25450.0,CE,0.0,0.0,0.0,479.65,437.69,0,0.0,0,0,2026-08-26
NIFTY,2026-11-23,25550.0,CE,0.0,0.0,0.0,446.95,406.97,0,0.0,0,0,2026-08-26
NIFTY,2026-12-29,16000.0,CE,0.0,0.0,0.0,8178.15,8562.66,0,0.0,245,0,2026-08-26
NIFTY,2026-12-29,22500.0,CE,2470.0,2470.0,2366.45,2388.0,2388.0,14,22658987.0,16510,-195,2026-08-26
NIFTY,2027-06-29,25500.0,CE,0.0,0.0,0.0,970.0,1471.49,0,0.0,65,0,2026-08-26
NIFTY,2027-06-29,33000.0,CE,0.0,0.0,0.0,1122.75,72.96,0,0.0,0,0,2026-08-26
NIFTY,2027-12-28,33000.0,CE,0.0,0.0,0.0,120.0,295.72,0,0.0,3510,0,2026-08-26
NIFTY,2028-06-27,19500.0,CE,0.0,0.0,0.0,9209.1,7043.12,0,0.0,0,0,2026-08-26
NIFTY,2029-06-26,18000.0,CE,0.0,0.0,0.0,11678.65,9339.92,0,0.0,0,0,2026-08-26
NIFTY,2029-06-26,21000.0,CE,0.0,0.0,0.0,9799.75,7081.68,0,0.0,0,0,2026-08-26
NIFTY,2029-06-26,33000.0,CE,0.0,0.0,0.0,4179.45,1487.84,0,0.0,0,0,2026-08-26
NIFTY,2029-12-24,16500.0,CE,0.0,0.0,0.0,12984.85,10983.87,0,0.0,0,0,2026-08-26
NIFTY,2029-12-24,28500.0,CE,0.0,0.0,0.0,4802.1,3469.08,0,0.0,0,0,2026-08-26
NIFTY,2030-06-25,18000.0,CE,0.0,0.0,0.0,12423.9,10304.84,0,0.0,0,0,2026-08-26
NIFTY,2030-06-25,31500.0,CE,0.0,0.0,0.0,3984.8,2927.51,0,0.0,0,0,2026-08-26
NIFTY,2026-09-08,22400.0,PE,3.45,3.75,2.95,3.6,3.6,15378,22393836565.75,747695,534040,2026-08-26
NIFTY,2030-12-31,16500.0,CE,0.0,0.0,0.0,13763.55,11852.2,0,0.0,0,0,2026-08-26
NIFTY,2030-12-31,28500.0,CE,0.0,0.0,0.0,5968.3,4648.82,0,0.0,0,0,2026-08-26
NIFTY,2026-09-01,27150.0,PE,0.0,0.0,0.0,2789.8,2915.17,0,0.0,0,0,2026-08-26
NIFTY,2026-09-01,26400.0,PE,0.0,0.0,0.0,2081.0,2165.92,0,0.0,0,0,2026-08-26
NIFTY,2026-09-01,26000.0,PE,1560.0,1675.75,1536.7,1656.05,1656.05,117,210254619.25,163085,3770,2026-08-26
NIFTY,2026-09-01,25050.0,PE,598.95,737.0,592.85,713.4,713.4,150,250791999.25,5005,4225,2026-08-26
NIFTY,2026-09-01,24450.0,PE,119.0,195.8,97.0,161.2,161.2,580188,927321587702.25,841880,547560,2026-08-26
NIFTY,2026-09-01,24000.0,PE,17.0,23.85,11.3,17.55,17.55,1034495,1614958060075.75,5634915,1514110,2026-08-26
NIFTY,2026-09-01,22500.0,CE,1875.4,1875.4,1875.4,1875.4,1730.21,1,1584401.0,11895,65,2026-08-26
NIFTY,2031-06-24,31500.0,CE,0.0,0.0,0.0,3928.35,3999.97,0,0.0,0,0,2026-08-26
NIFTY,2026-09-01,23350.0,PE,3.7,3.85,2.15,2.4,2.4,90506,137381135352.5,778765,53300,2026-08-26
NIFTY,2026-09-01,23300.0,PE,3.35,3.75,2.0,2.3,2.3,253991,384710509641.25,2079675,-796770,2026-08-26
NIFTY,2026-09-01,23250.0,PE,3.1,3.7,1.85,2.2,2.2,45280,68436438986.5,243880,-20735,2026-08-26
NIFTY,2026-09-01,22150.0,PE,1.6,1.6,0.9,1.0,1.0,2345,3376377738.5,43420,36400,2026-08-26
NIFTY,2026-09-01,22100.0,PE,1.05,1.25,0.8,0.9,0.9,21843,31378816979.25,1328405,233480,2026-08-26
NIFTY,2031-06-24,18000.0,CE,0.0,0.0,0.0,10825.95,11200.12,0,0.0,0,0,2026-08-26
NIFTY,2026-09-01,22000.0,PE,0.95,1.25,0.75,0.85,0.85,107395,153580925420.0,4050280,-824915,2026-08-26
NIFTY,2026-09-01,23900.0,PE,11.3,14.3,7.9,10.1,10.1,664200,1032288735734.75,4604340,2503085,2026-08-26
NIFTY,2026-09-01,25000.0,PE,597.6,694.15,501.05,642.85,642.85,6939,11554341379.75,339365,54015,2026-08-26
NIFTY,2026-09-08,22500.0,PE,3.55,3.95,3.2,3.75,3.75,10622,15537143677.25,567190,165815,2026-08-26
NIFTY,2026-09-08,22550.0,PE,4.8,4.8,2.85,3.6,3.6,101,148064068.75,2990,975,2026-08-26
NIFTY,2026-09-08,24950.0,PE,0.0,0.0,0.0,777.25,761.87,0,0.0,65,0,2026-08-26
NIFTY,2026-09-08,25450.0,PE,0.0,0.0,0.0,931.85,1206.58,0,0.0,0,0,2026-08-26
NIFTY,2026-09-08,25950.0,PE,0.0,0.0,0.0,1315.0,1689.98,0,0.0,0,0,2026-08-26
NIFTY,2026-09-08,26250.0,PE,0.0,0.0,0.0,1568.65,1986.79,0,0.0,0,0,2026-08-26
NIFTY,2026-09-15,22750.0,PE,9.25,9.25,9.25,9.25,15.5,5,7396756.25,1560,0,2026-08-26
NIFTY,2026-09-15,22850.0,PE,0.0,0.0,0.0,11.2,20.51,0,0.0,1105,0,2026-08-26
NIFTY,2031-06-24,30000.0,CE,0.0,0.0,0.0,4459.9,4563.31,0,0.0,0,0,2026-08-26
NIFTY,2031-06-24,21000.0,PE,0.0,0.0,0.0,450.5,320.01,0,0.0,0,0,2026-08-26
NIFTY,2030-06-25,31500.0,PE,0.0,0.0,0.0,2056.3,3226.15,0,0.0,0,0,2026-08-26
NIFTY,2028-12-26,20000.0,PE,0.0,0.0,0.0,279.45,190.75,0,0.0,3745,0,2026-08-26
NIFTY,2028-06-27,16500.0,PE,0.0,0.0,0.0,3.8,15.65,0,0.0,0,0,2026-08-26
NIFTY,2027-12-28,23000.0,PE,440.05,444.0,425.0,440.0,566.79,71,108153565.0,51780,-1040,2026-08-26
NIFTY,2027-06-29,30000.0,PE,0.0,0.0,0.0,4000.0,4467.87,0,0.0,455,0,2026-08-26
NIFTY,2027-06-29,28500.0,PE,0.0,0.0,0.0,1807.05,3284.85,0,0.0,0,0,2026-08-26
NIFTY,2027-03-30,15000.0,PE,20.0,20.0,20.0,20.0,0.01,2,1952600.0,1300,130,2026-08-26
NIFTY,2026-12-29,29000.0,PE,3948.7,4020.0,3891.95,3996.25,3996.25,172,368055519.0,218545,3315,2026-08-26
NIFTY,2026-12-29,27000.0,PE,2080.0,2150.9,2022.4,2118.4,2118.4,151,285663277.25,945170,1170,2026-08-26
NIFTY,2026-12-29,22500.0,PE,86.0,86.85,78.0,83.55,83.55,6427,9434294844.0,841295,-89570,2026-08-26
NIFTY,2026-12-29,17000.0,PE,14.05,14.75,11.7,12.2,12.2,164,181366282.5,187470,975,2026-08-26
NIFTY,2026-11-23,25750.0,PE,0.0,0.0,0.0,1419.55,1484.77,0,0.0,0,0,2026-08-26
NIFTY,2026-11-23,24950.0,PE,0.0,0.0,0.0,915.05,965.0,0,0.0,0,0,2026-08-26
NIFTY,2026-11-23,24850.0,PE,0.0,0.0,0.0,860.35,908.28,0,0.0,0,0,2026-08-26
NIFTY,2026-11-23,24350.0,PE,0.0,0.0,0.0,616.3,654.28,0,0.0,0,0,2026-08-26
NIFTY,2026-10-27,27100.0,PE,0.0,0.0,0.0,2808.9,2640.19,0,0.0,0,0,2026-08-26
NIFTY,2026-10-27,27050.0,PE,0.0,0.0,0.0,2764.35,2593.81,0,0.0,0,0,2026-08-26
NIFTY,2026-10-27,26800.0,PE,0.0,0.0,0.0,2544.55,2364.58,0,0.0,0,0,2026-08-26
NIFTY,2026-10-27,26650.0,PE,0.0,0.0,0.0,2415.2,2229.51,0,0.0,0,0,2026-08-26
NIFTY,2026-10-27,26450.0,PE,0.0,0.0,0.0,2246.05,2052.75,0,0.0,0,0,2026-08-26
NIFTY,2026-10-27,25850.0,PE,0.0,0.0,0.0,1093.8,1551.32,0,0.0,65,0,2026-08-26
NIFTY,2026-10-27,25550.0,PE,0.0,0.0,0.0,1144.0,1321.7,0,0.0,130,0,2026-08-26
NIFTY,2026-10-27,24500.0,PE,334.7,360.0,291.1,343.45,343.45,4488,7241964304.25,570830,35490,2026-08-26
NIFTY,2026-10-27,24400.0,PE,278.25,317.65,255.35,299.7,299.7,1162,1864361216.25,130000,14755,2026-08-26
NIFTY,2026-10-27,24350.0,PE,293.6,293.8,243.0,280.3,280.3,213,340737988.5,10400,5395,2026-08-26
NIFTY,2026-10-27,23850.0,PE,0.0,0.0,0.0,569.9,374.45,0,0.0,0,0,2026-08-26
NIFTY,2026-10-27,23550.0,PE,0.0,0.0,0.0,454.95,277.53,0,0.0,0,0,2026-08-26
NIFTY,2026-10-27,22700.0,PE,30.0,39.3,29.8,32.15,32.15,688,1016568549.75,59475,6435,2026-08-26
NIFTY,2026-10-27,22550.0,PE,42.85,42.85,26.9,27.05,82.8,13,19078900.75,715,0,2026-08-26
NIFTY,2026-09-29,27050.0,PE,0.0,0.0,0.0,2869.35,2685.52,0,0.0,0,0,2026-08-26
NIFTY,2026-09-29,26500.0,PE,1950.0,2058.0,1898.9,2045.35,2045.35,235,435437265.25,842335,-715,2026-08-26
NIFTY,2026-09-29,26200.0,PE,1640.0,1734.0,1640.0,1726.0,1726.0,20,36275333.25,37765,1300,2026-08-26
NIFTY,2026-09-29,25850.0,PE,0.0,0.0,0.0,1859.75,1554.24,0,0.0,0,0,2026-08-26
NIFTY,2026-09-29,24800.0,PE,408.05,494.85,381.9,462.55,462.55,4273,7011955567.5,375505,58825,2026-08-26
NIFTY,2026-09-29,24450.0,PE,240.0,287.05,213.05,268.7,268.7,3257,5230745663.0,136175,58500,2026-08-26
NIFTY,2026-09-29,23650.0,PE,58.35,63.25,47.45,59.1,59.1,1222,1882814082.5,88075,15405,2026-08-26
NIFTY,2026-09-29,23600.0,PE,54.95,58.0,43.2,53.35,53.35,18362,28225355288.0,731380,158795,2026-08-26
NIFTY,2026-09-29,23000.0,PE,20.0,22.8,18.2,20.4,20.4,24745,37025571833.25,4166565,119460,2026-08-26
NIFTY,2026-09-29,22900.0,PE,19.25,19.25,16.5,18.35,18.35,2840,4230610117.5,331305,1040,2026-08-26
NIFTY,2026-09-22,26050.0,PE,0.0,0.0,0.0,1794.15,1753.9,0,0.0,0,0,2026-08-26
NIFTY,2026-09-22,23650.0,PE,0.0,0.0,0.0,228.6,169.34,0,0.0,0,0,2026-08-26
NIFTY,2026-09-22,23550.0,PE,0.0,0.0,0.0,199.5,144.04,0,0.0,0,0,2026-08-26
NIFTY,2026-09-22,23500.0,PE,0.0,0.0,0.0,187.05,132.43,0,0.0,0,0,2026-08-26
NIFTY,2026-09-22,23400.0,PE,0.0,0.0,0.0,161.3,111.34,0,0.0,0,0,2026-08-26
NIFTY,2026-09-22,22650.0,PE,0.0,0.0,0.0,45.6,23.62,0,0.0,0,0,2026-08-26
NIFTY,2026-09-22,22400.0,PE,7.0,8.0,6.4,7.95,7.95,63,91758234.75,5915,3770,2026-08-26
NIFTY,2026-09-15,26150.0,PE,0.0,0.0,0.0,1603.05,1864.87,0,0.0,0,0,2026-08-26
NIFTY,2026-09-15,25500.0,PE,0.0,0.0,0.0,1068.3,1252.36,0,0.0,0,0,2026-08-26
NIFTY,2026-09-15,23000.0,PE,7.95,9.15,7.35,8.75,8.75,2111,3157095249.75,156780,35685,2026-08-26
NIFTY,2026-09-01,22400.0,CE,0.0,0.0,0.0,1986.25,1830.1,0,0.0,0,0,2026-08-26
NIFTY,2026-09-01,22700.0,CE,0.0,0.0,0.0,1716.55,1530.5,0,0.0,0,0,2026-08-26
NIFTY,2026-09-01,23000.0,CE,1530.7,1530.7,1310.3,1324.0,1324.0,552,876182739.25,46020,-3185,2026-08-26
NIFTY,2026-09-01,23150.0,CE,0.0,0.0,0.0,1180.0,1083.29,0,0.0,325,0,2026-08-26
NIFTY,2026-09-01,23750.0,CE,668.0,722.0,566.4,605.3,605.3,789,1251871998.0,45630,27430,2026-08-26
NIFTY,2026-09-01,24500.0,CE,76.1,89.8,38.25,47.05,47.05,1922348,3069018526671.5,10391940,4925960,2026-08-26
NIFTY,2026-09-01,24750.0,CE,14.6,19.6,8.3,9.95,9.95,435689,701278819393.75,3551795,2305745,2026-08-26
NIFTY,2026-09-01,25050.0,CE,3.2,4.05,2.8,3.0,3.0,224760,366010997855.75,1448785,961480,2026-08-26
NIFTY,2026-09-01,25550.0,CE,1.1,1.25,0.85,1.0,1.0,50495,83862955614.75,624780,357955,2026-08-26
NIFTY,2026-09-01,26500.0,CE,0.7,1.05,0.55,0.65,0.65,7527,12965578778.75,139425,78650,2026-08-26
NIFTY,2026-09-08,22550.0,CE,0.0,0.0,0.0,2213.6,1708.48,0,0.0,0,0,2026-08-26
NIFTY,2026-09-08,24000.0,CE,488.7,523.05,386.9,414.7,414.7,5036,8001942698.75,238550,88140,2026-08-26
NIFTY,2026-09-08,24450.0,CE,165.0,181.75,107.15,121.0,121.0,18771,29993369887.0,623350,531310,2026-08-26
NIFTY,2026-09-08,25100.0,CE,10.3,12.05,7.4,8.25,8.25,39509,64481997092.5,1169480,20865,2026-08-26
NIFTY,2026-09-08,26300.0,CE,1.85,1.85,1.1,1.25,1.25,216,369269754.75,27950,325,2026-08-26
NIFTY,2026-09-15,23200.0,CE,0.0,0.0,0.0,1481.9,1134.72,0,0.0,0,0,2026-08-26
NIFTY,2026-09-15,23600.0,CE,0.0,0.0,0.0,784.9,803.86,0,0.0,195,0,2026-08-26
NIFTY,2026-09-15,23900.0,CE,628.0,650.0,576.7,579.65,589.85,7,11152329.5,975,-130,2026-08-26
NIFTY,2026-09-15,24500.0,CE,200.0,210.5,136.5,148.7,148.7,9282,14883727105.0,424840,158340,2026-08-26
NIFTY,2026-09-15,25600.0,CE,0.0,0.0,0.0,164.3,35.97,0,0.0,0,0,2026-08-26
NIFTY,2026-09-22,22950.0,CE,0.0,0.0,0.0,1416.4,1406.99,0,0.0,0,0,2026-08-26
NIFTY,2026-09-22,23250.0,CE,0.0,0.0,0.0,1168.05,1146.56,0,0.0,0,0,2026-08-26
NIFTY,2026-09-22,23650.0,CE,0.0,0.0,0.0,870.3,833.05,0,0.0,0,0,2026-08-26
NIFTY,2026-09-22,23800.0,CE,697.9,697.9,697.9,697.9,727.94,1,1592363.5,390,0,2026-08-26
NIFTY,2026-09-22,24100.0,CE,522.0,522.0,422.0,434.6,434.6,62,98979309.0,10660,130,2026-08-26
NIFTY,2026-09-22,24800.0,CE,174.0,174.0,81.6,88.85,88.85,219,354366194.0,5005,5005,2026-08-26
NIFTY,2026-09-22,25000.0,CE,0.0,0.0,0.0,223.05,174.59,0,0.0,0,0,2026-08-26
NIFTY,2026-09-22,25750.0,CE,0.0,0.0,0.0,79.6,50.51,0,0.0,0,0,2026-08-26
NIFTY,2026-09-29,21000.0,CE,3530.0,3552.0,3395.0,3413.45,3413.45,85,135165273.75,501670,390,2026-08-26
NIFTY,2026-09-29,21600.0,CE,0.0,0.0,0.0,2707.4,2742.01,0,0.0,45110,0,2026-08-26
NIFTY,2026-09-29,21950.0,CE,2607.4,2607.4,2542.65,2542.65,2542.65,2,3188253.25,65,65,2026-08-26
NIFTY,2026-09-29,22850.0,CE,0.0,0.0,0.0,1575.95,1551.14,0,0.0,325,0,2026-08-26
NIFTY,2026-09-29,23100.0,CE,1358.25,1358.25,1358.25,1358.25,1333.72,1,1589786.25,4290,-65,2026-08-26
NIFTY,2026-09-29,24300.0,CE,417.45,444.5,336.0,353.25,353.25,39887,63994466412.5,3401515,384345,2026-08-26
NIFTY,2026-09-29,25950.0,CE,9.25,9.25,6.15,6.8,6.8,630,1062950278.0,21840,13910,2026-08-26
NIFTY,2026-10-27,22650.0,CE,0.0,0.0,0.0,1882.95,1903.34,0,0.0,0,0,2026-08-26
NIFTY,2026-10-27,23250.0,CE,0.0,0.0,0.0,1441.3,1415.31,0,0.0,0,0,2026-08-26
NIFTY,2026-10-27,23650.0,CE,0.0,0.0,0.0,1181.9,1127.02,0,0.0,0,0,2026-08-26
NIFTY,2026-10-27,24100.0,CE,720.0,762.65,642.45,661.15,661.15,222,357805539.0,22750,1170,2026-08-26
NIFTY,2026-10-27,24600.0,CE,411.45,427.5,347.65,356.2,356.2,918,1490503319.5,62530,10075,2026-08-26
NIFTY,2026-10-27,26450.0,CE,0.0,0.0,0.0,178.65,103.15,0,0.0,0,0,2026-08-26
NIFTY,2026-11-23,24300.0,CE,793.95,800.0,695.0,707.1,707.1,83,135080887.5,1040,1040,2026-08-26
NIFTY,2026-11-23,24800.0,CE,0.0,0.0,0.0,736.65,681.34,0,0.0,0,0,2026-08-26
NIFTY,2026-11-23,25300.0,CE,0.0,0.0,0.0,532.0,487.03,0,0.0,0,0,2026-08-26
NIFTY,2026-11-23,25900.0,CE,0.0,0.0,0.0,345.7,313.46,0,0.0,0,0,2026-08-26
NIFTY,2026-12-29,19500.0,CE,0.0,0.0,0.0,7586.85,5144.23,0,0.0,0,0,2026-08-26
NIFTY,2026-12-29,25500.0,CE,331.85,346.4,303.2,311.9,311.9,2699,4530047398.5,971945,12805,2026-08-26
NIFTY,2027-03-30,21000.0,CE,0.0,0.0,0.0,4053.0,4097.24,0,0.0,975,0,2026-08-26
NIFTY,2027-03-30,30000.0,CE,33.0,35.55,32.0,34.0,34.0,349,681318420.25,104585,9035,2026-08-26
NIFTY,2027-06-29,16500.0,CE,0.0,0.0,0.0,10867.2,8593.52,0,0.0,0,0,2026-08-26
NIFTY,2027-06-29,19500.0,CE,0.0,0.0,0.0,8143.4,5795.48,0,0.0,0,0,2026-08-26
NIFTY,2027-12-28,21000.0,CE,0.0,0.0,0.0,4902.4,5188.65,0,0.0,0,0,2026-08-26
NIFTY,2028-06-27,27000.0,CE,0.0,0.0,0.0,1935.0,2247.12,0,0.0,0,0,2026-08-26
NIFTY,2029-06-26,25500.0,CE,0.0,0.0,0.0,5917.35,4268.85,0,0.0,0,0,2026-08-26
NIFTY,2029-12-24,21000.0,CE,0.0,0.0,0.0,9463.95,7648.22,0,0.0,0,0,2026-08-26
NIFTY,2030-12-31,19500.0,CE,0.0,0.0,0.0,11601.15,9737.22,0,0.0,0,0,2026-08-26
NIFTY,2030-12-31,25500.0,CE,0.0,0.0,0.0,7639.65,6087.28,0,0.0,0,0,2026-08-26
NIFTY,2026-11-23,25800.0,PE,0.0,0.0,0.0,1454.8,1520.86,0,0.0,0,0,2026-08-26
NIFTY,2026-11-23,24750.0,PE,0.0,0.0,0.0,807.55,853.5,0,0.0,0,0,2026-08-26
NIFTY,2026-11-23,24300.0,PE,0.0,0.0,0.0,594.6,631.62,0,0.0,0,0,2026-08-26
NIFTY,2026-11-23,23750.0,PE,0.0,0.0,0.0,388.25,415.06,0,0.0,0,0,2026-08-26
NIFTY,2026-11-23,22900.0,PE,0.0,0.0,0.0,176.95,191.04,0,0.0,0,0,2026-08-26
NIFTY,2026-11-23,22850.0,PE,0.0,0.0,0.0,168.05,181.52,0,0.0,0,0,2026-08-26
NIFTY,2026-10-27,26050.0,PE,0.0,0.0,0.0,1920.65,1713.01,0,0.0,0,0,2026-08-26
NIFTY,2026-10-27,25800.0,PE,0.0,0.0,0.0,1156.35,1511.87,0,0.0,390,0,2026-08-26
NIFTY,2026-10-27,24450.0,PE,299.5,330.0,286.5,312.0,312.0,41,65983290.75,10400,650,2026-08-26
NIFTY,2026-10-27,23700.0,PE,113.7,121.45,97.3,115.65,115.65,2361,3653806149.5,163995,5395,2026-08-26
NIFTY,2026-10-27,23200.0,PE,0.0,0.0,0.0,342.0,189.15,0,0.0,0,0,2026-08-26
NIFTY,2026-09-29,30000.0,PE,5379.15,5505.3,5375.0,5460.0,5460.0,16,36811801.0,147290,585,2026-08-26
NIFTY,2026-09-29,27100.0,PE,0.0,0.0,0.0,2914.15,2734.45,0,0.0,0,0,2026-08-26
NIFTY,2026-09-29,26800.0,PE,0.0,0.0,0.0,2222.1,2442.12,0,0.0,1365,0,2026-08-26
NIFTY,2026-09-29,26650.0,PE,0.0,0.0,0.0,2517.6,2297.36,0,0.0,0,0,2026-08-26
NIFTY,2026-09-29,25800.0,PE,1288.45,1324.85,1288.45,1324.85,1324.85,7,12332443.5,21190,195,2026-08-26
NIFTY,2026-09-29,24700.0,PE,373.6,426.6,326.0,409.65,409.65,3709,6045673003.5,385060,38025,2026-08-26
NIFTY,2026-09-29,22950.0,PE,18.45,20.45,17.4,20.05,20.05,705,1052527544.25,34320,5070,2026-08-26
NIFTY,2026-09-29,22800.0,PE,17.25,17.45,14.9,16.2,16.2,7315,10848295880.5,603200,4680,2026-08-26
NIFTY,2026-09-29,22150.0,PE,11.85,11.85,10.35,10.5,12.17,65,93629383.25,25220,650,2026-08-26
NIFTY,2026-09-29,21850.0,PE,9.75,9.9,9.2,9.7,5.71,65,92356634.5,3510,650,2026-08-26
NIFTY,2026-09-22,25600.0,PE,0.0,0.0,0.0,1396.5,1343.8,0,0.0,0,0,2026-08-26
NIFTY,2026-09-22,25300.0,PE,0.0,0.0,0.0,1150.25,1088.97,0,0.0,0,0,2026-08-26
NIFTY,2026-09-22,25100.0,PE,0.0,0.0,0.0,997.6,930.35,0,0.0,0,0,2026-08-26
NIFTY,2026-09-22,25000.0,PE,0.0,0.0,0.0,680.0,854.84,0,0.0,0,0,2026-08-26
NIFTY,2026-09-22,24500.0,PE,232.05,288.55,210.4,274.6,274.6,542,871721789.25,20605,8190,2026-08-26
NIFTY,2026-09-22,24350.0,PE,229.05,229.05,155.9,201.95,201.95,59,94103054.5,1560,1560,2026-08-26
NIFTY,2026-09-22,23700.0,PE,0.0,0.0,0.0,244.2,183.27,0,0.0,0,0,2026-08-26
NIFTY,2026-09-15,25950.0,PE,0.0,0.0,0.0,1430.0,1671.84,0,0.0,0,0,2026-08-26
NIFTY,2026-09-15,24100.0,PE,80.0,101.0,62.2,92.85,92.85,3409,5357838616.0,132145,24635,2026-08-26
NIFTY,2026-09-15,23850.0,PE,0.0,0.0,0.0,204.05,186.17,0,0.0,0,0,2026-08-26
NIFTY,2026-09-15,23800.0,PE,35.5,44.3,27.5,38.95,38.95,3437,5324713829.5,185250,60320,2026-08-26
NIFTY,2026-09-08,26350.0,PE,0.0,0.0,0.0,1656.4,2086.17,0,0.0,0,0,2026-08-26
NIFTY,2026-09-08,25700.0,PE,0.0,0.0,0.0,1116.5,1445.6,0,0.0,0,0,2026-08-26
NIFTY,2026-09-08,25100.0,PE,0.0,0.0,0.0,821.65,888.77,0,0.0,65,0,2026-08-26
NIFTY,2026-09-08,24500.0,PE,188.0,253.95,160.45,231.35,231.35,31028,49828869925.25,662740,451490,2026-08-26
NIFTY,2026-09-08,24400.0,PE,140.05,194.25,116.8,172.85,172.85,39686,63348430340.0,632515,406445,2026-08-26
NIFTY,2026-09-08,23300.0,PE,7.45,7.45,5.95,6.7,6.7,16629,25191644981.75,276380,-3380,2026-08-26
NIFTY,2026-09-01,26600.0,PE,0.0,0.0,0.0,2266.3,2365.72,0,0.0,0,0,2026-08-26
NIFTY,2026-09-01,26100.0,PE,0.0,0.0,0.0,1870.0,1866.24,0,0.0,130,0,2026-08-26
NIFTY,2026-09-01,25400.0,PE,961.25,1044.2,940.25,1042.75,1042.75,51,87458156.5,37180,650,2026-08-26
NIFTY,2026-09-01,25250.0,PE,809.95,822.3,808.6,822.3,1021.71,14,23717271.5,1170,910,2026-08-26
NIFTY,2028-06-27,22500.0,PE,0.0,0.0,0.0,206.95,503.23,0,0.0,0,0,2026-08-26
NIFTY,2026-09-01,24950.0,PE,547.6,635.6,487.9,599.5,599.5,1108,1835850185.0,20150,13065,2026-08-26
NIFTY,2026-09-01,24650.0,PE,274.6,356.65,219.9,331.95,331.95,36115,58521587101.25,154635,51155,2026-08-26
NIFTY,2026-09-01,23950.0,PE,14.0,18.4,9.35,13.2,13.2,439903,685202864466.25,1588535,498940,2026-08-26
NIFTY,2031-06-24,24000.0,CE,0.0,0.0,0.0,7181.9,7433.62,0,0.0,0,0,2026-08-26
NIFTY,2030-12-31,30000.0,CE,0.0,0.0,0.0,5227.2,4033.68,0,0.0,0,0,2026-08-26
NIFTY,2030-06-25,22500.0,CE,0.0,0.0,0.0,9012.4,7224.51,0,0.0,0,0,2026-08-26
NIFTY,2029-12-24,31500.0,CE,0.0,0.0,0.0,3429.3,2391.25,0,0.0,0,0,2026-08-26
NIFTY,2029-06-26,30000.0,CE,0.0,0.0,0.0,5268.4,2330.78,0,0.0,0,0,2026-08-26
NIFTY,2029-06-26,28500.0,CE,0.0,0.0,0.0,4213.3,2880.0,0,0.0,0,0,2026-08-26
NIFTY,2028-06-27,18000.0,CE,0.0,0.0,0.0,6809.35,8298.38,0,0.0,0,0,2026-08-26
NIFTY,2027-06-29,31500.0,CE,0.0,0.0,0.0,769.15,147.25,0,0.0,0,0,2026-08-26
NIFTY,2027-06-29,19000.0,CE,0.0,0.0,0.0,7800.0,6252.8,0,0.0,75,0,2026-08-26
NIFTY,2026-12-29,23000.0,CE,2000.0,2034.0,1900.0,1925.25,1925.25,216,350555757.5,323845,-2470,2026-08-26
NIFTY,2026-11-23,26050.0,CE,0.0,0.0,0.0,309.45,277.89,0,0.0,0,0,2026-08-26
NIFTY,2026-11-23,25350.0,CE,0.0,0.0,0.0,514.1,470.14,0,0.0,0,0,2026-08-26
NIFTY,2026-11-23,25000.0,CE,366.0,366.0,316.2,323.45,323.45,632,1040635280.75,30875,30875,2026-08-26
NIFTY,2026-11-23,24700.0,CE,513.35,521.9,475.5,477.4,477.4,24,39297417.25,910,910,2026-08-26
NIFTY,2026-11-23,24400.0,CE,0.0,0.0,0.0,935.5,871.8,0,0.0,0,0,2026-08-26
NIFTY,2026-11-23,22900.0,CE,0.0,0.0,0.0,1951.7,1861.62,0,0.0,0,0,2026-08-26
NIFTY,2026-10-27,26950.0,CE,0.0,0.0,0.0,115.95,57.49,0,0.0,0,0,2026-08-26
NIFTY,2026-10-27,26800.0,CE,0.0,0.0,0.0,132.4,68.86,0,0.0,0,0,2026-08-26
NIFTY,2026-10-27,26550.0,CE,0.0,0.0,0.0,164.25,92.13,0,0.0,0,0,2026-08-26
NIFTY,2026-10-27,26150.0,CE,0.0,0.0,0.0,228.35,143.11,0,0.0,0,0,2026-08-26
NIFTY,2026-10-27,24350.0,CE,557.75,584.05,486.0,502.0,502.0,78,126167895.75,2795,2080,2026-08-26
NIFTY,2026-10-27,23300.0,CE,0.0,0.0,0.0,1221.3,1377.51,0,0.0,1950,0,2026-08-26
NIFTY,2026-10-27,22900.0,CE,0.0,0.0,0.0,1691.95,1692.8,0,0.0,0,0,2026-08-26
NIFTY,2026-09-29,26900.0,CE,2.45,3.4,2.45,2.95,2.95,117,204595413.75,3900,2080,2026-08-26
NIFTY,2026-09-29,26700.0,CE,2.85,3.55,2.6,3.35,15.65,17,29506909.25,2535,-130,2026-08-26
NIFTY,2026-09-29,25650.0,CE,15.65,17.0,12.05,12.3,12.3,415,692288545.0,24440,1560,2026-08-26
NIFTY,2026-09-29,24850.0,CE,130.25,149.1,100.15,108.05,108.05,1715,2783604027.75,127140,22880,2026-08-26
NIFTY,2026-09-29,24100.0,CE,556.95,590.25,466.75,481.4,481.4,3485,5577455110.5,357305,3575,2026-08-26
NIFTY,2026-09-29,24000.0,CE,596.4,670.2,540.0,560.3,560.3,14557,23279562218.25,2800330,64545,2026-08-26
NIFTY,2026-09-29,23900.0,CE,704.6,749.9,620.0,634.15,634.15,333,532167067.25,58500,-4355,2026-08-26
NIFTY,2026-09-22,26050.0,CE,0.0,0.0,0.0,49.7,28.35,0,0.0,0,0,2026-08-26
NIFTY,2026-09-22,24650.0,CE,0.0,0.0,0.0,336.8,283.51,0,0.0,0,0,2026-08-26
NIFTY,2026-09-22,24200.0,CE,412.05,460.3,353.8,366.25,366.25,140,223798724.5,14105,-910,2026-08-26
NIFTY,2026-09-22,23450.0,CE,0.0,0.0,0.0,1013.95,984.35,0,0.0,0,0,2026-08-26
NIFTY,2026-09-22,23400.0,CE,0.0,0.0,0.0,1051.55,1023.93,0,0.0,0,0,2026-08-26
NIFTY,2026-09-22,23350.0,CE,0.0,0.0,0.0,1089.75,1064.17,0,0.0,0,0,2026-08-26
NIFTY,2026-09-22,23050.0,CE,0.0,0.0,0.0,1331.55,1318.19,0,0.0,0,0,2026-08-26
NIFTY,2026-09-15,25350.0,CE,0.0,0.0,0.0,224.65,61.4,0,0.0,0,0,2026-08-26
NIFTY,2026-09-15,24950.0,CE,0.0,0.0,0.0,355.5,131.67,0,0.0,0,0,2026-08-26
NIFTY,2026-09-15,24750.0,CE,0.0,0.0,0.0,438.3,184.88,0,0.0,0,0,2026-08-26
NIFTY,2026-09-15,24450.0,CE,216.1,237.85,157.85,168.1,168.1,708,1133974494.25,20995,9555,2026-08-26
NIFTY,2026-09-15,24250.0,CE,340.4,368.0,266.6,281.2,281.2,1559,2489603593.75,21190,4615,2026-08-26
NIFTY,2026-09-15,24200.0,CE,360.0,411.0,297.1,309.6,309.6,2651,4231050645.25,100555,-8905,2026-08-26
NIFTY,2026-09-15,23850.0,CE,0.0,0.0,0.0,963.95,623.11,0,0.0,0,0,2026-08-26
NIFTY,2026-09-08,24350.0,CE,210.0,244.9,153.8,168.95,168.95,12954,20669353214.25,241865,172835,2026-08-26
NIFTY,2026-09-08,24250.0,CE,305.1,313.95,208.05,227.7,227.7,8128,12941927407.5,166400,68705,2026-08-26
NIFTY,2026-09-08,23500.0,CE,961.3,980.0,850.9,854.2,854.2,78,123753340.75,19045,1625,2026-08-26
NIFTY,2026-09-08,23350.0,CE,0.0,0.0,0.0,1481.65,945.23,0,0.0,0,0,2026-08-26
NIFTY,2026-09-08,23000.0,CE,0.0,0.0,0.0,1371.55,1269.4,0,0.0,130,0,2026-08-26
NIFTY,2026-09-08,22750.0,CE,0.0,0.0,0.0,2023.95,1511.57,0,0.0,0,0,2026-08-26
NIFTY,2026-09-08,22400.0,CE,0.0,0.0,0.0,2357.75,1857.16,0,0.0,0,0,2026-08-26
NIFTY,2026-09-01,27050.0,CE,0.65,1.1,0.5,0.55,0.55,1531,2691944294.0,20605,12805,2026-08-26
NIFTY,2026-09-01,26900.0,CE,0.85,1.0,0.5,0.6,0.6,2107,3684176102.75,27755,-10855,2026-08-26
NIFTY,2026-09-01,26350.0,CE,0.8,1.0,0.6,0.65,0.65,755,1293160940.5,8710,5395,2026-08-26
NIFTY,2026-09-01,25700.0,CE,0.8,0.9,0.65,0.75,0.75,125661,209923164103.25,2037230,604565,2026-08-26
NIFTY,2026-09-01,25450.0,CE,1.05,1.45,1.05,1.15,1.15,43528,72009673862.75,433030,344760,2026-08-26
NIFTY,2026-09-01,25350.0,CE,1.65,1.75,1.25,1.4,1.4,103911,171229486814.75,700375,573820,2026-08-26
NIFTY,2026-09-01,24150.0,CE,291.8,338.8,205.2,235.9,235.9,79785,126593977802.5,750295,8775,2026-08-26
NIFTY,2026-09-01,23450.0,CE,900.0,941.8,895.7,909.0,909.0,10,15831504.0,1950,260,2026-08-26
NIFTY,2028-06-27,31500.0,PE,0.0,0.0,0.0,2935.6,4607.15,0,0.0,0,0,2026-08-26
NIFTY,2028-12-26,19500.0,PE,0.0,0.0,0.0,49.0,150.02,0,0.0,0,0,2026-08-26
NIFTY,2030-12-31,22500.0,PE,0.0,0.0,0.0,219.35,507.36,0,0.0,0,0,2026-08-26
NIFTY,2030-12-31,28500.0,PE,0.0,0.0,0.0,1083.1,1874.12,0,0.0,0,0,2026-08-26
NIFTY,2030-12-31,31500.0,PE,0.0,0.0,0.0,1885.5,2966.18,0,0.0,0,0,2026-08-26
NIFTY,2031-06-24,22500.0,PE,0.0,0.0,0.0,663.6,491.68,0,0.0,0,0,2026-08-26
NIFTY,2031-06-24,33000.0,PE,0.0,0.0,0.0,3810.15,3337.07,0,0.0,0,0,2026-08-26
NIFTY,2027-12-28,25500.0,PE,0.0,0.0,0.0,676.05,1386.78,0,0.0,0,0,2026-08-26
NIFTY,2026-09-22,23850.0,PE,0.0,0.0,0.0,295.55,229.98,0,0.0,0,0,2026-08-26
NIFTY,2026-09-29,19500.0,PE,4.8,5.0,4.0,4.1,4.1,1996,2530506472.0,891020,35945,2026-08-26
NIFTY,2026-09-29,21750.0,PE,9.15,9.15,7.7,8.15,8.15,61,86272325.75,7280,-1365,2026-08-26
NIFTY,2026-09-29,24200.0,PE,159.6,184.65,134.3,172.45,172.45,44665,70719847087.5,2425410,-182390,2026-08-26
NIFTY,2026-09-29,24300.0,PE,182.0,221.6,149.65,206.5,206.5,45912,73095639295.25,3407105,341835,2026-08-26
NIFTY,2026-09-29,24500.0,PE,272.6,311.9,233.0,293.45,293.45,58921,94883992333.0,4551365,888290,2026-08-26
NIFTY,2026-09-29,24650.0,PE,323.05,393.95,302.35,376.8,376.8,344,559041915.25,42185,7280,2026-08-26
NIFTY,2031-06-24,19500.0,PE,0.0,0.0,0.0,289.2,195.49,0,0.0,0,0,2026-08-26
NIFTY,2030-12-31,24000.0,PE,0.0,0.0,0.0,1000.0,749.35,0,0.0,520,0,2026-08-26
NIFTY,2030-06-25,28500.0,PE,0.0,0.0,0.0,1167.6,2019.78,0,0.0,0,0,2026-08-26
NIFTY,2029-12-24,33000.0,PE,0.0,0.0,0.0,2953.7,4289.11,0,0.0,0,0,2026-08-26
NIFTY,2029-12-24,24000.0,PE,810.05,810.05,809.8,809.8,813.95,2,3225290.25,520,130,2026-08-26
NIFTY,2029-06-26,30000.0,PE,0.0,0.0,0.0,2031.05,3037.89,0,0.0,0,0,2026-08-26
NIFTY,2029-06-26,27000.0,PE,0.0,0.0,0.0,1252.35,1740.27,0,0.0,0,0,2026-08-26
NIFTY,2029-06-26,25500.0,PE,0.0,0.0,0.0,624.25,1238.74,0,0.0,0,0,2026-08-26
NIFTY,2028-12-26,26000.0,PE,0.0,0.0,0.0,1220.1,1469.9,0,0.0,6810,0,2026-08-26
NIFTY,2028-12-26,23000.0,PE,600.0,600.0,590.0,590.0,623.94,2,3067350.0,1740,65,2026-08-26
NIFTY,2028-06-27,33000.0,PE,0.0,0.0,0.0,3707.8,5679.06,0,0.0,0,0,2026-08-26
NIFTY,2027-12-28,26000.0,PE,1228.0,1265.1,1223.5,1241.0,1607.56,73,129222486.25,63630,650,2026-08-26
NIFTY,2027-12-28,25000.0,PE,900.9,914.0,883.15,900.0,1184.88,45,75742793.75,79920,650,2026-08-26
NIFTY,2027-06-29,22500.0,PE,0.0,0.0,0.0,236.45,364.07,0,0.0,845,0,2026-08-26
NIFTY,2027-03-30,24000.0,PE,388.0,402.0,361.0,393.95,393.95,1228,1946293908.0,857415,16315,2026-08-26
NIFTY,2026-12-29,30000.0,PE,4867.7,5006.8,4867.0,4983.35,4983.35,13,29526334.5,381625,-260,2026-08-26
NIFTY,2026-12-29,23000.0,PE,123.0,130.85,116.7,126.95,126.95,6476,9733860802.25,2783710,22035,2026-08-26
NIFTY,2026-11-23,25300.0,PE,0.0,0.0,0.0,1121.6,1178.42,0,0.0,0,0,2026-08-26
NIFTY,2026-11-23,24900.0,PE,0.0,0.0,0.0,887.45,936.4,0,0.0,0,0,2026-08-26
NIFTY,2026-11-23,24600.0,PE,0.0,0.0,0.0,732.15,775.02,0,0.0,0,0,2026-08-26
NIFTY,2026-11-23,24500.0,PE,425.0,425.0,409.0,409.0,409.0,4,6477380.0,260,260,2026-08-26
NIFTY,2026-11-23,24000.0,PE,261.0,261.0,260.4,260.4,506.11,18,28384707.0,1170,1170,2026-08-26
NIFTY,2026-11-23,23800.0,PE,0.0,0.0,0.0,404.6,432.31,0,0.0,0,0,2026-08-26
NIFTY,2026-10-27,27200.0,PE,0.0,0.0,0.0,2898.55,2733.44,0,0.0,0,0,2026-08-26
NIFTY,2026-10-27,27150.0,PE,0.0,0.0,0.0,2853.65,2686.74,0,0.0,0,0,2026-08-26
NIFTY,2026-10-27,26850.0,PE,0.0,0.0,0.0,2588.1,2410.04,0,0.0,0,0,2026-08-26
NIFTY,2026-10-27,26550.0,PE,0.0,0.0,0.0,2330.1,2140.62,0,0.0,0,0,2026-08-26
NIFTY,2026-09-01,22600.0,CE,0.0,0.0,0.0,1805.15,1630.34,0,0.0,0,0,2026-08-26
NIFTY,2026-09-01,22850.0,CE,0.0,0.0,0.0,1586.45,1380.89,0,0.0,0,0,2026-08-26
NIFTY,2026-09-01,23200.0,CE,1250.0,1250.0,1133.0,1171.25,1171.25,43,68116366.5,14625,1820,2026-08-26
NIFTY,2026-09-01,23650.0,CE,786.7,821.1,675.9,710.75,710.75,513,814907154.75,26650,23530,2026-08-26
NIFTY,2026-09-01,23800.0,CE,640.1,672.05,516.15,560.95,560.95,8086,12811455416.5,164255,-4615,2026-08-26
NIFTY,2026-09-01,25150.0,CE,2.5,2.9,2.05,2.25,2.25,178246,291414834477.0,868465,665600,2026-08-26
NIFTY,2026-09-01,26600.0,CE,1.0,1.0,0.55,0.65,0.65,1985,3432149834.75,47190,27560,2026-08-26
NIFTY,2026-09-08,22600.0,CE,0.0,0.0,0.0,2165.9,1659.08,0,0.0,0,0,2026-08-26
NIFTY,2026-09-08,22850.0,CE,0.0,0.0,0.0,1930.45,1414.02,0,0.0,0,0,2026-08-26
NIFTY,2026-09-08,23300.0,CE,0.0,0.0,0.0,1524.85,990.0,0,0.0,0,0,2026-08-26
NIFTY,2026-09-08,23550.0,CE,0.0,0.0,0.0,1313.5,773.19,0,0.0,0,0,2026-08-26
NIFTY,2026-09-08,23750.0,CE,623.2,632.25,616.85,621.15,621.15,8,12672988.25,1365,390,2026-08-26
NIFTY,2026-09-08,24150.0,CE,344.0,392.5,271.85,292.0,292.0,1383,2200121121.25,96005,715,2026-08-26
NIFTY,2026-09-08,24300.0,CE,227.6,278.5,178.6,196.8,196.8,48076,76619617538.75,897585,429065,2026-08-26
NIFTY,2026-09-15,22400.0,CE,0.0,0.0,0.0,2217.25,1887.41,0,0.0,0,0,2026-08-26
NIFTY,2026-09-15,22750.0,CE,0.0,0.0,0.0,1886.5,1548.79,0,0.0,0,0,2026-08-26
NIFTY,2026-09-15,22850.0,CE,0.0,0.0,0.0,1794.25,1454.13,0,0.0,0,0,2026-08-26
NIFTY,2026-09-15,23300.0,CE,0.0,0.0,0.0,1396.35,1047.94,0,0.0,0,0,2026-08-26
NIFTY,2026-09-15,24150.0,CE,409.05,443.05,335.0,347.9,347.9,91,145127671.0,6760,-1365,2026-08-26
NIFTY,2026-09-15,24800.0,CE,0.0,0.0,0.0,416.45,170.22,0,0.0,0,0,2026-08-26
NIFTY,2026-09-15,25450.0,CE,0.0,0.0,0.0,199.7,49.84,0,0.0,0,0,2026-08-26
NIFTY,2026-09-15,25500.0,CE,0.0,0.0,0.0,187.75,44.79,0,0.0,0,0,2026-08-26
NIFTY,2026-09-22,22550.0,CE,0.0,0.0,0.0,1772.85,1777.3,0,0.0,0,0,2026-08-26
NIFTY,2026-09-22,22700.0,CE,0.0,0.0,0.0,1636.35,1636.02,0,0.0,0,0,2026-08-26
NIFTY,2026-09-22,23550.0,CE,0.0,0.0,0.0,931.8,907.3,0,0.0,65,0,2026-08-26
NIFTY,2026-09-22,24350.0,CE,321.8,352.4,260.0,275.4,275.4,163,261257802.0,4680,2340,2026-08-26
NIFTY,2026-09-29,22600.0,CE,1900.0,1900.0,1900.0,1900.0,1778.42,1,1592500.0,910,65,2026-08-26
NIFTY,2026-09-29,23850.0,CE,761.9,761.9,669.2,676.95,766.69,3,4787773.25,3575,0,2026-08-26
NIFTY,2026-09-29,24950.0,CE,103.0,115.95,76.9,81.25,81.25,1936,3151711972.5,144625,33150,2026-08-26
NIFTY,2026-09-29,25400.0,CE,29.35,32.6,21.9,23.45,23.45,12924,21359916311.5,515255,104845,2026-08-26
NIFTY,2026-09-29,26500.0,CE,3.5,3.55,2.65,3.2,3.2,5047,8694541921.0,939900,-7410,2026-08-26
NIFTY,2026-09-29,26650.0,CE,2.85,3.3,2.85,3.1,3.1,20,34648997.5,715,390,2026-08-26
NIFTY,2026-09-29,28500.0,CE,1.3,1.5,1.05,1.4,1.4,409,757708640.0,571675,-325,2026-08-26
NIFTY,2026-09-29,31500.0,CE,1.4,1.65,0.65,1.5,0.0,56,114665557.5,17225,1950,2026-08-26
NIFTY,2026-10-27,23550.0,CE,0.0,0.0,0.0,1244.0,1195.85,0,0.0,0,0,2026-08-26
NIFTY,2026-10-27,24150.0,CE,705.25,706.45,636.05,636.05,817.15,11,17763112.25,1040,-130,2026-08-26
NIFTY,2026-10-27,24300.0,CE,593.9,619.75,518.0,533.2,533.2,1336,2158786698.25,96200,32565,2026-08-26
NIFTY,2026-10-27,24700.0,CE,343.9,373.75,296.45,313.1,313.1,2427,3950072265.75,183560,98345,2026-08-26
NIFTY,2026-10-27,26400.0,CE,0.0,0.0,0.0,186.25,109.07,0,0.0,0,0,2026-08-26
NIFTY,2026-10-27,26900.0,CE,9.0,10.5,7.1,8.55,8.55,292,510729709.75,17160,10465,2026-08-26
NIFTY,2026-11-23,23050.0,CE,0.0,0.0,0.0,1832.8,1744.79,0,0.0,0,0,2026-08-26
NIFTY,2026-11-23,25050.0,CE,0.0,0.0,0.0,628.4,578.29,0,0.0,0,0,2026-08-26
NIFTY,2026-12-29,33000.0,CE,4.2,4.2,4.15,4.15,0.93,5,10726358.5,105430,0,2026-08-26
NIFTY,2027-03-30,25500.0,CE,729.4,749.05,683.0,690.15,690.15,1162,1980222474.75,582205,23595,2026-08-26
NIFTY,2027-06-29,22500.0,CE,0.0,0.0,0.0,5539.6,3277.85,0,0.0,0,0,2026-08-26
NIFTY,2027-12-28,19500.0,CE,0.0,0.0,0.0,8684.7,6433.05,0,0.0,0,0,2026-08-26
NIFTY,2027-12-28,27000.0,CE,1175.9,1198.75,1132.2,1144.2,1144.2,53,97026670.0,42590,900,2026-08-26
NIFTY,2028-06-27,33000.0,CE,0.0,0.0,0.0,2004.15,630.5,0,0.0,0,0,2026-08-26
NIFTY,2029-06-26,16500.0,CE,0.0,0.0,0.0,12587.95,10538.32,0,0.0,0,0,2026-08-26
NIFTY,2030-06-25,27000.0,CE,0.0,0.0,0.0,6972.5,4731.78,0,0.0,0,0,2026-08-26
NIFTY,2031-06-24,19500.0,CE,0.0,0.0,0.0,9840.6,10191.89,0,0.0,0,0,2026-08-26
NIFTY,2031-06-24,25500.0,CE,0.0,0.0,0.0,6409.8,6624.09,0,0.0,0,0,2026-08-26
NIFTY,2026-10-27,24950.0,PE,577.6,577.6,577.6,577.6,911.51,1,1659294.0,4030,65,2026-08-26
NIFTY,2026-10-27,24700.0,PE,402.0,455.0,374.6,430.15,430.15,2022,3300066136.25,144690,31720,2026-08-26
NIFTY,2026-09-01,22450.0,PE,1.8,1.95,1.05,1.2,1.2,13832,20185530322.75,99385,56615,2026-08-26
NIFTY,2026-09-01,23550.0,PE,4.95,6.0,2.8,3.2,3.2,108620,166295704123.25,515775,35035,2026-08-26
NIFTY,2026-09-01,24250.0,PE,48.0,84.35,36.55,67.85,67.85,1781580,2815628145209.75,2812030,-539825,2026-08-26
NIFTY,2026-09-01,25700.0,PE,0.0,0.0,0.0,1213.95,1466.98,0,0.0,130,0,2026-08-26
NIFTY,2026-09-01,25850.0,PE,0.0,0.0,0.0,1593.2,1616.6,0,0.0,0,0,2026-08-26
NIFTY,2026-09-01,26450.0,PE,0.0,0.0,0.0,2127.0,2215.87,0,0.0,0,0,2026-08-26
NIFTY,2026-10-27,24650.0,PE,384.95,422.75,356.7,400.0,736.41,74,120537940.25,6565,3835,2026-08-26
NIFTY,2026-10-27,24200.0,PE,211.95,245.0,194.0,233.0,233.0,1890,2999700824.25,211185,18850,2026-08-26
NIFTY,2026-10-27,23650.0,PE,0.0,0.0,0.0,491.35,307.6,0,0.0,0,0,2026-08-26
NIFTY,2026-10-27,23600.0,PE,104.4,105.0,85.15,100.45,100.45,1458,2245537989.5,121550,18135,2026-08-26
NIFTY,2026-10-27,23400.0,PE,0.0,0.0,0.0,403.8,237.61,0,0.0,0,0,2026-08-26
NIFTY,2026-09-29,25950.0,PE,0.0,0.0,0.0,1299.0,1643.39,0,0.0,65,0,2026-08-26
NIFTY,2026-09-29,25450.0,PE,946.5,946.5,946.5,946.5,1213.69,1,1715772.5,715,0,2026-08-26
NIFTY,2026-09-29,25400.0,PE,913.6,986.2,840.3,986.2,986.2,252,430770411.5,26000,1170,2026-08-26
NIFTY,2026-09-29,25200.0,PE,712.65,805.0,673.65,788.85,788.85,428,721846160.75,81640,10530,2026-08-26
NIFTY,2026-09-01,26500.0,PE,2150.0,2153.0,2150.0,2153.0,2265.82,2,3724695.0,325,65,2026-08-26
NIFTY,2026-09-01,27200.0,PE,0.0,0.0,0.0,2801.5,2965.12,0,0.0,2080,0,2026-08-26
NIFTY,2026-09-08,22350.0,PE,3.5,3.65,3.0,3.45,3.45,5041,7324419014.25,280605,200330,2026-08-26
NIFTY,2026-09-08,22750.0,PE,5.8,6.0,2.5,3.9,3.9,212,313547724.75,6890,5395,2026-08-26
NIFTY,2026-09-08,23250.0,PE,6.15,6.6,5.6,6.25,6.25,628,949310469.25,23465,23465,2026-08-26
NIFTY,2026-09-08,23600.0,PE,10.45,13.85,9.15,12.3,12.3,33521,51445135036.75,1273480,477425,2026-08-26
NIFTY,2026-09-08,24000.0,PE,35.0,53.7,29.0,44.25,44.25,50706,79235444281.5,980395,430105,2026-08-26
NIFTY,2026-09-08,24250.0,PE,90.0,123.85,70.1,109.6,109.6,15781,24978041390.25,227565,127855,2026-08-26
NIFTY,2026-09-08,24350.0,PE,129.9,167.7,99.0,149.95,149.95,15731,25032605893.75,129285,81185,2026-08-26
NIFTY,2026-09-08,25600.0,PE,0.0,0.0,0.0,1041.75,1349.17,0,0.0,0,0,2026-08-26
NIFTY,2026-09-08,25750.0,PE,0.0,0.0,0.0,1155.15,1494.15,0,0.0,0,0,2026-08-26
NIFTY,2026-09-15,22400.0,PE,5.9,5.9,3.3,4.15,5.28,33,48056973.25,7085,0,2026-08-26
NIFTY,2026-09-15,23300.0,PE,0.0,0.0,0.0,89.65,62.82,0,0.0,0,0,2026-08-26
NIFTY,2026-09-15,24400.0,PE,155.1,212.95,141.0,197.85,197.85,4360,6967503972.0,117910,77805,2026-08-26
NIFTY,2026-09-15,25300.0,PE,0.0,0.0,0.0,920.35,1076.2,0,0.0,0,0,2026-08-26
NIFTY,2026-09-22,22750.0,PE,0.0,0.0,0.0,55.05,29.84,0,0.0,0,0,2026-08-26
NIFTY,2026-09-22,23600.0,PE,0.0,0.0,0.0,213.7,157.33,0,0.0,0,0,2026-08-26
NIFTY,2026-09-22,23800.0,PE,59.0,64.9,43.8,59.35,59.35,474,734957886.0,17615,10335,2026-08-26
NIFTY,2026-09-01,24850.0,CE,9.0,10.95,5.15,6.0,6.0,244607,395216081861.25,1829555,766545,2026-08-26
NIFTY,2026-09-01,24800.0,CE,11.0,14.9,6.3,7.5,7.5,639609,1031440461665.25,7389005,2180555,2026-08-26
NIFTY,2026-09-01,24700.0,CE,29.15,32.2,11.2,13.45,13.45,701429,1126958642101.5,5400720,2093065,2026-08-26
NIFTY,2026-09-01,23900.0,CE,506.3,574.1,419.1,446.55,446.55,8847,14024684449.75,215215,-48100,2026-08-26
NIFTY,2026-09-01,23600.0,CE,816.65,869.5,721.45,752.2,752.2,700,1110639666.5,43420,12870,2026-08-26
NIFTY,2026-09-01,22350.0,CE,0.0,0.0,0.0,2032.25,1880.05,0,0.0,0,0,2026-08-26
NIFTY,2026-09-01,22050.0,CE,0.0,0.0,0.0,2313.35,2179.74,0,0.0,0,0,2026-08-26
NIFTY,2030-12-31,19500.0,PE,0.0,0.0,0.0,67.4,194.19,0,0.0,0,0,2026-08-26
NIFTY,2030-12-31,16500.0,PE,0.0,0.0,0.0,13.65,53.05,0,0.0,0,0,2026-08-26
NIFTY,2029-12-24,30000.0,PE,0.0,0.0,0.0,1953.5,2800.81,0,0.0,0,0,2026-08-26
NIFTY,2029-12-24,21000.0,PE,0.0,0.0,0.0,350.05,323.49,0,0.0,715,0,2026-08-26
NIFTY,2029-12-24,16500.0,PE,0.0,0.0,0.0,10.15,41.36,0,0.0,0,0,2026-08-26
NIFTY,2027-12-28,24000.0,PE,622.85,639.5,612.05,629.15,629.15,133,212874002.25,151695,1105,2026-08-26
NIFTY,2027-03-30,22500.0,PE,159.45,160.25,148.0,156.25,156.25,1369,2015834756.0,536770,17485,2026-08-26
NIFTY,2026-12-29,20000.0,PE,29.7,30.05,28.0,29.05,29.05,1869,2433207123.75,1136340,1560,2026-08-26
NIFTY,2026-12-29,18000.0,PE,18.5,18.6,17.75,18.1,18.1,238,278739802.25,514285,-1235,2026-08-26
NIFTY,2026-12-29,16500.0,PE,0.0,0.0,0.0,10.5,0.0,0,0.0,3380,0,2026-08-26
NIFTY,2026-12-29,14000.0,PE,0.0,0.0,0.0,7.65,0.0,0,0.0,9415,0,2026-08-26
NIFTY,2026-11-23,25650.0,PE,0.0,0.0,0.0,1350.35,1413.76,0,0.0,0,0,2026-08-26
NIFTY,2026-11-23,25600.0,PE,0.0,0.0,0.0,1316.4,1378.87,0,0.0,0,0,2026-08-26
NIFTY,2026-11-23,22600.0,PE,0.0,0.0,0.0,128.5,139.25,0,0.0,0,0,2026-08-26
NIFTY,2026-10-27,26750.0,PE,0.0,0.0,0.0,2501.2,2319.34,0,0.0,0,0,2026-08-26
NIFTY,2026-10-27,26500.0,PE,1825.0,1916.0,1792.0,1910.0,1910.0,27,49761383.75,6370,715,2026-08-26
NIFTY,2026-10-27,25650.0,PE,0.0,0.0,0.0,1057.4,1395.98,0,0.0,130,0,2026-08-26
NIFTY,2026-10-27,25450.0,PE,0.0,0.0,0.0,1058.8,1247.4,0,0.0,130,0,2026-08-26
NIFTY,2026-10-27,24750.0,PE,0.0,0.0,0.0,557.75,792.45,0,0.0,1235,0,2026-08-26
NIFTY,2026-10-27,24550.0,PE,338.7,380.7,317.25,373.15,373.15,97,157065285.0,10270,4290,2026-08-26
NIFTY,2026-10-27,24000.0,PE,171.25,186.7,148.1,178.45,178.45,7431,11672224125.25,902655,46085,2026-08-26
NIFTY,2026-10-27,23950.0,PE,0.0,0.0,0.0,612.05,411.33,0,0.0,0,0,2026-08-26
NIFTY,2026-10-27,23350.0,PE,0.0,0.0,0.0,387.65,224.1,0,0.0,0,0,2026-08-26
NIFTY,2026-10-27,23300.0,PE,64.8,68.75,57.0,64.7,64.7,3855,5854266756.0,190320,-51870,2026-08-26
NIFTY,2026-10-27,23050.0,PE,0.0,0.0,0.0,301.35,158.44,0,0.0,0,0,2026-08-26
NIFTY,2026-09-29,28500.0,PE,3921.9,4023.4,3885.75,3987.8,4119.16,25,52746801.25,433745,650,2026-08-26
NIFTY,2026-09-29,26900.0,PE,0.0,0.0,0.0,2127.9,2539.2,0,0.0,65,0,2026-08-26
NIFTY,2026-09-29,26850.0,PE,0.0,0.0,0.0,2691.9,2490.61,0,0.0,0,0,2026-08-26
NIFTY,2026-09-29,26750.0,PE,0.0,0.0,0.0,2201.15,2393.75,0,0.0,65,0,2026-08-26
NIFTY,2026-09-29,25600.0,PE,1060.2,1193.1,1027.6,1193.1,1193.1,393,680776515.25,32240,10075,2026-08-26
NIFTY,2026-09-29,25000.0,PE,555.0,644.85,515.0,622.65,622.65,6523,10846716952.5,2250840,3790,2026-08-26
NIFTY,2026-09-29,23900.0,PE,90.0,103.65,75.65,95.95,95.95,11803,18402851502.75,680680,107120,2026-08-26
NIFTY,2026-09-29,23350.0,PE,33.0,36.25,28.9,34.75,34.75,1861,2828402226.0,74750,15470,2026-08-26
NIFTY,2026-09-29,23250.0,PE,29.4,30.15,25.0,29.0,29.0,924,1398039188.0,65520,10790,2026-08-26
NIFTY,2026-09-29,22850.0,PE,16.0,17.8,15.75,17.2,17.2,371,551427620.25,43225,4095,2026-08-26
NIFTY,2026-09-29,22300.0,PE,9.55,15.1,9.55,11.7,11.7,1692,2453797700.25,164645,9035,2026-08-26
NIFTY,2026-09-29,21800.0,PE,9.0,10.3,8.85,9.45,9.45,296,419610100.0,89765,1625,2026-08-26
NIFTY,2026-09-29,21600.0,PE,7.05,10.0,7.05,8.8,8.8,1609,2259899690.75,160030,53170,2026-08-26
NIFTY,2026-09-22,26100.0,PE,0.0,0.0,0.0,1839.95,1800.96,0,0.0,0,0,2026-08-26
NIFTY,2026-09-22,25850.0,PE,0.0,0.0,0.0,1613.85,1568.32,0,0.0,0,0,2026-08-26
NIFTY,2026-09-22,25450.0,PE,0.0,0.0,0.0,1271.15,1214.11,0,0.0,0,0,2026-08-26
NIFTY,2026-09-22,25400.0,PE,0.0,0.0,0.0,1230.35,1171.86,0,0.0,0,0,2026-08-26
NIFTY,2026-09-22,25250.0,PE,0.0,0.0,0.0,1111.0,1048.38,0,0.0,0,0,2026-08-26
NIFTY,2026-09-22,25050.0,PE,0.0,0.0,0.0,959.7,893.28,0,0.0,0,0,2026-08-26
NIFTY,2026-09-22,24950.0,PE,0.0,0.0,0.0,887.95,818.27,0,0.0,0,0,2026-08-26
NIFTY,2026-09-22,24800.0,PE,0.0,0.0,0.0,785.4,713.14,0,0.0,0,0,2026-08-26
NIFTY,2026-09-22,23000.0,PE,22.0,22.0,12.95,14.45,14.45,30,44876562.25,1430,1430,2026-08-26
NIFTY,2026-09-15,25150.0,PE,0.0,0.0,0.0,817.1,949.92,0,0.0,0,0,2026-08-26
NIFTY,2026-09-15,25100.0,PE,635.05,635.05,635.05,635.05,909.12,1,1672778.25,130,0,2026-08-26
NIFTY,2026-09-15,24900.0,PE,476.25,476.25,464.35,464.35,754.18,3,4946821.75,260,65,2026-08-26
NIFTY,2026-09-15,24350.0,PE,155.05,186.85,124.55,174.55,174.55,1143,1820569539.75,12545,1690,2026-08-26
NIFTY,2026-09-15,23650.0,PE,22.3,29.65,19.4,25.5,25.5,329,506273218.75,12870,10010,2026-08-26
NIFTY,2026-09-15,22900.0,PE,9.25,9.25,6.45,7.15,7.15,105,156342741.75,10205,6110,2026-08-26
NIFTY,2026-09-08,26300.0,PE,0.0,0.0,0.0,1612.35,2036.46,0,0.0,0,0,2026-08-26
NIFTY,2026-09-08,25900.0,PE,0.0,0.0,0.0,1274.25,1640.82,0,0.0,0,0,2026-08-26
NIFTY,2026-09-08,25300.0,PE,0.0,0.0,0.0,1025.0,1067.33,0,0.0,585,0,2026-08-26
NIFTY,2026-09-08,25250.0,PE,0.0,0.0,0.0,795.8,1021.83,0,0.0,0,0,2026-08-26
NIFTY,2026-09-08,24650.0,PE,269.55,362.95,247.75,331.45,331.45,462,749383131.25,10725,7085,2026-08-26
NIFTY,2026-09-08,24150.0,PE,57.1,89.55,49.45,76.2,76.2,14883,23429377172.5,347555,111800,2026-08-26
NIFTY,2026-09-01,26800.0,PE,0.0,0.0,0.0,2454.6,2565.52,0,0.0,0,0,2026-08-26
NIFTY,2026-09-01,25600.0,PE,0.0,0.0,0.0,1363.55,1367.39,0,0.0,1105,0,2026-08-26
NIFTY,2026-09-01,25150.0,PE,715.8,828.0,688.0,806.4,806.4,78,131439558.25,3185,2015,2026-08-26
NIFTY,2026-09-01,24900.0,PE,497.6,593.7,439.4,555.1,555.1,3539,5843221309.25,46540,23400,2026-08-26
NIFTY,2026-09-01,24800.0,PE,403.95,499.75,346.0,459.25,459.25,13593,22278496886.75,152425,26910,2026-08-26
NIFTY,2026-09-01,24100.0,PE,22.0,40.15,17.35,31.05,31.05,1013148,1588979131541.75,4091620,63570,2026-08-26
NIFTY,2026-09-01,23750.0,PE,8.5,8.5,4.55,5.35,5.35,289338,446776449057.25,1173055,221000,2026-08-26
NIFTY,2026-09-01,23700.0,PE,5.95,7.45,3.85,4.7,4.7,560501,863633865877.25,4313010,1606020,2026-08-26
NIFTY,2026-09-01,22850.0,PE,1.7,2.4,1.4,1.65,1.65,7795,11578390723.25,43745,-4615,2026-08-26
NIFTY,2026-09-01,22500.0,PE,1.35,1.8,1.25,1.4,1.4,118330,173068565510.75,4286230,758290,2026-08-26
NIFTY,2031-06-24,22500.0,CE,0.0,0.0,0.0,8012.75,8301.72,0,0.0,0,0,2026-08-26
NIFTY,2030-06-25,30000.0,CE,0.0,0.0,0.0,5580.35,3454.71,0,0.0,0,0,2026-08-26
NIFTY,2030-06-25,28500.0,CE,0.0,0.0,0.0,5382.85,4055.08,0,0.0,0,0,2026-08-26
NIFTY,2029-06-26,22500.0,CE,0.0,0.0,0.0,7946.5,6054.68,0,0.0,0,0,2026-08-26
NIFTY,2028-12-26,27000.0,CE,0.0,0.0,0.0,2700.0,2895.04,0,0.0,845,0,2026-08-26
NIFTY,2028-06-27,28500.0,CE,0.0,0.0,0.0,2990.0,1678.44,0,0.0,0,0,2026-08-26
NIFTY,2028-06-27,22500.0,CE,0.0,0.0,0.0,6796.05,4763.49,0,0.0,0,0,2026-08-26
NIFTY,2027-03-30,28500.0,CE,76.95,76.95,68.1,71.45,71.45,825,1532151227.75,169520,19500,2026-08-26
NIFTY,2027-03-30,16500.0,CE,0.0,0.0,0.0,6995.9,8335.31,0,0.0,0,0,2026-08-26
NIFTY,2026-12-29,20000.0,CE,4769.5,4830.45,4673.25,4696.55,4696.55,173,278343624.0,594125,6630,2026-08-26
NIFTY,2026-11-23,25700.0,CE,0.0,0.0,0.0,401.1,364.02,0,0.0,0,0,2026-08-26
NIFTY,2026-11-23,24200.0,CE,0.0,0.0,0.0,1046.75,978.97,0,0.0,0,0,2026-08-26
NIFTY,2026-11-23,23650.0,CE,0.0,0.0,0.0,1392.8,1314.47,0,0.0,0,0,2026-08-26
NIFTY,2026-11-23,23150.0,CE,0.0,0.0,0.0,1755.4,1668.86,0,0.0,0,0,2026-08-26
NIFTY,2026-11-23,22850.0,CE,0.0,0.0,0.0,1992.05,1901.32,0,0.0,0,0,2026-08-26
NIFTY,2026-10-27,26500.0,CE,16.05,17.3,13.2,13.55,13.55,2132,3674382101.0,185055,27820,2026-08-26
NIFTY,2026-10-27,25950.0,CE,0.0,0.0,0.0,267.4,176.29,0,0.0,0,0,2026-08-26
NIFTY,2026-10-27,24650.0,CE,375.0,400.0,325.0,335.25,335.25,167,271505559.0,5330,1365,2026-08-26
NIFTY,2026-10-27,23850.0,CE,0.0,0.0,0.0,1063.45,996.08,0,0.0,0,0,2026-08-26
NIFTY,2026-10-27,23800.0,CE,975.7,994.45,866.45,881.7,881.7,29,46624838.0,4680,650,2026-08-26
NIFTY,2026-10-27,23750.0,CE,0.0,0.0,0.0,944.05,1060.41,0,0.0,0,0,2026-08-26
NIFTY,2026-10-27,22500.0,CE,2148.0,2167.0,2043.0,2056.4,2056.4,17,27199061.5,9295,780,2026-08-26
NIFTY,2026-09-29,27150.0,CE,2.0,2.5,2.0,2.5,6.34,29,51181666.25,6630,-455,2026-08-26
NIFTY,2026-09-29,26600.0,CE,3.3,3.8,2.7,3.45,3.45,505,873253413.5,72410,16250,2026-08-26
NIFTY,2026-09-29,26000.0,CE,8.0,8.45,6.4,6.75,6.75,18357,31031948623.0,3876330,168455,2026-08-26
NIFTY,2026-09-29,25850.0,CE,0.0,0.0,0.0,117.25,69.23,0,0.0,65,0,2026-08-26
NIFTY,2026-09-29,25750.0,CE,0.0,0.0,0.0,293.5,80.93,0,0.0,0,0,2026-08-26
NIFTY,2026-09-29,25500.0,CE,24.5,25.1,17.3,18.45,18.45,27982,46417259736.25,3326765,433290,2026-08-26
NIFTY,2026-09-29,24550.0,CE,272.05,289.45,204.95,211.95,211.95,6645,10713537185.0,159510,96200,2026-08-26
NIFTY,2026-09-29,23350.0,CE,0.0,0.0,0.0,1028.25,1128.82,0,0.0,455,0,2026-08-26
NIFTY,2026-09-29,21650.0,CE,0.0,0.0,0.0,2630.65,2692.75,0,0.0,0,0,2026-08-26
NIFTY,2026-09-29,16500.0,CE,0.0,0.0,0.0,10168.85,7808.12,0,0.0,0,0,2026-08-26
NIFTY,2026-09-22,26000.0,CE,0.0,0.0,0.0,53.9,31.32,0,0.0,0,0,2026-08-26
NIFTY,2026-09-22,24550.0,CE,214.5,236.0,173.8,181.75,181.75,84,135174282.75,1625,195,2026-08-26
NIFTY,2026-09-22,23900.0,CE,635.0,637.0,613.15,613.15,662.08,5,7970524.25,650,0,2026-08-26
NIFTY,2026-09-22,22400.0,CE,0.0,0.0,0.0,1912.1,1920.75,0,0.0,0,0,2026-08-26
NIFTY,2026-09-15,25000.0,CE,36.5,43.1,25.65,28.6,28.6,13632,22181096141.75,471315,201890,2026-08-26
NIFTY,2026-09-15,23450.0,CE,0.0,0.0,0.0,1271.65,922.58,0,0.0,0,0,2026-08-26
NIFTY,2026-09-08,26200.0,CE,1.6,1.95,1.15,1.45,1.45,188,320181098.25,5070,715,2026-08-26
NIFTY,2026-09-08,26100.0,CE,1.8,1.8,1.25,1.5,1.5,326,553090411.25,9230,3575,2026-08-26
NIFTY,2026-09-08,25900.0,CE,2.05,2.4,1.45,1.95,1.95,934,1572502343.75,28275,16120,2026-08-26
NIFTY,2026-09-08,25600.0,CE,3.6,3.85,2.5,2.9,2.9,12256,20396234456.0,533455,32890,2026-08-26
NIFTY,2026-09-08,25550.0,CE,3.7,3.7,2.65,3.1,3.1,478,793933127.0,16510,9490,2026-08-26
NIFTY,2026-09-08,25450.0,CE,0.0,0.0,0.0,244.7,19.3,0,0.0,0,0,2026-08-26
NIFTY,2026-09-08,24100.0,CE,362.2,433.8,308.5,337.9,337.9,3434,5460794738.75,233415,8840,2026-08-26
NIFTY,2026-09-08,23850.0,CE,616.7,645.0,518.25,518.25,518.25,14,22243208.0,585,-65,2026-08-26
NIFTY,2026-09-08,23650.0,CE,0.0,0.0,0.0,690.0,692.18,0,0.0,65,0,2026-08-26
NIFTY,2026-09-08,22950.0,CE,0.0,0.0,0.0,1838.05,1317.34,0,0.0,0,0,2026-08-26
NIFTY,2026-09-01,27200.0,CE,0.6,0.65,0.45,0.55,0.55,14025,24796696505.75,349765,200850,2026-08-26
NIFTY,2026-09-01,26100.0,CE,0.95,0.95,0.65,0.7,0.7,5781,9807735648.75,127530,25025,2026-08-26
NIFTY,2026-09-29,22450.0,CE,0.0,0.0,0.0,1843.95,1918.47,0,0.0,65,0,2026-08-26
NIFTY,2026-09-29,22550.0,CE,0.0,0.0,0.0,1749.2,1824.83,0,0.0,130,0,2026-08-26
NIFTY,2026-09-29,22700.0,CE,1750.0,1761.0,1750.0,1750.0,1750.0,5,7948395.0,1105,-65,2026-08-26
NIFTY,2026-09-29,23150.0,CE,1371.05,1373.85,1362.45,1373.85,1291.65,10,15934733.75,390,65,2026-08-26
NIFTY,2026-09-29,24350.0,CE,399.0,409.0,307.05,317.95,317.95,6307,10131695892.5,378430,44005,2026-08-26
NIFTY,2026-09-29,24600.0,CE,239.8,260.0,183.75,195.25,195.25,19906,32118227674.0,1014455,99255,2026-08-26
NIFTY,2026-09-29,24650.0,CE,215.05,234.5,163.85,170.15,170.15,2806,4529745983.75,159640,81380,2026-08-26
NIFTY,2026-09-29,24750.0,CE,172.75,188.8,129.95,137.15,137.15,2068,3347553859.0,132340,16835,2026-08-26
NIFTY,2026-09-29,25000.0,CE,92.0,101.3,67.5,71.55,71.55,64149,104587262633.75,5471960,391560,2026-08-26
NIFTY,2026-09-29,25450.0,CE,26.25,28.9,19.75,20.15,20.15,852,1410705192.0,52650,9880,2026-08-26
NIFTY,2026-09-29,25550.0,CE,19.3,21.95,15.15,15.5,15.5,505,839270887.0,41210,-455,2026-08-26
NIFTY,2026-09-29,25700.0,CE,13.9,14.9,10.5,11.1,11.1,3927,6563311998.75,345540,37115,2026-08-26
NIFTY,2026-09-29,25900.0,CE,0.0,0.0,0.0,261.75,63.94,0,0.0,0,0,2026-08-26
NIFTY,2026-09-29,26050.0,CE,0.0,0.0,0.0,232.8,50.07,0,0.0,0,0,2026-08-26
NIFTY,2026-09-29,26450.0,CE,0.0,0.0,0.0,168.3,24.96,0,0.0,0,0,2026-08-26
NIFTY,2026-09-29,26750.0,CE,2.25,3.25,2.25,3.05,14.21,133,231279672.0,6435,5525,2026-08-26
NIFTY,2026-09-29,30000.0,CE,0.8,1.45,0.8,1.05,1.05,178,347113432.25,312415,-3835,2026-08-26
NIFTY,2026-10-27,22550.0,CE,0.0,0.0,0.0,1962.0,1990.05,0,0.0,0,0,2026-08-26
NIFTY,2026-10-27,23950.0,CE,0.0,0.0,0.0,1007.1,934.07,0,0.0,0,0,2026-08-26
NIFTY,2026-10-27,25100.0,CE,183.95,199.6,152.0,160.9,160.9,893,1467058160.75,114270,19435,2026-08-26
NIFTY,2026-10-27,25300.0,CE,0.0,0.0,0.0,432.4,328.87,0,0.0,0,0,2026-08-26
NIFTY,2026-10-27,25500.0,CE,87.1,95.55,70.7,74.0,74.0,7774,12926952850.5,976040,56875,2026-08-26
NIFTY,2026-10-27,25600.0,CE,70.0,77.15,57.25,60.2,60.2,881,1469818356.5,210925,11440,2026-08-26
NIFTY,2026-10-27,25800.0,CE,0.0,0.0,0.0,301.05,205.08,0,0.0,0,0,2026-08-26
NIFTY,2026-10-27,26100.0,CE,0.0,0.0,0.0,237.65,150.88,0,0.0,0,0,2026-08-26
NIFTY,2026-10-27,26700.0,CE,0.0,0.0,0.0,85.6,77.48,0,0.0,65,0,2026-08-26
NIFTY,2026-11-23,23700.0,CE,0.0,0.0,0.0,1358.95,1281.56,0,0.0,0,0,2026-08-26
NIFTY,2026-11-23,23900.0,CE,0.0,0.0,0.0,1228.35,1154.67,0,0.0,0,0,2026-08-26
NIFTY,2026-11-23,24450.0,CE,0.0,0.0,0.0,908.9,846.26,0,0.0,0,0,2026-08-26
NIFTY,2026-11-23,24650.0,CE,0.0,0.0,0.0,807.5,749.0,0,0.0,0,0,2026-08-26
NIFTY,2026-11-23,24900.0,CE,0.0,0.0,0.0,691.9,638.67,0,0.0,0,0,2026-08-26
NIFTY,2026-11-23,25500.0,CE,0.0,0.0,0.0,463.05,422.12,0,0.0,0,0,2026-08-26
NIFTY,2026-12-29,25000.0,CE,555.05,569.7,505.05,515.7,515.7,4241,7040207463.25,2326540,10790,2026-08-26
NIFTY,2026-09-01,26200.0,PE,0.0,0.0,0.0,1950.0,1966.13,0,0.0,65,0,2026-08-26
NIFTY,2026-12-29,26000.0,CE,192.05,200.0,175.65,180.6,180.6,7387,12573174110.25,3330565,133530,2026-08-26
NIFTY,2027-06-29,30000.0,CE,0.0,0.0,0.0,1478.4,283.67,0,0.0,0,0,2026-08-26
NIFTY,2027-12-28,24000.0,CE,2933.0,2950.0,2875.0,2934.7,2934.7,23,40243710.0,36335,65,2026-08-26
NIFTY,2028-12-26,18000.0,CE,0.0,0.0,0.0,9380.3,8829.06,0,0.0,0,0,2026-08-26
NIFTY,2028-12-26,24000.0,CE,0.0,0.0,0.0,4700.0,4470.28,0,0.0,1235,0,2026-08-26
NIFTY,2028-12-26,25500.0,CE,0.0,0.0,0.0,3800.0,3623.76,0,0.0,0,0,2026-08-26
NIFTY,2028-12-26,28000.0,CE,2129.4,2129.45,2129.4,2129.45,2473.04,2,3916825.25,8460,65,2026-08-26
NIFTY,2028-12-26,28500.0,CE,0.0,0.0,0.0,3608.65,2280.61,0,0.0,0,0,2026-08-26
NIFTY,2028-12-26,30000.0,CE,1200.0,1200.0,1200.0,1200.0,1773.42,1,2028000.0,11750,-65,2026-08-26
NIFTY,2030-06-25,24000.0,CE,0.0,0.0,0.0,8591.55,6320.14,0,0.0,0,0,2026-08-26
NIFTY,2030-06-25,33000.0,CE,0.0,0.0,0.0,4416.45,2468.66,0,0.0,0,0,2026-08-26
NIFTY,2030-12-31,22500.0,CE,0.0,0.0,0.0,9536.95,7794.28,0,0.0,0,0,2026-08-26
NIFTY,2030-12-31,27000.0,CE,0.0,0.0,0.0,6772.8,5333.63,0,0.0,0,0,2026-08-26
NIFTY,2026-09-01,22250.0,PE,1.1,1.55,0.95,1.05,1.05,2518,3641847150.5,27040,9360,2026-08-26
NIFTY,2026-09-01,22750.0,PE,1.6,2.15,1.25,1.5,1.5,8905,13169180706.5,70395,25220,2026-08-26
NIFTY,2026-09-01,23100.0,PE,2.35,2.9,1.7,2.0,2.0,110121,165361503700.25,1417715,716495,2026-08-26
NIFTY,2026-09-01,23400.0,PE,3.65,4.25,2.3,2.65,2.65,268538,408497110362.25,1955915,-1883570,2026-08-26
NIFTY,2026-09-01,23800.0,PE,7.2,9.0,5.3,6.5,6.5,622286,962957370277.5,4556695,1486875,2026-08-26
NIFTY,2026-09-01,24750.0,PE,328.35,449.8,301.75,420.15,420.15,9268,15132959198.5,79365,45890,2026-08-26
NIFTY,2026-09-01,25950.0,PE,0.0,0.0,0.0,1679.0,1716.44,0,0.0,0,0,2026-08-26
NIFTY,2026-09-01,26950.0,PE,0.0,0.0,0.0,2597.5,2715.37,0,0.0,0,0,2026-08-26
NIFTY,2026-09-08,22650.0,PE,3.6,4.1,3.2,4.0,4.0,38,55954808.0,4160,975,2026-08-26
NIFTY,2026-09-08,23100.0,PE,5.1,11.0,4.7,5.3,5.3,6319,9490106931.5,161135,90350,2026-08-26
NIFTY,2026-09-08,24300.0,PE,96.55,144.95,83.4,128.65,128.65,74775,118675855054.25,1295710,753090,2026-08-26
NIFTY,2026-09-08,24600.0,PE,250.05,325.0,214.35,305.35,305.35,5884,9512825013.25,131300,64935,2026-08-26
NIFTY,2026-09-08,24800.0,PE,380.3,478.6,353.0,440.4,440.4,678,1110908883.5,17160,6435,2026-08-26
NIFTY,2026-09-08,25800.0,PE,0.0,0.0,0.0,1194.35,1542.88,0,0.0,0,0,2026-08-26
NIFTY,2026-09-15,22600.0,PE,6.85,6.85,6.85,6.85,9.96,4,5877781.0,910,0,2026-08-26
NIFTY,2026-09-15,23200.0,PE,0.0,0.0,0.0,75.8,49.93,0,0.0,0,0,2026-08-26
NIFTY,2026-09-15,24250.0,PE,104.85,147.9,94.35,133.95,133.95,990,1568570441.75,18590,-2470,2026-08-26
NIFTY,2026-09-15,24550.0,PE,233.55,290.0,206.45,275.1,275.1,159,256205953.25,5655,2340,2026-08-26
NIFTY,2026-09-15,25000.0,PE,536.0,655.25,536.0,655.25,655.25,22,36573299.75,975,910,2026-08-26
NIFTY,2026-09-15,25450.0,PE,0.0,0.0,0.0,1030.55,1207.58,0,0.0,0,0,2026-08-26
NIFTY,2026-09-15,25600.0,PE,0.0,0.0,0.0,1144.25,1343.21,0,0.0,0,0,2026-08-26
NIFTY,2026-09-15,25750.0,PE,0.0,0.0,0.0,1263.75,1482.28,0,0.0,0,0,2026-08-26
NIFTY,2026-09-22,22500.0,PE,9.45,9.45,6.4,8.2,8.2,98,143374913.5,16380,2015,2026-08-26
NIFTY,2026-09-22,22550.0,PE,0.0,0.0,0.0,10.75,18.52,0,0.0,0,0,2026-08-26
NIFTY,2026-09-22,23350.0,PE,0.0,0.0,0.0,149.8,101.81,0,0.0,0,0,2026-08-26
NIFTY,2026-09-22,23950.0,PE,0.0,0.0,0.0,333.65,265.42,0,0.0,0,0,2026-08-26
NIFTY,2026-09-22,24400.0,PE,191.95,235.0,173.2,216.2,216.2,577,922983698.0,9945,5655,2026-08-26
NIFTY,2026-09-22,24450.0,PE,194.85,254.0,194.1,250.55,250.55,38,60971222.0,1105,-65,2026-08-26
NIFTY,2026-09-22,24600.0,PE,0.0,0.0,0.0,658.8,584.43,0,0.0,0,0,2026-08-26
NIFTY,2026-09-22,24650.0,PE,0.0,0.0,0.0,689.35,615.33,0,0.0,0,0,2026-08-26
NIFTY,2026-09-22,24850.0,PE,0.0,0.0,0.0,818.9,747.4,0,0.0,0,0,2026-08-26
NIFTY,2026-09-22,25650.0,PE,0.0,0.0,0.0,1439.15,1387.93,0,0.0,0,0,2026-08-26
NIFTY,2026-09-22,25700.0,PE,0.0,0.0,0.0,1482.25,1432.47,0,0.0,0,0,2026-08-26
NIFTY,2026-09-22,25950.0,PE,0.0,0.0,0.0,1703.35,1660.54,0,0.0,0,0,2026-08-26
NIFTY,2026-09-29,23500.0,PE,45.5,47.05,36.3,43.7,43.7,39373,60246264588.25,3750370,271765,2026-08-26
NIFTY,2026-09-29,23550.0,PE,49.3,52.0,39.65,49.35,49.35,1113,1706957593.25,67405,14560,2026-08-26
NIFTY,2026-09-29,24000.0,PE,117.0,126.5,92.0,118.45,118.45,59608,93406523177.5,5526720,227565,2026-08-26
NIFTY,2026-09-29,24550.0,PE,273.05,336.0,254.0,322.9,322.9,3637,5869786520.0,69355,30420,2026-08-26
NIFTY,2026-09-29,26150.0,PE,0.0,0.0,0.0,1720.0,1825.51,0,0.0,65,0,2026-08-26
NIFTY,2026-09-29,26350.0,PE,0.0,0.0,0.0,2262.9,2011.85,0,0.0,0,0,2026-08-26
NIFTY,2026-09-29,26400.0,PE,0.0,0.0,0.0,1887.6,2058.99,0,0.0,3770,0,2026-08-26
NIFTY,2026-09-29,26550.0,PE,0.0,0.0,0.0,2431.75,2201.52,0,0.0,0,0,2026-08-26
NIFTY,2026-10-27,22300.0,PE,24.1,24.1,21.15,22.9,22.9,263,381609936.5,64805,715,2026-08-26
NIFTY,2026-09-01,23550.0,CE,889.2,919.6,782.05,817.55,817.55,121,191953375.25,16510,1885,2026-08-26
NIFTY,2026-09-01,23250.0,CE,0.0,0.0,0.0,1259.15,985.29,0,0.0,0,0,2026-08-26
NIFTY,2026-09-01,23050.0,CE,0.0,0.0,0.0,1182.0,1182.07,0,0.0,65,0,2026-08-26
NIFTY,2026-10-27,23500.0,PE,88.0,92.05,74.65,87.35,87.35,7362,11285320013.5,700310,53885,2026-08-26
NIFTY,2026-10-27,25350.0,PE,760.0,865.7,760.0,865.7,1176.1,2,3401170.5,260,130,2026-08-26
NIFTY,2026-10-27,25950.0,PE,0.0,0.0,0.0,1842.3,1631.42,0,0.0,0,0,2026-08-26
NIFTY,2026-11-23,22700.0,PE,100.0,100.0,100.0,100.0,100.0,1,1482000.0,65,65,2026-08-26
NIFTY,2026-11-23,23450.0,PE,0.0,0.0,0.0,300.7,321.46,0,0.0,0,0,2026-08-26
NIFTY,2026-11-23,23650.0,PE,0.0,0.0,0.0,356.9,382.0,0,0.0,0,0,2026-08-26
NIFTY,2026-11-23,25700.0,PE,0.0,0.0,0.0,1384.75,1449.07,0,0.0,0,0,2026-08-26
NIFTY,2026-12-29,19000.0,PE,25.0,25.0,23.05,23.65,23.65,517,639294295.25,613965,-5135,2026-08-26
NIFTY,2026-12-29,22000.0,PE,64.95,65.0,57.15,59.7,59.7,8807,12628071277.25,1715550,61525,2026-08-26
NIFTY,2027-03-30,18000.0,PE,0.0,0.0,0.0,37.3,2.86,0,0.0,65,0,2026-08-26
NIFTY,2027-06-29,18000.0,PE,0.0,0.0,0.0,220.0,9.27,0,0.0,230,0,2026-08-26
NIFTY,2027-06-29,27000.0,PE,0.0,0.0,0.0,1780.0,2244.63,0,0.0,130,0,2026-08-26
NIFTY,2028-06-27,27000.0,PE,0.0,0.0,0.0,2752.35,1976.35,0,0.0,0,0,2026-08-26
NIFTY,2028-12-26,24000.0,PE,0.0,0.0,0.0,663.1,856.15,0,0.0,4680,0,2026-08-26
NIFTY,2028-12-26,31500.0,PE,0.0,0.0,0.0,2673.4,4184.03,0,0.0,0,0,2026-08-26
NIFTY,2029-06-26,16500.0,PE,0.0,0.0,0.0,8.1,33.74,0,0.0,0,0,2026-08-26
NIFTY,2029-06-26,18000.0,PE,0.0,0.0,0.0,118.45,81.09,0,0.0,0,0,2026-08-26
NIFTY,2029-06-26,19500.0,PE,0.0,0.0,0.0,56.0,169.02,0,0.0,0,0,2026-08-26
NIFTY,2029-12-24,25000.0,PE,0.0,0.0,0.0,1000.0,1048.14,0,0.0,1135,0,2026-08-26
NIFTY,2031-06-24,18000.0,PE,0.0,0.0,0.0,173.45,110.53,0,0.0,0,0,2026-08-26
NIFTY,2026-09-01,25200.0,CE,1.75,2.35,1.55,2.0,2.0,322044,527551317296.25,3032380,1657370,2026-08-26
NIFTY,2026-09-15,23100.0,CE,0.0,0.0,0.0,1569.25,1223.72,0,0.0,0,0,2026-08-26
NIFTY,2026-09-15,24050.0,CE,462.55,464.75,432.4,434.15,434.15,12,19112632.5,2210,0,2026-08-26
NIFTY,2026-09-15,22600.0,CE,0.0,0.0,0.0,2026.95,1692.75,0,0.0,0,0,2026-08-26
NIFTY,2026-09-08,26150.0,CE,1.7,1.7,1.25,1.45,1.81,14,23797910.5,585,-195,2026-08-26
NIFTY,2026-09-08,25400.0,CE,3.85,4.4,3.05,3.85,3.85,7937,13106009046.0,160355,132210,2026-08-26
NIFTY,2026-09-08,24050.0,CE,450.8,471.85,347.95,374.5,374.5,496,788232347.5,12350,3705,2026-08-26
NIFTY,2026-09-08,23050.0,CE,0.0,0.0,0.0,1746.8,1221.79,0,0.0,0,0,2026-08-26
NIFTY,2026-09-08,22800.0,CE,0.0,0.0,0.0,1977.1,1462.7,0,0.0,0,0,2026-08-26
NIFTY,2026-09-01,26650.0,CE,0.75,0.8,0.55,0.65,0.65,1014,1756544874.5,6760,4940,2026-08-26
NIFTY,2026-09-01,26000.0,CE,0.75,0.8,0.65,0.7,0.7,163057,275573925562.0,4128085,463710,2026-08-26
NIFTY,2026-09-01,25850.0,CE,0.8,0.85,0.65,0.7,0.7,8558,14379988051.0,198640,140985,2026-08-26
NIFTY,2026-09-01,25500.0,CE,1.25,1.4,1.0,1.15,1.15,353253,585543836254.0,6422455,3124550,2026-08-26
NIFTY,2026-09-15,24600.0,CE,154.05,159.35,99.1,107.45,107.45,3029,4868381703.25,125840,32435,2026-08-26
NIFTY,2026-09-15,24650.0,CE,125.7,137.0,86.0,92.2,92.2,595,957570467.75,24570,1430,2026-08-26
NIFTY,2026-09-15,24900.0,CE,0.0,0.0,0.0,375.05,144.61,0,0.0,0,0,2026-08-26
NIFTY,2026-09-15,25150.0,CE,0.0,0.0,0.0,284.5,91.18,0,0.0,0,0,2026-08-26
NIFTY,2026-09-15,25550.0,CE,0.0,0.0,0.0,175.2,40.17,0,0.0,0,0,2026-08-26
NIFTY,2026-09-15,26000.0,CE,3.45,3.45,2.45,3.2,3.2,665,1123979993.5,34580,780,2026-08-26
NIFTY,2026-09-22,23500.0,CE,0.0,0.0,0.0,990.1,945.46,0,0.0,195,0,2026-08-26
NIFTY,2026-09-22,25500.0,CE,13.25,14.8,8.15,10.85,10.85,511,847377852.75,17290,5720,2026-08-26
NIFTY,2026-09-22,25550.0,CE,0.0,0.0,0.0,60.5,72.32,0,0.0,65,0,2026-08-26
NIFTY,2026-09-29,21850.0,CE,0.0,0.0,0.0,2455.3,2496.37,0,0.0,0,0,2026-08-26
NIFTY,2026-09-29,22000.0,CE,2519.95,2568.4,2410.0,2441.0,2441.0,492,782569843.25,766870,17875,2026-08-26
NIFTY,2026-09-22,24150.0,CE,464.0,483.9,395.3,395.3,395.3,15,23985835.25,650,-65,2026-08-26
NIFTY,2026-09-15,25400.0,CE,0.0,0.0,0.0,211.35,55.37,0,0.0,0,0,2026-08-26
NIFTY,2026-09-08,25850.0,CE,2.05,2.2,1.6,2.1,2.1,386,648622201.5,5525,3835,2026-08-26
NIFTY,2027-03-30,24000.0,CE,1618.0,1665.7,1560.0,1568.55,1568.55,1910,3182403679.0,386165,70980,2026-08-26
NIFTY,2026-09-01,22550.0,CE,0.0,0.0,0.0,1849.95,1680.27,0,0.0,0,0,2026-08-26
NIFTY,2026-09-01,23500.0,CE,927.0,969.35,810.0,839.05,839.05,1419,2248681184.75,141115,13780,2026-08-26
NIFTY,2026-09-01,25400.0,CE,1.65,2.2,1.1,1.25,1.25,258402,426644514829.0,1953445,1226550,2026-08-26
NIFTY,2026-09-01,27150.0,CE,0.8,0.8,0.5,0.55,0.55,1277,2253634084.0,32565,31330,2026-08-26
NIFTY,2026-09-08,22700.0,CE,0.0,0.0,0.0,2071.05,1560.61,0,0.0,0,0,2026-08-26
NIFTY,2026-11-23,25450.0,PE,0.0,0.0,0.0,1217.0,1276.7,0,0.0,0,0,2026-08-26
NIFTY,2026-11-23,23250.0,PE,0.0,0.0,0.0,249.65,269.36,0,0.0,0,0,2026-08-26
NIFTY,2026-09-08,25050.0,CE,45.6,45.6,8.65,10.45,10.45,2201,3585299048.5,86255,86255,2026-08-26
NIFTY,2026-09-29,22450.0,PE,14.55,14.55,11.6,12.5,12.5,298,435098579.5,22945,11635,2026-08-26
NIFTY,2026-09-15,23400.0,PE,16.05,17.8,12.0,15.65,15.65,803,1222120467.75,64090,2795,2026-08-26
NIFTY,2026-09-15,22500.0,PE,5.2,5.95,4.3,5.15,5.15,468,684609932.5,39910,5850,2026-08-26
NIFTY,2026-09-08,23900.0,PE,18.65,37.6,18.65,31.8,31.8,47581,74003542980.25,1238770,951990,2026-08-26
NIFTY,2026-09-08,22900.0,PE,4.2,4.9,3.9,4.55,4.55,4641,6909421337.0,96655,33345,2026-08-26
NIFTY,2026-09-01,26900.0,PE,0.0,0.0,0.0,2549.75,2665.42,0,0.0,0,0,2026-08-26
NIFTY,2026-09-01,25200.0,PE,780.0,890.0,738.05,867.15,867.15,175,295904098.75,39715,3315,2026-08-26
NIFTY,2026-12-29,31500.0,CE,6.0,6.8,5.8,6.15,6.15,21,43005686.75,31005,-65,2026-08-26
NIFTY,2026-11-23,23800.0,CE,1119.35,1119.35,1067.85,1067.85,1217.15,2,3236168.0,65,65,2026-08-26
NIFTY,2026-11-23,23500.0,CE,0.0,0.0,0.0,1496.95,1416.01,0,0.0,0,0,2026-08-26
NIFTY,2026-09-29,27000.0,CE,3.0,3.35,2.5,2.9,2.9,4708,8263393671.0,1916525,77285,2026-08-26
NIFTY,2026-09-29,26100.0,CE,0.0,0.0,0.0,223.8,46.05,0,0.0,0,0,2026-08-26
NIFTY,2026-09-29,22900.0,CE,0.0,0.0,0.0,1540.0,1506.79,0,0.0,4030,0,2026-08-26
NIFTY,2026-09-22,24850.0,CE,91.3,108.75,69.65,74.5,74.5,196,317684217.5,8580,-1300,2026-08-26
NIFTY,2026-09-22,24700.0,CE,202.05,202.05,107.7,115.6,115.6,137,221073957.0,2860,2860,2026-08-26
NIFTY,2026-10-27,24450.0,CE,478.3,514.9,434.85,441.7,441.7,29,46971028.0,7995,260,2026-08-26
NIFTY,2026-10-27,24900.0,CE,258.0,278.4,215.75,224.7,224.7,522,852958856.75,87555,5265,2026-08-26
NIFTY,2026-10-27,25550.0,CE,0.0,0.0,0.0,361.35,262.14,0,0.0,0,0,2026-08-26
NIFTY,2026-10-27,25700.0,CE,57.8,63.4,47.6,50.7,50.7,2095,3507124877.75,199160,30095,2026-08-26
NIFTY,2026-10-27,25900.0,CE,0.0,0.0,0.0,277.95,185.49,0,0.0,0,0,2026-08-26
NIFTY,2026-10-27,27050.0,CE,0.0,0.0,0.0,106.0,50.85,0,0.0,0,0,2026-08-26
NIFTY,2026-10-27,27150.0,CE,0.0,0.0,0.0,96.75,44.89,0,0.0,0,0,2026-08-26
NIFTY,2026-11-23,22600.0,CE,0.0,0.0,0.0,2198.8,2105.08,0,0.0,0,0,2026-08-26
NIFTY,2026-11-23,23250.0,CE,0.0,0.0,0.0,1679.6,1595.49,0,0.0,0,0,2026-08-26
NIFTY,2026-11-23,24050.0,CE,0.0,0.0,0.0,1135.35,1064.59,0,0.0,0,0,2026-08-26
NIFTY,2026-11-23,24350.0,CE,0.0,0.0,0.0,962.55,897.84,0,0.0,0,0,2026-08-26
NIFTY,2026-09-08,26400.0,CE,1.2,1.25,1.05,1.15,1.15,806,1383154890.0,29380,1430,2026-08-26
NIFTY,2026-11-23,24550.0,CE,0.0,0.0,0.0,857.25,796.59,0,0.0,0,0,2026-08-26
NIFTY,2026-11-23,25100.0,CE,0.0,0.0,0.0,608.15,559.11,0,0.0,0,0,2026-08-26
NIFTY,2026-11-23,25150.0,CE,0.0,0.0,0.0,588.45,540.4,0,0.0,0,0,2026-08-26
NIFTY,2026-11-23,25750.0,CE,0.0,0.0,0.0,386.65,350.51,0,0.0,0,0,2026-08-26
NIFTY,2026-11-23,25800.0,CE,0.0,0.0,0.0,372.6,337.4,0,0.0,0,0,2026-08-26
NIFTY,2026-11-23,26100.0,CE,0.0,0.0,0.0,297.8,267.02,0,0.0,0,0,2026-08-26
NIFTY,2026-12-29,24000.0,CE,1172.8,1204.6,1100.0,1117.6,1117.6,2964,4848898063.75,1242280,7210,2026-08-26
NIFTY,2026-12-29,30000.0,CE,9.15,10.4,9.15,10.0,10.0,502,979226696.5,807865,2540,2026-08-26
NIFTY,2026-10-27,22700.0,CE,0.0,0.0,0.0,1740.0,1860.5,0,0.0,260,0,2026-08-26
NIFTY,2026-10-27,22600.0,CE,0.0,0.0,0.0,1922.3,1946.53,0,0.0,0,0,2026-08-26
NIFTY,2026-10-27,22400.0,CE,0.0,0.0,0.0,2083.15,2122.48,0,0.0,0,0,2026-08-26
NIFTY,2026-10-27,22300.0,CE,0.0,0.0,0.0,2165.6,2212.21,0,0.0,0,0,2026-08-26
NIFTY,2026-09-29,34500.0,CE,0.0,0.0,0.0,0.65,0.0,0,0.0,9880,0,2026-08-26
NIFTY,2027-06-29,18000.0,CE,0.0,0.0,0.0,4066.45,7181.85,0,0.0,0,0,2026-08-26
NIFTY,2028-06-27,21000.0,CE,0.0,0.0,0.0,5226.55,5855.7,0,0.0,0,0,2026-08-26
NIFTY,2028-12-26,19500.0,CE,0.0,0.0,0.0,9716.4,7625.46,0,0.0,0,0,2026-08-26
NIFTY,2028-12-26,33000.0,CE,0.0,0.0,0.0,2477.5,1037.27,0,0.0,0,0,2026-08-26
NIFTY,2029-06-26,24000.0,CE,0.0,0.0,0.0,8085.35,5114.86,0,0.0,0,0,2026-08-26
NIFTY,2029-12-24,27000.0,CE,0.0,0.0,0.0,6201.65,4133.33,0,0.0,0,0,2026-08-26
NIFTY,2030-12-31,33000.0,CE,0.0,0.0,0.0,3948.25,2998.83,0,0.0,0,0,2026-08-26
NIFTY,2026-09-01,22300.0,PE,1.55,1.55,1.05,1.15,1.15,11086,16070010011.25,284440,108420,2026-08-26
NIFTY,2026-09-01,22900.0,PE,1.8,2.25,1.25,1.7,1.7,50009,74444198062.0,530790,131105,2026-08-26
NIFTY,2026-09-01,23150.0,PE,2.35,3.1,1.7,2.0,2.0,33311,50129446146.0,214370,58890,2026-08-26
NIFTY,2026-09-01,23650.0,PE,6.9,6.9,3.4,3.95,3.95,362910,557989960986.25,996255,116545,2026-08-26
NIFTY,2026-09-01,24600.0,PE,253.9,313.95,183.85,281.3,281.3,201571,325452628234.5,604175,200590,2026-08-26
NIFTY,2026-09-01,26050.0,PE,0.0,0.0,0.0,1800.0,1816.3,0,0.0,65,0,2026-08-26
NIFTY,2026-09-08,22600.0,PE,3.05,4.5,3.05,3.9,3.9,2105,3092747963.5,71370,42640,2026-08-26
NIFTY,2026-09-08,22800.0,PE,3.85,4.45,3.6,4.2,4.2,3259,4830677042.75,93600,52845,2026-08-26
NIFTY,2026-09-08,23000.0,PE,4.75,5.05,4.3,4.85,4.85,10455,15633444593.0,441870,99450,2026-08-26
NIFTY,2026-09-08,23750.0,PE,19.65,22.3,13.4,19.5,19.5,6235,9632290499.0,145340,82680,2026-08-26
NIFTY,2026-09-08,24100.0,PE,50.0,75.4,41.0,63.85,63.85,40800,64066011145.5,971750,555490,2026-08-26
NIFTY,2026-09-08,24200.0,PE,76.3,105.55,58.75,92.25,92.25,41930,66183651131.0,868855,128895,2026-08-26
NIFTY,2026-09-08,24850.0,PE,420.25,507.0,396.8,504.4,504.4,50,82244266.0,1625,1560,2026-08-26
NIFTY,2026-09-08,25550.0,PE,0.0,0.0,0.0,1003.8,1301.33,0,0.0,0,0,2026-08-26
NIFTY,2026-09-08,25850.0,PE,0.0,0.0,0.0,1234.05,1591.78,0,0.0,0,0,2026-08-26
NIFTY,2026-09-08,26000.0,PE,1615.0,1615.0,1615.0,1615.0,1739.25,1,1794975.0,130,65,2026-08-26
NIFTY,2026-09-15,22950.0,PE,9.0,9.15,6.3,9.0,26.82,90,134302974.0,6305,260,2026-08-26
NIFTY,2026-09-15,23450.0,PE,0.0,0.0,0.0,114.05,86.97,0,0.0,0,0,2026-08-26
NIFTY,2026-09-15,24750.0,PE,359.95,423.8,323.9,392.45,644.95,61,99540662.0,2925,2405,2026-08-26
NIFTY,2026-09-15,24800.0,PE,409.25,430.9,383.85,430.0,680.12,11,18028393.5,130,65,2026-08-26
NIFTY,2026-09-22,23100.0,PE,0.0,0.0,0.0,101.35,63.26,0,0.0,0,0,2026-08-26
NIFTY,2026-09-22,23200.0,PE,0.0,0.0,0.0,119.0,76.97,0,0.0,0,0,2026-08-26
NIFTY,2026-09-22,23750.0,PE,0.0,0.0,0.0,260.6,198.0,0,0.0,0,0,2026-08-26
NIFTY,2026-09-22,24250.0,PE,154.6,174.0,125.15,162.0,162.0,143,226786872.0,4095,-2470,2026-08-26
NIFTY,2026-09-22,25350.0,PE,0.0,0.0,0.0,1190.0,1130.13,0,0.0,0,0,2026-08-26
NIFTY,2026-09-22,25500.0,PE,0.0,0.0,0.0,1312.45,1256.87,0,0.0,0,0,2026-08-26
NIFTY,2026-09-29,22000.0,PE,11.55,11.75,9.85,10.45,10.45,8272,11834488705.0,2131610,79560,2026-08-26
NIFTY,2026-09-29,22700.0,PE,16.0,16.05,8.75,15.2,15.2,3659,5402335279.25,351065,-1885,2026-08-26
NIFTY,2026-09-29,23100.0,PE,22.9,24.6,20.45,23.25,23.25,9883,14853546396.0,530205,-3705,2026-08-26
NIFTY,2026-09-29,23800.0,PE,79.35,85.0,62.5,78.55,78.55,23319,36183248296.0,1213550,-57850,2026-08-26
NIFTY,2026-09-29,27200.0,CE,1.65,2.9,1.65,2.75,2.75,665,1175812771.25,38415,-3900,2026-08-26
NIFTY,2026-09-29,25100.0,PE,638.0,718.95,588.8,684.9,684.9,250,418047071.0,79690,-130,2026-08-26
NIFTY,2026-09-29,25500.0,PE,966.2,1083.0,933.2,1065.95,1065.95,1168,2012569393.25,1595815,6110,2026-08-26
NIFTY,2026-09-29,26100.0,PE,0.0,0.0,0.0,1621.6,1779.54,0,0.0,9295,0,2026-08-26
NIFTY,2026-09-29,26250.0,PE,0.0,0.0,0.0,2180.0,1918.21,0,0.0,0,0,2026-08-26
NIFTY,2026-09-29,26600.0,PE,0.0,0.0,0.0,2474.55,2249.37,0,0.0,0,0,2026-08-26
NIFTY,2026-10-27,22350.0,PE,0.0,0.0,0.0,31.95,62.17,0,0.0,2145,0,2026-08-26
NIFTY,2026-10-27,22450.0,PE,0.0,0.0,0.0,43.05,71.89,0,0.0,845,0,2026-08-26
NIFTY,2026-10-27,23250.0,PE,0.0,0.0,0.0,356.75,200.32,0,0.0,0,0,2026-08-26
NIFTY,2026-10-27,23900.0,PE,141.9,160.05,128.25,151.55,151.55,1016,1587760931.25,101530,13325,2026-08-26
NIFTY,2026-10-27,24050.0,PE,162.05,196.45,160.2,186.1,186.1,62,97650514.0,2795,2340,2026-08-26
NIFTY,2026-10-27,24250.0,PE,230.95,259.55,206.35,256.6,256.6,649,1032850100.75,17290,-975,2026-08-26
NIFTY,2026-10-27,25300.0,PE,774.05,849.0,761.7,849.0,849.0,5,8483003.75,715,0,2026-08-26
NIFTY,2026-10-27,26300.0,PE,0.0,0.0,0.0,2121.9,1923.02,0,0.0,0,0,2026-08-26
NIFTY,2026-10-27,27000.0,PE,2300.0,2420.0,2288.6,2386.7,2386.7,15,28598098.75,27430,65,2026-08-26
NIFTY,2026-11-23,23050.0,PE,0.0,0.0,0.0,205.8,221.83,0,0.0,0,0,2026-08-26
NIFTY,2026-11-23,23150.0,PE,0.0,0.0,0.0,226.95,244.31,0,0.0,0,0,2026-08-26
NIFTY,2026-11-23,23400.0,PE,0.0,0.0,0.0,287.6,307.46,0,0.0,0,0,2026-08-26
NIFTY,2026-11-23,25200.0,PE,0.0,0.0,0.0,1060.25,1115.13,0,0.0,0,0,2026-08-26
NIFTY,2026-11-23,25400.0,PE,0.0,0.0,0.0,1184.75,1243.5,0,0.0,0,0,2026-08-26
NIFTY,2026-11-23,25950.0,PE,0.0,0.0,0.0,1562.8,1632.67,0,0.0,0,0,2026-08-26
NIFTY,2026-12-29,21000.0,PE,38.05,38.75,36.65,38.0,38.0,3178,4345738582.25,1068665,11310,2026-08-26
NIFTY,2026-12-29,28000.0,PE,3000.0,3087.6,2952.75,3070.9,3070.9,243,489459103.25,912245,-3965,2026-08-26
NIFTY,2026-12-29,31500.0,PE,0.0,0.0,0.0,4059.3,6598.18,0,0.0,0,0,2026-08-26
NIFTY,2027-03-30,27000.0,PE,1830.05,1902.05,1771.0,1856.25,1856.25,110,206145397.25,52975,-1950,2026-08-26
NIFTY,2027-12-28,16500.0,PE,0.0,0.0,0.0,52.05,7.04,0,0.0,130,0,2026-08-26
NIFTY,2027-12-28,27000.0,PE,1657.7,1690.0,1620.0,1683.0,2104.91,16,29796208.0,47530,455,2026-08-26
NIFTY,2029-12-24,15000.0,PE,0.0,0.0,0.0,29.0,15.81,0,0.0,65,0,2026-08-26
NIFTY,2030-06-25,18000.0,PE,0.0,0.0,0.0,116.65,100.75,0,0.0,0,0,2026-08-26
NIFTY,2030-06-25,22500.0,PE,0.0,0.0,0.0,223.75,521.33,0,0.0,0,0,2026-08-26
NIFTY,2030-06-25,27000.0,PE,0.0,0.0,0.0,1286.05,1529.52,0,0.0,0,0,2026-08-26
NIFTY,2030-06-25,30000.0,PE,0.0,0.0,0.0,2100.85,2586.39,0,0.0,0,0,2026-08-26
NIFTY,2030-12-31,18000.0,PE,0.0,0.0,0.0,32.3,106.86,0,0.0,0,0,2026-08-26
NIFTY,2031-06-24,16500.0,PE,0.0,0.0,0.0,95.65,56.81,0,0.0,0,0,2026-08-26
NIFTY,2026-09-29,26550.0,CE,0.0,0.0,0.0,154.75,20.77,0,0.0,0,0,2026-08-26
NIFTY,2026-09-29,26350.0,CE,0.0,0.0,0.0,182.8,29.89,0,0.0,0,0,2026-08-26
NIFTY,2026-09-29,26250.0,CE,0.0,0.0,0.0,198.4,35.64,0,0.0,0,0,2026-08-26
NIFTY,2026-09-29,25350.0,CE,32.7,38.05,25.25,26.0,26.0,716,1181215977.5,44460,6955,2026-08-26
NIFTY,2026-09-29,24200.0,CE,468.0,515.95,398.45,416.85,416.85,24294,38920922179.75,1990690,-35490,2026-08-26
NIFTY,2026-09-29,23950.0,CE,673.45,696.8,588.25,625.0,703.15,23,36764624.0,7345,260,2026-08-26
NIFTY,2026-09-29,22950.0,CE,1570.15,1570.15,1529.05,1529.05,1462.84,2,3184948.0,260,-65,2026-08-26
NIFTY,2026-09-29,22500.0,CE,2008.4,2071.0,1914.2,1941.95,1941.95,471,749341255.0,534885,-3640,2026-08-26
NIFTY,2026-09-29,21900.0,CE,2500.0,2500.0,2500.0,2500.0,2500.0,1,1586000.0,715,65,2026-08-26
NIFTY,2026-09-22,25900.0,CE,6.8,6.8,4.75,5.05,5.05,274,461376366.75,21060,3705,2026-08-26
NIFTY,2026-09-22,25800.0,CE,0.0,0.0,0.0,73.8,46.02,0,0.0,0,0,2026-08-26
NIFTY,2026-09-22,25700.0,CE,0.0,0.0,0.0,85.85,55.36,0,0.0,0,0,2026-08-26
NIFTY,2026-09-22,25650.0,CE,0.0,0.0,0.0,92.45,60.59,0,0.0,0,0,2026-08-26
NIFTY,2026-10-27,24000.0,CE,775.4,841.15,718.0,739.95,739.95,3021,4866899323.0,344630,28080,2026-08-26
NIFTY,2026-09-22,25600.0,CE,15.95,15.95,7.9,8.7,8.7,87,144815752.25,3315,3185,2026-08-26
NIFTY,2026-09-22,25250.0,CE,0.0,0.0,0.0,100.25,119.25,0,0.0,65,0,2026-08-26
NIFTY,2026-09-22,24300.0,CE,355.75,388.0,289.6,303.7,303.7,696,1114340051.5,22555,12285,2026-08-26
NIFTY,2026-09-22,24050.0,CE,0.0,0.0,0.0,618.9,569.91,0,0.0,0,0,2026-08-26
NIFTY,2026-09-22,23200.0,CE,0.0,0.0,0.0,1208.1,1188.66,0,0.0,0,0,2026-08-26
NIFTY,2026-09-22,22900.0,CE,0.0,0.0,0.0,1459.55,1452.04,0,0.0,0,0,2026-08-26
NIFTY,2026-09-15,22950.0,CE,0.0,0.0,0.0,1703.2,1360.78,0,0.0,0,0,2026-08-26
NIFTY,2026-09-15,22800.0,CE,0.0,0.0,0.0,1840.25,1501.31,0,0.0,0,0,2026-08-26
NIFTY,2026-09-15,22500.0,CE,0.0,0.0,0.0,2121.7,1789.76,0,0.0,0,0,2026-08-26
NIFTY,2026-09-08,26050.0,CE,2.0,2.0,1.3,1.7,1.7,385,651939801.5,33540,2535,2026-08-26
NIFTY,2026-09-08,25750.0,CE,2.1,2.7,1.9,2.3,2.3,750,1255419844.25,10920,2340,2026-08-26
NIFTY,2026-09-08,23400.0,CE,0.0,0.0,0.0,1438.9,901.11,0,0.0,0,0,2026-08-26
NIFTY,2026-09-01,26750.0,CE,0.9,0.95,0.55,0.7,0.7,621,1079791014.25,7540,4810,2026-08-26
NIFTY,2026-09-01,26300.0,CE,0.7,0.8,0.6,0.7,0.7,6858,11724051469.0,172380,104585,2026-08-26
NIFTY,2026-09-01,25750.0,CE,0.95,0.95,0.7,0.75,0.75,18039,30193705194.25,357955,140855,2026-08-26
NIFTY,2026-09-01,24300.0,CE,195.0,215.0,111.2,133.65,133.65,2248121,3573633445593.25,8845785,5067660,2026-08-26
NIFTY,2026-09-01,24200.0,CE,243.0,295.0,170.2,197.7,197.7,573479,910368840270.5,3650855,-170105,2026-08-26
NIFTY,2026-09-01,24050.0,CE,380.75,430.6,283.9,316.85,316.85,20196,32026694618.75,223665,22100,2026-08-26
NIFTY,2026-09-01,23700.0,CE,702.3,771.25,613.6,642.75,642.75,2292,3635741034.25,182455,-9685,2026-08-26
NIFTY,2026-10-27,22850.0,CE,0.0,0.0,0.0,1729.4,1734.15,0,0.0,0,0,2026-08-26
NIFTY,2026-10-27,24400.0,CE,517.65,552.7,456.6,468.85,468.85,752,1217149482.25,74555,11960,2026-08-26
NIFTY,2026-09-15,22550.0,PE,0.0,0.0,0.0,12.0,8.54,0,0.0,65,0,2026-08-26
NIFTY,2026-09-15,23100.0,PE,9.4,11.25,7.4,8.45,8.45,162,243341897.5,9750,7475,2026-08-26
NIFTY,2026-09-01,22000.0,CE,2450.0,2460.0,2270.0,2355.0,2229.69,38,60312203.25,5200,2275,2026-08-26
NIFTY,2026-09-01,22200.0,CE,0.0,0.0,0.0,2171.8,2029.89,0,0.0,0,0,2026-08-26
NIFTY,2026-09-01,24450.0,CE,100.2,115.35,51.3,63.6,63.6,1076912,1717164717300.5,4299945,3244865,2026-08-26
NIFTY,2026-09-01,24600.0,CE,41.6,51.7,20.7,25.45,25.45,1017896,1629865964636.0,6043180,2381080,2026-08-26
NIFTY,2026-09-01,26250.0,CE,0.7,0.9,0.6,0.65,0.65,707,1206351194.75,37570,7475,2026-08-26
NIFTY,2026-09-01,26400.0,CE,0.75,1.15,0.55,0.65,0.65,5461,9371314173.0,77870,59540,2026-08-26
NIFTY,2026-09-01,26800.0,CE,0.9,0.9,0.5,0.65,0.65,1953,3402203658.75,24310,14495,2026-08-26
NIFTY,2026-09-01,26850.0,CE,0.8,0.95,0.5,0.55,0.55,1598,2788976394.75,18200,13000,2026-08-26
NIFTY,2026-09-08,22900.0,CE,0.0,0.0,0.0,1884.1,1365.55,0,0.0,0,0,2026-08-26
NIFTY,2026-09-08,23150.0,CE,0.0,0.0,0.0,1656.9,1127.68,0,0.0,0,0,2026-08-26
NIFTY,2026-09-08,23250.0,CE,0.0,0.0,0.0,1568.45,1035.37,0,0.0,0,0,2026-08-26
NIFTY,2026-09-08,24700.0,CE,65.65,74.55,40.8,46.3,46.3,46703,75144588138.75,911300,408070,2026-08-26
NIFTY,2026-09-08,25000.0,CE,18.0,20.9,11.25,12.45,12.45,66768,108561046392.5,1677325,350935,2026-08-26
NIFTY,2026-09-15,22350.0,CE,0.0,0.0,0.0,2265.3,1936.44,0,0.0,0,0,2026-08-26
NIFTY,2026-09-15,22650.0,CE,0.0,0.0,0.0,1979.9,1644.54,0,0.0,0,0,2026-08-26
NIFTY,2026-09-15,23000.0,CE,0.0,0.0,0.0,1460.75,1314.66,0,0.0,65,0,2026-08-26
NIFTY,2026-09-15,23050.0,CE,0.0,0.0,0.0,1613.5,1268.97,0,0.0,0,0,2026-08-26
NIFTY,2026-09-15,23150.0,CE,0.0,0.0,0.0,1525.35,1178.96,0,0.0,0,0,2026-08-26
NIFTY,2026-09-15,23250.0,CE,0.0,0.0,0.0,1438.9,1091.03,0,0.0,0,0,2026-08-26
NIFTY,2026-09-15,23500.0,CE,0.0,0.0,0.0,1231.15,882.22,0,0.0,0,0,2026-08-26
NIFTY,2026-09-15,24100.0,CE,436.2,484.55,368.7,393.6,393.6,311,495806320.75,14040,-1170,2026-08-26
NIFTY,2026-09-15,24850.0,CE,0.0,0.0,0.0,395.35,156.45,0,0.0,0,0,2026-08-26
NIFTY,2026-09-15,25050.0,CE,0.0,0.0,0.0,318.55,109.96,0,0.0,0,0,2026-08-26
NIFTY,2026-09-15,25250.0,CE,0.0,0.0,0.0,253.25,75.09,0,0.0,0,0,2026-08-26
NIFTY,2026-09-15,25650.0,CE,0.0,0.0,0.0,153.9,32.14,0,0.0,0,0,2026-08-26
NIFTY,2026-09-15,25750.0,CE,0.0,0.0,0.0,134.65,25.53,0,0.0,0,0,2026-08-26
NIFTY,2026-09-15,25850.0,CE,2.2,3.8,1.8,3.8,20.13,73,122674197.75,2665,1625,2026-08-26
NIFTY,2026-09-15,26100.0,CE,4.8,4.8,1.4,1.95,10.77,8,13573189.5,1300,-195,2026-08-26
NIFTY,2026-09-15,26200.0,CE,3.3,3.3,2.05,2.5,2.5,97,165207428.75,6370,845,2026-08-26
NIFTY,2026-09-22,25300.0,CE,0.0,0.0,0.0,151.5,110.06,0,0.0,0,0,2026-08-26
NIFTY,2026-09-29,19500.0,CE,5050.05,5065.3,4901.1,4945.0,4945.0,27,42902434.25,140465,0,2026-08-26
NIFTY,2026-09-29,21750.0,CE,0.0,0.0,0.0,2542.45,2594.41,0,0.0,0,0,2026-08-26
NIFTY,2026-09-29,21800.0,CE,0.0,0.0,0.0,2500.0,2545.35,0,0.0,260,0,2026-08-26
NIFTY,2026-09-29,22100.0,CE,0.0,0.0,0.0,2448.2,2252.96,0,0.0,65,0,2026-08-26
NIFTY,2026-09-29,24400.0,CE,349.85,378.2,279.15,290.65,290.65,34271,55071255765.5,2454270,332670,2026-08-26
NIFTY,2026-09-29,24700.0,CE,186.1,210.7,145.3,155.25,155.25,14079,22763507617.5,973830,195715,2026-08-26
NIFTY,2026-09-29,24800.0,CE,148.0,167.9,113.9,120.35,120.35,18286,29638385380.5,1175200,46605,2026-08-26
NIFTY,2026-09-29,24900.0,CE,103.9,131.0,87.6,91.8,91.8,17249,28040556056.5,993525,45305,2026-08-26
NIFTY,2026-09-29,26400.0,CE,4.0,7.0,3.05,3.9,3.9,338,580096702.25,16575,5070,2026-08-26
NIFTY,2026-10-27,22350.0,CE,0.0,0.0,0.0,2124.25,2167.21,0,0.0,0,0,2026-08-26
NIFTY,2026-10-27,22950.0,CE,0.0,0.0,0.0,1654.95,1651.86,0,0.0,0,0,2026-08-26
NIFTY,2026-10-27,23900.0,CE,896.5,909.6,800.5,805.0,805.0,30,48222976.75,1820,-260,2026-08-26
NIFTY,2026-10-27,24200.0,CE,640.0,689.5,575.05,602.05,602.05,490,790809340.75,106210,-1950,2026-08-26
NIFTY,2026-10-27,24500.0,CE,449.0,490.0,396.05,407.3,407.3,6529,10584306239.0,601445,94380,2026-08-26
NIFTY,2026-10-27,25450.0,CE,0.0,0.0,0.0,388.6,286.74,0,0.0,0,0,2026-08-26
NIFTY,2026-10-27,26000.0,CE,35.55,37.6,28.25,29.85,29.85,6987,11822710714.75,1194635,108095,2026-08-26
NIFTY,2026-10-27,26600.0,CE,0.0,0.0,0.0,157.4,87.0,0,0.0,0,0,2026-08-26
NIFTY,2026-10-27,26750.0,CE,0.0,0.0,0.0,138.3,73.06,0,0.0,0,0,2026-08-26
NIFTY,2026-11-23,22950.0,CE,0.0,0.0,0.0,1911.7,1822.3,0,0.0,0,0,2026-08-26
NIFTY,2026-11-23,23300.0,CE,0.0,0.0,0.0,1642.3,1558.88,0,0.0,0,0,2026-08-26
NIFTY,2026-11-23,24000.0,CE,999.2,1026.95,891.6,908.7,908.7,1058,1716662707.5,48425,48425,2026-08-26
NIFTY,2026-11-23,24100.0,CE,0.0,0.0,0.0,1105.35,1035.56,0,0.0,0,0,2026-08-26
NIFTY,2026-11-23,24750.0,CE,0.0,0.0,0.0,759.8,703.4,0,0.0,0,0,2026-08-26
NIFTY,2026-11-23,25850.0,CE,0.0,0.0,0.0,358.95,324.68,0,0.0,0,0,2026-08-26
NIFTY,2026-12-29,21000.0,CE,3839.0,3839.0,3737.0,3786.0,3786.0,17,27370060.25,200315,-520,2026-08-26
NIFTY,2027-03-30,18000.0,CE,0.0,0.0,0.0,5643.55,6894.98,0,0.0,0,0,2026-08-26
NIFTY,2027-06-29,21000.0,CE,0.0,0.0,0.0,3061.8,4474.53,0,0.0,0,0,2026-08-26
NIFTY,2027-06-29,24000.0,CE,0.0,0.0,0.0,2000.0,2264.26,0,0.0,1320,0,2026-08-26
NIFTY,2030-12-31,21000.0,PE,0.0,0.0,0.0,450.0,324.74,0,0.0,845,0,2026-08-26
NIFTY,2030-06-25,25500.0,PE,0.0,0.0,0.0,568.55,1118.6,0,0.0,0,0,2026-08-26
NIFTY,2030-06-25,21000.0,PE,0.0,0.0,0.0,220.0,326.44,0,0.0,65,0,2026-08-26
NIFTY,2029-12-24,31500.0,PE,0.0,0.0,0.0,2240.25,3508.04,0,0.0,0,0,2026-08-26
NIFTY,2029-12-24,25500.0,PE,0.0,0.0,0.0,597.3,1179.64,0,0.0,0,0,2026-08-26
NIFTY,2029-06-26,24000.0,PE,0.0,0.0,0.0,825.0,839.0,0,0.0,155,0,2026-08-26
NIFTY,2028-12-26,28500.0,PE,0.0,0.0,0.0,1451.15,2527.78,0,0.0,0,0,2026-08-26
NIFTY,2028-12-26,27000.0,PE,0.0,0.0,0.0,1600.0,1855.11,0,0.0,13165,0,2026-08-26
NIFTY,2027-03-30,19500.0,PE,48.1,48.1,38.1,45.65,45.65,393,499245409.0,97565,5980,2026-08-26
NIFTY,2026-12-29,26000.0,PE,1223.95,1301.85,1175.35,1277.05,1277.05,818,1448163954.25,1435535,-520,2026-08-26
NIFTY,2026-12-29,13000.0,PE,0.0,0.0,0.0,10.0,0.0,0,0.0,8590,0,2026-08-26
NIFTY,2026-11-23,25500.0,PE,0.0,0.0,0.0,1249.7,1310.33,0,0.0,0,0,2026-08-26
NIFTY,2026-11-23,25150.0,PE,0.0,0.0,0.0,1030.25,1084.17,0,0.0,0,0,2026-08-26
NIFTY,2026-11-23,24250.0,PE,0.0,0.0,0.0,573.4,609.45,0,0.0,0,0,2026-08-26
NIFTY,2026-11-23,24200.0,PE,0.0,0.0,0.0,552.7,587.79,0,0.0,0,0,2026-08-26
NIFTY,2026-11-23,23850.0,PE,0.0,0.0,0.0,421.45,450.03,0,0.0,0,0,2026-08-26
NIFTY,2026-11-23,22750.0,PE,0.0,0.0,0.0,151.25,163.58,0,0.0,0,0,2026-08-26
NIFTY,2027-06-29,27000.0,CE,0.0,0.0,0.0,500.0,899.63,0,0.0,520,0,2026-08-26
NIFTY,2027-12-28,22500.0,CE,0.0,0.0,0.0,6183.0,4053.74,0,0.0,0,0,2026-08-26
NIFTY,2027-12-28,25500.0,CE,0.0,0.0,0.0,2400.0,2236.84,0,0.0,0,0,2026-08-26
NIFTY,2027-12-28,28500.0,CE,610.0,610.0,607.6,607.75,607.75,5,9460311.25,13260,130,2026-08-26
NIFTY,2028-06-27,25500.0,CE,0.0,0.0,0.0,4676.6,2948.98,0,0.0,0,0,2026-08-26
NIFTY,2028-06-27,31500.0,CE,0.0,0.0,0.0,1784.8,888.43,0,0.0,0,0,2026-08-26
NIFTY,2028-12-26,21000.0,CE,0.0,0.0,0.0,7512.5,6484.62,0,0.0,0,0,2026-08-26
NIFTY,2029-12-24,22500.0,CE,0.0,0.0,0.0,8486.15,6649.26,0,0.0,0,0,2026-08-26
NIFTY,2030-06-25,16500.0,CE,0.0,0.0,0.0,13374.05,11418.84,0,0.0,0,0,2026-08-26
NIFTY,2030-06-25,19500.0,CE,0.0,0.0,0.0,11140.25,9226.92,0,0.0,0,0,2026-08-26
NIFTY,2031-06-24,28500.0,CE,0.0,0.0,0.0,5048.95,5187.26,0,0.0,0,0,2026-08-26
NIFTY,2026-09-01,22800.0,PE,2.1,2.1,1.3,1.55,1.55,69825,103488083536.5,971620,-134095,2026-08-26
NIFTY,2026-10-27,26150.0,PE,0.0,0.0,0.0,1657.0,1796.03,0,0.0,130,0,2026-08-26
NIFTY,2026-10-27,25900.0,PE,0.0,0.0,0.0,1231.5,1591.18,0,0.0,65,0,2026-08-26
NIFTY,2026-10-27,25750.0,PE,0.0,0.0,0.0,1149.95,1472.82,0,0.0,260,0,2026-08-26
NIFTY,2026-10-27,22850.0,PE,0.0,0.0,0.0,250.85,123.58,0,0.0,0,0,2026-08-26
NIFTY,2026-10-27,22800.0,PE,0.0,0.0,0.0,239.4,115.87,0,0.0,0,0,2026-08-26
NIFTY,2026-10-27,22650.0,PE,50.8,50.8,50.8,50.8,94.98,1,1475552.0,975,65,2026-08-26
NIFTY,2026-10-27,22250.0,PE,22.85,23.05,20.95,21.85,21.85,565,817926027.75,184665,-1560,2026-08-26
NIFTY,2026-09-29,27200.0,PE,0.0,0.0,0.0,3004.3,2832.51,0,0.0,0,0,2026-08-26
NIFTY,2026-09-29,26300.0,PE,1772.15,1840.0,1712.7,1836.75,1964.92,24,43857576.75,80340,1235,2026-08-26
NIFTY,2026-09-29,25750.0,PE,1170.0,1170.0,1170.0,1170.0,1466.55,1,1749800.0,455,65,2026-08-26
NIFTY,2026-09-29,24600.0,PE,300.0,365.75,276.65,346.9,346.9,7853,12718282674.5,595010,80145,2026-08-26
NIFTY,2026-09-29,24400.0,PE,228.6,263.3,195.0,250.5,250.5,36154,57884543320.5,2257450,256165,2026-08-26
NIFTY,2026-09-29,24250.0,PE,175.25,202.75,148.25,186.1,186.1,11338,18002940293.0,252655,-106405,2026-08-26
NIFTY,2026-09-29,24100.0,PE,129.55,152.5,110.95,142.2,142.2,13216,20812098518.25,624000,37570,2026-08-26
NIFTY,2026-09-29,23950.0,PE,95.55,112.95,83.0,105.65,105.65,2111,3299969270.0,123760,56745,2026-08-26
NIFTY,2026-09-29,23750.0,PE,66.05,76.0,56.9,69.2,69.2,3767,5831479728.75,226720,34060,2026-08-26
NIFTY,2026-09-29,23700.0,PE,62.5,69.6,51.9,63.75,63.75,17213,26583367687.5,1036685,143130,2026-08-26
NIFTY,2026-09-29,23150.0,PE,27.35,27.35,21.8,24.95,24.95,524,789282939.25,34905,3705,2026-08-26
NIFTY,2026-09-29,22250.0,PE,11.8,17.35,10.65,11.75,11.75,87,125887060.0,17875,-1235,2026-08-26
NIFTY,2026-09-29,22200.0,PE,12.0,12.0,10.35,11.4,11.4,1523,2198764369.75,122330,11505,2026-08-26
NIFTY,2026-09-29,21700.0,PE,9.05,9.2,8.35,8.95,8.95,94,132640937.0,59930,0,2026-08-26
NIFTY,2026-09-22,25550.0,PE,0.0,0.0,0.0,1354.25,1300.1,0,0.0,0,0,2026-08-26
NIFTY,2026-09-22,22950.0,PE,0.0,0.0,0.0,78.75,46.42,0,0.0,0,0,2026-08-26
NIFTY,2026-09-22,22850.0,PE,0.0,0.0,0.0,66.05,37.38,0,0.0,0,0,2026-08-26
NIFTY,2026-09-22,22450.0,PE,0.0,0.0,0.0,30.65,14.39,0,0.0,0,0,2026-08-26
NIFTY,2026-09-01,23050.0,PE,2.5,2.75,1.55,1.85,1.85,23435,35114551377.75,102050,-15405,2026-08-26
NIFTY,2026-09-01,24200.0,PE,42.9,66.5,28.3,52.95,52.95,1848955,2914170255116.25,6197945,-1127555,2026-08-26
NIFTY,2026-09-01,24400.0,PE,98.0,161.4,77.6,135.2,135.2,1886329,3005958121660.0,2825420,709930,2026-08-26
NIFTY,2026-09-01,24850.0,PE,406.8,539.95,392.2,508.75,508.75,2763,4544660305.25,30485,27365,2026-08-26
NIFTY,2026-09-01,25100.0,PE,689.95,781.1,635.9,770.85,770.85,328,550343976.0,48035,5525,2026-08-26
NIFTY,2026-09-01,25500.0,PE,1060.0,1189.0,1034.0,1163.7,1163.7,546,943286155.5,317265,17485,2026-08-26
NIFTY,2026-09-01,25550.0,PE,0.0,0.0,0.0,1310.0,1317.67,0,0.0,585,0,2026-08-26
NIFTY,2026-09-01,26300.0,PE,0.0,0.0,0.0,1841.35,2066.03,0,0.0,2210,0,2026-08-26
NIFTY,2026-09-15,26050.0,PE,0.0,0.0,0.0,1515.75,1768.0,0,0.0,0,0,2026-08-26
NIFTY,2026-09-15,25200.0,PE,0.0,0.0,0.0,850.0,991.39,0,0.0,130,0,2026-08-26
NIFTY,2026-09-15,24600.0,PE,260.0,324.0,231.85,318.9,318.9,420,679243932.25,12870,6175,2026-08-26
NIFTY,2026-09-15,24300.0,PE,128.7,169.0,108.8,155.55,155.55,6019,9560858043.75,126555,55185,2026-08-26
NIFTY,2026-09-15,23950.0,PE,50.4,66.05,40.7,55.75,55.75,410,639660206.25,21905,4160,2026-08-26
NIFTY,2026-09-15,23350.0,PE,0.0,0.0,0.0,97.3,70.19,0,0.0,0,0,2026-08-26
NIFTY,2026-09-01,26700.0,PE,0.0,0.0,0.0,2360.1,2465.62,0,0.0,0,0,2026-08-26
NIFTY,2026-09-01,27000.0,PE,0.0,0.0,0.0,2610.5,2765.32,0,0.0,65,0,2026-08-26
NIFTY,2026-09-08,23200.0,PE,5.75,6.4,3.85,5.9,5.9,8066,12166449178.0,244920,73970,2026-08-26
NIFTY,2026-09-08,23700.0,PE,16.0,18.9,11.65,16.75,16.75,20518,31627667708.0,654550,197210,2026-08-26
NIFTY,2026-09-08,24700.0,PE,298.05,401.15,279.05,372.75,372.75,3133,5098599515.75,42835,26910,2026-08-26
NIFTY,2026-09-15,25900.0,CE,2.75,4.1,2.6,4.1,4.1,32,53878808.75,4030,910,2026-08-26
NIFTY,2026-09-15,25950.0,CE,3.0,4.45,2.35,2.95,15.76,43,72538388.0,1040,-130,2026-08-26
NIFTY,2026-09-22,22600.0,CE,0.0,0.0,0.0,1727.05,1729.94,0,0.0,0,0,2026-08-26
NIFTY,2026-09-22,22750.0,CE,0.0,0.0,0.0,1591.55,1589.51,0,0.0,0,0,2026-08-26
NIFTY,2026-09-22,23600.0,CE,0.0,0.0,0.0,905.1,870.81,0,0.0,0,0,2026-08-26
NIFTY,2026-09-22,23850.0,CE,0.0,0.0,0.0,738.45,694.58,0,0.0,0,0,2026-08-26
NIFTY,2026-09-22,24500.0,CE,246.2,262.0,183.7,194.45,194.45,1355,2177343411.75,71500,15015,2026-08-26
NIFTY,2026-09-22,24750.0,CE,0.0,0.0,0.0,300.7,248.33,0,0.0,0,0,2026-08-26
NIFTY,2026-09-22,24950.0,CE,0.0,0.0,0.0,237.2,187.8,0,0.0,0,0,2026-08-26
NIFTY,2026-09-22,25100.0,CE,116.25,116.25,34.15,36.15,36.15,794,1297382355.75,34905,34905,2026-08-26
NIFTY,2026-09-22,26100.0,CE,0.0,0.0,0.0,45.8,25.64,0,0.0,0,0,2026-08-26
NIFTY,2026-09-29,22050.0,CE,0.0,0.0,0.0,2284.2,2301.41,0,0.0,0,0,2026-08-26
NIFTY,2026-09-29,22650.0,CE,0.0,0.0,0.0,1410.05,1732.3,0,0.0,325,0,2026-08-26
NIFTY,2026-09-29,23050.0,CE,0.0,0.0,0.0,1234.0,1376.29,0,0.0,520,0,2026-08-26
NIFTY,2026-09-29,23300.0,CE,1241.8,1286.0,1185.15,1185.15,1168.67,17,27117051.0,9685,195,2026-08-26
NIFTY,2026-09-29,23600.0,CE,955.2,1010.0,870.85,889.0,889.0,65,103753386.75,16770,-520,2026-08-26
NIFTY,2026-09-29,24050.0,CE,590.0,629.9,508.65,527.55,527.55,141,225600719.5,21450,2275,2026-08-26
NIFTY,2026-09-29,24450.0,CE,335.4,345.55,253.15,263.85,263.85,2366,3804153990.0,123110,20215,2026-08-26
NIFTY,2026-09-29,25150.0,CE,57.25,67.15,44.4,46.45,46.45,2067,3386097130.0,107055,9490,2026-08-26
NIFTY,2026-09-29,26300.0,CE,4.65,4.95,3.4,4.05,4.05,1083,1851702362.25,157560,2015,2026-08-26
NIFTY,2026-09-29,26950.0,CE,2.8,3.55,2.5,2.8,2.8,38,66573581.75,3575,1950,2026-08-26
NIFTY,2026-09-29,33000.0,CE,1.2,1.25,0.9,1.25,1.25,36,77222847.0,37310,1170,2026-08-26
NIFTY,2026-10-27,23500.0,CE,1186.05,1258.95,1114.95,1132.0,1132.0,162,260239554.25,46670,-3510,2026-08-26
NIFTY,2026-10-27,24250.0,CE,615.0,651.05,552.7,556.1,556.1,34,54897472.5,4875,325,2026-08-26
NIFTY,2026-10-27,25350.0,CE,0.0,0.0,0.0,417.4,314.33,0,0.0,0,0,2026-08-26
NIFTY,2026-10-27,26200.0,CE,0.0,0.0,0.0,219.35,135.68,0,0.0,0,0,2026-08-26
NIFTY,2026-10-27,26650.0,CE,0.0,0.0,0.0,150.8,82.12,0,0.0,0,0,2026-08-26
NIFTY,2026-11-23,22750.0,CE,0.0,0.0,0.0,2073.75,1981.79,0,0.0,0,0,2026-08-26
NIFTY,2026-11-23,23550.0,CE,0.0,0.0,0.0,1461.75,1381.7,0,0.0,0,0,2026-08-26
NIFTY,2026-11-23,23750.0,CE,0.0,0.0,0.0,1325.6,1249.12,0,0.0,0,0,2026-08-26
NIFTY,2026-11-23,23950.0,CE,0.0,0.0,0.0,1196.85,1124.15,0,0.0,0,0,2026-08-26
NIFTY,2026-11-23,25400.0,CE,0.0,0.0,0.0,496.65,453.7,0,0.0,0,0,2026-08-26
NIFTY,2026-11-23,25600.0,CE,0.0,0.0,0.0,431.25,392.24,0,0.0,0,0,2026-08-26
NIFTY,2026-11-23,25650.0,CE,0.0,0.0,0.0,415.95,377.92,0,0.0,0,0,2026-08-26
NIFTY,2026-12-29,16500.0,CE,0.0,0.0,0.0,10405.0,8073.75,0,0.0,0,0,2026-08-26
NIFTY,2026-12-29,19000.0,CE,5750.0,5750.0,5670.0,5670.1,5670.1,6,9638859.75,54145,-65,2026-08-26
NIFTY,2027-03-30,19500.0,CE,0.0,0.0,0.0,4365.4,5469.35,0,0.0,0,0,2026-08-26
NIFTY,2027-03-30,33000.0,CE,16.0,16.5,15.9,15.9,15.9,6,12876285.5,3705,195,2026-08-26
NIFTY,2027-12-28,18000.0,CE,0.0,0.0,0.0,6285.7,7748.28,0,0.0,0,0,2026-08-26
NIFTY,2028-06-27,24000.0,CE,0.0,0.0,0.0,3918.85,3790.04,0,0.0,0,0,2026-08-26
NIFTY,2028-06-27,30000.0,CE,0.0,0.0,0.0,2278.45,1230.55,0,0.0,0,0,2026-08-26
NIFTY,2028-12-26,22500.0,CE,0.0,0.0,0.0,7382.9,5427.06,0,0.0,0,0,2026-08-26
NIFTY,2028-12-26,31500.0,CE,0.0,0.0,0.0,2327.6,1362.66,0,0.0,0,0,2026-08-26
NIFTY,2029-06-26,31500.0,CE,0.0,0.0,0.0,2878.65,1869.71,0,0.0,0,0,2026-08-26
NIFTY,2029-12-24,24000.0,CE,7729.0,7729.0,7729.0,7729.0,5726.82,1,2062385.0,65,65,2026-08-26
NIFTY,2029-12-24,33000.0,CE,0.0,0.0,0.0,3816.05,1966.39,0,0.0,0,0,2026-08-26
NIFTY,2030-12-31,18000.0,CE,0.0,0.0,0.0,12674.15,10777.94,0,0.0,0,0,2026-08-26
NIFTY,2026-09-01,22700.0,PE,2.1,2.15,1.25,1.45,1.45,24430,36048899695.25,408655,-455,2026-08-26
NIFTY,2026-09-01,23450.0,PE,4.05,5.45,2.45,2.75,2.75,100566,153307582343.5,682890,120055,2026-08-26
NIFTY,2026-09-01,23500.0,PE,4.5,4.85,2.7,3.05,3.05,509256,778002087609.5,5378945,1358565,2026-08-26
NIFTY,2026-09-01,23600.0,PE,5.8,5.85,3.05,3.5,3.5,430591,660639643706.25,2882425,-231140,2026-08-26
NIFTY,2026-09-01,24700.0,PE,317.6,404.45,259.55,376.45,376.45,42469,69074846532.25,300235,59735,2026-08-26
NIFTY,2026-09-01,25350.0,PE,909.3,1025.0,908.0,997.0,997.0,51,87242876.5,2470,2405,2026-08-26
NIFTY,2026-09-01,25650.0,PE,1260.0,1315.0,1260.0,1315.0,1315.0,16,28015000.0,1040,1040,2026-08-26
NIFTY,2026-09-01,26550.0,PE,0.0,0.0,0.0,2219.65,2315.77,0,0.0,0,0,2026-08-26
NIFTY,2026-09-01,27100.0,PE,0.0,0.0,0.0,2741.55,2865.22,0,0.0,0,0,2026-08-26
NIFTY,2026-09-08,23050.0,PE,5.35,6.05,4.05,5.1,5.1,618,926117809.5,37375,2145,2026-08-26
NIFTY,2026-09-08,23450.0,PE,8.3,9.6,6.3,8.9,8.9,2793,4258720017.5,83395,43680,2026-08-26
NIFTY,2026-09-08,23550.0,PE,9.55,12.15,8.55,11.3,11.3,3917,5998479587.75,60970,26260,2026-08-26
NIFTY,2026-09-08,24050.0,PE,50.95,63.55,34.5,52.85,52.85,13844,21685061957.0,149045,49660,2026-08-26
NIFTY,2026-09-08,24450.0,PE,151.1,222.3,137.0,197.6,197.6,11648,18652763444.25,393770,366730,2026-08-26
NIFTY,2026-09-08,25050.0,PE,0.0,0.0,0.0,670.9,845.71,0,0.0,0,0,2026-08-26
NIFTY,2026-09-08,25500.0,PE,1030.0,1124.05,1020.0,1124.05,1253.79,18,31099172.0,1430,1170,2026-08-26
NIFTY,2026-09-08,26100.0,PE,0.0,0.0,0.0,1439.9,1838.07,0,0.0,0,0,2026-08-26
NIFTY,2026-09-15,22450.0,PE,0.0,0.0,0.0,17.6,6.22,0,0.0,0,0,2026-08-26
NIFTY,2026-09-15,23700.0,PE,28.0,34.35,19.35,29.75,29.75,2589,3992847927.25,85735,26975,2026-08-26
NIFTY,2026-09-15,24000.0,PE,57.1,76.5,46.4,69.0,69.0,7404,11578036837.25,268710,99710,2026-08-26
NIFTY,2026-09-15,24200.0,PE,100.4,132.05,81.75,117.95,117.95,5455,8619091494.0,204425,24700,2026-08-26
NIFTY,2026-09-15,23750.0,CE,0.0,0.0,0.0,1037.3,692.56,0,0.0,0,0,2026-08-26
NIFTY,2026-09-15,23650.0,CE,0.0,0.0,0.0,1113.0,765.92,0,0.0,0,0,2026-08-26
NIFTY,2027-06-29,19000.0,PE,0.0,0.0,0.0,195.0,26.62,0,0.0,1135,0,2026-08-26
NIFTY,2026-09-15,23550.0,CE,0.0,0.0,0.0,1191.15,842.64,0,0.0,0,0,2026-08-26
NIFTY,2026-09-08,25800.0,CE,2.1,2.7,1.75,2.1,2.1,3135,5257811598.0,76310,38025,2026-08-26
NIFTY,2026-09-08,25650.0,CE,2.45,3.05,2.25,2.55,2.55,332,553581684.5,11180,1430,2026-08-26
NIFTY,2026-09-08,25300.0,CE,5.55,5.9,4.35,4.95,4.95,18252,30021356875.25,464750,143650,2026-08-26
NIFTY,2026-09-08,25200.0,CE,28.25,28.25,5.6,6.1,6.1,8922,14617852837.25,128765,128765,2026-08-26
NIFTY,2026-09-08,24950.0,CE,66.9,66.9,13.5,15.8,15.8,8545,13867282159.25,155740,155740,2026-08-26
NIFTY,2026-09-08,24900.0,CE,47.95,47.95,17.05,20.35,20.35,29063,47078881469.75,508820,508820,2026-08-26
NIFTY,2026-09-08,24800.0,CE,50.0,50.95,26.75,31.2,31.2,47889,77306949349.5,1423760,257855,2026-08-26
NIFTY,2026-09-08,24750.0,CE,55.8,60.15,32.9,38.05,38.05,20404,32880592712.5,426530,269490,2026-08-26
NIFTY,2026-09-08,23900.0,CE,559.8,611.0,471.35,492.05,492.05,184,292149780.0,11440,1820,2026-08-26
NIFTY,2026-09-08,23800.0,CE,648.05,701.55,553.4,570.0,570.0,326,517546636.75,17420,2925,2026-08-26
NIFTY,2026-09-01,26950.0,CE,1.2,1.25,0.55,0.6,0.6,3466,6071722627.75,60450,23790,2026-08-26
NIFTY,2026-09-01,25950.0,CE,0.8,0.9,0.65,0.7,0.7,6621,11168281306.0,125515,103935,2026-08-26
NIFTY,2026-09-01,25900.0,CE,0.7,0.8,0.6,0.7,0.7,34126,57452714774.0,740740,44850,2026-08-26
NIFTY,2026-09-01,25800.0,CE,0.8,0.9,0.65,0.75,0.75,135253,226825913210.0,1782625,695370,2026-08-26
NIFTY,2026-09-01,25000.0,CE,4.6,5.25,3.3,3.55,3.55,665814,1082112667395.5,8901880,3668405,2026-08-26
NIFTY,2026-09-01,24400.0,CE,125.0,144.8,67.85,83.1,83.1,2242944,3572309689672.75,8697260,5270590,2026-08-26
NIFTY,2026-09-01,24350.0,CE,145.35,178.45,87.65,107.1,107.1,1800589,2865262524224.75,5701930,3828565,2026-08-26
NIFTY,2026-09-01,24250.0,CE,207.1,253.2,138.7,164.3,164.3,665261,1056527656476.5,2202655,762970,2026-08-26
NIFTY,2026-09-01,24000.0,CE,406.7,477.85,326.45,357.4,357.4,93468,148187361903.75,952380,198640,2026-08-26
NIFTY,2026-09-15,24700.0,PE,311.5,396.45,288.95,390.0,390.0,94,152960466.75,2795,2730,2026-08-26
NIFTY,2026-09-15,25700.0,PE,0.0,0.0,0.0,1223.4,1435.59,0,0.0,0,0,2026-08-26
NIFTY,2026-09-15,25800.0,PE,0.0,0.0,0.0,1304.65,1529.27,0,0.0,0,0,2026-08-26
NIFTY,2026-09-15,25900.0,PE,0.0,0.0,0.0,1387.75,1624.08,0,0.0,0,0,2026-08-26
NIFTY,2026-09-15,26100.0,PE,0.0,0.0,0.0,1559.2,1816.35,0,0.0,0,0,2026-08-26
NIFTY,2026-09-22,22600.0,PE,0.0,0.0,0.0,41.4,20.94,0,0.0,0,0,2026-08-26
NIFTY,2026-09-22,23300.0,PE,0.0,0.0,0.0,138.95,92.92,0,0.0,0,0,2026-08-26
NIFTY,2026-09-22,23450.0,PE,0.0,0.0,0.0,173.4,121.54,0,0.0,0,0,2026-08-26
NIFTY,2026-09-22,23900.0,PE,0.0,0.0,0.0,314.25,247.26,0,0.0,0,0,2026-08-26
NIFTY,2026-09-22,24300.0,PE,158.4,194.4,140.0,182.6,182.6,1132,1800043810.5,19240,1690,2026-08-26
NIFTY,2026-09-22,25900.0,PE,0.0,0.0,0.0,1658.45,1614.28,0,0.0,0,0,2026-08-26
NIFTY,2026-09-22,26000.0,PE,0.0,0.0,0.0,1748.6,1707.09,0,0.0,0,0,2026-08-26
NIFTY,2026-09-29,15000.0,PE,1.25,1.3,1.25,1.3,1.3,4,3900331.5,47450,65,2026-08-26
NIFTY,2026-09-29,21900.0,PE,11.6,11.8,9.2,10.1,10.1,414,589594677.75,148785,5395,2026-08-26
NIFTY,2026-09-29,22500.0,PE,13.8,13.8,12.25,13.2,13.2,11827,17306901771.25,2028455,-12025,2026-08-26
NIFTY,2026-09-29,22650.0,PE,14.6,14.6,13.65,14.55,14.55,228,335881377.0,21320,7995,2026-08-26
NIFTY,2026-09-29,26950.0,PE,0.0,0.0,0.0,2780.25,2587.89,0,0.0,0,0,2026-08-26
NIFTY,2026-09-29,27000.0,PE,2450.05,2565.0,2400.0,2531.05,2531.05,268,513784696.75,1586615,4095,2026-08-26
NIFTY,2026-09-29,31500.0,PE,0.0,0.0,0.0,4341.2,7100.64,0,0.0,0,0,2026-08-26
NIFTY,2026-10-27,22400.0,PE,25.0,28.0,18.1,26.25,26.25,121,176365046.0,38220,-1300,2026-08-26
NIFTY,2026-10-27,24100.0,PE,184.95,213.65,170.55,204.25,204.25,1131,1785792144.5,54210,24180,2026-08-26
NIFTY,2026-10-27,24150.0,PE,199.6,227.15,183.0,213.75,213.75,496,785466613.75,16510,-10855,2026-08-26
NIFTY,2026-10-27,25050.0,PE,0.0,0.0,0.0,540.05,974.43,0,0.0,325,0,2026-08-26
NIFTY,2026-10-27,25250.0,PE,0.0,0.0,0.0,883.6,1106.79,0,0.0,130,0,2026-08-26
NIFTY,2026-10-27,26100.0,PE,0.0,0.0,0.0,1960.3,1754.35,0,0.0,0,0,2026-08-26
NIFTY,2026-10-27,26900.0,PE,0.0,0.0,0.0,2631.85,2455.7,0,0.0,0,0,2026-08-26
NIFTY,2026-11-23,23000.0,PE,0.0,0.0,0.0,195.85,211.18,0,0.0,0,0,2026-08-26
NIFTY,2026-11-23,23200.0,PE,0.0,0.0,0.0,238.1,256.16,0,0.0,0,0,2026-08-26
NIFTY,2026-11-23,23300.0,PE,0.0,0.0,0.0,261.6,281.96,0,0.0,0,0,2026-08-26
NIFTY,2026-11-23,23350.0,PE,0.0,0.0,0.0,274.9,294.99,0,0.0,0,0,2026-08-26
NIFTY,2026-11-23,24150.0,PE,0.0,0.0,0.0,532.5,566.63,0,0.0,0,0,2026-08-26
NIFTY,2026-11-23,24400.0,PE,0.0,0.0,0.0,638.45,677.45,0,0.0,0,0,2026-08-26
NIFTY,2026-09-01,23350.0,CE,0.0,0.0,0.0,960.1,888.47,0,0.0,65,0,2026-08-26
NIFTY,2026-11-23,25100.0,PE,0.0,0.0,0.0,1000.75,1053.67,0,0.0,0,0,2026-08-26
NIFTY,2026-11-23,25350.0,PE,0.0,0.0,0.0,1152.95,1210.74,0,0.0,0,0,2026-08-26
NIFTY,2026-11-23,26000.0,PE,0.0,0.0,0.0,1600.7,1670.37,0,0.0,0,0,2026-08-26
NIFTY,2027-03-30,16500.0,PE,0.0,0.0,0.0,20.25,0.23,0,0.0,1560,0,2026-08-26
NIFTY,2027-06-29,19500.0,PE,0.0,0.0,0.0,17.3,42.49,0,0.0,0,0,2026-08-26
NIFTY,2027-12-28,18000.0,PE,0.0,0.0,0.0,181.05,28.31,0,0.0,11915,0,2026-08-26
NIFTY,2027-12-28,19000.0,PE,0.0,0.0,0.0,123.05,61.45,0,0.0,4900,0,2026-08-26
NIFTY,2027-12-28,20000.0,PE,165.3,171.0,165.3,170.05,170.05,45,58994438.75,54630,1560,2026-08-26
NIFTY,2028-06-27,28500.0,PE,0.0,0.0,0.0,1560.85,2737.5,0,0.0,0,0,2026-08-26
NIFTY,2028-12-26,22000.0,PE,0.0,0.0,0.0,475.0,438.9,0,0.0,8670,0,2026-08-26
NIFTY,2030-12-31,30000.0,PE,0.0,0.0,0.0,1450.1,2387.04,0,0.0,0,0,2026-08-26
NIFTY,2031-06-24,24000.0,PE,0.0,0.0,0.0,933.85,716.75,0,0.0,65,0,2026-08-26
NIFTY,2031-06-24,25500.0,PE,0.0,0.0,0.0,1262.85,1000.4,0,0.0,0,0,2026-08-26
NIFTY,2031-06-24,28500.0,PE,0.0,0.0,0.0,2104.2,1749.93,0,0.0,0,0,2026-08-26
NIFTY,2031-06-24,30000.0,PE,0.0,0.0,0.0,2616.25,2219.16,0,0.0,0,0,2026-08-26
NIFTY,2026-09-15,23800.0,CE,629.8,647.55,606.85,622.8,622.8,51,81010553.0,2405,1950,2026-08-26
NIFTY,2026-09-15,24400.0,CE,234.95,268.2,180.05,194.15,194.15,6158,9853306921.25,175370,75205,2026-08-26
NIFTY,2026-09-15,24700.0,CE,104.9,118.0,72.3,79.55,79.55,3046,4908911611.5,110175,43745,2026-08-26
NIFTY,2026-09-15,25300.0,CE,12.1,13.4,9.7,10.45,10.45,2072,3408901743.0,65910,43680,2026-08-26
NIFTY,2026-10-27,25250.0,CE,0.0,0.0,0.0,447.85,343.92,0,0.0,0,0,2026-08-26
NIFTY,2026-09-01,24050.0,PE,20.0,30.9,13.85,22.9,22.9,569005,890317765509.25,1483040,519155,2026-08-26
NIFTY,2026-11-23,26050.0,PE,0.0,0.0,0.0,1637.9,1707.4,0,0.0,0,0,2026-08-26
NIFTY,2026-12-29,25500.0,PE,874.95,954.2,837.45,929.2,929.2,673,1154374299.0,397865,20215,2026-08-26
NIFTY,2027-03-30,21000.0,PE,65.3,72.85,65.3,69.85,69.85,532,728575935.75,444470,15795,2026-08-26
NIFTY,2027-03-30,28500.0,PE,0.0,0.0,0.0,2937.15,3478.56,0,0.0,65,0,2026-08-26
NIFTY,2027-06-29,16500.0,PE,0.0,0.0,0.0,21.55,1.34,0,0.0,780,0,2026-08-26
NIFTY,2026-09-15,24450.0,PE,176.65,235.3,160.65,215.95,215.95,359,575173612.0,5655,130,2026-08-26
NIFTY,2026-09-15,24150.0,PE,88.95,115.0,72.05,105.15,105.15,644,1014966397.25,29770,1690,2026-08-26
NIFTY,2026-09-15,22800.0,PE,8.0,10.5,4.65,6.75,6.75,174,257943247.25,20670,-2405,2026-08-26
NIFTY,2026-09-01,22100.0,CE,0.0,0.0,0.0,2024.5,2129.79,0,0.0,65,0,2026-08-26
NIFTY,2026-09-01,22150.0,CE,0.0,0.0,0.0,2218.8,2079.84,0,0.0,0,0,2026-08-26
NIFTY,2026-09-01,24100.0,CE,329.0,384.0,243.25,274.35,274.35,114569,181708827755.0,1236170,67925,2026-08-26
NIFTY,2026-09-01,27000.0,CE,0.65,0.75,0.5,0.55,0.55,13614,23893079340.0,306865,188305,2026-08-26
NIFTY,2026-09-08,22450.0,CE,0.0,0.0,0.0,2309.55,1807.53,0,0.0,0,0,2026-08-26
NIFTY,2026-09-08,22500.0,CE,0.0,0.0,0.0,2261.5,1757.97,0,0.0,0,0,2026-08-26
NIFTY,2026-09-08,23950.0,CE,515.95,549.25,434.0,455.85,455.85,70,111133158.5,7020,1040,2026-08-26
NIFTY,2026-09-08,24200.0,CE,286.15,352.75,238.2,259.55,259.55,24110,38371162186.5,599365,174655,2026-08-26
NIFTY,2026-09-08,24500.0,CE,139.95,155.0,89.3,100.45,100.45,61915,99069771612.5,1610635,970580,2026-08-26
NIFTY,2026-09-08,24850.0,CE,35.85,38.45,21.35,24.35,24.35,17935,29002542871.25,382590,780,2026-08-26
NIFTY,2026-09-08,25250.0,CE,0.0,0.0,0.0,307.5,34.11,0,0.0,0,0,2026-08-26
NIFTY,2026-09-08,25350.0,CE,0.0,0.0,0.0,274.75,25.81,0,0.0,0,0,2026-08-26
NIFTY,2026-09-08,26000.0,CE,2.1,2.1,1.4,1.55,1.55,9664,16333189869.75,363740,176150,2026-08-26
NIFTY,2026-09-08,26250.0,CE,1.95,1.95,1.15,1.45,1.45,41,69960263.75,1690,260,2026-08-26
NIFTY,2026-09-15,23350.0,CE,0.0,0.0,0.0,1354.25,1005.48,0,0.0,0,0,2026-08-26
NIFTY,2026-09-15,23950.0,CE,520.0,520.0,520.0,520.0,557.6,1,1590550.0,65,65,2026-08-26
NIFTY,2026-09-15,25100.0,CE,0.0,0.0,0.0,301.2,100.22,0,0.0,0,0,2026-08-26
NIFTY,2026-09-15,25800.0,CE,3.1,5.5,3.05,4.05,4.05,341,571943625.5,18395,6500,2026-08-26
NIFTY,2026-09-15,26050.0,CE,2.0,3.35,2.0,3.25,12.25,34,57576675.0,2405,325,2026-08-26
NIFTY,2026-09-22,22350.0,CE,0.0,0.0,0.0,1959.05,1968.96,0,0.0,0,0,2026-08-26
NIFTY,2026-09-22,24000.0,CE,573.4,615.65,495.0,510.35,510.35,134,213893468.75,7995,1690,2026-08-26
NIFTY,2026-09-22,24250.0,CE,387.8,417.5,335.3,335.3,335.3,34,54420938.0,1430,130,2026-08-26
NIFTY,2026-09-22,24600.0,CE,195.8,211.55,142.65,151.7,151.7,836,1346632355.25,14625,5460,2026-08-26
NIFTY,2026-09-29,22200.0,CE,2313.6,2313.6,2313.6,2313.6,2156.5,2,3186768.0,130,0,2026-08-26
NIFTY,2026-09-29,22800.0,CE,1653.0,1666.0,1646.3,1646.3,1646.3,11,17486514.5,2795,325,2026-08-26
NIFTY,2026-09-29,23000.0,CE,1532.7,1590.0,1428.05,1458.7,1458.7,826,1315665575.25,424320,-8970,2026-08-26
NIFTY,2026-09-29,23700.0,CE,875.0,923.75,784.0,805.45,805.45,110,175444941.75,28860,-390,2026-08-26
NIFTY,2026-09-29,25200.0,CE,52.0,58.0,38.05,40.95,40.95,20230,33197659732.25,1184495,190450,2026-08-26
NIFTY,2026-09-29,25600.0,CE,15.5,18.95,13.35,14.2,14.2,6639,11054144569.0,433875,-8905,2026-08-26
NIFTY,2026-09-29,26200.0,CE,5.05,5.95,4.75,5.0,5.0,2013,3428816937.0,177190,5525,2026-08-26
NIFTY,2026-09-29,26800.0,CE,3.0,3.8,2.7,3.1,12.89,56,97562949.25,5265,2795,2026-08-26
NIFTY,2026-09-29,27100.0,CE,2.4,2.9,2.2,2.6,2.6,151,266011645.25,16315,7865,2026-08-26
NIFTY,2026-10-27,22800.0,CE,0.0,0.0,0.0,1767.2,1775.89,0,0.0,0,0,2026-08-26
NIFTY,2026-10-27,23200.0,CE,0.0,0.0,0.0,1475.8,1453.6,0,0.0,0,0,2026-08-26
NIFTY,2026-10-27,23450.0,CE,0.0,0.0,0.0,1307.95,1267.87,0,0.0,0,0,2026-08-26
NIFTY,2026-10-27,23600.0,CE,1028.05,1028.05,1028.05,1028.05,1028.05,1,1600823.25,65,0,2026-08-26
NIFTY,2026-10-27,24050.0,CE,0.0,0.0,0.0,673.05,874.42,0,0.0,975,0,2026-08-26
NIFTY,2026-10-27,24750.0,CE,356.8,356.8,277.95,282.15,282.15,48,78177066.5,2730,-325,2026-08-26
NIFTY,2026-10-27,24850.0,CE,285.05,300.55,244.35,248.5,248.5,57,93056353.0,5395,-715,2026-08-26
NIFTY,2026-10-27,25750.0,CE,52.0,57.7,42.8,44.0,44.0,817,1370035758.0,120120,-11830,2026-08-26
NIFTY,2026-10-27,25850.0,CE,0.0,0.0,0.0,288.85,195.09,0,0.0,0,0,2026-08-26
NIFTY,2026-10-27,26300.0,CE,0.0,0.0,0.0,202.25,121.77,0,0.0,0,0,2026-08-26
NIFTY,2026-11-23,23350.0,CE,0.0,0.0,0.0,1606.3,1522.7,0,0.0,0,0,2026-08-26
NIFTY,2026-11-23,24150.0,CE,0.0,0.0,0.0,1075.8,1007.02,0,0.0,0,0,2026-08-26
NIFTY,2026-11-23,24500.0,CE,619.85,648.15,565.0,579.15,579.15,252,411109718.5,11050,11050,2026-08-26
NIFTY,2026-12-29,22000.0,CE,2948.6,2950.8,2793.85,2817.1,2817.1,60,97023641.0,267540,1040,2026-08-26
NIFTY,2026-12-29,27000.0,CE,62.95,65.0,58.0,59.55,59.55,4705,8276024929.25,2553375,68380,2026-08-26
NIFTY,2026-12-29,28500.0,CE,18.05,20.05,18.0,19.3,19.3,420,778576906.25,119795,4485,2026-08-26
NIFTY,2026-12-29,29000.0,CE,14.3,14.3,12.65,13.65,13.65,595,1122090518.25,550325,-180,2026-08-26
NIFTY,2026-12-29,31000.0,CE,7.55,9.65,7.55,8.05,8.05,93,187444728.25,159575,845,2026-08-26
NIFTY,2027-03-30,27000.0,CE,239.95,243.9,223.25,228.6,228.6,1211,2143571920.75,703365,21840,2026-08-26
NIFTY,2027-03-30,31500.0,CE,0.0,0.0,0.0,94.65,48.6,0,0.0,0,0,2026-08-26
NIFTY,2027-12-28,16500.0,CE,0.0,0.0,0.0,11316.4,9100.99,0,0.0,0,0,2026-08-26
NIFTY,2029-12-24,18000.0,CE,0.0,0.0,0.0,11362.4,9828.9,0,0.0,0,0,2026-08-26
NIFTY,2030-06-25,21000.0,CE,0.0,0.0,0.0,10421.65,8196.6,0,0.0,0,0,2026-08-26
NIFTY,2030-12-31,31500.0,CE,0.0,0.0,0.0,4554.55,3484.77,0,0.0,0,0,2026-08-26
NIFTY,2031-06-24,21000.0,CE,0.0,0.0,0.0,8900.75,9223.24,0,0.0,0,0,2026-08-26
NIFTY,2031-06-24,33000.0,CE,0.0,0.0,0.0,3451.55,3494.85,0,0.0,0,0,2026-08-26
NIFTY,2026-09-01,22400.0,PE,1.2,1.7,1.0,1.1,1.1,17756,25854206228.5,212680,49855,2026-08-26
NIFTY,2026-09-01,22550.0,PE,2.0,2.0,1.2,1.35,1.35,2875,4214300028.25,39520,20215,2026-08-26
NIFTY,2026-09-01,22600.0,PE,1.7,1.9,1.2,1.35,1.35,18594,27316367910.0,223340,-8775,2026-08-26
NIFTY,2026-09-01,23000.0,PE,2.5,2.5,1.6,1.85,1.85,232877,348180734278.0,4549090,616590,2026-08-26
NIFTY,2026-09-01,23200.0,PE,2.75,3.2,1.7,2.1,2.1,202045,304712994007.5,1644500,-205920,2026-08-26
NIFTY,2026-09-01,24150.0,PE,38.5,52.0,22.15,40.5,40.5,797432,1253687998488.25,2325570,-225355,2026-08-26
NIFTY,2026-09-01,24350.0,PE,87.9,133.6,60.75,108.7,108.7,2229174,3541613425551.5,2584270,1240525,2026-08-26
NIFTY,2026-09-01,24500.0,PE,146.0,231.25,122.4,199.6,199.6,761346,1220903780112.25,2165475,835835,2026-08-26
