SYMBOL,EXPIRY_DT,STRIKE_PR,OPTION_TYP,OPEN,HIGH,LOW,CLOSE,SETTLE_PR,CONTRACTS,VAL_INLAKH,OPEN_INT,CHG_IN_OI,TIMESTAMP
NIFTY,2026-09-15,23550.0,PE,0.0,0.0,0.0,133.0,125.87,0,0.0,0,0,2026-08-27
NIFTY,2026-09-15,23250.0,PE,0.0,0.0,0.0,82.5,66.76,0,0.0,0,0,2026-08-27
NIFTY,2026-09-15,23150.0,PE,10.15,14.15,9.55,11.65,11.65,182,273996706.75,23010,-325,2026-08-27
NIFTY,2026-09-15,22700.0,PE,7.0,7.95,5.15,6.3,6.3,82,121022590.0,23205,-260,2026-08-27
NIFTY,2026-09-08,25350.0,PE,0.0,0.0,0.0,965.0,1223.13,0,0.0,65,0,2026-08-27
NIFTY,2026-09-08,25200.0,PE,935.5,998.65,935.5,993.8,993.8,16,27237723.5,975,455,2026-08-27
NIFTY,2026-09-08,25150.0,PE,0.0,0.0,0.0,731.9,1035.85,0,0.0,0,0,2026-08-27
NIFTY,2026-09-08,25000.0,PE,694.0,802.1,680.05,781.75,781.75,294,491914800.0,44330,7085,2026-08-27
NIFTY,2026-09-08,23500.0,PE,10.05,17.55,9.2,16.15,16.15,34579,52849165495.75,1285375,236080,2026-08-27
NIFTY,2026-09-08,23150.0,PE,5.6,7.65,4.95,7.05,7.05,724,1089731357.0,26195,910,2026-08-27
NIFTY,2026-09-01,26650.0,PE,0.0,0.0,0.0,2313.1,2537.04,0,0.0,0,0,2026-08-27
NIFTY,2026-09-01,26250.0,PE,0.0,0.0,0.0,1944.45,2137.37,0,0.0,0,0,2026-08-27
NIFTY,2026-09-01,26150.0,PE,0.0,0.0,0.0,1854.75,2037.45,0,0.0,0,0,2026-08-27
NIFTY,2026-09-01,25900.0,PE,0.0,0.0,0.0,1500.0,1787.67,0,0.0,260,0,2026-08-27
NIFTY,2026-09-01,25750.0,PE,0.0,0.0,0.0,1508.85,1637.81,0,0.0,0,0,2026-08-27
NIFTY,2026-09-01,25300.0,PE,1008.35,1124.5,1008.35,1109.9,1109.9,370,633525340.5,20540,1430,2026-08-27
NIFTY,2026-09-01,24300.0,PE,86.65,185.0,80.1,162.35,162.35,1783737,2832887866711.5,4942600,-854230,2026-08-27
NIFTY,2026-09-01,24050.0,PE,18.95,57.25,17.4,46.65,46.65,918664,1438456794056.75,2401490,918450,2026-08-27
NIFTY,2026-09-01,22950.0,PE,1.55,2.25,1.15,1.45,1.45,20080,29956339598.25,135265,66430,2026-08-27
NIFTY,2026-09-01,22350.0,PE,1.15,1.4,0.75,1.05,1.05,2417,3511463868.25,42965,13065,2026-08-27
NIFTY,2031-06-24,27000.0,CE,0.0,0.0,0.0,5699.0,5782.62,0,0.0,0,0,2026-08-27
NIFTY,2030-12-31,21000.0,CE,0.0,0.0,0.0,10552.5,8632.72,0,0.0,0,0,2026-08-27
NIFTY,2026-11-23,23800.0,CE,1059.7,1059.7,960.0,960.0,1132.02,5,8058215.75,260,195,2026-08-27
NIFTY,2026-12-29,31500.0,CE,6.45,6.45,5.8,6.05,6.05,13,26622709.75,31070,65,2026-08-27
NIFTY,2027-03-30,24000.0,CE,1545.0,1553.85,1475.0,1483.35,1483.35,463,767734058.0,390390,4225,2026-08-27
NIFTY,2026-09-01,25200.0,PE,927.65,1025.0,922.3,1018.65,1018.65,114,194137365.5,40105,390,2026-08-27
NIFTY,2026-09-01,26900.0,PE,0.0,0.0,0.0,2549.75,2786.83,0,0.0,0,0,2026-08-27
NIFTY,2026-09-08,22900.0,PE,4.15,5.65,3.7,4.95,4.95,4117,6129393773.75,119925,23270,2026-08-27
NIFTY,2026-09-08,23900.0,PE,33.05,64.75,29.95,57.95,57.95,39478,61450918737.0,1262105,23335,2026-08-27
NIFTY,2026-09-15,22500.0,PE,4.85,6.8,4.25,5.85,5.85,1198,1752514263.5,68900,28990,2026-08-27
NIFTY,2026-09-15,23400.0,PE,15.0,27.9,14.25,22.45,22.45,736,1120389738.0,70265,6175,2026-08-27
NIFTY,2026-09-29,22450.0,PE,12.55,15.5,12.1,14.45,14.45,174,254056582.0,26195,3250,2026-08-27
NIFTY,2026-11-23,23250.0,PE,0.0,0.0,0.0,249.65,293.37,0,0.0,0,0,2026-08-27
NIFTY,2026-11-23,25450.0,PE,0.0,0.0,0.0,1217.0,1351.49,0,0.0,0,0,2026-08-27
NIFTY,2026-09-01,27150.0,CE,0.6,0.85,0.4,0.5,0.5,2362,4168429177.25,53755,21190,2026-08-27
NIFTY,2026-09-08,22700.0,CE,0.0,0.0,0.0,2071.05,1440.59,0,0.0,0,0,2026-08-27
NIFTY,2026-09-01,25400.0,CE,1.15,2.25,1.0,1.25,1.25,237862,392732849483.0,3088930,1135485,2026-08-27
NIFTY,2026-11-23,25550.0,CE,0.0,0.0,0.0,446.95,363.21,0,0.0,0,0,2026-08-27
NIFTY,2026-11-23,25450.0,CE,0.0,0.0,0.0,479.65,391.68,0,0.0,0,0,2026-08-27
NIFTY,2026-11-23,24600.0,CE,465.0,465.0,448.95,448.95,706.2,2,3257406.75,65,65,2026-08-27
NIFTY,2026-11-23,24250.0,CE,0.0,0.0,0.0,1018.2,876.63,0,0.0,0,0,2026-08-27
NIFTY,2026-11-23,23600.0,CE,0.0,0.0,0.0,1427.05,1258.46,0,0.0,0,0,2026-08-27
NIFTY,2026-11-23,23450.0,CE,0.0,0.0,0.0,1533.6,1358.34,0,0.0,0,0,2026-08-27
NIFTY,2026-11-23,23400.0,CE,0.0,0.0,0.0,1569.75,1392.56,0,0.0,0,0,2026-08-27
NIFTY,2026-11-23,23100.0,CE,0.0,0.0,0.0,1793.9,1607.72,0,0.0,0,0,2026-08-27
NIFTY,2026-11-23,22700.0,CE,0.0,0.0,0.0,2115.1,1917.49,0,0.0,0,0,2026-08-27
NIFTY,2026-10-27,27200.0,CE,0.0,0.0,0.0,92.4,33.5,0,0.0,0,0,2026-08-27
NIFTY,2026-10-27,25650.0,CE,49.95,50.3,43.9,44.1,44.1,57,95210102.0,8905,-845,2026-08-27
NIFTY,2026-10-27,25150.0,CE,0.0,0.0,0.0,479.95,328.54,0,0.0,0,0,2026-08-27
NIFTY,2026-10-27,25050.0,CE,0.0,0.0,0.0,424.0,359.5,0,0.0,1365,0,2026-08-27
NIFTY,2026-10-27,23050.0,CE,0.0,0.0,0.0,1446.75,1468.6,0,0.0,65,0,2026-08-27
NIFTY,2026-10-27,23000.0,CE,1508.0,1536.65,1440.0,1452.55,1452.55,193,306968613.25,39130,8645,2026-08-27
NIFTY,2026-09-29,27050.0,CE,3.2,3.2,3.0,3.0,5.17,7,12309154.0,3965,-260,2026-08-27
NIFTY,2026-09-29,26150.0,CE,0.0,0.0,0.0,215.05,31.1,0,0.0,0,0,2026-08-27
NIFTY,2026-09-29,25100.0,CE,49.0,52.4,35.15,38.25,38.25,17655,28851850755.0,784355,60710,2026-08-27
NIFTY,2026-09-29,23800.0,CE,687.15,691.25,585.0,602.1,602.1,1049,1665829587.5,94250,20150,2026-08-27
NIFTY,2026-09-29,23550.0,CE,900.0,900.0,900.0,900.0,879.14,6,9535500.0,1235,195,2026-08-27
NIFTY,2026-09-29,23250.0,CE,1052.8,1052.8,1052.8,1052.8,1052.8,2,3159364.0,325,0,2026-08-27
NIFTY,2026-09-29,22400.0,CE,0.0,0.0,0.0,1741.4,1848.71,0,0.0,195,0,2026-08-27
NIFTY,2026-09-29,22250.0,CE,0.0,0.0,0.0,2117.8,1990.55,0,0.0,0,0,2026-08-27
NIFTY,2026-09-29,22150.0,CE,0.0,0.0,0.0,2200.35,2086.16,0,0.0,0,0,2026-08-27
NIFTY,2026-09-22,25950.0,CE,0.0,0.0,0.0,58.4,24.03,0,0.0,0,0,2026-08-27
NIFTY,2026-09-22,25850.0,CE,0.0,0.0,0.0,68.3,29.55,0,0.0,0,0,2026-08-27
NIFTY,2026-09-22,25450.0,CE,0.0,0.0,0.0,123.25,63.94,0,0.0,0,0,2026-08-27
NIFTY,2026-09-22,24900.0,CE,57.85,62.35,40.4,44.35,44.35,245,397286929.0,8190,2275,2026-08-27
NIFTY,2026-09-22,23950.0,CE,502.8,502.8,469.75,491.6,546.85,3,4765419.75,390,0,2026-08-27
NIFTY,2026-09-22,23750.0,CE,670.5,686.25,670.5,686.25,670.67,2,3175688.75,260,0,2026-08-27
NIFTY,2026-09-22,23150.0,CE,0.0,0.0,0.0,1248.7,1122.3,0,0.0,0,0,2026-08-27
NIFTY,2026-09-22,23100.0,CE,0.0,0.0,0.0,1289.85,1164.47,0,0.0,0,0,2026-08-27
NIFTY,2026-09-22,23000.0,CE,0.0,0.0,0.0,1373.75,1250.5,0,0.0,0,0,2026-08-27
NIFTY,2026-09-22,22850.0,CE,0.0,0.0,0.0,1503.15,1383.33,0,0.0,0,0,2026-08-27
NIFTY,2026-09-22,22650.0,CE,0.0,0.0,0.0,1681.55,1566.35,0,0.0,0,0,2026-08-27
NIFTY,2026-09-22,22500.0,CE,0.0,0.0,0.0,1819.0,1707.15,0,0.0,0,0,2026-08-27
NIFTY,2026-09-22,22450.0,CE,0.0,0.0,0.0,1865.4,1754.63,0,0.0,0,0,2026-08-27
NIFTY,2026-09-15,26150.0,CE,0.0,0.0,0.0,3.25,5.48,0,0.0,1560,0,2026-08-27
NIFTY,2026-09-15,24350.0,CE,211.5,214.55,145.05,153.25,153.25,971,1547674128.0,42510,10790,2026-08-27
NIFTY,2026-09-29,28500.0,CE,1.45,1.45,1.15,1.35,1.35,52,96334329.0,571545,-130,2026-08-27
NIFTY,2026-09-29,31500.0,CE,1.3,1.3,1.3,1.3,1.3,2,4095169.0,17225,0,2026-08-27
NIFTY,2026-10-27,23550.0,CE,0.0,0.0,0.0,1244.0,1103.83,0,0.0,0,0,2026-08-27
NIFTY,2026-10-27,24150.0,CE,573.05,574.3,530.6,540.4,540.4,26,41752795.5,1300,260,2026-08-27
NIFTY,2026-10-27,24300.0,CE,533.2,540.0,434.15,446.5,446.5,1346,2166538851.75,112645,16445,2026-08-27
NIFTY,2026-10-27,24700.0,CE,297.75,297.75,242.4,252.25,252.25,831,1348617309.0,191945,8385,2026-08-27
NIFTY,2026-10-27,26400.0,CE,0.0,0.0,0.0,186.25,90.31,0,0.0,0,0,2026-08-27
NIFTY,2026-10-27,26900.0,CE,9.0,9.0,7.45,8.5,8.5,41,71710704.0,17745,585,2026-08-27
NIFTY,2026-11-23,23050.0,CE,0.0,0.0,0.0,1832.8,1645.05,0,0.0,0,0,2026-08-27
NIFTY,2026-11-23,25050.0,CE,0.0,0.0,0.0,628.4,522.9,0,0.0,0,0,2026-08-27
NIFTY,2026-12-29,33000.0,CE,4.15,4.3,4.1,4.1,0.71,31,66503329.75,105950,520,2026-08-27
NIFTY,2027-03-30,25500.0,CE,685.0,691.1,632.6,641.4,641.4,1597,2715022524.5,595920,13715,2026-08-27
NIFTY,2027-06-29,22500.0,CE,0.0,0.0,0.0,5539.6,3177.02,0,0.0,0,0,2026-08-27
NIFTY,2027-12-28,19500.0,CE,0.0,0.0,0.0,8684.7,6319.37,0,0.0,0,0,2026-08-27
NIFTY,2027-12-28,27000.0,CE,1129.8,1131.0,1100.0,1102.75,1102.75,84,153496804.5,43760,1170,2026-08-27
NIFTY,2028-06-27,33000.0,CE,0.0,0.0,0.0,2004.15,600.38,0,0.0,0,0,2026-08-27
NIFTY,2029-06-26,16500.0,CE,0.0,0.0,0.0,12587.95,10423.85,0,0.0,0,0,2026-08-27
NIFTY,2030-06-25,27000.0,CE,0.0,0.0,0.0,6972.5,4643.98,0,0.0,0,0,2026-08-27
NIFTY,2031-06-24,19500.0,CE,0.0,0.0,0.0,9840.6,10082.67,0,0.0,0,0,2026-08-27
NIFTY,2031-06-24,25500.0,CE,0.0,0.0,0.0,6409.8,6527.41,0,0.0,0,0,2026-08-27
NIFTY,2026-09-01,22450.0,PE,1.15,1.5,0.8,1.05,1.05,11080,16169283971.75,81185,-18200,2026-08-27
NIFTY,2026-09-01,23550.0,PE,3.1,5.35,2.45,3.75,3.75,167129,255872045884.0,632710,116935,2026-08-27
NIFTY,2026-09-01,24250.0,PE,65.8,150.0,62.05,128.85,128.85,1550580,2454808886055.5,2634450,-177580,2026-08-27
NIFTY,2026-09-01,25700.0,PE,0.0,0.0,0.0,1213.95,1587.87,0,0.0,130,0,2026-08-27
NIFTY,2026-09-01,25850.0,PE,0.0,0.0,0.0,1593.2,1737.71,0,0.0,0,0,2026-08-27
NIFTY,2026-09-01,26450.0,PE,0.0,0.0,0.0,2127.0,2337.2,0,0.0,0,0,2026-08-27
NIFTY,2026-09-01,26500.0,PE,2223.0,2223.0,2223.0,2223.0,2387.16,1,1866995.0,325,0,2026-08-27
NIFTY,2026-09-01,27200.0,PE,3000.0,3000.0,3000.0,3000.0,3000.0,3,5889000.0,2275,195,2026-08-27
NIFTY,2026-09-08,22350.0,PE,3.25,3.95,3.0,3.3,3.3,6374,9261255435.25,425945,145340,2026-08-27
NIFTY,2026-09-08,22750.0,PE,3.5,5.5,3.5,4.5,4.5,630,931779663.75,28730,21840,2026-08-27
NIFTY,2026-09-08,23250.0,PE,6.25,9.3,5.7,8.65,8.65,1541,2329617576.0,47580,24115,2026-08-27
NIFTY,2026-09-08,23600.0,PE,12.0,23.1,11.0,20.7,20.7,40389,62001123596.75,1463085,189605,2026-08-27
NIFTY,2026-09-08,24000.0,PE,45.05,88.55,42.05,80.05,80.05,65552,102548095887.25,1076855,96460,2026-08-27
NIFTY,2026-09-08,24250.0,PE,108.5,191.0,106.95,175.6,175.6,23996,38057261316.75,240890,13325,2026-08-27
NIFTY,2026-09-08,24350.0,PE,151.85,249.35,150.0,232.0,232.0,7327,11692537948.0,94510,-34775,2026-08-27
NIFTY,2026-09-08,25600.0,PE,0.0,0.0,0.0,1041.75,1464.4,0,0.0,0,0,2026-08-27
NIFTY,2026-09-08,25750.0,PE,0.0,0.0,0.0,1155.15,1611.49,0,0.0,0,0,2026-08-27
NIFTY,2026-09-15,22400.0,PE,4.0,6.0,3.2,5.0,5.0,46,66991661.75,7345,260,2026-08-27
NIFTY,2026-09-15,23300.0,PE,0.0,0.0,0.0,89.65,74.69,0,0.0,0,0,2026-08-27
NIFTY,2026-09-15,24400.0,PE,204.95,295.2,199.75,279.35,279.35,1617,2590962955.75,132665,14755,2026-08-27
NIFTY,2026-09-15,25300.0,PE,0.0,0.0,0.0,920.35,1176.72,0,0.0,0,0,2026-08-27
NIFTY,2026-09-22,22750.0,PE,0.0,0.0,0.0,55.05,35.24,0,0.0,0,0,2026-08-27
NIFTY,2026-09-22,23600.0,PE,0.0,0.0,0.0,213.7,180.41,0,0.0,0,0,2026-08-27
NIFTY,2026-09-22,23800.0,PE,60.4,91.3,56.6,88.15,88.15,623,966933477.25,29770,12155,2026-08-27
NIFTY,2026-09-22,23850.0,PE,0.0,0.0,0.0,295.55,263.34,0,0.0,0,0,2026-08-27
NIFTY,2026-09-29,19500.0,PE,4.35,4.9,3.6,4.05,4.05,2802,3552310232.25,886015,-5005,2026-08-27
NIFTY,2026-09-29,21750.0,PE,8.35,8.7,8.35,8.7,8.7,6,8485847.5,6890,-390,2026-08-27
NIFTY,2026-09-29,24200.0,PE,172.85,248.1,164.2,233.65,233.65,42198,66970322913.0,2719145,293735,2026-08-27
NIFTY,2026-09-29,24300.0,PE,214.9,293.05,207.15,277.8,277.8,44216,70579932046.0,3923140,516035,2026-08-27
NIFTY,2026-09-29,24500.0,PE,309.9,402.5,296.3,384.8,384.8,31498,50893073894.0,4770805,219440,2026-08-27
NIFTY,2026-09-29,24650.0,PE,390.2,495.6,379.05,491.35,491.35,73,119111986.5,44135,1950,2026-08-27
NIFTY,2026-09-29,25200.0,PE,796.2,946.0,796.2,921.1,921.1,345,585043507.75,87750,6110,2026-08-27
NIFTY,2026-09-29,25400.0,PE,981.9,1089.55,981.9,1069.6,1266.21,13,22366168.5,26520,520,2026-08-27
NIFTY,2026-09-29,25450.0,PE,0.0,0.0,0.0,946.5,1308.13,0,0.0,715,0,2026-08-27
NIFTY,2026-09-29,25950.0,PE,0.0,0.0,0.0,1299.0,1749.96,0,0.0,65,0,2026-08-27
NIFTY,2026-10-27,23400.0,PE,149.0,149.0,92.0,99.75,99.75,71,108452743.75,3770,3770,2026-08-27
NIFTY,2026-10-27,23600.0,PE,103.45,132.0,102.2,128.85,128.85,2134,3289228036.25,117260,-4290,2026-08-27
NIFTY,2026-10-27,23650.0,PE,0.0,0.0,0.0,491.35,338.73,0,0.0,0,0,2026-08-27
NIFTY,2026-10-27,24200.0,PE,235.0,301.0,235.0,293.7,293.7,1108,1762478432.0,221325,10140,2026-08-27
NIFTY,2026-10-27,24650.0,PE,434.25,489.35,434.25,465.0,795.79,5,8162485.5,6500,-65,2026-08-27
NIFTY,2026-10-27,24700.0,PE,465.0,542.3,456.0,519.85,519.85,268,438802409.5,142610,-2080,2026-08-27
NIFTY,2026-10-27,26550.0,PE,0.0,0.0,0.0,2330.1,2245.39,0,0.0,0,0,2026-08-27
NIFTY,2026-10-27,26850.0,PE,0.0,0.0,0.0,2588.1,2518.91,0,0.0,0,0,2026-08-27
NIFTY,2026-10-27,27150.0,PE,0.0,0.0,0.0,2853.65,2798.9,0,0.0,0,0,2026-08-27
NIFTY,2026-10-27,27200.0,PE,0.0,0.0,0.0,2898.55,2846.08,0,0.0,0,0,2026-08-27
NIFTY,2026-11-23,23800.0,PE,460.0,460.0,276.0,276.0,467.72,2,3141840.0,130,130,2026-08-27
NIFTY,2026-11-23,24000.0,PE,242.45,281.45,230.0,269.35,269.35,2269,3578143045.75,88075,86905,2026-08-27
NIFTY,2026-11-23,24500.0,PE,404.4,466.65,399.0,455.4,455.4,989,1603095968.5,42705,42445,2026-08-27
NIFTY,2026-11-23,24600.0,PE,0.0,0.0,0.0,732.15,829.34,0,0.0,0,0,2026-08-27
NIFTY,2026-11-23,24900.0,PE,0.0,0.0,0.0,887.45,998.08,0,0.0,0,0,2026-08-27
NIFTY,2026-11-23,25300.0,PE,0.0,0.0,0.0,1121.6,1249.72,0,0.0,0,0,2026-08-27
NIFTY,2026-12-29,23000.0,PE,124.35,147.0,124.35,141.45,141.45,6536,9829466812.75,2830945,47235,2026-08-27
NIFTY,2026-12-29,30000.0,PE,5020.05,5145.0,5020.05,5145.0,5145.0,39,88968350.25,381690,65,2026-08-27
NIFTY,2027-03-30,24000.0,PE,398.0,435.0,398.0,429.0,429.0,1199,1903226594.75,866580,9165,2026-08-27
NIFTY,2027-06-29,22500.0,PE,0.0,0.0,0.0,236.45,382.16,0,0.0,845,0,2026-08-27
NIFTY,2027-12-28,25000.0,PE,937.9,963.45,932.0,940.1,940.1,140,236063646.0,85380,5460,2026-08-27
NIFTY,2027-12-28,26000.0,PE,1290.1,1327.95,1285.0,1319.75,1319.75,31,55005398.5,64280,650,2026-08-27
NIFTY,2028-06-27,33000.0,PE,0.0,0.0,0.0,3707.8,5765.72,0,0.0,0,0,2026-08-27
NIFTY,2028-12-26,23000.0,PE,0.0,0.0,0.0,590.0,640.22,0,0.0,1740,0,2026-08-27
NIFTY,2028-12-26,26000.0,PE,0.0,0.0,0.0,1220.1,1502.48,0,0.0,6810,0,2026-08-27
NIFTY,2029-06-26,25500.0,PE,0.0,0.0,0.0,624.25,1264.21,0,0.0,0,0,2026-08-27
NIFTY,2029-06-26,27000.0,PE,0.0,0.0,0.0,1252.35,1773.48,0,0.0,0,0,2026-08-27
NIFTY,2029-06-26,30000.0,PE,0.0,0.0,0.0,2031.05,3087.59,0,0.0,0,0,2026-08-27
NIFTY,2029-12-24,24000.0,PE,0.0,0.0,0.0,809.8,830.12,0,0.0,520,0,2026-08-27
NIFTY,2029-12-24,33000.0,PE,0.0,0.0,0.0,2953.7,4346.31,0,0.0,0,0,2026-08-27
NIFTY,2030-06-25,28500.0,PE,0.0,0.0,0.0,1167.6,2050.65,0,0.0,0,0,2026-08-27
NIFTY,2030-12-31,24000.0,PE,0.0,0.0,0.0,1000.0,761.72,0,0.0,520,0,2026-08-27
NIFTY,2031-06-24,19500.0,PE,0.0,0.0,0.0,289.2,198.85,0,0.0,0,0,2026-08-27
NIFTY,2026-10-27,24950.0,PE,0.0,0.0,0.0,577.6,979.72,0,0.0,4030,0,2026-08-27
NIFTY,2026-09-15,25800.0,CE,4.2,4.2,3.0,3.55,3.55,372,623940099.25,7605,-10790,2026-08-27
NIFTY,2026-09-15,26050.0,CE,3.9,3.9,2.9,3.45,3.45,61,103302023.5,2015,-390,2026-08-27
NIFTY,2026-09-22,22350.0,CE,0.0,0.0,0.0,1959.05,1850.28,0,0.0,0,0,2026-08-27
NIFTY,2026-09-22,24000.0,CE,475.0,475.0,399.2,414.15,414.15,305,484277693.25,14560,6565,2026-08-27
NIFTY,2026-09-22,24250.0,CE,300.0,300.0,243.1,252.8,252.8,207,329850599.0,5070,3640,2026-08-27
NIFTY,2026-09-22,24600.0,CE,142.85,145.4,98.4,106.0,106.0,1270,2040093539.25,56550,41925,2026-08-27
NIFTY,2026-09-29,22200.0,CE,0.0,0.0,0.0,2313.6,2038.26,0,0.0,130,0,2026-08-27
NIFTY,2026-09-29,22800.0,CE,0.0,0.0,0.0,1646.3,1483.21,0,0.0,2795,0,2026-08-27
NIFTY,2026-09-29,23000.0,CE,1424.05,1435.0,1284.75,1308.3,1308.3,657,1040033023.25,430170,5850,2026-08-27
NIFTY,2026-09-29,23700.0,CE,762.0,762.0,665.0,678.25,678.25,272,431669797.0,35750,6890,2026-08-27
NIFTY,2026-09-29,25200.0,CE,35.5,39.55,27.0,29.4,29.4,21389,35079541113.5,1130415,-54080,2026-08-27
NIFTY,2026-09-29,25600.0,CE,13.4,13.6,11.05,11.95,11.95,4703,7829447730.0,437580,3705,2026-08-27
NIFTY,2026-09-29,26200.0,CE,4.8,5.55,4.5,5.0,5.0,1934,3294227417.0,189150,11960,2026-08-27
NIFTY,2026-09-29,26800.0,CE,0.0,0.0,0.0,3.1,8.8,0,0.0,5265,0,2026-08-27
NIFTY,2026-09-29,27100.0,CE,2.7,3.05,2.6,2.7,2.7,94,165597757.0,17940,1625,2026-08-27
NIFTY,2026-10-27,22800.0,CE,0.0,0.0,0.0,1767.2,1669.07,0,0.0,0,0,2026-08-27
NIFTY,2026-10-27,23200.0,CE,1306.0,1306.0,1304.0,1304.0,1353.84,6,9556950.0,390,390,2026-08-27
NIFTY,2026-10-27,23450.0,CE,0.0,0.0,0.0,1307.95,1172.48,0,0.0,0,0,2026-08-27
NIFTY,2026-10-27,23600.0,CE,949.95,949.95,932.35,941.15,941.15,2,3190349.5,65,0,2026-08-27
NIFTY,2026-10-27,24050.0,CE,618.0,646.45,587.4,587.4,587.4,13,20857440.5,910,-65,2026-08-27
NIFTY,2026-10-27,24750.0,CE,264.45,264.45,229.4,230.35,230.35,64,103970311.25,3705,975,2026-08-27
NIFTY,2026-10-27,24850.0,CE,223.0,223.0,192.8,194.65,194.65,55,89571215.5,6825,1430,2026-08-27
NIFTY,2026-10-27,25750.0,CE,40.1,43.25,34.4,36.15,36.15,728,1220337287.0,128700,8580,2026-08-27
NIFTY,2026-10-27,25850.0,CE,0.0,0.0,0.0,288.85,165.73,0,0.0,0,0,2026-08-27
NIFTY,2026-10-27,26300.0,CE,0.0,0.0,0.0,202.25,101.31,0,0.0,0,0,2026-08-27
NIFTY,2026-11-23,23350.0,CE,0.0,0.0,0.0,1606.3,1427.25,0,0.0,0,0,2026-08-27
NIFTY,2026-11-23,24150.0,CE,0.0,0.0,0.0,1075.8,929.85,0,0.0,0,0,2026-08-27
NIFTY,2026-11-23,24500.0,CE,555.0,555.0,485.95,496.1,496.1,870,1414446189.0,41535,30485,2026-08-27
NIFTY,2026-12-29,22000.0,CE,2820.0,2820.0,2666.05,2677.95,2677.95,110,176766382.0,267345,-195,2026-08-27
NIFTY,2026-12-29,27000.0,CE,59.55,61.8,50.05,52.3,52.3,7234,12720892525.25,2590850,37475,2026-08-27
NIFTY,2026-12-29,28500.0,CE,19.15,21.0,18.0,18.65,18.65,276,511626995.75,116350,-3445,2026-08-27
NIFTY,2026-12-29,29000.0,CE,13.5,14.65,12.75,13.35,13.35,364,686463375.0,554135,3810,2026-08-27
NIFTY,2026-12-29,31000.0,CE,8.1,9.0,8.0,8.6,8.6,60,120933016.75,160635,1060,2026-08-27
NIFTY,2027-03-30,27000.0,CE,222.2,223.9,200.5,202.85,202.85,2072,3664679947.5,717925,14560,2026-08-27
NIFTY,2027-03-30,31500.0,CE,0.0,0.0,0.0,94.65,42.82,0,0.0,0,0,2026-08-27
NIFTY,2027-12-28,16500.0,CE,0.0,0.0,0.0,11316.4,8983.78,0,0.0,0,0,2026-08-27
NIFTY,2029-12-24,18000.0,CE,0.0,0.0,0.0,11362.4,9716.52,0,0.0,0,0,2026-08-27
NIFTY,2030-06-25,21000.0,CE,0.0,0.0,0.0,10421.65,8089.61,0,0.0,0,0,2026-08-27
NIFTY,2030-12-31,31500.0,CE,0.0,0.0,0.0,4554.55,3411.66,0,0.0,0,0,2026-08-27
NIFTY,2031-06-24,21000.0,CE,0.0,0.0,0.0,8900.75,9116.29,0,0.0,0,0,2026-08-27
NIFTY,2031-06-24,33000.0,CE,0.0,0.0,0.0,3451.55,3423.56,0,0.0,0,0,2026-08-27
NIFTY,2026-09-01,22400.0,PE,1.1,1.5,0.85,1.1,1.1,17086,24878436810.5,254475,41795,2026-08-27
NIFTY,2026-09-01,22550.0,PE,1.3,1.65,0.85,1.1,1.1,12835,18813867816.25,99255,59735,2026-08-27
NIFTY,2026-09-01,22600.0,PE,1.3,1.7,0.85,1.1,1.1,29211,42913172831.75,377520,154180,2026-08-27
NIFTY,2026-09-01,23000.0,PE,1.4,2.35,1.2,1.45,1.45,356835,533505719922.5,6202040,1652950,2026-08-27
NIFTY,2026-09-01,23200.0,PE,1.6,2.6,1.35,1.55,1.55,212398,320320761397.0,2139670,495170,2026-08-27
NIFTY,2026-09-01,24150.0,PE,39.75,95.0,33.4,78.95,78.95,2380385,3747326829051.0,3526250,1200680,2026-08-27
NIFTY,2026-09-01,24350.0,PE,129.95,220.9,105.25,195.0,195.0,495662,789740017615.25,1660100,-924170,2026-08-27
NIFTY,2026-09-01,24500.0,PE,211.0,349.0,201.15,317.5,317.5,180228,290280892222.75,2054195,-111280,2026-08-27
NIFTY,2026-09-01,25800.0,PE,0.0,0.0,0.0,1530.0,1687.76,0,0.0,650,0,2026-08-27
NIFTY,2026-09-01,26200.0,PE,0.0,0.0,0.0,1950.0,2087.41,0,0.0,65,0,2026-08-27
NIFTY,2026-09-01,26850.0,PE,0.0,0.0,0.0,2502.1,2736.87,0,0.0,0,0,2026-08-27
NIFTY,2026-09-08,23850.0,PE,27.65,52.85,25.15,47.7,47.7,9468,14703423575.75,195130,-6305,2026-08-27
NIFTY,2026-09-08,23950.0,PE,40.75,75.2,35.95,66.95,66.95,17161,26777641861.75,363415,94445,2026-08-27
NIFTY,2026-09-08,26050.0,PE,0.0,0.0,0.0,1397.8,1908.4,0,0.0,0,0,2026-08-27
NIFTY,2026-09-08,26150.0,PE,0.0,0.0,0.0,1482.45,2007.82,0,0.0,0,0,2026-08-27
NIFTY,2026-09-08,26200.0,PE,0.0,0.0,0.0,1525.35,2057.59,0,0.0,0,0,2026-08-27
NIFTY,2026-09-08,26400.0,PE,0.0,0.0,0.0,1700.8,2256.84,0,0.0,0,0,2026-08-27
NIFTY,2026-09-15,22350.0,PE,4.15,5.2,3.7,4.3,4.3,76,110430375.25,16705,455,2026-08-27
NIFTY,2026-09-15,22800.0,PE,6.55,8.35,6.15,7.25,7.25,269,398782085.0,22555,1885,2026-08-27
NIFTY,2026-09-15,24150.0,PE,105.15,167.65,102.95,159.0,159.0,1270,2005409263.0,23790,-5980,2026-08-27
NIFTY,2026-09-15,24450.0,PE,236.7,329.7,236.7,316.3,316.3,135,217086772.5,4680,-975,2026-08-27
NIFTY,2026-09-15,24500.0,PE,240.0,364.15,240.0,342.4,342.4,2616,4220191644.5,223600,39715,2026-08-27
NIFTY,2026-09-15,25350.0,PE,0.0,0.0,0.0,956.1,1221.59,0,0.0,0,0,2026-08-27
NIFTY,2026-09-15,26000.0,PE,0.0,0.0,0.0,1555.85,1835.62,0,0.0,130,0,2026-08-27
NIFTY,2026-09-15,26200.0,PE,0.0,0.0,0.0,1647.25,2031.38,0,0.0,0,0,2026-08-27
NIFTY,2026-09-22,23050.0,PE,0.0,0.0,0.0,93.3,67.08,0,0.0,0,0,2026-08-27
NIFTY,2026-09-22,24000.0,PE,91.25,145.4,91.25,139.85,139.85,592,928390830.25,30745,7280,2026-08-27
NIFTY,2026-09-22,24050.0,PE,0.0,0.0,0.0,374.9,346.07,0,0.0,0,0,2026-08-27
NIFTY,2026-09-29,22400.0,PE,12.15,14.2,11.9,13.75,13.75,730,1063484149.0,87620,13975,2026-08-27
NIFTY,2026-09-29,23050.0,PE,20.35,29.6,20.35,28.65,28.65,335,502437793.0,37895,-130,2026-08-27
NIFTY,2026-09-29,24850.0,PE,0.0,0.0,0.0,482.05,841.69,0,0.0,15015,0,2026-08-27
NIFTY,2026-09-29,25050.0,PE,730.0,791.2,726.65,791.2,791.2,105,176073751.75,3900,-2665,2026-08-27
NIFTY,2026-09-29,25300.0,PE,921.45,1022.0,921.45,983.85,1183.85,38,64910995.5,30290,585,2026-08-27
NIFTY,2026-09-29,25550.0,PE,0.0,0.0,0.0,1082.2,1393.37,0,0.0,845,0,2026-08-27
NIFTY,2026-09-29,26000.0,PE,1587.0,1719.95,1587.0,1696.8,1696.8,776,1394899801.75,2279860,12480,2026-08-27
NIFTY,2026-09-29,26050.0,PE,0.0,0.0,0.0,1710.0,1842.29,0,0.0,260,0,2026-08-27
NIFTY,2026-09-29,34500.0,PE,0.0,0.0,0.0,7064.95,10205.14,0,0.0,0,0,2026-08-27
NIFTY,2026-10-27,22900.0,PE,0.0,0.0,0.0,262.65,147.03,0,0.0,0,0,2026-08-27
NIFTY,2026-10-27,22950.0,PE,0.0,0.0,0.0,274.9,156.38,0,0.0,0,0,2026-08-27
NIFTY,2026-10-27,23150.0,PE,0.0,0.0,0.0,327.65,198.34,0,0.0,0,0,2026-08-27
NIFTY,2026-10-27,23750.0,PE,0.0,0.0,0.0,529.65,373.56,0,0.0,0,0,2026-08-27
NIFTY,2026-10-27,23800.0,PE,132.6,175.0,132.55,171.85,171.85,1551,2415291170.5,248820,32435,2026-08-27
NIFTY,2026-10-27,25700.0,PE,0.0,0.0,0.0,1260.0,1522.45,0,0.0,325,0,2026-08-27
NIFTY,2026-10-27,26250.0,PE,0.0,0.0,0.0,2081.05,1980.16,0,0.0,0,0,2026-08-27
NIFTY,2026-10-27,26400.0,PE,0.0,0.0,0.0,2204.4,2111.61,0,0.0,0,0,2026-08-27
NIFTY,2026-09-15,24000.0,CE,459.7,459.7,337.5,350.9,350.9,2255,3574377352.0,47320,14235,2026-08-27
NIFTY,2026-09-15,23400.0,CE,0.0,0.0,0.0,1312.7,857.29,0,0.0,0,0,2026-08-27
NIFTY,2026-09-08,26350.0,CE,1.15,1.75,0.95,1.2,1.2,188,322012369.25,9750,3315,2026-08-27
NIFTY,2026-09-08,25500.0,CE,3.45,3.9,2.15,3.1,3.1,20735,34372607067.5,822380,518765,2026-08-27
NIFTY,2026-09-08,24550.0,CE,88.0,88.05,42.25,46.45,46.45,17354,27752801755.25,222430,106275,2026-08-27
NIFTY,2026-09-08,23100.0,CE,0.0,0.0,0.0,1701.65,1057.33,0,0.0,0,0,2026-08-27
NIFTY,2026-09-01,27100.0,CE,0.6,0.9,0.35,0.45,0.45,5429,9563364902.0,151580,104650,2026-08-27
NIFTY,2026-09-01,26450.0,CE,0.75,1.0,0.55,0.65,0.65,1893,3254634474.0,40625,19890,2026-08-27
NIFTY,2026-09-01,26050.0,CE,0.85,1.25,0.6,0.75,0.75,3123,5288189546.25,55315,16445,2026-08-27
NIFTY,2026-09-01,25250.0,CE,1.95,2.7,1.25,1.5,1.5,224927,369188943519.5,1144520,213980,2026-08-27
NIFTY,2026-09-01,24550.0,CE,32.25,34.95,10.25,12.7,12.7,490735,783633769356.75,4179500,1624935,2026-08-27
NIFTY,2026-09-01,23850.0,CE,478.4,491.05,334.95,355.25,355.25,5058,7969716452.75,63635,8450,2026-08-27
NIFTY,2026-09-01,22750.0,CE,0.0,0.0,0.0,1672.8,1359.86,0,0.0,0,0,2026-08-27
NIFTY,2026-09-01,22500.0,CE,0.0,0.0,0.0,1875.4,1609.53,0,0.0,11895,0,2026-08-27
NIFTY,2027-06-29,25500.0,CE,969.0,969.0,911.75,932.4,932.4,9,15471839.5,650,585,2026-08-27
NIFTY,2027-06-29,33000.0,CE,0.0,0.0,0.0,1122.75,65.87,0,0.0,0,0,2026-08-27
NIFTY,2027-12-28,33000.0,CE,0.0,0.0,0.0,120.0,276.94,0,0.0,3510,0,2026-08-27
NIFTY,2028-06-27,19500.0,CE,0.0,0.0,0.0,9209.1,6930.87,0,0.0,0,0,2026-08-27
NIFTY,2029-06-26,18000.0,CE,0.0,0.0,0.0,11678.65,9226.88,0,0.0,0,0,2026-08-27
NIFTY,2029-06-26,21000.0,CE,0.0,0.0,0.0,9799.75,6974.54,0,0.0,0,0,2026-08-27
NIFTY,2029-06-26,33000.0,CE,0.0,0.0,0.0,4179.45,1439.3,0,0.0,0,0,2026-08-27
NIFTY,2029-12-24,16500.0,CE,0.0,0.0,0.0,12984.85,10870.08,0,0.0,0,0,2026-08-27
NIFTY,2029-12-24,28500.0,CE,0.0,0.0,0.0,4802.1,3391.38,0,0.0,0,0,2026-08-27
NIFTY,2030-06-25,18000.0,CE,0.0,0.0,0.0,12423.9,10193.02,0,0.0,0,0,2026-08-27
NIFTY,2030-06-25,31500.0,CE,0.0,0.0,0.0,3984.8,2859.2,0,0.0,0,0,2026-08-27
NIFTY,2030-12-31,16500.0,CE,0.0,0.0,0.0,13763.55,11739.53,0,0.0,0,0,2026-08-27
NIFTY,2030-12-31,28500.0,CE,0.0,0.0,0.0,5968.3,4563.99,0,0.0,0,0,2026-08-27
NIFTY,2031-06-24,31500.0,CE,0.0,0.0,0.0,3928.35,3923.24,0,0.0,0,0,2026-08-27
NIFTY,2026-09-01,22050.0,PE,0.95,1.25,0.65,0.95,0.95,2631,3771032369.0,54860,23270,2026-08-27
NIFTY,2026-09-01,22100.0,PE,0.8,1.2,0.65,0.85,0.85,25631,36820312698.0,1331655,3250,2026-08-27
NIFTY,2026-09-01,22150.0,PE,1.2,1.3,0.75,1.0,1.0,4528,6519472674.0,95355,51935,2026-08-27
NIFTY,2026-09-01,23250.0,PE,2.1,2.8,1.45,1.7,1.7,82208,124247489639.0,399230,155350,2026-08-27
NIFTY,2026-09-01,23300.0,PE,2.0,3.0,1.6,1.85,1.85,219890,333053457087.0,2085980,6305,2026-08-27
NIFTY,2026-09-01,23350.0,PE,2.25,3.2,1.75,2.05,2.05,137363,208502516706.25,1534195,755430,2026-08-27
NIFTY,2026-09-01,24000.0,PE,19.9,43.85,11.55,35.1,35.1,1698841,2653425365997.25,7105670,1470755,2026-08-27
NIFTY,2026-09-01,24450.0,PE,176.1,302.4,166.45,274.65,274.65,111326,178622896426.0,582270,-259610,2026-08-27
NIFTY,2026-09-01,25050.0,PE,732.65,857.0,732.65,844.9,844.9,63,105934354.5,8190,3185,2026-08-27
NIFTY,2026-09-01,26000.0,PE,1757.0,1807.75,1730.0,1796.15,1796.15,24,43326942.75,163410,325,2026-08-27
NIFTY,2026-09-01,26400.0,PE,0.0,0.0,0.0,2081.0,2287.24,0,0.0,0,0,2026-08-27
NIFTY,2026-09-01,27150.0,PE,0.0,0.0,0.0,2789.8,3036.62,0,0.0,0,0,2026-08-27
NIFTY,2026-09-08,22400.0,PE,3.25,4.0,3.05,3.4,3.4,16258,23675262825.5,1075815,328120,2026-08-27
NIFTY,2026-09-08,22450.0,PE,3.9,4.0,3.05,3.6,3.6,78,113839521.25,4745,780,2026-08-27
NIFTY,2026-09-08,22700.0,PE,3.6,4.8,3.15,4.2,4.2,2865,4228070395.25,121680,38805,2026-08-27
NIFTY,2026-09-08,22950.0,PE,5.6,5.95,4.55,4.9,4.9,183,273049744.5,11180,4745,2026-08-27
NIFTY,2026-09-08,23650.0,PE,12.0,27.0,12.0,24.75,24.75,6079,9353033550.25,147355,38350,2026-08-27
NIFTY,2026-09-08,25650.0,PE,0.0,0.0,0.0,1079.4,1513.28,0,0.0,0,0,2026-08-27
NIFTY,2026-09-15,23050.0,PE,0.0,0.0,0.0,58.25,41.46,0,0.0,0,0,2026-08-27
NIFTY,2026-09-15,23500.0,PE,18.6,31.3,16.65,29.15,29.15,6308,9645458884.75,299585,61035,2026-08-27
NIFTY,2026-09-15,23900.0,PE,50.0,89.3,50.0,84.45,84.45,2956,4606521907.0,383760,8775,2026-08-27
NIFTY,2026-09-15,24050.0,PE,89.35,130.75,85.3,125.6,125.6,635,997257134.25,21125,520,2026-08-27
NIFTY,2026-09-15,24950.0,PE,0.0,0.0,0.0,689.2,877.98,0,0.0,0,0,2026-08-27
NIFTY,2026-09-15,25850.0,PE,0.0,0.0,0.0,1345.95,1690.24,0,0.0,0,0,2026-08-27
NIFTY,2026-09-22,24100.0,PE,126.5,176.55,123.15,171.15,171.15,614,967919702.75,23790,5720,2026-08-27
NIFTY,2026-09-22,24200.0,PE,151.0,217.2,150.0,212.35,212.35,1021,1619139684.5,30355,-13000,2026-08-27
NIFTY,2026-09-22,24550.0,PE,0.0,0.0,0.0,629.0,618.71,0,0.0,0,0,2026-08-27
NIFTY,2026-09-22,25150.0,PE,0.0,0.0,0.0,1035.2,1058.57,0,0.0,0,0,2026-08-27
NIFTY,2026-09-29,18000.0,PE,2.25,2.3,1.65,2.0,2.0,305,356889910.0,987740,-3120,2026-08-27
NIFTY,2026-09-29,23300.0,PE,35.05,45.45,30.15,43.85,43.85,8696,13192383464.0,799110,45760,2026-08-27
NIFTY,2026-09-29,23850.0,PE,89.95,130.6,84.95,123.8,123.8,1145,1783096458.0,109265,10790,2026-08-27
NIFTY,2026-09-29,24350.0,PE,233.45,317.25,227.8,302.6,302.6,4842,7750530742.5,439790,19565,2026-08-27
NIFTY,2026-09-29,25150.0,PE,872.3,882.5,870.9,882.5,1064.34,5,8457826.0,1560,65,2026-08-27
NIFTY,2026-09-29,25350.0,PE,0.0,0.0,0.0,850.0,1224.77,0,0.0,1040,0,2026-08-27
NIFTY,2026-09-29,26700.0,PE,0.0,0.0,0.0,2560.85,2462.07,0,0.0,0,0,2026-08-27
NIFTY,2026-10-27,22500.0,PE,26.75,33.75,26.6,31.65,31.65,9232,13519413810.5,698555,245830,2026-08-27
NIFTY,2026-10-27,26200.0,PE,0.0,0.0,0.0,2040.5,1936.9,0,0.0,0,0,2026-08-27
NIFTY,2026-10-27,26350.0,PE,0.0,0.0,0.0,2163.0,2067.52,0,0.0,0,0,2026-08-27
NIFTY,2026-10-27,26700.0,PE,0.0,0.0,0.0,2458.1,2381.23,0,0.0,0,0,2026-08-27
NIFTY,2026-11-23,23600.0,PE,221.6,221.6,221.6,221.6,397.29,1,1548404.0,65,65,2026-08-27
NIFTY,2026-11-23,25000.0,PE,680.9,735.95,639.05,716.5,716.5,220,367470093.25,8840,7930,2026-08-27
NIFTY,2026-11-23,25050.0,PE,0.0,0.0,0.0,971.7,1088.98,0,0.0,0,0,2026-08-27
NIFTY,2026-11-23,25850.0,PE,0.0,0.0,0.0,1490.4,1642.19,0,0.0,0,0,2026-08-27
NIFTY,2026-11-23,25900.0,PE,0.0,0.0,0.0,1526.4,1679.17,0,0.0,0,0,2026-08-27
NIFTY,2026-12-29,19500.0,PE,24.95,26.85,23.95,24.85,24.85,187,237326342.5,142675,2275,2026-08-27
NIFTY,2026-12-29,25000.0,PE,674.45,754.95,665.0,743.3,743.3,3190,5332189967.0,2081135,23190,2026-08-27
NIFTY,2026-12-29,28500.0,PE,0.0,0.0,0.0,3320.25,3846.07,0,0.0,130,0,2026-08-27
NIFTY,2027-03-30,25500.0,PE,929.9,1001.2,928.65,986.7,986.7,297,511086800.25,205075,5395,2026-08-27
NIFTY,2027-03-30,30000.0,PE,0.0,0.0,0.0,4575.0,4879.04,0,0.0,3120,0,2026-08-27
NIFTY,2027-03-30,31500.0,PE,0.0,0.0,0.0,7066.15,6257.99,0,0.0,0,0,2026-08-27
NIFTY,2027-06-29,24000.0,PE,520.0,530.0,482.6,511.55,511.55,24,38246754.0,20670,585,2026-08-27
NIFTY,2027-06-29,31500.0,PE,0.0,0.0,0.0,3604.7,5858.11,0,0.0,0,0,2026-08-27
NIFTY,2027-12-28,15000.0,PE,0.0,0.0,0.0,21.7,1.31,0,0.0,755,0,2026-08-27
NIFTY,2027-12-28,22000.0,PE,320.0,331.0,310.0,329.7,329.7,51,74004667.75,47340,910,2026-08-27
NIFTY,2028-06-27,21000.0,PE,0.0,0.0,0.0,907.2,274.67,0,0.0,0,0,2026-08-27
NIFTY,2028-12-26,18000.0,PE,0.0,0.0,0.0,250.0,68.73,0,0.0,75,0,2026-08-27
NIFTY,2028-12-26,25000.0,PE,1005.0,1010.0,980.0,980.0,980.0,9,15203825.0,6465,390,2026-08-27
NIFTY,2028-12-26,33000.0,PE,0.0,0.0,0.0,3315.4,5221.1,0,0.0,0,0,2026-08-27
NIFTY,2029-06-26,21000.0,PE,0.0,0.0,0.0,320.25,322.28,0,0.0,0,0,2026-08-27
NIFTY,2029-06-26,31500.0,PE,0.0,0.0,0.0,2443.35,3880.38,0,0.0,0,0,2026-08-27
NIFTY,2030-06-25,16500.0,PE,0.0,0.0,0.0,12.0,48.86,0,0.0,0,0,2026-08-27
NIFTY,2030-06-25,19500.0,PE,0.0,0.0,0.0,64.95,193.81,0,0.0,0,0,2026-08-27
NIFTY,2030-06-25,33000.0,PE,0.0,0.0,0.0,3143.9,3984.23,0,0.0,0,0,2026-08-27
NIFTY,2026-12-29,22500.0,CE,2220.0,2220.0,2220.0,2220.0,2220.0,2,3213600.0,16510,0,2026-08-27
NIFTY,2026-12-29,16000.0,CE,0.0,0.0,0.0,8178.15,8443.48,0,0.0,245,0,2026-08-27
NIFTY,2026-09-08,25200.0,CE,8.0,8.0,4.0,5.05,5.05,16698,27356955626.0,266630,137865,2026-08-27
NIFTY,2026-09-08,24950.0,CE,15.0,15.1,8.0,9.35,9.35,27628,44823626939.0,692705,536965,2026-08-27
NIFTY,2026-09-08,24900.0,CE,16.4,18.65,9.0,10.95,10.95,38722,62703147936.0,579410,70590,2026-08-27
NIFTY,2026-09-08,25800.0,CE,1.7,2.55,1.5,1.9,1.9,3106,5209171071.0,87750,11440,2026-08-27
NIFTY,2026-09-15,23550.0,CE,0.0,0.0,0.0,1191.15,740.9,0,0.0,0,0,2026-08-27
NIFTY,2026-09-15,23650.0,CE,0.0,0.0,0.0,1113.0,667.62,0,0.0,0,0,2026-08-27
NIFTY,2026-09-15,23750.0,CE,0.0,0.0,0.0,1037.3,598.37,0,0.0,0,0,2026-08-27
NIFTY,2026-09-15,23800.0,CE,557.85,572.3,498.6,520.95,520.95,35,55364091.25,3640,1235,2026-08-27
NIFTY,2026-09-15,24400.0,CE,194.5,194.5,124.55,133.25,133.25,5406,8626026542.25,233805,58435,2026-08-27
NIFTY,2026-09-15,24700.0,CE,79.55,79.55,45.95,50.1,50.1,5220,8399451927.75,204035,93860,2026-08-27
NIFTY,2026-09-08,24800.0,CE,35.0,35.0,14.05,16.0,16.0,58169,93839713834.75,1946555,522795,2026-08-27
NIFTY,2026-09-15,25300.0,CE,11.45,12.25,6.85,7.8,7.8,8190,13472834365.25,313170,247260,2026-08-27
NIFTY,2026-09-15,25900.0,CE,4.1,4.8,2.7,4.35,4.35,32,53880570.25,4485,455,2026-08-27
NIFTY,2026-09-15,25950.0,CE,3.05,3.05,3.05,3.05,9.58,4,6747793.0,975,-65,2026-08-27
NIFTY,2026-09-22,22600.0,CE,0.0,0.0,0.0,1727.05,1612.99,0,0.0,0,0,2026-08-27
NIFTY,2026-09-22,22750.0,CE,0.0,0.0,0.0,1591.55,1474.09,0,0.0,0,0,2026-08-27
NIFTY,2026-09-22,23600.0,CE,905.1,905.1,762.0,762.0,772.91,3,4759907.75,130,130,2026-08-27
NIFTY,2026-09-22,23850.0,CE,0.0,0.0,0.0,738.45,606.92,0,0.0,0,0,2026-08-27
NIFTY,2026-09-22,24500.0,CE,184.0,189.55,132.05,139.4,139.4,1476,2365086304.75,76180,4680,2026-08-27
NIFTY,2026-09-22,24750.0,CE,0.0,0.0,0.0,300.7,200.45,0,0.0,0,0,2026-08-27
NIFTY,2026-09-22,24950.0,CE,0.0,0.0,0.0,237.2,148.56,0,0.0,0,0,2026-08-27
NIFTY,2026-09-22,25100.0,CE,30.15,30.4,23.85,25.2,25.2,301,491602874.75,28925,-5980,2026-08-27
NIFTY,2026-09-22,26100.0,CE,0.0,0.0,0.0,45.8,17.44,0,0.0,0,0,2026-08-27
NIFTY,2026-09-29,22050.0,CE,0.0,0.0,0.0,2284.2,2182.48,0,0.0,0,0,2026-08-27
NIFTY,2026-09-29,22650.0,CE,1675.4,1675.4,1675.4,1675.4,1617.71,1,1581151.0,260,-65,2026-08-27
NIFTY,2026-09-29,23050.0,CE,1231.25,1236.05,1231.25,1234.45,1234.45,3,4735467.75,325,-195,2026-08-27
NIFTY,2026-09-29,23300.0,CE,1140.75,1140.75,1015.0,1045.0,1045.0,45,71258222.75,9620,-65,2026-08-27
NIFTY,2026-09-29,23600.0,CE,820.0,820.0,741.75,757.9,757.9,146,231266958.0,17810,1040,2026-08-27
NIFTY,2026-09-29,24050.0,CE,506.4,510.05,409.0,426.1,426.1,909,1447554160.0,25155,3705,2026-08-27
NIFTY,2026-09-29,24450.0,CE,252.4,260.5,192.2,200.45,200.45,2559,4103524347.0,124475,1365,2026-08-27
NIFTY,2026-09-29,25150.0,CE,40.0,45.45,32.05,34.2,34.2,2033,3328373174.75,121030,13975,2026-08-27
NIFTY,2026-09-29,26300.0,CE,3.25,5.05,3.25,4.6,4.6,701,1198560421.5,162435,4875,2026-08-27
NIFTY,2026-09-29,26950.0,CE,2.85,2.85,2.85,2.85,6.42,10,17519352.5,2925,-650,2026-08-27
NIFTY,2026-09-29,33000.0,CE,1.2,1.35,1.15,1.35,1.35,88,188767026.5,39260,1950,2026-08-27
NIFTY,2026-10-27,23500.0,CE,1090.0,1090.0,1002.75,1008.55,1008.55,133,212161277.25,50830,4160,2026-08-27
NIFTY,2026-10-27,24250.0,CE,540.0,540.0,467.75,479.7,479.7,144,231575204.25,9100,4225,2026-08-27
NIFTY,2026-10-27,25350.0,CE,0.0,0.0,0.0,417.4,272.75,0,0.0,0,0,2026-08-27
NIFTY,2026-10-27,26200.0,CE,0.0,0.0,0.0,219.35,113.42,0,0.0,0,0,2026-08-27
NIFTY,2026-10-27,26650.0,CE,0.0,0.0,0.0,150.8,67.16,0,0.0,0,0,2026-08-27
NIFTY,2026-11-23,22750.0,CE,0.0,0.0,0.0,2073.75,1877.43,0,0.0,0,0,2026-08-27
NIFTY,2026-11-23,23550.0,CE,0.0,0.0,0.0,1461.75,1291.28,0,0.0,0,0,2026-08-27
NIFTY,2026-11-23,23750.0,CE,0.0,0.0,0.0,1325.6,1162.9,0,0.0,0,0,2026-08-27
NIFTY,2026-11-23,23950.0,CE,0.0,0.0,0.0,1196.85,1042.37,0,0.0,0,0,2026-08-27
NIFTY,2026-11-23,25400.0,CE,0.0,0.0,0.0,496.65,406.55,0,0.0,0,0,2026-08-27
NIFTY,2026-11-23,25600.0,CE,0.0,0.0,0.0,431.25,349.59,0,0.0,0,0,2026-08-27
NIFTY,2026-11-23,25650.0,CE,0.0,0.0,0.0,415.95,336.38,0,0.0,0,0,2026-08-27
NIFTY,2026-12-29,16500.0,CE,0.0,0.0,0.0,10405.0,7954.51,0,0.0,0,0,2026-08-27
NIFTY,2026-12-29,19000.0,CE,5550.0,5550.0,5550.0,5550.0,5511.4,1,1595750.0,54210,65,2026-08-27
NIFTY,2027-03-30,19500.0,CE,0.0,0.0,0.0,4365.4,5351.84,0,0.0,0,0,2026-08-27
NIFTY,2027-03-30,33000.0,CE,0.0,0.0,0.0,15.9,15.91,0,0.0,3705,0,2026-08-27
NIFTY,2027-12-28,18000.0,CE,0.0,0.0,0.0,6285.7,7632.06,0,0.0,0,0,2026-08-27
NIFTY,2028-06-27,24000.0,CE,0.0,0.0,0.0,3918.85,3697.57,0,0.0,0,0,2026-08-27
NIFTY,2028-06-27,30000.0,CE,0.0,0.0,0.0,2278.45,1182.02,0,0.0,0,0,2026-08-27
NIFTY,2028-12-26,22500.0,CE,0.0,0.0,0.0,7382.9,5325.29,0,0.0,0,0,2026-08-27
NIFTY,2026-09-08,24750.0,CE,30.45,35.55,17.2,19.6,19.6,22099,35583908265.75,387985,-38545,2026-08-27
NIFTY,2026-09-08,23900.0,CE,470.05,484.15,358.0,371.5,371.5,1788,2824082459.25,55510,44070,2026-08-27
NIFTY,2026-09-08,23800.0,CE,552.2,572.9,440.15,461.55,461.55,2258,3564155318.75,101205,83785,2026-08-27
NIFTY,2026-09-01,26950.0,CE,0.7,0.9,0.45,0.5,0.5,4249,7443361224.0,99775,39325,2026-08-27
NIFTY,2026-09-01,25950.0,CE,0.8,1.25,0.6,0.7,0.7,9146,15427509457.75,153530,28015,2026-08-27
NIFTY,2028-12-26,31500.0,CE,0.0,0.0,0.0,2327.6,1314.2,0,0.0,0,0,2026-08-27
NIFTY,2029-06-26,31500.0,CE,0.0,0.0,0.0,2878.65,1813.34,0,0.0,0,0,2026-08-27
NIFTY,2029-12-24,24000.0,CE,0.0,0.0,0.0,7729.0,5629.05,0,0.0,65,0,2026-08-27
NIFTY,2029-12-24,33000.0,CE,0.0,0.0,0.0,3816.05,1910.76,0,0.0,0,0,2026-08-27
NIFTY,2030-12-31,18000.0,CE,0.0,0.0,0.0,12674.15,10666.59,0,0.0,0,0,2026-08-27
NIFTY,2026-09-01,22700.0,PE,1.35,1.8,0.95,1.25,1.25,30622,45185324847.0,609960,201305,2026-08-27
NIFTY,2026-09-01,23450.0,PE,2.7,4.1,2.15,2.8,2.8,130624,199128257292.25,1237990,555100,2026-08-27
NIFTY,2026-09-01,23500.0,PE,2.7,4.7,2.4,3.3,3.3,467606,714368110127.75,6960980,1582035,2026-08-27
NIFTY,2026-09-01,23600.0,PE,2.8,6.25,2.65,4.45,4.45,368967,566095930952.5,3338400,455975,2026-08-27
NIFTY,2026-09-01,24700.0,PE,376.45,540.0,366.65,513.4,513.4,10444,17079574356.0,268450,-31785,2026-08-27
NIFTY,2026-09-01,25350.0,PE,1072.9,1144.0,1066.9,1084.5,1238.71,43,73954338.25,2925,455,2026-08-27
NIFTY,2026-09-01,25650.0,PE,0.0,0.0,0.0,1315.0,1537.93,0,0.0,1040,0,2026-08-27
NIFTY,2026-09-01,26550.0,PE,0.0,0.0,0.0,2219.65,2437.12,0,0.0,0,0,2026-08-27
NIFTY,2026-09-01,27100.0,PE,0.0,0.0,0.0,2741.55,2986.66,0,0.0,0,0,2026-08-27
NIFTY,2026-09-08,23050.0,PE,4.6,6.65,4.55,6.05,6.05,432,647399002.25,41925,4550,2026-08-27
NIFTY,2026-09-08,23450.0,PE,8.9,16.1,8.35,13.65,13.65,7165,10926462127.75,111410,28015,2026-08-27
NIFTY,2026-09-08,23550.0,PE,12.2,19.7,10.25,18.0,18.0,5585,8554733833.75,85215,24245,2026-08-27
NIFTY,2026-09-08,24050.0,PE,49.75,103.7,49.75,93.0,93.0,12412,19468253606.75,165100,16055,2026-08-27
NIFTY,2026-09-08,24450.0,PE,206.5,320.5,201.6,297.45,297.45,11481,18445128682.5,129935,-263835,2026-08-27
NIFTY,2026-09-08,25050.0,PE,0.0,0.0,0.0,670.9,945.01,0,0.0,0,0,2026-08-27
NIFTY,2026-09-08,25500.0,PE,1241.0,1289.3,1241.0,1280.65,1280.65,59,102631431.5,3640,2210,2026-08-27
NIFTY,2026-09-08,26100.0,PE,0.0,0.0,0.0,1439.9,1958.09,0,0.0,0,0,2026-08-27
NIFTY,2026-09-15,22450.0,PE,0.0,0.0,0.0,17.6,7.45,0,0.0,0,0,2026-08-27
NIFTY,2026-09-15,23700.0,PE,31.15,51.95,29.45,48.65,48.65,2309,3563433409.25,98995,13260,2026-08-27
NIFTY,2026-09-15,24000.0,PE,68.1,115.95,68.1,108.85,108.85,5208,8156458352.25,322270,53560,2026-08-27
NIFTY,2026-11-23,22800.0,PE,0.0,0.0,0.0,159.45,189.12,0,0.0,0,0,2026-08-27
NIFTY,2026-11-23,23100.0,PE,0.0,0.0,0.0,216.2,254.4,0,0.0,0,0,2026-08-27
NIFTY,2026-11-23,23500.0,PE,190.0,190.0,173.3,173.3,173.3,21,32315140.0,1365,1365,2026-08-27
NIFTY,2026-11-23,23700.0,PE,0.0,0.0,0.0,372.35,431.53,0,0.0,0,0,2026-08-27
NIFTY,2026-11-23,23900.0,PE,0.0,0.0,0.0,438.75,505.88,0,0.0,0,0,2026-08-27
NIFTY,2026-11-23,24700.0,PE,0.0,0.0,0.0,781.9,883.62,0,0.0,0,0,2026-08-27
NIFTY,2026-11-23,24800.0,PE,629.7,629.7,569.75,569.75,939.88,8,13210086.5,260,260,2026-08-27
NIFTY,2026-11-23,25550.0,PE,0.0,0.0,0.0,1282.8,1421.45,0,0.0,0,0,2026-08-27
NIFTY,2027-06-29,21000.0,PE,144.25,144.45,129.9,138.15,149.19,13,17865588.0,7960,845,2026-08-27
NIFTY,2027-06-29,25500.0,PE,0.0,0.0,0.0,667.15,1448.01,0,0.0,0,0,2026-08-27
NIFTY,2027-12-28,17000.0,PE,0.0,0.0,0.0,54.0,12.2,0,0.0,17750,0,2026-08-27
NIFTY,2027-12-28,21000.0,PE,245.25,248.0,235.0,238.35,238.35,31,42800771.0,35360,130,2026-08-27
NIFTY,2028-06-27,24000.0,PE,0.0,0.0,0.0,1692.75,883.95,0,0.0,0,0,2026-08-27
NIFTY,2028-12-26,25500.0,PE,0.0,0.0,0.0,648.2,1326.3,0,0.0,0,0,2026-08-27
NIFTY,2029-06-26,28500.0,PE,0.0,0.0,0.0,1349.1,2382.77,0,0.0,0,0,2026-08-27
NIFTY,2029-06-26,33000.0,PE,0.0,0.0,0.0,3022.85,4751.96,0,0.0,0,0,2026-08-27
NIFTY,2029-12-24,22500.0,PE,0.0,0.0,0.0,225.7,541.71,0,0.0,0,0,2026-08-27
NIFTY,2029-12-24,27000.0,PE,0.0,0.0,0.0,1177.9,1660.99,0,0.0,0,0,2026-08-27
NIFTY,2029-12-24,28500.0,PE,0.0,0.0,0.0,1255.9,2209.69,0,0.0,0,0,2026-08-27
NIFTY,2031-06-24,27000.0,PE,0.0,0.0,0.0,1653.15,1363.04,0,0.0,0,0,2026-08-27
NIFTY,2026-09-01,22100.0,CE,0.0,0.0,0.0,2024.5,2009.19,0,0.0,65,0,2026-08-27
NIFTY,2026-09-01,22150.0,CE,0.0,0.0,0.0,2218.8,1959.23,0,0.0,0,0,2026-08-27
NIFTY,2026-09-01,24100.0,CE,255.4,264.85,138.75,155.25,155.25,796473,1257011070594.5,3021525,1785355,2026-08-27
NIFTY,2026-09-01,27000.0,CE,0.55,0.95,0.4,0.45,0.45,19156,33619507116.0,313040,6175,2026-08-27
NIFTY,2026-09-08,22450.0,CE,0.0,0.0,0.0,2309.55,1687.05,0,0.0,0,0,2026-08-27
NIFTY,2026-09-08,22500.0,CE,0.0,0.0,0.0,2261.5,1637.54,0,0.0,0,0,2026-08-27
NIFTY,2026-09-08,23950.0,CE,391.7,401.55,321.35,333.9,333.9,599,946342345.0,15340,8320,2026-08-27
NIFTY,2026-09-08,24200.0,CE,243.0,253.3,159.9,172.25,172.25,76046,120566719494.0,1655225,1055860,2026-08-27
NIFTY,2026-09-08,24500.0,CE,96.55,96.55,52.0,57.45,57.45,95122,151899914000.25,2304185,693550,2026-08-27
NIFTY,2026-09-08,24850.0,CE,25.3,25.3,11.6,13.15,13.15,16455,26595901933.25,242190,-140400,2026-08-27
NIFTY,2026-09-08,25250.0,CE,0.0,0.0,0.0,307.5,19.78,0,0.0,0,0,2026-08-27
NIFTY,2026-09-08,25350.0,CE,2.7,4.5,1.65,2.8,2.8,491,809135726.75,17030,17030,2026-08-27
NIFTY,2026-09-08,26000.0,CE,1.55,1.85,1.25,1.4,1.4,7448,12587822419.25,438035,74295,2026-08-27
NIFTY,2026-09-08,26250.0,CE,1.5,1.6,1.3,1.45,1.45,47,80198348.75,4095,2405,2026-08-27
NIFTY,2026-09-15,23350.0,CE,0.0,0.0,0.0,1354.25,897.73,0,0.0,0,0,2026-08-27
NIFTY,2026-09-15,23950.0,CE,468.05,468.05,398.75,424.95,472.31,26,41193928.75,845,780,2026-08-27
NIFTY,2026-09-15,25100.0,CE,0.0,0.0,0.0,301.2,72.26,0,0.0,0,0,2026-08-27
NIFTY,2026-09-15,25950.0,PE,0.0,0.0,0.0,1430.0,1786.99,0,0.0,0,0,2026-08-27
NIFTY,2026-09-22,23700.0,PE,0.0,0.0,0.0,244.2,210.95,0,0.0,0,0,2026-08-27
NIFTY,2026-09-22,24350.0,PE,214.2,270.1,214.15,265.5,265.5,67,107102651.5,2145,585,2026-08-27
NIFTY,2026-09-22,24500.0,PE,275.0,379.0,275.0,363.4,363.4,422,681231645.25,24440,3835,2026-08-27
NIFTY,2026-10-27,24350.0,CE,482.85,482.85,411.95,419.8,419.8,120,193311836.25,5070,2275,2026-08-27
NIFTY,2031-06-24,33000.0,PE,0.0,0.0,0.0,3810.15,3375.38,0,0.0,0,0,2026-08-27
NIFTY,2031-06-24,22500.0,PE,0.0,0.0,0.0,663.6,499.52,0,0.0,0,0,2026-08-27
NIFTY,2030-12-31,31500.0,PE,0.0,0.0,0.0,1885.5,3003.92,0,0.0,0,0,2026-08-27
NIFTY,2030-12-31,28500.0,PE,0.0,0.0,0.0,1083.1,1900.72,0,0.0,0,0,2026-08-27
NIFTY,2030-12-31,22500.0,PE,0.0,0.0,0.0,219.35,516.14,0,0.0,0,0,2026-08-27
NIFTY,2028-12-26,19500.0,PE,0.0,0.0,0.0,49.0,154.68,0,0.0,0,0,2026-08-27
NIFTY,2028-06-27,31500.0,PE,0.0,0.0,0.0,2935.6,4685.36,0,0.0,0,0,2026-08-27
NIFTY,2028-06-27,22500.0,PE,0.0,0.0,0.0,206.95,518.93,0,0.0,0,0,2026-08-27
NIFTY,2027-12-28,25500.0,PE,0.0,0.0,0.0,676.05,1428.22,0,0.0,0,0,2026-08-27
NIFTY,2027-06-29,16500.0,PE,0.0,0.0,0.0,21.55,1.44,0,0.0,780,0,2026-08-27
NIFTY,2027-03-30,28500.0,PE,0.0,0.0,0.0,2937.15,3575.32,0,0.0,65,0,2026-08-27
NIFTY,2027-03-30,21000.0,PE,69.85,74.75,69.55,72.9,72.9,287,393102381.75,448175,3705,2026-08-27
NIFTY,2026-12-29,25500.0,PE,959.95,1045.0,940.0,1032.85,1032.85,916,1576699601.75,440505,42640,2026-08-27
NIFTY,2026-11-23,26050.0,PE,0.0,0.0,0.0,1637.9,1795.03,0,0.0,0,0,2026-08-27
NIFTY,2026-11-23,25800.0,PE,0.0,0.0,0.0,1454.8,1604.56,0,0.0,0,0,2026-08-27
NIFTY,2026-11-23,24750.0,PE,0.0,0.0,0.0,807.55,911.51,0,0.0,0,0,2026-08-27
NIFTY,2026-11-23,24300.0,PE,392.2,392.2,378.75,378.75,678.63,11,17647844.5,715,715,2026-08-27
NIFTY,2026-11-23,23750.0,PE,0.0,0.0,0.0,388.25,449.38,0,0.0,0,0,2026-08-27
NIFTY,2026-09-15,23850.0,PE,0.0,0.0,0.0,204.05,217.25,0,0.0,0,0,2026-08-27
NIFTY,2026-11-23,22900.0,PE,0.0,0.0,0.0,176.95,209.29,0,0.0,0,0,2026-08-27
NIFTY,2026-11-23,22850.0,PE,0.0,0.0,0.0,168.05,199.01,0,0.0,0,0,2026-08-27
NIFTY,2026-10-27,26050.0,PE,0.0,0.0,0.0,1920.65,1808.96,0,0.0,0,0,2026-08-27
NIFTY,2026-10-27,25800.0,PE,1375.5,1375.5,1375.5,1375.5,1602.45,3,5299222.5,325,-65,2026-08-27
NIFTY,2026-10-27,24450.0,PE,371.0,410.95,361.0,400.35,400.35,97,156581363.25,11505,1105,2026-08-27
NIFTY,2026-10-27,23700.0,PE,115.65,152.25,107.0,148.85,148.85,1367,2118022796.5,180375,16380,2026-08-27
NIFTY,2026-10-27,23200.0,PE,0.0,0.0,0.0,342.0,210.03,0,0.0,0,0,2026-08-27
NIFTY,2026-09-29,30000.0,PE,5530.0,5610.0,5530.0,5608.9,5731.75,38,87840671.75,147810,520,2026-08-27
NIFTY,2026-09-29,27100.0,PE,0.0,0.0,0.0,2914.15,2853.53,0,0.0,0,0,2026-08-27
NIFTY,2026-09-29,26800.0,PE,0.0,0.0,0.0,2222.1,2559.47,0,0.0,1365,0,2026-08-27
NIFTY,2026-09-29,26650.0,PE,0.0,0.0,0.0,2517.6,2413.52,0,0.0,0,0,2026-08-27
NIFTY,2026-09-29,25800.0,PE,1440.0,1440.0,1440.0,1440.0,1613.64,1,1770600.0,21255,65,2026-08-27
NIFTY,2026-09-29,24700.0,PE,426.25,531.9,412.15,517.85,517.85,1187,1942373598.75,379340,-5720,2026-08-27
NIFTY,2026-09-29,22950.0,PE,20.2,25.45,19.75,24.7,24.7,303,452447336.25,31200,-3120,2026-08-27
NIFTY,2026-09-29,22800.0,PE,16.0,20.95,15.25,19.55,19.55,3784,5612354023.25,604240,1040,2026-08-27
NIFTY,2026-09-29,22150.0,PE,14.0,14.0,10.95,11.45,11.45,75,108036682.0,25090,-130,2026-08-27
NIFTY,2026-09-29,21850.0,PE,9.7,9.9,8.7,9.2,9.2,11,15629354.0,2860,-650,2026-08-27
NIFTY,2026-09-01,23450.0,CE,807.1,807.1,738.45,804.8,674.67,12,18898503.0,1950,0,2026-08-27
NIFTY,2026-09-01,24150.0,CE,213.4,225.3,110.2,126.85,126.85,1207168,1906494321072.25,3915405,3165110,2026-08-27
NIFTY,2026-09-01,25350.0,CE,1.4,2.4,1.05,1.4,1.4,73324,120827164295.5,868205,167830,2026-08-27
NIFTY,2026-09-01,25450.0,CE,1.05,2.2,0.95,1.15,1.15,36489,60365361735.25,649415,216385,2026-08-27
NIFTY,2026-09-01,25700.0,CE,0.7,1.6,0.65,0.85,0.85,137423,229573845666.75,2524600,487370,2026-08-27
NIFTY,2026-09-01,26350.0,CE,0.75,1.05,0.55,0.7,0.7,894,1531244000.0,18785,10075,2026-08-27
NIFTY,2026-09-01,26900.0,CE,0.85,0.95,0.45,0.5,0.5,4261,7450518816.0,94640,66885,2026-08-27
NIFTY,2026-09-01,27050.0,CE,0.6,1.35,0.4,0.45,0.45,1519,2670836853.75,45630,25025,2026-08-27
NIFTY,2026-09-08,22400.0,CE,0.0,0.0,0.0,2357.75,1736.63,0,0.0,0,0,2026-08-27
NIFTY,2026-09-08,22750.0,CE,0.0,0.0,0.0,2023.95,1391.73,0,0.0,0,0,2026-08-27
NIFTY,2026-09-08,23000.0,CE,1296.7,1296.7,1210.0,1210.0,1210.0,27,42589355.25,1495,1365,2026-08-27
NIFTY,2026-09-08,23350.0,CE,0.0,0.0,0.0,1481.65,832.38,0,0.0,0,0,2026-08-27
NIFTY,2026-09-08,23500.0,CE,834.25,834.25,714.8,737.2,737.2,265,418006494.75,21840,2795,2026-08-27
NIFTY,2026-09-08,24250.0,CE,227.7,227.7,136.15,145.35,145.35,24937,39578786552.5,498940,332540,2026-08-27
NIFTY,2026-09-08,24350.0,CE,168.95,168.95,95.1,104.25,104.25,19024,30255687341.75,352625,110760,2026-08-27
NIFTY,2026-09-15,23850.0,CE,465.0,465.0,465.0,465.0,465.0,1,1580475.0,65,65,2026-08-27
NIFTY,2026-09-15,24200.0,CE,293.4,308.4,217.1,226.8,226.8,7595,12070188871.0,213265,112710,2026-08-27
NIFTY,2026-09-15,24250.0,CE,282.0,282.0,191.55,200.9,200.9,1776,2824976141.0,48750,27560,2026-08-27
NIFTY,2026-09-15,24450.0,CE,146.5,155.0,107.0,113.2,113.2,1122,1792362097.5,35230,14235,2026-08-27
NIFTY,2026-09-15,24200.0,PE,127.3,190.75,117.8,180.45,180.45,6734,10662782214.5,163280,-41145,2026-08-27
NIFTY,2026-09-15,24700.0,PE,430.25,515.0,392.25,505.55,505.55,149,243663800.25,8125,5330,2026-08-27
NIFTY,2026-09-15,25700.0,PE,0.0,0.0,0.0,1223.4,1546.61,0,0.0,0,0,2026-08-27
NIFTY,2026-09-15,25800.0,PE,0.0,0.0,0.0,1304.65,1642.15,0,0.0,0,0,2026-08-27
NIFTY,2026-09-15,25900.0,PE,0.0,0.0,0.0,1387.75,1738.53,0,0.0,0,0,2026-08-27
NIFTY,2026-09-15,26100.0,PE,0.0,0.0,0.0,1559.2,1933.27,0,0.0,0,0,2026-08-27
NIFTY,2026-09-22,22600.0,PE,0.0,0.0,0.0,41.4,24.79,0,0.0,0,0,2026-08-27
NIFTY,2026-09-22,23300.0,PE,0.0,0.0,0.0,138.95,108.29,0,0.0,0,0,2026-08-27
NIFTY,2026-09-22,23450.0,PE,0.0,0.0,0.0,173.4,140.99,0,0.0,0,0,2026-08-27
NIFTY,2026-09-22,23900.0,PE,134.35,134.35,84.25,111.45,111.45,123,191903348.0,2340,2340,2026-08-27
NIFTY,2026-09-22,24300.0,PE,187.8,265.0,182.75,255.8,255.8,776,1237089415.25,21515,2275,2026-08-27
NIFTY,2026-09-22,25900.0,PE,0.0,0.0,0.0,1658.45,1724.25,0,0.0,0,0,2026-08-27
NIFTY,2026-09-22,26000.0,PE,0.0,0.0,0.0,1748.6,1818.78,0,0.0,0,0,2026-08-27
NIFTY,2026-09-29,15000.0,PE,1.3,1.35,0.65,1.35,1.35,15,14626176.5,47385,-65,2026-08-27
NIFTY,2026-09-29,21900.0,PE,8.2,14.35,7.1,9.65,9.65,456,649409198.75,148330,-455,2026-08-27
NIFTY,2026-09-29,22500.0,PE,13.95,15.0,12.25,14.35,14.35,9264,13556709656.75,2075970,47515,2026-08-27
NIFTY,2026-09-29,22650.0,PE,16.8,16.95,14.8,15.5,42.92,82,120809832.0,21775,455,2026-08-27
NIFTY,2026-09-29,26950.0,PE,0.0,0.0,0.0,2780.25,2706.2,0,0.0,0,0,2026-08-27
NIFTY,2026-09-29,27000.0,PE,2580.0,2696.95,2580.0,2684.55,2684.55,158,304488340.0,1590255,3640,2026-08-27
NIFTY,2026-09-29,31500.0,PE,0.0,0.0,0.0,4341.2,7222.88,0,0.0,0,0,2026-08-27
NIFTY,2026-10-27,22400.0,PE,26.5,29.85,23.3,28.7,28.7,88,128281546.25,38220,0,2026-08-27
NIFTY,2026-10-27,24100.0,PE,209.65,265.6,201.75,260.2,260.2,1013,1602691350.0,75205,20995,2026-08-27
NIFTY,2026-10-27,24150.0,PE,224.55,280.0,218.95,275.5,275.5,190,301298708.75,23595,7085,2026-08-27
NIFTY,2026-10-27,25050.0,PE,0.0,0.0,0.0,540.05,1045.52,0,0.0,325,0,2026-08-27
NIFTY,2026-10-27,25250.0,PE,0.0,0.0,0.0,883.6,1183.48,0,0.0,130,0,2026-08-27
NIFTY,2026-10-27,26100.0,PE,0.0,0.0,0.0,1960.3,1851.29,0,0.0,0,0,2026-08-27
NIFTY,2026-10-27,26900.0,PE,0.0,0.0,0.0,2631.85,2565.17,0,0.0,0,0,2026-08-27
NIFTY,2026-11-23,23000.0,PE,110.0,110.0,85.15,93.0,93.0,530,795462528.25,17485,17485,2026-08-27
NIFTY,2026-11-23,23200.0,PE,0.0,0.0,0.0,238.1,280.28,0,0.0,0,0,2026-08-27
NIFTY,2026-11-23,23300.0,PE,0.0,0.0,0.0,261.6,305.93,0,0.0,0,0,2026-08-27
NIFTY,2026-11-23,23350.0,PE,0.0,0.0,0.0,274.9,320.01,0,0.0,0,0,2026-08-27
NIFTY,2026-11-23,24150.0,PE,361.45,361.45,331.4,331.4,610.05,2,3184535.25,130,130,2026-08-27
NIFTY,2026-11-23,24400.0,PE,0.0,0.0,0.0,638.45,726.78,0,0.0,0,0,2026-08-27
NIFTY,2026-11-23,25100.0,PE,0.0,0.0,0.0,1000.75,1120.21,0,0.0,0,0,2026-08-27
NIFTY,2026-11-23,25350.0,PE,0.0,0.0,0.0,1152.95,1283.21,0,0.0,0,0,2026-08-27
NIFTY,2026-11-23,26000.0,PE,1336.85,1430.0,1336.85,1430.0,1756.06,3,5340734.75,195,195,2026-08-27
NIFTY,2027-03-30,16500.0,PE,0.0,0.0,0.0,20.25,0.25,0,0.0,1560,0,2026-08-27
NIFTY,2027-06-29,19000.0,PE,0.0,0.0,0.0,195.0,28.39,0,0.0,1135,0,2026-08-27
NIFTY,2026-09-01,25900.0,CE,0.95,1.3,0.6,0.7,0.7,52054,87635670447.0,1045525,304785,2026-08-27
NIFTY,2026-09-01,25800.0,CE,0.65,1.4,0.65,0.75,0.75,68861,115483650291.75,1784705,2080,2026-08-27
NIFTY,2026-09-01,25000.0,CE,3.0,4.1,2.0,2.55,2.55,853574,1387226539500.75,11331125,2429245,2026-08-27
NIFTY,2026-09-01,24400.0,CE,80.0,80.0,26.85,31.8,31.8,1402679,2228608703750.0,12233845,3536585,2026-08-27
NIFTY,2026-09-01,24350.0,CE,97.8,97.95,37.1,43.55,43.55,1013530,1607975195859.5,8015475,2313545,2026-08-27
NIFTY,2026-09-01,24250.0,CE,145.4,162.0,66.3,76.9,76.9,1389597,2199198315977.0,5785780,3583125,2026-08-27
NIFTY,2026-09-01,24000.0,CE,339.4,351.85,208.05,227.75,227.75,269691,425267153285.0,1693705,741325,2026-08-27
NIFTY,2026-09-01,23350.0,CE,0.0,0.0,0.0,960.1,768.69,0,0.0,65,0,2026-08-27
NIFTY,2027-06-29,19500.0,PE,0.0,0.0,0.0,17.3,45.23,0,0.0,0,0,2026-08-27
NIFTY,2027-12-28,18000.0,PE,0.0,0.0,0.0,181.05,29.74,0,0.0,11915,0,2026-08-27
NIFTY,2027-12-28,19000.0,PE,0.0,0.0,0.0,123.05,64.39,0,0.0,4900,0,2026-08-27
NIFTY,2027-12-28,20000.0,PE,169.9,174.5,169.0,169.0,169.0,8,10488985.0,54955,325,2026-08-27
NIFTY,2028-06-27,28500.0,PE,0.0,0.0,0.0,1560.85,2794.89,0,0.0,0,0,2026-08-27
NIFTY,2028-12-26,22000.0,PE,0.0,0.0,0.0,475.0,450.97,0,0.0,8670,0,2026-08-27
NIFTY,2030-12-31,30000.0,PE,0.0,0.0,0.0,1450.1,2419.13,0,0.0,0,0,2026-08-27
NIFTY,2031-06-24,24000.0,PE,0.0,0.0,0.0,933.85,727.71,0,0.0,65,0,2026-08-27
NIFTY,2031-06-24,25500.0,PE,0.0,0.0,0.0,1262.85,1014.99,0,0.0,0,0,2026-08-27
NIFTY,2031-06-24,28500.0,PE,0.0,0.0,0.0,2104.2,1773.28,0,0.0,0,0,2026-08-27
NIFTY,2031-06-24,30000.0,PE,0.0,0.0,0.0,2616.25,2247.35,0,0.0,0,0,2026-08-27
NIFTY,2026-09-08,25650.0,CE,2.9,3.05,2.15,2.3,2.3,234,390173862.0,14820,3640,2026-08-27
NIFTY,2026-09-08,25300.0,CE,4.85,5.4,3.7,4.2,4.2,17193,28278710079.75,413465,-51285,2026-08-27
NIFTY,2026-09-22,25650.0,CE,0.0,0.0,0.0,92.45,43.94,0,0.0,0,0,2026-08-27
NIFTY,2026-09-29,27000.0,CE,2.95,3.2,2.75,3.0,3.0,2602,4567016486.5,1910090,-6435,2026-08-27
NIFTY,2026-09-29,26100.0,CE,0.0,0.0,0.0,223.8,34.02,0,0.0,0,0,2026-08-27
NIFTY,2026-09-29,22900.0,CE,0.0,0.0,0.0,1540.0,1395.6,0,0.0,4030,0,2026-08-27
NIFTY,2026-09-22,24850.0,CE,63.85,65.0,46.65,51.1,51.1,130,210445833.0,10465,1885,2026-08-27
NIFTY,2026-09-22,24700.0,CE,108.0,111.65,74.05,80.1,80.1,314,505893735.75,6565,3705,2026-08-27
NIFTY,2026-09-22,24150.0,CE,341.25,354.15,300.0,314.2,314.2,230,365927584.75,8580,7930,2026-08-27
NIFTY,2026-09-15,25400.0,CE,0.0,0.0,0.0,211.35,37.77,0,0.0,0,0,2026-08-27
NIFTY,2026-09-08,25850.0,CE,2.0,2.45,1.5,1.7,1.7,98,164677594.25,6890,1365,2026-08-27
NIFTY,2026-09-08,25050.0,CE,10.0,10.15,6.15,7.35,7.35,9763,15901502357.0,129480,43225,2026-08-27
NIFTY,2026-09-01,22550.0,CE,0.0,0.0,0.0,1849.95,1559.58,0,0.0,0,0,2026-08-27
NIFTY,2026-09-01,23500.0,CE,822.1,839.05,671.0,689.4,689.4,2574,4055913478.5,137475,-3640,2026-08-27
NIFTY,2026-09-29,30000.0,CE,1.35,1.45,1.0,1.45,1.45,84,163807611.5,309685,-2730,2026-08-27
NIFTY,2026-09-29,26750.0,CE,4.0,4.5,3.15,4.5,4.5,29,50430744.0,7020,585,2026-08-27
NIFTY,2026-09-29,26450.0,CE,3.3,4.05,3.3,4.05,17.75,18,30950799.75,585,585,2026-08-27
NIFTY,2026-09-29,26050.0,CE,0.0,0.0,0.0,232.8,37.18,0,0.0,0,0,2026-08-27
NIFTY,2026-09-29,25900.0,CE,0.0,0.0,0.0,261.75,48.22,0,0.0,0,0,2026-08-27
NIFTY,2026-09-29,25700.0,CE,10.05,10.7,9.1,9.8,9.8,3105,5188893502.0,350350,4810,2026-08-27
NIFTY,2026-09-29,25550.0,CE,14.4,15.15,11.95,12.6,12.6,703,1168142062.75,57265,16055,2026-08-27
NIFTY,2026-09-29,25450.0,CE,20.65,20.65,15.3,16.15,16.15,613,1014733668.0,51805,-845,2026-08-27
NIFTY,2026-09-29,25000.0,CE,68.0,70.6,47.0,51.35,51.35,66134,107709432707.5,5797350,325390,2026-08-27
NIFTY,2026-09-29,24750.0,CE,128.6,133.85,93.0,98.4,98.4,2510,4055841234.25,140920,8580,2026-08-27
NIFTY,2026-09-29,24650.0,CE,162.4,166.7,121.1,127.45,127.45,3533,5694865562.75,123500,-36140,2026-08-27
NIFTY,2026-09-29,24600.0,CE,185.4,189.85,136.35,141.9,141.9,16884,27168847524.0,1124175,109720,2026-08-27
NIFTY,2026-09-29,24350.0,CE,305.4,325.0,237.15,244.9,244.9,4092,6547413801.5,386685,8255,2026-08-27
NIFTY,2026-09-29,23150.0,CE,0.0,0.0,0.0,1373.85,1185.09,0,0.0,390,0,2026-08-27
NIFTY,2026-09-29,22700.0,CE,1650.0,1650.0,1650.0,1650.0,1572.49,1,1582750.0,1040,-65,2026-08-27
NIFTY,2026-09-29,22550.0,CE,0.0,0.0,0.0,1749.2,1709.19,0,0.0,130,0,2026-08-27
NIFTY,2026-09-29,22450.0,CE,0.0,0.0,0.0,1843.95,1801.92,0,0.0,65,0,2026-08-27
NIFTY,2026-09-29,22000.0,CE,2350.0,2376.0,2255.7,2271.2,2271.2,209,330444764.0,774475,7605,2026-08-27
NIFTY,2026-09-29,21850.0,CE,2400.0,2400.0,2400.0,2400.0,2400.0,1,1576250.0,65,65,2026-08-27
NIFTY,2026-09-22,25550.0,CE,0.0,0.0,0.0,60.5,53.15,0,0.0,65,0,2026-08-27
NIFTY,2026-09-22,25500.0,CE,9.9,11.0,8.45,9.5,9.5,638,1057888175.5,30225,12935,2026-08-27
NIFTY,2026-09-22,23500.0,CE,850.0,875.0,806.4,806.4,806.4,7,11077586.0,325,130,2026-08-27
NIFTY,2026-09-15,26000.0,CE,3.25,3.5,2.7,3.1,3.1,365,616923443.5,39195,4615,2026-08-27
NIFTY,2026-09-15,25550.0,CE,0.0,0.0,0.0,175.2,26.6,0,0.0,0,0,2026-08-27
NIFTY,2026-09-15,25150.0,CE,0.0,0.0,0.0,284.5,65.17,0,0.0,0,0,2026-08-27
NIFTY,2026-09-15,24900.0,CE,0.0,0.0,0.0,375.05,107.21,0,0.0,0,0,2026-08-27
NIFTY,2026-09-15,24650.0,CE,73.0,86.95,55.0,59.3,59.3,711,1142252449.0,30290,5720,2026-08-27
NIFTY,2026-09-15,24600.0,CE,128.0,128.0,65.05,70.4,70.4,3910,6272085972.75,174720,48880,2026-08-27
NIFTY,2026-09-15,24050.0,CE,336.0,370.9,310.9,318.4,318.4,113,179090990.0,5070,2860,2026-08-27
NIFTY,2026-09-15,23100.0,CE,0.0,0.0,0.0,1569.25,1110.51,0,0.0,0,0,2026-08-27
NIFTY,2026-09-15,22600.0,CE,0.0,0.0,0.0,2026.95,1573.98,0,0.0,0,0,2026-08-27
NIFTY,2026-09-08,26150.0,CE,0.0,0.0,0.0,1.45,0.72,0,0.0,585,0,2026-08-27
NIFTY,2026-09-08,25400.0,CE,4.2,4.95,2.65,3.5,3.5,8246,13616105204.0,187915,27560,2026-08-27
NIFTY,2031-06-24,18000.0,PE,0.0,0.0,0.0,173.45,112.49,0,0.0,0,0,2026-08-27
NIFTY,2029-12-24,25000.0,PE,0.0,0.0,0.0,1000.0,1068.14,0,0.0,1135,0,2026-08-27
NIFTY,2029-06-26,19500.0,PE,0.0,0.0,0.0,56.0,173.56,0,0.0,0,0,2026-08-27
NIFTY,2026-10-27,25100.0,CE,147.95,154.35,121.65,127.8,127.8,1172,1922428797.25,121680,7410,2026-08-27
NIFTY,2026-10-27,25300.0,CE,0.0,0.0,0.0,432.4,285.95,0,0.0,0,0,2026-08-27
NIFTY,2026-09-08,24050.0,CE,375.0,375.0,249.45,262.0,262.0,2504,3960631990.25,54015,41665,2026-08-27
NIFTY,2026-09-08,23050.0,CE,0.0,0.0,0.0,1746.8,1104.01,0,0.0,0,0,2026-08-27
NIFTY,2029-06-26,18000.0,PE,0.0,0.0,0.0,118.45,83.4,0,0.0,0,0,2026-08-27
NIFTY,2029-06-26,16500.0,PE,0.0,0.0,0.0,8.1,34.75,0,0.0,0,0,2026-08-27
NIFTY,2028-12-26,31500.0,PE,0.0,0.0,0.0,2673.4,4251.01,0,0.0,0,0,2026-08-27
NIFTY,2028-12-26,24000.0,PE,0.0,0.0,0.0,663.1,877.27,0,0.0,4680,0,2026-08-27
NIFTY,2028-06-27,27000.0,PE,0.0,0.0,0.0,2752.35,2022.35,0,0.0,0,0,2026-08-27
NIFTY,2027-06-29,27000.0,PE,0.0,0.0,0.0,1780.0,2314.1,0,0.0,130,0,2026-08-27
NIFTY,2027-06-29,18000.0,PE,0.0,0.0,0.0,220.0,9.93,0,0.0,230,0,2026-08-27
NIFTY,2027-03-30,18000.0,PE,0.0,0.0,0.0,37.3,3.12,0,0.0,65,0,2026-08-27
NIFTY,2026-12-29,22000.0,PE,59.4,66.7,59.2,62.8,62.8,5417,7768293877.5,1744570,29020,2026-08-27
NIFTY,2026-12-29,19000.0,PE,23.65,24.35,21.15,22.6,22.6,1053,1302007557.5,615980,2015,2026-08-27
NIFTY,2026-11-23,25700.0,PE,0.0,0.0,0.0,1384.75,1529.43,0,0.0,0,0,2026-08-27
NIFTY,2026-11-23,23650.0,PE,0.0,0.0,0.0,356.9,414.17,0,0.0,0,0,2026-08-27
NIFTY,2026-11-23,23450.0,PE,0.0,0.0,0.0,300.7,349.52,0,0.0,0,0,2026-08-27
NIFTY,2026-11-23,22700.0,PE,68.0,68.0,60.0,65.0,170.44,10,14795690.0,520,455,2026-08-27
NIFTY,2026-10-27,25950.0,PE,0.0,0.0,0.0,1842.3,1725.29,0,0.0,0,0,2026-08-27
NIFTY,2026-10-27,25350.0,PE,0.0,0.0,0.0,865.7,1255.5,0,0.0,260,0,2026-08-27
NIFTY,2026-10-27,23500.0,PE,90.0,117.75,86.5,114.0,114.0,5826,8938649073.25,811135,110825,2026-08-27
NIFTY,2026-10-27,22300.0,PE,23.6,27.05,22.15,25.85,25.85,387,561572973.0,60775,-4030,2026-08-27
NIFTY,2026-09-29,26550.0,PE,0.0,0.0,0.0,2431.75,2316.75,0,0.0,0,0,2026-08-27
NIFTY,2026-09-29,26400.0,PE,0.0,0.0,0.0,1887.6,2172.58,0,0.0,3770,0,2026-08-27
NIFTY,2026-09-29,26350.0,PE,0.0,0.0,0.0,2262.9,2124.82,0,0.0,0,0,2026-08-27
NIFTY,2026-09-29,26150.0,PE,0.0,0.0,0.0,1720.0,1935.61,0,0.0,65,0,2026-08-27
NIFTY,2026-09-29,24550.0,PE,334.05,428.25,325.25,420.5,420.5,672,1089350252.25,66690,-2665,2026-08-27
NIFTY,2026-09-29,24000.0,PE,122.9,173.75,116.85,165.8,165.8,45058,70729153540.5,5611350,84630,2026-08-27
NIFTY,2026-09-29,23550.0,PE,49.35,73.05,47.5,70.15,70.15,884,1356867902.0,65780,-1625,2026-08-27
NIFTY,2026-09-29,23500.0,PE,47.55,66.75,42.1,63.1,63.1,35242,53960605731.5,3845985,95615,2026-08-27
NIFTY,2026-09-22,25950.0,PE,0.0,0.0,0.0,1703.35,1771.4,0,0.0,0,0,2026-08-27
NIFTY,2026-09-22,25700.0,PE,0.0,0.0,0.0,1482.25,1538.32,0,0.0,0,0,2026-08-27
NIFTY,2026-09-22,25650.0,PE,0.0,0.0,0.0,1439.15,1492.61,0,0.0,0,0,2026-08-27
NIFTY,2026-09-22,24850.0,PE,0.0,0.0,0.0,818.9,825.01,0,0.0,0,0,2026-08-27
NIFTY,2026-09-22,24650.0,PE,0.0,0.0,0.0,689.35,684.17,0,0.0,0,0,2026-08-27
NIFTY,2026-09-15,24750.0,CE,0.0,0.0,0.0,438.3,142.17,0,0.0,0,0,2026-08-27
NIFTY,2026-09-15,24950.0,CE,0.0,0.0,0.0,355.5,97.41,0,0.0,0,0,2026-08-27
NIFTY,2026-09-15,25350.0,CE,0.0,0.0,0.0,224.65,42.28,0,0.0,0,0,2026-08-27
NIFTY,2026-09-22,23050.0,CE,0.0,0.0,0.0,1331.55,1207.22,0,0.0,0,0,2026-08-27
NIFTY,2026-09-22,23350.0,CE,0.0,0.0,0.0,1089.75,959.9,0,0.0,0,0,2026-08-27
NIFTY,2026-09-22,23400.0,CE,0.0,0.0,0.0,1051.55,921.0,0,0.0,0,0,2026-08-27
NIFTY,2026-09-22,23450.0,CE,0.0,0.0,0.0,1013.95,882.85,0,0.0,0,0,2026-08-27
NIFTY,2026-09-22,24200.0,CE,355.3,359.6,269.55,283.05,283.05,791,1259870199.25,29575,15470,2026-08-27
NIFTY,2026-09-22,24650.0,CE,0.0,0.0,0.0,336.8,231.2,0,0.0,0,0,2026-08-27
NIFTY,2026-09-22,26050.0,CE,0.0,0.0,0.0,49.7,19.43,0,0.0,0,0,2026-08-27
NIFTY,2026-09-22,25600.0,PE,0.0,0.0,0.0,1396.5,1447.24,0,0.0,0,0,2026-08-27
NIFTY,2026-09-22,25300.0,PE,0.0,0.0,0.0,1150.25,1183.68,0,0.0,0,0,2026-08-27
NIFTY,2026-09-22,25100.0,PE,0.0,0.0,0.0,997.6,1018.02,0,0.0,0,0,2026-08-27
NIFTY,2026-09-29,23900.0,CE,598.05,608.7,507.55,519.35,519.35,684,1087092308.25,59085,585,2026-08-27
NIFTY,2026-09-29,24000.0,CE,542.4,555.0,442.0,455.6,455.6,17456,27779222058.25,2939950,139620,2026-08-27
NIFTY,2026-09-29,24100.0,CE,468.4,477.05,374.25,388.9,388.9,13171,20983015072.5,521170,163865,2026-08-27
NIFTY,2026-09-29,24850.0,CE,99.6,116.0,71.7,75.55,75.55,1780,2884748012.25,140010,12870,2026-08-27
NIFTY,2026-09-29,25650.0,CE,11.5,11.55,9.9,10.6,10.6,225,375288943.25,27755,3315,2026-08-27
NIFTY,2026-09-29,26700.0,CE,0.0,0.0,0.0,3.35,10.81,0,0.0,2535,0,2026-08-27
NIFTY,2026-09-29,26900.0,CE,3.5,4.4,3.0,3.5,3.5,100,174870540.0,5590,1690,2026-08-27
NIFTY,2026-10-27,22900.0,CE,0.0,0.0,0.0,1691.95,1587.57,0,0.0,0,0,2026-08-27
NIFTY,2026-10-27,23300.0,CE,1160.0,1160.0,1160.0,1160.0,1280.67,1,1589900.0,2015,65,2026-08-27
NIFTY,2026-09-22,25000.0,PE,0.0,0.0,0.0,680.0,938.83,0,0.0,0,0,2026-08-27
NIFTY,2026-10-27,26150.0,CE,0.0,0.0,0.0,228.35,119.91,0,0.0,0,0,2026-08-27
NIFTY,2026-10-27,26550.0,CE,0.0,0.0,0.0,164.25,75.72,0,0.0,0,0,2026-08-27
NIFTY,2026-10-27,26800.0,CE,0.0,0.0,0.0,132.4,55.89,0,0.0,0,0,2026-08-27
NIFTY,2026-10-27,26950.0,CE,0.0,0.0,0.0,115.95,46.3,0,0.0,0,0,2026-08-27
NIFTY,2026-11-23,22550.0,CE,0.0,0.0,0.0,2241.1,2039.79,0,0.0,0,0,2026-08-27
NIFTY,2026-11-23,22900.0,CE,0.0,0.0,0.0,1951.7,1759.48,0,0.0,0,0,2026-08-27
NIFTY,2026-11-23,24400.0,CE,0.0,0.0,0.0,935.5,800.5,0,0.0,0,0,2026-08-27
NIFTY,2026-11-23,24700.0,CE,446.6,446.6,385.25,390.2,390.2,24,39171993.25,1885,975,2026-08-27
NIFTY,2026-11-23,25000.0,CE,304.95,314.85,264.15,269.8,269.8,1830,3007660399.25,93405,62530,2026-08-27
NIFTY,2026-11-23,25350.0,CE,0.0,0.0,0.0,514.1,421.84,0,0.0,0,0,2026-08-27
NIFTY,2026-11-23,26050.0,CE,0.0,0.0,0.0,309.45,244.64,0,0.0,0,0,2026-08-27
NIFTY,2026-12-29,23000.0,CE,1860.6,1890.0,1780.0,1798.05,1798.05,369,595706962.5,328655,4810,2026-08-27
NIFTY,2027-06-29,19000.0,CE,0.0,0.0,0.0,7800.0,6135.96,0,0.0,75,0,2026-08-27
NIFTY,2027-06-29,31500.0,CE,0.0,0.0,0.0,769.15,134.56,0,0.0,0,0,2026-08-27
NIFTY,2028-06-27,18000.0,CE,0.0,0.0,0.0,6809.35,8183.49,0,0.0,0,0,2026-08-27
NIFTY,2029-06-26,28500.0,CE,0.0,0.0,0.0,4213.3,2806.96,0,0.0,0,0,2026-08-27
NIFTY,2029-06-26,30000.0,CE,0.0,0.0,0.0,5268.4,2266.16,0,0.0,0,0,2026-08-27
NIFTY,2029-12-24,31500.0,CE,0.0,0.0,0.0,3429.3,2328.4,0,0.0,0,0,2026-08-27
NIFTY,2030-06-25,22500.0,CE,0.0,0.0,0.0,9012.4,7121.16,0,0.0,0,0,2026-08-27
NIFTY,2030-12-31,30000.0,CE,0.0,0.0,0.0,5227.2,3954.63,0,0.0,0,0,2026-08-27
NIFTY,2031-06-24,24000.0,CE,0.0,0.0,0.0,7181.9,7332.98,0,0.0,0,0,2026-08-27
NIFTY,2026-09-01,23950.0,PE,12.0,33.4,9.7,25.55,25.55,673237,1049010787431.75,2068170,479635,2026-08-27
NIFTY,2026-09-01,24650.0,PE,345.95,496.25,284.75,463.15,463.15,6931,11289928975.0,132145,-22490,2026-08-27
NIFTY,2026-09-01,24950.0,PE,631.25,782.45,631.2,744.5,744.5,259,432171509.25,21645,1495,2026-08-27
NIFTY,2026-09-01,25250.0,PE,1014.8,1067.45,983.5,989.5,1139.35,21,35834051.5,1430,260,2026-08-27
NIFTY,2026-09-01,25400.0,PE,1157.95,1232.05,1157.95,1219.0,1219.0,129,223005412.5,36400,-780,2026-08-27
NIFTY,2026-09-01,26100.0,PE,0.0,0.0,0.0,1870.0,1987.49,0,0.0,130,0,2026-08-27
NIFTY,2026-09-01,26600.0,PE,0.0,0.0,0.0,2266.3,2487.08,0,0.0,0,0,2026-08-27
NIFTY,2026-09-08,23300.0,PE,6.2,10.3,6.1,9.7,9.7,12831,19439567420.0,330005,53625,2026-08-27
NIFTY,2026-09-08,24400.0,PE,187.4,284.75,176.05,265.3,265.3,23498,37626389580.0,786695,154180,2026-08-27
NIFTY,2026-09-08,24500.0,PE,239.4,357.9,233.85,332.9,332.9,15571,25105138870.5,686400,23660,2026-08-27
NIFTY,2026-09-08,25100.0,PE,837.0,837.0,837.0,837.0,990.16,1,1685905.0,130,65,2026-08-27
NIFTY,2026-09-08,25700.0,PE,0.0,0.0,0.0,1116.5,1562.32,0,0.0,0,0,2026-08-27
NIFTY,2026-09-08,26350.0,PE,0.0,0.0,0.0,1656.4,2207.0,0,0.0,0,0,2026-08-27
NIFTY,2026-09-15,23800.0,PE,37.8,68.0,37.8,62.5,62.5,2998,4648857349.5,220545,35295,2026-08-27
NIFTY,2026-09-15,24100.0,PE,92.85,149.85,89.85,141.7,141.7,3465,5456053999.5,144885,12740,2026-08-27
NIFTY,2027-12-28,16500.0,PE,0.0,0.0,0.0,52.05,7.42,0,0.0,130,0,2026-08-27
NIFTY,2027-03-30,27000.0,PE,1908.0,1987.65,1900.0,1981.75,1981.75,36,67715102.0,53560,585,2026-08-27
NIFTY,2026-12-29,31500.0,PE,0.0,0.0,0.0,4059.3,6718.63,0,0.0,0,0,2026-08-27
NIFTY,2026-12-29,28000.0,PE,3117.0,3225.0,3117.0,3203.75,3203.75,65,131673587.5,912440,195,2026-08-27
NIFTY,2026-12-29,21000.0,PE,38.05,39.4,36.05,37.55,37.55,1786,2442248230.5,1056510,-12155,2026-08-27
NIFTY,2026-11-23,25950.0,PE,0.0,0.0,0.0,1562.8,1717.44,0,0.0,0,0,2026-08-27
NIFTY,2026-11-23,25400.0,PE,0.0,0.0,0.0,1184.75,1317.14,0,0.0,0,0,2026-08-27
NIFTY,2026-11-23,25200.0,PE,0.0,0.0,0.0,1060.25,1184.07,0,0.0,0,0,2026-08-27
NIFTY,2026-11-23,23400.0,PE,0.0,0.0,0.0,287.6,334.53,0,0.0,0,0,2026-08-27
NIFTY,2026-11-23,23150.0,PE,0.0,0.0,0.0,226.95,267.63,0,0.0,0,0,2026-08-27
NIFTY,2026-11-23,23050.0,PE,0.0,0.0,0.0,205.8,242.51,0,0.0,0,0,2026-08-27
NIFTY,2026-11-23,22550.0,PE,0.0,0.0,0.0,121.55,145.1,0,0.0,0,0,2026-08-27
NIFTY,2026-10-27,27000.0,PE,0.0,0.0,0.0,2386.7,2658.2,0,0.0,27430,0,2026-08-27
NIFTY,2026-10-27,26300.0,PE,0.0,0.0,0.0,2121.9,2023.7,0,0.0,0,0,2026-08-27
NIFTY,2026-10-27,25300.0,PE,896.45,915.0,896.4,915.0,1219.24,3,5109510.25,715,0,2026-08-27
NIFTY,2026-10-27,24250.0,PE,262.85,316.1,262.85,308.75,308.75,79,125997790.75,18460,1170,2026-08-27
NIFTY,2026-10-27,24050.0,PE,203.35,245.3,201.15,242.1,242.1,33,52053946.75,3835,1040,2026-08-27
NIFTY,2026-10-27,23900.0,PE,165.0,201.15,161.0,197.75,197.75,530,829760330.75,104065,2535,2026-08-27
NIFTY,2026-10-27,23250.0,PE,0.0,0.0,0.0,356.75,222.22,0,0.0,0,0,2026-08-27
NIFTY,2026-10-27,22450.0,PE,0.0,0.0,0.0,43.05,80.93,0,0.0,845,0,2026-08-27
NIFTY,2026-10-27,22350.0,PE,0.0,0.0,0.0,31.95,70.11,0,0.0,2145,0,2026-08-27
NIFTY,2026-09-29,26600.0,PE,0.0,0.0,0.0,2474.55,2365.08,0,0.0,0,0,2026-08-27
NIFTY,2026-09-29,26250.0,PE,0.0,0.0,0.0,2180.0,2029.83,0,0.0,0,0,2026-08-27
NIFTY,2026-09-29,26100.0,PE,0.0,0.0,0.0,1621.6,1888.83,0,0.0,9295,0,2026-08-27
NIFTY,2026-09-29,25500.0,PE,1064.9,1233.0,1064.9,1212.75,1212.75,507,878919112.5,1594645,-1170,2026-08-27
NIFTY,2026-09-29,25100.0,PE,717.6,852.05,709.4,822.3,822.3,189,318046199.25,79235,-455,2026-08-27
NIFTY,2026-09-29,23800.0,PE,78.5,119.1,73.95,114.0,114.0,15985,24834201031.25,1374750,161200,2026-08-27
NIFTY,2026-09-29,23100.0,PE,22.2,32.3,22.2,31.3,31.3,3415,5133628194.5,523315,-6890,2026-08-27
NIFTY,2026-09-29,22700.0,PE,15.2,18.55,13.65,17.75,17.75,1352,1996335172.0,344955,-6110,2026-08-27
NIFTY,2026-09-29,22000.0,PE,10.7,12.05,9.55,10.55,10.55,9617,13758705779.0,2279420,147810,2026-08-27
NIFTY,2026-09-22,25500.0,PE,0.0,0.0,0.0,1312.45,1357.65,0,0.0,0,0,2026-08-27
NIFTY,2026-09-22,25350.0,PE,0.0,0.0,0.0,1190.0,1226.46,0,0.0,0,0,2026-08-27
NIFTY,2026-09-22,24250.0,PE,195.0,239.45,192.1,233.3,233.3,107,170069893.5,1300,-2795,2026-08-27
NIFTY,2026-09-22,23750.0,PE,0.0,0.0,0.0,260.6,227.52,0,0.0,0,0,2026-08-27
NIFTY,2026-09-22,23200.0,PE,0.0,0.0,0.0,119.0,89.95,0,0.0,0,0,2026-08-27
NIFTY,2026-09-22,23100.0,PE,0.0,0.0,0.0,101.35,74.12,0,0.0,0,0,2026-08-27
NIFTY,2026-09-15,24800.0,PE,502.95,550.1,502.95,541.25,760.16,5,8232818.75,195,65,2026-08-27
NIFTY,2026-09-15,24750.0,PE,459.0,523.35,459.0,506.45,723.37,10,16407966.25,2600,-325,2026-08-27
NIFTY,2026-09-15,23450.0,PE,0.0,0.0,0.0,114.05,102.94,0,0.0,0,0,2026-08-27
NIFTY,2026-09-15,22950.0,PE,7.2,10.05,7.2,9.7,9.7,26,38800264.75,6240,-65,2026-08-27
NIFTY,2026-09-08,26000.0,PE,1733.0,1742.0,1710.0,1710.0,1858.75,6,10814440.0,520,390,2026-08-27
NIFTY,2026-09-08,25850.0,PE,0.0,0.0,0.0,1234.05,1710.15,0,0.0,0,0,2026-08-27
NIFTY,2026-09-08,25550.0,PE,0.0,0.0,0.0,1003.8,1415.69,0,0.0,0,0,2026-08-27
NIFTY,2026-09-08,24850.0,PE,0.0,0.0,0.0,504.4,770.97,0,0.0,1625,0,2026-08-27
NIFTY,2026-09-08,24200.0,PE,85.6,166.15,85.6,150.2,150.2,91169,144202984376.75,1476995,608140,2026-08-27
NIFTY,2026-09-08,24100.0,PE,63.9,121.85,58.8,108.9,108.9,48197,75801028995.25,1063335,91585,2026-08-27
NIFTY,2026-09-08,23750.0,PE,20.15,37.9,17.9,33.7,33.7,9608,14850126648.5,152620,7280,2026-08-27
NIFTY,2026-09-08,23000.0,PE,4.6,6.4,4.1,5.75,5.75,15030,22475075158.25,606710,164840,2026-08-27
NIFTY,2026-09-08,22800.0,PE,3.35,5.3,3.25,4.65,4.65,8993,13330240004.25,273000,179400,2026-08-27
NIFTY,2026-09-08,22600.0,PE,3.5,4.65,3.15,3.8,3.8,1470,2159800373.25,70980,-390,2026-08-27
NIFTY,2026-09-01,26050.0,PE,0.0,0.0,0.0,1800.0,1937.54,0,0.0,65,0,2026-08-27
NIFTY,2026-09-01,24600.0,PE,293.2,440.6,283.5,410.9,410.9,34322,55690445313.75,562575,-41600,2026-08-27
NIFTY,2026-09-01,23650.0,PE,3.65,7.6,2.95,5.4,5.4,261161,401555602542.25,1435525,439270,2026-08-27
NIFTY,2026-09-01,23150.0,PE,1.7,2.5,1.3,1.45,1.45,52226,78593050175.25,356395,142025,2026-08-27
NIFTY,2026-09-01,22900.0,PE,1.45,2.15,1.1,1.35,1.35,50908,75781474291.25,927810,397020,2026-08-27
NIFTY,2026-09-01,22300.0,PE,1.4,1.4,0.75,1.0,1.0,16278,23596031595.5,417625,133185,2026-08-27
NIFTY,2030-12-31,33000.0,CE,0.0,0.0,0.0,3948.25,2931.69,0,0.0,0,0,2026-08-27
NIFTY,2029-12-24,27000.0,CE,0.0,0.0,0.0,6201.65,4048.42,0,0.0,0,0,2026-08-27
NIFTY,2029-06-26,24000.0,CE,0.0,0.0,0.0,8085.35,5018.48,0,0.0,0,0,2026-08-27
NIFTY,2028-12-26,33000.0,CE,0.0,0.0,0.0,2477.5,997.25,0,0.0,0,0,2026-08-27
NIFTY,2028-12-26,19500.0,CE,0.0,0.0,0.0,9716.4,7514.12,0,0.0,0,0,2026-08-27
NIFTY,2028-06-27,21000.0,CE,0.0,0.0,0.0,5226.55,5747.94,0,0.0,0,0,2026-08-27
NIFTY,2027-06-29,18000.0,CE,0.0,0.0,0.0,4066.45,7063.98,0,0.0,0,0,2026-08-27
NIFTY,2026-12-29,30000.0,CE,9.7,11.0,9.5,10.05,10.05,308,600802891.0,807340,-525,2026-08-27
NIFTY,2026-09-22,24600.0,PE,0.0,0.0,0.0,658.8,651.01,0,0.0,0,0,2026-08-27
NIFTY,2026-09-22,24450.0,PE,0.0,0.0,0.0,250.55,556.76,0,0.0,1105,0,2026-08-27
NIFTY,2026-09-22,24400.0,PE,249.05,314.45,232.4,309.1,309.1,325,521266635.5,8710,-1235,2026-08-27
NIFTY,2026-09-22,23950.0,PE,0.0,0.0,0.0,333.65,302.83,0,0.0,0,0,2026-08-27
NIFTY,2026-09-22,23350.0,PE,0.0,0.0,0.0,149.8,118.47,0,0.0,0,0,2026-08-27
NIFTY,2026-09-22,22550.0,PE,0.0,0.0,0.0,10.75,21.95,0,0.0,0,0,2026-08-27
NIFTY,2026-09-22,22500.0,PE,8.0,11.2,7.8,9.05,9.05,79,115582873.25,18590,2210,2026-08-27
NIFTY,2026-09-15,25750.0,PE,0.0,0.0,0.0,1263.75,1594.26,0,0.0,0,0,2026-08-27
NIFTY,2026-09-15,25600.0,PE,0.0,0.0,0.0,1144.25,1452.09,0,0.0,0,0,2026-08-27
NIFTY,2026-09-15,25450.0,PE,0.0,0.0,0.0,1030.55,1312.66,0,0.0,0,0,2026-08-27
NIFTY,2026-09-15,25000.0,PE,644.05,775.0,644.0,769.7,769.7,25,41802143.5,845,-130,2026-08-27
NIFTY,2026-09-15,24550.0,PE,288.9,389.0,284.35,388.95,388.95,40,64735869.25,4160,-1495,2026-08-27
NIFTY,2026-09-15,24250.0,PE,144.9,213.6,136.1,205.05,205.05,1346,2137101157.75,10530,-8060,2026-08-27
NIFTY,2026-09-15,23200.0,PE,0.0,0.0,0.0,75.8,59.52,0,0.0,0,0,2026-08-27
NIFTY,2026-09-15,22600.0,PE,6.1,6.3,5.75,6.05,6.05,36,52898046.5,1495,585,2026-08-27
NIFTY,2026-09-08,25800.0,PE,0.0,0.0,0.0,1194.35,1660.77,0,0.0,0,0,2026-08-27
NIFTY,2026-09-08,24800.0,PE,493.65,614.0,465.75,598.95,598.95,196,322952100.25,21060,3900,2026-08-27
NIFTY,2026-09-08,24600.0,PE,325.45,436.3,305.05,410.1,410.1,2410,3911651454.75,89115,-42185,2026-08-27
NIFTY,2026-09-08,24300.0,PE,139.9,219.5,128.5,201.35,201.35,62825,99954231640.25,1520480,224770,2026-08-27
NIFTY,2026-09-08,23100.0,PE,5.45,7.1,4.6,6.6,6.6,7615,11436904661.0,194025,32890,2026-08-27
NIFTY,2026-09-08,22650.0,PE,3.9,4.6,2.5,3.8,3.8,390,574266572.75,10595,6435,2026-08-27
NIFTY,2026-09-01,26950.0,PE,0.0,0.0,0.0,2597.5,2836.79,0,0.0,0,0,2026-08-27
NIFTY,2026-09-01,25950.0,PE,0.0,0.0,0.0,1679.0,1837.62,0,0.0,0,0,2026-08-27
NIFTY,2026-09-01,24750.0,PE,450.3,585.15,421.8,556.2,556.2,1485,2438229511.25,80405,1040,2026-08-27
NIFTY,2026-09-01,23800.0,PE,5.5,14.85,4.8,11.1,11.1,706345,1093145661448.75,6344585,1787890,2026-08-27
NIFTY,2026-09-01,23400.0,PE,2.35,3.7,2.05,2.45,2.45,234961,357415220422.0,2556255,600340,2026-08-27
NIFTY,2026-09-01,23100.0,PE,1.6,2.4,1.2,1.45,1.45,175963,264227504570.25,825305,-592410,2026-08-27
NIFTY,2026-09-01,22750.0,PE,1.35,1.8,1.0,1.25,1.25,11358,16796634689.25,73645,3250,2026-08-27
NIFTY,2026-09-01,22250.0,PE,1.05,1.35,0.75,1.0,1.0,3111,4499487934.5,45565,18525,2026-08-27
NIFTY,2030-12-31,27000.0,CE,0.0,0.0,0.0,6772.8,5243.26,0,0.0,0,0,2026-08-27
NIFTY,2030-12-31,22500.0,CE,0.0,0.0,0.0,9536.95,7690.48,0,0.0,0,0,2026-08-27
NIFTY,2030-06-25,33000.0,CE,0.0,0.0,0.0,4416.45,2406.94,0,0.0,0,0,2026-08-27
NIFTY,2030-06-25,24000.0,CE,0.0,0.0,0.0,8591.55,6221.22,0,0.0,0,0,2026-08-27
NIFTY,2028-12-26,30000.0,CE,1190.0,1190.0,1190.0,1190.0,1715.86,1,2027350.0,11750,0,2026-08-27
NIFTY,2028-12-26,28500.0,CE,0.0,0.0,0.0,3608.65,2213.45,0,0.0,0,0,2026-08-27
NIFTY,2028-12-26,28000.0,CE,0.0,0.0,0.0,2129.45,2402.64,0,0.0,8460,0,2026-08-27
NIFTY,2028-12-26,25500.0,CE,0.0,0.0,0.0,3800.0,3537.61,0,0.0,0,0,2026-08-27
NIFTY,2028-12-26,24000.0,CE,0.0,0.0,0.0,4700.0,4375.61,0,0.0,1235,0,2026-08-27
NIFTY,2028-12-26,18000.0,CE,0.0,0.0,0.0,9380.3,8715.2,0,0.0,0,0,2026-08-27
NIFTY,2027-12-28,24000.0,CE,2830.0,2850.2,2779.25,2806.45,2806.45,15,26140078.25,36270,-65,2026-08-27
NIFTY,2027-06-29,30000.0,CE,0.0,0.0,0.0,1478.4,262.26,0,0.0,0,0,2026-08-27
NIFTY,2026-12-29,26000.0,CE,177.95,179.85,150.7,155.05,155.05,12168,20690952678.5,3406105,75540,2026-08-27
NIFTY,2026-12-29,25000.0,CE,501.2,520.0,449.0,459.95,459.95,6780,11228526013.25,2346685,20145,2026-08-27
NIFTY,2026-11-23,25500.0,CE,0.0,0.0,0.0,463.05,377.24,0,0.0,0,0,2026-08-27
NIFTY,2026-11-23,24900.0,CE,0.0,0.0,0.0,691.9,579.65,0,0.0,0,0,2026-08-27
NIFTY,2026-11-23,24650.0,CE,0.0,0.0,0.0,807.5,683.88,0,0.0,0,0,2026-08-27
NIFTY,2026-09-08,22800.0,CE,0.0,0.0,0.0,1977.1,1343.07,0,0.0,0,0,2026-08-27
NIFTY,2026-09-01,26650.0,CE,0.55,1.0,0.5,0.55,0.55,1292,2238124200.0,15990,9230,2026-08-27
NIFTY,2026-09-01,26000.0,CE,0.7,1.2,0.6,0.75,0.75,141301,238805877911.25,4017325,-110760,2026-08-27
NIFTY,2026-09-01,25850.0,CE,0.8,1.4,0.65,0.75,0.75,11248,18900125692.5,226395,27755,2026-08-27
NIFTY,2026-09-01,25500.0,CE,5.0,5.0,1.0,1.2,1.2,495866,821942718320.75,11946480,5524025,2026-08-27
NIFTY,2026-09-01,25200.0,CE,2.0,2.85,1.3,1.65,1.65,617472,1011499741265.0,5483400,2451020,2026-08-27
NIFTY,2026-12-29,24000.0,CE,1120.0,1120.0,1005.05,1017.7,1017.7,2046,3331475569.5,1274260,31980,2026-08-27
NIFTY,2026-11-23,26100.0,CE,0.0,0.0,0.0,297.8,234.73,0,0.0,0,0,2026-08-27
NIFTY,2026-11-23,25800.0,CE,0.0,0.0,0.0,372.6,300.25,0,0.0,0,0,2026-08-27
NIFTY,2026-11-23,25750.0,CE,0.0,0.0,0.0,386.65,312.21,0,0.0,0,0,2026-08-27
NIFTY,2026-11-23,25150.0,CE,0.0,0.0,0.0,588.45,487.4,0,0.0,0,0,2026-08-27
NIFTY,2026-11-23,25100.0,CE,312.6,312.6,225.0,225.0,225.0,2,3297944.0,130,130,2026-08-27
NIFTY,2026-11-23,24550.0,CE,0.0,0.0,0.0,857.25,729.02,0,0.0,0,0,2026-08-27
NIFTY,2026-11-23,24350.0,CE,0.0,0.0,0.0,962.55,825.44,0,0.0,0,0,2026-08-27
NIFTY,2026-11-23,24050.0,CE,0.0,0.0,0.0,1135.35,985.1,0,0.0,0,0,2026-08-27
NIFTY,2026-11-23,23250.0,CE,0.0,0.0,0.0,1679.6,1499.05,0,0.0,0,0,2026-08-27
NIFTY,2026-11-23,22600.0,CE,0.0,0.0,0.0,2198.8,1998.68,0,0.0,0,0,2026-08-27
NIFTY,2026-10-27,27150.0,CE,0.0,0.0,0.0,96.75,35.77,0,0.0,0,0,2026-08-27
NIFTY,2026-10-27,27050.0,CE,0.0,0.0,0.0,106.0,40.74,0,0.0,0,0,2026-08-27
NIFTY,2026-10-27,25900.0,CE,0.0,0.0,0.0,277.95,157.23,0,0.0,0,0,2026-08-27
NIFTY,2026-10-27,25700.0,CE,49.9,49.9,38.05,40.0,40.0,2002,3349858489.25,190320,-8840,2026-08-27
NIFTY,2026-10-27,25550.0,CE,0.0,0.0,0.0,361.35,224.94,0,0.0,0,0,2026-08-27
NIFTY,2026-10-27,24900.0,CE,215.45,224.25,173.6,178.0,178.0,1559,2542546191.25,111150,23595,2026-08-27
NIFTY,2026-10-27,24450.0,CE,404.95,404.95,353.95,363.45,363.45,254,409956189.5,13910,5915,2026-08-27
NIFTY,2026-10-27,24400.0,CE,458.1,464.6,380.15,389.75,389.75,1368,2205949642.0,90350,15795,2026-08-27
NIFTY,2026-10-27,24000.0,CE,720.0,723.05,620.0,635.25,635.25,3287,5268977415.0,329420,-15210,2026-08-27
NIFTY,2026-10-27,22850.0,CE,0.0,0.0,0.0,1729.4,1628.11,0,0.0,0,0,2026-08-27
NIFTY,2026-10-27,22700.0,CE,0.0,0.0,0.0,1740.0,1752.2,0,0.0,260,0,2026-08-27
NIFTY,2026-10-27,22600.0,CE,0.0,0.0,0.0,1922.3,1836.88,0,0.0,0,0,2026-08-27
NIFTY,2026-10-27,22400.0,CE,0.0,0.0,0.0,2083.15,2010.45,0,0.0,0,0,2026-08-27
NIFTY,2026-10-27,22300.0,CE,0.0,0.0,0.0,2165.6,2099.15,0,0.0,0,0,2026-08-27
NIFTY,2026-09-29,34500.0,CE,0.0,0.0,0.0,0.65,0.0,0,0.0,9880,0,2026-08-27
NIFTY,2026-09-29,27200.0,CE,2.8,3.05,2.3,2.5,2.5,63,111394601.5,37895,-520,2026-08-27
NIFTY,2026-09-29,26550.0,CE,2.9,3.85,2.9,3.7,3.7,115,198488345.25,5135,5135,2026-08-27
NIFTY,2026-09-29,26350.0,CE,0.0,0.0,0.0,182.8,21.49,0,0.0,0,0,2026-08-27
NIFTY,2026-09-29,26250.0,CE,0.0,0.0,0.0,198.4,25.9,0,0.0,0,0,2026-08-27
NIFTY,2026-09-29,25350.0,CE,25.0,25.25,18.65,19.9,19.9,648,1068641834.0,45630,1170,2026-08-27
NIFTY,2026-09-29,24200.0,CE,399.4,416.85,316.05,330.85,330.85,44164,70477655030.25,2605785,615095,2026-08-27
NIFTY,2026-09-29,23950.0,CE,566.9,567.0,476.5,490.4,490.4,350,556602283.25,14625,7280,2026-08-27
NIFTY,2026-09-29,22950.0,CE,0.0,0.0,0.0,1529.05,1352.48,0,0.0,260,0,2026-08-27
NIFTY,2026-09-29,22500.0,CE,1870.0,1870.0,1766.85,1787.15,1787.15,150,237138853.25,537940,3055,2026-08-27
NIFTY,2026-09-29,21900.0,CE,2400.0,2400.0,2400.0,2400.0,2328.04,2,3159000.0,585,-130,2026-08-27
NIFTY,2026-09-22,25900.0,CE,5.85,5.85,4.6,5.35,5.35,228,383913621.0,16445,-4615,2026-08-27
NIFTY,2026-09-22,25800.0,CE,0.0,0.0,0.0,73.8,32.69,0,0.0,0,0,2026-08-27
NIFTY,2026-09-22,25700.0,CE,0.0,0.0,0.0,85.85,39.87,0,0.0,0,0,2026-08-27
NIFTY,2026-09-15,24100.0,CE,364.1,375.0,276.05,287.4,287.4,2705,4291268029.75,63830,49790,2026-08-27
NIFTY,2026-09-22,25600.0,CE,9.9,11.95,7.55,8.4,8.4,209,347894001.0,9035,5720,2026-08-27
NIFTY,2026-09-22,25250.0,CE,0.0,0.0,0.0,100.25,91.03,0,0.0,65,0,2026-08-27
NIFTY,2026-09-22,24300.0,CE,303.7,303.7,216.35,227.3,227.3,704,1123435261.0,33800,11245,2026-08-27
NIFTY,2026-09-22,24050.0,CE,418.0,418.0,364.05,376.55,376.55,12,19069033.75,585,585,2026-08-27
NIFTY,2026-09-22,23200.0,CE,0.0,0.0,0.0,1208.1,1080.73,0,0.0,0,0,2026-08-27
NIFTY,2026-09-22,22900.0,CE,0.0,0.0,0.0,1459.55,1338.59,0,0.0,0,0,2026-08-27
NIFTY,2026-09-15,22950.0,CE,0.0,0.0,0.0,1703.2,1245.25,0,0.0,0,0,2026-08-27
NIFTY,2026-09-15,22800.0,CE,0.0,0.0,0.0,1840.25,1384.08,0,0.0,0,0,2026-08-27
NIFTY,2026-09-15,22500.0,CE,0.0,0.0,0.0,2121.7,1670.47,0,0.0,0,0,2026-08-27
NIFTY,2026-09-08,26050.0,CE,1.6,1.9,1.25,1.45,1.45,458,775556239.25,38740,5200,2026-08-27
NIFTY,2026-09-08,25750.0,CE,2.25,2.7,1.7,2.15,2.15,190,318041265.75,12805,1885,2026-08-27
NIFTY,2026-09-08,23400.0,CE,931.75,931.75,807.65,826.55,826.55,33,51992447.0,715,715,2026-08-27
NIFTY,2026-09-01,26750.0,CE,0.65,0.95,0.5,0.6,0.6,857,1490146391.5,14495,6955,2026-08-27
NIFTY,2026-09-01,26300.0,CE,0.85,1.05,0.55,0.7,0.7,16768,28665667754.75,157885,-14495,2026-08-27
NIFTY,2026-09-01,25750.0,CE,0.75,1.5,0.65,0.8,0.8,23188,38812357723.75,448370,90415,2026-08-27
NIFTY,2026-09-01,24300.0,CE,124.4,124.4,49.45,57.95,57.95,2217212,3513086703184.5,13216450,4370665,2026-08-27
NIFTY,2026-09-01,24200.0,CE,179.4,190.9,86.0,98.75,98.75,2385908,3771840787045.5,9989720,6338865,2026-08-27
NIFTY,2026-09-01,24050.0,CE,297.6,307.0,171.7,191.3,191.3,150343,237144800607.0,677495,453830,2026-08-27
NIFTY,2026-09-01,23700.0,CE,633.15,633.15,475.0,502.3,502.3,3575,5631775191.25,180960,-1495,2026-08-27
NIFTY,2031-06-24,16500.0,PE,0.0,0.0,0.0,95.65,57.84,0,0.0,0,0,2026-08-27
NIFTY,2030-12-31,18000.0,PE,0.0,0.0,0.0,32.3,108.94,0,0.0,0,0,2026-08-27
NIFTY,2030-06-25,30000.0,PE,0.0,0.0,0.0,2100.85,2623.57,0,0.0,0,0,2026-08-27
NIFTY,2030-06-25,27000.0,PE,0.0,0.0,0.0,1286.05,1554.33,0,0.0,0,0,2026-08-27
NIFTY,2030-06-25,22500.0,PE,0.0,0.0,0.0,223.75,531.31,0,0.0,0,0,2026-08-27
NIFTY,2030-06-25,18000.0,PE,0.0,0.0,0.0,116.65,102.97,0,0.0,0,0,2026-08-27
NIFTY,2029-12-24,15000.0,PE,0.0,0.0,0.0,29.0,16.24,0,0.0,65,0,2026-08-27
NIFTY,2027-12-28,27000.0,PE,1700.15,1751.35,1700.15,1748.8,1748.8,25,46684423.5,47995,465,2026-08-27
NIFTY,2026-09-08,23850.0,CE,477.0,477.0,400.95,420.75,420.75,70,110462150.5,3315,2730,2026-08-27
NIFTY,2026-09-08,24100.0,CE,336.4,336.4,215.65,229.2,229.2,21970,34775850651.75,437385,203970,2026-08-27
NIFTY,2026-09-08,25450.0,CE,2.8,3.85,1.65,2.6,2.6,612,1012515543.0,15405,15405,2026-08-27
NIFTY,2026-09-08,25550.0,CE,3.05,3.5,1.55,2.2,2.2,856,1421741067.5,34450,17940,2026-08-27
NIFTY,2026-09-08,25600.0,CE,2.95,3.2,2.1,2.5,2.5,16596,27618558522.75,224835,-308620,2026-08-27
NIFTY,2026-09-08,25900.0,CE,2.0,3.7,1.5,1.65,1.65,1521,2560784850.0,51610,23335,2026-08-27
NIFTY,2026-09-08,26100.0,CE,1.5,1.7,1.05,1.35,1.35,337,571753533.0,17355,8125,2026-08-27
NIFTY,2026-09-08,26200.0,CE,1.25,1.65,1.05,1.1,1.1,222,378084794.75,10140,5070,2026-08-27
NIFTY,2026-09-15,23450.0,CE,0.0,0.0,0.0,1271.65,817.65,0,0.0,0,0,2026-08-27
NIFTY,2026-09-15,25000.0,CE,28.0,28.7,16.55,19.3,19.3,13492,21943375671.75,671580,200265,2026-08-27
NIFTY,2026-09-22,22400.0,CE,0.0,0.0,0.0,1912.1,1802.34,0,0.0,0,0,2026-08-27
NIFTY,2026-09-22,23900.0,CE,497.15,497.15,484.45,487.7,487.7,8,12683290.75,780,130,2026-08-27
NIFTY,2026-09-22,24550.0,CE,135.0,142.8,124.7,129.35,129.35,41,65777227.75,3250,1625,2026-08-27
NIFTY,2026-09-22,26000.0,CE,0.0,0.0,0.0,53.9,21.62,0,0.0,0,0,2026-08-27
NIFTY,2026-09-29,16500.0,CE,0.0,0.0,0.0,10168.85,7688.42,0,0.0,0,0,2026-08-27
NIFTY,2026-09-29,21650.0,CE,2600.0,2600.0,2600.0,2600.0,2600.0,1,1576250.0,65,65,2026-08-27
NIFTY,2026-09-29,23350.0,CE,0.0,0.0,0.0,1028.25,1026.92,0,0.0,455,0,2026-08-27
NIFTY,2026-09-29,24550.0,CE,204.6,210.6,153.45,162.4,162.4,2761,4437680630.5,131170,-28340,2026-08-27
NIFTY,2026-09-29,25500.0,CE,19.5,19.5,13.3,14.55,14.55,21512,35677311969.0,3482765,156000,2026-08-27
NIFTY,2026-09-29,25750.0,CE,0.0,0.0,0.0,293.5,61.96,0,0.0,0,0,2026-08-27
NIFTY,2026-09-29,25850.0,CE,0.0,0.0,0.0,117.25,52.48,0,0.0,65,0,2026-08-27
NIFTY,2026-09-29,26000.0,CE,6.9,7.0,6.05,6.8,6.8,14374,24298215480.5,3963430,87100,2026-08-27
NIFTY,2026-09-29,26600.0,CE,4.15,4.15,3.05,3.55,3.55,162,280133789.0,73775,1365,2026-08-27
NIFTY,2026-09-29,27150.0,CE,0.0,0.0,0.0,2.5,4.15,0,0.0,6630,0,2026-08-27
NIFTY,2026-10-27,22500.0,CE,2025.0,2025.0,1930.0,1930.0,1922.99,9,14306444.75,9490,195,2026-08-27
NIFTY,2026-10-27,23750.0,CE,0.0,0.0,0.0,944.05,973.37,0,0.0,0,0,2026-08-27
NIFTY,2026-10-27,23800.0,CE,865.5,865.5,768.5,773.05,773.05,75,119942706.0,5135,455,2026-08-27
NIFTY,2026-10-27,23850.0,CE,0.0,0.0,0.0,1063.45,911.66,0,0.0,0,0,2026-08-27
NIFTY,2026-10-27,24650.0,CE,310.9,317.0,263.35,269.85,269.85,48,77812692.75,5980,650,2026-08-27
NIFTY,2026-10-27,25250.0,CE,0.0,0.0,0.0,447.85,299.64,0,0.0,0,0,2026-08-27
NIFTY,2026-10-27,25950.0,CE,0.0,0.0,0.0,267.4,149.08,0,0.0,0,0,2026-08-27
NIFTY,2026-10-27,26500.0,CE,13.2,13.75,12.25,12.85,12.85,1980,3412213483.25,219375,34320,2026-08-27
NIFTY,2026-11-23,22850.0,CE,0.0,0.0,0.0,1992.05,1798.41,0,0.0,0,0,2026-08-27
NIFTY,2026-11-23,23150.0,CE,0.0,0.0,0.0,1755.4,1571.74,0,0.0,0,0,2026-08-27
NIFTY,2026-11-23,23650.0,CE,0.0,0.0,0.0,1392.8,1226.12,0,0.0,0,0,2026-08-27
NIFTY,2026-11-23,24200.0,CE,705.0,705.0,680.0,697.0,902.99,8,12945627.5,390,390,2026-08-27
NIFTY,2026-11-23,25700.0,CE,0.0,0.0,0.0,401.1,323.55,0,0.0,0,0,2026-08-27
NIFTY,2026-12-29,20000.0,CE,4700.0,4700.0,4538.4,4553.75,4553.75,78,124749280.5,593475,-650,2026-08-27
NIFTY,2027-03-30,16500.0,CE,0.0,0.0,0.0,6995.9,8216.52,0,0.0,0,0,2026-08-27
NIFTY,2027-03-30,28500.0,CE,70.35,70.55,65.75,67.3,67.3,452,839321973.75,177255,7735,2026-08-27
NIFTY,2028-06-27,22500.0,CE,0.0,0.0,0.0,6796.05,4662.38,0,0.0,0,0,2026-08-27
NIFTY,2028-06-27,28500.0,CE,0.0,0.0,0.0,2990.0,1619.03,0,0.0,0,0,2026-08-27
NIFTY,2028-12-26,27000.0,CE,0.0,0.0,0.0,2700.0,2818.21,0,0.0,845,0,2026-08-27
NIFTY,2029-06-26,22500.0,CE,0.0,0.0,0.0,7946.5,5952.32,0,0.0,0,0,2026-08-27
NIFTY,2030-06-25,28500.0,CE,0.0,0.0,0.0,5382.85,3973.56,0,0.0,0,0,2026-08-27
NIFTY,2030-06-25,30000.0,CE,0.0,0.0,0.0,5580.35,3379.75,0,0.0,0,0,2026-08-27
NIFTY,2031-06-24,22500.0,CE,0.0,0.0,0.0,8012.75,8197.64,0,0.0,0,0,2026-08-27
NIFTY,2026-09-01,22500.0,PE,1.3,1.65,0.95,1.25,1.25,155846,227937113875.25,6035510,1749280,2026-08-27
NIFTY,2026-09-01,22850.0,PE,1.45,2.05,1.1,1.35,1.35,11048,16410072916.25,141245,97500,2026-08-27
NIFTY,2026-09-01,23700.0,PE,4.8,9.4,3.5,6.75,6.75,569620,877725216871.75,5109260,796250,2026-08-27
NIFTY,2026-09-01,23750.0,PE,5.35,12.4,3.6,8.6,8.6,372758,575626995004.75,2016885,843830,2026-08-27
NIFTY,2026-09-01,24100.0,PE,29.8,74.6,22.0,62.15,62.15,2057128,3229572360326.0,5471895,1380275,2026-08-27
NIFTY,2026-09-01,24800.0,PE,476.15,635.85,468.1,609.0,609.0,2833,4668565681.0,139490,-12935,2026-08-27
NIFTY,2026-09-01,24900.0,PE,602.85,730.0,602.85,705.4,705.4,517,859198827.5,51285,4745,2026-08-27
NIFTY,2026-09-01,25150.0,PE,887.15,953.6,885.75,945.4,945.4,45,76269599.25,4810,1625,2026-08-27
NIFTY,2026-09-01,25600.0,PE,0.0,0.0,0.0,1363.55,1488.01,0,0.0,1105,0,2026-08-27
NIFTY,2026-09-01,26800.0,PE,0.0,0.0,0.0,2454.6,2686.91,0,0.0,0,0,2026-08-27
NIFTY,2026-09-08,24150.0,PE,80.9,142.7,75.95,129.0,129.0,29026,45780271270.5,324480,-23075,2026-08-27
NIFTY,2026-09-08,24650.0,PE,364.45,473.85,343.4,458.9,458.9,213,346929293.75,7930,-2795,2026-08-27
NIFTY,2026-09-08,25250.0,PE,0.0,0.0,0.0,795.8,1128.68,0,0.0,0,0,2026-08-27
NIFTY,2026-09-08,25300.0,PE,1033.9,1033.9,1010.65,1010.65,1175.72,4,6842576.0,650,65,2026-08-27
NIFTY,2026-09-08,25900.0,PE,0.0,0.0,0.0,1274.25,1759.62,0,0.0,0,0,2026-08-27
NIFTY,2026-09-08,26300.0,PE,0.0,0.0,0.0,1612.35,2157.18,0,0.0,0,0,2026-08-27
NIFTY,2026-09-15,22900.0,PE,7.15,10.0,7.0,9.75,9.75,28,41692540.5,9880,-325,2026-08-27
NIFTY,2026-09-15,23650.0,PE,28.1,45.2,28.05,42.35,42.35,431,663547417.0,17810,4940,2026-08-27
NIFTY,2026-09-15,24350.0,PE,174.6,266.75,174.55,254.2,254.2,401,640610854.0,14690,2145,2026-08-27
NIFTY,2026-09-15,24900.0,PE,574.85,628.7,574.85,628.7,837.93,2,3315230.75,260,0,2026-08-27
NIFTY,2026-09-15,25100.0,PE,0.0,0.0,0.0,635.05,1002.36,0,0.0,130,0,2026-08-27
NIFTY,2026-09-15,25150.0,PE,0.0,0.0,0.0,817.1,1045.11,0,0.0,0,0,2026-08-27
NIFTY,2026-09-22,23000.0,PE,14.45,19.05,12.5,17.85,17.85,272,406918066.75,7150,5720,2026-08-27
NIFTY,2026-09-22,24800.0,PE,0.0,0.0,0.0,785.4,788.61,0,0.0,0,0,2026-08-27
NIFTY,2026-09-22,24950.0,PE,0.0,0.0,0.0,887.95,900.24,0,0.0,0,0,2026-08-27
NIFTY,2026-09-22,25050.0,PE,0.0,0.0,0.0,959.7,978.1,0,0.0,0,0,2026-08-27
NIFTY,2026-09-01,24800.0,CE,5.8,6.75,3.1,4.1,4.1,536554,865091990668.75,7335445,-53560,2026-08-27
NIFTY,2026-09-01,24700.0,CE,10.8,12.15,4.65,5.8,5.8,535613,860185649765.0,6540105,1139385,2026-08-27
NIFTY,2026-09-01,23900.0,CE,436.4,442.5,290.25,313.75,313.75,31658,49889719005.75,234000,18785,2026-08-27
NIFTY,2026-09-01,23600.0,CE,702.0,702.0,572.15,592.1,592.1,850,1337957959.0,45240,1820,2026-08-27
NIFTY,2026-09-01,22350.0,CE,0.0,0.0,0.0,2032.25,1759.4,0,0.0,0,0,2026-08-27
NIFTY,2026-09-01,22050.0,CE,0.0,0.0,0.0,2313.35,2059.15,0,0.0,0,0,2026-08-27
NIFTY,2026-09-22,25250.0,PE,0.0,0.0,0.0,1111.0,1141.42,0,0.0,0,0,2026-08-27
NIFTY,2026-09-22,25400.0,PE,0.0,0.0,0.0,1230.35,1269.73,0,0.0,0,0,2026-08-27
NIFTY,2026-09-22,25450.0,PE,0.0,0.0,0.0,1271.15,1313.46,0,0.0,0,0,2026-08-27
NIFTY,2026-09-22,25850.0,PE,0.0,0.0,0.0,1613.85,1677.35,0,0.0,0,0,2026-08-27
NIFTY,2026-09-22,26100.0,PE,0.0,0.0,0.0,1839.95,1914.17,0,0.0,0,0,2026-08-27
NIFTY,2026-09-29,21600.0,PE,8.1,9.65,8.0,8.55,8.55,436,612385205.25,164645,4615,2026-08-27
NIFTY,2026-09-29,21800.0,PE,9.4,9.75,8.45,9.0,9.0,130,184287990.25,86710,-3055,2026-08-27
NIFTY,2026-09-29,22300.0,PE,12.0,12.8,11.1,12.3,12.3,563,816505998.75,173940,9295,2026-08-27
NIFTY,2026-09-29,22850.0,PE,17.0,21.65,17.0,21.35,21.35,601,893387976.0,41600,-1625,2026-08-27
NIFTY,2026-09-29,23250.0,PE,29.0,41.35,27.55,40.15,40.15,939,1421277237.25,83395,17875,2026-08-27
NIFTY,2026-09-29,23350.0,PE,34.75,49.55,33.6,47.75,47.75,1596,2426883953.0,77415,2665,2026-08-27
NIFTY,2026-09-29,23900.0,PE,99.95,144.55,94.45,136.8,136.8,7884,12310626958.5,679705,-975,2026-08-27
NIFTY,2026-09-29,25000.0,PE,633.0,771.45,628.95,747.9,747.9,4206,7028340562.75,2225880,-24960,2026-08-27
NIFTY,2026-09-29,25600.0,PE,1198.0,1198.0,1198.0,1198.0,1436.65,1,1741870.0,32240,0,2026-08-27
NIFTY,2026-09-29,26750.0,PE,0.0,0.0,0.0,2201.15,2510.73,0,0.0,65,0,2026-08-27
NIFTY,2026-09-29,26850.0,PE,0.0,0.0,0.0,2691.9,2608.3,0,0.0,0,0,2026-08-27
NIFTY,2026-09-29,26900.0,PE,0.0,0.0,0.0,2127.9,2657.22,0,0.0,65,0,2026-08-27
NIFTY,2026-09-29,28500.0,PE,4050.0,4170.0,4040.25,4170.0,4170.0,12,25418055.0,434135,390,2026-08-27
NIFTY,2026-10-27,23050.0,PE,0.0,0.0,0.0,301.35,176.43,0,0.0,0,0,2026-08-27
NIFTY,2026-10-27,23300.0,PE,66.25,88.55,65.35,86.15,86.15,2121,3223000813.5,210405,20085,2026-08-27
NIFTY,2026-10-27,23350.0,PE,0.0,0.0,0.0,387.65,248.89,0,0.0,0,0,2026-08-27
NIFTY,2026-10-27,23950.0,PE,0.0,0.0,0.0,612.05,450.36,0,0.0,0,0,2026-08-27
NIFTY,2026-10-27,24000.0,PE,178.35,232.3,178.35,224.9,224.9,6244,9825807650.75,963430,60775,2026-08-27
NIFTY,2026-10-27,24550.0,PE,383.1,439.4,383.0,427.55,739.14,49,79492452.0,10205,-65,2026-08-27
NIFTY,2026-10-27,24750.0,PE,0.0,0.0,0.0,557.75,854.8,0,0.0,1235,0,2026-08-27
NIFTY,2026-10-27,25450.0,PE,0.0,0.0,0.0,1058.8,1330.59,0,0.0,130,0,2026-08-27
NIFTY,2026-10-27,25650.0,PE,0.0,0.0,0.0,1057.4,1483.05,0,0.0,130,0,2026-08-27
NIFTY,2026-10-27,26500.0,PE,2016.0,2049.0,2016.0,2049.0,2200.55,5,9273839.25,6370,0,2026-08-27
NIFTY,2026-10-27,26750.0,PE,0.0,0.0,0.0,2501.2,2426.93,0,0.0,0,0,2026-08-27
NIFTY,2026-11-23,22500.0,PE,71.55,71.55,51.0,53.3,53.3,138,202304888.5,4940,4940,2026-08-27
NIFTY,2026-11-23,22600.0,PE,0.0,0.0,0.0,128.5,153.2,0,0.0,0,0,2026-08-27
NIFTY,2026-11-23,25600.0,PE,0.0,0.0,0.0,1316.4,1457.04,0,0.0,0,0,2026-08-27
NIFTY,2026-11-23,25650.0,PE,0.0,0.0,0.0,1350.35,1493.04,0,0.0,0,0,2026-08-27
NIFTY,2026-12-29,14000.0,PE,7.05,7.05,7.05,7.05,0.0,4,3641833.0,9415,0,2026-08-27
NIFTY,2026-12-29,16500.0,PE,0.0,0.0,0.0,10.5,0.0,0,0.0,3380,0,2026-08-27
NIFTY,2026-12-29,18000.0,PE,17.55,18.1,16.6,16.95,16.95,393,460253069.25,518055,3770,2026-08-27
NIFTY,2026-12-29,20000.0,PE,29.0,29.95,27.9,28.6,28.6,1843,2399355205.0,1135300,-1040,2026-08-27
NIFTY,2027-03-30,22500.0,PE,158.0,169.0,155.3,167.6,167.6,1378,2029959750.0,570960,34190,2026-08-27
NIFTY,2027-12-28,24000.0,PE,640.0,668.0,632.4,658.25,658.25,153,245211616.0,154165,2470,2026-08-27
NIFTY,2029-12-24,16500.0,PE,0.0,0.0,0.0,10.15,42.43,0,0.0,0,0,2026-08-27
NIFTY,2029-12-24,21000.0,PE,0.0,0.0,0.0,350.05,330.76,0,0.0,715,0,2026-08-27
NIFTY,2029-12-24,30000.0,PE,0.0,0.0,0.0,1953.5,2843.74,0,0.0,0,0,2026-08-27
NIFTY,2030-12-31,16500.0,PE,0.0,0.0,0.0,13.65,54.12,0,0.0,0,0,2026-08-27
NIFTY,2030-12-31,19500.0,PE,0.0,0.0,0.0,67.4,197.84,0,0.0,0,0,2026-08-27
NIFTY,2026-09-01,24850.0,CE,5.0,5.45,2.75,3.55,3.55,238179,384784125934.0,2372565,543010,2026-08-27
NIFTY,2026-09-01,26100.0,CE,0.75,1.2,0.6,0.7,0.7,7303,12389935863.5,164255,36725,2026-08-27
NIFTY,2026-09-01,27200.0,CE,0.5,0.75,0.4,0.45,0.45,22247,39333453493.75,287105,-62660,2026-08-27
NIFTY,2026-09-08,22950.0,CE,0.0,0.0,0.0,1838.05,1198.63,0,0.0,0,0,2026-08-27
NIFTY,2026-09-08,23650.0,CE,689.35,693.25,674.25,683.75,588.75,6,9490721.5,195,130,2026-08-27
NIFTY,2026-10-27,22950.0,CE,0.0,0.0,0.0,1654.95,1547.47,0,0.0,0,0,2026-08-27
NIFTY,2026-10-27,23900.0,CE,762.0,762.0,694.4,701.4,701.4,13,20802850.25,2015,195,2026-08-27
NIFTY,2026-10-27,24200.0,CE,567.45,573.0,496.0,507.35,507.35,854,1372816809.0,122980,16770,2026-08-27
NIFTY,2026-10-27,24500.0,CE,400.0,406.65,329.6,345.0,345.0,6607,10676917358.25,659360,57915,2026-08-27
NIFTY,2026-09-08,24700.0,PE,398.6,520.0,381.45,503.75,503.75,715,1169619090.25,45305,2470,2026-08-27
NIFTY,2026-09-08,23700.0,PE,18.1,31.45,15.2,28.85,28.85,38404,59218894445.75,1007630,353080,2026-08-27
NIFTY,2026-09-08,23200.0,PE,5.9,8.35,5.35,7.65,7.65,10466,15787465469.75,347815,102895,2026-08-27
NIFTY,2026-09-01,27000.0,PE,0.0,0.0,0.0,2610.5,2886.75,0,0.0,65,0,2026-08-27
NIFTY,2026-09-15,24600.0,PE,347.1,431.45,335.55,421.8,421.8,115,186862078.0,14495,1625,2026-08-27
NIFTY,2026-09-15,25200.0,PE,0.0,0.0,0.0,850.0,1088.44,0,0.0,130,0,2026-08-27
NIFTY,2026-09-15,26050.0,PE,0.0,0.0,0.0,1515.75,1884.38,0,0.0,0,0,2026-08-27
NIFTY,2026-09-22,22450.0,PE,15.3,15.3,7.95,12.95,17.08,3,4380103.0,130,130,2026-08-27
NIFTY,2026-09-22,22850.0,PE,0.0,0.0,0.0,66.05,44.06,0,0.0,0,0,2026-08-27
NIFTY,2026-09-22,22950.0,PE,0.0,0.0,0.0,78.75,54.6,0,0.0,0,0,2026-08-27
NIFTY,2026-09-22,25550.0,PE,0.0,0.0,0.0,1354.25,1402.25,0,0.0,0,0,2026-08-27
NIFTY,2026-09-29,21700.0,PE,9.0,9.7,7.65,8.35,8.35,179,252579275.0,63115,3185,2026-08-27
NIFTY,2026-09-29,22200.0,PE,11.3,12.5,10.65,11.75,11.75,572,825812234.0,125060,2730,2026-08-27
NIFTY,2026-09-29,22250.0,PE,11.75,11.95,9.7,11.8,11.8,12,17364025.25,17615,-260,2026-08-27
NIFTY,2026-09-01,26700.0,PE,0.0,0.0,0.0,2360.1,2586.99,0,0.0,0,0,2026-08-27
NIFTY,2026-09-01,26300.0,PE,0.0,0.0,0.0,1841.35,2187.33,0,0.0,2210,0,2026-08-27
NIFTY,2026-09-01,25550.0,PE,0.0,0.0,0.0,1310.0,1438.1,0,0.0,585,0,2026-08-27
NIFTY,2026-09-29,23150.0,PE,23.65,34.8,23.65,33.9,33.9,306,461073993.25,45045,10140,2026-08-27
NIFTY,2026-09-29,23700.0,PE,65.6,97.95,63.2,92.8,92.8,10937,16907622033.25,1137760,101075,2026-08-27
NIFTY,2026-09-29,23750.0,PE,75.0,107.65,69.5,102.0,102.0,1380,2138448770.25,240435,13715,2026-08-27
NIFTY,2026-09-29,23950.0,PE,107.75,157.65,104.1,152.95,152.95,1426,2232690219.5,120965,-2795,2026-08-27
NIFTY,2026-09-29,24100.0,PE,147.0,206.6,136.25,196.05,196.05,13418,21178368627.0,712075,88075,2026-08-27
NIFTY,2026-09-29,24250.0,PE,189.05,268.35,188.9,261.5,261.5,3946,6279755062.75,294840,42185,2026-08-27
NIFTY,2026-09-29,24400.0,PE,250.45,342.0,248.5,326.65,326.65,21710,34855739642.75,2510885,253435,2026-08-27
NIFTY,2026-09-29,24600.0,PE,346.85,463.85,346.85,453.15,453.15,3094,5029819730.0,606840,11830,2026-08-27
NIFTY,2026-09-01,25500.0,PE,1152.05,1323.4,1152.05,1316.25,1316.25,515,896495041.0,321425,4160,2026-08-27
NIFTY,2026-09-01,25100.0,PE,800.0,919.85,797.3,897.7,897.7,219,369550876.5,47840,-195,2026-08-27
NIFTY,2026-09-01,24850.0,PE,541.8,684.7,527.15,661.55,661.55,460,761404348.25,35750,5265,2026-08-27
NIFTY,2026-09-01,24400.0,PE,145.2,261.2,134.1,234.65,234.65,503398,804855005129.5,2262195,-563225,2026-08-27
NIFTY,2026-09-01,24200.0,PE,45.0,122.1,45.0,102.8,102.8,3431628,5417245688390.25,6576570,378625,2026-08-27
NIFTY,2026-09-01,23050.0,PE,1.85,2.3,1.1,1.35,1.35,36867,55239760686.5,329095,227045,2026-08-27
NIFTY,2026-09-01,22800.0,PE,1.2,1.95,1.0,1.25,1.25,74986,111135848057.0,1260740,289120,2026-08-27
NIFTY,2031-06-24,28500.0,CE,0.0,0.0,0.0,5048.95,5100.0,0,0.0,0,0,2026-08-27
NIFTY,2030-06-25,19500.0,CE,0.0,0.0,0.0,11140.25,9117.12,0,0.0,0,0,2026-08-27
NIFTY,2030-06-25,16500.0,CE,0.0,0.0,0.0,13374.05,11305.64,0,0.0,0,0,2026-08-27
NIFTY,2026-09-29,25750.0,PE,0.0,0.0,0.0,1170.0,1568.84,0,0.0,455,0,2026-08-27
NIFTY,2026-09-29,26300.0,PE,1887.95,1994.0,1887.95,1992.3,1992.3,9,16522538.5,80795,455,2026-08-27
NIFTY,2026-09-29,27200.0,PE,0.0,0.0,0.0,3004.3,2952.02,0,0.0,0,0,2026-08-27
NIFTY,2026-10-27,22250.0,PE,21.85,25.25,19.1,24.55,24.55,423,612392131.0,188890,4225,2026-08-27
NIFTY,2029-12-24,22500.0,CE,0.0,0.0,0.0,8486.15,6546.38,0,0.0,0,0,2026-08-27
NIFTY,2028-12-26,21000.0,CE,0.0,0.0,0.0,7512.5,6377.26,0,0.0,0,0,2026-08-27
NIFTY,2028-06-27,31500.0,CE,0.0,0.0,0.0,1784.8,849.85,0,0.0,0,0,2026-08-27
NIFTY,2026-09-15,24300.0,PE,164.35,240.1,154.45,227.65,227.65,6118,9743276315.5,179010,52455,2026-08-27
NIFTY,2026-09-15,23950.0,PE,62.0,101.55,62.0,93.25,93.25,869,1357425650.75,14755,-7150,2026-08-27
NIFTY,2026-09-15,23350.0,PE,0.0,0.0,0.0,97.3,83.34,0,0.0,0,0,2026-08-27
NIFTY,2026-09-01,22000.0,CE,2325.0,2325.0,2136.25,2187.1,2187.1,36,56823399.75,4875,-325,2026-08-27
NIFTY,2026-09-01,22200.0,CE,0.0,0.0,0.0,2171.8,1909.27,0,0.0,0,0,2026-08-27
NIFTY,2026-09-01,24450.0,CE,57.4,57.5,19.6,23.45,23.45,644519,1025666897505.25,5271565,971620,2026-08-27
NIFTY,2027-06-29,21000.0,CE,0.0,0.0,0.0,3061.8,4363.78,0,0.0,0,0,2026-08-27
NIFTY,2027-03-30,18000.0,CE,0.0,0.0,0.0,5643.55,6776.25,0,0.0,0,0,2026-08-27
NIFTY,2026-10-27,22650.0,PE,31.2,40.95,31.2,36.75,106.54,8,11797334.25,910,-65,2026-08-27
NIFTY,2026-10-27,22800.0,PE,0.0,0.0,0.0,239.4,129.62,0,0.0,0,0,2026-08-27
NIFTY,2026-10-27,22850.0,PE,0.0,0.0,0.0,250.85,138.12,0,0.0,0,0,2026-08-27
NIFTY,2026-10-27,25750.0,PE,0.0,0.0,0.0,1149.95,1562.25,0,0.0,260,0,2026-08-27
NIFTY,2026-10-27,25900.0,PE,0.0,0.0,0.0,1231.5,1683.98,0,0.0,65,0,2026-08-27
NIFTY,2026-10-27,26150.0,PE,0.0,0.0,0.0,1657.0,1893.94,0,0.0,130,0,2026-08-27
NIFTY,2026-11-23,22750.0,PE,0.0,0.0,0.0,151.25,179.59,0,0.0,0,0,2026-08-27
NIFTY,2026-11-23,23850.0,PE,0.0,0.0,0.0,421.45,486.55,0,0.0,0,0,2026-08-27
NIFTY,2026-11-23,24200.0,PE,0.0,0.0,0.0,552.7,632.4,0,0.0,0,0,2026-08-27
NIFTY,2026-11-23,24250.0,PE,373.4,373.4,363.5,363.75,363.75,4,6400186.0,260,260,2026-08-27
NIFTY,2026-11-23,25150.0,PE,0.0,0.0,0.0,1030.25,1151.91,0,0.0,0,0,2026-08-27
NIFTY,2026-11-23,25500.0,PE,1025.0,1025.0,1025.0,1025.0,1386.26,1,1724125.0,65,65,2026-08-27
NIFTY,2026-12-29,13000.0,PE,5.15,5.15,5.15,5.15,0.0,16,13525356.0,7680,-910,2026-08-27
NIFTY,2026-12-29,26000.0,PE,1287.05,1420.0,1287.05,1400.0,1400.0,744,1323679496.75,1443805,8270,2026-08-27
NIFTY,2027-03-30,19500.0,PE,44.9,46.0,42.65,44.2,44.2,47,59708106.25,98475,910,2026-08-27
NIFTY,2028-12-26,27000.0,PE,1600.0,1600.0,1600.0,1600.0,1893.93,2,3718000.0,13295,130,2026-08-27
NIFTY,2028-12-26,28500.0,PE,0.0,0.0,0.0,1451.15,2576.2,0,0.0,0,0,2026-08-27
NIFTY,2029-06-26,24000.0,PE,0.0,0.0,0.0,825.0,857.45,0,0.0,155,0,2026-08-27
NIFTY,2029-12-24,25500.0,PE,0.0,0.0,0.0,597.3,1201.67,0,0.0,0,0,2026-08-27
NIFTY,2029-12-24,31500.0,PE,0.0,0.0,0.0,2240.25,3558.2,0,0.0,0,0,2026-08-27
NIFTY,2030-06-25,21000.0,PE,0.0,0.0,0.0,220.0,333.03,0,0.0,65,0,2026-08-27
NIFTY,2026-09-29,26400.0,CE,4.1,4.7,3.75,4.4,4.4,325,557788127.0,28730,12155,2026-08-27
NIFTY,2030-06-25,25500.0,PE,0.0,0.0,0.0,568.55,1137.76,0,0.0,0,0,2026-08-27
NIFTY,2030-12-31,21000.0,PE,0.0,0.0,0.0,450.0,330.61,0,0.0,845,0,2026-08-27
NIFTY,2026-12-29,21000.0,CE,3786.0,3786.0,3589.8,3594.25,3594.25,29,46498120.5,200770,455,2026-08-27
NIFTY,2026-11-23,25850.0,CE,0.0,0.0,0.0,358.95,288.67,0,0.0,0,0,2026-08-27
NIFTY,2026-11-23,24750.0,CE,0.0,0.0,0.0,759.8,640.72,0,0.0,0,0,2026-08-27
NIFTY,2026-11-23,24100.0,CE,765.75,765.75,744.7,744.7,744.7,2,3231179.25,65,65,2026-08-27
NIFTY,2026-11-23,24000.0,CE,894.5,894.5,783.85,806.4,806.4,1769,2854446754.25,126425,78000,2026-08-27
NIFTY,2026-11-23,23300.0,CE,0.0,0.0,0.0,1642.3,1462.39,0,0.0,0,0,2026-08-27
NIFTY,2026-11-23,22950.0,CE,0.0,0.0,0.0,1911.7,1720.93,0,0.0,0,0,2026-08-27
NIFTY,2026-10-27,26750.0,CE,0.0,0.0,0.0,138.3,59.45,0,0.0,0,0,2026-08-27
NIFTY,2026-10-27,26600.0,CE,0.0,0.0,0.0,157.4,71.33,0,0.0,0,0,2026-08-27
NIFTY,2026-09-01,24600.0,CE,23.35,26.7,7.55,9.45,9.45,800694,1280977869177.5,8013720,1970540,2026-08-27
NIFTY,2026-10-27,26000.0,CE,29.65,31.0,24.0,25.25,25.25,8200,13871934384.75,1212315,17680,2026-08-27
NIFTY,2026-10-27,25450.0,CE,0.0,0.0,0.0,388.6,248.93,0,0.0,0,0,2026-08-27
NIFTY,2026-09-01,26250.0,CE,0.75,1.05,0.55,0.7,0.7,1144,1952009208.5,33930,-3640,2026-08-27
NIFTY,2026-09-01,26400.0,CE,0.75,1.1,0.5,0.6,0.6,8384,14387359119.25,153920,76050,2026-08-27
NIFTY,2026-09-01,26800.0,CE,0.85,1.05,0.5,0.6,0.6,4838,8428007763.5,99775,75465,2026-08-27
NIFTY,2026-09-01,26850.0,CE,0.65,0.95,0.45,0.5,0.5,1306,2279347089.5,28730,10530,2026-08-27
NIFTY,2026-09-15,23100.0,PE,8.5,14.15,8.5,11.95,11.95,67,100646802.75,11245,1495,2026-08-27
NIFTY,2026-09-15,22550.0,PE,5.65,5.65,5.65,5.65,10.24,13,19059524.25,845,780,2026-08-27
NIFTY,2026-09-08,22900.0,CE,0.0,0.0,0.0,1884.1,1246.48,0,0.0,0,0,2026-08-27
NIFTY,2026-09-08,23150.0,CE,0.0,0.0,0.0,1656.9,1011.14,0,0.0,0,0,2026-08-27
NIFTY,2026-09-08,23250.0,CE,0.0,0.0,0.0,1568.45,920.44,0,0.0,0,0,2026-08-27
NIFTY,2026-09-08,24700.0,CE,47.45,47.45,22.0,24.55,24.55,46242,74328750869.75,1359345,448045,2026-08-27
NIFTY,2026-09-08,25000.0,CE,10.65,13.55,7.15,8.45,8.45,67568,109838714453.0,1907360,230035,2026-08-27
NIFTY,2026-09-08,26400.0,CE,1.05,1.35,0.9,1.0,1.0,5621,9646012710.75,155545,126165,2026-08-27
NIFTY,2026-09-15,22350.0,CE,0.0,0.0,0.0,2265.3,1816.59,0,0.0,0,0,2026-08-27
NIFTY,2026-09-15,22650.0,CE,0.0,0.0,0.0,1979.9,1526.08,0,0.0,0,0,2026-08-27
NIFTY,2028-06-27,25500.0,CE,0.0,0.0,0.0,4676.6,2866.93,0,0.0,0,0,2026-08-27
NIFTY,2027-12-28,28500.0,CE,593.15,593.15,581.0,587.25,587.25,21,39703257.75,12675,-585,2026-08-27
NIFTY,2027-12-28,25500.0,CE,0.0,0.0,0.0,2400.0,2160.3,0,0.0,0,0,2026-08-27
NIFTY,2027-12-28,22500.0,CE,0.0,0.0,0.0,6183.0,3953.09,0,0.0,0,0,2026-08-27
NIFTY,2027-06-29,27000.0,CE,0.0,0.0,0.0,500.0,849.76,0,0.0,520,0,2026-08-27
NIFTY,2027-06-29,24000.0,CE,1930.45,1990.0,1930.45,1990.0,2178.25,2,3374829.25,1385,65,2026-08-27
NIFTY,2026-09-15,23000.0,CE,0.0,0.0,0.0,1460.75,1199.84,0,0.0,65,0,2026-08-27
NIFTY,2026-09-15,23050.0,CE,0.0,0.0,0.0,1613.5,1154.91,0,0.0,0,0,2026-08-27
NIFTY,2026-09-15,23150.0,CE,0.0,0.0,0.0,1525.35,1066.67,0,0.0,0,0,2026-08-27
NIFTY,2026-09-15,23250.0,CE,0.0,0.0,0.0,1438.9,980.84,0,0.0,0,0,2026-08-27
NIFTY,2026-09-15,23500.0,CE,914.85,914.85,781.6,806.05,778.84,11,17382972.75,520,520,2026-08-27
NIFTY,2026-11-23,23500.0,CE,1215.0,1215.0,1215.0,1215.0,1324.57,2,3212950.0,65,65,2026-08-27
NIFTY,2026-09-15,24850.0,CE,0.0,0.0,0.0,395.35,117.76,0,0.0,0,0,2026-08-27
NIFTY,2026-09-15,25050.0,CE,0.0,0.0,0.0,318.55,79.98,0,0.0,0,0,2026-08-27
NIFTY,2026-09-15,25250.0,CE,0.0,0.0,0.0,253.25,52.7,0,0.0,0,0,2026-08-27
NIFTY,2026-09-15,25650.0,CE,0.0,0.0,0.0,153.9,20.85,0,0.0,0,0,2026-08-27
NIFTY,2026-09-15,25750.0,CE,3.1,4.0,3.1,4.0,4.0,23,38501719.75,910,910,2026-08-27
NIFTY,2026-09-15,25850.0,CE,3.05,4.8,2.7,3.5,12.51,32,53774617.0,1235,-1430,2026-08-27
NIFTY,2026-09-15,26100.0,CE,2.25,3.6,2.1,2.5,2.5,5,8483400.25,1300,0,2026-08-27
NIFTY,2026-09-15,26200.0,CE,2.5,3.4,1.1,2.6,2.6,105,178834740.5,10595,4225,2026-08-27
NIFTY,2026-09-22,25300.0,CE,0.0,0.0,0.0,151.5,83.51,0,0.0,0,0,2026-08-27
NIFTY,2026-09-29,19500.0,CE,4820.0,4830.0,4780.0,4780.0,4780.0,28,44252903.5,140465,0,2026-08-27
NIFTY,2026-09-29,21750.0,CE,2550.0,2550.0,2550.0,2550.0,2474.62,1,1579500.0,65,65,2026-08-27
NIFTY,2026-09-29,21800.0,CE,2550.0,2550.0,2480.0,2480.0,2425.67,2,3160950.0,390,130,2026-08-27
NIFTY,2026-09-29,22100.0,CE,2265.0,2265.0,2265.0,2265.0,2134.24,1,1583725.0,65,0,2026-08-27
NIFTY,2026-09-29,24400.0,CE,279.4,292.3,214.05,224.8,224.8,26639,42669694876.25,2800915,346645,2026-08-27
NIFTY,2026-09-29,24700.0,CE,145.6,150.95,106.2,111.7,111.7,15304,24693342196.25,1057550,83720,2026-08-27
NIFTY,2026-09-29,24800.0,CE,111.05,118.2,81.45,86.1,86.1,24301,39321761485.5,1481090,305890,2026-08-27
NIFTY,2026-09-29,24900.0,CE,83.0,91.95,62.3,66.55,66.55,18504,30035755418.5,1043835,50310,2026-08-27
NIFTY,2026-10-27,22350.0,CE,0.0,0.0,0.0,2124.25,2054.65,0,0.0,0,0,2026-08-27
NIFTY,2026-09-22,23500.0,PE,0.0,0.0,0.0,187.05,154.31,0,0.0,0,0,2026-08-27
NIFTY,2026-09-22,23550.0,PE,0.0,0.0,0.0,199.5,166.4,0,0.0,0,0,2026-08-27
NIFTY,2026-09-22,23650.0,PE,0.0,0.0,0.0,228.6,195.25,0,0.0,0,0,2026-08-27
NIFTY,2026-09-22,26050.0,PE,0.0,0.0,0.0,1794.15,1866.37,0,0.0,0,0,2026-08-27
NIFTY,2026-09-29,22900.0,PE,18.5,23.8,18.2,23.0,23.0,1946,2899236463.5,344565,13260,2026-08-27
NIFTY,2026-09-29,23000.0,PE,19.85,28.0,18.5,26.9,26.9,32725,48974135892.5,4529460,362895,2026-08-27
NIFTY,2026-09-29,23600.0,PE,62.05,80.3,51.75,77.0,77.0,6779,10428704932.75,788190,56810,2026-08-27
NIFTY,2026-09-29,23650.0,PE,57.7,87.2,55.85,84.65,84.65,821,1266000567.0,95160,7085,2026-08-27
NIFTY,2026-09-29,24450.0,PE,280.0,370.1,273.2,359.0,359.0,2008,3231432756.5,94185,-41990,2026-08-27
NIFTY,2026-09-29,24800.0,PE,489.85,606.2,485.0,594.45,594.45,1335,2200399539.0,378755,3250,2026-08-27
NIFTY,2026-09-29,25850.0,PE,0.0,0.0,0.0,1859.75,1658.77,0,0.0,0,0,2026-08-27
NIFTY,2026-09-29,26200.0,PE,1780.0,1800.0,1780.0,1800.0,1982.62,2,3638700.0,37895,130,2026-08-27
NIFTY,2026-09-29,26500.0,PE,2099.0,2205.0,2098.3,2195.0,2195.0,163,303532216.0,849160,6825,2026-08-27
NIFTY,2026-09-29,27050.0,PE,0.0,0.0,0.0,2869.35,2804.36,0,0.0,0,0,2026-08-27
NIFTY,2026-10-27,22550.0,PE,27.05,27.05,27.05,27.05,93.04,1,1467508.25,650,-65,2026-08-27
NIFTY,2026-10-27,22700.0,PE,33.3,40.5,29.9,39.35,39.35,372,549763714.5,63830,4355,2026-08-27
NIFTY,2026-10-27,23550.0,PE,0.0,0.0,0.0,454.95,306.2,0,0.0,0,0,2026-08-27
NIFTY,2026-10-27,23850.0,PE,0.0,0.0,0.0,569.9,410.76,0,0.0,0,0,2026-08-27
NIFTY,2026-10-27,24350.0,PE,308.0,363.25,308.0,360.65,360.65,70,112328268.0,10400,0,2026-08-27
NIFTY,2026-10-27,24400.0,PE,310.8,385.4,305.05,375.9,375.9,882,1419033840.25,134680,4680,2026-08-27
NIFTY,2026-10-27,24500.0,PE,349.95,436.05,349.95,423.8,423.8,3465,5607572373.0,582725,11895,2026-08-27
NIFTY,2026-09-08,22550.0,PE,3.9,5.8,2.85,3.75,3.75,36,52775667.75,3575,585,2026-08-27
NIFTY,2026-10-27,25550.0,PE,0.0,0.0,0.0,1144.0,1405.51,0,0.0,130,0,2026-08-27
NIFTY,2026-10-27,25850.0,PE,0.0,0.0,0.0,1093.8,1643.03,0,0.0,65,0,2026-08-27
NIFTY,2026-10-27,26450.0,PE,0.0,0.0,0.0,2246.05,2155.96,0,0.0,0,0,2026-08-27
NIFTY,2026-10-27,26650.0,PE,0.0,0.0,0.0,2415.2,2335.74,0,0.0,0,0,2026-08-27
NIFTY,2026-10-27,26800.0,PE,0.0,0.0,0.0,2544.55,2472.83,0,0.0,0,0,2026-08-27
NIFTY,2026-10-27,27050.0,PE,0.0,0.0,0.0,2764.35,2704.95,0,0.0,0,0,2026-08-27
NIFTY,2026-09-08,22500.0,PE,3.65,4.3,2.65,3.5,3.5,10311,15082264908.75,712335,145145,2026-08-27
NIFTY,2026-09-01,25000.0,PE,672.5,833.0,661.6,817.15,817.15,2422,4055828754.25,361595,22230,2026-08-27
NIFTY,2026-09-01,23900.0,PE,9.35,25.4,7.4,19.25,19.25,887093,1379037702815.5,4418895,-185445,2026-08-27
NIFTY,2026-09-01,22000.0,PE,0.85,1.2,0.6,0.8,0.8,64558,92321199405.5,3499860,-550420,2026-08-27
NIFTY,2026-10-27,27100.0,PE,0.0,0.0,0.0,2808.9,2751.85,0,0.0,0,0,2026-08-27
NIFTY,2026-11-23,24350.0,PE,0.0,0.0,0.0,616.3,702.5,0,0.0,0,0,2026-08-27
NIFTY,2026-11-23,24850.0,PE,0.0,0.0,0.0,860.35,968.74,0,0.0,0,0,2026-08-27
NIFTY,2026-11-23,24950.0,PE,0.0,0.0,0.0,915.05,1027.91,0,0.0,0,0,2026-08-27
NIFTY,2026-11-23,25750.0,PE,0.0,0.0,0.0,1419.55,1567.31,0,0.0,0,0,2026-08-27
NIFTY,2026-12-29,17000.0,PE,13.25,13.35,12.05,12.2,12.2,63,69666749.75,188120,650,2026-08-27
NIFTY,2026-12-29,22500.0,PE,84.1,95.65,83.15,89.05,89.05,5526,8113296480.25,1042665,201370,2026-08-27
NIFTY,2026-12-29,27000.0,PE,2218.0,2291.5,2205.4,2284.45,2284.45,116,220437961.25,947835,2665,2026-08-27
NIFTY,2026-12-29,29000.0,PE,4075.0,4167.8,4070.0,4164.75,4164.75,26,55967483.0,218480,-65,2026-08-27
NIFTY,2027-03-30,15000.0,PE,0.0,0.0,0.0,20.0,0.01,0,0.0,1300,0,2026-08-27
NIFTY,2027-06-29,28500.0,PE,0.0,0.0,0.0,1807.05,3369.55,0,0.0,0,0,2026-08-27
NIFTY,2027-06-29,30000.0,PE,0.0,0.0,0.0,4000.0,4566.08,0,0.0,455,0,2026-08-27
NIFTY,2027-12-28,23000.0,PE,440.0,455.0,440.0,455.0,455.0,51,77734023.25,52690,910,2026-08-27
NIFTY,2028-06-27,16500.0,PE,0.0,0.0,0.0,3.8,16.32,0,0.0,0,0,2026-08-27
NIFTY,2028-12-26,20000.0,PE,275.0,275.0,275.0,275.0,196.54,3,3953625.0,3745,0,2026-08-27
NIFTY,2030-06-25,31500.0,PE,0.0,0.0,0.0,2056.3,3269.76,0,0.0,0,0,2026-08-27
NIFTY,2031-06-24,21000.0,PE,0.0,0.0,0.0,450.5,325.32,0,0.0,0,0,2026-08-27
NIFTY,2031-06-24,30000.0,CE,0.0,0.0,0.0,4459.9,4481.23,0,0.0,0,0,2026-08-27
NIFTY,2031-06-24,18000.0,CE,0.0,0.0,0.0,10825.95,11089.16,0,0.0,0,0,2026-08-27
NIFTY,2030-12-31,25500.0,CE,0.0,0.0,0.0,7639.65,5991.84,0,0.0,0,0,2026-08-27
NIFTY,2030-12-31,19500.0,CE,0.0,0.0,0.0,11601.15,9627.72,0,0.0,0,0,2026-08-27
NIFTY,2029-12-24,21000.0,CE,0.0,0.0,0.0,9463.95,7541.18,0,0.0,0,0,2026-08-27
NIFTY,2029-06-26,25500.0,CE,0.0,0.0,0.0,5917.35,4179.63,0,0.0,0,0,2026-08-27
NIFTY,2028-06-27,27000.0,CE,0.0,0.0,0.0,1935.0,2176.31,0,0.0,0,0,2026-08-27
NIFTY,2027-12-28,21000.0,CE,0.0,0.0,0.0,4902.4,5079.97,0,0.0,0,0,2026-08-27
NIFTY,2027-06-29,19500.0,CE,0.0,0.0,0.0,8143.4,5679.55,0,0.0,0,0,2026-08-27
NIFTY,2027-06-29,16500.0,CE,0.0,0.0,0.0,10867.2,8475.23,0,0.0,0,0,2026-08-27
NIFTY,2027-03-30,30000.0,CE,35.0,38.5,31.2,32.2,32.2,397,775002887.75,111540,6955,2026-08-27
NIFTY,2027-03-30,21000.0,CE,0.0,0.0,0.0,4053.0,3984.39,0,0.0,975,0,2026-08-27
NIFTY,2026-12-29,25500.0,CE,300.0,310.35,265.25,270.9,270.9,3471,5816741115.25,992810,20865,2026-08-27
NIFTY,2026-12-29,19500.0,CE,0.0,0.0,0.0,7586.85,5025.02,0,0.0,0,0,2026-08-27
NIFTY,2026-11-23,25900.0,CE,0.0,0.0,0.0,345.7,276.43,0,0.0,0,0,2026-08-27
NIFTY,2026-11-23,25300.0,CE,0.0,0.0,0.0,532.0,437.57,0,0.0,0,0,2026-08-27
NIFTY,2026-11-23,24800.0,CE,405.3,405.3,346.45,348.2,348.2,93,152200363.25,5200,5200,2026-08-27
NIFTY,2026-11-23,24300.0,CE,674.6,674.6,597.5,599.8,599.8,51,82640788.75,1690,650,2026-08-27
NIFTY,2026-10-27,26450.0,CE,0.0,0.0,0.0,178.65,85.2,0,0.0,0,0,2026-08-27
NIFTY,2026-10-27,24600.0,CE,339.05,340.95,284.3,293.65,293.65,1146,1855570239.25,77870,15340,2026-08-27
NIFTY,2026-10-27,24100.0,CE,642.5,642.75,555.0,567.7,567.7,239,383607032.25,26650,3900,2026-08-27
NIFTY,2026-10-27,23650.0,CE,0.0,0.0,0.0,1181.9,1037.44,0,0.0,0,0,2026-08-27
NIFTY,2026-10-27,23250.0,CE,0.0,0.0,0.0,1441.3,1316.57,0,0.0,0,0,2026-08-27
NIFTY,2026-10-27,22650.0,CE,0.0,0.0,0.0,1882.95,1794.35,0,0.0,0,0,2026-08-27
NIFTY,2026-09-29,25950.0,CE,6.5,7.0,6.15,6.8,6.8,207,349246176.5,21190,-650,2026-08-27
NIFTY,2026-09-29,24300.0,CE,339.4,346.65,260.0,273.85,273.85,47579,76060643740.25,4048200,646685,2026-08-27
NIFTY,2026-09-29,23100.0,CE,1285.0,1287.55,1285.0,1287.55,1226.13,3,4755403.25,4225,-65,2026-08-27
NIFTY,2026-09-29,22850.0,CE,0.0,0.0,0.0,1575.95,1439.18,0,0.0,325,0,2026-08-27
NIFTY,2026-09-29,21950.0,CE,0.0,0.0,0.0,2542.65,2279.39,0,0.0,65,0,2026-08-27
NIFTY,2026-09-29,21600.0,CE,2680.0,2680.0,2680.0,2680.0,2621.97,1,1578200.0,45175,65,2026-08-27
NIFTY,2026-09-29,21000.0,CE,3413.45,3413.45,3257.0,3257.0,3257.0,68,107511296.75,501930,260,2026-08-27
NIFTY,2026-09-22,25750.0,CE,0.0,0.0,0.0,79.6,36.13,0,0.0,0,0,2026-08-27
NIFTY,2026-09-22,25000.0,CE,0.0,0.0,0.0,223.05,137.37,0,0.0,0,0,2026-08-27
NIFTY,2026-09-22,24800.0,CE,80.05,80.15,54.75,59.8,59.8,753,1217100972.75,11830,6825,2026-08-27
NIFTY,2026-09-22,24100.0,CE,419.85,419.9,324.8,346.3,346.3,286,454727923.0,14235,3575,2026-08-27
NIFTY,2026-09-22,23800.0,CE,640.0,640.0,561.8,563.4,563.4,8,12688399.75,520,130,2026-08-27
NIFTY,2026-09-22,23650.0,CE,0.0,0.0,0.0,870.3,737.97,0,0.0,0,0,2026-08-27
NIFTY,2026-09-22,23250.0,CE,1160.0,1160.0,1160.0,1160.0,1039.79,1,1586650.0,65,65,2026-08-27
NIFTY,2026-09-22,22950.0,CE,0.0,0.0,0.0,1416.4,1294.3,0,0.0,0,0,2026-08-27
NIFTY,2026-09-15,25600.0,CE,0.0,0.0,0.0,164.3,23.57,0,0.0,0,0,2026-08-27
NIFTY,2026-09-22,22650.0,PE,0.0,0.0,0.0,45.6,27.94,0,0.0,0,0,2026-08-27
NIFTY,2026-09-15,24500.0,CE,131.0,143.5,90.0,97.25,97.25,12090,19339425095.25,512395,87555,2026-08-27
NIFTY,2026-09-15,23900.0,CE,493.3,493.3,414.7,430.15,430.15,113,178884878.25,4290,3315,2026-08-27
NIFTY,2026-09-15,23600.0,CE,805.0,805.0,714.15,714.15,714.15,5,7911150.0,390,195,2026-08-27
NIFTY,2026-09-15,23200.0,CE,0.0,0.0,0.0,1481.9,1023.44,0,0.0,0,0,2026-08-27
NIFTY,2026-09-08,26300.0,CE,1.2,1.6,1.0,1.05,1.05,326,557323617.5,36335,8385,2026-08-27
NIFTY,2026-09-08,25100.0,CE,7.8,9.15,5.55,6.35,6.35,47285,77165646798.5,604435,-565045,2026-08-27
NIFTY,2026-09-08,24450.0,CE,111.3,114.45,64.8,70.8,70.8,27370,43641744851.25,282750,-340600,2026-08-27
NIFTY,2026-09-08,24000.0,CE,386.0,400.85,282.5,297.85,297.85,16078,25419030217.75,461760,223210,2026-08-27
NIFTY,2026-09-08,22550.0,CE,0.0,0.0,0.0,2213.6,1588.12,0,0.0,0,0,2026-08-27
NIFTY,2026-09-01,26500.0,CE,0.65,1.0,0.55,0.6,0.6,10299,17740511785.75,201240,61815,2026-08-27
NIFTY,2026-09-01,25550.0,CE,1.35,2.0,0.9,1.05,1.05,36062,59892981066.75,722605,97825,2026-08-27
NIFTY,2026-09-01,25050.0,CE,2.15,3.7,1.75,2.25,2.25,319807,520781874538.25,2164760,715975,2026-08-27
NIFTY,2026-09-01,24750.0,CE,9.45,9.45,3.85,4.85,4.85,294315,473593453583.25,2948075,-603720,2026-08-27
NIFTY,2026-09-01,24500.0,CE,45.0,45.0,14.2,17.65,17.65,1311554,2090670500308.0,12538045,2146105,2026-08-27
NIFTY,2026-09-01,23750.0,CE,574.95,591.5,424.05,453.7,453.7,2484,3912805523.25,35750,-9880,2026-08-27
NIFTY,2026-09-01,23150.0,CE,0.0,0.0,0.0,1180.0,962.64,0,0.0,325,0,2026-08-27
NIFTY,2026-09-01,23000.0,CE,1309.75,1309.75,1164.7,1190.2,1190.2,350,551308121.0,47645,1625,2026-08-27
NIFTY,2026-09-01,22700.0,CE,0.0,0.0,0.0,1716.55,1409.78,0,0.0,0,0,2026-08-27
NIFTY,2026-09-01,22400.0,CE,0.0,0.0,0.0,1986.25,1709.44,0,0.0,0,0,2026-08-27
NIFTY,2026-09-15,23000.0,PE,8.75,11.65,7.1,10.75,10.75,1495,2235960847.25,166855,10075,2026-08-27
NIFTY,2026-09-15,22850.0,PE,0.0,0.0,0.0,11.2,24.59,0,0.0,1105,0,2026-08-27
NIFTY,2026-09-15,22750.0,PE,7.0,9.75,7.0,9.75,18.6,3,4437940.0,1690,130,2026-08-27
NIFTY,2026-09-08,26250.0,PE,0.0,0.0,0.0,1568.65,2107.37,0,0.0,0,0,2026-08-27
NIFTY,2026-09-08,25950.0,PE,0.0,0.0,0.0,1315.0,1809.15,0,0.0,0,0,2026-08-27
NIFTY,2026-09-08,25450.0,PE,1170.0,1202.0,1170.0,1202.0,1202.0,2,3462680.0,0,0,2026-08-27
NIFTY,2026-09-08,24950.0,PE,636.3,637.8,636.3,637.8,856.57,2,3326316.5,65,0,2026-08-27
NIFTY,2026-09-15,25500.0,PE,0.0,0.0,0.0,1068.3,1358.79,0,0.0,0,0,2026-08-27
NIFTY,2026-09-15,26150.0,PE,0.0,0.0,0.0,1603.05,1982.27,0,0.0,0,0,2026-08-27
NIFTY,2026-09-22,22400.0,PE,8.0,8.0,8.0,8.0,15.01,15,21847800.0,6760,845,2026-08-27
NIFTY,2026-09-22,23400.0,PE,0.0,0.0,0.0,161.3,129.36,0,0.0,0,0,2026-08-27
NIFTY,2026-09-08,22850.0,PE,4.0,5.5,4.0,4.65,4.65,330,490233747.25,13650,7150,2026-08-27
NIFTY,2026-09-08,23350.0,PE,7.25,11.55,6.8,10.6,10.6,2674,4060065483.5,68380,33800,2026-08-27
NIFTY,2026-09-08,23400.0,PE,7.95,13.5,7.35,12.15,12.15,19815,30151678644.75,391755,157625,2026-08-27
NIFTY,2026-09-08,23800.0,PE,22.05,44.5,21.2,40.7,40.7,40530,62786138441.0,1018615,246415,2026-08-27
NIFTY,2026-09-08,24550.0,PE,288.0,394.4,273.5,372.7,372.7,633,1024077847.0,15730,-1235,2026-08-27
NIFTY,2026-09-08,24750.0,PE,429.3,570.8,429.3,556.65,556.65,18,29519509.5,4875,-195,2026-08-27
NIFTY,2026-09-08,24900.0,PE,565.0,700.0,565.0,686.6,686.6,47,78054174.25,16055,-65,2026-08-27
NIFTY,2026-09-08,25400.0,PE,0.0,0.0,0.0,896.85,1270.87,0,0.0,0,0,2026-08-27
NIFTY,2026-09-15,22650.0,PE,0.0,0.0,0.0,6.2,13.89,0,0.0,65,0,2026-08-27
NIFTY,2026-09-15,23750.0,PE,0.0,0.0,0.0,105.2,182.72,0,0.0,1040,0,2026-08-27
NIFTY,2026-09-15,24650.0,PE,422.85,465.35,422.85,465.35,465.35,12,19577762.75,3510,-520,2026-08-27
NIFTY,2026-09-15,24850.0,PE,0.0,0.0,0.0,629.7,798.65,0,0.0,0,0,2026-08-27
NIFTY,2026-09-15,25250.0,PE,0.0,0.0,0.0,885.25,1132.32,0,0.0,0,0,2026-08-27
NIFTY,2026-09-15,25400.0,PE,0.0,0.0,0.0,992.45,1266.92,0,0.0,0,0,2026-08-27
NIFTY,2026-09-15,25550.0,PE,0.0,0.0,0.0,1105.5,1405.27,0,0.0,0,0,2026-08-27
NIFTY,2026-09-22,22900.0,PE,0.0,0.0,0.0,72.2,49.1,0,0.0,0,0,2026-08-27
NIFTY,2026-09-22,23150.0,PE,0.0,0.0,0.0,109.9,81.73,0,0.0,0,0,2026-08-27
NIFTY,2026-09-22,23250.0,PE,21.05,34.75,12.55,28.05,28.05,357,540070544.0,23010,10920,2026-08-27
NIFTY,2026-09-22,24700.0,PE,422.95,436.9,422.95,436.85,718.17,5,8167464.5,1755,0,2026-08-27
NIFTY,2026-09-22,24750.0,PE,0.0,0.0,0.0,752.65,752.99,0,0.0,0,0,2026-08-27
NIFTY,2026-09-22,24900.0,PE,0.0,0.0,0.0,853.1,863.26,0,0.0,0,0,2026-08-27
NIFTY,2026-09-22,25800.0,PE,0.0,0.0,0.0,1569.65,1630.71,0,0.0,0,0,2026-08-27
NIFTY,2026-09-29,16500.0,PE,0.85,0.85,0.75,0.75,0.75,27,28958965.75,133250,-65,2026-08-27
NIFTY,2026-09-29,21650.0,PE,0.0,0.0,0.0,8.7,3.91,0,0.0,6500,0,2026-08-27
NIFTY,2026-09-29,22050.0,PE,9.5,11.6,9.5,10.85,10.85,49,70262845.25,4355,-845,2026-08-27
NIFTY,2026-09-29,22100.0,PE,10.75,11.45,10.1,10.95,10.95,792,1138252488.75,72410,17550,2026-08-27
NIFTY,2026-09-29,22350.0,PE,0.0,0.0,0.0,11.4,22.74,0,0.0,12415,0,2026-08-27
NIFTY,2026-09-29,22750.0,PE,16.0,19.3,15.5,19.05,19.05,361,534216455.5,39195,-130,2026-08-27
NIFTY,2026-09-29,23200.0,PE,26.65,37.55,26.05,36.05,36.05,9426,14234045107.75,899535,150540,2026-08-27
NIFTY,2026-09-29,23450.0,PE,43.5,60.0,39.55,56.15,56.15,871,1330507005.75,153920,5070,2026-08-27
NIFTY,2026-09-29,24050.0,PE,133.95,188.85,130.45,182.35,182.35,1237,1946940251.75,65715,5720,2026-08-27
NIFTY,2026-09-29,24150.0,PE,160.2,227.55,157.7,209.05,209.05,8549,13531880696.75,267150,172380,2026-08-27
NIFTY,2026-09-29,24900.0,PE,571.95,683.0,569.7,669.7,669.7,272,451519792.75,89375,-845,2026-08-27
NIFTY,2026-09-29,25250.0,PE,864.0,890.95,864.0,888.0,1143.45,4,6792955.0,1950,65,2026-08-27
NIFTY,2026-09-29,25900.0,PE,0.0,0.0,0.0,1550.0,1704.22,0,0.0,4875,0,2026-08-27
NIFTY,2026-09-29,26450.0,PE,0.0,0.0,0.0,2346.8,2220.49,0,0.0,0,0,2026-08-27
NIFTY,2026-10-27,22600.0,PE,31.0,37.0,28.8,35.05,35.05,60,88265781.5,17160,1885,2026-08-27
NIFTY,2026-10-27,22750.0,PE,0.0,0.0,0.0,228.35,121.54,0,0.0,0,0,2026-08-27
NIFTY,2026-10-27,23000.0,PE,47.9,60.0,45.0,58.55,58.55,14722,22060445797.0,938145,31200,2026-08-27
NIFTY,2026-10-27,24600.0,PE,404.05,483.05,404.05,478.6,478.6,404,657700556.5,98605,0,2026-08-27
NIFTY,2026-10-27,24900.0,PE,572.0,665.15,572.0,665.15,665.15,10,16583053.5,76765,-195,2026-08-27
NIFTY,2026-10-27,25100.0,PE,731.0,796.0,731.0,760.5,1079.23,15,25228619.0,5655,-325,2026-08-27
NIFTY,2026-10-27,25150.0,PE,0.0,0.0,0.0,791.15,1113.47,0,0.0,325,0,2026-08-27
NIFTY,2026-10-27,25400.0,PE,970.1,987.7,970.1,985.0,1293.27,4,6859303.75,845,0,2026-08-27
NIFTY,2026-10-27,25500.0,PE,1025.0,1136.8,1025.0,1132.25,1132.25,208,359143122.0,193180,6110,2026-08-27
NIFTY,2026-10-27,26950.0,PE,0.0,0.0,0.0,2675.85,2611.6,0,0.0,0,0,2026-08-27
NIFTY,2026-11-23,22650.0,PE,0.0,0.0,0.0,135.8,161.65,0,0.0,0,0,2026-08-27
NIFTY,2026-11-23,23550.0,PE,0.0,0.0,0.0,327.35,380.9,0,0.0,0,0,2026-08-27
NIFTY,2026-11-23,24050.0,PE,0.0,0.0,0.0,493.55,566.87,0,0.0,0,0,2026-08-27
NIFTY,2026-11-23,24450.0,PE,0.0,0.0,0.0,661.15,751.67,0,0.0,0,0,2026-08-27
NIFTY,2026-11-23,24650.0,PE,0.0,0.0,0.0,756.75,856.23,0,0.0,0,0,2026-08-27
NIFTY,2026-12-29,15000.0,PE,8.05,10.0,8.05,8.05,8.05,33,32196196.5,116985,-1560,2026-08-27
NIFTY,2026-12-29,16000.0,PE,10.75,11.5,10.2,10.5,10.5,75,78051879.75,115175,0,2026-08-27
NIFTY,2026-12-29,24000.0,PE,286.2,339.05,286.2,333.25,333.25,5542,8761500978.75,2400860,-17290,2026-08-27
NIFTY,2026-12-29,33000.0,PE,0.0,0.0,0.0,5263.45,8182.56,0,0.0,0,0,2026-08-27
NIFTY,2027-12-28,28500.0,PE,0.0,0.0,0.0,2979.7,3049.97,0,0.0,260,0,2026-08-27
NIFTY,2027-12-28,31500.0,PE,0.0,0.0,0.0,3240.0,5204.89,0,0.0,0,0,2026-08-27
NIFTY,2027-12-28,33000.0,PE,0.0,0.0,0.0,4155.55,6415.08,0,0.0,0,0,2026-08-27
NIFTY,2028-06-27,19500.0,PE,0.0,0.0,0.0,40.05,127.76,0,0.0,0,0,2026-08-27
NIFTY,2028-06-27,30000.0,PE,0.0,0.0,0.0,3779.25,3687.7,0,0.0,0,0,2026-08-27
NIFTY,2028-12-26,16500.0,PE,0.0,0.0,0.0,5.9,25.85,0,0.0,0,0,2026-08-27
NIFTY,2029-12-24,18000.0,PE,0.0,0.0,0.0,96.5,94.62,0,0.0,0,0,2026-08-27
NIFTY,2029-12-24,23000.0,PE,0.0,0.0,0.0,725.0,628.67,0,0.0,1560,0,2026-08-27
NIFTY,2029-12-24,26000.0,PE,1350.0,1350.0,1350.0,1350.0,1350.0,1,1777750.0,3860,65,2026-08-27
NIFTY,2030-06-25,24000.0,PE,0.0,0.0,0.0,698.15,798.11,0,0.0,0,0,2026-08-27
NIFTY,2030-12-31,25500.0,PE,0.0,0.0,0.0,538.25,1073.04,0,0.0,0,0,2026-08-27
NIFTY,2031-06-24,31500.0,PE,0.0,0.0,0.0,3185.85,2782.22,0,0.0,0,0,2026-08-27
NIFTY,2026-09-01,22650.0,PE,1.35,1.7,0.9,1.2,1.2,10876,16013033478.0,88075,31395,2026-08-27
NIFTY,2026-09-01,22200.0,PE,1.1,1.3,0.7,1.0,1.0,19912,28734220723.0,619840,31655,2026-08-27
NIFTY,2031-06-24,16500.0,CE,0.0,0.0,0.0,11849.25,12127.36,0,0.0,0,0,2026-08-27
NIFTY,2030-12-31,24000.0,CE,0.0,0.0,0.0,8563.3,6808.29,0,0.0,0,0,2026-08-27
NIFTY,2030-06-25,25500.0,CE,0.0,0.0,0.0,7070.45,5394.13,0,0.0,0,0,2026-08-27
NIFTY,2029-12-24,19500.0,CE,0.0,0.0,0.0,10678.8,8602.22,0,0.0,0,0,2026-08-27
NIFTY,2029-06-26,19500.0,CE,0.0,0.0,0.0,10206.95,8071.44,0,0.0,0,0,2026-08-27
NIFTY,2028-06-27,16500.0,CE,0.0,0.0,0.0,11752.8,9479.08,0,0.0,0,0,2026-08-27
NIFTY,2027-12-28,31500.0,CE,0.0,0.0,0.0,210.0,440.8,0,0.0,1950,0,2026-08-27
NIFTY,2027-12-28,30000.0,CE,365.0,375.0,345.5,347.3,347.3,200,394657409.25,144040,5720,2026-08-27
NIFTY,2027-12-28,26000.0,CE,1611.5,1644.0,1602.0,1619.3,1619.3,60,107720333.5,71280,585,2026-08-27
NIFTY,2027-12-28,25000.0,CE,2193.15,2196.45,2168.0,2171.95,2171.95,21,37095737.25,40310,-195,2026-08-27
NIFTY,2027-06-29,28500.0,CE,0.0,0.0,0.0,1711.9,485.47,0,0.0,0,0,2026-08-27
NIFTY,2026-12-29,28000.0,CE,27.05,27.45,23.1,25.6,25.6,5668,10325345865.25,1643050,3200,2026-08-27
NIFTY,2026-11-23,25250.0,CE,0.0,0.0,0.0,550.35,453.73,0,0.0,0,0,2026-08-27
NIFTY,2026-11-23,25200.0,CE,0.0,0.0,0.0,569.15,470.34,0,0.0,0,0,2026-08-27
NIFTY,2026-09-01,26750.0,PE,0.0,0.0,0.0,2407.3,2636.95,0,0.0,0,0,2026-08-27
NIFTY,2026-11-23,24850.0,CE,0.0,0.0,0.0,714.05,599.52,0,0.0,0,0,2026-08-27
NIFTY,2026-11-23,23200.0,CE,0.0,0.0,0.0,1717.3,1535.18,0,0.0,0,0,2026-08-27
NIFTY,2026-11-23,22800.0,CE,0.0,0.0,0.0,2032.75,1837.73,0,0.0,0,0,2026-08-27
NIFTY,2026-11-23,22500.0,CE,0.0,0.0,0.0,2283.7,2081.24,0,0.0,0,0,2026-08-27
NIFTY,2026-10-27,27100.0,CE,0.0,0.0,0.0,101.3,38.19,0,0.0,0,0,2026-08-27
NIFTY,2026-10-27,27000.0,CE,7.7,7.75,6.1,7.2,7.2,1544,2710402773.0,231920,10790,2026-08-27
NIFTY,2026-10-27,26850.0,CE,0.0,0.0,0.0,126.7,52.52,0,0.0,0,0,2026-08-27
NIFTY,2026-10-27,26050.0,CE,0.0,0.0,0.0,247.25,133.84,0,0.0,0,0,2026-08-27
NIFTY,2026-10-27,25400.0,CE,86.95,87.4,66.95,70.9,70.9,4854,8038469689.25,253110,-43745,2026-08-27
NIFTY,2026-10-27,25000.0,CE,189.2,189.2,146.25,153.2,153.2,10614,17359157448.75,1023425,69615,2026-08-27
NIFTY,2026-10-27,24950.0,CE,181.55,186.0,159.6,166.85,166.85,110,179617538.75,13910,130,2026-08-27
NIFTY,2026-10-27,24800.0,CE,271.0,271.0,205.7,212.35,212.35,1700,2765459791.25,117390,-1170,2026-08-27
NIFTY,2026-10-27,23700.0,CE,939.6,939.6,881.1,906.5,1005.11,10,15996964.75,3250,585,2026-08-27
NIFTY,2026-10-27,23400.0,CE,1145.15,1169.55,1100.0,1112.15,1207.63,4,6378245.25,325,-65,2026-08-27
NIFTY,2026-10-27,23350.0,CE,0.0,0.0,0.0,1240.0,1244.33,0,0.0,65,0,2026-08-27
NIFTY,2026-10-27,23100.0,CE,0.0,0.0,0.0,1547.05,1429.86,0,0.0,0,0,2026-08-27
NIFTY,2026-09-29,25800.0,CE,8.55,9.45,7.55,8.25,8.25,3808,6388078349.25,459745,-1690,2026-08-27
NIFTY,2026-09-29,24500.0,CE,229.4,245.0,173.0,180.75,180.75,53835,86420304178.0,5578105,475020,2026-08-27
NIFTY,2026-09-29,24150.0,CE,434.6,441.95,344.2,358.05,358.05,5255,8379323624.75,134030,83265,2026-08-27
NIFTY,2026-09-29,23750.0,CE,720.75,720.75,640.5,640.65,640.65,33,52360717.5,4290,520,2026-08-27
NIFTY,2026-09-29,22750.0,CE,0.0,0.0,0.0,1386.55,1527.65,0,0.0,260,0,2026-08-27
NIFTY,2026-09-08,22650.0,CE,0.0,0.0,0.0,2118.35,1489.63,0,0.0,0,0,2026-08-27
NIFTY,2026-09-01,26550.0,CE,0.85,1.05,0.5,0.6,0.6,1597,2756100194.25,23530,17810,2026-08-27
NIFTY,2026-09-01,25650.0,CE,1.0,1.75,0.75,0.85,0.85,24012,40035732155.25,410280,67015,2026-08-27
NIFTY,2026-09-01,24950.0,CE,3.95,4.35,2.15,2.75,2.75,259490,420883035023.75,2240680,1042145,2026-08-27
NIFTY,2026-09-01,24900.0,CE,3.9,4.75,2.45,3.1,3.1,469225,759553300957.75,5753930,2139410,2026-08-27
NIFTY,2026-09-01,23950.0,CE,385.6,395.0,247.15,269.25,269.25,23599,37199432588.5,141375,81510,2026-08-27
NIFTY,2026-09-01,23400.0,CE,873.0,873.0,775.0,796.75,796.75,118,185709387.5,14820,455,2026-08-27
NIFTY,2026-09-01,23300.0,CE,1018.45,1018.45,870.0,882.7,882.7,269,423067547.5,15860,10725,2026-08-27
NIFTY,2026-09-01,23550.0,CE,783.35,783.35,622.9,649.3,649.3,89,140192698.75,17225,715,2026-08-27
NIFTY,2026-09-01,23250.0,CE,0.0,0.0,0.0,1259.15,864.92,0,0.0,0,0,2026-08-27
NIFTY,2026-09-01,23050.0,CE,0.0,0.0,0.0,1182.0,1061.3,0,0.0,65,0,2026-08-27
NIFTY,2026-11-23,24450.0,CE,0.0,0.0,0.0,908.9,776.17,0,0.0,0,0,2026-08-27
NIFTY,2026-11-23,23900.0,CE,908.45,908.45,908.45,908.45,1071.76,1,1612549.25,65,65,2026-08-27
NIFTY,2026-11-23,23700.0,CE,0.0,0.0,0.0,1358.95,1194.27,0,0.0,0,0,2026-08-27
NIFTY,2026-11-23,22450.0,CE,0.0,0.0,0.0,2326.6,2123.01,0,0.0,0,0,2026-08-27
NIFTY,2026-10-27,26700.0,CE,0.0,0.0,0.0,85.6,63.2,0,0.0,65,0,2026-08-27
NIFTY,2026-10-27,26100.0,CE,0.0,0.0,0.0,237.65,126.72,0,0.0,0,0,2026-08-27
NIFTY,2026-10-27,25800.0,CE,109.8,109.8,109.8,109.8,174.6,1,1684137.0,65,65,2026-08-27
NIFTY,2026-10-27,25600.0,CE,57.55,57.55,46.05,48.05,48.05,3725,6211238501.0,123630,-87295,2026-08-27
NIFTY,2026-10-27,25500.0,CE,71.0,73.05,55.7,58.35,58.35,10213,16969537731.25,937300,-38740,2026-08-27
NIFTY,2026-10-27,22550.0,CE,0.0,0.0,0.0,1962.0,1879.76,0,0.0,0,0,2026-08-27
NIFTY,2026-10-27,23950.0,CE,0.0,0.0,0.0,1007.1,852.35,0,0.0,0,0,2026-08-27
NIFTY,2026-09-01,27050.0,PE,0.0,0.0,0.0,2693.45,2936.7,0,0.0,0,0,2026-08-27
NIFTY,2026-09-01,26350.0,PE,0.0,0.0,0.0,2035.25,2237.29,0,0.0,0,0,2026-08-27
NIFTY,2026-09-01,25450.0,PE,0.0,0.0,0.0,1130.0,1338.33,0,0.0,780,0,2026-08-27
NIFTY,2026-09-01,24550.0,PE,252.05,394.0,242.0,363.8,363.8,21007,33958339382.5,193505,-47320,2026-08-27
NIFTY,2026-09-01,23850.0,PE,8.4,19.45,5.2,14.3,14.3,464875,721047815159.75,1870960,685165,2026-08-27
NIFTY,2026-09-08,23700.0,CE,639.3,653.95,526.35,540.1,540.1,331,522332261.75,14365,10855,2026-08-27
NIFTY,2026-09-08,24400.0,CE,134.9,137.25,78.65,85.25,85.25,52141,83030287470.0,1219335,428805,2026-08-27
NIFTY,2026-09-08,24650.0,CE,55.1,55.1,27.05,30.6,30.6,16126,25874766238.75,292435,81185,2026-08-27
NIFTY,2026-09-08,25700.0,CE,2.05,2.85,1.85,2.15,2.15,2801,4679491989.25,98670,46410,2026-08-27
NIFTY,2026-09-15,22550.0,CE,0.0,0.0,0.0,2074.25,1622.11,0,0.0,0,0,2026-08-27
NIFTY,2026-09-15,22700.0,CE,0.0,0.0,0.0,1933.1,1478.44,0,0.0,0,0,2026-08-27
NIFTY,2026-09-15,22900.0,CE,0.0,0.0,0.0,1748.55,1291.12,0,0.0,0,0,2026-08-27
NIFTY,2026-09-15,23700.0,CE,630.4,633.9,584.2,593.0,593.0,67,105893014.5,1755,-650,2026-08-27
NIFTY,2026-09-15,24300.0,CE,231.7,247.2,166.3,176.35,176.35,7268,11571671462.0,281515,114855,2026-08-27
NIFTY,2026-09-15,25200.0,CE,0.0,0.0,0.0,268.55,58.66,0,0.0,0,0,2026-08-27
NIFTY,2026-09-22,22800.0,CE,0.0,0.0,0.0,1547.15,1428.51,0,0.0,0,0,2026-08-27
NIFTY,2026-09-22,23700.0,CE,725.35,725.35,666.25,666.25,703.88,3,4758887.25,325,65,2026-08-27
NIFTY,2026-09-22,24450.0,CE,199.75,201.85,150.35,159.35,159.35,96,153634705.25,6240,2730,2026-08-27
NIFTY,2026-09-22,25050.0,CE,0.0,0.0,0.0,209.5,126.85,0,0.0,0,0,2026-08-27
NIFTY,2026-09-22,25200.0,CE,23.0,23.0,18.4,19.05,19.05,139,227861091.25,15210,520,2026-08-27
NIFTY,2026-09-22,25350.0,CE,0.0,0.0,0.0,141.55,76.5,0,0.0,0,0,2026-08-27
NIFTY,2026-09-22,25400.0,CE,0.0,0.0,0.0,132.15,69.98,0,0.0,0,0,2026-08-27
NIFTY,2026-09-29,21700.0,CE,2580.0,2580.0,2580.0,2580.0,2580.0,1,1578200.0,65,-65,2026-08-27
NIFTY,2026-09-01,22250.0,CE,0.0,0.0,0.0,2125.05,1859.31,0,0.0,0,0,2026-08-27
NIFTY,2026-09-01,22450.0,CE,0.0,0.0,0.0,1940.55,1659.49,0,0.0,0,0,2026-08-27
NIFTY,2026-09-01,22650.0,CE,0.0,0.0,0.0,1760.65,1459.7,0,0.0,0,0,2026-08-27
NIFTY,2026-09-01,22900.0,CE,0.0,0.0,0.0,1543.9,1210.3,0,0.0,0,0,2026-08-27
NIFTY,2026-09-01,23100.0,CE,1170.45,1170.45,1116.95,1116.95,1011.88,2,3151681.0,390,130,2026-08-27
NIFTY,2028-06-27,18000.0,PE,0.0,0.0,0.0,396.75,50.56,0,0.0,0,0,2026-08-27
NIFTY,2028-06-27,22000.0,PE,365.05,369.95,365.05,369.95,425.12,3,4361503.25,1495,65,2026-08-27
NIFTY,2028-06-27,25500.0,PE,0.0,0.0,0.0,667.45,1383.14,0,0.0,0,0,2026-08-27
NIFTY,2028-12-26,21000.0,PE,360.0,360.0,360.0,360.0,304.85,2,2776800.0,7190,-130,2026-08-27
NIFTY,2028-12-26,22500.0,PE,0.0,0.0,0.0,218.8,539.91,0,0.0,0,0,2026-08-27
NIFTY,2028-12-26,30000.0,PE,0.0,0.0,0.0,2352.75,3365.64,0,0.0,0,0,2026-08-27
NIFTY,2029-06-26,22500.0,PE,0.0,0.0,0.0,224.45,545.68,0,0.0,0,0,2026-08-27
NIFTY,2029-06-26,26000.0,PE,0.0,0.0,0.0,1650.0,1422.71,0,0.0,50,0,2026-08-27
NIFTY,2029-12-24,19500.0,PE,0.0,0.0,0.0,61.2,186.06,0,0.0,0,0,2026-08-27
NIFTY,2030-12-31,27000.0,PE,0.0,0.0,0.0,779.5,1452.22,0,0.0,0,0,2026-08-27
NIFTY,2030-12-31,33000.0,PE,0.0,0.0,0.0,2387.3,3651.72,0,0.0,0,0,2026-08-27
NIFTY,2026-11-23,23850.0,CE,0.0,0.0,0.0,1260.3,1101.64,0,0.0,0,0,2026-08-27
NIFTY,2026-11-23,23000.0,CE,1700.0,1700.0,1566.05,1620.65,1620.65,19,30454495.5,910,910,2026-08-27
NIFTY,2026-11-23,22650.0,CE,0.0,0.0,0.0,2156.8,1957.91,0,0.0,0,0,2026-08-27
NIFTY,2026-10-27,26350.0,CE,0.0,0.0,0.0,194.1,95.68,0,0.0,0,0,2026-08-27
NIFTY,2026-10-27,26250.0,CE,0.0,0.0,0.0,210.65,107.22,0,0.0,0,0,2026-08-27
NIFTY,2026-10-27,25200.0,CE,135.35,135.35,97.75,103.0,103.0,3516,5784601488.25,270595,64480,2026-08-27
NIFTY,2026-10-27,24550.0,CE,367.95,367.95,313.85,315.75,315.75,52,84112093.0,8710,260,2026-08-27
NIFTY,2026-10-27,23150.0,CE,0.0,0.0,0.0,1510.7,1391.61,0,0.0,0,0,2026-08-27
NIFTY,2026-10-27,22750.0,CE,0.0,0.0,0.0,1805.4,1710.44,0,0.0,0,0,2026-08-27
NIFTY,2026-10-27,22450.0,CE,0.0,0.0,0.0,2042.45,1966.56,0,0.0,0,0,2026-08-27
NIFTY,2026-10-27,22250.0,CE,2220.0,2225.0,2195.0,2195.0,2143.94,24,38170600.0,9295,1560,2026-08-27
NIFTY,2026-09-29,26850.0,CE,0.0,0.0,0.0,3.35,7.93,0,0.0,3575,0,2026-08-27
NIFTY,2026-09-29,25300.0,CE,27.5,30.05,21.65,23.1,23.1,12230,20131675102.5,842205,-86710,2026-08-27
NIFTY,2026-09-29,25250.0,CE,36.0,36.0,24.25,26.2,26.2,3056,5021339947.0,117650,24310,2026-08-27
NIFTY,2026-09-29,25050.0,CE,56.2,60.85,42.05,44.6,44.6,3409,5561393246.5,197210,12545,2026-08-27
NIFTY,2026-09-29,24250.0,CE,366.6,375.85,287.9,295.9,295.9,5286,8441912752.0,292955,50700,2026-08-27
NIFTY,2026-09-29,23650.0,CE,733.25,733.25,716.1,724.7,724.7,2,3168707.75,2210,0,2026-08-27
NIFTY,2026-09-29,23500.0,CE,970.0,970.0,828.8,843.2,843.2,3177,5035056711.75,530660,39390,2026-08-27
NIFTY,2026-09-29,23450.0,CE,906.15,906.15,906.15,906.15,952.63,1,1583149.75,455,65,2026-08-27
NIFTY,2026-09-29,23400.0,CE,1013.85,1029.5,922.0,926.8,926.8,117,185181038.25,33345,1885,2026-08-27
NIFTY,2029-12-24,25500.0,CE,0.0,0.0,0.0,6500.6,4794.85,0,0.0,0,0,2026-08-27
NIFTY,2026-09-29,23200.0,CE,1209.45,1209.45,1100.3,1111.9,1111.9,197,312169383.5,21320,-2535,2026-08-27
NIFTY,2026-09-29,22350.0,CE,0.0,0.0,0.0,1788.15,1895.75,0,0.0,195,0,2026-08-27
NIFTY,2026-09-29,22300.0,CE,0.0,0.0,0.0,2015.3,1943.04,0,0.0,1755,0,2026-08-27
NIFTY,2026-09-29,18000.0,CE,0.0,0.0,0.0,6340.0,6197.29,0,0.0,1365,0,2026-08-27
NIFTY,2026-09-29,15000.0,CE,0.0,0.0,0.0,10499.3,9179.55,0,0.0,0,0,2026-08-27
NIFTY,2026-09-22,25150.0,CE,0.0,0.0,0.0,185.6,107.75,0,0.0,0,0,2026-08-27
NIFTY,2026-09-22,24400.0,CE,232.05,233.0,172.0,178.8,178.8,492,786574665.5,24830,5980,2026-08-27
NIFTY,2026-09-22,23300.0,CE,0.0,0.0,0.0,1128.6,999.5,0,0.0,0,0,2026-08-27
NIFTY,2026-09-15,25700.0,CE,0.0,0.0,0.0,144.0,18.4,0,0.0,0,0,2026-08-27
NIFTY,2026-09-15,24550.0,CE,111.05,120.3,78.0,83.5,83.5,975,1561790594.0,48620,12545,2026-08-27
NIFTY,2026-09-15,22450.0,CE,0.0,0.0,0.0,2169.4,1719.01,0,0.0,0,0,2026-08-27
NIFTY,2026-09-08,25950.0,CE,1.9,2.15,1.15,1.65,1.65,459,774275638.5,14690,9945,2026-08-27
NIFTY,2026-09-08,25150.0,CE,4.95,6.5,4.6,5.85,5.85,3878,6341027277.0,55640,-3445,2026-08-27
NIFTY,2026-09-08,24600.0,CE,64.75,65.0,33.55,37.05,37.05,53681,85987789400.5,1008800,-3900,2026-08-27
NIFTY,2026-09-08,23600.0,CE,730.0,730.0,619.0,632.4,632.4,81,127657559.25,3835,845,2026-08-27
NIFTY,2026-09-08,23450.0,CE,874.1,874.1,781.95,781.95,781.95,4,6306595.75,130,65,2026-08-27
NIFTY,2026-09-08,23200.0,CE,1123.3,1123.3,996.15,1040.8,1040.8,186,293080092.5,11505,10270,2026-08-27
NIFTY,2026-09-08,22350.0,CE,0.0,0.0,0.0,2406.1,1786.27,0,0.0,0,0,2026-08-27
NIFTY,2026-09-01,26700.0,CE,0.55,1.1,0.5,0.55,0.55,3622,6286153532.75,56810,520,2026-08-27
NIFTY,2026-09-01,26200.0,CE,0.7,1.15,0.6,0.7,0.7,7891,13438783787.0,160095,-1885,2026-08-27
NIFTY,2026-09-01,26150.0,CE,0.75,1.1,0.6,0.75,0.75,2520,4283507390.5,54470,24635,2026-08-27
NIFTY,2026-09-01,25600.0,CE,0.95,1.9,0.75,0.9,0.9,158904,264428447721.75,3175770,1029795,2026-08-27
NIFTY,2026-09-01,25300.0,CE,1.75,2.6,1.2,1.45,1.45,483504,795177428529.25,4920110,2568345,2026-08-27
NIFTY,2026-09-01,25100.0,CE,1.95,3.35,1.5,1.95,1.95,640283,1044720410165.25,5507580,1147900,2026-08-27
NIFTY,2026-09-01,24650.0,CE,16.75,17.0,5.9,7.45,7.45,331144,530787562106.75,2847975,446940,2026-08-27
NIFTY,2026-09-01,22950.0,CE,0.0,0.0,0.0,1501.8,1160.55,0,0.0,0,0,2026-08-27
NIFTY,2026-09-01,22800.0,CE,0.0,0.0,0.0,1629.4,1309.97,0,0.0,0,0,2026-08-27
NIFTY,2026-09-01,22300.0,CE,0.0,0.0,0.0,2078.55,1809.36,0,0.0,0,0,2026-08-27
NIFTY,2028-12-26,16500.0,CE,0.0,0.0,0.0,12176.65,9959.35,0,0.0,0,0,2026-08-27
NIFTY,2027-03-30,22500.0,CE,2729.95,2730.0,2655.05,2658.2,2658.2,132,216051540.25,12285,3445,2026-08-27
NIFTY,2026-12-29,34500.0,CE,0.0,0.0,0.0,4.9,0.12,0,0.0,975,0,2026-08-27
NIFTY,2026-12-29,18000.0,CE,0.0,0.0,0.0,6570.45,6487.79,0,0.0,1690,0,2026-08-27
NIFTY,2026-11-23,26000.0,CE,171.4,171.4,61.65,66.6,66.6,301,510103431.5,17550,17550,2026-08-27
NIFTY,2026-11-23,25950.0,CE,0.0,0.0,0.0,332.85,265.49,0,0.0,0,0,2026-08-27
NIFTY,2026-11-23,24950.0,CE,0.0,0.0,0.0,670.25,560.26,0,0.0,0,0,2026-08-27
NIFTY,2029-06-26,27000.0,CE,0.0,0.0,0.0,6570.4,3443.28,0,0.0,0,0,2026-08-27
NIFTY,2029-12-24,30000.0,CE,0.0,0.0,0.0,2863.2,2819.68,0,0.0,8145,0,2026-08-27
NIFTY,2026-09-01,22600.0,CE,0.0,0.0,0.0,1805.15,1509.64,0,0.0,0,0,2026-08-27
NIFTY,2026-09-01,22850.0,CE,0.0,0.0,0.0,1586.45,1260.12,0,0.0,0,0,2026-08-27
NIFTY,2026-09-01,23200.0,CE,1046.65,1046.65,977.95,1024.9,1024.9,171,269253754.25,6110,-8515,2026-08-27
NIFTY,2026-09-01,23650.0,CE,631.75,631.75,518.75,542.35,542.35,433,681545543.25,19890,-6760,2026-08-27
NIFTY,2026-09-01,23800.0,CE,526.4,544.25,380.0,402.4,402.4,16512,26018282959.5,189150,24895,2026-08-27
NIFTY,2026-09-01,25150.0,CE,1.1,3.1,1.1,1.8,1.8,313571,512656010850.75,1369420,500955,2026-08-27
NIFTY,2026-09-01,26600.0,CE,0.7,0.95,0.5,0.6,0.6,1645,2844277985.25,45175,-2015,2026-08-27
NIFTY,2026-09-08,22600.0,CE,0.0,0.0,0.0,2165.9,1538.81,0,0.0,0,0,2026-08-27
NIFTY,2026-09-08,22850.0,CE,0.0,0.0,0.0,1930.45,1294.64,0,0.0,0,0,2026-08-27
NIFTY,2026-09-08,23300.0,CE,0.0,0.0,0.0,1524.85,876.05,0,0.0,0,0,2026-08-27
NIFTY,2026-09-08,23550.0,CE,719.55,753.45,708.8,753.45,666.04,4,6313294.0,195,195,2026-08-27
NIFTY,2026-09-08,23750.0,CE,606.6,606.95,486.0,497.2,497.2,59,93193470.5,2470,1105,2026-08-27
NIFTY,2026-09-08,24150.0,CE,290.7,290.7,187.25,201.0,201.0,17113,27106594615.75,224900,128895,2026-08-27
NIFTY,2026-09-08,24300.0,CE,190.55,190.8,114.0,123.4,123.4,70921,112671759889.0,1806350,908765,2026-08-27
NIFTY,2026-09-15,22400.0,CE,0.0,0.0,0.0,2217.25,1767.73,0,0.0,0,0,2026-08-27
NIFTY,2026-09-15,22750.0,CE,0.0,0.0,0.0,1886.5,1431.1,0,0.0,0,0,2026-08-27
NIFTY,2026-09-15,22850.0,CE,0.0,0.0,0.0,1794.25,1337.41,0,0.0,0,0,2026-08-27
NIFTY,2026-09-15,23300.0,CE,0.0,0.0,0.0,1396.35,938.93,0,0.0,0,0,2026-08-27
NIFTY,2026-09-15,24150.0,CE,317.05,323.65,241.55,254.0,254.0,1736,2756357249.75,32435,25675,2026-08-27
NIFTY,2026-09-15,24800.0,CE,0.0,0.0,0.0,416.45,129.12,0,0.0,0,0,2026-08-27
NIFTY,2026-09-15,25450.0,CE,22.8,22.8,6.2,6.2,33.67,102,168809667.0,2730,2730,2026-08-27
NIFTY,2026-09-15,25500.0,CE,18.35,18.35,5.15,5.45,5.45,57,94499544.75,2210,2210,2026-08-27
NIFTY,2026-09-22,22550.0,CE,0.0,0.0,0.0,1772.85,1659.93,0,0.0,0,0,2026-08-27
NIFTY,2026-09-22,22700.0,CE,0.0,0.0,0.0,1636.35,1520.04,0,0.0,0,0,2026-08-27
NIFTY,2026-09-22,23550.0,CE,0.0,0.0,0.0,931.8,808.69,0,0.0,65,0,2026-08-27
NIFTY,2026-09-22,24350.0,CE,264.9,264.9,195.7,202.75,202.75,252,402459648.5,9490,4810,2026-08-27
NIFTY,2026-09-29,22600.0,CE,0.0,0.0,0.0,1900.0,1663.28,0,0.0,910,0,2026-08-27
NIFTY,2026-09-29,23850.0,CE,638.85,641.6,563.95,574.25,574.25,92,146142688.25,4030,455,2026-08-27
NIFTY,2026-09-29,24950.0,CE,75.6,79.95,54.4,57.35,57.35,2776,4513267151.25,185640,41015,2026-08-27
NIFTY,2026-09-29,25400.0,CE,23.45,23.45,16.8,18.0,18.0,5909,9763079404.0,479440,-35815,2026-08-27
NIFTY,2026-09-29,26500.0,CE,3.25,3.85,3.05,3.55,3.55,3140,5409343992.0,948480,8580,2026-08-27
NIFTY,2026-09-29,26650.0,CE,0.0,0.0,0.0,3.1,11.96,0,0.0,715,0,2026-08-27
NIFTY,2027-12-28,30000.0,PE,3950.0,3950.0,3800.0,3800.0,4075.28,4,8797750.0,455,260,2026-08-27
NIFTY,2027-12-28,22500.0,PE,0.0,0.0,0.0,186.5,472.91,0,0.0,0,0,2026-08-27
NIFTY,2027-12-28,19500.0,PE,0.0,0.0,0.0,29.25,91.1,0,0.0,0,0,2026-08-27
NIFTY,2027-06-29,33000.0,PE,0.0,0.0,0.0,4691.7,7209.15,0,0.0,0,0,2026-08-27
NIFTY,2027-03-30,33000.0,PE,0.0,0.0,0.0,8415.45,7674.23,0,0.0,0,0,2026-08-27
NIFTY,2026-12-29,12000.0,PE,0.0,0.0,0.0,8.7,0.0,0,0.0,18215,0,2026-08-27
NIFTY,2026-11-23,26100.0,PE,0.0,0.0,0.0,1675.5,1834.33,0,0.0,0,0,2026-08-27
NIFTY,2026-11-23,25250.0,PE,0.0,0.0,0.0,1090.7,1216.67,0,0.0,0,0,2026-08-27
NIFTY,2026-11-23,24550.0,PE,0.0,0.0,0.0,708.0,802.95,0,0.0,0,0,2026-08-27
NIFTY,2026-11-23,24100.0,PE,0.0,0.0,0.0,512.75,588.21,0,0.0,0,0,2026-08-27
NIFTY,2026-11-23,23950.0,PE,0.0,0.0,0.0,456.55,525.71,0,0.0,0,0,2026-08-27
NIFTY,2026-11-23,22950.0,PE,0.0,0.0,0.0,186.2,219.96,0,0.0,0,0,2026-08-27
NIFTY,2026-11-23,22450.0,PE,0.0,0.0,0.0,108.55,129.89,0,0.0,0,0,2026-08-27
NIFTY,2026-10-27,26600.0,PE,0.0,0.0,0.0,2372.55,2290.45,0,0.0,0,0,2026-08-27
NIFTY,2026-10-27,26000.0,PE,1458.1,1590.2,1458.1,1573.35,1573.35,314,562144144.25,102700,14430,2026-08-27
NIFTY,2026-10-27,25600.0,PE,0.0,0.0,0.0,1015.2,1444.06,0,0.0,130,0,2026-08-27
NIFTY,2026-10-27,25200.0,PE,792.05,862.0,792.05,838.6,1148.22,18,30454125.0,9750,455,2026-08-27
NIFTY,2026-10-27,25000.0,PE,607.65,740.45,607.65,727.65,727.65,908,1516003482.5,530855,4095,2026-08-27
NIFTY,2026-10-27,24850.0,PE,0.0,0.0,0.0,499.25,916.13,0,0.0,1755,0,2026-08-27
NIFTY,2026-10-27,24800.0,PE,522.0,600.0,520.05,600.0,600.0,87,143350350.0,142480,1170,2026-08-27
NIFTY,2026-10-27,24300.0,PE,274.6,341.75,271.55,330.75,330.75,876,1401014881.5,117650,6955,2026-08-27
NIFTY,2026-10-27,23450.0,PE,86.7,107.0,85.8,104.85,104.85,304,465254630.75,64675,5070,2026-08-27
NIFTY,2026-10-27,23100.0,PE,51.55,67.2,50.35,65.7,65.7,1831,2756027517.75,103350,30095,2026-08-27
NIFTY,2026-09-29,33000.0,PE,0.0,0.0,0.0,6552.15,8714.01,0,0.0,0,0,2026-08-27
NIFTY,2026-09-29,27150.0,PE,0.0,0.0,0.0,2959.15,2902.75,0,0.0,0,0,2026-08-27
NIFTY,2026-09-29,25700.0,PE,0.0,0.0,0.0,1218.85,1524.4,0,0.0,12025,0,2026-08-27
NIFTY,2026-09-29,25650.0,PE,0.0,0.0,0.0,1016.85,1480.33,0,0.0,65,0,2026-08-27
NIFTY,2026-09-29,24950.0,PE,671.0,720.6,666.0,703.0,703.0,20,33316656.75,6435,-975,2026-08-27
NIFTY,2026-09-29,24750.0,PE,469.8,569.45,468.65,569.45,569.45,23,37778575.25,36205,-130,2026-08-27
NIFTY,2026-09-29,23400.0,PE,37.4,54.5,35.55,51.8,51.8,12100,18441081038.25,850460,87945,2026-08-27
NIFTY,2026-09-29,22600.0,PE,13.5,16.35,13.4,15.9,15.9,2680,3939572695.5,358475,36790,2026-08-27
NIFTY,2026-09-29,22550.0,PE,13.25,15.7,12.5,15.2,15.2,63,92400792.25,19435,260,2026-08-27
NIFTY,2026-09-29,21950.0,PE,9.55,10.05,9.4,10.05,10.05,18,25692719.0,10335,-260,2026-08-27
NIFTY,2026-09-29,21000.0,PE,6.85,7.45,5.85,6.6,6.6,3503,4783087192.0,1493830,9165,2026-08-27
NIFTY,2026-09-22,25750.0,PE,0.0,0.0,0.0,1525.75,1584.36,0,0.0,0,0,2026-08-27
NIFTY,2026-09-22,25200.0,PE,0.0,0.0,0.0,1072.35,1099.71,0,0.0,0,0,2026-08-27
NIFTY,2026-09-22,24150.0,PE,0.0,0.0,0.0,419.35,393.1,0,0.0,0,0,2026-08-27
NIFTY,2026-09-22,22800.0,PE,14.0,14.0,13.2,13.65,13.65,16,23726183.0,1950,65,2026-08-27
NIFTY,2026-09-22,22700.0,PE,0.0,0.0,0.0,50.15,31.42,0,0.0,0,0,2026-08-27
NIFTY,2026-09-22,22350.0,PE,7.0,8.45,6.35,7.85,7.85,303,440325330.25,24895,17485,2026-08-27
NIFTY,2026-09-15,25650.0,PE,0.0,0.0,0.0,1183.55,1499.21,0,0.0,0,0,2026-08-27
NIFTY,2026-09-15,25050.0,PE,0.0,0.0,0.0,751.7,960.23,0,0.0,0,0,2026-08-27
NIFTY,2026-09-15,23600.0,PE,0.0,0.0,0.0,143.35,138.53,0,0.0,0,0,2026-08-27
