SYMBOL,EXPIRY_DT,STRIKE_PR,OPTION_TYP,OPEN,HIGH,LOW,CLOSE,SETTLE_PR,CONTRACTS,VAL_INLAKH,OPEN_INT,CHG_IN_OI,TIMESTAMP
NIFTY,2026-08-18,26700.0,PE,0.0,0.0,0.0,2509.9,2019.46,0,0.0,0,0,2026-08-05
NIFTY,2031-06-24,25500.0,CE,0.0,0.0,0.0,6409.8,7130.21,0,0.0,0,0,2026-08-05
NIFTY,2031-06-24,19500.0,CE,0.0,0.0,0.0,9840.6,10695.28,0,0.0,0,0,2026-08-05
NIFTY,2030-06-25,27000.0,CE,0.0,0.0,0.0,6972.5,5209.01,0,0.0,0,0,2026-08-05
NIFTY,2029-06-26,16500.0,CE,0.0,0.0,0.0,12587.95,11024.91,0,0.0,0,0,2026-08-05
NIFTY,2028-06-27,33000.0,CE,0.0,0.0,0.0,2004.15,840.67,0,0.0,0,0,2026-08-05
NIFTY,2027-12-28,27000.0,CE,1395.95,1399.0,1345.0,1383.15,1383.15,17,31356724.75,41690,65,2026-08-05
NIFTY,2027-12-28,19500.0,CE,0.0,0.0,0.0,8684.7,6926.95,0,0.0,0,0,2026-08-05
NIFTY,2027-06-29,22500.0,CE,0.0,0.0,0.0,5539.6,3756.24,0,0.0,0,0,2026-08-05
NIFTY,2027-03-30,25500.0,CE,938.0,980.1,921.6,942.0,942.0,8914,15331284088.25,672425,-329875,2026-08-05
NIFTY,2026-12-29,33000.0,CE,7.15,8.4,7.0,7.6,7.6,83,178076652.0,101530,2275,2026-08-05
NIFTY,2026-10-27,26900.0,CE,114.15,114.15,30.25,33.3,33.3,52,91082104.75,1430,1430,2026-08-05
NIFTY,2026-10-27,26400.0,CE,0.0,0.0,0.0,186.25,297.88,0,0.0,0,0,2026-08-05
NIFTY,2026-10-27,24700.0,CE,650.0,670.0,606.0,627.55,627.55,128,210783547.0,10595,2925,2026-08-05
NIFTY,2026-10-27,24300.0,CE,910.25,919.55,870.65,874.25,1164.5,20,32767146.75,1235,-260,2026-08-05
NIFTY,2026-10-27,24150.0,CE,0.0,0.0,0.0,980.0,1258.74,0,0.0,195,0,2026-08-05
NIFTY,2026-10-27,23550.0,CE,0.0,0.0,0.0,1244.0,1677.26,0,0.0,0,0,2026-08-05
NIFTY,2026-09-29,31500.0,CE,0.0,0.0,0.0,2.1,0.06,0,0.0,12675,0,2026-08-05
NIFTY,2026-09-29,28500.0,CE,5.1,5.15,4.2,4.65,4.65,663,1228400901.0,531960,1365,2026-08-05
NIFTY,2026-09-29,26650.0,CE,0.0,0.0,0.0,142.1,122.62,0,0.0,0,0,2026-08-05
NIFTY,2026-09-29,26500.0,CE,0.0,0.0,0.0,161.4,144.38,0,0.0,0,0,2026-08-05
NIFTY,2026-09-29,25400.0,CE,168.6,188.5,152.2,163.2,163.2,2070,3440848528.0,168350,33670,2026-08-05
NIFTY,2026-09-29,24950.0,CE,344.0,369.85,309.45,325.9,325.9,178,292635567.25,21190,1885,2026-08-05
NIFTY,2026-09-29,23850.0,CE,1080.8,1080.8,1033.0,1036.75,1257.29,3,4855535.75,1820,0,2026-08-05
NIFTY,2026-09-29,22600.0,CE,0.0,0.0,0.0,1734.3,2295.81,0,0.0,195,0,2026-08-05
NIFTY,2026-09-08,24300.0,CE,0.0,0.0,0.0,766.05,769.5,0,0.0,0,0,2026-08-05
NIFTY,2026-09-08,24150.0,CE,0.0,0.0,0.0,863.4,867.99,0,0.0,0,0,2026-08-05
NIFTY,2026-09-08,23750.0,CE,0.0,0.0,0.0,1153.7,1161.39,0,0.0,0,0,2026-08-05
NIFTY,2026-09-08,23550.0,CE,0.0,0.0,0.0,1313.5,1322.7,0,0.0,0,0,2026-08-05
NIFTY,2026-09-08,23300.0,CE,0.0,0.0,0.0,1524.85,1535.74,0,0.0,0,0,2026-08-05
NIFTY,2026-09-08,22850.0,CE,0.0,0.0,0.0,1930.45,1943.87,0,0.0,0,0,2026-08-05
NIFTY,2026-09-01,26600.0,CE,4.3,9.9,3.35,3.35,27.43,27,46693127.0,325,325,2026-08-05
NIFTY,2026-09-01,25150.0,CE,0.0,0.0,0.0,253.7,274.48,0,0.0,0,0,2026-08-05
NIFTY,2026-09-01,23800.0,CE,945.0,982.7,945.0,982.7,1053.2,2,3219300.5,1820,-65,2026-08-05
NIFTY,2026-09-01,23650.0,CE,0.0,0.0,0.0,966.45,1174.72,0,0.0,0,0,2026-08-05
NIFTY,2026-09-01,23200.0,CE,0.0,0.0,0.0,1298.35,1567.85,0,0.0,0,0,2026-08-05
NIFTY,2026-09-01,22850.0,CE,0.0,0.0,0.0,1586.45,1894.8,0,0.0,0,0,2026-08-05
NIFTY,2026-09-01,22600.0,CE,0.0,0.0,0.0,1805.15,2135.34,0,0.0,0,0,2026-08-05
NIFTY,2026-08-25,25350.0,CE,0.0,0.0,0.0,417.6,151.51,0,0.0,0,0,2026-08-05
NIFTY,2026-08-25,23150.0,CE,0.0,0.0,0.0,1351.75,1570.33,0,0.0,780,0,2026-08-05
NIFTY,2026-08-25,22900.0,CE,1785.6,1785.6,1785.6,1785.6,1809.95,1,1604564.0,5720,0,2026-08-05
NIFTY,2026-08-25,22600.0,CE,0.0,0.0,0.0,1878.55,2103.25,0,0.0,1820,0,2026-08-05
NIFTY,2026-08-25,21750.0,CE,0.0,0.0,0.0,2581.2,2946.89,0,0.0,0,0,2026-08-05
NIFTY,2026-08-25,21350.0,CE,0.0,0.0,0.0,2938.85,3345.45,0,0.0,0,0,2026-08-05
NIFTY,2026-08-18,27100.0,CE,0.95,1.4,0.95,1.0,1.0,18,31708205.75,325,325,2026-08-05
NIFTY,2026-08-18,26100.0,CE,2.7,3.05,2.15,2.6,2.6,1312,2226026010.0,54275,35425,2026-08-05
NIFTY,2026-08-18,24150.0,CE,588.75,603.0,480.55,531.4,531.4,165,264622410.0,4420,-260,2026-08-05
NIFTY,2026-08-18,24050.0,CE,656.0,674.9,563.0,613.7,613.7,41,65682730.75,2925,845,2026-08-05
NIFTY,2026-08-18,23800.0,CE,800.0,912.0,787.8,843.5,843.5,111,177834026.5,12285,3445,2026-08-05
NIFTY,2026-08-18,23700.0,CE,941.95,1007.55,900.45,956.25,956.25,56,89797116.5,4420,780,2026-08-05
NIFTY,2026-08-18,23600.0,CE,1094.3,1105.0,982.95,1022.0,1022.0,46,73665689.5,14820,780,2026-08-05
NIFTY,2026-08-18,23500.0,CE,1198.45,1213.7,1073.7,1144.3,1144.3,96,153817144.0,5720,1365,2026-08-05
NIFTY,2026-08-18,22500.0,CE,0.0,0.0,0.0,1729.3,2173.53,0,0.0,0,0,2026-08-05
NIFTY,2026-08-18,22100.0,CE,0.0,0.0,0.0,2100.9,2572.34,0,0.0,0,0,2026-08-05
NIFTY,2026-08-18,22050.0,CE,0.0,0.0,0.0,2148.45,2622.22,0,0.0,0,0,2026-08-05
NIFTY,2026-08-11,25700.0,CE,1.8,2.45,1.25,1.75,1.75,361712,604284286450.0,4531280,2592980,2026-08-05
NIFTY,2026-08-11,25050.0,CE,15.25,27.5,14.9,20.2,20.2,420523,685280158647.5,1715545,466505,2026-08-05
NIFTY,2026-08-11,24950.0,CE,26.4,45.65,23.4,32.5,32.5,534210,867540276099.25,1593995,618800,2026-08-05
NIFTY,2026-09-01,23150.0,CE,0.0,0.0,0.0,1338.05,1613.64,0,0.0,0,0,2026-08-05
NIFTY,2026-09-01,23000.0,CE,0.0,0.0,0.0,1050.0,1752.98,0,0.0,650,0,2026-08-05
NIFTY,2026-09-01,22700.0,CE,0.0,0.0,0.0,1716.55,2038.6,0,0.0,0,0,2026-08-05
NIFTY,2026-08-11,22350.0,CE,0.0,0.0,0.0,2196.15,2296.9,0,0.0,0,0,2026-08-05
NIFTY,2026-08-11,22600.0,CE,0.0,0.0,0.0,1959.95,2047.16,0,0.0,0,0,2026-08-05
NIFTY,2026-08-11,22950.0,CE,0.0,0.0,0.0,1640.4,1697.56,0,0.0,0,0,2026-08-05
NIFTY,2026-08-11,23400.0,CE,1266.0,1297.45,1140.4,1200.75,1200.75,21,33586679.75,10725,-130,2026-08-05
NIFTY,2026-08-11,24000.0,CE,630.0,705.0,546.05,616.0,616.0,18734,29972324908.5,775775,520,2026-08-05
NIFTY,2026-08-11,24400.0,CE,263.0,339.25,225.0,267.2,267.2,249507,400150823283.25,1641640,-106275,2026-08-05
NIFTY,2026-08-11,24750.0,CE,70.0,113.8,59.4,80.6,80.6,1028064,1659756120499.75,2473705,1368510,2026-08-05
NIFTY,2026-08-11,25800.0,CE,1.5,2.05,1.05,1.35,1.35,309419,518925600664.25,4746690,2208765,2026-08-05
NIFTY,2026-08-11,26150.0,CE,0.8,1.4,0.7,0.9,0.9,51998,88386921480.0,752115,518440,2026-08-05
NIFTY,2026-08-11,26900.0,CE,1.05,1.4,0.6,0.7,0.7,4438,7760070422.0,26975,26520,2026-08-05
NIFTY,2026-08-11,27000.0,CE,0.85,1.1,0.6,0.65,0.65,23911,41964906685.0,259740,246220,2026-08-05
NIFTY,2026-08-18,22750.0,CE,0.0,0.0,0.0,1507.45,1924.9,0,0.0,0,0,2026-08-05
NIFTY,2026-08-18,22950.0,CE,0.0,0.0,0.0,1337.6,1726.93,0,0.0,0,0,2026-08-05
NIFTY,2026-08-18,24500.0,CE,240.0,326.4,239.0,271.6,271.6,27496,44282246953.75,543790,74100,2026-08-05
NIFTY,2026-08-18,24800.0,CE,117.0,153.65,104.0,122.95,122.95,28555,46268288433.25,526825,147290,2026-08-05
NIFTY,2026-08-18,25600.0,CE,6.95,9.15,6.55,8.05,8.05,14764,24574712799.0,261755,144625,2026-08-05
NIFTY,2026-08-18,27050.0,CE,1.35,1.35,1.0,1.0,0.44,3,5274967.75,260,0,2026-08-05
NIFTY,2026-08-25,21200.0,CE,0.0,0.0,0.0,3310.0,3494.94,0,0.0,9945,0,2026-08-05
NIFTY,2026-08-25,21800.0,CE,0.0,0.0,0.0,2490.0,2897.09,0,0.0,130,0,2026-08-05
NIFTY,2026-08-25,23050.0,CE,0.0,0.0,0.0,1055.95,1665.48,0,0.0,715,0,2026-08-05
NIFTY,2026-08-25,23650.0,CE,1072.35,1075.0,975.4,993.85,1116.2,5,8017230.0,8255,-195,2026-08-05
NIFTY,2026-08-25,23850.0,CE,880.0,908.85,795.85,832.15,832.15,29,46544894.5,19305,-325,2026-08-05
NIFTY,2026-08-25,24050.0,CE,680.0,738.4,625.0,668.0,668.0,55,88418703.75,35295,-1040,2026-08-05
NIFTY,2026-08-25,24400.0,CE,406.2,461.7,365.0,400.25,400.25,15010,24213657932.75,768950,-228995,2026-08-05
NIFTY,2026-08-25,24800.0,CE,188.95,212.1,154.7,170.15,170.15,40720,66124688587.75,2193750,-10530,2026-08-05
NIFTY,2026-08-25,25300.0,CE,43.0,53.8,35.05,43.35,43.35,21804,35920817136.75,934700,125970,2026-08-05
NIFTY,2026-08-25,25550.0,CE,0.0,0.0,0.0,362.9,106.92,0,0.0,0,0,2026-08-05
NIFTY,2026-08-25,26400.0,CE,3.7,5.6,2.8,3.55,3.55,2440,4187681962.75,4290,3250,2026-08-05
NIFTY,2026-08-25,26450.0,CE,3.85,7.7,2.45,3.45,3.45,198,340458036.75,520,-130,2026-08-05
NIFTY,2026-08-25,26750.0,CE,2.8,3.3,1.9,2.35,7.96,126,219101876.5,2340,650,2026-08-05
NIFTY,2026-09-01,22400.0,CE,0.0,0.0,0.0,1986.25,2330.44,0,0.0,0,0,2026-08-05
NIFTY,2031-06-24,21000.0,PE,0.0,0.0,0.0,450.5,323.88,0,0.0,0,0,2026-08-05
NIFTY,2030-06-25,31500.0,PE,0.0,0.0,0.0,2056.3,3091.8,0,0.0,0,0,2026-08-05
NIFTY,2028-12-26,20000.0,PE,0.0,0.0,0.0,375.0,189.75,0,0.0,2380,0,2026-08-05
NIFTY,2028-06-27,16500.0,PE,0.0,0.0,0.0,3.8,17.05,0,0.0,0,0,2026-08-05
NIFTY,2027-12-28,23000.0,PE,460.05,479.9,440.0,453.0,453.0,54,82347463.25,47675,705,2026-08-05
NIFTY,2027-06-29,30000.0,PE,0.0,0.0,0.0,4000.05,4094.33,0,0.0,65,0,2026-08-05
NIFTY,2027-06-29,28500.0,PE,0.0,0.0,0.0,1807.05,2984.81,0,0.0,0,0,2026-08-05
NIFTY,2027-03-30,15000.0,PE,0.0,0.0,0.0,15.05,0.02,0,0.0,585,0,2026-08-05
NIFTY,2026-12-29,29000.0,PE,3610.0,3741.3,3610.0,3663.7,3663.7,129,273830664.25,224330,-975,2026-08-05
NIFTY,2026-12-29,27000.0,PE,1832.0,1905.4,1782.0,1839.7,1839.7,395,740566102.25,881730,4720,2026-08-05
NIFTY,2026-12-29,22500.0,PE,101.9,113.85,98.45,103.5,103.5,4742,6967643959.25,531895,-15600,2026-08-05
NIFTY,2026-12-29,17000.0,PE,19.9,20.1,18.2,19.25,19.25,216,238953081.25,187990,0,2026-08-05
NIFTY,2026-10-27,27100.0,PE,0.0,0.0,0.0,2808.9,2239.49,0,0.0,0,0,2026-08-05
NIFTY,2026-10-27,27050.0,PE,0.0,0.0,0.0,2764.35,2197.58,0,0.0,0,0,2026-08-05
NIFTY,2026-10-27,26800.0,PE,0.0,0.0,0.0,2544.55,1992.19,0,0.0,0,0,2026-08-05
NIFTY,2026-10-27,26650.0,PE,0.0,0.0,0.0,2415.2,1872.52,0,0.0,0,0,2026-08-05
NIFTY,2026-10-27,26450.0,PE,0.0,0.0,0.0,2246.05,1717.51,0,0.0,0,0,2026-08-05
NIFTY,2026-10-27,25850.0,PE,0.0,0.0,0.0,1765.25,1287.68,0,0.0,0,0,2026-08-05
NIFTY,2026-10-27,25550.0,PE,901.9,901.9,901.9,901.9,1095.39,1,1719373.5,130,65,2026-08-05
NIFTY,2026-10-27,24500.0,PE,352.65,397.95,306.35,339.65,339.65,2993,4832660735.5,182845,27430,2026-08-05
NIFTY,2026-10-27,24400.0,PE,297.15,335.1,278.2,308.6,308.6,125,200700919.25,8970,1625,2026-08-05
NIFTY,2026-10-27,24350.0,PE,294.6,315.05,287.5,291.4,291.4,21,33637233.5,2665,1170,2026-08-05
NIFTY,2026-10-27,23850.0,PE,0.0,0.0,0.0,569.9,330.45,0,0.0,0,0,2026-08-05
NIFTY,2026-10-27,23550.0,PE,0.0,0.0,0.0,454.95,252.33,0,0.0,0,0,2026-08-05
NIFTY,2026-10-27,22700.0,PE,53.5,60.5,52.4,54.0,54.0,70,103544122.5,2015,1235,2026-08-05
NIFTY,2026-10-27,22550.0,PE,46.65,53.0,46.45,46.85,46.85,11,16157482.25,455,65,2026-08-05
NIFTY,2026-09-29,27050.0,PE,0.0,0.0,0.0,2869.35,2235.64,0,0.0,0,0,2026-08-05
NIFTY,2026-09-29,26500.0,PE,1626.4,1755.0,1620.0,1716.1,1716.1,236,432077207.25,22100,14755,2026-08-05
NIFTY,2026-09-29,26200.0,PE,0.0,0.0,0.0,1750.0,1513.93,0,0.0,130,0,2026-08-05
NIFTY,2026-09-29,25850.0,PE,0.0,0.0,0.0,1859.75,1247.8,0,0.0,0,0,2026-08-05
NIFTY,2026-09-29,24800.0,PE,382.9,466.85,365.1,415.05,415.05,2301,3769451504.0,223990,78520,2026-08-05
NIFTY,2026-09-29,24450.0,PE,243.05,308.45,241.0,274.65,274.65,137,220166011.0,11765,325,2026-08-05
NIFTY,2026-09-29,23650.0,PE,89.05,117.15,84.85,97.95,97.95,236,364289597.75,15730,2535,2026-08-05
NIFTY,2026-09-29,23600.0,PE,89.8,110.8,80.2,90.0,90.0,2099,3232321040.0,164060,31785,2026-08-05
NIFTY,2026-09-29,23000.0,PE,48.6,54.45,41.3,44.9,44.9,10375,15541722209.0,2226845,19370,2026-08-05
NIFTY,2026-09-29,22900.0,PE,38.45,48.15,36.8,40.35,40.35,470,700852304.75,70850,2535,2026-08-05
NIFTY,2026-09-08,26250.0,PE,0.0,0.0,0.0,1568.65,1548.66,0,0.0,0,0,2026-08-05
NIFTY,2026-09-08,25950.0,PE,0.0,0.0,0.0,1315.0,1294.89,0,0.0,0,0,2026-08-05
NIFTY,2026-09-08,25450.0,PE,0.0,0.0,0.0,931.85,912.28,0,0.0,0,0,2026-08-05
NIFTY,2026-09-08,24950.0,PE,0.0,0.0,0.0,612.8,594.93,0,0.0,0,0,2026-08-05
NIFTY,2026-09-01,25000.0,PE,430.0,511.3,405.0,487.25,593.82,71,117476339.5,3445,1105,2026-08-05
NIFTY,2026-09-01,23900.0,PE,62.0,91.3,55.45,69.3,69.3,476,741538508.75,11765,6370,2026-08-05
NIFTY,2026-09-01,22000.0,PE,8.45,8.45,6.75,6.95,6.95,159,227448279.5,17875,2795,2026-08-05
NIFTY,2026-08-25,25350.0,PE,654.4,768.3,654.4,732.4,732.4,3,5083331.5,975,-65,2026-08-05
NIFTY,2026-08-25,25200.0,PE,560.0,668.4,525.8,600.4,600.4,538,901921403.5,88465,10530,2026-08-05
NIFTY,2026-08-25,25000.0,PE,440.0,523.85,380.15,452.4,452.4,14433,23867733990.75,2180490,116025,2026-08-05
NIFTY,2026-08-25,24350.0,PE,121.65,176.9,99.05,134.55,134.55,4086,6502244105.5,162955,13390,2026-08-05
NIFTY,2026-08-25,22650.0,PE,8.1,10.05,7.3,7.7,7.7,876,1290188688.75,31980,7085,2026-08-05
NIFTY,2026-08-25,22200.0,PE,6.25,6.95,5.3,5.8,5.8,2085,3009471055.5,167375,10075,2026-08-05
NIFTY,2026-08-25,22100.0,PE,5.25,6.55,5.0,5.25,5.25,827,1188298504.25,52130,6500,2026-08-05
NIFTY,2026-08-25,21350.0,PE,5.3,5.3,3.15,3.15,3.15,93,129085242.0,3900,2145,2026-08-05
NIFTY,2026-08-25,21200.0,PE,4.35,4.85,3.45,3.7,3.7,4125,5685319968.25,754390,49660,2026-08-05
NIFTY,2026-08-18,25950.0,PE,0.0,0.0,0.0,1804.45,1288.47,0,0.0,0,0,2026-08-05
NIFTY,2026-08-18,25450.0,PE,0.0,0.0,0.0,1367.8,839.74,0,0.0,0,0,2026-08-05
NIFTY,2026-08-18,25350.0,PE,0.0,0.0,0.0,1285.35,757.59,0,0.0,0,0,2026-08-05
NIFTY,2026-08-18,24800.0,PE,350.0,365.0,228.5,290.4,290.4,7168,11686416989.0,104260,65910,2026-08-05
NIFTY,2026-08-18,24350.0,PE,125.75,136.45,66.7,95.05,95.05,14274,22683771948.5,163735,55965,2026-08-05
NIFTY,2026-08-18,23050.0,PE,5.6,7.3,5.05,5.6,5.6,520,779295851.75,13910,7800,2026-08-05
NIFTY,2026-08-18,22950.0,PE,5.35,6.4,4.7,5.1,5.1,578,862433555.75,10205,1755,2026-08-05
NIFTY,2026-08-18,22000.0,PE,3.5,3.5,2.9,3.1,3.1,22762,32554320233.5,1172535,838175,2026-08-05
NIFTY,2026-08-11,27200.0,PE,0.0,0.0,0.0,2656.55,2548.27,0,0.0,0,0,2026-08-05
NIFTY,2026-08-11,27100.0,PE,0.0,0.0,0.0,2559.7,2448.37,0,0.0,0,0,2026-08-05
NIFTY,2026-08-11,26800.0,PE,0.0,0.0,0.0,2271.9,2148.67,0,0.0,0,0,2026-08-05
NIFTY,2026-08-11,26700.0,PE,0.0,0.0,0.0,2177.2,2048.78,0,0.0,0,0,2026-08-05
NIFTY,2026-08-11,26400.0,PE,0.0,0.0,0.0,1897.95,1749.17,0,0.0,0,0,2026-08-05
NIFTY,2026-08-11,26150.0,PE,0.0,0.0,0.0,1672.3,1499.8,0,0.0,0,0,2026-08-05
NIFTY,2026-08-11,25850.0,PE,0.0,0.0,0.0,1350.0,1202.16,0,0.0,325,0,2026-08-05
NIFTY,2026-08-11,25750.0,PE,0.0,0.0,0.0,1170.0,1103.91,0,0.0,65,0,2026-08-05
NIFTY,2026-08-11,25600.0,PE,1046.1,1060.0,991.85,994.9,994.9,9,15578644.25,3250,130,2026-08-05
NIFTY,2026-08-11,25150.0,PE,484.75,625.0,471.4,553.25,553.25,1078,1801330056.5,13325,12415,2026-08-05
NIFTY,2026-08-11,23550.0,PE,4.45,5.75,2.95,3.5,3.5,154843,237068376805.0,525915,-31785,2026-08-05
NIFTY,2026-08-11,22900.0,PE,2.9,3.1,1.45,1.7,1.7,55764,83011716424.0,1055860,219440,2026-08-05
NIFTY,2026-08-11,22700.0,PE,1.1,2.7,1.1,1.55,1.55,38151,56295930973.75,340405,-73255,2026-08-05
NIFTY,2026-08-11,22300.0,PE,1.3,2.3,1.1,1.3,1.3,15571,22571553592.25,289185,12480,2026-08-05
NIFTY,2026-08-11,22250.0,PE,2.0,2.0,1.1,1.3,1.3,1928,2788540862.25,34710,21385,2026-08-05
NIFTY,2026-08-11,21700.0,PE,1.1,1.25,0.75,0.9,0.9,13751,19396692149.25,253695,117065,2026-08-05
NIFTY,2031-06-24,30000.0,CE,0.0,0.0,0.0,4459.9,5036.85,0,0.0,0,0,2026-08-05
NIFTY,2031-06-24,18000.0,CE,0.0,0.0,0.0,10825.95,11697.11,0,0.0,0,0,2026-08-05
NIFTY,2030-12-31,25500.0,CE,0.0,0.0,0.0,7639.65,6586.75,0,0.0,0,0,2026-08-05
NIFTY,2030-12-31,19500.0,CE,0.0,0.0,0.0,11601.15,10239.48,0,0.0,0,0,2026-08-05
NIFTY,2029-12-24,21000.0,CE,0.0,0.0,0.0,9463.95,8149.92,0,0.0,0,0,2026-08-05
NIFTY,2029-06-26,25500.0,CE,0.0,0.0,0.0,5917.35,4738.79,0,0.0,0,0,2026-08-05
NIFTY,2028-06-27,27000.0,CE,0.0,0.0,0.0,1935.0,2644.54,0,0.0,0,0,2026-08-05
NIFTY,2027-12-28,21000.0,CE,0.0,0.0,0.0,4902.4,5680.95,0,0.0,0,0,2026-08-05
NIFTY,2027-06-29,19500.0,CE,0.0,0.0,0.0,8143.4,6289.32,0,0.0,0,0,2026-08-05
NIFTY,2027-06-29,16500.0,CE,0.0,0.0,0.0,10867.2,9075.12,0,0.0,0,0,2026-08-05
NIFTY,2027-03-30,30000.0,CE,51.45,51.6,48.05,49.75,49.75,374,730504950.5,96785,9035,2026-08-05
NIFTY,2027-03-30,21000.0,CE,0.0,0.0,0.0,3217.45,4593.25,0,0.0,0,0,2026-08-05
NIFTY,2026-12-29,25500.0,CE,545.6,568.85,517.0,537.35,537.35,1297,2195394006.0,618670,-8970,2026-08-05
NIFTY,2026-12-29,19500.0,CE,0.0,0.0,0.0,7586.85,5637.3,0,0.0,0,0,2026-08-05
NIFTY,2026-10-27,26450.0,CE,0.0,0.0,0.0,178.65,285.57,0,0.0,0,0,2026-08-05
NIFTY,2026-10-27,24600.0,CE,710.0,728.0,658.6,696.55,696.55,48,78921508.25,3705,650,2026-08-05
NIFTY,2026-10-27,24100.0,CE,0.0,0.0,0.0,910.0,1291.1,0,0.0,130,0,2026-08-05
NIFTY,2026-10-27,23650.0,CE,0.0,0.0,0.0,1181.9,1604.11,0,0.0,0,0,2026-08-05
NIFTY,2026-10-27,23250.0,CE,0.0,0.0,0.0,1441.3,1908.97,0,0.0,0,0,2026-08-05
NIFTY,2026-10-27,22650.0,CE,0.0,0.0,0.0,1882.95,2409.75,0,0.0,0,0,2026-08-05
NIFTY,2026-09-29,25950.0,CE,0.0,0.0,0.0,251.8,253.69,0,0.0,0,0,2026-08-05
NIFTY,2026-09-29,24300.0,CE,749.95,773.5,675.55,709.6,709.6,1292,2102993184.5,140205,-12155,2026-08-05
NIFTY,2026-09-29,23100.0,CE,0.0,0.0,0.0,1527.35,1851.84,0,0.0,650,0,2026-08-05
NIFTY,2026-09-29,22850.0,CE,0.0,0.0,0.0,1453.0,2070.12,0,0.0,390,0,2026-08-05
NIFTY,2026-09-29,21950.0,CE,0.0,0.0,0.0,2369.2,2907.36,0,0.0,0,0,2026-08-05
NIFTY,2026-09-29,21600.0,CE,0.0,0.0,0.0,2922.0,3246.1,0,0.0,1430,0,2026-08-05
NIFTY,2026-09-29,21000.0,CE,3822.95,3828.1,3695.4,3722.9,3722.9,46,74017820.5,484575,520,2026-08-05
NIFTY,2026-09-08,26300.0,CE,0.0,0.0,0.0,80.15,77.98,0,0.0,0,0,2026-08-05
NIFTY,2026-09-08,25100.0,CE,0.0,0.0,0.0,361.85,360.75,0,0.0,0,0,2026-08-05
NIFTY,2026-09-08,24450.0,CE,0.0,0.0,0.0,675.35,677.74,0,0.0,0,0,2026-08-05
NIFTY,2026-09-08,24000.0,CE,0.0,0.0,0.0,967.2,972.94,0,0.0,0,0,2026-08-05
NIFTY,2026-09-01,26500.0,CE,0.0,0.0,0.0,45.35,33.17,0,0.0,0,0,2026-08-05
NIFTY,2026-09-01,25550.0,CE,37.0,45.0,31.3,38.55,38.55,445,740157697.5,28080,2405,2026-08-05
NIFTY,2026-09-01,25050.0,CE,0.0,0.0,0.0,100.45,310.86,0,0.0,260,0,2026-08-05
NIFTY,2026-09-01,24750.0,CE,0.0,0.0,0.0,383.8,440.28,0,0.0,0,0,2026-08-05
NIFTY,2026-09-01,24500.0,CE,399.6,450.0,366.2,387.8,387.8,904,1462913162.75,42510,15535,2026-08-05
NIFTY,2026-09-01,23750.0,CE,0.0,0.0,0.0,899.6,1093.09,0,0.0,0,0,2026-08-05
NIFTY,2026-08-11,26200.0,CE,0.95,1.25,0.8,0.85,0.85,30430,51824122532.0,196040,175435,2026-08-05
NIFTY,2026-08-11,23950.0,CE,700.0,753.5,600.45,667.35,667.35,454,726908893.75,34450,1690,2026-08-05
NIFTY,2026-08-11,23700.0,CE,980.0,995.0,840.0,908.65,908.65,452,723939976.5,45045,3705,2026-08-05
NIFTY,2026-08-11,23600.0,CE,1047.2,1099.2,935.0,1017.8,1017.8,193,308759054.5,28470,-2210,2026-08-05
NIFTY,2026-08-11,22800.0,CE,0.0,0.0,0.0,1690.0,1847.37,0,0.0,3640,0,2026-08-05
NIFTY,2026-08-11,22650.0,CE,0.0,0.0,0.0,1913.4,1997.21,0,0.0,0,0,2026-08-05
NIFTY,2026-08-11,21900.0,CE,0.0,0.0,0.0,2631.8,2746.46,0,0.0,0,0,2026-08-05
NIFTY,2030-12-31,19500.0,PE,0.0,0.0,0.0,67.4,198.65,0,0.0,0,0,2026-08-05
NIFTY,2030-12-31,16500.0,PE,0.0,0.0,0.0,13.65,56.79,0,0.0,0,0,2026-08-05
NIFTY,2029-12-24,30000.0,PE,0.0,0.0,0.0,1953.5,2674.41,0,0.0,0,0,2026-08-05
NIFTY,2029-12-24,21000.0,PE,350.05,350.05,350.05,350.05,322.0,1,1387753.25,715,65,2026-08-05
NIFTY,2029-12-24,16500.0,PE,0.0,0.0,0.0,10.15,44.2,0,0.0,0,0,2026-08-05
NIFTY,2027-12-28,24000.0,PE,616.0,644.95,600.0,618.8,618.8,83,132820922.0,121845,-715,2026-08-05
NIFTY,2027-03-30,22500.0,PE,166.65,181.85,160.1,170.15,170.15,1955,2880743342.75,300755,52585,2026-08-05
NIFTY,2026-12-29,20000.0,PE,40.2,40.2,37.1,38.55,38.55,2255,2937146618.25,1148155,-27580,2026-08-05
NIFTY,2026-12-29,18000.0,PE,25.3,25.95,22.1,24.4,24.4,989,1158662254.75,449870,-18265,2026-08-05
NIFTY,2026-12-29,16500.0,PE,0.0,0.0,0.0,17.95,0.01,0,0.0,3185,0,2026-08-05
NIFTY,2026-12-29,14000.0,PE,12.0,12.0,9.8,9.8,9.8,5,4553471.0,8570,130,2026-08-05
NIFTY,2026-10-27,26750.0,PE,0.0,0.0,0.0,2501.2,1951.99,0,0.0,0,0,2026-08-05
NIFTY,2026-10-27,26500.0,PE,0.0,0.0,0.0,1575.0,1755.76,0,0.0,195,0,2026-08-05
NIFTY,2026-10-27,25650.0,PE,907.15,907.15,907.15,907.15,1157.7,1,1726214.75,65,65,2026-08-05
NIFTY,2026-10-27,25450.0,PE,848.5,848.5,848.5,848.5,1034.91,1,1709402.5,130,65,2026-08-05
NIFTY,2026-10-27,24750.0,PE,463.7,463.7,460.3,460.3,665.26,2,3277560.0,195,130,2026-08-05
NIFTY,2026-10-27,24550.0,PE,316.0,355.55,316.0,355.55,355.55,2,3235150.75,1755,0,2026-08-05
NIFTY,2026-10-27,24000.0,PE,200.0,233.9,184.75,205.2,205.2,1624,2554838354.25,184990,20930,2026-08-05
NIFTY,2026-10-27,23950.0,PE,0.0,0.0,0.0,612.05,360.1,0,0.0,0,0,2026-08-05
NIFTY,2026-10-27,23350.0,PE,0.0,0.0,0.0,387.65,208.25,0,0.0,0,0,2026-08-05
NIFTY,2026-10-27,23300.0,PE,95.0,110.05,89.65,95.1,95.1,283,430390275.25,40690,6175,2026-08-05
NIFTY,2026-10-27,23050.0,PE,0.0,0.0,0.0,301.35,153.29,0,0.0,0,0,2026-08-05
NIFTY,2026-09-29,28500.0,PE,3575.0,3720.0,3575.0,3649.55,3649.55,58,121207537.75,416520,910,2026-08-05
NIFTY,2026-09-29,26900.0,PE,0.0,0.0,0.0,2735.95,2102.01,0,0.0,0,0,2026-08-05
NIFTY,2026-09-29,26850.0,PE,0.0,0.0,0.0,2691.9,2057.97,0,0.0,0,0,2026-08-05
NIFTY,2026-09-29,26750.0,PE,0.0,0.0,0.0,2604.3,1970.72,0,0.0,0,0,2026-08-05
NIFTY,2026-09-29,25600.0,PE,0.0,0.0,0.0,999.3,1072.21,0,0.0,520,0,2026-08-05
NIFTY,2026-09-29,25000.0,PE,500.0,571.65,460.7,516.5,516.5,6762,11214607742.0,1125390,34710,2026-08-05
NIFTY,2026-09-29,23900.0,PE,128.05,162.6,118.95,134.6,134.6,1758,2746247725.0,113230,15275,2026-08-05
NIFTY,2026-09-29,23350.0,PE,61.9,80.1,61.35,67.45,67.45,243,369873994.75,10790,845,2026-08-05
NIFTY,2026-09-29,23250.0,PE,59.0,70.9,55.0,60.05,60.05,234,354565991.0,17420,5070,2026-08-05
NIFTY,2026-09-29,22850.0,PE,39.0,43.55,37.35,37.95,37.95,31,46123278.5,12870,65,2026-08-05
NIFTY,2026-09-29,22300.0,PE,24.2,27.05,23.7,23.85,23.85,1731,2511858904.75,97110,46215,2026-08-05
NIFTY,2026-09-29,21800.0,PE,19.95,20.05,17.45,18.0,18.0,290,411270535.0,36140,1885,2026-08-05
NIFTY,2026-09-29,21600.0,PE,17.0,17.95,15.35,15.6,15.6,420,590135796.25,40690,-3900,2026-08-05
NIFTY,2026-09-08,26300.0,PE,0.0,0.0,0.0,1612.35,1592.38,0,0.0,0,0,2026-08-05
NIFTY,2026-09-08,25900.0,PE,0.0,0.0,0.0,1274.25,1254.18,0,0.0,0,0,2026-08-05
NIFTY,2026-09-08,25300.0,PE,0.0,0.0,0.0,828.8,809.59,0,0.0,0,0,2026-08-05
NIFTY,2026-09-08,25250.0,PE,0.0,0.0,0.0,795.8,776.74,0,0.0,0,0,2026-08-05
NIFTY,2026-09-08,24650.0,PE,0.0,0.0,0.0,456.9,440.7,0,0.0,0,0,2026-08-05
NIFTY,2026-09-08,24150.0,PE,0.0,0.0,0.0,258.15,245.55,0,0.0,0,0,2026-08-05
NIFTY,2026-09-01,26800.0,PE,0.0,0.0,0.0,2454.6,2073.98,0,0.0,0,0,2026-08-05
NIFTY,2026-09-01,25600.0,PE,0.0,0.0,0.0,1385.45,1009.6,0,0.0,0,0,2026-08-05
NIFTY,2026-09-01,25150.0,PE,0.0,0.0,0.0,1040.9,687.34,0,0.0,0,0,2026-08-05
NIFTY,2026-09-01,24900.0,PE,0.0,0.0,0.0,869.25,535.67,0,0.0,0,0,2026-08-05
NIFTY,2026-09-01,24800.0,PE,332.95,401.0,296.05,344.3,344.3,54,88195142.75,2015,1820,2026-08-05
NIFTY,2026-09-01,24100.0,PE,89.05,133.0,83.85,102.0,102.0,230,361827976.25,11245,-65,2026-08-05
NIFTY,2026-09-01,23750.0,PE,0.0,0.0,0.0,296.6,112.21,0,0.0,0,0,2026-08-05
NIFTY,2026-09-01,23700.0,PE,53.7,64.35,42.0,46.85,46.85,213,328768661.0,6630,455,2026-08-05
NIFTY,2026-09-01,22850.0,PE,14.7,16.0,14.15,15.1,17.95,14,20807244.25,455,390,2026-08-05
NIFTY,2026-09-01,22500.0,PE,11.7,12.25,9.6,9.9,9.9,98,143395580.25,14105,845,2026-08-05
NIFTY,2026-08-25,26600.0,PE,0.0,0.0,0.0,2455.55,1898.77,0,0.0,0,0,2026-08-05
NIFTY,2026-08-25,26550.0,PE,0.0,0.0,0.0,2413.1,1850.45,0,0.0,0,0,2026-08-05
NIFTY,2026-08-25,26100.0,PE,0.0,0.0,0.0,1545.0,1425.38,0,0.0,26780,0,2026-08-05
NIFTY,2026-08-25,24900.0,PE,414.6,454.7,319.1,377.15,377.15,3756,6168523325.25,182000,9230,2026-08-05
NIFTY,2026-08-25,24200.0,PE,99.5,133.35,71.9,97.55,97.55,39417,62251479173.0,2353390,217100,2026-08-05
NIFTY,2026-08-25,24000.0,PE,73.0,88.95,46.8,62.65,62.65,86232,134883102003.0,8411195,409305,2026-08-05
NIFTY,2026-08-25,23500.0,PE,27.0,32.3,19.8,22.0,22.0,47015,71891077846.25,2664220,-108030,2026-08-05
NIFTY,2026-08-25,23450.0,PE,24.1,28.7,17.3,19.6,19.6,4456,6798384778.25,270465,-845,2026-08-05
NIFTY,2026-08-25,22400.0,PE,6.4,8.05,6.1,6.25,6.25,2251,3278477731.75,92755,-19955,2026-08-05
NIFTY,2026-08-18,26450.0,PE,0.0,0.0,0.0,2270.2,1772.35,0,0.0,0,0,2026-08-05
NIFTY,2026-08-18,26000.0,PE,1344.15,1423.5,1285.0,1411.9,1335.81,8,14219887.5,1950,195,2026-08-05
NIFTY,2026-08-18,25700.0,PE,1000.0,1080.0,1000.0,1080.0,1057.49,3,5211700.0,65,-130,2026-08-05
NIFTY,2026-08-18,25250.0,PE,562.95,562.95,562.95,562.95,678.85,1,1677841.75,65,65,2026-08-05
NIFTY,2026-08-18,25050.0,PE,409.2,530.6,405.7,477.2,477.2,37,61393744.75,260,260,2026-08-05
NIFTY,2026-08-18,25000.0,PE,399.3,510.0,362.0,433.55,433.55,3879,6413781764.0,199810,78910,2026-08-05
NIFTY,2026-08-18,22900.0,PE,4.05,6.1,4.05,4.85,4.85,2963,4411422944.5,60060,36010,2026-08-05
NIFTY,2026-08-11,25100.0,PE,468.05,592.45,423.0,508.7,508.7,6039,10046242576.5,64090,40755,2026-08-05
NIFTY,2026-08-11,23850.0,PE,11.5,14.05,5.05,6.3,6.3,259540,402494902881.5,1296035,417690,2026-08-05
NIFTY,2026-08-11,23700.0,PE,7.75,8.5,3.15,4.25,4.25,513638,791445175878.5,2249780,829335,2026-08-05
NIFTY,2026-08-11,23150.0,PE,3.05,3.15,1.75,2.05,2.05,36691,55216676700.25,223470,121810,2026-08-05
NIFTY,2026-08-11,22500.0,PE,1.4,2.2,1.3,1.45,1.45,95343,139448451694.5,2663895,205335,2026-08-05
NIFTY,2026-08-11,22000.0,PE,1.45,1.7,0.9,1.05,1.05,59948,85730164341.25,1728090,-561860,2026-08-05
NIFTY,2026-08-11,21950.0,PE,1.7,1.7,0.9,1.05,1.05,1644,2345706119.25,31200,20605,2026-08-05
NIFTY,2026-08-11,21850.0,PE,1.35,1.4,0.9,1.05,1.05,980,1391917640.75,13000,9295,2026-08-05
NIFTY,2031-06-24,22500.0,CE,0.0,0.0,0.0,8012.75,8812.21,0,0.0,0,0,2026-08-05
NIFTY,2030-06-25,30000.0,CE,0.0,0.0,0.0,5580.35,3892.35,0,0.0,0,0,2026-08-05
NIFTY,2030-06-25,28500.0,CE,0.0,0.0,0.0,5382.85,4514.39,0,0.0,0,0,2026-08-05
NIFTY,2029-06-26,22500.0,CE,0.0,0.0,0.0,7946.5,6549.99,0,0.0,0,0,2026-08-05
NIFTY,2028-12-26,27000.0,CE,0.0,0.0,0.0,2635.0,3319.62,0,0.0,715,0,2026-08-05
NIFTY,2028-06-27,28500.0,CE,0.0,0.0,0.0,2990.0,2030.49,0,0.0,0,0,2026-08-05
NIFTY,2028-06-27,22500.0,CE,0.0,0.0,0.0,6796.05,5248.38,0,0.0,0,0,2026-08-05
NIFTY,2027-03-30,28500.0,CE,110.0,112.9,101.6,108.65,108.65,385,715922132.25,61555,9165,2026-08-05
NIFTY,2027-03-30,16500.0,CE,0.0,0.0,0.0,6995.9,8816.15,0,0.0,0,0,2026-08-05
NIFTY,2026-12-29,20000.0,CE,5090.0,5100.0,4969.65,5024.65,5024.65,50,81334773.0,583920,-975,2026-08-05
NIFTY,2026-10-27,26500.0,CE,0.0,0.0,0.0,171.3,274.56,0,0.0,0,0,2026-08-05
NIFTY,2026-10-27,25950.0,CE,0.0,0.0,0.0,267.4,415.88,0,0.0,0,0,2026-08-05
NIFTY,2026-10-27,25250.0,CE,0.0,0.0,0.0,447.85,669.79,0,0.0,0,0,2026-08-05
NIFTY,2026-10-27,24650.0,CE,0.0,0.0,0.0,600.0,961.58,0,0.0,1040,0,2026-08-05
NIFTY,2026-10-27,23850.0,CE,0.0,0.0,0.0,1063.45,1459.84,0,0.0,0,0,2026-08-05
NIFTY,2026-10-27,23800.0,CE,0.0,0.0,0.0,1092.35,1494.94,0,0.0,0,0,2026-08-05
NIFTY,2026-10-27,23750.0,CE,0.0,0.0,0.0,1121.75,1531.55,0,0.0,0,0,2026-08-05
NIFTY,2026-10-27,22500.0,CE,0.0,0.0,0.0,2002.05,2541.48,0,0.0,0,0,2026-08-05
NIFTY,2026-09-29,27150.0,CE,0.0,0.0,0.0,91.35,68.83,0,0.0,0,0,2026-08-05
NIFTY,2026-09-29,26600.0,CE,18.0,20.9,16.0,18.35,18.35,1276,2207771631.0,31005,25220,2026-08-05
NIFTY,2026-09-29,26000.0,CE,57.95,64.8,51.3,56.4,56.4,13550,22950507755.5,2692900,86735,2026-08-05
NIFTY,2026-09-29,25850.0,CE,0.0,0.0,0.0,117.25,277.87,0,0.0,65,0,2026-08-05
NIFTY,2026-09-29,25750.0,CE,0.0,0.0,0.0,293.5,305.13,0,0.0,0,0,2026-08-05
NIFTY,2026-09-29,25500.0,CE,144.9,163.2,127.15,139.25,139.25,15231,25387318869.25,1914510,127920,2026-08-05
NIFTY,2026-09-29,24550.0,CE,549.0,603.8,520.9,548.8,548.8,203,331287830.25,17355,-1170,2026-08-05
NIFTY,2026-09-29,23350.0,CE,0.0,0.0,0.0,1399.0,1642.48,0,0.0,455,0,2026-08-05
NIFTY,2026-09-29,21650.0,CE,0.0,0.0,0.0,2630.65,3197.44,0,0.0,0,0,2026-08-05
NIFTY,2026-09-29,16500.0,CE,0.0,0.0,0.0,10168.85,8287.69,0,0.0,0,0,2026-08-05
NIFTY,2026-09-08,26200.0,CE,0.0,0.0,0.0,92.55,90.31,0,0.0,0,0,2026-08-05
NIFTY,2026-09-08,26100.0,CE,0.0,0.0,0.0,106.55,104.22,0,0.0,0,0,2026-08-05
NIFTY,2026-09-08,25900.0,CE,0.0,0.0,0.0,139.75,137.34,0,0.0,0,0,2026-08-05
NIFTY,2026-09-08,25600.0,CE,0.0,0.0,0.0,205.5,203.22,0,0.0,0,0,2026-08-05
NIFTY,2026-09-08,25550.0,CE,0.0,0.0,0.0,217.2,215.04,0,0.0,0,0,2026-08-05
NIFTY,2026-09-08,25450.0,CE,0.0,0.0,0.0,244.7,242.68,0,0.0,0,0,2026-08-05
NIFTY,2026-09-08,24100.0,CE,0.0,0.0,0.0,897.3,902.28,0,0.0,0,0,2026-08-05
NIFTY,2026-09-08,23850.0,CE,0.0,0.0,0.0,1077.3,1084.2,0,0.0,0,0,2026-08-05
NIFTY,2026-09-08,23650.0,CE,0.0,0.0,0.0,1232.5,1240.94,0,0.0,0,0,2026-08-05
NIFTY,2026-09-08,22950.0,CE,0.0,0.0,0.0,1838.05,1850.96,0,0.0,0,0,2026-08-05
NIFTY,2026-09-01,27200.0,CE,0.0,0.0,0.0,2.0,7.96,0,0.0,455,0,2026-08-05
NIFTY,2026-09-01,26100.0,CE,0.0,0.0,0.0,79.7,67.68,0,0.0,0,0,2026-08-05
NIFTY,2026-09-01,24850.0,CE,232.0,232.0,232.0,232.0,393.68,1,1630330.0,65,65,2026-08-05
NIFTY,2026-09-01,24800.0,CE,0.0,0.0,0.0,365.3,416.54,0,0.0,0,0,2026-08-05
NIFTY,2026-09-01,24700.0,CE,293.15,323.1,255.0,277.0,277.0,547,888466351.5,16120,6695,2026-08-05
NIFTY,2026-09-01,23900.0,CE,820.0,820.0,820.0,820.0,975.4,1,1606800.0,780,0,2026-08-05
NIFTY,2026-09-01,23600.0,CE,0.0,0.0,0.0,585.55,1216.42,0,0.0,65,0,2026-08-05
NIFTY,2026-09-01,22350.0,CE,0.0,0.0,0.0,2032.25,2379.48,0,0.0,0,0,2026-08-05
NIFTY,2026-09-01,22050.0,CE,0.0,0.0,0.0,2313.35,2675.26,0,0.0,0,0,2026-08-05
NIFTY,2026-08-25,27150.0,CE,1.6,2.85,1.45,1.8,1.8,407,718310508.5,11570,4485,2026-08-05
NIFTY,2026-08-25,26700.0,CE,1.8,4.8,1.8,2.05,2.05,456,791476429.25,13520,7800,2026-08-05
NIFTY,2026-08-25,26300.0,CE,4.0,5.75,3.4,4.4,4.4,8058,13777500584.25,723125,-11245,2026-08-05
NIFTY,2026-08-25,26100.0,CE,5.35,7.05,4.25,5.5,5.5,3056,5185676535.0,66885,-3380,2026-08-05
NIFTY,2026-08-25,26050.0,CE,6.05,7.65,5.2,6.15,6.15,2021,3422891741.75,32435,3380,2026-08-05
NIFTY,2026-08-25,25950.0,CE,7.3,9.0,5.65,7.05,7.05,2141,3612382309.25,29640,-6955,2026-08-05
NIFTY,2026-08-25,25600.0,CE,16.5,21.45,15.1,17.85,17.85,10209,16999791981.25,562185,14040,2026-08-05
NIFTY,2026-08-25,25050.0,CE,85.0,112.7,79.95,91.9,91.9,3791,6196428020.25,135265,-4225,2026-08-05
NIFTY,2026-08-25,24950.0,CE,119.0,147.0,105.7,121.6,121.6,3101,5054343862.75,114790,9360,2026-08-05
NIFTY,2026-08-25,24900.0,CE,140.0,166.85,120.05,137.7,137.7,18617,30304125952.75,962455,22425,2026-08-05
NIFTY,2026-08-25,24500.0,CE,325.0,389.9,303.65,334.05,334.05,86081,138997723699.25,4534205,-324350,2026-08-05
NIFTY,2026-08-25,24200.0,CE,581.0,619.9,503.35,551.6,551.6,5268,8482357672.75,1142310,-42770,2026-08-05
NIFTY,2026-08-25,23800.0,CE,947.9,975.0,828.4,890.1,890.1,556,892385182.0,523055,5590,2026-08-05
NIFTY,2026-08-25,23750.0,CE,943.6,994.6,900.0,935.05,935.05,19,30504448.0,18395,195,2026-08-05
NIFTY,2026-08-25,22300.0,CE,0.0,0.0,0.0,2020.0,2399.87,0,0.0,1820,0,2026-08-05
NIFTY,2026-08-25,22150.0,CE,0.0,0.0,0.0,2147.4,2548.81,0,0.0,130,0,2026-08-05
NIFTY,2026-08-25,22050.0,CE,0.0,0.0,0.0,2323.1,2648.24,0,0.0,0,0,2026-08-05
NIFTY,2026-08-25,21500.0,CE,3175.4,3200.4,3075.0,3132.15,3132.15,50,80003066.0,355030,-520,2026-08-05
NIFTY,2026-08-25,21400.0,CE,0.0,0.0,0.0,2616.3,3295.62,0,0.0,130,0,2026-08-05
NIFTY,2026-08-25,21250.0,CE,0.0,0.0,0.0,3030.3,3445.11,0,0.0,0,0,2026-08-05
NIFTY,2026-08-18,25650.0,CE,5.3,8.0,5.05,7.1,7.1,14678,24478231423.75,100165,-218335,2026-08-05
NIFTY,2026-08-18,25200.0,CE,30.8,40.15,26.65,32.3,32.3,39182,64264466938.75,739570,317850,2026-08-05
NIFTY,2026-08-18,24600.0,CE,225.0,261.0,185.0,213.7,213.7,45200,72922753728.5,676065,225615,2026-08-05
NIFTY,2026-08-18,24400.0,CE,325.0,399.75,300.0,338.1,338.1,6715,10800662184.0,227045,-29055,2026-08-05
NIFTY,2026-08-18,23650.0,CE,1008.3,1008.3,1008.3,1008.3,1057.24,1,1602789.5,390,0,2026-08-05
NIFTY,2026-08-18,23200.0,CE,0.0,0.0,0.0,1136.9,1481.97,0,0.0,0,0,2026-08-05
NIFTY,2026-08-18,22150.0,CE,0.0,0.0,0.0,2053.6,2522.47,0,0.0,0,0,2026-08-05
NIFTY,2026-08-11,27150.0,CE,0.95,1.05,0.55,0.6,0.6,16180,28554340158.5,158145,27755,2026-08-05
NIFTY,2026-08-11,26850.0,CE,0.75,1.05,0.65,0.75,0.75,1038,1811622894.25,23595,21905,2026-08-05
NIFTY,2026-08-11,26500.0,CE,0.8,1.15,0.7,0.8,0.8,38330,66025451293.75,354770,272935,2026-08-05
NIFTY,2026-08-11,22400.0,CE,0.0,0.0,0.0,2148.5,2246.95,0,0.0,0,0,2026-08-05
NIFTY,2031-06-24,30000.0,PE,0.0,0.0,0.0,2616.25,2151.03,0,0.0,0,0,2026-08-05
NIFTY,2031-06-24,28500.0,PE,0.0,0.0,0.0,2104.2,1702.17,0,0.0,0,0,2026-08-05
NIFTY,2031-06-24,25500.0,PE,0.0,0.0,0.0,1262.85,983.56,0,0.0,0,0,2026-08-05
NIFTY,2031-06-24,24000.0,PE,0.0,0.0,0.0,933.85,709.96,0,0.0,65,0,2026-08-05
NIFTY,2030-12-31,30000.0,PE,0.0,0.0,0.0,1450.1,2303.45,0,0.0,0,0,2026-08-05
NIFTY,2028-12-26,22000.0,PE,0.0,0.0,0.0,524.95,426.04,0,0.0,8865,0,2026-08-05
NIFTY,2028-06-27,28500.0,PE,0.0,0.0,0.0,1560.85,2558.53,0,0.0,0,0,2026-08-05
NIFTY,2027-12-28,20000.0,PE,177.55,177.55,165.0,165.8,165.8,17,22285883.75,33700,325,2026-08-05
NIFTY,2027-12-28,19000.0,PE,0.0,0.0,0.0,132.5,62.28,0,0.0,1975,0,2026-08-05
NIFTY,2027-12-28,18000.0,PE,0.0,0.0,0.0,181.05,29.74,0,0.0,11915,0,2026-08-05
NIFTY,2027-06-29,19500.0,PE,0.0,0.0,0.0,17.3,43.42,0,0.0,0,0,2026-08-05
NIFTY,2027-06-29,19000.0,PE,0.0,0.0,0.0,195.0,27.93,0,0.0,1135,0,2026-08-05
NIFTY,2027-03-30,16500.0,PE,0.0,0.0,0.0,20.0,0.36,0,0.0,1560,0,2026-08-05
NIFTY,2026-10-27,26900.0,PE,0.0,0.0,0.0,2631.85,2073.49,0,0.0,0,0,2026-08-05
NIFTY,2026-10-27,26100.0,PE,0.0,0.0,0.0,1960.3,1459.73,0,0.0,0,0,2026-08-05
NIFTY,2026-10-27,25250.0,PE,0.0,0.0,0.0,675.6,919.57,0,0.0,65,0,2026-08-05
NIFTY,2026-10-27,25050.0,PE,537.95,537.95,537.95,537.95,811.92,1,1663216.75,130,65,2026-08-05
NIFTY,2026-10-27,24150.0,PE,220.0,248.05,220.0,248.05,248.05,5,7924023.25,520,325,2026-08-05
NIFTY,2026-10-27,24100.0,PE,0.0,0.0,0.0,678.9,408.0,0,0.0,0,0,2026-08-05
NIFTY,2026-10-27,22400.0,PE,44.55,52.55,42.9,43.85,43.85,152,221750022.0,21385,3250,2026-08-05
NIFTY,2026-09-29,31500.0,PE,0.0,0.0,0.0,4341.2,6564.16,0,0.0,0,0,2026-08-05
NIFTY,2026-09-29,27000.0,PE,2141.75,2250.0,2098.45,2175.05,2175.05,318,602532784.75,1433520,3445,2026-08-05
NIFTY,2026-09-29,26950.0,PE,0.0,0.0,0.0,2780.25,2146.3,0,0.0,0,0,2026-08-05
NIFTY,2026-09-29,22650.0,PE,31.45,36.65,31.15,31.9,31.9,40,58976531.25,8320,-130,2026-08-05
NIFTY,2026-09-29,22500.0,PE,30.0,32.85,27.2,28.35,28.35,7113,10416341962.0,1099865,-57395,2026-08-05
NIFTY,2026-09-29,21900.0,PE,20.0,22.0,17.55,18.45,18.45,114,162426741.75,38155,-1820,2026-08-05
NIFTY,2026-09-29,15000.0,PE,1.95,2.65,1.95,2.2,2.2,42,40956207.5,57265,1755,2026-08-05
NIFTY,2026-09-08,26100.0,PE,0.0,0.0,0.0,1439.9,1419.84,0,0.0,0,0,2026-08-05
NIFTY,2026-09-08,25500.0,PE,0.0,0.0,0.0,967.5,947.83,0,0.0,0,0,2026-08-05
NIFTY,2026-09-08,25050.0,PE,0.0,0.0,0.0,670.9,652.55,0,0.0,0,0,2026-08-05
NIFTY,2026-09-08,24450.0,PE,0.0,0.0,0.0,368.3,353.46,0,0.0,0,0,2026-08-05
NIFTY,2026-09-08,24050.0,PE,0.0,0.0,0.0,227.2,215.43,0,0.0,0,0,2026-08-05
NIFTY,2026-09-08,23550.0,PE,0.0,0.0,0.0,111.7,103.92,0,0.0,0,0,2026-08-05
NIFTY,2026-09-08,23450.0,PE,0.0,0.0,0.0,95.4,88.35,0,0.0,0,0,2026-08-05
NIFTY,2026-09-08,23050.0,PE,0.0,0.0,0.0,47.9,43.48,0,0.0,0,0,2026-08-05
NIFTY,2026-09-01,27100.0,PE,0.0,0.0,0.0,2741.55,2364.04,0,0.0,0,0,2026-08-05
NIFTY,2026-09-01,26550.0,PE,0.0,0.0,0.0,2219.65,1836.78,0,0.0,0,0,2026-08-05
NIFTY,2026-09-01,25650.0,PE,0.0,0.0,0.0,1426.15,1048.82,0,0.0,0,0,2026-08-05
NIFTY,2026-09-01,25350.0,PE,0.0,0.0,0.0,1189.0,823.2,0,0.0,0,0,2026-08-05
NIFTY,2026-09-01,24700.0,PE,341.5,343.85,247.45,297.8,297.8,796,1291939824.5,28925,20150,2026-08-05
NIFTY,2026-09-01,23600.0,PE,39.85,50.95,36.2,40.25,40.25,209,321181568.5,18265,5720,2026-08-05
NIFTY,2026-09-01,23500.0,PE,34.1,44.2,30.15,33.7,33.7,557,852113876.25,39845,7735,2026-08-05
NIFTY,2026-09-01,23450.0,PE,0.0,0.0,0.0,208.05,65.19,0,0.0,0,0,2026-08-05
NIFTY,2026-09-01,22700.0,PE,0.0,0.0,0.0,20.35,12.42,0,0.0,650,0,2026-08-05
NIFTY,2026-08-25,25600.0,PE,890.0,1028.4,879.6,962.2,962.2,33,56932057.0,16445,455,2026-08-05
NIFTY,2026-08-25,25250.0,PE,629.0,635.05,629.0,633.05,633.05,3,5047188.25,2015,0,2026-08-05
NIFTY,2026-08-25,24950.0,PE,356.1,470.9,348.15,420.25,420.25,162,266976047.0,13585,5785,2026-08-05
NIFTY,2026-08-25,22850.0,PE,10.0,12.4,8.65,9.1,9.1,2593,3853072210.0,34190,18330,2026-08-05
NIFTY,2026-08-25,22700.0,PE,9.0,10.8,7.2,8.05,8.05,5287,7804168625.5,403910,260,2026-08-05
NIFTY,2026-08-18,27150.0,PE,0.0,0.0,0.0,2948.25,2467.1,0,0.0,0,0,2026-08-05
NIFTY,2026-08-18,26800.0,PE,0.0,0.0,0.0,2606.7,2118.72,0,0.0,0,0,2026-08-05
NIFTY,2026-08-18,26400.0,PE,0.0,0.0,0.0,2222.7,1723.19,0,0.0,0,0,2026-08-05
NIFTY,2026-08-18,23000.0,PE,6.35,7.0,4.95,5.4,5.4,19921,29789389760.0,520000,166075,2026-08-05
NIFTY,2026-08-18,22300.0,PE,3.35,3.9,2.9,3.65,3.65,521,755309285.25,20410,6435,2026-08-05
NIFTY,2026-08-11,26850.0,PE,0.0,0.0,0.0,2319.5,2198.62,0,0.0,0,0,2026-08-05
NIFTY,2026-08-11,26450.0,PE,0.0,0.0,0.0,1943.9,1799.09,0,0.0,0,0,2026-08-05
NIFTY,2026-08-11,26050.0,PE,0.0,0.0,0.0,1584.3,1400.28,0,0.0,0,0,2026-08-05
NIFTY,2026-08-11,25900.0,PE,1299.9,1363.05,1299.9,1363.05,1251.52,2,3540091.75,65,0,2026-08-05
NIFTY,2026-08-11,25350.0,PE,698.15,812.45,663.4,748.25,748.25,93,157797721.25,4030,3380,2026-08-05
NIFTY,2026-08-11,25250.0,PE,585.65,735.2,561.7,647.4,647.4,494,831619311.25,8970,8905,2026-08-05
NIFTY,2026-08-11,24950.0,PE,343.05,458.7,295.05,374.2,374.2,13374,22002516474.25,39520,30095,2026-08-05
NIFTY,2026-08-11,24750.0,PE,207.0,300.45,158.7,221.85,221.85,280794,455528566899.25,290615,202345,2026-08-05
NIFTY,2026-08-11,23300.0,PE,3.65,3.75,2.15,2.5,2.5,159564,241690426363.75,1571960,169585,2026-08-05
NIFTY,2026-08-11,21650.0,PE,0.9,1.25,0.8,0.9,0.9,2275,3201645011.5,45565,26910,2026-08-05
NIFTY,2030-12-31,18000.0,CE,0.0,0.0,0.0,12674.15,11274.18,0,0.0,0,0,2026-08-05
NIFTY,2029-12-24,33000.0,CE,0.0,0.0,0.0,3816.05,2318.78,0,0.0,0,0,2026-08-05
NIFTY,2029-12-24,24000.0,CE,0.0,0.0,0.0,7730.0,6220.08,0,0.0,0,0,2026-08-05
NIFTY,2029-06-26,31500.0,CE,0.0,0.0,0.0,2878.65,2219.42,0,0.0,0,0,2026-08-05
NIFTY,2028-12-26,31500.0,CE,0.0,0.0,0.0,2327.6,1670.2,0,0.0,0,0,2026-08-05
NIFTY,2028-12-26,22500.0,CE,0.0,0.0,0.0,7382.9,5917.27,0,0.0,0,0,2026-08-05
NIFTY,2028-06-27,30000.0,CE,0.0,0.0,0.0,2278.45,1534.14,0,0.0,0,0,2026-08-05
NIFTY,2028-06-27,24000.0,CE,0.0,0.0,0.0,3918.85,4256.05,0,0.0,0,0,2026-08-05
NIFTY,2027-12-28,18000.0,CE,0.0,0.0,0.0,6285.7,8237.8,0,0.0,0,0,2026-08-05
NIFTY,2027-03-30,33000.0,CE,0.0,0.0,0.0,48.6,47.26,0,0.0,0,0,2026-08-05
NIFTY,2027-03-30,19500.0,CE,0.0,0.0,0.0,4365.4,5963.25,0,0.0,0,0,2026-08-05
NIFTY,2026-12-29,19000.0,CE,6050.0,6090.45,5979.9,6038.45,6038.45,5,8134347.0,58045,-65,2026-08-05
NIFTY,2026-12-29,16500.0,CE,0.0,0.0,0.0,10405.0,8553.92,0,0.0,0,0,2026-08-05
NIFTY,2026-10-27,26650.0,CE,0.0,0.0,0.0,150.8,243.56,0,0.0,0,0,2026-08-05
NIFTY,2026-10-27,26200.0,CE,0.0,0.0,0.0,219.35,345.73,0,0.0,0,0,2026-08-05
NIFTY,2026-10-27,25350.0,CE,0.0,0.0,0.0,417.4,627.99,0,0.0,0,0,2026-08-05
NIFTY,2026-10-27,24250.0,CE,0.0,0.0,0.0,735.0,1195.44,0,0.0,65,0,2026-08-05
NIFTY,2026-10-27,23500.0,CE,1541.0,1550.55,1495.35,1495.35,1495.35,20,32539325.0,13260,390,2026-08-05
NIFTY,2026-09-29,33000.0,CE,0.0,0.0,0.0,2.0,0.0,0,0.0,28535,0,2026-08-05
NIFTY,2026-09-29,26950.0,CE,0.0,0.0,0.0,109.35,87.24,0,0.0,0,0,2026-08-05
NIFTY,2026-09-29,26300.0,CE,47.2,47.2,29.6,32.45,32.45,442,756514453.5,15665,15535,2026-08-05
NIFTY,2026-09-29,25150.0,CE,255.35,278.0,227.55,242.05,242.05,226,373082723.0,59020,-715,2026-08-05
NIFTY,2026-09-29,24450.0,CE,625.2,668.95,585.6,588.8,863.08,45,73371252.5,10075,-390,2026-08-05
NIFTY,2026-09-29,24050.0,CE,941.55,941.55,876.65,895.1,895.1,8,12977243.5,4680,130,2026-08-05
NIFTY,2026-09-29,23600.0,CE,1330.0,1330.0,1330.0,1330.0,1443.55,1,1620450.0,4875,0,2026-08-05
NIFTY,2026-09-29,23300.0,CE,0.0,0.0,0.0,1420.0,1683.56,0,0.0,1040,0,2026-08-05
NIFTY,2026-09-29,23050.0,CE,0.0,0.0,0.0,1601.7,1894.83,0,0.0,390,0,2026-08-05
NIFTY,2026-09-29,22650.0,CE,0.0,0.0,0.0,1410.05,2250.15,0,0.0,325,0,2026-08-05
NIFTY,2026-09-29,22050.0,CE,0.0,0.0,0.0,2284.2,2811.53,0,0.0,0,0,2026-08-05
NIFTY,2026-09-08,25800.0,CE,0.0,0.0,0.0,159.2,156.83,0,0.0,0,0,2026-08-05
NIFTY,2026-09-08,25650.0,CE,0.0,0.0,0.0,193.4,191.1,0,0.0,0,0,2026-08-05
NIFTY,2026-09-08,25300.0,CE,0.0,0.0,0.0,290.8,289.08,0,0.0,0,0,2026-08-05
NIFTY,2026-09-08,25200.0,CE,0.0,0.0,0.0,324.9,323.47,0,0.0,0,0,2026-08-05
NIFTY,2026-09-08,24950.0,CE,0.0,0.0,0.0,422.75,422.27,0,0.0,0,0,2026-08-05
NIFTY,2026-09-08,24900.0,CE,0.0,0.0,0.0,444.55,444.3,0,0.0,0,0,2026-08-05
NIFTY,2026-09-08,24800.0,CE,0.0,0.0,0.0,490.4,490.68,0,0.0,0,0,2026-08-05
NIFTY,2026-09-08,24750.0,CE,0.0,0.0,0.0,514.5,515.04,0,0.0,0,0,2026-08-05
NIFTY,2026-09-08,23900.0,CE,0.0,0.0,0.0,1040.95,1046.53,0,0.0,0,0,2026-08-05
NIFTY,2026-09-08,23800.0,CE,0.0,0.0,0.0,1115.2,1122.49,0,0.0,0,0,2026-08-05
NIFTY,2026-09-01,26950.0,CE,3.6,3.6,2.9,2.9,13.6,7,12263777.5,325,-455,2026-08-05
NIFTY,2026-09-01,25950.0,CE,0.0,0.0,0.0,97.35,86.75,0,0.0,0,0,2026-08-05
NIFTY,2026-09-01,25900.0,CE,15.9,17.7,14.25,15.45,15.45,209,352070121.0,28665,3835,2026-08-05
NIFTY,2026-09-01,25800.0,CE,19.7,21.85,15.3,18.7,18.7,73,122515133.0,2015,1820,2026-08-05
NIFTY,2026-09-01,25000.0,CE,154.2,179.55,134.85,148.2,148.2,2659,4347690048.0,115700,17810,2026-08-05
NIFTY,2026-09-01,24400.0,CE,491.0,518.25,426.5,452.5,452.5,634,1025632439.0,2275,520,2026-08-05
NIFTY,2026-09-01,24350.0,CE,492.4,492.4,483.9,488.15,488.15,2,3228959.5,130,65,2026-08-05
NIFTY,2026-09-01,24250.0,CE,597.0,605.35,529.9,529.9,725.95,5,8062733.25,585,-65,2026-08-05
NIFTY,2026-09-01,24000.0,CE,827.4,827.4,706.65,757.55,757.55,140,225334853.25,9945,3835,2026-08-05
NIFTY,2026-09-01,23350.0,CE,0.0,0.0,0.0,1182.5,1432.71,0,0.0,0,0,2026-08-05
NIFTY,2026-08-25,27050.0,CE,2.0,4.45,1.4,1.65,1.65,533,937224720.25,8190,4940,2026-08-05
NIFTY,2026-08-25,25100.0,CE,86.0,97.4,68.85,79.75,79.75,22635,37049820057.25,939445,46735,2026-08-05
NIFTY,2026-08-25,24850.0,CE,165.0,187.6,137.7,156.75,156.75,4282,6961553836.25,150475,12350,2026-08-05
NIFTY,2026-08-25,24100.0,CE,650.0,705.0,584.2,631.6,631.6,1555,2501679280.75,1433770,15730,2026-08-05
NIFTY,2026-08-25,23500.0,CE,1198.9,1257.15,1100.0,1163.65,1163.65,1055,1692769637.0,513955,-13195,2026-08-05
NIFTY,2026-08-25,23450.0,CE,0.0,0.0,0.0,906.3,1292.59,0,0.0,2340,0,2026-08-05
NIFTY,2026-08-25,22850.0,CE,0.0,0.0,0.0,1725.0,1858.48,0,0.0,650,0,2026-08-05
NIFTY,2026-08-25,22800.0,CE,0.0,0.0,0.0,1750.0,1907.18,0,0.0,6110,0,2026-08-05
NIFTY,2026-08-25,22400.0,CE,2327.75,2327.75,2327.75,2327.75,2327.75,1,1607303.75,2145,0,2026-08-05
NIFTY,2026-08-25,22250.0,CE,0.0,0.0,0.0,1585.4,2449.48,0,0.0,65,0,2026-08-05
NIFTY,2026-08-25,22200.0,CE,0.0,0.0,0.0,1900.0,2499.13,0,0.0,390,0,2026-08-05
NIFTY,2026-08-25,22000.0,CE,2651.0,2734.6,2579.65,2640.35,2640.35,200,320501857.0,665665,-195,2026-08-05
NIFTY,2026-08-18,26850.0,CE,1.1,1.1,1.1,1.1,0.96,4,6981286.0,390,260,2026-08-05
NIFTY,2026-08-18,26150.0,CE,2.0,2.65,1.7,2.4,2.4,772,1312323558.0,47515,25480,2026-08-05
NIFTY,2026-08-18,26050.0,CE,3.2,3.25,2.2,2.9,2.9,457,773897884.5,17225,14235,2026-08-05
NIFTY,2026-08-18,25250.0,CE,20.1,33.35,20.1,26.9,26.9,4428,7275300448.0,74230,37050,2026-08-05
NIFTY,2026-08-18,24850.0,CE,99.0,132.45,88.85,105.85,105.85,8856,14367453756.5,154115,82940,2026-08-05
NIFTY,2026-08-18,24450.0,CE,329.95,361.4,269.3,303.8,303.8,2921,4701006352.25,74945,4940,2026-08-05
NIFTY,2026-08-18,24100.0,CE,600.0,636.6,523.0,574.55,574.55,343,550375575.75,47970,-2925,2026-08-05
NIFTY,2026-08-18,23100.0,CE,0.0,0.0,0.0,1193.7,1579.49,0,0.0,130,0,2026-08-05
NIFTY,2026-08-18,22400.0,CE,0.0,0.0,0.0,1820.55,2273.17,0,0.0,0,0,2026-08-05
NIFTY,2026-08-18,22200.0,CE,0.0,0.0,0.0,2006.5,2472.59,0,0.0,0,0,2026-08-05
NIFTY,2026-08-11,27200.0,CE,0.85,1.2,0.55,0.6,0.6,34159,60394608397.5,256685,56940,2026-08-05
NIFTY,2026-08-11,25150.0,CE,15.0,20.0,9.0,12.7,12.7,368270,602328262870.75,1563510,722345,2026-08-05
NIFTY,2026-08-11,23200.0,CE,1300.0,1446.0,1300.0,1352.5,1448.11,9,14375458.5,5005,260,2026-08-05
NIFTY,2026-08-11,22550.0,CE,0.0,0.0,0.0,2006.75,2097.1,0,0.0,0,0,2026-08-05
NIFTY,2026-09-29,26550.0,PE,0.0,0.0,0.0,2431.75,1799.81,0,0.0,0,0,2026-08-05
NIFTY,2026-09-29,26350.0,PE,0.0,0.0,0.0,2262.9,1634.22,0,0.0,0,0,2026-08-05
NIFTY,2026-09-29,26150.0,PE,0.0,0.0,0.0,2098.2,1474.64,0,0.0,0,0,2026-08-05
NIFTY,2028-06-27,27000.0,PE,0.0,0.0,0.0,2752.35,1848.75,0,0.0,0,0,2026-08-05
NIFTY,2028-12-26,24000.0,PE,800.0,800.0,742.0,750.0,750.0,21,33787780.0,4745,845,2026-08-05
NIFTY,2026-09-29,24550.0,PE,274.0,346.5,274.0,311.9,311.9,174,281224784.75,20800,-1105,2026-08-05
NIFTY,2026-09-29,24000.0,PE,150.0,184.4,133.25,154.35,154.35,15687,24629299194.5,2441090,123630,2026-08-05
NIFTY,2026-09-29,23550.0,PE,78.3,102.45,76.4,85.6,85.6,226,347192829.75,20345,2080,2026-08-05
NIFTY,2026-09-29,23500.0,PE,80.05,98.95,70.9,81.05,81.05,10358,15876984994.0,1070420,60580,2026-08-05
NIFTY,2026-09-08,25800.0,PE,0.0,0.0,0.0,1194.35,1174.29,0,0.0,0,0,2026-08-05
NIFTY,2026-09-08,24800.0,PE,0.0,0.0,0.0,531.35,514.26,0,0.0,0,0,2026-08-05
NIFTY,2026-09-08,24600.0,PE,0.0,0.0,0.0,433.6,417.72,0,0.0,0,0,2026-08-05
NIFTY,2026-09-08,24300.0,PE,0.0,0.0,0.0,309.9,296.14,0,0.0,0,0,2026-08-05
NIFTY,2026-09-08,23100.0,PE,0.0,0.0,0.0,52.45,47.77,0,0.0,0,0,2026-08-05
NIFTY,2026-09-01,26950.0,PE,0.0,0.0,0.0,2597.5,2218.41,0,0.0,0,0,2026-08-05
NIFTY,2026-09-01,25950.0,PE,0.0,0.0,0.0,1679.0,1296.04,0,0.0,0,0,2026-08-05
NIFTY,2028-12-26,31500.0,PE,0.0,0.0,0.0,2673.4,3947.22,0,0.0,0,0,2026-08-05
NIFTY,2029-06-26,16500.0,PE,0.0,0.0,0.0,8.1,36.1,0,0.0,0,0,2026-08-05
NIFTY,2029-06-26,18000.0,PE,0.0,0.0,0.0,118.45,83.86,0,0.0,0,0,2026-08-05
NIFTY,2029-06-26,19500.0,PE,0.0,0.0,0.0,56.0,170.35,0,0.0,0,0,2026-08-05
NIFTY,2029-12-24,25000.0,PE,0.0,0.0,0.0,1100.0,1014.25,0,0.0,550,0,2026-08-05
NIFTY,2031-06-24,18000.0,PE,0.0,0.0,0.0,173.45,115.76,0,0.0,0,0,2026-08-05
NIFTY,2026-09-01,24750.0,PE,324.3,324.6,317.55,321.45,321.45,21,34222503.25,1365,1365,2026-08-05
NIFTY,2026-09-01,23800.0,PE,51.05,75.0,48.9,55.95,55.95,794,1231303797.75,17680,-520,2026-08-05
NIFTY,2026-09-01,23400.0,PE,28.05,36.6,25.9,28.8,28.8,228,347208790.5,9555,1560,2026-08-05
NIFTY,2026-09-01,23100.0,PE,18.85,22.2,18.5,22.2,31.81,11,16530848.75,845,455,2026-08-05
NIFTY,2026-09-01,22750.0,PE,13.05,13.05,13.05,13.05,14.07,1,1479598.25,390,-65,2026-08-05
NIFTY,2026-09-01,22250.0,PE,0.0,0.0,0.0,56.0,3.64,0,0.0,325,0,2026-08-05
NIFTY,2026-08-25,26750.0,PE,0.0,0.0,0.0,2584.3,2044.64,0,0.0,0,0,2026-08-05
NIFTY,2026-08-25,26650.0,PE,0.0,0.0,0.0,2498.25,1947.26,0,0.0,0,0,2026-08-05
NIFTY,2026-08-25,26500.0,PE,1750.0,1890.9,1750.0,1850.0,1850.0,14,25771190.25,3315,520,2026-08-05
NIFTY,2026-08-25,26250.0,PE,0.0,0.0,0.0,1985.0,1564.69,0,0.0,130,0,2026-08-05
NIFTY,2026-08-25,25550.0,PE,829.3,945.45,829.3,945.45,947.57,2,3436858.75,5395,0,2026-08-05
NIFTY,2026-08-25,25300.0,PE,610.05,760.0,608.15,686.8,686.8,202,340796186.25,42705,5135,2026-08-05
NIFTY,2026-08-25,24750.0,PE,264.2,358.25,236.8,294.9,294.9,2846,4629910772.5,78975,24245,2026-08-05
NIFTY,2026-08-25,22800.0,PE,9.05,11.75,8.2,8.55,8.55,6658,9871409349.75,306540,-8255,2026-08-05
NIFTY,2026-08-25,22500.0,PE,7.05,9.0,6.0,6.5,6.5,16769,24532790382.75,1532635,156585,2026-08-05
NIFTY,2026-08-25,22350.0,PE,5.85,7.65,5.85,6.15,6.15,303,440313565.25,14560,-4030,2026-08-05
NIFTY,2026-08-25,22050.0,PE,3.65,6.65,3.65,5.25,5.25,42,60211258.25,8905,195,2026-08-05
NIFTY,2026-08-25,21400.0,PE,5.35,5.5,4.05,4.2,4.2,378,525911958.0,45370,-1560,2026-08-05
NIFTY,2026-08-25,21300.0,PE,4.95,5.0,3.65,3.95,3.95,245,339268832.5,62725,1365,2026-08-05
NIFTY,2026-08-18,26850.0,PE,0.0,0.0,0.0,2655.25,2168.42,0,0.0,0,0,2026-08-05
NIFTY,2026-08-18,26500.0,PE,0.0,0.0,0.0,2317.85,1821.61,0,0.0,0,0,2026-08-05
NIFTY,2026-08-18,26050.0,PE,0.0,0.0,0.0,1895.7,1383.46,0,0.0,0,0,2026-08-05
NIFTY,2026-08-18,24950.0,PE,356.3,462.0,328.85,389.65,389.65,337,554936430.75,6890,3445,2026-08-05
NIFTY,2026-08-18,23700.0,PE,17.0,26.5,13.25,15.1,15.1,22439,34591662894.75,398125,127205,2026-08-05
NIFTY,2026-08-18,23450.0,PE,8.95,14.7,8.25,9.45,9.45,1763,2688439351.0,23270,6305,2026-08-05
NIFTY,2026-08-18,22500.0,PE,4.45,4.45,3.5,4.0,4.0,18163,26568024102.75,818220,476710,2026-08-05
NIFTY,2026-08-18,22450.0,PE,3.9,5.1,3.45,3.85,3.85,166,242277109.75,8385,3835,2026-08-05
NIFTY,2026-08-18,22200.0,PE,3.75,3.8,3.05,3.4,3.4,1341,1935360446.5,69420,55185,2026-08-05
NIFTY,2026-09-29,26400.0,PE,0.0,0.0,0.0,2304.75,1675.08,0,0.0,0,0,2026-08-05
NIFTY,2026-08-11,26550.0,PE,0.0,0.0,0.0,2036.55,1898.95,0,0.0,0,0,2026-08-05
NIFTY,2026-08-11,26250.0,PE,0.0,0.0,0.0,1761.65,1599.48,0,0.0,0,0,2026-08-05
NIFTY,2026-08-11,25500.0,PE,854.45,971.9,807.6,892.75,892.75,521,893633399.75,112385,975,2026-08-05
NIFTY,2026-08-11,24850.0,PE,295.0,375.0,222.4,294.0,294.0,54914,89692162283.75,107835,70655,2026-08-05
NIFTY,2026-08-11,24700.0,PE,177.0,265.85,131.9,191.35,191.35,1232666,1993586757162.0,1609465,900185,2026-08-05
NIFTY,2026-08-11,24450.0,PE,73.95,129.9,45.8,75.7,75.7,1245669,1986823408001.25,1537250,494520,2026-08-05
NIFTY,2026-08-11,24100.0,PE,18.7,36.75,10.85,15.75,15.75,789439,1237749242993.25,2772380,254215,2026-08-05
NIFTY,2026-08-11,22350.0,PE,2.05,2.45,1.15,1.35,1.35,2224,3231124913.25,38935,5720,2026-08-05
NIFTY,2026-08-11,22100.0,PE,1.85,1.85,1.0,1.15,1.15,9377,13470833415.0,228670,46280,2026-08-05
NIFTY,2026-08-11,22050.0,PE,1.7,1.8,0.95,1.15,1.15,1150,1648330095.75,17680,5265,2026-08-05
NIFTY,2026-08-11,21750.0,CE,0.0,0.0,0.0,2778.9,2896.31,0,0.0,0,0,2026-08-05
NIFTY,2026-08-11,22100.0,CE,0.0,0.0,0.0,2436.9,2546.65,0,0.0,0,0,2026-08-05
NIFTY,2026-08-11,22450.0,CE,0.0,0.0,0.0,2101.0,2197.0,0,0.0,0,0,2026-08-05
NIFTY,2026-08-11,23500.0,CE,1049.0,1190.9,1023.0,1112.15,1112.15,651,1041395104.75,115635,-3835,2026-08-05
NIFTY,2030-12-31,27000.0,CE,0.0,0.0,0.0,6772.8,5823.04,0,0.0,0,0,2026-08-05
NIFTY,2030-12-31,22500.0,CE,0.0,0.0,0.0,9536.95,8301.86,0,0.0,0,0,2026-08-05
NIFTY,2030-06-25,33000.0,CE,0.0,0.0,0.0,4416.45,2854.21,0,0.0,0,0,2026-08-05
NIFTY,2030-06-25,24000.0,CE,0.0,0.0,0.0,8591.55,6819.12,0,0.0,0,0,2026-08-05
NIFTY,2028-12-26,30000.0,CE,1360.0,1400.0,1360.0,1400.0,2122.56,15,30604600.0,11295,715,2026-08-05
NIFTY,2028-12-26,28500.0,CE,0.0,0.0,0.0,3608.65,2669.48,0,0.0,0,0,2026-08-05
NIFTY,2028-12-26,28000.0,CE,0.0,0.0,0.0,2250.0,2874.37,0,0.0,8395,0,2026-08-05
NIFTY,2028-12-26,25500.0,CE,0.0,0.0,0.0,3800.0,4077.97,0,0.0,0,0,2026-08-05
NIFTY,2028-12-26,24000.0,CE,4700.0,4700.0,4700.0,4700.0,4700.0,1,1865500.0,325,0,2026-08-05
NIFTY,2028-12-26,18000.0,CE,0.0,0.0,0.0,9380.3,9320.98,0,0.0,0,0,2026-08-05
NIFTY,2027-12-28,24000.0,CE,3122.0,3177.0,3105.0,3128.35,3128.35,18,31747280.5,26845,130,2026-08-05
NIFTY,2027-06-29,30000.0,CE,0.0,0.0,0.0,1478.4,443.99,0,0.0,0,0,2026-08-05
NIFTY,2026-12-29,26000.0,CE,345.5,367.95,329.05,340.7,340.7,5421,9283692658.5,2611880,19835,2026-08-05
NIFTY,2026-12-29,25000.0,CE,799.95,831.4,765.0,788.9,788.9,6301,10568266952.75,2209765,-6305,2026-08-05
NIFTY,2026-10-27,26700.0,CE,0.0,0.0,0.0,144.45,233.88,0,0.0,0,0,2026-08-05
NIFTY,2026-10-27,26100.0,CE,0.0,0.0,0.0,237.65,372.59,0,0.0,0,0,2026-08-05
NIFTY,2026-10-27,25800.0,CE,0.0,0.0,0.0,301.05,462.92,0,0.0,0,0,2026-08-05
NIFTY,2026-10-27,25600.0,CE,307.35,307.35,212.25,218.9,218.9,12,20144302.75,520,520,2026-08-05
NIFTY,2026-10-27,25500.0,CE,261.0,284.0,241.1,254.15,254.15,3245,5433763845.25,498160,58630,2026-08-05
NIFTY,2026-10-27,25300.0,CE,0.0,0.0,0.0,432.4,648.65,0,0.0,0,0,2026-08-05
NIFTY,2026-10-27,25100.0,CE,428.0,449.0,396.5,420.25,420.25,43,71340343.75,2340,1170,2026-08-05
NIFTY,2026-10-27,23950.0,CE,0.0,0.0,0.0,1007.1,1390.98,0,0.0,0,0,2026-08-05
NIFTY,2026-10-27,22550.0,CE,0.0,0.0,0.0,1962.0,2497.32,0,0.0,0,0,2026-08-05
NIFTY,2026-09-29,30000.0,CE,3.2,3.4,2.85,3.15,3.15,269,524603670.5,308145,4875,2026-08-05
NIFTY,2026-09-29,26750.0,CE,0.0,0.0,0.0,130.35,109.69,0,0.0,0,0,2026-08-05
NIFTY,2026-09-29,26450.0,CE,0.0,0.0,0.0,168.3,152.31,0,0.0,0,0,2026-08-05
NIFTY,2026-09-29,26050.0,CE,0.0,0.0,0.0,232.8,229.37,0,0.0,0,0,2026-08-05
NIFTY,2026-09-29,25900.0,CE,0.0,0.0,0.0,261.75,264.97,0,0.0,0,0,2026-08-05
NIFTY,2026-09-29,25700.0,CE,97.95,111.75,89.35,95.95,95.95,2835,4754166865.5,150605,19435,2026-08-05
NIFTY,2026-09-29,25550.0,CE,0.0,0.0,0.0,340.3,365.75,0,0.0,0,0,2026-08-05
NIFTY,2026-09-29,25450.0,CE,0.0,0.0,0.0,366.0,399.25,0,0.0,0,0,2026-08-05
NIFTY,2026-09-29,25000.0,CE,305.0,349.6,285.1,306.65,306.65,18976,31230945518.5,1593865,26845,2026-08-05
NIFTY,2026-09-29,24750.0,CE,429.5,477.5,404.8,419.95,419.95,234,383292032.5,37765,-4030,2026-08-05
NIFTY,2026-09-29,24650.0,CE,503.95,535.0,460.5,484.6,484.6,219,358079114.25,17160,3965,2026-08-05
NIFTY,2026-09-29,24600.0,CE,540.4,569.65,487.25,517.65,517.65,3895,6361252797.25,201110,65585,2026-08-05
NIFTY,2026-09-29,24350.0,CE,685.0,738.0,640.0,678.1,678.1,38,61849105.5,9230,-130,2026-08-05
NIFTY,2026-09-29,23150.0,CE,0.0,0.0,0.0,1642.85,1809.2,0,0.0,325,0,2026-08-05
NIFTY,2026-09-29,22700.0,CE,0.0,0.0,0.0,1580.85,2204.74,0,0.0,520,0,2026-08-05
NIFTY,2026-09-29,22550.0,CE,0.0,0.0,0.0,1786.75,2341.71,0,0.0,260,0,2026-08-05
NIFTY,2026-09-29,22450.0,CE,0.0,0.0,0.0,1843.95,2434.18,0,0.0,65,0,2026-08-05
NIFTY,2026-09-29,22000.0,CE,2827.0,2827.0,2710.0,2724.0,2859.38,17,27363521.25,56095,455,2026-08-05
NIFTY,2026-09-29,21850.0,CE,0.0,0.0,0.0,2455.3,3003.66,0,0.0,0,0,2026-08-05
NIFTY,2026-09-08,26150.0,CE,0.0,0.0,0.0,99.35,97.06,0,0.0,0,0,2026-08-05
NIFTY,2026-09-08,25400.0,CE,0.0,0.0,0.0,259.4,257.47,0,0.0,0,0,2026-08-05
NIFTY,2026-09-08,24050.0,CE,0.0,0.0,0.0,931.9,937.26,0,0.0,0,0,2026-08-05
NIFTY,2026-09-08,23050.0,CE,0.0,0.0,0.0,1746.8,1759.2,0,0.0,0,0,2026-08-05
NIFTY,2026-09-01,26650.0,CE,3.4,5.4,3.4,4.15,24.9,45,77963964.0,520,260,2026-08-05
NIFTY,2026-09-01,26000.0,CE,55.55,55.55,11.45,12.65,12.65,124,209670818.5,5850,5850,2026-08-05
NIFTY,2026-09-01,25850.0,CE,17.2,19.95,16.6,17.6,17.6,145,243804996.5,11700,2535,2026-08-05
NIFTY,2026-09-01,25500.0,CE,0.0,0.0,0.0,170.6,172.72,0,0.0,0,0,2026-08-05
NIFTY,2026-09-01,25200.0,CE,90.05,111.0,84.5,90.7,90.7,454,746466548.75,28795,10985,2026-08-05
NIFTY,2026-09-01,23550.0,CE,0.0,0.0,0.0,1035.9,1258.67,0,0.0,0,0,2026-08-05
NIFTY,2026-09-01,23250.0,CE,0.0,0.0,0.0,1259.15,1522.41,0,0.0,0,0,2026-08-05
NIFTY,2026-09-01,23050.0,CE,0.0,0.0,0.0,1418.95,1706.24,0,0.0,0,0,2026-08-05
NIFTY,2026-08-25,26500.0,CE,3.55,4.85,2.5,3.25,3.25,5994,10326030936.0,86775,68575,2026-08-05
NIFTY,2026-08-25,26350.0,CE,3.95,5.95,2.8,3.85,3.85,1420,2432500304.0,4355,3835,2026-08-05
NIFTY,2026-08-25,26000.0,CE,6.3,8.15,5.4,6.9,6.9,33089,55935497127.25,3364010,190710,2026-08-05
NIFTY,2026-08-25,25250.0,CE,53.1,62.55,44.35,51.15,51.15,4160,6841599332.75,103220,42380,2026-08-05
NIFTY,2026-08-25,25200.0,CE,66.1,73.4,51.4,59.5,59.5,24444,40137915993.5,1699815,54860,2026-08-05
NIFTY,2026-08-25,24700.0,CE,221.1,264.95,197.75,221.35,221.35,53258,86303825757.5,1565395,330005,2026-08-05
NIFTY,2026-08-25,23950.0,CE,796.0,814.05,714.95,740.6,740.6,41,65874162.25,30355,-1430,2026-08-05
NIFTY,2026-08-25,22450.0,CE,2199.25,2199.25,2199.25,2199.25,2251.28,1,1602201.25,65,0,2026-08-05
NIFTY,2026-08-18,26700.0,CE,1.5,1.9,0.9,1.05,1.05,47,81573459.5,455,-325,2026-08-05
NIFTY,2026-08-18,26650.0,CE,1.05,1.85,0.95,1.25,1.25,54,93546625.25,585,585,2026-08-05
NIFTY,2026-08-18,26450.0,CE,1.95,2.2,1.35,1.85,1.85,180,309487506.25,8060,7540,2026-08-05
NIFTY,2026-08-18,26250.0,CE,2.2,2.3,1.65,1.9,1.9,66,112621427.75,2210,1690,2026-08-05
NIFTY,2026-08-18,25150.0,CE,75.65,75.65,32.15,38.7,38.7,3737,6118699843.75,77740,77740,2026-08-05
NIFTY,2026-08-18,25050.0,CE,54.25,69.0,45.75,55.6,55.6,5959,9724796448.25,94380,64545,2026-08-05
NIFTY,2026-08-18,24550.0,CE,223.6,292.25,210.95,243.1,243.1,12314,19843823993.5,152165,48295,2026-08-05
NIFTY,2026-08-18,23400.0,CE,0.0,0.0,0.0,986.8,1289.67,0,0.0,0,0,2026-08-05
NIFTY,2026-08-18,23350.0,CE,1331.45,1331.45,1222.1,1222.1,1337.32,8,12790371.75,260,-260,2026-08-05
NIFTY,2026-08-18,23050.0,CE,0.0,0.0,0.0,1255.65,1628.51,0,0.0,0,0,2026-08-05
NIFTY,2026-08-18,22300.0,CE,0.0,0.0,0.0,1912.95,2372.86,0,0.0,0,0,2026-08-05
NIFTY,2026-08-11,26700.0,CE,1.0,1.45,0.65,0.75,0.75,3089,5361123625.0,26130,16900,2026-08-05
NIFTY,2026-08-11,25850.0,CE,1.5,1.95,0.95,1.25,1.25,81455,136872119094.75,853385,564785,2026-08-05
NIFTY,2026-08-11,25100.0,CE,11.95,21.1,11.35,15.7,15.7,682742,1114597289110.5,6059625,1944605,2026-08-05
NIFTY,2026-08-11,24650.0,CE,111.5,164.0,91.25,120.05,120.05,2028090,3266897612784.0,4526210,2303925,2026-08-05
NIFTY,2026-08-11,24250.0,CE,392.1,468.9,335.8,390.65,390.65,11741,18802590940.25,186940,-12545,2026-08-05
NIFTY,2026-08-11,24100.0,CE,579.9,607.4,457.2,523.0,523.0,8225,13163544803.5,369915,-8905,2026-08-05
NIFTY,2027-06-29,27000.0,PE,0.0,0.0,0.0,6273.45,2029.39,0,0.0,0,0,2026-08-05
NIFTY,2027-06-29,18000.0,PE,0.0,0.0,0.0,220.0,10.38,0,0.0,230,0,2026-08-05
NIFTY,2027-03-30,18000.0,PE,0.0,0.0,0.0,37.3,3.6,0,0.0,65,0,2026-08-05
NIFTY,2026-12-29,22000.0,PE,79.0,82.4,73.8,76.95,76.95,5917,8490972672.0,1560540,-16965,2026-08-05
NIFTY,2026-12-29,19000.0,PE,32.45,32.5,29.0,30.8,30.8,1447,1789935719.0,589590,-27625,2026-08-05
NIFTY,2026-10-27,25950.0,PE,0.0,0.0,0.0,1842.3,1355.26,0,0.0,0,0,2026-08-05
NIFTY,2026-10-27,25350.0,PE,695.45,783.0,695.45,783.0,976.29,2,3391599.25,130,130,2026-08-05
NIFTY,2026-10-27,23500.0,PE,125.05,141.1,110.65,121.75,121.75,2609,4006063863.75,261365,60775,2026-08-05
NIFTY,2026-10-27,22300.0,PE,38.45,43.35,37.1,38.4,38.4,62,90031051.5,7280,2600,2026-08-05
NIFTY,2026-08-18,24900.0,CE,98.65,120.05,75.2,90.45,90.45,32144,52218033910.25,442325,172705,2026-08-05
NIFTY,2026-08-18,24000.0,CE,685.0,742.65,603.45,668.7,668.7,1100,1763682791.0,90870,1560,2026-08-05
NIFTY,2026-08-18,23900.0,CE,799.95,830.0,700.0,753.7,753.7,102,163501172.25,29185,455,2026-08-05
NIFTY,2026-08-18,23450.0,CE,0.0,0.0,0.0,951.0,1242.35,0,0.0,0,0,2026-08-05
NIFTY,2026-08-18,22850.0,CE,0.0,0.0,0.0,1421.6,1825.76,0,0.0,0,0,2026-08-05
NIFTY,2026-08-18,22350.0,CE,0.0,0.0,0.0,1866.6,2323.01,0,0.0,0,0,2026-08-05
NIFTY,2026-08-18,22250.0,CE,0.0,0.0,0.0,1959.6,2422.73,0,0.0,0,0,2026-08-05
NIFTY,2026-08-11,27100.0,CE,1.35,1.45,0.6,0.7,0.7,8341,14693060612.75,84695,75790,2026-08-05
NIFTY,2026-08-11,26750.0,CE,0.95,1.05,0.65,0.7,0.7,1820,3164619250.0,11180,10205,2026-08-05
NIFTY,2026-08-11,26550.0,CE,1.3,1.35,0.7,0.75,0.75,1521,2624952079.75,12025,11375,2026-08-05
NIFTY,2026-08-11,26300.0,CE,0.85,1.55,0.75,0.85,0.85,14702,25133967647.75,83070,49595,2026-08-05
NIFTY,2026-08-11,26900.0,PE,0.0,0.0,0.0,2367.3,2248.57,0,0.0,0,0,2026-08-05
NIFTY,2026-08-11,26750.0,PE,0.0,0.0,0.0,2224.45,2098.72,0,0.0,0,0,2026-08-05
NIFTY,2026-08-11,26200.0,PE,0.0,0.0,0.0,1662.0,1549.62,0,0.0,5200,0,2026-08-05
NIFTY,2026-08-11,24500.0,PE,88.95,153.0,57.0,93.5,93.5,3169812,5069795197860.25,5147220,1268800,2026-08-05
NIFTY,2026-08-11,23950.0,PE,12.0,20.5,7.1,8.8,8.8,366020,570095510650.25,988715,516295,2026-08-05
NIFTY,2026-08-11,23800.0,PE,10.1,11.8,4.45,5.45,5.45,549316,850047839689.75,3143270,120315,2026-08-05
NIFTY,2026-08-11,23500.0,PE,4.3,5.25,2.75,3.2,3.2,503851,769760849848.25,5710900,1261650,2026-08-05
NIFTY,2026-08-11,23200.0,PE,3.2,3.45,1.8,2.15,2.15,172477,260124548570.25,2447900,81445,2026-08-05
NIFTY,2026-08-11,23050.0,PE,2.8,3.2,1.65,1.9,1.9,22501,33715401534.75,120705,50570,2026-08-05
NIFTY,2026-08-11,22400.0,PE,1.55,2.4,1.15,1.3,1.3,26047,37926819381.75,373165,123045,2026-08-05
NIFTY,2026-08-18,24500.0,PE,131.8,196.4,102.55,142.9,142.9,52317,83817695273.0,765960,183430,2026-08-05
NIFTY,2026-08-18,25300.0,PE,644.8,733.2,644.8,693.0,693.0,7,11818108.25,195,130,2026-08-05
NIFTY,2026-08-18,26900.0,PE,0.0,0.0,0.0,2703.85,2218.14,0,0.0,0,0,2026-08-05
NIFTY,2026-08-18,27100.0,PE,0.0,0.0,0.0,2899.2,2417.28,0,0.0,0,0,2026-08-05
NIFTY,2026-08-25,21500.0,PE,3.5,6.0,3.5,4.25,4.25,6310,8820146344.75,880620,10140,2026-08-05
NIFTY,2026-08-25,21550.0,PE,6.25,6.25,4.55,4.55,4.55,82,114892362.0,8320,2795,2026-08-05
NIFTY,2026-08-25,22000.0,PE,6.25,6.45,5.05,5.25,5.25,7500,10727787310.5,1664715,11895,2026-08-05
NIFTY,2026-08-25,22450.0,PE,7.25,8.2,5.85,6.15,6.15,162,236472856.75,24375,-520,2026-08-05
NIFTY,2026-08-25,22750.0,PE,9.15,11.2,7.95,8.3,8.3,2144,3171787768.5,51610,12610,2026-08-05
NIFTY,2026-08-25,23100.0,PE,13.3,16.55,10.3,11.85,11.85,6209,9328339793.5,197405,-2535,2026-08-05
NIFTY,2026-08-25,23250.0,PE,15.05,20.4,13.5,14.5,14.5,2722,4116628399.0,48035,1235,2026-08-05
NIFTY,2026-08-25,23800.0,PE,39.0,58.45,32.2,40.85,40.85,24881,38558601870.75,1771380,99515,2026-08-05
NIFTY,2026-08-25,25700.0,PE,1053.75,1053.75,1053.0,1053.4,1053.4,2,3477938.75,28600,0,2026-08-05
NIFTY,2026-08-11,22200.0,PE,1.9,1.95,1.0,1.2,1.2,23049,33261641292.75,431795,220740,2026-08-05
NIFTY,2026-08-11,21900.0,PE,1.5,1.5,0.95,1.05,1.05,4848,6901494138.5,84305,8385,2026-08-05
NIFTY,2031-06-24,24000.0,CE,0.0,0.0,0.0,7181.9,7943.55,0,0.0,0,0,2026-08-05
NIFTY,2030-12-31,30000.0,CE,0.0,0.0,0.0,5227.2,4491.45,0,0.0,0,0,2026-08-05
NIFTY,2030-06-25,22500.0,CE,0.0,0.0,0.0,9012.4,7728.5,0,0.0,0,0,2026-08-05
NIFTY,2029-12-24,31500.0,CE,0.0,0.0,0.0,3429.3,2775.28,0,0.0,0,0,2026-08-05
NIFTY,2029-06-26,30000.0,CE,0.0,0.0,0.0,5268.4,2715.77,0,0.0,0,0,2026-08-05
NIFTY,2029-06-26,28500.0,CE,0.0,0.0,0.0,4213.3,3297.66,0,0.0,0,0,2026-08-05
NIFTY,2028-06-27,18000.0,CE,0.0,0.0,0.0,6809.35,8789.09,0,0.0,0,0,2026-08-05
NIFTY,2027-06-29,31500.0,CE,0.0,0.0,0.0,769.15,252.29,0,0.0,0,0,2026-08-05
NIFTY,2026-08-25,26400.0,PE,0.0,0.0,0.0,2287.2,1706.56,0,0.0,0,0,2026-08-05
NIFTY,2026-08-25,27100.0,PE,2350.0,2350.0,2350.0,2350.0,2388.64,1,1914250.0,65,65,2026-08-05
NIFTY,2026-09-01,23950.0,PE,0.0,0.0,0.0,369.6,155.76,0,0.0,0,0,2026-08-05
NIFTY,2026-09-01,24650.0,PE,360.45,360.45,235.0,281.85,281.85,101,163692714.25,2600,2600,2026-08-05
NIFTY,2026-09-01,24950.0,PE,0.0,0.0,0.0,902.35,564.32,0,0.0,0,0,2026-08-05
NIFTY,2026-09-01,25250.0,PE,0.0,0.0,0.0,1113.75,753.73,0,0.0,0,0,2026-08-05
NIFTY,2026-09-01,25400.0,PE,0.0,0.0,0.0,1227.3,859.05,0,0.0,0,0,2026-08-05
NIFTY,2026-09-01,26100.0,PE,0.0,0.0,0.0,1810.35,1426.29,0,0.0,0,0,2026-08-05
NIFTY,2026-09-01,26600.0,PE,0.0,0.0,0.0,2266.3,1883.81,0,0.0,0,0,2026-08-05
NIFTY,2026-09-08,23300.0,PE,0.0,0.0,0.0,74.5,68.5,0,0.0,0,0,2026-08-05
NIFTY,2026-09-08,24400.0,PE,0.0,0.0,0.0,348.1,333.59,0,0.0,0,0,2026-08-05
NIFTY,2026-09-08,24500.0,PE,220.6,289.7,198.15,221.0,221.0,39,62780139.5,1365,1365,2026-08-05
NIFTY,2026-09-08,25100.0,PE,0.0,0.0,0.0,701.05,682.5,0,0.0,0,0,2026-08-05
NIFTY,2026-09-08,25700.0,PE,0.0,0.0,0.0,1116.5,1096.53,0,0.0,0,0,2026-08-05
NIFTY,2026-09-08,26350.0,PE,0.0,0.0,0.0,1656.4,1636.46,0,0.0,0,0,2026-08-05
NIFTY,2026-09-29,21850.0,PE,0.0,0.0,0.0,24.2,13.11,0,0.0,1430,0,2026-08-05
NIFTY,2026-09-29,22150.0,PE,22.8,24.7,21.55,21.55,21.55,38,54767050.0,20670,585,2026-08-05
NIFTY,2026-09-29,22800.0,PE,35.05,43.75,33.2,37.45,37.45,812,1205378359.25,169975,-5395,2026-08-05
NIFTY,2026-09-29,22950.0,PE,42.95,50.0,41.1,42.35,42.35,36,53805930.75,23075,130,2026-08-05
NIFTY,2026-09-29,24700.0,PE,336.05,418.0,325.0,372.65,372.65,2173,3540960702.5,128115,7670,2026-08-05
NIFTY,2026-09-29,25800.0,PE,0.0,0.0,0.0,1130.0,1211.68,0,0.0,715,0,2026-08-05
NIFTY,2026-08-11,27050.0,PE,0.0,0.0,0.0,2511.4,2398.42,0,0.0,0,0,2026-08-05
NIFTY,2026-09-29,26650.0,PE,0.0,0.0,0.0,2517.6,1884.64,0,0.0,0,0,2026-08-05
NIFTY,2026-09-29,26800.0,PE,0.0,0.0,0.0,2648.0,2014.21,0,0.0,0,0,2026-08-05
NIFTY,2026-09-29,27100.0,PE,0.0,0.0,0.0,2914.15,2280.67,0,0.0,0,0,2026-08-05
NIFTY,2026-09-29,30000.0,PE,5126.0,5177.05,5040.0,5125.0,5079.93,39,89009917.75,145470,715,2026-08-05
NIFTY,2026-10-27,23200.0,PE,0.0,0.0,0.0,342.0,179.18,0,0.0,0,0,2026-08-05
NIFTY,2026-10-27,23700.0,PE,136.9,167.5,134.75,148.7,148.7,267,413924764.5,24245,6045,2026-08-05
NIFTY,2026-10-27,24450.0,PE,325.0,335.65,316.5,325.25,325.25,38,61198520.5,1625,1495,2026-08-05
NIFTY,2026-10-27,25800.0,PE,1076.45,1076.45,1016.35,1020.75,1020.75,9,15700685.0,390,65,2026-08-05
NIFTY,2026-10-27,26050.0,PE,0.0,0.0,0.0,1920.65,1424.5,0,0.0,0,0,2026-08-05
NIFTY,2026-12-29,25500.0,PE,795.9,869.15,775.8,811.55,811.55,1186,2028272701.0,325455,36400,2026-08-05
NIFTY,2026-08-18,23850.0,PE,18.9,37.0,17.7,23.1,23.1,2921,4533067324.5,45890,11765,2026-08-05
NIFTY,2026-08-18,23650.0,PE,12.0,23.5,12.0,13.35,13.35,3056,4700999621.5,65195,39260,2026-08-05
NIFTY,2026-08-18,23550.0,PE,10.8,17.9,9.65,11.05,11.05,2551,3907066689.5,27300,10465,2026-08-05
NIFTY,2026-08-18,23500.0,PE,14.55,16.4,9.05,10.0,10.0,24626,37634391827.5,539175,132275,2026-08-05
NIFTY,2026-08-18,22850.0,PE,5.1,5.65,3.6,4.7,4.7,624,926988162.75,5200,-390,2026-08-05
NIFTY,2026-08-18,22800.0,PE,6.0,6.0,3.75,4.45,4.45,4895,7255866390.5,125775,68120,2026-08-05
NIFTY,2027-06-29,19000.0,CE,0.0,0.0,0.0,7800.0,6745.08,0,0.0,75,0,2026-08-05
NIFTY,2026-12-29,23000.0,CE,2294.95,2327.05,2210.05,2255.65,2255.65,227,373047840.75,340875,780,2026-08-05
NIFTY,2026-10-27,26950.0,CE,0.0,0.0,0.0,115.95,190.07,0,0.0,0,0,2026-08-05
NIFTY,2026-10-27,26800.0,CE,0.0,0.0,0.0,132.4,215.46,0,0.0,0,0,2026-08-05
NIFTY,2026-10-27,26550.0,CE,0.0,0.0,0.0,164.25,263.89,0,0.0,0,0,2026-08-05
NIFTY,2026-10-27,26150.0,CE,0.0,0.0,0.0,228.35,358.96,0,0.0,0,0,2026-08-05
NIFTY,2026-10-27,24350.0,CE,0.0,0.0,0.0,801.0,1134.05,0,0.0,0,0,2026-08-05
NIFTY,2026-10-27,23300.0,CE,0.0,0.0,0.0,1407.3,1869.4,0,0.0,0,0,2026-08-05
NIFTY,2026-10-27,22900.0,CE,0.0,0.0,0.0,1691.95,2195.64,0,0.0,0,0,2026-08-05
NIFTY,2026-09-29,26900.0,CE,0.0,0.0,0.0,114.3,92.45,0,0.0,0,0,2026-08-05
NIFTY,2026-09-29,26700.0,CE,0.0,0.0,0.0,136.15,116.0,0,0.0,0,0,2026-08-05
NIFTY,2026-09-29,25650.0,CE,0.0,0.0,0.0,317.2,334.4,0,0.0,0,0,2026-08-05
NIFTY,2026-09-29,24850.0,CE,394.85,420.95,353.95,374.25,374.25,134,219780912.0,15535,-65,2026-08-05
NIFTY,2026-09-29,24100.0,CE,886.2,921.5,825.0,825.0,1082.41,44,71399685.5,30420,-650,2026-08-05
NIFTY,2026-09-29,24000.0,CE,953.1,1002.9,888.5,926.8,926.8,2576,4176052387.0,1387490,-9815,2026-08-05
NIFTY,2026-09-29,23900.0,CE,1012.95,1083.75,975.25,1005.95,1005.95,34,55085186.0,23465,-910,2026-08-05
NIFTY,2026-09-08,24350.0,CE,0.0,0.0,0.0,735.05,738.15,0,0.0,0,0,2026-08-05
NIFTY,2026-09-08,24250.0,CE,0.0,0.0,0.0,797.75,801.59,0,0.0,0,0,2026-08-05
NIFTY,2026-08-18,22750.0,PE,4.55,5.1,3.95,4.4,4.4,336,496959775.0,10725,780,2026-08-05
NIFTY,2026-08-18,22100.0,PE,3.0,3.5,2.95,3.3,3.3,597,857718962.75,43420,33800,2026-08-05
NIFTY,2026-08-18,22050.0,PE,2.75,3.4,2.55,3.15,3.15,50,71672497.0,5720,585,2026-08-05
NIFTY,2027-03-30,21000.0,PE,84.05,94.0,83.6,85.25,85.25,810,1110312986.25,351000,7020,2026-08-05
NIFTY,2027-03-30,28500.0,PE,0.0,0.0,0.0,4504.7,3128.3,0,0.0,0,0,2026-08-05
NIFTY,2027-06-29,16500.0,PE,41.0,41.0,41.0,41.0,1.72,1,1075165.0,780,0,2026-08-05
NIFTY,2027-12-28,25500.0,PE,0.0,0.0,0.0,676.05,1281.92,0,0.0,0,0,2026-08-05
NIFTY,2028-06-27,22500.0,PE,0.0,0.0,0.0,206.95,481.12,0,0.0,0,0,2026-08-05
NIFTY,2028-06-27,31500.0,PE,0.0,0.0,0.0,2935.6,4317.72,0,0.0,0,0,2026-08-05
NIFTY,2028-12-26,19500.0,PE,0.0,0.0,0.0,49.0,150.43,0,0.0,0,0,2026-08-05
NIFTY,2030-12-31,22500.0,PE,0.0,0.0,0.0,219.35,504.7,0,0.0,0,0,2026-08-05
NIFTY,2030-12-31,28500.0,PE,0.0,0.0,0.0,1083.1,1814.24,0,0.0,0,0,2026-08-05
NIFTY,2030-12-31,31500.0,PE,0.0,0.0,0.0,1885.5,2855.85,0,0.0,0,0,2026-08-05
NIFTY,2031-06-24,22500.0,PE,0.0,0.0,0.0,663.6,491.68,0,0.0,0,0,2026-08-05
NIFTY,2031-06-24,33000.0,PE,0.0,0.0,0.0,3810.15,3219.97,0,0.0,0,0,2026-08-05
NIFTY,2026-08-11,21800.0,CE,0.0,0.0,0.0,2729.8,2846.36,0,0.0,0,0,2026-08-05
NIFTY,2026-08-11,21850.0,CE,0.0,0.0,0.0,2680.75,2796.41,0,0.0,0,0,2026-08-05
NIFTY,2026-08-11,23450.0,CE,1116.95,1116.95,1104.55,1104.55,1199.78,2,3192897.5,390,0,2026-08-05
NIFTY,2026-08-11,23800.0,CE,750.05,899.5,738.4,810.4,810.4,1044,1670783195.25,103025,-12545,2026-08-05
NIFTY,2026-08-11,26050.0,CE,1.1,1.5,0.75,0.95,0.95,43850,74252032383.75,563225,527345,2026-08-05
NIFTY,2026-08-11,26100.0,CE,1.05,1.55,0.75,0.95,0.95,136426,231455468760.75,1831375,1628900,2026-08-05
NIFTY,2026-09-08,23500.0,CE,0.0,0.0,0.0,1354.8,1364.36,0,0.0,0,0,2026-08-05
NIFTY,2026-09-08,23350.0,CE,0.0,0.0,0.0,1481.65,1492.22,0,0.0,0,0,2026-08-05
NIFTY,2026-09-08,23000.0,CE,0.0,0.0,0.0,1792.25,1804.93,0,0.0,0,0,2026-08-05
NIFTY,2026-09-01,27050.0,CE,2.45,2.7,2.45,2.7,11.02,4,7033669.5,325,0,2026-08-05
NIFTY,2026-09-01,26900.0,CE,3.6,3.6,3.35,3.35,15.09,4,6994903.5,520,-260,2026-08-05
NIFTY,2026-09-01,26350.0,CE,0.0,0.0,0.0,56.35,43.72,0,0.0,0,0,2026-08-05
NIFTY,2026-09-01,25700.0,CE,24.95,29.95,23.65,25.3,25.3,222,371250005.75,4810,1950,2026-08-05
NIFTY,2026-09-01,25450.0,CE,0.0,0.0,0.0,180.95,184.09,0,0.0,0,0,2026-08-05
NIFTY,2026-09-01,25350.0,CE,0.0,0.0,0.0,203.15,211.24,0,0.0,0,0,2026-08-05
NIFTY,2026-09-01,24150.0,CE,0.0,0.0,0.0,637.0,793.28,0,0.0,130,0,2026-08-05
NIFTY,2026-09-01,23450.0,CE,0.0,0.0,0.0,1108.95,1344.73,0,0.0,0,0,2026-08-05
NIFTY,2026-08-25,26800.0,CE,1.6,3.7,1.6,1.95,1.95,124,216027659.25,2145,260,2026-08-05
NIFTY,2026-08-25,26200.0,CE,4.3,6.3,3.8,4.7,4.7,4268,7269776319.0,102765,27755,2026-08-05
NIFTY,2026-08-25,25450.0,CE,27.0,33.5,24.7,27.65,27.65,2366,3918344306.5,66300,-19760,2026-08-05
NIFTY,2026-08-25,22950.0,CE,0.0,0.0,0.0,1400.0,1761.59,0,0.0,1300,0,2026-08-05
NIFTY,2026-08-25,21900.0,CE,0.0,0.0,0.0,2725.0,2797.52,0,0.0,455,0,2026-08-05
NIFTY,2026-08-18,25950.0,CE,2.95,3.85,2.75,3.4,3.4,731,1233166870.0,18460,14365,2026-08-05
NIFTY,2026-08-18,25750.0,CE,4.65,6.0,3.65,5.1,5.1,2666,4463087505.5,65325,54470,2026-08-05
NIFTY,2026-08-18,25550.0,CE,8.6,10.75,7.75,9.15,9.15,12007,19947737091.75,312585,274820,2026-08-05
NIFTY,2026-08-18,25100.0,CE,51.05,58.25,38.0,46.55,46.55,26007,42510705172.0,447915,185575,2026-08-05
NIFTY,2026-08-18,25000.0,CE,65.0,82.5,54.6,65.75,65.75,62336,101570727420.5,1930045,581750,2026-08-05
NIFTY,2026-08-18,22600.0,CE,0.0,0.0,0.0,1639.4,2073.98,0,0.0,0,0,2026-08-05
NIFTY,2026-08-18,22900.0,CE,0.0,0.0,0.0,1379.35,1776.3,0,0.0,0,0,2026-08-05
NIFTY,2026-08-18,23150.0,CE,1432.75,1432.75,1432.75,1432.75,1530.64,3,4793636.25,390,0,2026-08-05
NIFTY,2026-08-18,24200.0,CE,518.6,561.0,443.05,488.3,488.3,1492,2395341451.75,74880,-1235,2026-08-05
NIFTY,2026-08-18,24250.0,CE,470.75,516.45,404.2,445.3,445.3,450,722509141.25,45825,-2080,2026-08-05
NIFTY,2026-08-18,24700.0,CE,186.2,202.1,140.0,162.4,162.4,35912,58052473683.75,786955,244790,2026-08-05
NIFTY,2026-08-18,25450.0,CE,11.85,15.5,11.25,13.25,13.25,5124,8480668816.75,73710,28340,2026-08-05
NIFTY,2026-08-18,26000.0,CE,2.7,3.55,2.55,3.15,3.15,9063,15318242358.25,263185,79430,2026-08-05
NIFTY,2031-06-24,31500.0,PE,0.0,0.0,0.0,3185.85,2657.7,0,0.0,0,0,2026-08-05
NIFTY,2030-12-31,25500.0,PE,0.0,0.0,0.0,538.25,1033.25,0,0.0,0,0,2026-08-05
NIFTY,2030-06-25,24000.0,PE,0.0,0.0,0.0,698.15,766.86,0,0.0,0,0,2026-08-05
NIFTY,2029-12-24,26000.0,PE,0.0,0.0,0.0,2150.0,1272.86,0,0.0,3665,0,2026-08-05
NIFTY,2029-12-24,23000.0,PE,725.0,725.0,725.0,725.0,602.73,1,1542125.0,1560,0,2026-08-05
NIFTY,2029-12-24,18000.0,PE,0.0,0.0,0.0,96.5,95.72,0,0.0,0,0,2026-08-05
NIFTY,2028-12-26,16500.0,PE,0.0,0.0,0.0,5.9,26.85,0,0.0,0,0,2026-08-05
NIFTY,2028-06-27,30000.0,PE,0.0,0.0,0.0,3779.25,3386.01,0,0.0,0,0,2026-08-05
NIFTY,2028-06-27,19500.0,PE,0.0,0.0,0.0,40.05,123.01,0,0.0,0,0,2026-08-05
NIFTY,2027-12-28,33000.0,PE,0.0,0.0,0.0,4155.55,5909.77,0,0.0,0,0,2026-08-05
NIFTY,2027-12-28,31500.0,PE,0.0,0.0,0.0,3240.0,4760.77,0,0.0,0,0,2026-08-05
NIFTY,2027-12-28,28500.0,PE,0.0,0.0,0.0,2979.7,2753.65,0,0.0,260,0,2026-08-05
NIFTY,2026-12-29,33000.0,PE,0.0,0.0,0.0,5263.45,7522.55,0,0.0,0,0,2026-08-05
NIFTY,2026-12-29,24000.0,PE,292.7,320.1,276.0,293.75,293.75,6707,10592142411.5,2200375,26935,2026-08-05
NIFTY,2026-12-29,16000.0,PE,15.3,17.0,15.3,15.7,0.0,54,56217170.75,123430,-1300,2026-08-05
NIFTY,2026-12-29,15000.0,PE,14.0,14.5,13.55,14.05,14.05,183,178591604.75,115295,-520,2026-08-05
NIFTY,2026-10-27,26950.0,PE,0.0,0.0,0.0,2675.85,2114.57,0,0.0,0,0,2026-08-05
NIFTY,2026-10-27,25500.0,PE,783.0,878.9,754.7,813.05,813.05,801,1368883321.0,110500,33995,2026-08-05
NIFTY,2026-10-27,25400.0,PE,802.0,802.0,751.4,752.1,752.1,5,8502676.0,325,65,2026-08-05
NIFTY,2026-10-27,25150.0,PE,0.0,0.0,0.0,639.15,864.78,0,0.0,325,0,2026-08-05
NIFTY,2026-10-27,25100.0,PE,555.0,581.0,555.0,581.0,838.11,5,8341970.0,910,65,2026-08-05
NIFTY,2026-10-27,24900.0,PE,452.95,542.4,451.0,493.3,493.3,296,488395810.5,18005,12285,2026-08-05
NIFTY,2026-10-27,24600.0,PE,370.0,419.0,340.85,377.1,377.1,551,894182695.25,31915,16380,2026-08-05
NIFTY,2026-10-27,23000.0,PE,71.2,83.65,64.7,72.45,72.45,2430,3644475256.5,211380,41015,2026-08-05
NIFTY,2026-10-27,22750.0,PE,0.0,0.0,0.0,228.35,110.22,0,0.0,0,0,2026-08-05
NIFTY,2026-10-27,22600.0,PE,48.4,55.75,48.4,50.6,50.6,96,141348054.25,585,130,2026-08-05
NIFTY,2026-09-29,26450.0,PE,0.0,0.0,0.0,2346.8,1716.3,0,0.0,0,0,2026-08-05
NIFTY,2026-09-29,25900.0,PE,1061.0,1210.0,1061.0,1210.0,1284.41,4,7033276.25,260,130,2026-08-05
NIFTY,2026-09-29,25250.0,PE,0.0,0.0,0.0,650.0,848.81,0,0.0,325,0,2026-08-05
NIFTY,2026-09-29,24900.0,PE,443.05,515.0,411.75,460.65,460.65,491,809022295.25,27560,13715,2026-08-05
NIFTY,2026-09-29,24150.0,PE,167.75,210.0,164.4,190.6,190.6,111,175586505.25,14300,520,2026-08-05
NIFTY,2026-09-29,24050.0,PE,146.6,192.8,142.1,164.55,164.55,918,1444910090.0,32630,-28730,2026-08-05
NIFTY,2026-09-29,23450.0,PE,69.5,90.75,67.75,76.2,76.2,218,333372825.5,36985,3640,2026-08-05
NIFTY,2026-09-29,23200.0,PE,70.6,70.6,50.1,55.7,55.7,2747,4152566622.75,179725,-26065,2026-08-05
NIFTY,2026-09-29,22750.0,PE,34.3,39.65,33.95,34.3,34.3,42,62207457.0,11895,1300,2026-08-05
NIFTY,2026-09-29,22350.0,PE,25.65,28.8,24.95,25.05,25.05,32,46543146.0,7020,65,2026-08-05
NIFTY,2026-09-29,22050.0,PE,22.5,22.5,20.5,20.5,20.5,5,7173292.75,2210,130,2026-08-05
NIFTY,2026-09-29,21650.0,PE,20.1,20.1,16.55,16.55,8.87,2,2816882.25,2925,65,2026-08-05
NIFTY,2026-09-29,16500.0,PE,3.4,3.45,2.6,2.65,2.65,47,50416710.5,137215,-650,2026-08-05
NIFTY,2026-09-08,25400.0,PE,0.0,0.0,0.0,896.85,877.37,0,0.0,0,0,2026-08-05
NIFTY,2026-09-08,24900.0,PE,0.0,0.0,0.0,584.9,567.26,0,0.0,0,0,2026-08-05
NIFTY,2026-09-08,24750.0,PE,0.0,0.0,0.0,505.75,488.92,0,0.0,0,0,2026-08-05
NIFTY,2026-09-08,24550.0,PE,0.0,0.0,0.0,411.1,395.52,0,0.0,0,0,2026-08-05
NIFTY,2026-09-08,23800.0,PE,0.0,0.0,0.0,161.95,152.19,0,0.0,0,0,2026-08-05
NIFTY,2026-08-18,22650.0,CE,0.0,0.0,0.0,1595.05,2024.25,0,0.0,0,0,2026-08-05
NIFTY,2026-09-08,23400.0,PE,0.0,0.0,0.0,87.95,81.29,0,0.0,0,0,2026-08-05
NIFTY,2026-09-08,23350.0,PE,0.0,0.0,0.0,81.0,74.68,0,0.0,0,0,2026-08-05
NIFTY,2026-09-08,22850.0,PE,0.0,0.0,0.0,32.75,29.38,0,0.0,0,0,2026-08-05
NIFTY,2026-09-01,27050.0,PE,0.0,0.0,0.0,2693.45,2315.38,0,0.0,0,0,2026-08-05
NIFTY,2026-09-01,26750.0,PE,0.0,0.0,0.0,2407.3,2026.16,0,0.0,0,0,2026-08-05
NIFTY,2026-09-01,26350.0,PE,0.0,0.0,0.0,2035.25,1651.22,0,0.0,0,0,2026-08-05
NIFTY,2026-09-01,25450.0,PE,0.0,0.0,0.0,1266.1,895.61,0,0.0,0,0,2026-08-05
NIFTY,2026-09-01,24550.0,PE,213.95,275.0,197.0,233.45,233.45,149,240013471.75,3185,2015,2026-08-05
NIFTY,2026-09-01,23850.0,PE,0.0,0.0,0.0,82.75,132.64,0,0.0,1105,0,2026-08-05
NIFTY,2026-09-01,22650.0,PE,12.45,12.45,12.45,12.45,10.94,2,2946118.5,195,130,2026-08-05
NIFTY,2026-09-01,22200.0,PE,9.5,9.5,8.6,8.6,3.14,2,2887176.5,1820,0,2026-08-05
NIFTY,2026-08-25,27050.0,PE,0.0,0.0,0.0,2847.45,2339.27,0,0.0,0,0,2026-08-05
NIFTY,2026-08-25,26950.0,PE,0.0,0.0,0.0,2758.95,2240.72,0,0.0,0,0,2026-08-05
NIFTY,2026-08-25,26700.0,PE,0.0,0.0,0.0,2541.2,1995.88,0,0.0,0,0,2026-08-05
NIFTY,2026-08-25,26450.0,PE,0.0,0.0,0.0,2328.9,1754.32,0,0.0,0,0,2026-08-05
NIFTY,2026-08-25,26150.0,PE,0.0,0.0,0.0,2082.5,1471.49,0,0.0,0,0,2026-08-05
NIFTY,2026-08-25,25850.0,PE,1150.0,1150.0,1150.0,1150.0,1200.65,1,1755000.0,585,-65,2026-08-05
NIFTY,2026-08-25,25750.0,PE,0.0,0.0,0.0,1105.0,1114.01,0,0.0,195,0,2026-08-05
NIFTY,2026-08-25,25450.0,PE,0.0,0.0,0.0,948.0,868.27,0,0.0,585,0,2026-08-05
NIFTY,2026-08-25,24850.0,PE,316.85,420.0,287.0,348.95,348.95,1312,2150006774.5,26910,14105,2026-08-05
NIFTY,2026-08-25,24800.0,PE,349.6,388.5,261.55,322.0,322.0,14353,23424730095.0,434330,78975,2026-08-05
NIFTY,2026-08-25,24700.0,PE,251.0,331.55,212.0,269.05,269.05,51415,83411741205.0,928135,322855,2026-08-05
NIFTY,2026-08-25,24250.0,PE,113.2,145.55,79.85,109.15,109.15,4379,6932693069.25,167700,-585,2026-08-05
NIFTY,2026-08-25,23850.0,PE,55.0,64.95,34.05,45.1,45.1,1566,2432286431.25,103675,-4160,2026-08-05
NIFTY,2026-08-25,23700.0,PE,33.95,48.0,27.15,33.15,33.15,16668,25714930120.75,916890,47710,2026-08-05
NIFTY,2026-08-25,22900.0,PE,10.25,13.0,8.95,9.4,9.4,6944,10340985174.0,263380,21320,2026-08-05
NIFTY,2026-08-25,21900.0,PE,5.95,7.2,4.55,4.85,4.85,309,439972370.5,30160,-1885,2026-08-05
NIFTY,2026-08-25,21750.0,PE,6.1,6.1,5.2,5.2,0.14,14,19797657.75,3705,-325,2026-08-05
NIFTY,2026-08-25,21700.0,PE,5.85,6.0,4.25,4.6,4.6,459,647578259.25,34775,-5785,2026-08-05
NIFTY,2026-08-25,21600.0,PE,5.45,5.65,4.2,4.45,4.45,392,550493817.25,31590,-2080,2026-08-05
NIFTY,2026-08-18,27200.0,PE,0.0,0.0,0.0,2997.3,2516.94,0,0.0,0,0,2026-08-05
NIFTY,2026-08-18,26200.0,PE,0.0,0.0,0.0,2034.55,1527.92,0,0.0,0,0,2026-08-05
NIFTY,2026-08-18,24900.0,PE,350.0,430.0,293.4,359.75,359.75,2041,3349433356.75,35425,15990,2026-08-05
NIFTY,2026-08-18,24650.0,PE,192.35,269.1,156.85,208.45,208.45,12356,19956396271.5,151190,131300,2026-08-05
NIFTY,2026-08-18,23750.0,PE,15.4,29.55,14.95,18.4,18.4,2927,4522287113.5,70070,37700,2026-08-05
NIFTY,2026-08-11,25400.0,PE,709.75,868.45,709.75,800.9,800.9,316,537881626.75,8905,5525,2026-08-05
NIFTY,2026-08-11,24250.0,PE,56.95,64.9,18.6,30.7,30.7,707492,1116967900392.5,2201030,1272375,2026-08-05
NIFTY,2026-08-11,24200.0,PE,21.6,53.7,15.3,24.6,24.6,1156619,1821733413409.0,5317975,2213965,2026-08-05
NIFTY,2026-08-11,24050.0,PE,13.25,31.45,9.25,13.0,13.0,461827,722484418678.75,817635,330460,2026-08-05
NIFTY,2026-08-11,23750.0,PE,8.65,9.95,3.95,4.85,4.85,226625,349944001943.25,929500,245830,2026-08-05
NIFTY,2026-08-11,23400.0,PE,3.9,4.2,2.35,2.8,2.8,149598,227571348069.0,1766505,9165,2026-08-05
NIFTY,2031-06-24,16500.0,CE,0.0,0.0,0.0,11849.25,12729.24,0,0.0,0,0,2026-08-05
NIFTY,2030-12-31,24000.0,CE,0.0,0.0,0.0,8563.3,7413.63,0,0.0,0,0,2026-08-05
NIFTY,2030-06-25,25500.0,CE,0.0,0.0,0.0,7070.45,5978.82,0,0.0,0,0,2026-08-05
NIFTY,2029-12-24,19500.0,CE,0.0,0.0,0.0,10678.8,9211.81,0,0.0,0,0,2026-08-05
NIFTY,2029-06-26,19500.0,CE,0.0,0.0,0.0,10206.95,8679.91,0,0.0,0,0,2026-08-05
NIFTY,2028-06-27,16500.0,CE,0.0,0.0,0.0,11752.8,10079.62,0,0.0,0,0,2026-08-05
NIFTY,2027-12-28,31500.0,CE,0.0,0.0,0.0,195.0,656.39,0,0.0,2145,0,2026-08-05
NIFTY,2027-12-28,30000.0,CE,385.0,400.0,370.0,395.0,963.94,26,51345557.25,116285,-130,2026-08-05
NIFTY,2027-12-28,26000.0,CE,1900.25,1914.0,1848.55,1886.45,1886.45,15,27187231.5,70175,-260,2026-08-05
NIFTY,2027-12-28,25000.0,CE,2490.5,2510.0,2450.0,2470.0,2470.0,21,37526742.5,33290,0,2026-08-05
NIFTY,2027-06-29,28500.0,CE,0.0,0.0,0.0,1711.9,748.22,0,0.0,0,0,2026-08-05
NIFTY,2026-12-29,28000.0,CE,46.6,49.75,45.25,48.8,48.8,2350,4284320511.25,1537685,7295,2026-08-05
NIFTY,2026-10-27,27100.0,CE,0.0,0.0,0.0,101.3,167.22,0,0.0,0,0,2026-08-05
NIFTY,2026-10-27,27000.0,CE,104.9,104.9,26.75,31.65,31.65,122,214360367.0,5655,5655,2026-08-05
NIFTY,2026-10-27,26850.0,CE,0.0,0.0,0.0,126.7,206.7,0,0.0,0,0,2026-08-05
NIFTY,2026-10-27,26050.0,CE,0.0,0.0,0.0,247.25,386.61,0,0.0,0,0,2026-08-05
NIFTY,2026-10-27,25400.0,CE,0.0,0.0,0.0,402.8,607.81,0,0.0,0,0,2026-08-05
NIFTY,2026-10-27,25000.0,CE,445.0,504.0,442.8,466.3,466.3,2702,4473319353.75,159120,33410,2026-08-05
NIFTY,2026-10-27,24950.0,CE,500.0,503.4,468.3,490.2,490.2,27,44646634.5,2080,1430,2026-08-05
NIFTY,2026-10-27,24800.0,CE,595.0,614.0,547.2,563.1,563.1,87,143454870.0,6565,1105,2026-08-05
NIFTY,2026-10-27,23700.0,CE,0.0,0.0,0.0,1151.6,1567.62,0,0.0,0,0,2026-08-05
NIFTY,2026-10-27,23400.0,CE,0.0,0.0,0.0,1340.6,1791.38,0,0.0,0,0,2026-08-05
NIFTY,2026-10-27,23350.0,CE,0.0,0.0,0.0,1373.7,1830.2,0,0.0,0,0,2026-08-05
NIFTY,2026-10-27,23100.0,CE,0.0,0.0,0.0,1547.05,2029.81,0,0.0,0,0,2026-08-05
NIFTY,2026-09-29,25800.0,CE,79.0,93.4,73.4,80.15,80.15,2845,4786105723.75,255060,32305,2026-08-05
NIFTY,2026-09-29,24500.0,CE,570.0,634.8,544.95,577.85,577.85,9070,14790223275.75,1413815,13585,2026-08-05
NIFTY,2026-09-29,24150.0,CE,863.75,865.25,793.95,807.55,807.55,32,51955351.5,4290,390,2026-08-05
NIFTY,2026-09-29,23750.0,CE,0.0,0.0,0.0,920.9,1329.81,0,0.0,1170,0,2026-08-05
NIFTY,2026-09-29,22750.0,CE,0.0,0.0,0.0,1386.55,2159.59,0,0.0,260,0,2026-08-05
NIFTY,2026-09-29,21700.0,CE,0.0,0.0,0.0,2586.45,3148.87,0,0.0,0,0,2026-08-05
NIFTY,2026-09-08,25700.0,CE,0.0,0.0,0.0,180.8,178.46,0,0.0,0,0,2026-08-05
NIFTY,2026-09-08,24650.0,CE,0.0,0.0,0.0,565.1,566.21,0,0.0,0,0,2026-08-05
NIFTY,2026-09-08,24400.0,CE,0.0,0.0,0.0,704.85,707.56,0,0.0,0,0,2026-08-05
NIFTY,2026-09-08,23700.0,CE,0.0,0.0,0.0,1192.8,1200.88,0,0.0,0,0,2026-08-05
NIFTY,2026-09-01,26550.0,CE,0.0,0.0,0.0,42.15,30.18,0,0.0,0,0,2026-08-05
NIFTY,2026-09-01,25650.0,CE,82.05,82.05,82.05,82.05,138.19,6,10035499.5,390,390,2026-08-05
NIFTY,2026-09-01,24950.0,CE,177.0,177.0,158.0,174.85,350.56,7,11431410.25,325,195,2026-08-05
NIFTY,2026-09-01,24900.0,CE,194.0,219.65,169.75,177.35,177.35,387,631184313.5,10270,6890,2026-08-05
NIFTY,2026-09-01,23950.0,CE,0.0,0.0,0.0,542.4,937.53,0,0.0,390,0,2026-08-05
NIFTY,2026-09-01,23400.0,CE,0.0,0.0,0.0,1145.0,1388.49,0,0.0,0,0,2026-08-05
NIFTY,2026-09-01,23300.0,CE,0.0,0.0,0.0,1220.55,1477.35,0,0.0,0,0,2026-08-05
NIFTY,2026-09-01,23100.0,CE,0.0,0.0,0.0,1378.25,1659.78,0,0.0,0,0,2026-08-05
NIFTY,2026-09-01,22900.0,CE,0.0,0.0,0.0,1543.9,1847.29,0,0.0,0,0,2026-08-05
NIFTY,2026-09-01,22650.0,CE,0.0,0.0,0.0,1760.65,2086.89,0,0.0,0,0,2026-08-05
NIFTY,2026-09-01,22450.0,CE,0.0,0.0,0.0,1940.55,2281.49,0,0.0,0,0,2026-08-05
NIFTY,2026-09-01,22250.0,CE,0.0,0.0,0.0,2125.05,2477.81,0,0.0,0,0,2026-08-05
NIFTY,2026-08-25,27100.0,CE,1.8,2.85,1.45,1.65,1.65,230,405173704.0,8450,2860,2026-08-05
NIFTY,2026-08-25,26600.0,CE,2.75,4.55,1.6,2.8,2.8,504,871521560.0,2015,-1170,2026-08-05
NIFTY,2026-08-25,26150.0,CE,5.0,6.85,4.25,5.25,5.25,2720,4624292383.75,15015,-3120,2026-08-05
NIFTY,2026-08-25,22350.0,CE,0.0,0.0,0.0,1794.9,2350.29,0,0.0,130,0,2026-08-05
NIFTY,2026-08-25,21600.0,CE,0.0,0.0,0.0,2713.65,3096.33,0,0.0,0,0,2026-08-05
NIFTY,2026-08-18,27200.0,CE,1.95,2.0,0.9,1.05,1.05,98,173271952.75,4225,3705,2026-08-05
NIFTY,2026-08-18,26900.0,CE,1.2,1.2,1.2,1.2,1.2,6,10491468.0,325,195,2026-08-05
NIFTY,2026-08-11,21600.0,CE,2969.75,2969.75,2926.6,2926.6,3046.16,7,11162407.75,455,390,2026-08-05
NIFTY,2026-08-11,21950.0,CE,0.0,0.0,0.0,2582.9,2696.5,0,0.0,0,0,2026-08-05
NIFTY,2026-08-11,22200.0,CE,0.0,0.0,0.0,2340.15,2446.75,0,0.0,0,0,2026-08-05
NIFTY,2026-08-11,22250.0,CE,0.0,0.0,0.0,2292.0,2396.8,0,0.0,0,0,2026-08-05
NIFTY,2026-08-11,22850.0,CE,0.0,0.0,0.0,1730.1,1797.43,0,0.0,0,0,2026-08-05
NIFTY,2026-08-11,23050.0,CE,0.0,0.0,0.0,1552.25,1597.73,0,0.0,0,0,2026-08-05
NIFTY,2026-08-11,23550.0,CE,1172.0,1172.0,989.75,1017.5,1101.24,27,43191235.75,2275,-65,2026-08-05
NIFTY,2026-08-11,23650.0,CE,872.95,1020.95,868.6,909.75,909.75,70,111850505.0,5785,390,2026-08-05
NIFTY,2026-08-11,24300.0,CE,340.0,424.7,298.5,345.2,345.2,88035,141047772238.75,1026610,-26000,2026-08-05
NIFTY,2026-08-11,24450.0,CE,221.15,299.55,193.05,232.9,232.9,212022,340196583831.0,598650,-370435,2026-08-05
NIFTY,2026-08-11,24500.0,CE,199.0,261.7,162.6,200.4,200.4,1404486,2255020259586.25,4200170,-522210,2026-08-05
NIFTY,2026-08-11,24550.0,CE,185.0,227.0,136.0,171.5,171.5,1288758,2071060880385.25,2572180,957190,2026-08-05
NIFTY,2026-08-11,25200.0,CE,7.95,12.7,7.95,10.3,10.3,561401,919936978285.0,4941495,1712620,2026-08-05
NIFTY,2026-08-11,25400.0,CE,5.35,5.8,3.35,4.65,4.65,459722,759134246464.75,3719365,2114320,2026-08-05
NIFTY,2026-08-11,25950.0,CE,1.25,1.7,0.85,1.05,1.05,46965,79221792923.0,704535,541385,2026-08-05
NIFTY,2026-08-11,26250.0,CE,1.1,1.35,0.75,0.85,0.85,9735,16610926419.75,111865,76115,2026-08-05
NIFTY,2026-08-11,26650.0,CE,1.15,1.35,0.65,0.75,0.75,2179,3774697007.25,17030,16315,2026-08-05
NIFTY,2026-08-11,26800.0,CE,0.8,1.05,0.6,0.7,0.7,7597,13234332627.75,122135,68835,2026-08-05
NIFTY,2026-08-11,27050.0,CE,1.35,1.45,0.6,0.65,0.65,3091,5434906181.25,35685,35035,2026-08-05
NIFTY,2026-09-29,22450.0,PE,26.9,31.15,25.2,26.55,26.55,64,93510225.25,5200,-325,2026-08-05
NIFTY,2026-08-18,22000.0,CE,0.0,0.0,0.0,2196.2,2672.11,0,0.0,0,0,2026-08-05
NIFTY,2026-08-18,23000.0,CE,0.0,0.0,0.0,1332.25,1677.66,0,0.0,0,0,2026-08-05
NIFTY,2026-08-18,23250.0,CE,0.0,0.0,0.0,1037.55,1433.51,0,0.0,325,0,2026-08-05
NIFTY,2026-08-18,23850.0,CE,760.0,762.0,744.0,744.0,880.95,4,6397755.0,975,260,2026-08-05
NIFTY,2026-08-25,23000.0,CE,1641.45,1745.0,1575.65,1653.1,1653.1,612,980696037.75,566280,-5590,2026-08-05
NIFTY,2026-09-01,22550.0,CE,0.0,0.0,0.0,1849.95,2183.93,0,0.0,0,0,2026-08-05
NIFTY,2026-09-01,23500.0,CE,0.0,0.0,0.0,1140.8,1301.44,0,0.0,325,0,2026-08-05
NIFTY,2026-09-01,25400.0,CE,0.0,0.0,0.0,86.45,197.31,0,0.0,65,0,2026-08-05
NIFTY,2026-09-01,27150.0,CE,2.4,2.85,2.4,2.85,8.88,4,7059682.5,260,0,2026-08-05
NIFTY,2026-09-08,25050.0,CE,0.0,0.0,0.0,381.4,380.5,0,0.0,0,0,2026-08-05
NIFTY,2026-09-08,25850.0,CE,0.0,0.0,0.0,149.2,146.82,0,0.0,0,0,2026-08-05
NIFTY,2026-09-29,22900.0,CE,0.0,0.0,0.0,1405.0,2025.82,0,0.0,1040,0,2026-08-05
NIFTY,2026-09-29,26100.0,CE,0.0,0.0,0.0,223.8,218.31,0,0.0,0,0,2026-08-05
NIFTY,2026-09-29,27000.0,CE,9.0,10.5,8.7,9.45,9.45,5641,9903478702.0,1633580,8775,2026-08-05
NIFTY,2026-12-29,31500.0,CE,11.15,13.3,10.05,12.85,12.85,49,100362694.25,26910,390,2026-08-05
NIFTY,2027-03-30,24000.0,CE,1900.0,1959.4,1857.0,1900.8,1900.8,131,220598140.75,58630,1365,2026-08-05
NIFTY,2026-08-11,25200.0,PE,549.0,688.0,514.4,600.2,600.2,3447,5777179505.5,59865,20735,2026-08-05
NIFTY,2026-08-18,22350.0,PE,3.3,4.1,2.7,3.6,3.6,97,140938833.75,3900,585,2026-08-05
NIFTY,2026-08-25,25050.0,PE,424.95,550.0,417.75,477.1,477.1,40,66314777.75,2860,1690,2026-08-05
NIFTY,2026-09-01,25200.0,PE,0.0,0.0,0.0,1077.05,720.14,0,0.0,0,0,2026-08-05
NIFTY,2026-09-01,26900.0,PE,0.0,0.0,0.0,2549.75,2170.12,0,0.0,0,0,2026-08-05
NIFTY,2026-09-08,22900.0,PE,0.0,0.0,0.0,36.1,32.48,0,0.0,0,0,2026-08-05
NIFTY,2026-09-08,23900.0,PE,0.0,0.0,0.0,187.1,175.61,0,0.0,0,0,2026-08-05
NIFTY,2026-09-29,21750.0,CE,0.0,0.0,0.0,2542.45,3100.37,0,0.0,0,0,2026-08-05
NIFTY,2026-09-08,25000.0,CE,0.0,0.0,0.0,401.7,401.01,0,0.0,0,0,2026-08-05
NIFTY,2026-08-11,22500.0,CE,2160.0,2160.95,2140.0,2140.0,2147.05,4,6410251.25,2275,-65,2026-08-05
NIFTY,2026-08-11,22750.0,CE,0.0,0.0,0.0,1821.15,1897.31,0,0.0,0,0,2026-08-05
NIFTY,2026-08-11,23100.0,CE,0.0,0.0,0.0,1501.25,1547.83,0,0.0,1235,0,2026-08-05
NIFTY,2026-08-11,24150.0,CE,506.5,560.6,416.6,477.3,477.3,4061,6500528895.25,64805,-2210,2026-08-05
NIFTY,2026-08-11,24200.0,CE,447.5,514.45,374.6,430.2,430.2,31982,51205307874.5,1192035,-64415,2026-08-05
NIFTY,2026-08-11,25250.0,CE,6.15,10.3,6.1,8.35,8.35,258540,424463883200.5,1550575,727480,2026-08-05
NIFTY,2026-08-11,25650.0,CE,2.1,2.75,1.5,2.2,2.2,135132,225318386926.75,1093105,563160,2026-08-05
NIFTY,2026-08-11,25750.0,CE,1.4,2.25,1.15,1.65,1.65,104800,175420893280.75,859300,467025,2026-08-05
NIFTY,2026-08-11,26350.0,CE,1.25,1.55,0.75,0.85,0.85,3140,5378227507.25,48945,37310,2026-08-05
NIFTY,2030-12-31,21000.0,PE,0.0,0.0,0.0,455.05,327.03,0,0.0,780,0,2026-08-05
NIFTY,2030-06-25,25500.0,PE,0.0,0.0,0.0,568.55,1087.33,0,0.0,0,0,2026-08-05
NIFTY,2026-08-18,22800.0,CE,0.0,0.0,0.0,1464.3,1875.3,0,0.0,0,0,2026-08-05
NIFTY,2026-08-18,24750.0,CE,112.0,177.0,112.0,141.35,141.35,9751,15780298092.0,118235,59280,2026-08-05
NIFTY,2026-08-18,26550.0,CE,1.9,2.1,1.05,1.55,1.55,249,429740343.5,455,-65,2026-08-05
NIFTY,2026-08-25,21300.0,CE,0.0,0.0,0.0,2725.0,3395.28,0,0.0,3835,0,2026-08-05
NIFTY,2026-08-25,21650.0,CE,0.0,0.0,0.0,2669.3,3046.51,0,0.0,0,0,2026-08-05
NIFTY,2026-08-25,21700.0,CE,0.0,0.0,0.0,2625.1,2996.7,0,0.0,0,0,2026-08-05
NIFTY,2026-08-25,22500.0,CE,2132.0,2235.0,2090.0,2155.4,2155.4,1528,2450020498.25,312780,-2665,2026-08-05
NIFTY,2026-08-25,24450.0,CE,350.0,421.6,334.85,368.5,368.5,2003,3231894526.25,92040,-10790,2026-08-05
NIFTY,2026-08-25,25850.0,CE,0.0,0.0,0.0,6.6,61.0,0,0.0,1495,0,2026-08-05
NIFTY,2026-08-25,25900.0,CE,8.15,9.75,7.35,8.35,8.35,4122,6941649412.75,125255,27430,2026-08-05
NIFTY,2026-08-25,26250.0,CE,4.25,6.1,3.5,4.55,4.55,4312,7358669522.75,20800,910,2026-08-05
NIFTY,2026-08-25,26900.0,CE,2.45,3.35,1.75,2.2,5.39,71,124153916.25,910,65,2026-08-05
NIFTY,2026-09-01,22000.0,CE,0.0,0.0,0.0,2360.9,2724.75,0,0.0,0,0,2026-08-05
NIFTY,2026-09-29,19500.0,CE,5355.7,5355.7,5207.45,5236.05,5236.05,75,120648222.5,141960,0,2026-08-05
NIFTY,2026-09-01,22200.0,CE,0.0,0.0,0.0,2171.8,2527.09,0,0.0,0,0,2026-08-05
NIFTY,2026-09-01,24450.0,CE,332.55,449.65,332.55,406.0,406.0,13,21006628.5,390,-195,2026-08-05
NIFTY,2026-09-01,24600.0,CE,352.4,377.75,305.65,331.45,331.45,1261,2044588802.75,37570,21385,2026-08-05
NIFTY,2026-09-01,26250.0,CE,0.0,0.0,0.0,64.85,52.25,0,0.0,0,0,2026-08-05
NIFTY,2026-09-01,26400.0,CE,0.0,0.0,0.0,52.45,39.92,0,0.0,0,0,2026-08-05
NIFTY,2030-06-25,21000.0,PE,0.0,0.0,0.0,220.0,326.91,0,0.0,65,0,2026-08-05
NIFTY,2029-12-24,31500.0,PE,0.0,0.0,0.0,2240.25,3345.74,0,0.0,0,0,2026-08-05
NIFTY,2029-12-24,25500.0,PE,0.0,0.0,0.0,597.3,1138.99,0,0.0,0,0,2026-08-05
NIFTY,2029-06-26,24000.0,PE,0.0,0.0,0.0,825.0,809.74,0,0.0,155,0,2026-08-05
NIFTY,2028-12-26,28500.0,PE,0.0,0.0,0.0,1451.15,2384.44,0,0.0,0,0,2026-08-05
NIFTY,2028-12-26,27000.0,PE,1600.05,1635.0,1598.95,1635.0,1753.55,5,9297814.5,13035,0,2026-08-05
NIFTY,2027-03-30,19500.0,PE,56.5,64.9,55.1,58.35,58.35,946,1202697148.25,65325,9425,2026-08-05
NIFTY,2026-12-29,26000.0,PE,1148.2,1163.25,1054.6,1105.55,1105.55,1437,2531354254.0,1320460,14305,2026-08-05
NIFTY,2026-12-29,13000.0,PE,7.0,7.0,7.0,7.0,0.0,10,8454550.0,10085,0,2026-08-05
NIFTY,2026-10-27,26150.0,PE,0.0,0.0,0.0,2000.25,1495.36,0,0.0,0,0,2026-08-05
NIFTY,2026-10-27,25900.0,PE,0.0,0.0,0.0,1803.6,1321.26,0,0.0,0,0,2026-08-05
NIFTY,2026-10-27,25750.0,PE,1003.65,1003.65,1003.65,1003.65,1221.81,1,1738987.25,65,65,2026-08-05
NIFTY,2026-10-27,22850.0,PE,0.0,0.0,0.0,250.85,123.36,0,0.0,0,0,2026-08-05
NIFTY,2026-10-27,22800.0,PE,0.0,0.0,0.0,239.4,116.65,0,0.0,0,0,2026-08-05
NIFTY,2026-10-27,22650.0,PE,50.8,54.85,50.6,50.6,50.6,6,8853880.75,325,-130,2026-08-05
NIFTY,2026-10-27,22250.0,PE,37.3,41.4,36.05,38.85,38.85,435,630209625.5,46930,10595,2026-08-05
NIFTY,2026-09-29,27200.0,PE,0.0,0.0,0.0,3004.3,2371.38,0,0.0,0,0,2026-08-05
NIFTY,2026-09-29,26300.0,PE,0.0,0.0,0.0,2221.3,1593.73,0,0.0,0,0,2026-08-05
NIFTY,2026-09-29,25750.0,PE,0.0,0.0,0.0,1035.0,1176.05,0,0.0,390,0,2026-08-05
NIFTY,2026-09-29,24600.0,PE,297.0,376.95,287.55,330.3,330.3,3670,5945352773.75,217490,51025,2026-08-05
NIFTY,2026-09-29,24400.0,PE,243.45,299.9,222.75,258.3,258.3,2327,3728523275.75,141505,-8580,2026-08-05
NIFTY,2026-09-29,24250.0,PE,194.0,250.0,186.7,214.35,214.35,385,612082240.25,31785,2860,2026-08-05
NIFTY,2026-09-29,24100.0,PE,175.1,207.4,154.2,176.5,176.5,1079,1702520101.75,101920,16055,2026-08-05
NIFTY,2026-09-29,23950.0,PE,130.2,169.5,126.45,143.45,143.45,142,222385562.75,12610,1430,2026-08-05
NIFTY,2026-09-29,23750.0,PE,97.4,132.05,96.85,110.2,110.2,255,395461238.25,33670,715,2026-08-05
NIFTY,2026-09-29,23700.0,PE,110.0,125.0,90.95,103.7,103.7,1522,2354854336.25,138970,10790,2026-08-05
NIFTY,2026-09-29,23150.0,PE,51.65,62.85,50.6,52.95,52.95,131,197579092.75,18330,1105,2026-08-05
NIFTY,2026-09-29,22250.0,PE,25.05,26.7,21.7,23.3,23.3,109,157813126.25,11700,-65,2026-08-05
NIFTY,2026-09-29,22200.0,PE,22.05,25.8,21.05,21.9,21.9,335,483920027.5,43875,325,2026-08-05
NIFTY,2026-09-29,21700.0,PE,19.85,22.0,15.1,16.2,16.2,139,196218337.25,13325,-910,2026-08-05
NIFTY,2026-09-01,26800.0,CE,0.0,0.0,0.0,5.0,18.5,0,0.0,910,0,2026-08-05
NIFTY,2026-09-01,26850.0,CE,0.0,0.0,0.0,2.8,16.72,0,0.0,715,0,2026-08-05
NIFTY,2026-09-08,22900.0,CE,0.0,0.0,0.0,1884.1,1897.28,0,0.0,0,0,2026-08-05
NIFTY,2026-09-08,23150.0,CE,0.0,0.0,0.0,1656.9,1668.72,0,0.0,0,0,2026-08-05
NIFTY,2026-09-08,23250.0,CE,0.0,0.0,0.0,1568.45,1579.68,0,0.0,0,0,2026-08-05
NIFTY,2026-09-08,24700.0,CE,539.45,539.45,313.0,320.0,320.0,14,22785083.75,715,715,2026-08-05
NIFTY,2026-09-08,24700.0,PE,0.0,0.0,0.0,481.0,464.47,0,0.0,0,0,2026-08-05
NIFTY,2026-09-08,23700.0,PE,0.0,0.0,0.0,140.15,131.19,0,0.0,0,0,2026-08-05
NIFTY,2026-09-08,23200.0,PE,0.0,0.0,0.0,62.7,57.38,0,0.0,0,0,2026-08-05
NIFTY,2026-09-01,27000.0,PE,0.0,0.0,0.0,2645.4,2266.83,0,0.0,0,0,2026-08-05
NIFTY,2026-09-01,26700.0,PE,0.0,0.0,0.0,2360.1,1978.51,0,0.0,0,0,2026-08-05
NIFTY,2026-09-01,26300.0,PE,0.0,0.0,0.0,1989.7,1605.54,0,0.0,0,0,2026-08-05
NIFTY,2026-09-01,25550.0,PE,0.0,0.0,0.0,1345.2,971.01,0,0.0,0,0,2026-08-05
NIFTY,2026-09-01,25500.0,PE,0.0,0.0,0.0,1305.4,934.01,0,0.0,0,0,2026-08-05
NIFTY,2026-09-01,25100.0,PE,0.0,0.0,0.0,1005.4,655.35,0,0.0,0,0,2026-08-05
NIFTY,2026-09-01,24850.0,PE,0.0,0.0,0.0,836.8,507.89,0,0.0,0,0,2026-08-05
NIFTY,2026-09-01,24400.0,PE,150.2,222.75,144.05,181.35,181.35,388,619903550.5,25935,7475,2026-08-05
NIFTY,2026-09-01,24200.0,PE,104.6,154.0,100.25,125.1,125.1,287,453722717.5,31200,-455,2026-08-05
NIFTY,2026-09-01,23050.0,PE,17.45,20.75,17.45,18.85,18.85,8,11995620.0,1235,520,2026-08-05
NIFTY,2026-09-01,22800.0,PE,13.7,15.1,11.55,12.35,12.35,503,745873196.25,21515,19370,2026-08-05
NIFTY,2026-08-25,26850.0,PE,0.0,0.0,0.0,2671.25,2142.49,0,0.0,0,0,2026-08-05
NIFTY,2026-08-25,25800.0,PE,1110.05,1206.3,1073.05,1206.3,1157.07,10,17490827.25,11960,-65,2026-08-05
NIFTY,2026-08-25,25150.0,PE,491.15,604.0,491.15,575.0,575.0,16,26719192.5,1495,325,2026-08-05
NIFTY,2026-08-25,24550.0,PE,208.9,256.25,154.6,201.15,201.15,9657,15536162944.25,120250,19240,2026-08-05
NIFTY,2026-08-25,24150.0,PE,80.0,119.45,64.1,87.35,87.35,4063,6400480749.0,272935,-8840,2026-08-05
NIFTY,2026-08-25,23650.0,PE,36.0,43.35,24.65,29.75,29.75,1519,2338260158.0,76960,6175,2026-08-05
NIFTY,2026-08-25,23000.0,PE,15.0,15.0,10.25,10.8,10.8,30502,45625032040.25,2962895,-226980,2026-08-05
NIFTY,2026-08-25,21950.0,PE,0.0,0.0,0.0,7.05,0.33,0,0.0,3380,0,2026-08-05
NIFTY,2026-08-18,26750.0,PE,0.0,0.0,0.0,2558.25,2069.07,0,0.0,0,0,2026-08-05
NIFTY,2026-08-18,25650.0,PE,0.0,0.0,0.0,1538.0,1012.71,0,0.0,0,0,2026-08-05
NIFTY,2026-08-18,25500.0,PE,805.05,933.55,804.0,915.65,881.97,57,97651199.75,3185,3185,2026-08-05
NIFTY,2026-08-18,24850.0,PE,375.6,391.0,261.2,323.0,323.0,916,1499030952.25,16510,15600,2026-08-05
NIFTY,2026-08-18,22550.0,PE,4.25,6.0,3.45,3.95,3.95,386,565877659.75,11375,9360,2026-08-05
NIFTY,2026-08-11,27000.0,PE,0.0,0.0,0.0,2501.0,2348.47,0,0.0,1690,0,2026-08-05
NIFTY,2026-08-11,26300.0,PE,0.0,0.0,0.0,1806.8,1649.36,0,0.0,0,0,2026-08-05
NIFTY,2026-08-11,25050.0,PE,500.0,538.6,380.0,462.7,462.7,4782,7925637525.0,43290,40170,2026-08-05
NIFTY,2026-08-11,24800.0,PE,220.0,336.45,188.55,257.3,257.3,335870,546767885556.75,632775,213525,2026-08-05
NIFTY,2026-08-11,23350.0,PE,3.8,3.85,2.05,2.7,2.7,59406,90175562590.75,358085,132600,2026-08-05
NIFTY,2026-08-11,22650.0,PE,2.6,2.6,1.3,1.5,1.5,12226,18001038347.5,78715,28210,2026-08-05
NIFTY,2031-06-24,28500.0,CE,0.0,0.0,0.0,5048.95,5674.93,0,0.0,0,0,2026-08-05
NIFTY,2030-06-25,19500.0,CE,0.0,0.0,0.0,11140.25,9727.82,0,0.0,0,0,2026-08-05
NIFTY,2030-06-25,16500.0,CE,0.0,0.0,0.0,13374.05,11907.21,0,0.0,0,0,2026-08-05
NIFTY,2029-12-24,22500.0,CE,0.0,0.0,0.0,8486.15,7149.19,0,0.0,0,0,2026-08-05
NIFTY,2028-12-26,21000.0,CE,0.0,0.0,0.0,7512.5,6980.94,0,0.0,0,0,2026-08-05
NIFTY,2028-06-27,31500.0,CE,0.0,0.0,0.0,1784.8,1142.03,0,0.0,0,0,2026-08-05
NIFTY,2028-06-27,25500.0,CE,0.0,0.0,0.0,4676.6,3385.09,0,0.0,0,0,2026-08-05
NIFTY,2027-12-28,28500.0,CE,726.0,750.0,725.0,730.2,1385.37,13,24704563.0,11765,650,2026-08-05
NIFTY,2027-12-28,25500.0,CE,0.0,0.0,0.0,2400.0,2649.74,0,0.0,0,0,2026-08-05
NIFTY,2027-12-28,22500.0,CE,0.0,0.0,0.0,6183.0,4533.81,0,0.0,0,0,2026-08-05
NIFTY,2027-06-29,27000.0,CE,0.0,0.0,0.0,695.95,1206.55,0,0.0,195,0,2026-08-05
NIFTY,2027-06-29,24000.0,CE,0.0,0.0,0.0,2334.35,2705.38,0,0.0,990,0,2026-08-05
NIFTY,2027-06-29,21000.0,CE,0.0,0.0,0.0,3061.8,4967.97,0,0.0,0,0,2026-08-05
NIFTY,2027-03-30,18000.0,CE,0.0,0.0,0.0,5643.55,7382.23,0,0.0,0,0,2026-08-05
NIFTY,2026-12-29,21000.0,CE,4149.95,4155.0,4048.2,4053.4,4209.4,53,86444991.75,191790,585,2026-08-05
NIFTY,2026-10-27,26750.0,CE,0.0,0.0,0.0,138.3,224.51,0,0.0,0,0,2026-08-05
NIFTY,2026-10-27,26600.0,CE,0.0,0.0,0.0,157.4,253.56,0,0.0,0,0,2026-08-05
NIFTY,2026-10-27,26000.0,CE,124.5,145.55,119.65,126.75,126.75,4333,7359627301.0,297245,73840,2026-08-05
NIFTY,2026-10-27,25450.0,CE,0.0,0.0,0.0,388.6,588.1,0,0.0,0,0,2026-08-05
NIFTY,2026-10-27,24500.0,CE,768.2,804.0,714.1,751.05,751.05,1227,2014412562.5,112905,13065,2026-08-05
NIFTY,2026-10-27,24200.0,CE,934.0,934.0,934.0,934.0,1226.85,1,1633710.0,130,0,2026-08-05
NIFTY,2026-10-27,23900.0,CE,0.0,0.0,0.0,1154.35,1425.18,0,0.0,65,0,2026-08-05
NIFTY,2026-10-27,22950.0,CE,0.0,0.0,0.0,1654.95,2153.7,0,0.0,0,0,2026-08-05
NIFTY,2026-10-27,22350.0,CE,0.0,0.0,0.0,2124.25,2675.38,0,0.0,0,0,2026-08-05
NIFTY,2026-09-29,26400.0,CE,0.0,0.0,0.0,175.4,160.59,0,0.0,0,0,2026-08-05
NIFTY,2026-09-29,24900.0,CE,350.0,396.3,330.2,348.95,348.95,1465,2405258050.0,147225,32045,2026-08-05
NIFTY,2026-09-29,24800.0,CE,400.0,449.25,378.35,401.0,401.0,2144,3513633054.75,242710,19370,2026-08-05
NIFTY,2026-09-29,24700.0,CE,471.8,506.35,428.05,456.15,456.15,2999,4906376761.0,211965,81315,2026-08-05
NIFTY,2026-09-29,24400.0,CE,641.75,703.0,611.0,641.5,641.5,757,1232890763.0,91390,-12480,2026-08-05
NIFTY,2026-09-29,22100.0,CE,0.0,0.0,0.0,2242.1,2763.8,0,0.0,0,0,2026-08-05
NIFTY,2026-09-29,21800.0,CE,0.0,0.0,0.0,2498.75,3051.97,0,0.0,0,0,2026-08-05
NIFTY,2026-08-25,24000.0,CE,755.0,794.5,656.7,714.45,714.45,12211,19624673363.75,5769335,-61945,2026-08-05
NIFTY,2026-08-11,21650.0,CE,0.0,0.0,0.0,2877.3,2996.21,0,0.0,0,0,2026-08-05
NIFTY,2026-08-11,23000.0,CE,1626.05,1660.0,1540.0,1545.0,1647.64,48,76788640.5,56420,-1755,2026-08-05
NIFTY,2026-08-11,23300.0,CE,1365.0,1381.8,1222.8,1314.6,1314.6,21,33571980.0,12675,130,2026-08-05
NIFTY,2026-08-11,24850.0,CE,51.0,73.5,37.45,51.6,51.6,677998,1097592721166.5,2146560,1210690,2026-08-05
NIFTY,2026-08-11,25450.0,CE,4.15,4.95,2.8,4.05,4.05,232253,384263854997.75,1615640,1276795,2026-08-05
NIFTY,2026-08-11,26400.0,CE,1.0,1.45,0.7,0.8,0.8,6998,12008962527.25,91390,78650,2026-08-05
NIFTY,2026-08-11,26600.0,CE,1.45,1.6,0.7,0.8,0.8,6503,11244039605.5,103870,100360,2026-08-05
NIFTY,2026-08-11,26950.0,CE,1.4,1.55,0.6,0.65,0.65,4051,7096549482.75,42055,41860,2026-08-05
NIFTY,2026-08-18,22550.0,CE,0.0,0.0,0.0,1684.2,2123.75,0,0.0,0,0,2026-08-05
NIFTY,2026-08-18,23750.0,CE,0.0,0.0,0.0,710.0,967.8,0,0.0,325,0,2026-08-05
NIFTY,2026-08-18,25500.0,CE,9.9,12.8,9.1,10.7,10.7,31124,51609556446.5,753675,202605,2026-08-05
NIFTY,2026-08-18,25900.0,CE,3.95,4.2,3.0,3.75,3.75,2584,4350761951.25,40430,26975,2026-08-05
NIFTY,2026-08-25,21850.0,CE,0.0,0.0,0.0,2494.1,2847.3,0,0.0,0,0,2026-08-05
NIFTY,2026-08-25,21950.0,CE,0.0,0.0,0.0,2408.05,2747.74,0,0.0,0,0,2026-08-05
NIFTY,2026-08-25,22750.0,CE,0.0,0.0,0.0,1318.8,1956.02,0,0.0,1300,0,2026-08-05
NIFTY,2026-08-25,23100.0,CE,1609.8,1635.1,1500.0,1500.0,1617.77,18,28929641.0,5200,-845,2026-08-05
NIFTY,2026-08-25,23250.0,CE,0.0,0.0,0.0,1350.0,1476.32,0,0.0,1430,0,2026-08-05
NIFTY,2026-08-25,23350.0,CE,0.0,0.0,0.0,1160.0,1383.66,0,0.0,1430,0,2026-08-05
NIFTY,2026-08-25,23550.0,CE,0.0,0.0,0.0,1027.45,1203.35,0,0.0,6240,0,2026-08-05
NIFTY,2026-08-25,23700.0,CE,999.95,1065.0,930.0,976.0,976.0,302,485013480.25,181740,-6825,2026-08-05
NIFTY,2026-08-25,24550.0,CE,306.75,355.0,273.5,302.25,302.25,8722,14093698277.75,205140,9880,2026-08-05
NIFTY,2026-08-25,24600.0,CE,258.55,323.1,246.95,275.25,275.25,82142,132856961601.0,1581645,74425,2026-08-05
NIFTY,2026-08-25,24750.0,CE,225.0,236.35,175.2,196.9,196.9,6018,9762268321.0,211250,-650,2026-08-05
NIFTY,2026-08-25,25000.0,CE,101.15,128.95,91.6,105.2,105.2,91570,149455351136.0,5465850,-63245,2026-08-05
NIFTY,2026-08-25,25750.0,CE,11.0,14.0,10.25,11.6,11.6,1051,1759950900.5,34580,10530,2026-08-05
NIFTY,2026-08-25,26650.0,CE,2.85,4.7,2.1,2.7,2.7,552,956313618.0,4810,-585,2026-08-05
NIFTY,2026-08-25,27000.0,CE,2.3,3.6,1.55,1.85,1.85,4450,7810347590.5,88660,78845,2026-08-05
NIFTY,2026-09-01,22500.0,CE,2100.0,2150.0,2100.0,2150.0,2232.65,2,3201250.0,0,0,2026-08-05
NIFTY,2026-09-01,22750.0,CE,0.0,0.0,0.0,1672.8,1990.48,0,0.0,0,0,2026-08-05
NIFTY,2026-09-01,23850.0,CE,0.0,0.0,0.0,630.0,1013.96,0,0.0,65,0,2026-08-05
NIFTY,2026-09-01,24550.0,CE,379.05,410.0,337.55,362.5,362.5,240,388635939.25,3315,845,2026-08-05
NIFTY,2026-09-01,25250.0,CE,0.0,0.0,0.0,227.15,241.32,0,0.0,0,0,2026-08-05
NIFTY,2026-09-01,26050.0,CE,0.0,0.0,0.0,85.25,73.6,0,0.0,0,0,2026-08-05
NIFTY,2026-09-01,26450.0,CE,0.0,0.0,0.0,48.8,36.41,0,0.0,0,0,2026-08-05
NIFTY,2026-09-01,27100.0,CE,2.3,3.0,2.3,2.95,9.9,8,14093410.5,260,0,2026-08-05
NIFTY,2026-09-08,23100.0,CE,0.0,0.0,0.0,1701.65,1713.79,0,0.0,0,0,2026-08-05
NIFTY,2026-09-08,24550.0,CE,0.0,0.0,0.0,618.7,620.41,0,0.0,0,0,2026-08-05
NIFTY,2026-09-08,25500.0,CE,0.0,0.0,0.0,230.65,228.54,0,0.0,0,0,2026-08-05
NIFTY,2026-09-08,26350.0,CE,0.0,0.0,0.0,74.45,72.37,0,0.0,0,0,2026-08-05
NIFTY,2026-09-29,22150.0,CE,0.0,0.0,0.0,2200.35,2716.22,0,0.0,0,0,2026-08-05
NIFTY,2026-09-29,22250.0,CE,0.0,0.0,0.0,2117.8,2621.51,0,0.0,0,0,2026-08-05
NIFTY,2026-09-29,22400.0,CE,0.0,0.0,0.0,1741.4,2480.73,0,0.0,195,0,2026-08-05
NIFTY,2026-09-29,23250.0,CE,0.0,0.0,0.0,1565.2,1725.05,0,0.0,390,0,2026-08-05
NIFTY,2026-09-29,23550.0,CE,0.0,0.0,0.0,1090.3,1482.43,0,0.0,780,0,2026-08-05
NIFTY,2026-09-29,23800.0,CE,1110.1,1151.5,1052.0,1060.1,1060.1,17,27513970.25,15925,-195,2026-08-05
NIFTY,2026-09-29,25100.0,CE,270.0,299.85,245.95,264.45,264.45,1308,2157091189.5,131950,520,2026-08-05
NIFTY,2026-09-29,26150.0,CE,0.0,0.0,0.0,215.05,207.68,0,0.0,0,0,2026-08-05
NIFTY,2026-09-29,27050.0,CE,0.0,0.0,0.0,100.0,77.57,0,0.0,0,0,2026-08-05
NIFTY,2026-10-27,23000.0,CE,2025.0,2025.0,1900.0,1946.45,1946.45,37,60011513.25,2925,910,2026-08-05
NIFTY,2026-10-27,23050.0,CE,0.0,0.0,0.0,1582.9,2070.78,0,0.0,0,0,2026-08-05
NIFTY,2026-10-27,25050.0,CE,432.0,436.5,425.6,430.0,430.0,22,36436348.0,260,260,2026-08-05
NIFTY,2026-10-27,25150.0,CE,0.0,0.0,0.0,479.95,713.5,0,0.0,0,0,2026-08-05
NIFTY,2026-10-27,25650.0,CE,215.65,217.3,198.15,199.9,199.9,41,68908524.75,1885,-260,2026-08-05
NIFTY,2026-10-27,27200.0,CE,0.0,0.0,0.0,92.4,153.29,0,0.0,0,0,2026-08-05
NIFTY,2026-12-29,16000.0,CE,0.0,0.0,0.0,8600.0,9040.9,0,0.0,115,0,2026-08-05
NIFTY,2026-12-29,22500.0,CE,2700.05,2703.9,2667.45,2703.9,2879.03,75,122747410.5,15015,1300,2026-08-05
NIFTY,2027-06-29,25500.0,CE,0.0,0.0,0.0,1300.0,1852.98,0,0.0,0,0,2026-08-05
NIFTY,2027-06-29,33000.0,CE,0.0,0.0,0.0,1122.75,137.85,0,0.0,0,0,2026-08-05
NIFTY,2027-12-28,33000.0,CE,0.0,0.0,0.0,120.0,437.34,0,0.0,3510,0,2026-08-05
NIFTY,2028-06-27,19500.0,CE,0.0,0.0,0.0,9209.1,7537.92,0,0.0,0,0,2026-08-05
NIFTY,2029-06-26,18000.0,CE,0.0,0.0,0.0,11678.65,9833.04,0,0.0,0,0,2026-08-05
NIFTY,2029-06-26,21000.0,CE,0.0,0.0,0.0,9799.75,7580.73,0,0.0,0,0,2026-08-05
NIFTY,2029-06-26,33000.0,CE,0.0,0.0,0.0,4179.45,1801.07,0,0.0,0,0,2026-08-05
NIFTY,2029-12-24,16500.0,CE,0.0,0.0,0.0,12984.85,11471.41,0,0.0,0,0,2026-08-05
NIFTY,2029-12-24,28500.0,CE,0.0,0.0,0.0,4802.1,3909.55,0,0.0,0,0,2026-08-05
NIFTY,2030-06-25,18000.0,CE,0.0,0.0,0.0,12423.9,10800.15,0,0.0,0,0,2026-08-05
NIFTY,2030-06-25,31500.0,CE,0.0,0.0,0.0,3984.8,3340.2,0,0.0,0,0,2026-08-05
NIFTY,2030-12-31,16500.0,CE,0.0,0.0,0.0,13763.55,12341.29,0,0.0,0,0,2026-08-05
NIFTY,2030-12-31,28500.0,CE,0.0,0.0,0.0,5968.3,5124.07,0,0.0,0,0,2026-08-05
NIFTY,2031-06-24,31500.0,CE,0.0,0.0,0.0,3928.35,4456.58,0,0.0,0,0,2026-08-05
NIFTY,2026-08-11,22750.0,PE,2.8,3.3,1.3,1.5,1.5,20431,30214617446.0,185250,75400,2026-08-05
NIFTY,2026-08-11,22950.0,PE,3.15,3.15,1.55,1.85,1.85,16171,24125241029.5,121810,66235,2026-08-05
NIFTY,2026-08-11,24550.0,PE,108.7,176.95,71.35,113.35,113.35,2210608,3545381199382.75,2011815,1216995,2026-08-05
NIFTY,2026-08-11,24600.0,PE,127.95,204.0,88.55,136.35,136.35,3701998,5951994411714.0,5037630,2040155,2026-08-05
NIFTY,2026-08-11,25650.0,PE,1099.45,1099.45,1006.1,1099.05,1006.56,14,24293480.25,585,65,2026-08-05
NIFTY,2026-08-11,25800.0,PE,1125.0,1125.0,1125.0,1125.0,1152.94,1,1750125.0,1755,-65,2026-08-05
NIFTY,2026-08-11,26000.0,PE,1315.0,1462.95,1315.0,1385.2,1385.2,132,234948314.25,205595,2145,2026-08-05
NIFTY,2026-08-18,22150.0,PE,3.4,3.65,3.1,3.4,3.4,58,83518097.0,4030,-1170,2026-08-05
NIFTY,2026-08-18,22250.0,PE,3.25,3.75,3.1,3.45,3.45,116,167790798.5,3250,455,2026-08-05
NIFTY,2026-08-18,22650.0,PE,4.1,4.55,3.8,4.15,4.15,196,288615486.25,4940,2795,2026-08-05
NIFTY,2026-08-18,23200.0,PE,6.9,9.15,5.6,6.6,6.6,9762,14725759727.25,145145,85670,2026-08-05
NIFTY,2026-08-18,23350.0,PE,7.85,11.75,7.25,8.15,8.15,1289,1957136983.75,24960,3770,2026-08-05
NIFTY,2026-08-18,23600.0,PE,17.45,20.85,10.2,12.35,12.35,21527,33041972037.75,344760,194350,2026-08-05
NIFTY,2026-08-18,24000.0,PE,37.95,56.95,26.4,35.0,35.0,39996,62494073040.75,1094730,227760,2026-08-05
NIFTY,2026-08-18,24600.0,PE,166.4,244.45,136.25,183.5,183.5,50815,81853705466.0,585065,297960,2026-08-05
NIFTY,2026-08-18,25600.0,PE,941.55,1030.3,941.25,1018.2,968.5,19,32848673.0,845,780,2026-08-05
NIFTY,2026-08-18,26300.0,PE,0.0,0.0,0.0,2128.25,1625.25,0,0.0,0,0,2026-08-05
NIFTY,2026-08-18,26350.0,PE,0.0,0.0,0.0,2175.4,1674.15,0,0.0,0,0,2026-08-05
NIFTY,2026-08-18,26550.0,PE,0.0,0.0,0.0,2365.65,1870.96,0,0.0,0,0,2026-08-05
NIFTY,2026-08-25,21450.0,PE,4.05,4.05,4.05,4.05,4.05,2,2789026.5,5850,-130,2026-08-05
NIFTY,2026-08-25,21800.0,PE,7.05,7.05,4.1,4.7,4.7,448,634971616.5,56160,-8710,2026-08-05
NIFTY,2026-08-25,22150.0,PE,6.05,6.6,5.2,5.3,5.3,296,426276802.25,15730,130,2026-08-05
NIFTY,2026-08-25,23200.0,PE,15.0,18.9,12.4,13.2,13.2,14505,21888173853.0,479960,-124280,2026-08-05
NIFTY,2026-08-25,23400.0,PE,21.5,26.6,16.8,18.2,18.2,11651,17736962821.5,409110,14625,2026-08-05
NIFTY,2026-08-25,23550.0,PE,23.0,34.3,21.4,23.65,23.65,4574,7009676589.5,197665,108030,2026-08-05
NIFTY,2026-08-25,24450.0,PE,159.9,213.35,124.1,165.15,165.15,5736,9179667500.25,119015,4225,2026-08-05
NIFTY,2026-08-25,25100.0,PE,491.7,599.5,451.0,522.65,522.65,570,948485222.75,68315,4875,2026-08-05
NIFTY,2026-08-25,26200.0,PE,1476.0,1595.0,1461.25,1528.85,1528.85,15,27036386.0,47255,195,2026-08-05
NIFTY,2026-09-01,22050.0,PE,0.0,0.0,0.0,22.15,1.99,0,0.0,0,0,2026-08-05
NIFTY,2026-09-01,22100.0,PE,7.6,7.6,6.65,7.1,7.1,3,4310881.25,455,0,2026-08-05
NIFTY,2026-09-01,22150.0,PE,0.0,0.0,0.0,42.0,2.7,0,0.0,65,0,2026-08-05
NIFTY,2026-09-01,23250.0,PE,0.0,0.0,0.0,159.65,43.77,0,0.0,0,0,2026-08-05
NIFTY,2026-09-01,23300.0,PE,32.7,32.7,23.95,24.6,24.6,57,86428072.25,1170,1170,2026-08-05
NIFTY,2026-09-01,23350.0,PE,0.0,0.0,0.0,182.25,53.62,0,0.0,0,0,2026-08-05
NIFTY,2026-09-01,24000.0,PE,90.0,111.6,70.0,83.45,83.45,1467,2296786852.75,49790,6175,2026-08-05
NIFTY,2026-09-01,24450.0,PE,175.0,233.95,175.0,196.4,196.4,19,30457888.5,1885,780,2026-08-05
NIFTY,2026-09-01,25050.0,PE,0.0,0.0,0.0,970.45,624.17,0,0.0,0,0,2026-08-05
NIFTY,2026-09-01,26000.0,PE,0.0,0.0,0.0,1722.45,1339.01,0,0.0,0,0,2026-08-05
NIFTY,2026-09-01,26400.0,PE,0.0,0.0,0.0,2081.0,1697.19,0,0.0,0,0,2026-08-05
NIFTY,2026-09-01,27150.0,PE,0.0,0.0,0.0,2789.8,2412.8,0,0.0,0,0,2026-08-05
NIFTY,2026-09-08,22950.0,PE,0.0,0.0,0.0,39.7,35.86,0,0.0,0,0,2026-08-05
NIFTY,2026-09-08,23650.0,PE,0.0,0.0,0.0,130.1,121.55,0,0.0,0,0,2026-08-05
NIFTY,2026-09-08,25650.0,PE,0.0,0.0,0.0,1079.4,1059.47,0,0.0,0,0,2026-08-05
NIFTY,2026-09-29,18000.0,PE,7.05,7.1,6.35,6.7,6.7,351,410824930.75,1092975,-2925,2026-08-05
NIFTY,2026-09-29,23300.0,PE,58.9,76.7,56.95,62.9,62.9,2215,3363763243.75,154505,18720,2026-08-05
NIFTY,2026-09-29,23850.0,PE,114.15,149.6,112.7,126.05,126.05,222,346004142.25,10920,1365,2026-08-05
NIFTY,2026-09-29,24350.0,PE,213.05,273.0,211.4,241.8,241.8,124,198193079.5,12155,-975,2026-08-05
NIFTY,2026-09-29,25150.0,PE,585.0,649.1,523.15,601.65,601.65,17,28454975.25,910,650,2026-08-05
NIFTY,2026-09-29,25350.0,PE,0.0,0.0,0.0,1488.65,909.84,0,0.0,0,0,2026-08-05
NIFTY,2026-09-29,26700.0,PE,0.0,0.0,0.0,2560.85,1927.53,0,0.0,0,0,2026-08-05
NIFTY,2026-10-27,22500.0,PE,45.05,52.45,43.2,46.2,46.2,1286,1884711240.75,279630,13000,2026-08-05
NIFTY,2026-10-27,26200.0,PE,0.0,0.0,0.0,2040.5,1531.38,0,0.0,0,0,2026-08-05
NIFTY,2026-10-27,26350.0,PE,0.0,0.0,0.0,2163.0,1642.94,0,0.0,0,0,2026-08-05
NIFTY,2026-10-27,26700.0,PE,0.0,0.0,0.0,2458.1,1912.1,0,0.0,0,0,2026-08-05
NIFTY,2026-12-29,19500.0,PE,33.6,35.85,32.5,34.0,34.0,297,377111878.0,108485,3445,2026-08-05
NIFTY,2026-12-29,25000.0,PE,581.6,635.0,560.0,591.05,591.05,4215,7010630471.0,2066210,85285,2026-08-05
NIFTY,2026-12-29,28500.0,PE,0.0,0.0,0.0,1948.15,3313.01,0,0.0,0,0,2026-08-05
NIFTY,2027-03-30,25500.0,PE,815.7,880.65,791.05,853.55,853.55,697,1193420211.75,113750,12740,2026-08-05
NIFTY,2027-03-30,30000.0,PE,0.0,0.0,0.0,4301.35,4343.95,0,0.0,455,0,2026-08-05
NIFTY,2027-03-30,31500.0,PE,0.0,0.0,0.0,7066.15,5662.22,0,0.0,0,0,2026-08-05
NIFTY,2027-06-29,24000.0,PE,0.0,0.0,0.0,480.0,700.72,0,0.0,520,0,2026-08-05
NIFTY,2027-06-29,31500.0,PE,0.0,0.0,0.0,3604.7,5316.38,0,0.0,0,0,2026-08-05
NIFTY,2027-12-28,15000.0,PE,0.0,0.0,0.0,39.0,1.55,0,0.0,625,0,2026-08-05
NIFTY,2027-12-28,22000.0,PE,325.9,349.5,315.05,321.0,321.0,59,85606625.0,36960,605,2026-08-05
NIFTY,2028-06-27,21000.0,PE,0.0,0.0,0.0,907.2,258.45,0,0.0,0,0,2026-08-05
NIFTY,2028-12-26,18000.0,PE,0.0,0.0,0.0,250.0,68.71,0,0.0,75,0,2026-08-05
NIFTY,2028-12-26,25000.0,PE,1060.0,1060.0,970.0,970.0,1082.03,4,6758700.0,6010,195,2026-08-05
NIFTY,2028-12-26,33000.0,PE,0.0,0.0,0.0,3315.4,4859.88,0,0.0,0,0,2026-08-05
NIFTY,2029-06-26,21000.0,PE,0.0,0.0,0.0,320.25,310.79,0,0.0,0,0,2026-08-05
NIFTY,2029-06-26,31500.0,PE,0.0,0.0,0.0,2443.35,3626.83,0,0.0,0,0,2026-08-05
NIFTY,2030-06-25,16500.0,PE,0.0,0.0,0.0,12.0,51.07,0,0.0,0,0,2026-08-05
NIFTY,2030-06-25,19500.0,PE,0.0,0.0,0.0,64.95,193.23,0,0.0,0,0,2026-08-05
NIFTY,2030-06-25,33000.0,PE,0.0,0.0,0.0,3143.9,3766.59,0,0.0,0,0,2026-08-05
NIFTY,2026-08-11,24400.0,PE,63.0,110.15,36.4,60.8,60.8,1777191,2826985734433.25,4161560,1067365,2026-08-05
NIFTY,2026-08-11,25700.0,PE,1063.1,1172.1,1042.9,1076.45,1076.45,51,88952373.25,585,260,2026-08-05
NIFTY,2031-06-24,16500.0,PE,0.0,0.0,0.0,95.65,60.94,0,0.0,0,0,2026-08-05
NIFTY,2030-12-31,18000.0,PE,0.0,0.0,0.0,32.3,111.52,0,0.0,0,0,2026-08-05
NIFTY,2030-06-25,30000.0,PE,0.0,0.0,0.0,2100.85,2483.18,0,0.0,0,0,2026-08-05
NIFTY,2030-06-25,27000.0,PE,0.0,0.0,0.0,1286.05,1478.3,0,0.0,0,0,2026-08-05
NIFTY,2030-06-25,22500.0,PE,0.0,0.0,0.0,223.75,515.46,0,0.0,0,0,2026-08-05
NIFTY,2030-06-25,18000.0,PE,0.0,0.0,0.0,116.65,104.79,0,0.0,0,0,2026-08-05
NIFTY,2029-12-24,15000.0,PE,0.0,0.0,0.0,29.0,17.58,0,0.0,65,0,2026-08-05
NIFTY,2027-12-28,27000.0,PE,1581.35,1610.0,1552.2,1603.0,1941.97,41,76177747.75,44670,195,2026-08-05
NIFTY,2027-12-28,16500.0,PE,0.0,0.0,0.0,52.05,7.95,0,0.0,130,0,2026-08-05
NIFTY,2027-03-30,27000.0,PE,1610.0,1695.0,1593.0,1644.8,1644.8,436,811279534.0,21710,15340,2026-08-05
NIFTY,2026-12-29,31500.0,PE,0.0,0.0,0.0,4059.3,6076.07,0,0.0,0,0,2026-08-05
NIFTY,2026-12-29,28000.0,PE,2690.05,2809.3,2660.05,2707.2,2707.2,290,578837353.25,852425,-580,2026-08-05
NIFTY,2026-12-29,21000.0,PE,53.1,54.05,45.2,51.55,51.55,4345,5945504282.25,1026655,-11375,2026-08-05
NIFTY,2026-10-27,27000.0,PE,2038.65,2107.25,2038.65,2107.25,2155.94,2,3779483.5,65,0,2026-08-05
NIFTY,2026-10-27,26300.0,PE,0.0,0.0,0.0,2121.9,1605.69,0,0.0,0,0,2026-08-05
NIFTY,2026-10-27,25300.0,PE,670.0,697.5,670.0,694.25,694.25,6,10136181.25,325,65,2026-08-05
NIFTY,2026-10-27,24250.0,PE,250.0,285.6,250.0,273.45,273.45,17,27078213.5,1300,650,2026-08-05
NIFTY,2026-10-27,24050.0,PE,0.0,0.0,0.0,656.15,391.57,0,0.0,0,0,2026-08-05
NIFTY,2026-10-27,23900.0,PE,167.75,205.0,165.55,181.15,181.15,231,361652515.25,18655,7735,2026-08-05
NIFTY,2026-10-27,23250.0,PE,0.0,0.0,0.0,356.75,188.5,0,0.0,0,0,2026-08-05
NIFTY,2026-10-27,22450.0,PE,43.4,46.5,42.25,43.25,43.25,11,16083255.5,715,260,2026-08-05
NIFTY,2026-10-27,22350.0,PE,40.25,42.75,39.0,42.75,68.3,15,21830666.0,780,195,2026-08-05
NIFTY,2026-09-29,26600.0,PE,0.0,0.0,0.0,2474.55,1842.06,0,0.0,0,0,2026-08-05
NIFTY,2026-09-29,26250.0,PE,0.0,0.0,0.0,2180.0,1553.64,0,0.0,0,0,2026-08-05
NIFTY,2026-09-29,26100.0,PE,1296.0,1296.0,1296.0,1296.0,1435.77,1,1780740.0,65,65,2026-08-05
NIFTY,2026-09-29,25500.0,PE,799.95,903.45,766.2,835.25,835.25,1661,2841970371.5,560820,12350,2026-08-05
NIFTY,2026-09-29,25100.0,PE,515.1,621.7,514.0,569.05,569.05,113,188538067.25,20865,2080,2026-08-05
NIFTY,2026-09-29,23800.0,PE,110.3,141.8,103.0,116.55,116.55,3844,5975990507.5,412880,70525,2026-08-05
NIFTY,2026-09-29,23100.0,PE,45.8,59.85,45.8,49.75,49.75,472,710285069.0,82355,-1625,2026-08-05
NIFTY,2026-09-29,22700.0,PE,32.9,39.5,32.15,33.65,33.65,519,766977185.0,50700,1430,2026-08-05
NIFTY,2026-09-29,22000.0,PE,20.0,22.3,19.2,19.65,19.65,3490,4995374013.5,719875,28535,2026-08-05
NIFTY,2026-09-08,26000.0,PE,0.0,0.0,0.0,1356.15,1336.08,0,0.0,0,0,2026-08-05
NIFTY,2026-09-08,25850.0,PE,0.0,0.0,0.0,1234.05,1213.98,0,0.0,0,0,2026-08-05
NIFTY,2026-09-08,25550.0,PE,0.0,0.0,0.0,1003.8,984.03,0,0.0,0,0,2026-08-05
NIFTY,2026-09-08,24850.0,PE,0.0,0.0,0.0,557.75,540.37,0,0.0,0,0,2026-08-05
NIFTY,2026-09-08,24200.0,PE,0.0,0.0,0.0,274.65,261.68,0,0.0,0,0,2026-08-05
NIFTY,2026-09-08,24100.0,PE,0.0,0.0,0.0,242.3,230.14,0,0.0,0,0,2026-08-05
NIFTY,2026-09-08,23750.0,PE,0.0,0.0,0.0,150.75,141.39,0,0.0,0,0,2026-08-05
NIFTY,2026-09-08,23000.0,PE,0.0,0.0,0.0,43.65,39.52,0,0.0,0,0,2026-08-05
NIFTY,2026-09-01,26050.0,PE,0.0,0.0,0.0,1766.25,1382.44,0,0.0,0,0,2026-08-05
NIFTY,2026-09-01,24600.0,PE,274.95,308.0,205.9,251.05,251.05,686,1107805052.25,22035,9620,2026-08-05
NIFTY,2026-09-01,23650.0,PE,0.0,0.0,0.0,264.15,94.29,0,0.0,0,0,2026-08-05
NIFTY,2026-09-01,23150.0,PE,0.0,0.0,0.0,139.2,35.45,0,0.0,0,0,2026-08-05
NIFTY,2026-09-01,22900.0,PE,15.75,18.0,15.45,18.0,20.21,36,53624389.0,7475,-715,2026-08-05
NIFTY,2026-09-01,22300.0,PE,0.0,0.0,0.0,11.8,4.22,0,0.0,195,0,2026-08-05
NIFTY,2026-08-25,26800.0,PE,0.0,0.0,0.0,2250.0,2093.51,0,0.0,130,0,2026-08-05
NIFTY,2026-08-25,26300.0,PE,1559.95,1716.1,1558.3,1643.6,1643.6,485,880179839.5,475215,-23920,2026-08-05
NIFTY,2026-08-25,25900.0,PE,1203.25,1255.0,1158.75,1245.1,1245.1,7,12337568.75,5915,0,2026-08-05
NIFTY,2026-08-25,25650.0,PE,0.0,0.0,0.0,1625.0,1029.56,0,0.0,195,0,2026-08-05
NIFTY,2026-08-25,24650.0,PE,258.85,305.0,191.25,242.85,242.85,13050,21110531984.75,216255,19435,2026-08-05
NIFTY,2026-08-25,24100.0,PE,85.8,108.7,58.25,79.9,79.9,26886,42261965447.0,2195505,360880,2026-08-05
NIFTY,2026-08-25,23950.0,PE,60.8,79.55,43.6,56.25,56.25,2557,3990169459.25,115895,18070,2026-08-05
NIFTY,2026-08-25,23900.0,PE,47.85,72.2,38.35,50.6,50.6,22278,34684595010.0,791375,15275,2026-08-05
NIFTY,2026-08-25,23300.0,PE,18.0,22.0,14.25,15.2,15.2,10992,16659882157.75,489775,113555,2026-08-05
NIFTY,2026-08-25,21250.0,PE,4.1,4.25,3.1,3.9,3.9,73,100849755.5,6695,-65,2026-08-05
NIFTY,2026-08-18,25550.0,PE,0.0,0.0,0.0,1452.05,924.9,0,0.0,0,0,2026-08-05
NIFTY,2026-08-18,24250.0,PE,61.85,107.4,50.9,70.95,70.95,9081,14359261741.5,144430,21840,2026-08-05
NIFTY,2026-08-18,24050.0,PE,36.65,63.15,30.05,40.0,40.0,4526,7088301883.0,86450,24570,2026-08-05
NIFTY,2026-08-18,23300.0,PE,7.6,10.9,6.8,7.55,7.55,10145,15370030783.25,201695,102245,2026-08-05
NIFTY,2026-08-11,27150.0,PE,0.0,0.0,0.0,2608.05,2498.32,0,0.0,0,0,2026-08-05
NIFTY,2026-08-11,26950.0,PE,0.0,0.0,0.0,2415.2,2298.52,0,0.0,0,0,2026-08-05
NIFTY,2026-08-11,26350.0,PE,0.0,0.0,0.0,1852.25,1699.26,0,0.0,0,0,2026-08-05
NIFTY,2026-08-11,21700.0,CE,0.0,0.0,0.0,2828.05,2946.26,0,0.0,0,0,2026-08-05
NIFTY,2026-08-11,23850.0,CE,832.9,850.0,697.35,756.65,756.65,160,256045702.25,17875,-2275,2026-08-05
NIFTY,2026-08-11,24350.0,CE,320.0,380.05,261.1,305.8,305.8,42040,67380732997.5,305305,16250,2026-08-05
NIFTY,2026-08-11,24600.0,CE,149.0,193.55,112.1,143.9,143.9,3169999,5100555764606.25,7919470,1506895,2026-08-05
NIFTY,2026-08-11,24700.0,CE,101.5,136.6,74.2,98.35,98.35,2423582,3907942892187.75,7408505,2729740,2026-08-05
NIFTY,2026-08-11,25000.0,CE,22.8,35.65,18.65,25.7,25.7,1460738,2376235960806.5,8810945,2592850,2026-08-05
NIFTY,2026-08-11,26450.0,CE,1.05,1.45,0.7,0.8,0.8,4637,7972435207.75,22035,21450,2026-08-05
NIFTY,2026-08-18,23300.0,CE,0.0,0.0,0.0,1060.7,1385.28,0,0.0,0,0,2026-08-05
NIFTY,2026-08-18,24950.0,CE,62.15,96.95,61.75,77.1,77.1,7212,11733541693.25,119535,47840,2026-08-05
NIFTY,2026-08-18,25800.0,CE,4.15,5.3,3.6,4.7,4.7,8608,14438165917.5,169780,137150,2026-08-05
NIFTY,2026-08-18,25850.0,CE,3.85,4.5,3.35,4.0,4.0,1041,1749404533.5,24440,11180,2026-08-05
NIFTY,2026-08-18,26400.0,CE,1.75,2.3,1.2,1.7,1.7,325,557737768.25,13520,13000,2026-08-05
NIFTY,2026-08-18,26500.0,CE,1.25,2.15,1.25,1.5,1.5,2208,3803524357.75,42250,41730,2026-08-05
NIFTY,2026-08-18,26800.0,CE,1.45,1.8,1.15,1.25,1.25,46,80136244.5,780,390,2026-08-05
NIFTY,2026-08-18,26950.0,CE,1.7,1.7,1.05,1.05,1.05,4,7007373.75,390,0,2026-08-05
NIFTY,2026-08-25,21450.0,CE,0.0,0.0,0.0,2848.15,3245.79,0,0.0,0,0,2026-08-05
NIFTY,2026-08-25,21550.0,CE,0.0,0.0,0.0,2758.3,3146.14,0,0.0,0,0,2026-08-05
NIFTY,2026-08-25,22650.0,CE,0.0,0.0,0.0,1653.9,2054.07,0,0.0,780,0,2026-08-05
NIFTY,2026-08-25,23300.0,CE,1410.1,1421.1,1310.0,1315.2,1429.81,7,11216523.5,28210,-65,2026-08-05
NIFTY,2026-08-25,24150.0,CE,619.95,654.85,544.6,592.15,592.15,244,392448988.75,51870,-1625,2026-08-05
NIFTY,2026-08-25,24350.0,CE,448.4,495.2,399.9,435.7,435.7,791,1274829926.5,126360,-8125,2026-08-05
NIFTY,2026-08-25,25650.0,CE,12.85,18.4,12.85,15.35,15.35,1931,3221444372.25,65845,-18135,2026-08-05
NIFTY,2026-08-25,25700.0,CE,14.0,15.95,12.05,13.15,13.15,8327,13917587645.0,382850,-30940,2026-08-05
NIFTY,2026-08-25,26850.0,CE,1.35,4.05,1.25,2.7,2.7,178,310680090.5,3575,-1300,2026-08-05
NIFTY,2026-08-25,26950.0,CE,2.4,3.1,1.75,2.0,2.0,183,320594800.5,2535,130,2026-08-05
NIFTY,2026-09-01,23700.0,CE,0.0,0.0,0.0,590.0,1133.6,0,0.0,0,0,2026-08-05
NIFTY,2026-09-01,24050.0,CE,0.0,0.0,0.0,715.35,863.78,0,0.0,0,0,2026-08-05
NIFTY,2026-09-01,24200.0,CE,636.55,663.05,555.9,555.9,759.21,55,88707638.5,2990,715,2026-08-05
NIFTY,2026-09-01,24300.0,CE,575.45,596.5,486.95,514.05,514.05,177,285398860.5,8645,6630,2026-08-05
NIFTY,2026-09-01,25750.0,CE,0.0,0.0,0.0,125.8,118.87,0,0.0,0,0,2026-08-05
NIFTY,2026-09-01,26300.0,CE,0.0,0.0,0.0,60.45,47.83,0,0.0,0,0,2026-08-05
NIFTY,2026-09-01,26750.0,CE,4.3,6.0,4.2,6.0,20.45,12,20868835.0,715,-260,2026-08-05
NIFTY,2026-09-08,23400.0,CE,0.0,0.0,0.0,1438.9,1449.14,0,0.0,0,0,2026-08-05
NIFTY,2026-09-08,25750.0,CE,0.0,0.0,0.0,169.75,167.37,0,0.0,0,0,2026-08-05
NIFTY,2026-09-08,26050.0,CE,0.0,0.0,0.0,114.15,111.81,0,0.0,0,0,2026-08-05
NIFTY,2026-09-29,21900.0,CE,0.0,0.0,0.0,2350.0,2955.46,0,0.0,130,0,2026-08-05
NIFTY,2026-09-29,22500.0,CE,2320.0,2369.65,2235.0,2287.95,2287.95,124,200047864.25,181935,1430,2026-08-05
NIFTY,2026-09-29,22950.0,CE,0.0,0.0,0.0,1377.2,1981.83,0,0.0,390,0,2026-08-05
NIFTY,2026-09-29,23950.0,CE,946.75,968.1,946.75,968.1,1185.06,2,3237965.25,2860,130,2026-08-05
NIFTY,2026-09-29,24200.0,CE,806.0,840.75,744.55,775.25,775.25,298,484185604.5,82550,-585,2026-08-05
NIFTY,2026-09-29,25350.0,CE,0.0,0.0,0.0,393.25,434.97,0,0.0,0,0,2026-08-05
NIFTY,2026-09-29,26250.0,CE,0.0,0.0,0.0,198.4,187.66,0,0.0,0,0,2026-08-05
NIFTY,2026-09-29,26350.0,CE,0.0,0.0,0.0,182.8,169.23,0,0.0,0,0,2026-08-05
NIFTY,2026-09-29,26550.0,CE,0.0,0.0,0.0,154.75,136.8,0,0.0,0,0,2026-08-05
NIFTY,2026-09-29,27200.0,CE,0.0,0.0,0.0,87.25,64.79,0,0.0,0,0,2026-08-05
NIFTY,2026-09-29,34500.0,CE,0.0,0.0,0.0,0.55,0.0,0,0.0,9815,0,2026-08-05
NIFTY,2026-10-27,22300.0,CE,0.0,0.0,0.0,2165.6,2720.45,0,0.0,0,0,2026-08-05
NIFTY,2026-10-27,22400.0,CE,0.0,0.0,0.0,2083.15,2630.51,0,0.0,0,0,2026-08-05
NIFTY,2026-10-27,22600.0,CE,0.0,0.0,0.0,1922.3,2453.41,0,0.0,0,0,2026-08-05
NIFTY,2026-10-27,22700.0,CE,0.0,0.0,0.0,1844.0,2366.37,0,0.0,0,0,2026-08-05
NIFTY,2026-10-27,22850.0,CE,0.0,0.0,0.0,1729.4,2237.88,0,0.0,0,0,2026-08-05
NIFTY,2026-10-27,24000.0,CE,1080.4,1182.35,1050.25,1100.85,1100.85,363,592897925.75,65650,2405,2026-08-05
NIFTY,2026-10-27,24400.0,CE,835.0,850.95,786.0,790.95,790.95,13,21308748.5,3510,-65,2026-08-05
NIFTY,2026-10-27,24450.0,CE,804.6,804.6,804.6,804.6,1074.6,1,1641549.0,65,65,2026-08-05
NIFTY,2026-10-27,24900.0,CE,540.0,554.0,491.5,511.1,511.1,93,153685207.0,10010,3510,2026-08-05
NIFTY,2026-10-27,25550.0,CE,0.0,0.0,0.0,361.35,550.06,0,0.0,0,0,2026-08-05
NIFTY,2026-10-27,25700.0,CE,201.4,218.9,184.8,191.15,191.15,261,439378540.25,30940,6500,2026-08-05
NIFTY,2026-10-27,25900.0,CE,0.0,0.0,0.0,277.95,431.14,0,0.0,0,0,2026-08-05
NIFTY,2026-10-27,27050.0,CE,0.0,0.0,0.0,106.0,174.57,0,0.0,0,0,2026-08-05
NIFTY,2026-10-27,27150.0,CE,0.0,0.0,0.0,96.75,160.13,0,0.0,0,0,2026-08-05
NIFTY,2026-12-29,24000.0,CE,1472.0,1510.0,1415.65,1448.1,1448.1,6613,10948589470.0,1071690,238290,2026-08-05
NIFTY,2026-12-29,30000.0,CE,18.55,18.55,16.1,17.8,17.8,1540,3004700530.0,778585,-58370,2026-08-05
NIFTY,2027-06-29,18000.0,CE,0.0,0.0,0.0,4066.45,7670.04,0,0.0,0,0,2026-08-05
NIFTY,2028-06-27,21000.0,CE,0.0,0.0,0.0,5226.55,6349.54,0,0.0,0,0,2026-08-05
NIFTY,2028-12-26,19500.0,CE,0.0,0.0,0.0,9716.4,8121.66,0,0.0,0,0,2026-08-05
NIFTY,2028-12-26,33000.0,CE,0.0,0.0,0.0,2477.5,1301.82,0,0.0,0,0,2026-08-05
NIFTY,2029-06-26,24000.0,CE,0.0,0.0,0.0,8085.35,5600.44,0,0.0,0,0,2026-08-05
NIFTY,2029-12-24,27000.0,CE,0.0,0.0,0.0,6201.65,4596.43,0,0.0,0,0,2026-08-05
NIFTY,2030-12-31,33000.0,CE,0.0,0.0,0.0,3948.25,3413.14,0,0.0,0,0,2026-08-05
NIFTY,2026-08-11,23450.0,PE,3.8,4.65,2.55,3.05,3.05,77445,118064010317.5,439140,64025,2026-08-05
NIFTY,2026-08-11,23600.0,PE,4.55,6.4,3.1,3.6,3.6,350311,537479156110.0,2462980,510445,2026-08-05
NIFTY,2026-08-11,23650.0,PE,6.0,7.4,3.3,3.95,3.95,152942,235159492405.5,543725,209430,2026-08-05
NIFTY,2026-08-18,24650.0,CE,197.9,231.0,160.85,185.3,185.3,18574,29998071363.0,199030,117650,2026-08-05
NIFTY,2026-08-18,23550.0,CE,1043.6,1043.6,1043.6,1043.6,1148.88,4,6394336.0,585,0,2026-08-05
NIFTY,2026-08-18,24300.0,PE,75.3,121.2,57.6,80.65,80.65,41143,65210900430.0,1157260,280085,2026-08-05
NIFTY,2026-08-18,25200.0,PE,553.05,666.7,525.0,600.8,600.8,73,122443860.5,1040,975,2026-08-05
NIFTY,2026-08-18,25800.0,PE,1140.25,1157.9,1140.25,1157.9,1148.59,2,3503379.75,65,65,2026-08-05
NIFTY,2026-08-18,26150.0,PE,0.0,0.0,0.0,1988.05,1479.54,0,0.0,0,0,2026-08-05
NIFTY,2026-08-18,27000.0,PE,0.0,0.0,0.0,2801.4,2317.67,0,0.0,0,0,2026-08-05
NIFTY,2026-08-18,27050.0,PE,0.0,0.0,0.0,2850.25,2367.47,0,0.0,0,0,2026-08-05
NIFTY,2026-08-25,21650.0,PE,5.35,5.95,4.35,4.4,4.4,29,40819483.25,2405,-130,2026-08-05
NIFTY,2026-08-25,22300.0,PE,6.3,7.15,5.45,5.9,5.9,6594,9560652933.0,261495,-59800,2026-08-05
NIFTY,2026-08-25,22950.0,PE,11.0,13.65,9.55,10.0,10.0,2944,4393972891.75,63960,-12870,2026-08-05
NIFTY,2026-08-25,23750.0,PE,51.95,52.0,29.4,36.6,36.6,2159,3338246008.5,98735,26715,2026-08-05
NIFTY,2026-08-25,24050.0,PE,72.9,97.95,52.4,70.2,70.2,3938,6175176718.75,116025,23270,2026-08-05
NIFTY,2026-08-25,24500.0,PE,175.0,234.6,124.1,182.25,182.25,103506,166042234107.75,4235725,-29380,2026-08-05
NIFTY,2026-08-25,23900.0,CE,775.0,883.75,749.05,799.7,799.7,286,459421192.75,248365,-2665,2026-08-05
NIFTY,2026-08-25,25400.0,CE,28.0,39.3,27.7,32.2,32.2,19862,32834635876.25,583570,84630,2026-08-05
NIFTY,2026-08-18,23950.0,PE,30.65,49.0,23.0,30.7,30.7,3492,5443523549.75,56680,16835,2026-08-05
NIFTY,2026-08-25,25500.0,CE,22.0,28.6,19.95,23.25,23.25,38977,64665423056.0,3045705,212160,2026-08-05
NIFTY,2026-08-25,25800.0,CE,10.5,12.3,9.45,10.55,10.55,6801,11409971547.0,263510,24310,2026-08-05
NIFTY,2026-08-25,26550.0,CE,3.45,4.95,2.4,2.85,2.85,682,1177113613.0,1300,390,2026-08-05
NIFTY,2026-09-01,22300.0,CE,0.0,0.0,0.0,2078.55,2428.61,0,0.0,0,0,2026-08-05
NIFTY,2026-09-01,22800.0,CE,0.0,0.0,0.0,1629.4,1942.54,0,0.0,0,0,2026-08-05
NIFTY,2026-09-01,22950.0,CE,0.0,0.0,0.0,1501.8,1800.01,0,0.0,0,0,2026-08-05
NIFTY,2026-09-01,24650.0,CE,316.0,320.85,287.75,300.85,300.85,11,17844333.0,260,0,2026-08-05
NIFTY,2026-09-01,25100.0,CE,125.0,144.85,107.6,113.05,113.05,276,452510110.0,18655,6045,2026-08-05
NIFTY,2026-09-01,25300.0,CE,0.0,0.0,0.0,215.9,225.9,0,0.0,0,0,2026-08-05
NIFTY,2029-06-26,27000.0,CE,0.0,0.0,0.0,6570.4,3970.59,0,0.0,0,0,2026-08-05
NIFTY,2026-08-25,25400.0,PE,701.05,850.6,690.0,770.3,770.3,114,193929534.5,20345,2275,2026-08-05
NIFTY,2026-08-25,25950.0,PE,0.0,0.0,0.0,1325.0,1289.27,0,0.0,130,0,2026-08-05
NIFTY,2026-08-25,27200.0,PE,0.0,0.0,0.0,2981.55,2487.54,0,0.0,0,0,2026-08-05
NIFTY,2026-09-01,22350.0,PE,10.15,10.15,10.15,10.15,4.86,1,1453409.75,65,65,2026-08-05
NIFTY,2026-09-01,22950.0,PE,16.15,18.0,15.05,17.75,22.71,18,26870574.25,1755,325,2026-08-05
NIFTY,2026-09-01,24050.0,PE,0.0,0.0,0.0,410.25,181.56,0,0.0,0,0,2026-08-05
NIFTY,2026-09-01,24300.0,PE,144.2,179.65,122.95,151.8,151.8,281,446587124.75,18525,4680,2026-08-05
NIFTY,2026-09-01,25300.0,PE,0.0,0.0,0.0,1152.1,788.09,0,0.0,0,0,2026-08-05
NIFTY,2026-09-01,25750.0,PE,0.0,0.0,0.0,1508.85,1129.04,0,0.0,0,0,2026-08-05
NIFTY,2026-09-01,25900.0,PE,0.0,0.0,0.0,1635.9,1253.53,0,0.0,0,0,2026-08-05
NIFTY,2026-09-01,25600.0,CE,0.0,0.0,0.0,151.35,148.75,0,0.0,0,0,2026-08-05
NIFTY,2026-09-01,26150.0,CE,0.0,0.0,0.0,74.45,62.16,0,0.0,0,0,2026-08-05
NIFTY,2026-09-01,26200.0,CE,0.0,0.0,0.0,69.55,57.03,0,0.0,0,0,2026-08-05
NIFTY,2026-09-01,26700.0,CE,3.65,4.2,3.65,4.2,22.58,14,24300555.5,1170,455,2026-08-05
NIFTY,2026-09-08,23200.0,CE,0.0,0.0,0.0,1612.45,1624.01,0,0.0,0,0,2026-08-05
NIFTY,2026-09-08,23450.0,CE,0.0,0.0,0.0,1396.6,1406.51,0,0.0,0,0,2026-08-05
NIFTY,2026-09-08,23600.0,CE,0.0,0.0,0.0,1272.75,1281.55,0,0.0,0,0,2026-08-05
NIFTY,2026-09-08,24600.0,CE,418.3,425.4,361.65,384.05,384.05,43,69821401.0,1560,1560,2026-08-05
NIFTY,2026-09-08,25150.0,CE,0.0,0.0,0.0,343.0,341.75,0,0.0,0,0,2026-08-05
NIFTY,2026-09-08,25950.0,CE,0.0,0.0,0.0,130.75,128.35,0,0.0,0,0,2026-08-05
NIFTY,2026-09-01,26150.0,PE,0.0,0.0,0.0,1854.75,1470.55,0,0.0,0,0,2026-08-05
NIFTY,2026-09-01,26250.0,PE,0.0,0.0,0.0,1944.45,1560.19,0,0.0,0,0,2026-08-05
NIFTY,2026-09-01,26650.0,PE,0.0,0.0,0.0,2313.1,1931.06,0,0.0,0,0,2026-08-05
NIFTY,2026-09-08,23150.0,PE,0.0,0.0,0.0,57.4,52.4,0,0.0,0,0,2026-08-05
NIFTY,2026-09-29,15000.0,CE,0.0,0.0,0.0,10499.3,9772.86,0,0.0,0,0,2026-08-05
NIFTY,2026-09-29,18000.0,CE,0.0,0.0,0.0,6300.0,6802.51,0,0.0,1300,0,2026-08-05
NIFTY,2026-09-29,22300.0,CE,0.0,0.0,0.0,1833.95,2574.4,0,0.0,195,0,2026-08-05
NIFTY,2026-09-29,22350.0,CE,0.0,0.0,0.0,1788.15,2527.47,0,0.0,195,0,2026-08-05
NIFTY,2026-09-29,23200.0,CE,0.0,0.0,0.0,1575.0,1766.94,0,0.0,1820,0,2026-08-05
NIFTY,2026-09-29,23400.0,CE,1480.0,1480.0,1390.0,1390.0,1601.81,8,12922845.0,3315,-130,2026-08-05
NIFTY,2026-09-29,23450.0,CE,0.0,0.0,0.0,1402.05,1561.57,0,0.0,390,0,2026-08-05
NIFTY,2026-09-29,23500.0,CE,1363.25,1430.0,1295.0,1341.8,1341.8,191,308720743.5,135980,390,2026-08-05
NIFTY,2026-09-08,23500.0,PE,0.0,0.0,0.0,103.3,95.89,0,0.0,0,0,2026-08-05
NIFTY,2026-09-08,25000.0,PE,0.0,0.0,0.0,641.45,623.36,0,0.0,0,0,2026-08-05
NIFTY,2026-09-29,23650.0,CE,0.0,0.0,0.0,1221.6,1405.15,0,0.0,650,0,2026-08-05
NIFTY,2026-09-29,24250.0,CE,774.0,786.9,718.5,741.6,741.6,15,24377687.75,10595,-65,2026-08-05
NIFTY,2026-09-29,25050.0,CE,290.0,321.6,267.25,282.9,282.9,200,329456296.0,34450,1495,2026-08-05
NIFTY,2026-09-29,25250.0,CE,0.0,0.0,0.0,422.05,472.96,0,0.0,0,0,2026-08-05
NIFTY,2026-09-29,25300.0,CE,196.95,220.65,179.0,192.25,192.25,2301,3813864388.75,443690,35360,2026-08-05
NIFTY,2026-09-08,25150.0,PE,0.0,0.0,0.0,731.9,713.18,0,0.0,0,0,2026-08-05
NIFTY,2026-09-08,25200.0,PE,0.0,0.0,0.0,763.5,744.6,0,0.0,0,0,2026-08-05
NIFTY,2026-09-29,26850.0,CE,0.0,0.0,0.0,119.45,97.92,0,0.0,0,0,2026-08-05
NIFTY,2026-10-27,22250.0,CE,0.0,0.0,0.0,2207.3,2765.74,0,0.0,0,0,2026-08-05
NIFTY,2026-10-27,22450.0,CE,0.0,0.0,0.0,2042.45,2585.88,0,0.0,0,0,2026-08-05
NIFTY,2026-08-11,25900.0,CE,1.15,1.8,0.9,1.15,1.15,237230,399395603402.25,3781960,2212210,2026-08-05
NIFTY,2026-08-11,25550.0,CE,3.0,3.55,2.25,3.0,3.0,199166,330803308439.5,1248195,723710,2026-08-05
NIFTY,2026-08-11,25500.0,CE,3.05,4.1,2.55,3.35,3.35,710901,1178470851252.5,6068400,1544660,2026-08-05
NIFTY,2026-08-11,23350.0,CE,1188.9,1213.5,1188.9,1213.5,1298.87,3,4788179.5,1820,-65,2026-08-05
NIFTY,2026-08-11,23250.0,CE,0.0,0.0,0.0,1208.4,1398.31,0,0.0,195,0,2026-08-05
NIFTY,2026-08-11,22700.0,CE,0.0,0.0,0.0,1867.15,1947.26,0,0.0,0,0,2026-08-05
NIFTY,2026-09-08,25350.0,PE,0.0,0.0,0.0,862.5,843.14,0,0.0,0,0,2026-08-05
NIFTY,2026-09-29,21000.0,PE,16.45,16.95,15.2,15.45,15.45,4584,6261880638.0,1470040,-16900,2026-08-05
NIFTY,2026-09-29,21950.0,PE,20.95,20.95,20.1,20.1,15.82,8,11424679.5,8905,130,2026-08-05
NIFTY,2026-09-29,22550.0,PE,29.05,35.65,27.65,29.0,29.0,91,133564739.75,7670,1105,2026-08-05
NIFTY,2026-09-29,22600.0,PE,30.8,35.5,29.7,30.35,30.35,304,447207013.5,35945,-845,2026-08-05
NIFTY,2026-09-29,23400.0,PE,65.85,87.05,62.85,70.55,70.55,1623,2476409663.0,135915,18655,2026-08-05
NIFTY,2026-09-29,24750.0,PE,350.95,439.15,345.25,396.0,396.0,112,183001903.5,35100,-520,2026-08-05
NIFTY,2026-10-27,22750.0,CE,0.0,0.0,0.0,1805.4,2323.25,0,0.0,0,0,2026-08-05
NIFTY,2026-10-27,23150.0,CE,0.0,0.0,0.0,1510.7,1989.18,0,0.0,0,0,2026-08-05
NIFTY,2026-10-27,24550.0,CE,685.05,706.5,685.05,694.75,1017.1,18,29547345.75,1235,65,2026-08-05
NIFTY,2026-10-27,25200.0,CE,388.95,397.0,352.55,369.35,369.35,135,224415278.75,10400,1885,2026-08-05
NIFTY,2026-10-27,26250.0,CE,0.0,0.0,0.0,210.65,332.88,0,0.0,0,0,2026-08-05
NIFTY,2026-09-29,24950.0,PE,458.1,533.05,439.05,497.35,497.35,13,21498288.5,1040,130,2026-08-05
NIFTY,2026-09-29,25650.0,PE,0.0,0.0,0.0,1708.05,1106.3,0,0.0,0,0,2026-08-05
NIFTY,2026-10-27,26350.0,CE,0.0,0.0,0.0,194.1,309.52,0,0.0,0,0,2026-08-05
NIFTY,2026-08-18,23800.0,PE,25.45,33.75,16.15,19.65,19.65,29255,45298115222.75,539045,180895,2026-08-05
NIFTY,2026-08-18,23100.0,PE,5.7,7.85,4.65,5.8,5.8,2810,4220392124.0,73385,31915,2026-08-05
NIFTY,2026-08-18,22700.0,PE,3.6,5.3,3.6,4.2,4.2,4020,5932621500.0,110565,25285,2026-08-05
NIFTY,2026-08-11,26500.0,PE,1850.0,1900.0,1810.0,1896.45,1849.02,4,7374669.25,65,0,2026-08-05
NIFTY,2026-08-11,25950.0,PE,0.0,0.0,0.0,1497.75,1301.02,0,0.0,0,0,2026-08-05
NIFTY,2026-08-11,24900.0,PE,285.15,417.2,257.6,332.85,332.85,64979,106510289411.5,254215,107380,2026-08-05
NIFTY,2026-09-29,25700.0,PE,969.05,1046.0,945.0,1015.95,1140.92,8,13887558.75,195,-130,2026-08-05
NIFTY,2026-08-11,24650.0,PE,149.0,233.65,108.5,162.0,162.0,1620973,2613209909251.5,1423305,1132430,2026-08-05
NIFTY,2026-08-11,24000.0,PE,14.9,24.9,8.05,10.45,10.45,1370223,2138840856405.5,7380035,2078505,2026-08-05
NIFTY,2026-08-11,23250.0,PE,3.4,4.1,2.0,2.45,2.45,60579,91561074741.5,194610,-10140,2026-08-05
NIFTY,2026-08-11,23000.0,PE,2.05,2.95,1.6,1.85,1.85,193664,289554337322.25,4177680,103610,2026-08-05
NIFTY,2026-08-11,22150.0,PE,1.5,1.8,0.95,1.25,1.25,2017,2904144633.0,24245,7735,2026-08-05
NIFTY,2026-12-29,18000.0,CE,7040.95,7040.95,7040.95,7040.95,7093.33,1,1627661.75,2210,65,2026-08-05
NIFTY,2026-09-29,27150.0,PE,0.0,0.0,0.0,2959.15,2325.92,0,0.0,0,0,2026-08-05
NIFTY,2026-09-29,33000.0,PE,0.0,0.0,0.0,6552.15,8049.28,0,0.0,0,0,2026-08-05
NIFTY,2026-10-27,23100.0,PE,78.45,90.0,73.3,78.9,78.9,311,468583940.5,16900,5005,2026-08-05
NIFTY,2030-12-31,33000.0,PE,0.0,0.0,0.0,2387.3,3468.81,0,0.0,0,0,2026-08-05
NIFTY,2030-12-31,27000.0,PE,0.0,0.0,0.0,779.5,1391.38,0,0.0,0,0,2026-08-05
NIFTY,2029-12-24,19500.0,PE,0.0,0.0,0.0,61.2,184.13,0,0.0,0,0,2026-08-05
NIFTY,2026-10-27,23450.0,PE,106.0,120.65,106.0,113.2,113.2,34,52071295.25,7735,780,2026-08-05
NIFTY,2029-06-26,26000.0,PE,0.0,0.0,0.0,1650.0,1333.6,0,0.0,50,0,2026-08-05
NIFTY,2029-06-26,22500.0,PE,0.0,0.0,0.0,224.45,519.67,0,0.0,0,0,2026-08-05
NIFTY,2028-12-26,30000.0,PE,0.0,0.0,0.0,2352.75,3118.55,0,0.0,0,0,2026-08-05
NIFTY,2028-12-26,22500.0,PE,0.0,0.0,0.0,218.8,508.1,0,0.0,0,0,2026-08-05
NIFTY,2028-12-26,21000.0,PE,0.0,0.0,0.0,490.0,290.74,0,0.0,6930,0,2026-08-05
NIFTY,2028-06-27,25500.0,PE,0.0,0.0,0.0,667.45,1265.48,0,0.0,0,0,2026-08-05
NIFTY,2028-06-27,22000.0,PE,0.0,0.0,0.0,387.05,395.79,0,0.0,1040,0,2026-08-05
NIFTY,2028-06-27,18000.0,PE,0.0,0.0,0.0,396.75,50.35,0,0.0,0,0,2026-08-05
NIFTY,2027-12-28,30000.0,PE,0.0,0.0,0.0,3339.0,3700.27,0,0.0,195,0,2026-08-05
NIFTY,2027-12-28,22500.0,PE,0.0,0.0,0.0,186.5,429.89,0,0.0,0,0,2026-08-05
NIFTY,2026-10-27,24300.0,PE,270.0,309.95,249.95,279.15,279.15,291,464797606.0,16315,7865,2026-08-05
NIFTY,2026-10-27,24800.0,PE,415.6,494.9,411.1,451.05,451.05,157,257711675.0,8710,5200,2026-08-05
NIFTY,2026-10-27,24850.0,PE,451.7,504.0,450.75,471.2,471.2,14,23036435.5,845,715,2026-08-05
NIFTY,2026-10-27,25000.0,PE,508.5,594.9,490.3,538.85,538.85,1614,2678237055.0,177385,17550,2026-08-05
NIFTY,2026-10-27,25200.0,PE,620.0,620.0,600.0,619.95,891.93,47,78827654.75,5005,2860,2026-08-05
NIFTY,2026-10-27,25600.0,PE,859.85,883.6,859.85,883.6,883.6,2,3441324.25,130,130,2026-08-05
NIFTY,2026-10-27,26000.0,PE,1146.15,1246.55,1111.95,1173.95,1173.95,291,513924677.5,23790,10465,2026-08-05
NIFTY,2026-10-27,26600.0,PE,0.0,0.0,0.0,2372.55,1833.27,0,0.0,0,0,2026-08-05
NIFTY,2026-12-29,12000.0,PE,5.15,7.5,5.15,7.25,7.25,75,58534996.0,19970,-260,2026-08-05
NIFTY,2027-03-30,33000.0,PE,0.0,0.0,0.0,8415.45,7040.32,0,0.0,0,0,2026-08-05
NIFTY,2027-12-28,19500.0,PE,0.0,0.0,0.0,29.25,86.93,0,0.0,0,0,2026-08-05
NIFTY,2027-06-29,33000.0,PE,0.0,0.0,0.0,4691.7,6615.69,0,0.0,0,0,2026-08-05
NIFTY,2026-12-29,34500.0,CE,0.0,0.0,0.0,5.0,1.47,0,0.0,715,0,2026-08-05
NIFTY,2027-03-30,22500.0,CE,3150.0,3150.0,3150.0,3150.0,3333.73,2,3334500.0,3120,0,2026-08-05
NIFTY,2031-06-24,27000.0,CE,0.0,0.0,0.0,5699.0,6373.55,0,0.0,0,0,2026-08-05
NIFTY,2030-12-31,21000.0,CE,0.0,0.0,0.0,10552.5,9246.02,0,0.0,0,0,2026-08-05
NIFTY,2029-12-24,30000.0,CE,0.0,0.0,0.0,2863.2,3303.73,0,0.0,8145,0,2026-08-05
NIFTY,2028-12-26,16500.0,CE,0.0,0.0,0.0,12176.65,10560.15,0,0.0,0,0,2026-08-05
NIFTY,2029-12-24,25500.0,CE,0.0,0.0,0.0,6500.6,5367.6,0,0.0,0,0,2026-08-05
NIFTY,2026-08-18,27150.0,CE,1.05,1.6,1.05,1.2,1.2,24,42356106.0,780,780,2026-08-05
NIFTY,2026-08-18,26350.0,CE,1.7,2.3,1.7,1.9,5.61,66,113050548.0,715,455,2026-08-05
NIFTY,2026-08-18,26300.0,CE,1.95,2.35,1.7,2.0,2.0,518,885589484.0,25805,25285,2026-08-05
NIFTY,2026-08-18,25700.0,CE,7.65,7.65,4.6,6.1,6.1,15360,25664570109.75,235950,124020,2026-08-05
NIFTY,2026-08-11,22150.0,CE,0.0,0.0,0.0,2388.45,2496.7,0,0.0,0,0,2026-08-05
NIFTY,2026-08-11,22900.0,CE,0.0,0.0,0.0,1120.0,1747.49,0,0.0,195,0,2026-08-05
NIFTY,2026-08-11,23750.0,CE,1052.9,1052.9,793.65,856.9,856.9,83,132638333.75,10790,390,2026-08-05
NIFTY,2026-08-11,23900.0,CE,764.9,800.9,639.2,716.6,716.6,1268,2029409388.5,218855,-2015,2026-08-05
NIFTY,2026-08-11,25300.0,CE,6.1,8.4,5.05,6.85,6.85,508745,836843666304.75,4137575,279435,2026-08-05
NIFTY,2026-08-11,25350.0,CE,5.1,7.05,4.15,5.75,5.75,246974,407037915787.75,1275495,721240,2026-08-05
NIFTY,2026-08-11,25600.0,CE,2.4,3.1,2.05,2.6,2.6,419841,698686402030.5,6039865,489775,2026-08-05
NIFTY,2026-08-11,26000.0,CE,1.1,1.55,0.9,1.05,1.05,423346,715484260221.25,8627515,3219580,2026-08-05
NIFTY,2026-08-18,22450.0,CE,0.0,0.0,0.0,1774.75,2223.35,0,0.0,0,0,2026-08-05
NIFTY,2026-08-18,22700.0,CE,0.0,0.0,0.0,1551.05,1974.55,0,0.0,0,0,2026-08-05
NIFTY,2026-08-18,23950.0,CE,773.65,773.65,693.1,713.05,713.05,18,28887452.75,1690,-845,2026-08-05
NIFTY,2026-08-18,24300.0,CE,380.0,476.05,369.6,410.25,410.25,2187,3512847133.25,125905,6110,2026-08-05
NIFTY,2031-06-24,27000.0,PE,0.0,0.0,0.0,1653.15,1313.84,0,0.0,0,0,2026-08-05
NIFTY,2029-12-24,28500.0,PE,0.0,0.0,0.0,1255.9,2080.47,0,0.0,0,0,2026-08-05
NIFTY,2029-12-24,27000.0,PE,0.0,0.0,0.0,1177.9,1567.59,0,0.0,0,0,2026-08-05
NIFTY,2029-12-24,22500.0,PE,0.0,0.0,0.0,225.7,521.04,0,0.0,0,0,2026-08-05
NIFTY,2029-06-26,33000.0,PE,0.0,0.0,0.0,3022.85,4448.1,0,0.0,0,0,2026-08-05
NIFTY,2029-06-26,28500.0,PE,0.0,0.0,0.0,1349.1,2225.83,0,0.0,0,0,2026-08-05
NIFTY,2028-12-26,25500.0,PE,0.0,0.0,0.0,648.2,1230.87,0,0.0,0,0,2026-08-05
NIFTY,2028-06-27,24000.0,PE,0.0,0.0,0.0,1692.75,812.62,0,0.0,0,0,2026-08-05
NIFTY,2027-12-28,21000.0,PE,230.0,240.2,228.0,240.1,240.1,21,28981247.75,16625,130,2026-08-05
NIFTY,2027-12-28,17000.0,PE,0.0,0.0,0.0,57.2,12.73,0,0.0,17750,0,2026-08-05
NIFTY,2027-06-29,25500.0,PE,0.0,0.0,0.0,667.15,1262.07,0,0.0,0,0,2026-08-05
NIFTY,2027-06-29,21000.0,PE,151.0,151.0,141.05,141.8,135.82,13,17867642.0,5945,325,2026-08-05
NIFTY,2026-10-27,26400.0,PE,0.0,0.0,0.0,2204.4,1680.56,0,0.0,0,0,2026-08-05
NIFTY,2026-10-27,26250.0,PE,0.0,0.0,0.0,2081.05,1567.79,0,0.0,0,0,2026-08-05
NIFTY,2026-10-27,25700.0,PE,938.5,1002.95,938.5,952.1,952.1,10,17326273.25,260,260,2026-08-05
NIFTY,2026-10-27,23800.0,PE,151.85,185.0,147.6,162.7,162.7,189,294348947.75,35100,6695,2026-08-05
NIFTY,2026-10-27,23750.0,PE,0.0,0.0,0.0,529.65,303.65,0,0.0,0,0,2026-08-05
NIFTY,2026-10-27,23150.0,PE,0.0,0.0,0.0,327.65,170.2,0,0.0,0,0,2026-08-05
NIFTY,2026-10-27,22950.0,PE,0.0,0.0,0.0,274.9,137.7,0,0.0,0,0,2026-08-05
NIFTY,2026-10-27,22900.0,PE,0.0,0.0,0.0,262.65,130.38,0,0.0,0,0,2026-08-05
NIFTY,2026-09-29,34500.0,PE,0.0,0.0,0.0,7064.95,9534.46,0,0.0,0,0,2026-08-05
NIFTY,2026-09-29,26050.0,PE,0.0,0.0,0.0,2017.5,1397.32,0,0.0,0,0,2026-08-05
NIFTY,2026-09-29,26000.0,PE,1236.6,1314.4,1162.1,1238.25,1238.25,607,1073643333.75,792010,20345,2026-08-05
NIFTY,2026-09-29,25550.0,PE,0.0,0.0,0.0,1632.65,1038.64,0,0.0,0,0,2026-08-05
NIFTY,2026-09-29,25300.0,PE,648.65,742.2,632.7,699.3,699.3,24,40492747.75,8255,845,2026-08-05
NIFTY,2026-09-29,25050.0,PE,488.0,547.1,488.0,547.1,733.77,6,9977636.5,390,130,2026-08-05
NIFTY,2026-09-29,24850.0,PE,394.45,464.5,394.45,438.0,438.0,25,41083623.75,8060,-260,2026-08-05
NIFTY,2026-09-29,23050.0,PE,46.35,57.05,45.8,49.95,49.95,111,166664540.25,22230,-585,2026-08-05
NIFTY,2026-09-29,22400.0,PE,25.9,29.7,25.2,26.35,26.35,519,756565592.25,36920,-10530,2026-08-05
NIFTY,2026-09-08,26200.0,PE,0.0,0.0,0.0,1525.35,1505.32,0,0.0,0,0,2026-08-05
NIFTY,2026-09-08,26150.0,PE,0.0,0.0,0.0,1482.45,1462.38,0,0.0,0,0,2026-08-05
NIFTY,2026-09-08,26050.0,PE,0.0,0.0,0.0,1397.8,1377.74,0,0.0,0,0,2026-08-05
NIFTY,2026-09-08,23950.0,PE,0.0,0.0,0.0,200.05,189.17,0,0.0,0,0,2026-08-05
NIFTY,2026-09-08,23850.0,PE,0.0,0.0,0.0,173.75,163.59,0,0.0,0,0,2026-08-05
NIFTY,2026-09-01,26850.0,PE,0.0,0.0,0.0,2502.1,2121.98,0,0.0,0,0,2026-08-05
NIFTY,2026-09-01,26200.0,PE,0.0,0.0,0.0,1899.45,1515.19,0,0.0,0,0,2026-08-05
NIFTY,2026-09-01,25800.0,PE,0.0,0.0,0.0,1550.85,1170.01,0,0.0,0,0,2026-08-05
NIFTY,2026-09-01,24500.0,PE,190.0,262.3,171.1,212.4,212.4,1230,1976426832.25,65520,6045,2026-08-05
NIFTY,2026-09-01,24350.0,PE,131.0,193.75,131.0,164.0,164.0,30,47789582.75,3250,1430,2026-08-05
NIFTY,2026-09-01,24150.0,PE,0.0,0.0,0.0,453.7,210.61,0,0.0,0,0,2026-08-05
NIFTY,2026-09-01,23200.0,PE,20.55,26.85,15.1,20.65,20.65,116,175092404.5,12675,390,2026-08-05
NIFTY,2026-09-01,23000.0,PE,15.6,20.45,15.5,16.55,16.55,306,457826590.0,31655,455,2026-08-05
NIFTY,2026-09-01,22600.0,PE,11.75,11.75,11.75,11.75,9.61,11,16167401.25,6955,0,2026-08-05
NIFTY,2026-09-01,22550.0,PE,0.0,0.0,0.0,13.15,8.42,0,0.0,130,0,2026-08-05
NIFTY,2026-09-01,22400.0,PE,10.3,10.3,10.15,10.15,5.6,5,7283328.0,2145,-65,2026-08-05
NIFTY,2026-08-25,26900.0,PE,0.0,0.0,0.0,2715.0,2191.56,0,0.0,0,0,2026-08-05
NIFTY,2026-08-25,26350.0,PE,0.0,0.0,0.0,2245.7,1659.02,0,0.0,0,0,2026-08-05
NIFTY,2026-08-25,26050.0,PE,0.0,0.0,0.0,1763.2,1379.62,0,0.0,260,0,2026-08-05
NIFTY,2026-08-25,26000.0,PE,1330.85,1424.2,1257.75,1351.35,1351.35,1125,1997559801.25,2182440,-31070,2026-08-05
NIFTY,2026-08-11,22300.0,CE,0.0,0.0,0.0,2244.0,2346.85,0,0.0,0,0,2026-08-05
NIFTY,2026-08-25,25500.0,PE,826.05,947.0,782.4,866.8,866.8,2942,5034103525.75,1376895,-23270,2026-08-05
NIFTY,2026-08-25,24300.0,PE,125.5,162.25,88.95,121.15,121.15,32748,51986946976.25,1466790,142350,2026-08-05
NIFTY,2026-08-25,23600.0,PE,36.95,38.3,22.55,26.0,26.0,16151,24805205308.0,1063335,18850,2026-08-05
NIFTY,2026-08-25,23350.0,PE,19.5,24.25,15.9,17.05,17.05,2557,3884120509.75,57785,5590,2026-08-05
NIFTY,2026-08-25,22600.0,PE,8.1,9.6,7.05,7.3,7.3,3306,4858260082.0,117390,2665,2026-08-05
NIFTY,2026-08-25,22550.0,PE,7.75,9.1,6.85,7.1,7.1,303,444275230.75,18980,-4290,2026-08-05
NIFTY,2026-08-18,26950.0,PE,0.0,0.0,0.0,2752.6,2267.89,0,0.0,0,0,2026-08-05
NIFTY,2026-08-18,26600.0,PE,0.0,0.0,0.0,2413.6,1920.4,0,0.0,0,0,2026-08-05
NIFTY,2026-08-18,26100.0,PE,0.0,0.0,0.0,1650.0,1431.38,0,0.0,65,0,2026-08-05
NIFTY,2026-08-18,25900.0,PE,1250.45,1250.45,1216.55,1216.55,1241.46,2,3527355.0,65,65,2026-08-05
NIFTY,2026-08-18,25850.0,PE,0.0,0.0,0.0,1714.3,1194.82,0,0.0,0,0,2026-08-05
NIFTY,2026-08-18,25750.0,PE,0.0,0.0,0.0,1625.45,1102.8,0,0.0,0,0,2026-08-05
NIFTY,2026-08-18,25400.0,PE,751.2,842.8,751.0,774.25,774.25,19,32367208.25,195,130,2026-08-05
NIFTY,2026-08-18,24550.0,PE,143.65,218.95,119.0,162.25,162.25,17026,27355795525.5,102505,48815,2026-08-05
NIFTY,2026-08-18,24200.0,PE,60.2,94.5,43.75,61.85,61.85,23720,37413919010.0,469495,145860,2026-08-05
NIFTY,2026-08-18,23900.0,PE,26.05,43.8,20.55,26.3,26.3,18419,28647944968.5,346775,-19565,2026-08-05
NIFTY,2026-08-18,23400.0,PE,8.45,13.15,7.75,8.7,8.7,9822,14945264600.5,147290,-9490,2026-08-05
NIFTY,2026-08-18,23250.0,PE,7.15,10.0,6.1,6.45,6.45,860,1300070086.25,33150,23205,2026-08-05
NIFTY,2026-08-18,22400.0,PE,3.25,4.75,3.1,3.7,3.7,375,546091204.75,22360,9035,2026-08-05
NIFTY,2026-08-11,26650.0,PE,0.0,0.0,0.0,2130.15,1998.83,0,0.0,0,0,2026-08-05
NIFTY,2026-08-11,25300.0,PE,630.05,779.5,610.0,696.25,696.25,515,869887034.25,16770,7280,2026-08-05
NIFTY,2026-08-11,25000.0,PE,411.35,501.8,336.8,418.15,418.15,45965,75899534252.75,620750,137345,2026-08-05
NIFTY,2026-08-11,24350.0,PE,61.9,93.0,29.1,49.1,49.1,822008,1304255114080.75,1407315,564460,2026-08-05
NIFTY,2026-08-11,24150.0,PE,27.65,44.6,12.85,19.9,19.9,577578,907630367367.75,1339650,648895,2026-08-05
NIFTY,2026-08-11,22800.0,PE,2.25,2.55,1.35,1.55,1.55,80846,119822983387.25,931060,236470,2026-08-05
NIFTY,2026-08-11,22450.0,PE,1.65,2.5,1.2,1.35,1.35,4192,6117582263.0,56160,31525,2026-08-05
NIFTY,2026-08-11,21600.0,PE,1.15,1.15,0.75,0.85,0.85,75465,105957379047.0,3465930,-370435,2026-08-05
NIFTY,2031-06-24,33000.0,CE,0.0,0.0,0.0,3451.55,3931.91,0,0.0,0,0,2026-08-05
NIFTY,2031-06-24,21000.0,CE,0.0,0.0,0.0,8900.75,9731.35,0,0.0,0,0,2026-08-05
NIFTY,2030-12-31,31500.0,CE,0.0,0.0,0.0,4554.55,3922.02,0,0.0,0,0,2026-08-05
NIFTY,2030-06-25,21000.0,CE,0.0,0.0,0.0,10421.65,8700.72,0,0.0,0,0,2026-08-05
NIFTY,2029-12-24,18000.0,CE,0.0,0.0,0.0,11362.4,10323.16,0,0.0,0,0,2026-08-05
NIFTY,2027-12-28,16500.0,CE,0.0,0.0,0.0,11316.4,9584.06,0,0.0,0,0,2026-08-05
NIFTY,2027-03-30,31500.0,CE,0.0,0.0,0.0,94.65,106.32,0,0.0,0,0,2026-08-05
NIFTY,2027-03-30,27000.0,CE,349.95,368.8,343.0,350.9,350.9,1628,2894463877.5,305630,41990,2026-08-05
NIFTY,2026-12-29,31000.0,CE,14.0,14.3,12.2,12.85,12.85,119,239886052.25,155090,-520,2026-08-05
NIFTY,2026-12-29,29000.0,CE,23.25,25.85,23.2,25.5,25.5,847,1597959236.25,490275,-9615,2026-08-05
NIFTY,2026-12-29,28500.0,CE,33.6,34.9,31.95,34.05,34.05,511,947744213.0,113490,-12675,2026-08-05
NIFTY,2026-12-29,27000.0,CE,117.1,129.5,117.1,122.45,122.45,4312,7602032545.25,2352180,-7965,2026-08-05
NIFTY,2026-12-29,22000.0,CE,3200.0,3233.0,3092.85,3157.6,3157.6,141,230627673.25,261885,195,2026-08-05
NIFTY,2026-10-27,26300.0,CE,0.0,0.0,0.0,202.25,321.52,0,0.0,0,0,2026-08-05
NIFTY,2026-10-27,25850.0,CE,0.0,0.0,0.0,288.85,446.82,0,0.0,0,0,2026-08-05
NIFTY,2026-10-27,25750.0,CE,185.0,204.0,172.5,178.1,178.1,161,271395842.25,26065,1950,2026-08-05
NIFTY,2026-10-27,24850.0,CE,526.9,543.65,526.9,529.15,529.15,14,23094994.0,910,845,2026-08-05
NIFTY,2026-10-27,24750.0,CE,0.0,0.0,0.0,551.95,908.03,0,0.0,65,0,2026-08-05
NIFTY,2026-10-27,24050.0,CE,0.0,0.0,0.0,952.7,1323.93,0,0.0,0,0,2026-08-05
NIFTY,2026-10-27,23600.0,CE,0.0,0.0,0.0,1212.7,1640.02,0,0.0,0,0,2026-08-05
NIFTY,2026-10-27,23450.0,CE,0.0,0.0,0.0,1307.95,1752.95,0,0.0,0,0,2026-08-05
NIFTY,2026-10-27,23200.0,CE,0.0,0.0,0.0,1475.8,1948.9,0,0.0,0,0,2026-08-05
NIFTY,2026-10-27,22800.0,CE,0.0,0.0,0.0,1767.2,2280.42,0,0.0,0,0,2026-08-05
NIFTY,2026-09-29,27100.0,CE,0.0,0.0,0.0,95.6,73.09,0,0.0,0,0,2026-08-05
NIFTY,2026-09-29,26800.0,CE,0.0,0.0,0.0,124.8,103.67,0,0.0,0,0,2026-08-05
NIFTY,2026-09-29,26200.0,CE,40.0,43.6,35.0,37.9,37.9,2914,4969991136.5,158860,8515,2026-08-05
NIFTY,2026-09-29,25600.0,CE,0.0,0.0,0.0,329.1,349.81,0,0.0,0,0,2026-08-05
NIFTY,2026-09-29,25200.0,CE,197.7,258.6,197.7,225.7,225.7,1915,3165661856.5,184535,17745,2026-08-05
NIFTY,2026-09-29,23700.0,CE,1220.0,1240.0,1161.95,1161.95,1161.95,9,14576376.75,15600,390,2026-08-05
NIFTY,2026-09-29,23000.0,CE,1850.0,1890.0,1745.05,1797.45,1797.45,190,306393272.25,125255,-650,2026-08-05
NIFTY,2026-09-29,22800.0,CE,0.0,0.0,0.0,1650.5,2114.71,0,0.0,455,0,2026-08-05
NIFTY,2026-09-29,22200.0,CE,0.0,0.0,0.0,2158.9,2668.79,0,0.0,0,0,2026-08-05
NIFTY,2026-09-08,26250.0,CE,0.0,0.0,0.0,86.15,83.96,0,0.0,0,0,2026-08-05
NIFTY,2026-09-08,26000.0,CE,0.0,0.0,0.0,122.2,119.85,0,0.0,0,0,2026-08-05
NIFTY,2026-09-08,25350.0,CE,0.0,0.0,0.0,274.75,272.93,0,0.0,0,0,2026-08-05
NIFTY,2026-09-08,25250.0,CE,0.0,0.0,0.0,307.5,305.92,0,0.0,0,0,2026-08-05
NIFTY,2026-09-08,24850.0,CE,0.0,0.0,0.0,467.1,467.1,0,0.0,0,0,2026-08-05
NIFTY,2026-09-08,24500.0,CE,431.0,435.0,431.0,435.0,435.0,2,3241290.0,65,65,2026-08-05
NIFTY,2026-09-08,24200.0,CE,0.0,0.0,0.0,830.25,834.43,0,0.0,0,0,2026-08-05
NIFTY,2026-09-08,23950.0,CE,0.0,0.0,0.0,1004.15,1010.39,0,0.0,0,0,2026-08-05
NIFTY,2026-09-01,27000.0,CE,2.25,4.4,2.25,2.55,2.55,30,52655632.25,650,390,2026-08-05
NIFTY,2026-09-01,24100.0,CE,720.0,742.9,635.0,674.2,674.2,141,227322238.0,19565,390,2026-08-05
NIFTY,2026-09-01,22150.0,CE,0.0,0.0,0.0,2218.8,2576.43,0,0.0,0,0,2026-08-05
NIFTY,2026-09-01,22100.0,CE,0.0,0.0,0.0,2265.95,2625.82,0,0.0,0,0,2026-08-05
NIFTY,2026-08-25,27200.0,CE,1.95,2.7,1.5,2.0,2.0,874,1545346107.5,49855,38155,2026-08-05
NIFTY,2026-08-25,25150.0,CE,65.0,84.65,59.0,69.0,69.0,3847,6306769225.25,133445,-27040,2026-08-05
NIFTY,2026-08-25,24650.0,CE,266.1,293.0,224.9,247.55,247.55,9112,14754354338.75,189475,29250,2026-08-05
NIFTY,2026-08-25,24300.0,CE,475.15,537.0,430.35,472.25,472.25,6585,10606889085.0,927745,-58045,2026-08-05
NIFTY,2026-08-25,24250.0,CE,530.0,575.35,468.2,508.75,508.75,354,570059399.0,94575,-1300,2026-08-05
NIFTY,2026-08-25,23600.0,CE,1128.3,1158.25,1017.45,1071.9,1071.9,458,735594996.5,216060,-1950,2026-08-05
NIFTY,2026-08-25,23400.0,CE,1310.0,1310.0,1205.5,1239.4,1239.4,47,75238718.75,21775,-1690,2026-08-05
NIFTY,2026-08-25,23200.0,CE,1545.0,1545.0,1440.0,1456.8,1456.8,6,9621953.25,27625,-390,2026-08-05
NIFTY,2026-08-25,22700.0,CE,0.0,0.0,0.0,1610.65,2004.99,0,0.0,5850,0,2026-08-05
NIFTY,2026-08-25,22550.0,CE,0.0,0.0,0.0,1773.25,2152.52,0,0.0,130,0,2026-08-05
NIFTY,2026-08-25,22100.0,CE,0.0,0.0,0.0,2281.05,2598.51,0,0.0,0,0,2026-08-05
NIFTY,2026-08-18,27000.0,CE,1.15,1.5,1.0,1.25,1.25,63,110570499.0,3055,2990,2026-08-05
NIFTY,2026-08-18,26750.0,CE,1.5,1.5,1.25,1.35,1.35,24,41732158.0,260,-390,2026-08-05
NIFTY,2026-08-18,26600.0,CE,1.2,1.8,0.9,1.05,1.05,26,44956590.25,195,65,2026-08-05
NIFTY,2026-08-18,26200.0,CE,1.75,2.6,1.35,2.15,2.15,1631,2777827893.75,81770,50310,2026-08-05
NIFTY,2026-08-18,25400.0,CE,14.7,18.6,13.15,15.3,15.3,30797,50875862261.25,731055,508170,2026-08-05
NIFTY,2026-08-18,25350.0,CE,17.6,22.35,15.75,18.8,18.8,6632,10935865671.25,98865,77740,2026-08-05
NIFTY,2026-08-18,25300.0,CE,23.4,27.45,18.5,22.35,22.35,27381,45067984198.25,588900,91260,2026-08-05
NIFTY,2026-08-18,24350.0,CE,379.0,436.0,333.9,372.95,372.95,1700,2731478548.5,39520,15015,2026-08-05
NIFTY,2026-08-11,22050.0,CE,0.0,0.0,0.0,2485.45,2596.6,0,0.0,0,0,2026-08-05
NIFTY,2026-09-29,22100.0,PE,22.45,24.4,21.2,21.5,21.5,360,517661056.25,177125,-10205,2026-08-05
NIFTY,2026-08-18,24150.0,PE,56.45,83.05,39.05,53.8,53.8,5164,8126922362.0,106795,62140,2026-08-05
NIFTY,2026-08-11,24900.0,CE,42.0,57.95,29.45,40.8,40.8,1002079,1624690783462.5,6192095,2132390,2026-08-05
NIFTY,2026-08-11,24050.0,CE,614.2,656.35,502.9,573.4,573.4,1502,2403814614.5,47255,2145,2026-08-05
NIFTY,2026-08-11,23150.0,CE,1415.65,1415.65,1415.65,1415.65,1497.96,1,1596767.25,195,0,2026-08-05
NIFTY,2026-08-11,22000.0,CE,2640.0,2663.45,2551.7,2595.65,2595.65,31,49637714.75,5980,1560,2026-08-05
NIFTY,2031-06-24,19500.0,PE,0.0,0.0,0.0,289.2,200.86,0,0.0,0,0,2026-08-05
NIFTY,2030-12-31,24000.0,PE,1000.0,1000.0,1000.0,1000.0,738.3,2,3250000.0,455,130,2026-08-05
NIFTY,2030-06-25,28500.0,PE,0.0,0.0,0.0,1167.6,1944.44,0,0.0,0,0,2026-08-05
NIFTY,2029-12-24,33000.0,PE,0.0,0.0,0.0,2953.7,4089.0,0,0.0,0,0,2026-08-05
NIFTY,2029-12-24,24000.0,PE,0.0,0.0,0.0,1000.0,791.7,0,0.0,390,0,2026-08-05
NIFTY,2029-06-26,30000.0,PE,0.0,0.0,0.0,2031.05,2883.56,0,0.0,0,0,2026-08-05
NIFTY,2029-06-26,27000.0,PE,0.0,0.0,0.0,1252.35,1659.14,0,0.0,0,0,2026-08-05
NIFTY,2029-06-26,25500.0,PE,0.0,0.0,0.0,624.25,1187.72,0,0.0,0,0,2026-08-05
NIFTY,2028-12-26,26000.0,PE,1300.0,1300.0,1240.05,1240.05,1392.92,5,8866750.75,6745,-65,2026-08-05
NIFTY,2028-12-26,23000.0,PE,580.05,580.05,519.0,519.0,600.49,4,6118908.25,1675,65,2026-08-05
NIFTY,2028-06-27,33000.0,PE,0.0,0.0,0.0,3707.8,5340.19,0,0.0,0,0,2026-08-05
NIFTY,2027-12-28,26000.0,PE,1180.0,1235.0,1162.0,1195.8,1195.8,46,81304470.0,48330,1300,2026-08-05
NIFTY,2027-12-28,25000.0,PE,850.0,905.0,850.0,884.6,884.6,77,129503468.25,66225,1355,2026-08-05
NIFTY,2027-06-29,22500.0,PE,0.0,0.0,0.0,231.7,337.83,0,0.0,650,0,2026-08-05
NIFTY,2027-03-30,24000.0,PE,384.3,410.0,366.95,387.15,387.15,5170,8194859770.5,880425,-20280,2026-08-05
NIFTY,2026-12-29,30000.0,PE,4610.0,4725.0,4599.75,4645.45,4645.45,46,103582885.25,386610,-390,2026-08-05
NIFTY,2026-12-29,23000.0,PE,144.0,157.0,136.0,143.2,143.2,8302,12489275805.5,2414600,-6510,2026-08-05
NIFTY,2026-10-27,27200.0,PE,0.0,0.0,0.0,2898.55,2324.07,0,0.0,0,0,2026-08-05
NIFTY,2026-10-27,27150.0,PE,0.0,0.0,0.0,2853.65,2281.65,0,0.0,0,0,2026-08-05
NIFTY,2026-10-27,26850.0,PE,0.0,0.0,0.0,2588.1,2032.69,0,0.0,0,0,2026-08-05
NIFTY,2026-10-27,26550.0,PE,0.0,0.0,0.0,2330.1,1794.34,0,0.0,0,0,2026-08-05
NIFTY,2026-10-27,24950.0,PE,483.9,546.9,483.9,515.75,515.75,26,43035005.0,3835,1625,2026-08-05
NIFTY,2026-10-27,24700.0,PE,375.05,446.0,375.0,407.85,407.85,212,346082642.75,13715,5005,2026-08-05
NIFTY,2026-10-27,24650.0,PE,366.3,381.7,360.6,381.7,620.29,21,34149657.75,2080,0,2026-08-05
NIFTY,2026-10-27,24200.0,PE,230.05,279.9,226.5,250.4,250.4,268,425756181.5,15925,3510,2026-08-05
NIFTY,2026-10-27,23650.0,PE,0.0,0.0,0.0,491.35,277.7,0,0.0,0,0,2026-08-05
NIFTY,2026-10-27,23600.0,PE,126.05,148.5,122.85,132.65,132.65,119,183569948.25,19565,4225,2026-08-05
NIFTY,2026-10-27,23400.0,PE,0.0,0.0,0.0,403.8,218.69,0,0.0,0,0,2026-08-05
NIFTY,2026-09-29,25950.0,PE,1248.0,1248.0,1248.0,1248.0,1322.62,1,1767870.0,65,65,2026-08-05
NIFTY,2026-09-29,25450.0,PE,825.0,840.0,825.0,840.0,973.13,4,6834421.75,455,195,2026-08-05
NIFTY,2026-09-29,25400.0,PE,725.95,804.35,703.0,767.65,767.65,27,45850746.5,2080,1105,2026-08-05
NIFTY,2026-09-29,25200.0,PE,572.0,688.0,564.9,628.25,628.25,1040,1745263848.25,24570,10400,2026-08-05
NIFTY,2026-09-29,24650.0,PE,340.0,387.35,308.05,347.8,347.8,141,229067728.5,11570,195,2026-08-05
NIFTY,2026-09-29,24500.0,PE,303.95,337.2,252.85,293.0,293.0,13861,22335241756.75,1643395,98215,2026-08-05
NIFTY,2026-09-29,24300.0,PE,205.7,268.15,198.0,227.85,227.85,2312,3685390286.5,217035,4680,2026-08-05
NIFTY,2026-09-29,24200.0,PE,189.15,235.85,174.0,201.7,201.7,3740,5930552585.75,316485,0,2026-08-05
NIFTY,2026-09-29,21750.0,PE,21.35,21.35,17.2,17.2,10.81,24,33957969.5,5720,-65,2026-08-05
NIFTY,2026-09-29,19500.0,PE,11.65,11.95,10.3,10.75,10.75,689,873805744.5,805155,-17355,2026-08-05
NIFTY,2026-09-08,25750.0,PE,0.0,0.0,0.0,1155.15,1135.13,0,0.0,0,0,2026-08-05
NIFTY,2026-09-08,25600.0,PE,0.0,0.0,0.0,1041.75,1021.9,0,0.0,0,0,2026-08-05
NIFTY,2026-09-08,24350.0,PE,0.0,0.0,0.0,328.6,314.49,0,0.0,0,0,2026-08-05
NIFTY,2026-09-08,24250.0,PE,0.0,0.0,0.0,291.9,278.54,0,0.0,0,0,2026-08-05
NIFTY,2026-09-08,24000.0,PE,0.0,0.0,0.0,212.8,201.41,0,0.0,0,0,2026-08-05
NIFTY,2026-09-08,23600.0,PE,0.0,0.0,0.0,120.65,112.47,0,0.0,0,0,2026-08-05
NIFTY,2026-09-08,23250.0,PE,0.0,0.0,0.0,68.4,62.74,0,0.0,0,0,2026-08-05
NIFTY,2026-09-01,27200.0,PE,0.0,0.0,0.0,2838.15,2461.65,0,0.0,0,0,2026-08-05
NIFTY,2026-09-01,26500.0,PE,0.0,0.0,0.0,2173.2,1789.99,0,0.0,0,0,2026-08-05
NIFTY,2026-09-01,26450.0,PE,0.0,0.0,0.0,2127.0,1743.46,0,0.0,0,0,2026-08-05
NIFTY,2026-08-11,24800.0,CE,62.2,91.1,47.3,64.6,64.6,1585111,2562404623041.25,7000435,1794325,2026-08-05
NIFTY,2026-09-01,25850.0,PE,0.0,0.0,0.0,1593.2,1211.51,0,0.0,0,0,2026-08-05
NIFTY,2026-09-01,25700.0,PE,0.0,0.0,0.0,1467.3,1088.64,0,0.0,0,0,2026-08-05
NIFTY,2026-09-01,24250.0,PE,111.0,167.4,111.0,135.6,135.6,89,141113921.0,8385,2015,2026-08-05
NIFTY,2026-09-01,23550.0,PE,0.0,0.0,0.0,234.3,78.68,0,0.0,0,0,2026-08-05
NIFTY,2026-09-01,22450.0,PE,0.0,0.0,0.0,18.0,6.43,0,0.0,2340,0,2026-08-05
NIFTY,2026-08-25,27150.0,PE,0.0,0.0,0.0,2936.7,2438.06,0,0.0,0,0,2026-08-05
NIFTY,2026-08-25,27000.0,PE,2238.15,2396.8,2150.0,2325.8,2325.8,594,1131044258.5,36270,35815,2026-08-05
NIFTY,2026-08-25,24600.0,PE,210.0,281.45,171.5,221.85,221.85,83034,133943482010.0,1265160,55705,2026-08-05
NIFTY,2026-08-25,24400.0,PE,140.0,195.6,111.35,150.7,150.7,32547,51926007565.25,1501695,-131430,2026-08-05
NIFTY,2026-08-25,23150.0,PE,15.0,17.45,11.8,12.4,12.4,3860,5812036382.75,34320,-4940,2026-08-05
NIFTY,2026-08-25,23050.0,PE,11.5,15.35,10.6,11.15,11.15,5207,7805820597.25,78910,-37245,2026-08-05
NIFTY,2026-08-25,22250.0,PE,6.35,6.9,5.45,5.8,5.8,200,289331789.5,10400,-260,2026-08-05
NIFTY,2026-08-25,21850.0,PE,5.8,5.8,4.8,4.8,4.8,16,22729720.0,4810,520,2026-08-05
NIFTY,2026-08-18,26650.0,PE,0.0,0.0,0.0,2461.7,1969.9,0,0.0,0,0,2026-08-05
NIFTY,2026-08-18,26250.0,PE,0.0,0.0,0.0,2081.3,1576.5,0,0.0,0,0,2026-08-05
NIFTY,2026-08-18,25150.0,PE,0.0,0.0,0.0,1126.45,603.76,0,0.0,0,0,2026-08-05
NIFTY,2026-08-18,25100.0,PE,478.6,577.1,442.5,514.15,514.15,114,189595812.25,4095,2275,2026-08-05
NIFTY,2026-08-18,24750.0,PE,235.9,323.45,205.15,263.2,263.2,3343,5431230496.25,37050,12480,2026-08-05
NIFTY,2026-08-18,24700.0,PE,240.0,301.5,179.15,235.2,235.2,20199,32727562897.25,191230,131300,2026-08-05
NIFTY,2026-08-18,24450.0,PE,109.75,174.85,89.1,124.7,124.7,15334,24498888995.75,127465,-82095,2026-08-05
NIFTY,2026-08-18,24400.0,PE,108.0,155.0,77.05,109.35,109.35,30099,47953581952.25,559715,150150,2026-08-05
NIFTY,2026-08-18,24100.0,PE,49.0,73.65,33.6,46.45,46.45,24326,38189206321.5,508105,238810,2026-08-05
NIFTY,2026-08-18,23150.0,PE,6.5,8.3,5.65,6.25,6.25,806,1213183016.5,14105,8970,2026-08-05
NIFTY,2026-08-18,22600.0,PE,3.45,4.6,3.45,4.1,4.1,2753,4044883358.75,98150,75010,2026-08-05
NIFTY,2026-08-11,26600.0,PE,0.0,0.0,0.0,2083.25,1948.89,0,0.0,0,0,2026-08-05
NIFTY,2026-08-11,26100.0,PE,0.0,0.0,0.0,1628.1,1450.01,0,0.0,0,0,2026-08-05
NIFTY,2026-08-11,25550.0,PE,1021.8,1025.35,992.55,1006.8,910.5,6,10357977.5,1625,65,2026-08-05
NIFTY,2026-08-11,25450.0,PE,755.45,895.2,755.45,846.75,846.75,11,18772214.5,65,0,2026-08-05
NIFTY,2026-08-11,24300.0,PE,35.0,78.0,23.2,39.15,39.15,1220284,1931230555348.25,3874195,967525,2026-08-05
NIFTY,2026-08-11,23900.0,PE,14.55,17.0,6.1,7.4,7.4,525292,816384107893.25,2896140,932425,2026-08-05
NIFTY,2026-08-11,23100.0,PE,3.3,3.3,1.7,1.95,1.95,62360,93642977369.5,988845,268710,2026-08-05
NIFTY,2026-08-11,22850.0,PE,2.55,2.85,1.45,1.65,1.65,12666,18813729441.0,110500,62790,2026-08-05
NIFTY,2026-08-11,22600.0,PE,2.0,2.45,1.3,1.5,1.5,28267,41527224641.5,355680,80665,2026-08-05
NIFTY,2026-08-11,22550.0,PE,2.4,2.5,1.25,1.45,1.45,3360,4925268130.25,48360,23335,2026-08-05
NIFTY,2026-08-11,21800.0,PE,1.3,1.4,0.85,1.0,1.0,8685,12307238372.0,143910,12870,2026-08-05
NIFTY,2026-08-11,21750.0,PE,1.15,2.3,0.85,0.95,0.95,1504,2126382644.75,23335,10920,2026-08-05
