SYMBOL,EXPIRY_DT,STRIKE_PR,OPTION_TYP,OPEN,HIGH,LOW,CLOSE,SETTLE_PR,CONTRACTS,VAL_INLAKH,OPEN_INT,CHG_IN_OI,TIMESTAMP
NIFTY,2026-09-29,26150.0,CE,0.0,0.0,0.0,215.05,117.83,0,0.0,0,0,2026-08-13
NIFTY,2026-08-25,25900.0,PE,0.0,0.0,0.0,1520.0,1460.22,0,0.0,4355,0,2026-08-13
NIFTY,2026-08-25,26300.0,PE,1900.2,1900.2,1797.35,1831.0,1831.0,27,49453482.0,476645,-1040,2026-08-13
NIFTY,2026-08-25,26800.0,PE,0.0,0.0,0.0,2250.0,2350.95,0,0.0,130,0,2026-08-13
NIFTY,2026-09-01,22300.0,PE,6.15,6.15,4.95,5.1,5.1,288,417551335.5,18135,16380,2026-08-13
NIFTY,2026-09-01,22900.0,PE,8.85,8.85,6.7,7.75,7.75,359,534549704.0,19500,9945,2026-08-13
NIFTY,2026-09-01,23150.0,PE,11.7,11.7,9.35,10.1,10.1,86,129465687.0,3770,2210,2026-08-13
NIFTY,2026-09-01,23650.0,PE,0.0,0.0,0.0,264.15,89.76,0,0.0,0,0,2026-08-13
NIFTY,2026-09-01,24600.0,PE,314.25,330.9,260.15,276.8,276.8,671,1085821087.0,73385,1105,2026-08-13
NIFTY,2026-09-01,26050.0,PE,0.0,0.0,0.0,1766.25,1591.32,0,0.0,0,0,2026-08-13
NIFTY,2026-09-29,33000.0,PE,0.0,0.0,0.0,6552.15,8326.57,0,0.0,0,0,2026-08-13
NIFTY,2026-10-27,23100.0,PE,83.15,83.5,70.85,75.25,174.81,49,73815898.0,29185,1885,2026-08-13
NIFTY,2026-10-27,23450.0,PE,121.8,122.55,108.35,110.05,110.05,10,15316814.5,22880,65,2026-08-13
NIFTY,2026-10-27,24300.0,PE,315.5,325.0,283.85,290.2,290.2,129,206328710.25,26195,715,2026-08-13
NIFTY,2026-10-27,24800.0,PE,515.0,529.7,474.05,483.4,483.4,165,271288823.0,17030,2015,2026-08-13
NIFTY,2026-10-27,24850.0,PE,0.0,0.0,0.0,486.25,792.74,0,0.0,1495,0,2026-08-13
NIFTY,2026-10-27,25000.0,PE,633.2,645.45,568.5,590.65,590.65,1149,1912590088.5,250120,13455,2026-08-13
NIFTY,2026-10-27,25200.0,PE,0.0,0.0,0.0,558.3,992.37,0,0.0,4940,0,2026-08-13
NIFTY,2026-10-27,25600.0,PE,994.25,994.25,994.25,994.25,1250.33,1,1728626.25,195,0,2026-08-13
NIFTY,2026-10-27,26000.0,PE,1319.0,1342.0,1284.0,1291.45,1538.44,12,21293987.0,39975,65,2026-08-13
NIFTY,2026-10-27,26600.0,PE,0.0,0.0,0.0,2372.55,2013.8,0,0.0,0,0,2026-08-13
NIFTY,2026-12-29,12000.0,PE,0.0,0.0,0.0,7.8,0.0,0,0.0,17825,0,2026-08-13
NIFTY,2027-03-30,33000.0,PE,0.0,0.0,0.0,8415.45,7305.0,0,0.0,0,0,2026-08-13
NIFTY,2027-06-29,33000.0,PE,0.0,0.0,0.0,4691.7,6863.61,0,0.0,0,0,2026-08-13
NIFTY,2027-12-28,19500.0,PE,0.0,0.0,0.0,29.25,89.24,0,0.0,0,0,2026-08-13
NIFTY,2027-12-28,22500.0,PE,0.0,0.0,0.0,186.5,448.93,0,0.0,0,0,2026-08-13
NIFTY,2027-12-28,30000.0,PE,0.0,0.0,0.0,3339.0,3857.86,0,0.0,195,0,2026-08-13
NIFTY,2028-06-27,18000.0,PE,0.0,0.0,0.0,396.75,50.81,0,0.0,0,0,2026-08-13
NIFTY,2028-06-27,22000.0,PE,391.8,391.8,391.8,391.8,409.33,1,1455467.0,1040,-65,2026-08-13
NIFTY,2028-06-27,25500.0,PE,0.0,0.0,0.0,667.45,1316.41,0,0.0,0,0,2026-08-13
NIFTY,2028-12-26,21000.0,PE,360.05,360.05,360.0,360.0,297.9,2,2776803.25,7775,65,2026-08-13
NIFTY,2028-12-26,22500.0,PE,0.0,0.0,0.0,218.8,523.12,0,0.0,0,0,2026-08-13
NIFTY,2028-12-26,30000.0,PE,0.0,0.0,0.0,2352.75,3225.46,0,0.0,0,0,2026-08-13
NIFTY,2029-06-26,22500.0,PE,0.0,0.0,0.0,224.45,532.48,0,0.0,0,0,2026-08-13
NIFTY,2029-06-26,26000.0,PE,0.0,0.0,0.0,1650.0,1374.07,0,0.0,50,0,2026-08-13
NIFTY,2029-12-24,19500.0,PE,0.0,0.0,0.0,61.2,185.98,0,0.0,0,0,2026-08-13
NIFTY,2030-12-31,27000.0,PE,0.0,0.0,0.0,779.5,1421.75,0,0.0,0,0,2026-08-13
NIFTY,2030-12-31,33000.0,PE,0.0,0.0,0.0,2387.3,3553.98,0,0.0,0,0,2026-08-13
NIFTY,2026-08-18,24300.0,PE,67.95,88.5,40.8,47.65,47.65,2216367,3509978987879.0,7790120,2148185,2026-08-13
NIFTY,2026-08-18,23950.0,PE,11.35,14.45,4.75,5.3,5.3,279482,435242624566.75,1713270,286325,2026-08-13
NIFTY,2026-08-18,23800.0,PE,5.85,7.25,2.3,2.65,2.65,509795,788796931516.75,4752865,-171730,2026-08-13
NIFTY,2026-08-18,23100.0,PE,2.0,2.25,1.0,1.2,1.2,51842,77846166212.75,1216670,142805,2026-08-13
NIFTY,2026-08-18,22700.0,PE,5.0,5.0,0.75,0.95,0.95,32194,47504736116.5,337220,-30160,2026-08-13
NIFTY,2031-06-24,27000.0,CE,0.0,0.0,0.0,5699.0,6113.54,0,0.0,0,0,2026-08-13
NIFTY,2030-12-31,21000.0,CE,0.0,0.0,0.0,10552.5,8977.12,0,0.0,0,0,2026-08-13
NIFTY,2029-12-24,30000.0,CE,0.0,0.0,0.0,2863.2,3092.3,0,0.0,8145,0,2026-08-13
NIFTY,2029-12-24,25500.0,CE,0.0,0.0,0.0,6500.6,5118.35,0,0.0,0,0,2026-08-13
NIFTY,2029-06-26,27000.0,CE,0.0,0.0,0.0,6570.4,3741.67,0,0.0,0,0,2026-08-13
NIFTY,2028-12-26,16500.0,CE,0.0,0.0,0.0,12176.65,10300.74,0,0.0,0,0,2026-08-13
NIFTY,2027-03-30,22500.0,CE,2890.0,2890.0,2890.0,2890.0,3087.33,1,1650350.0,3445,0,2026-08-13
NIFTY,2026-12-29,34500.0,CE,0.0,0.0,0.0,4.95,0.61,0,0.0,975,0,2026-08-13
NIFTY,2026-12-29,18000.0,CE,0.0,0.0,0.0,6925.15,6837.14,0,0.0,2275,0,2026-08-13
NIFTY,2026-10-27,26350.0,CE,0.0,0.0,0.0,194.1,208.05,0,0.0,0,0,2026-08-13
NIFTY,2026-10-27,26250.0,CE,0.0,0.0,0.0,210.65,227.24,0,0.0,0,0,2026-08-13
NIFTY,2026-10-27,25200.0,CE,258.65,271.95,242.95,261.2,261.2,792,1310267614.5,34840,14820,2026-08-13
NIFTY,2026-10-27,24550.0,CE,550.0,585.0,550.0,585.0,816.7,2,3265275.0,1690,130,2026-08-13
NIFTY,2026-10-27,23150.0,CE,0.0,0.0,0.0,1510.7,1740.27,0,0.0,0,0,2026-08-13
NIFTY,2026-10-27,22750.0,CE,0.0,0.0,0.0,1805.4,2068.02,0,0.0,0,0,2026-08-13
NIFTY,2026-10-27,22450.0,CE,0.0,0.0,0.0,2042.45,2327.66,0,0.0,0,0,2026-08-13
NIFTY,2026-10-27,22250.0,CE,0.0,0.0,0.0,2207.3,2506.22,0,0.0,0,0,2026-08-13
NIFTY,2026-09-29,26850.0,CE,0.0,0.0,0.0,119.45,47.1,0,0.0,0,0,2026-08-13
NIFTY,2026-09-29,25300.0,CE,110.4,117.1,96.6,105.0,105.0,3051,5038269808.0,509795,20020,2026-08-13
NIFTY,2026-09-29,25250.0,CE,179.3,179.3,115.7,116.75,116.75,98,161631847.0,4940,4940,2026-08-13
NIFTY,2026-09-29,25050.0,CE,179.35,191.0,159.0,173.4,173.4,294,482016128.75,33215,6760,2026-08-13
NIFTY,2026-09-29,24250.0,CE,581.5,601.0,550.0,584.8,584.8,37,59715630.0,11700,780,2026-08-13
NIFTY,2026-09-29,23650.0,CE,0.0,0.0,0.0,1221.6,1160.34,0,0.0,650,0,2026-08-13
NIFTY,2026-09-29,23500.0,CE,1151.0,1210.05,1115.25,1173.4,1173.4,950,1522443230.75,214500,49530,2026-08-13
NIFTY,2026-09-29,23450.0,CE,0.0,0.0,0.0,1402.05,1310.3,0,0.0,390,0,2026-08-13
NIFTY,2026-09-29,23400.0,CE,0.0,0.0,0.0,1280.0,1349.35,0,0.0,2860,0,2026-08-13
NIFTY,2026-09-29,23200.0,CE,0.0,0.0,0.0,1395.1,1510.49,0,0.0,1625,0,2026-08-13
NIFTY,2026-09-29,22350.0,CE,0.0,0.0,0.0,1788.15,2264.56,0,0.0,195,0,2026-08-13
NIFTY,2026-09-29,22300.0,CE,0.0,0.0,0.0,1833.95,2311.46,0,0.0,195,0,2026-08-13
NIFTY,2026-09-29,18000.0,CE,0.0,0.0,0.0,6300.0,6547.26,0,0.0,1300,0,2026-08-13
NIFTY,2026-09-29,15000.0,CE,0.0,0.0,0.0,10499.3,9522.02,0,0.0,0,0,2026-08-13
NIFTY,2026-09-15,25700.0,CE,0.0,0.0,0.0,144.0,118.28,0,0.0,0,0,2026-08-13
NIFTY,2026-09-15,24550.0,CE,303.0,303.0,303.0,303.0,303.0,1,1615445.0,65,65,2026-08-13
NIFTY,2026-09-08,25950.0,CE,0.0,0.0,0.0,130.75,50.29,0,0.0,0,0,2026-08-13
NIFTY,2026-09-08,25150.0,CE,0.0,0.0,0.0,343.0,186.06,0,0.0,0,0,2026-08-13
NIFTY,2026-09-08,24600.0,CE,252.65,252.65,204.55,231.45,231.45,377,608337291.25,42770,3380,2026-08-13
NIFTY,2026-09-08,23600.0,CE,0.0,0.0,0.0,1272.75,1013.97,0,0.0,0,0,2026-08-13
NIFTY,2026-09-08,23450.0,CE,0.0,0.0,0.0,1396.6,1135.81,0,0.0,0,0,2026-08-13
NIFTY,2026-09-08,23200.0,CE,1323.15,1323.15,1323.15,1323.15,1350.46,1,1594004.75,65,65,2026-08-13
NIFTY,2026-09-01,26700.0,CE,2.2,2.2,1.5,2.1,3.42,22,38183863.25,1625,65,2026-08-13
NIFTY,2026-09-01,26200.0,CE,2.85,3.4,2.15,2.45,2.45,91,154989640.0,3965,2600,2026-08-13
NIFTY,2026-09-01,26150.0,CE,3.35,3.45,3.0,3.0,15.12,11,18699570.5,715,-455,2026-08-13
NIFTY,2026-09-01,25600.0,CE,0.0,0.0,0.0,151.35,53.53,0,0.0,0,0,2026-08-13
NIFTY,2026-09-01,25300.0,CE,0.0,0.0,0.0,215.9,97.27,0,0.0,0,0,2026-08-13
NIFTY,2026-09-01,25100.0,CE,45.4,47.0,34.05,39.15,39.15,3934,6428405616.75,157170,76570,2026-08-13
NIFTY,2026-09-01,24650.0,CE,177.0,177.0,135.95,158.7,158.7,966,1557517601.25,37505,22425,2026-08-13
NIFTY,2026-09-01,22950.0,CE,0.0,0.0,0.0,1501.8,1534.44,0,0.0,0,0,2026-08-13
NIFTY,2026-09-01,22800.0,CE,0.0,0.0,0.0,1629.4,1678.21,0,0.0,0,0,2026-08-13
NIFTY,2026-09-01,22300.0,CE,0.0,0.0,0.0,2078.55,2168.16,0,0.0,0,0,2026-08-13
NIFTY,2026-08-25,26550.0,CE,0.7,0.7,0.5,0.6,0.6,75,129433934.5,6240,-585,2026-08-13
NIFTY,2026-08-25,25800.0,CE,1.9,1.95,1.05,1.15,1.15,26376,44234874264.75,987155,331240,2026-08-13
NIFTY,2026-08-25,25500.0,CE,3.3,4.5,2.5,2.75,2.75,38887,64463402133.0,3121300,14885,2026-08-13
NIFTY,2026-08-25,25400.0,CE,6.1,6.25,3.1,3.55,3.55,36407,60117407148.5,989755,157365,2026-08-13
NIFTY,2026-08-25,23900.0,CE,578.0,634.65,534.5,595.7,595.7,510,811395269.75,144105,-5460,2026-08-13
NIFTY,2026-08-18,27150.0,CE,0.5,0.6,0.3,0.35,0.35,1259,2221854053.25,60385,2210,2026-08-13
NIFTY,2026-08-18,26350.0,CE,0.7,1.15,0.4,0.45,0.45,1241,2125574213.75,28990,3575,2026-08-13
NIFTY,2026-08-18,26300.0,CE,0.7,1.2,0.45,0.5,0.5,4268,7296304681.25,68380,-22750,2026-08-13
NIFTY,2026-08-18,25700.0,CE,0.85,0.95,0.6,0.65,0.65,150561,251519408868.0,3134105,-387660,2026-08-13
NIFTY,2026-08-18,24650.0,CE,45.5,45.5,20.55,28.2,28.2,541435,868528788435.75,3247205,748865,2026-08-13
NIFTY,2026-08-18,23550.0,CE,0.0,0.0,0.0,910.35,871.02,0,0.0,1040,0,2026-08-13
NIFTY,2026-08-18,25200.0,PE,755.0,836.85,722.9,761.05,761.05,202,341044385.5,101725,-650,2026-08-13
NIFTY,2026-08-18,25800.0,PE,0.0,0.0,0.0,1450.0,1383.02,0,0.0,845,0,2026-08-13
NIFTY,2026-08-18,26150.0,PE,0.0,0.0,0.0,1988.05,1732.44,0,0.0,0,0,2026-08-13
NIFTY,2026-08-18,27000.0,PE,2550.0,2550.0,2550.0,2550.0,2550.0,5,9603750.0,845,325,2026-08-13
NIFTY,2026-08-18,27050.0,PE,0.0,0.0,0.0,2850.25,2631.67,0,0.0,0,0,2026-08-13
NIFTY,2026-08-25,21650.0,PE,2.55,2.85,2.15,2.45,2.45,12,16888966.25,2080,260,2026-08-13
NIFTY,2026-08-25,22300.0,PE,4.0,4.0,2.6,2.8,2.8,1701,2465936424.25,307320,11115,2026-08-13
NIFTY,2026-08-25,22950.0,PE,5.5,5.85,3.8,3.95,3.95,881,1314491054.5,60060,-6175,2026-08-13
NIFTY,2026-08-25,23750.0,PE,28.9,28.9,16.15,17.1,17.1,12484,19288666283.25,311870,74360,2026-08-13
NIFTY,2026-08-25,24050.0,PE,63.4,72.4,43.3,47.0,47.0,9724,15235231323.0,306865,17550,2026-08-13
NIFTY,2026-08-25,24500.0,PE,196.0,247.8,174.05,190.4,190.4,79332,127396003429.5,6082050,645710,2026-08-13
NIFTY,2026-08-25,25400.0,PE,960.05,1000.0,897.6,933.05,933.05,23,39412272.25,20410,130,2026-08-13
NIFTY,2026-08-25,25950.0,PE,0.0,0.0,0.0,1325.0,1508.92,0,0.0,130,0,2026-08-13
NIFTY,2026-08-25,27200.0,PE,0.0,0.0,0.0,2981.55,2749.96,0,0.0,0,0,2026-08-13
NIFTY,2026-09-01,22350.0,PE,6.45,6.45,5.05,5.05,5.05,39,56670867.5,1235,0,2026-08-13
NIFTY,2026-09-01,22950.0,PE,7.7,9.25,7.7,8.25,8.25,46,68645057.0,5330,1820,2026-08-13
NIFTY,2026-09-01,24050.0,PE,0.0,0.0,0.0,410.25,191.09,0,0.0,0,0,2026-08-13
NIFTY,2026-09-01,24300.0,PE,165.0,186.45,135.6,143.35,143.35,4547,7229128819.25,133380,49920,2026-08-13
NIFTY,2026-09-01,25300.0,PE,0.0,0.0,0.0,1152.1,921.6,0,0.0,0,0,2026-08-13
NIFTY,2026-09-01,25750.0,PE,0.0,0.0,0.0,1508.85,1311.68,0,0.0,0,0,2026-08-13
NIFTY,2026-09-01,25900.0,PE,0.0,0.0,0.0,1635.9,1450.05,0,0.0,0,0,2026-08-13
NIFTY,2026-09-01,26150.0,PE,0.0,0.0,0.0,1854.75,1686.78,0,0.0,0,0,2026-08-13
NIFTY,2026-09-01,26250.0,PE,0.0,0.0,0.0,1944.45,1783.07,0,0.0,0,0,2026-08-13
NIFTY,2026-09-01,26650.0,PE,0.0,0.0,0.0,2313.1,2174.03,0,0.0,0,0,2026-08-13
NIFTY,2026-09-08,23150.0,PE,20.85,22.45,16.9,17.95,17.95,279,420157926.5,11635,5720,2026-08-13
NIFTY,2026-09-08,23500.0,PE,36.6,43.35,32.35,33.55,33.55,720,1101483597.5,45760,14820,2026-08-13
NIFTY,2026-09-08,25000.0,PE,623.9,623.9,560.0,560.0,726.02,26,43235890.75,1625,1105,2026-08-13
NIFTY,2026-09-08,25150.0,PE,0.0,0.0,0.0,731.9,831.7,0,0.0,0,0,2026-08-13
NIFTY,2026-09-08,25200.0,PE,770.5,770.5,716.15,723.75,868.44,11,18538458.25,455,455,2026-08-13
NIFTY,2026-09-08,25350.0,PE,0.0,0.0,0.0,862.5,983.08,0,0.0,0,0,2026-08-13
NIFTY,2026-09-15,22700.0,PE,29.9,29.9,12.0,14.55,14.55,147,217070639.5,1755,1755,2026-08-13
NIFTY,2026-09-15,23150.0,PE,0.0,0.0,0.0,69.55,69.78,0,0.0,0,0,2026-08-13
NIFTY,2026-09-15,23250.0,PE,0.0,0.0,0.0,82.5,83.16,0,0.0,0,0,2026-08-13
NIFTY,2026-09-15,23550.0,PE,0.0,0.0,0.0,133.0,135.63,0,0.0,0,0,2026-08-13
NIFTY,2026-09-15,23600.0,PE,0.0,0.0,0.0,143.35,146.39,0,0.0,0,0,2026-08-13
NIFTY,2026-09-15,25050.0,PE,0.0,0.0,0.0,751.7,782.51,0,0.0,0,0,2026-08-13
NIFTY,2026-09-15,25650.0,PE,0.0,0.0,0.0,1183.55,1229.45,0,0.0,0,0,2026-08-13
NIFTY,2026-09-29,21000.0,PE,11.3,11.95,10.4,10.95,10.95,2898,3957813535.0,1389570,-9620,2026-08-13
NIFTY,2026-09-29,21950.0,PE,16.05,16.05,16.05,16.05,16.05,5,7138966.25,8775,195,2026-08-13
NIFTY,2026-09-29,22550.0,PE,22.75,25.1,20.75,24.45,24.45,147,215682889.5,7345,-2730,2026-08-13
NIFTY,2026-09-29,22600.0,PE,24.6,27.0,22.6,25.95,25.95,2703,3975162103.25,150540,114335,2026-08-13
NIFTY,2026-09-29,23400.0,PE,74.3,78.0,63.4,67.3,67.3,3988,6083350806.0,290225,124410,2026-08-13
NIFTY,2026-09-29,24750.0,PE,424.05,436.1,416.9,430.0,654.49,18,29456908.0,36010,195,2026-08-13
NIFTY,2026-09-29,24950.0,PE,563.0,563.0,528.5,538.0,538.0,5,8284354.0,3705,-65,2026-08-13
NIFTY,2026-09-29,25650.0,PE,0.0,0.0,0.0,1016.85,1248.47,0,0.0,65,0,2026-08-13
NIFTY,2026-09-29,25700.0,PE,0.0,0.0,0.0,1015.95,1286.81,0,0.0,195,0,2026-08-13
NIFTY,2026-09-29,27150.0,PE,0.0,0.0,0.0,2959.15,2556.38,0,0.0,0,0,2026-08-13
NIFTY,2026-09-01,26750.0,CE,2.3,2.3,1.55,1.55,2.96,18,31299775.0,1235,-260,2026-08-13
NIFTY,2026-09-01,26300.0,CE,2.2,3.2,2.1,2.1,2.1,70,119677324.0,2470,1495,2026-08-13
NIFTY,2026-09-01,25750.0,CE,0.0,0.0,0.0,125.8,38.76,0,0.0,0,0,2026-08-13
NIFTY,2026-09-01,24300.0,CE,330.6,373.55,304.0,343.95,343.95,2678,4287595169.0,87490,40690,2026-08-13
NIFTY,2026-09-01,24200.0,CE,403.25,441.45,368.1,414.5,414.5,393,628504275.75,37895,-1170,2026-08-13
NIFTY,2026-08-18,25800.0,CE,0.8,0.85,0.55,0.6,0.6,74901,125612374618.25,3358420,-78650,2026-08-13
NIFTY,2026-08-18,25850.0,CE,0.8,0.95,0.5,0.55,0.55,28875,48518474039.75,804830,20410,2026-08-13
NIFTY,2026-08-18,26400.0,CE,0.7,0.8,0.4,0.45,0.45,3100,5319709804.5,83460,16965,2026-08-13
NIFTY,2026-08-18,26500.0,CE,0.6,0.7,0.35,0.45,0.45,10671,18381128970.75,299390,29575,2026-08-13
NIFTY,2026-08-18,26800.0,CE,0.55,0.6,0.35,0.4,0.4,2682,4672122328.25,112970,51090,2026-08-13
NIFTY,2026-08-18,26950.0,CE,0.6,0.65,0.35,0.35,0.35,392,686697943.75,40300,-6435,2026-08-13
NIFTY,2026-08-25,21450.0,CE,0.0,0.0,0.0,2848.15,2988.61,0,0.0,0,0,2026-08-13
NIFTY,2026-08-25,21550.0,CE,0.0,0.0,0.0,2758.3,2888.81,0,0.0,0,0,2026-08-13
NIFTY,2026-08-25,22650.0,CE,0.0,0.0,0.0,1653.9,1792.24,0,0.0,780,0,2026-08-13
NIFTY,2026-08-25,23300.0,CE,1115.0,1200.45,1102.9,1162.4,1158.93,12,19061175.25,27235,0,2026-08-13
NIFTY,2026-08-25,24150.0,CE,380.1,418.8,335.0,383.5,383.5,627,999384899.5,54145,-3510,2026-08-13
NIFTY,2026-08-25,24350.0,CE,252.65,273.45,204.55,243.05,243.05,27053,43233131919.25,342615,7280,2026-08-13
NIFTY,2026-08-25,25650.0,CE,2.55,2.55,1.6,1.75,1.75,2763,4606991639.25,115180,-13780,2026-08-13
NIFTY,2026-08-25,25700.0,CE,2.5,2.5,1.3,1.45,1.45,16039,26794983559.5,587665,86970,2026-08-13
NIFTY,2026-08-25,26850.0,CE,0.65,0.75,0.55,0.6,0.6,17,29670026.75,9230,0,2026-08-13
NIFTY,2026-08-25,26950.0,CE,0.75,0.75,0.5,0.55,0.55,139,243498411.0,7670,650,2026-08-13
NIFTY,2026-09-01,23700.0,CE,0.0,0.0,0.0,761.0,870.08,0,0.0,65,0,2026-08-13
NIFTY,2026-09-01,24050.0,CE,498.0,537.45,498.0,525.4,612.81,3,4791205.25,260,130,2026-08-13
NIFTY,2026-08-18,23300.0,CE,1090.0,1149.0,1064.55,1140.0,1140.0,8,12688464.75,2275,-260,2026-08-13
NIFTY,2031-06-24,16500.0,PE,0.0,0.0,0.0,95.65,60.11,0,0.0,0,0,2026-08-13
NIFTY,2030-12-31,18000.0,PE,0.0,0.0,0.0,32.3,111.21,0,0.0,0,0,2026-08-13
NIFTY,2030-06-25,30000.0,PE,0.0,0.0,0.0,2100.85,2548.09,0,0.0,0,0,2026-08-13
NIFTY,2030-06-25,27000.0,PE,0.0,0.0,0.0,1286.05,1514.71,0,0.0,0,0,2026-08-13
NIFTY,2030-06-25,22500.0,PE,0.0,0.0,0.0,223.75,524.44,0,0.0,0,0,2026-08-13
NIFTY,2030-06-25,18000.0,PE,0.0,0.0,0.0,116.65,104.74,0,0.0,0,0,2026-08-13
NIFTY,2029-12-24,15000.0,PE,0.0,0.0,0.0,29.0,17.16,0,0.0,65,0,2026-08-13
NIFTY,2027-12-28,27000.0,PE,1725.0,1725.0,1657.55,1673.95,1673.95,28,52223710.5,47140,715,2026-08-13
NIFTY,2027-12-28,16500.0,PE,0.0,0.0,0.0,52.05,7.82,0,0.0,130,0,2026-08-13
NIFTY,2027-03-30,27000.0,PE,1823.05,1850.5,1780.0,1799.2,1799.2,26,48714178.5,47905,65,2026-08-13
NIFTY,2026-12-29,31500.0,PE,0.0,0.0,0.0,4059.3,6343.58,0,0.0,0,0,2026-08-13
NIFTY,2026-12-29,28000.0,PE,2846.2,2947.9,2846.2,2882.6,2882.6,67,134568479.5,856570,260,2026-08-13
NIFTY,2026-12-29,21000.0,PE,51.85,51.9,48.3,48.85,48.85,1386,1896338304.25,1090535,4290,2026-08-13
NIFTY,2026-10-27,27000.0,PE,2259.9,2262.0,2200.0,2200.0,2200.0,8,15209593.75,13260,325,2026-08-13
NIFTY,2026-10-27,26300.0,PE,0.0,0.0,0.0,2121.9,1769.49,0,0.0,0,0,2026-08-13
NIFTY,2026-10-27,25300.0,PE,810.0,815.9,776.4,780.0,1053.97,17,28841172.75,845,390,2026-08-13
NIFTY,2026-10-27,24250.0,PE,289.35,289.35,289.35,289.35,510.66,1,1595057.75,13195,-65,2026-08-13
NIFTY,2026-10-27,24050.0,PE,0.0,0.0,0.0,656.15,433.58,0,0.0,0,0,2026-08-13
NIFTY,2026-10-27,23900.0,PE,204.95,209.0,180.0,183.7,183.7,159,249024990.5,38740,1820,2026-08-13
NIFTY,2026-10-27,23250.0,PE,0.0,0.0,0.0,356.75,204.97,0,0.0,0,0,2026-08-13
NIFTY,2026-10-27,22450.0,PE,0.0,0.0,0.0,43.05,81.23,0,0.0,845,0,2026-08-13
NIFTY,2026-10-27,22350.0,PE,0.0,0.0,0.0,40.5,71.35,0,0.0,910,0,2026-08-13
NIFTY,2026-09-29,26600.0,PE,0.0,0.0,0.0,2474.55,2046.71,0,0.0,0,0,2026-08-13
NIFTY,2026-09-29,26250.0,PE,0.0,0.0,0.0,2180.0,1737.51,0,0.0,0,0,2026-08-13
NIFTY,2026-09-29,26100.0,PE,0.0,0.0,0.0,1296.0,1609.81,0,0.0,65,0,2026-08-13
NIFTY,2026-09-29,25500.0,PE,998.7,1011.0,914.25,939.9,939.9,1407,2419901896.75,677560,50375,2026-08-13
NIFTY,2026-09-29,25100.0,PE,674.95,695.0,608.0,637.95,637.95,100,167256537.5,24830,1820,2026-08-13
NIFTY,2026-09-29,23800.0,PE,129.3,138.4,111.9,116.0,116.0,3125,4859023334.75,537680,36985,2026-08-13
NIFTY,2026-09-29,23100.0,PE,48.3,51.25,41.55,45.4,45.4,3823,5751381041.25,254670,119015,2026-08-13
NIFTY,2026-09-29,22700.0,PE,28.9,29.95,25.55,28.8,28.8,2369,3499759493.75,151905,96720,2026-08-13
NIFTY,2026-09-29,22000.0,PE,16.0,17.4,14.75,16.15,16.15,5783,8275570881.5,858780,120250,2026-08-13
NIFTY,2026-09-15,24800.0,PE,0.0,0.0,0.0,601.05,625.48,0,0.0,0,0,2026-08-13
NIFTY,2026-09-15,24750.0,PE,0.0,0.0,0.0,573.2,596.38,0,0.0,0,0,2026-08-13
NIFTY,2026-09-15,23450.0,PE,0.0,0.0,0.0,114.05,115.91,0,0.0,0,0,2026-08-13
NIFTY,2026-09-15,22950.0,PE,0.0,0.0,0.0,48.5,48.2,0,0.0,0,0,2026-08-13
NIFTY,2026-09-08,26000.0,PE,0.0,0.0,0.0,1356.15,1537.82,0,0.0,0,0,2026-08-13
NIFTY,2026-09-08,25850.0,PE,0.0,0.0,0.0,1234.05,1402.9,0,0.0,0,0,2026-08-13
NIFTY,2026-09-08,25550.0,PE,0.0,0.0,0.0,1003.8,1144.63,0,0.0,0,0,2026-08-13
NIFTY,2026-09-08,24850.0,PE,0.0,0.0,0.0,557.75,627.56,0,0.0,0,0,2026-08-13
NIFTY,2026-09-08,24200.0,PE,167.65,179.2,139.0,144.6,144.6,199,315066895.0,20930,1885,2026-08-13
NIFTY,2026-09-08,24100.0,PE,147.85,149.0,113.3,117.2,117.2,111,174791457.75,11245,1495,2026-08-13
NIFTY,2026-09-08,23750.0,PE,0.0,0.0,0.0,150.75,149.87,0,0.0,0,0,2026-08-13
NIFTY,2026-09-08,23000.0,PE,17.05,17.4,11.7,13.7,13.7,636,951426222.5,35360,9750,2026-08-13
NIFTY,2026-09-08,22800.0,PE,11.45,11.45,9.3,11.4,11.4,80,118613547.0,3575,3575,2026-08-13
NIFTY,2026-09-29,21700.0,PE,12.75,14.1,11.9,11.9,11.9,67,94559702.25,14105,845,2026-08-13
NIFTY,2026-09-15,26050.0,PE,0.0,0.0,0.0,1515.75,1570.16,0,0.0,0,0,2026-08-13
NIFTY,2026-09-15,25200.0,PE,0.0,0.0,0.0,850.85,885.51,0,0.0,0,0,2026-08-13
NIFTY,2026-09-15,24600.0,PE,315.0,320.0,313.0,320.0,320.0,4,6478420.0,1625,130,2026-08-13
NIFTY,2026-09-15,24300.0,PE,0.0,0.0,0.0,357.65,370.77,0,0.0,0,0,2026-08-13
NIFTY,2026-09-15,23950.0,PE,154.75,154.75,106.25,106.25,240.26,4,6260930.0,260,260,2026-08-13
NIFTY,2026-09-15,23350.0,PE,0.0,0.0,0.0,97.3,98.48,0,0.0,0,0,2026-08-13
NIFTY,2026-09-15,23100.0,PE,0.0,0.0,0.0,63.7,63.77,0,0.0,0,0,2026-08-13
NIFTY,2026-09-08,24700.0,PE,406.2,414.8,347.0,359.9,536.79,35,57060890.25,9880,-715,2026-08-13
NIFTY,2026-09-08,23700.0,PE,61.35,65.95,49.0,50.9,50.9,932,1439044223.5,37570,16510,2026-08-13
NIFTY,2026-09-08,23200.0,PE,0.0,0.0,0.0,62.7,54.51,0,0.0,0,0,2026-08-13
NIFTY,2026-08-18,22800.0,CE,0.0,0.0,0.0,1464.3,1614.82,0,0.0,0,0,2026-08-13
NIFTY,2026-08-18,24750.0,CE,24.0,24.0,10.8,13.5,13.5,489792,788417861117.25,3248050,1175070,2026-08-13
NIFTY,2026-08-18,26550.0,CE,0.75,0.8,0.4,0.45,0.45,541,933650090.75,16120,4095,2026-08-13
NIFTY,2026-08-25,21300.0,CE,0.0,0.0,0.0,3070.0,3138.31,0,0.0,3705,0,2026-08-13
NIFTY,2026-08-25,21650.0,CE,0.0,0.0,0.0,2669.3,2789.02,0,0.0,0,0,2026-08-13
NIFTY,2026-08-25,21700.0,CE,0.0,0.0,0.0,2625.1,2739.12,0,0.0,0,0,2026-08-13
NIFTY,2026-08-25,22500.0,CE,1915.0,1994.25,1886.15,1967.0,1941.3,101,160363407.75,300235,-3445,2026-08-13
NIFTY,2026-08-25,24450.0,CE,190.05,212.0,153.55,184.3,184.3,19168,30688774584.0,395785,87620,2026-08-13
NIFTY,2026-08-25,25850.0,CE,1.7,1.8,1.0,1.05,1.05,5284,8878870126.75,179595,138320,2026-08-13
NIFTY,2026-08-25,25900.0,CE,1.6,1.8,0.95,1.0,1.0,16958,28550049329.75,818740,386295,2026-08-13
NIFTY,2026-08-25,26250.0,CE,1.0,1.0,0.7,0.7,0.7,852,1453767341.0,101400,1885,2026-08-13
NIFTY,2026-08-25,26900.0,CE,0.7,0.75,0.55,0.6,0.6,237,414404188.25,28275,0,2026-08-13
NIFTY,2026-09-01,22000.0,CE,0.0,0.0,0.0,2360.9,2465.86,0,0.0,0,0,2026-08-13
NIFTY,2026-09-01,22200.0,CE,0.0,0.0,0.0,2171.8,2267.23,0,0.0,0,0,2026-08-13
NIFTY,2026-09-01,24450.0,CE,244.45,281.45,222.15,255.2,255.2,510,818684467.25,27235,1040,2026-08-13
NIFTY,2026-09-01,24600.0,CE,190.0,199.1,154.5,178.15,178.15,2198,3539467522.5,149695,11635,2026-08-13
NIFTY,2026-09-01,26250.0,CE,2.4,3.3,2.4,2.55,11.73,13,22183713.5,780,-260,2026-08-13
NIFTY,2026-09-01,26400.0,CE,2.45,3.8,1.75,2.3,2.3,293,502834049.25,4875,1105,2026-08-13
NIFTY,2026-09-01,26800.0,CE,1.95,2.1,1.75,1.95,1.95,91,158533888.5,7280,4485,2026-08-13
NIFTY,2026-09-01,26850.0,CE,0.0,0.0,0.0,2.0,2.2,0,0.0,1105,0,2026-08-13
NIFTY,2026-09-08,22900.0,CE,0.0,0.0,0.0,1884.1,1623.04,0,0.0,0,0,2026-08-13
NIFTY,2026-09-08,23150.0,CE,0.0,0.0,0.0,1656.9,1394.88,0,0.0,0,0,2026-08-13
NIFTY,2026-09-08,23250.0,CE,0.0,0.0,0.0,1568.45,1306.5,0,0.0,0,0,2026-08-13
NIFTY,2026-09-08,24700.0,CE,196.75,204.0,164.6,187.2,187.2,253,409193219.5,21190,1755,2026-08-13
NIFTY,2026-09-08,25000.0,CE,92.55,101.5,78.55,89.4,89.4,1535,2503164963.0,80730,28210,2026-08-13
NIFTY,2026-09-08,26400.0,CE,3.2,3.5,3.1,3.3,20.88,10,17162138.5,2340,0,2026-08-13
NIFTY,2026-09-15,23000.0,CE,0.0,0.0,0.0,1658.15,1584.86,0,0.0,0,0,2026-08-13
NIFTY,2026-09-15,23050.0,CE,0.0,0.0,0.0,1613.5,1540.34,0,0.0,0,0,2026-08-13
NIFTY,2026-09-15,23150.0,CE,0.0,0.0,0.0,1525.35,1452.53,0,0.0,0,0,2026-08-13
NIFTY,2026-09-15,23250.0,CE,0.0,0.0,0.0,1438.9,1366.49,0,0.0,0,0,2026-08-13
NIFTY,2026-09-15,23500.0,CE,0.0,0.0,0.0,1231.15,1160.29,0,0.0,0,0,2026-08-13
NIFTY,2026-09-15,24100.0,CE,0.0,0.0,0.0,793.35,729.86,0,0.0,0,0,2026-08-13
NIFTY,2026-09-15,24850.0,CE,0.0,0.0,0.0,395.35,348.16,0,0.0,0,0,2026-08-13
NIFTY,2026-09-15,25050.0,CE,0.0,0.0,0.0,318.55,276.49,0,0.0,0,0,2026-08-13
NIFTY,2026-09-15,25250.0,CE,0.0,0.0,0.0,253.25,216.39,0,0.0,0,0,2026-08-13
NIFTY,2026-09-15,25650.0,CE,0.0,0.0,0.0,153.9,126.98,0,0.0,0,0,2026-08-13
NIFTY,2026-09-15,25750.0,CE,0.0,0.0,0.0,134.65,110.07,0,0.0,0,0,2026-08-13
NIFTY,2026-09-15,25850.0,CE,0.0,0.0,0.0,117.45,95.05,0,0.0,0,0,2026-08-13
NIFTY,2026-09-15,26100.0,CE,0.0,0.0,0.0,82.15,64.76,0,0.0,0,0,2026-08-13
NIFTY,2026-09-15,26200.0,CE,0.0,0.0,0.0,70.75,55.17,0,0.0,0,0,2026-08-13
NIFTY,2026-09-29,19500.0,CE,5100.0,5109.5,5077.95,5078.55,5059.89,48,76707900.75,140660,0,2026-08-13
NIFTY,2026-09-29,21750.0,CE,0.0,0.0,0.0,2542.45,2838.17,0,0.0,0,0,2026-08-13
NIFTY,2026-09-29,21800.0,CE,0.0,0.0,0.0,2929.0,2789.65,0,0.0,65,0,2026-08-13
NIFTY,2026-09-29,22100.0,CE,0.0,0.0,0.0,2242.1,2500.94,0,0.0,0,0,2026-08-13
NIFTY,2026-09-29,24400.0,CE,490.0,513.95,449.55,486.05,486.05,1864,3014663704.0,169390,31265,2026-08-13
NIFTY,2026-09-29,24700.0,CE,318.1,340.2,293.3,318.95,318.95,4165,6773188984.25,313885,2080,2026-08-13
NIFTY,2026-09-29,24800.0,CE,269.8,292.25,249.5,270.35,270.35,2514,4096401845.25,318630,19435,2026-08-13
NIFTY,2026-09-29,24900.0,CE,238.0,247.55,210.0,228.05,228.05,2300,3756488957.0,156065,-21970,2026-08-13
NIFTY,2026-09-29,26400.0,CE,0.0,0.0,0.0,175.4,86.16,0,0.0,0,0,2026-08-13
NIFTY,2026-10-27,22350.0,CE,0.0,0.0,0.0,2124.25,2416.45,0,0.0,0,0,2026-08-13
NIFTY,2026-10-27,22950.0,CE,0.0,0.0,0.0,1654.95,1901.26,0,0.0,0,0,2026-08-13
NIFTY,2026-10-27,23900.0,CE,0.0,0.0,0.0,994.4,1197.05,0,0.0,65,0,2026-08-13
NIFTY,2026-10-27,24200.0,CE,756.0,801.8,748.0,789.0,789.0,12,19475878.5,6240,325,2026-08-13
NIFTY,2026-10-27,24500.0,CE,615.8,625.05,566.8,600.75,600.75,2240,3653563764.5,183105,5785,2026-08-13
NIFTY,2026-10-27,25450.0,CE,0.0,0.0,0.0,388.6,436.63,0,0.0,0,0,2026-08-13
NIFTY,2026-10-27,26000.0,CE,75.4,79.45,69.9,75.2,75.2,4960,8406453451.5,666120,79300,2026-08-13
NIFTY,2026-10-27,26600.0,CE,0.0,0.0,0.0,157.4,165.8,0,0.0,0,0,2026-08-13
NIFTY,2026-10-27,26750.0,CE,0.0,0.0,0.0,138.3,144.06,0,0.0,0,0,2026-08-13
NIFTY,2026-12-29,21000.0,CE,3944.4,3960.0,3885.0,3927.0,3927.0,35,56702834.5,195040,-195,2026-08-13
NIFTY,2027-03-30,18000.0,CE,0.0,0.0,0.0,5643.55,7125.13,0,0.0,0,0,2026-08-13
NIFTY,2027-06-29,21000.0,CE,0.0,0.0,0.0,3061.8,4711.72,0,0.0,0,0,2026-08-13
NIFTY,2027-06-29,24000.0,CE,0.0,0.0,0.0,2200.0,2480.98,0,0.0,1185,0,2026-08-13
NIFTY,2027-06-29,27000.0,CE,670.0,670.0,670.0,670.0,1051.54,1,1798550.0,195,0,2026-08-13
NIFTY,2027-12-28,22500.0,CE,0.0,0.0,0.0,6183.0,4285.9,0,0.0,0,0,2026-08-13
NIFTY,2027-12-28,25500.0,CE,0.0,0.0,0.0,2400.0,2439.61,0,0.0,0,0,2026-08-13
NIFTY,2027-12-28,28500.0,CE,689.0,700.0,689.0,700.0,1232.35,5,9489285.0,11635,0,2026-08-13
NIFTY,2028-06-27,25500.0,CE,0.0,0.0,0.0,4676.6,3162.02,0,0.0,0,0,2026-08-13
NIFTY,2028-06-27,31500.0,CE,0.0,0.0,0.0,1784.8,1014.12,0,0.0,0,0,2026-08-13
NIFTY,2028-12-26,21000.0,CE,0.0,0.0,0.0,7512.5,6720.59,0,0.0,0,0,2026-08-13
NIFTY,2029-12-24,22500.0,CE,0.0,0.0,0.0,8486.15,6886.96,0,0.0,0,0,2026-08-13
NIFTY,2030-06-25,16500.0,CE,0.0,0.0,0.0,13374.05,11644.57,0,0.0,0,0,2026-08-13
NIFTY,2030-06-25,19500.0,CE,0.0,0.0,0.0,11140.25,9461.05,0,0.0,0,0,2026-08-13
NIFTY,2031-06-24,28500.0,CE,0.0,0.0,0.0,5048.95,5421.9,0,0.0,0,0,2026-08-13
NIFTY,2026-08-18,22550.0,PE,1.55,1.7,0.7,0.85,0.85,2519,3692404001.0,31915,-1365,2026-08-13
NIFTY,2026-08-18,24850.0,PE,450.8,495.1,383.6,415.3,415.3,2681,4406481478.75,29120,-9425,2026-08-13
NIFTY,2026-08-18,25500.0,PE,1100.0,1137.5,1025.0,1058.15,1058.15,102,176167130.75,170950,-455,2026-08-13
NIFTY,2026-08-18,25650.0,PE,0.0,0.0,0.0,1178.3,1233.66,0,0.0,520,0,2026-08-13
NIFTY,2026-08-18,26750.0,PE,0.0,0.0,0.0,2558.25,2331.92,0,0.0,0,0,2026-08-13
NIFTY,2026-08-25,21950.0,PE,3.1,3.4,1.8,2.35,2.35,44,62784683.0,9620,455,2026-08-13
NIFTY,2026-08-25,23000.0,PE,6.75,6.75,3.9,4.15,4.15,28474,42577789790.25,3207815,52195,2026-08-13
NIFTY,2026-08-25,23650.0,PE,17.75,20.35,11.95,12.5,12.5,20859,32087020309.5,614185,279045,2026-08-13
NIFTY,2026-08-25,24150.0,PE,77.9,97.75,60.05,65.8,65.8,10724,16886902285.5,308555,28730,2026-08-13
NIFTY,2026-08-25,24550.0,PE,246.7,275.5,198.45,215.75,215.75,5538,8918903061.25,173030,-15860,2026-08-13
NIFTY,2026-08-25,25150.0,PE,0.0,0.0,0.0,771.2,772.03,0,0.0,3900,0,2026-08-13
NIFTY,2026-08-25,25800.0,PE,0.0,0.0,0.0,1338.0,1363.43,0,0.0,12025,0,2026-08-13
NIFTY,2026-08-25,26850.0,PE,0.0,0.0,0.0,2671.25,2400.8,0,0.0,0,0,2026-08-13
NIFTY,2026-09-01,22800.0,PE,7.6,8.3,6.2,7.05,7.05,1006,1491358020.75,67080,22165,2026-08-13
NIFTY,2026-09-01,23050.0,PE,10.15,10.35,8.7,8.95,8.95,111,166373171.25,6760,4095,2026-08-13
NIFTY,2026-09-01,24200.0,PE,135.55,149.5,105.4,111.8,111.8,2210,3494341574.75,82160,26000,2026-08-13
NIFTY,2026-09-01,24400.0,PE,208.1,228.9,169.75,180.35,180.35,3239,5178388631.0,136760,25610,2026-08-13
NIFTY,2026-09-01,24850.0,PE,0.0,0.0,0.0,418.0,587.48,0,0.0,65,0,2026-08-13
NIFTY,2026-09-01,25100.0,PE,0.0,0.0,0.0,1005.4,765.75,0,0.0,0,0,2026-08-13
NIFTY,2026-09-01,25500.0,PE,0.0,0.0,0.0,1305.4,1089.5,0,0.0,0,0,2026-08-13
NIFTY,2026-09-01,25550.0,PE,0.0,0.0,0.0,1345.2,1132.95,0,0.0,0,0,2026-08-13
NIFTY,2026-09-01,26300.0,PE,0.0,0.0,0.0,1989.7,1831.49,0,0.0,0,0,2026-08-13
NIFTY,2026-09-01,26700.0,PE,0.0,0.0,0.0,2360.1,2223.34,0,0.0,0,0,2026-08-13
NIFTY,2026-09-01,27000.0,PE,0.0,0.0,0.0,2645.4,2520.36,0,0.0,0,0,2026-08-13
NIFTY,2030-12-31,21000.0,PE,0.0,0.0,0.0,455.05,330.33,0,0.0,780,0,2026-08-13
NIFTY,2030-06-25,25500.0,PE,0.0,0.0,0.0,568.55,1112.23,0,0.0,0,0,2026-08-13
NIFTY,2030-06-25,21000.0,PE,0.0,0.0,0.0,220.0,331.17,0,0.0,65,0,2026-08-13
NIFTY,2029-12-24,31500.0,PE,0.0,0.0,0.0,2240.25,3440.84,0,0.0,0,0,2026-08-13
NIFTY,2029-12-24,25500.0,PE,0.0,0.0,0.0,597.3,1168.66,0,0.0,0,0,2026-08-13
NIFTY,2029-06-26,24000.0,PE,0.0,0.0,0.0,825.0,832.17,0,0.0,155,0,2026-08-13
NIFTY,2028-12-26,28500.0,PE,0.0,0.0,0.0,1451.15,2467.84,0,0.0,0,0,2026-08-13
NIFTY,2028-12-26,27000.0,PE,0.0,0.0,0.0,1640.0,1815.12,0,0.0,13035,0,2026-08-13
NIFTY,2027-03-30,19500.0,PE,54.2,56.75,53.15,55.85,55.85,210,266930732.25,79170,10010,2026-08-13
NIFTY,2026-12-29,26000.0,PE,1236.95,1256.2,1173.15,1194.65,1194.65,490,866436840.75,1376005,7145,2026-08-13
NIFTY,2026-12-29,13000.0,PE,7.5,7.5,7.5,7.5,0.0,2,1690975.0,8200,0,2026-08-13
NIFTY,2026-10-27,26150.0,PE,0.0,0.0,0.0,2000.25,1651.86,0,0.0,0,0,2026-08-13
NIFTY,2026-10-27,25900.0,PE,0.0,0.0,0.0,1231.5,1462.98,0,0.0,65,0,2026-08-13
NIFTY,2026-10-27,25750.0,PE,0.0,0.0,0.0,1149.95,1354.72,0,0.0,260,0,2026-08-13
NIFTY,2026-10-27,22850.0,PE,0.0,0.0,0.0,250.85,132.17,0,0.0,0,0,2026-08-13
NIFTY,2026-10-27,22800.0,PE,0.0,0.0,0.0,239.4,124.7,0,0.0,0,0,2026-08-13
NIFTY,2026-10-27,22650.0,PE,0.0,0.0,0.0,53.5,104.27,0,0.0,910,0,2026-08-13
NIFTY,2026-10-27,22250.0,PE,34.1,34.35,29.3,32.6,32.6,441,638719939.0,98995,11635,2026-08-13
NIFTY,2026-09-29,27200.0,PE,0.0,0.0,0.0,3004.3,2603.77,0,0.0,0,0,2026-08-13
NIFTY,2026-09-29,26300.0,PE,0.0,0.0,0.0,2221.3,1780.77,0,0.0,0,0,2026-08-13
NIFTY,2026-09-29,25750.0,PE,0.0,0.0,0.0,1035.0,1325.64,0,0.0,390,0,2026-08-13
NIFTY,2026-09-29,24600.0,PE,390.9,402.0,342.15,355.05,355.05,2305,3740187379.5,316680,3445,2026-08-13
NIFTY,2026-09-29,24400.0,PE,300.0,315.45,262.6,271.25,271.25,3558,5708360196.5,254670,55705,2026-08-13
NIFTY,2026-09-29,24250.0,PE,254.85,256.25,216.45,221.3,221.3,106,168682078.5,34450,-390,2026-08-13
NIFTY,2026-09-29,24100.0,PE,188.9,211.35,174.4,180.6,180.6,3043,4803350903.0,193115,77805,2026-08-13
NIFTY,2026-09-29,23950.0,PE,167.55,167.55,141.7,143.05,143.05,137,214592176.5,20930,3705,2026-08-13
NIFTY,2026-09-29,23750.0,PE,120.35,129.05,106.0,107.55,107.55,150,232668800.0,53560,1105,2026-08-13
NIFTY,2026-09-29,23700.0,PE,112.55,119.95,96.6,100.05,100.05,3283,5079633695.5,335985,58045,2026-08-13
NIFTY,2026-09-29,23150.0,PE,52.3,52.3,44.25,47.65,47.65,95,143250848.0,22360,325,2026-08-13
NIFTY,2026-09-29,22250.0,PE,18.75,18.85,18.3,18.7,18.7,33,47766355.0,11960,-1430,2026-08-13
NIFTY,2026-09-29,22200.0,PE,20.5,20.5,16.0,18.15,18.15,194,280162977.25,50635,650,2026-08-13
NIFTY,2031-06-24,27000.0,PE,0.0,0.0,0.0,1653.15,1339.54,0,0.0,0,0,2026-08-13
NIFTY,2026-08-18,22450.0,CE,0.0,0.0,0.0,1774.75,1964.51,0,0.0,0,0,2026-08-13
NIFTY,2026-08-18,22700.0,CE,0.0,0.0,0.0,1551.05,1714.73,0,0.0,0,0,2026-08-13
NIFTY,2026-08-18,23950.0,CE,490.0,533.35,421.3,493.6,493.6,1623,2576395669.25,32565,-520,2026-08-13
NIFTY,2026-08-18,24300.0,CE,205.0,222.0,142.0,187.15,187.15,1226694,1951428326727.75,2515305,126750,2026-08-13
NIFTY,2026-08-18,24350.0,CE,172.0,186.4,113.35,152.85,152.85,1531176,2437751187703.0,2349685,880620,2026-08-13
NIFTY,2026-08-18,25300.0,CE,1.75,1.95,1.05,1.2,1.2,370802,609820002103.0,2862080,-120445,2026-08-13
NIFTY,2026-08-18,25350.0,CE,1.7,1.8,1.0,1.15,1.15,163938,270144216137.25,1090570,-204620,2026-08-13
NIFTY,2026-08-18,25400.0,CE,1.55,1.65,0.95,1.1,1.1,345967,571220722813.0,3239015,617110,2026-08-13
NIFTY,2026-08-18,26200.0,CE,0.7,0.9,0.45,0.5,0.5,6421,10935213337.75,251485,-7735,2026-08-13
NIFTY,2026-08-18,26600.0,CE,0.65,0.75,0.4,0.45,0.45,1516,2621213952.5,48035,-520,2026-08-13
NIFTY,2026-08-18,26750.0,CE,0.75,0.9,0.35,0.35,0.35,528,918078339.75,10725,1950,2026-08-13
NIFTY,2026-08-18,27000.0,CE,0.45,0.5,0.35,0.4,0.4,9739,17092216180.0,374465,-16510,2026-08-13
NIFTY,2026-08-25,22100.0,CE,0.0,0.0,0.0,2281.05,2339.98,0,0.0,0,0,2026-08-13
NIFTY,2026-08-25,22550.0,CE,0.0,0.0,0.0,1773.25,1891.57,0,0.0,130,0,2026-08-13
NIFTY,2026-08-25,22700.0,CE,0.0,0.0,0.0,1610.65,1742.65,0,0.0,5850,0,2026-08-13
NIFTY,2026-08-25,23200.0,CE,1200.0,1302.0,1200.0,1270.8,1270.8,33,52529932.0,23855,-1885,2026-08-13
NIFTY,2026-08-25,23400.0,CE,1030.0,1103.15,1000.0,1081.4,1065.66,22,34966064.25,21060,-845,2026-08-13
NIFTY,2026-08-25,23600.0,CE,839.7,905.95,807.55,876.3,876.3,81,128699356.5,214110,-910,2026-08-13
NIFTY,2026-08-25,24250.0,CE,299.0,342.25,265.15,308.5,308.5,5757,9186632097.5,133965,26130,2026-08-13
NIFTY,2026-08-25,24300.0,CE,289.4,308.0,235.0,274.35,274.35,52569,83936553242.75,1629095,170300,2026-08-13
NIFTY,2026-08-25,24650.0,CE,100.15,114.1,77.6,93.75,93.75,27589,44372304541.5,750815,36400,2026-08-13
NIFTY,2026-08-25,25150.0,CE,15.05,15.8,9.9,10.9,10.9,12941,21165064843.0,308620,112190,2026-08-13
NIFTY,2026-08-25,27200.0,CE,0.65,0.75,0.55,0.7,0.7,213,376593493.25,47775,7475,2026-08-13
NIFTY,2026-09-01,22100.0,CE,0.0,0.0,0.0,2265.95,2366.48,0,0.0,0,0,2026-08-13
NIFTY,2026-09-01,22150.0,CE,0.0,0.0,0.0,2218.8,2316.84,0,0.0,0,0,2026-08-13
NIFTY,2026-09-01,24100.0,CE,456.4,506.25,438.75,484.65,484.65,80,127803594.75,19630,1300,2026-08-13
NIFTY,2026-09-01,27000.0,CE,1.3,2.4,1.2,1.55,1.55,264,463349672.5,18265,1430,2026-08-13
NIFTY,2026-09-08,23950.0,CE,0.0,0.0,0.0,1004.15,754.25,0,0.0,0,0,2026-08-13
NIFTY,2026-09-08,24200.0,CE,462.0,480.1,427.25,470.55,470.55,60,96130134.75,3055,1300,2026-08-13
NIFTY,2026-09-08,24500.0,CE,282.0,305.0,251.0,282.1,282.1,1101,1773108590.5,74685,24440,2026-08-13
NIFTY,2026-09-08,24850.0,CE,126.65,141.5,116.2,131.4,131.4,150,243588826.0,6630,1755,2026-08-13
NIFTY,2026-09-08,25250.0,CE,0.0,0.0,0.0,307.5,161.87,0,0.0,0,0,2026-08-13
NIFTY,2026-09-08,25350.0,CE,0.0,0.0,0.0,274.75,138.31,0,0.0,0,0,2026-08-13
NIFTY,2026-09-08,26000.0,CE,6.95,7.4,5.95,6.15,6.15,480,811404974.25,30355,9945,2026-08-13
NIFTY,2026-09-08,26250.0,CE,0.0,0.0,0.0,86.15,28.32,0,0.0,0,0,2026-08-13
NIFTY,2026-09-15,23350.0,CE,0.0,0.0,0.0,1354.25,1282.4,0,0.0,0,0,2026-08-13
NIFTY,2026-09-15,23950.0,CE,0.0,0.0,0.0,893.55,827.73,0,0.0,0,0,2026-08-13
NIFTY,2026-09-15,25100.0,CE,0.0,0.0,0.0,301.2,260.42,0,0.0,0,0,2026-08-13
NIFTY,2026-09-15,25800.0,CE,0.0,0.0,0.0,125.8,102.33,0,0.0,0,0,2026-08-13
NIFTY,2026-09-15,26050.0,CE,0.0,0.0,0.0,88.4,70.06,0,0.0,0,0,2026-08-13
NIFTY,2026-09-29,22200.0,CE,0.0,0.0,0.0,2158.9,2405.85,0,0.0,0,0,2026-08-13
NIFTY,2026-09-29,22800.0,CE,0.0,0.0,0.0,1650.5,1853.5,0,0.0,455,0,2026-08-13
NIFTY,2026-09-29,23000.0,CE,1599.95,1668.6,1560.15,1628.2,1628.2,125,200019283.75,123565,1105,2026-08-13
NIFTY,2026-09-29,23700.0,CE,958.0,1010.0,958.0,1010.0,1122.93,29,46574970.0,16445,260,2026-08-13
NIFTY,2026-09-29,25200.0,CE,147.85,147.95,118.1,129.15,129.15,7091,11673790095.5,468975,79755,2026-08-13
NIFTY,2026-09-29,25600.0,CE,57.9,61.75,51.55,55.7,55.7,2670,4452608881.5,149110,31980,2026-08-13
NIFTY,2026-09-29,26200.0,CE,17.95,18.0,15.7,16.15,16.15,1906,3247986956.5,204295,24960,2026-08-13
NIFTY,2026-09-29,26800.0,CE,0.0,0.0,0.0,124.8,50.5,0,0.0,0,0,2026-08-13
NIFTY,2026-09-29,27100.0,CE,0.0,0.0,0.0,95.6,32.93,0,0.0,0,0,2026-08-13
NIFTY,2026-10-27,22800.0,CE,0.0,0.0,0.0,1767.2,2025.82,0,0.0,0,0,2026-08-13
NIFTY,2026-10-27,23200.0,CE,0.0,0.0,0.0,1475.8,1700.99,0,0.0,0,0,2026-08-13
NIFTY,2026-10-27,23450.0,CE,0.0,0.0,0.0,1307.95,1510.84,0,0.0,0,0,2026-08-13
NIFTY,2026-10-27,23600.0,CE,0.0,0.0,0.0,1212.7,1401.75,0,0.0,0,0,2026-08-13
NIFTY,2026-10-27,24050.0,CE,0.0,0.0,0.0,952.7,1101.44,0,0.0,0,0,2026-08-13
NIFTY,2026-10-27,24750.0,CE,0.0,0.0,0.0,436.65,717.61,0,0.0,260,0,2026-08-13
NIFTY,2026-10-27,24850.0,CE,396.95,396.95,396.95,396.95,671.3,1,1641051.75,2210,0,2026-08-13
NIFTY,2026-10-27,25750.0,CE,115.1,117.1,106.15,112.35,112.35,434,729573841.75,55770,2145,2026-08-13
NIFTY,2026-10-27,25850.0,CE,0.0,0.0,0.0,288.85,318.43,0,0.0,0,0,2026-08-13
NIFTY,2026-10-27,26300.0,CE,0.0,0.0,0.0,202.25,217.47,0,0.0,0,0,2026-08-13
NIFTY,2026-12-29,22000.0,CE,3004.4,3022.2,2938.65,2990.9,2990.9,90,146147296.75,262730,195,2026-08-13
NIFTY,2026-12-29,27000.0,CE,98.05,100.55,91.0,93.8,93.8,4895,8620601544.75,2432000,51425,2026-08-13
NIFTY,2026-12-29,28500.0,CE,28.95,30.4,26.95,29.85,29.85,489,906783640.75,118950,-1885,2026-08-13
NIFTY,2026-12-29,29000.0,CE,21.15,22.4,20.1,22.3,22.3,674,1271421336.25,529275,22230,2026-08-13
NIFTY,2026-12-29,31000.0,CE,10.0,11.2,10.0,10.1,17.21,35,70548299.25,170430,-975,2026-08-13
NIFTY,2027-03-30,27000.0,CE,315.45,325.0,304.2,314.85,314.85,830,1473510252.5,619645,195,2026-08-13
NIFTY,2027-03-30,31500.0,CE,0.0,0.0,0.0,94.65,75.58,0,0.0,0,0,2026-08-13
NIFTY,2027-12-28,16500.0,CE,0.0,0.0,0.0,11316.4,9327.16,0,0.0,0,0,2026-08-13
NIFTY,2029-12-24,18000.0,CE,0.0,0.0,0.0,11362.4,10059.15,0,0.0,0,0,2026-08-13
NIFTY,2030-06-25,21000.0,CE,0.0,0.0,0.0,10421.65,8433.8,0,0.0,0,0,2026-08-13
NIFTY,2030-12-31,31500.0,CE,0.0,0.0,0.0,4554.55,3697.74,0,0.0,0,0,2026-08-13
NIFTY,2031-06-24,21000.0,CE,0.0,0.0,0.0,8900.75,9460.76,0,0.0,0,0,2026-08-13
NIFTY,2031-06-24,33000.0,CE,0.0,0.0,0.0,3451.55,3707.72,0,0.0,0,0,2026-08-13
NIFTY,2026-08-18,22400.0,PE,1.0,5.0,0.65,0.7,0.7,14512,21130338986.25,150150,-29965,2026-08-13
NIFTY,2026-08-18,23250.0,PE,1.9,2.45,1.15,1.35,1.35,68853,104062002580.25,323570,76505,2026-08-13
NIFTY,2026-08-18,23400.0,PE,2.45,2.95,1.15,1.45,1.45,277008,421365628901.75,1906970,128830,2026-08-13
NIFTY,2026-08-18,23900.0,PE,8.5,11.1,3.65,4.0,4.0,496528,771563715354.25,5078515,478140,2026-08-13
NIFTY,2026-08-18,24200.0,PE,40.25,54.5,22.0,25.55,25.55,1042183,1641777221981.0,6281145,1575600,2026-08-13
NIFTY,2026-08-18,24550.0,PE,192.25,232.65,145.85,163.75,163.75,220002,353699847133.75,700570,228475,2026-08-13
NIFTY,2026-08-18,25400.0,PE,1020.1,1039.35,950.25,950.7,986.69,26,44570649.5,15340,-130,2026-08-13
NIFTY,2026-08-18,25750.0,PE,0.0,0.0,0.0,1625.45,1333.18,0,0.0,0,0,2026-08-13
NIFTY,2026-08-18,25850.0,PE,0.0,0.0,0.0,1334.0,1432.88,0,0.0,260,0,2026-08-13
NIFTY,2026-08-18,25900.0,PE,1516.55,1516.55,1515.7,1515.7,1482.78,2,3564096.25,585,0,2026-08-13
NIFTY,2026-08-18,26100.0,PE,0.0,0.0,0.0,1570.0,1682.49,0,0.0,130,0,2026-08-13
NIFTY,2026-08-18,26600.0,PE,0.0,0.0,0.0,2413.6,2182.04,0,0.0,0,0,2026-08-13
NIFTY,2026-08-18,26950.0,PE,0.0,0.0,0.0,2752.6,2531.75,0,0.0,0,0,2026-08-13
NIFTY,2026-08-25,22550.0,PE,4.45,4.45,2.85,3.05,3.05,198,290261757.5,22295,4355,2026-08-13
NIFTY,2026-08-25,22600.0,PE,4.35,4.4,3.1,3.25,3.25,1967,2889974974.25,129545,24635,2026-08-13
NIFTY,2026-08-25,23350.0,PE,10.15,10.15,5.75,6.05,6.05,3473,5272793204.25,80210,17615,2026-08-13
NIFTY,2026-08-25,23600.0,PE,15.0,17.6,10.05,10.55,10.55,42149,64691043348.75,1280890,294710,2026-08-13
NIFTY,2026-08-25,24300.0,PE,122.15,150.0,96.9,106.7,106.7,73077,116005010966.0,2515760,47125,2026-08-13
NIFTY,2026-08-25,25500.0,PE,1081.0,1109.0,996.8,1035.45,1035.45,324,559247851.5,1313000,-6435,2026-08-13
NIFTY,2026-08-25,26000.0,PE,1520.7,1607.25,1492.4,1528.6,1528.6,692,1238733249.0,2199405,-33410,2026-08-13
NIFTY,2026-08-25,26050.0,PE,0.0,0.0,0.0,1763.2,1606.8,0,0.0,260,0,2026-08-13
NIFTY,2026-08-25,26350.0,PE,0.0,0.0,0.0,1699.45,1903.12,0,0.0,65,0,2026-08-13
NIFTY,2026-08-25,26900.0,PE,0.0,0.0,0.0,2715.0,2450.67,0,0.0,0,0,2026-08-13
NIFTY,2026-09-01,22400.0,PE,6.65,6.75,5.2,5.45,5.45,111,161657791.75,6760,2665,2026-08-13
NIFTY,2026-09-01,22550.0,PE,7.05,7.05,5.9,6.1,4.71,16,23458789.25,1950,-325,2026-08-13
NIFTY,2026-09-01,22600.0,PE,7.25,7.3,5.8,6.2,6.2,120,176333426.75,13260,3445,2026-08-13
NIFTY,2026-09-01,23000.0,PE,9.9,11.15,8.2,8.9,8.9,4455,6662792409.0,190710,64350,2026-08-13
NIFTY,2026-09-01,23200.0,PE,12.75,14.25,10.0,10.65,10.65,1034,1560012769.25,47125,19760,2026-08-13
NIFTY,2026-09-01,24150.0,PE,0.0,0.0,0.0,453.7,225.86,0,0.0,0,0,2026-08-13
NIFTY,2026-09-01,24350.0,PE,190.0,208.75,151.75,160.2,160.2,1295,2064574612.75,15795,-5980,2026-08-13
NIFTY,2026-09-01,24500.0,PE,261.25,280.15,213.6,223.45,223.45,4795,7710688531.0,245375,39715,2026-08-13
NIFTY,2026-09-01,25800.0,PE,0.0,0.0,0.0,1550.85,1357.44,0,0.0,0,0,2026-08-13
NIFTY,2026-09-01,26200.0,PE,0.0,0.0,0.0,1899.45,1734.83,0,0.0,0,0,2026-08-13
NIFTY,2026-09-01,26850.0,PE,0.0,0.0,0.0,2502.1,2371.64,0,0.0,0,0,2026-08-13
NIFTY,2026-09-08,23850.0,PE,0.0,0.0,0.0,173.75,175.79,0,0.0,0,0,2026-08-13
NIFTY,2026-09-08,23950.0,PE,155.0,155.0,155.0,155.0,155.0,1,1566825.0,65,65,2026-08-13
NIFTY,2026-09-08,26050.0,PE,0.0,0.0,0.0,1397.8,1583.5,0,0.0,0,0,2026-08-13
NIFTY,2026-09-08,26150.0,PE,0.0,0.0,0.0,1482.45,1675.79,0,0.0,0,0,2026-08-13
NIFTY,2026-09-08,26200.0,PE,0.0,0.0,0.0,1525.35,1722.37,0,0.0,0,0,2026-08-13
NIFTY,2026-09-08,26400.0,PE,0.0,0.0,0.0,1700.8,1911.13,0,0.0,0,0,2026-08-13
NIFTY,2026-09-15,22800.0,PE,0.0,0.0,0.0,36.45,35.88,0,0.0,0,0,2026-08-13
NIFTY,2026-09-15,24150.0,PE,0.0,0.0,0.0,299.75,310.12,0,0.0,0,0,2026-08-13
NIFTY,2026-09-15,24450.0,PE,0.0,0.0,0.0,422.45,438.7,0,0.0,0,0,2026-08-13
NIFTY,2026-09-15,24500.0,PE,296.95,324.9,258.6,271.0,271.0,70,112787948.0,2600,1495,2026-08-13
NIFTY,2026-09-15,25350.0,PE,0.0,0.0,0.0,956.1,995.7,0,0.0,0,0,2026-08-13
NIFTY,2026-09-15,26000.0,PE,0.0,0.0,0.0,1472.65,1526.12,0,0.0,0,0,2026-08-13
NIFTY,2026-09-15,26200.0,PE,0.0,0.0,0.0,1647.25,1704.39,0,0.0,0,0,2026-08-13
NIFTY,2026-09-29,22400.0,PE,21.0,22.0,18.9,21.45,21.45,319,464886162.0,25285,-8190,2026-08-13
NIFTY,2026-09-29,23050.0,PE,45.7,45.7,38.7,41.65,41.65,79,118576279.25,18265,-2340,2026-08-13
NIFTY,2026-09-29,24850.0,PE,523.45,530.0,479.05,487.55,710.54,11,18127479.5,8385,260,2026-08-13
NIFTY,2026-09-29,25050.0,PE,616.0,616.0,605.35,605.35,830.49,2,3335887.75,2340,65,2026-08-13
NIFTY,2026-09-29,25300.0,PE,814.6,830.3,768.05,779.95,779.95,10,16962224.5,10205,0,2026-08-13
NIFTY,2026-09-29,25550.0,PE,0.0,0.0,0.0,930.0,1174.09,0,0.0,130,0,2026-08-13
NIFTY,2026-09-29,26000.0,PE,1443.8,1455.4,1351.2,1389.4,1389.4,385,685432995.0,927015,17095,2026-08-13
NIFTY,2026-09-29,26050.0,PE,0.0,0.0,0.0,2017.5,1567.98,0,0.0,0,0,2026-08-13
NIFTY,2026-09-29,34500.0,PE,0.0,0.0,0.0,7064.95,9813.95,0,0.0,0,0,2026-08-13
NIFTY,2026-10-27,22900.0,PE,0.0,0.0,0.0,262.65,139.98,0,0.0,0,0,2026-08-13
NIFTY,2026-10-27,22950.0,PE,0.0,0.0,0.0,274.9,148.13,0,0.0,0,0,2026-08-13
NIFTY,2026-10-27,23150.0,PE,0.0,0.0,0.0,327.65,184.46,0,0.0,0,0,2026-08-13
NIFTY,2026-10-27,23750.0,PE,0.0,0.0,0.0,529.65,333.37,0,0.0,0,0,2026-08-13
NIFTY,2026-10-27,23800.0,PE,175.0,187.45,160.0,164.4,164.4,421,655986132.75,59540,10010,2026-08-13
NIFTY,2026-10-27,25700.0,PE,0.0,0.0,0.0,952.1,1319.48,0,0.0,260,0,2026-08-13
NIFTY,2026-10-27,26250.0,PE,0.0,0.0,0.0,2081.05,1729.93,0,0.0,0,0,2026-08-13
NIFTY,2026-10-27,26400.0,PE,0.0,0.0,0.0,2204.4,1849.64,0,0.0,0,0,2026-08-13
NIFTY,2027-06-29,21000.0,PE,128.15,133.05,128.15,132.05,132.05,13,17856120.75,6985,130,2026-08-13
NIFTY,2027-06-29,25500.0,PE,0.0,0.0,0.0,667.15,1339.07,0,0.0,0,0,2026-08-13
NIFTY,2027-12-28,17000.0,PE,0.0,0.0,0.0,57.2,12.65,0,0.0,17750,0,2026-08-13
NIFTY,2027-12-28,21000.0,PE,240.2,240.2,227.0,238.0,216.87,9,12423440.25,17365,65,2026-08-13
NIFTY,2028-06-27,24000.0,PE,0.0,0.0,0.0,1692.75,844.04,0,0.0,0,0,2026-08-13
NIFTY,2028-12-26,25500.0,PE,0.0,0.0,0.0,648.2,1273.29,0,0.0,0,0,2026-08-13
NIFTY,2029-06-26,28500.0,PE,0.0,0.0,0.0,1349.1,2295.51,0,0.0,0,0,2026-08-13
NIFTY,2029-06-26,33000.0,PE,0.0,0.0,0.0,3022.85,4581.03,0,0.0,0,0,2026-08-13
NIFTY,2029-12-24,22500.0,PE,0.0,0.0,0.0,225.7,531.84,0,0.0,0,0,2026-08-13
NIFTY,2029-12-24,27000.0,PE,0.0,0.0,0.0,1177.9,1610.79,0,0.0,0,0,2026-08-13
NIFTY,2029-12-24,28500.0,PE,0.0,0.0,0.0,1255.9,2139.34,0,0.0,0,0,2026-08-13
NIFTY,2026-08-25,22150.0,PE,3.6,3.6,2.45,2.65,2.65,60,86396254.75,15730,1105,2026-08-13
NIFTY,2026-08-25,21800.0,PE,2.7,3.05,2.2,2.5,2.5,205,290520171.5,68250,3055,2026-08-13
NIFTY,2026-08-25,21450.0,PE,2.45,2.8,1.75,1.8,1.8,36,50197992.0,4940,-715,2026-08-13
NIFTY,2026-08-18,26550.0,PE,0.0,0.0,0.0,2365.65,2132.08,0,0.0,0,0,2026-08-13
NIFTY,2026-08-18,26350.0,PE,0.0,0.0,0.0,2175.4,1932.25,0,0.0,0,0,2026-08-13
NIFTY,2026-08-18,26300.0,PE,0.0,0.0,0.0,2128.25,1882.3,0,0.0,0,0,2026-08-13
NIFTY,2026-08-18,25600.0,PE,0.0,0.0,0.0,1185.85,1184.01,0,0.0,2340,0,2026-08-13
NIFTY,2026-08-18,22550.0,CE,0.0,0.0,0.0,1684.2,1864.59,0,0.0,0,0,2026-08-13
NIFTY,2026-08-18,23750.0,CE,676.05,725.5,616.05,692.55,692.55,157,249221869.0,6110,2600,2026-08-13
NIFTY,2026-08-18,25500.0,CE,1.25,1.45,0.85,0.95,0.95,374760,621192001855.75,7555990,203450,2026-08-13
NIFTY,2026-08-18,25900.0,CE,0.75,1.15,0.5,0.55,0.55,103918,174950379106.75,3096015,61425,2026-08-13
NIFTY,2026-08-25,21850.0,CE,0.0,0.0,0.0,2494.1,2589.43,0,0.0,0,0,2026-08-13
NIFTY,2026-08-25,21950.0,CE,0.0,0.0,0.0,2408.05,2489.64,0,0.0,0,0,2026-08-13
NIFTY,2026-08-25,22750.0,CE,0.0,0.0,0.0,1318.8,1693.14,0,0.0,1300,0,2026-08-13
NIFTY,2026-08-25,23100.0,CE,0.0,0.0,0.0,1361.95,1350.04,0,0.0,5135,0,2026-08-13
NIFTY,2026-08-25,23250.0,CE,0.0,0.0,0.0,1120.0,1206.21,0,0.0,910,0,2026-08-13
NIFTY,2026-08-25,23350.0,CE,0.0,0.0,0.0,1167.5,1112.07,0,0.0,1235,0,2026-08-13
NIFTY,2026-08-25,23550.0,CE,0.0,0.0,0.0,860.6,929.64,0,0.0,5720,0,2026-08-13
NIFTY,2026-08-25,23700.0,CE,739.85,817.15,714.85,782.9,782.9,193,306960322.5,176670,130,2026-08-13
NIFTY,2026-08-25,24000.0,CE,495.65,546.0,450.0,508.3,508.3,15818,25181362134.5,5677620,71240,2026-08-13
NIFTY,2026-08-25,24550.0,CE,145.0,157.8,111.2,135.1,135.1,17385,27890311020.0,471185,-6305,2026-08-13
NIFTY,2026-08-25,24600.0,CE,118.4,134.75,92.95,113.4,113.4,66376,106617712815.25,2794220,-33475,2026-08-13
NIFTY,2026-08-25,24750.0,CE,80.0,80.0,52.35,64.35,64.35,18174,29312431944.25,445900,10725,2026-08-13
NIFTY,2026-08-25,25000.0,CE,24.7,31.5,18.7,22.45,22.45,138131,224668082427.75,8519940,1194050,2026-08-13
NIFTY,2026-08-25,25750.0,CE,1.55,2.15,1.25,1.4,1.4,3738,6256857613.5,142350,10140,2026-08-13
NIFTY,2026-08-25,26650.0,CE,0.5,0.7,0.5,0.65,0.65,57,98740317.0,6435,-1105,2026-08-13
NIFTY,2026-08-25,27000.0,CE,0.7,0.75,0.6,0.75,0.75,861,1511093288.25,103610,13390,2026-08-13
NIFTY,2026-09-01,22500.0,CE,0.0,0.0,0.0,2150.0,1970.81,0,0.0,0,0,2026-08-13
NIFTY,2026-09-01,22750.0,CE,0.0,0.0,0.0,1672.8,1726.57,0,0.0,0,0,2026-08-13
NIFTY,2026-09-01,23850.0,CE,0.0,0.0,0.0,630.0,754.51,0,0.0,65,0,2026-08-13
NIFTY,2026-09-01,24550.0,CE,197.05,223.8,176.3,201.25,201.25,489,786542120.0,23335,975,2026-08-13
NIFTY,2026-09-01,25250.0,CE,0.0,0.0,0.0,227.15,106.78,0,0.0,0,0,2026-08-13
NIFTY,2026-09-01,26050.0,CE,3.6,4.9,3.2,3.65,3.65,14,23708841.0,1170,0,2026-08-13
NIFTY,2026-09-01,26450.0,CE,1.95,2.55,1.85,2.25,6.91,16,27510320.5,1040,65,2026-08-13
NIFTY,2026-09-01,27100.0,CE,1.55,1.7,1.15,1.7,1.01,15,26424034.0,1495,585,2026-08-13
NIFTY,2026-09-08,23100.0,CE,0.0,0.0,0.0,1701.65,1439.74,0,0.0,0,0,2026-08-13
NIFTY,2026-09-08,24550.0,CE,260.0,272.0,249.2,256.55,256.55,37,59665355.75,3965,195,2026-08-13
NIFTY,2026-09-08,25500.0,CE,0.0,0.0,0.0,230.65,109.23,0,0.0,0,0,2026-08-13
NIFTY,2026-09-08,26350.0,CE,3.85,4.0,3.0,3.45,23.14,12,20555889.25,585,-325,2026-08-13
NIFTY,2026-09-15,23400.0,CE,0.0,0.0,0.0,1312.7,1241.14,0,0.0,0,0,2026-08-13
NIFTY,2026-09-15,24000.0,CE,0.0,0.0,0.0,859.45,794.34,0,0.0,0,0,2026-08-13
NIFTY,2026-09-15,24350.0,CE,399.6,434.9,380.7,416.0,582.44,116,186589692.25,2015,1495,2026-08-13
NIFTY,2026-09-15,26150.0,CE,0.0,0.0,0.0,76.25,59.8,0,0.0,0,0,2026-08-13
NIFTY,2026-09-29,22150.0,CE,0.0,0.0,0.0,2200.35,2453.31,0,0.0,0,0,2026-08-13
NIFTY,2026-09-29,22250.0,CE,0.0,0.0,0.0,2117.8,2358.56,0,0.0,0,0,2026-08-13
NIFTY,2026-09-29,22400.0,CE,0.0,0.0,0.0,1741.4,2217.87,0,0.0,195,0,2026-08-13
NIFTY,2026-09-29,23250.0,CE,0.0,0.0,0.0,1565.2,1469.49,0,0.0,390,0,2026-08-13
NIFTY,2026-09-29,23550.0,CE,0.0,0.0,0.0,1090.3,1233.79,0,0.0,780,0,2026-08-13
NIFTY,2026-09-29,23800.0,CE,902.5,951.9,867.05,917.55,917.55,49,78689032.5,18785,715,2026-08-13
NIFTY,2026-09-29,25100.0,CE,159.35,172.9,144.75,156.35,156.35,4043,6637387581.5,287495,128375,2026-08-13
NIFTY,2026-09-29,27050.0,CE,0.0,0.0,0.0,100.0,35.42,0,0.0,0,0,2026-08-13
NIFTY,2026-10-27,23000.0,CE,1762.05,1787.9,1718.05,1779.6,1779.6,32,51464348.0,4550,1105,2026-08-13
NIFTY,2026-10-27,23050.0,CE,0.0,0.0,0.0,1582.9,1820.01,0,0.0,0,0,2026-08-13
NIFTY,2026-10-27,25050.0,CE,0.0,0.0,0.0,424.0,584.97,0,0.0,1365,0,2026-08-13
NIFTY,2026-10-27,25150.0,CE,0.0,0.0,0.0,479.95,544.9,0,0.0,0,0,2026-08-13
NIFTY,2026-10-27,25650.0,CE,138.6,138.65,124.4,131.45,373.96,47,78768953.25,13845,585,2026-08-13
NIFTY,2026-10-27,27200.0,CE,0.0,0.0,0.0,92.4,92.64,0,0.0,0,0,2026-08-13
NIFTY,2026-12-29,16000.0,CE,8802.65,8802.65,8802.65,8802.65,8787.81,1,1612172.25,440,65,2026-08-13
NIFTY,2026-12-29,22500.0,CE,2541.0,2589.8,2502.05,2559.85,2559.85,30,48814590.5,15795,390,2026-08-13
NIFTY,2027-06-29,25500.0,CE,0.0,0.0,0.0,1300.0,1660.11,0,0.0,0,0,2026-08-13
NIFTY,2027-06-29,33000.0,CE,0.0,0.0,0.0,1122.75,103.82,0,0.0,0,0,2026-08-13
NIFTY,2027-12-28,33000.0,CE,0.0,0.0,0.0,120.0,365.05,0,0.0,3510,0,2026-08-13
NIFTY,2028-06-27,19500.0,CE,0.0,0.0,0.0,9209.1,7277.23,0,0.0,0,0,2026-08-13
NIFTY,2029-06-26,18000.0,CE,0.0,0.0,0.0,11678.65,9570.26,0,0.0,0,0,2026-08-13
NIFTY,2029-06-26,21000.0,CE,0.0,0.0,0.0,9799.75,7318.08,0,0.0,0,0,2026-08-13
NIFTY,2029-06-26,33000.0,CE,0.0,0.0,0.0,4179.45,1642.25,0,0.0,0,0,2026-08-13
NIFTY,2029-12-24,16500.0,CE,0.0,0.0,0.0,12984.85,11209.77,0,0.0,0,0,2026-08-13
NIFTY,2029-12-24,28500.0,CE,0.0,0.0,0.0,4802.1,3683.6,0,0.0,0,0,2026-08-13
NIFTY,2030-06-25,18000.0,CE,0.0,0.0,0.0,12423.9,10534.97,0,0.0,0,0,2026-08-13
NIFTY,2030-06-25,31500.0,CE,0.0,0.0,0.0,3984.8,3129.33,0,0.0,0,0,2026-08-13
NIFTY,2030-12-31,16500.0,CE,0.0,0.0,0.0,13763.55,12077.69,0,0.0,0,0,2026-08-13
NIFTY,2030-12-31,28500.0,CE,0.0,0.0,0.0,5968.3,4878.36,0,0.0,0,0,2026-08-13
NIFTY,2031-06-24,31500.0,CE,0.0,0.0,0.0,3928.35,4221.53,0,0.0,0,0,2026-08-13
NIFTY,2026-08-18,22150.0,PE,1.15,1.3,0.55,0.65,0.65,4332,6237211249.75,90870,51350,2026-08-13
NIFTY,2026-08-18,22250.0,PE,0.9,1.5,0.55,0.65,0.65,2457,3553570276.75,42510,10920,2026-08-13
NIFTY,2026-08-18,22650.0,PE,1.25,1.7,0.65,0.85,0.85,13436,19782186251.75,47190,6695,2026-08-13
NIFTY,2026-08-18,23200.0,PE,2.25,2.3,1.05,1.3,1.3,163937,247235189935.5,2091895,-271115,2026-08-13
NIFTY,2026-08-18,23350.0,PE,2.4,2.75,1.25,1.5,1.5,111434,169142993194.5,629070,178815,2026-08-13
NIFTY,2026-08-18,23600.0,PE,2.95,4.05,1.55,1.8,1.8,423615,649897340004.25,2862405,400920,2026-08-13
NIFTY,2026-08-18,24000.0,PE,14.25,18.85,6.5,7.25,7.25,1001486,1563069743430.0,9631440,1938430,2026-08-13
NIFTY,2026-08-18,24600.0,PE,220.25,271.2,178.65,198.9,198.9,249691,402812082361.0,1897220,233025,2026-08-13
NIFTY,2030-06-25,33000.0,PE,0.0,0.0,0.0,3143.9,3865.56,0,0.0,0,0,2026-08-13
NIFTY,2030-06-25,19500.0,PE,0.0,0.0,0.0,64.95,194.62,0,0.0,0,0,2026-08-13
NIFTY,2030-06-25,16500.0,PE,0.0,0.0,0.0,12.0,50.54,0,0.0,0,0,2026-08-13
NIFTY,2029-06-26,31500.0,PE,0.0,0.0,0.0,2443.35,3738.09,0,0.0,0,0,2026-08-13
NIFTY,2029-06-26,21000.0,PE,0.0,0.0,0.0,320.25,317.0,0,0.0,0,0,2026-08-13
NIFTY,2028-12-26,33000.0,PE,0.0,0.0,0.0,3315.4,5016.1,0,0.0,0,0,2026-08-13
NIFTY,2028-12-26,25000.0,PE,0.0,0.0,0.0,955.1,1117.75,0,0.0,6010,0,2026-08-13
NIFTY,2028-12-26,18000.0,PE,0.0,0.0,0.0,250.0,69.19,0,0.0,75,0,2026-08-13
NIFTY,2028-06-27,21000.0,PE,0.0,0.0,0.0,907.2,266.28,0,0.0,0,0,2026-08-13
NIFTY,2027-12-28,22000.0,PE,301.05,329.5,301.05,316.2,316.2,37,53679645.5,35965,-520,2026-08-13
NIFTY,2027-12-28,15000.0,PE,0.0,0.0,0.0,21.7,1.47,0,0.0,755,0,2026-08-13
NIFTY,2027-06-29,31500.0,PE,0.0,0.0,0.0,3604.7,5541.64,0,0.0,0,0,2026-08-13
NIFTY,2027-06-29,24000.0,PE,515.0,515.0,490.0,491.35,491.35,168,267634068.0,11115,9750,2026-08-13
NIFTY,2027-03-30,31500.0,PE,0.0,0.0,0.0,7066.15,5909.59,0,0.0,0,0,2026-08-13
NIFTY,2027-03-30,30000.0,PE,0.0,0.0,0.0,4375.0,4564.58,0,0.0,3055,0,2026-08-13
NIFTY,2027-03-30,25500.0,PE,964.0,964.0,885.0,896.75,896.75,178,305596330.0,142025,2665,2026-08-13
NIFTY,2026-12-29,28500.0,PE,0.0,0.0,0.0,2260.0,3530.21,0,0.0,65,0,2026-08-13
NIFTY,2026-12-29,25000.0,PE,645.15,683.55,622.05,638.6,638.6,2274,3790945392.0,2096705,28185,2026-08-13
NIFTY,2026-12-29,19500.0,PE,32.75,33.5,31.55,32.65,32.65,185,234876687.5,136045,6565,2026-08-13
NIFTY,2026-10-27,26700.0,PE,0.0,0.0,0.0,2458.1,2097.69,0,0.0,0,0,2026-08-13
NIFTY,2026-10-27,26350.0,PE,0.0,0.0,0.0,2163.0,1809.4,0,0.0,0,0,2026-08-13
NIFTY,2026-10-27,26200.0,PE,0.0,0.0,0.0,2040.5,1690.71,0,0.0,0,0,2026-08-13
NIFTY,2026-10-27,22500.0,PE,43.8,47.65,38.05,41.35,41.35,1405,2058567140.5,221325,-5590,2026-08-13
NIFTY,2026-09-29,26700.0,PE,0.0,0.0,0.0,2560.85,2137.5,0,0.0,0,0,2026-08-13
NIFTY,2026-09-29,25350.0,PE,0.0,0.0,0.0,1488.65,1029.09,0,0.0,0,0,2026-08-13
NIFTY,2026-09-29,25150.0,PE,673.95,673.95,673.95,673.95,673.95,1,1678556.75,1365,-65,2026-08-13
NIFTY,2026-09-29,24350.0,PE,278.65,295.0,244.0,253.9,253.9,498,796978286.0,22035,4875,2026-08-13
NIFTY,2026-09-29,23850.0,PE,139.5,146.1,121.05,126.25,126.25,165,257171050.5,31655,3835,2026-08-13
NIFTY,2026-09-29,23300.0,PE,64.5,66.8,54.35,58.75,58.75,4462,6774738256.0,309465,85475,2026-08-13
NIFTY,2026-09-29,18000.0,PE,4.0,4.0,2.8,2.95,2.95,947,1108184772.5,961805,16185,2026-08-13
NIFTY,2026-09-15,25850.0,PE,0.0,0.0,0.0,1345.95,1396.34,0,0.0,0,0,2026-08-13
NIFTY,2026-09-15,24950.0,PE,0.0,0.0,0.0,689.2,717.44,0,0.0,0,0,2026-08-13
NIFTY,2026-09-15,24050.0,PE,0.0,0.0,0.0,264.95,273.65,0,0.0,0,0,2026-08-13
NIFTY,2026-09-15,23900.0,PE,0.0,0.0,0.0,218.25,224.69,0,0.0,0,0,2026-08-13
NIFTY,2026-09-15,23500.0,PE,0.0,0.0,0.0,123.25,125.47,0,0.0,0,0,2026-08-13
NIFTY,2026-09-15,23050.0,PE,0.0,0.0,0.0,58.25,58.18,0,0.0,0,0,2026-08-13
NIFTY,2026-09-08,25650.0,PE,0.0,0.0,0.0,1079.4,1228.79,0,0.0,0,0,2026-08-13
NIFTY,2026-09-08,23650.0,PE,78.3,78.3,45.45,46.2,46.2,58,89340342.0,3120,3120,2026-08-13
NIFTY,2026-09-08,22950.0,PE,13.2,13.5,13.0,13.45,31.82,10,14926151.5,650,325,2026-08-13
NIFTY,2026-09-08,22700.0,PE,10.95,11.5,9.05,9.45,9.45,27,39856485.5,1625,1365,2026-08-13
NIFTY,2026-09-01,27150.0,PE,0.0,0.0,0.0,2789.8,2669.36,0,0.0,0,0,2026-08-13
NIFTY,2026-09-01,26400.0,PE,0.0,0.0,0.0,2081.0,1928.78,0,0.0,0,0,2026-08-13
NIFTY,2026-09-01,26000.0,PE,1490.0,1490.0,1490.0,1490.0,1490.0,1,1786850.0,195,65,2026-08-13
NIFTY,2026-09-01,25050.0,PE,0.0,0.0,0.0,970.45,727.42,0,0.0,0,0,2026-08-13
NIFTY,2026-09-01,24450.0,PE,242.35,252.3,189.95,201.7,201.7,712,1141907282.75,15080,3120,2026-08-13
NIFTY,2026-09-01,24000.0,PE,83.9,92.55,64.0,67.4,67.4,6641,10392637625.5,272610,36920,2026-08-13
NIFTY,2026-09-01,23350.0,PE,0.0,0.0,0.0,182.25,45.98,0,0.0,0,0,2026-08-13
NIFTY,2026-09-01,23300.0,PE,15.75,16.4,12.3,12.75,12.75,1855,2810983331.0,89895,1885,2026-08-13
NIFTY,2026-09-01,23250.0,PE,13.5,13.75,10.65,11.3,11.3,88,133061516.25,3965,650,2026-08-13
NIFTY,2026-09-01,22150.0,PE,4.35,4.8,4.3,4.7,4.7,13,18720685.75,1300,325,2026-08-13
NIFTY,2026-09-01,22100.0,PE,5.75,5.75,4.5,4.85,4.85,104,149428483.75,9035,4550,2026-08-13
NIFTY,2026-09-01,22050.0,PE,4.95,4.95,4.05,4.75,4.75,8,11468262.0,845,130,2026-08-13
NIFTY,2026-08-25,26200.0,PE,0.0,0.0,0.0,1748.3,1754.57,0,0.0,44200,0,2026-08-13
NIFTY,2026-08-25,25100.0,PE,690.0,717.0,618.25,638.5,638.5,120,201041321.0,63310,-3770,2026-08-13
NIFTY,2026-08-25,24450.0,PE,193.65,219.35,151.5,165.4,165.4,12753,20417666135.75,432640,47775,2026-08-13
NIFTY,2026-08-25,23550.0,PE,14.5,15.3,9.0,9.4,9.4,6589,10090917989.75,225290,25740,2026-08-13
NIFTY,2026-08-25,23400.0,PE,9.8,10.8,6.25,6.65,6.65,20909,31813739278.75,662285,-30875,2026-08-13
NIFTY,2026-08-25,23200.0,PE,7.2,7.7,4.55,4.85,4.85,12819,19335988857.25,571090,114660,2026-08-13
NIFTY,2026-08-18,22200.0,CE,0.0,0.0,0.0,2006.5,2214.3,0,0.0,0,0,2026-08-13
NIFTY,2026-10-27,26900.0,PE,0.0,0.0,0.0,2631.85,2268.74,0,0.0,0,0,2026-08-13
NIFTY,2027-03-30,16500.0,PE,24.0,24.0,24.0,24.0,0.32,1,1074060.0,1560,0,2026-08-13
NIFTY,2027-06-29,19000.0,PE,0.0,0.0,0.0,195.0,28.46,0,0.0,1135,0,2026-08-13
NIFTY,2027-06-29,19500.0,PE,0.0,0.0,0.0,17.3,44.62,0,0.0,0,0,2026-08-13
NIFTY,2027-12-28,18000.0,PE,0.0,0.0,0.0,181.05,30.02,0,0.0,11915,0,2026-08-13
NIFTY,2026-09-01,24000.0,CE,566.75,600.0,512.0,568.35,568.35,288,459743336.0,19630,2340,2026-08-13
NIFTY,2026-09-01,24250.0,CE,366.0,403.0,340.0,377.45,377.45,194,310527668.75,4550,390,2026-08-13
NIFTY,2026-09-01,24350.0,CE,341.05,341.15,276.5,316.4,316.4,1655,2652485095.0,25415,8905,2026-08-13
NIFTY,2026-09-01,24400.0,CE,285.05,309.0,247.85,281.95,281.95,3768,6044080415.75,157365,56745,2026-08-13
NIFTY,2026-09-01,25000.0,CE,60.0,65.5,48.3,55.8,55.8,11388,18546780102.5,429065,149695,2026-08-13
NIFTY,2026-09-01,25800.0,CE,6.2,9.0,4.25,4.6,4.6,1572,2636757334.25,45565,8970,2026-08-13
NIFTY,2026-09-01,25900.0,CE,4.7,4.9,3.5,3.8,3.8,666,1121398219.5,66755,2600,2026-08-13
NIFTY,2026-09-01,25950.0,CE,3.9,4.25,3.6,3.65,3.65,21,35427115.75,1170,195,2026-08-13
NIFTY,2026-09-01,26950.0,CE,2.6,2.6,1.25,1.55,1.55,69,120879661.5,15795,1625,2026-08-13
NIFTY,2026-09-08,23800.0,CE,0.0,0.0,0.0,1115.2,861.95,0,0.0,0,0,2026-08-13
NIFTY,2026-09-08,23900.0,CE,0.0,0.0,0.0,1040.95,788.99,0,0.0,0,0,2026-08-13
NIFTY,2031-06-24,24000.0,PE,0.0,0.0,0.0,933.85,720.73,0,0.0,65,0,2026-08-13
NIFTY,2030-12-31,30000.0,PE,0.0,0.0,0.0,1450.1,2358.59,0,0.0,0,0,2026-08-13
NIFTY,2031-06-24,30000.0,PE,0.0,0.0,0.0,2616.25,2198.4,0,0.0,0,0,2026-08-13
NIFTY,2028-12-26,22000.0,PE,477.05,477.05,477.05,477.05,438.03,1,1461008.25,8865,65,2026-08-13
NIFTY,2026-09-08,24750.0,CE,161.35,178.7,158.7,167.65,167.65,80,129575839.25,4420,780,2026-08-13
NIFTY,2026-09-08,24800.0,CE,145.0,159.15,129.85,148.55,148.55,516,836609247.5,30680,1170,2026-08-13
NIFTY,2026-09-08,24900.0,CE,0.0,0.0,0.0,444.55,262.83,0,0.0,0,0,2026-08-13
NIFTY,2026-09-08,24950.0,CE,0.0,0.0,0.0,422.75,245.87,0,0.0,0,0,2026-08-13
NIFTY,2026-09-08,25200.0,CE,0.0,0.0,0.0,324.9,173.01,0,0.0,0,0,2026-08-13
NIFTY,2026-09-08,25300.0,CE,38.15,42.1,33.2,37.25,37.25,882,1452593356.5,38155,12350,2026-08-13
NIFTY,2026-09-08,25650.0,CE,0.0,0.0,0.0,193.4,85.31,0,0.0,0,0,2026-08-13
NIFTY,2026-09-08,25800.0,CE,0.0,0.0,0.0,159.2,65.87,0,0.0,0,0,2026-08-13
NIFTY,2026-09-15,23550.0,CE,0.0,0.0,0.0,1191.15,1120.74,0,0.0,0,0,2026-08-13
NIFTY,2026-09-15,23650.0,CE,0.0,0.0,0.0,1113.0,1043.49,0,0.0,0,0,2026-08-13
NIFTY,2026-09-15,23750.0,CE,0.0,0.0,0.0,1037.3,969.7,0,0.0,0,0,2026-08-13
NIFTY,2026-09-15,23800.0,CE,0.0,0.0,0.0,1001.25,932.33,0,0.0,0,0,2026-08-13
NIFTY,2026-09-15,24400.0,CE,366.05,415.45,360.0,388.8,555.38,95,152990168.5,2990,1040,2026-08-13
NIFTY,2026-09-15,24700.0,CE,0.0,0.0,0.0,460.9,409.98,0,0.0,0,0,2026-08-13
NIFTY,2026-09-15,25300.0,CE,0.0,0.0,0.0,238.65,203.06,0,0.0,0,0,2026-08-13
NIFTY,2026-09-15,25900.0,CE,0.0,0.0,0.0,109.55,88.2,0,0.0,0,0,2026-08-13
NIFTY,2026-09-15,25950.0,CE,0.0,0.0,0.0,102.05,81.76,0,0.0,0,0,2026-08-13
NIFTY,2026-09-29,22050.0,CE,0.0,0.0,0.0,2284.2,2548.72,0,0.0,0,0,2026-08-13
NIFTY,2026-09-29,22650.0,CE,0.0,0.0,0.0,1410.05,1988.03,0,0.0,325,0,2026-08-13
NIFTY,2026-09-29,23050.0,CE,0.0,0.0,0.0,1592.0,1636.14,0,0.0,390,0,2026-08-13
NIFTY,2026-09-29,23300.0,CE,1286.35,1361.85,1286.35,1359.05,1359.05,8,12809504.5,2145,195,2026-08-13
NIFTY,2028-06-27,28500.0,PE,0.0,0.0,0.0,1560.85,2659.26,0,0.0,0,0,2026-08-13
NIFTY,2027-12-28,20000.0,PE,174.8,176.0,174.8,176.0,122.42,11,14425372.0,39095,715,2026-08-13
NIFTY,2027-12-28,19000.0,PE,0.0,0.0,0.0,132.5,63.62,0,0.0,1975,0,2026-08-13
NIFTY,2026-09-01,23350.0,CE,0.0,0.0,0.0,1182.5,1165.49,0,0.0,0,0,2026-08-13
NIFTY,2026-08-25,27050.0,CE,0.0,0.0,0.0,0.7,0.07,0,0.0,8905,0,2026-08-13
NIFTY,2026-08-25,25100.0,CE,15.0,19.3,11.95,13.65,13.65,64519,105322320788.75,2052245,395525,2026-08-13
NIFTY,2026-08-25,24850.0,CE,51.0,53.45,34.5,42.0,42.0,15762,25502977074.25,420615,125385,2026-08-13
NIFTY,2026-09-29,23600.0,CE,1065.0,1065.0,1065.0,1065.0,1196.35,3,4809675.0,4810,-65,2026-08-13
NIFTY,2026-09-29,24050.0,CE,692.35,748.65,692.35,731.35,731.35,6,9660621.75,4810,-130,2026-08-13
NIFTY,2026-09-29,24450.0,CE,441.0,483.45,426.0,455.3,455.3,208,336671312.25,27625,6240,2026-08-13
NIFTY,2026-09-29,25150.0,CE,140.0,157.65,132.6,142.25,142.25,419,688763604.75,69810,13455,2026-08-13
NIFTY,2026-09-29,26300.0,CE,13.55,15.1,12.45,12.7,12.7,1650,2822111873.75,91000,35230,2026-08-13
NIFTY,2026-09-29,26950.0,CE,0.0,0.0,0.0,109.35,40.9,0,0.0,0,0,2026-08-13
NIFTY,2026-09-29,33000.0,CE,1.8,1.8,1.65,1.65,0.0,13,27886488.5,32630,0,2026-08-13
NIFTY,2026-10-27,23500.0,CE,1329.7,1351.7,1301.4,1351.7,1351.7,5,8066552.0,23010,260,2026-08-13
NIFTY,2026-10-27,24250.0,CE,724.6,724.6,720.0,720.0,981.19,3,4869449.0,455,195,2026-08-13
NIFTY,2026-10-27,25350.0,CE,0.0,0.0,0.0,417.4,470.77,0,0.0,0,0,2026-08-13
NIFTY,2026-10-27,26200.0,CE,0.0,0.0,0.0,219.35,237.36,0,0.0,0,0,2026-08-13
NIFTY,2026-10-27,26650.0,CE,0.0,0.0,0.0,150.8,158.27,0,0.0,0,0,2026-08-13
NIFTY,2026-12-29,16500.0,CE,0.0,0.0,0.0,10405.0,8300.06,0,0.0,0,0,2026-08-13
NIFTY,2026-12-29,19000.0,CE,0.0,0.0,0.0,5855.0,5863.55,0,0.0,57980,0,2026-08-13
NIFTY,2027-03-30,19500.0,CE,0.0,0.0,0.0,4365.4,5704.32,0,0.0,0,0,2026-08-13
NIFTY,2027-03-30,33000.0,CE,0.0,0.0,0.0,22.95,31.47,0,0.0,3120,0,2026-08-13
NIFTY,2027-12-28,18000.0,CE,0.0,0.0,0.0,6285.7,7978.77,0,0.0,0,0,2026-08-13
NIFTY,2028-06-27,24000.0,CE,0.0,0.0,0.0,3918.85,4016.13,0,0.0,0,0,2026-08-13
NIFTY,2028-06-27,30000.0,CE,0.0,0.0,0.0,2278.45,1380.39,0,0.0,0,0,2026-08-13
NIFTY,2028-12-26,22500.0,CE,0.0,0.0,0.0,7382.9,5662.01,0,0.0,0,0,2026-08-13
NIFTY,2028-12-26,31500.0,CE,0.0,0.0,0.0,2327.6,1514.38,0,0.0,0,0,2026-08-13
NIFTY,2029-06-26,31500.0,CE,0.0,0.0,0.0,2878.65,2041.79,0,0.0,0,0,2026-08-13
NIFTY,2029-12-24,24000.0,CE,0.0,0.0,0.0,7730.0,5962.96,0,0.0,0,0,2026-08-13
NIFTY,2029-12-24,33000.0,CE,0.0,0.0,0.0,3816.05,2139.71,0,0.0,0,0,2026-08-13
NIFTY,2030-12-31,18000.0,CE,0.0,0.0,0.0,12674.15,11007.86,0,0.0,0,0,2026-08-13
NIFTY,2026-08-18,22300.0,PE,0.9,5.0,0.55,0.65,0.65,12064,17487441546.25,185835,39715,2026-08-13
NIFTY,2026-08-18,23000.0,PE,1.7,2.15,0.95,1.15,1.15,201471,301218340507.5,5185310,544310,2026-08-13
NIFTY,2026-08-18,26400.0,PE,0.0,0.0,0.0,2222.7,1982.21,0,0.0,0,0,2026-08-13
NIFTY,2026-08-18,26800.0,PE,0.0,0.0,0.0,2606.7,2381.87,0,0.0,0,0,2026-08-13
NIFTY,2026-08-18,27150.0,PE,0.0,0.0,0.0,2948.25,2731.58,0,0.0,0,0,2026-08-13
NIFTY,2026-08-25,22700.0,PE,4.8,5.05,3.25,3.4,3.4,5401,7970567689.5,478205,20345,2026-08-13
NIFTY,2026-08-25,22850.0,PE,5.55,5.55,3.55,3.65,3.65,467,693745958.75,33280,-3965,2026-08-13
NIFTY,2026-08-25,24950.0,PE,545.05,572.65,480.0,510.0,613.02,48,79514877.0,16380,-715,2026-08-13
NIFTY,2026-08-25,25250.0,PE,0.0,0.0,0.0,860.4,856.72,0,0.0,1690,0,2026-08-13
NIFTY,2026-08-25,25600.0,PE,1177.3,1177.3,1118.3,1128.0,1128.0,6,10434443.5,16250,65,2026-08-13
NIFTY,2026-09-01,22700.0,PE,7.65,7.65,6.4,6.5,6.5,39,57561981.75,2990,260,2026-08-13
NIFTY,2026-09-01,23450.0,PE,0.0,0.0,0.0,208.05,58.06,0,0.0,0,0,2026-08-13
NIFTY,2026-09-01,23500.0,PE,22.55,25.0,18.1,19.05,19.05,10161,15534397895.25,677430,31590,2026-08-13
NIFTY,2026-09-01,23600.0,PE,30.3,32.6,23.45,24.6,24.6,4109,6310238756.25,150540,27690,2026-08-13
NIFTY,2026-09-01,24700.0,PE,379.95,394.95,321.0,334.5,334.5,106,172618319.25,53560,1755,2026-08-13
NIFTY,2026-09-01,25350.0,PE,0.0,0.0,0.0,1189.0,962.62,0,0.0,0,0,2026-08-13
NIFTY,2026-09-01,25650.0,PE,0.0,0.0,0.0,1426.15,1221.39,0,0.0,0,0,2026-08-13
NIFTY,2026-09-01,26550.0,PE,0.0,0.0,0.0,2219.65,2075.64,0,0.0,0,0,2026-08-13
NIFTY,2026-09-01,27100.0,PE,0.0,0.0,0.0,2741.55,2619.67,0,0.0,0,0,2026-08-13
NIFTY,2026-09-08,23050.0,PE,17.9,17.9,15.45,15.75,39.71,15,22489421.5,910,-65,2026-08-13
NIFTY,2026-09-08,23450.0,PE,0.0,0.0,0.0,95.4,88.79,0,0.0,0,0,2026-08-13
NIFTY,2026-09-08,23550.0,PE,0.0,0.0,0.0,111.7,106.49,0,0.0,0,0,2026-08-13
NIFTY,2031-06-24,25500.0,PE,0.0,0.0,0.0,1262.85,1000.91,0,0.0,0,0,2026-08-13
NIFTY,2031-06-24,28500.0,PE,0.0,0.0,0.0,2104.2,1738.0,0,0.0,0,0,2026-08-13
NIFTY,2026-09-08,24050.0,PE,121.85,124.05,101.9,107.65,107.65,31,48686784.25,5720,780,2026-08-13
NIFTY,2026-09-08,24450.0,PE,270.3,275.8,227.0,240.45,240.45,47,75434190.0,10530,1170,2026-08-13
NIFTY,2026-09-08,25050.0,PE,0.0,0.0,0.0,670.9,760.47,0,0.0,0,0,2026-08-13
NIFTY,2026-09-08,25500.0,PE,0.0,0.0,0.0,967.5,1103.36,0,0.0,0,0,2026-08-13
NIFTY,2026-09-08,26100.0,PE,0.0,0.0,0.0,1439.9,1629.5,0,0.0,0,0,2026-08-13
NIFTY,2026-09-15,23700.0,PE,0.0,0.0,0.0,165.8,169.83,0,0.0,0,0,2026-08-13
NIFTY,2026-09-15,24000.0,PE,164.9,200.0,111.9,115.95,115.95,134,210083630.25,6110,6110,2026-08-13
NIFTY,2026-09-15,24200.0,PE,0.0,0.0,0.0,318.3,329.54,0,0.0,0,0,2026-08-13
NIFTY,2026-09-15,24700.0,PE,0.0,0.0,0.0,546.1,568.07,0,0.0,0,0,2026-08-13
NIFTY,2026-09-15,25700.0,PE,0.0,0.0,0.0,1223.4,1270.46,0,0.0,0,0,2026-08-13
NIFTY,2026-09-15,25800.0,PE,0.0,0.0,0.0,1304.65,1353.92,0,0.0,0,0,2026-08-13
NIFTY,2026-09-15,25900.0,PE,0.0,0.0,0.0,1387.75,1439.19,0,0.0,0,0,2026-08-13
NIFTY,2026-09-15,26100.0,PE,0.0,0.0,0.0,1559.2,1614.57,0,0.0,0,0,2026-08-13
NIFTY,2026-09-29,15000.0,PE,1.05,2.0,1.0,1.05,1.05,208,202817985.5,49270,-1430,2026-08-13
NIFTY,2026-08-25,24100.0,CE,388.6,460.0,372.0,423.3,423.3,3252,5182329425.0,1395875,-32825,2026-08-13
NIFTY,2026-08-25,23500.0,CE,957.85,1016.55,902.0,973.75,973.75,1286,2044845764.0,429910,-31200,2026-08-13
NIFTY,2026-08-25,23450.0,CE,0.0,0.0,0.0,930.4,1019.75,0,0.0,1950,0,2026-08-13
NIFTY,2026-08-25,22850.0,CE,0.0,0.0,0.0,1538.45,1594.4,0,0.0,585,0,2026-08-13
NIFTY,2026-08-25,22800.0,CE,1679.85,1679.85,1679.85,1679.85,1643.72,1,1591190.25,5395,-65,2026-08-13
NIFTY,2026-08-25,22400.0,CE,0.0,0.0,0.0,1990.0,2040.87,0,0.0,2275,0,2026-08-13
NIFTY,2026-08-25,22250.0,CE,0.0,0.0,0.0,1585.4,2190.37,0,0.0,65,0,2026-08-13
NIFTY,2026-08-25,22200.0,CE,0.0,0.0,0.0,1900.0,2240.23,0,0.0,390,0,2026-08-13
NIFTY,2026-08-25,22000.0,CE,2435.05,2500.0,2390.0,2461.5,2461.5,227,360634625.0,657345,-2665,2026-08-13
NIFTY,2026-08-18,26850.0,CE,0.6,0.7,0.35,0.4,0.4,735,1282781288.75,47385,6565,2026-08-13
NIFTY,2026-08-18,26150.0,CE,0.75,0.8,0.45,0.5,0.5,3670,6238231350.0,160810,8320,2026-08-13
NIFTY,2026-08-18,26050.0,CE,0.85,0.9,0.45,0.55,0.55,7741,13107761286.75,300820,38480,2026-08-13
NIFTY,2026-09-29,21900.0,PE,19.4,19.4,13.5,14.7,14.7,143,203697312.0,38155,520,2026-08-13
NIFTY,2026-09-29,22500.0,PE,22.45,24.0,20.75,23.1,23.1,7428,10874240474.5,1380665,128245,2026-08-13
NIFTY,2026-09-29,22650.0,PE,26.95,27.65,23.55,26.85,26.85,85,125282774.5,9100,-2600,2026-08-13
NIFTY,2026-09-29,26950.0,PE,0.0,0.0,0.0,2780.25,2368.36,0,0.0,0,0,2026-08-13
NIFTY,2026-09-29,27000.0,PE,2351.85,2430.35,2324.05,2350.85,2350.85,199,380023133.75,1436660,2340,2026-08-13
NIFTY,2026-09-29,31500.0,PE,0.0,0.0,0.0,4341.2,6839.19,0,0.0,0,0,2026-08-13
NIFTY,2026-10-27,22400.0,PE,38.55,39.05,31.65,36.85,36.85,114,166251049.25,37895,3770,2026-08-13
NIFTY,2026-10-27,24100.0,PE,0.0,0.0,0.0,678.9,452.07,0,0.0,0,0,2026-08-13
NIFTY,2026-10-27,24150.0,PE,268.35,268.35,240.9,247.25,471.07,11,17444300.25,23270,65,2026-08-13
NIFTY,2026-10-27,25050.0,PE,0.0,0.0,0.0,540.05,903.73,0,0.0,325,0,2026-08-13
NIFTY,2026-10-27,25250.0,PE,0.0,0.0,0.0,675.6,1022.92,0,0.0,65,0,2026-08-13
NIFTY,2026-10-27,26100.0,PE,0.0,0.0,0.0,1960.3,1613.38,0,0.0,0,0,2026-08-13
NIFTY,2026-08-18,25250.0,CE,2.05,2.15,1.1,1.25,1.25,230564,378438152878.5,1514890,350480,2026-08-13
NIFTY,2026-08-18,24850.0,CE,13.7,13.7,5.6,6.45,6.45,397067,641558644138.75,3102645,-78455,2026-08-13
NIFTY,2026-08-18,24450.0,CE,113.0,123.8,69.0,95.85,95.85,1133604,1808494615404.75,4336215,1173900,2026-08-13
NIFTY,2026-08-18,24100.0,CE,327.15,390.9,288.15,352.3,352.3,52995,84157058986.0,262080,-58955,2026-08-13
NIFTY,2026-08-18,23100.0,CE,0.0,0.0,0.0,1400.0,1315.33,0,0.0,260,0,2026-08-13
NIFTY,2026-08-18,22400.0,CE,0.0,0.0,0.0,1820.55,2014.47,0,0.0,0,0,2026-08-13
NIFTY,2026-09-08,23900.0,PE,0.0,0.0,0.0,187.1,190.02,0,0.0,0,0,2026-08-13
NIFTY,2026-08-18,22000.0,CE,2380.0,2400.0,2370.0,2400.0,2400.0,14,22196200.0,3770,-325,2026-08-13
NIFTY,2026-08-18,23000.0,CE,1390.0,1465.0,1359.2,1437.75,1437.75,221,350875820.75,39260,-3380,2026-08-13
NIFTY,2026-08-18,23250.0,CE,0.0,0.0,0.0,1144.0,1166.02,0,0.0,65,0,2026-08-13
NIFTY,2026-08-18,23850.0,CE,560.05,624.5,518.75,593.05,593.05,608,965349365.5,24115,2210,2026-08-13
NIFTY,2026-08-25,23000.0,CE,1458.8,1505.0,1393.1,1469.05,1469.05,535,850224046.75,456040,-13715,2026-08-13
NIFTY,2026-09-01,22550.0,CE,0.0,0.0,0.0,1849.95,1921.7,0,0.0,0,0,2026-08-13
NIFTY,2026-09-01,23500.0,CE,950.0,987.7,950.0,987.7,1034.98,4,6360230.5,520,0,2026-08-13
NIFTY,2026-09-01,25400.0,CE,19.95,19.95,13.6,14.2,14.2,4464,7374346898.75,260520,12480,2026-08-13
NIFTY,2026-09-01,27150.0,CE,0.0,0.0,0.0,1.85,0.86,0,0.0,455,0,2026-08-13
NIFTY,2026-09-08,22700.0,CE,0.0,0.0,0.0,2071.05,1811.39,0,0.0,0,0,2026-08-13
NIFTY,2026-09-08,25050.0,CE,0.0,0.0,0.0,381.4,214.4,0,0.0,0,0,2026-08-13
NIFTY,2026-09-08,25850.0,CE,0.0,0.0,0.0,149.2,60.28,0,0.0,0,0,2026-08-13
NIFTY,2026-09-15,25400.0,CE,0.0,0.0,0.0,211.35,178.53,0,0.0,0,0,2026-08-13
NIFTY,2026-09-29,22900.0,CE,0.0,0.0,0.0,1917.75,1765.46,0,0.0,585,0,2026-08-13
NIFTY,2026-09-29,26100.0,CE,0.0,0.0,0.0,223.8,125.2,0,0.0,0,0,2026-08-13
NIFTY,2026-09-29,27000.0,CE,5.75,6.4,4.8,5.1,5.1,7760,13621421108.75,1641315,-36075,2026-08-13
NIFTY,2026-12-29,31500.0,CE,9.55,9.95,9.15,9.7,9.7,26,53251152.5,30875,-195,2026-08-13
NIFTY,2027-03-30,24000.0,CE,1716.5,1779.9,1700.0,1752.85,1752.85,106,177307078.0,256230,-260,2026-08-13
NIFTY,2026-08-18,22350.0,PE,1.4,1.5,0.55,0.7,0.7,2611,3793286266.25,28080,2990,2026-08-13
NIFTY,2026-08-25,25050.0,PE,642.3,648.65,578.6,578.6,690.66,13,21696671.75,8190,-65,2026-08-13
NIFTY,2026-09-01,25200.0,PE,0.0,0.0,0.0,790.0,841.68,0,0.0,65,0,2026-08-13
NIFTY,2026-09-01,26900.0,PE,0.0,0.0,0.0,2549.75,2421.18,0,0.0,0,0,2026-08-13
NIFTY,2026-09-08,22900.0,PE,14.5,14.5,11.0,12.1,12.1,51,75957277.5,6240,3120,2026-08-13
NIFTY,2026-09-29,22450.0,PE,22.25,22.95,21.85,22.2,22.2,83,121239709.5,4680,-2730,2026-08-13
NIFTY,2026-09-15,23400.0,PE,0.0,0.0,0.0,105.4,106.92,0,0.0,0,0,2026-08-13
NIFTY,2026-09-15,25550.0,CE,0.0,0.0,0.0,175.2,145.94,0,0.0,0,0,2026-08-13
NIFTY,2026-08-18,22300.0,CE,0.0,0.0,0.0,1912.95,2114.39,0,0.0,0,0,2026-08-13
NIFTY,2026-08-18,23050.0,CE,0.0,0.0,0.0,1255.65,1365.2,0,0.0,0,0,2026-08-13
NIFTY,2026-08-18,23350.0,CE,1027.2,1124.85,1011.6,1066.4,1066.4,84,133431038.0,845,520,2026-08-13
NIFTY,2026-08-18,23400.0,CE,990.0,1061.7,980.8,1041.0,1041.0,34,54014093.25,7345,325,2026-08-13
NIFTY,2026-08-18,24550.0,CE,72.0,75.05,38.65,54.45,54.45,697474,1115444024665.75,3593200,731965,2026-08-13
NIFTY,2026-08-18,25050.0,CE,3.9,4.55,2.1,2.4,2.4,380631,619835072548.25,2387190,975910,2026-08-13
NIFTY,2026-08-18,25150.0,CE,2.25,3.1,1.5,1.7,1.7,315383,515618183450.5,993590,-427635,2026-08-13
NIFTY,2026-08-18,26250.0,CE,0.85,1.0,0.45,0.5,0.5,3012,5139342084.5,80470,28730,2026-08-13
NIFTY,2026-08-18,26450.0,CE,0.8,0.85,0.35,0.4,0.4,1103,1896375949.0,33345,5525,2026-08-13
NIFTY,2026-08-18,26650.0,CE,0.65,0.65,0.4,0.45,0.45,334,578582426.5,15600,-4160,2026-08-13
NIFTY,2026-08-18,26700.0,CE,0.75,1.0,0.35,0.4,0.4,2089,3625530447.5,55510,26065,2026-08-13
NIFTY,2026-08-25,22450.0,CE,0.0,0.0,0.0,2199.25,1991.07,0,0.0,65,0,2026-08-13
NIFTY,2026-08-25,23950.0,CE,529.35,585.65,500.0,551.55,551.55,111,176769768.5,20345,-1235,2026-08-13
NIFTY,2026-08-25,24700.0,CE,88.05,95.45,63.75,78.7,78.7,54545,87846549251.5,2402140,266305,2026-08-13
NIFTY,2026-08-25,25200.0,CE,12.85,13.2,8.1,8.75,8.75,46942,76919786427.25,1894815,112450,2026-08-13
NIFTY,2026-08-25,25250.0,CE,10.0,10.7,6.2,6.7,6.7,11256,18479319794.0,262990,-42835,2026-08-13
NIFTY,2026-08-25,26000.0,CE,1.6,1.7,1.0,1.1,1.1,30183,51011555058.75,4516265,517335,2026-08-13
NIFTY,2026-08-25,26350.0,CE,0.75,0.75,0.45,0.6,0.6,192,328856612.5,16640,9035,2026-08-13
NIFTY,2026-08-25,26500.0,CE,0.9,0.9,0.6,0.7,0.7,2481,4273633481.0,347750,18135,2026-08-13
NIFTY,2026-09-01,23050.0,CE,0.0,0.0,0.0,1418.95,1439.95,0,0.0,0,0,2026-08-13
NIFTY,2026-09-01,23250.0,CE,0.0,0.0,0.0,1259.15,1255.22,0,0.0,0,0,2026-08-13
NIFTY,2031-06-24,18000.0,PE,0.0,0.0,0.0,173.45,115.2,0,0.0,0,0,2026-08-13
NIFTY,2029-12-24,25000.0,PE,0.0,0.0,0.0,1090.0,1040.02,0,0.0,550,0,2026-08-13
NIFTY,2029-06-26,19500.0,PE,0.0,0.0,0.0,56.0,172.63,0,0.0,0,0,2026-08-13
NIFTY,2029-06-26,18000.0,PE,0.0,0.0,0.0,118.45,84.22,0,0.0,0,0,2026-08-13
NIFTY,2029-06-26,16500.0,PE,0.0,0.0,0.0,8.1,35.82,0,0.0,0,0,2026-08-13
NIFTY,2028-12-26,31500.0,PE,0.0,0.0,0.0,2673.4,4078.28,0,0.0,0,0,2026-08-13
NIFTY,2028-12-26,24000.0,PE,0.0,0.0,0.0,768.95,845.32,0,0.0,4745,0,2026-08-13
NIFTY,2028-06-27,27000.0,PE,0.0,0.0,0.0,2752.35,1923.09,0,0.0,0,0,2026-08-13
NIFTY,2027-06-29,27000.0,PE,1780.0,1780.0,1780.0,1780.0,2146.66,2,3741400.0,130,0,2026-08-13
NIFTY,2027-06-29,18000.0,PE,0.0,0.0,0.0,220.0,10.35,0,0.0,230,0,2026-08-13
NIFTY,2027-03-30,18000.0,PE,0.0,0.0,0.0,37.3,3.49,0,0.0,65,0,2026-08-13
NIFTY,2026-12-29,22000.0,PE,78.55,80.3,74.35,75.9,75.9,1747,2506999764.75,1531000,-6760,2026-08-13
NIFTY,2026-12-29,19000.0,PE,31.9,31.95,28.05,29.2,29.2,546,675350851.5,606750,-7085,2026-08-13
NIFTY,2026-10-27,25950.0,PE,0.0,0.0,0.0,1842.3,1501.02,0,0.0,0,0,2026-08-13
NIFTY,2026-10-27,25350.0,PE,0.0,0.0,0.0,783.0,1085.5,0,0.0,130,0,2026-08-13
NIFTY,2026-10-27,23500.0,PE,132.35,135.55,115.3,119.3,119.3,1591,2442970575.5,444600,23010,2026-08-13
NIFTY,2026-09-01,23550.0,CE,0.0,0.0,0.0,1035.9,992.7,0,0.0,0,0,2026-08-13
NIFTY,2026-09-01,25200.0,CE,34.95,34.95,24.4,27.9,27.9,6190,10150556107.25,294840,52715,2026-08-13
NIFTY,2026-09-01,25500.0,CE,13.8,13.8,9.4,9.85,9.85,2978,4938069925.75,131365,19500,2026-08-13
NIFTY,2026-09-01,25850.0,CE,5.0,5.0,3.5,3.8,3.8,83,139484403.5,16770,-2080,2026-08-13
NIFTY,2026-09-01,26000.0,CE,4.5,4.5,3.2,3.45,3.45,1291,2182104151.5,124800,-4420,2026-08-13
NIFTY,2026-09-01,26650.0,CE,2.5,2.5,1.75,1.75,1.75,9,15591517.5,1430,-65,2026-08-13
NIFTY,2026-09-08,22800.0,CE,0.0,0.0,0.0,1977.1,1716.67,0,0.0,0,0,2026-08-13
NIFTY,2026-09-08,23050.0,CE,0.0,0.0,0.0,1746.8,1485.01,0,0.0,0,0,2026-08-13
NIFTY,2026-10-27,22300.0,PE,34.65,34.65,27.5,31.2,31.2,140,203226445.5,21125,6175,2026-08-13
NIFTY,2026-09-29,26550.0,PE,0.0,0.0,0.0,2431.75,2001.68,0,0.0,0,0,2026-08-13
NIFTY,2026-09-29,26400.0,PE,0.0,0.0,0.0,1700.0,1868.25,0,0.0,195,0,2026-08-13
NIFTY,2026-09-29,26350.0,PE,0.0,0.0,0.0,2262.9,1824.35,0,0.0,0,0,2026-08-13
NIFTY,2026-09-29,26150.0,PE,0.0,0.0,0.0,2098.2,1652.02,0,0.0,0,0,2026-08-13
NIFTY,2026-09-29,24550.0,PE,365.0,382.0,325.0,330.8,330.8,123,199053621.0,24765,1170,2026-08-13
NIFTY,2026-09-29,24000.0,PE,164.95,184.95,151.75,156.65,156.65,13435,21099455026.0,3264850,260390,2026-08-13
NIFTY,2026-09-29,23550.0,PE,90.7,94.55,78.85,81.4,81.4,96,147480216.0,28860,1560,2026-08-13
NIFTY,2026-09-29,23500.0,PE,82.4,90.25,72.95,76.65,76.65,14150,21686607816.25,1859325,135525,2026-08-13
NIFTY,2026-09-15,25750.0,PE,0.0,0.0,0.0,1263.75,1311.95,0,0.0,0,0,2026-08-13
NIFTY,2026-09-15,25600.0,PE,0.0,0.0,0.0,1144.25,1188.96,0,0.0,0,0,2026-08-13
NIFTY,2026-09-15,25450.0,PE,0.0,0.0,0.0,1030.55,1070.74,0,0.0,0,0,2026-08-13
NIFTY,2026-09-15,25000.0,PE,0.0,0.0,0.0,720.1,749.6,0,0.0,0,0,2026-08-13
NIFTY,2026-09-15,24550.0,PE,285.6,299.65,280.0,292.05,487.96,9,14532570.0,845,585,2026-08-13
NIFTY,2026-09-15,24250.0,PE,0.0,0.0,0.0,337.6,349.75,0,0.0,0,0,2026-08-13
NIFTY,2026-09-15,23200.0,PE,0.0,0.0,0.0,75.8,76.24,0,0.0,0,0,2026-08-13
NIFTY,2026-09-08,25800.0,PE,0.0,0.0,0.0,1194.35,1358.71,0,0.0,0,0,2026-08-13
NIFTY,2026-09-08,24800.0,PE,432.15,474.95,401.1,422.3,596.43,34,55774936.75,5135,1690,2026-08-13
NIFTY,2026-09-08,24600.0,PE,336.9,357.45,291.1,303.6,303.6,117,189544933.5,35880,1105,2026-08-13
NIFTY,2026-09-08,24300.0,PE,209.0,217.15,167.35,176.2,176.2,421,670036149.25,17550,6695,2026-08-13
NIFTY,2026-09-08,23100.0,PE,19.95,19.95,13.05,16.75,16.75,198,297517951.25,5720,2405,2026-08-13
NIFTY,2026-09-01,26950.0,PE,0.0,0.0,0.0,2597.5,2470.75,0,0.0,0,0,2026-08-13
NIFTY,2026-09-01,25950.0,PE,0.0,0.0,0.0,1679.0,1496.85,0,0.0,0,0,2026-08-13
NIFTY,2026-09-01,24750.0,PE,426.25,426.25,348.0,366.85,366.85,27,44079174.75,1885,-1105,2026-08-13
NIFTY,2026-09-01,23800.0,PE,45.9,55.35,36.8,39.95,39.95,3775,5850716254.5,116220,39780,2026-08-13
NIFTY,2026-09-01,23400.0,PE,17.95,19.8,14.7,15.7,15.7,1523,2318078317.75,106145,23790,2026-08-13
NIFTY,2026-09-01,23100.0,PE,10.9,11.05,8.3,9.15,9.15,767,1152122218.0,28665,19435,2026-08-13
NIFTY,2026-09-01,22750.0,PE,8.0,8.0,6.5,6.9,6.9,27,39938847.0,1170,455,2026-08-13
NIFTY,2026-09-01,22250.0,PE,5.95,5.95,4.75,5.0,5.0,28,40504740.25,1560,390,2026-08-13
NIFTY,2026-08-25,26750.0,PE,0.0,0.0,0.0,2584.3,2301.1,0,0.0,0,0,2026-08-13
NIFTY,2026-08-25,26650.0,PE,0.0,0.0,0.0,2498.25,2201.46,0,0.0,0,0,2026-08-13
NIFTY,2026-08-25,26500.0,PE,1980.85,1980.85,1980.85,1980.85,2052.14,1,1851255.25,6955,65,2026-08-13
NIFTY,2026-08-25,26250.0,PE,0.0,0.0,0.0,1985.0,1804.02,0,0.0,130,0,2026-08-13
NIFTY,2026-08-25,25550.0,PE,0.0,0.0,0.0,1080.0,1126.39,0,0.0,5460,0,2026-08-13
NIFTY,2026-08-25,25300.0,PE,887.0,911.5,815.2,823.95,900.16,30,50973568.75,47320,325,2026-08-13
NIFTY,2026-08-25,24750.0,PE,381.15,414.0,322.5,346.55,346.55,636,1037793688.75,92820,4485,2026-08-13
NIFTY,2026-08-25,22800.0,PE,5.15,5.15,3.5,3.6,3.6,5631,8346559035.75,375895,77155,2026-08-13
NIFTY,2026-08-25,22500.0,PE,3.8,4.2,2.9,3.1,3.1,20591,30118870691.0,1822600,312000,2026-08-13
NIFTY,2026-08-25,22350.0,PE,3.9,3.9,2.55,2.8,2.8,73,106066051.0,7020,130,2026-08-13
NIFTY,2026-08-25,22050.0,PE,2.7,3.3,2.5,2.75,2.75,48,68804921.25,8515,-195,2026-08-13
NIFTY,2026-08-25,21400.0,PE,2.9,2.9,1.85,2.25,2.25,296,411778565.25,50440,4095,2026-08-13
NIFTY,2026-09-08,24050.0,CE,0.0,0.0,0.0,931.9,687.29,0,0.0,0,0,2026-08-13
NIFTY,2026-09-08,25400.0,CE,0.0,0.0,0.0,259.4,128.0,0,0.0,0,0,2026-08-13
NIFTY,2026-09-08,26150.0,CE,0.0,0.0,0.0,99.35,34.47,0,0.0,0,0,2026-08-13
NIFTY,2026-09-15,23100.0,CE,0.0,0.0,0.0,1569.25,1496.22,0,0.0,0,0,2026-08-13
NIFTY,2026-09-15,24050.0,CE,0.0,0.0,0.0,826.0,761.71,0,0.0,0,0,2026-08-13
NIFTY,2026-09-15,24600.0,CE,0.0,0.0,0.0,281.15,455.17,0,0.0,65,0,2026-08-13
NIFTY,2026-09-15,24650.0,CE,0.0,0.0,0.0,484.3,432.17,0,0.0,0,0,2026-08-13
NIFTY,2026-09-15,24900.0,CE,0.0,0.0,0.0,375.05,329.11,0,0.0,0,0,2026-08-13
NIFTY,2026-09-15,25150.0,CE,0.0,0.0,0.0,284.5,245.05,0,0.0,0,0,2026-08-13
NIFTY,2026-08-25,21300.0,PE,2.25,2.35,1.75,2.1,2.1,4359,6035568054.75,294060,223730,2026-08-13
NIFTY,2026-08-18,26850.0,PE,0.0,0.0,0.0,2655.25,2431.83,0,0.0,0,0,2026-08-13
NIFTY,2026-08-18,26500.0,PE,2100.0,2115.15,2100.0,2115.15,2082.13,4,7436984.75,1235,260,2026-08-13
NIFTY,2026-08-18,26050.0,PE,0.0,0.0,0.0,1895.7,1632.55,0,0.0,0,0,2026-08-13
NIFTY,2026-08-18,24950.0,PE,558.0,591.7,478.15,514.3,514.3,946,1566928281.75,26715,-8775,2026-08-13
NIFTY,2026-08-18,23700.0,PE,4.4,5.3,1.8,2.1,2.1,494055,761195042510.5,3009435,-10660,2026-08-13
NIFTY,2026-08-18,23450.0,PE,2.5,3.15,1.4,1.6,1.6,123903,188877660286.25,675805,179985,2026-08-13
NIFTY,2026-08-18,22500.0,PE,1.25,1.9,0.7,0.85,0.85,91710,134132111109.75,2892500,-490620,2026-08-13
NIFTY,2026-08-18,22450.0,PE,1.2,1.8,0.65,0.8,0.8,3086,4503468589.75,33930,-3965,2026-08-13
NIFTY,2026-08-18,22200.0,PE,0.95,4.9,0.55,0.65,0.65,22936,33097764755.25,611650,94185,2026-08-13
NIFTY,2030-12-31,27000.0,CE,0.0,0.0,0.0,6772.8,5568.8,0,0.0,0,0,2026-08-13
NIFTY,2030-12-31,22500.0,CE,0.0,0.0,0.0,9536.95,8033.81,0,0.0,0,0,2026-08-13
NIFTY,2030-06-25,33000.0,CE,0.0,0.0,0.0,4416.45,2657.78,0,0.0,0,0,2026-08-13
NIFTY,2030-06-25,24000.0,CE,0.0,0.0,0.0,8591.55,6557.71,0,0.0,0,0,2026-08-13
NIFTY,2028-12-26,30000.0,CE,0.0,0.0,0.0,1370.0,1945.36,0,0.0,11555,0,2026-08-13
NIFTY,2028-12-26,28500.0,CE,0.0,0.0,0.0,3608.65,2471.54,0,0.0,0,0,2026-08-13
NIFTY,2028-12-26,28000.0,CE,2128.75,2128.8,2128.75,2128.8,2669.83,2,3916740.75,8395,0,2026-08-13
NIFTY,2028-12-26,25500.0,CE,0.0,0.0,0.0,3800.0,3844.59,0,0.0,0,0,2026-08-13
NIFTY,2028-12-26,24000.0,CE,4800.0,4800.0,4800.0,4800.0,4700.41,5,9360000.0,780,325,2026-08-13
NIFTY,2028-12-26,18000.0,CE,0.0,0.0,0.0,9380.3,9059.48,0,0.0,0,0,2026-08-13
NIFTY,2027-12-28,24000.0,CE,2996.65,2999.9,2963.0,2963.0,3283.39,6,10525654.75,26650,130,2026-08-13
NIFTY,2027-06-29,30000.0,CE,0.0,0.0,0.0,1478.4,362.11,0,0.0,0,0,2026-08-13
NIFTY,2026-12-29,26000.0,CE,271.9,285.75,262.05,274.55,274.55,2957,5049693792.0,2815535,11570,2026-08-13
NIFTY,2026-12-29,25000.0,CE,683.8,694.05,645.75,673.4,673.4,2223,3708453895.25,2176740,-12740,2026-08-13
NIFTY,2026-10-27,26700.0,CE,85.6,85.6,85.6,85.6,151.02,1,1741064.0,65,65,2026-08-13
NIFTY,2026-10-27,26100.0,CE,0.0,0.0,0.0,237.65,258.68,0,0.0,0,0,2026-08-13
NIFTY,2026-10-27,25800.0,CE,0.0,0.0,0.0,301.05,331.67,0,0.0,0,0,2026-08-13
NIFTY,2026-10-27,25600.0,CE,140.65,152.2,134.65,144.2,144.2,227,379824428.75,17420,3835,2026-08-13
NIFTY,2026-10-27,25500.0,CE,173.05,179.8,157.0,169.35,169.35,3432,5725967646.75,740415,55510,2026-08-13
NIFTY,2026-10-27,25300.0,CE,0.0,0.0,0.0,432.4,488.56,0,0.0,0,0,2026-08-13
NIFTY,2026-10-27,25100.0,CE,292.0,315.25,281.65,297.35,297.35,1064,1756593462.0,66625,59085,2026-08-13
NIFTY,2026-10-27,23950.0,CE,0.0,0.0,0.0,1007.1,1164.67,0,0.0,0,0,2026-08-13
NIFTY,2026-10-27,22550.0,CE,0.0,0.0,0.0,1962.0,2239.95,0,0.0,0,0,2026-08-13
NIFTY,2026-09-29,30000.0,CE,2.2,2.5,1.9,2.0,2.0,204,397828723.5,314915,3770,2026-08-13
NIFTY,2026-09-29,26750.0,CE,0.0,0.0,0.0,130.35,54.11,0,0.0,0,0,2026-08-13
NIFTY,2026-09-29,26450.0,CE,0.0,0.0,0.0,168.3,80.78,0,0.0,0,0,2026-08-13
NIFTY,2026-09-29,26050.0,CE,0.0,0.0,0.0,232.8,132.95,0,0.0,0,0,2026-08-13
NIFTY,2026-09-29,25900.0,CE,0.0,0.0,0.0,261.75,158.59,0,0.0,0,0,2026-08-13
NIFTY,2026-09-29,25700.0,CE,51.25,51.25,41.35,44.85,44.85,3351,5607626622.0,235040,48880,2026-08-13
NIFTY,2026-09-29,25550.0,CE,131.2,131.2,62.55,65.35,65.35,47,78297703.25,2275,2275,2026-08-13
NIFTY,2026-09-29,25450.0,CE,145.95,145.95,77.65,78.35,78.35,48,79692388.75,2470,2470,2026-08-13
NIFTY,2026-09-29,25000.0,CE,181.0,209.65,176.45,191.7,191.7,13733,22486125795.25,2083575,105495,2026-08-13
NIFTY,2026-09-29,24750.0,CE,300.0,315.0,275.0,291.25,291.25,163,265269085.25,40365,3705,2026-08-13
NIFTY,2026-09-29,24650.0,CE,350.2,364.75,318.0,342.55,342.55,259,420726640.75,31655,5200,2026-08-13
NIFTY,2026-09-29,24600.0,CE,349.15,394.2,340.95,370.1,370.1,3717,6031966456.75,375310,58110,2026-08-13
NIFTY,2026-09-29,24350.0,CE,514.1,541.85,479.7,517.15,517.15,223,360299985.5,14755,4290,2026-08-13
NIFTY,2026-09-29,23150.0,CE,0.0,0.0,0.0,1642.85,1551.94,0,0.0,325,0,2026-08-13
NIFTY,2026-09-29,22700.0,CE,0.0,0.0,0.0,1580.85,1942.88,0,0.0,520,0,2026-08-13
NIFTY,2026-09-29,22550.0,CE,0.0,0.0,0.0,1786.75,2079.19,0,0.0,260,0,2026-08-13
NIFTY,2026-09-29,22450.0,CE,0.0,0.0,0.0,1843.95,2171.4,0,0.0,65,0,2026-08-13
NIFTY,2026-09-29,22000.0,CE,2530.0,2624.8,2521.75,2583.05,2583.05,226,361049477.75,82355,7540,2026-08-13
NIFTY,2026-09-29,21850.0,CE,0.0,0.0,0.0,2455.3,2741.23,0,0.0,0,0,2026-08-13
NIFTY,2026-09-15,26000.0,CE,0.0,0.0,0.0,95.0,75.72,0,0.0,0,0,2026-08-13
NIFTY,2026-08-18,22100.0,PE,1.2,1.25,0.5,0.55,0.55,14399,20684808693.25,516360,55055,2026-08-13
NIFTY,2031-06-24,24000.0,CE,0.0,0.0,0.0,7181.9,7674.94,0,0.0,0,0,2026-08-13
NIFTY,2030-12-31,30000.0,CE,0.0,0.0,0.0,5227.2,4255.77,0,0.0,0,0,2026-08-13
NIFTY,2026-08-18,22250.0,CE,0.0,0.0,0.0,1959.6,2164.34,0,0.0,0,0,2026-08-13
NIFTY,2026-08-18,22350.0,CE,0.0,0.0,0.0,1866.6,2064.43,0,0.0,0,0,2026-08-13
NIFTY,2026-08-18,22850.0,CE,0.0,0.0,0.0,1421.6,1564.88,0,0.0,0,0,2026-08-13
NIFTY,2026-08-18,23450.0,CE,855.8,1017.55,855.8,994.45,968.45,4,6344130.0,65,65,2026-08-13
NIFTY,2026-08-18,23900.0,CE,512.75,581.1,468.1,542.7,542.7,3570,5664246987.75,182195,-49270,2026-08-13
NIFTY,2026-08-18,24000.0,CE,450.0,484.0,376.05,446.65,446.65,42418,67339003065.75,466700,-2665,2026-08-13
NIFTY,2026-08-18,24900.0,CE,9.9,9.9,3.95,4.65,4.65,512587,829802863896.5,5815030,1145105,2026-08-13
NIFTY,2026-08-18,25000.0,CE,4.9,5.9,2.7,3.1,3.1,999768,1624863433358.75,13137085,3999645,2026-08-13
NIFTY,2026-08-18,25100.0,CE,3.45,3.6,1.7,1.95,1.95,744104,1214124076447.75,3828500,686530,2026-08-13
NIFTY,2026-08-18,25550.0,CE,1.35,1.4,0.75,0.85,0.85,35306,58636787605.5,690495,-71240,2026-08-13
NIFTY,2026-08-18,25750.0,CE,0.9,0.95,0.55,0.65,0.65,39125,65487340363.25,909285,-18005,2026-08-13
NIFTY,2026-08-18,25950.0,CE,0.8,0.85,0.5,0.55,0.55,4885,8239981646.0,412425,-14300,2026-08-13
NIFTY,2026-08-25,21900.0,CE,0.0,0.0,0.0,2725.0,2539.53,0,0.0,455,0,2026-08-13
NIFTY,2026-08-25,22950.0,CE,0.0,0.0,0.0,1580.55,1496.13,0,0.0,195,0,2026-08-13
NIFTY,2026-08-25,25450.0,CE,5.1,5.25,2.75,3.1,3.1,6775,11209091712.0,148850,7930,2026-08-13
NIFTY,2026-08-25,26200.0,CE,1.0,1.05,0.65,0.75,0.75,6209,10574240137.5,454935,-325,2026-08-13
NIFTY,2026-08-25,26800.0,CE,0.65,0.65,0.65,0.65,0.23,12,20904507.0,27820,-390,2026-08-13
NIFTY,2026-09-01,23450.0,CE,0.0,0.0,0.0,1108.95,1077.89,0,0.0,0,0,2026-08-13
NIFTY,2026-09-01,24150.0,CE,427.1,452.2,405.0,450.1,547.9,17,27156463.75,910,780,2026-08-13
NIFTY,2026-09-01,25350.0,CE,0.0,0.0,0.0,203.15,88.45,0,0.0,0,0,2026-08-13
NIFTY,2026-09-01,25450.0,CE,0.0,0.0,0.0,180.95,72.74,0,0.0,0,0,2026-08-13
NIFTY,2026-09-01,25700.0,CE,6.9,6.9,5.35,5.55,5.55,737,1231455485.0,42120,14170,2026-08-13
NIFTY,2026-09-01,26350.0,CE,3.05,3.05,2.25,2.25,9.04,9,15416397.75,715,-390,2026-08-13
NIFTY,2026-09-01,26900.0,CE,1.95,2.25,1.9,1.9,1.89,6,10491776.75,1235,195,2026-08-13
NIFTY,2026-09-01,27050.0,CE,0.0,0.0,0.0,1.75,1.19,0,0.0,1560,0,2026-08-13
NIFTY,2026-09-08,22750.0,CE,0.0,0.0,0.0,2023.95,1763.9,0,0.0,0,0,2026-08-13
NIFTY,2026-09-08,23000.0,CE,0.0,0.0,0.0,1792.25,1530.67,0,0.0,0,0,2026-08-13
NIFTY,2026-09-08,23350.0,CE,0.0,0.0,0.0,1481.65,1220.07,0,0.0,0,0,2026-08-13
NIFTY,2026-09-08,23500.0,CE,0.0,0.0,0.0,1064.75,1094.57,0,0.0,195,0,2026-08-13
NIFTY,2026-09-08,24250.0,CE,398.8,456.8,394.75,439.35,439.35,32,51334725.0,1365,1365,2026-08-13
NIFTY,2026-09-08,24350.0,CE,366.3,389.0,336.95,370.85,370.85,150,240964317.75,5785,3120,2026-08-13
NIFTY,2026-09-15,23850.0,CE,0.0,0.0,0.0,963.95,896.74,0,0.0,0,0,2026-08-13
NIFTY,2026-08-18,22050.0,PE,0.9,1.15,0.5,0.55,0.55,9686,13882890004.75,228930,41925,2026-08-13
NIFTY,2026-09-15,24200.0,CE,0.0,0.0,0.0,730.2,668.49,0,0.0,0,0,2026-08-13
NIFTY,2026-09-15,24250.0,CE,0.0,0.0,0.0,699.8,639.0,0,0.0,0,0,2026-08-13
NIFTY,2026-09-15,24450.0,CE,0.0,0.0,0.0,585.85,529.13,0,0.0,0,0,2026-08-13
NIFTY,2026-09-15,24750.0,CE,0.0,0.0,0.0,438.3,388.59,0,0.0,0,0,2026-08-13
NIFTY,2026-09-15,24950.0,CE,0.0,0.0,0.0,355.5,310.83,0,0.0,0,0,2026-08-13
NIFTY,2026-09-15,25350.0,CE,0.0,0.0,0.0,224.65,191.45,0,0.0,0,0,2026-08-13
NIFTY,2026-09-29,23900.0,CE,827.1,864.65,795.0,834.9,834.9,26,41796072.5,22880,-455,2026-08-13
NIFTY,2026-09-29,24000.0,CE,750.05,794.85,714.05,760.55,760.55,3511,5649529684.5,1427790,31135,2026-08-13
NIFTY,2026-09-29,24100.0,CE,670.05,716.0,648.0,691.1,691.1,102,164253878.75,34515,-1170,2026-08-13
NIFTY,2026-09-29,24850.0,CE,242.0,263.75,233.0,248.4,248.4,176,287093192.75,16640,-1560,2026-08-13
NIFTY,2026-09-29,25650.0,CE,0.0,0.0,0.0,317.2,210.08,0,0.0,0,0,2026-08-13
NIFTY,2026-09-29,26700.0,CE,0.0,0.0,0.0,136.15,57.94,0,0.0,0,0,2026-08-13
NIFTY,2026-09-29,26900.0,CE,0.0,0.0,0.0,114.3,43.91,0,0.0,0,0,2026-08-13
NIFTY,2026-10-27,22900.0,CE,0.0,0.0,0.0,1691.95,1942.43,0,0.0,0,0,2026-08-13
NIFTY,2026-10-27,23300.0,CE,0.0,0.0,0.0,1407.3,1623.66,0,0.0,0,0,2026-08-13
NIFTY,2026-10-27,24350.0,CE,0.0,0.0,0.0,801.0,924.23,0,0.0,0,0,2026-08-13
NIFTY,2026-10-27,26150.0,CE,0.0,0.0,0.0,228.35,247.83,0,0.0,0,0,2026-08-13
NIFTY,2026-10-27,26550.0,CE,0.0,0.0,0.0,164.25,173.63,0,0.0,0,0,2026-08-13
NIFTY,2026-10-27,26800.0,CE,0.0,0.0,0.0,132.4,137.36,0,0.0,0,0,2026-08-13
NIFTY,2026-10-27,26950.0,CE,0.0,0.0,0.0,115.95,118.83,0,0.0,0,0,2026-08-13
NIFTY,2026-12-29,23000.0,CE,2069.95,2139.95,2055.0,2106.75,2106.75,127,207122331.0,334700,-1365,2026-08-13
NIFTY,2027-06-29,19000.0,CE,0.0,0.0,0.0,7800.0,6486.22,0,0.0,75,0,2026-08-13
NIFTY,2027-06-29,31500.0,CE,0.0,0.0,0.0,769.15,198.01,0,0.0,0,0,2026-08-13
NIFTY,2028-06-27,18000.0,CE,0.0,0.0,0.0,6809.35,8528.84,0,0.0,0,0,2026-08-13
NIFTY,2029-06-26,28500.0,CE,0.0,0.0,0.0,4213.3,3084.17,0,0.0,0,0,2026-08-13
NIFTY,2029-06-26,30000.0,CE,0.0,0.0,0.0,5268.4,2519.71,0,0.0,0,0,2026-08-13
NIFTY,2029-12-24,31500.0,CE,0.0,0.0,0.0,3429.3,2579.67,0,0.0,0,0,2026-08-13
NIFTY,2030-06-25,22500.0,CE,0.0,0.0,0.0,9012.4,7463.27,0,0.0,0,0,2026-08-13
NIFTY,2031-06-24,33000.0,PE,0.0,0.0,0.0,3810.15,3294.12,0,0.0,0,0,2026-08-13
NIFTY,2031-06-24,22500.0,PE,0.0,0.0,0.0,663.6,497.52,0,0.0,0,0,2026-08-13
NIFTY,2030-12-31,31500.0,PE,0.0,0.0,0.0,1885.5,2925.49,0,0.0,0,0,2026-08-13
NIFTY,2030-12-31,28500.0,PE,0.0,0.0,0.0,1083.1,1856.24,0,0.0,0,0,2026-08-13
NIFTY,2030-12-31,22500.0,PE,0.0,0.0,0.0,219.35,511.96,0,0.0,0,0,2026-08-13
NIFTY,2028-12-26,19500.0,PE,0.0,0.0,0.0,49.0,153.04,0,0.0,0,0,2026-08-13
NIFTY,2028-06-27,31500.0,PE,0.0,0.0,0.0,2935.6,4474.45,0,0.0,0,0,2026-08-13
NIFTY,2028-06-27,22500.0,PE,0.0,0.0,0.0,206.95,498.3,0,0.0,0,0,2026-08-13
NIFTY,2027-12-28,25500.0,PE,0.0,0.0,0.0,676.05,1343.82,0,0.0,0,0,2026-08-13
NIFTY,2027-06-29,16500.0,PE,0.0,0.0,0.0,25.0,1.63,0,0.0,780,0,2026-08-13
NIFTY,2027-03-30,28500.0,PE,0.0,0.0,0.0,2937.15,3311.31,0,0.0,65,0,2026-08-13
NIFTY,2027-03-30,21000.0,PE,93.0,93.5,86.0,86.75,86.75,355,486641522.25,393900,2210,2026-08-13
NIFTY,2026-12-29,25500.0,PE,890.95,936.75,862.85,884.35,884.35,614,1053734747.0,386035,130,2026-08-13
NIFTY,2026-10-27,26050.0,PE,0.0,0.0,0.0,1920.65,1576.25,0,0.0,0,0,2026-08-13
NIFTY,2026-10-27,25800.0,PE,0.0,0.0,0.0,1055.9,1390.38,0,0.0,390,0,2026-08-13
NIFTY,2026-10-27,24450.0,PE,0.0,0.0,0.0,352.35,596.19,0,0.0,1495,0,2026-08-13
NIFTY,2026-10-27,23700.0,PE,162.45,166.2,141.15,146.0,146.0,358,554963870.5,65780,15405,2026-08-13
NIFTY,2026-10-27,23200.0,PE,0.0,0.0,0.0,342.0,194.52,0,0.0,0,0,2026-08-13
NIFTY,2026-09-29,30000.0,PE,5350.0,5386.3,5289.25,5304.4,5351.97,9,20672281.5,147095,-390,2026-08-13
NIFTY,2026-09-29,27100.0,PE,0.0,0.0,0.0,2914.15,2509.13,0,0.0,0,0,2026-08-13
NIFTY,2026-09-29,26800.0,PE,0.0,0.0,0.0,2648.0,2229.22,0,0.0,0,0,2026-08-13
NIFTY,2026-09-29,26650.0,PE,0.0,0.0,0.0,2517.6,2091.98,0,0.0,0,0,2026-08-13
NIFTY,2026-09-29,25800.0,PE,0.0,0.0,0.0,992.25,1364.93,0,0.0,845,0,2026-08-13
NIFTY,2026-09-29,24700.0,PE,426.05,452.35,386.1,401.7,401.7,787,1284423816.0,211575,650,2026-08-13
NIFTY,2026-09-29,22950.0,PE,39.65,42.15,28.2,36.85,36.85,157,234580043.75,18070,-3185,2026-08-13
NIFTY,2026-09-29,22800.0,PE,31.9,33.15,28.1,31.45,31.45,2827,4195302855.25,219505,81315,2026-08-13
NIFTY,2026-09-29,22150.0,PE,19.85,19.85,15.3,15.3,21.14,11,15848803.75,21385,455,2026-08-13
NIFTY,2026-09-29,21850.0,PE,0.0,0.0,0.0,15.9,11.58,0,0.0,845,0,2026-08-13
NIFTY,2026-09-15,25950.0,PE,0.0,0.0,0.0,1430.0,1482.46,0,0.0,0,0,2026-08-13
NIFTY,2026-09-15,24100.0,PE,0.0,0.0,0.0,282.0,291.49,0,0.0,0,0,2026-08-13
NIFTY,2026-09-15,23850.0,PE,0.0,0.0,0.0,204.05,209.86,0,0.0,0,0,2026-08-13
NIFTY,2026-09-15,23800.0,PE,0.0,0.0,0.0,191.65,195.74,0,0.0,0,0,2026-08-13
NIFTY,2026-09-08,26350.0,PE,0.0,0.0,0.0,1656.4,1863.61,0,0.0,0,0,2026-08-13
NIFTY,2026-09-08,25700.0,PE,0.0,0.0,0.0,1116.5,1271.63,0,0.0,0,0,2026-08-13
NIFTY,2026-09-08,25100.0,PE,0.0,0.0,0.0,701.05,795.7,0,0.0,0,0,2026-08-13
NIFTY,2026-09-08,24500.0,PE,285.8,305.0,243.25,255.05,255.05,612,985577537.75,65845,7605,2026-08-13
NIFTY,2026-09-08,24400.0,PE,237.0,260.4,204.2,213.85,213.85,346,553704476.0,28145,2015,2026-08-13
NIFTY,2026-09-08,23300.0,PE,0.0,0.0,0.0,74.5,66.65,0,0.0,0,0,2026-08-13
NIFTY,2026-09-01,26600.0,PE,0.0,0.0,0.0,2266.3,2124.79,0,0.0,0,0,2026-08-13
NIFTY,2026-09-01,26100.0,PE,0.0,0.0,0.0,1810.35,1638.93,0,0.0,0,0,2026-08-13
NIFTY,2026-09-01,25400.0,PE,0.0,0.0,0.0,1227.3,1004.3,0,0.0,0,0,2026-08-13
NIFTY,2026-09-01,25250.0,PE,0.0,0.0,0.0,1113.75,881.28,0,0.0,0,0,2026-08-13
NIFTY,2026-09-01,24950.0,PE,549.6,553.85,492.9,499.3,655.61,43,71175604.5,455,-2405,2026-08-13
NIFTY,2026-09-01,24650.0,PE,336.35,346.7,293.45,303.35,303.35,36,58412038.75,4225,-195,2026-08-13
NIFTY,2026-09-01,23950.0,PE,78.95,80.9,55.85,59.2,59.2,401,625879146.75,10790,4355,2026-08-13
NIFTY,2026-08-25,27100.0,PE,0.0,0.0,0.0,2350.0,2650.18,0,0.0,65,0,2026-08-13
NIFTY,2026-08-25,26400.0,PE,0.0,0.0,0.0,1670.0,1952.75,0,0.0,130,0,2026-08-13
NIFTY,2026-08-25,25700.0,PE,0.0,0.0,0.0,1220.0,1267.64,0,0.0,29705,0,2026-08-13
NIFTY,2026-08-25,23800.0,PE,27.75,32.8,19.1,20.25,20.25,58718,90926930965.0,2675595,367835,2026-08-13
NIFTY,2026-08-25,23250.0,PE,7.35,8.05,4.8,5.2,5.2,6578,9943565849.75,188110,18525,2026-08-13
NIFTY,2026-08-25,23100.0,PE,6.25,6.8,4.25,4.45,4.45,7036,10567085311.25,321815,-5135,2026-08-13
NIFTY,2026-08-25,22750.0,PE,4.9,4.9,3.2,3.35,3.35,691,1021988162.0,50895,-13650,2026-08-13
NIFTY,2026-08-25,22450.0,PE,3.65,3.65,2.7,2.85,2.85,133,194106328.0,23985,2210,2026-08-13
NIFTY,2026-08-25,22000.0,PE,3.9,3.9,2.5,2.7,2.7,24546,35105517385.25,2751710,258765,2026-08-13
NIFTY,2026-08-25,21550.0,PE,2.0,2.2,2.0,2.1,2.1,11,15409758.0,6370,-195,2026-08-13
NIFTY,2026-08-25,21500.0,PE,2.5,2.85,1.8,2.05,2.05,4954,6923956572.0,996255,43290,2026-08-13
NIFTY,2026-08-18,27100.0,PE,0.0,0.0,0.0,2899.2,2681.63,0,0.0,0,0,2026-08-13
NIFTY,2026-08-18,26900.0,PE,0.0,0.0,0.0,2703.85,2481.79,0,0.0,0,0,2026-08-13
NIFTY,2026-08-18,26700.0,PE,0.0,0.0,0.0,2509.9,2281.96,0,0.0,0,0,2026-08-13
NIFTY,2026-08-18,25300.0,PE,875.0,938.6,850.2,862.3,862.3,31,52763418.5,37505,325,2026-08-13
NIFTY,2026-08-18,24500.0,PE,129.0,197.0,117.0,133.45,133.45,904874,1449997033764.5,4393610,1311570,2026-08-13
NIFTY,2026-08-18,23850.0,PE,5.05,8.95,2.8,3.1,3.1,274659,425885289111.75,2449070,788580,2026-08-13
NIFTY,2026-08-18,23650.0,PE,3.75,4.5,1.6,1.8,1.8,263157,404584560981.25,1615315,546195,2026-08-13
NIFTY,2026-08-18,23550.0,PE,2.9,3.7,1.4,1.65,1.65,153920,235636313968.25,687570,4160,2026-08-13
NIFTY,2026-08-18,23500.0,PE,2.45,3.45,1.5,1.7,1.7,522935,798862193473.5,5898165,523900,2026-08-13
NIFTY,2026-08-18,22850.0,PE,2.05,2.05,0.85,1.0,1.0,19237,28573398766.25,113815,24505,2026-08-13
NIFTY,2026-08-18,22800.0,PE,1.45,2.5,0.8,1.0,1.0,42405,62847601771.5,1095445,146705,2026-08-13
NIFTY,2026-08-18,22750.0,PE,1.65,1.8,0.75,0.95,0.95,4033,5964119326.75,57460,6370,2026-08-13
NIFTY,2027-03-30,22500.0,PE,184.95,184.95,167.95,169.25,169.25,1182,1741955988.5,430105,13715,2026-08-13
NIFTY,2026-12-29,18000.0,PE,22.8,23.95,21.1,21.3,21.3,224,262402851.75,498035,1430,2026-08-13
NIFTY,2026-12-29,20000.0,PE,37.9,38.7,35.3,36.95,36.95,2354,3065886414.5,1157540,-26845,2026-08-13
NIFTY,2026-08-18,22150.0,CE,0.0,0.0,0.0,2053.6,2264.26,0,0.0,0,0,2026-08-13
NIFTY,2026-08-18,23200.0,CE,1175.0,1175.0,1175.0,1175.0,1215.72,1,1584375.0,2015,-65,2026-08-13
NIFTY,2026-08-18,23650.0,CE,798.35,817.0,735.05,792.4,792.4,101,160438859.75,6500,4550,2026-08-13
NIFTY,2026-08-18,24400.0,CE,143.0,152.8,89.0,122.5,122.5,2343939,3735417319832.25,7027215,986635,2026-08-13
NIFTY,2026-08-18,24600.0,CE,54.0,56.6,28.5,39.55,39.55,1074840,1721457213908.25,9037015,1958450,2026-08-13
NIFTY,2026-08-18,25200.0,CE,2.3,2.45,1.25,1.4,1.4,643969,1054898689815.75,4766255,417105,2026-08-13
NIFTY,2026-08-18,25650.0,CE,1.15,1.2,0.65,0.7,0.7,20879,34811633145.25,950300,-4030,2026-08-13
NIFTY,2026-08-25,21250.0,CE,0.0,0.0,0.0,3030.3,3188.21,0,0.0,0,0,2026-08-13
NIFTY,2026-08-25,21400.0,CE,0.0,0.0,0.0,2616.3,3038.51,0,0.0,130,0,2026-08-13
NIFTY,2026-08-25,21500.0,CE,2916.0,2994.0,2895.0,2973.15,2973.15,106,168352115.75,342745,-3965,2026-08-13
NIFTY,2026-08-25,22050.0,CE,0.0,0.0,0.0,2323.1,2389.86,0,0.0,0,0,2026-08-13
NIFTY,2026-08-25,22150.0,CE,0.0,0.0,0.0,2147.4,2290.1,0,0.0,130,0,2026-08-13
NIFTY,2026-08-25,22300.0,CE,0.0,0.0,0.0,2020.0,2140.52,0,0.0,1820,0,2026-08-13
NIFTY,2026-08-25,23750.0,CE,679.15,742.45,679.15,732.25,757.82,80,127315555.25,13260,-3640,2026-08-13
NIFTY,2026-08-25,23800.0,CE,671.15,724.1,621.0,691.75,691.75,924,1470367661.75,485485,-12480,2026-08-13
NIFTY,2026-08-25,24200.0,CE,326.9,380.0,300.0,345.35,345.35,20593,32839454609.0,1293305,-15730,2026-08-13
NIFTY,2026-08-25,24500.0,CE,168.25,184.6,131.6,158.4,158.4,114792,183964842252.75,7468370,586105,2026-08-13
NIFTY,2026-08-25,24900.0,CE,41.5,43.7,28.3,34.35,34.35,62683,101594250910.75,1861535,249990,2026-08-13
NIFTY,2026-08-25,24950.0,CE,35.2,35.35,22.95,27.75,27.75,11321,18380251158.75,345215,32370,2026-08-13
NIFTY,2026-08-25,25050.0,CE,21.75,23.45,15.0,17.35,17.35,11930,19439014894.0,426595,67860,2026-08-13
NIFTY,2026-08-25,25600.0,CE,2.6,3.3,1.65,1.85,1.85,19319,32149714148.5,721305,170040,2026-08-13
NIFTY,2026-08-25,25950.0,CE,1.25,1.6,0.9,0.95,0.95,4914,8289044741.25,210665,99255,2026-08-13
NIFTY,2026-08-25,26050.0,CE,1.05,1.35,0.75,0.85,0.85,3854,6526020202.0,214630,83655,2026-08-13
NIFTY,2026-08-25,26100.0,CE,1.1,1.1,0.8,0.85,0.85,3654,6199226793.5,361530,-8710,2026-08-13
NIFTY,2026-08-25,26300.0,CE,1.1,1.1,0.6,0.7,0.7,2974,5084192308.0,900965,-13780,2026-08-13
NIFTY,2026-08-25,26700.0,CE,0.6,0.6,0.55,0.6,0.6,106,183966952.0,58890,0,2026-08-13
NIFTY,2026-08-25,27150.0,CE,0.7,0.75,0.55,0.6,0.6,58,102357989.5,18525,-65,2026-08-13
NIFTY,2026-09-01,22050.0,CE,0.0,0.0,0.0,2313.35,2416.16,0,0.0,0,0,2026-08-13
NIFTY,2026-09-01,22350.0,CE,0.0,0.0,0.0,2032.25,2118.71,0,0.0,0,0,2026-08-13
NIFTY,2026-09-01,23600.0,CE,0.0,0.0,0.0,585.55,951.1,0,0.0,65,0,2026-08-13
NIFTY,2026-09-01,23900.0,CE,621.0,680.0,602.25,670.25,717.56,17,27111165.25,975,130,2026-08-13
NIFTY,2026-09-01,24700.0,CE,155.15,155.15,118.05,139.15,139.15,4010,6474048044.75,150150,75920,2026-08-13
NIFTY,2026-09-01,24800.0,CE,109.15,118.65,89.2,103.65,103.65,3027,4899650856.75,134225,41925,2026-08-13
NIFTY,2026-09-01,24850.0,CE,99.35,102.0,76.2,89.6,89.6,575,932022474.5,22425,-8970,2026-08-13
NIFTY,2026-09-01,26100.0,CE,3.65,3.9,2.6,3.15,3.15,163,276563176.5,16315,1170,2026-08-13
NIFTY,2026-09-01,27200.0,CE,1.45,1.85,0.95,1.75,1.75,95,167968242.0,5980,1820,2026-08-13
NIFTY,2026-09-08,22950.0,CE,0.0,0.0,0.0,1838.05,1576.68,0,0.0,0,0,2026-08-13
NIFTY,2026-09-08,23650.0,CE,0.0,0.0,0.0,1232.5,974.67,0,0.0,0,0,2026-08-13
NIFTY,2026-09-08,23850.0,CE,0.0,0.0,0.0,1077.3,824.54,0,0.0,0,0,2026-08-13
NIFTY,2026-09-08,24100.0,CE,0.0,0.0,0.0,897.3,655.1,0,0.0,0,0,2026-08-13
NIFTY,2026-09-08,25450.0,CE,0.0,0.0,0.0,244.7,118.32,0,0.0,0,0,2026-08-13
NIFTY,2026-09-08,25550.0,CE,0.0,0.0,0.0,217.2,100.72,0,0.0,0,0,2026-08-13
NIFTY,2026-09-08,25600.0,CE,17.75,17.75,14.3,15.7,15.7,817,1360334446.25,51155,8515,2026-08-13
NIFTY,2026-09-08,25900.0,CE,0.0,0.0,0.0,139.75,55.1,0,0.0,0,0,2026-08-13
NIFTY,2026-09-08,26100.0,CE,0.0,0.0,0.0,106.55,37.95,0,0.0,0,0,2026-08-13
NIFTY,2026-09-08,26200.0,CE,0.0,0.0,0.0,92.55,31.26,0,0.0,0,0,2026-08-13
NIFTY,2026-09-15,23450.0,CE,0.0,0.0,0.0,1271.65,1200.43,0,0.0,0,0,2026-08-13
NIFTY,2026-09-15,25000.0,CE,0.0,0.0,0.0,336.65,293.29,0,0.0,0,0,2026-08-13
NIFTY,2026-09-29,16500.0,CE,0.0,0.0,0.0,10168.85,8034.64,0,0.0,0,0,2026-08-13
NIFTY,2026-09-29,21650.0,CE,0.0,0.0,0.0,2630.65,2935.49,0,0.0,0,0,2026-08-13
NIFTY,2026-09-29,23350.0,CE,0.0,0.0,0.0,1399.0,1388.91,0,0.0,455,0,2026-08-13
NIFTY,2026-09-29,24550.0,CE,386.0,420.0,366.45,396.9,396.9,173,280446916.75,23660,1820,2026-08-13
NIFTY,2026-09-29,25500.0,CE,78.8,78.8,64.5,70.4,70.4,13724,22810024003.0,2250885,71760,2026-08-13
NIFTY,2026-09-29,25750.0,CE,0.0,0.0,0.0,293.5,188.09,0,0.0,0,0,2026-08-13
NIFTY,2026-09-29,25850.0,CE,0.0,0.0,0.0,117.25,167.97,0,0.0,65,0,2026-08-13
NIFTY,2026-09-29,26000.0,CE,27.55,27.55,23.0,23.95,23.95,12360,20907941210.0,2549030,22360,2026-08-13
NIFTY,2026-09-29,26600.0,CE,8.9,9.3,7.15,7.5,7.5,206,356285107.75,38155,-4160,2026-08-13
NIFTY,2026-09-29,27150.0,CE,0.0,0.0,0.0,91.35,30.6,0,0.0,0,0,2026-08-13
NIFTY,2026-10-27,22500.0,CE,2150.0,2150.0,1732.75,2135.85,2283.67,5,7980787.75,585,325,2026-08-13
NIFTY,2026-10-27,23750.0,CE,0.0,0.0,0.0,1121.75,1297.21,0,0.0,0,0,2026-08-13
NIFTY,2026-10-27,23800.0,CE,1063.85,1063.85,1042.05,1042.05,1263.33,4,6461581.75,260,0,2026-08-13
NIFTY,2026-10-27,23850.0,CE,0.0,0.0,0.0,1063.45,1229.94,0,0.0,0,0,2026-08-13
NIFTY,2026-10-27,24650.0,CE,505.0,515.05,490.0,515.05,766.14,16,26162545.5,3055,0,2026-08-13
NIFTY,2026-10-27,25250.0,CE,0.0,0.0,0.0,447.85,506.84,0,0.0,0,0,2026-08-13
NIFTY,2026-10-27,25950.0,CE,0.0,0.0,0.0,267.4,294.32,0,0.0,0,0,2026-08-13
NIFTY,2026-10-27,26500.0,CE,36.85,36.85,30.05,31.5,31.5,1054,1817686776.75,91455,21775,2026-08-13
NIFTY,2026-12-29,20000.0,CE,4876.2,4909.95,4825.05,4868.1,4868.1,59,95360092.75,574105,-1560,2026-08-13
NIFTY,2027-03-30,16500.0,CE,0.0,0.0,0.0,6995.9,8561.48,0,0.0,0,0,2026-08-13
NIFTY,2027-03-30,28500.0,CE,101.15,101.5,97.0,99.3,99.3,182,338328084.25,94965,5395,2026-08-13
NIFTY,2028-06-27,22500.0,CE,0.0,0.0,0.0,6796.05,4996.88,0,0.0,0,0,2026-08-13
NIFTY,2028-06-27,28500.0,CE,0.0,0.0,0.0,2990.0,1851.89,0,0.0,0,0,2026-08-13
NIFTY,2028-12-26,27000.0,CE,0.0,0.0,0.0,2700.0,3102.61,0,0.0,845,0,2026-08-13
NIFTY,2029-06-26,22500.0,CE,0.0,0.0,0.0,7946.5,6291.08,0,0.0,0,0,2026-08-13
NIFTY,2030-06-25,28500.0,CE,0.0,0.0,0.0,5382.85,4277.9,0,0.0,0,0,2026-08-13
NIFTY,2030-06-25,30000.0,CE,0.0,0.0,0.0,5580.35,3667.91,0,0.0,0,0,2026-08-13
NIFTY,2031-06-24,22500.0,CE,0.0,0.0,0.0,8012.75,8541.83,0,0.0,0,0,2026-08-13
NIFTY,2026-08-18,22900.0,PE,1.6,2.15,0.95,1.1,1.1,46580,69338371027.25,544635,226850,2026-08-13
NIFTY,2026-08-18,24150.0,PE,32.65,42.3,16.25,18.25,18.25,526446,827308761539.0,2801045,1322360,2026-08-13
NIFTY,2026-08-18,25000.0,PE,599.0,642.25,526.9,562.0,562.0,6671,11089781953.25,435955,7215,2026-08-13
NIFTY,2026-08-18,25050.0,PE,664.1,690.3,580.0,609.55,609.55,254,423737275.0,33020,-3445,2026-08-13
NIFTY,2026-08-18,25250.0,PE,854.4,889.2,791.95,805.4,841.2,7,11872435.25,15015,-65,2026-08-13
NIFTY,2026-08-18,25700.0,PE,0.0,0.0,0.0,1194.2,1283.39,0,0.0,1040,0,2026-08-13
NIFTY,2026-08-18,26000.0,PE,1594.95,1629.9,1533.8,1560.0,1560.0,25,44834734.75,139295,65,2026-08-13
NIFTY,2026-08-18,26450.0,PE,0.0,0.0,0.0,2270.2,2032.17,0,0.0,0,0,2026-08-13
NIFTY,2026-08-25,22400.0,PE,3.6,3.8,2.8,2.95,2.95,1699,2474086901.0,171015,49920,2026-08-13
NIFTY,2026-08-25,23450.0,PE,9.95,12.2,7.1,7.45,7.45,4642,7078365472.75,191620,49660,2026-08-13
NIFTY,2026-08-25,23500.0,PE,11.7,13.95,8.15,8.55,8.55,55889,85408226718.75,3490305,-85995,2026-08-13
NIFTY,2026-08-25,24000.0,PE,49.75,62.15,36.7,39.55,39.55,119531,186829405168.25,9007505,271960,2026-08-13
NIFTY,2026-08-25,24200.0,PE,94.5,113.65,70.85,77.9,77.9,63223,99819542699.5,3002025,71565,2026-08-13
NIFTY,2026-08-25,24900.0,PE,494.95,535.0,434.5,464.05,464.05,475,783413374.25,184795,3120,2026-08-13
NIFTY,2026-08-25,26100.0,PE,1670.0,1670.0,1660.0,1660.0,1655.95,2,3609450.0,26910,130,2026-08-13
NIFTY,2026-08-25,26550.0,PE,0.0,0.0,0.0,2413.1,2101.89,0,0.0,0,0,2026-08-13
NIFTY,2026-08-25,26600.0,PE,0.0,0.0,0.0,2455.55,2151.66,0,0.0,0,0,2026-08-13
NIFTY,2026-09-01,22500.0,PE,7.15,7.9,5.6,5.9,5.9,749,1095705487.5,93860,23595,2026-08-13
NIFTY,2026-09-01,22850.0,PE,8.1,8.5,7.25,7.4,7.4,56,83201927.25,3770,1820,2026-08-13
NIFTY,2026-09-01,23700.0,PE,39.2,43.1,29.25,30.9,30.9,4220,6510353814.25,109330,44005,2026-08-13
NIFTY,2026-09-01,23750.0,PE,0.0,0.0,0.0,53.85,109.95,0,0.0,260,0,2026-08-13
NIFTY,2026-09-01,24100.0,PE,105.0,117.95,83.8,87.9,87.9,2799,4402395614.5,92300,33150,2026-08-13
NIFTY,2026-09-01,24800.0,PE,434.65,460.75,380.0,396.3,396.3,61,99948595.5,8190,325,2026-08-13
NIFTY,2026-09-01,24900.0,PE,525.0,535.15,459.8,473.9,473.9,34,56111812.25,3185,-260,2026-08-13
NIFTY,2026-09-01,25150.0,PE,0.0,0.0,0.0,1040.9,802.84,0,0.0,0,0,2026-08-13
NIFTY,2026-09-01,25600.0,PE,0.0,0.0,0.0,1385.45,1176.92,0,0.0,0,0,2026-08-13
NIFTY,2026-09-01,26800.0,PE,0.0,0.0,0.0,2454.6,2322.15,0,0.0,0,0,2026-08-13
NIFTY,2026-09-08,24150.0,PE,0.0,0.0,0.0,258.15,273.74,0,0.0,0,0,2026-08-13
NIFTY,2026-09-08,24650.0,PE,0.0,0.0,0.0,305.0,508.3,0,0.0,0,0,2026-08-13
NIFTY,2026-09-08,25250.0,PE,0.0,0.0,0.0,795.8,907.08,0,0.0,0,0,2026-08-13
NIFTY,2026-09-08,25300.0,PE,0.0,0.0,0.0,828.8,944.25,0,0.0,0,0,2026-08-13
NIFTY,2026-09-08,25900.0,PE,0.0,0.0,0.0,1274.25,1447.5,0,0.0,0,0,2026-08-13
NIFTY,2026-09-08,26300.0,PE,0.0,0.0,0.0,1612.35,1816.29,0,0.0,0,0,2026-08-13
NIFTY,2026-09-15,22900.0,PE,0.0,0.0,0.0,44.15,43.76,0,0.0,0,0,2026-08-13
NIFTY,2026-09-15,23650.0,PE,0.0,0.0,0.0,154.25,157.78,0,0.0,0,0,2026-08-13
NIFTY,2026-09-15,24350.0,PE,262.9,262.9,205.85,210.95,210.95,83,132596067.5,2145,2145,2026-08-13
NIFTY,2026-09-15,24900.0,PE,0.0,0.0,0.0,659.05,686.02,0,0.0,0,0,2026-08-13
NIFTY,2026-09-15,25100.0,PE,0.0,0.0,0.0,784.05,816.14,0,0.0,0,0,2026-08-13
NIFTY,2026-09-15,25150.0,PE,0.0,0.0,0.0,817.1,850.48,0,0.0,0,0,2026-08-13
NIFTY,2026-09-29,21600.0,PE,12.05,13.15,11.15,11.9,11.9,495,695378697.0,37245,1820,2026-08-13
NIFTY,2026-09-29,21800.0,PE,13.2,14.0,13.2,13.75,13.75,166,235368513.25,31720,1560,2026-08-13
NIFTY,2026-09-29,22300.0,PE,19.2,20.25,16.65,19.75,19.75,1498,2173160424.5,109785,-13585,2026-08-13
NIFTY,2026-09-29,22850.0,PE,33.45,35.75,30.0,33.2,33.2,120,178484455.5,13195,-1495,2026-08-13
NIFTY,2026-09-29,23250.0,PE,59.0,61.75,51.95,54.15,54.15,128,193916658.0,20930,3445,2026-08-13
NIFTY,2026-09-29,23350.0,PE,68.8,70.05,58.35,61.8,61.8,282,429158288.0,19825,-130,2026-08-13
NIFTY,2026-09-29,23900.0,PE,157.65,159.7,130.9,135.35,135.35,2266,3541272429.5,268255,-11505,2026-08-13
NIFTY,2026-09-29,25000.0,PE,581.15,635.0,553.0,573.6,573.6,3966,6598123675.0,1225685,26520,2026-08-13
NIFTY,2026-09-29,25600.0,PE,0.0,0.0,0.0,1000.0,1211.54,0,0.0,390,0,2026-08-13
NIFTY,2026-09-29,26750.0,PE,0.0,0.0,0.0,2604.3,2183.25,0,0.0,0,0,2026-08-13
NIFTY,2026-09-29,26850.0,PE,0.0,0.0,0.0,2691.9,2275.4,0,0.0,0,0,2026-08-13
NIFTY,2026-09-29,26900.0,PE,0.0,0.0,0.0,2127.9,2321.79,0,0.0,65,0,2026-08-13
NIFTY,2026-09-29,28500.0,PE,3813.0,3881.1,3813.0,3821.7,3821.7,17,35755837.0,418795,-520,2026-08-13
NIFTY,2026-10-27,23050.0,PE,0.0,0.0,0.0,301.35,165.54,0,0.0,0,0,2026-08-13
NIFTY,2026-10-27,23300.0,PE,103.9,106.0,90.9,92.7,92.7,400,608286744.0,51220,6240,2026-08-13
NIFTY,2026-10-27,23350.0,PE,0.0,0.0,0.0,387.65,227.14,0,0.0,0,0,2026-08-13
NIFTY,2026-10-27,23950.0,PE,0.0,0.0,0.0,612.05,398.16,0,0.0,0,0,2026-08-13
NIFTY,2026-10-27,24000.0,PE,219.0,236.0,203.0,209.5,209.5,1714,2697811161.5,335660,13130,2026-08-13
NIFTY,2026-10-27,24550.0,PE,405.55,405.55,379.0,379.0,642.15,4,6485118.25,2470,130,2026-08-13
NIFTY,2026-10-27,24750.0,PE,460.0,470.0,460.0,470.0,740.38,10,16389750.0,1105,650,2026-08-13
NIFTY,2026-10-27,25450.0,PE,0.0,0.0,0.0,848.5,1150.03,0,0.0,130,0,2026-08-13
NIFTY,2026-10-27,25650.0,PE,0.0,0.0,0.0,944.65,1284.68,0,0.0,130,0,2026-08-13
NIFTY,2026-10-27,26500.0,PE,1700.0,1740.5,1700.0,1740.5,1931.1,2,3668632.5,1430,65,2026-08-13
NIFTY,2026-10-27,26750.0,PE,0.0,0.0,0.0,2501.2,2140.05,0,0.0,0,0,2026-08-13
NIFTY,2026-12-29,14000.0,PE,0.0,0.0,0.0,9.0,0.0,0,0.0,8310,0,2026-08-13
NIFTY,2026-12-29,16500.0,PE,0.0,0.0,0.0,15.05,0.01,0,0.0,4160,0,2026-08-13
NIFTY,2030-12-31,19500.0,PE,0.0,0.0,0.0,67.4,199.54,0,0.0,0,0,2026-08-13
NIFTY,2030-12-31,16500.0,PE,0.0,0.0,0.0,13.65,56.11,0,0.0,0,0,2026-08-13
NIFTY,2029-12-24,30000.0,PE,0.0,0.0,0.0,1953.5,2750.76,0,0.0,0,0,2026-08-13
NIFTY,2029-12-24,21000.0,PE,0.0,0.0,0.0,350.05,327.23,0,0.0,715,0,2026-08-13
NIFTY,2029-12-24,16500.0,PE,0.0,0.0,0.0,10.15,43.79,0,0.0,0,0,2026-08-13
NIFTY,2027-12-28,24000.0,PE,630.5,655.0,622.55,645.35,645.35,138,221036614.5,132715,3770,2026-08-13
NIFTY,2026-09-15,25300.0,PE,0.0,0.0,0.0,920.35,957.6,0,0.0,0,0,2026-08-13
NIFTY,2026-09-15,24400.0,PE,270.0,270.0,223.7,229.2,229.2,76,121715174.75,4745,2665,2026-08-13
NIFTY,2026-09-15,23300.0,PE,0.0,0.0,0.0,89.65,90.56,0,0.0,0,0,2026-08-13
NIFTY,2026-09-08,25750.0,PE,0.0,0.0,0.0,1155.15,1314.95,0,0.0,0,0,2026-08-13
NIFTY,2026-09-08,25600.0,PE,0.0,0.0,0.0,1041.75,1186.45,0,0.0,0,0,2026-08-13
NIFTY,2026-09-08,24350.0,PE,230.0,240.5,187.5,194.1,194.1,169,269866834.25,8060,2925,2026-08-13
NIFTY,2026-09-08,24250.0,PE,160.0,162.0,153.15,156.95,156.95,16,25383676.5,3835,260,2026-08-13
NIFTY,2026-08-18,22050.0,CE,0.0,0.0,0.0,2148.45,2364.18,0,0.0,0,0,2026-08-13
NIFTY,2026-08-18,22100.0,CE,0.0,0.0,0.0,2100.9,2314.22,0,0.0,0,0,2026-08-13
NIFTY,2026-08-18,22500.0,CE,1940.0,1941.45,1940.0,1941.3,1914.55,8,12709359.0,6630,130,2026-08-13
NIFTY,2026-08-18,23500.0,CE,924.5,974.8,858.25,938.6,938.6,862,1367917986.5,97305,-11310,2026-08-13
NIFTY,2026-08-18,23600.0,CE,792.0,868.4,767.2,841.95,841.95,155,246078059.5,18590,-715,2026-08-13
NIFTY,2026-08-18,23700.0,CE,711.8,774.4,664.8,741.6,741.6,276,438263387.25,28340,-910,2026-08-13
NIFTY,2026-08-18,23800.0,CE,610.0,680.5,565.0,641.05,641.05,2018,3202028755.25,60515,-3835,2026-08-13
NIFTY,2026-08-18,24050.0,CE,370.15,437.45,331.15,399.2,399.2,8352,13261578895.5,74880,-1690,2026-08-13
NIFTY,2026-08-18,24150.0,CE,285.1,346.15,247.3,308.0,308.0,38836,61691461926.25,198640,31850,2026-08-13
NIFTY,2026-08-18,26100.0,CE,0.9,1.0,0.45,0.5,0.5,18737,31788086053.75,1080105,59410,2026-08-13
NIFTY,2026-08-18,27100.0,CE,0.5,0.75,0.35,0.35,0.35,1056,1860174641.0,51220,-585,2026-08-13
NIFTY,2026-08-25,21350.0,CE,0.0,0.0,0.0,2938.85,3088.41,0,0.0,0,0,2026-08-13
NIFTY,2026-08-25,21750.0,CE,0.0,0.0,0.0,2581.2,2689.22,0,0.0,0,0,2026-08-13
NIFTY,2026-08-25,22600.0,CE,0.0,0.0,0.0,1878.55,1841.88,0,0.0,1820,0,2026-08-13
NIFTY,2026-08-25,22900.0,CE,1530.55,1530.55,1530.55,1530.55,1545.19,1,1587985.75,5200,0,2026-08-13
NIFTY,2026-08-25,23150.0,CE,0.0,0.0,0.0,1359.0,1301.8,0,0.0,390,0,2026-08-13
NIFTY,2026-08-25,25350.0,CE,7.1,7.45,4.05,4.35,4.35,6747,11119595457.75,124995,30810,2026-08-13
NIFTY,2026-09-01,22600.0,CE,0.0,0.0,0.0,1805.15,1872.7,0,0.0,0,0,2026-08-13
NIFTY,2026-09-01,22850.0,CE,0.0,0.0,0.0,1586.45,1630.05,0,0.0,0,0,2026-08-13
NIFTY,2026-09-01,23200.0,CE,0.0,0.0,0.0,1298.35,1300.79,0,0.0,0,0,2026-08-13
NIFTY,2026-09-01,23650.0,CE,0.0,0.0,0.0,966.45,910.22,0,0.0,0,0,2026-08-13
NIFTY,2026-09-01,23800.0,CE,0.0,0.0,0.0,748.0,792.19,0,0.0,2145,0,2026-08-13
NIFTY,2026-09-01,25150.0,CE,0.0,0.0,0.0,253.7,128.03,0,0.0,0,0,2026-08-13
NIFTY,2026-09-01,26600.0,CE,1.95,2.4,1.95,2.0,4.56,11,19020586.0,2210,-195,2026-08-13
NIFTY,2026-09-08,22850.0,CE,0.0,0.0,0.0,1930.45,1669.71,0,0.0,0,0,2026-08-13
NIFTY,2026-09-08,23300.0,CE,0.0,0.0,0.0,1524.85,1263.02,0,0.0,0,0,2026-08-13
NIFTY,2026-09-08,23550.0,CE,0.0,0.0,0.0,1313.5,1053.94,0,0.0,0,0,2026-08-13
NIFTY,2026-09-08,23750.0,CE,0.0,0.0,0.0,1153.7,898.19,0,0.0,0,0,2026-08-13
NIFTY,2026-09-08,24150.0,CE,0.0,0.0,0.0,863.4,623.79,0,0.0,0,0,2026-08-13
NIFTY,2026-09-08,24300.0,CE,400.15,430.2,362.05,402.75,402.75,429,688636188.5,19760,9165,2026-08-13
NIFTY,2026-09-15,22750.0,CE,0.0,0.0,0.0,1886.5,1812.78,0,0.0,0,0,2026-08-13
NIFTY,2026-09-15,22850.0,CE,0.0,0.0,0.0,1794.25,1720.63,0,0.0,0,0,2026-08-13
NIFTY,2026-09-15,23300.0,CE,0.0,0.0,0.0,1396.35,1324.19,0,0.0,0,0,2026-08-13
NIFTY,2026-09-15,24150.0,CE,0.0,0.0,0.0,761.4,698.78,0,0.0,0,0,2026-08-13
NIFTY,2026-09-15,24800.0,CE,0.0,0.0,0.0,416.45,367.98,0,0.0,0,0,2026-08-13
NIFTY,2026-09-15,25450.0,CE,0.0,0.0,0.0,199.7,167.08,0,0.0,0,0,2026-08-13
NIFTY,2026-09-15,25500.0,CE,0.0,0.0,0.0,187.75,156.23,0,0.0,0,0,2026-08-13
NIFTY,2026-09-29,22600.0,CE,0.0,0.0,0.0,1734.3,2033.47,0,0.0,195,0,2026-08-13
NIFTY,2026-09-29,23850.0,CE,0.0,0.0,0.0,832.05,1017.63,0,0.0,1950,0,2026-08-13
NIFTY,2026-09-29,24950.0,CE,207.5,224.9,191.2,209.05,209.05,178,291055771.5,29315,6240,2026-08-13
NIFTY,2026-09-29,25400.0,CE,87.6,95.5,78.55,85.6,85.6,2752,4558842756.0,226525,14820,2026-08-13
NIFTY,2026-09-29,26500.0,CE,10.1,11.4,8.6,9.1,9.1,5163,8896517409.0,215150,45435,2026-08-13
NIFTY,2026-09-29,26650.0,CE,0.0,0.0,0.0,142.1,62.0,0,0.0,0,0,2026-08-13
NIFTY,2026-09-29,28500.0,CE,2.85,3.4,1.45,2.2,2.2,7921,14674730856.5,552695,36075,2026-08-13
NIFTY,2026-09-29,31500.0,CE,0.0,0.0,0.0,2.15,0.01,0,0.0,16575,0,2026-08-13
NIFTY,2026-10-27,23550.0,CE,0.0,0.0,0.0,1244.0,1438.64,0,0.0,0,0,2026-08-13
NIFTY,2026-10-27,24150.0,CE,0.0,0.0,0.0,980.0,1040.27,0,0.0,195,0,2026-08-13
NIFTY,2026-10-27,24300.0,CE,693.85,745.75,691.0,721.7,721.7,72,117071392.75,5200,1690,2026-08-13
NIFTY,2026-10-27,24700.0,CE,487.05,508.0,455.4,484.85,484.85,755,1235544514.75,43030,-3315,2026-08-13
NIFTY,2026-10-27,26400.0,CE,0.0,0.0,0.0,186.25,198.96,0,0.0,0,0,2026-08-13
NIFTY,2026-10-27,26900.0,CE,18.75,24.0,16.5,16.55,16.55,9,15747082.0,910,-260,2026-08-13
NIFTY,2026-12-29,33000.0,CE,6.0,6.55,5.55,5.6,5.6,29,62215929.75,96655,65,2026-08-13
NIFTY,2027-03-30,25500.0,CE,837.45,866.0,814.2,842.85,842.85,622,1064841072.75,462215,8385,2026-08-13
NIFTY,2027-06-29,22500.0,CE,0.0,0.0,0.0,5539.6,3510.54,0,0.0,0,0,2026-08-13
NIFTY,2027-12-28,19500.0,CE,0.0,0.0,0.0,8684.7,6667.4,0,0.0,0,0,2026-08-13
NIFTY,2027-12-28,27000.0,CE,1253.8,1286.25,1251.0,1273.8,1273.8,21,38584087.75,39415,-455,2026-08-13
NIFTY,2028-06-27,33000.0,CE,0.0,0.0,0.0,2004.15,733.72,0,0.0,0,0,2026-08-13
NIFTY,2029-06-26,16500.0,CE,0.0,0.0,0.0,12587.95,10764.35,0,0.0,0,0,2026-08-13
NIFTY,2030-06-25,27000.0,CE,0.0,0.0,0.0,6972.5,4962.13,0,0.0,0,0,2026-08-13
NIFTY,2031-06-24,19500.0,CE,0.0,0.0,0.0,9840.6,10425.82,0,0.0,0,0,2026-08-13
NIFTY,2031-06-24,25500.0,CE,0.0,0.0,0.0,6409.8,6865.02,0,0.0,0,0,2026-08-13
NIFTY,2026-08-18,22600.0,PE,1.25,2.25,0.6,0.8,0.8,29611,43500688702.25,231010,-104065,2026-08-13
NIFTY,2026-08-18,23150.0,PE,2.05,2.2,1.05,1.2,1.2,35592,53560892196.5,209040,101790,2026-08-13
NIFTY,2026-08-18,24100.0,PE,23.85,32.4,11.75,13.3,13.3,720082,1128936644186.0,4671875,1369225,2026-08-13
NIFTY,2026-08-18,24400.0,PE,94.0,135.75,71.25,82.4,82.4,2485445,3957867473257.75,6490900,1641380,2026-08-13
NIFTY,2026-08-18,24450.0,PE,124.5,164.5,92.2,105.25,105.25,906800,1448439110868.75,2721030,1270555,2026-08-13
NIFTY,2026-08-18,24700.0,PE,295.05,355.45,253.05,278.75,278.75,60821,98823057060.0,767585,-66300,2026-08-13
NIFTY,2026-08-18,24750.0,PE,364.9,401.25,293.15,322.8,322.8,10433,17015081892.25,119015,-6500,2026-08-13
NIFTY,2026-08-18,25100.0,PE,713.05,741.0,628.9,663.65,663.65,452,757078078.25,80730,-1950,2026-08-13
NIFTY,2026-08-18,25150.0,PE,782.8,788.9,682.7,713.4,713.4,30,50460754.5,19110,195,2026-08-13
NIFTY,2026-08-18,26250.0,PE,0.0,0.0,0.0,2081.3,1832.34,0,0.0,0,0,2026-08-13
NIFTY,2026-08-18,26650.0,PE,0.0,0.0,0.0,2461.7,2232.0,0,0.0,0,0,2026-08-13
NIFTY,2026-08-25,21850.0,PE,4.0,4.0,2.35,2.8,0.01,58,82385608.5,4875,0,2026-08-13
NIFTY,2026-08-25,22250.0,PE,4.05,4.05,2.5,2.75,2.75,39,56411335.5,10140,65,2026-08-13
NIFTY,2026-08-25,23050.0,PE,6.3,6.5,4.15,4.35,4.35,1948,2919292987.0,84500,-5005,2026-08-13
NIFTY,2026-08-25,23150.0,PE,7.5,7.5,4.5,4.7,4.7,2166,3260131491.5,72670,5850,2026-08-13
NIFTY,2026-08-25,24400.0,PE,155.9,194.4,130.65,143.65,143.65,93826,149775470084.5,2666365,719550,2026-08-13
NIFTY,2026-08-25,24600.0,PE,291.3,308.0,225.6,244.6,244.6,22781,36817887255.5,1581905,-133510,2026-08-13
NIFTY,2026-08-25,27000.0,PE,2580.0,2599.9,2504.05,2541.0,2550.41,22,42251865.5,41665,585,2026-08-13
NIFTY,2026-08-25,27150.0,PE,0.0,0.0,0.0,2936.7,2700.07,0,0.0,0,0,2026-08-13
NIFTY,2026-09-01,22450.0,PE,6.55,6.55,5.65,5.75,3.35,34,49627597.5,3965,1040,2026-08-13
NIFTY,2026-09-01,23550.0,PE,0.0,0.0,0.0,234.3,72.56,0,0.0,0,0,2026-08-13
NIFTY,2026-09-01,24250.0,PE,161.15,165.15,119.85,128.4,128.4,621,984384745.5,28015,15210,2026-08-13
NIFTY,2026-09-01,25700.0,PE,0.0,0.0,0.0,1540.65,1266.32,0,0.0,130,0,2026-08-13
NIFTY,2026-09-01,25850.0,PE,0.0,0.0,0.0,1593.2,1403.57,0,0.0,0,0,2026-08-13
NIFTY,2026-09-01,26450.0,PE,0.0,0.0,0.0,2127.0,1977.62,0,0.0,0,0,2026-08-13
NIFTY,2026-09-01,26500.0,PE,0.0,0.0,0.0,2173.2,2026.58,0,0.0,0,0,2026-08-13
NIFTY,2026-09-01,27200.0,PE,0.0,0.0,0.0,2838.15,2719.07,0,0.0,0,0,2026-08-13
NIFTY,2026-09-08,22750.0,PE,0.0,0.0,0.0,26.8,19.9,0,0.0,0,0,2026-08-13
NIFTY,2026-09-08,23250.0,PE,0.0,0.0,0.0,68.4,60.33,0,0.0,0,0,2026-08-13
NIFTY,2026-09-08,23600.0,PE,0.0,0.0,0.0,120.65,116.3,0,0.0,0,0,2026-08-13
NIFTY,2026-09-08,24000.0,PE,115.0,123.0,89.9,94.5,94.5,737,1154557982.5,36920,13000,2026-08-13
NIFTY,2031-06-24,19500.0,PE,0.0,0.0,0.0,289.2,201.3,0,0.0,0,0,2026-08-13
NIFTY,2030-12-31,24000.0,PE,0.0,0.0,0.0,1000.0,751.33,0,0.0,520,0,2026-08-13
NIFTY,2030-06-25,28500.0,PE,0.0,0.0,0.0,1167.6,1994.28,0,0.0,0,0,2026-08-13
NIFTY,2029-12-24,33000.0,PE,0.0,0.0,0.0,2953.7,4203.6,0,0.0,0,0,2026-08-13
NIFTY,2029-12-24,24000.0,PE,0.0,0.0,0.0,1000.0,810.56,0,0.0,390,0,2026-08-13
NIFTY,2029-06-26,30000.0,PE,0.0,0.0,0.0,2031.05,2973.53,0,0.0,0,0,2026-08-13
NIFTY,2029-06-26,27000.0,PE,0.0,0.0,0.0,1252.35,1710.52,0,0.0,0,0,2026-08-13
NIFTY,2029-06-26,25500.0,PE,0.0,0.0,0.0,624.25,1222.09,0,0.0,0,0,2026-08-13
NIFTY,2028-12-26,26000.0,PE,0.0,0.0,0.0,1240.05,1441.37,0,0.0,6745,0,2026-08-13
NIFTY,2028-12-26,23000.0,PE,0.0,0.0,0.0,627.95,618.97,0,0.0,1610,0,2026-08-13
NIFTY,2028-06-27,33000.0,PE,0.0,0.0,0.0,3707.8,5520.54,0,0.0,0,0,2026-08-13
NIFTY,2027-12-28,26000.0,PE,1275.05,1290.0,1229.3,1245.5,1555.87,30,53146492.75,53240,-260,2026-08-13
NIFTY,2027-12-28,25000.0,PE,932.2,932.2,893.05,912.05,912.05,46,77489717.5,70875,1615,2026-08-13
NIFTY,2027-06-29,22500.0,PE,0.0,0.0,0.0,269.25,357.17,0,0.0,650,0,2026-08-13
NIFTY,2027-03-30,24000.0,PE,419.0,427.95,396.5,400.9,400.9,1064,1688260005.25,810095,-10790,2026-08-13
NIFTY,2026-12-29,30000.0,PE,4880.0,4889.65,4800.0,4810.0,4908.95,19,43038768.5,384660,-520,2026-08-13
NIFTY,2026-12-29,23000.0,PE,154.1,157.55,140.8,143.5,143.5,3325,5002753665.0,2470145,10805,2026-08-13
NIFTY,2026-10-27,27200.0,PE,0.0,0.0,0.0,2898.55,2532.61,0,0.0,0,0,2026-08-13
NIFTY,2026-10-27,27150.0,PE,0.0,0.0,0.0,2853.65,2488.08,0,0.0,0,0,2026-08-13
NIFTY,2026-10-27,26850.0,PE,0.0,0.0,0.0,2588.1,2225.59,0,0.0,0,0,2026-08-13
NIFTY,2026-10-27,26550.0,PE,0.0,0.0,0.0,2330.1,1972.3,0,0.0,0,0,2026-08-13
NIFTY,2026-10-27,24950.0,PE,0.0,0.0,0.0,567.6,847.19,0,0.0,3770,0,2026-08-13
NIFTY,2026-10-27,24700.0,PE,476.0,478.8,430.0,440.75,440.75,87,142240319.0,15795,-780,2026-08-13
NIFTY,2026-10-27,24650.0,PE,0.0,0.0,0.0,429.55,690.25,0,0.0,2470,0,2026-08-13
NIFTY,2026-10-27,24200.0,PE,287.0,292.0,253.9,259.55,259.55,133,211573492.0,28665,260,2026-08-13
NIFTY,2026-10-27,23650.0,PE,0.0,0.0,0.0,491.35,303.93,0,0.0,0,0,2026-08-13
NIFTY,2026-10-27,23600.0,PE,143.8,145.8,127.9,128.8,128.8,155,239165153.5,30615,-4745,2026-08-13
NIFTY,2026-10-27,23400.0,PE,0.0,0.0,0.0,403.8,238.86,0,0.0,0,0,2026-08-13
NIFTY,2026-09-29,25950.0,PE,0.0,0.0,0.0,1299.0,1485.5,0,0.0,65,0,2026-08-13
NIFTY,2026-09-29,25450.0,PE,0.0,0.0,0.0,988.25,1099.97,0,0.0,715,0,2026-08-13
NIFTY,2026-09-29,25400.0,PE,868.0,868.0,868.0,868.0,1064.25,1,1707420.0,6825,0,2026-08-13
NIFTY,2026-09-29,25200.0,PE,747.4,767.5,692.0,706.3,706.3,33,55599280.75,28795,-130,2026-08-13
NIFTY,2026-09-29,24650.0,PE,411.75,422.0,371.25,371.65,601.12,49,79787015.75,13065,130,2026-08-13
NIFTY,2026-09-29,24500.0,PE,320.0,358.35,301.0,313.15,313.15,8159,13164608044.25,2098135,-9100,2026-08-13
NIFTY,2026-09-29,24300.0,PE,251.1,277.25,230.5,239.0,239.0,2730,4356600920.75,295100,19500,2026-08-13
NIFTY,2026-09-29,24200.0,PE,228.9,243.3,201.05,208.55,208.55,2239,3553573572.25,526500,21190,2026-08-13
NIFTY,2026-09-29,21750.0,PE,0.0,0.0,0.0,14.95,9.37,0,0.0,4355,0,2026-08-13
NIFTY,2026-09-29,19500.0,PE,8.0,8.95,7.35,7.7,7.7,1636,2074445951.5,889070,-10400,2026-08-13
NIFTY,2026-08-25,24400.0,CE,207.0,241.25,178.25,211.9,211.9,105643,168979751960.5,2435615,562965,2026-08-13
NIFTY,2026-08-25,24050.0,CE,445.9,493.45,411.0,465.8,465.8,399,635615084.0,29120,-2145,2026-08-13
NIFTY,2026-08-18,22750.0,CE,0.0,0.0,0.0,1507.45,1664.77,0,0.0,0,0,2026-08-13
NIFTY,2026-08-18,22950.0,CE,0.0,0.0,0.0,1337.6,1465.01,0,0.0,0,0,2026-08-13
NIFTY,2026-08-18,24500.0,CE,93.0,97.35,52.2,73.35,73.35,1726155,2756978868572.5,10467210,1527500,2026-08-13
NIFTY,2026-08-18,24800.0,CE,14.15,19.75,7.7,9.05,9.05,905114,1459643415876.75,10773165,5213195,2026-08-13
NIFTY,2026-08-18,25600.0,CE,1.0,1.05,0.7,0.75,0.75,155443,258665936971.0,3846830,-71110,2026-08-13
NIFTY,2026-08-18,27050.0,CE,0.55,0.6,0.35,0.4,0.4,840,1476953578.75,24895,2665,2026-08-13
NIFTY,2026-08-25,21200.0,CE,0.0,0.0,0.0,3470.0,3238.12,0,0.0,10075,0,2026-08-13
NIFTY,2026-08-25,21800.0,CE,0.0,0.0,0.0,2490.0,2639.32,0,0.0,130,0,2026-08-13
NIFTY,2026-08-25,23050.0,CE,0.0,0.0,0.0,1435.0,1398.53,0,0.0,455,0,2026-08-13
NIFTY,2026-08-25,23650.0,CE,774.7,845.65,774.7,825.2,825.2,20,31807603.75,7475,-65,2026-08-13
NIFTY,2026-08-25,23850.0,CE,569.6,674.0,569.6,638.3,638.3,130,206843247.0,15470,-2535,2026-08-13
NIFTY,2031-06-24,21000.0,PE,0.0,0.0,0.0,450.5,326.35,0,0.0,0,0,2026-08-13
NIFTY,2030-06-25,31500.0,PE,0.0,0.0,0.0,2056.3,3173.32,0,0.0,0,0,2026-08-13
NIFTY,2028-12-26,20000.0,PE,280.0,280.0,280.0,280.0,193.56,3,3954600.0,3615,195,2026-08-13
NIFTY,2028-06-27,16500.0,PE,0.0,0.0,0.0,3.8,16.9,0,0.0,0,0,2026-08-13
NIFTY,2027-12-28,23000.0,PE,465.0,475.0,452.0,459.5,459.5,30,45748641.25,49050,-195,2026-08-13
NIFTY,2027-06-29,30000.0,PE,0.0,0.0,0.0,3930.0,4289.56,0,0.0,325,0,2026-08-13
NIFTY,2027-06-29,28500.0,PE,0.0,0.0,0.0,1807.05,3144.41,0,0.0,0,0,2026-08-13
NIFTY,2027-03-30,15000.0,PE,0.0,0.0,0.0,15.05,0.02,0,0.0,585,0,2026-08-13
NIFTY,2026-12-29,29000.0,PE,3927.95,3927.95,3841.5,3851.65,3980.03,26,55590736.5,222185,-325,2026-08-13
NIFTY,2026-12-29,27000.0,PE,2002.55,2051.3,1950.45,1985.9,1985.9,168,316736342.0,892265,-2885,2026-08-13
NIFTY,2026-12-29,22500.0,PE,104.6,108.75,98.1,100.65,100.65,1163,1708646615.0,626210,11960,2026-08-13
NIFTY,2026-12-29,17000.0,PE,16.75,16.75,16.0,16.65,16.65,50,55302503.75,194685,-845,2026-08-13
NIFTY,2026-10-27,27100.0,PE,0.0,0.0,0.0,2808.9,2443.76,0,0.0,0,0,2026-08-13
NIFTY,2026-10-27,27050.0,PE,0.0,0.0,0.0,2764.35,2399.66,0,0.0,0,0,2026-08-13
NIFTY,2026-10-27,26800.0,PE,0.0,0.0,0.0,2544.55,2182.69,0,0.0,0,0,2026-08-13
NIFTY,2026-10-27,26650.0,PE,0.0,0.0,0.0,2415.2,2055.6,0,0.0,0,0,2026-08-13
NIFTY,2026-10-27,26450.0,PE,0.0,0.0,0.0,2246.05,1890.21,0,0.0,0,0,2026-08-13
NIFTY,2026-10-27,25850.0,PE,0.0,0.0,0.0,1093.8,1426.47,0,0.0,65,0,2026-08-13
NIFTY,2026-10-27,25550.0,PE,0.0,0.0,0.0,901.9,1216.44,0,0.0,130,0,2026-08-13
NIFTY,2026-10-27,24500.0,PE,379.0,401.5,347.75,360.3,360.3,1332,2153401562.0,263510,11700,2026-08-13
NIFTY,2026-10-27,24400.0,PE,340.0,355.15,312.0,324.2,324.2,133,213796134.5,15730,2015,2026-08-13
NIFTY,2026-10-27,24350.0,PE,0.0,0.0,0.0,277.2,552.36,0,0.0,2730,0,2026-08-13
NIFTY,2026-10-27,23850.0,PE,0.0,0.0,0.0,569.9,364.76,0,0.0,0,0,2026-08-13
NIFTY,2026-10-27,23550.0,PE,0.0,0.0,0.0,454.95,277.48,0,0.0,0,0,2026-08-13
NIFTY,2026-10-27,22700.0,PE,52.0,53.0,43.0,49.7,49.7,88,130124068.75,18655,3380,2026-08-13
NIFTY,2026-10-27,22550.0,PE,0.0,0.0,0.0,46.6,92.18,0,0.0,715,0,2026-08-13
NIFTY,2026-09-29,27050.0,PE,0.0,0.0,0.0,2869.35,2462.04,0,0.0,0,0,2026-08-13
NIFTY,2026-09-29,26500.0,PE,1933.15,1933.7,1842.95,1864.5,1864.5,75,138363238.0,37635,4615,2026-08-13
NIFTY,2026-09-29,26200.0,PE,0.0,0.0,0.0,1750.0,1694.59,0,0.0,130,0,2026-08-13
NIFTY,2026-09-29,25850.0,PE,0.0,0.0,0.0,1859.75,1404.68,0,0.0,0,0,2026-08-13
NIFTY,2026-09-29,24800.0,PE,484.95,508.2,438.25,455.15,455.15,707,1161094210.25,222170,1755,2026-08-13
NIFTY,2026-09-29,24450.0,PE,329.3,333.0,282.5,293.45,293.45,194,312088214.75,21385,3055,2026-08-13
NIFTY,2026-09-29,23650.0,PE,105.4,111.15,90.85,93.35,93.35,142,219178836.5,21970,2470,2026-08-13
NIFTY,2026-09-29,23600.0,PE,99.5,103.9,84.05,87.25,87.25,2810,4327048869.0,276835,15990,2026-08-13
NIFTY,2026-09-29,23000.0,PE,41.4,43.05,35.75,38.75,38.75,13726,20554984385.0,3110010,168700,2026-08-13
NIFTY,2026-09-29,22900.0,PE,36.7,42.8,31.5,35.15,35.15,3659,5454560631.0,203255,128050,2026-08-13
NIFTY,2026-09-15,26150.0,PE,0.0,0.0,0.0,1603.05,1659.31,0,0.0,0,0,2026-08-13
NIFTY,2026-09-15,25500.0,PE,0.0,0.0,0.0,1068.3,1109.58,0,0.0,0,0,2026-08-13
NIFTY,2026-09-15,23000.0,PE,0.0,0.0,0.0,53.2,53.0,0,0.0,0,0,2026-08-13
NIFTY,2026-09-15,22850.0,PE,0.0,0.0,0.0,40.15,39.66,0,0.0,0,0,2026-08-13
NIFTY,2026-09-15,22750.0,PE,0.0,0.0,0.0,33.0,32.4,0,0.0,0,0,2026-08-13
NIFTY,2026-09-08,26250.0,PE,0.0,0.0,0.0,1568.65,1769.21,0,0.0,0,0,2026-08-13
NIFTY,2026-09-08,25950.0,PE,0.0,0.0,0.0,1315.0,1492.48,0,0.0,0,0,2026-08-13
NIFTY,2026-09-08,25450.0,PE,0.0,0.0,0.0,931.85,1062.67,0,0.0,0,0,2026-08-13
NIFTY,2026-09-08,24950.0,PE,0.0,0.0,0.0,612.8,692.37,0,0.0,0,0,2026-08-13
NIFTY,2026-09-01,25000.0,PE,590.7,620.3,530.0,546.8,546.8,261,433728753.25,27105,2405,2026-08-13
NIFTY,2026-09-01,23900.0,PE,61.15,72.05,49.45,52.05,52.05,1990,3098915358.5,73905,18070,2026-08-13
NIFTY,2026-09-01,22000.0,PE,5.45,5.8,4.05,4.35,4.35,659,942565247.0,68575,23920,2026-08-13
NIFTY,2026-08-25,25350.0,PE,0.0,0.0,0.0,705.15,944.28,0,0.0,1040,0,2026-08-13
NIFTY,2026-08-25,25200.0,PE,787.05,793.45,703.25,740.3,740.3,53,89362360.75,114075,-455,2026-08-13
NIFTY,2026-08-25,25000.0,PE,606.15,627.4,520.25,550.45,550.45,7029,11685187068.75,2095080,-1820,2026-08-13
NIFTY,2026-08-25,24350.0,PE,149.95,171.2,113.1,124.0,124.0,33230,52896195852.5,458705,18005,2026-08-13
NIFTY,2026-08-25,22650.0,PE,4.35,4.6,3.15,3.2,3.2,242,356344248.0,26520,1170,2026-08-13
NIFTY,2026-08-25,22200.0,PE,3.55,3.55,2.65,2.85,2.85,2433,3511299931.75,346255,45565,2026-08-13
NIFTY,2026-08-25,22100.0,PE,3.2,3.5,2.3,2.7,2.7,1093,1570294251.5,120640,46735,2026-08-13
NIFTY,2026-08-25,21350.0,PE,2.3,2.65,1.6,1.7,1.7,71,98539158.25,3250,-130,2026-08-13
NIFTY,2026-08-25,21200.0,PE,2.25,2.25,1.6,1.8,1.8,21856,30120193392.25,2161380,1007565,2026-08-13
NIFTY,2026-08-18,25950.0,PE,0.0,0.0,0.0,1804.45,1532.69,0,0.0,0,0,2026-08-13
NIFTY,2026-08-18,25450.0,PE,0.0,0.0,0.0,990.7,1035.75,0,0.0,455,0,2026-08-13
NIFTY,2026-08-18,25350.0,PE,905.95,908.25,905.95,908.25,908.25,2,3413423.0,5980,0,2026-08-13
NIFTY,2026-08-18,24800.0,PE,371.35,447.85,337.75,368.3,368.3,21145,34627929846.25,439920,-9035,2026-08-13
NIFTY,2026-08-18,24350.0,PE,81.0,110.35,54.4,63.4,63.4,2315828,3677514199895.25,4483700,2176525,2026-08-13
NIFTY,2026-08-18,23050.0,PE,1.75,2.0,0.95,1.15,1.15,31465,47145492322.5,187590,23855,2026-08-13
NIFTY,2026-08-18,22950.0,PE,1.55,1.95,0.9,1.1,1.1,25618,38217982936.25,138710,24115,2026-08-13
NIFTY,2026-08-18,22000.0,PE,0.85,1.1,0.5,0.55,0.55,49392,70632758540.5,3326180,-46345,2026-08-13
NIFTY,2031-06-24,30000.0,CE,0.0,0.0,0.0,4459.9,4792.2,0,0.0,0,0,2026-08-13
NIFTY,2031-06-24,18000.0,CE,0.0,0.0,0.0,10825.95,11429.82,0,0.0,0,0,2026-08-13
NIFTY,2030-12-31,25500.0,CE,0.0,0.0,0.0,7639.65,6325.93,0,0.0,0,0,2026-08-13
NIFTY,2030-12-31,19500.0,CE,0.0,0.0,0.0,11601.15,9971.26,0,0.0,0,0,2026-08-13
NIFTY,2029-12-24,21000.0,CE,0.0,0.0,0.0,9463.95,7885.06,0,0.0,0,0,2026-08-13
NIFTY,2029-06-26,25500.0,CE,0.0,0.0,0.0,5917.35,4495.72,0,0.0,0,0,2026-08-13
NIFTY,2028-06-27,27000.0,CE,0.0,0.0,0.0,1935.0,2442.21,0,0.0,0,0,2026-08-13
NIFTY,2027-12-28,21000.0,CE,0.0,0.0,0.0,4902.4,5424.43,0,0.0,0,0,2026-08-13
NIFTY,2027-06-29,19500.0,CE,0.0,0.0,0.0,8143.4,6030.32,0,0.0,0,0,2026-08-13
NIFTY,2027-06-29,16500.0,CE,0.0,0.0,0.0,10867.2,8819.67,0,0.0,0,0,2026-08-13
NIFTY,2027-03-30,30000.0,CE,42.65,46.65,42.65,45.85,45.85,212,414013918.5,84955,1885,2026-08-13
NIFTY,2027-03-30,21000.0,CE,0.0,0.0,0.0,3217.45,4335.96,0,0.0,0,0,2026-08-13
NIFTY,2026-12-29,25500.0,CE,426.55,459.7,425.05,443.8,443.8,1043,1758570121.75,722280,12545,2026-08-13
NIFTY,2026-12-29,19500.0,CE,0.0,0.0,0.0,7586.85,5378.69,0,0.0,0,0,2026-08-13
NIFTY,2026-10-27,26450.0,CE,0.0,0.0,0.0,178.65,190.2,0,0.0,0,0,2026-08-13
NIFTY,2026-10-27,24600.0,CE,548.95,561.1,512.0,540.0,540.0,108,176431807.5,21320,455,2026-08-13
NIFTY,2026-10-27,24100.0,CE,831.25,845.05,831.25,843.6,1070.59,4,6484624.25,195,-65,2026-08-13
NIFTY,2026-10-27,23650.0,CE,0.0,0.0,0.0,1181.9,1366.43,0,0.0,0,0,2026-08-13
NIFTY,2026-10-27,23250.0,CE,0.0,0.0,0.0,1441.3,1662.12,0,0.0,0,0,2026-08-13
NIFTY,2026-10-27,22650.0,CE,0.0,0.0,0.0,1882.95,2153.38,0,0.0,0,0,2026-08-13
NIFTY,2026-09-29,25950.0,CE,85.0,85.0,85.0,85.0,149.63,1,1692275.0,65,65,2026-08-13
NIFTY,2026-09-29,24300.0,CE,547.35,579.9,512.95,549.95,549.95,1678,2709368684.75,208650,25220,2026-08-13
NIFTY,2026-09-29,23100.0,CE,0.0,0.0,0.0,1507.1,1593.83,0,0.0,780,0,2026-08-13
NIFTY,2026-09-29,22850.0,CE,0.0,0.0,0.0,1453.0,1809.31,0,0.0,390,0,2026-08-13
NIFTY,2026-09-29,21950.0,CE,0.0,0.0,0.0,2369.2,2644.72,0,0.0,0,0,2026-08-13
NIFTY,2026-09-29,21600.0,CE,2900.0,2910.0,2900.0,2910.0,2984.28,13,20707700.0,2275,845,2026-08-13
NIFTY,2026-09-29,21000.0,CE,3544.0,3617.05,3531.95,3572.45,3572.45,53,84660371.25,475605,-1560,2026-08-13
NIFTY,2026-09-15,25600.0,CE,0.0,0.0,0.0,164.3,136.2,0,0.0,0,0,2026-08-13
NIFTY,2026-09-15,24500.0,CE,330.05,348.6,298.8,325.65,325.65,137,221056849.0,3575,455,2026-08-13
NIFTY,2026-09-15,23900.0,CE,0.0,0.0,0.0,928.4,861.87,0,0.0,0,0,2026-08-13
NIFTY,2026-09-15,23600.0,CE,0.0,0.0,0.0,1151.8,1081.8,0,0.0,0,0,2026-08-13
NIFTY,2026-09-15,23200.0,CE,0.0,0.0,0.0,1481.9,1409.28,0,0.0,0,0,2026-08-13
NIFTY,2026-09-08,26300.0,CE,4.45,4.9,3.95,4.1,25.62,66,112844553.25,6500,-650,2026-08-13
NIFTY,2026-09-08,25100.0,CE,63.0,75.0,59.9,67.45,67.45,352,575774205.5,17745,10010,2026-08-13
NIFTY,2026-09-08,24450.0,CE,298.0,334.1,277.95,314.05,314.05,64,103017554.25,3575,-130,2026-08-13
NIFTY,2026-09-08,24000.0,CE,595.0,643.0,570.0,618.4,618.4,76,121579029.0,4355,1495,2026-08-13
NIFTY,2026-09-01,26500.0,CE,2.45,2.55,1.85,1.9,1.9,119,204994903.75,19045,1235,2026-08-13
NIFTY,2026-09-01,25550.0,CE,12.25,12.25,7.4,8.4,8.4,1213,2015251907.5,116220,4420,2026-08-13
NIFTY,2026-09-01,25050.0,CE,57.0,57.0,41.15,47.0,47.0,253,412715615.0,7085,4030,2026-08-13
NIFTY,2026-09-01,24750.0,CE,133.05,135.05,104.65,120.35,120.35,396,640094513.5,22035,-2600,2026-08-13
NIFTY,2026-09-01,24500.0,CE,233.9,251.1,198.3,225.2,225.2,7200,11570861396.25,304200,119015,2026-08-13
NIFTY,2026-09-01,23750.0,CE,0.0,0.0,0.0,899.6,830.73,0,0.0,0,0,2026-08-13
NIFTY,2026-09-01,23150.0,CE,0.0,0.0,0.0,1338.05,1346.79,0,0.0,0,0,2026-08-13
NIFTY,2026-09-01,23000.0,CE,1500.0,1500.2,1500.0,1500.2,1487.04,4,6370013.0,650,-65,2026-08-13
NIFTY,2026-09-01,22700.0,CE,0.0,0.0,0.0,1716.55,1775.12,0,0.0,0,0,2026-08-13
NIFTY,2026-09-01,22400.0,CE,0.0,0.0,0.0,1986.25,2069.33,0,0.0,0,0,2026-08-13
NIFTY,2026-08-25,26750.0,CE,0.5,0.6,0.5,0.55,0.55,68,118237340.0,4615,0,2026-08-13
NIFTY,2026-08-25,26450.0,CE,0.7,0.7,0.6,0.7,1.01,68,116911850.25,6240,1495,2026-08-13
NIFTY,2026-08-25,26400.0,CE,0.8,0.8,0.6,0.65,0.65,1442,2474534296.0,265590,23010,2026-08-13
NIFTY,2026-08-25,25550.0,CE,4.05,4.05,2.05,2.25,2.25,4947,8216618309.25,74035,520,2026-08-13
NIFTY,2026-08-25,25300.0,CE,9.75,9.75,4.9,5.3,5.3,44187,72682672494.25,1602575,322855,2026-08-13
NIFTY,2026-08-25,24800.0,CE,55.15,65.75,42.6,52.45,52.45,69982,113049836181.75,3228745,328835,2026-08-13
NIFTY,2029-12-24,19500.0,CE,0.0,0.0,0.0,10678.8,8946.53,0,0.0,0,0,2026-08-13
NIFTY,2026-08-18,22600.0,CE,0.0,0.0,0.0,1639.4,1814.64,0,0.0,0,0,2026-08-13
NIFTY,2026-08-18,22650.0,CE,0.0,0.0,0.0,1595.05,1764.68,0,0.0,0,0,2026-08-13
NIFTY,2026-08-18,22900.0,CE,0.0,0.0,0.0,1379.35,1514.94,0,0.0,0,0,2026-08-13
NIFTY,2026-08-18,23150.0,CE,0.0,0.0,0.0,1432.75,1265.5,0,0.0,390,0,2026-08-13
NIFTY,2026-08-18,24200.0,CE,279.0,302.0,208.95,265.1,265.1,263196,418235748037.25,969215,133445,2026-08-13
NIFTY,2026-08-18,24250.0,CE,241.0,261.55,173.95,225.0,225.0,274917,437066821343.75,404560,57005,2026-08-13
NIFTY,2026-08-18,24700.0,CE,36.85,36.85,15.0,19.65,19.65,840453,1350472611751.25,7567170,1691365,2026-08-13
NIFTY,2026-08-18,25450.0,CE,1.2,1.5,0.95,1.05,1.05,85883,142078312922.0,1248845,-259090,2026-08-13
NIFTY,2026-08-18,26000.0,CE,1.0,1.0,0.5,0.55,0.55,190760,322392428842.25,6709885,249665,2026-08-13
NIFTY,2026-08-18,26900.0,CE,0.55,0.6,0.35,0.4,0.4,3847,6726604524.25,89375,-52910,2026-08-13
NIFTY,2026-08-18,27200.0,CE,0.45,0.5,0.35,0.4,0.4,7275,12862397733.25,257790,11895,2026-08-13
NIFTY,2026-08-25,21600.0,CE,0.0,0.0,0.0,2713.65,2838.92,0,0.0,0,0,2026-08-13
NIFTY,2026-08-25,22350.0,CE,0.0,0.0,0.0,1794.9,2090.68,0,0.0,130,0,2026-08-13
NIFTY,2026-08-25,26150.0,CE,0.95,1.0,0.75,0.85,0.85,676,1149068511.5,88075,-1950,2026-08-13
NIFTY,2026-08-25,26600.0,CE,0.7,0.7,0.55,0.65,0.65,513,886997179.25,53495,-390,2026-08-13
NIFTY,2026-08-25,27100.0,CE,0.8,0.8,0.6,0.6,0.6,45,79269391.5,14365,-780,2026-08-13
NIFTY,2026-09-01,22250.0,CE,0.0,0.0,0.0,2125.05,2217.67,0,0.0,0,0,2026-08-13
NIFTY,2026-09-01,22450.0,CE,0.0,0.0,0.0,1940.55,2020.02,0,0.0,0,0,2026-08-13
NIFTY,2026-09-01,22650.0,CE,0.0,0.0,0.0,1760.65,1823.84,0,0.0,0,0,2026-08-13
NIFTY,2026-09-01,22900.0,CE,0.0,0.0,0.0,1543.9,1582.12,0,0.0,0,0,2026-08-13
NIFTY,2026-09-01,23100.0,CE,0.0,0.0,0.0,1378.25,1393.19,0,0.0,0,0,2026-08-13
NIFTY,2026-09-01,23300.0,CE,0.0,0.0,0.0,1220.55,1210.11,0,0.0,0,0,2026-08-13
NIFTY,2026-09-01,23400.0,CE,0.0,0.0,0.0,1145.0,1121.41,0,0.0,0,0,2026-08-13
NIFTY,2026-09-01,23950.0,CE,570.0,609.2,570.0,598.4,681.69,4,6382138.75,390,0,2026-08-13
NIFTY,2026-09-01,24900.0,CE,81.25,89.3,66.0,77.3,77.3,3670,5958149190.5,142480,86840,2026-08-13
NIFTY,2026-09-01,24950.0,CE,70.0,75.9,55.8,64.8,64.8,371,603202427.75,12090,3900,2026-08-13
NIFTY,2026-09-01,25650.0,CE,8.9,8.9,6.4,6.95,6.95,196,326873274.0,6890,2535,2026-08-13
NIFTY,2026-09-01,26550.0,CE,2.4,2.4,2.05,2.05,5.25,7,12081280.25,780,-130,2026-08-13
NIFTY,2026-09-08,23700.0,CE,0.0,0.0,0.0,1192.8,936.07,0,0.0,0,0,2026-08-13
NIFTY,2026-09-08,24400.0,CE,323.05,365.5,303.4,341.05,341.05,266,427632637.25,21840,2080,2026-08-13
NIFTY,2026-09-08,24650.0,CE,0.0,0.0,0.0,340.0,360.51,0,0.0,65,0,2026-08-13
NIFTY,2026-09-08,25700.0,CE,0.0,0.0,0.0,82.35,78.36,0,0.0,65,0,2026-08-13
NIFTY,2026-09-15,22700.0,CE,0.0,0.0,0.0,1933.1,1859.3,0,0.0,0,0,2026-08-13
NIFTY,2026-09-15,22900.0,CE,0.0,0.0,0.0,1748.55,1675.02,0,0.0,0,0,2026-08-13
NIFTY,2026-09-15,23700.0,CE,0.0,0.0,0.0,1074.8,1005.83,0,0.0,0,0,2026-08-13
NIFTY,2026-09-15,24300.0,CE,422.9,483.9,422.1,451.5,451.5,99,159245430.5,1820,1430,2026-08-13
NIFTY,2026-09-15,25200.0,CE,0.0,0.0,0.0,268.55,230.38,0,0.0,0,0,2026-08-13
NIFTY,2026-09-29,21700.0,CE,0.0,0.0,0.0,2586.45,2886.79,0,0.0,0,0,2026-08-13
NIFTY,2026-09-29,22750.0,CE,0.0,0.0,0.0,1386.55,1898.03,0,0.0,260,0,2026-08-13
NIFTY,2026-09-29,23750.0,CE,948.95,962.0,948.95,962.0,1087.23,2,3211711.75,1300,65,2026-08-13
NIFTY,2026-09-29,24150.0,CE,658.2,658.2,658.2,658.2,823.96,1,1612533.0,6240,-65,2026-08-13
NIFTY,2026-09-29,24500.0,CE,425.05,452.05,393.0,424.6,424.6,8656,14021608617.25,1825720,22620,2026-08-13
NIFTY,2026-09-29,25800.0,CE,37.65,39.1,33.1,35.65,35.65,5099,8562935481.75,415545,66560,2026-08-13
NIFTY,2026-10-27,23100.0,CE,0.0,0.0,0.0,1547.05,1779.95,0,0.0,0,0,2026-08-13
NIFTY,2026-10-27,23350.0,CE,0.0,0.0,0.0,1373.7,1585.62,0,0.0,0,0,2026-08-13
NIFTY,2026-10-27,23400.0,CE,0.0,0.0,0.0,1589.0,1548.01,0,0.0,65,0,2026-08-13
NIFTY,2026-10-27,23700.0,CE,0.0,0.0,0.0,1151.6,1331.58,0,0.0,0,0,2026-08-13
NIFTY,2026-10-27,24800.0,CE,429.0,453.0,407.7,434.2,434.2,385,631263516.0,21775,-6630,2026-08-13
NIFTY,2026-10-27,24950.0,CE,0.0,0.0,0.0,415.0,627.1,0,0.0,2925,0,2026-08-13
NIFTY,2026-10-27,25000.0,CE,346.25,360.0,321.3,341.8,341.8,4723,7778647571.5,312715,-18200,2026-08-13
NIFTY,2026-10-27,25400.0,CE,195.0,201.85,183.05,194.85,194.85,290,482393453.75,22165,4810,2026-08-13
NIFTY,2026-10-27,26050.0,CE,0.0,0.0,0.0,247.25,270.89,0,0.0,0,0,2026-08-13
NIFTY,2026-10-27,26850.0,CE,0.0,0.0,0.0,126.7,130.93,0,0.0,0,0,2026-08-13
NIFTY,2026-10-27,27000.0,CE,17.35,17.35,13.55,13.95,13.95,1445,2537315621.75,115895,54665,2026-08-13
NIFTY,2026-10-27,27100.0,CE,0.0,0.0,0.0,101.3,102.45,0,0.0,0,0,2026-08-13
NIFTY,2026-12-29,28000.0,CE,39.95,42.85,37.8,41.3,41.3,6383,11633754018.25,1581665,7020,2026-08-13
NIFTY,2027-06-29,28500.0,CE,0.0,0.0,0.0,1711.9,633.12,0,0.0,0,0,2026-08-13
NIFTY,2027-12-28,25000.0,CE,2285.0,2341.4,2275.0,2318.35,2318.35,12,21300630.0,34200,455,2026-08-13
NIFTY,2027-12-28,26000.0,CE,1786.0,1786.0,1732.5,1755.5,2194.8,6,10822412.25,68745,260,2026-08-13
NIFTY,2027-12-28,30000.0,CE,395.0,395.0,380.0,388.0,388.0,60,118513440.5,118950,65,2026-08-13
NIFTY,2027-12-28,31500.0,CE,0.0,0.0,0.0,195.0,560.47,0,0.0,2145,0,2026-08-13
NIFTY,2028-06-27,16500.0,CE,0.0,0.0,0.0,11752.8,9821.42,0,0.0,0,0,2026-08-13
NIFTY,2029-06-26,19500.0,CE,0.0,0.0,0.0,10206.95,8416.19,0,0.0,0,0,2026-08-13
NIFTY,2031-06-24,31500.0,PE,0.0,0.0,0.0,3185.85,2717.83,0,0.0,0,0,2026-08-13
NIFTY,2030-12-31,25500.0,PE,0.0,0.0,0.0,538.25,1053.94,0,0.0,0,0,2026-08-13
NIFTY,2030-06-25,24000.0,PE,0.0,0.0,0.0,698.15,782.69,0,0.0,0,0,2026-08-13
NIFTY,2029-12-24,26000.0,PE,0.0,0.0,0.0,2150.0,1306.73,0,0.0,3665,0,2026-08-13
NIFTY,2029-12-24,23000.0,PE,0.0,0.0,0.0,725.0,615.94,0,0.0,1560,0,2026-08-13
NIFTY,2029-12-24,18000.0,PE,0.0,0.0,0.0,96.5,95.89,0,0.0,0,0,2026-08-13
NIFTY,2028-12-26,16500.0,PE,0.0,0.0,0.0,5.9,26.66,0,0.0,0,0,2026-08-13
NIFTY,2028-06-27,30000.0,PE,0.0,0.0,0.0,3779.25,3514.23,0,0.0,0,0,2026-08-13
NIFTY,2028-06-27,19500.0,PE,0.0,0.0,0.0,40.05,125.69,0,0.0,0,0,2026-08-13
NIFTY,2027-12-28,33000.0,PE,0.0,0.0,0.0,4155.55,6122.22,0,0.0,0,0,2026-08-13
NIFTY,2027-12-28,31500.0,PE,0.0,0.0,0.0,3240.0,4947.05,0,0.0,0,0,2026-08-13
NIFTY,2027-12-28,28500.0,PE,0.0,0.0,0.0,2979.7,2877.74,0,0.0,260,0,2026-08-13
NIFTY,2026-12-29,33000.0,PE,0.0,0.0,0.0,5263.45,7798.48,0,0.0,0,0,2026-08-13
NIFTY,2026-12-29,24000.0,PE,320.0,329.85,298.1,302.85,302.85,4218,6665168991.0,2232275,13240,2026-08-13
NIFTY,2026-12-29,16000.0,PE,16.25,16.25,15.45,15.7,15.7,35,36435646.0,122520,-65,2026-08-13
NIFTY,2026-12-29,15000.0,PE,11.6,13.5,11.6,13.3,13.3,50,48792321.5,117310,-910,2026-08-13
NIFTY,2026-10-27,26950.0,PE,0.0,0.0,0.0,2675.85,2312.14,0,0.0,0,0,2026-08-13
NIFTY,2026-10-27,25500.0,PE,949.95,967.0,885.75,911.15,911.15,251,431105015.25,157625,4160,2026-08-13
NIFTY,2026-10-27,25400.0,PE,871.85,871.85,822.0,822.0,1117.53,8,13639850.25,910,455,2026-08-13
NIFTY,2026-10-27,25150.0,PE,0.0,0.0,0.0,639.15,962.31,0,0.0,325,0,2026-08-13
NIFTY,2026-10-27,25100.0,PE,638.0,638.0,628.0,628.0,932.77,16,26761267.0,1170,-260,2026-08-13
NIFTY,2026-10-27,24900.0,PE,568.0,581.5,522.3,538.0,538.0,48,79416844.0,19760,520,2026-08-13
NIFTY,2026-10-27,24600.0,PE,435.85,439.85,390.0,405.0,405.0,123,199943870.75,38155,195,2026-08-13
NIFTY,2026-10-27,23000.0,PE,73.7,77.4,65.5,67.9,67.9,2140,3209055908.5,503295,34385,2026-08-13
NIFTY,2026-10-27,22750.0,PE,0.0,0.0,0.0,228.35,117.57,0,0.0,0,0,2026-08-13
NIFTY,2026-10-27,22600.0,PE,45.0,45.0,42.15,44.6,98.07,46,67705218.75,5590,2275,2026-08-13
NIFTY,2026-09-29,26450.0,PE,0.0,0.0,0.0,2346.8,1912.44,0,0.0,0,0,2026-08-13
NIFTY,2026-09-29,25900.0,PE,0.0,0.0,0.0,1077.7,1444.88,0,0.0,780,0,2026-08-13
NIFTY,2026-09-29,25250.0,PE,0.0,0.0,0.0,630.85,960.49,0,0.0,325,0,2026-08-13
NIFTY,2026-09-29,24900.0,PE,560.0,561.6,497.35,511.35,511.35,96,158684506.5,59150,130,2026-08-13
NIFTY,2026-09-29,24150.0,PE,199.7,221.7,187.7,192.6,192.6,97,153531124.5,18980,1690,2026-08-13
NIFTY,2026-09-29,24050.0,PE,193.75,193.75,165.05,167.0,167.0,118,185834665.25,22360,2210,2026-08-13
NIFTY,2026-09-29,23450.0,PE,78.65,83.3,69.0,71.0,71.0,299,457168786.75,29575,-9425,2026-08-13
NIFTY,2026-09-29,23200.0,PE,56.05,57.75,47.25,51.25,51.25,4860,7344983802.0,381745,99775,2026-08-13
NIFTY,2026-09-29,22750.0,PE,30.25,31.05,26.6,29.6,29.6,109,161387391.75,13585,-2925,2026-08-13
NIFTY,2026-09-29,22350.0,PE,20.0,21.0,18.9,20.3,20.3,55,79973231.0,6500,-2080,2026-08-13
NIFTY,2026-09-29,22100.0,PE,11.1,17.45,11.1,16.8,16.8,796,1144285262.25,102635,-11505,2026-08-13
NIFTY,2026-09-29,22050.0,PE,0.0,0.0,0.0,15.35,17.4,0,0.0,2015,0,2026-08-13
NIFTY,2026-09-29,21650.0,PE,12.55,13.3,11.2,11.95,11.95,135,190090342.0,2470,650,2026-08-13
NIFTY,2026-09-29,16500.0,PE,1.6,1.6,1.25,1.3,1.3,362,388277698.25,134550,-910,2026-08-13
NIFTY,2026-09-15,25550.0,PE,0.0,0.0,0.0,1105.5,1149.0,0,0.0,0,0,2026-08-13
NIFTY,2026-09-15,25400.0,PE,0.0,0.0,0.0,992.45,1032.48,0,0.0,0,0,2026-08-13
NIFTY,2026-09-15,25250.0,PE,0.0,0.0,0.0,885.25,921.22,0,0.0,0,0,2026-08-13
NIFTY,2026-09-15,24850.0,PE,0.0,0.0,0.0,629.7,655.36,0,0.0,0,0,2026-08-13
NIFTY,2026-09-15,24650.0,PE,0.0,0.0,0.0,353.15,540.56,0,0.0,130,0,2026-08-13
NIFTY,2026-09-15,23750.0,PE,0.0,0.0,0.0,177.95,183.41,0,0.0,0,0,2026-08-13
NIFTY,2026-09-08,25400.0,PE,0.0,0.0,0.0,896.85,1022.56,0,0.0,0,0,2026-08-13
NIFTY,2026-09-08,24900.0,PE,471.6,486.3,471.6,486.3,659.55,18,29687128.25,1105,1105,2026-08-13
NIFTY,2026-09-08,24750.0,PE,0.0,0.0,0.0,505.75,566.17,0,0.0,0,0,2026-08-13
NIFTY,2026-09-08,24550.0,PE,309.35,324.7,270.0,278.25,278.25,66,106573756.25,5720,3835,2026-08-13
NIFTY,2026-09-08,23800.0,PE,0.0,0.0,0.0,161.95,163.41,0,0.0,0,0,2026-08-13
NIFTY,2026-09-08,23400.0,PE,0.0,0.0,0.0,87.95,80.85,0,0.0,0,0,2026-08-13
NIFTY,2026-09-08,23350.0,PE,31.45,32.0,22.4,25.4,25.4,253,384431232.25,19565,1430,2026-08-13
NIFTY,2026-09-08,22850.0,PE,11.95,12.7,11.4,11.65,11.65,10,14860231.75,4875,260,2026-08-13
NIFTY,2026-09-01,27050.0,PE,0.0,0.0,0.0,2693.45,2570.0,0,0.0,0,0,2026-08-13
NIFTY,2026-09-01,26750.0,PE,0.0,0.0,0.0,2407.3,2272.72,0,0.0,0,0,2026-08-13
NIFTY,2026-09-01,26350.0,PE,0.0,0.0,0.0,2035.25,1880.06,0,0.0,0,0,2026-08-13
NIFTY,2026-09-01,25450.0,PE,0.0,0.0,0.0,1266.1,1046.6,0,0.0,0,0,2026-08-13
NIFTY,2026-09-01,24550.0,PE,287.0,304.95,237.95,248.35,248.35,217,350180808.25,8125,-6305,2026-08-13
NIFTY,2026-09-01,23850.0,PE,58.0,62.5,43.15,45.25,45.25,327,508013558.0,9880,2600,2026-08-13
NIFTY,2026-09-01,22650.0,PE,7.45,7.45,6.05,6.3,6.3,17,25035751.0,1560,130,2026-08-13
NIFTY,2026-09-01,22200.0,PE,5.45,6.0,4.6,5.05,5.05,78,112579785.5,5785,2730,2026-08-13
NIFTY,2026-08-25,27050.0,PE,0.0,0.0,0.0,2847.45,2600.29,0,0.0,0,0,2026-08-13
NIFTY,2026-08-25,26950.0,PE,0.0,0.0,0.0,2758.95,2500.54,0,0.0,0,0,2026-08-13
NIFTY,2026-08-25,26700.0,PE,0.0,0.0,0.0,2541.2,2251.27,0,0.0,0,0,2026-08-13
NIFTY,2026-08-25,26450.0,PE,0.0,0.0,0.0,2328.9,2002.42,0,0.0,0,0,2026-08-13
NIFTY,2026-08-25,26150.0,PE,0.0,0.0,0.0,2082.5,1705.21,0,0.0,0,0,2026-08-13
NIFTY,2026-08-25,25850.0,PE,0.0,0.0,0.0,1150.0,1411.71,0,0.0,585,0,2026-08-13
NIFTY,2026-08-25,25750.0,PE,0.0,0.0,0.0,1105.0,1315.39,0,0.0,195,0,2026-08-13
NIFTY,2026-08-25,25450.0,PE,990.0,995.0,972.05,972.05,1034.3,4,6872394.75,1560,-65,2026-08-13
NIFTY,2026-08-25,24850.0,PE,478.05,487.05,400.0,426.65,426.65,63,103597594.75,54535,-455,2026-08-13
NIFTY,2026-08-25,24800.0,PE,408.1,454.0,356.25,382.15,382.15,3954,6476754303.5,567970,33345,2026-08-13
NIFTY,2026-08-25,24700.0,PE,323.35,376.6,287.3,309.15,309.15,6496,10567194992.25,1042275,7800,2026-08-13
NIFTY,2026-08-25,24250.0,PE,111.1,130.85,83.05,90.8,90.8,18469,29235665712.5,469560,152100,2026-08-13
NIFTY,2026-08-25,23850.0,PE,31.0,38.1,22.2,23.4,23.4,11800,18314370288.5,493935,54275,2026-08-13
NIFTY,2026-08-25,23700.0,PE,19.8,23.6,13.5,14.25,14.25,58465,90131445865.5,2065700,643500,2026-08-13
NIFTY,2026-08-25,22900.0,PE,5.3,5.55,3.65,3.75,3.75,3600,5359616518.75,296140,23140,2026-08-13
NIFTY,2026-08-25,21900.0,PE,2.95,3.15,2.15,2.3,2.3,157,223518655.75,33930,260,2026-08-13
NIFTY,2026-08-25,21750.0,PE,2.75,3.45,2.25,2.7,2.7,19,26864581.25,3315,-390,2026-08-13
NIFTY,2026-08-25,21700.0,PE,2.6,2.8,1.85,2.25,2.25,342,482444215.5,76505,520,2026-08-13
NIFTY,2026-08-25,21600.0,PE,2.6,2.75,1.85,2.2,2.2,400,561663638.25,40430,-1170,2026-08-13
NIFTY,2026-08-18,27200.0,PE,0.0,0.0,0.0,2997.3,2781.54,0,0.0,0,0,2026-08-13
NIFTY,2026-08-18,26200.0,PE,0.0,0.0,0.0,1677.0,1782.39,0,0.0,65,0,2026-08-13
NIFTY,2026-08-18,24900.0,PE,499.0,543.45,430.0,463.7,463.7,3400,5610159028.5,325845,-28665,2026-08-13
NIFTY,2026-08-18,24650.0,PE,265.0,312.35,215.0,238.25,238.25,43818,70935399772.25,390910,57980,2026-08-13
NIFTY,2026-08-18,23750.0,PE,4.15,6.05,2.05,2.35,2.35,247872,382710395067.0,1208545,106275,2026-08-13
NIFTY,2031-06-24,16500.0,CE,0.0,0.0,0.0,11849.25,12464.83,0,0.0,0,0,2026-08-13
NIFTY,2030-12-31,24000.0,CE,0.0,0.0,0.0,8563.3,7148.25,0,0.0,0,0,2026-08-13
NIFTY,2030-06-25,25500.0,CE,0.0,0.0,0.0,7070.45,5723.46,0,0.0,0,0,2026-08-13
NIFTY,2026-09-08,23400.0,CE,0.0,0.0,0.0,1438.9,1177.66,0,0.0,0,0,2026-08-13
NIFTY,2026-09-08,25750.0,CE,0.0,0.0,0.0,169.75,71.89,0,0.0,0,0,2026-08-13
NIFTY,2026-09-08,26050.0,CE,6.4,7.6,5.75,6.1,6.1,353,597864832.5,33020,2470,2026-08-13
NIFTY,2026-09-15,22800.0,CE,0.0,0.0,0.0,1840.25,1766.55,0,0.0,0,0,2026-08-13
NIFTY,2026-09-15,22950.0,CE,0.0,0.0,0.0,1703.2,1629.76,0,0.0,0,0,2026-08-13
NIFTY,2026-09-29,21900.0,CE,0.0,0.0,0.0,2350.0,2692.91,0,0.0,130,0,2026-08-13
NIFTY,2026-09-29,22500.0,CE,2100.0,2141.0,2044.05,2108.25,2108.25,236,377177391.5,262860,1820,2026-08-13
NIFTY,2026-09-29,22950.0,CE,0.0,0.0,0.0,1377.2,1721.97,0,0.0,390,0,2026-08-13
NIFTY,2026-09-29,23950.0,CE,0.0,0.0,0.0,787.65,950.51,0,0.0,3185,0,2026-08-13
NIFTY,2026-09-29,24200.0,CE,618.0,644.95,578.0,617.25,617.25,549,885300832.0,91455,4030,2026-08-13
NIFTY,2026-09-29,25350.0,CE,162.0,162.0,94.55,95.4,95.4,73,120786289.0,3120,3120,2026-08-13
NIFTY,2026-09-29,26250.0,CE,0.0,0.0,0.0,198.4,104.16,0,0.0,0,0,2026-08-13
NIFTY,2026-09-29,26350.0,CE,0.0,0.0,0.0,182.8,91.84,0,0.0,0,0,2026-08-13
NIFTY,2026-09-29,26550.0,CE,0.0,0.0,0.0,154.75,70.86,0,0.0,0,0,2026-08-13
NIFTY,2026-09-29,27200.0,CE,5.05,5.45,3.45,4.3,4.3,2324,4109525124.25,30225,16055,2026-08-13
NIFTY,2026-09-29,34500.0,CE,0.0,0.0,0.0,0.5,0.0,0,0.0,9815,0,2026-08-13
NIFTY,2026-10-27,22300.0,CE,0.0,0.0,0.0,2165.6,2461.21,0,0.0,0,0,2026-08-13
NIFTY,2026-10-27,22400.0,CE,0.0,0.0,0.0,2083.15,2371.93,0,0.0,0,0,2026-08-13
NIFTY,2026-10-27,22600.0,CE,0.0,0.0,0.0,1922.3,2196.52,0,0.0,0,0,2026-08-13
NIFTY,2026-10-27,22700.0,CE,0.0,0.0,0.0,1844.0,2110.54,0,0.0,0,0,2026-08-13
NIFTY,2026-10-27,22850.0,CE,0.0,0.0,0.0,1729.4,1983.96,0,0.0,0,0,2026-08-13
NIFTY,2026-10-27,24000.0,CE,916.05,964.0,889.2,935.25,935.25,441,714140573.25,84240,10595,2026-08-13
NIFTY,2026-10-27,24400.0,CE,639.95,685.0,619.35,662.7,662.7,85,138408913.5,10010,1040,2026-08-13
NIFTY,2026-10-27,24450.0,CE,605.8,664.0,605.8,630.75,869.4,3,4891285.75,195,130,2026-08-13
NIFTY,2026-10-27,24900.0,CE,378.0,404.4,359.05,384.45,384.45,65,106818182.25,12805,455,2026-08-13
NIFTY,2026-10-27,25550.0,CE,0.0,0.0,0.0,361.35,404.38,0,0.0,0,0,2026-08-13
NIFTY,2026-10-27,25700.0,CE,127.05,128.3,112.95,120.95,120.95,876,1470210423.5,75855,19565,2026-08-13
NIFTY,2026-10-27,25900.0,CE,0.0,0.0,0.0,277.95,305.61,0,0.0,0,0,2026-08-13
NIFTY,2026-10-27,27050.0,CE,0.0,0.0,0.0,106.0,107.68,0,0.0,0,0,2026-08-13
NIFTY,2026-10-27,27150.0,CE,0.0,0.0,0.0,96.75,97.44,0,0.0,0,0,2026-08-13
NIFTY,2026-12-29,24000.0,CE,1311.85,1329.85,1250.1,1299.05,1299.05,1422,2336764137.5,1142910,42575,2026-08-13
NIFTY,2026-12-29,30000.0,CE,14.9,15.6,13.9,15.05,15.05,1533,2990830469.25,798460,2470,2026-08-13
NIFTY,2027-06-29,18000.0,CE,0.0,0.0,0.0,4066.45,7412.22,0,0.0,0,0,2026-08-13
NIFTY,2028-06-27,21000.0,CE,0.0,0.0,0.0,5226.55,6091.34,0,0.0,0,0,2026-08-13
NIFTY,2028-12-26,19500.0,CE,0.0,0.0,0.0,9716.4,7859.53,0,0.0,0,0,2026-08-13
NIFTY,2028-12-26,33000.0,CE,0.0,0.0,0.0,2477.5,1168.41,0,0.0,0,0,2026-08-13
NIFTY,2029-06-26,24000.0,CE,0.0,0.0,0.0,8085.35,5348.29,0,0.0,0,0,2026-08-13
NIFTY,2029-12-24,27000.0,CE,0.0,0.0,0.0,6201.65,4357.76,0,0.0,0,0,2026-08-13
NIFTY,2030-12-31,33000.0,CE,0.0,0.0,0.0,3948.25,3201.3,0,0.0,0,0,2026-08-13
NIFTY,2026-08-18,23300.0,PE,2.25,2.65,1.25,1.45,1.45,241065,365122115855.25,3094845,869440,2026-08-13
NIFTY,2026-08-18,24050.0,PE,18.0,24.75,8.55,9.7,9.7,383265,599511645008.25,1580540,409500,2026-08-13
NIFTY,2026-08-18,24250.0,PE,52.0,69.95,30.05,35.25,35.25,810886,1280736908811.75,2907125,439660,2026-08-13
NIFTY,2026-08-18,25550.0,PE,1217.8,1217.8,1080.0,1080.0,1134.45,4,6950671.0,260,260,2026-08-13
NIFTY,2026-08-25,21250.0,PE,2.0,2.3,1.6,1.95,1.95,97,133993736.5,8905,1495,2026-08-13
NIFTY,2026-08-25,23300.0,PE,8.25,8.9,5.0,5.45,5.45,24183,36635269645.0,962455,220480,2026-08-13
NIFTY,2026-08-25,23900.0,PE,35.8,45.0,26.1,27.95,27.95,39906,62078615296.75,1247025,232895,2026-08-13
NIFTY,2026-08-25,23950.0,PE,42.15,52.9,31.05,32.95,32.95,12468,19439940939.25,390845,139750,2026-08-13
NIFTY,2026-08-25,24100.0,PE,64.9,84.55,51.2,56.05,56.05,35956,56478390910.5,2629380,127725,2026-08-13
NIFTY,2026-08-25,24650.0,PE,305.1,340.2,255.3,276.15,276.15,2495,4045076441.25,242645,715,2026-08-13
NIFTY,2026-08-18,24950.0,CE,8.0,8.0,3.15,3.7,3.7,300016,486637447825.75,2129140,12740,2026-08-13
NIFTY,2026-08-25,25650.0,PE,0.0,0.0,0.0,1625.0,1220.19,0,0.0,195,0,2026-08-13
