SYMBOL,EXPIRY_DT,STRIKE_PR,OPTION_TYP,OPEN,HIGH,LOW,CLOSE,SETTLE_PR,CONTRACTS,VAL_INLAKH,OPEN_INT,CHG_IN_OI,TIMESTAMP
NIFTY,2026-09-15,23500.0,PE,27.4,45.1,20.1,39.4,39.4,35894,54903977888.5,1498965,638300,2026-09-01
NIFTY,2026-09-15,23900.0,PE,97.0,139.85,66.0,125.25,125.25,21515,33574151113.75,729170,41730,2026-09-01
NIFTY,2026-09-22,25350.0,PE,0.0,0.0,0.0,1190.0,1252.77,0,0.0,0,0,2026-09-01
NIFTY,2026-09-29,22000.0,PE,10.2,13.45,8.9,11.2,11.2,15654,22395927765.25,2525965,142935,2026-09-01
NIFTY,2026-09-29,22700.0,PE,31.95,31.95,13.85,20.0,20.0,6869,10143011024.25,466245,124280,2026-09-01
NIFTY,2026-09-29,23100.0,PE,31.95,41.25,23.95,37.85,37.85,7981,12000263554.5,590525,52585,2026-09-01
NIFTY,2026-09-29,23800.0,PE,121.45,165.9,92.85,153.55,153.55,26508,41239503522.75,1500460,3705,2026-09-01
NIFTY,2026-09-29,25100.0,PE,913.45,1032.55,849.5,1022.0,1022.0,334,566133672.0,100165,19890,2026-09-01
NIFTY,2026-09-29,25500.0,PE,1290.2,1427.3,1210.85,1410.05,1410.05,1151,2007247271.25,1574820,-10985,2026-09-01
NIFTY,2026-09-29,26100.0,PE,0.0,0.0,0.0,1712.15,1942.73,0,0.0,9360,0,2026-09-01
NIFTY,2026-09-29,26250.0,PE,0.0,0.0,0.0,2180.0,2086.79,0,0.0,0,0,2026-09-01
NIFTY,2026-09-29,26600.0,PE,0.0,0.0,0.0,2474.55,2427.55,0,0.0,0,0,2026-09-01
NIFTY,2026-10-27,22350.0,PE,0.0,0.0,0.0,31.95,62.77,0,0.0,2145,0,2026-09-01
NIFTY,2026-10-27,22450.0,PE,0.0,0.0,0.0,43.05,73.08,0,0.0,845,0,2026-09-01
NIFTY,2026-10-27,23250.0,PE,0.0,0.0,0.0,356.75,212.04,0,0.0,0,0,2026-09-01
NIFTY,2026-10-27,23900.0,PE,221.0,267.25,184.2,257.65,257.65,3240,5080918241.75,168155,-32500,2026-09-01
NIFTY,2026-10-27,24050.0,PE,264.0,319.6,234.0,309.9,309.9,209,330351674.25,12675,5330,2026-09-01
NIFTY,2026-10-27,24250.0,PE,348.6,411.15,299.65,398.7,398.7,137,219285147.25,18200,910,2026-09-01
NIFTY,2026-10-27,25300.0,PE,0.0,0.0,0.0,940.05,1236.0,0,0.0,650,0,2026-09-01
NIFTY,2026-10-27,26300.0,PE,0.0,0.0,0.0,2121.9,2059.94,0,0.0,0,0,2026-09-01
NIFTY,2026-10-27,27000.0,PE,2645.0,2742.15,2565.0,2741.0,2705.2,8,15443509.25,27820,260,2026-09-01
NIFTY,2026-11-23,22550.0,PE,0.0,0.0,0.0,121.55,138.01,0,0.0,0,0,2026-09-01
NIFTY,2026-11-23,23050.0,PE,0.0,0.0,0.0,205.8,235.06,0,0.0,0,0,2026-09-01
NIFTY,2026-11-23,23150.0,PE,0.0,0.0,0.0,226.95,260.27,0,0.0,0,0,2026-09-01
NIFTY,2026-11-23,23400.0,PE,0.0,0.0,0.0,287.6,327.76,0,0.0,0,0,2026-09-01
NIFTY,2026-11-23,25200.0,PE,0.0,0.0,0.0,1060.25,1195.76,0,0.0,0,0,2026-09-01
NIFTY,2026-11-23,25400.0,PE,0.0,0.0,0.0,1184.75,1332.07,0,0.0,0,0,2026-09-01
NIFTY,2026-11-23,25950.0,PE,0.0,0.0,0.0,1562.8,1741.59,0,0.0,0,0,2026-09-01
NIFTY,2026-12-29,21000.0,PE,38.55,43.0,37.0,42.0,42.0,1889,2583409819.25,1116960,-2470,2026-09-01
NIFTY,2026-12-29,28000.0,PE,3300.0,3436.0,3244.75,3420.75,3420.75,139,283351370.25,918380,3795,2026-09-01
NIFTY,2026-12-29,31500.0,PE,0.0,0.0,0.0,4059.3,6780.29,0,0.0,0,0,2026-09-01
NIFTY,2027-03-30,27000.0,PE,2054.55,2165.85,2000.0,2156.5,2156.5,92,173964566.75,59540,-195,2026-09-01
NIFTY,2027-12-28,16500.0,PE,0.0,0.0,0.0,52.05,6.95,0,0.0,130,0,2026-09-01
NIFTY,2027-12-28,27000.0,PE,1740.0,1793.35,1665.0,1760.4,1760.4,136,253920036.5,51050,2470,2026-09-01
NIFTY,2029-12-24,15000.0,PE,0.0,0.0,0.0,29.0,15.49,0,0.0,65,0,2026-09-01
NIFTY,2030-06-25,18000.0,PE,0.0,0.0,0.0,116.65,100.26,0,0.0,0,0,2026-09-01
NIFTY,2030-06-25,22500.0,PE,0.0,0.0,0.0,223.75,525.44,0,0.0,0,0,2026-09-01
NIFTY,2030-06-25,27000.0,PE,0.0,0.0,0.0,1286.05,1549.52,0,0.0,0,0,2026-09-01
NIFTY,2030-06-25,30000.0,PE,0.0,0.0,0.0,2100.85,2623.28,0,0.0,0,0,2026-09-01
NIFTY,2030-12-31,18000.0,PE,0.0,0.0,0.0,32.3,106.1,0,0.0,0,0,2026-09-01
NIFTY,2031-06-24,16500.0,PE,0.0,0.0,0.0,95.65,55.94,0,0.0,0,0,2026-09-01
NIFTY,2026-09-22,23200.0,PE,0.0,0.0,0.0,119.0,72.0,0,0.0,0,0,2026-09-01
NIFTY,2026-09-22,23100.0,PE,0.0,0.0,0.0,101.35,57.69,0,0.0,0,0,2026-09-01
NIFTY,2026-09-15,24800.0,PE,650.45,777.75,596.95,771.95,771.95,46,76169830.75,2405,2145,2026-09-01
NIFTY,2026-09-15,24750.0,PE,532.4,532.4,532.4,532.4,724.72,1,1643356.0,2600,65,2026-09-01
NIFTY,2026-09-15,23450.0,PE,0.0,0.0,0.0,114.05,77.66,0,0.0,0,0,2026-09-01
NIFTY,2026-09-15,22950.0,PE,9.2,12.05,6.2,11.05,11.05,493,735724470.0,15730,9165,2026-09-01
NIFTY,2026-09-08,26000.0,PE,1896.05,2041.45,1790.0,1993.9,1993.9,2583,4681180939.5,175695,107900,2026-09-01
NIFTY,2026-09-08,25850.0,PE,0.0,0.0,0.0,1234.05,1764.39,0,0.0,0,0,2026-09-01
NIFTY,2026-09-08,25550.0,PE,1440.0,1495.0,1415.8,1495.0,1465.31,6,10523386.25,455,195,2026-09-01
NIFTY,2026-09-08,24850.0,PE,750.0,845.7,647.75,832.5,832.5,53,88273734.25,2405,455,2026-09-01
NIFTY,2026-09-08,24200.0,PE,170.0,270.6,126.05,248.8,248.8,325828,516447594952.25,3428555,765895,2026-09-01
NIFTY,2026-09-08,24100.0,PE,120.0,201.75,85.35,181.9,181.9,549860,866080687355.0,3465670,1189370,2026-09-01
NIFTY,2026-09-08,23750.0,PE,30.95,53.0,18.5,45.15,45.15,138519,214145091338.75,896090,562640,2026-09-01
NIFTY,2026-09-08,23000.0,PE,5.25,5.8,3.4,4.25,4.25,192259,287482132613.0,4912960,1665755,2026-09-01
NIFTY,2026-09-08,22800.0,PE,4.95,5.35,2.7,3.35,3.35,90124,133584712881.75,2366715,991965,2026-09-01
NIFTY,2026-09-08,22600.0,PE,3.7,3.7,2.1,2.55,2.55,42092,61840760592.0,536640,146250,2026-09-01
NIFTY,2026-09-01,26050.0,PE,2050.0,2050.0,2050.0,2050.0,24055.8,1,1826500.0,65,0,2026-09-01
NIFTY,2026-09-01,24600.0,PE,552.4,643.65,441.25,553.75,24055.8,11387,18609009389.75,197925,-88205,2026-09-01
NIFTY,2026-09-01,23650.0,PE,1.3,1.85,0.05,0.6,24055.8,1382783,2125751902004.25,3766620,326560,2026-09-01
NIFTY,2026-09-01,23150.0,PE,0.6,0.85,0.05,0.1,24055.8,347342,522671154876.0,1695720,641095,2026-09-01
NIFTY,2026-09-01,22900.0,PE,0.5,0.8,0.05,0.1,24055.8,176020,262009699565.25,1025310,235885,2026-09-01
NIFTY,2026-09-01,22300.0,PE,0.5,0.5,0.05,0.1,24055.8,26098,37829529822.5,300430,-62075,2026-09-01
NIFTY,2030-12-31,33000.0,CE,0.0,0.0,0.0,3948.25,2877.21,0,0.0,0,0,2026-09-01
NIFTY,2029-12-24,27000.0,CE,0.0,0.0,0.0,6201.65,3990.74,0,0.0,0,0,2026-09-01
NIFTY,2029-06-26,24000.0,CE,0.0,0.0,0.0,8085.35,4960.7,0,0.0,0,0,2026-09-01
NIFTY,2028-12-26,33000.0,CE,0.0,0.0,0.0,2477.5,961.5,0,0.0,0,0,2026-09-01
NIFTY,2028-12-26,19500.0,CE,0.0,0.0,0.0,9716.4,7460.85,0,0.0,0,0,2026-09-01
NIFTY,2028-06-27,21000.0,CE,0.0,0.0,0.0,5226.55,5692.35,0,0.0,0,0,2026-09-01
NIFTY,2027-06-29,18000.0,CE,0.0,0.0,0.0,4066.45,7012.92,0,0.0,0,0,2026-09-01
NIFTY,2026-12-29,30000.0,CE,8.55,9.55,8.15,9.1,9.1,305,594924232.5,813630,1090,2026-09-01
NIFTY,2026-12-29,24000.0,CE,956.05,1002.6,862.7,870.9,870.9,4331,7012643085.5,1251250,53280,2026-09-01
NIFTY,2026-11-23,26100.0,CE,0.0,0.0,0.0,297.8,203.21,0,0.0,0,0,2026-09-01
NIFTY,2026-11-23,25800.0,CE,0.0,0.0,0.0,372.6,263.16,0,0.0,0,0,2026-09-01
NIFTY,2026-11-23,25750.0,CE,0.0,0.0,0.0,386.65,275.36,0,0.0,0,0,2026-09-01
NIFTY,2026-11-23,25150.0,CE,0.0,0.0,0.0,588.45,440.99,0,0.0,0,0,2026-09-01
NIFTY,2026-11-23,25100.0,CE,198.35,213.65,162.45,166.95,166.95,521,856117002.0,34385,9295,2026-09-01
NIFTY,2026-11-23,24550.0,CE,409.55,437.85,359.5,362.85,362.85,28,45415103.5,1235,585,2026-09-01
NIFTY,2026-11-23,24350.0,CE,509.0,509.0,455.9,455.9,455.9,4,6453629.0,65,-65,2026-09-01
NIFTY,2026-11-23,24050.0,CE,0.0,0.0,0.0,1135.35,925.8,0,0.0,0,0,2026-09-01
NIFTY,2026-11-23,23250.0,CE,0.0,0.0,0.0,1679.6,1436.23,0,0.0,0,0,2026-09-01
NIFTY,2026-11-23,22600.0,CE,0.0,0.0,0.0,2198.8,1936.45,0,0.0,0,0,2026-09-01
NIFTY,2026-10-27,27150.0,CE,0.0,0.0,0.0,96.75,25.37,0,0.0,0,0,2026-09-01
NIFTY,2026-10-27,27050.0,CE,0.0,0.0,0.0,106.0,29.25,0,0.0,0,0,2026-09-01
NIFTY,2026-10-27,25900.0,CE,0.0,0.0,0.0,277.95,127.64,0,0.0,0,0,2026-09-01
NIFTY,2026-10-27,25700.0,CE,33.95,34.0,26.05,27.35,27.35,2510,4197688667.25,168675,-35750,2026-09-01
NIFTY,2026-10-27,25550.0,CE,0.0,0.0,0.0,361.35,188.28,0,0.0,0,0,2026-09-01
NIFTY,2026-10-27,24900.0,CE,147.35,160.0,116.95,119.45,119.45,2264,3683289740.0,124215,10790,2026-09-01
NIFTY,2026-10-27,24450.0,CE,307.5,337.0,257.25,262.3,262.3,200,321495564.0,19890,455,2026-09-01
NIFTY,2026-10-27,24400.0,CE,344.0,365.0,280.35,284.15,284.15,2808,4511010432.5,137410,18070,2026-09-01
NIFTY,2026-10-27,24000.0,CE,600.0,617.35,487.2,495.7,495.7,8393,13384538134.5,513890,101530,2026-09-01
NIFTY,2026-10-27,22850.0,CE,0.0,0.0,0.0,1729.4,1563.21,0,0.0,0,0,2026-09-01
NIFTY,2026-10-27,22700.0,CE,0.0,0.0,0.0,1740.0,1687.98,0,0.0,260,0,2026-09-01
NIFTY,2026-10-27,22600.0,CE,0.0,0.0,0.0,1922.3,1773.17,0,0.0,0,0,2026-09-01
NIFTY,2026-10-27,22400.0,CE,0.0,0.0,0.0,2083.15,1947.88,0,0.0,0,0,2026-09-01
NIFTY,2026-10-27,22300.0,CE,0.0,0.0,0.0,2165.6,2037.19,0,0.0,0,0,2026-09-01
NIFTY,2026-09-29,34500.0,CE,0.0,0.0,0.0,0.65,0.0,0,0.0,9880,0,2026-09-01
NIFTY,2026-09-29,27200.0,CE,2.7,2.7,1.45,1.6,1.6,172,304116809.75,39650,3640,2026-09-01
NIFTY,2026-09-29,26550.0,CE,3.9,3.9,2.25,2.9,2.9,8,13807605.5,6565,-325,2026-09-01
NIFTY,2026-09-29,26350.0,CE,3.7,3.7,2.65,3.15,3.15,103,176435892.75,4745,2600,2026-09-01
NIFTY,2026-09-29,26250.0,CE,0.0,0.0,0.0,198.4,13.94,0,0.0,0,0,2026-09-01
NIFTY,2026-09-29,25350.0,CE,15.1,18.6,12.15,13.4,13.4,617,1017203863.0,60580,8060,2026-09-01
NIFTY,2026-09-29,24200.0,CE,279.3,306.75,205.25,214.55,214.55,76990,122347823523.25,3131765,589810,2026-09-01
NIFTY,2026-09-29,23950.0,CE,447.6,465.2,338.15,347.55,347.55,3238,5117987449.25,84305,45175,2026-09-01
NIFTY,2026-09-29,22950.0,CE,0.0,0.0,0.0,1529.05,1275.7,0,0.0,260,0,2026-09-01
NIFTY,2026-09-29,22500.0,CE,1704.6,1775.0,1574.0,1591.0,1591.0,1133,1778527689.25,537680,-3510,2026-09-01
NIFTY,2026-09-29,21900.0,CE,0.0,0.0,0.0,2400.0,2261.9,0,0.0,585,0,2026-09-01
NIFTY,2026-09-22,25900.0,CE,4.75,4.9,2.9,3.7,3.7,262,441138402.25,21255,520,2026-09-01
NIFTY,2026-09-22,25800.0,CE,3.6,6.05,3.25,5.05,5.05,65,109020730.0,1365,585,2026-09-01
NIFTY,2026-09-22,25700.0,CE,4.0,6.95,3.7,4.9,4.9,115,192142008.5,1235,1235,2026-09-01
NIFTY,2026-09-22,25650.0,CE,0.0,0.0,0.0,92.45,23.81,0,0.0,0,0,2026-09-01
NIFTY,2026-09-22,25600.0,CE,5.0,7.4,4.25,6.4,6.4,336,559238725.5,15145,4095,2026-09-01
NIFTY,2026-09-22,25250.0,CE,0.0,0.0,0.0,100.25,57.33,0,0.0,65,0,2026-09-01
NIFTY,2026-09-22,24300.0,CE,165.05,199.9,122.5,127.2,127.2,1567,2490751432.0,64480,15535,2026-09-01
NIFTY,2026-09-22,24050.0,CE,298.55,342.45,232.2,238.5,238.5,633,1000967734.0,14950,10725,2026-09-01
NIFTY,2026-09-22,23200.0,CE,0.0,0.0,0.0,1208.1,1008.28,0,0.0,0,0,2026-09-01
NIFTY,2026-09-22,22900.0,CE,0.0,0.0,0.0,1459.55,1271.13,0,0.0,0,0,2026-09-01
NIFTY,2026-09-15,22950.0,CE,0.0,0.0,0.0,1703.2,1177.59,0,0.0,0,0,2026-09-01
NIFTY,2026-09-15,22800.0,CE,0.0,0.0,0.0,1840.25,1319.83,0,0.0,0,0,2026-09-01
NIFTY,2026-09-15,22500.0,CE,0.0,0.0,0.0,2121.7,1611.52,0,0.0,0,0,2026-09-01
NIFTY,2026-09-08,26050.0,CE,0.95,1.2,0.75,0.85,0.85,548,927932983.25,38350,0,2026-09-01
NIFTY,2026-09-08,25750.0,CE,1.1,1.25,0.75,0.9,0.9,4701,7868575000.0,81900,2275,2026-09-01
NIFTY,2026-09-08,23400.0,CE,703.0,801.0,597.0,616.45,616.45,516,806277342.0,24310,18525,2026-09-01
NIFTY,2026-09-01,26750.0,CE,0.35,0.55,0.05,0.1,24055.8,2262,3933077456.75,32045,15795,2026-09-01
NIFTY,2026-09-01,26300.0,CE,0.35,0.45,0.05,0.05,24055.8,9486,16216448693.25,146445,48100,2026-09-01
NIFTY,2026-09-01,24300.0,CE,4.15,7.8,0.05,0.85,24055.8,8343733,13180283195433.25,12048725,-2524340,2026-09-01
NIFTY,2026-09-01,24200.0,CE,17.8,27.55,0.05,1.5,24055.8,16107502,25345503328372.5,11609585,-989430,2026-09-01
NIFTY,2026-09-01,24050.0,CE,70.0,121.7,2.0,16.5,24055.8,27773147,43472961392506.75,15910765,11548290,2026-09-01
NIFTY,2026-09-01,23700.0,CE,383.4,460.0,258.8,333.55,24055.8,41827,65352158524.25,129415,39585,2026-09-01
NIFTY,2026-09-22,25500.0,PE,0.0,0.0,0.0,1312.45,1389.29,0,0.0,0,0,2026-09-01
NIFTY,2026-09-01,25750.0,CE,0.45,0.6,0.05,0.05,24055.8,8281,13860438988.5,191165,-1885,2026-09-01
NIFTY,2026-09-22,23750.0,PE,146.95,146.95,104.85,110.4,110.4,39,60491967.25,975,975,2026-09-01
NIFTY,2026-09-22,24250.0,PE,275.0,326.85,215.1,324.45,324.45,159,253376210.75,9295,5655,2026-09-01
NIFTY,2026-09-01,25450.0,PE,0.0,0.0,0.0,1360.0,24055.8,0,0.0,780,0,2026-09-01
NIFTY,2026-09-01,26350.0,PE,0.0,0.0,0.0,2035.25,24055.8,0,0.0,0,0,2026-09-01
NIFTY,2026-09-01,26750.0,PE,0.0,0.0,0.0,2407.3,24055.8,0,0.0,0,0,2026-09-01
NIFTY,2026-09-01,27050.0,PE,0.0,0.0,0.0,2693.45,24055.8,0,0.0,0,0,2026-09-01
NIFTY,2026-09-08,22850.0,PE,5.8,5.8,2.7,3.3,3.3,10940,16251224063.75,186030,24375,2026-09-01
NIFTY,2026-09-08,23350.0,PE,9.55,11.3,5.05,8.45,8.45,40595,61632680850.0,543985,255190,2026-09-01
NIFTY,2026-09-08,23400.0,PE,9.8,13.35,5.55,10.0,10.0,142724,217162915105.5,1812265,505830,2026-09-01
NIFTY,2026-09-08,23800.0,PE,39.65,65.75,23.15,56.5,56.5,336373,521336289669.0,3015610,1319565,2026-09-01
NIFTY,2026-09-08,24550.0,PE,462.45,569.45,372.0,552.3,552.3,987,1604733555.75,57915,24765,2026-09-01
NIFTY,2026-09-08,24750.0,PE,649.85,759.7,575.0,734.85,734.85,255,422130166.25,14755,10075,2026-09-01
NIFTY,2026-09-08,24900.0,PE,803.05,913.2,700.0,894.8,894.8,212,354850769.0,26260,5005,2026-09-01
NIFTY,2026-09-08,25400.0,PE,1275.0,1402.3,1200.0,1390.15,1390.15,247,428450681.75,16315,15210,2026-09-01
NIFTY,2026-09-15,22650.0,PE,6.2,7.7,6.2,7.2,7.2,40,58908385.25,1430,1365,2026-09-01
NIFTY,2026-09-15,23750.0,PE,61.15,90.85,41.65,78.95,78.95,2660,4117822202.0,68445,37115,2026-09-01
NIFTY,2026-09-15,24650.0,PE,634.0,634.0,620.45,625.15,625.15,5,8214989.25,3770,195,2026-09-01
NIFTY,2026-09-15,24850.0,PE,0.0,0.0,0.0,629.7,806.35,0,0.0,0,0,2026-09-01
NIFTY,2026-09-15,25250.0,PE,0.0,0.0,0.0,885.25,1160.53,0,0.0,0,0,2026-09-01
NIFTY,2026-09-15,25400.0,PE,0.0,0.0,0.0,992.45,1301.47,0,0.0,0,0,2026-09-01
NIFTY,2026-09-15,25550.0,PE,0.0,0.0,0.0,1105.5,1445.22,0,0.0,0,0,2026-09-01
NIFTY,2026-09-22,22900.0,PE,0.0,0.0,0.0,72.2,35.89,0,0.0,0,0,2026-09-01
NIFTY,2026-09-22,23150.0,PE,0.0,0.0,0.0,109.9,64.53,0,0.0,0,0,2026-09-01
NIFTY,2026-09-22,23250.0,PE,24.5,37.0,19.3,32.95,32.95,149,225466228.0,26000,715,2026-09-01
NIFTY,2026-09-22,24700.0,PE,511.1,678.0,511.05,678.0,678.0,44,72456299.5,1040,-1040,2026-09-01
NIFTY,2026-09-22,24750.0,PE,0.0,0.0,0.0,752.65,756.08,0,0.0,0,0,2026-09-01
NIFTY,2026-09-22,24900.0,PE,0.0,0.0,0.0,853.1,870.59,0,0.0,0,0,2026-09-01
NIFTY,2026-09-22,25800.0,PE,0.0,0.0,0.0,1569.65,1671.33,0,0.0,0,0,2026-09-01
NIFTY,2026-09-29,16500.0,PE,0.9,1.5,0.8,0.95,0.95,742,795848069.25,132925,-260,2026-09-01
NIFTY,2026-09-29,21650.0,PE,6.55,9.85,6.55,8.9,8.9,40,56311437.0,5330,-520,2026-09-01
NIFTY,2026-09-29,22050.0,PE,9.85,11.75,9.85,11.15,11.15,27,38716050.75,4810,390,2026-09-01
NIFTY,2026-09-29,22100.0,PE,11.7,12.7,9.2,12.0,12.0,1535,2206067152.25,97240,25350,2026-09-01
NIFTY,2026-09-29,22350.0,PE,10.0,15.2,10.0,14.7,14.7,95,138088600.0,24505,-2405,2026-09-01
NIFTY,2026-09-29,22750.0,PE,19.65,23.2,14.8,21.6,21.6,1135,1679813843.5,58435,3380,2026-09-01
NIFTY,2026-09-29,23200.0,PE,37.35,49.5,27.9,45.2,45.2,15754,23797246333.25,1152320,147810,2026-09-01
NIFTY,2026-09-29,23450.0,PE,61.55,82.1,45.0,75.5,75.5,1518,2320072716.0,191685,11375,2026-09-01
NIFTY,2026-09-29,24050.0,PE,198.8,263.6,157.0,244.9,244.9,8726,13760765089.5,125515,9945,2026-09-01
NIFTY,2026-09-29,24150.0,PE,241.05,316.0,191.45,295.55,295.55,5312,8426988576.5,270140,56680,2026-09-01
NIFTY,2026-09-29,24900.0,PE,755.0,860.55,653.15,842.0,842.0,446,744293030.0,96005,6955,2026-09-01
NIFTY,2026-09-29,25250.0,PE,1179.0,1179.0,1179.0,1179.0,1171.92,1,1717885.0,1950,0,2026-09-01
NIFTY,2026-09-29,25900.0,PE,0.0,0.0,0.0,1571.4,1753.34,0,0.0,4940,0,2026-09-01
NIFTY,2026-09-29,26450.0,PE,0.0,0.0,0.0,2346.8,2280.87,0,0.0,0,0,2026-09-01
NIFTY,2026-10-27,22600.0,PE,33.0,44.7,29.55,41.15,41.15,445,654686340.75,42510,21190,2026-09-01
NIFTY,2026-10-27,22750.0,PE,0.0,0.0,0.0,228.35,112.35,0,0.0,0,0,2026-09-01
NIFTY,2026-10-27,23000.0,PE,64.95,77.8,50.1,75.0,75.0,13749,20613681608.0,1094535,112645,2026-09-01
NIFTY,2026-10-27,24600.0,PE,526.2,608.8,466.75,590.7,590.7,336,549394514.5,98410,-4615,2026-09-01
NIFTY,2026-10-27,24900.0,PE,654.0,815.0,654.0,790.85,790.85,22,36741786.25,77935,-65,2026-09-01
NIFTY,2026-10-27,25100.0,PE,900.0,938.4,900.0,935.0,1090.67,13,21982532.0,5590,-650,2026-09-01
NIFTY,2026-10-27,25150.0,PE,900.6,900.6,899.3,899.3,1125.96,2,3386493.5,260,-65,2026-09-01
NIFTY,2026-10-27,25400.0,PE,0.0,0.0,0.0,996.5,1310.37,0,0.0,780,0,2026-09-01
NIFTY,2026-10-27,25500.0,PE,1210.0,1330.85,1112.5,1311.55,1311.55,396,686583293.5,229710,16250,2026-09-01
NIFTY,2026-10-27,26950.0,PE,0.0,0.0,0.0,2675.85,2657.96,0,0.0,0,0,2026-09-01
NIFTY,2026-11-23,22400.0,PE,0.0,0.0,0.0,102.45,116.0,0,0.0,0,0,2026-09-01
NIFTY,2026-11-23,22650.0,PE,0.0,0.0,0.0,135.8,154.38,0,0.0,0,0,2026-09-01
NIFTY,2026-11-23,23550.0,PE,0.0,0.0,0.0,327.35,374.69,0,0.0,0,0,2026-09-01
NIFTY,2026-11-23,24050.0,PE,0.0,0.0,0.0,493.55,563.91,0,0.0,0,0,2026-09-01
NIFTY,2026-11-23,24450.0,PE,461.5,508.65,461.5,508.65,752.79,9,14576292.25,585,585,2026-09-01
NIFTY,2026-11-23,24650.0,PE,0.0,0.0,0.0,756.75,859.85,0,0.0,0,0,2026-09-01
NIFTY,2026-12-29,15000.0,PE,9.55,9.7,8.1,8.65,0.0,16,15609155.25,116270,-455,2026-09-01
NIFTY,2026-12-29,16000.0,PE,10.0,11.75,10.0,11.3,11.3,48,49952233.5,115565,-65,2026-09-01
NIFTY,2026-12-29,24000.0,PE,362.95,403.2,327.0,394.3,394.3,10787,17086777129.5,2498300,15050,2026-09-01
NIFTY,2026-12-29,33000.0,PE,0.0,0.0,0.0,5263.45,8246.37,0,0.0,0,0,2026-09-01
NIFTY,2027-12-28,28500.0,PE,0.0,0.0,0.0,2979.7,3068.62,0,0.0,260,0,2026-09-01
NIFTY,2027-12-28,31500.0,PE,0.0,0.0,0.0,3240.0,5241.11,0,0.0,0,0,2026-09-01
NIFTY,2027-12-28,33000.0,PE,0.0,0.0,0.0,4155.55,6458.98,0,0.0,0,0,2026-09-01
NIFTY,2028-06-27,19500.0,PE,0.0,0.0,0.0,40.05,124.91,0,0.0,0,0,2026-09-01
NIFTY,2028-06-27,30000.0,PE,0.0,0.0,0.0,3779.25,3706.33,0,0.0,0,0,2026-09-01
NIFTY,2028-12-26,16500.0,PE,0.0,0.0,0.0,5.9,24.79,0,0.0,0,0,2026-09-01
NIFTY,2029-12-24,18000.0,PE,0.0,0.0,0.0,96.5,92.09,0,0.0,0,0,2026-09-01
NIFTY,2029-12-24,23000.0,PE,0.0,0.0,0.0,725.0,623.08,0,0.0,1560,0,2026-09-01
NIFTY,2029-12-24,26000.0,PE,0.0,0.0,0.0,1350.0,1339.84,0,0.0,3860,0,2026-09-01
NIFTY,2030-06-25,24000.0,PE,0.0,0.0,0.0,698.15,791.89,0,0.0,0,0,2026-09-01
NIFTY,2030-12-31,25500.0,PE,0.0,0.0,0.0,538.25,1066.32,0,0.0,0,0,2026-09-01
NIFTY,2031-06-24,31500.0,PE,0.0,0.0,0.0,3185.85,2779.42,0,0.0,0,0,2026-09-01
NIFTY,2026-09-01,22650.0,CE,0.0,0.0,0.0,1760.65,24055.8,0,0.0,0,0,2026-09-01
NIFTY,2026-09-01,22450.0,CE,0.0,0.0,0.0,1940.55,24055.8,0,0.0,0,0,2026-09-01
NIFTY,2026-09-01,22250.0,CE,0.0,0.0,0.0,2125.05,24055.8,0,0.0,0,0,2026-09-01
NIFTY,2026-09-01,22900.0,CE,0.0,0.0,0.0,1543.9,24055.8,0,0.0,0,0,2026-09-01
NIFTY,2026-09-01,23100.0,CE,1111.2,1111.2,867.3,883.95,24055.8,15,23437196.25,455,65,2026-09-01
NIFTY,2026-09-01,23300.0,CE,742.05,834.4,665.0,759.0,24055.8,388,606517249.0,9035,1625,2026-09-01
NIFTY,2026-09-01,23400.0,CE,654.35,759.1,560.35,620.5,24055.8,1135,1772294754.75,35490,-4095,2026-09-01
NIFTY,2026-09-01,23950.0,CE,162.4,214.5,39.55,83.15,24055.8,6468047,10100770781341.5,3656835,3161340,2026-09-01
NIFTY,2026-09-01,24900.0,CE,0.7,0.8,0.05,0.1,24055.8,812833,1315591696461.25,4739605,537420,2026-09-01
NIFTY,2026-09-01,24950.0,CE,0.65,0.75,0.05,0.1,24055.8,358067,580704104847.75,2111135,852540,2026-09-01
NIFTY,2026-09-01,25650.0,CE,0.3,0.55,0.05,0.1,24055.8,20955,34937569358.25,203775,-156260,2026-09-01
NIFTY,2026-09-01,26550.0,CE,0.3,5.4,0.05,0.1,24055.8,1758,3033890411.5,35230,24830,2026-09-01
NIFTY,2026-09-08,22650.0,CE,0.0,0.0,0.0,2118.35,1432.49,0,0.0,0,0,2026-09-01
NIFTY,2026-09-08,23700.0,CE,446.25,519.65,328.25,344.55,344.55,9187,14379589386.5,118235,33410,2026-09-01
NIFTY,2026-09-08,24400.0,CE,42.55,51.0,18.55,20.65,20.65,350385,556356458476.0,3981315,1858870,2026-09-01
NIFTY,2026-09-08,24650.0,CE,12.0,12.0,5.7,6.4,6.4,104208,167017181071.0,1355705,716105,2026-09-01
NIFTY,2026-09-08,25700.0,CE,1.0,1.4,0.75,0.95,0.95,60383,100873574629.75,1163760,211510,2026-09-01
NIFTY,2026-09-15,22550.0,CE,0.0,0.0,0.0,2074.25,1562.44,0,0.0,0,0,2026-09-01
NIFTY,2026-09-15,22700.0,CE,0.0,0.0,0.0,1933.1,1416.21,0,0.0,0,0,2026-09-01
NIFTY,2026-09-15,22900.0,CE,0.0,0.0,0.0,1748.55,1224.64,0,0.0,0,0,2026-09-01
NIFTY,2026-09-15,23700.0,CE,488.0,563.35,390.7,403.55,403.55,228,357997484.0,8060,6370,2026-09-01
NIFTY,2026-09-15,24300.0,CE,115.15,146.0,75.85,80.1,80.1,16271,25807562196.0,491010,131950,2026-09-01
NIFTY,2026-09-15,25200.0,CE,7.0,7.0,3.7,4.6,4.6,226,370255304.25,9880,9880,2026-09-01
NIFTY,2026-09-22,22800.0,CE,0.0,0.0,0.0,1547.15,1362.75,0,0.0,0,0,2026-09-01
NIFTY,2026-09-22,23700.0,CE,593.0,593.0,458.3,466.6,466.6,25,39304759.0,845,390,2026-09-01
NIFTY,2026-09-22,24450.0,CE,123.65,131.1,79.55,82.35,82.35,567,904825688.0,16575,4550,2026-09-01
NIFTY,2026-09-22,25050.0,CE,0.0,0.0,0.0,209.5,85.27,0,0.0,0,0,2026-09-01
NIFTY,2026-09-22,25200.0,CE,15.5,15.5,9.2,10.3,10.3,792,1297849218.25,45500,6825,2026-09-01
NIFTY,2026-09-22,25350.0,CE,0.0,0.0,0.0,141.55,46.52,0,0.0,0,0,2026-09-01
NIFTY,2026-09-22,25400.0,CE,0.0,0.0,0.0,132.15,41.79,0,0.0,0,0,2026-09-01
NIFTY,2026-09-29,21700.0,CE,0.0,0.0,0.0,2580.0,2458.75,0,0.0,65,0,2026-09-01
NIFTY,2026-09-29,22750.0,CE,0.0,0.0,0.0,1548.85,1453.1,0,0.0,195,0,2026-09-01
NIFTY,2026-09-29,23750.0,CE,598.6,606.65,470.95,478.1,478.1,219,345314830.25,9620,2015,2026-09-01
NIFTY,2026-09-29,24150.0,CE,322.25,335.65,230.2,237.3,237.3,5038,7998031678.0,149110,22555,2026-09-01
NIFTY,2026-09-29,24500.0,CE,152.05,159.35,104.0,106.5,106.5,94767,151684499463.25,5632315,331110,2026-09-01
NIFTY,2026-09-29,25800.0,CE,6.95,7.05,5.8,6.65,6.65,3854,6464755680.5,418925,-7670,2026-09-01
NIFTY,2026-10-27,23100.0,CE,1280.0,1320.0,1260.0,1260.0,1364.17,3,4755400.0,0,-65,2026-09-01
NIFTY,2026-10-27,23350.0,CE,0.0,0.0,0.0,1240.0,1178.41,0,0.0,65,0,2026-09-01
NIFTY,2026-10-27,23400.0,CE,910.0,910.0,910.0,910.0,1141.77,1,1580150.0,390,65,2026-09-01
NIFTY,2026-10-27,23700.0,CE,766.05,780.0,680.0,690.4,690.4,157,249013982.75,9230,5720,2026-09-01
NIFTY,2026-10-27,24800.0,CE,171.0,192.95,140.0,144.0,144.0,3763,6104830576.0,208195,48035,2026-09-01
NIFTY,2026-10-27,24950.0,CE,125.6,144.0,107.85,108.65,108.65,189,307965164.0,15080,520,2026-09-01
NIFTY,2026-10-27,25000.0,CE,132.0,132.7,96.3,98.85,98.85,18775,30646172102.0,1240980,106340,2026-09-01
NIFTY,2026-10-27,25400.0,CE,55.7,57.7,44.05,45.95,45.95,4486,7421129680.25,290680,20475,2026-09-01
NIFTY,2026-10-27,26050.0,CE,0.0,0.0,0.0,247.25,107.13,0,0.0,0,0,2026-09-01
NIFTY,2026-10-27,26850.0,CE,0.0,0.0,0.0,126.7,38.61,0,0.0,0,0,2026-09-01
NIFTY,2026-10-27,27000.0,CE,7.15,8.0,6.4,6.95,6.95,1607,2821021183.5,294905,2730,2026-09-01
NIFTY,2026-10-27,27100.0,CE,0.0,0.0,0.0,101.3,27.25,0,0.0,0,0,2026-09-01
NIFTY,2026-11-23,22500.0,CE,0.0,0.0,0.0,2283.7,2019.29,0,0.0,0,0,2026-09-01
NIFTY,2026-11-23,22800.0,CE,0.0,0.0,0.0,2032.75,1775.07,0,0.0,0,0,2026-09-01
NIFTY,2026-11-23,23200.0,CE,0.0,0.0,0.0,1717.3,1472.31,0,0.0,0,0,2026-09-01
NIFTY,2026-11-23,24850.0,CE,0.0,0.0,0.0,714.05,548.85,0,0.0,0,0,2026-09-01
NIFTY,2026-11-23,25200.0,CE,0.0,0.0,0.0,569.15,424.68,0,0.0,0,0,2026-09-01
NIFTY,2026-11-23,25250.0,CE,0.0,0.0,0.0,550.35,408.83,0,0.0,0,0,2026-09-01
NIFTY,2026-12-29,28000.0,CE,22.25,22.95,21.0,21.55,21.55,1273,2318656385.5,1621845,-8515,2026-09-01
NIFTY,2027-06-29,28500.0,CE,0.0,0.0,0.0,1711.9,455.57,0,0.0,0,0,2026-09-01
NIFTY,2027-12-28,25000.0,CE,2021.75,2060.0,1865.55,1971.6,1971.6,218,382476776.5,44145,-455,2026-09-01
NIFTY,2027-12-28,26000.0,CE,1480.0,1497.0,1392.05,1410.9,1410.9,234,417353875.25,82460,3120,2026-09-01
NIFTY,2027-12-28,30000.0,CE,288.0,300.0,260.0,269.45,269.45,255,501941612.25,173290,325,2026-09-01
NIFTY,2027-12-28,31500.0,CE,0.0,0.0,0.0,210.0,416.02,0,0.0,1950,0,2026-09-01
NIFTY,2028-06-27,16500.0,CE,0.0,0.0,0.0,11752.8,9430.09,0,0.0,0,0,2026-09-01
NIFTY,2029-06-26,19500.0,CE,0.0,0.0,0.0,10206.95,8018.35,0,0.0,0,0,2026-09-01
NIFTY,2029-12-24,19500.0,CE,0.0,0.0,0.0,10678.8,8549.39,0,0.0,0,0,2026-09-01
NIFTY,2030-06-25,25500.0,CE,0.0,0.0,0.0,7070.45,5335.34,0,0.0,0,0,2026-09-01
NIFTY,2030-12-31,24000.0,CE,0.0,0.0,0.0,8563.3,6750.32,0,0.0,0,0,2026-09-01
NIFTY,2031-06-24,16500.0,CE,0.0,0.0,0.0,11849.25,12079.6,0,0.0,0,0,2026-09-01
NIFTY,2026-09-01,22200.0,PE,0.35,0.7,0.05,0.1,24055.8,37498,54110288264.5,163345,-59995,2026-09-01
NIFTY,2026-09-01,22650.0,PE,0.45,0.55,0.05,0.1,24055.8,28420,41841901387.0,200005,42185,2026-09-01
NIFTY,2026-09-01,23850.0,PE,4.65,8.3,0.05,2.55,24055.8,9226058,14304619941729.0,5200715,-286520,2026-09-01
NIFTY,2026-09-01,24550.0,PE,505.0,592.15,392.35,490.55,24055.8,4724,7683733525.0,89635,-19890,2026-09-01
NIFTY,2027-03-30,24000.0,CE,1449.85,1455.9,1329.05,1337.0,1337.0,784,1292503972.5,479570,5070,2026-09-01
NIFTY,2026-09-01,22550.0,CE,0.0,0.0,0.0,1849.95,24055.8,0,0.0,0,0,2026-09-01
NIFTY,2026-09-01,23500.0,CE,596.4,651.0,459.15,532.45,24055.8,9395,14681506905.0,85215,-26520,2026-09-01
NIFTY,2026-09-01,25400.0,CE,0.4,0.5,0.05,0.1,24055.8,86252,142403498740.75,917670,-572975,2026-09-01
NIFTY,2026-09-01,27150.0,CE,0.35,0.35,0.05,0.1,24055.8,1930,3405986564.5,57070,5330,2026-09-01
NIFTY,2026-09-08,22700.0,CE,0.0,0.0,0.0,2071.05,1382.72,0,0.0,0,0,2026-09-01
NIFTY,2026-09-08,25050.0,CE,3.5,3.5,1.95,2.6,2.6,26727,43522794753.75,464945,224120,2026-09-01
NIFTY,2026-09-08,25850.0,CE,0.95,1.15,0.8,0.9,0.9,408,685566193.0,18655,2145,2026-09-01
NIFTY,2026-09-15,25400.0,CE,3.1,4.75,2.6,3.6,3.6,1274,2103655440.25,17810,520,2026-09-01
NIFTY,2026-09-22,24150.0,CE,235.6,279.05,181.7,189.55,189.55,519,822310745.75,23205,5915,2026-09-01
NIFTY,2026-09-22,24700.0,CE,62.95,62.95,37.1,39.8,39.8,2035,3273304108.75,53430,12220,2026-09-01
NIFTY,2026-09-22,24850.0,CE,37.8,37.8,23.35,25.35,25.35,249,402719807.75,24635,3185,2026-09-01
NIFTY,2026-09-29,22900.0,CE,1250.0,1250.0,1210.85,1210.85,1319.36,12,18827955.25,4485,455,2026-09-01
NIFTY,2026-09-29,26100.0,CE,5.0,5.0,3.85,4.8,4.8,399,677023737.0,12350,9555,2026-09-01
NIFTY,2026-09-29,27000.0,CE,2.5,2.8,1.65,1.9,1.9,12092,21223000639.75,1703065,-184080,2026-09-01
NIFTY,2026-11-23,23500.0,CE,1075.0,1135.0,992.65,995.6,995.6,119,189802154.75,7930,5005,2026-09-01
NIFTY,2026-11-23,23800.0,CE,860.0,912.9,775.5,790.3,790.3,93,148858063.25,2145,1560,2026-09-01
NIFTY,2026-12-29,31500.0,CE,6.5,6.5,5.05,5.25,5.25,43,88057531.25,31590,520,2026-09-01
NIFTY,2026-09-01,25200.0,PE,1149.0,1242.8,1050.0,1158.4,24055.8,592,1014638586.0,17030,-19305,2026-09-01
NIFTY,2026-09-01,26900.0,PE,0.0,0.0,0.0,2549.75,24055.8,0,0.0,0,0,2026-09-01
NIFTY,2026-09-08,22900.0,PE,4.9,5.0,2.9,3.6,3.6,51560,76759762771.25,902655,378170,2026-09-01
NIFTY,2026-09-08,23900.0,PE,52.0,99.0,35.7,86.4,86.4,330192,514449338429.0,3349060,1480180,2026-09-01
NIFTY,2026-09-15,22500.0,PE,6.1,7.25,4.35,5.9,5.9,8285,12119616860.0,318565,159315,2026-09-01
NIFTY,2026-09-15,23400.0,PE,23.65,33.95,14.85,28.9,28.9,13923,21198699375.75,346580,195715,2026-09-01
NIFTY,2026-09-29,22450.0,PE,16.4,16.45,13.8,15.9,15.9,94,137264530.0,21125,-4615,2026-09-01
NIFTY,2026-11-23,23250.0,PE,0.0,0.0,0.0,249.65,286.17,0,0.0,0,0,2026-09-01
NIFTY,2026-11-23,25450.0,PE,0.0,0.0,0.0,1217.0,1367.25,0,0.0,0,0,2026-09-01
NIFTY,2026-10-27,24550.0,CE,259.45,291.8,220.55,222.85,222.85,220,354583775.0,14105,3575,2026-09-01
NIFTY,2026-10-27,25200.0,CE,80.1,87.2,65.0,66.55,66.55,5876,9652845361.25,311935,-2340,2026-09-01
NIFTY,2026-10-27,26250.0,CE,0.0,0.0,0.0,210.65,84.15,0,0.0,0,0,2026-09-01
NIFTY,2026-10-27,26350.0,CE,0.0,0.0,0.0,194.1,74.33,0,0.0,0,0,2026-09-01
NIFTY,2026-11-23,22650.0,CE,0.0,0.0,0.0,2156.8,1895.55,0,0.0,0,0,2026-09-01
NIFTY,2026-11-23,23000.0,CE,1500.0,1510.0,1400.0,1406.35,1406.35,23,36553107.5,2275,455,2026-09-01
NIFTY,2026-11-23,23850.0,CE,0.0,0.0,0.0,1260.3,1040.97,0,0.0,0,0,2026-09-01
NIFTY,2026-11-23,24950.0,CE,0.0,0.0,0.0,670.25,510.96,0,0.0,0,0,2026-09-01
NIFTY,2026-11-23,25950.0,CE,0.0,0.0,0.0,332.85,231.62,0,0.0,0,0,2026-09-01
NIFTY,2026-11-23,26000.0,CE,52.8,54.75,42.6,44.25,44.25,2622,4439298266.0,155415,35815,2026-09-01
NIFTY,2026-12-29,18000.0,CE,0.0,0.0,0.0,6570.45,6436.86,0,0.0,1690,0,2026-09-01
NIFTY,2026-12-29,34500.0,CE,0.0,0.0,0.0,4.9,0.07,0,0.0,975,0,2026-09-01
NIFTY,2027-03-30,22500.0,CE,2550.15,2600.0,2461.85,2486.3,2486.3,141,229265253.75,19955,5330,2026-09-01
NIFTY,2028-12-26,16500.0,CE,0.0,0.0,0.0,12176.65,9910.51,0,0.0,0,0,2026-09-01
NIFTY,2029-06-26,27000.0,CE,0.0,0.0,0.0,6570.4,3387.0,0,0.0,0,0,2026-09-01
NIFTY,2029-12-24,25500.0,CE,0.0,0.0,0.0,6500.6,4736.56,0,0.0,0,0,2026-09-01
NIFTY,2029-12-24,30000.0,CE,0.0,0.0,0.0,2863.2,2765.88,0,0.0,8145,0,2026-09-01
NIFTY,2030-12-31,21000.0,CE,0.0,0.0,0.0,10552.5,8578.29,0,0.0,0,0,2026-09-01
NIFTY,2031-06-24,27000.0,CE,0.0,0.0,0.0,5699.0,5722.77,0,0.0,0,0,2026-09-01
NIFTY,2026-09-01,22350.0,PE,0.4,0.55,0.05,0.15,24055.8,17977,26116393813.25,183755,-10530,2026-09-01
NIFTY,2026-09-01,22950.0,PE,0.35,0.75,0.05,0.1,24055.8,171108,255254010719.5,977340,691795,2026-09-01
NIFTY,2026-09-01,24050.0,PE,47.4,103.2,0.05,10.15,24055.8,28783616,45054173760085.75,24179220,15659865,2026-09-01
NIFTY,2026-09-01,24300.0,PE,245.0,351.75,148.2,259.85,24055.8,560127,892749464831.25,1070420,-1472770,2026-09-01
NIFTY,2026-09-01,25300.0,PE,1232.2,1346.6,1182.35,1245.2,24055.8,300,517521894.5,9295,-9880,2026-09-01
NIFTY,2026-09-01,25750.0,PE,0.0,0.0,0.0,1508.85,24055.8,0,0.0,0,0,2026-09-01
NIFTY,2026-09-01,25900.0,PE,1780.0,1930.0,1780.0,1904.0,24055.8,5,9023560.0,260,0,2026-09-01
NIFTY,2026-09-01,26150.0,PE,0.0,0.0,0.0,1854.75,24055.8,0,0.0,0,0,2026-09-01
NIFTY,2026-09-01,26250.0,PE,0.0,0.0,0.0,1944.45,24055.8,0,0.0,0,0,2026-09-01
NIFTY,2026-09-01,26650.0,PE,0.0,0.0,0.0,2313.1,24055.8,0,0.0,0,0,2026-09-01
NIFTY,2026-09-08,23150.0,PE,5.9,7.0,3.7,5.1,5.1,25647,38600772600.0,266045,33930,2026-09-01
NIFTY,2026-09-08,23500.0,PE,14.45,19.1,7.35,14.8,14.8,295300,451308413533.25,6194760,3317860,2026-09-01
NIFTY,2026-09-08,25000.0,PE,899.95,1012.0,799.65,993.55,993.55,2446,4121638605.5,204555,104520,2026-09-01
NIFTY,2026-09-08,25150.0,PE,1050.0,1150.0,970.0,1142.85,1142.85,12,20467200.0,780,780,2026-09-01
NIFTY,2026-09-08,25200.0,PE,1100.0,1209.0,1018.55,1188.25,1188.25,233,398560314.75,17680,10725,2026-09-01
NIFTY,2026-09-08,25350.0,PE,1249.95,1250.0,1218.0,1218.0,1266.87,13,22468696.25,780,715,2026-09-01
NIFTY,2026-09-15,22700.0,PE,5.8,8.05,4.7,7.1,7.1,1723,2542968905.75,67795,31850,2026-09-01
NIFTY,2026-09-15,23150.0,PE,12.65,18.25,8.9,16.85,16.85,3565,5368031776.25,176280,147940,2026-09-01
NIFTY,2026-09-15,23250.0,PE,0.0,0.0,0.0,82.5,45.97,0,0.0,0,0,2026-09-01
NIFTY,2026-09-15,23550.0,PE,31.35,51.55,23.4,44.6,44.6,2617,4011584447.0,44460,25675,2026-09-01
NIFTY,2026-09-15,23600.0,PE,38.0,60.0,26.4,51.8,51.8,11651,17904553686.5,199745,155480,2026-09-01
NIFTY,2026-09-15,25050.0,PE,0.0,0.0,0.0,751.7,978.69,0,0.0,0,0,2026-09-01
NIFTY,2026-09-15,25650.0,PE,0.0,0.0,0.0,1183.55,1542.21,0,0.0,0,0,2026-09-01
NIFTY,2026-09-22,22350.0,PE,7.6,9.1,4.75,7.4,7.4,146,212166392.75,29770,1690,2026-09-01
NIFTY,2026-09-22,22700.0,PE,0.0,0.0,0.0,50.15,21.37,0,0.0,0,0,2026-09-01
NIFTY,2026-09-22,22800.0,PE,12.5,15.65,8.4,14.85,14.85,214,317319798.25,6760,4875,2026-09-01
NIFTY,2026-09-22,24150.0,PE,219.0,286.45,168.0,269.1,269.1,453,717136602.0,6175,4745,2026-09-01
NIFTY,2026-09-22,25200.0,PE,0.0,0.0,0.0,1072.35,1120.26,0,0.0,0,0,2026-09-01
NIFTY,2026-09-22,25750.0,PE,0.0,0.0,0.0,1525.75,1623.65,0,0.0,0,0,2026-09-01
NIFTY,2026-09-29,21000.0,PE,8.55,10.0,5.3,6.3,6.3,14318,19550131237.0,1609205,19565,2026-09-01
NIFTY,2026-09-29,21950.0,PE,10.45,11.4,10.45,11.4,5.63,2,2854920.25,10920,0,2026-09-01
NIFTY,2026-09-29,22550.0,PE,15.45,18.2,12.35,16.8,16.8,567,831650205.75,14885,-8255,2026-09-01
NIFTY,2026-09-29,22600.0,PE,15.9,19.4,12.95,18.05,18.05,3965,5828843793.5,321425,15860,2026-09-01
NIFTY,2026-09-29,23400.0,PE,53.95,74.5,40.7,68.1,68.1,30628,46699264443.0,1070550,70200,2026-09-01
NIFTY,2026-09-29,24750.0,PE,635.0,725.65,545.75,711.55,711.55,66,108967446.25,35490,-975,2026-09-01
NIFTY,2026-09-29,24950.0,PE,900.55,900.55,878.05,878.05,930.73,3,5037932.25,5005,-65,2026-09-01
NIFTY,2026-09-29,25650.0,PE,0.0,0.0,0.0,1016.85,1522.34,0,0.0,65,0,2026-09-01
NIFTY,2026-09-29,25700.0,PE,0.0,0.0,0.0,1410.1,1567.93,0,0.0,12090,0,2026-09-01
NIFTY,2026-09-29,27150.0,PE,0.0,0.0,0.0,2959.15,2970.3,0,0.0,0,0,2026-09-01
NIFTY,2026-09-29,33000.0,PE,0.0,0.0,0.0,6552.15,8791.65,0,0.0,0,0,2026-09-01
NIFTY,2026-10-27,23100.0,PE,71.4,87.7,57.65,85.35,85.35,1198,1804670214.75,99515,-19435,2026-09-01
NIFTY,2026-10-27,23450.0,PE,116.5,143.55,95.55,138.2,138.2,563,862167803.25,49270,-15470,2026-09-01
NIFTY,2026-10-27,24300.0,PE,358.4,438.25,314.7,422.85,422.85,1678,2691581932.0,162305,29705,2026-09-01
NIFTY,2026-10-27,24800.0,PE,648.05,728.25,580.0,725.15,725.15,103,170307042.75,145535,-390,2026-09-01
NIFTY,2026-10-27,24850.0,PE,0.0,0.0,0.0,638.95,922.5,0,0.0,1820,0,2026-09-01
NIFTY,2026-10-27,25000.0,PE,735.0,900.0,714.35,880.5,880.5,1900,3188300050.0,595790,26000,2026-09-01
NIFTY,2026-10-27,25200.0,PE,903.8,1052.2,903.75,1048.6,1048.6,22,37404675.75,13130,-130,2026-09-01
NIFTY,2026-10-27,25600.0,PE,1280.0,1280.0,1280.0,1280.0,1466.25,1,1747200.0,130,0,2026-09-01
NIFTY,2026-10-27,26000.0,PE,1680.35,1800.0,1589.75,1784.05,1784.05,723,1300758478.5,175565,33020,2026-09-01
NIFTY,2026-10-27,26600.0,PE,0.0,0.0,0.0,2372.55,2331.78,0,0.0,0,0,2026-09-01
NIFTY,2026-11-23,22450.0,PE,0.0,0.0,0.0,108.55,123.01,0,0.0,0,0,2026-09-01
NIFTY,2026-11-23,22950.0,PE,0.0,0.0,0.0,186.2,212.48,0,0.0,0,0,2026-09-01
NIFTY,2026-11-23,23950.0,PE,0.0,0.0,0.0,456.55,521.93,0,0.0,0,0,2026-09-01
NIFTY,2030-12-31,33000.0,PE,0.0,0.0,0.0,2387.3,3654.6,0,0.0,0,0,2026-09-01
NIFTY,2030-12-31,27000.0,PE,0.0,0.0,0.0,779.5,1446.11,0,0.0,0,0,2026-09-01
NIFTY,2029-12-24,19500.0,PE,0.0,0.0,0.0,61.2,182.37,0,0.0,0,0,2026-09-01
NIFTY,2029-06-26,26000.0,PE,0.0,0.0,0.0,1650.0,1419.89,0,0.0,50,0,2026-09-01
NIFTY,2029-06-26,22500.0,PE,0.0,0.0,0.0,224.45,540.62,0,0.0,0,0,2026-09-01
NIFTY,2028-12-26,30000.0,PE,0.0,0.0,0.0,2352.75,3377.61,0,0.0,0,0,2026-09-01
NIFTY,2028-12-26,22500.0,PE,0.0,0.0,0.0,218.8,535.4,0,0.0,0,0,2026-09-01
NIFTY,2028-12-26,21000.0,PE,0.0,0.0,0.0,339.05,300.69,0,0.0,8555,0,2026-09-01
NIFTY,2028-06-27,25500.0,PE,0.0,0.0,0.0,667.45,1383.59,0,0.0,0,0,2026-09-01
NIFTY,2028-06-27,22000.0,PE,365.1,371.05,302.0,371.05,371.05,9,13064064.0,2015,520,2026-09-01
NIFTY,2028-06-27,18000.0,PE,0.0,0.0,0.0,396.75,48.87,0,0.0,0,0,2026-09-01
NIFTY,2027-12-28,30000.0,PE,0.0,0.0,0.0,3770.0,4102.97,0,0.0,1105,0,2026-09-01
NIFTY,2027-12-28,22500.0,PE,0.0,0.0,0.0,186.5,469.48,0,0.0,0,0,2026-09-01
NIFTY,2027-12-28,19500.0,PE,0.0,0.0,0.0,29.25,88.65,0,0.0,0,0,2026-09-01
NIFTY,2027-06-29,33000.0,PE,0.0,0.0,0.0,4691.7,7264.73,0,0.0,0,0,2026-09-01
NIFTY,2027-03-30,33000.0,PE,0.0,0.0,0.0,8415.45,7735.0,0,0.0,0,0,2026-09-01
NIFTY,2026-12-29,12000.0,PE,4.2,8.5,4.2,4.35,4.35,16,12485222.75,18800,585,2026-09-01
NIFTY,2026-09-22,24000.0,CE,359.0,381.05,257.85,266.95,266.95,3600,5685928729.0,125450,89765,2026-09-01
NIFTY,2026-09-22,22350.0,CE,0.0,0.0,0.0,1959.05,1791.05,0,0.0,0,0,2026-09-01
NIFTY,2026-09-15,26050.0,CE,2.9,2.9,1.2,1.9,1.9,107,181192739.0,2145,0,2026-09-01
NIFTY,2026-09-15,25800.0,CE,2.7,3.55,1.3,1.8,1.8,1198,2009196452.25,37310,18330,2026-09-01
NIFTY,2026-09-22,24600.0,CE,58.1,83.05,50.0,53.3,53.3,4000,6413722087.5,91650,-12610,2026-09-01
NIFTY,2026-09-01,22100.0,CE,0.0,0.0,0.0,1951.0,24055.8,0,0.0,65,0,2026-09-01
NIFTY,2026-09-01,22150.0,CE,0.0,0.0,0.0,2218.8,24055.8,0,0.0,0,0,2026-09-01
NIFTY,2026-09-01,24100.0,CE,45.4,81.1,0.05,4.45,24055.8,32652760,51197440822476.0,24740885,14745380,2026-09-01
NIFTY,2026-09-01,27000.0,CE,0.35,0.35,0.05,0.05,24055.8,51393,90195192707.75,457015,56680,2026-09-01
NIFTY,2026-09-08,22450.0,CE,0.0,0.0,0.0,2309.55,1631.9,0,0.0,0,0,2026-09-01
NIFTY,2026-09-08,22500.0,CE,1590.0,1675.0,1500.0,1501.35,1501.35,90,141198248.75,14235,5590,2026-09-01
NIFTY,2026-09-08,23950.0,CE,250.0,300.0,155.0,163.15,163.15,81718,128204849448.0,730795,644215,2026-09-01
NIFTY,2026-09-08,24200.0,CE,103.5,131.45,52.35,56.15,56.15,624952,986353818193.25,7394660,4189770,2026-09-01
NIFTY,2026-09-08,24500.0,CE,28.8,28.95,11.3,12.8,12.8,447347,712888642674.0,7231055,3516630,2026-09-01
NIFTY,2026-09-08,24850.0,CE,5.25,5.25,2.95,3.85,3.85,119593,193202393328.75,1616095,941265,2026-09-01
NIFTY,2026-09-08,25250.0,CE,2.55,2.6,1.4,1.85,1.85,12180,19991961463.5,179465,69420,2026-09-01
NIFTY,2026-09-08,25350.0,CE,1.1,2.3,1.1,1.55,1.55,11379,18751014860.5,245375,209560,2026-09-01
NIFTY,2026-09-08,26000.0,CE,0.95,1.05,0.7,0.85,0.85,52306,88400086008.0,2271880,751205,2026-09-01
NIFTY,2026-09-08,26250.0,CE,0.9,0.95,0.7,0.8,0.8,186,317372259.75,10855,4420,2026-09-01
NIFTY,2026-09-15,23350.0,CE,0.0,0.0,0.0,1354.25,820.02,0,0.0,0,0,2026-09-01
NIFTY,2026-09-15,23950.0,CE,302.9,356.0,221.05,232.85,232.85,2760,4341456934.75,55315,52260,2026-09-01
NIFTY,2026-09-15,25100.0,CE,0.0,0.0,0.0,301.2,37.26,0,0.0,0,0,2026-09-01
NIFTY,2031-06-24,27000.0,PE,0.0,0.0,0.0,1653.15,1355.93,0,0.0,0,0,2026-09-01
NIFTY,2029-12-24,28500.0,PE,0.0,0.0,0.0,1255.9,2209.17,0,0.0,0,0,2026-09-01
NIFTY,2029-12-24,27000.0,PE,0.0,0.0,0.0,1177.9,1657.87,0,0.0,0,0,2026-09-01
NIFTY,2029-12-24,22500.0,PE,0.0,0.0,0.0,225.7,536.23,0,0.0,0,0,2026-09-01
NIFTY,2029-06-26,33000.0,PE,0.0,0.0,0.0,3022.85,4769.47,0,0.0,0,0,2026-09-01
NIFTY,2029-06-26,28500.0,PE,0.0,0.0,0.0,1349.1,2385.19,0,0.0,0,0,2026-09-01
NIFTY,2028-12-26,25500.0,PE,0.0,0.0,0.0,648.2,1324.55,0,0.0,0,0,2026-09-01
NIFTY,2028-06-27,24000.0,PE,0.0,0.0,0.0,1692.75,881.31,0,0.0,0,0,2026-09-01
NIFTY,2027-12-28,21000.0,PE,250.25,250.25,225.15,239.3,239.3,28,38651197.0,36790,0,2026-09-01
NIFTY,2027-12-28,17000.0,PE,0.0,0.0,0.0,54.0,11.52,0,0.0,17750,0,2026-09-01
NIFTY,2027-06-29,25500.0,PE,0.0,0.0,0.0,667.15,1455.17,0,0.0,0,0,2026-09-01
NIFTY,2027-06-29,21000.0,PE,128.1,136.05,128.1,135.0,145.81,10,13737340.5,8350,260,2026-09-01
NIFTY,2026-11-23,25550.0,PE,0.0,0.0,0.0,1282.8,1438.87,0,0.0,0,0,2026-09-01
NIFTY,2026-11-23,24800.0,PE,670.0,734.0,620.0,734.0,945.54,35,57917418.0,1885,780,2026-09-01
NIFTY,2026-11-23,24700.0,PE,570.0,670.0,560.0,656.0,656.0,54,88897331.25,2665,2145,2026-09-01
NIFTY,2026-11-23,23900.0,PE,330.0,330.0,313.85,313.85,501.72,3,4722750.5,130,130,2026-09-01
NIFTY,2026-11-23,23700.0,PE,0.0,0.0,0.0,372.35,426.08,0,0.0,0,0,2026-09-01
NIFTY,2026-11-23,23500.0,PE,170.0,204.25,147.15,197.75,197.75,1677,2581000275.75,92170,25740,2026-09-01
NIFTY,2026-11-23,23100.0,PE,0.0,0.0,0.0,216.2,246.99,0,0.0,0,0,2026-09-01
NIFTY,2026-11-23,22800.0,PE,0.0,0.0,0.0,159.45,181.68,0,0.0,0,0,2026-09-01
NIFTY,2026-10-27,26400.0,PE,0.0,0.0,0.0,2204.4,2149.62,0,0.0,0,0,2026-09-01
NIFTY,2026-10-27,26250.0,PE,0.0,0.0,0.0,2081.05,2015.48,0,0.0,0,0,2026-09-01
NIFTY,2026-10-27,25700.0,PE,0.0,0.0,0.0,1260.0,1546.76,0,0.0,325,0,2026-09-01
NIFTY,2026-10-27,23800.0,PE,191.55,233.1,160.0,225.0,225.0,3124,4873672982.75,330460,29185,2026-09-01
NIFTY,2026-10-27,23750.0,PE,0.0,0.0,0.0,529.65,365.02,0,0.0,0,0,2026-09-01
NIFTY,2026-10-27,23150.0,PE,0.0,0.0,0.0,327.65,188.19,0,0.0,0,0,2026-09-01
NIFTY,2026-10-27,22950.0,PE,0.0,0.0,0.0,274.9,146.56,0,0.0,0,0,2026-09-01
NIFTY,2026-10-27,22900.0,PE,0.0,0.0,0.0,262.65,137.35,0,0.0,0,0,2026-09-01
NIFTY,2026-09-29,34500.0,PE,0.0,0.0,0.0,7064.95,10284.72,0,0.0,0,0,2026-09-01
NIFTY,2026-09-29,26050.0,PE,0.0,0.0,0.0,1710.0,1895.07,0,0.0,260,0,2026-09-01
NIFTY,2026-09-29,26000.0,PE,1790.0,1919.25,1700.0,1896.15,1896.15,1137,2055124974.5,2266470,-7670,2026-09-01
NIFTY,2026-09-29,25550.0,PE,1383.9,1383.9,1383.9,1383.9,1432.22,5,8753517.5,520,-325,2026-09-01
NIFTY,2026-09-29,25300.0,PE,1119.95,1212.35,1057.0,1190.95,1190.95,110,188769178.0,36400,6175,2026-09-01
NIFTY,2026-09-29,25050.0,PE,0.0,0.0,0.0,791.2,1008.67,0,0.0,3900,0,2026-09-01
NIFTY,2026-09-29,24850.0,PE,759.95,807.9,759.85,802.0,802.0,13,21655591.75,14300,-715,2026-09-01
NIFTY,2026-09-29,23050.0,PE,26.75,38.3,22.3,34.8,34.8,1428,2142300891.25,107770,27040,2026-09-01
NIFTY,2026-09-29,22400.0,PE,14.4,15.8,11.05,15.0,15.0,1055,1536969963.75,80405,325,2026-09-01
NIFTY,2026-09-22,24050.0,PE,180.65,230.0,132.25,219.7,219.7,734,1156128951.25,4095,1105,2026-09-01
NIFTY,2026-09-22,24000.0,PE,151.6,213.0,117.55,196.35,196.35,5625,8834481821.75,103675,15925,2026-09-01
NIFTY,2026-09-22,23050.0,PE,0.0,0.0,0.0,93.3,51.43,0,0.0,0,0,2026-09-01
NIFTY,2026-09-15,26200.0,PE,0.0,0.0,0.0,1647.25,2084.61,0,0.0,0,0,2026-09-01
NIFTY,2026-09-15,26000.0,PE,1840.0,1955.0,1840.0,1952.5,1952.5,4,7253675.0,650,195,2026-09-01
NIFTY,2026-09-15,25350.0,PE,0.0,0.0,0.0,956.1,1254.14,0,0.0,0,0,2026-09-01
NIFTY,2026-09-15,24500.0,PE,421.95,522.4,336.1,496.3,496.3,3105,5032664731.25,204230,-55965,2026-09-01
NIFTY,2026-09-15,24450.0,PE,397.0,475.45,296.75,450.0,450.0,105,169413231.0,8385,2535,2026-09-01
NIFTY,2026-09-15,24150.0,PE,159.1,261.25,137.35,241.6,241.6,4644,7347342479.75,57330,1040,2026-09-01
NIFTY,2026-09-15,22800.0,PE,7.4,9.2,5.05,8.2,8.2,1973,2924926270.5,58955,29250,2026-09-01
NIFTY,2026-09-15,22350.0,PE,6.0,7.2,3.75,5.5,5.5,3121,4535018933.25,163605,139230,2026-09-01
NIFTY,2026-09-08,26400.0,PE,0.0,0.0,0.0,1700.8,2313.64,0,0.0,0,0,2026-09-01
NIFTY,2026-09-08,26200.0,PE,2080.0,2190.0,2000.0,2190.0,2113.88,45,82551446.25,2405,2340,2026-09-01
NIFTY,2026-09-08,26150.0,PE,0.0,0.0,0.0,1482.45,2063.94,0,0.0,0,0,2026-09-01
NIFTY,2026-09-08,26050.0,PE,0.0,0.0,0.0,1397.8,1964.07,0,0.0,0,0,2026-09-01
NIFTY,2026-09-08,23950.0,PE,70.0,119.95,44.65,106.65,106.65,200167,312749202346.75,1117740,610805,2026-09-01
NIFTY,2026-09-08,23850.0,PE,50.5,80.95,28.6,70.55,70.55,122753,190716737844.75,704145,311350,2026-09-01
NIFTY,2026-09-01,26850.0,PE,0.0,0.0,0.0,2502.1,24055.8,0,0.0,0,0,2026-09-01
NIFTY,2026-09-01,26200.0,PE,2180.0,2180.0,2180.0,2180.0,24055.8,1,1844700.0,65,0,2026-09-01
NIFTY,2026-09-01,25800.0,PE,1675.0,1750.3,1675.0,1750.3,24055.8,2,3576644.5,650,0,2026-09-01
NIFTY,2026-09-01,24500.0,PE,425.0,544.0,341.3,464.35,24055.8,47987,77784913293.75,632775,-717405,2026-09-01
NIFTY,2026-09-01,24350.0,PE,275.5,395.35,194.4,314.6,24055.8,104937,167933010098.75,210080,-458640,2026-09-01
NIFTY,2026-09-01,24150.0,PE,90.85,196.9,38.75,101.2,24055.8,7304688,11503955642552.75,4564495,336440,2026-09-01
NIFTY,2026-09-01,23200.0,PE,0.6,0.8,0.05,0.1,24055.8,887453,1338302389076.25,4163770,698880,2026-09-01
NIFTY,2026-09-01,23000.0,PE,0.55,0.65,0.05,0.1,24055.8,1034868,1547150754786.0,7441915,74035,2026-09-01
NIFTY,2026-09-01,22600.0,PE,0.6,0.65,0.05,0.05,24055.8,73213,107551327432.25,689715,314730,2026-09-01
NIFTY,2026-09-01,22550.0,PE,0.5,0.6,0.05,0.1,24055.8,20276,29719955027.75,170170,35295,2026-09-01
NIFTY,2026-09-01,22400.0,PE,0.35,0.6,0.05,0.1,24055.8,39464,57460262977.0,221195,-174460,2026-09-01
NIFTY,2031-06-24,33000.0,CE,0.0,0.0,0.0,3451.55,3366.64,0,0.0,0,0,2026-09-01
NIFTY,2031-06-24,21000.0,CE,0.0,0.0,0.0,8900.75,9062.16,0,0.0,0,0,2026-09-01
NIFTY,2030-12-31,31500.0,CE,0.0,0.0,0.0,4554.55,3355.06,0,0.0,0,0,2026-09-01
NIFTY,2030-06-25,21000.0,CE,0.0,0.0,0.0,10421.65,8034.85,0,0.0,0,0,2026-09-01
NIFTY,2029-12-24,18000.0,CE,0.0,0.0,0.0,11362.4,9665.94,0,0.0,0,0,2026-09-01
NIFTY,2027-12-28,16500.0,CE,0.0,0.0,0.0,11316.4,8934.67,0,0.0,0,0,2026-09-01
NIFTY,2027-03-30,31500.0,CE,0.0,0.0,0.0,94.65,36.57,0,0.0,0,0,2026-09-01
NIFTY,2027-03-30,27000.0,CE,188.2,190.0,160.65,164.7,164.7,3302,5832450393.25,746720,-16835,2026-09-01
NIFTY,2026-12-29,31000.0,CE,7.55,8.2,7.0,8.0,8.0,47,94728721.75,160570,-260,2026-09-01
NIFTY,2026-12-29,29000.0,CE,12.0,12.25,11.35,11.8,11.8,244,460126007.25,544800,-690,2026-09-01
NIFTY,2026-12-29,28500.0,CE,18.5,18.5,15.1,16.65,16.65,229,424468248.75,110955,1560,2026-09-01
NIFTY,2026-12-29,27000.0,CE,47.25,47.5,42.0,43.3,43.3,5529,9719574874.75,2597610,-8340,2026-09-01
NIFTY,2026-12-29,22000.0,CE,2600.0,2660.0,2475.7,2484.9,2484.9,157,250379142.0,267150,-1755,2026-09-01
NIFTY,2026-11-23,24500.0,CE,435.2,472.4,378.45,383.95,383.95,2045,3311475989.25,133705,43095,2026-09-01
NIFTY,2026-11-23,24150.0,CE,669.1,669.1,563.7,567.2,567.2,14,22506513.25,520,260,2026-09-01
NIFTY,2026-11-23,23350.0,CE,0.0,0.0,0.0,1606.3,1364.62,0,0.0,0,0,2026-09-01
NIFTY,2026-11-23,22400.0,CE,0.0,0.0,0.0,2369.8,2103.47,0,0.0,0,0,2026-09-01
NIFTY,2026-10-27,26300.0,CE,0.0,0.0,0.0,202.25,79.11,0,0.0,0,0,2026-09-01
NIFTY,2026-10-27,25850.0,CE,0.0,0.0,0.0,288.85,135.16,0,0.0,0,0,2026-09-01
NIFTY,2026-10-27,25750.0,CE,30.0,30.8,22.5,24.8,24.8,1364,2285317966.75,114985,4875,2026-09-01
NIFTY,2026-10-27,24850.0,CE,160.0,175.6,129.15,131.6,131.6,322,523146802.75,12870,3510,2026-09-01
NIFTY,2026-10-27,24750.0,CE,211.45,211.45,154.55,157.8,157.8,273,442244448.75,14495,910,2026-09-01
NIFTY,2026-10-27,24050.0,CE,550.3,573.55,460.0,464.3,464.3,433,691406690.0,4290,2665,2026-09-01
NIFTY,2026-10-27,23600.0,CE,0.0,0.0,0.0,930.0,1004.95,0,0.0,65,0,2026-09-01
NIFTY,2026-10-27,23450.0,CE,0.0,0.0,0.0,1307.95,1106.69,0,0.0,0,0,2026-09-01
NIFTY,2026-10-27,23200.0,CE,1249.65,1249.65,1249.65,1249.65,1287.98,1,1589227.25,585,65,2026-09-01
NIFTY,2026-10-27,22800.0,CE,0.0,0.0,0.0,1767.2,1604.38,0,0.0,0,0,2026-09-01
NIFTY,2026-09-29,27100.0,CE,2.7,2.7,1.65,1.75,1.75,72,126836619.0,15795,-2340,2026-09-01
NIFTY,2026-09-29,26800.0,CE,3.0,3.0,1.9,2.25,2.25,87,151567149.5,2535,-1885,2026-09-01
NIFTY,2026-09-29,26200.0,CE,4.15,5.5,3.4,4.05,4.05,2415,4113357556.75,198120,14300,2026-09-01
NIFTY,2026-09-29,25600.0,CE,8.35,9.35,7.8,8.8,8.8,6330,10536640367.5,366340,-67405,2026-09-01
NIFTY,2026-09-29,25200.0,CE,21.05,22.15,17.0,17.65,17.65,15838,25962042652.0,923585,-25220,2026-09-01
NIFTY,2026-09-29,23700.0,CE,638.6,663.0,500.5,514.9,514.9,713,1124430836.75,49920,8255,2026-09-01
NIFTY,2026-09-29,23000.0,CE,1238.65,1300.0,1095.0,1111.4,1111.4,1344,2112474393.25,429000,2600,2026-09-01
NIFTY,2026-09-29,22800.0,CE,1320.0,1320.0,1320.0,1320.0,1408.08,1,1567800.0,2730,-65,2026-09-01
NIFTY,2026-09-29,22200.0,CE,0.0,0.0,0.0,1970.0,1969.68,0,0.0,260,0,2026-09-01
NIFTY,2026-09-22,24250.0,CE,187.35,220.2,140.8,146.85,146.85,566,898534295.75,16250,3965,2026-09-01
NIFTY,2026-09-15,25500.0,CE,3.35,3.55,1.95,2.65,2.65,5746,9525022867.75,206245,88725,2026-09-01
NIFTY,2026-09-15,25450.0,CE,2.6,4.45,2.45,2.85,2.85,144,238242524.0,6955,3770,2026-09-01
NIFTY,2026-09-15,24800.0,CE,22.0,22.45,12.3,14.2,14.2,35728,57633150874.0,739505,716820,2026-09-01
NIFTY,2026-09-15,24150.0,CE,180.0,226.7,124.0,131.1,131.1,7877,12451009272.0,146770,67340,2026-09-01
NIFTY,2026-09-15,23300.0,CE,0.0,0.0,0.0,1396.35,862.42,0,0.0,0,0,2026-09-01
NIFTY,2026-09-15,22850.0,CE,0.0,0.0,0.0,1794.25,1272.07,0,0.0,0,0,2026-09-01
NIFTY,2026-09-15,22750.0,CE,0.0,0.0,0.0,1886.5,1367.89,0,0.0,0,0,2026-09-01
NIFTY,2026-09-15,22400.0,CE,0.0,0.0,0.0,2217.25,1710.05,0,0.0,0,0,2026-09-01
NIFTY,2026-09-08,24300.0,CE,88.05,88.05,31.0,33.8,33.8,460587,729005870807.5,5053620,2476760,2026-09-01
NIFTY,2026-09-08,24150.0,CE,131.05,159.0,66.1,70.35,70.35,254565,401204173441.5,4167995,3365050,2026-09-01
NIFTY,2026-09-08,23750.0,CE,391.65,469.8,290.0,303.45,303.45,2814,4404617548.5,53495,42575,2026-09-01
NIFTY,2026-09-08,23550.0,CE,546.0,636.1,460.0,477.75,477.75,86,134550705.25,2535,1430,2026-09-01
NIFTY,2026-09-08,23300.0,CE,879.0,879.0,695.3,711.55,711.55,96,149852459.25,3510,1820,2026-09-01
NIFTY,2026-09-08,22850.0,CE,0.0,0.0,0.0,1930.45,1233.87,0,0.0,0,0,2026-09-01
NIFTY,2026-09-08,22600.0,CE,0.0,0.0,0.0,2165.9,1482.3,0,0.0,0,0,2026-09-01
NIFTY,2026-09-01,26600.0,CE,0.4,0.4,0.05,0.1,24055.8,7622,13178525600.5,68055,36465,2026-09-01
NIFTY,2026-09-01,25150.0,CE,0.5,0.7,0.05,0.1,24055.8,178912,292480056261.25,1258855,243815,2026-09-01
NIFTY,2026-09-01,23800.0,CE,303.85,361.7,160.75,231.3,24055.8,353667,552235888288.5,294710,52520,2026-09-01
NIFTY,2026-09-01,23650.0,CE,396.1,507.05,308.0,370.05,24055.8,7018,10958220633.75,51285,31070,2026-09-01
NIFTY,2026-09-01,23200.0,CE,964.95,964.95,764.1,829.5,24055.8,139,217110231.0,3315,-2210,2026-09-01
NIFTY,2026-09-01,22850.0,CE,0.0,0.0,0.0,1586.45,24055.8,0,0.0,0,0,2026-09-01
NIFTY,2026-09-01,22600.0,CE,0.0,0.0,0.0,1805.15,24055.8,0,0.0,0,0,2026-09-01
NIFTY,2026-09-22,22700.0,CE,0.0,0.0,0.0,1636.35,1455.92,0,0.0,0,0,2026-09-01
NIFTY,2031-06-24,19500.0,PE,0.0,0.0,0.0,289.2,194.71,0,0.0,0,0,2026-09-01
NIFTY,2030-12-31,24000.0,PE,0.0,0.0,0.0,1000.0,755.02,0,0.0,520,0,2026-09-01
NIFTY,2030-06-25,28500.0,PE,0.0,0.0,0.0,1167.6,2047.72,0,0.0,0,0,2026-09-01
NIFTY,2029-12-24,33000.0,PE,0.0,0.0,0.0,2953.7,4358.06,0,0.0,0,0,2026-09-01
NIFTY,2029-12-24,24000.0,PE,994.95,995.0,994.95,995.0,824.57,2,3249346.75,455,-130,2026-09-01
NIFTY,2029-06-26,30000.0,PE,0.0,0.0,0.0,2031.05,3094.43,0,0.0,0,0,2026-09-01
NIFTY,2029-06-26,27000.0,PE,0.0,0.0,0.0,1252.35,1772.4,0,0.0,0,0,2026-09-01
NIFTY,2029-06-26,25500.0,PE,0.0,0.0,0.0,624.25,1260.71,0,0.0,0,0,2026-09-01
NIFTY,2028-12-26,26000.0,PE,0.0,0.0,0.0,1217.05,1501.72,0,0.0,6875,0,2026-09-01
NIFTY,2028-12-26,23000.0,PE,0.0,0.0,0.0,590.0,635.81,0,0.0,1740,0,2026-09-01
NIFTY,2028-06-27,33000.0,PE,0.0,0.0,0.0,3707.8,5799.13,0,0.0,0,0,2026-09-01
NIFTY,2027-12-28,26000.0,PE,1292.5,1339.9,1242.45,1312.55,1659.05,50,88720242.0,67020,1430,2026-09-01
NIFTY,2027-12-28,25000.0,PE,931.8,968.4,908.95,952.05,952.05,77,129860945.5,97305,910,2026-09-01
NIFTY,2027-06-29,22500.0,PE,241.5,241.5,241.5,241.5,378.7,1,1478197.5,1040,65,2026-09-01
NIFTY,2027-03-30,24000.0,PE,455.0,487.0,422.5,478.7,478.7,1536,2442314101.5,922935,12415,2026-09-01
NIFTY,2026-12-29,30000.0,PE,5250.0,5388.5,5180.0,5328.0,5322.4,27,61948035.5,382860,260,2026-09-01
NIFTY,2026-11-23,25300.0,PE,0.0,0.0,0.0,1121.6,1263.02,0,0.0,0,0,2026-09-01
NIFTY,2026-11-23,24900.0,PE,0.0,0.0,0.0,887.45,1005.18,0,0.0,0,0,2026-09-01
NIFTY,2026-11-23,24600.0,PE,572.6,614.1,492.9,605.25,605.25,40,65519541.75,910,845,2026-09-01
NIFTY,2026-11-23,24500.0,PE,510.0,568.0,445.05,551.4,551.4,1351,2197184671.5,112190,22815,2026-09-01
NIFTY,2026-11-23,24000.0,PE,279.2,350.65,264.85,339.7,339.7,5501,8690941138.75,383630,187590,2026-09-01
NIFTY,2026-11-23,23800.0,PE,244.95,280.8,210.0,275.15,275.15,301,470334965.75,21970,10075,2026-09-01
NIFTY,2026-10-27,27200.0,PE,0.0,0.0,0.0,2898.55,2895.43,0,0.0,0,0,2026-09-01
NIFTY,2026-10-27,27150.0,PE,0.0,0.0,0.0,2853.65,2847.69,0,0.0,0,0,2026-09-01
NIFTY,2026-10-27,26850.0,PE,0.0,0.0,0.0,2588.1,2563.93,0,0.0,0,0,2026-09-01
NIFTY,2026-10-27,26550.0,PE,0.0,0.0,0.0,2330.1,2285.91,0,0.0,0,0,2026-09-01
NIFTY,2026-10-27,24950.0,PE,0.0,0.0,0.0,676.9,988.07,0,0.0,3900,0,2026-09-01
NIFTY,2026-10-27,24700.0,PE,585.0,674.95,520.9,660.0,660.0,313,514843735.25,143130,-1755,2026-09-01
NIFTY,2026-10-27,24650.0,PE,620.0,620.0,620.0,620.0,798.42,2,3285100.0,5785,-65,2026-09-01
NIFTY,2026-10-27,24200.0,PE,325.95,386.85,280.1,373.95,373.95,3283,5238171454.75,217555,50765,2026-09-01
NIFTY,2026-10-27,23650.0,PE,157.65,189.3,130.55,183.75,183.75,94,145482038.0,3705,1755,2026-09-01
NIFTY,2026-10-27,23600.0,PE,140.05,177.65,118.0,171.0,171.0,1525,2353933029.5,134940,5395,2026-09-01
NIFTY,2026-10-27,23400.0,PE,109.4,134.15,89.65,129.95,129.95,1260,1926274489.75,48815,22555,2026-09-01
NIFTY,2026-09-29,25950.0,PE,0.0,0.0,0.0,1299.0,1800.35,0,0.0,65,0,2026-09-01
NIFTY,2026-09-29,25450.0,PE,0.0,0.0,0.0,946.5,1343.65,0,0.0,715,0,2026-09-01
NIFTY,2026-09-29,25400.0,PE,1130.9,1324.5,1130.9,1324.5,1300.01,81,139964100.25,31590,5070,2026-09-01
NIFTY,2026-09-29,25200.0,PE,995.4,1125.45,936.8,1114.7,1114.7,255,435198539.75,103285,10530,2026-09-01
NIFTY,2026-09-29,24650.0,PE,498.0,650.0,463.0,638.2,638.2,59,96738915.0,42835,-455,2026-09-01
NIFTY,2026-09-29,24500.0,PE,395.65,534.0,363.2,509.95,509.95,25221,40898475569.25,3919500,-64220,2026-09-01
NIFTY,2026-09-29,24300.0,PE,317.9,400.0,255.0,381.4,381.4,24434,39130041310.75,4233060,159055,2026-09-01
NIFTY,2026-09-29,24200.0,PE,239.9,341.1,211.0,319.75,319.75,65353,103958922788.5,3053310,520065,2026-09-01
NIFTY,2026-09-29,21750.0,PE,7.45,10.55,7.35,9.95,9.95,47,66472536.0,6370,1365,2026-09-01
NIFTY,2026-09-29,19500.0,PE,4.2,6.45,2.9,3.8,3.8,9174,11630538907.0,922025,19890,2026-09-01
NIFTY,2026-09-22,23850.0,PE,0.0,0.0,0.0,295.55,241.77,0,0.0,0,0,2026-09-01
NIFTY,2026-09-22,23800.0,PE,96.65,136.55,71.15,124.95,124.95,2451,3809033861.75,75400,35425,2026-09-01
NIFTY,2026-09-22,23600.0,PE,61.25,84.5,43.35,77.25,77.25,749,1151941163.75,25805,18525,2026-09-01
NIFTY,2026-09-22,22750.0,PE,0.0,0.0,0.0,55.05,24.43,0,0.0,0,0,2026-09-01
NIFTY,2026-09-15,25300.0,PE,0.0,0.0,0.0,920.35,1207.14,0,0.0,0,0,2026-09-01
NIFTY,2026-09-15,24400.0,PE,338.0,437.0,268.1,417.3,417.3,1908,3068588688.75,100360,-16835,2026-09-01
NIFTY,2026-09-15,23300.0,PE,40.8,40.8,20.5,21.85,21.85,3780,5730575386.25,131430,131430,2026-09-01
NIFTY,2026-09-15,22400.0,PE,6.0,6.85,3.7,5.65,5.65,2887,4204439404.75,90805,64545,2026-09-01
NIFTY,2026-09-08,25750.0,PE,0.0,0.0,0.0,1155.15,1664.6,0,0.0,0,0,2026-09-01
NIFTY,2026-09-08,25600.0,PE,1590.0,1590.0,1585.0,1586.0,1586.0,10,17670900.0,650,650,2026-09-01
NIFTY,2026-09-08,24350.0,PE,292.65,390.0,210.65,369.4,369.4,14665,23485589107.5,197925,8385,2026-09-01
NIFTY,2026-09-08,24250.0,PE,190.0,307.7,151.4,286.85,286.85,43237,68746323997.0,593125,142155,2026-09-01
NIFTY,2026-09-08,24000.0,PE,70.0,144.8,56.0,128.55,128.55,709730,1111904848028.0,5350085,2747030,2026-09-01
NIFTY,2026-09-08,23600.0,PE,17.0,27.75,9.85,22.5,22.5,229602,352475535889.75,4835090,1854125,2026-09-01
NIFTY,2026-09-08,23250.0,PE,7.35,8.65,4.15,6.3,6.3,34102,51550073428.75,373815,173160,2026-09-01
NIFTY,2026-09-08,22750.0,PE,5.8,5.8,2.3,2.95,2.95,9042,13372751707.25,119145,29380,2026-09-01
NIFTY,2026-09-08,22350.0,PE,3.05,3.05,1.65,1.95,1.95,52200,75840930551.75,2599545,738725,2026-09-01
NIFTY,2026-09-01,27200.0,PE,3145.0,3220.0,3145.0,3207.15,24055.8,35,69131569.0,520,-1755,2026-09-01
NIFTY,2026-09-01,26500.0,PE,2431.0,2531.0,2431.0,2531.0,24055.8,2,3767530.0,260,-65,2026-09-01
NIFTY,2026-09-01,26450.0,PE,0.0,0.0,0.0,2127.0,24055.8,0,0.0,0,0,2026-09-01
NIFTY,2026-09-01,25850.0,PE,0.0,0.0,0.0,1593.2,24055.8,0,0.0,0,0,2026-09-01
NIFTY,2026-09-01,25700.0,PE,0.0,0.0,0.0,1213.95,24055.8,0,0.0,130,0,2026-09-01
NIFTY,2026-09-01,24250.0,PE,166.0,296.0,102.7,209.55,24055.8,968252,1536862910713.0,692510,-744835,2026-09-01
NIFTY,2026-09-01,23550.0,PE,1.0,1.15,0.05,0.3,24055.8,1037413,1588061395056.5,1964950,47515,2026-09-01
NIFTY,2026-09-01,22450.0,PE,0.65,0.65,0.05,0.1,24055.8,17657,25766270806.25,176800,-32695,2026-09-01
NIFTY,2031-06-24,25500.0,CE,0.0,0.0,0.0,6409.8,6468.3,0,0.0,0,0,2026-09-01
NIFTY,2031-06-24,19500.0,CE,0.0,0.0,0.0,9840.6,10030.7,0,0.0,0,0,2026-09-01
NIFTY,2030-06-25,27000.0,CE,0.0,0.0,0.0,6972.5,4585.23,0,0.0,0,0,2026-09-01
NIFTY,2029-06-26,16500.0,CE,0.0,0.0,0.0,12587.95,10375.18,0,0.0,0,0,2026-09-01
NIFTY,2028-06-27,33000.0,CE,0.0,0.0,0.0,2004.15,572.44,0,0.0,0,0,2026-09-01
NIFTY,2027-12-28,27000.0,CE,1002.05,1018.2,815.7,943.5,943.5,495,899822755.0,62620,14820,2026-09-01
NIFTY,2027-12-28,19500.0,CE,0.0,0.0,0.0,8684.7,6265.81,0,0.0,0,0,2026-09-01
NIFTY,2027-06-29,22500.0,CE,0.0,0.0,0.0,5539.6,3119.35,0,0.0,0,0,2026-09-01
NIFTY,2027-03-30,25500.0,CE,593.65,613.0,537.2,541.45,541.45,2780,4709114712.25,601380,1365,2026-09-01
NIFTY,2026-12-29,33000.0,CE,3.65,4.25,3.6,4.25,0.46,43,92246030.5,102050,-585,2026-09-01
NIFTY,2026-11-23,25050.0,CE,0.0,0.0,0.0,628.4,475.02,0,0.0,0,0,2026-09-01
NIFTY,2026-11-23,23050.0,CE,0.0,0.0,0.0,1832.8,1582.15,0,0.0,0,0,2026-09-01
NIFTY,2026-10-27,26900.0,CE,9.25,9.25,7.85,8.45,8.45,84,146920442.5,16250,1950,2026-09-01
NIFTY,2026-10-27,26400.0,CE,0.0,0.0,0.0,186.25,69.79,0,0.0,0,0,2026-09-01
NIFTY,2026-10-27,24700.0,CE,217.0,228.1,169.0,171.2,171.2,2519,4075592342.25,229450,28340,2026-09-01
NIFTY,2026-10-27,24300.0,CE,392.4,427.0,326.0,331.5,331.5,5159,8275039821.75,156130,-81380,2026-09-01
NIFTY,2026-10-27,24150.0,CE,476.4,507.45,401.3,403.95,403.95,855,1365179114.0,48360,45695,2026-09-01
NIFTY,2026-10-27,23550.0,CE,0.0,0.0,0.0,1244.0,1038.27,0,0.0,0,0,2026-09-01
NIFTY,2026-09-29,31500.0,CE,0.8,1.2,0.8,0.8,0.0,3,6142682.0,17160,-65,2026-09-01
NIFTY,2026-09-29,28500.0,CE,1.0,1.2,0.85,1.0,1.0,619,1146739083.75,565305,-8905,2026-09-01
NIFTY,2026-09-29,26650.0,CE,0.0,0.0,0.0,3.1,5.62,0,0.0,715,0,2026-09-01
NIFTY,2026-09-29,26500.0,CE,2.9,3.6,2.25,2.85,2.85,5601,9648696726.5,945685,585,2026-09-01
NIFTY,2026-09-29,25400.0,CE,12.5,13.6,11.45,12.15,12.15,5693,9403738006.0,616850,-57135,2026-09-01
NIFTY,2026-09-29,24950.0,CE,34.8,45.85,31.35,32.55,32.55,2998,4869139658.5,210795,3640,2026-09-01
NIFTY,2026-09-29,23850.0,CE,484.95,546.05,400.0,409.5,409.5,271,427867706.5,10660,2665,2026-09-01
NIFTY,2026-09-29,22600.0,CE,0.0,0.0,0.0,1900.0,1590.47,0,0.0,910,0,2026-09-01
NIFTY,2026-09-22,24350.0,CE,143.95,172.0,107.25,110.4,110.4,315,501285518.5,16055,7540,2026-09-01
NIFTY,2026-09-22,23550.0,CE,0.0,0.0,0.0,931.8,732.23,0,0.0,65,0,2026-09-01
NIFTY,2026-09-22,22550.0,CE,0.0,0.0,0.0,1772.85,1598.09,0,0.0,0,0,2026-09-01
NIFTY,2031-06-24,30000.0,PE,0.0,0.0,0.0,2616.25,2242.54,0,0.0,0,0,2026-09-01
NIFTY,2031-06-24,28500.0,PE,0.0,0.0,0.0,2104.2,1767.03,0,0.0,0,0,2026-09-01
NIFTY,2031-06-24,25500.0,PE,0.0,0.0,0.0,1262.85,1007.63,0,0.0,0,0,2026-09-01
NIFTY,2031-06-24,24000.0,PE,0.0,0.0,0.0,933.85,720.62,0,0.0,65,0,2026-09-01
NIFTY,2030-12-31,30000.0,PE,0.0,0.0,0.0,1450.1,2416.29,0,0.0,0,0,2026-09-01
NIFTY,2028-12-26,22000.0,PE,0.0,0.0,0.0,450.0,446.48,0,0.0,8565,0,2026-09-01
NIFTY,2028-06-27,28500.0,PE,0.0,0.0,0.0,1560.85,2806.39,0,0.0,0,0,2026-09-01
NIFTY,2027-12-28,20000.0,PE,166.0,175.0,160.85,174.0,174.0,87,114042860.75,57360,1560,2026-09-01
NIFTY,2027-12-28,19000.0,PE,98.8,123.0,98.8,123.0,123.0,12,14913522.0,4445,-455,2026-09-01
NIFTY,2027-12-28,18000.0,PE,0.0,0.0,0.0,181.05,28.48,0,0.0,11915,0,2026-09-01
NIFTY,2027-06-29,19500.0,PE,0.0,0.0,0.0,17.3,43.31,0,0.0,0,0,2026-09-01
NIFTY,2027-06-29,19000.0,PE,0.0,0.0,0.0,195.0,26.95,0,0.0,1135,0,2026-09-01
NIFTY,2027-03-30,16500.0,PE,0.0,0.0,0.0,20.25,0.21,0,0.0,1560,0,2026-09-01
NIFTY,2026-11-23,26000.0,PE,1563.0,1685.0,1522.9,1679.0,1679.0,35,62830355.25,2405,1625,2026-09-01
NIFTY,2026-11-23,25350.0,PE,0.0,0.0,0.0,1152.95,1297.32,0,0.0,0,0,2026-09-01
NIFTY,2026-11-23,25100.0,PE,859.6,859.6,859.6,859.6,1130.33,2,3374748.0,130,130,2026-09-01
NIFTY,2026-11-23,24400.0,PE,457.0,516.0,415.0,503.9,503.9,211,341258810.75,11115,7215,2026-09-01
NIFTY,2026-11-23,24150.0,PE,319.75,400.25,319.75,395.9,607.99,14,22329440.25,6240,260,2026-09-01
NIFTY,2026-11-23,23350.0,PE,0.0,0.0,0.0,274.9,313.08,0,0.0,65,0,2026-09-01
NIFTY,2026-11-23,23300.0,PE,0.0,0.0,0.0,261.6,298.88,0,0.0,0,0,2026-09-01
NIFTY,2026-11-23,23200.0,PE,0.0,0.0,0.0,238.1,273.0,0,0.0,0,0,2026-09-01
NIFTY,2026-11-23,23000.0,PE,98.95,117.25,84.45,114.15,114.15,3652,5484683230.0,223275,70070,2026-09-01
NIFTY,2026-11-23,22350.0,PE,0.0,0.0,0.0,96.65,109.31,0,0.0,0,0,2026-09-01
NIFTY,2026-10-27,26900.0,PE,0.0,0.0,0.0,2631.85,2610.87,0,0.0,0,0,2026-09-01
NIFTY,2026-10-27,26100.0,PE,0.0,0.0,0.0,1960.3,1883.77,0,0.0,0,0,2026-09-01
NIFTY,2026-10-27,25250.0,PE,0.0,0.0,0.0,883.6,1198.1,0,0.0,130,0,2026-09-01
NIFTY,2026-10-27,25050.0,PE,821.9,853.9,821.9,853.9,1055.92,2,3365427.0,260,0,2026-09-01
NIFTY,2026-10-27,24150.0,PE,307.55,361.6,268.0,346.95,346.95,210,334194630.25,25740,260,2026-09-01
NIFTY,2026-10-27,24100.0,PE,280.0,342.15,241.0,331.0,331.0,1524,2417503991.5,108095,12545,2026-09-01
NIFTY,2026-10-27,22400.0,PE,27.8,34.0,25.15,32.1,32.1,138,201199033.75,40365,585,2026-09-01
NIFTY,2026-09-29,31500.0,PE,0.0,0.0,0.0,4341.2,7298.58,0,0.0,0,0,2026-09-01
NIFTY,2026-09-29,26950.0,PE,0.0,0.0,0.0,2780.25,2772.31,0,0.0,0,0,2026-09-01
NIFTY,2026-09-29,22650.0,PE,17.0,20.35,13.45,19.45,19.45,627,923839868.25,25480,1950,2026-09-01
NIFTY,2026-09-29,22500.0,PE,15.0,17.35,11.5,16.25,16.25,14647,21435188599.5,2129660,20605,2026-09-01
NIFTY,2026-09-29,21900.0,PE,6.5,11.4,6.5,10.45,10.45,1195,1701835885.75,164775,13650,2026-09-01
NIFTY,2026-09-29,15000.0,PE,1.9,2.0,1.1,1.55,1.55,854,832747243.25,83720,20540,2026-09-01
NIFTY,2026-09-22,26000.0,PE,0.0,0.0,0.0,1748.6,1864.06,0,0.0,0,0,2026-09-01
NIFTY,2026-09-22,25900.0,PE,0.0,0.0,0.0,1658.45,1767.33,0,0.0,0,0,2026-09-01
NIFTY,2026-09-22,24300.0,PE,282.5,374.15,233.5,359.25,359.25,551,881412187.5,33930,11700,2026-09-01
NIFTY,2026-09-22,23900.0,PE,123.05,170.0,92.0,155.9,155.9,1252,1956182052.5,42380,5395,2026-09-01
NIFTY,2026-09-22,23450.0,PE,0.0,0.0,0.0,173.4,120.05,0,0.0,0,0,2026-09-01
NIFTY,2026-09-22,23300.0,PE,30.8,41.85,20.7,38.5,38.5,1486,2253702181.25,53040,28730,2026-09-01
NIFTY,2026-09-22,22600.0,PE,18.85,18.85,7.25,12.8,12.8,21,30865302.0,390,390,2026-09-01
NIFTY,2026-09-15,26100.0,PE,0.0,0.0,0.0,1559.2,1985.32,0,0.0,0,0,2026-09-01
NIFTY,2026-09-15,25900.0,PE,0.0,0.0,0.0,1387.75,1787.41,0,0.0,0,0,2026-09-01
NIFTY,2026-09-15,25800.0,PE,0.0,0.0,0.0,1304.65,1688.96,0,0.0,0,0,2026-09-01
NIFTY,2026-09-15,25700.0,PE,0.0,0.0,0.0,1223.4,1590.98,0,0.0,0,0,2026-09-01
NIFTY,2026-09-15,24700.0,PE,570.0,707.6,508.45,673.45,673.45,119,195677807.0,19760,3185,2026-09-01
NIFTY,2026-09-15,24200.0,PE,195.15,296.9,157.9,272.25,272.25,25947,41187783013.0,568750,305305,2026-09-01
NIFTY,2026-09-15,24000.0,PE,129.95,181.65,89.3,164.55,164.55,43530,68294147597.0,732745,273585,2026-09-01
NIFTY,2026-09-15,23700.0,PE,51.1,79.0,35.95,69.6,69.6,10215,15772888959.75,275340,111930,2026-09-01
NIFTY,2026-09-15,22450.0,PE,6.0,6.5,4.05,5.5,5.5,56,81736547.75,1105,975,2026-09-01
NIFTY,2026-09-08,26100.0,PE,0.0,0.0,0.0,1439.9,2014.01,0,0.0,0,0,2026-09-01
NIFTY,2026-09-08,25500.0,PE,1399.8,1503.5,1298.55,1489.95,1489.95,1200,2099691568.0,117130,71175,2026-09-01
NIFTY,2026-09-08,25050.0,PE,950.0,1050.0,852.95,1049.95,1049.95,20,33851376.0,1300,1235,2026-09-01
NIFTY,2026-09-08,24450.0,PE,364.4,479.55,282.75,458.8,458.8,2141,3456995369.75,91975,-7215,2026-09-01
NIFTY,2026-09-08,24050.0,PE,95.05,170.85,69.45,154.3,154.3,300290,471647478633.5,1285635,681980,2026-09-01
NIFTY,2026-09-08,23550.0,PE,14.8,22.8,8.35,18.25,18.25,58428,89494457487.5,573560,269425,2026-09-01
NIFTY,2026-09-08,23450.0,PE,11.15,15.5,6.25,11.95,11.95,68582,104578455377.5,1085305,720980,2026-09-01
NIFTY,2026-09-08,23050.0,PE,5.95,6.1,3.5,4.55,4.55,19162,28715288793.75,297180,152100,2026-09-01
NIFTY,2026-09-01,27100.0,PE,0.0,0.0,0.0,2741.55,24055.8,0,0.0,0,0,2026-09-01
NIFTY,2026-09-01,26550.0,PE,0.0,0.0,0.0,2219.65,24055.8,0,0.0,0,0,2026-09-01
NIFTY,2026-09-01,25650.0,PE,1580.0,1580.0,1580.0,1580.0,24055.8,8,14159600.0,1040,0,2026-09-01
NIFTY,2026-09-01,25350.0,PE,1290.0,1296.0,1290.0,1290.7,24055.8,9,15584790.0,2340,-65,2026-09-01
NIFTY,2026-09-01,24700.0,PE,663.75,741.75,542.1,674.4,24055.8,3931,6478101230.25,109915,-83330,2026-09-01
NIFTY,2026-09-01,23600.0,PE,1.25,1.25,0.05,0.4,24055.8,1897440,2910755293374.5,5282290,-453700,2026-09-01
NIFTY,2026-09-01,23500.0,PE,0.9,1.1,0.05,0.25,24055.8,2495584,3812096513875.0,7329530,539695,2026-09-01
NIFTY,2026-09-01,23450.0,PE,0.9,1.05,0.05,0.25,24055.8,980367,1494357098617.5,2067260,149175,2026-09-01
NIFTY,2026-09-01,22700.0,PE,0.55,0.55,0.05,0.1,24055.8,43818,64654308673.5,324740,-193830,2026-09-01
NIFTY,2030-12-31,18000.0,CE,0.0,0.0,0.0,12674.15,10616.53,0,0.0,0,0,2026-09-01
NIFTY,2029-12-24,33000.0,CE,0.0,0.0,0.0,3816.05,1863.61,0,0.0,0,0,2026-09-01
NIFTY,2029-12-24,24000.0,CE,0.0,0.0,0.0,7729.0,5571.1,0,0.0,65,0,2026-09-01
NIFTY,2029-06-26,31500.0,CE,0.0,0.0,0.0,2878.65,1766.73,0,0.0,0,0,2026-09-01
NIFTY,2028-12-26,31500.0,CE,790.0,790.0,790.0,790.0,1273.06,9,18889650.0,585,455,2026-09-01
NIFTY,2028-12-26,22500.0,CE,0.0,0.0,0.0,7382.9,5268.37,0,0.0,0,0,2026-09-01
NIFTY,2028-06-27,30000.0,CE,0.0,0.0,0.0,2278.45,1141.69,0,0.0,0,0,2026-09-01
NIFTY,2028-06-27,24000.0,CE,0.0,0.0,0.0,3918.85,3640.75,0,0.0,0,0,2026-09-01
NIFTY,2027-12-28,18000.0,CE,0.0,0.0,0.0,6285.7,7580.92,0,0.0,0,0,2026-09-01
NIFTY,2027-03-30,33000.0,CE,9.5,15.85,9.5,15.85,15.85,4,8583237.0,3770,0,2026-09-01
NIFTY,2027-03-30,19500.0,CE,0.0,0.0,0.0,4365.4,5298.47,0,0.0,0,0,2026-09-01
NIFTY,2026-12-29,19000.0,CE,5415.0,5435.95,5325.0,5328.95,5328.95,64,101456660.5,55930,1915,2026-09-01
NIFTY,2026-12-29,16500.0,CE,0.0,0.0,0.0,10405.0,7904.95,0,0.0,0,0,2026-09-01
NIFTY,2026-11-23,25650.0,CE,0.0,0.0,0.0,415.95,298.83,0,0.0,0,0,2026-09-01
NIFTY,2026-11-23,25600.0,CE,0.0,0.0,0.0,431.25,310.15,0,0.0,0,0,2026-09-01
NIFTY,2026-11-23,25400.0,CE,0.0,0.0,0.0,496.65,363.95,0,0.0,0,0,2026-09-01
NIFTY,2026-11-23,23950.0,CE,0.0,0.0,0.0,1196.85,982.34,0,0.0,0,0,2026-09-01
NIFTY,2026-11-23,23750.0,CE,0.0,0.0,0.0,1325.6,1101.67,0,0.0,0,0,2026-09-01
NIFTY,2026-11-23,23550.0,CE,0.0,0.0,0.0,1461.75,1229.19,0,0.0,0,0,2026-09-01
NIFTY,2026-11-23,22750.0,CE,0.0,0.0,0.0,2073.75,1814.86,0,0.0,0,0,2026-09-01
NIFTY,2026-10-27,26650.0,CE,0.0,0.0,0.0,150.8,50.52,0,0.0,0,0,2026-09-01
NIFTY,2026-10-27,26200.0,CE,0.0,0.0,0.0,219.35,89.46,0,0.0,0,0,2026-09-01
NIFTY,2026-10-27,25350.0,CE,0.0,0.0,0.0,417.4,233.11,0,0.0,0,0,2026-09-01
NIFTY,2026-10-27,24250.0,CE,410.0,449.85,349.4,353.75,353.75,430,688046225.75,24570,13260,2026-09-01
NIFTY,2026-10-27,23500.0,CE,931.95,991.0,828.8,841.1,841.1,585,927507863.75,57655,7215,2026-09-01
NIFTY,2026-09-29,33000.0,CE,1.0,1.0,0.65,0.75,0.0,92,197344745.0,36530,-4160,2026-09-01
NIFTY,2026-09-29,26950.0,CE,0.0,0.0,0.0,3.0,2.69,0,0.0,2990,0,2026-09-01
NIFTY,2026-09-29,26300.0,CE,3.9,4.25,2.7,3.25,3.25,4278,7314119540.0,303940,139165,2026-09-01
NIFTY,2026-09-29,25150.0,CE,21.7,25.75,18.95,19.85,19.85,2449,4006910914.5,123240,6695,2026-09-01
NIFTY,2026-09-29,24450.0,CE,150.05,178.65,116.7,120.3,120.3,3518,5622744003.5,160030,-11765,2026-09-01
NIFTY,2026-09-29,24050.0,CE,386.4,400.95,280.3,288.8,288.8,6475,10259420541.5,118950,63440,2026-09-01
NIFTY,2026-09-29,23600.0,CE,723.6,743.0,577.0,589.55,589.55,341,536934050.25,24700,6825,2026-09-01
NIFTY,2026-09-29,23300.0,CE,900.0,1012.0,827.35,850.4,850.4,38,59701606.25,9555,325,2026-09-01
NIFTY,2026-09-29,23050.0,CE,0.0,0.0,0.0,1151.0,1189.94,0,0.0,260,0,2026-09-01
NIFTY,2026-09-29,22650.0,CE,0.0,0.0,0.0,1675.4,1544.32,0,0.0,260,0,2026-09-01
NIFTY,2026-09-29,22050.0,CE,0.0,0.0,0.0,2280.0,2115.21,0,0.0,130,0,2026-09-01
NIFTY,2026-09-22,26100.0,CE,1.7,3.45,1.7,3.4,3.4,15,25450272.25,650,650,2026-09-01
NIFTY,2026-09-22,25100.0,CE,19.1,19.15,12.3,13.8,13.8,1113,1816891319.75,55510,15860,2026-09-01
NIFTY,2026-09-22,24950.0,CE,0.0,0.0,0.0,237.2,102.91,0,0.0,0,0,2026-09-01
NIFTY,2026-09-22,24750.0,CE,0.0,0.0,0.0,300.7,147.74,0,0.0,0,0,2026-09-01
NIFTY,2026-09-22,24500.0,CE,98.0,114.25,65.0,71.4,71.4,4594,7341938246.5,162045,42965,2026-09-01
NIFTY,2026-09-22,23850.0,CE,368.0,368.0,368.0,368.0,368.0,1,1574170.0,65,65,2026-09-01
NIFTY,2026-09-22,23600.0,CE,0.0,0.0,0.0,720.0,696.17,0,0.0,130,0,2026-09-01
NIFTY,2026-09-22,22750.0,CE,0.0,0.0,0.0,1591.55,1409.15,0,0.0,0,0,2026-09-01
NIFTY,2026-09-22,22600.0,CE,0.0,0.0,0.0,1727.05,1550.41,0,0.0,0,0,2026-09-01
NIFTY,2026-09-15,25950.0,CE,3.4,3.4,1.2,1.5,1.5,55,92777795.5,1365,195,2026-09-01
NIFTY,2026-09-15,25900.0,CE,2.8,4.6,1.2,1.65,1.65,2026,3411064114.25,58240,52130,2026-09-01
NIFTY,2026-09-15,25300.0,CE,5.15,5.5,2.85,3.75,3.75,9550,15707648320.0,203450,-29965,2026-09-01
NIFTY,2026-09-15,24700.0,CE,28.0,33.15,17.5,19.35,19.35,26408,42437389241.0,643955,81185,2026-09-01
NIFTY,2026-09-15,24400.0,CE,92.4,104.4,53.15,56.8,56.8,25743,40949109977.75,465790,244010,2026-09-01
NIFTY,2026-09-15,23800.0,CE,410.0,479.75,320.0,329.75,329.75,1472,2311580124.75,29770,15795,2026-09-01
NIFTY,2026-09-15,23750.0,CE,463.5,463.5,361.55,367.5,367.5,32,50197962.75,1430,130,2026-09-01
NIFTY,2026-09-15,23650.0,CE,545.9,571.05,424.45,448.2,448.2,91,142516156.25,3965,3770,2026-09-01
NIFTY,2026-09-15,23550.0,CE,520.0,540.5,520.0,536.7,536.7,6,9392418.75,195,195,2026-09-01
NIFTY,2026-09-08,25800.0,CE,0.95,1.25,0.75,0.85,0.85,14408,24163114859.0,321880,139490,2026-09-01
NIFTY,2026-09-08,25650.0,CE,1.05,1.5,0.8,1.0,1.0,11636,19400899514.75,208780,114140,2026-09-01
NIFTY,2026-09-08,25300.0,CE,2.0,2.35,1.3,1.6,1.6,107261,176403444210.5,2323945,1615510,2026-09-01
NIFTY,2026-09-08,25200.0,CE,2.25,2.95,1.6,2.1,2.1,126380,207028286120.5,2860585,1557205,2026-09-01
NIFTY,2026-09-08,24950.0,CE,2.4,4.05,2.35,3.05,3.05,40108,65053400834.5,536965,266435,2026-09-01
NIFTY,2026-09-08,24900.0,CE,4.85,4.85,2.45,3.45,3.45,171799,278094001675.75,2507895,639990,2026-09-01
NIFTY,2026-09-08,24800.0,CE,5.6,5.9,3.3,4.2,4.2,255669,412210363155.5,4980495,2372175,2026-09-01
NIFTY,2026-09-08,24750.0,CE,7.65,7.65,4.05,4.95,4.95,76442,123000938154.25,993785,250510,2026-09-01
NIFTY,2026-09-08,23900.0,CE,311.0,339.85,184.0,193.05,193.05,97851,153420213755.25,1366755,1130740,2026-09-01
NIFTY,2026-09-08,23800.0,CE,422.1,425.05,251.1,263.4,263.4,40154,62919748235.5,566410,256555,2026-09-01
NIFTY,2026-09-01,26950.0,CE,0.35,0.35,0.05,0.1,24055.8,3317,5810588683.25,100165,10725,2026-09-01
NIFTY,2026-09-01,25950.0,CE,0.25,0.4,0.05,0.1,24055.8,12954,21850329689.5,187850,82810,2026-09-01
NIFTY,2026-09-01,25900.0,CE,0.5,0.55,0.05,0.05,24055.8,24884,41892605673.75,348465,8775,2026-09-01
NIFTY,2026-09-01,25800.0,CE,0.35,0.6,0.05,0.1,24055.8,32714,54861887067.0,730015,-161590,2026-09-01
NIFTY,2026-09-01,25000.0,CE,0.75,0.75,0.05,0.1,24055.8,1368801,2224336798206.25,7947875,-3100955,2026-09-01
NIFTY,2026-09-01,24400.0,CE,1.95,3.25,0.05,0.55,24055.8,4410161,6994913592797.0,8174725,-4601675,2026-09-01
NIFTY,2026-09-01,24350.0,CE,2.0,4.4,0.05,0.75,24055.8,4924621,7795027442874.75,6981585,-2296320,2026-09-01
NIFTY,2026-09-01,24250.0,CE,5.0,14.45,0.05,1.2,24055.8,8161887,12867471800784.25,5563415,-2388815,2026-09-01
NIFTY,2026-09-01,24000.0,CE,98.0,166.8,18.7,47.2,24055.8,21479242,33578198668781.0,9343945,5107895,2026-09-01
NIFTY,2026-09-01,23350.0,CE,744.55,810.0,622.85,736.85,24055.8,202,316294917.25,3380,3315,2026-09-01
NIFTY,2026-09-29,27000.0,PE,2809.25,2912.25,2689.0,2886.3,2886.3,464,899078969.75,1586225,-4290,2026-09-01
NIFTY,2026-09-29,26400.0,CE,4.15,4.4,2.6,3.25,3.25,295,506280905.0,54535,10985,2026-09-01
NIFTY,2026-09-01,22000.0,CE,2049.45,2110.0,1975.0,2041.85,24055.8,52,81237513.5,2665,-2145,2026-09-01
NIFTY,2026-09-01,22200.0,CE,0.0,0.0,0.0,2171.8,24055.8,0,0.0,0,0,2026-09-01
NIFTY,2026-09-01,24450.0,CE,1.65,1.7,0.05,0.45,24055.8,2235998,3553710449555.5,3461510,-3031340,2026-09-01
NIFTY,2026-09-01,24600.0,CE,1.0,1.5,0.05,0.25,24055.8,2375335,3798257010486.25,6410625,-2259270,2026-09-01
NIFTY,2026-09-01,26250.0,CE,0.35,2.35,0.05,0.1,24055.8,2453,4185462836.75,72345,25090,2026-09-01
NIFTY,2026-09-01,26400.0,CE,0.35,0.65,0.05,0.05,24055.8,23971,41134617914.0,154505,84240,2026-09-01
NIFTY,2026-09-01,26800.0,CE,0.4,0.45,0.05,0.1,24055.8,4100,7142244427.5,66625,9360,2026-09-01
NIFTY,2026-09-01,26850.0,CE,0.35,0.4,0.05,0.1,24055.8,1509,2633598984.25,47645,22165,2026-09-01
NIFTY,2026-09-08,22900.0,CE,1190.0,1190.0,1190.0,1190.0,1184.47,1,1565850.0,65,65,2026-09-01
NIFTY,2026-09-08,23150.0,CE,0.0,0.0,0.0,1656.9,940.65,0,0.0,0,0,2026-09-01
NIFTY,2026-09-08,23250.0,CE,0.0,0.0,0.0,1568.45,845.59,0,0.0,0,0,2026-09-01
NIFTY,2026-09-08,24700.0,CE,9.0,9.1,4.8,5.5,5.5,252435,405383113788.25,3363035,855465,2026-09-01
NIFTY,2026-09-08,25000.0,CE,3.4,3.8,2.25,2.85,2.85,272015,442076124246.25,5499325,1903135,2026-09-01
NIFTY,2026-09-08,26400.0,CE,0.8,0.9,0.65,0.7,0.7,8183,14042418861.25,274625,106340,2026-09-01
NIFTY,2026-09-15,22350.0,CE,0.0,0.0,0.0,2265.3,1759.47,0,0.0,0,0,2026-09-01
NIFTY,2026-09-15,22650.0,CE,0.0,0.0,0.0,1979.9,1464.76,0,0.0,0,0,2026-09-01
NIFTY,2026-09-15,23000.0,CE,1158.25,1218.6,1033.35,1039.8,1039.8,11,17219341.75,455,390,2026-09-01
NIFTY,2026-09-15,23050.0,CE,0.0,0.0,0.0,1613.5,1084.76,0,0.0,0,0,2026-09-01
NIFTY,2026-09-15,23150.0,CE,0.0,0.0,0.0,1525.35,993.96,0,0.0,0,0,2026-09-01
NIFTY,2026-09-15,23250.0,CE,0.0,0.0,0.0,1438.9,905.57,0,0.0,0,0,2026-09-01
NIFTY,2026-10-27,22950.0,CE,0.0,0.0,0.0,1654.95,1482.19,0,0.0,0,0,2026-09-01
NIFTY,2026-09-15,23500.0,CE,660.0,750.0,560.0,572.15,572.15,246,385632718.25,18525,4225,2026-09-01
NIFTY,2026-09-15,24100.0,CE,207.9,257.6,146.0,152.8,152.8,32607,51477831401.75,766220,512070,2026-09-01
NIFTY,2026-09-15,24850.0,CE,0.0,0.0,0.0,395.35,69.66,0,0.0,0,0,2026-09-01
NIFTY,2026-09-15,25050.0,CE,0.0,0.0,0.0,318.55,42.45,0,0.0,0,0,2026-09-01
NIFTY,2026-09-15,25250.0,CE,4.3,4.3,4.0,4.2,4.2,38,62377796.0,585,585,2026-09-01
NIFTY,2026-09-15,25650.0,CE,2.8,3.55,1.55,2.2,2.2,196,326808781.0,4745,975,2026-09-01
NIFTY,2026-09-15,25750.0,CE,3.75,3.75,1.65,2.4,2.4,129,215935102.5,2340,975,2026-09-01
NIFTY,2026-09-15,25850.0,CE,2.05,2.75,1.5,2.45,2.45,54,90741420.25,1625,1040,2026-09-01
NIFTY,2026-09-15,26100.0,CE,2.4,2.4,1.55,1.95,1.95,173,293517233.75,6760,1495,2026-09-01
NIFTY,2026-09-15,26200.0,CE,2.25,2.7,1.3,1.75,1.75,222,378093693.25,20345,4030,2026-09-01
NIFTY,2026-09-22,25300.0,CE,0.0,0.0,0.0,151.5,51.68,0,0.0,0,0,2026-09-01
NIFTY,2026-09-29,19500.0,CE,4675.0,4695.25,4536.0,4560.9,4560.9,35,54783550.25,140530,65,2026-09-01
NIFTY,2026-09-29,21750.0,CE,0.0,0.0,0.0,2550.0,2409.43,0,0.0,65,0,2026-09-01
NIFTY,2026-09-29,21800.0,CE,2400.0,2400.0,2350.0,2350.0,2360.18,2,3142750.0,130,-130,2026-09-01
NIFTY,2026-09-29,22100.0,CE,2040.0,2048.0,2040.0,2048.0,2066.56,11,17263740.0,845,715,2026-09-01
NIFTY,2026-09-29,24400.0,CE,180.0,201.55,132.9,135.75,135.75,31245,49879604931.0,2930135,166855,2026-09-01
NIFTY,2026-09-29,24700.0,CE,81.05,94.45,60.6,62.55,62.55,31194,50225770777.0,1342640,48555,2026-09-01
NIFTY,2026-09-29,24800.0,CE,60.0,71.35,46.6,48.45,48.45,36333,58696233303.5,1581645,-65975,2026-09-01
NIFTY,2026-09-29,24900.0,CE,46.05,53.2,35.55,37.25,37.25,22914,37147597571.5,1101945,-151970,2026-09-01
NIFTY,2030-12-31,21000.0,PE,0.0,0.0,0.0,450.0,325.43,0,0.0,845,0,2026-09-01
NIFTY,2030-06-25,25500.0,PE,0.0,0.0,0.0,568.55,1131.85,0,0.0,0,0,2026-09-01
NIFTY,2030-06-25,21000.0,PE,0.0,0.0,0.0,220.0,328.01,0,0.0,65,0,2026-09-01
NIFTY,2029-12-24,31500.0,PE,0.0,0.0,0.0,2240.25,3565.27,0,0.0,0,0,2026-09-01
NIFTY,2029-12-24,25500.0,PE,0.0,0.0,0.0,597.3,1196.86,0,0.0,0,0,2026-09-01
NIFTY,2029-06-26,24000.0,PE,0.0,0.0,0.0,825.0,852.64,0,0.0,155,0,2026-09-01
NIFTY,2028-12-26,28500.0,PE,0.0,0.0,0.0,1451.15,2582.55,0,0.0,0,0,2026-09-01
NIFTY,2028-12-26,27000.0,PE,1606.45,1619.0,1595.0,1619.0,1619.0,46,85509287.5,16090,2795,2026-09-01
NIFTY,2027-03-30,19500.0,PE,44.15,45.7,42.7,45.2,45.2,204,259161675.5,101660,-1820,2026-09-01
NIFTY,2026-12-29,26000.0,PE,1428.1,1593.1,1410.0,1571.7,1571.7,725,1296583674.75,1431455,-8680,2026-09-01
NIFTY,2026-12-29,13000.0,PE,0.0,0.0,0.0,5.15,0.0,0,0.0,7680,0,2026-09-01
NIFTY,2026-11-23,25500.0,PE,1161.05,1242.0,1103.0,1242.0,1242.0,11,19056206.0,910,520,2026-09-01
NIFTY,2026-11-23,25150.0,PE,0.0,0.0,0.0,1030.25,1162.81,0,0.0,0,0,2026-09-01
NIFTY,2026-11-23,24250.0,PE,391.25,445.35,389.85,440.35,654.18,13,20839848.25,1365,-195,2026-09-01
NIFTY,2026-11-23,24200.0,PE,385.0,424.0,369.6,417.4,417.4,83,132746107.0,3510,3510,2026-09-01
NIFTY,2026-11-23,23850.0,PE,252.0,293.35,235.5,293.35,482.04,14,21940964.5,2080,130,2026-09-01
NIFTY,2026-11-23,22750.0,PE,0.0,0.0,0.0,151.25,172.21,0,0.0,0,0,2026-09-01
NIFTY,2026-10-27,26150.0,PE,0.0,0.0,0.0,1657.0,1927.39,0,0.0,130,0,2026-09-01
NIFTY,2026-10-27,25900.0,PE,0.0,0.0,0.0,1231.5,1712.47,0,0.0,65,0,2026-09-01
NIFTY,2026-10-27,25750.0,PE,0.0,0.0,0.0,1149.95,1587.62,0,0.0,260,0,2026-09-01
NIFTY,2026-10-27,22850.0,PE,0.0,0.0,0.0,250.85,128.58,0,0.0,0,0,2026-09-01
NIFTY,2026-10-27,22650.0,PE,42.8,43.0,41.55,41.55,97.76,12,17700286.5,1950,325,2026-09-01
NIFTY,2026-10-27,22250.0,PE,29.5,29.5,20.4,27.85,27.85,1230,1780872037.75,251095,22165,2026-09-01
NIFTY,2026-09-29,27200.0,PE,0.0,0.0,0.0,3004.3,3019.87,0,0.0,0,0,2026-09-01
NIFTY,2026-09-29,26300.0,PE,2138.85,2342.8,2103.55,2150.0,2135.12,29,53659775.0,81640,585,2026-09-01
NIFTY,2026-09-29,25750.0,PE,0.0,0.0,0.0,1170.0,1613.85,0,0.0,455,0,2026-09-01
NIFTY,2026-09-29,24600.0,PE,504.95,609.85,426.3,587.05,587.05,3287,5367766160.25,760695,-13000,2026-09-01
NIFTY,2026-09-29,24400.0,PE,372.55,463.45,304.65,440.65,440.65,9712,15641521239.5,2366715,10530,2026-09-01
NIFTY,2026-09-29,24250.0,PE,284.95,366.2,231.5,346.4,346.4,4233,6751151212.0,290550,-71305,2026-09-01
NIFTY,2026-09-29,24100.0,PE,215.0,288.5,173.85,268.95,268.95,58986,93285039757.0,1122095,244075,2026-09-01
NIFTY,2026-09-29,23950.0,PE,164.45,220.1,127.8,205.15,205.15,5092,7988384998.75,151515,13195,2026-09-01
NIFTY,2026-09-29,23750.0,PE,110.9,150.3,84.4,140.4,140.4,4184,6493126107.0,185055,-80795,2026-09-01
NIFTY,2026-09-29,23700.0,PE,95.95,136.05,75.0,125.15,125.15,14748,22821163966.25,1356160,91130,2026-09-01
NIFTY,2026-09-29,23150.0,PE,35.95,45.5,26.1,41.25,41.25,759,1143938178.5,56030,10985,2026-09-01
NIFTY,2026-09-29,22250.0,PE,10.7,13.95,9.65,13.6,13.6,55,79590745.0,24895,1170,2026-09-01
NIFTY,2026-09-29,22200.0,PE,11.5,13.8,9.6,12.45,12.45,2391,3452042857.25,168480,15730,2026-09-01
NIFTY,2026-09-29,21700.0,PE,7.75,9.9,7.6,9.35,9.35,465,656134982.75,72475,11310,2026-09-01
NIFTY,2026-09-22,25550.0,PE,0.0,0.0,0.0,1354.25,1435.55,0,0.0,0,0,2026-09-01
NIFTY,2026-09-22,22950.0,PE,0.0,0.0,0.0,78.75,40.57,0,0.0,0,0,2026-09-01
NIFTY,2026-09-22,22850.0,PE,0.0,0.0,0.0,66.05,31.66,0,0.0,0,0,2026-09-01
NIFTY,2026-09-22,22450.0,PE,12.95,12.95,12.95,12.95,10.48,1,1460091.75,195,65,2026-09-01
NIFTY,2026-09-15,26050.0,PE,0.0,0.0,0.0,1515.75,1935.75,0,0.0,0,0,2026-09-01
NIFTY,2026-09-15,25200.0,PE,0.0,0.0,0.0,850.0,1114.34,0,0.0,130,0,2026-09-01
NIFTY,2026-09-15,24600.0,PE,486.95,602.45,417.6,589.7,589.7,315,513580281.5,23595,6760,2026-09-01
NIFTY,2026-09-15,24300.0,PE,270.0,360.2,206.85,340.05,340.05,4796,7662269455.75,205920,6305,2026-09-01
NIFTY,2026-09-15,23950.0,PE,97.0,160.05,78.25,143.15,143.15,4458,6975763011.75,70330,26520,2026-09-01
NIFTY,2026-09-15,23350.0,PE,0.0,0.0,0.0,97.3,60.19,0,0.0,0,0,2026-09-01
NIFTY,2026-09-15,23100.0,PE,12.05,16.35,7.55,14.15,14.15,4790,7196029119.5,139230,99125,2026-09-01
NIFTY,2026-09-15,22550.0,PE,5.3,8.35,4.2,5.5,5.5,69,101162603.75,1625,975,2026-09-01
NIFTY,2026-09-08,24700.0,PE,605.8,718.45,508.35,696.45,696.45,1804,2971207330.0,145015,45240,2026-09-01
NIFTY,2026-09-08,23700.0,PE,24.9,42.9,14.85,36.2,36.2,279159,430547042705.0,2806310,1248715,2026-09-01
NIFTY,2026-09-08,23200.0,PE,6.6,7.9,4.0,5.7,5.7,90802,136961678015.5,1897935,791115,2026-09-01
NIFTY,2026-09-01,27000.0,PE,0.0,0.0,0.0,2610.5,24055.8,0,0.0,65,0,2026-09-01
NIFTY,2026-09-01,26700.0,PE,0.0,0.0,0.0,2360.1,24055.8,0,0.0,0,0,2026-09-01
NIFTY,2026-09-01,26300.0,PE,2181.0,2181.0,2180.0,2180.0,24055.8,34,62941255.0,1105,-1105,2026-09-01
NIFTY,2026-09-01,25550.0,PE,1480.0,1565.0,1480.0,1562.25,24055.8,5,8803057.25,390,-65,2026-09-01
NIFTY,2026-09-01,25500.0,PE,1442.1,1540.3,1350.0,1463.6,24055.8,3190,5594952480.0,81770,-102635,2026-09-01
NIFTY,2026-09-01,25100.0,PE,1054.0,1141.65,967.0,1043.6,24055.8,641,1090175710.0,20410,-16510,2026-09-01
NIFTY,2026-09-01,24850.0,PE,815.0,879.2,697.55,794.8,24055.8,262,436679815.0,24505,-10985,2026-09-01
NIFTY,2026-09-01,24400.0,PE,324.95,445.0,242.9,364.3,24055.8,79535,127841531668.5,707915,-449670,2026-09-01
NIFTY,2026-09-01,24200.0,PE,129.05,245.5,67.15,156.85,24055.8,4005366,6332719495111.75,3012100,-2605460,2026-09-01
NIFTY,2026-09-01,23050.0,PE,0.7,0.7,0.05,0.1,24055.8,223071,334221489709.25,1630785,818805,2026-09-01
NIFTY,2026-09-01,22800.0,PE,0.65,0.65,0.05,0.05,24055.8,184170,272943994797.5,1380795,-418990,2026-09-01
NIFTY,2031-06-24,28500.0,CE,0.0,0.0,0.0,5048.95,5040.03,0,0.0,0,0,2026-09-01
NIFTY,2030-06-25,19500.0,CE,0.0,0.0,0.0,11140.25,9064.54,0,0.0,0,0,2026-09-01
NIFTY,2030-06-25,16500.0,CE,0.0,0.0,0.0,13374.05,11257.39,0,0.0,0,0,2026-09-01
NIFTY,2029-12-24,22500.0,CE,0.0,0.0,0.0,8486.15,6489.59,0,0.0,0,0,2026-09-01
NIFTY,2028-12-26,21000.0,CE,0.0,0.0,0.0,7512.5,6321.85,0,0.0,0,0,2026-09-01
NIFTY,2028-06-27,31500.0,CE,0.0,0.0,0.0,1784.8,815.87,0,0.0,0,0,2026-09-01
NIFTY,2028-06-27,25500.0,CE,0.0,0.0,0.0,4676.6,2812.01,0,0.0,0,0,2026-09-01
NIFTY,2027-12-28,28500.0,CE,505.0,527.8,476.1,482.05,482.05,67,126370273.25,15925,65,2026-09-01
NIFTY,2027-12-28,25500.0,CE,0.0,0.0,0.0,2400.0,2107.58,0,0.0,0,0,2026-09-01
NIFTY,2027-12-28,22500.0,CE,0.0,0.0,0.0,6183.0,3896.08,0,0.0,0,0,2026-09-01
NIFTY,2027-06-29,27000.0,CE,495.0,495.0,480.0,480.0,809.45,5,8932950.0,910,325,2026-09-01
NIFTY,2027-06-29,24000.0,CE,0.0,0.0,0.0,1900.0,2122.56,0,0.0,1445,0,2026-09-01
NIFTY,2027-06-29,21000.0,CE,0.0,0.0,0.0,3061.8,4307.48,0,0.0,0,0,2026-09-01
NIFTY,2027-03-30,18000.0,CE,0.0,0.0,0.0,5643.55,6725.28,0,0.0,0,0,2026-09-01
NIFTY,2026-12-29,21000.0,CE,3540.0,3607.1,3400.0,3417.25,3417.25,92,146365072.75,201030,195,2026-09-01
NIFTY,2026-11-23,25850.0,CE,0.0,0.0,0.0,358.95,252.29,0,0.0,0,0,2026-09-01
NIFTY,2026-11-23,24750.0,CE,313.0,313.0,277.0,277.0,277.0,63,102509771.0,3510,2015,2026-09-01
NIFTY,2026-11-23,24100.0,CE,671.95,700.05,593.85,599.6,599.6,88,141446324.5,3575,1690,2026-09-01
NIFTY,2026-11-23,24000.0,CE,741.95,776.8,651.0,656.7,656.7,1439,2309881593.5,192335,19500,2026-09-01
NIFTY,2026-11-23,23300.0,CE,0.0,0.0,0.0,1642.3,1399.67,0,0.0,0,0,2026-09-01
NIFTY,2026-11-23,22950.0,CE,0.0,0.0,0.0,1911.7,1658.09,0,0.0,0,0,2026-09-01
NIFTY,2026-11-23,22350.0,CE,0.0,0.0,0.0,2413.25,2146.04,0,0.0,0,0,2026-09-01
NIFTY,2026-10-27,26750.0,CE,0.0,0.0,0.0,138.3,44.22,0,0.0,0,0,2026-09-01
NIFTY,2026-10-27,26600.0,CE,0.0,0.0,0.0,157.4,53.95,0,0.0,0,0,2026-09-01
NIFTY,2026-10-27,26000.0,CE,21.6,21.8,18.05,19.05,19.05,7866,13303723959.5,1277445,48750,2026-09-01
NIFTY,2026-10-27,25450.0,CE,49.6,51.05,40.3,41.55,41.55,139,230341644.0,4290,2145,2026-09-01
NIFTY,2026-10-27,24500.0,CE,313.0,319.0,239.0,242.5,242.5,10940,17616269476.0,822380,184535,2026-09-01
NIFTY,2026-10-27,24200.0,CE,478.85,487.0,374.5,380.6,380.6,3664,5860526064.25,226525,87425,2026-09-01
NIFTY,2026-10-27,23900.0,CE,625.05,674.1,550.0,557.8,557.8,443,705078978.5,19500,9685,2026-09-01
NIFTY,2026-10-27,22350.0,CE,0.0,0.0,0.0,2124.25,1992.38,0,0.0,0,0,2026-09-01
NIFTY,2026-10-27,26950.0,CE,0.0,0.0,0.0,115.95,33.65,0,0.0,0,0,2026-09-01
NIFTY,2026-10-27,26800.0,CE,0.0,0.0,0.0,132.4,41.33,0,0.0,0,0,2026-09-01
NIFTY,2026-10-27,26550.0,CE,0.0,0.0,0.0,164.25,57.59,0,0.0,0,0,2026-09-01
NIFTY,2026-09-01,23450.0,CE,609.55,708.1,508.35,602.2,24055.8,661,1033040869.25,14625,11115,2026-09-01
NIFTY,2026-09-01,24150.0,CE,33.0,49.2,0.05,2.2,24055.8,20805029,32678523800455.0,13125645,6195280,2026-09-01
NIFTY,2026-09-01,25350.0,CE,0.5,0.6,0.05,0.1,24055.8,43489,71659651300.25,935870,-22165,2026-09-01
NIFTY,2026-09-01,25450.0,CE,0.35,0.5,0.05,0.05,24055.8,54329,89874601550.5,543985,-222625,2026-09-01
NIFTY,2026-09-01,25700.0,CE,0.3,0.5,0.05,0.1,24055.8,40607,67834661570.0,647595,-301925,2026-09-01
NIFTY,2026-09-01,26350.0,CE,0.25,0.55,0.05,0.1,24055.8,1872,3206293041.25,51610,26650,2026-09-01
NIFTY,2026-09-01,26900.0,CE,0.4,0.4,0.05,0.1,24055.8,3583,6264920405.25,80795,6890,2026-09-01
NIFTY,2026-09-01,27050.0,CE,0.3,0.5,0.05,0.1,24055.8,1802,3168385028.25,32955,1170,2026-09-01
NIFTY,2026-09-08,22400.0,CE,0.0,0.0,0.0,2357.75,1681.81,0,0.0,0,0,2026-09-01
NIFTY,2026-09-08,22750.0,CE,0.0,0.0,0.0,2023.95,1333.02,0,0.0,0,0,2026-09-01
NIFTY,2026-09-08,23350.0,CE,730.0,735.0,730.0,731.6,752.79,5,7826861.25,650,325,2026-09-01
NIFTY,2026-09-08,23500.0,CE,635.8,708.95,503.15,520.6,520.6,5534,8656463016.5,173160,106665,2026-09-01
NIFTY,2026-09-08,24250.0,CE,95.9,107.25,41.0,44.65,44.65,313422,495287612732.25,2677285,1715025,2026-09-01
NIFTY,2026-09-08,24350.0,CE,60.4,66.75,24.25,26.75,26.75,179714,284873531400.25,1888900,1109225,2026-09-01
NIFTY,2026-09-15,23850.0,CE,380.0,420.0,286.0,295.8,295.8,674,1058888385.75,12870,7345,2026-09-01
NIFTY,2026-09-15,24200.0,CE,173.55,197.8,104.55,110.55,110.55,43663,69076095302.5,1118845,720590,2026-09-01
NIFTY,2026-09-15,24250.0,CE,140.05,169.85,90.15,95.15,95.15,5978,9468821345.75,344500,56290,2026-09-01
NIFTY,2026-09-15,24450.0,CE,66.75,86.2,43.75,46.25,46.25,4708,7498976631.25,119990,72800,2026-09-01
NIFTY,2026-09-15,24750.0,CE,0.0,0.0,0.0,438.3,87.79,0,0.0,0,0,2026-09-01
NIFTY,2026-09-15,24950.0,CE,0.0,0.0,0.0,355.5,54.68,0,0.0,0,0,2026-09-01
NIFTY,2026-09-15,25350.0,CE,3.4,4.7,3.0,3.65,3.65,110,181279247.5,1950,1950,2026-09-01
NIFTY,2026-09-22,23050.0,CE,0.0,0.0,0.0,1331.55,1137.2,0,0.0,0,0,2026-09-01
NIFTY,2026-09-22,23350.0,CE,0.0,0.0,0.0,1089.75,885.35,0,0.0,0,0,2026-09-01
NIFTY,2026-09-22,23400.0,CE,0.0,0.0,0.0,1051.55,845.87,0,0.0,0,0,2026-09-01
NIFTY,2026-09-22,23450.0,CE,0.0,0.0,0.0,1013.95,807.19,0,0.0,0,0,2026-09-01
NIFTY,2026-09-22,24200.0,CE,208.85,251.7,160.0,168.05,168.05,2591,4108634764.0,65325,24050,2026-09-01
NIFTY,2026-09-22,24650.0,CE,0.0,0.0,0.0,336.8,173.59,0,0.0,0,0,2026-09-01
NIFTY,2026-09-22,26050.0,CE,1.75,2.9,1.75,2.9,2.9,12,20320634.75,0,0,2026-09-01
NIFTY,2026-09-29,23900.0,CE,482.6,506.35,366.3,378.95,378.95,6580,10394044095.5,138840,53820,2026-09-01
NIFTY,2026-09-29,24000.0,CE,413.6,437.45,307.75,317.65,317.65,74751,118318002188.75,3946020,797160,2026-09-01
NIFTY,2026-09-29,24100.0,CE,322.8,368.5,253.4,261.25,261.25,52644,83489721178.5,1179620,416910,2026-09-01
NIFTY,2026-09-29,24850.0,CE,51.7,61.0,41.15,42.7,42.7,2978,4819403930.25,166985,5200,2026-09-01
NIFTY,2026-09-29,25650.0,CE,8.05,8.45,7.1,8.15,8.15,482,803855214.5,31850,2925,2026-09-01
NIFTY,2026-09-29,26700.0,CE,3.7,3.7,2.3,2.45,4.98,35,60749633.75,2665,65,2026-09-01
NIFTY,2026-09-29,26900.0,CE,1.95,2.2,1.85,2.0,2.0,48,83934194.5,3640,-2275,2026-09-01
NIFTY,2026-10-27,22900.0,CE,0.0,0.0,0.0,1691.95,1522.47,0,0.0,0,0,2026-09-01
NIFTY,2026-10-27,23300.0,CE,1125.0,1125.0,1015.0,1015.0,1214.75,7,11096475.0,1950,0,2026-09-01
NIFTY,2026-10-27,24350.0,CE,363.7,397.45,301.9,305.85,305.85,387,620973174.25,12805,3575,2026-09-01
NIFTY,2026-10-27,26150.0,CE,0.0,0.0,0.0,228.35,95.06,0,0.0,0,0,2026-09-01
NIFTY,2031-06-24,33000.0,PE,0.0,0.0,0.0,3810.15,3375.12,0,0.0,0,0,2026-09-01
NIFTY,2031-06-24,22500.0,PE,0.0,0.0,0.0,663.6,493.16,0,0.0,0,0,2026-09-01
NIFTY,2030-12-31,31500.0,PE,0.0,0.0,0.0,1885.5,3003.67,0,0.0,0,0,2026-09-01
NIFTY,2030-12-31,28500.0,PE,0.0,0.0,0.0,1083.1,1895.91,0,0.0,0,0,2026-09-01
NIFTY,2030-12-31,22500.0,PE,0.0,0.0,0.0,219.35,510.0,0,0.0,0,0,2026-09-01
NIFTY,2028-12-26,19500.0,PE,0.0,0.0,0.0,49.0,151.5,0,0.0,0,0,2026-09-01
NIFTY,2028-06-27,31500.0,PE,0.0,0.0,0.0,2935.6,4711.54,0,0.0,0,0,2026-09-01
NIFTY,2028-06-27,22500.0,PE,0.0,0.0,0.0,206.95,514.99,0,0.0,0,0,2026-09-01
NIFTY,2027-12-28,25500.0,PE,0.0,0.0,0.0,676.05,1431.54,0,0.0,0,0,2026-09-01
NIFTY,2027-06-29,16500.0,PE,33.0,33.0,33.0,33.0,1.29,1,1074645.0,780,0,2026-09-01
NIFTY,2027-03-30,28500.0,PE,0.0,0.0,0.0,2937.15,3612.84,0,0.0,65,0,2026-09-01
NIFTY,2027-03-30,21000.0,PE,71.15,80.0,70.0,78.6,78.6,569,779446235.75,477360,2990,2026-09-01
NIFTY,2026-12-29,25500.0,PE,1058.0,1189.9,1027.8,1177.4,1177.4,578,1000142958.75,443690,-2080,2026-09-01
NIFTY,2026-11-23,26050.0,PE,0.0,0.0,0.0,1637.9,1820.84,0,0.0,0,0,2026-09-01
NIFTY,2026-11-23,25800.0,PE,0.0,0.0,0.0,1454.8,1625.35,0,0.0,0,0,2026-09-01
NIFTY,2026-11-23,24750.0,PE,0.0,0.0,0.0,807.55,916.47,0,0.0,0,0,2026-09-01
NIFTY,2026-11-23,24300.0,PE,419.0,470.0,370.0,460.05,460.05,166,267012850.0,8450,4875,2026-09-01
NIFTY,2026-11-23,23750.0,PE,0.0,0.0,0.0,388.25,444.22,0,0.0,0,0,2026-09-01
NIFTY,2026-11-23,22900.0,PE,0.0,0.0,0.0,176.95,201.81,0,0.0,0,0,2026-09-01
NIFTY,2026-11-23,22850.0,PE,0.0,0.0,0.0,168.05,191.55,0,0.0,0,0,2026-09-01
NIFTY,2026-10-27,26050.0,PE,0.0,0.0,0.0,1920.65,1840.46,0,0.0,0,0,2026-09-01
NIFTY,2026-10-27,25800.0,PE,0.0,0.0,0.0,1375.5,1628.87,0,0.0,325,0,2026-09-01
NIFTY,2026-10-27,24450.0,PE,423.0,510.0,388.25,505.7,505.7,37,59907558.75,17160,-910,2026-09-01
NIFTY,2026-10-27,23700.0,PE,168.4,203.65,138.75,196.35,196.35,1459,2264070025.75,203645,10855,2026-09-01
NIFTY,2026-10-27,23200.0,PE,82.0,102.1,65.9,98.6,98.6,949,1436675799.0,35750,30875,2026-09-01
NIFTY,2026-09-29,30000.0,PE,5750.0,5900.0,5690.0,5887.65,5887.65,64,148886981.75,144690,-1560,2026-09-01
NIFTY,2026-09-29,27100.0,PE,0.0,0.0,0.0,2914.15,2920.76,0,0.0,0,0,2026-09-01
NIFTY,2026-09-29,26800.0,PE,0.0,0.0,0.0,2222.1,2624.22,0,0.0,1365,0,2026-09-01
NIFTY,2026-09-29,26650.0,PE,0.0,0.0,0.0,2517.6,2476.62,0,0.0,0,0,2026-09-01
NIFTY,2026-09-29,25800.0,PE,1706.9,1712.0,1684.05,1684.1,1684.1,6,10725386.75,20540,-390,2026-09-01
NIFTY,2026-09-29,24700.0,PE,580.5,686.95,498.9,669.15,669.15,1325,2180455013.75,310895,-9555,2026-09-01
NIFTY,2026-09-29,22950.0,PE,25.6,31.95,19.25,29.6,29.6,1611,2405936253.5,98735,25220,2026-09-01
NIFTY,2026-09-29,22800.0,PE,20.45,24.95,15.5,23.5,23.5,8301,12313339372.75,710060,58500,2026-09-01
NIFTY,2026-09-29,22150.0,PE,11.35,12.95,9.5,12.25,12.25,233,335644016.5,37375,11180,2026-09-01
NIFTY,2026-09-29,21850.0,PE,10.3,10.7,7.65,9.9,9.9,109,154878275.5,3120,325,2026-09-01
NIFTY,2026-09-22,25600.0,PE,0.0,0.0,0.0,1396.5,1482.14,0,0.0,0,0,2026-09-01
NIFTY,2026-09-22,25300.0,PE,0.0,0.0,0.0,1150.25,1208.12,0,0.0,0,0,2026-09-01
NIFTY,2026-09-22,25100.0,PE,0.0,0.0,0.0,997.6,1034.54,0,0.0,0,0,2026-09-01
NIFTY,2026-09-22,25000.0,PE,0.0,0.0,0.0,680.0,951.23,0,0.0,0,0,2026-09-01
NIFTY,2026-09-22,24500.0,PE,430.0,521.3,353.25,503.0,503.0,399,646626295.25,30810,3965,2026-09-01
NIFTY,2026-09-22,24350.0,PE,285.3,395.0,285.3,380.0,380.0,4,6424229.5,2015,0,2026-09-01
NIFTY,2026-09-22,23700.0,PE,0.0,0.0,0.0,244.2,188.85,0,0.0,0,0,2026-09-01
NIFTY,2026-09-15,25950.0,PE,0.0,0.0,0.0,1430.0,1836.78,0,0.0,0,0,2026-09-01
NIFTY,2026-09-15,24100.0,PE,166.95,234.65,119.8,213.15,213.15,30114,47507730751.0,490230,239850,2026-09-01
NIFTY,2026-09-15,23850.0,PE,71.1,121.25,56.7,108.0,108.0,6003,9343792389.75,203645,191815,2026-09-01
NIFTY,2026-09-15,23800.0,PE,67.55,105.4,48.9,93.7,93.7,17654,27401654488.0,399165,101075,2026-09-01
NIFTY,2026-09-08,26350.0,PE,0.0,0.0,0.0,1656.4,2263.7,0,0.0,0,0,2026-09-01
NIFTY,2026-09-08,25700.0,PE,0.0,0.0,0.0,1116.5,1614.73,0,0.0,0,0,2026-09-01
NIFTY,2026-09-08,25100.0,PE,1000.0,1100.0,901.25,1081.5,1081.5,141,239368262.25,15275,7020,2026-09-01
NIFTY,2026-09-08,24500.0,PE,370.0,526.35,323.3,503.65,503.65,24848,40262104148.5,989365,208585,2026-09-01
NIFTY,2026-09-08,24400.0,PE,310.05,433.0,245.0,413.25,413.25,25705,41326599089.75,622635,156260,2026-09-01
NIFTY,2026-09-08,23300.0,PE,8.75,9.75,4.55,7.25,7.25,104927,158957369122.5,1698645,633360,2026-09-01
NIFTY,2026-09-01,26600.0,PE,0.0,0.0,0.0,2266.3,24055.8,0,0.0,0,0,2026-09-01
NIFTY,2026-09-01,26100.0,PE,2110.25,2110.25,2030.0,2030.0,24055.8,2,3662116.25,130,0,2026-09-01
NIFTY,2026-09-01,25400.0,PE,1338.0,1447.05,1297.55,1338.85,24055.8,276,480136679.75,11635,-8970,2026-09-01
NIFTY,2026-09-01,25250.0,PE,1131.0,1131.0,1131.0,1131.0,24055.8,1,1714765.0,1365,-65,2026-09-01
NIFTY,2026-09-01,24950.0,PE,907.7,986.6,819.4,899.4,24055.8,436,732279314.0,17160,-4550,2026-09-01
NIFTY,2026-09-01,24650.0,PE,604.7,692.25,490.55,615.55,24055.8,1781,2923964530.5,47385,-29380,2026-09-01
NIFTY,2026-09-01,23950.0,PE,13.8,34.8,0.05,8.9,24055.8,26604108,41439929038361.75,14106885,7638410,2026-09-01
NIFTY,2031-06-24,24000.0,CE,0.0,0.0,0.0,7181.9,7275.12,0,0.0,0,0,2026-09-01
NIFTY,2030-12-31,30000.0,CE,0.0,0.0,0.0,5227.2,3896.46,0,0.0,0,0,2026-09-01
NIFTY,2030-06-25,22500.0,CE,0.0,0.0,0.0,9012.4,7064.51,0,0.0,0,0,2026-09-01
NIFTY,2029-12-24,31500.0,CE,0.0,0.0,0.0,3429.3,2277.66,0,0.0,0,0,2026-09-01
NIFTY,2029-06-26,30000.0,CE,0.0,0.0,0.0,5268.4,2215.55,0,0.0,0,0,2026-09-01
NIFTY,2029-06-26,28500.0,CE,0.0,0.0,0.0,4213.3,2753.05,0,0.0,0,0,2026-09-01
NIFTY,2028-06-27,18000.0,CE,0.0,0.0,0.0,6809.35,8132.4,0,0.0,0,0,2026-09-01
NIFTY,2027-06-29,31500.0,CE,0.0,0.0,0.0,769.15,121.7,0,0.0,0,0,2026-09-01
NIFTY,2027-06-29,19000.0,CE,0.0,0.0,0.0,7800.0,6083.3,0,0.0,75,0,2026-09-01
NIFTY,2026-12-29,23000.0,CE,1710.05,1766.0,1603.0,1619.75,1619.75,723,1158724869.25,342760,8710,2026-09-01
NIFTY,2026-11-23,26050.0,CE,0.0,0.0,0.0,309.45,212.35,0,0.0,0,0,2026-09-01
NIFTY,2026-11-23,25350.0,CE,0.0,0.0,0.0,514.1,378.47,0,0.0,0,0,2026-09-01
NIFTY,2026-11-23,25000.0,CE,248.35,248.35,194.0,197.05,197.05,3254,5333871614.5,188760,48035,2026-09-01
NIFTY,2026-11-23,24700.0,CE,343.15,365.0,295.4,297.3,297.3,281,456836776.5,17745,9360,2026-09-01
NIFTY,2026-11-23,24400.0,CE,486.45,517.9,428.1,431.25,431.25,194,313490277.75,10465,3965,2026-09-01
NIFTY,2026-11-23,22900.0,CE,0.0,0.0,0.0,1951.7,1696.68,0,0.0,0,0,2026-09-01
NIFTY,2026-11-23,22550.0,CE,0.0,0.0,0.0,2241.1,1977.7,0,0.0,0,0,2026-09-01
NIFTY,2031-06-24,18000.0,PE,0.0,0.0,0.0,173.45,109.54,0,0.0,0,0,2026-09-01
NIFTY,2029-12-24,25000.0,PE,0.0,0.0,0.0,1000.0,1062.98,0,0.0,1135,0,2026-09-01
NIFTY,2029-06-26,19500.0,PE,0.0,0.0,0.0,56.0,170.09,0,0.0,0,0,2026-09-01
NIFTY,2029-06-26,18000.0,PE,0.0,0.0,0.0,118.45,81.09,0,0.0,0,0,2026-09-01
NIFTY,2029-06-26,16500.0,PE,0.0,0.0,0.0,8.1,33.45,0,0.0,0,0,2026-09-01
NIFTY,2028-12-26,31500.0,PE,0.0,0.0,0.0,2673.4,4269.22,0,0.0,0,0,2026-09-01
NIFTY,2028-12-26,24000.0,PE,705.05,716.05,700.1,716.0,873.46,6,9637498.0,4810,130,2026-09-01
NIFTY,2028-06-27,27000.0,PE,0.0,0.0,0.0,2752.35,2027.61,0,0.0,0,0,2026-09-01
NIFTY,2027-06-29,27000.0,PE,1780.0,2070.0,1780.0,2070.0,2331.82,3,5649800.0,65,-65,2026-09-01
NIFTY,2027-06-29,18000.0,PE,0.0,0.0,0.0,220.0,9.23,0,0.0,230,0,2026-09-01
NIFTY,2027-03-30,18000.0,PE,0.0,0.0,0.0,37.3,2.78,0,0.0,65,0,2026-09-01
NIFTY,2026-12-29,22000.0,PE,65.75,75.0,62.0,73.65,73.65,4159,5966304951.75,1756500,21550,2026-09-01
NIFTY,2026-12-29,19000.0,PE,24.2,24.75,22.85,23.35,23.35,576,712234669.25,620270,3640,2026-09-01
NIFTY,2026-11-23,25700.0,PE,0.0,0.0,0.0,1384.75,1550.57,0,0.0,0,0,2026-09-01
NIFTY,2026-11-23,23650.0,PE,0.0,0.0,0.0,356.9,408.45,0,0.0,0,0,2026-09-01
NIFTY,2026-11-23,23450.0,PE,0.0,0.0,0.0,300.7,342.92,0,0.0,0,0,2026-09-01
NIFTY,2026-11-23,22700.0,PE,68.0,83.35,50.95,80.8,80.8,45,66592080.75,3575,2080,2026-09-01
NIFTY,2026-10-27,25950.0,PE,0.0,0.0,0.0,1842.3,1754.8,0,0.0,0,0,2026-09-01
NIFTY,2026-10-27,25350.0,PE,0.0,0.0,0.0,865.7,1273.45,0,0.0,260,0,2026-09-01
NIFTY,2026-10-27,23500.0,PE,118.25,155.1,102.2,149.5,149.5,9249,14206097795.5,881140,21905,2026-09-01
NIFTY,2026-10-27,22300.0,PE,25.0,32.1,22.35,28.85,28.85,450,653034170.75,71630,1690,2026-09-01
NIFTY,2026-09-29,26550.0,PE,0.0,0.0,0.0,2431.75,2378.57,0,0.0,0,0,2026-09-01
NIFTY,2026-09-29,26400.0,PE,0.0,0.0,0.0,1887.6,2232.17,0,0.0,3770,0,2026-09-01
NIFTY,2026-09-29,26350.0,PE,0.0,0.0,0.0,2262.9,2183.58,0,0.0,0,0,2026-09-01
NIFTY,2026-09-29,26150.0,PE,0.0,0.0,0.0,1720.0,1990.59,0,0.0,65,0,2026-09-01
NIFTY,2026-09-29,24550.0,PE,478.1,565.3,394.65,539.85,539.85,232,377212816.5,64090,3640,2026-09-01
NIFTY,2026-09-29,24000.0,PE,172.2,241.9,142.0,225.25,225.25,123938,194943998775.5,6289410,306930,2026-09-01
NIFTY,2026-09-29,23550.0,PE,77.1,100.55,55.0,92.75,92.75,1738,2669678521.25,97955,7475,2026-09-01
NIFTY,2026-09-29,23500.0,PE,64.0,92.0,49.1,84.0,84.0,79172,121310597326.75,4972500,870415,2026-09-01
NIFTY,2026-09-22,25950.0,PE,0.0,0.0,0.0,1703.35,1815.61,0,0.0,0,0,2026-09-01
NIFTY,2026-09-22,25700.0,PE,0.0,0.0,0.0,1482.25,1576.21,0,0.0,0,0,2026-09-01
NIFTY,2026-09-22,25650.0,PE,0.0,0.0,0.0,1439.15,1529.03,0,0.0,0,0,2026-09-01
NIFTY,2026-09-22,24850.0,PE,0.0,0.0,0.0,818.9,831.36,0,0.0,0,0,2026-09-01
NIFTY,2026-09-22,24650.0,PE,0.0,0.0,0.0,689.35,682.28,0,0.0,0,0,2026-09-01
NIFTY,2026-09-22,24600.0,PE,0.0,0.0,0.0,447.5,647.22,0,0.0,130,0,2026-09-01
NIFTY,2026-09-22,24450.0,PE,400.0,464.4,326.35,464.4,464.4,8,12935513.5,1235,-130,2026-09-01
NIFTY,2026-09-22,24400.0,PE,294.0,447.9,294.0,423.7,423.7,73,117585230.75,9230,-2210,2026-09-01
NIFTY,2026-09-22,23950.0,PE,142.6,190.7,104.85,175.25,175.25,444,695790182.75,7345,1560,2026-09-01
NIFTY,2026-09-22,23350.0,PE,0.0,0.0,0.0,149.8,98.55,0,0.0,0,0,2026-09-01
NIFTY,2026-09-22,22550.0,PE,6.0,9.0,6.0,8.9,14.06,26,38123049.25,845,650,2026-09-01
NIFTY,2026-09-22,22500.0,PE,8.0,11.1,6.55,10.45,10.45,287,419902031.25,23465,2990,2026-09-01
NIFTY,2026-09-15,25750.0,PE,0.0,0.0,0.0,1263.75,1639.9,0,0.0,0,0,2026-09-01
NIFTY,2026-09-15,25600.0,PE,0.0,0.0,0.0,1144.25,1493.61,0,0.0,0,0,2026-09-01
NIFTY,2026-09-15,25450.0,PE,0.0,0.0,0.0,1030.55,1349.12,0,0.0,0,0,2026-09-01
NIFTY,2026-09-15,25000.0,PE,858.7,986.0,784.0,953.6,953.6,94,158128945.0,5135,2470,2026-09-01
NIFTY,2026-09-15,24550.0,PE,457.4,545.4,376.55,545.4,545.4,15,24360284.0,3640,-325,2026-09-01
NIFTY,2026-09-15,24250.0,PE,246.75,326.0,181.1,307.8,307.8,1856,2954407361.75,61685,31265,2026-09-01
NIFTY,2026-09-15,23200.0,PE,0.0,0.0,0.0,75.8,39.95,0,0.0,0,0,2026-09-01
NIFTY,2026-09-15,22600.0,PE,4.7,10.8,4.3,6.85,6.85,896,1316558616.75,37180,32110,2026-09-01
NIFTY,2026-09-08,25800.0,PE,1680.0,1750.0,1680.0,1750.0,1750.0,2,3576950.0,650,130,2026-09-01
NIFTY,2026-09-08,24800.0,PE,705.0,813.55,600.0,789.85,789.85,1546,2566546047.0,87230,27170,2026-09-01
NIFTY,2026-09-08,24600.0,PE,500.05,616.0,411.05,599.45,599.45,3638,5941335257.0,272870,79755,2026-09-01
NIFTY,2026-09-08,24300.0,PE,229.0,350.0,179.4,326.95,326.95,116476,185823138241.0,1483105,62205,2026-09-01
NIFTY,2026-09-08,23100.0,PE,5.6,6.6,3.6,5.05,5.05,59822,89841388656.5,1161030,366665,2026-09-01
NIFTY,2026-09-08,22650.0,PE,5.8,5.8,2.0,2.65,2.65,12340,18169993968.75,97305,-52130,2026-09-01
NIFTY,2026-09-01,26950.0,PE,0.0,0.0,0.0,2597.5,24055.8,0,0.0,0,0,2026-09-01
NIFTY,2026-09-01,25950.0,PE,0.0,0.0,0.0,1679.0,24055.8,0,0.0,0,0,2026-09-01
NIFTY,2026-09-01,24750.0,PE,702.0,790.45,600.75,708.45,24055.8,957,1582594396.5,41210,-24115,2026-09-01
NIFTY,2026-09-01,23400.0,PE,0.45,0.95,0.05,0.2,24055.8,1341754,2040849991696.75,3809195,131365,2026-09-01
NIFTY,2026-09-01,23100.0,PE,0.65,0.7,0.05,0.1,24055.8,541377,812889788759.75,3294720,1290900,2026-09-01
NIFTY,2026-09-01,22750.0,PE,0.45,0.55,0.05,0.1,24055.8,30581,45222232198.0,182845,31850,2026-09-01
NIFTY,2026-09-01,22250.0,PE,0.45,0.45,0.05,0.1,24055.8,24945,36077142796.5,152295,-4290,2026-09-01
NIFTY,2030-12-31,27000.0,CE,0.0,0.0,0.0,6772.8,5183.84,0,0.0,0,0,2026-09-01
NIFTY,2030-12-31,22500.0,CE,0.0,0.0,0.0,9536.95,7634.08,0,0.0,0,0,2026-09-01
NIFTY,2030-06-25,33000.0,CE,0.0,0.0,0.0,4416.45,2355.7,0,0.0,0,0,2026-09-01
NIFTY,2030-06-25,24000.0,CE,0.0,0.0,0.0,8591.55,6163.17,0,0.0,0,0,2026-09-01
NIFTY,2028-12-26,30000.0,CE,1189.95,1200.0,1145.0,1145.0,1145.0,62,125703431.75,18055,3900,2026-09-01
NIFTY,2028-12-26,28500.0,CE,0.0,0.0,0.0,3608.65,2162.76,0,0.0,0,0,2026-09-01
NIFTY,2028-12-26,28000.0,CE,2006.65,2006.65,1989.65,1989.7,2350.66,9,17546061.0,8915,390,2026-09-01
NIFTY,2028-12-26,25500.0,CE,0.0,0.0,0.0,3800.0,3481.14,0,0.0,0,0,2026-09-01
NIFTY,2028-12-26,24000.0,CE,4436.0,4436.0,4350.0,4350.0,4318.24,3,5539430.0,1235,0,2026-09-01
NIFTY,2028-12-26,18000.0,CE,0.0,0.0,0.0,9380.3,8664.23,0,0.0,0,0,2026-09-01
NIFTY,2027-12-28,24000.0,CE,2736.55,2736.55,2578.3,2608.0,2608.0,75,130028297.75,39455,2340,2026-09-01
NIFTY,2027-06-29,30000.0,CE,0.0,0.0,0.0,1478.4,241.87,0,0.0,0,0,2026-09-01
NIFTY,2026-12-29,26000.0,CE,135.05,139.85,115.35,118.0,118.0,11686,19846085616.5,3638505,99150,2026-09-01
NIFTY,2026-12-29,25000.0,CE,420.0,430.0,355.2,358.8,358.8,8485,13999932800.75,2437525,-11300,2026-09-01
NIFTY,2026-11-23,25500.0,CE,110.0,113.9,90.0,91.85,91.85,2701,4494890175.75,114920,83070,2026-09-01
NIFTY,2026-11-23,24900.0,CE,0.0,0.0,0.0,691.9,529.66,0,0.0,0,0,2026-09-01
NIFTY,2026-11-23,24650.0,CE,363.55,392.6,342.6,342.6,630.63,33,53649475.75,1495,715,2026-09-01
NIFTY,2026-11-23,24450.0,CE,453.15,479.5,410.0,410.0,720.61,12,19419481.25,455,260,2026-09-01
NIFTY,2026-11-23,23900.0,CE,744.2,744.2,744.2,744.2,1011.4,1,1601873.0,130,65,2026-09-01
NIFTY,2026-11-23,23700.0,CE,0.0,0.0,0.0,1358.95,1132.79,0,0.0,0,0,2026-09-01
NIFTY,2026-11-23,22450.0,CE,0.0,0.0,0.0,2326.6,2061.21,0,0.0,0,0,2026-09-01
NIFTY,2026-10-27,26700.0,CE,0.0,0.0,0.0,85.6,47.28,0,0.0,65,0,2026-09-01
NIFTY,2026-10-27,26100.0,CE,0.0,0.0,0.0,237.65,100.94,0,0.0,0,0,2026-09-01
NIFTY,2026-10-27,25800.0,CE,25.3,28.1,22.7,23.5,23.5,408,684863965.5,39195,7020,2026-09-01
NIFTY,2026-10-27,25600.0,CE,38.05,39.15,29.0,31.75,31.75,2205,3674023535.0,134875,2470,2026-09-01
NIFTY,2026-10-27,25500.0,CE,43.0,46.4,34.05,37.8,37.8,12002,19925482336.5,944775,-15990,2026-09-01
NIFTY,2026-10-27,25300.0,CE,0.0,0.0,0.0,432.4,245.16,0,0.0,0,0,2026-09-01
NIFTY,2026-10-27,25100.0,CE,89.25,106.3,79.3,81.65,81.65,3693,6046696591.0,173680,17095,2026-09-01
NIFTY,2026-10-27,23950.0,CE,630.0,631.0,516.95,542.85,542.85,126,200578287.0,1300,1235,2026-09-01
NIFTY,2026-10-27,22550.0,CE,0.0,0.0,0.0,1962.0,1816.33,0,0.0,0,0,2026-09-01
NIFTY,2026-09-29,30000.0,CE,0.8,1.25,0.8,0.95,0.95,193,376362405.25,304290,-1235,2026-09-01
NIFTY,2026-09-29,26750.0,CE,2.95,2.95,2.35,2.4,4.42,26,45211767.25,7995,390,2026-09-01
NIFTY,2026-09-29,26450.0,CE,0.0,0.0,0.0,3.15,8.94,0,0.0,2795,0,2026-09-01
NIFTY,2026-09-29,26050.0,CE,4.55,5.7,4.2,5.05,5.05,2455,4157677478.5,91455,91455,2026-09-01
NIFTY,2026-09-29,25900.0,CE,5.8,6.45,5.0,5.95,5.95,245,412552289.5,9880,9880,2026-09-01
NIFTY,2026-09-29,25700.0,CE,7.25,7.95,6.5,7.4,7.4,3709,6197618833.25,347555,7410,2026-09-01
NIFTY,2026-09-29,25550.0,CE,9.45,9.85,8.45,9.7,9.7,647,1074894759.25,57005,-3770,2026-09-01
NIFTY,2026-09-29,25450.0,CE,13.1,13.1,10.05,11.25,11.25,788,1304115985.25,60775,3965,2026-09-01
NIFTY,2026-09-29,25000.0,CE,42.4,42.4,28.0,29.15,29.15,66320,107910898933.5,6582485,299065,2026-09-01
NIFTY,2026-09-29,24750.0,CE,70.05,82.0,53.5,55.6,55.6,3942,6357658238.75,183885,22880,2026-09-01
NIFTY,2026-09-29,24650.0,CE,90.05,107.9,69.25,72.15,72.15,5210,8375341919.75,210340,20345,2026-09-01
NIFTY,2026-09-29,24600.0,CE,105.35,123.0,80.0,82.3,82.3,30882,49566800575.5,1568450,-24180,2026-09-01
NIFTY,2026-09-29,24350.0,CE,214.5,225.0,148.55,153.0,153.0,5223,8325377505.25,439855,26975,2026-09-01
NIFTY,2026-09-29,23150.0,CE,0.0,0.0,0.0,1236.2,1106.42,0,0.0,780,0,2026-09-01
NIFTY,2026-09-29,22700.0,CE,1390.0,1414.5,1390.0,1414.45,1414.45,4,6268167.75,1105,65,2026-09-01
NIFTY,2026-09-29,22550.0,CE,0.0,0.0,0.0,1749.2,1636.94,0,0.0,130,0,2026-09-01
NIFTY,2026-09-29,22450.0,CE,0.0,0.0,0.0,1843.95,1730.8,0,0.0,65,0,2026-09-01
NIFTY,2026-09-29,22000.0,CE,2170.0,2280.9,2058.1,2080.1,2080.1,341,534941663.75,804245,1820,2026-09-01
NIFTY,2026-09-29,21850.0,CE,0.0,0.0,0.0,2400.0,2311.0,0,0.0,65,0,2026-09-01
NIFTY,2026-09-22,25550.0,CE,6.7,6.7,6.7,6.7,29.98,1,1661185.5,65,0,2026-09-01
NIFTY,2026-09-22,25500.0,CE,6.45,7.35,5.1,6.0,6.0,848,1405892718.75,46800,5980,2026-09-01
NIFTY,2026-09-22,23500.0,CE,695.8,710.0,614.6,623.65,623.65,29,45515986.75,4290,260,2026-09-01
NIFTY,2026-09-15,26000.0,CE,2.0,2.3,1.3,1.6,1.6,2191,3703024214.5,104130,39650,2026-09-01
NIFTY,2026-09-15,25550.0,CE,2.4,3.95,2.2,2.7,2.7,140,232529199.5,1820,1820,2026-09-01
NIFTY,2026-09-15,25150.0,CE,0.0,0.0,0.0,284.5,32.6,0,0.0,0,0,2026-09-01
NIFTY,2026-09-15,24900.0,CE,38.7,38.7,8.25,9.85,9.85,10694,17315634397.75,286520,286520,2026-09-01
NIFTY,2026-09-15,24650.0,CE,31.0,40.55,20.0,22.75,22.75,5495,8814075065.25,122915,55510,2026-09-01
NIFTY,2026-09-15,24600.0,CE,46.45,50.0,25.2,27.95,27.95,22331,35755603770.25,536120,216515,2026-09-01
NIFTY,2026-09-15,24050.0,CE,250.0,287.95,168.5,176.4,176.4,8150,12854540520.25,120575,82940,2026-09-01
NIFTY,2026-09-15,23100.0,CE,0.0,0.0,0.0,1569.25,1039.08,0,0.0,0,0,2026-09-01
NIFTY,2026-09-15,22600.0,CE,0.0,0.0,0.0,2026.95,1513.51,0,0.0,0,0,2026-09-01
NIFTY,2026-09-08,26150.0,CE,0.8,1.1,0.75,0.85,0.85,117,198877100.5,2145,-2340,2026-09-01
NIFTY,2026-09-08,25400.0,CE,1.6,2.1,1.15,1.35,1.35,113972,188179097505.75,2349035,1758770,2026-09-01
NIFTY,2026-09-08,24050.0,CE,188.0,224.7,105.0,110.9,110.9,256841,403913359980.0,2167360,1732965,2026-09-01
NIFTY,2026-09-08,23050.0,CE,0.0,0.0,0.0,1746.8,1037.36,0,0.0,0,0,2026-09-01
NIFTY,2026-09-08,22800.0,CE,0.0,0.0,0.0,1977.1,1283.39,0,0.0,0,0,2026-09-01
NIFTY,2026-09-01,26650.0,CE,0.35,0.45,0.05,0.1,24055.8,1726,2989881391.25,38220,24765,2026-09-01
NIFTY,2026-09-01,26000.0,CE,0.2,0.35,0.05,0.05,24055.8,122433,206913309297.5,1227005,-628225,2026-09-01
NIFTY,2026-09-01,25850.0,CE,0.45,0.6,0.05,0.1,24055.8,6784,11398922697.5,118950,10595,2026-09-01
NIFTY,2026-09-01,25500.0,CE,0.4,0.45,0.05,0.1,24055.8,176855,293140420706.25,5470465,-609310,2026-09-01
NIFTY,2026-09-01,25200.0,CE,0.4,0.65,0.05,0.1,24055.8,423780,694159649381.25,4344015,-327665,2026-09-01
NIFTY,2026-09-01,23550.0,CE,495.7,608.15,408.8,488.1,24055.8,2408,3760537225.25,36660,13910,2026-09-01
NIFTY,2026-09-01,23250.0,CE,857.85,857.85,797.2,830.05,24055.8,192,300518975.25,2730,2470,2026-09-01
NIFTY,2026-09-01,23050.0,CE,1025.0,1025.0,1025.0,1025.0,24055.8,1,1564875.0,130,0,2026-09-01
NIFTY,2026-09-01,23800.0,PE,2.5,4.7,0.05,1.55,24055.8,7720982,11945284108741.75,7402980,-1976780,2026-09-01
NIFTY,2030-12-31,19500.0,PE,0.0,0.0,0.0,67.4,193.82,0,0.0,0,0,2026-09-01
NIFTY,2030-12-31,16500.0,PE,0.0,0.0,0.0,13.65,52.32,0,0.0,0,0,2026-09-01
NIFTY,2029-12-24,30000.0,PE,0.0,0.0,0.0,1953.5,2846.66,0,0.0,0,0,2026-09-01
NIFTY,2029-12-24,21000.0,PE,0.0,0.0,0.0,350.05,325.99,0,0.0,715,0,2026-09-01
NIFTY,2029-12-24,16500.0,PE,0.0,0.0,0.0,10.15,40.94,0,0.0,0,0,2026-09-01
NIFTY,2027-12-28,24000.0,PE,670.0,689.0,652.0,678.55,678.55,263,421698023.5,170855,2470,2026-09-01
NIFTY,2027-03-30,22500.0,PE,171.0,191.45,168.0,185.35,185.35,2024,2983967184.25,636935,24505,2026-09-01
NIFTY,2026-12-29,20000.0,PE,30.0,31.7,27.95,30.1,30.1,1967,2560873643.25,1127500,28470,2026-09-01
NIFTY,2026-12-29,18000.0,PE,17.15,17.7,15.4,17.0,17.0,648,758847072.75,534500,6500,2026-09-01
NIFTY,2026-12-29,16500.0,PE,17.95,17.95,17.95,17.95,0.0,1,1073666.75,4355,0,2026-09-01
NIFTY,2026-12-29,14000.0,PE,0.0,0.0,0.0,7.05,0.0,0,0.0,9415,0,2026-09-01
NIFTY,2026-11-23,25650.0,PE,0.0,0.0,0.0,1350.35,1513.24,0,0.0,0,0,2026-09-01
NIFTY,2026-11-23,25600.0,PE,0.0,0.0,0.0,1316.4,1475.31,0,0.0,0,0,2026-09-01
NIFTY,2026-11-23,22600.0,PE,0.0,0.0,0.0,128.5,146.02,0,0.0,0,0,2026-09-01
NIFTY,2026-11-23,22500.0,PE,57.15,67.75,49.7,65.85,65.85,1157,1696628758.5,82745,25350,2026-09-01
NIFTY,2026-10-27,26750.0,PE,0.0,0.0,0.0,2501.2,2470.54,0,0.0,0,0,2026-09-01
NIFTY,2026-10-27,26500.0,PE,2210.0,2265.0,2210.0,2250.0,2250.0,4,7473440.0,7540,-65,2026-09-01
NIFTY,2026-10-27,25650.0,PE,0.0,0.0,0.0,1057.4,1506.3,0,0.0,130,0,2026-09-01
NIFTY,2026-10-27,25450.0,PE,0.0,0.0,0.0,1058.8,1348.66,0,0.0,130,0,2026-09-01
NIFTY,2026-10-27,24750.0,PE,0.0,0.0,0.0,546.9,859.26,0,0.0,1235,0,2026-09-01
NIFTY,2026-10-27,24550.0,PE,495.0,577.2,480.4,564.8,740.04,10,16309673.25,9165,0,2026-09-01
NIFTY,2026-10-27,24000.0,PE,255.75,303.35,212.0,292.2,292.2,11257,17754005750.0,1006135,55250,2026-09-01
NIFTY,2026-10-27,23950.0,PE,0.0,0.0,0.0,612.05,443.38,0,0.0,0,0,2026-09-01
NIFTY,2026-10-27,23350.0,PE,0.0,0.0,0.0,387.65,238.78,0,0.0,0,0,2026-09-01
NIFTY,2026-10-27,23300.0,PE,88.25,115.9,76.0,112.6,112.6,2260,3437236656.75,273585,20345,2026-09-01
NIFTY,2026-10-27,23050.0,PE,0.0,0.0,0.0,301.35,166.4,0,0.0,0,0,2026-09-01
NIFTY,2026-09-29,28500.0,PE,4325.0,4400.25,4285.45,4365.5,4365.5,31,66222107.25,435500,780,2026-09-01
NIFTY,2026-09-29,26900.0,PE,0.0,0.0,0.0,2127.9,2722.9,0,0.0,65,0,2026-09-01
NIFTY,2026-09-29,26850.0,PE,0.0,0.0,0.0,2691.9,2673.54,0,0.0,0,0,2026-09-01
NIFTY,2026-09-29,26750.0,PE,0.0,0.0,0.0,2201.15,2574.96,0,0.0,65,0,2026-09-01
NIFTY,2026-09-29,25600.0,PE,1410.0,1523.75,1410.0,1523.75,1477.1,7,12308887.5,32240,0,2026-09-01
NIFTY,2026-09-29,25000.0,PE,820.0,950.65,740.0,928.55,928.55,6860,11534202260.75,2300555,68250,2026-09-01
NIFTY,2026-09-29,23900.0,PE,151.9,200.75,115.0,185.7,185.7,19526,30541819415.25,712725,-22100,2026-09-01
NIFTY,2026-09-29,23350.0,PE,51.75,67.5,37.05,61.75,61.75,1402,2132817423.75,83980,-9425,2026-09-01
NIFTY,2026-09-29,23250.0,PE,42.25,54.8,30.95,50.85,50.85,945,1430846657.5,104130,11180,2026-09-01
NIFTY,2026-09-29,22850.0,PE,22.95,27.0,16.8,25.25,25.25,959,1425713129.75,78520,5395,2026-09-01
NIFTY,2026-09-29,22300.0,PE,13.0,14.4,10.25,13.2,13.2,717,1039842696.75,175890,65,2026-09-01
NIFTY,2026-09-29,21800.0,PE,8.2,10.4,7.2,9.9,9.9,725,1027734412.25,101725,7475,2026-09-01
NIFTY,2026-09-29,21600.0,PE,8.4,8.95,7.3,8.4,8.4,3295,4627872960.75,197340,26845,2026-09-01
NIFTY,2026-09-22,26100.0,PE,0.0,0.0,0.0,1839.95,1961.39,0,0.0,0,0,2026-09-01
NIFTY,2026-09-22,25850.0,PE,0.0,0.0,0.0,1613.85,1719.23,0,0.0,0,0,2026-09-01
NIFTY,2026-09-22,25450.0,PE,0.0,0.0,0.0,1271.15,1343.39,0,0.0,0,0,2026-09-01
NIFTY,2026-09-22,25400.0,PE,0.0,0.0,0.0,1230.35,1297.88,0,0.0,0,0,2026-09-01
NIFTY,2026-09-22,25250.0,PE,0.0,0.0,0.0,1111.0,1163.93,0,0.0,0,0,2026-09-01
NIFTY,2026-09-22,25050.0,PE,0.0,0.0,0.0,959.7,992.57,0,0.0,0,0,2026-09-01
NIFTY,2026-09-22,24950.0,PE,0.0,0.0,0.0,887.95,910.56,0,0.0,0,0,2026-09-01
NIFTY,2026-09-22,24800.0,PE,0.0,0.0,0.0,785.4,792.89,0,0.0,0,0,2026-09-01
NIFTY,2026-09-22,23000.0,PE,18.55,23.8,12.7,21.45,21.45,1646,2462679108.5,53560,23335,2026-09-01
NIFTY,2026-09-15,25150.0,PE,0.0,0.0,0.0,817.1,1068.61,0,0.0,0,0,2026-09-01
NIFTY,2026-09-15,25100.0,PE,979.0,1071.05,979.0,1045.75,1023.37,3,5095727.0,130,0,2026-09-01
NIFTY,2026-09-15,24900.0,PE,628.7,628.7,628.7,628.7,848.38,3,4978096.5,455,195,2026-09-01
NIFTY,2026-09-15,24350.0,PE,295.35,394.85,236.25,380.5,380.5,462,740262857.75,33800,3185,2026-09-01
NIFTY,2026-09-15,23650.0,PE,44.35,67.95,30.1,59.9,59.9,3116,4799986025.25,93600,53820,2026-09-01
NIFTY,2026-09-15,22900.0,PE,8.95,11.05,5.75,9.8,9.8,1956,2912633252.75,62855,48230,2026-09-01
NIFTY,2026-09-08,26300.0,PE,2100.0,2100.3,2100.0,2100.0,2213.76,34,62764175.5,2210,2210,2026-09-01
NIFTY,2026-09-08,25900.0,PE,0.0,0.0,0.0,1274.25,1814.3,0,0.0,0,0,2026-09-01
NIFTY,2026-09-08,25300.0,PE,1225.85,1295.0,1121.4,1286.6,1286.6,61,105224759.25,2730,1690,2026-09-01
NIFTY,2026-09-08,25250.0,PE,0.0,0.0,0.0,1075.0,1168.32,0,0.0,65,0,2026-09-01
NIFTY,2026-09-08,24650.0,PE,555.9,667.5,462.1,645.55,645.55,780,1280556686.5,38155,26390,2026-09-01
NIFTY,2026-09-08,24150.0,PE,119.1,233.7,104.1,214.4,214.4,149105,235503431267.0,678600,58370,2026-09-01
NIFTY,2026-09-01,26800.0,PE,0.0,0.0,0.0,2454.6,24055.8,0,0.0,0,0,2026-09-01
NIFTY,2026-09-01,25600.0,PE,1550.0,1611.8,1540.0,1611.8,24055.8,7,12354459.0,910,-195,2026-09-01
NIFTY,2026-09-01,25150.0,PE,1118.7,1165.9,1005.8,1150.0,24055.8,20,34125003.25,4485,-195,2026-09-01
NIFTY,2026-09-01,24900.0,PE,855.25,940.0,763.9,845.05,24055.8,567,949362472.5,29835,-14495,2026-09-01
NIFTY,2026-09-01,24800.0,PE,755.25,840.0,647.35,757.3,24055.8,1598,2652829751.0,64220,-35620,2026-09-01
NIFTY,2026-09-01,23750.0,PE,2.4,6.5,0.05,1.25,24055.8,4226817,6525497680208.0,3717610,-2062190,2026-09-01
NIFTY,2026-09-01,23700.0,PE,1.0,7.0,0.05,0.8,24055.8,2974708,4582721344422.0,6857955,-1669850,2026-09-01
NIFTY,2026-09-01,22850.0,PE,0.5,0.6,0.05,0.1,24055.8,64114,95226630200.0,284440,67015,2026-09-01
NIFTY,2026-09-01,22500.0,PE,0.4,0.6,0.05,0.1,24055.8,196921,288001047571.25,3368755,-715845,2026-09-01
NIFTY,2031-06-24,22500.0,CE,0.0,0.0,0.0,8012.75,8141.49,0,0.0,0,0,2026-09-01
NIFTY,2030-06-25,30000.0,CE,0.0,0.0,0.0,5580.35,3323.43,0,0.0,0,0,2026-09-01
NIFTY,2030-06-25,28500.0,CE,0.0,0.0,0.0,5382.85,3915.65,0,0.0,0,0,2026-09-01
NIFTY,2029-06-26,22500.0,CE,0.0,0.0,0.0,7946.5,5895.41,0,0.0,0,0,2026-09-01
NIFTY,2028-12-26,27000.0,CE,2569.0,2569.0,2569.0,2569.0,2764.0,2,3843970.0,975,0,2026-09-01
NIFTY,2028-06-27,28500.0,CE,0.0,0.0,0.0,2990.0,1572.77,0,0.0,0,0,2026-09-01
NIFTY,2028-06-27,22500.0,CE,0.0,0.0,0.0,6796.05,4605.46,0,0.0,0,0,2026-09-01
NIFTY,2027-03-30,28500.0,CE,61.7,65.5,59.0,59.75,59.75,464,861430030.5,165620,1625,2026-09-01
NIFTY,2027-03-30,16500.0,CE,0.0,0.0,0.0,6995.9,8167.15,0,0.0,0,0,2026-09-01
NIFTY,2026-12-29,20000.0,CE,4490.0,4534.4,4350.0,4370.4,4370.4,83,131683958.25,587625,-520,2026-09-01
NIFTY,2026-11-23,25700.0,CE,0.0,0.0,0.0,401.1,286.9,0,0.0,0,0,2026-09-01
NIFTY,2026-11-23,24200.0,CE,610.15,639.75,535.05,538.25,538.25,164,264105656.75,3965,1625,2026-09-01
NIFTY,2026-11-23,23650.0,CE,0.0,0.0,0.0,1392.8,1164.42,0,0.0,0,0,2026-09-01
NIFTY,2026-11-23,23150.0,CE,0.0,0.0,0.0,1755.4,1508.84,0,0.0,0,0,2026-09-01
NIFTY,2026-11-23,22850.0,CE,0.0,0.0,0.0,1992.05,1735.68,0,0.0,0,0,2026-09-01
NIFTY,2026-10-27,26500.0,CE,12.2,13.0,10.2,11.0,11.0,1987,3424071761.5,222235,-31590,2026-09-01
NIFTY,2026-10-27,25950.0,CE,0.0,0.0,0.0,267.4,120.47,0,0.0,0,0,2026-09-01
NIFTY,2026-10-27,25250.0,CE,0.0,0.0,0.0,447.85,256.76,0,0.0,0,0,2026-09-01
NIFTY,2026-10-27,24650.0,CE,222.3,239.3,185.3,187.8,187.8,222,358668089.0,11245,1105,2026-09-01
NIFTY,2026-10-27,23850.0,CE,0.0,0.0,0.0,1063.45,847.57,0,0.0,0,0,2026-09-01
NIFTY,2026-10-27,23800.0,CE,697.85,755.0,616.0,625.4,625.4,279,443695352.75,21840,6565,2026-09-01
NIFTY,2026-10-27,23750.0,CE,0.0,0.0,0.0,820.15,908.66,0,0.0,130,0,2026-09-01
NIFTY,2026-10-27,22500.0,CE,1841.0,1895.0,1697.75,1697.75,1697.75,82,129504667.5,16055,1560,2026-09-01
NIFTY,2026-09-29,27150.0,CE,2.25,2.25,1.65,2.15,1.61,13,22943602.5,7800,650,2026-09-01
NIFTY,2026-09-29,26600.0,CE,2.8,3.2,2.15,2.75,2.75,720,1245009840.75,66950,-10595,2026-09-01
NIFTY,2026-09-29,26000.0,CE,5.6,6.2,4.65,5.55,5.55,27330,46197075353.0,4070745,162500,2026-09-01
NIFTY,2026-09-29,25850.0,CE,0.0,0.0,0.0,117.25,31.86,0,0.0,65,0,2026-09-01
NIFTY,2026-09-29,25750.0,CE,0.0,0.0,0.0,293.5,38.68,0,0.0,0,0,2026-09-01
NIFTY,2026-09-29,25500.0,CE,11.4,11.5,9.05,10.2,10.2,19997,33158189025.0,3293550,-46085,2026-09-01
NIFTY,2026-09-29,24550.0,CE,129.9,140.1,91.0,93.1,93.1,4371,7004368653.75,180700,37050,2026-09-01
NIFTY,2026-09-29,23350.0,CE,0.0,0.0,0.0,1028.25,946.96,0,0.0,455,0,2026-09-01
NIFTY,2026-09-29,21650.0,CE,0.0,0.0,0.0,2600.0,2508.13,0,0.0,130,0,2026-09-01
NIFTY,2026-09-29,16500.0,CE,0.0,0.0,0.0,10168.85,7632.07,0,0.0,0,0,2026-09-01
NIFTY,2026-09-22,26000.0,CE,3.5,4.75,2.25,3.1,3.1,284,480021451.0,5720,5330,2026-09-01
NIFTY,2026-09-22,24550.0,CE,59.45,97.15,59.45,62.4,62.4,315,504232371.5,55250,325,2026-09-01
NIFTY,2026-09-22,23900.0,CE,395.2,443.0,320.0,325.45,325.45,412,649727819.0,9295,7410,2026-09-01
NIFTY,2026-09-22,22400.0,CE,0.0,0.0,0.0,1912.1,1742.51,0,0.0,0,0,2026-09-01
NIFTY,2026-09-15,25000.0,CE,11.15,14.85,6.25,7.8,7.8,61881,100592248315.0,1869595,154115,2026-09-01
NIFTY,2026-09-15,23450.0,CE,0.0,0.0,0.0,1271.65,737.73,0,0.0,0,0,2026-09-01
NIFTY,2026-09-08,26200.0,CE,0.8,1.1,0.7,0.8,0.8,531,904320316.25,18200,7475,2026-09-01
NIFTY,2026-09-08,26100.0,CE,0.9,1.0,0.75,0.8,0.8,2022,3430433123.0,71240,49855,2026-09-01
NIFTY,2026-09-08,25900.0,CE,0.9,1.05,0.7,0.8,0.8,30659,51616210207.25,685230,538915,2026-09-01
NIFTY,2026-09-08,25600.0,CE,1.3,1.6,0.8,1.05,1.05,76364,127075051138.75,1826760,727155,2026-09-01
NIFTY,2026-09-08,25550.0,CE,1.1,1.75,0.9,1.15,1.15,15145,25153226159.75,389350,281385,2026-09-01
NIFTY,2026-09-08,25450.0,CE,2.05,2.05,1.05,1.3,1.3,14077,23288170519.25,341575,284050,2026-09-01
NIFTY,2026-09-08,24100.0,CE,176.0,190.0,83.4,89.3,89.3,636424,1002013897498.25,6420505,4457700,2026-09-01
NIFTY,2026-09-08,23850.0,CE,321.1,381.7,216.85,226.9,226.9,10126,15865799001.0,118625,95225,2026-09-01
NIFTY,2026-09-08,23650.0,CE,515.9,545.0,373.15,382.2,382.2,381,595828132.25,7865,6370,2026-09-01
NIFTY,2026-09-08,22950.0,CE,1037.6,1043.0,1037.6,1041.2,1041.2,3,4678284.0,195,195,2026-09-01
NIFTY,2026-09-01,27200.0,CE,0.35,0.35,0.05,0.05,24055.8,30571,54049816125.5,413790,187460,2026-09-01
NIFTY,2026-09-01,26100.0,CE,0.35,0.4,0.05,0.1,24055.8,10289,17455429277.0,112060,-17160,2026-09-01
NIFTY,2026-09-01,24850.0,CE,0.7,0.75,0.05,0.1,24055.8,481738,778140335622.0,2099370,-155545,2026-09-01
NIFTY,2026-09-01,24800.0,CE,0.9,0.9,0.05,0.1,24055.8,1634996,2635664151750.5,8361925,194350,2026-09-01
NIFTY,2026-09-01,24700.0,CE,0.9,0.95,0.05,0.15,24055.8,1840748,2955381465439.0,7142590,309400,2026-09-01
NIFTY,2026-09-01,23900.0,CE,189.95,263.35,72.7,129.25,24055.8,2843771,4440915964059.25,1186835,684905,2026-09-01
NIFTY,2026-09-01,23600.0,CE,445.8,550.9,357.6,421.7,24055.8,7101,11089318675.5,58175,21255,2026-09-01
NIFTY,2026-09-01,22350.0,CE,0.0,0.0,0.0,2032.25,24055.8,0,0.0,0,0,2026-09-01
NIFTY,2026-09-01,22050.0,CE,0.0,0.0,0.0,2313.35,24055.8,0,0.0,0,0,2026-09-01
NIFTY,2026-09-01,24100.0,PE,67.05,149.0,20.7,49.35,24055.8,21646571,33982405058221.75,7359235,-2820935,2026-09-01
NIFTY,2028-06-27,27000.0,CE,0.0,0.0,0.0,1935.0,2125.01,0,0.0,0,0,2026-09-01
NIFTY,2027-12-28,21000.0,CE,0.0,0.0,0.0,4902.4,5024.13,0,0.0,0,0,2026-09-01
NIFTY,2027-06-29,19500.0,CE,0.0,0.0,0.0,8143.4,5625.98,0,0.0,0,0,2026-09-01
NIFTY,2027-06-29,16500.0,CE,0.0,0.0,0.0,10867.2,8425.98,0,0.0,0,0,2026-09-01
NIFTY,2027-03-30,30000.0,CE,31.05,33.45,29.05,31.2,31.2,273,532897742.0,122980,-2730,2026-09-01
NIFTY,2027-03-30,21000.0,CE,0.0,0.0,0.0,4053.0,3927.83,0,0.0,975,0,2026-09-01
NIFTY,2026-12-29,25500.0,CE,244.1,249.95,202.05,204.55,204.55,6904,11542148436.0,1122290,88205,2026-09-01
NIFTY,2026-12-29,19500.0,CE,0.0,0.0,0.0,7586.85,4972.17,0,0.0,0,0,2026-09-01
NIFTY,2026-11-23,25900.0,CE,0.0,0.0,0.0,345.7,241.78,0,0.0,0,0,2026-09-01
NIFTY,2026-11-23,25300.0,CE,0.0,0.0,0.0,532.0,393.42,0,0.0,0,0,2026-09-01
NIFTY,2026-11-23,24800.0,CE,300.4,328.6,255.0,258.65,258.65,1003,1635313810.0,33020,-1885,2026-09-01
NIFTY,2026-11-23,24300.0,CE,540.0,575.0,477.6,483.65,483.65,184,296609475.5,8385,4095,2026-09-01
NIFTY,2026-10-27,26450.0,CE,0.0,0.0,0.0,178.65,65.5,0,0.0,0,0,2026-09-01
NIFTY,2026-10-27,24600.0,CE,243.5,272.0,199.9,205.25,205.25,2174,3508335320.75,124995,16705,2026-09-01
NIFTY,2026-10-27,24100.0,CE,502.25,548.0,429.2,436.45,436.45,1388,2216320821.0,60645,19890,2026-09-01
NIFTY,2026-10-27,23650.0,CE,0.0,0.0,0.0,1181.9,972.24,0,0.0,0,0,2026-09-01
NIFTY,2026-10-27,23250.0,CE,0.0,0.0,0.0,1441.3,1250.67,0,0.0,0,0,2026-09-01
NIFTY,2026-10-27,22650.0,CE,0.0,0.0,0.0,1882.95,1730.38,0,0.0,0,0,2026-09-01
NIFTY,2026-09-29,25950.0,CE,5.5,5.85,4.8,5.55,5.55,2283,3851633087.25,103545,80535,2026-09-01
NIFTY,2026-09-29,24300.0,CE,238.0,250.3,167.0,172.05,172.05,46353,73813795779.75,4295200,67405,2026-09-01
NIFTY,2026-09-29,23100.0,CE,1043.75,1043.9,1018.25,1023.7,1147.88,12,18823769.25,4030,-325,2026-09-01
NIFTY,2026-09-29,22850.0,CE,0.0,0.0,0.0,1575.95,1363.49,0,0.0,325,0,2026-09-01
NIFTY,2026-09-29,21950.0,CE,2150.0,2150.0,2130.0,2130.0,2212.9,3,4698200.0,130,-65,2026-09-01
NIFTY,2026-09-29,21600.0,CE,2575.0,2575.0,2575.0,2575.0,2557.57,1,1571375.0,45305,-65,2026-09-01
NIFTY,2026-09-29,21000.0,CE,3204.15,3264.65,3059.55,3074.2,3074.2,329,515811734.75,516685,3510,2026-09-01
NIFTY,2026-09-22,25750.0,CE,5.35,5.35,3.4,3.9,18.78,3,5022072.25,780,-65,2026-09-01
NIFTY,2026-09-22,25000.0,CE,0.0,0.0,0.0,223.05,93.75,0,0.0,0,0,2026-09-01
NIFTY,2026-09-22,24800.0,CE,44.95,44.95,26.6,30.3,30.3,1763,2845881343.5,56615,7345,2026-09-01
NIFTY,2026-09-22,24100.0,CE,268.1,313.85,205.55,212.0,212.0,1660,2627301504.75,48555,13650,2026-09-01
NIFTY,2026-09-22,23800.0,CE,455.0,524.3,387.85,391.9,391.9,136,214046485.25,4810,3510,2026-09-01
NIFTY,2026-09-22,23650.0,CE,0.0,0.0,0.0,870.3,661.04,0,0.0,0,0,2026-09-01
NIFTY,2026-09-22,23250.0,CE,0.0,0.0,0.0,1160.0,966.59,0,0.0,65,0,2026-09-01
NIFTY,2026-09-22,22950.0,CE,0.0,0.0,0.0,1416.4,1225.99,0,0.0,0,0,2026-09-01
NIFTY,2026-09-15,25600.0,CE,2.45,3.2,1.65,2.0,2.0,1095,1822235207.0,27365,19370,2026-09-01
NIFTY,2026-09-15,24500.0,CE,62.05,72.95,37.2,40.7,40.7,50349,80337540972.0,1443195,774865,2026-09-01
NIFTY,2026-09-15,23900.0,CE,350.05,400.55,252.45,262.95,262.95,3324,5227262306.5,64220,49790,2026-09-01
NIFTY,2026-09-15,23600.0,CE,604.6,635.9,474.4,481.9,481.9,37,58001830.25,2145,1365,2026-09-01
NIFTY,2026-09-15,23200.0,CE,0.0,0.0,0.0,1481.9,949.44,0,0.0,0,0,2026-09-01
NIFTY,2026-09-08,26300.0,CE,1.0,1.1,0.7,0.75,0.75,3002,5132073833.25,100360,27690,2026-09-01
NIFTY,2026-09-08,25100.0,CE,2.6,3.3,1.8,2.5,2.5,83544,136315532869.75,1353690,442975,2026-09-01
NIFTY,2026-09-08,24450.0,CE,36.85,38.6,14.35,15.9,15.9,141934,225772890837.0,1226030,620295,2026-09-01
NIFTY,2026-09-08,24000.0,CE,215.0,260.0,128.0,136.05,136.05,537517,844261409179.5,5773885,4388605,2026-09-01
NIFTY,2026-09-08,22550.0,CE,0.0,0.0,0.0,2213.6,1532.14,0,0.0,0,0,2026-09-01
NIFTY,2026-09-01,26500.0,CE,0.35,0.4,0.05,0.05,24055.8,19745,34011003929.5,169845,12090,2026-09-01
NIFTY,2026-09-01,25550.0,CE,0.4,0.55,0.05,0.05,24055.8,66763,110877869921.0,585520,-80925,2026-09-01
NIFTY,2026-09-01,25050.0,CE,0.7,0.75,0.05,0.1,24055.8,263795,429530717622.5,2170480,280930,2026-09-01
NIFTY,2026-09-01,24750.0,CE,1.0,1.0,0.05,0.15,24055.8,795678,1280071341991.0,3312205,538200,2026-09-01
NIFTY,2029-12-24,21000.0,CE,0.0,0.0,0.0,9463.95,7486.18,0,0.0,0,0,2026-09-01
NIFTY,2026-09-01,22400.0,CE,0.0,0.0,0.0,1986.25,24055.8,0,0.0,0,0,2026-09-01
NIFTY,2026-09-01,22700.0,CE,0.0,0.0,0.0,1716.55,24055.8,0,0.0,0,0,2026-09-01
NIFTY,2026-09-01,23000.0,CE,1109.4,1148.7,965.0,1039.5,24055.8,1703,2661005714.25,34710,-59475,2026-09-01
NIFTY,2026-09-01,23150.0,CE,990.1,990.1,834.6,932.4,24055.8,13,20327859.5,455,-65,2026-09-01
NIFTY,2026-09-01,23750.0,CE,310.0,411.2,208.85,284.75,24055.8,48253,75346389179.75,95940,44720,2026-09-01
NIFTY,2026-09-01,24500.0,CE,1.35,1.4,0.05,0.3,24055.8,3556121,5663313948987.5,11146200,-5855330,2026-09-01
NIFTY,2031-06-24,21000.0,PE,0.0,0.0,0.0,450.5,319.99,0,0.0,0,0,2026-09-01
NIFTY,2030-06-25,31500.0,PE,0.0,0.0,0.0,2056.3,3272.78,0,0.0,0,0,2026-09-01
NIFTY,2028-12-26,20000.0,PE,0.0,0.0,0.0,275.0,192.99,0,0.0,3745,0,2026-09-01
NIFTY,2028-06-27,16500.0,PE,0.0,0.0,0.0,3.8,15.54,0,0.0,0,0,2026-09-01
NIFTY,2027-12-28,23000.0,PE,476.0,482.0,455.05,480.0,480.0,44,67128600.5,52690,780,2026-09-01
NIFTY,2027-06-29,30000.0,PE,0.0,0.0,0.0,4000.0,4606.27,0,0.0,455,0,2026-09-01
NIFTY,2027-06-29,28500.0,PE,0.0,0.0,0.0,1807.05,3398.95,0,0.0,0,0,2026-09-01
NIFTY,2027-03-30,15000.0,PE,19.95,19.95,19.95,19.95,19.95,1,976296.75,1495,0,2026-09-01
NIFTY,2026-12-29,29000.0,PE,4210.0,4412.5,4177.0,4384.05,4384.05,54,116887182.75,219780,-455,2026-09-01
NIFTY,2026-12-29,27000.0,PE,2375.4,2492.15,2297.0,2452.8,2452.8,403,769525467.75,958735,10400,2026-09-01
NIFTY,2026-12-29,22500.0,PE,95.0,110.95,88.05,106.25,106.25,3709,5448797926.0,1192035,37570,2026-09-01
NIFTY,2026-12-29,17000.0,PE,11.15,12.55,10.75,11.6,11.6,138,152593190.75,184870,-2275,2026-09-01
NIFTY,2026-11-23,25750.0,PE,0.0,0.0,0.0,1419.55,1588.29,0,0.0,0,0,2026-09-01
NIFTY,2026-11-23,24950.0,PE,0.0,0.0,0.0,915.05,1035.74,0,0.0,0,0,2026-09-01
NIFTY,2026-11-23,24850.0,PE,0.0,0.0,0.0,860.35,975.11,0,0.0,0,0,2026-09-01
NIFTY,2026-11-23,24350.0,PE,440.55,491.0,409.1,476.3,476.3,50,80599389.0,3705,2210,2026-09-01
NIFTY,2026-10-27,27100.0,PE,0.0,0.0,0.0,2808.9,2800.07,0,0.0,0,0,2026-09-01
NIFTY,2026-10-27,27050.0,PE,0.0,0.0,0.0,2764.35,2752.57,0,0.0,0,0,2026-09-01
NIFTY,2026-10-27,26800.0,PE,0.0,0.0,0.0,2544.55,2517.15,0,0.0,0,0,2026-09-01
NIFTY,2026-10-27,26650.0,PE,0.0,0.0,0.0,2415.2,2377.84,0,0.0,0,0,2026-09-01
NIFTY,2026-10-27,26450.0,PE,0.0,0.0,0.0,2246.05,2194.82,0,0.0,0,0,2026-09-01
NIFTY,2026-10-27,25850.0,PE,0.0,0.0,0.0,1093.8,1670.49,0,0.0,65,0,2026-09-01
NIFTY,2026-10-27,25550.0,PE,0.0,0.0,0.0,1144.0,1426.61,0,0.0,130,0,2026-09-01
NIFTY,2026-10-27,24500.0,PE,464.95,548.55,406.55,534.45,534.45,4627,7515810961.75,653510,45305,2026-09-01
NIFTY,2026-10-27,24400.0,PE,414.65,489.5,357.45,475.0,475.0,1090,1759532037.25,160810,585,2026-09-01
NIFTY,2026-10-27,24350.0,PE,393.35,460.0,343.75,446.5,446.5,197,316670224.0,17420,6500,2026-09-01
NIFTY,2026-10-27,23850.0,PE,0.0,0.0,0.0,569.9,402.93,0,0.0,0,0,2026-09-01
NIFTY,2026-10-27,23550.0,PE,260.05,260.05,156.25,174.65,174.65,7,10794699.5,325,325,2026-09-01
NIFTY,2026-10-27,22700.0,PE,36.4,49.9,33.6,48.55,48.55,1004,1484102005.75,100295,17940,2026-09-01
NIFTY,2026-10-27,22550.0,PE,32.15,44.4,24.65,40.5,40.5,92,135047594.5,4290,2665,2026-09-01
NIFTY,2026-09-29,27050.0,PE,0.0,0.0,0.0,2869.35,2871.24,0,0.0,0,0,2026-09-01
NIFTY,2026-09-29,26500.0,PE,2325.0,2412.45,2210.75,2392.15,2392.15,63,118099575.75,852605,390,2026-09-01
NIFTY,2026-09-29,26200.0,PE,0.0,0.0,0.0,1800.0,2038.61,0,0.0,37895,0,2026-09-01
NIFTY,2026-09-29,25850.0,PE,0.0,0.0,0.0,1859.75,1706.57,0,0.0,0,0,2026-09-01
NIFTY,2026-09-29,24800.0,PE,610.0,770.0,572.4,748.75,748.75,990,1639566392.75,373165,1300,2026-09-01
NIFTY,2026-09-29,24450.0,PE,398.7,495.8,340.0,473.6,473.6,286,462299834.75,102375,-1950,2026-09-01
NIFTY,2026-09-29,23650.0,PE,90.75,122.8,67.75,112.7,112.7,1376,2123873800.75,108875,6825,2026-09-01
NIFTY,2026-09-29,23600.0,PE,85.35,111.35,60.5,102.7,102.7,16976,26138818150.25,1026350,125515,2026-09-01
NIFTY,2026-09-29,23000.0,PE,25.95,35.25,20.7,32.45,32.45,44921,67240638799.75,5205405,256360,2026-09-01
NIFTY,2026-09-29,22900.0,PE,24.35,29.15,17.75,27.0,27.0,3951,5887058752.25,367250,17095,2026-09-01
NIFTY,2026-09-22,26050.0,PE,0.0,0.0,0.0,1794.15,1912.66,0,0.0,0,0,2026-09-01
NIFTY,2026-09-22,23650.0,PE,0.0,0.0,0.0,228.6,173.2,0,0.0,0,0,2026-09-01
NIFTY,2026-09-22,23550.0,PE,51.6,72.65,38.2,72.3,72.3,151,231707827.0,17810,2925,2026-09-01
NIFTY,2026-09-22,23500.0,PE,49.05,66.15,34.0,60.1,60.1,3462,5300298445.0,152555,82225,2026-09-01
NIFTY,2026-09-22,23400.0,PE,38.85,52.95,27.2,49.2,49.2,971,1479508745.0,40430,21190,2026-09-01
NIFTY,2026-09-22,22650.0,PE,10.9,12.8,10.9,12.8,12.8,8,11784012.5,2145,520,2026-09-01
NIFTY,2026-09-22,22400.0,PE,6.75,10.2,5.8,10.2,10.2,13,18934929.0,6500,0,2026-09-01
NIFTY,2026-09-15,26150.0,PE,0.0,0.0,0.0,1603.05,2034.94,0,0.0,0,0,2026-09-01
NIFTY,2026-09-15,25500.0,PE,0.0,0.0,0.0,1287.35,1397.04,0,0.0,195,0,2026-09-01
NIFTY,2026-09-15,23000.0,PE,9.6,13.8,6.75,11.8,11.8,17624,26359298982.25,539955,176800,2026-09-01
NIFTY,2026-09-15,22850.0,PE,7.65,10.1,5.4,9.45,9.45,229,340227381.0,1885,585,2026-09-01
NIFTY,2026-09-15,22750.0,PE,6.95,8.6,5.65,6.65,6.65,337,498483765.0,14040,12415,2026-09-01
NIFTY,2026-09-08,26250.0,PE,0.0,0.0,0.0,1568.65,2163.82,0,0.0,0,0,2026-09-01
NIFTY,2026-09-08,25950.0,PE,0.0,0.0,0.0,1315.0,1864.22,0,0.0,0,0,2026-09-01
NIFTY,2026-09-08,25450.0,PE,1435.0,1435.0,1435.0,1435.0,1435.0,8,13980200.0,650,520,2026-09-01
NIFTY,2026-09-08,24950.0,PE,845.0,948.45,770.0,943.75,878.47,7,11753189.5,1170,130,2026-09-01
NIFTY,2026-09-08,22550.0,PE,4.8,4.8,1.4,2.3,2.3,4501,6598119407.75,54795,19045,2026-09-01
NIFTY,2026-09-08,22500.0,PE,3.4,3.4,2.0,2.35,2.35,116157,169899268477.25,3992430,1247480,2026-09-01
NIFTY,2026-09-01,25000.0,PE,930.0,1040.35,841.0,958.9,24055.8,4409,7438799745.0,113295,-135135,2026-09-01
NIFTY,2026-09-01,23900.0,PE,7.9,17.2,0.05,4.8,24055.8,19059729,29617434448290.0,10420345,1357070,2026-09-01
NIFTY,2026-09-01,22000.0,PE,0.2,0.3,0.05,0.05,24055.8,189487,270968812669.75,1519895,-1041690,2026-09-01
NIFTY,2031-06-24,30000.0,CE,0.0,0.0,0.0,4459.9,4421.71,0,0.0,0,0,2026-09-01
NIFTY,2031-06-24,18000.0,CE,0.0,0.0,0.0,10825.95,11039.37,0,0.0,0,0,2026-09-01
NIFTY,2030-12-31,25500.0,CE,0.0,0.0,0.0,7639.65,5932.83,0,0.0,0,0,2026-09-01
NIFTY,2030-12-31,19500.0,CE,0.0,0.0,0.0,11601.15,9575.46,0,0.0,0,0,2026-09-01
NIFTY,2029-06-26,25500.0,CE,0.0,0.0,0.0,5917.35,4122.04,0,0.0,0,0,2026-09-01
NIFTY,2026-12-29,23000.0,PE,149.95,173.0,138.0,167.1,167.1,7426,11177609079.0,2949565,34735,2026-09-01
NIFTY,2026-09-29,22150.0,CE,2020.0,2020.0,2020.0,2020.0,2018.04,1,1571050.0,130,65,2026-09-01
NIFTY,2026-09-29,22250.0,CE,0.0,0.0,0.0,1920.0,1921.49,0,0.0,130,0,2026-09-01
NIFTY,2026-09-29,22400.0,CE,1731.25,1731.25,1683.0,1683.0,1683.0,3,4699321.25,260,65,2026-09-01
NIFTY,2026-09-29,23250.0,CE,0.0,0.0,0.0,1001.5,1025.36,0,0.0,390,0,2026-09-01
NIFTY,2026-09-29,23550.0,CE,763.6,777.95,696.1,738.2,798.82,17,26836751.5,1235,0,2026-09-01
NIFTY,2026-09-29,23800.0,CE,557.6,585.35,432.0,442.4,442.4,3812,6016262135.0,127595,22815,2026-09-01
NIFTY,2026-09-29,25100.0,CE,28.0,29.3,21.1,22.15,22.15,14204,23196116554.0,941005,-59605,2026-09-01
NIFTY,2026-09-29,26150.0,CE,5.3,6.05,3.15,3.95,3.95,393,668119582.0,12545,8125,2026-09-01
NIFTY,2026-09-29,27050.0,CE,0.0,0.0,0.0,3.3,2.09,0,0.0,4095,0,2026-09-01
NIFTY,2026-10-27,23000.0,CE,1354.0,1430.0,1244.0,1254.0,1254.0,223,352306074.25,47450,6890,2026-09-01
NIFTY,2026-10-27,23050.0,CE,0.0,0.0,0.0,1446.75,1403.03,0,0.0,65,0,2026-09-01
NIFTY,2026-09-08,23000.0,CE,1098.0,1193.2,994.6,1003.4,1003.4,842,1315053886.25,71760,39910,2026-09-01
NIFTY,2026-10-27,25050.0,CE,110.1,117.55,88.5,89.95,89.95,208,340007144.75,7670,1495,2026-09-01
NIFTY,2026-10-27,25150.0,CE,0.0,0.0,0.0,479.95,283.61,0,0.0,0,0,2026-09-01
NIFTY,2026-10-27,25650.0,CE,37.0,37.0,29.15,30.25,30.25,85,141892881.0,13910,1235,2026-09-01
NIFTY,2026-10-27,27200.0,CE,0.0,0.0,0.0,92.4,23.61,0,0.0,0,0,2026-09-01
NIFTY,2026-11-23,22700.0,CE,0.0,0.0,0.0,2115.1,1855.02,0,0.0,0,0,2026-09-01
NIFTY,2026-11-23,23100.0,CE,0.0,0.0,0.0,1793.9,1544.82,0,0.0,0,0,2026-09-01
NIFTY,2030-06-25,33000.0,PE,0.0,0.0,0.0,3143.9,3991.12,0,0.0,0,0,2026-09-01
NIFTY,2030-06-25,19500.0,PE,0.0,0.0,0.0,64.95,189.92,0,0.0,0,0,2026-09-01
NIFTY,2030-06-25,16500.0,PE,0.0,0.0,0.0,12.0,47.2,0,0.0,0,0,2026-09-01
NIFTY,2029-06-26,31500.0,PE,0.0,0.0,0.0,2443.35,3892.33,0,0.0,0,0,2026-09-01
NIFTY,2029-06-26,21000.0,PE,0.0,0.0,0.0,320.25,317.77,0,0.0,0,0,2026-09-01
NIFTY,2028-12-26,33000.0,PE,0.0,0.0,0.0,3315.4,5245.85,0,0.0,0,0,2026-09-01
NIFTY,2028-12-26,25000.0,PE,950.0,950.0,950.0,950.0,1160.62,1,1686750.0,8400,0,2026-09-01
NIFTY,2028-12-26,18000.0,PE,0.0,0.0,0.0,250.0,66.7,0,0.0,75,0,2026-09-01
NIFTY,2028-06-27,21000.0,PE,0.0,0.0,0.0,907.2,270.86,0,0.0,0,0,2026-09-01
NIFTY,2027-12-28,22000.0,PE,337.65,342.0,310.5,334.35,334.35,94,136401892.25,49830,1905,2026-09-01
NIFTY,2027-12-28,15000.0,PE,0.0,0.0,0.0,21.7,1.19,0,0.0,755,0,2026-09-01
NIFTY,2027-06-29,31500.0,PE,0.0,0.0,0.0,3604.7,5907.1,0,0.0,0,0,2026-09-01
NIFTY,2027-06-29,24000.0,PE,553.0,585.65,521.0,574.5,574.5,56,89401497.25,26130,455,2026-09-01
NIFTY,2027-03-30,31500.0,PE,0.0,0.0,0.0,7066.15,6314.04,0,0.0,0,0,2026-09-01
NIFTY,2027-03-30,30000.0,PE,0.0,0.0,0.0,4575.0,4927.56,0,0.0,3120,0,2026-09-01
NIFTY,2027-03-30,25500.0,PE,1049.0,1110.7,986.2,1093.1,1093.1,421,727082473.0,228150,1430,2026-09-01
NIFTY,2026-12-29,28500.0,PE,0.0,0.0,0.0,3320.25,3895.04,0,0.0,130,0,2026-09-01
NIFTY,2026-12-29,25000.0,PE,786.3,860.0,726.35,846.8,846.8,3516,5896688200.0,2042790,-41725,2026-09-01
NIFTY,2026-12-29,19500.0,PE,24.4,26.0,24.35,25.7,25.7,173,219560575.0,149175,1170,2026-09-01
NIFTY,2026-11-23,25900.0,PE,0.0,0.0,0.0,1526.4,1702.49,0,0.0,0,0,2026-09-01
NIFTY,2026-11-23,25850.0,PE,0.0,0.0,0.0,1490.4,1663.74,0,0.0,0,0,2026-09-01
NIFTY,2026-11-23,25050.0,PE,0.0,0.0,0.0,971.7,1098.32,0,0.0,0,0,2026-09-01
NIFTY,2026-11-23,25000.0,PE,790.0,869.95,723.8,855.15,855.15,778,1305108993.5,44070,31005,2026-09-01
NIFTY,2026-11-23,23600.0,PE,187.95,223.9,170.4,220.65,220.65,65,100566895.0,4550,2990,2026-09-01
NIFTY,2026-10-27,26700.0,PE,0.0,0.0,0.0,2458.1,2424.1,0,0.0,0,0,2026-09-01
NIFTY,2026-10-27,26350.0,PE,0.0,0.0,0.0,2163.0,2104.65,0,0.0,0,0,2026-09-01
NIFTY,2026-10-27,26200.0,PE,0.0,0.0,0.0,2040.5,1971.29,0,0.0,0,0,2026-09-01
NIFTY,2026-10-27,22500.0,PE,32.0,38.75,27.0,37.0,37.0,5863,8587449344.5,888030,32370,2026-09-01
NIFTY,2026-09-29,26700.0,PE,0.0,0.0,0.0,2560.85,2525.76,0,0.0,0,0,2026-09-01
NIFTY,2026-09-29,25350.0,PE,0.0,0.0,0.0,850.0,1256.82,0,0.0,1040,0,2026-09-01
NIFTY,2026-09-29,25150.0,PE,0.0,0.0,0.0,880.05,1089.14,0,0.0,1365,0,2026-09-01
NIFTY,2026-09-29,24350.0,PE,339.05,427.55,278.35,406.55,406.55,1778,2854711310.75,431860,16055,2026-09-01
NIFTY,2026-09-29,23850.0,PE,137.0,181.85,103.6,169.0,169.0,3225,5030914424.25,120835,-8645,2026-09-01
NIFTY,2026-09-29,23300.0,PE,44.65,60.7,33.7,54.7,54.7,21142,32086205840.0,1160640,96525,2026-09-01
NIFTY,2026-09-29,18000.0,PE,1.65,4.9,1.4,2.0,2.0,251,293702750.25,963820,2210,2026-09-01
NIFTY,2026-09-22,25150.0,PE,0.0,0.0,0.0,1035.2,1077.11,0,0.0,0,0,2026-09-01
NIFTY,2026-09-22,24550.0,PE,548.5,548.5,548.5,548.5,548.5,1,1631402.5,65,65,2026-09-01
NIFTY,2026-09-22,24200.0,PE,232.2,315.55,186.7,293.9,293.9,1883,2991921270.0,54210,29185,2026-09-01
NIFTY,2026-09-22,24100.0,PE,196.35,257.5,148.35,241.6,241.6,2384,3765028910.5,43095,5785,2026-09-01
NIFTY,2026-09-15,25850.0,PE,0.0,0.0,0.0,1345.95,1738.13,0,0.0,0,0,2026-09-01
NIFTY,2026-09-15,24950.0,PE,0.0,0.0,0.0,689.2,891.14,0,0.0,0,0,2026-09-01
NIFTY,2026-09-15,24050.0,PE,131.0,204.4,102.95,187.65,187.65,8034,12638480156.25,78195,29315,2026-09-01
NIFTY,2026-11-23,26100.0,PE,0.0,0.0,0.0,1675.5,1860.96,0,0.0,0,0,2026-09-01
NIFTY,2026-11-23,25250.0,PE,0.0,0.0,0.0,1090.7,1229.16,0,0.0,0,0,2026-09-01
NIFTY,2026-11-23,24550.0,PE,498.6,572.35,469.25,572.35,805.28,17,27737118.5,1105,-195,2026-09-01
NIFTY,2026-11-23,24100.0,PE,339.0,385.0,299.05,375.0,375.0,129,204938318.0,9100,1625,2026-09-01
NIFTY,2026-09-01,22300.0,CE,0.0,0.0,0.0,2078.55,24055.8,0,0.0,0,0,2026-09-01
NIFTY,2026-09-01,22800.0,CE,0.0,0.0,0.0,1629.4,24055.8,0,0.0,0,0,2026-09-01
NIFTY,2026-09-01,22950.0,CE,0.0,0.0,0.0,1501.8,24055.8,0,0.0,0,0,2026-09-01
NIFTY,2026-09-01,24650.0,CE,0.95,1.05,0.05,0.2,24055.8,1093791,1752567084128.25,2986425,-366210,2026-09-01
NIFTY,2026-09-01,25100.0,CE,0.55,0.65,0.05,0.1,24055.8,373222,608920121842.5,2838030,-678860,2026-09-01
NIFTY,2026-09-01,25300.0,CE,0.45,0.65,0.05,0.1,24055.8,310778,511080078281.5,2419235,-427050,2026-09-01
NIFTY,2026-09-01,25600.0,CE,0.25,0.45,0.05,0.05,24055.8,84049,139858843432.75,1410045,-553735,2026-09-01
NIFTY,2026-09-01,26150.0,CE,0.4,4.9,0.05,0.1,24055.8,2935,4988805617.25,57980,19760,2026-09-01
NIFTY,2026-09-01,26200.0,CE,0.35,0.6,0.05,0.05,24055.8,11891,20250535678.75,164450,21645,2026-09-01
NIFTY,2026-09-01,26700.0,CE,0.35,0.45,0.05,0.1,24055.8,4652,8073612118.0,79495,19500,2026-09-01
NIFTY,2026-09-08,22350.0,CE,1735.0,1735.0,1735.0,1735.0,1731.73,5,7827625.0,325,325,2026-09-01
NIFTY,2026-09-08,23200.0,CE,908.55,980.95,793.45,810.5,810.5,219,342812772.25,15470,1040,2026-09-01
NIFTY,2026-09-08,23450.0,CE,650.0,750.0,550.0,568.2,568.2,368,576108575.25,16315,15730,2026-09-01
NIFTY,2026-09-08,23600.0,CE,548.1,608.8,412.7,429.4,429.4,3223,5040113393.25,169975,52000,2026-09-01
NIFTY,2026-09-08,24600.0,CE,17.5,17.5,6.85,7.75,7.75,314491,503064133204.75,5430035,2650440,2026-09-01
NIFTY,2026-09-08,25150.0,CE,2.65,3.05,1.7,2.3,2.3,11855,19381743260.75,125385,26065,2026-09-01
NIFTY,2026-09-08,25950.0,CE,0.85,1.15,0.75,0.85,0.85,392,661228061.0,9425,3055,2026-09-01
NIFTY,2026-09-15,22450.0,CE,0.0,0.0,0.0,2169.4,1660.73,0,0.0,0,0,2026-09-01
NIFTY,2026-09-15,24550.0,CE,47.05,60.0,30.25,32.9,32.9,4945,7903982960.25,122720,57005,2026-09-01
NIFTY,2026-09-15,25700.0,CE,2.55,3.05,1.35,1.9,1.9,966,1613829379.5,33215,23855,2026-09-01
NIFTY,2026-09-22,23300.0,CE,829.05,829.05,829.05,829.05,925.61,1,1568388.25,65,65,2026-09-01
NIFTY,2026-09-22,24400.0,CE,160.0,160.0,90.95,95.65,95.65,1273,2028473525.0,37765,9685,2026-09-01
NIFTY,2026-09-22,25150.0,CE,0.0,0.0,0.0,185.6,70.16,0,0.0,0,0,2026-09-01
NIFTY,2026-09-29,15000.0,CE,0.0,0.0,0.0,10499.3,9125.14,0,0.0,0,0,2026-09-01
NIFTY,2026-09-29,18000.0,CE,0.0,0.0,0.0,6340.0,6139.01,0,0.0,1365,0,2026-09-01
NIFTY,2026-09-29,22300.0,CE,1800.0,1800.0,1780.0,1780.0,1780.0,2,3131700.0,1885,130,2026-09-01
NIFTY,2026-09-29,22350.0,CE,0.0,0.0,0.0,1788.15,1825.7,0,0.0,195,0,2026-09-01
NIFTY,2026-09-29,23200.0,CE,1000.0,1105.5,910.0,934.3,934.3,41,64428770.25,20995,-520,2026-09-01
NIFTY,2026-09-29,23400.0,CE,810.0,915.75,740.0,753.6,753.6,48,75465546.0,34385,455,2026-09-01
NIFTY,2026-09-29,23450.0,CE,0.0,0.0,0.0,936.2,872.37,0,0.0,715,0,2026-09-01
NIFTY,2026-09-29,23500.0,CE,809.6,835.6,651.2,670.95,670.95,2960,4663580574.25,494325,15015,2026-09-01
NIFTY,2026-09-29,23650.0,CE,625.0,625.0,537.9,556.65,556.65,90,141584927.25,4940,2925,2026-09-01
NIFTY,2026-09-29,24250.0,CE,262.4,276.15,185.7,192.7,192.7,6860,10909719775.5,364000,44135,2026-09-01
NIFTY,2026-09-29,25050.0,CE,32.1,34.2,24.65,25.7,25.7,2396,3905660583.5,211380,9685,2026-09-01
NIFTY,2026-09-29,25250.0,CE,17.9,19.45,15.25,16.2,16.2,2349,3857859122.0,143325,-5850,2026-09-01
NIFTY,2026-09-29,25300.0,CE,16.3,16.8,13.45,14.15,14.15,12112,19929710693.75,905190,25805,2026-09-01
NIFTY,2026-09-29,26850.0,CE,3.1,3.1,1.9,2.2,2.2,86,150104175.0,4940,1560,2026-09-01
NIFTY,2026-10-27,22250.0,CE,0.0,0.0,0.0,2190.0,2082.28,0,0.0,10075,0,2026-09-01
NIFTY,2026-10-27,22450.0,CE,0.0,0.0,0.0,2042.45,1903.7,0,0.0,0,0,2026-09-01
NIFTY,2026-10-27,22750.0,CE,0.0,0.0,0.0,1805.4,1645.97,0,0.0,0,0,2026-09-01
NIFTY,2026-10-27,23150.0,CE,0.0,0.0,0.0,1510.7,1325.82,0,0.0,0,0,2026-09-01
NIFTY,2026-10-27,22800.0,PE,0.0,0.0,0.0,239.4,120.25,0,0.0,0,0,2026-09-01
NIFTY,2026-09-22,25950.0,CE,0.0,0.0,0.0,3.9,11.43,0,0.0,650,0,2026-09-01
NIFTY,2026-09-22,25850.0,CE,5.0,5.9,3.4,5.1,5.1,35,58819315.75,1040,195,2026-09-01
NIFTY,2026-09-22,25450.0,CE,19.0,19.0,5.0,7.2,7.2,101,167126300.25,2080,2080,2026-09-01
NIFTY,2026-09-22,24900.0,CE,34.15,34.15,19.5,21.75,21.75,743,1203720797.5,80340,7020,2026-09-01
NIFTY,2026-09-22,23950.0,CE,350.0,399.85,289.0,297.15,297.15,122,192453043.25,5720,4160,2026-09-01
NIFTY,2026-09-22,23750.0,CE,470.0,470.0,431.8,435.0,435.0,3,4718142.0,390,65,2026-09-01
NIFTY,2026-09-22,23150.0,CE,0.0,0.0,0.0,1248.7,1050.64,0,0.0,0,0,2026-09-01
NIFTY,2026-09-22,23100.0,CE,0.0,0.0,0.0,1289.85,1093.62,0,0.0,0,0,2026-09-01
NIFTY,2026-09-22,23000.0,CE,0.0,0.0,0.0,1373.75,1181.33,0,0.0,0,0,2026-09-01
NIFTY,2026-09-22,22850.0,CE,0.0,0.0,0.0,1503.15,1316.73,0,0.0,0,0,2026-09-01
NIFTY,2026-09-22,22650.0,CE,0.0,0.0,0.0,1681.55,1503.02,0,0.0,0,0,2026-09-01
NIFTY,2026-09-22,22500.0,CE,0.0,0.0,0.0,1819.0,1646.01,0,0.0,0,0,2026-09-01
NIFTY,2026-09-22,22450.0,CE,0.0,0.0,0.0,1865.4,1694.16,0,0.0,0,0,2026-09-01
NIFTY,2026-09-15,26150.0,CE,2.8,2.8,1.8,2.1,2.1,46,78194879.75,1560,0,2026-09-01
NIFTY,2026-09-15,24350.0,CE,101.0,123.0,64.2,68.65,68.65,7351,11674298067.25,179595,122915,2026-09-01
NIFTY,2026-09-15,24000.0,CE,281.8,325.25,193.05,201.9,201.9,30719,48393551310.0,656760,491400,2026-09-01
NIFTY,2026-09-15,23400.0,CE,0.0,0.0,0.0,1312.7,778.44,0,0.0,0,0,2026-09-01
NIFTY,2026-09-08,26350.0,CE,0.95,1.1,0.7,0.75,0.75,1959,3355385686.25,247260,10985,2026-09-01
NIFTY,2026-09-08,25500.0,CE,1.75,2.0,1.1,1.25,1.25,301776,500221193966.0,7331805,3899350,2026-09-01
NIFTY,2026-09-08,24550.0,CE,18.85,20.9,8.9,10.1,10.1,121927,194667969840.5,1206530,673725,2026-09-01
NIFTY,2026-09-08,23100.0,CE,964.25,1025.5,902.65,907.25,907.25,43,67173278.25,2080,1300,2026-09-01
NIFTY,2026-09-01,27100.0,CE,0.3,0.35,0.05,0.05,24055.8,4425,7794685960.75,131430,22230,2026-09-01
NIFTY,2026-09-01,26450.0,CE,0.3,0.65,0.05,0.1,24055.8,1554,2671732739.0,47385,16835,2026-09-01
NIFTY,2026-09-01,26050.0,CE,0.35,0.55,0.05,0.1,24055.8,9126,15452726981.25,94380,50050,2026-09-01
NIFTY,2026-09-01,25250.0,CE,0.4,0.55,0.05,0.05,24055.8,128526,210945471077.25,1140555,-180375,2026-09-01
NIFTY,2026-09-01,24550.0,CE,1.2,1.3,0.05,0.25,24055.8,1816238,2898344178242.5,3694275,-1843660,2026-09-01
NIFTY,2026-09-01,23850.0,CE,221.2,312.25,114.6,177.3,24055.8,516507,806372979490.0,357890,225940,2026-09-01
NIFTY,2026-09-01,22750.0,CE,0.0,0.0,0.0,1672.8,24055.8,0,0.0,0,0,2026-09-01
NIFTY,2026-09-01,22500.0,CE,1610.0,1654.9,1468.25,1558.25,24055.8,133,208404748.5,4810,-3250,2026-09-01
NIFTY,2026-11-23,23400.0,CE,0.0,0.0,0.0,1569.75,1330.03,0,0.0,0,0,2026-09-01
NIFTY,2026-11-23,23450.0,CE,0.0,0.0,0.0,1533.6,1295.93,0,0.0,0,0,2026-09-01
NIFTY,2026-11-23,23600.0,CE,0.0,0.0,0.0,1427.05,1196.55,0,0.0,0,0,2026-09-01
NIFTY,2026-11-23,24250.0,CE,0.0,0.0,0.0,1018.2,819.04,0,0.0,0,0,2026-09-01
NIFTY,2026-11-23,24600.0,CE,384.7,412.0,337.05,339.05,339.05,155,251471567.75,6175,3510,2026-09-01
NIFTY,2026-11-23,25450.0,CE,0.0,0.0,0.0,479.65,349.87,0,0.0,0,0,2026-09-01
NIFTY,2026-11-23,25550.0,CE,0.0,0.0,0.0,446.95,322.98,0,0.0,0,0,2026-09-01
NIFTY,2026-12-29,16000.0,CE,0.0,0.0,0.0,8178.15,8394.37,0,0.0,245,0,2026-09-01
NIFTY,2026-12-29,22500.0,CE,2115.0,2176.85,2024.85,2036.0,2222.1,25,39955197.75,16900,-65,2026-09-01
NIFTY,2027-06-29,25500.0,CE,930.05,937.95,930.05,937.95,1353.8,2,3436420.0,130,-130,2026-09-01
NIFTY,2027-06-29,33000.0,CE,0.0,0.0,0.0,1122.75,58.32,0,0.0,0,0,2026-09-01
NIFTY,2027-12-28,33000.0,CE,143.75,143.75,98.0,99.1,99.1,33,71004635.0,5395,1885,2026-09-01
NIFTY,2028-06-27,19500.0,CE,0.0,0.0,0.0,9209.1,6877.42,0,0.0,0,0,2026-09-01
NIFTY,2029-06-26,18000.0,CE,0.0,0.0,0.0,11678.65,9176.08,0,0.0,0,0,2026-09-01
NIFTY,2029-06-26,21000.0,CE,0.0,0.0,0.0,9799.75,6919.3,0,0.0,0,0,2026-09-01
NIFTY,2029-06-26,33000.0,CE,0.0,0.0,0.0,4179.45,1397.13,0,0.0,0,0,2026-09-01
NIFTY,2029-12-24,16500.0,CE,0.0,0.0,0.0,12984.85,10821.61,0,0.0,0,0,2026-09-01
NIFTY,2029-12-24,28500.0,CE,0.0,0.0,0.0,4802.1,3335.21,0,0.0,0,0,2026-09-01
NIFTY,2030-06-25,18000.0,CE,0.0,0.0,0.0,12423.9,10142.67,0,0.0,0,0,2026-09-01
NIFTY,2030-06-25,31500.0,CE,0.0,0.0,0.0,3984.8,2805.14,0,0.0,0,0,2026-09-01
NIFTY,2030-12-31,16500.0,CE,0.0,0.0,0.0,13763.55,11691.53,0,0.0,0,0,2026-09-01
NIFTY,2030-12-31,28500.0,CE,0.0,0.0,0.0,5968.3,4504.87,0,0.0,0,0,2026-09-01
NIFTY,2031-06-24,31500.0,CE,0.0,0.0,0.0,3928.35,3864.76,0,0.0,0,0,2026-09-01
NIFTY,2026-09-01,22050.0,PE,0.25,0.4,0.05,0.1,24055.8,19455,27884142425.75,219635,65000,2026-09-01
NIFTY,2026-09-01,22100.0,PE,0.3,0.3,0.05,0.1,24055.8,76053,109251133689.75,878995,-577915,2026-09-01
NIFTY,2026-09-01,22150.0,PE,0.4,0.45,0.05,0.1,24055.8,11344,16332698512.0,75660,-1820,2026-09-01
NIFTY,2026-09-01,23250.0,PE,0.75,0.9,0.05,0.1,24055.8,533259,805901629403.0,2417285,1176240,2026-09-01
NIFTY,2026-09-01,23300.0,PE,0.85,0.85,0.05,0.15,24055.8,1065357,1613513635656.0,4550455,762710,2026-09-01
NIFTY,2026-09-01,23350.0,PE,0.9,0.9,0.05,0.15,24055.8,622427,944706232840.5,2310620,450645,2026-09-01
NIFTY,2026-09-01,24000.0,PE,20.0,63.8,0.05,12.25,24055.8,36941900,57683000525839.0,23527010,7502625,2026-09-01
NIFTY,2026-09-01,24450.0,PE,375.15,491.05,292.1,415.35,24055.8,19624,31670927577.25,152945,-119665,2026-09-01
NIFTY,2026-09-01,25050.0,PE,968.0,1066.55,928.35,1050.0,24055.8,20,33894948.75,7410,-195,2026-09-01
NIFTY,2026-09-01,26000.0,PE,2000.0,2043.1,1850.0,1962.5,24055.8,1262,2292990108.5,35295,-57655,2026-09-01
NIFTY,2026-09-01,26400.0,PE,0.0,0.0,0.0,2081.0,24055.8,0,0.0,0,0,2026-09-01
NIFTY,2026-09-01,27150.0,PE,0.0,0.0,0.0,2789.8,24055.8,0,0.0,0,0,2026-09-01
NIFTY,2026-09-08,22400.0,PE,3.5,3.75,1.65,2.0,2.0,58269,84848459335.25,2180815,488475,2026-09-01
NIFTY,2026-09-08,22450.0,PE,4.0,5.9,1.9,2.25,2.25,3430,5005789031.75,49205,7605,2026-09-01
NIFTY,2026-09-08,22700.0,PE,4.25,4.7,2.3,2.8,2.8,38500,56814377902.75,637585,228475,2026-09-01
NIFTY,2026-09-08,22950.0,PE,5.8,5.8,2.75,3.95,3.95,11905,17762514978.0,195845,93210,2026-09-01
NIFTY,2026-09-08,23650.0,PE,21.55,34.7,12.0,28.4,28.4,116170,178753799081.0,1253980,719875,2026-09-01
NIFTY,2026-09-08,25650.0,PE,1540.0,1540.0,1474.95,1474.95,1564.89,13,22961451.5,520,520,2026-09-01
NIFTY,2026-09-15,23050.0,PE,10.4,14.85,7.3,13.2,13.2,658,986370586.5,16380,16380,2026-09-01
