SYMBOL,EXPIRY_DT,STRIKE_PR,OPTION_TYP,OPEN,HIGH,LOW,CLOSE,SETTLE_PR,CONTRACTS,VAL_INLAKH,OPEN_INT,CHG_IN_OI,TIMESTAMP
NIFTY,2026-10-27,22550.0,PE,0.0,0.0,0.0,46.6,89.45,0,0.0,715,0,2026-08-11
NIFTY,2026-10-27,22700.0,PE,51.2,54.95,48.0,51.5,51.5,114,168586193.75,10595,2990,2026-08-11
NIFTY,2026-10-27,23550.0,PE,0.0,0.0,0.0,454.95,267.4,0,0.0,0,0,2026-08-11
NIFTY,2026-10-27,23850.0,PE,0.0,0.0,0.0,569.9,350.97,0,0.0,0,0,2026-08-11
NIFTY,2026-10-27,24350.0,PE,0.0,0.0,0.0,277.2,531.25,0,0.0,2730,0,2026-08-11
NIFTY,2026-10-27,24400.0,PE,325.0,337.9,315.0,321.9,321.9,155,249142224.5,14105,1300,2026-08-11
NIFTY,2026-10-27,24500.0,PE,352.0,374.95,349.0,355.75,355.75,1533,2477477083.25,262470,30875,2026-08-11
NIFTY,2026-10-27,25550.0,PE,0.0,0.0,0.0,901.9,1173.41,0,0.0,130,0,2026-08-11
NIFTY,2026-10-27,25850.0,PE,0.0,0.0,0.0,1093.8,1377.79,0,0.0,65,0,2026-08-11
NIFTY,2026-10-27,26450.0,PE,0.0,0.0,0.0,2246.05,1831.04,0,0.0,0,0,2026-08-11
NIFTY,2026-10-27,26650.0,PE,0.0,0.0,0.0,2415.2,1993.29,0,0.0,0,0,2026-08-11
NIFTY,2026-10-27,26800.0,PE,0.0,0.0,0.0,2544.55,2118.16,0,0.0,0,0,2026-08-11
NIFTY,2026-10-27,27050.0,PE,0.0,0.0,0.0,2764.35,2331.71,0,0.0,0,0,2026-08-11
NIFTY,2026-10-27,27100.0,PE,0.0,0.0,0.0,2808.9,2375.17,0,0.0,0,0,2026-08-11
NIFTY,2026-12-29,17000.0,PE,17.05,17.5,16.3,16.4,16.4,52,57516745.0,197415,130,2026-08-11
NIFTY,2026-12-29,22500.0,PE,107.0,107.2,98.95,100.5,100.5,2840,4172485999.5,558805,55900,2026-08-11
NIFTY,2026-12-29,27000.0,PE,1895.5,1961.05,1895.5,1938.85,1938.85,322,605627184.5,897555,4875,2026-08-11
NIFTY,2026-12-29,29000.0,PE,3779.95,3814.5,3771.05,3781.1,3781.1,31,66070683.25,223030,-130,2026-08-11
NIFTY,2027-03-30,15000.0,PE,0.0,0.0,0.0,15.05,0.02,0,0.0,585,0,2026-08-11
NIFTY,2027-06-29,28500.0,PE,0.0,0.0,0.0,1807.05,3091.98,0,0.0,0,0,2026-08-11
NIFTY,2027-06-29,30000.0,PE,3784.0,3835.0,3784.0,3835.0,4225.7,2,4395235.0,195,130,2026-08-11
NIFTY,2027-12-28,23000.0,PE,465.0,470.0,451.0,455.0,547.1,16,24400551.5,48845,520,2026-08-11
NIFTY,2028-06-27,16500.0,PE,0.0,0.0,0.0,3.8,16.94,0,0.0,0,0,2026-08-11
NIFTY,2028-12-26,20000.0,PE,280.05,280.05,280.0,280.0,192.31,11,14500203.25,3420,715,2026-08-11
NIFTY,2030-06-25,31500.0,PE,0.0,0.0,0.0,2056.3,3147.33,0,0.0,0,0,2026-08-11
NIFTY,2031-06-24,21000.0,PE,0.0,0.0,0.0,450.5,325.77,0,0.0,0,0,2026-08-11
NIFTY,2026-08-11,23400.0,CE,1197.8,1197.8,1043.7,1070.9,24471.7,36,57266150.5,4745,-650,2026-08-11
NIFTY,2026-08-11,22950.0,CE,0.0,0.0,0.0,1640.4,24471.7,0,0.0,0,0,2026-08-11
NIFTY,2026-08-11,22350.0,CE,0.0,0.0,0.0,2196.15,24471.7,0,0.0,0,0,2026-08-11
NIFTY,2026-08-11,24000.0,CE,566.4,566.45,440.7,467.85,24471.7,24861,39557259615.25,215280,-199485,2026-08-11
NIFTY,2026-08-11,24400.0,CE,192.0,192.0,42.9,67.7,24471.7,6203155,9872580619710.25,6325280,5423665,2026-08-11
NIFTY,2026-08-11,24750.0,CE,16.0,16.0,0.05,0.25,24471.7,3041225,4893093134793.5,6307470,777660,2026-08-11
NIFTY,2028-06-27,31500.0,CE,0.0,0.0,0.0,1784.8,1054.69,0,0.0,0,0,2026-08-11
NIFTY,2028-12-26,21000.0,CE,0.0,0.0,0.0,7512.5,6804.83,0,0.0,0,0,2026-08-11
NIFTY,2029-12-24,22500.0,CE,0.0,0.0,0.0,8486.15,6972.06,0,0.0,0,0,2026-08-11
NIFTY,2030-06-25,16500.0,CE,0.0,0.0,0.0,13374.05,11730.19,0,0.0,0,0,2026-08-11
NIFTY,2030-06-25,19500.0,CE,0.0,0.0,0.0,11140.25,9547.86,0,0.0,0,0,2026-08-11
NIFTY,2031-06-24,28500.0,CE,0.0,0.0,0.0,5048.95,5504.17,0,0.0,0,0,2026-08-11
NIFTY,2026-08-11,22650.0,PE,0.3,0.55,0.05,0.05,24471.7,5148,7579203758.75,146380,52130,2026-08-11
NIFTY,2026-08-11,23350.0,PE,0.55,0.6,0.05,0.1,24471.7,24704,37494799527.25,212355,-55055,2026-08-11
NIFTY,2026-08-11,24800.0,PE,233.8,360.2,233.0,334.15,24471.7,95169,155371902929.75,312390,-409370,2026-08-11
NIFTY,2026-08-11,25050.0,PE,481.45,607.95,481.45,587.55,24471.7,995,1657028418.5,50895,12025,2026-08-11
NIFTY,2026-08-11,26300.0,PE,0.0,0.0,0.0,1806.8,24471.7,0,0.0,0,0,2026-08-11
NIFTY,2026-08-11,27000.0,PE,2490.05,2540.0,2485.0,2525.0,24471.7,26,49889173.75,1105,-585,2026-08-11
NIFTY,2026-08-18,22550.0,PE,2.8,2.8,1.4,1.6,1.6,637,933752894.75,11895,-65,2026-08-11
NIFTY,2026-08-18,24850.0,PE,320.0,400.75,320.0,371.25,371.25,2047,3354611877.5,36855,10400,2026-08-11
NIFTY,2026-08-18,25500.0,PE,952.0,1014.55,952.0,986.7,986.7,2146,3694481189.75,169585,133185,2026-08-11
NIFTY,2026-08-18,25650.0,PE,0.0,0.0,0.0,1538.0,1153.47,0,0.0,0,0,2026-08-11
NIFTY,2026-08-18,26750.0,PE,0.0,0.0,0.0,2558.25,2247.24,0,0.0,0,0,2026-08-11
NIFTY,2026-08-25,21950.0,PE,3.55,3.65,3.55,3.6,3.6,6,8561891.0,3575,-130,2026-08-11
NIFTY,2026-08-25,23000.0,PE,7.7,8.25,6.4,6.75,6.75,20773,31065696255.75,3022240,50505,2026-08-11
NIFTY,2026-08-25,23650.0,PE,21.9,24.95,18.4,19.75,19.75,5378,8274721263.25,203320,75270,2026-08-11
NIFTY,2026-08-25,24150.0,PE,74.8,91.65,71.5,78.0,78.0,4123,6494163458.25,219960,5265,2026-08-11
NIFTY,2026-08-25,24550.0,PE,184.0,235.75,184.0,210.8,210.8,8267,13308749135.5,223860,13390,2026-08-11
NIFTY,2026-08-25,25150.0,PE,626.9,668.85,626.9,668.85,722.22,2,3353723.75,2015,0,2026-08-11
NIFTY,2026-08-25,25800.0,PE,1256.35,1256.35,1256.35,1256.35,1289.59,1,1758662.75,12090,65,2026-08-11
NIFTY,2026-08-25,26850.0,PE,0.0,0.0,0.0,2671.25,2316.64,0,0.0,0,0,2026-08-11
NIFTY,2026-09-01,22800.0,PE,10.45,10.5,7.8,8.55,8.55,356,527791465.5,37700,15795,2026-08-11
NIFTY,2026-09-01,23050.0,PE,12.9,13.05,12.9,13.05,22.53,2,2998186.75,1300,-65,2026-08-11
NIFTY,2026-09-01,24200.0,PE,120.1,136.85,114.65,120.4,120.4,740,1170190287.5,49205,3770,2026-08-11
NIFTY,2026-09-01,24400.0,PE,169.9,203.95,169.9,181.6,181.6,860,1374535425.25,44590,10270,2026-08-11
NIFTY,2026-09-01,24850.0,PE,418.0,418.0,418.0,418.0,554.05,1,1642420.0,65,65,2026-08-11
NIFTY,2026-09-01,25100.0,PE,0.0,0.0,0.0,1005.4,721.2,0,0.0,0,0,2026-08-11
NIFTY,2026-09-01,25500.0,PE,0.0,0.0,0.0,1305.4,1031.26,0,0.0,0,0,2026-08-11
NIFTY,2026-09-01,25550.0,PE,0.0,0.0,0.0,1345.2,1073.07,0,0.0,0,0,2026-08-11
NIFTY,2026-09-01,26300.0,PE,0.0,0.0,0.0,1989.7,1754.3,0,0.0,0,0,2026-08-11
NIFTY,2026-09-01,26700.0,PE,0.0,0.0,0.0,2360.1,2141.94,0,0.0,0,0,2026-08-11
NIFTY,2026-09-01,27000.0,PE,0.0,0.0,0.0,2645.4,2437.27,0,0.0,0,0,2026-08-11
NIFTY,2026-09-08,23200.0,PE,0.0,0.0,0.0,62.7,54.14,0,0.0,0,0,2026-08-11
NIFTY,2026-09-08,23700.0,PE,57.4,70.3,53.95,55.8,55.8,220,339763398.0,10595,6565,2026-08-11
NIFTY,2026-09-08,24700.0,PE,343.95,368.0,343.95,353.2,508.96,29,47236010.25,2080,1755,2026-08-11
NIFTY,2026-09-29,21700.0,PE,14.0,14.9,13.75,14.7,14.7,67,94565155.75,13845,845,2026-08-11
NIFTY,2026-09-29,22200.0,PE,18.3,19.6,16.55,17.35,17.35,191,275844107.5,48620,1365,2026-08-11
NIFTY,2026-09-29,22250.0,PE,22.25,22.25,18.6,18.6,25.35,15,21713571.75,12285,-195,2026-08-11
NIFTY,2026-09-29,23150.0,PE,51.4,53.55,46.35,47.55,47.55,56,84443368.75,21450,2275,2026-08-11
NIFTY,2026-09-29,23700.0,PE,98.45,110.3,98.0,100.4,100.4,2660,4115808983.0,237250,30225,2026-08-11
NIFTY,2026-09-29,23750.0,PE,108.8,117.55,104.9,109.95,109.95,111,172149662.75,48880,2210,2026-08-11
NIFTY,2026-09-29,23950.0,PE,154.0,157.15,144.3,146.55,146.55,95,148814844.75,16835,1885,2026-08-11
NIFTY,2026-09-29,24100.0,PE,175.95,193.95,173.85,180.15,180.15,1574,2484805098.75,123760,22815,2026-08-11
NIFTY,2026-09-29,24250.0,PE,227.65,237.25,212.4,221.05,221.05,96,152741706.0,36270,1950,2026-08-11
NIFTY,2026-09-29,24400.0,PE,256.9,288.25,256.9,270.55,270.55,1565,2510250359.5,163150,65,2026-08-11
NIFTY,2026-09-29,24600.0,PE,334.95,369.1,334.75,349.05,349.05,2522,4090864514.75,297245,8190,2026-08-11
NIFTY,2026-09-29,26300.0,PE,0.0,0.0,0.0,2221.3,1716.25,0,0.0,0,0,2026-08-11
NIFTY,2026-09-29,27200.0,PE,0.0,0.0,0.0,3004.3,2526.53,0,0.0,0,0,2026-08-11
NIFTY,2026-10-27,22250.0,PE,33.3,34.8,30.45,31.15,31.15,511,740122353.75,80600,20085,2026-08-11
NIFTY,2026-10-27,22650.0,PE,48.9,50.7,46.15,46.15,101.07,6,8852590.5,715,130,2026-08-11
NIFTY,2026-10-27,22800.0,PE,0.0,0.0,0.0,239.4,120.7,0,0.0,0,0,2026-08-11
NIFTY,2026-10-27,22850.0,PE,0.0,0.0,0.0,250.85,127.87,0,0.0,0,0,2026-08-11
NIFTY,2026-10-27,25750.0,PE,0.0,0.0,0.0,1003.65,1307.9,0,0.0,65,0,2026-08-11
NIFTY,2026-09-01,26000.0,CE,9.1,9.2,5.05,5.7,5.7,3795,6415067129.25,124085,41665,2026-08-11
NIFTY,2026-09-01,26650.0,CE,2.1,2.5,1.8,2.5,7.47,3,5197166.0,1495,0,2026-08-11
NIFTY,2026-09-08,22800.0,CE,0.0,0.0,0.0,1977.1,1800.45,0,0.0,0,0,2026-08-11
NIFTY,2026-09-08,23050.0,CE,0.0,0.0,0.0,1746.8,1568.46,0,0.0,0,0,2026-08-11
NIFTY,2026-09-08,24050.0,CE,0.0,0.0,0.0,931.9,760.58,0,0.0,0,0,2026-08-11
NIFTY,2026-09-08,25400.0,CE,0.0,0.0,0.0,259.4,161.15,0,0.0,0,0,2026-08-11
NIFTY,2026-09-08,26150.0,CE,0.0,0.0,0.0,99.35,48.47,0,0.0,0,0,2026-08-11
NIFTY,2026-09-29,21850.0,CE,0.0,0.0,0.0,2455.3,2825.26,0,0.0,0,0,2026-08-11
NIFTY,2026-09-29,22000.0,CE,2660.0,2664.65,2631.0,2650.3,2650.3,59,94530302.75,64545,3380,2026-08-11
NIFTY,2026-09-29,22450.0,CE,0.0,0.0,0.0,1843.95,2255.01,0,0.0,65,0,2026-08-11
NIFTY,2026-09-29,22550.0,CE,0.0,0.0,0.0,1786.75,2162.59,0,0.0,260,0,2026-08-11
NIFTY,2026-09-29,22700.0,CE,0.0,0.0,0.0,1580.85,2025.87,0,0.0,520,0,2026-08-11
NIFTY,2026-09-29,23150.0,CE,0.0,0.0,0.0,1642.85,1632.71,0,0.0,325,0,2026-08-11
NIFTY,2026-09-29,24350.0,CE,590.0,593.95,572.2,573.0,772.59,7,11343631.0,6825,-130,2026-08-11
NIFTY,2026-09-29,24600.0,CE,471.15,471.15,419.9,426.55,426.55,2205,3588564122.0,252330,27625,2026-08-11
NIFTY,2026-09-29,24650.0,CE,435.35,444.0,390.0,400.15,400.15,164,267076920.5,18915,585,2026-08-11
NIFTY,2026-09-29,24750.0,CE,384.85,384.85,340.0,348.25,348.25,170,277369514.5,34580,1170,2026-08-11
NIFTY,2026-09-29,25000.0,CE,285.0,290.35,233.05,238.15,238.15,10921,17922208060.25,1793285,132405,2026-08-11
NIFTY,2026-09-29,25450.0,CE,0.0,0.0,0.0,366.0,299.07,0,0.0,0,0,2026-08-11
NIFTY,2026-09-29,25550.0,CE,0.0,0.0,0.0,340.3,270.62,0,0.0,0,0,2026-08-11
NIFTY,2026-09-29,25700.0,CE,82.6,82.6,58.7,60.3,60.3,2765,4630634661.25,178165,-1560,2026-08-11
NIFTY,2026-09-29,25900.0,CE,0.0,0.0,0.0,261.75,187.53,0,0.0,0,0,2026-08-11
NIFTY,2026-09-29,26050.0,CE,0.0,0.0,0.0,232.8,158.78,0,0.0,0,0,2026-08-11
NIFTY,2026-09-29,26450.0,CE,0.0,0.0,0.0,168.3,99.24,0,0.0,0,0,2026-08-11
NIFTY,2026-09-29,26750.0,CE,0.0,0.0,0.0,130.35,68.03,0,0.0,0,0,2026-08-11
NIFTY,2026-09-29,30000.0,CE,3.3,3.7,2.5,2.55,2.55,275,536297271.25,313940,2155,2026-08-11
NIFTY,2026-10-27,22550.0,CE,0.0,0.0,0.0,1962.0,2321.54,0,0.0,0,0,2026-08-11
NIFTY,2026-10-27,23950.0,CE,0.0,0.0,0.0,1007.1,1234.38,0,0.0,0,0,2026-08-11
NIFTY,2026-10-27,25100.0,CE,364.45,364.5,341.25,341.7,341.7,38,62865741.25,6045,715,2026-08-11
NIFTY,2026-10-27,25300.0,CE,0.0,0.0,0.0,432.4,535.66,0,0.0,0,0,2026-08-11
NIFTY,2026-10-27,25500.0,CE,234.05,235.8,200.0,202.15,202.15,2713,4533827278.5,600860,32175,2026-08-11
NIFTY,2026-10-27,25600.0,CE,192.7,193.7,173.0,174.35,174.35,107,179295506.0,6240,1300,2026-08-11
NIFTY,2026-10-27,25800.0,CE,0.0,0.0,0.0,301.05,369.45,0,0.0,0,0,2026-08-11
NIFTY,2026-10-27,26100.0,CE,0.0,0.0,0.0,237.65,291.96,0,0.0,0,0,2026-08-11
NIFTY,2026-10-27,26700.0,CE,0.0,0.0,0.0,144.45,173.83,0,0.0,0,0,2026-08-11
NIFTY,2026-12-29,25000.0,CE,775.05,790.75,720.0,726.75,726.75,3056,5112103025.25,2191890,-16835,2026-08-11
NIFTY,2026-12-29,26000.0,CE,340.0,340.0,301.0,302.6,302.6,4045,6917363709.75,2796975,31385,2026-08-11
NIFTY,2027-06-29,30000.0,CE,0.0,0.0,0.0,1478.4,386.77,0,0.0,0,0,2026-08-11
NIFTY,2027-12-28,24000.0,CE,3030.0,3030.0,2985.75,3013.95,3357.65,14,24569327.25,26520,-195,2026-08-11
NIFTY,2028-12-26,18000.0,CE,0.0,0.0,0.0,9380.3,9144.37,0,0.0,0,0,2026-08-11
NIFTY,2028-12-26,24000.0,CE,0.0,0.0,0.0,4800.0,4779.82,0,0.0,455,0,2026-08-11
NIFTY,2028-12-26,25500.0,CE,0.0,0.0,0.0,3800.0,3919.62,0,0.0,0,0,2026-08-11
NIFTY,2028-12-26,28000.0,CE,0.0,0.0,0.0,2274.05,2735.29,0,0.0,8395,0,2026-08-11
NIFTY,2028-12-26,28500.0,CE,0.0,0.0,0.0,3608.65,2534.82,0,0.0,0,0,2026-08-11
NIFTY,2028-12-26,30000.0,CE,0.0,0.0,0.0,1370.0,2001.82,0,0.0,11555,0,2026-08-11
NIFTY,2030-06-25,24000.0,CE,0.0,0.0,0.0,8591.55,6642.59,0,0.0,0,0,2026-08-11
NIFTY,2030-06-25,33000.0,CE,0.0,0.0,0.0,4416.45,2721.13,0,0.0,0,0,2026-08-11
NIFTY,2030-12-31,22500.0,CE,0.0,0.0,0.0,9536.95,8121.03,0,0.0,0,0,2026-08-11
NIFTY,2030-12-31,27000.0,CE,0.0,0.0,0.0,6772.8,5651.38,0,0.0,0,0,2026-08-11
NIFTY,2026-08-11,22050.0,PE,0.3,0.5,0.05,0.1,24471.7,1182,1694113960.5,40885,3120,2026-08-11
NIFTY,2026-08-11,22100.0,PE,0.25,0.25,0.05,0.05,24471.7,5828,8371965322.5,111020,-33150,2026-08-11
NIFTY,2026-08-11,22350.0,PE,0.3,0.5,0.05,0.1,24471.7,2073,3011581950.0,39910,-13195,2026-08-11
NIFTY,2026-08-11,24100.0,PE,1.25,1.6,0.05,0.1,24471.7,1278558,2002922616795.75,3790280,-640380,2026-08-11
NIFTY,2026-08-11,24450.0,PE,23.85,54.15,0.05,7.6,24471.7,21704008,34532713762556.75,23987405,18689840,2026-08-11
NIFTY,2026-08-11,24700.0,PE,142.8,263.0,142.8,232.9,24471.7,475091,769558949734.25,1144065,-1443845,2026-08-11
NIFTY,2026-08-11,24850.0,PE,260.0,409.8,260.0,389.5,24471.7,12699,20815496074.75,114400,-27300,2026-08-11
NIFTY,2026-08-11,25500.0,PE,944.45,1058.3,944.45,1032.5,24471.7,1157,1994862421.5,48815,-40820,2026-08-11
NIFTY,2026-08-11,26250.0,PE,0.0,0.0,0.0,1761.65,24471.7,0,0.0,0,0,2026-08-11
NIFTY,2026-08-11,26550.0,PE,0.0,0.0,0.0,2036.55,24471.7,0,0.0,0,0,2026-08-11
NIFTY,2026-08-18,22200.0,PE,1.9,2.0,1.05,1.15,1.15,10745,15506043491.25,351910,9620,2026-08-11
NIFTY,2026-08-18,22450.0,PE,2.1,2.15,1.25,1.35,1.35,492,717999301.5,12740,4615,2026-08-11
NIFTY,2026-08-18,22500.0,PE,2.05,2.1,1.3,1.5,1.5,46342,67780154338.0,2373150,72605,2026-08-11
NIFTY,2026-08-18,23450.0,PE,4.4,4.95,3.05,3.35,3.35,12402,18906743693.5,213460,82030,2026-08-11
NIFTY,2026-08-18,23700.0,PE,8.55,8.55,5.0,5.45,5.45,76555,117964956703.75,1826825,448630,2026-08-11
NIFTY,2026-08-18,24950.0,PE,403.35,483.7,400.6,459.75,459.75,862,1423313810.75,17420,195,2026-08-11
NIFTY,2026-08-18,26050.0,PE,0.0,0.0,0.0,1895.7,1548.72,0,0.0,0,0,2026-08-11
NIFTY,2026-08-18,26500.0,PE,1980.0,1983.0,1968.8,1975.0,1997.57,15,27764373.0,975,975,2026-08-11
NIFTY,2026-08-18,26850.0,PE,0.0,0.0,0.0,2655.25,2347.12,0,0.0,0,0,2026-08-11
NIFTY,2026-08-25,21300.0,PE,2.65,3.25,2.4,2.7,2.7,173,239548676.25,73190,4680,2026-08-11
NIFTY,2026-08-25,21400.0,PE,3.65,3.65,2.55,2.85,2.85,77,107122310.75,44720,-455,2026-08-11
NIFTY,2026-08-25,22050.0,PE,5.0,5.0,3.0,3.65,3.65,169,242259738.5,9100,-3315,2026-08-11
NIFTY,2026-08-25,22350.0,PE,4.95,4.95,3.5,3.8,3.8,198,287693861.0,6435,-4940,2026-08-11
NIFTY,2026-08-25,22500.0,PE,5.0,5.65,4.05,4.2,4.2,14427,21103795297.0,1428635,144170,2026-08-11
NIFTY,2026-08-25,22800.0,PE,6.7,6.7,5.2,5.35,5.35,2791,4137350308.0,296660,9035,2026-08-11
NIFTY,2026-08-25,24750.0,PE,294.25,352.4,293.3,324.3,324.3,1829,2981300585.25,100295,-17095,2026-08-11
NIFTY,2026-08-25,25300.0,PE,742.8,801.15,742.8,773.45,773.45,279,472802112.25,46735,8775,2026-08-11
NIFTY,2026-08-25,25550.0,PE,0.0,0.0,0.0,945.45,1059.78,0,0.0,5395,0,2026-08-11
NIFTY,2026-08-25,26250.0,PE,0.0,0.0,0.0,1985.0,1722.91,0,0.0,130,0,2026-08-11
NIFTY,2026-08-25,26500.0,PE,1948.5,1980.0,1948.5,1976.15,1969.19,31,57355814.75,6760,1365,2026-08-11
NIFTY,2026-08-25,26650.0,PE,0.0,0.0,0.0,2498.25,2117.85,0,0.0,0,0,2026-08-11
NIFTY,2026-08-25,26750.0,PE,0.0,0.0,0.0,2584.3,2217.18,0,0.0,0,0,2026-08-11
NIFTY,2026-09-01,22250.0,PE,0.0,0.0,0.0,56.0,2.0,0,0.0,325,0,2026-08-11
NIFTY,2026-09-01,22750.0,PE,0.0,0.0,0.0,12.6,9.9,0,0.0,520,0,2026-08-11
NIFTY,2026-09-01,23100.0,PE,13.65,14.75,11.2,11.7,11.7,98,147232127.25,5265,2080,2026-08-11
NIFTY,2026-09-01,23400.0,PE,22.6,23.85,16.8,19.55,19.55,271,412557522.0,18135,3965,2026-08-11
NIFTY,2026-09-01,23800.0,PE,52.35,56.85,47.1,50.05,50.05,1446,2241874453.0,42835,-18915,2026-08-11
NIFTY,2026-09-01,24750.0,PE,353.35,374.4,353.2,353.2,493.74,22,35916185.5,6695,-1300,2026-08-11
NIFTY,2026-09-01,25950.0,PE,0.0,0.0,0.0,1679.0,1426.01,0,0.0,0,0,2026-08-11
NIFTY,2026-09-01,26950.0,PE,0.0,0.0,0.0,2597.5,2387.88,0,0.0,0,0,2026-08-11
NIFTY,2026-09-08,23100.0,PE,20.8,22.15,20.0,20.0,44.23,30,45086382.25,1365,1105,2026-08-11
NIFTY,2026-09-08,24300.0,PE,160.0,190.65,160.0,173.5,173.5,24,38189885.5,1170,455,2026-08-11
NIFTY,2026-09-08,24600.0,PE,290.0,319.3,289.0,295.5,295.5,245,396573732.75,13390,9555,2026-08-11
NIFTY,2026-09-08,24800.0,PE,425.3,425.3,391.8,391.8,565.36,5,8193581.5,130,130,2026-08-11
NIFTY,2026-09-08,25800.0,PE,0.0,0.0,0.0,1194.35,1296.3,0,0.0,0,0,2026-08-11
NIFTY,2026-09-29,23500.0,PE,70.35,83.95,70.35,76.15,76.15,10366,15887479354.5,1450995,75205,2026-08-11
NIFTY,2026-09-29,23550.0,PE,79.35,89.0,79.35,81.8,81.8,430,660578298.25,30745,2340,2026-08-11
NIFTY,2026-09-29,24000.0,PE,143.25,169.35,143.25,157.2,157.2,10529,16536047342.75,2886225,42575,2026-08-11
NIFTY,2026-09-29,24550.0,PE,322.7,347.35,322.7,327.4,327.4,193,312175558.5,24635,-1105,2026-08-11
NIFTY,2026-09-29,26150.0,PE,0.0,0.0,0.0,2098.2,1590.36,0,0.0,0,0,2026-08-11
NIFTY,2026-09-29,26350.0,PE,0.0,0.0,0.0,2262.9,1758.93,0,0.0,0,0,2026-08-11
NIFTY,2026-09-29,26400.0,PE,1700.0,1700.0,1700.0,1700.0,1801.94,1,1826500.0,195,65,2026-08-11
NIFTY,2026-09-29,26550.0,PE,0.0,0.0,0.0,2431.75,1932.87,0,0.0,0,0,2026-08-11
NIFTY,2026-10-27,22300.0,PE,34.65,36.75,30.05,32.65,65.02,56,81295584.5,13325,2860,2026-08-11
NIFTY,2026-10-27,23500.0,PE,118.7,129.35,117.9,120.55,120.55,2863,4396357810.0,390000,68055,2026-08-11
NIFTY,2026-10-27,25350.0,PE,0.0,0.0,0.0,783.0,1046.3,0,0.0,130,0,2026-08-11
NIFTY,2026-10-27,25950.0,PE,0.0,0.0,0.0,1842.3,1449.38,0,0.0,0,0,2026-08-11
NIFTY,2026-12-29,19000.0,PE,28.4,31.2,27.85,28.5,28.5,776,959839998.0,592515,1830,2026-08-11
NIFTY,2026-12-29,22000.0,PE,74.0,78.05,73.0,74.5,74.5,5221,7491781573.25,1548645,2305,2026-08-11
NIFTY,2027-03-30,18000.0,PE,0.0,0.0,0.0,37.3,3.49,0,0.0,65,0,2026-08-11
NIFTY,2027-06-29,18000.0,PE,0.0,0.0,0.0,220.0,10.32,0,0.0,230,0,2026-08-11
NIFTY,2027-06-29,27000.0,PE,1312.0,1312.0,1312.0,1312.0,2107.42,2,3680560.0,130,130,2026-08-11
NIFTY,2028-06-27,27000.0,PE,0.0,0.0,0.0,2752.35,1898.68,0,0.0,0,0,2026-08-11
NIFTY,2026-09-29,25750.0,PE,0.0,0.0,0.0,1035.0,1273.48,0,0.0,390,0,2026-08-11
NIFTY,2028-12-26,24000.0,PE,0.0,0.0,0.0,736.0,836.61,0,0.0,4875,0,2026-08-11
NIFTY,2028-12-26,31500.0,PE,0.0,0.0,0.0,2673.4,4035.81,0,0.0,0,0,2026-08-11
NIFTY,2029-06-26,16500.0,PE,0.0,0.0,0.0,8.1,35.93,0,0.0,0,0,2026-08-11
NIFTY,2029-06-26,18000.0,PE,0.0,0.0,0.0,118.45,84.14,0,0.0,0,0,2026-08-11
NIFTY,2026-09-29,22600.0,CE,0.0,0.0,0.0,1734.3,2116.75,0,0.0,195,0,2026-08-11
NIFTY,2026-09-08,24300.0,CE,0.0,0.0,0.0,766.05,602.79,0,0.0,0,0,2026-08-11
NIFTY,2026-09-08,24150.0,CE,0.0,0.0,0.0,863.4,694.95,0,0.0,0,0,2026-08-11
NIFTY,2026-09-08,23750.0,CE,0.0,0.0,0.0,1153.7,976.57,0,0.0,0,0,2026-08-11
NIFTY,2026-09-08,23550.0,CE,0.0,0.0,0.0,1313.5,1134.62,0,0.0,0,0,2026-08-11
NIFTY,2026-09-08,23300.0,CE,0.0,0.0,0.0,1524.85,1345.54,0,0.0,0,0,2026-08-11
NIFTY,2026-09-08,22850.0,CE,0.0,0.0,0.0,1930.45,1753.46,0,0.0,0,0,2026-08-11
NIFTY,2026-09-01,26600.0,CE,0.0,0.0,0.0,3.5,8.48,0,0.0,2210,0,2026-08-11
NIFTY,2026-09-01,25150.0,CE,0.0,0.0,0.0,253.7,166.5,0,0.0,0,0,2026-08-11
NIFTY,2026-09-01,23800.0,CE,0.0,0.0,0.0,925.0,872.8,0,0.0,1820,0,2026-08-11
NIFTY,2026-08-11,22000.0,CE,2498.0,2512.55,2465.0,2468.0,24471.7,34,54128389.25,4095,-585,2026-08-11
NIFTY,2026-08-11,23150.0,CE,0.0,0.0,0.0,1415.65,24471.7,0,0.0,195,0,2026-08-11
NIFTY,2026-08-11,24050.0,CE,506.2,506.2,392.65,415.15,24471.7,3003,4777871930.0,34060,-1300,2026-08-11
NIFTY,2026-08-11,24800.0,CE,3.95,8.9,0.05,0.2,24471.7,3189046,5141130945239.25,6368895,-3317210,2026-08-11
NIFTY,2026-08-11,24900.0,CE,2.2,2.5,0.05,0.15,24471.7,1762985,2853507410308.75,5082545,-6684470,2026-08-11
NIFTY,2026-08-11,24950.0,CE,2.95,2.95,0.05,0.15,24471.7,1052517,1706972254390.0,3019055,-2977520,2026-08-11
NIFTY,2026-08-11,25050.0,CE,1.0,1.4,0.05,0.1,24471.7,756363,1231575778683.25,3106220,-908375,2026-08-11
NIFTY,2026-08-11,25700.0,CE,0.65,0.7,0.05,0.05,24471.7,150788,251894023537.0,3042325,-122590,2026-08-11
NIFTY,2026-08-18,22050.0,CE,0.0,0.0,0.0,2148.45,2447.31,0,0.0,0,0,2026-08-11
NIFTY,2026-08-18,22100.0,CE,0.0,0.0,0.0,2100.9,2397.37,0,0.0,0,0,2026-08-11
NIFTY,2026-08-18,22500.0,CE,2030.0,2040.0,1978.2,2008.05,2008.05,100,159183202.75,6565,6500,2026-08-11
NIFTY,2026-08-18,23500.0,CE,1102.1,1102.1,986.05,1011.9,1011.9,637,1015006011.5,99255,23530,2026-08-11
NIFTY,2026-08-18,23600.0,CE,979.4,979.4,889.65,907.85,907.85,325,517914579.0,19890,-5850,2026-08-11
NIFTY,2026-08-18,23700.0,CE,855.0,856.15,787.95,807.5,807.5,256,407888338.0,20995,6370,2026-08-11
NIFTY,2026-08-18,23800.0,CE,770.05,770.05,690.0,707.65,707.65,502,799869681.0,48230,12740,2026-08-11
NIFTY,2026-08-18,24050.0,CE,515.1,516.8,459.4,476.4,476.4,476,759032218.75,26130,11440,2026-08-11
NIFTY,2026-08-18,24150.0,CE,443.25,443.25,375.0,391.35,391.35,903,1440642635.25,26650,13585,2026-08-11
NIFTY,2026-08-18,26100.0,CE,0.8,0.8,0.7,0.75,0.75,22409,38017935442.5,1101295,3770,2026-08-11
NIFTY,2026-08-18,27100.0,CE,0.75,0.75,0.55,0.65,0.65,42,73984826.5,4095,1235,2026-08-11
NIFTY,2026-08-25,21350.0,CE,0.0,0.0,0.0,2938.85,3171.27,0,0.0,0,0,2026-08-11
NIFTY,2026-08-25,21750.0,CE,0.0,0.0,0.0,2581.2,2772.22,0,0.0,0,0,2026-08-11
NIFTY,2026-08-25,22600.0,CE,0.0,0.0,0.0,1878.55,1925.62,0,0.0,1820,0,2026-08-11
NIFTY,2026-08-25,22900.0,CE,1650.0,1650.0,1635.0,1635.0,1629.69,2,3190525.0,5655,-65,2026-08-11
NIFTY,2026-08-25,23150.0,CE,0.0,0.0,0.0,1351.75,1387.14,0,0.0,780,0,2026-08-11
NIFTY,2026-08-25,25350.0,CE,22.3,22.35,10.7,11.9,11.9,5930,9776480730.25,168415,48490,2026-08-11
NIFTY,2026-09-01,22600.0,CE,0.0,0.0,0.0,1805.15,1956.68,0,0.0,0,0,2026-08-11
NIFTY,2026-09-01,22850.0,CE,0.0,0.0,0.0,1586.45,1714.39,0,0.0,0,0,2026-08-11
NIFTY,2026-09-01,23200.0,CE,0.0,0.0,0.0,1298.35,1385.24,0,0.0,0,0,2026-08-11
NIFTY,2026-09-01,23650.0,CE,0.0,0.0,0.0,966.45,992.54,0,0.0,0,0,2026-08-11
NIFTY,2031-06-24,19500.0,PE,0.0,0.0,0.0,289.2,201.32,0,0.0,0,0,2026-08-11
NIFTY,2030-12-31,24000.0,PE,0.0,0.0,0.0,1000.0,747.42,0,0.0,520,0,2026-08-11
NIFTY,2030-06-25,28500.0,PE,0.0,0.0,0.0,1167.6,1978.49,0,0.0,0,0,2026-08-11
NIFTY,2029-12-24,33000.0,PE,0.0,0.0,0.0,2953.7,4166.89,0,0.0,0,0,2026-08-11
NIFTY,2029-12-24,24000.0,PE,0.0,0.0,0.0,1000.0,804.67,0,0.0,390,0,2026-08-11
NIFTY,2029-06-26,30000.0,PE,0.0,0.0,0.0,2031.05,2944.59,0,0.0,0,0,2026-08-11
NIFTY,2029-06-26,27000.0,PE,0.0,0.0,0.0,1252.35,1694.04,0,0.0,0,0,2026-08-11
NIFTY,2029-06-26,25500.0,PE,0.0,0.0,0.0,624.25,1211.76,0,0.0,0,0,2026-08-11
NIFTY,2028-12-26,26000.0,PE,0.0,0.0,0.0,1240.05,1425.56,0,0.0,6745,0,2026-08-11
NIFTY,2028-12-26,23000.0,PE,0.0,0.0,0.0,519.0,612.93,0,0.0,1675,0,2026-08-11
NIFTY,2028-06-27,33000.0,PE,0.0,0.0,0.0,3707.8,5462.91,0,0.0,0,0,2026-08-11
NIFTY,2027-12-28,26000.0,PE,1228.4,1265.45,1228.4,1240.0,1240.0,38,67306258.5,51540,1585,2026-08-11
NIFTY,2027-12-28,25000.0,PE,900.0,910.0,887.85,887.85,1132.32,40,67341647.75,69325,455,2026-08-11
NIFTY,2027-06-29,22500.0,PE,0.0,0.0,0.0,269.25,350.25,0,0.0,650,0,2026-08-11
NIFTY,2027-03-30,24000.0,PE,397.75,410.75,396.0,399.25,399.25,1146,1817882709.5,792415,1755,2026-08-11
NIFTY,2026-12-29,30000.0,PE,4675.2,4786.5,4675.2,4751.0,4751.0,31,70028296.0,385895,-195,2026-08-11
NIFTY,2026-12-29,23000.0,PE,148.3,153.25,144.0,145.75,145.75,3270,4920370614.25,2471055,29250,2026-08-11
NIFTY,2026-10-27,27200.0,PE,0.0,0.0,0.0,2898.55,2462.78,0,0.0,0,0,2026-08-11
NIFTY,2026-10-27,27150.0,PE,0.0,0.0,0.0,2853.65,2418.86,0,0.0,0,0,2026-08-11
NIFTY,2026-10-27,26850.0,PE,0.0,0.0,0.0,2588.1,2160.34,0,0.0,0,0,2026-08-11
NIFTY,2026-10-27,26550.0,PE,0.0,0.0,0.0,2330.1,1911.53,0,0.0,0,0,2026-08-11
NIFTY,2026-10-27,24950.0,PE,0.0,0.0,0.0,510.65,815.56,0,0.0,3640,0,2026-08-11
NIFTY,2026-10-27,24700.0,PE,438.0,455.0,426.0,437.45,437.45,70,114387988.0,14560,-260,2026-08-11
NIFTY,2026-10-27,24650.0,PE,0.0,0.0,0.0,377.4,664.06,0,0.0,2015,0,2026-08-11
NIFTY,2026-10-27,24200.0,PE,259.85,274.85,259.0,261.3,261.3,109,173334005.0,25935,1430,2026-08-11
NIFTY,2026-10-27,23650.0,PE,0.0,0.0,0.0,491.35,293.61,0,0.0,0,0,2026-08-11
NIFTY,2026-10-27,23600.0,PE,136.65,140.05,129.0,131.55,131.55,100,154283632.75,33345,1690,2026-08-11
NIFTY,2026-10-27,23400.0,PE,0.0,0.0,0.0,403.8,230.21,0,0.0,0,0,2026-08-11
NIFTY,2026-09-29,25950.0,PE,0.0,0.0,0.0,1248.0,1427.94,0,0.0,65,0,2026-08-11
NIFTY,2026-09-29,25450.0,PE,875.0,875.2,860.0,861.75,1053.89,13,22241098.75,715,260,2026-08-11
NIFTY,2026-09-29,25400.0,PE,851.55,854.6,821.8,822.45,822.45,49,83555283.5,6825,-1300,2026-08-11
NIFTY,2026-09-29,25200.0,PE,659.95,699.05,659.95,682.5,682.5,116,195145486.25,29705,0,2026-08-11
NIFTY,2026-09-29,24650.0,PE,379.95,390.0,362.85,367.7,367.7,78,126890192.0,13260,975,2026-08-11
NIFTY,2026-09-29,24500.0,PE,289.95,327.4,289.95,308.0,308.0,11257,18157068891.0,1968655,199225,2026-08-11
NIFTY,2026-09-29,24300.0,PE,224.0,254.0,223.95,235.4,235.4,1687,2691428512.5,234715,11505,2026-08-11
NIFTY,2026-09-29,24200.0,PE,203.15,222.8,200.25,208.3,208.3,2638,4186036920.0,457535,24440,2026-08-11
NIFTY,2026-09-29,21750.0,PE,0.0,0.0,0.0,14.95,9.51,0,0.0,4355,0,2026-08-11
NIFTY,2026-09-29,19500.0,PE,9.45,10.0,8.7,9.15,9.15,646,819207493.0,865540,13130,2026-08-11
NIFTY,2026-09-08,25750.0,PE,0.0,0.0,0.0,1155.15,1253.84,0,0.0,0,0,2026-08-11
NIFTY,2026-09-08,25600.0,PE,0.0,0.0,0.0,1041.75,1129.5,0,0.0,0,0,2026-08-11
NIFTY,2026-09-08,24350.0,PE,210.0,210.0,210.0,210.0,339.15,1,1596400.0,65,65,2026-08-11
NIFTY,2026-09-08,24250.0,PE,0.0,0.0,0.0,291.9,298.48,0,0.0,0,0,2026-08-11
NIFTY,2026-09-08,24000.0,PE,129.3,129.3,129.3,129.3,129.3,1,1568404.5,65,65,2026-08-11
NIFTY,2026-09-08,23600.0,PE,0.0,0.0,0.0,120.65,112.99,0,0.0,0,0,2026-08-11
NIFTY,2026-09-08,23250.0,PE,0.0,0.0,0.0,68.4,59.73,0,0.0,0,0,2026-08-11
NIFTY,2026-09-01,27200.0,PE,0.0,0.0,0.0,2838.15,2635.3,0,0.0,0,0,2026-08-11
NIFTY,2026-09-01,26500.0,PE,0.0,0.0,0.0,2173.2,1946.94,0,0.0,0,0,2026-08-11
NIFTY,2026-09-01,26450.0,PE,0.0,0.0,0.0,2127.0,1898.53,0,0.0,0,0,2026-08-11
NIFTY,2026-09-01,25850.0,PE,0.0,0.0,0.0,1593.2,1335.1,0,0.0,0,0,2026-08-11
NIFTY,2026-09-01,25700.0,PE,0.0,0.0,0.0,1467.3,1201.86,0,0.0,0,0,2026-08-11
NIFTY,2026-09-01,24250.0,PE,116.5,150.75,116.5,135.05,135.05,191,302834155.0,15145,5720,2026-08-11
NIFTY,2026-09-01,23550.0,PE,0.0,0.0,0.0,234.3,72.17,0,0.0,0,0,2026-08-11
NIFTY,2026-09-01,22450.0,PE,7.65,7.65,5.0,5.75,5.75,25,36491776.75,2795,455,2026-08-11
NIFTY,2026-08-25,27150.0,PE,0.0,0.0,0.0,2936.7,2615.47,0,0.0,0,0,2026-08-11
NIFTY,2026-08-25,27000.0,PE,0.0,0.0,0.0,2330.8,2465.99,0,0.0,41080,0,2026-08-11
NIFTY,2026-08-25,24600.0,PE,119.0,263.55,119.0,236.05,236.05,50875,82147050596.0,1740375,219505,2026-08-11
NIFTY,2026-08-25,24400.0,PE,127.1,170.5,127.1,148.25,148.25,41407,66090275832.75,1666340,73385,2026-08-11
NIFTY,2026-08-25,23150.0,PE,8.95,9.65,7.25,7.5,7.5,2670,4019174289.0,51935,3120,2026-08-11
NIFTY,2026-08-25,23050.0,PE,8.15,8.55,6.6,6.8,6.8,1670,2502922776.25,85930,-5005,2026-08-11
NIFTY,2026-08-25,22250.0,PE,3.2,3.8,3.2,3.8,0.29,4,5785910.0,10855,-130,2026-08-11
NIFTY,2026-08-25,21850.0,PE,4.0,4.0,3.65,3.65,0.04,8,11364034.5,4875,0,2026-08-11
NIFTY,2026-08-18,26650.0,PE,0.0,0.0,0.0,2461.7,2147.36,0,0.0,0,0,2026-08-11
NIFTY,2026-08-18,26250.0,PE,0.0,0.0,0.0,2081.3,1748.03,0,0.0,0,0,2026-08-11
NIFTY,2026-08-18,25150.0,PE,632.0,671.45,630.0,646.4,646.4,19,31861167.0,2405,65,2026-08-11
NIFTY,2026-08-18,25100.0,PE,550.0,624.0,550.0,598.75,598.75,631,1053943075.25,75270,13065,2026-08-11
NIFTY,2026-08-18,24750.0,PE,250.0,319.65,248.6,290.7,290.7,6156,10020638709.25,148070,-4095,2026-08-11
NIFTY,2026-08-18,24700.0,PE,195.5,284.0,195.5,254.15,254.15,57847,93840918307.5,987805,-26910,2026-08-11
NIFTY,2026-08-18,24450.0,PE,98.95,138.0,96.25,113.7,113.7,184223,294241091439.75,1573325,1110525,2026-08-11
NIFTY,2026-08-18,24400.0,PE,85.0,117.0,78.5,94.8,94.8,301390,480013965863.25,3124485,1902550,2026-08-11
NIFTY,2026-08-18,24100.0,PE,25.8,36.75,24.0,26.4,26.4,129281,202771379482.75,1998945,608985,2026-08-11
NIFTY,2026-08-18,23150.0,PE,3.65,4.25,2.2,2.55,2.55,3899,5867771175.5,70460,-2145,2026-08-11
NIFTY,2026-08-18,22600.0,PE,2.35,2.35,1.45,1.6,1.6,12331,18115767426.25,370045,34190,2026-08-11
NIFTY,2026-08-11,26600.0,PE,0.0,0.0,0.0,2083.25,24471.7,0,0.0,0,0,2026-08-11
NIFTY,2026-08-11,26100.0,PE,0.0,0.0,0.0,1628.1,24471.7,0,0.0,0,0,2026-08-11
NIFTY,2026-08-11,25550.0,PE,1060.45,1128.15,1054.9,1100.25,24471.7,18,31162602.25,1300,-260,2026-08-11
NIFTY,2026-08-11,25450.0,PE,958.6,995.25,954.95,990.3,24471.7,46,79051618.75,2795,2600,2026-08-11
NIFTY,2026-08-11,24300.0,PE,4.8,12.35,0.05,0.35,24471.7,8722215,13779046813285.0,8882575,1928420,2026-08-11
NIFTY,2026-08-11,23900.0,PE,0.75,0.9,0.05,0.1,24471.7,761605,1183171643270.5,3478670,-623155,2026-08-11
NIFTY,2026-08-11,23100.0,PE,0.55,0.7,0.05,0.05,24471.7,25917,38914780121.75,320255,-308490,2026-08-11
NIFTY,2026-08-11,22850.0,PE,0.45,0.6,0.05,0.05,24471.7,7012,10414654458.0,92560,25675,2026-08-11
NIFTY,2026-08-11,22600.0,PE,0.3,0.75,0.05,0.05,24471.7,11511,16909800495.25,195650,-112320,2026-08-11
NIFTY,2026-08-11,22550.0,PE,0.3,3.0,0.05,0.05,24471.7,5175,7585327200.75,72865,-13390,2026-08-11
NIFTY,2026-08-11,21800.0,PE,0.2,0.45,0.05,0.05,24471.7,6347,8993757857.5,163995,6825,2026-08-11
NIFTY,2026-08-11,21750.0,PE,0.45,0.55,0.05,0.05,24471.7,1402,1982091302.75,73970,13715,2026-08-11
NIFTY,2031-06-24,25500.0,CE,0.0,0.0,0.0,6409.8,6951.33,0,0.0,0,0,2026-08-11
NIFTY,2031-06-24,19500.0,CE,0.0,0.0,0.0,9840.6,10513.68,0,0.0,0,0,2026-08-11
NIFTY,2030-06-25,27000.0,CE,0.0,0.0,0.0,6972.5,5042.14,0,0.0,0,0,2026-08-11
NIFTY,2029-06-26,16500.0,CE,0.0,0.0,0.0,12587.95,10849.16,0,0.0,0,0,2026-08-11
NIFTY,2028-06-27,33000.0,CE,0.0,0.0,0.0,2004.15,767.91,0,0.0,0,0,2026-08-11
NIFTY,2027-12-28,27000.0,CE,1325.0,1340.0,1325.0,1330.0,1816.67,22,40512553.25,41365,-65,2026-08-11
NIFTY,2027-12-28,19500.0,CE,0.0,0.0,0.0,8684.7,6751.27,0,0.0,0,0,2026-08-11
NIFTY,2027-06-29,22500.0,CE,0.0,0.0,0.0,5539.6,3588.97,0,0.0,0,0,2026-08-11
NIFTY,2027-03-30,25500.0,CE,951.0,951.0,877.85,884.4,884.4,775,1329401706.75,413595,9360,2026-08-11
NIFTY,2026-12-29,33000.0,CE,7.8,7.8,6.0,6.0,6.0,39,83670609.75,96590,260,2026-08-11
NIFTY,2026-10-27,26900.0,CE,24.1,24.1,22.45,22.55,22.55,4,7000058.0,1235,130,2026-08-11
NIFTY,2026-10-27,26400.0,CE,0.0,0.0,0.0,186.25,226.36,0,0.0,0,0,2026-08-11
NIFTY,2026-10-27,24700.0,CE,572.85,572.85,542.0,548.35,548.35,102,167414126.75,14495,2990,2026-08-11
NIFTY,2026-10-27,24300.0,CE,0.0,0.0,0.0,906.0,1017.11,0,0.0,1300,0,2026-08-11
NIFTY,2026-10-27,24150.0,CE,0.0,0.0,0.0,980.0,1107.19,0,0.0,195,0,2026-08-11
NIFTY,2026-10-27,23550.0,CE,0.0,0.0,0.0,1244.0,1513.25,0,0.0,0,0,2026-08-11
NIFTY,2026-09-29,31500.0,CE,1.9,4.9,1.6,2.25,2.25,28,57334696.25,14170,585,2026-08-11
NIFTY,2026-09-29,28500.0,CE,3.75,3.9,3.3,3.55,3.55,376,696626196.5,517725,2015,2026-08-11
NIFTY,2026-09-29,26650.0,CE,0.0,0.0,0.0,142.1,77.34,0,0.0,0,0,2026-08-11
NIFTY,2026-09-29,26500.0,CE,17.25,17.65,10.75,11.9,11.9,2698,4649639852.0,140790,28535,2026-08-11
NIFTY,2026-09-29,25400.0,CE,145.0,145.0,110.55,114.0,114.0,3078,5105850958.0,203775,13650,2026-08-11
NIFTY,2026-09-29,24950.0,CE,289.75,289.8,253.6,255.5,255.5,78,127843579.5,16965,-845,2026-08-11
NIFTY,2026-09-29,23850.0,CE,0.0,0.0,0.0,1043.75,1090.94,0,0.0,1885,0,2026-08-11
NIFTY,2028-06-27,25500.0,CE,0.0,0.0,0.0,4676.6,3233.45,0,0.0,0,0,2026-08-11
NIFTY,2026-08-11,22500.0,CE,2025.05,2025.05,1965.0,1980.0,24471.7,13,20704846.5,1755,-325,2026-08-11
NIFTY,2026-08-11,22750.0,CE,0.0,0.0,0.0,1821.15,24471.7,0,0.0,0,0,2026-08-11
NIFTY,2026-08-11,23100.0,CE,1480.0,1480.0,1355.0,1358.0,24471.7,4,6367920.0,845,-65,2026-08-11
NIFTY,2026-08-11,24150.0,CE,416.0,416.0,291.8,311.55,24471.7,14997,23857706941.25,48555,-13325,2026-08-11
NIFTY,2026-08-11,24200.0,CE,350.35,359.4,240.0,266.5,24471.7,118808,189002127171.0,496470,-151710,2026-08-11
NIFTY,2026-08-11,25250.0,CE,0.65,0.85,0.05,0.1,24471.7,452881,743302269326.5,2519140,278655,2026-08-11
NIFTY,2026-08-11,25650.0,CE,0.4,0.65,0.05,0.1,24471.7,58483,97506792230.25,907660,5070,2026-08-11
NIFTY,2026-08-11,25750.0,CE,0.5,0.95,0.05,0.05,24471.7,27676,46323235812.75,616330,-26780,2026-08-11
NIFTY,2026-08-11,26350.0,CE,0.4,2.95,0.05,0.1,24471.7,2869,4913932331.75,61815,4875,2026-08-11
NIFTY,2026-08-18,22800.0,CE,0.0,0.0,0.0,1464.3,1698.31,0,0.0,0,0,2026-08-11
NIFTY,2026-08-18,24750.0,CE,85.05,88.45,44.0,47.4,47.4,112985,182176373184.0,2205905,1518660,2026-08-11
NIFTY,2026-08-18,26550.0,CE,0.6,0.75,0.55,0.7,0.7,215,371044963.25,5785,-1625,2026-08-11
NIFTY,2026-08-25,21300.0,CE,3250.0,3250.0,3250.0,3250.0,3221.15,1,1595750.0,3770,-65,2026-08-11
NIFTY,2026-08-25,21650.0,CE,0.0,0.0,0.0,2669.3,2871.98,0,0.0,0,0,2026-08-11
NIFTY,2026-08-25,21700.0,CE,0.0,0.0,0.0,2625.1,2822.1,0,0.0,0,0,2026-08-11
NIFTY,2026-08-25,22500.0,CE,2030.0,2053.15,2010.8,2038.4,2038.4,65,103634540.75,304915,-1950,2026-08-11
NIFTY,2026-08-25,24450.0,CE,310.0,315.85,247.0,255.9,255.9,8998,14451736016.25,176865,91845,2026-08-11
NIFTY,2026-08-25,25850.0,CE,3.95,3.95,2.05,2.5,2.5,718,1206547556.5,15600,13975,2026-08-11
NIFTY,2026-08-25,25900.0,CE,4.0,4.3,2.15,2.35,2.35,5526,9303944360.75,271310,15275,2026-08-11
NIFTY,2026-08-25,26250.0,CE,1.7,1.7,0.95,1.35,1.35,2790,4760701016.5,96655,26520,2026-08-11
NIFTY,2026-08-25,26900.0,CE,0.75,0.75,0.6,0.65,0.65,270,472106882.0,28275,650,2026-08-11
NIFTY,2026-09-01,22000.0,CE,0.0,0.0,0.0,2360.9,2549.07,0,0.0,0,0,2026-08-11
NIFTY,2026-09-01,22200.0,CE,0.0,0.0,0.0,2171.8,2350.64,0,0.0,0,0,2026-08-11
NIFTY,2026-09-01,24450.0,CE,360.3,360.3,315.0,319.75,319.75,279,449314768.5,10335,8840,2026-08-11
NIFTY,2026-09-01,24600.0,CE,290.0,290.7,232.85,240.1,240.1,1611,2601812079.75,72215,20800,2026-08-11
NIFTY,2026-09-01,26250.0,CE,0.0,0.0,0.0,64.85,19.68,0,0.0,0,0,2026-08-11
NIFTY,2026-09-01,26400.0,CE,2.55,2.85,1.95,2.35,2.35,17,29174632.5,715,585,2026-08-11
NIFTY,2026-09-01,26800.0,CE,2.9,2.9,1.55,2.25,5.06,11,19163586.0,1560,520,2026-08-11
NIFTY,2026-09-01,26850.0,CE,1.45,1.45,1.45,1.45,4.43,6,10472065.5,455,390,2026-08-11
NIFTY,2026-09-08,22900.0,CE,0.0,0.0,0.0,1884.1,1706.75,0,0.0,0,0,2026-08-11
NIFTY,2026-09-08,23150.0,CE,0.0,0.0,0.0,1656.9,1478.05,0,0.0,0,0,2026-08-11
NIFTY,2026-09-08,23250.0,CE,0.0,0.0,0.0,1568.45,1389.26,0,0.0,0,0,2026-08-11
NIFTY,2026-09-08,24700.0,CE,306.5,306.5,232.75,245.6,245.6,164,265947938.75,6240,4485,2026-08-11
NIFTY,2026-09-08,25000.0,CE,155.05,155.05,124.05,128.3,128.3,588,960526515.0,23400,13130,2026-08-11
NIFTY,2026-09-08,26400.0,CE,0.0,0.0,0.0,69.15,30.67,0,0.0,0,0,2026-08-11
NIFTY,2026-09-29,19500.0,CE,5151.5,5151.5,5151.5,5151.5,5142.95,1,1602347.5,141960,0,2026-08-11
NIFTY,2026-09-29,21750.0,CE,0.0,0.0,0.0,2542.45,2922.2,0,0.0,0,0,2026-08-11
NIFTY,2026-09-29,21800.0,CE,0.0,0.0,0.0,2929.0,2873.68,0,0.0,65,0,2026-08-11
NIFTY,2026-09-29,22100.0,CE,0.0,0.0,0.0,2242.1,2584.93,0,0.0,0,0,2026-08-11
NIFTY,2026-09-29,24400.0,CE,575.0,576.15,538.0,549.15,549.15,798,1294311258.5,97240,7735,2026-08-11
NIFTY,2026-09-29,24700.0,CE,420.05,426.15,365.65,375.85,375.85,2774,4522427802.75,278070,30160,2026-08-11
NIFTY,2026-09-29,24800.0,CE,370.0,396.1,317.05,322.8,322.8,2290,3741202257.0,280670,-3380,2026-08-11
NIFTY,2026-09-29,24900.0,CE,346.9,346.9,273.0,276.55,276.55,1254,2053038292.5,191360,-17225,2026-08-11
NIFTY,2026-09-29,26400.0,CE,0.0,0.0,0.0,175.4,105.47,0,0.0,0,0,2026-08-11
NIFTY,2026-10-27,22350.0,CE,0.0,0.0,0.0,2124.25,2498.74,0,0.0,0,0,2026-08-11
NIFTY,2026-10-27,22950.0,CE,0.0,0.0,0.0,1654.95,1980.78,0,0.0,0,0,2026-08-11
NIFTY,2026-10-27,23900.0,CE,0.0,0.0,0.0,1154.35,1267.42,0,0.0,65,0,2026-08-11
NIFTY,2026-10-27,24200.0,CE,866.35,872.0,852.0,860.0,1076.65,53,86341804.25,4550,1235,2026-08-11
NIFTY,2026-10-27,24500.0,CE,741.1,741.1,650.65,659.5,659.5,981,1604794795.5,163410,16120,2026-08-11
NIFTY,2026-10-27,25450.0,CE,0.0,0.0,0.0,388.6,480.91,0,0.0,0,0,2026-08-11
NIFTY,2026-10-27,26000.0,CE,115.05,117.25,91.65,93.45,93.45,7594,12881908659.75,509015,152555,2026-08-11
NIFTY,2026-10-27,26600.0,CE,0.0,0.0,0.0,157.4,190.09,0,0.0,0,0,2026-08-11
NIFTY,2026-10-27,26750.0,CE,0.0,0.0,0.0,138.3,166.14,0,0.0,0,0,2026-08-11
NIFTY,2026-12-29,21000.0,CE,4030.0,4046.55,3985.85,3989.45,3989.45,21,34143131.75,195105,65,2026-08-11
NIFTY,2027-03-30,18000.0,CE,0.0,0.0,0.0,5643.55,7208.29,0,0.0,0,0,2026-08-11
NIFTY,2027-06-29,21000.0,CE,0.0,0.0,0.0,3061.8,4794.03,0,0.0,0,0,2026-08-11
NIFTY,2027-06-29,24000.0,CE,2314.75,2314.75,2303.9,2303.9,2552.03,2,3420212.25,1120,130,2026-08-11
NIFTY,2027-06-29,27000.0,CE,0.0,0.0,0.0,695.95,1099.55,0,0.0,195,0,2026-08-11
NIFTY,2027-12-28,22500.0,CE,0.0,0.0,0.0,6183.0,4365.49,0,0.0,0,0,2026-08-11
NIFTY,2027-12-28,25500.0,CE,0.0,0.0,0.0,2400.0,2506.42,0,0.0,0,0,2026-08-11
NIFTY,2027-12-28,28500.0,CE,0.0,0.0,0.0,739.05,1280.37,0,0.0,11700,0,2026-08-11
NIFTY,2030-12-31,21000.0,PE,0.0,0.0,0.0,455.05,329.46,0,0.0,780,0,2026-08-11
NIFTY,2030-06-25,25500.0,PE,0.0,0.0,0.0,568.55,1104.45,0,0.0,0,0,2026-08-11
NIFTY,2030-06-25,21000.0,PE,0.0,0.0,0.0,220.0,329.95,0,0.0,65,0,2026-08-11
NIFTY,2029-12-24,31500.0,PE,0.0,0.0,0.0,2240.25,3410.4,0,0.0,0,0,2026-08-11
NIFTY,2029-12-24,25500.0,PE,0.0,0.0,0.0,597.3,1159.3,0,0.0,0,0,2026-08-11
NIFTY,2029-06-26,24000.0,PE,0.0,0.0,0.0,825.0,825.04,0,0.0,155,0,2026-08-11
NIFTY,2028-12-26,28500.0,PE,0.0,0.0,0.0,1451.15,2440.7,0,0.0,0,0,2026-08-11
NIFTY,2028-12-26,27000.0,PE,1605.0,1605.0,1605.0,1605.0,1795.05,1,1859325.0,13100,0,2026-08-11
NIFTY,2027-03-30,19500.0,PE,55.0,56.05,53.3,54.15,54.15,201,255475060.75,65910,-1040,2026-08-11
NIFTY,2026-12-29,26000.0,PE,1130.0,1188.95,1130.0,1164.75,1164.75,901,1590871873.5,1355355,13560,2026-08-11
NIFTY,2026-12-29,13000.0,PE,9.0,9.2,8.0,9.2,9.2,5,4227840.5,8200,0,2026-08-11
NIFTY,2026-10-27,26150.0,PE,0.0,0.0,0.0,2000.25,1598.7,0,0.0,0,0,2026-08-11
NIFTY,2026-10-27,25900.0,PE,0.0,0.0,0.0,1803.6,1413.38,0,0.0,0,0,2026-08-11
NIFTY,2026-09-01,25850.0,CE,11.15,11.8,7.15,7.45,7.45,182,305901440.0,18850,-195,2026-08-11
NIFTY,2026-09-01,25500.0,CE,27.9,29.55,17.1,19.15,19.15,3797,6298681814.75,114270,102505,2026-08-11
NIFTY,2026-09-01,25200.0,CE,69.15,69.25,48.45,50.2,50.2,6811,11180189676.5,230165,165295,2026-08-11
NIFTY,2026-09-01,23550.0,CE,0.0,0.0,0.0,1035.9,1075.84,0,0.0,0,0,2026-08-11
NIFTY,2026-09-01,23250.0,CE,0.0,0.0,0.0,1259.15,1339.6,0,0.0,0,0,2026-08-11
NIFTY,2026-09-01,23050.0,CE,0.0,0.0,0.0,1418.95,1524.46,0,0.0,0,0,2026-08-11
NIFTY,2026-08-25,26500.0,CE,1.7,1.7,0.85,1.0,1.0,3586,6177111411.25,276640,11310,2026-08-11
NIFTY,2026-08-25,26350.0,CE,1.4,1.65,0.9,1.15,1.15,197,337426878.75,9425,325,2026-08-11
NIFTY,2026-08-25,26000.0,CE,3.95,4.0,1.9,2.2,2.2,23724,40097248509.5,3689790,63440,2026-08-11
NIFTY,2026-08-25,25250.0,CE,32.0,32.0,16.2,17.4,17.4,8171,13421526709.5,220805,134680,2026-08-11
NIFTY,2026-08-25,25200.0,CE,37.0,38.1,19.55,21.3,21.3,56759,93064504854.75,1842815,-262145,2026-08-11
NIFTY,2026-08-25,24700.0,CE,196.6,199.4,124.8,130.75,130.75,46109,74453448374.5,1855490,238940,2026-08-11
NIFTY,2026-08-25,23950.0,CE,684.5,689.85,616.5,628.1,683.46,57,91143045.5,27365,-2275,2026-08-11
NIFTY,2026-08-25,22450.0,CE,0.0,0.0,0.0,2199.25,2074.57,0,0.0,65,0,2026-08-11
NIFTY,2026-08-18,26700.0,CE,0.65,0.8,0.55,0.65,0.65,457,793141843.0,25870,195,2026-08-11
NIFTY,2026-08-18,26650.0,CE,0.8,0.8,0.55,0.65,0.65,157,271969906.0,9620,-1885,2026-08-11
NIFTY,2026-08-18,26450.0,CE,0.8,0.8,0.55,0.65,0.65,905,1555957653.25,38675,-3705,2026-08-11
NIFTY,2026-08-18,26250.0,CE,0.7,0.7,0.55,0.65,0.65,2983,5089864373.75,115050,1365,2026-08-11
NIFTY,2026-08-18,25150.0,CE,15.0,15.0,4.65,5.35,5.35,60347,98680639388.5,1083290,460330,2026-08-11
NIFTY,2026-08-18,25050.0,CE,29.7,29.7,7.75,8.85,8.85,64481,105040970706.75,1073410,565825,2026-08-11
NIFTY,2026-08-18,24550.0,CE,187.15,187.15,113.4,118.8,118.8,120484,193288306055.0,1507155,1042665,2026-08-11
NIFTY,2026-08-18,23400.0,CE,1130.0,1130.0,1089.0,1106.5,1106.5,19,30263197.25,5460,1040,2026-08-11
NIFTY,2026-08-18,23350.0,CE,0.0,0.0,0.0,1301.6,1152.48,0,0.0,325,0,2026-08-11
NIFTY,2026-08-18,23050.0,CE,0.0,0.0,0.0,1255.65,1449.15,0,0.0,0,0,2026-08-11
NIFTY,2026-08-18,22300.0,CE,0.0,0.0,0.0,1912.95,2197.6,0,0.0,0,0,2026-08-11
NIFTY,2026-08-11,26700.0,CE,0.3,0.3,0.05,0.05,24471.7,3028,5255134179.75,84630,-31135,2026-08-11
NIFTY,2026-08-11,25850.0,CE,0.2,0.55,0.05,0.05,24471.7,29125,48937769832.25,517400,-200395,2026-08-11
NIFTY,2026-08-11,25100.0,CE,1.0,1.05,0.05,0.1,24471.7,1168035,1905690220180.5,5855655,-1002495,2026-08-11
NIFTY,2026-08-11,24650.0,CE,49.0,49.0,0.05,0.55,24471.7,6844642,10969071956940.5,9142640,1903720,2026-08-11
NIFTY,2026-08-11,24250.0,CE,305.95,310.65,190.8,214.4,24471.7,163025,259304170859.5,159835,47515,2026-08-11
NIFTY,2026-08-11,24100.0,CE,485.5,485.5,340.85,361.55,24471.7,14310,22763673045.75,163865,-54015,2026-08-11
NIFTY,2026-08-11,23500.0,CE,1021.05,1022.0,942.8,969.75,24471.7,910,1447943120.0,13715,-38480,2026-08-11
NIFTY,2026-08-11,22450.0,CE,0.0,0.0,0.0,2101.0,24471.7,0,0.0,0,0,2026-08-11
NIFTY,2026-08-11,22100.0,CE,0.0,0.0,0.0,2436.9,24471.7,0,0.0,0,0,2026-08-11
NIFTY,2026-08-11,21750.0,CE,0.0,0.0,0.0,2778.9,24471.7,0,0.0,0,0,2026-08-11
NIFTY,2031-06-24,18000.0,PE,0.0,0.0,0.0,173.45,115.49,0,0.0,0,0,2026-08-11
NIFTY,2029-12-24,25000.0,PE,0.0,0.0,0.0,1100.0,1031.91,0,0.0,550,0,2026-08-11
NIFTY,2029-06-26,19500.0,PE,0.0,0.0,0.0,56.0,171.96,0,0.0,0,0,2026-08-11
NIFTY,2026-08-11,22600.0,CE,0.0,0.0,0.0,1959.95,24471.7,0,0.0,0,0,2026-08-11
NIFTY,2026-09-29,23350.0,PE,60.35,66.95,60.2,61.9,61.9,108,164356731.5,19500,1560,2026-08-11
NIFTY,2026-09-29,23250.0,PE,53.95,58.3,51.65,52.7,52.7,63,95432194.0,19110,195,2026-08-11
NIFTY,2026-09-29,22850.0,PE,32.05,38.1,31.65,36.15,36.15,73,108587735.75,14300,-1625,2026-08-11
NIFTY,2026-09-29,22300.0,PE,18.95,20.3,17.9,18.7,18.7,542,786316336.0,121030,21775,2026-08-11
NIFTY,2026-09-29,21800.0,PE,13.45,15.5,13.3,13.85,13.85,134,190003690.5,29055,1560,2026-08-11
NIFTY,2026-09-29,21600.0,PE,13.45,14.9,12.55,12.9,12.9,175,245855736.75,36465,-130,2026-08-11
NIFTY,2026-08-25,26050.0,CE,2.85,2.95,1.55,1.85,1.85,2194,3715287806.75,132990,21450,2026-08-11
NIFTY,2026-08-11,21900.0,CE,0.0,0.0,0.0,2631.8,24471.7,0,0.0,0,0,2026-08-11
NIFTY,2026-08-11,22650.0,CE,0.0,0.0,0.0,1913.4,24471.7,0,0.0,0,0,2026-08-11
NIFTY,2026-08-11,22800.0,CE,1680.0,1680.0,1680.0,1680.0,24471.7,4,6364800.0,3380,-260,2026-08-11
NIFTY,2026-08-11,23600.0,CE,950.0,957.2,848.95,871.45,24471.7,562,894119310.5,8255,-8385,2026-08-11
NIFTY,2026-08-11,23700.0,CE,844.05,844.05,743.4,766.8,24471.7,832,1323517214.5,25090,-14235,2026-08-11
NIFTY,2026-08-11,23950.0,CE,582.0,582.0,493.2,520.4,24471.7,1692,2691920790.0,18850,-9880,2026-08-11
NIFTY,2026-08-11,26200.0,CE,0.45,0.5,0.05,0.05,24471.7,8302,14138429230.25,201240,-50050,2026-08-11
NIFTY,2026-08-11,26500.0,CE,0.35,0.45,0.05,0.05,24471.7,34905,60124384190.0,482365,-205335,2026-08-11
NIFTY,2026-08-11,26850.0,CE,0.35,0.45,0.05,0.1,24471.7,1064,1856959838.5,33085,9035,2026-08-11
NIFTY,2026-08-11,27150.0,CE,0.4,0.7,0.05,0.05,24471.7,8853,15623399649.0,191100,48425,2026-08-11
NIFTY,2026-08-18,22150.0,CE,0.0,0.0,0.0,2053.6,2347.43,0,0.0,0,0,2026-08-11
NIFTY,2026-08-18,23200.0,CE,1310.0,1317.1,1304.8,1315.0,1300.28,4,6373048.5,1820,260,2026-08-11
NIFTY,2026-08-18,23650.0,CE,856.85,876.1,834.55,849.65,864.14,13,20704625.5,1040,260,2026-08-11
NIFTY,2026-08-18,24400.0,CE,285.0,285.0,195.05,202.45,202.45,136024,217582491041.5,1834300,1260155,2026-08-11
NIFTY,2026-08-18,24600.0,CE,165.15,165.15,92.05,97.05,97.05,307477,493829495510.0,4506775,2187445,2026-08-11
NIFTY,2026-08-18,25200.0,CE,12.75,12.75,3.75,4.35,4.35,207051,339225651729.25,3799445,495625,2026-08-11
NIFTY,2026-08-18,25650.0,CE,2.5,2.5,1.25,1.4,1.4,19046,31756438161.5,569660,288340,2026-08-11
NIFTY,2026-08-25,21250.0,CE,0.0,0.0,0.0,3030.3,3271.04,0,0.0,0,0,2026-08-11
NIFTY,2026-08-25,21400.0,CE,0.0,0.0,0.0,2616.3,3121.39,0,0.0,130,0,2026-08-11
NIFTY,2026-08-25,21500.0,CE,3057.05,3057.05,3000.0,3036.65,3036.65,73,116402835.25,350935,-3250,2026-08-11
NIFTY,2026-08-25,22050.0,CE,0.0,0.0,0.0,2323.1,2473.0,0,0.0,0,0,2026-08-11
NIFTY,2026-08-25,22150.0,CE,0.0,0.0,0.0,2147.4,2373.3,0,0.0,130,0,2026-08-11
NIFTY,2026-08-25,22300.0,CE,0.0,0.0,0.0,2020.0,2223.85,0,0.0,1820,0,2026-08-11
NIFTY,2026-08-25,23750.0,CE,885.0,885.0,788.35,805.35,805.35,51,81458084.5,18265,-130,2026-08-11
NIFTY,2026-08-25,23800.0,CE,825.05,825.05,741.65,764.5,764.5,522,833873452.75,510380,1820,2026-08-11
NIFTY,2026-08-25,24200.0,CE,536.6,536.6,412.05,424.1,424.1,4687,7505104119.5,1149525,37050,2026-08-11
NIFTY,2026-08-25,24500.0,CE,305.0,305.0,218.15,225.25,225.25,105730,169993382799.5,6050915,1519700,2026-08-11
NIFTY,2026-08-25,24900.0,CE,112.6,112.6,64.65,67.75,67.75,27269,44268327818.0,987350,39845,2026-08-11
NIFTY,2026-08-25,24950.0,CE,86.25,86.3,53.25,56.25,56.25,9235,15015706676.75,257465,71370,2026-08-11
NIFTY,2026-08-25,25050.0,CE,69.6,69.6,36.6,38.65,38.65,7155,11670552513.75,217360,65650,2026-08-11
NIFTY,2026-08-25,25600.0,CE,10.25,10.25,4.35,4.85,4.85,17517,29154891314.25,645125,9750,2026-08-11
NIFTY,2026-08-25,25950.0,CE,3.2,3.2,1.9,2.15,2.15,631,1064441079.0,114790,8840,2026-08-11
NIFTY,2026-08-25,26100.0,CE,1.85,2.45,1.35,1.55,1.55,7703,13068998273.5,287365,169585,2026-08-11
NIFTY,2026-08-25,26300.0,CE,1.65,1.9,1.0,1.2,1.2,6732,11508942558.75,917475,19565,2026-08-11
NIFTY,2026-08-25,26700.0,CE,0.8,0.8,0.6,0.7,0.7,630,1093394337.75,59475,-585,2026-08-11
NIFTY,2026-08-25,27150.0,CE,1.0,1.2,0.6,0.65,0.21,95,167656898.5,18590,65,2026-08-11
NIFTY,2026-09-01,22050.0,CE,0.0,0.0,0.0,2313.35,2499.41,0,0.0,0,0,2026-08-11
NIFTY,2026-09-01,22350.0,CE,0.0,0.0,0.0,2032.25,2202.31,0,0.0,0,0,2026-08-11
NIFTY,2026-09-01,23600.0,CE,0.0,0.0,0.0,585.55,1033.86,0,0.0,65,0,2026-08-11
NIFTY,2026-09-01,23900.0,CE,721.75,721.75,712.45,712.45,797.79,4,6399926.0,1040,195,2026-08-11
NIFTY,2026-09-01,24700.0,CE,246.45,246.45,185.1,191.75,191.75,1384,2239729781.25,49725,6630,2026-08-11
NIFTY,2026-09-01,24800.0,CE,189.9,195.0,145.75,148.55,148.55,1059,1717819671.75,39650,28925,2026-08-11
NIFTY,2026-09-01,24850.0,CE,156.85,162.25,129.0,131.3,131.3,518,841305832.25,26390,15925,2026-08-11
NIFTY,2026-09-01,26100.0,CE,0.0,0.0,0.0,79.7,27.56,0,0.0,0,0,2026-08-11
NIFTY,2026-09-01,27200.0,CE,2.0,2.0,1.05,1.05,1.67,14,24753430.0,2080,-520,2026-08-11
NIFTY,2026-09-08,22950.0,CE,0.0,0.0,0.0,1838.05,1660.33,0,0.0,0,0,2026-08-11
NIFTY,2026-09-08,23650.0,CE,0.0,0.0,0.0,1232.5,1054.3,0,0.0,0,0,2026-08-11
NIFTY,2026-09-08,23850.0,CE,0.0,0.0,0.0,1077.3,902.51,0,0.0,0,0,2026-08-11
NIFTY,2026-09-08,24100.0,CE,0.0,0.0,0.0,897.3,727.35,0,0.0,0,0,2026-08-11
NIFTY,2026-09-08,25450.0,CE,0.0,0.0,0.0,244.7,149.92,0,0.0,0,0,2026-08-11
NIFTY,2026-09-08,25550.0,CE,0.0,0.0,0.0,217.2,129.34,0,0.0,0,0,2026-08-11
NIFTY,2026-09-08,25600.0,CE,37.0,37.0,25.7,26.9,26.9,579,964523404.0,29510,13000,2026-08-11
NIFTY,2026-09-08,25900.0,CE,0.0,0.0,0.0,139.75,74.44,0,0.0,0,0,2026-08-11
NIFTY,2026-09-08,26100.0,CE,0.0,0.0,0.0,106.55,52.94,0,0.0,0,0,2026-08-11
NIFTY,2026-09-08,26200.0,CE,0.0,0.0,0.0,92.55,44.34,0,0.0,0,0,2026-08-11
NIFTY,2026-09-29,16500.0,CE,0.0,0.0,0.0,10168.85,8116.59,0,0.0,0,0,2026-08-11
NIFTY,2026-09-29,21650.0,CE,0.0,0.0,0.0,2630.65,3019.5,0,0.0,0,0,2026-08-11
NIFTY,2026-09-29,23350.0,CE,0.0,0.0,0.0,1399.0,1468.1,0,0.0,455,0,2026-08-11
NIFTY,2026-09-29,24550.0,CE,513.7,513.7,445.35,457.15,457.15,312,507318519.5,17225,455,2026-08-11
NIFTY,2026-09-29,25500.0,CE,120.05,121.75,90.35,93.5,93.5,16809,27970480876.0,1944670,-64545,2026-08-11
NIFTY,2026-09-29,25750.0,CE,0.0,0.0,0.0,293.5,221.3,0,0.0,0,0,2026-08-11
NIFTY,2026-09-29,25850.0,CE,0.0,0.0,0.0,117.25,197.99,0,0.0,65,0,2026-08-11
NIFTY,2026-09-29,26000.0,CE,45.05,47.65,29.35,32.15,32.15,33625,56900648415.0,2440505,-559625,2026-08-11
NIFTY,2026-09-29,26600.0,CE,14.0,14.0,7.45,9.95,9.95,321,555240481.25,41860,6045,2026-08-11
NIFTY,2026-09-29,27150.0,CE,0.0,0.0,0.0,91.35,39.76,0,0.0,0,0,2026-08-11
NIFTY,2026-10-27,22500.0,CE,2266.6,2266.6,2266.0,2266.15,2266.15,4,6439199.0,260,260,2026-08-11
NIFTY,2026-10-27,23750.0,CE,0.0,0.0,0.0,1121.75,1369.44,0,0.0,0,0,2026-08-11
NIFTY,2026-10-27,23800.0,CE,0.0,0.0,0.0,1092.35,1334.96,0,0.0,0,0,2026-08-11
NIFTY,2026-10-27,23850.0,CE,0.0,0.0,0.0,1063.45,1300.95,0,0.0,0,0,2026-08-11
NIFTY,2026-10-27,24650.0,CE,0.0,0.0,0.0,673.15,825.06,0,0.0,2600,0,2026-08-11
NIFTY,2026-10-27,25250.0,CE,0.0,0.0,0.0,447.85,554.87,0,0.0,0,0,2026-08-11
NIFTY,2026-10-27,25950.0,CE,0.0,0.0,0.0,267.4,328.27,0,0.0,0,0,2026-08-11
NIFTY,2026-10-27,26500.0,CE,50.15,50.2,39.2,40.55,40.55,1190,2053080315.0,51805,25610,2026-08-11
NIFTY,2026-12-29,20000.0,CE,5004.05,5026.2,4917.1,4925.85,4925.85,217,351759151.25,577160,-7930,2026-08-11
NIFTY,2030-12-31,19500.0,PE,0.0,0.0,0.0,67.4,199.39,0,0.0,0,0,2026-08-11
NIFTY,2030-12-31,16500.0,PE,0.0,0.0,0.0,13.65,56.39,0,0.0,0,0,2026-08-11
NIFTY,2029-12-24,30000.0,PE,0.0,0.0,0.0,1953.5,2726.36,0,0.0,0,0,2026-08-11
NIFTY,2029-12-24,21000.0,PE,0.0,0.0,0.0,350.05,325.68,0,0.0,715,0,2026-08-11
NIFTY,2029-12-24,16500.0,PE,0.0,0.0,0.0,10.15,43.96,0,0.0,0,0,2026-08-11
NIFTY,2027-12-28,24000.0,PE,631.0,635.0,615.0,620.0,620.0,61,97646354.0,127775,1690,2026-08-11
NIFTY,2027-03-30,22500.0,PE,179.5,179.95,170.55,174.55,174.55,1103,1625785973.5,364910,7995,2026-08-11
NIFTY,2026-12-29,20000.0,PE,38.0,39.0,34.3,35.5,35.5,3183,4145427981.5,1147985,-5760,2026-08-11
NIFTY,2027-03-30,16500.0,CE,0.0,0.0,0.0,6995.9,8644.03,0,0.0,0,0,2026-08-11
NIFTY,2027-03-30,28500.0,CE,109.3,110.9,103.6,105.35,105.35,242,449981668.5,85800,520,2026-08-11
NIFTY,2028-06-27,22500.0,CE,0.0,0.0,0.0,6796.05,5077.91,0,0.0,0,0,2026-08-11
NIFTY,2028-06-27,28500.0,CE,0.0,0.0,0.0,2990.0,1908.63,0,0.0,0,0,2026-08-11
NIFTY,2028-12-26,27000.0,CE,0.0,0.0,0.0,2700.0,3172.2,0,0.0,845,0,2026-08-11
NIFTY,2029-06-26,22500.0,CE,0.0,0.0,0.0,7946.5,6374.96,0,0.0,0,0,2026-08-11
NIFTY,2030-06-25,28500.0,CE,0.0,0.0,0.0,5382.85,4354.47,0,0.0,0,0,2026-08-11
NIFTY,2030-06-25,30000.0,CE,0.0,0.0,0.0,5580.35,3740.46,0,0.0,0,0,2026-08-11
NIFTY,2031-06-24,22500.0,CE,0.0,0.0,0.0,8012.75,8629.91,0,0.0,0,0,2026-08-11
NIFTY,2026-08-11,21850.0,PE,0.2,0.45,0.05,0.05,24471.7,624,886241313.75,32825,-4615,2026-08-11
NIFTY,2026-08-11,21950.0,PE,0.55,0.6,0.05,0.05,24471.7,949,1353997349.25,46865,6760,2026-08-11
NIFTY,2026-08-11,22000.0,PE,0.2,0.3,0.05,0.05,24471.7,20937,29940122082.0,384280,-278395,2026-08-11
NIFTY,2026-08-11,22500.0,PE,0.25,0.4,0.05,0.05,24471.7,28316,41412479062.5,548860,-459615,2026-08-11
NIFTY,2026-08-11,23150.0,PE,0.55,0.55,0.05,0.1,24471.7,7475,11248114952.75,87880,-58305,2026-08-11
NIFTY,2026-08-11,23700.0,PE,0.55,0.75,0.05,0.05,24471.7,377068,580880067885.0,3796910,129545,2026-08-11
NIFTY,2026-08-11,23850.0,PE,0.55,1.0,0.05,0.1,24471.7,351612,545093356700.75,1078935,-574795,2026-08-11
NIFTY,2026-08-11,25100.0,PE,546.45,657.9,542.55,633.2,24471.7,1329,2221974209.0,62140,11180,2026-08-11
NIFTY,2026-08-18,22900.0,PE,2.8,2.95,1.85,2.0,2.0,10140,15094876449.25,257725,110630,2026-08-11
NIFTY,2026-08-18,24150.0,PE,23.7,44.9,23.7,33.15,33.15,58680,92255739579.25,555555,194740,2026-08-11
NIFTY,2026-08-18,25000.0,PE,430.0,532.0,430.0,502.55,502.55,7105,11776434465.25,487175,117195,2026-08-11
NIFTY,2026-08-18,25050.0,PE,530.0,571.85,530.0,546.7,546.7,336,558999158.25,17095,13195,2026-08-11
NIFTY,2026-08-18,25250.0,PE,0.0,0.0,0.0,562.95,774.41,0,0.0,65,0,2026-08-11
NIFTY,2026-08-18,25700.0,PE,1140.0,1194.2,1140.0,1194.2,1202.4,7,12226253.0,1040,260,2026-08-11
NIFTY,2026-08-18,26000.0,PE,1431.95,1510.0,1431.95,1490.3,1490.3,1005,1795550721.25,137605,63635,2026-08-11
NIFTY,2026-08-18,26450.0,PE,0.0,0.0,0.0,2270.2,1947.64,0,0.0,0,0,2026-08-11
NIFTY,2026-08-25,22400.0,PE,5.15,5.15,3.4,4.05,4.05,1204,1753355652.75,97890,2340,2026-08-11
NIFTY,2026-08-25,23450.0,PE,13.7,15.4,11.75,12.7,12.7,6721,10250712930.25,134420,-134225,2026-08-11
NIFTY,2026-08-25,23500.0,PE,15.05,17.7,13.35,14.25,14.25,36147,55251411965.75,2939365,147745,2026-08-11
NIFTY,2026-08-25,24000.0,PE,49.0,61.9,43.95,52.05,52.05,67481,105515135469.25,8782605,-103675,2026-08-11
NIFTY,2026-12-29,18000.0,PE,21.3,23.85,20.75,21.2,21.2,616,721604695.5,469500,390,2026-08-11
NIFTY,2026-12-29,16500.0,PE,15.05,15.05,15.05,15.05,0.01,12,12881739.0,4160,780,2026-08-11
NIFTY,2026-12-29,14000.0,PE,9.0,9.0,9.0,9.0,0.0,4,3642340.0,8310,0,2026-08-11
NIFTY,2026-10-27,26750.0,PE,0.0,0.0,0.0,2501.2,2076.25,0,0.0,0,0,2026-08-11
NIFTY,2026-10-27,26500.0,PE,1690.0,1690.0,1685.0,1685.0,1871.12,2,3664375.0,1105,65,2026-08-11
NIFTY,2026-10-27,25650.0,PE,0.0,0.0,0.0,944.65,1239.75,0,0.0,130,0,2026-08-11
NIFTY,2026-10-27,25450.0,PE,0.0,0.0,0.0,848.5,1108.9,0,0.0,130,0,2026-08-11
NIFTY,2026-08-25,24200.0,PE,84.0,105.0,81.05,89.8,89.8,33755,53304252001.0,2592655,19955,2026-08-11
NIFTY,2026-08-25,24900.0,PE,389.85,459.65,386.9,427.9,427.9,2494,4107015350.75,220155,-43550,2026-08-11
NIFTY,2026-08-25,26100.0,PE,0.0,0.0,0.0,1430.0,1576.59,0,0.0,26780,0,2026-08-11
NIFTY,2026-08-25,26550.0,PE,0.0,0.0,0.0,2413.1,2018.69,0,0.0,0,0,2026-08-11
NIFTY,2026-08-25,26600.0,PE,0.0,0.0,0.0,2455.55,2068.24,0,0.0,0,0,2026-08-11
NIFTY,2026-09-01,22500.0,PE,8.75,8.9,6.35,8.0,8.0,1070,1565424740.75,59605,38545,2026-08-11
NIFTY,2026-09-01,22850.0,PE,10.65,11.2,9.9,10.05,10.05,17,25260693.25,2080,780,2026-08-11
NIFTY,2026-09-01,23700.0,PE,43.1,45.8,37.35,39.05,39.05,428,660489628.5,24180,4485,2026-08-11
NIFTY,2026-09-01,23750.0,PE,0.0,0.0,0.0,53.85,107.62,0,0.0,260,0,2026-08-11
NIFTY,2026-09-01,24100.0,PE,95.95,110.15,92.2,97.6,97.6,795,1250608745.75,27105,11700,2026-08-11
NIFTY,2026-09-01,24800.0,PE,368.0,402.0,368.0,372.9,372.9,44,72021306.5,8905,-1040,2026-08-11
NIFTY,2026-09-01,24900.0,PE,421.0,479.95,421.0,437.35,437.35,157,258745204.25,3835,130,2026-08-11
NIFTY,2026-09-01,25150.0,PE,0.0,0.0,0.0,1040.9,757.26,0,0.0,0,0,2026-08-11
NIFTY,2026-09-01,25600.0,PE,0.0,0.0,0.0,1385.45,1115.46,0,0.0,0,0,2026-08-11
NIFTY,2026-09-01,26800.0,PE,0.0,0.0,0.0,2454.6,2240.08,0,0.0,0,0,2026-08-11
NIFTY,2026-09-08,24150.0,PE,0.0,0.0,0.0,258.15,261.24,0,0.0,0,0,2026-08-11
NIFTY,2026-09-08,24650.0,PE,0.0,0.0,0.0,305.0,482.05,0,0.0,0,0,2026-08-11
NIFTY,2026-09-08,25250.0,PE,0.0,0.0,0.0,795.8,859.81,0,0.0,0,0,2026-08-11
NIFTY,2026-09-08,25300.0,PE,0.0,0.0,0.0,828.8,896.33,0,0.0,0,0,2026-08-11
NIFTY,2026-09-08,25900.0,PE,0.0,0.0,0.0,1274.25,1382.61,0,0.0,0,0,2026-08-11
NIFTY,2026-09-08,26300.0,PE,0.0,0.0,0.0,1612.35,1743.28,0,0.0,0,0,2026-08-11
NIFTY,2026-10-27,24750.0,PE,470.0,470.0,470.0,470.0,712.42,2,3278600.0,585,65,2026-08-11
NIFTY,2026-10-27,24550.0,PE,386.05,386.05,386.05,386.05,617.7,1,1620843.25,2340,65,2026-08-11
NIFTY,2026-10-27,24000.0,PE,194.8,221.95,194.8,208.5,208.5,1749,2752679397.0,255320,15730,2026-08-11
NIFTY,2026-10-27,23950.0,PE,0.0,0.0,0.0,612.05,383.03,0,0.0,0,0,2026-08-11
NIFTY,2026-10-27,23350.0,PE,0.0,0.0,0.0,387.65,218.97,0,0.0,0,0,2026-08-11
NIFTY,2026-10-27,23300.0,PE,89.95,101.15,89.95,94.05,94.05,210,319375806.75,38155,3315,2026-08-11
NIFTY,2026-10-27,23050.0,PE,0.0,0.0,0.0,301.35,159.89,0,0.0,0,0,2026-08-11
NIFTY,2026-09-29,28500.0,PE,3710.0,3775.75,3710.0,3765.0,3765.0,39,81752979.75,418730,1365,2026-08-11
NIFTY,2026-09-29,26900.0,PE,0.0,0.0,0.0,2127.9,2247.95,0,0.0,65,0,2026-08-11
NIFTY,2026-09-29,26850.0,PE,0.0,0.0,0.0,2691.9,2202.22,0,0.0,0,0,2026-08-11
NIFTY,2026-09-29,26750.0,PE,0.0,0.0,0.0,2604.3,2111.43,0,0.0,0,0,2026-08-11
NIFTY,2026-09-29,25600.0,PE,1019.0,1019.0,970.0,970.0,1160.7,5,8643033.75,390,130,2026-08-11
NIFTY,2026-09-29,25000.0,PE,514.95,579.45,514.95,554.2,554.2,5226,8682737209.25,1166470,-12480,2026-08-11
NIFTY,2026-09-29,23900.0,PE,122.7,146.75,122.7,135.35,135.35,934,1459481630.75,186810,-3445,2026-08-11
NIFTY,2029-12-24,27000.0,CE,0.0,0.0,0.0,6201.65,4434.97,0,0.0,0,0,2026-08-11
NIFTY,2026-08-11,21700.0,CE,0.0,0.0,0.0,2828.05,24471.7,0,0.0,0,0,2026-08-11
NIFTY,2026-08-11,23850.0,CE,665.15,667.95,592.55,613.15,24471.7,707,1124543098.25,15730,780,2026-08-11
NIFTY,2026-08-11,24350.0,CE,230.0,232.05,90.8,115.55,24471.7,1424861,2266868616090.0,785525,510120,2026-08-11
NIFTY,2026-08-11,24600.0,CE,72.9,72.9,0.05,0.95,24471.7,12362212,19774898210089.75,12437295,-2210845,2026-08-11
NIFTY,2026-08-11,24700.0,CE,24.85,24.9,0.05,0.3,24471.7,6140757,9860439444901.5,10428795,-494260,2026-08-11
NIFTY,2026-08-11,25000.0,CE,2.5,2.5,0.05,0.15,24471.7,2308299,3751080815069.26,9793225,-3099330,2026-08-11
NIFTY,2026-08-11,26450.0,CE,0.4,0.65,0.05,0.1,24471.7,1978,3400699045.25,71435,29185,2026-08-11
NIFTY,2026-08-18,23300.0,CE,1240.0,1241.55,1200.0,1205.8,1205.8,14,22311165.5,2600,585,2026-08-11
NIFTY,2026-08-18,24950.0,CE,35.05,36.9,13.75,15.6,15.6,78937,128119277991.25,1266395,874445,2026-08-11
NIFTY,2026-08-18,25800.0,CE,1.45,1.5,0.9,1.1,1.1,102746,172312556653.25,2588170,1541735,2026-08-11
NIFTY,2026-08-18,25850.0,CE,1.2,1.25,0.9,1.0,1.0,7898,13271162970.0,202930,88985,2026-08-11
NIFTY,2026-08-18,26400.0,CE,0.8,0.85,0.5,0.75,0.75,809,1388282031.5,67340,19435,2026-08-11
NIFTY,2026-08-18,26500.0,CE,0.8,0.8,0.6,0.7,0.7,1840,3169481532.75,127790,22230,2026-08-11
NIFTY,2026-08-18,26800.0,CE,0.65,0.65,0.55,0.65,0.65,643,1120130810.5,59540,0,2026-08-11
NIFTY,2026-08-18,26950.0,CE,0.5,0.55,0.5,0.55,0.55,12,21021409.5,390,0,2026-08-11
NIFTY,2026-08-25,21450.0,CE,0.0,0.0,0.0,2848.15,3071.5,0,0.0,0,0,2026-08-11
NIFTY,2026-08-25,21550.0,CE,0.0,0.0,0.0,2758.3,2971.74,0,0.0,0,0,2026-08-11
NIFTY,2026-08-25,22650.0,CE,0.0,0.0,0.0,1653.9,1876.08,0,0.0,780,0,2026-08-11
NIFTY,2026-08-25,23300.0,CE,1256.15,1256.15,1221.7,1221.7,1244.76,7,11167484.25,28340,-65,2026-08-11
NIFTY,2031-06-24,16500.0,PE,0.0,0.0,0.0,95.65,60.44,0,0.0,0,0,2026-08-11
NIFTY,2030-12-31,18000.0,PE,0.0,0.0,0.0,32.3,111.41,0,0.0,0,0,2026-08-11
NIFTY,2030-06-25,30000.0,PE,0.0,0.0,0.0,2100.85,2527.42,0,0.0,0,0,2026-08-11
NIFTY,2026-08-25,24150.0,CE,523.15,523.15,448.8,465.65,465.65,255,407966354.25,49920,-585,2026-08-11
NIFTY,2026-08-25,24350.0,CE,416.6,419.4,307.95,317.5,317.5,1663,2667347829.25,122655,2860,2026-08-11
NIFTY,2026-08-25,25650.0,CE,7.55,7.7,3.05,4.1,4.1,2745,4577473504.5,104845,15210,2026-08-11
NIFTY,2026-08-25,25700.0,CE,6.55,6.55,3.0,3.4,3.4,10298,17205571067.75,479115,-13650,2026-08-11
NIFTY,2026-08-25,26850.0,CE,0.7,0.75,0.7,0.75,0.75,111,193727823.25,9295,4290,2026-08-11
NIFTY,2026-08-25,26950.0,CE,0.6,0.6,0.6,0.6,0.6,5,8758945.0,3835,0,2026-08-11
NIFTY,2026-09-01,23700.0,CE,0.0,0.0,0.0,590.0,951.9,0,0.0,0,0,2026-08-11
NIFTY,2026-09-01,24050.0,CE,0.0,0.0,0.0,715.35,689.07,0,0.0,0,0,2026-08-11
NIFTY,2026-09-01,24200.0,CE,511.6,518.4,472.95,484.85,484.85,183,293766463.25,4420,585,2026-08-11
NIFTY,2026-09-01,24300.0,CE,451.15,451.15,400.45,410.45,410.45,159,255449805.0,11050,1885,2026-08-11
NIFTY,2026-09-01,25750.0,CE,0.0,0.0,0.0,125.8,57.14,0,0.0,0,0,2026-08-11
NIFTY,2030-06-25,27000.0,PE,0.0,0.0,0.0,1286.05,1503.24,0,0.0,0,0,2026-08-11
NIFTY,2030-06-25,22500.0,PE,0.0,0.0,0.0,223.75,521.74,0,0.0,0,0,2026-08-11
NIFTY,2030-06-25,18000.0,PE,0.0,0.0,0.0,116.65,104.83,0,0.0,0,0,2026-08-11
NIFTY,2029-12-24,15000.0,PE,0.0,0.0,0.0,29.0,17.32,0,0.0,65,0,2026-08-11
NIFTY,2027-12-28,27000.0,PE,1622.55,1652.0,1622.55,1646.0,1646.0,29,53986250.5,46230,390,2026-08-11
NIFTY,2027-12-28,16500.0,PE,0.0,0.0,0.0,52.05,7.85,0,0.0,130,0,2026-08-11
NIFTY,2027-03-30,27000.0,PE,1725.1,1781.6,1707.7,1768.85,1768.85,367,686035051.0,48360,16380,2026-08-11
NIFTY,2026-12-29,31500.0,PE,0.0,0.0,0.0,4059.3,6257.82,0,0.0,0,0,2026-08-11
NIFTY,2026-12-29,28000.0,PE,2765.2,2859.1,2765.2,2823.75,2823.75,54,108187907.75,855660,715,2026-08-11
NIFTY,2026-12-29,21000.0,PE,48.0,49.9,46.8,47.6,47.6,1666,2279264549.25,1062080,1170,2026-08-11
NIFTY,2026-10-27,27000.0,PE,2137.75,2185.75,2130.0,2147.55,2147.55,31,58746246.0,11180,1495,2026-08-11
NIFTY,2026-10-27,26300.0,PE,0.0,0.0,0.0,2121.9,1712.8,0,0.0,0,0,2026-08-11
NIFTY,2026-10-27,25300.0,PE,0.0,0.0,0.0,683.2,1015.72,0,0.0,390,0,2026-08-11
NIFTY,2026-10-27,24250.0,PE,276.45,282.25,268.3,275.8,275.8,190,302902223.0,12935,8775,2026-08-11
NIFTY,2026-10-27,24050.0,PE,0.0,0.0,0.0,656.15,417.05,0,0.0,0,0,2026-08-11
NIFTY,2026-10-27,23900.0,PE,189.35,196.5,184.0,184.25,184.25,90,140923516.5,31915,3250,2026-08-11
NIFTY,2026-10-27,23250.0,PE,0.0,0.0,0.0,356.75,197.71,0,0.0,0,0,2026-08-11
NIFTY,2026-10-27,22450.0,PE,0.0,0.0,0.0,43.05,78.92,0,0.0,845,0,2026-08-11
NIFTY,2026-10-27,22350.0,PE,0.0,0.0,0.0,40.5,69.41,0,0.0,910,0,2026-08-11
NIFTY,2026-09-29,26600.0,PE,0.0,0.0,0.0,2474.55,1977.11,0,0.0,0,0,2026-08-11
NIFTY,2026-09-29,26250.0,PE,0.0,0.0,0.0,2180.0,1673.92,0,0.0,0,0,2026-08-11
NIFTY,2026-09-29,26100.0,PE,0.0,0.0,0.0,1296.0,1549.14,0,0.0,65,0,2026-08-11
NIFTY,2026-09-29,25500.0,PE,852.0,929.1,852.0,902.25,902.25,723,1240934912.75,607880,12545,2026-08-11
NIFTY,2026-09-29,25100.0,PE,610.0,640.0,609.95,613.85,613.85,106,177216659.75,24245,-325,2026-08-11
NIFTY,2026-09-29,23800.0,PE,113.0,126.85,112.75,115.95,115.95,2946,4580735341.0,459680,47450,2026-08-11
NIFTY,2026-09-29,23100.0,PE,44.95,48.15,41.55,43.35,43.35,731,1099788579.5,95940,-8190,2026-08-11
NIFTY,2026-09-29,22700.0,PE,27.5,30.1,26.45,26.85,26.85,276,407742585.25,49920,715,2026-08-11
NIFTY,2026-09-29,22000.0,PE,16.0,17.8,15.7,15.95,15.95,3253,4655346910.5,730730,4550,2026-08-11
NIFTY,2026-09-08,26000.0,PE,0.0,0.0,0.0,1356.15,1470.63,0,0.0,0,0,2026-08-11
NIFTY,2026-09-08,25850.0,PE,0.0,0.0,0.0,1234.05,1339.23,0,0.0,0,0,2026-08-11
NIFTY,2026-09-08,25550.0,PE,0.0,0.0,0.0,1003.8,1089.14,0,0.0,0,0,2026-08-11
NIFTY,2026-09-08,24850.0,PE,0.0,0.0,0.0,557.75,594.84,0,0.0,0,0,2026-08-11
NIFTY,2026-09-08,24200.0,PE,140.0,163.95,140.0,145.9,145.9,299,473323591.0,14235,12155,2026-08-11
NIFTY,2026-09-08,24100.0,PE,110.0,137.65,110.0,120.75,120.75,97,152768635.5,4875,3185,2026-08-11
NIFTY,2026-09-08,23750.0,PE,0.0,0.0,0.0,150.75,144.72,0,0.0,0,0,2026-08-11
NIFTY,2026-09-08,23000.0,PE,18.25,23.55,15.85,16.4,16.4,224,335148589.75,20085,6565,2026-08-11
NIFTY,2026-09-01,26300.0,CE,0.0,0.0,0.0,60.45,17.54,0,0.0,0,0,2026-08-11
NIFTY,2026-09-01,26750.0,CE,2.9,2.9,1.3,2.0,2.0,91,158239857.75,1495,585,2026-08-11
NIFTY,2026-09-08,23400.0,CE,0.0,0.0,0.0,1438.9,1259.56,0,0.0,0,0,2026-08-11
NIFTY,2026-09-08,25750.0,CE,0.0,0.0,0.0,169.75,94.97,0,0.0,0,0,2026-08-11
NIFTY,2026-09-08,26050.0,CE,16.0,16.0,8.0,10.2,10.2,378,640313332.75,19825,4615,2026-08-11
NIFTY,2026-09-08,22800.0,PE,0.0,0.0,0.0,29.65,23.01,0,0.0,0,0,2026-08-11
NIFTY,2026-09-01,26050.0,PE,0.0,0.0,0.0,1766.25,1518.37,0,0.0,0,0,2026-08-11
NIFTY,2026-09-01,24600.0,PE,240.0,296.85,240.0,264.85,264.85,1370,2215142699.25,45045,1820,2026-08-11
NIFTY,2026-09-01,23650.0,PE,0.0,0.0,0.0,264.15,88.52,0,0.0,0,0,2026-08-11
NIFTY,2026-09-01,23150.0,PE,15.15,15.15,15.15,15.15,29.01,1,1505734.75,65,65,2026-08-11
NIFTY,2026-09-01,22900.0,PE,13.05,13.05,9.9,10.5,10.5,15,22338286.75,7540,65,2026-08-11
NIFTY,2026-09-01,22300.0,PE,6.65,6.65,6.65,6.65,6.65,3,4349796.75,455,195,2026-08-11
NIFTY,2026-08-25,26800.0,PE,0.0,0.0,0.0,2250.0,2266.9,0,0.0,130,0,2026-08-11
NIFTY,2026-08-25,26300.0,PE,1776.25,1776.35,1749.2,1754.1,1754.1,11,20062133.0,475020,-390,2026-08-11
NIFTY,2026-08-25,25900.0,PE,0.0,0.0,0.0,1247.4,1384.19,0,0.0,4550,0,2026-08-11
NIFTY,2026-08-25,25650.0,PE,0.0,0.0,0.0,1625.0,1150.38,0,0.0,195,0,2026-08-11
NIFTY,2026-08-25,24650.0,PE,231.2,290.95,231.2,263.55,263.55,14909,24155100515.0,297050,-362505,2026-08-11
NIFTY,2026-08-25,24100.0,PE,59.85,81.35,59.85,68.75,68.75,18387,28890035729.75,2346435,43420,2026-08-11
NIFTY,2026-08-25,23950.0,PE,43.35,54.0,41.15,44.45,44.45,3009,4693540777.25,186355,43485,2026-08-11
NIFTY,2026-08-25,23900.0,PE,36.45,47.15,35.95,39.4,39.4,19989,31107600569.5,837980,-85670,2026-08-11
NIFTY,2026-08-25,23300.0,PE,10.65,11.75,8.55,9.4,9.4,9593,14535031361.5,563095,20215,2026-08-11
NIFTY,2026-08-25,21250.0,PE,3.6,3.6,2.45,3.0,0.0,16,22103253.25,7800,65,2026-08-11
NIFTY,2026-08-18,25550.0,PE,0.0,0.0,0.0,1452.05,1056.34,0,0.0,0,0,2026-08-11
NIFTY,2026-08-18,24250.0,PE,50.0,66.95,46.0,51.15,51.15,102723,162295974467.25,1389245,760045,2026-08-11
NIFTY,2026-08-18,24050.0,PE,21.8,29.75,19.05,21.15,21.15,49243,77055767412.0,667095,280930,2026-08-11
NIFTY,2026-08-18,23300.0,PE,3.7,4.35,2.6,2.85,2.85,49047,74292239862.75,1829945,148850,2026-08-11
NIFTY,2026-08-11,27150.0,PE,0.0,0.0,0.0,2608.05,24471.7,0,0.0,0,0,2026-08-11
NIFTY,2026-08-11,26950.0,PE,0.0,0.0,0.0,2415.2,24471.7,0,0.0,0,0,2026-08-11
NIFTY,2026-08-11,26350.0,PE,0.0,0.0,0.0,1852.25,24471.7,0,0.0,0,0,2026-08-11
NIFTY,2026-08-11,25700.0,PE,1252.35,1252.35,1238.2,1242.2,24471.7,14,24515933.0,1235,65,2026-08-11
NIFTY,2026-08-11,24400.0,PE,9.7,34.75,0.05,1.8,24471.7,18659281,29612501366324.5,14092585,6215625,2026-08-11
NIFTY,2026-08-11,23650.0,PE,0.4,0.65,0.05,0.05,24471.7,177268,272508128714.25,1655680,398255,2026-08-11
NIFTY,2026-08-11,23600.0,PE,0.55,0.65,0.05,0.05,24471.7,259579,398199378460.0,2166320,-1804075,2026-08-11
NIFTY,2026-08-11,23450.0,PE,0.55,0.6,0.05,0.1,24471.7,60321,91945199755.5,349375,33085,2026-08-11
NIFTY,2030-12-31,33000.0,CE,0.0,0.0,0.0,3948.25,3269.87,0,0.0,0,0,2026-08-11
NIFTY,2026-09-29,21900.0,CE,0.0,0.0,0.0,2350.0,2776.95,0,0.0,130,0,2026-08-11
NIFTY,2026-09-29,22500.0,CE,2261.0,2261.0,2157.0,2179.0,2179.0,570,914896853.0,243295,22945,2026-08-11
NIFTY,2026-09-29,22950.0,CE,0.0,0.0,0.0,1377.2,1803.93,0,0.0,390,0,2026-08-11
NIFTY,2026-09-29,23950.0,CE,865.0,865.0,865.0,865.0,1022.29,3,4838925.0,3120,195,2026-08-11
NIFTY,2026-09-29,24200.0,CE,713.05,715.0,669.0,678.9,678.9,189,305718143.25,83980,2600,2026-08-11
NIFTY,2026-09-29,25350.0,CE,0.0,0.0,0.0,393.25,329.74,0,0.0,0,0,2026-08-11
NIFTY,2026-09-29,26250.0,CE,0.0,0.0,0.0,198.4,126.13,0,0.0,0,0,2026-08-11
NIFTY,2026-09-29,26350.0,CE,0.0,0.0,0.0,182.8,112.01,0,0.0,0,0,2026-08-11
NIFTY,2026-09-29,26550.0,CE,0.0,0.0,0.0,154.75,87.71,0,0.0,0,0,2026-08-11
NIFTY,2026-09-29,27200.0,CE,7.0,7.0,5.55,5.75,37.08,88,155619938.5,7540,4550,2026-08-11
NIFTY,2026-09-29,34500.0,CE,0.0,0.0,0.0,0.5,0.0,0,0.0,9815,0,2026-08-11
NIFTY,2026-10-27,22300.0,CE,0.0,0.0,0.0,2165.6,2543.66,0,0.0,0,0,2026-08-11
NIFTY,2026-10-27,22400.0,CE,0.0,0.0,0.0,2083.15,2454.06,0,0.0,0,0,2026-08-11
NIFTY,2026-10-27,22600.0,CE,0.0,0.0,0.0,1922.3,2277.89,0,0.0,0,0,2026-08-11
NIFTY,2026-10-27,22700.0,CE,0.0,0.0,0.0,1844.0,2191.46,0,0.0,0,0,2026-08-11
NIFTY,2026-10-27,22850.0,CE,0.0,0.0,0.0,1729.4,2064.08,0,0.0,0,0,2026-08-11
NIFTY,2026-10-27,24000.0,CE,1116.4,1116.4,990.05,1006.45,1006.45,276,448599749.0,70135,4615,2026-08-11
NIFTY,2026-10-27,24400.0,CE,735.65,743.45,722.5,728.5,728.5,34,55538941.25,5525,1040,2026-08-11
NIFTY,2026-10-27,24450.0,CE,0.0,0.0,0.0,804.6,931.67,0,0.0,65,0,2026-08-11
NIFTY,2026-10-27,24900.0,CE,450.0,451.65,437.0,438.0,438.0,79,130134069.0,15080,1105,2026-08-11
NIFTY,2026-10-27,25550.0,CE,0.0,0.0,0.0,361.35,446.79,0,0.0,0,0,2026-08-11
NIFTY,2026-10-27,25700.0,CE,171.95,172.45,129.95,145.55,145.55,371,623428526.5,40885,9100,2026-08-11
NIFTY,2026-10-27,25900.0,CE,0.0,0.0,0.0,277.95,341.58,0,0.0,0,0,2026-08-11
NIFTY,2026-10-27,27050.0,CE,0.0,0.0,0.0,106.0,125.74,0,0.0,0,0,2026-08-11
NIFTY,2026-10-27,27150.0,CE,0.0,0.0,0.0,96.75,114.26,0,0.0,0,0,2026-08-11
NIFTY,2026-12-29,24000.0,CE,1432.85,1432.85,1351.25,1365.1,1365.1,1121,1849099746.0,1091710,455,2026-08-11
NIFTY,2026-12-29,30000.0,CE,17.85,17.85,13.85,14.4,14.4,1411,2752817785.25,767790,-33400,2026-08-11
NIFTY,2027-06-29,18000.0,CE,0.0,0.0,0.0,4066.45,7495.64,0,0.0,0,0,2026-08-11
NIFTY,2028-06-27,21000.0,CE,0.0,0.0,0.0,5226.55,6174.74,0,0.0,0,0,2026-08-11
NIFTY,2028-12-26,19500.0,CE,0.0,0.0,0.0,9716.4,7944.49,0,0.0,0,0,2026-08-11
NIFTY,2028-12-26,33000.0,CE,0.0,0.0,0.0,2477.5,1210.96,0,0.0,0,0,2026-08-11
NIFTY,2029-06-26,24000.0,CE,0.0,0.0,0.0,8085.35,5429.87,0,0.0,0,0,2026-08-11
NIFTY,2029-12-24,23000.0,PE,0.0,0.0,0.0,725.0,611.86,0,0.0,1560,0,2026-08-11
NIFTY,2029-12-24,18000.0,PE,0.0,0.0,0.0,96.5,95.9,0,0.0,0,0,2026-08-11
NIFTY,2028-12-26,16500.0,PE,0.0,0.0,0.0,5.9,26.72,0,0.0,0,0,2026-08-11
NIFTY,2028-06-27,30000.0,PE,0.0,0.0,0.0,3779.25,3472.48,0,0.0,0,0,2026-08-11
NIFTY,2028-06-27,19500.0,PE,0.0,0.0,0.0,40.05,124.78,0,0.0,0,0,2026-08-11
NIFTY,2027-12-28,33000.0,PE,0.0,0.0,0.0,4155.55,6053.52,0,0.0,0,0,2026-08-11
NIFTY,2027-12-28,31500.0,PE,0.0,0.0,0.0,3240.0,4886.53,0,0.0,0,0,2026-08-11
NIFTY,2027-12-28,28500.0,PE,0.0,0.0,0.0,2979.7,2836.96,0,0.0,260,0,2026-08-11
NIFTY,2026-12-29,33000.0,PE,0.0,0.0,0.0,5263.45,7710.54,0,0.0,0,0,2026-08-11
NIFTY,2026-12-29,24000.0,PE,305.3,318.95,301.0,305.2,305.2,3957,6252722004.75,2212080,9220,2026-08-11
NIFTY,2026-12-29,16000.0,PE,16.0,16.8,15.25,16.75,16.75,78,81202810.0,122650,-130,2026-08-11
NIFTY,2026-12-29,15000.0,PE,14.5,14.5,13.3,13.65,13.65,70,68312949.25,117570,-390,2026-08-11
NIFTY,2026-10-27,26950.0,PE,0.0,0.0,0.0,2675.85,2245.52,0,0.0,0,0,2026-08-11
NIFTY,2026-10-27,25500.0,PE,847.65,902.7,839.95,875.55,875.55,365,625823692.0,156065,2145,2026-08-11
NIFTY,2026-10-27,25400.0,PE,795.0,816.0,795.0,816.0,1077.36,2,3406715.0,260,0,2026-08-11
NIFTY,2026-10-27,25150.0,PE,0.0,0.0,0.0,639.15,926.92,0,0.0,325,0,2026-08-11
NIFTY,2026-10-27,25100.0,PE,635.0,649.0,635.0,649.0,898.32,2,3346460.0,1235,65,2026-08-11
NIFTY,2026-10-27,24900.0,PE,537.0,546.0,518.85,518.85,789.0,26,42977467.0,17745,-780,2026-08-11
NIFTY,2026-10-27,24600.0,PE,389.95,412.25,388.4,392.0,392.0,208,337991569.5,38805,3900,2026-08-11
NIFTY,2026-10-27,23000.0,PE,70.55,74.3,59.75,67.0,67.0,7185,10775107908.5,428285,181740,2026-08-11
NIFTY,2026-10-27,22750.0,PE,0.0,0.0,0.0,228.35,113.85,0,0.0,0,0,2026-08-11
NIFTY,2026-10-27,22600.0,PE,46.6,47.45,46.0,46.0,95.12,11,16192198.75,1690,130,2026-08-11
NIFTY,2026-09-29,26450.0,PE,0.0,0.0,0.0,2346.8,1845.28,0,0.0,0,0,2026-08-11
NIFTY,2026-09-29,25900.0,PE,0.0,0.0,0.0,1077.7,1388.39,0,0.0,780,0,2026-08-11
NIFTY,2026-09-29,25250.0,PE,0.0,0.0,0.0,630.85,919.29,0,0.0,325,0,2026-08-11
NIFTY,2026-09-29,24900.0,PE,488.95,516.9,484.3,495.15,495.15,240,396260140.25,59800,1820,2026-08-11
NIFTY,2026-09-29,24150.0,PE,193.35,205.75,188.3,194.25,194.25,131,207313749.5,17095,2925,2026-08-11
NIFTY,2026-09-29,24050.0,PE,174.7,183.45,167.55,168.85,168.85,123,193688306.5,29835,-390,2026-08-11
NIFTY,2026-09-29,23450.0,PE,76.0,77.25,70.05,70.8,70.8,56,85624253.0,42510,-325,2026-08-11
NIFTY,2026-09-29,23200.0,PE,50.05,54.7,47.75,49.35,49.35,1857,2806578719.75,241475,49920,2026-08-11
NIFTY,2026-09-29,22750.0,PE,31.2,31.7,28.45,28.95,28.95,61,90324971.75,15080,2145,2026-08-11
NIFTY,2026-09-29,22350.0,PE,21.25,21.7,20.0,20.0,30.36,7,10178814.75,7410,65,2026-08-11
NIFTY,2026-09-29,22100.0,PE,17.15,18.55,16.05,17.15,17.15,228,327784964.0,118625,-4225,2026-08-11
NIFTY,2026-09-29,22050.0,PE,0.0,0.0,0.0,17.4,17.41,0,0.0,2145,0,2026-08-11
NIFTY,2026-09-29,21650.0,PE,0.0,0.0,0.0,13.4,7.68,0,0.0,1950,0,2026-08-11
NIFTY,2026-09-29,16500.0,PE,2.45,2.5,2.25,2.25,2.25,80,85812463.75,135460,-130,2026-08-11
NIFTY,2026-09-08,25400.0,PE,0.0,0.0,0.0,896.85,971.64,0,0.0,0,0,2026-08-11
NIFTY,2026-09-08,24900.0,PE,0.0,0.0,0.0,584.9,625.16,0,0.0,0,0,2026-08-11
NIFTY,2026-09-08,24750.0,PE,0.0,0.0,0.0,505.75,536.73,0,0.0,0,0,2026-08-11
NIFTY,2026-09-08,24550.0,PE,0.0,0.0,0.0,411.1,430.97,0,0.0,0,0,2026-08-11
NIFTY,2026-09-08,23800.0,PE,0.0,0.0,0.0,161.95,156.65,0,0.0,0,0,2026-08-11
NIFTY,2026-09-08,23400.0,PE,0.0,0.0,0.0,87.95,79.33,0,0.0,0,0,2026-08-11
NIFTY,2026-09-08,23350.0,PE,28.5,33.95,26.15,26.65,26.65,164,249227849.0,7995,4420,2026-08-11
NIFTY,2026-09-08,22850.0,PE,15.95,15.95,13.4,13.4,13.4,5,7430975.5,2600,65,2026-08-11
NIFTY,2026-09-01,27050.0,PE,0.0,0.0,0.0,2693.45,2486.71,0,0.0,0,0,2026-08-11
NIFTY,2026-09-01,26750.0,PE,0.0,0.0,0.0,2407.3,2190.97,0,0.0,0,0,2026-08-11
NIFTY,2026-09-01,26350.0,PE,0.0,0.0,0.0,2035.25,1802.19,0,0.0,0,0,2026-08-11
NIFTY,2026-09-01,25450.0,PE,0.0,0.0,0.0,1266.1,990.06,0,0.0,0,0,2026-08-11
NIFTY,2026-09-01,24550.0,PE,184.7,266.95,184.7,240.05,240.05,262,422340789.0,12155,-5070,2026-08-11
NIFTY,2026-09-01,23850.0,PE,0.0,0.0,0.0,82.75,129.7,0,0.0,1105,0,2026-08-11
NIFTY,2026-09-01,22650.0,PE,9.85,9.85,9.35,9.35,7.36,3,4418605.75,390,195,2026-08-11
NIFTY,2026-09-01,22200.0,PE,7.4,12.65,5.75,6.4,6.4,31,44745814.75,2145,325,2026-08-11
NIFTY,2026-08-25,27050.0,PE,0.0,0.0,0.0,2847.45,2515.81,0,0.0,0,0,2026-08-11
NIFTY,2026-08-25,26950.0,PE,0.0,0.0,0.0,2758.95,2416.19,0,0.0,0,0,2026-08-11
NIFTY,2026-08-25,26700.0,PE,0.0,0.0,0.0,2541.2,2167.5,0,0.0,0,0,2026-08-11
NIFTY,2026-08-25,26450.0,PE,0.0,0.0,0.0,2328.9,1919.76,0,0.0,0,0,2026-08-11
NIFTY,2026-08-25,26150.0,PE,0.0,0.0,0.0,2082.5,1625.2,0,0.0,0,0,2026-08-11
NIFTY,2026-08-25,25850.0,PE,0.0,0.0,0.0,1150.0,1336.73,0,0.0,585,0,2026-08-11
NIFTY,2026-08-25,25750.0,PE,0.0,0.0,0.0,1105.0,1242.8,0,0.0,195,0,2026-08-11
NIFTY,2026-08-25,25450.0,PE,900.0,905.0,900.0,905.0,971.32,5,8564075.0,715,0,2026-08-11
NIFTY,2026-08-25,24850.0,PE,360.95,417.0,353.1,392.35,392.35,328,538264723.75,120770,-2340,2026-08-11
NIFTY,2026-08-25,24800.0,PE,317.1,387.3,315.65,357.5,357.5,8540,13966574336.0,585715,-63505,2026-08-11
NIFTY,2026-08-25,24700.0,PE,260.0,321.7,253.95,291.65,291.65,26592,43205464318.25,1047995,-241410,2026-08-11
NIFTY,2026-08-25,24250.0,PE,96.85,119.2,93.8,101.4,101.4,6708,10619939638.75,235235,28275,2026-08-11
NIFTY,2026-08-25,23850.0,PE,34.75,41.35,30.8,34.0,34.0,8048,12495446041.0,382590,246610,2026-08-11
NIFTY,2026-08-25,23700.0,PE,23.5,27.8,20.65,22.85,22.85,29612,45664294607.75,869635,-119340,2026-08-11
NIFTY,2026-08-25,22900.0,PE,6.8,7.25,5.65,5.9,5.9,1898,2825975717.5,257790,-16770,2026-08-11
NIFTY,2026-08-25,21900.0,PE,6.25,6.25,3.05,3.35,3.35,269,382981410.5,33995,2080,2026-08-11
NIFTY,2026-08-25,21750.0,PE,0.0,0.0,0.0,5.2,0.02,0,0.0,3705,0,2026-08-11
NIFTY,2026-08-25,21700.0,PE,4.65,4.65,2.8,3.1,3.1,684,964934109.75,70915,-1755,2026-08-11
NIFTY,2026-08-25,21600.0,PE,3.4,3.5,2.7,2.95,2.95,153,214842904.25,31525,455,2026-08-11
NIFTY,2026-08-18,27200.0,PE,0.0,0.0,0.0,2997.3,2696.71,0,0.0,0,0,2026-08-11
NIFTY,2026-08-18,26200.0,PE,1677.0,1677.0,1677.0,1677.0,1698.16,1,1812005.0,65,65,2026-08-11
NIFTY,2026-08-18,24900.0,PE,333.0,441.25,333.0,411.45,411.45,5429,8930808396.25,395525,-1820,2026-08-11
NIFTY,2026-08-18,24650.0,PE,191.0,250.0,185.2,219.9,219.9,34838,56330022232.25,387725,-67535,2026-08-11
NIFTY,2026-08-18,23750.0,PE,10.6,10.6,5.65,6.35,6.35,23141,35734779151.5,470535,194090,2026-08-11
NIFTY,2026-08-11,25400.0,PE,922.85,954.85,898.1,942.2,24471.7,326,557958085.75,19890,7540,2026-08-11
NIFTY,2026-08-11,24250.0,PE,2.4,6.9,0.05,0.2,24471.7,4283095,6751889702106.25,5629325,1285700,2026-08-11
NIFTY,2026-08-11,24200.0,PE,1.4,3.8,0.05,0.15,24471.7,3217456,5061380874602.0,5210335,-3313570,2026-08-11
NIFTY,2026-08-11,24050.0,PE,0.95,1.35,0.05,0.15,24471.7,567142,886609596967.25,1968265,-823225,2026-08-11
NIFTY,2026-08-11,23750.0,PE,0.65,0.7,0.05,0.05,24471.7,207486,320310002366.25,2117180,514150,2026-08-11
NIFTY,2026-08-11,23400.0,PE,0.55,0.7,0.05,0.05,24471.7,92820,141181149798.0,784225,-384085,2026-08-11
NIFTY,2031-06-24,16500.0,CE,0.0,0.0,0.0,11849.25,12551.16,0,0.0,0,0,2026-08-11
NIFTY,2030-12-31,24000.0,CE,0.0,0.0,0.0,8563.3,7234.55,0,0.0,0,0,2026-08-11
NIFTY,2030-06-25,25500.0,CE,0.0,0.0,0.0,7070.45,5806.29,0,0.0,0,0,2026-08-11
NIFTY,2029-12-24,19500.0,CE,0.0,0.0,0.0,10678.8,9032.78,0,0.0,0,0,2026-08-11
NIFTY,2029-06-26,19500.0,CE,0.0,0.0,0.0,10206.95,8501.82,0,0.0,0,0,2026-08-11
NIFTY,2028-06-27,16500.0,CE,0.0,0.0,0.0,11752.8,9905.3,0,0.0,0,0,2026-08-11
NIFTY,2027-12-28,31500.0,CE,0.0,0.0,0.0,195.0,590.11,0,0.0,2145,0,2026-08-11
NIFTY,2027-12-28,30000.0,CE,399.0,399.0,361.0,375.55,375.55,33,65181200.5,118625,-780,2026-08-11
NIFTY,2027-12-28,26000.0,CE,1845.0,1845.0,1812.05,1820.0,2258.73,8,14470504.75,69135,65,2026-08-11
NIFTY,2027-12-28,25000.0,CE,2400.75,2416.0,2368.15,2368.15,2772.18,10,17801901.0,33680,325,2026-08-11
NIFTY,2027-06-29,28500.0,CE,0.0,0.0,0.0,1711.9,668.58,0,0.0,0,0,2026-08-11
NIFTY,2026-12-29,28000.0,CE,50.0,50.65,40.85,42.0,42.0,4463,8135805382.25,1580705,8515,2026-08-11
NIFTY,2026-10-27,27100.0,CE,0.0,0.0,0.0,101.3,119.88,0,0.0,0,0,2026-08-11
NIFTY,2026-10-27,27000.0,CE,24.0,24.35,18.75,19.5,19.5,618,1085416371.0,50830,9165,2026-08-11
NIFTY,2026-10-27,26850.0,CE,0.0,0.0,0.0,126.7,151.62,0,0.0,0,0,2026-08-11
NIFTY,2026-10-27,26050.0,CE,0.0,0.0,0.0,247.25,303.97,0,0.0,0,0,2026-08-11
NIFTY,2026-10-27,25400.0,CE,246.15,250.65,229.15,232.8,232.8,197,328337480.25,12350,7215,2026-08-11
NIFTY,2026-10-27,25000.0,CE,440.0,440.0,385.65,390.5,390.5,3363,5553162286.75,322465,72865,2026-08-11
NIFTY,2026-10-27,24950.0,CE,414.0,415.0,414.0,415.0,680.68,2,3297385.0,2925,0,2026-08-11
NIFTY,2026-10-27,24800.0,CE,520.35,520.35,484.0,491.8,491.8,150,246617735.0,16250,4940,2026-08-11
NIFTY,2026-10-27,23700.0,CE,0.0,0.0,0.0,1151.6,1404.4,0,0.0,0,0,2026-08-11
NIFTY,2026-10-27,23400.0,CE,0.0,0.0,0.0,1589.0,1624.0,0,0.0,65,0,2026-08-11
NIFTY,2026-10-27,23350.0,CE,0.0,0.0,0.0,1373.7,1662.07,0,0.0,0,0,2026-08-11
NIFTY,2026-10-27,23100.0,CE,0.0,0.0,0.0,1547.05,1858.44,0,0.0,0,0,2026-08-11
NIFTY,2026-09-29,25800.0,CE,71.4,72.8,46.9,49.55,49.55,6475,10880488560.5,323765,4940,2026-08-11
NIFTY,2026-09-29,24500.0,CE,550.1,550.1,475.0,483.05,483.05,9193,14934459322.25,1631500,213200,2026-08-11
NIFTY,2026-09-29,24150.0,CE,0.0,0.0,0.0,817.8,892.35,0,0.0,3770,0,2026-08-11
NIFTY,2026-09-29,23750.0,CE,0.0,0.0,0.0,920.9,1162.96,0,0.0,1170,0,2026-08-11
NIFTY,2026-09-29,22750.0,CE,0.0,0.0,0.0,1386.55,1980.85,0,0.0,260,0,2026-08-11
NIFTY,2026-09-29,21700.0,CE,0.0,0.0,0.0,2586.45,2970.8,0,0.0,0,0,2026-08-11
NIFTY,2026-09-08,25700.0,CE,0.0,0.0,0.0,82.35,102.77,0,0.0,65,0,2026-08-11
NIFTY,2026-09-08,24650.0,CE,0.0,0.0,0.0,340.0,418.08,0,0.0,65,0,2026-08-11
NIFTY,2026-09-08,24400.0,CE,404.4,414.0,400.0,407.05,407.05,21,33861844.25,1430,1170,2026-08-11
NIFTY,2026-09-08,23700.0,CE,0.0,0.0,0.0,1192.8,1015.1,0,0.0,0,0,2026-08-11
NIFTY,2026-09-01,26550.0,CE,0.0,0.0,0.0,2.75,9.61,0,0.0,390,0,2026-08-11
NIFTY,2026-09-01,25650.0,CE,19.4,19.4,12.2,13.1,13.1,119,198510006.5,6045,4160,2026-08-11
NIFTY,2026-09-01,24950.0,CE,95.95,106.85,95.95,101.45,101.45,146,237756090.0,2080,-4810,2026-08-11
NIFTY,2026-09-01,24900.0,CE,157.55,157.55,112.0,116.95,116.95,979,1592318445.25,28600,9815,2026-08-11
NIFTY,2026-09-01,23950.0,CE,0.0,0.0,0.0,542.4,759.92,0,0.0,390,0,2026-08-11
NIFTY,2026-09-01,23400.0,CE,0.0,0.0,0.0,1145.0,1205.36,0,0.0,0,0,2026-08-11
NIFTY,2026-09-01,23300.0,CE,0.0,0.0,0.0,1220.55,1294.38,0,0.0,0,0,2026-08-11
NIFTY,2026-09-01,23100.0,CE,0.0,0.0,0.0,1378.25,1477.7,0,0.0,0,0,2026-08-11
NIFTY,2026-09-01,22900.0,CE,0.0,0.0,0.0,1543.9,1666.52,0,0.0,0,0,2026-08-11
NIFTY,2026-09-01,22650.0,CE,0.0,0.0,0.0,1760.65,1907.89,0,0.0,0,0,2026-08-11
NIFTY,2026-09-01,22450.0,CE,0.0,0.0,0.0,1940.55,2103.77,0,0.0,0,0,2026-08-11
NIFTY,2026-09-01,22250.0,CE,0.0,0.0,0.0,2125.05,2301.14,0,0.0,0,0,2026-08-11
NIFTY,2026-08-25,27100.0,CE,0.85,0.85,0.65,0.65,0.65,27,47561702.5,11505,-390,2026-08-11
NIFTY,2026-08-25,26600.0,CE,1.05,1.05,0.65,0.8,0.8,654,1130798607.25,53755,130,2026-08-11
NIFTY,2026-08-25,26150.0,CE,1.75,2.1,1.05,1.45,1.45,2697,4584513895.0,72735,37180,2026-08-11
NIFTY,2026-08-25,22350.0,CE,0.0,0.0,0.0,1794.9,2174.06,0,0.0,130,0,2026-08-11
NIFTY,2026-08-25,21600.0,CE,0.0,0.0,0.0,2713.65,2921.86,0,0.0,0,0,2026-08-11
NIFTY,2026-08-18,27200.0,CE,0.6,0.65,0.5,0.55,0.55,2728,4823199949.75,143520,111540,2026-08-11
NIFTY,2026-08-18,26900.0,CE,0.55,0.8,0.5,0.6,0.6,371,648707536.75,15210,10595,2026-08-11
NIFTY,2026-08-18,26000.0,CE,1.05,1.05,0.85,0.9,0.9,72497,122524230760.75,4640090,1335035,2026-08-11
NIFTY,2026-08-18,25450.0,CE,3.35,3.6,1.9,2.05,2.05,31780,52576829851.0,604630,343460,2026-08-11
NIFTY,2026-08-18,24700.0,CE,120.0,120.0,57.1,60.65,60.65,232054,373646063625.25,4830800,2620410,2026-08-11
NIFTY,2026-08-18,24250.0,CE,373.65,381.75,296.55,307.25,307.25,4051,6469005718.5,80405,41925,2026-08-11
NIFTY,2026-08-18,24200.0,CE,425.0,426.5,333.5,347.05,347.05,10863,17337696262.25,436280,158470,2026-08-11
NIFTY,2026-08-18,23150.0,CE,0.0,0.0,0.0,1432.75,1349.81,0,0.0,390,0,2026-08-11
NIFTY,2026-08-18,22900.0,CE,0.0,0.0,0.0,1379.35,1598.56,0,0.0,0,0,2026-08-11
NIFTY,2026-08-18,22650.0,CE,0.0,0.0,0.0,1595.05,1848.05,0,0.0,0,0,2026-08-11
NIFTY,2026-08-18,22600.0,CE,0.0,0.0,0.0,1639.4,1897.98,0,0.0,0,0,2026-08-11
NIFTY,2026-08-11,27050.0,CE,0.15,0.35,0.05,0.05,24471.7,1568,2756947479.0,90805,32175,2026-08-11
NIFTY,2026-08-11,26800.0,CE,0.6,0.65,0.05,0.05,24471.7,9066,15793080010.5,89115,-21775,2026-08-11
NIFTY,2026-08-11,26650.0,CE,0.25,0.4,0.05,0.05,24471.7,1113,1928009099.25,37700,-21970,2026-08-11
NIFTY,2026-08-11,26250.0,CE,0.4,0.6,0.05,0.05,24471.7,6371,10870621892.0,137930,-29640,2026-08-11
NIFTY,2026-08-11,25950.0,CE,0.5,0.55,0.05,0.1,24471.7,25682,43319502027.75,539890,-36140,2026-08-11
NIFTY,2026-08-11,25400.0,CE,0.7,0.8,0.05,0.1,24471.7,384597,634979160205.0,3133650,-1102400,2026-08-11
NIFTY,2026-08-11,25200.0,CE,1.0,1.05,0.05,0.1,24471.7,1044475,1710881427547.5,6329570,-1023555,2026-08-11
NIFTY,2026-08-11,24550.0,CE,94.6,94.6,0.05,1.95,24471.7,13991385,22340609106881.0,11039405,7282665,2026-08-11
NIFTY,2026-08-11,24500.0,CE,120.0,120.0,0.05,4.95,24471.7,22606020,36038943482317.75,28641080,24638640,2026-08-11
NIFTY,2026-08-11,24450.0,CE,153.0,153.0,9.3,24.3,24471.7,13651210,21737206740297.75,11351275,10641605,2026-08-11
NIFTY,2026-08-11,24300.0,CE,257.65,263.55,140.5,166.95,24471.7,850242,1352600859775.75,660465,193115,2026-08-11
NIFTY,2026-08-11,23650.0,CE,853.0,859.85,780.45,822.4,24471.7,80,127327593.25,6760,260,2026-08-11
NIFTY,2026-08-11,23550.0,CE,963.3,963.3,902.0,913.35,24471.7,14,22280254.75,1365,-520,2026-08-11
NIFTY,2026-08-11,23050.0,CE,1552.25,1552.25,1552.25,1552.25,24471.7,1,1599146.25,65,65,2026-08-11
NIFTY,2026-08-11,22850.0,CE,0.0,0.0,0.0,1730.1,24471.7,0,0.0,0,0,2026-08-11
NIFTY,2026-08-11,22250.0,CE,0.0,0.0,0.0,2292.0,24471.7,0,0.0,0,0,2026-08-11
NIFTY,2026-08-11,22200.0,CE,0.0,0.0,0.0,2340.15,24471.7,0,0.0,0,0,2026-08-11
NIFTY,2026-08-11,21950.0,CE,0.0,0.0,0.0,2582.9,24471.7,0,0.0,0,0,2026-08-11
NIFTY,2026-08-11,21600.0,CE,2920.05,2920.05,2891.5,2891.5,24471.7,4,6373350.75,455,0,2026-08-11
NIFTY,2031-06-24,31500.0,PE,0.0,0.0,0.0,3185.85,2699.0,0,0.0,0,0,2026-08-11
NIFTY,2030-12-31,25500.0,PE,0.0,0.0,0.0,538.25,1047.6,0,0.0,0,0,2026-08-11
NIFTY,2030-06-25,24000.0,PE,0.0,0.0,0.0,698.15,777.81,0,0.0,0,0,2026-08-11
NIFTY,2029-12-24,26000.0,PE,0.0,0.0,0.0,2150.0,1296.02,0,0.0,3665,0,2026-08-11
NIFTY,2026-08-11,26900.0,PE,0.0,0.0,0.0,2367.3,24471.7,0,0.0,0,0,2026-08-11
NIFTY,2026-08-11,26750.0,PE,0.0,0.0,0.0,2224.45,24471.7,0,0.0,0,0,2026-08-11
NIFTY,2026-08-11,26200.0,PE,1688.2,1782.45,1688.2,1705.0,24471.7,96,174388259.5,2470,-2730,2026-08-11
NIFTY,2026-08-18,25300.0,PE,724.95,815.0,724.95,791.85,791.85,566,959789158.25,29510,25740,2026-08-11
NIFTY,2026-08-18,26700.0,PE,0.0,0.0,0.0,2509.9,2197.3,0,0.0,0,0,2026-08-11
NIFTY,2026-08-18,26900.0,PE,0.0,0.0,0.0,2703.85,2397.06,0,0.0,0,0,2026-08-11
NIFTY,2026-08-18,27100.0,PE,0.0,0.0,0.0,2899.2,2596.82,0,0.0,0,0,2026-08-11
NIFTY,2026-08-25,21500.0,PE,2.8,3.8,2.5,2.75,2.75,3259,4555039209.5,912470,92040,2026-08-11
NIFTY,2026-08-25,21550.0,PE,4.65,4.65,4.65,4.65,0.01,6,8406313.5,7215,0,2026-08-11
NIFTY,2026-08-25,22000.0,PE,4.45,4.65,3.4,3.55,3.55,17349,24813135395.75,2078115,600275,2026-08-11
NIFTY,2026-08-25,22450.0,PE,5.55,5.55,3.8,4.1,4.1,202,294827399.75,23140,-585,2026-08-11
NIFTY,2026-08-25,22750.0,PE,6.2,6.45,4.95,5.2,5.2,636,940730586.25,55120,12480,2026-08-11
NIFTY,2026-08-25,23100.0,PE,8.55,9.05,6.75,7.15,7.15,5794,8702629201.5,227500,-34580,2026-08-11
NIFTY,2026-08-18,22850.0,PE,2.9,2.9,1.7,1.95,1.95,2289,3400075490.5,50375,18265,2026-08-11
NIFTY,2026-08-25,23250.0,PE,10.0,11.05,8.25,8.55,8.55,1807,2731970663.5,60060,2145,2026-08-11
NIFTY,2026-08-25,23800.0,PE,28.7,36.35,27.2,30.05,30.05,28453,44076335156.75,1906255,67600,2026-08-11
NIFTY,2026-08-25,25700.0,PE,1150.0,1171.05,1150.0,1167.75,1196.38,18,31433398.75,29380,585,2026-08-11
NIFTY,2026-08-25,26400.0,PE,0.0,0.0,0.0,1670.0,1870.4,0,0.0,130,0,2026-08-11
NIFTY,2026-08-25,27100.0,PE,0.0,0.0,0.0,2350.0,2565.63,0,0.0,65,0,2026-08-11
NIFTY,2026-09-01,23950.0,PE,0.0,0.0,0.0,60.7,154.86,0,0.0,975,0,2026-08-11
NIFTY,2026-08-11,24500.0,PE,40.0,80.6,22.0,38.4,24471.7,14846448,23699089896462.5,10894780,-325325,2026-08-11
NIFTY,2026-09-01,24650.0,PE,284.9,323.35,284.85,287.65,287.65,200,324320551.75,7930,-5070,2026-08-11
NIFTY,2026-09-01,24950.0,PE,0.0,0.0,0.0,404.85,618.19,0,0.0,2860,0,2026-08-11
NIFTY,2026-09-01,25250.0,PE,0.0,0.0,0.0,1113.75,832.0,0,0.0,0,0,2026-08-11
NIFTY,2026-09-01,25400.0,PE,0.0,0.0,0.0,1227.3,949.51,0,0.0,0,0,2026-08-11
NIFTY,2026-09-01,26100.0,PE,0.0,0.0,0.0,1810.35,1565.02,0,0.0,0,0,2026-08-11
NIFTY,2026-09-01,26600.0,PE,0.0,0.0,0.0,2266.3,2044.2,0,0.0,0,0,2026-08-11
NIFTY,2026-09-08,23300.0,PE,0.0,0.0,0.0,74.5,65.77,0,0.0,0,0,2026-08-11
NIFTY,2026-09-08,24400.0,PE,210.0,232.0,206.0,209.8,209.8,168,268824556.0,6630,3900,2026-08-11
NIFTY,2026-09-08,24500.0,PE,250.0,271.95,241.6,251.3,251.3,479,770864562.0,28990,16120,2026-08-11
NIFTY,2026-09-08,25100.0,PE,0.0,0.0,0.0,701.05,754.6,0,0.0,0,0,2026-08-11
NIFTY,2026-09-08,25700.0,PE,0.0,0.0,0.0,1116.5,1211.87,0,0.0,0,0,2026-08-11
NIFTY,2026-08-11,23950.0,PE,0.9,0.95,0.05,0.1,24471.7,646099,1005831544610.75,2355990,-99775,2026-08-11
NIFTY,2026-08-11,23800.0,PE,0.7,0.75,0.05,0.1,24471.7,646425,1000032965662.25,3882255,-1471860,2026-08-11
NIFTY,2026-08-11,23500.0,PE,0.4,0.55,0.05,0.05,24471.7,432560,660743419625.25,4365465,-1631370,2026-08-11
NIFTY,2026-08-11,23200.0,PE,0.5,0.7,0.05,0.05,24471.7,43656,65833981161.0,462735,-528580,2026-08-11
NIFTY,2026-08-11,23050.0,PE,0.35,0.5,0.05,0.05,24471.7,7661,11478198621.5,107120,-20540,2026-08-11
NIFTY,2026-08-11,22400.0,PE,0.35,0.55,0.05,0.05,24471.7,7477,10886598885.5,118755,-121420,2026-08-11
NIFTY,2026-08-11,22200.0,PE,0.25,0.45,0.05,0.05,24471.7,6058,8741754999.25,117000,-45370,2026-08-11
NIFTY,2026-08-11,21900.0,PE,0.1,0.55,0.05,0.05,24471.7,2127,3027804919.75,82290,-3640,2026-08-11
NIFTY,2026-09-08,26350.0,PE,0.0,0.0,0.0,1656.4,1789.78,0,0.0,0,0,2026-08-11
NIFTY,2026-09-29,21850.0,PE,0.0,0.0,0.0,15.9,11.7,0,0.0,845,0,2026-08-11
NIFTY,2026-09-29,22150.0,PE,15.7,15.7,15.7,15.7,21.06,1,1440770.5,20800,-65,2026-08-11
NIFTY,2026-09-29,22800.0,PE,30.1,33.3,28.5,29.9,29.9,771,1144197011.75,135005,-6110,2026-08-11
NIFTY,2026-09-29,22950.0,PE,39.0,39.9,35.5,35.5,80.7,36,53793054.25,20540,130,2026-08-11
NIFTY,2026-09-29,24700.0,PE,365.0,412.2,365.0,394.15,394.15,2980,4861434077.5,198315,46020,2026-08-11
NIFTY,2026-09-29,25800.0,PE,0.0,0.0,0.0,992.25,1310.65,0,0.0,845,0,2026-08-11
NIFTY,2026-09-29,26650.0,PE,0.0,0.0,0.0,2517.6,2021.62,0,0.0,0,0,2026-08-11
NIFTY,2031-06-24,24000.0,CE,0.0,0.0,0.0,7181.9,7762.4,0,0.0,0,0,2026-08-11
NIFTY,2030-12-31,30000.0,CE,0.0,0.0,0.0,5227.2,4332.2,0,0.0,0,0,2026-08-11
NIFTY,2030-06-25,22500.0,CE,0.0,0.0,0.0,9012.4,7549.44,0,0.0,0,0,2026-08-11
NIFTY,2029-12-24,31500.0,CE,0.0,0.0,0.0,3429.3,2642.67,0,0.0,0,0,2026-08-11
NIFTY,2026-09-29,26800.0,PE,0.0,0.0,0.0,2648.0,2156.71,0,0.0,0,0,2026-08-11
NIFTY,2029-06-26,30000.0,CE,0.0,0.0,0.0,5268.4,2582.7,0,0.0,0,0,2026-08-11
NIFTY,2029-06-26,28500.0,CE,0.0,0.0,0.0,4213.3,3152.87,0,0.0,0,0,2026-08-11
NIFTY,2028-06-27,18000.0,CE,0.0,0.0,0.0,6809.35,8613.24,0,0.0,0,0,2026-08-11
NIFTY,2027-06-29,31500.0,CE,0.0,0.0,0.0,769.15,214.11,0,0.0,0,0,2026-08-11
NIFTY,2027-06-29,19000.0,CE,0.0,0.0,0.0,7800.0,6569.82,0,0.0,75,0,2026-08-11
NIFTY,2026-12-29,23000.0,CE,2279.05,2279.05,2151.55,2163.05,2163.05,188,307699411.5,339120,1495,2026-08-11
NIFTY,2026-10-27,26950.0,CE,0.0,0.0,0.0,115.95,138.17,0,0.0,0,0,2026-08-11
NIFTY,2026-09-29,27100.0,PE,0.0,0.0,0.0,2914.15,2432.94,0,0.0,0,0,2026-08-11
NIFTY,2026-09-29,30000.0,PE,5229.0,5266.4,5229.0,5260.0,5265.16,11,25204244.0,147615,195,2026-08-11
NIFTY,2026-10-27,23200.0,PE,0.0,0.0,0.0,342.0,187.69,0,0.0,0,0,2026-08-11
NIFTY,2026-10-27,23700.0,PE,150.45,158.25,143.35,146.7,146.7,299,463504671.5,44395,10725,2026-08-11
NIFTY,2026-10-27,24450.0,PE,355.0,355.0,344.0,344.0,344.0,17,27403691.25,1560,65,2026-08-11
NIFTY,2026-10-27,25800.0,PE,0.0,0.0,0.0,1055.9,1342.63,0,0.0,390,0,2026-08-11
NIFTY,2026-10-27,26050.0,PE,0.0,0.0,0.0,1920.65,1523.71,0,0.0,0,0,2026-08-11
NIFTY,2026-10-27,26800.0,CE,0.0,0.0,0.0,132.4,158.74,0,0.0,0,0,2026-08-11
NIFTY,2026-10-27,26550.0,CE,0.0,0.0,0.0,164.25,198.68,0,0.0,0,0,2026-08-11
NIFTY,2026-10-27,26150.0,CE,0.0,0.0,0.0,228.35,280.34,0,0.0,0,0,2026-08-11
NIFTY,2026-10-27,24350.0,CE,0.0,0.0,0.0,801.0,988.11,0,0.0,0,0,2026-08-11
NIFTY,2026-10-27,23300.0,CE,0.0,0.0,0.0,1407.3,1700.55,0,0.0,0,0,2026-08-11
NIFTY,2026-10-27,22900.0,CE,0.0,0.0,0.0,1691.95,2022.26,0,0.0,0,0,2026-08-11
NIFTY,2026-09-29,26900.0,CE,0.0,0.0,0.0,114.3,55.87,0,0.0,0,0,2026-08-11
NIFTY,2026-09-29,26700.0,CE,0.0,0.0,0.0,136.15,72.55,0,0.0,0,0,2026-08-11
NIFTY,2026-09-29,25650.0,CE,0.0,0.0,0.0,317.2,244.3,0,0.0,0,0,2026-08-11
NIFTY,2026-09-29,24850.0,CE,317.5,324.9,293.0,299.95,299.95,154,251798134.25,16770,2600,2026-08-11
NIFTY,2026-09-29,24100.0,CE,790.0,790.0,741.0,752.3,752.3,101,163145537.75,32890,2405,2026-08-11
NIFTY,2026-09-29,24000.0,CE,880.2,880.2,812.0,825.45,825.45,1686,2721594697.25,1372540,10855,2026-08-11
NIFTY,2026-09-29,23900.0,CE,915.0,915.0,900.0,905.55,905.55,5,8062606.5,23075,130,2026-08-11
NIFTY,2026-09-08,24350.0,CE,0.0,0.0,0.0,735.05,573.79,0,0.0,0,0,2026-08-11
NIFTY,2026-09-08,24250.0,CE,0.0,0.0,0.0,797.75,632.65,0,0.0,0,0,2026-08-11
NIFTY,2026-09-08,23500.0,CE,0.0,0.0,0.0,1354.8,1175.7,0,0.0,0,0,2026-08-11
NIFTY,2026-09-08,23350.0,CE,0.0,0.0,0.0,1481.65,1302.3,0,0.0,0,0,2026-08-11
NIFTY,2026-09-08,23000.0,CE,0.0,0.0,0.0,1792.25,1614.23,0,0.0,0,0,2026-08-11
NIFTY,2026-09-01,27050.0,CE,2.95,3.0,1.65,2.15,2.56,36,63302726.5,975,585,2026-08-11
NIFTY,2026-09-01,26900.0,CE,0.0,0.0,0.0,3.4,3.87,0,0.0,390,0,2026-08-11
NIFTY,2026-09-01,26350.0,CE,1.8,2.55,1.25,1.95,1.95,8,13703017.25,455,455,2026-08-11
NIFTY,2026-09-01,25700.0,CE,15.7,15.9,10.2,11.0,11.0,854,1427306565.75,28470,8710,2026-08-11
NIFTY,2026-09-01,25450.0,CE,0.0,0.0,0.0,180.95,100.34,0,0.0,0,0,2026-08-11
NIFTY,2026-09-01,25350.0,CE,0.0,0.0,0.0,203.15,119.56,0,0.0,0,0,2026-08-11
NIFTY,2026-09-01,24150.0,CE,534.0,534.0,534.0,534.0,621.87,2,3208920.0,130,0,2026-08-11
NIFTY,2026-09-01,23450.0,CE,0.0,0.0,0.0,1108.95,1161.62,0,0.0,0,0,2026-08-11
NIFTY,2026-08-25,26800.0,CE,0.8,0.8,0.6,0.75,0.75,418,728174980.0,28275,-390,2026-08-11
NIFTY,2026-08-25,26200.0,CE,1.5,1.65,1.0,1.25,1.25,6238,10623853542.25,383890,158470,2026-08-11
NIFTY,2026-08-25,25450.0,CE,15.0,15.75,7.1,8.1,8.1,4428,7327685959.75,109265,22165,2026-08-11
NIFTY,2026-08-25,22950.0,CE,0.0,0.0,0.0,1735.25,1580.79,0,0.0,260,0,2026-08-11
NIFTY,2026-12-29,25500.0,PE,843.15,886.6,843.15,865.0,865.0,928,1590456166.0,400790,4615,2026-08-11
NIFTY,2027-03-30,21000.0,PE,85.2,88.8,84.65,87.2,87.2,362,496170675.0,355940,-130,2026-08-11
NIFTY,2027-03-30,28500.0,PE,2877.0,2877.0,2877.0,2877.0,3250.79,1,2039505.0,65,0,2026-08-11
NIFTY,2027-06-29,16500.0,PE,0.0,0.0,0.0,25.0,1.65,0,0.0,780,0,2026-08-11
NIFTY,2026-08-25,21900.0,CE,0.0,0.0,0.0,2725.0,2622.59,0,0.0,455,0,2026-08-11
NIFTY,2026-08-18,25950.0,CE,0.9,1.05,0.8,0.9,0.9,8489,14319329163.75,212875,97760,2026-08-11
NIFTY,2026-08-18,25750.0,CE,1.55,1.7,1.05,1.2,1.2,8932,14950702932.75,338520,176280,2026-08-11
NIFTY,2026-08-18,25550.0,CE,2.6,3.0,1.45,1.6,1.6,27508,45687210894.0,650260,417365,2026-08-11
NIFTY,2026-08-18,25100.0,CE,20.25,20.65,5.8,6.8,6.8,145936,238183512258.25,2223975,756210,2026-08-11
NIFTY,2026-08-18,25000.0,CE,31.95,32.0,10.85,11.9,11.9,304826,495666748570.5,6507670,2907710,2026-08-11
NIFTY,2026-08-18,24900.0,CE,50.0,56.8,19.0,21.2,21.2,178139,288629420631.5,2910765,1590875,2026-08-11
NIFTY,2026-08-18,24000.0,CE,599.95,611.8,504.0,522.9,522.9,8862,14129331645.0,353470,89375,2026-08-11
NIFTY,2026-08-18,23900.0,CE,665.95,666.0,598.45,617.6,617.6,831,1324427923.0,170950,-1885,2026-08-11
NIFTY,2026-08-18,23450.0,CE,0.0,0.0,0.0,951.0,1054.96,0,0.0,0,0,2026-08-11
NIFTY,2027-12-28,25500.0,PE,0.0,0.0,0.0,676.05,1323.19,0,0.0,0,0,2026-08-11
NIFTY,2028-06-27,22500.0,PE,0.0,0.0,0.0,206.95,492.6,0,0.0,0,0,2026-08-11
NIFTY,2028-06-27,31500.0,PE,0.0,0.0,0.0,2935.6,4423.92,0,0.0,0,0,2026-08-11
NIFTY,2028-12-26,19500.0,PE,0.0,0.0,0.0,49.0,152.19,0,0.0,0,0,2026-08-11
NIFTY,2030-12-31,22500.0,PE,0.0,0.0,0.0,219.35,509.86,0,0.0,0,0,2026-08-11
NIFTY,2026-08-18,22050.0,PE,1.4,1.9,0.95,1.05,1.05,8027,11505331747.0,173355,161720,2026-08-11
NIFTY,2026-08-18,22850.0,CE,0.0,0.0,0.0,1421.6,1648.43,0,0.0,0,0,2026-08-11
NIFTY,2026-08-18,22350.0,CE,0.0,0.0,0.0,1866.6,2147.66,0,0.0,0,0,2026-08-11
NIFTY,2026-08-18,22250.0,CE,0.0,0.0,0.0,1959.6,2247.55,0,0.0,0,0,2026-08-11
NIFTY,2026-08-11,27100.0,CE,0.5,0.65,0.05,0.05,24471.7,8333,14678666021.5,146770,-25935,2026-08-11
NIFTY,2026-08-11,26750.0,CE,0.55,0.55,0.05,0.05,24471.7,940,1634437749.75,37440,11245,2026-08-11
NIFTY,2026-08-11,26550.0,CE,0.4,0.45,0.05,0.05,24471.7,1844,3182307199.5,40950,-13195,2026-08-11
NIFTY,2026-08-11,26300.0,CE,0.35,0.5,0.05,0.05,24471.7,7530,12872656163.25,155285,-27690,2026-08-11
NIFTY,2026-08-11,26100.0,CE,0.4,0.8,0.05,0.05,24471.7,21841,37053617656.25,569465,-111540,2026-08-11
NIFTY,2026-08-11,26050.0,CE,0.5,2.5,0.05,0.05,24471.7,8340,14121863746.25,328380,29250,2026-08-11
NIFTY,2026-08-11,23800.0,CE,769.45,769.5,642.2,675.35,24471.7,1765,2808260104.0,34645,-16640,2026-08-11
NIFTY,2026-08-11,23450.0,CE,1124.8,1124.8,991.3,1010.1,24471.7,26,41436232.5,715,260,2026-08-11
NIFTY,2026-08-11,21850.0,CE,0.0,0.0,0.0,2680.75,24471.7,0,0.0,0,0,2026-08-11
NIFTY,2026-08-11,21800.0,CE,0.0,0.0,0.0,2729.8,24471.7,0,0.0,0,0,2026-08-11
NIFTY,2030-12-31,28500.0,PE,0.0,0.0,0.0,1083.1,1843.08,0,0.0,0,0,2026-08-11
NIFTY,2030-12-31,31500.0,PE,0.0,0.0,0.0,1885.5,2903.45,0,0.0,0,0,2026-08-11
NIFTY,2031-06-24,22500.0,PE,0.0,0.0,0.0,663.6,495.91,0,0.0,0,0,2026-08-11
NIFTY,2031-06-24,33000.0,PE,0.0,0.0,0.0,3810.15,3270.72,0,0.0,0,0,2026-08-11
NIFTY,2026-08-18,23500.0,PE,5.0,5.6,3.2,3.65,3.65,118617,181219236932.5,4344925,1721655,2026-08-11
NIFTY,2026-08-18,23550.0,PE,4.8,5.5,3.45,3.85,3.85,14780,22628684143.0,316615,171340,2026-08-11
NIFTY,2026-08-18,23650.0,PE,5.25,10.0,3.1,4.75,4.75,31245,48041964509.5,664300,484705,2026-08-11
NIFTY,2026-08-18,23850.0,PE,8.8,12.65,8.05,9.0,9.0,34670,53770193415.25,733070,287235,2026-08-11
NIFTY,2026-08-18,24500.0,PE,117.0,162.65,112.0,136.8,136.8,424308,679681185124.5,4269460,2445300,2026-08-11
NIFTY,2026-08-18,22800.0,PE,2.5,2.7,1.55,1.85,1.85,15985,23691994478.75,567580,7215,2026-08-11
NIFTY,2026-08-18,22750.0,PE,1.9,2.6,1.6,1.8,1.8,2006,2966641200.25,36465,11440,2026-08-11
NIFTY,2026-08-18,22100.0,PE,1.8,2.1,1.0,1.1,1.1,10869,15614317433.0,257010,101205,2026-08-11
NIFTY,2026-08-11,27050.0,PE,0.0,0.0,0.0,2511.4,24471.7,0,0.0,0,0,2026-08-11
NIFTY,2026-08-11,21600.0,PE,0.2,0.2,0.05,0.05,24471.7,59006,82844785325.25,1418885,-905320,2026-08-11
NIFTY,2026-08-11,22450.0,PE,0.35,0.6,0.05,0.05,24471.7,2006,2927280092.75,47385,-17420,2026-08-11
NIFTY,2026-08-11,22800.0,PE,0.35,0.8,0.05,0.05,24471.7,17158,25428384458.75,360945,-137540,2026-08-11
NIFTY,2026-08-11,24150.0,PE,1.75,2.3,0.05,0.15,24471.7,1517267,2381840857210.75,2955160,-268970,2026-08-11
NIFTY,2026-08-18,25750.0,PE,0.0,0.0,0.0,1625.45,1251.52,0,0.0,0,0,2026-08-11
NIFTY,2026-08-18,25400.0,PE,857.4,915.5,857.4,891.1,891.1,320,546832702.0,15015,13455,2026-08-11
NIFTY,2026-08-18,24550.0,PE,132.95,189.7,130.35,161.35,161.35,87694,140898876654.25,559195,2405,2026-08-11
NIFTY,2026-08-18,24200.0,PE,37.95,54.9,36.9,40.95,40.95,194375,306332178967.75,3535740,1691690,2026-08-11
NIFTY,2026-08-18,23900.0,PE,12.05,15.55,9.8,10.75,10.75,146647,227934749224.0,3507075,1416545,2026-08-11
NIFTY,2026-08-18,23400.0,PE,4.2,4.6,2.75,3.05,3.05,60934,92694820318.75,1470885,656630,2026-08-11
NIFTY,2026-08-11,24350.0,PE,4.3,21.05,0.05,0.8,24471.7,9793109,15504856190105.75,6385665,1486160,2026-08-11
NIFTY,2026-08-11,25000.0,PE,445.0,562.3,442.5,533.05,24471.7,18316,30381561141.75,188045,-214825,2026-08-11
NIFTY,2026-08-11,25300.0,PE,760.25,855.6,760.25,838.15,24471.7,478,811794028.5,33345,15405,2026-08-11
NIFTY,2026-08-11,26650.0,PE,0.0,0.0,0.0,2128.1,24471.7,0,0.0,0,0,2026-08-11
NIFTY,2026-08-18,22400.0,PE,1.9,2.2,1.2,1.3,1.3,7388,10757707135.5,105105,-20410,2026-08-11
NIFTY,2026-08-18,23250.0,PE,3.75,4.05,2.5,2.7,2.7,7344,11100084674.25,138580,-390,2026-08-11
NIFTY,2031-06-24,27000.0,PE,0.0,0.0,0.0,1653.15,1331.67,0,0.0,0,0,2026-08-11
NIFTY,2029-12-24,28500.0,PE,0.0,0.0,0.0,1255.9,2120.58,0,0.0,0,0,2026-08-11
NIFTY,2029-12-24,27000.0,PE,0.0,0.0,0.0,1177.9,1597.07,0,0.0,0,0,2026-08-11
NIFTY,2029-12-24,22500.0,PE,0.0,0.0,0.0,225.7,528.53,0,0.0,0,0,2026-08-11
NIFTY,2029-06-26,33000.0,PE,0.0,0.0,0.0,3022.85,4538.29,0,0.0,0,0,2026-08-11
NIFTY,2029-06-26,28500.0,PE,0.0,0.0,0.0,1349.1,2273.09,0,0.0,0,0,2026-08-11
NIFTY,2028-12-26,25500.0,PE,0.0,0.0,0.0,648.2,1259.45,0,0.0,0,0,2026-08-11
NIFTY,2028-06-27,24000.0,PE,0.0,0.0,0.0,1692.75,833.66,0,0.0,0,0,2026-08-11
NIFTY,2027-12-28,21000.0,PE,236.0,239.0,224.1,233.0,214.12,17,23462107.5,16780,-195,2026-08-11
NIFTY,2027-12-28,17000.0,PE,0.0,0.0,0.0,57.2,12.65,0,0.0,17750,0,2026-08-11
NIFTY,2027-06-29,25500.0,PE,0.0,0.0,0.0,667.15,1312.9,0,0.0,0,0,2026-08-11
NIFTY,2027-06-29,21000.0,PE,0.0,0.0,0.0,140.4,139.77,0,0.0,6595,0,2026-08-11
NIFTY,2026-10-27,26400.0,PE,0.0,0.0,0.0,2204.4,1791.28,0,0.0,0,0,2026-08-11
NIFTY,2026-10-27,26250.0,PE,0.0,0.0,0.0,2081.05,1674.08,0,0.0,0,0,2026-08-11
NIFTY,2026-10-27,25700.0,PE,0.0,0.0,0.0,952.1,1273.61,0,0.0,260,0,2026-08-11
NIFTY,2026-10-27,23800.0,PE,166.45,176.3,162.45,164.8,164.8,178,277330709.5,43875,4550,2026-08-11
NIFTY,2026-10-27,23750.0,PE,0.0,0.0,0.0,529.65,320.84,0,0.0,0,0,2026-08-11
NIFTY,2026-10-27,23150.0,PE,0.0,0.0,0.0,327.65,178.04,0,0.0,0,0,2026-08-11
NIFTY,2026-10-27,22950.0,PE,0.0,0.0,0.0,274.9,143.19,0,0.0,0,0,2026-08-11
NIFTY,2026-10-27,22900.0,PE,0.0,0.0,0.0,262.65,135.36,0,0.0,0,0,2026-08-11
NIFTY,2026-09-29,34500.0,PE,0.0,0.0,0.0,7064.95,9725.35,0,0.0,0,0,2026-08-11
NIFTY,2026-09-29,26050.0,PE,0.0,0.0,0.0,2017.5,1508.33,0,0.0,0,0,2026-08-11
NIFTY,2026-09-29,26000.0,PE,1256.0,1359.85,1256.0,1325.8,1325.8,352,625370229.25,894320,780,2026-08-11
NIFTY,2026-09-29,25550.0,PE,930.0,930.0,930.0,930.0,930.0,2,3442400.0,130,130,2026-08-11
NIFTY,2026-09-29,25300.0,PE,750.0,765.25,742.0,753.65,753.65,28,47415949.75,10140,-65,2026-08-11
NIFTY,2026-09-29,25050.0,PE,581.65,599.95,581.65,584.55,584.55,30,49990850.0,2275,-260,2026-08-11
NIFTY,2026-09-29,24850.0,PE,482.0,484.25,466.0,469.4,679.09,51,83952235.25,8125,65,2026-08-11
NIFTY,2026-09-29,23050.0,PE,45.0,45.2,40.4,40.65,40.65,58,87064162.25,21190,780,2026-08-11
NIFTY,2026-09-29,22400.0,PE,21.6,22.7,19.15,20.3,20.3,139,202575022.0,28990,1885,2026-08-11
NIFTY,2026-09-08,26400.0,PE,0.0,0.0,0.0,1700.8,1836.53,0,0.0,0,0,2026-08-11
NIFTY,2026-09-08,26200.0,PE,0.0,0.0,0.0,1525.35,1651.12,0,0.0,0,0,2026-08-11
NIFTY,2026-09-08,26150.0,PE,0.0,0.0,0.0,1482.45,1605.49,0,0.0,0,0,2026-08-11
NIFTY,2026-09-08,26050.0,PE,0.0,0.0,0.0,1397.8,1515.23,0,0.0,0,0,2026-08-11
NIFTY,2026-09-08,23950.0,PE,0.0,0.0,0.0,200.05,196.68,0,0.0,0,0,2026-08-11
NIFTY,2026-09-08,23850.0,PE,0.0,0.0,0.0,173.75,170.19,0,0.0,0,0,2026-08-11
NIFTY,2026-09-01,26850.0,PE,0.0,0.0,0.0,2502.1,2289.28,0,0.0,0,0,2026-08-11
NIFTY,2026-09-01,26200.0,PE,0.0,0.0,0.0,1899.45,1659.17,0,0.0,0,0,2026-08-11
NIFTY,2026-09-01,25800.0,PE,0.0,0.0,0.0,1550.85,1290.24,0,0.0,0,0,2026-08-11
NIFTY,2026-09-01,24500.0,PE,211.15,245.25,211.15,222.0,222.0,2899,4660205686.5,125060,39130,2026-08-11
NIFTY,2026-09-01,24350.0,PE,159.95,187.85,159.95,168.95,168.95,659,1050517822.25,13520,1365,2026-08-11
NIFTY,2026-09-01,24150.0,PE,0.0,0.0,0.0,453.7,216.12,0,0.0,0,0,2026-08-11
NIFTY,2026-09-01,23200.0,PE,15.05,16.55,13.65,14.5,14.5,312,470802533.5,23855,5460,2026-08-11
NIFTY,2026-08-11,22050.0,CE,0.0,0.0,0.0,2485.45,24471.7,0,0.0,0,0,2026-08-11
NIFTY,2026-09-01,23000.0,PE,12.2,13.25,10.2,11.35,11.35,1130,1690214776.25,81250,29575,2026-08-11
NIFTY,2026-09-01,22600.0,PE,7.85,8.95,7.85,8.25,8.25,19,27920961.25,8320,65,2026-08-11
NIFTY,2026-09-01,22550.0,PE,10.5,10.5,7.05,7.05,5.41,12,17595916.0,520,390,2026-08-11
NIFTY,2026-09-01,22400.0,PE,6.9,13.0,6.65,7.55,7.55,26,37868067.25,2210,-65,2026-08-11
NIFTY,2026-08-25,26900.0,PE,0.0,0.0,0.0,2715.0,2366.4,0,0.0,0,0,2026-08-11
NIFTY,2026-08-25,26350.0,PE,0.0,0.0,0.0,1699.45,1821.13,0,0.0,65,0,2026-08-11
NIFTY,2026-08-25,26050.0,PE,0.0,0.0,0.0,1763.2,1528.15,0,0.0,260,0,2026-08-11
NIFTY,2026-08-25,26000.0,PE,1413.0,1484.5,1413.0,1459.95,1459.95,1040,1856163058.75,2232295,12545,2026-08-11
NIFTY,2026-08-25,25500.0,PE,899.0,995.0,899.0,968.7,968.7,1066,1833834028.0,1358760,1690,2026-08-11
NIFTY,2026-08-25,24300.0,PE,107.95,134.0,103.15,115.8,115.8,21990,34907284447.75,1622400,45630,2026-08-11
NIFTY,2026-08-25,23600.0,PE,18.1,21.65,16.05,17.5,17.5,13357,20505920825.0,1132235,15600,2026-08-11
NIFTY,2026-08-25,23350.0,PE,11.7,12.8,8.7,10.0,10.0,3038,4613054696.25,67600,30225,2026-08-11
NIFTY,2026-08-25,22600.0,PE,5.65,5.75,4.35,4.6,4.6,1132,1663276426.5,110305,1560,2026-08-11
NIFTY,2026-08-25,22550.0,PE,5.4,5.5,4.15,4.4,4.4,210,307874183.5,18395,1105,2026-08-11
NIFTY,2026-08-18,26950.0,PE,0.0,0.0,0.0,2752.6,2447.0,0,0.0,0,0,2026-08-11
NIFTY,2026-08-18,26600.0,PE,0.0,0.0,0.0,2413.6,2097.43,0,0.0,0,0,2026-08-11
NIFTY,2026-08-18,26100.0,PE,1560.0,1570.0,1560.0,1570.0,1598.5,2,3596450.0,130,65,2026-08-11
NIFTY,2026-08-18,25900.0,PE,0.0,0.0,0.0,1260.65,1399.71,0,0.0,585,0,2026-08-11
NIFTY,2026-08-18,25850.0,PE,1330.0,1334.0,1330.0,1334.0,1334.0,4,7067320.0,260,260,2026-08-11
NIFTY,2026-08-11,22150.0,CE,0.0,0.0,0.0,2388.45,24471.7,0,0.0,0,0,2026-08-11
NIFTY,2026-08-11,22300.0,CE,0.0,0.0,0.0,2244.0,24471.7,0,0.0,0,0,2026-08-11
NIFTY,2026-08-11,22900.0,CE,0.0,0.0,0.0,1731.65,24471.7,0,0.0,195,0,2026-08-11
NIFTY,2026-08-11,23750.0,CE,760.0,771.3,692.5,725.1,24471.7,336,534706064.75,7735,520,2026-08-11
NIFTY,2026-08-11,23900.0,CE,640.0,643.95,542.7,567.85,24471.7,2154,3427478853.5,55055,-19500,2026-08-11
NIFTY,2026-08-11,25300.0,CE,0.65,0.9,0.05,0.05,24471.7,711548,1170158855216.0,4503005,-156130,2026-08-11
NIFTY,2026-08-11,25350.0,CE,0.8,0.8,0.05,0.1,24471.7,247517,407852306624.75,1440725,-821665,2026-08-11
NIFTY,2026-08-11,25600.0,CE,0.45,0.6,0.05,0.05,24471.7,295845,492292376774.25,2847260,-1619865,2026-08-11
NIFTY,2026-08-11,26000.0,CE,0.5,0.5,0.05,0.05,24471.7,173542,293288786836.5,3588195,-1285960,2026-08-11
NIFTY,2026-08-18,22450.0,CE,0.0,0.0,0.0,1774.75,2047.79,0,0.0,0,0,2026-08-11
NIFTY,2026-08-18,22700.0,CE,0.0,0.0,0.0,1551.05,1798.13,0,0.0,0,0,2026-08-11
NIFTY,2026-08-18,23950.0,CE,600.0,609.9,551.35,570.0,570.0,273,435244030.0,12545,8905,2026-08-11
NIFTY,2026-08-18,24300.0,CE,369.75,369.75,261.0,270.6,270.6,31467,50273351014.25,533780,146445,2026-08-11
NIFTY,2026-08-18,24350.0,CE,314.75,314.9,226.25,234.7,234.7,16400,26215152499.25,182975,126685,2026-08-11
NIFTY,2026-08-18,25300.0,CE,7.0,7.0,2.65,3.15,3.15,158557,260788338161.0,2596100,-99515,2026-08-11
NIFTY,2026-08-18,25350.0,CE,4.75,5.2,2.3,2.7,2.7,100998,166441672744.75,1342120,967785,2026-08-11
NIFTY,2026-08-18,25400.0,CE,3.75,4.1,2.0,2.25,2.25,126929,209582736961.0,2613390,-62660,2026-08-11
NIFTY,2026-08-18,26200.0,CE,0.8,0.8,0.6,0.7,0.7,4207,7164705723.5,416065,-3770,2026-08-11
NIFTY,2026-08-18,26600.0,CE,0.65,0.8,0.6,0.7,0.7,187,323331040.5,11180,-845,2026-08-11
NIFTY,2026-08-18,26750.0,CE,0.75,0.8,0.65,0.75,0.75,30,52163972.25,1625,1040,2026-08-11
NIFTY,2026-08-18,27000.0,CE,0.75,0.75,0.5,0.55,0.55,9407,16509612574.0,445185,414245,2026-08-11
NIFTY,2026-08-25,22100.0,CE,0.0,0.0,0.0,2281.05,2423.15,0,0.0,0,0,2026-08-11
NIFTY,2026-08-25,22550.0,CE,0.0,0.0,0.0,1773.25,1975.22,0,0.0,130,0,2026-08-11
NIFTY,2026-08-25,22700.0,CE,0.0,0.0,0.0,1610.65,1826.61,0,0.0,5850,0,2026-08-11
NIFTY,2026-08-25,23200.0,CE,1340.1,1340.1,1332.0,1332.0,1332.0,3,4784793.0,26065,-130,2026-08-11
NIFTY,2026-08-25,23400.0,CE,1161.0,1161.0,1127.45,1151.55,1151.72,21,33493544.5,21385,520,2026-08-11
NIFTY,2026-08-25,23600.0,CE,991.6,993.55,928.0,948.6,948.6,99,157997833.5,217685,-455,2026-08-11
NIFTY,2026-08-25,24250.0,CE,438.45,438.45,375.0,385.95,385.95,941,1507228888.75,89050,-2015,2026-08-11
NIFTY,2026-08-25,24300.0,CE,413.0,419.2,341.0,351.1,351.1,12008,19249571302.0,814060,-19175,2026-08-11
NIFTY,2026-08-25,24650.0,CE,200.0,202.05,147.3,151.5,151.5,17343,27965482356.5,704730,298285,2026-08-11
NIFTY,2026-08-25,25150.0,CE,44.25,44.8,24.2,25.85,25.85,4843,7926737377.0,140855,14365,2026-08-11
NIFTY,2026-08-25,27200.0,CE,0.75,0.85,0.6,0.7,0.7,72,127299318.25,40495,910,2026-08-11
NIFTY,2026-09-01,22100.0,CE,0.0,0.0,0.0,2265.95,2449.78,0,0.0,0,0,2026-08-11
NIFTY,2026-09-01,22150.0,CE,0.0,0.0,0.0,2218.8,2400.19,0,0.0,0,0,2026-08-11
NIFTY,2026-09-01,24100.0,CE,565.2,579.75,546.9,568.65,568.65,26,41682085.25,16120,130,2026-08-11
NIFTY,2026-09-01,27000.0,CE,2.05,2.05,1.65,1.8,1.8,39,68449644.25,10660,2340,2026-08-11
NIFTY,2026-09-08,23950.0,CE,0.0,0.0,0.0,1004.15,829.45,0,0.0,0,0,2026-08-11
NIFTY,2026-09-08,24200.0,CE,0.0,0.0,0.0,830.25,663.38,0,0.0,0,0,2026-08-11
NIFTY,2026-09-08,24500.0,CE,387.8,387.85,339.5,345.05,345.05,534,862645303.0,16835,16315,2026-08-11
NIFTY,2026-09-08,24850.0,CE,191.6,191.6,175.3,176.0,176.0,6,9761430.25,130,130,2026-08-11
NIFTY,2026-09-08,25250.0,CE,0.0,0.0,0.0,307.5,198.62,0,0.0,0,0,2026-08-11
NIFTY,2026-09-08,25350.0,CE,0.0,0.0,0.0,274.75,173.95,0,0.0,0,0,2026-08-11
NIFTY,2026-09-08,26000.0,CE,38.55,38.55,10.0,10.55,10.55,89,150476248.0,3965,3965,2026-08-11
NIFTY,2026-09-08,26250.0,CE,0.0,0.0,0.0,86.15,40.5,0,0.0,0,0,2026-08-11
NIFTY,2026-09-29,22200.0,CE,0.0,0.0,0.0,2158.9,2489.77,0,0.0,0,0,2026-08-11
NIFTY,2026-09-29,22800.0,CE,0.0,0.0,0.0,1650.5,1936.14,0,0.0,455,0,2026-08-11
NIFTY,2026-09-29,23000.0,CE,1710.5,1741.35,1680.0,1695.65,1695.65,313,502560945.25,122200,-3900,2026-08-11
NIFTY,2026-09-29,23700.0,CE,1090.0,1090.0,1050.05,1070.0,1199.45,12,19325156.5,15665,65,2026-08-11
NIFTY,2026-09-29,25200.0,CE,206.2,206.2,162.5,166.15,166.15,2564,4229093046.75,239265,12155,2026-08-11
NIFTY,2026-09-29,25600.0,CE,97.6,99.35,73.05,75.0,75.0,2063,3443442028.0,81120,34580,2026-08-11
NIFTY,2026-09-29,26200.0,CE,30.6,30.95,19.7,21.35,21.35,3574,6092096162.75,177710,13585,2026-08-11
NIFTY,2026-09-29,26800.0,CE,0.0,0.0,0.0,124.8,63.74,0,0.0,0,0,2026-08-11
NIFTY,2026-09-29,27100.0,CE,0.0,0.0,0.0,95.6,42.61,0,0.0,0,0,2026-08-11
NIFTY,2026-10-27,22800.0,CE,0.0,0.0,0.0,1767.2,2106.23,0,0.0,0,0,2026-08-11
NIFTY,2026-10-27,23200.0,CE,0.0,0.0,0.0,1475.8,1778.72,0,0.0,0,0,2026-08-11
NIFTY,2026-10-27,23450.0,CE,0.0,0.0,0.0,1307.95,1586.35,0,0.0,0,0,2026-08-11
NIFTY,2026-10-27,23600.0,CE,0.0,0.0,0.0,1212.7,1476.82,0,0.0,0,0,2026-08-11
NIFTY,2026-10-27,24050.0,CE,0.0,0.0,0.0,952.7,1169.78,0,0.0,0,0,2026-08-11
NIFTY,2026-10-27,24750.0,CE,515.45,525.9,511.55,522.95,522.95,4,6569738.5,195,130,2026-08-11
NIFTY,2026-10-27,24850.0,CE,0.0,0.0,0.0,546.25,726.7,0,0.0,2535,0,2026-08-11
NIFTY,2026-10-27,25750.0,CE,163.6,163.6,135.65,138.35,138.35,527,886816372.0,48035,18200,2026-08-11
NIFTY,2026-10-27,25850.0,CE,0.0,0.0,0.0,288.85,355.3,0,0.0,0,0,2026-08-11
NIFTY,2026-10-27,26300.0,CE,0.0,0.0,0.0,202.25,246.5,0,0.0,0,0,2026-08-11
NIFTY,2026-12-29,22000.0,CE,3079.05,3124.3,3050.05,3050.55,3050.55,42,68455848.5,261235,715,2026-08-11
NIFTY,2026-12-29,27000.0,CE,125.3,128.9,104.6,106.8,106.8,5180,9128285045.75,2373230,1095,2026-08-11
NIFTY,2026-12-29,28500.0,CE,35.45,35.45,26.65,29.6,29.6,1285,2383079601.5,123110,4160,2026-08-11
NIFTY,2026-12-29,29000.0,CE,24.5,24.5,21.6,21.85,21.85,1298,2448654923.0,496580,-13895,2026-08-11
NIFTY,2026-12-29,31000.0,CE,13.0,14.45,10.1,11.7,11.7,395,796230721.0,174395,3185,2026-08-11
NIFTY,2027-03-30,27000.0,CE,360.0,368.55,330.6,334.05,334.05,1958,3479103868.5,559845,55315,2026-08-11
NIFTY,2027-03-30,31500.0,CE,0.0,0.0,0.0,94.65,84.28,0,0.0,0,0,2026-08-11
NIFTY,2027-12-28,16500.0,CE,0.0,0.0,0.0,11316.4,9410.54,0,0.0,0,0,2026-08-11
NIFTY,2029-12-24,18000.0,CE,0.0,0.0,0.0,11362.4,10145.07,0,0.0,0,0,2026-08-11
NIFTY,2030-06-25,21000.0,CE,0.0,0.0,0.0,10421.65,8520.59,0,0.0,0,0,2026-08-11
NIFTY,2030-12-31,31500.0,CE,0.0,0.0,0.0,4554.55,3770.41,0,0.0,0,0,2026-08-11
NIFTY,2031-06-24,21000.0,CE,0.0,0.0,0.0,8900.75,9548.95,0,0.0,0,0,2026-08-11
NIFTY,2031-06-24,33000.0,CE,0.0,0.0,0.0,3451.55,3780.46,0,0.0,0,0,2026-08-11
NIFTY,2026-10-27,23500.0,CE,1420.0,1424.0,1395.0,1419.6,1419.6,44,71245307.25,16380,520,2026-08-11
NIFTY,2026-10-27,24250.0,CE,0.0,0.0,0.0,735.0,1046.62,0,0.0,65,0,2026-08-11
NIFTY,2026-10-27,25350.0,CE,0.0,0.0,0.0,417.4,516.92,0,0.0,0,0,2026-08-11
NIFTY,2026-10-27,26200.0,CE,0.0,0.0,0.0,219.35,268.05,0,0.0,0,0,2026-08-11
NIFTY,2026-10-27,26650.0,CE,0.0,0.0,0.0,150.8,181.81,0,0.0,0,0,2026-08-11
NIFTY,2026-12-29,16500.0,CE,0.0,0.0,0.0,10405.0,8382.31,0,0.0,0,0,2026-08-11
NIFTY,2026-12-29,19000.0,CE,5960.0,5960.0,5960.0,5960.0,5946.79,1,1622400.0,57915,0,2026-08-11
NIFTY,2027-03-30,19500.0,CE,0.0,0.0,0.0,4365.4,5787.81,0,0.0,0,0,2026-08-11
NIFTY,2027-03-30,33000.0,CE,22.45,22.45,19.9,19.9,19.9,3,6439052.75,3055,-65,2026-08-11
NIFTY,2027-12-28,18000.0,CE,0.0,0.0,0.0,6285.7,8062.67,0,0.0,0,0,2026-08-11
NIFTY,2028-06-27,24000.0,CE,0.0,0.0,0.0,3918.85,4093.22,0,0.0,0,0,2026-08-11
NIFTY,2026-08-11,22400.0,CE,0.0,0.0,0.0,2148.5,24471.7,0,0.0,0,0,2026-08-11
NIFTY,2026-08-11,22550.0,CE,0.0,0.0,0.0,2006.75,24471.7,0,0.0,0,0,2026-08-11
NIFTY,2026-08-11,23200.0,CE,1350.0,1350.05,1246.15,1260.0,24471.7,21,33422301.25,3640,-585,2026-08-11
NIFTY,2026-08-11,25150.0,CE,1.0,1.3,0.05,0.1,24471.7,526819,861232186265.75,2017145,-426335,2026-08-11
NIFTY,2026-08-11,27200.0,CE,0.2,0.3,0.05,0.05,24471.7,20306,35901210341.75,456560,193050,2026-08-11
NIFTY,2026-08-18,22200.0,CE,0.0,0.0,0.0,2006.5,2297.49,0,0.0,0,0,2026-08-11
NIFTY,2026-08-18,22400.0,CE,0.0,0.0,0.0,1820.55,2097.72,0,0.0,0,0,2026-08-11
NIFTY,2026-08-18,23100.0,CE,1399.0,1400.0,1399.0,1400.0,1399.44,2,3184935.0,260,65,2026-08-11
NIFTY,2026-08-18,24100.0,CE,508.7,517.15,415.25,431.7,431.7,3828,6105479282.5,186875,36205,2026-08-11
NIFTY,2026-08-18,24450.0,CE,249.8,249.8,165.55,171.5,171.5,139682,223608435319.75,1608295,1507870,2026-08-11
NIFTY,2026-08-18,24850.0,CE,72.5,72.5,24.95,27.9,27.9,65896,106587024527.75,998660,609570,2026-08-11
NIFTY,2026-08-18,25250.0,CE,9.9,9.9,3.25,3.8,3.8,80834,132692243450.0,2087865,1154595,2026-08-11
NIFTY,2026-08-18,26050.0,CE,0.85,0.85,0.7,0.8,0.8,5697,9646730424.5,226785,130,2026-08-11
NIFTY,2026-08-18,26150.0,CE,0.75,0.75,0.65,0.7,0.7,2296,3902728661.0,133250,-4550,2026-08-11
NIFTY,2026-08-18,26850.0,CE,0.65,1.45,0.5,0.65,0.65,376,656231397.25,17355,12675,2026-08-11
NIFTY,2031-06-24,30000.0,PE,0.0,0.0,0.0,2616.25,2183.6,0,0.0,0,0,2026-08-11
NIFTY,2031-06-24,28500.0,PE,0.0,0.0,0.0,2104.2,1726.89,0,0.0,0,0,2026-08-11
NIFTY,2031-06-24,25500.0,PE,0.0,0.0,0.0,1262.85,995.69,0,0.0,0,0,2026-08-11
NIFTY,2031-06-24,24000.0,PE,0.0,0.0,0.0,933.85,717.58,0,0.0,65,0,2026-08-11
NIFTY,2030-12-31,30000.0,PE,0.0,0.0,0.0,1450.1,2341.21,0,0.0,0,0,2026-08-11
NIFTY,2028-12-26,22000.0,PE,0.0,0.0,0.0,510.0,434.11,0,0.0,8800,0,2026-08-11
NIFTY,2028-06-27,28500.0,PE,0.0,0.0,0.0,1560.85,2626.35,0,0.0,0,0,2026-08-11
NIFTY,2027-12-28,20000.0,PE,174.9,175.0,171.25,171.25,121.11,7,9178988.0,35455,0,2026-08-11
NIFTY,2027-12-28,19000.0,PE,0.0,0.0,0.0,132.5,63.11,0,0.0,1975,0,2026-08-11
NIFTY,2027-12-28,18000.0,PE,0.0,0.0,0.0,181.05,29.89,0,0.0,11915,0,2026-08-11
NIFTY,2027-06-29,19500.0,PE,0.0,0.0,0.0,17.3,44.09,0,0.0,0,0,2026-08-11
NIFTY,2027-06-29,19000.0,PE,0.0,0.0,0.0,195.0,28.18,0,0.0,1135,0,2026-08-11
NIFTY,2027-03-30,16500.0,PE,0.0,0.0,0.0,18.8,0.33,0,0.0,1560,0,2026-08-11
NIFTY,2026-10-27,26900.0,PE,0.0,0.0,0.0,2631.85,2202.8,0,0.0,0,0,2026-08-11
NIFTY,2026-10-27,26100.0,PE,0.0,0.0,0.0,1960.3,1561.01,0,0.0,0,0,2026-08-11
NIFTY,2026-10-27,25250.0,PE,0.0,0.0,0.0,675.6,985.62,0,0.0,65,0,2026-08-11
NIFTY,2026-10-27,25050.0,PE,0.0,0.0,0.0,540.05,870.23,0,0.0,325,0,2026-08-11
NIFTY,2026-10-27,24150.0,PE,246.6,247.25,236.25,242.95,242.95,310,491497194.5,23010,15145,2026-08-11
NIFTY,2026-10-27,24100.0,PE,0.0,0.0,0.0,678.9,434.81,0,0.0,0,0,2026-08-11
NIFTY,2026-10-27,22400.0,PE,38.55,39.05,28.25,35.6,35.6,84,122499471.25,32045,2275,2026-08-11
NIFTY,2026-09-29,31500.0,PE,0.0,0.0,0.0,4341.2,6751.7,0,0.0,0,0,2026-08-11
NIFTY,2026-09-29,27000.0,PE,2286.6,2322.8,2275.0,2282.6,2282.6,135,257034771.5,1430875,3185,2026-08-11
NIFTY,2026-09-29,26950.0,PE,0.0,0.0,0.0,2780.25,2293.9,0,0.0,0,0,2026-08-11
NIFTY,2026-09-29,22650.0,PE,26.75,28.45,25.95,26.3,26.3,35,51590467.5,10530,1495,2026-08-11
NIFTY,2026-09-29,22500.0,PE,23.3,24.95,20.45,21.35,21.35,4376,6406557176.5,1188590,49920,2026-08-11
NIFTY,2026-09-29,21900.0,PE,15.1,16.25,15.05,15.1,15.1,66,94017573.0,39195,1755,2026-08-11
NIFTY,2026-09-29,15000.0,PE,2.3,2.3,2.3,2.3,0.0,20,19502990.0,52455,-1300,2026-08-11
NIFTY,2026-09-08,26100.0,PE,0.0,0.0,0.0,1439.9,1560.19,0,0.0,0,0,2026-08-11
NIFTY,2026-09-08,25500.0,PE,0.0,0.0,0.0,967.5,1049.36,0,0.0,0,0,2026-08-11
NIFTY,2026-09-08,25050.0,PE,0.0,0.0,0.0,670.9,721.05,0,0.0,0,0,2026-08-11
NIFTY,2026-09-08,24450.0,PE,238.7,255.2,225.0,229.95,383.31,84,134795667.5,3185,3185,2026-08-11
NIFTY,2026-09-08,24050.0,PE,146.55,147.3,107.9,109.75,109.75,42,65975679.25,2210,2210,2026-08-11
NIFTY,2026-09-08,23550.0,PE,0.0,0.0,0.0,111.7,103.7,0,0.0,0,0,2026-08-11
NIFTY,2026-09-08,23450.0,PE,0.0,0.0,0.0,95.4,86.89,0,0.0,0,0,2026-08-11
NIFTY,2026-09-08,23050.0,PE,19.4,20.5,18.6,18.6,39.86,12,17994366.0,455,260,2026-08-11
NIFTY,2026-09-01,27100.0,PE,0.0,0.0,0.0,2741.55,2536.2,0,0.0,0,0,2026-08-11
NIFTY,2026-09-01,26550.0,PE,0.0,0.0,0.0,2219.65,1995.51,0,0.0,0,0,2026-08-11
NIFTY,2026-09-01,25650.0,PE,0.0,0.0,0.0,1426.15,1158.4,0,0.0,0,0,2026-08-11
NIFTY,2026-09-01,25350.0,PE,0.0,0.0,0.0,1189.0,909.63,0,0.0,0,0,2026-08-11
NIFTY,2026-09-01,24700.0,PE,306.0,348.6,301.9,316.45,316.45,823,1338916423.0,44915,-1625,2026-08-11
NIFTY,2026-09-01,23600.0,PE,30.05,38.65,29.5,31.1,31.1,998,1533102915.5,56420,27560,2026-08-11
NIFTY,2026-09-01,23500.0,PE,24.75,30.0,23.95,24.5,24.5,3012,4605930468.75,156065,86710,2026-08-11
NIFTY,2026-09-01,23450.0,PE,0.0,0.0,0.0,208.05,58.3,0,0.0,0,0,2026-08-11
NIFTY,2026-09-01,22700.0,PE,9.0,9.05,8.7,8.7,8.7,11,16236886.25,780,455,2026-08-11
NIFTY,2026-08-25,25600.0,PE,1033.0,1081.0,1033.0,1063.25,1063.25,54,93511583.75,16055,-130,2026-08-11
NIFTY,2026-08-25,25250.0,PE,707.0,751.0,707.0,739.0,739.0,10,16889440.75,1820,65,2026-08-11
NIFTY,2026-08-25,24950.0,PE,426.1,495.0,426.1,462.2,462.2,258,426264380.75,21970,-5915,2026-08-11
NIFTY,2026-08-25,22850.0,PE,6.95,6.95,5.45,5.65,5.65,329,488779200.0,34580,-3315,2026-08-11
NIFTY,2026-08-25,22700.0,PE,6.25,6.7,4.5,4.95,4.95,4374,6455386362.75,423540,49790,2026-08-11
NIFTY,2026-08-18,27150.0,PE,0.0,0.0,0.0,2948.25,2646.77,0,0.0,0,0,2026-08-11
NIFTY,2026-08-18,26800.0,PE,0.0,0.0,0.0,2606.7,2297.18,0,0.0,0,0,2026-08-11
NIFTY,2026-08-18,26400.0,PE,0.0,0.0,0.0,2222.7,1897.73,0,0.0,0,0,2026-08-11
NIFTY,2026-08-18,23000.0,PE,3.4,3.5,2.05,2.25,2.25,106745,159602193036.0,4343235,1080820,2026-08-11
NIFTY,2026-08-18,22300.0,PE,1.85,2.0,1.1,1.2,1.2,7501,10873435040.0,149825,-30160,2026-08-11
NIFTY,2026-08-11,26850.0,PE,0.0,0.0,0.0,2319.5,24471.7,0,0.0,0,0,2026-08-11
NIFTY,2026-08-11,26450.0,PE,0.0,0.0,0.0,1943.9,24471.7,0,0.0,0,0,2026-08-11
NIFTY,2026-08-11,26050.0,PE,0.0,0.0,0.0,1584.3,24471.7,0,0.0,0,0,2026-08-11
NIFTY,2026-08-11,25900.0,PE,0.0,0.0,0.0,1363.05,24471.7,0,0.0,65,0,2026-08-11
NIFTY,2026-08-11,25350.0,PE,826.3,905.0,826.15,876.65,24471.7,308,525111024.75,18200,7995,2026-08-11
NIFTY,2026-08-11,25250.0,PE,709.95,804.65,709.95,769.35,24471.7,286,483904736.25,25350,13390,2026-08-11
NIFTY,2026-08-11,24950.0,PE,414.95,508.2,392.8,487.65,24471.7,3386,5594641773.5,68965,2145,2026-08-11
NIFTY,2026-08-11,24750.0,PE,168.2,310.95,168.2,286.45,24471.7,80870,131493232624.0,246805,-414245,2026-08-11
NIFTY,2026-08-11,23300.0,PE,0.5,0.65,0.05,0.05,24471.7,78906,119504536040.5,1490060,3575,2026-08-11
NIFTY,2026-08-11,21650.0,PE,0.6,0.65,0.05,0.05,24471.7,2507,3528004038.0,74620,-15665,2026-08-11
NIFTY,2030-12-31,18000.0,CE,0.0,0.0,0.0,12674.15,11094.68,0,0.0,0,0,2026-08-11
NIFTY,2026-08-25,22000.0,CE,2590.0,2590.0,2508.15,2530.25,2530.25,176,280632355.25,660140,-7800,2026-08-11
NIFTY,2026-08-25,22200.0,CE,0.0,0.0,0.0,1900.0,2323.47,0,0.0,390,0,2026-08-11
NIFTY,2026-08-25,22250.0,CE,0.0,0.0,0.0,1585.4,2273.65,0,0.0,65,0,2026-08-11
NIFTY,2026-08-25,22400.0,CE,0.0,0.0,0.0,2327.75,2124.3,0,0.0,2145,0,2026-08-11
NIFTY,2026-08-25,22800.0,CE,0.0,0.0,0.0,1750.0,1727.92,0,0.0,6110,0,2026-08-11
NIFTY,2026-08-25,22850.0,CE,0.0,0.0,0.0,1725.0,1678.74,0,0.0,650,0,2026-08-11
NIFTY,2026-08-25,23450.0,CE,0.0,0.0,0.0,1271.65,1105.88,0,0.0,2210,0,2026-08-11
NIFTY,2026-08-25,23500.0,CE,1120.0,1120.0,1022.0,1046.95,1046.95,821,1310201743.5,472550,-5330,2026-08-11
NIFTY,2026-08-25,24100.0,CE,568.0,577.35,488.0,508.05,508.05,1465,2343874256.75,1397955,2210,2026-08-11
NIFTY,2026-08-25,24850.0,CE,115.15,115.75,77.9,80.7,80.7,7277,11796449912.0,302640,20475,2026-08-11
NIFTY,2026-08-25,25100.0,CE,57.6,59.95,29.75,31.7,31.7,42139,68851460063.75,1488240,304785,2026-08-11
NIFTY,2026-08-25,27050.0,CE,0.7,0.85,0.7,0.7,0.31,22,38682520.5,8905,0,2026-08-11
NIFTY,2026-09-01,23350.0,CE,0.0,0.0,0.0,1182.5,1249.63,0,0.0,0,0,2026-08-11
NIFTY,2026-09-01,24000.0,CE,705.0,718.2,632.0,644.95,644.95,126,201934495.75,10400,1690,2026-08-11
NIFTY,2026-09-01,24250.0,CE,458.2,459.2,445.5,449.8,449.8,22,35321884.0,1235,975,2026-08-11
NIFTY,2026-09-01,24350.0,CE,389.4,389.4,389.4,389.4,499.04,1,1608061.0,585,65,2026-08-11
NIFTY,2026-09-01,24400.0,CE,372.05,378.45,344.9,352.55,352.55,418,672616720.75,12415,9230,2026-08-11
NIFTY,2026-09-01,25000.0,CE,129.0,129.0,83.9,88.9,88.9,3470,5660074998.5,181805,44655,2026-08-11
NIFTY,2026-09-01,25800.0,CE,12.0,12.3,7.8,8.35,8.35,694,1164262089.25,19695,-5005,2026-08-11
NIFTY,2026-09-01,25900.0,CE,10.35,10.6,6.15,6.9,6.9,873,1470131513.5,62335,4095,2026-08-11
NIFTY,2026-09-01,25950.0,CE,0.0,0.0,0.0,97.35,38.03,0,0.0,0,0,2026-08-11
NIFTY,2026-09-01,26950.0,CE,3.05,3.05,1.6,2.35,2.35,62,108616881.75,3640,3055,2026-08-11
NIFTY,2026-09-08,23800.0,CE,0.0,0.0,0.0,1115.2,938.74,0,0.0,0,0,2026-08-11
NIFTY,2026-09-08,23900.0,CE,0.0,0.0,0.0,1040.95,865.06,0,0.0,0,0,2026-08-11
NIFTY,2026-09-08,24750.0,CE,259.45,265.0,234.95,234.95,373.22,5,8124587.25,195,195,2026-08-11
NIFTY,2026-09-08,24800.0,CE,234.15,234.15,191.25,196.35,196.35,364,591641488.75,14885,13455,2026-08-11
NIFTY,2026-09-08,24900.0,CE,0.0,0.0,0.0,444.55,312.34,0,0.0,0,0,2026-08-11
NIFTY,2026-09-08,24950.0,CE,0.0,0.0,0.0,422.75,293.73,0,0.0,0,0,2026-08-11
NIFTY,2026-09-08,25200.0,CE,0.0,0.0,0.0,324.9,212.58,0,0.0,0,0,2026-08-11
NIFTY,2026-09-08,25300.0,CE,74.1,74.1,57.7,59.15,59.15,254,418725557.25,5915,5330,2026-08-11
NIFTY,2026-09-08,25650.0,CE,0.0,0.0,0.0,193.4,111.08,0,0.0,0,0,2026-08-11
NIFTY,2029-12-24,33000.0,CE,0.0,0.0,0.0,3816.05,2197.28,0,0.0,0,0,2026-08-11
NIFTY,2029-12-24,24000.0,CE,0.0,0.0,0.0,7730.0,6046.33,0,0.0,0,0,2026-08-11
NIFTY,2029-06-26,31500.0,CE,0.0,0.0,0.0,2878.65,2098.73,0,0.0,0,0,2026-08-11
NIFTY,2028-12-26,31500.0,CE,0.0,0.0,0.0,2327.6,1563.86,0,0.0,0,0,2026-08-11
NIFTY,2028-12-26,22500.0,CE,0.0,0.0,0.0,7382.9,5744.44,0,0.0,0,0,2026-08-11
NIFTY,2028-06-27,30000.0,CE,0.0,0.0,0.0,2278.45,1429.0,0,0.0,0,0,2026-08-11
NIFTY,2026-09-08,25800.0,CE,0.0,0.0,0.0,159.2,87.66,0,0.0,0,0,2026-08-11
NIFTY,2026-09-29,22050.0,CE,0.0,0.0,0.0,2284.2,2632.73,0,0.0,0,0,2026-08-11
NIFTY,2026-09-29,22650.0,CE,0.0,0.0,0.0,1410.05,2071.17,0,0.0,325,0,2026-08-11
NIFTY,2026-09-29,23050.0,CE,0.0,0.0,0.0,1601.7,1717.55,0,0.0,390,0,2026-08-11
NIFTY,2026-09-29,23300.0,CE,0.0,0.0,0.0,1535.0,1508.59,0,0.0,1105,0,2026-08-11
NIFTY,2026-09-29,23600.0,CE,0.0,0.0,0.0,1255.0,1272.97,0,0.0,4810,0,2026-08-11
NIFTY,2026-09-29,24050.0,CE,0.0,0.0,0.0,895.1,956.07,0,0.0,4680,0,2026-08-11
NIFTY,2026-09-29,24450.0,CE,562.1,562.1,502.45,515.7,515.7,163,264575873.25,11050,3835,2026-08-11
NIFTY,2026-09-29,25150.0,CE,189.85,196.8,176.5,179.55,179.55,110,181150615.75,58305,-325,2026-08-11
NIFTY,2026-09-29,26300.0,CE,27.1,27.1,16.0,17.2,17.2,1010,1727853907.0,48035,1560,2026-08-11
NIFTY,2026-09-29,26950.0,CE,0.0,0.0,0.0,109.35,52.25,0,0.0,0,0,2026-08-11
NIFTY,2026-09-29,33000.0,CE,1.4,1.4,1.4,1.4,0.0,3,6435273.0,30485,65,2026-08-11
NIFTY,2026-09-08,23450.0,CE,0.0,0.0,0.0,1396.6,1217.35,0,0.0,0,0,2026-08-11
NIFTY,2026-09-08,23200.0,CE,0.0,0.0,0.0,1612.45,1433.44,0,0.0,0,0,2026-08-11
NIFTY,2026-09-01,26700.0,CE,2.8,3.35,2.35,2.35,6.57,7,12149722.0,1170,0,2026-08-11
NIFTY,2026-09-01,26200.0,CE,0.0,0.0,0.0,69.55,22.06,0,0.0,0,0,2026-08-11
NIFTY,2026-09-01,26150.0,CE,0.0,0.0,0.0,74.45,24.68,0,0.0,0,0,2026-08-11
NIFTY,2026-09-01,25600.0,CE,0.0,0.0,0.0,151.35,76.26,0,0.0,0,0,2026-08-11
NIFTY,2026-09-01,25300.0,CE,0.0,0.0,0.0,215.9,130.2,0,0.0,0,0,2026-08-11
NIFTY,2026-09-01,25100.0,CE,94.0,99.8,65.25,68.8,68.8,1382,2261191832.25,29510,5460,2026-08-11
NIFTY,2026-09-01,24650.0,CE,259.45,263.0,210.4,216.8,216.8,299,483383390.75,13845,3510,2026-08-11
NIFTY,2026-09-01,22950.0,CE,0.0,0.0,0.0,1501.8,1618.89,0,0.0,0,0,2026-08-11
NIFTY,2026-09-01,22800.0,CE,0.0,0.0,0.0,1629.4,1762.49,0,0.0,0,0,2026-08-11
NIFTY,2026-09-01,22300.0,CE,0.0,0.0,0.0,2078.55,2251.69,0,0.0,0,0,2026-08-11
NIFTY,2026-08-25,26550.0,CE,1.25,1.65,0.7,1.15,1.15,15,25887342.0,2535,520,2026-08-11
NIFTY,2026-08-25,25800.0,CE,5.0,5.05,2.55,2.85,2.85,6134,10288097807.0,412360,7150,2026-08-11
NIFTY,2026-08-25,25500.0,CE,14.35,14.4,5.85,6.5,6.5,34680,57500303419.0,3036085,-66170,2026-08-11
NIFTY,2026-08-25,25400.0,CE,17.8,18.1,8.25,9.6,9.6,32098,53017383116.75,887120,156650,2026-08-11
NIFTY,2026-08-25,23900.0,CE,701.0,711.1,658.5,671.25,671.25,393,627979998.75,156325,-9035,2026-08-11
NIFTY,2026-08-18,27150.0,CE,0.65,0.85,0.55,0.65,0.65,89,157066669.5,5460,-520,2026-08-11
NIFTY,2026-08-18,26350.0,CE,0.65,0.8,0.6,0.75,0.75,420,719374139.25,13585,-65,2026-08-11
NIFTY,2026-08-18,26300.0,CE,0.7,0.75,0.6,0.65,0.65,1120,1914687271.25,49660,-195,2026-08-11
NIFTY,2026-08-18,25700.0,CE,2.0,2.0,1.05,1.2,1.2,89597,149679564424.0,2148250,1316315,2026-08-11
NIFTY,2026-08-18,24650.0,CE,132.05,132.05,73.3,77.55,77.55,98796,158860197505.75,1633840,772330,2026-08-11
NIFTY,2026-08-18,23550.0,CE,960.0,964.0,940.8,952.2,958.69,5,7964385.0,715,0,2026-08-11
NIFTY,2026-08-11,25900.0,CE,0.4,0.55,0.05,0.05,24471.7,99725,167888495836.75,1820975,-701935,2026-08-11
NIFTY,2026-08-11,25550.0,CE,0.6,0.65,0.05,0.1,24471.7,104224,173092090616.25,1156675,-251680,2026-08-11
NIFTY,2026-08-11,25500.0,CE,0.45,0.65,0.05,0.1,24471.7,823391,1364790361272.0,7199660,-2312960,2026-08-11
NIFTY,2026-08-11,23350.0,CE,1320.0,1320.0,1132.35,1163.35,24471.7,29,46187625.25,1365,-520,2026-08-11
NIFTY,2026-08-11,23250.0,CE,1225.0,1225.0,1225.0,1225.0,24471.7,1,1590875.0,195,0,2026-08-11
NIFTY,2026-08-11,22700.0,CE,0.0,0.0,0.0,1867.15,24471.7,0,0.0,0,0,2026-08-11
NIFTY,2026-09-29,25300.0,CE,167.0,171.6,135.0,137.4,137.4,3042,5031485966.0,471835,-22035,2026-08-11
NIFTY,2026-09-29,26850.0,CE,0.0,0.0,0.0,119.45,59.69,0,0.0,0,0,2026-08-11
NIFTY,2026-10-27,22250.0,CE,0.0,0.0,0.0,2207.3,2588.81,0,0.0,0,0,2026-08-11
NIFTY,2026-10-27,22450.0,CE,0.0,0.0,0.0,2042.45,2409.63,0,0.0,0,0,2026-08-11
NIFTY,2026-10-27,22750.0,CE,0.0,0.0,0.0,1805.4,2148.69,0,0.0,0,0,2026-08-11
NIFTY,2026-10-27,23150.0,CE,0.0,0.0,0.0,1510.7,1818.39,0,0.0,0,0,2026-08-11
NIFTY,2026-10-27,24550.0,CE,0.0,0.0,0.0,722.3,877.32,0,0.0,1560,0,2026-08-11
NIFTY,2026-10-27,25200.0,CE,345.6,345.6,302.0,304.7,304.7,171,283609079.0,17095,1235,2026-08-11
NIFTY,2026-10-27,26250.0,CE,0.0,0.0,0.0,210.65,257.1,0,0.0,0,0,2026-08-11
NIFTY,2026-10-27,26350.0,CE,0.0,0.0,0.0,194.1,236.26,0,0.0,0,0,2026-08-11
NIFTY,2026-12-29,18000.0,CE,6925.15,6925.15,6925.15,6925.15,6919.98,1,1620134.75,2275,65,2026-08-11
NIFTY,2026-12-29,34500.0,CE,0.0,0.0,0.0,5.0,0.8,0,0.0,910,0,2026-08-11
NIFTY,2027-03-30,22500.0,CE,0.0,0.0,0.0,3127.0,3165.72,0,0.0,3380,0,2026-08-11
NIFTY,2028-12-26,16500.0,CE,0.0,0.0,0.0,12176.65,10385.08,0,0.0,0,0,2026-08-11
NIFTY,2029-06-26,27000.0,CE,0.0,0.0,0.0,6570.4,3815.5,0,0.0,0,0,2026-08-11
NIFTY,2029-12-24,25500.0,CE,0.0,0.0,0.0,6500.6,5199.08,0,0.0,0,0,2026-08-11
NIFTY,2029-12-24,30000.0,CE,0.0,0.0,0.0,2863.2,3160.5,0,0.0,8145,0,2026-08-11
NIFTY,2030-12-31,21000.0,CE,0.0,0.0,0.0,10552.5,9064.67,0,0.0,0,0,2026-08-11
NIFTY,2031-06-24,27000.0,CE,0.0,0.0,0.0,5699.0,6198.13,0,0.0,0,0,2026-08-11
NIFTY,2026-08-11,22150.0,PE,0.1,0.25,0.05,0.05,24471.7,5373,7735818194.0,89570,6435,2026-08-11
NIFTY,2026-08-11,23000.0,PE,0.45,0.5,0.05,0.05,24471.7,152853,228517661550.75,1944280,-2361515,2026-08-11
NIFTY,2026-08-11,23250.0,PE,0.5,0.55,0.05,0.05,24471.7,17537,26503053050.5,194090,-49205,2026-08-11
NIFTY,2026-08-11,24000.0,PE,0.95,1.15,0.05,0.1,24471.7,1606048,2505491914945.5,9288370,-819065,2026-08-11
NIFTY,2026-08-11,24650.0,PE,105.0,213.0,102.65,184.35,24471.7,683493,1102925876952.25,797745,-1752660,2026-08-11
NIFTY,2026-08-11,24900.0,PE,335.0,461.8,325.0,439.0,24471.7,20567,33835140404.0,133185,-165425,2026-08-11
NIFTY,2026-08-11,25950.0,PE,0.0,0.0,0.0,1497.75,24471.7,0,0.0,0,0,2026-08-11
NIFTY,2026-08-11,26500.0,PE,2025.0,2025.0,2025.0,2025.0,24471.7,1,1854125.0,65,0,2026-08-11
NIFTY,2026-08-18,22700.0,PE,2.3,2.5,1.6,1.75,1.75,13230,19522576430.5,319735,85865,2026-08-11
NIFTY,2026-08-18,23100.0,PE,3.75,4.1,2.3,2.45,2.45,27365,41093710554.0,952640,99775,2026-08-11
NIFTY,2026-08-18,23800.0,PE,7.5,10.45,6.65,7.35,7.35,150743,233284815429.25,4229810,618215,2026-08-11
NIFTY,2026-08-18,23950.0,PE,14.9,19.2,12.15,13.6,13.6,42717,66543400638.0,738660,131885,2026-08-11
NIFTY,2026-08-18,24300.0,PE,57.05,80.95,56.0,63.05,63.05,142085,225063722835.25,2736825,695760,2026-08-11
NIFTY,2026-08-18,25200.0,PE,635.25,720.0,635.25,695.0,695.0,925,1556828539.5,98215,37375,2026-08-11
NIFTY,2026-08-18,25800.0,PE,1260.0,1280.0,1260.0,1280.0,1280.0,4,7037550.0,780,260,2026-08-11
NIFTY,2026-08-18,26150.0,PE,0.0,0.0,0.0,1988.05,1648.32,0,0.0,0,0,2026-08-11
NIFTY,2026-08-18,27000.0,PE,0.0,0.0,0.0,2801.4,2496.94,0,0.0,0,0,2026-08-11
NIFTY,2026-08-18,27050.0,PE,0.0,0.0,0.0,2850.25,2546.88,0,0.0,0,0,2026-08-11
NIFTY,2026-08-25,21650.0,PE,0.0,0.0,0.0,4.25,0.01,0,0.0,2080,0,2026-08-11
NIFTY,2026-08-25,22300.0,PE,4.05,4.35,3.3,3.75,3.75,1301,1886127509.5,244465,-910,2026-08-11
NIFTY,2026-08-25,22950.0,PE,7.45,7.85,6.0,6.4,6.4,848,1265394542.75,62725,-5655,2026-08-11
NIFTY,2026-08-25,23750.0,PE,27.2,32.0,24.0,26.0,26.0,2733,4223931221.25,169780,26910,2026-08-11
NIFTY,2026-08-25,24050.0,PE,58.55,70.65,54.3,59.4,59.4,3437,5387078771.75,184015,36920,2026-08-11
NIFTY,2026-08-25,24500.0,PE,165.0,213.0,164.1,188.75,188.75,99678,160008570533.5,5287620,521235,2026-08-11
NIFTY,2026-08-25,25400.0,PE,844.5,894.15,844.5,865.05,865.05,46,78574863.25,20735,-780,2026-08-11
NIFTY,2026-08-25,25950.0,PE,0.0,0.0,0.0,1325.0,1431.93,0,0.0,130,0,2026-08-11
NIFTY,2026-08-25,27200.0,PE,0.0,0.0,0.0,2981.55,2665.32,0,0.0,0,0,2026-08-11
NIFTY,2026-09-01,22350.0,PE,0.0,0.0,0.0,10.15,2.82,0,0.0,65,0,2026-08-11
NIFTY,2026-09-01,22950.0,PE,11.95,11.95,11.95,11.95,17.31,2,2985053.5,1950,-130,2026-08-11
NIFTY,2026-09-01,24050.0,PE,0.0,0.0,0.0,410.25,183.66,0,0.0,0,0,2026-08-11
NIFTY,2026-09-01,24300.0,PE,143.1,168.4,142.35,148.3,148.3,920,1462380705.5,49725,21775,2026-08-11
NIFTY,2026-09-01,25300.0,PE,0.0,0.0,0.0,1152.1,870.45,0,0.0,0,0,2026-08-11
NIFTY,2026-09-01,25750.0,PE,0.0,0.0,0.0,1508.85,1245.82,0,0.0,0,0,2026-08-11
NIFTY,2026-09-01,25900.0,PE,0.0,0.0,0.0,1635.9,1380.36,0,0.0,0,0,2026-08-11
NIFTY,2026-09-01,26150.0,PE,0.0,0.0,0.0,1854.75,1611.96,0,0.0,0,0,2026-08-11
NIFTY,2026-09-01,26250.0,PE,0.0,0.0,0.0,1944.45,1706.62,0,0.0,0,0,2026-08-11
NIFTY,2026-09-01,26650.0,PE,0.0,0.0,0.0,2313.1,2093.02,0,0.0,0,0,2026-08-11
NIFTY,2026-09-08,23150.0,PE,23.1,24.5,22.25,22.25,48.98,13,19581406.0,715,715,2026-08-11
NIFTY,2026-09-08,23500.0,PE,50.4,50.4,38.0,38.9,38.9,87,133120949.0,4745,4745,2026-08-11
NIFTY,2026-09-08,25000.0,PE,0.0,0.0,0.0,641.45,688.28,0,0.0,0,0,2026-08-11
NIFTY,2026-09-08,25150.0,PE,0.0,0.0,0.0,731.9,788.93,0,0.0,0,0,2026-08-11
NIFTY,2026-09-08,25200.0,PE,0.0,0.0,0.0,763.5,824.0,0,0.0,0,0,2026-08-11
NIFTY,2026-09-08,25350.0,PE,0.0,0.0,0.0,862.5,934.67,0,0.0,0,0,2026-08-11
NIFTY,2026-09-29,21000.0,PE,13.4,13.9,12.05,12.3,12.3,2991,4085242726.5,1409460,-31395,2026-08-11
NIFTY,2026-09-29,21950.0,PE,0.0,0.0,0.0,21.1,14.31,0,0.0,8840,0,2026-08-11
NIFTY,2026-09-29,22550.0,PE,25.75,25.9,21.9,23.2,23.2,69,101243788.75,7605,650,2026-08-11
NIFTY,2026-09-29,22600.0,PE,25.85,27.45,23.45,24.1,24.1,213,313252254.25,37830,3835,2026-08-11
NIFTY,2026-09-29,23400.0,PE,64.1,72.2,63.25,66.55,66.55,1586,2419262797.25,126165,-8060,2026-08-11
NIFTY,2026-09-29,24750.0,PE,409.95,440.65,406.55,419.35,419.35,129,211096860.0,38285,325,2026-08-11
NIFTY,2026-09-29,24950.0,PE,515.2,547.0,515.2,523.0,523.0,52,86130843.5,4030,1040,2026-08-11
NIFTY,2026-09-29,25650.0,PE,1019.25,1028.0,1016.85,1016.85,1016.85,4,6934931.25,65,65,2026-08-11
NIFTY,2026-09-29,25700.0,PE,0.0,0.0,0.0,1015.95,1235.69,0,0.0,195,0,2026-08-11
NIFTY,2026-09-29,27150.0,PE,0.0,0.0,0.0,2959.15,2479.65,0,0.0,0,0,2026-08-11
NIFTY,2026-09-29,33000.0,PE,0.0,0.0,0.0,6552.15,8238.52,0,0.0,0,0,2026-08-11
NIFTY,2026-10-27,23100.0,PE,76.15,80.9,74.0,75.7,75.7,63,94913949.0,25870,1495,2026-08-11
NIFTY,2026-10-27,23450.0,PE,113.55,119.65,111.0,112.05,112.05,50,76586614.0,22035,715,2026-08-11
NIFTY,2026-10-27,24300.0,PE,292.0,303.0,288.95,291.05,291.05,56,89525991.75,21125,0,2026-08-11
NIFTY,2026-10-27,24800.0,PE,474.2,498.6,470.0,473.2,473.2,112,184056918.5,13390,2860,2026-08-11
NIFTY,2026-10-27,24850.0,PE,0.0,0.0,0.0,486.25,762.95,0,0.0,1495,0,2026-08-11
NIFTY,2026-10-27,25000.0,PE,560.0,599.45,552.1,574.75,574.75,846,1406635187.75,231075,-4745,2026-08-11
NIFTY,2026-10-27,25200.0,PE,662.9,696.55,662.9,696.55,956.02,3,5047214.25,5200,0,2026-08-11
NIFTY,2026-10-27,25600.0,PE,0.0,0.0,0.0,847.95,1206.35,0,0.0,195,0,2026-08-11
NIFTY,2026-10-27,26000.0,PE,1230.0,1288.0,1230.0,1263.45,1263.45,76,134704241.75,38675,2340,2026-08-11
NIFTY,2026-10-27,26600.0,PE,0.0,0.0,0.0,2372.55,1952.26,0,0.0,0,0,2026-08-11
NIFTY,2026-12-29,12000.0,PE,7.0,8.0,7.0,7.8,7.8,13,10146370.0,17825,-455,2026-08-11
NIFTY,2027-03-30,33000.0,PE,0.0,0.0,0.0,8415.45,7220.11,0,0.0,0,0,2026-08-11
NIFTY,2027-06-29,33000.0,PE,0.0,0.0,0.0,4691.7,6783.74,0,0.0,0,0,2026-08-11
NIFTY,2027-12-28,19500.0,PE,0.0,0.0,0.0,29.25,88.4,0,0.0,0,0,2026-08-11
NIFTY,2027-12-28,22500.0,PE,0.0,0.0,0.0,186.5,442.44,0,0.0,0,0,2026-08-11
NIFTY,2027-12-28,30000.0,PE,0.0,0.0,0.0,3339.0,3806.71,0,0.0,195,0,2026-08-11
NIFTY,2028-06-27,18000.0,PE,0.0,0.0,0.0,396.75,50.64,0,0.0,0,0,2026-08-11
NIFTY,2028-06-27,22000.0,PE,0.0,0.0,0.0,387.05,404.83,0,0.0,1040,0,2026-08-11
NIFTY,2028-06-27,25500.0,PE,0.0,0.0,0.0,667.45,1299.65,0,0.0,0,0,2026-08-11
NIFTY,2028-12-26,21000.0,PE,356.85,356.85,340.05,340.05,295.56,3,4163051.75,7775,130,2026-08-11
NIFTY,2028-12-26,22500.0,PE,0.0,0.0,0.0,218.8,518.21,0,0.0,0,0,2026-08-11
NIFTY,2028-12-26,30000.0,PE,0.0,0.0,0.0,2352.75,3190.74,0,0.0,0,0,2026-08-11
NIFTY,2029-06-26,22500.0,PE,0.0,0.0,0.0,224.45,528.45,0,0.0,0,0,2026-08-11
NIFTY,2029-06-26,26000.0,PE,0.0,0.0,0.0,1650.0,1361.12,0,0.0,50,0,2026-08-11
NIFTY,2029-12-24,19500.0,PE,0.0,0.0,0.0,61.2,185.49,0,0.0,0,0,2026-08-11
NIFTY,2030-12-31,27000.0,PE,0.0,0.0,0.0,779.5,1412.31,0,0.0,0,0,2026-08-11
NIFTY,2030-12-31,33000.0,PE,0.0,0.0,0.0,2387.3,3526.94,0,0.0,0,0,2026-08-11
NIFTY,2026-09-08,24600.0,CE,323.85,326.75,284.45,289.0,289.0,283,458025766.25,19110,10205,2026-08-11
NIFTY,2026-09-29,25250.0,CE,0.0,0.0,0.0,422.05,362.72,0,0.0,0,0,2026-08-11
NIFTY,2026-09-29,25050.0,CE,238.75,240.6,209.85,214.55,214.55,112,183984697.0,25545,-1105,2026-08-11
NIFTY,2026-09-29,24250.0,CE,680.0,680.0,644.15,650.0,650.0,29,46944771.25,10075,325,2026-08-11
NIFTY,2026-09-29,23650.0,CE,0.0,0.0,0.0,1221.6,1235.5,0,0.0,650,0,2026-08-11
NIFTY,2026-09-29,23500.0,CE,1286.3,1286.3,1222.7,1243.15,1243.15,243,390877948.5,145730,-1300,2026-08-11
NIFTY,2026-09-29,23450.0,CE,0.0,0.0,0.0,1402.05,1388.55,0,0.0,390,0,2026-08-11
NIFTY,2026-09-29,23400.0,CE,1350.0,1350.0,1315.05,1315.05,1428.09,6,9645678.25,2990,65,2026-08-11
NIFTY,2026-09-29,23200.0,CE,0.0,0.0,0.0,1575.0,1590.91,0,0.0,1820,0,2026-08-11
NIFTY,2026-09-29,22350.0,CE,0.0,0.0,0.0,1788.15,2348.32,0,0.0,195,0,2026-08-11
NIFTY,2026-09-29,22300.0,CE,0.0,0.0,0.0,1833.95,2395.28,0,0.0,195,0,2026-08-11
NIFTY,2026-09-29,18000.0,CE,0.0,0.0,0.0,6300.0,6629.76,0,0.0,1300,0,2026-08-11
NIFTY,2026-09-29,15000.0,CE,0.0,0.0,0.0,10499.3,9603.42,0,0.0,0,0,2026-08-11
NIFTY,2026-09-08,25950.0,CE,0.0,0.0,0.0,130.75,68.47,0,0.0,0,0,2026-08-11
NIFTY,2026-09-08,25150.0,CE,0.0,0.0,0.0,343.0,227.27,0,0.0,0,0,2026-08-11
NIFTY,2026-09-08,23600.0,CE,0.0,0.0,0.0,1272.75,1094.15,0,0.0,0,0,2026-08-11
NIFTY,2026-10-27,27200.0,CE,0.0,0.0,0.0,92.4,108.87,0,0.0,0,0,2026-08-11
NIFTY,2026-12-29,16000.0,CE,8930.1,8930.1,8930.1,8930.1,8869.86,1,1620456.5,310,65,2026-08-11
NIFTY,2026-12-29,22500.0,CE,2625.0,2641.45,2614.7,2623.0,2623.0,8,13064285.0,15405,65,2026-08-11
NIFTY,2027-06-29,25500.0,CE,0.0,0.0,0.0,1300.0,1720.57,0,0.0,0,0,2026-08-11
NIFTY,2027-06-29,33000.0,CE,0.0,0.0,0.0,1122.75,113.75,0,0.0,0,0,2026-08-11
NIFTY,2027-12-28,33000.0,CE,0.0,0.0,0.0,120.0,387.2,0,0.0,3510,0,2026-08-11
NIFTY,2028-06-27,19500.0,CE,0.0,0.0,0.0,9209.1,7361.61,0,0.0,0,0,2026-08-11
NIFTY,2029-06-26,18000.0,CE,0.0,0.0,0.0,11678.65,9655.69,0,0.0,0,0,2026-08-11
NIFTY,2029-06-26,21000.0,CE,0.0,0.0,0.0,9799.75,7403.27,0,0.0,0,0,2026-08-11
NIFTY,2029-06-26,33000.0,CE,0.0,0.0,0.0,4179.45,1693.03,0,0.0,0,0,2026-08-11
NIFTY,2029-12-24,16500.0,CE,0.0,0.0,0.0,12984.85,11295.01,0,0.0,0,0,2026-08-11
NIFTY,2029-12-24,28500.0,CE,0.0,0.0,0.0,4802.1,3756.6,0,0.0,0,0,2026-08-11
NIFTY,2030-06-25,18000.0,CE,0.0,0.0,0.0,12423.9,10621.34,0,0.0,0,0,2026-08-11
NIFTY,2030-06-25,31500.0,CE,0.0,0.0,0.0,3984.8,3197.44,0,0.0,0,0,2026-08-11
NIFTY,2030-12-31,16500.0,CE,0.0,0.0,0.0,13763.55,12163.7,0,0.0,0,0,2026-08-11
NIFTY,2030-12-31,28500.0,CE,0.0,0.0,0.0,5968.3,4958.11,0,0.0,0,0,2026-08-11
NIFTY,2031-06-24,31500.0,CE,0.0,0.0,0.0,3928.35,4297.92,0,0.0,0,0,2026-08-11
NIFTY,2026-08-11,22750.0,PE,0.5,0.55,0.05,0.05,24471.7,8060,11918804244.75,113295,-30160,2026-08-11
NIFTY,2026-08-11,22950.0,PE,0.5,0.65,0.05,0.05,24471.7,21213,31644725752.25,176280,64285,2026-08-11
NIFTY,2026-08-11,24550.0,PE,40.0,119.5,40.0,84.75,24471.7,4906377,7859083454456.0,3226600,-3777735,2026-08-11
NIFTY,2026-08-11,24600.0,PE,74.65,163.7,58.0,134.4,24471.7,3247615,5221185387080.0,1590160,-9347910,2026-08-11
NIFTY,2026-08-11,25650.0,PE,1158.2,1191.15,1158.1,1190.0,24471.7,13,22665763.25,2990,-520,2026-08-11
NIFTY,2026-08-11,25800.0,PE,1263.05,1352.0,1263.05,1338.4,24471.7,32,56424108.0,1560,-325,2026-08-11
NIFTY,2026-08-11,26000.0,PE,1500.0,1558.1,1488.45,1534.15,24471.7,2015,3603535227.5,30485,-108095,2026-08-11
NIFTY,2026-08-18,22150.0,PE,1.85,1.9,1.05,1.2,1.2,551,793354331.25,11570,5070,2026-08-11
NIFTY,2026-08-18,22250.0,PE,2.0,2.0,1.05,1.2,1.2,500,723174361.0,9555,2860,2026-08-11
NIFTY,2026-08-18,22650.0,PE,2.1,2.35,1.5,1.7,1.7,610,898143411.75,10660,-195,2026-08-11
NIFTY,2026-08-18,23200.0,PE,3.25,4.0,2.45,2.65,2.65,43401,65457808380.25,1634360,186875,2026-08-11
NIFTY,2026-08-18,23350.0,PE,3.9,4.45,2.65,2.85,2.85,9641,14634660761.5,206180,76375,2026-08-11
NIFTY,2026-08-18,23600.0,PE,5.6,5.9,3.85,4.25,4.25,94558,145082040899.25,1805050,376935,2026-08-11
NIFTY,2026-08-18,24000.0,PE,16.9,24.1,15.5,17.25,17.25,259526,405198418313.0,5851820,1339260,2026-08-11
NIFTY,2026-08-18,24600.0,PE,162.75,218.3,156.2,189.1,189.1,171877,277008071102.75,1872000,-408005,2026-08-11
NIFTY,2026-08-18,25600.0,PE,1070.0,1100.15,1070.0,1089.0,1089.0,24,41643897.75,2210,910,2026-08-11
NIFTY,2026-08-18,26300.0,PE,0.0,0.0,0.0,2128.25,1797.92,0,0.0,0,0,2026-08-11
NIFTY,2026-08-18,26350.0,PE,0.0,0.0,0.0,2175.4,1847.82,0,0.0,0,0,2026-08-11
NIFTY,2026-08-18,26550.0,PE,0.0,0.0,0.0,2365.65,2047.5,0,0.0,0,0,2026-08-11
NIFTY,2026-08-25,21450.0,PE,2.6,2.75,2.6,2.75,0.0,3,4183266.75,5915,-65,2026-08-11
NIFTY,2026-08-25,21800.0,PE,4.25,4.25,2.7,3.2,3.2,169,239510176.75,53560,-975,2026-08-11
NIFTY,2026-08-25,22150.0,PE,4.1,4.2,3.1,3.55,3.55,155,223197809.25,15470,325,2026-08-11
NIFTY,2026-08-25,23200.0,PE,9.3,10.15,7.65,8.0,8.0,10763,16236967561.75,396045,-37700,2026-08-11
NIFTY,2026-08-25,23400.0,PE,11.45,14.0,9.95,10.9,10.9,20073,30546408837.75,777465,280930,2026-08-11
NIFTY,2026-08-25,23550.0,PE,16.15,19.35,14.7,15.7,15.7,1649,2526024442.5,177710,195,2026-08-11
NIFTY,2026-08-25,24450.0,PE,147.5,190.5,145.65,167.9,167.9,16529,26454071520.5,394290,245245,2026-08-11
NIFTY,2026-08-25,25100.0,PE,545.0,620.0,544.95,594.05,594.05,298,497537205.75,70850,-4160,2026-08-11
NIFTY,2026-08-25,26200.0,PE,0.0,0.0,0.0,1520.0,1673.98,0,0.0,44330,0,2026-08-11
NIFTY,2026-09-01,22050.0,PE,0.0,0.0,0.0,7.25,0.97,0,0.0,130,0,2026-08-11
NIFTY,2026-09-01,22100.0,PE,6.3,6.3,4.35,4.35,1.17,6,8620998.75,585,130,2026-08-11
NIFTY,2026-09-01,22150.0,PE,5.75,6.1,5.6,5.85,5.85,13,18721667.25,780,715,2026-08-11
NIFTY,2026-09-01,23250.0,PE,16.6,17.55,14.65,15.05,15.05,20,30246430.5,455,195,2026-08-11
NIFTY,2026-09-01,23300.0,PE,17.25,19.35,15.8,16.9,16.9,357,541087953.25,63635,4355,2026-08-11
NIFTY,2026-09-01,23350.0,PE,0.0,0.0,0.0,182.25,46.66,0,0.0,0,0,2026-08-11
NIFTY,2026-09-01,24000.0,PE,78.25,89.75,73.3,78.95,78.95,2202,3447021506.5,125775,41860,2026-08-11
NIFTY,2026-09-01,24450.0,PE,198.85,226.0,193.35,200.75,200.75,352,564225889.5,10465,1170,2026-08-11
NIFTY,2026-09-01,25050.0,PE,0.0,0.0,0.0,970.45,685.98,0,0.0,0,0,2026-08-11
NIFTY,2026-09-01,26000.0,PE,0.0,0.0,0.0,1500.0,1472.02,0,0.0,65,0,2026-08-11
NIFTY,2026-09-01,26400.0,PE,0.0,0.0,0.0,2081.0,1850.27,0,0.0,0,0,2026-08-11
NIFTY,2026-09-01,27150.0,PE,0.0,0.0,0.0,2789.8,2585.73,0,0.0,0,0,2026-08-11
NIFTY,2026-09-08,22950.0,PE,17.0,17.9,17.0,17.5,32.18,14,20900327.5,260,260,2026-08-11
NIFTY,2026-09-08,23650.0,PE,0.0,0.0,0.0,130.1,122.91,0,0.0,0,0,2026-08-11
NIFTY,2026-09-08,25650.0,PE,0.0,0.0,0.0,1079.4,1170.42,0,0.0,0,0,2026-08-11
NIFTY,2026-09-29,18000.0,PE,5.3,5.7,4.5,4.65,4.65,671,785288770.5,1022580,-23270,2026-08-11
NIFTY,2026-09-29,23300.0,PE,52.2,62.6,51.75,56.8,56.8,1497,2272926288.75,194870,13065,2026-08-11
NIFTY,2026-09-29,23850.0,PE,130.2,133.0,125.95,127.5,127.5,37,57668055.25,30095,910,2026-08-11
NIFTY,2026-09-29,24350.0,PE,237.15,270.4,237.15,252.05,252.05,159,254341912.5,13130,1625,2026-08-11
NIFTY,2026-09-29,25150.0,PE,653.4,653.4,653.4,653.4,855.52,1,1677221.0,1365,65,2026-08-11
NIFTY,2026-09-29,25350.0,PE,0.0,0.0,0.0,1488.65,985.44,0,0.0,0,0,2026-08-11
NIFTY,2026-09-29,26700.0,PE,0.0,0.0,0.0,2560.85,2066.39,0,0.0,0,0,2026-08-11
NIFTY,2026-10-27,22500.0,PE,41.15,44.15,38.35,39.3,39.3,6523,9557970971.25,225290,-90675,2026-08-11
NIFTY,2026-10-27,26200.0,PE,0.0,0.0,0.0,2040.5,1635.73,0,0.0,0,0,2026-08-11
NIFTY,2026-10-27,26350.0,PE,0.0,0.0,0.0,2163.0,1751.86,0,0.0,0,0,2026-08-11
NIFTY,2026-10-27,26700.0,PE,0.0,0.0,0.0,2458.1,2034.62,0,0.0,0,0,2026-08-11
NIFTY,2026-12-29,19500.0,PE,33.0,33.3,31.1,31.65,31.65,247,313588119.0,123565,1950,2026-08-11
NIFTY,2026-12-29,25000.0,PE,576.55,648.95,576.55,626.85,626.85,5012,8349984646.25,2036665,-111900,2026-08-11
NIFTY,2026-12-29,28500.0,PE,0.0,0.0,0.0,2260.0,3458.71,0,0.0,65,0,2026-08-11
NIFTY,2027-03-30,25500.0,PE,850.0,898.9,850.0,891.85,891.85,557,955254465.75,135200,13130,2026-08-11
NIFTY,2027-03-30,30000.0,PE,4233.0,4233.0,4233.0,4233.0,4492.58,1,2225145.0,455,0,2026-08-11
NIFTY,2027-03-30,31500.0,PE,0.0,0.0,0.0,7066.15,5829.67,0,0.0,0,0,2026-08-11
NIFTY,2027-06-29,24000.0,PE,506.3,506.3,480.05,490.0,728.84,8,12735872.5,845,260,2026-08-11
NIFTY,2027-06-29,31500.0,PE,0.0,0.0,0.0,3604.7,5468.57,0,0.0,0,0,2026-08-11
NIFTY,2027-12-28,15000.0,PE,0.0,0.0,0.0,39.0,1.49,0,0.0,625,0,2026-08-11
NIFTY,2027-12-28,22000.0,PE,322.3,326.0,315.0,315.0,315.0,17,24660766.0,36485,-130,2026-08-11
NIFTY,2028-06-27,21000.0,PE,0.0,0.0,0.0,907.2,263.66,0,0.0,0,0,2026-08-11
NIFTY,2028-12-26,18000.0,PE,0.0,0.0,0.0,250.0,69.04,0,0.0,75,0,2026-08-11
NIFTY,2028-12-26,25000.0,PE,0.0,0.0,0.0,955.1,1105.73,0,0.0,6010,0,2026-08-11
NIFTY,2028-12-26,33000.0,PE,0.0,0.0,0.0,3315.4,4965.94,0,0.0,0,0,2026-08-11
NIFTY,2029-06-26,21000.0,PE,0.0,0.0,0.0,320.25,315.09,0,0.0,0,0,2026-08-11
NIFTY,2029-06-26,31500.0,PE,0.0,0.0,0.0,2443.35,3702.3,0,0.0,0,0,2026-08-11
NIFTY,2030-06-25,16500.0,PE,0.0,0.0,0.0,12.0,50.75,0,0.0,0,0,2026-08-11
NIFTY,2030-06-25,19500.0,PE,0.0,0.0,0.0,64.95,194.29,0,0.0,0,0,2026-08-11
NIFTY,2030-06-25,33000.0,PE,0.0,0.0,0.0,3143.9,3833.95,0,0.0,0,0,2026-08-11
NIFTY,2026-09-08,26350.0,CE,0.0,0.0,0.0,74.45,33.69,0,0.0,0,0,2026-08-11
NIFTY,2026-09-08,25500.0,CE,0.0,0.0,0.0,230.65,139.33,0,0.0,0,0,2026-08-11
NIFTY,2026-09-08,24550.0,CE,337.9,337.95,313.8,313.8,313.8,9,14550425.5,585,0,2026-08-11
NIFTY,2026-09-08,23100.0,CE,0.0,0.0,0.0,1701.65,1523.06,0,0.0,0,0,2026-08-11
NIFTY,2026-09-01,27100.0,CE,2.2,2.2,0.95,1.6,1.6,22,38755275.0,780,520,2026-08-11
NIFTY,2026-09-01,26450.0,CE,2.35,2.35,2.35,2.35,12.29,1,1719402.75,195,65,2026-08-11
NIFTY,2026-09-01,26050.0,CE,0.0,0.0,0.0,85.25,30.73,0,0.0,0,0,2026-08-11
NIFTY,2026-09-01,25250.0,CE,0.0,0.0,0.0,227.15,141.58,0,0.0,0,0,2026-08-11
NIFTY,2026-09-01,24550.0,CE,306.55,319.2,259.55,267.6,267.6,276,445368166.75,12675,5330,2026-08-11
NIFTY,2026-09-01,23850.0,CE,0.0,0.0,0.0,630.0,834.41,0,0.0,65,0,2026-08-11
NIFTY,2026-09-01,22750.0,CE,0.0,0.0,0.0,1672.8,1810.78,0,0.0,0,0,2026-08-11
NIFTY,2026-09-01,22500.0,CE,0.0,0.0,0.0,2150.0,2054.63,0,0.0,0,0,2026-08-11
NIFTY,2026-08-25,27000.0,CE,0.9,0.9,0.65,0.7,0.7,1031,1809450968.0,117520,-21125,2026-08-11
NIFTY,2026-08-25,26650.0,CE,0.0,0.0,0.0,1.1,1.42,0,0.0,7540,0,2026-08-11
NIFTY,2026-08-25,25750.0,CE,4.8,5.5,2.8,3.1,3.1,1425,2385427304.0,81315,-910,2026-08-11
NIFTY,2026-08-11,21650.0,CE,0.0,0.0,0.0,2877.3,24471.7,0,0.0,0,0,2026-08-11
NIFTY,2026-08-11,23000.0,CE,1535.05,1535.05,1448.0,1466.1,24471.7,407,647633795.25,15535,-16510,2026-08-11
NIFTY,2026-08-11,23300.0,CE,1200.0,1204.15,1146.65,1176.05,24471.7,41,65233912.25,7410,65,2026-08-11
NIFTY,2026-08-11,24850.0,CE,2.95,5.1,0.05,0.2,24471.7,1603447,2590107103814.75,3259880,-3188705,2026-08-11
NIFTY,2026-08-11,25450.0,CE,0.6,0.65,0.05,0.05,24471.7,126986,210069664801.75,925210,-428350,2026-08-11
NIFTY,2026-08-11,26400.0,CE,0.2,0.9,0.05,0.05,24471.7,9004,15450985095.0,131625,-37115,2026-08-11
NIFTY,2026-08-11,26600.0,CE,0.3,0.4,0.05,0.05,24471.7,4294,7424382845.75,65325,-32825,2026-08-11
NIFTY,2026-08-11,26950.0,CE,0.45,0.5,0.05,0.05,24471.7,1888,3307322928.0,63635,11895,2026-08-11
NIFTY,2026-08-18,22550.0,CE,0.0,0.0,0.0,1684.2,1947.91,0,0.0,0,0,2026-08-11
NIFTY,2026-08-18,23750.0,CE,770.0,778.4,748.3,763.4,763.4,25,39838828.25,1690,780,2026-08-11
NIFTY,2026-08-18,25500.0,CE,3.5,3.5,1.7,1.9,1.9,182314,302210803817.0,5213780,1859455,2026-08-11
NIFTY,2026-08-18,25900.0,CE,1.15,1.15,0.85,0.95,0.95,48483,81624163032.75,1763190,461240,2026-08-11
NIFTY,2026-08-25,21850.0,CE,0.0,0.0,0.0,2494.1,2672.46,0,0.0,0,0,2026-08-11
NIFTY,2026-08-25,21950.0,CE,0.0,0.0,0.0,2408.05,2572.72,0,0.0,0,0,2026-08-11
NIFTY,2026-08-25,22750.0,CE,0.0,0.0,0.0,1318.8,1777.22,0,0.0,1300,0,2026-08-11
NIFTY,2026-08-25,23100.0,CE,0.0,0.0,0.0,1567.1,1435.21,0,0.0,5135,0,2026-08-11
NIFTY,2026-08-25,23250.0,CE,0.0,0.0,0.0,1451.5,1291.88,0,0.0,1365,0,2026-08-11
NIFTY,2026-08-25,23350.0,CE,0.0,0.0,0.0,1160.0,1198.03,0,0.0,1430,0,2026-08-11
NIFTY,2026-08-25,23550.0,CE,1000.0,1000.0,977.45,977.45,1015.79,7,11165852.75,6045,-65,2026-08-11
NIFTY,2026-08-25,23700.0,CE,976.6,976.6,833.0,860.0,860.0,248,396084247.0,181090,65,2026-08-11
NIFTY,2026-08-25,25000.0,CE,76.7,86.85,45.0,47.75,47.75,111629,181786778946.5,6933680,1313195,2026-08-11
NIFTY,2026-08-25,24750.0,CE,172.6,175.4,108.55,111.75,111.75,10023,16204191861.0,272155,20540,2026-08-11
NIFTY,2026-09-29,22250.0,CE,0.0,0.0,0.0,2117.8,2442.44,0,0.0,0,0,2026-08-11
NIFTY,2026-09-29,22150.0,CE,0.0,0.0,0.0,2200.35,2537.27,0,0.0,0,0,2026-08-11
NIFTY,2026-08-25,24600.0,CE,248.6,248.6,168.75,174.15,174.15,64589,104059469764.25,2497430,717405,2026-08-11
NIFTY,2026-08-25,24550.0,CE,277.6,277.6,193.5,199.45,199.45,10761,17317811283.5,341510,92625,2026-08-11
NIFTY,2026-08-25,24000.0,CE,696.6,696.6,567.35,588.6,588.6,8413,13449042704.5,5605210,41080,2026-08-11
NIFTY,2026-09-29,22400.0,CE,0.0,0.0,0.0,1741.4,2301.56,0,0.0,195,0,2026-08-11
NIFTY,2026-09-29,23250.0,CE,0.0,0.0,0.0,1565.2,1549.53,0,0.0,390,0,2026-08-11
NIFTY,2026-09-29,23550.0,CE,0.0,0.0,0.0,1090.3,1310.98,0,0.0,780,0,2026-08-11
NIFTY,2026-09-29,23800.0,CE,1020.0,1020.0,976.8,983.05,983.05,33,53174163.25,16575,455,2026-08-11
NIFTY,2026-09-29,25100.0,CE,236.05,241.4,194.05,198.6,198.6,1722,2832652956.25,148590,18785,2026-08-11
NIFTY,2026-09-29,26150.0,CE,0.0,0.0,0.0,215.05,141.69,0,0.0,0,0,2026-08-11
NIFTY,2026-09-29,27050.0,CE,0.0,0.0,0.0,100.0,45.63,0,0.0,0,0,2026-08-11
NIFTY,2026-10-27,23000.0,CE,1850.0,1852.0,1830.0,1852.0,1852.0,16,25837428.5,3250,0,2026-08-11
NIFTY,2026-10-27,23050.0,CE,0.0,0.0,0.0,1582.9,1898.86,0,0.0,0,0,2026-08-11
NIFTY,2026-10-27,25050.0,CE,0.0,0.0,0.0,424.0,636.72,0,0.0,1365,0,2026-08-11
NIFTY,2026-10-27,25150.0,CE,0.0,0.0,0.0,479.95,594.8,0,0.0,0,0,2026-08-11
NIFTY,2026-10-27,25650.0,CE,191.2,191.2,158.45,161.7,161.7,188,315469625.25,13260,8580,2026-08-11
NIFTY,2026-08-25,23000.0,CE,1590.05,1592.05,1512.0,1541.7,1541.7,553,882150613.5,509015,-17940,2026-08-11
NIFTY,2026-09-08,23900.0,PE,0.0,0.0,0.0,187.1,182.52,0,0.0,0,0,2026-08-11
NIFTY,2026-09-08,22900.0,PE,16.5,16.5,16.5,16.5,28.84,1,1489572.5,2535,65,2026-08-11
NIFTY,2026-09-01,26900.0,PE,0.0,0.0,0.0,2549.75,2338.55,0,0.0,0,0,2026-08-11
NIFTY,2026-09-01,25200.0,PE,676.0,676.0,665.0,670.35,670.35,6,10089449.5,0,0,2026-08-11
NIFTY,2026-08-25,25050.0,PE,542.95,577.7,537.65,541.8,646.71,54,89864888.75,8710,-455,2026-08-11
NIFTY,2026-08-18,22350.0,PE,2.15,2.15,1.05,1.35,1.35,2067,3003058129.5,20215,-12545,2026-08-11
NIFTY,2026-08-11,25200.0,PE,640.0,757.35,640.0,737.25,24471.7,1289,2171893779.25,57785,3315,2026-08-11
NIFTY,2027-03-30,24000.0,CE,1883.0,1883.0,1796.55,1807.95,1807.95,335,562395973.75,255255,7345,2026-08-11
NIFTY,2026-12-29,31500.0,CE,10.15,10.7,8.25,9.15,9.15,187,382996649.75,31070,4095,2026-08-11
NIFTY,2026-09-29,27000.0,CE,8.0,8.35,5.85,6.3,6.3,4716,8278650064.75,1683435,15665,2026-08-11
NIFTY,2026-09-29,26100.0,CE,0.0,0.0,0.0,223.8,150.03,0,0.0,0,0,2026-08-11
NIFTY,2026-09-29,22900.0,CE,0.0,0.0,0.0,1917.75,1847.66,0,0.0,585,0,2026-08-11
NIFTY,2026-09-08,25850.0,CE,0.0,0.0,0.0,149.2,80.83,0,0.0,0,0,2026-08-11
NIFTY,2026-09-08,25050.0,CE,0.0,0.0,0.0,381.4,258.93,0,0.0,0,0,2026-08-11
NIFTY,2026-09-01,27150.0,CE,2.1,2.1,1.85,1.85,1.85,7,12354140.5,455,65,2026-08-11
NIFTY,2026-09-01,25400.0,CE,35.85,38.8,25.7,27.6,27.6,7138,11799315619.0,227500,218205,2026-08-11
NIFTY,2026-09-01,23500.0,CE,1088.0,1088.0,1088.0,1088.0,1118.44,1,1598220.0,390,65,2026-08-11
NIFTY,2026-09-01,22550.0,CE,0.0,0.0,0.0,1849.95,2005.59,0,0.0,0,0,2026-08-11
NIFTY,2026-08-18,23850.0,CE,709.05,709.05,643.0,669.8,669.8,296,471750906.25,17355,15795,2026-08-11
NIFTY,2026-08-18,23250.0,CE,0.0,0.0,0.0,1401.9,1250.85,0,0.0,260,0,2026-08-11
NIFTY,2026-08-18,23000.0,CE,1549.35,1549.35,1483.7,1510.6,1510.6,289,460491863.0,37700,8060,2026-08-11
NIFTY,2026-08-18,22000.0,CE,2508.0,2518.0,2485.0,2498.1,2498.1,40,63714199.25,2600,2600,2026-08-11
NIFTY,2026-09-29,22450.0,PE,22.5,23.75,21.65,21.65,36.17,25,36518017.25,6110,520,2026-08-11
NIFTY,2026-08-11,25800.0,CE,0.3,0.5,0.05,0.05,24471.7,139846,234524533265.75,2333045,-1121185,2026-08-11
NIFTY,2026-08-11,26150.0,CE,0.4,0.5,0.05,0.05,24471.7,13721,23322463716.5,387985,-53495,2026-08-11
NIFTY,2026-08-11,26900.0,CE,0.25,0.45,0.05,0.05,24471.7,7390,12921477991.5,79690,-19435,2026-08-11
NIFTY,2026-08-11,27000.0,CE,0.2,0.3,0.05,0.05,24471.7,20522,36016281353.0,367120,100685,2026-08-11
NIFTY,2026-08-18,22750.0,CE,0.0,0.0,0.0,1507.45,1748.22,0,0.0,0,0,2026-08-11
NIFTY,2026-08-18,22950.0,CE,0.0,0.0,0.0,1337.6,1548.72,0,0.0,0,0,2026-08-11
NIFTY,2026-08-18,24500.0,CE,215.05,221.15,138.4,143.95,143.95,413115,662030321842.5,5137275,3991845,2026-08-11
NIFTY,2026-08-18,24800.0,CE,90.15,90.15,34.0,36.25,36.25,213657,345027098718.25,4268745,2189005,2026-08-11
NIFTY,2026-08-18,25600.0,CE,2.85,2.85,1.25,1.35,1.35,127905,212847116040.0,2443805,1621230,2026-08-11
NIFTY,2026-08-18,27050.0,CE,0.65,0.8,0.65,0.8,0.0,8,14066396.5,650,390,2026-08-11
NIFTY,2026-08-25,21200.0,CE,0.0,0.0,0.0,3470.0,3320.92,0,0.0,10075,0,2026-08-11
NIFTY,2026-08-25,21800.0,CE,0.0,0.0,0.0,2490.0,2722.34,0,0.0,130,0,2026-08-11
NIFTY,2026-08-25,23050.0,CE,0.0,0.0,0.0,1055.95,1483.52,0,0.0,715,0,2026-08-11
NIFTY,2026-08-25,23650.0,CE,892.9,920.0,892.9,911.9,911.9,14,22348829.75,8060,-195,2026-08-11
NIFTY,2026-08-25,23850.0,CE,841.6,841.6,708.5,717.15,717.15,33,52831554.75,19435,-390,2026-08-11
NIFTY,2026-08-25,24050.0,CE,652.4,656.6,527.75,543.1,543.1,195,311994553.0,31460,-2145,2026-08-11
NIFTY,2026-08-25,24400.0,CE,378.4,381.6,276.65,286.3,286.3,25000,40124200210.25,992485,272675,2026-08-11
NIFTY,2026-08-25,24800.0,CE,144.0,149.6,91.05,94.7,94.7,37606,60873671764.75,2529410,224965,2026-08-11
NIFTY,2026-08-25,25300.0,CE,25.0,26.3,12.65,14.0,14.0,36099,59405948231.5,1266590,132665,2026-08-11
NIFTY,2026-08-25,25550.0,CE,10.2,10.65,4.75,5.4,5.4,8931,14835569908.25,180700,172835,2026-08-11
NIFTY,2026-08-25,26400.0,CE,1.25,1.25,0.65,0.9,0.9,2963,5084677139.75,242580,-455,2026-08-11
NIFTY,2026-08-25,26450.0,CE,0.0,0.0,0.0,1.55,2.87,0,0.0,3770,0,2026-08-11
NIFTY,2026-08-25,26750.0,CE,0.0,0.0,0.0,1.05,0.99,0,0.0,2405,0,2026-08-11
NIFTY,2026-09-01,22400.0,CE,0.0,0.0,0.0,1986.25,2153.0,0,0.0,0,0,2026-08-11
NIFTY,2026-09-01,22700.0,CE,0.0,0.0,0.0,1716.55,1859.25,0,0.0,0,0,2026-08-11
NIFTY,2026-09-01,23000.0,CE,0.0,0.0,0.0,1050.0,1571.53,0,0.0,650,0,2026-08-11
NIFTY,2026-09-01,23150.0,CE,0.0,0.0,0.0,1338.05,1431.29,0,0.0,0,0,2026-08-11
NIFTY,2026-09-01,23750.0,CE,0.0,0.0,0.0,899.6,911.98,0,0.0,0,0,2026-08-11
NIFTY,2026-09-01,24500.0,CE,350.05,351.35,285.0,291.4,291.4,3191,5144080932.25,114920,72995,2026-08-11
NIFTY,2026-09-01,24750.0,CE,202.0,203.4,166.5,171.4,171.4,211,341890864.25,8060,3120,2026-08-11
NIFTY,2026-09-01,25050.0,CE,0.0,0.0,0.0,100.45,194.87,0,0.0,260,0,2026-08-11
NIFTY,2026-09-01,25550.0,CE,26.2,26.25,15.7,18.3,18.3,755,1254827730.0,104910,6240,2026-08-11
NIFTY,2026-09-01,26500.0,CE,2.2,2.2,1.7,1.8,1.8,9,15503663.5,2145,65,2026-08-11
NIFTY,2026-09-08,24000.0,CE,740.05,740.05,700.0,700.0,700.0,7,11243856.0,715,195,2026-08-11
NIFTY,2026-09-08,24450.0,CE,375.0,375.0,375.0,375.0,518.4,1,1613625.0,65,65,2026-08-11
NIFTY,2026-09-08,25100.0,CE,0.0,0.0,0.0,361.85,242.71,0,0.0,0,0,2026-08-11
NIFTY,2026-09-08,26300.0,CE,10.45,11.35,6.35,6.5,6.5,68,116278477.25,9880,2665,2026-08-11
NIFTY,2026-09-29,21000.0,CE,3720.05,3720.05,3633.25,3655.0,3655.0,94,150675963.75,478790,-1430,2026-08-11
NIFTY,2026-09-29,21600.0,CE,0.0,0.0,0.0,2922.0,3068.27,0,0.0,1430,0,2026-08-11
NIFTY,2026-09-29,21950.0,CE,0.0,0.0,0.0,2369.2,2728.76,0,0.0,0,0,2026-08-11
NIFTY,2026-09-29,22850.0,CE,0.0,0.0,0.0,1453.0,1891.73,0,0.0,390,0,2026-08-11
NIFTY,2026-09-29,23100.0,CE,0.0,0.0,0.0,1527.35,1674.93,0,0.0,650,0,2026-08-11
NIFTY,2026-09-29,24300.0,CE,656.9,656.9,604.0,615.25,615.25,323,523221026.25,142610,6045,2026-08-11
NIFTY,2026-09-29,25950.0,CE,0.0,0.0,0.0,251.8,177.51,0,0.0,0,0,2026-08-11
NIFTY,2026-10-27,22650.0,CE,0.0,0.0,0.0,1882.95,2234.53,0,0.0,0,0,2026-08-11
NIFTY,2026-10-27,23250.0,CE,0.0,0.0,0.0,1441.3,1739.44,0,0.0,0,0,2026-08-11
NIFTY,2026-10-27,23650.0,CE,0.0,0.0,0.0,1181.9,1440.84,0,0.0,0,0,2026-08-11
NIFTY,2026-10-27,24100.0,CE,0.0,0.0,0.0,910.0,1138.23,0,0.0,130,0,2026-08-11
NIFTY,2026-10-27,24600.0,CE,650.0,650.0,598.0,599.0,599.0,95,155660531.0,19825,2990,2026-08-11
NIFTY,2026-10-27,26450.0,CE,0.0,0.0,0.0,178.65,216.8,0,0.0,0,0,2026-08-11
NIFTY,2026-12-29,19500.0,CE,0.0,0.0,0.0,7586.85,5462.1,0,0.0,0,0,2026-08-11
NIFTY,2026-12-29,25500.0,CE,527.05,527.05,478.4,481.6,481.6,1505,2542767194.5,667940,12870,2026-08-11
NIFTY,2027-03-30,21000.0,CE,0.0,0.0,0.0,3217.45,4418.5,0,0.0,0,0,2026-08-11
NIFTY,2027-03-30,30000.0,CE,51.65,53.35,45.55,47.65,47.65,836,1632821203.0,88335,-15860,2026-08-11
NIFTY,2027-06-29,16500.0,CE,0.0,0.0,0.0,10867.2,8902.5,0,0.0,0,0,2026-08-11
NIFTY,2027-06-29,19500.0,CE,0.0,0.0,0.0,8143.4,6113.88,0,0.0,0,0,2026-08-11
NIFTY,2027-12-28,21000.0,CE,0.0,0.0,0.0,4902.4,5507.08,0,0.0,0,0,2026-08-11
NIFTY,2028-06-27,27000.0,CE,0.0,0.0,0.0,1935.0,2506.72,0,0.0,0,0,2026-08-11
NIFTY,2029-06-26,25500.0,CE,0.0,0.0,0.0,5917.35,4574.91,0,0.0,0,0,2026-08-11
NIFTY,2029-12-24,21000.0,CE,0.0,0.0,0.0,9463.95,7971.09,0,0.0,0,0,2026-08-11
NIFTY,2030-12-31,19500.0,CE,0.0,0.0,0.0,11601.15,10058.64,0,0.0,0,0,2026-08-11
NIFTY,2030-12-31,25500.0,CE,0.0,0.0,0.0,7639.65,6410.7,0,0.0,0,0,2026-08-11
NIFTY,2031-06-24,18000.0,CE,0.0,0.0,0.0,10825.95,11517.03,0,0.0,0,0,2026-08-11
NIFTY,2031-06-24,30000.0,CE,0.0,0.0,0.0,4459.9,4871.7,0,0.0,0,0,2026-08-11
NIFTY,2026-08-11,21700.0,PE,0.2,0.5,0.05,0.05,24471.7,5807,8190822630.25,148135,-70135,2026-08-11
NIFTY,2026-08-11,22250.0,PE,0.35,0.65,0.05,0.1,24471.7,1477,2136133668.5,35815,11830,2026-08-11
NIFTY,2026-08-11,22300.0,PE,0.4,0.8,0.05,0.05,24471.7,8849,12826721664.25,134485,-45045,2026-08-11
NIFTY,2026-08-11,22700.0,PE,0.4,0.5,0.05,0.1,24471.7,16972,25042462175.25,453440,27235,2026-08-11
NIFTY,2026-08-11,22900.0,PE,0.4,0.65,0.05,0.05,24471.7,15252,22702775075.5,238875,-75660,2026-08-11
NIFTY,2026-08-11,23550.0,PE,0.35,0.7,0.05,0.05,24471.7,76801,117564506663.5,564590,23790,2026-08-11
NIFTY,2026-08-11,25150.0,PE,588.85,707.5,588.85,692.2,24471.7,594,997061198.25,34320,16705,2026-08-11
NIFTY,2026-08-11,25600.0,PE,1100.0,1139.95,1095.9,1105.0,24471.7,40,69474665.0,2600,-715,2026-08-11
NIFTY,2026-08-11,25750.0,PE,1280.0,1283.9,1280.0,1281.95,24471.7,2,3514153.5,130,-65,2026-08-11
NIFTY,2026-08-11,25850.0,PE,1422.45,1422.45,1355.0,1390.0,24471.7,7,12387599.25,325,-130,2026-08-11
NIFTY,2026-08-11,26150.0,PE,0.0,0.0,0.0,1672.3,24471.7,0,0.0,0,0,2026-08-11
NIFTY,2026-08-11,26400.0,PE,0.0,0.0,0.0,1897.95,24471.7,0,0.0,0,0,2026-08-11
NIFTY,2026-08-11,26700.0,PE,0.0,0.0,0.0,2177.2,24471.7,0,0.0,0,0,2026-08-11
NIFTY,2026-08-11,26800.0,PE,0.0,0.0,0.0,2271.9,24471.7,0,0.0,0,0,2026-08-11
NIFTY,2026-08-11,27100.0,PE,0.0,0.0,0.0,2559.7,24471.7,0,0.0,0,0,2026-08-11
NIFTY,2026-08-11,27200.0,PE,0.0,0.0,0.0,2656.55,24471.7,0,0.0,0,0,2026-08-11
NIFTY,2026-08-18,22000.0,PE,1.7,1.85,1.0,1.1,1.1,41114,58796539886.5,3261830,136565,2026-08-11
NIFTY,2026-08-18,22950.0,PE,4.0,4.0,1.55,2.1,2.1,3367,5023233332.0,68900,14820,2026-08-11
NIFTY,2026-08-18,23050.0,PE,4.15,4.15,2.15,2.3,2.3,2756,4129649442.75,69875,25805,2026-08-11
NIFTY,2026-08-18,24350.0,PE,70.05,98.0,68.6,77.9,77.9,86414,137249738730.0,1019460,423345,2026-08-11
NIFTY,2026-08-18,24800.0,PE,275.0,359.0,275.0,329.1,329.1,19907,32518724189.25,437320,73905,2026-08-11
NIFTY,2026-08-18,25350.0,PE,789.95,861.6,789.95,849.5,849.5,79,134405479.0,1430,715,2026-08-11
NIFTY,2026-08-18,25450.0,PE,0.0,0.0,0.0,800.0,960.47,0,0.0,65,0,2026-08-11
NIFTY,2026-08-18,25950.0,PE,0.0,0.0,0.0,1804.45,1449.32,0,0.0,0,0,2026-08-11
NIFTY,2026-08-25,21200.0,PE,2.8,3.1,2.1,2.35,2.35,6555,9033821836.0,1057550,265655,2026-08-11
NIFTY,2026-08-25,21350.0,PE,4.1,4.1,3.0,3.0,0.0,7,9715849.0,3380,-130,2026-08-11
NIFTY,2026-08-25,22100.0,PE,4.0,4.25,3.45,3.7,3.7,937,1346227086.75,75010,22360,2026-08-11
NIFTY,2026-08-25,22200.0,PE,5.05,5.05,3.45,3.7,3.7,2503,3612453890.5,234780,83460,2026-08-11
NIFTY,2026-08-25,22650.0,PE,6.0,6.0,4.65,4.8,4.8,275,404965856.75,25480,-3770,2026-08-11
NIFTY,2026-08-25,24350.0,PE,121.55,150.0,118.05,132.1,132.1,4232,6736010687.25,171795,10400,2026-08-11
NIFTY,2026-08-25,25000.0,PE,446.0,540.75,446.0,509.25,509.25,8624,14301129157.25,2271100,-73320,2026-08-11
NIFTY,2026-08-25,25200.0,PE,629.95,708.85,629.95,681.9,681.9,544,914980257.75,122200,-5980,2026-08-11
NIFTY,2026-08-25,25350.0,PE,0.0,0.0,0.0,705.15,885.33,0,0.0,1040,0,2026-08-11
NIFTY,2026-09-01,22000.0,PE,5.3,6.25,4.75,5.1,5.1,218,311814948.25,29120,6630,2026-08-11
NIFTY,2026-09-01,23900.0,PE,65.0,71.0,58.9,62.25,62.25,496,772630579.5,28925,6630,2026-08-11
NIFTY,2026-09-01,25000.0,PE,493.9,543.0,480.8,496.1,496.1,777,1288246248.25,23660,5655,2026-08-11
NIFTY,2026-09-08,24950.0,PE,0.0,0.0,0.0,612.8,656.31,0,0.0,0,0,2026-08-11
NIFTY,2026-09-08,25450.0,PE,0.0,0.0,0.0,931.85,1010.19,0,0.0,0,0,2026-08-11
NIFTY,2026-09-08,25950.0,PE,0.0,0.0,0.0,1315.0,1426.42,0,0.0,0,0,2026-08-11
NIFTY,2026-09-08,26250.0,PE,0.0,0.0,0.0,1568.65,1697.06,0,0.0,0,0,2026-08-11
NIFTY,2026-09-29,22900.0,PE,33.8,37.5,32.75,33.4,33.4,462,688739733.5,69420,130,2026-08-11
NIFTY,2026-09-29,23000.0,PE,40.0,42.35,35.8,38.3,38.3,11209,16786505342.75,2786560,31200,2026-08-11
NIFTY,2026-09-29,23600.0,PE,86.9,96.5,84.35,87.8,87.8,2434,3748154562.75,226980,28665,2026-08-11
NIFTY,2026-09-29,23650.0,PE,99.2,102.55,93.0,95.5,95.5,81,125030857.25,21125,910,2026-08-11
NIFTY,2026-09-29,24450.0,PE,266.5,305.5,266.5,288.4,288.4,198,318469804.25,18070,3770,2026-08-11
NIFTY,2026-09-29,24800.0,PE,432.95,464.0,430.05,442.8,442.8,1408,2310932685.75,231010,-4355,2026-08-11
NIFTY,2026-09-29,25850.0,PE,0.0,0.0,0.0,1859.75,1349.29,0,0.0,0,0,2026-08-11
NIFTY,2026-09-29,26200.0,PE,0.0,0.0,0.0,1750.0,1631.95,0,0.0,130,0,2026-08-11
NIFTY,2026-09-29,26500.0,PE,1750.0,1823.2,1750.0,1800.7,1800.7,16,29441720.75,32305,780,2026-08-11
NIFTY,2026-09-29,27050.0,PE,0.0,0.0,0.0,2869.35,2386.4,0,0.0,0,0,2026-08-11
