SYMBOL,EXPIRY_DT,STRIKE_PR,OPTION_TYP,OPEN,HIGH,LOW,CLOSE,SETTLE_PR,CONTRACTS,VAL_INLAKH,OPEN_INT,CHG_IN_OI,TIMESTAMP
NIFTY,2026-10-27,26950.0,PE,0.0,0.0,0.0,2675.85,2451.4,0,0.0,0,0,2026-08-21
NIFTY,2026-12-29,15000.0,PE,11.05,11.65,9.35,9.35,9.35,31,30245491.25,118350,910,2026-08-21
NIFTY,2026-12-29,16000.0,PE,13.2,13.55,11.7,12.85,12.85,12,12490065.25,114200,130,2026-08-21
NIFTY,2026-12-29,24000.0,PE,326.1,332.0,315.85,318.8,318.8,2756,4356989373.75,2365825,14760,2026-08-21
NIFTY,2026-12-29,33000.0,PE,0.0,0.0,0.0,5263.45,7989.57,0,0.0,0,0,2026-08-21
NIFTY,2027-12-28,28500.0,PE,0.0,0.0,0.0,2979.7,2958.49,0,0.0,260,0,2026-08-21
NIFTY,2027-12-28,31500.0,PE,0.0,0.0,0.0,3240.0,5073.41,0,0.0,0,0,2026-08-21
NIFTY,2027-12-28,33000.0,PE,0.0,0.0,0.0,4155.55,6267.87,0,0.0,0,0,2026-08-21
NIFTY,2028-06-27,19500.0,PE,0.0,0.0,0.0,40.05,125.14,0,0.0,0,0,2026-08-21
NIFTY,2028-06-27,30000.0,PE,0.0,0.0,0.0,3779.25,3597.45,0,0.0,0,0,2026-08-21
NIFTY,2028-12-26,16500.0,PE,0.0,0.0,0.0,5.9,25.78,0,0.0,0,0,2026-08-21
NIFTY,2029-12-24,18000.0,PE,0.0,0.0,0.0,96.5,94.25,0,0.0,0,0,2026-08-21
NIFTY,2029-12-24,23000.0,PE,0.0,0.0,0.0,725.0,619.63,0,0.0,1560,0,2026-08-21
NIFTY,2029-12-24,26000.0,PE,0.0,0.0,0.0,1798.95,1321.95,0,0.0,3730,0,2026-08-21
NIFTY,2030-06-25,24000.0,PE,0.0,0.0,0.0,698.15,788.2,0,0.0,0,0,2026-08-21
NIFTY,2030-12-31,25500.0,PE,0.0,0.0,0.0,538.25,1061.29,0,0.0,0,0,2026-08-21
NIFTY,2031-06-24,31500.0,PE,0.0,0.0,0.0,3185.85,2750.55,0,0.0,0,0,2026-08-21
NIFTY,2026-09-08,24550.0,PE,346.95,347.0,312.95,320.1,475.88,63,101858900.0,3705,650,2026-08-21
NIFTY,2026-08-25,24250.0,PE,61.9,86.3,55.0,62.9,62.9,4213154,6659073175225.25,6855290,1877785,2026-08-21
NIFTY,2026-08-25,22350.0,CE,0.0,0.0,0.0,1780.0,1916.86,0,0.0,130,0,2026-08-21
NIFTY,2026-08-25,26150.0,CE,0.6,0.7,0.4,0.45,0.45,2243,3812610418.5,91065,3510,2026-08-21
NIFTY,2026-08-25,26600.0,CE,0.65,0.75,0.35,0.4,0.4,1437,2484618162.0,59995,10985,2026-08-21
NIFTY,2026-09-01,23200.0,PE,5.95,5.95,4.35,4.65,4.65,26083,39341644195.75,859430,480675,2026-08-21
NIFTY,2026-09-15,25800.0,CE,0.0,0.0,0.0,125.8,43.63,0,0.0,0,0,2026-08-21
NIFTY,2026-08-25,22100.0,CE,0.0,0.0,0.0,2281.05,2166.7,0,0.0,0,0,2026-08-21
NIFTY,2026-08-25,22550.0,CE,1719.0,1719.0,1719.0,1719.0,1717.0,2,3154970.0,1430,-130,2026-08-21
NIFTY,2026-08-25,22700.0,CE,1580.05,1601.0,1580.0,1601.0,1567.1,8,12626991.0,4680,-390,2026-08-21
NIFTY,2026-08-25,23200.0,CE,1100.0,1107.85,1074.65,1087.5,1087.5,111,175282077.75,19305,-650,2026-08-21
NIFTY,2026-08-25,23400.0,CE,860.0,910.0,859.95,885.95,885.95,48,75775856.0,28535,-390,2026-08-21
NIFTY,2026-08-25,23600.0,CE,714.05,722.75,659.95,689.4,689.4,383,604770208.25,229385,-5265,2026-08-21
NIFTY,2026-08-25,24250.0,CE,130.0,132.2,91.55,99.65,99.65,3351257,5305298257015.25,6769880,2599285,2026-08-21
NIFTY,2026-08-25,24300.0,CE,98.0,105.0,67.2,72.55,72.55,4041618,6404171028290.75,13469820,3683940,2026-08-21
NIFTY,2026-08-25,24650.0,CE,6.85,6.85,3.8,4.15,4.15,422356,676849394640.25,3411980,519090,2026-08-21
NIFTY,2026-08-25,25150.0,CE,1.0,1.4,0.85,0.95,0.95,65456,107008883943.0,721565,-30420,2026-08-21
NIFTY,2026-09-01,26400.0,CE,0.8,1.3,0.7,0.75,0.75,107,183617694.0,17030,-325,2026-08-21
NIFTY,2026-09-01,26250.0,CE,1.35,1.4,0.75,0.95,0.95,201,342971882.5,8905,5200,2026-08-21
NIFTY,2026-09-01,24600.0,CE,50.0,54.2,40.2,44.65,44.65,50227,80459123683.25,1793675,551525,2026-08-21
NIFTY,2026-09-01,24450.0,CE,105.0,105.0,79.15,87.5,87.5,18321,29221920084.5,260455,-121550,2026-08-21
NIFTY,2026-09-01,22200.0,CE,0.0,0.0,0.0,2171.8,2092.7,0,0.0,0,0,2026-08-21
NIFTY,2026-09-01,22000.0,CE,0.0,0.0,0.0,2360.9,2292.25,0,0.0,0,0,2026-08-21
NIFTY,2026-08-25,26900.0,CE,0.65,0.7,0.3,0.4,0.4,2762,4829437096.25,127920,13715,2026-08-21
NIFTY,2026-08-25,26250.0,CE,0.55,0.75,0.35,0.45,0.45,2373,4049007758.25,71045,6695,2026-08-21
NIFTY,2026-08-25,25900.0,CE,0.5,0.6,0.4,0.45,0.45,41833,70427141619.25,805090,-140140,2026-08-21
NIFTY,2026-08-25,25850.0,CE,0.5,0.6,0.4,0.5,0.5,5567,9354134140.0,210080,9815,2026-08-21
NIFTY,2026-08-25,24450.0,CE,45.0,45.0,19.1,21.75,21.75,963191,1532298809037.75,3692715,962780,2026-08-21
NIFTY,2026-08-25,22500.0,CE,1772.95,1811.6,1765.0,1786.3,1786.3,1313,2073571782.75,183430,-65845,2026-08-21
NIFTY,2026-08-25,21700.0,CE,0.0,0.0,0.0,2535.0,2566.43,0,0.0,650,0,2026-08-21
NIFTY,2026-08-25,21650.0,CE,0.0,0.0,0.0,2669.3,2616.4,0,0.0,0,0,2026-08-21
NIFTY,2026-08-25,21300.0,CE,0.0,0.0,0.0,3070.0,2966.16,0,0.0,3705,0,2026-08-21
NIFTY,2026-09-29,24800.0,CE,133.95,140.6,122.9,130.75,130.75,6210,10063154260.25,931385,77415,2026-08-21
NIFTY,2030-12-31,21000.0,PE,325.05,450.0,325.0,450.0,328.75,3,4166503.25,845,65,2026-08-21
NIFTY,2030-06-25,25500.0,PE,0.0,0.0,0.0,568.55,1122.35,0,0.0,0,0,2026-08-21
NIFTY,2030-06-25,21000.0,PE,0.0,0.0,0.0,220.0,330.18,0,0.0,65,0,2026-08-21
NIFTY,2029-12-24,31500.0,PE,0.0,0.0,0.0,2240.25,3498.99,0,0.0,0,0,2026-08-21
NIFTY,2029-12-24,25500.0,PE,0.0,0.0,0.0,597.3,1182.15,0,0.0,0,0,2026-08-21
NIFTY,2029-06-26,24000.0,PE,0.0,0.0,0.0,825.0,841.51,0,0.0,155,0,2026-08-21
NIFTY,2028-12-26,28500.0,PE,0.0,0.0,0.0,1451.15,2518.31,0,0.0,0,0,2026-08-21
NIFTY,2028-12-26,27000.0,PE,0.0,0.0,0.0,1655.0,1850.35,0,0.0,13165,0,2026-08-21
NIFTY,2027-03-30,19500.0,PE,52.6,53.6,51.1,51.9,51.9,297,377451928.75,89245,845,2026-08-21
NIFTY,2026-12-29,26000.0,PE,1299.9,1334.95,1299.9,1318.65,1318.65,378,671113163.5,1402675,-2470,2026-08-21
NIFTY,2026-12-29,13000.0,PE,0.0,0.0,0.0,9.7,0.0,0,0.0,8590,0,2026-08-21
NIFTY,2026-10-27,26150.0,PE,0.0,0.0,0.0,1657.0,1760.12,0,0.0,130,0,2026-08-21
NIFTY,2026-10-27,23150.0,CE,0.0,0.0,0.0,1510.7,1564.03,0,0.0,0,0,2026-08-21
NIFTY,2030-12-31,33000.0,PE,0.0,0.0,0.0,2387.3,3604.32,0,0.0,0,0,2026-08-21
NIFTY,2030-12-31,27000.0,PE,0.0,0.0,0.0,779.5,1435.02,0,0.0,0,0,2026-08-21
NIFTY,2029-12-24,19500.0,PE,0.0,0.0,0.0,61.2,184.51,0,0.0,0,0,2026-08-21
NIFTY,2029-06-26,26000.0,PE,0.0,0.0,0.0,1650.0,1394.86,0,0.0,50,0,2026-08-21
NIFTY,2029-06-26,22500.0,PE,0.0,0.0,0.0,224.45,536.24,0,0.0,0,0,2026-08-21
NIFTY,2028-12-26,30000.0,PE,0.0,0.0,0.0,2352.75,3292.71,0,0.0,0,0,2026-08-21
NIFTY,2028-12-26,22500.0,PE,0.0,0.0,0.0,218.8,528.31,0,0.0,0,0,2026-08-21
NIFTY,2028-12-26,21000.0,PE,0.0,0.0,0.0,440.0,298.96,0,0.0,7775,0,2026-08-21
NIFTY,2028-06-27,25500.0,PE,0.0,0.0,0.0,667.45,1344.82,0,0.0,0,0,2026-08-21
NIFTY,2028-06-27,22000.0,PE,375.0,480.0,375.0,375.1,414.0,3,4369956.5,1300,0,2026-08-21
NIFTY,2028-06-27,18000.0,PE,0.0,0.0,0.0,396.75,49.85,0,0.0,0,0,2026-08-21
NIFTY,2027-12-28,30000.0,PE,0.0,0.0,0.0,3339.0,3962.41,0,0.0,195,0,2026-08-21
NIFTY,2027-12-28,22500.0,PE,0.0,0.0,0.0,186.5,457.04,0,0.0,0,0,2026-08-21
NIFTY,2027-12-28,19500.0,PE,0.0,0.0,0.0,29.25,88.77,0,0.0,0,0,2026-08-21
NIFTY,2027-06-29,33000.0,PE,0.0,0.0,0.0,4691.7,7035.46,0,0.0,0,0,2026-08-21
NIFTY,2027-03-30,33000.0,PE,0.0,0.0,0.0,8415.45,7488.8,0,0.0,0,0,2026-08-21
NIFTY,2026-12-29,12000.0,PE,0.0,0.0,0.0,8.0,0.0,0,0.0,18215,0,2026-08-21
NIFTY,2026-10-27,26600.0,PE,0.0,0.0,0.0,2372.55,2140.51,0,0.0,0,0,2026-08-21
NIFTY,2026-10-27,26000.0,PE,1444.95,1508.85,1444.95,1485.35,1485.35,52,92903313.75,57785,1495,2026-08-21
NIFTY,2026-10-27,25600.0,PE,0.0,0.0,0.0,994.25,1333.59,0,0.0,195,0,2026-08-21
NIFTY,2026-10-27,25200.0,PE,0.0,0.0,0.0,807.2,1057.06,0,0.0,7735,0,2026-08-21
NIFTY,2026-10-27,25000.0,PE,656.0,690.4,652.9,665.65,665.65,1229,2050508359.25,414765,24310,2026-08-21
NIFTY,2026-10-27,24850.0,PE,0.0,0.0,0.0,510.05,841.87,0,0.0,1430,0,2026-08-21
NIFTY,2026-10-27,24800.0,PE,543.0,565.0,532.2,541.45,541.45,403,663764812.75,101335,20085,2026-08-21
NIFTY,2026-10-27,24300.0,PE,315.75,333.7,307.0,313.5,313.5,291,465652668.0,54405,1235,2026-08-21
NIFTY,2026-10-27,23450.0,PE,107.65,111.0,103.15,104.5,104.5,100,153114945.75,28665,1495,2026-08-21
NIFTY,2026-10-27,23100.0,PE,66.0,70.8,64.05,65.7,65.7,352,530042272.5,62595,3120,2026-08-21
NIFTY,2026-09-29,33000.0,PE,0.0,0.0,0.0,6552.15,8518.2,0,0.0,0,0,2026-08-21
NIFTY,2026-09-29,27150.0,PE,0.0,0.0,0.0,2959.15,2721.04,0,0.0,0,0,2026-08-21
NIFTY,2026-09-29,25700.0,PE,1275.0,1293.0,1275.0,1293.0,1389.39,10,17536090.0,1950,520,2026-08-21
NIFTY,2026-09-29,25650.0,PE,0.0,0.0,0.0,1016.85,1348.05,0,0.0,65,0,2026-08-21
NIFTY,2026-09-29,24950.0,PE,641.9,652.0,628.05,628.05,825.08,14,23289675.5,7345,650,2026-08-21
NIFTY,2026-09-29,24750.0,PE,492.45,510.0,472.9,490.6,490.6,43,70546524.75,35620,0,2026-08-21
NIFTY,2026-09-29,23400.0,PE,57.55,61.35,54.05,55.4,55.4,5293,8070064658.5,678015,68965,2026-08-21
NIFTY,2026-09-29,22600.0,PE,19.9,20.55,18.6,19.1,19.1,1235,1815761363.0,274365,650,2026-08-21
NIFTY,2026-09-29,22550.0,PE,19.3,19.7,17.05,18.45,18.45,180,264048229.25,7605,390,2026-08-21
NIFTY,2026-09-29,21950.0,PE,11.35,12.15,11.2,12.05,10.45,24,34260362.5,11635,1300,2026-08-21
NIFTY,2026-09-29,21000.0,PE,8.1,9.4,8.0,8.65,8.65,2974,4061185007.75,1476800,27365,2026-08-21
NIFTY,2026-09-22,25750.0,PE,0.0,0.0,0.0,1525.75,1430.14,0,0.0,0,0,2026-08-21
NIFTY,2026-09-22,25200.0,PE,0.0,0.0,0.0,1072.35,982.6,0,0.0,0,0,2026-08-21
NIFTY,2026-09-22,24150.0,PE,0.0,0.0,0.0,419.35,355.02,0,0.0,0,0,2026-08-21
NIFTY,2026-09-22,22800.0,PE,0.0,0.0,0.0,60.35,42.07,0,0.0,0,0,2026-08-21
NIFTY,2026-09-22,22700.0,PE,0.0,0.0,0.0,50.15,34.27,0,0.0,0,0,2026-08-21
NIFTY,2026-09-22,22350.0,PE,24.9,24.9,24.9,24.9,15.75,1,1454368.5,65,65,2026-08-21
NIFTY,2026-09-15,25650.0,PE,0.0,0.0,0.0,1183.55,1349.61,0,0.0,0,0,2026-08-21
NIFTY,2026-09-15,25050.0,PE,0.0,0.0,0.0,751.7,855.5,0,0.0,0,0,2026-08-21
NIFTY,2026-09-15,23600.0,PE,0.0,0.0,0.0,143.35,137.4,0,0.0,0,0,2026-08-21
NIFTY,2026-09-15,23550.0,PE,0.0,0.0,0.0,133.0,125.95,0,0.0,0,0,2026-08-21
NIFTY,2026-09-15,23250.0,PE,0.0,0.0,0.0,82.5,71.75,0,0.0,0,0,2026-08-21
NIFTY,2026-09-15,23150.0,PE,16.35,17.3,14.4,14.75,14.75,69,103897498.25,6955,2795,2026-08-21
NIFTY,2026-09-15,22700.0,PE,9.4,10.15,8.55,10.15,20.96,70,103326447.25,18070,-2405,2026-08-21
NIFTY,2026-09-08,25350.0,PE,0.0,0.0,0.0,1029.9,1079.34,0,0.0,65,0,2026-08-21
NIFTY,2026-09-08,25200.0,PE,0.0,0.0,0.0,723.75,950.94,0,0.0,455,0,2026-08-21
NIFTY,2026-09-08,25150.0,PE,0.0,0.0,0.0,731.9,909.41,0,0.0,0,0,2026-08-21
NIFTY,2026-09-08,25000.0,PE,680.0,712.85,670.05,685.8,685.8,132,220379961.75,9555,1625,2026-08-21
NIFTY,2026-09-08,23500.0,PE,19.75,21.3,17.05,17.7,17.7,9686,14807201792.5,818285,182585,2026-08-21
NIFTY,2026-09-08,23150.0,PE,9.7,9.8,8.6,8.7,34.05,64,96342265.5,31590,-1625,2026-08-21
NIFTY,2026-09-01,26650.0,PE,0.0,0.0,0.0,2313.1,2349.4,0,0.0,0,0,2026-08-21
NIFTY,2026-09-01,26250.0,PE,0.0,0.0,0.0,1944.45,1950.71,0,0.0,0,0,2026-08-21
NIFTY,2026-09-01,26150.0,PE,0.0,0.0,0.0,1854.75,1851.27,0,0.0,0,0,2026-08-21
NIFTY,2026-09-01,25900.0,PE,0.0,0.0,0.0,1635.9,1603.63,0,0.0,0,0,2026-08-21
NIFTY,2026-09-01,25750.0,PE,0.0,0.0,0.0,1508.85,1456.2,0,0.0,0,0,2026-08-21
NIFTY,2026-09-01,25300.0,PE,981.0,982.65,981.0,982.65,982.65,2,3416637.25,910,130,2026-08-21
NIFTY,2026-09-01,24300.0,PE,130.15,168.45,127.0,141.65,141.65,86625,137654147959.25,1622010,602810,2026-08-21
NIFTY,2026-09-01,24050.0,PE,63.4,72.9,54.95,57.8,57.8,12190,19104003938.5,402805,5980,2026-08-21
NIFTY,2026-09-01,22950.0,PE,4.5,4.75,3.75,4.1,4.1,807,1204069324.25,40755,2730,2026-08-21
NIFTY,2026-09-01,22350.0,PE,3.05,3.95,2.7,3.5,3.5,189,274613374.75,9945,1040,2026-08-21
NIFTY,2026-08-25,27200.0,PE,0.0,0.0,0.0,2940.35,2929.91,0,0.0,1170,0,2026-08-21
NIFTY,2026-08-25,25950.0,PE,0.0,0.0,0.0,1816.75,1680.75,0,0.0,130,0,2026-08-21
NIFTY,2026-08-25,25400.0,PE,1100.0,1116.25,1084.85,1116.25,1131.61,7,12059827.0,36205,-325,2026-08-21
NIFTY,2026-08-25,24500.0,PE,209.0,259.0,199.0,226.15,226.15,303410,487659787530.5,3626545,-376480,2026-08-21
NIFTY,2026-08-25,24050.0,PE,25.2,25.95,15.0,16.35,16.35,739688,1157208588068.0,3361540,205010,2026-08-21
NIFTY,2026-08-25,23750.0,PE,4.05,5.05,3.3,3.9,3.9,357019,551244711046.25,2459080,193635,2026-08-21
NIFTY,2026-08-25,22950.0,PE,1.65,2.05,1.3,1.65,1.65,37482,55917846338.25,336700,57005,2026-08-21
NIFTY,2026-08-25,22300.0,PE,1.0,1.35,0.8,1.0,1.0,44442,64421795701.25,599040,-87490,2026-08-21
NIFTY,2026-08-25,21650.0,PE,0.95,0.95,0.55,0.7,0.7,1032,1452330883.25,40755,7475,2026-08-21
NIFTY,2031-06-24,27000.0,CE,0.0,0.0,0.0,5699.0,5932.53,0,0.0,0,0,2026-08-21
NIFTY,2029-12-24,30000.0,CE,0.0,0.0,0.0,2863.2,2942.6,0,0.0,8145,0,2026-08-21
NIFTY,2029-12-24,25500.0,CE,0.0,0.0,0.0,6500.6,4944.87,0,0.0,0,0,2026-08-21
NIFTY,2029-06-26,27000.0,CE,0.0,0.0,0.0,6570.4,3580.93,0,0.0,0,0,2026-08-21
NIFTY,2028-12-26,16500.0,CE,0.0,0.0,0.0,12176.65,10129.04,0,0.0,0,0,2026-08-21
NIFTY,2027-03-30,22500.0,CE,2770.0,2782.85,2760.0,2782.85,2916.73,11,18068495.25,6305,650,2026-08-21
NIFTY,2026-12-29,34500.0,CE,0.0,0.0,0.0,4.9,0.26,0,0.0,975,0,2026-08-21
NIFTY,2026-09-01,26800.0,CE,0.55,0.95,0.55,0.85,0.85,71,123685880.5,9620,-1430,2026-08-21
NIFTY,2026-09-01,26850.0,CE,0.85,2.6,0.6,0.95,0.95,8,13962601.25,1235,0,2026-08-21
NIFTY,2026-09-08,22900.0,CE,0.0,0.0,0.0,1884.1,1437.5,0,0.0,0,0,2026-08-21
NIFTY,2026-09-08,23150.0,CE,0.0,0.0,0.0,1656.9,1205.24,0,0.0,0,0,2026-08-21
NIFTY,2026-09-08,23250.0,CE,0.0,0.0,0.0,1568.45,1115.44,0,0.0,0,0,2026-08-21
NIFTY,2026-09-08,24700.0,CE,69.0,70.25,57.2,61.3,61.3,3545,5705661100.75,197730,52910,2026-08-21
NIFTY,2026-09-08,25000.0,CE,22.4,27.0,19.6,21.55,21.55,20885,33967465889.5,1298960,413270,2026-08-21
NIFTY,2026-09-08,26400.0,CE,1.3,2.4,1.3,2.25,2.25,246,422165776.5,17355,4810,2026-08-21
NIFTY,2026-09-15,22350.0,CE,0.0,0.0,0.0,2265.3,2002.99,0,0.0,0,0,2026-08-21
NIFTY,2026-09-15,22650.0,CE,0.0,0.0,0.0,1979.9,1714.46,0,0.0,0,0,2026-08-21
NIFTY,2026-09-15,23000.0,CE,0.0,0.0,0.0,1658.15,1389.83,0,0.0,0,0,2026-08-21
NIFTY,2026-09-15,23050.0,CE,0.0,0.0,0.0,1613.5,1344.95,0,0.0,0,0,2026-08-21
NIFTY,2026-09-15,23150.0,CE,0.0,0.0,0.0,1525.35,1256.56,0,0.0,0,0,2026-08-21
NIFTY,2026-09-15,23250.0,CE,0.0,0.0,0.0,1438.9,1170.21,0,0.0,0,0,2026-08-21
NIFTY,2026-09-15,23500.0,CE,0.0,0.0,0.0,1231.15,964.74,0,0.0,0,0,2026-08-21
NIFTY,2026-09-15,24100.0,CE,395.7,400.0,370.0,391.05,391.05,280,445682945.5,9555,-455,2026-08-21
NIFTY,2026-09-15,24850.0,CE,0.0,0.0,0.0,395.35,215.79,0,0.0,0,0,2026-08-21
NIFTY,2026-09-15,25050.0,CE,0.0,0.0,0.0,318.55,161.43,0,0.0,0,0,2026-08-21
NIFTY,2026-09-15,25250.0,CE,0.0,0.0,0.0,253.25,116.85,0,0.0,0,0,2026-08-21
NIFTY,2026-09-15,25650.0,CE,0.0,0.0,0.0,153.9,58.03,0,0.0,0,0,2026-08-21
NIFTY,2026-09-15,25750.0,CE,0.0,0.0,0.0,134.65,48.05,0,0.0,0,0,2026-08-21
NIFTY,2026-09-15,25850.0,CE,0.0,0.0,0.0,117.45,39.57,0,0.0,0,0,2026-08-21
NIFTY,2026-09-15,26100.0,CE,3.05,4.0,3.05,3.95,23.76,23,39024706.5,1430,715,2026-08-21
NIFTY,2026-09-15,26200.0,CE,3.75,3.9,2.65,3.9,19.19,18,30657802.5,2405,455,2026-08-21
NIFTY,2026-09-22,25300.0,CE,0.0,0.0,0.0,151.5,154.91,0,0.0,0,0,2026-08-21
NIFTY,2026-09-29,19500.0,CE,4900.0,4900.0,4900.0,4900.0,4900.0,1,1586000.0,140595,0,2026-08-21
NIFTY,2026-09-29,21750.0,CE,0.0,0.0,0.0,2542.45,2659.95,0,0.0,0,0,2026-08-21
NIFTY,2026-09-29,21800.0,CE,0.0,0.0,0.0,2929.0,2611.14,0,0.0,65,0,2026-08-21
NIFTY,2026-09-29,22100.0,CE,0.0,0.0,0.0,2242.1,2320.56,0,0.0,0,0,2026-08-21
NIFTY,2026-09-29,24400.0,CE,312.2,313.0,285.35,301.9,301.9,14758,23694251282.0,1671670,271115,2026-08-21
NIFTY,2026-09-29,24700.0,CE,169.2,174.85,155.35,164.8,164.8,4936,7977561709.0,564330,76050,2026-08-21
NIFTY,2026-09-29,24900.0,CE,107.85,110.2,95.35,102.35,102.35,7897,12833561383.5,625495,187980,2026-08-21
NIFTY,2026-09-29,26400.0,CE,0.0,0.0,0.0,175.4,43.32,0,0.0,0,0,2026-08-21
NIFTY,2026-10-27,22350.0,CE,0.0,0.0,0.0,2124.25,2236.63,0,0.0,0,0,2026-08-21
NIFTY,2026-10-27,22950.0,CE,0.0,0.0,0.0,1654.95,1723.31,0,0.0,0,0,2026-08-21
NIFTY,2026-10-27,23900.0,CE,793.0,794.25,793.0,794.25,1033.95,4,6420261.25,1300,130,2026-08-21
NIFTY,2026-10-27,24200.0,CE,616.95,617.0,581.0,596.45,596.45,223,359437494.0,35360,3900,2026-08-21
NIFTY,2026-10-27,24500.0,CE,443.3,443.3,409.0,421.7,421.7,2893,4686358647.75,390585,26910,2026-08-21
NIFTY,2026-10-27,25450.0,CE,0.0,0.0,0.0,388.6,331.99,0,0.0,0,0,2026-08-21
NIFTY,2026-10-27,26000.0,CE,37.8,37.8,32.5,35.75,35.75,6277,10622087092.5,867100,96330,2026-08-21
NIFTY,2026-10-27,26600.0,CE,0.0,0.0,0.0,157.4,109.93,0,0.0,0,0,2026-08-21
NIFTY,2026-10-27,26750.0,CE,0.0,0.0,0.0,138.3,93.56,0,0.0,0,0,2026-08-21
NIFTY,2026-12-29,21000.0,CE,3744.95,3770.6,3732.65,3742.7,3742.7,160,257437817.0,195495,-585,2026-08-21
NIFTY,2027-03-30,18000.0,CE,0.0,0.0,0.0,5643.55,6954.0,0,0.0,0,0,2026-08-21
NIFTY,2027-06-29,21000.0,CE,0.0,0.0,0.0,3061.8,4537.04,0,0.0,0,0,2026-08-21
NIFTY,2027-06-29,24000.0,CE,0.0,0.0,0.0,2000.0,2324.12,0,0.0,1190,0,2026-08-21
NIFTY,2027-06-29,27000.0,CE,0.0,0.0,0.0,570.0,942.84,0,0.0,455,0,2026-08-21
NIFTY,2027-12-28,22500.0,CE,0.0,0.0,0.0,6183.0,4115.01,0,0.0,0,0,2026-08-21
NIFTY,2027-12-28,25500.0,CE,0.0,0.0,0.0,2400.0,2292.26,0,0.0,0,0,2026-08-21
NIFTY,2027-12-28,28500.0,CE,628.9,628.9,600.0,604.35,604.35,8,15135568.5,11635,-260,2026-08-21
NIFTY,2028-06-27,25500.0,CE,0.0,0.0,0.0,4676.6,3005.76,0,0.0,0,0,2026-08-21
NIFTY,2028-06-27,31500.0,CE,0.0,0.0,0.0,1784.8,923.17,0,0.0,0,0,2026-08-21
NIFTY,2028-12-26,21000.0,CE,0.0,0.0,0.0,7512.5,6543.48,0,0.0,0,0,2026-08-21
NIFTY,2029-12-24,22500.0,CE,0.0,0.0,0.0,8486.15,6707.45,0,0.0,0,0,2026-08-21
NIFTY,2030-06-25,16500.0,CE,0.0,0.0,0.0,13374.05,11470.98,0,0.0,0,0,2026-08-21
NIFTY,2030-06-25,19500.0,CE,0.0,0.0,0.0,11140.25,9281.91,0,0.0,0,0,2026-08-21
NIFTY,2031-06-24,28500.0,CE,0.0,0.0,0.0,5048.95,5244.64,0,0.0,0,0,2026-08-21
NIFTY,2026-08-25,21950.0,PE,1.0,1.0,0.7,0.85,0.85,3000,4280414651.5,81770,25870,2026-08-21
NIFTY,2026-08-25,23000.0,PE,1.65,2.05,1.4,1.75,1.75,432352,646414757134.25,11553490,1491620,2026-08-21
NIFTY,2026-08-25,23650.0,PE,2.55,3.95,2.55,3.2,3.2,280767,431670258246.5,1945840,18915,2026-08-21
NIFTY,2026-08-25,24150.0,PE,26.7,48.45,26.4,32.3,32.3,1473665,2316659920627.0,6045910,1393860,2026-08-21
NIFTY,2026-08-25,24550.0,PE,253.15,303.65,240.7,271.25,271.25,32379,52237172627.25,183820,-6825,2026-08-21
NIFTY,2026-08-25,25150.0,PE,865.55,865.55,847.5,859.85,884.09,14,23666474.0,2600,195,2026-08-21
NIFTY,2026-08-25,25800.0,PE,1510.0,1517.0,1495.4,1510.0,1530.86,19,33728428.5,10855,-650,2026-08-21
NIFTY,2026-08-25,26850.0,PE,0.0,0.0,0.0,2671.25,2580.15,0,0.0,0,0,2026-08-21
NIFTY,2026-09-01,22800.0,PE,3.95,4.5,2.6,3.95,3.95,8924,13227728478.25,223860,70980,2026-08-21
NIFTY,2026-09-01,23050.0,PE,5.95,5.95,4.15,4.45,4.45,706,1057978892.75,30225,3380,2026-08-21
NIFTY,2026-09-01,24200.0,PE,98.15,122.65,92.25,100.55,100.55,102384,161747871561.25,1593215,189410,2026-08-21
NIFTY,2026-09-01,24400.0,PE,192.55,224.95,182.6,194.45,194.45,29624,47368807872.75,686725,178620,2026-08-21
NIFTY,2026-09-01,24850.0,PE,0.0,0.0,0.0,418.0,636.95,0,0.0,65,0,2026-08-21
NIFTY,2026-09-01,25100.0,PE,774.1,803.45,772.1,789.1,789.1,66,111065175.0,9620,3575,2026-08-21
NIFTY,2026-09-01,25500.0,PE,1200.0,1219.0,1171.25,1183.35,1183.35,396,687021448.75,31655,22750,2026-08-21
NIFTY,2026-09-01,25550.0,PE,0.0,0.0,0.0,1380.15,1262.04,0,0.0,65,0,2026-08-21
NIFTY,2026-09-01,26300.0,PE,0.0,0.0,0.0,1989.7,2000.48,0,0.0,0,0,2026-08-21
NIFTY,2026-09-01,26700.0,PE,0.0,0.0,0.0,2360.1,2399.28,0,0.0,0,0,2026-08-21
NIFTY,2026-09-01,27000.0,PE,0.0,0.0,0.0,2645.4,2698.67,0,0.0,0,0,2026-08-21
NIFTY,2026-09-08,23200.0,PE,10.7,11.0,9.05,9.55,9.55,752,1134495836.5,81445,13000,2026-08-21
NIFTY,2026-09-08,23700.0,PE,33.75,38.1,30.65,31.9,31.9,3840,5923903462.75,223860,68445,2026-08-21
NIFTY,2026-09-08,24700.0,PE,425.05,449.5,416.05,420.7,420.7,49,80037945.0,11115,0,2026-08-21
NIFTY,2026-09-15,22550.0,PE,0.0,0.0,0.0,12.0,14.28,0,0.0,65,0,2026-08-21
NIFTY,2026-09-15,23100.0,PE,0.0,0.0,0.0,63.7,52.67,0,0.0,0,0,2026-08-21
NIFTY,2026-09-15,23350.0,PE,0.0,0.0,0.0,97.3,87.24,0,0.0,0,0,2026-08-21
NIFTY,2026-09-15,23950.0,PE,103.9,105.0,90.2,91.8,91.8,66,103150355.75,6760,-780,2026-08-21
NIFTY,2026-09-15,24300.0,PE,202.4,226.25,198.1,200.25,200.25,383,610064581.75,23725,9035,2026-08-21
NIFTY,2026-09-15,24600.0,PE,366.0,385.0,353.45,353.45,353.45,11,17854174.0,2470,390,2026-08-21
NIFTY,2026-09-15,25200.0,PE,0.0,0.0,0.0,850.85,970.2,0,0.0,0,0,2026-08-21
NIFTY,2026-09-15,26050.0,PE,0.0,0.0,0.0,1515.75,1716.3,0,0.0,0,0,2026-08-21
NIFTY,2026-09-22,22450.0,PE,0.0,0.0,0.0,30.65,19.86,0,0.0,0,0,2026-08-21
NIFTY,2026-09-22,22850.0,PE,0.0,0.0,0.0,66.05,46.49,0,0.0,0,0,2026-08-21
NIFTY,2026-09-22,22950.0,PE,0.0,0.0,0.0,78.75,56.47,0,0.0,0,0,2026-08-21
NIFTY,2026-09-22,25550.0,PE,0.0,0.0,0.0,1354.25,1259.86,0,0.0,0,0,2026-08-21
NIFTY,2026-09-29,21700.0,PE,11.25,11.25,10.05,10.55,10.55,116,163697118.0,53430,5655,2026-08-21
NIFTY,2026-09-29,22200.0,PE,13.55,14.9,13.55,14.0,14.0,939,1355831626.5,112710,30810,2026-08-21
NIFTY,2026-09-29,22250.0,PE,15.75,15.75,11.65,14.4,14.4,402,581764043.25,18720,2015,2026-08-21
NIFTY,2026-09-29,23150.0,PE,40.0,40.45,36.65,37.3,37.3,180,271299788.5,26455,2925,2026-08-21
NIFTY,2026-09-29,23700.0,PE,95.05,101.9,89.05,92.65,92.65,8482,13117981665.75,760305,184665,2026-08-21
NIFTY,2026-09-29,23750.0,PE,103.6,109.25,96.8,99.95,99.95,943,1461958059.25,98540,30355,2026-08-21
NIFTY,2026-09-29,23950.0,PE,145.4,153.95,136.9,142.55,142.55,351,549756918.75,38610,3965,2026-08-21
NIFTY,2026-09-29,24100.0,PE,185.4,200.55,174.75,183.2,183.2,3756,5929223387.75,405080,40690,2026-08-21
NIFTY,2026-09-29,24250.0,PE,237.4,254.05,222.4,233.0,233.0,1634,2600549757.0,88855,11960,2026-08-21
NIFTY,2026-09-29,24400.0,PE,299.4,322.8,285.0,294.55,294.55,14163,22736865362.25,1525940,247975,2026-08-21
NIFTY,2026-09-29,24600.0,PE,397.6,427.8,382.0,397.8,397.8,2050,3331267485.0,394420,-11830,2026-08-21
NIFTY,2026-09-29,25750.0,PE,0.0,0.0,0.0,1035.0,1431.17,0,0.0,390,0,2026-08-21
NIFTY,2026-09-29,26300.0,PE,1900.0,1935.65,1868.35,1884.3,1884.3,463,848090015.5,48425,28795,2026-08-21
NIFTY,2026-09-29,27200.0,PE,0.0,0.0,0.0,3004.3,2769.63,0,0.0,0,0,2026-08-21
NIFTY,2026-10-27,22250.0,PE,28.5,29.45,26.3,27.3,27.3,396,573441921.0,162500,3575,2026-08-21
NIFTY,2026-10-27,22650.0,PE,0.0,0.0,0.0,53.5,101.68,0,0.0,910,0,2026-08-21
NIFTY,2026-10-27,22800.0,PE,0.0,0.0,0.0,239.4,122.91,0,0.0,0,0,2026-08-21
NIFTY,2026-10-27,22850.0,PE,0.0,0.0,0.0,250.85,130.71,0,0.0,0,0,2026-08-21
NIFTY,2026-10-27,25750.0,PE,0.0,0.0,0.0,1149.95,1446.2,0,0.0,260,0,2026-08-21
NIFTY,2026-10-27,25900.0,PE,0.0,0.0,0.0,1231.5,1560.43,0,0.0,65,0,2026-08-21
NIFTY,2026-09-29,26600.0,PE,0.0,0.0,0.0,2474.55,2194.17,0,0.0,0,0,2026-08-21
NIFTY,2026-10-27,22350.0,PE,0.0,0.0,0.0,31.95,67.92,0,0.0,2145,0,2026-08-21
NIFTY,2026-10-27,22450.0,PE,0.0,0.0,0.0,43.05,77.98,0,0.0,845,0,2026-08-21
NIFTY,2026-10-27,23250.0,PE,0.0,0.0,0.0,356.75,207.55,0,0.0,0,0,2026-08-21
NIFTY,2026-10-27,23900.0,PE,191.0,199.1,185.8,190.35,190.35,292,457274502.75,68705,1300,2026-08-21
NIFTY,2026-10-27,24050.0,PE,0.0,0.0,0.0,656.15,453.32,0,0.0,0,0,2026-08-21
NIFTY,2026-10-27,24250.0,PE,300.0,304.4,288.25,296.0,296.0,119,189877441.0,12285,3185,2026-08-21
NIFTY,2026-10-27,25300.0,PE,0.0,0.0,0.0,1007.65,1123.26,0,0.0,780,0,2026-08-21
NIFTY,2026-10-27,26300.0,PE,0.0,0.0,0.0,2121.9,1884.15,0,0.0,0,0,2026-08-21
NIFTY,2031-06-24,16500.0,PE,0.0,0.0,0.0,95.65,58.36,0,0.0,0,0,2026-08-21
NIFTY,2030-12-31,18000.0,PE,0.0,0.0,0.0,32.3,109.12,0,0.0,0,0,2026-08-21
NIFTY,2030-06-25,30000.0,PE,0.0,0.0,0.0,2100.85,2584.59,0,0.0,0,0,2026-08-21
NIFTY,2030-06-25,27000.0,PE,0.0,0.0,0.0,1286.05,1532.06,0,0.0,0,0,2026-08-21
NIFTY,2030-06-25,22500.0,PE,0.0,0.0,0.0,223.75,525.55,0,0.0,0,0,2026-08-21
NIFTY,2026-09-29,26250.0,PE,0.0,0.0,0.0,2180.0,1869.88,0,0.0,0,0,2026-08-21
NIFTY,2026-09-29,26100.0,PE,1660.0,1675.0,1660.0,1672.1,1672.1,52,93862535.0,5265,3250,2026-08-21
NIFTY,2026-09-29,25500.0,PE,1090.0,1142.0,1086.45,1108.05,1108.05,10968,18971313273.25,1486420,477555,2026-08-21
NIFTY,2026-09-29,25100.0,PE,767.25,772.9,737.8,750.7,750.7,73,122632636.75,40365,390,2026-08-21
NIFTY,2026-09-29,23800.0,PE,110.0,120.2,103.45,109.7,109.7,9692,15063340301.75,994890,113425,2026-08-21
NIFTY,2026-09-29,23100.0,PE,35.7,38.3,34.3,35.15,35.15,1894,2848207258.0,473590,18720,2026-08-21
NIFTY,2026-09-29,22700.0,PE,21.25,23.05,20.75,21.15,21.15,1128,1665942047.25,277030,1495,2026-08-21
NIFTY,2026-09-29,22000.0,PE,12.9,13.0,12.0,12.7,12.7,5506,7878068682.25,1257295,138190,2026-08-21
NIFTY,2026-09-22,25500.0,PE,0.0,0.0,0.0,1312.45,1218.47,0,0.0,0,0,2026-08-21
NIFTY,2026-09-22,25350.0,PE,0.0,0.0,0.0,1190.0,1097.47,0,0.0,0,0,2026-08-21
NIFTY,2026-09-22,24250.0,PE,0.0,0.0,0.0,467.0,399.25,0,0.0,0,0,2026-08-21
NIFTY,2026-09-22,23750.0,PE,0.0,0.0,0.0,260.6,210.92,0,0.0,0,0,2026-08-21
NIFTY,2026-09-22,23200.0,PE,0.0,0.0,0.0,119.0,89.07,0,0.0,0,0,2026-08-21
NIFTY,2026-09-22,23100.0,PE,0.0,0.0,0.0,101.35,74.6,0,0.0,0,0,2026-08-21
NIFTY,2026-09-15,24800.0,PE,0.0,0.0,0.0,601.05,676.78,0,0.0,0,0,2026-08-21
NIFTY,2026-09-15,24750.0,PE,465.0,470.0,465.0,470.0,643.71,3,4917575.0,325,65,2026-08-21
NIFTY,2026-09-15,23450.0,PE,0.0,0.0,0.0,114.05,105.24,0,0.0,0,0,2026-08-21
NIFTY,2026-09-15,22950.0,PE,11.65,12.6,11.0,11.8,11.8,52,77611082.25,4940,1300,2026-08-21
NIFTY,2026-09-08,26000.0,PE,0.0,0.0,0.0,1806.0,1682.13,0,0.0,65,0,2026-08-21
NIFTY,2026-09-08,25850.0,PE,0.0,0.0,0.0,1234.05,1538.28,0,0.0,0,0,2026-08-21
NIFTY,2026-09-08,25550.0,PE,0.0,0.0,0.0,1003.8,1258.13,0,0.0,0,0,2026-08-21
NIFTY,2026-09-08,24850.0,PE,535.6,535.6,535.6,535.6,535.6,1,1650064.0,65,65,2026-08-21
NIFTY,2026-09-08,24200.0,PE,128.3,157.95,128.3,137.5,137.5,4899,7751322478.25,266565,16965,2026-08-21
NIFTY,2026-09-08,24100.0,PE,94.05,122.05,94.05,105.15,105.15,6909,10871835399.75,434200,128895,2026-08-21
NIFTY,2026-09-08,23750.0,PE,0.0,0.0,0.0,150.75,133.87,0,0.0,0,0,2026-08-21
NIFTY,2026-09-08,23000.0,PE,8.4,8.7,7.0,7.5,7.5,4646,6948109450.75,251810,98540,2026-08-21
NIFTY,2026-09-08,22800.0,PE,6.45,8.65,5.7,6.6,6.6,368,545531840.75,39650,7670,2026-08-21
NIFTY,2026-09-08,22600.0,PE,5.7,6.15,5.25,5.9,5.9,125,183672261.5,16055,5200,2026-08-21
NIFTY,2026-09-01,26050.0,PE,0.0,0.0,0.0,1766.25,1752.01,0,0.0,0,0,2026-08-21
NIFTY,2026-09-01,24600.0,PE,318.2,367.4,317.85,330.7,330.7,2857,4631128212.75,210405,32695,2026-08-21
NIFTY,2026-09-01,23650.0,PE,13.2,15.7,11.4,11.9,11.9,9551,14690264413.5,201955,70200,2026-08-21
NIFTY,2026-09-01,23150.0,PE,5.7,5.7,4.15,4.55,4.55,2340,3521839360.0,89830,47645,2026-08-21
NIFTY,2026-09-01,22900.0,PE,4.2,4.65,2.65,4.15,4.15,7193,10708792295.5,207220,96720,2026-08-21
NIFTY,2026-09-01,22300.0,PE,2.8,3.85,2.8,3.3,3.3,944,1368537982.5,64610,5980,2026-08-21
NIFTY,2026-08-25,26800.0,PE,0.0,0.0,0.0,2250.0,2530.18,0,0.0,130,0,2026-08-21
NIFTY,2026-08-25,26300.0,PE,2030.0,2071.15,1994.0,2012.3,2012.3,1225,2254422391.0,333190,-62010,2026-08-21
NIFTY,2026-08-25,25900.0,PE,1605.05,1622.7,1605.05,1622.7,1630.78,21,37545540.5,3900,-455,2026-08-21
NIFTY,2026-08-25,25650.0,PE,0.0,0.0,0.0,1500.0,1381.01,0,0.0,715,0,2026-08-21
NIFTY,2026-08-25,24650.0,PE,338.2,399.1,329.75,367.2,367.2,6554,10656618794.25,171340,-10530,2026-08-21
NIFTY,2026-08-25,24100.0,PE,24.8,35.55,15.35,22.95,22.95,1455956,2283172726295.5,8233485,611065,2026-08-21
NIFTY,2026-08-25,23950.0,PE,10.6,13.85,7.25,8.65,8.65,509007,792723940953.75,3468530,308945,2026-08-21
NIFTY,2026-08-25,23900.0,PE,7.8,10.25,5.8,6.5,6.5,668731,1039199929092.0,6677385,-58630,2026-08-21
NIFTY,2026-08-25,23300.0,PE,2.15,2.6,1.6,2.0,2.0,281936,427030550670.75,3853005,804570,2026-08-21
NIFTY,2026-08-25,21250.0,PE,0.85,0.85,0.45,0.5,0.5,4528,6254462981.0,157365,56680,2026-08-21
NIFTY,2030-12-31,33000.0,CE,0.0,0.0,0.0,3948.25,3050.53,0,0.0,0,0,2026-08-21
NIFTY,2029-12-24,27000.0,CE,0.0,0.0,0.0,6201.65,4190.5,0,0.0,0,0,2026-08-21
NIFTY,2029-06-26,24000.0,CE,0.0,0.0,0.0,8085.35,5173.82,0,0.0,0,0,2026-08-21
NIFTY,2028-12-26,33000.0,CE,0.0,0.0,0.0,2477.5,1073.04,0,0.0,0,0,2026-08-21
NIFTY,2028-12-26,19500.0,CE,0.0,0.0,0.0,9716.4,7683.01,0,0.0,0,0,2026-08-21
NIFTY,2028-06-27,21000.0,CE,0.0,0.0,0.0,5226.55,5915.54,0,0.0,0,0,2026-08-21
NIFTY,2027-06-29,18000.0,CE,0.0,0.0,0.0,4066.45,7240.47,0,0.0,0,0,2026-08-21
NIFTY,2026-12-29,30000.0,CE,11.25,12.0,9.65,9.9,9.9,868,1693201760.25,802160,14560,2026-08-21
NIFTY,2026-12-29,24000.0,CE,1130.25,1137.05,1104.6,1123.75,1123.75,970,1584037724.75,1204015,6695,2026-08-21
NIFTY,2026-10-27,27150.0,CE,0.0,0.0,0.0,96.75,59.71,0,0.0,0,0,2026-08-21
NIFTY,2026-10-27,27050.0,CE,0.0,0.0,0.0,106.0,66.98,0,0.0,0,0,2026-08-21
NIFTY,2026-10-27,25900.0,CE,0.0,0.0,0.0,277.95,221.5,0,0.0,0,0,2026-08-21
NIFTY,2026-10-27,25700.0,CE,59.8,60.25,53.3,58.55,58.55,837,1401247532.75,144755,5655,2026-08-21
NIFTY,2026-10-27,25550.0,CE,0.0,0.0,0.0,361.35,304.26,0,0.0,0,0,2026-08-21
NIFTY,2026-10-27,24900.0,CE,240.0,240.95,227.2,236.65,236.65,496,810382205.75,52780,15730,2026-08-21
NIFTY,2026-10-27,24450.0,CE,453.9,457.65,446.9,447.5,447.5,6,9711474.5,3055,-130,2026-08-21
NIFTY,2026-10-27,24400.0,CE,471.0,483.45,464.6,478.8,478.8,306,494791605.75,37440,4290,2026-08-21
NIFTY,2026-10-27,24000.0,CE,743.0,745.0,706.35,735.65,735.65,1648,2649041869.5,251940,29185,2026-08-21
NIFTY,2026-10-27,22850.0,CE,0.0,0.0,0.0,1729.4,1805.38,0,0.0,0,0,2026-08-21
NIFTY,2026-10-27,22700.0,CE,0.0,0.0,0.0,1844.0,1931.29,0,0.0,0,0,2026-08-21
NIFTY,2026-10-27,22600.0,CE,0.0,0.0,0.0,1922.3,2016.97,0,0.0,0,0,2026-08-21
NIFTY,2026-10-27,22400.0,CE,0.0,0.0,0.0,2083.15,2192.12,0,0.0,0,0,2026-08-21
NIFTY,2026-10-27,22300.0,CE,0.0,0.0,0.0,2165.6,2281.41,0,0.0,0,0,2026-08-21
NIFTY,2026-09-29,34500.0,CE,0.65,0.65,0.65,0.65,0.0,5,11212711.25,9880,-325,2026-08-21
NIFTY,2026-09-29,27200.0,CE,3.0,4.6,2.75,3.1,3.1,2291,4051068238.75,42055,-4745,2026-08-21
NIFTY,2026-09-29,26550.0,CE,0.0,0.0,0.0,154.75,34.07,0,0.0,0,0,2026-08-21
NIFTY,2026-09-29,26350.0,CE,0.0,0.0,0.0,182.8,46.85,0,0.0,0,0,2026-08-21
NIFTY,2026-09-29,26250.0,CE,0.0,0.0,0.0,198.4,54.67,0,0.0,0,0,2026-08-21
NIFTY,2026-09-29,25350.0,CE,32.65,33.2,29.15,32.65,32.65,380,626901658.5,42250,-4810,2026-08-21
NIFTY,2026-09-29,24200.0,CE,435.85,438.35,398.5,418.4,418.4,8234,13175656282.75,1011010,59605,2026-08-21
NIFTY,2026-09-29,23950.0,CE,597.4,601.9,580.95,594.5,594.5,12,19144394.75,4875,0,2026-08-21
NIFTY,2026-09-29,22950.0,CE,1461.6,1461.6,1454.0,1454.0,1454.0,2,3173014.0,325,0,2026-08-21
NIFTY,2026-09-29,22500.0,CE,1925.0,1925.0,1878.2,1897.95,1897.95,1860,2949379917.25,413335,68250,2026-08-21
NIFTY,2026-09-29,21900.0,CE,0.0,0.0,0.0,2350.0,2513.81,0,0.0,130,0,2026-08-21
NIFTY,2026-09-22,25900.0,CE,5.6,7.85,5.15,7.2,7.2,97,163343209.25,8645,3445,2026-08-21
NIFTY,2026-09-22,25800.0,CE,0.0,0.0,0.0,73.8,73.3,0,0.0,0,0,2026-08-21
NIFTY,2026-09-22,25700.0,CE,0.0,0.0,0.0,85.85,85.84,0,0.0,0,0,2026-08-21
NIFTY,2026-09-22,25650.0,CE,0.0,0.0,0.0,92.45,92.74,0,0.0,0,0,2026-08-21
NIFTY,2026-09-22,25600.0,CE,0.0,0.0,0.0,99.5,100.1,0,0.0,0,0,2026-08-21
NIFTY,2026-09-22,25250.0,CE,100.25,100.25,100.25,100.25,166.01,1,1647766.25,65,65,2026-08-21
NIFTY,2026-09-22,24300.0,CE,323.25,326.6,301.0,310.9,310.9,143,228780272.5,5005,2860,2026-08-21
NIFTY,2026-09-22,24050.0,CE,0.0,0.0,0.0,618.9,653.64,0,0.0,0,0,2026-08-21
NIFTY,2026-09-22,23200.0,CE,0.0,0.0,0.0,1208.1,1273.71,0,0.0,0,0,2026-08-21
NIFTY,2026-09-22,22900.0,CE,0.0,0.0,0.0,1459.55,1534.21,0,0.0,0,0,2026-08-21
NIFTY,2026-09-15,22950.0,CE,0.0,0.0,0.0,1703.2,1435.14,0,0.0,0,0,2026-08-21
NIFTY,2026-09-15,22800.0,CE,0.0,0.0,0.0,1840.25,1573.35,0,0.0,0,0,2026-08-21
NIFTY,2026-09-15,22500.0,CE,0.0,0.0,0.0,2121.7,1857.85,0,0.0,0,0,2026-08-21
NIFTY,2026-09-08,26050.0,CE,2.55,3.65,2.3,3.25,3.25,710,1202350997.25,72605,32110,2026-08-21
NIFTY,2026-09-08,25750.0,CE,3.95,4.25,3.4,4.05,4.05,41,68633935.5,3185,585,2026-08-21
NIFTY,2026-09-08,23400.0,CE,0.0,0.0,0.0,1438.9,984.98,0,0.0,0,0,2026-08-21
NIFTY,2026-09-01,26750.0,CE,1.4,1.4,0.7,1.05,1.05,4,6955315.25,1235,260,2026-08-21
NIFTY,2026-09-01,26300.0,CE,0.8,1.5,0.8,1.5,0.55,68,116250390.75,16770,-585,2026-08-21
NIFTY,2026-09-01,25750.0,CE,1.75,1.9,1.1,1.3,1.3,321,537304173.25,23660,3445,2026-08-21
NIFTY,2026-09-01,24300.0,CE,175.0,175.5,140.0,154.35,154.35,88875,141271653594.5,1958645,687440,2026-08-21
NIFTY,2026-09-01,24200.0,CE,233.0,242.65,194.3,213.5,213.5,70085,111214831399.75,1152580,-33085,2026-08-21
NIFTY,2026-09-01,24050.0,CE,339.55,339.65,295.0,319.75,319.75,978,1549049622.25,44655,-3640,2026-08-21
NIFTY,2026-09-01,23700.0,CE,638.95,641.25,594.8,625.05,625.05,409,646736275.25,22165,-1950,2026-08-21
NIFTY,2026-08-25,26950.0,CE,0.55,0.65,0.35,0.4,0.4,270,472980199.25,11570,-585,2026-08-21
NIFTY,2026-08-25,26850.0,CE,0.55,0.6,0.35,0.4,0.4,707,1233912017.0,21905,6175,2026-08-21
NIFTY,2026-08-25,25700.0,CE,0.45,0.6,0.4,0.5,0.5,53333,89094554341.0,1950390,-452920,2026-08-21
NIFTY,2026-08-25,25650.0,CE,0.6,0.6,0.45,0.45,0.45,20594,34336029445.25,796055,2275,2026-08-21
NIFTY,2026-08-25,24350.0,CE,70.0,79.95,46.7,50.5,50.5,1837047,2914137657346.5,4460885,1406340,2026-08-21
NIFTY,2026-08-25,24150.0,CE,202.0,206.5,154.0,169.2,169.2,544364,860691734815.25,1202370,-49920,2026-08-21
NIFTY,2026-08-25,23300.0,CE,991.8,1013.0,965.0,990.2,990.2,131,206837423.0,26910,1690,2026-08-21
NIFTY,2026-08-25,22650.0,CE,0.0,0.0,0.0,1637.05,1617.06,0,0.0,2145,0,2026-08-21
NIFTY,2026-08-25,21550.0,CE,0.0,0.0,0.0,2758.3,2716.33,0,0.0,0,0,2026-08-21
NIFTY,2026-08-25,21450.0,CE,0.0,0.0,0.0,2848.15,2816.26,0,0.0,0,0,2026-08-21
NIFTY,2026-10-27,27000.0,PE,2431.75,2463.65,2425.3,2443.55,2443.55,31,59324957.25,20800,1690,2026-08-21
NIFTY,2026-12-29,21000.0,PE,41.95,44.7,41.95,43.0,43.0,1354,1852016985.0,1089380,-6370,2026-08-21
NIFTY,2026-12-29,28000.0,PE,3088.0,3101.3,3068.55,3093.1,3093.1,67,135397960.75,883125,1235,2026-08-21
NIFTY,2026-12-29,31500.0,PE,0.0,0.0,0.0,4059.3,6529.06,0,0.0,0,0,2026-08-21
NIFTY,2027-03-30,27000.0,PE,1921.75,1930.25,1909.0,1916.85,1916.85,102,191719277.75,53755,4160,2026-08-21
NIFTY,2027-12-28,16500.0,PE,0.0,0.0,0.0,52.05,7.41,0,0.0,130,0,2026-08-21
NIFTY,2027-12-28,27000.0,PE,1722.5,1722.5,1690.0,1701.0,1701.0,20,37317260.5,46825,520,2026-08-21
NIFTY,2029-12-24,15000.0,PE,0.0,0.0,0.0,29.0,16.41,0,0.0,65,0,2026-08-21
NIFTY,2030-06-25,18000.0,PE,0.0,0.0,0.0,116.65,102.85,0,0.0,0,0,2026-08-21
NIFTY,2027-06-29,16500.0,PE,0.0,0.0,0.0,25.0,1.47,0,0.0,780,0,2026-08-21
NIFTY,2027-12-28,25500.0,PE,0.0,0.0,0.0,676.05,1380.17,0,0.0,0,0,2026-08-21
NIFTY,2028-06-27,22500.0,PE,0.0,0.0,0.0,206.95,505.06,0,0.0,0,0,2026-08-21
NIFTY,2031-06-24,33000.0,PE,0.0,0.0,0.0,3810.15,3336.46,0,0.0,0,0,2026-08-21
NIFTY,2031-06-24,22500.0,PE,0.0,0.0,0.0,663.6,496.69,0,0.0,0,0,2026-08-21
NIFTY,2030-12-31,31500.0,PE,0.0,0.0,0.0,1885.5,2964.95,0,0.0,0,0,2026-08-21
NIFTY,2030-12-31,28500.0,PE,0.0,0.0,0.0,1083.1,1877.0,0,0.0,0,0,2026-08-21
NIFTY,2030-12-31,22500.0,PE,0.0,0.0,0.0,219.35,512.02,0,0.0,0,0,2026-08-21
NIFTY,2028-12-26,19500.0,PE,0.0,0.0,0.0,49.0,152.25,0,0.0,0,0,2026-08-21
NIFTY,2028-06-27,31500.0,PE,0.0,0.0,0.0,2935.6,4577.77,0,0.0,0,0,2026-08-21
NIFTY,2026-08-25,21900.0,CE,0.0,0.0,0.0,2340.0,2366.56,0,0.0,390,0,2026-08-21
NIFTY,2026-08-25,22950.0,CE,1350.0,1350.0,1350.0,1350.0,1317.32,1,1579500.0,130,-65,2026-08-21
NIFTY,2026-08-25,25450.0,CE,0.65,0.85,0.55,0.6,0.6,26411,43691566668.75,460525,62010,2026-08-21
NIFTY,2026-08-25,26200.0,CE,0.45,0.6,0.35,0.4,0.4,6527,11115682428.5,337025,-4810,2026-08-21
NIFTY,2026-08-25,26800.0,CE,0.8,2.85,0.35,0.5,0.5,5806,10114226898.75,64610,-39715,2026-08-21
NIFTY,2026-09-01,23450.0,CE,0.0,0.0,0.0,700.25,879.05,0,0.0,1040,0,2026-08-21
NIFTY,2026-09-01,24150.0,CE,261.85,269.3,225.85,246.45,246.45,5254,8331540207.25,78975,-22360,2026-08-21
NIFTY,2026-09-01,25350.0,CE,3.0,3.4,2.2,2.9,2.9,1550,2554298584.5,43550,-1495,2026-08-21
NIFTY,2026-09-01,25450.0,CE,2.5,2.65,2.1,2.45,2.45,523,865255205.75,25675,14560,2026-08-21
NIFTY,2026-09-01,25700.0,CE,1.85,2.0,1.4,1.7,1.7,4957,8281218890.75,195650,31915,2026-08-21
NIFTY,2026-09-01,26350.0,CE,0.9,1.4,0.7,1.4,0.44,16,27405235.0,1170,195,2026-08-21
NIFTY,2026-09-01,26900.0,CE,0.65,1.3,0.65,0.85,0.85,34,59451002.0,10205,-585,2026-08-21
NIFTY,2026-09-01,27050.0,CE,1.45,1.45,0.6,1.05,1.05,3,5274954.75,1755,130,2026-08-21
NIFTY,2026-09-08,22400.0,CE,0.0,0.0,0.0,2357.75,1922.3,0,0.0,0,0,2026-08-21
NIFTY,2026-09-08,22750.0,CE,0.0,0.0,0.0,2023.95,1580.84,0,0.0,0,0,2026-08-21
NIFTY,2026-09-08,23000.0,CE,0.0,0.0,0.0,1792.25,1343.45,0,0.0,0,0,2026-08-21
NIFTY,2026-09-08,23350.0,CE,0.0,0.0,0.0,1481.65,1027.85,0,0.0,0,0,2026-08-21
NIFTY,2026-09-08,23500.0,CE,852.0,859.0,840.0,847.0,847.0,22,34815423.5,2340,910,2026-08-21
NIFTY,2026-09-08,24250.0,CE,248.05,255.15,225.6,241.75,241.75,1637,2606072976.0,54275,8580,2026-08-21
NIFTY,2026-09-08,24350.0,CE,194.3,200.0,174.8,187.15,187.15,535,853317689.25,38350,2080,2026-08-21
NIFTY,2026-09-15,23850.0,CE,0.0,0.0,0.0,963.95,707.36,0,0.0,0,0,2026-08-21
NIFTY,2026-09-15,24200.0,CE,358.65,358.65,309.65,326.15,326.15,549,875172866.75,39260,2795,2026-08-21
NIFTY,2026-09-15,24250.0,CE,301.4,305.9,282.0,295.25,295.25,208,331838068.25,10855,3575,2026-08-21
NIFTY,2026-09-15,24450.0,CE,200.0,200.0,179.0,190.2,190.2,34,54442215.75,3900,-325,2026-08-21
NIFTY,2026-09-15,24750.0,CE,0.0,0.0,0.0,438.3,248.4,0,0.0,0,0,2026-08-21
NIFTY,2026-09-15,24950.0,CE,0.0,0.0,0.0,355.5,186.49,0,0.0,0,0,2026-08-21
NIFTY,2026-09-15,25350.0,CE,0.0,0.0,0.0,224.65,98.9,0,0.0,0,0,2026-08-21
NIFTY,2026-09-22,23050.0,CE,0.0,0.0,0.0,1331.55,1401.89,0,0.0,0,0,2026-08-21
NIFTY,2026-09-22,23350.0,CE,0.0,0.0,0.0,1089.75,1150.29,0,0.0,0,0,2026-08-21
NIFTY,2026-09-22,23400.0,CE,0.0,0.0,0.0,1051.55,1110.31,0,0.0,0,0,2026-08-21
NIFTY,2026-09-22,23450.0,CE,0.0,0.0,0.0,1013.95,1070.95,0,0.0,0,0,2026-08-21
NIFTY,2026-09-22,24200.0,CE,367.05,382.5,356.2,373.8,373.8,42,67078498.5,2340,390,2026-08-21
NIFTY,2026-09-22,24650.0,CE,0.0,0.0,0.0,336.8,352.54,0,0.0,0,0,2026-08-21
NIFTY,2026-09-29,23900.0,CE,633.1,640.0,605.0,631.15,631.15,358,570788094.5,53495,10790,2026-08-21
NIFTY,2026-09-29,24000.0,CE,577.55,577.55,530.85,557.35,557.35,11663,18613935323.75,2029040,164255,2026-08-21
NIFTY,2026-09-29,24100.0,CE,504.8,504.8,462.6,486.2,486.2,1589,2538766571.25,281450,23595,2026-08-21
NIFTY,2026-09-29,24850.0,CE,120.35,121.85,110.8,116.05,116.05,351,569583745.25,62075,6305,2026-08-21
NIFTY,2026-09-29,25650.0,CE,16.2,16.65,14.5,16.2,16.2,119,198521134.5,22100,3185,2026-08-21
NIFTY,2026-09-29,26700.0,CE,4.0,4.4,4.0,4.2,4.2,26,45130140.25,1560,130,2026-08-21
NIFTY,2026-09-29,26900.0,CE,4.0,4.65,3.3,3.5,3.5,110,192364409.25,1820,-195,2026-08-21
NIFTY,2026-10-27,22900.0,CE,0.0,0.0,0.0,1691.95,1764.15,0,0.0,0,0,2026-08-21
NIFTY,2026-10-27,23300.0,CE,0.0,0.0,0.0,1407.3,1449.16,0,0.0,0,0,2026-08-21
NIFTY,2026-10-27,24350.0,CE,0.0,0.0,0.0,444.65,774.42,0,0.0,520,0,2026-08-21
NIFTY,2026-10-27,26150.0,CE,0.0,0.0,0.0,228.35,174.18,0,0.0,0,0,2026-08-21
NIFTY,2026-10-27,26550.0,CE,0.0,0.0,0.0,164.25,115.9,0,0.0,0,0,2026-08-21
NIFTY,2026-10-27,26800.0,CE,0.0,0.0,0.0,132.4,88.59,0,0.0,0,0,2026-08-21
NIFTY,2026-10-27,26950.0,CE,0.0,0.0,0.0,115.95,75.0,0,0.0,0,0,2026-08-21
NIFTY,2026-12-29,23000.0,CE,1910.0,1930.0,1895.0,1908.6,1908.6,145,234808674.75,330735,0,2026-08-21
NIFTY,2027-06-29,19000.0,CE,0.0,0.0,0.0,7800.0,6312.71,0,0.0,75,0,2026-08-21
NIFTY,2027-06-29,31500.0,CE,0.0,0.0,0.0,769.15,161.7,0,0.0,0,0,2026-08-21
NIFTY,2028-06-27,18000.0,CE,0.0,0.0,0.0,6809.35,8355.23,0,0.0,0,0,2026-08-21
NIFTY,2029-06-26,28500.0,CE,0.0,0.0,0.0,4213.3,2933.55,0,0.0,0,0,2026-08-21
NIFTY,2029-06-26,30000.0,CE,0.0,0.0,0.0,5268.4,2380.81,0,0.0,0,0,2026-08-21
NIFTY,2029-12-24,31500.0,CE,0.0,0.0,0.0,3429.3,2440.7,0,0.0,0,0,2026-08-21
NIFTY,2030-06-25,22500.0,CE,0.0,0.0,0.0,9012.4,7281.95,0,0.0,0,0,2026-08-21
NIFTY,2030-12-31,30000.0,CE,0.0,0.0,0.0,5227.2,4089.4,0,0.0,0,0,2026-08-21
NIFTY,2031-06-24,24000.0,CE,0.0,0.0,0.0,7181.9,7490.61,0,0.0,0,0,2026-08-21
NIFTY,2026-08-25,21500.0,PE,0.7,0.9,0.4,0.55,0.55,22573,31546587159.75,1564030,-60970,2026-08-21
NIFTY,2026-08-25,21550.0,PE,0.9,0.95,0.5,0.6,0.6,1043,1461022244.5,42120,14235,2026-08-21
NIFTY,2026-08-25,22000.0,PE,0.85,1.0,0.65,0.8,0.8,98187,140412531099.75,3894345,-758745,2026-08-21
NIFTY,2026-08-25,22450.0,PE,1.3,1.5,0.95,1.2,1.2,12565,18336428737.25,179010,-101465,2026-08-21
NIFTY,2026-08-25,22750.0,PE,1.15,1.8,1.15,1.45,1.45,30091,44499929825.0,312520,3315,2026-08-21
NIFTY,2026-08-25,23100.0,PE,1.75,2.15,1.4,1.7,1.7,161973,243221464339.75,1872780,744315,2026-08-21
NIFTY,2026-08-25,23250.0,PE,2.05,2.5,1.55,1.9,1.9,133851,202299791625.75,1596660,857870,2026-08-21
NIFTY,2026-08-25,23800.0,PE,5.0,6.2,3.7,4.35,4.35,660186,1021513971513.75,7417280,-668200,2026-08-21
NIFTY,2026-08-25,25700.0,PE,1420.0,1420.0,1398.0,1411.0,1430.95,85,149774170.0,14755,-2730,2026-08-21
NIFTY,2026-08-25,26400.0,PE,0.0,0.0,0.0,1670.0,2130.44,0,0.0,130,0,2026-08-21
NIFTY,2026-08-25,27100.0,PE,0.0,0.0,0.0,2800.0,2829.98,0,0.0,130,0,2026-08-21
NIFTY,2026-09-01,23950.0,PE,40.05,49.75,36.45,38.4,38.4,16454,25658215576.5,503750,53300,2026-08-21
NIFTY,2026-09-01,24650.0,PE,361.45,393.0,357.4,371.55,371.55,1002,1630159703.25,49465,44265,2026-08-21
NIFTY,2026-09-01,24950.0,PE,0.0,0.0,0.0,791.4,717.85,0,0.0,975,0,2026-08-21
NIFTY,2026-09-01,25250.0,PE,0.0,0.0,0.0,985.8,980.06,0,0.0,260,0,2026-08-21
NIFTY,2026-09-01,25400.0,PE,0.0,0.0,0.0,1105.0,1119.26,0,0.0,325,0,2026-08-21
NIFTY,2026-09-01,26100.0,PE,0.0,0.0,0.0,1810.35,1801.61,0,0.0,0,0,2026-08-21
NIFTY,2026-09-01,26600.0,PE,0.0,0.0,0.0,2266.3,2299.52,0,0.0,0,0,2026-08-21
NIFTY,2026-09-08,23300.0,PE,12.15,13.25,10.7,11.1,11.1,1313,1989528645.0,76115,10205,2026-08-21
NIFTY,2026-09-08,24400.0,PE,233.8,253.4,213.6,226.6,226.6,1922,3077040346.25,143585,17940,2026-08-21
NIFTY,2026-09-08,24500.0,PE,279.95,316.05,275.95,286.75,286.75,1535,2473551489.5,355875,910,2026-08-21
NIFTY,2026-09-08,25100.0,PE,0.0,0.0,0.0,701.05,868.59,0,0.0,0,0,2026-08-21
NIFTY,2026-09-08,25700.0,PE,0.0,0.0,0.0,1116.5,1396.72,0,0.0,0,0,2026-08-21
NIFTY,2026-09-08,26350.0,PE,0.0,0.0,0.0,1656.4,2023.65,0,0.0,0,0,2026-08-21
NIFTY,2026-09-15,23800.0,PE,61.0,71.85,61.0,62.85,62.85,640,992745650.0,86905,18980,2026-08-21
NIFTY,2026-09-15,23850.0,PE,0.0,0.0,0.0,204.05,206.41,0,0.0,0,0,2026-08-21
NIFTY,2026-09-15,24100.0,PE,129.65,147.55,127.7,129.35,129.35,227,357537173.5,13325,1560,2026-08-21
NIFTY,2026-09-15,25950.0,PE,0.0,0.0,0.0,1430.0,1622.74,0,0.0,0,0,2026-08-21
NIFTY,2026-09-22,23700.0,PE,0.0,0.0,0.0,244.2,196.43,0,0.0,0,0,2026-08-21
NIFTY,2026-09-22,24350.0,PE,0.0,0.0,0.0,517.75,446.84,0,0.0,0,0,2026-08-21
NIFTY,2026-09-22,24500.0,PE,337.35,337.35,317.45,318.0,318.0,8,12909078.0,2340,0,2026-08-21
NIFTY,2026-09-22,25000.0,PE,680.0,680.0,680.0,680.0,836.06,1,1669200.0,0,-65,2026-08-21
NIFTY,2026-09-22,25100.0,PE,0.0,0.0,0.0,997.6,907.4,0,0.0,0,0,2026-08-21
NIFTY,2026-09-22,25300.0,PE,0.0,0.0,0.0,1150.25,1058.26,0,0.0,0,0,2026-08-21
NIFTY,2026-09-22,25600.0,PE,0.0,0.0,0.0,1396.5,1301.74,0,0.0,0,0,2026-08-21
NIFTY,2026-09-29,21850.0,PE,11.15,11.35,11.15,11.35,8.27,28,39787491.25,2470,1040,2026-08-21
NIFTY,2026-09-29,22150.0,PE,15.15,15.15,12.6,12.6,12.6,90,129658620.0,23270,780,2026-08-21
NIFTY,2026-09-29,22800.0,PE,24.0,25.8,22.9,23.75,23.75,3049,4523311780.0,428025,19630,2026-08-21
NIFTY,2026-09-29,22950.0,PE,30.7,30.7,27.75,28.25,28.25,120,179233398.5,19890,-520,2026-08-21
NIFTY,2026-09-29,24700.0,PE,457.6,487.75,445.0,454.5,454.5,2193,3585936136.25,270920,73775,2026-08-21
NIFTY,2026-09-29,25800.0,PE,1389.9,1389.9,1389.9,1389.9,1473.39,10,17673435.0,2600,650,2026-08-21
NIFTY,2026-09-29,26650.0,PE,0.0,0.0,0.0,2517.6,2241.33,0,0.0,0,0,2026-08-21
NIFTY,2026-09-29,26800.0,PE,0.0,0.0,0.0,2648.0,2383.83,0,0.0,0,0,2026-08-21
NIFTY,2026-09-29,27100.0,PE,0.0,0.0,0.0,2914.15,2672.54,0,0.0,0,0,2026-08-21
NIFTY,2026-09-29,30000.0,PE,5565.0,5565.0,5520.05,5549.55,5549.55,25,57754212.75,147095,-325,2026-08-21
NIFTY,2026-10-27,23200.0,PE,0.0,0.0,0.0,342.0,196.44,0,0.0,0,0,2026-08-21
NIFTY,2026-10-27,23700.0,PE,147.05,155.0,142.0,146.4,146.4,686,1063354145.75,190580,3965,2026-08-21
NIFTY,2026-10-27,24450.0,PE,373.85,373.85,368.55,368.55,629.29,2,3226756.0,2600,0,2026-08-21
NIFTY,2026-10-27,25800.0,PE,0.0,0.0,0.0,1055.9,1483.24,0,0.0,390,0,2026-08-21
NIFTY,2026-10-27,26050.0,PE,0.0,0.0,0.0,1920.65,1679.15,0,0.0,0,0,2026-08-21
NIFTY,2026-12-29,25500.0,PE,955.65,986.25,949.0,963.15,963.15,482,829149815.0,373620,-5005,2026-08-21
NIFTY,2027-03-30,21000.0,PE,78.7,80.5,77.25,79.65,79.65,453,620662614.0,415155,390,2026-08-21
NIFTY,2027-03-30,28500.0,PE,0.0,0.0,0.0,2937.15,3436.39,0,0.0,65,0,2026-08-21
NIFTY,2026-10-27,26500.0,PE,1955.65,1955.65,1954.8,1955.25,1955.25,2,3699179.25,1950,65,2026-08-21
NIFTY,2026-10-27,26750.0,PE,0.0,0.0,0.0,2501.2,2272.35,0,0.0,0,0,2026-08-21
NIFTY,2026-12-29,14000.0,PE,0.0,0.0,0.0,9.75,0.0,0,0.0,9415,0,2026-08-21
NIFTY,2026-12-29,16500.0,PE,0.0,0.0,0.0,12.5,0.01,0,0.0,3380,0,2026-08-21
NIFTY,2026-12-29,18000.0,PE,19.65,19.7,18.75,19.15,19.15,376,440386589.5,492835,-195,2026-08-21
NIFTY,2026-12-29,20000.0,PE,31.75,34.95,31.7,32.7,32.7,1695,2207135222.5,1149600,-1650,2026-08-21
NIFTY,2027-03-30,22500.0,PE,168.05,174.85,166.25,167.4,167.4,699,1029956814.25,504205,-5785,2026-08-21
NIFTY,2027-12-28,24000.0,PE,654.15,664.0,643.55,647.75,647.75,90,144216995.0,145000,2925,2026-08-21
NIFTY,2029-12-24,16500.0,PE,0.0,0.0,0.0,10.15,42.53,0,0.0,0,0,2026-08-21
NIFTY,2029-12-24,21000.0,PE,0.0,0.0,0.0,350.05,326.94,0,0.0,715,0,2026-08-21
NIFTY,2029-12-24,30000.0,PE,0.0,0.0,0.0,1953.5,2795.64,0,0.0,0,0,2026-08-21
NIFTY,2030-12-31,19500.0,PE,0.0,0.0,0.0,67.4,197.35,0,0.0,0,0,2026-08-21
NIFTY,2030-12-31,16500.0,PE,0.0,0.0,0.0,13.65,54.5,0,0.0,0,0,2026-08-21
NIFTY,2026-08-25,21250.0,CE,0.0,0.0,0.0,2971.0,3016.13,0,0.0,65,0,2026-08-21
NIFTY,2026-08-25,21400.0,CE,3000.0,3000.0,2940.75,2940.75,2866.23,2,3168148.75,65,-65,2026-08-21
NIFTY,2026-08-25,21500.0,CE,2790.0,2808.0,2767.6,2784.35,2784.35,282,445227461.25,307190,-12870,2026-08-21
NIFTY,2026-08-25,22050.0,CE,0.0,0.0,0.0,2323.1,2216.66,0,0.0,0,0,2026-08-21
NIFTY,2026-08-25,22150.0,CE,0.0,0.0,0.0,2147.4,2116.73,0,0.0,130,0,2026-08-21
NIFTY,2026-08-25,22300.0,CE,0.0,0.0,0.0,2113.8,1966.83,0,0.0,1820,0,2026-08-21
NIFTY,2026-08-25,23750.0,CE,565.7,579.4,512.1,540.4,540.4,369,582633879.75,45175,-3575,2026-08-21
NIFTY,2026-08-25,23800.0,CE,510.8,529.0,462.0,491.1,491.1,8542,13487773867.75,609375,-14105,2026-08-21
NIFTY,2026-08-25,24200.0,CE,165.0,179.95,120.9,132.7,132.7,2754150,4356949387147.5,8847280,438685,2026-08-21
NIFTY,2026-08-25,24500.0,CE,22.0,25.45,12.4,13.9,13.9,1663955,2651577944882.75,13028860,514215,2026-08-21
NIFTY,2026-08-25,24900.0,CE,1.45,2.1,1.3,1.6,1.6,292392,473269018150.5,3647020,332540,2026-08-21
NIFTY,2026-08-25,24950.0,CE,1.3,2.0,1.25,1.4,1.4,109896,178235075908.5,1169610,-204555,2026-08-21
NIFTY,2026-08-25,25050.0,CE,1.15,1.65,1.0,1.15,1.15,93837,152797893917.5,1177475,251810,2026-08-21
NIFTY,2026-08-25,25600.0,CE,0.5,0.65,0.45,0.5,0.5,181234,301579608755.75,3457220,-842725,2026-08-21
NIFTY,2026-08-25,25950.0,CE,0.4,0.6,0.4,0.45,0.45,6400,10795401578.0,237445,-715,2026-08-21
NIFTY,2026-08-25,26050.0,CE,0.45,0.6,0.35,0.4,0.4,5615,9507771874.25,167765,15730,2026-08-21
NIFTY,2026-08-25,26100.0,CE,0.4,0.6,0.35,0.45,0.45,7902,13405983688.5,283270,-21190,2026-08-21
NIFTY,2026-08-25,26300.0,CE,0.5,0.6,0.35,0.45,0.45,6835,11684648969.5,685750,-33540,2026-08-21
NIFTY,2026-08-25,26700.0,CE,0.75,0.75,0.35,0.4,0.4,1268,2200652782.25,47905,1040,2026-08-21
NIFTY,2026-08-25,27150.0,CE,0.45,0.5,0.3,0.35,0.35,2275,4014863537.75,80600,33995,2026-08-21
NIFTY,2026-09-01,22050.0,CE,0.0,0.0,0.0,2313.35,2242.35,0,0.0,0,0,2026-08-21
NIFTY,2026-09-01,22350.0,CE,0.0,0.0,0.0,2032.25,1943.15,0,0.0,0,0,2026-08-21
NIFTY,2026-09-01,23600.0,CE,734.1,734.1,690.0,723.3,723.3,74,116972167.0,7085,2470,2026-08-21
NIFTY,2026-09-01,23900.0,CE,470.0,472.5,411.05,444.4,444.4,2652,4196199361.25,111930,58760,2026-08-21
NIFTY,2026-09-01,24700.0,CE,30.1,33.85,24.3,26.9,26.9,57547,92493263427.5,1850875,584090,2026-08-21
NIFTY,2026-09-01,24800.0,CE,15.2,19.8,13.95,15.15,15.15,61449,99117483140.0,2525120,1126775,2026-08-21
NIFTY,2026-09-01,24850.0,CE,14.05,15.65,10.95,11.9,11.9,14981,24209836550.25,372190,164060,2026-08-21
NIFTY,2026-09-01,26100.0,CE,1.95,1.95,0.9,0.95,0.95,365,619246787.25,37115,14950,2026-08-21
NIFTY,2026-09-01,27200.0,CE,0.8,0.9,0.7,0.75,0.75,299,528647021.5,23595,4095,2026-08-21
NIFTY,2026-09-08,22950.0,CE,0.0,0.0,0.0,1838.05,1390.31,0,0.0,0,0,2026-08-21
NIFTY,2026-09-08,23650.0,CE,688.05,688.05,688.05,688.05,781.54,1,1581973.25,65,65,2026-08-21
NIFTY,2026-09-08,23850.0,CE,0.0,0.0,0.0,562.85,634.02,0,0.0,650,0,2026-08-21
NIFTY,2026-09-08,24100.0,CE,344.55,357.1,319.95,339.05,339.05,553,878450833.0,84370,-910,2026-08-21
NIFTY,2026-09-08,25450.0,CE,0.0,0.0,0.0,244.7,45.83,0,0.0,0,0,2026-08-21
NIFTY,2026-09-08,25550.0,CE,0.0,0.0,0.0,217.2,36.49,0,0.0,0,0,2026-08-21
NIFTY,2026-09-08,25600.0,CE,5.05,6.0,3.95,4.85,4.85,2668,4440348438.5,160095,8385,2026-08-21
NIFTY,2026-09-08,25900.0,CE,2.95,3.75,2.95,3.75,15.42,37,62297303.25,8190,520,2026-08-21
NIFTY,2026-09-08,26100.0,CE,2.45,3.2,2.3,2.9,2.9,45,76350358.5,9295,-65,2026-08-21
NIFTY,2026-09-08,26200.0,CE,2.4,2.95,2.0,2.15,2.15,159,270802077.0,5655,1040,2026-08-21
NIFTY,2026-09-15,23450.0,CE,0.0,0.0,0.0,1271.65,1004.53,0,0.0,0,0,2026-08-21
NIFTY,2026-09-15,25000.0,CE,40.8,41.0,34.15,37.6,37.6,2608,4244225547.25,183235,36010,2026-08-21
NIFTY,2026-09-22,22400.0,CE,0.0,0.0,0.0,1912.1,1997.77,0,0.0,0,0,2026-08-21
NIFTY,2026-09-22,23900.0,CE,601.5,601.5,601.5,601.5,747.61,1,1592597.5,585,65,2026-08-21
NIFTY,2026-09-22,24550.0,CE,0.0,0.0,0.0,375.95,394.37,0,0.0,0,0,2026-08-21
NIFTY,2026-09-22,26000.0,CE,0.0,0.0,0.0,53.9,52.78,0,0.0,0,0,2026-08-21
NIFTY,2026-09-29,16500.0,CE,0.0,0.0,0.0,10168.85,7866.9,0,0.0,0,0,2026-08-21
NIFTY,2026-09-29,21650.0,CE,0.0,0.0,0.0,2630.65,2757.82,0,0.0,0,0,2026-08-21
NIFTY,2026-09-29,23350.0,CE,1096.65,1096.65,1096.65,1096.65,1206.12,1,1589032.25,520,-65,2026-08-21
NIFTY,2026-09-29,24550.0,CE,229.0,234.85,215.0,226.25,226.25,327,526564379.25,52065,4485,2026-08-21
NIFTY,2026-09-29,25500.0,CE,23.05,23.75,19.9,22.9,22.9,23572,39103697597.25,2805660,129545,2026-08-21
NIFTY,2026-09-29,25750.0,CE,0.0,0.0,0.0,293.5,112.48,0,0.0,0,0,2026-08-21
NIFTY,2026-09-29,25850.0,CE,0.0,0.0,0.0,117.25,98.02,0,0.0,65,0,2026-08-21
NIFTY,2026-09-29,26000.0,CE,9.8,9.95,8.0,9.2,9.2,26695,45129763900.0,3023725,124020,2026-08-21
NIFTY,2026-09-29,26600.0,CE,4.55,5.25,4.3,4.55,4.55,298,515336981.25,50050,-1950,2026-08-21
NIFTY,2026-09-29,27150.0,CE,3.0,4.6,2.55,2.85,2.85,737,1300814466.25,6890,1885,2026-08-21
NIFTY,2026-10-27,22500.0,CE,2000.0,2031.0,2000.0,2017.0,2017.0,36,57370101.75,6760,2210,2026-08-21
NIFTY,2026-10-27,23750.0,CE,0.0,0.0,0.0,944.05,1130.58,0,0.0,0,0,2026-08-21
NIFTY,2026-10-27,23800.0,CE,888.0,888.0,872.0,872.0,872.0,3,4812080.0,1040,0,2026-08-21
NIFTY,2026-10-27,23850.0,CE,0.0,0.0,0.0,1063.45,1065.61,0,0.0,0,0,2026-08-21
NIFTY,2026-10-27,24650.0,CE,336.4,348.0,336.4,346.1,346.1,32,51986889.5,4030,-1040,2026-08-21
NIFTY,2026-10-27,25250.0,CE,0.0,0.0,0.0,447.85,393.22,0,0.0,0,0,2026-08-21
NIFTY,2026-10-27,25950.0,CE,0.0,0.0,0.0,267.4,211.29,0,0.0,0,0,2026-08-21
NIFTY,2026-10-27,26500.0,CE,16.0,16.8,14.3,16.05,16.05,1197,2063039065.75,145925,9620,2026-08-21
NIFTY,2026-12-29,20000.0,CE,4700.0,4726.35,4681.45,4688.4,4688.4,143,229618229.75,570530,130,2026-08-21
NIFTY,2027-03-30,16500.0,CE,0.0,0.0,0.0,6995.9,8392.87,0,0.0,0,0,2026-08-21
NIFTY,2027-03-30,28500.0,CE,75.0,75.0,72.1,73.8,73.8,529,982486836.5,143065,25025,2026-08-21
NIFTY,2028-06-27,22500.0,CE,0.0,0.0,0.0,6796.05,4823.77,0,0.0,0,0,2026-08-21
NIFTY,2028-06-27,28500.0,CE,0.0,0.0,0.0,2990.0,1725.74,0,0.0,0,0,2026-08-21
NIFTY,2028-12-26,27000.0,CE,0.0,0.0,0.0,2700.0,2949.87,0,0.0,845,0,2026-08-21
NIFTY,2029-06-26,22500.0,CE,0.0,0.0,0.0,7946.5,6113.53,0,0.0,0,0,2026-08-21
NIFTY,2030-06-25,28500.0,CE,0.0,0.0,0.0,5382.85,4111.39,0,0.0,0,0,2026-08-21
NIFTY,2030-06-25,30000.0,CE,0.0,0.0,0.0,5580.35,3509.13,0,0.0,0,0,2026-08-21
NIFTY,2031-06-24,22500.0,CE,0.0,0.0,0.0,8012.75,8357.76,0,0.0,0,0,2026-08-21
NIFTY,2026-08-25,22400.0,PE,0.95,1.5,0.95,1.1,1.1,23299,33925080816.25,357370,-22750,2026-08-21
NIFTY,2026-08-25,23450.0,PE,2.5,3.05,2.15,2.5,2.5,224273,341885274259.75,1135485,-40105,2026-08-21
NIFTY,2026-08-25,23500.0,PE,2.55,3.25,2.35,2.75,2.75,722998,1104509476287.75,10580765,1013480,2026-08-21
NIFTY,2026-08-25,24000.0,PE,14.85,19.05,10.95,11.9,11.9,1612499,2516916386624.25,17739540,1391650,2026-08-21
NIFTY,2026-08-25,24200.0,PE,47.95,65.0,38.25,45.5,45.5,4481468,7063622812171.25,15047955,1758965,2026-08-21
NIFTY,2026-08-25,24900.0,PE,596.4,644.0,591.1,615.75,615.75,935,1550502083.0,134030,-16120,2026-08-21
NIFTY,2026-08-25,26100.0,PE,1798.0,1818.0,1798.0,1814.45,1814.45,139,252201387.75,18850,-6760,2026-08-21
NIFTY,2026-08-25,26550.0,PE,0.0,0.0,0.0,2413.1,2280.34,0,0.0,0,0,2026-08-21
NIFTY,2026-08-25,26600.0,PE,0.0,0.0,0.0,2455.55,2330.31,0,0.0,0,0,2026-08-21
NIFTY,2026-09-01,22500.0,PE,3.55,4.2,3.4,3.7,3.7,39750,58144044068.5,2025335,757380,2026-08-21
NIFTY,2026-09-01,22850.0,PE,4.4,4.7,3.45,4.15,4.15,241,358011364.75,18070,2275,2026-08-21
NIFTY,2026-09-01,23700.0,PE,16.75,18.85,13.4,14.05,14.05,29185,44987978766.25,1262690,183430,2026-08-21
NIFTY,2026-09-01,23750.0,PE,20.0,22.6,16.05,16.8,16.8,15942,24628798476.75,529620,342355,2026-08-21
NIFTY,2026-09-01,24100.0,PE,67.4,87.05,65.7,69.45,69.45,45167,70966471325.75,978055,400660,2026-08-21
NIFTY,2026-09-01,24800.0,PE,481.9,530.35,481.9,500.25,500.25,491,807526157.75,43615,5525,2026-08-21
NIFTY,2026-09-01,24900.0,PE,578.1,628.2,578.05,592.95,592.95,156,258670275.5,8905,2340,2026-08-21
NIFTY,2026-09-01,25150.0,PE,0.0,0.0,0.0,813.0,889.89,0,0.0,780,0,2026-08-21
NIFTY,2026-09-01,25600.0,PE,0.0,0.0,0.0,1429.65,1310.24,0,0.0,780,0,2026-08-21
NIFTY,2026-09-01,26800.0,PE,0.0,0.0,0.0,2454.6,2499.07,0,0.0,0,0,2026-08-21
NIFTY,2026-09-08,24150.0,PE,117.45,138.4,116.85,119.6,119.6,601,948282117.25,34710,2015,2026-08-21
NIFTY,2026-09-08,24650.0,PE,329.95,405.15,329.95,386.0,538.56,15,24410876.75,2730,130,2026-08-21
NIFTY,2026-09-08,25250.0,PE,0.0,0.0,0.0,795.8,993.13,0,0.0,0,0,2026-08-21
NIFTY,2026-09-08,25300.0,PE,0.0,0.0,0.0,828.8,1035.94,0,0.0,0,0,2026-08-21
NIFTY,2026-09-08,25900.0,PE,0.0,0.0,0.0,1274.25,1586.01,0,0.0,0,0,2026-08-21
NIFTY,2026-09-08,26300.0,PE,0.0,0.0,0.0,1612.35,1974.49,0,0.0,0,0,2026-08-21
NIFTY,2026-09-15,22900.0,PE,0.0,0.0,0.0,44.15,33.84,0,0.0,0,0,2026-08-21
NIFTY,2026-09-15,23650.0,PE,0.0,0.0,0.0,154.25,149.61,0,0.0,0,0,2026-08-21
NIFTY,2026-09-15,24350.0,PE,235.0,245.05,215.75,223.95,223.95,65,103839521.5,6890,1885,2026-08-21
NIFTY,2026-09-15,24900.0,PE,0.0,0.0,0.0,659.05,745.43,0,0.0,0,0,2026-08-21
NIFTY,2026-09-15,25100.0,PE,0.0,0.0,0.0,901.0,892.42,0,0.0,130,0,2026-08-21
NIFTY,2026-09-15,25150.0,PE,0.0,0.0,0.0,817.1,930.97,0,0.0,0,0,2026-08-21
NIFTY,2026-09-22,23000.0,PE,0.0,0.0,0.0,85.8,62.07,0,0.0,0,0,2026-08-21
NIFTY,2026-09-22,24800.0,PE,0.0,0.0,0.0,785.4,702.05,0,0.0,0,0,2026-08-21
NIFTY,2026-09-22,24950.0,PE,0.0,0.0,0.0,887.95,801.45,0,0.0,0,0,2026-08-21
NIFTY,2026-09-22,25050.0,PE,0.0,0.0,0.0,959.7,871.38,0,0.0,0,0,2026-08-21
NIFTY,2026-09-22,25250.0,PE,0.0,0.0,0.0,1111.0,1019.65,0,0.0,0,0,2026-08-21
NIFTY,2026-09-22,25400.0,PE,0.0,0.0,0.0,1230.35,1137.26,0,0.0,0,0,2026-08-21
NIFTY,2026-09-22,25450.0,PE,0.0,0.0,0.0,1271.15,1177.6,0,0.0,0,0,2026-08-21
NIFTY,2026-09-22,25850.0,PE,0.0,0.0,0.0,1613.85,1517.83,0,0.0,0,0,2026-08-21
NIFTY,2026-09-29,21600.0,PE,10.05,10.35,8.8,9.65,9.65,194,272497472.0,59215,5005,2026-08-21
NIFTY,2026-09-29,21800.0,PE,12.25,13.35,11.0,11.8,11.8,137,194231228.75,77350,1235,2026-08-21
NIFTY,2026-09-29,22300.0,PE,15.05,15.55,14.1,14.8,14.8,335,485907854.25,154570,4225,2026-08-21
NIFTY,2026-09-29,22850.0,PE,26.85,27.25,24.3,25.15,25.15,223,331582611.75,20475,4550,2026-08-21
NIFTY,2026-12-29,18000.0,CE,0.0,0.0,0.0,6570.45,6666.69,0,0.0,1690,0,2026-08-21
NIFTY,2026-10-27,26350.0,CE,0.0,0.0,0.0,194.1,142.58,0,0.0,0,0,2026-08-21
NIFTY,2026-10-27,26250.0,CE,0.0,0.0,0.0,210.65,157.73,0,0.0,0,0,2026-08-21
NIFTY,2026-10-27,25200.0,CE,150.05,150.05,135.75,142.8,142.8,1167,1922247395.25,204230,22230,2026-08-21
NIFTY,2026-10-27,24550.0,CE,392.9,401.9,385.45,397.5,397.5,89,144313945.75,5395,0,2026-08-21
NIFTY,2026-10-27,22750.0,CE,0.0,0.0,0.0,1805.4,1888.96,0,0.0,0,0,2026-08-21
NIFTY,2026-10-27,22450.0,CE,0.0,0.0,0.0,2042.45,2147.88,0,0.0,0,0,2026-08-21
NIFTY,2026-10-27,22250.0,CE,2260.0,2260.0,2250.0,2250.0,2326.45,28,44599100.0,1820,1820,2026-08-21
NIFTY,2026-09-29,26850.0,CE,4.1,4.1,3.7,3.7,20.61,20,34910070.0,3445,0,2026-08-21
NIFTY,2026-09-29,25300.0,CE,36.35,38.0,32.75,36.65,36.65,8404,13839614828.0,572325,-48880,2026-08-21
NIFTY,2026-09-29,25250.0,CE,42.4,43.6,38.0,42.15,42.15,829,1362757064.5,59280,3380,2026-08-21
NIFTY,2026-09-29,25050.0,CE,70.6,71.9,65.9,71.0,71.0,966,1577235517.0,98540,8580,2026-08-21
NIFTY,2026-09-29,24250.0,CE,400.7,402.85,369.45,387.35,387.35,1326,2123505335.25,96785,20735,2026-08-21
NIFTY,2026-09-29,23650.0,CE,0.0,0.0,0.0,858.1,980.66,0,0.0,1560,0,2026-08-21
NIFTY,2026-09-29,23500.0,CE,970.0,974.75,924.95,959.5,959.5,1767,2809149687.5,312195,18525,2026-08-21
NIFTY,2026-09-29,23450.0,CE,0.0,0.0,0.0,1032.15,1128.58,0,0.0,585,0,2026-08-21
NIFTY,2026-09-29,23400.0,CE,1059.8,1060.25,1028.9,1045.0,1045.0,17,27010090.25,4095,260,2026-08-21
NIFTY,2026-09-29,23200.0,CE,1203.7,1239.0,1195.55,1233.0,1326.64,31,49202686.0,14105,1820,2026-08-21
NIFTY,2026-09-29,22350.0,CE,0.0,0.0,0.0,1788.15,2082.57,0,0.0,195,0,2026-08-21
NIFTY,2026-09-29,22300.0,CE,0.0,0.0,0.0,1833.95,2129.79,0,0.0,195,0,2026-08-21
NIFTY,2026-09-29,18000.0,CE,6320.0,6340.0,6320.0,6340.0,6377.34,2,3162900.0,1365,130,2026-08-21
NIFTY,2026-09-29,15000.0,CE,0.0,0.0,0.0,10499.3,9356.45,0,0.0,0,0,2026-08-21
NIFTY,2026-09-22,25150.0,CE,0.0,0.0,0.0,185.6,189.88,0,0.0,0,0,2026-08-21
NIFTY,2026-09-22,24400.0,CE,247.1,260.0,247.1,256.55,256.55,14,22437805.0,1560,520,2026-08-21
NIFTY,2026-09-22,23300.0,CE,0.0,0.0,0.0,1128.6,1190.87,0,0.0,0,0,2026-08-21
NIFTY,2026-09-15,25700.0,CE,0.0,0.0,0.0,144.0,52.84,0,0.0,0,0,2026-08-21
NIFTY,2026-09-15,24550.0,CE,154.45,154.45,136.55,142.1,142.1,257,412580850.5,11180,7085,2026-08-21
NIFTY,2026-09-15,22450.0,CE,0.0,0.0,0.0,2169.4,1906.06,0,0.0,0,0,2026-08-21
NIFTY,2026-09-08,25950.0,CE,0.0,0.0,0.0,2.85,13.53,0,0.0,1170,0,2026-08-21
NIFTY,2026-09-08,25150.0,CE,0.0,0.0,0.0,343.0,86.58,0,0.0,0,0,2026-08-21
NIFTY,2026-09-08,24600.0,CE,102.0,102.0,80.4,87.05,87.05,3604,5783227534.5,209040,10205,2026-08-21
NIFTY,2026-09-08,23600.0,CE,698.45,756.6,698.35,756.6,820.64,20,31628564.5,1495,390,2026-08-21
NIFTY,2026-09-08,23450.0,CE,0.0,0.0,0.0,1396.6,942.79,0,0.0,0,0,2026-08-21
NIFTY,2026-09-08,23200.0,CE,0.0,0.0,0.0,984.8,1160.08,0,0.0,195,0,2026-08-21
NIFTY,2026-09-08,22350.0,CE,0.0,0.0,0.0,2406.1,1971.59,0,0.0,0,0,2026-08-21
NIFTY,2026-09-01,26700.0,CE,1.0,1.1,0.6,0.9,0.9,36,62480167.75,9685,715,2026-08-21
NIFTY,2026-09-01,26200.0,CE,1.4,1.4,0.9,0.9,0.9,304,517731948.5,28145,-780,2026-08-21
NIFTY,2026-09-01,26150.0,CE,1.15,1.35,0.95,1.35,1.06,8,13598611.0,3055,-325,2026-08-21
NIFTY,2026-09-01,25600.0,CE,1.9,2.45,1.1,1.95,1.95,3649,6072375130.25,117650,44265,2026-08-21
NIFTY,2026-09-01,25300.0,CE,3.5,3.6,2.75,3.1,3.1,13997,23020859043.0,369785,9815,2026-08-21
NIFTY,2026-09-01,25100.0,CE,4.95,5.45,4.3,4.6,4.6,24262,39590846951.5,679900,202475,2026-08-21
NIFTY,2026-09-01,24650.0,CE,39.1,42.2,31.15,34.55,34.55,16782,26926770295.75,413790,178295,2026-08-21
NIFTY,2026-09-01,22950.0,CE,0.0,0.0,0.0,1501.8,1349.47,0,0.0,0,0,2026-08-21
NIFTY,2026-09-01,22800.0,CE,0.0,0.0,0.0,1629.4,1496.56,0,0.0,0,0,2026-08-21
NIFTY,2026-09-01,22300.0,CE,0.0,0.0,0.0,2078.55,1992.99,0,0.0,0,0,2026-08-21
NIFTY,2026-08-25,26550.0,CE,0.55,0.55,0.35,0.45,0.45,410,707569999.5,19305,975,2026-08-21
NIFTY,2026-08-25,25800.0,CE,0.45,0.6,0.4,0.45,0.45,40899,68588916841.25,1420315,-55835,2026-08-21
NIFTY,2026-08-25,25500.0,CE,0.65,0.75,0.5,0.6,0.6,313699,519968631442.0,8956675,157170,2026-08-21
NIFTY,2026-08-25,25400.0,CE,0.6,0.85,0.55,0.6,0.6,229558,379010183181.5,4545970,202280,2026-08-21
NIFTY,2026-08-25,23900.0,CE,436.3,450.0,366.0,393.2,393.2,18591,29358722194.75,273390,-34060,2026-08-21
NIFTY,2030-12-31,21000.0,CE,0.0,0.0,0.0,10552.5,8795.25,0,0.0,0,0,2026-08-21
NIFTY,2027-03-30,16500.0,PE,20.05,20.05,20.05,20.05,0.27,5,5369016.25,1560,0,2026-08-21
NIFTY,2026-10-27,26900.0,PE,0.0,0.0,0.0,2631.85,2406.31,0,0.0,0,0,2026-08-21
NIFTY,2026-10-27,26100.0,PE,0.0,0.0,0.0,1960.3,1719.46,0,0.0,0,0,2026-08-21
NIFTY,2026-10-27,25250.0,PE,0.0,0.0,0.0,675.6,1089.91,0,0.0,65,0,2026-08-21
NIFTY,2026-10-27,25050.0,PE,0.0,0.0,0.0,540.05,961.63,0,0.0,325,0,2026-08-21
NIFTY,2026-10-27,24150.0,PE,261.35,270.65,255.25,260.0,260.0,25,39667608.5,25480,390,2026-08-21
NIFTY,2026-10-27,24100.0,PE,246.0,259.85,242.8,246.0,246.0,145,229473777.0,16120,3835,2026-08-21
NIFTY,2026-10-27,22400.0,PE,32.35,34.8,30.2,31.0,31.0,128,186633018.0,41535,130,2026-08-21
NIFTY,2026-09-29,31500.0,PE,0.0,0.0,0.0,4341.2,7028.65,0,0.0,0,0,2026-08-21
NIFTY,2026-09-29,27000.0,PE,2580.15,2607.95,2559.8,2570.55,2570.55,633,1216761682.5,1492625,25220,2026-08-21
NIFTY,2026-09-29,26950.0,PE,0.0,0.0,0.0,2780.25,2527.65,0,0.0,0,0,2026-08-21
NIFTY,2026-09-29,22650.0,PE,20.95,21.6,19.1,19.35,19.35,107,157672277.75,11830,325,2026-08-21
NIFTY,2026-09-29,22500.0,PE,18.95,19.0,16.85,17.35,17.35,10263,15021293937.0,1928355,106860,2026-08-21
NIFTY,2026-09-29,21900.0,PE,13.25,13.25,11.0,12.15,12.15,1734,2469695107.75,137995,90155,2026-08-21
NIFTY,2026-09-29,15000.0,PE,0.6,0.7,0.6,0.7,0.0,16,15600630.5,47320,0,2026-08-21
NIFTY,2026-09-22,26000.0,PE,0.0,0.0,0.0,1748.6,1652.13,0,0.0,0,0,2026-08-21
NIFTY,2026-09-22,25900.0,PE,0.0,0.0,0.0,1658.45,1562.25,0,0.0,0,0,2026-08-21
NIFTY,2026-09-22,24300.0,PE,241.05,241.05,222.0,225.9,225.9,82,130735569.25,5005,2145,2026-08-21
NIFTY,2026-09-22,23900.0,PE,0.0,0.0,0.0,314.25,258.96,0,0.0,0,0,2026-08-21
NIFTY,2026-09-22,23450.0,PE,0.0,0.0,0.0,173.4,134.88,0,0.0,0,0,2026-08-21
NIFTY,2026-09-22,23300.0,PE,0.0,0.0,0.0,138.95,105.65,0,0.0,0,0,2026-08-21
NIFTY,2026-09-22,22600.0,PE,0.0,0.0,0.0,41.4,27.71,0,0.0,0,0,2026-08-21
NIFTY,2026-09-15,26100.0,PE,0.0,0.0,0.0,1559.2,1763.47,0,0.0,0,0,2026-08-21
NIFTY,2026-09-15,25900.0,PE,0.0,0.0,0.0,1387.75,1576.37,0,0.0,0,0,2026-08-21
NIFTY,2026-09-15,25800.0,PE,0.0,0.0,0.0,1304.65,1484.59,0,0.0,0,0,2026-08-21
NIFTY,2026-09-15,25700.0,PE,0.0,0.0,0.0,1223.4,1394.22,0,0.0,0,0,2026-08-21
NIFTY,2026-09-15,24700.0,PE,557.0,557.0,557.0,557.0,611.52,1,1641705.0,65,65,2026-08-21
NIFTY,2026-09-15,24200.0,PE,162.45,183.4,159.5,162.85,162.85,533,844179677.25,50440,12870,2026-08-21
NIFTY,2026-09-15,24000.0,PE,100.0,116.75,97.95,101.65,101.65,684,1071705404.25,71565,14235,2026-08-21
NIFTY,2026-09-15,23700.0,PE,54.75,56.0,48.5,49.6,49.6,262,404484626.0,37765,2665,2026-08-21
NIFTY,2026-09-15,22450.0,PE,0.0,0.0,0.0,17.6,10.92,0,0.0,0,0,2026-08-21
NIFTY,2026-09-08,26100.0,PE,0.0,0.0,0.0,1439.9,1779.01,0,0.0,0,0,2026-08-21
NIFTY,2026-09-08,25500.0,PE,0.0,0.0,0.0,1054.45,1212.72,0,0.0,65,0,2026-08-21
NIFTY,2026-09-08,25050.0,PE,0.0,0.0,0.0,670.9,828.5,0,0.0,0,0,2026-08-21
NIFTY,2026-09-08,24450.0,PE,249.35,263.85,249.35,253.45,417.5,43,69054843.0,9945,-975,2026-08-21
NIFTY,2026-09-08,24050.0,PE,89.25,105.85,89.0,91.95,91.95,735,1153483301.75,56680,18980,2026-08-21
NIFTY,2026-09-08,23550.0,PE,22.0,24.6,18.25,20.5,20.5,366,560775767.5,20995,7930,2026-08-21
NIFTY,2026-09-08,23450.0,PE,18.5,18.55,15.05,15.9,15.9,219,334043924.5,27300,65,2026-08-21
NIFTY,2026-09-08,23050.0,PE,8.6,9.8,7.2,8.05,8.05,373,559055825.25,20865,4420,2026-08-21
NIFTY,2026-09-01,27100.0,PE,0.0,0.0,0.0,2741.55,2798.48,0,0.0,0,0,2026-08-21
NIFTY,2026-09-01,26550.0,PE,0.0,0.0,0.0,2219.65,2249.65,0,0.0,0,0,2026-08-21
NIFTY,2026-09-01,25650.0,PE,0.0,0.0,0.0,1426.15,1358.69,0,0.0,0,0,2026-08-21
NIFTY,2026-09-01,25350.0,PE,0.0,0.0,0.0,1180.85,1072.4,0,0.0,65,0,2026-08-21
NIFTY,2026-09-01,24700.0,PE,400.35,450.25,396.0,411.85,411.85,3582,5848304130.5,147875,74360,2026-08-21
NIFTY,2026-09-01,23600.0,PE,13.85,13.9,9.5,9.85,9.85,38393,58921497865.75,1659580,769600,2026-08-21
NIFTY,2026-09-01,23500.0,PE,9.9,10.3,7.7,8.0,8.0,43542,66535291309.5,1696500,476970,2026-08-21
NIFTY,2026-09-01,23450.0,PE,10.35,10.4,6.95,7.25,7.25,12154,18531711971.5,360035,230295,2026-08-21
NIFTY,2026-09-01,22700.0,PE,3.35,4.7,3.35,3.95,3.95,4475,6604014989.0,219050,88790,2026-08-21
NIFTY,2026-08-25,25600.0,PE,1320.0,1335.0,1286.6,1313.65,1313.65,39,68231839.0,13520,-1235,2026-08-21
NIFTY,2026-08-25,25250.0,PE,0.0,0.0,0.0,933.0,982.67,0,0.0,1625,0,2026-08-21
NIFTY,2026-08-25,24950.0,PE,633.2,684.45,633.2,665.9,665.9,72,119863861.0,19695,-65,2026-08-21
NIFTY,2026-08-25,22850.0,PE,1.35,1.9,1.3,1.55,1.55,43743,64973767085.5,509925,36920,2026-08-21
NIFTY,2026-08-25,22700.0,PE,1.15,1.7,1.15,1.4,1.4,79403,117166429809.0,962780,-586625,2026-08-21
NIFTY,2030-12-31,18000.0,CE,0.0,0.0,0.0,12674.15,10830.69,0,0.0,0,0,2026-08-21
NIFTY,2029-12-24,33000.0,CE,0.0,0.0,0.0,3816.05,2012.23,0,0.0,0,0,2026-08-21
NIFTY,2029-12-24,24000.0,CE,0.0,0.0,0.0,7730.0,5785.43,0,0.0,0,0,2026-08-21
NIFTY,2029-06-26,31500.0,CE,0.0,0.0,0.0,2878.65,1915.65,0,0.0,0,0,2026-08-21
NIFTY,2028-12-26,31500.0,CE,0.0,0.0,0.0,2327.6,1403.81,0,0.0,0,0,2026-08-21
NIFTY,2028-12-26,22500.0,CE,0.0,0.0,0.0,7382.9,5486.57,0,0.0,0,0,2026-08-21
NIFTY,2028-06-27,30000.0,CE,0.0,0.0,0.0,2278.45,1271.74,0,0.0,0,0,2026-08-21
NIFTY,2028-06-27,24000.0,CE,0.0,0.0,0.0,3918.85,3849.4,0,0.0,0,0,2026-08-21
NIFTY,2027-12-28,18000.0,CE,0.0,0.0,0.0,6285.7,7806.03,0,0.0,0,0,2026-08-21
NIFTY,2027-03-30,33000.0,CE,16.0,16.45,14.95,15.25,15.25,22,47211862.75,3900,260,2026-08-21
NIFTY,2027-03-30,19500.0,CE,0.0,0.0,0.0,4365.4,5530.41,0,0.0,0,0,2026-08-21
NIFTY,2026-12-29,19000.0,CE,5690.0,5690.0,5639.25,5675.0,5691.35,3,4810276.25,54275,65,2026-08-21
NIFTY,2026-12-29,16500.0,CE,0.0,0.0,0.0,10405.0,8131.9,0,0.0,0,0,2026-08-21
NIFTY,2026-10-27,26650.0,CE,0.0,0.0,0.0,150.8,104.23,0,0.0,0,0,2026-08-21
NIFTY,2026-10-27,26200.0,CE,0.0,0.0,0.0,219.35,165.78,0,0.0,0,0,2026-08-21
NIFTY,2026-10-27,25350.0,CE,0.0,0.0,0.0,417.4,361.62,0,0.0,0,0,2026-08-21
NIFTY,2026-10-27,24250.0,CE,574.9,580.55,555.1,563.4,563.4,38,61282565.5,4485,1430,2026-08-21
NIFTY,2026-10-27,23500.0,CE,1127.95,1130.25,1109.2,1121.3,1121.3,84,134435869.75,39715,130,2026-08-21
NIFTY,2026-09-29,33000.0,CE,0.0,0.0,0.0,1.35,0.0,0,0.0,35165,0,2026-08-21
NIFTY,2026-09-29,26950.0,CE,4.0,4.0,3.45,3.45,17.32,11,19272015.75,1625,65,2026-08-21
NIFTY,2026-09-29,26300.0,CE,6.0,7.45,5.35,5.8,5.8,1036,1771433462.5,106600,23790,2026-08-21
NIFTY,2026-09-29,25150.0,CE,54.1,55.45,49.25,54.55,54.55,1038,1700416831.75,89310,-11635,2026-08-21
NIFTY,2026-09-29,24450.0,CE,285.2,285.2,261.75,273.95,273.95,466,748861863.75,53105,-3445,2026-08-21
NIFTY,2026-09-29,24050.0,CE,527.65,532.3,502.0,519.25,519.25,88,140526941.75,18980,910,2026-08-21
NIFTY,2026-09-29,23600.0,CE,854.4,878.0,839.8,872.7,872.7,20,31805397.0,8255,65,2026-08-21
NIFTY,2026-09-29,23300.0,CE,1133.75,1142.8,1122.75,1142.8,1245.75,8,12705407.0,2470,195,2026-08-21
NIFTY,2026-09-29,23050.0,CE,0.0,0.0,0.0,1234.0,1451.8,0,0.0,520,0,2026-08-21
NIFTY,2026-09-29,22650.0,CE,0.0,0.0,0.0,1410.05,1804.4,0,0.0,325,0,2026-08-21
NIFTY,2026-09-29,22050.0,CE,0.0,0.0,0.0,2284.2,2368.67,0,0.0,0,0,2026-08-21
NIFTY,2026-09-22,25100.0,CE,0.0,0.0,0.0,197.7,202.9,0,0.0,0,0,2026-08-21
NIFTY,2026-09-22,24950.0,CE,0.0,0.0,0.0,237.2,246.09,0,0.0,0,0,2026-08-21
NIFTY,2026-09-22,24750.0,CE,0.0,0.0,0.0,300.7,313.95,0,0.0,0,0,2026-08-21
NIFTY,2026-09-22,24500.0,CE,256.0,256.0,201.9,205.1,205.1,27,43368692.25,780,780,2026-08-21
NIFTY,2026-09-22,23850.0,CE,0.0,0.0,0.0,738.45,780.53,0,0.0,0,0,2026-08-21
NIFTY,2026-09-22,23600.0,CE,0.0,0.0,0.0,905.1,957.72,0,0.0,0,0,2026-08-21
NIFTY,2026-09-22,22750.0,CE,0.0,0.0,0.0,1591.55,1670.07,0,0.0,0,0,2026-08-21
NIFTY,2026-09-22,22600.0,CE,0.0,0.0,0.0,1727.05,1808.92,0,0.0,0,0,2026-08-21
NIFTY,2026-09-15,25950.0,CE,0.0,0.0,0.0,102.05,32.4,0,0.0,0,0,2026-08-21
NIFTY,2026-09-15,25900.0,CE,0.0,0.0,0.0,109.55,35.83,0,0.0,0,0,2026-08-21
NIFTY,2026-09-15,25300.0,CE,0.0,0.0,0.0,238.65,107.57,0,0.0,0,0,2026-08-21
NIFTY,2026-09-15,24700.0,CE,0.0,0.0,0.0,310.0,265.99,0,0.0,65,0,2026-08-21
NIFTY,2026-09-15,24400.0,CE,213.75,225.0,198.05,210.65,210.65,602,963044546.75,57200,17485,2026-08-21
NIFTY,2026-09-15,23800.0,CE,808.25,808.25,621.05,621.05,741.65,3,4774337.75,130,130,2026-08-21
NIFTY,2026-09-15,23750.0,CE,0.0,0.0,0.0,1037.3,776.79,0,0.0,0,0,2026-08-21
NIFTY,2026-09-15,23650.0,CE,0.0,0.0,0.0,1113.0,849.73,0,0.0,0,0,2026-08-21
NIFTY,2026-09-15,23550.0,CE,0.0,0.0,0.0,1191.15,925.66,0,0.0,0,0,2026-08-21
NIFTY,2026-09-08,25800.0,CE,3.4,4.1,3.4,3.95,19.93,56,93925260.0,5460,845,2026-08-21
NIFTY,2026-09-08,25650.0,CE,4.3,4.4,3.85,4.2,4.2,54,90046021.0,1950,-65,2026-08-21
NIFTY,2026-09-08,25300.0,CE,8.8,9.0,7.1,8.4,8.4,2287,3762182151.0,134420,1950,2026-08-21
NIFTY,2026-09-08,25200.0,CE,0.0,0.0,0.0,324.9,78.26,0,0.0,0,0,2026-08-21
NIFTY,2026-09-08,24950.0,CE,0.0,0.0,0.0,422.75,127.25,0,0.0,0,0,2026-08-21
NIFTY,2026-09-08,24900.0,CE,0.0,0.0,0.0,444.55,140.31,0,0.0,0,0,2026-08-21
NIFTY,2026-09-08,24800.0,CE,47.65,49.8,39.4,41.95,41.95,5841,9431774956.5,313495,106340,2026-08-21
NIFTY,2026-09-08,24750.0,CE,53.5,56.2,48.0,51.0,51.0,1290,2079590067.75,47840,12480,2026-08-21
NIFTY,2026-09-08,23900.0,CE,495.6,502.7,470.0,486.0,599.61,64,101466761.5,4420,845,2026-08-21
NIFTY,2026-09-08,23800.0,CE,579.9,589.75,562.0,576.0,576.0,101,160007321.5,9945,3120,2026-08-21
NIFTY,2026-09-01,26950.0,CE,0.75,1.2,0.7,1.1,1.1,31,54305878.25,35165,-1170,2026-08-21
NIFTY,2026-09-01,25950.0,CE,1.7,2.35,1.05,1.25,1.25,89,150128628.0,4745,260,2026-08-21
NIFTY,2026-09-01,25900.0,CE,1.5,1.6,1.15,1.25,1.25,2856,4808320731.5,120705,20670,2026-08-21
NIFTY,2026-09-01,25800.0,CE,1.6,1.8,1.25,1.45,1.45,6019,10094446895.0,271180,113360,2026-08-21
NIFTY,2026-09-01,25000.0,CE,7.55,7.75,6.0,6.35,6.35,57955,94201131303.5,2226510,381680,2026-08-21
NIFTY,2026-09-01,24400.0,CE,122.0,123.8,96.35,106.95,106.95,46924,74748984007.75,1216215,297180,2026-08-21
NIFTY,2026-09-01,24350.0,CE,142.95,147.2,117.25,130.1,130.1,19672,31303282910.25,500435,294320,2026-08-21
NIFTY,2026-09-01,24250.0,CE,202.05,205.15,166.5,182.4,182.4,39831,63258472208.75,550355,197925,2026-08-21
NIFTY,2026-09-01,24000.0,CE,365.15,390.0,332.0,360.05,360.05,11131,17622709650.0,319930,1300,2026-08-21
NIFTY,2026-09-01,23350.0,CE,950.25,960.1,950.25,960.1,960.1,2,3159672.75,65,0,2026-08-21
NIFTY,2026-08-25,27050.0,CE,0.4,0.5,0.3,0.4,0.4,245,430777610.25,30290,0,2026-08-21
NIFTY,2026-08-25,25100.0,CE,1.05,1.5,0.9,1.0,1.0,263404,429763448166.0,3610945,542360,2026-08-21
NIFTY,2026-08-25,24850.0,CE,2.05,2.4,1.55,1.8,1.8,219416,354439363817.5,2399280,726310,2026-08-21
NIFTY,2026-08-25,24100.0,CE,240.0,250.85,191.15,209.25,209.25,456252,721073832128.0,2761720,-296010,2026-08-21
NIFTY,2026-08-25,23500.0,CE,800.05,825.9,760.5,788.75,788.75,2296,3625191076.0,390780,-29445,2026-08-21
NIFTY,2026-08-25,23450.0,CE,838.25,838.25,838.25,838.25,821.01,1,1578736.25,2405,65,2026-08-21
NIFTY,2026-08-25,22850.0,CE,0.0,0.0,0.0,1435.65,1417.22,0,0.0,1885,0,2026-08-21
NIFTY,2026-08-25,22800.0,CE,1498.0,1505.95,1480.0,1498.95,1498.95,8,12633146.5,4680,-390,2026-08-21
NIFTY,2026-08-25,22400.0,CE,0.0,0.0,0.0,1702.75,1866.9,0,0.0,2015,0,2026-08-21
NIFTY,2026-08-25,22250.0,CE,0.0,0.0,0.0,1585.4,2016.8,0,0.0,65,0,2026-08-21
NIFTY,2026-08-25,22200.0,CE,2105.2,2105.2,2105.2,2105.2,2066.76,1,1579838.0,325,-65,2026-08-21
NIFTY,2026-08-25,22000.0,CE,2275.8,2310.3,2268.45,2286.75,2286.75,1886,2977659863.75,430560,-103805,2026-08-21
NIFTY,2031-06-24,24000.0,PE,0.0,0.0,0.0,933.85,722.27,0,0.0,65,0,2026-08-21
NIFTY,2031-06-24,25500.0,PE,0.0,0.0,0.0,1262.85,1006.06,0,0.0,0,0,2026-08-21
NIFTY,2031-06-24,28500.0,PE,0.0,0.0,0.0,2104.2,1754.49,0,0.0,0,0,2026-08-21
NIFTY,2031-06-24,30000.0,PE,0.0,0.0,0.0,2616.25,2222.45,0,0.0,0,0,2026-08-21
NIFTY,2030-12-31,30000.0,PE,0.0,0.0,0.0,1450.1,2388.12,0,0.0,0,0,2026-08-21
NIFTY,2028-12-26,22000.0,PE,0.0,0.0,0.0,484.95,441.55,0,0.0,8670,0,2026-08-21
NIFTY,2028-06-27,28500.0,PE,0.0,0.0,0.0,1560.85,2722.57,0,0.0,0,0,2026-08-21
NIFTY,2027-12-28,20000.0,PE,178.0,179.0,174.0,178.3,178.3,31,40656310.5,52290,-975,2026-08-21
NIFTY,2027-12-28,19000.0,PE,125.0,125.0,125.0,125.0,62.9,1,1243125.0,4835,65,2026-08-21
NIFTY,2027-12-28,18000.0,PE,0.0,0.0,0.0,181.05,29.25,0,0.0,11915,0,2026-08-21
NIFTY,2027-06-29,19500.0,PE,0.0,0.0,0.0,17.3,43.88,0,0.0,0,0,2026-08-21
NIFTY,2027-06-29,19000.0,PE,0.0,0.0,0.0,195.0,27.69,0,0.0,1135,0,2026-08-21
NIFTY,2026-10-27,27100.0,PE,0.0,0.0,0.0,2808.9,2587.86,0,0.0,0,0,2026-08-21
NIFTY,2026-10-27,27050.0,PE,0.0,0.0,0.0,2764.35,2542.18,0,0.0,0,0,2026-08-21
NIFTY,2026-10-27,26800.0,PE,0.0,0.0,0.0,2544.55,2316.78,0,0.0,0,0,2026-08-21
NIFTY,2026-10-27,26650.0,PE,0.0,0.0,0.0,2415.2,2184.21,0,0.0,0,0,2026-08-21
NIFTY,2026-10-27,26450.0,PE,0.0,0.0,0.0,2246.05,2011.03,0,0.0,0,0,2026-08-21
NIFTY,2026-10-27,25850.0,PE,0.0,0.0,0.0,1093.8,1521.64,0,0.0,65,0,2026-08-21
NIFTY,2026-10-27,25550.0,PE,0.0,0.0,0.0,901.9,1297.36,0,0.0,130,0,2026-08-21
NIFTY,2026-10-27,24500.0,PE,392.0,415.7,384.15,395.05,395.05,2227,3603917723.25,449995,41145,2026-08-21
NIFTY,2026-10-27,24400.0,PE,345.3,379.85,337.1,353.75,353.75,467,751392879.25,57525,9100,2026-08-21
NIFTY,2026-10-27,24350.0,PE,338.25,338.25,328.75,331.75,581.85,10,16042438.75,3380,455,2026-08-21
NIFTY,2026-10-27,23850.0,PE,0.0,0.0,0.0,569.9,379.0,0,0.0,0,0,2026-08-21
NIFTY,2026-10-27,23550.0,PE,0.0,0.0,0.0,454.95,283.91,0,0.0,0,0,2026-08-21
NIFTY,2026-10-27,22700.0,PE,42.7,45.2,40.3,41.55,41.55,235,347390163.25,42900,1430,2026-08-21
NIFTY,2026-10-27,22550.0,PE,0.0,0.0,0.0,46.6,89.21,0,0.0,715,0,2026-08-21
NIFTY,2026-09-29,27050.0,PE,0.0,0.0,0.0,2869.35,2624.14,0,0.0,0,0,2026-08-21
NIFTY,2026-09-29,26500.0,PE,2096.55,2111.7,2062.25,2075.7,2075.7,3601,6689109375.0,334555,225875,2026-08-21
NIFTY,2026-09-29,26200.0,PE,1760.0,1790.0,1760.0,1777.25,1777.25,161,292772574.25,10920,10335,2026-08-21
NIFTY,2026-09-29,25850.0,PE,0.0,0.0,0.0,1859.75,1516.01,0,0.0,0,0,2026-08-21
NIFTY,2026-09-29,24800.0,PE,524.6,554.0,508.45,520.9,520.9,1410,2320843892.25,267085,17290,2026-08-21
NIFTY,2026-09-29,24450.0,PE,322.4,344.85,309.95,318.4,318.4,179,288204504.25,26260,-650,2026-08-21
NIFTY,2026-09-29,23650.0,PE,86.55,91.5,82.6,84.75,84.75,606,934961264.25,50375,9555,2026-08-21
NIFTY,2026-09-29,23600.0,PE,79.6,85.1,74.4,77.05,77.05,4819,7416787303.25,535925,70785,2026-08-21
NIFTY,2026-09-29,23000.0,PE,31.0,33.4,29.5,30.2,30.2,16493,24689818188.75,3767890,54080,2026-08-21
NIFTY,2026-09-29,22900.0,PE,27.7,29.5,25.8,26.4,26.4,2374,3537880453.25,300300,4030,2026-08-21
NIFTY,2026-09-22,23650.0,PE,0.0,0.0,0.0,228.6,183.67,0,0.0,0,0,2026-08-21
NIFTY,2026-09-22,23550.0,PE,0.0,0.0,0.0,199.5,157.52,0,0.0,0,0,2026-08-21
NIFTY,2026-09-22,23500.0,PE,0.0,0.0,0.0,187.05,145.87,0,0.0,0,0,2026-08-21
NIFTY,2026-09-22,23400.0,PE,0.0,0.0,0.0,161.3,124.53,0,0.0,0,0,2026-08-21
NIFTY,2026-09-22,22650.0,PE,0.0,0.0,0.0,45.6,30.84,0,0.0,0,0,2026-08-21
NIFTY,2026-09-22,22400.0,PE,0.0,0.0,0.0,27.65,17.7,0,0.0,0,0,2026-08-21
NIFTY,2026-09-15,26150.0,PE,0.0,0.0,0.0,1603.05,1810.87,0,0.0,0,0,2026-08-21
NIFTY,2026-09-15,25500.0,PE,0.0,0.0,0.0,1068.3,1218.43,0,0.0,0,0,2026-08-21
NIFTY,2026-09-15,23000.0,PE,12.75,14.0,11.7,12.95,12.95,819,1225098654.0,53170,-715,2026-08-21
NIFTY,2026-09-15,22850.0,PE,0.0,0.0,0.0,40.15,30.13,0,0.0,0,0,2026-08-21
NIFTY,2026-09-15,22750.0,PE,0.0,0.0,0.0,9.95,23.71,0,0.0,1105,0,2026-08-21
NIFTY,2026-09-08,26250.0,PE,0.0,0.0,0.0,1568.65,1925.44,0,0.0,0,0,2026-08-21
NIFTY,2026-09-08,25950.0,PE,0.0,0.0,0.0,1315.0,1633.96,0,0.0,0,0,2026-08-21
NIFTY,2026-09-08,25450.0,PE,0.0,0.0,0.0,931.85,1167.77,0,0.0,0,0,2026-08-21
NIFTY,2026-09-08,24950.0,PE,0.0,0.0,0.0,777.25,750.68,0,0.0,65,0,2026-08-21
NIFTY,2026-09-08,22550.0,PE,5.35,7.25,5.35,5.95,5.66,16,23457986.5,1365,975,2026-08-21
NIFTY,2026-09-08,22500.0,PE,4.8,6.3,4.8,5.4,5.4,454,664139450.0,39260,15730,2026-08-21
NIFTY,2026-09-01,25000.0,PE,679.0,726.8,675.0,691.4,691.4,1054,1760305651.0,100750,41275,2026-08-21
NIFTY,2026-09-01,23900.0,PE,32.8,41.0,29.75,31.8,31.8,48846,75989889608.75,1174680,316875,2026-08-21
NIFTY,2026-09-01,22000.0,PE,3.0,3.1,2.5,2.85,2.85,36145,51694000653.75,2575105,817050,2026-08-21
NIFTY,2026-08-25,25350.0,PE,0.0,0.0,0.0,1212.25,1081.86,0,0.0,1560,0,2026-08-21
NIFTY,2026-08-25,25200.0,PE,937.7,944.4,892.5,915.9,915.9,332,563517314.75,94315,-14040,2026-08-21
NIFTY,2026-08-25,25000.0,PE,680.05,746.0,679.8,713.55,713.55,10615,17741469632.25,1333800,-293540,2026-08-21
NIFTY,2026-08-25,24350.0,PE,105.0,142.6,98.05,113.45,113.45,1188163,1889514829046.0,1979055,-15145,2026-08-21
NIFTY,2026-08-25,22650.0,PE,1.25,1.65,1.0,1.35,1.35,11596,17073223677.25,155935,40820,2026-08-21
NIFTY,2026-08-25,22200.0,PE,1.2,1.3,0.75,0.95,0.95,27018,38988619939.75,632255,-89375,2026-08-21
NIFTY,2026-08-25,22100.0,PE,0.95,1.15,0.65,0.95,0.95,31601,45396664907.75,715260,82095,2026-08-21
NIFTY,2026-08-25,21350.0,PE,0.9,0.95,0.45,0.55,0.55,717,995043530.0,58630,5005,2026-08-21
NIFTY,2026-08-25,21200.0,PE,0.9,0.9,0.35,0.4,0.4,49395,68067790378.25,2732340,-180310,2026-08-21
NIFTY,2031-06-24,30000.0,CE,0.0,0.0,0.0,4459.9,4619.87,0,0.0,0,0,2026-08-21
NIFTY,2031-06-24,18000.0,CE,0.0,0.0,0.0,10825.95,11252.18,0,0.0,0,0,2026-08-21
NIFTY,2030-12-31,25500.0,CE,0.0,0.0,0.0,7639.65,6145.19,0,0.0,0,0,2026-08-21
NIFTY,2030-12-31,19500.0,CE,0.0,0.0,0.0,11601.15,9791.38,0,0.0,0,0,2026-08-21
NIFTY,2029-12-24,21000.0,CE,0.0,0.0,0.0,9463.95,7705.41,0,0.0,0,0,2026-08-21
NIFTY,2029-06-26,25500.0,CE,0.0,0.0,0.0,5917.35,4326.96,0,0.0,0,0,2026-08-21
NIFTY,2028-06-27,27000.0,CE,0.0,0.0,0.0,1935.0,2299.78,0,0.0,0,0,2026-08-21
NIFTY,2027-12-28,21000.0,CE,0.0,0.0,0.0,4902.4,5249.66,0,0.0,0,0,2026-08-21
NIFTY,2027-06-29,19500.0,CE,0.0,0.0,0.0,8143.4,5856.09,0,0.0,0,0,2026-08-21
NIFTY,2027-06-29,16500.0,CE,0.0,0.0,0.0,10867.2,8650.57,0,0.0,0,0,2026-08-21
NIFTY,2027-03-30,30000.0,CE,35.1,36.75,33.65,35.4,35.4,151,294796495.5,92495,4225,2026-08-21
NIFTY,2027-03-30,21000.0,CE,0.0,0.0,0.0,3970.0,4160.71,0,0.0,975,0,2026-08-21
NIFTY,2026-12-29,25500.0,CE,335.3,335.3,318.7,325.6,325.6,1521,2553253303.25,911820,13260,2026-08-21
NIFTY,2026-12-29,19500.0,CE,0.0,0.0,0.0,7586.85,5205.47,0,0.0,0,0,2026-08-21
NIFTY,2026-10-27,26450.0,CE,0.0,0.0,0.0,178.65,128.66,0,0.0,0,0,2026-08-21
NIFTY,2026-10-27,24600.0,CE,363.0,376.0,360.0,369.1,369.1,291,472275024.0,46410,0,2026-08-21
NIFTY,2026-10-27,24100.0,CE,667.7,679.0,656.35,668.3,668.3,46,74068189.0,15210,715,2026-08-21
NIFTY,2026-10-27,23650.0,CE,0.0,0.0,0.0,1181.9,1197.7,0,0.0,0,0,2026-08-21
NIFTY,2026-10-27,23250.0,CE,0.0,0.0,0.0,1441.3,1486.99,0,0.0,0,0,2026-08-21
NIFTY,2026-10-27,22650.0,CE,0.0,0.0,0.0,1882.95,1973.96,0,0.0,0,0,2026-08-21
NIFTY,2026-09-29,25950.0,CE,0.0,0.0,0.0,50.9,85.13,0,0.0,130,0,2026-08-21
NIFTY,2026-09-29,24300.0,CE,362.75,373.9,338.35,357.55,357.55,13517,21662688381.75,2275520,163540,2026-08-21
NIFTY,2026-09-29,23100.0,CE,1289.35,1322.25,1289.35,1322.25,1409.6,5,7931192.75,1625,260,2026-08-21
NIFTY,2026-09-29,22850.0,CE,1552.85,1575.95,1552.85,1575.95,1625.01,5,7936896.5,325,-65,2026-08-21
NIFTY,2026-09-29,21950.0,CE,0.0,0.0,0.0,2369.2,2465.3,0,0.0,0,0,2026-08-21
NIFTY,2026-09-29,21600.0,CE,2700.0,2782.4,2700.0,2780.7,2806.87,64,101378088.5,7410,4160,2026-08-21
NIFTY,2026-09-29,21000.0,CE,3365.0,3406.95,3357.6,3375.1,3375.1,179,283620870.0,477035,-455,2026-08-21
NIFTY,2026-09-22,25750.0,CE,0.0,0.0,0.0,79.6,79.36,0,0.0,0,0,2026-08-21
NIFTY,2026-09-22,25000.0,CE,0.0,0.0,0.0,223.05,230.99,0,0.0,0,0,2026-08-21
NIFTY,2026-09-22,24800.0,CE,0.0,0.0,0.0,283.8,295.84,0,0.0,0,0,2026-08-21
NIFTY,2026-09-22,24100.0,CE,440.7,448.9,430.6,444.6,444.6,14,22331357.75,9035,-130,2026-08-21
NIFTY,2026-09-22,23800.0,CE,0.0,0.0,0.0,770.25,814.24,0,0.0,0,0,2026-08-21
NIFTY,2026-09-22,23650.0,CE,0.0,0.0,0.0,870.3,920.88,0,0.0,0,0,2026-08-21
NIFTY,2026-09-22,23250.0,CE,0.0,0.0,0.0,1168.05,1232.02,0,0.0,0,0,2026-08-21
NIFTY,2026-09-22,22950.0,CE,0.0,0.0,0.0,1416.4,1489.68,0,0.0,0,0,2026-08-21
NIFTY,2026-09-15,25600.0,CE,0.0,0.0,0.0,164.3,63.64,0,0.0,0,0,2026-08-21
NIFTY,2026-09-15,24500.0,CE,173.0,179.45,154.25,162.5,162.5,1741,2791064799.25,173940,30225,2026-08-21
NIFTY,2026-09-15,23900.0,CE,533.25,543.0,527.85,542.65,673.95,20,31766764.25,1300,0,2026-08-21
NIFTY,2026-09-15,23600.0,CE,0.0,0.0,0.0,784.9,887.31,0,0.0,195,0,2026-08-21
NIFTY,2026-09-15,23200.0,CE,0.0,0.0,0.0,1481.9,1213.11,0,0.0,0,0,2026-08-21
NIFTY,2026-09-08,26300.0,CE,2.05,3.25,1.55,1.65,1.65,57,97450102.75,10140,-650,2026-08-21
NIFTY,2026-09-08,25100.0,CE,17.5,17.5,13.2,14.6,14.6,3227,5267883832.25,216255,37830,2026-08-21
NIFTY,2026-09-08,24450.0,CE,146.3,148.75,132.3,141.75,141.75,778,1243615896.25,50895,12415,2026-08-21
NIFTY,2026-09-08,24000.0,CE,421.25,424.65,387.2,412.2,412.2,749,1188495782.5,79625,1690,2026-08-21
NIFTY,2026-09-08,22550.0,CE,0.0,0.0,0.0,2213.6,1775.06,0,0.0,0,0,2026-08-21
NIFTY,2026-09-01,26500.0,CE,1.2,1.2,0.75,0.9,0.9,330,568445936.5,33670,-1495,2026-08-21
NIFTY,2026-09-01,25550.0,CE,2.2,2.55,1.7,2.2,2.2,1836,3049394900.5,127595,-14560,2026-08-21
NIFTY,2026-09-01,25050.0,CE,6.05,6.3,5.05,5.35,5.35,9071,14773041796.5,148135,15210,2026-08-21
NIFTY,2026-09-01,24750.0,CE,22.25,25.4,18.35,20.15,20.15,18830,30317606468.5,407875,151645,2026-08-21
NIFTY,2026-09-01,24500.0,CE,79.05,84.3,63.35,70.95,70.95,73081,116718498776.75,2079350,642525,2026-08-21
NIFTY,2026-09-01,23750.0,CE,590.0,592.0,572.75,574.25,574.25,36,56930822.0,5915,260,2026-08-21
NIFTY,2026-09-01,23150.0,CE,0.0,0.0,0.0,1180.0,1156.47,0,0.0,325,0,2026-08-21
NIFTY,2026-09-01,23000.0,CE,1300.0,1323.0,1292.95,1313.45,1313.45,312,493011203.75,24505,17810,2026-08-21
NIFTY,2026-09-01,22700.0,CE,0.0,0.0,0.0,1716.55,1595.31,0,0.0,0,0,2026-08-21
NIFTY,2026-09-01,22400.0,CE,0.0,0.0,0.0,1986.25,1893.34,0,0.0,0,0,2026-08-21
NIFTY,2026-08-25,26750.0,CE,0.65,0.8,0.35,0.45,0.45,576,1001538278.0,17290,6760,2026-08-21
NIFTY,2026-08-25,26450.0,CE,0.6,0.75,0.35,0.45,0.45,1068,1836192969.0,36465,18980,2026-08-21
NIFTY,2026-08-25,26400.0,CE,0.55,0.65,0.35,0.45,0.45,4972,8532110086.5,169520,44850,2026-08-21
NIFTY,2026-08-25,25550.0,CE,0.55,0.7,0.45,0.5,0.5,35556,59050994232.75,764725,20605,2026-08-21
NIFTY,2026-08-25,25300.0,CE,0.8,1.05,0.65,0.7,0.7,169612,278936028650.5,4438785,-138125,2026-08-21
NIFTY,2026-08-25,24800.0,CE,2.2,2.65,1.75,2.05,2.05,521018,839954934195.0,7205705,294710,2026-08-21
NIFTY,2026-08-25,24400.0,CE,55.0,61.65,30.8,33.9,33.9,1960978,3114904173475.25,9317880,1097200,2026-08-21
NIFTY,2026-08-25,24050.0,CE,291.9,291.9,231.3,252.6,252.6,68269,107860669874.75,572780,-41015,2026-08-21
NIFTY,2026-08-25,23850.0,CE,462.05,481.15,413.35,441.35,441.35,2360,3726583789.5,70005,-3770,2026-08-21
NIFTY,2026-08-25,23650.0,CE,668.9,668.9,608.0,639.95,639.95,184,290544328.75,36140,-455,2026-08-21
NIFTY,2026-08-25,23050.0,CE,0.0,0.0,0.0,1088.05,1217.48,0,0.0,390,0,2026-08-21
NIFTY,2026-08-25,21800.0,CE,0.0,0.0,0.0,2540.0,2466.5,0,0.0,65,0,2026-08-21
NIFTY,2026-08-25,21200.0,CE,3121.55,3121.55,3083.4,3100.0,3066.1,10,15796433.25,7540,-520,2026-08-21
NIFTY,2026-12-29,29000.0,PE,4029.95,4057.75,4024.3,4028.85,4028.85,31,66572941.5,214385,-65,2026-08-21
NIFTY,2027-03-30,15000.0,PE,20.0,20.0,20.0,20.0,0.01,3,2928900.0,910,195,2026-08-21
NIFTY,2027-06-29,28500.0,PE,0.0,0.0,0.0,1807.05,3250.99,0,0.0,0,0,2026-08-21
NIFTY,2027-06-29,30000.0,PE,0.0,0.0,0.0,4000.0,4423.01,0,0.0,455,0,2026-08-21
NIFTY,2027-12-28,23000.0,PE,443.1,460.0,443.1,454.75,454.75,41,62504487.5,49960,130,2026-08-21
NIFTY,2028-06-27,16500.0,PE,0.0,0.0,0.0,3.8,16.25,0,0.0,0,0,2026-08-21
NIFTY,2028-12-26,20000.0,PE,0.0,0.0,0.0,279.0,193.17,0,0.0,3875,0,2026-08-21
NIFTY,2030-06-25,31500.0,PE,0.0,0.0,0.0,2056.3,3221.33,0,0.0,0,0,2026-08-21
NIFTY,2031-06-24,21000.0,PE,0.0,0.0,0.0,450.5,324.26,0,0.0,0,0,2026-08-21
NIFTY,2026-12-29,27000.0,PE,2184.0,2184.0,2146.0,2161.1,2161.1,152,288058988.75,916670,2890,2026-08-21
NIFTY,2026-12-29,22500.0,PE,93.85,96.75,92.4,93.45,93.45,1275,1872513955.0,951600,20215,2026-08-21
NIFTY,2026-12-29,17000.0,PE,13.7,14.0,13.5,14.0,14.0,19,21012130.75,186170,-1040,2026-08-21
NIFTY,2026-08-25,22600.0,PE,1.4,1.6,1.05,1.3,1.3,29892,43913910212.25,343590,-94575,2026-08-21
NIFTY,2031-06-24,27000.0,PE,0.0,0.0,0.0,1653.15,1349.66,0,0.0,0,0,2026-08-21
NIFTY,2029-12-24,28500.0,PE,0.0,0.0,0.0,1255.9,2172.13,0,0.0,0,0,2026-08-21
NIFTY,2029-12-24,27000.0,PE,0.0,0.0,0.0,1177.9,1633.04,0,0.0,0,0,2026-08-21
NIFTY,2029-12-24,22500.0,PE,0.0,0.0,0.0,225.7,534.23,0,0.0,0,0,2026-08-21
NIFTY,2029-06-26,33000.0,PE,0.0,0.0,0.0,3022.85,4666.91,0,0.0,0,0,2026-08-21
NIFTY,2029-06-26,28500.0,PE,0.0,0.0,0.0,1349.1,2336.18,0,0.0,0,0,2026-08-21
NIFTY,2028-12-26,25500.0,PE,0.0,0.0,0.0,648.2,1295.6,0,0.0,0,0,2026-08-21
NIFTY,2028-06-27,24000.0,PE,0.0,0.0,0.0,1692.75,859.57,0,0.0,0,0,2026-08-21
NIFTY,2027-12-28,21000.0,PE,248.3,250.0,243.15,244.35,244.35,12,16572676.25,34190,520,2026-08-21
NIFTY,2027-12-28,17000.0,PE,34.05,54.0,34.05,54.0,12.11,2,2215723.25,17750,0,2026-08-21
NIFTY,2027-06-29,25500.0,PE,0.0,0.0,0.0,667.15,1386.07,0,0.0,0,0,2026-08-21
NIFTY,2027-06-29,21000.0,PE,137.45,137.9,137.45,137.9,143.28,4,5495766.25,6920,-195,2026-08-21
NIFTY,2026-10-27,26400.0,PE,0.0,0.0,0.0,2204.4,1968.44,0,0.0,0,0,2026-08-21
NIFTY,2026-10-27,26250.0,PE,0.0,0.0,0.0,2081.05,1842.48,0,0.0,0,0,2026-08-21
NIFTY,2026-10-27,25700.0,PE,1210.05,1210.1,1210.05,1210.1,1408.54,2,3498309.75,260,0,2026-08-21
NIFTY,2026-10-27,23800.0,PE,168.0,176.75,163.5,166.75,166.75,452,704187139.5,115050,6110,2026-08-21
NIFTY,2026-10-27,23750.0,PE,0.0,0.0,0.0,529.65,345.16,0,0.0,0,0,2026-08-21
NIFTY,2026-10-27,23150.0,PE,0.0,0.0,0.0,327.65,185.78,0,0.0,0,0,2026-08-21
NIFTY,2026-10-27,22950.0,PE,0.0,0.0,0.0,274.9,147.44,0,0.0,0,0,2026-08-21
NIFTY,2026-10-27,22900.0,PE,0.0,0.0,0.0,262.65,138.88,0,0.0,0,0,2026-08-21
NIFTY,2026-09-29,34500.0,PE,0.0,0.0,0.0,7064.95,10007.76,0,0.0,0,0,2026-08-21
NIFTY,2026-09-29,26050.0,PE,0.0,0.0,0.0,2017.5,1690.29,0,0.0,0,0,2026-08-21
NIFTY,2026-09-29,26000.0,PE,1583.1,1620.9,1573.0,1587.85,1587.85,4192,7517636951.5,1586570,182325,2026-08-21
NIFTY,2026-09-29,25550.0,PE,1150.0,1150.0,1140.0,1140.0,1266.76,7,12146550.0,455,325,2026-08-21
NIFTY,2026-09-29,25300.0,PE,943.0,943.0,907.0,925.4,925.4,48,81811658.5,11830,1625,2026-08-21
NIFTY,2026-09-29,25050.0,PE,700.6,700.6,700.6,700.6,892.51,1,1673789.0,1495,-65,2026-08-21
NIFTY,2026-09-29,24850.0,PE,560.35,565.95,546.0,556.35,556.35,259,427682089.25,8775,520,2026-08-21
NIFTY,2026-09-29,23050.0,PE,35.0,35.5,31.7,32.35,32.35,90,135034510.0,29575,1560,2026-08-21
NIFTY,2026-09-29,22400.0,PE,16.4,16.95,15.15,16.35,16.35,431,627991630.5,61880,3705,2026-08-21
NIFTY,2026-09-22,24050.0,PE,0.0,0.0,0.0,374.9,314.14,0,0.0,0,0,2026-08-21
NIFTY,2026-09-22,24000.0,PE,136.05,142.2,127.0,128.85,128.85,90,141162531.25,7280,3185,2026-08-21
NIFTY,2026-09-22,23050.0,PE,0.0,0.0,0.0,93.3,68.11,0,0.0,0,0,2026-08-21
NIFTY,2026-09-15,26200.0,PE,0.0,0.0,0.0,1647.25,1858.48,0,0.0,0,0,2026-08-21
NIFTY,2026-09-15,26000.0,PE,0.0,0.0,0.0,1472.65,1669.39,0,0.0,0,0,2026-08-21
NIFTY,2026-09-15,25350.0,PE,0.0,0.0,0.0,956.1,1091.72,0,0.0,0,0,2026-08-21
NIFTY,2026-09-15,24500.0,PE,317.1,329.95,291.9,297.05,297.05,570,918908146.0,93535,17160,2026-08-21
NIFTY,2026-09-15,24450.0,PE,263.7,276.4,261.45,276.4,464.09,8,12852654.75,455,0,2026-08-21
NIFTY,2026-09-15,24150.0,PE,146.35,159.65,139.3,143.6,143.6,197,311166378.25,5850,2470,2026-08-21
NIFTY,2026-09-15,22800.0,PE,10.05,10.95,8.75,9.4,9.4,128,189777217.5,20150,5200,2026-08-21
NIFTY,2026-09-15,22350.0,PE,6.3,8.15,5.6,7.45,7.45,92,133692887.25,8190,2405,2026-08-21
NIFTY,2026-09-08,26400.0,PE,0.0,0.0,0.0,1700.8,2072.88,0,0.0,0,0,2026-08-21
NIFTY,2026-09-08,26200.0,PE,0.0,0.0,0.0,1525.35,1876.5,0,0.0,0,0,2026-08-21
NIFTY,2026-09-08,26150.0,PE,0.0,0.0,0.0,1482.45,1827.68,0,0.0,0,0,2026-08-21
NIFTY,2026-09-08,26050.0,PE,0.0,0.0,0.0,1397.8,1730.48,0,0.0,0,0,2026-08-21
NIFTY,2026-09-08,23950.0,PE,68.95,77.65,65.05,67.25,67.25,818,1277089102.25,258375,-6890,2026-08-21
NIFTY,2026-09-08,23850.0,PE,53.15,58.1,48.15,50.05,50.05,1069,1660842147.25,31265,23400,2026-08-21
NIFTY,2026-09-01,26850.0,PE,0.0,0.0,0.0,2502.1,2548.97,0,0.0,0,0,2026-08-21
NIFTY,2026-09-01,26200.0,PE,0.0,0.0,0.0,1899.45,1900.97,0,0.0,0,0,2026-08-21
NIFTY,2026-09-01,25800.0,PE,1500.0,1500.0,1477.95,1477.95,1505.21,3,5322066.75,325,195,2026-08-21
NIFTY,2026-09-01,24500.0,PE,224.0,291.6,224.0,258.0,258.0,18958,30516161360.75,820950,215865,2026-08-21
NIFTY,2026-09-01,24350.0,PE,156.65,195.45,156.65,166.7,166.7,10773,17170983092.25,163150,71500,2026-08-21
NIFTY,2026-09-01,24150.0,PE,85.15,104.3,80.75,84.5,84.5,22344,35203486210.75,442910,240565,2026-08-21
NIFTY,2026-09-01,23000.0,PE,4.7,5.0,4.0,4.45,4.45,29592,44248865544.0,1069120,268255,2026-08-21
NIFTY,2026-09-01,22600.0,PE,3.75,4.2,3.5,3.85,3.85,4234,6220797596.0,172835,36400,2026-08-21
NIFTY,2026-09-01,22550.0,PE,3.6,4.25,2.6,3.45,3.45,168,246285536.25,10075,585,2026-08-21
NIFTY,2026-09-01,22400.0,PE,3.25,4.05,3.0,3.35,3.35,2506,3649299774.25,130975,42445,2026-08-21
NIFTY,2026-08-25,26900.0,PE,0.0,0.0,0.0,2650.0,2630.11,0,0.0,65,0,2026-08-21
NIFTY,2026-08-25,26350.0,PE,0.0,0.0,0.0,1699.45,2080.48,0,0.0,65,0,2026-08-21
NIFTY,2026-08-25,26050.0,PE,0.0,0.0,0.0,1762.0,1780.68,0,0.0,260,0,2026-08-21
NIFTY,2026-08-25,26000.0,PE,1680.05,1739.0,1680.05,1715.0,1715.0,7829,14102817488.5,1550900,-313040,2026-08-21
NIFTY,2026-08-25,25500.0,PE,1206.5,1246.8,1191.0,1212.6,1212.6,10776,18709923537.5,623805,-542360,2026-08-21
NIFTY,2026-08-25,24300.0,PE,71.0,112.0,71.0,84.95,84.95,3538893,5609964033443.25,9540375,2063100,2026-08-21
NIFTY,2026-08-25,23600.0,PE,2.95,3.65,2.5,3.0,3.0,487728,748272331953.25,5147740,-550615,2026-08-21
NIFTY,2026-08-25,23350.0,PE,1.9,2.75,1.8,2.2,2.2,104235,158217897639.75,694395,-54080,2026-08-21
NIFTY,2026-08-25,22550.0,PE,1.2,1.6,0.75,1.25,1.25,23030,33758115387.75,261885,-11375,2026-08-21
NIFTY,2031-06-24,33000.0,CE,0.0,0.0,0.0,3451.55,3548.42,0,0.0,0,0,2026-08-21
NIFTY,2031-06-24,21000.0,CE,0.0,0.0,0.0,8900.75,9278.05,0,0.0,0,0,2026-08-21
NIFTY,2030-12-31,31500.0,CE,0.0,0.0,0.0,4554.55,3538.7,0,0.0,0,0,2026-08-21
NIFTY,2030-06-25,21000.0,CE,0.0,0.0,0.0,10421.65,8252.95,0,0.0,0,0,2026-08-21
NIFTY,2029-12-24,18000.0,CE,0.0,0.0,0.0,11362.4,9883.23,0,0.0,0,0,2026-08-21
NIFTY,2027-12-28,16500.0,CE,0.0,0.0,0.0,11316.4,9157.12,0,0.0,0,0,2026-08-21
NIFTY,2027-03-30,31500.0,CE,0.0,0.0,0.0,94.65,56.21,0,0.0,0,0,2026-08-21
NIFTY,2027-03-30,27000.0,CE,240.0,240.0,229.95,233.25,233.25,1541,2727861873.75,661765,-4875,2026-08-21
NIFTY,2026-12-29,31000.0,CE,9.05,9.85,8.25,8.25,10.24,66,133028285.0,158990,195,2026-08-21
NIFTY,2026-12-29,29000.0,CE,15.65,16.75,13.75,14.1,14.1,1141,2151923072.0,547790,-715,2026-08-21
NIFTY,2026-12-29,28500.0,CE,21.05,23.5,19.35,20.35,20.35,765,1418191645.0,118950,2795,2026-08-21
NIFTY,2026-12-29,27000.0,CE,64.95,66.7,61.7,65.4,65.4,4021,7073500196.75,2461860,-25305,2026-08-21
NIFTY,2026-12-29,22000.0,CE,2782.9,2828.35,2782.9,2812.25,2812.25,196,316150903.25,264160,910,2026-08-21
NIFTY,2026-10-27,26300.0,CE,0.0,0.0,0.0,202.25,150.0,0,0.0,0,0,2026-08-21
NIFTY,2026-10-27,25850.0,CE,0.0,0.0,0.0,288.85,232.11,0,0.0,0,0,2026-08-21
NIFTY,2026-10-27,25750.0,CE,50.6,54.85,46.15,53.55,53.55,304,509818305.75,56940,1300,2026-08-21
NIFTY,2026-10-27,24850.0,CE,256.95,256.95,256.95,256.95,256.95,2,3263903.5,2990,130,2026-08-21
NIFTY,2026-10-27,24750.0,CE,0.0,0.0,0.0,311.25,582.65,0,0.0,3055,0,2026-08-21
NIFTY,2026-10-27,24050.0,CE,0.0,0.0,0.0,689.75,942.32,0,0.0,910,0,2026-08-21
NIFTY,2026-10-27,23600.0,CE,0.0,0.0,0.0,1212.7,1232.06,0,0.0,0,0,2026-08-21
NIFTY,2026-10-27,23450.0,CE,0.0,0.0,0.0,1307.95,1339.3,0,0.0,0,0,2026-08-21
NIFTY,2026-10-27,23200.0,CE,0.0,0.0,0.0,1475.8,1525.29,0,0.0,0,0,2026-08-21
NIFTY,2026-10-27,22800.0,CE,0.0,0.0,0.0,1767.2,1846.99,0,0.0,0,0,2026-08-21
NIFTY,2026-09-29,27100.0,CE,3.35,4.3,2.65,3.05,3.05,130,229023275.0,6760,455,2026-08-21
NIFTY,2026-09-29,26800.0,CE,3.95,4.9,3.8,3.8,22.46,92,160289736.75,2535,910,2026-08-21
NIFTY,2026-09-29,26200.0,CE,7.5,7.55,6.0,6.85,6.85,2684,4572012399.5,165555,8840,2026-08-21
NIFTY,2026-09-29,25600.0,CE,18.1,18.45,15.55,18.15,18.15,4304,7166529617.0,311870,7345,2026-08-21
NIFTY,2026-09-29,25200.0,CE,49.0,49.5,43.05,47.5,47.5,10666,17502683298.75,1004315,71565,2026-08-21
NIFTY,2026-09-29,23700.0,CE,785.0,799.5,765.8,791.35,791.35,85,135298858.5,23725,2210,2026-08-21
NIFTY,2026-09-29,23000.0,CE,1421.4,1433.9,1386.3,1417.0,1417.0,1748,2774047100.5,353925,78585,2026-08-21
NIFTY,2026-09-29,22800.0,CE,1608.0,1608.0,1599.45,1599.45,1669.33,4,6344991.25,1105,65,2026-08-21
NIFTY,2026-09-29,22200.0,CE,0.0,0.0,0.0,2158.9,2224.82,0,0.0,0,0,2026-08-21
NIFTY,2026-09-22,24600.0,CE,167.75,174.7,159.4,164.3,164.3,49,78883532.0,1300,715,2026-08-21
NIFTY,2026-09-22,24250.0,CE,341.35,351.35,333.0,348.35,348.35,34,54352226.5,975,65,2026-08-21
NIFTY,2026-09-22,24000.0,CE,515.0,531.7,492.1,515.45,515.45,13,20709234.0,1950,-195,2026-08-21
NIFTY,2026-09-22,22350.0,CE,0.0,0.0,0.0,1959.05,2045.53,0,0.0,0,0,2026-08-21
NIFTY,2026-09-15,26050.0,CE,3.6,3.6,3.35,3.35,26.38,6,10160835.75,1105,0,2026-08-21
NIFTY,2026-09-15,25100.0,CE,0.0,0.0,0.0,301.2,148.56,0,0.0,0,0,2026-08-21
NIFTY,2026-09-15,23950.0,CE,0.0,0.0,0.0,893.55,641.43,0,0.0,0,0,2026-08-21
NIFTY,2026-09-15,23350.0,CE,0.0,0.0,0.0,1354.25,1086.12,0,0.0,0,0,2026-08-21
NIFTY,2026-09-08,26250.0,CE,0.0,0.0,0.0,2.1,5.9,0,0.0,1235,0,2026-08-21
NIFTY,2026-09-29,23250.0,PE,43.1,47.6,42.5,43.45,43.45,1230,1862385567.25,53885,9100,2026-08-21
NIFTY,2026-09-29,23350.0,PE,50.65,56.2,49.7,51.2,51.2,1500,2281614517.0,58565,10725,2026-08-21
NIFTY,2026-09-29,23900.0,PE,133.6,143.0,124.6,130.2,130.2,4161,6499612213.25,546065,34710,2026-08-21
NIFTY,2026-09-29,25000.0,PE,656.9,704.5,653.1,673.1,673.1,9156,15278960014.5,1864480,263010,2026-08-21
NIFTY,2026-09-29,25600.0,PE,1210.0,1212.1,1186.0,1205.8,1307.16,46,80139738.25,7020,2730,2026-08-21
NIFTY,2026-09-29,26750.0,PE,0.0,0.0,0.0,2604.3,2336.18,0,0.0,0,0,2026-08-21
NIFTY,2026-09-29,26850.0,PE,0.0,0.0,0.0,2691.9,2431.64,0,0.0,0,0,2026-08-21
NIFTY,2026-09-29,26900.0,PE,0.0,0.0,0.0,2127.9,2479.58,0,0.0,65,0,2026-08-21
NIFTY,2026-09-29,28500.0,PE,4053.0,4075.75,4038.5,4053.0,4053.0,63,133335426.25,429585,1300,2026-08-21
NIFTY,2026-10-27,23050.0,PE,0.0,0.0,0.0,301.35,165.77,0,0.0,0,0,2026-08-21
NIFTY,2026-10-27,23300.0,PE,87.2,91.85,83.2,85.05,85.05,871,1324019303.75,140920,18655,2026-08-21
NIFTY,2026-10-27,23350.0,PE,0.0,0.0,0.0,387.65,231.15,0,0.0,0,0,2026-08-21
NIFTY,2026-10-27,23950.0,PE,0.0,0.0,0.0,612.05,415.04,0,0.0,0,0,2026-08-21
NIFTY,2026-10-27,24000.0,PE,215.0,231.05,212.0,218.55,218.55,4064,6398403930.75,599755,89635,2026-08-21
NIFTY,2026-10-27,24550.0,PE,410.8,427.65,410.8,422.55,422.55,39,63302057.0,5200,1690,2026-08-21
NIFTY,2026-10-27,24750.0,PE,0.0,0.0,0.0,486.95,785.3,0,0.0,1170,0,2026-08-21
NIFTY,2026-10-27,25450.0,PE,0.0,0.0,0.0,848.5,1226.29,0,0.0,130,0,2026-08-21
NIFTY,2026-10-27,25650.0,PE,0.0,0.0,0.0,944.65,1371.32,0,0.0,130,0,2026-08-21
NIFTY,2027-03-30,30000.0,PE,0.0,0.0,0.0,4623.7,4717.09,0,0.0,3055,0,2026-08-21
NIFTY,2027-03-30,31500.0,PE,0.0,0.0,0.0,7066.15,6081.23,0,0.0,0,0,2026-08-21
NIFTY,2027-06-29,24000.0,PE,522.4,533.95,519.9,533.95,533.95,8,12752519.0,19045,260,2026-08-21
NIFTY,2030-06-25,33000.0,PE,0.0,0.0,0.0,3143.9,3925.96,0,0.0,0,0,2026-08-21
NIFTY,2030-06-25,19500.0,PE,0.0,0.0,0.0,64.95,192.76,0,0.0,0,0,2026-08-21
NIFTY,2030-06-25,16500.0,PE,0.0,0.0,0.0,12.0,49.09,0,0.0,0,0,2026-08-21
NIFTY,2029-06-26,31500.0,PE,0.0,0.0,0.0,2443.35,3808.24,0,0.0,0,0,2026-08-21
NIFTY,2029-06-26,21000.0,PE,0.0,0.0,0.0,320.25,317.42,0,0.0,0,0,2026-08-21
NIFTY,2028-12-26,33000.0,PE,0.0,0.0,0.0,3315.4,5118.52,0,0.0,0,0,2026-08-21
NIFTY,2028-12-26,25000.0,PE,1000.0,1005.0,1000.0,1005.0,1136.35,2,3380325.0,6075,0,2026-08-21
NIFTY,2028-12-26,18000.0,PE,0.0,0.0,0.0,250.0,68.02,0,0.0,75,0,2026-08-21
NIFTY,2028-06-27,21000.0,PE,0.0,0.0,0.0,907.2,267.94,0,0.0,0,0,2026-08-21
NIFTY,2027-12-28,22000.0,PE,328.95,330.3,313.55,318.0,318.0,46,66730787.5,42855,1020,2026-08-21
NIFTY,2027-12-28,15000.0,PE,0.0,0.0,0.0,21.7,1.34,0,0.0,755,0,2026-08-21
NIFTY,2027-06-29,31500.0,PE,0.0,0.0,0.0,3604.7,5697.05,0,0.0,0,0,2026-08-21
NIFTY,2026-08-25,21850.0,CE,0.0,0.0,0.0,2494.1,2416.53,0,0.0,0,0,2026-08-21
NIFTY,2026-08-25,21950.0,CE,0.0,0.0,0.0,2408.05,2316.6,0,0.0,0,0,2026-08-21
NIFTY,2026-08-25,22750.0,CE,0.0,0.0,0.0,1568.35,1517.14,0,0.0,455,0,2026-08-21
NIFTY,2026-08-25,23100.0,CE,1252.0,1252.0,1184.0,1197.45,1167.59,17,26850967.0,4225,-585,2026-08-21
NIFTY,2026-08-25,23250.0,CE,1075.1,1075.1,1032.05,1045.0,1045.0,11,17374698.25,2080,65,2026-08-21
NIFTY,2026-08-25,23350.0,CE,933.65,965.0,931.6,931.6,919.22,44,69502712.5,2470,-585,2026-08-21
NIFTY,2026-08-25,23550.0,CE,760.45,763.7,711.75,739.65,739.65,104,164154038.75,13130,910,2026-08-21
NIFTY,2026-08-25,23700.0,CE,618.55,624.4,562.9,590.55,590.55,1336,2109474630.25,171275,-13520,2026-08-21
NIFTY,2026-08-25,24000.0,CE,350.0,350.0,274.3,298.1,298.1,186852,295155980720.25,5855265,-280735,2026-08-21
NIFTY,2026-08-25,24550.0,CE,15.5,15.95,7.8,8.75,8.75,812539,1297153090701.0,4920695,1892540,2026-08-21
NIFTY,2026-08-25,24600.0,CE,9.0,9.8,5.15,5.75,5.75,878248,1404696716549.75,8496540,264875,2026-08-21
NIFTY,2026-08-25,24750.0,CE,2.4,3.15,2.25,2.55,2.55,324590,522241225463.75,3298425,1237600,2026-08-21
NIFTY,2026-08-25,25000.0,CE,1.2,1.85,1.2,1.35,1.35,519167,843695440838.25,11750180,-173940,2026-08-21
NIFTY,2026-08-25,25750.0,CE,0.4,0.55,0.4,0.45,0.45,12882,21561664848.75,679185,-28080,2026-08-21
NIFTY,2026-08-25,26650.0,CE,0.6,0.8,0.3,0.4,0.4,2335,4044880641.75,20475,780,2026-08-21
NIFTY,2026-08-25,27000.0,CE,0.45,0.5,0.3,0.35,0.35,4479,7860761642.5,191945,23985,2026-08-21
NIFTY,2026-09-01,22500.0,CE,1789.95,1811.15,1789.95,1808.6,1793.8,82,129552540.0,5330,5330,2026-08-21
NIFTY,2026-09-01,22750.0,CE,0.0,0.0,0.0,1672.8,1545.88,0,0.0,0,0,2026-08-21
NIFTY,2026-09-01,23850.0,CE,479.9,502.0,468.9,489.6,489.6,147,232518357.5,5980,2600,2026-08-21
NIFTY,2026-09-01,24550.0,CE,58.2,67.3,50.6,56.25,56.25,12527,20036091253.75,255060,54990,2026-08-21
NIFTY,2026-09-01,25250.0,CE,3.5,3.6,2.85,3.2,3.2,2070,3397821462.75,28405,-2015,2026-08-21
NIFTY,2026-09-01,26050.0,CE,1.3,1.3,0.95,0.95,0.95,34,57573161.75,4030,325,2026-08-21
NIFTY,2026-09-01,26450.0,CE,0.95,1.4,0.9,1.4,0.28,21,36105543.5,1690,65,2026-08-21
NIFTY,2026-09-01,27100.0,CE,0.75,1.05,0.75,0.85,0.85,32,56369670.5,3640,-1105,2026-08-21
NIFTY,2026-09-08,23100.0,CE,0.0,0.0,0.0,1701.65,1250.88,0,0.0,0,0,2026-08-21
NIFTY,2026-09-08,24550.0,CE,109.7,109.7,95.45,102.95,102.95,591,947014435.25,34450,6175,2026-08-21
NIFTY,2026-09-08,25500.0,CE,22.45,22.45,4.85,5.85,5.85,1155,1914828591.0,37895,37895,2026-08-21
NIFTY,2026-09-08,26350.0,CE,1.8,2.45,1.65,2.3,4.4,54,92495266.5,4225,1040,2026-08-21
NIFTY,2026-09-15,23400.0,CE,0.0,0.0,0.0,1312.7,1045.0,0,0.0,0,0,2026-08-21
NIFTY,2026-09-15,24000.0,CE,470.05,476.0,446.65,467.45,467.45,88,139935136.25,28080,-845,2026-08-21
NIFTY,2026-09-15,24350.0,CE,240.65,246.9,226.0,240.45,240.45,80,127856615.25,7020,2210,2026-08-21
NIFTY,2026-09-15,26150.0,CE,0.0,0.0,0.0,3.45,21.36,0,0.0,1235,0,2026-08-21
NIFTY,2026-09-22,22450.0,CE,0.0,0.0,0.0,1865.4,1950.21,0,0.0,0,0,2026-08-21
NIFTY,2026-09-22,22500.0,CE,0.0,0.0,0.0,1819.0,1902.87,0,0.0,0,0,2026-08-21
NIFTY,2026-09-22,22650.0,CE,0.0,0.0,0.0,1681.55,1762.34,0,0.0,0,0,2026-08-21
NIFTY,2026-09-22,22850.0,CE,0.0,0.0,0.0,1503.15,1579.13,0,0.0,0,0,2026-08-21
NIFTY,2026-09-22,23000.0,CE,0.0,0.0,0.0,1373.75,1445.56,0,0.0,0,0,2026-08-21
NIFTY,2026-09-22,23100.0,CE,0.0,0.0,0.0,1289.85,1358.67,0,0.0,0,0,2026-08-21
NIFTY,2026-09-22,23150.0,CE,0.0,0.0,0.0,1248.7,1315.94,0,0.0,0,0,2026-08-21
NIFTY,2026-09-22,23750.0,CE,0.0,0.0,0.0,802.85,848.71,0,0.0,0,0,2026-08-21
NIFTY,2026-09-22,23950.0,CE,0.0,0.0,0.0,677.1,715.48,0,0.0,0,0,2026-08-21
NIFTY,2026-09-22,24900.0,CE,0.0,0.0,0.0,252.05,261.93,0,0.0,0,0,2026-08-21
NIFTY,2026-09-22,25450.0,CE,0.0,0.0,0.0,123.25,125.1,0,0.0,0,0,2026-08-21
NIFTY,2026-09-22,25850.0,CE,0.0,0.0,0.0,68.3,67.63,0,0.0,0,0,2026-08-21
NIFTY,2026-09-22,25950.0,CE,0.0,0.0,0.0,58.4,57.39,0,0.0,0,0,2026-08-21
NIFTY,2026-09-29,22150.0,CE,0.0,0.0,0.0,2200.35,2272.61,0,0.0,0,0,2026-08-21
NIFTY,2026-09-29,22250.0,CE,0.0,0.0,0.0,2117.8,2177.21,0,0.0,0,0,2026-08-21
NIFTY,2026-09-29,22400.0,CE,0.0,0.0,0.0,1741.4,2035.57,0,0.0,195,0,2026-08-21
NIFTY,2026-09-29,23250.0,CE,0.0,0.0,0.0,1565.2,1285.93,0,0.0,390,0,2026-08-21
NIFTY,2026-09-29,23550.0,CE,0.0,0.0,0.0,923.55,1054.38,0,0.0,1235,0,2026-08-21
NIFTY,2026-09-29,23800.0,CE,720.05,720.05,680.6,707.15,707.15,163,259659348.0,66235,195,2026-08-21
NIFTY,2026-09-29,25100.0,CE,60.15,65.05,56.4,61.9,61.9,6565,10736438082.5,512460,68900,2026-08-21
NIFTY,2026-09-29,26150.0,CE,0.0,0.0,0.0,215.05,63.58,0,0.0,0,0,2026-08-21
NIFTY,2026-09-29,27050.0,CE,3.0,3.95,3.0,3.1,3.1,39,68580658.25,2665,455,2026-08-21
NIFTY,2026-10-27,23000.0,CE,1535.0,1565.0,1535.0,1551.8,1682.87,31,49471747.0,13780,1235,2026-08-21
NIFTY,2026-10-27,23050.0,CE,1500.0,1500.0,1500.0,1500.0,1642.83,1,1595750.0,65,65,2026-08-21
NIFTY,2026-10-27,25050.0,CE,0.0,0.0,0.0,424.0,462.55,0,0.0,1365,0,2026-08-21
NIFTY,2026-10-27,25150.0,CE,0.0,0.0,0.0,479.95,426.84,0,0.0,0,0,2026-08-21
NIFTY,2026-10-27,25650.0,CE,60.9,63.05,58.6,63.05,279.4,45,75204970.75,13455,-65,2026-08-21
NIFTY,2026-10-27,27200.0,CE,0.0,0.0,0.0,92.4,56.34,0,0.0,0,0,2026-08-21
NIFTY,2026-12-29,16000.0,CE,0.0,0.0,0.0,8178.15,8620.38,0,0.0,245,0,2026-08-21
NIFTY,2026-12-29,22500.0,CE,2342.3,2372.45,2342.3,2350.3,2454.55,46,74335140.75,16380,65,2026-08-21
NIFTY,2027-06-29,25500.0,CE,970.0,970.0,970.0,970.0,1524.5,1,1720550.0,65,65,2026-08-21
NIFTY,2027-06-29,33000.0,CE,0.0,0.0,0.0,1122.75,81.66,0,0.0,0,0,2026-08-21
NIFTY,2027-12-28,33000.0,CE,0.0,0.0,0.0,120.0,315.29,0,0.0,3510,0,2026-08-21
NIFTY,2028-06-27,19500.0,CE,0.0,0.0,0.0,9209.1,7101.63,0,0.0,0,0,2026-08-21
NIFTY,2029-06-26,18000.0,CE,0.0,0.0,0.0,11678.65,9395.05,0,0.0,0,0,2026-08-21
NIFTY,2029-06-26,21000.0,CE,0.0,0.0,0.0,9799.75,7139.69,0,0.0,0,0,2026-08-21
NIFTY,2029-06-26,33000.0,CE,0.0,0.0,0.0,4179.45,1529.34,0,0.0,0,0,2026-08-21
NIFTY,2029-12-24,16500.0,CE,0.0,0.0,0.0,12984.85,11036.76,0,0.0,0,0,2026-08-21
NIFTY,2029-12-24,28500.0,CE,0.0,0.0,0.0,4802.1,3524.34,0,0.0,0,0,2026-08-21
NIFTY,2030-06-25,18000.0,CE,0.0,0.0,0.0,12423.9,10358.37,0,0.0,0,0,2026-08-21
NIFTY,2030-06-25,31500.0,CE,0.0,0.0,0.0,3984.8,2979.49,0,0.0,0,0,2026-08-21
NIFTY,2030-12-31,16500.0,CE,0.0,0.0,0.0,13763.55,11903.61,0,0.0,0,0,2026-08-21
NIFTY,2030-12-31,28500.0,CE,0.0,0.0,0.0,5968.3,4705.82,0,0.0,0,0,2026-08-21
NIFTY,2031-06-24,31500.0,CE,0.0,0.0,0.0,3928.35,4055.24,0,0.0,0,0,2026-08-21
NIFTY,2026-08-25,21450.0,PE,1.0,1.05,0.5,0.6,0.6,895,1247892096.75,50245,15730,2026-08-21
NIFTY,2026-08-25,21800.0,PE,0.75,0.95,0.55,0.75,0.75,14571,20647817008.0,346125,-21385,2026-08-21
NIFTY,2026-08-25,22150.0,PE,1.1,1.2,0.7,0.85,0.85,24809,35720258574.0,309530,91260,2026-08-21
NIFTY,2026-08-25,23200.0,PE,2.0,2.35,1.5,1.85,1.85,282072,425399975624.0,3906110,423800,2026-08-21
NIFTY,2026-08-25,23400.0,PE,2.55,2.9,2.0,2.35,2.35,405051,616146076838.5,4047030,-152880,2026-08-21
NIFTY,2026-08-25,23550.0,PE,2.35,3.4,2.35,2.8,2.8,282905,433109343400.5,1764880,147420,2026-08-21
NIFTY,2026-08-25,24450.0,PE,163.5,216.65,161.4,184.8,184.8,240413,384990321787.5,564005,-2665,2026-08-21
NIFTY,2026-08-25,25100.0,PE,814.2,839.25,794.95,813.4,813.4,124,208846693.25,84045,-4095,2026-08-21
NIFTY,2026-08-25,26200.0,PE,1910.0,1923.0,1892.0,1911.35,1911.35,87,158958267.0,40625,-2990,2026-08-21
NIFTY,2026-09-01,22050.0,PE,2.95,3.2,2.25,2.85,2.85,410,587706262.0,4095,1560,2026-08-21
NIFTY,2026-09-01,22100.0,PE,2.6,3.5,2.6,3.0,3.0,2705,3886272292.5,119210,41730,2026-08-21
NIFTY,2026-09-01,22150.0,PE,2.8,3.6,2.8,3.05,3.05,199,286550637.75,4940,1430,2026-08-21
NIFTY,2026-09-01,23250.0,PE,6.05,6.15,4.3,5.05,5.05,7002,10584161896.75,145600,-12740,2026-08-21
NIFTY,2026-09-01,23300.0,PE,6.55,6.6,5.0,5.3,5.3,22137,33534791436.25,469430,35750,2026-08-21
NIFTY,2026-09-01,23350.0,PE,8.8,9.0,5.4,5.85,5.85,4312,6546245608.5,92430,67080,2026-08-21
NIFTY,2026-09-01,24000.0,PE,46.35,60.35,44.65,47.2,47.2,61531,96187685051.25,1651975,521430,2026-08-21
NIFTY,2026-09-01,24450.0,PE,215.65,256.95,214.4,223.25,223.25,2713,4351860295.25,61490,-2990,2026-08-21
NIFTY,2026-09-01,25050.0,PE,750.75,750.75,745.0,746.25,746.25,3,5030480.0,650,-65,2026-08-21
NIFTY,2026-09-01,26000.0,PE,1690.0,1697.05,1666.7,1681.1,1681.1,452,813255020.5,39130,26845,2026-08-21
NIFTY,2026-09-01,26400.0,PE,0.0,0.0,0.0,2081.0,2100.1,0,0.0,0,0,2026-08-21
NIFTY,2026-09-01,27150.0,PE,0.0,0.0,0.0,2789.8,2848.39,0,0.0,0,0,2026-08-21
NIFTY,2026-09-08,22400.0,PE,5.75,6.2,4.7,5.75,5.75,288,419430469.25,32890,8385,2026-08-21
NIFTY,2026-09-08,22450.0,PE,5.55,5.8,5.55,5.8,4.0,15,21894275.0,2860,975,2026-08-21
NIFTY,2026-09-08,22700.0,PE,6.1,6.65,5.9,6.0,6.0,89,131354726.75,14625,1040,2026-08-21
NIFTY,2026-09-08,22950.0,PE,7.6,7.95,7.0,7.0,19.71,43,64166173.5,1820,975,2026-08-21
NIFTY,2026-09-08,23650.0,PE,30.4,33.9,26.15,26.5,26.5,584,898857690.25,33085,3575,2026-08-21
NIFTY,2026-09-08,25650.0,PE,0.0,0.0,0.0,1079.4,1350.16,0,0.0,0,0,2026-08-21
NIFTY,2026-09-15,23050.0,PE,0.0,0.0,0.0,58.25,47.31,0,0.0,0,0,2026-08-21
NIFTY,2026-09-15,23500.0,PE,31.35,35.35,30.0,31.05,31.05,1052,1609116752.75,72670,25545,2026-08-21
NIFTY,2026-09-15,23900.0,PE,76.55,91.65,76.55,81.2,81.2,202,314891759.0,24570,130,2026-08-21
NIFTY,2026-09-15,24050.0,PE,122.0,124.25,114.3,116.95,116.95,29,45558461.0,2665,65,2026-08-21
NIFTY,2026-09-15,24950.0,PE,0.0,0.0,0.0,689.2,780.98,0,0.0,0,0,2026-08-21
NIFTY,2026-09-15,25850.0,PE,0.0,0.0,0.0,1345.95,1530.32,0,0.0,0,0,2026-08-21
NIFTY,2026-09-22,24100.0,PE,159.95,175.55,151.5,154.15,154.15,120,189221318.0,10205,-845,2026-08-21
NIFTY,2026-09-22,24200.0,PE,194.15,206.5,187.1,188.55,188.55,68,107824427.75,3055,1885,2026-08-21
NIFTY,2026-09-22,24550.0,PE,0.0,0.0,0.0,629.0,552.01,0,0.0,0,0,2026-08-21
NIFTY,2026-09-22,25150.0,PE,0.0,0.0,0.0,1035.2,944.09,0,0.0,0,0,2026-08-21
NIFTY,2026-09-29,18000.0,PE,2.4,3.35,1.95,2.8,2.8,421,492633417.25,1001000,-2405,2026-08-21
NIFTY,2026-09-29,23300.0,PE,49.15,51.9,45.75,46.75,46.75,6486,9843187259.75,684580,11245,2026-08-21
NIFTY,2026-09-29,23850.0,PE,121.6,131.3,116.05,119.0,119.0,726,1131248517.75,47450,2990,2026-08-21
NIFTY,2026-09-29,24350.0,PE,275.4,293.8,264.8,274.95,274.95,308,492987192.75,44135,3315,2026-08-21
NIFTY,2026-09-29,25150.0,PE,0.0,0.0,0.0,762.0,962.56,0,0.0,1430,0,2026-08-21
NIFTY,2026-09-29,25350.0,PE,0.0,0.0,0.0,1010.0,1110.26,0,0.0,65,0,2026-08-21
NIFTY,2026-09-29,26700.0,PE,0.0,0.0,0.0,2560.85,2288.67,0,0.0,0,0,2026-08-21
NIFTY,2026-10-27,22500.0,PE,36.7,38.4,32.05,34.7,34.7,2931,4293343427.75,393445,10140,2026-08-21
NIFTY,2026-10-27,26200.0,PE,0.0,0.0,0.0,2040.5,1801.13,0,0.0,0,0,2026-08-21
NIFTY,2026-10-27,26350.0,PE,0.0,0.0,0.0,2163.0,1926.14,0,0.0,0,0,2026-08-21
NIFTY,2026-10-27,26700.0,PE,0.0,0.0,0.0,2458.1,2228.16,0,0.0,0,0,2026-08-21
NIFTY,2026-12-29,19500.0,PE,29.4,29.75,27.6,28.35,28.35,124,157401660.0,133445,-2990,2026-08-21
NIFTY,2026-12-29,25000.0,PE,684.0,708.55,678.0,687.05,687.05,1524,2544669130.25,2083975,-1140,2026-08-21
NIFTY,2026-12-29,28500.0,PE,0.0,0.0,0.0,3320.25,3681.26,0,0.0,130,0,2026-08-21
NIFTY,2027-03-30,25500.0,PE,951.5,976.9,940.85,950.9,950.9,205,352482789.75,179205,4160,2026-08-21
NIFTY,2026-10-27,24650.0,PE,459.05,459.05,459.05,459.05,730.99,1,1632088.25,2535,65,2026-08-21
NIFTY,2026-10-27,24700.0,PE,474.85,505.05,473.55,486.95,486.95,483,790827345.75,82420,25350,2026-08-21
NIFTY,2026-10-27,24950.0,PE,0.0,0.0,0.0,789.0,900.66,0,0.0,4030,0,2026-08-21
NIFTY,2026-10-27,26550.0,PE,0.0,0.0,0.0,2330.1,2097.08,0,0.0,0,0,2026-08-21
NIFTY,2026-10-27,26850.0,PE,0.0,0.0,0.0,2588.1,2361.44,0,0.0,0,0,2026-08-21
NIFTY,2026-10-27,27150.0,PE,0.0,0.0,0.0,2853.65,2633.72,0,0.0,0,0,2026-08-21
NIFTY,2026-10-27,27200.0,PE,0.0,0.0,0.0,2898.55,2679.75,0,0.0,0,0,2026-08-21
NIFTY,2026-12-29,23000.0,PE,143.95,150.05,140.0,141.35,141.35,2952,4440647376.75,2585380,10510,2026-08-21
NIFTY,2026-12-29,30000.0,PE,4970.0,5007.05,4970.0,4988.65,4988.65,12,27292336.5,380125,195,2026-08-21
NIFTY,2027-03-30,24000.0,PE,418.05,435.05,413.3,416.65,416.65,544,863476594.5,809510,845,2026-08-21
NIFTY,2027-06-29,22500.0,PE,0.0,0.0,0.0,236.45,365.36,0,0.0,845,0,2026-08-21
NIFTY,2029-06-26,30000.0,PE,0.0,0.0,0.0,2031.05,3028.42,0,0.0,0,0,2026-08-21
NIFTY,2029-06-26,27000.0,PE,0.0,0.0,0.0,1252.35,1738.58,0,0.0,0,0,2026-08-21
NIFTY,2029-06-26,25500.0,PE,0.0,0.0,0.0,624.25,1239.63,0,0.0,0,0,2026-08-21
NIFTY,2028-12-26,26000.0,PE,0.0,0.0,0.0,1220.1,1467.69,0,0.0,6810,0,2026-08-21
NIFTY,2028-12-26,23000.0,PE,0.0,0.0,0.0,627.95,626.15,0,0.0,1610,0,2026-08-21
NIFTY,2028-06-27,33000.0,PE,0.0,0.0,0.0,3707.8,5642.63,0,0.0,0,0,2026-08-21
NIFTY,2027-12-28,26000.0,PE,1288.0,1299.0,1270.0,1276.0,1276.0,36,63846123.25,60380,130,2026-08-21
NIFTY,2027-12-28,25000.0,PE,960.0,969.9,931.5,941.1,941.1,57,96122594.75,76930,1105,2026-08-21
NIFTY,2031-06-24,19500.0,PE,0.0,0.0,0.0,289.2,198.81,0,0.0,0,0,2026-08-21
NIFTY,2030-12-31,24000.0,PE,0.0,0.0,0.0,1000.0,754.32,0,0.0,520,0,2026-08-21
NIFTY,2030-06-25,28500.0,PE,0.0,0.0,0.0,1167.6,2020.48,0,0.0,0,0,2026-08-21
NIFTY,2029-12-24,33000.0,PE,0.0,0.0,0.0,2953.7,4275.77,0,0.0,0,0,2026-08-21
NIFTY,2029-12-24,24000.0,PE,0.0,0.0,0.0,810.0,817.46,0,0.0,390,0,2026-08-21
NIFTY,2026-08-25,21350.0,CE,0.0,0.0,0.0,2938.85,2916.2,0,0.0,0,0,2026-08-21
NIFTY,2026-08-25,21750.0,CE,0.0,0.0,0.0,2581.2,2516.46,0,0.0,0,0,2026-08-21
NIFTY,2026-08-25,22600.0,CE,1684.25,1689.0,1684.25,1689.0,1667.03,12,18942023.75,2275,-715,2026-08-21
NIFTY,2026-08-25,22900.0,CE,1379.7,1416.35,1379.7,1393.9,1367.26,29,45775060.5,3900,-975,2026-08-21
NIFTY,2026-08-25,23150.0,CE,1146.9,1146.9,1146.9,1146.9,1117.75,1,1579298.5,650,65,2026-08-21
NIFTY,2026-08-25,25350.0,CE,0.55,0.95,0.55,0.65,0.65,29905,49277425749.5,480415,-152360,2026-08-21
NIFTY,2026-09-01,22600.0,CE,0.0,0.0,0.0,1805.15,1694.43,0,0.0,0,0,2026-08-21
NIFTY,2026-09-01,22850.0,CE,0.0,0.0,0.0,1586.45,1447.37,0,0.0,0,0,2026-08-21
NIFTY,2026-09-01,23200.0,CE,1100.0,1110.0,1100.0,1110.0,1109.03,17,26858585.0,10985,780,2026-08-21
NIFTY,2026-09-01,23650.0,CE,0.0,0.0,0.0,708.95,707.28,0,0.0,325,0,2026-08-21
NIFTY,2026-09-01,23800.0,CE,543.15,544.45,499.8,531.55,531.55,557,880768128.5,57850,5005,2026-08-21
NIFTY,2026-09-01,25150.0,CE,5.15,7.55,3.1,4.05,4.05,2851,4661429318.0,59345,12740,2026-08-21
NIFTY,2026-09-01,26600.0,CE,0.85,1.1,0.75,0.95,0.95,22,38039407.25,6630,585,2026-08-21
NIFTY,2026-09-08,22600.0,CE,0.0,0.0,0.0,2165.9,1726.24,0,0.0,0,0,2026-08-21
NIFTY,2026-09-08,22850.0,CE,0.0,0.0,0.0,1930.45,1485.01,0,0.0,0,0,2026-08-21
NIFTY,2026-09-08,23300.0,CE,0.0,0.0,0.0,1524.85,1071.34,0,0.0,0,0,2026-08-21
NIFTY,2026-09-08,23550.0,CE,0.0,0.0,0.0,1313.5,860.58,0,0.0,0,0,2026-08-21
NIFTY,2026-09-08,23750.0,CE,0.0,0.0,0.0,613.85,706.86,0,0.0,455,0,2026-08-21
NIFTY,2026-09-08,24150.0,CE,325.0,325.0,286.45,305.7,305.7,355,564319323.75,47125,9100,2026-08-21
NIFTY,2026-09-08,24300.0,CE,240.0,240.0,198.0,212.8,212.8,4243,6760742322.75,276055,47645,2026-08-21
NIFTY,2026-09-15,22400.0,CE,0.0,0.0,0.0,2217.25,1954.44,0,0.0,0,0,2026-08-21
NIFTY,2026-09-15,22750.0,CE,0.0,0.0,0.0,1886.5,1620.1,0,0.0,0,0,2026-08-21
NIFTY,2026-09-15,22850.0,CE,0.0,0.0,0.0,1794.25,1526.93,0,0.0,0,0,2026-08-21
NIFTY,2026-09-15,23300.0,CE,0.0,0.0,0.0,1396.35,1127.87,0,0.0,0,0,2026-08-21
NIFTY,2026-09-15,24150.0,CE,362.1,370.2,350.0,362.0,362.0,18,28675991.5,5005,0,2026-08-21
NIFTY,2026-09-15,24800.0,CE,0.0,0.0,0.0,416.45,231.67,0,0.0,0,0,2026-08-21
NIFTY,2026-09-15,25450.0,CE,0.0,0.0,0.0,199.7,83.25,0,0.0,0,0,2026-08-21
NIFTY,2026-09-15,25500.0,CE,0.0,0.0,0.0,187.75,76.23,0,0.0,0,0,2026-08-21
NIFTY,2026-09-22,22550.0,CE,0.0,0.0,0.0,1772.85,1855.77,0,0.0,0,0,2026-08-21
NIFTY,2026-09-22,22700.0,CE,0.0,0.0,0.0,1636.35,1716.05,0,0.0,0,0,2026-08-21
NIFTY,2026-09-22,23550.0,CE,0.0,0.0,0.0,940.65,994.16,0,0.0,0,0,2026-08-21
NIFTY,2026-09-22,24350.0,CE,0.0,0.0,0.0,463.5,488.05,0,0.0,0,0,2026-08-21
NIFTY,2026-09-29,22600.0,CE,0.0,0.0,0.0,1785.85,1850.07,0,0.0,260,0,2026-08-21
NIFTY,2026-09-29,23850.0,CE,662.0,673.75,657.4,669.65,843.62,18,28680554.5,2860,-130,2026-08-21
NIFTY,2026-09-29,24950.0,CE,93.7,93.7,85.75,91.05,91.05,794,1292281087.5,67925,845,2026-08-21
NIFTY,2026-09-29,25400.0,CE,28.85,29.75,25.55,29.05,29.05,4297,7101976927.5,331370,7800,2026-08-21
NIFTY,2026-09-29,26500.0,CE,5.4,5.55,4.1,4.4,4.4,7485,12895184237.0,515385,215345,2026-08-21
NIFTY,2026-09-29,26650.0,CE,4.5,4.5,4.2,4.2,4.2,11,19057938.25,715,-520,2026-08-21
NIFTY,2026-09-29,28500.0,CE,1.45,1.65,1.2,1.45,1.45,801,1483926993.25,561600,2665,2026-08-21
NIFTY,2026-09-29,31500.0,CE,1.5,1.65,0.75,1.4,0.0,36,73713025.75,15275,130,2026-08-21
NIFTY,2026-10-27,23550.0,CE,0.0,0.0,0.0,1244.0,1266.93,0,0.0,0,0,2026-08-21
NIFTY,2026-10-27,24150.0,CE,0.0,0.0,0.0,779.95,884.06,0,0.0,65,0,2026-08-21
NIFTY,2026-10-27,24300.0,CE,554.95,554.95,522.1,538.4,538.4,159,256691916.0,30615,4290,2026-08-21
NIFTY,2026-10-27,24700.0,CE,324.0,330.5,309.25,320.6,320.6,323,525302128.0,69095,2015,2026-08-21
NIFTY,2026-10-27,26400.0,CE,0.0,0.0,0.0,186.25,135.47,0,0.0,0,0,2026-08-21
NIFTY,2026-10-27,26900.0,CE,10.85,11.5,8.9,10.0,79.31,39,68217142.5,4680,195,2026-08-21
NIFTY,2026-12-29,33000.0,CE,4.55,4.55,3.7,4.05,4.05,111,238122641.25,105040,-2210,2026-08-21
NIFTY,2027-03-30,25500.0,CE,716.05,716.05,685.65,703.9,703.9,872,1485148769.0,527865,21450,2026-08-21
NIFTY,2027-06-29,22500.0,CE,0.0,0.0,0.0,5539.6,3340.68,0,0.0,0,0,2026-08-21
NIFTY,2027-12-28,19500.0,CE,0.0,0.0,0.0,8684.7,6492.6,0,0.0,0,0,2026-08-21
NIFTY,2027-12-28,27000.0,CE,1134.75,1157.0,1130.55,1150.0,1150.0,37,67697145.75,43770,520,2026-08-21
NIFTY,2028-06-27,33000.0,CE,0.0,0.0,0.0,2004.15,659.15,0,0.0,0,0,2026-08-21
NIFTY,2029-06-26,16500.0,CE,0.0,0.0,0.0,12587.95,10591.96,0,0.0,0,0,2026-08-21
NIFTY,2030-06-25,27000.0,CE,0.0,0.0,0.0,6972.5,4789.34,0,0.0,0,0,2026-08-21
NIFTY,2031-06-24,19500.0,CE,0.0,0.0,0.0,9840.6,10245.33,0,0.0,0,0,2026-08-21
NIFTY,2031-06-24,25500.0,CE,0.0,0.0,0.0,6409.8,6681.67,0,0.0,0,0,2026-08-21
NIFTY,2026-08-25,21850.0,PE,1.05,1.1,0.6,0.8,0.8,2108,2994002391.25,48165,8125,2026-08-21
NIFTY,2026-08-25,22250.0,PE,1.15,1.3,0.7,0.95,0.95,22120,31992533342.25,286585,47515,2026-08-21
NIFTY,2026-08-25,23050.0,PE,1.55,2.15,1.35,1.65,1.65,55934,83809466945.75,451555,152750,2026-08-21
NIFTY,2026-08-25,23150.0,PE,1.8,2.35,1.35,1.65,1.65,167578,252182538998.0,1302860,-190125,2026-08-21
NIFTY,2026-08-25,24400.0,PE,131.25,177.6,127.65,146.35,146.35,1015004,1619625705470.5,3117205,-43160,2026-08-21
NIFTY,2026-08-25,24600.0,PE,296.15,350.25,285.75,318.4,318.4,54021,87491511883.75,873535,-76180,2026-08-21
NIFTY,2026-08-25,27000.0,PE,2720.0,2720.0,2709.9,2710.75,2730.05,31,59873482.5,41210,-845,2026-08-21
NIFTY,2026-08-25,27150.0,PE,0.0,0.0,0.0,2936.7,2879.95,0,0.0,0,0,2026-08-21
NIFTY,2026-09-01,22450.0,PE,3.35,3.95,2.75,3.4,3.4,204,297734251.75,13520,845,2026-08-21
NIFTY,2026-09-01,23550.0,PE,13.6,13.6,8.4,8.75,8.75,6183,9468426672.25,132275,68640,2026-08-21
NIFTY,2026-09-01,24250.0,PE,116.85,144.2,114.65,119.8,119.8,43843,69462768716.25,560235,326495,2026-08-21
NIFTY,2026-09-01,25700.0,PE,0.0,0.0,0.0,1213.95,1407.35,0,0.0,130,0,2026-08-21
NIFTY,2026-09-01,25850.0,PE,0.0,0.0,0.0,1593.2,1554.36,0,0.0,0,0,2026-08-21
NIFTY,2026-09-01,26450.0,PE,0.0,0.0,0.0,2127.0,2149.94,0,0.0,0,0,2026-08-21
NIFTY,2026-09-01,26500.0,PE,0.0,0.0,0.0,2173.2,2199.79,0,0.0,0,0,2026-08-21
NIFTY,2026-09-01,27200.0,PE,0.0,0.0,0.0,2838.15,2898.29,0,0.0,0,0,2026-08-21
NIFTY,2026-09-08,22350.0,PE,5.2,6.5,4.15,5.55,5.55,108,156933858.25,6630,3835,2026-08-21
NIFTY,2026-09-08,22750.0,PE,0.0,0.0,0.0,10.5,10.84,0,0.0,130,0,2026-08-21
NIFTY,2026-09-08,23250.0,PE,0.0,0.0,0.0,68.4,43.94,0,0.0,0,0,2026-08-21
NIFTY,2026-09-08,23600.0,PE,27.0,28.8,23.05,23.8,23.8,2826,4339664907.5,272285,37960,2026-08-21
NIFTY,2026-09-08,24000.0,PE,80.5,91.45,75.6,78.15,78.15,6156,9635668675.75,447915,96070,2026-08-21
NIFTY,2026-09-08,24250.0,PE,159.0,179.0,147.15,156.7,156.7,1951,3095672121.75,59410,19565,2026-08-21
NIFTY,2026-09-08,24350.0,PE,203.65,223.55,195.0,200.4,200.4,459,732561735.75,16900,5525,2026-08-21
NIFTY,2026-09-08,25600.0,PE,0.0,0.0,0.0,1041.75,1303.95,0,0.0,0,0,2026-08-21
NIFTY,2026-09-08,25750.0,PE,0.0,0.0,0.0,1155.15,1443.62,0,0.0,0,0,2026-08-21
NIFTY,2026-09-15,22400.0,PE,7.4,9.45,5.75,5.75,9.51,22,32041857.25,5005,520,2026-08-21
NIFTY,2026-09-15,23300.0,PE,0.0,0.0,0.0,89.65,79.2,0,0.0,0,0,2026-08-21
NIFTY,2026-09-15,24400.0,PE,237.9,270.6,233.9,245.05,245.05,227,363705150.25,12805,1950,2026-08-21
NIFTY,2026-09-15,25300.0,PE,0.0,0.0,0.0,920.35,1050.6,0,0.0,0,0,2026-08-21
NIFTY,2026-09-22,22750.0,PE,0.0,0.0,0.0,55.05,38.01,0,0.0,0,0,2026-08-21
NIFTY,2026-09-22,23600.0,PE,0.0,0.0,0.0,213.7,170.79,0,0.0,0,0,2026-08-21
NIFTY,2026-09-22,23800.0,PE,0.0,0.0,0.0,305.45,226.16,0,0.0,65,0,2026-08-21
NIFTY,2026-09-22,23850.0,PE,0.0,0.0,0.0,295.55,242.17,0,0.0,0,0,2026-08-21
NIFTY,2026-09-29,19500.0,PE,6.0,6.75,6.0,6.3,6.3,1444,1830857278.25,894335,0,2026-08-21
NIFTY,2026-09-29,21750.0,PE,10.0,11.8,9.6,10.1,10.1,46,65063414.0,5915,1040,2026-08-21
NIFTY,2026-09-29,24200.0,PE,218.4,236.65,204.95,216.7,216.7,12756,20246457153.0,1572285,127530,2026-08-21
NIFTY,2026-09-29,24300.0,PE,252.4,277.8,240.95,252.65,252.65,13921,22220989531.0,2254070,149175,2026-08-21
NIFTY,2026-09-29,24500.0,PE,345.6,374.0,322.45,343.35,343.35,19540,31560193622.75,3222700,136630,2026-08-21
NIFTY,2026-09-29,24650.0,PE,427.6,448.3,415.4,433.0,639.43,49,79866367.75,12090,390,2026-08-21
NIFTY,2026-09-29,25200.0,PE,855.0,861.9,817.9,832.6,998.52,78,131978973.75,40690,130,2026-08-21
NIFTY,2026-09-29,25400.0,PE,1015.4,1027.4,996.3,1009.7,1009.7,15,25753903.5,10270,390,2026-08-21
NIFTY,2026-09-29,25450.0,PE,0.0,0.0,0.0,966.65,1187.46,0,0.0,715,0,2026-08-21
NIFTY,2026-09-29,25950.0,PE,0.0,0.0,0.0,1299.0,1602.42,0,0.0,65,0,2026-08-21
NIFTY,2026-10-27,23400.0,PE,0.0,0.0,0.0,403.8,244.56,0,0.0,0,0,2026-08-21
NIFTY,2026-10-27,23600.0,PE,129.9,165.1,124.8,135.2,135.2,509,785154236.75,48425,8385,2026-08-21
NIFTY,2026-10-27,23650.0,PE,0.0,0.0,0.0,491.35,313.48,0,0.0,0,0,2026-08-21
NIFTY,2026-10-27,24200.0,PE,289.15,294.75,270.75,277.95,277.95,353,561683889.0,69095,7540,2026-08-21
NIFTY,2026-09-15,22500.0,PE,7.6,8.0,6.75,7.35,7.35,118,172631719.0,28080,2795,2026-08-21
NIFTY,2026-09-15,23400.0,PE,25.6,27.85,19.55,24.45,24.45,431,656251014.25,48685,10725,2026-08-21
NIFTY,2026-09-29,22450.0,PE,17.25,17.65,16.4,16.45,16.45,33,48191916.5,8320,260,2026-08-21
NIFTY,2026-08-25,23000.0,CE,1300.05,1312.15,1263.0,1290.85,1290.85,2416,3814941208.0,254865,-88400,2026-08-21
NIFTY,2026-09-01,22550.0,CE,0.0,0.0,0.0,1849.95,1744.09,0,0.0,0,0,2026-08-21
NIFTY,2026-09-01,23500.0,CE,817.45,829.4,783.0,818.65,818.65,427,674832574.0,32630,17290,2026-08-21
NIFTY,2026-09-01,25400.0,CE,2.5,3.1,2.35,2.7,2.7,12242,20213629224.75,278200,-79040,2026-08-21
NIFTY,2026-09-01,27150.0,CE,0.8,0.8,0.55,0.6,0.6,6,10588730.75,520,0,2026-08-21
NIFTY,2026-09-08,22700.0,CE,0.0,0.0,0.0,2071.05,1629.11,0,0.0,0,0,2026-08-21
NIFTY,2026-09-08,25050.0,CE,0.0,0.0,0.0,381.4,105.37,0,0.0,0,0,2026-08-21
NIFTY,2026-09-08,25850.0,CE,0.0,0.0,0.0,3.3,17.55,0,0.0,1170,0,2026-08-21
NIFTY,2026-09-15,25400.0,CE,0.0,0.0,0.0,211.35,90.8,0,0.0,0,0,2026-08-21
NIFTY,2026-09-22,24150.0,CE,0.0,0.0,0.0,563.95,595.1,0,0.0,0,0,2026-08-21
NIFTY,2026-09-22,24700.0,CE,0.0,0.0,0.0,318.4,332.85,0,0.0,0,0,2026-08-21
NIFTY,2026-09-22,24850.0,CE,0.0,0.0,0.0,267.55,278.51,0,0.0,0,0,2026-08-21
NIFTY,2026-09-29,22900.0,CE,1431.95,1520.4,1431.95,1520.4,1581.09,11,17444609.0,1235,520,2026-08-21
NIFTY,2026-09-29,26100.0,CE,0.0,0.0,0.0,223.8,68.48,0,0.0,0,0,2026-08-21
NIFTY,2026-09-29,27000.0,CE,3.95,4.7,3.3,3.45,3.45,9387,16476519806.5,1797510,-21840,2026-08-21
NIFTY,2026-12-29,31500.0,CE,7.25,7.25,5.6,5.95,5.95,42,86011279.25,30355,-1300,2026-08-21
NIFTY,2027-03-30,24000.0,CE,1581.05,1589.8,1555.0,1586.9,1586.9,294,488757886.5,309205,3250,2026-08-21
NIFTY,2026-08-25,25050.0,PE,759.25,773.35,737.3,764.35,786.57,206,345601659.0,10335,910,2026-08-21
NIFTY,2026-09-01,25200.0,PE,884.0,885.0,884.0,885.0,934.67,9,15259497.5,1040,585,2026-08-21
NIFTY,2026-09-01,26900.0,PE,0.0,0.0,0.0,2549.75,2598.87,0,0.0,0,0,2026-08-21
NIFTY,2026-09-08,22900.0,PE,7.05,8.2,6.0,6.75,6.75,825,1228383731.25,48945,7930,2026-08-21
NIFTY,2026-09-08,23900.0,PE,58.45,68.75,56.8,58.05,58.05,2008,3127249456.5,104390,34775,2026-08-21
NIFTY,2026-08-25,22450.0,CE,0.0,0.0,0.0,2199.25,1816.93,0,0.0,65,0,2026-08-21
NIFTY,2026-08-25,26500.0,CE,0.5,0.7,0.35,0.4,0.4,11966,20611789789.5,260130,24635,2026-08-21
NIFTY,2026-09-01,23050.0,CE,0.0,0.0,0.0,1109.4,1252.41,0,0.0,0,0,2026-08-21
NIFTY,2026-09-01,23250.0,CE,0.0,0.0,0.0,1259.15,1061.99,0,0.0,0,0,2026-08-21
NIFTY,2026-09-01,23550.0,CE,783.4,783.4,750.0,776.2,791.52,4,6322888.0,520,-65,2026-08-21
NIFTY,2026-09-01,25200.0,CE,4.1,4.45,3.2,3.5,3.5,22069,36154199926.0,669240,139295,2026-08-21
NIFTY,2026-09-01,25500.0,CE,2.35,2.55,1.85,2.3,2.3,14084,23346267018.75,728065,161460,2026-08-21
NIFTY,2026-09-01,25850.0,CE,1.6,1.7,1.2,1.45,1.45,354,594842322.75,23205,4485,2026-08-21
NIFTY,2026-09-01,26000.0,CE,1.6,1.6,1.05,1.15,1.15,24140,40798536795.25,1086800,691470,2026-08-21
NIFTY,2026-09-01,26650.0,CE,1.4,1.4,0.75,1.1,1.1,5,8661623.75,1625,130,2026-08-21
NIFTY,2026-09-08,22800.0,CE,0.0,0.0,0.0,1977.1,1532.8,0,0.0,0,0,2026-08-21
NIFTY,2026-09-08,23050.0,CE,0.0,0.0,0.0,1746.8,1296.96,0,0.0,0,0,2026-08-21
NIFTY,2026-09-08,24050.0,CE,382.9,389.35,354.85,376.75,376.75,74,117478913.5,10530,325,2026-08-21
NIFTY,2026-09-08,25400.0,CE,0.0,0.0,0.0,259.4,51.21,0,0.0,0,0,2026-08-21
NIFTY,2026-09-08,26150.0,CE,0.0,0.0,0.0,2.4,7.84,0,0.0,1040,0,2026-08-21
NIFTY,2026-09-15,22600.0,CE,0.0,0.0,0.0,2026.95,1762.03,0,0.0,0,0,2026-08-21
NIFTY,2026-09-15,23100.0,CE,0.0,0.0,0.0,1569.25,1300.51,0,0.0,0,0,2026-08-21
NIFTY,2026-09-15,24050.0,CE,404.05,438.0,404.0,423.25,579.12,12,19085511.25,3770,65,2026-08-21
NIFTY,2026-09-15,24600.0,CE,130.05,134.95,116.7,124.4,124.4,692,1112148787.75,74295,12675,2026-08-21
NIFTY,2026-09-15,24650.0,CE,113.05,116.25,104.85,108.4,108.4,136,218872059.25,16380,1755,2026-08-21
NIFTY,2026-09-15,24900.0,CE,0.0,0.0,0.0,375.05,200.74,0,0.0,0,0,2026-08-21
NIFTY,2026-09-15,25150.0,CE,0.0,0.0,0.0,284.5,137.32,0,0.0,0,0,2026-08-21
NIFTY,2026-09-15,25550.0,CE,0.0,0.0,0.0,175.2,69.7,0,0.0,0,0,2026-08-21
NIFTY,2026-09-15,26000.0,CE,4.65,5.25,3.95,4.7,4.7,247,417502946.25,17225,9165,2026-08-21
NIFTY,2026-09-22,23500.0,CE,0.0,0.0,0.0,815.8,1032.23,0,0.0,65,0,2026-08-21
NIFTY,2026-09-22,25500.0,CE,0.0,0.0,0.0,114.9,116.26,0,0.0,0,0,2026-08-21
NIFTY,2026-09-22,25550.0,CE,0.0,0.0,0.0,106.95,107.94,0,0.0,0,0,2026-08-21
NIFTY,2026-09-29,21850.0,CE,0.0,0.0,0.0,2455.3,2562.42,0,0.0,0,0,2026-08-21
NIFTY,2026-09-29,22000.0,CE,2360.0,2400.0,2360.0,2387.65,2387.65,974,1543747946.0,244075,60125,2026-08-21
NIFTY,2026-09-29,22450.0,CE,0.0,0.0,0.0,1843.95,1988.81,0,0.0,65,0,2026-08-21
NIFTY,2026-09-29,22550.0,CE,0.0,0.0,0.0,1749.2,1896.04,0,0.0,130,0,2026-08-21
NIFTY,2026-09-29,22700.0,CE,1715.25,1715.25,1715.25,1715.25,1759.04,1,1586991.25,650,65,2026-08-21
NIFTY,2026-09-29,23150.0,CE,0.0,0.0,0.0,1642.85,1367.87,0,0.0,325,0,2026-08-21
NIFTY,2026-09-29,24350.0,CE,334.15,338.0,316.5,328.15,328.15,278,445947310.25,48425,3835,2026-08-21
NIFTY,2026-09-29,24600.0,CE,213.05,217.35,193.2,204.6,204.6,5086,8199951461.0,662155,56810,2026-08-21
NIFTY,2026-09-29,24650.0,CE,188.75,190.8,177.3,182.75,182.75,391,631145674.25,63700,2795,2026-08-21
NIFTY,2026-09-29,24750.0,CE,150.7,152.55,140.5,147.0,147.0,711,1150562539.75,91195,15210,2026-08-21
NIFTY,2026-09-29,25000.0,CE,91.95,91.95,74.55,80.75,80.75,26509,43214049053.5,4321720,259220,2026-08-21
NIFTY,2026-09-08,26000.0,CE,3.25,3.4,2.45,3.0,3.0,1518,2565711986.5,87165,12090,2026-08-21
NIFTY,2026-09-08,25350.0,CE,0.0,0.0,0.0,274.75,57.11,0,0.0,0,0,2026-08-21
NIFTY,2026-09-08,25250.0,CE,0.0,0.0,0.0,307.5,70.6,0,0.0,0,0,2026-08-21
NIFTY,2026-09-08,24850.0,CE,40.8,40.8,33.2,34.75,34.75,1810,2927725609.25,106600,31395,2026-08-21
NIFTY,2026-09-08,24500.0,CE,127.55,134.9,112.65,121.2,121.2,6706,10732115241.25,425230,101075,2026-08-21
NIFTY,2026-09-08,24200.0,CE,279.95,293.7,254.9,272.15,272.15,4605,7325175165.75,223080,-2210,2026-08-21
NIFTY,2026-09-08,23950.0,CE,460.0,464.4,441.05,453.25,453.25,57,90395574.75,3380,2145,2026-08-21
NIFTY,2026-09-08,22500.0,CE,0.0,0.0,0.0,2261.5,1824.02,0,0.0,0,0,2026-08-21
NIFTY,2026-09-08,22450.0,CE,0.0,0.0,0.0,2309.55,1873.1,0,0.0,0,0,2026-08-21
NIFTY,2026-09-01,27000.0,CE,0.85,1.0,0.75,0.8,0.8,848,1488286114.25,72280,21515,2026-08-21
NIFTY,2026-09-01,24100.0,CE,297.9,304.65,258.8,281.05,281.05,13455,21322895350.25,354445,65390,2026-08-21
NIFTY,2026-09-01,22150.0,CE,0.0,0.0,0.0,2218.8,2142.58,0,0.0,0,0,2026-08-21
NIFTY,2026-09-01,22100.0,CE,0.0,0.0,0.0,2024.5,2192.46,0,0.0,65,0,2026-08-21
NIFTY,2026-08-25,27200.0,CE,0.4,0.45,0.3,0.3,0.3,15281,27017159048.75,340340,-59345,2026-08-21
NIFTY,2026-09-29,25450.0,CE,25.6,26.25,22.65,25.7,25.7,168,278178540.25,36465,-325,2026-08-21
NIFTY,2026-09-29,25550.0,CE,20.1,21.7,17.75,20.75,20.75,170,282541229.75,37765,2080,2026-08-21
NIFTY,2026-09-29,25900.0,CE,0.0,0.0,0.0,261.75,91.38,0,0.0,0,0,2026-08-21
NIFTY,2026-09-29,26050.0,CE,0.0,0.0,0.0,232.8,73.69,0,0.0,0,0,2026-08-21
NIFTY,2026-09-29,26450.0,CE,0.0,0.0,0.0,168.3,40.02,0,0.0,0,0,2026-08-21
NIFTY,2026-09-29,26750.0,CE,4.25,4.9,4.0,4.2,24.45,58,100864526.75,845,-130,2026-08-21
NIFTY,2026-09-29,30000.0,CE,1.65,1.85,1.5,1.75,1.75,94,183309837.75,314300,-975,2026-08-21
NIFTY,2026-10-27,22550.0,CE,0.0,0.0,0.0,1962.0,2060.3,0,0.0,0,0,2026-08-21
NIFTY,2026-10-27,23950.0,CE,0.0,0.0,0.0,1007.1,1002.84,0,0.0,0,0,2026-08-21
NIFTY,2026-10-27,25100.0,CE,174.5,177.95,164.85,172.2,172.2,347,569965363.5,115960,6370,2026-08-21
NIFTY,2026-10-27,25300.0,CE,0.0,0.0,0.0,432.4,377.17,0,0.0,0,0,2026-08-21
NIFTY,2026-10-27,25500.0,CE,88.95,89.2,79.15,84.15,84.15,5629,9360089170.25,872495,6240,2026-08-21
NIFTY,2026-10-27,25600.0,CE,70.25,70.8,63.95,69.95,69.95,1309,2183910322.75,186615,2795,2026-08-21
NIFTY,2026-10-27,25800.0,CE,0.0,0.0,0.0,301.05,243.12,0,0.0,0,0,2026-08-21
NIFTY,2026-10-27,26100.0,CE,0.0,0.0,0.0,237.65,182.91,0,0.0,0,0,2026-08-21
NIFTY,2026-10-27,26700.0,CE,0.0,0.0,0.0,85.6,98.77,0,0.0,65,0,2026-08-21
NIFTY,2026-12-29,25000.0,CE,539.95,544.95,522.0,530.6,530.6,2228,3697451082.0,2242980,31395,2026-08-21
NIFTY,2026-12-29,26000.0,CE,196.0,198.8,186.5,191.15,191.15,3890,6622285842.25,3175845,30725,2026-08-21
NIFTY,2027-06-29,30000.0,CE,0.0,0.0,0.0,1478.4,306.1,0,0.0,0,0,2026-08-21
NIFTY,2027-12-28,24000.0,CE,2923.95,2939.45,2908.6,2919.6,2919.6,43,75252186.75,35035,2730,2026-08-21
NIFTY,2028-12-26,18000.0,CE,0.0,0.0,0.0,9380.3,8885.03,0,0.0,0,0,2026-08-21
NIFTY,2028-12-26,24000.0,CE,4700.0,4700.0,4700.0,4700.0,4700.0,4,7462000.0,1235,260,2026-08-21
NIFTY,2028-12-26,25500.0,CE,0.0,0.0,0.0,3800.0,3681.36,0,0.0,0,0,2026-08-21
NIFTY,2028-12-26,28000.0,CE,2097.95,2101.85,2097.95,2101.85,2525.4,6,11738714.0,8265,0,2026-08-21
NIFTY,2028-12-26,28500.0,CE,0.0,0.0,0.0,3608.65,2331.58,0,0.0,0,0,2026-08-21
NIFTY,2028-12-26,30000.0,CE,0.0,0.0,0.0,1221.0,1819.73,0,0.0,11620,0,2026-08-21
NIFTY,2030-06-25,24000.0,CE,0.0,0.0,0.0,8591.55,6378.23,0,0.0,0,0,2026-08-21
NIFTY,2030-06-25,33000.0,CE,0.0,0.0,0.0,4416.45,2517.75,0,0.0,0,0,2026-08-21
NIFTY,2030-12-31,22500.0,CE,0.0,0.0,0.0,9536.95,7850.99,0,0.0,0,0,2026-08-21
NIFTY,2030-12-31,27000.0,CE,0.0,0.0,0.0,6772.8,5391.37,0,0.0,0,0,2026-08-21
NIFTY,2026-08-25,21300.0,PE,0.75,0.75,0.4,0.45,0.45,15213,21062914310.75,856245,3250,2026-08-21
NIFTY,2026-08-25,21400.0,PE,0.85,1.05,0.4,0.45,0.45,14031,19517582204.25,600470,-195,2026-08-21
NIFTY,2026-08-25,22050.0,PE,1.1,1.15,0.75,0.9,0.9,7414,10626566645.5,131690,51285,2026-08-21
NIFTY,2026-08-25,22350.0,PE,1.3,1.4,0.85,1.1,1.1,18980,27574542927.75,184340,-77740,2026-08-21
NIFTY,2026-08-25,22500.0,PE,1.15,1.5,1.05,1.3,1.3,223354,326673777556.75,5649800,792350,2026-08-21
NIFTY,2026-08-25,22800.0,PE,1.4,1.85,1.05,1.45,1.45,86629,128392585889.75,1488370,-172900,2026-08-21
NIFTY,2026-08-25,24750.0,PE,436.2,495.15,436.2,466.3,466.3,1139,1866799502.75,93275,-2665,2026-08-21
NIFTY,2026-08-25,25300.0,PE,1012.45,1043.85,991.0,1011.05,1011.05,88,150509596.25,70655,-1560,2026-08-21
NIFTY,2026-08-25,25550.0,PE,1262.0,1262.0,1252.0,1261.9,1281.16,9,15683063.5,5135,-325,2026-08-21
NIFTY,2026-08-25,26250.0,PE,0.0,0.0,0.0,2145.8,1980.54,0,0.0,65,0,2026-08-21
NIFTY,2026-08-25,26500.0,PE,2202.0,2222.0,2202.0,2207.75,2230.38,6,11196480.75,5720,-195,2026-08-21
NIFTY,2026-08-25,26650.0,PE,0.0,0.0,0.0,2498.25,2380.28,0,0.0,0,0,2026-08-21
NIFTY,2026-08-25,26750.0,PE,0.0,0.0,0.0,2584.3,2480.21,0,0.0,0,0,2026-08-21
NIFTY,2026-09-01,22250.0,PE,2.9,3.85,2.55,3.3,3.3,137,198165448.0,2990,325,2026-08-21
NIFTY,2026-09-01,22750.0,PE,3.95,4.5,3.4,3.85,3.85,234,346087059.5,24830,2340,2026-08-21
NIFTY,2026-09-01,23100.0,PE,4.85,5.2,4.25,4.55,4.55,11330,17015547857.75,296205,60515,2026-08-21
NIFTY,2026-09-01,23400.0,PE,7.55,7.8,6.05,6.3,6.3,25408,38656637214.0,678990,138450,2026-08-21
NIFTY,2026-09-01,23800.0,PE,22.0,27.6,20.05,21.15,21.15,47060,72870499672.75,1309295,490100,2026-08-21
NIFTY,2026-09-01,24750.0,PE,446.2,483.75,445.9,454.8,454.8,51,83569469.75,3055,1170,2026-08-21
NIFTY,2026-09-01,25950.0,PE,0.0,0.0,0.0,1679.0,1653.0,0,0.0,0,0,2026-08-21
NIFTY,2026-09-01,26950.0,PE,0.0,0.0,0.0,2597.5,2648.77,0,0.0,0,0,2026-08-21
NIFTY,2026-09-08,22650.0,PE,5.95,6.7,4.65,5.15,5.15,55,80993217.5,2470,1820,2026-08-21
NIFTY,2026-09-08,23100.0,PE,9.05,9.95,7.45,8.5,8.5,506,760043869.0,37440,-10010,2026-08-21
NIFTY,2026-09-08,24300.0,PE,177.65,204.5,171.15,177.05,177.05,4457,7092491939.0,317720,63310,2026-08-21
NIFTY,2026-09-08,24600.0,PE,353.7,385.0,346.0,348.5,348.5,145,235204151.0,37765,1365,2026-08-21
NIFTY,2026-09-08,24800.0,PE,504.95,509.3,497.6,503.95,503.95,35,57565660.75,6890,1755,2026-08-21
NIFTY,2026-09-08,25800.0,PE,0.0,0.0,0.0,1194.35,1490.81,0,0.0,0,0,2026-08-21
NIFTY,2026-09-15,22600.0,PE,0.0,0.0,0.0,10.05,16.27,0,0.0,650,0,2026-08-21
NIFTY,2026-09-15,23200.0,PE,0.0,0.0,0.0,75.8,64.86,0,0.0,0,0,2026-08-21
NIFTY,2026-09-15,24250.0,PE,193.8,202.9,175.4,180.1,180.1,182,289055234.0,6370,-390,2026-08-21
NIFTY,2026-09-15,24550.0,PE,0.0,0.0,0.0,292.05,520.29,0,0.0,845,0,2026-08-21
NIFTY,2026-09-15,25000.0,PE,0.0,0.0,0.0,680.35,817.31,0,0.0,65,0,2026-08-21
NIFTY,2026-09-15,25450.0,PE,0.0,0.0,0.0,1030.55,1175.66,0,0.0,0,0,2026-08-21
NIFTY,2026-09-15,25600.0,PE,0.0,0.0,0.0,1144.25,1305.43,0,0.0,0,0,2026-08-21
NIFTY,2026-09-15,25750.0,PE,0.0,0.0,0.0,1263.75,1439.22,0,0.0,0,0,2026-08-21
NIFTY,2026-09-22,22500.0,PE,12.7,12.7,10.1,11.25,11.25,165,241434989.25,7280,4615,2026-08-21
NIFTY,2026-09-22,22550.0,PE,0.0,0.0,0.0,37.5,24.84,0,0.0,0,0,2026-08-21
NIFTY,2026-09-22,23350.0,PE,0.0,0.0,0.0,149.8,114.79,0,0.0,0,0,2026-08-21
NIFTY,2026-09-22,23950.0,PE,0.0,0.0,0.0,333.65,276.55,0,0.0,0,0,2026-08-21
NIFTY,2026-09-22,24400.0,PE,0.0,0.0,0.0,544.4,471.8,0,0.0,0,0,2026-08-21
NIFTY,2026-09-22,24450.0,PE,0.0,0.0,0.0,571.8,497.7,0,0.0,0,0,2026-08-21
NIFTY,2026-09-22,24600.0,PE,0.0,0.0,0.0,658.8,580.4,0,0.0,0,0,2026-08-21
NIFTY,2026-09-22,24650.0,PE,0.0,0.0,0.0,689.35,609.61,0,0.0,0,0,2026-08-21
NIFTY,2026-09-22,24850.0,PE,0.0,0.0,0.0,818.9,734.43,0,0.0,0,0,2026-08-21
NIFTY,2026-09-22,25650.0,PE,0.0,0.0,0.0,1439.15,1344.09,0,0.0,0,0,2026-08-21
NIFTY,2026-09-22,25700.0,PE,0.0,0.0,0.0,1482.25,1386.9,0,0.0,0,0,2026-08-21
NIFTY,2026-09-22,25950.0,PE,0.0,0.0,0.0,1703.35,1607.02,0,0.0,0,0,2026-08-21
NIFTY,2026-09-29,23500.0,PE,67.95,73.05,63.7,65.75,65.75,16033,24559711458.75,3103100,65975,2026-08-21
NIFTY,2026-09-29,23550.0,PE,69.95,77.05,69.5,71.3,71.3,226,347007778.0,40950,3250,2026-08-21
NIFTY,2026-09-29,24000.0,PE,158.4,171.0,140.0,156.05,156.05,26893,42229234788.0,4330165,300040,2026-08-21
NIFTY,2026-09-29,24550.0,PE,372.6,391.0,360.0,367.55,367.55,197,319129005.0,25870,-4225,2026-08-21
NIFTY,2026-09-29,26150.0,PE,1720.0,1720.0,1720.0,1720.0,1779.48,1,1811550.0,65,65,2026-08-21
NIFTY,2026-09-29,26350.0,PE,0.0,0.0,0.0,2262.9,1961.36,0,0.0,0,0,2026-08-21
NIFTY,2026-09-29,26400.0,PE,1950.0,1968.6,1950.0,1968.6,2007.48,19,35015318.0,2210,1235,2026-08-21
NIFTY,2026-09-29,26550.0,PE,0.0,0.0,0.0,2431.75,2147.19,0,0.0,0,0,2026-08-21
NIFTY,2026-10-27,22300.0,PE,30.05,30.4,28.3,28.55,28.55,129,187229331.25,64935,1235,2026-08-21
NIFTY,2026-10-27,23500.0,PE,112.1,121.75,109.3,113.2,113.2,3257,4999176191.75,640055,34515,2026-08-21
NIFTY,2026-10-27,25350.0,PE,0.0,0.0,0.0,783.0,1157.11,0,0.0,130,0,2026-08-21
NIFTY,2026-10-27,25950.0,PE,0.0,0.0,0.0,1842.3,1599.62,0,0.0,0,0,2026-08-21
NIFTY,2026-12-29,19000.0,PE,25.7,27.0,25.3,26.1,26.1,456,563941547.0,612080,-6695,2026-08-21
NIFTY,2026-12-29,22000.0,PE,68.05,70.35,66.05,67.55,67.55,2460,3528781291.75,1617430,19175,2026-08-21
NIFTY,2027-03-30,18000.0,PE,0.0,0.0,0.0,37.3,3.15,0,0.0,65,0,2026-08-21
NIFTY,2027-06-29,18000.0,PE,0.0,0.0,0.0,220.0,9.81,0,0.0,230,0,2026-08-21
NIFTY,2027-06-29,27000.0,PE,0.0,0.0,0.0,1780.0,2222.86,0,0.0,130,0,2026-08-21
NIFTY,2028-06-27,27000.0,PE,0.0,0.0,0.0,2752.35,1967.72,0,0.0,0,0,2026-08-21
NIFTY,2028-12-26,24000.0,PE,0.0,0.0,0.0,663.1,857.45,0,0.0,4680,0,2026-08-21
NIFTY,2028-12-26,31500.0,PE,0.0,0.0,0.0,2673.4,4163.04,0,0.0,0,0,2026-08-21
NIFTY,2029-06-26,16500.0,PE,0.0,0.0,0.0,8.1,34.75,0,0.0,0,0,2026-08-21
NIFTY,2029-06-26,18000.0,PE,0.0,0.0,0.0,118.45,82.82,0,0.0,0,0,2026-08-21
NIFTY,2029-06-26,19500.0,PE,0.0,0.0,0.0,56.0,171.53,0,0.0,0,0,2026-08-21
NIFTY,2029-12-24,25000.0,PE,1000.0,1000.0,1000.0,1000.0,1000.0,8,13520000.0,1135,520,2026-08-21
NIFTY,2031-06-24,18000.0,PE,0.0,0.0,0.0,173.45,112.92,0,0.0,0,0,2026-08-21
NIFTY,2026-09-29,25700.0,CE,15.25,15.25,12.7,14.9,14.9,2696,4506103462.25,374140,43875,2026-08-21
NIFTY,2026-08-25,26350.0,CE,0.55,0.6,0.4,0.5,0.5,698,1195522295.5,32305,7280,2026-08-21
NIFTY,2026-08-25,26000.0,CE,0.5,0.55,0.4,0.45,0.45,115409,195044690243.0,5031000,-1340625,2026-08-21
NIFTY,2026-08-25,25250.0,CE,0.75,1.2,0.7,0.85,0.85,94031,154334142072.5,1539915,649285,2026-08-21
NIFTY,2026-08-25,25200.0,CE,0.8,1.3,0.75,0.85,0.85,314813,515683797658.25,5102955,125840,2026-08-21
NIFTY,2026-08-25,24700.0,CE,3.7,4.15,2.9,3.15,3.15,562990,904005404727.75,6799585,-756665,2026-08-21
NIFTY,2026-08-25,23950.0,CE,376.3,381.7,318.85,345.1,345.1,12235,19322782170.25,200135,-11050,2026-08-21
NIFTY,2026-08-25,27100.0,CE,0.55,0.6,0.3,0.35,0.35,2999,5282817761.0,88790,10400,2026-08-21
NIFTY,2026-09-01,22250.0,CE,0.0,0.0,0.0,2125.05,2042.84,0,0.0,0,0,2026-08-21
NIFTY,2026-09-01,22450.0,CE,0.0,0.0,0.0,1940.55,1843.55,0,0.0,0,0,2026-08-21
NIFTY,2026-09-01,22650.0,CE,0.0,0.0,0.0,1760.65,1644.83,0,0.0,0,0,2026-08-21
NIFTY,2026-09-01,22900.0,CE,0.0,0.0,0.0,1543.9,1398.33,0,0.0,0,0,2026-08-21
NIFTY,2026-09-01,23100.0,CE,1210.0,1210.0,1210.0,1210.0,1204.28,2,3160300.0,195,130,2026-08-21
NIFTY,2026-09-01,23300.0,CE,980.0,1006.65,980.0,1006.65,1015.43,5,7894448.25,390,195,2026-08-21
NIFTY,2026-09-01,23400.0,CE,930.0,934.3,878.0,918.55,918.55,24,37945745.5,13715,195,2026-08-21
NIFTY,2026-09-01,23950.0,CE,416.75,418.3,380.0,400.4,400.4,336,531814562.5,13650,2470,2026-08-21
NIFTY,2026-09-01,24900.0,CE,9.9,11.8,8.45,8.95,8.95,49299,79819644706.75,1621750,754260,2026-08-21
NIFTY,2026-09-01,24950.0,CE,9.0,9.0,6.9,7.45,7.45,20468,33203872195.0,265395,-219375,2026-08-21
NIFTY,2026-09-01,25650.0,CE,1.85,2.3,1.0,1.5,1.5,858,1430589059.25,29900,13390,2026-08-21
NIFTY,2026-09-01,26550.0,CE,0.9,1.25,0.9,1.0,0.17,33,56952057.5,1105,0,2026-08-21
NIFTY,2026-09-08,22650.0,CE,0.0,0.0,0.0,2118.35,1677.59,0,0.0,0,0,2026-08-21
NIFTY,2026-09-08,23700.0,CE,670.0,670.0,653.0,664.35,664.35,15,23754789.5,1560,455,2026-08-21
NIFTY,2026-09-08,24400.0,CE,175.75,175.75,151.2,161.8,161.8,2077,3316114571.25,175955,11700,2026-08-21
NIFTY,2026-09-08,24650.0,CE,127.75,127.75,72.65,73.6,73.6,110,176779226.0,5915,5850,2026-08-21
NIFTY,2026-09-08,25700.0,CE,4.4,5.75,3.2,4.05,4.05,196,327470747.5,10140,2925,2026-08-21
NIFTY,2026-09-15,22550.0,CE,0.0,0.0,0.0,2074.25,1809.83,0,0.0,0,0,2026-08-21
NIFTY,2026-09-15,22700.0,CE,0.0,0.0,0.0,1933.1,1667.14,0,0.0,0,0,2026-08-21
NIFTY,2026-09-15,22900.0,CE,0.0,0.0,0.0,1748.55,1480.85,0,0.0,0,0,2026-08-21
NIFTY,2026-09-15,23700.0,CE,0.0,0.0,0.0,1074.8,812.76,0,0.0,0,0,2026-08-21
NIFTY,2026-09-15,24300.0,CE,290.0,290.0,250.0,264.85,264.85,550,878223047.0,30485,9750,2026-08-21
NIFTY,2026-09-15,25200.0,CE,0.0,0.0,0.0,268.55,126.76,0,0.0,0,0,2026-08-21
NIFTY,2026-09-22,22800.0,CE,0.0,0.0,0.0,1547.15,1624.43,0,0.0,0,0,2026-08-21
NIFTY,2026-09-22,23700.0,CE,0.0,0.0,0.0,836.2,883.93,0,0.0,0,0,2026-08-21
NIFTY,2026-09-22,24450.0,CE,0.0,0.0,0.0,418.15,439.49,0,0.0,0,0,2026-08-21
NIFTY,2026-09-22,25050.0,CE,0.0,0.0,0.0,209.5,216.6,0,0.0,0,0,2026-08-21
NIFTY,2026-09-22,25200.0,CE,108.0,108.0,64.6,64.6,64.6,2,3287219.0,130,130,2026-08-21
NIFTY,2026-09-22,25350.0,CE,0.0,0.0,0.0,141.55,144.4,0,0.0,0,0,2026-08-21
NIFTY,2026-09-22,25400.0,CE,0.0,0.0,0.0,132.15,134.47,0,0.0,0,0,2026-08-21
NIFTY,2026-09-29,21700.0,CE,0.0,0.0,0.0,2520.0,2708.84,0,0.0,65,0,2026-08-21
NIFTY,2026-09-29,22750.0,CE,0.0,0.0,0.0,1386.55,1714.01,0,0.0,260,0,2026-08-21
NIFTY,2026-09-29,23750.0,CE,758.4,762.0,741.35,746.85,746.85,35,55735199.0,1755,-130,2026-08-21
NIFTY,2026-09-29,24150.0,CE,462.8,462.85,435.25,452.15,452.15,148,236625008.75,21905,1430,2026-08-21
NIFTY,2026-09-29,24500.0,CE,260.1,265.1,237.4,250.05,250.05,30630,49274326699.0,3863535,128505,2026-08-21
NIFTY,2026-09-29,25800.0,CE,12.7,12.7,10.75,12.45,12.45,4393,7370361511.5,383500,17095,2026-08-21
NIFTY,2026-10-27,23100.0,CE,0.0,0.0,0.0,1547.05,1603.22,0,0.0,0,0,2026-08-21
NIFTY,2026-10-27,23350.0,CE,1240.0,1240.0,1240.0,1240.0,1411.79,1,1598350.0,65,65,2026-08-21
NIFTY,2026-10-27,23400.0,CE,0.0,0.0,0.0,1589.0,1375.8,0,0.0,65,0,2026-08-21
NIFTY,2026-10-27,23700.0,CE,948.65,960.4,940.85,960.4,1163.87,9,14417705.25,1560,-130,2026-08-21
NIFTY,2026-10-27,24800.0,CE,283.0,284.6,264.8,277.45,277.45,329,536236652.25,63700,6565,2026-08-21
NIFTY,2026-10-27,24950.0,CE,216.75,217.1,211.8,217.1,217.1,15,24535634.5,8450,520,2026-08-21
NIFTY,2026-10-27,25000.0,CE,212.15,212.5,191.6,201.75,201.75,6398,10479931702.5,850265,183365,2026-08-21
NIFTY,2026-10-27,25400.0,CE,103.0,103.0,94.1,100.3,100.3,1118,1852918600.0,202930,18265,2026-08-21
NIFTY,2026-10-27,26050.0,CE,0.0,0.0,0.0,247.25,192.0,0,0.0,0,0,2026-08-21
NIFTY,2026-10-27,26850.0,CE,0.0,0.0,0.0,126.7,83.84,0,0.0,0,0,2026-08-21
NIFTY,2026-10-27,27000.0,CE,8.1,8.6,7.1,7.9,7.9,1291,2266350476.0,184340,21580,2026-08-21
NIFTY,2026-10-27,27100.0,CE,0.0,0.0,0.0,101.3,63.25,0,0.0,0,0,2026-08-21
NIFTY,2026-12-29,28000.0,CE,29.4,31.85,27.0,28.35,28.35,5893,10736448108.75,1638930,4680,2026-08-21
NIFTY,2027-06-29,28500.0,CE,0.0,0.0,0.0,1711.9,552.53,0,0.0,0,0,2026-08-21
NIFTY,2027-12-28,25000.0,CE,2241.45,2282.5,2202.5,2258.25,2258.25,37,65552948.5,38490,390,2026-08-21
NIFTY,2027-12-28,26000.0,CE,1656.05,1675.0,1656.05,1663.25,1663.25,23,41367303.25,70175,195,2026-08-21
NIFTY,2027-12-28,30000.0,CE,364.4,364.4,342.0,354.15,354.15,93,183482601.25,122655,1950,2026-08-21
NIFTY,2027-12-28,31500.0,CE,0.0,0.0,0.0,210.0,493.76,0,0.0,1950,0,2026-08-21
NIFTY,2028-06-27,16500.0,CE,0.0,0.0,0.0,11752.8,9650.51,0,0.0,0,0,2026-08-21
NIFTY,2029-06-26,19500.0,CE,0.0,0.0,0.0,10206.95,8238.78,0,0.0,0,0,2026-08-21
NIFTY,2029-12-24,19500.0,CE,0.0,0.0,0.0,10678.8,8768.24,0,0.0,0,0,2026-08-21
NIFTY,2030-06-25,25500.0,CE,0.0,0.0,0.0,7070.45,5546.0,0,0.0,0,0,2026-08-21
NIFTY,2030-12-31,24000.0,CE,0.0,0.0,0.0,8563.3,6965.75,0,0.0,0,0,2026-08-21
NIFTY,2031-06-24,16500.0,CE,0.0,0.0,0.0,11849.25,12290.34,0,0.0,0,0,2026-08-21
NIFTY,2026-08-25,21600.0,PE,0.75,0.85,0.45,0.6,0.6,6247,8771031386.0,211120,6695,2026-08-21
NIFTY,2026-08-25,21700.0,PE,0.8,0.9,0.5,0.65,0.65,6600,9309595724.0,249340,-27950,2026-08-21
NIFTY,2026-08-25,21750.0,PE,0.9,0.9,0.6,0.65,0.65,1222,1727661133.25,58045,650,2026-08-21
NIFTY,2026-08-25,21900.0,PE,0.8,1.0,0.6,0.75,0.75,9067,12907329834.75,252590,-6955,2026-08-21
NIFTY,2026-08-25,22900.0,PE,1.5,2.0,1.35,1.6,1.6,94329,140418794951.5,1952730,47840,2026-08-21
NIFTY,2026-08-25,23700.0,PE,3.65,4.3,2.75,3.5,3.5,535325,824796899303.0,6952725,258765,2026-08-21
NIFTY,2026-08-25,23850.0,PE,8.0,8.0,4.2,5.2,5.2,418382,648755505853.0,3163745,-618410,2026-08-21
NIFTY,2026-08-25,21600.0,CE,0.0,0.0,0.0,2713.65,2666.36,0,0.0,0,0,2026-08-21
NIFTY,2026-08-25,24700.0,PE,394.9,447.1,379.9,415.9,415.9,10551,17223249566.25,768170,-97695,2026-08-21
NIFTY,2026-08-25,24800.0,PE,486.65,546.0,478.3,515.05,515.05,4285,7050101688.5,400335,-72670,2026-08-21
NIFTY,2026-08-25,24850.0,PE,541.15,581.8,538.1,565.3,565.3,181,298981861.75,53105,4160,2026-08-21
NIFTY,2026-08-25,25450.0,PE,0.0,0.0,0.0,1170.0,1181.42,0,0.0,1040,0,2026-08-21
NIFTY,2026-08-25,25750.0,PE,0.0,0.0,0.0,1621.15,1480.9,0,0.0,260,0,2026-08-21
NIFTY,2026-08-25,25850.0,PE,0.0,0.0,0.0,1598.0,1580.82,0,0.0,845,0,2026-08-21
NIFTY,2026-08-25,26150.0,PE,0.0,0.0,0.0,2082.5,1880.61,0,0.0,0,0,2026-08-21
NIFTY,2026-08-25,26450.0,PE,0.0,0.0,0.0,2328.9,2180.41,0,0.0,0,0,2026-08-21
NIFTY,2026-08-25,26700.0,PE,0.0,0.0,0.0,2541.2,2430.24,0,0.0,0,0,2026-08-21
NIFTY,2026-08-25,26950.0,PE,0.0,0.0,0.0,2758.95,2680.08,0,0.0,0,0,2026-08-21
NIFTY,2026-08-25,27050.0,PE,0.0,0.0,0.0,2847.45,2780.01,0,0.0,0,0,2026-08-21
NIFTY,2026-09-01,22200.0,PE,2.8,3.6,2.8,3.1,3.1,7042,10163100990.25,277290,24115,2026-08-21
NIFTY,2026-09-01,22650.0,PE,3.7,4.35,3.35,3.75,3.75,164,241489556.75,14625,3575,2026-08-21
NIFTY,2026-09-01,23850.0,PE,27.6,33.6,24.35,25.65,25.65,14262,22134557994.25,309010,135785,2026-08-21
NIFTY,2026-09-01,24550.0,PE,298.95,324.35,280.05,293.3,293.3,699,1128964736.25,24505,10985,2026-08-21
NIFTY,2026-09-01,25450.0,PE,0.0,0.0,0.0,1130.0,1166.51,0,0.0,780,0,2026-08-21
NIFTY,2026-09-01,26350.0,PE,0.0,0.0,0.0,2035.25,2050.28,0,0.0,0,0,2026-08-21
NIFTY,2026-09-01,26750.0,PE,0.0,0.0,0.0,2407.3,2449.17,0,0.0,0,0,2026-08-21
NIFTY,2026-09-01,27050.0,PE,0.0,0.0,0.0,2693.45,2748.58,0,0.0,0,0,2026-08-21
NIFTY,2026-09-08,22850.0,PE,7.95,7.95,6.6,6.6,14.71,5,7428612.75,5590,195,2026-08-21
NIFTY,2026-09-08,23350.0,PE,14.15,14.95,11.95,12.85,12.85,243,369020174.25,35685,195,2026-08-21
NIFTY,2026-09-08,23400.0,PE,0.0,0.0,0.0,87.95,63.04,0,0.0,0,0,2026-08-21
NIFTY,2026-09-08,23800.0,PE,47.5,51.3,41.75,42.8,42.8,3591,5565761617.0,189085,46930,2026-08-21
NIFTY,2026-09-08,24750.0,PE,0.0,0.0,0.0,605.45,605.38,0,0.0,2145,0,2026-08-21
NIFTY,2026-09-08,24900.0,PE,0.0,0.0,0.0,745.35,713.89,0,0.0,1950,0,2026-08-21
NIFTY,2026-09-08,25400.0,PE,0.0,0.0,0.0,896.85,1123.29,0,0.0,0,0,2026-08-21
NIFTY,2026-09-15,22650.0,PE,0.0,0.0,0.0,26.95,18.49,0,0.0,0,0,2026-08-21
NIFTY,2026-09-15,23750.0,PE,0.0,0.0,0.0,177.95,176.25,0,0.0,0,0,2026-08-21
NIFTY,2026-09-15,24650.0,PE,0.0,0.0,0.0,353.15,580.2,0,0.0,130,0,2026-08-21
NIFTY,2026-09-15,24850.0,PE,0.0,0.0,0.0,629.7,710.69,0,0.0,0,0,2026-08-21
NIFTY,2026-09-15,25250.0,PE,0.0,0.0,0.0,885.25,1010.09,0,0.0,0,0,2026-08-21
NIFTY,2026-09-15,25400.0,PE,0.0,0.0,0.0,992.45,1133.42,0,0.0,0,0,2026-08-21
NIFTY,2026-09-15,25550.0,PE,0.0,0.0,0.0,1105.5,1261.69,0,0.0,0,0,2026-08-21
NIFTY,2026-09-22,22900.0,PE,0.0,0.0,0.0,72.2,51.28,0,0.0,0,0,2026-08-21
NIFTY,2026-09-22,23150.0,PE,0.0,0.0,0.0,109.9,81.59,0,0.0,0,0,2026-08-21
NIFTY,2026-09-22,23250.0,PE,62.1,62.1,28.45,28.45,97.09,4,6055166.0,65,65,2026-08-21
NIFTY,2026-09-22,24700.0,PE,0.0,0.0,0.0,720.6,639.63,0,0.0,0,0,2026-08-21
NIFTY,2026-09-22,24750.0,PE,0.0,0.0,0.0,752.65,670.45,0,0.0,0,0,2026-08-21
NIFTY,2026-09-22,24900.0,PE,0.0,0.0,0.0,853.1,767.57,0,0.0,0,0,2026-08-21
NIFTY,2026-09-22,25800.0,PE,0.0,0.0,0.0,1569.65,1473.79,0,0.0,0,0,2026-08-21
NIFTY,2026-09-29,16500.0,PE,0.8,1.05,0.55,1.05,0.0,85,91167014.25,134225,130,2026-08-21
NIFTY,2026-09-29,21650.0,PE,9.35,9.95,9.35,9.75,5.06,49,68985939.75,3510,325,2026-08-21
NIFTY,2026-09-29,22050.0,PE,13.5,13.5,12.55,12.75,12.75,31,44456701.25,4615,1105,2026-08-21
NIFTY,2026-09-29,22100.0,PE,13.7,13.7,12.5,13.0,13.0,195,280284325.75,61035,5135,2026-08-21
NIFTY,2026-09-29,22350.0,PE,15.5,15.8,14.85,15.05,15.05,58,84318032.5,12155,1170,2026-08-21
NIFTY,2026-09-29,22750.0,PE,24.0,24.0,21.8,22.1,22.1,134,198351669.75,23855,2860,2026-08-21
NIFTY,2026-09-29,23200.0,PE,40.6,44.5,39.4,40.3,40.3,4507,6808570106.0,572130,16120,2026-08-21
NIFTY,2026-09-29,23450.0,PE,60.6,66.55,59.1,60.05,60.05,214,327039667.5,38935,1170,2026-08-21
NIFTY,2026-09-29,24050.0,PE,169.4,182.0,159.95,168.2,168.2,310,488013552.0,33995,1950,2026-08-21
NIFTY,2026-09-29,24150.0,PE,192.15,212.6,190.9,198.35,198.35,354,560287503.75,35100,-1235,2026-08-21
NIFTY,2026-09-29,24900.0,PE,585.0,612.35,582.45,591.75,591.75,408,676106749.5,75075,16250,2026-08-21
NIFTY,2026-09-29,25250.0,PE,0.0,0.0,0.0,1010.0,1035.1,0,0.0,390,0,2026-08-21
NIFTY,2026-09-29,25900.0,PE,1479.9,1509.95,1478.35,1478.35,1559.03,22,39155109.5,2535,1365,2026-08-21
NIFTY,2026-09-29,26450.0,PE,0.0,0.0,0.0,2346.8,2053.84,0,0.0,0,0,2026-08-21
NIFTY,2026-10-27,22600.0,PE,39.55,40.75,37.25,37.25,95.28,64,94177248.75,11635,390,2026-08-21
NIFTY,2026-10-27,22750.0,PE,0.0,0.0,0.0,228.35,115.48,0,0.0,0,0,2026-08-21
NIFTY,2026-10-27,23000.0,PE,61.05,65.45,56.8,58.35,58.35,5744,8609510611.0,836875,39000,2026-08-21
NIFTY,2026-10-27,24600.0,PE,452.0,456.3,435.05,441.95,441.95,231,376063392.25,56290,12155,2026-08-21
NIFTY,2026-10-27,24900.0,PE,596.7,615.75,591.65,602.35,602.35,292,484046494.75,59345,16380,2026-08-21
NIFTY,2026-10-27,25100.0,PE,733.45,758.4,729.45,733.0,992.91,18,30233414.25,4680,520,2026-08-21
NIFTY,2026-10-27,25150.0,PE,779.15,779.15,779.15,779.15,1024.73,1,1685394.75,390,65,2026-08-21
NIFTY,2026-10-27,25400.0,PE,0.0,0.0,0.0,1100.0,1191.46,0,0.0,910,0,2026-08-21
NIFTY,2026-10-27,25500.0,PE,1038.55,1069.65,1031.35,1039.8,1039.8,331,571082772.0,170495,8060,2026-08-21
