SYMBOL,EXPIRY_DT,STRIKE_PR,OPTION_TYP,OPEN,HIGH,LOW,CLOSE,SETTLE_PR,CONTRACTS,VAL_INLAKH,OPEN_INT,CHG_IN_OI,TIMESTAMP
NIFTY,2026-10-27,22050.0,CE,0.0,0.0,0.0,2377.1,1673.75,0,0.0,0,0,2026-09-10
NIFTY,2026-10-13,24950.0,CE,0.0,0.0,0.0,102.7,71.77,0,0.0,0,0,2026-09-10
NIFTY,2026-10-13,24700.0,CE,0.0,0.0,0.0,148.1,107.27,0,0.0,0,0,2026-09-10
NIFTY,2026-10-13,23950.0,CE,0.0,0.0,0.0,381.6,303.36,0,0.0,0,0,2026-09-10
NIFTY,2026-10-13,23900.0,CE,0.0,0.0,0.0,403.35,322.38,0,0.0,0,0,2026-09-10
NIFTY,2026-10-13,23700.0,CE,217.05,225.0,217.05,218.35,218.35,14,21765620.5,975,780,2026-09-10
NIFTY,2026-10-13,23400.0,CE,369.45,372.65,369.45,372.65,559.91,2,3090236.5,65,65,2026-09-10
NIFTY,2026-10-13,23000.0,CE,0.0,0.0,0.0,937.9,812.09,0,0.0,0,0,2026-09-10
NIFTY,2026-10-13,22950.0,CE,0.0,0.0,0.0,974.15,847.3,0,0.0,0,0,2026-09-10
NIFTY,2026-10-13,22700.0,CE,0.0,0.0,0.0,1169.65,1034.65,0,0.0,0,0,2026-09-10
NIFTY,2026-10-13,22650.0,CE,0.0,0.0,0.0,1210.6,1074.15,0,0.0,0,0,2026-09-10
NIFTY,2026-10-13,22250.0,CE,0.0,0.0,0.0,1556.55,1411.12,0,0.0,0,0,2026-09-10
NIFTY,2026-10-06,25400.0,CE,7.5,9.0,7.5,8.3,8.3,53,87530855.75,3055,195,2026-09-10
NIFTY,2026-10-06,23900.0,CE,130.9,134.05,105.4,112.15,112.15,840,1311689177.5,36400,7020,2026-09-10
NIFTY,2026-10-06,23300.0,CE,0.0,0.0,0.0,1042.85,547.84,0,0.0,0,0,2026-09-10
NIFTY,2026-10-06,22650.0,CE,0.0,0.0,0.0,1586.8,1012.64,0,0.0,0,0,2026-09-10
NIFTY,2026-10-06,22250.0,CE,0.0,0.0,0.0,1956.3,1358.78,0,0.0,0,0,2026-09-10
NIFTY,2026-09-29,27050.0,CE,0.0,0.0,0.0,1.85,0.01,0,0.0,4160,0,2026-09-10
NIFTY,2026-09-29,26150.0,CE,0.0,0.0,0.0,4.0,0.51,0,0.0,7930,0,2026-09-10
NIFTY,2026-09-29,25100.0,CE,7.5,7.5,6.65,7.1,7.1,3147,5135799259.5,387595,-35165,2026-09-10
NIFTY,2026-09-29,23800.0,CE,132.05,132.05,92.65,97.8,97.8,45244,70312673255.5,2940925,352820,2026-09-10
NIFTY,2026-09-29,23550.0,CE,235.0,241.9,184.9,193.6,193.6,9024,13937797477.5,200720,106210,2026-09-10
NIFTY,2026-09-29,23250.0,CE,420.0,428.4,357.65,374.1,374.1,238,365750654.75,12220,4680,2026-09-10
NIFTY,2026-09-29,22400.0,CE,1131.0,1131.0,1131.0,1131.0,1177.88,1,1529515.0,195,0,2026-09-10
NIFTY,2026-09-29,22250.0,CE,1257.3,1257.3,1257.3,1257.3,1316.38,3,4583923.5,390,195,2026-09-10
NIFTY,2026-09-29,22150.0,CE,0.0,0.0,0.0,1650.0,1410.64,0,0.0,65,0,2026-09-10
NIFTY,2026-09-22,25950.0,CE,1.4,1.75,1.3,1.35,1.35,73,123139971.5,2145,1820,2026-09-10
NIFTY,2026-09-22,25850.0,CE,2.0,2.0,1.5,1.5,0.1,8,13442975.0,975,0,2026-09-10
NIFTY,2026-09-22,25450.0,CE,2.0,2.5,2.0,2.15,2.15,49,81065530.0,5135,0,2026-09-10
NIFTY,2026-09-22,24900.0,CE,4.85,6.8,2.85,3.6,3.6,11877,19225916742.5,331500,202800,2026-09-10
NIFTY,2026-09-22,23950.0,CE,41.9,46.15,26.3,28.9,28.9,13422,20924358253.5,278915,33995,2026-09-10
NIFTY,2026-09-22,23750.0,CE,82.55,97.35,59.35,64.85,64.85,13183,20415090839.0,309985,72150,2026-09-10
NIFTY,2026-09-22,23150.0,CE,430.25,454.55,373.7,395.75,395.75,631,966175973.75,20800,12090,2026-09-10
NIFTY,2026-09-22,23100.0,CE,492.25,497.55,409.45,423.95,423.95,615,942023156.75,38285,13845,2026-09-10
NIFTY,2026-09-22,23000.0,CE,540.0,575.05,491.6,511.15,511.15,841,1286722180.25,44590,12415,2026-09-10
NIFTY,2026-09-22,22850.0,CE,0.0,0.0,0.0,1503.15,726.8,0,0.0,0,0,2026-09-10
NIFTY,2026-09-22,22650.0,CE,0.0,0.0,0.0,1681.55,900.94,0,0.0,0,0,2026-09-10
NIFTY,2026-09-22,22500.0,CE,1038.95,1042.8,961.0,961.0,961.0,79,120710479.5,2340,390,2026-09-10
NIFTY,2026-09-22,22450.0,CE,0.0,0.0,0.0,1865.4,1085.64,0,0.0,0,0,2026-09-10
NIFTY,2026-09-22,22000.0,CE,1500.0,1500.0,1450.0,1450.0,1450.0,25,38136302.75,1495,1495,2026-09-10
NIFTY,2026-09-22,21800.0,CE,0.0,0.0,0.0,2487.95,1720.4,0,0.0,0,0,2026-09-10
NIFTY,2026-09-15,26150.0,CE,0.9,0.9,0.45,0.5,0.5,4765,8099495699.75,125060,1950,2026-09-10
NIFTY,2026-09-15,24350.0,CE,4.3,4.3,2.15,2.75,2.75,488509,773281380410.5,3286465,-96720,2026-09-10
NIFTY,2026-09-15,24000.0,CE,7.1,10.35,5.15,6.0,6.0,896853,1399483826146.25,13938795,2172690,2026-09-10
NIFTY,2026-09-29,22100.0,PE,16.1,16.75,14.15,15.35,15.35,3018,4338397765.0,125450,3900,2026-09-10
NIFTY,2026-09-29,22350.0,PE,20.2,22.95,18.55,20.65,20.65,573,833202574.75,25610,-3965,2026-09-10
NIFTY,2026-09-29,22750.0,PE,41.85,47.55,38.0,43.8,43.8,1198,1774967473.5,122460,19695,2026-09-10
NIFTY,2026-09-29,23200.0,PE,120.0,131.0,100.9,120.45,120.45,17105,25922014664.0,1308125,-17680,2026-09-10
NIFTY,2026-09-29,23450.0,PE,204.2,222.7,176.75,207.2,207.2,11586,17808483407.0,250900,91650,2026-09-10
NIFTY,2026-09-29,24050.0,PE,559.0,632.2,546.85,602.65,602.65,217,347575416.5,104910,-8060,2026-09-10
NIFTY,2026-09-29,24150.0,PE,660.7,709.75,631.6,699.15,699.15,159,256466700.75,164385,-2990,2026-09-10
NIFTY,2026-09-29,24900.0,PE,1371.65,1430.0,1340.0,1404.65,1404.65,15,25632665.5,76960,-780,2026-09-10
NIFTY,2026-09-29,25250.0,PE,0.0,0.0,0.0,1261.0,1705.0,0,0.0,1950,0,2026-09-10
NIFTY,2026-09-29,25900.0,PE,0.0,0.0,0.0,1571.4,2344.95,0,0.0,4940,0,2026-09-10
NIFTY,2026-09-29,26450.0,PE,0.0,0.0,0.0,2346.8,2892.22,0,0.0,0,0,2026-09-10
NIFTY,2026-10-06,22300.0,PE,0.0,0.0,0.0,24.55,43.48,0,0.0,0,0,2026-09-10
NIFTY,2026-10-06,23300.0,PE,175.0,183.95,151.2,172.7,172.7,186,283701609.75,16250,585,2026-09-10
NIFTY,2026-10-06,25350.0,PE,0.0,0.0,0.0,1263.25,1785.76,0,0.0,0,0,2026-09-10
NIFTY,2026-10-13,22050.0,PE,0.0,0.0,0.0,31.55,37.39,0,0.0,0,0,2026-09-10
NIFTY,2026-10-13,22950.0,PE,0.0,0.0,0.0,161.3,188.53,0,0.0,0,0,2026-09-10
NIFTY,2026-10-13,23800.0,PE,445.0,445.0,435.0,440.0,440.0,2,3151200.0,130,130,2026-09-10
NIFTY,2026-10-13,23850.0,PE,0.0,0.0,0.0,508.05,578.34,0,0.0,0,0,2026-09-10
NIFTY,2026-10-13,23950.0,PE,0.0,0.0,0.0,563.2,638.89,0,0.0,0,0,2026-09-10
NIFTY,2026-10-13,24450.0,PE,0.0,0.0,0.0,886.75,988.57,0,0.0,0,0,2026-09-10
NIFTY,2026-10-13,24650.0,PE,0.0,0.0,0.0,1036.55,1147.39,0,0.0,0,0,2026-09-10
NIFTY,2026-10-27,23400.0,CE,510.7,518.05,454.0,465.7,465.7,1658,2574004995.25,52000,23465,2026-09-10
NIFTY,2026-10-27,23350.0,CE,518.6,526.0,500.0,504.15,504.15,13,20166526.25,520,455,2026-09-10
NIFTY,2026-10-27,23100.0,CE,715.2,715.2,672.0,672.0,672.0,21,32478777.5,1235,-195,2026-09-10
NIFTY,2026-10-27,22100.0,CE,0.0,0.0,0.0,2334.2,1629.95,0,0.0,0,0,2026-09-10
NIFTY,2026-10-13,25250.0,CE,0.0,0.0,0.0,64.0,42.68,0,0.0,0,0,2026-09-10
NIFTY,2026-10-13,24200.0,CE,0.0,0.0,0.0,285.15,220.28,0,0.0,0,0,2026-09-10
NIFTY,2026-10-13,23550.0,CE,333.5,333.5,286.65,295.15,295.15,5,7755169.5,390,130,2026-09-10
NIFTY,2026-10-13,23250.0,CE,0.0,0.0,0.0,762.3,648.15,0,0.0,0,0,2026-09-10
NIFTY,2026-10-13,22000.0,CE,0.0,0.0,0.0,1785.9,1636.93,0,0.0,0,0,2026-09-10
NIFTY,2026-10-06,23700.0,CE,213.35,213.35,170.15,174.35,174.35,668,1037270841.75,31265,4615,2026-09-10
NIFTY,2026-10-13,25250.0,PE,0.0,0.0,0.0,1538.35,1670.79,0,0.0,0,0,2026-09-10
NIFTY,2026-10-27,22150.0,PE,0.0,0.0,0.0,123.6,78.93,0,0.0,0,0,2026-09-10
NIFTY,2026-10-27,22600.0,PE,82.95,92.35,75.85,85.25,85.25,2038,3005090517.0,123305,-8970,2026-09-10
NIFTY,2026-10-27,22750.0,PE,0.0,0.0,0.0,228.35,190.04,0,0.0,0,0,2026-09-10
NIFTY,2026-10-27,23000.0,PE,154.85,164.0,134.45,156.05,156.05,11776,17718603454.5,1980355,44200,2026-09-10
NIFTY,2026-10-27,24600.0,PE,989.05,1071.8,986.35,1062.1,1062.1,216,359692498.75,89635,130,2026-09-10
NIFTY,2026-10-27,24900.0,PE,0.0,0.0,0.0,1210.0,1361.8,0,0.0,78195,0,2026-09-10
NIFTY,2026-10-27,25100.0,PE,0.0,0.0,0.0,1418.85,1527.97,0,0.0,5460,0,2026-09-10
NIFTY,2026-10-27,25150.0,PE,0.0,0.0,0.0,974.25,1570.53,0,0.0,260,0,2026-09-10
NIFTY,2026-10-27,25400.0,PE,0.0,0.0,0.0,996.5,1788.75,0,0.0,780,0,2026-09-10
NIFTY,2026-10-06,23450.0,CE,338.0,347.25,292.1,303.8,303.8,368,568642646.0,7020,5850,2026-09-10
NIFTY,2026-10-06,23000.0,CE,626.0,648.9,597.1,607.7,607.7,54,82895120.75,1300,1300,2026-09-10
NIFTY,2026-10-06,22950.0,CE,0.0,0.0,0.0,1324.95,780.22,0,0.0,0,0,2026-09-10
NIFTY,2026-10-06,21900.0,CE,0.0,0.0,0.0,2291.95,1684.77,0,0.0,0,0,2026-09-10
NIFTY,2026-09-29,25800.0,CE,4.85,4.9,4.0,4.35,4.35,3743,6278098203.0,327275,-1885,2026-09-10
NIFTY,2026-09-29,24500.0,CE,19.95,20.05,14.9,15.55,15.55,47436,75593171299.75,6073600,-75920,2026-09-10
NIFTY,2026-09-29,24150.0,CE,45.0,50.0,33.25,34.75,34.75,5138,8078445128.0,264225,3380,2026-09-10
NIFTY,2026-10-27,25500.0,PE,1830.0,1916.7,1819.0,1874.4,1874.4,176,313010080.5,303420,5655,2026-09-10
NIFTY,2026-10-27,26950.0,PE,0.0,0.0,0.0,2675.85,3259.13,0,0.0,0,0,2026-09-10
NIFTY,2026-11-23,21800.0,PE,0.0,0.0,0.0,48.45,88.24,0,0.0,0,0,2026-09-10
NIFTY,2026-11-23,22400.0,PE,0.0,0.0,0.0,102.45,184.96,0,0.0,0,0,2026-09-10
NIFTY,2026-11-23,22650.0,PE,0.0,0.0,0.0,135.8,243.93,0,0.0,0,0,2026-09-10
NIFTY,2026-11-23,23550.0,PE,364.3,399.65,364.3,395.5,560.2,22,34211102.25,2470,650,2026-09-10
NIFTY,2026-11-23,24050.0,PE,0.0,0.0,0.0,530.0,816.08,0,0.0,1625,0,2026-09-10
NIFTY,2026-11-23,24450.0,PE,859.65,878.7,859.65,878.7,1061.21,2,3291492.75,1560,0,2026-09-10
NIFTY,2026-11-23,24650.0,PE,0.0,0.0,0.0,756.75,1196.31,0,0.0,0,0,2026-09-10
NIFTY,2026-12-29,15000.0,PE,10.0,10.25,9.6,9.65,9.65,77,75124078.25,119390,1170,2026-09-10
NIFTY,2026-12-29,16000.0,PE,11.0,12.35,11.0,12.2,12.2,41,42671973.5,118750,-455,2026-09-10
NIFTY,2026-12-29,24000.0,PE,619.95,655.25,598.35,638.35,638.35,7657,12255344227.75,2536990,-46605,2026-09-10
NIFTY,2026-12-29,33000.0,PE,0.0,0.0,0.0,5263.45,8898.7,0,0.0,0,0,2026-09-10
NIFTY,2027-12-28,28500.0,PE,0.0,0.0,0.0,2979.7,3513.55,0,0.0,260,0,2026-09-10
NIFTY,2026-09-29,23750.0,CE,134.95,148.95,107.3,111.6,111.6,7732,11999947521.25,297375,3900,2026-09-10
NIFTY,2026-09-29,22750.0,CE,0.0,0.0,0.0,885.6,873.62,0,0.0,195,0,2026-09-10
NIFTY,2026-09-29,21700.0,CE,1820.0,1820.0,1820.0,1820.0,1820.0,1,1528800.0,0,-65,2026-09-10
NIFTY,2026-09-22,25400.0,CE,2.5,2.6,1.7,1.95,1.95,2769,4572015600.75,80665,58370,2026-09-10
NIFTY,2026-09-22,25350.0,CE,2.95,2.95,1.8,2.05,2.05,383,631146187.75,13845,3510,2026-09-10
NIFTY,2026-09-22,25200.0,CE,3.1,3.4,1.9,2.4,2.4,7691,12599197117.0,288535,85800,2026-09-10
NIFTY,2026-09-22,25050.0,CE,3.1,4.4,2.2,2.7,2.7,397,646495226.0,10660,6565,2026-09-10
NIFTY,2026-09-22,24450.0,CE,8.3,8.3,5.95,6.75,6.75,4288,6816708015.0,124540,41210,2026-09-10
NIFTY,2026-09-22,23700.0,CE,103.4,115.75,71.95,78.0,78.0,48231,74585427296.25,1006200,481585,2026-09-10
NIFTY,2026-09-22,22800.0,CE,740.95,756.85,671.0,678.55,678.55,25,38210890.25,845,585,2026-09-10
NIFTY,2026-09-15,25200.0,CE,0.95,1.15,0.55,0.7,0.7,105019,172026660221.0,3939455,46345,2026-09-10
NIFTY,2026-09-15,24300.0,CE,4.5,4.5,2.25,2.85,2.85,616605,974053923752.0,5360810,1453205,2026-09-10
NIFTY,2026-09-15,23700.0,CE,40.0,49.7,21.0,24.35,24.35,1326278,2045834732363.5,9134060,-1385930,2026-09-10
NIFTY,2026-09-15,22900.0,CE,608.9,622.35,525.0,552.5,552.5,521,795348466.25,38350,10530,2026-09-10
NIFTY,2026-09-15,22700.0,CE,805.05,825.2,728.0,741.15,741.15,125,190800187.5,22815,975,2026-09-10
NIFTY,2026-09-15,22550.0,CE,0.0,0.0,0.0,2074.25,947.87,0,0.0,0,0,2026-09-10
NIFTY,2027-12-28,31500.0,PE,0.0,0.0,0.0,3240.0,5820.59,0,0.0,0,0,2026-09-10
NIFTY,2027-12-28,33000.0,PE,0.0,0.0,0.0,4155.55,7086.9,0,0.0,0,0,2026-09-10
NIFTY,2028-06-27,19500.0,PE,0.0,0.0,0.0,40.05,157.2,0,0.0,0,0,2026-09-10
NIFTY,2028-06-27,30000.0,PE,0.0,0.0,0.0,3779.25,4174.72,0,0.0,0,0,2026-09-10
NIFTY,2028-12-26,16500.0,PE,0.0,0.0,0.0,5.9,31.45,0,0.0,0,0,2026-09-10
NIFTY,2029-12-24,18000.0,PE,0.0,0.0,0.0,96.5,112.39,0,0.0,0,0,2026-09-10
NIFTY,2029-12-24,23000.0,PE,700.0,700.0,700.0,700.0,734.09,1,1540500.0,1625,0,2026-09-10
NIFTY,2029-12-24,26000.0,PE,0.0,0.0,0.0,1400.0,1546.38,0,0.0,4055,0,2026-09-10
NIFTY,2030-06-25,24000.0,PE,0.0,0.0,0.0,698.15,922.76,0,0.0,0,0,2026-09-10
NIFTY,2030-12-31,25500.0,PE,0.0,0.0,0.0,538.25,1230.67,0,0.0,0,0,2026-09-10
NIFTY,2031-06-24,31500.0,PE,0.0,0.0,0.0,3185.85,3125.26,0,0.0,0,0,2026-09-10
NIFTY,2026-09-15,25400.0,PE,0.0,0.0,0.0,1835.0,1901.92,0,0.0,1625,0,2026-09-10
NIFTY,2026-09-15,25250.0,PE,0.0,0.0,0.0,1685.0,1752.05,0,0.0,520,0,2026-09-10
NIFTY,2026-09-15,24850.0,PE,0.0,0.0,0.0,629.7,1352.53,0,0.0,0,0,2026-09-10
NIFTY,2026-09-15,24650.0,PE,1166.7,1200.0,1162.7,1190.85,1190.85,6,10074616.5,12480,-260,2026-09-10
NIFTY,2026-09-15,23750.0,PE,320.1,350.0,259.55,325.3,325.3,39855,62295627696.25,918515,-130000,2026-09-10
NIFTY,2026-09-15,22650.0,PE,5.9,5.9,3.1,3.8,3.8,141595,208503698435.5,642395,-140400,2026-09-10
NIFTY,2026-10-13,22400.0,CE,0.0,0.0,0.0,1423.35,1280.76,0,0.0,0,0,2026-09-10
NIFTY,2026-09-15,21950.0,CE,0.0,0.0,0.0,2654.25,1545.34,0,0.0,0,0,2026-09-10
NIFTY,2026-09-15,22400.0,CE,1070.0,1070.0,1020.0,1020.0,1020.0,8,12185439.5,520,455,2026-09-10
NIFTY,2026-09-15,22750.0,CE,718.45,750.25,678.6,678.6,753.27,43,65604828.25,1300,1235,2026-09-10
NIFTY,2026-09-15,22850.0,CE,645.55,663.45,579.9,610.4,610.4,25,38131372.5,1300,1300,2026-09-10
NIFTY,2026-09-15,23300.0,CE,260.65,265.9,176.3,191.9,191.9,338599,517658768727.75,929825,361595,2026-09-10
NIFTY,2026-09-15,23400.0,CE,179.0,192.0,113.4,125.85,125.85,1994149,3052567762169.25,5703360,3876405,2026-09-10
NIFTY,2026-10-27,22500.0,PE,70.45,79.35,64.85,74.4,74.4,12177,17865228507.75,1473160,158730,2026-09-10
NIFTY,2026-10-27,26200.0,PE,0.0,0.0,0.0,2040.5,2530.9,0,0.0,0,0,2026-09-10
NIFTY,2026-10-27,26350.0,PE,0.0,0.0,0.0,2163.0,2674.93,0,0.0,0,0,2026-09-10
NIFTY,2026-10-27,26700.0,PE,0.0,0.0,0.0,2458.1,3014.48,0,0.0,0,0,2026-09-10
NIFTY,2026-11-23,21700.0,PE,55.0,55.0,53.75,54.35,77.03,18,25452817.0,1170,1170,2026-09-10
NIFTY,2026-11-23,23600.0,PE,384.5,421.0,376.0,413.1,413.1,201,313562502.5,26715,1820,2026-09-10
NIFTY,2026-11-23,25000.0,PE,1319.05,1355.0,1275.0,1341.7,1341.7,218,372802842.75,87815,2405,2026-09-10
NIFTY,2026-11-23,25050.0,PE,0.0,0.0,0.0,1014.95,1489.43,0,0.0,0,0,2026-09-10
NIFTY,2026-11-23,25850.0,PE,0.0,0.0,0.0,1490.4,2148.84,0,0.0,0,0,2026-09-10
NIFTY,2026-11-23,25900.0,PE,0.0,0.0,0.0,1526.4,2192.64,0,0.0,0,0,2026-09-10
NIFTY,2026-12-29,19500.0,PE,29.0,31.85,27.15,30.65,30.65,76,96478752.5,163930,195,2026-09-10
NIFTY,2026-12-29,25000.0,PE,1239.85,1300.1,1212.75,1283.95,1283.95,3698,6310713269.25,2034145,-106265,2026-09-10
NIFTY,2026-12-29,28500.0,PE,0.0,0.0,0.0,3320.25,4502.76,0,0.0,130,0,2026-09-10
NIFTY,2027-03-30,25500.0,PE,1454.0,1512.3,1441.3,1492.25,1492.25,366,641672430.75,240760,3250,2026-09-10
NIFTY,2027-03-30,30000.0,PE,0.0,0.0,0.0,4575.0,5540.86,0,0.0,3120,0,2026-09-10
NIFTY,2027-03-30,31500.0,PE,0.0,0.0,0.0,7066.15,6958.86,0,0.0,0,0,2026-09-10
NIFTY,2027-06-29,24000.0,PE,711.0,724.45,682.0,715.4,715.4,234,375628685.25,13520,-6240,2026-09-10
NIFTY,2027-06-29,31500.0,PE,0.0,0.0,0.0,3604.7,6534.55,0,0.0,0,0,2026-09-10
NIFTY,2027-12-28,15000.0,PE,0.0,0.0,0.0,21.7,1.64,0,0.0,755,0,2026-09-10
NIFTY,2027-12-28,22000.0,PE,390.95,409.5,380.0,395.55,395.55,138,200916368.25,58995,4420,2026-09-10
NIFTY,2028-06-27,21000.0,PE,350.0,374.95,350.0,374.95,334.84,3,4166493.5,130,65,2026-09-10
NIFTY,2028-12-26,18000.0,PE,0.0,0.0,0.0,250.0,83.48,0,0.0,75,0,2026-09-10
NIFTY,2028-12-26,25000.0,PE,1070.0,1070.0,1070.0,1070.0,1359.73,3,5083650.0,11065,195,2026-09-10
NIFTY,2028-12-26,33000.0,PE,0.0,0.0,0.0,3315.4,5795.45,0,0.0,0,0,2026-09-10
NIFTY,2029-06-26,21000.0,PE,0.0,0.0,0.0,320.25,382.16,0,0.0,0,0,2026-09-10
NIFTY,2029-06-26,31500.0,PE,0.0,0.0,0.0,2443.35,4346.54,0,0.0,0,0,2026-09-10
NIFTY,2030-06-25,16500.0,PE,0.0,0.0,0.0,12.0,57.73,0,0.0,0,0,2026-09-10
NIFTY,2030-06-25,19500.0,PE,0.0,0.0,0.0,64.95,227.81,0,0.0,0,0,2026-09-10
NIFTY,2030-06-25,33000.0,PE,0.0,0.0,0.0,3143.9,4441.91,0,0.0,0,0,2026-09-10
NIFTY,2026-10-27,22100.0,PE,0.0,0.0,0.0,116.95,72.75,0,0.0,0,0,2026-09-10
NIFTY,2026-10-13,25150.0,PE,0.0,0.0,0.0,1450.15,1579.67,0,0.0,0,0,2026-09-10
NIFTY,2026-10-13,24500.0,PE,0.0,0.0,0.0,923.15,1027.38,0,0.0,0,0,2026-09-10
NIFTY,2026-10-13,24350.0,PE,0.0,0.0,0.0,816.0,913.71,0,0.0,0,0,2026-09-10
NIFTY,2026-10-13,24200.0,PE,0.0,0.0,0.0,715.4,804.38,0,0.0,0,0,2026-09-10
NIFTY,2026-10-13,24100.0,PE,0.0,0.0,0.0,652.1,735.84,0,0.0,0,0,2026-09-10
NIFTY,2027-03-30,16500.0,CE,0.0,0.0,0.0,6995.9,7543.37,0,0.0,0,0,2026-09-10
NIFTY,2026-12-29,20000.0,CE,3801.1,3824.05,3727.95,3748.1,3748.1,110,169911647.75,604330,3835,2026-09-10
NIFTY,2026-11-23,25700.0,CE,0.0,0.0,0.0,401.1,124.54,0,0.0,0,0,2026-09-10
NIFTY,2026-11-23,24200.0,CE,265.0,269.65,235.05,241.3,241.3,640,1017114055.75,46930,-260,2026-09-10
NIFTY,2026-11-23,23650.0,CE,523.45,523.5,472.5,486.0,486.0,85,133436358.25,1690,-910,2026-09-10
NIFTY,2026-11-23,23150.0,CE,0.0,0.0,0.0,1755.4,1019.97,0,0.0,0,0,2026-09-10
NIFTY,2026-11-23,22850.0,CE,0.0,0.0,0.0,1992.05,1217.28,0,0.0,0,0,2026-09-10
NIFTY,2026-11-23,21800.0,CE,0.0,0.0,0.0,2906.85,2044.02,0,0.0,0,0,2026-09-10
NIFTY,2026-10-27,26500.0,CE,6.9,8.35,6.65,7.3,7.3,1008,1736762417.0,283725,11505,2026-09-10
NIFTY,2026-10-27,25950.0,CE,11.35,11.7,10.5,10.6,10.6,84,141749318.75,2730,2730,2026-09-10
NIFTY,2026-10-27,25250.0,CE,0.0,0.0,0.0,447.85,89.56,0,0.0,0,0,2026-09-10
NIFTY,2026-10-27,24650.0,CE,68.6,68.6,53.3,53.85,53.85,223,358147929.75,29705,3575,2026-09-10
NIFTY,2026-10-27,23850.0,CE,272.8,272.8,233.2,238.2,238.2,914,1431944637.5,34905,-21450,2026-09-10
NIFTY,2026-10-27,23800.0,CE,275.0,309.0,251.0,257.8,257.8,4009,6272441175.0,560365,-1820,2026-09-10
NIFTY,2026-10-27,23750.0,CE,320.95,321.0,273.15,278.35,278.35,291,454791421.5,16575,1235,2026-09-10
NIFTY,2026-10-27,22500.0,CE,1204.6,1217.8,1134.0,1146.05,1146.05,498,766567652.5,69225,17030,2026-09-10
NIFTY,2026-10-13,25300.0,CE,0.0,0.0,0.0,58.9,38.99,0,0.0,0,0,2026-09-10
NIFTY,2026-10-13,25000.0,CE,0.0,0.0,0.0,95.15,66.01,0,0.0,0,0,2026-09-10
NIFTY,2026-10-13,23800.0,CE,215.2,215.2,177.8,181.95,181.95,149,232376781.0,7085,4875,2026-09-10
NIFTY,2026-10-06,25350.0,CE,0.0,0.0,0.0,7.9,18.62,0,0.0,1690,0,2026-09-10
NIFTY,2026-10-06,24000.0,CE,99.3,110.0,82.85,87.0,87.0,2658,4163112115.5,120120,19370,2026-09-10
NIFTY,2026-10-06,22550.0,CE,0.0,0.0,0.0,1677.3,1095.76,0,0.0,0,0,2026-09-10
NIFTY,2026-09-29,27150.0,CE,0.0,0.0,0.0,1.35,0.01,0,0.0,7735,0,2026-09-10
NIFTY,2026-09-29,26000.0,CE,4.0,4.1,3.3,3.55,3.55,14267,24114625817.75,3947375,57980,2026-09-10
NIFTY,2026-09-29,25850.0,CE,4.7,4.7,3.55,4.2,4.2,13,21846838.0,8385,260,2026-09-10
NIFTY,2026-09-29,25750.0,CE,4.5,4.6,4.3,4.55,4.55,94,157359917.0,6370,2665,2026-09-10
NIFTY,2026-09-29,25500.0,CE,6.0,6.0,5.1,5.4,5.4,16202,26860444328.25,3209700,-157430,2026-09-10
NIFTY,2026-09-29,24550.0,CE,17.0,17.85,13.35,13.95,13.95,7347,11731381636.0,221650,-176930,2026-09-10
NIFTY,2026-09-29,23350.0,CE,338.1,360.5,293.4,304.35,304.35,1377,2118781106.0,37050,21970,2026-09-10
NIFTY,2026-09-29,21650.0,CE,1850.0,1850.0,1850.0,1850.0,1850.0,2,3055000.0,65,0,2026-09-10
NIFTY,2026-09-29,16500.0,CE,0.0,0.0,0.0,10168.85,7027.8,0,0.0,0,0,2026-09-10
NIFTY,2026-09-22,26000.0,CE,1.4,1.45,1.1,1.15,1.15,22191,37504512425.25,867685,366925,2026-09-10
NIFTY,2026-09-22,24550.0,CE,6.2,7.25,4.95,5.75,5.75,3823,6102076626.75,160290,65650,2026-09-10
NIFTY,2026-09-22,23900.0,CE,50.4,57.5,32.2,35.2,35.2,37539,58417984014.0,1367925,195650,2026-09-10
NIFTY,2026-09-22,22400.0,CE,0.0,0.0,0.0,1912.1,1133.02,0,0.0,0,0,2026-09-10
NIFTY,2026-09-22,22250.0,CE,0.0,0.0,0.0,2053.65,1277.23,0,0.0,0,0,2026-09-10
NIFTY,2026-09-22,22100.0,CE,1441.05,1441.05,1414.5,1430.0,1423.72,3,4588060.75,65,0,2026-09-10
NIFTY,2026-09-15,25000.0,CE,1.25,1.55,0.8,1.0,1.0,457947,744199230953.75,8546980,-132340,2026-09-10
NIFTY,2026-09-15,23450.0,CE,143.95,159.5,88.15,99.65,99.65,2084487,3193891783108.0,5010590,2646020,2026-09-10
NIFTY,2026-09-15,22300.0,CE,1160.0,1175.0,1147.1,1147.1,1147.1,23,35085511.5,4875,-1105,2026-09-10
NIFTY,2026-09-15,21750.0,PE,2.25,2.3,0.8,0.95,0.95,22482,31785626570.75,464360,464360,2026-09-10
NIFTY,2026-09-15,22900.0,PE,11.15,11.8,6.65,7.85,7.85,380029,565878508451.75,3469440,1079130,2026-09-10
NIFTY,2026-09-15,23650.0,PE,202.45,262.75,183.65,239.75,239.75,174934,271390214826.25,802815,-102570,2026-09-10
NIFTY,2026-09-15,24350.0,PE,870.0,930.35,840.0,904.5,904.5,149,244393451.25,48165,-4615,2026-09-10
NIFTY,2026-09-15,24900.0,PE,1430.0,1451.4,1405.0,1449.1,1449.1,12,20534790.25,22750,-715,2026-09-10
NIFTY,2026-09-15,25100.0,PE,0.0,0.0,0.0,1530.0,1602.18,0,0.0,7605,0,2026-09-10
NIFTY,2026-09-15,25150.0,PE,0.0,0.0,0.0,1585.0,1652.14,0,0.0,325,0,2026-09-10
NIFTY,2026-09-22,21900.0,PE,6.55,6.65,5.0,5.65,5.65,8418,11986190102.25,235040,150085,2026-09-10
NIFTY,2026-09-22,23000.0,PE,51.0,52.7,38.15,45.75,45.75,47017,70427481956.0,1396785,191035,2026-09-10
NIFTY,2026-09-22,24800.0,PE,1285.0,1305.0,1285.0,1290.15,1283.91,7,11872474.25,455,325,2026-09-10
NIFTY,2026-09-22,24950.0,PE,0.0,0.0,0.0,887.95,1429.75,0,0.0,0,0,2026-09-10
NIFTY,2026-09-22,25050.0,PE,0.0,0.0,0.0,959.7,1527.87,0,0.0,0,0,2026-09-10
NIFTY,2026-09-22,25250.0,PE,0.0,0.0,0.0,1111.0,1725.47,0,0.0,0,0,2026-09-10
NIFTY,2026-09-22,25400.0,PE,0.0,0.0,0.0,1230.35,1874.41,0,0.0,0,0,2026-09-10
NIFTY,2026-09-22,25450.0,PE,0.0,0.0,0.0,1271.15,1924.15,0,0.0,0,0,2026-09-10
NIFTY,2026-09-22,25850.0,PE,0.0,0.0,0.0,1613.85,2322.8,0,0.0,0,0,2026-09-10
NIFTY,2026-09-22,26100.0,PE,0.0,0.0,0.0,1839.95,2572.25,0,0.0,0,0,2026-09-10
NIFTY,2026-09-29,21600.0,PE,10.5,10.7,9.2,9.85,9.85,6310,8863407358.0,478985,118105,2026-09-10
NIFTY,2026-09-29,21800.0,PE,12.35,12.7,11.0,11.9,11.9,3102,4397923598.25,330135,8385,2026-09-10
NIFTY,2026-09-29,22300.0,PE,20.5,22.65,17.75,19.5,19.5,9619,13954857913.75,280150,-4225,2026-09-10
NIFTY,2026-09-29,22850.0,PE,57.0,59.4,47.15,55.2,55.2,2905,4324679924.5,110045,30550,2026-09-10
NIFTY,2026-09-29,23250.0,PE,135.0,145.75,113.6,135.15,135.15,2992,4546692767.5,158665,15600,2026-09-10
NIFTY,2026-09-29,23350.0,PE,163.45,181.0,142.0,167.65,167.65,4095,6258160428.0,256165,18785,2026-09-10
NIFTY,2026-09-29,23900.0,PE,462.0,505.4,426.0,486.0,486.0,2251,3564612980.5,1065610,-38415,2026-09-10
NIFTY,2026-09-29,25000.0,PE,1512.9,1537.0,1437.45,1515.6,1515.6,1166,2006836474.5,2143655,-21310,2026-09-10
NIFTY,2026-09-29,25600.0,PE,1680.0,2140.0,1680.0,2137.15,2137.15,69,124323706.0,31655,-585,2026-09-10
NIFTY,2026-09-29,26750.0,PE,0.0,0.0,0.0,2201.15,3191.19,0,0.0,65,0,2026-09-10
NIFTY,2026-09-29,26850.0,PE,0.0,0.0,0.0,2691.9,3290.87,0,0.0,0,0,2026-09-10
NIFTY,2026-09-29,26900.0,PE,0.0,0.0,0.0,2776.0,3340.72,0,0.0,65,0,2026-09-10
NIFTY,2026-09-29,28500.0,PE,4970.0,4998.0,4919.2,4991.25,4991.25,51,110955542.75,430235,-1755,2026-09-10
NIFTY,2026-10-06,21950.0,PE,0.0,0.0,0.0,10.95,18.5,0,0.0,0,0,2026-09-10
NIFTY,2026-10-06,22150.0,PE,0.0,0.0,0.0,17.6,30.6,0,0.0,0,0,2026-09-10
NIFTY,2026-10-06,22250.0,PE,0.0,0.0,0.0,22.0,38.77,0,0.0,0,0,2026-09-10
NIFTY,2026-10-06,23600.0,PE,286.8,315.85,263.45,303.3,303.3,176,273341055.0,10985,-3445,2026-09-10
NIFTY,2026-10-06,24800.0,PE,0.0,0.0,0.0,842.45,1277.95,0,0.0,0,0,2026-09-10
NIFTY,2026-10-13,22100.0,PE,0.0,0.0,0.0,35.05,41.55,0,0.0,0,0,2026-09-10
NIFTY,2026-10-13,22650.0,PE,0.0,0.0,0.0,99.45,117.1,0,0.0,0,0,2026-09-10
NIFTY,2026-10-13,22900.0,PE,152.4,152.4,105.65,105.65,175.75,2,2993773.25,130,130,2026-09-10
NIFTY,2026-10-13,23300.0,PE,0.0,0.0,0.0,264.95,307.11,0,0.0,0,0,2026-09-10
NIFTY,2026-10-13,23450.0,PE,245.15,267.35,245.15,254.15,254.15,14,21577234.25,780,780,2026-09-10
NIFTY,2026-10-13,23600.0,PE,0.0,0.0,0.0,385.0,441.9,0,0.0,0,0,2026-09-10
NIFTY,2026-10-13,24550.0,PE,0.0,0.0,0.0,961.3,1066.8,0,0.0,0,0,2026-09-10
NIFTY,2026-10-13,25400.0,PE,0.0,0.0,0.0,1673.35,1809.66,0,0.0,0,0,2026-09-10
NIFTY,2026-10-27,21700.0,PE,31.0,31.0,27.0,27.55,27.55,46,64967815.25,2990,2990,2026-09-10
NIFTY,2026-10-27,23050.0,PE,0.0,0.0,0.0,301.35,276.51,0,0.0,0,0,2026-09-10
NIFTY,2026-10-27,23300.0,PE,231.3,250.55,210.45,241.1,241.1,3522,5386598532.25,364585,16315,2026-09-10
NIFTY,2026-10-27,23350.0,PE,236.1,267.1,227.95,260.6,260.6,259,397298762.25,8515,7280,2026-09-10
NIFTY,2026-10-27,23950.0,PE,539.4,569.8,519.0,541.4,541.4,43,68460830.75,22360,-325,2026-09-10
NIFTY,2026-10-27,24000.0,PE,560.0,607.9,530.0,586.3,586.3,5740,9164489727.25,1413360,5850,2026-09-10
NIFTY,2026-10-27,24550.0,PE,952.1,965.5,952.1,965.5,1089.94,4,6631712.75,7670,0,2026-09-10
NIFTY,2026-10-27,24750.0,PE,0.0,0.0,0.0,546.9,1241.91,0,0.0,1235,0,2026-09-10
NIFTY,2026-10-27,25450.0,PE,0.0,0.0,0.0,1058.8,1833.36,0,0.0,130,0,2026-09-10
NIFTY,2026-10-27,25650.0,PE,0.0,0.0,0.0,1057.4,2014.63,0,0.0,130,0,2026-09-10
NIFTY,2026-10-27,26500.0,PE,2781.45,2865.0,2781.45,2865.0,2819.94,17,32410998.75,9620,650,2026-09-10
NIFTY,2026-10-27,26750.0,PE,0.0,0.0,0.0,2501.2,3063.3,0,0.0,0,0,2026-09-10
NIFTY,2026-11-23,22500.0,PE,115.25,127.55,108.5,121.75,121.75,3635,5343495270.75,454350,31005,2026-09-10
NIFTY,2026-11-23,22600.0,PE,148.6,150.0,124.3,138.85,230.5,24,35465322.75,1170,1170,2026-09-10
NIFTY,2026-11-23,25600.0,PE,0.0,0.0,0.0,1316.4,1933.89,0,0.0,0,0,2026-09-10
NIFTY,2026-11-23,25650.0,PE,0.0,0.0,0.0,1350.35,1976.31,0,0.0,0,0,2026-09-10
NIFTY,2026-12-29,14000.0,PE,6.05,9.25,6.05,9.25,9.25,2,1820994.5,9025,65,2026-09-10
NIFTY,2026-12-29,16500.0,PE,0.0,0.0,0.0,11.75,0.0,0,0.0,4290,0,2026-09-10
NIFTY,2026-12-29,18000.0,PE,20.0,21.5,18.2,20.7,20.7,1322,1548513157.75,595795,37830,2026-09-10
NIFTY,2026-12-29,20000.0,PE,35.1,38.85,35.1,37.2,37.2,2240,2917480296.25,1139420,3380,2026-09-10
NIFTY,2027-03-30,22500.0,PE,268.8,276.25,257.0,266.1,266.1,2142,3169879537.5,758550,9945,2026-09-10
NIFTY,2027-12-28,24000.0,PE,774.8,810.0,774.8,804.2,804.2,376,606012452.5,247685,1560,2026-09-10
NIFTY,2029-12-24,16500.0,PE,0.0,0.0,0.0,10.15,50.49,0,0.0,0,0,2026-09-10
NIFTY,2029-12-24,21000.0,PE,0.0,0.0,0.0,390.05,389.19,0,0.0,780,0,2026-09-10
NIFTY,2029-12-24,30000.0,PE,0.0,0.0,0.0,2495.0,3208.97,0,0.0,1170,0,2026-09-10
NIFTY,2030-12-31,16500.0,PE,0.0,0.0,0.0,13.65,63.59,0,0.0,0,0,2026-09-10
NIFTY,2030-12-31,19500.0,PE,0.0,0.0,0.0,67.4,231.42,0,0.0,0,0,2026-09-10
NIFTY,2031-06-24,22500.0,CE,0.0,0.0,0.0,8012.75,7439.49,0,0.0,0,0,2026-09-10
NIFTY,2030-06-25,30000.0,CE,0.0,0.0,0.0,5580.35,2839.5,0,0.0,0,0,2026-09-10
NIFTY,2030-06-25,28500.0,CE,0.0,0.0,0.0,5382.85,3387.43,0,0.0,0,0,2026-09-10
NIFTY,2029-06-26,22500.0,CE,0.0,0.0,0.0,7946.5,5267.97,0,0.0,0,0,2026-09-10
NIFTY,2028-12-26,27000.0,CE,2025.0,2025.0,1923.0,1949.95,1949.95,11,20717836.75,3770,195,2026-09-10
NIFTY,2028-06-27,28500.0,CE,0.0,0.0,0.0,2990.0,1243.57,0,0.0,0,0,2026-09-10
NIFTY,2028-06-27,22500.0,CE,0.0,0.0,0.0,6796.05,4023.47,0,0.0,0,0,2026-09-10
NIFTY,2027-03-30,28500.0,CE,44.0,44.0,40.15,41.55,41.55,270,500903169.0,155350,-6370,2026-09-10
NIFTY,2026-09-15,23700.0,PE,256.8,306.3,220.95,280.55,280.55,186806,290889622198.5,2203695,-612820,2026-09-10
NIFTY,2026-09-15,22450.0,PE,3.25,4.2,2.25,2.8,2.8,114848,167615695370.5,724100,394095,2026-09-10
NIFTY,2026-09-15,22250.0,PE,2.8,3.15,1.6,2.0,2.0,59306,85780545766.5,677625,301145,2026-09-10
NIFTY,2026-09-15,21800.0,PE,1.6,2.95,0.85,1.1,1.1,40186,56946906935.75,677755,677755,2026-09-10
NIFTY,2030-12-31,18000.0,CE,0.0,0.0,0.0,12674.15,9903.17,0,0.0,0,0,2026-09-10
NIFTY,2029-12-24,33000.0,CE,0.0,0.0,0.0,3816.05,1521.63,0,0.0,0,0,2026-09-10
NIFTY,2029-12-24,24000.0,CE,0.0,0.0,0.0,7729.0,4953.9,0,0.0,65,0,2026-09-10
NIFTY,2029-06-26,31500.0,CE,0.0,0.0,0.0,2878.65,1431.46,0,0.0,0,0,2026-09-10
NIFTY,2028-12-26,31500.0,CE,0.0,0.0,0.0,574.4,999.82,0,0.0,585,0,2026-09-10
NIFTY,2028-12-26,22500.0,CE,0.0,0.0,0.0,7382.9,4663.55,0,0.0,0,0,2026-09-10
NIFTY,2028-06-27,30000.0,CE,0.0,0.0,0.0,2278.45,878.53,0,0.0,0,0,2026-09-10
NIFTY,2028-06-27,24000.0,CE,0.0,0.0,0.0,3918.85,3109.96,0,0.0,0,0,2026-09-10
NIFTY,2027-12-28,18000.0,CE,0.0,0.0,0.0,6285.7,6936.15,0,0.0,0,0,2026-09-10
NIFTY,2027-03-30,33000.0,CE,14.65,14.65,14.65,14.65,4.94,1,2145952.25,5720,65,2026-09-10
NIFTY,2027-03-30,19500.0,CE,0.0,0.0,0.0,4365.4,4675.88,0,0.0,0,0,2026-09-10
NIFTY,2026-12-29,19000.0,CE,4813.2,4813.2,4684.4,4700.1,4700.1,81,124952766.25,60840,880,2026-09-10
NIFTY,2026-12-29,16500.0,CE,0.0,0.0,0.0,10405.0,7289.59,0,0.0,0,0,2026-09-10
NIFTY,2026-11-23,25650.0,CE,0.0,0.0,0.0,415.95,131.19,0,0.0,0,0,2026-09-10
NIFTY,2026-11-23,25600.0,CE,0.0,0.0,0.0,431.25,138.13,0,0.0,0,0,2026-09-10
NIFTY,2026-11-23,25400.0,CE,0.0,0.0,0.0,496.65,169.04,0,0.0,0,0,2026-09-10
NIFTY,2026-11-23,23950.0,CE,372.7,372.7,330.3,334.05,334.05,28,44224466.0,2340,390,2026-09-10
NIFTY,2026-11-23,23750.0,CE,469.85,469.85,422.1,435.1,435.1,204,320882805.75,2730,65,2026-09-10
NIFTY,2026-11-23,23550.0,CE,0.0,0.0,0.0,569.3,788.29,0,0.0,390,0,2026-09-10
NIFTY,2026-11-23,22750.0,CE,0.0,0.0,0.0,2073.75,1287.32,0,0.0,0,0,2026-09-10
NIFTY,2026-11-23,21850.0,CE,0.0,0.0,0.0,2860.95,2000.72,0,0.0,0,0,2026-09-10
NIFTY,2026-10-27,26650.0,CE,7.45,7.45,7.0,7.0,9.88,6,10396317.75,650,-195,2026-09-10
NIFTY,2026-10-27,26200.0,CE,10.0,10.0,9.3,9.6,21.38,25,42590515.5,1235,130,2026-09-10
NIFTY,2026-10-27,25350.0,CE,0.0,0.0,0.0,417.4,78.02,0,0.0,0,0,2026-09-10
NIFTY,2026-10-27,24250.0,CE,138.85,138.85,112.85,115.85,115.85,262,415093640.0,20995,1170,2026-09-10
NIFTY,2026-10-27,23500.0,CE,438.95,459.0,395.0,406.6,406.6,8873,13798605330.25,481130,131170,2026-09-10
NIFTY,2026-10-13,25400.0,CE,10.65,11.0,8.2,8.75,32.41,30,49549155.5,65,65,2026-09-10
NIFTY,2026-10-13,25350.0,CE,0.0,0.0,0.0,54.2,35.57,0,0.0,0,0,2026-09-10
NIFTY,2026-10-13,25200.0,CE,0.0,0.0,0.0,69.45,46.68,0,0.0,0,0,2026-09-10
NIFTY,2026-10-13,24650.0,CE,0.0,0.0,0.0,158.85,115.86,0,0.0,0,0,2026-09-10
NIFTY,2026-10-13,24300.0,CE,105.85,105.85,63.55,84.7,84.7,2,3170011.0,65,65,2026-09-10
NIFTY,2026-10-13,22850.0,CE,0.0,0.0,0.0,1050.4,921.11,0,0.0,0,0,2026-09-10
NIFTY,2026-10-13,22550.0,CE,0.0,0.0,0.0,1294.15,1155.05,0,0.0,0,0,2026-09-10
NIFTY,2026-10-06,24050.0,CE,98.8,98.8,72.75,75.65,75.65,300,470580561.75,10985,7410,2026-09-10
NIFTY,2026-10-06,23050.0,CE,0.0,0.0,0.0,1241.5,709.28,0,0.0,0,0,2026-09-10
NIFTY,2026-10-06,22600.0,CE,0.0,0.0,0.0,1631.85,1053.88,0,0.0,0,0,2026-09-10
NIFTY,2026-10-06,21850.0,CE,0.0,0.0,0.0,2340.55,1732.52,0,0.0,0,0,2026-09-10
NIFTY,2026-10-06,21800.0,CE,0.0,0.0,0.0,2389.25,1780.49,0,0.0,0,0,2026-09-10
NIFTY,2026-09-29,33000.0,CE,0.9,0.9,0.5,0.5,0.0,4,8580156.0,35035,-130,2026-09-10
NIFTY,2026-09-29,26950.0,CE,0.0,0.0,0.0,1.85,0.02,0,0.0,3120,0,2026-09-10
NIFTY,2026-09-29,26300.0,CE,2.2,3.25,2.2,2.5,2.5,147,251322009.25,133835,-1235,2026-09-10
NIFTY,2026-09-29,25150.0,CE,8.15,8.15,6.05,6.95,6.95,681,1113573045.0,46280,-15340,2026-09-10
NIFTY,2026-09-29,24450.0,CE,22.95,22.95,16.3,16.85,16.85,3006,4780887065.5,247650,5590,2026-09-10
NIFTY,2026-09-29,24050.0,CE,65.0,65.3,44.25,46.3,46.3,5892,9230870099.75,262340,2990,2026-09-10
NIFTY,2026-09-29,23600.0,CE,191.0,216.2,163.0,172.1,172.1,30939,47838886998.5,1011075,171535,2026-09-10
NIFTY,2026-09-29,23300.0,CE,380.0,398.05,324.9,339.55,339.55,5933,9124389085.5,158080,62335,2026-09-10
NIFTY,2026-09-29,23050.0,CE,572.0,572.05,509.35,509.35,642.37,6,9201094.5,520,195,2026-09-10
NIFTY,2026-09-29,22650.0,CE,0.0,0.0,0.0,1361.2,957.3,0,0.0,195,0,2026-09-10
NIFTY,2026-09-29,22050.0,CE,1500.0,1500.0,1500.0,1500.0,1506.14,1,1530750.0,65,65,2026-09-10
NIFTY,2026-09-22,26100.0,CE,1.25,1.45,1.0,1.05,1.05,691,1172332076.5,37960,14040,2026-09-10
NIFTY,2026-09-22,25100.0,CE,3.5,3.7,2.2,2.7,2.7,14913,24333511634.25,389480,286260,2026-09-10
NIFTY,2026-09-22,24950.0,CE,3.7,4.75,2.5,3.35,3.35,591,958597903.25,26845,24505,2026-09-10
NIFTY,2026-09-22,24750.0,CE,3.85,5.05,3.85,4.5,4.5,416,669367182.25,10790,195,2026-09-10
NIFTY,2026-09-22,24500.0,CE,8.55,8.55,5.7,6.35,6.35,28214,44943226009.5,986895,109330,2026-09-10
NIFTY,2026-09-22,23850.0,CE,55.0,67.95,39.6,43.45,43.45,21117,32805671853.5,328315,-201630,2026-09-10
NIFTY,2026-09-22,23600.0,CE,131.95,158.9,104.45,112.1,112.1,46155,71186112978.5,1075035,543985,2026-09-10
NIFTY,2026-09-22,22750.0,CE,769.15,769.15,769.15,769.15,812.3,1,1528744.75,65,65,2026-09-10
NIFTY,2026-09-22,22600.0,CE,948.65,948.65,899.3,899.3,899.3,2,3058116.75,65,0,2026-09-10
NIFTY,2026-09-22,22050.0,CE,1470.0,1470.0,1470.0,1470.0,1472.9,1,1528800.0,0,-65,2026-09-10
NIFTY,2026-09-22,21900.0,CE,0.0,0.0,0.0,2390.45,1621.15,0,0.0,0,0,2026-09-10
NIFTY,2026-09-15,25950.0,CE,0.95,1.1,0.55,0.6,0.6,3619,6104513944.75,57525,20800,2026-09-10
NIFTY,2026-09-15,25900.0,CE,0.7,0.7,0.5,0.55,0.55,29425,49538181641.0,841750,-38285,2026-09-10
NIFTY,2026-09-15,25300.0,CE,0.75,1.0,0.55,0.65,0.65,95069,156345472159.5,2163200,-873730,2026-09-10
NIFTY,2026-09-15,24700.0,CE,1.95,2.1,1.3,1.7,1.7,209232,335946107532.75,3316430,-284310,2026-09-10
NIFTY,2026-09-15,24400.0,CE,3.1,3.25,1.9,2.45,2.45,796765,1263806732035.25,6922110,1271725,2026-09-10
NIFTY,2026-09-15,23800.0,CE,21.0,28.7,11.95,13.85,13.85,1091203,1689335521968.25,9532185,586300,2026-09-10
NIFTY,2026-09-15,23750.0,CE,33.8,38.1,15.85,18.5,18.5,732169,1131402491264.5,5077930,1136655,2026-09-10
NIFTY,2026-09-15,23650.0,CE,50.0,64.85,28.3,32.45,32.45,919973,1416776146623.5,5116150,960700,2026-09-10
NIFTY,2026-09-15,23550.0,CE,90.0,105.0,51.0,58.4,58.4,1192715,1831568242224.5,4765085,1146275,2026-09-10
NIFTY,2026-09-15,21700.0,CE,0.0,0.0,0.0,2900.2,1795.12,0,0.0,0,0,2026-09-10
NIFTY,2026-09-22,22250.0,PE,10.2,10.2,8.05,8.65,8.65,1224,1770911255.75,33345,19500,2026-09-10
NIFTY,2026-09-22,22600.0,PE,21.2,21.2,14.4,16.7,16.7,12293,18071401380.5,276250,171405,2026-09-10
NIFTY,2026-09-22,23300.0,PE,102.35,123.35,88.5,108.85,108.85,33064,50301849055.25,961155,135915,2026-09-10
NIFTY,2026-09-22,23450.0,PE,165.0,183.85,135.05,163.85,163.85,32589,50001141024.25,649545,472810,2026-09-10
NIFTY,2026-09-22,23900.0,PE,423.45,489.55,403.6,460.05,460.05,1352,2139596543.5,232960,4875,2026-09-10
NIFTY,2026-09-22,24300.0,PE,799.55,856.8,765.0,839.35,839.35,203,331305689.0,35880,3445,2026-09-10
NIFTY,2026-09-22,25900.0,PE,0.0,0.0,0.0,1658.45,2372.68,0,0.0,0,0,2026-09-10
NIFTY,2026-09-22,26000.0,PE,0.0,0.0,0.0,1748.6,2472.46,0,0.0,0,0,2026-09-10
NIFTY,2026-09-29,15000.0,PE,1.5,1.75,1.05,1.35,1.35,211,205745185.75,93470,2275,2026-09-10
NIFTY,2026-09-29,21900.0,PE,12.1,13.8,11.9,12.55,12.55,878,1250581234.5,196495,-2600,2026-09-10
NIFTY,2026-09-29,22500.0,PE,27.15,30.0,22.4,27.45,27.45,24091,35275199950.25,2345980,-10205,2026-09-10
NIFTY,2026-09-29,22650.0,PE,33.75,38.9,31.2,37.05,37.05,1138,1678007019.0,106795,5460,2026-09-10
NIFTY,2026-09-29,26950.0,PE,0.0,0.0,0.0,2780.25,3390.56,0,0.0,0,0,2026-09-10
NIFTY,2026-09-29,27000.0,PE,3476.05,3533.7,3430.0,3506.6,3506.6,802,1588759168.75,1511280,11895,2026-09-10
NIFTY,2026-09-29,31500.0,PE,0.0,0.0,0.0,4341.2,7926.75,0,0.0,0,0,2026-09-10
NIFTY,2026-10-06,22600.0,PE,53.4,53.4,42.35,44.05,44.05,159,234056988.75,6695,6695,2026-09-10
NIFTY,2026-10-06,22900.0,PE,72.25,85.25,69.3,81.45,81.45,286,427146271.5,14950,6045,2026-09-10
NIFTY,2026-10-06,23650.0,PE,298.65,344.5,297.65,332.75,332.75,32,49848539.0,3965,-1170,2026-09-10
NIFTY,2026-10-06,24250.0,PE,0.0,0.0,0.0,505.9,826.28,0,0.0,0,0,2026-09-10
NIFTY,2026-10-13,21700.0,PE,0.0,0.0,0.0,14.3,16.89,0,0.0,0,0,2026-09-10
NIFTY,2026-10-13,23000.0,PE,117.8,125.65,103.55,115.55,115.55,89,133709179.5,4160,3510,2026-09-10
NIFTY,2026-10-13,23250.0,PE,0.0,0.0,0.0,247.85,287.67,0,0.0,0,0,2026-09-10
NIFTY,2026-10-13,23700.0,PE,0.0,0.0,0.0,431.7,493.87,0,0.0,0,0,2026-09-10
NIFTY,2026-10-13,23900.0,PE,490.6,490.6,460.0,460.0,608.19,2,3168789.0,715,0,2026-09-10
NIFTY,2026-10-27,21750.0,PE,0.0,0.0,0.0,77.9,39.53,0,0.0,0,0,2026-09-10
NIFTY,2026-10-27,22400.0,PE,61.05,70.0,58.1,65.35,65.35,1807,2638374375.0,111670,41730,2026-09-10
NIFTY,2026-10-27,24100.0,PE,624.0,677.95,602.45,651.65,651.65,318,511165291.0,196560,-4615,2026-09-10
NIFTY,2026-10-27,24150.0,PE,637.75,693.55,637.75,680.9,680.9,15,24203195.25,18850,-325,2026-09-10
NIFTY,2026-10-27,25050.0,PE,0.0,0.0,0.0,1161.25,1485.8,0,0.0,325,0,2026-09-10
NIFTY,2026-10-27,25250.0,PE,0.0,0.0,0.0,883.6,1656.78,0,0.0,130,0,2026-09-10
NIFTY,2026-10-27,26100.0,PE,0.0,0.0,0.0,1960.3,2435.51,0,0.0,0,0,2026-09-10
NIFTY,2026-10-27,26900.0,PE,0.0,0.0,0.0,2631.85,3210.1,0,0.0,0,0,2026-09-10
NIFTY,2026-11-23,21850.0,PE,0.0,0.0,0.0,51.8,94.31,0,0.0,0,0,2026-09-10
NIFTY,2026-11-23,21900.0,PE,67.95,67.95,62.0,62.0,62.0,16,22845121.0,780,780,2026-09-10
NIFTY,2026-11-23,22350.0,PE,0.0,0.0,0.0,96.65,174.71,0,0.0,0,0,2026-09-10
NIFTY,2026-11-23,23000.0,PE,200.15,222.0,192.0,215.45,215.45,3770,5686603529.75,380380,33215,2026-09-10
NIFTY,2026-11-23,23200.0,PE,249.05,277.0,241.0,272.5,272.5,187,285154372.75,25285,2080,2026-09-10
NIFTY,2026-11-23,23300.0,PE,275.1,306.7,270.0,299.2,299.2,222,340358856.5,13000,1820,2026-09-10
NIFTY,2026-11-23,23350.0,PE,297.65,323.85,288.95,323.85,474.0,20,30749013.75,2210,455,2026-09-10
NIFTY,2026-11-23,24150.0,PE,0.0,0.0,0.0,620.95,874.1,0,0.0,1950,0,2026-09-10
NIFTY,2026-11-23,24400.0,PE,816.4,871.85,816.35,871.85,871.85,15,24602591.0,13520,130,2026-09-10
NIFTY,2026-11-23,25100.0,PE,0.0,0.0,0.0,1027.25,1527.98,0,0.0,130,0,2026-09-10
NIFTY,2026-11-23,25350.0,PE,0.0,0.0,0.0,1152.95,1726.54,0,0.0,0,0,2026-09-10
NIFTY,2026-11-23,26000.0,PE,2207.85,2260.0,2207.85,2210.0,2280.98,6,11010184.25,5720,195,2026-09-10
NIFTY,2027-03-30,16500.0,PE,0.0,0.0,0.0,20.25,0.31,0,0.0,1560,0,2026-09-10
NIFTY,2027-06-29,19000.0,PE,0.0,0.0,0.0,90.0,37.77,0,0.0,940,0,2026-09-10
NIFTY,2027-06-29,19500.0,PE,0.0,0.0,0.0,17.3,60.12,0,0.0,0,0,2026-09-10
NIFTY,2027-12-28,18000.0,PE,81.0,81.0,81.0,81.0,81.0,1,1175265.0,14130,0,2026-09-10
NIFTY,2027-12-28,19000.0,PE,119.9,119.9,110.0,111.55,111.55,7,8696470.25,17905,65,2026-09-10
NIFTY,2027-12-28,20000.0,PE,182.35,190.0,172.05,174.05,174.05,67,87896074.5,67110,1365,2026-09-10
NIFTY,2028-06-27,28500.0,PE,0.0,0.0,0.0,1560.85,3201.06,0,0.0,0,0,2026-09-10
NIFTY,2028-12-26,22000.0,PE,480.05,539.95,480.05,500.0,500.0,5,7314973.25,8825,65,2026-09-10
NIFTY,2030-12-31,30000.0,PE,0.0,0.0,0.0,1450.1,2729.76,0,0.0,0,0,2026-09-10
NIFTY,2031-06-24,24000.0,PE,0.0,0.0,0.0,933.85,838.4,0,0.0,65,0,2026-09-10
NIFTY,2031-06-24,25500.0,PE,0.0,0.0,0.0,1262.85,1162.56,0,0.0,0,0,2026-09-10
NIFTY,2031-06-24,28500.0,PE,0.0,0.0,0.0,2104.2,2011.87,0,0.0,0,0,2026-09-10
NIFTY,2031-06-24,30000.0,PE,0.0,0.0,0.0,2616.25,2536.85,0,0.0,0,0,2026-09-10
NIFTY,2026-09-15,24200.0,PE,710.0,787.5,685.0,757.15,757.15,2529,4098306270.5,548145,-49205,2026-09-10
NIFTY,2026-09-15,26100.0,PE,0.0,0.0,0.0,1559.2,2601.36,0,0.0,0,0,2026-09-10
NIFTY,2026-09-15,25900.0,PE,0.0,0.0,0.0,1387.75,2401.52,0,0.0,0,0,2026-09-10
NIFTY,2026-09-15,25800.0,PE,0.0,0.0,0.0,2095.0,2301.6,0,0.0,650,0,2026-09-10
NIFTY,2026-09-15,25700.0,PE,0.0,0.0,0.0,1223.4,2201.68,0,0.0,0,0,2026-09-10
NIFTY,2026-09-15,24700.0,PE,1226.7,1257.0,1199.05,1250.45,1250.45,57,96005640.25,35880,-1365,2026-09-10
NIFTY,2026-09-15,24000.0,PE,544.95,589.6,489.3,559.1,559.1,26701,42571982258.0,1934270,-289445,2026-09-10
NIFTY,2026-09-29,26350.0,CE,0.0,0.0,0.0,2.5,0.25,0,0.0,5525,0,2026-09-10
NIFTY,2026-09-29,26250.0,CE,2.85,2.85,2.85,2.85,0.36,2,3412870.5,455,130,2026-09-10
NIFTY,2026-09-29,25350.0,CE,6.05,6.1,5.5,6.0,6.0,599,987233932.75,26000,-10465,2026-09-10
NIFTY,2026-09-29,24200.0,CE,36.0,43.0,29.2,30.55,30.55,38071,59970489289.75,3564795,143975,2026-09-10
NIFTY,2026-09-29,23950.0,CE,75.0,87.1,60.2,62.85,62.85,5604,8750116781.25,266825,15275,2026-09-10
NIFTY,2026-09-29,22950.0,CE,645.0,655.0,594.6,595.4,715.9,18,27588034.5,715,390,2026-09-10
NIFTY,2026-09-29,22500.0,CE,1071.5,1087.6,989.9,1004.3,1004.3,734,1122726608.25,538590,6110,2026-09-10
NIFTY,2026-09-29,21900.0,CE,0.0,0.0,0.0,1970.0,1651.21,0,0.0,585,0,2026-09-10
NIFTY,2026-09-22,25900.0,CE,1.8,1.95,1.35,1.45,1.45,159,267693387.0,30030,2015,2026-09-10
NIFTY,2026-09-22,25800.0,CE,1.95,2.0,1.4,1.7,1.7,55,92241194.5,6500,1300,2026-09-10
NIFTY,2026-09-22,25700.0,CE,2.05,2.3,1.5,1.65,1.65,496,828627595.25,28470,15730,2026-09-10
NIFTY,2026-09-22,25650.0,CE,2.0,2.4,1.5,1.7,1.7,76,126719973.25,4355,2470,2026-09-10
NIFTY,2026-09-22,25600.0,CE,2.1,2.6,1.6,1.95,1.95,668,1111639974.25,40560,5655,2026-09-10
NIFTY,2026-09-22,25250.0,CE,1.95,3.7,1.75,2.5,2.5,674,1106316838.25,13975,5785,2026-09-10
NIFTY,2026-09-22,24300.0,CE,10.75,13.65,8.05,9.0,9.0,32850,51908414548.25,646100,159055,2026-09-10
NIFTY,2026-09-22,24050.0,CE,26.1,32.95,18.0,19.0,19.0,22882,35801965121.0,267085,-417885,2026-09-10
NIFTY,2026-09-22,23200.0,CE,381.1,416.4,333.3,351.2,351.2,2285,3500893987.5,106665,39325,2026-09-10
NIFTY,2026-09-22,22900.0,CE,670.0,670.0,585.35,594.55,594.55,24,36664420.0,845,585,2026-09-10
NIFTY,2026-09-15,22950.0,CE,550.0,572.1,481.4,502.2,502.2,352,537231074.25,8190,8190,2026-09-10
NIFTY,2026-09-15,22800.0,CE,709.1,719.2,628.1,655.8,655.8,380,580006680.5,42510,3445,2026-09-10
NIFTY,2026-09-15,22500.0,CE,989.0,1012.5,921.0,940.05,940.05,209,318822195.25,22555,2080,2026-09-10
NIFTY,2026-09-15,22200.0,CE,0.0,0.0,0.0,2410.3,1295.66,0,0.0,0,0,2026-09-10
NIFTY,2026-10-13,25100.0,CE,0.0,0.0,0.0,81.45,55.63,0,0.0,0,0,2026-09-10
NIFTY,2026-10-27,22150.0,CE,0.0,0.0,0.0,2291.6,1586.54,0,0.0,0,0,2026-09-10
NIFTY,2026-10-27,22300.0,CE,0.0,0.0,0.0,2165.6,1458.84,0,0.0,0,0,2026-09-10
NIFTY,2026-10-27,22400.0,CE,0.0,0.0,0.0,2083.15,1375.98,0,0.0,0,0,2026-09-10
NIFTY,2026-10-27,22600.0,CE,0.0,0.0,0.0,1922.3,1216.37,0,0.0,0,0,2026-09-10
NIFTY,2026-10-27,22700.0,CE,0.0,0.0,0.0,1740.0,1139.88,0,0.0,260,0,2026-09-10
NIFTY,2026-10-27,22850.0,CE,0.0,0.0,0.0,1729.4,1029.42,0,0.0,0,0,2026-09-10
NIFTY,2026-10-27,24000.0,CE,198.85,219.6,180.0,185.35,185.35,18904,29730234641.25,1682525,109525,2026-09-10
NIFTY,2026-10-27,24400.0,CE,107.8,113.2,84.7,86.7,86.7,4647,7398189409.0,254345,18135,2026-09-10
NIFTY,2026-10-27,24450.0,CE,92.45,92.45,76.65,78.95,78.95,303,483185904.5,26000,4940,2026-09-10
NIFTY,2026-10-27,24900.0,CE,40.0,46.9,34.6,35.1,35.1,1900,3079801725.0,147615,-6045,2026-09-10
NIFTY,2026-10-27,25550.0,CE,0.0,0.0,0.0,361.35,58.68,0,0.0,0,0,2026-09-10
NIFTY,2026-10-27,25700.0,CE,14.6,14.7,13.5,13.75,13.75,416,695310746.0,78650,-8515,2026-09-10
NIFTY,2026-10-27,25900.0,CE,13.0,13.0,10.6,11.4,11.4,173,291378876.75,3575,3575,2026-09-10
NIFTY,2026-10-27,27050.0,CE,5.95,5.95,5.05,5.3,4.73,15,26379034.5,5330,-260,2026-09-10
NIFTY,2026-10-27,27150.0,CE,5.7,5.7,4.9,5.0,3.91,17,30006457.0,1950,-260,2026-09-10
NIFTY,2026-11-23,22100.0,CE,0.0,0.0,0.0,2634.25,1789.36,0,0.0,0,0,2026-09-10
NIFTY,2026-11-23,22600.0,CE,0.0,0.0,0.0,2198.8,1396.49,0,0.0,0,0,2026-09-10
NIFTY,2026-11-23,23250.0,CE,0.0,0.0,0.0,1679.6,958.62,0,0.0,0,0,2026-09-10
NIFTY,2026-11-23,24050.0,CE,329.15,329.2,292.95,292.95,292.95,23,36432964.75,2210,1040,2026-09-10
NIFTY,2026-11-23,24350.0,CE,239.4,239.4,191.55,191.55,191.55,114,181954821.75,8385,4420,2026-09-10
NIFTY,2026-11-23,24550.0,CE,154.0,157.55,143.1,143.1,368.61,49,78681037.5,8905,-1560,2026-09-10
NIFTY,2026-11-23,25100.0,CE,73.1,73.3,63.4,65.2,65.2,618,1011025037.75,76180,-5720,2026-09-10
NIFTY,2026-11-23,25150.0,CE,0.0,0.0,0.0,588.45,215.43,0,0.0,0,0,2026-09-10
NIFTY,2026-11-23,25750.0,CE,0.0,0.0,0.0,386.65,118.17,0,0.0,0,0,2026-09-10
NIFTY,2026-11-23,25800.0,CE,0.0,0.0,0.0,372.6,112.09,0,0.0,0,0,2026-09-10
NIFTY,2026-11-23,26100.0,CE,0.0,0.0,0.0,297.8,80.86,0,0.0,0,0,2026-09-10
NIFTY,2026-12-29,24000.0,CE,536.0,552.7,498.0,503.5,503.5,7812,12450661808.0,1754220,81350,2026-09-10
NIFTY,2026-12-29,30000.0,CE,8.4,8.9,7.75,8.55,8.55,576,1123518776.25,807285,19265,2026-09-10
NIFTY,2027-06-29,18000.0,CE,0.0,0.0,0.0,4066.45,6379.78,0,0.0,0,0,2026-09-10
NIFTY,2028-06-27,21000.0,CE,0.0,0.0,0.0,5226.55,5070.85,0,0.0,0,0,2026-09-10
NIFTY,2028-12-26,19500.0,CE,0.0,0.0,0.0,9716.4,6802.34,0,0.0,0,0,2026-09-10
NIFTY,2028-12-26,33000.0,CE,0.0,0.0,0.0,2477.5,736.93,0,0.0,0,0,2026-09-10
NIFTY,2029-06-26,24000.0,CE,0.0,0.0,0.0,8085.35,4369.6,0,0.0,0,0,2026-09-10
NIFTY,2029-12-24,27000.0,CE,0.0,0.0,0.0,6201.65,3455.93,0,0.0,0,0,2026-09-10
NIFTY,2030-12-31,33000.0,CE,0.0,0.0,0.0,3948.25,2433.56,0,0.0,0,0,2026-09-10
NIFTY,2026-09-15,22100.0,PE,3.35,3.6,1.35,1.65,1.65,193630,278176389520.25,4025060,-1089075,2026-09-10
NIFTY,2026-09-15,22950.0,PE,14.65,14.65,8.0,9.4,9.4,320630,478506157714.0,2870985,1710800,2026-09-10
NIFTY,2026-09-15,23450.0,PE,112.0,124.5,79.4,106.65,106.65,2962023,4533751002433.25,3160105,486460,2026-09-10
NIFTY,2026-09-15,24750.0,PE,0.0,0.0,0.0,1090.6,1252.8,0,0.0,4550,0,2026-09-10
NIFTY,2026-09-15,24800.0,PE,1337.0,1376.55,1282.05,1361.45,1361.45,36,61132266.0,44330,-325,2026-09-10
NIFTY,2026-09-22,21800.0,PE,5.05,5.85,4.95,5.5,5.5,1111,1574684540.0,44980,44980,2026-09-10
NIFTY,2026-09-22,22200.0,PE,9.85,9.85,7.45,8.0,8.0,9767,14098968880.75,236600,140595,2026-09-10
NIFTY,2026-09-22,23100.0,PE,60.2,69.2,50.1,60.45,60.45,20947,31531968741.0,425750,74815,2026-09-10
NIFTY,2026-09-22,23200.0,PE,78.0,92.0,66.0,81.2,81.2,33181,50203927133.75,803595,128570,2026-09-10
NIFTY,2026-09-22,23750.0,PE,311.4,369.2,293.5,343.2,343.2,1383,2164525805.0,55705,-31005,2026-09-10
NIFTY,2026-09-22,24250.0,PE,753.1,807.75,731.8,807.75,777.48,12,19512285.0,10855,-390,2026-09-10
NIFTY,2026-09-22,25350.0,PE,0.0,0.0,0.0,1190.0,1824.72,0,0.0,0,0,2026-09-10
NIFTY,2026-09-22,25500.0,PE,1957.6,1992.5,1957.6,1990.0,1973.92,4,7145456.5,195,130,2026-09-10
NIFTY,2026-09-29,22000.0,PE,14.8,16.8,13.05,14.2,14.2,21783,31170005610.25,3004430,-303160,2026-09-10
NIFTY,2026-09-29,22700.0,PE,38.5,42.75,33.8,39.05,39.05,11843,17503448209.0,696475,112515,2026-09-10
NIFTY,2026-09-29,23100.0,PE,96.75,105.0,80.55,95.55,95.55,13792,20791795128.0,793845,-1105,2026-09-10
NIFTY,2026-09-29,23800.0,PE,381.0,429.0,356.3,400.95,400.95,13047,20514174057.0,2175810,-23010,2026-09-10
NIFTY,2026-09-29,25100.0,PE,1554.0,1625.0,1554.0,1614.2,1614.2,10,17345503.5,95810,0,2026-09-10
NIFTY,2026-09-29,25500.0,PE,1966.25,2038.3,1940.0,2002.2,2002.2,339,605546880.25,1509690,-4485,2026-09-10
NIFTY,2026-09-29,26100.0,PE,0.0,0.0,0.0,1712.15,2543.73,0,0.0,9360,0,2026-09-10
NIFTY,2026-09-29,26250.0,PE,0.0,0.0,0.0,2180.0,2693.02,0,0.0,0,0,2026-09-10
NIFTY,2026-09-29,26600.0,PE,0.0,0.0,0.0,2474.55,3041.69,0,0.0,0,0,2026-09-10
NIFTY,2026-10-06,22400.0,PE,0.0,0.0,0.0,30.4,54.31,0,0.0,0,0,2026-09-10
NIFTY,2026-10-06,22850.0,PE,0.0,0.0,0.0,74.9,132.22,0,0.0,65,0,2026-09-10
NIFTY,2026-10-06,24550.0,PE,0.0,0.0,0.0,677.9,1063.24,0,0.0,0,0,2026-09-10
NIFTY,2026-10-06,24600.0,PE,0.0,0.0,0.0,709.3,1105.11,0,0.0,0,0,2026-09-10
NIFTY,2026-10-06,25250.0,PE,0.0,0.0,0.0,1181.55,1690.8,0,0.0,0,0,2026-09-10
NIFTY,2026-10-13,22500.0,PE,60.35,62.0,45.0,50.55,50.55,75,109939163.75,2470,2470,2026-09-10
NIFTY,2026-10-13,22550.0,PE,0.0,0.0,0.0,83.55,98.57,0,0.0,0,0,2026-09-10
NIFTY,2026-10-13,24250.0,PE,0.0,0.0,0.0,748.2,839.77,0,0.0,0,0,2026-09-10
NIFTY,2026-10-27,21800.0,PE,0.0,0.0,0.0,82.75,43.31,0,0.0,0,0,2026-09-10
NIFTY,2026-10-27,22350.0,PE,0.0,0.0,0.0,31.95,107.94,0,0.0,2145,0,2026-09-10
NIFTY,2026-10-27,22450.0,PE,0.0,0.0,0.0,43.05,125.25,0,0.0,845,0,2026-09-10
NIFTY,2026-10-27,23250.0,PE,205.2,233.45,197.05,218.2,218.2,597,910310729.25,31590,25610,2026-09-10
NIFTY,2026-10-27,23900.0,PE,510.0,537.45,465.3,517.25,517.25,612,970753374.5,165945,-6435,2026-09-10
NIFTY,2026-10-27,24050.0,PE,598.55,641.2,581.0,615.55,615.55,30,48070165.0,10205,-65,2026-09-10
NIFTY,2026-10-27,24250.0,PE,737.75,776.9,705.4,762.8,762.8,78,126692049.25,16510,390,2026-09-10
NIFTY,2026-10-27,25300.0,PE,0.0,0.0,0.0,1150.0,1700.44,0,0.0,585,0,2026-09-10
NIFTY,2026-10-27,26300.0,PE,0.0,0.0,0.0,2121.9,2626.81,0,0.0,0,0,2026-09-10
NIFTY,2026-10-27,27000.0,PE,3345.1,3398.6,3289.2,3373.55,3308.22,715,1409782614.5,293930,43485,2026-09-10
NIFTY,2026-11-23,22200.0,PE,84.95,91.1,75.05,89.45,89.45,463,670683591.5,43680,14105,2026-09-10
NIFTY,2026-11-23,22550.0,PE,0.0,0.0,0.0,121.55,218.42,0,0.0,0,0,2026-09-10
NIFTY,2026-11-23,23050.0,PE,0.0,0.0,0.0,205.8,361.83,0,0.0,0,0,2026-09-10
NIFTY,2026-11-23,23150.0,PE,256.9,261.75,256.9,260.65,260.65,5,7607726.75,130,130,2026-09-10
NIFTY,2026-11-23,23400.0,PE,311.9,341.95,298.0,334.2,334.2,525,809324782.5,58890,5005,2026-09-10
NIFTY,2026-11-23,25200.0,PE,0.0,0.0,0.0,1060.25,1606.27,0,0.0,0,0,2026-09-10
NIFTY,2026-11-23,25400.0,PE,0.0,0.0,0.0,1184.75,1767.35,0,0.0,0,0,2026-09-10
NIFTY,2026-11-23,25950.0,PE,0.0,0.0,0.0,1562.8,2236.69,0,0.0,0,0,2026-09-10
NIFTY,2026-12-29,21000.0,PE,65.0,65.0,55.7,57.8,57.8,5201,7118970462.5,1219970,21015,2026-09-10
NIFTY,2026-12-29,28000.0,PE,3964.7,4053.95,3950.0,4001.9,4001.9,92,191254485.5,940730,-780,2026-09-10
NIFTY,2026-12-29,31500.0,PE,0.0,0.0,0.0,4059.3,7427.51,0,0.0,0,0,2026-09-10
NIFTY,2027-03-30,27000.0,PE,2674.75,2744.0,2647.0,2713.65,2713.65,67,129285107.25,55445,-1040,2026-09-10
NIFTY,2027-12-28,16500.0,PE,0.0,0.0,0.0,52.05,9.41,0,0.0,130,0,2026-09-10
NIFTY,2027-12-28,27000.0,PE,2037.65,2099.85,2025.95,2075.95,2075.95,44,83063639.75,53000,-1105,2026-09-10
NIFTY,2029-12-24,15000.0,PE,0.0,0.0,0.0,29.0,19.3,0,0.0,65,0,2026-09-10
NIFTY,2030-06-25,18000.0,PE,0.0,0.0,0.0,116.65,121.46,0,0.0,0,0,2026-09-10
NIFTY,2030-06-25,22500.0,PE,0.0,0.0,0.0,223.75,618.2,0,0.0,0,0,2026-09-10
NIFTY,2030-06-25,27000.0,PE,0.0,0.0,0.0,1286.05,1775.95,0,0.0,0,0,2026-09-10
NIFTY,2030-06-25,30000.0,PE,0.0,0.0,0.0,2100.85,2960.07,0,0.0,0,0,2026-09-10
NIFTY,2030-12-31,18000.0,PE,0.0,0.0,0.0,32.3,127.82,0,0.0,0,0,2026-09-10
NIFTY,2031-06-24,16500.0,PE,0.0,0.0,0.0,95.65,67.7,0,0.0,0,0,2026-09-10
NIFTY,2026-10-13,24750.0,CE,0.0,0.0,0.0,137.9,99.21,0,0.0,0,0,2026-09-10
NIFTY,2026-10-13,24150.0,CE,0.0,0.0,0.0,302.85,235.34,0,0.0,0,0,2026-09-10
NIFTY,2026-10-13,23750.0,CE,221.9,221.9,197.3,197.3,384.5,5,7786437.75,325,325,2026-09-10
NIFTY,2026-10-13,21850.0,CE,0.0,0.0,0.0,1927.0,1776.53,0,0.0,0,0,2026-09-10
NIFTY,2026-10-06,24750.0,CE,0.0,0.0,0.0,256.8,64.36,0,0.0,0,0,2026-09-10
NIFTY,2026-10-06,23550.0,CE,286.35,286.55,238.55,245.5,245.5,155,239897219.25,7605,3120,2026-09-10
NIFTY,2026-10-06,23400.0,CE,350.0,375.05,317.75,324.75,324.75,282,435112707.25,8450,8450,2026-09-10
NIFTY,2026-10-06,23250.0,CE,0.0,0.0,0.0,1081.35,578.24,0,0.0,0,0,2026-09-10
NIFTY,2026-10-06,22850.0,CE,0.0,0.0,0.0,1410.45,854.72,0,0.0,0,0,2026-09-10
NIFTY,2026-09-29,34500.0,CE,0.0,0.0,0.0,0.6,0.0,0,0.0,9815,0,2026-09-10
NIFTY,2026-09-29,27200.0,CE,2.2,2.2,1.45,1.6,1.6,64,113159247.5,42055,-910,2026-09-10
NIFTY,2026-09-29,26550.0,CE,1.8,2.75,1.55,2.25,2.25,14,24162365.5,4680,-260,2026-09-10
NIFTY,2026-09-15,21850.0,CE,0.0,0.0,0.0,2752.45,1645.25,0,0.0,0,0,2026-09-10
NIFTY,2026-09-15,22100.0,CE,0.0,0.0,0.0,2507.55,1395.5,0,0.0,0,0,2026-09-10
NIFTY,2026-09-15,23850.0,CE,22.8,22.8,9.2,10.8,10.8,515204,799139489541.25,3653130,810420,2026-09-10
NIFTY,2026-09-15,24200.0,CE,4.9,5.3,2.85,3.4,3.4,549946,865200370472.75,6582355,145405,2026-09-10
NIFTY,2026-09-15,24250.0,CE,4.95,4.95,2.65,3.2,3.2,312087,491997766845.0,1865890,-234520,2026-09-10
NIFTY,2026-09-15,24450.0,CE,2.8,3.05,1.75,2.25,2.25,455119,723371051159.25,1243580,190060,2026-09-10
NIFTY,2026-09-15,24750.0,CE,2.0,2.0,1.2,1.6,1.6,63192,101667041160.75,1009255,-504985,2026-09-10
NIFTY,2026-09-15,24950.0,CE,1.25,1.5,0.65,0.95,0.95,42871,69529193311.5,755625,11830,2026-09-10
NIFTY,2026-09-15,25350.0,CE,0.8,1.05,0.6,0.65,0.65,15284,25184981201.25,411840,4615,2026-09-10
NIFTY,2026-09-22,23050.0,CE,510.0,532.4,454.7,458.75,458.75,530,811405101.0,29575,24375,2026-09-10
NIFTY,2026-09-22,23350.0,CE,273.6,304.2,228.3,237.95,237.95,3660,5616464272.25,40040,18720,2026-09-10
NIFTY,2026-09-22,23400.0,CE,251.0,272.4,198.65,212.25,212.25,56609,86966784810.75,1083615,967590,2026-09-10
NIFTY,2026-09-22,23450.0,CE,245.0,245.0,172.35,183.2,183.2,29155,44829095957.75,694850,618605,2026-09-10
NIFTY,2026-09-22,24200.0,CE,15.8,18.75,10.45,11.6,11.6,62231,97943399518.25,1127880,6110,2026-09-10
NIFTY,2026-09-22,24650.0,CE,7.45,7.45,4.35,5.0,5.0,3290,5272524374.0,80990,8970,2026-09-10
NIFTY,2026-09-22,26050.0,CE,1.15,1.45,1.05,1.1,1.1,25,42333164.25,1690,130,2026-09-10
NIFTY,2026-09-29,23900.0,CE,98.55,99.7,69.25,73.0,73.0,28264,44060892034.25,1782690,-66365,2026-09-10
NIFTY,2026-09-29,24000.0,CE,65.05,75.5,51.05,54.1,54.1,91151,142559405797.25,8304530,271700,2026-09-10
NIFTY,2026-09-29,24100.0,CE,58.75,58.75,38.35,40.1,40.1,30131,47289393820.5,1821755,-24765,2026-09-10
NIFTY,2026-09-29,24850.0,CE,10.1,10.1,8.1,8.65,8.65,6289,10162075859.0,271960,-54730,2026-09-10
NIFTY,2026-09-29,25650.0,CE,5.05,5.15,4.45,4.9,4.9,250,416893655.75,16640,1690,2026-09-10
NIFTY,2026-09-29,26700.0,CE,1.85,2.05,1.85,1.9,0.06,5,8678127.25,2535,-195,2026-09-10
NIFTY,2026-09-29,26900.0,CE,2.25,2.25,2.25,2.25,2.25,1,1748646.25,5655,0,2026-09-10
NIFTY,2026-10-06,22000.0,CE,0.0,0.0,0.0,2195.25,1590.04,0,0.0,0,0,2026-09-10
NIFTY,2026-10-06,22800.0,CE,0.0,0.0,0.0,1453.9,893.08,0,0.0,0,0,2026-09-10
NIFTY,2026-10-06,23950.0,CE,126.25,126.25,92.25,94.45,94.45,114,178253611.25,10205,-390,2026-09-10
NIFTY,2026-10-06,25400.0,PE,0.0,0.0,0.0,1304.85,1833.56,0,0.0,0,0,2026-09-10
NIFTY,2031-06-24,33000.0,PE,0.0,0.0,0.0,3810.15,3773.36,0,0.0,0,0,2026-09-10
NIFTY,2031-06-24,22500.0,PE,0.0,0.0,0.0,663.6,577.74,0,0.0,0,0,2026-09-10
NIFTY,2026-10-06,24600.0,CE,28.3,29.7,20.3,21.05,21.05,381,609803922.0,40300,845,2026-09-10
NIFTY,2026-10-06,24800.0,CE,0.0,0.0,0.0,241.5,58.52,0,0.0,0,0,2026-09-10
NIFTY,2026-10-06,25550.0,CE,6.5,7.85,6.05,7.4,11.73,17,28240914.0,2340,-325,2026-09-10
NIFTY,2026-10-06,25600.0,CE,6.15,8.4,6.15,7.55,7.55,71,118178017.75,9100,650,2026-09-10
NIFTY,2026-10-06,25750.0,CE,5.6,7.6,5.6,6.5,6.5,31,51898616.25,1365,-195,2026-09-10
NIFTY,2026-10-13,22900.0,CE,0.0,0.0,0.0,1011.95,884.23,0,0.0,0,0,2026-09-10
NIFTY,2026-10-13,24400.0,CE,130.25,130.25,130.25,130.25,168.4,1,1594466.25,65,65,2026-09-10
NIFTY,2026-10-13,24800.0,CE,50.4,50.4,21.0,21.0,21.0,18,29045529.5,910,910,2026-09-10
NIFTY,2026-10-27,21700.0,CE,0.0,0.0,0.0,2684.55,1989.98,0,0.0,0,0,2026-09-10
NIFTY,2026-10-27,21900.0,CE,0.0,0.0,0.0,2507.4,1807.36,0,0.0,0,0,2026-09-10
NIFTY,2026-10-27,22200.0,CE,0.0,0.0,0.0,2249.3,1543.54,0,0.0,0,0,2026-09-10
NIFTY,2026-10-27,22900.0,CE,858.15,858.15,795.0,813.9,993.93,6,9255710.75,195,195,2026-09-10
NIFTY,2026-10-27,23300.0,CE,617.45,617.45,517.55,526.5,526.5,399,618436783.25,17225,5785,2026-09-10
NIFTY,2026-10-27,24350.0,CE,110.05,110.05,93.75,96.0,96.0,454,721562468.25,27430,5005,2026-09-10
NIFTY,2026-10-27,26150.0,CE,10.2,10.2,9.75,9.9,23.22,11,18704403.25,520,-520,2026-09-10
NIFTY,2026-10-27,26550.0,CE,8.0,8.0,7.35,7.35,11.79,10,17262446.5,585,-325,2026-09-10
NIFTY,2026-10-27,26800.0,CE,6.6,6.6,6.25,6.25,7.53,8,13939337.75,650,-195,2026-09-10
NIFTY,2026-10-27,26950.0,CE,6.3,6.3,4.25,4.25,5.71,24,42051171.5,780,-130,2026-09-10
NIFTY,2026-11-23,22050.0,CE,0.0,0.0,0.0,2679.2,1830.91,0,0.0,0,0,2026-09-10
NIFTY,2026-11-23,22550.0,CE,0.0,0.0,0.0,2241.1,1433.76,0,0.0,0,0,2026-09-10
NIFTY,2026-11-23,22900.0,CE,0.0,0.0,0.0,1470.0,1183.05,0,0.0,65,0,2026-09-10
NIFTY,2026-11-23,24400.0,CE,219.75,219.75,175.65,176.85,176.85,531,848642489.5,49335,13780,2026-09-10
NIFTY,2026-11-23,24700.0,CE,129.15,132.3,112.95,115.25,115.25,1088,1755357305.0,36140,-16640,2026-09-10
NIFTY,2030-12-31,31500.0,PE,0.0,0.0,0.0,1885.5,3371.4,0,0.0,0,0,2026-09-10
NIFTY,2030-12-31,28500.0,PE,0.0,0.0,0.0,1083.1,2156.8,0,0.0,0,0,2026-09-10
NIFTY,2030-12-31,22500.0,PE,0.0,0.0,0.0,219.35,598.4,0,0.0,0,0,2026-09-10
NIFTY,2028-12-26,19500.0,PE,0.0,0.0,0.0,49.0,186.91,0,0.0,0,0,2026-09-10
NIFTY,2028-06-27,31500.0,PE,0.0,0.0,0.0,2935.6,5243.25,0,0.0,0,0,2026-09-10
NIFTY,2028-06-27,22500.0,PE,0.0,0.0,0.0,206.95,626.16,0,0.0,0,0,2026-09-10
NIFTY,2027-12-28,25500.0,PE,0.0,0.0,0.0,676.05,1702.2,0,0.0,0,0,2026-09-10
NIFTY,2027-06-29,16500.0,PE,22.2,22.2,22.2,22.2,1.87,1,1073943.0,780,0,2026-09-10
NIFTY,2027-03-30,28500.0,PE,0.0,0.0,0.0,2937.15,4170.09,0,0.0,65,0,2026-09-10
NIFTY,2027-03-30,21000.0,PE,106.0,113.3,98.0,101.55,101.55,3649,5005582994.75,678860,82225,2026-09-10
NIFTY,2026-12-29,25500.0,PE,1650.0,1695.0,1606.35,1679.95,1679.95,282,497721545.75,396890,-3965,2026-09-10
NIFTY,2026-11-23,26050.0,PE,0.0,0.0,0.0,1637.9,2325.5,0,0.0,0,0,2026-09-10
NIFTY,2026-11-23,25800.0,PE,0.0,0.0,0.0,1454.8,2105.3,0,0.0,0,0,2026-09-10
NIFTY,2026-11-23,24750.0,PE,0.0,0.0,0.0,807.55,1266.79,0,0.0,0,0,2026-09-10
NIFTY,2026-11-23,24300.0,PE,772.0,812.0,751.5,808.0,965.25,34,55410218.5,15405,-845,2026-09-10
NIFTY,2026-11-23,23750.0,PE,455.05,476.9,454.8,476.4,476.4,26,40922774.75,2925,845,2026-09-10
NIFTY,2026-11-23,22900.0,PE,0.0,0.0,0.0,176.95,313.24,0,0.0,0,0,2026-09-10
NIFTY,2026-11-23,22850.0,PE,0.0,0.0,0.0,168.05,298.11,0,0.0,0,0,2026-09-10
NIFTY,2026-11-23,22250.0,PE,0.0,0.0,0.0,85.8,155.5,0,0.0,0,0,2026-09-10
NIFTY,2026-11-23,21750.0,PE,0.0,0.0,0.0,45.3,82.48,0,0.0,0,0,2026-09-10
NIFTY,2026-10-27,26050.0,PE,0.0,0.0,0.0,1920.65,2388.03,0,0.0,0,0,2026-09-10
NIFTY,2026-10-27,25800.0,PE,2150.0,2150.0,2150.0,2150.0,2153.16,1,1816750.0,390,65,2026-09-10
NIFTY,2026-10-27,24450.0,PE,889.0,947.15,889.0,947.15,947.15,3,4948664.5,11700,-130,2026-09-10
NIFTY,2026-10-27,23700.0,PE,395.65,423.45,363.1,406.95,406.95,1967,3080299937.0,341380,9750,2026-09-10
NIFTY,2026-10-27,23200.0,PE,190.7,218.35,183.0,207.85,207.85,2783,4232859790.25,219115,33410,2026-09-10
NIFTY,2026-10-13,25100.0,PE,0.0,0.0,0.0,1406.65,1534.6,0,0.0,0,0,2026-09-10
NIFTY,2026-10-13,25050.0,PE,0.0,0.0,0.0,1363.6,1489.88,0,0.0,0,0,2026-09-10
NIFTY,2026-10-13,24900.0,PE,0.0,0.0,0.0,1237.05,1358.06,0,0.0,0,0,2026-09-10
NIFTY,2026-11-23,25000.0,CE,86.0,93.4,73.85,75.5,75.5,4367,7119234281.25,500825,-6695,2026-09-10
NIFTY,2026-11-23,25350.0,CE,0.0,0.0,0.0,514.1,177.59,0,0.0,0,0,2026-09-10
NIFTY,2026-11-23,26050.0,CE,0.0,0.0,0.0,309.45,85.47,0,0.0,0,0,2026-09-10
NIFTY,2026-12-29,23000.0,CE,1152.0,1173.2,1097.35,1109.55,1109.55,3623,5682285089.0,620385,44265,2026-09-10
NIFTY,2027-06-29,19000.0,CE,0.0,0.0,0.0,7800.0,5453.78,0,0.0,75,0,2026-09-10
NIFTY,2027-06-29,31500.0,CE,0.0,0.0,0.0,769.15,67.79,0,0.0,0,0,2026-09-10
NIFTY,2028-06-27,18000.0,CE,0.0,0.0,0.0,6809.35,7475.98,0,0.0,0,0,2026-09-10
NIFTY,2029-06-26,28500.0,CE,0.0,0.0,0.0,4213.3,2310.88,0,0.0,0,0,2026-09-10
NIFTY,2029-06-26,30000.0,CE,0.0,0.0,0.0,5268.4,1827.56,0,0.0,0,0,2026-09-10
NIFTY,2029-12-24,31500.0,CE,0.0,0.0,0.0,3429.3,1888.21,0,0.0,0,0,2026-09-10
NIFTY,2026-10-13,23750.0,PE,0.0,0.0,0.0,456.25,521.17,0,0.0,0,0,2026-09-10
NIFTY,2026-10-13,23100.0,PE,0.0,0.0,0.0,201.1,234.43,0,0.0,0,0,2026-09-10
NIFTY,2026-10-13,22800.0,PE,0.0,0.0,0.0,127.55,149.73,0,0.0,0,0,2026-09-10
NIFTY,2026-10-13,21950.0,PE,0.0,0.0,0.0,25.4,30.1,0,0.0,0,0,2026-09-10
NIFTY,2026-10-06,25650.0,PE,0.0,0.0,0.0,1519.5,2075.13,0,0.0,0,0,2026-09-10
NIFTY,2030-06-25,22500.0,CE,0.0,0.0,0.0,9012.4,6397.22,0,0.0,0,0,2026-09-10
NIFTY,2030-12-31,30000.0,CE,0.0,0.0,0.0,5227.2,3370.14,0,0.0,0,0,2026-09-10
NIFTY,2031-06-24,24000.0,CE,0.0,0.0,0.0,7181.9,6592.42,0,0.0,0,0,2026-09-10
NIFTY,2026-09-15,23800.0,PE,339.9,399.95,302.0,374.6,374.6,80917,126986577539.25,1680900,-380510,2026-09-10
NIFTY,2026-09-15,23850.0,PE,382.6,440.2,347.0,415.3,415.3,10367,16330039027.25,318370,-41925,2026-09-10
NIFTY,2026-09-15,24100.0,PE,607.65,685.0,585.35,652.95,652.95,3686,5924629392.5,549705,-78130,2026-09-10
NIFTY,2026-09-15,25950.0,PE,0.0,0.0,0.0,1430.0,2451.48,0,0.0,0,0,2026-09-10
NIFTY,2026-09-22,21700.0,PE,5.25,5.85,4.1,5.45,5.45,25461,35921545601.5,1042600,1042600,2026-09-10
NIFTY,2026-09-22,23700.0,PE,270.0,333.9,259.65,306.55,306.55,13017,20298213266.5,500500,94900,2026-09-10
NIFTY,2026-09-22,24350.0,PE,851.35,851.35,830.0,830.0,864.57,4,6548187.75,1300,-130,2026-09-10
NIFTY,2026-09-22,24500.0,PE,996.95,1050.0,975.0,1020.0,1020.0,232,384623505.5,57590,11050,2026-09-10
NIFTY,2026-09-22,25000.0,PE,1510.0,1545.0,1460.0,1515.6,1515.6,118,203307737.75,7735,7540,2026-09-10
NIFTY,2026-09-22,25100.0,PE,0.0,0.0,0.0,997.6,1577.13,0,0.0,0,0,2026-09-10
NIFTY,2026-09-22,25300.0,PE,0.0,0.0,0.0,1150.25,1775.07,0,0.0,0,0,2026-09-10
NIFTY,2026-09-22,25600.0,PE,0.0,0.0,0.0,1396.5,2073.52,0,0.0,0,0,2026-09-10
NIFTY,2026-09-29,21850.0,PE,11.15,13.15,11.15,12.75,12.75,84,119369796.0,14885,845,2026-09-10
NIFTY,2026-09-29,22150.0,PE,16.85,17.6,15.1,16.6,16.6,454,654131276.5,66755,-7930,2026-09-10
NIFTY,2026-09-29,22800.0,PE,46.05,53.2,41.2,49.15,49.15,24127,35830010830.25,1190540,152360,2026-09-10
NIFTY,2026-09-29,22950.0,PE,61.45,73.6,58.0,66.75,66.75,2075,3104314099.25,156000,34450,2026-09-10
NIFTY,2026-09-29,24700.0,PE,1162.25,1238.35,1145.5,1213.8,1213.8,218,366751212.75,246870,-6240,2026-09-10
NIFTY,2026-09-29,25800.0,PE,2250.0,2275.0,2250.0,2275.0,2245.74,3,5471375.0,20800,130,2026-09-10
NIFTY,2026-09-29,26650.0,PE,0.0,0.0,0.0,2517.6,3091.52,0,0.0,0,0,2026-09-10
NIFTY,2026-09-29,26800.0,PE,0.0,0.0,0.0,2222.1,3241.03,0,0.0,1365,0,2026-09-10
NIFTY,2026-09-29,27100.0,PE,0.0,0.0,0.0,2914.15,3540.09,0,0.0,0,0,2026-09-10
NIFTY,2026-09-29,30000.0,PE,6471.1,6519.0,6410.0,6507.8,6507.8,38,90064250.25,141700,-780,2026-09-10
NIFTY,2026-10-06,22700.0,PE,0.0,0.0,0.0,21.1,100.2,0,0.0,65,0,2026-09-10
NIFTY,2026-10-06,23000.0,PE,108.65,108.65,85.0,97.4,97.4,1464,2197627536.0,80600,3510,2026-09-10
NIFTY,2026-10-06,24300.0,PE,0.0,0.0,0.0,493.95,863.29,0,0.0,130,0,2026-09-10
NIFTY,2026-10-06,24650.0,PE,0.0,0.0,0.0,741.5,1147.55,0,0.0,0,0,2026-09-10
NIFTY,2026-10-06,25450.0,PE,0.0,0.0,0.0,1346.9,1881.55,0,0.0,0,0,2026-09-10
NIFTY,2026-09-15,25850.0,CE,0.75,0.8,0.5,0.6,0.6,3201,5378621443.0,68575,-5785,2026-09-10
NIFTY,2026-09-15,25750.0,CE,0.75,1.2,0.5,0.55,0.55,1533,2565927074.75,50700,1170,2026-09-10
NIFTY,2026-09-15,25650.0,CE,0.9,0.95,0.55,0.6,0.6,3471,5787191533.5,65065,-8060,2026-09-10
NIFTY,2026-09-15,25250.0,CE,1.0,1.05,0.55,0.65,0.65,19750,32415648070.0,817245,-9880,2026-09-10
NIFTY,2026-09-15,25050.0,CE,1.3,1.4,0.65,0.9,0.9,33779,55002918935.25,742235,100425,2026-09-10
NIFTY,2026-09-15,24850.0,CE,1.8,1.8,0.85,1.25,1.25,69192,111768297160.0,912275,57070,2026-09-10
NIFTY,2026-09-15,24100.0,CE,6.0,6.9,3.55,4.45,4.45,501790,786211282181.0,6590610,990340,2026-09-10
NIFTY,2026-09-15,23500.0,CE,114.2,130.0,67.0,77.0,77.0,2977798,4567221976915.0,11709555,3640715,2026-09-10
NIFTY,2026-09-15,23250.0,CE,270.0,305.85,212.4,229.15,229.15,54275,82938588177.25,197535,115375,2026-09-10
NIFTY,2026-09-15,23150.0,CE,341.05,390.2,294.9,316.3,316.3,10883,16619531337.5,62400,36335,2026-09-10
NIFTY,2026-09-15,23050.0,CE,472.35,480.0,385.3,404.6,404.6,2094,3196911250.0,30550,18590,2026-09-10
NIFTY,2026-09-15,23000.0,CE,494.5,533.5,430.0,453.85,453.85,19210,29320555124.25,342030,113230,2026-09-10
NIFTY,2026-09-15,22650.0,CE,0.0,0.0,0.0,889.65,849.87,0,0.0,65,0,2026-09-10
NIFTY,2026-09-15,22350.0,CE,0.0,0.0,0.0,2265.3,1146.12,0,0.0,0,0,2026-09-10
NIFTY,2026-09-15,22150.0,CE,0.0,0.0,0.0,2458.85,1345.57,0,0.0,0,0,2026-09-10
NIFTY,2026-09-15,22050.0,CE,0.0,0.0,0.0,2556.4,1445.44,0,0.0,0,0,2026-09-10
NIFTY,2026-09-29,24700.0,CE,13.85,13.9,10.55,11.05,11.05,15360,24672204583.0,1692340,-109005,2026-09-10
NIFTY,2026-09-29,24800.0,CE,11.15,11.35,8.85,9.3,9.3,13589,21914211783.75,1375725,-50440,2026-09-10
NIFTY,2026-09-29,24900.0,CE,9.6,9.75,7.9,8.35,8.35,4172,6754750353.0,651495,-81900,2026-09-10
NIFTY,2026-09-29,26400.0,CE,3.2,3.5,2.1,2.5,2.5,93,159603665.0,46475,650,2026-09-10
NIFTY,2026-10-06,23500.0,CE,317.95,318.0,264.6,271.7,271.7,1008,1558846422.25,46150,8255,2026-09-10
NIFTY,2026-10-06,24150.0,CE,77.3,77.35,58.35,58.8,58.8,211,332139206.75,12155,7930,2026-09-10
NIFTY,2026-10-06,24700.0,CE,0.0,0.0,0.0,278.3,70.68,0,0.0,390,0,2026-09-10
NIFTY,2026-10-06,25100.0,CE,0.0,0.0,0.0,163.85,32.05,0,0.0,0,0,2026-09-10
NIFTY,2026-10-06,25150.0,CE,9.1,10.4,9.1,10.05,10.05,66,107935194.25,2600,2600,2026-09-10
NIFTY,2026-10-13,22500.0,CE,0.0,0.0,0.0,1336.75,1196.4,0,0.0,0,0,2026-09-10
NIFTY,2026-10-13,23300.0,CE,0.0,0.0,0.0,729.75,617.88,0,0.0,0,0,2026-09-10
NIFTY,2026-10-13,23650.0,CE,0.0,0.0,0.0,524.65,430.21,0,0.0,0,0,2026-09-10
NIFTY,2026-10-13,24450.0,CE,0.0,0.0,0.0,207.95,155.9,0,0.0,0,0,2026-09-10
NIFTY,2026-10-13,25050.0,CE,0.0,0.0,0.0,88.1,60.63,0,0.0,0,0,2026-09-10
NIFTY,2026-10-13,25150.0,CE,0.0,0.0,0.0,75.25,50.99,0,0.0,0,0,2026-09-10
NIFTY,2026-10-27,21850.0,CE,0.0,0.0,0.0,2551.3,1852.56,0,0.0,0,0,2026-09-10
NIFTY,2026-10-27,22350.0,CE,0.0,0.0,0.0,2124.25,1417.17,0,0.0,0,0,2026-09-10
NIFTY,2026-10-27,22950.0,CE,829.55,829.55,780.25,780.25,959.1,3,4631903.25,130,65,2026-09-10
NIFTY,2026-10-27,23900.0,CE,243.5,248.65,212.05,218.3,218.3,2223,3486635837.75,174850,29705,2026-09-10
NIFTY,2026-10-27,24200.0,CE,144.5,152.55,123.7,127.25,127.25,5194,8216295662.25,382005,-18525,2026-09-10
NIFTY,2026-10-27,24500.0,CE,83.9,89.1,70.85,72.55,72.55,15015,23987395253.25,1397500,35165,2026-09-10
NIFTY,2026-10-27,25450.0,CE,17.8,17.8,17.8,17.8,67.76,5,8277035.0,4550,-325,2026-09-10
NIFTY,2026-10-27,26000.0,CE,12.25,12.25,10.9,11.2,11.2,3808,6438369424.5,1159340,-49790,2026-09-10
NIFTY,2026-10-27,26600.0,CE,7.0,7.2,6.95,7.0,10.79,19,32859729.5,585,-390,2026-09-10
NIFTY,2026-10-27,26750.0,CE,7.5,7.5,6.15,6.35,6.35,47,81741442.25,975,-130,2026-09-10
NIFTY,2026-11-23,22350.0,CE,0.0,0.0,0.0,2413.25,1587.5,0,0.0,0,0,2026-09-10
NIFTY,2026-11-23,22950.0,CE,0.0,0.0,0.0,1911.7,1149.34,0,0.0,0,0,2026-09-10
NIFTY,2026-11-23,23300.0,CE,700.0,700.0,678.75,687.05,687.05,15,23388179.75,845,715,2026-09-10
NIFTY,2026-11-23,24000.0,CE,340.0,356.8,310.0,316.1,316.1,3161,4999000305.0,401050,23270,2026-09-10
NIFTY,2026-11-23,24100.0,CE,309.0,309.05,270.0,276.3,276.3,549,870309316.5,37050,13715,2026-09-10
NIFTY,2026-11-23,24750.0,CE,116.15,117.3,105.8,106.3,106.3,27,43630977.0,6565,-130,2026-09-10
NIFTY,2026-11-23,25850.0,CE,0.0,0.0,0.0,358.95,106.26,0,0.0,0,0,2026-09-10
NIFTY,2026-12-29,21000.0,CE,2912.85,2912.85,2805.0,2820.9,2820.9,51,79098103.5,199765,-130,2026-09-10
NIFTY,2027-03-30,18000.0,CE,0.0,0.0,0.0,5643.55,6098.62,0,0.0,0,0,2026-09-10
NIFTY,2027-06-29,21000.0,CE,0.0,0.0,0.0,3061.8,3710.84,0,0.0,0,0,2026-09-10
NIFTY,2027-06-29,24000.0,CE,1221.8,1370.85,1221.8,1351.4,1671.71,4,6576092.25,2880,130,2026-09-10
NIFTY,2027-06-29,27000.0,CE,260.0,280.0,260.0,275.5,275.5,8,14180520.25,2665,260,2026-09-10
NIFTY,2027-12-28,22500.0,CE,0.0,0.0,0.0,3011.0,3337.38,0,0.0,65,0,2026-09-10
NIFTY,2027-12-28,25500.0,CE,0.0,0.0,0.0,2400.0,1692.34,0,0.0,0,0,2026-09-10
NIFTY,2027-12-28,28500.0,CE,344.0,349.45,307.0,311.3,311.3,182,341020439.5,43420,650,2026-09-10
NIFTY,2028-06-27,25500.0,CE,0.0,0.0,0.0,4676.6,2345.42,0,0.0,0,0,2026-09-10
NIFTY,2028-06-27,31500.0,CE,0.0,0.0,0.0,1784.8,608.36,0,0.0,0,0,2026-09-10
NIFTY,2028-12-26,21000.0,CE,0.0,0.0,0.0,7512.5,5683.87,0,0.0,0,0,2026-09-10
NIFTY,2029-12-24,22500.0,CE,0.0,0.0,0.0,8486.15,5841.67,0,0.0,0,0,2026-09-10
NIFTY,2030-06-25,16500.0,CE,0.0,0.0,0.0,13374.05,10556.43,0,0.0,0,0,2026-09-10
NIFTY,2030-06-25,19500.0,CE,0.0,0.0,0.0,11140.25,8366.67,0,0.0,0,0,2026-09-10
NIFTY,2031-06-24,28500.0,CE,0.0,0.0,0.0,5048.95,4442.68,0,0.0,0,0,2026-09-10
NIFTY,2026-09-15,22300.0,PE,3.15,3.45,1.85,2.15,2.15,166539,241426781417.25,1382355,206245,2026-09-10
NIFTY,2026-09-15,22550.0,PE,4.8,4.95,2.6,3.2,3.2,145689,213578406314.0,698425,336440,2026-09-10
NIFTY,2026-09-15,23100.0,PE,27.3,27.55,15.0,18.4,18.4,668532,1004599031156.5,5815355,971360,2026-09-10
NIFTY,2026-09-15,23350.0,PE,74.55,78.0,48.8,66.35,66.35,1214403,1848064044895.25,3415425,1101035,2026-09-10
NIFTY,2026-09-15,23950.0,PE,485.0,535.6,440.15,511.3,511.3,2081,3304193789.0,166075,-15925,2026-09-10
NIFTY,2026-09-15,24300.0,PE,807.6,884.35,785.0,848.05,848.05,2471,4037677335.25,249275,-21645,2026-09-10
NIFTY,2026-09-15,24600.0,PE,1101.35,1179.85,1096.0,1160.65,1160.65,179,299313612.0,138710,-4420,2026-09-10
NIFTY,2026-09-15,25200.0,PE,0.0,0.0,0.0,1743.75,1702.09,0,0.0,3315,0,2026-09-10
NIFTY,2026-09-15,26050.0,PE,0.0,0.0,0.0,1515.75,2551.4,0,0.0,0,0,2026-09-10
NIFTY,2026-09-22,21750.0,PE,5.2,5.75,5.1,5.45,5.45,83,117370617.0,4550,4550,2026-09-10
NIFTY,2026-09-22,21850.0,PE,0.0,0.0,0.0,7.85,1.11,0,0.0,0,0,2026-09-10
NIFTY,2026-09-22,22100.0,PE,7.25,7.9,6.3,6.8,6.8,3574,5135714736.75,82225,4680,2026-09-10
NIFTY,2026-09-22,22450.0,PE,13.1,13.9,10.8,12.25,12.25,2081,3038316381.75,39910,20670,2026-09-10
NIFTY,2026-09-22,22850.0,PE,31.25,34.75,25.6,29.85,29.85,5707,8487266580.0,111475,3835,2026-09-10
NIFTY,2026-09-22,22950.0,PE,41.7,45.35,33.35,40.25,40.25,4124,6162376798.5,119470,20605,2026-09-10
NIFTY,2026-09-22,25550.0,PE,0.0,0.0,0.0,1354.25,2023.71,0,0.0,0,0,2026-09-10
NIFTY,2026-09-29,21700.0,PE,10.3,11.6,9.8,10.3,10.3,1674,2362340626.75,218140,27365,2026-09-10
NIFTY,2026-09-29,22200.0,PE,18.45,19.0,15.85,17.6,17.6,3622,5230611574.5,246415,17875,2026-09-10
NIFTY,2026-09-29,22250.0,PE,23.0,23.05,16.95,18.5,18.5,683,988602007.25,55510,1885,2026-09-10
NIFTY,2026-09-29,23150.0,PE,99.8,116.6,90.0,108.4,108.4,2475,3740894566.5,255905,2860,2026-09-10
NIFTY,2026-09-29,23700.0,PE,326.55,363.6,293.8,341.8,341.8,8983,14028991726.75,1411540,-20410,2026-09-10
NIFTY,2026-09-29,23750.0,PE,358.55,393.8,327.25,374.75,374.75,1077,1687764838.5,224445,-17680,2026-09-10
NIFTY,2026-09-29,23950.0,PE,478.8,545.15,464.55,512.5,512.5,646,1026450230.0,143975,-7410,2026-09-10
NIFTY,2026-09-29,24100.0,PE,585.0,670.15,585.0,650.7,650.7,2328,3740326960.5,1012180,-28340,2026-09-10
NIFTY,2026-09-29,24250.0,PE,727.8,808.15,719.1,795.6,795.6,238,386758814.0,172900,-3705,2026-09-10
NIFTY,2026-09-29,24400.0,PE,883.05,952.85,852.85,923.3,923.3,763,1254750497.0,1999335,-19110,2026-09-10
NIFTY,2026-09-29,24600.0,PE,1077.55,1140.8,1050.0,1106.8,1106.8,537,896434769.75,696800,-11180,2026-09-10
NIFTY,2026-09-29,25750.0,PE,0.0,0.0,0.0,1840.05,2196.2,0,0.0,520,0,2026-09-10
NIFTY,2026-09-29,26300.0,PE,2725.3,2748.0,2725.3,2748.0,2742.8,2,3774764.5,80925,65,2026-09-10
NIFTY,2026-09-29,27200.0,PE,0.0,0.0,0.0,3004.3,3639.79,0,0.0,0,0,2026-09-10
NIFTY,2026-10-06,21850.0,PE,0.0,0.0,0.0,8.55,14.17,0,0.0,0,0,2026-09-10
NIFTY,2026-10-06,22450.0,PE,0.0,0.0,0.0,33.7,60.48,0,0.0,0,0,2026-09-10
NIFTY,2026-10-06,22950.0,PE,0.0,0.0,0.0,86.65,157.31,0,0.0,0,0,2026-09-10
NIFTY,2026-10-06,23200.0,PE,133.6,151.85,124.4,142.65,142.65,198,300347443.5,6760,6305,2026-09-10
NIFTY,2026-10-06,23350.0,PE,0.0,0.0,0.0,164.35,293.84,0,0.0,0,0,2026-09-10
NIFTY,2026-10-06,23850.0,PE,461.3,471.85,437.85,471.85,551.61,10,15796391.0,5070,-650,2026-09-10
NIFTY,2026-10-06,24350.0,PE,0.0,0.0,0.0,560.0,901.93,0,0.0,0,0,2026-09-10
NIFTY,2026-10-06,25100.0,PE,0.0,0.0,0.0,1063.1,1550.23,0,0.0,0,0,2026-09-10
NIFTY,2026-10-06,25150.0,PE,0.0,0.0,0.0,1102.0,1596.81,0,0.0,0,0,2026-09-10
NIFTY,2026-10-06,25500.0,PE,0.0,0.0,0.0,1389.4,1929.72,0,0.0,0,0,2026-09-10
NIFTY,2026-10-13,21800.0,PE,0.0,0.0,0.0,18.1,21.41,0,0.0,0,0,2026-09-10
NIFTY,2026-10-13,21850.0,PE,0.0,0.0,0.0,20.3,24.04,0,0.0,0,0,2026-09-10
NIFTY,2026-10-13,22200.0,PE,43.1,43.1,25.0,25.0,51.0,2,2890426.5,0,0,2026-09-10
NIFTY,2026-10-13,24750.0,PE,0.0,0.0,0.0,1115.1,1230.17,0,0.0,0,0,2026-09-10
NIFTY,2026-10-13,24950.0,PE,0.0,0.0,0.0,1278.75,1401.59,0,0.0,0,0,2026-09-10
NIFTY,2026-10-13,25300.0,PE,0.0,0.0,0.0,1583.0,1716.81,0,0.0,0,0,2026-09-10
NIFTY,2026-10-27,22250.0,PE,50.6,59.2,47.85,54.35,54.35,3164,4587098064.25,383565,44525,2026-09-10
NIFTY,2026-10-27,22650.0,PE,86.6,99.1,82.15,96.25,96.25,231,341433839.5,18850,8450,2026-09-10
NIFTY,2026-10-27,22800.0,PE,106.55,122.3,100.95,114.65,114.65,3526,5250888093.75,191620,33085,2026-09-10
NIFTY,2026-10-27,22850.0,PE,0.0,0.0,0.0,250.85,216.12,0,0.0,0,0,2026-09-10
NIFTY,2026-10-27,25750.0,PE,0.0,0.0,0.0,1659.3,2106.76,0,0.0,325,0,2026-09-10
NIFTY,2026-10-27,25900.0,PE,0.0,0.0,0.0,2143.85,2246.56,0,0.0,130,0,2026-09-10
NIFTY,2026-10-27,26150.0,PE,0.0,0.0,0.0,1657.0,2483.13,0,0.0,130,0,2026-09-10
NIFTY,2026-11-23,22300.0,PE,107.5,107.5,107.5,107.5,107.5,1,1456487.5,65,65,2026-09-10
NIFTY,2026-11-23,22750.0,PE,0.0,0.0,0.0,151.25,269.43,0,0.0,0,0,2026-09-10
NIFTY,2026-11-23,23850.0,PE,511.4,537.4,510.0,536.85,706.79,30,47526787.75,3185,-585,2026-09-10
NIFTY,2026-11-23,24200.0,PE,686.1,746.0,676.0,735.2,735.2,72,116633439.0,13780,-1365,2026-09-10
NIFTY,2026-11-23,24250.0,PE,0.0,0.0,0.0,679.0,934.33,0,0.0,2080,0,2026-09-10
NIFTY,2026-11-23,25150.0,PE,0.0,0.0,0.0,1030.25,1566.93,0,0.0,0,0,2026-09-10
NIFTY,2026-11-23,25500.0,PE,1720.9,1800.0,1710.0,1800.0,1849.98,8,14159265.25,5135,195,2026-09-10
NIFTY,2026-12-29,13000.0,PE,4.7,8.95,4.7,8.7,8.7,6,5072369.25,7745,130,2026-09-10
NIFTY,2026-12-29,26000.0,PE,2050.05,2151.05,2050.0,2130.95,2130.95,549,1002691660.75,1451185,-1430,2026-09-10
NIFTY,2027-03-30,19500.0,PE,53.4,57.3,52.05,56.05,56.05,295,374982286.25,144755,12350,2026-09-10
NIFTY,2028-12-26,27000.0,PE,1770.0,1805.0,1770.0,1805.0,2183.28,3,5614375.0,16415,0,2026-09-10
NIFTY,2028-12-26,28500.0,PE,0.0,0.0,0.0,1451.15,2939.83,0,0.0,0,0,2026-09-10
NIFTY,2029-06-26,24000.0,PE,0.0,0.0,0.0,825.0,1000.66,0,0.0,155,0,2026-09-10
NIFTY,2029-12-24,25500.0,PE,0.0,0.0,0.0,597.3,1384.55,0,0.0,0,0,2026-09-10
NIFTY,2029-12-24,31500.0,PE,0.0,0.0,0.0,2240.25,3987.69,0,0.0,0,0,2026-09-10
NIFTY,2030-06-25,21000.0,PE,0.0,0.0,0.0,220.0,389.62,0,0.0,65,0,2026-09-10
NIFTY,2030-06-25,25500.0,PE,0.0,0.0,0.0,568.55,1306.68,0,0.0,0,0,2026-09-10
NIFTY,2030-12-31,21000.0,PE,0.0,0.0,0.0,450.0,385.14,0,0.0,845,0,2026-09-10
NIFTY,2026-09-29,24400.0,CE,25.7,25.7,18.1,18.95,18.95,16002,25400739432.25,2847910,-9945,2026-09-10
NIFTY,2026-09-29,22100.0,CE,1450.0,1450.0,1405.55,1405.55,1458.25,2,3058610.75,910,130,2026-09-10
NIFTY,2026-09-29,21800.0,CE,0.0,0.0,0.0,2150.0,1748.84,0,0.0,130,0,2026-09-10
NIFTY,2026-09-29,21750.0,CE,0.0,0.0,0.0,1980.0,1797.87,0,0.0,65,0,2026-09-10
NIFTY,2026-09-29,19500.0,CE,4038.45,4038.45,4000.0,4020.0,4036.89,10,15289085.5,140465,0,2026-09-10
NIFTY,2026-09-22,25300.0,CE,2.95,3.2,1.8,2.25,2.25,4292,7058893016.5,105170,74295,2026-09-10
NIFTY,2026-09-15,26200.0,CE,0.6,0.65,0.45,0.5,0.5,18040,30722772648.75,415740,-155285,2026-09-10
NIFTY,2026-09-15,26100.0,CE,0.65,0.75,0.45,0.5,0.5,9514,16140878497.25,191945,-12480,2026-09-10
NIFTY,2026-09-22,25950.0,PE,0.0,0.0,0.0,1703.35,2422.57,0,0.0,0,0,2026-09-10
NIFTY,2026-09-22,25700.0,PE,0.0,0.0,0.0,1482.25,2173.2,0,0.0,0,0,2026-09-10
NIFTY,2026-09-22,25650.0,PE,0.0,0.0,0.0,1439.15,2123.35,0,0.0,0,0,2026-09-10
NIFTY,2026-09-22,24850.0,PE,0.0,0.0,0.0,818.9,1332.31,0,0.0,0,0,2026-09-10
NIFTY,2026-09-22,24650.0,PE,0.0,0.0,0.0,689.35,1140.38,0,0.0,0,0,2026-09-10
NIFTY,2026-09-22,24600.0,PE,1080.0,1090.0,1070.0,1071.0,1093.21,29,48403316.0,2340,1495,2026-09-10
NIFTY,2026-09-22,24450.0,PE,925.0,1002.4,925.0,1002.4,954.39,19,31361690.75,2600,845,2026-09-10
NIFTY,2026-09-29,26150.0,PE,0.0,0.0,0.0,1720.0,2593.48,0,0.0,65,0,2026-09-10
NIFTY,2026-09-29,26350.0,PE,0.0,0.0,0.0,2262.9,2792.6,0,0.0,0,0,2026-09-10
NIFTY,2026-09-29,26400.0,PE,2915.2,2915.2,2874.8,2874.8,2842.41,2,3808350.0,3640,-130,2026-09-10
NIFTY,2026-09-29,26550.0,PE,0.0,0.0,0.0,2431.75,2991.86,0,0.0,0,0,2026-09-10
NIFTY,2026-10-06,22050.0,PE,0.0,0.0,0.0,13.95,23.92,0,0.0,0,0,2026-09-10
NIFTY,2026-10-06,22350.0,PE,23.0,33.45,23.0,29.7,29.7,158,229833275.75,3900,1625,2026-09-10
NIFTY,2026-10-06,23700.0,PE,328.45,373.25,315.5,351.45,351.45,186,290606488.25,12285,-1560,2026-09-10
NIFTY,2026-10-06,23950.0,PE,486.55,545.0,486.55,545.0,614.76,6,9536543.25,2535,-130,2026-09-10
NIFTY,2026-10-06,24450.0,PE,0.0,0.0,0.0,617.35,981.29,0,0.0,0,0,2026-09-10
NIFTY,2026-10-06,24850.0,PE,0.0,0.0,0.0,877.55,1322.35,0,0.0,0,0,2026-09-10
NIFTY,2026-10-27,22300.0,PE,58.0,61.25,50.7,56.85,56.85,2607,3788179908.5,252005,39650,2026-09-10
NIFTY,2026-10-27,23500.0,PE,310.35,328.9,277.25,314.65,314.65,12093,18709180132.5,1499095,35360,2026-09-10
NIFTY,2026-10-27,25350.0,PE,0.0,0.0,0.0,865.7,1744.43,0,0.0,260,0,2026-09-10
NIFTY,2026-10-27,25950.0,PE,0.0,0.0,0.0,1842.3,2293.55,0,0.0,0,0,2026-09-10
NIFTY,2026-11-23,22700.0,PE,140.1,157.0,135.3,151.95,151.95,323,479605785.75,50050,4160,2026-09-10
NIFTY,2026-09-22,24400.0,PE,899.9,953.55,864.35,919.9,919.9,64,105243008.0,25025,1495,2026-09-10
NIFTY,2026-09-22,23950.0,PE,482.9,526.45,458.3,505.0,505.0,200,317635594.25,54730,-325,2026-09-10
NIFTY,2026-09-22,23350.0,PE,118.85,140.0,102.0,126.5,126.5,10345,15781779100.75,138580,21060,2026-09-10
NIFTY,2026-09-22,22550.0,PE,14.65,16.85,13.0,15.15,15.15,3216,4716921901.25,77025,26585,2026-09-10
NIFTY,2026-09-22,22500.0,PE,15.9,15.9,11.75,13.7,13.7,25660,37549739061.25,617630,194220,2026-09-10
NIFTY,2026-09-22,22050.0,PE,6.0,7.5,6.0,6.7,6.7,340,487459037.0,19175,6760,2026-09-10
NIFTY,2026-09-15,25750.0,PE,0.0,0.0,0.0,1263.75,2251.64,0,0.0,0,0,2026-09-10
NIFTY,2026-09-15,25600.0,PE,0.0,0.0,0.0,1728.1,2101.76,0,0.0,260,0,2026-09-10
NIFTY,2026-11-23,23450.0,PE,334.8,359.2,324.3,359.2,515.94,30,46392827.0,1235,975,2026-09-10
NIFTY,2026-11-23,23650.0,PE,412.35,441.85,412.35,439.3,439.3,35,54790661.25,4160,1755,2026-09-10
NIFTY,2026-11-23,25700.0,PE,0.0,0.0,0.0,1890.0,2019.03,0,0.0,65,0,2026-09-10
NIFTY,2026-12-29,19000.0,PE,26.15,28.0,26.15,27.15,27.15,370,457595758.75,624135,2665,2026-09-10
NIFTY,2026-12-29,22000.0,PE,114.95,121.85,104.55,117.6,117.6,10284,14783140534.5,2286540,59250,2026-09-10
NIFTY,2027-03-30,18000.0,PE,0.0,0.0,0.0,26.5,4.18,0,0.0,715,0,2026-09-10
NIFTY,2027-06-29,18000.0,PE,0.0,0.0,0.0,73.0,13.16,0,0.0,165,0,2026-09-10
NIFTY,2027-06-29,27000.0,PE,0.0,0.0,0.0,2100.0,2754.38,0,0.0,65,0,2026-09-10
NIFTY,2028-06-27,27000.0,PE,0.0,0.0,0.0,2752.35,2345.79,0,0.0,0,0,2026-09-10
NIFTY,2028-12-26,24000.0,PE,0.0,0.0,0.0,730.05,1031.01,0,0.0,5135,0,2026-09-10
NIFTY,2026-09-15,25450.0,PE,0.0,0.0,0.0,1885.0,1951.88,0,0.0,1430,0,2026-09-10
NIFTY,2026-09-15,25000.0,PE,1500.05,1580.0,1485.1,1546.05,1546.05,256,441517745.5,131755,-5785,2026-09-10
NIFTY,2026-09-15,24550.0,PE,1085.0,1130.35,1032.45,1126.7,1126.7,170,283039139.5,24375,-1040,2026-09-10
NIFTY,2026-09-15,24250.0,PE,752.15,826.5,738.9,797.65,797.65,172,279921193.5,52390,-3445,2026-09-10
NIFTY,2026-09-15,23200.0,PE,50.0,50.0,23.4,30.05,30.05,1058717,1598556579821.5,7392580,2701985,2026-09-10
NIFTY,2026-09-15,22600.0,PE,4.75,5.3,2.85,3.4,3.4,250535,368099847144.25,2435810,394875,2026-09-10
NIFTY,2026-09-15,22000.0,PE,2.15,2.4,1.2,1.4,1.4,208840,298664959635.25,2893865,1336270,2026-09-10
NIFTY,2026-09-15,21700.0,PE,1.65,2.0,0.75,0.95,0.95,94435,133207775411.75,1625715,1625715,2026-09-10
NIFTY,2030-12-31,27000.0,CE,0.0,0.0,0.0,6772.8,4580.1,0,0.0,0,0,2026-09-10
NIFTY,2030-12-31,22500.0,CE,0.0,0.0,0.0,9536.95,6948.14,0,0.0,0,0,2026-09-10
NIFTY,2030-06-25,33000.0,CE,0.0,0.0,0.0,4416.45,1961.5,0,0.0,0,0,2026-09-10
NIFTY,2030-06-25,24000.0,CE,0.0,0.0,0.0,8591.55,5521.86,0,0.0,0,0,2026-09-10
NIFTY,2028-12-26,30000.0,CE,915.05,915.05,905.05,907.0,907.0,8,16073014.75,19430,130,2026-09-10
NIFTY,2028-12-26,28500.0,CE,0.0,0.0,0.0,3608.65,1772.63,0,0.0,0,0,2026-09-10
NIFTY,2028-12-26,31500.0,PE,0.0,0.0,0.0,2673.4,4761.24,0,0.0,0,0,2026-09-10
NIFTY,2029-06-26,16500.0,PE,0.0,0.0,0.0,8.1,41.74,0,0.0,0,0,2026-09-10
NIFTY,2029-06-26,18000.0,PE,0.0,0.0,0.0,118.45,99.98,0,0.0,0,0,2026-09-10
NIFTY,2029-06-26,19500.0,PE,0.0,0.0,0.0,56.0,207.13,0,0.0,0,0,2026-09-10
NIFTY,2029-12-24,25000.0,PE,0.0,0.0,0.0,1000.05,1233.26,0,0.0,1265,0,2026-09-10
NIFTY,2031-06-24,18000.0,PE,0.0,0.0,0.0,173.45,131.5,0,0.0,0,0,2026-09-10
NIFTY,2028-12-26,28000.0,CE,1576.75,1625.0,1570.0,1570.0,1940.29,6,11539697.0,9890,65,2026-09-10
NIFTY,2028-12-26,25500.0,CE,0.0,0.0,0.0,3800.0,2972.01,0,0.0,0,0,2026-09-10
NIFTY,2028-12-26,24000.0,CE,3610.05,3610.05,3610.05,3610.05,3755.12,1,1794653.25,1755,0,2026-09-10
NIFTY,2028-12-26,18000.0,CE,0.0,0.0,0.0,9380.3,7996.02,0,0.0,0,0,2026-09-10
NIFTY,2027-12-28,24000.0,CE,2148.0,2148.0,2065.8,2080.6,2080.6,139,235918767.5,122525,1755,2026-09-10
NIFTY,2027-06-29,30000.0,CE,0.0,0.0,0.0,1478.4,145.86,0,0.0,0,0,2026-09-10
NIFTY,2026-12-29,26000.0,CE,67.45,70.0,63.5,64.6,64.6,8972,15201074151.25,4332765,-100835,2026-09-10
NIFTY,2026-12-29,25000.0,CE,194.0,199.95,173.5,176.5,176.5,14281,23375810266.25,2987190,105625,2026-09-10
NIFTY,2026-11-23,25500.0,CE,44.0,47.35,38.65,39.15,39.15,2589,4298200572.25,296530,12350,2026-09-10
NIFTY,2026-11-23,24900.0,CE,0.0,0.0,0.0,691.9,272.34,0,0.0,0,0,2026-09-10
NIFTY,2026-11-23,24650.0,CE,136.0,136.0,122.55,124.2,124.2,199,320556691.0,11505,-3900,2026-09-10
NIFTY,2026-11-23,24450.0,CE,211.0,211.0,162.85,163.75,163.75,59,94445624.0,9425,1365,2026-09-10
NIFTY,2026-11-23,23900.0,CE,394.85,394.9,351.85,355.5,355.5,214,337626344.25,11765,195,2026-09-10
NIFTY,2026-11-23,23700.0,CE,496.55,496.6,447.5,451.45,451.45,336,527875218.0,20735,2600,2026-09-10
NIFTY,2026-11-23,22450.0,CE,0.0,0.0,0.0,2326.6,1509.72,0,0.0,0,0,2026-09-10
NIFTY,2026-11-23,21750.0,CE,0.0,0.0,0.0,2952.95,2087.63,0,0.0,0,0,2026-09-10
NIFTY,2026-10-27,26700.0,CE,8.0,8.0,6.6,6.65,9.03,18,31247284.25,650,-455,2026-09-10
NIFTY,2026-10-27,26100.0,CE,11.0,11.0,10.15,10.35,25.18,14,23760535.5,1495,-390,2026-09-10
NIFTY,2026-10-27,25800.0,CE,15.3,15.3,11.7,12.55,12.55,226,379190643.0,37570,-2990,2026-09-10
NIFTY,2026-10-27,25600.0,CE,14.45,16.8,14.15,14.95,14.95,591,984016923.5,64285,-11440,2026-09-10
NIFTY,2026-10-27,25500.0,CE,18.0,18.95,15.6,16.05,16.05,4501,7465311135.75,808990,-43290,2026-09-10
NIFTY,2026-10-27,25300.0,CE,21.1,21.95,20.0,20.5,20.5,305,501990989.5,51415,-3770,2026-09-10
NIFTY,2026-10-27,25100.0,CE,29.65,30.55,25.85,26.6,26.6,1304,2129840846.25,132730,-2925,2026-09-10
NIFTY,2026-10-27,23950.0,CE,224.4,229.45,196.05,200.75,200.75,1230,1931990258.25,24830,-50635,2026-09-10
NIFTY,2026-10-27,22550.0,CE,0.0,0.0,0.0,1962.0,1255.47,0,0.0,0,0,2026-09-10
NIFTY,2026-10-27,21750.0,CE,0.0,0.0,0.0,2639.9,1943.89,0,0.0,0,0,2026-09-10
NIFTY,2026-10-13,24900.0,CE,0.0,0.0,0.0,110.75,77.96,0,0.0,0,0,2026-09-10
NIFTY,2026-10-13,24850.0,CE,0.0,0.0,0.0,119.25,84.58,0,0.0,0,0,2026-09-10
NIFTY,2026-10-13,24550.0,CE,0.0,0.0,0.0,183.05,134.7,0,0.0,0,0,2026-09-10
NIFTY,2026-10-13,24050.0,CE,0.0,0.0,0.0,340.6,267.77,0,0.0,0,0,2026-09-10
NIFTY,2026-10-13,23100.0,CE,0.0,0.0,0.0,864.75,744.06,0,0.0,0,0,2026-09-10
NIFTY,2026-10-13,22800.0,CE,0.0,0.0,0.0,1089.55,957.64,0,0.0,0,0,2026-09-10
NIFTY,2026-10-13,22750.0,CE,0.0,0.0,0.0,1129.3,995.8,0,0.0,0,0,2026-09-10
NIFTY,2026-10-13,22200.0,CE,0.0,0.0,0.0,1601.7,1455.49,0,0.0,0,0,2026-09-10
NIFTY,2026-10-13,22100.0,CE,0.0,0.0,0.0,1693.15,1545.47,0,0.0,0,0,2026-09-10
NIFTY,2026-10-06,25500.0,CE,8.05,8.9,6.65,7.2,7.2,359,595212748.0,20280,10660,2026-09-10
NIFTY,2026-10-06,25000.0,CE,13.65,13.95,11.25,11.8,11.8,292,474737672.5,13715,3250,2026-09-10
NIFTY,2026-10-06,24450.0,CE,0.0,0.0,0.0,364.35,110.42,0,0.0,0,0,2026-09-10
NIFTY,2026-10-06,24350.0,CE,0.0,0.0,0.0,406.45,130.64,0,0.0,0,0,2026-09-10
NIFTY,2026-10-06,24300.0,CE,51.4,51.6,40.0,40.6,40.6,432,683610466.5,25935,5395,2026-09-10
NIFTY,2026-10-06,24250.0,CE,55.0,58.85,44.0,45.85,45.85,144,227449699.75,4940,-2925,2026-09-10
NIFTY,2026-10-06,23150.0,CE,0.0,0.0,0.0,1160.25,641.9,0,0.0,0,0,2026-09-10
NIFTY,2026-10-06,22450.0,CE,0.0,0.0,0.0,1769.15,1181.32,0,0.0,0,0,2026-09-10
NIFTY,2026-10-06,22150.0,CE,0.0,0.0,0.0,2051.3,1450.2,0,0.0,0,0,2026-09-10
NIFTY,2026-10-06,21750.0,CE,0.0,0.0,0.0,2438.05,1828.67,0,0.0,0,0,2026-09-10
NIFTY,2026-09-29,30000.0,CE,0.7,0.7,0.6,0.65,0.65,318,620113185.25,286325,780,2026-09-10
NIFTY,2026-09-29,26750.0,CE,1.3,1.9,1.3,1.9,0.05,12,20866248.0,7150,-390,2026-09-10
NIFTY,2026-09-29,26450.0,CE,0.0,0.0,0.0,2.4,0.17,0,0.0,2730,0,2026-09-10
NIFTY,2026-09-29,26050.0,CE,4.45,4.45,3.15,3.65,3.65,735,1244709118.25,12545,-25610,2026-09-10
NIFTY,2026-09-29,25900.0,CE,3.65,4.3,3.65,4.05,4.05,288,484922805.25,28340,-6500,2026-09-10
NIFTY,2026-09-29,25700.0,CE,4.8,4.8,4.2,4.45,4.45,1856,3100991042.5,265655,-31330,2026-09-10
NIFTY,2026-09-29,25550.0,CE,5.35,5.45,4.9,5.35,5.35,356,591347412.5,40105,-8190,2026-09-10
NIFTY,2026-09-29,25450.0,CE,6.25,6.25,5.25,5.65,5.65,319,527821940.75,50765,3445,2026-09-10
NIFTY,2026-09-29,25000.0,CE,10.0,10.0,7.25,7.9,7.9,31534,51259055666.0,5856630,-279370,2026-09-10
NIFTY,2026-09-29,24750.0,CE,13.2,13.2,9.85,10.35,10.35,1611,2592834198.5,259805,33475,2026-09-10
NIFTY,2026-09-29,24650.0,CE,14.0,15.0,11.4,11.85,11.85,2333,3739976981.0,181545,-6760,2026-09-10
NIFTY,2026-09-29,24600.0,CE,15.05,16.35,12.0,12.6,12.6,17292,27665205542.0,1675765,105300,2026-09-10
NIFTY,2026-09-29,24350.0,CE,28.6,28.6,20.5,21.15,21.15,4015,6360917283.5,466765,-12935,2026-09-10
NIFTY,2026-09-29,23150.0,CE,488.0,488.15,431.7,437.35,437.35,220,337600461.25,5980,3640,2026-09-10
NIFTY,2026-09-29,22700.0,CE,880.4,880.4,810.3,810.3,915.09,6,9179920.75,1885,65,2026-09-10
NIFTY,2026-09-29,22550.0,CE,0.0,0.0,0.0,1050.0,1043.75,0,0.0,195,0,2026-09-10
NIFTY,2026-09-29,22450.0,CE,0.0,0.0,0.0,1450.0,1132.63,0,0.0,130,0,2026-09-10
NIFTY,2026-09-29,22000.0,CE,1550.0,1574.75,1470.7,1498.5,1498.5,598,914298550.75,788645,7995,2026-09-10
NIFTY,2026-09-29,21850.0,CE,0.0,0.0,0.0,2030.0,1699.95,0,0.0,65,0,2026-09-10
NIFTY,2026-09-22,25550.0,CE,2.35,2.4,2.0,2.1,2.1,58,96332132.0,18785,715,2026-09-10
NIFTY,2026-09-22,25500.0,CE,2.3,2.6,1.85,2.05,2.05,8182,13562881930.0,354445,149305,2026-09-10
NIFTY,2026-09-22,23500.0,CE,180.55,210.0,146.0,154.2,154.2,77766,119665837196.75,2148510,1617785,2026-09-10
NIFTY,2026-09-22,22300.0,CE,0.0,0.0,0.0,2006.25,1228.86,0,0.0,0,0,2026-09-10
NIFTY,2026-09-22,21750.0,CE,0.0,0.0,0.0,2536.8,1770.11,0,0.0,0,0,2026-09-10
NIFTY,2026-09-15,26000.0,CE,0.65,0.7,0.5,0.55,0.55,62551,105713664764.5,2115685,11635,2026-09-10
NIFTY,2026-09-15,25550.0,CE,0.9,0.9,0.5,0.6,0.6,9131,15164743142.25,299195,-17550,2026-09-10
NIFTY,2026-09-15,25150.0,CE,1.2,1.2,0.6,0.75,0.75,26676,43610155501.25,614705,66170,2026-09-10
NIFTY,2026-09-15,24900.0,CE,1.3,1.6,0.85,1.05,1.05,152625,247035578952.5,2916290,-251095,2026-09-10
NIFTY,2026-09-15,24650.0,CE,2.2,2.3,1.35,1.8,1.8,120056,192374669688.5,1037335,86385,2026-09-10
NIFTY,2026-09-15,24600.0,CE,2.3,2.35,1.4,1.8,1.8,326878,522719686762.0,4055350,22945,2026-09-10
NIFTY,2026-09-15,24050.0,CE,8.8,8.85,4.2,5.1,5.1,298904,467369909438.25,2641600,-536770,2026-09-10
NIFTY,2026-09-15,23100.0,CE,426.7,438.1,340.0,361.2,361.2,13187,20133414102.75,145015,64870,2026-09-10
NIFTY,2026-09-15,22600.0,CE,870.0,872.0,820.95,830.3,830.3,28,42689331.75,1430,585,2026-09-10
NIFTY,2026-09-15,21900.0,CE,0.0,0.0,0.0,2703.3,1595.29,0,0.0,0,0,2026-09-10
NIFTY,2026-09-29,24550.0,PE,1021.3,1087.15,1017.5,1079.0,1079.0,19,31610881.25,54340,-325,2026-09-10
NIFTY,2026-09-29,24000.0,PE,520.0,588.0,500.75,552.25,552.25,16495,26312039793.0,6482490,-124550,2026-09-10
NIFTY,2026-09-29,23550.0,PE,241.7,271.2,218.4,252.55,252.55,6230,9635446336.75,253760,75920,2026-09-10
NIFTY,2026-09-29,23500.0,PE,222.0,248.3,196.55,228.45,228.45,83878,129324591834.75,4640155,65520,2026-09-10
NIFTY,2026-09-15,23950.0,CE,11.9,13.0,3.65,7.1,7.1,351722,547728002003.0,3344705,634400,2026-09-10
NIFTY,2026-09-15,25100.0,CE,0.95,1.25,0.7,0.8,0.8,89190,145519220346.5,2517645,80535,2026-09-10
NIFTY,2026-09-15,25800.0,CE,0.75,0.75,0.5,0.55,0.55,24776,41550344943.25,987805,-35100,2026-09-10
NIFTY,2026-09-15,26050.0,CE,1.0,1.05,0.45,0.55,0.55,3722,6302439630.5,62465,31525,2026-09-10
NIFTY,2026-09-22,21850.0,CE,0.0,0.0,0.0,2439.15,1670.75,0,0.0,0,0,2026-09-10
NIFTY,2026-09-22,21950.0,CE,0.0,0.0,0.0,2341.9,1571.64,0,0.0,0,0,2026-09-10
NIFTY,2026-09-22,22150.0,CE,0.0,0.0,0.0,2149.05,1374.69,0,0.0,0,0,2026-09-10
NIFTY,2026-09-22,22350.0,CE,0.0,0.0,0.0,1959.05,1180.77,0,0.0,0,0,2026-09-10
NIFTY,2026-09-22,24000.0,CE,34.85,39.35,21.55,22.9,22.9,80171,125208978830.0,2250625,644800,2026-09-10
NIFTY,2026-09-22,24250.0,CE,14.9,15.55,9.0,10.0,10.0,9062,14290623350.25,223600,14625,2026-09-10
NIFTY,2026-09-22,24600.0,CE,6.2,6.9,4.85,5.5,5.5,37955,60703765853.25,502450,-520910,2026-09-10
NIFTY,2026-09-29,22200.0,CE,0.0,0.0,0.0,1420.0,1363.34,0,0.0,65,0,2026-09-10
NIFTY,2026-09-29,22800.0,CE,800.0,802.0,716.65,743.4,743.4,339,519293186.75,13910,780,2026-09-10
NIFTY,2026-09-29,23000.0,CE,605.3,633.5,545.0,559.7,559.7,7844,12027367199.25,731510,96200,2026-09-10
NIFTY,2026-09-29,23700.0,CE,150.0,170.7,123.75,130.5,130.5,29055,45030096468.5,1188720,106795,2026-09-10
NIFTY,2026-09-29,25200.0,CE,6.75,6.9,6.3,6.65,6.65,6141,10061615807.75,531115,-76440,2026-09-10
NIFTY,2026-09-29,25600.0,CE,5.2,5.2,4.35,4.95,4.95,2336,3887853069.75,176540,5200,2026-09-10
NIFTY,2026-09-29,26200.0,CE,3.5,3.75,3.05,3.2,3.2,352,599531062.0,178620,-2210,2026-09-10
NIFTY,2026-09-29,26800.0,CE,1.75,1.75,1.75,1.75,0.04,1,1742113.75,2600,-65,2026-09-10
NIFTY,2026-09-29,27100.0,CE,2.15,2.15,2.15,2.15,0.01,2,3523279.5,13650,130,2026-09-10
NIFTY,2026-10-06,22200.0,CE,0.0,0.0,0.0,2003.7,1404.29,0,0.0,0,0,2026-09-10
NIFTY,2026-10-06,22750.0,CE,0.0,0.0,0.0,1497.8,932.21,0,0.0,0,0,2026-09-10
NIFTY,2026-10-06,23100.0,CE,0.0,0.0,0.0,1200.6,675.13,0,0.0,0,0,2026-09-10
NIFTY,2026-10-06,23350.0,CE,0.0,0.0,0.0,1005.0,518.41,0,0.0,0,0,2026-09-10
NIFTY,2026-10-06,24100.0,CE,76.9,85.6,63.95,68.0,68.0,384,603337657.0,18980,-260,2026-09-10
NIFTY,2026-10-06,24200.0,CE,63.0,68.95,50.75,52.75,52.75,568,895549911.75,28730,16120,2026-09-10
NIFTY,2026-10-06,24500.0,CE,30.0,34.35,25.0,26.0,26.0,1078,1718738411.0,72540,13325,2026-09-10
NIFTY,2026-10-06,24650.0,CE,0.0,0.0,0.0,289.65,77.51,0,0.0,0,0,2026-09-10
NIFTY,2026-10-06,24850.0,CE,0.0,0.0,0.0,226.85,53.13,0,0.0,0,0,2026-09-10
NIFTY,2026-10-06,24950.0,CE,0.0,0.0,0.0,199.6,43.6,0,0.0,0,0,2026-09-10
NIFTY,2026-10-06,25200.0,CE,8.35,10.9,8.35,9.4,9.4,78,127810296.25,1690,1690,2026-09-10
NIFTY,2026-10-06,25300.0,CE,21.85,21.85,8.1,9.25,9.25,89,146416065.25,4680,1105,2026-09-10
NIFTY,2026-10-13,21700.0,CE,0.0,0.0,0.0,2070.15,1918.52,0,0.0,0,0,2026-09-10
NIFTY,2026-10-13,22350.0,CE,0.0,0.0,0.0,1467.3,1323.73,0,0.0,0,0,2026-09-10
NIFTY,2026-10-13,22600.0,CE,0.0,0.0,0.0,1252.1,1114.3,0,0.0,0,0,2026-09-10
NIFTY,2026-10-13,23150.0,CE,0.0,0.0,0.0,829.85,711.26,0,0.0,0,0,2026-09-10
NIFTY,2026-10-13,23350.0,CE,0.0,0.0,0.0,697.95,588.46,0,0.0,0,0,2026-09-10
NIFTY,2026-10-13,24100.0,CE,0.0,0.0,0.0,321.35,251.17,0,0.0,0,0,2026-09-10
NIFTY,2026-10-13,24500.0,CE,82.0,82.0,38.9,40.05,40.05,118,188238563.5,4680,4680,2026-09-10
NIFTY,2026-10-13,24600.0,CE,0.0,0.0,0.0,170.2,124.99,0,0.0,0,0,2026-09-10
NIFTY,2026-10-27,22800.0,CE,949.85,960.0,912.15,912.15,1066.57,13,20050780.75,325,260,2026-09-10
NIFTY,2026-10-27,23200.0,CE,640.15,640.15,583.55,593.6,593.6,292,451982800.75,14105,11180,2026-09-10
NIFTY,2026-10-27,23450.0,CE,487.25,487.25,424.8,434.85,434.85,259,402486409.0,9360,5590,2026-09-10
NIFTY,2026-10-27,23600.0,CE,391.8,398.35,341.85,350.45,350.45,4413,6874976238.0,253435,106795,2026-09-10
NIFTY,2026-10-27,24050.0,CE,180.55,191.5,163.85,169.5,169.5,233,366963437.75,16120,-910,2026-09-10
NIFTY,2026-10-27,24750.0,CE,50.35,50.8,44.2,45.55,45.55,207,333651890.0,20865,2730,2026-09-10
NIFTY,2026-10-27,24850.0,CE,45.65,45.65,37.0,38.05,38.05,111,179586114.5,23855,-1950,2026-09-10
NIFTY,2026-10-27,25750.0,CE,13.45,13.7,12.9,13.1,13.1,311,520805054.25,33930,-13455,2026-09-10
NIFTY,2026-10-27,25850.0,CE,0.0,0.0,0.0,288.85,37.41,0,0.0,0,0,2026-09-10
NIFTY,2026-10-27,26300.0,CE,9.8,9.8,9.0,9.55,18.1,8,13680907.5,780,-195,2026-09-10
NIFTY,2026-11-23,22000.0,CE,1780.0,1780.0,1734.2,1734.2,1734.2,10,15441101.0,650,520,2026-09-10
NIFTY,2026-11-23,22400.0,CE,0.0,0.0,0.0,2369.8,1548.39,0,0.0,0,0,2026-09-10
NIFTY,2026-11-23,23350.0,CE,688.75,688.75,639.1,649.25,649.25,5,7802314.0,1755,65,2026-09-10
NIFTY,2026-11-23,24150.0,CE,290.05,290.1,262.45,262.45,509.85,49,77795100.5,4420,1235,2026-09-10
NIFTY,2026-11-23,24500.0,CE,175.0,183.45,151.0,153.5,153.5,4719,7564704205.5,382135,85215,2026-09-10
NIFTY,2026-12-29,22000.0,CE,1984.95,1988.0,1901.0,1915.55,1915.55,362,563240847.0,282165,6825,2026-09-10
NIFTY,2026-12-29,27000.0,CE,30.7,31.9,30.0,30.7,30.7,4226,7425029212.25,2325115,-8840,2026-09-10
NIFTY,2026-12-29,28500.0,CE,13.75,14.75,13.75,14.5,14.5,78,144566721.0,104845,-780,2026-09-10
NIFTY,2026-12-29,29000.0,CE,10.05,11.25,9.1,10.3,10.3,615,1159661594.0,498650,-10870,2026-09-10
NIFTY,2026-12-29,31000.0,CE,6.95,7.0,6.65,6.7,6.7,64,128988947.75,141375,-390,2026-09-10
NIFTY,2027-03-30,27000.0,CE,114.95,129.75,102.05,106.7,106.7,3707,6531950503.0,993005,89245,2026-09-10
NIFTY,2027-03-30,31500.0,CE,0.0,0.0,0.0,10.0,15.78,0,0.0,455,0,2026-09-10
NIFTY,2027-12-28,16500.0,CE,0.0,0.0,0.0,11316.4,8289.32,0,0.0,0,0,2026-09-10
NIFTY,2029-12-24,18000.0,CE,0.0,0.0,0.0,11362.4,8974.6,0,0.0,0,0,2026-09-10
NIFTY,2030-06-25,21000.0,CE,0.0,0.0,0.0,10421.65,7348.56,0,0.0,0,0,2026-09-10
NIFTY,2030-12-31,31500.0,CE,0.0,0.0,0.0,4554.55,2869.91,0,0.0,0,0,2026-09-10
NIFTY,2031-06-24,21000.0,CE,0.0,0.0,0.0,8900.75,8347.36,0,0.0,0,0,2026-09-10
NIFTY,2031-06-24,33000.0,CE,0.0,0.0,0.0,3451.55,2880.95,0,0.0,0,0,2026-09-10
NIFTY,2026-09-15,21850.0,PE,1.9,3.25,0.9,1.1,1.1,5150,7314777824.25,54730,54730,2026-09-10
NIFTY,2026-09-15,22350.0,PE,3.35,3.7,2.0,2.3,2.3,56906,82680337801.75,412295,-2860,2026-09-10
NIFTY,2026-09-15,22800.0,PE,8.55,8.55,4.75,5.5,5.5,434076,643471059162.75,4762875,1892930,2026-09-10
NIFTY,2026-09-15,24150.0,PE,646.8,737.65,640.0,718.65,718.65,208,335841870.0,73255,-2795,2026-09-10
NIFTY,2026-09-15,24450.0,PE,965.0,1026.3,936.65,1003.8,1003.8,90,148708482.0,17875,-1300,2026-09-10
NIFTY,2026-09-15,24500.0,PE,980.25,1084.05,980.2,1057.65,1057.65,1202,1994277197.25,425425,-43485,2026-09-10
NIFTY,2026-09-15,25350.0,PE,0.0,0.0,0.0,956.1,1851.97,0,0.0,0,0,2026-09-10
NIFTY,2026-09-15,26000.0,PE,2612.15,2612.15,2483.65,2547.85,2547.85,222,411322977.0,94120,-13000,2026-09-10
NIFTY,2026-09-15,26200.0,PE,0.0,0.0,0.0,1647.25,2701.28,0,0.0,0,0,2026-09-10
NIFTY,2026-09-22,21950.0,PE,7.3,7.3,5.5,6.05,6.05,67,95619702.75,5005,1170,2026-09-10
NIFTY,2026-09-22,22000.0,PE,7.9,9.6,5.65,6.05,6.05,16601,23746363241.25,445640,344825,2026-09-10
NIFTY,2026-09-22,23050.0,PE,60.0,60.15,43.5,54.3,54.3,5631,8455746279.5,105625,29965,2026-09-10
NIFTY,2026-09-22,24000.0,PE,530.5,582.0,488.0,549.8,549.8,5987,9544863529.5,739310,173810,2026-09-10
NIFTY,2026-09-22,24050.0,PE,546.4,618.45,534.85,595.35,595.35,42,67191010.25,10075,-975,2026-09-10
NIFTY,2026-09-29,22400.0,PE,25.5,25.5,20.55,22.85,22.85,3148,4588136497.75,188175,16510,2026-09-10
NIFTY,2026-09-29,23050.0,PE,88.0,92.9,72.1,87.45,87.45,1733,2605713246.5,107835,-2015,2026-09-10
NIFTY,2026-09-29,24850.0,PE,1280.0,1380.45,1280.0,1380.45,1323.85,2,3403429.25,14105,0,2026-09-10
NIFTY,2026-09-29,25050.0,PE,0.0,0.0,0.0,791.2,1512.41,0,0.0,3900,0,2026-09-10
NIFTY,2026-09-29,25300.0,PE,1763.0,1773.3,1745.6,1773.05,1753.61,12,21105181.5,31590,-325,2026-09-10
NIFTY,2026-09-29,25550.0,PE,0.0,0.0,0.0,1770.0,1998.61,0,0.0,390,0,2026-09-10
NIFTY,2026-09-29,26000.0,PE,2464.4,2532.0,2422.6,2502.9,2502.9,833,1541494113.25,2031480,-18915,2026-09-10
NIFTY,2026-09-29,26050.0,PE,0.0,0.0,0.0,1710.0,2494.0,0,0.0,260,0,2026-09-10
NIFTY,2026-09-29,34500.0,PE,0.0,0.0,0.0,7064.95,10917.66,0,0.0,0,0,2026-09-10
NIFTY,2026-10-06,21900.0,PE,0.0,0.0,0.0,9.7,16.21,0,0.0,0,0,2026-09-10
NIFTY,2026-10-06,22000.0,PE,20.2,21.2,18.3,20.25,20.25,353,505235646.5,18330,17875,2026-09-10
NIFTY,2026-10-06,23450.0,PE,212.25,243.2,202.85,233.0,233.0,258,397036870.75,6825,0,2026-09-10
NIFTY,2026-10-06,24000.0,PE,526.1,584.35,503.8,572.65,572.65,186,296662424.5,22880,-2925,2026-09-10
NIFTY,2026-10-06,25800.0,PE,0.0,0.0,0.0,1653.0,2221.65,0,0.0,0,0,2026-09-10
NIFTY,2026-10-13,21750.0,PE,0.0,0.0,0.0,16.1,19.04,0,0.0,0,0,2026-09-10
NIFTY,2026-10-13,23350.0,PE,0.0,0.0,0.0,282.9,327.41,0,0.0,0,0,2026-09-10
NIFTY,2026-10-13,23650.0,PE,359.0,365.1,317.0,365.1,467.45,12,18711485.0,650,650,2026-09-10
NIFTY,2026-10-13,25000.0,PE,0.0,0.0,0.0,1320.95,1445.54,0,0.0,0,0,2026-09-10
NIFTY,2026-10-27,21900.0,PE,36.95,40.0,32.2,38.05,38.05,638,909642916.0,15990,13195,2026-09-10
NIFTY,2026-10-27,21950.0,PE,36.15,37.25,36.15,37.1,37.1,4,5716581.0,260,195,2026-09-10
NIFTY,2026-10-27,22000.0,PE,42.7,43.6,36.0,40.7,40.7,9661,13839476449.5,282165,-42445,2026-09-10
NIFTY,2026-10-27,22900.0,PE,130.0,141.6,118.0,132.25,132.25,1747,2614858184.25,100100,25415,2026-09-10
NIFTY,2026-10-27,22950.0,PE,0.0,0.0,0.0,274.9,245.0,0,0.0,0,0,2026-09-10
NIFTY,2026-10-27,23150.0,PE,0.0,0.0,0.0,327.65,310.77,0,0.0,0,0,2026-09-10
NIFTY,2026-10-27,23750.0,PE,405.05,450.0,405.0,420.95,420.95,17,26707183.75,13845,-195,2026-09-10
NIFTY,2026-10-27,23800.0,PE,455.0,478.4,413.95,460.45,460.45,1795,2828390916.0,538070,-4745,2026-09-10
NIFTY,2026-10-27,25700.0,PE,0.0,0.0,0.0,1260.0,2060.58,0,0.0,325,0,2026-09-10
NIFTY,2026-10-27,26250.0,PE,0.0,0.0,0.0,2081.05,2578.79,0,0.0,0,0,2026-09-10
NIFTY,2026-10-27,26400.0,PE,0.0,0.0,0.0,2204.4,2723.17,0,0.0,0,0,2026-09-10
NIFTY,2026-11-23,21950.0,PE,0.0,0.0,0.0,59.0,107.43,0,0.0,0,0,2026-09-10
NIFTY,2026-11-23,22050.0,PE,0.0,0.0,0.0,67.05,121.94,0,0.0,0,0,2026-09-10
NIFTY,2026-11-23,22150.0,PE,0.0,0.0,0.0,75.95,137.94,0,0.0,0,0,2026-09-10
NIFTY,2026-11-23,22800.0,PE,184.6,184.6,163.8,172.85,172.85,26,38823391.75,1235,1235,2026-09-10
NIFTY,2026-11-23,23100.0,PE,245.8,245.8,245.0,245.0,379.12,4,6069804.0,260,260,2026-09-10
NIFTY,2026-11-23,23500.0,PE,360.0,381.35,336.0,369.15,369.15,2352,3646975598.5,275535,37570,2026-09-10
NIFTY,2026-11-23,23700.0,PE,418.7,465.0,418.7,449.95,449.95,221,346854777.75,14040,2990,2026-09-10
NIFTY,2026-11-23,23900.0,PE,537.65,566.0,517.95,550.55,550.55,181,287474827.25,16965,-1950,2026-09-10
NIFTY,2026-11-23,24700.0,PE,0.0,0.0,0.0,1015.05,1231.31,0,0.0,2470,0,2026-09-10
NIFTY,2026-11-23,24800.0,PE,1150.0,1170.0,1082.8,1170.0,1170.0,4,6743870.25,5720,0,2026-09-10
NIFTY,2026-11-23,25550.0,PE,0.0,0.0,0.0,1282.8,1891.78,0,0.0,0,0,2026-09-10
NIFTY,2027-06-29,21000.0,PE,150.25,157.0,150.25,154.0,154.0,13,17875237.25,17970,130,2026-09-10
NIFTY,2027-06-29,25500.0,PE,0.0,0.0,0.0,667.15,1769.67,0,0.0,0,0,2026-09-10
NIFTY,2027-12-28,17000.0,PE,55.45,69.1,55.45,69.1,15.51,10,11090478.75,17775,0,2026-09-10
NIFTY,2027-12-28,21000.0,PE,277.95,290.05,265.0,271.45,271.45,86,118953607.5,47070,2340,2026-09-10
NIFTY,2028-06-27,24000.0,PE,0.0,0.0,0.0,680.05,1051.35,0,0.0,65,0,2026-09-10
NIFTY,2028-12-26,25500.0,PE,0.0,0.0,0.0,648.2,1545.0,0,0.0,0,0,2026-09-10
NIFTY,2029-06-26,28500.0,PE,0.0,0.0,0.0,1349.1,2712.36,0,0.0,0,0,2026-09-10
NIFTY,2029-06-26,33000.0,PE,0.0,0.0,0.0,3022.85,5284.86,0,0.0,0,0,2026-09-10
NIFTY,2029-12-24,22500.0,PE,0.0,0.0,0.0,225.7,633.36,0,0.0,0,0,2026-09-10
NIFTY,2029-12-24,27000.0,PE,0.0,0.0,0.0,1177.9,1901.52,0,0.0,0,0,2026-09-10
NIFTY,2029-12-24,28500.0,PE,0.0,0.0,0.0,1255.9,2511.21,0,0.0,0,0,2026-09-10
NIFTY,2031-06-24,27000.0,PE,0.0,0.0,0.0,1653.15,1552.81,0,0.0,0,0,2026-09-10
NIFTY,2026-09-15,23350.0,CE,208.95,227.8,143.0,156.45,156.45,411955,630171938997.25,661505,383760,2026-09-10
NIFTY,2026-09-29,26600.0,CE,2.05,2.6,1.9,2.15,2.15,226,390783201.25,44395,-10985,2026-09-10
NIFTY,2026-09-15,24150.0,CE,7.4,7.4,3.15,3.95,3.95,293052,460099836602.25,2193815,298480,2026-09-10
NIFTY,2026-09-15,24800.0,CE,1.5,1.85,1.0,1.35,1.35,192397,310163017118.5,4507750,292240,2026-09-10
NIFTY,2026-09-15,25450.0,CE,0.8,0.9,0.6,0.7,0.7,12805,21183285412.25,361075,-11115,2026-09-10
NIFTY,2026-09-15,25500.0,CE,0.9,0.9,0.55,0.65,0.65,140116,232248807628.5,3637790,-821795,2026-09-10
NIFTY,2026-09-22,22550.0,CE,0.0,0.0,0.0,1772.85,992.22,0,0.0,0,0,2026-09-10
NIFTY,2026-09-22,22700.0,CE,0.0,0.0,0.0,1636.35,856.26,0,0.0,0,0,2026-09-10
NIFTY,2026-09-22,23550.0,CE,153.55,183.25,124.4,131.05,131.05,13626,20991868907.75,376610,182650,2026-09-10
NIFTY,2026-09-22,24350.0,CE,11.75,11.75,6.9,7.75,7.75,18847,29840110735.5,850590,605215,2026-09-10
NIFTY,2026-09-29,22600.0,CE,0.0,0.0,0.0,1090.0,1000.2,0,0.0,975,0,2026-09-10
NIFTY,2031-06-24,19500.0,PE,0.0,0.0,0.0,289.2,231.81,0,0.0,0,0,2026-09-10
NIFTY,2030-12-31,24000.0,PE,0.0,0.0,0.0,1000.0,879.11,0,0.0,520,0,2026-09-10
NIFTY,2030-06-25,28500.0,PE,0.0,0.0,0.0,1167.6,2328.08,0,0.0,0,0,2026-09-10
NIFTY,2029-12-24,33000.0,PE,0.0,0.0,0.0,2953.7,4839.08,0,0.0,0,0,2026-09-10
NIFTY,2026-09-29,23850.0,CE,105.8,112.95,80.45,84.6,84.6,6349,9881565560.75,243425,44070,2026-09-10
NIFTY,2026-09-29,24950.0,CE,7.35,9.1,7.35,8.25,8.25,1605,2603786568.5,111670,-42185,2026-09-10
NIFTY,2026-09-29,25400.0,CE,5.8,6.3,5.4,5.8,5.8,2271,3750263497.5,226525,-18265,2026-09-10
NIFTY,2026-09-29,26500.0,CE,2.25,2.45,1.9,2.1,2.1,3025,5210974236.0,904345,-20410,2026-09-10
NIFTY,2026-09-29,26650.0,CE,0.0,0.0,0.0,2.0,0.08,0,0.0,910,0,2026-09-10
NIFTY,2026-09-29,28500.0,CE,0.65,0.7,0.6,0.65,0.65,846,1567250600.5,543400,-20995,2026-09-10
NIFTY,2026-09-29,31500.0,CE,1.0,1.0,0.95,1.0,0.0,16,32761033.5,16835,650,2026-09-10
NIFTY,2026-10-06,22700.0,CE,0.0,0.0,0.0,1542.1,972.08,0,0.0,0,0,2026-09-10
NIFTY,2026-10-06,23650.0,CE,227.3,235.6,194.2,201.3,201.3,126,195480967.5,5265,520,2026-09-10
NIFTY,2029-12-24,24000.0,PE,0.0,0.0,0.0,995.0,963.55,0,0.0,455,0,2026-09-10
NIFTY,2029-06-26,30000.0,PE,0.0,0.0,0.0,2031.05,3485.84,0,0.0,0,0,2026-09-10
NIFTY,2029-06-26,27000.0,PE,0.0,0.0,0.0,1252.35,2036.01,0,0.0,0,0,2026-09-10
NIFTY,2029-06-26,25500.0,PE,0.0,0.0,0.0,624.25,1463.91,0,0.0,0,0,2026-09-10
NIFTY,2028-12-26,26000.0,PE,0.0,0.0,0.0,1468.0,1744.15,0,0.0,6940,0,2026-09-10
NIFTY,2028-12-26,23000.0,PE,650.0,770.0,643.5,649.6,649.6,19,29254182.75,2390,325,2026-09-10
NIFTY,2028-06-27,33000.0,PE,0.0,0.0,0.0,3707.8,6388.0,0,0.0,0,0,2026-09-10
NIFTY,2027-12-28,26000.0,PE,1523.7,1588.3,1507.6,1575.95,1575.95,161,288300538.5,76770,390,2026-09-10
NIFTY,2026-10-06,23800.0,CE,161.0,173.0,136.25,141.65,141.65,1205,1876438086.25,43745,-12285,2026-09-10
NIFTY,2026-10-06,24400.0,CE,40.0,40.35,30.4,31.65,31.65,1034,1642230307.25,48295,19890,2026-09-10
NIFTY,2026-10-06,25650.0,CE,5.05,7.85,5.0,7.85,9.23,22,36689071.25,5655,-260,2026-09-10
NIFTY,2026-10-06,25800.0,CE,6.3,7.45,5.95,6.95,6.95,949,1591877179.75,34645,-7280,2026-09-10
NIFTY,2026-10-13,22300.0,CE,0.0,0.0,0.0,1511.7,1367.19,0,0.0,0,0,2026-09-10
NIFTY,2027-12-28,25000.0,PE,1111.0,1148.3,1085.5,1144.2,1144.2,202,343080166.0,122135,-3575,2026-09-10
NIFTY,2027-06-29,22500.0,PE,355.0,355.0,355.0,355.0,492.73,1,1485575.0,1495,0,2026-09-10
NIFTY,2027-03-30,24000.0,PE,659.85,699.95,644.2,673.55,673.55,3824,6130377123.0,799890,68900,2026-09-10
NIFTY,2026-12-29,30000.0,PE,5894.9,5950.0,5865.8,5940.0,5940.0,50,116709248.5,386435,1495,2026-09-10
NIFTY,2026-12-29,23000.0,PE,261.5,285.0,258.0,276.1,276.1,9130,13809704525.5,3014285,-27350,2026-09-10
NIFTY,2026-11-23,25300.0,PE,0.0,0.0,0.0,1121.6,1686.09,0,0.0,0,0,2026-09-10
NIFTY,2026-11-23,24900.0,PE,0.0,0.0,0.0,887.45,1377.03,0,0.0,0,0,2026-09-10
NIFTY,2026-11-23,24600.0,PE,0.0,0.0,0.0,885.0,1161.79,0,0.0,910,0,2026-09-10
NIFTY,2026-11-23,24500.0,PE,915.0,950.0,872.7,937.65,937.65,381,629201927.25,201565,-65,2026-09-10
NIFTY,2026-11-23,24000.0,PE,574.05,621.75,565.0,603.15,603.15,1234,1972705874.75,300365,2470,2026-09-10
NIFTY,2026-11-23,23800.0,PE,473.45,512.4,462.05,507.3,507.3,429,677199926.0,87295,7670,2026-09-10
NIFTY,2026-11-23,22000.0,PE,70.0,76.3,60.4,71.85,71.85,1688,2421450570.5,65650,32175,2026-09-10
NIFTY,2026-10-27,27200.0,PE,0.0,0.0,0.0,2898.55,3504.94,0,0.0,0,0,2026-09-10
NIFTY,2026-10-27,27150.0,PE,0.0,0.0,0.0,2853.65,3455.71,0,0.0,0,0,2026-09-10
NIFTY,2026-10-27,26850.0,PE,0.0,0.0,0.0,2588.1,3161.11,0,0.0,0,0,2026-09-10
NIFTY,2026-10-27,26550.0,PE,0.0,0.0,0.0,2330.1,2868.46,0,0.0,0,0,2026-09-10
NIFTY,2026-10-27,24950.0,PE,0.0,0.0,0.0,676.9,1402.7,0,0.0,3900,0,2026-09-10
NIFTY,2026-10-27,24700.0,PE,1080.0,1140.1,1072.0,1138.85,1138.85,289,484458672.75,121680,-17030,2026-09-10
NIFTY,2026-10-27,24650.0,PE,1068.25,1068.25,1068.25,1068.25,1164.47,1,1671686.25,4680,-65,2026-09-10
NIFTY,2026-10-27,24200.0,PE,680.05,747.6,670.3,729.7,729.7,508,822372456.75,223990,-1040,2026-09-10
NIFTY,2026-10-27,23650.0,PE,354.65,395.25,345.0,382.6,382.6,109,170140171.5,36790,585,2026-09-10
NIFTY,2026-10-27,23600.0,PE,332.0,374.8,318.7,358.7,358.7,1739,2706562888.25,235820,27105,2026-09-10
NIFTY,2026-10-27,23400.0,PE,266.65,288.6,243.8,275.75,275.75,3370,5184511354.75,228800,53430,2026-09-10
NIFTY,2026-10-13,24800.0,PE,0.0,0.0,0.0,1155.2,1272.33,0,0.0,0,0,2026-09-10
NIFTY,2026-10-13,23200.0,PE,231.5,231.5,153.1,170.4,170.4,34,51638232.75,1105,1105,2026-09-10
NIFTY,2026-10-13,23050.0,PE,190.8,190.8,117.0,139.55,139.55,35,52791027.25,1820,1820,2026-09-10
NIFTY,2026-10-13,22250.0,PE,0.0,0.0,0.0,47.6,56.35,0,0.0,0,0,2026-09-10
NIFTY,2026-10-06,25550.0,PE,0.0,0.0,0.0,1432.35,1978.05,0,0.0,0,0,2026-09-10
NIFTY,2026-10-06,25300.0,PE,0.0,0.0,0.0,1222.15,1738.16,0,0.0,0,0,2026-09-10
NIFTY,2026-10-06,25200.0,PE,0.0,0.0,0.0,1141.5,1643.67,0,0.0,0,0,2026-09-10
NIFTY,2026-10-06,24750.0,PE,0.0,0.0,0.0,808.1,1233.99,0,0.0,0,0,2026-09-10
NIFTY,2026-10-06,24200.0,PE,670.0,735.0,670.0,735.0,735.0,6,9712657.5,130,130,2026-09-10
NIFTY,2026-10-06,24100.0,PE,594.75,663.45,584.05,653.0,653.0,143,229731277.75,520,455,2026-09-10
NIFTY,2026-10-06,24050.0,PE,573.85,580.0,560.0,580.0,681.53,6,9603395.75,260,65,2026-09-10
NIFTY,2026-10-06,23800.0,PE,397.9,433.0,378.3,413.4,413.4,72,113268996.75,10075,-2340,2026-09-10
NIFTY,2026-10-06,23550.0,PE,262.95,292.45,242.95,280.25,280.25,140,216759855.0,5395,910,2026-09-10
NIFTY,2026-10-06,23400.0,PE,192.35,226.9,184.65,213.15,213.15,353,541599685.25,7670,4745,2026-09-10
NIFTY,2026-10-06,22550.0,PE,0.0,0.0,0.0,41.25,74.51,0,0.0,0,0,2026-09-10
NIFTY,2026-10-06,22200.0,PE,25.3,33.9,20.0,25.3,25.3,263,379926300.0,20800,4420,2026-09-10
NIFTY,2026-09-29,25950.0,PE,0.0,0.0,0.0,1299.0,2394.61,0,0.0,65,0,2026-09-10
NIFTY,2026-09-29,25450.0,PE,0.0,0.0,0.0,946.5,1900.28,0,0.0,715,0,2026-09-10
NIFTY,2026-09-29,25400.0,PE,1900.0,1901.4,1899.35,1899.35,1851.26,3,5323548.75,27105,-130,2026-09-10
NIFTY,2026-09-29,25200.0,PE,1678.55,1730.0,1643.15,1722.35,1722.35,47,82213059.5,90025,-1690,2026-09-10
NIFTY,2026-09-29,24650.0,PE,1126.9,1186.9,1108.45,1182.2,1141.07,20,33533672.25,37635,-1105,2026-09-10
NIFTY,2026-09-29,24500.0,PE,1010.0,1047.4,946.8,1018.85,1018.85,3650,6048755072.75,3212625,-37830,2026-09-10
NIFTY,2026-09-29,24300.0,PE,761.55,856.55,754.75,830.65,830.65,2199,3589467839.75,3292250,-46540,2026-09-10
NIFTY,2026-09-29,24200.0,PE,701.0,762.55,669.0,735.65,735.65,2726,4413976157.5,1962675,-54275,2026-09-10
NIFTY,2026-09-29,21750.0,PE,9.1,12.4,9.1,11.4,11.4,738,1043904504.5,26065,6240,2026-09-10
NIFTY,2026-09-29,19500.0,PE,3.5,3.85,3.0,3.1,3.1,1118,1417304976.75,978185,8125,2026-09-10
NIFTY,2026-09-22,23850.0,PE,380.05,441.95,366.0,424.7,424.7,250,394205513.0,24830,-3835,2026-09-10
NIFTY,2026-09-22,23800.0,PE,363.9,405.0,326.55,383.8,383.8,3971,6236080942.0,363480,-7475,2026-09-10
NIFTY,2026-09-22,23600.0,PE,247.65,265.45,201.75,242.45,242.45,24145,37401633828.0,730080,312780,2026-09-10
NIFTY,2026-09-22,22750.0,PE,23.7,27.3,19.9,23.45,23.45,5224,7732770571.5,114400,58435,2026-09-10
NIFTY,2026-09-15,25300.0,PE,1735.0,1735.0,1735.0,1735.0,1802.01,1,1757275.0,3900,0,2026-09-10
NIFTY,2026-09-15,24400.0,PE,900.65,981.2,894.5,963.85,963.85,893,1469965311.75,211380,-44135,2026-09-10
NIFTY,2026-09-15,23300.0,PE,59.9,61.85,38.2,51.0,51.0,1491880,2264143750956.75,6242535,2154100,2026-09-10
NIFTY,2026-09-15,22400.0,PE,3.35,4.05,2.2,2.65,2.65,243891,355151985526.0,3438175,1252875,2026-09-10
NIFTY,2031-06-24,25500.0,CE,0.0,0.0,0.0,6409.8,5808.84,0,0.0,0,0,2026-09-10
NIFTY,2031-06-24,19500.0,CE,0.0,0.0,0.0,9840.6,9309.03,0,0.0,0,0,2026-09-10
NIFTY,2030-06-25,27000.0,CE,0.0,0.0,0.0,6972.5,4015.21,0,0.0,0,0,2026-09-10
NIFTY,2029-06-26,16500.0,CE,0.0,0.0,0.0,12587.95,9694.69,0,0.0,0,0,2026-09-10
NIFTY,2028-06-27,33000.0,CE,0.0,0.0,0.0,2004.15,414.42,0,0.0,0,0,2026-09-10
NIFTY,2027-12-28,27000.0,CE,723.35,730.3,651.35,654.95,654.95,223,401265267.0,92835,3575,2026-09-10
NIFTY,2027-12-28,19500.0,CE,0.0,0.0,0.0,8684.7,5632.02,0,0.0,0,0,2026-09-10
NIFTY,2027-06-29,22500.0,CE,0.0,0.0,0.0,5539.6,2581.56,0,0.0,0,0,2026-09-10
NIFTY,2027-03-30,25500.0,CE,339.95,339.95,298.65,306.85,306.85,3246,5447239248.75,705055,52130,2026-09-10
NIFTY,2026-12-29,33000.0,CE,5.0,5.0,4.5,4.9,4.9,27,57923544.25,105820,585,2026-09-10
NIFTY,2026-11-23,25050.0,CE,0.0,0.0,0.0,628.4,236.65,0,0.0,0,0,2026-09-10
NIFTY,2026-11-23,23050.0,CE,0.0,0.0,0.0,1832.8,1083.55,0,0.0,0,0,2026-09-10
NIFTY,2026-11-23,22150.0,CE,0.0,0.0,0.0,2589.6,1748.18,0,0.0,0,0,2026-09-10
NIFTY,2026-11-23,21900.0,CE,0.0,0.0,0.0,2815.2,1957.76,0,0.0,0,0,2026-09-10
NIFTY,2026-10-27,26900.0,CE,6.3,6.3,5.45,5.85,5.85,26,45470789.0,13715,-195,2026-09-10
NIFTY,2026-10-27,26400.0,CE,9.2,9.2,8.7,8.7,15.28,10,17165817.5,715,-325,2026-09-10
NIFTY,2026-10-27,24700.0,CE,58.3,62.1,48.35,49.2,49.2,3710,5969163902.0,316225,-22295,2026-09-10
NIFTY,2026-10-27,24300.0,CE,123.95,129.4,102.9,105.7,105.7,4323,6860024034.5,316095,24830,2026-09-10
NIFTY,2026-10-27,24150.0,CE,153.8,165.55,136.65,141.1,141.1,299,472283724.25,28275,1755,2026-09-10
NIFTY,2026-10-27,23550.0,CE,412.4,412.4,370.0,375.2,375.2,135,210025091.25,5720,3705,2026-09-10
NIFTY,2026-10-13,24250.0,CE,0.0,0.0,0.0,268.25,205.96,0,0.0,0,0,2026-09-10
NIFTY,2026-10-13,24000.0,CE,0.0,0.0,0.0,360.7,285.16,0,0.0,0,0,2026-09-10
NIFTY,2026-10-13,23850.0,CE,194.95,204.8,175.95,175.95,175.95,43,67194491.0,1820,1820,2026-09-10
NIFTY,2026-10-13,23600.0,CE,305.3,305.3,261.85,271.2,271.2,7,10867905.75,260,260,2026-09-10
NIFTY,2026-10-13,23200.0,CE,0.0,0.0,0.0,795.7,679.29,0,0.0,0,0,2026-09-10
NIFTY,2026-09-29,23400.0,CE,317.6,333.9,264.15,275.6,275.6,41652,64155023071.75,1164670,872105,2026-09-10
NIFTY,2026-09-29,23200.0,CE,434.65,474.2,392.75,407.85,407.85,2278,3498567198.75,85865,24245,2026-09-10
NIFTY,2026-09-29,22350.0,CE,0.0,0.0,0.0,1550.0,1223.61,0,0.0,130,0,2026-09-10
NIFTY,2026-09-29,22300.0,CE,0.0,0.0,0.0,1350.0,1269.79,0,0.0,1950,0,2026-09-10
NIFTY,2026-09-29,18000.0,CE,0.0,0.0,0.0,5600.0,5532.34,0,0.0,1170,0,2026-09-10
NIFTY,2026-09-29,15000.0,CE,0.0,0.0,0.0,10499.3,8523.25,0,0.0,0,0,2026-09-10
NIFTY,2026-09-22,25150.0,CE,2.35,3.35,2.3,2.9,2.9,228,372765974.75,9555,4095,2026-09-10
NIFTY,2026-09-22,24400.0,CE,9.2,11.0,6.55,7.4,7.4,34628,54938457801.5,662545,158340,2026-09-10
NIFTY,2026-09-15,21750.0,CE,0.0,0.0,0.0,2850.9,1745.16,0,0.0,0,0,2026-09-10
NIFTY,2026-09-15,21800.0,CE,0.0,0.0,0.0,2801.65,1695.21,0,0.0,0,0,2026-09-10
NIFTY,2026-09-15,22250.0,CE,0.0,0.0,0.0,2361.8,1245.77,0,0.0,0,0,2026-09-10
NIFTY,2026-09-15,22450.0,CE,0.0,0.0,0.0,2169.4,1046.74,0,0.0,0,0,2026-09-10
NIFTY,2026-09-15,24550.0,CE,3.1,3.1,1.5,2.0,2.0,130548,208340393508.0,1336270,-98410,2026-09-10
NIFTY,2026-09-15,25700.0,CE,1.0,1.05,0.5,0.55,0.55,16799,28063463668.5,344045,-71305,2026-09-10
NIFTY,2026-09-22,21700.0,CE,0.0,0.0,0.0,2585.8,1819.86,0,0.0,0,0,2026-09-10
NIFTY,2026-09-22,23300.0,CE,337.05,345.35,262.6,277.0,277.0,8186,12557026394.25,150605,85670,2026-09-10
NIFTY,2030-12-31,33000.0,PE,0.0,0.0,0.0,2387.3,4076.92,0,0.0,0,0,2026-09-10
NIFTY,2030-12-31,27000.0,PE,0.0,0.0,0.0,779.5,1655.98,0,0.0,0,0,2026-09-10
NIFTY,2029-12-24,19500.0,PE,0.0,0.0,0.0,61.2,220.12,0,0.0,0,0,2026-09-10
NIFTY,2029-06-26,26000.0,PE,0.0,0.0,0.0,1650.0,1642.71,0,0.0,50,0,2026-09-10
NIFTY,2029-06-26,22500.0,PE,0.0,0.0,0.0,224.45,642.23,0,0.0,0,0,2026-09-10
NIFTY,2028-12-26,30000.0,PE,3000.05,3000.05,3000.05,3000.05,3000.05,1,2145003.25,195,65,2026-09-10
NIFTY,2028-12-26,22500.0,PE,0.0,0.0,0.0,218.8,642.33,0,0.0,0,0,2026-09-10
NIFTY,2028-12-26,21000.0,PE,0.0,0.0,0.0,348.0,365.55,0,0.0,9400,0,2026-09-10
NIFTY,2028-06-27,25500.0,PE,0.0,0.0,0.0,667.45,1625.51,0,0.0,0,0,2026-09-10
NIFTY,2028-06-27,22000.0,PE,430.0,510.0,430.0,470.0,470.0,4,5842200.0,2015,0,2026-09-10
NIFTY,2028-06-27,18000.0,PE,0.0,0.0,0.0,396.75,62.57,0,0.0,0,0,2026-09-10
NIFTY,2027-12-28,30000.0,PE,0.0,0.0,0.0,4105.0,4620.22,0,0.0,2600,0,2026-09-10
NIFTY,2027-12-28,22500.0,PE,0.0,0.0,0.0,186.5,583.99,0,0.0,0,0,2026-09-10
NIFTY,2027-12-28,19500.0,PE,0.0,0.0,0.0,29.25,115.37,0,0.0,0,0,2026-09-10
NIFTY,2027-06-29,33000.0,PE,0.0,0.0,0.0,4691.7,7922.6,0,0.0,0,0,2026-09-10
NIFTY,2027-03-30,33000.0,PE,0.0,0.0,0.0,8415.45,8396.63,0,0.0,0,0,2026-09-10
NIFTY,2026-12-29,12000.0,PE,4.5,4.5,3.15,3.4,3.4,41,31989789.0,20230,390,2026-09-10
NIFTY,2026-11-23,26100.0,PE,0.0,0.0,0.0,1675.5,2370.25,0,0.0,0,0,2026-09-10
NIFTY,2026-11-23,25250.0,PE,0.0,0.0,0.0,1090.7,1646.0,0,0.0,0,0,2026-09-10
NIFTY,2026-11-23,24550.0,PE,928.95,951.8,928.95,951.8,1127.76,2,3313748.75,1040,65,2026-09-10
NIFTY,2026-11-23,24100.0,PE,640.0,670.0,617.8,670.0,844.81,68,109318839.5,8645,-1885,2026-09-10
NIFTY,2026-11-23,23950.0,PE,0.0,0.0,0.0,504.7,760.3,0,0.0,1625,0,2026-09-10
NIFTY,2026-11-23,22950.0,PE,0.0,0.0,0.0,186.2,328.9,0,0.0,0,0,2026-09-10
NIFTY,2026-11-23,22450.0,PE,0.0,0.0,0.0,108.55,195.65,0,0.0,0,0,2026-09-10
NIFTY,2026-10-27,26600.0,PE,0.0,0.0,0.0,2372.55,2917.06,0,0.0,0,0,2026-09-10
NIFTY,2026-10-27,26000.0,PE,2324.0,2410.7,2299.3,2373.25,2373.25,652,1201208885.5,419900,33800,2026-09-10
NIFTY,2026-10-27,25600.0,PE,0.0,0.0,0.0,1280.0,1968.92,0,0.0,130,0,2026-09-10
NIFTY,2026-10-27,25200.0,PE,1570.0,1570.0,1570.0,1570.0,1613.48,1,1740050.0,11960,-65,2026-09-10
NIFTY,2026-10-27,25000.0,PE,1350.0,1437.05,1345.05,1407.9,1407.9,410,703072197.75,578630,6500,2026-09-10
NIFTY,2026-10-27,24850.0,PE,0.0,0.0,0.0,1205.15,1321.36,0,0.0,1365,0,2026-09-10
NIFTY,2026-10-27,24800.0,PE,1165.0,1251.2,1165.0,1251.2,1281.39,32,54081511.25,145145,-65,2026-09-10
NIFTY,2026-10-27,24300.0,PE,750.05,828.3,750.0,797.75,797.75,848,1382569214.0,141700,-14105,2026-09-10
NIFTY,2026-10-27,23450.0,PE,270.7,305.15,260.0,289.25,289.25,515,794390025.0,55965,-195,2026-09-10
NIFTY,2026-10-27,23100.0,PE,166.95,189.15,158.2,179.25,179.25,1920,2904459733.5,178945,12155,2026-09-10
NIFTY,2026-10-27,22200.0,PE,0.0,0.0,0.0,130.55,85.52,0,0.0,0,0,2026-09-10
NIFTY,2026-10-27,22050.0,PE,0.0,0.0,0.0,110.6,66.96,0,0.0,0,0,2026-09-10
NIFTY,2026-10-13,24850.0,PE,0.0,0.0,0.0,1195.85,1314.97,0,0.0,0,0,2026-09-10
NIFTY,2026-10-13,24700.0,PE,0.0,0.0,0.0,1075.5,1188.52,0,0.0,0,0,2026-09-10
NIFTY,2026-10-13,24150.0,PE,0.0,0.0,0.0,683.35,769.73,0,0.0,0,0,2026-09-10
NIFTY,2026-10-13,23500.0,PE,263.6,290.35,245.55,276.9,276.9,205,316640593.75,9555,7800,2026-09-10
NIFTY,2026-10-13,22850.0,PE,0.0,0.0,0.0,138.15,162.91,0,0.0,0,0,2026-09-10
NIFTY,2026-10-13,22700.0,PE,92.5,92.5,61.25,68.0,68.0,32,47365113.25,845,845,2026-09-10
NIFTY,2026-10-13,22600.0,PE,0.0,0.0,0.0,91.25,107.53,0,0.0,0,0,2026-09-10
NIFTY,2026-10-13,22400.0,PE,0.0,0.0,0.0,63.55,75.14,0,0.0,0,0,2026-09-10
NIFTY,2026-10-13,22300.0,PE,0.0,0.0,0.0,52.5,62.14,0,0.0,0,0,2026-09-10
NIFTY,2026-10-06,25750.0,PE,0.0,0.0,0.0,1608.15,2172.7,0,0.0,0,0,2026-09-10
NIFTY,2026-10-06,25050.0,PE,0.0,0.0,0.0,1024.75,1503.95,0,0.0,0,0,2026-09-10
NIFTY,2026-10-06,25000.0,PE,0.0,0.0,0.0,987.9,1458.0,0,0.0,0,0,2026-09-10
NIFTY,2026-10-06,24700.0,PE,0.0,0.0,0.0,774.45,1190.52,0,0.0,0,0,2026-09-10
NIFTY,2026-10-06,24400.0,PE,0.0,0.0,0.0,588.3,941.27,0,0.0,0,0,2026-09-10
NIFTY,2026-10-06,23900.0,PE,449.0,510.0,435.0,505.0,582.73,19,30089520.5,3055,-455,2026-09-10
NIFTY,2026-10-06,23050.0,PE,98.6,114.05,93.05,104.9,104.9,118,177577504.0,6175,2535,2026-09-10
NIFTY,2026-10-06,22800.0,PE,0.0,0.0,0.0,66.4,120.8,0,0.0,0,0,2026-09-10
NIFTY,2026-10-06,22650.0,PE,0.0,0.0,0.0,50.2,90.97,0,0.0,0,0,2026-09-10
NIFTY,2026-10-06,22500.0,PE,38.75,41.9,35.05,39.2,39.2,566,829177924.25,36985,6305,2026-09-10
NIFTY,2026-10-06,21750.0,PE,0.0,0.0,0.0,6.65,10.73,0,0.0,0,0,2026-09-10
NIFTY,2026-09-29,33000.0,PE,0.0,0.0,0.0,6552.15,9422.2,0,0.0,0,0,2026-09-10
NIFTY,2026-09-29,27150.0,PE,0.0,0.0,0.0,2959.15,3589.94,0,0.0,0,0,2026-09-10
NIFTY,2026-09-29,25700.0,PE,0.0,0.0,0.0,1907.0,2146.71,0,0.0,11960,0,2026-09-10
NIFTY,2026-09-29,25650.0,PE,0.0,0.0,0.0,1016.85,2097.28,0,0.0,65,0,2026-09-10
NIFTY,2026-09-29,24950.0,PE,1385.0,1385.0,1385.0,1385.0,1417.53,1,1711775.0,5135,-65,2026-09-10
NIFTY,2026-09-29,24750.0,PE,1225.35,1285.75,1200.0,1271.45,1271.45,19,32102063.5,29575,-715,2026-09-10
NIFTY,2026-09-29,23400.0,PE,182.85,202.45,158.5,187.55,187.55,56703,86903046113.0,1777230,556140,2026-09-10
NIFTY,2026-09-29,22600.0,PE,32.0,35.6,28.4,33.35,33.35,6842,10065161665.0,453245,23790,2026-09-10
NIFTY,2026-09-29,22550.0,PE,29.35,32.25,26.25,29.4,29.4,736,1080190211.75,32305,1300,2026-09-10
NIFTY,2026-09-29,21950.0,PE,14.25,18.95,12.0,13.7,13.7,772,1102138677.25,58175,-65,2026-09-10
NIFTY,2026-09-29,21000.0,PE,7.95,7.95,6.9,7.4,7.4,7740,10568832940.25,2055950,209365,2026-09-10
NIFTY,2026-09-22,25750.0,PE,0.0,0.0,0.0,1525.75,2223.06,0,0.0,0,0,2026-09-10
NIFTY,2026-09-22,25200.0,PE,0.0,0.0,0.0,1072.35,1675.94,0,0.0,0,0,2026-09-10
NIFTY,2026-09-22,24150.0,PE,684.5,708.4,679.4,680.1,680.1,28,45205663.75,18005,1040,2026-09-10
NIFTY,2026-09-22,22800.0,PE,30.0,30.65,22.4,26.4,26.4,27906,41403215974.25,800540,469560,2026-09-10
NIFTY,2026-09-22,22700.0,PE,21.5,24.85,18.0,21.5,21.5,50006,73851055814.25,1407315,1017315,2026-09-10
NIFTY,2026-09-22,22350.0,PE,10.75,11.65,9.3,10.6,10.6,2367,3440250138.0,59605,14755,2026-09-10
NIFTY,2026-09-15,25650.0,PE,0.0,0.0,0.0,1940.0,2151.72,0,0.0,585,0,2026-09-10
NIFTY,2026-09-15,25050.0,PE,0.0,0.0,0.0,1190.0,1552.24,0,0.0,65,0,2026-09-10
NIFTY,2026-09-15,23600.0,PE,192.2,223.0,152.0,199.7,199.7,722502,1116889202165.75,2266030,-722345,2026-09-10
NIFTY,2026-09-15,23550.0,PE,100.0,186.0,100.0,165.45,165.45,723684,1114833261106.5,1404520,-472745,2026-09-10
NIFTY,2026-09-15,23250.0,PE,50.75,51.15,29.7,39.3,39.3,693231,1049342362227.25,1862575,509860,2026-09-10
NIFTY,2026-09-15,23150.0,PE,29.0,32.1,18.55,23.55,23.55,513999,774215232453.0,1954810,752830,2026-09-10
NIFTY,2026-09-15,22700.0,PE,6.9,8.0,3.3,4.25,4.25,266330,393053801224.5,2659540,621920,2026-09-10
NIFTY,2031-06-24,27000.0,CE,0.0,0.0,0.0,5699.0,5091.35,0,0.0,0,0,2026-09-10
NIFTY,2030-12-31,21000.0,CE,0.0,0.0,0.0,10552.5,7876.75,0,0.0,0,0,2026-09-10
NIFTY,2029-12-24,30000.0,CE,1920.0,1920.0,1920.0,1920.0,2327.45,1,2074800.0,8470,0,2026-09-10
NIFTY,2029-12-24,25500.0,CE,0.0,0.0,0.0,6500.6,4156.93,0,0.0,0,0,2026-09-10
NIFTY,2029-06-26,27000.0,CE,0.0,0.0,0.0,6570.4,2891.34,0,0.0,0,0,2026-09-10
NIFTY,2028-12-26,16500.0,CE,0.0,0.0,0.0,12176.65,9241.09,0,0.0,0,0,2026-09-10
NIFTY,2027-03-30,22500.0,CE,1985.0,1988.3,1909.5,1926.6,1926.6,302,480145136.25,103155,3315,2026-09-10
NIFTY,2026-12-29,34500.0,CE,5.1,5.35,5.1,5.35,5.35,5,11214190.0,1300,195,2026-09-10
NIFTY,2026-12-29,18000.0,CE,5650.0,5650.0,5650.0,5650.0,5650.0,1,1537250.0,1560,0,2026-09-10
NIFTY,2026-11-23,26000.0,CE,28.6,33.5,25.05,26.55,26.55,2155,3645766468.5,271310,-2015,2026-09-10
NIFTY,2026-11-23,25950.0,CE,0.0,0.0,0.0,332.85,95.39,0,0.0,0,0,2026-09-10
NIFTY,2026-11-23,24950.0,CE,0.0,0.0,0.0,670.25,260.37,0,0.0,0,0,2026-09-10
NIFTY,2026-11-23,23850.0,CE,418.55,418.6,374.25,378.25,378.25,88,138719308.0,2015,-1560,2026-09-10
NIFTY,2026-11-23,23000.0,CE,923.95,959.1,884.9,894.2,894.2,916,1424097138.75,54470,16705,2026-09-10
NIFTY,2026-11-23,22650.0,CE,0.0,0.0,0.0,2156.8,1360.55,0,0.0,0,0,2026-09-10
NIFTY,2026-10-27,26350.0,CE,9.65,9.65,5.6,8.0,16.64,16,27413340.5,520,-585,2026-09-10
NIFTY,2026-10-27,26250.0,CE,10.0,10.0,9.35,9.35,9.35,10,17068746.5,715,-260,2026-09-10
NIFTY,2026-10-27,25200.0,CE,25.55,25.8,23.0,23.3,23.3,1474,2416754041.0,192335,-3315,2026-09-10
NIFTY,2026-10-27,24550.0,CE,76.0,76.7,63.7,65.55,65.55,379,606497885.5,25805,7345,2026-09-10
NIFTY,2026-10-27,23150.0,CE,0.0,0.0,0.0,1510.7,826.49,0,0.0,0,0,2026-09-10
NIFTY,2026-10-27,22750.0,CE,0.0,0.0,0.0,1805.4,1102.52,0,0.0,0,0,2026-09-10
NIFTY,2026-10-27,22450.0,CE,0.0,0.0,0.0,2042.45,1335.29,0,0.0,0,0,2026-09-10
NIFTY,2026-10-27,22250.0,CE,1405.0,1405.0,1405.0,1405.0,1500.96,22,33826650.0,13000,1430,2026-09-10
NIFTY,2026-10-27,22000.0,CE,1666.1,1676.0,1580.0,1602.4,1602.4,404,620511446.75,23595,20085,2026-09-10
NIFTY,2026-10-13,23500.0,CE,353.25,365.05,312.75,322.95,322.95,124,192189179.0,5330,4485,2026-09-10
NIFTY,2026-10-13,23050.0,CE,0.0,0.0,0.0,900.4,777.68,0,0.0,0,0,2026-09-10
NIFTY,2026-10-13,22450.0,CE,0.0,0.0,0.0,1379.8,1238.31,0,0.0,0,0,2026-09-10
NIFTY,2026-10-13,22150.0,CE,0.0,0.0,0.0,1647.3,1500.28,0,0.0,0,0,2026-09-10
NIFTY,2026-10-13,21900.0,CE,0.0,0.0,0.0,1879.7,1729.7,0,0.0,0,0,2026-09-10
NIFTY,2026-10-06,25700.0,CE,6.25,7.9,5.4,7.35,7.35,181,302441633.0,7540,-9880,2026-09-10
NIFTY,2026-10-06,23850.0,CE,151.95,153.1,121.6,123.45,123.45,79,123189891.5,4225,520,2026-09-10
NIFTY,2026-10-06,23200.0,CE,0.0,0.0,0.0,1120.5,609.6,0,0.0,0,0,2026-09-10
NIFTY,2026-10-06,22050.0,CE,0.0,0.0,0.0,2147.1,1543.1,0,0.0,0,0,2026-09-10
NIFTY,2026-10-06,21700.0,CE,0.0,0.0,0.0,2486.95,1877.03,0,0.0,0,0,2026-09-10
NIFTY,2026-09-29,26850.0,CE,0.0,0.0,0.0,2.2,0.03,0,0.0,2665,0,2026-09-10
NIFTY,2026-09-29,25300.0,CE,7.25,7.25,5.9,6.15,6.15,3399,5591008822.75,508885,-64935,2026-09-10
NIFTY,2026-09-29,25250.0,CE,6.8,6.8,6.1,6.5,6.5,863,1416762909.25,88205,-13780,2026-09-10
NIFTY,2026-09-29,25050.0,CE,7.7,7.9,7.05,7.55,7.55,2508,4084903218.5,98930,-57460,2026-09-10
NIFTY,2026-09-29,24250.0,CE,34.8,37.3,25.75,27.05,27.05,3825,6036647997.25,348205,-10270,2026-09-10
NIFTY,2026-09-29,23650.0,CE,175.5,190.4,142.2,148.5,148.5,5722,8856869872.5,245570,30095,2026-09-10
NIFTY,2026-09-29,23500.0,CE,253.2,271.9,210.0,220.55,220.55,74219,114521051872.5,2396355,682500,2026-09-10
NIFTY,2026-09-29,23450.0,CE,298.85,300.4,235.25,246.1,246.1,8755,13497115723.0,143585,88205,2026-09-10
NIFTY,2026-10-13,21950.0,CE,0.0,0.0,0.0,1832.65,1683.16,0,0.0,0,0,2026-09-10
NIFTY,2026-10-13,22050.0,CE,0.0,0.0,0.0,1739.4,1591.02,0,0.0,0,0,2026-09-10
NIFTY,2026-10-13,23450.0,CE,339.5,353.45,339.5,348.4,348.4,8,12372844.25,130,130,2026-09-10
NIFTY,2026-10-13,24350.0,CE,0.0,0.0,0.0,236.65,180.46,0,0.0,0,0,2026-09-10
NIFTY,2026-10-27,21800.0,CE,0.0,0.0,0.0,2595.5,1898.08,0,0.0,0,0,2026-09-10
NIFTY,2026-10-27,21950.0,CE,0.0,0.0,0.0,2463.7,1762.47,0,0.0,0,0,2026-09-10
NIFTY,2026-10-27,22650.0,CE,0.0,0.0,0.0,1882.95,1177.84,0,0.0,0,0,2026-09-10
NIFTY,2031-06-24,21000.0,PE,0.0,0.0,0.0,450.5,377.87,0,0.0,0,0,2026-09-10
NIFTY,2030-06-25,31500.0,PE,0.0,0.0,0.0,2056.3,3666.77,0,0.0,0,0,2026-09-10
NIFTY,2028-12-26,20000.0,PE,0.0,0.0,0.0,271.1,236.93,0,0.0,4265,0,2026-09-10
NIFTY,2028-06-27,16500.0,PE,0.0,0.0,0.0,3.8,20.21,0,0.0,0,0,2026-09-10
NIFTY,2027-12-28,23000.0,PE,560.0,579.95,557.5,570.15,570.15,235,360055660.25,85060,8330,2026-09-10
NIFTY,2027-06-29,30000.0,PE,0.0,0.0,0.0,4000.0,5186.68,0,0.0,455,0,2026-09-10
NIFTY,2027-06-29,28500.0,PE,0.0,0.0,0.0,1807.05,3911.11,0,0.0,0,0,2026-09-10
NIFTY,2027-03-30,15000.0,PE,20.0,20.0,20.0,20.0,0.01,1,976300.0,2470,0,2026-09-10
NIFTY,2026-12-29,29000.0,PE,4939.95,5000.0,4915.0,4990.0,4990.0,53,116967860.75,219780,910,2026-09-10
NIFTY,2026-12-29,27000.0,PE,3020.0,3073.95,2990.0,3053.5,3053.5,184,359104603.0,1012760,1235,2026-09-10
NIFTY,2026-12-29,22500.0,PE,183.3,185.05,164.05,179.3,179.3,4931,7267418239.25,1045070,-70005,2026-09-10
NIFTY,2026-12-29,17000.0,PE,14.0,15.4,13.65,15.0,15.0,75,82947293.0,186950,-1105,2026-09-10
NIFTY,2026-11-23,25750.0,PE,0.0,0.0,0.0,1419.55,2062.02,0,0.0,0,0,2026-09-10
NIFTY,2026-11-23,24950.0,PE,0.0,0.0,0.0,915.05,1414.42,0,0.0,0,0,2026-09-10
NIFTY,2026-11-23,24850.0,PE,0.0,0.0,0.0,860.35,1339.12,0,0.0,0,0,2026-09-10
NIFTY,2026-11-23,24350.0,PE,802.85,836.15,802.85,836.15,836.15,3,4908143.5,4225,0,2026-09-10
NIFTY,2026-11-23,22100.0,PE,0.0,0.0,0.0,71.4,129.75,0,0.0,0,0,2026-09-10
NIFTY,2026-10-27,27100.0,PE,0.0,0.0,0.0,2808.9,3406.51,0,0.0,0,0,2026-09-10
NIFTY,2026-10-27,27050.0,PE,0.0,0.0,0.0,2764.35,3357.34,0,0.0,0,0,2026-09-10
NIFTY,2026-10-27,26800.0,PE,0.0,0.0,0.0,2544.55,3112.18,0,0.0,0,0,2026-09-10
NIFTY,2026-10-27,26650.0,PE,0.0,0.0,0.0,2415.2,2965.74,0,0.0,0,0,2026-09-10
NIFTY,2026-10-27,26450.0,PE,0.0,0.0,0.0,2246.05,2771.51,0,0.0,0,0,2026-09-10
NIFTY,2026-10-27,25850.0,PE,0.0,0.0,0.0,1093.8,2199.77,0,0.0,65,0,2026-09-10
NIFTY,2026-10-27,25550.0,PE,0.0,0.0,0.0,1144.0,1923.47,0,0.0,130,0,2026-09-10
NIFTY,2026-10-27,24500.0,PE,944.6,995.0,900.0,971.0,971.0,1775,2935722695.75,749515,5850,2026-09-10
NIFTY,2026-10-27,24400.0,PE,859.0,904.35,826.3,895.95,895.95,272,446685599.75,132145,-6695,2026-09-10
NIFTY,2026-10-27,24350.0,PE,809.1,854.0,809.1,833.6,833.6,14,22913790.25,14755,-65,2026-09-10
NIFTY,2026-10-27,23850.0,PE,471.2,510.9,455.0,473.9,473.9,15,23719663.5,9685,-260,2026-09-10
NIFTY,2026-10-27,23550.0,PE,312.0,350.0,306.05,338.3,338.3,117,181558419.25,13325,2470,2026-09-10
NIFTY,2026-10-27,22700.0,PE,100.95,106.65,87.95,101.75,101.75,2786,4128223836.75,190385,32435,2026-09-10
NIFTY,2026-10-27,22550.0,PE,0.0,0.0,0.0,41.0,144.62,0,0.0,3120,0,2026-09-10
NIFTY,2026-10-27,21850.0,PE,0.0,0.0,0.0,87.8,47.39,0,0.0,0,0,2026-09-10
NIFTY,2026-10-13,25200.0,PE,0.0,0.0,0.0,1494.1,1625.07,0,0.0,0,0,2026-09-10
NIFTY,2026-10-13,24600.0,PE,0.0,0.0,0.0,998.2,1106.81,0,0.0,0,0,2026-09-10
NIFTY,2026-10-13,24400.0,PE,0.0,0.0,0.0,851.05,951.36,0,0.0,0,0,2026-09-10
NIFTY,2026-10-13,24300.0,PE,0.0,0.0,0.0,781.75,875.89,0,0.0,0,0,2026-09-10
NIFTY,2026-10-13,24050.0,PE,0.0,0.0,0.0,621.65,702.72,0,0.0,0,0,2026-09-10
NIFTY,2026-10-13,23550.0,PE,274.05,313.35,268.9,304.85,304.85,22,34093842.25,1300,1300,2026-09-10
NIFTY,2026-10-13,23400.0,PE,233.0,247.1,211.45,236.5,236.5,53,81381920.75,2600,2535,2026-09-10
NIFTY,2026-10-13,22750.0,PE,0.0,0.0,0.0,117.6,138.18,0,0.0,0,0,2026-09-10
NIFTY,2026-10-13,22450.0,PE,0.0,0.0,0.0,69.75,82.4,0,0.0,0,0,2026-09-10
NIFTY,2026-10-13,22350.0,PE,0.0,0.0,0.0,57.85,68.39,0,0.0,0,0,2026-09-10
NIFTY,2026-10-06,24900.0,PE,0.0,0.0,0.0,913.3,1367.18,0,0.0,0,0,2026-09-10
NIFTY,2026-10-06,23500.0,PE,246.9,266.0,220.0,254.75,254.75,1071,1652615887.0,44330,-325,2026-09-10
NIFTY,2026-10-06,23150.0,PE,0.0,0.0,0.0,120.75,218.16,0,0.0,130,0,2026-09-10
NIFTY,2026-10-06,21800.0,PE,0.0,0.0,0.0,7.55,12.35,0,0.0,0,0,2026-09-10
NIFTY,2026-10-06,21700.0,PE,0.0,0.0,0.0,5.8,9.3,0,0.0,0,0,2026-09-10
NIFTY,2026-09-29,27050.0,PE,0.0,0.0,0.0,2869.35,3490.25,0,0.0,0,0,2026-09-10
NIFTY,2026-09-29,26500.0,PE,2961.9,3012.0,2933.25,2994.95,2994.95,25,47882441.75,848965,-1365,2026-09-10
NIFTY,2026-09-29,26200.0,PE,2734.0,2734.0,2734.0,2734.0,2734.0,1,1880710.0,37765,-65,2026-09-10
NIFTY,2026-09-29,25850.0,PE,0.0,0.0,0.0,1859.75,2295.33,0,0.0,0,0,2026-09-10
NIFTY,2026-09-29,24800.0,PE,1260.3,1333.0,1248.0,1310.3,1310.3,540,915252932.75,353470,-4680,2026-09-10
NIFTY,2026-09-29,24450.0,PE,936.35,1010.65,921.2,974.45,974.45,84,138714192.5,87165,-1885,2026-09-10
NIFTY,2026-09-29,23650.0,PE,279.0,326.95,267.2,311.45,311.45,1521,2367522677.0,248300,-3185,2026-09-10
NIFTY,2026-09-29,23600.0,PE,297.9,301.45,241.2,280.55,280.55,21829,33865441291.5,1764620,-45370,2026-09-10
NIFTY,2026-09-29,23000.0,PE,72.0,84.2,64.05,77.1,77.1,78725,118070916379.0,5947360,-14700,2026-09-10
NIFTY,2026-09-29,22900.0,PE,60.35,66.3,51.2,60.85,60.85,25668,38304303833.25,733200,93600,2026-09-10
NIFTY,2026-09-22,26050.0,PE,0.0,0.0,0.0,1794.15,2522.35,0,0.0,0,0,2026-09-10
NIFTY,2026-09-22,23650.0,PE,268.0,298.65,231.25,276.7,276.7,4409,6854404596.0,99320,-68185,2026-09-10
NIFTY,2026-09-22,23550.0,PE,200.0,235.0,177.8,215.05,215.05,7079,10929975137.25,134680,-17940,2026-09-10
NIFTY,2026-09-22,23500.0,PE,222.0,222.0,154.55,191.55,191.55,70630,108715695000.25,1907880,695500,2026-09-10
NIFTY,2026-09-22,23400.0,PE,145.75,159.55,116.05,143.9,143.9,85836,131315349610.25,1660815,720005,2026-09-10
NIFTY,2026-09-22,22650.0,PE,18.0,21.75,15.9,18.65,18.65,3865,5694785112.25,88530,49075,2026-09-10
NIFTY,2026-09-22,22400.0,PE,12.85,12.85,9.9,11.2,11.2,14386,20956386337.25,340535,256230,2026-09-10
NIFTY,2026-09-15,26150.0,PE,0.0,0.0,0.0,1603.05,2651.32,0,0.0,0,0,2026-09-10
NIFTY,2026-09-15,25500.0,PE,2008.6,2074.05,2008.6,2074.05,2001.84,4,7162356.5,100360,-260,2026-09-10
NIFTY,2026-09-15,23000.0,PE,14.5,19.2,10.2,11.9,11.9,914254,1367538922233.25,10614370,1478035,2026-09-10
NIFTY,2026-09-15,22850.0,PE,9.3,9.75,5.5,6.65,6.65,317416,471589571761.75,1433380,796575,2026-09-10
NIFTY,2026-09-15,22750.0,PE,7.6,8.1,4.1,4.9,4.9,168735,249576115717.5,1090960,566735,2026-09-10
NIFTY,2026-09-15,21900.0,PE,1.75,2.1,1.05,1.25,1.25,75794,107900314453.75,2153970,-617500,2026-09-10
NIFTY,2031-06-24,30000.0,CE,0.0,0.0,0.0,4459.9,3859.92,0,0.0,0,0,2026-09-10
NIFTY,2031-06-24,18000.0,CE,0.0,0.0,0.0,10825.95,10316.46,0,0.0,0,0,2026-09-10
NIFTY,2030-12-31,25500.0,CE,0.0,0.0,0.0,7639.65,5296.67,0,0.0,0,0,2026-09-10
NIFTY,2030-12-31,19500.0,CE,0.0,0.0,0.0,11601.15,8864.9,0,0.0,0,0,2026-09-10
NIFTY,2029-12-24,21000.0,CE,0.0,0.0,0.0,9463.95,6815.47,0,0.0,0,0,2026-09-10
NIFTY,2029-06-26,25500.0,CE,0.0,0.0,0.0,5917.35,3576.04,0,0.0,0,0,2026-09-10
NIFTY,2028-06-27,27000.0,CE,0.0,0.0,0.0,1935.0,1727.01,0,0.0,65,0,2026-09-10
NIFTY,2027-12-28,21000.0,CE,0.0,0.0,0.0,4902.4,4417.68,0,0.0,0,0,2026-09-10
NIFTY,2027-06-29,19500.0,CE,0.0,0.0,0.0,8143.4,5000.81,0,0.0,0,0,2026-09-10
NIFTY,2027-06-29,16500.0,CE,0.0,0.0,0.0,10867.2,7794.42,0,0.0,0,0,2026-09-10
NIFTY,2027-03-30,30000.0,CE,20.6,22.9,20.4,20.8,20.8,166,323927867.25,140465,2210,2026-09-10
NIFTY,2027-03-30,21000.0,CE,0.0,0.0,0.0,3711.0,3330.92,0,0.0,6695,0,2026-09-10
NIFTY,2026-12-29,25500.0,CE,109.65,119.0,98.85,100.05,100.05,9437,15705908965.5,1130740,-65195,2026-09-10
NIFTY,2026-12-29,19500.0,CE,0.0,0.0,0.0,7586.85,4352.28,0,0.0,0,0,2026-09-10
NIFTY,2026-11-23,25900.0,CE,0.0,0.0,0.0,345.7,100.7,0,0.0,0,0,2026-09-10
NIFTY,2026-11-23,25300.0,CE,0.0,0.0,0.0,532.0,186.5,0,0.0,0,0,2026-09-10
NIFTY,2026-11-23,24800.0,CE,113.3,120.0,97.0,98.95,98.95,914,1479642810.75,63830,5980,2026-09-10
NIFTY,2026-11-23,24300.0,CE,237.45,237.45,202.2,207.5,207.5,686,1093316461.25,33995,-2340,2026-09-10
NIFTY,2026-11-23,22300.0,CE,0.0,0.0,0.0,2456.95,1627.05,0,0.0,0,0,2026-09-10
NIFTY,2026-11-23,21950.0,CE,0.0,0.0,0.0,2769.65,1915.12,0,0.0,0,0,2026-09-10
NIFTY,2026-10-27,26450.0,CE,9.0,9.0,8.15,8.15,14.02,15,25797135.0,520,-520,2026-09-10
NIFTY,2026-10-27,24600.0,CE,70.05,70.45,57.75,59.05,59.05,3858,6184739577.25,263185,19435,2026-09-10
NIFTY,2026-10-27,24100.0,CE,173.95,181.65,150.25,154.25,154.25,3215,5070566829.25,343785,14430,2026-09-10
NIFTY,2026-10-27,23650.0,CE,368.15,368.15,318.0,327.05,327.05,734,1144661293.75,22685,13260,2026-09-10
NIFTY,2026-10-27,23250.0,CE,0.0,0.0,0.0,1441.3,764.36,0,0.0,0,0,2026-09-10
NIFTY,2026-09-15,23200.0,CE,320.55,348.9,251.65,273.95,273.95,88880,135768491823.25,363415,186485,2026-09-10
NIFTY,2026-09-15,23600.0,CE,69.0,84.25,38.0,43.85,43.85,1589205,2443706205811.0,8231600,1885845,2026-09-10
NIFTY,2026-09-15,23900.0,CE,12.0,16.8,7.25,8.55,8.55,752854,1170056297878.0,8091460,1283945,2026-09-10
NIFTY,2026-09-15,24500.0,CE,2.75,2.8,1.7,2.2,2.2,848564,1351467530991.5,11164855,3612115,2026-09-10
NIFTY,2026-09-15,25600.0,CE,1.05,1.1,0.55,0.6,0.6,16065,26732920357.0,585065,-155285,2026-09-10
NIFTY,2026-09-22,22200.0,CE,1335.2,1335.2,1307.05,1307.05,1325.86,2,3057746.25,65,0,2026-09-10
NIFTY,2026-09-22,22950.0,CE,598.4,611.2,539.35,539.35,539.35,5,7649499.0,260,260,2026-09-10
NIFTY,2026-09-22,23250.0,CE,341.2,377.0,297.6,309.95,309.95,699,1071894359.25,17355,7020,2026-09-10
NIFTY,2026-09-22,23650.0,CE,112.3,136.0,86.7,94.0,94.0,19431,30003527518.25,522015,251745,2026-09-10
NIFTY,2026-09-22,23800.0,CE,62.3,80.95,48.6,53.0,53.0,73345,113756219180.5,1793675,295620,2026-09-10
NIFTY,2026-09-22,24100.0,CE,21.4,27.2,15.0,15.8,15.8,61133,95838487273.75,1632150,545220,2026-09-10
NIFTY,2026-09-22,24800.0,CE,4.85,5.8,3.4,4.0,4.0,13094,21111192677.25,382200,114855,2026-09-10
NIFTY,2026-09-22,25000.0,CE,3.95,4.9,2.65,3.2,3.2,37504,60952929245.0,1237600,909545,2026-09-10
NIFTY,2026-09-22,25750.0,CE,2.25,2.25,1.4,1.6,1.6,48,80345216.25,2080,1820,2026-09-10
NIFTY,2026-09-29,21000.0,CE,2551.9,2567.45,2465.0,2477.2,2477.2,309,472314726.0,515840,2990,2026-09-10
NIFTY,2026-09-29,21600.0,CE,1955.1,1955.1,1920.0,1930.0,1945.64,96,146820082.5,45240,-5135,2026-09-10
NIFTY,2026-09-29,21950.0,CE,0.0,0.0,0.0,1800.0,1602.64,0,0.0,130,0,2026-09-10
NIFTY,2026-09-29,22850.0,CE,0.0,0.0,0.0,1575.95,793.04,0,0.0,325,0,2026-09-10
NIFTY,2026-09-29,23100.0,CE,509.0,541.1,467.7,486.95,486.95,444,681071491.75,20800,8255,2026-09-10
NIFTY,2026-09-29,24300.0,CE,32.45,32.9,22.95,23.85,23.85,32411,51248485557.75,4567030,-145990,2026-09-10
NIFTY,2026-09-29,25950.0,CE,3.4,4.1,2.75,3.9,3.9,672,1133659618.0,10790,-29640,2026-09-10
NIFTY,2026-10-06,22100.0,CE,0.0,0.0,0.0,2099.1,1496.47,0,0.0,0,0,2026-09-10
NIFTY,2026-10-06,22300.0,CE,0.0,0.0,0.0,1909.15,1313.7,0,0.0,0,0,2026-09-10
NIFTY,2026-10-06,22350.0,CE,0.0,0.0,0.0,1862.2,1269.08,0,0.0,0,0,2026-09-10
NIFTY,2026-10-06,22400.0,CE,0.0,0.0,0.0,1815.55,1224.94,0,0.0,0,0,2026-09-10
NIFTY,2026-10-06,22500.0,CE,0.0,0.0,0.0,1723.05,1138.25,0,0.0,0,0,2026-09-10
NIFTY,2026-10-06,22900.0,CE,0.0,0.0,0.0,1367.45,817.14,0,0.0,0,0,2026-09-10
NIFTY,2026-10-06,23600.0,CE,250.0,261.0,214.6,223.05,223.05,437,677189555.25,15730,1885,2026-09-10
NIFTY,2026-10-06,23750.0,CE,184.0,189.5,151.85,158.7,158.7,91,141482695.25,5135,325,2026-09-10
NIFTY,2026-10-06,24900.0,CE,0.0,0.0,0.0,212.9,48.17,0,0.0,0,0,2026-09-10
NIFTY,2026-10-06,25050.0,CE,0.0,0.0,0.0,175.2,35.56,0,0.0,0,0,2026-09-10
NIFTY,2026-10-06,25250.0,CE,10.0,10.0,8.25,9.4,23.24,5,8209279.0,2405,65,2026-09-10
NIFTY,2026-10-13,21750.0,CE,0.0,0.0,0.0,2022.25,1870.96,0,0.0,0,0,2026-09-10
NIFTY,2026-11-23,23500.0,CE,607.8,614.25,553.3,564.25,564.25,2347,3674174608.0,202670,44135,2026-09-10
NIFTY,2026-09-15,22000.0,CE,1498.75,1505.0,1423.35,1432.3,1432.3,175,266742047.0,5980,975,2026-09-10
NIFTY,2026-09-15,25400.0,CE,0.9,1.05,0.55,0.65,0.65,38478,63529081788.25,1502930,-333255,2026-09-10
NIFTY,2026-09-22,24150.0,CE,30.0,30.0,12.75,13.55,13.55,9364,14708869444.75,255515,31265,2026-09-10
NIFTY,2026-09-22,24700.0,CE,6.45,6.5,3.9,4.7,4.7,16337,26234358692.75,358735,-95095,2026-09-10
NIFTY,2026-09-22,24850.0,CE,3.8,4.45,3.35,3.8,3.8,686,1108239356.25,37180,10465,2026-09-10
NIFTY,2026-09-29,22900.0,CE,672.5,703.0,627.9,638.95,638.95,66,101079816.5,6565,1690,2026-09-10
NIFTY,2026-09-29,26100.0,CE,3.0,3.9,3.0,3.3,3.3,269,456418686.75,15600,-4875,2026-09-10
NIFTY,2026-09-29,27000.0,CE,2.25,2.3,1.85,2.0,2.0,3777,6629139016.5,1746875,-12480,2026-09-10
NIFTY,2026-10-06,21950.0,CE,0.0,0.0,0.0,2243.55,1637.27,0,0.0,0,0,2026-09-10
NIFTY,2026-10-06,24550.0,CE,0.0,0.0,0.0,325.45,92.78,0,0.0,0,0,2026-09-10
NIFTY,2026-10-06,25450.0,CE,7.7,7.7,6.85,6.95,6.95,29,47986617.25,1040,-325,2026-09-10
NIFTY,2026-10-13,21800.0,CE,0.0,0.0,0.0,1974.5,1823.62,0,0.0,0,0,2026-09-10
NIFTY,2026-11-23,25450.0,PE,0.0,0.0,0.0,1217.0,1808.5,0,0.0,0,0,2026-09-10
NIFTY,2026-11-23,23250.0,PE,265.35,288.25,255.35,288.25,288.25,39,59618149.5,1690,1625,2026-09-10
NIFTY,2026-10-13,25350.0,PE,0.0,0.0,0.0,1628.0,1763.1,0,0.0,0,0,2026-09-10
NIFTY,2026-10-06,25600.0,PE,0.0,0.0,0.0,1475.75,2026.52,0,0.0,0,0,2026-09-10
NIFTY,2026-09-29,22450.0,PE,23.35,27.0,22.2,24.6,24.6,686,1002127418.5,41275,1690,2026-09-10
NIFTY,2026-09-22,22150.0,PE,7.9,8.35,7.0,7.8,7.8,296,426316676.5,6630,-3770,2026-09-10
NIFTY,2026-09-15,23400.0,PE,94.25,99.0,62.8,84.2,84.2,3765046,5745914585505.25,7986485,2768155,2026-09-10
NIFTY,2026-09-15,22500.0,PE,4.0,4.4,2.55,3.1,3.1,411516,601931383992.25,8107905,3428360,2026-09-10
NIFTY,2027-03-30,24000.0,CE,951.95,957.0,890.55,915.8,915.8,2002,3243330041.25,666250,10075,2026-09-10
NIFTY,2026-12-29,31500.0,CE,0.0,0.0,0.0,4.9,0.53,0,0.0,32240,0,2026-09-10
NIFTY,2026-11-23,23800.0,CE,443.4,448.1,396.0,400.4,400.4,1015,1597793327.0,53300,18395,2026-09-10
NIFTY,2026-10-27,23700.0,CE,339.95,353.1,294.3,301.0,301.0,2535,3957450269.5,209755,49270,2026-09-10
NIFTY,2026-10-27,24800.0,CE,49.05,49.35,39.9,40.75,40.75,5085,8211291861.5,409825,33345,2026-09-10
NIFTY,2026-10-27,24950.0,CE,39.25,39.25,31.25,33.15,33.15,189,306936126.25,21775,-1235,2026-09-10
NIFTY,2026-10-27,25000.0,CE,36.0,36.25,30.0,31.0,31.0,11207,18235247745.0,1668875,10530,2026-09-10
NIFTY,2026-10-27,25400.0,CE,22.4,22.4,16.45,18.2,18.2,687,1135085939.0,125775,-15340,2026-09-10
NIFTY,2026-10-27,26050.0,CE,10.5,11.25,10.5,10.9,27.3,50,84697775.5,2665,1625,2026-09-10
NIFTY,2026-10-27,26850.0,CE,6.6,6.6,6.1,6.1,6.87,20,34913255.0,845,-650,2026-09-10
NIFTY,2026-10-27,27000.0,CE,5.0,5.15,4.4,4.55,4.55,1530,2685621487.25,439270,30615,2026-09-10
NIFTY,2026-10-27,27100.0,CE,4.6,5.3,4.6,5.0,5.0,96,169135736.25,4550,-2210,2026-09-10
NIFTY,2026-09-29,22050.0,PE,14.65,15.8,13.6,14.8,14.8,1372,1967734041.0,63570,29055,2026-09-10
NIFTY,2026-09-29,21650.0,PE,11.95,11.95,7.15,10.3,10.3,368,518117538.25,22035,4615,2026-09-10
NIFTY,2026-09-29,16500.0,PE,0.85,1.65,0.75,0.8,0.8,465,498742448.75,132600,-130,2026-09-10
NIFTY,2026-09-22,25800.0,PE,0.0,0.0,0.0,1569.65,2272.93,0,0.0,0,0,2026-09-10
NIFTY,2026-09-22,24900.0,PE,0.0,0.0,0.0,853.1,1380.94,0,0.0,0,0,2026-09-10
NIFTY,2026-09-22,24750.0,PE,0.0,0.0,0.0,752.65,1235.77,0,0.0,0,0,2026-09-10
NIFTY,2026-11-23,22200.0,CE,0.0,0.0,0.0,2545.1,1707.4,0,0.0,0,0,2026-09-10
NIFTY,2026-11-23,22250.0,CE,0.0,0.0,0.0,2500.9,1667.02,0,0.0,0,0,2026-09-10
NIFTY,2026-11-23,22500.0,CE,1330.0,1345.95,1279.1,1286.25,1286.25,51,78958824.75,3250,2210,2026-09-10
NIFTY,2026-11-23,22800.0,CE,0.0,0.0,0.0,1166.75,1252.04,0,0.0,130,0,2026-09-10
NIFTY,2026-11-23,23200.0,CE,790.0,794.0,768.0,768.0,989.01,14,21821735.0,1105,520,2026-09-10
NIFTY,2026-11-23,24850.0,CE,0.0,0.0,0.0,714.05,283.8,0,0.0,0,0,2026-09-10
NIFTY,2026-11-23,25200.0,CE,0.0,0.0,0.0,569.15,205.41,0,0.0,0,0,2026-09-10
NIFTY,2026-11-23,25250.0,CE,0.0,0.0,0.0,550.35,195.77,0,0.0,0,0,2026-09-10
NIFTY,2026-12-29,28000.0,CE,16.75,16.95,16.1,16.6,16.6,1583,2882755339.75,1719015,14365,2026-09-10
NIFTY,2027-06-29,28500.0,CE,0.0,0.0,0.0,1711.9,296.22,0,0.0,0,0,2026-09-10
NIFTY,2027-12-28,25000.0,CE,1547.0,1556.0,1476.0,1483.2,1483.2,244,420490804.5,101865,3120,2026-09-10
NIFTY,2027-12-28,26000.0,CE,1060.05,1070.05,996.1,1002.15,1002.15,273,479739763.75,109435,4225,2026-09-10
NIFTY,2027-12-28,30000.0,CE,162.0,166.0,152.05,156.6,156.6,158,309721961.25,182325,-2795,2026-09-10
NIFTY,2027-12-28,31500.0,CE,0.0,0.0,0.0,85.05,284.23,0,0.0,2080,0,2026-09-10
NIFTY,2028-06-27,16500.0,CE,0.0,0.0,0.0,11752.8,8772.31,0,0.0,0,0,2026-09-10
NIFTY,2029-06-26,19500.0,CE,0.0,0.0,0.0,10206.95,7346.48,0,0.0,0,0,2026-09-10
NIFTY,2029-12-24,19500.0,CE,0.0,0.0,0.0,10678.8,7864.37,0,0.0,0,0,2026-09-10
NIFTY,2030-06-25,25500.0,CE,0.0,0.0,0.0,7070.45,4725.87,0,0.0,0,0,2026-09-10
NIFTY,2030-12-31,24000.0,CE,0.0,0.0,0.0,8563.3,6086.98,0,0.0,0,0,2026-09-10
NIFTY,2026-09-22,24700.0,PE,1199.0,1199.0,1185.0,1192.3,1187.91,4,6732134.5,845,130,2026-09-10
NIFTY,2026-09-22,23250.0,PE,97.9,106.2,76.25,95.75,95.75,9691,14702976889.25,269165,98280,2026-09-10
NIFTY,2026-09-22,23150.0,PE,65.0,79.9,57.5,70.15,70.15,13645,20592961957.75,442390,289965,2026-09-10
NIFTY,2026-09-22,22900.0,PE,38.0,40.0,29.1,34.95,34.95,18765,27972671415.0,430235,164645,2026-09-10
NIFTY,2026-09-22,22300.0,PE,11.05,11.05,8.65,9.2,9.2,10026,14538817094.75,195065,86775,2026-09-10
NIFTY,2026-09-15,25550.0,PE,0.0,0.0,0.0,1975.0,2051.8,0,0.0,520,0,2026-09-10
NIFTY,2031-06-24,16500.0,CE,0.0,0.0,0.0,11849.25,11360.4,0,0.0,0,0,2026-09-10
NIFTY,2026-09-15,21950.0,PE,2.05,2.2,1.1,1.25,1.25,29527,42130922431.0,143130,17680,2026-09-10
NIFTY,2026-10-13,24000.0,PE,525.0,525.0,525.0,525.0,670.4,1,1594125.0,195,65,2026-09-10
NIFTY,2026-10-13,23150.0,PE,0.0,0.0,0.0,215.9,251.35,0,0.0,0,0,2026-09-10
NIFTY,2026-10-13,22150.0,PE,38.9,38.9,38.9,38.9,46.08,13,18749620.5,845,845,2026-09-10
NIFTY,2026-10-13,22000.0,PE,33.35,33.35,25.0,26.2,26.2,10,14317829.5,455,455,2026-09-10
NIFTY,2026-10-13,21900.0,PE,0.0,0.0,0.0,22.75,26.93,0,0.0,0,0,2026-09-10
NIFTY,2026-10-06,25700.0,PE,0.0,0.0,0.0,1563.65,2123.86,0,0.0,0,0,2026-09-10
NIFTY,2026-10-06,24950.0,PE,0.0,0.0,0.0,949.75,1412.4,0,0.0,0,0,2026-09-10
NIFTY,2026-10-06,24500.0,PE,1000.35,1000.35,1000.35,1000.35,1021.96,1,1657522.75,455,65,2026-09-10
NIFTY,2026-10-06,24150.0,PE,0.0,0.0,0.0,455.15,751.74,0,0.0,0,0,2026-09-10
NIFTY,2026-10-06,23750.0,PE,368.5,404.65,348.05,381.05,381.05,76,119176817.5,4030,-1040,2026-09-10
NIFTY,2026-10-06,23250.0,PE,145.45,167.3,140.95,156.95,156.95,72,109511616.5,6565,845,2026-09-10
NIFTY,2026-10-06,23100.0,PE,0.0,0.0,0.0,111.4,201.6,0,0.0,0,0,2026-09-10
NIFTY,2026-10-06,22750.0,PE,0.0,0.0,0.0,60.6,110.13,0,0.0,0,0,2026-09-10
NIFTY,2026-10-06,22100.0,PE,0.0,0.0,0.0,22.5,27.09,0,0.0,130,0,2026-09-10
NIFTY,2026-09-29,26700.0,PE,0.0,0.0,0.0,2560.85,3141.36,0,0.0,0,0,2026-09-10
NIFTY,2026-09-29,25350.0,PE,0.0,0.0,0.0,850.0,1802.37,0,0.0,1040,0,2026-09-10
NIFTY,2026-09-29,25150.0,PE,0.0,0.0,0.0,880.05,1608.29,0,0.0,1365,0,2026-09-10
NIFTY,2026-09-29,24350.0,PE,842.5,898.95,808.35,866.9,866.9,193,316100677.75,329160,-7280,2026-09-10
NIFTY,2026-09-29,23850.0,PE,439.75,467.35,391.95,446.6,446.6,653,1030196154.0,123175,-14235,2026-09-10
NIFTY,2026-09-29,23300.0,PE,147.95,163.75,126.8,149.7,149.7,23402,35660841875.75,2181725,66755,2026-09-10
NIFTY,2026-09-29,18000.0,PE,1.55,1.6,1.1,1.25,1.25,1167,1365491972.0,856895,-6630,2026-09-10
NIFTY,2026-09-22,25150.0,PE,0.0,0.0,0.0,1035.2,1626.49,0,0.0,0,0,2026-09-10
NIFTY,2026-09-22,24550.0,PE,0.0,0.0,0.0,959.8,1046.46,0,0.0,0,0,2026-09-10
NIFTY,2026-09-22,24200.0,PE,704.9,762.35,672.85,737.45,737.45,245,396796039.25,84890,2470,2026-09-10
NIFTY,2026-09-22,24100.0,PE,611.85,673.0,589.1,643.35,643.35,120,192893502.75,104455,0,2026-09-10
NIFTY,2026-09-15,25850.0,PE,0.0,0.0,0.0,1345.95,2351.56,0,0.0,0,0,2026-09-10
NIFTY,2026-09-15,24950.0,PE,0.0,0.0,0.0,689.2,1452.36,0,0.0,0,0,2026-09-10
NIFTY,2026-09-15,24050.0,PE,552.55,634.4,540.8,613.75,613.75,676,1082568301.75,102570,-13195,2026-09-10
NIFTY,2026-09-15,23900.0,PE,448.1,488.8,392.0,457.15,457.15,20213,31971176731.0,1557595,-262275,2026-09-10
NIFTY,2026-09-15,23500.0,PE,124.0,153.6,100.2,132.8,132.8,2701551,4148100039820.75,6244680,-1801475,2026-09-10
NIFTY,2026-09-15,23050.0,PE,25.0,25.0,12.0,14.35,14.35,382315,573166466697.5,2680470,904540,2026-09-10
NIFTY,2026-09-15,22200.0,PE,3.55,3.55,1.55,1.85,1.85,217991,314593349099.25,3132220,611260,2026-09-10
NIFTY,2026-09-15,22150.0,PE,2.75,3.0,1.5,1.75,1.75,55037,79247686557.0,812435,-340145,2026-09-10
NIFTY,2026-09-15,22050.0,PE,2.5,2.7,1.2,1.45,1.45,69456,99556355096.25,627510,-179920,2026-09-10
NIFTY,2031-06-24,31500.0,CE,0.0,0.0,0.0,3928.35,3340.59,0,0.0,0,0,2026-09-10
NIFTY,2030-12-31,28500.0,CE,0.0,0.0,0.0,5968.3,3939.05,0,0.0,0,0,2026-09-10
NIFTY,2030-12-31,16500.0,CE,0.0,0.0,0.0,13763.55,10980.81,0,0.0,0,0,2026-09-10
NIFTY,2030-06-25,31500.0,CE,0.0,0.0,0.0,3984.8,2366.28,0,0.0,0,0,2026-09-10
NIFTY,2030-06-25,18000.0,CE,0.0,0.0,0.0,12423.9,9440.24,0,0.0,0,0,2026-09-10
NIFTY,2029-12-24,28500.0,CE,0.0,0.0,0.0,4802.1,2847.66,0,0.0,0,0,2026-09-10
NIFTY,2029-12-24,16500.0,CE,0.0,0.0,0.0,12984.85,10130.67,0,0.0,0,0,2026-09-10
NIFTY,2029-06-26,33000.0,CE,0.0,0.0,0.0,4179.45,1112.97,0,0.0,0,0,2026-09-10
NIFTY,2029-06-26,21000.0,CE,0.0,0.0,0.0,9799.75,6264.7,0,0.0,0,0,2026-09-10
NIFTY,2029-06-26,18000.0,CE,0.0,0.0,0.0,11678.65,8496.14,0,0.0,0,0,2026-09-10
NIFTY,2028-06-27,19500.0,CE,0.0,0.0,0.0,9209.1,6231.91,0,0.0,0,0,2026-09-10
NIFTY,2027-12-28,33000.0,CE,67.0,77.65,65.0,75.05,75.05,49,105343436.25,9490,2860,2026-09-10
NIFTY,2027-06-29,33000.0,CE,0.0,0.0,0.0,1122.75,29.91,0,0.0,0,0,2026-09-10
NIFTY,2027-06-29,25500.0,CE,0.0,0.0,0.0,664.0,1006.64,0,0.0,455,0,2026-09-10
NIFTY,2026-12-29,22500.0,CE,1537.05,1550.0,1477.65,1483.9,1483.9,157,245090647.75,26910,4810,2026-09-10
NIFTY,2026-12-29,16000.0,CE,0.0,0.0,0.0,8500.0,7780.14,0,0.0,260,0,2026-09-10
NIFTY,2026-11-23,25550.0,CE,0.0,0.0,0.0,446.95,145.38,0,0.0,0,0,2026-09-10
NIFTY,2026-11-23,25450.0,CE,0.0,0.0,0.0,479.65,160.82,0,0.0,0,0,2026-09-10
NIFTY,2026-11-23,24600.0,CE,152.55,152.55,131.9,133.5,133.5,768,1234956336.25,41340,13975,2026-09-10
NIFTY,2026-11-23,24250.0,CE,247.15,250.0,227.3,230.9,471.35,64,101906805.0,5265,-390,2026-09-10
NIFTY,2026-11-23,23600.0,CE,547.45,548.0,498.7,504.8,504.8,216,338641439.5,12805,2730,2026-09-10
NIFTY,2026-11-23,23450.0,CE,622.1,624.4,596.4,596.4,842.76,20,31283255.25,715,520,2026-09-10
NIFTY,2026-11-23,23400.0,CE,672.6,672.6,614.0,617.85,617.85,168,262531980.75,4940,4745,2026-09-10
NIFTY,2026-11-23,23100.0,CE,854.0,878.3,817.9,825.65,825.65,15,23352400.5,845,715,2026-09-10
NIFTY,2026-11-23,22700.0,CE,0.0,0.0,0.0,2115.1,1324.15,0,0.0,0,0,2026-09-10
NIFTY,2026-11-23,21700.0,CE,0.0,0.0,0.0,2999.2,2131.54,0,0.0,0,0,2026-09-10
NIFTY,2026-10-27,27200.0,CE,5.25,5.25,3.85,4.4,4.4,95,167989627.0,8385,-1560,2026-09-10
NIFTY,2026-10-27,25650.0,CE,14.5,15.2,13.6,13.6,13.6,81,135125165.5,8645,-4745,2026-09-10
NIFTY,2026-10-27,25150.0,CE,0.0,0.0,0.0,479.95,102.5,0,0.0,0,0,2026-09-10
NIFTY,2026-10-27,25050.0,CE,33.35,33.35,26.95,27.9,27.9,122,198879421.0,27625,-1040,2026-09-10
NIFTY,2026-10-27,23050.0,CE,0.0,0.0,0.0,818.0,891.43,0,0.0,130,0,2026-09-10
NIFTY,2026-10-27,23000.0,CE,790.0,802.95,727.0,743.9,743.9,2319,3583132913.75,257790,49075,2026-09-10
