SYMBOL,EXPIRY_DT,STRIKE_PR,OPTION_TYP,OPEN,HIGH,LOW,CLOSE,SETTLE_PR,CONTRACTS,VAL_INLAKH,OPEN_INT,CHG_IN_OI,TIMESTAMP
NIFTY,2026-09-22,23050.0,CE,0.0,0.0,0.0,1331.55,1342.95,0,0.0,0,0,2026-08-24
NIFTY,2026-09-22,23350.0,CE,0.0,0.0,0.0,1089.75,1090.66,0,0.0,0,0,2026-08-24
NIFTY,2026-09-22,23400.0,CE,0.0,0.0,0.0,1051.55,1050.66,0,0.0,0,0,2026-08-24
NIFTY,2026-09-22,23450.0,CE,0.0,0.0,0.0,1013.95,1011.32,0,0.0,0,0,2026-08-24
NIFTY,2026-09-22,24200.0,CE,365.0,365.0,310.4,327.15,327.15,171,272590415.5,9685,7345,2026-08-24
NIFTY,2026-09-22,24650.0,CE,0.0,0.0,0.0,336.8,307.22,0,0.0,0,0,2026-08-24
NIFTY,2026-09-29,23900.0,CE,644.95,663.1,553.55,571.8,571.8,389,618945148.25,58240,4745,2026-08-24
NIFTY,2026-09-29,24000.0,CE,574.0,587.4,483.25,501.95,501.95,16686,26588289929.5,2203955,174915,2026-08-24
NIFTY,2026-09-29,24100.0,CE,505.0,513.0,417.85,433.9,433.9,3764,6005396553.0,354055,72605,2026-08-24
NIFTY,2026-09-29,24850.0,CE,122.9,123.0,91.55,96.1,96.1,1227,1989896421.5,79170,17095,2026-08-24
NIFTY,2026-09-29,25650.0,CE,16.2,16.2,12.8,13.4,13.4,167,278584673.25,18655,-3445,2026-08-24
NIFTY,2026-09-29,26700.0,CE,4.2,4.8,3.55,3.55,3.55,35,60752097.25,2665,1105,2026-08-24
NIFTY,2026-09-29,26900.0,CE,3.9,3.9,3.8,3.85,13.44,10,17487479.75,1755,-65,2026-08-24
NIFTY,2026-09-01,23950.0,PE,37.05,54.7,22.05,43.8,43.8,62203,96990579331.75,626665,122915,2026-08-24
NIFTY,2026-08-25,27100.0,PE,0.0,0.0,0.0,2800.0,2876.44,0,0.0,130,0,2026-08-24
NIFTY,2026-08-25,26400.0,PE,0.0,0.0,0.0,1670.0,2176.56,0,0.0,130,0,2026-08-24
NIFTY,2026-08-25,25700.0,PE,1360.0,1525.0,1360.0,1497.35,1497.35,113,199606683.25,8970,-5785,2026-08-24
NIFTY,2026-08-25,23800.0,PE,3.15,3.75,1.7,2.35,2.35,1456398,2253277099765.25,8117590,700310,2026-08-24
NIFTY,2026-08-25,23250.0,PE,1.4,1.7,0.5,0.65,0.65,148082,223797146608.75,1126385,-470275,2026-08-24
NIFTY,2026-08-25,23100.0,PE,1.05,1.5,0.4,0.6,0.6,167223,251094758729.75,851630,-1021150,2026-08-24
NIFTY,2026-08-25,22750.0,PE,1.15,1.25,0.25,0.35,0.35,21511,31810362788.75,125060,-187460,2026-08-24
NIFTY,2026-08-25,22450.0,PE,1.25,1.25,0.2,0.3,0.3,7993,11664068757.25,88985,-90025,2026-08-24
NIFTY,2026-08-25,22000.0,PE,0.65,0.85,0.15,0.2,0.2,117153,167531246389.0,2481570,-1412775,2026-08-24
NIFTY,2026-10-27,22900.0,CE,0.0,0.0,0.0,1691.95,1716.11,0,0.0,0,0,2026-08-24
NIFTY,2026-10-27,23300.0,CE,1187.0,1223.85,1187.0,1221.3,1401.48,33,52537871.75,1950,1950,2026-08-24
NIFTY,2026-10-27,24350.0,CE,478.0,478.0,455.0,455.5,455.5,5,8063334.5,715,195,2026-08-24
NIFTY,2026-10-27,26150.0,CE,0.0,0.0,0.0,228.35,154.43,0,0.0,0,0,2026-08-24
NIFTY,2026-10-27,26550.0,CE,0.0,0.0,0.0,164.25,100.79,0,0.0,0,0,2026-08-24
NIFTY,2026-10-27,26800.0,CE,0.0,0.0,0.0,132.4,76.04,0,0.0,0,0,2026-08-24
NIFTY,2026-10-27,26950.0,CE,0.0,0.0,0.0,115.95,63.85,0,0.0,0,0,2026-08-24
NIFTY,2026-12-29,23000.0,CE,1959.9,1960.05,1825.2,1837.8,1837.8,318,514092042.75,330085,-650,2026-08-24
NIFTY,2027-06-29,19000.0,CE,0.0,0.0,0.0,7800.0,6269.76,0,0.0,75,0,2026-08-24
NIFTY,2027-06-29,31500.0,CE,0.0,0.0,0.0,769.15,152.76,0,0.0,0,0,2026-08-24
NIFTY,2028-06-27,18000.0,CE,0.0,0.0,0.0,6809.35,8313.42,0,0.0,0,0,2026-08-24
NIFTY,2029-06-26,28500.0,CE,0.0,0.0,0.0,4213.3,2897.86,0,0.0,0,0,2026-08-24
NIFTY,2029-06-26,30000.0,CE,0.0,0.0,0.0,5268.4,2347.95,0,0.0,0,0,2026-08-24
NIFTY,2029-12-24,31500.0,CE,0.0,0.0,0.0,3429.3,2408.34,0,0.0,0,0,2026-08-24
NIFTY,2026-12-29,22000.0,PE,65.05,73.8,63.5,70.1,70.1,5175,7423456885.0,1646225,28795,2026-08-24
NIFTY,2027-03-30,18000.0,PE,0.0,0.0,0.0,37.3,3.03,0,0.0,65,0,2026-08-24
NIFTY,2027-06-29,18000.0,PE,0.0,0.0,0.0,220.0,9.61,0,0.0,230,0,2026-08-24
NIFTY,2026-10-27,25950.0,PE,0.0,0.0,0.0,1842.3,1624.11,0,0.0,0,0,2026-08-24
NIFTY,2026-08-25,22450.0,CE,0.0,0.0,0.0,2199.25,1772.78,0,0.0,65,0,2026-08-24
NIFTY,2026-08-25,23950.0,CE,374.1,395.15,233.75,259.55,259.55,34305,54013320936.25,184925,-15210,2026-08-24
NIFTY,2026-08-25,24700.0,CE,2.3,3.05,1.5,2.1,2.1,1553258,2493968903523.5,8843900,2044315,2026-08-24
NIFTY,2026-08-25,25200.0,CE,0.75,1.15,0.45,0.7,0.7,547187,896321697407.5,6762405,1659450,2026-08-24
NIFTY,2026-08-25,25250.0,CE,0.9,1.05,0.45,0.65,0.65,154395,253409122791.5,1636310,96395,2026-08-24
NIFTY,2026-08-25,26000.0,CE,0.45,0.65,0.3,0.4,0.4,130549,220631594140.75,3684915,-1346085,2026-08-24
NIFTY,2026-08-25,26350.0,CE,0.65,0.65,0.25,0.35,0.35,1163,1991961413.0,18200,-14105,2026-08-24
NIFTY,2026-08-25,26500.0,CE,0.4,0.6,0.25,0.4,0.4,15626,26916164174.25,256490,-3640,2026-08-24
NIFTY,2026-09-01,23050.0,CE,1182.0,1182.0,1182.0,1182.0,1203.32,1,1575080.0,65,65,2026-08-24
NIFTY,2026-09-01,23250.0,CE,0.0,0.0,0.0,1259.15,1009.28,0,0.0,0,0,2026-08-24
NIFTY,2026-09-01,23550.0,CE,675.0,699.6,675.0,699.6,699.6,3,4725669.0,585,65,2026-08-24
NIFTY,2026-09-01,25200.0,CE,3.55,3.75,2.75,3.25,3.25,52223,85552368024.5,1293435,624195,2026-08-24
NIFTY,2026-09-01,25500.0,CE,2.6,2.65,1.8,2.2,2.2,86107,142734551271.0,2515110,1787045,2026-08-24
NIFTY,2026-09-01,25850.0,CE,1.0,2.5,1.0,1.45,1.45,291,488977680.75,21125,-2080,2026-08-24
NIFTY,2026-09-01,26000.0,CE,1.0,7.7,0.9,1.0,1.0,68508,115783056753.0,2753790,1666990,2026-08-24
NIFTY,2026-09-01,26650.0,CE,1.4,1.4,0.75,0.9,0.9,20,34646186.25,1365,-260,2026-08-24
NIFTY,2026-09-08,22800.0,CE,0.0,0.0,0.0,1977.1,1484.35,0,0.0,0,0,2026-08-24
NIFTY,2026-09-08,23050.0,CE,0.0,0.0,0.0,1746.8,1245.79,0,0.0,0,0,2026-08-24
NIFTY,2026-09-08,24050.0,CE,396.6,402.75,300.0,316.15,316.15,293,464229275.25,15470,4940,2026-08-24
NIFTY,2026-09-08,25400.0,CE,13.9,13.9,4.95,5.5,5.5,128,211376532.25,3250,3250,2026-08-24
NIFTY,2026-09-08,26150.0,CE,1.65,2.3,1.65,1.95,1.95,6,10199263.75,845,-195,2026-08-24
NIFTY,2026-09-15,22600.0,CE,0.0,0.0,0.0,2026.95,1714.23,0,0.0,0,0,2026-08-24
NIFTY,2026-09-15,23100.0,CE,0.0,0.0,0.0,1569.25,1248.86,0,0.0,0,0,2026-08-24
NIFTY,2026-09-15,24050.0,CE,456.65,458.3,355.05,373.9,373.9,28,44499110.5,2665,-1105,2026-08-24
NIFTY,2026-09-15,24600.0,CE,132.05,134.3,91.9,97.95,97.95,1225,1967141835.75,72345,-1950,2026-08-24
NIFTY,2026-09-15,24650.0,CE,108.3,121.2,79.0,84.6,84.6,241,387555213.5,17095,715,2026-08-24
NIFTY,2026-09-15,24900.0,CE,0.0,0.0,0.0,375.05,164.57,0,0.0,0,0,2026-08-24
NIFTY,2026-09-15,25150.0,CE,0.0,0.0,0.0,284.5,108.0,0,0.0,0,0,2026-08-24
NIFTY,2026-09-15,25550.0,CE,0.0,0.0,0.0,175.2,50.66,0,0.0,0,0,2026-08-24
NIFTY,2026-09-15,26000.0,CE,4.8,5.35,3.55,4.1,4.1,721,1218699192.75,25480,8255,2026-08-24
NIFTY,2026-09-22,23500.0,CE,0.0,0.0,0.0,815.8,972.65,0,0.0,65,0,2026-08-24
NIFTY,2026-09-22,25500.0,CE,64.25,64.25,11.05,12.45,12.45,177,293577547.25,5590,5590,2026-08-24
NIFTY,2026-09-22,25550.0,CE,60.5,60.5,60.5,60.5,84.58,1,1664682.5,65,65,2026-08-24
NIFTY,2026-09-29,21850.0,CE,0.0,0.0,0.0,2455.3,2516.36,0,0.0,0,0,2026-08-24
NIFTY,2026-09-29,22000.0,CE,2440.2,2444.15,2286.65,2318.25,2318.25,6581,10415397395.0,646880,402805,2026-08-24
NIFTY,2026-09-29,22450.0,CE,0.0,0.0,0.0,1843.95,1940.51,0,0.0,65,0,2026-08-24
NIFTY,2026-09-29,22550.0,CE,0.0,0.0,0.0,1749.2,1847.32,0,0.0,130,0,2026-08-24
NIFTY,2026-09-29,22700.0,CE,0.0,0.0,0.0,1715.25,1709.67,0,0.0,650,0,2026-08-24
NIFTY,2026-09-29,23150.0,CE,0.0,0.0,0.0,1642.85,1316.95,0,0.0,325,0,2026-08-24
NIFTY,2026-09-29,24350.0,CE,347.95,349.0,275.55,286.2,286.2,3092,4952109656.0,186745,138320,2026-08-24
NIFTY,2026-09-29,24600.0,CE,205.0,217.7,165.15,174.45,174.45,8046,12961084578.0,740545,78390,2026-08-24
NIFTY,2026-09-29,24650.0,CE,192.95,195.35,147.55,154.75,154.75,1269,2046590991.25,75595,11895,2026-08-24
NIFTY,2026-09-29,24750.0,CE,146.0,156.05,117.0,122.5,122.5,1083,1751410082.5,100100,8905,2026-08-24
NIFTY,2026-09-29,25000.0,CE,89.95,89.95,63.0,66.7,66.7,46339,75509556687.5,4811495,489775,2026-08-24
NIFTY,2026-09-29,25450.0,CE,25.45,26.05,20.3,21.05,21.05,270,447044006.5,41730,5265,2026-08-24
NIFTY,2026-09-29,25550.0,CE,20.75,20.75,15.8,16.45,16.45,244,405500725.5,37570,-195,2026-08-24
NIFTY,2026-09-29,25700.0,CE,15.7,15.75,11.5,11.9,11.9,4074,6809020803.0,435565,61425,2026-08-24
NIFTY,2026-09-29,25900.0,CE,0.0,0.0,0.0,261.75,73.83,0,0.0,0,0,2026-08-24
NIFTY,2026-09-29,26050.0,CE,0.0,0.0,0.0,232.8,58.54,0,0.0,0,0,2026-08-24
NIFTY,2026-09-29,26450.0,CE,0.0,0.0,0.0,168.3,30.28,0,0.0,0,0,2026-08-24
NIFTY,2026-09-29,26750.0,CE,3.7,3.7,3.25,3.5,3.5,16,27823614.0,845,0,2026-08-24
NIFTY,2026-09-29,30000.0,CE,2.0,2.0,1.3,1.8,1.8,76,148208446.75,315535,1235,2026-08-24
NIFTY,2026-10-27,22550.0,CE,0.0,0.0,0.0,1962.0,2012.52,0,0.0,0,0,2026-08-24
NIFTY,2026-10-27,23950.0,CE,0.0,0.0,0.0,1007.1,957.88,0,0.0,0,0,2026-08-24
NIFTY,2026-10-27,25100.0,CE,178.25,178.25,144.0,148.8,148.8,1074,1762753736.25,105235,-10725,2026-08-24
NIFTY,2026-10-27,25300.0,CE,0.0,0.0,0.0,432.4,346.32,0,0.0,0,0,2026-08-24
NIFTY,2026-10-27,25500.0,CE,84.8,88.05,68.1,70.2,70.2,10023,16660649453.5,859820,-12675,2026-08-24
NIFTY,2026-10-27,25600.0,CE,72.3,72.3,56.15,57.75,57.75,943,1572857113.75,182520,-4095,2026-08-24
NIFTY,2026-10-27,25800.0,CE,0.0,0.0,0.0,301.05,218.92,0,0.0,0,0,2026-08-24
NIFTY,2026-10-27,26100.0,CE,0.0,0.0,0.0,237.65,162.55,0,0.0,0,0,2026-08-24
NIFTY,2026-10-27,26700.0,CE,0.0,0.0,0.0,85.6,85.23,0,0.0,65,0,2026-08-24
NIFTY,2026-12-29,25000.0,CE,540.25,549.0,480.4,489.6,489.6,4381,7261914539.75,2264160,21180,2026-08-24
NIFTY,2026-12-29,26000.0,CE,191.4,197.3,170.0,172.2,172.2,7237,12313365655.5,3198725,22880,2026-08-24
NIFTY,2027-06-29,30000.0,CE,0.0,0.0,0.0,1478.4,292.11,0,0.0,0,0,2026-08-24
NIFTY,2027-12-28,24000.0,CE,2933.3,2941.55,2836.5,2845.2,2845.2,21,36670461.75,35945,910,2026-08-24
NIFTY,2028-12-26,18000.0,CE,0.0,0.0,0.0,9380.3,8843.47,0,0.0,0,0,2026-08-24
NIFTY,2028-12-26,24000.0,CE,0.0,0.0,0.0,4700.0,4488.42,0,0.0,1235,0,2026-08-24
NIFTY,2028-12-26,25500.0,CE,0.0,0.0,0.0,3800.0,3642.17,0,0.0,0,0,2026-08-24
NIFTY,2028-12-26,28000.0,CE,2060.0,2099.45,2060.0,2099.45,2490.79,5,9776555.75,8395,130,2026-08-24
NIFTY,2028-12-26,28500.0,CE,0.0,0.0,0.0,3608.65,2298.07,0,0.0,0,0,2026-08-24
NIFTY,2028-12-26,30000.0,CE,0.0,0.0,0.0,1221.0,1789.73,0,0.0,11620,0,2026-08-24
NIFTY,2030-06-25,24000.0,CE,0.0,0.0,0.0,8591.55,6336.49,0,0.0,0,0,2026-08-24
NIFTY,2030-06-25,33000.0,CE,0.0,0.0,0.0,4416.45,2485.64,0,0.0,0,0,2026-08-24
NIFTY,2030-12-31,22500.0,CE,0.0,0.0,0.0,9536.95,7808.98,0,0.0,0,0,2026-08-24
NIFTY,2030-12-31,27000.0,CE,0.0,0.0,0.0,6772.8,5350.69,0,0.0,0,0,2026-08-24
NIFTY,2026-08-25,21300.0,PE,0.65,0.85,0.1,0.1,0.1,20044,27751172270.25,821730,-34515,2026-08-24
NIFTY,2026-08-25,21400.0,PE,0.45,0.55,0.1,0.1,0.1,24087,33505380213.5,596050,-4420,2026-08-24
NIFTY,2026-08-25,22050.0,PE,0.65,0.75,0.15,0.15,0.15,4063,5823392630.25,91000,-40690,2026-08-24
NIFTY,2026-08-25,22350.0,PE,1.05,1.05,0.15,0.2,0.2,8812,12801838448.75,163865,-20475,2026-08-24
NIFTY,2026-08-25,22500.0,PE,0.8,0.95,0.3,0.4,0.4,167663,245213367246.25,2011295,-3638505,2026-08-24
NIFTY,2026-08-25,22800.0,PE,1.15,1.25,0.25,0.35,0.35,78052,115676571855.0,826670,-661700,2026-08-24
NIFTY,2026-08-25,24750.0,PE,459.35,573.65,410.0,547.25,547.25,1508,2474266694.25,103610,10335,2026-08-24
NIFTY,2026-08-25,25300.0,PE,970.0,1124.0,961.0,1095.45,1095.45,322,551589057.5,58630,-12025,2026-08-24
NIFTY,2026-08-25,25550.0,PE,0.0,0.0,0.0,1261.9,1326.7,0,0.0,5135,0,2026-08-24
NIFTY,2026-08-25,26250.0,PE,0.0,0.0,0.0,2145.8,2026.58,0,0.0,65,0,2026-08-24
NIFTY,2031-06-24,18000.0,PE,0.0,0.0,0.0,173.45,112.41,0,0.0,0,0,2026-08-24
NIFTY,2029-12-24,25000.0,PE,0.0,0.0,0.0,1000.0,1053.8,0,0.0,1135,0,2026-08-24
NIFTY,2029-06-26,19500.0,PE,0.0,0.0,0.0,56.0,171.23,0,0.0,0,0,2026-08-24
NIFTY,2029-06-26,18000.0,PE,0.0,0.0,0.0,118.45,82.47,0,0.0,0,0,2026-08-24
NIFTY,2029-06-26,16500.0,PE,0.0,0.0,0.0,8.1,34.48,0,0.0,0,0,2026-08-24
NIFTY,2028-12-26,31500.0,PE,0.0,0.0,0.0,2673.4,4184.21,0,0.0,0,0,2026-08-24
NIFTY,2028-12-26,24000.0,PE,0.0,0.0,0.0,663.1,860.42,0,0.0,4680,0,2026-08-24
NIFTY,2028-06-27,27000.0,PE,0.0,0.0,0.0,2752.35,1978.87,0,0.0,0,0,2026-08-24
NIFTY,2027-06-29,27000.0,PE,0.0,0.0,0.0,1780.0,2241.84,0,0.0,130,0,2026-08-24
NIFTY,2026-08-25,26500.0,PE,2225.35,2333.25,2200.0,2305.0,2305.0,337,630832761.0,3770,-1950,2026-08-24
NIFTY,2026-08-25,26650.0,PE,0.0,0.0,0.0,2498.25,2426.52,0,0.0,0,0,2026-08-24
NIFTY,2026-08-25,26750.0,PE,0.0,0.0,0.0,2584.3,2526.5,0,0.0,0,0,2026-08-24
NIFTY,2026-09-01,22250.0,PE,2.2,2.7,1.7,2.5,2.5,141,203943970.75,5070,2080,2026-08-24
NIFTY,2026-09-01,22750.0,PE,2.8,12.7,2.15,3.4,3.4,1074,1588403430.25,31070,6240,2026-08-24
NIFTY,2026-09-01,23100.0,PE,4.25,4.85,3.2,4.4,4.4,18582,27905786853.75,443235,147030,2026-08-24
NIFTY,2026-09-01,23400.0,PE,5.65,8.0,4.2,6.45,6.45,67102,102088869941.5,1202760,523770,2026-08-24
NIFTY,2026-09-01,23800.0,PE,15.25,29.5,11.75,22.45,22.45,127529,197450619323.75,2731560,1422265,2026-08-24
NIFTY,2026-09-01,24750.0,PE,411.15,553.8,400.9,518.65,518.65,276,451917969.75,6110,3055,2026-08-24
NIFTY,2026-09-01,25950.0,PE,0.0,0.0,0.0,1679.0,1696.9,0,0.0,0,0,2026-08-24
NIFTY,2026-09-01,26950.0,PE,0.0,0.0,0.0,2597.5,2695.12,0,0.0,0,0,2026-08-24
NIFTY,2026-09-08,22650.0,PE,6.15,6.25,3.65,5.85,5.85,52,76574407.0,2860,390,2026-08-24
NIFTY,2026-09-08,23100.0,PE,7.5,11.0,5.45,8.45,8.45,1397,2098345122.25,64350,26910,2026-08-24
NIFTY,2026-09-08,24300.0,PE,174.95,227.0,140.5,204.7,204.7,17223,27416278155.5,543010,225290,2026-08-24
NIFTY,2026-09-08,24600.0,PE,313.8,421.4,302.0,395.55,395.55,549,891321089.75,42120,4355,2026-08-24
NIFTY,2026-09-08,24800.0,PE,459.95,580.75,451.4,559.55,559.55,89,146455140.0,8580,1690,2026-08-24
NIFTY,2026-09-08,25800.0,PE,0.0,0.0,0.0,1194.35,1527.33,0,0.0,0,0,2026-08-24
NIFTY,2026-09-15,22600.0,PE,0.0,0.0,0.0,10.05,12.65,0,0.0,650,0,2026-08-24
NIFTY,2026-09-15,23200.0,PE,0.0,0.0,0.0,75.8,56.92,0,0.0,0,0,2026-08-24
NIFTY,2026-09-15,24250.0,PE,156.45,225.0,147.0,205.65,205.65,363,576875559.0,10855,4485,2026-08-24
NIFTY,2026-09-15,24550.0,PE,375.6,377.15,373.4,375.1,375.1,19,30782466.0,1235,390,2026-08-24
NIFTY,2026-09-15,25000.0,PE,0.0,0.0,0.0,680.35,829.42,0,0.0,65,0,2026-08-24
NIFTY,2026-09-15,25450.0,PE,0.0,0.0,0.0,1030.55,1199.81,0,0.0,0,0,2026-08-24
NIFTY,2026-09-15,25600.0,PE,0.0,0.0,0.0,1144.25,1333.21,0,0.0,0,0,2026-08-24
NIFTY,2026-09-15,25750.0,PE,0.0,0.0,0.0,1263.75,1470.29,0,0.0,0,0,2026-08-24
NIFTY,2026-09-22,22500.0,PE,11.25,12.55,9.1,12.15,12.15,175,256061292.5,13000,5720,2026-08-24
NIFTY,2026-09-22,22550.0,PE,0.0,0.0,0.0,37.5,21.59,0,0.0,0,0,2026-08-24
NIFTY,2026-09-22,23350.0,PE,0.0,0.0,0.0,149.8,109.27,0,0.0,0,0,2026-08-24
NIFTY,2026-09-22,23950.0,PE,0.0,0.0,0.0,333.65,274.14,0,0.0,0,0,2026-08-24
NIFTY,2026-09-22,24400.0,PE,272.95,315.0,245.95,315.0,476.34,17,27265644.25,585,585,2026-08-24
NIFTY,2026-09-22,24450.0,PE,288.75,290.45,288.75,290.45,503.25,2,3216148.0,65,65,2026-08-24
NIFTY,2026-09-22,24600.0,PE,0.0,0.0,0.0,658.8,589.21,0,0.0,0,0,2026-08-24
NIFTY,2026-09-22,24650.0,PE,0.0,0.0,0.0,689.35,619.58,0,0.0,0,0,2026-08-24
NIFTY,2026-09-22,24850.0,PE,0.0,0.0,0.0,818.9,749.29,0,0.0,0,0,2026-08-24
NIFTY,2026-09-22,25650.0,PE,0.0,0.0,0.0,1439.15,1379.17,0,0.0,0,0,2026-08-24
NIFTY,2026-09-22,25700.0,PE,0.0,0.0,0.0,1482.25,1423.1,0,0.0,0,0,2026-08-24
NIFTY,2026-09-22,25950.0,PE,0.0,0.0,0.0,1703.35,1648.38,0,0.0,0,0,2026-08-24
NIFTY,2026-09-29,23500.0,PE,59.7,76.45,54.4,69.65,69.65,35839,54900985577.75,3202940,99840,2026-08-24
NIFTY,2026-09-29,23550.0,PE,61.05,83.25,59.05,76.35,76.35,622,954986262.75,48490,7540,2026-08-24
NIFTY,2026-09-29,24000.0,PE,140.4,186.95,131.65,172.3,172.3,43970,69059844873.5,4693060,362895,2026-08-24
NIFTY,2026-09-29,24550.0,PE,338.05,431.4,330.85,406.85,406.85,144,233454900.25,28600,2730,2026-08-24
NIFTY,2026-09-29,26150.0,PE,0.0,0.0,0.0,1720.0,1812.74,0,0.0,65,0,2026-08-24
NIFTY,2026-09-29,26350.0,PE,0.0,0.0,0.0,2262.9,1997.43,0,0.0,0,0,2026-08-24
NIFTY,2026-09-29,26400.0,PE,2030.0,2030.0,1921.05,1921.05,1921.05,5,9232668.25,2535,325,2026-08-24
NIFTY,2026-09-29,26550.0,PE,0.0,0.0,0.0,2431.75,2185.68,0,0.0,0,0,2026-08-24
NIFTY,2026-10-27,22300.0,PE,28.0,34.4,22.25,27.1,60.71,112,162553940.25,65000,65,2026-08-24
NIFTY,2026-10-27,23500.0,PE,101.15,128.45,98.85,119.4,119.4,4770,7321790580.0,643435,3380,2026-08-24
NIFTY,2026-10-27,25350.0,PE,0.0,0.0,0.0,783.0,1173.35,0,0.0,130,0,2026-08-24
NIFTY,2026-12-29,19000.0,PE,25.0,28.15,24.7,26.95,26.95,619,765541744.5,617540,5460,2026-08-24
NIFTY,2026-09-08,22700.0,CE,0.0,0.0,0.0,2071.05,1581.56,0,0.0,0,0,2026-08-24
NIFTY,2026-12-29,31500.0,CE,6.0,6.05,5.0,5.3,5.3,37,75770987.5,30615,260,2026-08-24
NIFTY,2027-03-30,24000.0,CE,1615.35,1627.3,1510.05,1530.45,1530.45,508,843492175.5,311935,2730,2026-08-24
NIFTY,2026-08-25,25050.0,PE,731.3,867.05,709.95,851.0,851.0,25,42032883.75,9880,-455,2026-08-24
NIFTY,2026-09-01,27150.0,CE,0.65,0.95,0.65,0.8,0.8,7,12353565.25,520,0,2026-08-24
NIFTY,2026-09-01,25400.0,CE,3.15,3.15,1.85,2.5,2.5,24338,40185791740.25,442195,163995,2026-08-24
NIFTY,2026-09-01,25200.0,PE,851.25,991.15,851.25,958.55,958.55,65,110455800.0,5005,3965,2026-08-24
NIFTY,2026-09-01,26900.0,PE,0.0,0.0,0.0,2549.75,2645.19,0,0.0,0,0,2026-08-24
NIFTY,2026-09-08,22900.0,PE,4.65,8.15,4.5,7.2,7.2,688,1024361422.5,41470,-7475,2026-08-24
NIFTY,2026-09-01,23500.0,CE,868.05,868.05,719.85,746.4,746.4,1613,2547380010.5,84630,52000,2026-08-24
NIFTY,2026-09-01,22550.0,CE,0.0,0.0,0.0,1849.95,1699.23,0,0.0,0,0,2026-08-24
NIFTY,2026-08-25,23000.0,CE,1350.0,1350.0,1178.5,1205.85,1205.85,2846,4481765223.0,172900,-81965,2026-08-24
NIFTY,2026-09-08,23900.0,PE,50.0,76.25,39.5,63.7,63.7,9359,14573430787.5,203320,98930,2026-08-24
NIFTY,2026-09-15,22500.0,PE,6.95,8.1,4.9,7.45,7.45,117,171166043.75,32630,4550,2026-08-24
NIFTY,2026-09-15,23400.0,PE,20.35,30.0,17.4,25.6,25.6,611,930347921.75,60580,11895,2026-08-24
NIFTY,2026-09-29,22450.0,PE,17.4,17.85,15.8,17.1,17.1,34,49651686.5,9165,845,2026-08-24
NIFTY,2026-09-29,27000.0,CE,3.95,3.95,2.85,3.0,3.0,7741,13587045959.5,1826695,29185,2026-08-24
NIFTY,2026-09-29,26100.0,CE,0.0,0.0,0.0,223.8,54.09,0,0.0,0,0,2026-08-24
NIFTY,2026-09-29,22900.0,CE,1480.0,1480.0,1422.8,1452.3,1452.3,68,107648950.5,3900,2665,2026-08-24
NIFTY,2026-09-22,24850.0,CE,159.7,159.7,63.8,66.7,237.9,18,29158330.5,650,650,2026-08-24
NIFTY,2026-09-22,24700.0,CE,0.0,0.0,0.0,318.4,288.67,0,0.0,0,0,2026-08-24
NIFTY,2026-09-22,24150.0,CE,0.0,0.0,0.0,563.95,540.44,0,0.0,0,0,2026-08-24
NIFTY,2026-09-15,25400.0,CE,0.0,0.0,0.0,211.35,68.09,0,0.0,0,0,2026-08-24
NIFTY,2026-09-08,25850.0,CE,3.6,4.45,3.55,3.6,3.6,30,50414575.25,1495,325,2026-08-24
NIFTY,2026-09-08,25050.0,CE,0.0,0.0,0.0,381.4,74.96,0,0.0,0,0,2026-08-24
NIFTY,2029-06-26,28500.0,PE,0.0,0.0,0.0,1349.1,2346.16,0,0.0,0,0,2026-08-24
NIFTY,2028-12-26,25500.0,PE,0.0,0.0,0.0,648.2,1301.11,0,0.0,0,0,2026-08-24
NIFTY,2028-06-27,24000.0,PE,0.0,0.0,0.0,1692.75,863.34,0,0.0,0,0,2026-08-24
NIFTY,2027-12-28,21000.0,PE,247.75,265.95,240.0,241.15,218.97,20,27619715.5,34645,455,2026-08-24
NIFTY,2027-12-28,17000.0,PE,0.0,0.0,0.0,54.0,11.93,0,0.0,17750,0,2026-08-24
NIFTY,2027-06-29,25500.0,PE,0.0,0.0,0.0,667.15,1397.37,0,0.0,0,0,2026-08-24
NIFTY,2027-06-29,21000.0,PE,149.15,149.15,149.05,149.05,143.11,4,5498772.5,7115,195,2026-08-24
NIFTY,2026-10-27,26400.0,PE,0.0,0.0,0.0,2204.4,1998.64,0,0.0,0,0,2026-08-24
NIFTY,2026-10-27,26250.0,PE,0.0,0.0,0.0,2081.05,1870.85,0,0.0,0,0,2026-08-24
NIFTY,2026-10-27,25700.0,PE,1260.0,1260.0,1260.0,1260.0,1428.78,1,1752400.0,325,65,2026-08-24
NIFTY,2026-10-27,23800.0,PE,151.05,187.1,143.45,178.75,178.75,1214,1891612645.0,147225,32175,2026-08-24
NIFTY,2026-10-27,23750.0,PE,0.0,0.0,0.0,529.65,344.62,0,0.0,0,0,2026-08-24
NIFTY,2026-10-27,23150.0,PE,0.0,0.0,0.0,327.65,183.12,0,0.0,0,0,2026-08-24
NIFTY,2026-10-27,22950.0,PE,0.0,0.0,0.0,274.9,144.55,0,0.0,0,0,2026-08-24
NIFTY,2026-10-27,22900.0,PE,0.0,0.0,0.0,262.65,135.96,0,0.0,0,0,2026-08-24
NIFTY,2026-09-29,34500.0,PE,0.0,0.0,0.0,7064.95,10059.13,0,0.0,0,0,2026-08-24
NIFTY,2026-09-29,26050.0,PE,1725.0,1725.0,1710.0,1710.0,1722.0,4,7219225.0,260,260,2026-08-24
NIFTY,2026-09-29,26000.0,PE,1542.0,1690.0,1531.3,1654.0,1654.0,9329,16756646822.5,2022200,435630,2026-08-24
NIFTY,2026-09-29,25550.0,PE,0.0,0.0,0.0,1140.0,1289.55,0,0.0,455,0,2026-08-24
NIFTY,2026-09-29,25300.0,PE,872.0,1008.45,868.1,982.45,982.45,50,85284608.5,14235,2405,2026-08-24
NIFTY,2026-09-29,25050.0,PE,670.0,671.9,670.0,671.9,905.29,2,3343723.5,1495,0,2026-08-24
NIFTY,2026-09-29,24850.0,PE,611.0,634.3,603.0,603.0,769.26,9,14900704.0,8710,-65,2026-08-24
NIFTY,2026-09-29,23050.0,PE,29.0,36.2,27.95,32.9,32.9,136,204058627.5,30940,1365,2026-08-24
NIFTY,2026-09-29,22400.0,PE,14.05,17.1,12.65,15.65,15.65,464,676058984.25,59475,-2405,2026-08-24
NIFTY,2026-09-22,24050.0,PE,0.0,0.0,0.0,374.9,312.92,0,0.0,0,0,2026-08-24
NIFTY,2026-09-22,24000.0,PE,111.65,160.45,107.85,144.5,144.5,236,370255122.25,11960,4680,2026-08-24
NIFTY,2026-09-22,23050.0,PE,0.0,0.0,0.0,93.3,63.0,0,0.0,0,0,2026-08-24
NIFTY,2026-09-15,26200.0,PE,0.0,0.0,0.0,1647.25,1897.15,0,0.0,0,0,2026-08-24
NIFTY,2026-09-15,26000.0,PE,0.0,0.0,0.0,1472.65,1705.11,0,0.0,0,0,2026-08-24
NIFTY,2026-09-15,25350.0,PE,0.0,0.0,0.0,956.1,1113.28,0,0.0,0,0,2026-08-24
NIFTY,2026-09-15,24500.0,PE,270.35,364.1,258.0,338.6,338.6,1022,1648122014.5,99125,5590,2026-08-24
NIFTY,2026-09-15,24450.0,PE,238.75,316.45,235.0,316.45,462.14,24,38539504.25,975,520,2026-08-24
NIFTY,2026-09-15,24150.0,PE,122.1,186.2,116.55,166.1,166.1,662,1046168756.75,11700,5850,2026-08-24
NIFTY,2026-09-15,22800.0,PE,10.0,12.75,7.1,10.0,10.0,163,241672928.25,23790,3640,2026-08-24
NIFTY,2026-09-15,22350.0,PE,6.15,13.5,4.05,6.55,6.55,194,281920554.5,15665,7475,2026-08-24
NIFTY,2026-09-08,26400.0,PE,0.0,0.0,0.0,1700.8,2116.67,0,0.0,0,0,2026-08-24
NIFTY,2026-09-08,26200.0,PE,0.0,0.0,0.0,1525.35,1918.67,0,0.0,0,0,2026-08-24
NIFTY,2026-09-08,26150.0,PE,0.0,0.0,0.0,1482.45,1869.34,0,0.0,0,0,2026-08-24
NIFTY,2026-09-08,26050.0,PE,0.0,0.0,0.0,1397.8,1770.96,0,0.0,0,0,2026-08-24
NIFTY,2026-09-08,23950.0,PE,51.9,87.85,46.2,75.0,75.0,4347,6788506396.75,156130,-102245,2026-08-24
NIFTY,2026-09-08,23850.0,PE,38.15,65.25,33.8,54.2,54.2,2243,3484406042.0,55055,23790,2026-08-24
NIFTY,2026-09-01,26850.0,PE,0.0,0.0,0.0,2502.1,2595.25,0,0.0,0,0,2026-08-24
NIFTY,2026-09-01,26200.0,PE,1950.0,1950.0,1950.0,1950.0,1950.0,1,1829750.0,65,65,2026-08-24
NIFTY,2026-09-01,25800.0,PE,1440.0,1450.0,1440.0,1450.0,1547.63,3,5313100.0,520,195,2026-08-24
NIFTY,2026-09-01,24500.0,PE,228.0,336.0,206.4,304.9,304.9,32122,51727724249.5,1011075,190125,2026-08-24
NIFTY,2026-09-01,24350.0,PE,138.95,226.1,121.8,200.6,200.6,45167,71971469800.75,511810,348660,2026-08-24
NIFTY,2026-09-01,24150.0,PE,69.15,119.0,53.5,100.95,100.95,98005,154414282746.75,812435,369525,2026-08-24
NIFTY,2026-09-01,23200.0,PE,4.75,5.25,3.2,4.7,4.7,44772,67528850769.25,1062165,202735,2026-08-24
NIFTY,2026-09-01,23000.0,PE,4.0,4.5,3.0,4.05,4.05,80795,120808757160.0,2281175,1212055,2026-08-24
NIFTY,2026-09-01,22600.0,PE,3.8,3.8,2.6,3.15,3.15,6569,9651131594.0,265395,92560,2026-08-24
NIFTY,2026-09-01,22550.0,PE,2.75,3.25,2.5,2.95,2.95,318,466168530.75,13715,3640,2026-08-24
NIFTY,2026-09-01,22400.0,PE,3.4,3.4,2.05,2.8,2.8,5653,8231765191.0,175110,44135,2026-08-24
NIFTY,2026-08-25,26900.0,PE,0.0,0.0,0.0,2650.0,2676.48,0,0.0,65,0,2026-08-24
NIFTY,2026-08-25,26350.0,PE,0.0,0.0,0.0,1699.45,2126.57,0,0.0,65,0,2026-08-24
NIFTY,2026-08-25,26050.0,PE,1880.0,1880.0,1880.0,1880.0,1826.62,4,7261800.0,130,-130,2026-08-24
NIFTY,2026-08-25,26000.0,PE,1699.0,1830.65,1660.0,1801.3,1801.3,15632,28209332716.5,1140880,-410020,2026-08-24
NIFTY,2026-08-25,25500.0,PE,1165.05,1327.2,1160.0,1299.2,1299.2,2855,4964903216.0,576680,-47125,2026-08-24
NIFTY,2026-08-25,24300.0,PE,72.9,147.5,40.2,123.05,123.05,5526027,8756726152937.75,6197880,-3342495,2026-08-24
NIFTY,2026-08-25,23600.0,PE,1.9,2.15,1.05,1.4,1.4,611032,937382276164.75,3674320,-1473420,2026-08-24
NIFTY,2026-08-25,23350.0,PE,1.7,1.7,0.7,0.85,0.85,106732,161999698412.5,752115,57720,2026-08-24
NIFTY,2026-08-25,22600.0,PE,1.1,1.25,0.3,0.4,0.4,20039,29438070860.25,260195,-83395,2026-08-24
NIFTY,2026-08-25,22550.0,PE,1.25,1.25,0.2,0.3,0.3,13217,19373295438.25,169780,-92105,2026-08-24
NIFTY,2031-06-24,33000.0,CE,0.0,0.0,0.0,3451.55,3512.39,0,0.0,0,0,2026-08-24
NIFTY,2031-06-24,21000.0,CE,0.0,0.0,0.0,8900.75,9236.4,0,0.0,0,0,2026-08-24
NIFTY,2030-12-31,31500.0,CE,0.0,0.0,0.0,4554.55,3502.38,0,0.0,0,0,2026-08-24
NIFTY,2030-06-25,21000.0,CE,0.0,0.0,0.0,10421.65,8211.05,0,0.0,0,0,2026-08-24
NIFTY,2029-12-24,18000.0,CE,0.0,0.0,0.0,11362.4,9842.12,0,0.0,0,0,2026-08-24
NIFTY,2027-12-28,16500.0,CE,0.0,0.0,0.0,11316.4,9115.92,0,0.0,0,0,2026-08-24
NIFTY,2027-03-30,31500.0,CE,0.0,0.0,0.0,94.65,51.48,0,0.0,0,0,2026-08-24
NIFTY,2027-03-30,27000.0,CE,235.8,237.95,213.6,219.4,219.4,2241,3965635449.75,685360,23595,2026-08-24
NIFTY,2026-12-29,31000.0,CE,7.9,8.8,7.3,8.25,8.25,61,122946037.5,158665,-325,2026-08-24
NIFTY,2026-12-29,29000.0,CE,13.9,15.4,13.5,14.5,14.5,636,1199456550.5,551105,3315,2026-08-24
NIFTY,2026-12-29,28500.0,CE,20.2,21.45,18.35,20.85,20.85,529,980665855.0,115050,-3900,2026-08-24
NIFTY,2026-12-29,27000.0,CE,65.5,65.5,59.25,60.5,60.5,8419,14808591460.0,2486690,24830,2026-08-24
NIFTY,2026-12-29,22000.0,CE,2841.0,2847.1,2704.4,2737.45,2737.45,238,383183414.25,262990,-1170,2026-08-24
NIFTY,2026-10-27,26300.0,CE,0.0,0.0,0.0,202.25,132.06,0,0.0,0,0,2026-08-24
NIFTY,2026-10-27,25850.0,CE,0.0,0.0,0.0,288.85,208.56,0,0.0,0,0,2026-08-24
NIFTY,2029-12-24,22500.0,PE,0.0,0.0,0.0,225.7,534.83,0,0.0,0,0,2026-08-24
NIFTY,2026-09-22,24000.0,CE,549.9,550.45,436.4,448.35,448.35,57,90645230.0,3770,1820,2026-08-24
NIFTY,2026-10-27,25750.0,CE,52.65,52.7,40.2,43.4,43.4,1299,2177962728.5,86970,30030,2026-08-24
NIFTY,2026-10-27,24850.0,CE,267.6,267.6,219.7,223.3,223.3,39,63572109.25,3250,260,2026-08-24
NIFTY,2026-10-27,24750.0,CE,0.0,0.0,0.0,311.25,544.96,0,0.0,3055,0,2026-08-24
NIFTY,2026-10-27,24050.0,CE,640.0,640.0,640.0,640.0,898.03,1,1604850.0,975,65,2026-08-24
NIFTY,2026-10-27,23600.0,CE,0.0,0.0,0.0,1212.7,1185.28,0,0.0,0,0,2026-08-24
NIFTY,2026-10-27,23450.0,CE,0.0,0.0,0.0,1307.95,1291.96,0,0.0,0,0,2026-08-24
NIFTY,2026-10-27,23200.0,CE,0.0,0.0,0.0,1475.8,1477.44,0,0.0,0,0,2026-08-24
NIFTY,2026-10-27,22800.0,CE,0.0,0.0,0.0,1767.2,1798.98,0,0.0,0,0,2026-08-24
NIFTY,2026-09-29,27100.0,CE,3.05,3.8,2.55,2.8,2.8,67,118034003.75,9100,2340,2026-08-24
NIFTY,2026-09-29,26800.0,CE,2.45,3.4,2.45,3.0,16.2,4,6968796.25,2470,-65,2026-08-24
NIFTY,2026-09-29,26200.0,CE,6.85,6.95,5.55,5.7,5.7,1265,2154797918.0,179465,13910,2026-08-24
NIFTY,2026-09-29,25600.0,CE,18.05,19.0,13.65,15.05,15.05,3572,5947396078.0,322075,10205,2026-08-24
NIFTY,2026-09-29,25200.0,CE,49.9,50.15,37.2,38.85,38.85,16652,27319529048.5,853060,-151255,2026-08-24
NIFTY,2026-09-29,23700.0,CE,809.95,826.9,705.0,726.5,726.5,230,365368685.5,29185,5460,2026-08-24
NIFTY,2026-09-29,23000.0,CE,1445.0,1469.25,1318.1,1351.1,1351.1,1966,3114262638.5,402935,49010,2026-08-24
NIFTY,2026-09-29,22800.0,CE,1510.0,1548.5,1510.0,1546.35,1546.35,33,52186683.25,2470,1365,2026-08-24
NIFTY,2026-09-29,22200.0,CE,0.0,0.0,0.0,2158.9,2177.55,0,0.0,0,0,2026-08-24
NIFTY,2026-09-22,24600.0,CE,167.15,167.15,127.45,133.95,133.95,62,99718053.5,2275,975,2026-08-24
NIFTY,2026-09-22,24250.0,CE,348.35,348.35,286.0,295.2,295.2,10,15961432.5,1105,130,2026-08-24
NIFTY,2026-09-22,22350.0,CE,0.0,0.0,0.0,1959.05,1989.86,0,0.0,0,0,2026-08-24
NIFTY,2026-09-15,26050.0,CE,2.7,4.2,2.7,3.6,3.6,72,121930071.25,455,-650,2026-08-24
NIFTY,2026-09-15,25800.0,CE,0.0,0.0,0.0,125.8,29.96,0,0.0,0,0,2026-08-24
NIFTY,2026-09-15,25100.0,CE,0.0,0.0,0.0,301.2,117.87,0,0.0,0,0,2026-08-24
NIFTY,2026-09-15,23950.0,CE,0.0,0.0,0.0,893.55,587.66,0,0.0,0,0,2026-08-24
NIFTY,2026-09-15,23350.0,CE,0.0,0.0,0.0,1354.25,1032.69,0,0.0,0,0,2026-08-24
NIFTY,2026-09-08,26250.0,CE,1.65,2.1,1.5,2.1,2.52,4,6825471.25,1105,-130,2026-08-24
NIFTY,2026-09-08,26000.0,CE,3.05,3.5,2.15,2.6,2.6,2593,4382625442.0,126360,39195,2026-08-24
NIFTY,2026-09-08,25350.0,CE,0.0,0.0,0.0,274.75,36.73,0,0.0,0,0,2026-08-24
NIFTY,2026-09-08,25250.0,CE,0.0,0.0,0.0,307.5,47.05,0,0.0,0,0,2026-08-24
NIFTY,2026-09-08,24850.0,CE,36.15,36.5,22.8,24.4,24.4,5224,8446762671.75,207610,101010,2026-08-24
NIFTY,2026-09-08,24500.0,CE,127.4,134.4,83.15,90.2,90.2,17286,27638977889.25,576680,151450,2026-08-24
NIFTY,2026-09-08,24200.0,CE,293.6,301.7,208.7,222.4,222.4,11113,17649324442.75,393250,170170,2026-08-24
NIFTY,2026-09-08,23950.0,CE,472.2,485.0,370.0,387.15,387.15,87,137789024.75,4290,910,2026-08-24
NIFTY,2026-09-08,22500.0,CE,0.0,0.0,0.0,2261.5,1777.89,0,0.0,0,0,2026-08-24
NIFTY,2026-09-08,22450.0,CE,0.0,0.0,0.0,2309.55,1827.26,0,0.0,0,0,2026-08-24
NIFTY,2026-09-01,27000.0,CE,0.8,1.0,0.8,0.85,0.85,881,1546205726.0,67925,-4355,2026-08-24
NIFTY,2026-09-01,24100.0,CE,298.0,312.95,203.65,220.7,220.7,33640,53201328758.5,631345,276900,2026-08-24
NIFTY,2026-09-01,22150.0,CE,0.0,0.0,0.0,2218.8,2098.51,0,0.0,0,0,2026-08-24
NIFTY,2026-09-01,22100.0,CE,0.0,0.0,0.0,2024.5,2148.44,0,0.0,65,0,2026-08-24
NIFTY,2026-08-25,27200.0,CE,0.35,0.4,0.25,0.3,0.3,21477,37971786502.0,290095,-50245,2026-08-24
NIFTY,2026-08-25,25150.0,CE,0.8,1.25,0.55,0.75,0.75,201159,328856600104.5,1009710,288145,2026-08-24
NIFTY,2026-08-25,24650.0,CE,3.65,3.65,1.6,2.45,2.45,1508640,2417459249780.25,5285150,1873170,2026-08-24
NIFTY,2026-08-25,24300.0,CE,75.25,87.6,19.35,26.7,26.7,6936175,10974986412757.25,21623160,8153340,2026-08-24
NIFTY,2026-08-25,24250.0,CE,112.0,123.0,30.75,40.6,40.6,4787770,7564747843321.5,12626900,5857020,2026-08-24
NIFTY,2026-08-25,23600.0,CE,740.0,744.4,575.05,607.45,607.45,1509,2374981937.25,196560,-32825,2026-08-24
NIFTY,2026-08-25,23400.0,CE,938.45,939.7,780.0,797.1,797.1,289,455744575.0,23400,-5135,2026-08-24
NIFTY,2026-08-25,23200.0,CE,1118.85,1124.6,992.7,1007.05,1007.05,242,381045674.75,14365,-4940,2026-08-24
NIFTY,2026-08-25,22700.0,CE,1507.0,1515.0,1485.0,1485.0,1522.82,14,22028308.25,4095,-585,2026-08-24
NIFTY,2026-08-25,22550.0,CE,0.0,0.0,0.0,1719.0,1672.8,0,0.0,1430,0,2026-08-24
NIFTY,2026-08-25,22100.0,CE,0.0,0.0,0.0,2281.05,2122.72,0,0.0,0,0,2026-08-24
NIFTY,2031-06-24,27000.0,PE,0.0,0.0,0.0,1653.15,1352.02,0,0.0,0,0,2026-08-24
NIFTY,2029-12-24,28500.0,PE,0.0,0.0,0.0,1255.9,2180.16,0,0.0,0,0,2026-08-24
NIFTY,2029-12-24,27000.0,PE,0.0,0.0,0.0,1177.9,1638.49,0,0.0,0,0,2026-08-24
NIFTY,2029-06-26,33000.0,PE,0.0,0.0,0.0,3022.85,4688.02,0,0.0,0,0,2026-08-24
NIFTY,2026-09-15,22650.0,PE,0.0,0.0,0.0,26.95,14.55,0,0.0,0,0,2026-08-24
NIFTY,2026-09-15,23750.0,PE,0.0,0.0,0.0,177.95,166.47,0,0.0,0,0,2026-08-24
NIFTY,2026-09-15,24650.0,PE,359.4,458.5,349.55,432.25,582.8,23,37423116.25,715,585,2026-08-24
NIFTY,2026-09-15,24850.0,PE,0.0,0.0,0.0,629.7,718.48,0,0.0,0,0,2026-08-24
NIFTY,2026-09-15,25250.0,PE,0.0,0.0,0.0,885.25,1028.97,0,0.0,0,0,2026-08-24
NIFTY,2026-09-15,25400.0,PE,0.0,0.0,0.0,992.45,1156.28,0,0.0,0,0,2026-08-24
NIFTY,2026-09-15,25550.0,PE,0.0,0.0,0.0,1105.5,1288.3,0,0.0,0,0,2026-08-24
NIFTY,2026-09-22,22900.0,PE,0.0,0.0,0.0,72.2,46.65,0,0.0,0,0,2026-08-24
NIFTY,2026-09-22,23150.0,PE,0.0,0.0,0.0,109.9,76.25,0,0.0,0,0,2026-08-24
NIFTY,2026-09-22,23250.0,PE,28.45,35.1,28.45,35.1,91.6,17,25727796.25,975,910,2026-08-24
NIFTY,2026-09-22,24700.0,PE,0.0,0.0,0.0,720.6,650.78,0,0.0,0,0,2026-08-24
NIFTY,2026-09-22,24750.0,PE,0.0,0.0,0.0,752.65,682.81,0,0.0,0,0,2026-08-24
NIFTY,2026-09-22,24900.0,PE,0.0,0.0,0.0,853.1,783.7,0,0.0,0,0,2026-08-24
NIFTY,2031-06-24,31500.0,PE,0.0,0.0,0.0,3185.85,2758.17,0,0.0,0,0,2026-08-24
NIFTY,2030-12-31,25500.0,PE,0.0,0.0,0.0,538.25,1063.07,0,0.0,0,0,2026-08-24
NIFTY,2030-06-25,24000.0,PE,0.0,0.0,0.0,698.15,789.45,0,0.0,0,0,2026-08-24
NIFTY,2029-12-24,26000.0,PE,0.0,0.0,0.0,1798.95,1325.94,0,0.0,3730,0,2026-08-24
NIFTY,2029-12-24,23000.0,PE,0.0,0.0,0.0,725.0,620.54,0,0.0,1560,0,2026-08-24
NIFTY,2029-12-24,18000.0,PE,0.0,0.0,0.0,96.5,93.87,0,0.0,0,0,2026-08-24
NIFTY,2028-12-26,16500.0,PE,0.0,0.0,0.0,5.9,25.56,0,0.0,0,0,2026-08-24
NIFTY,2028-06-27,30000.0,PE,0.0,0.0,0.0,3779.25,3618.42,0,0.0,0,0,2026-08-24
NIFTY,2028-06-27,19500.0,PE,0.0,0.0,0.0,40.05,124.94,0,0.0,0,0,2026-08-24
NIFTY,2027-12-28,33000.0,PE,0.0,0.0,0.0,4155.55,6304.98,0,0.0,0,0,2026-08-24
NIFTY,2027-12-28,31500.0,PE,0.0,0.0,0.0,3240.0,5105.53,0,0.0,0,0,2026-08-24
NIFTY,2027-12-28,28500.0,PE,0.0,0.0,0.0,2979.7,2978.79,0,0.0,260,0,2026-08-24
NIFTY,2026-12-29,33000.0,PE,0.0,0.0,0.0,5263.45,8039.58,0,0.0,0,0,2026-08-24
NIFTY,2026-12-29,24000.0,PE,310.1,349.65,300.0,338.55,338.55,5988,9470067337.25,2386135,20310,2026-08-24
NIFTY,2026-12-29,16000.0,PE,15.75,15.75,13.2,13.55,13.55,20,20817598.75,114460,260,2026-08-24
NIFTY,2026-12-29,15000.0,PE,10.45,11.5,9.5,11.2,11.2,42,40978427.75,118415,65,2026-08-24
NIFTY,2026-10-27,26950.0,PE,0.0,0.0,0.0,2675.85,2487.52,0,0.0,0,0,2026-08-24
NIFTY,2026-10-27,25500.0,PE,1011.85,1132.6,993.0,1108.7,1108.7,1154,1995770676.25,171275,780,2026-08-24
NIFTY,2026-10-27,25400.0,PE,0.0,0.0,0.0,1100.0,1208.38,0,0.0,910,0,2026-08-24
NIFTY,2026-10-27,25150.0,PE,791.15,791.15,791.15,791.15,1038.24,1,1686174.75,325,-65,2026-08-24
NIFTY,2026-10-27,25100.0,PE,790.0,790.0,786.65,787.15,1005.76,5,8413772.25,4875,195,2026-08-24
NIFTY,2026-10-27,24900.0,PE,561.6,658.8,553.2,648.7,648.7,337,558309732.5,73580,14235,2026-08-24
NIFTY,2026-10-27,24600.0,PE,404.0,491.2,401.0,477.2,477.2,735,1195900761.25,84825,28535,2026-08-24
NIFTY,2026-10-27,23000.0,PE,53.0,66.55,51.15,62.4,62.4,6963,10437349510.25,892125,55250,2026-08-24
NIFTY,2026-10-27,22750.0,PE,0.0,0.0,0.0,228.35,112.54,0,0.0,0,0,2026-08-24
NIFTY,2026-10-27,22600.0,PE,21.0,44.65,21.0,31.25,31.25,50,73560883.5,12935,1300,2026-08-24
NIFTY,2026-08-25,21600.0,CE,0.0,0.0,0.0,2713.65,2622.64,0,0.0,0,0,2026-08-24
NIFTY,2026-08-25,22350.0,CE,0.0,0.0,0.0,1780.0,1872.77,0,0.0,130,0,2026-08-24
NIFTY,2026-08-25,26150.0,CE,0.5,0.7,0.25,0.35,0.35,4449,7562319625.25,36205,-54860,2026-08-24
NIFTY,2026-08-25,26600.0,CE,0.7,0.7,0.3,0.4,0.4,3328,5754205798.25,49985,-10010,2026-08-24
NIFTY,2026-08-25,27100.0,CE,0.55,1.0,0.2,0.25,0.25,2833,4990391282.5,87425,-1365,2026-08-24
NIFTY,2026-09-01,22250.0,CE,0.0,0.0,0.0,2125.05,1998.66,0,0.0,0,0,2026-08-24
NIFTY,2026-09-01,22450.0,CE,0.0,0.0,0.0,1940.55,1799.0,0,0.0,0,0,2026-08-24
NIFTY,2026-09-01,22650.0,CE,0.0,0.0,0.0,1760.65,1599.55,0,0.0,0,0,2026-08-24
NIFTY,2026-09-01,22900.0,CE,0.0,0.0,0.0,1543.9,1351.15,0,0.0,0,0,2026-08-24
NIFTY,2026-09-01,23100.0,CE,1145.0,1145.0,1139.65,1141.95,1141.95,3,4727173.75,260,65,2026-08-24
NIFTY,2026-09-01,23300.0,CE,1030.55,1051.35,930.0,941.9,941.9,16,25231024.0,910,520,2026-08-24
NIFTY,2026-09-01,23400.0,CE,960.0,960.0,815.95,842.35,842.35,281,443226556.5,9815,-3900,2026-08-24
NIFTY,2026-09-01,23950.0,CE,434.75,440.45,313.45,331.0,331.0,1040,1642492598.5,25285,11635,2026-08-24
NIFTY,2026-09-01,24900.0,CE,7.95,10.15,5.55,6.15,6.15,95086,153937295525.0,1958450,336700,2026-08-24
NIFTY,2026-09-01,24950.0,CE,7.85,7.85,5.05,5.65,5.65,22114,35871654097.5,353730,88335,2026-08-24
NIFTY,2026-09-01,25650.0,CE,1.5,2.0,1.35,1.75,1.75,1557,2596081068.75,40625,10725,2026-08-24
NIFTY,2026-09-01,26550.0,CE,1.0,1.15,0.7,0.85,0.85,27,46596758.0,1300,195,2026-08-24
NIFTY,2026-09-08,22650.0,CE,0.0,0.0,0.0,2118.35,1630.43,0,0.0,0,0,2026-08-24
NIFTY,2026-09-08,23700.0,CE,699.95,706.4,573.9,594.0,594.0,29,45868735.25,1625,65,2026-08-24
NIFTY,2026-09-08,24400.0,CE,173.95,178.25,115.1,124.55,124.55,9226,14714215694.75,316355,140400,2026-08-24
NIFTY,2026-09-08,24650.0,CE,73.9,78.3,47.95,52.05,52.05,1718,2758905695.0,41860,35945,2026-08-24
NIFTY,2026-09-08,25700.0,CE,5.0,5.0,2.6,4.05,4.05,456,761860797.75,17290,7150,2026-08-24
NIFTY,2026-09-15,22550.0,CE,0.0,0.0,0.0,2074.25,1762.36,0,0.0,0,0,2026-08-24
NIFTY,2026-09-15,22700.0,CE,0.0,0.0,0.0,1933.1,1618.63,0,0.0,0,0,2026-08-24
NIFTY,2026-09-15,22900.0,CE,0.0,0.0,0.0,1748.55,1430.8,0,0.0,0,0,2026-08-24
NIFTY,2026-09-15,23700.0,CE,0.0,0.0,0.0,1074.8,758.2,0,0.0,0,0,2026-08-24
NIFTY,2026-09-15,24300.0,CE,269.95,289.05,211.55,221.65,221.65,1825,2910771535.75,52260,21775,2026-08-24
NIFTY,2026-09-15,25200.0,CE,0.0,0.0,0.0,268.55,98.79,0,0.0,0,0,2026-08-24
NIFTY,2026-09-22,22800.0,CE,0.0,0.0,0.0,1547.15,1566.56,0,0.0,0,0,2026-08-24
NIFTY,2026-09-22,23700.0,CE,0.0,0.0,0.0,836.2,825.0,0,0.0,0,0,2026-08-24
NIFTY,2026-09-22,24450.0,CE,0.0,0.0,0.0,418.15,389.93,0,0.0,0,0,2026-08-24
NIFTY,2026-09-22,25050.0,CE,0.0,0.0,0.0,209.5,180.98,0,0.0,0,0,2026-08-24
NIFTY,2026-09-22,25200.0,CE,41.5,41.5,21.4,24.4,24.4,94,154125455.25,2015,1885,2026-08-24
NIFTY,2026-09-22,25350.0,CE,0.0,0.0,0.0,141.55,116.3,0,0.0,0,0,2026-08-24
NIFTY,2026-09-22,25400.0,CE,0.0,0.0,0.0,132.15,107.59,0,0.0,0,0,2026-08-24
NIFTY,2026-09-29,21700.0,CE,2730.0,2730.0,2730.0,2730.0,2663.21,1,1587950.0,130,65,2026-08-24
NIFTY,2026-09-29,22750.0,CE,0.0,0.0,0.0,1386.55,1664.43,0,0.0,260,0,2026-08-24
NIFTY,2026-09-29,23750.0,CE,744.0,744.0,668.0,686.3,686.3,67,106392123.5,3705,1950,2026-08-24
NIFTY,2026-09-29,24150.0,CE,457.8,476.0,387.7,402.55,402.55,850,1356529291.0,35815,13910,2026-08-24
NIFTY,2026-09-29,24500.0,CE,247.0,266.0,205.0,214.9,214.9,40862,65679332215.25,4445740,582205,2026-08-24
NIFTY,2026-09-29,25800.0,CE,12.45,12.75,10.0,10.15,10.15,3210,5385433709.5,405795,22295,2026-08-24
NIFTY,2026-10-27,23100.0,CE,0.0,0.0,0.0,1547.05,1555.26,0,0.0,0,0,2026-08-24
NIFTY,2026-10-27,23350.0,CE,0.0,0.0,0.0,1240.0,1364.22,0,0.0,65,0,2026-08-24
NIFTY,2026-10-27,23400.0,CE,0.0,0.0,0.0,1589.0,1328.32,0,0.0,65,0,2026-08-24
NIFTY,2026-10-27,23700.0,CE,960.45,960.45,873.15,895.0,895.0,16,25597042.25,1820,260,2026-08-24
NIFTY,2026-10-27,24800.0,CE,282.8,288.05,237.0,243.15,243.15,1392,2266766437.0,98085,34385,2026-08-24
NIFTY,2026-10-27,24950.0,CE,219.0,220.3,182.2,189.65,189.65,101,165111089.0,10790,2340,2026-08-24
NIFTY,2026-10-27,25000.0,CE,209.5,210.85,171.2,175.0,175.0,11597,18982995398.25,829790,-20475,2026-08-24
NIFTY,2026-10-27,25400.0,CE,120.0,120.0,81.35,83.95,83.95,1447,2397138523.0,214565,11635,2026-08-24
NIFTY,2026-10-27,26050.0,CE,0.0,0.0,0.0,247.25,171.02,0,0.0,0,0,2026-08-24
NIFTY,2026-10-27,26850.0,CE,0.0,0.0,0.0,126.7,71.77,0,0.0,0,0,2026-08-24
NIFTY,2026-10-27,27000.0,CE,8.1,8.7,6.9,7.4,7.4,793,1392106280.5,188435,4095,2026-08-24
NIFTY,2026-10-27,27100.0,CE,0.0,0.0,0.0,101.3,53.4,0,0.0,0,0,2026-08-24
NIFTY,2026-12-29,28000.0,CE,29.05,30.0,27.05,28.55,28.55,6320,11514127222.0,1596835,-42095,2026-08-24
NIFTY,2027-06-29,28500.0,CE,0.0,0.0,0.0,1711.9,532.15,0,0.0,0,0,2026-08-24
NIFTY,2027-12-28,25000.0,CE,2260.6,2280.0,2178.5,2197.25,2197.25,49,86697815.75,39010,520,2026-08-24
NIFTY,2027-12-28,26000.0,CE,1663.25,1669.9,1608.6,1613.25,1613.25,64,114920877.5,71540,1365,2026-08-24
NIFTY,2027-12-28,30000.0,CE,360.0,361.0,340.0,345.35,345.35,112,220947701.0,125840,3185,2026-08-24
NIFTY,2027-12-28,31500.0,CE,0.0,0.0,0.0,210.0,477.43,0,0.0,1950,0,2026-08-24
NIFTY,2028-06-27,16500.0,CE,0.0,0.0,0.0,11752.8,9609.52,0,0.0,0,0,2026-08-24
NIFTY,2026-09-29,26450.0,PE,0.0,0.0,0.0,2346.8,2091.16,0,0.0,0,0,2026-08-24
NIFTY,2026-09-29,25900.0,PE,1406.75,1572.5,1406.75,1510.0,1588.25,30,53513632.25,4485,1950,2026-08-24
NIFTY,2026-09-29,25250.0,PE,840.0,842.3,839.0,840.0,1052.13,26,44092594.0,1755,1365,2026-08-24
NIFTY,2026-09-29,24900.0,PE,550.05,674.9,548.15,643.45,643.45,194,322070372.0,80860,5785,2026-08-24
NIFTY,2026-09-29,24150.0,PE,176.0,238.6,171.0,221.85,221.85,1129,1788209439.25,52130,17030,2026-08-24
NIFTY,2026-09-29,24050.0,PE,150.1,202.45,144.8,188.15,188.15,543,854900725.25,40625,6630,2026-08-24
NIFTY,2026-09-29,23450.0,PE,50.85,70.0,50.0,64.25,64.25,337,515002358.0,40300,1365,2026-08-24
NIFTY,2026-09-29,23200.0,PE,38.75,45.9,33.5,41.85,41.85,6323,9551540862.5,615485,43355,2026-08-24
NIFTY,2026-09-29,22750.0,PE,22.1,24.0,19.45,22.45,22.45,143,211667176.5,29055,5200,2026-08-24
NIFTY,2026-09-29,22350.0,PE,13.55,16.15,13.4,14.35,14.35,136,197707874.0,10530,-1625,2026-08-24
NIFTY,2026-09-29,22100.0,PE,12.0,17.1,11.7,13.0,13.0,407,584985960.0,51155,-9880,2026-08-24
NIFTY,2026-09-29,22050.0,PE,12.8,15.8,12.0,12.4,11.14,34,48759217.0,3835,-780,2026-08-24
NIFTY,2029-06-26,19500.0,CE,0.0,0.0,0.0,10206.95,8196.83,0,0.0,0,0,2026-08-24
NIFTY,2029-12-24,19500.0,CE,0.0,0.0,0.0,10678.8,8726.52,0,0.0,0,0,2026-08-24
NIFTY,2030-06-25,25500.0,CE,0.0,0.0,0.0,7070.45,5504.94,0,0.0,0,0,2026-08-24
NIFTY,2030-12-31,24000.0,CE,0.0,0.0,0.0,8563.3,6923.84,0,0.0,0,0,2026-08-24
NIFTY,2031-06-24,16500.0,CE,0.0,0.0,0.0,11849.25,12250.54,0,0.0,0,0,2026-08-24
NIFTY,2026-08-25,21600.0,PE,0.75,0.75,0.1,0.15,0.15,6232,8749821369.25,163865,-47255,2026-08-24
NIFTY,2026-08-25,21700.0,PE,0.55,0.65,0.1,0.15,0.15,7385,10416670208.75,142285,-107055,2026-08-24
NIFTY,2026-08-25,21750.0,PE,0.65,0.7,0.15,0.2,0.2,1206,1705004668.25,27950,-30095,2026-08-24
NIFTY,2026-08-25,21900.0,PE,0.7,0.8,0.15,0.15,0.15,10957,15597499661.25,213915,-38675,2026-08-24
NIFTY,2026-08-25,22900.0,PE,1.2,1.4,0.3,0.45,0.45,121492,180846732703.0,1757470,-195260,2026-08-24
NIFTY,2026-08-25,23700.0,PE,2.9,3.25,1.35,1.8,1.8,998323,1538038597949.75,5769140,-1183585,2026-08-24
NIFTY,2026-09-29,21650.0,PE,9.25,15.4,7.6,10.65,4.05,57,80249507.0,5590,2080,2026-08-24
NIFTY,2026-09-29,16500.0,PE,0.95,1.35,0.85,1.0,0.0,70,75079556.5,134095,-130,2026-08-24
NIFTY,2026-09-22,25800.0,PE,0.0,0.0,0.0,1569.65,1512.15,0,0.0,0,0,2026-08-24
NIFTY,2026-08-25,23850.0,PE,3.0,5.0,2.1,2.95,2.95,1184336,1836247451366.25,2957110,-206635,2026-08-24
NIFTY,2026-08-25,24250.0,PE,55.7,109.9,26.0,87.35,87.35,5155005,8146617723374.0,3127475,-3727815,2026-08-24
NIFTY,2026-08-25,24700.0,PE,371.5,527.95,359.5,498.25,498.25,13811,22566416314.0,668720,-99450,2026-08-24
NIFTY,2026-08-25,24800.0,PE,475.05,628.65,459.15,597.55,597.55,7861,12942203680.25,326625,-73710,2026-08-24
NIFTY,2026-08-25,24850.0,PE,528.0,671.1,508.05,652.35,652.35,616,1018964167.0,69810,16705,2026-08-24
NIFTY,2026-08-25,25450.0,PE,0.0,0.0,0.0,1170.0,1226.72,0,0.0,1040,0,2026-08-24
NIFTY,2026-08-25,25750.0,PE,1458.0,1458.0,1458.0,1458.0,1526.67,1,1768520.0,195,-65,2026-08-24
NIFTY,2026-08-25,25850.0,PE,1670.0,1672.0,1650.55,1650.55,1626.65,9,16098163.25,455,-390,2026-08-24
NIFTY,2026-08-25,26150.0,PE,0.0,0.0,0.0,2082.5,1926.6,0,0.0,0,0,2026-08-24
NIFTY,2026-08-25,26450.0,PE,0.0,0.0,0.0,2328.9,2226.55,0,0.0,0,0,2026-08-24
NIFTY,2026-08-25,26700.0,PE,0.0,0.0,0.0,2541.2,2476.51,0,0.0,0,0,2026-08-24
NIFTY,2026-08-25,26950.0,PE,0.0,0.0,0.0,2758.95,2726.47,0,0.0,0,0,2026-08-24
NIFTY,2026-08-25,27050.0,PE,0.0,0.0,0.0,2847.45,2826.45,0,0.0,0,0,2026-08-24
NIFTY,2026-09-01,22200.0,PE,2.55,2.6,2.05,2.35,2.35,6536,9432444479.25,362245,84955,2026-08-24
NIFTY,2026-09-01,22650.0,PE,2.2,3.5,2.2,3.2,3.2,573,843711813.75,19110,4485,2026-08-24
NIFTY,2026-09-01,23850.0,PE,20.25,36.1,14.05,28.25,28.25,44835,69577375572.25,583310,274300,2026-08-24
NIFTY,2026-09-01,24550.0,PE,254.55,372.4,239.8,343.5,343.5,2501,4040649288.0,53625,29120,2026-08-24
NIFTY,2026-09-01,25450.0,PE,0.0,0.0,0.0,1130.0,1202.19,0,0.0,780,0,2026-08-24
NIFTY,2026-09-01,26350.0,PE,0.0,0.0,0.0,2035.25,2095.96,0,0.0,0,0,2026-08-24
NIFTY,2026-09-01,26750.0,PE,0.0,0.0,0.0,2407.3,2495.39,0,0.0,0,0,2026-08-24
NIFTY,2026-09-01,27050.0,PE,0.0,0.0,0.0,2693.45,2794.99,0,0.0,0,0,2026-08-24
NIFTY,2026-09-08,22850.0,PE,7.7,7.7,4.7,6.95,6.95,105,155996542.0,5200,-390,2026-08-24
NIFTY,2026-09-08,23350.0,PE,12.0,16.0,7.55,13.65,13.65,465,706152102.5,36465,780,2026-08-24
NIFTY,2026-09-08,23400.0,PE,27.15,27.15,7.3,15.45,15.45,8917,13572422506.5,210210,210210,2026-08-24
NIFTY,2026-09-08,23800.0,PE,35.5,55.8,28.4,45.75,45.75,14225,22048574967.25,464035,274950,2026-08-24
NIFTY,2026-09-08,24550.0,PE,275.05,370.05,273.3,360.65,360.65,73,117909457.25,4810,1105,2026-08-24
NIFTY,2026-09-08,24750.0,PE,468.85,523.35,454.05,518.65,609.51,7,11486312.5,1755,-390,2026-08-24
NIFTY,2026-09-08,24900.0,PE,660.0,660.0,660.0,660.0,722.57,2,3322800.0,1950,0,2026-08-24
NIFTY,2026-09-08,25400.0,PE,0.0,0.0,0.0,896.85,1150.0,0,0.0,0,0,2026-08-24
NIFTY,2026-08-25,21700.0,CE,0.0,0.0,0.0,2535.0,2522.66,0,0.0,650,0,2026-08-24
NIFTY,2026-08-25,22500.0,CE,1840.0,1840.0,1678.0,1706.6,1706.6,1758,2773095780.0,114725,-68705,2026-08-24
NIFTY,2026-08-25,24450.0,CE,26.0,26.85,4.95,7.15,7.15,2113814,3360693088918.75,7524920,3832205,2026-08-24
NIFTY,2026-08-25,25850.0,CE,0.65,0.75,0.3,0.5,0.5,15509,26059556562.0,139035,-71045,2026-08-24
NIFTY,2030-12-31,21000.0,PE,0.0,0.0,0.0,450.0,328.4,0,0.0,845,0,2026-08-24
NIFTY,2030-06-25,25500.0,PE,0.0,0.0,0.0,568.55,1124.9,0,0.0,0,0,2026-08-24
NIFTY,2030-06-25,21000.0,PE,0.0,0.0,0.0,220.0,330.01,0,0.0,65,0,2026-08-24
NIFTY,2029-12-24,31500.0,PE,0.0,0.0,0.0,2240.25,3513.19,0,0.0,0,0,2026-08-24
NIFTY,2029-12-24,25500.0,PE,0.0,0.0,0.0,597.3,1185.47,0,0.0,0,0,2026-08-24
NIFTY,2029-06-26,24000.0,PE,0.0,0.0,0.0,825.0,843.76,0,0.0,155,0,2026-08-24
NIFTY,2028-12-26,28500.0,PE,0.0,0.0,0.0,1451.15,2530.89,0,0.0,0,0,2026-08-24
NIFTY,2028-12-26,27000.0,PE,1600.0,1600.0,1600.0,1600.0,1859.11,1,1859000.0,13165,0,2026-08-24
NIFTY,2027-03-30,19500.0,PE,51.0,53.95,49.45,50.85,50.85,186,236377706.5,89895,650,2026-08-24
NIFTY,2026-12-29,26000.0,PE,1274.95,1403.85,1266.7,1371.85,1371.85,942,1675694553.0,1402170,-505,2026-08-24
NIFTY,2026-12-29,13000.0,PE,10.0,10.0,10.0,10.0,0.0,3,2536950.0,8590,0,2026-08-24
NIFTY,2026-10-27,26150.0,PE,0.0,0.0,0.0,1657.0,1787.22,0,0.0,130,0,2026-08-24
NIFTY,2026-10-27,25900.0,PE,0.0,0.0,0.0,1231.5,1584.25,0,0.0,65,0,2026-08-24
NIFTY,2026-10-27,25750.0,PE,0.0,0.0,0.0,1149.95,1467.03,0,0.0,260,0,2026-08-24
NIFTY,2026-10-27,22850.0,PE,0.0,0.0,0.0,250.85,127.77,0,0.0,0,0,2026-08-24
NIFTY,2026-10-27,22800.0,PE,0.0,0.0,0.0,239.4,119.96,0,0.0,0,0,2026-08-24
NIFTY,2026-10-27,22650.0,PE,0.0,0.0,0.0,53.5,98.76,0,0.0,910,0,2026-08-24
NIFTY,2026-10-27,22250.0,PE,29.2,29.65,23.0,27.1,27.1,668,967215174.25,183365,20865,2026-08-24
NIFTY,2026-09-29,27200.0,PE,0.0,0.0,0.0,3004.3,2813.57,0,0.0,0,0,2026-08-24
NIFTY,2026-09-29,26300.0,PE,1823.05,1980.0,1778.0,1943.2,1943.2,482,884193475.75,70265,21840,2026-08-24
NIFTY,2026-09-29,25750.0,PE,0.0,0.0,0.0,1035.0,1457.74,0,0.0,390,0,2026-08-24
NIFTY,2026-09-29,24600.0,PE,385.4,464.45,356.75,437.45,437.45,2732,4442723447.5,440375,45955,2026-08-24
NIFTY,2026-09-29,24400.0,PE,275.0,351.25,260.25,328.7,328.7,22076,35449990410.25,2028195,502255,2026-08-24
NIFTY,2026-09-29,24250.0,PE,205.0,278.35,203.5,260.35,260.35,2504,3985895527.25,105625,16770,2026-08-24
NIFTY,2026-09-29,24100.0,PE,170.35,220.7,156.95,203.7,203.7,7552,11925326708.75,492570,87490,2026-08-24
NIFTY,2026-09-29,23950.0,PE,130.4,170.15,120.05,157.3,157.3,676,1058772455.0,48880,10270,2026-08-24
NIFTY,2026-09-29,23750.0,PE,85.1,118.65,83.5,110.35,110.35,1712,2654324110.75,109850,11310,2026-08-24
NIFTY,2026-09-29,23700.0,PE,87.4,109.8,77.0,100.3,100.3,7952,12297713093.25,810160,49855,2026-08-24
NIFTY,2026-09-29,23150.0,PE,32.05,42.6,31.0,38.3,38.3,199,299930049.25,27040,585,2026-08-24
NIFTY,2026-09-29,22250.0,PE,14.25,18.0,12.3,14.2,14.2,58,83937057.75,16380,-2340,2026-08-24
NIFTY,2026-09-29,22200.0,PE,13.6,14.8,12.3,13.45,13.45,416,600656267.25,108680,-4030,2026-08-24
NIFTY,2026-09-29,21700.0,PE,8.35,11.55,8.35,10.75,4.63,88,124183241.0,56290,2860,2026-08-24
NIFTY,2026-09-22,25550.0,PE,0.0,0.0,0.0,1354.25,1292.6,0,0.0,0,0,2026-08-24
NIFTY,2026-09-22,22950.0,PE,0.0,0.0,0.0,78.75,51.67,0,0.0,0,0,2026-08-24
NIFTY,2026-09-22,22850.0,PE,0.0,0.0,0.0,66.05,42.05,0,0.0,0,0,2026-08-24
NIFTY,2026-09-22,22450.0,PE,0.0,0.0,0.0,30.65,17.01,0,0.0,0,0,2026-08-24
NIFTY,2026-09-15,26050.0,PE,0.0,0.0,0.0,1515.75,1752.83,0,0.0,0,0,2026-08-24
NIFTY,2026-09-15,25200.0,PE,892.75,892.75,850.0,850.0,987.71,2,3389278.75,130,130,2026-08-24
NIFTY,2026-09-15,24600.0,PE,315.0,421.0,315.0,402.1,402.1,37,60102792.75,2925,455,2026-08-24
NIFTY,2026-09-15,24300.0,PE,185.6,250.05,167.7,229.15,229.15,1572,2505002409.0,32500,8775,2026-08-24
NIFTY,2026-09-15,23950.0,PE,76.65,117.15,74.7,106.05,106.05,147,229848248.5,6110,-650,2026-08-24
NIFTY,2026-09-15,23350.0,PE,0.0,0.0,0.0,97.3,78.37,0,0.0,0,0,2026-08-24
NIFTY,2026-09-15,23100.0,PE,0.0,0.0,0.0,63.7,45.45,0,0.0,0,0,2026-08-24
NIFTY,2026-09-15,22550.0,PE,0.0,0.0,0.0,12.0,10.96,0,0.0,65,0,2026-08-24
NIFTY,2026-09-08,24700.0,PE,420.7,498.95,377.05,478.35,478.35,229,374165070.5,12545,1430,2026-08-24
NIFTY,2026-09-08,23700.0,PE,30.9,40.85,20.7,33.3,33.3,13118,20236104885.75,455650,231790,2026-08-24
NIFTY,2026-09-08,23200.0,PE,9.55,12.85,6.5,10.0,10.0,3263,4922797477.0,127205,45760,2026-08-24
NIFTY,2026-09-01,27000.0,PE,0.0,0.0,0.0,2645.4,2745.05,0,0.0,0,0,2026-08-24
NIFTY,2026-09-01,26700.0,PE,0.0,0.0,0.0,2360.1,2445.46,0,0.0,0,0,2026-08-24
NIFTY,2026-09-01,26300.0,PE,2050.0,2053.3,1841.35,1841.35,1841.35,36,66325652.25,2210,2210,2026-08-24
NIFTY,2026-09-01,25550.0,PE,1310.0,1316.0,1300.0,1304.0,1304.0,6,10474750.0,390,325,2026-08-24
NIFTY,2026-09-01,25500.0,PE,1133.0,1290.0,1133.0,1258.35,1258.35,489,848632157.75,50895,19240,2026-08-24
NIFTY,2026-09-01,25100.0,PE,746.1,891.6,746.05,859.9,859.9,91,153346865.75,13325,3705,2026-08-24
NIFTY,2026-09-01,24850.0,PE,0.0,0.0,0.0,418.0,646.15,0,0.0,65,0,2026-08-24
NIFTY,2026-09-01,24400.0,PE,170.0,260.0,148.0,233.3,233.3,56648,90585111191.25,1264835,578110,2026-08-24
NIFTY,2026-09-01,24200.0,PE,86.65,141.6,67.2,121.35,121.35,228579,361221104169.25,2512705,919490,2026-08-24
NIFTY,2026-09-01,23050.0,PE,3.5,4.75,3.0,4.3,4.3,3932,5892151053.75,36660,6435,2026-08-24
NIFTY,2026-09-01,22800.0,PE,3.45,3.65,2.65,3.5,3.5,17750,26309269272.0,329355,105495,2026-08-24
NIFTY,2026-08-25,26850.0,PE,0.0,0.0,0.0,2671.25,2626.49,0,0.0,0,0,2026-08-24
NIFTY,2026-08-25,25800.0,PE,1470.0,1621.8,1470.0,1605.95,1605.95,154,274053032.5,6305,-4550,2026-08-24
NIFTY,2026-08-25,25150.0,PE,828.25,965.0,828.25,951.2,926.77,11,18645266.25,2275,-325,2026-08-24
NIFTY,2026-08-25,24550.0,PE,264.6,379.5,213.15,349.55,349.55,53939,87051997737.25,176735,-7085,2026-08-24
NIFTY,2026-08-25,24150.0,PE,26.4,52.9,11.05,37.65,37.65,5925684,9316031766024.75,7224295,1178385,2026-08-24
NIFTY,2026-08-25,23650.0,PE,2.45,2.45,1.1,1.5,1.5,323902,497953428310.0,1582230,-363610,2026-08-24
NIFTY,2026-08-25,23000.0,PE,1.55,1.55,0.5,0.6,0.6,495304,740505328325.75,6343350,-5210140,2026-08-24
NIFTY,2026-08-25,21950.0,PE,0.9,0.95,0.15,0.2,0.2,3485,4972296927.0,34840,-46930,2026-08-24
NIFTY,2031-06-24,28500.0,CE,0.0,0.0,0.0,5048.95,5204.38,0,0.0,0,0,2026-08-24
NIFTY,2030-06-25,19500.0,CE,0.0,0.0,0.0,11140.25,9240.41,0,0.0,0,0,2026-08-24
NIFTY,2030-06-25,16500.0,CE,0.0,0.0,0.0,13374.05,11430.81,0,0.0,0,0,2026-08-24
NIFTY,2029-12-24,22500.0,CE,0.0,0.0,0.0,8486.15,6665.38,0,0.0,0,0,2026-08-24
NIFTY,2028-12-26,21000.0,CE,0.0,0.0,0.0,7512.5,6501.06,0,0.0,0,0,2026-08-24
NIFTY,2028-06-27,31500.0,CE,0.0,0.0,0.0,1784.8,901.29,0,0.0,0,0,2026-08-24
NIFTY,2028-06-27,25500.0,CE,0.0,0.0,0.0,4676.6,2967.69,0,0.0,0,0,2026-08-24
NIFTY,2027-12-28,28500.0,CE,605.0,610.0,585.0,585.0,585.0,8,15131675.0,11700,65,2026-08-24
NIFTY,2027-12-28,25500.0,CE,0.0,0.0,0.0,2400.0,2255.58,0,0.0,0,0,2026-08-24
NIFTY,2027-12-28,22500.0,CE,0.0,0.0,0.0,6183.0,4072.67,0,0.0,0,0,2026-08-24
NIFTY,2027-06-29,27000.0,CE,0.0,0.0,0.0,570.0,915.15,0,0.0,455,0,2026-08-24
NIFTY,2027-06-29,24000.0,CE,2000.0,2000.0,2000.0,2000.0,2000.0,1,1690000.0,1255,65,2026-08-24
NIFTY,2027-06-29,21000.0,CE,0.0,0.0,0.0,3061.8,4493.25,0,0.0,0,0,2026-08-24
NIFTY,2027-03-30,18000.0,CE,0.0,0.0,0.0,5643.55,6911.62,0,0.0,0,0,2026-08-24
NIFTY,2026-12-29,21000.0,CE,3766.0,3770.0,3644.05,3662.45,3662.45,95,152338793.75,196210,715,2026-08-24
NIFTY,2026-10-27,26750.0,CE,0.0,0.0,0.0,138.3,80.52,0,0.0,0,0,2026-08-24
NIFTY,2026-10-27,26600.0,CE,0.0,0.0,0.0,157.4,95.36,0,0.0,0,0,2026-08-24
NIFTY,2026-10-27,26000.0,CE,37.0,37.0,30.15,31.25,31.25,7690,13011867631.75,992420,125320,2026-08-24
NIFTY,2026-10-27,25450.0,CE,0.0,0.0,0.0,388.6,303.13,0,0.0,0,0,2026-08-24
NIFTY,2026-10-27,24500.0,CE,425.2,447.05,368.65,378.05,378.05,4205,6804297106.75,430105,39520,2026-08-24
NIFTY,2026-10-27,24200.0,CE,627.85,628.05,532.2,546.15,546.15,824,1325744429.75,66820,31460,2026-08-24
NIFTY,2026-10-27,23900.0,CE,825.0,825.0,754.0,754.0,988.67,6,9620065.0,1365,65,2026-08-24
NIFTY,2026-10-27,22950.0,CE,0.0,0.0,0.0,1654.95,1675.27,0,0.0,0,0,2026-08-24
NIFTY,2026-10-27,22350.0,CE,0.0,0.0,0.0,2124.25,2189.15,0,0.0,0,0,2026-08-24
NIFTY,2026-09-29,26400.0,CE,0.0,0.0,0.0,175.4,32.99,0,0.0,0,0,2026-08-24
NIFTY,2026-09-29,24900.0,CE,101.8,109.95,80.05,84.45,84.45,8802,14297016721.0,736710,111215,2026-08-24
NIFTY,2026-09-29,24800.0,CE,133.75,139.9,102.5,108.05,108.05,12359,20013472079.25,1039935,108550,2026-08-24
NIFTY,2026-09-29,24700.0,CE,174.95,175.2,131.0,137.75,137.75,9011,14552178962.75,660920,96590,2026-08-24
NIFTY,2026-09-29,24400.0,CE,326.85,326.85,250.05,261.25,261.25,22010,35306933665.25,2233335,561665,2026-08-24
NIFTY,2026-09-29,22100.0,CE,2170.0,2170.0,2170.0,2170.0,2273.67,1,1577550.0,65,65,2026-08-24
NIFTY,2026-09-29,21800.0,CE,2420.0,2500.0,2420.0,2500.0,2565.23,3,4728100.0,260,195,2026-08-24
NIFTY,2026-09-29,21750.0,CE,0.0,0.0,0.0,2542.45,2614.18,0,0.0,0,0,2026-08-24
NIFTY,2026-09-29,19500.0,CE,4780.0,4808.0,4775.0,4803.65,4803.65,157,248012332.75,140530,-65,2026-08-24
NIFTY,2026-09-22,25300.0,CE,0.0,0.0,0.0,151.5,125.57,0,0.0,0,0,2026-08-24
NIFTY,2026-09-15,26200.0,CE,4.65,5.55,3.0,4.0,4.0,96,163514107.25,5005,2600,2026-08-24
NIFTY,2026-09-15,26100.0,CE,3.95,5.15,3.3,3.65,3.65,79,134045138.5,1625,195,2026-08-24
NIFTY,2026-09-15,25850.0,CE,0.0,0.0,0.0,117.45,26.84,0,0.0,0,0,2026-08-24
NIFTY,2026-09-15,25750.0,CE,0.0,0.0,0.0,134.65,33.38,0,0.0,0,0,2026-08-24
NIFTY,2026-09-15,25650.0,CE,0.0,0.0,0.0,153.9,41.26,0,0.0,0,0,2026-08-24
NIFTY,2026-09-15,25250.0,CE,0.0,0.0,0.0,253.25,90.23,0,0.0,0,0,2026-08-24
NIFTY,2026-09-15,25050.0,CE,0.0,0.0,0.0,318.55,128.46,0,0.0,0,0,2026-08-24
NIFTY,2026-09-15,24850.0,CE,0.0,0.0,0.0,395.35,178.28,0,0.0,0,0,2026-08-24
NIFTY,2026-09-15,24100.0,CE,415.45,421.05,322.75,338.85,338.85,231,367215199.0,11180,1625,2026-08-24
NIFTY,2026-09-15,23500.0,CE,0.0,0.0,0.0,1231.15,910.57,0,0.0,0,0,2026-08-24
NIFTY,2026-09-15,23250.0,CE,0.0,0.0,0.0,1438.9,1117.43,0,0.0,0,0,2026-08-24
NIFTY,2026-09-15,23150.0,CE,0.0,0.0,0.0,1525.35,1204.52,0,0.0,0,0,2026-08-24
NIFTY,2026-09-15,23050.0,CE,0.0,0.0,0.0,1613.5,1293.69,0,0.0,0,0,2026-08-24
NIFTY,2026-09-15,23000.0,CE,0.0,0.0,0.0,1658.15,1338.97,0,0.0,0,0,2026-08-24
NIFTY,2026-09-15,22650.0,CE,0.0,0.0,0.0,1979.9,1666.31,0,0.0,0,0,2026-08-24
NIFTY,2026-09-15,22350.0,CE,0.0,0.0,0.0,2265.3,1956.69,0,0.0,0,0,2026-08-24
NIFTY,2026-09-08,26400.0,CE,2.65,2.8,1.3,1.75,1.75,179,307183451.25,18265,910,2026-08-24
NIFTY,2026-09-08,25000.0,CE,22.65,22.65,13.2,14.0,14.0,36918,60029469574.75,1184300,-114660,2026-08-24
NIFTY,2026-09-08,24700.0,CE,64.3,67.75,39.65,42.65,42.65,12115,19487433663.75,361270,163540,2026-08-24
NIFTY,2026-09-08,23250.0,CE,0.0,0.0,0.0,1568.45,1061.78,0,0.0,0,0,2026-08-24
NIFTY,2026-09-08,23150.0,CE,0.0,0.0,0.0,1656.9,1152.84,0,0.0,0,0,2026-08-24
NIFTY,2026-09-08,22900.0,CE,0.0,0.0,0.0,1884.1,1388.05,0,0.0,0,0,2026-08-24
NIFTY,2026-09-01,26850.0,CE,0.7,0.9,0.7,0.9,0.9,7,12217110.75,1235,0,2026-08-24
NIFTY,2026-09-01,26800.0,CE,0.75,1.2,0.7,0.8,0.8,94,163753258.5,9815,195,2026-08-24
NIFTY,2026-09-01,26400.0,CE,0.8,1.0,0.75,0.9,0.9,325,557718606.25,18265,1235,2026-08-24
NIFTY,2026-09-01,26250.0,CE,0.95,1.15,0.8,0.95,0.95,358,610859804.75,22490,13585,2026-08-24
NIFTY,2026-09-01,24600.0,CE,44.5,51.7,23.4,27.2,27.2,132564,212241327775.75,2371460,577785,2026-08-24
NIFTY,2026-09-01,24450.0,CE,92.95,97.45,50.55,57.4,57.4,43197,68834593083.75,577850,317395,2026-08-24
NIFTY,2026-09-01,22200.0,CE,0.0,0.0,0.0,2171.8,2048.58,0,0.0,0,0,2026-08-24
NIFTY,2026-09-01,22000.0,CE,2320.0,2327.75,2210.0,2210.0,2248.3,3,4735753.75,195,195,2026-08-24
NIFTY,2026-08-25,26900.0,CE,0.4,0.55,0.2,0.3,0.3,5806,10151923749.5,88400,-39520,2026-08-24
NIFTY,2026-08-25,26250.0,CE,0.65,0.75,0.3,0.4,0.4,8378,14295207316.0,58175,-12870,2026-08-24
NIFTY,2026-08-25,25900.0,CE,0.55,0.95,0.4,0.55,0.55,86515,145651119289.0,1163890,358800,2026-08-24
NIFTY,2026-08-25,21300.0,CE,3015.0,3015.0,3009.4,3015.0,2922.59,55,86919222.0,585,-3120,2026-08-24
NIFTY,2026-08-25,21650.0,CE,0.0,0.0,0.0,2669.3,2572.65,0,0.0,0,0,2026-08-24
NIFTY,2026-09-29,23450.0,CE,0.0,0.0,0.0,1032.15,1077.36,0,0.0,585,0,2026-08-24
NIFTY,2026-09-29,23500.0,CE,991.15,1001.5,868.6,894.6,894.6,6282,9973132549.25,480935,168740,2026-08-24
NIFTY,2026-09-29,23650.0,CE,837.85,845.9,748.75,748.75,929.78,8,12730490.5,1430,-130,2026-08-24
NIFTY,2026-09-29,24250.0,CE,390.0,412.45,328.85,342.45,342.45,2046,3273560696.25,106405,9620,2026-08-24
NIFTY,2026-09-29,25050.0,CE,73.45,73.55,54.5,57.55,57.55,1165,1901536009.75,102245,3705,2026-08-24
NIFTY,2026-09-29,25250.0,CE,42.7,44.25,32.7,34.2,34.2,1447,2378269552.75,59670,390,2026-08-24
NIFTY,2026-09-29,25300.0,CE,37.2,38.15,28.7,29.5,29.5,9525,15683452086.25,667940,95615,2026-08-24
NIFTY,2026-09-29,26850.0,CE,0.0,0.0,0.0,3.7,14.76,0,0.0,3445,0,2026-08-24
NIFTY,2026-09-08,25200.0,PE,900.0,900.0,900.0,900.0,971.22,1,1696500.0,520,65,2026-08-24
NIFTY,2030-12-31,33000.0,PE,0.0,0.0,0.0,2387.3,3616.24,0,0.0,0,0,2026-08-24
NIFTY,2030-12-31,27000.0,PE,0.0,0.0,0.0,779.5,1438.19,0,0.0,0,0,2026-08-24
NIFTY,2029-12-24,19500.0,PE,0.0,0.0,0.0,61.2,184.17,0,0.0,0,0,2026-08-24
NIFTY,2029-06-26,26000.0,PE,0.0,0.0,0.0,1650.0,1399.93,0,0.0,50,0,2026-08-24
NIFTY,2029-06-26,22500.0,PE,0.0,0.0,0.0,224.45,537.12,0,0.0,0,0,2026-08-24
NIFTY,2028-12-26,30000.0,PE,0.0,0.0,0.0,2352.75,3309.5,0,0.0,0,0,2026-08-24
NIFTY,2028-12-26,22500.0,PE,0.0,0.0,0.0,218.8,529.55,0,0.0,0,0,2026-08-24
NIFTY,2028-12-26,21000.0,PE,0.0,0.0,0.0,440.0,299.18,0,0.0,7775,0,2026-08-24
NIFTY,2028-06-27,25500.0,PE,0.0,0.0,0.0,667.45,1351.85,0,0.0,0,0,2026-08-24
NIFTY,2028-06-27,22000.0,PE,370.05,370.05,370.05,370.05,415.05,1,1454053.25,1365,65,2026-08-24
NIFTY,2028-06-27,18000.0,PE,0.0,0.0,0.0,396.75,49.58,0,0.0,0,0,2026-08-24
NIFTY,2027-12-28,30000.0,PE,0.0,0.0,0.0,3339.0,3988.89,0,0.0,195,0,2026-08-24
NIFTY,2027-12-28,22500.0,PE,0.0,0.0,0.0,186.5,458.73,0,0.0,0,0,2026-08-24
NIFTY,2027-12-28,19500.0,PE,0.0,0.0,0.0,29.25,88.49,0,0.0,0,0,2026-08-24
NIFTY,2027-06-29,33000.0,PE,0.0,0.0,0.0,4691.7,7079.84,0,0.0,0,0,2026-08-24
NIFTY,2027-03-30,33000.0,PE,0.0,0.0,0.0,8415.45,7536.57,0,0.0,0,0,2026-08-24
NIFTY,2026-12-29,12000.0,PE,8.7,8.7,8.7,8.7,0.0,3,2341696.5,18215,0,2026-08-24
NIFTY,2026-10-27,26600.0,PE,0.0,0.0,0.0,2372.55,2173.02,0,0.0,0,0,2026-08-24
NIFTY,2026-10-27,26000.0,PE,1485.05,1581.7,1430.0,1554.25,1554.25,282,504726033.5,68380,10595,2026-08-24
NIFTY,2026-10-27,25600.0,PE,0.0,0.0,0.0,994.25,1354.39,0,0.0,195,0,2026-08-24
NIFTY,2026-10-27,25200.0,PE,765.9,880.25,765.9,859.95,859.95,23,38892954.75,8125,390,2026-08-24
NIFTY,2026-10-27,25000.0,PE,632.3,741.0,618.0,713.35,713.35,2249,3753384072.75,463125,48360,2026-08-24
NIFTY,2026-10-27,24850.0,PE,622.0,622.0,622.0,622.0,622.0,3,4967040.0,1625,195,2026-08-24
NIFTY,2026-10-27,24800.0,PE,507.8,606.0,498.3,577.55,577.55,728,1198037428.25,138255,36920,2026-08-24
NIFTY,2026-10-27,24300.0,PE,288.0,353.95,281.0,338.8,338.8,990,1583736771.5,69810,15405,2026-08-24
NIFTY,2026-10-27,23450.0,PE,92.85,116.4,89.7,111.3,111.3,250,382699684.25,40495,11830,2026-08-24
NIFTY,2026-10-27,23100.0,PE,58.7,74.45,57.55,69.35,69.35,382,575215436.25,61945,-650,2026-08-24
NIFTY,2026-09-29,33000.0,PE,0.0,0.0,0.0,6552.15,8568.77,0,0.0,0,0,2026-08-24
NIFTY,2026-09-29,27150.0,PE,0.0,0.0,0.0,2959.15,2764.68,0,0.0,0,0,2026-08-24
NIFTY,2026-09-29,25700.0,PE,1261.6,1385.0,1260.0,1358.95,1358.95,93,163513766.0,7930,5980,2026-08-24
NIFTY,2026-09-29,25650.0,PE,0.0,0.0,0.0,1016.85,1372.75,0,0.0,65,0,2026-08-24
NIFTY,2026-09-29,24950.0,PE,686.8,693.8,686.8,691.65,691.65,5,8332857.0,7280,-65,2026-08-24
NIFTY,2026-09-29,24750.0,PE,507.85,560.7,507.85,548.0,705.5,60,98558986.5,35880,260,2026-08-24
NIFTY,2026-09-29,23400.0,PE,52.3,64.5,45.8,58.8,58.8,5770,8797066671.25,704275,26260,2026-08-24
NIFTY,2026-09-29,22600.0,PE,16.75,20.55,16.4,19.15,19.15,5865,8622842722.0,273000,-1365,2026-08-24
NIFTY,2026-09-29,22550.0,PE,17.35,19.8,17.35,18.7,18.7,25,36673416.0,6890,-715,2026-08-24
NIFTY,2026-09-29,21950.0,PE,14.8,14.8,11.7,13.15,13.15,107,152753480.75,11635,0,2026-08-24
NIFTY,2026-09-29,21000.0,PE,10.4,10.4,7.85,8.6,8.6,3841,5245140644.25,1472835,-3965,2026-08-24
NIFTY,2026-09-22,25750.0,PE,0.0,0.0,0.0,1525.75,1467.43,0,0.0,0,0,2026-08-24
NIFTY,2026-09-22,25200.0,PE,0.0,0.0,0.0,1072.35,1005.61,0,0.0,0,0,2026-08-24
NIFTY,2026-09-22,24150.0,PE,0.0,0.0,0.0,419.35,355.2,0,0.0,0,0,2026-08-24
NIFTY,2026-09-22,22800.0,PE,0.0,0.0,0.0,60.35,37.82,0,0.0,0,0,2026-08-24
NIFTY,2026-09-22,22700.0,PE,0.0,0.0,0.0,50.15,30.41,0,0.0,0,0,2026-08-24
NIFTY,2026-09-22,22350.0,PE,16.7,16.7,16.7,16.7,13.28,1,1453835.5,130,65,2026-08-24
NIFTY,2026-09-15,25650.0,PE,0.0,0.0,0.0,1183.55,1378.53,0,0.0,0,0,2026-08-24
NIFTY,2026-09-15,25050.0,PE,0.0,0.0,0.0,751.7,867.93,0,0.0,0,0,2026-08-24
NIFTY,2026-09-15,23600.0,PE,0.0,0.0,0.0,143.35,127.6,0,0.0,0,0,2026-08-24
NIFTY,2026-09-15,23550.0,PE,0.0,0.0,0.0,133.0,116.26,0,0.0,0,0,2026-08-24
NIFTY,2026-09-15,23250.0,PE,0.0,0.0,0.0,82.5,63.47,0,0.0,0,0,2026-08-24
NIFTY,2026-09-15,23150.0,PE,14.5,21.0,11.55,15.6,15.6,391,588762993.0,11505,4550,2026-08-24
NIFTY,2026-09-15,22700.0,PE,8.5,9.8,8.1,9.45,9.45,134,197798022.5,22555,4485,2026-08-24
NIFTY,2026-09-08,25350.0,PE,0.0,0.0,0.0,1029.9,1104.52,0,0.0,65,0,2026-08-24
NIFTY,2026-09-08,25150.0,PE,0.0,0.0,0.0,731.9,927.97,0,0.0,0,0,2026-08-24
NIFTY,2026-09-08,25000.0,PE,630.0,761.0,630.0,745.5,745.5,268,447921701.5,21190,11635,2026-08-24
NIFTY,2026-09-08,23500.0,PE,13.0,24.0,11.75,19.3,19.3,36293,55480478982.5,825305,7020,2026-08-24
NIFTY,2026-09-08,23150.0,PE,8.65,10.9,8.65,9.35,9.35,363,546445279.25,34970,3380,2026-08-24
NIFTY,2026-09-01,26650.0,PE,0.0,0.0,0.0,2313.1,2395.52,0,0.0,0,0,2026-08-24
NIFTY,2026-09-01,26250.0,PE,0.0,0.0,0.0,1944.45,1996.13,0,0.0,0,0,2026-08-24
NIFTY,2026-09-01,26150.0,PE,0.0,0.0,0.0,1854.75,1896.33,0,0.0,0,0,2026-08-24
NIFTY,2026-09-01,25900.0,PE,0.0,0.0,0.0,1635.9,1647.1,0,0.0,0,0,2026-08-24
NIFTY,2026-09-01,25750.0,PE,0.0,0.0,0.0,1508.85,1497.97,0,0.0,0,0,2026-08-24
NIFTY,2026-09-01,25300.0,PE,980.0,1079.3,980.0,1056.5,1056.5,17,29123386.5,1690,780,2026-08-24
NIFTY,2026-09-01,24300.0,PE,115.0,195.2,102.0,171.05,171.05,175125,278242508157.25,2183155,561145,2026-08-24
NIFTY,2026-09-01,24050.0,PE,45.25,81.9,35.15,67.0,67.0,54118,84814970899.75,564135,161330,2026-08-24
NIFTY,2026-09-01,22950.0,PE,4.1,4.45,2.8,3.9,3.9,2138,3189867833.75,40820,65,2026-08-24
NIFTY,2026-09-01,22350.0,PE,2.25,3.0,2.05,2.7,2.7,405,588431896.0,12545,2600,2026-08-24
NIFTY,2026-08-25,27200.0,PE,0.0,0.0,0.0,2940.35,2976.43,0,0.0,1170,0,2026-08-24
NIFTY,2026-08-25,25950.0,PE,1670.7,1670.7,1670.7,1670.7,1670.7,1,1795345.5,130,0,2026-08-24
NIFTY,2026-08-25,25400.0,PE,1072.05,1224.3,1072.05,1206.1,1206.1,247,426954560.5,26650,-9555,2026-08-24
NIFTY,2026-08-25,24500.0,PE,219.4,330.0,168.0,301.0,301.0,378325,608093120414.0,2737995,-888550,2026-08-24
NIFTY,2026-08-25,24050.0,PE,15.0,23.0,5.25,13.7,13.7,2668285,4173675359421.75,4924530,1562990,2026-08-24
NIFTY,2026-08-25,23750.0,PE,2.6,2.95,1.45,2.0,2.0,877267,1354404760325.5,3357900,898820,2026-08-24
NIFTY,2026-08-25,22950.0,PE,1.35,1.95,0.3,0.4,0.4,38235,57038853261.0,387790,51090,2026-08-24
NIFTY,2026-08-25,22300.0,PE,0.55,0.95,0.15,0.2,0.2,26639,38613889697.5,463775,-135265,2026-08-24
NIFTY,2026-08-25,21650.0,PE,0.8,1.0,0.1,0.15,0.15,2071,2914456993.5,30940,-9815,2026-08-24
NIFTY,2031-06-24,27000.0,CE,0.0,0.0,0.0,5699.0,5891.37,0,0.0,0,0,2026-08-24
NIFTY,2030-12-31,21000.0,CE,0.0,0.0,0.0,10552.5,8753.46,0,0.0,0,0,2026-08-24
NIFTY,2029-12-24,30000.0,CE,0.0,0.0,0.0,2863.2,2907.66,0,0.0,8145,0,2026-08-24
NIFTY,2029-12-24,25500.0,CE,0.0,0.0,0.0,6500.6,4904.22,0,0.0,0,0,2026-08-24
NIFTY,2029-06-26,27000.0,CE,0.0,0.0,0.0,6570.4,3542.79,0,0.0,0,0,2026-08-24
NIFTY,2028-12-26,16500.0,CE,0.0,0.0,0.0,12176.65,10088.26,0,0.0,0,0,2026-08-24
NIFTY,2027-03-30,22500.0,CE,2766.0,2766.0,2680.0,2700.0,2700.0,29,47509813.0,6175,-130,2026-08-24
NIFTY,2026-12-29,34500.0,CE,0.0,0.0,0.0,4.9,0.2,0,0.0,975,0,2026-08-24
NIFTY,2026-12-29,18000.0,CE,0.0,0.0,0.0,6570.45,6624.25,0,0.0,1690,0,2026-08-24
NIFTY,2026-10-27,26350.0,CE,0.0,0.0,0.0,194.1,125.23,0,0.0,0,0,2026-08-24
NIFTY,2026-10-27,26250.0,CE,0.0,0.0,0.0,210.65,139.2,0,0.0,0,0,2026-08-24
NIFTY,2026-10-27,25200.0,CE,148.95,148.95,119.2,122.3,122.3,1993,3280744584.0,231595,27365,2026-08-24
NIFTY,2026-10-27,24550.0,CE,408.25,413.0,343.0,352.0,352.0,91,147480378.5,5395,0,2026-08-24
NIFTY,2026-10-27,23150.0,CE,0.0,0.0,0.0,1510.7,1516.12,0,0.0,0,0,2026-08-24
NIFTY,2026-10-27,22750.0,CE,0.0,0.0,0.0,1805.4,1840.98,0,0.0,0,0,2026-08-24
NIFTY,2026-10-27,22450.0,CE,0.0,0.0,0.0,2042.45,2100.24,0,0.0,0,0,2026-08-24
NIFTY,2026-10-27,22250.0,CE,2250.0,2280.0,2180.0,2180.0,2279.15,33,52528450.0,3965,2145,2026-08-24
NIFTY,2026-08-25,23900.0,CE,425.0,446.2,280.8,307.6,307.6,41005,64554167216.5,406445,133055,2026-08-24
NIFTY,2026-08-25,25400.0,CE,0.55,0.85,0.35,0.55,0.55,384042,634068574815.0,2080455,-2465515,2026-08-24
NIFTY,2026-08-25,25500.0,CE,0.75,0.95,0.4,0.7,0.7,384909,638002624801.75,7186985,-1769690,2026-08-24
NIFTY,2026-08-25,25800.0,CE,0.45,0.75,0.3,0.4,0.4,83033,139249038714.5,666705,-753610,2026-08-24
NIFTY,2026-08-25,26550.0,CE,0.6,0.65,0.2,0.3,0.3,2443,4216072116.75,21840,2535,2026-08-24
NIFTY,2026-09-01,22300.0,CE,0.0,0.0,0.0,2078.55,1948.73,0,0.0,0,0,2026-08-24
NIFTY,2026-09-01,22800.0,CE,0.0,0.0,0.0,1629.4,1450.31,0,0.0,0,0,2026-08-24
NIFTY,2026-09-01,22950.0,CE,0.0,0.0,0.0,1501.8,1301.73,0,0.0,0,0,2026-08-24
NIFTY,2026-09-01,24650.0,CE,37.0,37.0,18.0,20.9,20.9,54531,87458248848.75,718380,304590,2026-08-24
NIFTY,2026-09-01,25100.0,CE,4.45,4.65,3.55,4.05,4.05,63155,103053881287.5,1073995,394095,2026-08-24
NIFTY,2026-09-01,25300.0,CE,3.15,3.2,2.2,2.85,2.85,57631,94784387805.25,1156415,786630,2026-08-24
NIFTY,2026-09-01,25600.0,CE,2.4,2.4,1.55,1.85,1.85,31390,52236699609.25,760760,643110,2026-08-24
NIFTY,2026-09-01,26150.0,CE,0.95,1.25,0.9,1.0,1.0,204,346762276.25,8905,5850,2026-08-24
NIFTY,2026-09-01,26200.0,CE,0.9,1.25,0.75,0.9,0.9,804,1369260662.25,31460,3315,2026-08-24
NIFTY,2026-09-01,26700.0,CE,1.15,1.15,0.7,0.75,0.75,54,93719886.0,10075,390,2026-08-24
NIFTY,2026-09-08,22350.0,CE,0.0,0.0,0.0,2406.1,1926.24,0,0.0,0,0,2026-08-24
NIFTY,2026-09-08,23200.0,CE,0.0,0.0,0.0,984.8,1107.05,0,0.0,195,0,2026-08-24
NIFTY,2026-09-08,23450.0,CE,0.0,0.0,0.0,1396.6,886.73,0,0.0,0,0,2026-08-24
NIFTY,2026-09-08,23600.0,CE,717.7,717.7,662.55,686.1,686.1,6,9468543.5,1690,195,2026-08-24
NIFTY,2026-09-08,24600.0,CE,97.1,97.15,57.15,62.35,62.35,11870,19032119366.0,446550,237510,2026-08-24
NIFTY,2026-09-08,25150.0,CE,0.0,0.0,0.0,343.0,59.67,0,0.0,0,0,2026-08-24
NIFTY,2026-09-08,25950.0,CE,3.4,4.35,2.3,2.6,6.75,16,26991194.75,1105,-65,2026-08-24
NIFTY,2026-09-15,22450.0,CE,0.0,0.0,0.0,2169.4,1859.21,0,0.0,0,0,2026-08-24
NIFTY,2026-09-15,24550.0,CE,158.4,158.45,108.45,114.25,114.25,352,564439031.0,18590,7410,2026-08-24
NIFTY,2026-09-15,25700.0,CE,0.0,0.0,0.0,144.0,37.14,0,0.0,0,0,2026-08-24
NIFTY,2026-09-22,23300.0,CE,0.0,0.0,0.0,1128.6,1131.28,0,0.0,0,0,2026-08-24
NIFTY,2026-09-22,24400.0,CE,274.0,274.0,205.25,220.2,220.2,210,336074742.25,7410,5850,2026-08-24
NIFTY,2026-09-22,25150.0,CE,0.0,0.0,0.0,185.6,156.99,0,0.0,0,0,2026-08-24
NIFTY,2026-09-29,15000.0,CE,0.0,0.0,0.0,10499.3,9315.49,0,0.0,0,0,2026-08-24
NIFTY,2026-09-29,18000.0,CE,0.0,0.0,0.0,6340.0,6334.78,0,0.0,1365,0,2026-08-24
NIFTY,2026-09-29,22300.0,CE,0.0,0.0,0.0,1833.95,2082.12,0,0.0,195,0,2026-08-24
NIFTY,2026-09-29,22350.0,CE,0.0,0.0,0.0,1788.15,2034.7,0,0.0,195,0,2026-08-24
NIFTY,2026-09-29,23200.0,CE,1268.0,1268.0,1137.65,1159.75,1159.75,375,594502821.25,23985,9880,2026-08-24
NIFTY,2026-09-29,23400.0,CE,1100.05,1100.05,960.0,988.15,988.15,399,632549723.0,26650,22555,2026-08-24
NIFTY,2026-09-29,18000.0,PE,2.45,5.6,2.0,2.55,2.55,622,727865534.5,1000090,-910,2026-08-24
NIFTY,2026-09-22,25150.0,PE,0.0,0.0,0.0,1035.2,966.94,0,0.0,0,0,2026-08-24
NIFTY,2026-09-22,24550.0,PE,0.0,0.0,0.0,629.0,559.69,0,0.0,0,0,2026-08-24
NIFTY,2026-09-22,24200.0,PE,180.0,232.4,163.15,214.45,214.45,267,423580917.5,9945,6890,2026-08-24
NIFTY,2026-09-22,24100.0,PE,134.7,190.75,134.7,177.35,177.35,100,157716812.5,12220,2015,2026-08-24
NIFTY,2026-09-15,25850.0,PE,0.0,0.0,0.0,1345.95,1563.38,0,0.0,0,0,2026-08-24
NIFTY,2026-09-15,24950.0,PE,0.0,0.0,0.0,689.2,792.57,0,0.0,0,0,2026-08-24
NIFTY,2026-09-15,24050.0,PE,96.4,148.6,92.65,132.0,132.0,172,270285164.5,5135,2470,2026-08-24
NIFTY,2026-09-15,23900.0,PE,81.1,105.0,63.0,92.5,92.5,3073,4792528100.75,174070,149500,2026-08-24
NIFTY,2026-09-15,23500.0,PE,30.5,40.2,22.05,33.55,33.55,2963,4532041868.25,84045,11375,2026-08-24
NIFTY,2026-09-15,23050.0,PE,0.0,0.0,0.0,58.25,40.46,0,0.0,0,0,2026-08-24
NIFTY,2026-09-08,25650.0,PE,0.0,0.0,0.0,1079.4,1383.51,0,0.0,0,0,2026-08-24
NIFTY,2026-09-08,23650.0,PE,17.8,34.95,17.8,28.8,28.8,1073,1651401102.0,46345,13260,2026-08-24
NIFTY,2026-09-08,22950.0,PE,6.0,9.45,6.0,7.65,7.65,68,101472400.25,2990,1170,2026-08-24
NIFTY,2026-09-08,22700.0,PE,5.0,6.5,4.8,5.65,5.65,206,304025588.75,21125,6500,2026-08-24
NIFTY,2026-09-08,22450.0,PE,4.7,5.7,3.85,4.8,4.8,59,86113878.5,1820,-1040,2026-08-24
NIFTY,2026-09-08,22400.0,PE,4.35,5.0,3.65,4.8,4.8,566,824267346.5,46605,13715,2026-08-24
NIFTY,2026-09-01,27150.0,PE,0.0,0.0,0.0,2789.8,2894.85,0,0.0,0,0,2026-08-24
NIFTY,2026-09-01,26400.0,PE,0.0,0.0,0.0,2081.0,2145.88,0,0.0,0,0,2026-08-24
NIFTY,2026-09-01,26000.0,PE,1638.5,1783.0,1627.65,1753.7,1753.7,1151,2075210585.5,105950,66820,2026-08-24
NIFTY,2026-09-01,25050.0,PE,746.25,827.0,714.2,827.0,822.29,15,25200428.5,780,130,2026-08-24
NIFTY,2026-09-01,24450.0,PE,189.25,295.45,175.4,268.0,268.0,4962,7959721038.75,98475,36985,2026-08-24
NIFTY,2026-09-01,24000.0,PE,40.0,66.7,22.0,54.2,54.2,169825,265462823278.25,2165345,513370,2026-08-24
NIFTY,2026-09-01,23350.0,PE,3.85,6.85,3.85,5.7,5.7,12773,19390765186.0,172770,80340,2026-08-24
NIFTY,2026-09-01,23300.0,PE,5.0,6.1,3.55,5.35,5.35,52386,79355179484.75,959010,489580,2026-08-24
NIFTY,2026-09-01,23250.0,PE,5.05,5.7,3.45,5.05,5.05,6452,9752528948.5,151450,5850,2026-08-24
NIFTY,2026-09-01,22150.0,PE,2.65,2.7,1.7,2.35,2.35,158,227504069.0,5850,910,2026-08-24
NIFTY,2026-09-01,22100.0,PE,2.35,2.5,1.7,2.15,2.15,9272,13320565976.25,287040,167830,2026-08-24
NIFTY,2026-09-01,22050.0,PE,1.85,2.9,1.7,2.3,2.3,189,270911260.75,6890,2795,2026-08-24
NIFTY,2026-08-25,26200.0,PE,1868.5,2048.8,1868.5,2003.25,2003.25,451,826359716.0,20020,-20605,2026-08-24
NIFTY,2026-08-25,25100.0,PE,779.7,923.6,757.7,899.55,899.55,359,605577050.0,73710,-10335,2026-08-24
NIFTY,2026-08-25,24450.0,PE,187.25,282.0,126.25,253.55,253.55,316866,507257241783.5,481650,-82355,2026-08-24
NIFTY,2026-08-25,23550.0,PE,2.8,2.8,1.0,1.25,1.25,219019,335283497211.0,1520610,-244270,2026-08-24
NIFTY,2026-08-25,23400.0,PE,2.35,2.35,0.7,0.9,0.9,488390,742876657045.25,3180840,-866190,2026-08-24
NIFTY,2026-08-25,23200.0,PE,1.8,1.8,0.5,0.65,0.65,274468,413913552068.25,2328690,-1577420,2026-08-24
NIFTY,2026-08-25,22150.0,PE,0.9,0.9,0.15,0.2,0.2,12181,17537855975.25,285545,-23985,2026-08-24
NIFTY,2026-08-25,21800.0,PE,0.55,0.8,0.1,0.15,0.15,11752,16652795757.0,193765,-152360,2026-08-24
NIFTY,2026-08-25,21450.0,PE,0.6,0.65,0.1,0.15,0.15,1010,1408208837.75,41665,-8580,2026-08-24
NIFTY,2031-06-24,31500.0,CE,0.0,0.0,0.0,3928.35,4017.57,0,0.0,0,0,2026-08-24
NIFTY,2030-12-31,28500.0,CE,0.0,0.0,0.0,5968.3,4666.3,0,0.0,0,0,2026-08-24
NIFTY,2030-12-31,16500.0,CE,0.0,0.0,0.0,13763.55,11863.62,0,0.0,0,0,2026-08-24
NIFTY,2030-06-25,31500.0,CE,0.0,0.0,0.0,3984.8,2945.05,0,0.0,0,0,2026-08-24
NIFTY,2030-06-25,18000.0,CE,0.0,0.0,0.0,12423.9,10317.48,0,0.0,0,0,2026-08-24
NIFTY,2029-12-24,28500.0,CE,0.0,0.0,0.0,4802.1,3487.1,0,0.0,0,0,2026-08-24
NIFTY,2029-12-24,16500.0,CE,0.0,0.0,0.0,12984.85,10996.38,0,0.0,0,0,2026-08-24
NIFTY,2029-06-26,33000.0,CE,0.0,0.0,0.0,4179.45,1502.78,0,0.0,0,0,2026-08-24
NIFTY,2029-06-26,21000.0,CE,0.0,0.0,0.0,9799.75,7097.43,0,0.0,0,0,2026-08-24
NIFTY,2029-06-26,18000.0,CE,0.0,0.0,0.0,11678.65,9353.72,0,0.0,0,0,2026-08-24
NIFTY,2028-06-27,19500.0,CE,0.0,0.0,0.0,9209.1,7059.19,0,0.0,0,0,2026-08-24
NIFTY,2027-12-28,33000.0,CE,0.0,0.0,0.0,120.0,303.21,0,0.0,3510,0,2026-08-24
NIFTY,2027-06-29,33000.0,CE,0.0,0.0,0.0,1122.75,76.31,0,0.0,0,0,2026-08-24
NIFTY,2027-06-29,25500.0,CE,0.0,0.0,0.0,970.0,1489.88,0,0.0,65,0,2026-08-24
NIFTY,2026-12-29,22500.0,CE,2360.0,2360.0,2264.85,2274.1,2274.1,16,25782126.5,16510,130,2026-08-24
NIFTY,2026-12-29,16000.0,CE,0.0,0.0,0.0,8178.15,8579.03,0,0.0,245,0,2026-08-24
NIFTY,2026-10-27,27200.0,CE,0.0,0.0,0.0,92.4,47.29,0,0.0,0,0,2026-08-24
NIFTY,2026-10-27,25650.0,CE,63.95,63.95,50.05,55.75,55.75,65,108608077.5,13715,260,2026-08-24
NIFTY,2026-10-27,25150.0,CE,0.0,0.0,0.0,479.95,394.04,0,0.0,0,0,2026-08-24
NIFTY,2026-10-27,25050.0,CE,0.0,0.0,0.0,424.0,428.48,0,0.0,1365,0,2026-08-24
NIFTY,2026-10-27,23050.0,CE,1446.75,1446.75,1446.75,1446.75,1594.84,1,1592288.75,65,0,2026-08-24
NIFTY,2026-10-27,23000.0,CE,1588.95,1590.7,1460.05,1483.9,1483.9,200,318517602.0,18850,5070,2026-08-24
NIFTY,2026-09-29,27050.0,CE,3.3,3.3,2.55,2.95,2.95,24,42202563.0,2795,130,2026-08-24
NIFTY,2026-09-29,26150.0,CE,0.0,0.0,0.0,215.05,49.92,0,0.0,0,0,2026-08-24
NIFTY,2026-09-29,25100.0,CE,62.9,65.15,47.95,50.55,50.55,15350,25096446570.0,716625,204165,2026-08-24
NIFTY,2026-09-29,23800.0,CE,735.35,742.85,628.0,648.6,648.6,699,1111583596.5,73905,7670,2026-08-24
NIFTY,2026-09-29,23550.0,CE,0.0,0.0,0.0,923.55,1003.24,0,0.0,1235,0,2026-08-24
NIFTY,2026-09-29,23250.0,CE,0.0,0.0,0.0,1565.2,1234.81,0,0.0,390,0,2026-08-24
NIFTY,2026-09-29,22400.0,CE,0.0,0.0,0.0,1741.4,1987.49,0,0.0,195,0,2026-08-24
NIFTY,2026-09-29,22250.0,CE,0.0,0.0,0.0,2117.8,2129.74,0,0.0,0,0,2026-08-24
NIFTY,2026-09-29,22150.0,CE,0.0,0.0,0.0,2200.35,2225.53,0,0.0,0,0,2026-08-24
NIFTY,2026-09-22,25950.0,CE,0.0,0.0,0.0,58.4,42.28,0,0.0,0,0,2026-08-24
NIFTY,2026-09-22,25850.0,CE,0.0,0.0,0.0,68.3,50.64,0,0.0,0,0,2026-08-24
NIFTY,2026-09-22,25450.0,CE,0.0,0.0,0.0,123.25,99.41,0,0.0,0,0,2026-08-24
NIFTY,2026-09-22,24900.0,CE,0.0,0.0,0.0,252.05,222.55,0,0.0,0,0,2026-08-24
NIFTY,2026-09-22,23950.0,CE,498.95,498.95,488.95,488.95,658.41,2,3177713.5,65,65,2026-08-24
NIFTY,2026-09-22,23750.0,CE,0.0,0.0,0.0,802.85,790.05,0,0.0,0,0,2026-08-24
NIFTY,2026-09-22,23150.0,CE,0.0,0.0,0.0,1248.7,1256.67,0,0.0,0,0,2026-08-24
NIFTY,2026-09-22,23100.0,CE,0.0,0.0,0.0,1289.85,1299.56,0,0.0,0,0,2026-08-24
NIFTY,2026-09-22,23000.0,CE,0.0,0.0,0.0,1373.75,1386.81,0,0.0,0,0,2026-08-24
NIFTY,2026-09-22,22850.0,CE,0.0,0.0,0.0,1503.15,1521.03,0,0.0,0,0,2026-08-24
NIFTY,2026-09-22,22650.0,CE,0.0,0.0,0.0,1681.55,1705.21,0,0.0,0,0,2026-08-24
NIFTY,2026-09-22,22500.0,CE,0.0,0.0,0.0,1819.0,1846.48,0,0.0,0,0,2026-08-24
NIFTY,2026-09-22,22450.0,CE,0.0,0.0,0.0,1865.4,1894.07,0,0.0,0,0,2026-08-24
NIFTY,2026-09-15,26150.0,CE,4.65,4.65,4.65,4.65,4.65,10,17000522.5,1235,0,2026-08-24
NIFTY,2026-09-15,24350.0,CE,250.55,258.35,189.6,194.9,194.9,116,185190547.75,10855,3835,2026-08-24
NIFTY,2026-09-15,24000.0,CE,482.85,502.2,393.25,408.2,408.2,500,793738926.5,35880,7800,2026-08-24
NIFTY,2026-09-15,23400.0,CE,0.0,0.0,0.0,1312.7,991.29,0,0.0,0,0,2026-08-24
NIFTY,2026-09-08,26350.0,CE,1.25,3.2,1.25,1.7,1.7,84,143881959.0,4160,-65,2026-08-24
NIFTY,2026-09-08,25500.0,CE,6.2,6.95,4.1,4.5,4.5,3585,5943240000.75,105885,67990,2026-08-24
NIFTY,2026-09-08,24550.0,CE,109.95,111.55,69.45,75.5,75.5,1530,2449771538.5,43680,9230,2026-08-24
NIFTY,2026-09-08,23100.0,CE,0.0,0.0,0.0,1701.65,1199.1,0,0.0,0,0,2026-08-24
NIFTY,2026-09-01,27100.0,CE,0.9,1.15,0.7,0.85,0.85,144,253664534.5,8645,5005,2026-08-24
NIFTY,2026-09-01,26450.0,CE,1.65,1.65,0.8,0.85,0.85,86,147860527.75,2470,780,2026-08-24
NIFTY,2026-09-01,26050.0,CE,0.95,1.2,0.9,0.95,0.95,300,507995582.25,7670,3640,2026-08-24
NIFTY,2026-09-01,25250.0,CE,2.9,3.5,2.3,3.0,3.0,7800,12803243271.0,91455,63050,2026-08-24
NIFTY,2026-09-01,24550.0,CE,64.95,64.95,30.7,35.5,35.5,54986,87887233177.25,870675,615615,2026-08-24
NIFTY,2026-09-01,23850.0,CE,520.0,529.85,394.2,418.15,418.15,487,768336913.5,17095,11115,2026-08-24
NIFTY,2026-09-01,22750.0,CE,0.0,0.0,0.0,1672.8,1500.0,0,0.0,0,0,2026-08-24
NIFTY,2026-09-01,22500.0,CE,1631.9,1849.1,1631.9,1737.6,1737.6,77,121220375.25,9945,4615,2026-08-24
NIFTY,2026-08-25,27000.0,CE,0.35,0.45,0.2,0.4,0.4,10820,18989348553.5,242840,50895,2026-08-24
NIFTY,2026-08-25,26650.0,CE,0.55,0.9,0.25,0.3,0.3,1963,3400461041.25,18720,-1755,2026-08-24
NIFTY,2026-08-25,25750.0,CE,0.6,0.8,0.4,0.45,0.45,29730,49761591304.75,427570,-251615,2026-08-24
NIFTY,2026-08-25,25000.0,CE,1.0,1.65,0.85,1.15,1.15,1199435,1949172075279.0,12495665,745485,2026-08-24
NIFTY,2026-08-25,24750.0,CE,2.45,2.65,1.35,1.85,1.85,817043,1314516764830.75,3398980,100555,2026-08-24
NIFTY,2026-08-25,24600.0,CE,4.5,5.4,1.8,2.9,2.9,1980006,3166405940256.0,10121410,1624870,2026-08-24
NIFTY,2026-08-25,24550.0,CE,7.4,9.85,2.3,3.6,3.6,1478527,2359738759020.5,6433960,1513265,2026-08-24
NIFTY,2026-08-25,24000.0,CE,320.0,346.6,188.5,211.5,211.5,416597,656053721921.0,5237570,-617695,2026-08-24
NIFTY,2026-08-25,23700.0,CE,640.0,645.35,476.75,506.55,506.55,3655,5753481665.75,98215,-73060,2026-08-24
NIFTY,2026-08-25,23550.0,CE,789.95,794.2,628.85,655.4,655.4,180,283672096.5,12675,-455,2026-08-24
NIFTY,2026-08-25,23350.0,CE,950.0,950.0,795.25,795.25,872.93,49,77147073.25,2275,-195,2026-08-24
NIFTY,2026-08-25,23250.0,CE,998.55,998.55,949.65,952.0,972.92,20,31488008.5,2080,0,2026-08-24
NIFTY,2026-08-25,23100.0,CE,1240.0,1240.0,1088.0,1109.0,1122.89,22,34659667.25,3315,-910,2026-08-24
NIFTY,2026-08-25,22750.0,CE,0.0,0.0,0.0,1568.35,1472.83,0,0.0,455,0,2026-08-24
NIFTY,2026-08-25,21950.0,CE,0.0,0.0,0.0,2408.05,2272.7,0,0.0,0,0,2026-08-24
NIFTY,2026-08-25,21850.0,CE,0.0,0.0,0.0,2494.1,2372.68,0,0.0,0,0,2026-08-24
NIFTY,2030-06-25,33000.0,PE,0.0,0.0,0.0,3143.9,3940.6,0,0.0,0,0,2026-08-24
NIFTY,2030-06-25,19500.0,PE,0.0,0.0,0.0,64.95,192.36,0,0.0,0,0,2026-08-24
NIFTY,2030-06-25,16500.0,PE,0.0,0.0,0.0,12.0,48.76,0,0.0,0,0,2026-08-24
NIFTY,2029-06-26,31500.0,PE,0.0,0.0,0.0,2443.35,3825.48,0,0.0,0,0,2026-08-24
NIFTY,2029-06-26,21000.0,PE,0.0,0.0,0.0,320.25,317.48,0,0.0,0,0,2026-08-24
NIFTY,2028-12-26,33000.0,PE,0.0,0.0,0.0,3315.4,5144.09,0,0.0,0,0,2026-08-24
NIFTY,2028-12-26,25000.0,PE,1005.0,1005.0,1005.0,1005.0,1005.0,1,1690325.0,6075,0,2026-08-24
NIFTY,2028-12-26,18000.0,PE,0.0,0.0,0.0,250.0,67.71,0,0.0,75,0,2026-08-24
NIFTY,2028-06-27,21000.0,PE,0.0,0.0,0.0,907.2,268.24,0,0.0,0,0,2026-08-24
NIFTY,2027-12-28,22000.0,PE,319.55,328.0,310.0,328.0,328.0,20,29018171.0,42790,-65,2026-08-24
NIFTY,2027-12-28,15000.0,PE,0.0,0.0,0.0,21.7,1.3,0,0.0,755,0,2026-08-24
NIFTY,2027-06-29,31500.0,PE,0.0,0.0,0.0,3604.7,5737.08,0,0.0,0,0,2026-08-24
NIFTY,2027-06-29,24000.0,PE,529.0,533.7,517.2,517.2,517.2,11,17537880.75,19500,455,2026-08-24
NIFTY,2027-03-30,31500.0,PE,0.0,0.0,0.0,7066.15,6125.73,0,0.0,0,0,2026-08-24
NIFTY,2027-03-30,30000.0,PE,0.0,0.0,0.0,4623.7,4756.43,0,0.0,3055,0,2026-08-24
NIFTY,2027-03-30,25500.0,PE,912.9,1000.0,908.65,981.7,981.7,585,1006637157.5,185770,6565,2026-08-24
NIFTY,2026-12-29,28500.0,PE,0.0,0.0,0.0,3320.25,3720.41,0,0.0,130,0,2026-08-24
NIFTY,2026-12-29,25000.0,PE,686.95,747.0,651.15,725.85,725.85,3453,5771129123.5,2021890,-62085,2026-08-24
NIFTY,2026-12-29,19500.0,PE,28.25,30.35,27.1,28.95,28.95,413,524256096.0,143455,10010,2026-08-24
NIFTY,2026-10-27,26700.0,PE,0.0,0.0,0.0,2458.1,2261.75,0,0.0,0,0,2026-08-24
NIFTY,2026-10-27,26350.0,PE,0.0,0.0,0.0,2163.0,1955.74,0,0.0,0,0,2026-08-24
NIFTY,2026-10-27,26200.0,PE,0.0,0.0,0.0,2040.5,1828.87,0,0.0,0,0,2026-08-24
NIFTY,2026-10-27,22500.0,PE,32.05,37.8,29.85,35.8,35.8,3347,4902687653.5,427180,33735,2026-08-24
NIFTY,2026-09-29,26700.0,PE,0.0,0.0,0.0,2560.85,2328.74,0,0.0,0,0,2026-08-24
NIFTY,2026-09-29,25350.0,PE,1030.0,1032.0,1023.0,1026.6,1026.6,15,25717185.0,1040,975,2026-08-24
NIFTY,2026-09-29,25150.0,PE,738.95,738.95,738.35,738.35,977.34,3,5048303.0,1560,130,2026-08-24
NIFTY,2026-09-29,24350.0,PE,225.0,325.0,225.0,304.25,304.25,2991,4793188565.75,178815,134680,2026-08-24
NIFTY,2026-09-29,23850.0,PE,104.95,142.15,99.9,131.85,131.85,685,1067265959.5,58565,11115,2026-08-24
NIFTY,2026-09-29,23300.0,PE,43.1,54.15,39.2,49.6,49.6,7620,11563135597.0,711165,26585,2026-08-24
NIFTY,2026-09-15,25600.0,CE,0.0,0.0,0.0,164.3,45.75,0,0.0,0,0,2026-08-24
NIFTY,2026-09-22,22950.0,CE,0.0,0.0,0.0,1416.4,1431.13,0,0.0,0,0,2026-08-24
NIFTY,2026-09-22,23250.0,CE,0.0,0.0,0.0,1168.05,1172.51,0,0.0,0,0,2026-08-24
NIFTY,2026-09-22,23650.0,CE,0.0,0.0,0.0,870.3,860.74,0,0.0,0,0,2026-08-24
NIFTY,2026-09-22,23800.0,CE,0.0,0.0,0.0,770.25,755.9,0,0.0,0,0,2026-08-24
NIFTY,2026-09-22,24100.0,CE,455.7,456.45,371.75,393.5,393.5,95,151255003.25,10270,1235,2026-08-24
NIFTY,2026-09-22,24800.0,CE,0.0,0.0,0.0,283.8,254.02,0,0.0,0,0,2026-08-24
NIFTY,2026-09-22,25000.0,CE,0.0,0.0,0.0,223.05,194.11,0,0.0,0,0,2026-08-24
NIFTY,2026-09-22,25750.0,CE,0.0,0.0,0.0,79.6,60.37,0,0.0,0,0,2026-08-24
NIFTY,2031-06-24,21000.0,PE,0.0,0.0,0.0,450.5,323.78,0,0.0,0,0,2026-08-24
NIFTY,2030-06-25,31500.0,PE,0.0,0.0,0.0,2056.3,3233.01,0,0.0,0,0,2026-08-24
NIFTY,2028-12-26,20000.0,PE,0.0,0.0,0.0,279.0,193.04,0,0.0,3875,0,2026-08-24
NIFTY,2028-06-27,16500.0,PE,0.0,0.0,0.0,3.8,16.07,0,0.0,0,0,2026-08-24
NIFTY,2027-12-28,23000.0,PE,450.05,464.0,450.05,458.8,458.8,41,62517533.0,51520,1560,2026-08-24
NIFTY,2027-06-29,30000.0,PE,0.0,0.0,0.0,4000.0,4457.22,0,0.0,455,0,2026-08-24
NIFTY,2027-06-29,28500.0,PE,0.0,0.0,0.0,1807.05,3278.06,0,0.0,0,0,2026-08-24
NIFTY,2027-03-30,15000.0,PE,20.0,20.0,18.0,18.0,0.01,3,2928770.0,1105,195,2026-08-24
NIFTY,2026-12-29,29000.0,PE,4010.0,4157.3,4010.0,4104.7,4104.7,56,120507010.0,215295,910,2026-08-24
NIFTY,2026-12-29,27000.0,PE,2104.85,2263.05,2104.85,2232.0,2232.0,600,1140056190.0,938315,21645,2026-08-24
NIFTY,2026-12-29,22500.0,PE,90.0,103.0,87.05,98.8,98.8,3302,4849829400.0,941590,-10010,2026-08-24
NIFTY,2026-12-29,17000.0,PE,14.2,15.0,13.15,14.7,14.7,51,56403031.75,185910,-260,2026-08-24
NIFTY,2026-10-27,27100.0,PE,0.0,0.0,0.0,2808.9,2625.36,0,0.0,0,0,2026-08-24
NIFTY,2026-10-27,27050.0,PE,0.0,0.0,0.0,2764.35,2579.23,0,0.0,0,0,2026-08-24
NIFTY,2026-10-27,26800.0,PE,0.0,0.0,0.0,2544.55,2351.42,0,0.0,0,0,2026-08-24
NIFTY,2026-10-27,26650.0,PE,0.0,0.0,0.0,2415.2,2217.26,0,0.0,0,0,2026-08-24
NIFTY,2026-10-27,26450.0,PE,0.0,0.0,0.0,2246.05,2041.82,0,0.0,0,0,2026-08-24
NIFTY,2026-10-27,25850.0,PE,0.0,0.0,0.0,1093.8,1544.77,0,0.0,65,0,2026-08-24
NIFTY,2026-10-27,25550.0,PE,0.0,0.0,0.0,901.9,1316.37,0,0.0,130,0,2026-08-24
NIFTY,2026-10-27,24500.0,PE,372.75,446.95,357.35,425.4,425.4,3570,5779214987.0,487825,37830,2026-08-24
NIFTY,2026-10-27,24400.0,PE,330.1,395.75,318.35,379.8,379.8,510,820849883.75,58760,1235,2026-08-24
NIFTY,2026-10-27,24350.0,PE,299.05,313.85,299.05,313.85,585.89,7,11218935.0,3770,390,2026-08-24
NIFTY,2026-10-27,23850.0,PE,0.0,0.0,0.0,569.9,379.05,0,0.0,0,0,2026-08-24
NIFTY,2026-10-27,23550.0,PE,0.0,0.0,0.0,454.95,282.4,0,0.0,0,0,2026-08-24
NIFTY,2026-10-27,22700.0,PE,41.0,44.9,35.5,41.9,41.9,266,393180443.5,47060,4160,2026-08-24
NIFTY,2026-10-27,22550.0,PE,0.0,0.0,0.0,46.6,86.35,0,0.0,715,0,2026-08-24
NIFTY,2026-09-29,27050.0,PE,0.0,0.0,0.0,2869.35,2667.11,0,0.0,0,0,2026-08-24
NIFTY,2026-09-29,26500.0,PE,2017.15,2177.35,2017.15,2143.4,2143.4,7741,14400622346.5,773760,439205,2026-08-24
NIFTY,2026-09-29,26200.0,PE,1729.95,1883.0,1729.95,1851.5,1851.5,272,495764678.5,27950,17030,2026-08-24
NIFTY,2026-09-29,25850.0,PE,0.0,0.0,0.0,1859.75,1544.37,0,0.0,0,0,2026-08-24
NIFTY,2026-09-29,24800.0,PE,485.05,597.9,475.5,569.05,569.05,1363,2245436193.0,295165,28080,2026-08-24
NIFTY,2026-09-29,24450.0,PE,294.15,377.55,282.55,353.15,353.15,436,702044993.0,26715,455,2026-08-24
NIFTY,2026-09-29,23650.0,PE,72.45,99.0,69.95,92.25,92.25,713,1100100524.25,63960,13585,2026-08-24
NIFTY,2026-09-29,23600.0,PE,69.6,91.2,63.95,83.7,83.7,6570,10112180536.25,541905,5980,2026-08-24
NIFTY,2026-09-29,23000.0,PE,27.45,33.85,25.3,30.95,30.95,19544,29256070161.5,3847285,79395,2026-08-24
NIFTY,2026-09-29,22900.0,PE,22.85,29.0,22.5,26.45,26.45,3038,4527004043.25,326040,25740,2026-08-24
NIFTY,2026-09-22,23650.0,PE,0.0,0.0,0.0,228.6,177.9,0,0.0,0,0,2026-08-24
NIFTY,2026-09-22,23550.0,PE,0.0,0.0,0.0,199.5,152.32,0,0.0,0,0,2026-08-24
NIFTY,2026-09-22,23500.0,PE,0.0,0.0,0.0,187.05,140.54,0,0.0,0,0,2026-08-24
NIFTY,2026-09-22,23400.0,PE,0.0,0.0,0.0,161.3,119.03,0,0.0,0,0,2026-08-24
NIFTY,2026-09-22,22650.0,PE,0.0,0.0,0.0,45.6,27.19,0,0.0,0,0,2026-08-24
NIFTY,2026-09-22,22400.0,PE,0.0,0.0,0.0,27.65,15.04,0,0.0,0,0,2026-08-24
NIFTY,2026-09-15,26150.0,PE,0.0,0.0,0.0,1603.05,1848.86,0,0.0,0,0,2026-08-24
NIFTY,2026-09-15,25500.0,PE,0.0,0.0,0.0,1068.3,1243.82,0,0.0,0,0,2026-08-24
NIFTY,2026-09-15,23000.0,PE,12.25,41.4,9.35,13.6,13.6,10665,15956482301.5,87295,34125,2026-08-24
NIFTY,2026-09-15,22850.0,PE,18.85,18.85,10.4,10.75,10.75,39,57957285.75,715,715,2026-08-24
NIFTY,2026-09-15,22750.0,PE,9.9,9.9,9.8,9.8,19.09,8,11835115.5,1430,325,2026-08-24
NIFTY,2026-09-08,26250.0,PE,0.0,0.0,0.0,1568.65,1968.07,0,0.0,0,0,2026-08-24
NIFTY,2026-09-08,25950.0,PE,0.0,0.0,0.0,1315.0,1673.04,0,0.0,0,0,2026-08-24
NIFTY,2026-09-08,25450.0,PE,0.0,0.0,0.0,931.85,1195.94,0,0.0,0,0,2026-08-24
NIFTY,2026-09-08,24950.0,PE,0.0,0.0,0.0,777.25,762.05,0,0.0,65,0,2026-08-24
NIFTY,2026-09-08,22550.0,PE,5.0,5.35,4.75,5.2,5.2,25,36651910.75,1040,-325,2026-08-24
NIFTY,2026-09-08,22500.0,PE,4.35,5.6,4.1,5.1,5.1,3000,4388438525.25,118430,79170,2026-08-24
NIFTY,2026-09-01,25000.0,PE,659.05,794.6,636.6,761.75,761.75,2160,3611590141.25,181090,80340,2026-08-24
NIFTY,2026-09-01,23900.0,PE,26.0,44.55,17.55,35.3,35.3,97668,151927422270.0,1703845,529165,2026-08-24
NIFTY,2026-09-01,22000.0,PE,2.5,2.55,1.7,1.9,1.9,44168,63166165747.75,3432650,857545,2026-08-24
NIFTY,2026-08-25,25350.0,PE,1045.0,1175.0,1044.9,1146.55,1146.55,26,44741836.75,1235,-325,2026-08-24
NIFTY,2026-08-25,25200.0,PE,861.0,1022.0,860.0,997.8,997.8,489,831400384.75,78390,-15925,2026-08-24
NIFTY,2026-08-25,25000.0,PE,680.0,827.3,658.5,799.15,799.15,15309,25641652419.5,930410,-403390,2026-08-24
NIFTY,2026-08-25,24350.0,PE,99.6,189.8,61.5,163.8,163.8,1717413,2729774010769.0,1784705,-194350,2026-08-24
NIFTY,2026-08-25,22650.0,PE,1.2,1.3,0.25,0.35,0.35,12622,18583263799.75,93535,-62400,2026-08-24
NIFTY,2026-08-25,22200.0,PE,0.7,0.95,0.15,0.2,0.2,17059,24616649710.25,299455,-332800,2026-08-24
NIFTY,2026-08-25,22100.0,PE,0.85,0.85,0.15,0.2,0.2,20872,29983234313.5,232700,-482560,2026-08-24
NIFTY,2026-08-25,21350.0,PE,0.7,0.7,0.1,0.15,0.15,2035,2824108569.75,36920,-21710,2026-08-24
NIFTY,2026-08-25,21200.0,PE,0.3,0.5,0.1,0.15,0.15,53499,73722336337.0,2166450,-565890,2026-08-24
NIFTY,2031-06-24,30000.0,CE,0.0,0.0,0.0,4459.9,4580.77,0,0.0,0,0,2026-08-24
NIFTY,2031-06-24,18000.0,CE,0.0,0.0,0.0,10825.95,11211.66,0,0.0,0,0,2026-08-24
NIFTY,2030-12-31,25500.0,CE,0.0,0.0,0.0,7639.65,6103.71,0,0.0,0,0,2026-08-24
NIFTY,2030-12-31,19500.0,CE,0.0,0.0,0.0,11601.15,9750.05,0,0.0,0,0,2026-08-24
NIFTY,2029-12-24,21000.0,CE,0.0,0.0,0.0,9463.95,7663.34,0,0.0,0,0,2026-08-24
NIFTY,2029-06-26,25500.0,CE,0.0,0.0,0.0,5917.35,4286.9,0,0.0,0,0,2026-08-24
NIFTY,2028-06-27,27000.0,CE,0.0,0.0,0.0,1935.0,2265.12,0,0.0,0,0,2026-08-24
NIFTY,2027-12-28,21000.0,CE,0.0,0.0,0.0,4902.4,5206.59,0,0.0,0,0,2026-08-24
NIFTY,2027-06-29,19500.0,CE,0.0,0.0,0.0,8143.4,5812.83,0,0.0,0,0,2026-08-24
NIFTY,2027-06-29,16500.0,CE,0.0,0.0,0.0,10867.2,8609.18,0,0.0,0,0,2026-08-24
NIFTY,2027-03-30,30000.0,CE,34.05,36.5,33.4,35.3,35.3,136,265508165.0,93730,1235,2026-08-24
NIFTY,2027-03-30,21000.0,CE,4057.75,4057.75,4057.75,4057.75,4116.32,2,3257507.5,975,0,2026-08-24
NIFTY,2026-12-29,25500.0,CE,335.0,335.0,290.0,295.2,295.2,4119,6907902254.5,931645,19825,2026-08-24
NIFTY,2026-12-29,19500.0,CE,0.0,0.0,0.0,7586.85,5162.01,0,0.0,0,0,2026-08-24
NIFTY,2026-10-27,26450.0,CE,0.0,0.0,0.0,178.65,112.45,0,0.0,0,0,2026-08-24
NIFTY,2026-10-27,24600.0,CE,384.0,387.0,322.3,328.9,328.9,755,1224574887.25,55250,8840,2026-08-24
NIFTY,2026-10-27,24100.0,CE,690.0,692.05,600.4,613.7,613.7,223,358602120.5,17485,2275,2026-08-24
NIFTY,2026-10-27,23650.0,CE,0.0,0.0,0.0,1181.9,1151.13,0,0.0,0,0,2026-08-24
NIFTY,2026-10-27,23250.0,CE,0.0,0.0,0.0,1441.3,1439.23,0,0.0,0,0,2026-08-24
NIFTY,2026-10-27,22650.0,CE,0.0,0.0,0.0,1882.95,1926.06,0,0.0,0,0,2026-08-24
NIFTY,2026-09-29,25950.0,CE,0.0,0.0,0.0,50.9,68.4,0,0.0,130,0,2026-08-24
NIFTY,2026-09-29,24300.0,CE,375.0,378.7,301.0,313.4,313.4,29615,47403521350.25,2936310,660790,2026-08-24
NIFTY,2026-09-29,23100.0,CE,1338.1,1352.55,1236.35,1259.5,1259.5,57,90289829.5,4355,2730,2026-08-24
NIFTY,2026-09-29,22850.0,CE,0.0,0.0,0.0,1575.95,1575.04,0,0.0,325,0,2026-08-24
NIFTY,2026-09-29,21950.0,CE,0.0,0.0,0.0,2369.2,2418.93,0,0.0,0,0,2026-08-24
NIFTY,2026-09-29,21600.0,CE,2800.0,2803.25,2680.0,2707.4,2707.4,596,941800346.5,45110,37700,2026-08-24
NIFTY,2026-09-29,21000.0,CE,3425.0,3455.0,3275.0,3302.2,3302.2,256,404809125.5,478660,1625,2026-08-24
NIFTY,2026-08-25,21200.0,CE,3150.0,3150.0,2988.95,3009.75,3009.75,63,99163746.5,4810,-2730,2026-08-24
NIFTY,2026-08-25,21800.0,CE,2510.0,2510.0,2510.0,2510.0,2422.68,1,1580150.0,0,-65,2026-08-24
NIFTY,2026-08-25,23050.0,CE,0.0,0.0,0.0,1088.05,1172.88,0,0.0,390,0,2026-08-24
NIFTY,2026-08-25,23650.0,CE,686.1,686.25,527.45,551.5,551.5,395,621759989.5,29640,-6500,2026-08-24
NIFTY,2026-08-25,23850.0,CE,476.7,494.45,327.95,357.95,357.95,5751,9053785932.75,89505,19500,2026-08-24
NIFTY,2026-08-25,24050.0,CE,290.7,298.05,145.7,167.2,167.2,222799,350841656899.5,781495,208715,2026-08-24
NIFTY,2026-08-25,24400.0,CE,36.2,42.0,7.65,10.75,10.75,3425429,5436323898700.5,13059475,3741595,2026-08-24
NIFTY,2026-08-25,24800.0,CE,1.3,2.45,1.25,1.65,1.65,1134073,1828246892852.25,7471815,266110,2026-08-24
NIFTY,2026-08-25,25300.0,CE,0.8,0.95,0.4,0.6,0.6,451114,741877055650.25,4499625,60840,2026-08-24
NIFTY,2026-08-25,25550.0,CE,0.5,0.8,0.35,0.5,0.5,55173,91630420846.25,481195,-283530,2026-08-24
NIFTY,2026-08-25,26400.0,CE,0.6,0.65,0.3,0.5,0.5,5994,10285872740.0,111670,-57850,2026-08-24
NIFTY,2026-08-25,26450.0,CE,0.6,0.75,0.2,0.35,0.35,1781,3062034215.5,22815,-13650,2026-08-24
NIFTY,2026-08-25,26750.0,CE,0.65,0.85,0.25,0.3,0.3,1187,2063929091.25,14885,-2405,2026-08-24
NIFTY,2026-09-01,22400.0,CE,0.0,0.0,0.0,1986.25,1848.9,0,0.0,0,0,2026-08-24
NIFTY,2026-09-01,22700.0,CE,0.0,0.0,0.0,1716.55,1549.75,0,0.0,0,0,2026-08-24
NIFTY,2026-09-01,23000.0,CE,1360.0,1362.45,1213.0,1242.55,1242.55,313,494271124.75,37700,13195,2026-08-24
NIFTY,2026-09-01,23150.0,CE,0.0,0.0,0.0,1180.0,1105.72,0,0.0,325,0,2026-08-24
NIFTY,2026-09-01,23750.0,CE,620.0,623.55,480.0,506.95,506.95,144,227183849.75,6370,455,2026-08-24
NIFTY,2026-09-01,24500.0,CE,72.0,81.05,39.75,45.3,45.3,164381,262342839469.75,3421730,1342380,2026-08-24
NIFTY,2026-09-01,24750.0,CE,19.5,22.1,10.9,12.2,12.2,66671,107318371332.25,745030,337155,2026-08-24
NIFTY,2026-09-01,25050.0,CE,6.85,6.85,3.9,4.5,4.5,17350,28255224848.5,337740,189605,2026-08-24
NIFTY,2026-09-01,25550.0,CE,2.25,3.8,1.65,2.1,2.1,3496,5806440997.5,124605,-2990,2026-08-24
NIFTY,2026-09-01,26500.0,CE,0.8,1.7,0.7,1.0,1.0,1507,2595895779.75,39845,6175,2026-08-24
NIFTY,2026-09-08,22550.0,CE,0.0,0.0,0.0,2213.6,1728.62,0,0.0,0,0,2026-08-24
NIFTY,2026-09-08,24000.0,CE,441.3,445.0,332.75,353.15,353.15,3150,4987835089.25,117975,38350,2026-08-24
NIFTY,2026-09-08,24450.0,CE,152.0,152.95,98.7,106.0,106.0,2090,3337664284.5,49335,-1560,2026-08-24
NIFTY,2026-09-08,25100.0,CE,20.0,20.05,9.1,10.2,10.2,23810,38863412740.75,254475,38220,2026-08-24
NIFTY,2026-09-08,26300.0,CE,2.0,2.85,1.55,2.0,2.0,225,384671462.5,17485,7345,2026-08-24
NIFTY,2026-09-15,23200.0,CE,0.0,0.0,0.0,1481.9,1160.7,0,0.0,0,0,2026-08-24
NIFTY,2026-09-15,23600.0,CE,0.0,0.0,0.0,784.9,832.84,0,0.0,195,0,2026-08-24
NIFTY,2026-09-15,23900.0,CE,559.25,559.7,467.0,474.65,619.89,14,22202209.25,975,-325,2026-08-24
NIFTY,2026-09-15,24500.0,CE,170.05,176.2,123.5,131.5,131.5,4270,6839563282.5,223405,49465,2026-08-24
NIFTY,2030-06-25,30000.0,PE,0.0,0.0,0.0,2100.85,2593.52,0,0.0,0,0,2026-08-24
NIFTY,2030-12-31,18000.0,PE,0.0,0.0,0.0,32.3,108.64,0,0.0,0,0,2026-08-24
NIFTY,2031-06-24,16500.0,PE,0.0,0.0,0.0,95.65,57.97,0,0.0,0,0,2026-08-24
NIFTY,2026-09-15,22950.0,CE,0.0,0.0,0.0,1703.2,1384.69,0,0.0,0,0,2026-08-24
NIFTY,2026-09-22,23100.0,PE,0.0,0.0,0.0,101.35,69.37,0,0.0,0,0,2026-08-24
NIFTY,2026-09-15,24800.0,PE,0.0,0.0,0.0,601.05,683.22,0,0.0,0,0,2026-08-24
NIFTY,2026-09-15,24750.0,PE,432.0,532.0,432.0,532.0,648.84,6,9846980.0,390,65,2026-08-24
NIFTY,2026-09-15,23450.0,PE,0.0,0.0,0.0,114.05,95.88,0,0.0,0,0,2026-08-24
NIFTY,2026-09-15,22950.0,PE,10.05,15.8,10.0,12.1,12.1,146,217916240.75,5070,130,2026-08-24
NIFTY,2026-09-08,26000.0,PE,0.0,0.0,0.0,1806.0,1721.94,0,0.0,65,0,2026-08-24
NIFTY,2026-09-08,25850.0,PE,0.0,0.0,0.0,1234.05,1575.72,0,0.0,0,0,2026-08-24
NIFTY,2026-09-08,25550.0,PE,0.0,0.0,0.0,1003.8,1289.03,0,0.0,0,0,2026-08-24
NIFTY,2026-08-25,25350.0,CE,0.8,0.9,0.35,0.5,0.5,95365,157141776811.5,731705,251290,2026-08-24
NIFTY,2026-08-25,23150.0,CE,1197.75,1197.75,1047.95,1047.95,1072.9,3,4728730.5,585,-65,2026-08-24
NIFTY,2026-08-25,22900.0,CE,1322.0,1322.0,1300.0,1305.0,1305.0,22,34623182.75,3510,-390,2026-08-24
NIFTY,2026-08-25,22600.0,CE,0.0,0.0,0.0,1689.0,1622.81,0,0.0,2275,0,2026-08-24
NIFTY,2026-08-25,21750.0,CE,0.0,0.0,0.0,2581.2,2472.67,0,0.0,0,0,2026-08-24
NIFTY,2026-08-25,21350.0,CE,0.0,0.0,0.0,2938.85,2872.6,0,0.0,0,0,2026-08-24
NIFTY,2026-09-08,23750.0,CE,0.0,0.0,0.0,613.85,648.5,0,0.0,455,0,2026-08-24
NIFTY,2026-09-08,24150.0,CE,322.75,330.15,237.3,251.9,251.9,2382,3782172875.0,44460,-2665,2026-08-24
NIFTY,2026-09-08,24300.0,CE,229.8,233.3,157.35,168.7,168.7,16736,26633744618.0,591110,315055,2026-08-24
NIFTY,2026-09-15,22400.0,CE,0.0,0.0,0.0,2217.25,1907.87,0,0.0,0,0,2026-08-24
NIFTY,2026-09-15,22750.0,CE,0.0,0.0,0.0,1886.5,1571.22,0,0.0,0,0,2026-08-24
NIFTY,2026-09-15,22850.0,CE,0.0,0.0,0.0,1794.25,1477.27,0,0.0,0,0,2026-08-24
NIFTY,2026-09-15,23300.0,CE,0.0,0.0,0.0,1396.35,1074.75,0,0.0,0,0,2026-08-24
NIFTY,2026-09-15,24150.0,CE,380.1,381.0,296.35,307.45,307.45,205,325960986.0,7150,2145,2026-08-24
NIFTY,2026-09-15,24800.0,CE,0.0,0.0,0.0,416.45,192.84,0,0.0,0,0,2026-08-24
NIFTY,2026-09-15,25450.0,CE,0.0,0.0,0.0,199.7,61.8,0,0.0,0,0,2026-08-24
NIFTY,2026-09-15,25500.0,CE,0.0,0.0,0.0,187.75,56.0,0,0.0,0,0,2026-08-24
NIFTY,2026-09-22,22550.0,CE,0.0,0.0,0.0,1772.85,1799.13,0,0.0,0,0,2026-08-24
NIFTY,2026-09-22,22700.0,CE,0.0,0.0,0.0,1636.35,1658.67,0,0.0,0,0,2026-08-24
NIFTY,2026-09-22,23550.0,CE,0.0,0.0,0.0,940.65,934.68,0,0.0,0,0,2026-08-24
NIFTY,2026-09-22,24350.0,CE,300.15,300.2,245.5,245.5,436.51,13,20817010.5,845,845,2026-08-24
NIFTY,2026-09-29,22600.0,CE,1725.0,1733.6,1709.7,1732.7,1801.13,12,18973509.75,845,585,2026-08-24
NIFTY,2026-09-29,23850.0,CE,662.85,662.85,600.0,615.85,793.6,37,58843265.0,3575,715,2026-08-24
NIFTY,2026-09-29,24950.0,CE,96.0,96.0,69.4,74.6,74.6,1112,1808866595.25,81640,13715,2026-08-24
NIFTY,2026-09-29,25400.0,CE,29.2,30.3,22.35,23.7,23.7,6109,10095659327.0,382070,50700,2026-08-24
NIFTY,2026-09-29,26500.0,CE,4.55,4.9,3.3,3.4,3.4,15730,27098896454.5,882310,366925,2026-08-24
NIFTY,2026-09-29,26650.0,CE,4.1,4.1,3.4,3.75,3.75,20,34649875.0,325,-390,2026-08-24
NIFTY,2026-09-29,28500.0,CE,1.45,1.65,1.05,1.25,1.25,1431,2651042631.25,559910,-1690,2026-08-24
NIFTY,2026-09-29,31500.0,CE,0.0,0.0,0.0,1.4,0.0,0,0.0,15275,0,2026-08-24
NIFTY,2026-10-27,23550.0,CE,0.0,0.0,0.0,1244.0,1219.97,0,0.0,0,0,2026-08-24
NIFTY,2026-10-27,24150.0,CE,569.3,569.3,569.3,569.3,840.52,1,1606754.5,130,65,2026-08-24
NIFTY,2026-10-27,24300.0,CE,565.3,565.3,477.9,487.75,487.75,469,756860858.0,39910,9295,2026-08-24
NIFTY,2026-10-27,24700.0,CE,333.65,334.6,277.15,282.35,282.35,777,1262168758.5,76375,7280,2026-08-24
NIFTY,2026-10-27,26400.0,CE,0.0,0.0,0.0,186.25,118.7,0,0.0,0,0,2026-08-24
NIFTY,2026-10-27,26900.0,CE,10.0,12.0,9.0,10.4,10.4,143,250131592.75,7410,2730,2026-08-24
NIFTY,2026-12-29,33000.0,CE,4.05,4.45,3.65,3.9,3.9,36,77229681.75,104975,-65,2026-08-24
NIFTY,2027-03-30,25500.0,CE,721.0,721.85,662.0,674.1,674.1,1510,2569331225.5,531245,3380,2026-08-24
NIFTY,2027-06-29,22500.0,CE,0.0,0.0,0.0,5539.6,3297.69,0,0.0,0,0,2026-08-24
NIFTY,2027-12-28,19500.0,CE,0.0,0.0,0.0,8684.7,6449.78,0,0.0,0,0,2026-08-24
NIFTY,2027-12-28,27000.0,CE,1170.0,1170.0,1106.0,1125.95,1125.95,72,131634776.0,43315,-455,2026-08-24
NIFTY,2028-06-27,33000.0,CE,0.0,0.0,0.0,2004.15,641.3,0,0.0,0,0,2026-08-24
NIFTY,2029-06-26,16500.0,CE,0.0,0.0,0.0,12587.95,10551.38,0,0.0,0,0,2026-08-24
NIFTY,2030-06-25,27000.0,CE,0.0,0.0,0.0,6972.5,4749.41,0,0.0,0,0,2026-08-24
NIFTY,2031-06-24,19500.0,CE,0.0,0.0,0.0,9840.6,10204.18,0,0.0,0,0,2026-08-24
NIFTY,2031-06-24,25500.0,CE,0.0,0.0,0.0,6409.8,6639.94,0,0.0,0,0,2026-08-24
NIFTY,2026-08-25,21850.0,PE,0.85,0.85,0.15,0.2,0.2,3342,4746563857.75,36530,-11635,2026-08-24
NIFTY,2026-08-25,22250.0,PE,0.8,1.0,0.15,0.2,0.2,10343,14958837182.25,81965,-204620,2026-08-24
NIFTY,2026-08-25,23050.0,PE,1.45,1.5,0.3,0.55,0.55,50946,76332662510.0,189410,-262145,2026-08-24
NIFTY,2026-08-25,23150.0,PE,1.45,1.6,0.5,0.65,0.65,92670,139450670394.75,453375,-849485,2026-08-24
NIFTY,2026-08-25,24400.0,PE,138.4,234.8,90.55,206.5,206.5,1442281,2300945108335.25,2739620,-377585,2026-08-24
NIFTY,2026-08-25,24600.0,PE,279.0,429.0,261.0,398.7,398.7,45390,73552151582.0,659815,-213720,2026-08-24
NIFTY,2026-08-25,27000.0,PE,2710.75,2826.0,2690.0,2796.7,2796.7,76,147121952.25,36530,-4680,2026-08-24
NIFTY,2026-08-25,27150.0,PE,0.0,0.0,0.0,2936.7,2926.44,0,0.0,0,0,2026-08-24
NIFTY,2026-09-01,22450.0,PE,2.55,3.1,2.4,2.9,2.9,1280,1868078117.75,56160,42640,2026-08-24
NIFTY,2026-09-01,23550.0,PE,7.05,10.95,5.2,9.0,9.0,17692,27091636442.0,296335,164060,2026-08-24
NIFTY,2026-09-01,24250.0,PE,102.0,166.75,83.1,144.8,144.8,86530,137106529634.75,887380,327145,2026-08-24
NIFTY,2026-09-01,25700.0,PE,0.0,0.0,0.0,1213.95,1448.39,0,0.0,130,0,2026-08-24
NIFTY,2026-09-01,25850.0,PE,0.0,0.0,0.0,1593.2,1597.34,0,0.0,0,0,2026-08-24
NIFTY,2026-09-01,26450.0,PE,0.0,0.0,0.0,2127.0,2195.81,0,0.0,0,0,2026-08-24
NIFTY,2026-09-01,26500.0,PE,0.0,0.0,0.0,2173.2,2245.73,0,0.0,0,0,2026-08-24
NIFTY,2026-09-01,27200.0,PE,0.0,0.0,0.0,2838.15,2944.79,0,0.0,0,0,2026-08-24
NIFTY,2026-09-08,22350.0,PE,5.65,6.0,3.25,4.85,4.85,161,233940235.75,10335,3705,2026-08-24
NIFTY,2026-09-08,22750.0,PE,4.3,6.9,4.3,5.4,5.4,41,60643339.25,975,845,2026-08-24
NIFTY,2026-09-08,23250.0,PE,0.0,0.0,0.0,68.4,34.8,0,0.0,0,0,2026-08-24
NIFTY,2026-09-08,23600.0,PE,15.8,30.35,15.65,24.3,24.3,20378,31293433528.5,806780,534495,2026-08-24
NIFTY,2026-09-08,24000.0,PE,70.0,102.0,55.0,88.1,88.1,19888,31129651130.5,407875,-40040,2026-08-24
NIFTY,2026-09-08,24250.0,PE,138.15,200.0,122.35,179.75,179.75,3346,5309793001.5,58370,-1040,2026-08-24
NIFTY,2026-09-08,24350.0,PE,181.05,254.1,162.75,232.1,232.1,998,1592772694.5,20605,3705,2026-08-24
NIFTY,2026-09-08,25600.0,PE,0.0,0.0,0.0,1041.75,1336.11,0,0.0,0,0,2026-08-24
NIFTY,2026-09-08,25750.0,PE,0.0,0.0,0.0,1155.15,1479.15,0,0.0,0,0,2026-08-24
NIFTY,2026-09-15,22400.0,PE,6.0,8.45,3.7,6.9,6.9,52,75735387.0,7150,2145,2026-08-24
NIFTY,2026-09-15,23300.0,PE,0.0,0.0,0.0,89.65,70.61,0,0.0,0,0,2026-08-24
NIFTY,2026-09-15,24400.0,PE,211.0,299.0,206.2,279.2,279.2,383,613610289.5,16575,3770,2026-08-24
NIFTY,2026-09-15,25300.0,PE,0.0,0.0,0.0,920.35,1070.84,0,0.0,0,0,2026-08-24
NIFTY,2026-09-22,22750.0,PE,0.0,0.0,0.0,55.05,33.95,0,0.0,0,0,2026-08-24
NIFTY,2026-09-22,23600.0,PE,0.0,0.0,0.0,213.7,165.74,0,0.0,0,0,2026-08-24
NIFTY,2026-09-22,23800.0,PE,139.95,139.95,95.25,95.25,95.25,5,7769882.25,195,130,2026-08-24
NIFTY,2026-09-22,23850.0,PE,0.0,0.0,0.0,295.55,238.78,0,0.0,0,0,2026-08-24
NIFTY,2026-09-29,19500.0,PE,6.75,6.75,5.9,6.35,6.35,1380,1749704570.25,906685,12350,2026-08-24
NIFTY,2026-09-29,21750.0,PE,9.1,11.0,9.1,10.25,5.28,21,29702962.25,6370,455,2026-08-24
NIFTY,2026-09-29,24200.0,PE,200.05,260.0,186.8,242.1,242.1,37469,59514332956.0,2235805,663520,2026-08-24
NIFTY,2026-09-29,24300.0,PE,230.95,303.25,221.05,283.9,283.9,31417,50175957191.75,2921035,666965,2026-08-24
NIFTY,2026-09-29,24500.0,PE,320.0,406.6,305.0,381.0,381.0,24219,39136228326.0,3617965,395265,2026-08-24
NIFTY,2026-09-29,24650.0,PE,390.45,493.05,382.75,469.2,469.2,151,246318319.0,16835,4745,2026-08-24
NIFTY,2026-09-29,25200.0,PE,790.0,921.0,790.0,890.9,890.9,434,735393912.5,51740,11050,2026-08-24
NIFTY,2026-09-29,25400.0,PE,966.0,1102.6,966.0,1065.05,1065.05,200,344170079.5,21840,11570,2026-08-24
NIFTY,2026-09-29,25450.0,PE,0.0,0.0,0.0,966.65,1208.28,0,0.0,715,0,2026-08-24
NIFTY,2026-09-29,25950.0,PE,0.0,0.0,0.0,1299.0,1632.5,0,0.0,65,0,2026-08-24
NIFTY,2026-10-27,23400.0,PE,0.0,0.0,0.0,403.8,242.47,0,0.0,0,0,2026-08-24
NIFTY,2026-10-27,23600.0,PE,121.6,144.6,113.0,137.0,137.0,625,963882400.0,57135,8710,2026-08-24
NIFTY,2026-10-27,23650.0,PE,0.0,0.0,0.0,491.35,312.43,0,0.0,0,0,2026-08-24
NIFTY,2026-10-27,24200.0,PE,257.0,314.95,247.95,299.35,299.35,1362,2167999486.25,109395,40300,2026-08-24
NIFTY,2026-10-27,24650.0,PE,0.0,0.0,0.0,459.05,738.22,0,0.0,2535,0,2026-08-24
NIFTY,2026-10-27,24700.0,PE,450.0,544.0,444.0,524.75,524.75,662,1082842020.0,111735,29315,2026-08-24
NIFTY,2026-10-27,24950.0,PE,0.0,0.0,0.0,789.0,911.55,0,0.0,4030,0,2026-08-24
NIFTY,2026-10-27,26550.0,PE,0.0,0.0,0.0,2330.1,2129.02,0,0.0,0,0,2026-08-24
NIFTY,2026-10-27,26850.0,PE,0.0,0.0,0.0,2588.1,2396.58,0,0.0,0,0,2026-08-24
NIFTY,2026-10-27,27150.0,PE,0.0,0.0,0.0,2853.65,2671.65,0,0.0,0,0,2026-08-24
NIFTY,2026-10-27,27200.0,PE,0.0,0.0,0.0,2898.55,2718.11,0,0.0,0,0,2026-08-24
NIFTY,2026-12-29,23000.0,PE,136.0,157.95,132.1,151.3,151.3,6726,10120665350.25,2689525,104145,2026-08-24
NIFTY,2026-12-29,30000.0,PE,4900.0,5103.2,4900.0,5085.0,5128.27,19,43306237.0,380260,135,2026-08-24
NIFTY,2027-03-30,24000.0,PE,406.6,435.95,388.0,425.75,425.75,1596,2533687653.25,810875,1365,2026-08-24
NIFTY,2027-06-29,22500.0,PE,0.0,0.0,0.0,236.45,366.76,0,0.0,845,0,2026-08-24
NIFTY,2027-12-28,25000.0,PE,938.95,975.85,926.4,960.75,960.75,43,72535840.0,77580,650,2026-08-24
NIFTY,2027-12-28,26000.0,PE,1280.0,1334.0,1280.0,1308.0,1308.0,31,55031145.0,60965,585,2026-08-24
NIFTY,2028-06-27,33000.0,PE,0.0,0.0,0.0,3707.8,5673.46,0,0.0,0,0,2026-08-24
NIFTY,2028-12-26,23000.0,PE,0.0,0.0,0.0,627.95,627.88,0,0.0,1610,0,2026-08-24
NIFTY,2028-12-26,26000.0,PE,0.0,0.0,0.0,1220.1,1474.21,0,0.0,6810,0,2026-08-24
NIFTY,2029-06-26,25500.0,PE,0.0,0.0,0.0,624.25,1243.89,0,0.0,0,0,2026-08-24
NIFTY,2029-06-26,27000.0,PE,0.0,0.0,0.0,1252.35,1745.44,0,0.0,0,0,2026-08-24
NIFTY,2029-06-26,30000.0,PE,0.0,0.0,0.0,2031.05,3041.9,0,0.0,0,0,2026-08-24
NIFTY,2029-12-24,24000.0,PE,0.0,0.0,0.0,810.0,819.16,0,0.0,390,0,2026-08-24
NIFTY,2029-12-24,33000.0,PE,0.0,0.0,0.0,2953.7,4293.36,0,0.0,0,0,2026-08-24
NIFTY,2030-06-25,28500.0,PE,0.0,0.0,0.0,1167.6,2026.92,0,0.0,0,0,2026-08-24
NIFTY,2030-12-31,24000.0,PE,0.0,0.0,0.0,1000.0,755.06,0,0.0,520,0,2026-08-24
NIFTY,2031-06-24,19500.0,PE,0.0,0.0,0.0,289.2,198.24,0,0.0,0,0,2026-08-24
NIFTY,2026-09-08,23550.0,CE,0.0,0.0,0.0,1313.5,803.51,0,0.0,0,0,2026-08-24
NIFTY,2026-09-08,23300.0,CE,0.0,0.0,0.0,1524.85,1017.06,0,0.0,0,0,2026-08-24
NIFTY,2026-09-08,22850.0,CE,0.0,0.0,0.0,1930.45,1436.07,0,0.0,0,0,2026-08-24
NIFTY,2026-09-08,22600.0,CE,0.0,0.0,0.0,2165.9,1679.46,0,0.0,0,0,2026-08-24
NIFTY,2026-09-01,26600.0,CE,0.8,1.2,0.7,0.85,0.85,326,563673327.75,7020,390,2026-08-24
NIFTY,2026-09-01,25150.0,CE,3.45,4.2,3.05,3.55,3.55,10860,17755883691.0,150540,91195,2026-08-24
NIFTY,2026-09-01,23800.0,CE,570.0,578.15,434.0,459.75,459.75,2327,3672608218.5,101725,43875,2026-08-24
NIFTY,2026-09-01,23650.0,CE,651.4,651.4,566.75,602.8,644.99,10,15764700.25,260,-65,2026-08-24
NIFTY,2026-09-01,23200.0,CE,1070.0,1072.05,1011.15,1036.95,1036.95,35,55141583.25,12740,1755,2026-08-24
NIFTY,2026-09-01,22850.0,CE,0.0,0.0,0.0,1586.45,1400.69,0,0.0,0,0,2026-08-24
NIFTY,2026-09-01,22600.0,CE,0.0,0.0,0.0,1805.15,1649.38,0,0.0,0,0,2026-08-24
NIFTY,2030-06-25,27000.0,PE,0.0,0.0,0.0,1286.05,1536.37,0,0.0,0,0,2026-08-24
NIFTY,2030-06-25,22500.0,PE,0.0,0.0,0.0,223.75,525.91,0,0.0,0,0,2026-08-24
NIFTY,2030-06-25,18000.0,PE,0.0,0.0,0.0,116.65,102.44,0,0.0,0,0,2026-08-24
NIFTY,2029-12-24,15000.0,PE,0.0,0.0,0.0,29.0,16.23,0,0.0,65,0,2026-08-24
NIFTY,2027-12-28,27000.0,PE,1676.4,1757.0,1667.0,1731.55,1731.55,31,57847497.5,47215,390,2026-08-24
NIFTY,2027-12-28,16500.0,PE,0.0,0.0,0.0,52.05,7.28,0,0.0,130,0,2026-08-24
NIFTY,2027-03-30,27000.0,PE,1870.0,1988.95,1870.0,1969.05,1969.05,50,94079872.25,54340,585,2026-08-24
NIFTY,2026-12-29,31500.0,PE,0.0,0.0,0.0,4059.3,6577.51,0,0.0,0,0,2026-08-24
NIFTY,2026-08-25,21450.0,CE,0.0,0.0,0.0,2848.15,2772.62,0,0.0,0,0,2026-08-24
NIFTY,2026-08-25,21550.0,CE,0.0,0.0,0.0,2758.3,2672.63,0,0.0,0,0,2026-08-24
NIFTY,2026-08-25,22650.0,CE,0.0,0.0,0.0,1637.05,1572.82,0,0.0,2145,0,2026-08-24
NIFTY,2026-08-25,23300.0,CE,1082.95,1082.95,884.4,907.75,907.75,184,290014939.5,19110,-7800,2026-08-24
NIFTY,2026-08-25,24150.0,CE,190.0,205.0,74.0,90.9,90.9,2299989,3624974755418.25,4506385,3304015,2026-08-24
NIFTY,2026-08-25,24350.0,CE,58.5,59.95,11.85,17.05,17.05,3686528,5841632300845.25,9639760,5178875,2026-08-24
NIFTY,2026-12-29,28000.0,PE,3040.55,3200.8,3040.55,3175.9,3175.9,335,678916836.0,895280,12155,2026-08-24
NIFTY,2026-12-29,21000.0,PE,42.05,46.1,41.0,43.1,43.1,3563,4873622945.75,1084765,-4615,2026-08-24
NIFTY,2026-10-27,27000.0,PE,2400.0,2535.0,2396.15,2509.2,2509.2,122,233982560.5,26715,5915,2026-08-24
NIFTY,2026-10-27,26300.0,PE,0.0,0.0,0.0,2121.9,1913.14,0,0.0,0,0,2026-08-24
NIFTY,2026-10-27,25300.0,PE,846.1,891.7,846.1,891.7,1138.81,3,5104414.25,715,-65,2026-08-24
NIFTY,2026-10-27,24250.0,PE,296.0,333.0,262.4,331.35,539.82,67,106909419.5,12935,650,2026-08-24
NIFTY,2026-10-27,24050.0,PE,0.0,0.0,0.0,656.15,454.76,0,0.0,0,0,2026-08-24
NIFTY,2026-10-27,23900.0,PE,173.35,213.35,167.65,204.65,204.65,289,452610457.0,76700,7995,2026-08-24
NIFTY,2026-10-27,23250.0,PE,0.0,0.0,0.0,356.75,205.08,0,0.0,0,0,2026-08-24
NIFTY,2026-10-27,22450.0,PE,0.0,0.0,0.0,43.05,75.22,0,0.0,845,0,2026-08-24
NIFTY,2026-10-27,22350.0,PE,0.0,0.0,0.0,31.95,65.27,0,0.0,2145,0,2026-08-24
NIFTY,2026-09-29,26600.0,PE,0.0,0.0,0.0,2474.55,2233.21,0,0.0,0,0,2026-08-24
NIFTY,2026-08-25,25650.0,CE,0.65,0.8,0.3,0.45,0.45,41882,69829157339.5,496600,-299455,2026-08-24
NIFTY,2026-08-25,25700.0,CE,0.5,0.75,0.3,0.4,0.4,110185,184067770984.5,785785,-1164605,2026-08-24
NIFTY,2026-08-25,26850.0,CE,0.4,1.45,0.2,0.4,0.4,657,1146646241.0,23595,1690,2026-08-24
NIFTY,2026-08-25,26950.0,CE,0.75,0.85,0.2,0.25,0.25,988,1730752855.0,18785,7215,2026-08-24
NIFTY,2026-09-01,23700.0,CE,671.0,673.15,524.8,550.3,550.3,2404,3795729379.0,136500,114335,2026-08-24
NIFTY,2026-09-01,24050.0,CE,349.95,352.25,237.2,256.05,256.05,3315,5240016089.75,49985,5330,2026-08-24
NIFTY,2026-09-01,24200.0,CE,235.0,241.6,146.05,160.0,160.0,184806,292771231067.25,2969200,1816620,2026-08-24
NIFTY,2026-09-01,24300.0,CE,175.0,176.95,98.7,110.15,110.15,216840,344301459888.75,3408080,1449435,2026-08-24
NIFTY,2026-09-01,25750.0,CE,1.7,2.75,1.35,1.6,1.6,729,1220238659.25,42640,18980,2026-08-24
NIFTY,2026-09-01,26300.0,CE,0.85,1.05,0.75,0.85,0.85,1304,2229258785.0,42705,25935,2026-08-24
NIFTY,2026-09-01,26750.0,CE,1.05,1.4,0.7,0.9,0.9,58,100851331.75,2015,780,2026-08-24
NIFTY,2026-09-08,23400.0,CE,0.0,0.0,0.0,1438.9,929.49,0,0.0,0,0,2026-08-24
NIFTY,2026-09-08,25750.0,CE,4.05,4.25,2.9,2.9,12.36,88,147310819.5,2470,-715,2026-08-24
NIFTY,2026-09-29,26250.0,PE,0.0,0.0,0.0,2180.0,1904.58,0,0.0,0,0,2026-08-24
NIFTY,2026-09-29,26100.0,PE,1650.0,1810.0,1650.0,1750.0,1767.22,45,81430963.25,7020,1755,2026-08-24
NIFTY,2026-09-29,25500.0,PE,1072.15,1205.6,1055.55,1171.2,1171.2,3290,5701038817.5,1543555,57135,2026-08-24
NIFTY,2026-09-29,25100.0,PE,704.5,837.9,697.75,806.8,806.8,265,445697356.0,45500,5135,2026-08-24
NIFTY,2026-09-29,23800.0,PE,99.35,131.15,91.5,120.35,120.35,13548,21058486000.5,1093040,98150,2026-08-24
NIFTY,2026-09-29,23100.0,PE,30.15,39.0,28.7,35.8,35.8,3054,4592086882.5,489320,15730,2026-08-24
NIFTY,2026-09-29,22700.0,PE,18.35,22.5,18.0,21.1,21.1,4544,6710835628.25,316550,39520,2026-08-24
NIFTY,2026-09-29,22000.0,PE,11.6,12.95,11.35,12.2,12.2,16801,24038716864.5,1726985,469690,2026-08-24
NIFTY,2026-09-22,25500.0,PE,0.0,0.0,0.0,1312.45,1250.01,0,0.0,0,0,2026-08-24
NIFTY,2026-09-22,25350.0,PE,0.0,0.0,0.0,1190.0,1125.29,0,0.0,0,0,2026-08-24
NIFTY,2026-09-22,24250.0,PE,260.6,260.6,231.0,231.0,231.0,2,3184454.0,65,65,2026-08-24
NIFTY,2026-09-22,23750.0,PE,0.0,0.0,0.0,260.6,206.74,0,0.0,0,0,2026-08-24
NIFTY,2026-09-22,23200.0,PE,0.0,0.0,0.0,119.0,83.65,0,0.0,0,0,2026-08-24
NIFTY,2026-09-08,26050.0,CE,3.35,3.35,1.7,2.3,2.3,1387,2348722031.5,28600,-44005,2026-08-24
NIFTY,2026-09-15,22500.0,CE,0.0,0.0,0.0,2121.7,1810.7,0,0.0,0,0,2026-08-24
NIFTY,2026-09-15,22800.0,CE,0.0,0.0,0.0,1840.25,1524.09,0,0.0,0,0,2026-08-24
NIFTY,2026-09-22,22900.0,CE,0.0,0.0,0.0,1459.55,1475.88,0,0.0,0,0,2026-08-24
NIFTY,2026-09-22,23200.0,CE,0.0,0.0,0.0,1208.1,1214.32,0,0.0,0,0,2026-08-24
NIFTY,2026-09-22,24050.0,CE,0.0,0.0,0.0,618.9,597.68,0,0.0,0,0,2026-08-24
NIFTY,2028-12-26,22500.0,CE,0.0,0.0,0.0,7382.9,5444.49,0,0.0,0,0,2026-08-24
NIFTY,2028-06-27,30000.0,CE,0.0,0.0,0.0,2278.45,1245.46,0,0.0,0,0,2026-08-24
NIFTY,2028-06-27,24000.0,CE,0.0,0.0,0.0,3918.85,3808.78,0,0.0,0,0,2026-08-24
NIFTY,2027-12-28,18000.0,CE,0.0,0.0,0.0,6285.7,7763.96,0,0.0,0,0,2026-08-24
NIFTY,2027-03-30,33000.0,CE,16.75,16.9,16.75,16.9,16.9,8,17168758.75,3510,-390,2026-08-24
NIFTY,2027-03-30,19500.0,CE,0.0,0.0,0.0,4365.4,5486.95,0,0.0,0,0,2026-08-24
NIFTY,2026-12-29,19000.0,CE,5580.0,5580.0,5580.0,5580.0,5648.28,1,1597700.0,54210,-65,2026-08-24
NIFTY,2026-12-29,16500.0,CE,0.0,0.0,0.0,10405.0,8090.28,0,0.0,0,0,2026-08-24
NIFTY,2026-10-27,26200.0,CE,0.0,0.0,0.0,219.35,146.65,0,0.0,0,0,2026-08-24
NIFTY,2026-10-27,25350.0,CE,0.0,0.0,0.0,417.4,331.44,0,0.0,0,0,2026-08-24
NIFTY,2026-10-27,24250.0,CE,580.4,580.4,503.25,521.3,785.36,36,58007511.25,4485,0,2026-08-24
NIFTY,2026-10-27,23500.0,CE,1149.7,1160.0,1038.05,1055.9,1055.9,280,447012787.0,48035,8320,2026-08-24
NIFTY,2026-09-29,33000.0,CE,0.0,0.0,0.0,1.35,0.0,0,0.0,35165,0,2026-08-24
NIFTY,2026-09-29,26950.0,CE,0.0,0.0,0.0,3.45,12.23,0,0.0,1625,0,2026-08-24
NIFTY,2026-09-29,26300.0,CE,5.85,6.3,4.2,4.5,4.5,1739,2973378973.5,148720,42120,2026-08-24
NIFTY,2026-09-29,25150.0,CE,56.25,57.4,42.25,44.75,44.75,2244,3674956847.25,80860,-8450,2026-08-24
NIFTY,2026-09-29,24450.0,CE,280.15,291.0,227.05,238.35,238.35,1178,1891322319.25,50375,-2730,2026-08-24
NIFTY,2026-09-29,24050.0,CE,545.0,548.9,449.25,467.85,467.85,255,406558815.0,19565,585,2026-08-24
NIFTY,2026-09-29,23600.0,CE,887.3,898.8,785.7,810.0,810.0,280,444510878.5,18070,9815,2026-08-24
NIFTY,2026-09-29,23300.0,CE,1196.0,1196.0,1048.95,1071.1,1071.1,143,226654736.75,8515,6045,2026-08-24
NIFTY,2026-09-29,26950.0,PE,0.0,0.0,0.0,2780.25,2569.9,0,0.0,0,0,2026-08-24
NIFTY,2026-09-29,27000.0,PE,2504.45,2681.3,2504.45,2639.2,2639.2,1388,2672882813.25,1537930,45305,2026-08-24
NIFTY,2026-09-29,31500.0,PE,0.0,0.0,0.0,4341.2,7078.42,0,0.0,0,0,2026-08-24
NIFTY,2026-10-27,22400.0,PE,32.55,35.8,22.65,30.35,30.35,55,80191579.0,40430,-1105,2026-08-24
NIFTY,2026-10-27,24100.0,PE,232.0,277.5,219.0,265.25,265.25,344,544514135.75,22425,6305,2026-08-24
NIFTY,2026-10-27,24150.0,PE,235.0,296.3,235.0,283.5,496.11,84,133355719.25,26520,1040,2026-08-24
NIFTY,2026-10-27,25050.0,PE,0.0,0.0,0.0,540.05,973.81,0,0.0,325,0,2026-08-24
NIFTY,2026-10-27,25250.0,PE,0.0,0.0,0.0,675.6,1104.77,0,0.0,65,0,2026-08-24
NIFTY,2026-10-27,26100.0,PE,0.0,0.0,0.0,1960.3,1745.91,0,0.0,0,0,2026-08-24
NIFTY,2026-10-27,26900.0,PE,0.0,0.0,0.0,2631.85,2441.95,0,0.0,0,0,2026-08-24
NIFTY,2027-03-30,16500.0,PE,0.0,0.0,0.0,20.05,0.25,0,0.0,1560,0,2026-08-24
NIFTY,2027-06-29,19000.0,PE,0.0,0.0,0.0,195.0,27.35,0,0.0,1135,0,2026-08-24
NIFTY,2027-06-29,19500.0,PE,0.0,0.0,0.0,17.3,43.49,0,0.0,0,0,2026-08-24
NIFTY,2027-12-28,18000.0,PE,0.0,0.0,0.0,181.05,28.99,0,0.0,11915,0,2026-08-24
NIFTY,2027-12-28,19000.0,PE,110.1,125.0,110.1,123.05,123.05,4,4971144.75,4900,65,2026-08-24
NIFTY,2027-12-28,20000.0,PE,172.0,181.5,172.0,177.0,177.0,19,24917876.75,52680,390,2026-08-24
NIFTY,2028-06-27,28500.0,PE,0.0,0.0,0.0,1560.85,2738.48,0,0.0,0,0,2026-08-24
NIFTY,2026-09-29,23050.0,CE,0.0,0.0,0.0,1234.0,1401.13,0,0.0,520,0,2026-08-24
NIFTY,2026-09-29,22650.0,CE,0.0,0.0,0.0,1410.05,1755.24,0,0.0,325,0,2026-08-24
NIFTY,2026-09-29,22050.0,CE,0.0,0.0,0.0,2284.2,2321.96,0,0.0,0,0,2026-08-24
NIFTY,2026-09-22,25100.0,CE,0.0,0.0,0.0,197.7,169.69,0,0.0,0,0,2026-08-24
NIFTY,2026-09-22,24950.0,CE,0.0,0.0,0.0,237.2,207.96,0,0.0,0,0,2026-08-24
NIFTY,2026-09-22,24750.0,CE,0.0,0.0,0.0,300.7,270.94,0,0.0,0,0,2026-08-24
NIFTY,2026-09-22,24500.0,CE,218.65,222.0,154.1,173.55,173.55,664,1065014034.5,10010,9230,2026-08-24
NIFTY,2026-09-22,23850.0,CE,0.0,0.0,0.0,738.45,722.57,0,0.0,0,0,2026-08-24
NIFTY,2026-09-22,23600.0,CE,0.0,0.0,0.0,905.1,898.33,0,0.0,0,0,2026-08-24
NIFTY,2026-09-22,22750.0,CE,0.0,0.0,0.0,1591.55,1612.45,0,0.0,0,0,2026-08-24
NIFTY,2026-09-22,22600.0,CE,0.0,0.0,0.0,1727.05,1752.04,0,0.0,0,0,2026-08-24
NIFTY,2026-09-15,25950.0,CE,3.8,4.95,3.55,4.8,4.8,41,69168199.75,390,390,2026-08-24
NIFTY,2026-09-15,25900.0,CE,3.8,5.0,3.8,4.65,4.65,56,94291197.0,2015,2015,2026-08-24
NIFTY,2026-09-15,25300.0,CE,47.25,47.25,12.0,18.2,18.2,28,46079075.25,1235,1235,2026-08-24
NIFTY,2026-09-15,24700.0,CE,152.75,152.75,58.6,72.9,72.9,857,1379978798.25,21190,21125,2026-08-24
NIFTY,2026-09-15,24400.0,CE,231.75,231.75,163.6,171.9,171.9,2097,3351192825.5,118560,61360,2026-08-24
NIFTY,2026-09-15,23800.0,CE,613.9,613.9,546.1,569.75,569.75,15,23758637.5,715,585,2026-08-24
NIFTY,2026-09-15,23750.0,CE,0.0,0.0,0.0,1037.3,722.25,0,0.0,0,0,2026-08-24
NIFTY,2026-09-15,23650.0,CE,0.0,0.0,0.0,1113.0,795.18,0,0.0,0,0,2026-08-24
NIFTY,2026-09-15,23550.0,CE,0.0,0.0,0.0,1191.15,871.31,0,0.0,0,0,2026-08-24
NIFTY,2026-09-08,25800.0,CE,6.0,6.65,3.0,3.85,3.85,420,704440727.25,10075,4615,2026-08-24
NIFTY,2026-09-08,25650.0,CE,5.0,5.0,2.65,3.6,3.6,257,428544054.25,5850,3900,2026-08-24
NIFTY,2026-09-08,25300.0,CE,7.4,9.75,5.95,6.5,6.5,7566,12445601697.75,163865,29445,2026-08-24
NIFTY,2026-09-08,25200.0,CE,0.0,0.0,0.0,324.9,53.05,0,0.0,0,0,2026-08-24
NIFTY,2026-09-08,24950.0,CE,0.0,0.0,0.0,422.75,93.26,0,0.0,0,0,2026-08-24
NIFTY,2026-09-08,24900.0,CE,0.0,0.0,0.0,444.55,103.65,0,0.0,0,0,2026-08-24
NIFTY,2026-09-08,24800.0,CE,44.8,45.1,27.25,30.05,30.05,27795,44863850304.0,607165,293670,2026-08-24
NIFTY,2026-09-08,24750.0,CE,51.05,54.15,33.25,35.05,35.05,3886,6261501818.0,84370,36530,2026-08-24
NIFTY,2026-09-08,23900.0,CE,512.65,516.35,407.6,424.3,424.3,162,256293771.5,7475,3055,2026-08-24
NIFTY,2026-09-08,23800.0,CE,610.0,610.0,486.35,507.7,507.7,125,197564123.25,12935,2990,2026-08-24
NIFTY,2026-09-01,26950.0,CE,1.25,1.25,0.85,1.05,1.05,23,40291832.75,36010,845,2026-08-24
NIFTY,2026-09-01,25950.0,CE,1.0,1.35,1.0,1.15,1.15,377,635933177.75,9750,5005,2026-08-24
NIFTY,2026-09-01,25900.0,CE,1.25,2.75,1.0,1.15,1.15,22299,37542016817.5,575445,454740,2026-08-24
NIFTY,2026-09-01,25800.0,CE,1.35,1.75,1.15,1.45,1.45,23162,38844798011.5,811200,540020,2026-08-24
NIFTY,2026-09-01,25000.0,CE,7.2,7.35,4.35,5.1,5.1,119776,194676228149.0,3723330,1496820,2026-08-24
NIFTY,2026-09-01,24400.0,CE,131.25,131.3,63.95,72.05,72.05,136720,217568739563.5,2464995,1248780,2026-08-24
NIFTY,2026-09-01,24350.0,CE,140.1,144.95,80.2,90.1,90.1,73051,116129168834.25,1047735,547300,2026-08-24
NIFTY,2026-09-01,24250.0,CE,203.0,205.0,120.55,133.75,133.75,73909,117225485247.0,1289405,739050,2026-08-24
NIFTY,2026-09-01,24000.0,CE,384.8,395.5,270.4,292.35,292.35,28727,45394993075.25,556400,236470,2026-08-24
NIFTY,2026-09-01,23350.0,CE,0.0,0.0,0.0,960.1,914.42,0,0.0,65,0,2026-08-24
NIFTY,2026-08-25,27050.0,CE,0.4,0.55,0.2,0.25,0.25,1222,2148608478.25,25545,-4745,2026-08-24
NIFTY,2026-08-25,25100.0,CE,0.85,1.35,0.65,0.95,0.95,619999,1011567317621.25,4175535,564590,2026-08-24
NIFTY,2026-08-25,24850.0,CE,1.5,2.25,1.1,1.6,1.6,630649,1018720582662.25,2389075,-10205,2026-08-24
NIFTY,2026-08-25,24100.0,CE,229.05,250.9,107.1,126.3,126.3,1240020,1953587317526.0,3555305,793585,2026-08-24
NIFTY,2026-08-25,23500.0,CE,840.0,846.35,674.5,706.4,706.4,5131,8083085803.0,302445,-88335,2026-08-24
NIFTY,2026-08-25,23450.0,CE,873.85,873.85,740.6,761.1,772.95,40,62975022.5,2665,260,2026-08-24
NIFTY,2026-08-25,22850.0,CE,0.0,0.0,0.0,1435.65,1372.85,0,0.0,1885,0,2026-08-24
NIFTY,2026-08-25,22800.0,CE,1435.0,1435.0,1395.0,1406.0,1422.84,10,15736243.25,4355,-325,2026-08-24
NIFTY,2026-08-25,22400.0,CE,1660.2,1973.9,1660.2,1944.15,1822.77,12,18966944.75,2015,0,2026-08-24
NIFTY,2026-08-25,22250.0,CE,0.0,0.0,0.0,1585.4,1972.75,0,0.0,65,0,2026-08-24
NIFTY,2026-08-25,22200.0,CE,2000.0,2014.15,2000.0,2014.15,2022.74,5,7867219.75,260,-65,2026-08-24
NIFTY,2026-08-25,22000.0,CE,2338.0,2345.0,2174.3,2209.9,2209.9,3733,5876902443.75,233935,-196625,2026-08-24
NIFTY,2028-12-26,22000.0,PE,0.0,0.0,0.0,484.95,442.37,0,0.0,8670,0,2026-08-24
NIFTY,2030-12-31,30000.0,PE,0.0,0.0,0.0,1450.1,2395.14,0,0.0,0,0,2026-08-24
NIFTY,2031-06-24,24000.0,PE,0.0,0.0,0.0,933.85,722.64,0,0.0,65,0,2026-08-24
NIFTY,2031-06-24,25500.0,PE,0.0,0.0,0.0,1262.85,1007.27,0,0.0,0,0,2026-08-24
NIFTY,2031-06-24,28500.0,PE,0.0,0.0,0.0,2104.2,1758.34,0,0.0,0,0,2026-08-24
NIFTY,2031-06-24,30000.0,PE,0.0,0.0,0.0,2616.25,2228.06,0,0.0,0,0,2026-08-24
NIFTY,2026-10-27,26650.0,CE,0.0,0.0,0.0,150.8,90.17,0,0.0,0,0,2026-08-24
NIFTY,2026-09-29,22650.0,PE,19.35,21.35,17.2,20.1,20.1,93,137036419.0,11765,-65,2026-08-24
NIFTY,2026-09-29,22500.0,PE,14.05,18.2,10.2,16.8,16.8,15642,22893527029.75,1980420,52065,2026-08-24
NIFTY,2026-09-29,21900.0,PE,11.0,13.25,10.15,11.95,11.95,199,283425944.75,140660,2665,2026-08-24
NIFTY,2026-09-29,15000.0,PE,0.9,1.5,0.7,0.9,0.0,25,24376517.75,46800,-520,2026-08-24
NIFTY,2026-09-22,26000.0,PE,0.0,0.0,0.0,1748.6,1694.43,0,0.0,0,0,2026-08-24
NIFTY,2026-09-22,25900.0,PE,0.0,0.0,0.0,1658.45,1602.64,0,0.0,0,0,2026-08-24
NIFTY,2026-09-22,25050.0,PE,0.0,0.0,0.0,959.7,891.41,0,0.0,0,0,2026-08-24
NIFTY,2030-12-31,19500.0,PE,0.0,0.0,0.0,67.4,196.85,0,0.0,0,0,2026-08-24
NIFTY,2030-12-31,16500.0,PE,0.0,0.0,0.0,13.65,54.13,0,0.0,0,0,2026-08-24
NIFTY,2029-12-24,30000.0,PE,0.0,0.0,0.0,1953.5,2806.61,0,0.0,0,0,2026-08-24
NIFTY,2029-12-24,21000.0,PE,0.0,0.0,0.0,350.05,326.89,0,0.0,715,0,2026-08-24
NIFTY,2029-12-24,16500.0,PE,0.0,0.0,0.0,10.15,42.23,0,0.0,0,0,2026-08-24
NIFTY,2027-12-28,24000.0,PE,639.95,675.95,637.05,659.3,659.3,64,102580104.25,146820,1820,2026-08-24
NIFTY,2027-03-30,22500.0,PE,164.45,175.0,159.5,171.3,171.3,1423,2096715552.75,522990,18785,2026-08-24
NIFTY,2026-12-29,20000.0,PE,32.7,35.0,31.0,33.65,33.65,2675,3483287206.75,1156230,6630,2026-08-24
NIFTY,2026-12-29,18000.0,PE,18.5,20.5,17.55,19.3,19.3,766,897179604.75,495890,3055,2026-08-24
NIFTY,2026-12-29,16500.0,PE,13.0,15.0,12.9,14.85,14.85,30,32200710.75,3250,-130,2026-08-24
NIFTY,2026-12-29,14000.0,PE,10.25,10.25,10.0,10.0,0.0,9,8195915.0,9415,0,2026-08-24
NIFTY,2026-10-27,26750.0,PE,0.0,0.0,0.0,2501.2,2306.47,0,0.0,0,0,2026-08-24
NIFTY,2026-10-27,26500.0,PE,1918.35,2036.35,1918.35,2030.0,2030.0,40,74146975.5,4290,2340,2026-08-24
NIFTY,2026-10-27,25650.0,PE,0.0,0.0,0.0,944.65,1391.87,0,0.0,130,0,2026-08-24
NIFTY,2026-10-27,25450.0,PE,0.0,0.0,0.0,848.5,1243.9,0,0.0,130,0,2026-08-24
NIFTY,2026-10-27,24750.0,PE,0.0,0.0,0.0,486.95,793.71,0,0.0,1170,0,2026-08-24
NIFTY,2026-10-27,24550.0,PE,380.45,462.0,380.4,449.2,449.2,37,60015562.75,4875,-325,2026-08-24
NIFTY,2026-10-27,24000.0,PE,210.0,246.4,193.0,233.7,233.7,6854,10792571409.75,728260,128505,2026-08-24
NIFTY,2026-10-27,23950.0,PE,0.0,0.0,0.0,612.05,415.75,0,0.0,0,0,2026-08-24
NIFTY,2026-10-27,23350.0,PE,0.0,0.0,0.0,387.65,228.94,0,0.0,0,0,2026-08-24
NIFTY,2026-10-27,23300.0,PE,78.05,96.95,74.2,90.6,90.6,1211,1840759586.25,157755,16835,2026-08-24
NIFTY,2026-10-27,23050.0,PE,0.0,0.0,0.0,301.35,162.97,0,0.0,0,0,2026-08-24
NIFTY,2026-09-29,28500.0,PE,4088.0,4161.1,4007.55,4130.45,4130.45,81,171709333.25,432770,3185,2026-08-24
NIFTY,2026-09-29,26900.0,PE,0.0,0.0,0.0,2127.9,2521.43,0,0.0,65,0,2026-08-24
NIFTY,2026-09-29,26850.0,PE,0.0,0.0,0.0,2691.9,2473.08,0,0.0,0,0,2026-08-24
NIFTY,2026-09-29,26750.0,PE,0.0,0.0,0.0,2604.3,2376.72,0,0.0,0,0,2026-08-24
NIFTY,2026-09-29,25600.0,PE,1136.15,1289.75,1136.15,1260.4,1260.4,129,225113053.75,14430,7410,2026-08-24
NIFTY,2026-09-29,25000.0,PE,634.2,761.65,620.0,726.7,726.7,14644,24470014689.25,2122530,258050,2026-08-24
NIFTY,2026-09-29,23900.0,PE,116.8,155.95,109.5,143.75,143.75,6025,9411807954.25,554710,8645,2026-08-24
NIFTY,2026-09-29,23350.0,PE,46.25,58.4,42.55,53.9,53.9,469,713338554.5,52715,-5850,2026-08-24
NIFTY,2026-09-29,23250.0,PE,40.0,49.55,35.5,46.2,46.2,1286,1947099189.75,52390,-1495,2026-08-24
NIFTY,2026-09-29,22850.0,PE,20.0,27.7,20.0,25.05,25.05,176,261690455.0,24895,4420,2026-08-24
NIFTY,2026-09-29,22300.0,PE,14.1,15.7,13.2,15.0,15.0,609,883303434.0,146705,-7865,2026-08-24
NIFTY,2026-09-29,21800.0,PE,11.8,17.3,9.3,10.65,10.65,401,568514121.5,75660,-1690,2026-08-24
NIFTY,2026-09-29,21600.0,PE,8.05,10.75,8.05,9.25,9.25,782,1098416104.5,76570,17355,2026-08-24
NIFTY,2026-09-22,25850.0,PE,0.0,0.0,0.0,1613.85,1557.22,0,0.0,0,0,2026-08-24
NIFTY,2026-09-22,25450.0,PE,0.0,0.0,0.0,1271.15,1207.92,0,0.0,0,0,2026-08-24
NIFTY,2026-09-22,25400.0,PE,0.0,0.0,0.0,1230.35,1166.33,0,0.0,0,0,2026-08-24
NIFTY,2026-09-22,25250.0,PE,0.0,0.0,0.0,1111.0,1044.9,0,0.0,0,0,2026-08-24
NIFTY,2026-09-22,24950.0,PE,0.0,0.0,0.0,887.95,818.87,0,0.0,0,0,2026-08-24
NIFTY,2026-09-22,24800.0,PE,0.0,0.0,0.0,785.4,715.65,0,0.0,0,0,2026-08-24
NIFTY,2026-09-22,23000.0,PE,0.0,0.0,0.0,85.8,57.11,0,0.0,0,0,2026-08-24
NIFTY,2026-09-15,25150.0,PE,0.0,0.0,0.0,817.1,947.1,0,0.0,0,0,2026-08-24
NIFTY,2026-09-15,25100.0,PE,730.4,836.55,730.4,836.55,907.16,2,3364851.75,130,0,2026-08-24
NIFTY,2026-09-15,24900.0,PE,0.0,0.0,0.0,659.05,754.59,0,0.0,0,0,2026-08-24
NIFTY,2026-09-15,24350.0,PE,194.65,268.65,185.05,253.95,253.95,106,169428434.5,7150,260,2026-08-24
NIFTY,2026-09-15,23650.0,PE,0.0,0.0,0.0,154.25,139.76,0,0.0,0,0,2026-08-24
NIFTY,2026-09-15,22900.0,PE,15.4,15.4,11.0,11.3,11.3,104,154884960.75,1820,1820,2026-08-24
NIFTY,2026-09-08,26300.0,PE,0.0,0.0,0.0,1612.35,2017.55,0,0.0,0,0,2026-08-24
NIFTY,2026-09-08,25900.0,PE,0.0,0.0,0.0,1274.25,1624.3,0,0.0,0,0,2026-08-24
NIFTY,2026-09-08,25300.0,PE,910.3,1043.0,910.15,1021.05,1059.54,6,10246801.5,390,390,2026-08-24
NIFTY,2026-09-08,25250.0,PE,0.0,0.0,0.0,795.8,1015.09,0,0.0,0,0,2026-08-24
NIFTY,2026-09-08,24650.0,PE,383.35,464.0,383.35,437.25,437.25,28,45642844.0,2145,-585,2026-08-24
NIFTY,2026-09-08,24150.0,PE,95.25,155.95,90.5,138.35,138.35,2925,4616885487.5,53105,18395,2026-08-24
NIFTY,2026-09-01,26800.0,PE,0.0,0.0,0.0,2454.6,2545.32,0,0.0,0,0,2026-08-24
NIFTY,2026-09-01,25600.0,PE,1256.35,1363.55,1241.75,1363.55,1349.5,10,17476007.25,1105,325,2026-08-24
NIFTY,2026-09-01,25150.0,PE,875.0,940.55,875.0,940.55,914.62,7,11859562.0,1040,260,2026-08-24
NIFTY,2026-09-01,24900.0,PE,552.7,690.5,552.7,663.25,663.25,161,267309181.75,14625,5720,2026-08-24
NIFTY,2026-09-01,24800.0,PE,457.1,596.2,443.15,566.8,566.8,1895,3118561608.5,87945,44330,2026-08-24
NIFTY,2026-09-01,24100.0,PE,64.4,98.95,43.65,82.35,82.35,127556,200437802373.25,1240135,262080,2026-08-24
NIFTY,2026-09-01,23750.0,PE,15.0,24.3,9.6,18.1,18.1,39586,61153602074.5,597480,67860,2026-08-24
NIFTY,2026-09-01,23700.0,PE,10.45,19.45,8.05,14.75,14.75,80784,124518085994.25,2149615,886925,2026-08-24
NIFTY,2026-09-01,22850.0,PE,3.2,3.9,2.05,3.2,3.2,1170,1737991801.0,26585,8515,2026-08-24
NIFTY,2026-09-01,22500.0,PE,3.15,3.35,2.5,3.0,3.0,69353,101441723506.5,3216395,1191060,2026-08-24
NIFTY,2026-08-25,26600.0,PE,0.0,0.0,0.0,2455.55,2376.53,0,0.0,0,0,2026-08-24
NIFTY,2026-08-25,26550.0,PE,0.0,0.0,0.0,2413.1,2326.54,0,0.0,0,0,2026-08-24
NIFTY,2026-08-25,26100.0,PE,1870.0,1916.0,1861.1,1896.9,1896.9,256,465501939.5,8450,-10400,2026-08-24
NIFTY,2026-08-25,24900.0,PE,575.0,724.0,559.1,699.3,699.3,1031,1710967670.75,125060,-8970,2026-08-24
NIFTY,2026-08-25,24200.0,PE,19.9,77.9,15.05,58.25,58.25,8307507,13095743570591.5,12268425,-2779530,2026-08-24
NIFTY,2026-08-25,24000.0,PE,7.8,15.35,4.1,8.6,8.6,3797281,5926024290381.0,16270410,-1469130,2026-08-24
NIFTY,2026-08-25,23500.0,PE,2.0,2.0,0.95,1.2,1.2,956842,1461658651742.25,8862815,-1717950,2026-08-24
NIFTY,2026-08-25,23450.0,PE,1.8,1.9,0.8,1.0,1.0,196920,300171004396.25,966030,-169455,2026-08-24
NIFTY,2026-08-25,22400.0,PE,1.05,4.9,0.2,0.25,0.25,20285,29535619421.75,206895,-150475,2026-08-24
NIFTY,2031-06-24,22500.0,CE,0.0,0.0,0.0,8012.75,8315.82,0,0.0,0,0,2026-08-24
NIFTY,2030-06-25,30000.0,CE,0.0,0.0,0.0,5580.35,3472.56,0,0.0,0,0,2026-08-24
NIFTY,2030-06-25,28500.0,CE,0.0,0.0,0.0,5382.85,4072.96,0,0.0,0,0,2026-08-24
NIFTY,2029-06-26,22500.0,CE,0.0,0.0,0.0,7946.5,6071.42,0,0.0,0,0,2026-08-24
NIFTY,2028-12-26,27000.0,CE,0.0,0.0,0.0,2700.0,2913.23,0,0.0,845,0,2026-08-24
NIFTY,2028-06-27,28500.0,CE,0.0,0.0,0.0,2990.0,1695.12,0,0.0,0,0,2026-08-24
NIFTY,2028-06-27,22500.0,CE,0.0,0.0,0.0,6796.05,4781.67,0,0.0,0,0,2026-08-24
NIFTY,2027-03-30,28500.0,CE,72.55,74.0,69.35,71.8,71.8,628,1166286998.5,148395,5330,2026-08-24
NIFTY,2027-03-30,16500.0,CE,0.0,0.0,0.0,6995.9,8351.38,0,0.0,0,0,2026-08-24
NIFTY,2026-12-29,20000.0,CE,4684.35,4740.0,4575.55,4593.15,4593.15,327,523758267.5,586975,16445,2026-08-24
NIFTY,2026-10-27,26500.0,CE,15.05,16.35,14.0,15.0,15.0,1315,2266363255.0,149565,3640,2026-08-24
NIFTY,2026-10-27,25950.0,CE,0.0,0.0,0.0,267.4,189.04,0,0.0,0,0,2026-08-24
NIFTY,2026-10-27,25250.0,CE,0.0,0.0,0.0,447.85,361.72,0,0.0,0,0,2026-08-24
NIFTY,2026-10-27,24650.0,CE,358.7,359.05,299.0,305.15,305.15,52,84367266.75,4615,585,2026-08-24
NIFTY,2026-10-27,23850.0,CE,0.0,0.0,0.0,1063.45,1020.04,0,0.0,0,0,2026-08-24
NIFTY,2026-10-27,23800.0,CE,900.0,900.0,808.5,813.3,813.3,11,17611600.5,1300,260,2026-08-24
NIFTY,2026-10-27,23750.0,CE,0.0,0.0,0.0,944.05,1084.47,0,0.0,0,0,2026-08-24
NIFTY,2026-10-27,22500.0,CE,2058.95,2059.0,1926.9,1945.3,1945.3,31,49352972.5,7605,845,2026-08-24
NIFTY,2026-09-29,27150.0,CE,2.7,2.7,2.3,2.6,2.6,20,35298328.0,7020,130,2026-08-24
NIFTY,2026-09-29,26600.0,CE,4.05,4.55,3.35,3.65,3.65,556,961461042.75,61425,11375,2026-08-24
NIFTY,2026-09-29,26000.0,CE,9.95,11.4,7.65,7.9,7.9,28980,48992045456.25,3399125,375400,2026-08-24
NIFTY,2026-09-29,25850.0,CE,0.0,0.0,0.0,117.25,79.62,0,0.0,65,0,2026-08-24
NIFTY,2026-09-29,25750.0,CE,0.0,0.0,0.0,293.5,92.35,0,0.0,0,0,2026-08-24
NIFTY,2026-09-29,25500.0,CE,23.2,23.8,18.0,18.45,18.45,24766,41081235347.75,2721290,-84370,2026-08-24
NIFTY,2026-09-29,24550.0,CE,239.35,241.55,184.7,194.0,194.0,725,1166542617.5,54600,2535,2026-08-24
NIFTY,2026-09-29,23350.0,CE,1015.25,1036.75,1005.4,1028.25,1028.25,5,7920597.75,455,-65,2026-08-24
NIFTY,2026-09-29,21650.0,CE,0.0,0.0,0.0,2630.65,2712.31,0,0.0,0,0,2026-08-24
NIFTY,2026-09-29,16500.0,CE,0.0,0.0,0.0,10168.85,7825.14,0,0.0,0,0,2026-08-24
NIFTY,2026-09-22,26000.0,CE,0.0,0.0,0.0,53.9,38.57,0,0.0,0,0,2026-08-24
NIFTY,2026-09-22,24550.0,CE,0.0,0.0,0.0,375.95,346.85,0,0.0,0,0,2026-08-24
NIFTY,2026-09-22,23900.0,CE,522.2,522.2,518.0,518.0,690.07,2,3174613.0,520,-65,2026-08-24
NIFTY,2026-09-22,22400.0,CE,0.0,0.0,0.0,1912.1,1941.86,0,0.0,0,0,2026-08-24
NIFTY,2026-09-15,25000.0,CE,38.8,39.9,26.2,28.3,28.3,4844,7880964633.75,210925,27690,2026-08-24
NIFTY,2026-09-15,23450.0,CE,0.0,0.0,0.0,1271.65,950.57,0,0.0,0,0,2026-08-24
NIFTY,2026-09-08,26200.0,CE,2.65,3.3,1.7,2.0,2.0,87,148173122.5,5590,-65,2026-08-24
NIFTY,2026-09-08,26100.0,CE,2.9,3.65,1.75,2.55,2.55,183,310487723.0,5330,-3965,2026-08-24
NIFTY,2026-09-08,25900.0,CE,4.85,4.85,2.35,2.9,2.9,56,94286400.0,7670,-520,2026-08-24
NIFTY,2026-09-08,25600.0,CE,6.0,6.0,4.0,4.5,4.5,3609,6006429243.75,172900,12805,2026-08-24
NIFTY,2026-09-08,25550.0,CE,4.5,5.65,4.1,4.65,4.65,70,116273335.75,2795,2795,2026-08-24
NIFTY,2026-09-08,25450.0,CE,0.0,0.0,0.0,244.7,28.4,0,0.0,0,0,2026-08-24
NIFTY,2026-09-08,24100.0,CE,366.25,367.45,266.6,281.6,281.6,5170,8196284307.25,207870,123500,2026-08-24
NIFTY,2026-09-08,23850.0,CE,0.0,0.0,0.0,562.85,575.46,0,0.0,650,0,2026-08-24
NIFTY,2026-09-08,23650.0,CE,0.0,0.0,0.0,688.05,723.67,0,0.0,65,0,2026-08-24
NIFTY,2026-09-08,22950.0,CE,0.0,0.0,0.0,1838.05,1340.3,0,0.0,0,0,2026-08-24
NIFTY,2026-09-01,27200.0,CE,0.75,1.2,0.7,0.75,0.75,1034,1828172840.0,60320,36725,2026-08-24
NIFTY,2026-09-01,26100.0,CE,0.9,2.15,0.85,0.95,0.95,2026,3437238730.25,100555,63440,2026-08-24
NIFTY,2026-09-01,24850.0,CE,12.0,12.2,6.8,7.5,7.5,46673,75413089862.5,808795,436605,2026-08-24
NIFTY,2026-09-01,24800.0,CE,18.05,18.1,8.6,9.35,9.35,141293,227860404326.75,3314220,789100,2026-08-24
NIFTY,2026-09-01,24700.0,CE,33.0,33.65,14.2,15.9,15.9,151802,243900115342.0,2659150,808275,2026-08-24
NIFTY,2026-09-01,23900.0,CE,480.55,489.4,349.5,373.85,373.85,4926,7781533045.0,142805,30875,2026-08-24
NIFTY,2026-09-01,23600.0,CE,765.0,770.1,622.15,646.65,646.65,179,282349782.0,12610,5525,2026-08-24
NIFTY,2026-09-01,22350.0,CE,0.0,0.0,0.0,2032.25,1898.82,0,0.0,0,0,2026-08-24
NIFTY,2026-09-01,22050.0,CE,0.0,0.0,0.0,2313.35,2198.37,0,0.0,0,0,2026-08-24
NIFTY,2026-08-25,27150.0,CE,0.4,0.7,0.2,0.3,0.3,2725,4809004674.5,60320,-20280,2026-08-24
NIFTY,2026-08-25,26700.0,CE,0.6,0.65,0.3,0.4,0.4,2082,3613369038.5,33540,-14365,2026-08-24
NIFTY,2026-08-25,26300.0,CE,0.6,0.65,0.35,0.5,0.5,27513,47034344334.25,766285,80535,2026-08-24
NIFTY,2026-08-25,26100.0,CE,0.45,0.65,0.35,0.4,0.4,15193,25775384791.0,173680,-109590,2026-08-24
NIFTY,2026-08-25,26050.0,CE,0.35,0.65,0.35,0.5,0.5,11841,20050173224.25,103545,-64220,2026-08-24
NIFTY,2026-08-25,25950.0,CE,0.6,0.75,0.35,0.5,0.5,12785,21565525939.75,89115,-148330,2026-08-24
NIFTY,2026-08-25,25600.0,CE,0.5,0.8,0.3,0.45,0.45,212436,353500487938.0,2256020,-1201200,2026-08-24
NIFTY,2026-08-25,25050.0,CE,1.0,1.5,0.7,0.95,0.95,366708,597117347804.25,2097030,919555,2026-08-24
NIFTY,2026-08-25,24950.0,CE,1.15,1.85,0.9,1.3,1.3,391730,635321133268.25,1631825,462215,2026-08-24
NIFTY,2026-08-25,24900.0,CE,1.45,1.9,1.0,1.35,1.35,900852,1458110581356.0,4958005,1310985,2026-08-24
NIFTY,2026-08-25,24500.0,CE,14.55,16.3,3.3,5.15,5.15,2595532,4134409387868.5,16287505,3258645,2026-08-24
NIFTY,2026-08-25,24200.0,CE,168.0,175.0,48.75,61.75,61.75,5973736,9425486194455.5,16544450,7697170,2026-08-24
NIFTY,2026-08-25,23800.0,CE,524.95,548.1,376.2,405.75,405.75,19967,31451665986.0,384800,-224575,2026-08-24
NIFTY,2026-08-25,23750.0,CE,577.8,592.35,426.6,450.9,450.9,2255,3554119322.0,35750,-9425,2026-08-24
NIFTY,2026-08-25,22300.0,CE,1909.45,1909.45,1909.45,1909.45,1922.76,2,3147228.5,1820,0,2026-08-24
NIFTY,2026-08-25,22150.0,CE,0.0,0.0,0.0,2147.4,2072.73,0,0.0,130,0,2026-08-24
NIFTY,2026-08-25,22050.0,CE,0.0,0.0,0.0,2323.1,2172.72,0,0.0,0,0,2026-08-24
NIFTY,2026-08-25,21500.0,CE,2810.0,2819.55,2687.0,2714.05,2714.05,4171,6581263302.25,142545,-164645,2026-08-24
NIFTY,2026-08-25,21400.0,CE,0.0,0.0,0.0,2940.75,2822.61,0,0.0,65,0,2026-08-24
NIFTY,2026-08-25,21250.0,CE,0.0,0.0,0.0,2971.0,2972.58,0,0.0,65,0,2026-08-24
NIFTY,2026-09-08,24850.0,PE,0.0,0.0,0.0,535.6,683.98,0,0.0,65,0,2026-08-24
NIFTY,2026-09-08,24200.0,PE,124.95,178.95,104.75,159.2,159.2,16156,25570116269.75,508560,241995,2026-08-24
NIFTY,2026-09-08,24100.0,PE,91.0,136.65,77.2,119.5,119.5,12627,19872441868.5,377325,-56875,2026-08-24
NIFTY,2026-09-08,23750.0,PE,64.5,64.5,38.55,39.65,39.65,608,940300747.75,26455,26455,2026-08-24
NIFTY,2026-09-08,23000.0,PE,7.45,9.5,5.25,8.05,8.05,11444,17114146608.0,267280,15470,2026-08-24
NIFTY,2026-09-08,22800.0,PE,5.2,7.0,4.35,6.3,6.3,377,558861446.0,42250,2600,2026-08-24
NIFTY,2026-09-08,22600.0,PE,5.0,6.0,4.05,5.25,5.25,268,393778732.75,23920,7865,2026-08-24
NIFTY,2026-09-01,26050.0,PE,0.0,0.0,0.0,1766.25,1796.57,0,0.0,0,0,2026-08-24
NIFTY,2026-09-01,24600.0,PE,290.9,418.05,277.25,386.7,386.7,8164,13230944070.5,291915,81510,2026-08-24
NIFTY,2026-09-01,23650.0,PE,12.0,15.8,6.85,12.1,12.1,37568,57777792943.0,614250,412295,2026-08-24
NIFTY,2026-09-01,23150.0,PE,3.35,5.05,3.1,4.55,4.55,5285,7954042037.5,85085,-4745,2026-08-24
NIFTY,2026-09-01,22900.0,PE,3.35,4.0,2.9,3.75,3.75,14589,21719020862.5,266175,58955,2026-08-24
NIFTY,2026-09-01,22300.0,PE,2.6,2.8,2.25,2.5,2.5,3945,5718914451.25,122135,57525,2026-08-24
NIFTY,2026-08-25,26800.0,PE,0.0,0.0,0.0,2250.0,2576.49,0,0.0,130,0,2026-08-24
NIFTY,2026-08-25,26300.0,PE,1970.0,2129.0,1962.0,2100.6,2100.6,3727,6877748705.75,203840,-129350,2026-08-24
NIFTY,2026-08-25,25900.0,PE,1602.6,1720.0,1602.6,1700.0,1676.64,35,62781615.0,3055,-845,2026-08-24
NIFTY,2026-08-25,25650.0,PE,1345.0,1345.0,1345.0,1345.0,1426.68,3,5264025.0,650,-65,2026-08-24
NIFTY,2026-08-25,24650.0,PE,320.2,477.15,309.85,449.3,449.3,7108,11567869475.5,173355,2015,2026-08-24
NIFTY,2026-08-25,24100.0,PE,16.95,34.65,5.65,22.85,22.85,4705240,7377674990923.25,9142835,909350,2026-08-24
NIFTY,2026-08-25,23950.0,PE,6.8,10.25,3.15,5.55,5.55,1545645,2406794545353.25,3562130,93600,2026-08-24
NIFTY,2026-08-25,23900.0,PE,4.85,7.0,2.5,3.85,3.85,1850394,2875071714346.0,6066190,-611195,2026-08-24
NIFTY,2026-08-25,23300.0,PE,1.6,1.65,0.6,0.8,0.8,346714,525120297091.0,2675075,-1177930,2026-08-24
NIFTY,2026-08-25,21250.0,PE,0.65,0.95,0.1,0.1,0.1,4606,6362114765.5,107250,-50115,2026-08-24
NIFTY,2030-12-31,33000.0,CE,0.0,0.0,0.0,3948.25,3016.17,0,0.0,0,0,2026-08-24
NIFTY,2029-12-24,27000.0,CE,0.0,0.0,0.0,6201.65,4151.34,0,0.0,0,0,2026-08-24
NIFTY,2029-06-26,24000.0,CE,0.0,0.0,0.0,8085.35,5132.41,0,0.0,0,0,2026-08-24
NIFTY,2028-12-26,33000.0,CE,0.0,0.0,0.0,2477.5,1050.45,0,0.0,0,0,2026-08-24
NIFTY,2028-12-26,19500.0,CE,0.0,0.0,0.0,9716.4,7640.84,0,0.0,0,0,2026-08-24
NIFTY,2028-06-27,21000.0,CE,0.0,0.0,0.0,5226.55,5872.89,0,0.0,0,0,2026-08-24
NIFTY,2027-06-29,18000.0,CE,0.0,0.0,0.0,4066.45,7198.16,0,0.0,0,0,2026-08-24
NIFTY,2026-12-29,30000.0,CE,11.25,11.55,9.25,10.35,10.35,765,1492261046.25,801120,-1040,2026-08-24
NIFTY,2026-12-29,24000.0,CE,1169.55,1169.55,1048.2,1066.65,1066.65,2367,3860568201.75,1227555,23540,2026-08-24
NIFTY,2026-10-27,27150.0,CE,0.0,0.0,0.0,96.75,50.26,0,0.0,0,0,2026-08-24
NIFTY,2026-10-27,27050.0,CE,0.0,0.0,0.0,106.0,56.7,0,0.0,0,0,2026-08-24
NIFTY,2026-10-27,25900.0,CE,0.0,0.0,0.0,277.95,198.6,0,0.0,0,0,2026-08-24
NIFTY,2026-10-27,25700.0,CE,60.0,60.0,47.0,49.15,49.15,1288,2155809048.25,147160,2405,2026-08-24
NIFTY,2026-10-27,25550.0,CE,0.0,0.0,0.0,361.35,276.73,0,0.0,0,0,2026-08-24
NIFTY,2026-10-27,24900.0,CE,246.0,247.0,201.15,207.8,207.8,1225,1999616411.0,72605,19825,2026-08-24
NIFTY,2026-10-27,24450.0,CE,466.3,466.3,394.25,404.9,404.9,177,286010747.75,8580,5525,2026-08-24
NIFTY,2026-10-27,24400.0,CE,482.1,501.8,417.0,429.1,429.1,1951,3149378586.25,106275,68835,2026-08-24
NIFTY,2026-10-27,24000.0,CE,757.3,764.75,660.0,677.5,677.5,2368,3802865300.0,264355,12415,2026-08-24
NIFTY,2026-10-27,22850.0,CE,0.0,0.0,0.0,1729.4,1757.35,0,0.0,0,0,2026-08-24
NIFTY,2026-10-27,22700.0,CE,0.0,0.0,0.0,1844.0,1883.34,0,0.0,0,0,2026-08-24
NIFTY,2026-10-27,22600.0,CE,0.0,0.0,0.0,1922.3,1969.12,0,0.0,0,0,2026-08-24
NIFTY,2026-10-27,22400.0,CE,0.0,0.0,0.0,2083.15,2144.55,0,0.0,0,0,2026-08-24
NIFTY,2026-10-27,22300.0,CE,0.0,0.0,0.0,2165.6,2234.02,0,0.0,0,0,2026-08-24
NIFTY,2026-09-29,34500.0,CE,0.0,0.0,0.0,0.65,0.0,0,0.0,9880,0,2026-08-24
NIFTY,2026-09-29,27200.0,CE,3.1,3.1,2.35,2.35,2.35,441,779759886.75,40820,-1235,2026-08-24
NIFTY,2026-09-29,26550.0,CE,0.0,0.0,0.0,154.75,25.44,0,0.0,0,0,2026-08-24
NIFTY,2026-09-29,26350.0,CE,0.0,0.0,0.0,182.8,35.9,0,0.0,0,0,2026-08-24
NIFTY,2026-09-29,26250.0,CE,0.0,0.0,0.0,198.4,42.41,0,0.0,0,0,2026-08-24
NIFTY,2026-09-29,25350.0,CE,35.95,35.95,24.9,26.35,26.35,507,836329159.25,37570,-4680,2026-08-24
NIFTY,2026-09-29,24200.0,CE,437.9,445.9,357.3,373.0,373.0,24205,38674419650.75,1607320,596310,2026-08-24
NIFTY,2026-09-29,23950.0,CE,602.05,608.35,511.45,536.55,536.55,57,90732850.0,6240,1365,2026-08-24
NIFTY,2026-09-29,22950.0,CE,0.0,0.0,0.0,1454.0,1487.22,0,0.0,325,0,2026-08-24
NIFTY,2026-09-29,22500.0,CE,1932.95,1950.0,1800.0,1831.1,1831.1,2422,3830123339.25,521300,107965,2026-08-24
NIFTY,2026-09-29,21900.0,CE,2400.0,2420.0,2400.0,2405.0,2467.6,8,12639432.0,650,520,2026-08-24
NIFTY,2026-09-22,25900.0,CE,7.95,8.0,6.5,7.45,7.45,216,363738472.5,11505,2860,2026-08-24
NIFTY,2026-09-22,25800.0,CE,0.0,0.0,0.0,73.8,55.32,0,0.0,0,0,2026-08-24
NIFTY,2026-09-22,25700.0,CE,0.0,0.0,0.0,85.85,65.79,0,0.0,0,0,2026-08-24
NIFTY,2026-09-22,25650.0,CE,0.0,0.0,0.0,92.45,71.62,0,0.0,0,0,2026-08-24
NIFTY,2026-09-22,25600.0,CE,0.0,0.0,0.0,99.5,77.88,0,0.0,0,0,2026-08-24
NIFTY,2026-09-22,25250.0,CE,0.0,0.0,0.0,100.25,135.43,0,0.0,65,0,2026-08-24
NIFTY,2026-09-22,24300.0,CE,316.05,324.1,259.25,268.8,268.8,195,311542988.25,8320,3315,2026-08-24
NIFTY,2028-12-26,31500.0,CE,0.0,0.0,0.0,2327.6,1377.5,0,0.0,0,0,2026-08-24
NIFTY,2029-06-26,31500.0,CE,0.0,0.0,0.0,2878.65,1885.88,0,0.0,0,0,2026-08-24
NIFTY,2029-12-24,24000.0,CE,0.0,0.0,0.0,7730.0,5743.81,0,0.0,0,0,2026-08-24
NIFTY,2029-12-24,33000.0,CE,0.0,0.0,0.0,3816.05,1982.61,0,0.0,0,0,2026-08-24
NIFTY,2030-12-31,18000.0,CE,0.0,0.0,0.0,12674.15,10789.99,0,0.0,0,0,2026-08-24
NIFTY,2026-08-25,22700.0,PE,1.15,1.2,0.2,0.35,0.35,61840,91247351117.0,439205,-523575,2026-08-24
NIFTY,2026-08-25,22850.0,PE,1.3,1.3,0.25,0.4,0.4,38551,57259880135.25,211380,-298545,2026-08-24
NIFTY,2026-08-25,24950.0,PE,619.2,771.65,610.0,748.55,748.55,229,382009410.25,23595,3900,2026-08-24
NIFTY,2026-08-25,25250.0,PE,1052.5,1078.35,1052.5,1053.9,1026.75,4,6840512.25,1625,0,2026-08-24
NIFTY,2026-08-25,25600.0,PE,1275.0,1420.9,1275.0,1394.0,1376.69,73,127957654.5,10270,-3250,2026-08-24
NIFTY,2026-09-01,22700.0,PE,3.05,3.55,2.75,3.3,3.3,9134,13479089906.75,292760,73710,2026-08-24
NIFTY,2026-09-01,23450.0,PE,8.4,8.55,4.7,6.95,6.95,26921,41046461212.25,356005,-4030,2026-08-24
NIFTY,2026-09-01,23500.0,PE,5.8,9.65,5.0,8.0,8.0,97630,149176956532.5,2679300,982800,2026-08-24
NIFTY,2026-09-01,23600.0,PE,8.65,12.85,5.95,10.0,10.0,81534,125122086199.5,2553915,894335,2026-08-24
NIFTY,2026-09-01,24700.0,PE,371.5,506.0,356.7,474.7,474.7,1785,2917735691.0,177905,30030,2026-08-24
NIFTY,2026-09-01,25350.0,PE,0.0,0.0,0.0,1180.85,1105.01,0,0.0,65,0,2026-08-24
NIFTY,2026-09-01,25650.0,PE,0.0,0.0,0.0,1426.15,1398.89,0,0.0,0,0,2026-08-24
NIFTY,2026-09-01,26550.0,PE,0.0,0.0,0.0,2219.65,2295.66,0,0.0,0,0,2026-08-24
NIFTY,2026-09-01,27100.0,PE,0.0,0.0,0.0,2741.55,2844.92,0,0.0,0,0,2026-08-24
NIFTY,2026-09-08,23050.0,PE,6.3,9.85,5.2,8.65,8.65,1000,1498827222.75,28015,7150,2026-08-24
NIFTY,2026-09-08,23450.0,PE,15.05,20.8,8.75,16.85,16.85,675,1029596551.75,41275,13975,2026-08-24
NIFTY,2026-09-08,23550.0,PE,13.25,26.55,13.05,21.85,21.85,513,786006705.25,24505,3510,2026-08-24
NIFTY,2026-09-08,24050.0,PE,76.0,119.2,65.45,104.0,104.0,1736,2724331259.0,50960,-5720,2026-08-24
NIFTY,2026-09-08,24450.0,PE,221.35,312.55,211.7,288.3,288.3,268,430273613.25,13325,3380,2026-08-24
NIFTY,2026-09-08,25050.0,PE,0.0,0.0,0.0,670.9,843.5,0,0.0,0,0,2026-08-24
NIFTY,2026-09-08,25500.0,PE,1130.0,1235.0,1130.0,1235.0,1242.29,3,5199675.0,195,130,2026-08-24
NIFTY,2026-09-08,26100.0,PE,0.0,0.0,0.0,1439.9,1820.1,0,0.0,0,0,2026-08-24
NIFTY,2026-09-15,22450.0,PE,0.0,0.0,0.0,17.6,8.17,0,0.0,0,0,2026-08-24
NIFTY,2026-09-15,23700.0,PE,39.3,63.15,37.35,54.55,54.55,1345,2076711721.5,51870,14105,2026-08-24
NIFTY,2026-09-15,24000.0,PE,85.15,132.35,80.4,116.95,116.95,2504,3923546331.25,107705,36140,2026-08-24
NIFTY,2026-09-15,24200.0,PE,150.05,206.0,133.2,184.8,184.8,2224,3524044416.75,73515,23075,2026-08-24
NIFTY,2026-09-15,24700.0,PE,0.0,0.0,0.0,557.0,615.36,0,0.0,65,0,2026-08-24
NIFTY,2026-09-15,25700.0,PE,0.0,0.0,0.0,1223.4,1424.24,0,0.0,0,0,2026-08-24
NIFTY,2026-09-15,25800.0,PE,0.0,0.0,0.0,1304.65,1516.69,0,0.0,0,0,2026-08-24
NIFTY,2026-09-15,25900.0,PE,0.0,0.0,0.0,1387.75,1610.37,0,0.0,0,0,2026-08-24
NIFTY,2026-09-15,26100.0,PE,0.0,0.0,0.0,1559.2,1800.75,0,0.0,0,0,2026-08-24
NIFTY,2026-09-22,22600.0,PE,0.0,0.0,0.0,41.4,24.26,0,0.0,0,0,2026-08-24
NIFTY,2026-09-22,23300.0,PE,0.0,0.0,0.0,138.95,100.13,0,0.0,0,0,2026-08-24
NIFTY,2026-09-22,23450.0,PE,0.0,0.0,0.0,173.4,129.45,0,0.0,0,0,2026-08-24
NIFTY,2026-09-22,23900.0,PE,0.0,0.0,0.0,314.25,256.03,0,0.0,0,0,2026-08-24
NIFTY,2026-09-22,24300.0,PE,200.0,274.85,199.2,258.65,258.65,266,423968805.0,11180,6175,2026-08-24
NIFTY,2030-06-25,22500.0,CE,0.0,0.0,0.0,9012.4,7239.95,0,0.0,0,0,2026-08-24
NIFTY,2030-12-31,30000.0,CE,0.0,0.0,0.0,5227.2,4051.35,0,0.0,0,0,2026-08-24
NIFTY,2031-06-24,24000.0,CE,0.0,0.0,0.0,7181.9,7448.63,0,0.0,0,0,2026-08-24
NIFTY,2026-08-25,21500.0,PE,0.5,0.6,0.1,0.15,0.15,34577,48321927296.5,1175460,-388570,2026-08-24
NIFTY,2026-08-25,21550.0,PE,0.65,0.7,0.1,0.15,0.15,1316,1843413425.75,27040,-15080,2026-08-24
NIFTY,2031-06-24,33000.0,PE,0.0,0.0,0.0,3810.15,3346.31,0,0.0,0,0,2026-08-24
NIFTY,2031-06-24,22500.0,PE,0.0,0.0,0.0,663.6,496.51,0,0.0,0,0,2026-08-24
NIFTY,2030-12-31,31500.0,PE,0.0,0.0,0.0,1885.5,2974.31,0,0.0,0,0,2026-08-24
NIFTY,2030-12-31,28500.0,PE,0.0,0.0,0.0,1083.1,1881.95,0,0.0,0,0,2026-08-24
NIFTY,2030-12-31,22500.0,PE,0.0,0.0,0.0,219.35,512.06,0,0.0,0,0,2026-08-24
NIFTY,2028-12-26,19500.0,PE,0.0,0.0,0.0,49.0,152.02,0,0.0,0,0,2026-08-24
NIFTY,2028-06-27,31500.0,PE,0.0,0.0,0.0,2935.6,4603.84,0,0.0,0,0,2026-08-24
NIFTY,2028-06-27,22500.0,PE,0.0,0.0,0.0,206.95,506.62,0,0.0,0,0,2026-08-24
NIFTY,2027-12-28,25500.0,PE,0.0,0.0,0.0,676.05,1388.98,0,0.0,0,0,2026-08-24
NIFTY,2027-06-29,16500.0,PE,0.0,0.0,0.0,25.0,1.41,0,0.0,780,0,2026-08-24
NIFTY,2027-03-30,28500.0,PE,0.0,0.0,0.0,2937.15,3468.3,0,0.0,65,0,2026-08-24
NIFTY,2027-03-30,21000.0,PE,75.35,84.5,75.05,80.6,80.6,613,839928108.5,413205,-1950,2026-08-24
NIFTY,2026-12-29,25500.0,PE,930.0,1039.85,920.0,1008.7,1008.7,748,1288124604.0,387920,14300,2026-08-24
NIFTY,2026-10-27,26050.0,PE,0.0,0.0,0.0,1920.65,1704.95,0,0.0,0,0,2026-08-24
NIFTY,2026-10-27,25800.0,PE,0.0,0.0,0.0,1055.9,1505.7,0,0.0,390,0,2026-08-24
NIFTY,2026-10-27,24450.0,PE,345.8,417.3,344.0,406.7,406.7,182,293994782.25,11830,9230,2026-08-24
NIFTY,2026-10-27,23700.0,PE,131.85,165.0,128.05,155.95,155.95,533,826129954.0,195000,4420,2026-08-24
NIFTY,2026-10-27,23200.0,PE,0.0,0.0,0.0,342.0,193.87,0,0.0,0,0,2026-08-24
NIFTY,2026-09-29,30000.0,PE,5582.0,5658.2,5504.5,5593.35,5593.35,12,27746514.25,147030,-65,2026-08-24
NIFTY,2026-09-29,27100.0,PE,0.0,0.0,0.0,2914.15,2715.86,0,0.0,0,0,2026-08-24
NIFTY,2026-09-29,26800.0,PE,2420.0,2440.0,2222.1,2222.1,2424.84,21,39785336.5,1365,1365,2026-08-24
NIFTY,2026-09-29,26650.0,PE,0.0,0.0,0.0,2517.6,2280.9,0,0.0,0,0,2026-08-24
NIFTY,2026-09-29,25800.0,PE,1355.2,1485.0,1355.0,1451.25,1451.25,124,219630336.25,10595,7995,2026-08-24
NIFTY,2026-09-29,24700.0,PE,419.75,527.3,411.75,499.15,499.15,1939,3174158052.0,314860,43940,2026-08-24
NIFTY,2026-09-29,22950.0,PE,24.2,30.95,23.3,28.55,28.55,355,530219966.25,23660,3770,2026-08-24
NIFTY,2026-09-29,22800.0,PE,24.1,25.2,16.35,22.7,22.7,6598,9787768607.5,571350,143325,2026-08-24
NIFTY,2026-09-29,22150.0,PE,13.85,13.85,11.35,13.25,14.07,45,64827818.25,24050,780,2026-08-24
NIFTY,2026-09-29,21850.0,PE,11.35,15.65,11.35,11.85,6.83,23,32683511.25,1950,-520,2026-08-24
NIFTY,2026-09-22,25600.0,PE,0.0,0.0,0.0,1396.5,1335.66,0,0.0,0,0,2026-08-24
NIFTY,2026-09-22,25300.0,PE,0.0,0.0,0.0,1150.25,1084.8,0,0.0,0,0,2026-08-24
NIFTY,2026-09-22,25100.0,PE,0.0,0.0,0.0,997.6,929.88,0,0.0,0,0,2026-08-24
NIFTY,2026-09-22,25000.0,PE,0.0,0.0,0.0,680.0,854.78,0,0.0,0,0,2026-08-24
NIFTY,2026-09-22,24500.0,PE,290.0,381.3,290.0,355.75,355.75,124,200299856.25,4355,2015,2026-08-24
NIFTY,2026-09-22,24350.0,PE,0.0,0.0,0.0,517.75,450.31,0,0.0,0,0,2026-08-24
NIFTY,2026-08-25,21900.0,CE,2312.0,2312.0,2312.0,2312.0,2322.69,6,9442680.0,390,0,2026-08-24
NIFTY,2026-08-25,22950.0,CE,0.0,0.0,0.0,1350.0,1272.87,0,0.0,130,0,2026-08-24
NIFTY,2026-08-25,25450.0,CE,0.7,0.85,0.35,0.5,0.5,61039,100976162443.0,502905,42380,2026-08-24
NIFTY,2026-08-25,26200.0,CE,0.55,0.6,0.3,0.4,0.4,17825,30356487928.0,183300,-153725,2026-08-24
NIFTY,2026-08-25,26800.0,CE,0.6,0.65,0.3,0.4,0.4,2049,3569411446.25,57460,-7150,2026-08-24
NIFTY,2026-09-01,23450.0,CE,0.0,0.0,0.0,700.25,821.67,0,0.0,1040,0,2026-08-24
NIFTY,2026-09-01,24150.0,CE,262.65,274.6,173.85,189.8,189.8,30297,47941585038.75,440440,361465,2026-08-24
NIFTY,2026-09-01,25350.0,CE,4.0,4.0,2.0,2.65,2.65,6708,11054206689.5,53690,10140,2026-08-24
NIFTY,2026-09-01,25450.0,CE,2.8,2.8,1.8,2.35,2.35,2238,3702537410.0,33475,7800,2026-08-24
NIFTY,2026-09-01,25700.0,CE,1.95,1.95,1.3,1.75,1.75,39718,66353305512.0,1270035,1074385,2026-08-24
NIFTY,2026-09-01,26350.0,CE,1.0,1.2,0.8,0.9,0.9,125,214101368.0,2925,1755,2026-08-24
NIFTY,2026-09-01,26900.0,CE,1.0,1.25,0.7,0.9,0.9,161,281517947.75,10725,520,2026-08-24
NIFTY,2026-09-01,27050.0,CE,1.05,1.05,0.85,1.0,1.0,57,100223841.25,3965,2210,2026-08-24
NIFTY,2026-09-08,22400.0,CE,0.0,0.0,0.0,2357.75,1876.71,0,0.0,0,0,2026-08-24
NIFTY,2026-09-08,22750.0,CE,0.0,0.0,0.0,2023.95,1532.86,0,0.0,0,0,2026-08-24
NIFTY,2026-09-08,23000.0,CE,1245.0,1245.0,1245.0,1245.0,1292.87,2,3151850.0,130,130,2026-08-24
NIFTY,2026-09-08,23350.0,CE,0.0,0.0,0.0,1481.65,972.95,0,0.0,0,0,2026-08-24
NIFTY,2026-09-08,23500.0,CE,890.0,890.0,756.15,779.65,779.65,269,424534763.25,15080,12740,2026-08-24
NIFTY,2026-09-08,24250.0,CE,263.0,271.25,181.75,195.35,195.35,3136,4986663584.5,98475,44200,2026-08-24
NIFTY,2026-09-08,24350.0,CE,200.3,205.4,136.3,146.6,146.6,2086,3323743263.75,58825,20475,2026-08-24
NIFTY,2026-09-15,23850.0,CE,0.0,0.0,0.0,963.95,653.08,0,0.0,0,0,2026-08-24
NIFTY,2026-09-15,24200.0,CE,340.25,352.85,265.0,277.55,277.55,1962,3123493818.25,101660,62400,2026-08-24
NIFTY,2026-09-15,24250.0,CE,310.2,311.6,236.9,248.45,248.45,316,503529887.25,18980,8125,2026-08-24
NIFTY,2026-09-15,24450.0,CE,194.4,197.3,143.5,154.95,154.95,69,110323073.25,6305,2405,2026-08-24
NIFTY,2026-09-15,24750.0,CE,0.0,0.0,0.0,438.3,208.28,0,0.0,0,0,2026-08-24
NIFTY,2026-09-15,24950.0,CE,0.0,0.0,0.0,355.5,152.74,0,0.0,0,0,2026-08-24
NIFTY,2026-09-22,23700.0,PE,0.0,0.0,0.0,244.2,191.93,0,0.0,0,0,2026-08-24
NIFTY,2026-09-15,25950.0,PE,0.0,0.0,0.0,1430.0,1657.62,0,0.0,0,0,2026-08-24
NIFTY,2026-09-15,24100.0,PE,106.7,165.25,102.25,146.1,146.1,834,1314173581.5,24180,10855,2026-08-24
NIFTY,2026-09-15,23850.0,PE,0.0,0.0,0.0,204.05,196.93,0,0.0,0,0,2026-08-24
NIFTY,2026-09-15,23800.0,PE,50.6,82.0,47.05,69.3,69.3,1506,2336307337.0,105885,18980,2026-08-24
NIFTY,2026-09-08,26350.0,PE,0.0,0.0,0.0,1656.4,2067.08,0,0.0,0,0,2026-08-24
NIFTY,2026-09-08,25700.0,PE,0.0,0.0,0.0,1116.5,1431.2,0,0.0,0,0,2026-08-24
NIFTY,2026-09-08,25100.0,PE,0.0,0.0,0.0,701.05,885.38,0,0.0,0,0,2026-08-24
NIFTY,2026-09-08,24500.0,PE,255.25,350.0,240.0,322.35,322.35,8025,12943578264.5,174655,-181220,2026-08-24
NIFTY,2026-09-08,24400.0,PE,200.0,282.0,184.0,258.7,258.7,6193,9914957331.5,189735,46150,2026-08-24
NIFTY,2026-09-08,23300.0,PE,9.0,15.0,7.1,12.0,12.0,5013,7596186591.5,146835,70720,2026-08-24
NIFTY,2026-09-01,26600.0,PE,0.0,0.0,0.0,2266.3,2345.59,0,0.0,0,0,2026-08-24
NIFTY,2026-09-01,26100.0,PE,0.0,0.0,0.0,1810.35,1846.44,0,0.0,0,0,2026-08-24
NIFTY,2026-09-01,25400.0,PE,1035.0,1192.4,1035.0,1148.9,1148.9,38,65514195.5,1950,1625,2026-08-24
NIFTY,2026-09-01,25250.0,PE,0.0,0.0,0.0,985.8,1009.02,0,0.0,260,0,2026-08-24
NIFTY,2026-09-01,24950.0,PE,610.0,735.85,610.0,715.0,732.59,28,46667702.25,975,0,2026-08-24
NIFTY,2026-09-01,24650.0,PE,339.3,459.25,317.1,430.3,430.3,1429,2327910802.75,40170,-9295,2026-08-24
NIFTY,2026-09-15,25350.0,CE,0.0,0.0,0.0,224.65,74.91,0,0.0,0,0,2026-08-24
