SYMBOL,EXPIRY_DT,STRIKE_PR,OPTION_TYP,OPEN,HIGH,LOW,CLOSE,SETTLE_PR,CONTRACTS,VAL_INLAKH,OPEN_INT,CHG_IN_OI,TIMESTAMP
NIFTY,2026-09-29,26150.0,PE,0.0,0.0,0.0,2098.2,2177.15,0,0.0,0,0,2026-07-24
NIFTY,2028-06-27,18000.0,PE,0.0,0.0,0.0,396.75,75.8,0,0.0,0,0,2026-07-24
NIFTY,2027-12-28,30000.0,PE,0.0,0.0,0.0,4150.0,4277.45,0,0.0,130,0,2026-07-24
NIFTY,2027-12-28,22500.0,PE,0.0,0.0,0.0,186.5,589.5,0,0.0,0,0,2026-07-24
NIFTY,2026-07-28,21850.0,CE,0.0,0.0,0.0,2031.2,1931.95,0,0.0,65,0,2026-07-24
NIFTY,2026-07-28,22400.0,CE,1445.0,1445.0,1445.0,1445.0,1382.35,1,1549925.0,715,0,2026-07-24
NIFTY,2026-07-28,23500.0,CE,250.0,376.0,216.0,334.0,334.0,521453,805762254043.5,968175,148005,2026-07-24
NIFTY,2026-07-28,23600.0,CE,192.7,290.0,152.7,250.65,250.65,1839548,2845320152197.25,1045915,678600,2026-07-24
NIFTY,2026-07-28,23700.0,CE,132.9,213.9,102.0,176.9,176.9,4230604,6557223526522.5,4000620,3204565,2026-07-24
NIFTY,2026-07-28,24800.0,CE,1.95,4.2,1.55,1.85,1.85,912804,1471571132593.25,6389240,61490,2026-07-24
NIFTY,2026-07-28,24900.0,CE,2.2,2.45,1.3,1.5,1.5,395335,639898157466.75,3492320,55575,2026-07-24
NIFTY,2026-07-28,25050.0,CE,1.95,2.2,1.15,1.3,1.3,55911,91042952724.75,651365,-274105,2026-07-24
NIFTY,2026-07-28,25400.0,CE,1.15,1.5,0.65,0.75,0.75,156774,258844247333.75,3614390,-299910,2026-07-24
NIFTY,2026-08-04,22750.0,CE,0.0,0.0,0.0,1368.05,1076.2,0,0.0,0,0,2026-07-24
NIFTY,2026-08-04,22800.0,CE,899.85,1055.9,890.0,1038.05,1038.05,66,102275995.25,3900,3900,2026-07-24
NIFTY,2026-08-04,24550.0,CE,19.0,24.65,15.1,18.8,18.8,12702,20285702736.0,223730,64675,2026-07-24
NIFTY,2026-08-04,24600.0,CE,14.15,20.85,14.0,15.15,15.15,62639,100228117548.0,824590,106210,2026-07-24
NIFTY,2026-08-04,24700.0,CE,16.5,16.5,9.0,10.15,10.15,64455,103530124399.0,1005550,445900,2026-07-24
NIFTY,2026-08-04,25100.0,CE,5.2,5.2,2.45,2.6,2.6,43720,71339495893.25,1094535,768820,2026-07-24
NIFTY,2026-08-04,25500.0,CE,2.2,3.0,1.45,1.55,1.55,36875,61125499942.0,965900,529490,2026-07-24
NIFTY,2026-08-11,22700.0,CE,0.0,0.0,0.0,1867.15,1173.65,0,0.0,0,0,2026-07-24
NIFTY,2026-08-11,23250.0,CE,0.0,0.0,0.0,722.6,719.4,0,0.0,390,0,2026-07-24
NIFTY,2026-08-11,23350.0,CE,536.75,616.1,509.8,607.25,646.2,51,79178151.0,2275,1430,2026-07-24
NIFTY,2026-08-11,25500.0,CE,4.45,6.8,2.55,3.35,3.35,2915,4832424434.5,86645,52910,2026-07-24
NIFTY,2026-08-11,25550.0,CE,5.1,5.5,4.5,4.5,4.5,10,16610743.5,2470,0,2026-07-24
NIFTY,2026-08-11,25900.0,CE,3.65,4.85,2.1,2.25,2.25,119,200363348.25,1625,-65,2026-07-24
NIFTY,2026-08-18,23550.0,CE,0.0,0.0,0.0,655.25,590.45,0,0.0,455,0,2026-07-24
NIFTY,2026-08-18,24650.0,CE,59.2,68.75,54.75,63.95,63.95,355,570192675.0,12480,7085,2026-07-24
NIFTY,2026-08-18,25700.0,CE,6.95,7.15,6.35,6.55,20.7,12,20051258.5,130,130,2026-07-24
NIFTY,2026-08-25,23900.0,CE,329.45,388.0,300.3,366.3,366.3,12536,19754923363.5,430755,38805,2026-07-24
NIFTY,2026-08-25,25400.0,CE,16.15,19.9,15.0,18.35,18.35,4463,7373657099.25,233610,8515,2026-07-24
NIFTY,2026-08-25,25500.0,CE,13.95,16.35,11.9,14.7,14.7,28603,47436808532.75,1849055,11115,2026-07-24
NIFTY,2026-08-25,25800.0,CE,9.05,9.75,6.8,8.4,8.4,335,561984020.0,10075,10075,2026-07-24
NIFTY,2026-09-01,22300.0,CE,0.0,0.0,0.0,2078.55,1682.9,0,0.0,0,0,2026-07-24
NIFTY,2026-09-01,22800.0,CE,0.0,0.0,0.0,1629.4,1259.2,0,0.0,0,0,2026-07-24
NIFTY,2026-09-01,22950.0,CE,0.0,0.0,0.0,1501.8,1141.95,0,0.0,0,0,2026-07-24
NIFTY,2026-09-01,24650.0,CE,0.0,0.0,0.0,422.75,247.6,0,0.0,0,0,2026-07-24
NIFTY,2026-09-01,25100.0,CE,0.0,0.0,0.0,267.8,143.25,0,0.0,0,0,2026-07-24
NIFTY,2026-09-01,25300.0,CE,0.0,0.0,0.0,215.9,110.0,0,0.0,0,0,2026-07-24
NIFTY,2026-09-01,25600.0,CE,0.0,0.0,0.0,151.35,72.25,0,0.0,0,0,2026-07-24
NIFTY,2026-09-29,15000.0,CE,0.0,0.0,0.0,10499.3,8947.85,0,0.0,0,0,2026-07-24
NIFTY,2026-09-29,18000.0,CE,0.0,0.0,0.0,6137.7,5983.9,0,0.0,1300,0,2026-07-24
NIFTY,2026-09-29,22300.0,CE,0.0,0.0,0.0,1833.95,1859.7,0,0.0,195,0,2026-07-24
NIFTY,2026-09-29,22350.0,CE,0.0,0.0,0.0,1788.15,1818.15,0,0.0,195,0,2026-07-24
NIFTY,2026-09-29,23200.0,CE,985.2,1068.5,950.0,1068.5,1176.65,25,39289708.25,1885,585,2026-07-24
NIFTY,2026-09-29,23400.0,CE,877.95,896.15,810.0,896.15,896.15,70,110256672.5,2015,1040,2026-07-24
NIFTY,2026-09-29,23450.0,CE,0.0,0.0,0.0,1136.05,1015.45,0,0.0,585,0,2026-07-24
NIFTY,2026-09-29,23500.0,CE,769.0,861.15,744.2,831.15,831.15,1629,2571952831.5,123110,34775,2026-07-24
NIFTY,2029-12-24,19500.0,PE,0.0,0.0,0.0,61.2,236.9,0,0.0,0,0,2026-07-24
NIFTY,2026-09-29,23650.0,CE,0.0,0.0,0.0,788.95,896.4,0,0.0,585,0,2026-07-24
NIFTY,2026-09-29,24250.0,CE,391.65,416.8,360.0,405.0,405.0,49,78444860.0,8710,-585,2026-07-24
NIFTY,2026-09-29,25050.0,CE,137.9,149.0,127.15,141.2,141.2,289,473153164.25,11960,-650,2026-07-24
NIFTY,2026-09-29,25250.0,CE,0.0,0.0,0.0,422.05,263.3,0,0.0,0,0,2026-07-24
NIFTY,2026-09-29,25300.0,CE,90.0,104.05,87.6,96.85,96.85,2897,4781992124.0,135265,28340,2026-07-24
NIFTY,2026-12-29,18000.0,CE,0.0,0.0,0.0,6755.0,6275.6,0,0.0,2145,0,2026-07-24
NIFTY,2026-12-29,34500.0,CE,0.0,0.0,0.0,7.05,0.8,0,0.0,650,0,2026-07-24
NIFTY,2027-03-30,22500.0,CE,2405.35,2432.65,2399.0,2399.0,2691.5,26,42123597.75,1755,1560,2026-07-24
NIFTY,2028-12-26,16500.0,CE,0.0,0.0,0.0,12176.65,9746.6,0,0.0,0,0,2026-07-24
NIFTY,2029-06-26,27000.0,CE,0.0,0.0,0.0,6570.4,3448.1,0,0.0,0,0,2026-07-24
NIFTY,2029-12-24,25500.0,CE,0.0,0.0,0.0,6500.6,4760.9,0,0.0,0,0,2026-07-24
NIFTY,2029-12-24,30000.0,CE,0.0,0.0,0.0,2863.2,2858.6,0,0.0,8145,0,2026-07-24
NIFTY,2030-12-31,21000.0,CE,0.0,0.0,0.0,10552.5,8495.25,0,0.0,0,0,2026-07-24
NIFTY,2031-06-24,27000.0,CE,0.0,0.0,0.0,5699.0,5752.2,0,0.0,0,0,2026-07-24
NIFTY,2026-07-28,21250.0,PE,0.95,1.1,0.6,0.7,0.7,1935,2672825541.75,36790,1690,2026-07-24
NIFTY,2026-07-28,21800.0,PE,0.75,2.25,0.75,1.0,1.0,44778,63454102504.0,1250600,255905,2026-07-24
NIFTY,2026-07-28,22200.0,PE,1.15,2.85,1.1,1.25,1.25,111120,160358899844.0,1011855,233285,2026-07-24
NIFTY,2026-07-28,24350.0,PE,648.3,718.0,509.35,551.15,551.15,3874,6288472671.0,116610,-96200,2026-07-24
NIFTY,2026-07-28,25000.0,PE,1281.1,1363.0,1154.2,1200.7,1200.7,6447,11001049315.75,1407315,-210730,2026-07-24
NIFTY,2026-07-28,25100.0,PE,1339.0,1459.5,1265.0,1314.5,1314.5,119,204681168.25,38480,-6760,2026-07-24
NIFTY,2026-07-28,25200.0,PE,1454.05,1552.6,1375.0,1375.0,1415.9,65,112862561.5,102440,-3640,2026-07-24
NIFTY,2026-07-28,25950.0,PE,0.0,0.0,0.0,2074.8,2165.35,0,0.0,520,0,2026-07-24
NIFTY,2026-07-28,26300.0,PE,2600.0,2659.8,2454.0,2501.65,2501.65,1537,2881800444.25,459485,-58955,2026-07-24
NIFTY,2026-08-04,22100.0,PE,5.25,9.5,4.65,5.65,5.65,4114,5911612944.25,64350,25155,2026-07-24
NIFTY,2026-08-04,22400.0,PE,8.6,15.0,7.2,7.8,7.8,13492,19653586806.75,133640,80145,2026-07-24
NIFTY,2026-08-04,23050.0,PE,32.5,63.2,28.3,31.1,31.1,16692,25054138170.75,443885,390715,2026-07-24
NIFTY,2026-08-04,24350.0,PE,642.75,730.45,545.0,560.65,560.65,50,81147001.0,14755,-1365,2026-07-24
NIFTY,2026-08-04,25350.0,PE,0.0,0.0,0.0,1332.5,1540.45,0,0.0,65,0,2026-07-24
NIFTY,2026-08-04,25600.0,PE,0.0,0.0,0.0,1597.05,1787.45,0,0.0,130,0,2026-07-24
NIFTY,2026-08-11,22150.0,PE,12.55,21.0,10.6,12.95,12.95,196,282417596.5,5005,1105,2026-07-24
NIFTY,2026-08-11,23000.0,PE,63.95,95.6,53.65,57.7,57.7,8062,12090322604.75,188175,58630,2026-07-24
NIFTY,2026-08-11,23250.0,PE,107.35,149.3,89.1,96.8,96.8,451,684850484.5,14430,2470,2026-07-24
NIFTY,2027-12-28,19500.0,PE,0.0,0.0,0.0,29.25,134.25,0,0.0,0,0,2026-07-24
NIFTY,2026-12-29,12000.0,PE,8.8,8.8,4.6,6.65,6.65,16,12487263.75,21530,-130,2026-07-24
NIFTY,2026-09-29,33000.0,PE,0.0,0.0,0.0,6552.15,8835.8,0,0.0,0,0,2026-07-24
NIFTY,2026-09-29,25700.0,PE,0.0,0.0,0.0,1665.0,1795.6,0,0.0,65,0,2026-07-24
NIFTY,2026-09-29,25650.0,PE,0.0,0.0,0.0,1708.05,1754.8,0,0.0,0,0,2026-07-24
NIFTY,2026-09-29,24950.0,PE,0.0,0.0,0.0,940.9,1223.5,0,0.0,260,0,2026-07-24
NIFTY,2026-09-29,24750.0,PE,0.0,0.0,0.0,814.4,1087.8,0,0.0,32695,0,2026-07-24
NIFTY,2026-08-11,24000.0,PE,418.0,491.45,340.0,360.55,360.55,2739,4345321191.25,229515,21385,2026-07-24
NIFTY,2026-08-11,24650.0,PE,0.0,0.0,0.0,578.25,900.25,0,0.0,195,0,2026-07-24
NIFTY,2026-08-11,24900.0,PE,0.0,0.0,0.0,910.4,1112.8,0,0.0,65,0,2026-07-24
NIFTY,2026-08-11,25950.0,PE,0.0,0.0,0.0,1497.75,2108.9,0,0.0,0,0,2026-07-24
NIFTY,2026-08-18,22700.0,PE,54.95,80.0,50.0,53.0,53.0,162,239718618.75,14300,3055,2026-07-24
NIFTY,2026-08-18,23100.0,PE,108.35,154.25,99.8,104.9,104.9,242,365310302.5,12740,8450,2026-07-24
NIFTY,2026-09-29,23400.0,PE,327.45,362.6,285.95,291.95,291.95,912,1406051416.25,49335,3900,2026-07-24
NIFTY,2026-09-29,22600.0,PE,137.2,164.5,126.1,133.7,133.7,667,986196516.5,34450,2470,2026-07-24
NIFTY,2026-09-29,22550.0,PE,129.15,154.05,120.3,121.0,121.0,49,72260327.75,7865,-195,2026-07-24
NIFTY,2026-08-25,22300.0,PE,40.45,58.45,38.1,41.5,41.5,4716,6851212358.25,370760,9360,2026-07-24
NIFTY,2026-09-29,21950.0,PE,78.55,85.05,66.2,68.5,79.0,18,25771687.5,3380,260,2026-07-24
NIFTY,2026-09-29,21000.0,PE,35.0,42.55,31.25,34.85,34.85,6490,8874632263.25,1625585,-95355,2026-07-24
NIFTY,2026-08-18,23800.0,PE,340.0,409.6,294.05,307.3,307.3,614,963307855.25,19695,1430,2026-07-24
NIFTY,2026-08-18,23950.0,PE,418.2,477.0,362.9,367.15,367.15,106,167743839.25,4225,-1105,2026-07-24
NIFTY,2026-08-18,24300.0,PE,657.75,696.75,576.15,584.45,671.45,33,53409222.75,2470,520,2026-07-24
NIFTY,2026-08-18,25200.0,PE,0.0,0.0,0.0,1165.4,1384.35,0,0.0,0,0,2026-07-24
NIFTY,2026-08-18,25800.0,PE,0.0,0.0,0.0,1669.7,1942.6,0,0.0,0,0,2026-07-24
NIFTY,2026-08-25,21650.0,PE,20.35,26.7,19.85,21.3,21.3,54,76074729.25,2925,1690,2026-07-24
NIFTY,2026-09-01,25900.0,PE,0.0,0.0,0.0,1635.9,1996.9,0,0.0,0,0,2026-07-24
NIFTY,2026-09-01,25750.0,PE,0.0,0.0,0.0,1508.85,1859.8,0,0.0,0,0,2026-07-24
NIFTY,2026-09-01,25300.0,PE,0.0,0.0,0.0,1152.1,1465.05,0,0.0,0,0,2026-07-24
NIFTY,2026-09-01,24300.0,PE,0.0,0.0,0.0,524.25,725.35,0,0.0,0,0,2026-07-24
NIFTY,2026-09-01,24050.0,PE,0.0,0.0,0.0,410.25,580.7,0,0.0,0,0,2026-07-24
NIFTY,2026-09-01,22950.0,PE,0.0,0.0,0.0,104.35,163.45,0,0.0,0,0,2026-07-24
NIFTY,2026-09-01,22350.0,PE,0.0,0.0,0.0,39.0,64.3,0,0.0,0,0,2026-07-24
NIFTY,2026-08-25,25950.0,PE,2100.0,2100.0,2100.0,2100.0,2058.6,1,1823250.0,260,65,2026-07-24
NIFTY,2026-08-25,25400.0,PE,1595.0,1595.0,1500.0,1575.25,1575.25,5,8759741.25,3250,260,2026-07-24
NIFTY,2026-08-25,24500.0,PE,819.95,902.0,720.05,751.95,751.95,8391,13801227245.0,2226185,-29445,2026-07-24
NIFTY,2026-08-25,24050.0,PE,506.6,586.2,443.95,452.65,452.65,683,1090573487.25,82095,1300,2026-07-24
NIFTY,2026-08-25,23750.0,PE,355.4,425.0,308.05,325.2,325.2,1807,2832648429.0,46605,17550,2026-07-24
NIFTY,2026-08-25,22950.0,PE,107.7,149.0,98.95,105.9,105.9,486,728776574.5,49985,9035,2026-07-24
NIFTY,2030-12-31,27000.0,PE,0.0,0.0,0.0,779.5,1601.7,0,0.0,0,0,2026-07-24
NIFTY,2029-06-26,26000.0,PE,0.0,0.0,0.0,1650.0,1582.0,0,0.0,50,0,2026-07-24
NIFTY,2026-12-29,31500.0,PE,0.0,0.0,0.0,4059.3,6857.95,0,0.0,0,0,2026-07-24
NIFTY,2026-12-29,28000.0,PE,3500.0,3605.7,3428.35,3457.0,3457.0,197,403782678.0,845295,1845,2026-07-24
NIFTY,2026-12-29,21000.0,PE,86.8,107.4,86.8,92.9,92.9,3838,5263359877.75,967635,40625,2026-07-24
NIFTY,2026-09-29,26100.0,PE,0.0,0.0,0.0,2057.7,2133.6,0,0.0,0,0,2026-07-24
NIFTY,2026-09-29,25500.0,PE,1554.5,1672.6,1486.8,1524.25,1524.25,437,768684254.0,298610,-2600,2026-07-24
NIFTY,2026-09-29,25100.0,PE,0.0,0.0,0.0,1046.35,1330.25,0,0.0,1560,0,2026-07-24
NIFTY,2026-09-29,23800.0,PE,433.15,516.3,418.2,434.85,434.85,1325,2089738657.5,131105,15860,2026-07-24
NIFTY,2026-09-29,23100.0,PE,240.8,272.0,208.7,219.25,219.25,506,767487909.5,84175,1690,2026-07-24
NIFTY,2026-09-29,22700.0,PE,153.1,181.3,139.85,151.25,151.25,435,646287245.5,41990,2795,2026-07-24
NIFTY,2026-09-29,22000.0,PE,70.0,89.7,66.25,69.55,69.55,5589,8019649137.5,723970,52715,2026-07-24
NIFTY,2026-09-01,24600.0,PE,0.0,0.0,0.0,684.35,922.1,0,0.0,0,0,2026-07-24
NIFTY,2026-09-01,23650.0,PE,0.0,0.0,0.0,264.15,388.2,0,0.0,0,0,2026-07-24
NIFTY,2026-09-01,23150.0,PE,0.0,0.0,0.0,139.2,213.9,0,0.0,0,0,2026-07-24
NIFTY,2026-09-01,22900.0,PE,113.05,153.95,111.1,122.55,122.55,47,70370556.75,2860,2860,2026-07-24
NIFTY,2026-09-01,22300.0,PE,0.0,0.0,0.0,35.6,59.0,0,0.0,0,0,2026-07-24
NIFTY,2026-08-25,26300.0,PE,2446.3,2581.05,2366.05,2411.65,2411.65,1230,2299130544.75,155740,71500,2026-07-24
NIFTY,2026-08-25,25900.0,PE,1900.0,2172.9,1900.0,2005.3,2011.35,55,100110107.5,3120,2860,2026-07-24
NIFTY,2026-08-25,25650.0,PE,0.0,0.0,0.0,1696.2,1778.3,0,0.0,0,0,2026-07-24
NIFTY,2026-08-25,24650.0,PE,980.1,990.9,966.1,980.0,937.55,5,8328661.25,1950,-195,2026-07-24
NIFTY,2026-08-25,24100.0,PE,545.0,620.5,470.55,494.4,494.4,7888,12642467548.75,1506375,-212420,2026-07-24
NIFTY,2026-08-25,23950.0,PE,466.6,529.4,394.25,410.65,410.65,498,789929624.25,27950,-3835,2026-07-24
NIFTY,2026-08-25,23900.0,PE,436.35,502.3,369.7,390.65,390.65,9676,15299770463.25,484445,-22620,2026-07-24
NIFTY,2026-08-25,23300.0,PE,187.5,242.05,164.55,172.0,172.0,8422,12863059290.25,470080,68445,2026-07-24
NIFTY,2026-08-25,21250.0,PE,13.3,20.4,13.3,14.75,14.75,71,98145414.25,4940,-65,2026-07-24
NIFTY,2026-08-18,25550.0,PE,0.0,0.0,0.0,1452.05,1705.2,0,0.0,0,0,2026-07-24
NIFTY,2026-08-18,24250.0,PE,619.9,680.95,619.9,680.95,638.65,6,9715709.25,1105,-390,2026-07-24
NIFTY,2026-08-18,24050.0,PE,500.8,549.2,450.65,450.65,516.3,37,59076134.0,3185,-455,2026-07-24
NIFTY,2026-08-18,23300.0,PE,159.05,207.0,136.2,141.05,141.05,343,523183274.25,13715,10595,2026-07-24
NIFTY,2026-08-11,25700.0,PE,0.0,0.0,0.0,1288.7,1863.55,0,0.0,0,0,2026-07-24
NIFTY,2026-08-11,24400.0,PE,757.0,792.3,616.05,651.65,651.65,95,154985665.25,10920,-2470,2026-07-24
NIFTY,2026-08-11,23650.0,PE,217.65,298.85,191.0,199.65,199.65,1596,2479182384.25,18850,2015,2026-07-24
NIFTY,2026-08-11,23600.0,PE,242.0,275.5,172.65,184.35,184.35,4406,6822581525.5,69160,26325,2026-07-24
NIFTY,2026-08-11,23450.0,PE,168.25,212.8,134.0,141.5,141.5,564,865891487.5,10790,5395,2026-07-24
NIFTY,2026-08-04,25850.0,PE,0.0,0.0,0.0,1911.25,2036.0,0,0.0,0,0,2026-07-24
NIFTY,2026-08-04,25550.0,PE,0.0,0.0,0.0,1538.4,1737.9,0,0.0,195,0,2026-07-24
NIFTY,2026-08-04,25450.0,PE,0.0,0.0,0.0,1480.0,1639.0,0,0.0,65,0,2026-07-24
NIFTY,2026-08-04,24000.0,PE,380.0,456.3,286.35,311.0,311.0,37702,59697559629.5,1388270,-134095,2026-07-24
NIFTY,2026-08-04,23250.0,PE,72.6,100.3,47.95,52.55,52.55,15847,24014231260.5,447915,357565,2026-07-24
NIFTY,2026-08-04,23100.0,PE,45.2,70.45,32.3,35.8,35.8,44202,66501835517.0,853450,253175,2026-07-24
NIFTY,2026-08-04,22700.0,PE,16.15,27.8,12.75,13.9,13.9,38198,56405958150.75,390520,235170,2026-07-24
NIFTY,2026-08-04,21800.0,PE,3.55,6.9,3.45,4.4,4.4,4872,6905325128.0,229450,11115,2026-07-24
NIFTY,2026-07-28,26050.0,PE,0.0,0.0,0.0,2175.5,2265.3,0,0.0,1040,0,2026-07-24
NIFTY,2026-07-28,25850.0,PE,2050.0,2050.0,2050.0,2050.0,2065.45,1,1813500.0,260,-65,2026-07-24
NIFTY,2026-07-28,25450.0,PE,0.0,0.0,0.0,1500.0,1665.7,0,0.0,195,0,2026-07-24
NIFTY,2026-07-28,24700.0,PE,814.85,1063.25,814.85,894.75,894.75,1998,3330323171.5,155870,-83200,2026-07-24
NIFTY,2026-07-28,24400.0,PE,704.0,767.6,557.5,597.65,597.65,5092,8295456929.5,735800,-86385,2026-07-24
NIFTY,2026-07-28,24000.0,PE,305.0,389.55,205.75,237.1,237.1,539815,851653562711.25,4687735,-1594385,2026-07-24
NIFTY,2026-07-28,23750.0,PE,132.3,199.0,73.1,91.8,91.8,3425179,5312826679293.25,3893110,2078245,2026-07-24
NIFTY,2026-07-28,23700.0,PE,119.9,169.4,57.45,72.15,72.15,5657061,8753055953781.75,8310250,3227510,2026-07-24
NIFTY,2026-07-28,23350.0,PE,20.55,44.55,11.4,14.1,14.1,810717,1231743229609.75,2924155,745550,2026-07-24
NIFTY,2026-07-28,23300.0,PE,17.0,36.25,9.3,11.45,11.45,1381336,2093796753941.75,7793175,2941575,2026-07-24
NIFTY,2026-07-28,23000.0,PE,10.0,11.75,4.05,5.05,5.05,1544770,2310128429131.25,13221585,2541110,2026-07-24
NIFTY,2026-07-28,22650.0,PE,3.0,4.8,1.7,2.5,2.5,162701,239569603718.25,741390,140400,2026-07-24
NIFTY,2026-07-28,21700.0,PE,1.0,1.55,0.7,0.8,0.8,33669,47492602381.25,250705,6760,2026-07-24
NIFTY,2026-07-28,21400.0,PE,1.1,1.1,0.6,0.7,0.7,19128,26608192552.5,348270,106925,2026-07-24
NIFTY,2026-07-28,21300.0,PE,0.6,1.05,0.6,0.7,0.7,15008,20779400040.75,784225,64415,2026-07-24
NIFTY,2029-12-24,27000.0,CE,0.0,0.0,0.0,6201.65,4043.9,0,0.0,0,0,2026-07-24
NIFTY,2029-06-26,24000.0,CE,0.0,0.0,0.0,8085.35,4961.6,0,0.0,0,0,2026-07-24
NIFTY,2028-12-26,19500.0,CE,0.0,0.0,0.0,9716.4,7354.6,0,0.0,0,0,2026-07-24
NIFTY,2028-06-27,21000.0,CE,0.0,0.0,0.0,5226.55,5625.8,0,0.0,0,0,2026-07-24
NIFTY,2027-06-29,18000.0,CE,0.0,0.0,0.0,4066.45,6860.7,0,0.0,0,0,2026-07-24
NIFTY,2026-12-29,30000.0,CE,17.55,19.95,17.05,19.1,19.1,1178,2298577541.0,780285,30290,2026-07-24
NIFTY,2026-12-29,24000.0,CE,980.0,1047.0,951.0,1027.05,1027.05,4742,7702502541.5,835135,48685,2026-07-24
NIFTY,2026-09-29,34500.0,CE,1.55,1.55,0.8,0.95,0.95,72,161464975.75,9815,0,2026-07-24
NIFTY,2026-09-29,25350.0,CE,0.0,0.0,0.0,393.25,239.65,0,0.0,0,0,2026-07-24
NIFTY,2026-09-29,24200.0,CE,419.85,448.95,381.05,429.15,429.15,1568,2508967103.5,135460,-2015,2026-07-24
NIFTY,2026-09-29,23950.0,CE,527.7,572.75,493.7,554.8,734.85,24,38219444.25,2730,845,2026-07-24
NIFTY,2026-09-29,22950.0,CE,0.0,0.0,0.0,1377.2,1352.2,0,0.0,390,0,2026-07-24
NIFTY,2026-09-29,22500.0,CE,1520.25,1630.0,1480.0,1618.7,1618.7,264,412732775.0,174785,2860,2026-07-24
NIFTY,2026-09-29,21900.0,CE,0.0,0.0,0.0,2350.0,2204.6,0,0.0,130,0,2026-07-24
NIFTY,2026-09-01,25750.0,CE,0.0,0.0,0.0,125.8,57.9,0,0.0,0,0,2026-07-24
NIFTY,2026-09-01,24300.0,CE,0.0,0.0,0.0,581.1,363.3,0,0.0,0,0,2026-07-24
NIFTY,2026-09-01,24200.0,CE,0.0,0.0,0.0,632.65,402.55,0,0.0,0,0,2026-07-24
NIFTY,2026-09-01,24050.0,CE,0.0,0.0,0.0,715.35,466.9,0,0.0,0,0,2026-07-24
NIFTY,2026-09-01,23700.0,CE,475.0,530.0,475.0,530.0,643.35,3,4720625.0,65,65,2026-07-24
NIFTY,2026-08-25,25700.0,CE,8.85,11.7,8.6,10.05,10.05,2786,4655904766.5,110565,-25480,2026-07-24
NIFTY,2026-08-25,25650.0,CE,9.5,13.0,9.5,10.95,10.95,504,840673746.25,34645,-23595,2026-07-24
NIFTY,2026-08-25,24350.0,CE,153.85,186.4,141.25,174.0,174.0,877,1397268892.5,45370,1950,2026-07-24
NIFTY,2026-08-25,24150.0,CE,229.6,265.55,201.1,247.7,247.7,1136,1800069735.75,63245,-7800,2026-07-24
NIFTY,2026-08-25,23300.0,CE,698.6,770.0,638.5,747.15,747.15,622,969435652.25,26065,13195,2026-07-24
NIFTY,2026-08-25,22650.0,CE,0.0,0.0,0.0,1560.55,1329.65,0,0.0,845,0,2026-07-24
NIFTY,2026-08-25,21550.0,CE,0.0,0.0,0.0,2758.3,2349.2,0,0.0,0,0,2026-07-24
NIFTY,2026-08-25,21450.0,CE,0.0,0.0,0.0,2848.15,2446.9,0,0.0,0,0,2026-07-24
NIFTY,2026-08-18,25850.0,CE,5.55,9.5,5.0,5.35,15.0,22,36973472.25,195,65,2026-07-24
NIFTY,2026-08-18,25800.0,CE,5.55,6.95,5.0,5.15,5.15,39,65418814.5,1625,1430,2026-07-24
NIFTY,2026-08-18,24950.0,CE,0.0,0.0,0.0,222.15,87.5,0,0.0,0,0,2026-07-24
NIFTY,2026-08-18,23300.0,CE,0.0,0.0,0.0,1060.7,753.75,0,0.0,0,0,2026-07-24
NIFTY,2026-08-11,25000.0,CE,18.0,18.0,11.8,13.1,13.1,6777,11018906057.25,228930,80145,2026-07-24
NIFTY,2026-08-11,24700.0,CE,29.45,38.0,28.2,31.2,31.2,6110,9822331922.0,140335,-17225,2026-07-24
NIFTY,2026-08-11,24600.0,CE,45.0,50.35,36.75,41.95,41.95,6432,10302312332.0,197080,44785,2026-07-24
NIFTY,2026-08-11,24350.0,CE,67.8,99.1,67.8,87.35,87.35,1211,1923192111.75,24505,-3185,2026-07-24
NIFTY,2026-08-11,23850.0,CE,270.0,299.25,218.7,276.7,276.7,1388,2175124581.5,30485,4745,2026-07-24
NIFTY,2026-08-11,21700.0,CE,0.0,0.0,0.0,2828.05,2133.7,0,0.0,0,0,2026-07-24
NIFTY,2026-08-04,26100.0,CE,2.0,2.25,1.05,1.1,1.1,969,1644007504.75,20800,-3510,2026-07-24
NIFTY,2026-08-04,25150.0,CE,4.4,4.55,2.0,2.15,2.15,6454,10552041402.5,141050,61425,2026-07-24
NIFTY,2026-08-04,25050.0,CE,6.25,6.25,2.75,2.95,2.95,4003,6518820629.75,126685,61035,2026-07-24
NIFTY,2026-08-04,24950.0,CE,6.0,7.15,3.85,4.1,4.1,6973,11310889742.75,144365,104585,2026-07-24
NIFTY,2026-07-28,24650.0,CE,3.7,3.75,2.05,2.4,2.4,728853,1167932416699.75,2862210,-14430,2026-07-24
NIFTY,2026-07-28,24600.0,CE,2.05,4.2,1.9,2.8,2.8,1266900,2026033276504.25,5256030,-916825,2026-07-24
NIFTY,2026-07-28,23350.0,CE,369.55,512.95,332.0,473.25,473.25,12006,18531019091.0,66950,17290,2026-07-24
NIFTY,2026-07-28,23200.0,CE,505.05,658.0,462.0,616.2,616.2,7968,12292064456.75,59475,5200,2026-07-24
NIFTY,2026-07-28,23000.0,CE,708.7,853.45,650.0,811.75,811.75,13068,20159741546.75,478270,-126880,2026-07-24
NIFTY,2026-07-28,22950.0,CE,730.05,868.1,701.9,855.05,835.95,21,32396214.5,1495,65,2026-07-24
NIFTY,2026-07-28,22900.0,CE,840.15,934.3,756.7,919.5,919.5,149,229785305.75,54795,-260,2026-07-24
NIFTY,2026-07-28,22200.0,CE,1540.0,1600.0,1527.4,1600.0,1600.0,7,10804303.25,1820,-130,2026-07-24
NIFTY,2026-07-28,21550.0,CE,0.0,0.0,0.0,2828.2,2231.75,0,0.0,0,0,2026-07-24
NIFTY,2031-06-24,16500.0,PE,0.0,0.0,0.0,95.65,78.4,0,0.0,0,0,2026-07-24
NIFTY,2030-12-31,18000.0,PE,0.0,0.0,0.0,32.3,142.05,0,0.0,0,0,2026-07-24
NIFTY,2030-06-25,30000.0,PE,0.0,0.0,0.0,2100.85,2808.95,0,0.0,0,0,2026-07-24
NIFTY,2030-06-25,27000.0,PE,0.0,0.0,0.0,1286.05,1711.7,0,0.0,0,0,2026-07-24
NIFTY,2030-06-25,22500.0,PE,0.0,0.0,0.0,223.75,624.9,0,0.0,0,0,2026-07-24
NIFTY,2030-06-25,18000.0,PE,0.0,0.0,0.0,116.65,135.8,0,0.0,0,0,2026-07-24
NIFTY,2029-12-24,15000.0,PE,0.0,0.0,0.0,39.0,25.05,0,0.0,0,0,2026-07-24
NIFTY,2027-12-28,27000.0,PE,2045.2,2125.0,2001.0,2011.0,2362.35,37,69811966.25,39545,390,2026-07-24
NIFTY,2027-12-28,16500.0,PE,0.0,0.0,0.0,52.05,14.5,0,0.0,130,0,2026-07-24
NIFTY,2027-03-30,27000.0,PE,0.0,0.0,0.0,2210.0,2630.3,0,0.0,195,0,2026-07-24
NIFTY,2026-07-28,25850.0,CE,0.7,1.2,0.5,0.55,0.55,7557,12698029789.25,145730,-4420,2026-07-24
NIFTY,2026-07-28,25650.0,CE,0.95,1.45,0.6,0.65,0.65,35729,59570993985.75,272090,-389415,2026-07-24
NIFTY,2026-08-04,23350.0,CE,459.6,552.15,419.75,541.6,541.6,293,454166849.5,2665,1365,2026-07-24
NIFTY,2026-08-04,23750.0,CE,222.0,278.65,183.7,251.4,251.4,38277,59683126067.5,180765,150670,2026-07-24
NIFTY,2026-08-04,23850.0,CE,150.05,222.2,144.4,195.35,195.35,24601,38435769300.5,248495,34060,2026-07-24
NIFTY,2026-08-04,24650.0,CE,22.0,22.0,10.75,12.55,12.55,13719,21993923968.25,139815,0,2026-07-24
NIFTY,2026-08-04,25000.0,CE,6.0,6.2,3.3,3.65,3.65,78720,127944423249.5,2013375,850915,2026-07-24
NIFTY,2026-08-04,25600.0,CE,2.1,2.75,1.25,1.45,1.45,2125,3536256048.0,55120,16185,2026-07-24
NIFTY,2026-08-04,25950.0,CE,1.7,2.45,1.05,1.15,1.15,242,408219246.5,7280,1300,2026-07-24
NIFTY,2026-08-04,26150.0,CE,1.6,2.25,0.95,1.15,1.15,207,351869436.75,8125,4160,2026-07-24
NIFTY,2026-08-11,21600.0,CE,0.0,0.0,0.0,2926.6,2232.9,0,0.0,65,0,2026-07-24
NIFTY,2026-08-11,21950.0,CE,0.0,0.0,0.0,2582.9,1886.9,0,0.0,0,0,2026-07-24
NIFTY,2026-08-11,22200.0,CE,0.0,0.0,0.0,2340.15,1642.9,0,0.0,0,0,2026-07-24
NIFTY,2026-08-11,22250.0,CE,0.0,0.0,0.0,2292.0,1594.65,0,0.0,0,0,2026-07-24
NIFTY,2026-08-11,22850.0,CE,0.0,0.0,0.0,1730.1,1041.25,0,0.0,0,0,2026-07-24
NIFTY,2026-08-11,23050.0,CE,0.0,0.0,0.0,1552.25,873.65,0,0.0,0,0,2026-07-24
NIFTY,2026-08-11,23550.0,CE,427.35,480.0,372.0,450.1,450.1,191,297668696.0,4745,1885,2026-07-24
NIFTY,2026-08-11,23650.0,CE,363.0,416.75,308.5,392.0,392.0,1694,2641880679.75,12350,9165,2026-07-24
NIFTY,2026-08-11,24300.0,CE,82.0,112.3,79.95,99.75,99.75,6758,10716146398.75,170560,48295,2026-07-24
NIFTY,2026-08-11,24450.0,CE,58.0,76.5,54.9,66.25,66.25,1519,2420362711.0,26910,-2015,2026-07-24
NIFTY,2026-08-11,24500.0,CE,50.05,67.5,47.95,57.1,57.1,23311,37204713071.5,244920,-357370,2026-07-24
NIFTY,2026-08-11,24550.0,CE,47.8,58.05,42.2,49.4,49.4,2402,3840564656.5,51610,36790,2026-07-24
NIFTY,2026-08-11,25200.0,CE,10.15,18.0,7.2,8.35,8.35,666,1091296911.25,24700,24700,2026-07-24
NIFTY,2026-08-11,25400.0,CE,7.45,7.45,5.15,5.2,5.2,48,79268000.5,2535,2535,2026-07-24
NIFTY,2026-08-11,25950.0,CE,3.1,3.45,3.1,3.45,3.7,4,6747828.75,1755,65,2026-07-24
NIFTY,2026-08-18,22600.0,CE,0.0,0.0,0.0,1639.4,1313.65,0,0.0,0,0,2026-07-24
NIFTY,2026-08-18,22650.0,CE,0.0,0.0,0.0,1595.05,1269.7,0,0.0,0,0,2026-07-24
NIFTY,2026-08-18,22900.0,CE,0.0,0.0,0.0,1379.35,1057.9,0,0.0,0,0,2026-07-24
NIFTY,2026-08-18,23150.0,CE,723.4,723.4,721.75,721.75,862.2,13,20171736.0,845,845,2026-07-24
NIFTY,2026-08-18,24200.0,CE,166.65,198.4,148.0,179.3,179.3,667,1056414261.5,58045,5590,2026-07-24
NIFTY,2026-08-18,24250.0,CE,140.0,170.95,132.6,159.65,159.65,104,164938351.5,7085,910,2026-07-24
NIFTY,2026-08-18,24700.0,CE,0.0,0.0,0.0,376.6,132.25,0,0.0,65,0,2026-07-24
NIFTY,2026-08-18,25450.0,CE,10.6,11.4,10.25,10.65,34.65,64,105916765.5,2860,2860,2026-07-24
NIFTY,2026-08-18,26000.0,CE,4.05,5.75,3.9,4.35,10.7,63,106489285.5,2145,715,2026-07-24
NIFTY,2026-08-25,21600.0,CE,0.0,0.0,0.0,2713.65,2300.55,0,0.0,0,0,2026-07-24
NIFTY,2026-08-25,22350.0,CE,0.0,0.0,0.0,1794.9,1592.95,0,0.0,130,0,2026-07-24
NIFTY,2026-08-25,26150.0,CE,4.95,6.4,4.7,4.7,17.55,45,76503882.0,2340,455,2026-07-24
NIFTY,2026-09-01,22250.0,CE,0.0,0.0,0.0,2125.05,1727.6,0,0.0,0,0,2026-07-24
NIFTY,2026-09-01,22450.0,CE,0.0,0.0,0.0,1940.55,1551.15,0,0.0,0,0,2026-07-24
NIFTY,2029-12-24,26000.0,PE,0.0,0.0,0.0,2150.0,1495.95,0,0.0,3665,0,2026-07-24
NIFTY,2026-07-28,25000.0,CE,1.7,2.2,1.25,1.4,1.4,945928,1537237574063.75,15049255,-1001910,2026-07-24
NIFTY,2026-07-28,22500.0,CE,1230.05,1345.4,1143.9,1308.95,1308.95,1293,1993857979.75,199615,-7995,2026-07-24
NIFTY,2026-07-28,22250.0,CE,0.0,0.0,0.0,1620.6,1532.2,0,0.0,260,0,2026-07-24
NIFTY,2026-07-28,21750.0,CE,0.0,0.0,0.0,2437.6,2031.9,0,0.0,0,0,2026-07-24
NIFTY,2026-09-01,22650.0,CE,0.0,0.0,0.0,1760.65,1381.4,0,0.0,0,0,2026-07-24
NIFTY,2026-09-01,22900.0,CE,0.0,0.0,0.0,1543.9,1180.45,0,0.0,0,0,2026-07-24
NIFTY,2026-09-01,23100.0,CE,0.0,0.0,0.0,1378.25,1030.8,0,0.0,0,0,2026-07-24
NIFTY,2026-09-01,23300.0,CE,0.0,0.0,0.0,1220.55,889.7,0,0.0,0,0,2026-07-24
NIFTY,2026-09-01,23400.0,CE,0.0,0.0,0.0,1145.0,823.75,0,0.0,0,0,2026-07-24
NIFTY,2026-09-01,23950.0,CE,0.0,0.0,0.0,774.0,513.55,0,0.0,0,0,2026-07-24
NIFTY,2026-09-01,24900.0,CE,0.0,0.0,0.0,330.25,184.2,0,0.0,0,0,2026-07-24
NIFTY,2026-09-01,24950.0,CE,0.0,0.0,0.0,313.7,173.2,0,0.0,0,0,2026-07-24
NIFTY,2026-09-01,25650.0,CE,0.0,0.0,0.0,142.4,67.15,0,0.0,0,0,2026-07-24
NIFTY,2026-09-29,21700.0,CE,0.0,0.0,0.0,2586.45,2384.05,0,0.0,0,0,2026-07-24
NIFTY,2026-09-29,22750.0,CE,1335.85,1386.55,1335.85,1386.55,1499.9,2,3134456.0,260,130,2026-07-24
NIFTY,2026-09-29,23750.0,CE,665.2,684.0,600.0,679.75,679.75,19,30125897.75,1105,520,2026-07-24
NIFTY,2026-09-29,24150.0,CE,420.0,423.65,404.9,423.65,638.5,28,44702866.0,5460,585,2026-07-24
NIFTY,2026-09-29,24500.0,CE,251.5,315.3,251.5,301.15,301.15,8384,13507527322.25,1024205,94380,2026-07-24
NIFTY,2026-09-29,25800.0,CE,43.0,53.4,43.0,46.75,46.75,1264,2123636284.25,67340,-10725,2026-07-24
NIFTY,2026-12-29,28000.0,CE,48.4,48.4,41.85,42.75,42.75,4672,8516676353.25,1496520,32290,2026-07-24
NIFTY,2027-06-29,28500.0,CE,0.0,0.0,0.0,1711.9,545.6,0,0.0,0,0,2026-07-24
NIFTY,2027-12-28,25000.0,CE,2140.0,2140.0,2030.05,2079.85,2079.85,58,102075753.0,31405,1105,2026-07-24
NIFTY,2027-12-28,26000.0,CE,1600.0,1610.45,1542.3,1580.15,1580.15,130,232983169.25,70435,195,2026-07-24
NIFTY,2027-12-28,30000.0,CE,348.8,360.0,330.0,340.0,340.0,88,173573016.5,108550,520,2026-07-24
NIFTY,2027-12-28,31500.0,CE,288.45,288.45,200.0,230.0,495.2,10,20626934.25,2405,195,2026-07-24
NIFTY,2028-06-27,16500.0,CE,0.0,0.0,0.0,11752.8,9264.25,0,0.0,0,0,2026-07-24
NIFTY,2029-06-26,19500.0,CE,0.0,0.0,0.0,10206.95,7911.55,0,0.0,0,0,2026-07-24
NIFTY,2029-12-24,19500.0,CE,0.0,0.0,0.0,10678.8,8441.15,0,0.0,0,0,2026-07-24
NIFTY,2030-06-25,25500.0,CE,0.0,0.0,0.0,7070.45,5352.7,0,0.0,0,0,2026-07-24
NIFTY,2030-12-31,24000.0,CE,0.0,0.0,0.0,8563.3,6730.45,0,0.0,0,0,2026-07-24
NIFTY,2031-06-24,16500.0,CE,0.0,0.0,0.0,11849.25,11915.35,0,0.0,0,0,2026-07-24
NIFTY,2026-07-28,21550.0,PE,1.35,1.45,0.7,0.8,0.8,2986,4182848445.75,42055,24440,2026-07-24
NIFTY,2026-07-28,21850.0,PE,1.4,1.75,0.75,1.0,1.0,7394,10501953933.25,37050,-12675,2026-07-24
NIFTY,2026-08-04,22150.0,CE,0.0,0.0,0.0,1883.4,1659.25,0,0.0,0,0,2026-07-24
NIFTY,2026-07-28,21950.0,PE,2.0,2.05,0.9,1.05,1.05,19213,27413996925.25,46930,21905,2026-07-24
NIFTY,2026-07-28,22700.0,PE,3.85,5.4,2.15,2.75,2.75,475746,702070203419.0,3108300,1545505,2026-07-24
NIFTY,2026-07-28,23500.0,PE,54.0,81.45,22.3,28.25,28.25,3560576,5449675480093.0,10350925,1409980,2026-07-24
NIFTY,2026-07-28,24450.0,PE,721.75,811.0,605.0,638.6,638.6,532,869950133.0,79885,-16900,2026-07-24
NIFTY,2026-07-28,24800.0,PE,1063.65,1160.55,955.0,988.0,988.0,2292,3852022768.75,175760,-103675,2026-07-24
NIFTY,2026-07-28,25650.0,PE,0.0,0.0,0.0,1485.0,1865.55,0,0.0,520,0,2026-07-24
NIFTY,2026-07-28,26200.0,PE,2467.75,2549.85,2380.0,2380.0,2415.2,21,39096349.5,38935,-325,2026-07-24
NIFTY,2026-08-04,21700.0,PE,3.55,6.2,3.15,4.0,4.0,2375,3350671272.0,49985,36985,2026-07-24
NIFTY,2026-08-04,22000.0,PE,6.0,8.35,4.45,5.3,5.3,20782,29726844644.25,981370,161980,2026-07-24
NIFTY,2026-08-04,23300.0,PE,77.95,113.05,53.65,60.75,60.75,50205,76289765054.75,527670,82615,2026-07-24
NIFTY,2026-08-04,23450.0,PE,121.5,158.2,78.75,88.55,88.55,11221,17187073764.25,155805,71565,2026-07-24
NIFTY,2026-08-04,24100.0,PE,455.0,528.9,354.0,373.2,373.2,5007,7985121917.5,344110,-48360,2026-07-24
NIFTY,2026-08-04,24650.0,PE,877.15,1012.2,833.45,839.0,878.35,26,43208194.25,1105,-520,2026-07-24
NIFTY,2026-08-04,24700.0,PE,958.2,1061.05,865.0,882.95,882.95,354,591429293.0,11570,4160,2026-07-24
NIFTY,2026-08-04,24850.0,PE,1092.9,1101.5,1028.0,1028.0,1059.85,7,11785293.0,455,260,2026-07-24
NIFTY,2026-08-04,24950.0,PE,1153.9,1153.9,1153.9,1153.9,1153.6,3,5090260.5,195,130,2026-07-24
NIFTY,2026-08-04,25650.0,PE,0.0,0.0,0.0,1647.2,1837.1,0,0.0,65,0,2026-07-24
NIFTY,2026-08-11,23400.0,PE,156.95,195.7,120.0,126.05,126.05,2174,3327765447.5,88140,8450,2026-07-24
NIFTY,2026-08-11,23750.0,PE,267.1,345.95,226.65,238.25,238.25,1656,2586261908.75,23140,10920,2026-07-24
NIFTY,2026-08-11,24050.0,PE,431.25,524.0,373.3,393.85,393.85,130,206947084.5,9750,-1560,2026-07-24
NIFTY,2026-08-11,24200.0,PE,576.6,635.0,472.55,495.5,495.5,682,1097384973.75,115765,-4940,2026-07-24
NIFTY,2026-08-11,24250.0,PE,610.0,654.4,509.2,521.85,521.85,41,66198424.5,6825,-1365,2026-07-24
NIFTY,2026-08-11,25400.0,PE,0.0,0.0,0.0,1054.95,1573.65,0,0.0,0,0,2026-07-24
NIFTY,2026-08-18,23750.0,PE,315.0,385.0,265.9,284.6,284.6,165,258174536.75,7865,3120,2026-07-24
NIFTY,2026-08-18,24650.0,PE,0.0,0.0,0.0,575.85,923.7,0,0.0,65,0,2026-07-24
NIFTY,2026-08-18,24900.0,PE,0.0,0.0,0.0,940.3,1124.9,0,0.0,0,0,2026-07-24
NIFTY,2026-08-25,21600.0,PE,18.4,26.35,17.45,19.55,19.55,714,1003486903.25,40170,7345,2026-07-24
NIFTY,2026-08-25,21700.0,PE,20.4,28.55,19.05,22.05,22.05,975,1376770609.5,42120,13780,2026-07-24
NIFTY,2026-08-25,21750.0,PE,22.7,29.35,19.55,22.3,22.3,78,110404970.0,3510,2080,2026-07-24
NIFTY,2026-08-25,21900.0,PE,23.8,35.0,23.4,26.9,26.9,1315,1874345619.25,29315,15145,2026-07-24
NIFTY,2026-08-25,22900.0,PE,108.8,139.55,91.8,97.85,97.85,6402,9575227636.0,280735,22815,2026-07-24
NIFTY,2026-08-25,23700.0,PE,345.0,402.9,288.85,303.85,303.85,25919,40512492371.0,650195,343135,2026-07-24
NIFTY,2026-08-25,23850.0,PE,416.5,471.9,346.05,361.65,361.65,1124,1771359798.0,46540,6630,2026-07-24
NIFTY,2026-08-25,24250.0,PE,630.0,717.85,555.2,572.85,572.85,166,268621600.0,37050,-65,2026-07-24
NIFTY,2026-08-25,24700.0,PE,960.0,1054.1,867.3,899.7,899.7,1226,2042027289.25,166725,57980,2026-07-24
NIFTY,2026-08-25,24800.0,PE,1075.0,1143.35,950.0,984.9,984.9,2444,4105247038.75,205660,108810,2026-07-24
NIFTY,2026-08-25,24850.0,PE,0.0,0.0,0.0,1013.0,1089.85,0,0.0,1170,0,2026-07-24
NIFTY,2026-08-25,25450.0,PE,0.0,0.0,0.0,1135.0,1596.7,0,0.0,260,0,2026-07-24
NIFTY,2031-06-24,31500.0,PE,0.0,0.0,0.0,3185.85,2966.55,0,0.0,0,0,2026-07-24
NIFTY,2030-12-31,25500.0,PE,0.0,0.0,0.0,538.25,1204.6,0,0.0,0,0,2026-07-24
NIFTY,2030-06-25,24000.0,PE,0.0,0.0,0.0,698.15,914.3,0,0.0,0,0,2026-07-24
NIFTY,2026-08-25,25750.0,PE,1908.0,1908.0,1908.0,1908.0,1870.8,1,1797770.0,65,65,2026-07-24
NIFTY,2026-08-25,25850.0,PE,2100.0,2100.0,1950.0,1950.0,1964.25,2,3623750.0,325,-65,2026-07-24
NIFTY,2026-08-25,26150.0,PE,0.0,0.0,0.0,2082.5,2249.45,0,0.0,0,0,2026-07-24
NIFTY,2026-09-01,22200.0,PE,0.0,0.0,0.0,29.6,49.4,0,0.0,0,0,2026-07-24
NIFTY,2026-09-01,22650.0,PE,0.0,0.0,0.0,65.3,105.05,0,0.0,0,0,2026-07-24
NIFTY,2026-09-01,23850.0,PE,0.0,0.0,0.0,331.75,478.45,0,0.0,0,0,2026-07-24
NIFTY,2026-09-01,24550.0,PE,0.0,0.0,0.0,655.9,887.65,0,0.0,0,0,2026-07-24
NIFTY,2026-09-01,25450.0,PE,0.0,0.0,0.0,1266.1,1593.45,0,0.0,0,0,2026-07-24
NIFTY,2026-09-29,16500.0,PE,6.75,7.55,6.05,6.25,6.25,182,195276454.75,160615,845,2026-07-24
NIFTY,2026-09-29,21650.0,PE,49.3,71.9,49.3,54.1,54.1,54,76207738.75,9425,1040,2026-07-24
NIFTY,2026-09-29,22050.0,PE,75.8,90.45,72.85,74.6,90.3,29,41715170.25,3705,780,2026-07-24
NIFTY,2026-09-29,22100.0,PE,80.45,98.8,74.15,76.25,76.25,488,703619913.75,405080,5720,2026-07-24
NIFTY,2026-09-29,22350.0,PE,104.1,124.7,93.35,97.3,97.3,46,67130589.5,6695,975,2026-07-24
NIFTY,2026-09-29,22750.0,PE,161.3,191.75,148.25,149.75,149.75,117,174293977.0,14625,1820,2026-07-24
NIFTY,2026-09-29,23200.0,PE,261.1,300.65,231.25,240.15,240.15,956,1458451507.5,133120,4745,2026-07-24
NIFTY,2026-09-29,23450.0,PE,360.65,368.95,308.05,314.55,416.05,44,68059426.5,14430,390,2026-07-24
NIFTY,2026-09-29,24050.0,PE,618.0,629.7,527.95,545.85,545.85,218,348710820.25,13260,8060,2026-07-24
NIFTY,2026-09-29,24150.0,PE,0.0,0.0,0.0,583.45,730.7,0,0.0,6045,0,2026-07-24
NIFTY,2026-09-29,24900.0,PE,0.0,0.0,0.0,1008.7,1188.85,0,0.0,6435,0,2026-07-24
NIFTY,2026-09-29,25250.0,PE,1425.0,1425.0,1425.0,1425.0,1442.25,1,1733875.0,455,65,2026-07-24
NIFTY,2026-09-29,25900.0,PE,0.0,0.0,0.0,1898.75,1962.2,0,0.0,0,0,2026-07-24
NIFTY,2026-12-29,15000.0,PE,17.5,18.0,16.2,16.65,16.65,214,208880535.5,116790,1755,2026-07-24
NIFTY,2026-12-29,16000.0,PE,21.5,22.0,21.2,21.4,21.4,21,21869380.0,128240,-325,2026-07-24
NIFTY,2026-12-29,24000.0,PE,647.95,681.4,585.0,599.95,599.95,6926,11088820999.75,1921710,22880,2026-07-24
NIFTY,2027-12-28,28500.0,PE,2979.7,2979.7,2979.7,2979.7,3257.35,1,2046180.5,260,0,2026-07-24
NIFTY,2027-12-28,31500.0,PE,0.0,0.0,0.0,3240.0,5394.6,0,0.0,0,0,2026-07-24
NIFTY,2028-06-27,19500.0,PE,0.0,0.0,0.0,40.05,175.4,0,0.0,0,0,2026-07-24
NIFTY,2028-06-27,30000.0,PE,0.0,0.0,0.0,3779.25,3890.35,0,0.0,0,0,2026-07-24
NIFTY,2028-12-26,16500.0,PE,0.0,0.0,0.0,5.9,40.0,0,0.0,0,0,2026-07-24
NIFTY,2029-12-24,18000.0,PE,0.0,0.0,0.0,96.5,126.8,0,0.0,0,0,2026-07-24
NIFTY,2029-12-24,23000.0,PE,0.0,0.0,0.0,865.0,734.35,0,0.0,1560,0,2026-07-24
NIFTY,2026-08-04,23100.0,CE,694.0,783.2,619.05,760.35,760.35,157,242843175.25,2730,1625,2026-07-24
NIFTY,2026-08-04,22050.0,CE,0.0,0.0,0.0,1974.35,1758.5,0,0.0,0,0,2026-07-24
NIFTY,2026-07-28,21250.0,CE,0.0,0.0,0.0,2872.95,2531.55,0,0.0,65,0,2026-07-24
NIFTY,2026-07-28,21350.0,CE,0.0,0.0,0.0,3009.55,2431.6,0,0.0,0,0,2026-07-24
NIFTY,2026-07-28,22650.0,CE,0.0,0.0,0.0,1260.95,1132.8,0,0.0,3380,0,2026-07-24
NIFTY,2026-07-28,22750.0,CE,939.75,1080.25,905.45,1080.25,1033.3,29,44692635.0,4615,195,2026-07-24
NIFTY,2026-07-28,23900.0,CE,57.0,98.45,39.8,72.75,72.75,3370246,5250930633198.25,5897190,-990925,2026-07-24
NIFTY,2026-07-28,24200.0,CE,15.95,23.5,10.1,13.9,13.9,1843347,2901418819750.75,13250705,374790,2026-07-24
NIFTY,2026-07-28,24950.0,CE,1.7,2.3,1.3,1.45,1.45,131031,212515551147.25,1252680,-1066065,2026-07-24
NIFTY,2026-07-28,25150.0,CE,1.85,1.85,0.95,1.1,1.1,43754,71530716504.0,741130,-245505,2026-07-24
NIFTY,2026-08-04,21950.0,CE,0.0,0.0,0.0,2066.45,1858.0,0,0.0,0,0,2026-07-24
NIFTY,2026-08-04,22100.0,CE,0.0,0.0,0.0,1928.7,1708.85,0,0.0,0,0,2026-07-24
NIFTY,2026-08-04,23050.0,CE,713.15,844.8,659.75,844.8,805.2,10,15458569.75,260,0,2026-07-24
NIFTY,2026-08-04,23400.0,CE,370.1,526.9,370.1,496.25,496.25,3876,6007486504.5,54730,32110,2026-07-24
NIFTY,2026-08-04,24050.0,CE,100.0,131.4,83.2,113.6,113.6,20401,32034612704.25,330395,92170,2026-07-24
NIFTY,2026-08-04,25650.0,CE,2.2,2.8,1.15,1.4,1.4,240,400170777.5,7605,-1170,2026-07-24
NIFTY,2026-08-11,21750.0,CE,0.0,0.0,0.0,2778.9,2084.2,0,0.0,0,0,2026-07-24
NIFTY,2026-08-11,22100.0,CE,0.0,0.0,0.0,2436.9,1740.05,0,0.0,0,0,2026-07-24
NIFTY,2026-08-11,22450.0,CE,0.0,0.0,0.0,2101.0,1404.05,0,0.0,0,0,2026-07-24
NIFTY,2026-08-11,23500.0,CE,442.7,520.0,401.15,495.75,495.75,1054,1640509260.0,25350,7930,2026-07-24
NIFTY,2026-08-11,24100.0,CE,140.0,180.0,129.0,163.15,163.15,4463,7036025256.0,173485,22880,2026-07-24
NIFTY,2026-08-11,24250.0,CE,107.7,127.1,92.0,114.95,114.95,1462,2314561541.5,88920,17550,2026-07-24
NIFTY,2026-08-11,24650.0,CE,48.4,48.4,32.2,36.65,36.65,866,1389663509.0,10920,10920,2026-07-24
NIFTY,2026-08-11,25100.0,CE,12.45,12.45,9.0,10.0,10.0,422,688777625.25,15470,15470,2026-07-24
NIFTY,2026-08-11,25850.0,CE,0.0,0.0,0.0,4.65,4.95,0,0.0,455,0,2026-07-24
NIFTY,2026-08-18,22300.0,CE,0.0,0.0,0.0,1912.95,1586.6,0,0.0,0,0,2026-07-24
NIFTY,2026-08-18,23050.0,CE,0.0,0.0,0.0,1255.65,938.35,0,0.0,0,0,2026-07-24
NIFTY,2026-08-18,23350.0,CE,550.0,550.0,550.0,550.0,719.35,1,1553500.0,195,0,2026-07-24
NIFTY,2026-08-18,23400.0,CE,0.0,0.0,0.0,986.8,685.8,0,0.0,0,0,2026-07-24
NIFTY,2026-08-18,24550.0,CE,70.0,89.0,69.15,81.35,81.35,226,361773369.75,9685,8190,2026-07-24
NIFTY,2026-08-18,25050.0,CE,0.0,0.0,0.0,197.65,73.5,0,0.0,0,0,2026-07-24
NIFTY,2026-08-18,25150.0,CE,0.0,0.0,0.0,173.5,61.4,0,0.0,0,0,2026-07-24
NIFTY,2026-08-25,22450.0,CE,0.0,0.0,0.0,1994.0,1503.45,0,0.0,65,0,2026-07-24
NIFTY,2026-08-25,23950.0,CE,305.1,362.05,280.0,336.7,336.7,918,1448164435.25,35490,2990,2026-07-24
NIFTY,2026-08-25,24700.0,CE,72.85,91.4,70.3,84.3,84.3,16961,27318395838.5,608595,117780,2026-07-24
NIFTY,2026-08-25,25200.0,CE,24.2,30.3,24.2,27.85,27.85,10825,17750617888.25,562315,-70655,2026-07-24
NIFTY,2026-08-25,25250.0,CE,0.0,0.0,0.0,447.25,83.55,0,0.0,0,0,2026-07-24
NIFTY,2026-08-25,26000.0,CE,6.5,7.6,5.3,5.8,5.8,21939,37086121956.0,1969370,148460,2026-07-24
NIFTY,2026-09-01,23050.0,CE,0.0,0.0,0.0,1418.95,1067.6,0,0.0,0,0,2026-07-24
NIFTY,2026-09-01,23250.0,CE,0.0,0.0,0.0,1259.15,923.7,0,0.0,0,0,2026-07-24
NIFTY,2026-09-01,23550.0,CE,0.0,0.0,0.0,1035.9,730.25,0,0.0,0,0,2026-07-24
NIFTY,2026-09-01,25200.0,CE,0.0,0.0,0.0,240.15,125.75,0,0.0,0,0,2026-07-24
NIFTY,2026-09-01,25500.0,CE,0.0,0.0,0.0,170.6,83.4,0,0.0,0,0,2026-07-24
NIFTY,2026-09-01,25850.0,CE,0.0,0.0,0.0,110.8,49.8,0,0.0,0,0,2026-07-24
NIFTY,2026-09-29,21850.0,CE,0.0,0.0,0.0,2455.3,2249.05,0,0.0,0,0,2026-07-24
NIFTY,2026-09-29,22000.0,CE,2037.4,2074.5,1900.0,2035.85,2035.85,642,1002224496.0,39520,24635,2026-07-24
NIFTY,2026-09-29,22450.0,CE,0.0,0.0,0.0,1843.95,1736.1,0,0.0,65,0,2026-07-24
NIFTY,2026-09-29,22550.0,CE,0.0,0.0,0.0,1786.75,1655.7,0,0.0,260,0,2026-07-24
NIFTY,2026-09-29,22700.0,CE,1373.95,1373.95,1319.6,1319.6,1538.2,4,6253611.0,260,130,2026-07-24
NIFTY,2026-09-29,23150.0,CE,0.0,0.0,0.0,1302.0,1210.55,0,0.0,585,0,2026-07-24
NIFTY,2026-09-29,24350.0,CE,355.9,380.7,320.9,372.3,372.3,44,70590978.25,5980,325,2026-07-24
NIFTY,2026-09-29,24600.0,CE,249.2,278.1,233.1,265.75,265.75,821,1326425766.25,65650,-1235,2026-07-24
NIFTY,2026-09-29,24650.0,CE,234.25,258.6,219.5,243.5,243.5,134,216766446.0,10205,1560,2026-07-24
NIFTY,2026-09-29,24750.0,CE,205.3,230.75,192.85,217.9,217.9,305,494729800.5,35880,2730,2026-07-24
NIFTY,2026-09-29,25000.0,CE,150.95,161.95,135.0,153.45,153.45,15588,25478746124.0,1010165,110760,2026-07-24
NIFTY,2026-09-29,25450.0,CE,0.0,0.0,0.0,366.0,218.45,0,0.0,0,0,2026-07-24
NIFTY,2026-09-29,25550.0,CE,0.0,0.0,0.0,340.3,198.8,0,0.0,0,0,2026-07-24
NIFTY,2026-09-29,25700.0,CE,0.0,0.0,0.0,305.7,172.05,0,0.0,0,0,2026-07-24
NIFTY,2026-09-29,25900.0,CE,0.0,0.0,0.0,261.75,141.1,0,0.0,0,0,2026-07-24
NIFTY,2026-09-29,26050.0,CE,0.0,0.0,0.0,232.8,121.0,0,0.0,0,0,2026-07-24
NIFTY,2026-12-29,25000.0,CE,529.25,535.9,480.85,525.4,525.4,8971,14871943024.25,2187225,109525,2026-07-24
NIFTY,2026-12-29,26000.0,CE,220.0,240.0,211.0,233.5,233.5,12629,21529387028.5,2494910,34230,2026-07-24
NIFTY,2027-06-29,30000.0,CE,0.0,0.0,0.0,1478.4,313.25,0,0.0,0,0,2026-07-24
NIFTY,2027-12-28,24000.0,CE,2670.45,2721.4,2637.95,2713.45,2713.45,30,52036088.0,26455,130,2026-07-24
NIFTY,2028-12-26,18000.0,CE,0.0,0.0,0.0,9380.3,8525.75,0,0.0,0,0,2026-07-24
NIFTY,2028-12-26,24000.0,CE,4002.05,4002.05,4002.05,4002.05,4327.15,1,1820133.25,260,0,2026-07-24
NIFTY,2028-12-26,25500.0,CE,3800.0,3800.0,3800.0,3800.0,3523.85,2,3809000.0,0,-130,2026-07-24
NIFTY,2028-12-26,28000.0,CE,2000.0,2019.75,2000.0,2019.75,2433.15,2,3901283.75,6250,0,2026-07-24
NIFTY,2028-12-26,28500.0,CE,0.0,0.0,0.0,3608.65,2250.5,0,0.0,0,0,2026-07-24
NIFTY,2028-12-26,30000.0,CE,0.0,0.0,0.0,1151.0,1767.85,0,0.0,10450,0,2026-07-24
NIFTY,2030-06-25,24000.0,CE,0.0,0.0,0.0,8591.55,6149.6,0,0.0,0,0,2026-07-24
NIFTY,2030-12-31,22500.0,CE,0.0,0.0,0.0,9536.95,7582.3,0,0.0,0,0,2026-07-24
NIFTY,2030-12-31,27000.0,CE,0.0,0.0,0.0,6772.8,5219.85,0,0.0,0,0,2026-07-24
NIFTY,2026-07-28,21500.0,PE,0.85,1.25,0.6,0.75,0.75,93742,131010426241.5,2277925,331370,2026-07-24
NIFTY,2026-07-28,22050.0,PE,1.95,2.65,0.95,1.15,1.15,23473,33645138455.5,84305,14885,2026-07-24
NIFTY,2026-07-28,22400.0,PE,1.75,3.8,1.35,1.7,1.7,300291,437266402683.5,1605695,201630,2026-07-24
NIFTY,2026-07-28,22950.0,PE,5.05,10.05,3.5,4.45,4.45,322165,480713901694.0,1517620,587535,2026-07-24
NIFTY,2026-07-28,23400.0,PE,29.95,54.5,14.15,17.55,17.55,1860489,2833504195060.5,6925425,1436890,2026-07-24
NIFTY,2026-07-28,24500.0,PE,810.0,865.0,652.3,704.8,704.8,19437,31888537512.0,2213315,-331630,2026-07-24
NIFTY,2026-07-28,24600.0,PE,872.2,966.1,754.1,787.5,787.5,3312,5473013799.5,285545,-109135,2026-07-24
NIFTY,2026-07-28,24950.0,PE,0.0,0.0,0.0,1070.1,1166.45,0,0.0,12870,0,2026-07-24
NIFTY,2026-07-28,26100.0,PE,2409.0,2450.1,2281.8,2301.05,2301.05,166,306933133.0,24830,-10335,2026-07-24
NIFTY,2026-08-04,24450.0,PE,722.15,802.9,631.85,667.9,667.9,47,76904909.25,3250,65,2026-07-24
NIFTY,2026-08-04,25400.0,PE,0.0,0.0,0.0,1445.0,1589.65,0,0.0,65,0,2026-07-24
NIFTY,2026-08-04,26200.0,PE,0.0,0.0,0.0,2231.65,2384.95,0,0.0,0,0,2026-07-24
NIFTY,2026-08-11,22050.0,PE,11.15,18.1,10.8,12.3,12.3,130,186447472.25,3510,1170,2026-07-24
NIFTY,2026-08-11,22100.0,PE,11.3,19.0,11.3,11.3,11.3,177,254432538.75,6500,-195,2026-07-24
NIFTY,2026-08-11,22350.0,PE,16.95,26.05,16.25,17.6,17.6,243,353364280.75,7865,6240,2026-07-24
NIFTY,2026-08-11,24100.0,PE,476.9,555.1,396.7,421.55,421.55,440,702715113.75,80405,520,2026-07-24
NIFTY,2026-08-11,24450.0,PE,0.0,0.0,0.0,542.3,743.75,0,0.0,2535,0,2026-07-24
NIFTY,2026-08-11,24700.0,PE,1021.75,1032.25,1021.75,1032.25,941.5,2,3344510.0,1040,0,2026-07-24
NIFTY,2026-08-11,24850.0,PE,0.0,0.0,0.0,681.2,1069.1,0,0.0,0,0,2026-07-24
NIFTY,2026-08-11,25500.0,PE,1800.0,1800.0,1800.0,1800.0,1669.55,16,28392000.0,1105,1040,2026-07-24
NIFTY,2026-08-18,22200.0,PE,35.0,35.0,22.0,22.0,22.0,33,47672430.0,585,585,2026-07-24
NIFTY,2026-08-18,22450.0,PE,36.1,52.2,35.05,36.45,36.45,121,176906596.75,7540,4160,2026-07-24
NIFTY,2026-08-18,22500.0,PE,37.9,57.35,36.0,37.05,37.05,446,653602625.0,24700,9880,2026-07-24
NIFTY,2026-08-18,23450.0,PE,194.75,240.3,172.45,180.9,180.9,24,36890967.75,1820,455,2026-07-24
NIFTY,2026-08-18,23700.0,PE,298.0,360.4,253.95,262.8,262.8,1541,2402496632.25,24050,17290,2026-07-24
NIFTY,2026-08-18,24950.0,PE,0.0,0.0,0.0,976.25,1166.9,0,0.0,0,0,2026-07-24
NIFTY,2026-08-18,26050.0,PE,0.0,0.0,0.0,1895.7,2184.35,0,0.0,0,0,2026-07-24
NIFTY,2026-08-25,21300.0,PE,17.5,20.8,15.35,16.7,16.7,166,230028373.25,47385,-260,2026-07-24
NIFTY,2026-08-25,21400.0,PE,17.45,22.25,15.25,17.45,17.45,481,669665031.75,52260,9750,2026-07-24
NIFTY,2026-08-25,22050.0,PE,32.95,41.7,30.2,32.3,32.3,175,251242875.0,6890,2925,2026-07-24
NIFTY,2026-08-25,22350.0,PE,44.85,63.05,42.05,43.35,43.35,251,365493375.0,12090,2535,2026-07-24
NIFTY,2026-08-25,22500.0,PE,49.75,78.05,40.6,54.85,54.85,29949,43921847251.75,1707030,173290,2026-07-24
NIFTY,2026-08-25,22800.0,PE,97.65,121.9,79.05,84.85,84.85,9088,13526226571.0,411775,84760,2026-07-24
NIFTY,2026-08-25,24750.0,PE,0.0,0.0,0.0,910.45,1012.55,0,0.0,1950,0,2026-07-24
NIFTY,2026-08-25,25300.0,PE,1520.0,1601.05,1406.55,1415.6,1415.6,135,235729295.75,10465,4875,2026-07-24
NIFTY,2026-08-25,25550.0,PE,0.0,0.0,0.0,1249.75,1686.9,0,0.0,65,0,2026-07-24
NIFTY,2026-08-25,26250.0,PE,0.0,0.0,0.0,1985.0,2345.8,0,0.0,130,0,2026-07-24
NIFTY,2026-09-01,22250.0,PE,51.0,56.0,51.0,56.0,54.0,5,7248800.0,325,325,2026-07-24
NIFTY,2026-09-01,22750.0,PE,0.0,0.0,0.0,76.75,122.35,0,0.0,0,0,2026-07-24
NIFTY,2026-09-01,23100.0,PE,0.0,0.0,0.0,129.75,201.25,0,0.0,0,0,2026-07-24
NIFTY,2026-09-01,23400.0,PE,0.0,0.0,0.0,194.4,292.1,0,0.0,0,0,2026-07-24
NIFTY,2026-09-01,23800.0,PE,387.8,387.8,356.0,361.35,361.35,4,6283907.5,260,195,2026-07-24
NIFTY,2026-09-01,24750.0,PE,0.0,0.0,0.0,773.8,1029.3,0,0.0,0,0,2026-07-24
NIFTY,2026-09-01,25950.0,PE,0.0,0.0,0.0,1679.0,2043.1,0,0.0,0,0,2026-07-24
NIFTY,2026-09-29,23500.0,PE,382.7,397.4,312.55,322.65,322.65,6971,10807876556.75,646360,-3900,2026-07-24
NIFTY,2026-09-29,23550.0,PE,374.4,412.3,331.7,340.3,340.3,92,143093551.25,14560,650,2026-07-24
NIFTY,2026-09-29,24000.0,PE,541.15,610.0,495.7,518.45,518.45,13230,21122097896.25,1639285,-30225,2026-07-24
NIFTY,2026-09-29,24550.0,PE,0.0,0.0,0.0,770.0,960.2,0,0.0,11830,0,2026-07-24
NIFTY,2026-12-29,19000.0,PE,43.4,49.0,42.2,44.2,44.2,737,912360657.0,572525,5785,2026-07-24
NIFTY,2026-12-29,22000.0,PE,158.65,202.0,158.65,170.1,170.1,8802,12693462551.25,1524410,-730,2026-07-24
NIFTY,2027-03-30,18000.0,PE,0.0,0.0,0.0,37.3,9.55,0,0.0,65,0,2026-07-24
NIFTY,2027-06-29,18000.0,PE,0.0,0.0,0.0,220.0,21.55,0,0.0,230,0,2026-07-24
NIFTY,2027-06-29,27000.0,PE,0.0,0.0,0.0,6273.45,2530.65,0,0.0,0,0,2026-07-24
NIFTY,2028-06-27,27000.0,PE,0.0,0.0,0.0,2752.35,2212.6,0,0.0,0,0,2026-07-24
NIFTY,2028-12-26,24000.0,PE,0.0,0.0,0.0,1020.0,1011.85,0,0.0,3380,0,2026-07-24
NIFTY,2028-12-26,31500.0,PE,0.0,0.0,0.0,2673.4,4450.65,0,0.0,0,0,2026-07-24
NIFTY,2029-06-26,16500.0,PE,0.0,0.0,0.0,8.1,51.2,0,0.0,0,0,2026-07-24
NIFTY,2029-06-26,18000.0,PE,0.0,0.0,0.0,118.45,114.25,0,0.0,0,0,2026-07-24
NIFTY,2029-06-26,19500.0,PE,0.0,0.0,0.0,56.0,224.3,0,0.0,0,0,2026-07-24
NIFTY,2029-12-24,25000.0,PE,0.0,0.0,0.0,1101.0,1205.4,0,0.0,420,0,2026-07-24
NIFTY,2031-06-24,18000.0,PE,0.0,0.0,0.0,173.45,145.5,0,0.0,0,0,2026-07-24
NIFTY,2026-09-29,30000.0,CE,3.2,4.4,2.6,4.25,4.25,832,1622585932.5,306520,-16315,2026-07-24
NIFTY,2028-06-27,25500.0,PE,0.0,0.0,0.0,667.45,1553.75,0,0.0,0,0,2026-07-24
NIFTY,2028-12-26,21000.0,PE,0.0,0.0,0.0,490.0,381.2,0,0.0,6930,0,2026-07-24
NIFTY,2028-12-26,22500.0,PE,0.0,0.0,0.0,218.8,645.6,0,0.0,0,0,2026-07-24
NIFTY,2028-12-26,30000.0,PE,0.0,0.0,0.0,2352.75,3565.6,0,0.0,0,0,2026-07-24
NIFTY,2029-06-26,22500.0,PE,0.0,0.0,0.0,224.45,647.1,0,0.0,0,0,2026-07-24
NIFTY,2026-08-25,23000.0,PE,120.0,160.55,106.05,116.2,116.2,57067,85795323399.5,2533375,268450,2026-07-24
NIFTY,2026-08-25,25800.0,PE,2050.0,2070.0,1889.8,1893.95,1893.95,44,79382966.0,3315,2730,2026-07-24
NIFTY,2026-09-01,22800.0,PE,109.3,109.3,109.3,109.3,131.8,12,17869254.0,780,780,2026-07-24
NIFTY,2026-09-01,23050.0,PE,0.0,0.0,0.0,120.8,188.45,0,0.0,0,0,2026-07-24
NIFTY,2026-09-01,24200.0,PE,0.0,0.0,0.0,476.5,665.3,0,0.0,0,0,2026-07-24
NIFTY,2026-09-01,24400.0,PE,0.0,0.0,0.0,574.75,788.2,0,0.0,0,0,2026-07-24
NIFTY,2026-09-01,24850.0,PE,0.0,0.0,0.0,836.8,1104.9,0,0.0,0,0,2026-07-24
NIFTY,2026-09-01,25100.0,PE,0.0,0.0,0.0,1005.4,1299.7,0,0.0,0,0,2026-07-24
NIFTY,2026-09-01,25500.0,PE,0.0,0.0,0.0,1305.4,1637.0,0,0.0,0,0,2026-07-24
NIFTY,2026-09-01,25550.0,PE,0.0,0.0,0.0,1345.2,1680.95,0,0.0,0,0,2026-07-24
NIFTY,2026-09-29,21700.0,PE,51.95,67.95,51.95,55.0,55.0,245,346522897.5,19630,3835,2026-07-24
NIFTY,2026-09-29,22200.0,PE,92.5,107.55,81.1,86.85,86.85,426,617238391.25,47385,10855,2026-07-24
NIFTY,2026-08-25,21950.0,PE,25.15,37.0,24.9,28.0,20.1,109,155738667.5,5850,3120,2026-07-24
NIFTY,2026-08-18,25650.0,PE,0.0,0.0,0.0,1538.0,1799.5,0,0.0,0,0,2026-07-24
NIFTY,2026-08-18,25500.0,PE,0.0,0.0,0.0,1409.7,1658.45,0,0.0,0,0,2026-07-24
NIFTY,2026-08-18,22550.0,PE,29.65,61.55,29.65,41.1,41.1,105,154257990.25,7475,4810,2026-07-24
NIFTY,2026-08-11,25050.0,PE,0.0,0.0,0.0,800.15,1246.95,0,0.0,65,0,2026-07-24
NIFTY,2026-08-11,24800.0,PE,0.0,0.0,0.0,650.0,1025.95,0,0.0,520,0,2026-07-24
NIFTY,2026-08-11,23350.0,PE,124.35,178.05,108.95,118.3,118.3,670,1022987735.25,13390,6760,2026-07-24
NIFTY,2026-08-11,22650.0,PE,29.9,48.0,27.8,28.8,28.8,468,690143142.0,11310,5525,2026-07-24
NIFTY,2026-08-04,25300.0,PE,0.0,0.0,0.0,1437.15,1491.4,0,0.0,0,0,2026-07-24
NIFTY,2026-08-04,24750.0,PE,996.3,1096.5,996.3,1096.5,968.0,5,8383440.0,130,-195,2026-07-24
NIFTY,2026-08-04,22500.0,PE,9.65,18.2,8.45,9.3,9.3,71336,104384340417.5,1242150,307320,2026-07-24
NIFTY,2026-08-04,22150.0,PE,5.7,10.25,5.45,5.85,5.85,595,856953487.0,7865,4030,2026-07-24
NIFTY,2026-07-28,25500.0,PE,1778.05,1864.55,1651.05,1705.65,1705.65,5886,10420574788.0,825825,-272610,2026-07-24
NIFTY,2026-07-28,23950.0,PE,268.0,345.5,170.65,200.7,200.7,236663,371913812065.25,1310920,-455910,2026-07-24
NIFTY,2026-07-28,23850.0,PE,195.0,267.0,114.5,139.05,139.05,1088015,1698008782193.75,2243930,-1783145,2026-07-24
NIFTY,2026-07-28,23650.0,PE,104.0,142.75,45.25,57.35,57.35,3527879,5444680734272.0,4041635,2675790,2026-07-24
NIFTY,2026-07-28,22800.0,PE,3.45,6.75,2.55,3.25,3.25,555496,823395405095.25,4270305,996450,2026-07-24
NIFTY,2026-07-28,22350.0,PE,2.7,2.85,1.2,1.55,1.55,77420,112482611917.0,384735,190580,2026-07-24
NIFTY,2026-09-29,22250.0,PE,98.05,112.25,87.0,94.35,94.35,154,223677213.5,14560,7605,2026-07-24
NIFTY,2026-09-29,23150.0,PE,242.3,284.2,222.65,239.8,239.8,90,136897601.75,10270,845,2026-07-24
NIFTY,2026-09-29,23700.0,PE,423.9,472.95,380.0,398.65,398.65,1282,2010330234.25,52065,10855,2026-07-24
NIFTY,2026-09-29,23750.0,PE,437.95,480.7,397.55,415.2,415.2,72,113171880.25,7735,1430,2026-07-24
NIFTY,2026-09-29,23950.0,PE,527.35,581.05,490.0,503.75,503.75,96,152672396.5,5785,975,2026-07-24
NIFTY,2026-09-29,24100.0,PE,592.5,657.95,543.95,560.4,560.4,624,1001588620.5,36270,1885,2026-07-24
NIFTY,2026-09-29,24250.0,PE,679.9,735.0,617.25,617.25,784.75,45,72933263.0,7995,-65,2026-07-24
NIFTY,2026-09-29,24400.0,PE,750.0,825.45,700.0,709.35,709.35,215,351808242.5,54405,-6630,2026-07-24
NIFTY,2026-07-28,21900.0,PE,1.65,1.85,0.85,1.0,1.0,32670,46508616735.75,282685,44395,2026-07-24
NIFTY,2031-06-24,28500.0,CE,0.0,0.0,0.0,5048.95,5094.05,0,0.0,0,0,2026-07-24
NIFTY,2030-06-25,19500.0,CE,0.0,0.0,0.0,11140.25,8954.25,0,0.0,0,0,2026-07-24
NIFTY,2030-06-25,16500.0,CE,0.0,0.0,0.0,13374.05,11094.7,0,0.0,0,0,2026-07-24
NIFTY,2029-12-24,22500.0,CE,0.0,0.0,0.0,8486.15,6449.05,0,0.0,0,0,2026-07-24
NIFTY,2028-12-26,21000.0,CE,0.0,0.0,0.0,7512.5,6253.0,0,0.0,0,0,2026-07-24
NIFTY,2028-06-27,31500.0,CE,0.0,0.0,0.0,1784.8,909.9,0,0.0,0,0,2026-07-24
NIFTY,2028-06-27,25500.0,CE,0.0,0.0,0.0,4676.6,2864.85,0,0.0,0,0,2026-07-24
NIFTY,2027-12-28,28500.0,CE,612.0,640.0,612.0,635.0,635.0,5,9466925.0,6695,65,2026-07-24
NIFTY,2027-12-28,25500.0,CE,0.0,0.0,0.0,2400.0,2173.05,0,0.0,0,0,2026-07-24
NIFTY,2027-12-28,22500.0,CE,0.0,0.0,0.0,6183.0,3880.65,0,0.0,0,0,2026-07-24
NIFTY,2027-06-29,27000.0,CE,0.0,0.0,0.0,1932.5,905.7,0,0.0,0,0,2026-07-24
NIFTY,2027-06-29,24000.0,CE,0.0,0.0,0.0,2250.0,2170.5,0,0.0,800,0,2026-07-24
NIFTY,2027-06-29,21000.0,CE,0.0,0.0,0.0,3061.8,4239.7,0,0.0,0,0,2026-07-24
NIFTY,2027-03-30,18000.0,CE,0.0,0.0,0.0,5643.55,6568.3,0,0.0,0,0,2026-07-24
NIFTY,2026-12-29,21000.0,CE,3350.0,3409.75,3245.0,3389.15,3389.15,127,201145636.25,175735,-2340,2026-07-24
NIFTY,2026-09-29,24900.0,CE,169.9,185.0,156.25,176.7,176.7,837,1363910024.75,48490,9360,2026-07-24
NIFTY,2026-09-29,24800.0,CE,196.0,213.2,177.65,203.85,203.85,2652,4307862890.5,98735,-4810,2026-07-24
NIFTY,2026-09-29,24700.0,CE,220.65,244.55,204.3,235.2,235.2,1340,2170428815.75,59410,-260,2026-07-24
NIFTY,2026-09-29,24400.0,CE,332.7,352.15,300.0,342.15,342.15,1415,2273629332.0,77805,8320,2026-07-24
NIFTY,2026-09-29,22100.0,CE,0.0,0.0,0.0,2242.1,2029.55,0,0.0,0,0,2026-07-24
NIFTY,2026-09-29,21800.0,CE,0.0,0.0,0.0,2498.75,2293.8,0,0.0,0,0,2026-07-24
NIFTY,2026-09-29,21750.0,CE,0.0,0.0,0.0,2542.45,2338.8,0,0.0,0,0,2026-07-24
NIFTY,2026-09-29,19500.0,CE,4370.0,4520.0,4300.3,4488.5,4488.5,1483,2310508577.0,153530,-7670,2026-07-24
NIFTY,2026-09-01,24600.0,CE,0.0,0.0,0.0,443.3,262.15,0,0.0,0,0,2026-07-24
NIFTY,2026-09-01,24450.0,CE,0.0,0.0,0.0,508.95,309.7,0,0.0,0,0,2026-07-24
NIFTY,2026-09-01,22200.0,CE,0.0,0.0,0.0,2171.8,1772.6,0,0.0,0,0,2026-07-24
NIFTY,2026-08-25,26250.0,CE,4.7,5.85,3.55,3.8,3.8,132,225263886.25,8905,2860,2026-07-24
NIFTY,2026-08-25,25900.0,CE,6.95,10.9,6.3,7.8,7.8,266,447945143.75,6825,6825,2026-07-24
NIFTY,2026-08-25,25850.0,CE,7.8,8.9,6.1,6.8,6.8,71,119335589.75,1560,1560,2026-07-24
NIFTY,2026-08-25,24450.0,CE,129.6,153.2,116.65,143.75,143.75,1142,1824985119.75,40690,2925,2026-07-24
NIFTY,2026-08-25,22500.0,CE,1330.05,1450.05,1260.65,1406.5,1406.5,2506,3884728139.5,235170,113230,2026-07-24
NIFTY,2026-08-25,21700.0,CE,0.0,0.0,0.0,2625.1,2203.6,0,0.0,0,0,2026-07-24
NIFTY,2026-08-25,21650.0,CE,0.0,0.0,0.0,2669.3,2252.0,0,0.0,0,0,2026-07-24
NIFTY,2026-08-25,21300.0,CE,0.0,0.0,0.0,2725.0,2594.05,0,0.0,3835,0,2026-07-24
NIFTY,2026-08-18,24750.0,CE,0.0,0.0,0.0,281.05,122.1,0,0.0,0,0,2026-07-24
NIFTY,2026-08-18,22800.0,CE,0.0,0.0,0.0,1464.3,1140.85,0,0.0,0,0,2026-07-24
NIFTY,2026-08-11,25750.0,CE,5.05,5.35,3.6,4.05,6.55,9,15066418.25,650,0,2026-07-24
NIFTY,2026-08-11,25650.0,CE,4.45,5.55,4.45,4.6,8.65,20,33351500.0,1300,260,2026-07-24
NIFTY,2026-08-11,25250.0,CE,9.2,9.2,7.4,7.85,24.4,30,49253327.5,1560,1560,2026-07-24
NIFTY,2026-08-11,24200.0,CE,97.65,143.65,97.65,129.4,129.4,7973,12604822376.25,238875,9945,2026-07-24
NIFTY,2026-08-11,24150.0,CE,117.0,160.0,115.35,144.65,144.65,1135,1791729316.0,41080,-1950,2026-07-24
NIFTY,2026-08-11,23100.0,CE,703.15,800.0,683.2,800.0,833.6,14,21672313.0,650,650,2026-07-24
NIFTY,2026-08-11,22750.0,CE,0.0,0.0,0.0,1821.15,1129.0,0,0.0,0,0,2026-07-24
NIFTY,2026-08-11,22500.0,CE,0.0,0.0,0.0,2053.75,1357.15,0,0.0,0,0,2026-07-24
NIFTY,2026-08-04,26000.0,CE,2.3,2.3,1.1,1.2,1.2,26305,44458431572.75,652340,-18785,2026-07-24
NIFTY,2026-08-04,25900.0,CE,1.8,2.5,1.15,1.25,1.25,800,1346895351.75,20995,-1950,2026-07-24
NIFTY,2026-08-04,25800.0,CE,1.7,2.6,1.2,1.25,1.25,2478,4155917324.0,37895,-3380,2026-07-24
NIFTY,2026-08-04,25700.0,CE,1.9,2.75,1.35,1.45,1.45,5123,8558577859.0,176020,137735,2026-07-24
NIFTY,2026-08-04,25250.0,CE,3.95,4.0,1.7,1.75,1.75,3414,5603726118.25,117520,109980,2026-07-24
NIFTY,2026-08-04,24900.0,CE,6.7,8.05,4.35,4.6,4.6,28889,46768135904.75,576810,254020,2026-07-24
NIFTY,2026-08-04,22450.0,CE,0.0,0.0,0.0,1618.4,1363.85,0,0.0,0,0,2026-07-24
NIFTY,2026-09-29,24600.0,PE,910.0,963.6,816.0,845.6,845.6,320,528876780.25,63375,1495,2026-07-24
NIFTY,2026-09-29,25750.0,PE,0.0,0.0,0.0,1782.8,1836.8,0,0.0,0,0,2026-07-24
NIFTY,2026-12-29,13000.0,PE,7.1,9.0,7.1,7.75,7.75,9,7609472.0,11060,-235,2026-07-24
NIFTY,2026-08-04,21850.0,CE,0.0,0.0,0.0,2159.6,1957.6,0,0.0,0,0,2026-07-24
NIFTY,2026-07-28,26300.0,CE,0.6,0.85,0.4,0.45,0.45,71450,122146427793.0,1082900,-168025,2026-07-24
NIFTY,2026-07-28,25700.0,CE,1.1,1.25,0.55,0.6,0.6,45818,76541552412.0,737295,-405015,2026-07-24
NIFTY,2026-07-28,25550.0,CE,1.0,1.4,0.6,0.65,0.65,44495,73897606978.0,741065,-300430,2026-07-24
NIFTY,2026-07-28,23250.0,CE,470.05,607.75,415.85,567.5,567.5,2927,4516659667.0,15080,130,2026-07-24
NIFTY,2026-07-28,22600.0,CE,1072.1,1223.15,1047.25,1189.35,1189.35,24,36997639.25,1950,-455,2026-07-24
NIFTY,2026-07-28,22100.0,CE,1586.15,1586.15,1586.15,1586.15,1682.1,1,1539599.75,195,65,2026-07-24
NIFTY,2026-07-28,21100.0,CE,2554.0,2725.55,2536.8,2690.2,2690.2,110,169873899.0,26260,-6500,2026-07-24
NIFTY,2026-08-18,24850.0,PE,0.0,0.0,0.0,905.0,1083.45,0,0.0,0,0,2026-07-24
NIFTY,2026-12-29,26000.0,PE,1800.05,1850.0,1690.0,1716.25,1716.25,857,1546673176.75,1280580,160,2026-07-24
NIFTY,2027-03-30,19500.0,PE,79.05,88.0,73.15,77.65,77.65,183,232917090.25,44395,5330,2026-07-24
NIFTY,2028-12-26,27000.0,PE,1855.0,1925.0,1855.0,1923.75,1923.75,7,13153195.25,11280,-65,2026-07-24
NIFTY,2028-12-26,28500.0,PE,0.0,0.0,0.0,1451.15,2770.0,0,0.0,0,0,2026-07-24
NIFTY,2029-06-26,24000.0,PE,0.0,0.0,0.0,825.0,985.15,0,0.0,155,0,2026-07-24
NIFTY,2029-12-24,25500.0,PE,0.0,0.0,0.0,597.3,1345.35,0,0.0,0,0,2026-07-24
NIFTY,2029-12-24,31500.0,PE,0.0,0.0,0.0,2240.25,3755.0,0,0.0,0,0,2026-07-24
NIFTY,2030-06-25,21000.0,PE,0.0,0.0,0.0,220.0,404.1,0,0.0,65,0,2026-07-24
NIFTY,2030-06-25,25500.0,PE,0.0,0.0,0.0,568.55,1275.7,0,0.0,0,0,2026-07-24
NIFTY,2030-12-31,21000.0,PE,455.05,455.05,455.05,455.05,399.5,1,1394578.25,780,65,2026-07-24
NIFTY,2026-08-25,25150.0,PE,0.0,0.0,0.0,852.25,1335.05,0,0.0,260,0,2026-07-24
NIFTY,2026-08-25,24550.0,PE,860.05,924.0,754.3,764.9,764.9,29,47804519.75,8060,195,2026-07-24
NIFTY,2026-08-25,24150.0,PE,575.1,650.0,497.7,520.55,520.55,120,192922814.5,35230,-455,2026-07-24
NIFTY,2026-08-25,23650.0,PE,318.0,378.95,270.0,282.6,282.6,1941,3026822669.0,37960,15600,2026-07-24
NIFTY,2026-09-01,22700.0,PE,100.65,100.65,100.65,100.65,113.45,3,4446126.75,195,195,2026-07-24
NIFTY,2026-09-01,23450.0,PE,0.0,0.0,0.0,208.05,309.85,0,0.0,0,0,2026-07-24
NIFTY,2026-09-01,23500.0,PE,278.0,333.0,245.15,251.15,251.15,125,193276726.5,3445,2860,2026-07-24
NIFTY,2026-09-01,24700.0,PE,0.0,0.0,0.0,856.35,992.95,0,0.0,65,0,2026-07-24
NIFTY,2026-09-01,25350.0,PE,0.0,0.0,0.0,1189.0,1507.45,0,0.0,0,0,2026-07-24
NIFTY,2026-09-01,25650.0,PE,0.0,0.0,0.0,1426.15,1769.75,0,0.0,0,0,2026-07-24
NIFTY,2026-09-29,15000.0,PE,5.0,5.0,3.3,3.9,3.9,123,119959996.0,51025,-130,2026-07-24
NIFTY,2026-09-29,21900.0,PE,65.0,81.4,61.1,63.2,63.2,169,241332864.5,13195,5525,2026-07-24
NIFTY,2026-09-29,22500.0,PE,127.0,150.9,112.5,117.2,117.2,6439,9471636089.5,1450605,10985,2026-07-24
NIFTY,2026-09-29,22650.0,PE,145.1,170.35,135.5,138.3,187.1,48,71145184.5,9360,-1040,2026-07-24
NIFTY,2026-09-29,27000.0,PE,2955.65,3080.0,2850.0,2936.15,2936.15,639,1244503614.25,1406025,9945,2026-07-24
NIFTY,2026-09-29,31500.0,PE,0.0,0.0,0.0,4341.2,7353.85,0,0.0,0,0,2026-07-24
NIFTY,2027-03-30,16500.0,PE,0.0,0.0,0.0,38.0,1.25,0,0.0,1625,0,2026-07-24
NIFTY,2027-06-29,19000.0,PE,0.0,0.0,0.0,195.0,52.95,0,0.0,1135,0,2026-07-24
NIFTY,2027-06-29,19500.0,PE,0.0,0.0,0.0,17.3,79.05,0,0.0,0,0,2026-07-24
NIFTY,2027-12-28,18000.0,PE,0.0,0.0,0.0,181.05,49.6,0,0.0,11915,0,2026-07-24
NIFTY,2027-12-28,19000.0,PE,0.0,0.0,0.0,160.15,98.5,0,0.0,1845,0,2026-07-24
NIFTY,2027-12-28,20000.0,PE,250.0,267.0,240.0,245.0,179.25,16,21062252.25,28240,-325,2026-07-24
NIFTY,2028-06-27,28500.0,PE,0.0,0.0,0.0,1560.85,2995.7,0,0.0,0,0,2026-07-24
NIFTY,2028-12-26,22000.0,PE,0.0,0.0,0.0,600.0,546.75,0,0.0,7850,0,2026-07-24
NIFTY,2030-12-31,30000.0,PE,0.0,0.0,0.0,1450.1,2598.55,0,0.0,0,0,2026-07-24
NIFTY,2031-06-24,24000.0,PE,0.0,0.0,0.0,933.85,834.9,0,0.0,0,0,2026-07-24
NIFTY,2031-06-24,25500.0,PE,0.0,0.0,0.0,1262.85,1141.0,0,0.0,0,0,2026-07-24
NIFTY,2031-06-24,28500.0,PE,0.0,0.0,0.0,2104.2,1933.8,0,0.0,0,0,2026-07-24
NIFTY,2031-06-24,30000.0,PE,0.0,0.0,0.0,2616.25,2421.3,0,0.0,0,0,2026-07-24
NIFTY,2026-09-01,23600.0,PE,371.45,378.4,271.95,271.95,367.5,8,12448335.25,260,260,2026-07-24
NIFTY,2026-07-28,21150.0,CE,0.0,0.0,0.0,2502.7,2631.5,0,0.0,130,0,2026-07-24
NIFTY,2026-07-28,21300.0,CE,0.0,0.0,0.0,2615.0,2481.6,0,0.0,2015,0,2026-07-24
NIFTY,2026-07-28,21700.0,CE,0.0,0.0,0.0,2305.0,2081.85,0,0.0,0,0,2026-07-24
NIFTY,2026-07-28,22050.0,CE,0.0,0.0,0.0,1825.05,1732.1,0,0.0,65,0,2026-07-24
NIFTY,2026-07-28,23650.0,CE,162.0,250.0,126.0,212.7,212.7,2080048,3219776076052.25,1164150,1030250,2026-07-24
NIFTY,2026-07-28,24250.0,CE,14.95,18.25,8.25,10.55,10.55,802786,1266016484502.25,3944785,196755,2026-07-24
NIFTY,2026-07-28,24850.0,CE,2.15,2.8,1.45,1.7,1.7,136681,220792476979.75,1348360,-335530,2026-07-24
NIFTY,2026-07-28,25600.0,CE,0.85,1.3,0.6,0.65,0.65,76118,126664457484.5,1469195,-793650,2026-07-24
NIFTY,2026-08-04,21900.0,CE,0.0,0.0,0.0,2112.9,1907.75,0,0.0,0,0,2026-07-24
NIFTY,2026-08-04,22300.0,CE,0.0,0.0,0.0,1749.25,1510.95,0,0.0,0,0,2026-07-24
NIFTY,2026-08-04,22600.0,CE,0.0,0.0,0.0,1491.15,1218.6,0,0.0,0,0,2026-07-24
NIFTY,2026-08-04,22850.0,CE,0.0,0.0,0.0,1360.6,983.45,0,0.0,65,0,2026-07-24
NIFTY,2026-08-04,23700.0,CE,250.0,308.85,206.1,278.85,278.85,101240,157599626151.5,820625,736710,2026-07-24
NIFTY,2026-08-04,24850.0,CE,8.1,9.3,5.4,5.65,5.65,7162,11571664484.25,160810,42705,2026-07-24
NIFTY,2026-08-04,25200.0,CE,4.8,4.8,1.7,1.9,1.9,28828,47225605758.5,657865,410670,2026-07-24
NIFTY,2026-08-11,22400.0,CE,0.0,0.0,0.0,2148.5,1451.25,0,0.0,0,0,2026-07-24
NIFTY,2026-08-11,22550.0,CE,0.0,0.0,0.0,2006.75,1310.65,0,0.0,0,0,2026-07-24
NIFTY,2026-08-11,23200.0,CE,749.0,749.0,610.0,735.75,735.75,123,190673837.25,3900,3575,2026-07-24
NIFTY,2026-08-11,25150.0,CE,11.8,11.8,8.0,8.0,8.0,45,73594891.5,1170,1170,2026-07-24
NIFTY,2026-08-18,22200.0,CE,0.0,0.0,0.0,2006.5,1680.35,0,0.0,0,0,2026-07-24
NIFTY,2026-08-18,22400.0,CE,0.0,0.0,0.0,1820.55,1494.05,0,0.0,0,0,2026-07-24
NIFTY,2026-08-18,23100.0,CE,773.2,860.05,770.25,857.15,899.9,21,32627705.5,1040,1040,2026-07-24
NIFTY,2026-08-18,24100.0,CE,200.6,235.05,179.4,216.25,216.25,758,1197581398.0,32110,20215,2026-07-24
NIFTY,2026-08-18,24450.0,CE,92.0,110.2,86.6,103.35,103.35,138,220181991.25,7540,5330,2026-07-24
NIFTY,2026-08-18,24850.0,CE,0.0,0.0,0.0,250.3,103.65,0,0.0,0,0,2026-07-24
NIFTY,2026-08-18,25250.0,CE,0.0,0.0,0.0,152.5,51.0,0,0.0,0,0,2026-07-24
NIFTY,2026-08-18,26050.0,CE,4.3,4.7,3.9,3.9,3.9,14,23709374.0,260,0,2026-07-24
NIFTY,2026-08-25,22000.0,CE,1830.25,1921.0,1722.0,1875.3,1875.3,3254,5036616640.25,363805,179400,2026-07-24
NIFTY,2026-08-25,22200.0,CE,1580.0,1730.0,1580.0,1718.1,1718.1,11,17083972.75,260,195,2026-07-24
NIFTY,2026-08-25,22250.0,CE,0.0,0.0,0.0,1585.4,1683.9,0,0.0,65,0,2026-07-24
NIFTY,2026-08-25,22400.0,CE,0.0,0.0,0.0,1672.0,1548.0,0,0.0,65,0,2026-07-24
NIFTY,2026-08-25,22800.0,CE,1111.5,1167.2,1007.4,1144.0,1144.0,133,206303903.0,7345,780,2026-07-24
NIFTY,2026-08-25,22850.0,CE,0.0,0.0,0.0,1120.0,1163.85,0,0.0,975,0,2026-07-24
NIFTY,2026-08-25,23450.0,CE,600.7,654.05,545.0,642.7,642.7,45,70346474.25,2860,910,2026-07-24
NIFTY,2026-08-25,23500.0,CE,540.0,635.85,511.7,604.6,604.6,14995,23450498529.25,601055,144755,2026-07-24
NIFTY,2026-08-25,24100.0,CE,225.0,287.0,219.65,270.45,270.45,12923,20449532538.5,1586260,-151060,2026-07-24
NIFTY,2026-08-25,24850.0,CE,53.05,66.6,52.25,61.45,61.45,2058,3331929337.75,74750,3250,2026-07-24
NIFTY,2026-08-25,25100.0,CE,38.7,38.7,29.8,34.7,34.7,8901,14541534419.75,458705,-46865,2026-07-24
NIFTY,2026-09-01,23350.0,CE,0.0,0.0,0.0,1182.5,856.35,0,0.0,0,0,2026-07-24
NIFTY,2026-09-01,24000.0,CE,332.2,360.3,332.2,360.3,489.85,3,4748412.5,65,65,2026-07-24
NIFTY,2026-09-01,24250.0,CE,0.0,0.0,0.0,606.5,382.55,0,0.0,0,0,2026-07-24
NIFTY,2026-09-01,24350.0,CE,0.0,0.0,0.0,556.3,344.75,0,0.0,0,0,2026-07-24
NIFTY,2026-09-01,24400.0,CE,180.0,203.25,180.0,203.25,326.85,6,9591387.0,195,195,2026-07-24
NIFTY,2026-09-01,25000.0,CE,83.55,83.55,58.1,64.05,64.05,112,182471672.5,3835,3835,2026-07-24
NIFTY,2026-09-01,25800.0,CE,0.0,0.0,0.0,118.1,53.7,0,0.0,0,0,2026-07-24
NIFTY,2026-09-01,25900.0,CE,0.0,0.0,0.0,103.9,46.1,0,0.0,0,0,2026-07-24
NIFTY,2026-09-01,25950.0,CE,0.0,0.0,0.0,97.35,42.65,0,0.0,0,0,2026-07-24
NIFTY,2026-09-29,22050.0,CE,0.0,0.0,0.0,2284.2,2072.85,0,0.0,0,0,2026-07-24
NIFTY,2026-09-29,22650.0,CE,1413.4,1413.4,1410.05,1410.05,1576.9,4,6256048.5,325,260,2026-07-24
NIFTY,2026-09-29,23050.0,CE,0.0,0.0,0.0,1394.2,1279.8,0,0.0,650,0,2026-07-24
NIFTY,2026-09-29,23300.0,CE,933.0,980.0,882.0,968.0,1110.55,20,31491788.25,1170,390,2026-07-24
NIFTY,2026-09-29,23600.0,CE,720.0,793.9,686.0,767.7,767.7,280,442442120.25,7085,5005,2026-07-24
NIFTY,2026-09-29,24050.0,CE,462.0,525.75,448.3,505.0,505.0,127,202558895.5,7410,-585,2026-07-24
NIFTY,2026-09-29,24450.0,CE,315.3,332.5,282.9,331.0,510.95,40,64356318.0,5005,390,2026-07-24
NIFTY,2026-09-29,25150.0,CE,122.95,129.0,108.0,122.15,122.15,693,1138117240.0,27495,15275,2026-07-24
NIFTY,2026-09-29,33000.0,CE,2.35,2.5,1.75,2.5,2.5,38,81515603.0,29770,-260,2026-07-24
NIFTY,2026-12-29,16500.0,CE,0.0,0.0,0.0,10405.0,7731.6,0,0.0,0,0,2026-07-24
NIFTY,2026-12-29,19000.0,CE,5188.8,5274.5,5118.1,5206.75,5206.75,114,179381117.5,59765,3280,2026-07-24
NIFTY,2027-03-30,19500.0,CE,0.0,0.0,0.0,4365.4,5172.05,0,0.0,0,0,2026-07-24
NIFTY,2027-12-28,18000.0,CE,0.0,0.0,0.0,6285.7,7436.0,0,0.0,0,0,2026-07-24
NIFTY,2028-06-27,24000.0,CE,0.0,0.0,0.0,3918.85,3658.0,0,0.0,0,0,2026-07-24
NIFTY,2028-06-27,30000.0,CE,0.0,0.0,0.0,2278.45,1238.6,0,0.0,0,0,2026-07-24
NIFTY,2028-12-26,22500.0,CE,0.0,0.0,0.0,7382.9,5239.15,0,0.0,0,0,2026-07-24
NIFTY,2028-12-26,31500.0,CE,0.0,0.0,0.0,2327.6,1374.65,0,0.0,0,0,2026-07-24
NIFTY,2029-06-26,31500.0,CE,0.0,0.0,0.0,2878.65,1871.2,0,0.0,0,0,2026-07-24
NIFTY,2029-12-24,24000.0,CE,0.0,0.0,0.0,7730.0,5564.6,0,0.0,0,0,2026-07-24
NIFTY,2030-12-31,18000.0,CE,0.0,0.0,0.0,12674.15,10476.65,0,0.0,0,0,2026-07-24
NIFTY,2026-07-28,21150.0,PE,1.0,1.45,0.6,0.65,0.65,10973,15085705186.5,132665,5460,2026-07-24
NIFTY,2026-07-28,22000.0,PE,0.95,2.1,0.95,1.15,1.15,268687,384248496992.75,4815850,425685,2026-07-24
NIFTY,2026-07-28,22150.0,PE,1.2,2.8,0.95,1.25,1.25,26912,38749646731.25,70720,19565,2026-07-24
NIFTY,2026-07-28,22850.0,PE,4.05,7.6,2.9,3.6,3.6,212228,315275980435.0,1085175,41860,2026-07-24
NIFTY,2026-07-28,23100.0,PE,12.0,16.55,5.0,6.25,6.25,739782,1111228197722.5,3436485,931255,2026-07-24
NIFTY,2026-07-28,23200.0,PE,11.2,24.15,6.6,8.15,8.15,1089296,1643595118100.0,6074835,1736280,2026-07-24
NIFTY,2026-07-28,24200.0,PE,525.0,572.8,369.0,407.45,407.45,78623,125989097117.0,2777515,-1095640,2026-07-24
NIFTY,2026-07-28,25350.0,PE,1675.0,1676.2,1675.0,1676.2,1565.8,4,7026652.75,1560,-260,2026-07-24
NIFTY,2026-08-04,21750.0,PE,3.0,6.4,3.0,4.4,4.4,324,458156218.0,10985,8580,2026-07-24
NIFTY,2026-08-04,21900.0,PE,4.7,7.55,3.85,4.95,4.95,2061,2934585683.25,59280,26065,2026-07-24
NIFTY,2026-08-04,22300.0,PE,6.6,12.55,5.7,6.8,6.8,12867,18658076346.0,153010,109200,2026-07-24
NIFTY,2026-08-04,22450.0,PE,8.85,16.25,7.35,8.45,8.45,3942,5755020927.5,53300,26065,2026-07-24
NIFTY,2026-08-04,22550.0,PE,10.25,19.95,4.7,10.0,10.0,5305,7779965423.75,54860,17680,2026-07-24
NIFTY,2026-08-04,22750.0,PE,16.3,31.1,13.95,15.45,15.45,6338,9380650210.75,65260,23920,2026-07-24
NIFTY,2026-08-04,23150.0,PE,52.0,78.9,36.8,40.45,40.45,10151,15309731664.5,239330,36595,2026-07-24
NIFTY,2026-08-04,24900.0,PE,1157.85,1157.85,1060.0,1077.0,1106.5,29,48948045.25,1950,1625,2026-07-24
NIFTY,2026-08-04,25150.0,PE,1387.65,1410.4,1387.65,1410.4,1345.15,2,3451373.25,195,0,2026-07-24
NIFTY,2026-08-04,25200.0,PE,0.0,0.0,0.0,1184.65,1393.7,0,0.0,65,0,2026-07-24
NIFTY,2026-08-11,21650.0,PE,9.8,10.95,7.2,7.3,7.3,181,254818983.25,3120,-455,2026-07-24
NIFTY,2026-08-11,23300.0,PE,111.0,166.0,97.5,103.3,103.3,3213,4892426084.0,110175,34060,2026-07-24
NIFTY,2026-08-11,24750.0,PE,0.0,0.0,0.0,576.0,983.4,0,0.0,65,0,2026-07-24
NIFTY,2026-08-11,24950.0,PE,0.0,0.0,0.0,717.5,1157.05,0,0.0,65,0,2026-07-24
NIFTY,2026-08-11,25250.0,PE,0.0,0.0,0.0,985.3,1431.7,0,0.0,65,0,2026-07-24
NIFTY,2026-08-11,25350.0,PE,0.0,0.0,0.0,1016.7,1526.1,0,0.0,0,0,2026-07-24
NIFTY,2026-08-11,25900.0,PE,2148.95,2148.95,2100.0,2100.0,2059.65,2,3643181.75,65,65,2026-07-24
NIFTY,2026-08-11,26050.0,PE,0.0,0.0,0.0,1584.3,2207.65,0,0.0,0,0,2026-07-24
NIFTY,2026-08-18,22300.0,PE,27.6,41.8,26.15,27.6,27.6,320,464540953.5,14690,8905,2026-07-24
NIFTY,2026-08-18,23000.0,PE,95.9,130.0,82.1,86.3,86.3,2186,3283003743.5,61035,21840,2026-07-24
NIFTY,2026-08-25,22700.0,PE,58.9,105.2,58.9,72.7,72.7,6248,9253461532.25,493090,32175,2026-07-24
NIFTY,2026-08-25,22850.0,PE,100.05,129.4,85.15,89.5,89.5,358,534251948.75,39975,5590,2026-07-24
NIFTY,2026-08-25,24950.0,PE,0.0,0.0,0.0,911.6,1169.5,0,0.0,1560,0,2026-07-24
NIFTY,2026-08-25,25250.0,PE,0.0,0.0,0.0,1736.2,1420.65,0,0.0,65,0,2026-07-24
NIFTY,2026-08-25,25600.0,PE,1830.0,1878.0,1700.0,1718.25,1718.25,33,58755001.5,4160,1820,2026-07-24
NIFTY,2026-09-01,25450.0,CE,0.0,0.0,0.0,180.95,89.5,0,0.0,0,0,2026-07-24
NIFTY,2026-09-01,25700.0,CE,0.0,0.0,0.0,133.9,62.4,0,0.0,0,0,2026-07-24
NIFTY,2026-09-29,23900.0,CE,564.4,605.8,520.1,586.35,586.35,358,569049221.0,18135,7215,2026-07-24
NIFTY,2026-08-11,22200.0,PE,12.95,22.1,12.15,13.75,13.75,574,828927872.5,31785,8255,2026-07-24
NIFTY,2026-08-11,21900.0,PE,9.75,15.85,9.45,10.2,10.2,119,169486850.0,4160,1235,2026-07-24
NIFTY,2026-08-04,25900.0,PE,0.0,0.0,0.0,1956.25,2085.8,0,0.0,0,0,2026-07-24
NIFTY,2026-08-04,25100.0,PE,1338.1,1400.0,1272.0,1277.0,1296.85,12,20604145.25,1300,195,2026-07-24
NIFTY,2026-08-04,23950.0,PE,343.65,420.05,258.65,281.3,281.3,3237,5109614617.25,79690,-33670,2026-07-24
NIFTY,2026-08-04,23850.0,PE,250.0,352.0,208.95,228.45,228.45,13192,20669385431.5,169390,23400,2026-07-24
NIFTY,2026-08-04,21650.0,PE,3.3,5.75,3.05,3.9,3.9,417,586939665.0,9425,5785,2026-07-24
NIFTY,2026-07-28,25750.0,PE,2150.7,2150.7,1966.3,1966.3,1965.5,2,3615105.0,650,-65,2026-07-24
NIFTY,2026-07-28,25550.0,PE,0.0,0.0,0.0,1208.3,1765.65,0,0.0,715,0,2026-07-24
NIFTY,2026-07-28,25050.0,PE,1386.0,1387.95,1247.05,1247.05,1266.15,5,8573662.5,2405,0,2026-07-24
NIFTY,2026-07-28,24250.0,PE,527.0,621.9,414.55,451.65,451.65,8277,13323408361.25,404495,-137605,2026-07-24
NIFTY,2030-12-31,22500.0,PE,0.0,0.0,0.0,219.35,605.9,0,0.0,0,0,2026-07-24
NIFTY,2030-12-31,28500.0,PE,0.0,0.0,0.0,1083.1,2067.35,0,0.0,0,0,2026-07-24
NIFTY,2030-12-31,31500.0,PE,0.0,0.0,0.0,1885.5,3192.85,0,0.0,0,0,2026-07-24
NIFTY,2026-07-28,23550.0,CE,210.0,331.5,183.0,292.05,292.05,290211,448551915441.5,227565,178880,2026-07-24
NIFTY,2026-07-28,23450.0,CE,290.25,419.05,253.3,380.2,380.2,48472,74848906944.5,83655,47775,2026-07-24
NIFTY,2026-07-28,21900.0,CE,0.0,0.0,0.0,2080.0,1882.0,0,0.0,520,0,2026-07-24
NIFTY,2026-07-28,25350.0,CE,1.6,2.1,0.7,0.8,0.8,60207,99210742722.0,2202590,192205,2026-07-24
NIFTY,2026-07-28,25950.0,CE,0.9,1.1,0.45,0.5,0.5,11844,19978425857.0,150670,-32630,2026-07-24
NIFTY,2026-08-04,22400.0,CE,0.0,0.0,0.0,1573.4,1412.7,0,0.0,65,0,2026-07-24
NIFTY,2026-08-04,22900.0,CE,950.0,950.0,910.0,920.5,920.5,4,6194532.5,390,130,2026-07-24
NIFTY,2026-08-04,23200.0,CE,590.05,693.35,535.2,661.25,661.25,505,781540812.0,13715,11830,2026-07-24
NIFTY,2026-08-04,23300.0,CE,540.0,610.0,457.3,576.2,576.2,923,1428697559.25,16185,7800,2026-07-24
NIFTY,2026-08-04,23600.0,CE,286.65,375.9,259.3,342.8,342.8,50280,78117303306.25,228280,195910,2026-07-24
NIFTY,2026-08-04,24300.0,CE,40.15,60.6,35.9,48.6,48.6,67585,106960796218.25,1350505,210210,2026-07-24
NIFTY,2026-08-04,24350.0,CE,41.0,51.0,28.85,40.3,40.3,19649,31151583849.75,452075,219375,2026-07-24
NIFTY,2028-06-27,18000.0,CE,0.0,0.0,0.0,6809.35,7991.75,0,0.0,0,0,2026-07-24
NIFTY,2027-03-30,21000.0,PE,155.0,166.1,148.0,149.95,149.95,589,809960489.0,315835,17355,2026-07-24
NIFTY,2027-06-29,31500.0,CE,0.0,0.0,0.0,769.15,173.0,0,0.0,0,0,2026-07-24
NIFTY,2027-06-29,16500.0,PE,0.0,0.0,0.0,24.15,4.15,0,0.0,650,0,2026-07-24
NIFTY,2027-12-28,25500.0,PE,0.0,0.0,0.0,676.05,1612.1,0,0.0,0,0,2026-07-24
NIFTY,2026-07-28,23850.0,CE,71.9,122.0,51.1,93.8,93.8,2404742,3741946912782.0,3614845,152620,2026-07-24
NIFTY,2026-07-28,23800.0,CE,80.0,149.5,64.0,117.85,117.85,5287083,8216896355999.5,7242495,3836690,2026-07-24
NIFTY,2026-07-28,25200.0,CE,1.6,1.8,0.85,0.95,0.95,293244,480358054598.5,5639595,-390000,2026-07-24
NIFTY,2026-07-28,24350.0,CE,9.0,11.0,5.5,6.6,6.6,619106,980194800923.0,2563080,-1174615,2026-07-24
NIFTY,2028-06-27,22500.0,PE,0.0,0.0,0.0,206.95,629.3,0,0.0,0,0,2026-07-24
NIFTY,2028-06-27,31500.0,PE,0.0,0.0,0.0,2935.6,4882.6,0,0.0,0,0,2026-07-24
NIFTY,2028-12-26,19500.0,PE,0.0,0.0,0.0,49.0,204.55,0,0.0,0,0,2026-07-24
NIFTY,2026-08-04,24450.0,CE,30.0,35.6,19.05,27.5,27.5,13435,21376345116.75,248625,60060,2026-07-24
NIFTY,2031-06-24,22500.0,PE,0.0,0.0,0.0,663.6,585.85,0,0.0,0,0,2026-07-24
NIFTY,2026-08-04,24750.0,CE,11.15,12.35,7.55,8.0,8.0,15669,25217159360.25,472745,198510,2026-07-24
NIFTY,2026-08-04,25550.0,CE,2.5,3.0,1.3,1.45,1.45,2205,3662184854.25,68315,56680,2026-07-24
NIFTY,2026-08-11,21800.0,CE,0.0,0.0,0.0,2729.8,2034.75,0,0.0,0,0,2026-07-24
NIFTY,2026-08-11,21850.0,CE,0.0,0.0,0.0,2680.75,1985.4,0,0.0,0,0,2026-07-24
NIFTY,2026-08-11,23450.0,CE,462.55,591.5,435.4,591.5,578.0,23,35774076.0,1820,845,2026-07-24
NIFTY,2026-08-11,23800.0,CE,263.85,326.3,233.35,304.5,304.5,9866,15441953270.25,113490,57265,2026-07-24
NIFTY,2026-08-11,26050.0,CE,4.6,4.6,4.6,4.6,2.7,1,1693549.0,780,65,2026-07-24
NIFTY,2026-08-11,26100.0,CE,3.3,3.8,2.2,2.45,2.45,31,52597135.5,2795,520,2026-07-24
NIFTY,2026-08-18,22250.0,CE,0.0,0.0,0.0,1959.6,1633.35,0,0.0,0,0,2026-07-24
NIFTY,2026-08-18,22350.0,CE,0.0,0.0,0.0,1866.6,1540.15,0,0.0,0,0,2026-07-24
NIFTY,2026-08-18,22850.0,CE,0.0,0.0,0.0,1421.6,1099.05,0,0.0,0,0,2026-07-24
NIFTY,2026-08-18,23450.0,CE,0.0,0.0,0.0,951.0,653.1,0,0.0,0,0,2026-07-24
NIFTY,2026-08-18,23900.0,CE,260.0,334.6,256.0,311.5,311.5,510,802231777.75,10660,2795,2026-07-24
NIFTY,2026-08-18,24000.0,CE,221.0,283.85,213.7,268.15,268.15,2541,4004311197.25,65260,19955,2026-07-24
NIFTY,2026-08-18,24900.0,CE,0.0,0.0,0.0,235.9,95.3,0,0.0,0,0,2026-07-24
NIFTY,2027-06-29,19000.0,CE,0.0,0.0,0.0,7800.0,5951.65,0,0.0,75,0,2026-07-24
NIFTY,2026-12-29,23000.0,CE,1665.0,1734.5,1603.05,1709.25,1709.25,1182,1894530680.25,337950,20540,2026-07-24
NIFTY,2026-09-29,25650.0,CE,0.0,0.0,0.0,317.2,180.65,0,0.0,0,0,2026-07-24
NIFTY,2026-09-29,24850.0,CE,182.05,198.75,168.45,187.65,187.65,185,300972288.5,9620,-1690,2026-07-24
NIFTY,2027-03-30,28500.0,PE,0.0,0.0,0.0,4504.7,3782.8,0,0.0,0,0,2026-07-24
NIFTY,2026-09-29,24100.0,CE,468.25,499.0,424.6,475.35,475.35,829,1323399454.0,40560,18850,2026-07-24
NIFTY,2026-09-29,24000.0,CE,490.0,549.2,469.45,529.1,529.1,11730,18681766291.5,1456325,104065,2026-07-24
NIFTY,2029-06-26,28500.0,CE,0.0,0.0,0.0,4213.3,2835.15,0,0.0,0,0,2026-07-24
NIFTY,2026-12-29,25500.0,PE,1402.7,1490.0,1336.75,1366.25,1366.25,144,251915917.5,169520,-1885,2026-07-24
NIFTY,2026-09-29,30000.0,PE,6105.45,6105.45,5856.0,5906.3,5906.3,116,270683777.0,145340,-910,2026-07-24
NIFTY,2026-09-29,25800.0,PE,0.0,0.0,0.0,1395.0,1878.25,0,0.0,130,0,2026-07-24
NIFTY,2026-09-29,24700.0,PE,959.5,1030.4,880.0,880.0,880.0,27,45012916.0,49660,0,2026-07-24
NIFTY,2026-09-29,22950.0,PE,197.7,231.45,179.55,190.0,190.0,77,115865834.5,16380,390,2026-07-24
NIFTY,2026-09-29,22800.0,PE,174.65,201.35,153.15,160.95,160.95,1922,2869699033.5,105430,2275,2026-07-24
NIFTY,2026-09-29,22150.0,PE,87.9,101.35,78.9,79.4,79.4,114,164757329.75,30745,2925,2026-07-24
NIFTY,2026-09-29,21850.0,PE,59.9,77.8,59.9,63.15,68.9,21,29921466.25,2795,260,2026-07-24
NIFTY,2026-09-01,25400.0,PE,0.0,0.0,0.0,1227.3,1550.25,0,0.0,0,0,2026-07-24
NIFTY,2026-09-01,25250.0,PE,0.0,0.0,0.0,1113.75,1423.05,0,0.0,0,0,2026-07-24
NIFTY,2026-09-01,24950.0,PE,0.0,0.0,0.0,902.35,1180.7,0,0.0,0,0,2026-07-24
NIFTY,2026-09-01,24650.0,PE,0.0,0.0,0.0,713.5,957.2,0,0.0,0,0,2026-07-24
NIFTY,2026-09-01,23950.0,PE,0.0,0.0,0.0,369.6,528.05,0,0.0,0,0,2026-07-24
NIFTY,2026-08-25,25700.0,PE,1753.25,1980.0,1753.25,1820.0,1820.0,22,39392021.5,6890,1300,2026-07-24
NIFTY,2026-08-25,23800.0,PE,347.85,452.55,329.1,348.15,348.15,36059,56700107743.5,1364675,734045,2026-07-24
NIFTY,2026-08-25,23250.0,PE,185.85,225.75,155.0,167.1,167.1,838,1276696404.75,50570,9360,2026-07-24
NIFTY,2026-08-25,23100.0,PE,154.45,184.2,122.95,128.05,128.05,9913,14976383126.25,453440,114530,2026-07-24
NIFTY,2026-08-25,22750.0,PE,85.45,112.2,73.75,79.0,79.0,467,693288228.75,35360,4940,2026-07-24
NIFTY,2026-08-25,22450.0,PE,56.05,72.6,47.75,50.9,50.9,652,953792313.5,17030,-1430,2026-07-24
NIFTY,2026-08-25,22000.0,PE,31.0,40.1,24.5,29.55,29.55,32306,46268345890.0,1699880,524290,2026-07-24
NIFTY,2026-08-25,21550.0,PE,18.4,24.9,18.4,22.05,22.05,87,121991174.5,4420,2860,2026-07-24
NIFTY,2026-08-25,21500.0,PE,16.05,24.15,16.05,18.5,18.5,7176,10037891922.5,533780,51740,2026-07-24
NIFTY,2026-08-18,25300.0,PE,0.0,0.0,0.0,1244.85,1474.35,0,0.0,0,0,2026-07-24
NIFTY,2026-08-18,24500.0,PE,825.0,880.0,644.35,693.1,693.1,65,106861800.5,3315,65,2026-07-24
NIFTY,2026-08-18,23850.0,PE,352.0,427.35,312.45,329.15,329.15,72,113344010.0,3510,-390,2026-07-24
NIFTY,2026-08-18,23650.0,PE,280.0,338.05,224.7,253.4,253.4,137,213046086.5,3120,0,2026-07-24
NIFTY,2026-08-18,23550.0,PE,291.35,293.2,209.2,222.35,222.35,33,51081052.75,1950,-780,2026-07-24
NIFTY,2026-08-18,23500.0,PE,218.5,275.7,187.3,200.65,200.65,939,1447730508.25,19695,5135,2026-07-24
NIFTY,2026-08-18,22850.0,PE,72.8,100.1,62.55,69.5,69.5,158,235514168.5,9425,7670,2026-07-24
NIFTY,2026-08-18,22800.0,PE,84.65,93.25,60.3,63.4,63.4,242,359789443.0,17290,2015,2026-07-24
NIFTY,2026-08-18,22750.0,PE,50.8,85.95,50.8,59.9,59.9,120,178007420.5,7735,4745,2026-07-24
NIFTY,2029-06-26,30000.0,CE,0.0,0.0,0.0,5268.4,2312.0,0,0.0,0,0,2026-07-24
NIFTY,2029-12-24,31500.0,CE,0.0,0.0,0.0,3429.3,2381.85,0,0.0,0,0,2026-07-24
NIFTY,2030-06-25,22500.0,CE,0.0,0.0,0.0,9012.4,7018.4,0,0.0,0,0,2026-07-24
NIFTY,2030-12-31,30000.0,CE,0.0,0.0,0.0,5227.2,3977.95,0,0.0,0,0,2026-07-24
NIFTY,2026-08-18,25000.0,CE,0.0,0.0,0.0,209.05,80.25,0,0.0,0,0,2026-07-24
NIFTY,2026-08-18,25100.0,CE,0.0,0.0,0.0,184.85,67.2,0,0.0,0,0,2026-07-24
NIFTY,2026-08-18,25550.0,CE,8.5,9.95,8.3,8.65,8.65,69,114633116.0,2730,2730,2026-07-24
NIFTY,2026-08-18,25750.0,CE,6.35,6.85,6.0,6.15,18.65,20,33483274.5,390,390,2026-07-24
NIFTY,2026-08-18,25950.0,CE,4.85,5.4,4.1,4.1,4.1,13,21931780.0,260,0,2026-07-24
NIFTY,2026-08-25,21900.0,CE,1940.0,1940.0,1940.0,1940.0,2011.55,1,1549600.0,65,65,2026-07-24
NIFTY,2026-08-25,22950.0,CE,1030.95,1030.95,955.3,955.3,1084.4,12,18662192.25,1430,325,2026-07-24
NIFTY,2026-08-25,25450.0,CE,15.45,18.5,14.9,17.2,17.2,246,407216186.0,19565,-1820,2026-07-24
NIFTY,2026-08-25,26200.0,CE,5.0,6.0,3.85,4.3,4.3,89,151595717.0,5980,2145,2026-07-24
NIFTY,2026-09-01,23450.0,CE,0.0,0.0,0.0,1108.95,791.85,0,0.0,0,0,2026-07-24
NIFTY,2026-08-18,22100.0,PE,29.75,30.75,20.9,21.95,21.95,39,56085695.25,325,325,2026-07-24
NIFTY,2026-08-11,24500.0,PE,768.0,875.0,683.95,713.6,713.6,304,500288181.25,20150,-260,2026-07-24
NIFTY,2026-08-11,23950.0,PE,394.95,455.85,324.55,339.6,339.6,289,456957491.25,12480,65,2026-07-24
NIFTY,2026-08-11,23800.0,PE,310.0,376.3,245.3,262.55,262.55,6676,10458031200.5,124605,8515,2026-07-24
NIFTY,2026-08-11,23500.0,PE,200.0,232.8,143.4,152.05,152.05,10268,15808769489.5,229970,84565,2026-07-24
NIFTY,2026-08-11,23200.0,PE,90.65,137.2,81.4,86.75,86.75,4355,6597113903.25,114530,39065,2026-07-24
NIFTY,2026-08-11,23050.0,PE,61.2,103.6,48.9,62.7,62.7,347,521605880.25,5720,1625,2026-07-24
NIFTY,2026-08-11,22400.0,PE,18.65,30.6,17.5,18.1,18.1,685,998356086.0,33540,11050,2026-07-24
NIFTY,2031-06-24,24000.0,CE,0.0,0.0,0.0,7181.9,7248.9,0,0.0,0,0,2026-07-24
NIFTY,2026-07-28,22450.0,PE,2.0,3.8,1.55,1.9,1.9,84771,123715518257.5,312585,197405,2026-07-24
NIFTY,2026-07-28,23250.0,PE,8.85,29.55,7.8,9.55,9.55,635978,961785835988.25,2378610,1057355,2026-07-24
NIFTY,2026-07-28,23600.0,PE,84.0,119.45,35.45,45.0,45.0,4636723,7135444525794.0,7913750,2701205,2026-07-24
NIFTY,2026-09-01,24150.0,CE,0.0,0.0,0.0,659.5,423.3,0,0.0,0,0,2026-07-24
NIFTY,2026-09-01,25350.0,CE,0.0,0.0,0.0,203.15,102.75,0,0.0,0,0,2026-07-24
NIFTY,2026-09-29,34500.0,PE,0.0,0.0,0.0,7064.95,10317.75,0,0.0,0,0,2026-07-24
NIFTY,2026-09-29,26050.0,PE,0.0,0.0,0.0,2017.5,2090.35,0,0.0,0,0,2026-07-24
NIFTY,2026-09-29,26000.0,PE,2075.0,2135.15,1955.0,1983.7,1983.7,565,1028355094.0,617535,17510,2026-07-24
NIFTY,2026-09-29,25550.0,PE,0.0,0.0,0.0,1632.65,1674.15,0,0.0,0,0,2026-07-24
NIFTY,2026-09-29,25300.0,PE,0.0,0.0,0.0,1032.9,1479.15,0,0.0,195,0,2026-07-24
NIFTY,2026-09-29,25050.0,PE,0.0,0.0,0.0,1007.8,1294.2,0,0.0,130,0,2026-07-24
NIFTY,2026-09-29,24850.0,PE,0.0,0.0,0.0,880.0,1154.65,0,0.0,5785,0,2026-07-24
NIFTY,2026-09-29,23050.0,PE,220.6,256.3,202.75,205.0,205.0,78,118002735.5,14560,780,2026-07-24
NIFTY,2026-09-29,22400.0,PE,109.45,133.4,100.65,106.9,106.9,920,1346429704.75,97890,2925,2026-07-24
NIFTY,2026-09-01,25800.0,PE,0.0,0.0,0.0,1550.85,1905.25,0,0.0,0,0,2026-07-24
NIFTY,2026-09-01,24500.0,PE,0.0,0.0,0.0,688.0,853.85,0,0.0,845,0,2026-07-24
NIFTY,2026-09-01,24350.0,PE,0.0,0.0,0.0,549.1,756.45,0,0.0,0,0,2026-07-24
NIFTY,2026-09-01,24150.0,PE,0.0,0.0,0.0,453.7,636.4,0,0.0,0,0,2026-07-24
NIFTY,2026-09-01,23200.0,PE,0.0,0.0,0.0,149.15,228.15,0,0.0,0,0,2026-07-24
NIFTY,2026-09-01,23000.0,PE,158.0,183.2,126.7,126.7,126.7,47,70741121.75,1560,1495,2026-07-24
NIFTY,2026-09-01,22600.0,PE,75.0,103.65,75.0,80.2,80.2,92,135666716.25,3705,2665,2026-07-24
NIFTY,2026-09-01,22550.0,PE,0.0,0.0,0.0,65.55,89.7,0,0.0,130,0,2026-07-24
NIFTY,2026-09-01,22400.0,PE,0.0,0.0,0.0,42.65,70.05,0,0.0,0,0,2026-07-24
NIFTY,2026-08-25,26050.0,PE,0.0,0.0,0.0,1910.0,2153.7,0,0.0,260,0,2026-07-24
NIFTY,2026-08-25,26000.0,PE,2215.0,2288.75,2067.85,2114.15,2114.15,6996,12813235262.75,1434355,386490,2026-07-24
NIFTY,2026-08-25,25500.0,PE,1706.35,1800.0,1585.7,1645.9,1645.9,5518,9746088105.0,1274715,106470,2026-07-24
NIFTY,2026-08-25,24300.0,PE,670.0,752.3,585.0,611.9,611.9,3436,5575401364.0,738010,-30290,2026-07-24
NIFTY,2026-08-25,23600.0,PE,309.95,357.0,252.35,266.1,266.1,18457,28687892993.5,560625,264940,2026-07-24
NIFTY,2026-08-25,23350.0,PE,211.0,257.8,179.45,186.9,186.9,576,882163451.0,36010,8060,2026-07-24
NIFTY,2026-08-25,22600.0,PE,70.0,90.85,58.9,62.6,62.6,4455,6565864246.5,163475,6175,2026-07-24
NIFTY,2026-08-25,22550.0,PE,65.55,84.35,55.25,57.95,57.95,334,491032854.0,28665,5265,2026-07-24
NIFTY,2026-08-18,26100.0,PE,0.0,0.0,0.0,1941.75,2233.1,0,0.0,0,0,2026-07-24
NIFTY,2026-08-18,25900.0,PE,0.0,0.0,0.0,1759.2,2038.85,0,0.0,0,0,2026-07-24
NIFTY,2026-08-18,25850.0,PE,0.0,0.0,0.0,1714.3,1990.65,0,0.0,0,0,2026-07-24
NIFTY,2026-08-18,25750.0,PE,0.0,0.0,0.0,1625.45,1894.7,0,0.0,0,0,2026-07-24
NIFTY,2026-08-18,25400.0,PE,0.0,0.0,0.0,1326.35,1565.75,0,0.0,0,0,2026-07-24
NIFTY,2026-08-18,24550.0,PE,0.0,0.0,0.0,502.4,848.7,0,0.0,390,0,2026-07-24
NIFTY,2026-08-18,24200.0,PE,580.05,664.1,499.8,509.75,509.75,99,159431366.25,5525,-1755,2026-07-24
NIFTY,2026-08-18,23900.0,PE,391.5,465.0,338.7,346.4,346.4,239,377194788.75,11895,-715,2026-07-24
NIFTY,2026-08-18,23400.0,PE,198.95,240.0,159.25,170.15,170.15,313,479956558.25,12220,9425,2026-07-24
NIFTY,2026-08-18,23250.0,PE,183.75,190.45,126.0,133.85,133.85,111,168833957.5,6825,5590,2026-07-24
NIFTY,2026-08-18,22400.0,PE,32.1,50.05,30.85,33.45,33.45,143,208580212.75,8190,5785,2026-07-24
NIFTY,2026-08-11,25300.0,PE,0.0,0.0,0.0,1031.85,1478.75,0,0.0,65,0,2026-07-24
NIFTY,2026-08-11,25000.0,PE,1260.0,1332.65,1232.0,1232.0,1201.8,17,29033894.5,715,-195,2026-07-24
NIFTY,2026-08-11,24350.0,PE,642.35,730.0,578.9,603.1,603.1,44,71380972.0,7020,65,2026-07-24
NIFTY,2027-06-29,25500.0,PE,0.0,0.0,0.0,667.15,1652.15,0,0.0,0,0,2026-07-24
NIFTY,2026-08-11,24150.0,PE,533.0,587.9,433.25,451.45,451.45,183,293382212.5,8580,-3185,2026-07-24
NIFTY,2026-08-11,22800.0,PE,41.15,64.95,36.05,38.0,38.0,3085,4581115652.75,76830,34710,2026-07-24
NIFTY,2026-08-11,22450.0,PE,20.6,34.2,18.5,20.85,20.85,299,436762306.5,8580,1560,2026-07-24
NIFTY,2026-08-11,21600.0,PE,7.15,16.0,7.05,7.4,7.4,840,1179852394.5,36075,10790,2026-07-24
NIFTY,2026-08-04,25250.0,PE,0.0,0.0,0.0,1396.4,1442.45,0,0.0,0,0,2026-07-24
NIFTY,2026-08-04,25050.0,PE,1287.95,1298.2,1287.95,1298.2,1248.8,2,3424599.75,65,0,2026-07-24
NIFTY,2026-08-04,25000.0,PE,1225.95,1355.0,1143.3,1184.4,1184.4,490,836125641.0,60320,22360,2026-07-24
NIFTY,2026-08-04,24600.0,PE,870.0,960.0,761.0,797.75,797.75,132,218733138.0,29640,2275,2026-07-24
NIFTY,2026-08-04,22900.0,PE,17.85,44.45,17.45,21.2,21.2,37150,55365745730.75,702845,342095,2026-07-24
NIFTY,2026-08-04,22800.0,PE,18.0,35.2,15.9,17.35,17.35,36460,54087395186.5,545155,282685,2026-07-24
NIFTY,2026-07-28,26000.0,PE,2280.0,2365.55,2147.5,2196.5,2196.5,8364,15364292892.0,1433510,-331955,2026-07-24
NIFTY,2026-07-28,25700.0,PE,2036.35,2088.25,1870.0,1890.0,1890.0,43,77274242.5,11765,-780,2026-07-24
NIFTY,2026-07-28,25300.0,PE,1550.05,1660.0,1469.8,1487.7,1487.7,103,180085906.0,17225,-4940,2026-07-24
NIFTY,2026-07-28,24300.0,PE,600.0,669.0,461.0,499.55,499.55,31494,50870730423.5,1173900,-369980,2026-07-24
NIFTY,2026-07-28,24050.0,PE,370.0,433.1,243.0,276.5,276.5,57545,91143129554.75,699010,-321750,2026-07-24
NIFTY,2026-07-28,21450.0,PE,1.25,1.35,0.7,0.8,0.8,5972,8326835172.5,49790,32370,2026-07-24
NIFTY,2026-07-28,21100.0,PE,0.65,1.25,0.6,0.65,0.65,41521,56948096848.5,2642770,-42965,2026-07-24
NIFTY,2031-06-24,21000.0,CE,0.0,0.0,0.0,8900.75,8975.25,0,0.0,0,0,2026-07-24
NIFTY,2030-12-31,31500.0,CE,0.0,0.0,0.0,4554.55,3452.8,0,0.0,0,0,2026-07-24
NIFTY,2030-06-25,21000.0,CE,0.0,0.0,0.0,10421.65,7955.9,0,0.0,0,0,2026-07-24
NIFTY,2029-12-24,18000.0,CE,0.0,0.0,0.0,11362.4,9528.2,0,0.0,0,0,2026-07-24
NIFTY,2027-12-28,16500.0,CE,0.0,0.0,0.0,11316.4,8766.0,0,0.0,0,0,2026-07-24
NIFTY,2027-03-30,31500.0,CE,0.0,0.0,0.0,94.65,67.1,0,0.0,0,0,2026-07-24
NIFTY,2027-03-30,27000.0,CE,248.0,258.0,210.0,247.55,247.55,1520,2691426881.0,205010,9685,2026-07-24
NIFTY,2026-12-29,31000.0,CE,13.05,14.4,12.05,14.25,14.25,110,221747873.75,159985,-390,2026-07-24
NIFTY,2026-12-29,29000.0,CE,24.55,24.95,21.1,21.85,21.85,1331,2510922794.25,478660,-2660,2026-07-24
NIFTY,2026-12-29,28500.0,CE,33.75,37.55,30.05,31.45,31.45,519,962563143.75,94315,-5915,2026-07-24
NIFTY,2026-12-29,27000.0,CE,95.55,104.7,94.55,99.4,99.4,8435,14857615591.0,2156665,47140,2026-07-24
NIFTY,2026-12-29,22000.0,CE,2430.0,2534.15,2380.05,2504.65,2504.65,204,324068504.5,183885,5590,2026-07-24
NIFTY,2026-09-29,26200.0,CE,0.0,0.0,0.0,206.55,103.4,0,0.0,0,0,2026-07-24
NIFTY,2026-09-29,25600.0,CE,0.0,0.0,0.0,329.1,189.55,0,0.0,0,0,2026-07-24
NIFTY,2026-09-29,25200.0,CE,0.0,0.0,0.0,437.0,275.25,0,0.0,0,0,2026-07-24
NIFTY,2026-09-29,23700.0,CE,640.0,727.7,628.6,707.5,707.5,574,908918936.25,24050,15860,2026-07-24
NIFTY,2026-09-29,23000.0,CE,1149.1,1222.05,1084.0,1196.7,1196.7,1199,1880893979.25,106145,32045,2026-07-24
NIFTY,2026-09-29,22800.0,CE,1389.0,1389.0,1370.5,1370.5,1462.05,2,3143367.5,455,65,2026-07-24
NIFTY,2026-09-29,22200.0,CE,0.0,0.0,0.0,2158.9,1943.95,0,0.0,0,0,2026-07-24
NIFTY,2026-09-01,24100.0,CE,295.1,327.0,261.85,321.0,321.0,241,382021786.25,8450,1365,2026-07-24
NIFTY,2026-09-01,22150.0,CE,0.0,0.0,0.0,2218.8,1817.95,0,0.0,0,0,2026-07-24
NIFTY,2026-09-01,22100.0,CE,0.0,0.0,0.0,2265.95,1863.6,0,0.0,0,0,2026-07-24
NIFTY,2026-08-25,25150.0,CE,27.3,34.0,27.3,31.75,31.75,853,1396146885.25,71435,1365,2026-07-24
NIFTY,2026-08-25,24650.0,CE,84.6,101.8,77.75,94.7,94.7,2347,3774465438.25,43680,16380,2026-07-24
NIFTY,2026-08-25,24300.0,CE,151.1,204.9,151.05,192.1,192.1,12808,20375624870.25,1070745,69485,2026-07-24
NIFTY,2026-08-25,24250.0,CE,180.0,222.3,169.75,209.45,209.45,1175,1866856449.25,62790,1820,2026-07-24
NIFTY,2026-08-25,23600.0,CE,529.6,565.8,451.95,540.0,540.0,15952,24976307102.5,300885,267280,2026-07-24
NIFTY,2026-08-25,23400.0,CE,669.55,700.55,574.6,677.65,677.65,768,1199019025.75,24115,10855,2026-07-24
NIFTY,2026-08-25,23200.0,CE,750.0,855.6,708.05,823.65,823.65,599,932256390.0,29055,16315,2026-07-24
NIFTY,2026-08-25,22700.0,CE,1110.0,1256.25,1110.0,1235.0,1235.0,61,94528931.25,5460,3510,2026-07-24
NIFTY,2026-08-25,22550.0,CE,0.0,0.0,0.0,1773.25,1415.65,0,0.0,130,0,2026-07-24
NIFTY,2026-08-25,22100.0,CE,0.0,0.0,0.0,2281.05,1822.7,0,0.0,0,0,2026-07-24
NIFTY,2026-08-18,25400.0,CE,11.95,13.3,11.25,11.9,11.9,93,153615224.75,4355,4355,2026-07-24
NIFTY,2026-08-18,25350.0,CE,0.0,0.0,0.0,133.55,42.15,0,0.0,0,0,2026-07-24
NIFTY,2026-08-18,25300.0,CE,0.0,0.0,0.0,109.95,46.4,0,0.0,65,0,2026-07-24
NIFTY,2026-08-18,24350.0,CE,133.25,139.15,108.9,131.15,131.15,124,197215534.75,7800,1885,2026-07-24
NIFTY,2026-08-18,24300.0,CE,146.95,160.0,120.0,145.05,145.05,525,833927627.0,25870,7085,2026-07-24
NIFTY,2026-08-18,23950.0,CE,270.4,300.0,232.4,284.4,284.4,64,100754163.25,3575,-65,2026-07-24
NIFTY,2026-08-18,22700.0,CE,0.0,0.0,0.0,1551.05,1226.2,0,0.0,0,0,2026-07-24
NIFTY,2026-08-18,22450.0,CE,0.0,0.0,0.0,1774.75,1448.35,0,0.0,0,0,2026-07-24
NIFTY,2026-08-11,26000.0,CE,3.2,3.85,2.35,2.55,2.55,675,1140884199.0,86255,10595,2026-07-24
NIFTY,2026-08-11,25600.0,CE,4.6,6.95,3.25,3.45,3.45,81,134806116.25,2275,2080,2026-07-24
NIFTY,2026-08-11,25350.0,CE,7.15,7.15,5.2,5.2,5.2,19,31315108.5,1235,1235,2026-07-24
NIFTY,2026-08-11,25300.0,CE,10.3,10.35,5.85,6.4,6.4,733,1205785883.25,40365,5655,2026-07-24
NIFTY,2026-08-11,23900.0,CE,230.0,272.5,196.45,249.4,249.4,5049,7921261790.0,127855,10075,2026-07-24
NIFTY,2026-08-11,23750.0,CE,296.4,354.4,263.4,333.15,333.15,1462,2286522676.75,17095,11245,2026-07-24
NIFTY,2026-08-11,22900.0,CE,0.0,0.0,0.0,1685.1,998.35,0,0.0,0,0,2026-07-24
NIFTY,2026-08-11,22300.0,CE,0.0,0.0,0.0,2244.0,1546.6,0,0.0,0,0,2026-07-24
NIFTY,2026-08-11,22150.0,CE,0.0,0.0,0.0,2388.45,1691.4,0,0.0,0,0,2026-07-24
NIFTY,2026-08-11,22050.0,CE,0.0,0.0,0.0,2485.45,1788.85,0,0.0,0,0,2026-07-24
NIFTY,2026-08-04,26200.0,CE,1.85,2.05,0.9,0.95,0.95,3252,5538435864.0,123630,49205,2026-07-24
NIFTY,2026-08-04,26050.0,CE,1.8,1.95,1.0,1.25,1.25,111,187960951.75,5135,2145,2026-07-24
NIFTY,2026-08-04,25750.0,CE,1.8,2.7,1.15,1.25,1.25,155,259448783.75,5850,-780,2026-07-24
NIFTY,2026-08-04,23800.0,CE,200.0,249.9,163.3,222.6,222.6,122585,191301047099.5,1266915,841685,2026-07-24
NIFTY,2026-08-04,23500.0,CE,378.95,448.85,319.55,422.05,422.05,22582,35032790208.0,200915,126230,2026-07-24
NIFTY,2026-08-04,23450.0,CE,385.8,484.2,353.5,448.25,448.25,520,806237779.75,9880,7410,2026-07-24
NIFTY,2026-08-04,22550.0,CE,0.0,0.0,0.0,1533.15,1266.75,0,0.0,0,0,2026-07-24
NIFTY,2026-08-04,22000.0,CE,1772.9,1824.0,1660.0,1824.0,1808.25,20,30873547.25,520,520,2026-07-24
NIFTY,2026-07-28,26150.0,CE,0.75,1.1,0.4,0.45,0.45,10199,17336175457.25,110825,-49075,2026-07-24
NIFTY,2026-07-28,26100.0,CE,0.7,0.9,0.4,0.45,0.45,21650,36730085349.75,304915,-35230,2026-07-24
NIFTY,2026-07-28,25300.0,CE,1.55,1.7,0.7,0.8,0.8,336549,553478856430.5,6144710,1127620,2026-07-24
NIFTY,2026-07-28,24150.0,CE,16.6,30.2,12.1,17.95,17.95,950712,1493593677189.25,4185285,-120250,2026-07-24
NIFTY,2026-07-28,24100.0,CE,21.05,38.65,12.2,23.85,23.85,1946085,3051689352120.5,10216310,358995,2026-07-24
NIFTY,2026-07-28,23400.0,CE,321.05,466.0,292.25,424.1,424.1,76041,117383706781.25,131755,41925,2026-07-24
NIFTY,2026-07-28,21800.0,CE,0.0,0.0,0.0,2230.0,1981.9,0,0.0,130,0,2026-07-24
NIFTY,2031-06-24,27000.0,PE,0.0,0.0,0.0,1653.15,1507.35,0,0.0,0,0,2026-07-24
NIFTY,2029-12-24,28500.0,PE,0.0,0.0,0.0,1255.9,2389.6,0,0.0,0,0,2026-07-24
NIFTY,2029-12-24,27000.0,PE,0.0,0.0,0.0,1177.9,1825.5,0,0.0,0,0,2026-07-24
NIFTY,2029-12-24,22500.0,PE,0.0,0.0,0.0,225.7,639.15,0,0.0,0,0,2026-07-24
NIFTY,2029-06-26,28500.0,PE,0.0,0.0,0.0,1349.1,2569.55,0,0.0,0,0,2026-07-24
NIFTY,2028-12-26,25500.0,PE,0.0,0.0,0.0,648.2,1486.8,0,0.0,0,0,2026-07-24
NIFTY,2028-06-27,24000.0,PE,0.0,0.0,0.0,1692.75,1025.9,0,0.0,0,0,2026-07-24
NIFTY,2027-12-28,21000.0,PE,330.1,344.0,330.0,336.55,302.4,21,29120386.75,13830,1105,2026-07-24
NIFTY,2027-12-28,17000.0,PE,0.0,0.0,0.0,95.0,22.5,0,0.0,17685,0,2026-07-24
NIFTY,2027-06-29,21000.0,PE,0.0,0.0,0.0,218.0,221.95,0,0.0,4535,0,2026-07-24
NIFTY,2026-08-18,23200.0,PE,135.75,175.55,115.45,121.9,121.9,736,1116408471.75,38935,26065,2026-07-24
NIFTY,2026-08-18,22650.0,PE,53.0,74.1,48.25,48.25,48.25,143,211091257.0,8645,6565,2026-07-24
NIFTY,2026-08-18,22250.0,PE,24.1,37.55,20.65,26.9,26.9,40,57936277.75,3315,1495,2026-07-24
NIFTY,2026-08-18,22150.0,PE,0.0,0.0,0.0,23.85,18.65,0,0.0,0,0,2026-07-24
NIFTY,2026-08-11,26000.0,PE,2300.0,2300.0,2300.0,2300.0,2158.25,14,25753000.0,1170,910,2026-07-24
NIFTY,2026-08-11,25800.0,PE,1923.15,1923.15,1923.15,1923.15,1961.4,1,1802004.75,65,65,2026-07-24
NIFTY,2026-08-11,25650.0,PE,1826.7,1826.7,1826.7,1826.7,1826.7,1,1785985.5,0,-65,2026-07-24
NIFTY,2026-08-25,21850.0,CE,0.0,0.0,0.0,2494.1,2059.3,0,0.0,0,0,2026-07-24
NIFTY,2027-12-28,15000.0,PE,0.0,0.0,0.0,39.0,3.15,0,0.0,625,0,2026-07-24
NIFTY,2027-06-29,31500.0,PE,0.0,0.0,0.0,3604.7,6030.05,0,0.0,0,0,2026-07-24
NIFTY,2027-06-29,24000.0,PE,0.0,0.0,0.0,5056.2,974.1,0,0.0,0,0,2026-07-24
NIFTY,2027-03-30,31500.0,PE,0.0,0.0,0.0,7066.15,6414.9,0,0.0,0,0,2026-07-24
NIFTY,2027-03-30,30000.0,PE,0.0,0.0,0.0,5754.5,5060.8,0,0.0,130,0,2026-07-24
NIFTY,2027-03-30,25500.0,PE,1347.55,1399.0,1260.0,1288.35,1288.35,159,277523675.0,33345,3445,2026-07-24
NIFTY,2026-12-29,28500.0,PE,0.0,0.0,0.0,1948.15,4038.9,0,0.0,0,0,2026-07-24
NIFTY,2026-12-29,25000.0,PE,1083.1,1170.3,1039.95,1061.95,1061.95,2708,4594818491.25,1714975,-33920,2026-07-24
NIFTY,2026-08-25,25000.0,CE,42.0,48.2,34.55,44.35,44.35,69539,113193730130.0,4053985,370435,2026-07-24
NIFTY,2026-08-25,25750.0,CE,0.0,0.0,0.0,315.3,36.55,0,0.0,0,0,2026-07-24
NIFTY,2026-09-01,22500.0,CE,0.0,0.0,0.0,1895.1,1508.05,0,0.0,0,0,2026-07-24
NIFTY,2026-09-01,22750.0,CE,0.0,0.0,0.0,1672.8,1299.45,0,0.0,0,0,2026-07-24
NIFTY,2026-09-01,23850.0,CE,395.0,465.2,395.0,465.2,563.25,3,4732338.0,520,195,2026-07-24
NIFTY,2026-08-25,24750.0,CE,65.7,81.65,64.25,75.95,75.95,1730,2791268756.25,73775,3510,2026-07-24
NIFTY,2026-08-25,24600.0,CE,89.6,113.3,83.15,104.65,104.65,15888,25507214479.5,632970,152230,2026-07-24
NIFTY,2026-08-25,24550.0,CE,99.6,126.5,96.0,116.45,116.45,2177,3489191273.75,52455,12805,2026-07-24
NIFTY,2026-09-01,24550.0,CE,0.0,0.0,0.0,464.5,277.35,0,0.0,0,0,2026-07-24
NIFTY,2026-09-01,25250.0,CE,0.0,0.0,0.0,227.15,117.65,0,0.0,0,0,2026-07-24
NIFTY,2026-09-29,22150.0,CE,0.0,0.0,0.0,2200.35,1986.6,0,0.0,0,0,2026-07-24
NIFTY,2026-09-29,22250.0,CE,0.0,0.0,0.0,2117.8,1901.65,0,0.0,0,0,2026-07-24
NIFTY,2026-09-29,22400.0,CE,0.0,0.0,0.0,1741.4,1776.95,0,0.0,195,0,2026-07-24
NIFTY,2026-09-29,23250.0,CE,0.0,0.0,0.0,1240.1,1143.35,0,0.0,650,0,2026-07-24
NIFTY,2026-09-29,23550.0,CE,810.7,834.25,791.9,812.55,954.8,19,30083576.25,910,130,2026-07-24
NIFTY,2026-09-29,23800.0,CE,643.3,671.9,574.0,649.7,649.7,710,1126715778.5,29445,15470,2026-07-24
NIFTY,2026-09-29,25100.0,CE,125.8,139.0,116.8,132.15,132.15,1075,1762744269.0,35880,2275,2026-07-24
NIFTY,2026-09-29,26150.0,CE,0.0,0.0,0.0,215.05,109.0,0,0.0,0,0,2026-07-24
NIFTY,2026-12-29,16000.0,CE,0.0,0.0,0.0,6200.0,8217.5,0,0.0,50,0,2026-07-24
NIFTY,2026-12-29,22500.0,CE,2029.5,2098.2,2000.0,2098.2,2228.8,9,14349286.25,15795,-130,2026-07-24
NIFTY,2027-06-29,25500.0,CE,0.0,0.0,0.0,3312.45,1437.85,0,0.0,0,0,2026-07-24
NIFTY,2027-12-28,33000.0,CE,0.0,0.0,0.0,150.0,323.7,0,0.0,2795,0,2026-07-24
NIFTY,2028-06-27,19500.0,CE,0.0,0.0,0.0,9209.1,6770.35,0,0.0,0,0,2026-07-24
NIFTY,2029-06-26,18000.0,CE,0.0,0.0,0.0,11678.65,9038.45,0,0.0,0,0,2026-07-24
NIFTY,2029-06-26,21000.0,CE,0.0,0.0,0.0,9799.75,6847.5,0,0.0,0,0,2026-07-24
NIFTY,2029-12-24,16500.0,CE,0.0,0.0,0.0,12984.85,10659.1,0,0.0,0,0,2026-07-24
NIFTY,2029-12-24,28500.0,CE,0.0,0.0,0.0,4802.1,3410.85,0,0.0,0,0,2026-07-24
NIFTY,2030-06-25,18000.0,CE,0.0,0.0,0.0,12423.9,10004.15,0,0.0,0,0,2026-07-24
NIFTY,2030-06-25,31500.0,CE,0.0,0.0,0.0,3984.8,2907.0,0,0.0,0,0,2026-07-24
NIFTY,2030-12-31,16500.0,CE,0.0,0.0,0.0,13763.55,11528.2,0,0.0,0,0,2026-07-24
NIFTY,2030-12-31,28500.0,CE,0.0,0.0,0.0,5968.3,4566.1,0,0.0,0,0,2026-07-24
NIFTY,2031-06-24,31500.0,CE,0.0,0.0,0.0,3928.35,3957.65,0,0.0,0,0,2026-07-24
NIFTY,2026-07-28,22250.0,PE,1.25,3.2,1.2,1.35,1.35,56335,81481696650.25,310440,197340,2026-07-24
NIFTY,2026-07-28,22500.0,PE,2.15,3.75,1.75,2.1,2.1,570654,834675537592.0,6994585,1374880,2026-07-24
NIFTY,2026-07-28,23450.0,PE,42.85,66.75,17.45,21.9,21.9,1162846,1775321544655.75,2672800,1335230,2026-07-24
NIFTY,2026-07-28,23900.0,PE,246.0,305.55,141.0,167.4,167.4,990589,1551645073433.0,3174665,-3288675,2026-07-24
NIFTY,2026-07-28,24100.0,PE,447.7,479.3,282.85,316.1,316.1,99702,158529096586.25,2504905,-752830,2026-07-24
NIFTY,2026-07-28,25250.0,PE,0.0,0.0,0.0,1375.6,1465.85,0,0.0,1170,0,2026-07-24
NIFTY,2026-07-28,25400.0,PE,1670.0,1674.95,1560.0,1560.0,1560.0,9,15798246.75,13845,-455,2026-07-24
NIFTY,2026-07-28,26250.0,PE,0.0,0.0,0.0,1770.65,2465.15,0,0.0,65,0,2026-07-24
NIFTY,2026-08-04,22250.0,PE,5.8,11.35,5.55,6.2,6.2,4305,6228378055.25,150540,111930,2026-07-24
NIFTY,2026-08-04,22600.0,PE,12.2,22.35,10.2,11.15,11.15,32282,47452116595.0,261690,64805,2026-07-24
NIFTY,2026-08-04,23000.0,PE,38.95,56.4,25.15,27.85,27.85,127733,191279998016.25,1457885,372905,2026-07-24
NIFTY,2026-08-04,26000.0,PE,0.0,0.0,0.0,2150.4,2185.45,0,0.0,9620,0,2026-07-24
NIFTY,2026-08-04,26050.0,PE,0.0,0.0,0.0,2092.95,2235.3,0,0.0,0,0,2026-07-24
NIFTY,2026-08-04,26150.0,PE,0.0,0.0,0.0,2185.2,2335.05,0,0.0,0,0,2026-07-24
NIFTY,2026-12-29,19500.0,PE,50.05,55.75,48.0,50.1,50.1,115,146153943.0,69030,1365,2026-07-24
NIFTY,2026-08-11,22750.0,PE,37.0,58.75,33.6,36.25,36.25,366,542257209.0,7865,3055,2026-07-24
NIFTY,2027-12-28,22000.0,PE,475.0,480.0,446.0,447.0,447.0,13,18983292.25,29485,65,2026-07-24
NIFTY,2028-06-27,21000.0,PE,0.0,0.0,0.0,907.2,351.8,0,0.0,0,0,2026-07-24
NIFTY,2028-12-26,18000.0,PE,0.0,0.0,0.0,250.0,97.45,0,0.0,75,0,2026-07-24
NIFTY,2028-12-26,25000.0,PE,0.0,0.0,0.0,1200.0,1315.7,0,0.0,5620,0,2026-07-24
NIFTY,2029-06-26,21000.0,PE,0.0,0.0,0.0,320.25,397.2,0,0.0,0,0,2026-07-24
NIFTY,2029-06-26,31500.0,PE,0.0,0.0,0.0,2443.35,4079.45,0,0.0,0,0,2026-07-24
NIFTY,2030-06-25,16500.0,PE,0.0,0.0,0.0,12.0,68.15,0,0.0,0,0,2026-07-24
NIFTY,2030-06-25,19500.0,PE,0.0,0.0,0.0,64.95,244.2,0,0.0,0,0,2026-07-24
NIFTY,2026-07-28,21600.0,CE,0.0,0.0,0.0,2783.4,2181.8,0,0.0,0,0,2026-07-24
NIFTY,2026-07-28,22350.0,CE,0.0,0.0,0.0,1636.55,1432.3,0,0.0,260,0,2026-07-24
NIFTY,2026-07-28,23050.0,CE,708.0,799.45,608.15,752.25,752.25,157,242414906.5,1820,585,2026-07-24
NIFTY,2026-07-28,23150.0,CE,589.8,703.25,507.05,667.35,667.35,923,1424412876.25,8255,5590,2026-07-24
NIFTY,2026-07-28,24450.0,CE,7.05,9.4,3.65,4.45,4.45,492119,782268990912.5,2068235,-908895,2026-07-24
NIFTY,2026-07-28,25750.0,CE,1.2,1.2,0.55,0.65,0.65,12730,21307603242.25,161720,-57135,2026-07-24
NIFTY,2026-07-28,26000.0,CE,0.7,1.0,0.45,0.5,0.5,218989,370100288665.25,5238610,-399620,2026-07-24
NIFTY,2026-07-28,26050.0,CE,0.65,1.25,0.4,0.5,0.5,8831,14953479271.25,187720,-14430,2026-07-24
NIFTY,2026-08-04,21650.0,CE,0.0,0.0,0.0,2348.4,2157.0,0,0.0,0,0,2026-07-24
NIFTY,2026-08-04,22250.0,CE,0.0,0.0,0.0,1793.65,1560.3,0,0.0,0,0,2026-07-24
NIFTY,2026-08-11,22950.0,PE,58.2,86.15,49.55,53.45,53.45,301,450293343.5,8255,1040,2026-07-24
NIFTY,2026-08-11,24550.0,PE,921.4,921.4,921.4,921.4,819.95,1,1655641.0,1365,-65,2026-07-24
NIFTY,2026-08-11,24600.0,PE,849.15,946.25,849.15,946.25,859.75,4,6624111.0,2795,-195,2026-07-24
NIFTY,2026-08-25,24000.0,CE,288.0,335.9,256.8,315.1,315.1,78106,123326417113.25,6800755,521235,2026-07-24
NIFTY,2026-08-25,23700.0,CE,407.0,506.1,396.4,480.05,480.05,34781,54600167440.0,816270,762190,2026-07-24
NIFTY,2026-08-25,23550.0,CE,530.75,602.0,483.4,578.7,578.7,151,236386393.75,6045,1885,2026-07-24
NIFTY,2026-08-25,23350.0,CE,660.0,711.55,620.05,706.3,706.3,17,26552279.0,2535,0,2026-07-24
NIFTY,2026-08-25,23250.0,CE,693.65,804.05,673.3,783.3,783.3,39,60774125.75,2145,1235,2026-07-24
NIFTY,2026-08-25,23100.0,CE,860.0,910.0,780.0,901.7,901.7,86,133922714.25,6240,650,2026-07-24
NIFTY,2026-08-25,22750.0,CE,1172.2,1172.2,1079.7,1080.25,1245.7,5,7750772.25,1495,195,2026-07-24
NIFTY,2026-08-25,21950.0,CE,0.0,0.0,0.0,2408.05,1964.0,0,0.0,0,0,2026-07-24
NIFTY,2026-08-04,22350.0,CE,0.0,0.0,0.0,1705.25,1461.75,0,0.0,0,0,2026-07-24
NIFTY,2026-08-04,22700.0,CE,1010.0,1130.0,1010.0,1130.0,1123.25,2,3090100.0,0,0,2026-07-24
NIFTY,2026-08-04,23150.0,CE,659.45,720.75,573.85,685.9,685.9,43,66488275.75,1170,845,2026-07-24
NIFTY,2026-08-04,23250.0,CE,551.3,641.75,494.15,615.15,615.15,147,227335891.25,1885,1495,2026-07-24
NIFTY,2026-08-04,24100.0,CE,82.35,113.85,69.5,96.75,96.75,95851,150715890533.0,1155765,151125,2026-07-24
NIFTY,2026-08-04,24250.0,CE,56.0,71.5,41.25,58.5,58.5,20660,32641886163.25,441415,186745,2026-07-24
NIFTY,2026-08-04,24400.0,CE,35.05,43.2,25.15,33.55,33.55,76623,121692916910.5,1481155,621400,2026-07-24
NIFTY,2026-08-04,25850.0,CE,1.75,2.55,1.1,1.35,1.35,102,171397440.5,6175,1755,2026-07-24
NIFTY,2026-09-29,25350.0,PE,0.0,0.0,0.0,1488.65,1517.4,0,0.0,0,0,2026-07-24
NIFTY,2026-09-29,25150.0,PE,0.0,0.0,0.0,1080.65,1366.75,0,0.0,130,0,2026-07-24
NIFTY,2026-09-29,24350.0,PE,0.0,0.0,0.0,570.45,841.05,0,0.0,10010,0,2026-07-24
NIFTY,2026-09-29,23850.0,PE,476.65,531.75,441.25,456.45,456.45,99,156587704.0,4095,-1365,2026-07-24
NIFTY,2026-09-29,23300.0,PE,252.65,330.4,252.65,266.95,266.95,1164,1784923539.75,101920,7215,2026-07-24
NIFTY,2026-09-29,18000.0,PE,10.5,11.85,9.8,10.15,10.15,3840,4495563527.0,1047865,64155,2026-07-24
NIFTY,2026-09-01,25050.0,PE,0.0,0.0,0.0,970.45,1259.5,0,0.0,0,0,2026-07-24
NIFTY,2026-09-01,24450.0,PE,0.0,0.0,0.0,601.1,820.7,0,0.0,0,0,2026-07-24
NIFTY,2026-08-11,21650.0,CE,0.0,0.0,0.0,2877.3,2183.3,0,0.0,0,0,2026-07-24
NIFTY,2026-08-11,23000.0,CE,790.0,909.0,765.0,899.85,899.85,47,72752452.5,1560,1560,2026-07-24
NIFTY,2026-08-11,23300.0,CE,606.95,651.65,534.05,631.8,631.8,31,48104257.5,2860,845,2026-07-24
NIFTY,2026-08-11,24850.0,CE,0.0,0.0,0.0,373.65,60.6,0,0.0,0,0,2026-07-24
NIFTY,2026-09-01,24000.0,PE,525.0,566.0,493.0,493.0,554.0,46,73365587.75,2340,455,2026-07-24
NIFTY,2026-09-01,23350.0,PE,0.0,0.0,0.0,182.25,275.1,0,0.0,0,0,2026-07-24
NIFTY,2026-09-01,23300.0,PE,0.0,0.0,0.0,170.65,258.75,0,0.0,0,0,2026-07-24
NIFTY,2026-09-01,23250.0,PE,0.0,0.0,0.0,159.65,243.1,0,0.0,0,0,2026-07-24
NIFTY,2026-09-01,22150.0,PE,42.0,42.0,42.0,42.0,45.1,1,1442480.0,65,65,2026-07-24
NIFTY,2026-09-01,22100.0,PE,40.0,40.0,40.0,40.0,41.1,1,1439100.0,65,65,2026-07-24
NIFTY,2026-08-25,26200.0,PE,2233.4,2452.25,2233.4,2317.75,2317.75,10,18561552.75,4030,260,2026-07-24
NIFTY,2026-08-25,25100.0,PE,1381.55,1395.0,1210.0,1231.6,1231.6,83,142390852.5,19240,3640,2026-07-24
NIFTY,2026-08-25,24450.0,PE,839.35,853.05,721.7,721.7,795.95,8,13146198.0,10205,-390,2026-07-24
NIFTY,2026-08-25,23550.0,PE,273.2,332.0,239.0,249.8,249.8,566,876889429.0,33995,7475,2026-07-24
NIFTY,2026-08-25,23400.0,PE,237.75,276.7,191.55,199.5,199.5,7761,11921173914.0,375570,26130,2026-07-24
NIFTY,2026-08-25,23200.0,PE,172.0,212.0,142.05,149.1,149.1,17439,26487236451.0,799045,182910,2026-07-24
NIFTY,2026-08-25,22150.0,PE,32.25,46.95,32.05,33.45,33.45,239,344721767.0,18265,3380,2026-07-24
NIFTY,2026-08-25,21800.0,PE,22.2,31.8,20.5,23.1,23.1,1628,2309590354.5,58240,20800,2026-07-24
NIFTY,2026-08-25,21450.0,PE,16.15,25.0,15.65,18.5,18.5,123,171660619.0,3900,1755,2026-07-24
NIFTY,2026-08-18,25600.0,PE,0.0,0.0,0.0,1494.85,1752.25,0,0.0,0,0,2026-07-24
NIFTY,2026-08-18,24600.0,PE,0.0,0.0,0.0,738.5,885.45,0,0.0,0,0,2026-07-24
NIFTY,2026-08-18,24000.0,PE,443.85,525.0,387.0,400.35,400.35,506,804016229.25,25480,-3055,2026-07-24
NIFTY,2026-08-18,23600.0,PE,281.5,318.2,218.25,229.4,229.4,359,556836224.75,10660,4485,2026-07-24
NIFTY,2026-08-18,23350.0,PE,188.6,208.5,150.3,158.85,158.85,117,178893507.0,7085,5655,2026-07-24
NIFTY,2026-08-11,25450.0,CE,6.65,8.55,5.1,5.15,5.15,188,311076801.75,2665,1950,2026-07-24
NIFTY,2026-08-18,22550.0,CE,0.0,0.0,0.0,1684.2,1358.1,0,0.0,0,0,2026-07-24
NIFTY,2026-08-18,23750.0,CE,361.75,411.6,334.2,400.65,400.65,93,145883286.25,3965,2990,2026-07-24
NIFTY,2026-08-18,25500.0,CE,11.15,11.6,7.1,10.1,10.1,2397,3974657228.75,95485,43095,2026-07-24
NIFTY,2026-08-18,25900.0,CE,5.2,5.65,4.95,5.05,13.4,12,20206030.0,260,0,2026-07-24
NIFTY,2029-12-24,21000.0,PE,0.0,0.0,0.0,525.1,403.9,0,0.0,650,0,2026-07-24
NIFTY,2030-12-31,16500.0,PE,0.0,0.0,0.0,13.65,74.2,0,0.0,0,0,2026-07-24
NIFTY,2030-12-31,19500.0,PE,0.0,0.0,0.0,67.4,247.45,0,0.0,0,0,2026-07-24
NIFTY,2029-12-24,30000.0,PE,0.0,0.0,0.0,1953.5,3034.55,0,0.0,0,0,2026-07-24
NIFTY,2026-07-28,22700.0,CE,991.0,1145.6,960.1,1117.0,1117.0,27,41682956.25,5720,-65,2026-07-24
NIFTY,2026-07-28,23100.0,CE,621.4,753.0,553.55,717.3,717.3,1577,2432841612.5,49010,2535,2026-07-24
NIFTY,2026-07-28,24050.0,CE,36.25,49.4,19.0,32.3,32.3,1185470,1855724743125.5,3959930,-310115,2026-07-24
NIFTY,2026-07-28,24300.0,CE,12.0,14.15,7.0,8.25,8.25,1175867,1858004924106.5,8951475,653445,2026-07-24
NIFTY,2026-07-28,24400.0,CE,5.0,8.75,5.0,5.35,5.35,1092700,1733466135069.5,7087275,365235,2026-07-24
NIFTY,2026-07-28,25100.0,CE,1.7,2.0,1.05,1.15,1.15,230970,376850502336.75,3263910,-1455480,2026-07-24
NIFTY,2026-07-28,25800.0,CE,0.85,1.25,0.45,0.55,0.55,96610,162019415684.75,1156805,-193635,2026-07-24
NIFTY,2026-07-28,26250.0,CE,0.7,1.1,0.4,0.45,0.45,10491,17900708325.5,202735,-26195,2026-07-24
NIFTY,2026-08-04,21750.0,CE,0.0,0.0,0.0,2253.6,2057.25,0,0.0,0,0,2026-07-24
NIFTY,2026-08-04,22500.0,CE,1272.75,1333.0,1160.0,1333.0,1333.0,86,132640352.0,6110,1885,2026-07-24
NIFTY,2026-08-04,23650.0,CE,239.75,341.65,233.05,310.75,310.75,27642,42983984319.25,108225,93600,2026-07-24
NIFTY,2026-08-04,23900.0,CE,158.0,196.3,120.85,172.65,172.65,65784,102876582029.0,787345,138385,2026-07-24
NIFTY,2026-08-04,24200.0,CE,52.15,84.15,46.8,69.35,69.35,79928,126077245121.75,1733875,319280,2026-07-24
NIFTY,2026-08-04,24500.0,CE,18.5,29.85,18.2,22.8,22.8,110315,175847366301.75,1938625,514800,2026-07-24
NIFTY,2026-08-04,25300.0,CE,3.65,3.95,1.55,1.7,1.7,16007,26326045742.75,503035,143650,2026-07-24
NIFTY,2026-08-04,25400.0,CE,2.7,3.2,1.4,1.45,1.45,13947,23028360553.25,358800,230685,2026-07-24
NIFTY,2026-08-11,21900.0,CE,0.0,0.0,0.0,2631.8,1936.1,0,0.0,0,0,2026-07-24
NIFTY,2026-08-11,22650.0,CE,0.0,0.0,0.0,1913.4,1218.85,0,0.0,0,0,2026-07-24
NIFTY,2026-08-11,22800.0,CE,0.0,0.0,0.0,1775.45,1084.85,0,0.0,0,0,2026-07-24
NIFTY,2026-08-11,23600.0,CE,426.5,450.95,341.0,423.8,423.8,3425,5338473322.0,34320,30030,2026-07-24
NIFTY,2026-08-11,23700.0,CE,300.0,386.8,287.3,360.5,360.5,6358,9929111159.5,65650,52195,2026-07-24
NIFTY,2026-08-11,23950.0,CE,213.1,247.1,179.75,225.4,225.4,1377,2162598399.0,35685,3965,2026-07-24
NIFTY,2026-08-18,22150.0,CE,0.0,0.0,0.0,2053.6,1727.7,0,0.0,0,0,2026-07-24
NIFTY,2026-08-18,23200.0,CE,0.0,0.0,0.0,1136.9,826.1,0,0.0,0,0,2026-07-24
NIFTY,2026-08-18,23650.0,CE,390.5,478.2,377.9,449.35,531.5,46,71965101.0,1820,1105,2026-07-24
NIFTY,2026-08-18,24400.0,CE,105.55,127.7,96.2,117.5,117.5,1048,1669492331.0,36140,14300,2026-07-24
NIFTY,2026-08-18,24600.0,CE,87.15,87.15,64.1,72.9,72.9,191,306293084.5,10205,10205,2026-07-24
NIFTY,2026-08-18,25200.0,CE,0.0,0.0,0.0,162.75,56.0,0,0.0,0,0,2026-07-24
NIFTY,2026-08-18,25650.0,CE,7.05,8.0,6.8,6.8,6.8,18,30019154.75,325,325,2026-07-24
NIFTY,2026-08-25,21250.0,CE,0.0,0.0,0.0,3030.3,2643.25,0,0.0,0,0,2026-07-24
NIFTY,2026-08-25,21400.0,CE,0.0,0.0,0.0,2616.3,2495.85,0,0.0,130,0,2026-07-24
NIFTY,2026-08-25,21500.0,CE,2183.2,2391.15,2183.2,2359.8,2359.8,185,286397088.25,39715,10140,2026-07-24
NIFTY,2026-08-25,22050.0,CE,0.0,0.0,0.0,2323.1,1869.55,0,0.0,0,0,2026-07-24
NIFTY,2026-08-25,22150.0,CE,0.0,0.0,0.0,2147.4,1776.15,0,0.0,130,0,2026-07-24
NIFTY,2026-08-25,22300.0,CE,0.0,0.0,0.0,1755.0,1638.25,0,0.0,65,0,2026-07-24
NIFTY,2026-08-25,23750.0,CE,411.9,472.0,373.5,449.25,449.25,1798,2825008410.25,23790,16900,2026-07-24
NIFTY,2026-08-25,23800.0,CE,399.6,445.5,346.55,425.0,425.0,35586,55951589066.75,938600,706940,2026-07-24
NIFTY,2026-08-25,24200.0,CE,209.6,244.0,186.0,229.15,229.15,19473,30900911132.0,1677065,207285,2026-07-24
NIFTY,2026-08-25,24500.0,CE,117.6,139.85,102.15,129.25,129.25,59493,95205327704.5,4274400,436280,2026-07-24
NIFTY,2026-08-25,24900.0,CE,45.0,59.0,43.45,54.7,54.7,13366,21678229683.5,380770,-53690,2026-07-24
NIFTY,2026-08-25,24950.0,CE,53.0,53.0,41.55,48.8,48.8,1308,2125091133.75,50830,-6370,2026-07-24
NIFTY,2026-08-25,25050.0,CE,33.3,42.2,33.3,39.6,39.6,1976,3222275667.0,79300,-11895,2026-07-24
NIFTY,2026-08-25,25600.0,CE,13.0,14.2,9.1,12.45,12.45,4343,7230312196.25,329095,-7865,2026-07-24
NIFTY,2026-08-25,25950.0,CE,6.0,9.05,6.0,6.55,6.55,498,840225737.0,3770,3770,2026-07-24
NIFTY,2026-08-25,26050.0,CE,5.4,7.15,4.35,4.7,4.7,327,553825792.0,8840,8840,2026-07-24
NIFTY,2026-08-25,26100.0,CE,5.05,6.9,4.3,4.7,4.7,217,368212188.5,9750,8840,2026-07-24
NIFTY,2026-08-25,26300.0,CE,4.5,6.0,3.5,3.7,3.7,7255,12404451026.5,376285,52195,2026-07-24
NIFTY,2026-09-01,22350.0,CE,0.0,0.0,0.0,2032.25,1638.6,0,0.0,0,0,2026-07-24
NIFTY,2026-09-01,23600.0,CE,534.0,590.95,534.0,585.55,700.55,4,6281977.0,65,65,2026-07-24
NIFTY,2026-09-01,23900.0,CE,0.0,0.0,0.0,804.35,538.0,0,0.0,0,0,2026-07-24
NIFTY,2026-09-01,24700.0,CE,0.0,0.0,0.0,402.95,233.7,0,0.0,0,0,2026-07-24
NIFTY,2026-09-01,24800.0,CE,0.0,0.0,0.0,365.3,208.7,0,0.0,0,0,2026-07-24
NIFTY,2026-09-01,24850.0,CE,0.0,0.0,0.0,347.45,196.7,0,0.0,0,0,2026-07-24
NIFTY,2026-09-29,16500.0,CE,0.0,0.0,0.0,10168.85,7465.85,0,0.0,0,0,2026-07-24
NIFTY,2026-09-29,21650.0,CE,0.0,0.0,0.0,2630.65,2429.55,0,0.0,0,0,2026-07-24
NIFTY,2026-09-29,23350.0,CE,0.0,0.0,0.0,1086.9,1078.3,0,0.0,650,0,2026-07-24
NIFTY,2026-09-29,24550.0,CE,279.85,292.95,251.4,283.0,472.8,98,158093087.75,7735,2795,2026-07-24
NIFTY,2026-09-29,25500.0,CE,80.25,80.25,62.95,73.0,73.0,12891,21427355716.0,1372605,31330,2026-07-24
NIFTY,2026-09-29,25750.0,CE,0.0,0.0,0.0,293.5,163.85,0,0.0,0,0,2026-07-24
NIFTY,2026-09-29,25850.0,CE,0.0,0.0,0.0,117.25,148.35,0,0.0,65,0,2026-07-24
NIFTY,2026-09-29,26000.0,CE,32.0,40.0,30.0,36.3,36.3,11979,20273123981.5,1938160,72735,2026-07-24
NIFTY,2026-12-29,20000.0,CE,4225.0,4303.0,4140.75,4267.9,4267.9,126,198459602.25,571830,455,2026-07-24
NIFTY,2027-03-30,16500.0,CE,0.0,0.0,0.0,6995.9,7994.05,0,0.0,0,0,2026-07-24
NIFTY,2027-03-30,28500.0,CE,99.4,101.25,89.0,93.3,93.3,269,499984036.5,26845,-4875,2026-07-24
NIFTY,2028-06-27,22500.0,CE,0.0,0.0,0.0,6796.05,4582.35,0,0.0,0,0,2026-07-24
NIFTY,2028-06-27,28500.0,CE,0.0,0.0,0.0,2990.0,1664.9,0,0.0,0,0,2026-07-24
NIFTY,2028-12-26,27000.0,CE,0.0,0.0,0.0,2635.0,2833.2,0,0.0,715,0,2026-07-24
NIFTY,2029-06-26,22500.0,CE,0.0,0.0,0.0,7946.5,5860.45,0,0.0,0,0,2026-07-24
NIFTY,2030-06-25,28500.0,CE,0.0,0.0,0.0,5382.85,3984.45,0,0.0,0,0,2026-07-24
NIFTY,2030-06-25,30000.0,CE,0.0,0.0,0.0,5580.35,3411.15,0,0.0,0,0,2026-07-24
NIFTY,2031-06-24,22500.0,CE,0.0,0.0,0.0,8012.75,8084.5,0,0.0,0,0,2026-07-24
NIFTY,2026-07-28,21200.0,PE,0.7,1.0,0.6,0.65,0.65,15638,21550022546.0,762320,81575,2026-07-24
NIFTY,2026-07-28,22300.0,PE,1.35,4.2,1.25,1.45,1.45,176562,255949634356.0,1481805,418925,2026-07-24
NIFTY,2026-07-28,22600.0,PE,2.9,4.4,1.9,2.35,2.35,346733,509416249647.5,2471430,1162135,2026-07-24
NIFTY,2026-07-28,22900.0,PE,4.5,8.65,3.2,3.95,3.95,436529,649922163358.0,2763995,1056705,2026-07-24
NIFTY,2026-07-28,23050.0,PE,6.55,13.85,4.55,5.6,5.6,417654,625970183679.75,1237405,465725,2026-07-24
NIFTY,2026-07-28,23800.0,PE,163.3,231.2,92.15,113.6,113.6,4257749,6623783809041.75,8096400,187005,2026-07-24
NIFTY,2026-07-28,24150.0,PE,459.6,525.0,325.4,361.0,361.0,22057,35213993746.75,349570,-123370,2026-07-24
NIFTY,2026-07-28,24650.0,PE,899.1,1013.45,821.0,824.9,824.9,356,590005604.5,37115,-1560,2026-07-24
NIFTY,2026-07-28,25600.0,PE,1930.0,1950.0,1770.0,1810.0,1810.0,34,60648883.75,12350,-2080,2026-07-24
NIFTY,2026-07-28,25800.0,PE,2405.1,2405.1,1970.0,1994.65,1994.65,117,212259856.25,20995,-4875,2026-07-24
NIFTY,2026-08-04,21600.0,PE,4.0,5.9,2.75,3.8,3.8,26936,37826212729.5,1343940,513760,2026-07-24
NIFTY,2026-08-04,22050.0,PE,4.75,8.8,4.45,5.25,5.25,1071,1535459003.0,15535,10790,2026-07-24
NIFTY,2026-08-04,23200.0,PE,59.6,89.3,41.5,46.2,46.2,52702,79681908182.5,1308255,268515,2026-07-24
NIFTY,2026-08-04,23550.0,PE,137.8,196.7,102.4,112.75,112.75,12088,18618074367.75,117000,39000,2026-07-24
NIFTY,2026-08-04,23600.0,PE,169.05,219.6,115.3,128.7,128.7,69680,107640353145.0,654030,109330,2026-07-24
NIFTY,2026-08-04,23700.0,PE,226.25,267.95,146.2,163.65,163.65,116020,180264253178.75,1161225,555880,2026-07-24
NIFTY,2026-08-04,23750.0,PE,235.0,292.5,165.2,183.3,183.3,31116,48465960263.5,218335,146380,2026-07-24
NIFTY,2026-08-04,24150.0,PE,481.55,569.85,383.2,405.5,405.5,626,1001269512.75,33735,65,2026-07-24
NIFTY,2026-08-04,24200.0,PE,525.75,612.5,420.0,450.7,450.7,4567,7336376541.0,539630,-7085,2026-07-24
NIFTY,2026-08-04,24400.0,PE,706.05,778.9,587.0,615.65,615.65,875,1428043064.5,85865,-3705,2026-07-24
NIFTY,2026-08-04,24550.0,PE,880.95,922.15,741.0,743.65,743.65,261,431817230.0,4810,2665,2026-07-24
NIFTY,2026-08-11,21850.0,PE,9.2,16.75,9.2,9.8,2.85,52,73891961.0,1105,-390,2026-07-24
NIFTY,2026-08-11,21950.0,PE,10.25,15.5,9.4,10.4,10.4,108,154173964.75,2340,780,2026-07-24
NIFTY,2026-08-11,22000.0,PE,11.8,17.05,8.85,11.45,11.45,3100,4435626448.5,72800,19890,2026-07-24
NIFTY,2026-08-11,22500.0,PE,21.45,38.35,20.45,22.15,22.15,4422,6475149824.0,73905,15925,2026-07-24
NIFTY,2026-08-11,23150.0,PE,89.85,125.35,74.7,77.6,77.6,371,560552749.25,7800,2340,2026-07-24
NIFTY,2026-08-11,23700.0,PE,257.0,323.0,205.0,219.0,219.0,7144,11125239830.25,92885,52325,2026-07-24
NIFTY,2026-08-11,23850.0,PE,349.85,395.5,272.15,290.05,290.05,576,904784627.5,17485,390,2026-07-24
NIFTY,2026-08-11,25100.0,PE,0.0,0.0,0.0,900.0,1292.6,0,0.0,65,0,2026-07-24
NIFTY,2026-08-18,22900.0,PE,80.0,112.0,70.05,73.5,73.5,156,233126039.25,11375,2405,2026-07-24
NIFTY,2026-08-18,24150.0,PE,585.55,606.75,475.0,475.0,575.7,44,70693593.75,3315,-325,2026-07-24
NIFTY,2026-08-18,25000.0,PE,0.0,0.0,0.0,1012.85,1209.4,0,0.0,0,0,2026-07-24
NIFTY,2026-08-18,25050.0,PE,0.0,0.0,0.0,1051.15,1252.45,0,0.0,0,0,2026-07-24
NIFTY,2026-08-18,25250.0,PE,0.0,0.0,0.0,1204.85,1429.15,0,0.0,0,0,2026-07-24
NIFTY,2026-08-18,25700.0,PE,0.0,0.0,0.0,1581.55,1847.0,0,0.0,0,0,2026-07-24
NIFTY,2026-08-18,26000.0,PE,0.0,0.0,0.0,1849.95,2135.75,0,0.0,0,0,2026-07-24
NIFTY,2026-08-25,22400.0,PE,51.8,67.65,44.85,48.35,48.35,3629,5296600497.5,122915,27235,2026-07-24
NIFTY,2026-08-25,23450.0,PE,245.8,294.95,206.0,217.0,217.0,648,998287787.25,30225,455,2026-07-24
NIFTY,2026-08-25,23500.0,PE,258.0,314.5,218.85,233.0,233.0,49787,76888186433.5,2767895,150540,2026-07-24
NIFTY,2026-08-25,24000.0,PE,384.0,559.05,384.0,440.8,440.8,54573,86849246415.75,6356480,-48295,2026-07-24
NIFTY,2026-08-25,24200.0,PE,566.0,686.2,527.5,548.05,548.05,5494,8858716070.75,1326780,14300,2026-07-24
NIFTY,2026-08-25,24900.0,PE,1113.6,1230.0,1031.0,1063.0,1063.0,743,1255476134.25,97890,23270,2026-07-24
NIFTY,2026-08-25,26100.0,PE,2275.0,2285.0,2127.4,2172.5,2172.5,168,309561122.0,10595,10400,2026-07-24
NIFTY,2026-09-01,22500.0,PE,76.6,92.0,65.0,65.55,65.55,31,45491413.5,1625,1560,2026-07-24
NIFTY,2026-09-01,22850.0,PE,0.0,0.0,0.0,89.7,141.8,0,0.0,0,0,2026-07-24
NIFTY,2026-09-01,23700.0,PE,351.35,394.3,320.0,320.0,320.0,4,6254296.75,130,130,2026-07-24
NIFTY,2026-09-01,23750.0,PE,0.0,0.0,0.0,296.6,431.8,0,0.0,0,0,2026-07-24
NIFTY,2026-09-01,24100.0,PE,598.0,598.0,491.95,495.5,495.5,145,232361051.0,13000,6370,2026-07-24
NIFTY,2026-09-01,24800.0,PE,0.0,0.0,0.0,804.95,1067.25,0,0.0,0,0,2026-07-24
NIFTY,2026-09-01,24900.0,PE,0.0,0.0,0.0,869.25,1142.05,0,0.0,0,0,2026-07-24
NIFTY,2026-09-01,25150.0,PE,0.0,0.0,0.0,1040.9,1340.35,0,0.0,0,0,2026-07-24
NIFTY,2026-09-01,25600.0,PE,0.0,0.0,0.0,1385.45,1725.2,0,0.0,0,0,2026-07-24
NIFTY,2026-09-29,21600.0,PE,49.2,62.25,47.05,48.6,48.6,548,771343173.25,45110,10465,2026-07-24
NIFTY,2026-09-29,21800.0,PE,58.2,74.25,53.85,58.3,58.3,448,636667352.75,25545,12870,2026-07-24
NIFTY,2026-09-29,22300.0,PE,102.9,118.6,90.35,96.85,96.85,612,891198096.75,66625,1820,2026-07-24
NIFTY,2026-09-29,22850.0,PE,177.15,208.2,164.15,173.65,173.65,114,170647782.5,10465,1950,2026-07-24
NIFTY,2026-09-29,23250.0,PE,268.55,309.35,245.6,252.1,252.1,68,103994601.75,6890,975,2026-07-24
NIFTY,2026-09-29,23350.0,PE,298.75,340.25,281.5,283.0,380.1,35,53850696.25,4810,65,2026-07-24
NIFTY,2026-09-29,23900.0,PE,500.0,562.7,458.0,476.4,476.4,742,1177427043.0,34255,6760,2026-07-24
NIFTY,2026-09-29,25000.0,PE,1200.0,1257.8,1090.0,1133.25,1133.25,2049,3486341963.0,829140,-25785,2026-07-24
NIFTY,2026-09-29,25600.0,PE,0.0,0.0,0.0,1670.65,1714.3,0,0.0,0,0,2026-07-24
NIFTY,2026-09-29,28500.0,PE,4470.0,4531.65,4370.0,4440.75,4440.75,1633,3495224060.25,411775,-52845,2026-07-24
NIFTY,2026-12-29,14000.0,PE,0.0,0.0,0.0,12.4,0.0,0,0.0,8180,0,2026-07-24
NIFTY,2026-12-29,16500.0,PE,0.0,0.0,0.0,21.0,0.1,0,0.0,3640,0,2026-07-24
NIFTY,2026-12-29,18000.0,PE,30.4,34.1,29.15,31.25,31.25,472,553245114.5,431930,-6955,2026-07-24
NIFTY,2026-12-29,20000.0,PE,60.5,70.0,57.65,60.05,60.05,2629,3428658142.0,1060360,11570,2026-07-24
NIFTY,2027-03-30,22500.0,PE,320.75,351.2,303.5,313.9,313.9,616,914084811.25,890435,-1365,2026-07-24
NIFTY,2027-12-28,24000.0,PE,850.55,899.0,828.05,843.4,843.4,109,176121637.25,113215,715,2026-07-24
NIFTY,2029-12-24,16500.0,PE,0.0,0.0,0.0,10.15,60.55,0,0.0,0,0,2026-07-24
NIFTY,2031-06-24,18000.0,CE,0.0,0.0,0.0,10825.95,10897.9,0,0.0,0,0,2026-07-24
NIFTY,2026-07-28,21350.0,PE,0.6,1.4,0.6,0.65,0.65,13102,18183021064.0,177190,97370,2026-07-24
NIFTY,2027-06-29,30000.0,PE,0.0,0.0,0.0,4000.05,4759.6,0,0.0,65,0,2026-07-24
NIFTY,2027-06-29,28500.0,PE,0.0,0.0,0.0,1807.05,3581.25,0,0.0,0,0,2026-07-24
NIFTY,2027-03-30,15000.0,PE,0.0,0.0,0.0,20.0,0.1,0,0.0,455,0,2026-07-24
NIFTY,2026-08-11,25750.0,PE,0.0,0.0,0.0,1329.6,1912.4,0,0.0,0,0,2026-07-24
NIFTY,2026-08-11,25600.0,PE,0.0,0.0,0.0,1208.35,1766.2,0,0.0,0,0,2026-07-24
NIFTY,2026-08-11,25150.0,PE,0.0,0.0,0.0,884.05,1338.6,0,0.0,65,0,2026-07-24
NIFTY,2026-08-11,23550.0,PE,203.1,252.4,156.9,170.7,170.7,821,1267418129.25,13000,2990,2026-07-24
NIFTY,2026-08-11,22900.0,PE,54.65,78.6,44.55,46.65,46.65,2147,3204121209.25,49400,10140,2026-07-24
NIFTY,2026-08-11,22700.0,PE,22.6,54.55,22.6,31.05,31.05,1898,2805308067.25,81640,29315,2026-07-24
NIFTY,2026-08-11,22300.0,PE,15.55,26.45,14.9,15.75,15.75,455,660122375.25,12740,10205,2026-07-24
NIFTY,2026-08-11,22250.0,PE,13.9,23.65,13.6,14.5,14.5,115,166454941.25,6760,2990,2026-07-24
NIFTY,2026-08-11,21700.0,PE,7.9,11.9,7.1,7.9,7.9,49,69143483.5,3445,585,2026-07-24
NIFTY,2026-08-04,25750.0,PE,0.0,0.0,0.0,1822.0,1936.45,0,0.0,0,0,2026-07-24
NIFTY,2026-08-04,25500.0,PE,1746.35,1836.0,1640.0,1648.15,1648.15,37,65601272.75,7670,910,2026-07-24
NIFTY,2026-08-04,24300.0,PE,609.25,698.85,501.0,528.45,528.45,1844,2984780298.5,268515,-10985,2026-07-24
NIFTY,2026-08-04,24250.0,PE,572.9,649.9,464.05,491.7,491.7,594,957960844.75,25480,-11830,2026-07-24
NIFTY,2026-08-04,24050.0,PE,435.0,492.8,321.75,344.15,344.15,1017,1615365752.0,32370,-12090,2026-07-24
NIFTY,2026-07-28,21400.0,CE,0.0,0.0,0.0,2963.9,2381.65,0,0.0,0,0,2026-07-24
NIFTY,2026-07-28,21450.0,CE,0.0,0.0,0.0,2918.5,2331.7,0,0.0,0,0,2026-07-24
NIFTY,2026-07-28,21500.0,CE,2260.3,2345.6,2140.45,2316.25,2316.25,2397,3701481823.0,367510,-38090,2026-07-24
NIFTY,2026-07-28,21950.0,CE,1875.4,1875.9,1875.4,1875.9,1832.0,6,9292003.5,455,325,2026-07-24
NIFTY,2026-07-28,22150.0,CE,0.0,0.0,0.0,1902.9,1632.15,0,0.0,1560,0,2026-07-24
NIFTY,2026-07-28,22300.0,CE,1497.2,1497.25,1497.2,1497.25,1482.25,2,3093639.25,390,-130,2026-07-24
NIFTY,2026-07-28,22550.0,CE,0.0,0.0,0.0,1639.65,1232.55,0,0.0,260,0,2026-07-24
NIFTY,2026-07-28,22850.0,CE,821.5,958.85,821.5,958.85,958.85,2,3086222.75,910,65,2026-07-24
NIFTY,2026-07-28,23300.0,CE,439.9,560.85,373.9,520.4,520.4,25267,38985627232.5,97565,16900,2026-07-24
NIFTY,2026-07-28,23750.0,CE,90.0,179.8,79.75,145.5,145.5,2899548,4500396221766.25,1767220,1391325,2026-07-24
NIFTY,2026-07-28,23950.0,CE,36.0,78.6,31.1,56.2,56.2,1489551,2324184706970.75,2968550,-613860,2026-07-24
NIFTY,2026-07-28,24000.0,CE,35.65,62.75,24.0,42.55,42.55,3682197,5754352546237.75,13479180,530985,2026-07-24
NIFTY,2026-07-28,24550.0,CE,5.0,5.0,2.85,3.25,3.25,447323,713926560373.0,2057250,-227760,2026-07-24
NIFTY,2026-07-28,24700.0,CE,2.55,3.35,1.85,2.25,2.25,1129008,1812810182475.5,5313750,-1765400,2026-07-24
NIFTY,2026-07-28,25500.0,CE,1.15,1.55,0.65,0.75,0.75,424637,703862795187.5,7644585,-4698005,2026-07-24
NIFTY,2026-08-04,21700.0,CE,0.0,0.0,0.0,2300.9,2107.15,0,0.0,0,0,2026-07-24
NIFTY,2026-12-29,29000.0,PE,4500.0,4542.15,4366.0,4418.95,4418.95,54,117545525.5,223160,325,2026-07-24
NIFTY,2026-12-29,27000.0,PE,2538.95,2690.25,2511.75,2537.1,2537.1,338,650350444.25,865700,5200,2026-07-24
NIFTY,2026-12-29,22500.0,PE,249.95,275.5,228.85,237.6,237.6,3450,5103040289.75,665860,56810,2026-07-24
NIFTY,2026-08-04,23800.0,PE,248.65,324.25,184.6,205.15,205.15,98643,154101925844.75,1137175,443170,2026-07-24
NIFTY,2026-08-04,23500.0,PE,120.25,176.75,89.6,99.85,99.85,85762,131717989874.25,1203475,330005,2026-07-24
NIFTY,2026-08-04,23350.0,PE,75.0,126.5,61.15,68.2,68.2,11394,17357753130.25,150410,42640,2026-07-24
NIFTY,2026-08-04,21950.0,PE,4.0,8.1,4.0,5.15,5.15,506,722131835.75,18330,13325,2026-07-24
NIFTY,2026-07-28,26150.0,PE,0.0,0.0,0.0,2060.0,2365.25,0,0.0,65,0,2026-07-24
NIFTY,2026-08-04,22650.0,CE,1130.05,1130.05,1119.0,1119.0,1170.75,2,3090688.25,195,0,2026-07-24
NIFTY,2026-08-04,22950.0,CE,0.0,0.0,0.0,945.15,892.95,0,0.0,130,0,2026-07-24
NIFTY,2026-08-04,24000.0,CE,99.15,151.0,90.95,130.9,130.9,138362,216946223055.25,2403895,443235,2026-07-24
NIFTY,2026-08-04,24150.0,CE,68.0,98.0,60.05,82.65,82.65,13823,21769617805.0,282230,44330,2026-07-24
NIFTY,2026-08-04,24800.0,CE,9.0,10.85,6.05,6.6,6.6,57032,91966128016.75,1052480,325260,2026-07-24
NIFTY,2026-08-04,25350.0,CE,2.85,3.7,1.5,1.6,1.6,2276,3750589313.25,83590,34320,2026-07-24
NIFTY,2026-08-04,25450.0,CE,2.6,3.3,1.35,1.45,1.45,3446,5700924996.0,97565,95160,2026-07-24
NIFTY,2026-08-11,22350.0,CE,0.0,0.0,0.0,2196.15,1498.8,0,0.0,0,0,2026-07-24
NIFTY,2026-12-29,17000.0,PE,26.0,29.0,25.75,26.85,26.85,148,163801443.0,209180,-390,2026-07-24
NIFTY,2026-08-11,22600.0,CE,0.0,0.0,0.0,1959.95,1264.55,0,0.0,0,0,2026-07-24
NIFTY,2026-08-11,22950.0,CE,0.0,0.0,0.0,1640.4,956.05,0,0.0,0,0,2026-07-24
NIFTY,2026-08-11,23400.0,CE,521.45,574.1,467.0,565.35,565.35,253,393385382.0,3445,2080,2026-07-24
NIFTY,2026-08-11,24000.0,CE,160.0,223.85,151.3,203.25,203.25,12346,19409909028.25,359060,103025,2026-07-24
NIFTY,2026-08-11,24400.0,CE,67.25,87.15,61.45,75.75,75.75,6349,10099358282.0,163670,51090,2026-07-24
NIFTY,2026-08-11,24750.0,CE,0.0,0.0,0.0,414.45,74.6,0,0.0,0,0,2026-07-24
NIFTY,2026-08-11,25800.0,CE,3.65,4.6,2.35,2.85,2.85,151,253260462.0,6435,3770,2026-07-24
NIFTY,2026-08-11,26150.0,CE,2.45,3.5,1.95,2.35,2.35,157,266886402.25,15340,2015,2026-07-24
NIFTY,2026-08-18,22750.0,CE,0.0,0.0,0.0,1507.45,1183.25,0,0.0,0,0,2026-07-24
NIFTY,2026-08-18,22950.0,CE,0.0,0.0,0.0,1337.6,1017.35,0,0.0,0,0,2026-07-24
NIFTY,2026-08-18,24500.0,CE,91.1,103.55,76.55,93.4,93.4,1940,3100567180.75,67925,12805,2026-07-24
NIFTY,2026-08-18,24800.0,CE,43.75,48.25,38.1,43.55,43.55,1547,2498034685.25,46085,6630,2026-07-24
NIFTY,2026-08-18,25600.0,CE,7.4,9.2,7.35,7.9,7.9,159,264661972.25,10075,1040,2026-07-24
NIFTY,2026-08-25,21200.0,CE,2500.0,2660.5,2492.85,2650.8,2692.5,16,24704884.75,3575,1040,2026-07-24
NIFTY,2026-08-25,21800.0,CE,0.0,0.0,0.0,2714.0,2107.2,0,0.0,0,0,2026-07-24
NIFTY,2026-08-25,23050.0,CE,834.0,964.45,822.0,929.3,929.3,16,24889423.0,1235,390,2026-07-24
NIFTY,2026-08-25,23650.0,CE,460.0,535.0,425.05,509.85,509.85,1573,2465946349.75,15340,9880,2026-07-24
NIFTY,2026-08-25,23850.0,CE,343.2,417.95,322.65,394.0,394.0,1177,1852772590.5,30875,3770,2026-07-24
NIFTY,2026-09-29,26200.0,PE,0.0,0.0,0.0,1500.0,2220.95,0,0.0,195,0,2026-07-24
NIFTY,2028-06-27,16500.0,PE,0.0,0.0,0.0,3.8,27.35,0,0.0,0,0,2026-07-24
NIFTY,2028-12-26,20000.0,PE,0.0,0.0,0.0,375.0,254.75,0,0.0,2380,0,2026-07-24
NIFTY,2030-06-25,31500.0,PE,0.0,0.0,0.0,2056.3,3463.05,0,0.0,0,0,2026-07-24
NIFTY,2031-06-24,21000.0,PE,0.0,0.0,0.0,450.5,392.05,0,0.0,0,0,2026-07-24
NIFTY,2031-06-24,30000.0,CE,0.0,0.0,0.0,4459.9,4496.95,0,0.0,0,0,2026-07-24
NIFTY,2026-08-25,24050.0,CE,273.6,310.55,238.0,294.35,294.35,1162,1836866850.0,49595,10270,2026-07-24
NIFTY,2026-08-25,24400.0,CE,129.05,170.25,127.8,157.65,157.65,10430,16640619258.25,548145,59735,2026-07-24
NIFTY,2026-08-25,24800.0,CE,56.05,73.4,56.0,67.85,67.85,20086,32461996024.25,774020,129155,2026-07-24
NIFTY,2026-08-25,25300.0,CE,26.35,26.35,13.05,22.25,22.25,7450,12262306410.25,351975,1820,2026-07-24
NIFTY,2026-09-29,25850.0,PE,0.0,0.0,0.0,1859.75,1920.1,0,0.0,0,0,2026-07-24
NIFTY,2026-09-29,24800.0,PE,999.9,1092.0,962.65,963.9,963.9,55,92340433.25,46475,-715,2026-07-24
NIFTY,2026-09-29,24450.0,PE,825.0,863.65,825.0,863.65,899.5,6,9862953.75,8515,-325,2026-07-24
NIFTY,2026-09-29,23650.0,PE,414.95,451.0,363.1,386.6,386.6,126,197084774.25,5005,-3055,2026-07-24
NIFTY,2026-09-29,23600.0,PE,395.8,433.0,344.65,367.65,367.65,1237,1929379624.25,50830,3315,2026-07-24
NIFTY,2026-09-29,23000.0,PE,250.0,250.0,189.95,198.45,198.45,9353,14114440944.5,2007270,-38755,2026-07-24
NIFTY,2026-09-29,22900.0,PE,195.5,221.25,170.2,180.15,180.15,733,1100295654.25,68640,-3900,2026-07-24
NIFTY,2026-08-25,25550.0,CE,0.0,0.0,0.0,362.9,51.5,0,0.0,0,0,2026-07-24
NIFTY,2026-07-28,25900.0,PE,2240.0,2242.0,2077.1,2090.0,2115.4,15,27331593.25,3770,-715,2026-07-24
NIFTY,2026-09-01,22400.0,CE,0.0,0.0,0.0,1986.25,1594.65,0,0.0,0,0,2026-07-24
NIFTY,2026-09-01,22700.0,CE,0.0,0.0,0.0,1716.55,1340.15,0,0.0,0,0,2026-07-24
NIFTY,2026-09-01,23000.0,CE,900.0,900.0,900.0,900.0,1104.0,10,15535000.0,650,520,2026-07-24
NIFTY,2026-09-01,23150.0,CE,0.0,0.0,0.0,1338.05,993.75,0,0.0,0,0,2026-07-24
NIFTY,2026-09-01,23750.0,CE,0.0,0.0,0.0,899.6,615.9,0,0.0,0,0,2026-07-24
NIFTY,2026-09-01,24500.0,CE,234.2,234.2,135.0,163.2,163.2,45,72140822.0,1885,1885,2026-07-24
NIFTY,2026-09-01,24750.0,CE,0.0,0.0,0.0,383.8,220.4,0,0.0,0,0,2026-07-24
NIFTY,2026-09-01,25050.0,CE,0.0,0.0,0.0,282.5,152.75,0,0.0,0,0,2026-07-24
NIFTY,2026-09-01,25550.0,CE,0.0,0.0,0.0,160.75,77.65,0,0.0,0,0,2026-07-24
NIFTY,2026-09-29,21000.0,CE,2915.5,3028.85,2838.5,2980.95,2980.95,261,405712560.5,475540,-65,2026-07-24
NIFTY,2026-09-29,21600.0,CE,0.0,0.0,0.0,2675.05,2475.25,0,0.0,0,0,2026-07-24
NIFTY,2026-09-29,21950.0,CE,0.0,0.0,0.0,2369.2,2160.4,0,0.0,0,0,2026-07-24
NIFTY,2026-09-29,22850.0,CE,0.0,0.0,0.0,1453.0,1424.7,0,0.0,390,0,2026-07-24
NIFTY,2026-09-01,25000.0,PE,0.0,0.0,0.0,936.1,1219.85,0,0.0,0,0,2026-07-24
NIFTY,2026-09-01,23900.0,PE,0.0,0.0,0.0,350.3,502.85,0,0.0,0,0,2026-07-24
NIFTY,2026-08-25,25350.0,PE,0.0,0.0,0.0,808.2,1507.9,0,0.0,195,0,2026-07-24
NIFTY,2026-08-25,25200.0,PE,1385.6,1493.55,1315.0,1326.4,1326.4,29,50224037.5,17095,455,2026-07-24
NIFTY,2026-08-25,25000.0,PE,1250.0,1328.85,1121.0,1170.45,1170.45,9078,15471932079.5,1503775,148005,2026-07-24
NIFTY,2026-08-25,24350.0,PE,700.0,769.0,634.5,651.3,651.3,66,107495826.75,19240,-1495,2026-07-24
NIFTY,2026-08-25,22650.0,PE,76.65,97.25,64.6,67.85,67.85,256,378208281.75,22685,65,2026-07-24
NIFTY,2026-08-25,22200.0,PE,37.85,50.35,33.55,36.75,36.75,3887,5619763246.5,162435,28730,2026-07-24
NIFTY,2026-08-25,22100.0,PE,32.95,44.15,29.6,32.5,32.5,1327,1909314819.75,48360,20540,2026-07-24
NIFTY,2026-08-25,21350.0,PE,15.0,22.85,15.0,16.0,4.5,83,115281754.25,4680,2730,2026-07-24
NIFTY,2026-08-25,21200.0,PE,14.05,19.6,13.1,15.5,15.5,6526,8999922785.75,518700,30875,2026-07-24
NIFTY,2026-09-29,23100.0,CE,1058.0,1126.7,1058.0,1111.3,1111.3,21,33044274.25,845,325,2026-07-24
NIFTY,2026-09-29,24300.0,CE,395.55,399.0,336.8,382.85,382.85,1764,2827419835.5,91780,17745,2026-07-24
NIFTY,2026-09-29,25950.0,CE,0.0,0.0,0.0,251.8,134.1,0,0.0,0,0,2026-07-24
NIFTY,2026-12-29,19500.0,CE,0.0,0.0,0.0,7586.85,4833.4,0,0.0,0,0,2026-07-24
NIFTY,2026-12-29,25500.0,CE,330.0,358.0,320.35,347.1,347.1,6314,10605456426.5,534170,68770,2026-07-24
NIFTY,2027-03-30,21000.0,CE,0.0,0.0,0.0,3217.45,3855.45,0,0.0,0,0,2026-07-24
NIFTY,2027-03-30,30000.0,CE,49.5,51.95,44.05,46.9,46.9,923,1802705255.0,92430,14105,2026-07-24
NIFTY,2027-06-29,16500.0,CE,0.0,0.0,0.0,10867.2,8254.05,0,0.0,0,0,2026-07-24
NIFTY,2027-06-29,19500.0,CE,0.0,0.0,0.0,8143.4,5507.5,0,0.0,0,0,2026-07-24
NIFTY,2027-12-28,21000.0,CE,0.0,0.0,0.0,4902.4,4958.6,0,0.0,0,0,2026-07-24
NIFTY,2028-06-27,27000.0,CE,0.0,0.0,0.0,2885.15,2202.75,0,0.0,0,0,2026-07-24
NIFTY,2029-06-26,25500.0,CE,0.0,0.0,0.0,5917.35,4155.8,0,0.0,0,0,2026-07-24
NIFTY,2026-07-28,25150.0,PE,0.0,0.0,0.0,1276.35,1366.0,0,0.0,1950,0,2026-07-24
NIFTY,2026-07-28,24900.0,PE,1170.0,1255.0,1061.1,1103.3,1103.3,551,932303147.75,65390,-19110,2026-07-24
NIFTY,2026-08-18,25950.0,PE,0.0,0.0,0.0,1804.45,2087.25,0,0.0,0,0,2026-07-24
NIFTY,2026-08-18,25450.0,PE,0.0,0.0,0.0,1367.8,1611.95,0,0.0,0,0,2026-07-24
NIFTY,2026-08-18,25350.0,PE,0.0,0.0,0.0,1285.35,1519.85,0,0.0,0,0,2026-07-24
NIFTY,2026-08-18,24800.0,PE,0.0,0.0,0.0,668.95,1042.55,0,0.0,130,0,2026-07-24
NIFTY,2027-12-28,23000.0,PE,651.1,679.0,614.45,616.85,616.85,163,250583154.25,45540,3380,2026-07-24
NIFTY,2026-08-11,25850.0,PE,0.0,0.0,0.0,1412.8,2010.45,0,0.0,0,0,2026-07-24
NIFTY,2026-08-18,24350.0,PE,697.05,730.6,697.05,727.9,705.1,11,17929928.25,585,-390,2026-07-24
NIFTY,2026-08-18,23050.0,PE,105.95,139.1,92.15,93.0,93.0,118,177704835.75,7410,5785,2026-07-24
NIFTY,2026-08-11,26150.0,PE,0.0,0.0,0.0,1672.3,2306.65,0,0.0,0,0,2026-07-24
NIFTY,2026-08-18,22950.0,PE,84.75,120.2,78.8,83.8,83.8,112,167831274.0,7540,5395,2026-07-24
NIFTY,2026-07-28,24850.0,PE,1175.0,1203.05,1025.0,1025.0,1066.95,18,30379069.5,19110,-520,2026-07-24
NIFTY,2026-07-28,24750.0,PE,1007.1,1104.0,924.05,951.35,951.35,68,113893624.0,33215,520,2026-07-24
NIFTY,2026-07-28,24550.0,PE,817.85,910.0,711.2,739.35,739.35,547,902192954.0,68315,-20280,2026-07-24
NIFTY,2026-07-28,21650.0,PE,1.1,1.5,0.6,0.8,0.8,5946,8367909923.75,46540,19240,2026-07-24
NIFTY,2026-07-28,21600.0,PE,1.1,1.4,0.65,0.8,0.8,37669,52889770609.0,357305,-56810,2026-07-24
NIFTY,2029-12-24,21000.0,CE,0.0,0.0,0.0,9463.95,7410.95,0,0.0,0,0,2026-07-24
NIFTY,2030-12-31,19500.0,CE,0.0,0.0,0.0,11601.15,9462.65,0,0.0,0,0,2026-07-24
NIFTY,2030-12-31,25500.0,CE,0.0,0.0,0.0,7639.65,5942.15,0,0.0,0,0,2026-07-24
NIFTY,2026-08-04,21850.0,PE,4.3,7.0,3.45,4.7,4.7,329,467373543.0,9100,1625,2026-07-24
NIFTY,2027-03-30,24000.0,CE,1410.0,1451.1,1345.5,1423.7,1423.7,350,577731748.75,33800,4095,2026-07-24
NIFTY,2026-12-29,31500.0,CE,11.25,13.4,9.5,13.3,13.3,24,49158372.25,18135,260,2026-07-24
NIFTY,2026-09-29,27000.0,CE,11.1,12.0,9.2,10.25,10.25,7414,13016802139.25,1465750,36270,2026-07-24
NIFTY,2026-09-29,26100.0,CE,0.0,0.0,0.0,223.8,114.9,0,0.0,0,0,2026-07-24
NIFTY,2026-09-29,22900.0,CE,1225.0,1292.25,1225.0,1292.25,1292.25,22,34574621.25,1105,715,2026-07-24
NIFTY,2026-09-01,25400.0,CE,0.0,0.0,0.0,191.8,95.95,0,0.0,0,0,2026-07-24
NIFTY,2026-09-01,23500.0,CE,650.8,667.5,565.7,662.0,662.0,35,54836980.25,1430,780,2026-07-24
NIFTY,2026-09-01,22550.0,CE,0.0,0.0,0.0,1849.95,1465.35,0,0.0,0,0,2026-07-24
NIFTY,2026-08-25,23000.0,CE,900.0,1012.0,850.45,982.95,982.95,5554,8635181808.5,452335,64740,2026-07-24
NIFTY,2026-08-18,23850.0,CE,284.35,358.75,281.0,333.15,333.15,97,152430297.5,3705,845,2026-07-24
NIFTY,2026-08-18,23250.0,CE,642.9,755.0,641.2,755.0,789.05,21,32622642.0,1365,1365,2026-07-24
NIFTY,2026-08-18,23000.0,CE,0.0,0.0,0.0,1296.35,977.5,0,0.0,0,0,2026-07-24
NIFTY,2026-08-04,23000.0,CE,750.0,876.05,700.0,847.5,847.5,1418,2190163602.25,36985,27885,2026-07-24
NIFTY,2026-07-28,25900.0,CE,1.0,1.2,0.45,0.5,0.5,14939,25150506793.75,394810,-1300,2026-07-24
NIFTY,2026-07-28,24750.0,CE,2.65,3.15,1.65,2.0,2.0,437085,703226939034.75,1794715,-227370,2026-07-24
NIFTY,2026-07-28,22000.0,CE,1763.65,1851.6,1641.85,1809.1,1809.1,3045,4698543021.25,392730,-122525,2026-07-24
NIFTY,2026-07-28,21650.0,CE,0.0,0.0,0.0,1938.2,2131.8,0,0.0,65,0,2026-07-24
NIFTY,2026-09-29,22450.0,PE,116.35,138.9,108.25,120.1,148.75,45,66034055.75,10595,1105,2026-07-24
NIFTY,2026-08-18,22350.0,PE,30.5,44.85,29.7,31.8,31.8,122,177519706.0,7670,5590,2026-07-24
NIFTY,2026-08-25,25050.0,PE,0.0,0.0,0.0,1185.0,1251.3,0,0.0,260,0,2026-07-24
NIFTY,2026-09-01,25200.0,PE,0.0,0.0,0.0,1077.05,1381.45,0,0.0,0,0,2026-07-24
NIFTY,2026-08-11,25200.0,PE,0.0,0.0,0.0,939.75,1385.0,0,0.0,65,0,2026-07-24
NIFTY,2026-08-04,25800.0,PE,2108.0,2130.0,2075.0,2075.0,1986.2,7,12696645.0,455,390,2026-07-24
NIFTY,2026-08-04,24500.0,PE,799.95,874.0,667.5,703.65,703.65,2516,4134240077.5,167310,46865,2026-07-24
NIFTY,2026-09-29,22600.0,CE,0.0,0.0,0.0,1734.3,1616.1,0,0.0,195,0,2026-07-24
NIFTY,2031-06-24,19500.0,PE,0.0,0.0,0.0,289.2,247.5,0,0.0,0,0,2026-07-24
NIFTY,2030-12-31,24000.0,PE,0.0,0.0,0.0,1309.95,873.45,0,0.0,325,0,2026-07-24
NIFTY,2030-06-25,28500.0,PE,0.0,0.0,0.0,1167.6,2223.95,0,0.0,0,0,2026-07-24
NIFTY,2029-12-24,24000.0,PE,0.0,0.0,0.0,1000.0,951.85,0,0.0,390,0,2026-07-24
NIFTY,2029-06-26,30000.0,PE,0.0,0.0,0.0,2031.05,3283.3,0,0.0,0,0,2026-07-24
NIFTY,2029-06-26,27000.0,PE,0.0,0.0,0.0,1252.35,1945.55,0,0.0,0,0,2026-07-24
NIFTY,2026-08-04,23650.0,PE,193.55,242.75,130.1,142.8,142.8,29384,45530929457.0,227435,125060,2026-07-24
NIFTY,2026-08-04,23900.0,PE,324.05,386.1,231.65,256.45,256.45,31220,49104179046.0,501540,-178295,2026-07-24
NIFTY,2026-08-04,25950.0,PE,0.0,0.0,0.0,2001.55,2135.65,0,0.0,0,0,2026-07-24
NIFTY,2026-08-04,22950.0,PE,36.9,49.65,22.55,24.8,24.8,7478,11170947183.5,113295,51870,2026-07-24
NIFTY,2026-08-04,22850.0,PE,22.95,39.3,17.65,19.45,19.45,5929,8815258731.5,74295,29965,2026-07-24
NIFTY,2026-08-04,22650.0,PE,14.2,25.0,11.5,12.5,12.5,4199,6186459808.75,44265,7280,2026-07-24
NIFTY,2026-08-04,26100.0,PE,0.0,0.0,0.0,2138.95,2285.2,0,0.0,0,0,2026-07-24
NIFTY,2026-08-11,21750.0,PE,11.25,11.95,9.0,9.2,1.95,13,18387677.75,1300,-195,2026-07-24
NIFTY,2026-08-11,21800.0,PE,9.4,13.75,8.7,8.7,8.7,200,283542379.25,7995,4355,2026-07-24
NIFTY,2026-08-11,22550.0,PE,23.6,40.35,20.1,24.45,24.45,180,264205818.5,4095,-845,2026-07-24
NIFTY,2026-08-11,22600.0,PE,26.5,44.45,24.9,26.2,26.2,1782,2621604183.25,60710,39065,2026-07-24
NIFTY,2026-08-11,22850.0,PE,45.0,70.95,41.0,43.95,43.95,423,629732177.75,11440,5590,2026-07-24
NIFTY,2026-08-11,23100.0,PE,55.5,114.15,55.5,70.05,70.05,1947,2934155744.0,46150,28730,2026-07-24
NIFTY,2026-08-11,23900.0,PE,361.9,429.6,291.3,310.65,310.65,2067,3256949241.0,94250,12675,2026-07-24
NIFTY,2026-08-11,24300.0,PE,673.8,711.25,538.85,548.8,548.8,186,301307327.75,50895,-1950,2026-07-24
NIFTY,2026-08-11,25450.0,PE,0.0,0.0,0.0,1091.8,1621.5,0,0.0,0,0,2026-07-24
NIFTY,2026-08-11,25550.0,PE,0.0,0.0,0.0,1168.95,1717.8,0,0.0,0,0,2026-07-24
NIFTY,2026-08-11,26100.0,PE,0.0,0.0,0.0,1628.1,2257.15,0,0.0,0,0,2026-07-24
NIFTY,2026-08-18,22600.0,PE,44.55,68.85,43.35,46.05,46.05,254,374071191.0,16250,2925,2026-07-24
NIFTY,2026-08-18,23150.0,PE,118.0,161.1,109.8,115.6,115.6,104,157371292.0,6825,5525,2026-07-24
NIFTY,2026-08-18,24100.0,PE,593.5,593.5,436.25,446.75,446.75,73,116764440.0,5785,-1365,2026-07-24
NIFTY,2026-08-18,24400.0,PE,700.0,765.05,648.3,686.95,739.55,24,39153952.5,975,-520,2026-07-24
NIFTY,2026-08-18,24150.0,CE,192.55,217.65,161.0,198.05,198.05,172,272102844.0,6175,585,2026-07-24
NIFTY,2026-08-18,26100.0,CE,4.0,5.0,3.5,4.7,8.5,14,23754805.75,2275,195,2026-07-24
NIFTY,2026-08-25,21350.0,CE,0.0,0.0,0.0,2938.85,2544.9,0,0.0,0,0,2026-07-24
NIFTY,2026-08-18,24050.0,CE,222.0,252.9,198.25,242.2,242.2,51,80457819.0,5460,585,2026-07-24
NIFTY,2026-08-18,23800.0,CE,320.0,390.2,300.0,366.2,366.2,628,985605604.75,13260,8255,2026-07-24
NIFTY,2026-08-18,23700.0,CE,387.4,450.0,350.0,423.65,423.65,1040,1628647861.75,12025,10140,2026-07-24
NIFTY,2026-08-18,23600.0,CE,466.85,510.8,404.0,482.7,482.7,501,782865122.0,9100,5200,2026-07-24
NIFTY,2026-08-18,24450.0,PE,0.0,0.0,0.0,579.7,774.8,0,0.0,650,0,2026-07-24
NIFTY,2026-08-18,24700.0,PE,0.0,0.0,0.0,803.0,962.7,0,0.0,0,0,2026-07-24
NIFTY,2026-08-18,24750.0,PE,0.0,0.0,0.0,836.3,1002.3,0,0.0,0,0,2026-07-24
NIFTY,2026-08-18,25100.0,PE,0.0,0.0,0.0,1088.1,1295.95,0,0.0,0,0,2026-07-24
NIFTY,2026-08-18,23500.0,CE,574.95,575.0,463.0,557.0,557.0,130,202959006.25,4485,2340,2026-07-24
NIFTY,2026-08-18,22500.0,CE,0.0,0.0,0.0,1729.3,1403.0,0,0.0,0,0,2026-07-24
NIFTY,2026-08-18,22100.0,CE,0.0,0.0,0.0,2100.9,1775.25,0,0.0,0,0,2026-07-24
NIFTY,2026-08-11,25700.0,CE,4.05,5.15,2.75,3.05,3.05,62,103586067.0,1040,455,2026-07-24
NIFTY,2026-08-11,25050.0,CE,14.6,15.05,11.2,11.3,11.3,133,216670730.25,3640,3640,2026-07-24
NIFTY,2026-08-11,24950.0,CE,0.0,0.0,0.0,335.8,48.85,0,0.0,0,0,2026-07-24
NIFTY,2026-08-11,24900.0,CE,0.0,0.0,0.0,354.35,54.45,0,0.0,0,0,2026-07-24
NIFTY,2026-08-18,25150.0,PE,0.0,0.0,0.0,1126.45,1339.95,0,0.0,0,0,2026-07-24
NIFTY,2026-08-25,21850.0,PE,26.3,32.95,24.55,25.1,25.1,45,63995912.5,3250,1365,2026-07-24
NIFTY,2026-08-25,22250.0,PE,37.5,54.3,36.2,39.95,39.95,238,344939478.0,11505,2795,2026-07-24
NIFTY,2026-08-25,23050.0,PE,126.45,170.3,115.3,119.5,119.5,441,665003797.25,33475,-2730,2026-07-24
NIFTY,2026-08-25,23150.0,PE,158.1,197.6,133.65,139.4,139.4,542,821292150.25,35685,8190,2026-07-24
NIFTY,2026-08-25,24400.0,PE,760.75,819.35,650.8,670.55,670.55,1175,1919094463.0,242190,-260,2026-07-24
NIFTY,2026-08-25,24600.0,PE,880.0,975.95,793.65,835.5,835.5,778,1287976579.5,124085,4680,2026-07-24
NIFTY,2026-09-01,22450.0,PE,70.0,70.0,70.0,70.0,76.15,1,1463800.0,390,65,2026-07-24
NIFTY,2026-09-01,23550.0,PE,0.0,0.0,0.0,234.3,347.55,0,0.0,0,0,2026-07-24
NIFTY,2026-09-01,24250.0,PE,0.0,0.0,0.0,500.05,694.95,0,0.0,0,0,2026-07-24
NIFTY,2026-09-01,25700.0,PE,0.0,0.0,0.0,1467.3,1814.6,0,0.0,0,0,2026-07-24
NIFTY,2026-09-01,25850.0,PE,0.0,0.0,0.0,1593.2,1950.95,0,0.0,0,0,2026-07-24
NIFTY,2026-09-29,19500.0,PE,18.95,22.0,17.1,21.05,21.05,2245,2848573731.25,938860,31590,2026-07-24
NIFTY,2026-09-29,21750.0,PE,55.0,70.45,52.85,57.0,57.0,40,56706679.25,6240,845,2026-07-24
NIFTY,2026-09-29,24200.0,PE,639.85,715.8,593.95,623.65,623.65,725,1171674530.0,50765,-7605,2026-07-24
NIFTY,2026-09-29,24300.0,PE,696.85,773.65,646.0,674.65,674.65,540,878553867.75,28080,-13000,2026-07-24
NIFTY,2026-08-11,24800.0,CE,23.9,32.65,20.7,24.0,24.0,5610,9052322327.75,159705,64285,2026-07-24
NIFTY,2026-08-25,21750.0,CE,0.0,0.0,0.0,2581.2,2155.3,0,0.0,0,0,2026-07-24
NIFTY,2026-08-25,22600.0,CE,1229.45,1333.4,1178.35,1327.35,1372.4,39,60331908.0,1560,130,2026-07-24
NIFTY,2026-08-25,22900.0,CE,1015.35,1073.0,991.85,1069.1,1069.1,21,32673374.5,5525,-260,2026-07-24
NIFTY,2026-08-25,23150.0,CE,810.85,861.95,760.0,847.85,847.85,10,15561438.75,1170,455,2026-07-24
NIFTY,2026-08-25,25350.0,CE,0.0,0.0,0.0,417.6,71.4,0,0.0,0,0,2026-07-24
NIFTY,2026-09-01,22600.0,CE,0.0,0.0,0.0,1805.15,1423.15,0,0.0,0,0,2026-07-24
NIFTY,2026-09-01,22850.0,CE,0.0,0.0,0.0,1586.45,1219.55,0,0.0,0,0,2026-07-24
NIFTY,2026-09-01,23200.0,CE,0.0,0.0,0.0,1298.35,958.4,0,0.0,0,0,2026-07-24
NIFTY,2026-09-01,23650.0,CE,0.0,0.0,0.0,966.45,671.6,0,0.0,0,0,2026-07-24
NIFTY,2026-09-01,23800.0,CE,430.0,483.05,402.0,481.35,481.35,28,44138929.25,455,455,2026-07-24
NIFTY,2026-09-01,25150.0,CE,0.0,0.0,0.0,253.7,134.25,0,0.0,0,0,2026-07-24
NIFTY,2026-09-29,23850.0,CE,595.0,632.7,549.9,625.4,625.4,48,76261549.0,3835,65,2026-07-24
NIFTY,2026-09-29,24950.0,CE,146.0,171.6,146.0,164.1,164.1,257,419391176.75,14755,1040,2026-07-24
NIFTY,2026-09-29,25400.0,CE,0.0,0.0,0.0,379.45,228.85,0,0.0,0,0,2026-07-24
NIFTY,2026-09-29,24500.0,PE,755.35,902.6,752.45,779.35,779.35,3435,5654175354.75,874770,27495,2026-07-24
NIFTY,2026-09-29,24650.0,PE,0.0,0.0,0.0,770.0,1022.95,0,0.0,6565,0,2026-07-24
NIFTY,2026-09-29,25200.0,PE,0.0,0.0,0.0,1093.9,1404.8,0,0.0,5460,0,2026-07-24
NIFTY,2026-09-29,25400.0,PE,0.0,0.0,0.0,1041.0,1556.0,0,0.0,650,0,2026-07-24
NIFTY,2026-09-29,25450.0,PE,0.0,0.0,0.0,1559.9,1595.0,0,0.0,0,0,2026-07-24
NIFTY,2026-09-29,25950.0,PE,0.0,0.0,0.0,1938.0,2004.65,0,0.0,0,0,2026-07-24
NIFTY,2026-12-29,23000.0,PE,369.95,381.4,320.0,326.55,326.55,9012,13679673949.5,2117240,15915,2026-07-24
NIFTY,2026-12-29,30000.0,PE,5411.95,5480.45,5339.0,5369.0,5369.0,86,197901616.25,415860,-1365,2026-07-24
NIFTY,2027-03-30,24000.0,PE,722.35,730.0,641.05,656.65,656.65,1601,2569032167.0,169325,40430,2026-07-24
NIFTY,2027-06-29,22500.0,PE,365.35,413.15,365.35,413.15,505.7,2,2975602.5,650,0,2026-07-24
NIFTY,2027-12-28,25000.0,PE,1219.2,1259.9,1144.45,1152.55,1152.55,34,57922046.0,59185,520,2026-07-24
NIFTY,2027-12-28,26000.0,PE,1573.6,1657.65,1515.05,1552.1,1552.1,99,177449860.25,42015,845,2026-07-24
NIFTY,2026-09-29,28500.0,CE,4.65,6.9,4.6,5.95,5.95,1417,2625506133.25,547690,-3835,2026-07-24
NIFTY,2026-09-29,31500.0,CE,2.2,2.7,1.8,2.7,2.7,136,278478794.75,9360,-8385,2026-07-24
NIFTY,2026-12-29,33000.0,CE,6.25,7.0,6.1,6.6,6.6,121,259597578.5,99515,1950,2026-07-24
NIFTY,2027-03-30,25500.0,CE,660.05,680.0,619.95,658.15,658.15,1812,3079620479.0,701610,46020,2026-07-24
NIFTY,2027-06-29,22500.0,CE,0.0,0.0,0.0,5539.6,3112.8,0,0.0,0,0,2026-07-24
NIFTY,2027-12-28,19500.0,CE,0.0,0.0,0.0,8684.7,6155.55,0,0.0,0,0,2026-07-24
NIFTY,2027-12-28,27000.0,CE,1140.0,1140.0,1072.0,1104.1,1104.1,72,131466780.25,42795,715,2026-07-24
NIFTY,2029-06-26,16500.0,CE,0.0,0.0,0.0,12587.95,10212.3,0,0.0,0,0,2026-07-24
NIFTY,2030-06-25,27000.0,CE,0.0,0.0,0.0,6972.5,4630.45,0,0.0,0,0,2026-07-24
NIFTY,2031-06-24,19500.0,CE,0.0,0.0,0.0,9840.6,9915.25,0,0.0,0,0,2026-07-24
NIFTY,2031-06-24,25500.0,CE,0.0,0.0,0.0,6409.8,6470.45,0,0.0,0,0,2026-07-24
NIFTY,2026-07-28,21750.0,PE,1.85,1.85,0.8,0.95,0.95,4297,6075218188.0,49335,17485,2026-07-24
NIFTY,2026-07-28,22100.0,PE,2.05,2.95,1.0,1.15,1.15,71124,102177317963.5,739895,182650,2026-07-24
NIFTY,2026-07-28,22550.0,PE,2.85,4.05,1.65,2.15,2.15,94882,139090896304.75,302445,146445,2026-07-24
NIFTY,2026-07-28,22750.0,PE,3.9,6.0,2.4,3.05,3.05,231881,342952059333.0,980135,635960,2026-07-24
NIFTY,2026-07-28,23150.0,PE,11.15,19.95,5.7,7.1,7.1,514492,774550543341.25,1849120,350480,2026-07-24
NIFTY,2026-07-28,23550.0,PE,56.3,98.85,28.05,35.2,35.2,1781595,2734196103271.75,2816060,1454635,2026-07-24
NIFTY,2026-08-04,22200.0,PE,6.0,10.85,4.6,6.1,6.1,7847,11327242680.0,167960,71695,2026-07-24
NIFTY,2026-08-04,22350.0,PE,7.35,13.65,5.7,7.3,7.3,2505,3640612043.25,50050,43550,2026-07-24
NIFTY,2026-08-11,24050.0,CE,160.0,200.0,144.6,181.85,181.85,1012,1592893415.75,45435,-455,2026-07-24
NIFTY,2026-08-11,23150.0,CE,663.5,663.5,662.5,662.5,794.35,13,20121627.5,845,845,2026-07-24
NIFTY,2026-08-11,22000.0,CE,0.0,0.0,0.0,2190.0,1837.8,0,0.0,1950,0,2026-07-24
NIFTY,2026-08-04,23950.0,CE,131.5,172.95,106.15,150.6,150.6,18202,28500360037.5,230490,2535,2026-07-24
NIFTY,2026-08-04,23550.0,CE,329.45,411.0,288.5,380.2,380.2,3245,5035358328.0,21775,14040,2026-07-24
NIFTY,2026-08-04,22200.0,CE,0.0,0.0,0.0,1838.35,1609.75,0,0.0,0,0,2026-07-24
NIFTY,2026-08-04,21800.0,CE,0.0,0.0,0.0,2206.5,2007.4,0,0.0,0,0,2026-07-24
NIFTY,2026-08-04,21600.0,CE,0.0,0.0,0.0,2396.1,2206.9,0,0.0,0,0,2026-07-24
NIFTY,2026-07-28,26200.0,CE,0.65,0.85,0.4,0.5,0.5,27831,47397188936.5,294060,-86060,2026-07-24
NIFTY,2026-07-28,25450.0,CE,1.55,1.8,0.65,0.7,0.7,37534,62093016826.75,763230,5395,2026-07-24
NIFTY,2026-07-28,25250.0,CE,1.4,1.75,0.8,0.9,0.9,35994,59078161122.5,1069835,126165,2026-07-24
NIFTY,2026-07-28,24500.0,CE,3.7,5.65,3.0,3.9,3.9,1505526,2397998642373.75,11684140,802880,2026-07-24
NIFTY,2026-07-28,22800.0,CE,911.05,1042.5,856.45,1016.65,1016.65,169,261377545.0,18135,-3640,2026-07-24
NIFTY,2026-07-28,22450.0,CE,0.0,0.0,0.0,1400.0,1332.4,0,0.0,325,0,2026-07-24
NIFTY,2026-07-28,21200.0,CE,2521.1,2521.1,2521.1,2521.1,2581.5,1,1541871.5,195,0,2026-07-24
NIFTY,2026-08-04,24800.0,PE,1148.0,1155.0,964.25,1001.1,1001.1,58,97287901.75,21645,650,2026-07-24
NIFTY,2029-06-26,25500.0,PE,0.0,0.0,0.0,624.25,1416.3,0,0.0,0,0,2026-07-24
NIFTY,2028-12-26,26000.0,PE,0.0,0.0,0.0,1450.0,1670.4,0,0.0,6745,0,2026-07-24
NIFTY,2028-12-26,23000.0,PE,800.0,800.0,725.0,735.65,735.65,14,21615763.0,1545,-260,2026-07-24
NIFTY,2026-08-04,25700.0,PE,0.0,0.0,0.0,1777.85,1886.75,0,0.0,0,0,2026-07-24
NIFTY,2026-08-04,23400.0,PE,101.0,142.1,69.05,76.95,76.95,42654,65153050644.5,641225,7410,2026-07-24
NIFTY,2028-06-27,22000.0,PE,0.0,0.0,0.0,555.0,524.25,0,0.0,845,0,2026-07-24
