SYMBOL,EXPIRY_DT,STRIKE_PR,OPTION_TYP,OPEN,HIGH,LOW,CLOSE,SETTLE_PR,CONTRACTS,VAL_INLAKH,OPEN_INT,CHG_IN_OI,TIMESTAMP
NIFTY,2026-09-22,22200.0,PE,3.9,7.65,3.9,6.8,6.8,486,701491904.75,15340,15340,2026-09-08
NIFTY,2026-09-15,24800.0,PE,1059.95,1109.45,1030.05,1100.95,1100.95,206,346622848.0,45110,8775,2026-09-08
NIFTY,2026-09-15,24750.0,PE,995.0,1072.4,995.0,1049.7,1049.7,79,132322554.0,4550,1365,2026-09-08
NIFTY,2026-09-15,23450.0,PE,38.0,51.2,33.75,43.65,43.65,84008,128284560400.75,907205,420940,2026-09-08
NIFTY,2026-09-15,22950.0,PE,7.05,8.45,6.2,7.0,7.0,40403,60290122161.75,686010,363415,2026-09-08
NIFTY,2026-09-15,22100.0,PE,2.65,3.6,2.15,2.55,2.55,120780,173521542314.25,4722705,1770990,2026-09-08
NIFTY,2026-09-08,26000.0,PE,2296.0,2436.75,2281.95,2364.55,23635.1,1183,2177729346.0,34060,-65520,2026-09-08
NIFTY,2026-09-08,25850.0,PE,0.0,0.0,0.0,1234.05,23635.1,0,0.0,0,0,2026-09-08
NIFTY,2026-09-08,25550.0,PE,1890.0,1890.0,1890.0,1890.0,23635.1,1,1783600.0,455,0,2026-09-08
NIFTY,2026-09-08,24850.0,PE,1169.25,1273.15,1158.55,1231.95,23635.1,39,65962936.0,1690,-585,2026-09-08
NIFTY,2026-09-08,24200.0,PE,487.5,644.25,470.0,565.3,23635.1,24991,40163489076.75,1027390,-480545,2026-09-08
NIFTY,2026-09-08,24100.0,PE,375.0,545.25,361.3,465.6,23635.1,34798,55470715563.25,532350,-634855,2026-09-08
NIFTY,2026-09-08,23750.0,PE,55.7,195.85,49.0,120.2,23635.1,6527491,10114449189117.0,1324310,-5901870,2026-09-08
NIFTY,2026-09-08,23000.0,PE,0.5,0.7,0.05,0.15,23635.1,1300429,1944176700326.25,7478965,-827775,2026-09-08
NIFTY,2026-09-08,22800.0,PE,0.55,0.6,0.05,0.05,23635.1,317158,470034955159.25,3593200,122200,2026-09-08
NIFTY,2026-09-08,22600.0,PE,0.4,0.55,0.05,0.1,23635.1,134315,197311552805.25,811330,-566865,2026-09-08
NIFTY,2030-12-31,33000.0,CE,0.0,0.0,0.0,3948.25,2533.2,0,0.0,0,0,2026-09-08
NIFTY,2029-12-24,27000.0,CE,0.0,0.0,0.0,6201.65,3581.41,0,0.0,0,0,2026-09-08
NIFTY,2029-06-26,24000.0,CE,0.0,0.0,0.0,8085.35,4512.02,0,0.0,0,0,2026-09-08
NIFTY,2028-12-26,33000.0,CE,0.0,0.0,0.0,2477.5,788.25,0,0.0,0,0,2026-09-08
NIFTY,2028-12-26,19500.0,CE,0.0,0.0,0.0,9716.4,6967.16,0,0.0,0,0,2026-09-08
NIFTY,2028-06-27,21000.0,CE,0.0,0.0,0.0,5226.55,5226.64,0,0.0,0,0,2026-09-08
NIFTY,2027-06-29,18000.0,CE,0.0,0.0,0.0,4066.45,6545.84,0,0.0,0,0,2026-09-08
NIFTY,2026-12-29,30000.0,CE,7.1,9.3,7.05,8.45,8.45,1023,1995400000.75,787565,-21190,2026-09-08
NIFTY,2026-12-29,24000.0,CE,650.75,694.95,630.0,639.85,639.85,5657,9065757662.0,1497090,67320,2026-09-08
NIFTY,2026-11-23,26100.0,CE,0.0,0.0,0.0,297.8,105.01,0,0.0,0,0,2026-09-08
NIFTY,2026-11-23,25800.0,CE,0.0,0.0,0.0,372.6,142.87,0,0.0,0,0,2026-09-08
NIFTY,2026-11-23,25750.0,CE,0.0,0.0,0.0,386.65,150.17,0,0.0,0,0,2026-09-08
NIFTY,2026-11-23,25150.0,CE,0.0,0.0,0.0,588.45,265.26,0,0.0,0,0,2026-09-08
NIFTY,2026-11-23,25100.0,CE,99.35,101.0,88.6,91.65,91.65,1388,2273112829.0,94510,-5395,2026-09-08
NIFTY,2026-09-22,23300.0,CE,592.45,592.45,468.15,478.8,478.8,225,347937573.75,10075,2990,2026-09-08
NIFTY,2030-12-31,33000.0,PE,0.0,0.0,0.0,2387.3,3978.06,0,0.0,0,0,2026-09-08
NIFTY,2030-12-31,27000.0,PE,0.0,0.0,0.0,779.5,1604.83,0,0.0,0,0,2026-09-08
NIFTY,2029-12-24,19500.0,PE,0.0,0.0,0.0,61.2,210.01,0,0.0,0,0,2026-09-08
NIFTY,2029-06-26,26000.0,PE,0.0,0.0,0.0,1650.0,1585.43,0,0.0,50,0,2026-09-08
NIFTY,2029-06-26,22500.0,PE,0.0,0.0,0.0,224.45,615.26,0,0.0,0,0,2026-09-08
NIFTY,2028-12-26,30000.0,PE,0.0,0.0,0.0,2800.0,3695.52,0,0.0,130,0,2026-09-08
NIFTY,2028-12-26,22500.0,PE,0.0,0.0,0.0,218.8,612.75,0,0.0,0,0,2026-09-08
NIFTY,2028-12-26,21000.0,PE,335.1,341.05,335.1,340.05,340.05,5,6935188.0,9075,260,2026-09-08
NIFTY,2028-06-27,25500.0,PE,0.0,0.0,0.0,667.45,1560.59,0,0.0,0,0,2026-09-08
NIFTY,2028-06-27,22000.0,PE,0.0,0.0,0.0,390.0,488.31,0,0.0,2015,0,2026-09-08
NIFTY,2028-06-27,18000.0,PE,0.0,0.0,0.0,396.75,58.51,0,0.0,0,0,2026-09-08
NIFTY,2027-12-28,30000.0,PE,0.0,0.0,0.0,3910.0,4484.91,0,0.0,2145,0,2026-09-08
NIFTY,2027-12-28,22500.0,PE,0.0,0.0,0.0,186.5,551.5,0,0.0,0,0,2026-09-08
NIFTY,2027-12-28,19500.0,PE,0.0,0.0,0.0,29.25,107.32,0,0.0,0,0,2026-09-08
NIFTY,2027-06-29,33000.0,PE,0.0,0.0,0.0,4691.7,7752.5,0,0.0,0,0,2026-09-08
NIFTY,2027-03-30,33000.0,PE,0.0,0.0,0.0,8415.45,8224.4,0,0.0,0,0,2026-09-08
NIFTY,2026-12-29,12000.0,PE,3.3,3.3,3.3,3.3,0.0,2,1560429.0,18085,0,2026-09-08
NIFTY,2026-11-23,26100.0,PE,0.0,0.0,0.0,1675.5,2226.55,0,0.0,0,0,2026-09-08
NIFTY,2026-11-23,25250.0,PE,0.0,0.0,0.0,1090.7,1524.33,0,0.0,0,0,2026-09-08
NIFTY,2026-11-23,24550.0,PE,0.0,0.0,0.0,599.3,1030.37,0,0.0,975,0,2026-09-08
NIFTY,2026-11-23,24100.0,PE,482.5,518.0,475.75,515.25,515.25,133,212714459.75,10075,-2730,2026-09-08
NIFTY,2026-11-23,23950.0,PE,429.35,444.05,423.65,438.55,686.01,23,36449237.5,1690,-260,2026-09-08
NIFTY,2026-11-23,22950.0,PE,0.0,0.0,0.0,186.2,290.46,0,0.0,0,0,2026-09-08
NIFTY,2026-11-23,22450.0,PE,0.0,0.0,0.0,108.55,171.08,0,0.0,0,0,2026-09-08
NIFTY,2026-10-27,26600.0,PE,0.0,0.0,0.0,2372.55,2755.99,0,0.0,0,0,2026-09-08
NIFTY,2026-10-27,26000.0,PE,2079.1,2140.0,2054.8,2117.6,2117.6,781,1426442303.0,330850,47710,2026-09-08
NIFTY,2026-10-27,25600.0,PE,0.0,0.0,0.0,1280.0,1824.5,0,0.0,130,0,2026-09-08
NIFTY,2026-10-27,25200.0,PE,1360.4,1384.9,1330.0,1372.4,1372.4,27,46593118.0,12025,-390,2026-09-08
NIFTY,2026-10-27,25000.0,PE,1110.0,1188.05,1102.65,1174.2,1174.2,1153,1960177319.75,572910,-16250,2026-09-08
NIFTY,2026-10-27,24850.0,PE,1034.4,1034.4,1034.4,1034.4,1201.41,1,1682486.0,1885,65,2026-09-08
NIFTY,2026-10-27,24800.0,PE,943.95,1005.4,943.95,987.4,987.4,514,861173508.0,155870,10985,2026-09-08
NIFTY,2026-10-27,24300.0,PE,580.0,629.7,566.05,606.3,606.3,731,1183068809.0,165945,-455,2026-09-08
NIFTY,2026-10-27,23450.0,PE,189.8,203.05,181.85,199.8,199.8,641,985096794.5,51740,910,2026-09-08
NIFTY,2026-10-27,23100.0,PE,111.0,121.5,103.55,115.95,115.95,1724,2601366306.5,163605,13195,2026-09-08
NIFTY,2026-10-27,22200.0,PE,0.0,0.0,0.0,130.55,72.33,0,0.0,0,0,2026-09-08
NIFTY,2026-10-27,22050.0,PE,0.0,0.0,0.0,110.6,56.48,0,0.0,0,0,2026-09-08
NIFTY,2026-10-06,25750.0,PE,0.0,0.0,0.0,1608.15,2014.31,0,0.0,0,0,2026-09-08
NIFTY,2026-10-06,25050.0,PE,0.0,0.0,0.0,1024.75,1361.81,0,0.0,0,0,2026-09-08
NIFTY,2026-10-06,25000.0,PE,0.0,0.0,0.0,987.9,1317.63,0,0.0,0,0,2026-09-08
NIFTY,2026-10-06,24700.0,PE,0.0,0.0,0.0,774.45,1062.68,0,0.0,0,0,2026-09-08
NIFTY,2026-10-06,24400.0,PE,0.0,0.0,0.0,588.3,828.96,0,0.0,0,0,2026-09-08
NIFTY,2026-10-06,23900.0,PE,306.05,325.15,298.5,323.75,323.75,22,34619403.0,3120,455,2026-09-08
NIFTY,2026-10-06,23050.0,PE,81.25,81.25,59.45,61.15,61.15,28,42067977.25,1495,1495,2026-09-08
NIFTY,2026-10-06,22800.0,PE,0.0,0.0,0.0,66.4,100.13,0,0.0,0,0,2026-09-08
NIFTY,2026-10-06,22650.0,PE,0.0,0.0,0.0,50.2,75.21,0,0.0,0,0,2026-09-08
NIFTY,2026-10-06,22500.0,PE,21.35,25.0,20.05,22.55,22.55,179,262046518.5,6890,5395,2026-09-08
NIFTY,2026-09-29,33000.0,PE,0.0,0.0,0.0,6552.15,9254.58,0,0.0,0,0,2026-09-08
NIFTY,2026-09-29,27150.0,PE,0.0,0.0,0.0,2959.15,3424.19,0,0.0,0,0,2026-09-08
NIFTY,2026-09-29,25700.0,PE,1907.0,1907.0,1907.0,1907.0,1985.07,1,1794455.0,11960,0,2026-09-08
NIFTY,2026-09-29,25650.0,PE,0.0,0.0,0.0,1016.85,1936.14,0,0.0,65,0,2026-09-08
NIFTY,2026-09-29,24950.0,PE,1085.5,1190.0,1085.5,1190.0,1271.42,6,10178740.0,5200,260,2026-09-08
NIFTY,2026-09-29,24750.0,PE,985.0,1022.55,963.35,1001.65,1001.65,108,180701420.25,31005,-1560,2026-09-08
NIFTY,2026-09-29,23400.0,PE,92.1,111.3,85.35,103.55,103.55,16405,25058969256.75,1229865,66235,2026-09-08
NIFTY,2026-09-29,22600.0,PE,16.75,19.4,15.65,18.75,18.75,3675,5402856342.0,371410,40885,2026-09-08
NIFTY,2026-09-29,22550.0,PE,11.05,17.95,11.05,17.45,17.45,926,1358268294.5,38740,-13260,2026-09-08
NIFTY,2026-09-29,21950.0,PE,10.8,10.8,8.75,10.2,10.2,482,688000979.25,37765,11245,2026-09-08
NIFTY,2026-09-29,21000.0,PE,5.85,7.0,5.5,6.45,6.45,5910,8069481439.5,1761240,12740,2026-09-08
NIFTY,2026-09-22,25750.0,PE,0.0,0.0,0.0,1525.75,2058.38,0,0.0,0,0,2026-09-08
NIFTY,2026-09-22,25200.0,PE,0.0,0.0,0.0,1072.35,1515.53,0,0.0,0,0,2026-09-08
NIFTY,2026-09-22,24150.0,PE,452.0,477.4,423.6,470.25,470.25,270,431776322.25,18785,7280,2026-09-08
NIFTY,2026-09-22,22800.0,PE,13.25,16.0,11.65,15.1,15.1,4492,6661374336.5,145535,72800,2026-09-08
NIFTY,2026-09-08,22350.0,CE,1355.0,1355.0,1327.15,1329.15,23635.1,9,13861428.75,585,0,2026-09-08
NIFTY,2026-09-08,23200.0,CE,504.2,530.65,359.0,402.65,23635.1,2575,3959711603.25,28405,17810,2026-09-08
NIFTY,2026-09-08,23450.0,CE,280.0,284.9,106.85,152.2,23635.1,181572,279061123636.75,368485,329550,2026-09-08
NIFTY,2026-09-08,23600.0,CE,175.0,175.0,2.45,24.9,23635.1,10351099,15919618794482.0,7791615,7156175,2026-09-08
NIFTY,2026-09-08,24600.0,CE,0.95,1.0,0.05,0.2,23635.1,710906,1136763098666.0,5136625,-2130115,2026-09-08
NIFTY,2026-09-08,25150.0,CE,0.65,20.8,0.05,1.05,23635.1,99294,162324913211.5,1046435,306085,2026-09-08
NIFTY,2026-09-08,25950.0,CE,0.5,0.65,0.05,0.15,23635.1,9414,15879180398.25,63960,-18720,2026-09-08
NIFTY,2026-09-15,22250.0,CE,0.0,0.0,0.0,2361.8,1410.33,0,0.0,0,0,2026-09-08
NIFTY,2026-09-15,22450.0,CE,0.0,0.0,0.0,2169.4,1211.62,0,0.0,0,0,2026-09-08
NIFTY,2026-09-15,24550.0,CE,6.0,6.0,3.4,3.85,3.85,86974,138813599678.0,2162550,1640535,2026-09-08
NIFTY,2026-09-15,25700.0,CE,1.35,1.55,1.0,1.3,1.3,19864,33184428234.75,413855,142935,2026-09-08
NIFTY,2026-09-22,22700.0,PE,12.15,13.8,10.45,12.6,12.6,6104,9011326896.0,212355,163670,2026-09-08
NIFTY,2026-09-22,22350.0,PE,7.25,8.05,6.35,7.7,7.7,262,380745108.25,42315,4095,2026-09-08
NIFTY,2026-09-15,25650.0,PE,1940.0,1940.0,1940.0,1940.0,1986.3,1,1793350.0,585,65,2026-09-08
NIFTY,2026-09-15,25050.0,PE,0.0,0.0,0.0,1190.0,1387.79,0,0.0,65,0,2026-09-08
NIFTY,2026-09-15,23600.0,PE,81.0,95.95,65.2,85.2,85.2,344391,530167397584.5,3116425,1965210,2026-09-08
NIFTY,2026-09-15,23550.0,PE,50.9,78.4,50.9,68.55,68.55,101656,156055911043.5,876265,540995,2026-09-08
NIFTY,2026-09-15,23250.0,PE,15.25,21.85,14.95,17.9,17.9,54456,82361254751.75,867425,342485,2026-09-08
NIFTY,2026-09-15,23150.0,PE,13.4,14.7,10.7,12.15,12.15,33099,49832686426.25,639665,275470,2026-09-08
NIFTY,2026-09-15,22700.0,PE,4.35,5.5,4.05,4.5,4.5,66135,97602284871.0,1108965,565955,2026-09-08
NIFTY,2026-09-08,25350.0,PE,1720.0,1720.0,1720.0,1720.0,23635.1,1,1759550.0,780,0,2026-09-08
NIFTY,2026-09-08,25200.0,PE,1513.8,1620.0,1499.4,1576.95,23635.1,149,258782280.25,3445,-7475,2026-09-08
NIFTY,2026-09-08,25150.0,PE,1490.0,1490.0,1490.0,1490.0,23635.1,2,3463200.0,585,-130,2026-09-08
NIFTY,2026-09-08,25000.0,PE,1280.0,1439.45,1275.0,1359.5,23635.1,2457,4204092116.25,42250,-92820,2026-09-08
NIFTY,2026-09-08,23500.0,PE,2.7,6.0,0.05,1.85,23635.1,10475788,16003750963590.0,9443200,-1618370,2026-09-08
NIFTY,2026-09-08,23150.0,PE,0.75,0.9,0.05,0.25,23635.1,1025277,1542822574510.75,2563470,806780,2026-09-08
NIFTY,2026-09-08,22300.0,PE,0.55,0.55,0.05,0.05,23635.1,72084,104487008697.5,1472120,-839735,2026-09-08
NIFTY,2031-06-24,27000.0,CE,0.0,0.0,0.0,5699.0,5237.82,0,0.0,0,0,2026-09-08
NIFTY,2030-12-31,21000.0,CE,0.0,0.0,0.0,10552.5,8045.14,0,0.0,0,0,2026-09-08
NIFTY,2029-12-24,30000.0,CE,2199.0,2199.0,2199.0,2199.0,2199.0,1,2092935.0,8470,65,2026-09-08
NIFTY,2029-12-24,25500.0,CE,0.0,0.0,0.0,6500.6,4293.99,0,0.0,0,0,2026-09-08
NIFTY,2029-06-26,27000.0,CE,0.0,0.0,0.0,6570.4,3008.26,0,0.0,0,0,2026-09-08
NIFTY,2028-12-26,16500.0,CE,0.0,0.0,0.0,12176.65,9411.22,0,0.0,0,0,2026-09-08
NIFTY,2027-03-30,22500.0,CE,2200.0,2210.95,2140.0,2157.7,2157.7,388,622081629.0,61555,15275,2026-09-08
NIFTY,2026-12-29,34500.0,CE,5.4,5.4,5.4,5.4,0.01,2,4485702.0,1105,130,2026-09-08
NIFTY,2026-12-29,18000.0,CE,5950.0,5950.0,5950.0,5950.0,5983.2,1,1556750.0,1625,-65,2026-09-08
NIFTY,2026-11-23,26000.0,CE,33.25,33.25,28.0,29.25,29.25,2357,3987883909.75,260585,-21385,2026-09-08
NIFTY,2026-11-23,25950.0,CE,0.0,0.0,0.0,332.85,122.72,0,0.0,0,0,2026-09-08
NIFTY,2026-11-23,24950.0,CE,0.0,0.0,0.0,670.25,314.78,0,0.0,0,0,2026-09-08
NIFTY,2026-11-23,23850.0,CE,502.1,510.5,502.1,510.5,735.32,41,64899740.75,2600,2600,2026-09-08
NIFTY,2026-11-23,23000.0,CE,1131.95,1152.0,1084.45,1091.8,1091.8,337,528215775.75,21905,8320,2026-09-08
NIFTY,2026-11-23,22650.0,CE,0.0,0.0,0.0,2156.8,1496.47,0,0.0,0,0,2026-09-08
NIFTY,2026-10-27,26350.0,CE,8.9,10.7,8.0,10.7,10.7,38,65105839.5,1105,1105,2026-09-08
NIFTY,2026-10-27,26250.0,CE,0.0,0.0,0.0,210.65,30.08,0,0.0,0,0,2026-09-08
NIFTY,2026-10-27,25200.0,CE,34.75,34.75,29.0,30.4,30.4,3891,6381316750.25,238355,-55120,2026-09-08
NIFTY,2026-10-27,24550.0,CE,122.95,123.05,101.1,104.2,104.2,337,540153337.75,16965,910,2026-09-08
NIFTY,2026-10-27,23150.0,CE,0.0,0.0,0.0,1510.7,950.77,0,0.0,0,0,2026-09-08
NIFTY,2026-10-27,22750.0,CE,0.0,0.0,0.0,1805.4,1241.24,0,0.0,0,0,2026-09-08
NIFTY,2026-10-27,22450.0,CE,0.0,0.0,0.0,2042.45,1482.46,0,0.0,0,0,2026-09-08
NIFTY,2026-10-27,22250.0,CE,0.0,0.0,0.0,2190.0,1652.61,0,0.0,10075,0,2026-09-08
NIFTY,2026-10-06,25700.0,CE,5.0,8.55,5.0,7.0,7.0,58,96915312.0,18005,1430,2026-09-08
NIFTY,2026-10-06,23850.0,CE,253.6,253.6,222.7,224.6,224.6,26,40704235.0,1690,910,2026-09-08
NIFTY,2026-10-06,23200.0,CE,0.0,0.0,0.0,1120.5,735.8,0,0.0,0,0,2026-09-08
NIFTY,2026-10-06,22050.0,CE,0.0,0.0,0.0,2147.1,1703.09,0,0.0,0,0,2026-09-08
NIFTY,2026-09-29,26850.0,CE,0.6,2.25,0.6,2.2,0.15,34,59342929.75,2665,-1365,2026-09-08
NIFTY,2026-09-29,25300.0,CE,7.25,7.6,6.05,6.9,6.9,5286,8695268396.75,627055,-129675,2026-09-08
NIFTY,2026-09-29,25250.0,CE,7.95,8.0,6.7,7.45,7.45,2272,3730005487.0,130585,3640,2026-09-08
NIFTY,2026-09-29,25050.0,CE,12.8,12.8,8.75,9.2,9.2,3668,5974719617.75,229385,-74035,2026-09-08
NIFTY,2026-09-29,24250.0,CE,80.0,80.0,56.7,60.15,60.15,5783,9139640217.5,385645,3575,2026-09-08
NIFTY,2026-09-29,23650.0,CE,309.0,326.6,274.3,283.15,283.15,8067,12555121289.75,166530,147030,2026-09-08
NIFTY,2026-09-29,23500.0,CE,425.05,432.4,367.75,377.7,377.7,18097,28104937172.0,881140,171665,2026-09-08
NIFTY,2026-09-29,23450.0,CE,446.35,458.0,401.1,412.6,412.6,219,339925540.5,8775,7410,2026-09-08
NIFTY,2026-09-29,23400.0,CE,480.0,503.0,438.75,450.7,450.7,1351,2095612093.25,80015,24570,2026-09-08
NIFTY,2026-09-29,23200.0,CE,647.95,658.95,600.0,607.2,607.2,444,687468067.0,43810,9750,2026-09-08
NIFTY,2026-09-29,22350.0,CE,0.0,0.0,0.0,1550.0,1382.91,0,0.0,130,0,2026-09-08
NIFTY,2026-09-29,22300.0,CE,1450.0,1450.0,1440.0,1446.7,1446.7,5,7718100.0,1950,65,2026-09-08
NIFTY,2026-09-29,18000.0,CE,5745.75,5745.75,5710.0,5710.0,5695.27,3,4626423.75,1430,65,2026-09-08
NIFTY,2026-09-29,15000.0,CE,0.0,0.0,0.0,10499.3,8685.24,0,0.0,0,0,2026-09-08
NIFTY,2026-09-22,25150.0,CE,0.0,0.0,0.0,185.6,8.06,0,0.0,0,0,2026-09-08
NIFTY,2026-09-22,24400.0,CE,31.55,31.55,17.5,19.3,19.3,41810,66364906227.75,1195090,753285,2026-09-08
NIFTY,2026-09-29,26750.0,PE,0.0,0.0,0.0,2201.15,3025.69,0,0.0,65,0,2026-09-08
NIFTY,2026-09-29,25600.0,PE,1868.8,1868.8,1835.0,1853.95,1887.33,9,16060326.75,32240,65,2026-09-08
NIFTY,2026-09-29,25000.0,PE,1209.3,1275.05,1182.4,1254.05,1254.05,4174,7117753799.0,2204745,-32360,2026-09-08
NIFTY,2026-09-29,23900.0,PE,276.7,323.65,266.55,308.8,308.8,19745,31055361099.75,1231620,-213395,2026-09-08
NIFTY,2026-09-29,23350.0,PE,86.0,99.0,75.85,91.5,91.5,2698,4110407557.75,126425,8515,2026-09-08
NIFTY,2026-09-29,23250.0,PE,65.45,76.75,59.1,71.9,71.9,2644,4007685223.75,131690,18070,2026-09-08
NIFTY,2026-09-29,22850.0,PE,26.0,31.1,23.9,29.15,29.15,891,1324983877.75,71045,8450,2026-09-08
NIFTY,2026-09-29,22300.0,PE,11.25,13.35,10.95,12.95,12.95,4827,7000581519.75,266890,-10140,2026-09-08
NIFTY,2026-09-29,21800.0,PE,8.55,10.15,8.05,9.45,9.45,3938,5582408793.0,282945,55510,2026-09-08
NIFTY,2026-09-29,21600.0,PE,7.65,8.4,6.85,8.1,8.1,2124,2983140325.75,280020,14040,2026-09-08
NIFTY,2026-09-29,26850.0,PE,0.0,0.0,0.0,2691.9,3125.29,0,0.0,0,0,2026-09-08
NIFTY,2026-09-29,26900.0,PE,0.0,0.0,0.0,2776.0,3175.1,0,0.0,65,0,2026-09-08
NIFTY,2026-09-29,28500.0,PE,4700.0,4743.25,4682.0,4715.5,4715.5,34,73410450.75,432055,-1300,2026-09-08
NIFTY,2026-10-06,22150.0,PE,0.0,0.0,0.0,17.6,25.26,0,0.0,0,0,2026-09-08
NIFTY,2026-10-06,22250.0,PE,0.0,0.0,0.0,22.0,31.98,0,0.0,0,0,2026-09-08
NIFTY,2026-10-06,23600.0,PE,176.0,196.9,164.95,188.05,188.05,223,344743584.25,7930,1560,2026-09-08
NIFTY,2026-10-06,24800.0,PE,0.0,0.0,0.0,842.45,1145.56,0,0.0,0,0,2026-09-08
NIFTY,2026-10-27,23050.0,PE,0.0,0.0,0.0,301.35,238.56,0,0.0,0,0,2026-09-08
NIFTY,2026-10-27,23300.0,PE,148.8,164.95,143.0,157.9,157.9,2998,4570729523.75,350675,43615,2026-09-08
NIFTY,2026-09-22,26100.0,PE,0.0,0.0,0.0,1839.95,2406.9,0,0.0,0,0,2026-09-08
NIFTY,2026-09-22,25850.0,PE,0.0,0.0,0.0,1613.85,2157.85,0,0.0,0,0,2026-09-08
NIFTY,2026-09-22,25450.0,PE,0.0,0.0,0.0,1271.15,1760.99,0,0.0,0,0,2026-09-08
NIFTY,2026-09-22,25400.0,PE,0.0,0.0,0.0,1230.35,1711.66,0,0.0,0,0,2026-09-08
NIFTY,2026-09-22,25250.0,PE,0.0,0.0,0.0,1111.0,1564.36,0,0.0,0,0,2026-09-08
NIFTY,2026-09-22,25050.0,PE,0.0,0.0,0.0,959.7,1370.2,0,0.0,0,0,2026-09-08
NIFTY,2026-09-22,24950.0,PE,0.0,0.0,0.0,887.95,1274.52,0,0.0,0,0,2026-09-08
NIFTY,2026-09-22,24800.0,PE,0.0,0.0,0.0,798.4,1133.44,0,0.0,65,0,2026-09-08
NIFTY,2026-09-22,23000.0,PE,19.35,26.5,19.0,24.0,24.0,21099,31574860538.0,682760,425750,2026-09-08
NIFTY,2026-09-15,25150.0,PE,0.0,0.0,0.0,817.1,1487.31,0,0.0,0,0,2026-09-08
NIFTY,2026-09-15,25100.0,PE,1375.0,1404.4,1367.0,1398.9,1398.9,48,82630502.5,6955,2080,2026-09-08
NIFTY,2026-09-15,24900.0,PE,1160.0,1213.55,1148.4,1203.55,1203.55,128,216995262.25,22815,5330,2026-09-08
NIFTY,2026-09-15,24350.0,PE,616.25,665.35,595.85,653.7,653.7,437,709892413.75,48815,17290,2026-09-08
NIFTY,2026-09-15,23650.0,PE,74.05,116.35,74.05,104.4,104.4,281825,435097445022.5,1731340,1179230,2026-09-08
NIFTY,2026-09-15,22900.0,PE,10.75,10.75,5.55,6.45,6.45,89217,132837158678.25,2076360,1371305,2026-09-08
NIFTY,2026-09-08,26300.0,PE,2630.0,2630.0,2630.0,2630.0,23635.1,34,63935300.0,1040,-1170,2026-09-08
NIFTY,2026-09-08,25900.0,PE,0.0,0.0,0.0,1274.25,23635.1,0,0.0,0,0,2026-09-08
NIFTY,2026-09-08,25300.0,PE,1645.65,1670.0,1615.5,1669.15,23635.1,39,68271908.25,2340,-1235,2026-09-08
NIFTY,2026-09-08,25250.0,PE,0.0,0.0,0.0,1420.0,23635.1,0,0.0,65,0,2026-09-08
NIFTY,2026-09-08,24650.0,PE,958.0,1089.65,948.75,1017.95,23635.1,178,296633649.0,34645,-1625,2026-09-08
NIFTY,2026-09-08,24150.0,PE,435.85,594.1,419.0,515.6,23635.1,8142,13032834343.75,306345,-173810,2026-09-08
NIFTY,2031-06-24,22500.0,CE,0.0,0.0,0.0,8012.75,7605.59,0,0.0,0,0,2026-09-08
NIFTY,2030-06-25,30000.0,CE,0.0,0.0,0.0,5580.35,2950.48,0,0.0,0,0,2026-09-08
NIFTY,2030-06-25,28500.0,CE,0.0,0.0,0.0,5382.85,3509.71,0,0.0,0,0,2026-09-08
NIFTY,2029-06-26,22500.0,CE,0.0,0.0,0.0,7946.5,5420.66,0,0.0,0,0,2026-09-08
NIFTY,2028-12-26,27000.0,CE,2035.0,2035.0,2035.0,2035.0,2419.99,1,1887275.0,3120,65,2026-09-08
NIFTY,2028-06-27,28500.0,CE,0.0,0.0,0.0,2990.0,1320.6,0,0.0,0,0,2026-09-08
NIFTY,2028-06-27,22500.0,CE,0.0,0.0,0.0,6796.05,4167.98,0,0.0,0,0,2026-09-08
NIFTY,2027-03-30,28500.0,CE,45.35,47.15,42.05,44.15,44.15,466,864625641.75,166270,2340,2026-09-08
NIFTY,2027-03-30,16500.0,CE,0.0,0.0,0.0,6995.9,7708.81,0,0.0,0,0,2026-09-08
NIFTY,2026-12-29,20000.0,CE,4085.0,4100.0,4002.0,4038.6,4038.6,187,292328032.75,595425,2080,2026-09-08
NIFTY,2026-11-23,25700.0,CE,0.0,0.0,0.0,401.1,157.78,0,0.0,0,0,2026-09-08
NIFTY,2026-11-23,24200.0,CE,362.0,365.7,331.85,338.4,338.4,651,1038716610.75,28730,5135,2026-09-08
NIFTY,2026-11-23,23650.0,CE,626.0,626.0,626.0,626.0,626.0,1,1577940.0,65,65,2026-09-08
NIFTY,2026-11-23,23150.0,CE,0.0,0.0,0.0,1755.4,1141.73,0,0.0,0,0,2026-09-08
NIFTY,2026-11-23,22850.0,CE,0.0,0.0,0.0,1992.05,1349.46,0,0.0,0,0,2026-09-08
NIFTY,2026-10-27,26500.0,CE,8.95,9.3,7.25,8.05,8.05,4046,6971317999.75,273390,32240,2026-09-08
NIFTY,2026-10-27,25950.0,CE,0.0,0.0,0.0,267.4,47.18,0,0.0,0,0,2026-09-08
NIFTY,2026-10-27,25250.0,CE,0.0,0.0,0.0,447.85,122.16,0,0.0,0,0,2026-09-08
NIFTY,2026-10-27,24650.0,CE,102.35,102.35,83.4,84.95,84.95,414,665759981.25,24115,2080,2026-09-08
NIFTY,2026-10-27,23850.0,CE,381.35,384.4,344.95,350.8,350.8,1018,1602315676.0,49530,43745,2026-09-08
NIFTY,2026-10-27,23800.0,CE,380.8,420.0,374.2,381.75,381.75,4751,7471387573.0,257725,84110,2026-09-08
NIFTY,2026-10-27,23750.0,CE,480.0,480.0,398.35,402.85,402.85,188,295410667.5,11505,1235,2026-09-08
NIFTY,2026-10-27,22500.0,CE,1415.0,1428.0,1366.55,1376.7,1376.7,263,408640306.75,24765,5265,2026-09-08
NIFTY,2026-10-06,25350.0,CE,0.0,0.0,0.0,115.45,32.86,0,0.0,0,0,2026-09-08
NIFTY,2026-10-06,24000.0,CE,215.4,215.4,157.3,161.8,161.8,965,1516243579.5,58825,14105,2026-09-08
NIFTY,2026-10-06,22550.0,CE,0.0,0.0,0.0,1677.3,1247.08,0,0.0,0,0,2026-09-08
NIFTY,2026-09-29,27150.0,CE,0.0,0.0,0.0,1.35,0.05,0,0.0,7735,0,2026-09-08
NIFTY,2026-09-29,26600.0,CE,3.4,3.4,1.85,2.2,2.2,21,36312181.75,58695,-845,2026-09-08
NIFTY,2026-09-29,26000.0,CE,4.85,4.85,4.05,4.4,4.4,14643,24750788523.5,4016145,-2885,2026-09-08
NIFTY,2026-09-29,25850.0,CE,3.25,5.2,3.25,4.85,4.85,259,435261739.25,7800,-2275,2026-09-08
NIFTY,2026-09-29,25750.0,CE,5.25,5.55,4.2,5.25,5.25,193,323095782.75,7150,-1950,2026-09-08
NIFTY,2026-09-29,25500.0,CE,6.75,7.0,5.55,5.95,5.95,20462,33924027780.5,3161470,-10595,2026-09-08
NIFTY,2026-09-29,24550.0,CE,26.9,31.1,24.3,25.8,25.8,5260,8402850599.0,368030,-73710,2026-09-08
NIFTY,2026-09-29,23350.0,CE,487.3,494.45,476.5,482.4,482.4,76,117729543.75,4355,3705,2026-09-08
NIFTY,2026-09-29,21650.0,CE,0.0,0.0,0.0,2250.0,2059.98,0,0.0,65,0,2026-09-08
NIFTY,2026-09-29,16500.0,CE,0.0,0.0,0.0,10168.85,7190.26,0,0.0,0,0,2026-09-08
NIFTY,2026-09-22,26000.0,CE,2.5,2.55,1.95,2.2,2.2,829,1401130428.75,106015,6955,2026-09-08
NIFTY,2026-09-22,24550.0,CE,14.65,14.7,10.45,11.85,11.85,2166,3458166627.5,52195,130,2026-09-08
NIFTY,2026-09-22,23900.0,CE,151.0,151.0,102.25,106.65,106.65,21949,34258098878.25,979680,606710,2026-09-08
NIFTY,2026-09-22,22400.0,CE,0.0,0.0,0.0,1912.1,1295.62,0,0.0,0,0,2026-09-08
NIFTY,2026-09-22,22250.0,CE,0.0,0.0,0.0,2053.65,1440.74,0,0.0,0,0,2026-09-08
NIFTY,2026-09-22,22100.0,CE,1650.0,1650.0,1650.0,1650.0,1587.68,1,1543750.0,65,65,2026-09-08
NIFTY,2026-09-15,25000.0,CE,3.15,3.15,1.65,1.95,1.95,289905,471136907354.75,6868095,2000635,2026-09-08
NIFTY,2026-09-15,23450.0,CE,331.05,351.3,277.1,286.95,286.95,3758,5801954008.5,45760,41600,2026-09-08
NIFTY,2026-09-15,22300.0,CE,1400.0,1420.5,1383.85,1383.85,1383.85,78,120175025.75,5980,4680,2026-09-08
NIFTY,2026-09-08,26200.0,CE,0.45,0.5,0.05,0.15,23635.1,13607,23172900094.5,125450,25155,2026-09-08
NIFTY,2026-09-08,26100.0,CE,0.5,0.55,0.05,0.15,23635.1,14536,24660525838.0,181610,-16510,2026-09-08
NIFTY,2026-09-08,25900.0,CE,0.45,0.5,0.05,0.1,23635.1,40057,67436530560.75,557115,-22295,2026-09-08
NIFTY,2026-09-08,25600.0,CE,0.65,0.65,0.05,0.15,23635.1,66138,110054758632.0,611910,-250640,2026-09-08
NIFTY,2026-09-08,25550.0,CE,0.6,1.85,0.05,0.45,23635.1,23594,39184230523.75,172185,-62075,2026-09-08
NIFTY,2026-09-08,25450.0,CE,0.45,1.5,0.05,0.4,23635.1,33636,55643090158.5,172445,-16575,2026-09-08
NIFTY,2026-09-08,24100.0,CE,2.45,3.0,0.05,0.35,23635.1,2419807,3790831311553.0,6837220,-7648420,2026-09-08
NIFTY,2026-10-27,23350.0,PE,0.0,0.0,0.0,387.65,337.36,0,0.0,0,0,2026-09-08
NIFTY,2026-10-27,23950.0,PE,390.95,405.0,364.8,398.25,609.68,42,66473956.25,24505,-325,2026-09-08
NIFTY,2026-10-27,24000.0,PE,394.95,441.0,387.9,426.5,426.5,12140,19269423566.25,1512875,169000,2026-09-08
NIFTY,2026-10-27,24550.0,PE,779.7,800.1,779.7,797.2,981.75,12,19764046.25,8060,-650,2026-09-08
NIFTY,2026-10-27,24750.0,PE,0.0,0.0,0.0,546.9,1126.84,0,0.0,1235,0,2026-09-08
NIFTY,2026-10-27,25450.0,PE,0.0,0.0,0.0,1058.8,1692.94,0,0.0,130,0,2026-09-08
NIFTY,2026-09-08,23850.0,CE,19.9,19.9,0.05,1.55,23635.1,7269984,11272722558435.0,6632860,-5358730,2026-09-08
NIFTY,2026-09-08,23650.0,CE,108.0,114.0,0.05,12.95,23635.1,18633376,28692037487015.5,29145025,28397785,2026-09-08
NIFTY,2026-09-08,22950.0,CE,729.0,750.45,609.3,701.05,23635.1,133,204626340.75,4875,1430,2026-09-08
NIFTY,2026-10-27,25650.0,PE,0.0,0.0,0.0,1057.4,1868.97,0,0.0,130,0,2026-09-08
NIFTY,2026-10-27,26500.0,PE,2555.0,2609.55,2555.0,2608.45,2608.45,4,7563318.75,8255,-65,2026-09-08
NIFTY,2026-10-27,26750.0,PE,0.0,0.0,0.0,2501.2,2900.91,0,0.0,0,0,2026-09-08
NIFTY,2026-11-23,22500.0,PE,85.5,86.05,75.75,83.25,83.25,3267,4795346419.5,308945,79755,2026-09-08
NIFTY,2026-11-23,22600.0,PE,0.0,0.0,0.0,128.5,202.16,0,0.0,0,0,2026-09-08
NIFTY,2026-11-23,25600.0,PE,0.0,0.0,0.0,1316.4,1802.08,0,0.0,0,0,2026-09-08
NIFTY,2026-11-23,25650.0,PE,0.0,0.0,0.0,1350.35,1843.17,0,0.0,0,0,2026-09-08
NIFTY,2026-12-29,14000.0,PE,6.1,6.35,6.1,6.35,0.0,12,10924871.75,8960,-455,2026-09-08
NIFTY,2026-12-29,16500.0,PE,9.5,11.85,9.5,11.85,11.85,21,22536663.5,4420,780,2026-09-08
NIFTY,2026-12-29,18000.0,PE,15.6,21.7,15.45,18.55,18.55,415,486040867.0,540155,3315,2026-09-08
NIFTY,2026-12-29,20000.0,PE,33.85,34.6,31.85,33.4,33.4,1631,2123837326.0,1138420,1755,2026-09-08
NIFTY,2027-03-30,22500.0,PE,221.9,224.85,212.15,221.45,221.45,1158,1710085715.0,718900,15015,2026-09-08
NIFTY,2027-12-28,24000.0,PE,673.0,694.95,668.2,687.75,687.75,374,600083519.75,259905,5850,2026-09-08
NIFTY,2029-12-24,16500.0,PE,0.0,0.0,0.0,10.15,47.84,0,0.0,0,0,2026-09-08
NIFTY,2029-12-24,21000.0,PE,0.0,0.0,0.0,390.05,372.51,0,0.0,780,0,2026-09-08
NIFTY,2029-12-24,30000.0,PE,2510.05,2510.05,2400.0,2495.0,3120.02,9,19001781.5,1170,520,2026-09-08
NIFTY,2030-12-31,16500.0,PE,0.0,0.0,0.0,13.65,60.61,0,0.0,0,0,2026-09-08
NIFTY,2030-12-31,19500.0,PE,0.0,0.0,0.0,67.4,221.77,0,0.0,0,0,2026-09-08
NIFTY,2026-09-08,22100.0,PE,0.4,0.4,0.05,0.05,23635.1,55547,79794090645.75,775320,-207740,2026-09-08
NIFTY,2030-12-31,30000.0,CE,0.0,0.0,0.0,5227.2,3490.25,0,0.0,0,0,2026-09-08
NIFTY,2031-06-24,24000.0,CE,0.0,0.0,0.0,7181.9,6752.83,0,0.0,0,0,2026-09-08
NIFTY,2026-09-08,23300.0,PE,0.9,1.2,0.05,0.4,23635.1,1557720,2359240907175.75,7490145,2863770,2026-09-08
NIFTY,2026-09-08,24400.0,PE,697.65,841.3,670.0,764.3,23635.1,4679,7644855513.75,283725,-67015,2026-09-08
NIFTY,2026-09-08,24500.0,PE,750.0,940.8,750.0,865.1,23635.1,9212,15164881423.25,400530,-184795,2026-09-08
NIFTY,2026-09-08,25100.0,PE,1420.85,1468.95,1382.85,1451.0,23635.1,128,220682439.25,6825,-2535,2026-09-08
NIFTY,2026-09-08,25700.0,PE,0.0,0.0,0.0,1116.5,23635.1,0,0.0,0,0,2026-09-08
NIFTY,2026-09-08,26350.0,PE,0.0,0.0,0.0,1656.4,23635.1,0,0.0,0,0,2026-09-08
NIFTY,2026-09-15,23800.0,PE,138.0,198.0,138.0,183.15,183.15,252779,393918831679.75,2606890,-536055,2026-09-08
NIFTY,2026-09-15,23850.0,PE,160.0,230.6,160.0,214.95,214.95,45775,71573452908.75,434655,-256815,2026-09-08
NIFTY,2026-09-08,22400.0,CE,0.0,0.0,0.0,2357.75,23635.1,0,0.0,0,0,2026-09-08
NIFTY,2026-09-08,22750.0,CE,0.0,0.0,0.0,2023.95,23635.1,0,0.0,0,0,2026-09-08
NIFTY,2026-09-08,23000.0,CE,717.95,730.5,560.0,620.6,23635.1,5627,8658953143.75,32045,-11830,2026-09-08
NIFTY,2026-09-08,23350.0,CE,368.5,381.55,207.2,257.6,23635.1,20071,30845632359.75,87230,73580,2026-09-08
NIFTY,2026-09-08,23500.0,CE,260.65,260.7,60.25,106.45,23635.1,1266848,1948046359733.5,1313715,974090,2026-09-08
NIFTY,2026-09-08,24250.0,CE,1.3,1.7,0.05,0.25,23635.1,1389593,2190419078331.25,3418220,-2978625,2026-09-08
NIFTY,2026-09-08,24350.0,CE,1.4,1.6,0.05,0.15,23635.1,976266,1545225065705.75,2890355,-2334735,2026-09-08
NIFTY,2026-09-15,22100.0,CE,0.0,0.0,0.0,2507.55,1559.89,0,0.0,0,0,2026-09-08
NIFTY,2026-09-15,23850.0,CE,104.05,104.05,57.2,61.85,61.85,167948,261139621382.25,2871570,1955070,2026-09-08
NIFTY,2026-09-15,24200.0,CE,20.45,21.05,8.95,10.3,10.3,225925,355560569854.75,4966780,2231970,2026-09-08
NIFTY,2026-09-15,24250.0,CE,14.4,15.4,7.3,8.5,8.5,79926,126036240430.75,1350570,501930,2026-09-08
NIFTY,2026-09-15,24450.0,CE,8.4,8.4,3.95,4.55,4.55,68244,108479398976.0,1110135,277745,2026-09-08
NIFTY,2026-09-15,24750.0,CE,3.15,3.55,2.4,2.65,2.65,29334,47196623760.0,589420,245570,2026-09-08
NIFTY,2026-09-15,24950.0,CE,2.15,2.85,1.8,2.1,2.1,13382,21704196182.5,294710,156585,2026-09-08
NIFTY,2026-09-15,25350.0,CE,1.85,1.9,1.2,1.5,1.5,22375,36870597884.25,317070,31915,2026-09-08
NIFTY,2026-09-22,23050.0,CE,0.0,0.0,0.0,1331.55,713.37,0,0.0,0,0,2026-09-08
NIFTY,2026-09-22,23350.0,CE,429.55,444.05,428.75,433.2,433.2,43,66490034.0,2535,2535,2026-09-08
NIFTY,2026-09-22,23400.0,CE,430.65,449.95,386.65,392.4,392.4,142,219723822.5,4095,3965,2026-09-08
NIFTY,2026-09-22,23450.0,CE,365.0,369.4,350.3,357.35,357.35,17,26313716.0,1040,715,2026-09-08
NIFTY,2026-09-22,24200.0,CE,57.0,57.25,35.0,39.05,39.05,26746,42140881597.75,883090,571220,2026-09-08
NIFTY,2026-09-22,24650.0,CE,0.0,0.0,0.0,336.8,36.29,0,0.0,0,0,2026-09-08
NIFTY,2026-09-22,26050.0,CE,2.25,2.25,2.25,2.25,2.25,1,1693396.25,325,65,2026-09-08
NIFTY,2026-09-29,23900.0,CE,210.05,210.05,152.2,156.9,156.9,32901,51471408001.0,1557075,175045,2026-09-08
NIFTY,2026-09-29,24000.0,CE,169.4,169.4,116.3,121.85,121.85,109183,171246362300.0,7262645,615030,2026-09-08
NIFTY,2026-09-29,24100.0,CE,115.55,115.55,87.75,92.55,92.55,29702,46718077601.0,1714310,105625,2026-09-08
NIFTY,2026-09-29,24850.0,CE,15.1,15.1,12.3,13.3,13.3,2378,3843149914.5,372905,-30875,2026-09-08
NIFTY,2026-09-29,25650.0,CE,5.4,5.65,4.95,5.45,5.45,334,556978236.75,13260,-9815,2026-09-08
NIFTY,2026-09-29,26700.0,CE,2.55,2.9,2.05,2.9,2.9,16,27770700.75,2860,195,2026-09-08
NIFTY,2026-09-29,26900.0,CE,2.9,2.9,1.75,1.85,0.12,10,17486352.0,5655,-390,2026-09-08
NIFTY,2026-10-06,22800.0,CE,0.0,0.0,0.0,1453.9,1036.8,0,0.0,0,0,2026-09-08
NIFTY,2026-10-06,23950.0,CE,204.95,204.95,180.5,182.9,182.9,203,318589287.25,5135,2145,2026-09-08
NIFTY,2026-10-06,24600.0,CE,49.0,49.75,35.35,37.8,37.8,193,309100736.75,11960,8905,2026-09-08
NIFTY,2026-10-06,24800.0,CE,0.0,0.0,0.0,241.5,91.14,0,0.0,0,0,2026-09-08
NIFTY,2026-10-06,25550.0,CE,6.65,9.75,6.6,6.85,6.85,197,327264840.5,1235,1235,2026-09-08
NIFTY,2026-10-06,25600.0,CE,6.15,8.45,6.15,7.15,7.15,266,442748842.25,2925,2925,2026-09-08
NIFTY,2026-10-06,25750.0,CE,6.35,6.75,5.2,5.5,5.5,66,110492174.0,1300,-520,2026-09-08
NIFTY,2026-10-27,22200.0,CE,0.0,0.0,0.0,2249.3,1696.17,0,0.0,0,0,2026-09-08
NIFTY,2026-10-27,22900.0,CE,0.0,0.0,0.0,1691.95,1128.78,0,0.0,0,0,2026-09-08
NIFTY,2026-10-27,23300.0,CE,740.05,745.0,692.45,709.95,709.95,66,103008061.0,4745,2275,2026-09-08
NIFTY,2026-10-27,24350.0,CE,178.0,178.15,150.1,152.75,152.75,426,678714273.25,20150,2795,2026-09-08
NIFTY,2026-10-27,26150.0,CE,0.0,0.0,0.0,228.35,35.05,0,0.0,0,0,2026-09-08
NIFTY,2026-10-27,26550.0,CE,0.0,0.0,0.0,7.75,18.7,0,0.0,910,0,2026-09-08
NIFTY,2026-10-27,26800.0,CE,0.0,0.0,0.0,6.7,12.35,0,0.0,845,0,2026-09-08
NIFTY,2026-10-27,26950.0,CE,0.0,0.0,0.0,6.75,9.55,0,0.0,845,0,2026-09-08
NIFTY,2026-11-23,22050.0,CE,0.0,0.0,0.0,2679.2,1980.98,0,0.0,0,0,2026-09-08
NIFTY,2026-11-23,22550.0,CE,0.0,0.0,0.0,2241.1,1573.12,0,0.0,0,0,2026-09-08
NIFTY,2026-11-23,22900.0,CE,0.0,0.0,0.0,1470.0,1312.7,0,0.0,65,0,2026-09-08
NIFTY,2026-11-23,24400.0,CE,284.2,284.2,254.55,257.95,257.95,703,1127184938.75,45630,21515,2026-09-08
NIFTY,2026-11-23,24700.0,CE,182.05,185.9,164.0,168.7,168.7,503,813351110.0,26715,-1495,2026-09-08
NIFTY,2026-11-23,25000.0,CE,119.05,121.75,104.55,108.65,108.65,4738,7733842343.5,451360,69810,2026-09-08
NIFTY,2026-11-23,25350.0,CE,0.0,0.0,0.0,514.1,220.42,0,0.0,0,0,2026-09-08
NIFTY,2026-11-23,26050.0,CE,0.0,0.0,0.0,309.45,110.66,0,0.0,0,0,2026-09-08
NIFTY,2026-12-29,23000.0,CE,1381.0,1381.0,1305.0,1315.6,1315.6,2072,3278228040.75,477065,-1750,2026-09-08
NIFTY,2027-06-29,19000.0,CE,0.0,0.0,0.0,7800.0,5618.2,0,0.0,75,0,2026-09-08
NIFTY,2027-06-29,31500.0,CE,0.0,0.0,0.0,769.15,78.98,0,0.0,0,0,2026-09-08
NIFTY,2028-06-27,18000.0,CE,0.0,0.0,0.0,6809.35,7643.47,0,0.0,0,0,2026-09-08
NIFTY,2031-06-24,33000.0,PE,0.0,0.0,0.0,3810.15,3681.31,0,0.0,0,0,2026-09-08
NIFTY,2031-06-24,22500.0,PE,0.0,0.0,0.0,663.6,556.9,0,0.0,0,0,2026-09-08
NIFTY,2030-12-31,31500.0,PE,0.0,0.0,0.0,1885.5,3284.61,0,0.0,0,0,2026-09-08
NIFTY,2030-12-31,28500.0,PE,0.0,0.0,0.0,1083.1,2094.13,0,0.0,0,0,2026-09-08
NIFTY,2030-12-31,22500.0,PE,0.0,0.0,0.0,219.35,576.27,0,0.0,0,0,2026-09-08
NIFTY,2028-12-26,19500.0,PE,0.0,0.0,0.0,49.0,176.95,0,0.0,0,0,2026-09-08
NIFTY,2028-06-27,31500.0,PE,0.0,0.0,0.0,2935.6,5107.85,0,0.0,0,0,2026-09-08
NIFTY,2028-06-27,22500.0,PE,0.0,0.0,0.0,206.95,595.55,0,0.0,0,0,2026-09-08
NIFTY,2027-12-28,25500.0,PE,0.0,0.0,0.0,676.05,1627.93,0,0.0,0,0,2026-09-08
NIFTY,2027-06-29,16500.0,PE,0.0,0.0,0.0,7.0,1.66,0,0.0,780,0,2026-09-08
NIFTY,2027-03-30,28500.0,PE,0.0,0.0,0.0,2937.15,4019.96,0,0.0,65,0,2026-09-08
NIFTY,2027-03-30,21000.0,PE,88.0,95.75,88.0,94.05,94.05,558,764971574.25,544895,6760,2026-09-08
NIFTY,2026-12-29,25500.0,PE,1399.95,1450.0,1378.85,1442.05,1442.05,891,1558478229.75,399360,3510,2026-09-08
NIFTY,2026-11-23,26050.0,PE,0.0,0.0,0.0,1637.9,2182.86,0,0.0,0,0,2026-09-08
NIFTY,2026-11-23,25800.0,PE,0.0,0.0,0.0,1454.8,1968.36,0,0.0,0,0,2026-09-08
NIFTY,2026-11-23,24750.0,PE,0.0,0.0,0.0,807.55,1162.04,0,0.0,0,0,2026-09-08
NIFTY,2026-11-23,24300.0,PE,605.0,635.65,586.0,628.05,628.05,171,276899762.75,21385,2795,2026-09-08
NIFTY,2026-11-23,23750.0,PE,345.0,360.0,337.25,360.0,589.09,16,25058592.0,1235,780,2026-09-08
NIFTY,2026-11-23,22900.0,PE,0.0,0.0,0.0,176.95,276.34,0,0.0,0,0,2026-09-08
NIFTY,2026-11-23,22850.0,PE,0.0,0.0,0.0,168.05,263.76,0,0.0,0,0,2026-09-08
NIFTY,2026-11-23,22250.0,PE,0.0,0.0,0.0,85.8,135.43,0,0.0,0,0,2026-09-08
NIFTY,2026-10-27,26050.0,PE,0.0,0.0,0.0,1920.65,2234.15,0,0.0,0,0,2026-09-08
NIFTY,2026-10-27,25800.0,PE,0.0,0.0,0.0,1820.0,2004.08,0,0.0,325,0,2026-09-08
NIFTY,2026-10-27,24450.0,PE,701.0,723.0,680.0,713.25,713.25,80,130745533.75,15080,-2860,2026-09-08
NIFTY,2026-10-27,23700.0,PE,281.65,298.4,258.0,287.0,287.0,3669,5719277271.5,305175,66170,2026-09-08
NIFTY,2026-10-27,23200.0,PE,130.1,142.0,121.0,135.35,135.35,1783,2704176939.75,106210,-1235,2026-09-08
NIFTY,2026-10-06,25650.0,PE,0.0,0.0,0.0,1519.5,1918.22,0,0.0,0,0,2026-09-08
NIFTY,2026-10-06,25450.0,PE,0.0,0.0,0.0,1346.9,1728.35,0,0.0,0,0,2026-09-08
NIFTY,2026-10-06,25400.0,PE,0.0,0.0,0.0,1304.85,1681.46,0,0.0,0,0,2026-09-08
NIFTY,2026-10-06,24650.0,PE,0.0,0.0,0.0,741.5,1022.12,0,0.0,0,0,2026-09-08
NIFTY,2026-10-06,24300.0,PE,0.0,0.0,0.0,493.95,756.86,0,0.0,130,0,2026-09-08
NIFTY,2026-10-06,23000.0,PE,50.95,59.25,46.55,55.9,55.9,1114,1669257148.0,51545,23010,2026-09-08
NIFTY,2026-10-06,22700.0,PE,0.0,0.0,0.0,21.1,82.91,0,0.0,65,0,2026-09-08
NIFTY,2026-09-29,30000.0,PE,6169.95,6248.0,6169.95,6229.55,6229.55,27,63565164.0,142415,-130,2026-09-08
NIFTY,2026-09-29,27100.0,PE,0.0,0.0,0.0,2914.15,3374.37,0,0.0,0,0,2026-09-08
NIFTY,2026-09-29,26800.0,PE,0.0,0.0,0.0,2222.1,3075.49,0,0.0,1365,0,2026-09-08
NIFTY,2026-09-29,26650.0,PE,0.0,0.0,0.0,2517.6,2926.12,0,0.0,0,0,2026-09-08
NIFTY,2026-09-29,25800.0,PE,2050.0,2060.0,2050.0,2060.0,2083.23,2,3621150.0,20540,0,2026-09-08
NIFTY,2026-09-29,24700.0,PE,888.2,978.0,888.2,970.1,970.1,830,1383833044.75,261105,-22945,2026-09-08
NIFTY,2026-09-29,22950.0,PE,31.15,38.15,29.1,35.4,35.4,1617,2415772609.25,138970,32435,2026-09-08
NIFTY,2026-09-29,22800.0,PE,20.6,27.9,20.6,26.25,26.25,7829,11615333444.0,722475,77740,2026-09-08
NIFTY,2026-09-29,22150.0,PE,10.15,12.45,9.9,11.95,11.95,213,306819968.0,46280,-2600,2026-09-08
NIFTY,2026-09-29,21850.0,PE,7.1,9.8,7.1,9.6,9.6,249,353782529.75,11505,7085,2026-09-08
NIFTY,2026-09-22,25600.0,PE,0.0,0.0,0.0,1396.5,1909.43,0,0.0,0,0,2026-09-08
NIFTY,2026-09-22,25300.0,PE,0.0,0.0,0.0,1150.25,1613.33,0,0.0,0,0,2026-09-08
NIFTY,2026-09-22,25100.0,PE,0.0,0.0,0.0,997.6,1418.43,0,0.0,0,0,2026-09-08
NIFTY,2026-09-22,25000.0,PE,0.0,0.0,0.0,680.0,1322.22,0,0.0,0,0,2026-09-08
NIFTY,2026-09-22,24500.0,PE,740.0,800.0,725.35,778.15,778.15,198,325206976.25,43160,5720,2026-09-08
NIFTY,2026-09-22,24350.0,PE,610.0,660.15,609.2,643.65,643.65,22,35726093.0,1495,-585,2026-09-08
NIFTY,2026-09-22,23700.0,PE,152.0,185.0,142.0,171.45,171.45,15339,23797085523.25,268840,161200,2026-09-08
NIFTY,2026-09-15,25950.0,PE,0.0,0.0,0.0,1430.0,2285.95,0,0.0,0,0,2026-09-08
NIFTY,2026-09-15,24100.0,PE,385.55,437.0,357.5,418.7,418.7,9615,15314128375.0,675610,-17615,2026-09-08
NIFTY,2029-06-26,28500.0,CE,0.0,0.0,0.0,4213.3,2414.05,0,0.0,0,0,2026-09-08
NIFTY,2029-06-26,30000.0,CE,0.0,0.0,0.0,5268.4,1917.1,0,0.0,0,0,2026-09-08
NIFTY,2029-12-24,31500.0,CE,0.0,0.0,0.0,3429.3,1976.93,0,0.0,0,0,2026-09-08
NIFTY,2030-06-25,22500.0,CE,0.0,0.0,0.0,9012.4,6557.17,0,0.0,0,0,2026-09-08
NIFTY,2026-12-29,30000.0,PE,5649.95,5666.7,5630.0,5660.0,5660.0,19,44029124.75,384355,455,2026-09-08
NIFTY,2026-09-29,23850.0,CE,211.0,211.9,173.5,177.8,177.8,5084,7944417565.5,150215,2925,2026-09-08
NIFTY,2026-09-29,22600.0,CE,1173.4,1173.4,1153.25,1153.25,1154.72,2,3089232.25,975,0,2026-09-08
NIFTY,2026-09-22,24350.0,CE,30.0,30.0,20.75,22.55,22.55,3291,5213862715.75,59670,-3965,2026-09-08
NIFTY,2026-09-22,23550.0,CE,327.9,331.0,280.0,286.6,286.6,349,541119455.5,13845,8515,2026-09-08
NIFTY,2026-09-22,22700.0,CE,0.0,0.0,0.0,1636.35,1014.53,0,0.0,0,0,2026-09-08
NIFTY,2026-09-22,22550.0,CE,0.0,0.0,0.0,1772.85,1153.18,0,0.0,0,0,2026-09-08
NIFTY,2026-09-15,25500.0,CE,1.7,1.85,1.15,1.4,1.4,218154,361610858420.5,5497440,665340,2026-09-08
NIFTY,2026-09-15,25450.0,CE,1.7,1.8,1.15,1.5,1.5,4321,7148414770.25,306475,5460,2026-09-08
NIFTY,2026-09-15,24800.0,CE,3.6,3.65,2.1,2.45,2.45,187837,302826402827.0,3337945,1640860,2026-09-08
NIFTY,2026-09-15,24150.0,CE,31.8,31.8,11.5,13.0,13.0,87221,137003161607.0,1463995,820625,2026-09-08
NIFTY,2026-09-15,23300.0,CE,485.0,485.0,404.85,410.5,410.5,8174,12607994977.5,133185,113165,2026-09-08
NIFTY,2026-09-15,22850.0,CE,0.0,0.0,0.0,1794.25,823.15,0,0.0,0,0,2026-09-08
NIFTY,2026-10-27,26850.0,PE,0.0,0.0,0.0,2588.1,2997.97,0,0.0,0,0,2026-09-08
NIFTY,2026-10-27,27150.0,PE,0.0,0.0,0.0,2853.65,3290.79,0,0.0,0,0,2026-09-08
NIFTY,2026-10-27,27200.0,PE,0.0,0.0,0.0,2898.55,3339.79,0,0.0,0,0,2026-09-08
NIFTY,2026-11-23,23800.0,PE,365.6,385.0,350.0,377.05,377.05,313,491704671.25,67145,2990,2026-09-08
NIFTY,2026-11-23,24000.0,PE,416.15,474.4,416.15,464.3,464.3,2220,3529044866.75,336050,-18590,2026-09-08
NIFTY,2026-09-15,23300.0,PE,19.95,26.95,17.9,22.0,22.0,149592,226775232784.75,2794740,1409005,2026-09-08
NIFTY,2031-06-24,19500.0,PE,0.0,0.0,0.0,289.2,222.45,0,0.0,0,0,2026-09-08
NIFTY,2026-09-15,22750.0,CE,0.0,0.0,0.0,1886.5,918.23,0,0.0,0,0,2026-09-08
NIFTY,2026-09-15,22400.0,CE,1330.0,1330.0,1330.0,1330.0,1261.17,1,1542450.0,65,65,2026-09-08
NIFTY,2026-09-08,24300.0,CE,1.65,1.9,0.05,0.2,23635.1,2014180,3181494443764.0,7252115,-4602845,2026-09-08
NIFTY,2026-09-08,24150.0,CE,2.0,2.8,0.05,0.3,23635.1,1799980,2825639998473.5,4578535,-2571855,2026-09-08
NIFTY,2026-09-08,23750.0,CE,44.0,50.1,0.05,4.75,23635.1,15219091,23509880842825.0,11966110,6668090,2026-09-08
NIFTY,2026-09-08,23550.0,CE,210.0,210.0,21.3,54.35,23635.1,2322770,3569684854846.5,1959685,1839890,2026-09-08
NIFTY,2026-09-08,23300.0,CE,415.75,433.0,257.1,305.15,23635.1,16791,25811120578.75,87880,66755,2026-09-08
NIFTY,2026-09-08,22850.0,CE,0.0,0.0,0.0,1930.45,23635.1,0,0.0,0,0,2026-09-08
NIFTY,2026-09-08,22600.0,CE,0.0,0.0,0.0,2165.9,23635.1,0,0.0,0,0,2026-09-08
NIFTY,2026-10-27,26550.0,PE,0.0,0.0,0.0,2330.1,2707.88,0,0.0,0,0,2026-09-08
NIFTY,2026-10-27,24950.0,PE,0.0,0.0,0.0,676.9,1278.85,0,0.0,3900,0,2026-09-08
NIFTY,2026-09-22,23600.0,PE,123.75,141.95,108.0,130.5,130.5,10588,16330577250.0,224835,81445,2026-09-08
NIFTY,2026-09-22,22750.0,PE,11.7,14.35,10.65,13.65,13.65,467,690963523.25,10075,9295,2026-09-08
NIFTY,2026-09-15,25300.0,PE,1539.4,1595.85,1539.4,1591.7,1636.86,8,13980924.75,3380,130,2026-09-08
NIFTY,2026-09-15,24400.0,PE,661.9,718.45,637.85,704.45,704.45,2409,3928487186.0,264095,49335,2026-09-08
NIFTY,2030-12-31,24000.0,PE,0.0,0.0,0.0,1000.0,848.59,0,0.0,520,0,2026-09-08
NIFTY,2026-09-08,25750.0,PE,0.0,0.0,0.0,1155.15,23635.1,0,0.0,0,0,2026-09-08
NIFTY,2026-09-08,25600.0,PE,1935.0,1994.25,1935.0,1994.25,23635.1,3,5373176.25,650,0,2026-09-08
NIFTY,2026-09-08,24350.0,PE,650.35,782.25,620.95,715.1,23635.1,2343,3813020064.75,99775,-38935,2026-09-08
NIFTY,2026-09-29,24950.0,CE,13.35,13.7,10.5,11.4,11.4,3135,5086534820.25,224575,-31785,2026-09-08
NIFTY,2026-09-29,25400.0,CE,7.0,7.25,5.95,6.3,6.3,2928,4835359373.0,307450,-61035,2026-09-08
NIFTY,2026-09-08,24250.0,PE,442.55,696.2,442.55,618.5,23635.1,6890,11117072824.0,120185,-195585,2026-09-08
NIFTY,2026-09-29,26500.0,CE,2.8,3.0,2.4,2.7,2.7,1580,2721825827.5,943735,7020,2026-09-08
NIFTY,2026-09-29,26650.0,CE,2.0,3.45,2.0,2.9,2.9,18,31183694.75,845,390,2026-09-08
NIFTY,2026-10-27,24700.0,PE,870.0,916.5,850.0,900.35,900.35,235,390943972.25,141765,-4355,2026-09-08
NIFTY,2026-10-27,24650.0,PE,0.0,0.0,0.0,735.0,1052.63,0,0.0,5135,0,2026-09-08
NIFTY,2026-10-27,24200.0,PE,512.9,555.45,498.8,541.15,541.15,1050,1687800140.0,256490,-9685,2026-09-08
NIFTY,2026-10-27,23650.0,PE,253.8,273.15,243.0,266.35,266.35,957,1487639010.0,50570,43940,2026-09-08
NIFTY,2026-09-08,24000.0,PE,245.0,444.75,245.0,365.55,23635.1,206055,325738362911.0,1744795,-2196415,2026-09-08
NIFTY,2026-09-08,23600.0,PE,8.4,48.3,0.05,14.55,23635.1,27367299,42007253201979.0,20183605,10174450,2026-09-08
NIFTY,2026-09-08,23250.0,PE,0.95,1.05,0.05,0.35,23635.1,731194,1105046549139.0,2726100,291655,2026-09-08
NIFTY,2026-09-08,22750.0,PE,0.5,0.65,0.05,0.1,23635.1,165832,245227541100.75,1331525,686595,2026-09-08
NIFTY,2026-09-08,22350.0,PE,0.15,0.4,0.05,0.05,23635.1,63698,92538277217.75,1064375,-625040,2026-09-08
NIFTY,2031-06-24,25500.0,CE,0.0,0.0,0.0,6409.8,5962.33,0,0.0,0,0,2026-09-08
NIFTY,2029-06-26,25500.0,PE,0.0,0.0,0.0,624.25,1411.45,0,0.0,0,0,2026-09-08
NIFTY,2026-09-22,23800.0,PE,199.95,237.15,189.1,223.2,223.2,11889,18558397055.25,451295,151645,2026-09-08
NIFTY,2026-09-22,23850.0,PE,210.0,265.0,210.0,250.8,250.8,1431,2240932564.0,37245,-1235,2026-09-08
NIFTY,2026-09-29,19500.0,PE,3.05,3.7,2.85,3.2,3.2,1186,1503501285.0,919685,40820,2026-09-08
NIFTY,2026-10-06,25300.0,PE,0.0,0.0,0.0,1222.15,1588.5,0,0.0,0,0,2026-09-08
NIFTY,2026-10-06,25200.0,PE,0.0,0.0,0.0,1141.5,1496.76,0,0.0,0,0,2026-09-08
NIFTY,2026-10-06,24750.0,PE,0.0,0.0,0.0,808.1,1103.83,0,0.0,0,0,2026-09-08
NIFTY,2026-10-27,23600.0,PE,237.95,263.7,224.0,247.75,247.75,3535,5478448556.75,193570,27170,2026-09-08
NIFTY,2026-10-27,23400.0,PE,174.05,191.35,167.6,183.5,183.5,2244,3439292447.5,105365,-5785,2026-09-08
NIFTY,2026-10-06,25550.0,PE,0.0,0.0,0.0,1432.35,1822.86,0,0.0,0,0,2026-09-08
NIFTY,2030-06-25,28500.0,PE,0.0,0.0,0.0,1167.6,2259.78,0,0.0,0,0,2026-09-08
NIFTY,2029-12-24,33000.0,PE,0.0,0.0,0.0,2953.7,4723.17,0,0.0,0,0,2026-09-08
NIFTY,2029-12-24,24000.0,PE,0.0,0.0,0.0,995.0,927.86,0,0.0,455,0,2026-09-08
NIFTY,2029-06-26,30000.0,PE,0.0,0.0,0.0,2031.05,3388.26,0,0.0,0,0,2026-09-08
NIFTY,2029-06-26,27000.0,PE,0.0,0.0,0.0,1252.35,1968.8,0,0.0,0,0,2026-09-08
NIFTY,2026-10-06,24200.0,PE,0.0,0.0,0.0,480.05,687.94,0,0.0,0,0,2026-09-08
NIFTY,2026-10-06,24100.0,PE,0.0,0.0,0.0,263.85,622.37,0,0.0,260,0,2026-09-08
NIFTY,2026-10-06,24050.0,PE,390.05,419.5,390.0,419.5,419.5,3,4767720.75,130,65,2026-09-08
NIFTY,2026-10-06,23800.0,PE,254.75,279.2,241.05,275.05,275.05,267,417680688.75,11375,5980,2026-09-08
NIFTY,2031-06-24,19500.0,CE,0.0,0.0,0.0,9840.6,9482.66,0,0.0,0,0,2026-09-08
NIFTY,2030-06-25,27000.0,CE,0.0,0.0,0.0,6972.5,4148.27,0,0.0,0,0,2026-09-08
NIFTY,2029-06-26,16500.0,CE,0.0,0.0,0.0,12587.95,9866.03,0,0.0,0,0,2026-09-08
NIFTY,2028-06-27,33000.0,CE,0.0,0.0,0.0,2004.15,449.63,0,0.0,0,0,2026-09-08
NIFTY,2026-09-29,28500.0,CE,0.9,1.05,0.75,0.75,0.75,944,1748813722.5,554060,-2600,2026-09-08
NIFTY,2026-09-29,31500.0,CE,0.0,0.0,0.0,0.8,0.0,0,0.0,16250,0,2026-09-08
NIFTY,2026-10-06,22700.0,CE,0.0,0.0,0.0,1542.1,1119.13,0,0.0,0,0,2026-09-08
NIFTY,2026-10-06,23650.0,CE,342.25,342.75,325.65,331.6,331.6,34,53008491.25,1040,1040,2026-09-08
NIFTY,2026-10-06,23800.0,CE,300.0,300.0,243.1,247.75,247.75,1236,1933086691.25,21580,7670,2026-09-08
NIFTY,2026-10-06,24400.0,CE,71.3,71.35,57.7,60.0,60.0,545,866613094.75,25090,15600,2026-09-08
NIFTY,2026-10-06,25650.0,CE,8.95,8.95,7.0,8.2,8.2,74,123411697.5,6695,3250,2026-09-08
NIFTY,2027-12-28,27000.0,CE,753.65,778.0,750.5,759.25,759.25,202,364560394.25,87385,195,2026-09-08
NIFTY,2026-09-15,22400.0,PE,3.9,4.0,2.5,3.1,3.1,56845,82778956971.75,800085,336050,2026-09-08
NIFTY,2026-10-06,25800.0,CE,7.25,7.5,5.8,6.5,6.5,75,125807340.75,25740,2925,2026-09-08
NIFTY,2026-10-27,23550.0,CE,0.0,0.0,0.0,1244.0,702.16,0,0.0,0,0,2026-09-08
NIFTY,2026-10-27,24150.0,CE,241.7,244.2,216.75,220.35,220.35,588,931951618.0,37830,-2990,2026-09-08
NIFTY,2027-12-28,19500.0,CE,0.0,0.0,0.0,8684.7,5794.52,0,0.0,0,0,2026-09-08
NIFTY,2027-06-29,22500.0,CE,0.0,0.0,0.0,5539.6,2717.85,0,0.0,0,0,2026-09-08
NIFTY,2026-10-27,24300.0,CE,190.0,191.95,164.9,168.7,168.7,3585,5703878739.0,228020,4095,2026-09-08
NIFTY,2026-10-27,24700.0,CE,90.0,90.0,74.95,76.8,76.8,5676,9142750509.75,356720,78455,2026-09-08
NIFTY,2027-03-30,25500.0,CE,410.0,416.2,380.05,384.25,384.25,2081,3502923927.75,661115,-6565,2026-09-08
NIFTY,2026-10-06,23550.0,PE,0.0,0.0,0.0,218.45,326.77,0,0.0,0,0,2026-09-08
NIFTY,2026-10-06,23400.0,PE,0.0,0.0,0.0,177.75,265.84,0,0.0,0,0,2026-09-08
NIFTY,2026-10-06,22550.0,PE,0.0,0.0,0.0,41.25,61.52,0,0.0,0,0,2026-09-08
NIFTY,2026-10-06,22200.0,PE,12.15,17.6,12.15,15.0,15.0,108,155945130.25,7995,4615,2026-09-08
NIFTY,2026-09-29,25950.0,PE,0.0,0.0,0.0,1299.0,2231.11,0,0.0,65,0,2026-09-08
NIFTY,2026-09-29,25450.0,PE,0.0,0.0,0.0,946.5,1741.76,0,0.0,715,0,2026-09-08
NIFTY,2026-09-29,25400.0,PE,1620.95,1670.0,1617.9,1651.0,1693.57,47,82654156.0,27690,-2600,2026-09-08
NIFTY,2026-09-29,25200.0,PE,1421.0,1455.8,1395.0,1447.35,1447.35,26,44994423.5,95355,455,2026-09-08
NIFTY,2026-09-29,24650.0,PE,854.25,930.2,854.0,925.6,925.6,136,225832353.5,39520,-2015,2026-09-08
NIFTY,2026-09-29,21750.0,PE,10.3,10.3,7.0,9.1,9.1,267,377621900.5,13390,5720,2026-09-08
NIFTY,2026-12-29,33000.0,CE,4.45,4.8,4.0,4.55,4.55,329,705799675.75,104195,-1300,2026-09-08
NIFTY,2026-11-23,25050.0,CE,0.0,0.0,0.0,628.4,288.56,0,0.0,0,0,2026-09-08
NIFTY,2026-11-23,23050.0,CE,0.0,0.0,0.0,1832.8,1208.56,0,0.0,0,0,2026-09-08
NIFTY,2026-11-23,22150.0,CE,0.0,0.0,0.0,2589.6,1896.39,0,0.0,0,0,2026-09-08
NIFTY,2026-10-27,26900.0,CE,4.85,6.85,4.8,6.3,6.3,41,71703940.75,13975,195,2026-09-08
NIFTY,2026-10-27,26400.0,CE,8.55,8.95,7.0,8.75,23.79,71,121873661.0,975,975,2026-09-08
NIFTY,2026-09-29,24500.0,PE,688.0,796.9,688.0,776.1,776.1,6987,11470459318.5,3389425,-133445,2026-09-08
NIFTY,2026-09-29,24300.0,PE,560.3,619.0,539.45,598.75,598.75,5855,9472326646.25,3549065,-135525,2026-09-08
NIFTY,2026-11-23,24500.0,PE,716.0,757.95,709.9,746.9,746.9,633,1038353095.0,198900,-5525,2026-09-08
NIFTY,2026-11-23,24600.0,PE,0.0,0.0,0.0,738.35,1062.54,0,0.0,910,0,2026-09-08
NIFTY,2026-11-23,24900.0,PE,0.0,0.0,0.0,887.45,1265.9,0,0.0,0,0,2026-09-08
NIFTY,2026-11-23,25300.0,PE,0.0,0.0,0.0,1121.6,1562.89,0,0.0,0,0,2026-09-08
NIFTY,2026-12-29,23000.0,PE,200.0,215.0,197.3,204.1,204.1,10412,15705266840.25,3150455,158730,2026-09-08
NIFTY,2026-09-29,24200.0,PE,475.0,534.85,459.8,516.6,516.6,8689,13948891261.5,2155530,-108030,2026-09-08
NIFTY,2028-12-26,26000.0,PE,0.0,0.0,0.0,1335.0,1680.65,0,0.0,6940,0,2026-09-08
NIFTY,2028-12-26,23000.0,PE,586.1,586.1,586.1,586.1,586.1,1,1533096.5,1805,65,2026-09-08
NIFTY,2028-06-27,33000.0,PE,0.0,0.0,0.0,3707.8,6239.78,0,0.0,0,0,2026-09-08
NIFTY,2027-12-28,26000.0,PE,1371.05,1410.0,1371.05,1390.1,1390.1,116,206562148.0,77875,4485,2026-09-08
NIFTY,2027-12-28,25000.0,PE,959.4,999.8,947.85,990.6,990.6,88,148630868.75,123825,1820,2026-09-08
NIFTY,2027-06-29,22500.0,PE,0.0,0.0,0.0,297.35,459.13,0,0.0,1365,0,2026-09-08
NIFTY,2027-03-30,24000.0,PE,570.3,580.0,550.45,574.5,574.5,1296,2069700753.25,992680,7540,2026-09-08
NIFTY,2029-12-24,22500.0,PE,0.0,0.0,0.0,225.7,608.09,0,0.0,0,0,2026-09-08
NIFTY,2029-06-26,28500.0,PE,0.0,0.0,0.0,1349.1,2629.9,0,0.0,0,0,2026-09-08
NIFTY,2028-12-26,25500.0,PE,0.0,0.0,0.0,648.2,1486.99,0,0.0,0,0,2026-09-08
NIFTY,2028-06-27,24000.0,PE,0.0,0.0,0.0,1692.75,1004.67,0,0.0,0,0,2026-09-08
NIFTY,2027-12-28,21000.0,PE,244.0,250.0,230.0,233.5,233.5,117,161515851.25,41870,3445,2026-09-08
NIFTY,2027-12-28,17000.0,PE,35.65,69.0,35.65,69.0,14.24,11,12193522.25,17775,25,2026-09-08
NIFTY,2027-06-29,25500.0,PE,0.0,0.0,0.0,667.15,1681.4,0,0.0,0,0,2026-09-08
NIFTY,2027-06-29,21000.0,PE,137.05,146.7,130.35,135.0,135.0,94,129165361.0,15760,1690,2026-09-08
NIFTY,2026-11-23,25550.0,PE,0.0,0.0,0.0,1282.8,1761.32,0,0.0,0,0,2026-09-08
NIFTY,2026-11-23,24800.0,PE,915.5,965.45,915.5,962.35,962.35,15,25098284.25,5265,65,2026-09-08
NIFTY,2026-11-23,24700.0,PE,872.75,886.0,849.9,875.0,875.0,85,141259033.5,3055,-65,2026-09-08
NIFTY,2026-11-23,23900.0,PE,413.0,422.85,395.7,420.8,420.8,201,317659020.25,17810,2535,2026-09-08
NIFTY,2026-11-23,23700.0,PE,328.25,343.0,314.05,336.6,336.6,342,534215942.0,9490,7020,2026-09-08
NIFTY,2026-11-23,23500.0,PE,260.0,276.95,248.0,269.3,269.3,1451,2241383118.0,179660,-3120,2026-09-08
NIFTY,2026-11-23,23100.0,PE,0.0,0.0,0.0,216.2,335.89,0,0.0,0,0,2026-09-08
NIFTY,2026-11-23,22800.0,PE,0.0,0.0,0.0,159.45,250.74,0,0.0,0,0,2026-09-08
NIFTY,2026-11-23,22150.0,PE,0.0,0.0,0.0,75.95,119.9,0,0.0,0,0,2026-09-08
NIFTY,2026-11-23,22050.0,PE,0.0,0.0,0.0,67.05,105.8,0,0.0,0,0,2026-09-08
NIFTY,2026-10-27,26400.0,PE,0.0,0.0,0.0,2204.4,2564.25,0,0.0,0,0,2026-09-08
NIFTY,2026-10-27,26250.0,PE,0.0,0.0,0.0,2081.05,2421.81,0,0.0,0,0,2026-09-08
NIFTY,2026-10-27,25700.0,PE,0.0,0.0,0.0,1260.0,1913.73,0,0.0,325,0,2026-09-08
NIFTY,2026-10-27,23800.0,PE,297.0,340.0,295.3,326.9,326.9,4448,6973524311.0,488475,51610,2026-09-08
NIFTY,2026-10-27,23750.0,PE,292.0,311.45,278.6,306.0,306.0,146,228206533.75,11895,-195,2026-09-08
NIFTY,2026-10-27,23150.0,PE,0.0,0.0,0.0,327.65,268.85,0,0.0,0,0,2026-09-08
NIFTY,2026-10-27,22950.0,PE,0.0,0.0,0.0,274.9,211.82,0,0.0,0,0,2026-09-08
NIFTY,2026-10-27,22900.0,PE,116.55,116.55,77.6,86.35,86.35,584,872496959.75,24375,24375,2026-09-08
NIFTY,2026-10-06,25800.0,PE,0.0,0.0,0.0,1653.0,2062.6,0,0.0,0,0,2026-09-08
NIFTY,2026-10-06,24000.0,PE,365.15,392.9,354.35,382.85,382.85,290,459395404.0,23985,1365,2026-09-08
NIFTY,2026-10-06,23450.0,PE,129.45,139.8,129.25,139.0,139.0,28,42922460.75,845,260,2026-09-08
NIFTY,2026-09-29,34500.0,PE,0.0,0.0,0.0,7064.95,10749.57,0,0.0,0,0,2026-09-08
NIFTY,2026-09-29,26050.0,PE,0.0,0.0,0.0,1710.0,2330.0,0,0.0,260,0,2026-09-08
NIFTY,2026-09-29,26000.0,PE,2201.0,2268.95,2184.0,2246.55,2246.55,1702,3123315773.5,2073730,-49205,2026-09-08
NIFTY,2026-09-29,25550.0,PE,1770.0,1770.0,1770.0,1770.0,1838.65,2,3551600.0,390,-65,2026-09-08
NIFTY,2026-09-29,25300.0,PE,1500.0,1553.0,1500.0,1550.0,1597.81,46,80275286.0,32305,-2275,2026-09-08
NIFTY,2026-09-29,25050.0,PE,0.0,0.0,0.0,791.2,1362.99,0,0.0,3900,0,2026-09-08
NIFTY,2026-09-29,24850.0,PE,1110.35,1110.35,1107.8,1107.8,1181.52,2,3374679.75,14105,65,2026-09-08
NIFTY,2026-09-29,23050.0,PE,41.0,48.05,36.3,44.9,44.9,1528,2293549745.5,98930,-1820,2026-09-08
NIFTY,2026-09-29,22400.0,PE,12.6,18.0,12.2,14.4,14.4,1518,2211535881.75,136175,-975,2026-09-08
NIFTY,2026-09-22,24050.0,PE,366.15,398.0,346.4,391.1,391.1,91,144498009.5,13195,-3185,2026-09-08
NIFTY,2026-09-22,24000.0,PE,325.2,367.6,303.6,350.25,350.25,5331,8434382050.25,593645,29445,2026-09-08
NIFTY,2026-09-22,23050.0,PE,38.65,38.65,26.5,27.15,27.15,159,238505839.0,7410,7410,2026-09-08
NIFTY,2026-09-15,26200.0,PE,0.0,0.0,0.0,1647.25,2535.67,0,0.0,0,0,2026-09-08
NIFTY,2026-09-15,26000.0,PE,2250.0,2308.9,2206.45,2292.1,2292.1,568,1044213748.5,110955,24895,2026-09-08
NIFTY,2026-09-15,25350.0,PE,0.0,0.0,0.0,956.1,1686.75,0,0.0,0,0,2026-09-08
NIFTY,2026-09-15,24500.0,PE,764.5,823.35,745.2,805.65,805.65,5406,8886217564.25,493285,157365,2026-09-08
NIFTY,2026-09-15,24450.0,PE,674.95,770.5,674.95,753.85,753.85,269,440487320.0,20020,10855,2026-09-08
NIFTY,2026-09-15,24150.0,PE,420.1,482.7,401.65,462.35,462.35,1002,1602140663.5,70785,1560,2026-09-08
NIFTY,2026-09-15,22800.0,PE,5.3,6.45,4.7,5.25,5.25,74066,109791323989.75,1844050,792220,2026-09-08
NIFTY,2026-09-15,22350.0,PE,3.15,3.85,2.6,3.15,3.15,11981,17407922200.5,330785,111020,2026-09-08
NIFTY,2026-09-08,26400.0,PE,2800.0,2800.0,2775.0,2785.3,23635.1,30,56911312.25,1885,-65,2026-09-08
NIFTY,2026-09-08,26200.0,PE,2500.0,2550.0,2500.0,2525.0,23635.1,37,69123587.0,1235,-1170,2026-09-08
NIFTY,2026-09-08,26150.0,PE,0.0,0.0,0.0,1482.45,23635.1,0,0.0,0,0,2026-09-08
NIFTY,2026-09-08,26050.0,PE,0.0,0.0,0.0,1397.8,23635.1,0,0.0,0,0,2026-09-08
NIFTY,2026-09-08,23950.0,PE,199.75,396.15,199.75,315.55,23635.1,126196,198667881009.0,461630,-1285635,2026-09-08
NIFTY,2026-09-08,23850.0,PE,120.5,295.2,113.3,217.1,23635.1,956951,1494287791928.75,1184430,-2303535,2026-09-08
NIFTY,2031-06-24,33000.0,CE,0.0,0.0,0.0,3451.55,2989.67,0,0.0,0,0,2026-09-08
NIFTY,2031-06-24,21000.0,CE,0.0,0.0,0.0,8900.75,8517.9,0,0.0,0,0,2026-09-08
NIFTY,2030-12-31,31500.0,CE,0.0,0.0,0.0,4554.55,2979.74,0,0.0,0,0,2026-09-08
NIFTY,2030-06-25,21000.0,CE,0.0,0.0,0.0,10421.65,7514.49,0,0.0,0,0,2026-09-08
NIFTY,2029-12-24,18000.0,CE,0.0,0.0,0.0,11362.4,9145.87,0,0.0,0,0,2026-09-08
NIFTY,2027-12-28,16500.0,CE,0.0,0.0,0.0,11316.4,8457.04,0,0.0,0,0,2026-09-08
NIFTY,2027-03-30,31500.0,CE,0.0,0.0,0.0,10.0,19.7,0,0.0,455,0,2026-09-08
NIFTY,2027-03-30,27000.0,CE,130.05,130.05,116.65,119.8,119.8,2458,4333374714.5,894985,14105,2026-09-08
NIFTY,2026-12-29,31000.0,CE,6.8,8.5,6.5,7.35,7.35,324,653015252.5,148200,-6630,2026-09-08
NIFTY,2026-12-29,29000.0,CE,10.65,11.2,9.8,10.75,10.75,986,1859294775.0,529280,-19405,2026-09-08
NIFTY,2026-12-29,28500.0,CE,15.2,15.95,13.8,15.65,15.65,322,596812255.0,110370,-1950,2026-09-08
NIFTY,2026-12-29,27000.0,CE,33.85,34.0,31.25,32.65,32.65,4975,8741610026.5,2470195,-22060,2026-09-08
NIFTY,2026-12-29,22000.0,CE,2215.05,2225.2,2150.0,2165.85,2165.85,285,447961692.75,267995,-2860,2026-09-08
NIFTY,2026-11-23,24500.0,CE,250.05,250.05,220.05,224.95,224.95,3935,6326408702.25,279630,45825,2026-09-08
NIFTY,2026-11-23,24150.0,CE,388.0,388.0,361.05,362.8,362.8,61,97274732.75,2340,-1950,2026-09-08
NIFTY,2026-11-23,23350.0,CE,0.0,0.0,0.0,1070.0,1014.48,0,0.0,1040,0,2026-09-08
NIFTY,2026-11-23,22400.0,CE,0.0,0.0,0.0,2369.8,1691.34,0,0.0,0,0,2026-09-08
NIFTY,2026-10-27,26300.0,CE,0.0,0.0,0.0,202.25,27.84,0,0.0,0,0,2026-09-08
NIFTY,2026-10-27,25850.0,CE,0.0,0.0,0.0,288.85,54.5,0,0.0,0,0,2026-09-08
NIFTY,2026-10-27,25750.0,CE,14.65,15.65,13.95,15.05,15.05,247,413653103.5,58500,-11895,2026-09-08
NIFTY,2026-10-27,24850.0,CE,62.1,64.95,56.2,58.35,58.35,555,898605870.5,25935,2795,2026-09-08
NIFTY,2026-10-27,24750.0,CE,80.0,80.0,68.05,70.0,70.0,328,529258824.25,20280,-1235,2026-09-08
NIFTY,2026-10-27,24050.0,CE,284.6,285.9,254.55,261.2,261.2,489,772979931.75,11505,-10530,2026-09-08
NIFTY,2026-10-27,23600.0,CE,587.6,587.6,481.7,499.4,499.4,1943,3045135414.75,75530,67535,2026-09-08
NIFTY,2026-10-27,23450.0,CE,0.0,0.0,0.0,1307.95,760.17,0,0.0,0,0,2026-09-08
NIFTY,2026-10-27,23200.0,CE,804.05,824.0,775.85,779.45,779.45,27,42104341.5,1885,715,2026-09-08
NIFTY,2026-10-27,22800.0,CE,0.0,0.0,0.0,1420.0,1202.88,0,0.0,65,0,2026-09-08
NIFTY,2026-10-06,25300.0,CE,0.0,0.0,0.0,124.05,36.3,0,0.0,0,0,2026-09-08
NIFTY,2026-10-06,25200.0,CE,0.0,0.0,0.0,142.85,44.11,0,0.0,0,0,2026-09-08
NIFTY,2026-10-06,24950.0,CE,0.0,0.0,0.0,199.6,70.13,0,0.0,0,0,2026-09-08
NIFTY,2026-10-06,24850.0,CE,0.0,0.0,0.0,226.85,83.63,0,0.0,0,0,2026-09-08
NIFTY,2026-10-06,24650.0,CE,0.0,0.0,0.0,289.65,117.02,0,0.0,0,0,2026-09-08
NIFTY,2026-10-06,24500.0,CE,61.0,61.0,45.15,47.35,47.35,707,1128186007.0,25740,14235,2026-09-08
NIFTY,2026-10-06,24200.0,CE,146.4,146.4,96.55,99.2,99.2,85,134268524.0,3510,3510,2026-09-08
NIFTY,2026-10-06,24100.0,CE,144.6,149.9,125.0,127.4,127.4,146,230011255.5,10400,1300,2026-09-08
NIFTY,2026-10-06,23350.0,CE,0.0,0.0,0.0,1005.0,636.49,0,0.0,0,0,2026-09-08
NIFTY,2026-10-06,23100.0,CE,0.0,0.0,0.0,1200.6,806.3,0,0.0,0,0,2026-09-08
NIFTY,2026-10-06,22750.0,CE,0.0,0.0,0.0,1497.8,1077.65,0,0.0,0,0,2026-09-08
NIFTY,2026-10-06,22200.0,CE,0.0,0.0,0.0,2003.7,1562.45,0,0.0,0,0,2026-09-08
NIFTY,2026-09-29,27100.0,CE,0.0,0.0,0.0,1.95,0.06,0,0.0,13910,0,2026-09-08
NIFTY,2026-09-29,26800.0,CE,2.15,2.9,1.5,2.3,0.18,36,62716897.75,2340,650,2026-09-08
NIFTY,2026-09-29,26200.0,CE,4.0,4.0,3.45,3.75,3.75,361,614868367.75,179010,-910,2026-09-08
NIFTY,2026-09-29,25600.0,CE,6.45,6.5,5.05,5.4,5.4,2889,4808348743.25,193310,-62920,2026-09-08
NIFTY,2026-09-29,25200.0,CE,9.8,9.8,7.0,7.5,7.5,8597,14086242423.5,929825,60840,2026-09-08
NIFTY,2026-09-29,23700.0,CE,297.45,297.45,245.35,252.3,252.3,38105,59360192469.5,781690,492570,2026-09-08
NIFTY,2026-09-29,23000.0,CE,887.35,887.35,766.0,783.25,783.25,2848,4406110965.75,590200,27495,2026-09-08
NIFTY,2026-09-29,22800.0,CE,990.0,990.0,961.15,973.0,981.55,57,88053069.0,5655,2990,2026-09-08
NIFTY,2026-09-29,22200.0,CE,1620.0,1620.0,1540.0,1558.1,1524.44,4,6179426.5,195,0,2026-09-08
NIFTY,2026-09-22,24600.0,CE,15.0,15.05,9.15,10.45,10.45,22500,35993772168.25,623415,401765,2026-09-08
NIFTY,2026-09-22,24250.0,CE,45.0,45.0,29.65,32.25,32.25,3141,4957901799.5,81185,-325,2026-09-08
NIFTY,2026-09-22,24000.0,CE,100.1,103.8,73.8,77.8,77.8,24033,37622085218.25,1140360,289770,2026-09-08
NIFTY,2026-09-22,22350.0,CE,0.0,0.0,0.0,1959.05,1343.75,0,0.0,0,0,2026-09-08
NIFTY,2026-09-22,22150.0,CE,0.0,0.0,0.0,2149.05,1538.54,0,0.0,0,0,2026-09-08
NIFTY,2026-09-15,26050.0,CE,0.9,1.2,0.75,1.05,1.05,623,1054932547.5,19695,5265,2026-09-08
NIFTY,2026-09-15,25800.0,CE,1.3,1.4,0.85,1.1,1.1,37508,62903546078.75,972140,667810,2026-09-08
NIFTY,2026-09-15,25100.0,CE,2.2,2.4,1.4,1.7,1.7,107595,175554137193.5,2240290,978380,2026-09-08
NIFTY,2026-09-15,23950.0,CE,65.2,66.05,34.7,37.35,37.35,136545,212960996758.25,1560715,487955,2026-09-08
NIFTY,2026-09-15,23350.0,CE,426.0,426.0,361.65,369.8,369.8,836,1289539160.0,10335,9425,2026-09-08
NIFTY,2026-09-08,26250.0,CE,0.4,0.45,0.05,0.15,23635.1,8738,14909323341.25,86775,7150,2026-09-08
NIFTY,2026-09-08,26000.0,CE,0.5,0.5,0.05,0.1,23635.1,127280,215105206173.0,1560000,-423540,2026-09-08
NIFTY,2026-09-08,25350.0,CE,0.65,1.55,0.05,0.25,23635.1,29815,49128261451.75,272740,-216190,2026-09-08
NIFTY,2026-09-08,25250.0,CE,0.65,1.8,0.05,0.2,23635.1,78659,129100617139.0,555035,-341185,2026-09-08
NIFTY,2026-09-08,24850.0,CE,0.75,1.75,0.05,0.6,23635.1,225911,364909832491.75,2164435,-266565,2026-09-08
NIFTY,2026-09-08,24500.0,CE,0.9,1.25,0.05,0.15,23635.1,1695039,2699412751691.5,10710050,-1052415,2026-09-08
NIFTY,2026-09-08,24200.0,CE,2.55,2.55,0.05,0.25,23635.1,2570409,4043410749651.0,9221420,-5974150,2026-09-08
NIFTY,2026-09-08,23950.0,CE,8.0,8.0,0.05,0.75,23635.1,4422892,6885986866216.25,6010420,-4291820,2026-09-08
NIFTY,2026-09-08,22500.0,CE,1205.0,1225.3,1067.55,1134.7,23635.1,204,314050642.75,6370,-4160,2026-09-08
NIFTY,2026-09-08,22450.0,CE,0.0,0.0,0.0,2309.55,23635.1,0,0.0,0,0,2026-09-08
NIFTY,2031-06-24,27000.0,PE,0.0,0.0,0.0,1653.15,1506.42,0,0.0,0,0,2026-09-08
NIFTY,2029-12-24,28500.0,PE,0.0,0.0,0.0,1255.9,2436.27,0,0.0,0,0,2026-09-08
NIFTY,2029-06-26,33000.0,PE,0.0,0.0,0.0,3022.85,5159.1,0,0.0,0,0,2026-09-08
NIFTY,2029-12-24,27000.0,PE,0.0,0.0,0.0,1177.9,1840.43,0,0.0,0,0,2026-09-08
NIFTY,2026-09-29,22050.0,PE,9.6,11.2,9.6,11.0,11.0,106,151997846.0,23335,-1430,2026-09-08
NIFTY,2026-09-22,23700.0,CE,265.0,265.0,187.0,194.4,194.4,13695,21281959621.0,255515,197730,2026-09-08
NIFTY,2026-09-22,22800.0,CE,0.0,0.0,0.0,1547.15,924.83,0,0.0,0,0,2026-09-08
NIFTY,2026-09-15,25200.0,CE,2.25,2.3,1.3,1.65,1.65,132985,217844513383.25,3699475,1357590,2026-09-08
NIFTY,2026-09-15,24300.0,CE,11.7,12.6,5.85,6.95,6.95,192024,303404725159.25,3375385,1149200,2026-09-08
NIFTY,2026-09-15,23700.0,CE,165.15,181.6,114.65,122.85,122.85,480345,744274237924.75,4858620,4065620,2026-09-08
NIFTY,2026-09-15,22900.0,CE,822.65,822.65,788.0,788.0,788.0,3,4623238.75,520,65,2026-09-08
NIFTY,2026-09-15,22700.0,CE,1005.0,1008.1,982.0,994.7,994.7,54,83169079.5,1430,1365,2026-09-08
NIFTY,2026-09-15,22550.0,CE,0.0,0.0,0.0,2074.25,1112.92,0,0.0,0,0,2026-09-08
NIFTY,2026-09-08,25700.0,CE,0.5,0.55,0.05,0.2,23635.1,49638,82921177764.75,416390,-246805,2026-09-08
NIFTY,2026-09-08,24650.0,CE,0.6,1.05,0.05,0.2,23635.1,359050,575298626870.5,2518945,502060,2026-09-08
NIFTY,2026-09-08,24400.0,CE,1.05,1.3,0.05,0.2,23635.1,1436602,2278511501815.25,6382610,-3741075,2026-09-08
NIFTY,2026-09-08,23700.0,CE,70.0,77.35,0.05,9.75,23635.1,26512058,40890564984308.0,19769490,16828825,2026-09-08
NIFTY,2026-09-08,22650.0,CE,1159.25,1159.25,884.0,1021.65,23635.1,2,3077311.25,65,65,2026-09-08
NIFTY,2026-09-08,22200.0,CE,0.0,0.0,0.0,2551.85,23635.1,0,0.0,0,0,2026-09-08
NIFTY,2026-09-22,24450.0,CE,22.0,22.65,15.1,16.7,16.7,2268,3606957451.5,50245,1690,2026-09-08
NIFTY,2026-09-22,25050.0,CE,0.0,0.0,0.0,209.5,11.16,0,0.0,0,0,2026-09-08
NIFTY,2026-09-22,25200.0,CE,4.6,5.8,3.1,3.8,3.8,1277,2092052660.75,110370,-4030,2026-09-08
NIFTY,2026-09-22,25350.0,CE,0.0,0.0,0.0,141.55,4.06,0,0.0,0,0,2026-09-08
NIFTY,2026-09-22,25400.0,CE,3.2,3.8,2.55,2.9,2.9,153,252632945.5,16705,2730,2026-09-08
NIFTY,2026-09-29,21700.0,CE,0.0,0.0,0.0,2170.0,2010.64,0,0.0,65,0,2026-09-08
NIFTY,2026-09-29,22750.0,CE,1014.4,1014.4,1014.4,1014.4,1023.91,1,1544686.0,260,65,2026-09-08
NIFTY,2026-09-29,23750.0,CE,275.0,275.0,220.0,225.15,225.15,7010,10930151108.5,191425,22685,2026-09-08
NIFTY,2026-09-29,24150.0,CE,96.9,98.3,76.05,80.05,80.05,7064,11127950135.25,272740,28925,2026-09-08
NIFTY,2026-09-29,24500.0,CE,41.9,43.15,28.0,29.9,29.9,66465,105979551710.5,6044675,-157365,2026-09-08
NIFTY,2026-09-29,25800.0,CE,5.25,5.35,4.4,4.8,4.8,3609,6053440581.5,350480,5915,2026-09-08
NIFTY,2026-10-06,22950.0,CE,0.0,0.0,0.0,1324.95,918.31,0,0.0,0,0,2026-09-08
NIFTY,2026-10-06,23000.0,CE,0.0,0.0,0.0,1283.0,880.26,0,0.0,0,0,2026-09-08
NIFTY,2026-10-06,23450.0,CE,0.0,0.0,0.0,931.1,574.78,0,0.0,0,0,2026-09-08
NIFTY,2026-10-06,23700.0,CE,338.7,340.35,298.15,303.85,303.85,537,838518947.5,21450,16900,2026-09-08
NIFTY,2026-10-27,22100.0,CE,0.0,0.0,0.0,2334.2,1784.4,0,0.0,0,0,2026-09-08
NIFTY,2026-10-27,23100.0,CE,909.0,909.0,840.15,840.15,840.15,3,4674195.5,325,0,2026-09-08
NIFTY,2026-10-27,23350.0,CE,0.0,0.0,0.0,1240.0,820.97,0,0.0,65,0,2026-09-08
NIFTY,2026-10-27,23400.0,CE,666.0,681.9,623.15,633.85,633.85,59,92223488.5,4355,1235,2026-09-08
NIFTY,2026-10-27,23700.0,CE,480.5,481.55,430.0,438.35,438.35,2121,3329782270.75,85475,50635,2026-09-08
NIFTY,2026-10-27,24800.0,CE,83.4,83.85,61.05,62.6,62.6,7633,12337429877.5,387530,-2145,2026-09-08
NIFTY,2026-10-27,24950.0,CE,52.25,53.3,45.9,46.8,46.8,340,552516896.75,25870,2665,2026-09-08
NIFTY,2026-10-27,25000.0,CE,50.0,52.8,42.0,43.75,43.75,16766,27294115072.25,1601405,48425,2026-09-08
NIFTY,2026-10-27,25400.0,CE,24.1,25.35,22.05,22.85,22.85,1834,3030690637.0,219700,-43355,2026-09-08
NIFTY,2026-10-27,26050.0,CE,0.0,0.0,0.0,247.25,40.72,0,0.0,0,0,2026-09-08
NIFTY,2026-10-27,26850.0,CE,0.0,0.0,0.0,7.7,11.34,0,0.0,1495,0,2026-09-08
NIFTY,2026-10-27,27000.0,CE,5.1,5.25,4.25,5.05,5.05,3532,6199728197.0,384540,-20410,2026-09-08
NIFTY,2026-10-27,27100.0,CE,5.35,5.35,5.35,5.35,5.35,1,1761847.75,6760,0,2026-09-08
NIFTY,2026-11-23,22200.0,CE,0.0,0.0,0.0,2545.1,1854.63,0,0.0,0,0,2026-09-08
NIFTY,2026-11-23,22250.0,CE,0.0,0.0,0.0,2500.9,1813.23,0,0.0,0,0,2026-09-08
NIFTY,2026-11-23,22500.0,CE,1571.75,1571.75,1496.35,1515.15,1515.15,18,28099171.75,1040,780,2026-09-08
NIFTY,2026-11-23,22800.0,CE,0.0,0.0,0.0,2032.75,1385.78,0,0.0,0,0,2026-09-08
NIFTY,2026-11-23,23200.0,CE,0.0,0.0,0.0,1717.3,1109.1,0,0.0,0,0,2026-09-08
NIFTY,2026-11-23,24850.0,CE,0.0,0.0,0.0,714.05,342.82,0,0.0,0,0,2026-09-08
NIFTY,2026-11-23,25200.0,CE,0.0,0.0,0.0,569.15,253.76,0,0.0,0,0,2026-09-08
NIFTY,2026-11-23,25250.0,CE,0.0,0.0,0.0,550.35,241.61,0,0.0,0,0,2026-09-08
NIFTY,2026-12-29,28000.0,CE,18.0,18.95,17.0,17.45,17.45,2974,5416080104.5,1653505,25815,2026-09-08
NIFTY,2027-06-29,28500.0,CE,0.0,0.0,0.0,1711.9,331.95,0,0.0,0,0,2026-09-08
NIFTY,2027-12-28,25000.0,CE,1669.85,1705.0,1648.0,1652.3,1652.3,193,334584490.5,90035,1560,2026-09-08
NIFTY,2027-12-28,26000.0,CE,1200.0,1200.0,1151.9,1158.6,1158.6,305,538768431.5,86695,5265,2026-09-08
NIFTY,2027-12-28,30000.0,CE,173.8,183.95,162.0,165.35,165.35,346,678521229.75,180700,-1235,2026-09-08
NIFTY,2027-12-28,31500.0,CE,110.0,110.0,96.1,100.0,100.0,11,22593808.25,2015,-195,2026-09-08
NIFTY,2028-06-27,16500.0,CE,0.0,0.0,0.0,11752.8,8941.26,0,0.0,0,0,2026-09-08
NIFTY,2029-06-26,19500.0,CE,0.0,0.0,0.0,10206.95,7513.01,0,0.0,0,0,2026-09-08
NIFTY,2029-12-24,19500.0,CE,0.0,0.0,0.0,10678.8,8032.69,0,0.0,0,0,2026-09-08
NIFTY,2030-06-25,25500.0,CE,0.0,0.0,0.0,7070.45,4870.14,0,0.0,0,0,2026-09-08
NIFTY,2030-12-31,24000.0,CE,0.0,0.0,0.0,8563.3,6243.72,0,0.0,0,0,2026-09-08
NIFTY,2031-06-24,16500.0,CE,0.0,0.0,0.0,11849.25,11536.38,0,0.0,0,0,2026-09-08
NIFTY,2026-09-08,22850.0,PE,0.35,0.6,0.05,0.1,23635.1,201890,299861074591.0,1450215,567840,2026-09-08
NIFTY,2026-09-08,23350.0,PE,1.1,1.55,0.05,0.55,23635.1,1136527,1725028857487.0,3912805,1485315,2026-09-08
NIFTY,2026-09-08,23400.0,PE,1.45,2.25,0.05,0.75,23635.1,2780693,4229645889036.75,6499415,1813435,2026-09-08
NIFTY,2026-09-08,23800.0,PE,75.0,245.95,75.0,167.7,23635.1,3873757,6025231363047.0,2379195,-6972030,2026-09-08
NIFTY,2026-09-08,24550.0,PE,832.1,950.95,832.1,905.8,23635.1,467,771958300.75,41925,-5850,2026-09-08
NIFTY,2026-09-08,24750.0,PE,1052.0,1119.05,1035.0,1117.15,23635.1,67,112469529.25,12480,-1495,2026-09-08
NIFTY,2026-09-08,24900.0,PE,1199.9,1268.0,1184.65,1237.7,23635.1,84,142646855.0,10725,-3445,2026-09-08
NIFTY,2026-09-08,25400.0,PE,1691.0,1827.0,1665.7,1755.95,23635.1,104,183438762.0,4095,-4875,2026-09-08
NIFTY,2026-09-15,22650.0,PE,4.95,5.1,3.65,4.1,4.1,10652,15685360057.25,262535,223340,2026-09-08
NIFTY,2026-09-15,23750.0,PE,128.2,167.65,119.55,153.95,153.95,115467,179347876899.75,1096810,48750,2026-09-08
NIFTY,2026-09-15,24650.0,PE,920.0,961.1,920.0,950.95,950.95,68,113112827.75,11375,2535,2026-09-08
NIFTY,2026-09-15,24850.0,PE,0.0,0.0,0.0,629.7,1189.66,0,0.0,0,0,2026-09-08
NIFTY,2026-09-15,25250.0,PE,0.0,0.0,0.0,885.25,1586.98,0,0.0,0,0,2026-09-08
NIFTY,2026-09-15,25400.0,PE,1690.0,1691.0,1684.0,1684.0,1684.0,4,7043010.0,1105,260,2026-09-08
NIFTY,2026-09-15,25550.0,PE,0.0,0.0,0.0,1688.35,1886.43,0,0.0,260,0,2026-09-08
NIFTY,2026-09-22,22300.0,PE,6.75,7.55,4.85,7.3,7.3,822,1191857260.75,44005,20345,2026-09-08
NIFTY,2026-09-22,22900.0,PE,0.0,0.0,0.0,72.2,51.67,0,0.0,0,0,2026-09-08
NIFTY,2026-09-22,23150.0,PE,49.55,49.55,33.75,34.95,34.95,462,696254997.75,17810,17810,2026-09-08
NIFTY,2026-09-22,23250.0,PE,43.0,51.7,38.2,46.75,46.75,1473,2230412275.0,53885,3965,2026-09-08
NIFTY,2026-09-22,24700.0,PE,875.0,1000.2,875.0,1000.2,1041.46,19,31667304.5,715,-325,2026-09-08
NIFTY,2026-09-22,24750.0,PE,0.0,0.0,0.0,752.65,1087.22,0,0.0,0,0,2026-09-08
NIFTY,2026-09-22,24900.0,PE,0.0,0.0,0.0,853.1,1227.13,0,0.0,0,0,2026-09-08
NIFTY,2026-09-22,25800.0,PE,0.0,0.0,0.0,1569.65,2108.1,0,0.0,0,0,2026-09-08
NIFTY,2026-09-29,16500.0,PE,0.7,1.55,0.7,1.4,1.4,398,426886401.5,133380,715,2026-09-08
NIFTY,2031-06-24,31500.0,PE,0.0,0.0,0.0,3185.85,3044.69,0,0.0,0,0,2026-09-08
NIFTY,2030-12-31,25500.0,PE,0.0,0.0,0.0,538.25,1190.41,0,0.0,0,0,2026-09-08
NIFTY,2030-06-25,24000.0,PE,0.0,0.0,0.0,698.15,889.81,0,0.0,0,0,2026-09-08
NIFTY,2029-12-24,26000.0,PE,0.0,0.0,0.0,1400.0,1494.2,0,0.0,4055,0,2026-09-08
NIFTY,2029-12-24,23000.0,PE,0.0,0.0,0.0,625.0,704.81,0,0.0,1625,0,2026-09-08
NIFTY,2029-12-24,18000.0,PE,0.0,0.0,0.0,96.5,106.86,0,0.0,0,0,2026-09-08
NIFTY,2028-12-26,16500.0,PE,0.0,0.0,0.0,5.9,29.49,0,0.0,0,0,2026-09-08
NIFTY,2028-06-27,30000.0,PE,0.0,0.0,0.0,3779.25,4054.41,0,0.0,0,0,2026-09-08
NIFTY,2028-06-27,19500.0,PE,0.0,0.0,0.0,40.05,147.85,0,0.0,0,0,2026-09-08
NIFTY,2027-12-28,33000.0,PE,0.0,0.0,0.0,4155.55,6926.61,0,0.0,0,0,2026-09-08
NIFTY,2027-12-28,31500.0,PE,0.0,0.0,0.0,3240.0,5671.11,0,0.0,0,0,2026-09-08
NIFTY,2027-12-28,28500.0,PE,0.0,0.0,0.0,2979.7,3395.83,0,0.0,260,0,2026-09-08
NIFTY,2026-12-29,33000.0,PE,0.0,0.0,0.0,5263.45,8727.24,0,0.0,0,0,2026-09-08
NIFTY,2026-12-29,24000.0,PE,499.95,514.95,472.4,503.1,503.1,7501,11943869977.0,2716820,59020,2026-09-08
NIFTY,2026-12-29,16000.0,PE,9.5,13.0,9.5,12.55,12.55,165,171730425.75,116800,-325,2026-09-08
NIFTY,2026-12-29,15000.0,PE,9.0,11.05,9.0,9.9,9.9,262,255627125.0,118545,-780,2026-09-08
NIFTY,2026-11-23,24650.0,PE,0.0,0.0,0.0,756.75,1095.21,0,0.0,0,0,2026-09-08
NIFTY,2026-11-23,24450.0,PE,0.0,0.0,0.0,528.1,967.6,0,0.0,1560,0,2026-09-08
NIFTY,2026-11-23,24050.0,PE,471.7,471.7,459.75,463.8,737.9,16,25499916.0,1755,65,2026-09-08
NIFTY,2026-11-23,23550.0,PE,0.0,0.0,0.0,327.35,501.14,0,0.0,0,0,2026-09-08
NIFTY,2026-11-23,22650.0,PE,0.0,0.0,0.0,135.8,213.4,0,0.0,0,0,2026-09-08
NIFTY,2026-11-23,22400.0,PE,0.0,0.0,0.0,102.45,161.56,0,0.0,0,0,2026-09-08
NIFTY,2026-10-27,26950.0,PE,0.0,0.0,0.0,2675.85,3095.33,0,0.0,0,0,2026-09-08
NIFTY,2026-10-27,25500.0,PE,1586.05,1650.0,1570.15,1627.4,1627.4,453,798118369.75,285675,25935,2026-09-08
NIFTY,2026-10-27,25400.0,PE,0.0,0.0,0.0,996.5,1649.75,0,0.0,780,0,2026-09-08
NIFTY,2026-10-27,25150.0,PE,0.0,0.0,0.0,974.25,1439.46,0,0.0,260,0,2026-09-08
NIFTY,2026-10-27,25100.0,PE,0.0,0.0,0.0,928.1,1398.63,0,0.0,5525,0,2026-09-08
NIFTY,2026-10-27,24900.0,PE,1042.0,1100.0,1030.0,1080.0,1239.88,38,64146702.75,78000,130,2026-09-08
NIFTY,2026-10-27,24600.0,PE,759.5,837.4,744.0,829.55,829.55,204,336938166.5,94900,-1235,2026-09-08
NIFTY,2026-10-27,23000.0,PE,96.95,106.0,90.1,101.05,101.05,10430,15659703049.25,1395225,111670,2026-09-08
NIFTY,2026-10-27,22750.0,PE,0.0,0.0,0.0,228.35,162.73,0,0.0,0,0,2026-09-08
NIFTY,2026-10-27,22600.0,PE,50.4,57.55,50.2,54.95,54.95,821,1208907947.0,66755,14950,2026-09-08
NIFTY,2026-10-27,22150.0,PE,0.0,0.0,0.0,123.6,66.69,0,0.0,0,0,2026-09-08
NIFTY,2026-10-06,25350.0,PE,0.0,0.0,0.0,1263.25,1634.84,0,0.0,0,0,2026-09-08
NIFTY,2026-10-06,23300.0,PE,89.85,106.7,89.85,102.3,102.3,132,200776208.75,5460,2925,2026-09-08
NIFTY,2026-10-06,22300.0,PE,0.0,0.0,0.0,24.55,35.87,0,0.0,0,0,2026-09-08
NIFTY,2026-09-29,26450.0,PE,0.0,0.0,0.0,2346.8,2727.09,0,0.0,0,0,2026-09-08
NIFTY,2026-09-29,25900.0,PE,0.0,0.0,0.0,1571.4,2181.74,0,0.0,4940,0,2026-09-08
NIFTY,2026-09-29,21650.0,PE,7.45,8.65,7.0,8.3,8.3,157,221019327.75,13065,4485,2026-09-08
NIFTY,2026-09-29,25250.0,PE,0.0,0.0,0.0,1261.0,1550.28,0,0.0,1950,0,2026-09-08
NIFTY,2026-09-29,24900.0,PE,1127.4,1172.1,1110.0,1153.65,1153.65,73,123526058.5,79430,-910,2026-09-08
NIFTY,2026-09-29,24150.0,PE,452.85,486.1,433.6,478.75,478.75,482,771291462.5,182455,-10985,2026-09-08
NIFTY,2026-09-29,24050.0,PE,327.55,420.05,327.55,402.3,402.3,1004,1595096334.0,152815,7800,2026-09-08
NIFTY,2026-09-29,23450.0,PE,108.75,125.1,96.9,116.0,116.0,4385,6715853560.0,192270,-8255,2026-09-08
NIFTY,2026-09-29,23200.0,PE,55.3,69.0,51.95,64.0,64.0,26611,40236318752.5,1202695,21580,2026-09-08
NIFTY,2026-09-29,22750.0,PE,20.5,25.4,19.75,24.05,24.05,829,1227102396.0,71305,1625,2026-09-08
NIFTY,2026-09-29,22350.0,PE,11.85,14.05,11.85,13.85,13.85,581,844537609.5,44590,21840,2026-09-08
NIFTY,2026-09-29,22100.0,PE,10.6,11.65,9.65,11.15,11.15,1082,1555026931.25,101400,520,2026-09-08
NIFTY,2026-09-22,25550.0,CE,3.4,3.4,2.25,2.5,2.5,7,11626582.5,585,130,2026-09-08
NIFTY,2026-09-08,22150.0,CE,0.0,0.0,0.0,2600.65,23635.1,0,0.0,0,0,2026-09-08
NIFTY,2026-09-08,22800.0,CE,942.35,942.35,857.6,857.6,23635.1,21,32346928.25,520,-260,2026-09-08
NIFTY,2026-09-08,23050.0,CE,699.0,699.0,518.55,603.75,23635.1,265,407899908.0,5135,3900,2026-09-08
NIFTY,2026-09-08,24050.0,CE,3.9,5.0,0.05,0.5,23635.1,2063095,3225348033310.0,4472000,-5371600,2026-09-08
NIFTY,2026-09-08,25400.0,CE,0.35,0.9,0.05,0.2,23635.1,164054,270855960817.0,998335,-137345,2026-09-08
NIFTY,2026-09-08,26150.0,CE,0.4,0.45,0.05,0.15,23635.1,4066,6911236494.5,46995,-910,2026-09-08
NIFTY,2026-09-15,22600.0,CE,0.0,0.0,0.0,1463.4,1063.84,0,0.0,65,0,2026-09-08
NIFTY,2026-09-15,23100.0,CE,648.35,648.35,592.85,604.55,604.55,562,866588599.5,22945,22555,2026-09-08
NIFTY,2026-09-15,24050.0,CE,45.0,45.0,20.1,21.6,21.6,105293,164778277651.0,1695135,1033110,2026-09-08
NIFTY,2026-09-15,24600.0,CE,3.75,4.5,3.1,3.45,3.45,143078,228816296224.75,2416765,600340,2026-09-08
NIFTY,2026-09-15,24650.0,CE,4.4,4.4,2.85,3.2,3.2,32815,52585316179.5,568685,-73385,2026-09-08
NIFTY,2026-09-15,24900.0,CE,2.9,3.05,1.9,2.2,2.2,87370,141421954118.25,1857375,969215,2026-09-08
NIFTY,2031-06-24,18000.0,PE,0.0,0.0,0.0,173.45,125.88,0,0.0,0,0,2026-09-08
NIFTY,2029-12-24,25000.0,PE,0.0,0.0,0.0,1000.05,1190.57,0,0.0,1265,0,2026-09-08
NIFTY,2029-06-26,19500.0,PE,0.0,0.0,0.0,56.0,196.98,0,0.0,0,0,2026-09-08
NIFTY,2029-06-26,18000.0,PE,0.0,0.0,0.0,118.45,94.71,0,0.0,0,0,2026-09-08
NIFTY,2029-06-26,16500.0,PE,0.0,0.0,0.0,8.1,39.38,0,0.0,0,0,2026-09-08
NIFTY,2028-12-26,31500.0,PE,0.0,0.0,0.0,2673.4,4638.16,0,0.0,0,0,2026-09-08
NIFTY,2028-12-26,24000.0,PE,0.0,0.0,0.0,730.05,988.58,0,0.0,5135,0,2026-09-08
NIFTY,2028-06-27,27000.0,PE,0.0,0.0,0.0,2752.35,2261.71,0,0.0,0,0,2026-09-08
NIFTY,2027-06-29,27000.0,PE,2100.0,2100.0,2100.0,2100.0,2637.74,1,1891500.0,65,0,2026-09-08
NIFTY,2027-06-29,18000.0,PE,32.65,73.0,32.65,73.0,11.85,3,3520289.5,165,-65,2026-09-08
NIFTY,2027-03-30,18000.0,PE,0.0,0.0,0.0,26.5,3.68,0,0.0,715,0,2026-09-08
NIFTY,2026-12-29,22000.0,PE,88.0,90.0,84.0,86.7,86.7,3874,5561823946.25,2054325,36450,2026-09-08
NIFTY,2026-12-29,19000.0,PE,21.0,25.35,20.85,24.85,24.85,883,1091896744.25,595990,-2310,2026-09-08
NIFTY,2026-11-23,25700.0,PE,0.0,0.0,0.0,1384.75,1884.59,0,0.0,0,0,2026-09-08
NIFTY,2026-11-23,23650.0,PE,325.15,327.45,314.0,319.0,319.0,32,49861347.25,1625,1625,2026-09-08
NIFTY,2026-11-23,23450.0,PE,0.0,0.0,0.0,300.7,460.56,0,0.0,0,0,2026-09-08
NIFTY,2026-11-23,22700.0,PE,99.05,107.0,95.0,104.1,104.1,196,290483479.0,33540,5005,2026-09-08
NIFTY,2026-10-27,25950.0,PE,0.0,0.0,0.0,1842.3,2141.46,0,0.0,0,0,2026-09-08
NIFTY,2026-10-27,25350.0,PE,0.0,0.0,0.0,865.7,1606.92,0,0.0,260,0,2026-09-08
NIFTY,2026-10-27,23500.0,PE,204.0,224.7,193.45,214.55,214.55,15969,24609083050.5,1280955,200330,2026-09-08
NIFTY,2026-10-27,22300.0,PE,36.0,38.85,34.0,36.9,36.9,2388,3467097965.5,138060,35555,2026-09-08
NIFTY,2026-10-06,24850.0,PE,0.0,0.0,0.0,877.55,1187.83,0,0.0,0,0,2026-09-08
NIFTY,2026-10-06,24450.0,PE,0.0,0.0,0.0,617.35,867.24,0,0.0,0,0,2026-09-08
NIFTY,2026-10-06,23950.0,PE,342.0,354.7,342.0,347.6,347.6,14,22110962.25,2015,325,2026-09-08
NIFTY,2026-10-06,23700.0,PE,217.8,236.0,203.1,226.2,226.2,197,306307355.25,7475,7345,2026-09-08
NIFTY,2026-10-06,22350.0,PE,0.0,0.0,0.0,27.35,40.13,0,0.0,65,0,2026-09-08
NIFTY,2026-10-06,22050.0,PE,0.0,0.0,0.0,13.95,19.77,0,0.0,0,0,2026-09-08
NIFTY,2026-09-29,26550.0,PE,0.0,0.0,0.0,2431.75,2826.58,0,0.0,0,0,2026-09-08
NIFTY,2026-09-29,26400.0,PE,0.0,0.0,0.0,1887.6,2677.36,0,0.0,3770,0,2026-09-08
NIFTY,2026-09-29,26350.0,PE,0.0,0.0,0.0,2262.9,2627.66,0,0.0,0,0,2026-09-08
NIFTY,2026-09-29,26150.0,PE,0.0,0.0,0.0,1720.0,2429.09,0,0.0,65,0,2026-09-08
NIFTY,2026-09-29,24550.0,PE,780.2,835.1,778.6,813.35,813.35,123,202679623.25,56550,-6175,2026-09-08
NIFTY,2026-09-29,24000.0,PE,326.5,388.2,324.0,370.9,370.9,52067,82438909985.25,7221510,-122265,2026-09-08
NIFTY,2026-09-29,23550.0,PE,139.5,156.9,125.7,146.35,146.35,3072,4730970010.0,156130,6435,2026-09-08
NIFTY,2026-09-29,23500.0,PE,109.9,141.6,109.5,131.75,131.75,81202,124708847643.25,4583215,-149435,2026-09-08
NIFTY,2026-09-22,25950.0,PE,0.0,0.0,0.0,1703.35,2257.43,0,0.0,0,0,2026-09-08
NIFTY,2026-09-22,25700.0,PE,0.0,0.0,0.0,1482.25,2008.69,0,0.0,0,0,2026-09-08
NIFTY,2026-09-22,25650.0,PE,0.0,0.0,0.0,1439.15,1959.03,0,0.0,0,0,2026-09-08
NIFTY,2026-09-22,24850.0,PE,0.0,0.0,0.0,818.9,1180.09,0,0.0,0,0,2026-09-08
NIFTY,2026-09-22,24650.0,PE,0.0,0.0,0.0,689.35,996.22,0,0.0,0,0,2026-09-08
NIFTY,2026-09-22,24600.0,PE,850.0,878.25,800.0,877.85,951.54,10,16543608.25,845,455,2026-09-08
NIFTY,2026-09-22,24450.0,PE,0.0,0.0,0.0,470.05,821.37,0,0.0,1235,0,2026-09-08
NIFTY,2026-09-22,24400.0,PE,640.9,701.2,630.45,691.25,691.25,117,190632929.5,24245,650,2026-09-08
NIFTY,2026-09-22,23950.0,PE,290.0,328.0,271.65,314.05,314.05,739,1165048303.25,49075,16185,2026-09-08
NIFTY,2026-09-22,23350.0,PE,0.0,0.0,0.0,149.8,154.26,0,0.0,0,0,2026-09-08
NIFTY,2026-09-22,22550.0,PE,7.85,11.1,7.85,10.0,10.0,284,416451174.75,8385,3250,2026-09-08
NIFTY,2026-09-22,22500.0,PE,7.6,9.5,7.6,9.15,9.15,4454,6516458711.75,199875,56745,2026-09-08
NIFTY,2026-09-22,22050.0,PE,5.0,5.75,5.0,5.3,5.3,113,161996146.0,6890,6890,2026-09-08
NIFTY,2026-09-15,25750.0,PE,0.0,0.0,0.0,1263.75,2086.18,0,0.0,0,0,2026-09-08
NIFTY,2026-09-15,25600.0,PE,0.0,0.0,0.0,1728.1,1936.37,0,0.0,260,0,2026-09-08
NIFTY,2026-09-15,25450.0,PE,1745.0,1748.0,1745.0,1747.0,1747.0,14,24748945.0,910,910,2026-09-08
NIFTY,2026-09-15,25000.0,PE,1262.0,1317.65,1237.65,1301.7,1301.7,1568,2679447732.0,140010,67015,2026-09-08
NIFTY,2026-09-15,24550.0,PE,797.05,862.3,789.45,849.7,849.7,331,546420569.5,26000,16510,2026-09-08
NIFTY,2026-09-15,24250.0,PE,535.8,571.95,515.0,556.3,556.3,733,1181427133.25,54405,4420,2026-09-08
NIFTY,2026-09-15,23200.0,PE,13.25,18.1,12.45,14.7,14.7,142694,215322861988.0,3570255,2113605,2026-09-08
NIFTY,2026-09-15,22600.0,PE,3.75,4.75,3.4,3.95,3.95,44144,64859155920.0,976885,638560,2026-09-08
NIFTY,2026-09-08,25800.0,PE,2150.0,2150.0,2140.0,2140.0,23635.1,5,9082840.0,390,-65,2026-09-08
NIFTY,2026-09-08,24800.0,PE,1100.0,1225.0,1076.4,1168.1,23635.1,577,972198019.0,41015,-9230,2026-09-08
NIFTY,2026-09-08,24600.0,PE,878.15,1035.0,872.0,975.25,23635.1,1946,3229139959.5,133445,-31395,2026-09-08
NIFTY,2026-09-08,24300.0,PE,587.95,744.0,570.0,665.3,23635.1,12151,19691018132.5,588900,-219245,2026-09-08
NIFTY,2026-09-08,23100.0,PE,0.65,0.8,0.05,0.2,23635.1,809501,1215489093360.75,2858505,331175,2026-09-08
NIFTY,2026-09-08,22650.0,PE,0.55,0.6,0.05,0.1,23635.1,94315,138857191057.0,857935,471705,2026-09-08
NIFTY,2030-12-31,27000.0,CE,0.0,0.0,0.0,6772.8,4719.96,0,0.0,0,0,2026-09-08
NIFTY,2030-12-31,22500.0,CE,0.0,0.0,0.0,9536.95,7111.4,0,0.0,0,0,2026-09-08
NIFTY,2030-06-25,33000.0,CE,0.0,0.0,0.0,4416.45,2050.34,0,0.0,0,0,2026-09-08
NIFTY,2030-06-25,24000.0,CE,0.0,0.0,0.0,8591.55,5674.25,0,0.0,0,0,2026-09-08
NIFTY,2028-12-26,30000.0,CE,977.15,1000.05,972.05,976.05,976.05,5,10070401.25,19170,130,2026-09-08
NIFTY,2028-12-26,28500.0,CE,0.0,0.0,0.0,3608.65,1863.91,0,0.0,0,0,2026-09-08
NIFTY,2028-12-26,28000.0,CE,1662.65,1756.65,1662.65,1712.0,2036.72,7,13516002.5,10085,0,2026-09-08
NIFTY,2028-12-26,25500.0,CE,0.0,0.0,0.0,3800.0,3094.15,0,0.0,0,0,2026-09-08
NIFTY,2028-12-26,24000.0,CE,3910.0,4000.0,3500.0,3950.0,3891.51,4,7238400.0,1625,130,2026-09-08
NIFTY,2026-09-15,25150.0,CE,2.35,2.35,1.35,1.7,1.7,24266,39671570448.25,423475,191100,2026-09-08
NIFTY,2026-09-15,25550.0,CE,1.3,1.7,1.05,1.35,1.35,3829,6359335180.25,309790,6630,2026-09-08
NIFTY,2026-09-15,26000.0,CE,1.0,1.2,0.75,1.05,1.05,70230,118693004898.0,2107105,742885,2026-09-08
NIFTY,2026-09-22,22300.0,CE,0.0,0.0,0.0,2006.25,1392.13,0,0.0,0,0,2026-09-08
NIFTY,2028-12-26,18000.0,CE,0.0,0.0,0.0,9380.3,8164.63,0,0.0,0,0,2026-09-08
NIFTY,2027-12-28,24000.0,CE,2239.5,2263.95,2230.0,2253.45,2253.45,147,250773763.5,117715,4615,2026-09-08
NIFTY,2027-06-29,30000.0,CE,0.0,0.0,0.0,1478.4,166.59,0,0.0,0,0,2026-09-08
NIFTY,2026-12-29,26000.0,CE,86.65,86.65,75.0,77.0,77.0,13934,23620022968.75,4309255,181160,2026-09-08
NIFTY,2026-12-29,25000.0,CE,260.05,268.65,229.0,233.7,233.7,10596,17384571607.0,2713990,72165,2026-09-08
NIFTY,2026-11-23,25500.0,CE,55.0,61.5,46.75,50.7,50.7,3226,5357947731.5,285025,37115,2026-09-08
NIFTY,2026-11-23,24900.0,CE,0.0,0.0,0.0,691.9,328.57,0,0.0,0,0,2026-09-08
NIFTY,2026-11-23,24650.0,CE,200.65,200.65,175.75,179.75,179.75,184,297047390.25,15925,7345,2026-09-08
NIFTY,2026-11-23,24450.0,CE,257.1,260.35,241.85,242.15,242.15,73,117220499.5,3900,-130,2026-09-08
NIFTY,2026-11-23,23900.0,CE,519.8,520.85,477.0,480.65,480.65,225,356817425.25,9880,455,2026-09-08
NIFTY,2026-11-23,23700.0,CE,630.0,640.0,588.0,596.9,596.9,356,562526019.25,14625,12805,2026-09-08
NIFTY,2026-11-23,22450.0,CE,0.0,0.0,0.0,2326.6,1651.51,0,0.0,0,0,2026-09-08
NIFTY,2026-10-27,26700.0,CE,6.9,6.9,5.85,5.9,14.61,5,8679583.25,1105,130,2026-09-08
NIFTY,2026-10-27,26100.0,CE,0.0,0.0,0.0,237.65,37.79,0,0.0,0,0,2026-09-08
NIFTY,2026-10-27,25800.0,CE,14.7,15.2,13.4,14.9,14.9,421,706408417.0,38545,-2665,2026-09-08
NIFTY,2026-10-27,25600.0,CE,18.0,18.15,16.2,17.0,17.0,437,727656579.0,91585,-9165,2026-09-08
NIFTY,2026-10-27,25500.0,CE,20.15,20.95,17.75,18.85,18.85,9230,15310245609.75,880750,-18590,2026-09-08
NIFTY,2026-10-27,25300.0,CE,26.0,28.05,24.15,25.85,25.85,788,1297191057.5,33540,19695,2026-09-08
NIFTY,2026-10-27,25100.0,CE,41.0,41.0,35.3,36.6,36.6,2282,3728621269.75,174590,4290,2026-09-08
NIFTY,2026-10-27,23950.0,CE,332.05,337.8,299.75,305.0,305.0,510,804535946.5,76765,1755,2026-09-08
NIFTY,2026-10-27,22550.0,CE,0.0,0.0,0.0,1962.0,1400.05,0,0.0,0,0,2026-09-08
NIFTY,2026-10-06,25500.0,CE,7.35,8.8,6.7,7.75,7.75,188,311702865.5,2990,2990,2026-09-08
NIFTY,2026-09-22,23500.0,CE,390.0,390.0,312.8,319.95,319.95,1724,2671314447.75,68185,44850,2026-09-08
NIFTY,2026-09-22,25500.0,CE,3.1,3.8,2.05,2.75,2.75,1133,1878143419.75,129415,-5980,2026-09-08
NIFTY,2026-10-06,25000.0,CE,0.0,0.0,0.0,188.1,64.09,0,0.0,0,0,2026-09-08
NIFTY,2026-10-06,24450.0,CE,0.0,0.0,0.0,364.35,161.26,0,0.0,0,0,2026-09-08
NIFTY,2026-10-06,24350.0,CE,0.0,0.0,0.0,406.45,186.1,0,0.0,0,0,2026-09-08
NIFTY,2026-10-06,24300.0,CE,92.0,101.0,75.5,76.9,76.9,376,595893944.75,12155,7540,2026-09-08
NIFTY,2026-10-06,24250.0,CE,119.05,119.05,85.95,86.55,86.55,82,129758053.75,7865,1495,2026-09-08
NIFTY,2026-10-06,23150.0,CE,0.0,0.0,0.0,1160.25,770.63,0,0.0,0,0,2026-09-08
NIFTY,2026-10-06,22450.0,CE,0.0,0.0,0.0,1769.15,1335.01,0,0.0,0,0,2026-09-08
NIFTY,2026-10-06,22150.0,CE,0.0,0.0,0.0,2051.3,1609.03,0,0.0,0,0,2026-09-08
NIFTY,2026-09-29,30000.0,CE,0.95,0.95,0.65,0.85,0.85,223,434860968.75,283725,-7150,2026-09-08
NIFTY,2026-09-29,26750.0,CE,1.65,3.7,1.65,2.4,0.21,44,76511877.0,7540,-260,2026-09-08
NIFTY,2026-09-29,26450.0,CE,1.15,3.0,1.05,2.4,2.4,21,36107045.0,2730,-65,2026-09-08
NIFTY,2026-09-29,26050.0,CE,4.55,5.5,3.25,3.65,3.65,29,49112053.25,37245,-390,2026-09-08
NIFTY,2026-09-29,25900.0,CE,5.3,5.3,3.7,4.2,4.2,318,535444500.5,21515,715,2026-09-08
NIFTY,2026-09-29,25700.0,CE,4.65,5.95,4.55,4.95,4.95,3706,6192103693.75,315250,68510,2026-09-08
NIFTY,2026-09-29,25550.0,CE,6.95,6.95,5.15,5.6,5.6,866,1438531061.5,61945,-20020,2026-09-08
NIFTY,2026-09-29,25450.0,CE,6.85,7.0,5.8,6.1,6.1,730,1207902559.5,73645,-3250,2026-09-08
NIFTY,2026-09-29,25000.0,CE,12.6,12.6,9.05,10.4,10.4,55031,89463770662.5,6536530,-419315,2026-09-08
NIFTY,2026-09-29,24750.0,CE,22.0,22.0,15.35,16.1,16.1,3610,5811546955.5,231725,9035,2026-09-08
NIFTY,2026-09-29,24650.0,CE,20.15,22.45,19.1,20.4,20.4,4221,6768793625.75,175565,-56485,2026-09-08
NIFTY,2026-09-29,24600.0,CE,25.55,26.8,21.35,22.9,22.9,23621,37806210588.25,1665040,-146445,2026-09-08
NIFTY,2026-09-29,24350.0,CE,58.2,58.2,42.4,44.95,44.95,6395,10141708174.0,523185,3445,2026-09-08
NIFTY,2026-09-29,23150.0,CE,677.65,677.65,672.35,675.0,706.07,12,18583500.0,845,65,2026-09-08
NIFTY,2026-09-29,22700.0,CE,1095.0,1095.0,1061.6,1061.6,1066.92,12,18542771.0,1625,65,2026-09-08
NIFTY,2026-09-29,22550.0,CE,0.0,0.0,0.0,1749.2,1199.43,0,0.0,130,0,2026-09-08
NIFTY,2026-09-29,22450.0,CE,0.0,0.0,0.0,1450.0,1290.32,0,0.0,130,0,2026-09-08
NIFTY,2026-09-29,22000.0,CE,1803.6,1804.0,1730.15,1747.4,1747.4,851,1314719948.75,778895,-9750,2026-09-08
NIFTY,2026-09-29,21850.0,CE,0.0,0.0,0.0,2030.0,1863.19,0,0.0,65,0,2026-09-08
NIFTY,2026-09-08,23400.0,CE,325.05,333.3,156.85,204.1,23635.1,116318,178808089359.25,330005,271765,2026-09-08
NIFTY,2026-11-23,23250.0,CE,0.0,0.0,0.0,1679.6,1077.02,0,0.0,0,0,2026-09-08
NIFTY,2026-11-23,22600.0,CE,0.0,0.0,0.0,2198.8,1534.57,0,0.0,0,0,2026-09-08
NIFTY,2026-11-23,24050.0,CE,0.0,0.0,0.0,498.7,639.39,0,0.0,715,0,2026-09-08
NIFTY,2026-11-23,24350.0,CE,302.1,307.2,280.0,283.3,512.35,49,78495095.25,2470,-1885,2026-09-08
NIFTY,2026-11-23,24550.0,CE,230.0,236.8,206.0,208.9,208.9,206,331657436.5,10400,2470,2026-09-08
NIFTY,2026-10-06,22100.0,PE,0.0,0.0,0.0,22.5,22.37,0,0.0,65,0,2026-09-08
NIFTY,2027-03-30,25500.0,PE,1282.95,1309.0,1264.7,1302.95,1302.95,271,471894611.5,239070,1885,2026-09-08
NIFTY,2026-11-23,25900.0,PE,0.0,0.0,0.0,1526.4,2053.32,0,0.0,0,0,2026-09-08
NIFTY,2026-11-23,25850.0,PE,0.0,0.0,0.0,1490.4,2010.7,0,0.0,0,0,2026-09-08
NIFTY,2026-11-23,25050.0,PE,0.0,0.0,0.0,1014.95,1373.92,0,0.0,0,0,2026-09-08
NIFTY,2026-11-23,25000.0,PE,1084.1,1132.0,1060.0,1120.95,1120.95,252,427608067.25,77675,1885,2026-09-08
NIFTY,2026-11-23,23600.0,PE,288.2,309.0,279.0,304.25,304.25,481,747131879.0,28275,9230,2026-09-08
NIFTY,2026-10-27,26700.0,PE,0.0,0.0,0.0,2458.1,2852.51,0,0.0,0,0,2026-09-08
NIFTY,2026-10-27,26350.0,PE,0.0,0.0,0.0,2163.0,2516.62,0,0.0,0,0,2026-09-08
NIFTY,2026-10-27,26200.0,PE,0.0,0.0,0.0,2040.5,2374.63,0,0.0,0,0,2026-09-08
NIFTY,2026-10-27,22500.0,PE,45.0,50.05,43.9,47.85,47.85,5959,8733292769.5,1052805,36920,2026-09-08
NIFTY,2026-10-27,22100.0,PE,0.0,0.0,0.0,116.95,61.41,0,0.0,0,0,2026-09-08
NIFTY,2026-10-06,25700.0,PE,0.0,0.0,0.0,1563.65,1966.18,0,0.0,0,0,2026-09-08
NIFTY,2026-10-06,24950.0,PE,0.0,0.0,0.0,949.75,1273.89,0,0.0,0,0,2026-09-08
NIFTY,2026-10-06,24500.0,PE,750.0,750.0,750.0,750.0,750.0,2,3282500.0,390,130,2026-09-08
NIFTY,2026-10-06,24150.0,PE,0.0,0.0,0.0,455.15,654.73,0,0.0,0,0,2026-09-08
NIFTY,2026-10-06,23750.0,PE,231.95,251.1,219.25,246.45,246.45,63,98225832.25,2665,1170,2026-09-08
NIFTY,2026-09-08,22050.0,CE,0.0,0.0,0.0,2698.55,23635.1,0,0.0,0,0,2026-09-08
NIFTY,2026-09-08,23100.0,CE,604.55,631.3,459.95,528.25,23635.1,659,1014120659.5,18720,10465,2026-09-08
NIFTY,2026-09-08,24550.0,CE,1.0,1.05,0.05,0.2,23635.1,428316,683498120977.75,2258425,-106405,2026-09-08
NIFTY,2026-09-08,25500.0,CE,0.55,1.15,0.05,0.25,23635.1,261774,433895889930.75,1708590,-2254655,2026-09-08
NIFTY,2026-09-08,26350.0,CE,0.35,0.4,0.05,0.1,23635.1,13702,23468290313.0,174200,-38350,2026-09-08
NIFTY,2026-09-15,23400.0,CE,415.0,415.0,317.8,328.5,328.5,12856,19842437459.0,342160,148785,2026-09-08
NIFTY,2026-09-15,24000.0,CE,63.8,63.8,26.75,28.4,28.4,390481,610015671294.25,8268130,3429790,2026-09-08
NIFTY,2026-09-15,24350.0,CE,11.8,11.8,4.95,5.8,5.8,70995,112399449152.25,1448590,609050,2026-09-08
NIFTY,2026-09-15,26150.0,CE,1.65,1.65,0.75,1.0,1.0,789,1341150378.75,18460,10595,2026-09-08
NIFTY,2026-09-22,22450.0,CE,0.0,0.0,0.0,1865.4,1247.79,0,0.0,0,0,2026-09-08
NIFTY,2026-09-22,22500.0,CE,0.0,0.0,0.0,1461.1,1200.3,0,0.0,195,0,2026-09-08
NIFTY,2026-09-22,22650.0,CE,0.0,0.0,0.0,1681.55,1060.25,0,0.0,0,0,2026-09-08
NIFTY,2026-09-22,22850.0,CE,0.0,0.0,0.0,1503.15,880.97,0,0.0,0,0,2026-09-08
NIFTY,2026-09-22,23000.0,CE,772.0,788.75,738.55,748.55,748.55,41,63334264.5,1040,1040,2026-09-08
NIFTY,2026-09-22,23100.0,CE,0.0,0.0,0.0,1289.85,673.71,0,0.0,0,0,2026-09-08
NIFTY,2026-09-22,23150.0,CE,0.0,0.0,0.0,1248.7,635.06,0,0.0,0,0,2026-09-08
NIFTY,2026-09-22,23750.0,CE,198.95,209.0,162.7,170.9,170.9,4327,6731398076.0,111345,63180,2026-09-08
NIFTY,2026-09-22,23950.0,CE,110.05,116.8,87.55,91.65,91.65,3414,5336324812.0,119795,62335,2026-09-08
NIFTY,2026-09-22,24900.0,CE,6.05,6.7,4.55,5.3,5.3,4406,7132724966.25,126295,6565,2026-09-08
NIFTY,2026-09-22,25450.0,CE,3.0,3.9,3.0,3.75,3.75,44,72796509.5,5070,1365,2026-09-08
NIFTY,2026-09-22,25850.0,CE,0.0,0.0,0.0,2.65,0.59,0,0.0,520,0,2026-09-08
NIFTY,2026-09-22,25950.0,CE,1.85,2.75,1.85,2.75,2.75,21,35424600.25,910,260,2026-09-08
NIFTY,2026-09-29,22150.0,CE,1640.0,1650.0,1640.0,1650.0,1572.2,2,3093350.0,65,0,2026-09-08
NIFTY,2026-09-29,22250.0,CE,1550.0,1550.0,1500.0,1500.0,1476.95,3,4637750.0,65,-65,2026-09-08
NIFTY,2026-09-29,22400.0,CE,0.0,0.0,0.0,1485.0,1336.42,0,0.0,260,0,2026-09-08
NIFTY,2026-09-29,23250.0,CE,571.75,571.75,571.75,571.75,571.75,2,3096827.5,520,130,2026-09-08
NIFTY,2026-09-29,23550.0,CE,395.45,395.45,335.5,345.9,345.9,594,922937138.5,23400,10530,2026-09-08
NIFTY,2026-09-29,23800.0,CE,231.25,258.65,195.3,200.45,200.45,65493,102223550338.0,2201810,764595,2026-09-08
NIFTY,2026-09-29,25100.0,CE,11.0,11.0,8.05,8.55,8.55,7583,12376109174.0,565435,-75855,2026-09-08
NIFTY,2026-09-29,26150.0,CE,3.2,5.0,2.65,3.9,3.9,145,246499376.5,7930,3770,2026-09-08
NIFTY,2026-09-29,27050.0,CE,2.65,2.7,1.85,1.85,0.07,3,5275218.0,4160,65,2026-09-08
NIFTY,2026-10-06,22250.0,CE,0.0,0.0,0.0,1956.3,1516.2,0,0.0,0,0,2026-09-08
NIFTY,2026-10-06,22650.0,CE,0.0,0.0,0.0,1586.8,1161.21,0,0.0,0,0,2026-09-08
NIFTY,2026-10-06,23300.0,CE,0.0,0.0,0.0,1042.85,668.71,0,0.0,0,0,2026-09-08
NIFTY,2026-10-06,23900.0,CE,267.0,267.0,199.15,203.55,203.55,251,393403975.25,17030,5785,2026-09-08
NIFTY,2026-10-06,25400.0,CE,0.0,0.0,0.0,107.3,29.71,0,0.0,0,0,2026-09-08
NIFTY,2026-10-27,22050.0,CE,0.0,0.0,0.0,2377.1,1829.04,0,0.0,0,0,2026-09-08
NIFTY,2026-10-27,23000.0,CE,990.0,1000.0,932.0,945.15,945.15,1214,1890771145.25,104195,26585,2026-09-08
NIFTY,2026-10-27,23050.0,CE,0.0,0.0,0.0,1039.0,1019.63,0,0.0,65,0,2026-09-08
NIFTY,2026-10-27,25050.0,CE,43.95,45.8,38.4,39.5,39.5,522,851340798.75,29640,13650,2026-09-08
NIFTY,2026-10-27,25150.0,CE,0.0,0.0,0.0,479.95,138.38,0,0.0,0,0,2026-09-08
NIFTY,2026-10-27,25650.0,CE,18.75,18.75,18.75,18.75,18.75,1,1668468.75,13715,-65,2026-09-08
NIFTY,2026-10-27,27200.0,CE,4.95,5.35,4.45,5.2,6.13,57,100794346.25,6955,1235,2026-09-08
NIFTY,2026-11-23,22700.0,CE,0.0,0.0,0.0,2115.1,1458.82,0,0.0,0,0,2026-09-08
NIFTY,2026-11-23,23100.0,CE,0.0,0.0,0.0,1793.9,1174.88,0,0.0,0,0,2026-09-08
NIFTY,2026-11-23,23400.0,CE,0.0,0.0,0.0,1569.75,984.04,0,0.0,0,0,2026-09-08
NIFTY,2026-11-23,23450.0,CE,0.0,0.0,0.0,1533.6,954.15,0,0.0,0,0,2026-09-08
NIFTY,2026-11-23,23600.0,CE,690.0,694.05,653.55,660.25,660.25,137,216187393.5,5200,5070,2026-09-08
NIFTY,2026-11-23,24250.0,CE,336.75,339.9,314.15,319.5,319.5,12,19167859.75,5265,65,2026-09-08
NIFTY,2026-11-23,24600.0,CE,214.0,214.0,189.55,194.0,194.0,690,1112369251.5,35165,16770,2026-09-08
NIFTY,2026-11-23,25450.0,CE,0.0,0.0,0.0,479.65,200.76,0,0.0,0,0,2026-09-08
NIFTY,2026-11-23,25550.0,CE,0.0,0.0,0.0,446.95,182.55,0,0.0,0,0,2026-09-08
NIFTY,2026-12-29,16000.0,CE,8500.0,8500.0,8500.0,8500.0,7944.32,1,1592500.0,260,15,2026-09-08
NIFTY,2026-12-29,22500.0,CE,1768.0,1779.0,1700.1,1721.1,1721.1,87,137105387.25,18460,195,2026-09-08
NIFTY,2027-06-29,25500.0,CE,720.0,720.0,720.0,720.0,720.0,8,13634400.0,650,130,2026-09-08
NIFTY,2027-06-29,33000.0,CE,0.0,0.0,0.0,1122.75,35.57,0,0.0,0,0,2026-09-08
NIFTY,2027-12-28,33000.0,CE,72.0,73.0,65.0,68.0,188.34,20,42990285.0,6435,325,2026-09-08
NIFTY,2026-10-06,23250.0,PE,0.0,0.0,0.0,141.3,213.14,0,0.0,0,0,2026-09-08
NIFTY,2028-06-27,19500.0,CE,0.0,0.0,0.0,9209.1,6395.3,0,0.0,0,0,2026-09-08
NIFTY,2029-06-26,18000.0,CE,0.0,0.0,0.0,11678.65,8666.05,0,0.0,0,0,2026-09-08
NIFTY,2029-06-26,21000.0,CE,0.0,0.0,0.0,9799.75,6425.52,0,0.0,0,0,2026-09-08
NIFTY,2029-06-26,33000.0,CE,0.0,0.0,0.0,4179.45,1177.3,0,0.0,0,0,2026-09-08
NIFTY,2029-12-24,16500.0,CE,0.0,0.0,0.0,12984.85,10303.2,0,0.0,0,0,2026-09-08
NIFTY,2029-12-24,28500.0,CE,0.0,0.0,0.0,4802.1,2960.91,0,0.0,0,0,2026-09-08
NIFTY,2027-03-30,30000.0,PE,0.0,0.0,0.0,4575.0,5378.34,0,0.0,3120,0,2026-09-08
NIFTY,2027-03-30,31500.0,PE,0.0,0.0,0.0,7066.15,6789.86,0,0.0,0,0,2026-09-08
NIFTY,2027-06-29,24000.0,PE,619.5,650.0,615.15,645.9,949.41,24,38434009.25,28665,-130,2026-09-08
NIFTY,2026-12-29,19500.0,PE,27.5,29.5,26.5,27.95,27.95,94,119312735.75,157820,975,2026-09-08
NIFTY,2026-12-29,25000.0,PE,1050.0,1076.9,1008.0,1057.25,1057.25,2982,5049053405.5,1977540,-5580,2026-09-08
NIFTY,2026-12-29,28500.0,PE,0.0,0.0,0.0,3320.25,4339.46,0,0.0,130,0,2026-09-08
NIFTY,2027-06-29,31500.0,PE,0.0,0.0,0.0,3604.7,6370.82,0,0.0,0,0,2026-09-08
NIFTY,2030-06-25,18000.0,CE,0.0,0.0,0.0,12423.9,9612.93,0,0.0,0,0,2026-09-08
NIFTY,2030-06-25,31500.0,CE,0.0,0.0,0.0,3984.8,2466.04,0,0.0,0,0,2026-09-08
NIFTY,2030-12-31,16500.0,CE,0.0,0.0,0.0,13763.55,11155.73,0,0.0,0,0,2026-09-08
NIFTY,2030-12-31,28500.0,CE,0.0,0.0,0.0,5968.3,4069.27,0,0.0,0,0,2026-09-08
NIFTY,2031-06-24,31500.0,CE,0.0,0.0,0.0,3928.35,3458.81,0,0.0,0,0,2026-09-08
NIFTY,2026-09-08,22400.0,PE,0.4,0.55,0.05,0.05,23635.1,81575,118774760035.75,1178450,-92690,2026-09-08
NIFTY,2026-09-08,22450.0,PE,0.6,0.6,0.05,0.1,23635.1,25182,36747278886.5,257205,17160,2026-09-08
NIFTY,2026-09-08,22700.0,PE,0.9,0.9,0.05,0.05,23635.1,249792,368573801979.5,2526550,925795,2026-09-08
NIFTY,2026-09-08,22950.0,PE,0.6,0.75,0.05,0.15,23635.1,292310,436059648687.0,1767155,702715,2026-09-08
NIFTY,2026-09-08,23650.0,PE,14.3,95.95,8.0,36.6,23635.1,28097532,43248496673609.5,8540610,878605,2026-09-08
NIFTY,2026-09-08,25650.0,PE,0.0,0.0,0.0,1825.0,23635.1,0,0.0,455,0,2026-09-08
NIFTY,2027-12-28,15000.0,PE,0.0,0.0,0.0,21.7,1.49,0,0.0,755,0,2026-09-08
NIFTY,2027-12-28,22000.0,PE,324.0,336.0,321.0,330.0,330.0,52,75470755.75,53405,260,2026-09-08
NIFTY,2028-06-27,21000.0,PE,300.0,300.0,300.0,300.0,316.7,2,2769000.0,0,-130,2026-09-08
NIFTY,2028-12-26,18000.0,PE,0.0,0.0,0.0,250.0,78.66,0,0.0,75,0,2026-09-08
NIFTY,2026-09-15,22050.0,PE,2.65,3.35,1.9,2.3,2.3,37075,53143430515.5,819520,819520,2026-09-08
NIFTY,2026-09-15,22150.0,PE,2.95,3.35,2.3,2.8,2.8,24384,35111313601.0,1074255,16380,2026-09-08
NIFTY,2026-09-15,22200.0,PE,2.8,3.55,2.4,2.9,2.9,69745,100655547424.25,2246205,1462500,2026-09-08
NIFTY,2026-09-15,23050.0,PE,10.8,10.8,8.1,8.95,8.95,38556,57789632104.75,748410,423930,2026-09-08
NIFTY,2026-09-15,23500.0,PE,49.45,63.65,42.3,55.0,55.0,336437,515097876978.75,4563845,1278355,2026-09-08
NIFTY,2026-09-15,23900.0,PE,221.95,267.5,203.7,251.45,251.45,83532,131065800700.25,2030990,-365235,2026-09-08
NIFTY,2026-09-15,24050.0,PE,312.45,390.7,312.45,371.3,371.3,2185,3467110387.0,118105,8840,2026-09-08
NIFTY,2026-09-15,24950.0,PE,0.0,0.0,0.0,689.2,1288.52,0,0.0,0,0,2026-09-08
NIFTY,2026-09-15,25850.0,PE,0.0,0.0,0.0,1345.95,2186.07,0,0.0,0,0,2026-09-08
NIFTY,2026-09-22,24100.0,PE,367.75,438.65,367.75,429.45,429.45,308,490748709.75,103220,1950,2026-09-08
NIFTY,2026-09-22,24200.0,PE,482.7,524.3,458.1,509.8,509.8,921,1478585468.75,86385,-910,2026-09-08
NIFTY,2026-09-22,24550.0,PE,0.0,0.0,0.0,548.5,907.48,0,0.0,65,0,2026-09-08
NIFTY,2026-09-22,25150.0,PE,0.0,0.0,0.0,1035.2,1466.88,0,0.0,0,0,2026-09-08
NIFTY,2026-09-29,18000.0,PE,1.5,2.55,1.45,1.7,1.7,1717,2009060426.75,873470,-87100,2026-09-08
NIFTY,2026-09-29,23300.0,PE,68.9,87.35,66.1,80.85,80.85,22629,34386211414.75,1985490,64675,2026-09-08
NIFTY,2026-09-29,23850.0,PE,250.0,294.6,241.2,279.3,279.3,2942,4612119632.25,152880,-23725,2026-09-08
NIFTY,2026-09-29,24350.0,PE,609.95,653.0,592.15,643.4,643.4,275,446313812.75,344955,-2665,2026-09-08
NIFTY,2030-06-25,33000.0,PE,0.0,0.0,0.0,3143.9,4334.9,0,0.0,0,0,2026-09-08
NIFTY,2030-06-25,19500.0,PE,0.0,0.0,0.0,64.95,217.89,0,0.0,0,0,2026-09-08
NIFTY,2030-06-25,16500.0,PE,0.0,0.0,0.0,12.0,54.89,0,0.0,0,0,2026-09-08
NIFTY,2029-06-26,31500.0,PE,0.0,0.0,0.0,2443.35,4234.45,0,0.0,0,0,2026-09-08
NIFTY,2029-06-26,21000.0,PE,0.0,0.0,0.0,320.25,364.81,0,0.0,0,0,2026-09-08
NIFTY,2028-12-26,33000.0,PE,0.0,0.0,0.0,3315.4,5659.89,0,0.0,0,0,2026-09-08
NIFTY,2028-12-26,25000.0,PE,0.0,0.0,0.0,970.0,1307.08,0,0.0,9635,0,2026-09-08
NIFTY,2026-10-06,23100.0,PE,0.0,0.0,0.0,111.4,168.3,0,0.0,0,0,2026-09-08
NIFTY,2026-10-06,22750.0,PE,0.0,0.0,0.0,60.6,91.2,0,0.0,0,0,2026-09-08
NIFTY,2026-09-29,25150.0,PE,0.0,0.0,0.0,880.05,1456.02,0,0.0,1365,0,2026-09-08
NIFTY,2026-09-29,25350.0,PE,0.0,0.0,0.0,850.0,1645.58,0,0.0,1040,0,2026-09-08
NIFTY,2026-09-29,26700.0,PE,0.0,0.0,0.0,2560.85,2975.9,0,0.0,0,0,2026-09-08
NIFTY,2026-09-08,23900.0,CE,9.9,14.9,0.05,1.05,23635.1,7186672,11166065179659.0,7552740,-9445345,2026-09-08
NIFTY,2026-09-08,24750.0,CE,0.35,1.4,0.05,0.45,23635.1,336877,541961040565.75,2768285,-198250,2026-09-08
NIFTY,2026-09-08,24800.0,CE,0.8,0.9,0.05,0.25,23635.1,666490,1074401650832.25,4073420,-3688880,2026-09-08
NIFTY,2026-09-08,24900.0,CE,0.65,0.95,0.05,0.25,23635.1,244087,395061251568.75,1795495,-712790,2026-09-08
NIFTY,2026-09-08,24950.0,CE,0.5,1.05,0.05,0.3,23635.1,213433,346140392728.0,1398735,-79820,2026-09-08
NIFTY,2026-09-08,25200.0,CE,0.35,10.0,0.05,0.75,23635.1,385628,631667678733.0,3850405,-668525,2026-09-08
NIFTY,2026-09-08,25300.0,CE,0.3,3.1,0.05,1.0,23635.1,223257,367154129589.0,2634970,678925,2026-09-08
NIFTY,2026-09-08,25650.0,CE,0.7,2.5,0.05,0.8,23635.1,40275,67149628510.25,339885,58175,2026-09-08
NIFTY,2026-09-08,25800.0,CE,0.45,0.65,0.05,0.2,23635.1,48133,80719838004.0,397150,-91390,2026-09-08
NIFTY,2026-09-15,23550.0,CE,264.6,270.45,203.0,214.15,214.15,22409,34635459352.0,249990,227695,2026-09-08
NIFTY,2026-09-15,23650.0,CE,200.05,200.05,140.75,150.95,150.95,183588,284150946930.5,2350920,2283710,2026-09-08
NIFTY,2026-09-15,23750.0,CE,155.0,155.0,92.6,99.6,99.6,160890,249544772681.75,2129660,1014780,2026-09-08
NIFTY,2026-09-15,23800.0,CE,135.0,135.0,73.25,79.1,79.1,456545,708972891396.25,5837260,1995435,2026-09-08
NIFTY,2026-09-15,24400.0,CE,9.0,9.05,4.25,4.9,4.9,195541,310201581660.75,4735380,2734095,2026-09-08
NIFTY,2026-09-15,24700.0,CE,4.5,4.5,2.6,3.0,3.0,156724,251653339996.5,2601040,1067235,2026-09-08
NIFTY,2026-09-15,25300.0,CE,2.0,2.05,1.25,1.5,1.5,116970,192368638432.75,2664545,766740,2026-09-08
NIFTY,2026-09-15,25900.0,CE,1.1,1.2,0.75,1.0,1.0,37754,63561143681.75,709865,-4810,2026-09-08
NIFTY,2026-09-15,25950.0,CE,1.2,1.2,0.8,1.05,1.05,1308,2206353318.0,26260,11830,2026-09-08
NIFTY,2026-09-22,22050.0,CE,1700.0,1700.0,1700.0,1700.0,1636.94,1,1543750.0,65,65,2026-09-08
NIFTY,2026-09-22,22600.0,CE,0.0,0.0,0.0,1727.05,1106.48,0,0.0,0,0,2026-09-08
NIFTY,2026-09-22,22750.0,CE,0.0,0.0,0.0,1591.55,969.37,0,0.0,0,0,2026-09-08
NIFTY,2026-09-22,23600.0,CE,288.0,303.0,245.05,253.7,253.7,3710,5755856502.5,85865,73060,2026-09-08
NIFTY,2026-09-22,23850.0,CE,151.7,157.25,118.85,124.45,124.45,6911,10772528991.25,222690,136695,2026-09-08
NIFTY,2026-09-22,24500.0,CE,21.05,21.05,12.15,13.6,13.6,29580,47133555680.25,984230,458380,2026-09-08
NIFTY,2026-09-22,24750.0,CE,0.0,0.0,0.0,300.7,27.51,0,0.0,0,0,2026-09-08
NIFTY,2026-09-22,24950.0,CE,4.75,4.75,4.75,4.75,4.75,9,14598528.75,585,585,2026-09-08
NIFTY,2026-09-22,25100.0,CE,4.25,4.95,3.35,4.15,4.15,1013,1652993865.25,75075,4095,2026-09-08
NIFTY,2026-09-22,26100.0,CE,1.6,2.5,1.6,2.15,2.15,83,140820527.25,7475,3770,2026-09-08
NIFTY,2026-09-29,22050.0,CE,0.0,0.0,0.0,1870.0,1668.45,0,0.0,65,0,2026-09-08
NIFTY,2026-09-29,22650.0,CE,0.0,0.0,0.0,1361.2,1110.53,0,0.0,195,0,2026-09-08
NIFTY,2026-09-29,23050.0,CE,762.0,762.0,748.0,748.0,780.74,2,3094650.0,390,130,2026-09-08
NIFTY,2026-09-29,23300.0,CE,560.0,582.55,517.0,528.15,528.15,992,1537644465.5,52260,35230,2026-09-08
NIFTY,2026-09-29,23600.0,CE,380.0,380.0,303.25,311.2,311.2,16007,24892200823.75,328445,247715,2026-09-08
NIFTY,2026-09-29,24050.0,CE,129.0,129.0,101.15,106.75,106.75,5717,8979344595.0,239330,-8515,2026-09-08
NIFTY,2026-09-29,24450.0,CE,49.8,49.8,32.0,33.9,33.9,4485,7138107031.25,220350,5525,2026-09-08
NIFTY,2026-09-29,25150.0,CE,10.1,10.8,7.6,8.2,8.2,1501,2454575327.75,80990,-33605,2026-09-08
NIFTY,2026-09-29,26300.0,CE,3.25,6.9,2.6,3.35,3.35,858,1466932522.25,140465,-18785,2026-09-08
NIFTY,2026-09-29,26950.0,CE,2.0,2.25,1.2,2.25,0.1,40,70074871.75,2795,-65,2026-09-08
NIFTY,2026-09-29,33000.0,CE,2.0,2.0,0.6,1.0,0.0,55,117978341.0,36465,-1170,2026-09-08
NIFTY,2026-10-06,22600.0,CE,0.0,0.0,0.0,1631.85,1203.87,0,0.0,0,0,2026-09-08
NIFTY,2026-10-06,23050.0,CE,0.0,0.0,0.0,1241.5,843.85,0,0.0,0,0,2026-09-08
NIFTY,2026-10-06,24050.0,CE,166.95,166.95,145.0,145.0,283.13,21,33043045.75,2990,65,2026-09-08
NIFTY,2026-10-27,23500.0,CE,602.05,615.0,553.2,565.8,565.8,3136,4908205727.75,172965,59995,2026-09-08
NIFTY,2026-10-27,24250.0,CE,204.6,205.85,179.9,183.2,183.2,277,440122718.75,16445,585,2026-09-08
NIFTY,2026-10-27,25350.0,CE,0.0,0.0,0.0,417.4,107.54,0,0.0,0,0,2026-09-08
NIFTY,2026-10-27,26200.0,CE,0.0,0.0,0.0,219.35,32.48,0,0.0,0,0,2026-09-08
NIFTY,2026-10-27,26650.0,CE,0.0,0.0,0.0,5.75,15.87,0,0.0,845,0,2026-09-08
NIFTY,2026-11-23,22750.0,CE,0.0,0.0,0.0,2073.75,1421.64,0,0.0,0,0,2026-09-08
NIFTY,2026-11-23,23550.0,CE,0.0,0.0,0.0,1461.75,896.05,0,0.0,0,0,2026-09-08
NIFTY,2026-11-23,23750.0,CE,0.0,0.0,0.0,1325.6,786.63,0,0.0,0,0,2026-09-08
NIFTY,2026-11-23,23950.0,CE,488.7,489.0,454.35,456.3,456.3,99,157157536.25,3770,780,2026-09-08
NIFTY,2026-11-23,25400.0,CE,0.0,0.0,0.0,496.65,210.41,0,0.0,0,0,2026-09-08
NIFTY,2026-11-23,25600.0,CE,0.0,0.0,0.0,431.25,173.96,0,0.0,0,0,2026-09-08
NIFTY,2026-11-23,25650.0,CE,0.0,0.0,0.0,415.95,165.71,0,0.0,0,0,2026-09-08
NIFTY,2026-12-29,16500.0,CE,0.0,0.0,0.0,10405.0,7453.99,0,0.0,0,0,2026-09-08
NIFTY,2026-12-29,19000.0,CE,5099.95,5100.0,4977.0,4984.85,4984.85,150,234248166.75,60675,-3380,2026-09-08
NIFTY,2027-03-30,19500.0,CE,0.0,0.0,0.0,4365.4,4839.62,0,0.0,0,0,2026-09-08
NIFTY,2027-03-30,33000.0,CE,10.25,16.5,10.25,16.45,16.45,59,126605453.0,5980,1625,2026-09-08
NIFTY,2027-12-28,18000.0,CE,0.0,0.0,0.0,6285.7,7102.76,0,0.0,0,0,2026-09-08
NIFTY,2028-06-27,24000.0,CE,0.0,0.0,0.0,3918.85,3239.58,0,0.0,0,0,2026-09-08
NIFTY,2028-06-27,30000.0,CE,0.0,0.0,0.0,2278.45,939.28,0,0.0,0,0,2026-09-08
NIFTY,2028-12-26,22500.0,CE,0.0,0.0,0.0,7382.9,4811.44,0,0.0,0,0,2026-09-08
NIFTY,2028-12-26,31500.0,CE,601.0,601.0,601.0,601.0,1062.28,2,4173130.0,585,0,2026-09-08
NIFTY,2029-06-26,31500.0,CE,0.0,0.0,0.0,2878.65,1507.97,0,0.0,0,0,2026-09-08
NIFTY,2029-12-24,24000.0,CE,0.0,0.0,0.0,7729.0,5101.52,0,0.0,65,0,2026-09-08
NIFTY,2029-12-24,33000.0,CE,0.0,0.0,0.0,3816.05,1598.78,0,0.0,0,0,2026-09-08
NIFTY,2030-12-31,18000.0,CE,0.0,0.0,0.0,12674.15,10077.29,0,0.0,0,0,2026-09-08
NIFTY,2026-09-08,23050.0,PE,0.55,0.75,0.05,0.2,23635.1,381879,572160673129.5,1588535,575380,2026-09-08
NIFTY,2026-09-08,23450.0,PE,1.85,3.5,0.05,1.0,23635.1,4447070,6778916064501.75,6264765,1837810,2026-09-08
NIFTY,2026-09-08,23550.0,PE,5.0,16.65,0.05,4.9,23635.1,15564615,23831716668175.0,10629840,5998655,2026-09-08
NIFTY,2026-09-08,24050.0,PE,280.0,491.65,280.0,416.1,23635.1,21821,34639730138.0,299910,-344955,2026-09-08
NIFTY,2026-09-08,24450.0,PE,740.7,873.0,730.0,821.05,23635.1,641,1051279833.5,61165,-6110,2026-09-08
NIFTY,2026-09-08,25050.0,PE,1320.0,1320.0,1320.0,1320.0,23635.1,1,1714050.0,1235,0,2026-09-08
NIFTY,2026-09-08,25500.0,PE,1800.0,1899.1,1795.0,1852.45,23635.1,904,1605867360.5,17225,-41600,2026-09-08
NIFTY,2026-09-08,26100.0,PE,0.0,0.0,0.0,1439.9,23635.1,0,0.0,0,0,2026-09-08
NIFTY,2026-09-15,22250.0,PE,2.95,3.45,2.45,3.0,3.0,8564,12387355399.25,174785,156975,2026-09-08
NIFTY,2026-09-15,22450.0,PE,3.85,4.15,2.8,3.3,3.3,6446,9407779436.25,107380,65520,2026-09-08
NIFTY,2026-09-15,23700.0,PE,103.3,140.9,98.5,127.55,127.55,505665,783009875137.75,3870555,2383550,2026-09-08
NIFTY,2026-09-15,24000.0,PE,279.8,349.1,274.6,330.75,330.75,65537,103589554438.5,2682940,-64545,2026-09-08
NIFTY,2026-09-15,24200.0,PE,431.25,526.05,431.25,510.85,510.85,8149,13079226176.25,661960,170170,2026-09-08
NIFTY,2026-09-15,24700.0,PE,947.8,1017.45,945.0,1002.85,1002.85,272,454060863.75,40365,10140,2026-09-08
NIFTY,2026-09-15,25700.0,PE,0.0,0.0,0.0,1223.4,2036.24,0,0.0,0,0,2026-09-08
NIFTY,2026-09-15,25800.0,PE,1950.0,2095.2,1950.0,2095.0,2136.12,6,10868994.5,650,325,2026-09-08
NIFTY,2026-09-15,25900.0,PE,0.0,0.0,0.0,1387.75,2236.01,0,0.0,0,0,2026-09-08
NIFTY,2026-09-15,26100.0,PE,0.0,0.0,0.0,1559.2,2435.78,0,0.0,0,0,2026-09-08
NIFTY,2026-09-22,22250.0,PE,5.0,7.4,4.9,6.65,6.65,77,111392596.25,2340,2340,2026-09-08
NIFTY,2026-09-22,22600.0,PE,8.55,11.2,8.0,10.5,10.5,1380,2028116759.5,37050,12350,2026-09-08
NIFTY,2026-09-22,23300.0,PE,47.65,60.75,44.3,54.55,54.55,16353,24824349806.75,698295,555100,2026-09-08
NIFTY,2026-09-22,23450.0,PE,79.3,92.75,73.2,84.2,84.2,2070,3166455812.0,85150,23530,2026-09-08
NIFTY,2026-09-22,23900.0,PE,240.0,298.45,240.0,283.2,283.2,3005,4721004544.75,249990,5655,2026-09-08
NIFTY,2026-09-22,24300.0,PE,575.0,605.45,555.75,596.5,596.5,229,370430381.75,31200,2015,2026-09-08
NIFTY,2026-09-22,25900.0,PE,0.0,0.0,0.0,1658.45,2207.63,0,0.0,0,0,2026-09-08
NIFTY,2026-09-22,26000.0,PE,0.0,0.0,0.0,1748.6,2307.24,0,0.0,0,0,2026-09-08
NIFTY,2026-09-29,15000.0,PE,0.85,1.7,0.85,1.35,1.35,274,267171875.75,86125,1300,2026-09-08
NIFTY,2026-09-29,21900.0,PE,9.0,10.3,8.65,10.0,10.0,1452,2067805847.25,168870,-715,2026-09-08
NIFTY,2026-09-29,22500.0,PE,14.95,17.15,13.8,16.5,16.5,13846,20263893490.75,2255955,-22555,2026-09-08
NIFTY,2026-09-29,22650.0,PE,17.5,21.0,16.75,20.15,20.15,1101,1622318366.5,54340,12350,2026-09-08
NIFTY,2026-09-29,26950.0,PE,0.0,0.0,0.0,2780.25,3224.91,0,0.0,0,0,2026-09-08
NIFTY,2026-09-29,27000.0,PE,3189.0,3263.8,3175.0,3241.75,3241.75,1386,2722325141.25,1522785,-14365,2026-09-08
NIFTY,2026-09-29,31500.0,PE,0.0,0.0,0.0,4341.2,7759.6,0,0.0,0,0,2026-09-08
NIFTY,2026-10-06,22600.0,PE,0.0,0.0,0.0,45.55,68.1,0,0.0,0,0,2026-09-08
NIFTY,2026-10-06,22900.0,PE,38.65,46.85,38.65,46.2,46.2,43,64131980.25,1820,1430,2026-09-08
NIFTY,2026-10-06,23650.0,PE,222.8,222.8,196.5,208.25,208.25,50,77522282.5,2405,2405,2026-09-08
NIFTY,2026-10-06,24250.0,PE,0.0,0.0,0.0,505.9,722.0,0,0.0,0,0,2026-09-08
NIFTY,2026-10-27,22400.0,PE,38.6,43.8,38.6,42.7,42.7,550,802292052.25,55055,8905,2026-09-08
NIFTY,2026-10-27,24100.0,PE,461.05,495.5,443.15,483.85,483.85,1097,1752218799.5,213525,28145,2026-09-08
NIFTY,2026-10-27,24150.0,PE,498.0,518.3,476.6,507.0,507.0,59,94530517.25,22425,-2210,2026-09-08
NIFTY,2026-10-27,25050.0,PE,1161.25,1161.25,1161.25,1161.25,1358.24,1,1703731.25,325,0,2026-09-08
NIFTY,2026-10-27,25250.0,PE,0.0,0.0,0.0,883.6,1522.39,0,0.0,130,0,2026-09-08
NIFTY,2026-10-27,26900.0,PE,0.0,0.0,0.0,2631.85,3046.61,0,0.0,0,0,2026-09-08
NIFTY,2026-11-23,22350.0,PE,0.0,0.0,0.0,96.65,152.46,0,0.0,0,0,2026-09-08
NIFTY,2026-11-23,23000.0,PE,147.9,156.05,136.35,147.75,147.75,2442,3674124291.5,359060,-3965,2026-09-08
NIFTY,2026-11-23,23200.0,PE,183.1,195.65,175.45,187.95,187.95,131,199126330.0,16120,3445,2026-09-08
NIFTY,2026-11-23,23300.0,PE,206.05,216.0,199.0,216.0,216.0,62,94728591.75,2535,1300,2026-09-08
NIFTY,2026-11-23,23350.0,PE,0.0,0.0,0.0,274.9,422.2,0,0.0,65,0,2026-09-08
NIFTY,2026-11-23,24150.0,PE,529.9,546.0,503.15,546.0,792.04,30,48109480.25,2925,-1625,2026-09-08
NIFTY,2026-11-23,24400.0,PE,670.0,692.0,660.0,685.0,685.0,21,34229260.0,13910,390,2026-09-08
NIFTY,2026-11-23,25100.0,PE,0.0,0.0,0.0,1027.25,1411.88,0,0.0,130,0,2026-09-08
NIFTY,2026-11-23,25350.0,PE,0.0,0.0,0.0,1152.95,1601.83,0,0.0,0,0,2026-09-08
NIFTY,2026-11-23,26000.0,PE,1980.0,2023.2,1980.0,2023.2,2139.41,8,14560867.75,5330,195,2026-09-08
NIFTY,2027-03-30,16500.0,PE,0.0,0.0,0.0,20.25,0.27,0,0.0,1560,0,2026-09-08
NIFTY,2027-06-29,19000.0,PE,56.25,90.0,56.25,90.0,34.27,7,8681582.0,940,-195,2026-09-08
NIFTY,2027-06-29,19500.0,PE,0.0,0.0,0.0,17.3,54.75,0,0.0,0,0,2026-09-08
NIFTY,2027-12-28,18000.0,PE,58.1,92.0,58.1,80.25,80.25,174,204573167.5,14000,2085,2026-09-08
NIFTY,2027-12-28,19000.0,PE,100.0,114.0,100.0,105.0,75.85,22,27320611.5,10170,845,2026-09-08
NIFTY,2027-12-28,20000.0,PE,160.05,167.45,150.0,157.7,157.7,88,115288988.75,61520,3055,2026-09-08
NIFTY,2028-06-27,28500.0,PE,0.0,0.0,0.0,1560.85,3098.22,0,0.0,0,0,2026-09-08
NIFTY,2028-12-26,22000.0,PE,464.95,465.0,464.95,465.0,465.0,3,4380671.75,8760,65,2026-09-08
NIFTY,2030-12-31,30000.0,PE,0.0,0.0,0.0,1450.1,2655.11,0,0.0,0,0,2026-09-08
NIFTY,2031-06-24,24000.0,PE,0.0,0.0,0.0,933.85,809.91,0,0.0,65,0,2026-09-08
NIFTY,2031-06-24,25500.0,PE,0.0,0.0,0.0,1262.85,1125.16,0,0.0,0,0,2026-09-08
NIFTY,2031-06-24,28500.0,PE,0.0,0.0,0.0,2104.2,1953.86,0,0.0,0,0,2026-09-08
NIFTY,2031-06-24,30000.0,PE,0.0,0.0,0.0,2616.25,2467.79,0,0.0,0,0,2026-09-08
NIFTY,2026-09-08,22250.0,CE,0.0,0.0,0.0,2503.15,23635.1,0,0.0,0,0,2026-09-08
NIFTY,2026-10-27,26100.0,PE,0.0,0.0,0.0,1960.3,2280.79,0,0.0,0,0,2026-09-08
NIFTY,2026-09-08,23800.0,CE,29.9,36.0,0.05,2.7,23635.1,13914745,21534440334888.0,11780860,-5334095,2026-09-08
NIFTY,2026-10-06,25250.0,CE,0.0,0.0,0.0,133.2,40.05,0,0.0,0,0,2026-09-08
NIFTY,2026-10-27,22650.0,CE,0.0,0.0,0.0,1882.95,1319.61,0,0.0,0,0,2026-09-08
NIFTY,2026-09-29,25850.0,PE,0.0,0.0,0.0,1859.75,2132.45,0,0.0,0,0,2026-09-08
NIFTY,2026-09-29,21600.0,CE,2188.0,2190.0,2138.15,2140.75,2140.75,97,149890718.25,45305,-5525,2026-09-08
NIFTY,2026-09-29,21950.0,CE,1800.0,1800.0,1800.0,1800.0,1765.5,2,3087500.0,130,0,2026-09-08
NIFTY,2026-09-29,22850.0,CE,0.0,0.0,0.0,1575.95,939.87,0,0.0,325,0,2026-09-08
NIFTY,2026-09-29,23100.0,CE,722.95,732.7,689.6,697.9,697.9,174,269184412.25,6630,1560,2026-09-08
NIFTY,2026-09-29,24300.0,CE,75.25,75.25,49.0,52.2,52.2,43438,68765804562.0,4739475,143520,2026-09-08
NIFTY,2026-09-29,25950.0,CE,3.85,4.65,3.85,4.4,4.4,164,276672581.25,44330,-4680,2026-09-08
NIFTY,2026-10-06,22100.0,CE,0.0,0.0,0.0,2099.1,1655.92,0,0.0,0,0,2026-09-08
NIFTY,2026-09-29,21000.0,CE,2834.6,2834.6,2726.35,2735.1,2735.1,427,659573687.5,520195,4355,2026-09-08
NIFTY,2026-09-22,25750.0,CE,0.0,0.0,0.0,3.9,0.89,0,0.0,780,0,2026-09-08
NIFTY,2026-09-22,25000.0,CE,5.5,5.7,4.25,4.8,4.8,7101,11541433348.25,231595,54925,2026-09-08
NIFTY,2026-09-22,24800.0,CE,6.6,7.85,5.3,6.3,6.3,8361,13481664098.5,175695,6110,2026-09-08
NIFTY,2026-10-27,23250.0,CE,0.0,0.0,0.0,1441.3,884.53,0,0.0,0,0,2026-09-08
NIFTY,2026-10-27,23650.0,CE,498.75,498.95,459.5,466.1,466.1,194,304192018.0,6370,5720,2026-09-08
NIFTY,2026-10-27,24100.0,CE,290.0,290.0,233.8,239.2,239.2,3858,6106489902.5,321750,8775,2026-09-08
NIFTY,2026-10-27,24600.0,CE,124.55,124.65,91.8,94.55,94.55,4564,7327695404.25,211445,22035,2026-09-08
NIFTY,2026-10-27,26450.0,CE,7.5,8.05,7.4,8.05,21.97,56,96305693.25,1040,1040,2026-09-08
NIFTY,2026-11-23,22300.0,CE,0.0,0.0,0.0,2456.95,1772.21,0,0.0,0,0,2026-09-08
NIFTY,2026-11-23,24300.0,CE,314.8,322.6,292.0,297.3,297.3,695,1111546904.0,31525,5980,2026-09-08
NIFTY,2026-11-23,24800.0,CE,156.7,161.15,140.9,145.05,145.05,914,1482411219.25,45760,7735,2026-09-08
NIFTY,2026-11-23,25300.0,CE,0.0,0.0,0.0,532.0,230.82,0,0.0,0,0,2026-09-08
NIFTY,2026-11-23,25900.0,CE,0.0,0.0,0.0,345.7,129.15,0,0.0,0,0,2026-09-08
NIFTY,2026-12-29,19500.0,CE,0.0,0.0,0.0,7586.85,4517.13,0,0.0,0,0,2026-09-08
NIFTY,2026-09-29,24450.0,PE,683.85,750.0,679.3,733.3,733.3,164,268328115.25,93080,-6240,2026-09-08
NIFTY,2026-10-06,22300.0,CE,0.0,0.0,0.0,1909.15,1470.31,0,0.0,0,0,2026-09-08
NIFTY,2026-10-06,22350.0,CE,0.0,0.0,0.0,1862.2,1424.79,0,0.0,0,0,2026-09-08
NIFTY,2026-09-22,24100.0,CE,81.55,81.55,51.25,55.05,55.05,19728,30977287441.75,810680,484185,2026-09-08
NIFTY,2026-09-22,23800.0,CE,191.2,191.2,140.05,146.15,146.15,18418,28682377831.25,642720,415805,2026-09-08
NIFTY,2026-09-22,23650.0,CE,258.9,268.6,215.4,224.2,224.2,3251,5047243162.0,97435,96070,2026-09-08
NIFTY,2026-09-22,23250.0,CE,545.8,545.8,500.1,513.75,513.75,19,29359547.75,585,520,2026-09-08
NIFTY,2026-09-22,22950.0,CE,0.0,0.0,0.0,1416.4,795.49,0,0.0,0,0,2026-09-08
NIFTY,2026-09-22,22200.0,CE,0.0,0.0,0.0,2101.25,1489.56,0,0.0,0,0,2026-09-08
NIFTY,2026-12-29,25500.0,CE,145.05,150.7,126.45,129.2,129.2,8611,14346873323.25,1425125,60970,2026-09-08
NIFTY,2027-03-30,21000.0,CE,0.0,0.0,0.0,3711.0,3486.01,0,0.0,6695,0,2026-09-08
NIFTY,2027-03-30,30000.0,CE,22.85,23.4,21.55,22.3,22.3,244,476161403.25,139555,4355,2026-09-08
NIFTY,2027-06-29,16500.0,CE,0.0,0.0,0.0,10867.2,7960.75,0,0.0,0,0,2026-09-08
NIFTY,2027-06-29,19500.0,CE,0.0,0.0,0.0,8143.4,5163.65,0,0.0,0,0,2026-09-08
NIFTY,2027-12-28,21000.0,CE,0.0,0.0,0.0,4902.4,4571.53,0,0.0,0,0,2026-09-08
NIFTY,2028-06-27,27000.0,CE,0.0,0.0,0.0,1935.0,1821.6,0,0.0,65,0,2026-09-08
NIFTY,2029-06-26,25500.0,CE,0.0,0.0,0.0,5917.35,3706.23,0,0.0,0,0,2026-09-08
NIFTY,2029-12-24,21000.0,CE,0.0,0.0,0.0,9463.95,6978.85,0,0.0,0,0,2026-09-08
NIFTY,2030-12-31,19500.0,CE,0.0,0.0,0.0,11601.15,9036.89,0,0.0,0,0,2026-09-08
NIFTY,2030-12-31,25500.0,CE,0.0,0.0,0.0,7639.65,5445.54,0,0.0,0,0,2026-09-08
NIFTY,2031-06-24,18000.0,CE,0.0,0.0,0.0,10825.95,10491.85,0,0.0,0,0,2026-09-08
NIFTY,2031-06-24,30000.0,CE,0.0,0.0,0.0,4459.9,3987.68,0,0.0,0,0,2026-09-08
NIFTY,2026-09-08,22200.0,PE,0.4,0.5,0.05,0.1,23635.1,52897,76331243397.5,634530,-276900,2026-09-08
NIFTY,2026-09-08,22500.0,PE,0.5,0.55,0.05,0.1,23635.1,387953,567389370596.75,6467500,-486005,2026-09-08
NIFTY,2026-09-08,22550.0,PE,0.5,0.55,0.05,0.05,23635.1,46099,67570367306.0,335270,77285,2026-09-08
NIFTY,2026-09-08,24950.0,PE,1279.55,1284.0,1254.75,1284.0,23635.1,5,8522010.25,1235,-195,2026-09-08
NIFTY,2026-09-08,25450.0,PE,0.0,0.0,0.0,1493.35,23635.1,0,0.0,650,0,2026-09-08
NIFTY,2026-09-08,25950.0,PE,0.0,0.0,0.0,1315.0,23635.1,0,0.0,0,0,2026-09-08
NIFTY,2026-09-08,26250.0,PE,0.0,0.0,0.0,1568.65,23635.1,0,0.0,0,0,2026-09-08
NIFTY,2026-09-15,22750.0,PE,5.05,5.85,4.45,4.85,4.85,18969,28056551870.75,228410,100685,2026-09-08
NIFTY,2026-09-15,22850.0,PE,5.65,6.75,5.1,5.75,5.75,20015,29734869310.25,418860,249925,2026-09-08
NIFTY,2026-09-15,23000.0,PE,8.2,9.65,7.3,8.1,8.1,205914,307952896030.0,6165120,2717390,2026-09-08
NIFTY,2026-09-15,25500.0,PE,1730.1,1804.8,1730.1,1796.2,1796.2,695,1232336316.25,100945,43030,2026-09-08
NIFTY,2026-09-15,26150.0,PE,0.0,0.0,0.0,1603.05,2485.73,0,0.0,0,0,2026-09-08
NIFTY,2026-09-22,22400.0,PE,6.9,8.9,6.2,7.75,7.75,819,1192868452.75,26975,15405,2026-09-08
NIFTY,2026-09-22,22650.0,PE,9.6,12.1,9.45,11.45,11.45,214,315213320.5,6175,3445,2026-09-08
NIFTY,2026-09-22,23400.0,PE,67.95,81.05,59.45,72.35,72.35,8942,13642000602.75,764205,69485,2026-09-08
NIFTY,2026-09-22,23500.0,PE,85.0,108.55,81.6,96.6,96.6,25902,39726762338.25,1089660,650325,2026-09-08
NIFTY,2026-09-22,23550.0,PE,99.25,122.9,95.0,113.55,113.55,2193,3372864300.0,56485,26715,2026-09-08
NIFTY,2026-09-22,23650.0,PE,130.0,162.5,125.8,150.85,150.85,6600,10209892403.75,136110,112515,2026-09-08
NIFTY,2026-09-22,26050.0,PE,0.0,0.0,0.0,1794.15,2357.07,0,0.0,0,0,2026-09-08
NIFTY,2026-09-29,22900.0,PE,28.5,34.7,26.1,32.15,32.15,10287,15332986584.5,539760,63050,2026-09-08
NIFTY,2026-09-29,23000.0,PE,33.85,43.1,32.15,39.8,39.8,76151,114035011564.5,5893690,67795,2026-09-08
NIFTY,2026-09-29,23600.0,PE,155.1,175.95,138.1,164.1,164.1,31297,48334911251.25,1414335,263965,2026-09-08
NIFTY,2026-09-29,23650.0,PE,174.95,196.75,156.9,184.25,184.25,6985,10819078068.5,156130,26910,2026-09-08
NIFTY,2026-10-06,22400.0,CE,0.0,0.0,0.0,1815.55,1379.68,0,0.0,0,0,2026-09-08
NIFTY,2026-09-29,24800.0,PE,1010.0,1071.0,1003.35,1057.95,1057.95,676,1135501380.0,365235,-5265,2026-09-08
NIFTY,2026-09-15,25600.0,CE,1.65,1.65,1.1,1.4,1.4,29379,48889255158.25,707980,-277030,2026-09-08
NIFTY,2026-09-29,26200.0,PE,2445.25,2445.25,2445.25,2445.25,2478.69,1,1861941.25,37830,-65,2026-09-08
NIFTY,2026-09-29,26500.0,PE,2720.65,2752.8,2669.85,2735.45,2735.45,29,55110701.75,852605,-975,2026-09-08
NIFTY,2026-09-29,27050.0,PE,0.0,0.0,0.0,2869.35,3324.55,0,0.0,0,0,2026-09-08
NIFTY,2026-10-06,23150.0,PE,0.0,0.0,0.0,120.75,182.41,0,0.0,130,0,2026-09-08
NIFTY,2026-10-06,23500.0,PE,143.95,159.35,137.05,155.4,155.4,344,528800265.5,17810,5655,2026-09-08
NIFTY,2026-10-06,24900.0,PE,0.0,0.0,0.0,913.3,1230.61,0,0.0,0,0,2026-09-08
NIFTY,2026-10-27,22550.0,PE,0.0,0.0,0.0,41.0,123.24,0,0.0,3120,0,2026-09-08
NIFTY,2026-10-27,22700.0,PE,57.7,67.0,57.5,63.95,63.95,1732,2562528965.75,127140,23010,2026-09-08
NIFTY,2026-10-27,23550.0,PE,219.45,235.9,218.1,230.9,230.9,37,57177272.75,5070,260,2026-09-08
NIFTY,2026-10-27,23850.0,PE,339.0,361.3,324.0,347.25,347.25,165,259526429.5,10400,4420,2026-09-08
NIFTY,2026-10-27,24350.0,PE,631.1,648.1,606.1,635.9,635.9,42,68211624.0,15600,195,2026-09-08
NIFTY,2026-10-27,24400.0,PE,645.0,696.6,636.15,677.9,677.9,449,731494991.5,155155,-11505,2026-09-08
NIFTY,2026-10-27,24500.0,PE,706.95,770.7,701.8,754.1,754.1,3801,6235164516.75,711555,96070,2026-09-08
NIFTY,2026-10-27,25550.0,PE,0.0,0.0,0.0,1144.0,1780.32,0,0.0,130,0,2026-09-08
NIFTY,2026-09-15,24500.0,CE,7.0,7.0,3.7,4.2,4.2,253659,404030885410.75,6153810,2815605,2026-09-08
NIFTY,2026-10-27,26450.0,PE,0.0,0.0,0.0,2246.05,2612.0,0,0.0,0,0,2026-09-08
NIFTY,2026-10-27,26650.0,PE,0.0,0.0,0.0,2415.2,2804.2,0,0.0,0,0,2026-09-08
NIFTY,2026-10-27,26800.0,PE,0.0,0.0,0.0,2544.55,2949.4,0,0.0,0,0,2026-09-08
NIFTY,2026-10-27,27050.0,PE,0.0,0.0,0.0,2764.35,3192.94,0,0.0,0,0,2026-09-08
NIFTY,2026-10-27,27100.0,PE,0.0,0.0,0.0,2808.9,3241.84,0,0.0,0,0,2026-09-08
NIFTY,2026-11-23,22100.0,PE,0.0,0.0,0.0,71.4,112.68,0,0.0,0,0,2026-09-08
NIFTY,2026-11-23,24350.0,PE,0.0,0.0,0.0,550.0,906.92,0,0.0,4225,0,2026-09-08
NIFTY,2026-11-23,24850.0,PE,0.0,0.0,0.0,860.35,1230.81,0,0.0,0,0,2026-09-08
NIFTY,2026-11-23,24950.0,PE,0.0,0.0,0.0,915.05,1301.45,0,0.0,0,0,2026-09-08
NIFTY,2026-11-23,25750.0,PE,0.0,0.0,0.0,1419.55,1926.32,0,0.0,0,0,2026-09-08
NIFTY,2026-12-29,17000.0,PE,11.0,14.5,11.0,13.2,13.2,332,367158418.25,186235,-195,2026-09-08
NIFTY,2026-12-29,22500.0,PE,129.8,134.6,123.9,129.7,129.7,3361,4943801739.5,1283880,59540,2026-09-08
NIFTY,2026-12-29,27000.0,PE,2755.0,2802.35,2730.0,2789.1,2789.1,323,625018917.25,1022615,-5910,2026-09-08
NIFTY,2026-12-29,29000.0,PE,4690.0,4720.0,4674.15,4697.9,4819.54,13,28475924.75,218870,-195,2026-09-08
NIFTY,2027-03-30,15000.0,PE,20.0,20.0,16.0,16.2,16.2,11,10737519.0,2470,390,2026-09-08
NIFTY,2027-06-29,28500.0,PE,0.0,0.0,0.0,1807.05,3773.6,0,0.0,0,0,2026-09-08
NIFTY,2027-06-29,30000.0,PE,0.0,0.0,0.0,4000.0,5033.34,0,0.0,455,0,2026-09-08
NIFTY,2027-12-28,23000.0,PE,466.6,485.0,460.3,479.15,479.15,198,302100454.5,66135,1495,2026-09-08
NIFTY,2028-06-27,16500.0,PE,0.0,0.0,0.0,3.8,18.78,0,0.0,0,0,2026-09-08
NIFTY,2028-12-26,20000.0,PE,294.7,294.7,255.3,256.25,256.25,42,55374319.0,4135,65,2026-09-08
NIFTY,2030-06-25,31500.0,PE,0.0,0.0,0.0,2056.3,3572.44,0,0.0,0,0,2026-09-08
NIFTY,2031-06-24,21000.0,PE,0.0,0.0,0.0,450.5,363.45,0,0.0,0,0,2026-09-08
NIFTY,2026-09-15,23900.0,CE,79.95,82.65,44.45,48.05,48.05,252195,392716121469.75,5120115,1864460,2026-09-08
NIFTY,2026-09-15,23600.0,CE,249.3,249.3,170.1,179.8,179.8,172668,267057268920.0,1790165,1326650,2026-09-08
NIFTY,2026-09-15,23200.0,CE,550.05,580.0,497.85,511.2,511.2,1636,2523331489.25,61620,55835,2026-09-08
NIFTY,2026-09-08,26300.0,CE,0.4,0.5,0.05,0.1,23635.1,18480,31591818277.5,236860,52715,2026-09-08
NIFTY,2026-09-08,25100.0,CE,0.6,1.4,0.05,0.35,23635.1,238802,389611213936.75,1397305,-1478945,2026-09-08
NIFTY,2026-09-08,24450.0,CE,1.0,1.25,0.05,0.15,23635.1,712852,1132925793294.75,3269435,-1217060,2026-09-08
NIFTY,2026-09-08,24000.0,CE,5.15,5.9,0.05,0.6,23635.1,4782742,7461639957167.5,13053430,-8094710,2026-09-08
NIFTY,2026-09-08,22550.0,CE,0.0,0.0,0.0,2213.6,23635.1,0,0.0,0,0,2026-09-08
NIFTY,2026-10-27,25850.0,PE,0.0,0.0,0.0,1093.8,2049.63,0,0.0,65,0,2026-09-08
NIFTY,2026-10-06,22500.0,CE,0.0,0.0,0.0,1723.05,1290.8,0,0.0,0,0,2026-09-08
NIFTY,2026-10-06,22900.0,CE,0.0,0.0,0.0,1367.45,957.1,0,0.0,0,0,2026-09-08
NIFTY,2026-10-06,23600.0,CE,408.45,408.45,357.0,363.3,363.3,159,247764328.5,4485,4355,2026-09-08
NIFTY,2026-10-06,23750.0,CE,305.0,305.0,275.6,278.1,278.1,27,42186218.75,1105,910,2026-09-08
NIFTY,2026-10-06,24900.0,CE,0.0,0.0,0.0,212.9,76.63,0,0.0,0,0,2026-09-08
NIFTY,2026-10-06,25050.0,CE,0.0,0.0,0.0,175.2,58.5,0,0.0,0,0,2026-09-08
NIFTY,2026-09-29,22900.0,CE,875.0,875.0,875.0,875.0,875.0,3,4636125.0,3965,0,2026-09-08
NIFTY,2026-09-22,24850.0,CE,8.15,8.15,5.3,5.8,5.8,426,688275474.25,27950,2860,2026-09-08
NIFTY,2026-09-22,24700.0,CE,10.05,10.4,6.35,7.5,7.5,25871,41549157565.5,894400,707330,2026-09-08
NIFTY,2026-09-22,24150.0,CE,66.4,66.5,43.05,46.5,46.5,3816,6002346385.75,140205,60970,2026-09-08
NIFTY,2026-09-15,25400.0,CE,1.75,1.85,1.15,1.45,1.45,28835,47609264400.75,1631175,19175,2026-09-08
NIFTY,2026-09-08,25850.0,CE,0.55,0.9,0.05,0.3,23635.1,18336,30809403989.0,205140,-46020,2026-09-08
NIFTY,2026-09-08,25050.0,CE,0.5,0.9,0.05,0.3,23635.1,81928,133401260895.5,932035,-287625,2026-09-08
NIFTY,2026-09-08,22700.0,CE,0.0,0.0,0.0,2071.05,23635.1,0,0.0,0,0,2026-09-08
NIFTY,2026-10-06,24550.0,CE,0.0,0.0,0.0,325.45,137.34,0,0.0,0,0,2026-09-08
NIFTY,2026-10-06,25450.0,CE,0.0,0.0,0.0,99.65,26.83,0,0.0,0,0,2026-09-08
NIFTY,2026-11-23,23500.0,CE,756.95,771.2,714.05,721.85,721.85,426,671108542.0,93015,3055,2026-09-08
NIFTY,2026-11-23,23800.0,CE,571.8,573.0,530.7,536.05,536.05,417,660040507.75,20345,8060,2026-09-08
NIFTY,2026-12-29,31500.0,CE,0.0,0.0,0.0,4.05,0.82,0,0.0,32370,0,2026-09-08
NIFTY,2027-03-30,24000.0,CE,1109.95,1127.2,1058.3,1066.5,1066.5,1240,2022155044.0,625430,28015,2026-09-08
NIFTY,2026-09-08,22150.0,PE,0.35,0.55,0.05,0.05,23635.1,32946,47434491585.0,982020,-145990,2026-09-08
NIFTY,2026-09-08,22900.0,PE,0.7,0.7,0.05,0.1,23635.1,431071,641658751009.25,3350685,137800,2026-09-08
NIFTY,2026-09-08,23900.0,PE,163.0,345.6,163.0,265.95,23635.1,639227,1002181616325.5,1078220,-2456545,2026-09-08
NIFTY,2026-09-15,22500.0,PE,3.75,4.4,2.95,3.45,3.45,120032,175575934160.25,3691675,2197845,2026-09-08
NIFTY,2026-09-15,23400.0,PE,31.65,41.15,27.05,34.65,34.65,202124,307882208185.5,3471390,1294150,2026-09-08
NIFTY,2026-09-22,22150.0,PE,6.0,6.5,6.0,6.25,6.25,3,4320452.5,130,130,2026-09-08
NIFTY,2026-09-29,22450.0,PE,13.4,15.8,13.0,15.4,15.4,618,902389189.0,71760,-7215,2026-09-08
NIFTY,2026-10-06,25600.0,PE,0.0,0.0,0.0,1475.75,1870.44,0,0.0,0,0,2026-09-08
NIFTY,2026-11-23,23250.0,PE,0.0,0.0,0.0,249.65,386.05,0,0.0,0,0,2026-09-08
NIFTY,2026-11-23,25450.0,PE,0.0,0.0,0.0,1217.0,1680.85,0,0.0,0,0,2026-09-08
NIFTY,2026-09-29,27000.0,CE,1.75,2.3,1.7,2.0,2.0,3439,6035903929.25,1737905,-13455,2026-09-08
NIFTY,2026-09-29,26100.0,CE,4.0,4.5,3.7,4.15,4.15,144,244333518.0,12350,-325,2026-09-08
NIFTY,2026-10-27,22800.0,PE,69.85,77.35,65.0,74.5,74.5,2032,3021056317.5,109460,47125,2026-09-08
NIFTY,2026-10-27,22850.0,PE,0.0,0.0,0.0,250.85,185.72,0,0.0,0,0,2026-09-08
NIFTY,2026-10-27,25750.0,PE,0.0,0.0,0.0,1659.3,1958.77,0,0.0,325,0,2026-09-08
NIFTY,2026-10-27,25900.0,PE,0.0,0.0,0.0,1231.5,2095.43,0,0.0,65,0,2026-09-08
NIFTY,2026-10-27,26150.0,PE,0.0,0.0,0.0,1657.0,2327.63,0,0.0,130,0,2026-09-08
NIFTY,2026-11-23,22300.0,PE,0.0,0.0,0.0,91.1,143.75,0,0.0,0,0,2026-09-08
NIFTY,2026-11-23,22750.0,PE,0.0,0.0,0.0,151.25,237.26,0,0.0,0,0,2026-09-08
NIFTY,2026-11-23,23850.0,PE,386.15,403.0,386.1,403.0,636.46,4,6303261.25,2860,-65,2026-09-08
NIFTY,2029-12-24,25500.0,PE,0.0,0.0,0.0,597.3,1336.67,0,0.0,0,0,2026-09-08
NIFTY,2029-12-24,31500.0,PE,0.0,0.0,0.0,2240.25,3884.98,0,0.0,0,0,2026-09-08
NIFTY,2030-06-25,21000.0,PE,0.0,0.0,0.0,220.0,373.72,0,0.0,65,0,2026-09-08
NIFTY,2030-06-25,25500.0,PE,0.0,0.0,0.0,568.55,1263.87,0,0.0,0,0,2026-09-08
NIFTY,2030-12-31,21000.0,PE,0.0,0.0,0.0,450.0,370.01,0,0.0,845,0,2026-09-08
NIFTY,2026-11-23,24200.0,PE,550.1,577.0,536.0,569.15,569.15,195,313806119.25,16835,2145,2026-09-08
NIFTY,2026-10-27,22250.0,PE,36.0,37.75,33.95,36.45,36.45,2915,4222559464.5,429585,67340,2026-09-08
NIFTY,2026-09-08,22100.0,CE,0.0,0.0,0.0,1700.0,23635.1,0,0.0,130,0,2026-09-08
NIFTY,2026-09-08,22300.0,CE,0.0,0.0,0.0,1468.9,23635.1,0,0.0,195,0,2026-09-08
NIFTY,2026-09-08,22900.0,CE,950.3,950.3,733.7,760.05,23635.1,185,284809206.5,4030,3445,2026-09-08
NIFTY,2029-06-26,24000.0,PE,0.0,0.0,0.0,825.0,961.93,0,0.0,155,0,2026-09-08
NIFTY,2028-12-26,28500.0,PE,0.0,0.0,0.0,1451.15,2848.26,0,0.0,0,0,2026-09-08
NIFTY,2026-09-08,23150.0,CE,545.15,580.4,417.65,482.75,23635.1,543,835215966.0,10400,8515,2026-09-08
NIFTY,2026-09-08,23250.0,CE,470.9,482.7,304.45,337.75,23635.1,3371,5180022402.75,33280,31330,2026-09-08
NIFTY,2026-09-08,24700.0,CE,0.95,1.15,0.05,0.25,23635.1,793143,1273416687832.25,6231225,928200,2026-09-08
NIFTY,2026-09-08,25000.0,CE,0.7,1.35,0.05,0.3,23635.1,923149,1500143037321.5,9623640,-4960930,2026-09-08
NIFTY,2026-09-08,26400.0,CE,0.55,0.55,0.05,0.1,23635.1,49763,85393930768.25,553540,-102180,2026-09-08
NIFTY,2026-09-15,22050.0,CE,0.0,0.0,0.0,2556.4,1609.79,0,0.0,0,0,2026-09-08
NIFTY,2026-09-15,22150.0,CE,0.0,0.0,0.0,2458.85,1510.01,0,0.0,0,0,2026-09-08
NIFTY,2026-09-15,22350.0,CE,0.0,0.0,0.0,2265.3,1310.82,0,0.0,0,0,2026-09-08
NIFTY,2026-09-15,22650.0,CE,0.0,0.0,0.0,1979.9,1014.99,0,0.0,0,0,2026-09-08
NIFTY,2026-09-15,23000.0,CE,745.05,773.25,690.0,699.15,699.15,2519,3883846265.0,111150,57655,2026-09-08
NIFTY,2026-09-15,23050.0,CE,0.0,0.0,0.0,1613.5,640.7,0,0.0,0,0,2026-09-08
NIFTY,2026-09-15,23150.0,CE,589.35,619.45,545.65,557.1,557.1,60,92556678.5,715,715,2026-09-08
NIFTY,2026-09-15,23250.0,CE,510.0,517.35,450.95,461.5,461.5,225,347048737.75,6760,6760,2026-09-08
NIFTY,2026-09-15,23500.0,CE,311.05,311.1,238.85,249.35,249.35,55263,85374141544.25,849940,617695,2026-09-08
NIFTY,2026-09-15,24100.0,CE,41.7,41.7,15.2,16.8,16.8,227854,357238053916.25,4224480,1635790,2026-09-08
NIFTY,2026-09-15,24850.0,CE,2.95,3.2,2.05,2.35,2.35,19179,30982114202.0,247845,86190,2026-09-08
NIFTY,2026-09-15,25050.0,CE,2.55,2.55,1.6,1.85,1.85,13448,21898450603.25,305045,111865,2026-09-08
NIFTY,2026-09-15,25250.0,CE,1.7,2.05,1.3,1.6,1.6,10870,17841528688.75,245505,23790,2026-09-08
NIFTY,2026-09-15,25650.0,CE,1.55,1.7,1.05,1.3,1.3,3158,5265423484.75,46995,-5135,2026-09-08
NIFTY,2026-09-15,25750.0,CE,1.35,1.95,0.9,1.15,1.15,1098,1837859062.0,34125,9035,2026-09-08
NIFTY,2026-09-15,25850.0,CE,1.35,1.35,0.9,1.15,1.15,3779,6349932056.0,80730,61100,2026-09-08
NIFTY,2026-09-15,26100.0,CE,1.0,1.15,0.8,0.95,0.95,2507,4253278818.75,74555,36465,2026-09-08
NIFTY,2026-09-15,26200.0,CE,1.0,1.2,0.75,0.95,0.95,11481,19552824677.75,288990,180050,2026-09-08
NIFTY,2026-09-22,25300.0,CE,3.4,4.2,2.65,3.7,3.7,173,284538913.75,10530,6500,2026-09-08
NIFTY,2026-09-29,19500.0,CE,4240.45,4252.7,4223.6,4246.6,4246.6,27,41665230.75,140465,0,2026-09-08
NIFTY,2026-09-29,21750.0,CE,2000.0,2000.0,1980.0,1980.0,1961.39,2,3086200.0,65,0,2026-09-08
NIFTY,2026-09-29,21800.0,CE,0.0,0.0,0.0,2150.0,1912.23,0,0.0,130,0,2026-09-08
NIFTY,2026-09-29,22100.0,CE,0.0,0.0,0.0,1930.0,1620.21,0,0.0,845,0,2026-09-08
NIFTY,2026-09-29,24400.0,CE,56.6,56.6,36.7,38.9,38.9,33812,53715757169.75,2970305,-2535,2026-09-08
NIFTY,2026-09-29,24700.0,CE,26.1,26.1,17.05,18.4,18.4,27223,43739820406.75,1719055,-84565,2026-09-08
NIFTY,2026-09-29,24800.0,CE,18.45,18.45,13.45,14.4,14.4,24946,40236867810.75,1501435,-189020,2026-09-08
NIFTY,2026-09-29,24900.0,CE,12.75,13.25,11.15,12.0,12.0,8816,14275712642.75,792675,-63310,2026-09-08
NIFTY,2026-09-29,26400.0,CE,0.0,0.0,0.0,2.65,0.72,0,0.0,50570,0,2026-09-08
NIFTY,2026-10-06,23500.0,CE,456.85,457.2,426.0,431.9,431.9,28,43566461.25,1430,1040,2026-09-08
NIFTY,2026-10-06,24150.0,CE,128.0,128.9,105.3,105.3,105.3,26,41013605.75,2340,845,2026-09-08
NIFTY,2026-10-06,24700.0,CE,0.0,0.0,0.0,278.3,107.81,0,0.0,390,0,2026-09-08
NIFTY,2026-10-06,25100.0,CE,0.0,0.0,0.0,163.85,53.32,0,0.0,0,0,2026-09-08
NIFTY,2026-10-06,25150.0,CE,0.0,0.0,0.0,153.05,48.53,0,0.0,0,0,2026-09-08
NIFTY,2026-10-27,22350.0,CE,0.0,0.0,0.0,2124.25,1566.69,0,0.0,0,0,2026-09-08
NIFTY,2026-10-27,22950.0,CE,0.0,0.0,0.0,1654.95,1092.04,0,0.0,0,0,2026-09-08
NIFTY,2026-10-27,23900.0,CE,385.0,385.0,320.5,327.95,327.95,2355,3710336461.0,112580,56680,2026-09-08
NIFTY,2026-10-27,24200.0,CE,231.0,231.0,196.65,199.85,199.85,5085,8068148055.5,359060,85345,2026-09-08
NIFTY,2026-10-27,24500.0,CE,135.25,146.85,112.4,115.65,115.65,18267,29235762266.75,1165190,91260,2026-09-08
NIFTY,2026-10-27,25450.0,CE,17.5,20.15,17.5,18.8,18.8,8,13243769.5,5980,0,2026-09-08
NIFTY,2026-10-27,26000.0,CE,12.05,13.8,11.7,12.95,12.95,7892,13343906439.5,1231945,-43810,2026-09-08
NIFTY,2026-10-27,26600.0,CE,0.0,0.0,0.0,6.9,17.23,0,0.0,975,0,2026-09-08
NIFTY,2026-10-27,26750.0,CE,0.0,0.0,0.0,6.1,13.44,0,0.0,1105,0,2026-09-08
NIFTY,2026-11-23,22350.0,CE,0.0,0.0,0.0,2413.25,1731.58,0,0.0,0,0,2026-09-08
NIFTY,2026-11-23,22950.0,CE,0.0,0.0,0.0,1911.7,1277.48,0,0.0,0,0,2026-09-08
NIFTY,2026-11-23,23300.0,CE,0.0,0.0,0.0,1642.3,1045.48,0,0.0,0,0,2026-09-08
NIFTY,2026-11-23,24000.0,CE,494.9,494.9,425.05,431.3,431.3,2808,4461674158.5,328510,53495,2026-09-08
NIFTY,2026-11-23,24100.0,CE,410.15,411.8,377.0,381.9,381.9,550,875481844.25,19500,4030,2026-09-08
NIFTY,2026-11-23,24750.0,CE,165.9,172.35,153.9,156.4,156.4,183,296348445.25,7345,-2600,2026-09-08
NIFTY,2026-11-23,25850.0,CE,0.0,0.0,0.0,358.95,135.87,0,0.0,0,0,2026-09-08
NIFTY,2026-12-29,21000.0,CE,3140.0,3140.0,3073.7,3085.5,3085.5,204,319591324.0,201325,-3130,2026-09-08
NIFTY,2027-03-30,18000.0,CE,0.0,0.0,0.0,5643.55,6264.35,0,0.0,0,0,2026-09-08
NIFTY,2027-06-29,21000.0,CE,0.0,0.0,0.0,3061.8,3864.42,0,0.0,0,0,2026-09-08
NIFTY,2027-06-29,24000.0,CE,1500.1,1500.1,1500.0,1500.0,1783.03,2,3315006.5,2750,130,2026-09-08
NIFTY,2027-06-29,27000.0,CE,255.3,277.95,255.3,277.9,621.18,5,8862899.5,1755,130,2026-09-08
NIFTY,2027-12-28,22500.0,CE,0.0,0.0,0.0,3011.0,3477.49,0,0.0,65,0,2026-09-08
NIFTY,2027-12-28,25500.0,CE,0.0,0.0,0.0,2400.0,1792.7,0,0.0,0,0,2026-09-08
NIFTY,2027-12-28,28500.0,CE,351.75,370.0,351.7,357.1,357.1,357,669688444.75,37830,7995,2026-09-08
NIFTY,2028-06-27,25500.0,CE,0.0,0.0,0.0,4676.6,2457.99,0,0.0,0,0,2026-09-08
NIFTY,2028-06-27,31500.0,CE,0.0,0.0,0.0,1784.8,655.2,0,0.0,0,0,2026-09-08
NIFTY,2028-12-26,21000.0,CE,0.0,0.0,0.0,7512.5,5842.09,0,0.0,0,0,2026-09-08
NIFTY,2029-12-24,22500.0,CE,0.0,0.0,0.0,8486.15,5998.09,0,0.0,0,0,2026-09-08
NIFTY,2030-06-25,16500.0,CE,0.0,0.0,0.0,13374.05,10730.16,0,0.0,0,0,2026-09-08
NIFTY,2030-06-25,19500.0,CE,0.0,0.0,0.0,11140.25,8536.83,0,0.0,0,0,2026-09-08
NIFTY,2031-06-24,28500.0,CE,0.0,0.0,0.0,5048.95,4579.51,0,0.0,0,0,2026-09-08
NIFTY,2026-09-08,22050.0,PE,0.4,0.75,0.05,0.1,23635.1,19326,27699253751.0,180960,180960,2026-09-08
NIFTY,2026-09-08,22250.0,PE,0.4,0.5,0.05,0.1,23635.1,16666,24103478652.5,186485,68055,2026-09-08
NIFTY,2026-09-08,23200.0,PE,0.6,1.0,0.05,0.3,23635.1,1150325,1734734275592.5,7531355,3651960,2026-09-08
NIFTY,2026-09-08,23700.0,PE,30.0,145.95,30.0,74.25,23635.1,20641583,31871762942366.75,4217850,-5251415,2026-09-08
NIFTY,2026-09-08,24700.0,PE,1000.0,1125.2,973.9,1066.7,23635.1,848,1418225766.75,72930,-10010,2026-09-08
NIFTY,2026-09-15,22300.0,PE,3.1,3.6,2.45,2.9,2.9,33251,48203848537.0,611065,342940,2026-09-08
NIFTY,2026-09-15,22550.0,PE,5.15,5.15,3.2,3.65,3.65,5202,7626150912.25,112515,65650,2026-09-08
NIFTY,2026-09-15,23100.0,PE,11.65,12.45,9.3,10.35,10.35,78914,118544226515.0,2033850,832390,2026-09-08
NIFTY,2026-11-23,24250.0,PE,575.15,582.75,568.75,582.75,848.39,11,17750716.75,2080,325,2026-09-08
NIFTY,2026-11-23,25150.0,PE,0.0,0.0,0.0,1030.25,1449.3,0,0.0,0,0,2026-09-08
NIFTY,2026-09-15,23350.0,PE,25.0,33.45,22.0,27.25,27.25,109137,165838432142.5,2162160,1577290,2026-09-08
NIFTY,2026-09-15,23950.0,PE,266.3,305.9,237.4,288.05,288.05,9929,15635014073.25,220805,-130,2026-09-08
NIFTY,2026-09-15,24300.0,PE,565.15,622.0,538.35,606.1,606.1,3473,5618169186.5,293800,72930,2026-09-08
NIFTY,2026-09-15,24600.0,PE,863.1,918.85,833.4,906.25,906.25,703,1164631058.5,153010,19760,2026-09-08
NIFTY,2026-09-15,25200.0,PE,1445.1,1508.0,1445.1,1506.5,1506.5,41,71131531.25,2925,2665,2026-09-08
NIFTY,2026-09-15,26050.0,PE,0.0,0.0,0.0,1515.75,2385.84,0,0.0,0,0,2026-09-08
NIFTY,2026-09-22,22100.0,PE,6.8,7.85,5.1,5.85,5.85,181,260075835.5,9880,9880,2026-09-08
NIFTY,2026-09-22,22450.0,PE,7.3,9.1,7.25,8.65,8.65,23,33575291.75,1300,1105,2026-09-08
NIFTY,2026-09-22,22850.0,PE,14.45,18.55,14.0,17.75,17.75,3326,4943667621.75,152100,135655,2026-09-08
NIFTY,2026-09-22,22950.0,PE,0.0,0.0,0.0,78.75,59.21,0,0.0,0,0,2026-09-08
NIFTY,2026-09-22,25550.0,PE,0.0,0.0,0.0,1354.25,1859.88,0,0.0,0,0,2026-09-08
NIFTY,2026-09-29,21700.0,PE,8.0,8.9,7.7,8.8,8.8,457,644845903.0,77285,-2210,2026-09-08
NIFTY,2026-09-29,22200.0,PE,10.55,12.45,10.4,12.1,12.1,1646,2376408144.5,189865,-34970,2026-09-08
NIFTY,2026-09-29,22250.0,PE,12.0,13.0,11.0,12.65,12.65,410,593290691.5,52000,9620,2026-09-08
NIFTY,2026-09-29,23150.0,PE,49.5,60.75,45.9,56.65,56.65,2891,4360306525.25,217165,-40755,2026-09-08
NIFTY,2026-09-29,23700.0,PE,180.05,218.75,174.3,204.55,204.55,50175,77944429192.5,1619410,150735,2026-09-08
NIFTY,2026-11-23,25500.0,PE,1540.0,1557.95,1511.8,1544.05,1544.05,51,89602162.0,4095,1300,2026-09-08
NIFTY,2026-09-29,23750.0,PE,209.6,242.05,195.0,228.65,228.65,6990,10891773009.0,247910,35490,2026-09-08
NIFTY,2026-09-29,23950.0,PE,319.25,354.85,295.35,337.75,337.75,2182,3443032576.75,188175,-2275,2026-09-08
NIFTY,2026-09-29,24100.0,PE,409.45,458.0,390.15,438.65,438.65,6358,10136454191.5,1114490,-75270,2026-09-08
NIFTY,2026-09-29,24250.0,PE,524.6,567.85,500.0,558.15,558.15,441,710615678.5,190775,-12350,2026-09-08
NIFTY,2026-09-29,24400.0,PE,629.9,705.75,622.95,688.9,688.9,3729,6078215945.75,2088385,-21125,2026-09-08
NIFTY,2026-09-29,24600.0,PE,830.0,880.1,812.0,869.4,869.4,747,1235428704.25,734955,-6435,2026-09-08
NIFTY,2026-09-29,25750.0,PE,0.0,0.0,0.0,1840.05,2034.1,0,0.0,520,0,2026-09-08
NIFTY,2026-09-29,26300.0,PE,2530.0,2551.0,2503.9,2524.4,2524.4,15,28102928.75,80925,-585,2026-09-08
NIFTY,2026-09-29,27200.0,PE,0.0,0.0,0.0,3004.3,3474.01,0,0.0,0,0,2026-09-08
NIFTY,2026-10-06,22450.0,PE,0.0,0.0,0.0,33.7,49.9,0,0.0,0,0,2026-09-08
NIFTY,2026-10-06,22950.0,PE,0.0,0.0,0.0,86.65,130.97,0,0.0,0,0,2026-09-08
NIFTY,2026-10-06,23200.0,PE,0.0,0.0,0.0,130.7,197.35,0,0.0,0,0,2026-09-08
NIFTY,2026-10-06,23350.0,PE,0.0,0.0,0.0,164.35,247.37,0,0.0,0,0,2026-09-08
NIFTY,2026-10-06,23850.0,PE,287.9,303.65,287.9,300.6,300.6,6,9417359.25,5460,130,2026-09-08
NIFTY,2026-10-06,24350.0,PE,0.0,0.0,0.0,560.0,792.53,0,0.0,0,0,2026-09-08
NIFTY,2026-10-06,25100.0,PE,0.0,0.0,0.0,1063.1,1406.4,0,0.0,0,0,2026-09-08
NIFTY,2026-10-06,25150.0,PE,0.0,0.0,0.0,1102.0,1451.4,0,0.0,0,0,2026-09-08
NIFTY,2026-10-06,25500.0,PE,0.0,0.0,0.0,1389.4,1775.49,0,0.0,0,0,2026-09-08
NIFTY,2026-12-29,13000.0,PE,9.6,9.6,9.6,9.6,0.0,3,2536872.0,7615,195,2026-09-08
NIFTY,2026-12-29,26000.0,PE,1830.0,1886.85,1811.0,1874.05,1874.05,548,992224044.5,1465240,3465,2026-09-08
NIFTY,2027-03-30,19500.0,PE,47.0,47.5,43.1,46.95,46.95,197,250290257.75,127075,3120,2026-09-08
NIFTY,2028-12-26,27000.0,PE,1689.0,1689.0,1640.0,1656.05,2108.58,16,29799003.0,16415,130,2026-09-08
NIFTY,2026-10-27,22650.0,PE,58.1,60.35,56.1,60.0,60.0,41,60519644.25,5525,-65,2026-09-08
NIFTY,2026-09-15,22950.0,CE,0.0,0.0,0.0,1703.2,730.39,0,0.0,0,0,2026-09-08
NIFTY,2026-09-08,25750.0,CE,0.5,0.6,0.05,0.15,23635.1,14375,24060378069.0,171405,-69355,2026-09-08
NIFTY,2026-09-08,26050.0,CE,0.5,0.6,0.05,0.1,23635.1,13743,23270520146.25,124865,-8385,2026-09-08
NIFTY,2026-09-15,22200.0,CE,0.0,0.0,0.0,2410.3,1460.15,0,0.0,0,0,2026-09-08
NIFTY,2026-09-15,22500.0,CE,1248.45,1248.45,1182.0,1193.75,1193.75,110,169481754.0,19630,4160,2026-09-08
NIFTY,2026-09-15,22800.0,CE,948.0,960.0,899.3,900.55,900.55,53,81735202.25,8385,1300,2026-09-08
NIFTY,2026-09-22,22900.0,CE,0.0,0.0,0.0,1459.55,837.84,0,0.0,0,0,2026-09-08
NIFTY,2026-09-22,23200.0,CE,635.0,635.0,555.0,561.5,561.5,99,152990357.0,15275,4550,2026-09-08
NIFTY,2026-09-22,24050.0,CE,77.05,81.85,62.0,66.15,66.15,4221,6617317330.0,166530,105820,2026-09-08
NIFTY,2026-09-22,24300.0,CE,44.35,44.35,25.0,26.95,26.95,21591,34142329757.25,563550,246610,2026-09-08
NIFTY,2026-09-22,25250.0,CE,0.0,0.0,0.0,100.25,5.76,0,0.0,65,0,2026-09-08
NIFTY,2026-09-22,25600.0,CE,2.25,3.35,2.2,2.6,2.6,253,421035049.5,26650,3575,2026-09-08
NIFTY,2026-09-22,25650.0,CE,2.4,3.4,2.1,2.6,1.33,12,20009093.0,520,0,2026-09-08
NIFTY,2026-09-22,25700.0,CE,3.05,3.35,2.15,3.1,3.1,39,65156776.75,5395,-715,2026-09-08
NIFTY,2026-09-22,25800.0,CE,2.85,3.1,2.1,2.3,0.73,10,16771712.75,4745,195,2026-09-08
NIFTY,2026-09-22,25900.0,CE,3.25,3.25,2.1,2.4,2.4,158,266017579.75,30615,2730,2026-09-08
NIFTY,2026-09-29,21900.0,CE,0.0,0.0,0.0,1970.0,1814.27,0,0.0,585,0,2026-09-08
NIFTY,2026-09-29,22500.0,CE,1310.0,1317.3,1246.85,1266.6,1266.6,334,516260085.25,527800,2080,2026-09-08
NIFTY,2026-09-29,22950.0,CE,900.0,900.0,900.0,900.0,858.72,4,6201000.0,325,-195,2026-09-08
NIFTY,2026-09-29,23950.0,CE,162.05,166.0,134.0,138.5,138.5,6229,9757419217.0,237705,40885,2026-09-08
NIFTY,2026-09-29,24200.0,CE,97.5,97.5,66.1,69.5,69.5,51051,80549291462.25,3806920,284310,2026-09-08
NIFTY,2026-09-29,25350.0,CE,8.1,8.1,6.35,6.8,6.8,589,970792728.75,87425,-3705,2026-09-08
NIFTY,2026-09-29,26250.0,CE,0.0,0.0,0.0,3.0,1.17,0,0.0,65,0,2026-09-08
NIFTY,2026-09-29,26350.0,CE,0.0,0.0,0.0,2.5,0.84,0,0.0,5525,0,2026-09-08
NIFTY,2026-09-29,26550.0,CE,3.45,3.45,1.85,2.2,2.2,17,29341068.25,4940,0,2026-09-08
NIFTY,2026-09-29,27200.0,CE,2.4,2.4,0.85,1.75,0.04,23,40666726.75,43615,-325,2026-09-08
NIFTY,2026-09-29,34500.0,CE,0.0,0.0,0.0,0.65,0.0,0,0.0,9880,0,2026-09-08
NIFTY,2026-10-06,22850.0,CE,0.0,0.0,0.0,1410.45,996.6,0,0.0,0,0,2026-09-08
NIFTY,2026-10-06,23250.0,CE,0.0,0.0,0.0,1081.35,701.82,0,0.0,0,0,2026-09-08
NIFTY,2026-10-06,23400.0,CE,0.0,0.0,0.0,968.7,605.18,0,0.0,0,0,2026-09-08
NIFTY,2026-10-06,23550.0,CE,0.0,0.0,0.0,860.25,516.77,0,0.0,0,0,2026-09-08
NIFTY,2026-10-06,24750.0,CE,0.0,0.0,0.0,256.8,99.19,0,0.0,0,0,2026-09-08
NIFTY,2026-10-27,22150.0,CE,0.0,0.0,0.0,2291.6,1740.11,0,0.0,0,0,2026-09-08
NIFTY,2026-10-27,22300.0,CE,0.0,0.0,0.0,2165.6,1609.45,0,0.0,0,0,2026-09-08
NIFTY,2026-10-27,22400.0,CE,0.0,0.0,0.0,2083.15,1524.35,0,0.0,0,0,2026-09-08
NIFTY,2026-10-27,22600.0,CE,0.0,0.0,0.0,1922.3,1359.58,0,0.0,0,0,2026-09-08
NIFTY,2026-10-27,22700.0,CE,0.0,0.0,0.0,1740.0,1280.16,0,0.0,260,0,2026-09-08
NIFTY,2026-10-27,22850.0,CE,0.0,0.0,0.0,1729.4,1165.08,0,0.0,0,0,2026-09-08
NIFTY,2026-10-27,24000.0,CE,330.0,330.0,274.8,281.55,281.55,17392,27463078201.0,1404975,341120,2026-09-08
NIFTY,2026-10-27,24400.0,CE,160.0,169.7,136.25,139.55,139.55,3023,4823268479.25,203970,31135,2026-09-08
NIFTY,2026-10-27,24450.0,CE,157.0,157.0,123.95,125.9,125.9,411,656733090.0,22230,-130,2026-09-08
NIFTY,2026-10-27,24900.0,CE,56.7,58.5,50.15,51.85,51.85,3250,5271609401.5,186550,195,2026-09-08
NIFTY,2026-10-27,25550.0,CE,0.0,0.0,0.0,361.35,82.64,0,0.0,0,0,2026-09-08
NIFTY,2026-10-27,25700.0,CE,16.0,16.8,15.0,15.95,15.95,736,1230251551.75,94705,-11310,2026-09-08
NIFTY,2026-10-27,25900.0,CE,0.0,0.0,0.0,277.95,50.73,0,0.0,0,0,2026-09-08
NIFTY,2026-10-27,27050.0,CE,6.6,6.6,4.9,5.3,5.3,72,126619109.5,3900,-130,2026-09-08
NIFTY,2026-10-27,27150.0,CE,0.0,0.0,0.0,5.1,6.71,0,0.0,2210,0,2026-09-08
NIFTY,2026-11-23,22100.0,CE,0.0,0.0,0.0,2634.25,1938.51,0,0.0,0,0,2026-09-08
NIFTY,2031-06-24,16500.0,PE,0.0,0.0,0.0,95.65,64.65,0,0.0,0,0,2026-09-08
NIFTY,2030-12-31,18000.0,PE,0.0,0.0,0.0,32.3,122.16,0,0.0,0,0,2026-09-08
NIFTY,2030-06-25,30000.0,PE,0.0,0.0,0.0,2100.85,2878.71,0,0.0,0,0,2026-09-08
NIFTY,2030-06-25,27000.0,PE,0.0,0.0,0.0,1286.05,1720.17,0,0.0,0,0,2026-09-08
NIFTY,2030-06-25,22500.0,PE,0.0,0.0,0.0,223.75,594.56,0,0.0,0,0,2026-09-08
NIFTY,2030-06-25,18000.0,PE,0.0,0.0,0.0,116.65,115.83,0,0.0,0,0,2026-09-08
NIFTY,2029-12-24,15000.0,PE,0.0,0.0,0.0,29.0,18.22,0,0.0,65,0,2026-09-08
NIFTY,2027-12-28,27000.0,PE,1830.85,1910.0,1830.85,1890.0,2433.16,79,148275907.0,52350,1300,2026-09-08
NIFTY,2027-12-28,16500.0,PE,0.0,0.0,0.0,52.05,8.62,0,0.0,130,0,2026-09-08
NIFTY,2027-03-30,27000.0,PE,2410.0,2474.4,2409.45,2439.4,2768.28,32,61219258.75,60385,650,2026-09-08
NIFTY,2026-12-29,31500.0,PE,0.0,0.0,0.0,4059.3,7256.94,0,0.0,0,0,2026-09-08
NIFTY,2026-12-29,28000.0,PE,3672.0,3770.3,3672.0,3744.3,3744.3,206,424879585.0,936130,8385,2026-09-08
NIFTY,2026-12-29,21000.0,PE,48.9,49.45,46.1,47.25,47.25,2512,3436754509.5,1170810,29185,2026-09-08
NIFTY,2026-11-23,25950.0,PE,0.0,0.0,0.0,1562.8,2096.23,0,0.0,0,0,2026-09-08
NIFTY,2026-11-23,25400.0,PE,0.0,0.0,0.0,1184.75,1641.16,0,0.0,0,0,2026-09-08
NIFTY,2026-11-23,25200.0,PE,0.0,0.0,0.0,1060.25,1487.14,0,0.0,0,0,2026-09-08
NIFTY,2026-11-23,23400.0,PE,230.15,245.0,224.0,242.0,242.0,107,164384740.0,51350,1430,2026-09-08
NIFTY,2026-11-23,23150.0,PE,0.0,0.0,0.0,226.95,352.08,0,0.0,0,0,2026-09-08
NIFTY,2026-11-23,23050.0,PE,0.0,0.0,0.0,205.8,320.23,0,0.0,0,0,2026-09-08
NIFTY,2026-11-23,22550.0,PE,0.0,0.0,0.0,121.55,191.36,0,0.0,0,0,2026-09-08
NIFTY,2026-11-23,22200.0,PE,54.8,66.0,51.0,60.15,60.15,325,470200185.0,13910,13130,2026-09-08
NIFTY,2026-10-27,27000.0,PE,3058.3,3120.8,3031.4,3102.85,3102.85,1017,1988101739.0,204230,62660,2026-09-08
NIFTY,2026-10-27,26300.0,PE,0.0,0.0,0.0,2121.9,2469.14,0,0.0,0,0,2026-09-08
NIFTY,2026-10-27,25300.0,PE,0.0,0.0,0.0,1150.0,1564.47,0,0.0,585,0,2026-09-08
NIFTY,2026-10-27,24250.0,PE,560.0,589.65,548.65,576.25,783.82,28,45160557.0,16250,-1105,2026-09-08
NIFTY,2026-10-27,24050.0,PE,435.15,469.1,420.0,462.2,462.2,44,70073084.25,12220,130,2026-09-08
NIFTY,2026-10-27,23900.0,PE,369.4,385.0,340.0,372.95,372.95,1724,2719236169.0,162630,9230,2026-09-08
NIFTY,2026-10-27,23250.0,PE,142.55,151.4,136.5,146.6,146.6,94,142932487.75,4485,910,2026-09-08
NIFTY,2026-10-27,22450.0,PE,0.0,0.0,0.0,43.05,106.49,0,0.0,845,0,2026-09-08
NIFTY,2026-10-27,22350.0,PE,0.0,0.0,0.0,31.95,91.57,0,0.0,2145,0,2026-09-08
NIFTY,2026-10-06,25250.0,PE,0.0,0.0,0.0,1181.55,1542.46,0,0.0,0,0,2026-09-08
NIFTY,2026-10-06,24600.0,PE,0.0,0.0,0.0,709.3,982.17,0,0.0,0,0,2026-09-08
NIFTY,2026-10-06,24550.0,PE,0.0,0.0,0.0,677.9,942.88,0,0.0,0,0,2026-09-08
NIFTY,2026-10-06,22850.0,PE,0.0,0.0,0.0,74.9,109.71,0,0.0,65,0,2026-09-08
NIFTY,2026-10-06,22400.0,PE,0.0,0.0,0.0,30.4,44.8,0,0.0,0,0,2026-09-08
NIFTY,2026-09-29,26600.0,PE,0.0,0.0,0.0,2474.55,2876.34,0,0.0,0,0,2026-09-08
NIFTY,2026-09-29,26250.0,PE,0.0,0.0,0.0,2180.0,2528.32,0,0.0,0,0,2026-09-08
NIFTY,2026-09-29,26100.0,PE,0.0,0.0,0.0,1712.15,2379.52,0,0.0,9360,0,2026-09-08
NIFTY,2026-09-29,25500.0,PE,1702.65,1770.0,1680.0,1745.1,1745.1,1415,2504174526.75,1528475,-10920,2026-09-08
NIFTY,2026-09-29,25100.0,PE,1330.1,1367.75,1290.0,1360.1,1360.1,167,286875442.75,94900,3770,2026-09-08
NIFTY,2026-09-29,23800.0,PE,227.95,268.25,218.0,253.2,253.2,57191,89387906858.25,2933645,330070,2026-09-08
NIFTY,2026-09-29,23100.0,PE,44.05,54.55,41.15,50.45,50.45,18536,27890492808.75,792480,108030,2026-09-08
NIFTY,2026-09-29,22700.0,PE,16.15,29.95,16.15,22.15,22.15,4934,7286758566.75,375180,22035,2026-09-08
NIFTY,2026-09-29,22000.0,PE,10.0,11.0,9.2,10.55,10.55,12492,17871653075.25,3270930,79430,2026-09-08
NIFTY,2026-09-22,25500.0,PE,0.0,0.0,0.0,1420.0,1810.4,0,0.0,65,0,2026-09-08
NIFTY,2026-09-22,25350.0,PE,0.0,0.0,0.0,1190.0,1662.44,0,0.0,0,0,2026-09-08
NIFTY,2026-09-22,24250.0,PE,495.9,559.2,495.85,551.55,551.55,70,112810594.0,13325,-1105,2026-09-08
NIFTY,2026-09-22,23750.0,PE,180.25,208.95,165.9,195.75,195.75,3499,5444618552.75,65065,26520,2026-09-08
NIFTY,2026-09-22,23200.0,PE,37.2,45.7,32.7,40.4,40.4,14333,21650848693.5,477555,269555,2026-09-08
NIFTY,2026-09-22,23100.0,PE,43.8,43.8,29.3,30.55,30.55,3019,4539096753.75,75205,75205,2026-09-08
