SYMBOL,EXPIRY_DT,STRIKE_PR,OPTION_TYP,OPEN,HIGH,LOW,CLOSE,SETTLE_PR,CONTRACTS,VAL_INLAKH,OPEN_INT,CHG_IN_OI,TIMESTAMP
NIFTY,2026-09-08,23000.0,CE,0.0,0.0,0.0,1792.25,1274.28,0,0.0,0,0,2026-08-18
NIFTY,2026-09-08,23350.0,CE,0.0,0.0,0.0,1481.65,971.8,0,0.0,0,0,2026-08-18
NIFTY,2026-09-08,23500.0,CE,836.95,868.8,815.0,823.6,823.6,13,20569435.25,455,260,2026-08-18
NIFTY,2026-09-08,24250.0,CE,284.8,290.05,243.4,246.55,246.55,525,836566913.0,19305,12220,2026-08-18
NIFTY,2026-09-08,24350.0,CE,260.0,260.0,192.85,199.35,199.35,280,447034461.25,16315,4355,2026-08-18
NIFTY,2026-09-15,23850.0,CE,0.0,0.0,0.0,963.95,673.16,0,0.0,0,0,2026-08-18
NIFTY,2026-09-15,24200.0,CE,385.0,385.0,320.0,328.15,328.15,238,379662903.75,9230,8060,2026-08-18
NIFTY,2026-09-15,24250.0,CE,344.5,344.55,290.5,298.7,298.7,33,52703579.5,1495,910,2026-08-18
NIFTY,2026-09-15,24450.0,CE,228.2,234.55,192.8,200.3,200.3,26,41695556.5,1690,975,2026-08-18
NIFTY,2026-09-15,24750.0,CE,0.0,0.0,0.0,438.3,242.93,0,0.0,0,0,2026-08-18
NIFTY,2026-09-15,24950.0,CE,0.0,0.0,0.0,355.5,184.57,0,0.0,0,0,2026-08-18
NIFTY,2026-09-15,25350.0,CE,0.0,0.0,0.0,224.65,100.97,0,0.0,0,0,2026-08-18
NIFTY,2026-09-29,23900.0,CE,670.0,680.0,608.3,619.35,619.35,193,307868629.25,22880,2145,2026-08-18
NIFTY,2026-09-29,24000.0,CE,611.55,613.9,536.95,550.25,550.25,7067,11286794356.5,1525225,73190,2026-08-18
NIFTY,2028-12-26,19500.0,PE,0.0,0.0,0.0,49.0,161.7,0,0.0,0,0,2026-08-18
NIFTY,2030-12-31,22500.0,PE,0.0,0.0,0.0,219.35,531.21,0,0.0,0,0,2026-08-18
NIFTY,2026-08-25,22000.0,PE,1.85,2.1,1.25,1.5,1.5,36298,51909748757.75,3459430,300690,2026-08-18
NIFTY,2026-08-25,22450.0,PE,2.2,3.15,1.4,1.9,1.9,1133,1653469688.0,32370,3250,2026-08-18
NIFTY,2026-08-25,22750.0,PE,2.45,3.45,1.8,2.1,2.1,4098,6060500130.75,137865,-41015,2026-08-18
NIFTY,2026-08-25,23100.0,PE,4.25,4.4,2.75,3.2,3.2,22849,34312717998.0,614835,139490,2026-08-18
NIFTY,2026-08-25,23250.0,PE,4.95,5.2,3.25,3.75,3.75,17333,26198848949.0,343330,63310,2026-08-18
NIFTY,2026-08-18,23100.0,PE,0.5,0.65,0.05,0.05,24154.9,111483,167393533222.5,1212705,98605,2026-08-18
NIFTY,2026-09-15,24650.0,CE,144.55,144.55,115.65,123.95,123.95,179,288347913.75,5590,5265,2026-08-18
NIFTY,2026-09-15,24600.0,CE,180.95,180.95,132.8,139.7,139.7,355,571152351.25,13260,8515,2026-08-18
NIFTY,2026-09-15,24050.0,CE,0.0,0.0,0.0,826.0,552.71,0,0.0,0,0,2026-08-18
NIFTY,2026-09-15,23100.0,CE,0.0,0.0,0.0,1569.25,1237.88,0,0.0,0,0,2026-08-18
NIFTY,2026-09-29,22550.0,CE,0.0,0.0,0.0,1786.75,1824.82,0,0.0,260,0,2026-08-18
NIFTY,2026-09-29,22700.0,CE,0.0,0.0,0.0,1580.85,1690.85,0,0.0,520,0,2026-08-18
NIFTY,2026-09-29,23150.0,CE,0.0,0.0,0.0,1642.85,1310.79,0,0.0,325,0,2026-08-18
NIFTY,2026-09-29,24350.0,CE,377.95,384.25,326.3,334.2,334.2,549,881565129.25,27300,5850,2026-08-18
NIFTY,2026-09-29,24600.0,CE,251.05,263.45,210.0,217.85,217.85,8145,13148293330.25,541255,80470,2026-08-18
NIFTY,2026-09-29,24650.0,CE,233.0,237.6,190.05,199.7,199.7,1000,1616127415.5,36725,3445,2026-08-18
NIFTY,2026-09-29,24750.0,CE,197.0,197.0,156.3,162.9,162.9,1031,1670348654.0,57200,14885,2026-08-18
NIFTY,2026-09-29,25000.0,CE,130.0,130.75,89.1,94.75,94.75,43828,71518176986.75,3051425,562640,2026-08-18
NIFTY,2026-09-29,25450.0,CE,43.9,44.45,26.0,33.45,33.45,1405,2327577950.75,36985,19435,2026-08-18
NIFTY,2026-09-29,25550.0,CE,35.4,37.1,24.9,26.8,26.8,750,1247080685.5,32305,-845,2026-08-18
NIFTY,2026-09-29,25700.0,CE,26.0,27.0,18.8,20.3,20.3,3206,5360268826.25,220285,-13065,2026-08-18
NIFTY,2026-09-29,25900.0,CE,0.0,0.0,0.0,261.75,92.08,0,0.0,0,0,2026-08-18
NIFTY,2026-09-29,26050.0,CE,0.0,0.0,0.0,232.8,74.85,0,0.0,0,0,2026-08-18
NIFTY,2026-09-29,26450.0,CE,0.0,0.0,0.0,168.3,41.66,0,0.0,0,0,2026-08-18
NIFTY,2026-09-29,26750.0,CE,0.0,0.0,0.0,130.35,26.0,0,0.0,0,0,2026-08-18
NIFTY,2026-09-15,22600.0,CE,0.0,0.0,0.0,2026.95,1686.35,0,0.0,0,0,2026-08-18
NIFTY,2026-09-29,30000.0,CE,2.0,2.2,1.8,2.05,2.05,155,302269649.5,315535,2180,2026-08-18
NIFTY,2026-10-27,22550.0,CE,0.0,0.0,0.0,1962.0,1993.76,0,0.0,0,0,2026-08-18
NIFTY,2026-10-27,23950.0,CE,0.0,0.0,0.0,1007.1,966.11,0,0.0,0,0,2026-08-18
NIFTY,2026-10-27,25100.0,CE,213.55,226.0,180.9,186.9,186.9,3229,5313012328.0,54275,-100425,2026-08-18
NIFTY,2026-10-27,25300.0,CE,0.0,0.0,0.0,432.4,365.68,0,0.0,0,0,2026-08-18
NIFTY,2026-10-27,25500.0,CE,120.05,120.05,92.15,97.6,97.6,9716,16171655314.75,706940,-141050,2026-08-18
NIFTY,2026-10-27,25600.0,CE,98.05,100.5,77.15,81.2,81.2,3279,5474905059.0,168610,112970,2026-08-18
NIFTY,2026-10-27,25800.0,CE,0.0,0.0,0.0,301.05,237.2,0,0.0,0,0,2026-08-18
NIFTY,2026-10-27,26100.0,CE,0.0,0.0,0.0,237.65,179.33,0,0.0,0,0,2026-08-18
NIFTY,2026-09-08,26150.0,CE,3.45,4.1,3.35,3.65,3.65,11,18699814.25,910,260,2026-08-18
NIFTY,2026-09-08,25400.0,CE,0.0,0.0,0.0,259.4,56.07,0,0.0,0,0,2026-08-18
NIFTY,2026-10-27,26700.0,CE,0.0,0.0,0.0,85.6,98.03,0,0.0,65,0,2026-08-18
NIFTY,2026-12-29,25000.0,CE,585.75,588.1,536.0,545.8,545.8,4251,7062614156.0,2189055,9715,2026-08-18
NIFTY,2026-12-29,26000.0,CE,225.05,231.0,202.95,208.25,208.25,5511,9391634008.25,2921995,31840,2026-08-18
NIFTY,2027-06-29,30000.0,CE,0.0,0.0,0.0,1478.4,301.39,0,0.0,0,0,2026-08-18
NIFTY,2027-12-28,24000.0,CE,2845.2,2855.0,2823.9,2840.05,3071.79,39,68048360.25,27300,780,2026-08-18
NIFTY,2028-12-26,18000.0,CE,0.0,0.0,0.0,9380.3,8801.32,0,0.0,0,0,2026-08-18
NIFTY,2028-12-26,24000.0,CE,4650.0,4650.0,4650.0,4650.0,4474.42,3,5586750.0,975,0,2026-08-18
NIFTY,2028-12-26,25500.0,CE,0.0,0.0,0.0,3800.0,3635.6,0,0.0,0,0,2026-08-18
NIFTY,2028-12-26,28000.0,CE,0.0,0.0,0.0,2070.05,2494.06,0,0.0,8395,0,2026-08-18
NIFTY,2028-12-26,28500.0,CE,0.0,0.0,0.0,3608.65,2302.84,0,0.0,0,0,2026-08-18
NIFTY,2028-12-26,30000.0,CE,0.0,0.0,0.0,1221.0,1798.06,0,0.0,11620,0,2026-08-18
NIFTY,2030-06-25,24000.0,CE,0.0,0.0,0.0,8591.55,6317.33,0,0.0,0,0,2026-08-18
NIFTY,2030-06-25,33000.0,CE,0.0,0.0,0.0,4416.45,2495.42,0,0.0,0,0,2026-08-18
NIFTY,2030-12-31,22500.0,CE,0.0,0.0,0.0,9536.95,7782.17,0,0.0,0,0,2026-08-18
NIFTY,2030-12-31,27000.0,CE,0.0,0.0,0.0,6772.8,5341.83,0,0.0,0,0,2026-08-18
NIFTY,2026-08-18,22200.0,PE,0.4,0.4,0.05,0.05,24154.9,18638,26894798807.5,256295,-6435,2026-08-18
NIFTY,2026-08-18,22450.0,PE,0.4,0.4,0.05,0.05,24154.9,3314,4835988261.0,78585,-27365,2026-08-18
NIFTY,2026-08-18,22500.0,PE,0.3,0.4,0.05,0.05,24154.9,76892,112455428302.75,960115,-1196975,2026-08-18
NIFTY,2026-08-18,23450.0,PE,0.7,0.7,0.05,0.05,24154.9,273291,416569125765.0,2465060,1288040,2026-08-18
NIFTY,2026-08-18,23700.0,PE,0.8,0.9,0.05,0.1,24154.9,1179465,1816994550949.5,3441230,-85540,2026-08-18
NIFTY,2026-08-18,24950.0,PE,702.9,807.35,698.75,785.25,24154.9,644,1075536663.5,30680,4485,2026-08-18
NIFTY,2026-09-08,24050.0,CE,0.0,0.0,0.0,931.9,479.57,0,0.0,0,0,2026-08-18
NIFTY,2026-09-08,23050.0,CE,0.0,0.0,0.0,1746.8,1229.41,0,0.0,0,0,2026-08-18
NIFTY,2026-09-08,22800.0,CE,0.0,0.0,0.0,1977.1,1458.06,0,0.0,0,0,2026-08-18
NIFTY,2026-09-01,26650.0,CE,1.6,1.6,1.6,1.6,1.6,2,3464708.0,1495,0,2026-08-18
NIFTY,2026-09-01,26000.0,CE,2.7,2.7,1.95,2.25,2.25,3898,6588205269.75,212810,6240,2026-08-18
NIFTY,2026-09-01,25850.0,CE,2.85,4.2,2.55,2.95,2.95,147,247024570.0,18395,455,2026-08-18
NIFTY,2026-09-01,25500.0,CE,4.8,4.95,3.6,3.95,3.95,6026,9989812140.75,336765,82095,2026-08-18
NIFTY,2026-09-01,25200.0,CE,8.7,10.0,6.45,7.1,7.1,25450,41700426387.75,720070,95420,2026-08-18
NIFTY,2026-09-01,23550.0,CE,0.0,0.0,0.0,1035.9,742.15,0,0.0,0,0,2026-08-18
NIFTY,2026-09-01,23250.0,CE,0.0,0.0,0.0,1259.15,996.59,0,0.0,0,0,2026-08-18
NIFTY,2026-09-01,23050.0,CE,0.0,0.0,0.0,1418.95,1179.19,0,0.0,0,0,2026-08-18
NIFTY,2026-08-25,26500.0,CE,0.85,0.85,0.6,0.7,0.7,2969,5114235035.0,328705,-27885,2026-08-18
NIFTY,2026-08-25,26350.0,CE,0.65,0.7,0.6,0.7,0.7,197,337420291.0,16705,715,2026-08-18
NIFTY,2026-08-18,26050.0,PE,0.0,0.0,0.0,1895.7,24154.9,0,0.0,0,0,2026-08-18
NIFTY,2026-08-18,26500.0,PE,2280.0,2309.85,2269.8,2307.05,24154.9,18,33695866.75,780,-390,2026-08-18
NIFTY,2026-08-18,26850.0,PE,0.0,0.0,0.0,2655.25,24154.9,0,0.0,0,0,2026-08-18
NIFTY,2026-08-25,21300.0,PE,1.15,1.4,0.95,1.05,1.05,943,1305650576.75,648245,16445,2026-08-18
NIFTY,2026-08-25,21400.0,PE,1.3,1.55,1.05,1.2,1.2,497,691366520.0,57720,2600,2026-08-18
NIFTY,2026-08-25,22050.0,PE,2.9,2.9,1.2,1.45,1.45,539,772573555.0,13390,-1040,2026-08-18
NIFTY,2026-08-25,26000.0,CE,0.85,1.1,0.85,0.95,0.95,107909,182372984404.0,8035690,1319175,2026-08-18
NIFTY,2026-08-25,25250.0,CE,2.25,3.0,2.2,2.5,2.5,28352,46537564690.5,518115,170170,2026-08-18
NIFTY,2026-08-25,25200.0,CE,2.8,3.35,2.6,2.8,2.8,154476,253061209586.25,3808805,1341730,2026-08-18
NIFTY,2026-08-25,24700.0,CE,24.95,24.95,11.2,12.35,12.35,291558,468370246828.25,5756010,1582490,2026-08-18
NIFTY,2026-08-25,23950.0,CE,365.1,377.1,296.65,319.0,319.0,2301,3631411179.5,63505,13845,2026-08-18
NIFTY,2026-08-25,22450.0,CE,0.0,0.0,0.0,2199.25,1731.01,0,0.0,65,0,2026-08-18
NIFTY,2026-08-18,26700.0,CE,0.3,0.3,0.05,0.05,24154.9,2272,3943076933.25,72865,12415,2026-08-18
NIFTY,2026-08-18,26650.0,CE,0.35,0.35,0.05,0.1,24154.9,1282,2220753499.25,38935,19435,2026-08-18
NIFTY,2026-08-18,26450.0,CE,2.5,2.5,0.05,0.05,24154.9,1461,2511837896.75,48490,19175,2026-08-18
NIFTY,2026-08-18,26250.0,CE,0.3,0.3,0.05,0.1,24154.9,2374,4050665524.75,50505,-7150,2026-08-18
NIFTY,2026-08-18,25150.0,CE,0.65,0.65,0.05,0.05,24154.9,190808,311927858082.75,1538225,-140920,2026-08-18
NIFTY,2026-08-18,25050.0,CE,0.7,0.7,0.05,0.1,24154.9,425328,692550860296.75,2215915,593710,2026-08-18
NIFTY,2026-09-15,25150.0,CE,0.0,0.0,0.0,284.5,137.87,0,0.0,0,0,2026-08-18
NIFTY,2026-08-25,22350.0,PE,1.6,2.85,1.3,1.7,1.7,295,428594653.5,11830,3445,2026-08-18
NIFTY,2026-08-18,24550.0,CE,1.85,3.05,0.05,0.15,24154.9,1745252,2785105389215.5,4807920,-1363375,2026-08-18
NIFTY,2026-08-18,23400.0,CE,851.45,853.15,742.75,751.3,24154.9,123,193334761.75,8775,715,2026-08-18
NIFTY,2026-08-18,23350.0,CE,850.0,860.6,849.35,858.85,24154.9,5,7866196.0,910,0,2026-08-18
NIFTY,2026-08-18,23050.0,CE,1200.0,1200.0,1200.0,1200.0,24154.9,1,1576250.0,65,0,2026-08-18
NIFTY,2026-08-18,22300.0,CE,0.0,0.0,0.0,1912.95,24154.9,0,0.0,0,0,2026-08-18
NIFTY,2026-08-25,22500.0,PE,2.3,2.85,1.45,2.0,2.0,65835,96292212415.75,3636165,1403545,2026-08-18
NIFTY,2026-08-25,22800.0,PE,3.95,4.0,1.8,2.25,2.25,50610,75011866514.0,1571375,920075,2026-08-18
NIFTY,2026-08-25,24750.0,PE,458.25,547.85,458.25,540.6,540.6,673,1105369671.25,107120,18525,2026-08-18
NIFTY,2026-08-25,25300.0,PE,1015.0,1090.55,1015.0,1084.55,1084.55,251,430027214.5,84565,5200,2026-08-18
NIFTY,2026-08-25,25550.0,PE,0.0,0.0,0.0,1080.0,1366.92,0,0.0,5460,0,2026-08-18
NIFTY,2026-08-25,26250.0,PE,0.0,0.0,0.0,1985.0,2064.68,0,0.0,130,0,2026-08-18
NIFTY,2026-08-25,26500.0,PE,2240.0,2283.5,2238.2,2262.0,2314.37,10,18699690.75,6565,-195,2026-08-18
NIFTY,2026-08-25,26650.0,PE,0.0,0.0,0.0,2498.25,2464.2,0,0.0,0,0,2026-08-18
NIFTY,2026-08-25,26750.0,PE,0.0,0.0,0.0,2584.3,2564.08,0,0.0,0,0,2026-08-18
NIFTY,2026-09-01,22250.0,PE,4.85,6.0,3.8,4.3,4.3,90,130187177.25,3250,1690,2026-08-18
NIFTY,2026-09-01,22750.0,PE,6.05,6.1,5.1,5.4,5.4,75,110933264.0,2275,585,2026-08-18
NIFTY,2026-09-01,23100.0,PE,7.45,8.95,6.6,8.05,8.05,1112,1670236766.25,67015,20345,2026-08-18
NIFTY,2026-09-01,23400.0,PE,12.6,16.95,12.35,15.35,15.35,8661,13181638577.25,254800,91130,2026-08-18
NIFTY,2026-09-01,23800.0,PE,40.0,55.2,38.9,48.75,48.75,12492,19363255947.75,413205,104130,2026-08-18
NIFTY,2026-09-01,24750.0,PE,488.6,523.5,464.95,514.0,514.0,24,39387757.5,1885,390,2026-08-18
NIFTY,2026-09-01,25950.0,PE,0.0,0.0,0.0,1679.0,1739.38,0,0.0,0,0,2026-08-18
NIFTY,2026-09-01,26950.0,PE,0.0,0.0,0.0,2597.5,2732.72,0,0.0,0,0,2026-08-18
NIFTY,2026-09-08,22650.0,PE,0.0,0.0,0.0,21.8,15.99,0,0.0,0,0,2026-08-18
NIFTY,2026-09-08,23100.0,PE,15.05,17.6,13.05,16.4,16.4,213,320033460.5,35490,5265,2026-08-18
NIFTY,2026-09-08,24300.0,PE,209.05,253.2,209.05,239.95,239.95,1516,2417366139.5,65520,325,2026-08-18
NIFTY,2026-09-08,24600.0,PE,380.85,430.1,380.85,415.3,415.3,61,99168231.5,35100,-975,2026-08-18
NIFTY,2026-09-08,24800.0,PE,522.0,575.3,490.85,507.45,507.45,19,31300057.75,5135,260,2026-08-18
NIFTY,2026-09-08,25800.0,PE,0.0,0.0,0.0,1194.35,1579.14,0,0.0,0,0,2026-08-18
NIFTY,2026-09-15,22600.0,PE,24.3,24.3,24.3,24.3,26.8,7,10294056.5,455,455,2026-08-18
NIFTY,2026-09-15,23200.0,PE,0.0,0.0,0.0,75.8,91.49,0,0.0,0,0,2026-08-18
NIFTY,2026-09-15,24250.0,PE,337.6,337.6,209.7,228.3,228.3,56,89119234.75,2080,2080,2026-08-18
NIFTY,2026-09-15,24550.0,PE,0.0,0.0,0.0,292.05,595.43,0,0.0,845,0,2026-08-18
NIFTY,2026-09-15,25000.0,PE,643.7,717.0,643.7,680.35,680.35,2,3338445.5,65,65,2026-08-18
NIFTY,2026-09-15,25450.0,PE,0.0,0.0,0.0,1030.55,1263.06,0,0.0,0,0,2026-08-18
NIFTY,2026-09-15,25600.0,PE,0.0,0.0,0.0,1144.25,1393.16,0,0.0,0,0,2026-08-18
NIFTY,2026-09-15,25750.0,PE,0.0,0.0,0.0,1263.75,1527.01,0,0.0,0,0,2026-08-18
NIFTY,2026-09-29,23500.0,PE,79.2,97.5,79.2,88.4,88.4,31951,48990291135.5,2572960,638235,2026-08-18
NIFTY,2026-09-29,23550.0,PE,90.0,106.05,87.3,97.7,97.7,507,779334630.75,35425,5330,2026-08-18
NIFTY,2026-09-29,24000.0,PE,179.95,210.7,175.3,193.6,193.6,43950,69116133316.75,3709450,209170,2026-08-18
NIFTY,2026-09-29,24550.0,PE,406.95,435.45,394.45,428.8,428.8,134,217487929.75,34385,1365,2026-08-18
NIFTY,2026-09-29,26150.0,PE,0.0,0.0,0.0,2098.2,1863.99,0,0.0,0,0,2026-08-18
NIFTY,2026-09-29,26350.0,PE,0.0,0.0,0.0,2262.9,2046.0,0,0.0,0,0,2026-08-18
NIFTY,2026-09-29,26400.0,PE,1955.0,1955.0,1940.0,1940.0,2092.12,6,11054550.0,585,390,2026-08-18
NIFTY,2026-09-29,26550.0,PE,0.0,0.0,0.0,2431.75,2231.76,0,0.0,0,0,2026-08-18
NIFTY,2026-10-27,22300.0,PE,35.85,38.3,34.95,37.6,37.6,292,423964183.5,35035,6370,2026-08-18
NIFTY,2026-10-27,23500.0,PE,117.65,144.95,117.65,136.8,136.8,3199,4914908930.75,519610,31915,2026-08-18
NIFTY,2026-10-27,25350.0,PE,0.0,0.0,0.0,783.0,1229.92,0,0.0,130,0,2026-08-18
NIFTY,2026-10-27,25950.0,PE,0.0,0.0,0.0,1842.3,1678.28,0,0.0,0,0,2026-08-18
NIFTY,2026-12-29,19000.0,PE,28.2,29.7,27.5,28.7,28.7,390,482373791.25,607985,1755,2026-08-18
NIFTY,2026-12-29,22000.0,PE,75.0,83.4,75.0,80.15,80.15,2958,4245263389.25,1549165,8580,2026-08-18
NIFTY,2027-03-30,18000.0,PE,0.0,0.0,0.0,37.3,3.85,0,0.0,65,0,2026-08-18
NIFTY,2027-06-29,18000.0,PE,0.0,0.0,0.0,220.0,11.36,0,0.0,230,0,2026-08-18
NIFTY,2027-06-29,27000.0,PE,0.0,0.0,0.0,1780.0,2287.3,0,0.0,130,0,2026-08-18
NIFTY,2028-06-27,27000.0,PE,0.0,0.0,0.0,2752.35,2019.55,0,0.0,0,0,2026-08-18
NIFTY,2028-12-26,24000.0,PE,0.0,0.0,0.0,750.05,888.44,0,0.0,4680,0,2026-08-18
NIFTY,2028-12-26,31500.0,PE,0.0,0.0,0.0,2673.4,4229.83,0,0.0,0,0,2026-08-18
NIFTY,2029-06-26,16500.0,PE,0.0,0.0,0.0,8.1,37.55,0,0.0,0,0,2026-08-18
NIFTY,2029-06-26,18000.0,PE,0.0,0.0,0.0,118.45,88.43,0,0.0,0,0,2026-08-18
NIFTY,2029-06-26,19500.0,PE,0.0,0.0,0.0,56.0,181.29,0,0.0,0,0,2026-08-18
NIFTY,2029-12-24,25000.0,PE,0.0,0.0,0.0,950.0,1083.32,0,0.0,615,0,2026-08-18
NIFTY,2031-06-24,18000.0,PE,0.0,0.0,0.0,173.45,119.15,0,0.0,0,0,2026-08-18
NIFTY,2026-09-29,22450.0,CE,0.0,0.0,0.0,1843.95,1915.76,0,0.0,65,0,2026-08-18
NIFTY,2026-09-29,22000.0,CE,2395.0,2396.8,2329.35,2348.3,2348.3,284,449657913.25,112450,15145,2026-08-18
NIFTY,2026-09-29,21850.0,CE,0.0,0.0,0.0,2455.3,2481.57,0,0.0,0,0,2026-08-18
NIFTY,2026-09-15,26000.0,CE,0.0,0.0,0.0,95.0,32.13,0,0.0,0,0,2026-08-18
NIFTY,2026-09-15,25550.0,CE,0.0,0.0,0.0,175.2,72.55,0,0.0,0,0,2026-08-18
NIFTY,2026-09-15,24900.0,CE,0.0,0.0,0.0,375.05,198.03,0,0.0,0,0,2026-08-18
NIFTY,2031-06-24,22500.0,PE,0.0,0.0,0.0,663.6,515.05,0,0.0,0,0,2026-08-18
NIFTY,2031-06-24,33000.0,PE,0.0,0.0,0.0,3810.15,3391.62,0,0.0,0,0,2026-08-18
NIFTY,2026-09-29,25650.0,CE,0.0,0.0,0.0,317.2,128.11,0,0.0,0,0,2026-08-18
NIFTY,2026-09-29,24850.0,CE,160.15,162.7,126.0,131.05,131.05,829,1346774513.5,26975,8190,2026-08-18
NIFTY,2026-09-29,24100.0,CE,535.8,546.9,471.55,485.1,485.1,1487,2378153732.5,77610,38610,2026-08-18
NIFTY,2026-09-08,25450.0,CE,0.0,0.0,0.0,244.7,50.65,0,0.0,0,0,2026-08-18
NIFTY,2026-09-08,25150.0,PE,0.0,0.0,0.0,731.9,998.71,0,0.0,0,0,2026-08-18
NIFTY,2026-09-08,25350.0,PE,1025.3,1029.9,1025.3,1029.9,1169.0,2,3429088.0,65,65,2026-08-18
NIFTY,2026-09-15,22700.0,PE,12.8,15.55,8.55,14.7,14.7,143,211120048.75,17160,4160,2026-08-18
NIFTY,2026-09-15,23150.0,PE,0.0,0.0,0.0,69.55,83.48,0,0.0,0,0,2026-08-18
NIFTY,2026-09-15,23250.0,PE,0.0,0.0,0.0,82.5,100.1,0,0.0,0,0,2026-08-18
NIFTY,2026-09-15,23550.0,PE,0.0,0.0,0.0,133.0,166.35,0,0.0,0,0,2026-08-18
NIFTY,2026-09-15,23600.0,PE,0.0,0.0,0.0,143.35,178.71,0,0.0,0,0,2026-08-18
NIFTY,2026-09-15,25050.0,PE,0.0,0.0,0.0,751.7,939.07,0,0.0,0,0,2026-08-18
NIFTY,2026-09-15,25650.0,PE,0.0,0.0,0.0,1183.55,1437.39,0,0.0,0,0,2026-08-18
NIFTY,2026-09-29,21000.0,PE,11.0,11.6,9.45,11.05,11.05,3439,4696667927.25,1437670,22750,2026-08-18
NIFTY,2026-09-29,21950.0,PE,16.05,16.1,15.25,15.75,15.75,41,58538613.25,9360,585,2026-08-18
NIFTY,2026-09-29,22550.0,PE,24.7,31.85,24.7,28.0,28.0,57,83648610.5,5915,195,2026-08-18
NIFTY,2026-09-29,22600.0,PE,26.0,29.4,25.65,28.75,28.75,1621,2384172752.0,257985,38610,2026-08-18
NIFTY,2026-09-29,23400.0,PE,79.0,84.3,70.05,78.35,78.35,4425,6752867403.75,565825,91715,2026-08-18
NIFTY,2026-09-29,24750.0,PE,514.9,559.95,514.3,559.95,559.95,32,52600791.75,35750,-845,2026-08-18
NIFTY,2026-09-29,24950.0,PE,682.65,697.0,682.65,690.0,690.0,3,4999777.25,7865,-65,2026-08-18
NIFTY,2026-09-29,25650.0,PE,0.0,0.0,0.0,1016.85,1430.9,0,0.0,65,0,2026-08-18
NIFTY,2026-09-29,25700.0,PE,0.0,0.0,0.0,1164.05,1472.52,0,0.0,325,0,2026-08-18
NIFTY,2026-09-29,27150.0,PE,0.0,0.0,0.0,2959.15,2804.85,0,0.0,0,0,2026-08-18
NIFTY,2026-09-29,33000.0,PE,0.0,0.0,0.0,6552.15,8597.69,0,0.0,0,0,2026-08-18
NIFTY,2026-10-27,23100.0,PE,80.4,88.0,79.2,84.8,84.8,381,574150216.25,33410,4485,2026-08-18
NIFTY,2026-10-27,23450.0,PE,119.5,130.1,119.5,128.4,128.4,64,98078938.75,26780,1365,2026-08-18
NIFTY,2026-10-27,24300.0,PE,320.0,364.25,320.0,351.3,351.3,386,618303068.5,47580,4160,2026-08-18
NIFTY,2026-10-27,24800.0,PE,562.6,608.5,561.75,590.6,590.6,390,643521242.0,42055,12350,2026-08-18
NIFTY,2026-10-27,24850.0,PE,0.0,0.0,0.0,510.05,907.38,0,0.0,1430,0,2026-08-18
NIFTY,2026-10-27,25000.0,PE,676.1,732.25,671.25,714.35,714.35,1128,1884663118.0,328575,22230,2026-08-18
NIFTY,2026-10-27,25200.0,PE,0.0,0.0,0.0,717.7,1127.91,0,0.0,5330,0,2026-08-18
NIFTY,2026-10-27,25600.0,PE,0.0,0.0,0.0,994.25,1410.27,0,0.0,195,0,2026-08-18
NIFTY,2026-10-27,26000.0,PE,1441.0,1526.85,1421.15,1519.05,1519.05,102,182249970.5,44720,1365,2026-08-18
NIFTY,2026-10-27,26600.0,PE,0.0,0.0,0.0,2372.55,2222.41,0,0.0,0,0,2026-08-18
NIFTY,2026-12-29,12000.0,PE,5.15,5.15,5.1,5.1,0.0,2,1560666.25,17955,0,2026-08-18
NIFTY,2027-03-30,33000.0,PE,0.0,0.0,0.0,8415.45,7568.98,0,0.0,0,0,2026-08-18
NIFTY,2027-06-29,33000.0,PE,0.0,0.0,0.0,4691.7,7115.32,0,0.0,0,0,2026-08-18
NIFTY,2027-12-28,19500.0,PE,0.0,0.0,0.0,29.25,96.26,0,0.0,0,0,2026-08-18
NIFTY,2027-12-28,22500.0,PE,0.0,0.0,0.0,186.5,481.33,0,0.0,0,0,2026-08-18
NIFTY,2027-12-28,30000.0,PE,0.0,0.0,0.0,3339.0,4033.69,0,0.0,195,0,2026-08-18
NIFTY,2028-06-27,18000.0,PE,0.0,0.0,0.0,396.75,54.15,0,0.0,0,0,2026-08-18
NIFTY,2028-06-27,22000.0,PE,382.05,382.05,382.05,382.05,434.71,1,1454833.25,1170,65,2026-08-18
NIFTY,2028-06-27,25500.0,PE,0.0,0.0,0.0,667.45,1387.58,0,0.0,0,0,2026-08-18
NIFTY,2028-12-26,21000.0,PE,0.0,0.0,0.0,362.0,314.41,0,0.0,7775,0,2026-08-18
NIFTY,2028-12-26,22500.0,PE,0.0,0.0,0.0,218.8,551.12,0,0.0,0,0,2026-08-18
NIFTY,2028-12-26,30000.0,PE,0.0,0.0,0.0,2352.75,3354.32,0,0.0,0,0,2026-08-18
NIFTY,2029-06-26,22500.0,PE,0.0,0.0,0.0,224.45,558.11,0,0.0,0,0,2026-08-18
NIFTY,2029-06-26,26000.0,PE,0.0,0.0,0.0,1650.0,1434.28,0,0.0,50,0,2026-08-18
NIFTY,2029-12-24,19500.0,PE,0.0,0.0,0.0,61.2,194.4,0,0.0,0,0,2026-08-18
NIFTY,2026-08-25,25400.0,PE,1127.0,1195.0,1122.85,1184.1,1184.1,104,179540965.5,38870,4160,2026-08-18
NIFTY,2026-08-25,24500.0,PE,291.75,327.0,254.75,307.25,307.25,84300,135855454465.25,5535075,-184470,2026-08-18
NIFTY,2026-08-25,24050.0,PE,57.55,75.9,48.0,64.35,64.35,77230,121035963012.25,820105,302835,2026-08-18
NIFTY,2026-08-25,23750.0,PE,14.1,19.95,12.0,16.15,16.15,64144,99085837379.75,1816230,364780,2026-08-18
NIFTY,2026-08-25,22950.0,PE,3.55,3.65,2.35,2.75,2.75,4779,7129967276.25,129220,26520,2026-08-18
NIFTY,2026-08-25,22300.0,PE,2.2,3.35,1.4,1.75,1.75,7887,11433109252.5,436475,121095,2026-08-18
NIFTY,2026-08-25,21650.0,PE,1.5,1.6,1.15,1.3,1.3,142,199841557.5,3640,1560,2026-08-18
NIFTY,2026-08-18,27050.0,PE,0.0,0.0,0.0,2850.25,24154.9,0,0.0,0,0,2026-08-18
NIFTY,2026-08-18,27000.0,PE,2780.0,2790.0,2770.9,2790.0,24154.9,13,25166150.75,455,-455,2026-08-18
NIFTY,2026-08-18,26150.0,PE,0.0,0.0,0.0,1988.05,24154.9,0,0.0,0,0,2026-08-18
NIFTY,2026-08-18,25800.0,PE,1602.25,1684.5,1580.0,1642.65,24154.9,13,23182321.5,715,-130,2026-08-18
NIFTY,2026-08-18,25200.0,PE,961.65,1058.5,931.35,1031.55,24154.9,613,1043364510.5,47060,-3185,2026-08-18
NIFTY,2026-08-18,24300.0,PE,52.0,170.0,52.0,111.25,24154.9,7315954,11598664804538.5,3140735,-10349755,2026-08-18
NIFTY,2026-08-18,23950.0,PE,2.4,2.9,0.05,0.25,24154.9,1555351,2421369100998.25,4195750,527605,2026-08-18
NIFTY,2026-08-18,23800.0,PE,0.9,1.15,0.05,0.1,24154.9,1260142,1949475592502.75,4203615,-1738620,2026-08-18
NIFTY,2030-12-31,27000.0,PE,0.0,0.0,0.0,779.5,1471.67,0,0.0,0,0,2026-08-18
NIFTY,2030-12-31,33000.0,PE,0.0,0.0,0.0,2387.3,3662.2,0,0.0,0,0,2026-08-18
NIFTY,2026-08-18,22700.0,PE,0.4,0.5,0.05,0.1,24154.9,25690,37905946919.75,324350,-215995,2026-08-18
NIFTY,2031-06-24,27000.0,CE,0.0,0.0,0.0,5699.0,5880.64,0,0.0,0,0,2026-08-18
NIFTY,2030-12-31,21000.0,CE,0.0,0.0,0.0,10552.5,8720.74,0,0.0,0,0,2026-08-18
NIFTY,2029-12-24,30000.0,CE,0.0,0.0,0.0,2863.2,2912.65,0,0.0,8145,0,2026-08-18
NIFTY,2029-12-24,25500.0,CE,0.0,0.0,0.0,6500.6,4893.36,0,0.0,0,0,2026-08-18
NIFTY,2029-06-26,27000.0,CE,0.0,0.0,0.0,6570.4,3540.26,0,0.0,0,0,2026-08-18
NIFTY,2028-12-26,16500.0,CE,0.0,0.0,0.0,12176.65,10041.89,0,0.0,0,0,2026-08-18
NIFTY,2027-03-30,22500.0,CE,2805.0,2805.0,2805.0,2805.0,2805.0,1,1644825.0,3510,65,2026-08-18
NIFTY,2026-12-29,34500.0,CE,0.0,0.0,0.0,4.9,0.29,0,0.0,975,0,2026-08-18
NIFTY,2026-12-29,18000.0,CE,6564.85,6570.45,6367.9,6570.45,6579.15,17,27004425.5,1690,-585,2026-08-18
NIFTY,2026-10-27,26350.0,CE,0.0,0.0,0.0,194.1,140.44,0,0.0,0,0,2026-08-18
NIFTY,2026-10-27,26250.0,CE,0.0,0.0,0.0,210.65,155.06,0,0.0,0,0,2026-08-18
NIFTY,2026-10-27,25200.0,CE,185.0,196.6,151.0,157.0,157.0,1489,2455663912.0,90805,33085,2026-08-18
NIFTY,2026-10-27,24550.0,CE,476.6,476.6,420.0,420.0,649.96,32,51970685.0,4160,455,2026-08-18
NIFTY,2026-10-27,23150.0,CE,0.0,0.0,0.0,1510.7,1509.26,0,0.0,0,0,2026-08-18
NIFTY,2026-09-08,25200.0,PE,0.0,0.0,0.0,723.75,1040.41,0,0.0,455,0,2026-08-18
NIFTY,2026-10-27,22750.0,CE,0.0,0.0,0.0,1805.4,1826.06,0,0.0,0,0,2026-08-18
NIFTY,2026-10-27,22450.0,CE,0.0,0.0,0.0,2042.45,2079.65,0,0.0,0,0,2026-08-18
NIFTY,2026-10-27,22250.0,CE,0.0,0.0,0.0,2207.3,2255.09,0,0.0,0,0,2026-08-18
NIFTY,2026-09-29,26850.0,CE,5.0,5.55,5.0,5.55,22.09,57,99498860.5,1300,1300,2026-08-18
NIFTY,2026-09-29,25300.0,CE,61.3,62.95,43.5,47.25,47.25,11569,19065432756.5,605215,19435,2026-08-18
NIFTY,2026-09-29,25250.0,CE,69.3,70.05,48.95,52.6,52.6,616,1013419442.75,31005,7540,2026-08-18
NIFTY,2026-09-29,25050.0,CE,106.55,109.4,79.05,85.1,85.1,921,1505132135.0,49725,12285,2026-08-18
NIFTY,2026-09-29,24250.0,CE,437.95,444.95,381.55,392.65,392.65,806,1291960887.75,34775,10205,2026-08-18
NIFTY,2026-09-29,23650.0,CE,852.15,852.15,817.0,827.2,938.42,9,14324219.0,975,325,2026-08-18
NIFTY,2026-09-29,23500.0,CE,1001.0,1012.0,920.35,934.7,934.7,1208,1920895200.25,271440,32890,2026-08-18
NIFTY,2026-08-18,23550.0,CE,616.5,700.25,604.2,664.75,24154.9,229,360459121.75,1950,910,2026-08-18
NIFTY,2026-08-18,24650.0,CE,1.45,1.7,0.05,0.1,24154.9,1047269,1678032706463.75,3744845,-1525095,2026-08-18
NIFTY,2026-08-18,25700.0,CE,0.3,0.55,0.05,0.05,24154.9,57639,96286963854.25,758225,-572520,2026-08-18
NIFTY,2026-08-18,26300.0,CE,0.25,0.3,0.05,0.05,24154.9,18538,31690920794.0,138710,-115115,2026-08-18
NIFTY,2026-08-18,26350.0,CE,0.15,0.5,0.05,0.1,24154.9,1234,2113543558.75,52000,33280,2026-08-18
NIFTY,2026-08-18,27150.0,CE,0.25,0.25,0.05,0.05,24154.9,2348,4143649500.25,101205,56940,2026-08-18
NIFTY,2026-08-25,23900.0,CE,432.0,432.0,340.0,357.0,357.0,6100,9623505911.5,236535,56550,2026-08-18
NIFTY,2026-08-25,25400.0,CE,2.0,2.3,1.75,1.9,1.9,94015,155231012469.0,2672800,1495845,2026-08-18
NIFTY,2026-08-25,25500.0,CE,1.8,2.05,1.55,1.8,1.8,240094,397984626692.25,9406735,4515485,2026-08-18
NIFTY,2026-08-25,25800.0,CE,1.05,1.35,0.95,1.15,1.15,17001,28511988141.0,1264445,108550,2026-08-18
NIFTY,2026-08-25,26550.0,CE,0.0,0.0,0.0,0.7,0.0,0,0.0,7475,0,2026-08-18
NIFTY,2026-09-01,22300.0,CE,0.0,0.0,0.0,2078.55,1907.84,0,0.0,0,0,2026-08-18
NIFTY,2026-09-01,22800.0,CE,0.0,0.0,0.0,1629.4,1416.83,0,0.0,0,0,2026-08-18
NIFTY,2026-09-01,22950.0,CE,0.0,0.0,0.0,1501.8,1273.24,0,0.0,0,0,2026-08-18
NIFTY,2026-09-01,24650.0,CE,82.0,82.0,47.0,51.1,51.1,3855,6191162841.5,134225,57655,2026-08-18
NIFTY,2026-09-01,25100.0,CE,16.6,16.6,8.65,9.85,9.85,23115,37728435816.5,416390,42900,2026-08-18
NIFTY,2026-09-01,25300.0,CE,7.75,7.75,5.35,5.8,5.8,6559,10788978434.0,107510,31915,2026-08-18
NIFTY,2026-09-29,23450.0,CE,0.0,0.0,0.0,1402.05,1081.07,0,0.0,390,0,2026-08-18
NIFTY,2026-09-29,23400.0,CE,0.0,0.0,0.0,1180.0,1117.18,0,0.0,2730,0,2026-08-18
NIFTY,2026-09-29,23200.0,CE,1292.45,1292.45,1199.6,1208.3,1208.3,42,66685635.25,2080,325,2026-08-18
NIFTY,2026-09-29,22350.0,CE,0.0,0.0,0.0,1788.15,2007.85,0,0.0,195,0,2026-08-18
NIFTY,2026-09-29,22300.0,CE,0.0,0.0,0.0,1833.95,2054.29,0,0.0,195,0,2026-08-18
NIFTY,2026-09-29,18000.0,CE,0.0,0.0,0.0,6300.0,6289.85,0,0.0,1300,0,2026-08-18
NIFTY,2026-09-29,15000.0,CE,0.0,0.0,0.0,10499.3,9267.36,0,0.0,0,0,2026-08-18
NIFTY,2026-09-15,25700.0,CE,0.0,0.0,0.0,144.0,55.91,0,0.0,0,0,2026-08-18
NIFTY,2026-09-15,24550.0,CE,176.15,185.15,166.5,166.5,314.0,25,40180806.25,1755,780,2026-08-18
NIFTY,2026-09-08,25950.0,CE,3.45,4.9,3.45,4.1,4.1,80,134962405.5,975,975,2026-08-18
NIFTY,2026-09-08,25150.0,CE,0.0,0.0,0.0,343.0,91.0,0,0.0,0,0,2026-08-18
NIFTY,2026-09-08,24600.0,CE,130.0,134.7,97.15,103.8,103.8,1899,3050362701.75,78065,14755,2026-08-18
NIFTY,2026-09-08,23600.0,CE,0.0,0.0,0.0,1272.75,776.98,0,0.0,0,0,2026-08-18
NIFTY,2026-09-08,23450.0,CE,0.0,0.0,0.0,1396.6,891.17,0,0.0,0,0,2026-08-18
NIFTY,2026-09-08,23200.0,CE,1131.7,1134.95,1131.7,1134.95,1097.92,2,3163332.25,65,-65,2026-08-18
NIFTY,2026-09-01,26700.0,CE,2.25,2.25,1.7,1.75,1.75,60,104137637.5,8515,2535,2026-08-18
NIFTY,2026-09-01,26200.0,CE,2.1,2.1,1.5,1.8,1.8,313,533074772.75,28210,1105,2026-08-18
NIFTY,2026-09-01,26150.0,CE,1.85,2.15,1.85,2.1,2.1,15,25498219.5,2275,0,2026-08-18
NIFTY,2026-09-01,25600.0,CE,3.4,4.95,3.2,3.55,3.55,1197,1992109070.25,40625,11050,2026-08-18
NIFTY,2026-08-25,25950.0,PE,0.0,0.0,0.0,1325.0,1765.16,0,0.0,130,0,2026-08-18
NIFTY,2026-08-25,27200.0,PE,2940.0,2950.0,2940.0,2940.35,2940.35,14,27430146.25,1170,910,2026-08-18
NIFTY,2026-09-01,22350.0,PE,5.3,5.3,4.0,4.5,4.5,63,91541290.75,2990,1300,2026-08-18
NIFTY,2026-09-01,22950.0,PE,7.05,7.4,6.15,6.7,6.7,153,228304804.0,9490,3055,2026-08-18
NIFTY,2026-09-01,24050.0,PE,126.15,126.15,88.65,104.75,104.75,1350,2119336378.25,28730,28730,2026-08-18
NIFTY,2026-09-01,24300.0,PE,181.0,221.0,173.8,208.45,208.45,16668,26543038463.5,348985,90025,2026-08-18
NIFTY,2026-09-01,25300.0,PE,0.0,0.0,0.0,1152.1,1117.69,0,0.0,0,0,2026-08-18
NIFTY,2026-09-01,25750.0,PE,0.0,0.0,0.0,1508.85,1543.9,0,0.0,0,0,2026-08-18
NIFTY,2026-09-01,25900.0,PE,0.0,0.0,0.0,1635.9,1690.3,0,0.0,0,0,2026-08-18
NIFTY,2026-09-01,26150.0,PE,0.0,0.0,0.0,1854.75,1936.71,0,0.0,0,0,2026-08-18
NIFTY,2026-09-01,26250.0,PE,0.0,0.0,0.0,1944.45,2035.8,0,0.0,0,0,2026-08-18
NIFTY,2026-09-01,26650.0,PE,0.0,0.0,0.0,2313.1,2433.66,0,0.0,0,0,2026-08-18
NIFTY,2026-09-08,23150.0,PE,16.35,18.7,16.15,17.95,17.95,91,137033386.75,32500,2795,2026-08-18
NIFTY,2026-09-08,23500.0,PE,34.0,41.7,31.55,38.4,38.4,2451,3749834738.0,118170,22685,2026-08-18
NIFTY,2026-09-08,25000.0,PE,735.0,747.6,698.2,727.1,727.1,49,81941658.5,3120,-195,2026-08-18
NIFTY,2026-10-27,23100.0,CE,0.0,0.0,0.0,1547.05,1547.38,0,0.0,0,0,2026-08-18
NIFTY,2026-09-29,25800.0,CE,20.45,21.4,15.0,16.2,16.2,4488,7531642907.75,426530,4420,2026-08-18
NIFTY,2026-08-18,22600.0,CE,0.0,0.0,0.0,1639.4,24154.9,0,0.0,0,0,2026-08-18
NIFTY,2026-08-18,22650.0,CE,0.0,0.0,0.0,1595.05,24154.9,0,0.0,0,0,2026-08-18
NIFTY,2026-08-18,22900.0,CE,0.0,0.0,0.0,1379.35,24154.9,0,0.0,0,0,2026-08-18
NIFTY,2026-08-18,23150.0,CE,0.0,0.0,0.0,1208.35,24154.9,0,0.0,390,0,2026-08-18
NIFTY,2026-08-18,24200.0,CE,111.0,111.0,0.05,11.4,24154.9,27670744,43584859426615.0,29723590,27989910,2026-08-18
NIFTY,2026-08-18,24250.0,CE,70.0,76.0,0.05,4.5,24154.9,29709972,46860297993528.5,21148075,19293755,2026-08-18
NIFTY,2026-08-18,24700.0,CE,1.45,1.6,0.05,0.1,24154.9,1954330,3137749695239.25,7938320,-1902420,2026-08-18
NIFTY,2026-08-18,25450.0,CE,0.35,0.55,0.05,0.05,24154.9,70566,116735130096.0,958360,43225,2026-08-18
NIFTY,2026-08-18,26000.0,CE,0.35,0.45,0.05,0.05,24154.9,114644,193749988133.0,1696695,-1041170,2026-08-18
NIFTY,2026-08-18,26900.0,CE,0.3,0.35,0.05,0.05,24154.9,2041,3568708419.25,63570,9945,2026-08-18
NIFTY,2026-08-18,27200.0,CE,0.25,0.25,0.05,0.05,24154.9,16420,29030708525.0,255905,39975,2026-08-18
NIFTY,2026-08-25,21600.0,CE,0.0,0.0,0.0,2713.65,2579.95,0,0.0,0,0,2026-08-18
NIFTY,2026-08-25,22350.0,CE,0.0,0.0,0.0,1794.9,1830.85,0,0.0,130,0,2026-08-18
NIFTY,2026-08-25,26150.0,CE,0.75,0.8,0.7,0.8,0.8,1086,1845981530.25,95745,4095,2026-08-18
NIFTY,2026-08-25,26600.0,CE,0.6,0.85,0.6,0.7,0.7,728,1258744594.25,42445,-10400,2026-08-18
NIFTY,2026-08-25,27100.0,CE,0.6,0.6,0.6,0.6,0.0,5,8807695.0,13780,-325,2026-08-18
NIFTY,2026-09-01,22250.0,CE,0.0,0.0,0.0,2125.05,1957.47,0,0.0,0,0,2026-08-18
NIFTY,2026-09-01,22450.0,CE,0.0,0.0,0.0,1940.55,1759.31,0,0.0,0,0,2026-08-18
NIFTY,2026-09-01,22650.0,CE,0.0,0.0,0.0,1760.65,1562.65,0,0.0,0,0,2026-08-18
NIFTY,2026-09-01,22900.0,CE,0.0,0.0,0.0,1543.9,1320.8,0,0.0,0,0,2026-08-18
NIFTY,2026-09-01,23100.0,CE,1140.0,1140.0,1140.0,1140.0,1140.0,1,1575600.0,65,65,2026-08-18
NIFTY,2026-09-01,23300.0,CE,0.0,0.0,0.0,1080.0,952.36,0,0.0,65,0,2026-08-18
NIFTY,2026-09-01,23400.0,CE,880.45,880.45,880.45,880.45,865.93,1,1578229.25,65,65,2026-08-18
NIFTY,2026-09-01,23950.0,CE,420.0,425.55,391.3,392.5,392.5,35,55397959.5,2470,1690,2026-08-18
NIFTY,2026-09-01,24900.0,CE,27.15,30.0,16.85,18.8,18.8,19459,31522769489.25,621140,208130,2026-08-18
NIFTY,2026-09-01,24950.0,CE,27.05,27.05,14.25,16.35,16.35,2756,4472937361.75,78455,10400,2026-08-18
NIFTY,2026-09-01,25650.0,CE,4.7,4.7,3.3,3.5,3.5,457,762045391.25,43810,-13650,2026-08-18
NIFTY,2026-09-01,26550.0,CE,0.0,0.0,0.0,1.55,0.49,0,0.0,1105,0,2026-08-18
NIFTY,2026-09-08,22650.0,CE,0.0,0.0,0.0,2118.35,1599.59,0,0.0,0,0,2026-08-18
NIFTY,2026-09-08,23700.0,CE,691.4,691.4,645.0,647.95,647.95,7,11085763.0,195,195,2026-08-18
NIFTY,2026-09-08,24400.0,CE,210.0,218.25,169.45,174.3,174.3,1127,1801337219.5,70460,10270,2026-08-18
NIFTY,2026-09-08,24650.0,CE,0.0,0.0,0.0,340.0,212.11,0,0.0,65,0,2026-08-18
NIFTY,2026-09-08,25700.0,CE,0.0,0.0,0.0,82.35,29.68,0,0.0,65,0,2026-08-18
NIFTY,2026-09-15,22550.0,CE,0.0,0.0,0.0,2074.25,1733.19,0,0.0,0,0,2026-08-18
NIFTY,2026-09-15,22700.0,CE,0.0,0.0,0.0,1933.1,1593.56,0,0.0,0,0,2026-08-18
NIFTY,2026-09-15,22900.0,CE,0.0,0.0,0.0,1748.55,1412.24,0,0.0,0,0,2026-08-18
NIFTY,2026-09-15,23700.0,CE,0.0,0.0,0.0,1074.8,772.53,0,0.0,0,0,2026-08-18
NIFTY,2031-06-24,31500.0,PE,0.0,0.0,0.0,3185.85,2801.13,0,0.0,0,0,2026-08-18
NIFTY,2030-12-31,25500.0,PE,0.0,0.0,0.0,538.25,1091.95,0,0.0,0,0,2026-08-18
NIFTY,2030-06-25,24000.0,PE,0.0,0.0,0.0,698.15,814.37,0,0.0,0,0,2026-08-18
NIFTY,2029-12-24,26000.0,PE,1798.95,1798.95,1798.95,1798.95,1358.92,1,1806931.75,3730,65,2026-08-18
NIFTY,2029-12-24,23000.0,PE,0.0,0.0,0.0,725.0,642.78,0,0.0,1560,0,2026-08-18
NIFTY,2029-12-24,18000.0,PE,0.0,0.0,0.0,96.5,100.19,0,0.0,0,0,2026-08-18
NIFTY,2028-12-26,16500.0,PE,0.0,0.0,0.0,5.9,28.12,0,0.0,0,0,2026-08-18
NIFTY,2028-06-27,30000.0,PE,0.0,0.0,0.0,3779.25,3663.53,0,0.0,0,0,2026-08-18
NIFTY,2028-06-27,19500.0,PE,0.0,0.0,0.0,40.05,133.92,0,0.0,0,0,2026-08-18
NIFTY,2027-12-28,33000.0,PE,0.0,0.0,0.0,4155.55,6345.38,0,0.0,0,0,2026-08-18
NIFTY,2027-12-28,31500.0,PE,0.0,0.0,0.0,3240.0,5148.62,0,0.0,0,0,2026-08-18
NIFTY,2027-12-28,28500.0,PE,0.0,0.0,0.0,2979.7,3023.69,0,0.0,260,0,2026-08-18
NIFTY,2026-12-29,33000.0,PE,0.0,0.0,0.0,5263.45,8069.43,0,0.0,0,0,2026-08-18
NIFTY,2026-12-29,24000.0,PE,311.65,359.05,311.65,349.5,349.5,4578,7244422133.0,2278575,3380,2026-08-18
NIFTY,2026-12-29,16000.0,PE,14.5,15.0,14.0,14.45,14.45,22,22900471.75,122195,-390,2026-08-18
NIFTY,2026-12-29,15000.0,PE,13.0,13.0,11.25,11.65,11.65,21,20491422.25,117895,325,2026-08-18
NIFTY,2026-10-27,26950.0,PE,0.0,0.0,0.0,2675.85,2534.09,0,0.0,0,0,2026-08-18
NIFTY,2026-10-27,25500.0,PE,1041.45,1096.25,1029.0,1092.0,1092.0,84,145042673.75,159640,-1690,2026-08-18
NIFTY,2026-10-27,25400.0,PE,968.0,968.0,968.0,968.0,968.0,1,1713920.0,910,0,2026-08-18
NIFTY,2026-10-27,25150.0,PE,0.0,0.0,0.0,639.15,1094.88,0,0.0,325,0,2026-08-18
NIFTY,2026-10-27,25100.0,PE,785.0,785.0,778.0,778.0,1062.34,2,3364595.0,1170,0,2026-08-18
NIFTY,2026-10-27,24900.0,PE,630.0,663.05,623.95,652.75,652.75,126,209214300.75,22100,845,2026-08-18
NIFTY,2026-10-27,24600.0,PE,449.95,499.0,449.95,468.0,765.74,88,143440371.75,38805,-585,2026-08-18
NIFTY,2026-10-27,23000.0,PE,72.95,80.0,69.75,77.55,77.55,6463,9693919186.25,742625,128440,2026-08-18
NIFTY,2026-10-27,22750.0,PE,0.0,0.0,0.0,228.35,137.6,0,0.0,0,0,2026-08-18
NIFTY,2026-10-27,22600.0,PE,48.3,51.65,44.85,50.15,50.15,52,76555911.25,7280,1235,2026-08-18
NIFTY,2026-09-29,26450.0,PE,0.0,0.0,0.0,2346.8,2138.46,0,0.0,0,0,2026-08-18
NIFTY,2026-09-29,25900.0,PE,0.0,0.0,0.0,1077.7,1643.0,0,0.0,780,0,2026-08-18
NIFTY,2026-09-29,25250.0,PE,0.0,0.0,0.0,884.0,1115.65,0,0.0,325,0,2026-08-18
NIFTY,2026-09-29,24900.0,PE,608.8,660.1,608.75,650.15,650.15,201,333684162.5,60190,-585,2026-08-18
NIFTY,2026-09-29,24150.0,PE,223.9,252.65,223.9,243.85,243.85,399,632587426.25,29185,6760,2026-08-18
NIFTY,2026-09-29,24050.0,PE,192.4,224.35,190.8,211.4,211.4,407,641746670.5,20865,3770,2026-08-18
NIFTY,2026-09-29,23450.0,PE,76.35,90.0,75.75,82.75,82.75,412,630192231.5,33410,1820,2026-08-18
NIFTY,2026-09-29,23200.0,PE,51.55,62.15,51.55,58.75,58.75,5898,8916150457.5,554190,53040,2026-08-18
NIFTY,2026-09-29,22750.0,PE,31.45,40.2,30.65,33.35,33.35,99,146612336.0,13585,1755,2026-08-18
NIFTY,2026-09-29,22350.0,PE,20.25,22.35,20.25,22.05,22.05,69,100336593.5,7995,2145,2026-08-18
NIFTY,2026-09-29,22100.0,PE,16.25,18.7,16.25,17.9,17.9,250,359410515.75,96200,-2535,2026-08-18
NIFTY,2026-09-29,22050.0,PE,15.55,17.6,15.3,17.2,17.2,59,84625742.5,3315,1300,2026-08-18
NIFTY,2026-09-29,21650.0,PE,12.35,13.55,12.3,12.65,12.65,117,164745405.5,4485,1170,2026-08-18
NIFTY,2026-09-29,16500.0,PE,1.2,1.45,1.2,1.45,0.0,9,9653244.25,134095,-195,2026-08-18
NIFTY,2026-09-15,25550.0,PE,0.0,0.0,0.0,1105.5,1349.35,0,0.0,0,0,2026-08-18
NIFTY,2026-09-15,25400.0,PE,0.0,0.0,0.0,992.45,1220.62,0,0.0,0,0,2026-08-18
NIFTY,2026-09-15,25250.0,PE,0.0,0.0,0.0,885.25,1096.45,0,0.0,0,0,2026-08-18
NIFTY,2026-09-15,24850.0,PE,0.0,0.0,0.0,629.7,792.27,0,0.0,0,0,2026-08-18
NIFTY,2026-09-15,24650.0,PE,0.0,0.0,0.0,353.15,657.77,0,0.0,130,0,2026-08-18
NIFTY,2026-09-15,23750.0,PE,0.0,0.0,0.0,177.95,223.7,0,0.0,0,0,2026-08-18
NIFTY,2026-09-15,22650.0,PE,0.0,0.0,0.0,26.95,30.02,0,0.0,0,0,2026-08-18
NIFTY,2026-09-08,25400.0,PE,0.0,0.0,0.0,896.85,1212.92,0,0.0,0,0,2026-08-18
NIFTY,2026-09-08,24900.0,PE,620.0,643.45,619.85,632.0,800.32,8,13276978.0,1950,0,2026-08-18
NIFTY,2026-09-08,24750.0,PE,0.0,0.0,0.0,385.8,690.39,0,0.0,2210,0,2026-08-18
NIFTY,2026-09-08,24550.0,PE,342.1,392.05,342.05,380.0,380.0,9,14581586.5,4420,65,2026-08-18
NIFTY,2026-09-08,23800.0,PE,111.95,111.95,70.0,77.4,77.4,756,1173273120.5,22360,22360,2026-08-18
NIFTY,2026-09-08,23400.0,PE,0.0,0.0,0.0,87.95,94.91,0,0.0,0,0,2026-08-18
NIFTY,2026-09-08,23350.0,PE,24.5,28.8,23.6,27.25,27.25,364,553083378.25,34320,2340,2026-08-18
NIFTY,2026-09-08,22850.0,PE,10.8,11.75,10.0,11.45,11.45,44,65382200.0,5460,910,2026-08-18
NIFTY,2026-09-01,27050.0,PE,0.0,0.0,0.0,2693.45,2832.46,0,0.0,0,0,2026-08-18
NIFTY,2026-09-01,26750.0,PE,0.0,0.0,0.0,2407.3,2533.31,0,0.0,0,0,2026-08-18
NIFTY,2026-09-01,26350.0,PE,0.0,0.0,0.0,2035.25,2135.09,0,0.0,0,0,2026-08-18
NIFTY,2026-09-01,25450.0,PE,0.0,0.0,0.0,1266.1,1256.83,0,0.0,0,0,2026-08-18
NIFTY,2026-09-01,24550.0,PE,321.05,383.45,321.0,371.95,371.95,143,231393568.25,10855,-260,2026-08-18
NIFTY,2026-09-01,23850.0,PE,47.45,63.45,47.4,56.3,56.3,2122,3297159713.25,59020,17355,2026-08-18
NIFTY,2026-09-01,22650.0,PE,4.65,6.4,4.3,5.05,5.05,295,434408594.75,2990,1365,2026-08-18
NIFTY,2026-09-01,22200.0,PE,3.85,5.15,3.45,4.45,4.45,722,1042043128.75,41015,25155,2026-08-18
NIFTY,2026-08-25,27050.0,PE,0.0,0.0,0.0,2847.45,2863.73,0,0.0,0,0,2026-08-18
NIFTY,2026-08-25,26950.0,PE,0.0,0.0,0.0,2758.95,2763.85,0,0.0,0,0,2026-08-18
NIFTY,2026-08-25,26700.0,PE,0.0,0.0,0.0,2541.2,2514.14,0,0.0,0,0,2026-08-18
NIFTY,2026-08-25,26450.0,PE,0.0,0.0,0.0,2328.9,2264.43,0,0.0,0,0,2026-08-18
NIFTY,2026-08-25,26150.0,PE,0.0,0.0,0.0,2082.5,1964.82,0,0.0,0,0,2026-08-18
NIFTY,2026-08-25,25850.0,PE,1590.0,1598.0,1590.0,1598.0,1665.4,4,7135570.0,845,260,2026-08-18
NIFTY,2026-08-25,25750.0,PE,0.0,0.0,0.0,1105.0,1565.73,0,0.0,195,0,2026-08-18
NIFTY,2026-08-25,25450.0,PE,1203.7,1203.7,1203.7,1203.7,1203.7,1,1732490.5,1105,0,2026-08-18
NIFTY,2026-08-25,24850.0,PE,580.0,646.8,579.25,632.7,632.7,193,319405970.0,51415,-780,2026-08-18
NIFTY,2026-08-25,24800.0,PE,465.9,601.35,465.9,581.95,581.95,4160,6858017263.5,625365,33865,2026-08-18
NIFTY,2026-08-25,24700.0,PE,417.9,505.45,417.9,488.55,488.55,12652,20691383170.25,1021735,-125905,2026-08-18
NIFTY,2026-08-25,24250.0,PE,100.0,160.0,100.0,142.0,142.0,226829,359537845878.25,1460030,531960,2026-08-18
NIFTY,2026-09-15,24300.0,CE,325.05,325.05,265.05,273.15,273.15,397,634533659.5,17160,8255,2026-08-18
NIFTY,2026-09-15,25200.0,CE,0.0,0.0,0.0,268.55,127.77,0,0.0,0,0,2026-08-18
NIFTY,2026-09-29,21700.0,CE,0.0,0.0,0.0,2586.45,2626.79,0,0.0,0,0,2026-08-18
NIFTY,2026-09-29,22750.0,CE,0.0,0.0,0.0,1386.55,1646.91,0,0.0,260,0,2026-08-18
NIFTY,2026-09-29,23750.0,CE,750.35,751.1,748.6,751.1,871.6,9,14332311.5,1690,520,2026-08-18
NIFTY,2026-09-29,24150.0,CE,494.95,494.95,442.0,451.1,451.1,209,334346619.75,13910,6760,2026-08-18
NIFTY,2026-09-29,24500.0,CE,324.95,324.95,253.0,261.15,261.15,28215,45442610684.25,2506530,316745,2026-08-18
NIFTY,2026-08-25,23850.0,PE,16.1,31.75,16.1,25.75,25.75,105737,164087141244.0,1166880,290420,2026-08-18
NIFTY,2026-08-25,23700.0,PE,12.55,16.1,9.9,13.0,13.0,279748,431174250507.0,7099365,2835235,2026-08-18
NIFTY,2026-08-25,22900.0,PE,3.9,3.9,2.2,2.75,2.75,23358,34772559978.0,581685,214630,2026-08-18
NIFTY,2026-08-25,21900.0,PE,1.65,2.05,1.1,1.5,1.5,1937,2757502423.0,52845,11570,2026-08-18
NIFTY,2026-08-25,21750.0,PE,1.35,1.55,1.1,1.3,1.3,104,147038589.75,4615,1690,2026-08-18
NIFTY,2026-08-25,21700.0,PE,1.9,2.15,1.1,1.3,1.3,3263,4602753359.75,98995,21515,2026-08-18
NIFTY,2026-08-25,21600.0,PE,1.3,1.5,1.1,1.25,1.25,2590,3636577447.75,111475,15600,2026-08-18
NIFTY,2026-08-18,27200.0,PE,0.0,0.0,0.0,2997.3,24154.9,0,0.0,0,0,2026-08-18
NIFTY,2026-08-18,26200.0,PE,1981.0,1999.3,1981.0,1999.3,24154.9,2,3664719.5,0,-65,2026-08-18
NIFTY,2026-08-18,24900.0,PE,660.0,759.55,637.8,708.85,24154.9,2561,4259768334.25,98215,-19630,2026-08-18
NIFTY,2026-08-18,24650.0,PE,398.0,520.75,381.0,460.8,24154.9,7269,11848947444.75,136760,-30160,2026-08-18
NIFTY,2026-08-18,23750.0,PE,0.9,1.05,0.05,0.1,24154.9,672812,1038670938626.75,2201745,713830,2026-08-18
NIFTY,2031-06-24,16500.0,CE,0.0,0.0,0.0,11849.25,12203.42,0,0.0,0,0,2026-08-18
NIFTY,2030-12-31,24000.0,CE,0.0,0.0,0.0,8563.3,6903.14,0,0.0,0,0,2026-08-18
NIFTY,2030-06-25,25500.0,CE,0.0,0.0,0.0,7070.45,5492.14,0,0.0,0,0,2026-08-18
NIFTY,2029-12-24,19500.0,CE,0.0,0.0,0.0,10678.8,8689.44,0,0.0,0,0,2026-08-18
NIFTY,2029-06-26,19500.0,CE,0.0,0.0,0.0,10206.95,8160.14,0,0.0,0,0,2026-08-18
NIFTY,2028-06-27,16500.0,CE,0.0,0.0,0.0,11752.8,9562.99,0,0.0,0,0,2026-08-18
NIFTY,2027-12-28,31500.0,CE,0.0,0.0,0.0,195.0,487.37,0,0.0,2145,0,2026-08-18
NIFTY,2027-12-28,30000.0,CE,362.0,367.95,356.0,358.0,358.0,107,211154385.0,121225,260,2026-08-18
NIFTY,2027-12-28,26000.0,CE,1685.85,1831.55,1665.0,1666.4,1666.4,44,79182122.5,69200,-195,2026-08-18
NIFTY,2027-12-28,25000.0,CE,2211.0,2280.6,2194.45,2215.0,2215.0,46,81417488.75,36085,325,2026-08-18
NIFTY,2027-06-29,28500.0,CE,0.0,0.0,0.0,1711.9,542.45,0,0.0,0,0,2026-08-18
NIFTY,2026-12-29,28000.0,CE,35.05,38.85,31.15,32.25,32.25,4450,8108698526.5,1612155,17615,2026-08-18
NIFTY,2026-10-27,27100.0,CE,0.0,0.0,0.0,101.3,63.42,0,0.0,0,0,2026-08-18
NIFTY,2026-10-27,27000.0,CE,12.45,12.45,9.35,9.8,9.8,1568,2752869128.75,160615,-5720,2026-08-18
NIFTY,2026-10-27,26850.0,CE,0.0,0.0,0.0,126.7,83.52,0,0.0,0,0,2026-08-18
NIFTY,2026-10-27,26050.0,CE,0.0,0.0,0.0,247.25,188.08,0,0.0,0,0,2026-08-18
NIFTY,2026-10-27,25400.0,CE,136.0,140.0,109.2,112.85,112.85,3118,5172819109.25,152815,108485,2026-08-18
NIFTY,2026-10-27,25000.0,CE,252.0,259.0,213.0,221.1,221.1,6385,10473528247.0,484770,45435,2026-08-18
NIFTY,2026-10-27,24950.0,CE,309.1,309.1,236.6,239.8,239.8,23,37675053.0,3055,130,2026-08-18
NIFTY,2026-10-27,24800.0,CE,323.95,336.35,284.0,291.65,291.65,414,675637833.0,30680,7800,2026-08-18
NIFTY,2026-10-27,23700.0,CE,0.0,0.0,0.0,1151.6,1121.45,0,0.0,0,0,2026-08-18
NIFTY,2026-10-27,23400.0,CE,0.0,0.0,0.0,1589.0,1325.35,0,0.0,65,0,2026-08-18
NIFTY,2026-10-27,23350.0,CE,0.0,0.0,0.0,1373.7,1362.17,0,0.0,0,0,2026-08-18
NIFTY,2026-09-08,24100.0,PE,137.25,165.4,133.5,155.75,155.75,958,1510155881.0,27625,7800,2026-08-18
NIFTY,2026-09-08,23000.0,PE,12.5,15.4,11.2,13.5,13.5,699,1045601254.75,70200,11245,2026-08-18
NIFTY,2026-09-08,22800.0,PE,9.5,10.6,8.9,10.05,10.05,203,300977355.25,15795,9685,2026-08-18
NIFTY,2026-09-08,22600.0,PE,7.45,15.95,7.2,7.75,7.75,79,116093172.0,3770,2795,2026-08-18
NIFTY,2026-09-01,26050.0,PE,0.0,0.0,0.0,1766.25,1837.87,0,0.0,0,0,2026-08-18
NIFTY,2026-09-01,24600.0,PE,360.0,414.85,348.15,401.6,401.6,734,1192118001.75,77740,2535,2026-08-18
NIFTY,2026-09-01,23650.0,PE,55.45,55.45,27.45,30.55,30.55,988,1520773728.5,21905,21905,2026-08-18
NIFTY,2026-08-18,23300.0,CE,960.0,960.0,893.7,893.7,24154.9,20,31493358.0,1820,-65,2026-08-18
NIFTY,2026-08-18,24950.0,CE,0.8,0.8,0.05,0.1,24154.9,557806,904636869945.25,3960060,2356965,2026-08-18
NIFTY,2026-09-08,23750.0,PE,0.0,0.0,0.0,150.75,181.06,0,0.0,0,0,2026-08-18
NIFTY,2026-08-18,25800.0,CE,0.35,0.5,0.05,0.05,24154.9,41415,69453587352.5,672165,-120315,2026-08-18
NIFTY,2026-08-18,25850.0,CE,0.35,0.4,0.05,0.05,24154.9,27294,45861136902.75,367705,-113230,2026-08-18
NIFTY,2026-08-18,26400.0,CE,0.3,0.3,0.05,0.05,24154.9,5636,9671442521.0,86320,-35230,2026-08-18
NIFTY,2026-08-18,26500.0,CE,0.3,0.3,0.05,0.05,24154.9,24013,41362639886.75,268710,-60190,2026-08-18
NIFTY,2026-08-18,26800.0,CE,0.15,0.3,0.05,0.05,24154.9,5743,10004358744.25,110175,7215,2026-08-18
NIFTY,2026-08-18,26950.0,CE,0.25,0.3,0.05,0.05,24154.9,1471,2576837087.5,74945,34125,2026-08-18
NIFTY,2026-08-25,21450.0,CE,0.0,0.0,0.0,2848.15,2729.77,0,0.0,0,0,2026-08-18
NIFTY,2026-08-25,21550.0,CE,0.0,0.0,0.0,2758.3,2629.89,0,0.0,0,0,2026-08-18
NIFTY,2026-08-25,22650.0,CE,0.0,0.0,0.0,1653.9,1531.47,0,0.0,780,0,2026-08-18
NIFTY,2026-08-25,23300.0,CE,990.0,990.0,915.6,918.65,918.65,126,198567863.0,26715,-2080,2026-08-18
NIFTY,2026-08-25,24150.0,CE,221.9,224.25,161.0,173.0,173.0,76758,121411038671.0,751205,665665,2026-08-18
NIFTY,2026-08-25,24350.0,CE,119.95,119.95,69.0,76.25,76.25,115007,182670226124.75,1526200,669370,2026-08-18
NIFTY,2026-08-25,25650.0,CE,1.4,1.6,1.0,1.35,1.35,9491,15824695747.25,327470,101010,2026-08-18
NIFTY,2026-08-25,25700.0,CE,1.35,1.6,0.95,1.3,1.3,57650,96309369975.0,2321150,536900,2026-08-18
NIFTY,2026-08-25,26850.0,CE,0.75,0.75,0.55,0.6,0.6,109,190237011.25,8905,-325,2026-08-18
NIFTY,2026-08-25,26950.0,CE,0.6,0.75,0.6,0.75,0.75,23,40291338.75,8190,650,2026-08-18
NIFTY,2026-09-01,23700.0,CE,651.05,651.05,580.6,586.75,586.75,22,34753046.25,1040,845,2026-08-18
NIFTY,2026-09-01,24050.0,CE,346.25,357.05,305.65,318.25,318.25,252,399291860.5,6825,5395,2026-08-18
NIFTY,2026-09-01,24200.0,CE,271.8,271.8,208.2,219.45,219.45,19523,31004880442.25,461760,365105,2026-08-18
NIFTY,2026-09-01,24300.0,CE,235.0,235.05,157.05,166.2,166.2,18931,30123234349.0,659555,333840,2026-08-18
NIFTY,2026-09-01,25750.0,CE,3.1,4.05,2.7,2.9,2.9,57,95416025.25,3315,910,2026-08-18
NIFTY,2026-09-01,26300.0,CE,1.9,1.9,1.1,1.4,1.4,267,456458717.0,27885,0,2026-08-18
NIFTY,2026-09-01,26750.0,CE,0.0,0.0,0.0,1.15,0.22,0,0.0,845,0,2026-08-18
NIFTY,2026-09-08,23400.0,CE,0.0,0.0,0.0,1438.9,931.12,0,0.0,0,0,2026-08-18
NIFTY,2026-09-08,25750.0,CE,0.0,0.0,0.0,169.75,26.54,0,0.0,0,0,2026-08-18
NIFTY,2026-09-08,26050.0,CE,4.7,5.55,4.0,4.3,4.3,231,391213296.5,37830,8905,2026-08-18
NIFTY,2026-09-15,22800.0,CE,0.0,0.0,0.0,1840.25,1502.13,0,0.0,0,0,2026-08-18
NIFTY,2026-09-15,22950.0,CE,0.0,0.0,0.0,1703.2,1367.94,0,0.0,0,0,2026-08-18
NIFTY,2026-09-29,21900.0,CE,0.0,0.0,0.0,2350.0,2433.42,0,0.0,130,0,2026-08-18
NIFTY,2026-09-29,22500.0,CE,1905.0,1940.0,1847.35,1863.7,1863.7,697,1104816745.5,298025,33865,2026-08-18
NIFTY,2026-09-29,22950.0,CE,1481.1,1481.1,1416.7,1416.7,1416.7,2,3171857.0,325,-65,2026-08-18
NIFTY,2026-09-29,23950.0,CE,605.15,605.45,576.4,577.95,577.95,6,9572995.25,2990,-65,2026-08-18
NIFTY,2026-09-29,24200.0,CE,480.1,500.0,409.95,420.35,420.35,7007,11221587916.5,293150,174525,2026-08-18
NIFTY,2026-09-29,25350.0,CE,56.05,56.65,39.5,41.15,41.15,699,1153904687.0,25090,7800,2026-08-18
NIFTY,2026-09-29,26250.0,CE,0.0,0.0,0.0,198.4,56.18,0,0.0,0,0,2026-08-18
NIFTY,2026-09-29,26350.0,CE,0.0,0.0,0.0,182.8,48.45,0,0.0,0,0,2026-08-18
NIFTY,2026-09-29,26550.0,CE,0.0,0.0,0.0,154.75,35.71,0,0.0,0,0,2026-08-18
NIFTY,2026-09-29,27200.0,CE,4.45,4.45,4.45,4.45,4.45,10,17682892.5,30810,0,2026-08-18
NIFTY,2026-09-29,34500.0,CE,0.7,0.9,0.5,0.55,0.55,134,300501753.5,10335,520,2026-08-18
NIFTY,2026-10-27,22300.0,CE,0.0,0.0,0.0,2165.6,2210.8,0,0.0,0,0,2026-08-18
NIFTY,2026-10-27,22400.0,CE,0.0,0.0,0.0,2083.15,2123.07,0,0.0,0,0,2026-08-18
NIFTY,2026-10-27,22600.0,CE,0.0,0.0,0.0,1922.3,1951.31,0,0.0,0,0,2026-08-18
NIFTY,2026-10-27,22700.0,CE,0.0,0.0,0.0,1844.0,1867.45,0,0.0,0,0,2026-08-18
NIFTY,2026-10-27,22850.0,CE,0.0,0.0,0.0,1729.4,1744.42,0,0.0,0,0,2026-08-18
NIFTY,2026-10-27,24000.0,CE,800.05,820.0,718.3,732.05,732.05,1741,2802030273.25,142610,33475,2026-08-18
NIFTY,2026-10-27,24400.0,CE,564.0,564.0,466.35,481.55,481.55,425,687969509.5,25415,8905,2026-08-18
NIFTY,2026-10-27,24450.0,CE,469.5,469.5,462.2,462.2,697.02,2,3239060.5,325,65,2026-08-18
NIFTY,2026-10-27,24900.0,CE,281.4,291.95,246.0,252.85,252.85,361,590607920.5,20150,2145,2026-08-18
NIFTY,2026-10-27,25550.0,CE,0.0,0.0,0.0,361.35,295.82,0,0.0,0,0,2026-08-18
NIFTY,2026-10-27,25700.0,CE,81.2,83.95,64.05,68.4,68.4,1181,1978671519.5,180570,5915,2026-08-18
NIFTY,2026-10-27,25900.0,CE,0.0,0.0,0.0,277.95,216.44,0,0.0,0,0,2026-08-18
NIFTY,2026-10-27,27050.0,CE,0.0,0.0,0.0,106.0,67.06,0,0.0,0,0,2026-08-18
NIFTY,2026-10-27,27150.0,CE,0.0,0.0,0.0,96.75,59.95,0,0.0,0,0,2026-08-18
NIFTY,2026-12-29,24000.0,CE,1190.0,1201.0,1108.0,1119.55,1119.55,1353,2210879307.0,1157995,-1365,2026-08-18
NIFTY,2026-12-29,30000.0,CE,14.0,14.2,12.0,12.35,12.35,571,1113928546.25,766870,-13580,2026-08-18
NIFTY,2027-06-29,18000.0,CE,0.0,0.0,0.0,4066.45,7154.06,0,0.0,0,0,2026-08-18
NIFTY,2028-06-27,21000.0,CE,0.0,0.0,0.0,5226.55,5843.76,0,0.0,0,0,2026-08-18
NIFTY,2028-12-26,19500.0,CE,0.0,0.0,0.0,9716.4,7604.35,0,0.0,0,0,2026-08-18
NIFTY,2028-12-26,33000.0,CE,0.0,0.0,0.0,2477.5,1061.98,0,0.0,0,0,2026-08-18
NIFTY,2029-06-26,24000.0,CE,0.0,0.0,0.0,8085.35,5116.58,0,0.0,0,0,2026-08-18
NIFTY,2029-12-24,27000.0,CE,0.0,0.0,0.0,6201.65,4146.63,0,0.0,0,0,2026-08-18
NIFTY,2030-12-31,33000.0,CE,0.0,0.0,0.0,3948.25,3024.64,0,0.0,0,0,2026-08-18
NIFTY,2026-08-18,23300.0,PE,0.55,0.6,0.05,0.05,24154.9,286071,433259465184.0,1477970,-1560975,2026-08-18
NIFTY,2026-08-18,24050.0,PE,3.65,6.4,0.05,0.65,24154.9,6124761,9575224893331.5,6948890,3338140,2026-08-18
NIFTY,2026-08-18,24250.0,PE,40.1,120.8,21.35,62.5,24154.9,16150817,25511340074567.75,4859205,-3399630,2026-08-18
NIFTY,2026-08-18,25550.0,PE,1400.0,1400.0,1400.0,1400.0,24154.9,1,1751750.0,260,0,2026-08-18
NIFTY,2026-08-25,21250.0,PE,1.0,1.45,0.95,1.1,1.1,220,303891272.75,12610,3575,2026-08-18
NIFTY,2026-08-25,23300.0,PE,5.1,5.6,3.5,4.0,4.0,65722,99553369997.25,1311115,-277615,2026-08-18
NIFTY,2026-08-25,23900.0,PE,28.8,39.85,23.65,32.6,32.6,227763,354285710252.5,2773810,635700,2026-08-18
NIFTY,2026-08-25,23950.0,PE,33.6,50.0,29.95,40.9,40.9,78972,123137462899.75,757835,117000,2026-08-18
NIFTY,2026-08-25,24100.0,PE,62.95,92.95,60.05,79.7,79.7,235266,369712414321.25,3651310,817505,2026-08-18
NIFTY,2026-08-25,24650.0,PE,396.8,457.85,376.0,440.25,440.25,2734,4454829795.0,183820,-44070,2026-08-18
NIFTY,2026-08-25,25650.0,PE,0.0,0.0,0.0,1625.0,1466.21,0,0.0,195,0,2026-08-18
NIFTY,2026-08-25,25900.0,PE,0.0,0.0,0.0,1520.0,1715.27,0,0.0,4355,0,2026-08-18
NIFTY,2026-08-25,26300.0,PE,2049.4,2075.0,2025.0,2043.25,2114.62,63,116081858.75,464620,-3120,2026-08-18
NIFTY,2026-08-25,26800.0,PE,0.0,0.0,0.0,2250.0,2614.02,0,0.0,130,0,2026-08-18
NIFTY,2026-09-01,22300.0,PE,5.0,5.0,4.0,4.6,4.6,148,214569052.75,25025,3510,2026-08-18
NIFTY,2026-09-01,22900.0,PE,6.6,7.15,5.7,6.2,6.2,842,1253660135.0,47060,10855,2026-08-18
NIFTY,2026-09-01,23150.0,PE,7.95,9.3,7.25,8.6,8.6,199,299551154.5,11505,6500,2026-08-18
NIFTY,2031-06-24,16500.0,PE,0.0,0.0,0.0,95.65,62.08,0,0.0,0,0,2026-08-18
NIFTY,2030-12-31,18000.0,PE,0.0,0.0,0.0,32.3,115.34,0,0.0,0,0,2026-08-18
NIFTY,2030-06-25,30000.0,PE,0.0,0.0,0.0,2100.85,2635.7,0,0.0,0,0,2026-08-18
NIFTY,2030-06-25,27000.0,PE,0.0,0.0,0.0,1286.05,1571.14,0,0.0,0,0,2026-08-18
NIFTY,2030-06-25,22500.0,PE,0.0,0.0,0.0,223.75,545.67,0,0.0,0,0,2026-08-18
NIFTY,2030-06-25,18000.0,PE,0.0,0.0,0.0,116.65,108.99,0,0.0,0,0,2026-08-18
NIFTY,2029-12-24,15000.0,PE,0.0,0.0,0.0,29.0,17.86,0,0.0,65,0,2026-08-18
NIFTY,2027-12-28,27000.0,PE,1730.85,1765.0,1722.55,1758.0,1758.0,31,57923485.75,45330,260,2026-08-18
NIFTY,2027-12-28,16500.0,PE,0.0,0.0,0.0,52.05,8.41,0,0.0,130,0,2026-08-18
NIFTY,2027-03-30,27000.0,PE,1950.0,1977.95,1927.75,1955.0,1955.0,57,107257959.25,51870,1625,2026-08-18
NIFTY,2026-12-29,31500.0,PE,0.0,0.0,0.0,4059.3,6609.84,0,0.0,0,0,2026-08-18
NIFTY,2026-12-29,28000.0,PE,3075.05,3124.0,3069.05,3112.35,3112.35,202,408268935.75,866375,3425,2026-08-18
NIFTY,2026-12-29,21000.0,PE,47.5,50.2,47.5,49.55,49.55,1946,2662526932.0,1100950,3445,2026-08-18
NIFTY,2026-10-27,27000.0,PE,2379.9,2466.0,2379.9,2450.0,2579.46,17,32540950.0,15405,715,2026-08-18
NIFTY,2026-10-27,26300.0,PE,0.0,0.0,0.0,2121.9,1964.89,0,0.0,0,0,2026-08-18
NIFTY,2026-10-27,25300.0,PE,928.5,928.8,928.5,928.8,1195.43,3,5114580.25,1040,-130,2026-08-18
NIFTY,2026-10-27,24250.0,PE,310.4,338.0,309.85,338.0,590.82,65,103832368.25,14105,-1170,2026-08-18
NIFTY,2026-10-27,24050.0,PE,0.0,0.0,0.0,656.15,503.16,0,0.0,0,0,2026-08-18
NIFTY,2026-10-27,23900.0,PE,207.0,226.6,206.95,219.0,219.0,208,326087966.75,51545,4225,2026-08-18
NIFTY,2026-10-27,23250.0,PE,0.0,0.0,0.0,356.75,239.7,0,0.0,0,0,2026-08-18
NIFTY,2026-10-27,22450.0,PE,0.0,0.0,0.0,43.05,94.93,0,0.0,845,0,2026-08-18
NIFTY,2026-10-27,22350.0,PE,36.7,40.0,36.7,39.65,39.65,25,36382869.25,1755,910,2026-08-18
NIFTY,2026-09-29,26600.0,PE,0.0,0.0,0.0,2474.55,2278.7,0,0.0,0,0,2026-08-18
NIFTY,2026-09-29,26250.0,PE,0.0,0.0,0.0,2180.0,1954.48,0,0.0,0,0,2026-08-18
NIFTY,2026-09-29,26100.0,PE,0.0,0.0,0.0,1566.0,1819.17,0,0.0,65,0,2026-08-18
NIFTY,2026-09-29,25500.0,PE,1103.0,1171.0,1082.0,1156.55,1156.55,1362,2358312518.25,774735,48360,2026-08-18
NIFTY,2026-09-29,25100.0,PE,760.0,824.05,758.0,808.15,808.15,36,60585973.5,24245,-195,2026-08-18
NIFTY,2026-09-29,23800.0,PE,134.75,154.7,127.65,141.95,141.95,7509,11685823831.5,701090,46735,2026-08-18
NIFTY,2026-09-29,23100.0,PE,47.3,55.0,46.35,51.85,51.85,5233,7874648284.75,448825,72085,2026-08-18
NIFTY,2026-09-29,22700.0,PE,28.95,32.95,27.55,32.0,32.0,2204,3256395935.0,259025,37700,2026-08-18
NIFTY,2026-09-29,22000.0,PE,16.05,17.15,15.45,16.5,16.5,3813,5456657748.75,982280,-260,2026-08-18
NIFTY,2026-09-15,24800.0,PE,0.0,0.0,0.0,601.05,757.46,0,0.0,0,0,2026-08-18
NIFTY,2026-09-15,24750.0,PE,556.0,556.0,503.3,523.7,723.43,27,44371037.75,455,455,2026-08-18
NIFTY,2026-09-15,23450.0,PE,0.0,0.0,0.0,114.05,140.9,0,0.0,0,0,2026-08-18
NIFTY,2026-09-15,22950.0,PE,20.0,20.5,16.6,20.25,20.25,58,86594189.5,4485,715,2026-08-18
NIFTY,2026-09-08,26000.0,PE,0.0,0.0,0.0,1356.15,1769.54,0,0.0,0,0,2026-08-18
NIFTY,2026-09-08,25850.0,PE,0.0,0.0,0.0,1234.05,1626.39,0,0.0,0,0,2026-08-18
NIFTY,2026-09-08,25550.0,PE,0.0,0.0,0.0,1003.8,1347.43,0,0.0,0,0,2026-08-18
NIFTY,2026-09-08,24850.0,PE,0.0,0.0,0.0,557.75,762.73,0,0.0,0,0,2026-08-18
NIFTY,2026-09-08,24200.0,PE,173.95,205.0,169.0,195.45,195.45,2309,3660501299.0,66235,27430,2026-08-18
NIFTY,2026-10-27,24100.0,CE,688.9,708.75,660.35,663.7,663.7,14,22549549.75,520,325,2026-08-18
NIFTY,2031-06-24,21000.0,PE,0.0,0.0,0.0,450.5,337.89,0,0.0,0,0,2026-08-18
NIFTY,2026-10-27,23650.0,CE,0.0,0.0,0.0,1181.9,1154.13,0,0.0,0,0,2026-08-18
NIFTY,2026-10-27,23250.0,CE,0.0,0.0,0.0,1441.3,1434.39,0,0.0,0,0,2026-08-18
NIFTY,2026-10-27,22650.0,CE,0.0,0.0,0.0,1882.95,1909.21,0,0.0,0,0,2026-08-18
NIFTY,2026-09-29,25950.0,CE,0.0,0.0,0.0,85.0,86.0,0,0.0,65,0,2026-08-18
NIFTY,2026-09-29,24300.0,CE,417.55,417.8,353.05,363.3,363.3,9164,14703444882.75,443430,141180,2026-08-18
NIFTY,2026-09-29,23100.0,CE,1310.0,1310.0,1290.0,1290.0,1290.0,3,4758263.25,910,130,2026-08-18
NIFTY,2026-09-29,22850.0,CE,0.0,0.0,0.0,1453.0,1560.22,0,0.0,390,0,2026-08-18
NIFTY,2026-10-27,22550.0,PE,0.0,0.0,0.0,46.6,107.8,0,0.0,715,0,2026-08-18
NIFTY,2026-09-29,27050.0,PE,0.0,0.0,0.0,2869.35,2708.1,0,0.0,0,0,2026-08-18
NIFTY,2028-06-27,16500.0,PE,0.0,0.0,0.0,3.8,17.98,0,0.0,0,0,2026-08-18
NIFTY,2027-12-28,23000.0,PE,482.8,494.7,468.75,476.0,595.28,21,32050320.25,49375,65,2026-08-18
NIFTY,2027-06-29,30000.0,PE,0.0,0.0,0.0,4000.0,4500.15,0,0.0,455,0,2026-08-18
NIFTY,2027-06-29,28500.0,PE,0.0,0.0,0.0,1807.05,3323.53,0,0.0,0,0,2026-08-18
NIFTY,2027-03-30,15000.0,PE,0.0,0.0,0.0,15.05,0.02,0,0.0,585,0,2026-08-18
NIFTY,2026-12-29,29000.0,PE,4050.0,4080.65,4044.7,4056.15,4056.15,12,25782669.25,221405,-390,2026-08-18
NIFTY,2026-12-29,27000.0,PE,2149.95,2198.0,2135.0,2181.45,2181.45,331,627630224.0,900535,-630,2026-08-18
NIFTY,2026-12-29,22500.0,PE,105.0,112.45,105.0,110.65,110.65,2138,3141958784.25,698815,35100,2026-08-18
NIFTY,2026-12-29,17000.0,PE,16.3,16.3,15.7,15.95,15.95,5,5530193.5,191370,130,2026-08-18
NIFTY,2026-10-27,27100.0,PE,0.0,0.0,0.0,2808.9,2670.74,0,0.0,0,0,2026-08-18
NIFTY,2026-09-29,26500.0,PE,2065.5,2120.75,2061.0,2112.5,2185.01,89,165454087.5,45370,2795,2026-08-18
NIFTY,2026-09-29,26200.0,PE,1750.0,1835.6,1750.0,1792.8,1792.8,2,3639064.0,390,130,2026-08-18
NIFTY,2026-09-29,25850.0,PE,0.0,0.0,0.0,1859.75,1599.81,0,0.0,0,0,2026-08-18
NIFTY,2026-09-29,24800.0,PE,515.0,595.85,515.0,582.6,582.6,901,1485522203.75,223015,-6695,2026-08-18
NIFTY,2026-09-29,24450.0,PE,345.65,390.0,345.0,378.0,378.0,365,588710307.25,28925,3250,2026-08-18
NIFTY,2026-09-29,23650.0,PE,100.0,122.15,100.0,112.85,112.85,386,596177432.5,32500,5590,2026-08-18
NIFTY,2026-10-27,24400.0,PE,355.3,408.9,355.3,392.15,392.15,438,705775024.5,38220,7735,2026-08-18
NIFTY,2026-10-27,24500.0,PE,406.7,453.55,406.7,436.85,436.85,3235,5242618368.0,340990,46215,2026-08-18
NIFTY,2026-10-27,25550.0,PE,0.0,0.0,0.0,901.9,1372.46,0,0.0,130,0,2026-08-18
NIFTY,2026-10-27,25850.0,PE,0.0,0.0,0.0,1093.8,1599.53,0,0.0,65,0,2026-08-18
NIFTY,2026-10-27,26450.0,PE,0.0,0.0,0.0,2246.05,2092.42,0,0.0,0,0,2026-08-18
NIFTY,2026-10-27,26650.0,PE,0.0,0.0,0.0,2415.2,2266.26,0,0.0,0,0,2026-08-18
NIFTY,2026-10-27,26800.0,PE,0.0,0.0,0.0,2544.55,2399.19,0,0.0,0,0,2026-08-18
NIFTY,2026-09-29,23600.0,PE,94.1,113.0,93.7,103.75,103.75,4819,7424820672.75,383370,72150,2026-08-18
NIFTY,2026-09-29,23000.0,PE,39.8,47.15,39.4,45.2,45.2,21825,32690592597.0,3552235,270505,2026-08-18
NIFTY,2026-09-29,22900.0,PE,35.7,41.4,35.1,40.15,40.15,2533,3776836739.0,273455,40560,2026-08-18
NIFTY,2026-09-15,26150.0,PE,0.0,0.0,0.0,1603.05,1897.98,0,0.0,0,0,2026-08-18
NIFTY,2026-09-15,25500.0,PE,0.0,0.0,0.0,1068.3,1305.97,0,0.0,0,0,2026-08-18
NIFTY,2026-09-15,23000.0,PE,20.0,24.05,18.8,22.35,22.35,381,570105562.0,15275,12740,2026-08-18
NIFTY,2026-09-15,22850.0,PE,0.0,0.0,0.0,40.15,46.28,0,0.0,0,0,2026-08-18
NIFTY,2026-10-27,27050.0,PE,0.0,0.0,0.0,2764.35,2625.01,0,0.0,0,0,2026-08-18
NIFTY,2026-09-08,26250.0,PE,0.0,0.0,0.0,1568.65,2011.78,0,0.0,0,0,2026-08-18
NIFTY,2026-09-08,25950.0,PE,0.0,0.0,0.0,1315.0,1721.61,0,0.0,0,0,2026-08-18
NIFTY,2026-09-08,25450.0,PE,0.0,0.0,0.0,931.85,1257.31,0,0.0,0,0,2026-08-18
NIFTY,2026-09-08,24950.0,PE,0.0,0.0,0.0,612.8,838.54,0,0.0,65,0,2026-08-18
NIFTY,2026-09-08,22550.0,PE,0.0,0.0,0.0,17.6,12.05,0,0.0,0,0,2026-08-18
NIFTY,2026-09-01,25000.0,PE,695.85,766.05,695.8,753.25,753.25,217,362910132.0,20800,4225,2026-08-18
NIFTY,2026-09-01,23900.0,PE,57.45,73.8,53.0,66.65,66.65,9338,14545119589.0,352235,91520,2026-08-18
NIFTY,2026-09-01,22000.0,PE,4.1,4.1,3.5,3.7,3.7,2766,3956062883.5,351195,48360,2026-08-18
NIFTY,2026-08-25,25350.0,PE,1074.9,1074.95,1074.9,1074.95,1169.62,2,3435240.25,1040,0,2026-08-18
NIFTY,2026-08-25,25200.0,PE,916.0,994.7,903.6,975.55,975.55,484,823060374.5,135135,16900,2026-08-18
NIFTY,2026-08-25,25000.0,PE,724.55,798.8,703.9,775.35,775.35,8167,13672860513.0,2097940,20020,2026-08-18
NIFTY,2026-08-25,24350.0,PE,160.0,218.1,157.6,198.25,198.25,56335,89857382914.0,745290,-29055,2026-08-18
NIFTY,2026-08-25,22650.0,PE,2.4,3.15,1.7,2.2,2.2,2382,3507236791.5,63245,30550,2026-08-18
NIFTY,2026-08-25,22200.0,PE,2.2,2.4,1.3,1.6,1.6,7293,10524578148.5,356460,14495,2026-08-18
NIFTY,2026-08-25,22100.0,PE,2.05,2.3,1.3,1.6,1.6,3579,5141595858.75,147095,26455,2026-08-18
NIFTY,2026-08-25,21350.0,PE,1.25,3.1,0.95,1.2,1.2,487,675874676.75,14430,6760,2026-08-18
NIFTY,2026-08-25,21200.0,PE,1.15,1.25,0.95,1.05,1.05,14082,19405956040.25,2632825,67015,2026-08-18
NIFTY,2026-08-18,25950.0,PE,0.0,0.0,0.0,1804.45,24154.9,0,0.0,0,0,2026-08-18
NIFTY,2026-08-18,25450.0,PE,1241.5,1241.5,1227.35,1227.35,24154.9,2,3468975.25,390,-130,2026-08-18
NIFTY,2026-08-18,25350.0,PE,1110.1,1144.55,1108.0,1117.6,24154.9,12,20652391.5,6045,-65,2026-08-18
NIFTY,2026-08-18,24800.0,PE,560.2,659.95,533.95,631.3,24154.9,8518,14058645090.75,234910,-29380,2026-08-18
NIFTY,2026-08-18,24350.0,PE,99.0,219.95,95.85,160.25,24154.9,2065696,3287595623591.5,989950,-4778605,2026-08-18
NIFTY,2026-08-18,22750.0,CE,0.0,0.0,0.0,1507.45,24154.9,0,0.0,0,0,2026-08-18
NIFTY,2026-08-18,22950.0,CE,1310.5,1310.5,1265.6,1265.6,24154.9,2,3150946.5,845,0,2026-08-18
NIFTY,2026-08-18,24500.0,CE,5.0,5.0,0.05,0.2,24154.9,3770658,6005102592381.75,9791990,-2729805,2026-08-18
NIFTY,2026-08-18,24800.0,CE,0.75,0.95,0.05,0.1,24154.9,1515705,2443367065295.0,5939505,-2609815,2026-08-18
NIFTY,2026-08-18,25600.0,CE,0.45,0.55,0.05,0.05,24154.9,186707,310683742729.75,2061150,-159835,2026-08-18
NIFTY,2026-08-18,27050.0,CE,0.35,0.35,0.05,0.05,24154.9,6578,11565836236.5,162630,139035,2026-08-18
NIFTY,2026-08-25,21200.0,CE,0.0,0.0,0.0,3211.5,2979.48,0,0.0,9945,0,2026-08-18
NIFTY,2026-08-25,21800.0,CE,0.0,0.0,0.0,2540.0,2380.18,0,0.0,65,0,2026-08-18
NIFTY,2026-08-25,23050.0,CE,0.0,0.0,0.0,1435.0,1135.01,0,0.0,455,0,2026-08-18
NIFTY,2026-08-25,23650.0,CE,644.05,650.85,571.7,577.05,577.05,84,132458839.5,6110,-130,2026-08-18
NIFTY,2026-08-25,23850.0,CE,480.0,480.0,383.8,397.6,397.6,931,1468468855.75,13975,-1755,2026-08-18
NIFTY,2026-08-25,24050.0,CE,293.6,297.7,225.35,240.05,240.05,8041,12701764435.75,109265,65325,2026-08-18
NIFTY,2026-08-25,24400.0,CE,71.05,100.55,53.95,59.15,59.15,317600,505120249975.25,6671340,2251990,2026-08-18
NIFTY,2026-08-25,24800.0,CE,15.0,16.4,6.95,7.65,7.65,315308,508456688480.0,6086990,1408615,2026-08-18
NIFTY,2026-08-18,23050.0,PE,0.6,0.6,0.05,0.05,24154.9,30479,45665621556.75,261105,-37570,2026-08-18
NIFTY,2026-08-18,22950.0,PE,0.5,0.5,0.05,0.05,24154.9,14636,21833471104.25,163085,-32890,2026-08-18
NIFTY,2026-08-18,22000.0,PE,0.3,0.3,0.05,0.05,24154.9,66285,94788128178.25,1395095,-543660,2026-08-18
NIFTY,2026-09-29,21950.0,CE,0.0,0.0,0.0,2369.2,2385.41,0,0.0,0,0,2026-08-18
NIFTY,2026-09-15,22750.0,PE,14.8,15.25,14.8,15.25,15.25,4,5918906.5,455,-260,2026-08-18
NIFTY,2026-09-29,21000.0,CE,3357.35,3385.9,3313.95,3321.0,3321.0,41,64889545.5,475345,-130,2026-08-18
NIFTY,2026-09-29,21600.0,CE,0.0,0.0,0.0,2920.0,2724.14,0,0.0,2860,0,2026-08-18
NIFTY,2026-10-27,24600.0,CE,414.1,431.2,372.65,382.45,382.45,336,546004979.0,28340,-585,2026-08-18
NIFTY,2026-08-25,25300.0,CE,2.65,2.75,1.9,2.3,2.3,133775,220013573510.25,4009850,2146300,2026-08-18
NIFTY,2026-08-25,25550.0,CE,1.1,1.9,1.1,1.6,1.6,10432,17326058769.5,347685,171275,2026-08-18
NIFTY,2026-08-25,26400.0,CE,0.55,0.7,0.55,0.7,0.7,1560,2677026547.0,239850,-16510,2026-08-18
NIFTY,2026-08-25,26450.0,CE,0.85,0.85,0.6,0.65,0.01,15,25789390.25,6110,0,2026-08-18
NIFTY,2026-08-25,26750.0,CE,0.8,0.8,0.7,0.7,0.0,33,57380258.0,4615,0,2026-08-18
NIFTY,2026-09-01,22400.0,CE,0.0,0.0,0.0,1986.25,1808.75,0,0.0,0,0,2026-08-18
NIFTY,2026-09-15,25600.0,CE,0.0,0.0,0.0,164.3,66.6,0,0.0,0,0,2026-08-18
NIFTY,2026-09-15,24500.0,CE,214.35,217.0,170.55,179.45,179.45,885,1420483395.5,38090,16900,2026-08-18
NIFTY,2026-09-15,23900.0,CE,0.0,0.0,0.0,928.4,641.73,0,0.0,0,0,2026-08-18
NIFTY,2026-09-01,22700.0,CE,0.0,0.0,0.0,1716.55,1513.84,0,0.0,0,0,2026-08-18
NIFTY,2026-09-01,23000.0,CE,1316.0,1316.0,1269.7,1277.75,1226.02,45,71040511.75,3575,2665,2026-08-18
NIFTY,2026-09-01,23150.0,CE,0.0,0.0,0.0,1338.05,1086.86,0,0.0,0,0,2026-08-18
NIFTY,2026-09-01,23750.0,CE,0.0,0.0,0.0,899.6,590.02,0,0.0,0,0,2026-08-18
NIFTY,2026-09-01,24500.0,CE,159.0,159.0,82.15,87.45,87.45,24741,39557483563.0,785980,270335,2026-08-18
NIFTY,2031-06-24,30000.0,CE,0.0,0.0,0.0,4459.9,4580.09,0,0.0,0,0,2026-08-18
NIFTY,2031-06-24,18000.0,CE,0.0,0.0,0.0,10825.95,11168.35,0,0.0,0,0,2026-08-18
NIFTY,2030-12-31,25500.0,CE,0.0,0.0,0.0,7639.65,6089.04,0,0.0,0,0,2026-08-18
NIFTY,2030-12-31,19500.0,CE,0.0,0.0,0.0,11601.15,9711.9,0,0.0,0,0,2026-08-18
NIFTY,2026-09-01,24750.0,CE,48.95,49.6,30.9,34.2,34.2,3865,6227521166.75,89635,49660,2026-08-18
NIFTY,2026-09-01,25050.0,CE,24.05,24.05,10.2,11.65,11.65,2059,3354354802.5,53690,23400,2026-08-18
NIFTY,2026-09-01,25550.0,CE,5.1,5.3,3.5,3.95,3.95,1673,2778909110.25,141245,-3380,2026-08-18
NIFTY,2026-09-01,26500.0,CE,1.5,2.4,1.1,1.4,1.4,1448,2494331697.0,38935,2275,2026-08-18
NIFTY,2026-09-08,22550.0,CE,0.0,0.0,0.0,2213.6,1695.3,0,0.0,0,0,2026-08-18
NIFTY,2026-09-08,24000.0,CE,473.85,473.85,394.05,403.35,403.35,593,941393121.5,22295,12285,2026-08-18
NIFTY,2026-09-08,24450.0,CE,183.05,183.1,150.0,155.3,155.3,534,854579849.5,15665,8645,2026-08-18
NIFTY,2026-09-08,25100.0,CE,29.5,31.1,20.85,22.85,22.85,1596,2606484374.0,66950,14950,2026-08-18
NIFTY,2026-09-08,26300.0,CE,2.45,3.6,2.45,2.55,2.55,66,112839515.75,7995,195,2026-08-18
NIFTY,2026-09-15,23200.0,CE,0.0,0.0,0.0,1481.9,1153.82,0,0.0,0,0,2026-08-18
NIFTY,2029-12-24,21000.0,CE,0.0,0.0,0.0,9463.95,7632.35,0,0.0,0,0,2026-08-18
NIFTY,2029-06-26,25500.0,CE,0.0,0.0,0.0,5917.35,4278.11,0,0.0,0,0,2026-08-18
NIFTY,2028-06-27,27000.0,CE,0.0,0.0,0.0,1935.0,2267.36,0,0.0,0,0,2026-08-18
NIFTY,2027-12-28,21000.0,CE,0.0,0.0,0.0,4902.4,5177.53,0,0.0,0,0,2026-08-18
NIFTY,2027-06-29,19500.0,CE,0.0,0.0,0.0,8143.4,5774.1,0,0.0,0,0,2026-08-18
NIFTY,2027-06-29,16500.0,CE,0.0,0.0,0.0,10867.2,8562.16,0,0.0,0,0,2026-08-18
NIFTY,2027-03-30,30000.0,CE,41.2,41.2,38.4,38.7,38.7,95,185496129.0,85085,-780,2026-08-18
NIFTY,2027-03-30,21000.0,CE,4100.0,4100.0,3996.9,4040.0,4040.0,17,27667409.25,975,975,2026-08-18
NIFTY,2026-12-29,25500.0,CE,380.9,380.9,336.65,346.5,346.5,2171,3648784714.25,760370,32565,2026-08-18
NIFTY,2026-12-29,19500.0,CE,0.0,0.0,0.0,7586.85,5119.88,0,0.0,0,0,2026-08-18
NIFTY,2026-10-27,26450.0,CE,0.0,0.0,0.0,178.65,126.99,0,0.0,0,0,2026-08-18
NIFTY,2026-09-15,23600.0,CE,826.65,826.65,826.65,826.65,842.88,1,1587732.25,65,65,2026-08-18
NIFTY,2028-12-26,20000.0,PE,0.0,0.0,0.0,279.0,204.45,0,0.0,3875,0,2026-08-18
NIFTY,2030-06-25,31500.0,PE,0.0,0.0,0.0,2056.3,3277.68,0,0.0,0,0,2026-08-18
NIFTY,2026-10-27,22700.0,PE,50.6,65.75,49.95,56.6,56.6,356,526548278.75,32695,8255,2026-08-18
NIFTY,2026-10-27,23550.0,PE,0.0,0.0,0.0,454.95,322.65,0,0.0,0,0,2026-08-18
NIFTY,2026-10-27,23850.0,PE,0.0,0.0,0.0,569.9,424.44,0,0.0,0,0,2026-08-18
NIFTY,2026-10-27,24350.0,PE,0.0,0.0,0.0,277.2,638.02,0,0.0,2730,0,2026-08-18
NIFTY,2028-06-27,24000.0,PE,0.0,0.0,0.0,1692.75,892.59,0,0.0,0,0,2026-08-18
NIFTY,2027-12-28,21000.0,PE,261.4,261.4,244.6,251.0,251.0,15,20723131.0,31330,130,2026-08-18
NIFTY,2027-12-28,17000.0,PE,0.0,0.0,0.0,57.2,13.62,0,0.0,17750,0,2026-08-18
NIFTY,2027-06-29,25500.0,PE,0.0,0.0,0.0,667.15,1438.92,0,0.0,0,0,2026-08-18
NIFTY,2027-06-29,21000.0,PE,136.95,137.0,136.95,137.0,156.04,3,4121711.75,7115,-65,2026-08-18
NIFTY,2026-10-27,26400.0,PE,0.0,0.0,0.0,2204.4,2049.62,0,0.0,0,0,2026-08-18
NIFTY,2026-10-27,26250.0,PE,0.0,0.0,0.0,2081.05,1922.97,0,0.0,0,0,2026-08-18
NIFTY,2026-10-27,25700.0,PE,0.0,0.0,0.0,952.1,1485.24,0,0.0,260,0,2026-08-18
NIFTY,2026-08-18,22450.0,CE,0.0,0.0,0.0,1774.75,24154.9,0,0.0,0,0,2026-08-18
NIFTY,2026-08-18,22700.0,CE,0.0,0.0,0.0,1551.05,24154.9,0,0.0,0,0,2026-08-18
NIFTY,2026-08-18,23950.0,CE,298.7,320.6,181.25,228.75,24154.9,47476,74709412849.5,71630,16315,2026-08-18
NIFTY,2026-08-18,24300.0,CE,48.0,48.8,0.05,1.4,24154.9,20096526,31751904997634.25,17823260,11587420,2026-08-18
NIFTY,2026-08-18,24350.0,CE,27.25,28.3,0.05,0.65,24154.9,9234080,14617460659756.5,8913840,1797380,2026-08-18
NIFTY,2026-08-18,25300.0,CE,0.45,0.6,0.05,0.05,24154.9,255465,420117612271.5,2873585,-859560,2026-08-18
NIFTY,2026-08-18,25350.0,CE,0.45,0.65,0.05,0.05,24154.9,117598,193774637943.25,1836900,696865,2026-08-18
NIFTY,2026-08-18,25400.0,CE,0.45,0.6,0.05,0.05,24154.9,233445,385422198811.0,2436200,-804245,2026-08-18
NIFTY,2026-08-18,26200.0,CE,0.35,0.35,0.05,0.05,24154.9,19651,33465893412.25,115765,-146510,2026-08-18
NIFTY,2026-08-18,26600.0,CE,0.25,0.3,0.05,0.05,24154.9,4764,8237004681.75,65000,-260,2026-08-18
NIFTY,2026-08-18,26750.0,CE,0.25,0.35,0.05,0.1,24154.9,1090,1895248329.0,30355,-1040,2026-08-18
NIFTY,2026-08-18,27000.0,CE,0.25,0.3,0.05,0.05,24154.9,21599,37906467491.75,290680,52585,2026-08-18
NIFTY,2026-08-25,22100.0,CE,0.0,0.0,0.0,2281.05,2080.53,0,0.0,0,0,2026-08-18
NIFTY,2026-08-25,22550.0,CE,0.0,0.0,0.0,1773.25,1631.2,0,0.0,130,0,2026-08-18
NIFTY,2026-08-25,22700.0,CE,0.0,0.0,0.0,1706.8,1481.65,0,0.0,5785,0,2026-08-18
NIFTY,2026-08-25,23200.0,CE,1085.45,1090.0,1010.4,1015.2,1015.2,121,190604895.0,25480,1170,2026-08-18
NIFTY,2026-08-25,23400.0,CE,882.35,882.35,826.4,834.4,834.4,86,135536235.25,28860,-325,2026-08-18
NIFTY,2026-08-25,23600.0,CE,681.0,699.5,611.15,634.8,634.8,600,945587799.0,239980,19370,2026-08-18
NIFTY,2026-08-25,24250.0,CE,180.0,180.0,109.0,118.25,118.25,225510,357373447349.75,2131025,1788345,2026-08-18
NIFTY,2026-08-25,24300.0,CE,148.5,152.0,86.45,95.6,95.6,453723,719810823293.25,7967245,4814680,2026-08-18
NIFTY,2026-08-25,24650.0,CE,27.0,28.6,14.2,15.8,15.8,106203,170292474946.75,1862705,1022775,2026-08-18
NIFTY,2026-08-25,25150.0,CE,4.6,4.6,2.9,3.1,3.1,30537,49926707333.75,536705,164125,2026-08-18
NIFTY,2026-08-25,27200.0,CE,0.6,0.8,0.55,0.65,0.65,3040,5374849187.5,295490,73580,2026-08-18
NIFTY,2026-09-01,22100.0,CE,0.0,0.0,0.0,2265.95,2106.62,0,0.0,0,0,2026-08-18
NIFTY,2026-09-01,22150.0,CE,0.0,0.0,0.0,2218.8,2056.87,0,0.0,0,0,2026-08-18
NIFTY,2026-09-01,24100.0,CE,340.8,340.8,267.8,278.9,278.9,2948,4674359062.75,80535,57460,2026-08-18
NIFTY,2026-09-01,27000.0,CE,1.6,1.6,1.15,1.35,1.35,65,114080655.0,28275,390,2026-08-18
NIFTY,2026-09-08,23950.0,CE,0.0,0.0,0.0,1004.15,538.54,0,0.0,0,0,2026-08-18
NIFTY,2026-09-08,24200.0,CE,350.0,350.0,267.3,279.45,279.45,1978,3149054499.5,70915,60060,2026-08-18
NIFTY,2026-09-08,24500.0,CE,166.05,175.0,126.65,136.35,136.35,4200,6729170584.5,198705,68315,2026-08-18
NIFTY,2026-09-08,24850.0,CE,63.0,65.4,43.9,47.4,47.4,599,969544790.5,28860,18330,2026-08-18
NIFTY,2026-09-08,25250.0,CE,0.0,0.0,0.0,307.5,75.35,0,0.0,0,0,2026-08-18
NIFTY,2026-09-08,25350.0,CE,0.0,0.0,0.0,274.75,61.98,0,0.0,0,0,2026-08-18
NIFTY,2026-09-08,26000.0,CE,4.75,5.4,3.8,4.6,4.6,704,1189971454.75,53040,7800,2026-08-18
NIFTY,2026-09-08,26250.0,CE,2.65,3.1,2.65,3.1,3.1,7,11945111.75,650,0,2026-08-18
NIFTY,2026-09-15,23350.0,CE,0.0,0.0,0.0,1354.25,1032.19,0,0.0,0,0,2026-08-18
NIFTY,2026-09-15,23950.0,CE,0.0,0.0,0.0,893.55,611.17,0,0.0,0,0,2026-08-18
NIFTY,2026-09-15,25100.0,CE,0.0,0.0,0.0,301.2,148.59,0,0.0,0,0,2026-08-18
NIFTY,2026-09-15,25800.0,CE,0.0,0.0,0.0,125.8,46.71,0,0.0,0,0,2026-08-18
NIFTY,2026-09-15,26050.0,CE,0.0,0.0,0.0,88.4,29.18,0,0.0,0,0,2026-08-18
NIFTY,2026-09-29,22200.0,CE,0.0,0.0,0.0,2158.9,2147.88,0,0.0,0,0,2026-08-18
NIFTY,2026-09-29,22800.0,CE,0.0,0.0,0.0,1745.0,1603.36,0,0.0,390,0,2026-08-18
NIFTY,2026-09-29,23000.0,CE,1450.05,1455.0,1371.95,1386.4,1386.4,724,1148853277.0,152750,9685,2026-08-18
NIFTY,2026-09-29,23700.0,CE,820.0,835.0,762.0,772.5,772.5,134,213410717.0,19045,2860,2026-08-18
NIFTY,2026-09-29,25200.0,CE,79.9,79.9,55.0,59.05,59.05,13701,22501199106.75,621790,71565,2026-08-18
NIFTY,2026-09-29,25600.0,CE,32.55,33.65,22.35,24.3,24.3,4908,8175714485.25,205920,910,2026-08-18
NIFTY,2026-09-29,26200.0,CE,10.5,11.3,8.85,9.4,9.4,1725,2938789093.5,192595,-23140,2026-08-18
NIFTY,2026-09-29,26800.0,CE,0.0,0.0,0.0,124.8,23.98,0,0.0,0,0,2026-08-18
NIFTY,2026-09-29,27100.0,CE,4.2,5.3,4.2,5.0,14.5,35,61663953.0,2665,1040,2026-08-18
NIFTY,2026-10-27,22800.0,CE,0.0,0.0,0.0,1767.2,1785.05,0,0.0,0,0,2026-08-18
NIFTY,2026-10-27,23200.0,CE,0.0,0.0,0.0,1475.8,1471.59,0,0.0,0,0,2026-08-18
NIFTY,2026-10-27,23450.0,CE,0.0,0.0,0.0,1307.95,1290.09,0,0.0,0,0,2026-08-18
NIFTY,2026-10-27,23600.0,CE,0.0,0.0,0.0,1212.7,1187.35,0,0.0,0,0,2026-08-18
NIFTY,2026-10-27,24050.0,CE,0.0,0.0,0.0,952.7,907.83,0,0.0,0,0,2026-08-18
NIFTY,2026-10-27,24750.0,CE,323.35,333.05,323.2,325.95,562.48,17,27708073.25,715,455,2026-08-18
NIFTY,2026-10-27,24850.0,CE,326.5,326.5,269.75,273.05,273.05,36,58791336.5,2470,260,2026-08-18
NIFTY,2026-10-27,25750.0,CE,75.0,79.1,61.2,63.8,63.8,386,647846592.25,59280,-2405,2026-08-18
NIFTY,2026-10-27,25850.0,CE,0.0,0.0,0.0,288.85,226.63,0,0.0,0,0,2026-08-18
NIFTY,2026-10-27,26300.0,CE,0.0,0.0,0.0,202.25,147.6,0,0.0,0,0,2026-08-18
NIFTY,2026-12-29,22000.0,CE,2850.0,2850.0,2761.15,2787.55,2787.55,70,112849347.0,263510,-520,2026-08-18
NIFTY,2026-12-29,27000.0,CE,80.0,81.1,70.3,72.4,72.4,5744,10109198320.0,2441115,17250,2026-08-18
NIFTY,2026-12-29,28500.0,CE,26.8,27.45,23.3,23.65,23.65,427,791722880.0,118885,-1625,2026-08-18
NIFTY,2026-12-29,29000.0,CE,19.9,20.2,16.5,17.25,17.25,1632,3078263847.75,524635,12585,2026-08-18
NIFTY,2026-12-29,31000.0,CE,10.9,10.9,8.7,9.35,9.35,39,78608585.25,160830,-1040,2026-08-18
NIFTY,2027-03-30,27000.0,CE,270.05,272.25,250.0,253.85,253.85,745,1320153285.75,634270,10400,2026-08-18
NIFTY,2027-03-30,31500.0,CE,0.0,0.0,0.0,94.65,55.95,0,0.0,0,0,2026-08-18
NIFTY,2027-12-28,16500.0,CE,0.0,0.0,0.0,11316.4,9069.14,0,0.0,0,0,2026-08-18
NIFTY,2029-12-24,18000.0,CE,0.0,0.0,0.0,11362.4,9799.84,0,0.0,0,0,2026-08-18
NIFTY,2030-06-25,21000.0,CE,0.0,0.0,0.0,10421.65,8179.22,0,0.0,0,0,2026-08-18
NIFTY,2030-12-31,31500.0,CE,0.0,0.0,0.0,4554.55,3507.58,0,0.0,0,0,2026-08-18
NIFTY,2031-06-24,21000.0,CE,0.0,0.0,0.0,8900.75,9202.81,0,0.0,0,0,2026-08-18
NIFTY,2031-06-24,33000.0,CE,0.0,0.0,0.0,3451.55,3519.4,0,0.0,0,0,2026-08-18
NIFTY,2026-08-18,22400.0,PE,0.4,0.4,0.05,0.05,24154.9,9427,13725825356.75,144560,-50440,2026-08-18
NIFTY,2026-08-18,23250.0,PE,0.6,0.7,0.05,0.05,24154.9,126610,191341760337.0,857220,416325,2026-08-18
NIFTY,2026-08-18,23400.0,PE,0.5,0.65,0.05,0.05,24154.9,284661,432974900770.75,2342990,214565,2026-08-18
NIFTY,2026-08-18,23900.0,PE,1.7,2.2,0.05,0.2,24154.9,1670345,2594948920736.25,5126420,-1400295,2026-08-18
NIFTY,2026-08-18,24200.0,PE,19.0,70.0,5.1,25.3,24154.9,37657676,59292119516854.25,11867960,1465360,2026-08-18
NIFTY,2026-08-18,24550.0,PE,300.0,418.15,281.8,356.95,24154.9,35228,56971511437.75,181805,-168285,2026-08-18
NIFTY,2026-08-18,25400.0,PE,1162.8,1261.35,1154.45,1254.45,24154.9,128,221212706.0,13780,-1820,2026-08-18
NIFTY,2026-08-18,25750.0,PE,1453.7,1601.0,1453.7,1601.0,24154.9,5,8873835.75,195,130,2026-08-18
NIFTY,2026-08-18,25850.0,PE,1610.95,1610.95,1610.95,1610.95,24154.9,4,7139847.0,130,-130,2026-08-18
NIFTY,2026-08-18,25900.0,PE,0.0,0.0,0.0,1515.7,24154.9,0,0.0,585,0,2026-08-18
NIFTY,2026-08-18,26100.0,PE,1856.0,1856.0,1856.0,1856.0,24154.9,2,3634280.0,260,0,2026-08-18
NIFTY,2026-08-18,26600.0,PE,0.0,0.0,0.0,2413.6,24154.9,0,0.0,0,0,2026-08-18
NIFTY,2026-08-18,26950.0,PE,0.0,0.0,0.0,2752.6,24154.9,0,0.0,0,0,2026-08-18
NIFTY,2026-08-25,22550.0,PE,2.75,2.9,1.5,2.1,2.1,1257,1842617676.25,55315,31525,2026-08-18
NIFTY,2026-08-25,22600.0,PE,3.0,3.0,1.55,2.05,2.05,16404,24099726556.75,354575,147030,2026-08-18
NIFTY,2026-08-25,23350.0,PE,5.65,5.85,3.8,4.4,4.4,17268,26213536758.5,490620,208585,2026-08-18
NIFTY,2026-08-25,23600.0,PE,8.45,10.65,7.05,8.55,8.55,129984,199466887815.0,3432130,1721070,2026-08-18
NIFTY,2026-08-25,24300.0,PE,119.95,188.0,104.55,169.45,169.45,328678,522585426333.75,5614570,1758120,2026-08-18
NIFTY,2026-08-25,25500.0,PE,1215.95,1292.25,1199.95,1270.6,1270.6,1764,3067978784.0,1281540,-9035,2026-08-18
NIFTY,2026-08-25,26000.0,PE,1745.85,1788.9,1701.2,1770.25,1770.25,2023,3649516757.25,2262585,23530,2026-08-18
NIFTY,2026-08-25,26050.0,PE,1762.0,1762.0,1762.0,1762.0,1864.97,1,1807780.0,260,0,2026-08-18
NIFTY,2026-08-25,26350.0,PE,0.0,0.0,0.0,1699.45,2164.56,0,0.0,65,0,2026-08-18
NIFTY,2026-08-25,26900.0,PE,2650.0,2650.0,2650.0,2650.0,2713.91,1,1920750.0,65,65,2026-08-18
NIFTY,2026-09-01,22400.0,PE,5.45,5.45,3.6,4.65,4.65,221,321842066.0,18785,2925,2026-08-18
NIFTY,2026-09-01,22550.0,PE,5.6,5.9,4.15,4.85,4.85,67,98226830.0,3770,1105,2026-08-18
NIFTY,2026-09-01,22600.0,PE,5.65,5.9,4.5,5.05,5.05,298,437858707.0,47320,7670,2026-08-18
NIFTY,2026-09-01,23000.0,PE,7.95,8.7,6.5,7.25,7.25,9210,13773266529.75,486070,133965,2026-08-18
NIFTY,2026-09-01,23200.0,PE,9.2,10.45,7.25,9.2,9.2,10274,15499111104.75,470925,335855,2026-08-18
NIFTY,2026-09-01,24150.0,PE,121.75,151.8,114.45,142.15,142.15,3362,5307387543.25,41665,24115,2026-08-18
NIFTY,2026-09-01,24350.0,PE,197.25,249.45,197.25,236.2,236.2,2214,3535991160.0,33410,-28405,2026-08-18
NIFTY,2026-09-01,24500.0,PE,280.0,347.15,280.0,328.45,328.45,5638,9093522139.0,313820,-12805,2026-08-18
NIFTY,2026-09-01,25800.0,PE,0.0,0.0,0.0,1550.85,1592.54,0,0.0,0,0,2026-08-18
NIFTY,2026-09-01,26200.0,PE,0.0,0.0,0.0,1899.45,1986.23,0,0.0,0,0,2026-08-18
NIFTY,2026-09-01,26850.0,PE,0.0,0.0,0.0,2502.1,2633.01,0,0.0,0,0,2026-08-18
NIFTY,2026-09-08,23850.0,PE,0.0,0.0,0.0,173.75,213.78,0,0.0,0,0,2026-08-18
NIFTY,2026-09-08,23950.0,PE,88.1,113.0,88.05,107.75,107.75,349,545699862.5,15730,4680,2026-08-18
NIFTY,2026-09-08,26050.0,PE,0.0,0.0,0.0,1397.8,1817.67,0,0.0,0,0,2026-08-18
NIFTY,2026-09-08,26150.0,PE,0.0,0.0,0.0,1482.45,1914.43,0,0.0,0,0,2026-08-18
NIFTY,2026-09-08,26200.0,PE,0.0,0.0,0.0,1525.35,1963.04,0,0.0,0,0,2026-08-18
NIFTY,2026-09-08,26400.0,PE,0.0,0.0,0.0,1700.8,2158.67,0,0.0,0,0,2026-08-18
NIFTY,2026-09-15,22800.0,PE,14.55,21.95,14.55,15.4,15.4,218,323292593.0,12025,11115,2026-08-18
NIFTY,2026-09-15,24150.0,PE,189.45,204.0,185.45,199.4,199.4,43,68050817.25,1690,1560,2026-08-18
NIFTY,2026-09-15,24450.0,PE,0.0,0.0,0.0,422.45,536.5,0,0.0,0,0,2026-08-18
NIFTY,2026-09-15,24500.0,PE,338.2,376.15,323.75,351.65,351.65,121,195474646.25,6955,-260,2026-08-18
NIFTY,2026-09-15,25350.0,PE,0.0,0.0,0.0,956.1,1178.69,0,0.0,0,0,2026-08-18
NIFTY,2026-09-15,26000.0,PE,0.0,0.0,0.0,1472.65,1756.84,0,0.0,0,0,2026-08-18
NIFTY,2026-09-15,26200.0,PE,0.0,0.0,0.0,1647.25,1945.46,0,0.0,0,0,2026-08-18
NIFTY,2026-09-29,22400.0,PE,21.05,23.9,21.05,23.2,23.2,413,601926299.0,43810,8775,2026-08-18
NIFTY,2026-09-29,23050.0,PE,43.85,50.1,43.55,48.55,48.55,1279,1920298929.25,23205,4225,2026-08-18
NIFTY,2026-09-29,24850.0,PE,600.0,629.9,600.0,623.8,833.89,5,8277792.25,7995,0,2026-08-18
NIFTY,2026-09-29,25050.0,PE,758.0,758.0,758.0,758.0,969.32,1,1677520.0,2340,0,2026-08-18
NIFTY,2026-09-29,25300.0,PE,950.0,978.35,950.0,976.25,976.25,11,18783739.0,10075,-130,2026-08-18
NIFTY,2026-09-29,25550.0,PE,0.0,0.0,0.0,930.0,1348.97,0,0.0,130,0,2026-08-18
NIFTY,2026-09-29,26000.0,PE,1532.0,1643.95,1532.0,1629.75,1629.75,1371,2460296358.0,1057080,42965,2026-08-18
NIFTY,2026-09-29,26050.0,PE,0.0,0.0,0.0,2017.5,1774.65,0,0.0,0,0,2026-08-18
NIFTY,2026-09-29,34500.0,PE,0.0,0.0,0.0,7064.95,10086.45,0,0.0,0,0,2026-08-18
NIFTY,2026-10-27,22900.0,PE,0.0,0.0,0.0,262.65,163.85,0,0.0,0,0,2026-08-18
NIFTY,2026-10-27,22950.0,PE,0.0,0.0,0.0,274.9,173.4,0,0.0,0,0,2026-08-18
NIFTY,2026-10-27,23150.0,PE,0.0,0.0,0.0,327.65,215.81,0,0.0,0,0,2026-08-18
NIFTY,2026-10-27,23750.0,PE,0.0,0.0,0.0,529.65,388.37,0,0.0,0,0,2026-08-18
NIFTY,2026-10-27,23800.0,PE,179.25,202.0,179.0,195.5,195.5,593,924786261.75,100555,15080,2026-08-18
NIFTY,2031-06-24,27000.0,PE,0.0,0.0,0.0,1653.15,1384.3,0,0.0,0,0,2026-08-18
NIFTY,2029-12-24,28500.0,PE,0.0,0.0,0.0,1255.9,2220.29,0,0.0,0,0,2026-08-18
NIFTY,2029-12-24,27000.0,PE,0.0,0.0,0.0,1177.9,1674.61,0,0.0,0,0,2026-08-18
NIFTY,2029-12-24,22500.0,PE,0.0,0.0,0.0,225.7,555.22,0,0.0,0,0,2026-08-18
NIFTY,2029-06-26,33000.0,PE,0.0,0.0,0.0,3022.85,4734.19,0,0.0,0,0,2026-08-18
NIFTY,2029-06-26,28500.0,PE,0.0,0.0,0.0,1349.1,2387.55,0,0.0,0,0,2026-08-18
NIFTY,2028-12-26,25500.0,PE,0.0,0.0,0.0,648.2,1335.19,0,0.0,0,0,2026-08-18
NIFTY,2026-08-25,25150.0,PE,898.15,914.0,898.15,908.2,908.2,6,10161804.25,1690,0,2026-08-18
NIFTY,2026-08-25,24550.0,PE,311.95,370.0,294.65,351.95,351.95,6341,10256156543.75,266370,-63635,2026-08-18
NIFTY,2026-08-25,24150.0,PE,79.95,112.05,74.1,97.45,97.45,150127,236579786521.0,1247090,560755,2026-08-18
NIFTY,2026-08-25,23650.0,PE,8.65,13.2,8.5,10.5,10.5,49377,75937424186.0,1209585,424125,2026-08-18
NIFTY,2026-08-25,23000.0,PE,4.9,4.9,2.55,3.0,3.0,162532,243017956613.25,8836750,2114385,2026-08-18
NIFTY,2026-08-25,21950.0,PE,1.55,2.0,1.15,1.4,1.4,298,425198829.25,9425,-260,2026-08-18
NIFTY,2026-08-18,26750.0,PE,0.0,0.0,0.0,2558.25,24154.9,0,0.0,0,0,2026-08-18
NIFTY,2026-09-08,26400.0,CE,2.2,3.1,2.2,2.55,2.55,139,238547920.0,6695,1430,2026-08-18
NIFTY,2026-09-15,22650.0,CE,0.0,0.0,0.0,1979.9,1639.8,0,0.0,0,0,2026-08-18
NIFTY,2026-09-15,23000.0,CE,0.0,0.0,0.0,1658.15,1324.09,0,0.0,0,0,2026-08-18
NIFTY,2026-09-15,23050.0,CE,0.0,0.0,0.0,1613.5,1280.73,0,0.0,0,0,2026-08-18
NIFTY,2026-09-15,23150.0,CE,0.0,0.0,0.0,1525.35,1195.57,0,0.0,0,0,2026-08-18
NIFTY,2026-09-15,23250.0,CE,0.0,0.0,0.0,1438.9,1112.66,0,0.0,0,0,2026-08-18
NIFTY,2026-09-15,23500.0,CE,0.0,0.0,0.0,1231.15,916.53,0,0.0,0,0,2026-08-18
NIFTY,2026-09-15,24100.0,CE,422.65,422.65,422.65,422.65,524.81,1,1593972.25,130,65,2026-08-18
NIFTY,2026-09-15,24850.0,CE,0.0,0.0,0.0,395.35,212.23,0,0.0,0,0,2026-08-18
NIFTY,2026-09-15,25050.0,CE,0.0,0.0,0.0,318.55,159.97,0,0.0,0,0,2026-08-18
NIFTY,2026-09-15,25250.0,CE,0.0,0.0,0.0,253.25,118.27,0,0.0,0,0,2026-08-18
NIFTY,2026-09-15,25650.0,CE,0.0,0.0,0.0,153.9,61.06,0,0.0,0,0,2026-08-18
NIFTY,2026-09-15,25750.0,CE,0.0,0.0,0.0,134.65,51.14,0,0.0,0,0,2026-08-18
NIFTY,2026-09-15,25850.0,CE,0.0,0.0,0.0,117.45,42.62,0,0.0,0,0,2026-08-18
NIFTY,2026-09-15,26100.0,CE,0.0,0.0,0.0,82.15,26.46,0,0.0,0,0,2026-08-18
NIFTY,2026-09-15,26200.0,CE,0.0,0.0,0.0,70.75,21.68,0,0.0,0,0,2026-08-18
NIFTY,2026-09-29,19500.0,CE,4820.55,4820.55,4820.55,4820.55,4801.11,1,1580835.75,140595,-65,2026-08-18
NIFTY,2026-09-29,21750.0,CE,0.0,0.0,0.0,2542.45,2578.27,0,0.0,0,0,2026-08-18
NIFTY,2026-09-29,21800.0,CE,0.0,0.0,0.0,2929.0,2529.86,0,0.0,65,0,2026-08-18
NIFTY,2026-09-29,22100.0,CE,0.0,0.0,0.0,2242.1,2242.34,0,0.0,0,0,2026-08-18
NIFTY,2026-09-29,24400.0,CE,370.0,387.05,300.0,310.3,310.3,11653,18729940524.75,587015,244465,2026-08-18
NIFTY,2026-09-29,24700.0,CE,222.0,222.0,172.6,179.05,179.05,8766,14186607886.75,398515,72865,2026-08-18
NIFTY,2026-09-29,24800.0,CE,180.0,195.4,140.0,146.75,146.75,8747,14191495321.25,497965,69225,2026-08-18
NIFTY,2026-09-29,24900.0,CE,143.35,149.0,111.65,117.45,117.45,5807,9447569404.0,265850,52455,2026-08-18
NIFTY,2026-09-29,26400.0,CE,0.0,0.0,0.0,175.4,44.94,0,0.0,0,0,2026-08-18
NIFTY,2026-10-27,22350.0,CE,0.0,0.0,0.0,2124.25,2166.79,0,0.0,0,0,2026-08-18
NIFTY,2026-10-27,22950.0,CE,0.0,0.0,0.0,1654.95,1664.35,0,0.0,0,0,2026-08-18
NIFTY,2026-10-27,23900.0,CE,801.75,840.65,801.75,813.7,813.7,14,22493500.25,455,260,2026-08-18
NIFTY,2026-10-27,24200.0,CE,667.65,667.65,584.6,602.3,602.3,339,546805626.25,21970,10790,2026-08-18
NIFTY,2026-10-27,24500.0,CE,500.0,500.0,417.5,431.2,431.2,3975,6446523447.0,267670,65910,2026-08-18
NIFTY,2026-10-27,25450.0,CE,0.0,0.0,0.0,388.6,322.39,0,0.0,0,0,2026-08-18
NIFTY,2026-10-27,26000.0,CE,48.1,55.35,39.85,43.5,43.5,6839,11579077308.5,703300,12480,2026-08-18
NIFTY,2026-10-27,26600.0,CE,0.0,0.0,0.0,157.4,108.86,0,0.0,0,0,2026-08-18
NIFTY,2026-10-27,26750.0,CE,0.0,0.0,0.0,138.3,92.97,0,0.0,0,0,2026-08-18
NIFTY,2026-12-29,21000.0,CE,3781.85,3781.85,3718.05,3723.95,3723.95,32,51438510.5,196535,-195,2026-08-18
NIFTY,2027-03-30,18000.0,CE,0.0,0.0,0.0,5643.55,6866.89,0,0.0,0,0,2026-08-18
NIFTY,2027-06-29,21000.0,CE,0.0,0.0,0.0,3061.8,4463.37,0,0.0,0,0,2026-08-18
NIFTY,2027-06-29,24000.0,CE,2000.05,2000.05,2000.05,2000.05,2277.97,1,1690003.25,1185,0,2026-08-18
NIFTY,2027-06-29,27000.0,CE,0.0,0.0,0.0,600.0,923.9,0,0.0,390,0,2026-08-18
NIFTY,2027-12-28,22500.0,CE,0.0,0.0,0.0,6183.0,4053.26,0,0.0,0,0,2026-08-18
NIFTY,2027-12-28,25500.0,CE,0.0,0.0,0.0,2400.0,2254.5,0,0.0,0,0,2026-08-18
NIFTY,2027-12-28,28500.0,CE,620.0,631.3,620.0,631.3,631.3,14,26506701.0,11440,-130,2026-08-18
NIFTY,2028-06-27,25500.0,CE,0.0,0.0,0.0,4676.6,2963.56,0,0.0,0,0,2026-08-18
NIFTY,2028-06-27,31500.0,CE,0.0,0.0,0.0,1784.8,912.01,0,0.0,0,0,2026-08-18
NIFTY,2026-09-08,25000.0,CE,47.0,47.0,27.9,30.7,30.7,5309,8639056507.25,245245,55965,2026-08-18
NIFTY,2026-09-08,24700.0,CE,103.7,111.0,71.05,76.7,76.7,1888,3041640582.5,77805,33540,2026-08-18
NIFTY,2026-09-08,23250.0,CE,0.0,0.0,0.0,1568.45,1055.24,0,0.0,0,0,2026-08-18
NIFTY,2026-09-08,23150.0,CE,0.0,0.0,0.0,1656.9,1141.2,0,0.0,0,0,2026-08-18
NIFTY,2026-09-08,22900.0,CE,0.0,0.0,0.0,1884.1,1365.37,0,0.0,0,0,2026-08-18
NIFTY,2026-09-01,26850.0,CE,0.95,0.95,0.95,0.95,0.14,1,1745311.75,975,0,2026-08-18
NIFTY,2026-09-01,26800.0,CE,1.8,1.8,1.8,1.8,0.17,4,6968468.0,4810,0,2026-08-18
NIFTY,2026-09-01,26400.0,CE,1.75,1.75,1.05,1.6,1.6,162,278004987.0,18720,-1690,2026-08-18
NIFTY,2026-09-01,26250.0,CE,1.95,1.95,1.95,1.95,1.54,1,1706376.75,2210,65,2026-08-18
NIFTY,2026-09-01,24600.0,CE,85.0,90.0,56.55,61.4,61.4,14775,23692270608.5,434070,156650,2026-08-18
NIFTY,2028-12-26,21000.0,CE,0.0,0.0,0.0,7512.5,6471.5,0,0.0,0,0,2026-08-18
NIFTY,2029-12-24,22500.0,CE,0.0,0.0,0.0,8486.15,6641.06,0,0.0,0,0,2026-08-18
NIFTY,2030-06-25,16500.0,CE,0.0,0.0,0.0,13374.05,11384.21,0,0.0,0,0,2026-08-18
NIFTY,2030-06-25,19500.0,CE,0.0,0.0,0.0,11140.25,9202.83,0,0.0,0,0,2026-08-18
NIFTY,2026-08-18,22800.0,CE,0.0,0.0,0.0,1464.3,24154.9,0,0.0,0,0,2026-08-18
NIFTY,2026-08-18,24750.0,CE,1.0,1.35,0.05,0.1,24154.9,1384964,2228110630905.25,4116320,-453570,2026-08-18
NIFTY,2026-08-18,26550.0,CE,0.25,0.55,0.05,0.1,24154.9,1186,2046752048.25,24960,4615,2026-08-18
NIFTY,2026-08-25,21300.0,CE,0.0,0.0,0.0,3070.0,2879.6,0,0.0,3705,0,2026-08-18
NIFTY,2026-08-25,21650.0,CE,0.0,0.0,0.0,2669.3,2530.01,0,0.0,0,0,2026-08-18
NIFTY,2026-08-25,21700.0,CE,2535.0,2535.0,2535.0,2535.0,2535.0,10,15752750.0,650,650,2026-08-18
NIFTY,2026-08-25,22500.0,CE,1780.05,1789.0,1707.5,1722.25,1722.25,627,987927921.5,288535,-7995,2026-08-18
NIFTY,2026-08-25,24450.0,CE,98.0,98.0,41.45,45.6,45.6,160950,256346415464.75,3782805,2922465,2026-08-18
NIFTY,2026-08-25,25850.0,CE,0.95,1.25,0.8,1.0,1.0,7254,12189018435.75,216385,10335,2026-08-18
NIFTY,2026-08-25,25900.0,CE,0.9,1.1,0.8,1.0,1.0,20047,33750400420.75,969410,-10205,2026-08-18
NIFTY,2026-08-25,26250.0,CE,0.75,0.8,0.65,0.7,0.7,268,457287645.75,94445,-1820,2026-08-18
NIFTY,2026-08-25,26900.0,CE,0.6,0.65,0.55,0.65,0.65,89,155620045.75,28275,0,2026-08-18
NIFTY,2026-09-01,22000.0,CE,0.0,0.0,0.0,2360.9,2206.2,0,0.0,0,0,2026-08-18
NIFTY,2026-09-01,22200.0,CE,0.0,0.0,0.0,2171.8,2007.15,0,0.0,0,0,2026-08-18
NIFTY,2026-09-01,24450.0,CE,130.3,137.25,98.05,105.4,105.4,3306,5279002852.5,87035,44915,2026-08-18
NIFTY,2030-12-31,21000.0,PE,0.0,0.0,0.0,455.05,342.86,0,0.0,780,0,2026-08-18
NIFTY,2030-06-25,25500.0,PE,0.0,0.0,0.0,568.55,1154.93,0,0.0,0,0,2026-08-18
NIFTY,2030-06-25,21000.0,PE,0.0,0.0,0.0,220.0,344.77,0,0.0,65,0,2026-08-18
NIFTY,2029-12-24,31500.0,PE,0.0,0.0,0.0,2240.25,3558.5,0,0.0,0,0,2026-08-18
NIFTY,2029-12-24,25500.0,PE,0.0,0.0,0.0,597.3,1216.74,0,0.0,0,0,2026-08-18
NIFTY,2029-06-26,24000.0,PE,0.0,0.0,0.0,825.0,870.67,0,0.0,155,0,2026-08-18
NIFTY,2028-12-26,28500.0,PE,0.0,0.0,0.0,1451.15,2573.54,0,0.0,0,0,2026-08-18
NIFTY,2028-12-26,27000.0,PE,1655.0,1655.0,1650.0,1655.0,1655.0,5,9312225.0,13035,65,2026-08-18
NIFTY,2027-03-30,19500.0,PE,56.0,60.0,56.0,57.7,57.7,425,540286760.0,85995,8385,2026-08-18
NIFTY,2026-12-29,26000.0,PE,1299.95,1369.25,1299.95,1357.85,1357.85,710,1262138117.5,1387850,700,2026-08-18
NIFTY,2026-12-29,13000.0,PE,0.0,0.0,0.0,7.5,0.0,0,0.0,8200,0,2026-08-18
NIFTY,2026-10-27,26150.0,PE,1657.0,1657.0,1657.0,1657.0,1657.0,1,1807455.0,130,-65,2026-08-18
NIFTY,2026-10-27,25900.0,PE,0.0,0.0,0.0,1231.5,1638.72,0,0.0,65,0,2026-08-18
NIFTY,2026-10-27,25750.0,PE,0.0,0.0,0.0,1149.95,1522.31,0,0.0,260,0,2026-08-18
NIFTY,2026-10-27,22850.0,PE,0.0,0.0,0.0,250.85,154.71,0,0.0,0,0,2026-08-18
NIFTY,2026-10-27,22800.0,PE,0.0,0.0,0.0,239.4,145.97,0,0.0,0,0,2026-08-18
NIFTY,2026-10-27,22650.0,PE,0.0,0.0,0.0,53.5,121.99,0,0.0,910,0,2026-08-18
NIFTY,2026-10-27,22250.0,PE,33.55,37.25,31.1,36.4,36.4,291,421524155.0,135200,5590,2026-08-18
NIFTY,2026-09-29,27200.0,PE,0.0,0.0,0.0,3004.3,2853.37,0,0.0,0,0,2026-08-18
NIFTY,2026-09-29,26300.0,PE,0.0,0.0,0.0,2221.3,2000.12,0,0.0,0,0,2026-08-18
NIFTY,2026-09-29,25750.0,PE,0.0,0.0,0.0,1035.0,1514.56,0,0.0,390,0,2026-08-18
NIFTY,2026-09-29,24600.0,PE,419.95,472.0,416.35,459.4,459.4,3755,6114772644.5,379925,70330,2026-08-18
NIFTY,2026-09-29,24400.0,PE,314.95,366.6,314.95,349.85,349.85,10489,16871880106.25,573690,236405,2026-08-18
NIFTY,2031-06-24,28500.0,CE,0.0,0.0,0.0,5048.95,5198.94,0,0.0,0,0,2026-08-18
NIFTY,2026-08-18,22550.0,PE,0.3,0.4,0.05,0.05,24154.9,5561,8151078178.75,196105,75790,2026-08-18
NIFTY,2026-08-18,24850.0,PE,609.95,708.35,589.25,680.4,24154.9,926,1533865544.25,39390,6500,2026-08-18
NIFTY,2026-08-18,25500.0,PE,1433.4,1433.4,1243.25,1322.1,24154.9,1286,2239184070.5,62725,-38805,2026-08-18
NIFTY,2026-08-18,25650.0,PE,0.0,0.0,0.0,1178.3,24154.9,0,0.0,520,0,2026-08-18
NIFTY,2026-09-29,24250.0,PE,260.05,294.45,256.7,283.5,283.5,1089,1736182152.25,48165,7540,2026-08-18
NIFTY,2026-09-29,24100.0,PE,206.15,242.1,203.05,226.9,226.9,3214,5081662797.25,259935,38350,2026-08-18
NIFTY,2026-09-29,23950.0,PE,164.15,193.5,164.15,181.0,181.0,398,624252707.0,25350,3120,2026-08-18
NIFTY,2026-09-29,23750.0,PE,119.8,140.95,118.65,131.75,131.75,600,931304881.0,65065,6695,2026-08-18
NIFTY,2026-09-29,23700.0,PE,105.0,131.9,105.0,121.6,121.6,5167,8000341085.75,443755,16250,2026-08-18
NIFTY,2026-09-29,23150.0,PE,50.35,57.15,50.35,54.3,54.3,121,182502105.5,23920,-1105,2026-08-18
NIFTY,2026-09-29,22250.0,PE,19.05,20.75,18.75,20.5,20.5,171,247530712.0,15275,2795,2026-08-18
NIFTY,2026-09-29,22200.0,PE,16.9,19.75,16.8,19.0,19.0,431,622457572.75,65585,7150,2026-08-18
NIFTY,2026-09-29,21700.0,PE,13.85,14.3,12.95,13.3,13.3,138,194769019.25,43745,3510,2026-08-18
NIFTY,2026-09-15,26050.0,PE,0.0,0.0,0.0,1515.75,1803.65,0,0.0,0,0,2026-08-18
NIFTY,2026-09-15,25200.0,PE,0.0,0.0,0.0,850.85,1056.18,0,0.0,0,0,2026-08-18
NIFTY,2026-09-15,24600.0,PE,0.0,0.0,0.0,317.15,626.18,0,0.0,1820,0,2026-08-18
NIFTY,2026-09-15,24300.0,PE,239.95,270.05,238.0,257.55,257.55,182,290426948.5,6240,455,2026-08-18
NIFTY,2026-09-15,23950.0,PE,125.0,141.05,115.9,133.9,133.9,23,35999356.25,5005,65,2026-08-18
NIFTY,2026-09-15,23350.0,PE,0.0,0.0,0.0,97.3,119.18,0,0.0,0,0,2026-08-18
NIFTY,2026-09-15,23100.0,PE,0.0,0.0,0.0,63.7,76.02,0,0.0,0,0,2026-08-18
NIFTY,2026-09-15,22550.0,PE,0.0,0.0,0.0,21.85,23.88,0,0.0,0,0,2026-08-18
NIFTY,2026-09-08,24700.0,PE,460.0,504.7,460.0,485.0,655.52,26,42560553.75,10205,-325,2026-08-18
NIFTY,2026-09-08,23700.0,PE,55.15,65.0,51.15,61.35,61.35,841,1298756332.25,74295,15925,2026-08-18
NIFTY,2026-09-08,23200.0,PE,18.25,21.5,17.35,20.75,20.75,457,689735241.0,16835,14950,2026-08-18
NIFTY,2026-09-01,27000.0,PE,0.0,0.0,0.0,2645.4,2782.59,0,0.0,0,0,2026-08-18
NIFTY,2026-09-01,26700.0,PE,0.0,0.0,0.0,2360.1,2483.48,0,0.0,0,0,2026-08-18
NIFTY,2026-09-01,26300.0,PE,0.0,0.0,0.0,1989.7,2085.42,0,0.0,0,0,2026-08-18
NIFTY,2026-09-01,25550.0,PE,0.0,0.0,0.0,1345.2,1351.43,0,0.0,0,0,2026-08-18
NIFTY,2026-09-01,25500.0,PE,1226.0,1248.95,1223.1,1240.35,1240.35,4,6951555.0,1495,195,2026-08-18
NIFTY,2026-09-01,25100.0,PE,790.9,849.7,790.9,830.55,830.55,3,5055124.75,390,195,2026-08-18
NIFTY,2026-09-01,24850.0,PE,0.0,0.0,0.0,418.0,730.39,0,0.0,65,0,2026-08-18
NIFTY,2026-09-01,24400.0,PE,230.0,279.6,219.65,265.65,265.65,7004,11223147786.5,291785,10725,2026-08-18
NIFTY,2026-09-01,24200.0,PE,130.0,173.0,130.0,160.75,160.75,26159,41410226776.75,562120,340145,2026-08-18
NIFTY,2026-09-01,23050.0,PE,7.25,8.4,6.8,7.65,7.65,134,200831098.0,10010,1235,2026-08-18
NIFTY,2026-09-01,22800.0,PE,5.55,5.95,4.9,5.3,5.3,1320,1956696462.5,97565,12870,2026-08-18
NIFTY,2026-08-25,26850.0,PE,0.0,0.0,0.0,2671.25,2663.96,0,0.0,0,0,2026-08-18
NIFTY,2026-08-25,25800.0,PE,1550.0,1553.55,1550.0,1553.55,1615.55,2,3555730.75,12610,130,2026-08-18
NIFTY,2030-12-31,19500.0,PE,0.0,0.0,0.0,67.4,207.09,0,0.0,0,0,2026-08-18
NIFTY,2029-06-26,22500.0,CE,0.0,0.0,0.0,7946.5,6048.33,0,0.0,0,0,2026-08-18
NIFTY,2028-12-26,27000.0,CE,0.0,0.0,0.0,2700.0,2913.01,0,0.0,845,0,2026-08-18
NIFTY,2028-06-27,28500.0,CE,0.0,0.0,0.0,2990.0,1701.92,0,0.0,0,0,2026-08-18
NIFTY,2028-06-27,22500.0,CE,0.0,0.0,0.0,6796.05,4761.03,0,0.0,0,0,2026-08-18
NIFTY,2027-03-30,28500.0,CE,86.05,86.05,78.6,79.1,79.1,457,849011137.0,111540,17550,2026-08-18
NIFTY,2027-03-30,16500.0,CE,0.0,0.0,0.0,6995.9,8304.38,0,0.0,0,0,2026-08-18
NIFTY,2026-12-29,20000.0,CE,4743.95,4743.95,4648.8,4678.55,4678.55,151,242247307.25,570205,-2470,2026-08-18
NIFTY,2026-10-27,26500.0,CE,22.1,24.35,19.0,19.65,19.65,2423,4176874903.5,128505,4030,2026-08-18
NIFTY,2026-10-27,25950.0,CE,0.0,0.0,0.0,267.4,206.62,0,0.0,0,0,2026-08-18
NIFTY,2026-08-18,25000.0,PE,750.0,869.0,735.0,818.7,24154.9,6278,10524475351.0,110240,-107705,2026-08-18
NIFTY,2026-08-18,25050.0,PE,814.2,896.85,797.5,858.4,24154.9,328,552001424.0,28470,130,2026-08-18
NIFTY,2026-08-18,25250.0,PE,1015.85,1097.75,1015.85,1067.7,24154.9,24,41023456.5,15015,-325,2026-08-18
NIFTY,2026-08-18,25700.0,PE,1541.55,1541.55,1473.5,1490.0,24154.9,4,7071350.0,1040,0,2026-08-18
NIFTY,2026-08-18,26000.0,PE,1939.75,1939.75,1748.15,1827.4,24154.9,949,1713676048.5,35490,-37765,2026-08-18
NIFTY,2026-08-18,26450.0,PE,0.0,0.0,0.0,2270.2,24154.9,0,0.0,0,0,2026-08-18
NIFTY,2026-08-25,22400.0,PE,2.75,3.25,1.35,1.85,1.85,7170,10440394542.5,215800,-19955,2026-08-18
NIFTY,2026-08-25,23450.0,PE,6.7,6.75,4.6,5.45,5.45,43518,66347656336.0,840645,401115,2026-08-18
NIFTY,2026-08-25,23500.0,PE,6.75,8.25,5.45,6.4,6.4,201319,307598248779.25,6693700,1550965,2026-08-18
NIFTY,2026-08-25,24000.0,PE,44.95,62.0,35.6,51.9,51.9,378295,591356224407.0,11410685,1113450,2026-08-18
NIFTY,2026-08-25,24200.0,PE,85.0,134.9,84.5,117.9,117.9,564365,891906493663.25,6794970,2369055,2026-08-18
NIFTY,2026-08-25,24900.0,PE,590.0,699.3,590.0,681.1,681.1,1204,2000649235.0,208585,15275,2026-08-18
NIFTY,2026-08-25,26100.0,PE,1828.0,1828.0,1828.0,1828.0,1914.89,2,3630640.0,26975,130,2026-08-18
NIFTY,2026-08-25,26550.0,PE,0.0,0.0,0.0,2413.1,2364.32,0,0.0,0,0,2026-08-18
NIFTY,2026-08-25,26600.0,PE,0.0,0.0,0.0,2455.55,2414.26,0,0.0,0,0,2026-08-18
NIFTY,2029-12-24,16500.0,PE,0.0,0.0,0.0,10.15,45.7,0,0.0,0,0,2026-08-18
NIFTY,2027-12-28,24000.0,PE,673.0,690.0,660.0,685.65,685.65,50,80197058.5,135120,-520,2026-08-18
NIFTY,2027-03-30,22500.0,PE,183.0,188.4,178.0,185.35,185.35,1924,2836795884.0,520065,63050,2026-08-18
NIFTY,2026-12-29,20000.0,PE,35.85,37.35,35.35,36.25,36.25,1643,2139759118.25,1157605,18200,2026-08-18
NIFTY,2026-12-29,18000.0,PE,21.35,21.95,20.65,21.25,21.25,200,234276854.5,494200,-390,2026-08-18
NIFTY,2026-10-27,25250.0,CE,0.0,0.0,0.0,447.85,381.05,0,0.0,0,0,2026-08-18
NIFTY,2026-10-27,24650.0,CE,380.95,390.4,347.3,353.4,353.4,43,69920210.75,2730,-325,2026-08-18
NIFTY,2026-10-27,23850.0,CE,0.0,0.0,0.0,1063.45,1026.61,0,0.0,0,0,2026-08-18
NIFTY,2026-10-27,23800.0,CE,900.0,905.0,880.0,890.9,1057.68,15,24076048.75,520,390,2026-08-18
NIFTY,2026-10-27,23750.0,CE,951.65,951.65,944.05,944.05,1089.3,2,3210720.5,0,0,2026-08-18
NIFTY,2026-10-27,22500.0,CE,2000.0,2020.0,2000.0,2000.0,2036.55,8,12741521.0,2600,520,2026-08-18
NIFTY,2026-09-29,27150.0,CE,0.0,0.0,0.0,5.05,13.3,0,0.0,845,0,2026-08-18
NIFTY,2026-09-29,26600.0,CE,7.25,7.8,6.2,6.8,6.8,334,577629201.5,45825,1820,2026-08-18
NIFTY,2026-09-29,26000.0,CE,15.0,15.75,11.65,12.4,12.4,17047,28824327863.5,2735450,16745,2026-08-18
NIFTY,2026-09-01,22500.0,PE,5.7,5.7,4.15,4.7,4.7,9250,13530989085.25,510250,252590,2026-08-18
NIFTY,2026-09-01,22850.0,PE,6.45,7.55,5.55,5.95,5.95,274,407069201.5,9685,3445,2026-08-18
NIFTY,2026-09-01,23700.0,PE,29.0,40.95,28.35,35.75,35.75,12029,18557449355.25,405665,146055,2026-08-18
NIFTY,2026-09-01,23750.0,PE,0.0,0.0,0.0,53.85,130.07,0,0.0,260,0,2026-08-18
NIFTY,2026-09-01,24100.0,PE,91.7,133.2,91.7,122.0,122.0,10995,17306793471.5,199550,51740,2026-08-18
NIFTY,2026-09-01,24800.0,PE,519.95,577.6,507.0,568.1,568.1,230,378938664.0,27430,3055,2026-08-18
NIFTY,2026-09-01,24900.0,PE,593.1,665.3,593.1,645.95,645.95,85,141094603.0,5135,-1430,2026-08-18
NIFTY,2026-09-01,25150.0,PE,0.0,0.0,0.0,1040.9,982.78,0,0.0,0,0,2026-08-18
NIFTY,2026-09-01,25600.0,PE,0.0,0.0,0.0,1385.45,1399.18,0,0.0,0,0,2026-08-18
NIFTY,2026-09-01,26800.0,PE,0.0,0.0,0.0,2454.6,2583.16,0,0.0,0,0,2026-08-18
NIFTY,2026-09-08,24150.0,PE,168.05,184.5,156.65,181.05,181.05,216,341491436.0,8190,8125,2026-08-18
NIFTY,2026-09-08,24650.0,PE,0.0,0.0,0.0,393.5,621.55,0,0.0,2210,0,2026-08-18
NIFTY,2026-09-08,25250.0,PE,0.0,0.0,0.0,795.8,1082.71,0,0.0,0,0,2026-08-18
NIFTY,2026-09-08,25300.0,PE,0.0,0.0,0.0,828.8,1125.58,0,0.0,0,0,2026-08-18
NIFTY,2026-09-08,25900.0,PE,0.0,0.0,0.0,1274.25,1673.88,0,0.0,0,0,2026-08-18
NIFTY,2026-09-08,26300.0,PE,0.0,0.0,0.0,1612.35,2060.64,0,0.0,0,0,2026-08-18
NIFTY,2026-09-15,22900.0,PE,0.0,0.0,0.0,44.15,51.31,0,0.0,0,0,2026-08-18
NIFTY,2026-09-29,25850.0,CE,0.0,0.0,0.0,117.25,98.52,0,0.0,65,0,2026-08-18
NIFTY,2026-09-29,25750.0,CE,0.0,0.0,0.0,293.5,112.51,0,0.0,0,0,2026-08-18
NIFTY,2026-09-29,25500.0,CE,40.0,42.25,28.65,30.65,30.65,25942,43058660986.25,2416960,-182130,2026-08-18
NIFTY,2026-09-29,24550.0,CE,290.1,290.1,231.15,239.15,239.15,724,1167427553.5,33020,2080,2026-08-18
NIFTY,2026-09-15,23650.0,PE,0.0,0.0,0.0,154.25,192.9,0,0.0,0,0,2026-08-18
NIFTY,2026-09-29,23350.0,CE,0.0,0.0,0.0,1399.0,1154.76,0,0.0,455,0,2026-08-18
NIFTY,2026-09-29,21650.0,CE,0.0,0.0,0.0,2630.65,2675.41,0,0.0,0,0,2026-08-18
NIFTY,2026-09-29,16500.0,CE,0.0,0.0,0.0,10168.85,7778.6,0,0.0,0,0,2026-08-18
NIFTY,2026-12-29,16500.0,PE,0.0,0.0,0.0,16.0,0.01,0,0.0,3770,0,2026-08-18
NIFTY,2026-12-29,14000.0,PE,8.55,8.55,8.0,8.0,0.0,20,18210614.5,8310,0,2026-08-18
NIFTY,2026-10-27,26750.0,PE,0.0,0.0,0.0,2501.2,2354.65,0,0.0,0,0,2026-08-18
NIFTY,2026-10-27,26500.0,PE,0.0,0.0,0.0,1740.5,2135.49,0,0.0,1430,0,2026-08-18
NIFTY,2026-10-27,25650.0,PE,0.0,0.0,0.0,944.65,1447.55,0,0.0,130,0,2026-08-18
NIFTY,2026-10-27,25450.0,PE,0.0,0.0,0.0,848.5,1300.28,0,0.0,130,0,2026-08-18
NIFTY,2026-10-27,24750.0,PE,0.0,0.0,0.0,486.95,849.09,0,0.0,1170,0,2026-08-18
NIFTY,2026-09-15,24350.0,PE,270.2,288.0,249.9,276.85,276.85,65,104024628.5,4940,780,2026-08-18
NIFTY,2026-08-18,22150.0,CE,0.0,0.0,0.0,2053.6,24154.9,0,0.0,0,0,2026-08-18
NIFTY,2026-08-18,23200.0,CE,1040.0,1040.0,995.0,1003.5,24154.9,9,14164644.0,1495,-65,2026-08-18
NIFTY,2026-08-18,23650.0,CE,600.7,600.7,491.4,511.65,24154.9,576,906522152.25,12675,0,2026-08-18
NIFTY,2026-08-18,24400.0,CE,10.0,18.2,0.05,0.35,24154.9,6110002,9691455282983.5,9438260,-1024205,2026-08-18
NIFTY,2026-08-18,24600.0,CE,1.95,2.0,0.05,0.15,24154.9,2080759,3327238799179.75,7844200,-2464670,2026-08-18
NIFTY,2026-08-18,25200.0,CE,0.5,0.65,0.05,0.05,24154.9,451893,740210101731.75,3344770,-1223690,2026-08-18
NIFTY,2026-08-18,25650.0,CE,0.35,0.5,0.05,0.05,24154.9,25903,43187266200.0,354055,-179855,2026-08-18
NIFTY,2026-08-25,21250.0,CE,3029.6,3029.6,2971.0,2971.0,2929.54,2,3152539.0,65,65,2026-08-18
NIFTY,2026-08-25,21400.0,CE,0.0,0.0,0.0,2616.3,2779.72,0,0.0,130,0,2026-08-18
NIFTY,2026-08-25,21500.0,CE,2802.4,2802.45,2717.0,2717.0,2717.0,33,52025775.75,333580,-455,2026-08-18
NIFTY,2026-08-25,22050.0,CE,0.0,0.0,0.0,2323.1,2130.47,0,0.0,0,0,2026-08-18
NIFTY,2026-08-25,22150.0,CE,0.0,0.0,0.0,2147.4,2030.59,0,0.0,130,0,2026-08-18
NIFTY,2026-08-25,22300.0,CE,0.0,0.0,0.0,2113.8,1880.78,0,0.0,1820,0,2026-08-18
NIFTY,2026-08-25,23750.0,CE,552.7,555.6,477.9,491.15,491.15,206,324898980.25,10270,-715,2026-08-18
NIFTY,2026-08-25,23800.0,CE,500.0,510.85,426.7,444.15,444.15,5775,9106809221.25,622700,71110,2026-08-18
NIFTY,2026-08-25,24200.0,CE,205.0,205.1,133.0,144.65,144.65,503567,797213513772.0,6925880,5437640,2026-08-18
NIFTY,2026-08-25,24500.0,CE,63.95,74.0,32.15,35.55,35.55,407251,649643455825.0,12083955,3081065,2026-08-18
NIFTY,2026-10-27,24550.0,PE,0.0,0.0,0.0,388.3,739.06,0,0.0,2925,0,2026-08-18
NIFTY,2026-10-27,24000.0,PE,236.25,263.7,232.25,250.25,250.25,3200,5044032266.0,445380,36270,2026-08-18
NIFTY,2026-10-27,23950.0,PE,0.0,0.0,0.0,612.05,462.7,0,0.0,0,0,2026-08-18
NIFTY,2026-09-15,24900.0,PE,0.0,0.0,0.0,659.05,827.84,0,0.0,0,0,2026-08-18
NIFTY,2026-09-15,25100.0,PE,775.05,810.0,775.05,810.0,977.47,2,3366028.25,65,65,2026-08-18
NIFTY,2026-09-15,25150.0,PE,0.0,0.0,0.0,817.1,1016.52,0,0.0,0,0,2026-08-18
NIFTY,2026-09-29,21600.0,PE,13.5,13.5,11.8,12.05,12.05,206,289387133.75,37895,1235,2026-08-18
NIFTY,2026-09-29,21800.0,PE,14.65,14.75,13.35,13.85,13.85,193,273657462.0,37440,4225,2026-08-18
NIFTY,2026-09-29,22300.0,PE,18.3,21.7,18.3,20.9,20.9,403,584676394.25,136695,10140,2026-08-18
NIFTY,2026-09-29,22850.0,PE,35.0,38.45,34.8,37.4,37.4,32,47604768.25,13780,260,2026-08-18
NIFTY,2026-09-29,23250.0,PE,51.0,67.0,51.0,63.2,63.2,304,460628408.5,26065,1690,2026-08-18
NIFTY,2026-09-15,25000.0,CE,65.0,71.5,44.05,47.55,47.55,2090,3403544348.75,77480,36595,2026-08-18
NIFTY,2026-09-15,23450.0,CE,0.0,0.0,0.0,1271.65,954.38,0,0.0,0,0,2026-08-18
NIFTY,2026-09-08,26200.0,CE,3.4,3.4,3.1,3.1,3.1,8,13625657.5,715,0,2026-08-18
NIFTY,2026-09-08,26100.0,CE,4.3,4.55,4.05,4.05,11.56,33,55993866.5,1820,780,2026-08-18
NIFTY,2026-09-08,25900.0,CE,4.75,19.4,4.25,4.9,4.9,138,232370251.75,4810,4810,2026-08-18
NIFTY,2026-09-08,25600.0,CE,8.0,8.8,6.75,7.05,7.05,1265,2105593831.25,103155,4160,2026-08-18
NIFTY,2026-09-08,25550.0,CE,0.0,0.0,0.0,217.2,41.11,0,0.0,0,0,2026-08-18
NIFTY,2026-09-08,24100.0,CE,388.0,388.0,326.1,337.7,337.7,164,260672863.75,7280,6565,2026-08-18
NIFTY,2026-09-08,23850.0,CE,0.0,0.0,0.0,1077.3,601.55,0,0.0,0,0,2026-08-18
NIFTY,2026-08-25,24900.0,CE,7.2,8.25,4.8,5.35,5.35,219687,355647868121.0,4063605,1183455,2026-08-18
NIFTY,2026-08-25,24950.0,CE,9.65,9.7,4.5,4.85,4.85,57629,93479322430.0,1259180,548990,2026-08-18
NIFTY,2026-08-25,25050.0,CE,4.95,4.95,3.35,3.75,3.75,33656,54809102361.0,957125,318695,2026-08-18
NIFTY,2026-08-25,25600.0,CE,1.4,1.7,1.15,1.4,1.4,69262,115258514146.75,2665715,1085565,2026-08-18
NIFTY,2026-08-25,25950.0,CE,0.8,1.15,0.8,0.95,0.95,3086,5205500898.0,239655,1430,2026-08-18
NIFTY,2026-08-25,26050.0,CE,0.8,0.95,0.7,0.85,0.85,1147,1942221255.0,215995,130,2026-08-18
NIFTY,2026-08-25,26100.0,CE,0.75,1.0,0.7,0.8,0.8,3376,5727568106.0,311090,-37375,2026-08-18
NIFTY,2026-08-25,26300.0,CE,0.65,0.75,0.6,0.7,0.7,5282,9029809714.25,836420,-38285,2026-08-18
NIFTY,2026-08-25,26700.0,CE,0.55,0.7,0.55,0.7,0.7,565,980580113.5,43810,-15080,2026-08-18
NIFTY,2026-08-25,27150.0,CE,0.6,0.65,0.55,0.65,0.65,91,160595834.75,20280,1755,2026-08-18
NIFTY,2026-09-01,22050.0,CE,0.0,0.0,0.0,2313.35,2156.4,0,0.0,0,0,2026-08-18
NIFTY,2026-09-01,22350.0,CE,0.0,0.0,0.0,2032.25,1858.26,0,0.0,0,0,2026-08-18
NIFTY,2030-06-25,30000.0,CE,0.0,0.0,0.0,5580.35,3475.67,0,0.0,0,0,2026-08-18
NIFTY,2026-09-29,23350.0,PE,66.25,75.3,65.45,72.55,72.55,453,689644686.25,45760,5395,2026-08-18
NIFTY,2026-09-29,23900.0,PE,150.05,178.9,150.0,166.4,166.4,4013,6277279349.25,289640,7865,2026-08-18
NIFTY,2026-09-29,25000.0,PE,661.0,746.65,661.0,723.5,723.5,5218,8721898074.5,1261825,28210,2026-08-18
NIFTY,2026-09-29,25600.0,PE,0.0,0.0,0.0,1092.85,1389.72,0,0.0,390,0,2026-08-18
NIFTY,2026-09-29,26750.0,PE,0.0,0.0,0.0,2604.3,2420.55,0,0.0,0,0,2026-08-18
NIFTY,2026-09-29,26850.0,PE,0.0,0.0,0.0,2691.9,2515.89,0,0.0,0,0,2026-08-18
NIFTY,2026-09-29,26900.0,PE,0.0,0.0,0.0,2127.9,2563.76,0,0.0,65,0,2026-08-18
NIFTY,2026-09-29,28500.0,PE,4119.95,4119.95,4050.0,4070.0,4070.0,41,86789722.5,423280,1950,2026-08-18
NIFTY,2026-10-27,23050.0,PE,0.0,0.0,0.0,301.35,193.74,0,0.0,0,0,2026-08-18
NIFTY,2031-06-24,22500.0,CE,0.0,0.0,0.0,8012.75,8287.83,0,0.0,0,0,2026-08-18
NIFTY,2026-08-18,22900.0,PE,0.5,0.55,0.05,0.05,24154.9,24803,36919602798.0,452140,19305,2026-08-18
NIFTY,2026-08-18,24150.0,PE,9.1,27.7,0.05,6.6,24154.9,28686858,45046980096374.75,21440445,15224820,2026-08-18
NIFTY,2026-09-08,23650.0,CE,0.0,0.0,0.0,1232.5,739.17,0,0.0,0,0,2026-08-18
NIFTY,2026-09-08,22950.0,CE,0.0,0.0,0.0,1838.05,1319.61,0,0.0,0,0,2026-08-18
NIFTY,2026-09-01,27200.0,CE,1.45,1.5,1.0,1.35,0.03,59,104316891.25,12350,390,2026-08-18
NIFTY,2026-09-01,26100.0,CE,2.3,2.3,1.55,1.9,1.9,546,926354861.25,27950,-260,2026-08-18
NIFTY,2026-09-01,24850.0,CE,38.9,38.9,20.7,23.2,23.2,3414,5520456542.25,93470,43550,2026-08-18
NIFTY,2026-09-01,24800.0,CE,41.45,41.8,25.15,28.5,28.5,22365,36099820818.75,607555,220155,2026-08-18
NIFTY,2026-09-01,24700.0,CE,59.0,60.75,37.75,43.2,43.2,21525,34625454045.0,728910,312130,2026-08-18
NIFTY,2026-09-01,23900.0,CE,472.45,479.45,415.0,419.75,419.75,183,289576768.0,10660,2730,2026-08-18
NIFTY,2026-09-01,23600.0,CE,693.0,702.0,693.0,702.0,702.65,2,3158675.0,260,130,2026-08-18
NIFTY,2026-10-27,23300.0,PE,101.85,111.25,99.0,104.95,104.95,544,827608047.5,92365,19305,2026-08-18
NIFTY,2026-10-27,23350.0,PE,0.0,0.0,0.0,387.65,266.23,0,0.0,0,0,2026-08-18
NIFTY,2030-06-25,28500.0,CE,0.0,0.0,0.0,5382.85,4071.49,0,0.0,0,0,2026-08-18
NIFTY,2029-12-24,21000.0,PE,0.0,0.0,0.0,350.05,341.91,0,0.0,715,0,2026-08-18
NIFTY,2029-12-24,30000.0,PE,0.0,0.0,0.0,1953.5,2849.83,0,0.0,0,0,2026-08-18
NIFTY,2030-12-31,16500.0,PE,0.0,0.0,0.0,13.65,58.11,0,0.0,0,0,2026-08-18
NIFTY,2026-09-29,24200.0,PE,229.0,278.8,229.0,263.2,263.2,9190,14611706391.75,691600,105040,2026-08-18
NIFTY,2026-09-29,24300.0,PE,256.15,320.85,256.15,305.3,305.3,9378,14995226772.5,555425,125580,2026-08-18
NIFTY,2026-09-29,24500.0,PE,355.0,418.0,355.0,399.1,399.1,20184,32660006483.0,2380235,137475,2026-08-18
NIFTY,2026-09-29,24650.0,PE,459.0,497.5,445.0,489.25,489.25,45,73503303.25,13390,-910,2026-08-18
NIFTY,2026-09-29,25200.0,PE,845.0,896.5,839.95,883.95,883.95,43,72863446.5,37895,-325,2026-08-18
NIFTY,2026-09-29,25400.0,PE,1050.0,1060.3,1050.0,1060.3,1229.58,4,6878748.5,8320,130,2026-08-18
NIFTY,2026-08-18,23600.0,CE,650.45,657.75,541.95,566.05,24154.9,734,1155163841.0,21060,2665,2026-08-18
NIFTY,2026-08-18,23500.0,CE,749.0,766.0,637.35,669.3,24154.9,1952,3072068743.25,34060,-28080,2026-08-18
NIFTY,2026-08-18,22500.0,CE,1745.0,1785.15,1706.05,1717.2,24154.9,78,122879448.25,5265,-1105,2026-08-18
NIFTY,2026-08-18,22100.0,CE,0.0,0.0,0.0,2100.9,24154.9,0,0.0,0,0,2026-08-18
NIFTY,2026-08-18,22050.0,CE,0.0,0.0,0.0,2148.45,24154.9,0,0.0,0,0,2026-08-18
NIFTY,2026-09-29,25450.0,PE,0.0,0.0,0.0,966.65,1268.89,0,0.0,715,0,2026-08-18
NIFTY,2026-09-29,25950.0,PE,0.0,0.0,0.0,1299.0,1686.55,0,0.0,65,0,2026-08-18
NIFTY,2026-10-27,23400.0,PE,0.0,0.0,0.0,403.8,278.79,0,0.0,0,0,2026-08-18
NIFTY,2026-10-27,23600.0,PE,145.0,164.95,145.0,153.85,153.85,423,653114884.5,36530,3445,2026-08-18
NIFTY,2026-10-27,23650.0,PE,0.0,0.0,0.0,491.35,354.46,0,0.0,0,0,2026-08-18
NIFTY,2026-10-27,24200.0,PE,295.0,325.1,289.6,310.7,310.7,627,999000021.5,52520,4355,2026-08-18
NIFTY,2026-10-27,24650.0,PE,487.4,510.05,487.4,510.05,792.98,7,11441358.5,2535,65,2026-08-18
NIFTY,2026-10-27,24700.0,PE,510.1,553.2,510.0,537.9,537.9,287,470913121.25,19110,-13780,2026-08-18
NIFTY,2026-10-27,24950.0,PE,0.0,0.0,0.0,553.2,967.8,0,0.0,4225,0,2026-08-18
NIFTY,2026-10-27,26550.0,PE,0.0,0.0,0.0,2330.1,2178.82,0,0.0,0,0,2026-08-18
NIFTY,2026-10-27,26850.0,PE,0.0,0.0,0.0,2588.1,2443.95,0,0.0,0,0,2026-08-18
NIFTY,2026-10-27,27150.0,PE,0.0,0.0,0.0,2853.65,2716.65,0,0.0,0,0,2026-08-18
NIFTY,2026-10-27,27200.0,PE,0.0,0.0,0.0,2898.55,2762.72,0,0.0,0,0,2026-08-18
NIFTY,2026-12-29,23000.0,PE,147.0,165.0,146.15,161.75,161.75,3996,6015502954.5,2569685,20215,2026-08-18
NIFTY,2026-12-29,30000.0,PE,4989.0,5054.95,4948.65,5018.6,5018.6,141,320806469.75,381345,-2860,2026-08-18
NIFTY,2027-03-30,24000.0,PE,427.7,452.2,426.95,446.45,446.45,2056,3266228387.5,796185,-15600,2026-08-18
NIFTY,2027-06-29,22500.0,PE,242.35,242.35,242.35,242.35,389.82,2,2956505.5,715,65,2026-08-18
NIFTY,2027-12-28,25000.0,PE,963.95,995.0,955.0,990.0,990.0,46,77675139.75,73800,260,2026-08-18
NIFTY,2027-12-28,26000.0,PE,1315.0,1384.0,1305.0,1342.0,1342.0,73,129737604.75,56025,2200,2026-08-18
NIFTY,2028-06-27,33000.0,PE,0.0,0.0,0.0,3707.8,5716.91,0,0.0,0,0,2026-08-18
NIFTY,2028-12-26,23000.0,PE,0.0,0.0,0.0,627.95,651.64,0,0.0,1610,0,2026-08-18
NIFTY,2028-12-26,26000.0,PE,0.0,0.0,0.0,1240.05,1510.08,0,0.0,6745,0,2026-08-18
NIFTY,2029-06-26,25500.0,PE,0.0,0.0,0.0,624.25,1276.51,0,0.0,0,0,2026-08-18
NIFTY,2029-06-26,27000.0,PE,0.0,0.0,0.0,1252.35,1782.96,0,0.0,0,0,2026-08-18
NIFTY,2029-06-26,30000.0,PE,0.0,0.0,0.0,2031.05,3086.02,0,0.0,0,0,2026-08-18
NIFTY,2029-12-24,24000.0,PE,0.0,0.0,0.0,810.0,845.06,0,0.0,390,0,2026-08-18
NIFTY,2029-12-24,33000.0,PE,0.0,0.0,0.0,2953.7,4339.82,0,0.0,0,0,2026-08-18
NIFTY,2030-06-25,28500.0,PE,0.0,0.0,0.0,1167.6,2065.78,0,0.0,0,0,2026-08-18
NIFTY,2030-12-31,24000.0,PE,0.0,0.0,0.0,1000.0,779.11,0,0.0,520,0,2026-08-18
NIFTY,2031-06-24,19500.0,PE,0.0,0.0,0.0,289.2,208.36,0,0.0,0,0,2026-08-18
NIFTY,2026-09-08,24350.0,PE,239.85,276.8,236.65,269.7,269.7,148,236708338.75,9620,-1820,2026-08-18
NIFTY,2026-09-08,24250.0,PE,187.35,228.75,187.35,218.2,218.2,760,1208339359.5,11570,2210,2026-08-18
NIFTY,2026-09-08,24000.0,PE,109.95,132.8,104.8,124.55,124.55,2390,3747242092.75,122135,5720,2026-08-18
NIFTY,2026-09-08,23600.0,PE,0.0,0.0,0.0,120.65,140.07,0,0.0,0,0,2026-08-18
NIFTY,2026-09-08,23250.0,PE,0.0,0.0,0.0,68.4,69.55,0,0.0,0,0,2026-08-18
NIFTY,2026-09-08,22750.0,PE,9.25,9.25,9.25,9.25,20.98,1,1479351.25,65,65,2026-08-18
NIFTY,2026-09-01,27200.0,PE,0.0,0.0,0.0,2838.15,2982.08,0,0.0,0,0,2026-08-18
NIFTY,2026-09-01,26500.0,PE,0.0,0.0,0.0,2173.2,2284.27,0,0.0,0,0,2026-08-18
NIFTY,2026-09-01,26450.0,PE,0.0,0.0,0.0,2127.0,2234.52,0,0.0,0,0,2026-08-18
NIFTY,2026-09-01,25850.0,PE,0.0,0.0,0.0,1593.2,1641.35,0,0.0,0,0,2026-08-18
NIFTY,2026-09-01,25700.0,PE,0.0,0.0,0.0,1213.95,1495.44,0,0.0,130,0,2026-08-18
NIFTY,2026-09-01,24250.0,PE,158.55,195.0,152.0,186.3,186.3,4577,7266639246.75,72605,19760,2026-08-18
NIFTY,2026-09-01,23550.0,PE,43.9,43.9,21.1,23.8,23.8,237,363144200.25,8320,8320,2026-08-18
NIFTY,2026-09-01,22450.0,PE,5.4,6.2,4.25,4.55,4.55,55,80276020.5,7605,1105,2026-08-18
NIFTY,2026-08-25,27150.0,PE,0.0,0.0,0.0,2936.7,2963.62,0,0.0,0,0,2026-08-18
NIFTY,2026-08-25,27000.0,PE,2700.0,2770.45,2700.0,2758.85,2758.85,22,42552763.5,42510,715,2026-08-18
NIFTY,2026-08-25,24600.0,PE,338.25,413.15,334.0,392.0,392.0,17760,28832258903.5,1316120,-27755,2026-08-18
NIFTY,2026-08-25,24400.0,PE,159.0,252.6,159.0,232.45,232.45,116546,186507169936.75,3485950,-183365,2026-08-18
NIFTY,2026-08-25,23150.0,PE,4.4,4.4,2.8,3.35,3.35,7646,11507023290.75,164840,54015,2026-08-18
NIFTY,2026-08-25,23050.0,PE,3.0,4.3,2.65,3.0,3.0,5435,8144103802.25,140790,21190,2026-08-18
NIFTY,2026-08-25,22250.0,PE,1.65,4.75,1.3,1.65,1.65,349,504778839.5,15665,3640,2026-08-18
NIFTY,2026-08-25,21850.0,PE,2.25,2.4,1.15,1.55,1.55,198,281230485.25,6500,1820,2026-08-18
NIFTY,2026-08-18,26650.0,PE,0.0,0.0,0.0,2461.7,24154.9,0,0.0,0,0,2026-08-18
NIFTY,2026-08-18,26250.0,PE,0.0,0.0,0.0,2081.3,24154.9,0,0.0,0,0,2026-08-18
NIFTY,2026-08-18,25150.0,PE,922.05,961.2,906.3,928.9,24154.9,46,78001966.25,17615,0,2026-08-18
NIFTY,2026-08-18,25100.0,PE,866.25,965.7,855.7,912.55,24154.9,802,1354666374.75,45305,-8060,2026-08-18
NIFTY,2026-08-18,24750.0,PE,493.9,617.95,481.7,569.45,24154.9,3758,6178477155.5,73255,-25610,2026-08-18
NIFTY,2026-08-18,24700.0,PE,433.85,567.5,431.3,519.4,24154.9,14956,24485598627.75,420095,-55380,2026-08-18
NIFTY,2026-08-18,24450.0,PE,156.0,319.0,156.0,261.45,24154.9,224695,360446312573.75,975585,-728585,2026-08-18
NIFTY,2026-08-18,24400.0,PE,120.0,269.55,120.0,209.55,24154.9,1161488,1855803052281.75,1530620,-3270475,2026-08-18
NIFTY,2026-08-18,24100.0,PE,7.0,13.0,0.05,1.35,24154.9,16406269,25703774863074.75,15045225,7922070,2026-08-18
NIFTY,2026-08-18,23150.0,PE,0.35,0.55,0.05,0.05,24154.9,72726,109435406574.0,718250,444015,2026-08-18
NIFTY,2026-08-18,22600.0,PE,0.45,0.45,0.05,0.1,24154.9,9846,14463898276.75,269880,-40300,2026-08-18
NIFTY,2031-06-24,25500.0,CE,0.0,0.0,0.0,6409.8,6623.57,0,0.0,0,0,2026-08-18
NIFTY,2031-06-24,19500.0,CE,0.0,0.0,0.0,9840.6,10165.42,0,0.0,0,0,2026-08-18
NIFTY,2030-06-25,27000.0,CE,0.0,0.0,0.0,6972.5,4742.61,0,0.0,0,0,2026-08-18
NIFTY,2029-06-26,16500.0,CE,0.0,0.0,0.0,12587.95,10505.03,0,0.0,0,0,2026-08-18
NIFTY,2028-06-27,33000.0,CE,0.0,0.0,0.0,2004.15,652.04,0,0.0,0,0,2026-08-18
NIFTY,2027-12-28,27000.0,CE,1225.05,1225.05,1150.0,1194.7,1194.7,64,117260978.25,39610,-260,2026-08-18
NIFTY,2027-12-28,19500.0,CE,0.0,0.0,0.0,8684.7,6412.59,0,0.0,0,0,2026-08-18
NIFTY,2027-06-29,22500.0,CE,0.0,0.0,0.0,5539.6,3279.48,0,0.0,0,0,2026-08-18
NIFTY,2027-03-30,25500.0,CE,771.25,771.25,720.0,724.3,724.3,1053,1795859487.5,487370,4745,2026-08-18
NIFTY,2026-12-29,33000.0,CE,5.85,5.9,4.65,4.75,4.75,28,60069470.5,101010,520,2026-08-18
NIFTY,2026-10-27,26900.0,CE,9.7,15.65,9.7,14.35,79.11,29,50732688.5,3380,1365,2026-08-18
NIFTY,2026-10-27,26400.0,CE,0.0,0.0,0.0,186.25,133.58,0,0.0,0,0,2026-08-18
NIFTY,2026-10-27,24700.0,CE,375.0,380.55,324.05,334.8,334.8,637,1037286591.25,65195,8515,2026-08-18
NIFTY,2026-10-27,24300.0,CE,599.1,599.1,530.9,542.45,542.45,265,428257745.5,16315,3575,2026-08-18
NIFTY,2026-10-27,24150.0,CE,0.0,0.0,0.0,779.95,851.78,0,0.0,65,0,2026-08-18
NIFTY,2026-10-27,23550.0,CE,0.0,0.0,0.0,1244.0,1221.08,0,0.0,0,0,2026-08-18
NIFTY,2026-09-29,31500.0,CE,0.0,0.0,0.0,1.35,0.0,0,0.0,15145,0,2026-08-18
NIFTY,2026-09-29,28500.0,CE,2.1,2.1,1.75,1.95,1.95,696,1289427356.75,563160,6370,2026-08-18
NIFTY,2026-09-29,26650.0,CE,0.0,0.0,0.0,142.1,30.52,0,0.0,0,0,2026-08-18
NIFTY,2026-09-29,26500.0,CE,7.3,7.75,6.9,7.3,7.3,3811,6566242117.5,351520,69810,2026-08-18
NIFTY,2026-09-29,25400.0,CE,50.0,51.0,34.4,37.05,37.05,7916,13090783134.0,384540,85605,2026-08-18
NIFTY,2026-09-29,24950.0,CE,128.35,134.3,100.0,105.45,105.45,769,1252896417.5,47385,14755,2026-08-18
NIFTY,2026-09-29,23850.0,CE,668.15,668.15,639.05,639.05,639.05,2,3185468.0,2080,0,2026-08-18
NIFTY,2026-09-29,22600.0,CE,1785.85,1785.85,1785.85,1785.85,1779.82,1,1585080.25,260,65,2026-08-18
NIFTY,2026-09-15,25500.0,CE,0.0,0.0,0.0,187.75,78.95,0,0.0,0,0,2026-08-18
NIFTY,2026-09-15,25450.0,CE,0.0,0.0,0.0,199.7,85.8,0,0.0,0,0,2026-08-18
NIFTY,2026-09-15,24800.0,CE,0.0,0.0,0.0,416.45,227.19,0,0.0,0,0,2026-08-18
NIFTY,2026-09-15,24150.0,CE,383.0,383.0,350.0,354.4,354.4,4,6374338.75,455,195,2026-08-18
NIFTY,2026-09-15,23300.0,CE,0.0,0.0,0.0,1396.35,1072.11,0,0.0,0,0,2026-08-18
NIFTY,2026-09-15,22850.0,CE,0.0,0.0,0.0,1794.25,1456.98,0,0.0,0,0,2026-08-18
NIFTY,2026-09-15,22750.0,CE,0.0,0.0,0.0,1886.5,1547.67,0,0.0,0,0,2026-08-18
NIFTY,2026-09-08,24300.0,CE,262.85,268.4,214.7,225.05,225.05,1970,3142051809.0,77610,34515,2026-08-18
NIFTY,2026-09-08,24150.0,CE,335.9,335.9,298.15,306.9,306.9,39,62004241.0,2210,2080,2026-08-18
NIFTY,2026-09-08,23750.0,CE,0.0,0.0,0.0,1153.7,668.49,0,0.0,0,0,2026-08-18
NIFTY,2026-09-08,23550.0,CE,0.0,0.0,0.0,1313.5,813.59,0,0.0,0,0,2026-08-18
NIFTY,2026-09-08,23300.0,CE,0.0,0.0,0.0,1524.85,1013.19,0,0.0,0,0,2026-08-18
NIFTY,2026-09-08,22850.0,CE,0.0,0.0,0.0,1930.45,1411.53,0,0.0,0,0,2026-08-18
NIFTY,2026-09-08,22600.0,CE,0.0,0.0,0.0,2165.9,1647.33,0,0.0,0,0,2026-08-18
NIFTY,2026-09-01,26600.0,CE,1.9,1.95,1.2,1.85,1.85,33,57060896.75,4290,1040,2026-08-18
NIFTY,2026-09-01,25150.0,CE,34.55,34.55,8.05,9.25,9.25,34,55608452.25,1105,1105,2026-08-18
NIFTY,2026-09-01,23800.0,CE,561.1,576.15,494.15,509.2,509.2,378,597765811.5,14235,4615,2026-08-18
NIFTY,2026-09-01,23650.0,CE,0.0,0.0,0.0,966.45,664.12,0,0.0,0,0,2026-08-18
NIFTY,2026-09-01,23200.0,CE,1095.0,1095.0,1073.0,1073.0,1041.44,2,3156920.0,130,130,2026-08-18
NIFTY,2026-09-01,22850.0,CE,0.0,0.0,0.0,1586.45,1368.68,0,0.0,0,0,2026-08-18
NIFTY,2026-09-01,22600.0,CE,0.0,0.0,0.0,1805.15,1611.62,0,0.0,0,0,2026-08-18
NIFTY,2026-08-25,25350.0,CE,2.6,2.6,1.85,2.15,2.15,16391,27010675776.5,343850,174200,2026-08-18
NIFTY,2026-08-25,23150.0,CE,0.0,0.0,0.0,1359.0,1037.4,0,0.0,390,0,2026-08-18
NIFTY,2026-08-25,22900.0,CE,1348.0,1348.0,1334.5,1334.5,1282.92,3,4727482.5,5070,-130,2026-08-18
NIFTY,2026-08-25,22600.0,CE,1689.3,1689.3,1649.55,1649.55,1581.33,3,4731249.25,1625,-195,2026-08-18
NIFTY,2026-08-25,21750.0,CE,0.0,0.0,0.0,2581.2,2430.12,0,0.0,0,0,2026-08-18
NIFTY,2026-08-25,21350.0,CE,0.0,0.0,0.0,2938.85,2829.66,0,0.0,0,0,2026-08-18
NIFTY,2026-08-18,27100.0,CE,0.2,0.25,0.05,0.1,24154.9,1678,2955810780.0,73060,17420,2026-08-18
NIFTY,2026-08-18,26100.0,CE,0.35,0.35,0.05,0.05,24154.9,13424,22773997447.5,267865,65975,2026-08-18
NIFTY,2026-08-18,24150.0,CE,141.8,141.8,4.8,24.25,24154.9,8831451,13897271819356.25,14118910,13732615,2026-08-18
NIFTY,2026-08-18,24050.0,CE,221.0,222.7,81.4,126.75,24154.9,559295,880178753171.25,410020,335010,2026-08-18
NIFTY,2026-08-18,23800.0,CE,436.2,469.85,332.0,376.85,24154.9,8451,13299973098.75,60840,2340,2026-08-18
NIFTY,2026-08-18,23700.0,CE,539.95,568.35,435.35,474.8,24154.9,2622,4127346353.0,48685,15600,2026-08-18
NIFTY,2026-09-08,25600.0,PE,0.0,0.0,0.0,1041.75,1393.09,0,0.0,0,0,2026-08-18
NIFTY,2026-09-08,25750.0,PE,0.0,0.0,0.0,1155.15,1532.16,0,0.0,0,0,2026-08-18
NIFTY,2026-09-15,23300.0,PE,0.0,0.0,0.0,89.65,109.32,0,0.0,0,0,2026-08-18
NIFTY,2026-09-15,24400.0,PE,272.75,319.35,272.75,301.3,301.3,89,142895694.5,6890,1105,2026-08-18
NIFTY,2026-09-15,25300.0,PE,0.0,0.0,0.0,920.35,1137.3,0,0.0,0,0,2026-08-18
NIFTY,2026-09-29,19500.0,PE,7.0,7.8,6.7,7.35,7.35,515,653005174.25,893750,2665,2026-08-18
NIFTY,2026-09-29,21750.0,PE,14.05,14.2,13.65,13.75,13.75,21,29707739.75,4875,-715,2026-08-18
NIFTY,2026-08-18,22000.0,CE,2270.0,2270.0,2159.25,2159.4,24154.9,45,70834348.0,2340,-1560,2026-08-18
NIFTY,2026-08-18,23250.0,CE,0.0,0.0,0.0,1130.0,24154.9,0,0.0,65,0,2026-08-18
NIFTY,2026-08-18,23850.0,CE,395.1,417.75,281.65,335.35,24154.9,8469,13327086457.75,42250,4485,2026-08-18
NIFTY,2026-08-25,23000.0,CE,1280.0,1301.55,1212.0,1237.5,1237.5,876,1380843610.25,425620,-11310,2026-08-18
NIFTY,2026-09-01,22550.0,CE,0.0,0.0,0.0,1849.95,1660.73,0,0.0,0,0,2026-08-18
NIFTY,2026-09-01,23500.0,CE,822.0,825.0,759.75,767.45,767.45,159,251015648.0,10855,6760,2026-08-18
NIFTY,2026-09-01,25400.0,CE,6.45,6.45,4.4,4.8,4.8,5624,9287147314.25,242255,22945,2026-08-18
NIFTY,2026-09-01,27150.0,CE,0.3,0.3,0.3,0.3,0.04,1,1764769.5,130,-65,2026-08-18
NIFTY,2026-09-08,22700.0,CE,0.0,0.0,0.0,2071.05,1552.12,0,0.0,0,0,2026-08-18
NIFTY,2026-09-08,25050.0,CE,0.0,0.0,0.0,381.4,109.18,0,0.0,0,0,2026-08-18
NIFTY,2026-09-08,25850.0,CE,0.0,0.0,0.0,149.2,21.11,0,0.0,0,0,2026-08-18
NIFTY,2026-09-15,25400.0,CE,0.0,0.0,0.0,211.35,93.13,0,0.0,0,0,2026-08-18
NIFTY,2026-09-29,22900.0,CE,1450.0,1450.0,1450.0,1450.0,1517.49,1,1582750.0,650,65,2026-08-18
NIFTY,2026-09-29,26100.0,CE,0.0,0.0,0.0,223.8,69.75,0,0.0,0,0,2026-08-18
NIFTY,2026-09-29,27000.0,CE,5.5,5.9,4.9,5.05,5.05,3760,6600054747.0,1657175,-81705,2026-08-18
NIFTY,2026-12-29,31500.0,CE,8.25,8.7,7.85,8.25,8.25,13,26624354.25,30225,-65,2026-08-18
NIFTY,2027-03-30,24000.0,CE,1627.05,1633.1,1575.0,1587.9,1587.9,294,489305674.0,277290,-4290,2026-08-18
NIFTY,2026-08-18,22350.0,PE,0.35,0.4,0.05,0.05,24154.9,4393,6381977823.0,93275,-40755,2026-08-18
NIFTY,2026-08-25,25050.0,PE,790.0,845.35,770.75,836.75,836.75,16,26891055.75,7995,-195,2026-08-18
NIFTY,2026-08-18,23000.0,CE,1240.0,1247.0,1157.4,1204.2,24154.9,223,351108104.75,17225,-5265,2026-08-18
NIFTY,2026-09-01,25200.0,PE,0.0,0.0,0.0,795.0,1027.21,0,0.0,260,0,2026-08-18
NIFTY,2026-09-01,26900.0,PE,0.0,0.0,0.0,2549.75,2682.86,0,0.0,0,0,2026-08-18
NIFTY,2026-09-08,22900.0,PE,10.55,12.95,10.55,11.9,11.9,348,518255712.0,46670,6565,2026-08-18
NIFTY,2026-09-08,23900.0,PE,0.0,0.0,0.0,187.1,231.6,0,0.0,0,0,2026-08-18
NIFTY,2026-09-15,23400.0,PE,0.0,0.0,0.0,105.4,129.7,0,0.0,0,0,2026-08-18
NIFTY,2026-09-29,22450.0,PE,22.25,24.5,22.25,24.4,24.4,65,94951506.0,6695,520,2026-08-18
NIFTY,2026-08-25,22800.0,CE,0.0,0.0,0.0,1612.0,1382.15,0,0.0,5200,0,2026-08-18
NIFTY,2026-08-25,22250.0,CE,0.0,0.0,0.0,1585.4,1930.72,0,0.0,65,0,2026-08-18
NIFTY,2026-08-25,22200.0,CE,0.0,0.0,0.0,2122.25,1980.65,0,0.0,390,0,2026-08-18
NIFTY,2026-08-25,22000.0,CE,2280.0,2298.5,2204.2,2217.3,2217.3,593,934572271.75,623610,-24245,2026-08-18
NIFTY,2026-08-18,26850.0,CE,0.3,0.3,0.05,0.1,24154.9,993,1733043399.75,46215,-6435,2026-08-18
NIFTY,2026-08-18,26150.0,CE,0.35,0.35,0.05,0.05,24154.9,3655,6212632377.25,102960,13455,2026-08-18
NIFTY,2026-08-18,26050.0,CE,0.45,0.45,0.05,0.05,24154.9,10329,17489739592.0,267475,105170,2026-08-18
NIFTY,2026-08-18,25250.0,CE,0.5,0.65,0.05,0.05,24154.9,153635,252156801373.75,1606800,-164125,2026-08-18
NIFTY,2026-08-18,24850.0,CE,0.75,0.95,0.05,0.05,24154.9,583202,942034754969.75,2743520,-195975,2026-08-18
NIFTY,2026-08-25,22400.0,CE,0.0,0.0,0.0,1925.0,1780.93,0,0.0,2015,0,2026-08-18
NIFTY,2031-06-24,30000.0,PE,0.0,0.0,0.0,2616.25,2268.02,0,0.0,0,0,2026-08-18
NIFTY,2031-06-24,28500.0,PE,0.0,0.0,0.0,2104.2,1794.73,0,0.0,0,0,2026-08-18
NIFTY,2031-06-24,25500.0,PE,0.0,0.0,0.0,1262.85,1035.08,0,0.0,0,0,2026-08-18
NIFTY,2031-06-24,24000.0,PE,0.0,0.0,0.0,933.85,745.84,0,0.0,65,0,2026-08-18
NIFTY,2030-12-31,30000.0,PE,0.0,0.0,0.0,1450.1,2436.23,0,0.0,0,0,2026-08-18
NIFTY,2028-12-26,22000.0,PE,0.0,0.0,0.0,484.95,461.78,0,0.0,8670,0,2026-08-18
NIFTY,2028-06-27,28500.0,PE,0.0,0.0,0.0,1560.85,2782.28,0,0.0,0,0,2026-08-18
NIFTY,2027-12-28,20000.0,PE,183.05,195.0,183.05,195.0,131.98,5,6561096.75,48390,65,2026-08-18
NIFTY,2027-12-28,19000.0,PE,0.0,0.0,0.0,132.5,68.65,0,0.0,1975,0,2026-08-18
NIFTY,2027-12-28,18000.0,PE,0.0,0.0,0.0,181.05,32.38,0,0.0,11915,0,2026-08-18
NIFTY,2027-06-29,19500.0,PE,0.0,0.0,0.0,17.3,49.08,0,0.0,0,0,2026-08-18
NIFTY,2027-06-29,19000.0,PE,0.0,0.0,0.0,195.0,31.29,0,0.0,1135,0,2026-08-18
NIFTY,2027-03-30,16500.0,PE,0.0,0.0,0.0,24.0,0.35,0,0.0,1560,0,2026-08-18
NIFTY,2026-10-27,26900.0,PE,0.0,0.0,0.0,2631.85,2488.92,0,0.0,0,0,2026-08-18
NIFTY,2026-10-27,26100.0,PE,0.0,0.0,0.0,1960.3,1799.11,0,0.0,0,0,2026-08-18
NIFTY,2026-10-27,25250.0,PE,0.0,0.0,0.0,675.6,1161.43,0,0.0,65,0,2026-08-18
NIFTY,2026-10-27,25050.0,PE,0.0,0.0,0.0,540.05,1030.32,0,0.0,325,0,2026-08-18
NIFTY,2026-10-27,24150.0,PE,287.0,305.55,287.0,305.55,305.55,16,25423017.75,23725,260,2026-08-18
NIFTY,2026-10-27,24100.0,PE,306.55,678.9,271.7,279.8,279.8,114,181285425.75,5525,5525,2026-08-18
NIFTY,2026-10-27,22400.0,PE,37.95,42.65,37.95,41.6,41.6,149,217337341.0,40560,1820,2026-08-18
NIFTY,2026-09-29,31500.0,PE,0.0,0.0,0.0,4341.2,7108.94,0,0.0,0,0,2026-08-18
NIFTY,2026-09-29,27000.0,PE,2538.0,2620.0,2538.0,2613.7,2613.7,206,396313638.5,1447645,-715,2026-08-18
NIFTY,2026-09-29,26950.0,PE,0.0,0.0,0.0,2780.25,2611.76,0,0.0,0,0,2026-08-18
NIFTY,2026-09-29,22650.0,PE,27.2,30.5,27.2,30.25,30.25,61,89924497.0,8970,1690,2026-08-18
NIFTY,2026-09-29,22500.0,PE,23.95,26.45,22.0,25.75,25.75,10462,15317508960.0,1675960,138450,2026-08-18
NIFTY,2026-09-29,21900.0,PE,14.3,19.3,14.3,15.2,15.2,116,165241755.25,42250,1755,2026-08-18
NIFTY,2026-09-29,15000.0,PE,1.15,1.15,1.0,1.15,0.0,21,20476417.0,47840,-65,2026-08-18
NIFTY,2026-09-15,26100.0,PE,0.0,0.0,0.0,1559.2,1850.71,0,0.0,0,0,2026-08-18
NIFTY,2026-09-15,25900.0,PE,0.0,0.0,0.0,1387.75,1664.01,0,0.0,0,0,2026-08-18
NIFTY,2026-09-15,25800.0,PE,0.0,0.0,0.0,1304.65,1572.35,0,0.0,0,0,2026-08-18
NIFTY,2026-09-15,25700.0,PE,0.0,0.0,0.0,1223.4,1482.01,0,0.0,0,0,2026-08-18
NIFTY,2026-09-15,24700.0,PE,0.0,0.0,0.0,546.1,690.2,0,0.0,0,0,2026-08-18
NIFTY,2026-09-15,24200.0,PE,318.3,318.3,197.75,213.65,213.65,203,322133883.5,7930,7930,2026-08-18
NIFTY,2026-09-15,24000.0,PE,135.0,157.55,129.85,145.95,145.95,617,968346769.0,36790,-4290,2026-08-18
NIFTY,2026-09-15,23700.0,PE,76.45,88.0,71.4,84.25,84.25,368,568804362.75,19045,5005,2026-08-18
NIFTY,2026-09-08,26100.0,PE,0.0,0.0,0.0,1439.9,1865.97,0,0.0,0,0,2026-08-18
NIFTY,2026-09-08,25500.0,PE,0.0,0.0,0.0,1054.45,1302.16,0,0.0,65,0,2026-08-18
NIFTY,2026-09-08,25050.0,PE,0.0,0.0,0.0,670.9,917.23,0,0.0,0,0,2026-08-18
NIFTY,2026-09-08,24450.0,PE,288.55,331.35,288.5,326.55,326.55,71,114287686.5,9945,-1365,2026-08-18
NIFTY,2026-09-08,24050.0,PE,119.85,145.0,119.85,138.95,138.95,85,133623954.75,9815,0,2026-08-18
NIFTY,2026-09-08,23550.0,PE,72.4,72.4,41.0,43.65,43.65,94,144159392.0,5200,5200,2026-08-18
NIFTY,2026-09-08,23450.0,PE,30.65,37.0,28.6,34.5,34.5,98,149581331.25,9815,2665,2026-08-18
NIFTY,2026-09-08,23050.0,PE,15.0,16.0,14.0,15.95,15.95,42,62966078.5,2535,1820,2026-08-18
NIFTY,2026-09-01,27100.0,PE,0.0,0.0,0.0,2741.55,2882.33,0,0.0,0,0,2026-08-18
NIFTY,2026-09-01,26550.0,PE,0.0,0.0,0.0,2219.65,2334.05,0,0.0,0,0,2026-08-18
NIFTY,2026-09-01,25650.0,PE,0.0,0.0,0.0,1426.15,1447.19,0,0.0,0,0,2026-08-18
NIFTY,2026-09-01,25350.0,PE,0.0,0.0,0.0,1189.0,1163.65,0,0.0,0,0,2026-08-18
NIFTY,2026-09-01,24700.0,PE,440.4,494.0,430.0,479.55,479.55,617,1009244320.5,51480,-1755,2026-08-18
NIFTY,2026-09-01,23600.0,PE,23.2,30.5,21.2,27.65,27.65,16555,25423065681.0,661765,422110,2026-08-18
NIFTY,2026-09-01,23500.0,PE,17.0,22.85,16.15,20.5,20.5,22649,34625026000.5,1161355,230425,2026-08-18
NIFTY,2026-09-01,23450.0,PE,0.0,0.0,0.0,208.05,64.58,0,0.0,0,0,2026-08-18
NIFTY,2026-09-01,22700.0,PE,4.65,6.3,4.2,5.25,5.25,701,1034564976.25,32110,3835,2026-08-18
NIFTY,2026-08-25,25600.0,PE,1338.05,1368.55,1338.05,1360.0,1360.0,22,38550265.0,16445,-65,2026-08-18
NIFTY,2026-08-25,25250.0,PE,0.0,0.0,0.0,825.45,1072.04,0,0.0,1755,0,2026-08-18
NIFTY,2026-08-25,24950.0,PE,685.0,735.9,665.0,721.05,721.05,391,652363556.0,21125,4680,2026-08-18
NIFTY,2026-08-25,22850.0,PE,4.2,4.2,2.0,2.65,2.65,3411,5066770998.25,100945,69225,2026-08-18
NIFTY,2026-08-25,22700.0,PE,2.75,3.05,1.6,2.0,2.0,30449,44931644680.0,790270,116155,2026-08-18
NIFTY,2026-08-18,27150.0,PE,0.0,0.0,0.0,2948.25,24154.9,0,0.0,0,0,2026-08-18
NIFTY,2026-08-18,26800.0,PE,0.0,0.0,0.0,2606.7,24154.9,0,0.0,0,0,2026-08-18
NIFTY,2026-08-18,26400.0,PE,0.0,0.0,0.0,2222.7,24154.9,0,0.0,0,0,2026-08-18
NIFTY,2026-08-18,23000.0,PE,0.35,0.45,0.05,0.05,24154.9,230883,345173885004.0,2821975,-942500,2026-08-18
NIFTY,2026-08-18,22300.0,PE,0.4,0.4,0.05,0.05,24154.9,8044,11659867446.5,129935,-91325,2026-08-18
NIFTY,2030-12-31,18000.0,CE,0.0,0.0,0.0,12674.15,10747.08,0,0.0,0,0,2026-08-18
NIFTY,2029-12-24,33000.0,CE,0.0,0.0,0.0,3816.05,1993.43,0,0.0,0,0,2026-08-18
NIFTY,2029-12-24,24000.0,CE,0.0,0.0,0.0,7730.0,5726.29,0,0.0,0,0,2026-08-18
NIFTY,2029-06-26,31500.0,CE,0.0,0.0,0.0,2878.65,1895.52,0,0.0,0,0,2026-08-18
NIFTY,2028-12-26,31500.0,CE,0.0,0.0,0.0,2327.6,1388.01,0,0.0,0,0,2026-08-18
NIFTY,2028-12-26,22500.0,CE,0.0,0.0,0.0,7382.9,5422.65,0,0.0,0,0,2026-08-18
NIFTY,2028-06-27,30000.0,CE,0.0,0.0,0.0,2278.45,1255.0,0,0.0,0,0,2026-08-18
NIFTY,2028-06-27,24000.0,CE,0.0,0.0,0.0,3918.85,3796.75,0,0.0,0,0,2026-08-18
NIFTY,2027-12-28,18000.0,CE,0.0,0.0,0.0,6285.7,7720.91,0,0.0,0,0,2026-08-18
NIFTY,2027-03-30,33000.0,CE,16.0,19.0,16.0,19.0,22.14,6,12876630.0,3575,390,2026-08-18
NIFTY,2027-03-30,19500.0,CE,0.0,0.0,0.0,4365.4,5446.8,0,0.0,0,0,2026-08-18
NIFTY,2026-12-29,19000.0,CE,5689.8,5689.8,5480.5,5602.3,5604.84,71,113548428.5,53820,-2730,2026-08-18
NIFTY,2026-12-29,16500.0,CE,0.0,0.0,0.0,10405.0,8043.47,0,0.0,0,0,2026-08-18
NIFTY,2026-10-27,26650.0,CE,0.0,0.0,0.0,150.8,103.32,0,0.0,0,0,2026-08-18
NIFTY,2026-10-27,26200.0,CE,0.0,0.0,0.0,219.35,162.82,0,0.0,0,0,2026-08-18
NIFTY,2026-10-27,25350.0,CE,0.0,0.0,0.0,417.4,350.78,0,0.0,0,0,2026-08-18
NIFTY,2026-10-27,24250.0,CE,634.15,634.15,571.55,582.8,797.97,66,106595450.0,1755,1300,2026-08-18
NIFTY,2026-10-27,23500.0,CE,1185.15,1193.5,1094.1,1110.85,1110.85,386,618031839.75,33995,9815,2026-08-18
NIFTY,2026-09-29,33000.0,CE,0.0,0.0,0.0,1.35,0.0,0,0.0,35165,0,2026-08-18
NIFTY,2026-09-29,26950.0,CE,6.25,6.25,5.0,5.05,18.71,4,7008394.25,1300,65,2026-08-18
NIFTY,2026-09-29,26300.0,CE,9.25,9.65,7.7,8.4,8.4,913,1561289652.0,60580,-45565,2026-08-18
NIFTY,2026-09-29,25150.0,CE,94.55,94.55,61.95,64.55,64.55,986,1616547539.75,70070,12285,2026-08-18
NIFTY,2026-09-29,24450.0,CE,335.0,335.0,277.0,281.95,281.95,690,1110242588.0,57395,11570,2026-08-18
NIFTY,2026-09-29,24050.0,CE,556.9,556.9,510.0,521.4,521.4,67,107041158.25,5265,260,2026-08-18
NIFTY,2026-09-29,23600.0,CE,900.0,915.0,840.0,853.15,853.15,45,71615576.5,5655,650,2026-08-18
NIFTY,2026-09-29,23300.0,CE,1160.0,1160.0,1120.0,1136.15,1192.92,5,7941813.75,1885,-65,2026-08-18
NIFTY,2026-09-29,23050.0,CE,0.0,0.0,0.0,1592.0,1392.02,0,0.0,390,0,2026-08-18
NIFTY,2026-09-29,22650.0,CE,0.0,0.0,0.0,1410.05,1735.16,0,0.0,325,0,2026-08-18
NIFTY,2026-09-29,22050.0,CE,0.0,0.0,0.0,2284.2,2289.86,0,0.0,0,0,2026-08-18
NIFTY,2026-09-15,25950.0,CE,0.0,0.0,0.0,102.05,35.35,0,0.0,0,0,2026-08-18
NIFTY,2026-09-15,25900.0,CE,0.0,0.0,0.0,109.55,38.84,0,0.0,0,0,2026-08-18
NIFTY,2026-09-15,25300.0,CE,0.0,0.0,0.0,238.65,109.34,0,0.0,0,0,2026-08-18
NIFTY,2026-09-15,24700.0,CE,310.0,310.0,310.0,310.0,259.47,1,1625650.0,65,65,2026-08-18
NIFTY,2026-09-15,24400.0,CE,270.0,286.4,213.1,223.45,223.45,501,802309706.25,22945,14820,2026-08-18
NIFTY,2026-09-15,23800.0,CE,0.0,0.0,0.0,1001.25,705.44,0,0.0,0,0,2026-08-18
NIFTY,2026-09-15,23750.0,CE,0.0,0.0,0.0,1037.3,738.57,0,0.0,0,0,2026-08-18
NIFTY,2026-09-15,23650.0,CE,0.0,0.0,0.0,1113.0,807.31,0,0.0,0,0,2026-08-18
NIFTY,2026-09-15,23550.0,CE,0.0,0.0,0.0,1191.15,880.29,0,0.0,0,0,2026-08-18
NIFTY,2026-09-08,25800.0,CE,0.0,0.0,0.0,159.2,23.69,0,0.0,0,0,2026-08-18
NIFTY,2026-09-08,25650.0,CE,0.0,0.0,0.0,193.4,33.14,0,0.0,0,0,2026-08-18
NIFTY,2026-09-08,25300.0,CE,16.05,16.7,12.05,13.15,13.15,1763,2900890401.5,77935,-910,2026-08-18
NIFTY,2026-09-08,25200.0,CE,0.0,0.0,0.0,324.9,82.87,0,0.0,0,0,2026-08-18
NIFTY,2026-09-08,24950.0,CE,0.0,0.0,0.0,422.75,130.14,0,0.0,0,0,2026-08-18
NIFTY,2026-09-08,24900.0,CE,0.0,0.0,0.0,444.55,141.75,0,0.0,0,0,2026-08-18
NIFTY,2026-09-08,24800.0,CE,80.25,80.25,51.8,55.65,55.65,2534,4095188178.25,97175,46995,2026-08-18
NIFTY,2026-09-08,24750.0,CE,95.7,95.7,60.75,64.8,64.8,285,459863192.75,11180,6890,2026-08-18
NIFTY,2026-09-08,23900.0,CE,0.0,0.0,0.0,1040.95,569.55,0,0.0,0,0,2026-08-18
NIFTY,2026-09-08,23800.0,CE,0.0,0.0,0.0,1115.2,634.54,0,0.0,0,0,2026-08-18
NIFTY,2026-09-01,26950.0,CE,1.2,1.7,1.15,1.65,1.65,35,61314870.5,18330,1625,2026-08-18
NIFTY,2026-09-01,25950.0,CE,3.05,3.05,2.05,2.45,2.45,97,163629472.5,3380,-1105,2026-08-18
NIFTY,2026-09-01,25900.0,CE,2.85,3.0,2.0,2.25,2.25,641,1079229947.25,70915,-520,2026-08-18
NIFTY,2026-09-01,25800.0,CE,3.25,3.25,2.35,2.75,2.75,748,1254537869.0,48100,7670,2026-08-18
NIFTY,2026-09-01,25000.0,CE,22.0,27.35,12.6,14.1,14.1,42052,68379610276.25,1348035,212810,2026-08-18
NIFTY,2026-09-01,24400.0,CE,180.5,180.5,115.6,123.65,123.65,16940,27014852052.5,566605,189800,2026-08-18
NIFTY,2026-09-01,24350.0,CE,170.05,184.45,135.9,143.5,143.5,2960,4715203158.25,105430,32565,2026-08-18
NIFTY,2026-09-01,24250.0,CE,250.0,250.0,181.25,190.75,190.75,6496,10326720144.0,148200,95160,2026-08-18
NIFTY,2026-09-01,24000.0,CE,365.8,406.3,335.15,346.35,346.35,4128,6537302720.0,141830,91195,2026-08-18
NIFTY,2026-09-01,23350.0,CE,925.85,925.85,925.85,925.85,908.79,1,1577930.25,65,65,2026-08-18
NIFTY,2026-08-18,22200.0,CE,0.0,0.0,0.0,2006.5,24154.9,0,0.0,0,0,2026-08-18
NIFTY,2026-08-18,22400.0,CE,0.0,0.0,0.0,1820.55,24154.9,0,0.0,0,0,2026-08-18
NIFTY,2026-08-18,23100.0,CE,0.0,0.0,0.0,1200.0,24154.9,0,0.0,195,0,2026-08-18
NIFTY,2026-08-18,24100.0,CE,196.0,196.0,33.3,74.4,24154.9,3528948,5553787340617.75,2625350,2146625,2026-08-18
NIFTY,2026-08-18,24450.0,CE,5.2,8.7,0.05,0.25,24154.9,3162088,5025713813997.5,5546450,-434200,2026-08-18
NIFTY,2026-08-25,27050.0,CE,0.0,0.0,0.0,0.7,0.0,0,0.0,8905,0,2026-08-18
NIFTY,2026-08-25,25100.0,CE,5.65,5.65,3.15,3.45,3.45,132679,216496689048.25,2912260,816010,2026-08-18
NIFTY,2026-08-25,24850.0,CE,14.1,14.1,5.9,6.4,6.4,69988,113080772668.5,1100645,45435,2026-08-18
NIFTY,2026-08-25,24100.0,CE,256.6,259.5,192.0,205.45,205.45,86555,136814301107.25,1932515,693550,2026-08-18
NIFTY,2026-08-25,23500.0,CE,776.85,806.0,709.95,732.8,732.8,3721,5864749624.5,466180,21645,2026-08-18
NIFTY,2026-08-25,23450.0,CE,817.45,817.45,779.95,779.95,754.1,3,4729533.25,1950,65,2026-08-18
NIFTY,2026-08-25,22850.0,CE,0.0,0.0,0.0,1538.45,1332.49,0,0.0,585,0,2026-08-18
NIFTY,2026-09-01,26000.0,PE,1720.0,1744.0,1718.0,1731.8,1731.8,41,73895705.0,3120,2665,2026-08-18
NIFTY,2026-09-01,26400.0,PE,0.0,0.0,0.0,2081.0,2184.79,0,0.0,0,0,2026-08-18
NIFTY,2026-09-01,27150.0,PE,0.0,0.0,0.0,2789.8,2932.21,0,0.0,0,0,2026-08-18
NIFTY,2026-09-08,22700.0,PE,8.7,9.8,8.05,9.45,9.45,69,101850014.5,5460,780,2026-08-18
NIFTY,2026-09-08,22950.0,PE,0.0,0.0,0.0,13.45,34.96,0,0.0,650,0,2026-08-18
NIFTY,2026-09-08,23650.0,PE,46.9,56.35,46.9,52.9,52.9,288,443732516.5,25480,7410,2026-08-18
NIFTY,2026-08-25,21850.0,CE,0.0,0.0,0.0,2494.1,2330.24,0,0.0,0,0,2026-08-18
NIFTY,2030-06-25,33000.0,PE,0.0,0.0,0.0,3143.9,3986.94,0,0.0,0,0,2026-08-18
NIFTY,2026-08-18,22550.0,CE,0.0,0.0,0.0,1684.2,24154.9,0,0.0,0,0,2026-08-18
NIFTY,2026-08-18,23750.0,CE,497.5,516.9,380.25,422.55,24154.9,2331,3669199101.75,42770,19175,2026-08-18
NIFTY,2026-08-18,25500.0,CE,0.35,0.55,0.05,0.05,24154.9,410301,680081738466.0,5040425,-508755,2026-08-18
NIFTY,2026-08-18,25900.0,CE,0.25,0.45,0.05,0.05,24154.9,34596,58242846473.5,788775,-182325,2026-08-18
NIFTY,2026-08-25,21950.0,CE,0.0,0.0,0.0,2408.05,2230.35,0,0.0,0,0,2026-08-18
NIFTY,2026-08-25,22750.0,CE,0.0,0.0,0.0,1318.8,1431.87,0,0.0,1300,0,2026-08-18
NIFTY,2026-08-25,23100.0,CE,1155.3,1167.45,1119.55,1141.85,1086.08,74,116559972.75,5395,195,2026-08-18
NIFTY,2026-08-25,23250.0,CE,0.0,0.0,0.0,1120.0,941.03,0,0.0,910,0,2026-08-18
NIFTY,2026-08-25,23350.0,CE,915.55,921.0,910.0,911.2,846.4,11,17348799.0,1495,260,2026-08-18
NIFTY,2026-08-25,23550.0,CE,718.45,718.45,697.0,697.0,697.0,9,14190039.5,5850,0,2026-08-18
NIFTY,2026-08-25,23700.0,CE,580.5,605.0,519.05,534.6,534.6,1672,2636439432.25,182195,8580,2026-08-18
NIFTY,2026-08-25,24000.0,CE,341.35,341.35,261.0,277.55,277.55,65026,102675846013.0,6131580,357695,2026-08-18
NIFTY,2026-08-25,24550.0,CE,40.0,47.5,23.85,26.95,26.95,105854,169133868192.25,1604525,730470,2026-08-18
NIFTY,2026-08-25,24600.0,CE,39.35,39.35,18.65,20.6,20.6,273859,438336178663.5,5188105,618865,2026-08-18
NIFTY,2026-08-25,24750.0,CE,15.25,17.15,8.8,9.6,9.6,85649,137850089100.75,1655745,891670,2026-08-18
NIFTY,2026-08-25,25000.0,CE,8.0,8.0,4.1,4.4,4.4,360135,585329579227.25,13877370,3285360,2026-08-18
NIFTY,2026-08-25,25750.0,CE,1.15,1.45,0.9,1.25,1.25,11077,18540981316.0,397865,99125,2026-08-18
NIFTY,2026-08-25,26650.0,CE,0.7,0.75,0.6,0.65,0.65,25,43307286.75,7085,260,2026-08-18
NIFTY,2026-08-25,27000.0,CE,0.65,0.8,0.55,0.65,0.65,1806,3169605868.0,132925,50050,2026-08-18
NIFTY,2026-09-01,22500.0,CE,0.0,0.0,0.0,2150.0,1709.97,0,0.0,0,0,2026-08-18
NIFTY,2026-09-01,22750.0,CE,0.0,0.0,0.0,1672.8,1465.23,0,0.0,0,0,2026-08-18
NIFTY,2030-06-25,19500.0,PE,0.0,0.0,0.0,64.95,202.63,0,0.0,0,0,2026-08-18
NIFTY,2030-06-25,16500.0,PE,0.0,0.0,0.0,12.0,52.52,0,0.0,0,0,2026-08-18
NIFTY,2029-06-26,31500.0,PE,0.0,0.0,0.0,2443.35,3871.16,0,0.0,0,0,2026-08-18
NIFTY,2029-06-26,21000.0,PE,0.0,0.0,0.0,320.25,332.68,0,0.0,0,0,2026-08-18
NIFTY,2028-12-26,33000.0,PE,0.0,0.0,0.0,3315.4,5189.36,0,0.0,0,0,2026-08-18
NIFTY,2028-12-26,25000.0,PE,0.0,0.0,0.0,955.1,1173.11,0,0.0,6010,0,2026-08-18
NIFTY,2028-12-26,18000.0,PE,0.0,0.0,0.0,250.0,73.11,0,0.0,75,0,2026-08-18
NIFTY,2028-06-27,21000.0,PE,0.0,0.0,0.0,907.2,283.26,0,0.0,0,0,2026-08-18
NIFTY,2026-09-01,23850.0,CE,492.4,521.15,474.0,475.15,475.15,20,31635568.25,975,910,2026-08-18
NIFTY,2026-09-01,24550.0,CE,93.05,101.6,67.8,74.25,74.25,3063,4904002233.0,69810,22165,2026-08-18
NIFTY,2026-09-01,25250.0,CE,0.0,0.0,0.0,227.15,35.62,0,0.0,0,0,2026-08-18
NIFTY,2026-09-01,26050.0,CE,2.25,2.25,2.0,2.15,2.15,9,15240501.25,1950,130,2026-08-18
NIFTY,2026-09-01,26450.0,CE,1.55,2.1,1.55,1.85,1.85,15,25790469.25,1755,260,2026-08-18
NIFTY,2026-09-01,27100.0,CE,1.0,1.0,1.0,1.0,0.05,6,10569390.0,1300,-390,2026-08-18
NIFTY,2026-09-08,23100.0,CE,0.0,0.0,0.0,1701.65,1185.04,0,0.0,0,0,2026-08-18
NIFTY,2026-09-08,24550.0,CE,148.0,151.35,112.45,117.05,117.05,265,425100198.25,16315,7800,2026-08-18
NIFTY,2026-09-08,25500.0,CE,0.0,0.0,0.0,230.65,45.67,0,0.0,0,0,2026-08-18
NIFTY,2026-09-08,26350.0,CE,2.9,2.9,2.8,2.85,2.85,7,11990546.75,975,325,2026-08-18
NIFTY,2026-09-15,23400.0,CE,0.0,0.0,0.0,1312.7,992.95,0,0.0,0,0,2026-08-18
NIFTY,2026-09-15,24000.0,CE,500.0,504.05,450.0,458.5,458.5,84,133637400.0,4680,3705,2026-08-18
NIFTY,2026-09-15,24350.0,CE,262.1,273.1,252.8,255.75,255.75,16,25595027.25,3380,325,2026-08-18
NIFTY,2026-09-15,26150.0,CE,0.0,0.0,0.0,76.25,23.96,0,0.0,0,0,2026-08-18
NIFTY,2026-09-29,22150.0,CE,0.0,0.0,0.0,2200.35,2195.01,0,0.0,0,0,2026-08-18
NIFTY,2026-09-29,22250.0,CE,0.0,0.0,0.0,2117.8,2100.97,0,0.0,0,0,2026-08-18
NIFTY,2026-09-29,22400.0,CE,0.0,0.0,0.0,1741.4,1961.67,0,0.0,195,0,2026-08-18
NIFTY,2026-09-29,23250.0,CE,0.0,0.0,0.0,1565.2,1231.66,0,0.0,390,0,2026-08-18
NIFTY,2026-09-29,23550.0,CE,931.0,931.0,880.7,884.3,884.3,5,7949256.25,975,195,2026-08-18
NIFTY,2026-09-29,23800.0,CE,760.0,760.0,686.6,692.7,692.7,271,431810496.0,41990,3120,2026-08-18
NIFTY,2026-09-29,25100.0,CE,93.85,98.4,70.35,75.65,75.65,11288,18479309056.0,367705,-9685,2026-08-18
NIFTY,2026-09-29,26150.0,CE,0.0,0.0,0.0,215.05,64.94,0,0.0,0,0,2026-08-18
NIFTY,2026-09-29,27050.0,CE,4.85,4.85,4.85,4.85,4.85,2,3517130.5,845,0,2026-08-18
NIFTY,2026-10-27,23000.0,CE,1600.05,1610.0,1539.4,1565.0,1624.93,64,102213722.0,5265,325,2026-08-18
NIFTY,2026-10-27,23050.0,CE,0.0,0.0,0.0,1582.9,1585.94,0,0.0,0,0,2026-08-18
NIFTY,2026-10-27,25050.0,CE,0.0,0.0,0.0,424.0,447.44,0,0.0,1365,0,2026-08-18
NIFTY,2027-12-28,22000.0,PE,340.0,340.0,331.9,337.25,337.25,9,13067265.25,37850,-195,2026-08-18
NIFTY,2027-12-28,15000.0,PE,0.0,0.0,0.0,21.7,1.57,0,0.0,755,0,2026-08-18
NIFTY,2027-06-29,31500.0,PE,0.0,0.0,0.0,3604.7,5776.33,0,0.0,0,0,2026-08-18
NIFTY,2027-06-29,24000.0,PE,538.0,545.0,532.6,535.9,806.0,16,25518265.5,18785,0,2026-08-18
NIFTY,2027-03-30,31500.0,PE,0.0,0.0,0.0,7066.15,6161.81,0,0.0,0,0,2026-08-18
NIFTY,2027-03-30,30000.0,PE,4481.7,4481.7,4481.65,4481.65,4796.98,2,4482617.75,3055,0,2026-08-18
NIFTY,2026-10-27,25150.0,CE,0.0,0.0,0.0,479.95,413.25,0,0.0,0,0,2026-08-18
NIFTY,2026-10-27,25650.0,CE,90.45,98.0,72.7,74.7,74.7,142,237530592.0,15340,715,2026-08-18
NIFTY,2026-10-27,27200.0,CE,0.0,0.0,0.0,92.4,56.64,0,0.0,0,0,2026-08-18
NIFTY,2026-12-29,16000.0,CE,8431.1,8431.1,8178.15,8178.15,8531.69,5,7907211.0,245,-260,2026-08-18
NIFTY,2026-12-29,22500.0,CE,2400.0,2400.0,2340.25,2344.4,2391.28,7,11308053.25,15665,0,2026-08-18
NIFTY,2027-06-29,25500.0,CE,0.0,0.0,0.0,1300.0,1493.21,0,0.0,0,0,2026-08-18
NIFTY,2027-06-29,33000.0,CE,0.0,0.0,0.0,1122.75,81.19,0,0.0,0,0,2026-08-18
NIFTY,2027-12-28,33000.0,CE,0.0,0.0,0.0,120.0,311.93,0,0.0,3510,0,2026-08-18
NIFTY,2028-06-27,19500.0,CE,0.0,0.0,0.0,9209.1,7022.59,0,0.0,0,0,2026-08-18
NIFTY,2029-06-26,18000.0,CE,0.0,0.0,0.0,11678.65,9311.59,0,0.0,0,0,2026-08-18
NIFTY,2029-06-26,21000.0,CE,0.0,0.0,0.0,9799.75,7067.22,0,0.0,0,0,2026-08-18
NIFTY,2027-03-30,25500.0,PE,975.0,1010.0,956.2,998.65,998.65,327,563095302.25,154895,5005,2026-08-18
NIFTY,2026-12-29,28500.0,PE,0.0,0.0,0.0,3320.25,3762.46,0,0.0,130,0,2026-08-18
NIFTY,2026-12-29,25000.0,PE,700.0,751.6,700.0,737.55,737.55,3023,5056200548.75,2106425,8115,2026-08-18
NIFTY,2026-12-29,19500.0,PE,30.5,32.75,30.45,31.6,31.6,245,311040749.5,137800,2340,2026-08-18
NIFTY,2026-10-27,26700.0,PE,0.0,0.0,0.0,2458.1,2310.34,0,0.0,0,0,2026-08-18
NIFTY,2026-10-27,26350.0,PE,0.0,0.0,0.0,2163.0,2007.11,0,0.0,0,0,2026-08-18
NIFTY,2029-06-26,33000.0,CE,0.0,0.0,0.0,4179.45,1514.24,0,0.0,0,0,2026-08-18
NIFTY,2029-12-24,16500.0,CE,0.0,0.0,0.0,12984.85,10949.95,0,0.0,0,0,2026-08-18
NIFTY,2029-12-24,28500.0,CE,0.0,0.0,0.0,4802.1,3487.71,0,0.0,0,0,2026-08-18
NIFTY,2026-10-27,26200.0,PE,0.0,0.0,0.0,2040.5,1881.36,0,0.0,0,0,2026-08-18
NIFTY,2026-10-27,22500.0,PE,39.25,48.0,39.25,46.6,46.6,2491,3650412720.5,261235,25935,2026-08-18
NIFTY,2026-09-29,26700.0,PE,0.0,0.0,0.0,2560.85,2373.11,0,0.0,0,0,2026-08-18
NIFTY,2026-09-29,25350.0,PE,1010.0,1010.0,1010.0,1010.0,1190.78,1,1713400.0,65,65,2026-08-18
NIFTY,2026-09-29,25150.0,PE,0.0,0.0,0.0,659.95,1040.76,0,0.0,1300,0,2026-08-18
NIFTY,2026-09-29,24350.0,PE,300.05,337.25,300.0,327.15,327.15,602,965204990.75,40560,-520,2026-08-18
NIFTY,2026-09-29,23850.0,PE,140.55,165.05,139.4,155.5,155.5,555,865960075.5,27170,-8710,2026-08-18
NIFTY,2026-09-29,23300.0,PE,60.2,71.9,60.2,67.8,67.8,4275,6492993422.5,475215,48945,2026-08-18
NIFTY,2026-09-29,18000.0,PE,3.0,3.65,2.45,3.15,3.15,566,662335290.5,1003275,26585,2026-08-18
NIFTY,2026-09-15,25850.0,PE,0.0,0.0,0.0,1345.95,1618.03,0,0.0,0,0,2026-08-18
NIFTY,2026-09-15,24950.0,PE,0.0,0.0,0.0,689.2,864.14,0,0.0,0,0,2026-08-18
NIFTY,2026-09-15,24050.0,PE,0.0,0.0,0.0,264.95,336.45,0,0.0,0,0,2026-08-18
NIFTY,2026-09-15,23900.0,PE,0.0,0.0,0.0,218.25,276.16,0,0.0,0,0,2026-08-18
NIFTY,2026-09-15,23500.0,PE,82.8,82.8,50.65,54.7,54.7,78,119426973.25,3315,3315,2026-08-18
NIFTY,2026-09-15,23050.0,PE,0.0,0.0,0.0,58.25,69.1,0,0.0,0,0,2026-08-18
NIFTY,2026-09-08,25650.0,PE,0.0,0.0,0.0,1079.4,1439.11,0,0.0,0,0,2026-08-18
NIFTY,2030-06-25,18000.0,CE,0.0,0.0,0.0,12423.9,10274.93,0,0.0,0,0,2026-08-18
NIFTY,2030-06-25,31500.0,CE,0.0,0.0,0.0,3984.8,2951.91,0,0.0,0,0,2026-08-18
NIFTY,2030-12-31,16500.0,CE,0.0,0.0,0.0,13763.55,11816.78,0,0.0,0,0,2026-08-18
NIFTY,2030-12-31,28500.0,CE,0.0,0.0,0.0,5968.3,4662.79,0,0.0,0,0,2026-08-18
NIFTY,2031-06-24,31500.0,CE,0.0,0.0,0.0,3928.35,4021.05,0,0.0,0,0,2026-08-18
NIFTY,2026-08-18,22150.0,PE,0.3,0.35,0.05,0.05,24154.9,2519,3626748495.5,99320,38415,2026-08-18
NIFTY,2026-08-18,22250.0,PE,0.35,0.4,0.05,0.05,24154.9,1601,2315459932.5,61295,33995,2026-08-18
NIFTY,2026-08-18,22650.0,PE,0.4,0.5,0.05,0.05,24154.9,12052,17743751964.25,125190,-38480,2026-08-18
NIFTY,2026-08-18,23200.0,PE,0.45,0.65,0.05,0.05,24154.9,176357,265949451823.25,1165645,-1001650,2026-08-18
NIFTY,2026-08-18,23350.0,PE,0.7,0.7,0.05,0.05,24154.9,149099,226297537872.25,1027065,-38740,2026-08-18
NIFTY,2026-08-18,23600.0,PE,0.8,0.8,0.05,0.1,24154.9,579652,889198795927.0,2609945,-781690,2026-08-18
NIFTY,2026-08-18,24000.0,PE,3.65,4.25,0.05,0.35,24154.9,4994715,7792162541163.0,9940125,-1426425,2026-08-18
NIFTY,2026-08-18,24600.0,PE,301.0,465.75,301.0,414.35,24154.9,42552,69094320616.75,777010,-497445,2026-08-18
NIFTY,2026-08-18,25600.0,PE,1420.0,1449.45,1378.9,1449.45,24154.9,4,7022668.25,1365,-195,2026-08-18
NIFTY,2026-08-18,26300.0,PE,0.0,0.0,0.0,2128.25,24154.9,0,0.0,0,0,2026-08-18
NIFTY,2026-08-18,26350.0,PE,0.0,0.0,0.0,2175.4,24154.9,0,0.0,0,0,2026-08-18
NIFTY,2026-08-18,26550.0,PE,0.0,0.0,0.0,2365.65,24154.9,0,0.0,0,0,2026-08-18
NIFTY,2026-08-25,21450.0,PE,1.15,1.4,0.95,1.15,1.15,171,238429818.25,5330,-195,2026-08-18
NIFTY,2026-08-25,21800.0,PE,1.6,1.9,1.15,1.45,1.45,1467,2078871512.25,70200,9815,2026-08-18
NIFTY,2026-08-25,22150.0,PE,1.65,2.3,1.2,1.8,1.8,587,845200486.0,24375,10335,2026-08-18
NIFTY,2026-08-25,23200.0,PE,5.4,5.4,3.0,3.5,3.5,84182,126966354151.0,2357680,1324830,2026-08-18
NIFTY,2026-08-25,23400.0,PE,5.95,6.35,4.1,4.8,4.8,70513,107272466535.0,1793415,617045,2026-08-18
NIFTY,2026-08-25,23550.0,PE,8.55,9.0,6.05,7.35,7.35,27727,42456070085.0,549575,107250,2026-08-18
NIFTY,2026-08-25,24450.0,PE,217.9,289.0,217.9,270.45,270.45,16245,26086182021.25,480805,-124605,2026-08-18
NIFTY,2026-08-25,25100.0,PE,825.4,895.9,804.8,871.9,871.9,671,1132220245.0,96265,25545,2026-08-18
NIFTY,2026-08-25,26200.0,PE,1963.0,1963.0,1954.2,1954.2,2014.75,2,3660618.0,44070,130,2026-08-18
NIFTY,2026-09-01,22050.0,PE,3.6,4.4,3.5,4.05,4.05,34,48739190.5,1625,715,2026-08-18
NIFTY,2026-09-01,22100.0,PE,4.4,4.4,3.6,4.05,4.05,161,231318893.0,50700,4485,2026-08-18
NIFTY,2026-09-01,22150.0,PE,3.7,4.7,3.25,4.1,4.1,76,109440301.75,2860,910,2026-08-18
NIFTY,2026-09-01,23250.0,PE,10.2,11.55,9.0,10.65,10.65,415,627443277.5,19110,11440,2026-08-18
NIFTY,2026-09-01,23300.0,PE,10.95,13.75,9.4,12.0,12.0,4813,7292838644.0,186810,68640,2026-08-18
NIFTY,2026-09-01,23350.0,PE,0.0,0.0,0.0,182.25,49.77,0,0.0,0,0,2026-08-18
NIFTY,2026-09-01,24000.0,PE,58.65,99.45,58.65,89.25,89.25,23486,36770688984.25,764985,296790,2026-08-18
NIFTY,2026-09-01,24450.0,PE,250.0,306.85,250.0,294.1,294.1,703,1129985164.75,39065,4225,2026-08-18
NIFTY,2026-09-01,25050.0,PE,0.0,0.0,0.0,970.45,895.76,0,0.0,0,0,2026-08-18
NIFTY,2030-12-31,31500.0,PE,0.0,0.0,0.0,1885.5,3018.2,0,0.0,0,0,2026-08-18
NIFTY,2026-08-18,24500.0,PE,210.0,369.0,210.0,311.55,24154.9,217414,350182301764.75,1183455,-1473875,2026-08-18
NIFTY,2026-08-18,23850.0,PE,1.0,1.55,0.05,0.15,24154.9,732048,1134881326481.5,2278705,-85215,2026-08-18
NIFTY,2026-08-25,23800.0,PE,16.0,25.8,15.1,20.5,20.5,229835,355846377562.0,4211545,705380,2026-08-18
NIFTY,2026-08-25,25700.0,PE,1400.0,1485.75,1399.95,1462.0,1515.94,231,407783561.25,18460,-12285,2026-08-18
NIFTY,2026-08-25,26400.0,PE,0.0,0.0,0.0,1670.0,2214.49,0,0.0,130,0,2026-08-18
NIFTY,2026-08-25,27100.0,PE,2800.0,2800.0,2800.0,2800.0,2800.0,1,1943500.0,130,65,2026-08-18
NIFTY,2026-09-01,23950.0,PE,63.25,85.0,62.35,77.05,77.05,1928,3010778221.75,69680,28015,2026-08-18
NIFTY,2026-09-01,24650.0,PE,409.9,452.0,397.45,440.6,440.6,74,120590798.25,6110,-325,2026-08-18
NIFTY,2026-09-01,24950.0,PE,672.8,672.8,660.5,660.5,811.5,2,3330164.5,390,-65,2026-08-18
NIFTY,2026-09-01,25250.0,PE,950.4,950.4,950.4,950.4,1072.2,1,1703026.0,65,65,2026-08-18
NIFTY,2026-09-01,25400.0,PE,0.0,0.0,0.0,1042.0,1210.05,0,0.0,65,0,2026-08-18
NIFTY,2026-09-01,26100.0,PE,0.0,0.0,0.0,1810.35,1887.25,0,0.0,0,0,2026-08-18
NIFTY,2026-09-01,26600.0,PE,0.0,0.0,0.0,2266.3,2383.84,0,0.0,0,0,2026-08-18
NIFTY,2026-09-08,23300.0,PE,0.0,0.0,0.0,74.5,77.33,0,0.0,0,0,2026-08-18
NIFTY,2026-09-08,24400.0,PE,259.95,305.75,259.0,293.9,293.9,643,1031726007.0,57135,-3315,2026-08-18
NIFTY,2026-09-08,24500.0,PE,324.95,365.0,312.9,348.35,348.35,1454,2347628136.75,126880,24700,2026-08-18
NIFTY,2026-09-08,25100.0,PE,0.0,0.0,0.0,701.05,957.64,0,0.0,0,0,2026-08-18
NIFTY,2026-09-08,25700.0,PE,0.0,0.0,0.0,1116.5,1485.48,0,0.0,0,0,2026-08-18
NIFTY,2026-09-08,26350.0,PE,0.0,0.0,0.0,1656.4,2109.61,0,0.0,0,0,2026-08-18
NIFTY,2026-09-15,23800.0,PE,175.0,175.0,91.9,96.6,96.6,185,287395566.25,6045,6045,2026-08-18
NIFTY,2026-09-15,23850.0,PE,0.0,0.0,0.0,204.05,257.82,0,0.0,0,0,2026-08-18
NIFTY,2026-09-15,24100.0,PE,0.0,0.0,0.0,282.0,358.32,0,0.0,0,0,2026-08-18
NIFTY,2026-09-15,25950.0,PE,0.0,0.0,0.0,1430.0,1710.29,0,0.0,0,0,2026-08-18
NIFTY,2026-09-29,21850.0,PE,14.25,15.15,14.25,14.85,14.85,52,73902702.25,1430,585,2026-08-18
NIFTY,2026-09-29,22150.0,PE,17.65,19.15,17.65,18.75,18.75,91,131124626.75,21645,260,2026-08-18
NIFTY,2026-09-29,22800.0,PE,32.55,37.15,31.5,35.75,35.75,3357,4982656913.0,331760,47710,2026-08-18
NIFTY,2026-09-29,22950.0,PE,38.95,43.55,37.75,42.25,42.25,174,260030644.25,15015,-1235,2026-08-18
NIFTY,2026-09-29,24700.0,PE,402.6,535.9,402.6,518.85,518.85,1255,2056601290.25,192075,-4550,2026-08-18
NIFTY,2026-09-29,25800.0,PE,0.0,0.0,0.0,1249.4,1556.99,0,0.0,1430,0,2026-08-18
NIFTY,2026-09-29,26650.0,PE,0.0,0.0,0.0,2517.6,2325.82,0,0.0,0,0,2026-08-18
NIFTY,2026-09-29,26800.0,PE,0.0,0.0,0.0,2648.0,2468.15,0,0.0,0,0,2026-08-18
NIFTY,2026-09-29,27100.0,PE,0.0,0.0,0.0,2914.15,2756.43,0,0.0,0,0,2026-08-18
NIFTY,2026-08-18,23650.0,PE,0.75,0.85,0.05,0.1,24154.9,606656,932594408362.5,1373905,-44395,2026-08-18
NIFTY,2026-08-18,23550.0,PE,0.7,0.8,0.05,0.05,24154.9,254362,389369670066.0,1577745,569530,2026-08-18
NIFTY,2026-08-18,23500.0,PE,0.75,0.75,0.05,0.05,24154.9,895187,1367418300049.75,4822155,-1811680,2026-08-18
NIFTY,2026-08-18,22850.0,PE,0.5,0.5,0.05,0.05,24154.9,12853,19090100292.25,171600,-110565,2026-08-18
NIFTY,2026-08-18,22800.0,PE,0.45,0.5,0.05,0.05,24154.9,56800,84178529217.25,618670,-221390,2026-08-18
NIFTY,2026-08-18,22750.0,PE,0.3,0.45,0.05,0.05,24154.9,13719,20287163832.0,247780,95940,2026-08-18
NIFTY,2026-08-18,22100.0,PE,0.3,0.3,0.05,0.05,24154.9,16352,23489784519.5,191100,-43810,2026-08-18
NIFTY,2026-08-18,22050.0,PE,0.3,0.35,0.05,0.05,24154.9,3326,4767020219.0,87295,12610,2026-08-18
NIFTY,2031-06-24,24000.0,CE,0.0,0.0,0.0,7181.9,7426.47,0,0.0,0,0,2026-08-18
NIFTY,2030-12-31,30000.0,CE,0.0,0.0,0.0,5227.2,4052.54,0,0.0,0,0,2026-08-18
NIFTY,2030-06-25,22500.0,CE,0.0,0.0,0.0,9012.4,7214.37,0,0.0,0,0,2026-08-18
NIFTY,2029-12-24,31500.0,CE,0.0,0.0,0.0,3429.3,2416.71,0,0.0,0,0,2026-08-18
NIFTY,2029-06-26,30000.0,CE,0.0,0.0,0.0,5268.4,2354.69,0,0.0,0,0,2026-08-18
NIFTY,2026-08-25,21550.0,PE,1.45,1.45,1.0,1.2,1.2,139,194715348.75,5265,-130,2026-08-18
NIFTY,2026-08-25,21500.0,PE,1.5,1.5,0.8,1.2,1.2,22432,31350480161.0,1220375,18070,2026-08-18
NIFTY,2026-08-18,27100.0,PE,0.0,0.0,0.0,2899.2,24154.9,0,0.0,0,0,2026-08-18
NIFTY,2026-08-18,26900.0,PE,0.0,0.0,0.0,2703.85,24154.9,0,0.0,0,0,2026-08-18
NIFTY,2030-12-31,28500.0,PE,0.0,0.0,0.0,1083.1,1919.56,0,0.0,0,0,2026-08-18
NIFTY,2026-08-18,25300.0,PE,1065.7,1158.65,1050.0,1152.3,24154.9,164,281349051.75,31460,-65,2026-08-18
NIFTY,2026-08-18,26700.0,PE,0.0,0.0,0.0,2509.9,24154.9,0,0.0,0,0,2026-08-18
NIFTY,2026-12-29,23000.0,CE,2025.0,2025.0,1890.0,1898.05,1898.05,359,581652347.25,331450,910,2026-08-18
NIFTY,2026-10-27,26950.0,CE,0.0,0.0,0.0,115.95,74.9,0,0.0,0,0,2026-08-18
NIFTY,2026-10-27,26800.0,CE,0.0,0.0,0.0,132.4,88.13,0,0.0,0,0,2026-08-18
NIFTY,2026-10-27,26550.0,CE,0.0,0.0,0.0,164.25,114.64,0,0.0,0,0,2026-08-18
NIFTY,2026-10-27,26150.0,CE,0.0,0.0,0.0,228.35,170.91,0,0.0,0,0,2026-08-18
NIFTY,2026-08-18,22250.0,CE,0.0,0.0,0.0,1959.6,24154.9,0,0.0,0,0,2026-08-18
NIFTY,2026-08-18,22350.0,CE,0.0,0.0,0.0,1866.6,24154.9,0,0.0,0,0,2026-08-18
NIFTY,2026-08-18,22850.0,CE,0.0,0.0,0.0,1421.6,24154.9,0,0.0,0,0,2026-08-18
NIFTY,2026-10-27,24350.0,CE,0.0,0.0,0.0,801.0,746.42,0,0.0,0,0,2026-08-18
NIFTY,2026-10-27,23300.0,CE,0.0,0.0,0.0,1407.3,1398.52,0,0.0,0,0,2026-08-18
NIFTY,2026-10-27,22900.0,CE,0.0,0.0,0.0,1691.95,1704.18,0,0.0,0,0,2026-08-18
NIFTY,2026-09-29,26900.0,CE,5.0,5.65,5.0,5.55,20.34,46,80446785.25,1040,1040,2026-08-18
NIFTY,2026-09-29,26700.0,CE,0.0,0.0,0.0,136.15,28.18,0,0.0,0,0,2026-08-18
NIFTY,2026-09-29,30000.0,PE,5520.0,5572.0,5520.0,5570.7,5570.7,18,41593012.5,147160,130,2026-08-18
NIFTY,2026-10-27,23200.0,PE,0.0,0.0,0.0,342.0,227.53,0,0.0,0,0,2026-08-18
NIFTY,2026-10-27,23700.0,PE,146.5,182.0,112.0,172.7,172.7,538,834822046.5,156195,5460,2026-08-18
NIFTY,2026-10-27,24450.0,PE,405.0,448.75,403.15,412.55,412.55,136,219811644.0,1365,-1170,2026-08-18
NIFTY,2026-10-27,25800.0,PE,0.0,0.0,0.0,1055.9,1560.72,0,0.0,390,0,2026-08-18
NIFTY,2026-10-27,26050.0,PE,0.0,0.0,0.0,1920.65,1758.49,0,0.0,0,0,2026-08-18
NIFTY,2026-12-29,25500.0,PE,966.15,1025.95,963.45,1012.1,1012.1,611,1052680430.75,386945,1365,2026-08-18
NIFTY,2027-03-30,21000.0,PE,89.5,91.2,84.85,85.45,85.45,523,716851983.25,389220,7280,2026-08-18
NIFTY,2027-03-30,28500.0,PE,0.0,0.0,0.0,2937.15,3513.23,0,0.0,65,0,2026-08-18
NIFTY,2027-06-29,16500.0,PE,0.0,0.0,0.0,25.0,1.78,0,0.0,780,0,2026-08-18
NIFTY,2027-12-28,25500.0,PE,0.0,0.0,0.0,676.05,1426.96,0,0.0,0,0,2026-08-18
NIFTY,2028-06-27,22500.0,PE,0.0,0.0,0.0,206.95,528.7,0,0.0,0,0,2026-08-18
NIFTY,2026-08-18,23450.0,CE,0.0,0.0,0.0,994.45,24154.9,0,0.0,65,0,2026-08-18
NIFTY,2026-08-18,23900.0,CE,350.0,369.75,231.9,281.75,24154.9,38514,60609375131.5,67015,-17095,2026-08-18
NIFTY,2026-08-18,24000.0,CE,263.05,271.75,131.35,177.5,24154.9,491657,773758781666.0,620230,219310,2026-08-18
NIFTY,2026-08-18,24900.0,CE,0.75,0.85,0.05,0.05,24154.9,849481,1374909168568.0,5296590,213070,2026-08-18
NIFTY,2026-08-18,25000.0,CE,0.55,0.75,0.05,0.1,24154.9,1357790,2206444993723.75,9212190,494520,2026-08-18
NIFTY,2026-08-18,25100.0,CE,0.6,0.7,0.05,0.05,24154.9,468881,764990949567.0,2812095,-665015,2026-08-18
NIFTY,2026-08-18,25550.0,CE,0.2,0.6,0.05,0.05,24154.9,55031,91393667293.5,483795,-33280,2026-08-18
NIFTY,2026-08-18,25750.0,CE,0.35,0.45,0.05,0.05,24154.9,43490,72792011249.75,536250,-139295,2026-08-18
NIFTY,2026-08-18,25950.0,CE,0.35,0.4,0.05,0.05,24154.9,9929,16747875072.5,253890,39780,2026-08-18
NIFTY,2026-08-25,21900.0,CE,2340.0,2340.0,2340.0,2340.0,2280.3,1,1575600.0,390,-65,2026-08-18
NIFTY,2028-06-27,31500.0,PE,0.0,0.0,0.0,2935.6,4648.71,0,0.0,0,0,2026-08-18
NIFTY,2026-08-25,22950.0,CE,0.0,0.0,0.0,1580.55,1233.47,0,0.0,195,0,2026-08-18
NIFTY,2026-08-25,25450.0,CE,2.0,2.15,1.6,1.85,1.85,13538,22396918365.25,263835,120120,2026-08-18
NIFTY,2026-08-25,26200.0,CE,0.7,0.8,0.65,0.75,0.75,8923,15196285273.0,424775,-2080,2026-08-18
NIFTY,2026-08-25,26800.0,CE,0.6,0.75,0.55,0.7,0.7,215,374539184.5,27820,0,2026-08-18
NIFTY,2026-09-01,23450.0,CE,0.0,0.0,0.0,1108.95,823.84,0,0.0,0,0,2026-08-18
NIFTY,2026-09-01,24150.0,CE,294.6,300.0,240.0,247.9,247.9,1774,2814527764.75,41535,37505,2026-08-18
NIFTY,2026-09-01,25350.0,CE,0.0,0.0,0.0,203.15,27.31,0,0.0,0,0,2026-08-18
NIFTY,2027-06-29,19000.0,CE,0.0,0.0,0.0,7800.0,6228.87,0,0.0,75,0,2026-08-18
NIFTY,2027-06-29,31500.0,CE,0.0,0.0,0.0,769.15,159.89,0,0.0,0,0,2026-08-18
NIFTY,2028-06-27,18000.0,CE,0.0,0.0,0.0,6809.35,8270.99,0,0.0,0,0,2026-08-18
NIFTY,2029-06-26,28500.0,CE,0.0,0.0,0.0,4213.3,2900.53,0,0.0,0,0,2026-08-18
NIFTY,2026-09-01,25450.0,CE,0.0,0.0,0.0,180.95,20.72,0,0.0,0,0,2026-08-18
NIFTY,2026-09-01,25700.0,CE,4.0,4.35,2.7,3.15,3.15,1416,2365731686.5,83135,-6565,2026-08-18
NIFTY,2026-09-01,26350.0,CE,1.85,1.85,1.85,1.85,1.85,8,13702962.0,650,0,2026-08-18
NIFTY,2026-09-01,26900.0,CE,1.75,1.85,1.6,1.65,1.65,31,54206935.25,4615,845,2026-08-18
NIFTY,2026-09-01,27050.0,CE,0.0,0.0,0.0,1.75,0.06,0,0.0,1625,0,2026-08-18
NIFTY,2026-09-08,22750.0,CE,0.0,0.0,0.0,2023.95,1504.93,0,0.0,0,0,2026-08-18
