SYMBOL,EXPIRY_DT,STRIKE_PR,OPTION_TYP,OPEN,HIGH,LOW,CLOSE,SETTLE_PR,CONTRACTS,VAL_INLAKH,OPEN_INT,CHG_IN_OI,TIMESTAMP
NIFTY,2026-10-27,23700.0,CE,682.5,719.05,595.85,616.15,616.15,152,240702468.5,9685,-1495,2026-09-03
NIFTY,2026-09-08,22850.0,CE,0.0,0.0,0.0,1930.45,1043.44,0,0.0,0,0,2026-09-03
NIFTY,2026-09-08,23850.0,CE,193.0,257.4,113.5,151.7,151.7,432606,675906289184.75,1797640,-355225,2026-09-03
NIFTY,2026-09-08,24550.0,CE,4.95,5.95,3.0,4.1,4.1,300195,479124265818.25,2900300,1486290,2026-09-03
NIFTY,2026-09-08,25950.0,CE,0.9,0.95,0.55,0.7,0.7,1167,1968493822.75,33020,3250,2026-09-03
NIFTY,2026-09-15,25100.0,CE,3.4,4.4,3.4,3.85,3.85,9488,15482080003.0,241410,85605,2026-09-03
NIFTY,2026-09-22,22400.0,CE,0.0,0.0,0.0,1912.1,1554.39,0,0.0,0,0,2026-09-03
NIFTY,2026-09-22,24650.0,CE,0.0,0.0,0.0,336.8,108.5,0,0.0,0,0,2026-09-03
NIFTY,2026-10-06,23650.0,CE,0.0,0.0,0.0,792.4,659.38,0,0.0,0,0,2026-09-03
NIFTY,2026-09-29,24800.0,CE,38.45,44.75,30.35,32.3,32.3,22772,36763917710.0,1708460,29055,2026-09-03
NIFTY,2026-09-29,23200.0,CE,925.5,984.5,822.2,844.05,844.05,315,492554809.5,34970,10530,2026-09-03
NIFTY,2026-09-22,25200.0,CE,6.0,8.75,6.0,7.0,7.0,548,897879446.75,52455,2990,2026-09-03
NIFTY,2026-09-29,22000.0,CE,2099.9,2152.75,1970.0,1978.45,1978.45,389,608773233.25,792220,-9360,2026-09-03
NIFTY,2026-09-29,22100.0,CE,1950.0,1950.0,1930.0,1930.0,1930.0,2,3125200.0,780,-65,2026-09-03
NIFTY,2026-09-08,22700.0,CE,0.0,0.0,0.0,2071.05,1192.46,0,0.0,0,0,2026-09-03
NIFTY,2026-09-08,25600.0,CE,0.7,1.1,0.6,0.75,0.75,62199,103502234741.75,2187900,25090,2026-09-03
NIFTY,2026-09-15,23050.0,CE,0.0,0.0,0.0,1613.5,901.53,0,0.0,0,0,2026-09-03
NIFTY,2026-09-15,25800.0,CE,1.25,1.4,1.0,1.1,1.1,1458,2445178632.0,83460,17355,2026-09-03
NIFTY,2026-09-22,22550.0,CE,0.0,0.0,0.0,1772.85,1411.35,0,0.0,0,0,2026-09-03
NIFTY,2026-09-22,24050.0,CE,228.0,250.9,167.2,176.6,176.6,953,1502582113.5,22880,6110,2026-09-03
NIFTY,2026-09-22,24300.0,CE,116.5,131.8,80.5,87.4,87.4,2212,3509087182.25,95160,-10140,2026-09-03
NIFTY,2026-09-29,24200.0,CE,214.75,226.25,153.0,162.25,162.25,35505,56290803679.5,3440515,72150,2026-09-03
NIFTY,2026-10-06,24800.0,CE,0.0,0.0,0.0,241.5,177.38,0,0.0,0,0,2026-09-03
NIFTY,2026-10-27,22350.0,CE,0.0,0.0,0.0,2124.25,1813.34,0,0.0,0,0,2026-09-03
NIFTY,2026-10-27,22600.0,CE,0.0,0.0,0.0,1922.3,1599.21,0,0.0,0,0,2026-09-03
NIFTY,2026-10-27,26200.0,CE,0.0,0.0,0.0,219.35,62.68,0,0.0,0,0,2026-09-03
NIFTY,2026-11-23,25800.0,CE,0.0,0.0,0.0,372.6,209.93,0,0.0,0,0,2026-09-03
NIFTY,2026-11-23,25900.0,CE,0.0,0.0,0.0,345.7,191.79,0,0.0,0,0,2026-09-03
NIFTY,2027-12-28,26000.0,CE,1337.4,1363.95,1295.0,1312.9,1312.9,404,717642896.75,82340,-11615,2026-09-03
NIFTY,2030-06-25,33000.0,CE,0.0,0.0,0.0,4416.45,2235.8,0,0.0,0,0,2026-09-03
NIFTY,2031-06-24,18000.0,CE,0.0,0.0,0.0,10825.95,10826.02,0,0.0,0,0,2026-09-03
NIFTY,2026-09-08,22150.0,PE,1.4,1.7,0.8,0.9,0.9,43947,63275555239.0,778570,778570,2026-09-03
NIFTY,2026-09-08,24500.0,PE,480.0,616.25,437.6,574.65,574.65,16678,27103071112.0,952640,14755,2026-09-03
NIFTY,2026-09-15,22850.0,PE,8.25,8.25,6.6,7.15,7.15,1002,1488707944.75,15275,2210,2026-09-03
NIFTY,2026-09-22,22250.0,PE,0.0,0.0,0.0,20.05,6.98,0,0.0,0,0,2026-09-03
NIFTY,2026-09-22,24700.0,PE,0.0,0.0,0.0,678.0,848.24,0,0.0,1040,0,2026-09-03
NIFTY,2026-09-22,24950.0,PE,0.0,0.0,0.0,887.95,1057.83,0,0.0,0,0,2026-09-03
NIFTY,2026-09-22,25800.0,PE,0.0,0.0,0.0,1569.65,1853.36,0,0.0,0,0,2026-09-03
NIFTY,2026-09-29,21650.0,PE,9.95,9.95,8.15,9.1,2.78,12,16894007.0,5785,260,2026-09-03
NIFTY,2026-09-29,25050.0,PE,0.0,0.0,0.0,791.2,1153.2,0,0.0,3900,0,2026-09-03
NIFTY,2026-09-29,26000.0,PE,1875.05,2012.5,1840.0,1984.0,1984.0,860,1560560030.25,2200040,-20800,2026-09-03
NIFTY,2026-10-27,23650.0,PE,169.5,210.25,163.3,207.65,207.65,43,66616507.75,5460,520,2026-09-03
NIFTY,2026-10-27,25000.0,PE,900.0,975.05,823.0,954.85,954.85,1024,1722387182.75,593710,8710,2026-09-03
NIFTY,2026-10-27,25700.0,PE,0.0,0.0,0.0,1260.0,1697.85,0,0.0,325,0,2026-09-03
NIFTY,2026-10-27,26100.0,PE,0.0,0.0,0.0,1960.3,2047.82,0,0.0,0,0,2026-09-03
NIFTY,2026-09-15,25550.0,PE,0.0,0.0,0.0,1105.5,1629.26,0,0.0,0,0,2026-09-03
NIFTY,2026-09-08,24400.0,PE,400.4,516.35,341.2,476.75,476.75,23078,37222110136.25,546065,65,2026-09-03
NIFTY,2026-09-08,23900.0,PE,84.4,113.85,49.05,93.8,93.8,2974713,4636399190855.25,6937580,1051895,2026-09-03
NIFTY,2026-09-08,23700.0,PE,37.9,41.6,18.05,33.45,33.45,1352402,2085814139126.25,5996445,1637935,2026-09-03
NIFTY,2026-09-08,23200.0,PE,6.2,6.2,3.2,3.7,3.7,492471,742787146348.0,3788720,411320,2026-09-03
NIFTY,2028-06-27,31500.0,CE,0.0,0.0,0.0,1784.8,749.99,0,0.0,0,0,2026-09-03
NIFTY,2026-11-23,24450.0,CE,401.5,415.45,374.9,374.9,615.07,22,35540420.5,1690,1170,2026-09-03
NIFTY,2026-11-23,22650.0,CE,0.0,0.0,0.0,2156.8,1727.63,0,0.0,0,0,2026-09-03
NIFTY,2026-10-27,26300.0,CE,0.0,0.0,0.0,202.25,54.87,0,0.0,0,0,2026-09-03
NIFTY,2026-10-06,25250.0,CE,0.0,0.0,0.0,133.2,91.05,0,0.0,0,0,2026-09-03
NIFTY,2026-10-06,24900.0,CE,0.0,0.0,0.0,212.9,153.47,0,0.0,0,0,2026-09-03
NIFTY,2026-10-06,24700.0,CE,0.0,0.0,0.0,272.85,201.89,0,0.0,0,0,2026-09-03
NIFTY,2026-10-06,22450.0,CE,0.0,0.0,0.0,1769.15,1596.37,0,0.0,0,0,2026-09-03
NIFTY,2026-09-29,26100.0,CE,4.25,4.55,3.85,4.2,4.2,49,83141948.5,20800,910,2026-09-03
NIFTY,2026-09-29,25750.0,CE,6.2,6.3,5.0,5.7,5.7,53,88728406.0,6565,910,2026-09-03
NIFTY,2026-09-29,23950.0,CE,339.9,371.5,267.35,279.2,279.2,6819,10758012736.25,181220,71695,2026-09-03
NIFTY,2026-09-29,22350.0,CE,1670.0,1670.0,1650.0,1660.0,1660.0,2,3121300.0,260,65,2026-09-03
NIFTY,2026-09-29,21900.0,CE,0.0,0.0,0.0,2400.0,2072.61,0,0.0,585,0,2026-09-03
NIFTY,2026-09-29,21700.0,CE,0.0,0.0,0.0,2580.0,2268.96,0,0.0,65,0,2026-09-03
NIFTY,2026-09-29,18000.0,CE,0.0,0.0,0.0,5945.75,5949.96,0,0.0,1365,0,2026-09-03
NIFTY,2026-09-22,24700.0,CE,32.1,35.0,21.85,24.6,24.6,5531,8890323997.75,146445,10270,2026-09-03
NIFTY,2026-09-22,23900.0,CE,319.95,347.7,243.55,260.85,260.85,3325,5227842106.5,127075,53365,2026-09-03
NIFTY,2026-09-22,22700.0,CE,0.0,0.0,0.0,1636.35,1271.21,0,0.0,0,0,2026-09-03
NIFTY,2026-09-15,25000.0,CE,5.55,5.8,4.3,4.8,4.8,51132,83105879730.25,2302560,271505,2026-09-03
NIFTY,2026-09-15,23900.0,CE,247.85,287.65,178.0,194.65,194.65,38794,60837911309.5,686465,289900,2026-09-03
NIFTY,2026-09-15,22800.0,CE,1263.8,1263.8,1263.8,1263.8,1132.27,1,1564147.0,65,65,2026-09-03
NIFTY,2026-09-15,22700.0,CE,1363.45,1363.45,1363.45,1363.45,1227.7,1,1564124.25,65,65,2026-09-03
NIFTY,2026-09-08,24750.0,CE,2.8,3.1,2.0,2.35,2.35,274536,441704171983.75,1719250,306410,2026-09-03
NIFTY,2026-09-08,23150.0,CE,805.0,805.0,790.0,790.0,750.85,4,6226350.0,780,130,2026-09-03
NIFTY,2026-09-08,22950.0,CE,988.4,988.4,985.9,987.15,987.15,2,3111829.5,260,65,2026-09-03
NIFTY,2026-10-06,25700.0,PE,0.0,0.0,0.0,1563.65,1718.8,0,0.0,0,0,2026-09-03
NIFTY,2026-10-27,22800.0,PE,54.2,65.0,50.1,61.5,61.5,662,983489464.75,30485,4290,2026-09-03
NIFTY,2026-09-22,22350.0,CE,0.0,0.0,0.0,1959.05,1602.59,0,0.0,0,0,2026-09-03
NIFTY,2026-09-15,26200.0,CE,1.3,1.3,0.9,0.95,0.95,1315,2239533244.0,73450,32890,2026-09-03
NIFTY,2026-09-15,24450.0,CE,31.3,44.0,20.85,24.25,24.25,13465,21427463014.75,196300,22620,2026-09-03
NIFTY,2026-09-08,26150.0,CE,0.75,0.85,0.55,0.6,0.6,1105,1878269601.0,39130,6695,2026-09-03
NIFTY,2026-09-08,22350.0,CE,0.0,0.0,0.0,1735.0,1541.77,0,0.0,325,0,2026-09-03
NIFTY,2026-10-06,23000.0,PE,38.0,48.45,34.75,45.3,45.3,169,253105362.25,9035,2275,2026-09-03
NIFTY,2026-10-06,22150.0,PE,0.0,0.0,0.0,17.6,21.48,0,0.0,0,0,2026-09-03
NIFTY,2026-09-29,26600.0,PE,0.0,0.0,0.0,2474.55,2616.18,0,0.0,0,0,2026-09-03
NIFTY,2026-10-27,26250.0,PE,0.0,0.0,0.0,2081.05,2183.61,0,0.0,0,0,2026-09-03
NIFTY,2026-10-27,26300.0,PE,0.0,0.0,0.0,2121.9,2229.33,0,0.0,0,0,2026-09-03
NIFTY,2026-09-29,25600.0,PE,1501.15,1550.0,1501.15,1550.0,1646.55,3,5291074.75,32305,65,2026-09-03
NIFTY,2026-09-29,23650.0,PE,105.75,150.0,89.05,133.6,133.6,1848,2853828955.25,127010,6500,2026-09-03
NIFTY,2026-09-29,23350.0,PE,53.95,73.9,47.6,69.0,69.0,1957,2977643896.5,121940,7605,2026-09-03
NIFTY,2026-10-27,26400.0,PE,0.0,0.0,0.0,2204.4,2321.41,0,0.0,0,0,2026-09-03
NIFTY,2026-11-23,22700.0,PE,87.0,89.85,73.55,89.0,89.0,66,97735849.25,19500,1495,2026-09-03
NIFTY,2026-11-23,23250.0,PE,0.0,0.0,0.0,249.65,327.09,0,0.0,0,0,2026-09-03
NIFTY,2026-09-29,21800.0,PE,11.0,11.0,8.8,9.7,9.7,920,1304207732.75,144040,-2275,2026-09-03
NIFTY,2026-09-22,24250.0,PE,292.35,379.7,272.1,375.35,375.35,90,143686806.25,14040,325,2026-09-03
NIFTY,2026-09-22,22500.0,PE,10.25,10.25,8.05,9.0,9.0,404,591088982.25,33605,4030,2026-09-03
NIFTY,2026-09-15,25000.0,PE,924.4,1065.9,903.3,1051.5,1051.5,139,234731292.25,13585,4225,2026-09-03
NIFTY,2026-09-15,24600.0,PE,569.5,687.5,525.15,664.95,664.95,219,358353518.25,23660,975,2026-09-03
NIFTY,2026-09-08,25250.0,CE,1.1,1.55,0.85,1.2,1.2,28059,46053931696.5,374010,87230,2026-09-03
NIFTY,2026-09-15,23700.0,PE,67.45,88.35,48.75,78.1,78.1,40623,62752013714.0,649805,270985,2026-09-03
NIFTY,2026-09-15,23650.0,PE,50.0,74.75,41.55,65.1,65.1,18544,28576838517.5,276835,146965,2026-09-03
NIFTY,2026-11-23,23800.0,PE,271.1,312.0,249.35,300.25,300.25,217,339571989.25,36010,3510,2026-09-03
NIFTY,2026-12-29,19500.0,PE,28.0,28.0,25.95,26.9,26.9,38,48230546.0,155350,-455,2026-09-03
NIFTY,2026-09-15,22750.0,PE,6.6,7.1,4.8,6.25,6.25,1109,1640399176.0,39000,5005,2026-09-03
NIFTY,2026-09-15,22350.0,PE,5.75,5.8,4.2,4.6,4.6,1896,2754998860.25,191815,13975,2026-09-03
NIFTY,2026-09-15,22300.0,PE,5.2,5.2,3.7,4.35,4.35,8740,12671186729.5,125255,50180,2026-09-03
NIFTY,2026-09-08,25350.0,PE,0.0,0.0,0.0,1218.0,1455.89,0,0.0,780,0,2026-09-03
NIFTY,2030-12-31,31500.0,CE,0.0,0.0,0.0,4554.55,3209.37,0,0.0,0,0,2026-09-03
NIFTY,2028-12-26,33000.0,CE,0.0,0.0,0.0,2477.5,890.88,0,0.0,0,0,2026-09-03
NIFTY,2026-11-23,25450.0,CE,0.0,0.0,0.0,479.65,285.5,0,0.0,0,0,2026-09-03
NIFTY,2026-11-23,25150.0,CE,0.0,0.0,0.0,588.45,364.04,0,0.0,0,0,2026-09-03
NIFTY,2026-09-08,23300.0,CE,725.0,774.25,595.65,613.6,613.6,1002,1560898342.25,30810,-1300,2026-09-03
NIFTY,2026-09-15,24200.0,PE,264.0,346.45,216.6,317.0,317.0,12317,19588442971.5,549315,-5135,2026-09-03
NIFTY,2026-11-23,24800.0,CE,255.0,264.8,219.4,221.8,221.8,219,356424695.25,21580,2145,2026-09-03
NIFTY,2026-11-23,23050.0,CE,0.0,0.0,0.0,1832.8,1425.56,0,0.0,0,0,2026-09-03
NIFTY,2026-11-23,22700.0,CE,0.0,0.0,0.0,2115.1,1688.28,0,0.0,0,0,2026-09-03
NIFTY,2026-10-27,25350.0,CE,0.0,0.0,0.0,417.4,176.26,0,0.0,0,0,2026-09-03
NIFTY,2026-10-27,25200.0,CE,61.95,64.7,48.6,52.15,52.15,2241,3679034404.5,314405,14755,2026-09-03
NIFTY,2026-10-06,23200.0,CE,0.0,0.0,0.0,1120.5,967.11,0,0.0,0,0,2026-09-03
NIFTY,2026-10-06,22850.0,CE,0.0,0.0,0.0,1410.45,1245.86,0,0.0,0,0,2026-09-03
NIFTY,2026-10-06,22750.0,CE,0.0,0.0,0.0,1497.8,1330.72,0,0.0,0,0,2026-09-03
NIFTY,2026-09-29,24900.0,CE,31.15,33.35,23.15,25.05,25.05,14779,23947162515.25,1041560,-23660,2026-09-03
NIFTY,2026-09-29,23800.0,CE,437.0,476.0,354.3,371.05,371.05,13970,21994042843.5,641290,-11765,2026-09-03
NIFTY,2026-09-29,22500.0,CE,1614.95,1660.2,1477.9,1511.8,1511.8,168,262759818.75,523835,0,2026-09-03
NIFTY,2026-09-29,21800.0,CE,0.0,0.0,0.0,2150.0,2170.59,0,0.0,130,0,2026-09-03
NIFTY,2026-12-29,22500.0,PE,115.65,123.25,104.4,118.1,118.1,2342,3442158505.5,1249690,10010,2026-09-03
NIFTY,2026-10-06,23250.0,PE,0.0,0.0,0.0,141.3,170.9,0,0.0,0,0,2026-09-03
NIFTY,2026-10-06,23550.0,PE,0.0,0.0,0.0,218.45,260.55,0,0.0,0,0,2026-09-03
NIFTY,2026-10-06,23750.0,PE,0.0,0.0,0.0,284.6,337.06,0,0.0,0,0,2026-09-03
NIFTY,2027-03-30,22500.0,PE,194.05,210.0,185.95,206.1,206.1,964,1422091411.0,685750,20865,2026-09-03
NIFTY,2028-06-27,28500.0,PE,0.0,0.0,0.0,1560.85,2917.69,0,0.0,0,0,2026-09-03
NIFTY,2026-09-22,25300.0,CE,0.0,0.0,0.0,151.5,26.29,0,0.0,0,0,2026-09-03
NIFTY,2028-12-26,31500.0,PE,0.0,0.0,0.0,2673.4,4406.56,0,0.0,0,0,2026-09-03
NIFTY,2029-12-24,22500.0,PE,0.0,0.0,0.0,225.7,561.57,0,0.0,0,0,2026-09-03
NIFTY,2031-06-24,31500.0,PE,0.0,0.0,0.0,3185.85,2869.09,0,0.0,0,0,2026-09-03
NIFTY,2026-09-22,24000.0,CE,249.0,282.0,189.35,207.75,207.75,6166,9713654245.75,176475,45890,2026-09-03
NIFTY,2026-09-22,22900.0,CE,0.0,0.0,0.0,1459.55,1090.45,0,0.0,0,0,2026-09-03
NIFTY,2026-09-15,22950.0,PE,8.25,9.8,7.95,8.85,8.85,6265,9349378509.25,156715,110500,2026-09-03
NIFTY,2026-09-15,22700.0,PE,6.25,7.6,5.25,5.75,5.75,9438,13929513572.0,181935,54600,2026-09-03
NIFTY,2026-11-23,23250.0,CE,0.0,0.0,0.0,1679.6,1284.01,0,0.0,0,0,2026-09-03
NIFTY,2026-09-29,23100.0,CE,976.5,976.5,942.0,948.05,948.05,16,25027401.75,4745,-390,2026-09-03
NIFTY,2026-09-29,26050.0,CE,5.05,5.05,3.6,4.4,10.65,24,40644639.75,87490,-1235,2026-09-03
NIFTY,2026-09-29,26150.0,CE,3.3,3.9,3.3,3.75,3.75,21,35699813.5,14625,-390,2026-09-03
NIFTY,2030-12-31,28500.0,CE,0.0,0.0,0.0,5968.3,4336.16,0,0.0,0,0,2026-09-03
NIFTY,2026-11-23,26050.0,PE,0.0,0.0,0.0,1637.9,1969.92,0,0.0,0,0,2026-09-03
NIFTY,2026-11-23,25100.0,PE,0.0,0.0,0.0,859.6,1245.39,0,0.0,130,0,2026-09-03
NIFTY,2028-12-26,16500.0,PE,0.0,0.0,0.0,5.9,26.51,0,0.0,0,0,2026-09-03
NIFTY,2026-09-15,22950.0,CE,0.0,0.0,0.0,1703.2,992.22,0,0.0,0,0,2026-09-03
NIFTY,2026-10-27,26750.0,CE,0.0,0.0,0.0,138.3,29.24,0,0.0,0,0,2026-09-03
NIFTY,2026-10-27,24850.0,CE,119.95,129.25,99.3,103.7,103.7,171,277455337.25,21515,7345,2026-09-03
NIFTY,2026-12-29,20000.0,PE,31.0,33.25,30.1,31.9,31.9,853,1110639751.0,1141955,415,2026-09-03
NIFTY,2026-09-15,22200.0,PE,4.0,4.65,4.0,4.3,4.3,7204,10397395609.25,260065,260065,2026-09-03
NIFTY,2031-06-24,33000.0,CE,0.0,0.0,0.0,3451.55,3221.36,0,0.0,0,0,2026-09-03
NIFTY,2031-06-24,28500.0,CE,0.0,0.0,0.0,5048.95,4863.04,0,0.0,0,0,2026-09-03
NIFTY,2026-09-15,23800.0,CE,314.05,362.05,234.4,256.8,256.8,15142,23721177301.25,303615,18330,2026-09-03
NIFTY,2026-09-15,24900.0,CE,6.55,7.3,4.55,5.25,5.25,14419,23342519443.75,380835,68445,2026-09-03
NIFTY,2026-09-15,26000.0,CE,1.5,1.5,1.0,1.05,1.05,6696,11316724783.0,236210,124735,2026-09-03
NIFTY,2028-12-26,31500.0,CE,703.0,750.0,703.0,750.0,1186.97,3,6285045.0,585,0,2026-09-03
NIFTY,2027-06-29,21000.0,CE,0.0,0.0,0.0,3061.8,4123.82,0,0.0,0,0,2026-09-03
NIFTY,2026-10-27,24500.0,CE,235.65,252.0,194.75,203.6,203.6,6547,10521604785.25,894075,30745,2026-09-03
NIFTY,2026-10-27,25950.0,CE,0.0,0.0,0.0,267.4,86.53,0,0.0,0,0,2026-09-03
NIFTY,2026-09-29,26750.0,PE,0.0,0.0,0.0,2201.15,2764.64,0,0.0,65,0,2026-09-03
NIFTY,2026-09-29,26150.0,PE,0.0,0.0,0.0,1720.0,2173.8,0,0.0,65,0,2026-09-03
NIFTY,2026-10-27,22250.0,CE,0.0,0.0,0.0,2190.0,1901.55,0,0.0,10075,0,2026-09-03
NIFTY,2026-09-22,23150.0,CE,0.0,0.0,0.0,1248.7,877.73,0,0.0,0,0,2026-09-03
NIFTY,2026-09-22,23950.0,CE,286.5,315.75,214.65,226.15,226.15,1551,2440340958.25,30485,22165,2026-09-03
NIFTY,2026-09-22,24900.0,CE,15.95,17.4,11.65,12.8,12.8,1457,2359538525.5,85345,-195,2026-09-03
NIFTY,2028-12-26,26000.0,PE,0.0,0.0,0.0,1300.1,1568.19,0,0.0,6875,0,2026-09-03
NIFTY,2029-06-26,16500.0,PE,0.0,0.0,0.0,8.1,35.55,0,0.0,0,0,2026-09-03
NIFTY,2029-06-26,30000.0,PE,0.0,0.0,0.0,2031.05,3201.6,0,0.0,0,0,2026-09-03
NIFTY,2026-09-29,23700.0,PE,120.0,152.65,98.1,141.25,141.25,17472,27053198188.25,1567020,146510,2026-09-03
NIFTY,2029-12-24,28500.0,PE,0.0,0.0,0.0,1255.9,2290.11,0,0.0,0,0,2026-09-03
NIFTY,2030-06-25,22500.0,PE,0.0,0.0,0.0,223.75,549.29,0,0.0,0,0,2026-09-03
NIFTY,2026-10-06,23000.0,CE,0.0,0.0,0.0,1283.0,1122.7,0,0.0,0,0,2026-09-03
NIFTY,2026-10-06,22400.0,CE,0.0,0.0,0.0,1815.55,1642.03,0,0.0,0,0,2026-09-03
NIFTY,2026-09-08,25500.0,CE,0.9,1.35,0.65,0.9,0.9,272313,451374881230.0,7133620,749645,2026-09-03
NIFTY,2026-09-08,26000.0,CE,0.85,1.0,0.55,0.65,0.65,63045,106548756271.75,3182985,193635,2026-09-03
NIFTY,2026-11-23,25000.0,CE,194.3,199.85,159.1,169.1,169.1,1552,2540296294.25,252850,25675,2026-09-03
NIFTY,2026-11-23,24500.0,CE,365.0,392.0,327.8,339.85,339.85,1891,3055819003.25,204165,26715,2026-09-03
NIFTY,2026-09-15,23800.0,PE,103.95,121.65,66.15,108.45,108.45,43659,67798675122.75,777660,171795,2026-09-03
NIFTY,2026-09-15,23500.0,PE,46.15,46.15,27.1,40.55,40.55,58489,89475612716.75,2156310,166595,2026-09-03
NIFTY,2026-09-22,23350.0,CE,0.0,0.0,0.0,1089.75,721.23,0,0.0,0,0,2026-09-03
NIFTY,2026-09-22,22150.0,CE,0.0,0.0,0.0,2149.05,1797.27,0,0.0,0,0,2026-09-03
NIFTY,2026-09-15,24100.0,CE,122.95,162.2,91.45,102.65,102.65,61143,96283808029.5,1221675,134680,2026-09-03
NIFTY,2026-09-08,25800.0,CE,0.8,1.1,0.55,0.75,0.75,19955,33465534079.25,521235,24830,2026-09-03
NIFTY,2026-09-08,23750.0,CE,275.7,342.2,191.35,220.6,220.6,74521,116308646216.75,425100,42640,2026-09-03
NIFTY,2026-09-22,23200.0,CE,0.0,0.0,0.0,1208.1,837.34,0,0.0,0,0,2026-09-03
NIFTY,2029-06-26,31500.0,PE,0.0,0.0,0.0,2443.35,4017.27,0,0.0,0,0,2026-09-03
NIFTY,2029-06-26,18000.0,PE,0.0,0.0,0.0,118.45,85.94,0,0.0,0,0,2026-09-03
NIFTY,2028-06-27,16500.0,PE,0.0,0.0,0.0,3.8,16.76,0,0.0,0,0,2026-09-03
NIFTY,2027-12-28,16500.0,PE,0.0,0.0,0.0,52.05,7.61,0,0.0,130,0,2026-09-03
NIFTY,2027-06-29,27000.0,PE,0.0,0.0,0.0,2070.0,2454.4,0,0.0,65,0,2026-09-03
NIFTY,2027-06-29,19500.0,PE,0.0,0.0,0.0,17.3,47.96,0,0.0,0,0,2026-09-03
NIFTY,2026-11-23,25300.0,PE,0.0,0.0,0.0,1121.6,1385.95,0,0.0,0,0,2026-09-03
NIFTY,2026-11-23,24400.0,PE,490.0,540.0,471.3,533.0,813.38,48,77723077.25,13195,1495,2026-09-03
NIFTY,2026-11-23,23550.0,PE,0.0,0.0,0.0,327.35,426.98,0,0.0,0,0,2026-09-03
NIFTY,2026-11-23,23050.0,PE,0.0,0.0,0.0,205.8,271.5,0,0.0,0,0,2026-09-03
NIFTY,2026-10-27,26800.0,PE,0.0,0.0,0.0,2544.55,2696.85,0,0.0,0,0,2026-09-03
NIFTY,2026-10-27,26350.0,PE,0.0,0.0,0.0,2163.0,2275.27,0,0.0,0,0,2026-09-03
NIFTY,2026-10-06,25200.0,PE,0.0,0.0,0.0,1141.5,1277.08,0,0.0,0,0,2026-09-03
NIFTY,2026-10-06,24600.0,PE,0.0,0.0,0.0,709.3,812.48,0,0.0,0,0,2026-09-03
NIFTY,2026-10-06,23850.0,PE,0.0,0.0,0.0,322.35,380.38,0,0.0,0,0,2026-09-03
NIFTY,2026-10-06,23200.0,PE,0.0,0.0,0.0,130.7,157.51,0,0.0,0,0,2026-09-03
NIFTY,2026-10-06,22900.0,PE,0.0,0.0,0.0,79.4,96.4,0,0.0,0,0,2026-09-03
NIFTY,2026-09-29,22700.0,PE,20.05,23.35,17.15,21.6,21.6,2923,4316535470.0,371735,-20085,2026-09-03
NIFTY,2026-09-29,22200.0,PE,11.9,12.75,11.1,12.4,12.4,1374,1983745569.0,173485,3380,2026-09-03
NIFTY,2026-09-22,26100.0,PE,0.0,0.0,0.0,1839.95,2148.29,0,0.0,0,0,2026-09-03
NIFTY,2026-09-22,23800.0,PE,110.8,156.75,97.0,140.4,140.4,3961,6159204301.25,140985,45370,2026-09-03
NIFTY,2026-09-22,23450.0,PE,71.25,71.25,41.85,59.95,59.95,275,420061859.75,5395,2990,2026-09-03
NIFTY,2026-09-22,22700.0,PE,12.7,13.0,12.7,12.8,12.8,9,13286988.0,1365,130,2026-09-03
NIFTY,2026-09-08,25200.0,PE,1142.0,1292.6,1136.85,1276.75,1276.75,27,46294111.5,15340,0,2026-09-03
NIFTY,2026-09-08,24850.0,PE,814.0,908.5,788.4,901.15,901.15,10,16699286.5,2665,-195,2026-09-03
NIFTY,2026-09-08,22850.0,PE,2.65,3.2,1.75,2.0,2.0,63638,94528494372.0,407485,-93405,2026-09-03
NIFTY,2029-06-26,21000.0,CE,0.0,0.0,0.0,9799.75,6722.98,0,0.0,0,0,2026-09-03
NIFTY,2028-06-27,22500.0,CE,0.0,0.0,0.0,6796.05,4427.96,0,0.0,0,0,2026-09-03
NIFTY,2027-03-30,33000.0,CE,15.45,15.45,15.25,15.25,9.98,4,8583994.25,4030,195,2026-09-03
NIFTY,2027-03-30,24000.0,CE,1315.85,1353.15,1240.0,1258.0,1258.0,853,1403735303.75,582660,20670,2026-09-03
NIFTY,2026-11-23,25200.0,CE,0.0,0.0,0.0,569.15,349.68,0,0.0,0,0,2026-09-03
NIFTY,2026-10-27,24750.0,CE,152.4,160.75,122.45,125.65,125.65,263,425586973.5,17550,3250,2026-09-03
NIFTY,2026-10-27,24050.0,CE,455.0,485.85,393.8,402.85,402.85,111,176718730.5,17550,-910,2026-09-03
NIFTY,2026-10-06,25650.0,CE,0.0,0.0,0.0,73.45,47.01,0,0.0,0,0,2026-09-03
NIFTY,2026-10-06,23900.0,CE,396.15,396.15,360.0,365.55,365.55,58,91517913.5,2795,2795,2026-09-03
NIFTY,2026-10-06,23050.0,CE,0.0,0.0,0.0,1241.5,1082.83,0,0.0,0,0,2026-09-03
NIFTY,2026-09-29,22850.0,CE,0.0,0.0,0.0,1575.95,1186.08,0,0.0,325,0,2026-09-03
NIFTY,2026-09-22,25500.0,CE,5.6,5.6,4.0,4.25,4.25,320,530492430.0,56810,3185,2026-09-03
NIFTY,2026-09-22,25050.0,CE,0.0,0.0,0.0,209.5,47.21,0,0.0,0,0,2026-09-03
NIFTY,2026-09-22,24400.0,CE,84.0,95.7,58.6,63.95,63.95,2573,4093357011.25,108680,-5915,2026-09-03
NIFTY,2026-09-22,23600.0,CE,530.0,575.0,444.9,451.25,451.25,82,128506547.0,5135,1690,2026-09-03
NIFTY,2026-09-22,23500.0,CE,622.65,666.0,532.2,538.05,538.05,122,191208338.75,8905,-585,2026-09-03
NIFTY,2026-09-22,24850.0,PE,0.0,0.0,0.0,818.9,972.03,0,0.0,0,0,2026-09-03
NIFTY,2027-06-29,33000.0,PE,0.0,0.0,0.0,4691.7,7461.06,0,0.0,0,0,2026-09-03
NIFTY,2027-03-30,24000.0,PE,477.75,525.1,466.6,516.3,516.3,1740,2769858669.5,935740,-9750,2026-09-03
NIFTY,2026-12-29,13000.0,PE,0.0,0.0,0.0,5.15,0.0,0,0.0,7680,0,2026-09-03
NIFTY,2026-11-23,24350.0,PE,448.2,504.15,447.4,495.25,786.35,13,20975301.75,4290,585,2026-09-03
NIFTY,2026-11-23,23650.0,PE,0.0,0.0,0.0,356.9,464.42,0,0.0,0,0,2026-09-03
NIFTY,2026-10-27,25100.0,PE,0.0,0.0,0.0,935.0,1217.88,0,0.0,5590,0,2026-09-03
NIFTY,2026-10-06,25400.0,PE,0.0,0.0,0.0,1304.85,1449.13,0,0.0,0,0,2026-09-03
NIFTY,2026-10-06,24050.0,PE,0.0,0.0,0.0,407.6,477.19,0,0.0,0,0,2026-09-03
NIFTY,2026-10-06,23600.0,PE,114.2,131.9,99.0,131.9,131.9,86,132567565.0,3185,2535,2026-09-03
NIFTY,2026-10-06,23100.0,PE,0.0,0.0,0.0,111.4,134.59,0,0.0,0,0,2026-09-03
NIFTY,2026-09-29,34500.0,PE,0.0,0.0,0.0,7064.95,10479.9,0,0.0,0,0,2026-09-03
NIFTY,2026-09-29,33000.0,PE,0.0,0.0,0.0,6552.15,8986.28,0,0.0,0,0,2026-09-03
NIFTY,2026-09-29,27150.0,PE,0.0,0.0,0.0,2959.15,3161.72,0,0.0,0,0,2026-09-03
NIFTY,2026-09-29,27000.0,PE,2950.0,3004.05,2837.75,2974.7,2974.7,745,1448073978.0,1556390,-3445,2026-09-03
NIFTY,2026-09-29,25200.0,PE,1053.15,1219.75,1053.15,1219.75,1219.75,13,22237374.25,103090,-130,2026-09-03
NIFTY,2026-09-29,24450.0,PE,448.2,565.05,418.0,547.5,547.5,132,213981319.5,100685,-1170,2026-09-03
NIFTY,2026-09-29,23850.0,PE,169.5,205.6,136.2,191.35,191.35,3833,5983439956.0,154635,-14625,2026-09-03
NIFTY,2026-09-29,23100.0,PE,35.55,44.4,30.05,41.45,41.45,6761,10167469224.25,721890,-7150,2026-09-03
NIFTY,2026-09-22,23600.0,PE,70.3,98.35,58.2,87.0,87.0,2801,4309607978.0,90220,28925,2026-09-03
NIFTY,2026-09-22,22800.0,PE,12.0,16.15,11.5,14.45,14.45,709,1051389602.25,31395,11310,2026-09-03
NIFTY,2026-09-15,24250.0,PE,298.25,376.65,249.25,349.3,349.3,1521,2426609942.25,61100,-7605,2026-09-03
NIFTY,2029-12-24,15000.0,PE,0.0,0.0,0.0,29.0,16.43,0,0.0,65,0,2026-09-03
NIFTY,2029-12-24,31500.0,PE,0.0,0.0,0.0,2240.25,3679.66,0,0.0,0,0,2026-09-03
NIFTY,2026-09-15,23400.0,PE,24.1,32.3,20.35,27.8,27.8,39739,60510535510.75,975520,545870,2026-09-03
NIFTY,2026-09-15,23100.0,PE,17.55,17.55,8.55,11.45,11.45,22757,34186595293.5,407225,45110,2026-09-03
NIFTY,2026-09-08,24550.0,PE,533.4,663.15,487.15,640.5,640.5,665,1084595320.25,59020,-5525,2026-09-03
NIFTY,2026-09-08,24300.0,PE,307.0,423.1,257.2,383.9,383.9,69494,111211044659.0,1143090,-112970,2026-09-03
NIFTY,2026-09-08,24200.0,PE,235.0,333.75,182.65,299.6,299.6,318219,505488046072.75,2620410,-128050,2026-09-03
NIFTY,2026-09-08,23600.0,PE,18.0,27.3,11.4,18.6,18.6,1073630,1648092062571.5,8245900,1431300,2026-09-03
NIFTY,2031-06-24,24000.0,CE,0.0,0.0,0.0,7181.9,7073.85,0,0.0,0,0,2026-09-03
NIFTY,2030-06-25,16500.0,CE,0.0,0.0,0.0,13374.05,11048.51,0,0.0,0,0,2026-09-03
NIFTY,2028-12-26,27000.0,CE,2290.0,2290.0,2290.0,2290.0,2625.62,1,1903850.0,1170,65,2026-09-03
NIFTY,2028-12-26,25500.0,CE,0.0,0.0,0.0,3800.0,3325.84,0,0.0,0,0,2026-09-03
NIFTY,2028-06-27,21000.0,CE,0.0,0.0,0.0,5226.55,5503.68,0,0.0,0,0,2026-09-03
NIFTY,2028-06-27,19500.0,CE,0.0,0.0,0.0,9209.1,6681.78,0,0.0,0,0,2026-09-03
NIFTY,2027-03-30,18000.0,CE,0.0,0.0,0.0,5643.55,6532.16,0,0.0,0,0,2026-09-03
NIFTY,2026-12-29,28000.0,CE,20.75,21.9,20.1,20.85,20.85,1877,3418679943.25,1598265,-33865,2026-09-03
NIFTY,2026-12-29,19500.0,CE,0.0,0.0,0.0,7586.85,4780.57,0,0.0,0,0,2026-09-03
NIFTY,2026-12-29,16500.0,CE,0.0,0.0,0.0,10405.0,7714.2,0,0.0,0,0,2026-09-03
NIFTY,2026-11-23,23650.0,CE,0.0,0.0,0.0,1392.8,1027.08,0,0.0,0,0,2026-09-03
NIFTY,2026-11-23,23300.0,CE,0.0,0.0,0.0,1642.3,1250.11,0,0.0,0,0,2026-09-03
NIFTY,2026-10-27,25500.0,CE,33.25,34.95,27.75,29.6,29.6,6518,10817061261.5,944905,52325,2026-09-03
NIFTY,2026-10-27,22400.0,CE,0.0,0.0,0.0,2083.15,1769.76,0,0.0,0,0,2026-09-03
NIFTY,2026-10-06,25150.0,CE,0.0,0.0,0.0,153.05,106.26,0,0.0,0,0,2026-09-03
NIFTY,2026-10-06,25050.0,CE,0.0,0.0,0.0,175.2,123.48,0,0.0,0,0,2026-09-03
NIFTY,2026-10-06,23550.0,CE,0.0,0.0,0.0,860.25,722.2,0,0.0,0,0,2026-09-03
NIFTY,2026-09-29,27150.0,CE,0.0,0.0,0.0,1.35,0.58,0,0.0,7735,0,2026-09-03
NIFTY,2026-09-29,25600.0,CE,7.0,7.65,6.6,7.15,7.15,2380,3961427158.0,286195,-33800,2026-09-03
NIFTY,2026-09-29,25400.0,CE,10.05,10.05,8.65,9.1,9.1,3430,5665010263.25,534560,-13065,2026-09-03
NIFTY,2026-09-29,24250.0,CE,193.45,201.7,135.05,146.4,146.4,6323,10033346147.5,365560,-28795,2026-09-03
NIFTY,2026-09-22,25800.0,CE,3.5,3.9,2.6,3.15,7.0,50,83860413.0,4745,195,2026-09-03
NIFTY,2026-09-22,25100.0,CE,9.75,10.0,7.55,8.05,8.05,798,1302402666.5,64025,1885,2026-09-03
NIFTY,2026-09-15,26100.0,CE,1.5,1.55,0.95,1.1,1.1,161,273148388.5,11700,4550,2026-09-03
NIFTY,2026-09-15,25650.0,CE,1.35,1.75,1.3,1.45,1.45,811,1352217681.75,32695,15535,2026-09-03
NIFTY,2026-09-15,23350.0,CE,670.85,670.85,670.85,670.85,647.57,1,1561355.25,65,65,2026-09-03
NIFTY,2026-09-08,24350.0,CE,15.0,18.75,5.9,9.15,9.15,595136,942439602000.0,4319705,1544660,2026-09-03
NIFTY,2027-06-29,25500.0,CE,0.0,0.0,0.0,910.05,1243.35,0,0.0,65,0,2026-09-03
NIFTY,2028-06-27,27000.0,CE,0.0,0.0,0.0,1935.0,2001.4,0,0.0,0,0,2026-09-03
NIFTY,2028-12-26,19500.0,CE,0.0,0.0,0.0,9716.4,7262.43,0,0.0,0,0,2026-09-03
NIFTY,2029-06-26,19500.0,CE,0.0,0.0,0.0,10206.95,7816.97,0,0.0,0,0,2026-09-03
NIFTY,2029-12-24,24000.0,CE,0.0,0.0,0.0,7729.0,5386.36,0,0.0,65,0,2026-09-03
NIFTY,2031-06-24,19500.0,CE,0.0,0.0,0.0,9840.6,9818.1,0,0.0,0,0,2026-09-03
NIFTY,2026-09-08,22300.0,PE,1.7,1.8,0.95,1.05,1.05,100717,145997911241.0,3454035,612820,2026-09-03
NIFTY,2027-06-29,18000.0,CE,0.0,0.0,0.0,4066.45,6818.53,0,0.0,0,0,2026-09-03
NIFTY,2026-09-08,22600.0,PE,2.4,2.4,1.3,1.45,1.45,106696,156748767363.5,1366820,282685,2026-09-03
NIFTY,2026-12-29,29000.0,CE,10.9,11.95,10.5,10.75,10.75,413,778802167.0,560325,-1495,2026-09-03
NIFTY,2026-11-23,25850.0,CE,0.0,0.0,0.0,358.95,200.69,0,0.0,0,0,2026-09-03
NIFTY,2026-11-23,24700.0,CE,296.75,303.4,252.45,258.35,258.35,164,266250322.0,27950,3055,2026-09-03
NIFTY,2026-10-27,26500.0,CE,9.75,10.75,8.75,9.25,9.25,696,1199294986.5,237120,-1365,2026-09-03
NIFTY,2026-10-27,26250.0,CE,0.0,0.0,0.0,210.65,58.66,0,0.0,0,0,2026-09-03
NIFTY,2026-10-27,25600.0,CE,27.6,31.2,23.75,25.85,25.85,1125,1873971856.25,109135,-25415,2026-09-03
NIFTY,2026-10-06,24500.0,CE,0.0,0.0,0.0,344.55,261.61,0,0.0,0,0,2026-09-03
NIFTY,2026-10-06,24450.0,CE,0.0,0.0,0.0,364.35,278.4,0,0.0,0,0,2026-09-03
NIFTY,2026-09-08,23950.0,PE,89.0,142.3,62.3,116.75,116.75,2310770,3611613528773.25,2750085,1506960,2026-09-03
NIFTY,2026-09-08,24600.0,PE,589.05,706.25,533.5,682.1,682.1,1416,2318820569.0,260520,3250,2026-09-03
NIFTY,2026-09-08,26350.0,PE,0.0,0.0,0.0,1656.4,2454.97,0,0.0,0,0,2026-09-03
NIFTY,2026-10-06,24150.0,CE,277.75,285.75,223.95,230.1,230.1,30,47571507.75,1560,1560,2026-09-03
NIFTY,2026-09-29,27200.0,CE,2.2,2.2,1.55,1.55,1.55,24,42434704.0,40625,-130,2026-09-03
NIFTY,2026-09-29,26400.0,CE,3.1,3.5,2.35,3.45,3.45,35,60066607.25,50570,-130,2026-09-03
NIFTY,2026-09-29,24950.0,CE,27.4,29.45,21.5,22.5,22.5,1814,2944841662.75,259155,10465,2026-09-03
NIFTY,2026-09-29,23750.0,CE,475.2,514.25,384.8,405.8,405.8,435,684925504.25,20800,-3705,2026-09-03
NIFTY,2026-09-29,23600.0,CE,587.15,630.0,491.25,511.15,511.15,337,529430785.0,51220,0,2026-09-03
NIFTY,2026-09-15,22250.0,PE,3.85,5.6,3.65,4.05,4.05,44,63648123.5,65,65,2026-09-03
NIFTY,2026-09-15,24500.0,PE,475.05,597.6,434.6,562.2,562.2,1453,2360772394.5,204100,-1755,2026-09-03
NIFTY,2026-09-22,23200.0,PE,44.1,44.1,33.0,34.15,34.15,46,69470128.0,2860,2860,2026-09-03
NIFTY,2026-09-22,25000.0,PE,0.0,0.0,0.0,680.0,1101.6,0,0.0,0,0,2026-09-03
NIFTY,2026-09-29,21950.0,PE,10.1,10.65,9.75,10.65,7.04,81,115620420.5,25025,-585,2026-09-03
NIFTY,2026-09-29,23000.0,PE,33.8,38.0,26.0,34.6,34.6,48337,72358500425.25,5720050,38910,2026-09-03
NIFTY,2026-09-29,23400.0,PE,69.6,82.55,52.95,75.3,75.3,18465,28162154735.0,1126385,-24180,2026-09-03
NIFTY,2026-09-29,23300.0,CE,854.6,887.0,759.0,759.6,759.6,47,73664695.0,10140,-780,2026-09-03
NIFTY,2026-09-29,22950.0,CE,0.0,0.0,0.0,1529.05,1101.12,0,0.0,260,0,2026-09-03
NIFTY,2026-09-29,22600.0,CE,1477.35,1477.35,1477.35,1477.35,1407.61,1,1565027.75,910,-65,2026-09-03
NIFTY,2026-09-22,26050.0,CE,0.0,0.0,0.0,2.9,3.34,0,0.0,0,0,2026-09-03
NIFTY,2026-09-22,25850.0,CE,3.0,3.0,3.0,3.0,6.06,3,5041335.0,845,-195,2026-09-03
NIFTY,2026-09-22,24100.0,CE,202.45,223.2,144.35,159.5,159.5,5292,8350213413.75,213720,152165,2026-09-03
NIFTY,2026-09-15,26050.0,CE,1.2,1.35,0.95,1.15,1.15,49,82973072.0,4225,1235,2026-09-03
NIFTY,2026-09-08,25850.0,CE,0.8,1.05,0.55,0.65,0.65,10402,17478417378.5,215345,-4095,2026-09-03
NIFTY,2026-09-08,25550.0,CE,0.95,1.15,0.65,0.85,0.85,12520,20793294463.5,398255,-15795,2026-09-03
NIFTY,2026-09-08,22300.0,CE,0.0,0.0,0.0,1610.0,1591.72,0,0.0,130,0,2026-09-03
NIFTY,2026-09-29,24350.0,PE,372.35,484.95,353.55,463.25,463.25,1864,2996756626.5,368420,-25285,2026-09-03
NIFTY,2026-10-06,22650.0,PE,0.0,0.0,0.0,50.2,61.17,0,0.0,0,0,2026-09-03
NIFTY,2026-10-06,24150.0,PE,0.0,0.0,0.0,455.15,530.77,0,0.0,0,0,2026-09-03
NIFTY,2026-10-06,24800.0,PE,0.0,0.0,0.0,842.45,958.39,0,0.0,0,0,2026-09-03
NIFTY,2026-10-06,25050.0,PE,0.0,0.0,0.0,1024.75,1153.03,0,0.0,0,0,2026-09-03
NIFTY,2026-10-06,25450.0,PE,0.0,0.0,0.0,1346.9,1493.19,0,0.0,0,0,2026-09-03
NIFTY,2026-10-27,22250.0,PE,30.0,32.85,26.45,31.2,31.2,899,1301861788.5,255515,-6825,2026-09-03
NIFTY,2026-10-27,23800.0,PE,249.5,257.9,193.95,241.55,241.55,4244,6626510787.0,446030,91975,2026-09-03
NIFTY,2026-10-27,24650.0,PE,586.5,672.9,586.5,672.9,902.53,12,19692699.0,5135,-650,2026-09-03
NIFTY,2026-11-23,23150.0,PE,0.0,0.0,0.0,226.95,297.79,0,0.0,0,0,2026-09-03
NIFTY,2026-11-23,23350.0,PE,0.0,0.0,0.0,274.9,358.35,0,0.0,65,0,2026-09-03
NIFTY,2026-11-23,24000.0,PE,340.0,391.5,310.25,378.0,378.0,2600,4114107845.25,322595,7605,2026-09-03
NIFTY,2027-06-29,28500.0,PE,0.0,0.0,0.0,1807.05,3549.4,0,0.0,0,0,2026-09-03
NIFTY,2028-06-27,27000.0,PE,0.0,0.0,0.0,2752.35,2116.74,0,0.0,0,0,2026-09-03
NIFTY,2028-12-26,22000.0,PE,0.0,0.0,0.0,460.05,470.92,0,0.0,8760,0,2026-09-03
NIFTY,2029-12-24,19500.0,PE,0.0,0.0,0.0,61.2,192.03,0,0.0,0,0,2026-09-03
NIFTY,2029-12-24,24000.0,PE,0.0,0.0,0.0,995.0,861.11,0,0.0,455,0,2026-09-03
NIFTY,2031-06-24,21000.0,PE,0.0,0.0,0.0,450.5,334.33,0,0.0,0,0,2026-09-03
NIFTY,2030-06-25,19500.0,CE,0.0,0.0,0.0,11140.25,8857.33,0,0.0,0,0,2026-09-03
NIFTY,2026-09-15,23200.0,PE,15.65,17.3,12.65,15.45,15.45,18109,27325587198.0,264550,63505,2026-09-03
NIFTY,2026-09-08,26100.0,PE,0.0,0.0,0.0,1439.9,2205.18,0,0.0,0,0,2026-09-03
NIFTY,2026-09-08,25950.0,PE,0.0,0.0,0.0,1315.0,2055.3,0,0.0,0,0,2026-09-03
NIFTY,2026-09-08,25250.0,PE,0.0,0.0,0.0,1075.0,1356.09,0,0.0,65,0,2026-09-03
NIFTY,2026-09-08,24050.0,PE,144.65,208.25,98.3,173.75,173.75,883280,1388600959911.75,1113320,485550,2026-09-03
NIFTY,2026-10-06,23650.0,PE,0.0,0.0,0.0,250.0,297.14,0,0.0,0,0,2026-09-03
NIFTY,2026-10-06,23800.0,PE,304.0,304.0,304.0,304.0,358.29,1,1566760.0,65,65,2026-09-03
NIFTY,2026-09-08,23400.0,PE,8.8,8.8,5.8,6.65,6.65,520639,792122865849.25,4710745,1315860,2026-09-03
NIFTY,2026-09-08,23100.0,PE,5.7,5.7,2.75,3.0,3.0,323072,485168172856.25,2523170,352560,2026-09-03
NIFTY,2026-09-08,22200.0,PE,1.4,1.7,0.8,0.9,0.9,20578,29695563911.0,213460,213460,2026-09-03
NIFTY,2026-09-08,23550.0,CE,394.9,528.55,354.2,388.9,388.9,3512,5476269740.5,60580,5200,2026-09-03
NIFTY,2026-09-08,24150.0,CE,49.7,70.0,25.1,30.8,30.8,1251903,1968866452494.5,5206305,811005,2026-09-03
NIFTY,2026-09-08,24850.0,CE,1.95,2.6,1.7,1.95,1.95,207680,335483515331.25,978380,-62985,2026-09-03
NIFTY,2026-09-08,25400.0,CE,1.1,1.35,0.7,0.95,0.95,92363,152496845774.0,2654665,138255,2026-09-03
NIFTY,2026-09-15,24250.0,CE,79.65,96.3,51.05,58.35,58.35,20933,33094250075.25,431015,-35035,2026-09-03
NIFTY,2026-09-15,25350.0,CE,2.9,2.95,2.2,2.6,2.6,375,617969020.5,11895,7150,2026-09-03
NIFTY,2026-09-29,23500.0,CE,660.5,722.0,565.35,589.1,589.1,5101,8008124007.0,632645,52780,2026-09-03
NIFTY,2026-09-22,22750.0,CE,0.0,0.0,0.0,1591.55,1225.3,0,0.0,0,0,2026-09-03
NIFTY,2026-09-22,23000.0,CE,0.0,0.0,0.0,1373.75,1003.36,0,0.0,0,0,2026-09-03
NIFTY,2026-09-22,23550.0,CE,533.6,540.35,482.0,491.1,491.1,5,7819321.25,390,195,2026-09-03
NIFTY,2026-10-27,24850.0,PE,0.0,0.0,0.0,638.95,1036.62,0,0.0,1820,0,2026-09-03
NIFTY,2026-10-27,25600.0,PE,0.0,0.0,0.0,1280.0,1613.61,0,0.0,130,0,2026-09-03
NIFTY,2026-09-22,23650.0,CE,0.0,0.0,0.0,870.3,514.75,0,0.0,0,0,2026-09-03
NIFTY,2026-09-22,24500.0,CE,63.95,69.65,43.2,46.25,46.25,6610,10549557138.25,301210,65780,2026-09-03
NIFTY,2026-09-29,15000.0,CE,0.0,0.0,0.0,10499.3,8937.21,0,0.0,0,0,2026-09-03
NIFTY,2026-10-27,26650.0,PE,0.0,0.0,0.0,2415.2,2554.88,0,0.0,0,0,2026-09-03
NIFTY,2026-11-23,22750.0,PE,0.0,0.0,0.0,151.25,199.6,0,0.0,0,0,2026-09-03
NIFTY,2026-11-23,24850.0,PE,0.0,0.0,0.0,860.35,1079.98,0,0.0,0,0,2026-09-03
NIFTY,2026-12-29,25500.0,PE,1177.75,1327.4,1129.35,1273.45,1273.45,275,477294762.75,411060,-455,2026-09-03
NIFTY,2026-09-29,21000.0,CE,3119.9,3144.1,2961.05,2993.0,2993.0,245,383009201.25,517205,-2405,2026-09-03
NIFTY,2030-06-25,30000.0,CE,0.0,0.0,0.0,5580.35,3177.54,0,0.0,0,0,2026-09-03
NIFTY,2026-09-29,23650.0,CE,560.15,587.05,466.1,472.7,472.7,97,152657479.0,9945,-910,2026-09-03
NIFTY,2026-09-29,24500.0,CE,95.05,106.95,70.45,75.35,75.35,52660,84165093207.0,5915195,53625,2026-09-03
NIFTY,2026-12-29,28000.0,PE,3425.0,3513.0,3364.95,3491.5,3491.5,34,69478815.25,923375,1495,2026-09-03
NIFTY,2027-03-30,21000.0,PE,85.0,89.35,82.0,88.7,88.7,618,846991616.25,516360,14560,2026-09-03
NIFTY,2029-06-26,25500.0,PE,0.0,0.0,0.0,624.25,1315.35,0,0.0,0,0,2026-09-03
NIFTY,2029-06-26,27000.0,PE,0.0,0.0,0.0,1252.35,1843.77,0,0.0,0,0,2026-09-03
NIFTY,2026-09-29,24750.0,CE,49.8,52.25,35.55,37.8,37.8,3950,6365782098.0,215475,260,2026-09-03
NIFTY,2029-12-24,25500.0,CE,0.0,0.0,0.0,6500.6,4561.77,0,0.0,0,0,2026-09-03
NIFTY,2026-10-06,22350.0,CE,0.0,0.0,0.0,1862.2,1688.02,0,0.0,0,0,2026-09-03
NIFTY,2026-10-06,23600.0,CE,0.0,0.0,0.0,825.95,690.38,0,0.0,0,0,2026-09-03
NIFTY,2026-10-27,24550.0,CE,218.1,229.7,175.65,184.6,184.6,152,244604694.75,16705,195,2026-09-03
NIFTY,2026-10-27,25700.0,CE,24.4,24.9,21.1,21.9,21.9,513,857739294.75,136240,-8190,2026-09-03
NIFTY,2026-11-23,23450.0,CE,0.0,0.0,0.0,1533.6,1151.43,0,0.0,0,0,2026-09-03
NIFTY,2026-11-23,24650.0,CE,316.4,322.25,285.2,288.05,533.39,21,34069571.25,1560,-130,2026-09-03
NIFTY,2026-11-23,25650.0,CE,0.0,0.0,0.0,415.95,239.74,0,0.0,0,0,2026-09-03
NIFTY,2029-06-26,33000.0,PE,0.0,0.0,0.0,3022.85,4911.39,0,0.0,0,0,2026-09-03
NIFTY,2030-12-31,24000.0,PE,0.0,0.0,0.0,1000.0,787.26,0,0.0,520,0,2026-09-03
NIFTY,2028-12-26,21000.0,CE,0.0,0.0,0.0,7512.5,6129.42,0,0.0,0,0,2026-09-03
NIFTY,2030-06-25,25500.0,PE,0.0,0.0,0.0,568.55,1177.72,0,0.0,0,0,2026-09-03
NIFTY,2028-06-27,30000.0,CE,0.0,0.0,0.0,2278.45,1058.05,0,0.0,0,0,2026-09-03
NIFTY,2026-12-29,23000.0,CE,1599.6,1653.4,1515.55,1538.55,1538.55,299,477825442.25,428375,335,2026-09-03
NIFTY,2026-10-06,23050.0,PE,0.0,0.0,0.0,102.6,124.11,0,0.0,0,0,2026-09-03
NIFTY,2026-09-29,25550.0,PE,0.0,0.0,0.0,1383.9,1599.91,0,0.0,520,0,2026-09-03
NIFTY,2026-09-29,24400.0,PE,465.25,520.0,382.45,493.6,493.6,3569,5763063020.0,2205450,-95225,2026-09-03
NIFTY,2026-09-22,24150.0,PE,244.05,319.1,222.05,311.25,311.25,160,253940605.75,5785,-455,2026-09-03
NIFTY,2026-09-15,22500.0,CE,1563.35,1563.35,1563.35,1563.35,1421.95,1,1564117.75,65,65,2026-09-03
NIFTY,2026-09-08,25700.0,CE,0.85,1.05,0.55,0.75,0.75,32092,53611220188.5,1467635,25090,2026-09-03
NIFTY,2028-06-27,21000.0,PE,0.0,0.0,0.0,907.2,288.18,0,0.0,0,0,2026-09-03
NIFTY,2027-06-29,24000.0,PE,582.0,613.0,558.05,605.0,605.0,58,92715587.25,28015,1170,2026-09-03
NIFTY,2026-12-29,30000.0,PE,5322.25,5425.0,5290.0,5425.0,5425.0,60,138011467.75,383055,195,2026-09-03
NIFTY,2026-12-29,22000.0,PE,78.0,83.95,72.3,82.0,82.0,2754,3952156399.75,1840770,25120,2026-09-03
NIFTY,2026-11-23,25800.0,PE,0.0,0.0,0.0,1454.8,1766.43,0,0.0,0,0,2026-09-03
NIFTY,2026-11-23,25750.0,PE,0.0,0.0,0.0,1419.55,1726.73,0,0.0,0,0,2026-09-03
NIFTY,2026-11-23,24800.0,PE,735.0,761.0,735.0,756.95,1048.33,4,6643841.75,2405,130,2026-09-03
NIFTY,2026-10-27,23150.0,PE,0.0,0.0,0.0,327.65,223.19,0,0.0,0,0,2026-09-03
NIFTY,2026-10-06,25300.0,PE,0.0,0.0,0.0,1222.15,1362.23,0,0.0,0,0,2026-09-03
NIFTY,2026-10-06,25150.0,PE,0.0,0.0,0.0,1102.0,1235.22,0,0.0,0,0,2026-09-03
NIFTY,2026-10-06,24000.0,PE,220.0,280.15,202.75,260.4,260.4,97,152824077.25,3640,2730,2026-09-03
NIFTY,2026-10-06,22300.0,PE,0.0,0.0,0.0,24.55,30.0,0,0.0,0,0,2026-09-03
NIFTY,2026-09-29,30000.0,PE,5887.3,5948.85,5853.75,5948.85,5999.03,30,69999991.75,143780,0,2026-09-03
NIFTY,2026-09-29,25950.0,PE,0.0,0.0,0.0,1299.0,1979.67,0,0.0,65,0,2026-09-03
NIFTY,2026-09-29,24300.0,PE,380.0,450.0,322.0,424.4,424.4,9533,15291147248.0,3899870,-124085,2026-09-03
NIFTY,2026-09-29,23900.0,PE,198.95,225.55,149.65,209.25,209.25,30242,47341632910.0,1039220,22685,2026-09-03
NIFTY,2026-09-29,22600.0,PE,16.4,19.75,15.55,18.9,18.9,2178,3201972738.25,348400,12870,2026-09-03
NIFTY,2026-09-29,22500.0,PE,15.8,18.0,14.2,16.65,16.65,14478,21188686385.75,2241070,27430,2026-09-03
NIFTY,2026-09-22,25750.0,PE,0.0,0.0,0.0,1525.75,1804.58,0,0.0,0,0,2026-09-03
NIFTY,2026-09-22,25300.0,PE,0.0,0.0,0.0,1150.25,1374.21,0,0.0,0,0,2026-09-03
NIFTY,2026-09-22,22750.0,PE,0.0,0.0,0.0,55.05,31.14,0,0.0,0,0,2026-09-03
NIFTY,2026-09-15,25200.0,PE,1147.0,1181.2,1147.0,1181.2,1287.44,2,3427333.0,0,-65,2026-09-03
NIFTY,2026-09-15,25100.0,PE,1042.3,1109.35,1042.3,1109.35,1191.76,3,5106377.25,325,195,2026-09-03
NIFTY,2026-09-15,24550.0,PE,534.0,632.9,491.55,630.1,630.1,288,469448216.25,5590,1300,2026-09-03
NIFTY,2026-09-15,24300.0,PE,328.55,421.8,281.0,387.45,387.45,4501,7205471097.5,203580,-5005,2026-09-03
NIFTY,2026-09-08,26200.0,PE,0.0,0.0,0.0,2190.0,2305.1,0,0.0,2405,0,2026-09-03
NIFTY,2026-09-08,25600.0,PE,0.0,0.0,0.0,1586.0,1705.6,0,0.0,650,0,2026-09-03
NIFTY,2026-09-08,24000.0,PE,168.1,175.0,78.0,146.9,146.9,3366054,5275886802907.5,7392060,3104790,2026-09-03
NIFTY,2030-12-31,24000.0,CE,0.0,0.0,0.0,8563.3,6554.57,0,0.0,0,0,2026-09-03
NIFTY,2029-06-26,33000.0,CE,0.0,0.0,0.0,4179.45,1308.21,0,0.0,0,0,2026-09-03
NIFTY,2028-06-27,33000.0,CE,0.0,0.0,0.0,2004.15,521.48,0,0.0,0,0,2026-09-03
NIFTY,2027-12-28,27000.0,CE,885.0,909.0,854.85,876.7,876.7,473,857597949.0,65415,2610,2026-09-03
NIFTY,2026-11-23,25700.0,CE,0.0,0.0,0.0,401.1,229.45,0,0.0,0,0,2026-09-03
NIFTY,2026-10-27,26700.0,CE,0.0,0.0,0.0,85.6,31.43,0,0.0,65,0,2026-09-03
NIFTY,2026-10-27,26650.0,CE,0.0,0.0,0.0,150.8,33.77,0,0.0,0,0,2026-09-03
NIFTY,2026-10-27,25850.0,CE,0.0,0.0,0.0,288.85,98.01,0,0.0,0,0,2026-09-03
NIFTY,2026-10-27,24100.0,CE,440.0,454.0,361.55,376.45,376.45,1506,2399057404.25,132665,45370,2026-09-03
NIFTY,2026-10-27,23400.0,CE,0.0,0.0,0.0,910.0,993.11,0,0.0,390,0,2026-09-03
NIFTY,2026-10-06,25550.0,CE,0.0,0.0,0.0,85.7,55.82,0,0.0,0,0,2026-09-03
NIFTY,2026-10-06,25400.0,CE,0.0,0.0,0.0,107.3,71.64,0,0.0,0,0,2026-09-03
NIFTY,2026-10-06,24850.0,CE,0.0,0.0,0.0,226.85,164.65,0,0.0,0,0,2026-09-03
NIFTY,2026-10-06,24400.0,CE,392.7,392.7,123.7,132.05,132.05,80,127641345.0,2795,2795,2026-09-03
NIFTY,2026-09-29,24000.0,CE,305.0,338.95,240.0,254.3,254.3,95577,150905245760.75,5440500,776360,2026-09-03
NIFTY,2026-09-29,23400.0,CE,779.95,802.0,658.0,671.5,671.5,87,136478676.75,37830,65,2026-09-03
NIFTY,2026-09-22,25650.0,CE,0.0,0.0,0.0,92.45,10.63,0,0.0,0,0,2026-09-03
NIFTY,2026-09-22,22450.0,CE,0.0,0.0,0.0,1865.4,1506.44,0,0.0,0,0,2026-09-03
NIFTY,2026-09-15,24550.0,CE,23.3,26.2,13.35,15.5,15.5,16814,26851534781.5,437775,256100,2026-09-03
NIFTY,2026-09-15,24300.0,CE,66.0,79.1,41.55,47.45,47.45,53545,84774102985.0,1392495,535925,2026-09-03
NIFTY,2026-09-29,27100.0,PE,0.0,0.0,0.0,2914.15,3112.02,0,0.0,0,0,2026-09-03
NIFTY,2026-11-23,24550.0,PE,0.0,0.0,0.0,660.0,897.63,0,0.0,975,0,2026-09-03
NIFTY,2026-11-23,23850.0,PE,285.85,314.45,280.0,313.35,313.35,9,14122699.5,2600,0,2026-09-03
NIFTY,2026-11-23,23400.0,PE,187.35,200.75,161.15,193.55,193.55,48,73560987.5,1885,845,2026-09-03
NIFTY,2026-11-23,23200.0,PE,131.4,165.15,129.2,152.3,152.3,146,221539708.0,7670,6500,2026-09-03
NIFTY,2026-11-23,24750.0,PE,0.0,0.0,0.0,807.55,1017.18,0,0.0,0,0,2026-09-03
NIFTY,2026-11-23,25950.0,PE,0.0,0.0,0.0,1562.8,1887.56,0,0.0,0,0,2026-09-03
NIFTY,2029-12-24,23000.0,PE,0.0,0.0,0.0,725.0,651.93,0,0.0,1560,0,2026-09-03
NIFTY,2026-11-23,22850.0,PE,0.0,0.0,0.0,168.05,221.55,0,0.0,0,0,2026-09-03
NIFTY,2026-10-27,26000.0,PE,1760.0,1886.65,1721.0,1867.4,1867.4,662,1195564204.25,232310,28210,2026-09-03
NIFTY,2026-10-27,23000.0,PE,78.0,86.6,64.7,80.35,80.35,7081,10619198895.5,1221740,6630,2026-09-03
NIFTY,2026-10-06,25350.0,PE,0.0,0.0,0.0,1263.25,1405.47,0,0.0,0,0,2026-09-03
NIFTY,2026-10-06,23150.0,PE,120.75,120.75,120.75,120.75,145.71,2,3025197.5,130,130,2026-09-03
NIFTY,2026-09-29,25400.0,PE,1286.1,1320.0,1253.45,1320.0,1461.8,4,6936348.25,31525,0,2026-09-03
NIFTY,2026-09-29,23250.0,PE,44.5,59.95,39.25,54.7,54.7,1113,1685405189.0,112580,-5720,2026-09-03
NIFTY,2026-09-22,25250.0,PE,0.0,0.0,0.0,1111.0,1327.75,0,0.0,0,0,2026-09-03
NIFTY,2026-09-22,23000.0,PE,27.1,35.0,16.5,20.5,20.5,3478,5204054355.5,106795,39455,2026-09-03
NIFTY,2026-09-22,22900.0,PE,0.0,0.0,0.0,72.2,45.83,0,0.0,0,0,2026-09-03
NIFTY,2026-09-15,25950.0,PE,0.0,0.0,0.0,1430.0,2026.13,0,0.0,0,0,2026-09-03
NIFTY,2026-09-15,24750.0,PE,749.0,749.0,749.0,749.0,869.89,1,1657435.0,2535,0,2026-09-03
NIFTY,2026-09-15,23950.0,PE,145.0,187.9,105.35,169.4,169.4,21763,34082130949.75,184665,88920,2026-09-03
NIFTY,2026-09-08,26050.0,PE,0.0,0.0,0.0,1397.8,2155.22,0,0.0,0,0,2026-09-03
NIFTY,2026-09-08,25700.0,PE,0.0,0.0,0.0,1116.5,1805.51,0,0.0,0,0,2026-09-03
NIFTY,2026-09-08,24800.0,PE,845.3,910.0,735.6,883.5,883.5,214,356195450.0,84240,-650,2026-09-03
NIFTY,2026-09-08,24150.0,PE,187.5,289.0,151.0,252.15,252.15,240865,381200398169.5,710775,154830,2026-09-03
NIFTY,2026-09-08,23150.0,PE,5.5,5.5,2.85,3.25,3.25,220597,332000312497.75,1178060,402740,2026-09-03
NIFTY,2026-09-08,22950.0,PE,3.8,3.8,2.1,2.4,2.4,90381,134842431431.5,729300,115115,2026-09-03
NIFTY,2030-12-31,16500.0,CE,0.0,0.0,0.0,13763.55,11480.53,0,0.0,0,0,2026-09-03
NIFTY,2029-06-26,16500.0,CE,0.0,0.0,0.0,12587.95,10170.68,0,0.0,0,0,2026-09-03
NIFTY,2028-12-26,28500.0,CE,0.0,0.0,0.0,3608.65,2042.27,0,0.0,0,0,2026-09-03
NIFTY,2028-12-26,16500.0,CE,0.0,0.0,0.0,12176.65,9708.37,0,0.0,0,0,2026-09-03
NIFTY,2028-06-27,28500.0,CE,0.0,0.0,0.0,2990.0,1469.64,0,0.0,0,0,2026-09-03
NIFTY,2031-06-24,19500.0,PE,0.0,0.0,0.0,289.2,203.81,0,0.0,0,0,2026-09-03
NIFTY,2027-12-28,19500.0,CE,0.0,0.0,0.0,8684.7,6072.5,0,0.0,0,0,2026-09-03
NIFTY,2027-06-29,24000.0,CE,1800.0,1800.0,1721.0,1721.0,1981.26,10,16735761.25,2425,520,2026-09-03
NIFTY,2026-11-23,25500.0,CE,86.2,92.75,71.95,76.35,76.35,1566,2604121347.75,194285,21125,2026-09-03
NIFTY,2026-11-23,25400.0,CE,0.0,0.0,0.0,496.65,297.63,0,0.0,0,0,2026-09-03
NIFTY,2026-11-23,23200.0,CE,0.0,0.0,0.0,1717.3,1318.4,0,0.0,0,0,2026-09-03
NIFTY,2026-11-23,22550.0,CE,0.0,0.0,0.0,2241.1,1807.51,0,0.0,0,0,2026-09-03
NIFTY,2026-11-23,22400.0,CE,0.0,0.0,0.0,2369.8,1930.15,0,0.0,0,0,2026-09-03
NIFTY,2026-10-27,25050.0,CE,82.8,88.0,62.0,70.4,70.4,141,230289458.75,12350,1820,2026-09-03
NIFTY,2026-10-27,25000.0,CE,90.75,98.85,73.55,77.15,77.15,11419,18620396505.75,1358890,60775,2026-09-03
NIFTY,2026-09-29,33000.0,CE,0.85,0.9,0.75,0.75,0.0,6,12870328.25,38610,0,2026-09-03
NIFTY,2026-09-29,26750.0,CE,1.7,1.8,1.5,1.65,1.65,5,8694302.5,7800,0,2026-09-03
NIFTY,2026-09-29,25500.0,CE,9.45,9.45,7.95,8.4,8.4,15442,25603549790.0,3099330,-17940,2026-09-03
NIFTY,2026-09-29,22800.0,CE,0.0,0.0,0.0,1218.0,1229.4,0,0.0,2730,0,2026-09-03
NIFTY,2026-09-29,22750.0,CE,0.0,0.0,0.0,1548.85,1273.24,0,0.0,195,0,2026-09-03
NIFTY,2026-09-29,21650.0,CE,0.0,0.0,0.0,2300.0,2318.26,0,0.0,65,0,2026-09-03
NIFTY,2026-09-22,25450.0,CE,5.15,5.8,4.25,4.6,4.6,63,104237571.75,3120,130,2026-09-03
NIFTY,2026-09-15,24850.0,CE,8.8,8.8,5.0,5.75,5.75,2619,4231413663.75,46930,40300,2026-09-03
NIFTY,2026-09-15,23500.0,CE,543.9,618.75,467.7,482.75,482.75,1214,1896830666.25,58110,11765,2026-09-03
NIFTY,2026-09-15,23450.0,CE,580.9,580.9,580.9,580.9,570.62,1,1562008.5,65,65,2026-09-03
NIFTY,2026-09-08,25650.0,CE,0.9,1.15,0.55,0.7,0.7,11200,18673763104.75,405860,-1430,2026-09-03
NIFTY,2026-09-08,24300.0,CE,22.0,26.55,10.0,12.05,12.05,1090975,1724433295403.0,10212280,2967120,2026-09-03
NIFTY,2026-09-08,23900.0,CE,174.95,218.25,101.0,120.95,120.95,1822791,2849798309722.0,7773025,1533285,2026-09-03
NIFTY,2026-09-29,23450.0,PE,68.0,89.1,59.3,83.05,83.05,1856,2837517400.25,216060,-1690,2026-09-03
NIFTY,2026-09-29,22100.0,PE,12.9,12.9,10.35,11.85,11.85,904,1299271954.5,98670,1040,2026-09-03
NIFTY,2026-09-29,19500.0,PE,3.4,3.75,2.55,3.45,3.45,4484,5684468117.25,881140,-41925,2026-09-03
NIFTY,2026-09-22,25550.0,PE,0.0,0.0,0.0,1354.25,1611.06,0,0.0,0,0,2026-09-03
NIFTY,2026-09-22,23400.0,PE,41.0,60.75,36.25,54.35,54.35,10851,16539846186.5,427245,372905,2026-09-03
NIFTY,2026-09-22,22600.0,PE,14.45,14.45,9.1,10.8,10.8,278,408562475.75,17615,7605,2026-09-03
NIFTY,2026-09-15,23050.0,PE,12.35,12.35,9.55,10.25,10.25,5016,7518606150.25,41860,10140,2026-09-03
NIFTY,2026-10-27,22200.0,PE,0.0,0.0,0.0,130.55,59.91,0,0.0,0,0,2026-09-03
NIFTY,2026-10-27,22300.0,PE,26.3,44.0,26.3,33.25,33.25,893,1296187987.25,85085,-585,2026-09-03
NIFTY,2026-10-27,23900.0,PE,250.0,295.85,223.35,282.0,282.0,1377,2161938275.25,153660,-1105,2026-09-03
NIFTY,2026-10-27,24450.0,PE,567.0,567.0,567.0,567.0,567.0,1,1626105.0,16965,-65,2026-09-03
NIFTY,2026-10-27,25850.0,PE,0.0,0.0,0.0,1093.8,1826.79,0,0.0,65,0,2026-09-03
NIFTY,2026-09-08,25900.0,PE,0.0,0.0,0.0,1274.25,2005.34,0,0.0,0,0,2026-09-03
NIFTY,2026-09-08,25650.0,PE,0.0,0.0,0.0,1474.95,1755.56,0,0.0,520,0,2026-09-03
NIFTY,2026-09-08,24900.0,PE,948.95,990.15,838.45,953.25,953.25,86,144324098.75,26910,-390,2026-09-03
NIFTY,2026-09-08,22400.0,PE,1.6,2.0,1.15,1.3,1.3,78626,114487354822.75,1907555,-542295,2026-09-03
NIFTY,2026-09-08,22450.0,CE,0.0,0.0,0.0,2309.55,1441.88,0,0.0,0,0,2026-09-03
NIFTY,2026-09-08,24450.0,CE,7.95,9.35,4.8,5.7,5.7,330880,525999865238.25,3398005,598000,2026-09-03
NIFTY,2026-09-15,22400.0,CE,0.0,0.0,0.0,2217.25,1520.23,0,0.0,0,0,2026-09-03
NIFTY,2026-11-23,22250.0,PE,0.0,0.0,0.0,85.8,113.39,0,0.0,0,0,2026-09-03
NIFTY,2027-06-29,31500.0,PE,0.0,0.0,0.0,3604.7,6093.76,0,0.0,0,0,2026-09-03
NIFTY,2027-12-28,19000.0,PE,121.95,122.0,121.85,121.85,67.61,5,6214624.0,3925,65,2026-09-03
NIFTY,2026-09-15,22900.0,CE,1164.45,1164.45,1164.45,1164.45,1038.43,1,1564189.25,65,65,2026-09-03
NIFTY,2026-09-15,24400.0,CE,37.05,52.4,26.65,30.7,30.7,52921,84064246214.0,1235000,-161590,2026-09-03
NIFTY,2026-09-15,25950.0,CE,1.85,1.85,1.1,1.1,1.1,81,136633198.0,6175,2600,2026-09-03
NIFTY,2026-09-22,24350.0,CE,83.9,111.35,69.5,74.85,74.85,456,724376659.5,19305,-2080,2026-09-03
NIFTY,2026-09-22,25250.0,CE,0.0,0.0,0.0,100.25,29.68,0,0.0,65,0,2026-09-03
NIFTY,2028-06-27,24000.0,PE,0.0,0.0,0.0,1692.75,927.46,0,0.0,0,0,2026-09-03
NIFTY,2029-12-24,25500.0,PE,0.0,0.0,0.0,597.3,1245.78,0,0.0,0,0,2026-09-03
NIFTY,2030-12-31,30000.0,PE,0.0,0.0,0.0,1450.1,2498.16,0,0.0,0,0,2026-09-03
NIFTY,2026-09-29,22400.0,CE,1740.0,1740.0,1740.0,1740.0,1592.35,1,1569100.0,260,-65,2026-09-03
NIFTY,2026-10-06,23100.0,CE,0.0,0.0,0.0,1200.6,1043.6,0,0.0,0,0,2026-09-03
NIFTY,2026-10-06,25300.0,CE,0.0,0.0,0.0,124.05,84.15,0,0.0,0,0,2026-09-03
NIFTY,2026-10-27,22200.0,CE,0.0,0.0,0.0,2249.3,1946.14,0,0.0,0,0,2026-09-03
NIFTY,2026-10-27,23450.0,CE,0.0,0.0,0.0,1307.95,960.06,0,0.0,0,0,2026-09-03
NIFTY,2026-10-27,23750.0,CE,620.0,620.0,620.0,620.0,775.13,1,1584050.0,1040,65,2026-09-03
NIFTY,2026-10-27,26350.0,CE,0.0,0.0,0.0,194.1,51.28,0,0.0,0,0,2026-09-03
NIFTY,2026-11-23,22150.0,CE,0.0,0.0,0.0,2589.6,2141.48,0,0.0,0,0,2026-09-03
NIFTY,2026-11-23,23350.0,CE,0.0,0.0,0.0,1606.3,1216.71,0,0.0,0,0,2026-09-03
NIFTY,2026-11-23,23700.0,CE,840.0,852.0,840.0,852.0,997.3,2,3190980.0,130,130,2026-09-03
NIFTY,2026-11-23,23750.0,CE,0.0,0.0,0.0,1325.6,968.06,0,0.0,0,0,2026-09-03
NIFTY,2026-11-23,23800.0,CE,792.05,805.0,709.7,711.25,711.25,108,172379255.75,7605,1625,2026-09-03
NIFTY,2026-11-23,25350.0,CE,0.0,0.0,0.0,514.1,309.22,0,0.0,0,0,2026-09-03
NIFTY,2027-06-29,31500.0,CE,0.0,0.0,0.0,769.15,103.05,0,0.0,0,0,2026-09-03
NIFTY,2027-12-28,31500.0,CE,165.0,175.0,160.0,161.0,372.76,6,12349486.5,2015,-65,2026-09-03
NIFTY,2029-12-24,19500.0,CE,0.0,0.0,0.0,10678.8,8345.07,0,0.0,0,0,2026-09-03
NIFTY,2026-10-06,22800.0,PE,0.0,0.0,0.0,66.4,80.78,0,0.0,0,0,2026-09-03
NIFTY,2026-10-06,24700.0,PE,0.0,0.0,0.0,774.45,883.49,0,0.0,0,0,2026-09-03
NIFTY,2026-10-27,26400.0,CE,0.0,0.0,0.0,186.25,47.91,0,0.0,0,0,2026-09-03
NIFTY,2026-09-15,25700.0,CE,1.5,1.6,1.15,1.2,1.2,8325,13907605354.5,240955,159120,2026-09-03
NIFTY,2026-09-22,25900.0,PE,0.0,0.0,0.0,1658.45,1951.29,0,0.0,0,0,2026-09-03
NIFTY,2026-10-06,25750.0,CE,0.0,0.0,0.0,62.65,39.42,0,0.0,0,0,2026-09-03
NIFTY,2026-10-27,23550.0,PE,154.0,177.9,138.15,170.4,170.4,24,36991477.25,2015,195,2026-09-03
NIFTY,2026-10-27,24700.0,PE,643.8,735.6,604.5,719.1,719.1,384,633532191.5,142220,1820,2026-09-03
NIFTY,2026-10-27,24950.0,PE,0.0,0.0,0.0,676.9,1107.07,0,0.0,3900,0,2026-09-03
NIFTY,2026-09-22,23500.0,PE,53.8,78.1,46.15,71.25,71.25,4462,6832675928.0,239200,33995,2026-09-03
NIFTY,2026-09-15,23200.0,CE,823.05,823.05,753.4,753.4,753.4,6,9355918.0,455,325,2026-09-03
NIFTY,2026-09-29,27000.0,CE,2.0,2.4,1.75,2.3,2.3,5351,9391740556.25,1716390,33995,2026-09-03
NIFTY,2026-09-29,26800.0,CE,1.5,2.85,1.5,2.35,2.35,26,45295900.0,3250,780,2026-09-03
NIFTY,2026-09-29,25250.0,CE,13.0,13.5,11.15,11.75,11.75,872,1431868142.25,143065,2795,2026-09-03
NIFTY,2026-11-23,26000.0,PE,1800.0,1800.0,1633.75,1715.0,1928.59,5,9007687.0,4095,260,2026-09-03
NIFTY,2031-06-24,24000.0,PE,0.0,0.0,0.0,933.85,750.13,0,0.0,65,0,2026-09-03
NIFTY,2026-09-08,26400.0,CE,0.6,0.7,0.45,0.5,0.5,25361,43520381953.75,565565,12350,2026-09-03
NIFTY,2026-09-08,22600.0,CE,0.0,0.0,0.0,2165.9,1292.15,0,0.0,0,0,2026-09-03
NIFTY,2026-09-22,24150.0,CE,177.9,196.95,128.1,135.0,135.0,632,998854889.5,39585,9035,2026-09-03
NIFTY,2026-09-22,22950.0,CE,0.0,0.0,0.0,1416.4,1046.6,0,0.0,0,0,2026-09-03
NIFTY,2026-09-08,23650.0,PE,30.0,32.05,14.6,24.4,24.4,751676,1156553483653.75,2718040,968175,2026-09-03
NIFTY,2026-10-06,24750.0,PE,0.0,0.0,0.0,808.1,920.04,0,0.0,0,0,2026-09-03
NIFTY,2026-09-29,22950.0,PE,37.55,37.55,23.7,31.65,31.65,953,1423339284.25,97890,4030,2026-09-03
NIFTY,2026-09-22,23650.0,PE,121.95,121.95,89.0,101.85,101.85,72,111123044.5,3250,3250,2026-09-03
NIFTY,2026-09-22,24400.0,PE,397.6,509.05,378.2,493.45,493.45,33,53310104.25,9555,325,2026-09-03
NIFTY,2026-09-22,24650.0,PE,0.0,0.0,0.0,689.35,808.43,0,0.0,0,0,2026-09-03
NIFTY,2026-09-22,25350.0,PE,0.0,0.0,0.0,1190.0,1421.01,0,0.0,0,0,2026-09-03
NIFTY,2026-09-29,22000.0,PE,12.0,12.2,9.85,10.85,10.85,8140,11645776181.0,2647645,43875,2026-09-03
NIFTY,2026-09-29,22400.0,PE,13.7,15.9,12.8,15.05,15.05,521,759055131.25,79300,-780,2026-09-03
NIFTY,2026-09-29,22800.0,PE,29.0,29.0,19.2,26.4,26.4,9530,14137222056.75,646165,-79430,2026-09-03
NIFTY,2026-09-29,24850.0,PE,0.0,0.0,0.0,871.0,988.05,0,0.0,14040,0,2026-09-03
NIFTY,2026-10-06,22550.0,PE,0.0,0.0,0.0,41.25,50.37,0,0.0,0,0,2026-09-03
NIFTY,2026-10-06,23450.0,PE,0.0,0.0,0.0,189.85,227.2,0,0.0,0,0,2026-09-03
NIFTY,2026-10-06,24550.0,PE,0.0,0.0,0.0,677.9,778.06,0,0.0,0,0,2026-09-03
NIFTY,2026-10-06,24850.0,PE,0.0,0.0,0.0,877.55,995.37,0,0.0,0,0,2026-09-03
NIFTY,2026-10-27,22850.0,PE,0.0,0.0,0.0,250.85,153.17,0,0.0,0,0,2026-09-03
NIFTY,2026-10-27,25450.0,PE,0.0,0.0,0.0,1058.8,1490.11,0,0.0,130,0,2026-09-03
NIFTY,2026-11-23,22900.0,PE,0.0,0.0,0.0,176.95,233.17,0,0.0,0,0,2026-09-03
NIFTY,2026-11-23,24200.0,PE,409.85,468.0,382.5,454.65,454.65,148,236969512.0,13650,3835,2026-09-03
NIFTY,2026-11-23,24700.0,PE,696.0,705.0,696.0,704.5,704.5,18,29718780.0,2015,390,2026-09-03
NIFTY,2026-12-29,15000.0,PE,9.35,9.9,8.5,9.0,9.0,85,82923935.25,119780,1430,2026-09-03
NIFTY,2027-06-29,25500.0,PE,0.0,0.0,0.0,667.15,1545.65,0,0.0,0,0,2026-09-03
NIFTY,2027-12-28,15000.0,PE,0.0,0.0,0.0,21.7,1.31,0,0.0,755,0,2026-09-03
NIFTY,2027-12-28,21000.0,PE,248.8,248.8,242.05,242.05,238.83,4,5523371.75,36605,-65,2026-09-03
NIFTY,2027-12-28,33000.0,PE,0.0,0.0,0.0,4155.55,6642.29,0,0.0,0,0,2026-09-03
NIFTY,2029-06-26,26000.0,PE,0.0,0.0,0.0,1650.0,1479.94,0,0.0,50,0,2026-09-03
NIFTY,2029-12-24,30000.0,PE,2500.0,2500.0,2500.0,2500.0,2500.0,5,10562500.0,390,325,2026-09-03
NIFTY,2030-06-25,27000.0,PE,0.0,0.0,0.0,1286.05,1609.0,0,0.0,0,0,2026-09-03
NIFTY,2030-06-25,33000.0,PE,0.0,0.0,0.0,3143.9,4111.82,0,0.0,0,0,2026-09-03
NIFTY,2030-12-31,33000.0,PE,0.0,0.0,0.0,2387.3,3765.94,0,0.0,0,0,2026-09-03
NIFTY,2026-09-29,22200.0,CE,0.0,0.0,0.0,1970.0,1781.99,0,0.0,260,0,2026-09-03
NIFTY,2026-09-15,25300.0,PE,1322.95,1322.95,1322.95,1322.95,1384.2,1,1730491.75,325,65,2026-09-03
NIFTY,2026-09-15,23900.0,PE,112.3,164.05,90.8,146.6,146.6,64485,100702415446.75,1238380,140465,2026-09-03
NIFTY,2031-06-24,28500.0,PE,0.0,0.0,0.0,2104.2,1829.9,0,0.0,0,0,2026-09-03
NIFTY,2030-12-31,16500.0,PE,0.0,0.0,0.0,13.65,55.05,0,0.0,0,0,2026-09-03
NIFTY,2028-12-26,25000.0,PE,960.0,960.0,955.0,955.0,1214.94,6,10123750.0,8985,390,2026-09-03
NIFTY,2028-06-27,33000.0,PE,0.0,0.0,0.0,3707.8,5967.66,0,0.0,0,0,2026-09-03
NIFTY,2028-06-27,22500.0,PE,0.0,0.0,0.0,206.95,545.17,0,0.0,0,0,2026-09-03
NIFTY,2026-12-29,21000.0,PE,46.0,46.7,41.8,45.55,45.55,1246,1704347261.5,1133195,830,2026-09-03
NIFTY,2026-10-27,25800.0,PE,0.0,0.0,0.0,1675.45,1783.48,0,0.0,390,0,2026-09-03
NIFTY,2026-10-27,24800.0,PE,700.0,800.0,677.65,791.7,791.7,53,87992846.5,144365,0,2026-09-03
NIFTY,2026-10-27,22350.0,PE,0.0,0.0,0.0,31.95,75.67,0,0.0,2145,0,2026-09-03
NIFTY,2026-10-06,24450.0,PE,0.0,0.0,0.0,617.35,711.47,0,0.0,0,0,2026-09-03
NIFTY,2026-09-29,26350.0,PE,0.0,0.0,0.0,2262.9,2369.69,0,0.0,0,0,2026-09-03
NIFTY,2026-09-29,26050.0,PE,0.0,0.0,0.0,1710.0,2076.47,0,0.0,260,0,2026-09-03
NIFTY,2026-09-29,25850.0,PE,0.0,0.0,0.0,1859.75,1883.49,0,0.0,0,0,2026-09-03
NIFTY,2026-09-29,24500.0,PE,499.95,597.5,448.6,570.55,570.55,11415,18557053677.5,3658070,-112320,2026-09-03
NIFTY,2026-09-29,24000.0,PE,206.15,278.85,183.5,255.9,255.9,104600,164687866089.5,7201520,668250,2026-09-03
NIFTY,2026-09-29,22850.0,PE,22.9,32.1,19.85,27.5,27.5,2135,3174216929.0,106925,-2730,2026-09-03
NIFTY,2026-09-29,22650.0,PE,23.0,23.45,15.85,20.1,20.1,1014,1494029709.25,44070,11830,2026-09-03
NIFTY,2026-09-08,22150.0,CE,0.0,0.0,0.0,2600.65,1741.59,0,0.0,0,0,2026-09-03
NIFTY,2026-09-08,22250.0,CE,0.0,0.0,0.0,2503.15,1641.68,0,0.0,0,0,2026-09-03
NIFTY,2026-09-08,22550.0,CE,0.0,0.0,0.0,2213.6,1342.04,0,0.0,0,0,2026-09-03
NIFTY,2026-09-08,23450.0,CE,580.0,622.75,452.2,487.15,487.15,638,994684544.75,43030,-845,2026-09-03
NIFTY,2026-09-15,23150.0,CE,0.0,0.0,0.0,1525.35,813.53,0,0.0,0,0,2026-09-03
NIFTY,2026-09-15,23600.0,CE,481.9,530.0,379.85,407.35,407.35,2666,4173204555.0,40820,-31720,2026-09-03
NIFTY,2026-09-15,24350.0,CE,55.0,64.4,32.9,38.55,38.55,13048,20693447797.75,284050,41275,2026-09-03
NIFTY,2026-09-15,25050.0,CE,4.8,7.8,3.9,4.3,4.3,3111,5066374524.25,115830,74425,2026-09-03
NIFTY,2026-09-15,25600.0,CE,1.5,1.8,1.35,1.45,1.45,7499,12479063506.0,237380,162175,2026-09-03
NIFTY,2026-09-22,23400.0,CE,0.0,0.0,0.0,1051.55,684.19,0,0.0,0,0,2026-09-03
NIFTY,2026-09-22,25000.0,CE,40.5,40.5,9.35,10.25,10.25,403,655164435.25,15275,15275,2026-09-03
NIFTY,2026-09-29,21750.0,CE,0.0,0.0,0.0,2550.0,2219.73,0,0.0,65,0,2026-09-03
NIFTY,2026-09-29,22150.0,CE,0.0,0.0,0.0,2020.0,1829.99,0,0.0,130,0,2026-09-03
NIFTY,2026-09-22,24300.0,PE,332.25,423.15,305.95,409.5,409.5,153,245217040.25,31720,390,2026-09-03
NIFTY,2026-09-22,23950.0,PE,196.15,211.1,140.7,203.95,203.95,753,1180826764.0,19110,12025,2026-09-03
NIFTY,2026-09-22,23050.0,PE,0.0,0.0,0.0,93.3,65.69,0,0.0,0,0,2026-09-03
NIFTY,2026-09-29,23150.0,CE,0.0,0.0,0.0,1236.2,938.78,0,0.0,780,0,2026-09-03
NIFTY,2026-09-29,23450.0,CE,610.0,615.0,610.0,612.5,612.5,2,3128125.0,845,130,2026-09-03
NIFTY,2026-09-29,23850.0,CE,402.8,440.5,324.0,338.1,338.1,3736,5881628782.25,129480,42705,2026-09-03
NIFTY,2026-09-29,25550.0,CE,7.8,8.15,7.25,7.6,7.6,1258,2089850529.0,74620,18460,2026-09-03
NIFTY,2026-09-29,26200.0,CE,3.85,4.1,3.5,3.95,3.95,515,877171750.0,211055,-7215,2026-09-03
NIFTY,2026-09-29,26950.0,CE,3.15,3.15,0.8,2.05,2.05,31,54308540.0,2795,-195,2026-09-03
NIFTY,2026-10-06,24250.0,CE,227.85,227.85,176.3,183.2,183.2,78,123900302.5,2730,2730,2026-09-03
NIFTY,2026-10-06,25350.0,CE,0.0,0.0,0.0,115.45,77.68,0,0.0,0,0,2026-09-03
NIFTY,2026-10-27,23150.0,CE,0.0,0.0,0.0,1510.7,1168.54,0,0.0,0,0,2026-09-03
NIFTY,2026-10-27,23800.0,CE,604.0,651.45,540.0,554.25,554.25,737,1168447130.5,62140,-780,2026-09-03
NIFTY,2026-10-27,26000.0,CE,16.65,16.9,15.45,15.8,15.8,4223,7141290442.0,1292330,3640,2026-09-03
NIFTY,2026-11-23,23850.0,CE,0.0,0.0,0.0,1260.3,911.19,0,0.0,0,0,2026-09-03
NIFTY,2026-11-23,23900.0,CE,702.55,737.95,645.0,647.35,647.35,73,116689654.25,5785,-455,2026-09-03
NIFTY,2027-03-30,27000.0,CE,164.0,171.2,151.05,154.75,154.75,1567,2766758488.0,867750,29835,2026-09-03
NIFTY,2028-12-26,30000.0,CE,1100.0,1109.0,1090.0,1101.5,1101.5,13,26281710.0,18715,530,2026-09-03
NIFTY,2026-09-08,23550.0,PE,18.0,18.0,9.75,14.0,14.0,493634,756041000848.25,2137525,821015,2026-09-03
NIFTY,2026-09-08,24350.0,PE,355.8,469.4,299.6,432.6,432.6,11595,18627380863.0,189215,5915,2026-09-03
NIFTY,2026-09-08,26150.0,PE,0.0,0.0,0.0,1482.45,2255.14,0,0.0,0,0,2026-09-03
NIFTY,2026-09-08,26250.0,PE,0.0,0.0,0.0,1568.65,2355.06,0,0.0,0,0,2026-09-03
NIFTY,2026-09-15,22650.0,PE,7.95,7.95,4.8,5.35,5.35,577,849701469.5,17225,8645,2026-09-03
NIFTY,2026-09-15,23150.0,PE,20.5,20.5,11.45,13.2,13.2,4698,7073280175.0,110240,-2730,2026-09-03
NIFTY,2026-11-23,25950.0,CE,0.0,0.0,0.0,332.85,183.22,0,0.0,0,0,2026-09-03
NIFTY,2026-11-23,26100.0,CE,0.0,0.0,0.0,297.8,159.36,0,0.0,0,0,2026-09-03
NIFTY,2030-06-25,31500.0,PE,0.0,0.0,0.0,2056.3,3377.86,0,0.0,0,0,2026-09-03
NIFTY,2029-12-24,16500.0,PE,0.0,0.0,0.0,10.15,43.33,0,0.0,0,0,2026-09-03
NIFTY,2028-12-26,22500.0,PE,0.0,0.0,0.0,218.8,563.98,0,0.0,0,0,2026-09-03
NIFTY,2027-12-28,19500.0,PE,0.0,0.0,0.0,29.25,95.91,0,0.0,0,0,2026-09-03
NIFTY,2026-12-29,29000.0,PE,4350.0,4450.0,4350.0,4448.65,4448.65,13,28214962.75,219195,0,2026-09-03
NIFTY,2026-11-23,25400.0,PE,0.0,0.0,0.0,1184.75,1459.86,0,0.0,0,0,2026-09-03
NIFTY,2026-11-23,22500.0,PE,71.7,74.9,62.3,73.6,73.6,989,1450763726.75,148070,3900,2026-09-03
NIFTY,2026-11-23,22350.0,PE,0.0,0.0,0.0,96.65,127.74,0,0.0,0,0,2026-09-03
NIFTY,2026-10-27,26900.0,PE,0.0,0.0,0.0,2631.85,2792.16,0,0.0,0,0,2026-09-03
NIFTY,2026-10-27,25250.0,PE,0.0,0.0,0.0,883.6,1331.3,0,0.0,130,0,2026-09-03
NIFTY,2026-09-29,24200.0,PE,315.85,383.35,268.0,362.6,362.6,20530,32710259926.5,2636140,-125775,2026-09-03
NIFTY,2026-09-29,16500.0,PE,1.0,1.25,0.8,0.85,0.85,192,205931488.75,132925,0,2026-09-03
NIFTY,2026-09-15,25750.0,PE,0.0,0.0,0.0,1263.75,1827.27,0,0.0,0,0,2026-09-03
NIFTY,2026-09-08,25050.0,PE,0.0,0.0,0.0,1049.95,1156.9,0,0.0,1300,0,2026-09-03
NIFTY,2026-09-08,22800.0,PE,2.6,3.0,1.5,1.85,1.85,240215,356032785829.5,2637245,308165,2026-09-03
NIFTY,2030-12-31,22500.0,CE,0.0,0.0,0.0,9536.95,7431.31,0,0.0,0,0,2026-09-03
NIFTY,2029-12-24,16500.0,CE,0.0,0.0,0.0,12984.85,10614.89,0,0.0,0,0,2026-09-03
NIFTY,2029-06-26,18000.0,CE,0.0,0.0,0.0,11678.65,8972.14,0,0.0,0,0,2026-09-03
NIFTY,2028-06-27,16500.0,CE,0.0,0.0,0.0,11752.8,9230.39,0,0.0,0,0,2026-09-03
NIFTY,2026-12-29,31500.0,CE,5.5,5.5,5.2,5.3,5.3,13,26622043.5,31980,390,2026-09-03
NIFTY,2026-12-29,31000.0,CE,7.3,7.8,7.3,7.8,7.8,36,72557608.5,159465,-1495,2026-09-03
NIFTY,2026-12-29,21000.0,CE,3378.05,3457.0,3306.1,3349.7,3349.7,40,63396937.5,203350,-540,2026-09-03
NIFTY,2026-09-08,23600.0,CE,420.7,479.8,308.85,341.25,341.25,25671,40037820504.5,272545,-38220,2026-09-03
NIFTY,2026-09-08,24100.0,CE,65.0,92.5,34.0,42.05,42.05,2198143,3452245838047.5,12137905,4180930,2026-09-03
NIFTY,2026-09-08,26300.0,CE,0.7,0.7,0.45,0.55,0.55,10854,18555304144.0,273390,116415,2026-09-03
NIFTY,2026-09-15,22850.0,CE,0.0,0.0,0.0,1794.25,1085.13,0,0.0,0,0,2026-09-03
NIFTY,2026-09-22,22800.0,CE,0.0,0.0,0.0,1547.15,1179.84,0,0.0,0,0,2026-09-03
NIFTY,2026-09-29,19500.0,CE,4673.0,4673.0,4456.8,4457.55,4457.55,10,15627491.75,140465,0,2026-09-03
NIFTY,2026-09-29,24850.0,CE,35.0,38.7,27.3,29.5,29.5,1706,2759203941.0,174265,2925,2026-09-03
NIFTY,2026-09-29,25950.0,CE,5.1,5.1,4.2,5.05,5.05,58,97850337.0,97370,0,2026-09-03
NIFTY,2026-09-29,26600.0,CE,3.0,3.4,1.4,3.4,3.4,128,221332975.5,59605,-2210,2026-09-03
NIFTY,2026-10-06,22550.0,CE,0.0,0.0,0.0,1677.3,1506.15,0,0.0,0,0,2026-09-03
NIFTY,2026-10-06,25450.0,CE,0.0,0.0,0.0,99.65,65.99,0,0.0,0,0,2026-09-03
NIFTY,2026-10-27,22850.0,CE,0.0,0.0,0.0,1729.4,1395.64,0,0.0,0,0,2026-09-03
NIFTY,2026-10-27,23650.0,CE,0.0,0.0,0.0,1181.9,834.18,0,0.0,0,0,2026-09-03
NIFTY,2026-10-27,23900.0,CE,548.0,593.35,466.4,491.25,491.25,698,1108395411.5,35035,5135,2026-09-03
NIFTY,2026-11-23,22200.0,CE,0.0,0.0,0.0,2545.1,2098.57,0,0.0,0,0,2026-09-03
NIFTY,2026-11-23,23150.0,CE,0.0,0.0,0.0,1755.4,1353.28,0,0.0,0,0,2026-09-03
NIFTY,2026-11-23,24600.0,PE,592.0,642.0,592.0,642.0,926.75,19,31147184.25,1105,130,2026-09-03
NIFTY,2026-11-23,24650.0,PE,0.0,0.0,0.0,756.75,956.39,0,0.0,0,0,2026-09-03
NIFTY,2026-11-23,25150.0,PE,0.0,0.0,0.0,1030.25,1279.87,0,0.0,0,0,2026-09-03
NIFTY,2027-12-28,17000.0,PE,0.0,0.0,0.0,54.0,12.59,0,0.0,17750,0,2026-09-03
NIFTY,2027-06-29,16500.0,PE,7.0,7.0,7.0,7.0,1.45,1,1072955.0,780,0,2026-09-03
NIFTY,2027-12-28,28500.0,CE,450.0,462.5,441.0,445.05,445.05,149,280433747.75,22425,5005,2026-09-03
NIFTY,2026-12-29,31500.0,PE,0.0,0.0,0.0,4059.3,6977.76,0,0.0,0,0,2026-09-03
NIFTY,2027-03-30,27000.0,PE,2167.15,2230.0,2127.0,2222.5,2222.5,26,49350109.25,59800,0,2026-09-03
NIFTY,2026-09-22,22850.0,CE,0.0,0.0,0.0,1503.15,1134.88,0,0.0,0,0,2026-09-03
NIFTY,2026-09-22,23850.0,CE,354.95,380.15,272.3,277.75,277.75,431,676990125.5,13065,3055,2026-09-03
NIFTY,2026-09-22,25700.0,CE,3.75,3.75,2.95,3.5,9.27,10,16707359.5,4290,390,2026-09-03
NIFTY,2026-09-29,24600.0,CE,73.95,80.5,52.4,56.8,56.8,17011,27273794752.75,1856595,91975,2026-09-03
NIFTY,2026-09-29,25150.0,CE,15.5,17.25,13.45,14.2,14.2,930,1521249340.0,111280,1885,2026-09-03
NIFTY,2026-09-29,25350.0,CE,10.1,10.9,9.25,9.8,9.8,380,626397739.5,65650,4355,2026-09-03
NIFTY,2026-09-29,26000.0,CE,4.55,5.15,4.25,4.75,4.75,13543,22891746260.5,3998010,-84435,2026-09-03
NIFTY,2026-09-29,26700.0,CE,0.0,0.0,0.0,2.1,2.06,0,0.0,2925,0,2026-09-03
NIFTY,2026-09-29,27100.0,CE,0.0,0.0,0.0,1.45,0.67,0,0.0,14300,0,2026-09-03
NIFTY,2026-10-06,25600.0,CE,0.0,0.0,0.0,79.4,51.25,0,0.0,0,0,2026-09-03
NIFTY,2026-10-27,23200.0,CE,988.85,988.85,988.85,988.85,988.85,1,1572275.25,910,0,2026-09-03
NIFTY,2026-09-15,25550.0,CE,1.55,2.05,1.25,1.6,1.6,581,964960207.25,21970,15730,2026-09-03
NIFTY,2026-10-27,24800.0,CE,138.0,146.65,108.6,114.6,114.6,2147,3478669051.0,273520,22360,2026-09-03
NIFTY,2026-10-27,27100.0,CE,6.5,7.0,5.45,5.95,5.95,77,135666098.75,3315,1950,2026-09-03
NIFTY,2026-11-23,22450.0,CE,0.0,0.0,0.0,2326.6,1888.9,0,0.0,0,0,2026-09-03
NIFTY,2026-11-23,24300.0,CE,478.25,492.65,422.65,427.7,427.7,138,222036152.0,15210,3705,2026-09-03
NIFTY,2026-11-23,25100.0,CE,154.5,172.0,139.85,144.2,144.2,401,658306067.25,39910,4550,2026-09-03
NIFTY,2026-11-23,25300.0,CE,0.0,0.0,0.0,532.0,322.28,0,0.0,0,0,2026-09-03
NIFTY,2026-12-29,27000.0,CE,39.95,40.0,37.45,39.0,39.0,4450,7820976998.25,2533400,-9230,2026-09-03
NIFTY,2029-12-24,33000.0,CE,0.0,0.0,0.0,3816.05,1758.49,0,0.0,0,0,2026-09-03
NIFTY,2030-06-25,21000.0,CE,0.0,0.0,0.0,10421.65,7831.13,0,0.0,0,0,2026-09-03
NIFTY,2026-09-08,22450.0,PE,1.85,2.1,1.15,1.3,1.3,21768,31767251711.0,172640,-3250,2026-09-03
NIFTY,2026-09-08,23050.0,PE,3.75,4.35,2.5,2.8,2.8,118829,178061422009.25,764010,-133250,2026-09-03
NIFTY,2026-09-08,24450.0,PE,430.0,564.1,389.95,534.95,534.95,2682,4340147734.0,83460,-8125,2026-09-03
NIFTY,2026-09-08,26400.0,PE,2420.0,2490.0,2420.0,2490.0,2490.0,14,26234091.0,1105,390,2026-09-03
NIFTY,2026-09-15,23250.0,PE,15.25,19.9,14.0,17.2,17.2,9989,15106691600.0,292630,196300,2026-09-03
NIFTY,2026-09-15,24800.0,PE,750.7,855.2,715.25,838.9,838.9,32,53198726.75,3055,325,2026-09-03
NIFTY,2026-09-15,25400.0,PE,1336.8,1400.0,1336.8,1400.0,1481.77,3,5217784.0,0,0,2026-09-03
NIFTY,2026-09-15,25650.0,PE,0.0,0.0,0.0,1183.55,1728.12,0,0.0,0,0,2026-09-03
NIFTY,2026-09-22,22850.0,PE,19.95,24.75,13.2,20.7,20.7,45,66889982.25,2210,520,2026-09-03
NIFTY,2026-09-22,24000.0,PE,220.75,246.0,157.3,221.55,221.55,4065,6393543994.5,146770,41665,2026-09-03
NIFTY,2026-09-22,24500.0,PE,485.3,586.35,441.3,572.45,572.45,143,232235480.75,31915,1235,2026-09-03
NIFTY,2026-09-22,25050.0,PE,0.0,0.0,0.0,959.7,1145.91,0,0.0,0,0,2026-09-03
NIFTY,2026-09-22,25500.0,PE,0.0,0.0,0.0,1312.45,1563.16,0,0.0,0,0,2026-09-03
NIFTY,2026-09-29,22750.0,PE,19.7,25.7,18.0,23.5,23.5,533,788896446.0,67860,1690,2026-09-03
NIFTY,2026-09-29,23500.0,PE,86.5,102.15,64.8,92.5,92.5,54811,84011067312.25,5104385,96395,2026-09-03
NIFTY,2026-09-29,23750.0,PE,149.55,167.8,109.6,159.1,159.1,2560,3973897005.0,189605,-11050,2026-09-03
NIFTY,2026-09-08,23050.0,CE,888.9,888.9,841.0,872.1,872.1,3,4664803.0,130,130,2026-09-03
NIFTY,2026-09-29,24600.0,PE,571.25,670.0,524.8,654.75,654.75,745,1220036317.5,737555,1885,2026-09-03
NIFTY,2026-09-29,25450.0,PE,0.0,0.0,0.0,946.5,1507.51,0,0.0,715,0,2026-09-03
NIFTY,2026-10-06,22500.0,PE,0.0,0.0,0.0,37.35,45.58,0,0.0,0,0,2026-09-03
NIFTY,2026-10-06,24900.0,PE,0.0,0.0,0.0,913.3,1033.89,0,0.0,0,0,2026-09-03
NIFTY,2026-10-06,25000.0,PE,0.0,0.0,0.0,987.9,1112.74,0,0.0,0,0,2026-09-03
NIFTY,2026-10-06,25800.0,PE,0.0,0.0,0.0,1653.0,1811.18,0,0.0,0,0,2026-09-03
NIFTY,2026-10-27,25050.0,PE,0.0,0.0,0.0,853.9,1179.69,0,0.0,260,0,2026-09-03
NIFTY,2027-12-28,26000.0,PE,1331.9,1347.0,1299.3,1338.7,1338.7,123,218491949.0,69685,2015,2026-09-03
NIFTY,2026-10-27,26700.0,PE,0.0,0.0,0.0,2458.1,2602.06,0,0.0,0,0,2026-09-03
NIFTY,2026-11-23,22950.0,PE,0.0,0.0,0.0,186.2,245.23,0,0.0,0,0,2026-09-03
NIFTY,2030-06-25,18000.0,PE,0.0,0.0,0.0,116.65,105.55,0,0.0,0,0,2026-09-03
NIFTY,2028-12-26,19500.0,PE,0.0,0.0,0.0,49.0,160.85,0,0.0,0,0,2026-09-03
NIFTY,2027-03-30,19500.0,PE,48.05,48.05,46.0,47.0,47.0,63,80045420.0,104975,2665,2026-09-03
NIFTY,2030-12-31,31500.0,PE,0.0,0.0,0.0,1885.5,3100.23,0,0.0,0,0,2026-09-03
NIFTY,2031-06-24,18000.0,PE,0.0,0.0,0.0,173.45,114.87,0,0.0,0,0,2026-09-03
NIFTY,2026-11-23,24500.0,PE,560.25,622.0,516.0,601.25,601.25,1583,2579153983.25,193375,37765,2026-09-03
NIFTY,2026-09-29,22550.0,PE,15.2,17.65,14.65,17.2,17.2,1417,2078477313.25,50375,26390,2026-09-03
NIFTY,2026-09-29,18000.0,PE,2.55,2.8,1.2,1.75,1.75,998,1167781325.75,961740,-1495,2026-09-03
NIFTY,2026-09-22,25850.0,PE,0.0,0.0,0.0,1613.85,1902.27,0,0.0,0,0,2026-09-03
NIFTY,2026-09-22,25400.0,PE,0.0,0.0,0.0,1230.35,1468.12,0,0.0,0,0,2026-09-03
NIFTY,2026-09-22,23550.0,PE,58.25,83.25,52.15,75.45,75.45,299,458976657.75,13260,-585,2026-09-03
NIFTY,2026-12-29,14000.0,PE,6.05,6.05,6.0,6.0,0.0,10,9103906.5,9415,0,2026-09-03
NIFTY,2026-09-15,24000.0,PE,170.0,214.85,122.0,192.95,192.95,83444,131042709060.25,1308255,561080,2026-09-03
NIFTY,2026-09-08,24750.0,PE,711.05,810.35,694.25,806.5,806.5,51,84467292.0,14105,-325,2026-09-03
NIFTY,2026-09-08,24100.0,PE,183.5,248.9,122.7,214.25,214.25,843477,1330510423235.5,3324945,834990,2026-09-03
NIFTY,2026-11-23,25350.0,PE,0.0,0.0,0.0,1152.95,1422.18,0,0.0,0,0,2026-09-03
NIFTY,2026-09-08,22900.0,PE,4.3,4.3,1.9,2.15,2.15,221316,329466172454.25,2156375,861835,2026-09-03
NIFTY,2031-06-24,22500.0,CE,0.0,0.0,0.0,8012.75,7934.87,0,0.0,0,0,2026-09-03
NIFTY,2026-11-23,24300.0,PE,461.05,517.0,425.35,500.45,500.45,339,545573187.25,16705,6760,2026-09-03
NIFTY,2026-11-23,24250.0,PE,457.25,464.75,437.85,464.75,733.89,6,9633253.5,1625,260,2026-09-03
NIFTY,2030-12-31,27000.0,CE,0.0,0.0,0.0,6772.8,5003.65,0,0.0,0,0,2026-09-03
NIFTY,2028-12-26,18000.0,CE,0.0,0.0,0.0,9380.3,8462.8,0,0.0,0,0,2026-09-03
NIFTY,2027-03-30,22500.0,CE,2465.2,2502.2,2389.25,2389.25,2389.25,153,248390398.75,39975,9230,2026-09-03
NIFTY,2026-11-23,24550.0,CE,356.25,367.0,316.1,320.85,320.85,120,194198988.75,5265,3900,2026-09-03
NIFTY,2026-11-23,24400.0,CE,426.25,430.75,374.25,379.15,379.15,148,238581547.75,17550,3770,2026-09-03
NIFTY,2026-11-23,22800.0,CE,0.0,0.0,0.0,2032.75,1610.83,0,0.0,0,0,2026-09-03
NIFTY,2026-11-23,22250.0,CE,0.0,0.0,0.0,2500.9,2055.97,0,0.0,0,0,2026-09-03
NIFTY,2026-10-27,25900.0,CE,0.0,0.0,0.0,277.95,92.12,0,0.0,0,0,2026-09-03
NIFTY,2026-10-27,25150.0,CE,0.0,0.0,0.0,479.95,220.11,0,0.0,0,0,2026-09-03
NIFTY,2026-10-27,24650.0,CE,175.5,192.0,148.4,152.5,152.5,183,295195468.75,17095,4940,2026-09-03
NIFTY,2026-10-27,24600.0,CE,198.65,212.5,162.0,171.4,171.4,1580,2545630558.25,166400,6955,2026-09-03
NIFTY,2026-10-27,23100.0,CE,0.0,0.0,0.0,1070.0,1205.29,0,0.0,65,0,2026-09-03
NIFTY,2026-10-27,23050.0,CE,0.0,0.0,0.0,1446.75,1241.55,0,0.0,65,0,2026-09-03
NIFTY,2026-10-06,24350.0,CE,0.0,0.0,0.0,406.45,314.34,0,0.0,0,0,2026-09-03
NIFTY,2026-09-29,26550.0,CE,0.0,0.0,0.0,2.15,3.08,0,0.0,5200,0,2026-09-03
NIFTY,2026-09-29,24550.0,CE,84.95,93.0,61.3,64.6,64.6,3206,5131808555.25,202735,17875,2026-09-03
NIFTY,2026-11-23,23900.0,PE,301.7,345.05,278.0,332.95,332.95,249,391873914.25,12610,7995,2026-09-03
NIFTY,2026-09-29,23550.0,CE,643.25,676.9,525.9,527.55,527.55,36,56536229.75,3575,910,2026-09-03
NIFTY,2026-09-29,23000.0,CE,1120.0,1171.1,1000.0,1035.3,1035.3,2636,4127364081.75,534625,87815,2026-09-03
NIFTY,2026-11-23,22800.0,PE,0.0,0.0,0.0,159.45,210.36,0,0.0,0,0,2026-09-03
NIFTY,2026-11-23,22400.0,PE,0.0,0.0,0.0,102.45,135.42,0,0.0,0,0,2026-09-03
NIFTY,2026-10-27,23450.0,PE,130.0,156.05,119.55,154.25,154.25,52,79731125.5,49465,715,2026-09-03
NIFTY,2026-09-22,24850.0,CE,17.85,19.75,15.65,16.35,16.35,13,21012462.25,19630,260,2026-09-03
NIFTY,2026-09-15,26150.0,CE,1.3,1.45,0.9,1.05,1.05,60,101989751.5,5720,2275,2026-09-03
NIFTY,2026-09-15,25900.0,CE,1.55,1.55,0.9,1.1,1.1,1953,3288011502.75,49985,-3835,2026-09-03
NIFTY,2026-09-15,22200.0,CE,0.0,0.0,0.0,2410.3,1718.14,0,0.0,0,0,2026-09-03
NIFTY,2026-09-08,24700.0,CE,2.85,3.65,2.3,2.6,2.6,630726,1012744562436.75,6058455,700960,2026-09-03
NIFTY,2026-09-08,24500.0,CE,6.45,7.6,4.25,4.85,4.85,736326,1172868268308.75,10081565,2433015,2026-09-03
NIFTY,2026-09-08,23800.0,CE,240.0,298.7,156.55,184.35,184.35,489151,763861156474.0,2809950,157300,2026-09-03
NIFTY,2026-09-08,23400.0,CE,550.0,672.45,507.0,537.25,537.25,1991,3103990565.0,61035,-4550,2026-09-03
NIFTY,2026-09-29,26250.0,PE,0.0,0.0,0.0,2180.0,2271.56,0,0.0,0,0,2026-09-03
NIFTY,2026-09-29,26500.0,PE,2400.0,2473.0,2350.0,2473.0,2517.41,28,52583082.5,852800,-975,2026-09-03
NIFTY,2026-10-06,23300.0,PE,0.0,0.0,0.0,152.5,183.04,0,0.0,0,0,2026-09-03
NIFTY,2026-09-22,24250.0,CE,136.05,150.0,94.5,100.3,100.3,538,852193771.0,22620,845,2026-09-03
NIFTY,2028-12-26,21000.0,PE,0.0,0.0,0.0,349.55,317.99,0,0.0,8685,0,2026-09-03
NIFTY,2026-09-22,23100.0,CE,0.0,0.0,0.0,1289.85,918.88,0,0.0,0,0,2026-09-03
NIFTY,2026-09-15,24600.0,CE,19.1,20.8,11.0,12.7,12.7,52004,83207138865.5,953095,339820,2026-09-03
NIFTY,2026-09-15,23850.0,CE,285.0,323.15,205.15,223.65,223.65,7143,11194387223.5,153530,45370,2026-09-03
NIFTY,2026-09-08,25050.0,CE,1.65,1.95,1.25,1.6,1.6,61758,100563712843.75,1197170,224575,2026-09-03
NIFTY,2026-09-08,22500.0,CE,1495.0,1495.0,1440.0,1440.0,1391.95,10,15568150.0,16445,520,2026-09-03
NIFTY,2030-06-25,21000.0,PE,0.0,0.0,0.0,220.0,343.71,0,0.0,65,0,2026-09-03
NIFTY,2029-12-24,26000.0,PE,1399.95,1400.0,1399.95,1400.0,1400.0,3,5342993.5,4055,195,2026-09-03
NIFTY,2029-12-24,21000.0,PE,350.0,390.05,350.0,390.05,342.33,2,2778103.25,780,65,2026-09-03
NIFTY,2029-06-26,19500.0,PE,0.0,0.0,0.0,56.0,179.71,0,0.0,0,0,2026-09-03
NIFTY,2028-12-26,28500.0,PE,0.0,0.0,0.0,1451.15,2681.56,0,0.0,0,0,2026-09-03
NIFTY,2028-12-26,27000.0,PE,0.0,0.0,0.0,1650.0,1974.77,0,0.0,16155,0,2026-09-03
NIFTY,2028-12-26,23000.0,PE,627.0,627.0,613.0,613.0,669.64,4,6140416.75,1870,260,2026-09-03
NIFTY,2028-06-27,31500.0,PE,0.0,0.0,0.0,2935.6,4863.46,0,0.0,0,0,2026-09-03
NIFTY,2027-06-29,18000.0,PE,0.0,0.0,0.0,220.0,10.32,0,0.0,230,0,2026-09-03
NIFTY,2026-12-29,18000.0,PE,17.1,18.3,16.75,17.7,17.7,85,99545114.5,542105,715,2026-09-03
NIFTY,2026-12-29,16500.0,PE,0.0,0.0,0.0,12.0,0.0,0,0.0,3705,0,2026-09-03
NIFTY,2026-12-29,12000.0,PE,0.0,0.0,0.0,4.35,0.0,0,0.0,18410,0,2026-09-03
NIFTY,2026-10-27,26750.0,PE,0.0,0.0,0.0,2501.2,2649.39,0,0.0,0,0,2026-09-03
NIFTY,2026-10-27,26150.0,PE,0.0,0.0,0.0,1657.0,2092.84,0,0.0,130,0,2026-09-03
NIFTY,2026-10-27,23500.0,PE,151.05,173.75,128.3,165.25,165.25,5138,7896593402.75,936975,27170,2026-09-03
NIFTY,2026-10-27,23350.0,PE,0.0,0.0,0.0,387.65,279.53,0,0.0,0,0,2026-09-03
NIFTY,2026-10-06,24500.0,PE,0.0,0.0,0.0,647.25,744.38,0,0.0,0,0,2026-09-03
NIFTY,2026-10-06,24350.0,PE,0.0,0.0,0.0,560.0,647.99,0,0.0,0,0,2026-09-03
NIFTY,2026-10-06,23400.0,PE,0.0,0.0,0.0,177.75,211.72,0,0.0,0,0,2026-09-03
NIFTY,2026-09-29,25350.0,PE,0.0,0.0,0.0,850.0,1416.45,0,0.0,1040,0,2026-09-03
NIFTY,2026-09-29,25150.0,PE,0.0,0.0,0.0,880.05,1239.1,0,0.0,1365,0,2026-09-03
NIFTY,2026-09-29,23300.0,PE,57.85,66.3,42.85,60.55,60.55,22194,33688774232.75,2202720,97305,2026-09-03
NIFTY,2026-09-29,21000.0,PE,6.05,6.7,5.9,6.45,6.45,7700,10513665587.75,1753960,17745,2026-09-03
NIFTY,2026-09-22,25100.0,PE,0.0,0.0,0.0,997.6,1190.71,0,0.0,0,0,2026-09-03
NIFTY,2026-09-15,25150.0,PE,0.0,0.0,0.0,817.1,1239.45,0,0.0,0,0,2026-09-03
NIFTY,2026-09-15,24150.0,PE,221.55,308.4,190.0,282.65,282.65,4854,7696991315.0,63960,5980,2026-09-03
NIFTY,2026-09-08,26000.0,PE,1980.0,2093.55,1933.0,2047.9,2047.9,309,562934378.5,159510,-11960,2026-09-03
NIFTY,2026-09-08,24650.0,PE,640.0,712.8,588.1,711.9,765.51,85,139645645.75,39585,-585,2026-09-03
NIFTY,2026-09-08,22750.0,PE,2.5,2.8,1.45,1.75,1.75,55143,81550314192.75,543140,157755,2026-09-03
NIFTY,2026-09-08,22250.0,PE,1.5,3.8,0.85,1.0,1.0,13829,20001371962.0,114530,114530,2026-09-03
NIFTY,2030-06-25,24000.0,CE,0.0,0.0,0.0,8591.55,5972.36,0,0.0,0,0,2026-09-03
NIFTY,2029-12-24,18000.0,CE,0.0,0.0,0.0,11362.4,9459.53,0,0.0,0,0,2026-09-03
NIFTY,2027-12-28,21000.0,CE,0.0,0.0,0.0,4902.4,4838.74,0,0.0,0,0,2026-09-03
NIFTY,2027-06-29,22500.0,CE,0.0,0.0,0.0,5539.6,2952.49,0,0.0,0,0,2026-09-03
NIFTY,2027-06-29,19500.0,CE,0.0,0.0,0.0,8143.4,5434.07,0,0.0,0,0,2026-09-03
NIFTY,2026-11-23,25750.0,CE,0.0,0.0,0.0,386.65,219.51,0,0.0,0,0,2026-09-03
NIFTY,2026-11-23,24200.0,CE,533.3,549.25,450.0,478.6,478.6,183,293873095.75,19630,5525,2026-09-03
NIFTY,2026-10-27,26950.0,CE,6.1,6.8,6.1,6.75,21.76,12,21025914.0,845,-130,2026-09-03
NIFTY,2026-10-27,23350.0,CE,0.0,0.0,0.0,1240.0,1026.79,0,0.0,65,0,2026-09-03
NIFTY,2026-10-27,22750.0,CE,0.0,0.0,0.0,1805.4,1475.69,0,0.0,0,0,2026-09-03
NIFTY,2026-10-27,22550.0,CE,0.0,0.0,0.0,1962.0,1641.25,0,0.0,0,0,2026-09-03
NIFTY,2026-10-06,23450.0,CE,0.0,0.0,0.0,931.1,788.27,0,0.0,0,0,2026-09-03
NIFTY,2026-10-06,22650.0,CE,0.0,0.0,0.0,1586.8,1417.54,0,0.0,0,0,2026-09-03
NIFTY,2026-09-29,31500.0,CE,0.0,0.0,0.0,0.8,0.0,0,0.0,17160,0,2026-09-03
NIFTY,2026-09-29,26900.0,CE,3.35,3.4,1.75,2.2,2.2,72,125902611.25,4810,1170,2026-09-03
NIFTY,2026-09-29,25700.0,CE,6.1,6.35,5.2,6.1,6.1,1237,2066895216.75,387270,-3250,2026-09-03
NIFTY,2026-09-29,25200.0,CE,14.55,15.05,0.05,13.1,13.1,11923,19539561931.5,969800,-8385,2026-09-03
NIFTY,2026-09-29,24300.0,CE,159.95,179.3,120.0,127.35,127.35,31790,50521174791.75,4428515,45175,2026-09-03
NIFTY,2026-09-29,22450.0,CE,0.0,0.0,0.0,1843.95,1545.65,0,0.0,65,0,2026-09-03
NIFTY,2026-09-22,25150.0,CE,0.0,0.0,0.0,185.6,37.59,0,0.0,0,0,2026-09-03
NIFTY,2026-09-22,24600.0,CE,41.05,49.45,30.1,33.7,33.7,3110,4980834222.0,143325,19890,2026-09-03
NIFTY,2026-11-23,23300.0,PE,0.0,0.0,0.0,261.6,342.47,0,0.0,0,0,2026-09-03
NIFTY,2026-11-23,22150.0,PE,0.0,0.0,0.0,75.95,100.33,0,0.0,0,0,2026-09-03
NIFTY,2030-12-31,21000.0,PE,0.0,0.0,0.0,450.0,340.4,0,0.0,845,0,2026-09-03
NIFTY,2029-06-26,24000.0,PE,0.0,0.0,0.0,825.0,892.13,0,0.0,155,0,2026-09-03
NIFTY,2026-11-23,24050.0,PE,349.5,385.6,327.45,385.05,385.05,11,17459880.75,650,585,2026-09-03
NIFTY,2026-11-23,25450.0,PE,0.0,0.0,0.0,1217.0,1497.02,0,0.0,0,0,2026-09-03
NIFTY,2026-11-23,25700.0,PE,0.0,0.0,0.0,1384.75,1687.38,0,0.0,0,0,2026-09-03
NIFTY,2027-12-28,25000.0,PE,961.4,979.1,925.05,959.45,959.45,196,330565976.0,101465,3640,2026-09-03
NIFTY,2026-10-27,25200.0,PE,1000.0,1055.0,1000.0,1055.0,1292.73,12,20443605.0,12415,-390,2026-09-03
NIFTY,2026-10-27,24300.0,PE,462.55,478.0,376.0,459.0,459.0,1020,1638464730.5,177840,-3120,2026-09-03
NIFTY,2026-10-06,22700.0,PE,36.7,36.7,36.7,36.7,67.23,1,1477885.5,65,65,2026-09-03
NIFTY,2026-09-08,23350.0,CE,661.4,712.0,566.3,583.5,583.5,133,207319606.0,7800,715,2026-09-03
NIFTY,2026-09-08,23950.0,CE,133.0,181.5,79.05,97.1,97.1,1807872,2829240345194.25,5912075,3463330,2026-09-03
NIFTY,2026-09-08,24200.0,CE,43.0,51.95,18.3,23.1,23.1,1704419,2684823481525.25,11787100,1692665,2026-09-03
NIFTY,2026-09-08,25200.0,CE,1.35,1.7,0.95,1.25,1.25,215452,352928330706.25,4286295,507455,2026-09-03
NIFTY,2026-09-15,22350.0,CE,0.0,0.0,0.0,2265.3,1569.57,0,0.0,0,0,2026-09-03
NIFTY,2026-09-15,23750.0,CE,330.85,401.5,266.1,285.0,285.0,1391,2177574753.25,34580,9945,2026-09-03
NIFTY,2026-09-15,23950.0,CE,203.5,252.95,152.2,169.05,169.05,25378,39829442172.0,392405,291135,2026-09-03
NIFTY,2026-09-15,24800.0,CE,8.1,9.05,5.7,6.45,6.45,23867,38484953087.75,660270,153205,2026-09-03
NIFTY,2026-09-22,22650.0,CE,0.0,0.0,0.0,1681.55,1317.55,0,0.0,0,0,2026-09-03
NIFTY,2026-09-22,25600.0,CE,4.2,4.6,4.0,4.15,4.15,219,364477012.25,39780,4680,2026-09-03
NIFTY,2026-09-29,22900.0,CE,1255.0,1255.0,1100.0,1110.25,1110.25,10,15629152.5,4225,325,2026-09-03
NIFTY,2026-09-29,24450.0,CE,112.0,122.8,80.8,85.6,85.6,2208,3523297950.25,186875,14040,2026-09-03
NIFTY,2026-09-29,24650.0,CE,53.7,69.5,45.85,49.6,49.6,2325,3733819550.5,260975,10270,2026-09-03
NIFTY,2026-09-29,26350.0,CE,0.0,0.0,0.0,2.5,5.14,0,0.0,5525,0,2026-09-03
NIFTY,2026-09-29,26500.0,CE,2.65,2.75,2.15,2.65,2.65,3035,5228275666.25,919295,-13910,2026-09-03
NIFTY,2026-09-29,26650.0,CE,2.8,2.9,2.0,2.0,2.36,12,20788950.0,455,0,2026-09-03
NIFTY,2026-10-06,22950.0,CE,0.0,0.0,0.0,1324.95,1163.18,0,0.0,0,0,2026-09-03
NIFTY,2026-10-06,23400.0,CE,0.0,0.0,0.0,968.7,822.49,0,0.0,0,0,2026-09-03
NIFTY,2026-10-06,24600.0,CE,0.0,0.0,0.0,307.2,230.29,0,0.0,0,0,2026-09-03
NIFTY,2026-10-27,26850.0,CE,9.6,9.6,7.7,7.7,25.25,2,3491624.5,1495,0,2026-09-03
NIFTY,2026-12-29,22500.0,CE,2041.4,2066.0,1976.9,1976.9,2054.17,15,23918215.75,16965,65,2026-09-03
NIFTY,2026-12-29,30000.0,CE,9.0,9.3,8.1,8.2,8.2,454,885555300.5,813150,-350,2026-09-03
NIFTY,2027-06-29,19000.0,CE,0.0,0.0,0.0,7800.0,5890.09,0,0.0,75,0,2026-09-03
NIFTY,2029-06-26,30000.0,CE,0.0,0.0,0.0,5268.4,2096.3,0,0.0,0,0,2026-09-03
NIFTY,2030-06-25,27000.0,CE,0.0,0.0,0.0,6972.5,4414.7,0,0.0,0,0,2026-09-03
NIFTY,2030-12-31,30000.0,CE,0.0,0.0,0.0,5227.2,3738.93,0,0.0,0,0,2026-09-03
NIFTY,2031-06-24,27000.0,CE,0.0,0.0,0.0,5699.0,5536.41,0,0.0,0,0,2026-09-03
NIFTY,2026-09-08,25800.0,PE,0.0,0.0,0.0,1750.0,1905.43,0,0.0,650,0,2026-09-03
NIFTY,2026-09-15,22550.0,PE,6.75,6.75,4.65,5.2,5.2,263,385587634.25,7280,3640,2026-09-03
NIFTY,2026-09-15,23750.0,PE,65.7,104.45,56.55,90.35,90.35,16455,25483860405.25,160355,-81120,2026-09-03
NIFTY,2026-09-15,24700.0,PE,656.05,783.7,621.55,774.0,774.0,45,74268584.0,17615,-325,2026-09-03
NIFTY,2026-09-15,25800.0,PE,0.0,0.0,0.0,1304.65,1876.93,0,0.0,0,0,2026-09-03
NIFTY,2026-09-22,22200.0,PE,0.0,0.0,0.0,17.95,5.9,0,0.0,0,0,2026-09-03
NIFTY,2026-09-22,22300.0,PE,9.6,9.65,7.2,8.25,8.25,86,124703621.25,4940,3250,2026-09-03
NIFTY,2026-09-22,24100.0,PE,217.0,300.55,199.45,282.2,282.2,1539,2434905222.75,62725,17420,2026-09-03
NIFTY,2026-09-22,26000.0,PE,0.0,0.0,0.0,1748.6,2049.63,0,0.0,0,0,2026-09-03
NIFTY,2026-09-29,21750.0,PE,7.15,9.6,7.15,9.25,3.83,67,94760669.25,6630,715,2026-09-03
NIFTY,2026-09-29,22900.0,PE,29.0,32.5,22.0,30.0,30.0,4088,6091777877.25,413270,-14560,2026-09-03
NIFTY,2026-09-29,23550.0,PE,81.4,113.25,72.05,104.95,104.95,2153,3307748083.25,142740,22945,2026-09-03
NIFTY,2026-09-29,24800.0,PE,718.7,841.05,689.0,817.2,817.2,171,284117083.25,369720,-1755,2026-09-03
NIFTY,2026-09-29,26800.0,PE,0.0,0.0,0.0,2222.1,2814.2,0,0.0,1365,0,2026-09-03
NIFTY,2026-11-23,23950.0,PE,318.05,358.8,318.05,356.4,356.4,11,17370707.25,585,455,2026-09-03
NIFTY,2026-10-06,22450.0,PE,0.0,0.0,0.0,33.7,41.17,0,0.0,0,0,2026-09-03
NIFTY,2026-10-06,22250.0,PE,0.0,0.0,0.0,22.0,26.89,0,0.0,0,0,2026-09-03
NIFTY,2026-09-29,25650.0,PE,0.0,0.0,0.0,1016.85,1693.47,0,0.0,65,0,2026-09-03
NIFTY,2026-09-29,23950.0,PE,190.0,247.8,166.9,232.05,232.05,6426,10087054461.25,135850,-4680,2026-09-03
NIFTY,2026-09-22,25600.0,PE,0.0,0.0,0.0,1396.5,1659.16,0,0.0,0,0,2026-09-03
NIFTY,2026-09-22,24200.0,PE,278.6,362.05,244.75,338.85,338.85,1821,2899883073.75,58890,10595,2026-09-03
NIFTY,2026-09-15,25700.0,PE,0.0,0.0,0.0,1223.4,1777.66,0,0.0,0,0,2026-09-03
NIFTY,2026-09-15,23850.0,PE,109.15,141.8,77.25,127.45,127.45,15708,24460397412.75,160550,-10400,2026-09-03
NIFTY,2026-09-08,23100.0,CE,866.75,960.0,799.1,809.25,809.25,60,93420882.75,5330,650,2026-09-03
NIFTY,2026-09-08,26050.0,CE,0.8,0.85,0.55,0.6,0.6,3771,6385410287.75,103350,1885,2026-09-03
NIFTY,2026-09-15,25300.0,CE,2.85,3.1,2.25,2.65,2.65,7600,12499482352.5,354835,122655,2026-09-03
NIFTY,2026-09-22,22300.0,CE,0.0,0.0,0.0,2006.25,1650.99,0,0.0,0,0,2026-09-03
NIFTY,2026-09-22,24800.0,CE,22.3,24.65,16.15,17.3,17.3,1302,2100499976.25,69485,17160,2026-09-03
NIFTY,2026-09-29,22550.0,CE,0.0,0.0,0.0,1749.2,1453.25,0,0.0,130,0,2026-09-03
NIFTY,2026-09-29,22650.0,CE,0.0,0.0,0.0,1361.2,1362.37,0,0.0,195,0,2026-09-03
NIFTY,2026-09-29,24150.0,CE,212.9,251.45,172.45,183.4,183.4,3929,6222075115.75,193765,6630,2026-09-03
NIFTY,2026-09-29,25300.0,CE,11.85,12.05,10.05,10.6,10.6,6017,9899328660.0,845390,13260,2026-09-03
NIFTY,2026-09-29,30000.0,CE,1.0,1.0,0.7,1.0,1.0,157,306159863.75,303705,2925,2026-09-03
NIFTY,2026-10-06,23700.0,CE,500.0,500.0,500.0,500.0,500.0,1,1573000.0,65,65,2026-09-03
NIFTY,2026-10-06,24100.0,CE,304.1,310.0,258.95,258.95,418.43,42,66554361.25,2145,1430,2026-09-03
NIFTY,2026-10-06,25100.0,CE,0.0,0.0,0.0,163.85,114.61,0,0.0,0,0,2026-09-03
NIFTY,2026-10-27,22500.0,CE,1752.0,1752.0,1619.0,1619.0,1619.0,20,31421767.0,18200,325,2026-09-03
NIFTY,2026-10-27,23850.0,CE,542.75,576.6,510.0,519.6,519.6,12,19024625.75,2470,65,2026-09-03
NIFTY,2026-10-27,24000.0,CE,466.3,517.4,415.95,432.75,432.75,6944,11045959980.25,696085,47775,2026-09-03
NIFTY,2026-10-27,25750.0,CE,21.4,22.9,18.9,19.6,19.6,204,341725429.5,89895,-5590,2026-09-03
NIFTY,2026-10-27,26900.0,CE,6.75,6.75,6.1,6.4,23.45,11,19238085.75,15925,-195,2026-09-03
NIFTY,2026-11-23,22850.0,CE,0.0,0.0,0.0,1992.05,1572.73,0,0.0,0,0,2026-09-03
NIFTY,2026-11-23,25550.0,CE,0.0,0.0,0.0,446.95,261.44,0,0.0,0,0,2026-09-03
NIFTY,2026-12-29,18000.0,CE,0.0,0.0,0.0,6570.45,6245.38,0,0.0,1690,0,2026-09-03
NIFTY,2026-12-29,26000.0,CE,111.6,119.85,100.6,103.8,103.8,6602,11204402482.0,4025755,80340,2026-09-03
NIFTY,2026-12-29,33000.0,CE,3.65,5.05,3.1,4.55,4.55,165,353969362.5,104650,260,2026-09-03
NIFTY,2027-03-30,30000.0,CE,29.25,30.5,28.35,28.95,28.95,128,249842138.0,127985,845,2026-09-03
NIFTY,2030-06-25,28500.0,CE,0.0,0.0,0.0,5382.85,3757.08,0,0.0,0,0,2026-09-03
NIFTY,2029-06-26,31500.0,CE,0.0,0.0,0.0,2878.65,1663.03,0,0.0,0,0,2026-09-03
NIFTY,2029-06-26,24000.0,CE,0.0,0.0,0.0,8085.35,4782.58,0,0.0,0,0,2026-09-03
NIFTY,2027-03-30,25500.0,CE,533.6,543.7,487.25,495.9,495.9,1250,2113645381.25,630370,6045,2026-09-03
NIFTY,2026-12-29,16000.0,CE,0.0,0.0,0.0,8178.15,8203.87,0,0.0,245,0,2026-09-03
NIFTY,2026-10-06,24950.0,PE,0.0,0.0,0.0,949.75,1073.02,0,0.0,0,0,2026-09-03
NIFTY,2026-10-06,25750.0,PE,0.0,0.0,0.0,1608.15,1764.85,0,0.0,0,0,2026-09-03
NIFTY,2026-09-22,22250.0,CE,0.0,0.0,0.0,2053.65,1699.59,0,0.0,0,0,2026-09-03
NIFTY,2027-03-30,31500.0,PE,0.0,0.0,0.0,7066.15,6508.3,0,0.0,0,0,2026-09-03
NIFTY,2027-03-30,25500.0,PE,1090.05,1175.0,1073.0,1162.05,1162.05,244,422064987.5,234975,2145,2026-09-03
NIFTY,2026-11-23,22550.0,PE,0.0,0.0,0.0,121.55,160.62,0,0.0,0,0,2026-09-03
NIFTY,2026-10-27,26200.0,PE,0.0,0.0,0.0,2040.5,2138.11,0,0.0,0,0,2026-09-03
NIFTY,2026-10-27,24100.0,PE,315.5,383.45,293.9,366.5,366.5,1424,2261301542.5,150215,38740,2026-09-03
NIFTY,2026-10-27,22500.0,PE,40.9,44.25,34.55,41.75,41.75,5044,7389243897.75,829400,-18070,2026-09-03
NIFTY,2026-09-29,26550.0,PE,0.0,0.0,0.0,2431.75,2566.77,0,0.0,0,0,2026-09-03
NIFTY,2026-09-29,26100.0,PE,0.0,0.0,0.0,1712.15,2125.08,0,0.0,9360,0,2026-09-03
NIFTY,2026-09-29,25800.0,PE,0.0,0.0,0.0,1684.1,1835.67,0,0.0,20540,0,2026-09-03
NIFTY,2026-09-29,22150.0,PE,12.0,12.0,12.0,12.0,12.38,2,2881060.0,38090,65,2026-09-03
NIFTY,2026-09-08,25550.0,PE,0.0,0.0,0.0,1495.0,1655.65,0,0.0,455,0,2026-09-03
NIFTY,2030-06-25,30000.0,PE,0.0,0.0,0.0,2100.85,2712.71,0,0.0,0,0,2026-09-03
NIFTY,2030-12-31,18000.0,PE,0.0,0.0,0.0,32.3,111.43,0,0.0,0,0,2026-09-03
NIFTY,2031-06-24,22500.0,PE,0.0,0.0,0.0,663.6,514.3,0,0.0,0,0,2026-09-03
NIFTY,2028-12-26,24000.0,CE,0.0,0.0,0.0,4350.0,4147.58,0,0.0,1235,0,2026-09-03
NIFTY,2026-12-29,19000.0,CE,5250.0,5250.0,5229.15,5242.35,5242.35,9,14183260.0,57035,325,2026-09-03
NIFTY,2026-11-23,25250.0,CE,0.0,0.0,0.0,550.35,335.77,0,0.0,0,0,2026-09-03
NIFTY,2026-11-23,23100.0,CE,0.0,0.0,0.0,1793.9,1389.62,0,0.0,0,0,2026-09-03
NIFTY,2026-11-23,23000.0,CE,1391.3,1434.85,1285.1,1316.75,1316.75,24,37992594.25,6435,390,2026-09-03
NIFTY,2026-11-23,22900.0,CE,0.0,0.0,0.0,1951.7,1535.07,0,0.0,0,0,2026-09-03
NIFTY,2026-10-27,26450.0,CE,0.0,0.0,0.0,178.65,44.72,0,0.0,0,0,2026-09-03
NIFTY,2026-09-08,23250.0,CE,0.0,0.0,0.0,1568.45,656.94,0,0.0,0,0,2026-09-03
NIFTY,2026-09-08,24800.0,CE,2.4,2.8,1.8,2.05,2.05,547672,882925278426.75,7761845,1747395,2026-09-03
NIFTY,2026-09-08,25350.0,CE,1.2,1.45,0.8,1.05,1.05,14357,23657740785.25,327990,53170,2026-09-03
NIFTY,2026-09-08,25750.0,CE,1.0,1.15,0.6,0.75,0.75,4269,7145456171.75,173225,-6370,2026-09-03
NIFTY,2026-09-15,23650.0,CE,445.25,476.0,344.75,361.65,361.65,231,361257152.75,13130,-780,2026-09-03
NIFTY,2026-09-29,23050.0,CE,0.0,0.0,0.0,1151.0,1018.61,0,0.0,260,0,2026-09-03
NIFTY,2026-09-29,23250.0,CE,826.25,826.25,826.25,826.25,826.25,1,1564956.25,390,-65,2026-09-03
NIFTY,2026-10-27,23600.0,CE,762.9,793.65,680.0,697.4,697.4,55,87010859.0,5525,-845,2026-09-03
NIFTY,2027-03-30,33000.0,PE,0.0,0.0,0.0,8415.45,7934.73,0,0.0,0,0,2026-09-03
NIFTY,2027-06-29,21000.0,PE,140.0,140.0,116.25,132.1,132.1,45,61797095.75,10690,1560,2026-09-03
NIFTY,2028-06-27,22000.0,PE,0.0,0.0,0.0,375.05,446.51,0,0.0,2015,0,2026-09-03
NIFTY,2031-06-24,33000.0,PE,0.0,0.0,0.0,3810.15,3478.79,0,0.0,0,0,2026-09-03
NIFTY,2031-06-24,16500.0,PE,0.0,0.0,0.0,95.65,58.76,0,0.0,0,0,2026-09-03
NIFTY,2028-12-26,33000.0,PE,0.0,0.0,0.0,3315.4,5400.61,0,0.0,0,0,2026-09-03
NIFTY,2028-06-27,19500.0,PE,0.0,0.0,0.0,40.05,133.57,0,0.0,0,0,2026-09-03
NIFTY,2027-12-28,20000.0,PE,169.95,170.0,165.0,169.5,169.5,20,26218071.75,55930,325,2026-09-03
NIFTY,2027-06-29,19000.0,PE,0.0,0.0,0.0,195.0,29.94,0,0.0,1135,0,2026-09-03
NIFTY,2027-03-30,28500.0,PE,0.0,0.0,0.0,2937.15,3778.58,0,0.0,65,0,2026-09-03
NIFTY,2027-03-30,18000.0,PE,23.55,27.3,23.55,26.5,26.5,8,9373763.75,715,0,2026-09-03
NIFTY,2027-03-30,16500.0,PE,0.0,0.0,0.0,20.25,0.24,0,0.0,1560,0,2026-09-03
NIFTY,2026-11-23,22200.0,PE,0.0,0.0,0.0,80.75,106.7,0,0.0,0,0,2026-09-03
NIFTY,2026-10-27,26950.0,PE,0.0,0.0,0.0,2675.85,2839.99,0,0.0,0,0,2026-09-03
NIFTY,2026-10-27,26850.0,PE,0.0,0.0,0.0,2588.1,2744.45,0,0.0,0,0,2026-09-03
NIFTY,2026-10-27,26600.0,PE,0.0,0.0,0.0,2372.55,2507.85,0,0.0,0,0,2026-09-03
NIFTY,2026-10-27,25900.0,PE,0.0,0.0,0.0,1231.5,1870.42,0,0.0,65,0,2026-09-03
NIFTY,2026-10-27,22600.0,PE,42.05,51.7,39.0,50.55,50.55,126,185436771.0,44720,-1885,2026-09-03
NIFTY,2026-10-27,22450.0,PE,0.0,0.0,0.0,43.05,87.91,0,0.0,845,0,2026-09-03
NIFTY,2026-10-06,25550.0,PE,0.0,0.0,0.0,1432.35,1582.43,0,0.0,0,0,2026-09-03
NIFTY,2026-09-29,27200.0,PE,0.0,0.0,0.0,3004.3,3211.43,0,0.0,0,0,2026-09-03
NIFTY,2026-09-29,26850.0,PE,0.0,0.0,0.0,2691.9,2863.79,0,0.0,0,0,2026-09-03
NIFTY,2026-09-29,25000.0,PE,911.05,1043.75,865.0,1015.85,1015.85,2552,4302298126.75,2265245,-4305,2026-09-03
NIFTY,2026-09-29,24650.0,PE,587.9,599.6,573.85,594.95,834.04,6,9844601.0,42705,-325,2026-09-03
NIFTY,2026-09-29,24050.0,PE,271.1,301.5,202.9,284.7,284.7,4876,7702782256.0,197925,49855,2026-09-03
NIFTY,2026-09-29,22350.0,PE,14.9,14.9,14.2,14.5,14.5,5,7268459.25,19110,65,2026-09-03
NIFTY,2026-09-29,21900.0,PE,8.75,10.95,8.75,10.65,10.65,647,921437123.75,166075,455,2026-09-03
NIFTY,2026-09-22,22650.0,PE,14.15,14.15,12.9,12.9,23.7,4,5892516.5,2665,130,2026-09-03
NIFTY,2026-09-15,25250.0,PE,0.0,0.0,0.0,885.25,1335.7,0,0.0,0,0,2026-09-03
NIFTY,2026-09-08,22500.0,PE,1.75,2.15,1.25,1.45,1.45,329317,481660350115.75,8975330,4155775,2026-09-03
NIFTY,2031-06-24,30000.0,CE,0.0,0.0,0.0,4459.9,4254.81,0,0.0,0,0,2026-09-03
NIFTY,2029-12-24,21000.0,CE,0.0,0.0,0.0,9463.95,7286.1,0,0.0,0,0,2026-09-03
NIFTY,2027-12-28,24000.0,CE,2539.95,2630.15,2415.0,2425.2,2425.2,511,878371984.75,59540,18330,2026-09-03
NIFTY,2026-12-29,22000.0,CE,2456.5,2534.4,2380.35,2397.8,2397.8,75,119239373.5,268905,-1105,2026-09-03
NIFTY,2026-11-23,24900.0,CE,0.0,0.0,0.0,691.9,442.7,0,0.0,0,0,2026-09-03
NIFTY,2026-10-27,27200.0,CE,5.95,6.2,5.4,5.45,5.45,56,99028569.25,5070,2080,2026-09-03
NIFTY,2026-10-27,23950.0,CE,514.1,544.6,405.2,461.55,461.55,81,128713965.25,5070,1950,2026-09-03
NIFTY,2026-10-27,23300.0,CE,956.0,956.0,915.35,919.6,919.6,14,22052520.75,2080,65,2026-09-03
NIFTY,2026-10-27,23000.0,CE,1249.95,1300.25,1164.85,1183.0,1183.0,757,1193575103.5,68900,5395,2026-09-03
NIFTY,2026-10-27,22900.0,CE,0.0,0.0,0.0,1691.95,1356.34,0,0.0,0,0,2026-09-03
NIFTY,2026-10-27,22300.0,CE,0.0,0.0,0.0,2165.6,1857.28,0,0.0,0,0,2026-09-03
NIFTY,2026-10-06,23750.0,CE,0.0,0.0,0.0,727.55,599.89,0,0.0,0,0,2026-09-03
NIFTY,2026-09-29,26300.0,CE,3.0,3.65,2.75,3.05,3.05,149,254745452.0,173355,-1365,2026-09-03
NIFTY,2026-09-22,23250.0,CE,0.0,0.0,0.0,735.0,797.77,0,0.0,65,0,2026-09-03
NIFTY,2026-09-15,25200.0,CE,3.4,3.6,2.9,3.25,3.25,8362,13698738147.25,298610,71695,2026-09-03
NIFTY,2026-09-08,26350.0,CE,0.65,0.75,0.45,0.5,0.5,8195,14036291802.0,212290,-21320,2026-09-03
NIFTY,2026-09-08,25100.0,CE,1.45,1.85,1.15,1.35,1.35,202056,329673045055.25,4114630,1420575,2026-09-03
NIFTY,2026-09-15,24950.0,CE,5.6,5.85,4.25,4.75,4.75,4130,6699175509.0,96395,70070,2026-09-03
NIFTY,2026-10-06,23900.0,PE,0.0,0.0,0.0,342.45,403.32,0,0.0,0,0,2026-09-03
NIFTY,2026-10-06,22400.0,PE,0.0,0.0,0.0,30.4,37.12,0,0.0,0,0,2026-09-03
NIFTY,2026-09-29,26200.0,PE,0.0,0.0,0.0,2226.35,2222.63,0,0.0,37960,0,2026-09-03
NIFTY,2026-09-22,24800.0,PE,798.4,798.4,798.4,798.4,930.08,1,1663896.0,65,65,2026-09-03
NIFTY,2026-09-22,24450.0,PE,0.0,0.0,0.0,522.4,657.38,0,0.0,1235,0,2026-09-03
NIFTY,2026-09-22,23750.0,PE,99.25,140.0,86.0,127.75,127.75,362,561366282.75,9945,-260,2026-09-03
NIFTY,2026-09-15,25850.0,PE,0.0,0.0,0.0,1345.95,1926.63,0,0.0,0,0,2026-09-03
NIFTY,2026-09-15,22500.0,PE,5.8,6.15,4.55,4.9,4.9,19566,28622049852.5,948870,42445,2026-09-03
NIFTY,2026-09-08,25300.0,PE,1337.1,1377.7,1337.1,1358.6,1358.6,4,6931232.75,3575,195,2026-09-03
NIFTY,2030-12-31,25500.0,CE,0.0,0.0,0.0,7639.65,5744.2,0,0.0,0,0,2026-09-03
NIFTY,2027-12-28,16500.0,CE,0.0,0.0,0.0,11316.4,8737.57,0,0.0,0,0,2026-09-03
NIFTY,2027-03-30,28500.0,CE,55.05,58.7,52.8,53.55,53.55,200,371214548.25,173810,2210,2026-09-03
NIFTY,2026-11-23,23600.0,CE,0.0,0.0,0.0,1427.05,1057.38,0,0.0,0,0,2026-09-03
NIFTY,2026-11-23,22600.0,CE,0.0,0.0,0.0,2198.8,1767.37,0,0.0,0,0,2026-09-03
NIFTY,2026-11-23,22500.0,CE,0.0,0.0,0.0,2283.7,1848.02,0,0.0,0,0,2026-09-03
NIFTY,2026-11-23,22350.0,CE,0.0,0.0,0.0,2413.25,1971.75,0,0.0,0,0,2026-09-03
NIFTY,2026-10-27,27050.0,CE,6.5,6.5,5.05,6.3,6.3,13,22862524.75,2080,0,2026-09-03
NIFTY,2026-10-27,24900.0,CE,111.8,119.65,88.05,94.65,94.65,1651,2683439635.5,178945,5980,2026-09-03
NIFTY,2026-10-27,24700.0,CE,168.25,176.85,133.8,141.1,141.1,2381,3846515052.25,242450,-11440,2026-09-03
NIFTY,2026-10-06,24950.0,CE,0.0,0.0,0.0,199.6,142.89,0,0.0,0,0,2026-09-03
NIFTY,2026-10-06,24200.0,CE,0.0,0.0,0.0,475.6,374.3,0,0.0,0,0,2026-09-03
NIFTY,2026-09-29,25800.0,CE,4.75,7.2,4.75,5.7,5.7,2394,4015617424.0,356330,-23725,2026-09-03
NIFTY,2026-09-22,25400.0,CE,6.95,6.95,4.95,6.0,6.0,105,173394715.0,7345,3575,2026-09-03
NIFTY,2026-09-22,24550.0,CE,49.45,57.5,36.9,38.05,38.05,285,455615556.5,61360,2925,2026-09-03
NIFTY,2026-09-15,24750.0,CE,11.85,11.9,6.25,7.05,7.05,24620,39619546323.5,878800,838760,2026-09-03
NIFTY,2026-09-15,24700.0,CE,12.6,13.15,7.5,8.6,8.6,40056,64336145536.0,927875,134745,2026-09-03
NIFTY,2026-09-15,23550.0,CE,557.95,570.8,419.75,438.75,438.75,155,242253742.25,4615,1235,2026-09-03
NIFTY,2026-10-27,22700.0,PE,43.9,56.65,43.25,53.6,53.6,807,1193247298.75,108095,-10725,2026-09-03
NIFTY,2027-12-28,24000.0,PE,680.1,689.6,652.05,667.85,667.85,842,1350018806.5,201860,25805,2026-09-03
NIFTY,2027-06-29,30000.0,PE,0.0,0.0,0.0,4000.0,4778.03,0,0.0,455,0,2026-09-03
NIFTY,2026-12-29,25000.0,PE,914.95,920.0,809.95,903.7,903.7,1651,2775555396.25,2021845,-9025,2026-09-03
NIFTY,2026-11-23,22300.0,PE,0.0,0.0,0.0,91.1,120.39,0,0.0,0,0,2026-09-03
NIFTY,2026-10-27,24150.0,PE,331.35,397.5,313.2,385.2,385.2,125,199064450.0,24050,-845,2026-09-03
NIFTY,2031-06-24,25500.0,PE,0.0,0.0,0.0,1262.85,1046.93,0,0.0,0,0,2026-09-03
NIFTY,2026-10-27,23200.0,PE,108.5,115.1,84.25,105.25,105.25,661,1000816014.25,67535,9295,2026-09-03
NIFTY,2026-09-15,24100.0,PE,202.5,275.0,163.7,251.4,251.4,26066,41179904051.0,578825,85540,2026-09-03
NIFTY,2031-06-24,27000.0,PE,0.0,0.0,0.0,1653.15,1406.41,0,0.0,0,0,2026-09-03
NIFTY,2030-12-31,22500.0,PE,0.0,0.0,0.0,219.35,532.37,0,0.0,0,0,2026-09-03
NIFTY,2030-12-31,19500.0,PE,0.0,0.0,0.0,67.4,203.15,0,0.0,0,0,2026-09-03
NIFTY,2029-12-24,25000.0,PE,0.0,0.0,0.0,1002.05,1108.21,0,0.0,1200,0,2026-09-03
NIFTY,2028-12-26,24000.0,PE,770.0,770.0,770.0,770.0,916.44,1,1610050.0,5005,65,2026-09-03
NIFTY,2026-12-29,28500.0,PE,0.0,0.0,0.0,3320.25,4078.74,0,0.0,130,0,2026-09-03
NIFTY,2026-10-27,27200.0,PE,0.0,0.0,0.0,2898.55,3080.68,0,0.0,0,0,2026-09-03
NIFTY,2027-06-29,16500.0,CE,0.0,0.0,0.0,10867.2,8231.77,0,0.0,0,0,2026-09-03
NIFTY,2027-06-29,30000.0,CE,0.0,0.0,0.0,1478.4,209.43,0,0.0,0,0,2026-09-03
NIFTY,2030-06-25,31500.0,CE,0.0,0.0,0.0,3984.8,2672.27,0,0.0,0,0,2026-09-03
NIFTY,2030-12-31,33000.0,CE,0.0,0.0,0.0,3948.25,2743.45,0,0.0,0,0,2026-09-03
NIFTY,2031-06-24,16500.0,CE,0.0,0.0,0.0,11849.25,11866.76,0,0.0,0,0,2026-09-03
NIFTY,2026-09-08,22650.0,PE,2.1,2.5,1.3,1.5,1.5,38321,56422849866.5,401375,213590,2026-09-03
NIFTY,2026-09-08,25000.0,PE,1000.0,1106.95,934.0,1098.75,1098.75,416,703253092.75,210860,-6695,2026-09-03
NIFTY,2026-09-08,25750.0,PE,0.0,0.0,0.0,1155.15,1855.47,0,0.0,0,0,2026-09-03
NIFTY,2026-09-15,22150.0,PE,3.7,4.75,3.7,4.2,4.2,14391,20723358262.75,661440,661440,2026-09-03
NIFTY,2030-06-25,16500.0,PE,0.0,0.0,0.0,12.0,49.8,0,0.0,0,0,2026-09-03
NIFTY,2028-12-26,20000.0,PE,275.0,275.0,275.0,275.0,204.63,1,1317875.0,3940,0,2026-09-03
NIFTY,2028-06-27,18000.0,PE,0.0,0.0,0.0,396.75,52.51,0,0.0,0,0,2026-09-03
NIFTY,2026-11-23,23000.0,PE,131.55,134.6,104.05,126.6,126.6,2395,3598087223.25,311350,12480,2026-09-03
NIFTY,2026-11-23,22600.0,PE,0.0,0.0,0.0,128.5,169.77,0,0.0,0,0,2026-09-03
NIFTY,2026-10-27,26050.0,PE,0.0,0.0,0.0,1920.65,2003.06,0,0.0,0,0,2026-09-03
NIFTY,2026-10-27,25550.0,PE,0.0,0.0,0.0,1144.0,1572.05,0,0.0,130,0,2026-09-03
NIFTY,2026-10-27,24750.0,PE,0.0,0.0,0.0,546.9,968.41,0,0.0,1235,0,2026-09-03
NIFTY,2026-10-27,22150.0,PE,0.0,0.0,0.0,123.6,55.29,0,0.0,0,0,2026-09-03
NIFTY,2026-09-08,22650.0,CE,0.0,0.0,0.0,2118.35,1242.28,0,0.0,0,0,2026-09-03
NIFTY,2026-09-08,23650.0,CE,343.45,432.9,267.6,298.35,298.35,17337,27040221403.0,127790,12740,2026-09-03
NIFTY,2026-09-08,25900.0,CE,1.05,1.15,0.55,0.65,0.65,16451,27695945231.5,690300,-27885,2026-09-03
NIFTY,2026-09-15,23300.0,CE,749.4,750.7,653.0,666.9,666.9,14,21836893.0,650,130,2026-09-03
NIFTY,2026-09-22,22600.0,CE,0.0,0.0,0.0,1727.05,1364.27,0,0.0,0,0,2026-09-03
NIFTY,2026-09-22,23800.0,CE,355.0,420.0,301.1,315.35,315.35,903,1418452649.25,24895,2405,2026-09-03
NIFTY,2026-09-29,23350.0,CE,828.2,828.2,820.65,820.65,787.9,2,3142675.25,520,65,2026-09-03
NIFTY,2026-09-29,24400.0,CE,115.05,139.9,92.0,98.0,98.0,20411,32523168470.0,2994550,-39455,2026-09-03
NIFTY,2026-09-29,24700.0,CE,50.35,60.8,40.4,43.45,43.45,44449,71513335045.75,1520675,129285,2026-09-03
NIFTY,2026-09-29,25000.0,CE,25.05,25.8,19.3,20.45,20.45,39338,63981818156.75,6782555,45045,2026-09-03
NIFTY,2026-10-06,23500.0,CE,0.0,0.0,0.0,895.3,754.83,0,0.0,0,0,2026-09-03
NIFTY,2026-10-06,23850.0,CE,0.0,0.0,0.0,665.9,543.79,0,0.0,0,0,2026-09-03
NIFTY,2026-10-27,25450.0,CE,38.3,39.35,32.95,37.1,37.1,136,225297276.75,4745,390,2026-09-03
NIFTY,2026-10-27,25800.0,CE,19.0,24.2,16.35,18.15,18.15,255,427947286.0,44590,5590,2026-09-03
NIFTY,2026-10-27,26050.0,CE,0.0,0.0,0.0,247.25,76.2,0,0.0,0,0,2026-09-03
NIFTY,2026-11-23,23950.0,CE,660.0,666.6,644.8,644.8,856.46,10,15994351.75,390,390,2026-09-03
NIFTY,2026-11-23,24350.0,CE,451.65,457.45,417.65,417.65,659.05,18,29007485.0,1885,845,2026-09-03
NIFTY,2026-11-23,26000.0,CE,42.0,43.7,37.05,38.3,38.3,1487,2516926558.25,183755,19825,2026-09-03
NIFTY,2028-12-26,22500.0,CE,0.0,0.0,0.0,7382.9,5085.26,0,0.0,0,0,2026-09-03
NIFTY,2028-12-26,28000.0,CE,1910.0,1910.0,1901.0,1901.0,1901.0,6,11662943.5,9305,130,2026-09-03
NIFTY,2029-06-26,25500.0,CE,0.0,0.0,0.0,5917.35,3956.86,0,0.0,0,0,2026-09-03
NIFTY,2030-06-25,18000.0,CE,0.0,0.0,0.0,12423.9,9933.84,0,0.0,0,0,2026-09-03
NIFTY,2026-09-15,22800.0,PE,6.25,8.0,5.75,6.7,6.7,7721,11445982288.0,203515,33670,2026-09-03
NIFTY,2026-09-15,24650.0,PE,665.0,694.1,665.0,694.1,783.27,14,23041486.0,3250,-585,2026-09-03
NIFTY,2026-09-22,23100.0,PE,0.0,0.0,0.0,101.35,73.64,0,0.0,0,0,2026-09-03
NIFTY,2026-09-22,23250.0,PE,39.8,41.55,26.9,36.95,36.95,396,599290783.0,25285,-4095,2026-09-03
NIFTY,2026-09-22,24600.0,PE,0.0,0.0,0.0,693.5,769.42,0,0.0,130,0,2026-09-03
NIFTY,2026-09-29,25100.0,PE,1075.0,1102.95,1058.0,1102.95,1102.95,22,37420883.5,98995,1170,2026-09-03
NIFTY,2026-09-29,26450.0,PE,0.0,0.0,0.0,2346.8,2468.11,0,0.0,0,0,2026-09-03
NIFTY,2026-09-29,31500.0,PE,0.0,0.0,0.0,4341.2,7492.65,0,0.0,0,0,2026-09-03
NIFTY,2026-10-06,22350.0,PE,0.0,0.0,0.0,27.35,33.4,0,0.0,0,0,2026-09-03
NIFTY,2026-10-06,25500.0,PE,0.0,0.0,0.0,1389.4,1537.63,0,0.0,0,0,2026-09-03
NIFTY,2026-10-27,27150.0,PE,0.0,0.0,0.0,2853.65,3032.36,0,0.0,0,0,2026-09-03
NIFTY,2026-11-23,22650.0,PE,0.0,0.0,0.0,135.8,179.31,0,0.0,0,0,2026-09-03
NIFTY,2026-11-23,25900.0,PE,0.0,0.0,0.0,1526.4,1846.86,0,0.0,0,0,2026-09-03
NIFTY,2026-11-23,25000.0,PE,831.4,939.05,809.8,924.1,924.1,298,501022830.75,64220,10075,2026-09-03
NIFTY,2028-06-27,25500.0,PE,0.0,0.0,0.0,667.45,1450.84,0,0.0,0,0,2026-09-03
NIFTY,2027-12-28,27000.0,PE,1772.3,1814.0,1762.0,1804.85,1804.85,20,37440100.75,49360,-130,2026-09-03
NIFTY,2026-12-29,23000.0,PE,180.0,198.0,159.1,184.75,184.75,5316,8006873520.75,2949670,-795,2026-09-03
NIFTY,2026-11-23,25550.0,PE,0.0,0.0,0.0,1282.8,1571.52,0,0.0,0,0,2026-09-03
NIFTY,2026-11-23,25250.0,PE,0.0,0.0,0.0,1090.7,1350.15,0,0.0,0,0,2026-09-03
NIFTY,2026-11-23,22450.0,PE,0.0,0.0,0.0,108.55,143.45,0,0.0,0,0,2026-09-03
NIFTY,2026-10-27,24900.0,PE,814.45,873.85,814.45,873.85,873.85,5,8366462.0,76505,-65,2026-09-03
NIFTY,2026-10-27,24600.0,PE,577.0,674.45,542.2,655.7,655.7,200,327641489.5,99320,1040,2026-09-03
NIFTY,2026-10-27,24500.0,PE,551.0,605.0,484.65,587.15,587.15,2359,3837736539.0,620425,-5590,2026-09-03
NIFTY,2026-10-27,22400.0,PE,38.0,38.3,28.55,34.0,34.0,178,259552978.75,42770,3770,2026-09-03
NIFTY,2026-10-06,24200.0,PE,0.0,0.0,0.0,480.05,558.83,0,0.0,0,0,2026-09-03
NIFTY,2026-10-06,23950.0,PE,209.0,235.0,189.0,232.9,427.11,23,36133379.75,520,390,2026-09-03
NIFTY,2026-09-29,25700.0,PE,1481.5,1561.45,1481.5,1561.45,1740.64,8,14155167.0,12025,65,2026-09-03
NIFTY,2026-09-29,24950.0,PE,885.55,992.1,885.55,942.55,1069.45,3,5048563.0,4940,0,2026-09-03
NIFTY,2026-09-29,21600.0,PE,7.75,8.45,7.55,8.0,8.0,981,1377838059.0,241215,3250,2026-09-03
NIFTY,2026-10-27,22800.0,CE,0.0,0.0,0.0,1767.2,1435.42,0,0.0,0,0,2026-09-03
NIFTY,2026-09-22,24750.0,PE,0.0,0.0,0.0,752.65,888.8,0,0.0,0,0,2026-09-03
NIFTY,2026-09-22,23350.0,PE,0.0,0.0,0.0,149.8,125.21,0,0.0,0,0,2026-09-03
NIFTY,2026-09-22,22150.0,PE,0.0,0.0,0.0,16.05,4.97,0,0.0,0,0,2026-09-03
NIFTY,2026-09-15,25350.0,PE,0.0,0.0,0.0,956.1,1432.89,0,0.0,0,0,2026-09-03
NIFTY,2026-09-15,24950.0,PE,0.0,0.0,0.0,689.2,1050.88,0,0.0,0,0,2026-09-03
NIFTY,2026-09-15,23000.0,PE,13.35,13.35,8.7,9.7,9.7,33688,50384679813.0,775905,204815,2026-09-03
NIFTY,2026-09-08,25450.0,PE,1480.0,1493.35,1480.0,1493.35,1555.76,2,3501767.75,650,0,2026-09-03
NIFTY,2026-09-08,24950.0,PE,896.6,1002.0,896.6,1000.1,1057.77,13,21897138.25,1235,65,2026-09-03
NIFTY,2026-09-08,23500.0,PE,14.95,15.9,8.0,10.55,10.55,1072636,1639154929129.25,10544950,2746965,2026-09-03
NIFTY,2026-09-08,22350.0,PE,1.55,1.95,1.05,1.2,1.2,44647,64865302466.25,2500095,-234000,2026-09-03
NIFTY,2027-12-28,18000.0,CE,0.0,0.0,0.0,6285.7,7384.28,0,0.0,0,0,2026-09-03
NIFTY,2027-06-29,27000.0,CE,360.0,387.0,360.0,385.0,730.0,5,8897135.0,1495,260,2026-09-03
NIFTY,2027-03-30,21000.0,CE,3711.0,3711.0,3711.0,3711.0,3743.49,1,1606215.0,6695,0,2026-09-03
NIFTY,2026-12-29,25000.0,CE,341.0,366.45,315.55,324.55,324.55,5776,9515260800.5,2569615,7605,2026-09-03
NIFTY,2026-11-23,24850.0,CE,0.0,0.0,0.0,714.05,459.85,0,0.0,0,0,2026-09-03
NIFTY,2026-10-27,25550.0,CE,0.0,0.0,0.0,361.35,140.4,0,0.0,0,0,2026-09-03
NIFTY,2026-10-27,25250.0,CE,0.0,0.0,0.0,447.85,196.78,0,0.0,0,0,2026-09-03
NIFTY,2026-09-08,22400.0,CE,0.0,0.0,0.0,2357.75,1491.82,0,0.0,0,0,2026-09-03
NIFTY,2026-09-08,22750.0,CE,0.0,0.0,0.0,2023.95,1142.7,0,0.0,0,0,2026-09-03
NIFTY,2026-09-08,24050.0,CE,100.0,118.9,44.0,56.05,56.05,1700258,2667031862771.25,7792135,3866915,2026-09-03
NIFTY,2026-09-08,25150.0,CE,1.55,1.75,1.0,1.3,1.3,43513,71136647026.25,610740,151125,2026-09-03
NIFTY,2026-09-15,22750.0,CE,0.0,0.0,0.0,1886.5,1179.81,0,0.0,0,0,2026-09-03
NIFTY,2026-09-15,24000.0,CE,187.0,220.0,129.6,143.2,143.2,103569,162751952047.75,1710215,689130,2026-09-03
NIFTY,2026-09-15,25250.0,CE,3.55,4.9,2.15,3.1,3.1,875,1436267270.75,22035,17160,2026-09-03
NIFTY,2026-09-22,23750.0,CE,420.0,457.35,339.0,349.55,349.55,97,152118011.5,3965,1690,2026-09-03
NIFTY,2026-09-29,25450.0,CE,8.8,9.35,8.4,9.0,9.0,834,1380128093.5,82485,17810,2026-09-03
NIFTY,2026-09-29,26850.0,CE,2.9,2.9,2.15,2.4,2.4,7,12217871.25,4875,-65,2026-09-03
NIFTY,2026-09-29,28500.0,CE,1.1,1.1,0.8,0.9,0.9,737,1365333479.25,564785,-1235,2026-09-03
NIFTY,2026-10-06,22600.0,CE,0.0,0.0,0.0,1631.85,1461.64,0,0.0,0,0,2026-09-03
NIFTY,2026-10-27,24150.0,CE,401.95,424.35,336.35,347.05,347.05,742,1182263270.5,71045,30810,2026-09-03
NIFTY,2026-10-06,25000.0,CE,0.0,0.0,0.0,188.1,132.9,0,0.0,0,0,2026-09-03
NIFTY,2026-09-08,23500.0,CE,488.8,576.0,400.0,437.5,437.5,29048,45276877304.75,324350,-63375,2026-09-03
NIFTY,2026-09-08,24400.0,CE,10.0,13.0,6.0,7.0,7.0,709710,1126023611875.5,7911475,1983280,2026-09-03
NIFTY,2026-09-08,26100.0,CE,0.9,0.9,0.55,0.6,0.6,7702,13066771058.25,161590,41275,2026-09-03
NIFTY,2026-09-15,22550.0,CE,0.0,0.0,0.0,2074.25,1373.05,0,0.0,0,0,2026-09-03
NIFTY,2026-09-15,25850.0,CE,0.0,0.0,0.0,1.5,0.85,0,0.0,2665,0,2026-09-03
NIFTY,2026-09-22,25950.0,CE,0.0,0.0,0.0,3.9,4.52,0,0.0,650,0,2026-09-03
NIFTY,2026-09-29,16500.0,CE,0.0,0.0,0.0,10168.85,7443.59,0,0.0,0,0,2026-09-03
NIFTY,2026-09-29,25050.0,CE,19.5,22.15,16.95,17.7,17.7,1931,3146590434.0,266500,2860,2026-09-03
NIFTY,2026-09-29,25100.0,CE,19.0,19.35,14.9,15.65,15.65,6680,10905847871.75,644085,-51870,2026-09-03
NIFTY,2026-10-06,23350.0,CE,0.0,0.0,0.0,1005.0,857.48,0,0.0,0,0,2026-09-03
NIFTY,2026-10-06,24650.0,CE,0.0,0.0,0.0,289.65,215.74,0,0.0,0,0,2026-09-03
NIFTY,2026-10-06,25800.0,CE,23.1,23.1,6.0,7.4,7.4,51,85550848.5,1690,1690,2026-09-03
NIFTY,2026-10-27,22450.0,CE,0.0,0.0,0.0,2042.45,1726.54,0,0.0,0,0,2026-09-03
NIFTY,2026-10-27,22950.0,CE,0.0,0.0,0.0,1654.95,1317.56,0,0.0,0,0,2026-09-03
NIFTY,2026-10-27,23250.0,CE,0.0,0.0,0.0,1441.3,1095.95,0,0.0,0,0,2026-09-03
NIFTY,2026-10-27,26550.0,CE,0.0,0.0,0.0,164.25,38.91,0,0.0,0,0,2026-09-03
NIFTY,2026-11-23,24050.0,CE,649.4,649.4,629.85,629.85,803.9,2,3209651.25,195,65,2026-09-03
NIFTY,2026-11-23,24750.0,CE,276.95,282.75,235.2,235.35,235.35,45,73140837.25,14040,1625,2026-09-03
NIFTY,2027-03-30,19500.0,CE,0.0,0.0,0.0,4365.4,5106.72,0,0.0,0,0,2026-09-03
NIFTY,2027-06-29,33000.0,CE,0.0,0.0,0.0,1122.75,48.25,0,0.0,0,0,2026-09-03
NIFTY,2027-12-28,22500.0,CE,0.0,0.0,0.0,6183.0,3724.27,0,0.0,0,0,2026-09-03
NIFTY,2027-12-28,25500.0,CE,0.0,0.0,0.0,2400.0,1977.94,0,0.0,0,0,2026-09-03
NIFTY,2029-12-24,27000.0,CE,0.0,0.0,0.0,6201.65,3829.55,0,0.0,0,0,2026-09-03
NIFTY,2030-12-31,21000.0,CE,0.0,0.0,0.0,10552.5,8370.97,0,0.0,0,0,2026-09-03
NIFTY,2031-06-24,31500.0,CE,0.0,0.0,0.0,3928.35,3708.51,0,0.0,0,0,2026-09-03
NIFTY,2026-09-08,23800.0,PE,49.0,71.3,30.35,57.9,57.9,2054631,3184774526901.5,7156175,-670085,2026-09-03
NIFTY,2026-09-08,26300.0,PE,0.0,0.0,0.0,2380.0,2405.01,0,0.0,2275,0,2026-09-03
NIFTY,2026-09-15,25600.0,PE,0.0,0.0,0.0,1144.25,1678.65,0,0.0,0,0,2026-09-03
NIFTY,2026-09-15,25900.0,PE,0.0,0.0,0.0,1387.75,1976.36,0,0.0,0,0,2026-09-03
NIFTY,2026-09-22,23850.0,PE,129.1,176.05,110.55,164.65,164.65,510,795431373.75,13910,9165,2026-09-03
NIFTY,2026-09-22,25200.0,PE,0.0,0.0,0.0,1072.35,1281.66,0,0.0,0,0,2026-09-03
NIFTY,2026-09-29,22250.0,PE,12.1,13.4,12.1,13.4,13.4,44,63671640.5,25480,585,2026-09-03
NIFTY,2026-09-29,24150.0,PE,288.05,350.0,245.5,334.0,334.0,1661,2638388428.0,210600,-11505,2026-09-03
NIFTY,2026-09-29,26650.0,PE,0.0,0.0,0.0,2517.6,2665.63,0,0.0,0,0,2026-09-03
NIFTY,2026-10-06,24250.0,PE,0.0,0.0,0.0,505.9,587.73,0,0.0,0,0,2026-09-03
NIFTY,2026-10-06,24300.0,PE,0.0,0.0,0.0,532.55,617.45,0,0.0,0,0,2026-09-03
NIFTY,2026-10-27,24250.0,PE,377.15,455.55,356.75,440.8,440.8,84,134495897.25,17745,325,2026-09-03
NIFTY,2026-10-27,24350.0,PE,426.5,481.9,411.4,481.9,719.59,8,12888752.5,16705,-65,2026-09-03
NIFTY,2026-10-27,25750.0,PE,0.0,0.0,0.0,1149.95,1740.49,0,0.0,260,0,2026-09-03
NIFTY,2026-10-27,26450.0,PE,0.0,0.0,0.0,2246.05,2367.75,0,0.0,0,0,2026-09-03
NIFTY,2026-11-23,25200.0,PE,0.0,0.0,0.0,1060.25,1314.79,0,0.0,0,0,2026-09-03
NIFTY,2026-11-23,25650.0,PE,0.0,0.0,0.0,1350.35,1648.39,0,0.0,0,0,2026-09-03
NIFTY,2026-12-29,16000.0,PE,12.0,12.0,9.65,10.05,0.0,57,59319237.25,117385,520,2026-09-03
NIFTY,2027-12-28,18000.0,PE,0.0,0.0,0.0,181.05,31.01,0,0.0,11915,0,2026-09-03
NIFTY,2027-12-28,25500.0,PE,0.0,0.0,0.0,676.05,1508.08,0,0.0,0,0,2026-09-03
NIFTY,2030-06-25,24000.0,PE,0.0,0.0,0.0,698.15,825.8,0,0.0,0,0,2026-09-03
NIFTY,2030-12-31,27000.0,PE,0.0,0.0,0.0,779.5,1499.61,0,0.0,0,0,2026-09-03
NIFTY,2026-09-15,26050.0,PE,0.0,0.0,0.0,1515.75,2125.73,0,0.0,0,0,2026-09-03
NIFTY,2026-09-29,26450.0,CE,0.0,0.0,0.0,3.15,3.99,0,0.0,2795,0,2026-09-03
NIFTY,2026-10-06,22500.0,CE,0.0,0.0,0.0,1723.05,1551.07,0,0.0,0,0,2026-09-03
NIFTY,2026-10-06,23250.0,CE,0.0,0.0,0.0,1081.35,930.8,0,0.0,0,0,2026-09-03
NIFTY,2026-10-27,22700.0,CE,0.0,0.0,0.0,1740.0,1516.41,0,0.0,260,0,2026-09-03
NIFTY,2026-10-27,24950.0,CE,100.45,108.6,79.1,83.35,83.35,171,278359318.25,21060,2210,2026-09-03
NIFTY,2026-10-27,26150.0,CE,0.0,0.0,0.0,228.35,66.94,0,0.0,0,0,2026-09-03
NIFTY,2026-11-23,25050.0,CE,0.0,0.0,0.0,628.4,394.11,0,0.0,0,0,2026-09-03
NIFTY,2028-06-27,24000.0,CE,0.0,0.0,0.0,3918.85,3477.53,0,0.0,0,0,2026-09-03
NIFTY,2026-09-08,23000.0,PE,3.85,4.05,2.4,2.7,2.7,636033,951000035833.25,10664875,2337010,2026-09-03
NIFTY,2026-09-08,23350.0,PE,11.5,12.0,4.75,5.5,5.5,264493,401535240668.25,1718860,-237315,2026-09-03
NIFTY,2026-09-08,23450.0,PE,14.0,14.0,7.1,8.35,8.35,385055,587126918703.0,2019030,11570,2026-09-03
NIFTY,2026-09-08,25500.0,PE,1448.0,1605.0,1435.0,1598.75,1598.75,47,82580394.0,117130,455,2026-09-03
NIFTY,2026-09-08,25850.0,PE,0.0,0.0,0.0,1234.05,1955.38,0,0.0,0,0,2026-09-03
NIFTY,2026-09-15,26100.0,PE,0.0,0.0,0.0,1559.2,2175.56,0,0.0,0,0,2026-09-03
NIFTY,2026-09-22,22350.0,PE,10.35,10.35,6.75,8.15,8.15,62,90102717.25,34905,1170,2026-09-03
NIFTY,2026-09-22,22400.0,PE,7.15,9.4,7.15,8.0,11.32,77,112153076.75,7410,650,2026-09-03
NIFTY,2026-09-22,24350.0,PE,363.6,442.2,333.2,442.2,442.2,31,49772635.25,1430,-650,2026-09-03
NIFTY,2026-09-22,24550.0,PE,0.0,0.0,0.0,548.5,732.21,0,0.0,65,0,2026-09-03
NIFTY,2026-09-22,25450.0,PE,0.0,0.0,0.0,1271.15,1515.51,0,0.0,0,0,2026-09-03
NIFTY,2026-09-22,26050.0,PE,0.0,0.0,0.0,1794.15,2098.93,0,0.0,0,0,2026-09-03
NIFTY,2026-09-29,15000.0,PE,1.8,1.9,1.1,1.3,1.3,125,121885864.75,83525,65,2026-09-03
NIFTY,2026-09-29,21700.0,PE,6.85,9.8,6.65,8.75,8.75,391,551732509.25,75465,-455,2026-09-03
NIFTY,2026-09-29,25250.0,PE,1164.4,1164.4,1164.4,1164.4,1326.91,1,1716936.0,1950,0,2026-09-03
NIFTY,2026-10-06,22600.0,PE,0.0,0.0,0.0,45.55,55.56,0,0.0,0,0,2026-09-03
NIFTY,2026-10-06,23500.0,PE,126.75,126.75,100.0,107.0,107.0,21,32219382.0,1170,1170,2026-09-03
NIFTY,2026-10-27,22900.0,PE,0.0,0.0,0.0,262.65,163.4,0,0.0,0,0,2026-09-03
NIFTY,2026-10-27,23100.0,PE,80.05,99.75,73.4,92.1,92.1,1016,1530978972.25,118235,14690,2026-09-03
NIFTY,2026-10-27,23400.0,PE,137.65,146.45,111.25,138.9,138.9,1017,1555092090.5,83785,13325,2026-09-03
NIFTY,2026-10-27,24400.0,PE,450.0,540.0,430.05,523.55,523.55,566,915219152.25,171080,455,2026-09-03
NIFTY,2026-10-27,27100.0,PE,0.0,0.0,0.0,2808.9,2984.12,0,0.0,0,0,2026-09-03
NIFTY,2026-11-23,23600.0,PE,220.0,252.15,200.0,241.3,241.3,163,252324796.75,14300,5460,2026-09-03
NIFTY,2026-11-23,24900.0,PE,0.0,0.0,0.0,887.45,1112.11,0,0.0,0,0,2026-09-03
NIFTY,2026-11-23,25050.0,PE,950.35,950.35,950.35,950.35,1211.37,1,1690022.75,65,65,2026-09-03
NIFTY,2026-12-29,27000.0,PE,2450.0,2588.6,2410.0,2531.55,2531.55,153,293384611.0,1023005,715,2026-09-03
NIFTY,2027-12-28,22500.0,PE,0.0,0.0,0.0,186.5,501.04,0,0.0,0,0,2026-09-03
NIFTY,2027-12-28,23000.0,PE,479.9,481.0,455.0,461.05,461.05,130,198326414.0,59895,1225,2026-09-03
NIFTY,2029-06-26,22500.0,PE,0.0,0.0,0.0,224.45,567.51,0,0.0,0,0,2026-09-03
NIFTY,2031-06-24,30000.0,PE,0.0,0.0,0.0,2616.25,2318.52,0,0.0,0,0,2026-09-03
NIFTY,2026-09-08,26200.0,CE,0.8,0.8,0.5,0.55,0.55,2576,4387029081.5,76245,32175,2026-09-03
NIFTY,2026-09-08,23200.0,CE,828.7,868.25,703.6,724.5,724.5,159,247996105.5,17550,-325,2026-09-03
NIFTY,2026-09-08,22900.0,CE,1037.95,1037.95,1035.25,1036.6,1036.6,2,3111758.0,130,65,2026-09-03
NIFTY,2026-09-08,22800.0,CE,0.0,0.0,0.0,1977.1,1093.01,0,0.0,0,0,2026-09-03
NIFTY,2026-09-15,23250.0,CE,0.0,0.0,0.0,1438.9,728.7,0,0.0,0,0,2026-09-03
NIFTY,2026-09-15,24050.0,CE,165.05,190.0,109.8,120.1,120.1,18224,28669736377.75,245830,90935,2026-09-03
NIFTY,2026-09-22,25350.0,CE,0.0,0.0,0.0,141.55,23.25,0,0.0,0,0,2026-09-03
NIFTY,2026-09-22,25750.0,CE,0.0,0.0,0.0,3.9,8.06,0,0.0,780,0,2026-09-03
NIFTY,2026-09-29,22700.0,CE,0.0,0.0,0.0,1280.55,1317.57,0,0.0,1625,0,2026-09-03
NIFTY,2026-10-06,24000.0,CE,357.0,383.95,295.0,308.75,308.75,366,579035431.0,13325,8255,2026-09-03
NIFTY,2026-10-06,23300.0,CE,0.0,0.0,0.0,1042.85,893.22,0,0.0,0,0,2026-09-03
NIFTY,2026-10-06,22800.0,CE,0.0,0.0,0.0,1453.9,1288.03,0,0.0,0,0,2026-09-03
NIFTY,2026-09-08,25450.0,CE,1.0,1.3,0.7,0.95,0.95,12542,20748373389.25,363220,-30355,2026-09-03
NIFTY,2026-09-15,22450.0,CE,0.0,0.0,0.0,2169.4,1471.01,0,0.0,0,0,2026-09-03
NIFTY,2026-09-15,23700.0,CE,389.9,445.0,305.0,332.65,332.65,7287,11403307217.25,208130,74945,2026-09-03
NIFTY,2026-09-15,25450.0,CE,1.95,2.3,1.9,2.15,2.15,342,565800563.25,18785,9490,2026-09-03
NIFTY,2026-09-22,23700.0,CE,441.3,491.85,370.6,382.45,382.45,46,72120129.25,18850,260,2026-09-03
NIFTY,2026-09-22,25900.0,CE,3.45,3.5,2.6,2.9,2.9,92,154900297.5,22750,-1430,2026-09-03
NIFTY,2026-09-29,21600.0,CE,0.0,0.0,0.0,2406.45,2367.62,0,0.0,48360,0,2026-09-03
NIFTY,2026-09-08,24000.0,CE,135.0,148.0,60.5,74.75,74.75,3918502,6139280908868.25,18393245,9637095,2026-09-03
NIFTY,2026-09-29,21950.0,CE,0.0,0.0,0.0,2130.0,2023.79,0,0.0,130,0,2026-09-03
NIFTY,2026-09-29,23900.0,CE,383.45,404.85,292.1,310.55,310.55,23505,37047351831.75,617370,129090,2026-09-03
NIFTY,2026-09-29,24350.0,CE,142.05,158.5,103.8,111.4,111.4,5041,8022707865.25,475410,26650,2026-09-03
NIFTY,2026-09-29,26250.0,CE,0.0,0.0,0.0,198.4,6.59,0,0.0,0,0,2026-09-03
NIFTY,2026-11-23,25600.0,PE,0.0,0.0,0.0,1316.4,1609.77,0,0.0,0,0,2026-09-03
NIFTY,2026-11-23,23500.0,PE,200.05,222.95,179.0,214.75,214.75,866,1333942818.0,141050,2990,2026-09-03
NIFTY,2026-10-27,27050.0,PE,0.0,0.0,0.0,2764.35,2935.98,0,0.0,0,0,2026-09-03
NIFTY,2026-10-27,25500.0,PE,1300.0,1407.5,1247.9,1385.75,1385.75,247,430338844.0,235495,4745,2026-09-03
NIFTY,2026-10-27,23850.0,PE,229.95,267.95,210.8,267.95,267.95,80,125166349.75,4290,-845,2026-09-03
NIFTY,2026-10-27,23750.0,PE,200.85,238.2,182.75,233.8,233.8,125,194638229.5,7540,4745,2026-09-03
NIFTY,2026-10-27,23600.0,PE,165.0,199.0,146.8,188.55,188.55,665,1027340801.5,146380,-3185,2026-09-03
NIFTY,2026-10-06,25650.0,PE,0.0,0.0,0.0,1519.5,1673.03,0,0.0,0,0,2026-09-03
NIFTY,2026-10-06,25100.0,PE,0.0,0.0,0.0,1063.1,1193.86,0,0.0,0,0,2026-09-03
NIFTY,2026-10-06,24650.0,PE,0.0,0.0,0.0,741.5,847.63,0,0.0,0,0,2026-09-03
NIFTY,2026-09-29,26400.0,PE,0.0,0.0,0.0,1887.6,2418.87,0,0.0,3770,0,2026-09-03
NIFTY,2026-09-29,25900.0,PE,0.0,0.0,0.0,1571.4,1931.49,0,0.0,4940,0,2026-09-03
NIFTY,2026-09-29,25500.0,PE,1382.5,1523.05,1339.95,1497.5,1497.5,331,578683157.0,1555905,-6695,2026-09-03
NIFTY,2026-09-29,25300.0,PE,1299.65,1301.35,1260.0,1260.0,1371.48,4,6910865.0,36270,0,2026-09-03
NIFTY,2026-09-22,25700.0,PE,0.0,0.0,0.0,1482.25,1755.94,0,0.0,0,0,2026-09-03
NIFTY,2026-09-15,25500.0,PE,0.0,0.0,0.0,1590.0,1579.98,0,0.0,390,0,2026-09-03
NIFTY,2026-09-15,24050.0,PE,172.55,243.15,140.8,222.05,222.05,13021,20511953608.25,113230,33995,2026-09-03
NIFTY,2026-09-15,23350.0,PE,35.1,35.1,17.55,23.7,23.7,8616,13089188573.5,98475,52845,2026-09-03
NIFTY,2026-09-15,22450.0,PE,5.2,5.65,4.3,4.75,4.75,500,729788939.75,5720,910,2026-09-03
NIFTY,2026-09-15,22400.0,PE,5.0,5.45,3.7,4.55,4.55,4289,6246126321.5,221390,37245,2026-09-03
NIFTY,2026-09-08,25400.0,PE,0.0,0.0,0.0,1390.15,1505.82,0,0.0,16315,0,2026-09-03
NIFTY,2026-09-08,24250.0,PE,283.85,376.05,218.5,345.65,345.65,66057,105320607327.0,429780,-73515,2026-09-03
NIFTY,2031-06-24,21000.0,CE,0.0,0.0,0.0,8900.75,8851.76,0,0.0,0,0,2026-09-03
NIFTY,2029-12-24,22500.0,CE,0.0,0.0,0.0,8486.15,6296.08,0,0.0,0,0,2026-09-03
NIFTY,2028-06-27,25500.0,CE,0.0,0.0,0.0,4676.6,2668.21,0,0.0,0,0,2026-09-03
NIFTY,2026-11-23,25600.0,CE,0.0,0.0,0.0,431.25,250.4,0,0.0,0,0,2026-09-03
NIFTY,2026-11-23,23500.0,CE,995.0,1024.75,903.7,925.95,925.95,118,187559167.25,57525,845,2026-09-03
NIFTY,2026-11-23,22950.0,CE,0.0,0.0,0.0,1911.7,1497.85,0,0.0,0,0,2026-09-03
NIFTY,2026-10-27,27000.0,CE,6.1,7.6,5.05,5.55,5.55,1564,2745389221.25,344565,36205,2026-09-03
NIFTY,2026-10-27,25100.0,CE,69.1,80.7,60.2,64.95,64.95,2095,3427707588.5,190775,18005,2026-09-03
NIFTY,2026-10-27,24250.0,CE,352.55,369.85,295.5,302.3,302.3,144,230246516.5,13455,3315,2026-09-03
NIFTY,2026-09-08,24250.0,CE,34.2,37.9,13.7,16.9,16.9,824710,1301285622923.0,4412720,277030,2026-09-03
NIFTY,2026-09-08,24950.0,CE,1.75,2.45,1.45,1.75,1.75,91317,148104047776.75,873925,210535,2026-09-03
NIFTY,2026-09-08,25300.0,CE,1.15,1.4,0.8,1.05,1.05,129514,212994771372.5,4256135,1058850,2026-09-03
NIFTY,2026-09-15,22600.0,CE,1463.4,1463.4,1463.4,1463.4,1324.35,1,1564121.0,65,65,2026-09-03
NIFTY,2026-09-15,23400.0,CE,684.45,690.0,557.35,562.1,562.1,144,225026798.75,3120,1430,2026-09-03
NIFTY,2026-09-15,24200.0,CE,100.3,115.75,62.25,69.85,69.85,50143,79169036043.5,1393795,200135,2026-09-03
NIFTY,2026-09-22,22500.0,CE,0.0,0.0,0.0,1819.0,1458.75,0,0.0,0,0,2026-09-03
NIFTY,2026-09-22,23450.0,CE,0.0,0.0,0.0,1013.95,648.26,0,0.0,0,0,2026-09-03
NIFTY,2026-09-22,24200.0,CE,158.95,173.6,109.5,116.15,116.15,2601,4115172854.0,104000,7930,2026-09-03
NIFTY,2026-09-22,24450.0,CE,73.55,81.4,51.85,54.3,54.3,323,514699406.0,22620,6175,2026-09-03
NIFTY,2026-09-22,24750.0,CE,0.0,0.0,0.0,300.7,89.17,0,0.0,0,0,2026-09-03
NIFTY,2026-10-06,23150.0,CE,0.0,0.0,0.0,1160.25,1005.02,0,0.0,0,0,2026-09-03
NIFTY,2026-10-06,24300.0,CE,0.0,0.0,0.0,428.7,333.5,0,0.0,0,0,2026-09-03
NIFTY,2026-10-06,25200.0,CE,0.0,0.0,0.0,142.85,98.42,0,0.0,0,0,2026-09-03
NIFTY,2026-10-27,26600.0,CE,0.0,0.0,0.0,157.4,36.26,0,0.0,0,0,2026-09-03
NIFTY,2026-10-27,27150.0,CE,6.1,6.1,5.0,6.0,6.0,9,15886221.0,1755,-65,2026-09-03
NIFTY,2026-11-23,23550.0,CE,0.0,0.0,0.0,1461.75,1088.21,0,0.0,0,0,2026-09-03
NIFTY,2026-12-29,28500.0,CE,16.85,17.85,15.35,16.9,16.9,39,72289109.75,114985,325,2026-09-03
NIFTY,2027-03-30,31500.0,CE,0.0,0.0,0.0,94.65,28.92,0,0.0,0,0,2026-09-03
NIFTY,2027-12-28,25000.0,CE,1930.0,1956.95,1800.95,1824.45,1824.45,469,818749571.25,65530,18655,2026-09-03
NIFTY,2027-12-28,30000.0,CE,255.05,270.0,249.95,250.0,250.0,274,538878967.25,166400,-5655,2026-09-03
NIFTY,2027-12-28,33000.0,CE,93.55,93.55,86.0,86.0,228.75,5,10754175.25,5655,65,2026-09-03
NIFTY,2029-06-26,22500.0,CE,0.0,0.0,0.0,7946.5,5706.89,0,0.0,0,0,2026-09-03
NIFTY,2030-12-31,18000.0,CE,0.0,0.0,0.0,12674.15,10405.27,0,0.0,0,0,2026-09-03
NIFTY,2026-09-08,23300.0,PE,7.0,7.3,4.15,4.8,4.8,412809,625341107560.0,3560505,354640,2026-09-03
NIFTY,2026-09-15,26150.0,PE,0.0,0.0,0.0,1603.05,2225.41,0,0.0,0,0,2026-09-03
NIFTY,2026-09-22,23150.0,PE,0.0,0.0,0.0,109.9,82.33,0,0.0,0,0,2026-09-03
NIFTY,2026-09-29,22450.0,PE,13.65,15.85,13.35,15.4,15.4,173,252618031.25,16640,0,2026-09-03
NIFTY,2026-09-29,24550.0,PE,525.0,622.85,488.0,613.45,613.45,63,102812502.0,63570,-130,2026-09-03
NIFTY,2026-09-29,24750.0,PE,655.35,751.0,649.95,744.5,909.22,6,9929123.75,32955,-65,2026-09-03
NIFTY,2026-10-06,22750.0,PE,0.0,0.0,0.0,60.6,73.76,0,0.0,0,0,2026-09-03
NIFTY,2026-10-06,22850.0,PE,0.0,0.0,0.0,72.7,88.32,0,0.0,0,0,2026-09-03
NIFTY,2026-10-06,25600.0,PE,0.0,0.0,0.0,1475.75,1627.57,0,0.0,0,0,2026-09-03
NIFTY,2026-10-27,22550.0,PE,42.7,42.7,34.0,41.0,101.66,82,120398476.25,3120,-1755,2026-09-03
NIFTY,2026-10-27,24000.0,PE,281.0,338.45,256.5,321.15,321.15,7616,12022710131.25,1032590,30225,2026-09-03
NIFTY,2026-10-27,24200.0,PE,352.05,432.55,333.5,417.75,417.75,1697,2711458178.0,267735,25285,2026-09-03
NIFTY,2026-10-27,25350.0,PE,0.0,0.0,0.0,865.7,1409.83,0,0.0,260,0,2026-09-03
NIFTY,2026-10-27,25650.0,PE,0.0,0.0,0.0,1057.4,1655.55,0,0.0,130,0,2026-09-03
NIFTY,2026-11-23,23100.0,PE,0.0,0.0,0.0,216.2,284.85,0,0.0,0,0,2026-09-03
NIFTY,2026-11-23,24100.0,PE,370.25,426.1,350.4,409.8,409.8,72,114631812.75,8190,-2405,2026-09-03
NIFTY,2026-11-23,24150.0,PE,385.05,415.8,369.4,415.8,683.66,35,55831002.5,5785,-520,2026-09-03
NIFTY,2029-06-26,28500.0,PE,0.0,0.0,0.0,1349.1,2474.29,0,0.0,0,0,2026-09-03
NIFTY,2029-12-24,18000.0,PE,0.0,0.0,0.0,96.5,97.23,0,0.0,0,0,2026-09-03
NIFTY,2029-12-24,27000.0,PE,0.0,0.0,0.0,1177.9,1722.83,0,0.0,0,0,2026-09-03
NIFTY,2030-12-31,28500.0,PE,0.0,0.0,0.0,1083.1,1963.75,0,0.0,0,0,2026-09-03
NIFTY,2026-09-15,25500.0,CE,2.1,2.15,1.55,1.75,1.75,14754,24456456189.75,463775,261300,2026-09-03
NIFTY,2026-09-29,24100.0,CE,279.9,280.0,192.75,204.6,204.6,32904,52051426752.0,1440855,235690,2026-09-03
NIFTY,2026-09-29,26700.0,PE,0.0,0.0,0.0,2560.85,2715.12,0,0.0,0,0,2026-09-03
NIFTY,2026-10-06,22700.0,CE,0.0,0.0,0.0,1542.1,1373.89,0,0.0,0,0,2026-09-03
NIFTY,2026-10-06,24750.0,CE,0.0,0.0,0.0,256.8,188.74,0,0.0,0,0,2026-09-03
NIFTY,2026-10-06,25700.0,CE,28.7,28.7,8.1,8.45,8.45,72,120322790.25,2470,2470,2026-09-03
NIFTY,2026-10-27,25650.0,CE,26.0,26.5,18.7,25.0,124.85,9,15019563.0,13585,-455,2026-09-03
NIFTY,2026-12-29,25500.0,CE,200.0,207.95,177.1,181.55,181.55,2489,4156639838.0,1178970,7150,2026-09-03
NIFTY,2026-09-29,24050.0,CE,280.0,308.2,214.7,226.65,226.65,4814,7607896234.25,187395,-42380,2026-09-03
NIFTY,2026-09-29,22050.0,CE,0.0,0.0,0.0,1900.0,1926.56,0,0.0,65,0,2026-09-03
NIFTY,2026-09-22,26000.0,CE,3.05,3.5,2.55,2.75,2.75,971,1641184808.25,62010,51675,2026-09-03
NIFTY,2026-09-15,25750.0,CE,1.25,1.55,1.05,1.15,1.15,488,816832627.0,21515,16575,2026-09-03
NIFTY,2026-09-15,24500.0,CE,28.0,33.5,17.25,19.8,19.8,74771,119196438500.75,2162485,331955,2026-09-03
NIFTY,2026-09-15,24150.0,CE,119.95,137.65,76.2,86.45,86.45,17548,27665377863.5,369980,142090,2026-09-03
NIFTY,2026-09-15,22650.0,CE,0.0,0.0,0.0,1979.9,1275.89,0,0.0,0,0,2026-09-03
NIFTY,2026-09-15,22300.0,CE,0.0,0.0,0.0,2313.5,1619.01,0,0.0,0,0,2026-09-03
NIFTY,2026-09-08,24650.0,CE,4.15,4.35,2.75,3.05,3.05,327614,524987695469.25,2741310,1462045,2026-09-03
NIFTY,2026-09-08,24600.0,CE,3.9,4.95,3.05,3.4,3.4,610325,976053918875.75,7810400,2523820,2026-09-03
NIFTY,2026-09-08,23000.0,CE,1023.7,1072.05,895.9,919.2,919.2,1105,1721996087.5,84890,5590,2026-09-03
NIFTY,2027-06-29,28500.0,CE,0.0,0.0,0.0,1711.9,402.89,0,0.0,0,0,2026-09-03
NIFTY,2028-06-27,18000.0,CE,0.0,0.0,0.0,6809.35,7933.43,0,0.0,0,0,2026-09-03
NIFTY,2029-12-24,28500.0,CE,0.0,0.0,0.0,4802.1,3187.56,0,0.0,0,0,2026-09-03
NIFTY,2030-06-25,22500.0,CE,0.0,0.0,0.0,9012.4,6866.28,0,0.0,0,0,2026-09-03
NIFTY,2031-06-24,25500.0,CE,0.0,0.0,0.0,6409.8,6273.79,0,0.0,0,0,2026-09-03
NIFTY,2026-09-08,24700.0,PE,749.4,801.9,638.05,788.6,788.6,289,477211312.5,130000,-2210,2026-09-03
NIFTY,2026-09-15,23450.0,PE,33.0,38.25,23.45,33.5,33.5,5583,8520694165.75,71175,12285,2026-09-03
NIFTY,2026-09-15,23550.0,PE,52.8,53.55,31.0,48.05,48.05,5081,7791226573.0,104650,30095,2026-09-03
NIFTY,2029-06-26,21000.0,PE,0.0,0.0,0.0,320.25,334.66,0,0.0,0,0,2026-09-03
NIFTY,2027-12-28,31500.0,PE,0.0,0.0,0.0,3240.0,5409.62,0,0.0,0,0,2026-09-03
NIFTY,2027-06-29,22500.0,PE,0.0,0.0,0.0,297.35,410.58,0,0.0,1365,0,2026-09-03
NIFTY,2026-12-29,26000.0,PE,1550.0,1675.0,1525.0,1641.7,1641.7,258,462545248.75,1459135,-2650,2026-09-03
NIFTY,2026-12-29,17000.0,PE,11.3,12.5,10.25,12.0,12.0,45,49759463.0,186170,-2405,2026-09-03
NIFTY,2026-11-23,26100.0,PE,0.0,0.0,0.0,1675.5,2011.56,0,0.0,0,0,2026-09-03
NIFTY,2026-10-27,27000.0,PE,2700.6,2860.95,2698.75,2842.5,2842.5,599,1158383837.0,75725,34255,2026-09-03
NIFTY,2026-10-27,25400.0,PE,0.0,0.0,0.0,996.5,1449.76,0,0.0,780,0,2026-09-03
NIFTY,2026-10-27,24550.0,PE,544.6,544.6,515.55,515.55,839.06,3,4890622.75,8840,-130,2026-09-03
NIFTY,2026-10-27,23300.0,PE,105.25,127.25,96.2,121.95,121.95,1328,2020666563.5,294840,5265,2026-09-03
NIFTY,2026-10-27,23250.0,PE,0.0,0.0,0.0,356.75,249.65,0,0.0,0,0,2026-09-03
NIFTY,2026-10-06,23350.0,PE,0.0,0.0,0.0,164.35,197.0,0,0.0,0,0,2026-09-03
NIFTY,2026-09-15,24850.0,PE,0.0,0.0,0.0,629.7,959.24,0,0.0,0,0,2026-09-03
NIFTY,2026-09-22,22550.0,PE,0.0,0.0,0.0,8.9,17.81,0,0.0,845,0,2026-09-03
NIFTY,2026-09-22,24050.0,PE,197.8,275.75,175.3,251.9,251.9,777,1225532119.5,20150,15730,2026-09-03
NIFTY,2026-09-22,25150.0,PE,0.0,0.0,0.0,1035.2,1235.97,0,0.0,0,0,2026-09-03
NIFTY,2026-09-29,22050.0,PE,9.9,11.85,9.9,10.85,10.85,35,50187904.0,13780,-975,2026-09-03
NIFTY,2026-09-29,23200.0,PE,49.4,54.2,35.7,50.5,50.5,15761,23810067921.25,1109290,-50700,2026-09-03
NIFTY,2026-09-29,24100.0,PE,297.4,326.35,222.45,305.15,305.15,30461,48244197592.5,1291940,204815,2026-09-03
NIFTY,2026-10-27,25300.0,PE,0.0,0.0,0.0,940.05,1370.34,0,0.0,650,0,2026-09-03
NIFTY,2026-10-27,23950.0,PE,280.8,309.2,241.4,304.55,304.55,88,138559746.0,4030,2145,2026-09-03
NIFTY,2026-10-06,25250.0,PE,0.0,0.0,0.0,1181.55,1319.42,0,0.0,0,0,2026-09-03
NIFTY,2026-10-06,24100.0,PE,260.0,310.0,260.0,310.0,310.0,9,14263791.75,195,0,2026-09-03
NIFTY,2026-10-06,23700.0,PE,0.0,0.0,0.0,266.9,316.68,0,0.0,0,0,2026-09-03
NIFTY,2026-09-29,28500.0,PE,4365.0,4447.6,4325.0,4442.55,4442.55,24,51273456.0,434330,-715,2026-09-03
NIFTY,2026-10-27,26550.0,PE,0.0,0.0,0.0,2330.1,2460.98,0,0.0,0,0,2026-09-03
NIFTY,2026-11-23,23450.0,PE,0.0,0.0,0.0,300.7,391.64,0,0.0,0,0,2026-09-03
NIFTY,2026-11-23,23750.0,PE,0.0,0.0,0.0,388.25,503.97,0,0.0,0,0,2026-09-03
NIFTY,2026-10-06,24050.0,CE,359.2,359.2,275.45,276.35,276.35,76,120306787.25,3445,2860,2026-09-03
NIFTY,2026-10-27,23550.0,CE,0.0,0.0,0.0,1244.0,895.84,0,0.0,0,0,2026-09-03
NIFTY,2026-09-29,34500.0,CE,0.0,0.0,0.0,0.65,0.0,0,0.0,9880,0,2026-09-03
NIFTY,2026-09-29,25900.0,CE,6.1,6.45,4.55,5.0,5.0,326,548929169.75,20995,3185,2026-09-03
NIFTY,2026-09-29,25850.0,CE,4.4,5.45,4.4,5.45,16.82,3,5041676.25,9620,65,2026-09-03
NIFTY,2026-09-29,23700.0,CE,501.75,550.65,420.0,437.1,437.1,3434,5396633313.5,158990,19825,2026-09-03
NIFTY,2026-09-29,22250.0,CE,0.0,0.0,0.0,1920.0,1734.2,0,0.0,130,0,2026-09-03
NIFTY,2026-09-29,21850.0,CE,0.0,0.0,0.0,2400.0,2121.55,0,0.0,65,0,2026-09-03
NIFTY,2026-09-22,24950.0,CE,0.0,0.0,0.0,237.2,58.83,0,0.0,0,0,2026-09-03
NIFTY,2026-09-15,25150.0,CE,4.0,4.4,3.0,3.55,3.55,519,848555181.5,20475,11830,2026-09-03
NIFTY,2026-09-29,26300.0,PE,0.0,0.0,0.0,2289.25,2320.58,0,0.0,81640,0,2026-09-03
NIFTY,2026-09-29,24700.0,PE,640.0,767.0,604.2,725.05,725.05,1223,2019135660.75,295945,-14495,2026-09-03
NIFTY,2026-09-29,23600.0,PE,100.0,124.55,79.75,113.3,113.3,15987,24623147633.5,1102010,60580,2026-09-03
NIFTY,2026-09-29,23150.0,PE,40.05,49.7,33.0,45.3,45.3,1056,1591793216.0,75140,9555,2026-09-03
NIFTY,2026-09-22,24900.0,PE,0.0,0.0,0.0,853.1,1014.63,0,0.0,0,0,2026-09-03
NIFTY,2026-09-22,22450.0,PE,0.0,0.0,0.0,12.95,13.21,0,0.0,195,0,2026-09-03
NIFTY,2026-09-15,22150.0,CE,0.0,0.0,0.0,2458.85,1767.8,0,0.0,0,0,2026-09-03
NIFTY,2026-09-08,23700.0,CE,300.0,387.0,228.75,258.15,258.15,98564,153763880718.5,612170,130520,2026-09-03
NIFTY,2026-11-23,25850.0,PE,0.0,0.0,0.0,1490.4,1806.48,0,0.0,0,0,2026-09-03
NIFTY,2027-12-28,28500.0,PE,0.0,0.0,0.0,2979.7,3196.13,0,0.0,260,0,2026-09-03
NIFTY,2026-10-27,24300.0,CE,313.8,345.1,266.2,278.7,278.7,1547,2474847787.75,207805,11570,2026-09-03
NIFTY,2026-09-15,26200.0,PE,0.0,0.0,0.0,1647.25,2275.26,0,0.0,0,0,2026-09-03
NIFTY,2026-09-15,24450.0,PE,435.2,550.0,394.6,548.3,548.3,85,137674709.25,9490,1950,2026-09-03
NIFTY,2026-10-27,24450.0,CE,257.8,265.75,213.5,216.45,216.45,58,93079493.0,21775,-520,2026-09-03
NIFTY,2026-10-27,26800.0,CE,10.75,10.75,6.6,7.25,27.18,12,20909996.25,845,-390,2026-09-03
NIFTY,2026-11-23,22300.0,CE,0.0,0.0,0.0,2456.95,2013.69,0,0.0,0,0,2026-09-03
NIFTY,2026-11-23,24000.0,CE,648.0,674.0,580.0,592.0,592.0,1551,2482452976.25,228995,-780,2026-09-03
NIFTY,2028-12-26,18000.0,PE,0.0,0.0,0.0,250.0,71.08,0,0.0,75,0,2026-09-03
NIFTY,2026-10-06,23950.0,CE,381.3,381.3,335.65,342.0,342.0,14,22111950.25,715,585,2026-09-03
NIFTY,2026-10-06,22250.0,CE,0.0,0.0,0.0,1956.3,1780.92,0,0.0,0,0,2026-09-03
NIFTY,2029-12-24,33000.0,PE,0.0,0.0,0.0,2953.7,4488.82,0,0.0,0,0,2026-09-03
NIFTY,2026-09-15,24350.0,PE,349.55,464.95,317.0,437.65,437.65,812,1304237177.75,24375,3445,2026-09-03
NIFTY,2029-12-24,30000.0,CE,2550.0,2600.0,2401.0,2401.0,2401.0,3,6340815.0,8275,130,2026-09-03
NIFTY,2029-06-26,28500.0,CE,0.0,0.0,0.0,4213.3,2617.93,0,0.0,0,0,2026-09-03
NIFTY,2026-11-23,24150.0,CE,561.9,581.85,505.7,505.7,505.7,12,19273930.0,1495,65,2026-09-03
NIFTY,2026-10-27,25950.0,PE,0.0,0.0,0.0,1842.3,1914.34,0,0.0,0,0,2026-09-03
NIFTY,2026-09-08,25150.0,PE,1160.0,1160.0,1160.0,1160.0,1256.39,1,1710150.0,715,-65,2026-09-03
NIFTY,2026-09-08,22700.0,PE,2.4,2.65,1.35,1.6,1.6,150695,222370054273.25,1893255,516165,2026-09-03
NIFTY,2026-09-15,26000.0,PE,1950.0,2052.15,1950.0,2052.15,2052.15,161,293085107.25,11050,10400,2026-09-03
NIFTY,2026-09-08,26250.0,CE,1.0,1.0,0.55,0.65,0.65,1984,3385282221.75,53820,31135,2026-09-03
NIFTY,2026-09-08,24900.0,CE,1.45,2.35,1.45,1.9,1.9,324807,525740883216.25,3541655,974350,2026-09-03
NIFTY,2028-12-26,25500.0,PE,0.0,0.0,0.0,648.2,1384.85,0,0.0,0,0,2026-09-03
NIFTY,2027-03-30,30000.0,PE,0.0,0.0,0.0,4575.0,5111.45,0,0.0,3120,0,2026-09-03
NIFTY,2026-09-08,22200.0,CE,0.0,0.0,0.0,2551.85,1691.63,0,0.0,0,0,2026-09-03
NIFTY,2026-12-29,19000.0,PE,23.05,24.3,23.0,24.05,24.05,138,170641536.0,621375,325,2026-09-03
NIFTY,2026-10-27,22950.0,PE,0.0,0.0,0.0,274.9,174.13,0,0.0,0,0,2026-09-03
NIFTY,2026-10-27,22650.0,PE,54.0,54.0,43.25,50.55,50.55,19,28032007.25,5395,130,2026-09-03
NIFTY,2026-10-06,22200.0,PE,19.7,19.7,19.7,19.7,24.06,4,5777122.0,260,260,2026-09-03
NIFTY,2026-09-29,26950.0,PE,0.0,0.0,0.0,2780.25,2963.02,0,0.0,0,0,2026-09-03
NIFTY,2026-09-29,26900.0,PE,0.0,0.0,0.0,2127.9,2913.39,0,0.0,65,0,2026-09-03
NIFTY,2026-09-29,23050.0,PE,40.35,40.6,27.85,37.0,37.0,708,1062248733.0,107250,650,2026-09-03
NIFTY,2026-09-29,21850.0,PE,8.0,10.05,8.0,9.2,9.2,47,66780376.0,3575,-780,2026-09-03
NIFTY,2026-09-22,23900.0,PE,156.0,197.15,123.4,179.0,179.0,4022,6289392908.5,94965,43875,2026-09-03
NIFTY,2026-09-22,23300.0,PE,38.9,47.25,28.45,42.6,42.6,2935,4451888233.0,78455,-15340,2026-09-03
NIFTY,2026-09-15,24900.0,PE,855.0,930.5,844.0,928.55,1004.8,28,46982195.0,650,130,2026-09-03
NIFTY,2026-09-15,23600.0,PE,57.8,63.6,35.8,56.1,56.1,41053,63104245558.25,573430,193505,2026-09-03
NIFTY,2026-09-15,23300.0,PE,19.95,23.5,15.85,20.5,20.5,25372,38457466742.5,326820,27885,2026-09-03
NIFTY,2026-09-15,22600.0,PE,5.75,6.65,4.85,5.15,5.15,5057,7430586364.5,118170,13000,2026-09-03
NIFTY,2026-09-08,25100.0,PE,1150.0,1194.0,1150.0,1194.0,1194.0,20,34150005.5,16900,1040,2026-09-03
NIFTY,2026-09-08,23850.0,PE,67.7,91.0,38.25,74.7,74.7,1363814,2119673839634.0,3693430,-111085,2026-09-03
NIFTY,2026-09-08,23750.0,PE,48.0,54.5,23.7,43.1,43.1,1033234,1597494526784.0,2691975,212550,2026-09-03
NIFTY,2026-09-08,22550.0,PE,2.45,2.45,1.3,1.45,1.45,27453,40242428317.0,238940,46020,2026-09-03
NIFTY,2030-12-31,19500.0,CE,0.0,0.0,0.0,11601.15,9365.36,0,0.0,0,0,2026-09-03
NIFTY,2026-12-29,34500.0,CE,0.0,0.0,0.0,4.9,0.04,0,0.0,975,0,2026-09-03
NIFTY,2026-12-29,20000.0,CE,4350.0,4400.0,4256.9,4268.45,4268.45,30,47466315.0,591070,0,2026-09-03
NIFTY,2026-11-23,26050.0,CE,0.0,0.0,0.0,309.45,167.01,0,0.0,0,0,2026-09-03
NIFTY,2026-11-23,24950.0,CE,0.0,0.0,0.0,670.25,426.03,0,0.0,0,0,2026-09-03
NIFTY,2026-10-27,22650.0,CE,0.0,0.0,0.0,1882.95,1557.59,0,0.0,0,0,2026-09-03
NIFTY,2026-10-06,25500.0,CE,0.0,0.0,0.0,92.5,60.73,0,0.0,0,0,2026-09-03
NIFTY,2026-10-06,22900.0,CE,0.0,0.0,0.0,1367.45,1204.24,0,0.0,0,0,2026-09-03
NIFTY,2026-10-06,22150.0,CE,0.0,0.0,0.0,2051.3,1874.92,0,0.0,0,0,2026-09-03
NIFTY,2026-09-29,25650.0,CE,6.9,6.9,6.4,6.7,6.7,44,73378360.25,23270,-1625,2026-09-03
NIFTY,2026-09-22,26100.0,CE,2.5,2.5,1.85,2.25,2.86,23,39022753.25,3055,260,2026-09-03
NIFTY,2026-09-22,23050.0,CE,0.0,0.0,0.0,1331.55,960.78,0,0.0,0,0,2026-09-03
NIFTY,2026-09-15,25400.0,CE,2.65,2.65,1.95,2.3,2.3,2957,4882438853.5,80795,35880,2026-09-03
NIFTY,2026-09-15,24650.0,CE,14.1,16.4,9.2,10.3,10.3,5882,9429053318.75,177450,41340,2026-09-03
NIFTY,2026-09-15,23000.0,CE,1065.45,1071.0,939.55,942.7,942.7,548,854823671.0,27365,24570,2026-09-03
NIFTY,2026-09-15,22250.0,CE,0.0,0.0,0.0,2361.8,1668.54,0,0.0,0,0,2026-09-03
NIFTY,2026-09-29,23800.0,PE,143.1,186.85,121.8,172.0,172.0,32297,50274844951.5,1932775,18525,2026-09-03
NIFTY,2026-11-23,23400.0,CE,0.0,0.0,0.0,1569.75,1183.82,0,0.0,0,0,2026-09-03
NIFTY,2026-10-27,24400.0,CE,283.65,295.9,229.4,240.45,240.45,1496,2398143127.25,162175,-650,2026-09-03
NIFTY,2026-10-27,24200.0,CE,373.2,396.0,312.95,324.8,324.8,2399,3829307101.75,250120,14820,2026-09-03
NIFTY,2026-10-27,23500.0,CE,850.0,879.6,748.7,765.15,765.15,543,858032253.0,77350,3575,2026-09-03
NIFTY,2026-10-27,22150.0,CE,0.0,0.0,0.0,2291.6,1991.05,0,0.0,0,0,2026-09-03
NIFTY,2027-03-30,16500.0,CE,0.0,0.0,0.0,6995.9,7974.59,0,0.0,0,0,2026-09-03
NIFTY,2029-12-24,31500.0,CE,0.0,0.0,0.0,3429.3,2158.59,0,0.0,0,0,2026-09-03
NIFTY,2030-06-25,25500.0,CE,0.0,0.0,0.0,7070.45,5153.85,0,0.0,0,0,2026-09-03
NIFTY,2026-09-08,23250.0,PE,8.4,14.0,3.55,4.05,4.05,223259,337468751119.5,1393795,315900,2026-09-03
NIFTY,2026-09-15,22900.0,PE,6.95,11.25,6.65,7.9,7.9,10709,15945885969.0,212290,15730,2026-09-03
NIFTY,2026-09-15,24400.0,PE,390.95,508.2,353.55,469.8,469.8,2519,4062112437.5,129220,28795,2026-09-03
NIFTY,2026-09-15,25050.0,PE,0.0,0.0,0.0,751.7,1144.41,0,0.0,0,0,2026-09-03
NIFTY,2026-09-22,25650.0,PE,0.0,0.0,0.0,1439.15,1707.46,0,0.0,0,0,2026-09-03
NIFTY,2026-09-22,25950.0,PE,0.0,0.0,0.0,1703.35,2000.41,0,0.0,0,0,2026-09-03
NIFTY,2026-09-29,24900.0,PE,802.9,931.9,781.7,915.15,915.15,59,98853641.25,86385,-195,2026-09-03
NIFTY,2026-10-06,24400.0,PE,0.0,0.0,0.0,588.3,679.33,0,0.0,0,0,2026-09-03
NIFTY,2026-10-27,22750.0,PE,0.0,0.0,0.0,228.35,134.18,0,0.0,0,0,2026-09-03
NIFTY,2026-10-27,23700.0,PE,183.5,224.35,169.35,217.5,217.5,1329,2063980174.75,224055,1755,2026-09-03
NIFTY,2026-10-27,24050.0,PE,302.35,352.8,275.3,352.8,352.8,28,44329346.75,11180,0,2026-09-03
NIFTY,2026-11-23,24950.0,PE,0.0,0.0,0.0,915.05,1144.72,0,0.0,0,0,2026-09-03
NIFTY,2026-12-29,24000.0,PE,400.4,439.2,370.05,424.4,424.4,4919,7802144681.5,2541150,20280,2026-09-03
NIFTY,2026-12-29,33000.0,PE,0.0,0.0,0.0,5263.45,8445.33,0,0.0,0,0,2026-09-03
NIFTY,2027-12-28,22000.0,PE,332.95,333.0,320.0,324.0,397.98,22,31927002.25,52690,-195,2026-09-03
NIFTY,2027-12-28,30000.0,PE,3950.0,3950.0,3920.0,3920.0,4251.99,8,17648150.0,1690,455,2026-09-03
NIFTY,2028-06-27,30000.0,PE,0.0,0.0,0.0,3779.25,3838.82,0,0.0,0,0,2026-09-03
NIFTY,2030-06-25,19500.0,PE,0.0,0.0,0.0,64.95,199.48,0,0.0,0,0,2026-09-03
NIFTY,2030-06-25,28500.0,PE,0.0,0.0,0.0,1167.6,2121.81,0,0.0,0,0,2026-09-03
NIFTY,2030-12-31,25500.0,PE,0.0,0.0,0.0,538.25,1108.52,0,0.0,0,0,2026-09-03
NIFTY,2026-10-06,24550.0,CE,0.0,0.0,0.0,325.45,245.58,0,0.0,0,0,2026-09-03
NIFTY,2026-10-06,23800.0,CE,485.6,488.2,411.2,416.6,416.6,22,34685911.0,1235,1235,2026-09-03
NIFTY,2026-10-27,24350.0,CE,302.2,316.4,255.1,265.75,265.75,110,176092748.0,15795,2990,2026-09-03
NIFTY,2026-10-06,22300.0,CE,0.0,0.0,0.0,1909.15,1734.32,0,0.0,0,0,2026-09-03
NIFTY,2026-10-06,22200.0,CE,0.0,0.0,0.0,2003.7,1827.79,0,0.0,0,0,2026-09-03
NIFTY,2026-09-29,27050.0,CE,0.0,0.0,0.0,3.3,0.77,0,0.0,4095,0,2026-09-03
NIFTY,2026-09-22,25550.0,CE,4.75,4.75,4.1,4.45,13.92,10,16610389.25,455,260,2026-09-03
NIFTY,2026-09-22,23300.0,CE,824.6,824.6,758.45,758.45,759.06,4,6262451.0,260,0,2026-09-03
NIFTY,2026-09-22,22200.0,CE,0.0,0.0,0.0,2101.25,1748.35,0,0.0,0,0,2026-09-03
NIFTY,2026-09-15,23100.0,CE,967.05,967.05,889.2,889.2,857.16,4,6242362.75,260,260,2026-09-03
NIFTY,2026-09-08,25000.0,CE,1.9,2.2,1.4,1.75,1.75,635844,1033319329120.0,16692130,7563985,2026-09-03
NIFTY,2026-11-23,24600.0,CE,334.0,344.55,281.2,293.75,293.75,134,217038984.5,24115,2340,2026-09-03
NIFTY,2026-09-29,22300.0,CE,0.0,0.0,0.0,1780.0,1686.65,0,0.0,1885,0,2026-09-03
NIFTY,2028-12-26,30000.0,PE,0.0,0.0,0.0,2352.75,3496.24,0,0.0,0,0,2026-09-03
NIFTY,2027-03-30,15000.0,PE,0.0,0.0,0.0,19.0,0.01,0,0.0,1430,0,2026-09-03
NIFTY,2026-11-23,25500.0,PE,1290.1,1290.1,1290.1,1290.1,1534.57,1,1741356.5,1690,65,2026-09-03
NIFTY,2026-11-23,24450.0,PE,499.0,528.1,494.45,528.1,840.94,15,24326675.75,1560,975,2026-09-03
NIFTY,2026-11-23,23700.0,PE,0.0,0.0,0.0,372.35,483.92,0,0.0,0,0,2026-09-03
NIFTY,2026-10-27,26500.0,PE,2231.0,2325.0,2223.05,2325.0,2414.28,28,52307739.25,8255,650,2026-09-03
NIFTY,2026-10-27,25150.0,PE,974.25,974.25,974.25,974.25,1255.6,1,1698076.25,260,0,2026-09-03
NIFTY,2026-10-27,23050.0,PE,0.0,0.0,0.0,301.35,197.17,0,0.0,0,0,2026-09-03
NIFTY,2026-10-06,22950.0,PE,0.0,0.0,0.0,86.65,105.04,0,0.0,0,0,2026-09-03
NIFTY,2026-09-29,27050.0,PE,0.0,0.0,0.0,2869.35,3062.34,0,0.0,0,0,2026-09-03
NIFTY,2026-09-29,25750.0,PE,0.0,0.0,0.0,1170.0,1788.05,0,0.0,455,0,2026-09-03
NIFTY,2026-09-29,24250.0,PE,322.0,409.45,295.4,379.8,379.8,2957,4732278401.5,213200,-56810,2026-09-03
NIFTY,2026-09-29,22300.0,PE,12.0,13.95,11.7,13.35,13.35,1532,2221895035.75,192855,10985,2026-09-03
NIFTY,2026-09-22,23700.0,PE,86.3,124.7,75.45,112.35,112.35,1381,2135767198.5,27170,14105,2026-09-03
NIFTY,2026-09-22,22950.0,PE,0.0,0.0,0.0,78.75,51.82,0,0.0,0,0,2026-09-03
NIFTY,2026-09-15,25450.0,PE,0.0,0.0,0.0,1030.55,1530.81,0,0.0,0,0,2026-09-03
NIFTY,2029-06-26,27000.0,CE,0.0,0.0,0.0,6570.4,3236.34,0,0.0,0,0,2026-09-03
NIFTY,2026-12-29,24000.0,CE,870.5,891.0,796.1,810.0,810.0,3798,6132985436.5,1294300,-17485,2026-09-03
NIFTY,2026-11-23,24250.0,CE,505.7,511.8,466.2,470.6,705.15,17,27343738.5,2925,650,2026-09-03
NIFTY,2026-11-23,24100.0,CE,596.85,610.0,538.65,541.3,541.3,52,83382552.5,6565,585,2026-09-03
NIFTY,2026-11-23,22750.0,CE,0.0,0.0,0.0,2073.75,1649.35,0,0.0,0,0,2026-09-03
NIFTY,2026-10-27,26100.0,CE,0.0,0.0,0.0,237.65,71.44,0,0.0,0,0,2026-09-03
NIFTY,2026-10-27,25400.0,CE,39.15,42.95,33.95,36.65,36.65,2800,4629976185.25,269425,5720,2026-09-03
NIFTY,2026-10-27,25300.0,CE,0.0,0.0,0.0,432.4,186.29,0,0.0,0,0,2026-09-03
