SYMBOL,EXPIRY_DT,STRIKE_PR,OPTION_TYP,OPEN,HIGH,LOW,CLOSE,SETTLE_PR,CONTRACTS,VAL_INLAKH,OPEN_INT,CHG_IN_OI,TIMESTAMP
NIFTY,2026-09-01,25950.0,PE,0.0,0.0,0.0,1679.0,1865.3,0,0.0,0,0,2026-08-31
NIFTY,2026-09-08,22650.0,PE,3.5,6.0,3.2,4.2,4.2,8479,12485546063.25,149435,138320,2026-08-31
NIFTY,2026-09-08,23100.0,PE,5.2,7.25,5.15,6.35,6.35,35287,52997750240.5,794365,526825,2026-08-31
NIFTY,2026-09-08,24300.0,PE,199.95,282.2,178.9,210.1,210.1,58948,94008202980.25,1420900,171860,2026-08-31
NIFTY,2031-06-24,21000.0,PE,0.0,0.0,0.0,450.5,321.1,0,0.0,0,0,2026-08-31
NIFTY,2030-06-25,31500.0,PE,0.0,0.0,0.0,2056.3,3267.46,0,0.0,0,0,2026-08-31
NIFTY,2028-12-26,20000.0,PE,0.0,0.0,0.0,275.0,193.36,0,0.0,3745,0,2026-08-31
NIFTY,2028-06-27,16500.0,PE,0.0,0.0,0.0,3.8,15.68,0,0.0,0,0,2026-08-31
NIFTY,2027-12-28,23000.0,PE,472.0,488.0,460.0,464.35,582.63,60,91545021.75,51910,-575,2026-08-31
NIFTY,2027-06-29,30000.0,PE,0.0,0.0,0.0,4000.0,4584.03,0,0.0,455,0,2026-08-31
NIFTY,2026-09-01,22400.0,CE,0.0,0.0,0.0,1986.25,1684.11,0,0.0,0,0,2026-08-31
NIFTY,2026-09-01,22700.0,CE,0.0,0.0,0.0,1716.55,1384.16,0,0.0,0,0,2026-08-31
NIFTY,2026-09-01,23000.0,CE,1087.4,1168.65,1040.45,1109.4,1109.4,939,1469275193.75,94185,-21710,2026-08-31
NIFTY,2026-09-01,23150.0,CE,970.0,985.0,906.25,975.5,934.24,5,7837163.75,520,195,2026-08-31
NIFTY,2026-09-01,23750.0,CE,400.7,449.75,295.1,370.9,370.9,17473,27358994019.5,51220,18005,2026-08-31
NIFTY,2026-09-01,24500.0,CE,5.0,7.7,2.35,3.15,3.15,2499631,3981346387154.5,17001530,4139980,2026-08-31
NIFTY,2026-09-01,24750.0,CE,2.05,2.05,1.0,1.35,1.35,534801,860415774192.0,2774005,-1741285,2026-08-31
NIFTY,2026-09-01,25050.0,CE,1.25,1.25,0.6,0.7,0.7,257486,419266912964.25,1889550,271505,2026-08-31
NIFTY,2026-09-01,25550.0,CE,0.6,0.7,0.35,0.45,0.45,19155,31812392774.5,666445,-223340,2026-08-31
NIFTY,2026-09-01,26500.0,CE,0.5,0.5,0.3,0.4,0.4,5876,10121566929.5,157755,2535,2026-08-31
NIFTY,2026-09-08,22550.0,CE,0.0,0.0,0.0,2213.6,1560.7,0,0.0,0,0,2026-08-31
NIFTY,2026-09-08,24000.0,CE,264.0,301.9,197.05,250.4,250.4,143974,226777098483.0,1385280,869115,2026-08-31
NIFTY,2026-09-08,24450.0,CE,42.65,61.3,32.5,42.0,42.0,56189,89453262021.5,605735,292760,2026-08-31
NIFTY,2026-09-08,25100.0,CE,4.25,4.7,2.8,3.25,3.25,53944,88022108603.0,910715,213005,2026-08-31
NIFTY,2026-09-08,26300.0,CE,1.0,1.1,0.8,0.95,0.95,1992,3405449706.75,72670,34125,2026-08-31
NIFTY,2026-09-15,23200.0,CE,0.0,0.0,0.0,1481.9,980.14,0,0.0,0,0,2026-08-31
NIFTY,2026-09-15,23600.0,CE,621.75,664.25,566.05,642.1,642.1,25,39320482.5,780,390,2026-08-31
NIFTY,2026-09-15,23900.0,CE,389.45,432.5,332.75,392.35,392.35,1223,1929553317.25,14430,8320,2026-08-31
NIFTY,2026-09-15,24500.0,CE,86.1,99.7,61.0,73.7,73.7,17974,28707819214.75,668330,99320,2026-08-31
NIFTY,2026-09-15,25600.0,CE,3.7,4.5,2.4,2.75,2.75,576,958596171.0,7995,7995,2026-08-31
NIFTY,2026-09-22,22950.0,CE,0.0,0.0,0.0,1416.4,1255.88,0,0.0,0,0,2026-08-31
NIFTY,2026-09-22,23250.0,CE,0.0,0.0,0.0,1160.0,996.48,0,0.0,65,0,2026-08-31
NIFTY,2026-09-22,23650.0,CE,0.0,0.0,0.0,870.3,689.67,0,0.0,0,0,2026-08-31
NIFTY,2026-09-22,23800.0,CE,474.95,550.0,458.0,519.95,519.95,102,161107160.5,1300,715,2026-08-31
NIFTY,2026-09-22,24100.0,CE,291.0,349.95,263.5,307.35,307.35,1150,1823319852.25,34905,18720,2026-08-31
NIFTY,2026-09-22,24800.0,CE,49.05,55.0,37.4,46.0,46.0,1016,1640696603.0,49270,27560,2026-08-31
NIFTY,2026-09-22,25000.0,CE,0.0,0.0,0.0,223.05,106.02,0,0.0,0,0,2026-08-31
NIFTY,2026-09-22,25750.0,CE,4.6,7.9,3.75,5.1,5.1,56,93749145.75,845,845,2026-08-31
NIFTY,2026-09-29,21000.0,CE,3209.6,3289.6,3150.05,3256.1,3256.1,297,467324120.25,513175,7930,2026-08-31
NIFTY,2026-09-29,21600.0,CE,2600.0,2607.0,2600.0,2607.0,2586.08,2,3146455.0,45370,130,2026-08-31
NIFTY,2026-09-29,26700.0,PE,0.0,0.0,0.0,2560.85,2497.78,0,0.0,0,0,2026-08-31
NIFTY,2026-11-23,23000.0,CE,1580.0,1580.0,1493.1,1540.65,1540.65,11,17549372.75,1820,130,2026-08-31
NIFTY,2026-11-23,23850.0,CE,0.0,0.0,0.0,1260.3,1065.09,0,0.0,0,0,2026-08-31
NIFTY,2026-11-23,24950.0,CE,0.0,0.0,0.0,670.25,528.73,0,0.0,0,0,2026-08-31
NIFTY,2026-11-23,25950.0,CE,0.0,0.0,0.0,332.85,242.92,0,0.0,0,0,2026-08-31
NIFTY,2026-11-23,26000.0,CE,57.35,62.45,52.55,57.5,57.5,1715,2904736854.5,119600,25935,2026-08-31
NIFTY,2026-12-29,18000.0,CE,0.0,0.0,0.0,6570.45,6464.63,0,0.0,1690,0,2026-08-31
NIFTY,2026-12-29,34500.0,CE,0.0,0.0,0.0,4.9,0.08,0,0.0,975,0,2026-08-31
NIFTY,2027-03-30,22500.0,CE,2575.0,2638.35,2545.0,2624.15,2718.97,55,89664536.0,14625,325,2026-08-31
NIFTY,2028-12-26,16500.0,CE,0.0,0.0,0.0,12176.65,9937.86,0,0.0,0,0,2026-08-31
NIFTY,2029-06-26,27000.0,CE,0.0,0.0,0.0,6570.4,3412.48,0,0.0,0,0,2026-08-31
NIFTY,2029-12-24,25500.0,CE,0.0,0.0,0.0,6500.6,4763.99,0,0.0,0,0,2026-08-31
NIFTY,2029-12-24,30000.0,CE,0.0,0.0,0.0,2863.2,2789.5,0,0.0,8145,0,2026-08-31
NIFTY,2030-12-31,21000.0,CE,0.0,0.0,0.0,10552.5,8606.71,0,0.0,0,0,2026-08-31
NIFTY,2031-06-24,27000.0,CE,0.0,0.0,0.0,5699.0,5751.21,0,0.0,0,0,2026-08-31
NIFTY,2026-09-01,22350.0,PE,0.65,0.75,0.35,0.55,0.55,12107,17588893871.25,194285,-20540,2026-08-31
NIFTY,2026-09-01,22950.0,PE,0.8,1.4,0.6,0.9,0.9,75502,112634960551.75,285545,127335,2026-08-31
NIFTY,2026-09-01,24050.0,PE,34.15,83.3,28.9,44.1,44.1,9781675,15326415190056.75,8519355,4534010,2026-08-31
NIFTY,2026-09-01,24300.0,PE,175.0,274.6,146.85,199.5,199.5,563131,897355083745.25,2543190,-1066130,2026-08-31
NIFTY,2026-09-01,25300.0,PE,934.0,1254.0,934.0,1191.75,1191.75,42,72320592.5,19175,-1300,2026-08-31
NIFTY,2026-09-01,25750.0,PE,0.0,0.0,0.0,1508.85,1665.33,0,0.0,0,0,2026-08-31
NIFTY,2026-09-01,25900.0,PE,0.0,0.0,0.0,1500.0,1815.31,0,0.0,260,0,2026-08-31
NIFTY,2026-09-01,26150.0,PE,0.0,0.0,0.0,1854.75,2065.27,0,0.0,0,0,2026-08-31
NIFTY,2026-09-01,26250.0,PE,0.0,0.0,0.0,1944.45,2165.25,0,0.0,0,0,2026-08-31
NIFTY,2026-09-01,26650.0,PE,0.0,0.0,0.0,2313.1,2565.18,0,0.0,0,0,2026-08-31
NIFTY,2026-09-08,23150.0,PE,4.65,7.45,4.65,6.55,6.55,15724,23667428794.75,232115,170755,2026-08-31
NIFTY,2026-09-08,23500.0,PE,15.0,18.25,10.65,12.75,12.75,127161,194360028102.5,2876900,969020,2026-08-31
NIFTY,2026-09-08,25000.0,PE,835.1,917.0,766.0,824.15,824.15,1700,2856090978.0,100035,52195,2026-08-31
NIFTY,2026-09-08,25150.0,PE,0.0,0.0,0.0,731.9,1045.46,0,0.0,0,0,2026-08-31
NIFTY,2026-09-08,25200.0,PE,1069.65,1110.0,973.8,1013.15,1013.15,139,236828956.0,6955,5785,2026-08-31
NIFTY,2026-09-08,25350.0,PE,0.0,0.0,0.0,965.0,1239.87,0,0.0,65,0,2026-08-31
NIFTY,2026-09-15,22700.0,PE,6.9,8.5,5.85,7.3,7.3,379,559385804.25,35945,10335,2026-08-31
NIFTY,2026-09-15,23150.0,PE,12.45,22.1,11.25,12.55,12.55,529,796485485.25,28340,2730,2026-08-31
NIFTY,2026-09-15,23250.0,PE,0.0,0.0,0.0,82.5,48.22,0,0.0,0,0,2026-08-31
NIFTY,2026-09-15,23550.0,PE,35.0,42.0,27.9,30.65,30.65,936,1434911647.0,18785,18005,2026-08-31
NIFTY,2026-09-15,23600.0,PE,66.95,66.95,30.25,34.9,34.9,2082,3198792522.25,44265,44265,2026-08-31
NIFTY,2026-09-15,25050.0,PE,0.0,0.0,0.0,751.7,959.23,0,0.0,0,0,2026-08-31
NIFTY,2026-09-15,25650.0,PE,0.0,0.0,0.0,1183.55,1516.01,0,0.0,0,0,2026-08-31
NIFTY,2026-09-22,22350.0,PE,7.75,12.15,4.5,6.9,6.9,82,119171559.0,28080,-65,2026-08-31
NIFTY,2026-09-22,22700.0,PE,0.0,0.0,0.0,50.15,22.49,0,0.0,0,0,2026-08-31
NIFTY,2026-09-22,22800.0,PE,13.6,14.25,11.3,12.15,12.15,34,50416603.25,1885,-65,2026-08-31
NIFTY,2026-09-22,24150.0,PE,224.0,224.0,174.4,188.4,188.4,64,101279633.0,1430,1430,2026-08-31
NIFTY,2026-09-22,25200.0,PE,0.0,0.0,0.0,1072.35,1100.97,0,0.0,0,0,2026-08-31
NIFTY,2026-09-22,25750.0,PE,0.0,0.0,0.0,1525.75,1598.81,0,0.0,0,0,2026-08-31
NIFTY,2026-09-29,21000.0,PE,7.2,7.2,5.6,5.8,5.8,7659,10457593942.25,1589640,96655,2026-08-31
NIFTY,2026-09-29,21950.0,PE,11.6,11.6,11.6,11.6,6.01,1,1427504.0,10920,65,2026-08-31
NIFTY,2026-09-29,22550.0,PE,16.0,17.55,14.95,15.45,15.45,287,420970475.25,23140,1365,2026-08-31
NIFTY,2026-09-29,22600.0,PE,14.5,18.3,14.5,16.1,16.1,2588,3804625461.0,305565,-15145,2026-08-31
NIFTY,2026-09-29,23400.0,PE,52.6,63.95,44.9,50.2,50.2,16094,24537257793.75,1000350,127725,2026-08-31
NIFTY,2026-09-29,24750.0,PE,618.7,648.85,531.8,562.25,562.25,58,95487382.25,36465,-1105,2026-08-31
NIFTY,2026-09-29,24950.0,PE,797.55,797.55,741.9,741.9,916.84,2,3343564.25,5070,0,2026-08-31
NIFTY,2026-09-29,25650.0,PE,0.0,0.0,0.0,1016.85,1499.95,0,0.0,65,0,2026-08-31
NIFTY,2026-09-29,25700.0,PE,1410.1,1410.1,1410.1,1410.1,1410.1,1,1762156.5,12090,65,2026-08-31
NIFTY,2026-09-29,27150.0,PE,0.0,0.0,0.0,2959.15,2941.51,0,0.0,0,0,2026-08-31
NIFTY,2026-09-29,33000.0,PE,0.0,0.0,0.0,6552.15,8761.35,0,0.0,0,0,2026-08-31
NIFTY,2026-10-27,23100.0,PE,70.65,78.05,62.45,66.6,66.6,749,1128122450.0,118950,9555,2026-08-31
NIFTY,2026-10-27,23450.0,PE,115.95,126.6,101.15,108.95,108.95,215,329284146.75,64740,-130,2026-08-31
NIFTY,2026-10-27,24300.0,PE,356.95,387.85,317.0,337.85,337.85,1059,1697497860.5,132600,7670,2026-08-31
NIFTY,2026-10-27,24800.0,PE,636.35,669.85,576.2,603.1,603.1,254,419944525.0,145925,2145,2026-08-31
NIFTY,2026-10-27,24850.0,PE,692.65,692.65,611.2,638.95,638.95,8,13257198.5,1820,0,2026-08-31
NIFTY,2026-09-01,26950.0,PE,0.0,0.0,0.0,2597.5,2865.13,0,0.0,0,0,2026-08-31
NIFTY,2026-09-29,25350.0,PE,0.0,0.0,0.0,850.0,1237.34,0,0.0,1040,0,2026-08-31
NIFTY,2026-09-29,25150.0,PE,914.75,914.75,880.05,880.05,1071.89,3,5079412.0,1365,-195,2026-08-31
NIFTY,2026-09-29,24350.0,PE,334.05,368.8,281.25,307.55,307.55,3089,4956055799.5,415805,-6630,2026-08-31
NIFTY,2026-09-29,23850.0,PE,135.4,153.9,111.15,120.55,120.55,2701,4211426098.75,129480,20215,2026-08-31
NIFTY,2026-09-29,23300.0,PE,43.25,52.6,37.4,41.8,41.8,11390,17283937596.25,1064115,97825,2026-08-31
NIFTY,2026-09-29,18000.0,PE,2.1,2.2,1.4,1.65,1.65,502,587388233.25,961610,-6695,2026-08-31
NIFTY,2026-09-22,25150.0,PE,0.0,0.0,0.0,1035.2,1058.47,0,0.0,0,0,2026-08-31
NIFTY,2026-09-22,24550.0,PE,0.0,0.0,0.0,629.0,603.14,0,0.0,0,0,2026-08-31
NIFTY,2026-09-22,24650.0,CE,0.0,0.0,0.0,336.8,190.98,0,0.0,0,0,2026-08-31
NIFTY,2026-09-22,26050.0,CE,3.15,3.25,3.15,3.25,11.19,20,33869160.0,0,0,2026-08-31
NIFTY,2026-09-29,23900.0,CE,481.0,539.6,437.05,496.15,496.15,1996,3162680075.75,85020,25480,2026-08-31
NIFTY,2026-09-29,24000.0,CE,440.0,467.6,372.05,424.9,424.9,42522,67457982910.5,3148860,131040,2026-08-31
NIFTY,2026-09-29,24100.0,CE,389.3,399.85,312.15,358.9,358.9,25750,40912817601.5,762710,118300,2026-08-31
NIFTY,2026-09-29,24850.0,CE,65.0,73.65,54.75,62.55,62.55,3125,5059790593.0,161785,-715,2026-08-31
NIFTY,2026-09-29,26700.0,CE,3.5,3.5,2.35,2.35,2.35,48,83313883.25,2600,65,2026-08-31
NIFTY,2026-09-29,26900.0,CE,3.0,3.55,2.35,2.7,2.7,7,12240858.5,5915,325,2026-08-31
NIFTY,2026-10-27,22900.0,CE,0.0,0.0,0.0,1691.95,1550.66,0,0.0,0,0,2026-08-31
NIFTY,2026-10-27,23300.0,CE,1116.65,1151.15,1096.85,1151.15,1151.15,3,4762202.25,1950,-65,2026-08-31
NIFTY,2026-10-27,24350.0,CE,366.0,420.0,354.05,393.05,393.05,204,327826138.25,9230,1365,2026-08-31
NIFTY,2026-10-27,26150.0,CE,0.0,0.0,0.0,228.35,102.57,0,0.0,0,0,2026-08-31
NIFTY,2026-10-27,26550.0,CE,0.0,0.0,0.0,164.25,62.88,0,0.0,0,0,2026-08-31
NIFTY,2026-10-27,26800.0,CE,0.0,0.0,0.0,132.4,45.49,0,0.0,0,0,2026-08-31
NIFTY,2026-10-27,26950.0,CE,0.0,0.0,0.0,115.95,37.21,0,0.0,0,0,2026-08-31
NIFTY,2026-11-23,22550.0,CE,0.0,0.0,0.0,2241.1,2005.69,0,0.0,0,0,2026-08-31
NIFTY,2026-11-23,22900.0,CE,0.0,0.0,0.0,1951.7,1724.06,0,0.0,0,0,2026-08-31
NIFTY,2026-11-23,24400.0,CE,495.7,544.05,480.45,533.35,533.35,194,314120768.0,6500,5395,2026-08-31
NIFTY,2026-11-23,24700.0,CE,350.0,397.8,340.0,380.8,380.8,174,283504799.5,8385,2470,2026-08-31
NIFTY,2026-11-23,25000.0,CE,250.05,272.0,227.85,251.65,251.65,1748,2868097245.0,140725,14430,2026-08-31
NIFTY,2026-11-23,25350.0,CE,0.0,0.0,0.0,514.1,393.61,0,0.0,0,0,2026-08-31
NIFTY,2026-11-23,26050.0,CE,0.0,0.0,0.0,309.45,223.04,0,0.0,0,0,2026-08-31
NIFTY,2026-12-29,23000.0,CE,1760.1,1814.5,1685.35,1755.25,1755.25,408,655583204.25,334050,4550,2026-08-31
NIFTY,2027-06-29,19000.0,CE,0.0,0.0,0.0,7800.0,6111.26,0,0.0,75,0,2026-08-31
NIFTY,2027-06-29,31500.0,CE,0.0,0.0,0.0,769.15,126.27,0,0.0,0,0,2026-08-31
NIFTY,2028-06-27,18000.0,CE,0.0,0.0,0.0,6809.35,8160.12,0,0.0,0,0,2026-08-31
NIFTY,2029-06-26,28500.0,CE,0.0,0.0,0.0,4213.3,2776.88,0,0.0,0,0,2026-08-31
NIFTY,2029-06-26,30000.0,CE,0.0,0.0,0.0,5268.4,2237.45,0,0.0,0,0,2026-08-31
NIFTY,2029-12-24,31500.0,CE,0.0,0.0,0.0,3429.3,2299.53,0,0.0,0,0,2026-08-31
NIFTY,2030-06-25,22500.0,CE,0.0,0.0,0.0,9012.4,7093.02,0,0.0,0,0,2026-08-31
NIFTY,2030-12-31,30000.0,CE,0.0,0.0,0.0,5227.2,3922.74,0,0.0,0,0,2026-08-31
NIFTY,2031-06-24,24000.0,CE,0.0,0.0,0.0,7181.9,7303.94,0,0.0,0,0,2026-08-31
NIFTY,2026-09-01,23950.0,PE,14.6,41.95,12.85,20.1,20.1,4610145,7185064039344.75,6468475,3262740,2026-08-31
NIFTY,2026-09-01,24650.0,PE,506.0,615.05,469.6,531.7,531.7,1274,2086837704.25,76765,-24440,2026-08-31
NIFTY,2026-09-01,24950.0,PE,866.3,911.35,807.1,851.0,851.0,52,87252480.25,21710,-195,2026-08-31
NIFTY,2026-09-01,25250.0,PE,0.0,0.0,0.0,989.5,1165.42,0,0.0,1430,0,2026-08-31
NIFTY,2026-09-01,25400.0,PE,1344.1,1361.3,1240.0,1267.4,1267.4,359,622723062.0,20605,-15015,2026-08-31
NIFTY,2026-09-01,26100.0,PE,0.0,0.0,0.0,1870.0,2015.27,0,0.0,130,0,2026-08-31
NIFTY,2026-09-01,26600.0,PE,0.0,0.0,0.0,2266.3,2515.19,0,0.0,0,0,2026-08-31
NIFTY,2026-09-08,23300.0,PE,8.4,10.05,7.0,8.0,8.0,58192,88163995936.25,1065285,444405,2026-08-31
NIFTY,2026-09-08,24400.0,PE,291.65,357.0,238.85,277.0,277.0,18602,29875428882.0,466375,-129610,2026-08-31
NIFTY,2026-09-08,24500.0,PE,370.0,440.8,307.95,357.9,357.9,22470,36338777705.75,780780,216580,2026-08-31
NIFTY,2026-09-08,25100.0,PE,1000.0,1003.8,882.05,921.75,921.75,143,241978392.5,8255,6500,2026-08-31
NIFTY,2026-09-08,25700.0,PE,0.0,0.0,0.0,1116.5,1586.24,0,0.0,0,0,2026-08-31
NIFTY,2026-09-08,26350.0,PE,0.0,0.0,0.0,1656.4,2234.7,0,0.0,0,0,2026-08-31
NIFTY,2026-09-15,23800.0,PE,56.05,85.75,51.5,62.85,62.85,7545,11707038203.25,298090,52975,2026-08-31
NIFTY,2026-09-15,23850.0,PE,121.0,121.0,64.05,71.85,71.85,449,698363731.0,11830,11830,2026-08-31
NIFTY,2026-09-15,24100.0,PE,156.35,188.2,124.85,141.7,141.7,11283,17791469783.75,250380,40690,2026-08-31
NIFTY,2026-09-15,25950.0,PE,0.0,0.0,0.0,1430.0,1809.04,0,0.0,0,0,2026-08-31
NIFTY,2026-09-22,23700.0,PE,0.0,0.0,0.0,244.2,188.54,0,0.0,0,0,2026-08-31
NIFTY,2026-09-22,24350.0,PE,263.7,292.35,263.7,292.35,292.35,50,80044961.75,2015,-325,2026-08-31
NIFTY,2026-09-22,24500.0,PE,425.0,449.0,352.7,376.65,376.65,419,678204205.25,26845,195,2026-08-31
NIFTY,2026-09-22,25000.0,PE,0.0,0.0,0.0,680.0,934.62,0,0.0,0,0,2026-08-31
NIFTY,2026-09-22,25100.0,PE,0.0,0.0,0.0,997.6,1016.56,0,0.0,0,0,2026-08-31
NIFTY,2026-09-22,25300.0,PE,0.0,0.0,0.0,1150.25,1187.61,0,0.0,0,0,2026-08-31
NIFTY,2026-09-22,25600.0,PE,0.0,0.0,0.0,1396.5,1458.52,0,0.0,0,0,2026-08-31
NIFTY,2026-09-29,21850.0,PE,7.4,10.3,7.4,10.3,4.51,7,9946235.0,2795,-65,2026-08-31
NIFTY,2026-09-29,22150.0,PE,11.75,11.85,10.35,10.35,10.35,23,33131637.5,26195,-585,2026-08-31
NIFTY,2026-09-29,22800.0,PE,16.1,23.1,16.0,19.8,19.8,6487,9622672611.5,651560,27690,2026-08-31
NIFTY,2026-09-29,22950.0,PE,25.25,28.95,22.5,24.6,24.6,1076,1606970231.75,73515,24440,2026-08-31
NIFTY,2026-09-29,24700.0,PE,549.95,609.2,488.9,526.65,526.65,1682,2761717764.0,320450,-27560,2026-08-31
NIFTY,2026-09-29,25800.0,PE,1641.75,1641.75,1592.4,1592.4,1636.44,12,21394941.75,20930,-325,2026-08-31
NIFTY,2026-09-29,26650.0,PE,0.0,0.0,0.0,2517.6,2448.78,0,0.0,0,0,2026-08-31
NIFTY,2026-09-29,26800.0,PE,0.0,0.0,0.0,2222.1,2596.01,0,0.0,1365,0,2026-08-31
NIFTY,2026-09-29,27100.0,PE,0.0,0.0,0.0,2914.15,2892.03,0,0.0,0,0,2026-08-31
NIFTY,2026-09-29,30000.0,PE,5818.95,5818.95,5670.0,5682.4,5682.4,19,44157207.25,146250,-260,2026-08-31
NIFTY,2026-10-27,23200.0,PE,131.65,131.65,72.45,77.15,77.15,151,228506606.25,4875,4875,2026-08-31
NIFTY,2026-10-27,23700.0,PE,149.35,179.1,143.1,153.35,153.35,1579,2449005711.75,192790,4550,2026-08-31
NIFTY,2026-10-27,24450.0,PE,445.0,465.85,390.0,405.9,405.9,70,113119565.0,18070,1170,2026-08-31
NIFTY,2026-10-27,25800.0,PE,0.0,0.0,0.0,1375.5,1609.54,0,0.0,325,0,2026-08-31
NIFTY,2026-10-27,26050.0,PE,0.0,0.0,0.0,1920.65,1819.38,0,0.0,0,0,2026-08-31
NIFTY,2026-11-23,22850.0,PE,0.0,0.0,0.0,168.05,190.39,0,0.0,0,0,2026-08-31
NIFTY,2026-11-23,22900.0,PE,0.0,0.0,0.0,176.95,200.53,0,0.0,0,0,2026-08-31
NIFTY,2026-11-23,23750.0,PE,0.0,0.0,0.0,388.25,439.98,0,0.0,0,0,2026-08-31
NIFTY,2026-11-23,24300.0,PE,412.75,427.0,376.3,382.35,382.35,120,192690598.75,3575,2015,2026-08-31
NIFTY,2026-11-23,24750.0,PE,0.0,0.0,0.0,807.55,906.54,0,0.0,0,0,2026-08-31
NIFTY,2026-11-23,25800.0,PE,0.0,0.0,0.0,1454.8,1609.37,0,0.0,0,0,2026-08-31
NIFTY,2026-11-23,26050.0,PE,0.0,0.0,0.0,1637.9,1802.32,0,0.0,0,0,2026-08-31
NIFTY,2026-12-29,25500.0,PE,1101.0,1128.85,1015.3,1049.75,1049.75,345,596264539.0,445770,3835,2026-08-31
NIFTY,2027-03-30,21000.0,PE,76.85,77.45,70.05,71.35,71.35,699,957483504.25,474370,20475,2026-08-31
NIFTY,2027-03-30,28500.0,PE,0.0,0.0,0.0,2937.15,3591.18,0,0.0,65,0,2026-08-31
NIFTY,2027-06-29,16500.0,PE,21.4,21.4,21.4,21.4,21.4,1,1073891.0,780,0,2026-08-31
NIFTY,2027-12-28,25500.0,PE,0.0,0.0,0.0,676.05,1425.72,0,0.0,0,0,2026-08-31
NIFTY,2028-06-27,22500.0,PE,0.0,0.0,0.0,206.95,514.3,0,0.0,0,0,2026-08-31
NIFTY,2028-06-27,31500.0,PE,0.0,0.0,0.0,2935.6,4695.56,0,0.0,0,0,2026-08-31
NIFTY,2028-12-26,19500.0,PE,0.0,0.0,0.0,49.0,151.89,0,0.0,0,0,2026-08-31
NIFTY,2030-12-31,22500.0,PE,0.0,0.0,0.0,219.35,510.99,0,0.0,0,0,2026-08-31
NIFTY,2030-12-31,28500.0,PE,0.0,0.0,0.0,1083.1,1894.69,0,0.0,0,0,2026-08-31
NIFTY,2030-12-31,31500.0,PE,0.0,0.0,0.0,1885.5,2999.93,0,0.0,0,0,2026-08-31
NIFTY,2031-06-24,22500.0,PE,0.0,0.0,0.0,663.6,494.33,0,0.0,0,0,2026-08-31
NIFTY,2031-06-24,33000.0,PE,0.0,0.0,0.0,3810.15,3371.36,0,0.0,0,0,2026-08-31
NIFTY,2026-09-01,23450.0,CE,632.2,700.65,594.45,665.7,665.7,189,296044810.75,3510,-260,2026-08-31
NIFTY,2026-09-01,24150.0,CE,88.0,103.95,31.8,51.55,51.55,5533500,8706454813842.5,6930365,2384200,2026-08-31
NIFTY,2026-09-01,25350.0,CE,0.7,0.85,0.4,0.5,0.5,36779,60604186854.25,958035,108810,2026-08-31
NIFTY,2026-09-01,25450.0,CE,0.65,0.75,0.35,0.45,0.45,39598,65506395808.75,766610,58110,2026-08-31
NIFTY,2026-09-01,25700.0,CE,0.6,0.7,0.35,0.5,0.5,75666,126402678171.25,949520,-1223430,2026-08-31
NIFTY,2026-09-01,26350.0,CE,0.6,0.65,0.3,0.4,0.4,2033,3482079071.25,24960,2210,2026-08-31
NIFTY,2026-09-29,25650.0,CE,8.55,10.45,8.4,8.5,8.5,374,623778473.5,28925,1040,2026-08-31
NIFTY,2026-09-01,26900.0,CE,0.4,0.5,0.3,0.4,0.4,7178,12550912468.25,73905,-25545,2026-08-31
NIFTY,2026-09-01,27050.0,CE,0.35,0.5,0.3,0.35,0.35,2303,4049303401.0,31785,-13975,2026-08-31
NIFTY,2026-09-08,22400.0,CE,0.0,0.0,0.0,2357.75,1710.24,0,0.0,0,0,2026-08-31
NIFTY,2026-09-08,22750.0,CE,0.0,0.0,0.0,2023.95,1361.92,0,0.0,0,0,2026-08-31
NIFTY,2026-09-08,23000.0,CE,1122.95,1210.45,1085.65,1183.35,1183.35,483,757204971.25,31850,24700,2026-08-31
NIFTY,2026-09-08,23350.0,CE,811.9,811.9,803.35,803.35,784.81,6,9422585.25,325,325,2026-08-31
NIFTY,2026-09-08,23500.0,CE,722.8,742.35,600.0,682.85,682.85,2169,3404101606.75,66495,26780,2026-08-31
NIFTY,2026-09-08,24250.0,CE,125.3,142.75,80.15,106.75,106.75,64737,102477837481.5,962260,433485,2026-08-31
NIFTY,2026-09-08,24350.0,CE,108.6,108.6,51.9,69.0,69.0,56904,90312272979.5,779675,331825,2026-08-31
NIFTY,2026-09-15,23850.0,CE,377.15,461.75,367.95,437.0,437.0,184,290095676.0,5525,5460,2026-08-31
NIFTY,2026-09-15,24200.0,CE,200.0,229.85,158.05,193.55,193.55,18835,29855663035.25,398255,153010,2026-08-31
NIFTY,2026-09-15,24250.0,CE,168.25,200.95,136.85,166.9,166.9,6971,11061499163.0,288210,237900,2026-08-31
NIFTY,2026-09-15,24450.0,CE,81.05,110.45,71.45,86.7,86.7,1733,2763613879.0,47190,4485,2026-08-31
NIFTY,2026-09-15,24750.0,CE,0.0,0.0,0.0,438.3,102.38,0,0.0,0,0,2026-08-31
NIFTY,2026-09-15,24950.0,CE,0.0,0.0,0.0,355.5,65.69,0,0.0,0,0,2026-08-31
NIFTY,2026-09-15,25350.0,CE,0.0,0.0,0.0,224.65,23.97,0,0.0,0,0,2026-08-31
NIFTY,2026-09-22,23050.0,CE,0.0,0.0,0.0,1331.55,1167.14,0,0.0,0,0,2026-08-31
NIFTY,2026-09-22,23350.0,CE,0.0,0.0,0.0,1089.75,915.09,0,0.0,0,0,2026-08-31
NIFTY,2026-09-22,23400.0,CE,0.0,0.0,0.0,1051.55,875.49,0,0.0,0,0,2026-08-31
NIFTY,2026-09-22,23450.0,CE,0.0,0.0,0.0,1013.95,836.68,0,0.0,0,0,2026-08-31
NIFTY,2026-09-22,24200.0,CE,226.65,285.0,210.2,248.65,248.65,1240,1969796780.25,41275,15340,2026-08-31
NIFTY,2026-10-27,23800.0,CE,775.0,775.0,689.4,747.4,747.4,282,449361968.25,15275,-1495,2026-08-31
NIFTY,2026-10-27,23750.0,CE,820.15,820.15,820.15,820.15,933.85,1,1597059.75,130,0,2026-08-31
NIFTY,2026-10-27,22500.0,CE,1910.0,1928.5,1792.4,1884.8,1884.8,204,322700976.0,14495,4550,2026-08-31
NIFTY,2026-09-29,27150.0,CE,2.0,2.35,1.9,2.3,2.1,30,52946435.75,7150,585,2026-08-31
NIFTY,2026-09-29,26600.0,CE,3.9,3.9,2.7,3.1,3.1,662,1144735793.5,77545,-3770,2026-08-31
NIFTY,2026-09-29,26000.0,CE,5.5,6.75,5.4,5.65,5.65,19669,33248284147.0,3908245,-111215,2026-08-31
NIFTY,2027-03-30,16500.0,CE,0.0,0.0,0.0,6995.9,8194.61,0,0.0,0,0,2026-08-31
NIFTY,2027-03-30,28500.0,CE,68.7,68.75,62.95,64.15,64.15,356,660990222.75,163995,-5525,2026-08-31
NIFTY,2026-09-29,25750.0,CE,0.0,0.0,0.0,293.5,44.5,0,0.0,0,0,2026-08-31
NIFTY,2026-09-29,25500.0,CE,14.4,14.7,9.55,11.75,11.75,28507,47273070035.75,3339635,-45370,2026-08-31
NIFTY,2026-09-29,24550.0,CE,143.4,160.3,118.35,139.8,139.8,2829,4538965811.25,143650,15665,2026-08-31
NIFTY,2026-09-29,23350.0,CE,0.0,0.0,0.0,1028.25,975.76,0,0.0,455,0,2026-08-31
NIFTY,2026-09-29,21650.0,CE,0.0,0.0,0.0,2600.0,2536.68,0,0.0,130,0,2026-08-31
NIFTY,2026-09-29,16500.0,CE,0.0,0.0,0.0,10168.85,7659.52,0,0.0,0,0,2026-08-31
NIFTY,2026-09-22,26000.0,CE,3.3,4.3,3.3,3.6,3.6,32,54087507.5,390,390,2026-08-31
NIFTY,2026-09-22,24550.0,CE,91.05,115.0,82.75,99.85,99.85,1209,1936341260.75,54925,49725,2026-08-31
NIFTY,2026-09-22,23900.0,CE,404.2,480.0,391.0,446.1,446.1,126,199246053.5,1885,1040,2026-08-31
NIFTY,2026-09-22,22400.0,CE,0.0,0.0,0.0,1912.1,1771.66,0,0.0,0,0,2026-08-31
NIFTY,2026-09-15,25000.0,CE,17.05,17.05,11.6,12.8,12.8,39273,63854990104.75,1715480,342550,2026-08-31
NIFTY,2026-09-15,23450.0,CE,0.0,0.0,0.0,1271.65,768.57,0,0.0,0,0,2026-08-31
NIFTY,2026-09-08,26200.0,CE,1.2,1.2,0.8,0.95,0.95,329,560306896.5,10725,-1560,2026-08-31
NIFTY,2026-09-08,26100.0,CE,0.95,1.1,0.85,0.95,0.95,769,1304656024.75,21385,-2015,2026-08-31
NIFTY,2026-09-08,25900.0,CE,1.1,1.25,0.9,0.95,0.95,7104,11960057213.0,146315,103415,2026-08-31
NIFTY,2026-09-08,25600.0,CE,1.45,1.7,1.15,1.3,1.3,35288,58722339347.75,1099605,579800,2026-08-31
NIFTY,2026-09-08,25550.0,CE,2.0,2.0,1.3,1.5,1.5,4048,6723126514.0,107965,65195,2026-08-31
NIFTY,2026-09-08,25450.0,CE,2.25,2.25,1.4,1.85,1.85,2738,4529673947.5,57525,34580,2026-08-31
NIFTY,2026-09-08,24100.0,CE,220.0,231.8,141.2,184.45,184.45,192289,303403862820.5,1962805,1325285,2026-08-31
NIFTY,2026-09-08,23850.0,CE,336.6,423.0,300.0,369.4,369.4,2136,3358925030.5,23400,18200,2026-08-31
NIFTY,2026-09-08,23650.0,CE,503.7,596.0,468.7,547.0,547.0,56,87999934.75,1495,1235,2026-08-31
NIFTY,2026-09-08,22950.0,CE,0.0,0.0,0.0,1838.05,1164.78,0,0.0,0,0,2026-08-31
NIFTY,2026-09-01,27200.0,CE,0.35,0.4,0.25,0.35,0.35,14025,24796512240.5,226330,-106405,2026-08-31
NIFTY,2026-09-01,26100.0,CE,0.45,0.55,0.3,0.35,0.35,9342,15848979006.25,129220,-56940,2026-08-31
NIFTY,2026-09-01,24700.0,CE,2.05,2.4,1.2,1.5,1.5,1071073,1719731926757.0,6833190,-765830,2026-08-31
NIFTY,2026-09-01,23900.0,CE,270.0,302.05,163.55,228.8,228.8,568753,891177043204.5,501930,179335,2026-08-31
NIFTY,2026-09-01,23600.0,CE,548.1,600.7,440.0,517.2,517.2,5869,9190405282.5,36920,4420,2026-08-31
NIFTY,2026-09-01,22350.0,CE,0.0,0.0,0.0,2032.25,1734.1,0,0.0,0,0,2026-08-31
NIFTY,2026-09-01,24850.0,CE,1.45,1.65,0.85,1.05,1.05,339444,548314474165.25,2254915,-203255,2026-08-31
NIFTY,2026-09-01,24800.0,CE,1.6,1.75,1.05,1.25,1.25,957134,1542987110489.5,8167575,311350,2026-08-31
NIFTY,2026-12-29,16500.0,PE,0.0,0.0,0.0,9.5,0.0,0,0.0,4355,0,2026-08-31
NIFTY,2026-12-29,18000.0,PE,16.85,17.5,16.4,17.25,17.25,192,224852917.25,528000,5655,2026-08-31
NIFTY,2026-12-29,20000.0,PE,28.85,29.95,28.0,29.45,29.45,1924,2504870927.0,1099030,-3705,2026-08-31
NIFTY,2027-03-30,22500.0,PE,174.95,181.2,167.7,170.8,170.8,1016,1497390589.5,612430,18330,2026-08-31
NIFTY,2027-12-28,24000.0,PE,679.95,697.95,646.75,651.55,651.55,312,500135593.75,168385,10985,2026-08-31
NIFTY,2029-12-24,16500.0,PE,0.0,0.0,0.0,10.15,41.27,0,0.0,0,0,2026-08-31
NIFTY,2029-12-24,21000.0,PE,0.0,0.0,0.0,350.05,326.66,0,0.0,715,0,2026-08-31
NIFTY,2029-12-24,30000.0,PE,0.0,0.0,0.0,1953.5,2841.36,0,0.0,0,0,2026-08-31
NIFTY,2030-12-31,16500.0,PE,0.0,0.0,0.0,13.65,52.76,0,0.0,0,0,2026-08-31
NIFTY,2028-06-27,22500.0,CE,0.0,0.0,0.0,6796.05,4632.95,0,0.0,0,0,2026-08-31
NIFTY,2030-12-31,19500.0,PE,0.0,0.0,0.0,67.4,194.67,0,0.0,0,0,2026-08-31
NIFTY,2028-06-27,28500.0,CE,0.0,0.0,0.0,2990.0,1592.26,0,0.0,0,0,2026-08-31
NIFTY,2026-09-29,25850.0,CE,0.0,0.0,0.0,117.25,36.93,0,0.0,65,0,2026-08-31
NIFTY,2026-09-22,24800.0,PE,0.0,0.0,0.0,785.4,780.07,0,0.0,0,0,2026-08-31
NIFTY,2026-09-22,24950.0,PE,0.0,0.0,0.0,887.95,894.67,0,0.0,0,0,2026-08-31
NIFTY,2026-09-22,25050.0,PE,0.0,0.0,0.0,959.7,975.27,0,0.0,0,0,2026-08-31
NIFTY,2026-09-22,25250.0,PE,0.0,0.0,0.0,1111.0,1144.03,0,0.0,0,0,2026-08-31
NIFTY,2026-09-22,25400.0,PE,0.0,0.0,0.0,1230.35,1276.24,0,0.0,0,0,2026-08-31
NIFTY,2026-09-22,25450.0,PE,0.0,0.0,0.0,1271.15,1321.22,0,0.0,0,0,2026-08-31
NIFTY,2026-09-22,25850.0,PE,0.0,0.0,0.0,1613.85,1693.69,0,0.0,0,0,2026-08-31
NIFTY,2026-09-22,26100.0,PE,0.0,0.0,0.0,1839.95,1934.47,0,0.0,0,0,2026-08-31
NIFTY,2026-09-29,21600.0,PE,8.75,9.2,7.35,7.65,7.65,534,750013511.0,170495,5720,2026-08-31
NIFTY,2026-10-27,22450.0,CE,0.0,0.0,0.0,2042.45,1932.44,0,0.0,0,0,2026-08-31
NIFTY,2026-10-27,22250.0,CE,0.0,0.0,0.0,2190.0,2111.11,0,0.0,10075,0,2026-08-31
NIFTY,2026-09-29,26850.0,CE,3.45,3.65,2.2,2.5,2.5,41,71563573.25,3380,0,2026-08-31
NIFTY,2026-09-29,25300.0,CE,20.0,22.2,16.9,18.15,18.15,15074,24807379840.75,879385,29380,2026-08-31
NIFTY,2026-10-27,25000.0,PE,765.0,822.0,710.0,739.1,739.1,1050,1758575815.75,569790,7800,2026-08-31
NIFTY,2026-10-27,25200.0,PE,950.0,971.1,864.05,903.85,903.85,119,202222010.25,13260,4030,2026-08-31
NIFTY,2026-10-27,25600.0,PE,0.0,0.0,0.0,1015.2,1448.43,0,0.0,130,0,2026-08-31
NIFTY,2026-10-27,26000.0,PE,1624.0,1700.0,1553.3,1609.1,1609.1,669,1201643368.25,142545,27950,2026-08-31
NIFTY,2026-10-27,26600.0,PE,0.0,0.0,0.0,2372.55,2307.49,0,0.0,0,0,2026-08-31
NIFTY,2026-11-23,22450.0,PE,0.0,0.0,0.0,108.55,122.56,0,0.0,0,0,2026-08-31
NIFTY,2026-09-29,25250.0,CE,24.0,24.9,19.65,20.7,20.7,4216,6925241823.5,149175,28015,2026-08-31
NIFTY,2026-09-29,25050.0,CE,38.0,41.7,32.35,36.25,36.25,2030,3310054624.5,201695,6175,2026-08-31
NIFTY,2026-09-29,24250.0,CE,260.0,304.0,234.05,271.25,271.25,3833,6106072144.25,319865,28665,2026-08-31
NIFTY,2026-09-29,23650.0,CE,0.0,0.0,0.0,703.95,757.11,0,0.0,2015,0,2026-08-31
NIFTY,2026-09-29,23500.0,CE,830.0,865.65,741.1,816.25,816.25,5621,8871011295.25,479310,-47970,2026-08-31
NIFTY,2026-09-29,23450.0,CE,0.0,0.0,0.0,936.2,899.89,0,0.0,715,0,2026-08-31
NIFTY,2026-09-29,23400.0,CE,850.0,942.0,833.0,907.1,907.1,89,140555766.0,33930,1040,2026-08-31
NIFTY,2026-09-29,23200.0,CE,1049.75,1106.0,1006.4,1080.0,1094.73,55,86594179.75,21515,325,2026-08-31
NIFTY,2026-09-29,22350.0,CE,0.0,0.0,0.0,1788.15,1854.85,0,0.0,195,0,2026-08-31
NIFTY,2026-09-29,22300.0,CE,0.0,0.0,0.0,2015.3,1902.6,0,0.0,1755,0,2026-08-31
NIFTY,2026-09-29,18000.0,CE,0.0,0.0,0.0,6340.0,6166.72,0,0.0,1365,0,2026-08-31
NIFTY,2026-09-29,15000.0,CE,0.0,0.0,0.0,10499.3,9152.33,0,0.0,0,0,2026-08-31
NIFTY,2026-09-22,25150.0,CE,0.0,0.0,0.0,185.6,80.41,0,0.0,0,0,2026-08-31
NIFTY,2026-11-23,22950.0,PE,0.0,0.0,0.0,186.2,211.08,0,0.0,0,0,2026-08-31
NIFTY,2026-11-23,23950.0,PE,0.0,0.0,0.0,456.55,516.72,0,0.0,0,0,2026-08-31
NIFTY,2026-11-23,24100.0,PE,372.75,372.75,302.95,313.3,313.3,124,196919505.25,7475,7475,2026-08-31
NIFTY,2026-11-23,24550.0,PE,498.05,498.05,473.2,490.55,490.55,28,45566267.5,1300,845,2026-08-31
NIFTY,2026-11-23,25250.0,PE,0.0,0.0,0.0,1090.7,1215.89,0,0.0,0,0,2026-08-31
NIFTY,2026-11-23,26100.0,PE,0.0,0.0,0.0,1675.5,1842.14,0,0.0,0,0,2026-08-31
NIFTY,2026-12-29,12000.0,PE,4.3,4.3,4.3,4.3,4.3,27,21067546.5,18215,0,2026-08-31
NIFTY,2027-03-30,33000.0,PE,0.0,0.0,0.0,8415.45,7705.58,0,0.0,0,0,2026-08-31
NIFTY,2027-06-29,33000.0,PE,0.0,0.0,0.0,4691.7,7237.12,0,0.0,0,0,2026-08-31
NIFTY,2027-12-28,19500.0,PE,0.0,0.0,0.0,29.25,88.81,0,0.0,0,0,2026-08-31
NIFTY,2027-12-28,22500.0,PE,0.0,0.0,0.0,186.5,468.34,0,0.0,0,0,2026-08-31
NIFTY,2027-12-28,30000.0,PE,3800.0,3800.0,3770.0,3770.0,4086.08,7,15377050.0,1105,195,2026-08-31
NIFTY,2028-06-27,18000.0,PE,0.0,0.0,0.0,396.75,49.12,0,0.0,0,0,2026-08-31
NIFTY,2028-06-27,22000.0,PE,0.0,0.0,0.0,369.95,420.7,0,0.0,1495,0,2026-08-31
NIFTY,2028-06-27,25500.0,PE,0.0,0.0,0.0,667.45,1379.52,0,0.0,0,0,2026-08-31
NIFTY,2028-12-26,21000.0,PE,351.05,351.05,339.05,339.05,300.93,5,6935971.25,8555,260,2026-08-31
NIFTY,2028-12-26,22500.0,PE,0.0,0.0,0.0,218.8,535.13,0,0.0,0,0,2026-08-31
NIFTY,2028-12-26,30000.0,PE,0.0,0.0,0.0,2352.75,3367.89,0,0.0,0,0,2026-08-31
NIFTY,2029-06-26,22500.0,PE,0.0,0.0,0.0,224.45,540.79,0,0.0,0,0,2026-08-31
NIFTY,2029-06-26,26000.0,PE,0.0,0.0,0.0,1650.0,1417.79,0,0.0,50,0,2026-08-31
NIFTY,2029-12-24,19500.0,PE,0.0,0.0,0.0,61.2,183.02,0,0.0,0,0,2026-08-31
NIFTY,2030-12-31,27000.0,PE,0.0,0.0,0.0,779.5,1445.81,0,0.0,0,0,2026-08-31
NIFTY,2030-12-31,33000.0,PE,0.0,0.0,0.0,2387.3,3649.34,0,0.0,0,0,2026-08-31
NIFTY,2026-10-27,26350.0,CE,0.0,0.0,0.0,194.1,80.67,0,0.0,0,0,2026-08-31
NIFTY,2026-09-22,24400.0,CE,170.0,178.5,127.05,153.0,153.0,791,1262047712.25,28080,4355,2026-08-31
NIFTY,2026-09-22,23300.0,CE,0.0,0.0,0.0,1128.6,955.43,0,0.0,0,0,2026-08-31
NIFTY,2026-09-15,25700.0,CE,4.85,4.85,2.4,2.9,2.9,232,387606722.75,9360,3705,2026-08-31
NIFTY,2026-09-15,24550.0,CE,89.5,89.5,50.65,61.6,61.6,1953,3124104587.5,65715,16250,2026-08-31
NIFTY,2026-09-15,22450.0,CE,0.0,0.0,0.0,2169.4,1689.67,0,0.0,0,0,2026-08-31
NIFTY,2026-09-08,25950.0,CE,2.5,2.5,0.9,1.0,1.0,465,784369930.5,6370,-3250,2026-08-31
NIFTY,2026-09-08,25150.0,CE,2.95,4.6,2.65,2.95,2.95,6673,10910090886.5,99320,-15080,2026-08-31
NIFTY,2026-09-08,24600.0,CE,24.5,29.75,15.3,17.75,17.75,137092,219383629120.5,2779595,1274195,2026-08-31
NIFTY,2026-09-08,23600.0,CE,542.5,646.6,508.2,597.2,597.2,2526,3969621210.75,117975,109330,2026-08-31
NIFTY,2026-09-08,23450.0,CE,656.0,725.4,653.8,722.15,695.65,11,17263486.5,585,455,2026-08-31
NIFTY,2026-09-08,23200.0,CE,920.0,997.35,890.45,983.85,983.85,125,196196393.25,14430,1300,2026-08-31
NIFTY,2026-09-08,22350.0,CE,0.0,0.0,0.0,2406.1,1760.13,0,0.0,0,0,2026-08-31
NIFTY,2026-09-01,26700.0,CE,0.4,0.55,0.35,0.4,0.4,4196,7282272760.75,59995,-7280,2026-08-31
NIFTY,2026-09-01,26200.0,CE,0.45,0.6,0.3,0.35,0.35,13392,22806928917.5,142805,-24050,2026-08-31
NIFTY,2026-09-01,26150.0,CE,0.55,0.55,0.3,0.35,0.35,3881,6596837256.75,38220,-43225,2026-08-31
NIFTY,2026-09-01,25600.0,CE,0.55,0.7,0.3,0.4,0.4,116736,194252878995.5,1963780,-1234805,2026-08-31
NIFTY,2026-09-01,25300.0,CE,0.9,0.9,0.45,0.6,0.6,216693,356361373953.0,2846285,-1220635,2026-08-31
NIFTY,2026-09-01,25100.0,CE,0.85,1.15,0.6,0.7,0.7,408379,666293488864.25,3516890,-1583530,2026-08-31
NIFTY,2026-09-01,24650.0,CE,3.1,3.1,1.5,1.75,1.75,801167,1283780561007.75,3352635,117195,2026-08-31
NIFTY,2026-09-01,22950.0,CE,0.0,0.0,0.0,1501.8,1134.2,0,0.0,0,0,2026-08-31
NIFTY,2026-09-01,22800.0,CE,0.0,0.0,0.0,1629.4,1284.18,0,0.0,0,0,2026-08-31
NIFTY,2026-09-01,22300.0,CE,0.0,0.0,0.0,2078.55,1784.1,0,0.0,0,0,2026-08-31
NIFTY,2026-10-27,22750.0,CE,0.0,0.0,0.0,1805.4,1674.41,0,0.0,0,0,2026-08-31
NIFTY,2026-10-27,23150.0,CE,0.0,0.0,0.0,1510.7,1353.43,0,0.0,0,0,2026-08-31
NIFTY,2026-10-27,24550.0,CE,270.05,316.0,263.75,297.75,297.75,110,177552488.75,10530,260,2026-08-31
NIFTY,2026-10-27,25200.0,CE,100.05,100.75,83.05,90.5,90.5,4469,7345734526.0,314275,12220,2026-08-31
NIFTY,2026-10-27,26250.0,CE,0.0,0.0,0.0,210.65,91.06,0,0.0,0,0,2026-08-31
NIFTY,2026-11-23,22650.0,CE,0.0,0.0,0.0,2156.8,1923.4,0,0.0,0,0,2026-08-31
NIFTY,2026-09-22,24200.0,PE,232.15,265.25,187.65,212.85,212.85,701,1113415946.5,25025,-2470,2026-08-31
NIFTY,2026-09-22,24100.0,PE,176.0,218.45,151.7,172.4,172.4,1478,2333502908.75,37310,3900,2026-08-31
NIFTY,2026-09-15,25850.0,PE,0.0,0.0,0.0,1345.95,1710.8,0,0.0,0,0,2026-08-31
NIFTY,2026-09-15,24950.0,PE,0.0,0.0,0.0,689.2,873.33,0,0.0,0,0,2026-08-31
NIFTY,2026-09-15,24050.0,PE,100.0,166.4,100.0,125.35,125.35,3268,5138695094.0,48880,19955,2026-08-31
NIFTY,2026-09-01,24000.0,PE,22.75,59.95,19.2,30.15,30.15,11947246,18668994659298.75,16024385,5762380,2026-08-31
NIFTY,2026-09-01,24450.0,PE,314.2,419.5,271.5,339.6,339.6,22426,36155900332.5,272610,-192725,2026-08-31
NIFTY,2026-09-01,25050.0,PE,1003.0,1003.0,906.8,907.85,965.45,20,33810328.5,7605,-650,2026-08-31
NIFTY,2026-09-01,26000.0,PE,1937.65,1966.3,1830.65,1888.45,1888.45,1249,2265846576.5,92950,-61945,2026-08-31
NIFTY,2026-09-01,26400.0,PE,0.0,0.0,0.0,2081.0,2315.22,0,0.0,0,0,2026-08-31
NIFTY,2026-09-01,27150.0,PE,0.0,0.0,0.0,2789.8,3065.1,0,0.0,0,0,2026-08-31
NIFTY,2026-09-08,22400.0,PE,3.05,3.8,2.7,3.35,3.35,41587,60559468342.75,1692340,151710,2026-08-31
NIFTY,2026-09-08,22450.0,PE,3.45,3.9,2.9,3.45,3.45,1493,2178995243.75,41600,33865,2026-08-31
NIFTY,2026-09-08,22700.0,PE,3.4,4.65,3.15,4.3,4.3,14495,21391284931.25,409110,274170,2026-08-31
NIFTY,2026-09-08,22950.0,PE,5.95,5.95,4.0,5.4,5.4,4670,6968070824.0,102635,68380,2026-08-31
NIFTY,2026-09-08,23650.0,PE,20.7,31.35,17.05,20.4,20.4,32561,50104985606.0,534105,291460,2026-08-31
NIFTY,2026-09-08,25650.0,PE,0.0,0.0,0.0,1079.4,1536.51,0,0.0,0,0,2026-08-31
NIFTY,2026-09-15,23050.0,PE,0.0,0.0,0.0,58.25,27.5,0,0.0,0,0,2026-08-31
NIFTY,2026-09-15,23500.0,PE,29.8,37.65,23.45,26.8,26.8,25763,39402047421.75,860665,495560,2026-08-31
NIFTY,2026-09-15,23900.0,PE,69.35,113.4,69.3,83.2,83.2,13733,21419842252.25,687440,280670,2026-08-31
NIFTY,2027-06-29,33000.0,CE,0.0,0.0,0.0,1122.75,60.92,0,0.0,0,0,2026-08-31
NIFTY,2027-06-29,25500.0,CE,925.0,1049.3,925.0,1049.3,1049.3,11,18902929.5,260,-390,2026-08-31
NIFTY,2026-12-29,22500.0,CE,2140.0,2166.55,2115.8,2119.25,2249.62,35,56063575.75,16965,520,2026-08-31
NIFTY,2026-12-29,16000.0,CE,0.0,0.0,0.0,8178.15,8421.78,0,0.0,245,0,2026-08-31
NIFTY,2026-11-23,25550.0,CE,0.0,0.0,0.0,446.95,336.81,0,0.0,0,0,2026-08-31
NIFTY,2026-11-23,25450.0,CE,0.0,0.0,0.0,479.65,364.35,0,0.0,0,0,2026-08-31
NIFTY,2026-11-23,24600.0,CE,394.2,445.35,385.35,425.3,425.3,59,95902254.5,2665,130,2026-08-31
NIFTY,2026-11-23,24250.0,CE,0.0,0.0,0.0,1018.2,841.09,0,0.0,0,0,2026-08-31
NIFTY,2029-06-26,18000.0,CE,0.0,0.0,0.0,11678.65,9203.81,0,0.0,0,0,2026-08-31
NIFTY,2028-06-27,19500.0,CE,0.0,0.0,0.0,9209.1,6905.4,0,0.0,0,0,2026-08-31
NIFTY,2027-12-28,33000.0,CE,0.0,0.0,0.0,120.0,265.51,0,0.0,3510,0,2026-08-31
NIFTY,2026-09-08,26350.0,CE,1.1,1.3,0.65,1.0,1.0,5041,8634306443.75,236275,223990,2026-08-31
NIFTY,2026-09-08,25500.0,CE,2.0,2.05,1.6,1.75,1.75,98310,162960300171.5,3432455,2370160,2026-08-31
NIFTY,2026-09-08,24550.0,CE,32.0,37.75,20.05,24.65,24.65,56810,90751898217.5,532805,198640,2026-08-31
NIFTY,2026-09-08,23100.0,CE,1000.0,1080.0,1000.0,1070.4,1070.4,12,18807932.0,780,780,2026-08-31
NIFTY,2026-09-01,27100.0,CE,0.3,0.5,0.25,0.3,0.3,5081,8950292773.5,109200,-14560,2026-08-31
NIFTY,2026-09-01,26450.0,CE,0.35,0.55,0.25,0.35,0.35,1579,2714736973.0,30550,-5655,2026-08-31
NIFTY,2026-09-01,26050.0,CE,0.6,0.6,0.3,0.35,0.35,2925,4952844923.0,44330,-2145,2026-08-31
NIFTY,2026-09-01,25250.0,CE,0.75,0.9,0.45,0.55,0.55,69530,114119131873.5,1320930,376870,2026-08-31
NIFTY,2026-09-01,24550.0,CE,5.0,5.35,2.0,2.45,2.45,1229798,1962701637734.5,5537935,364910,2026-08-31
NIFTY,2026-09-01,23850.0,CE,303.75,348.3,204.6,274.3,274.3,106577,166927621952.0,131950,59930,2026-08-31
NIFTY,2026-09-01,22750.0,CE,0.0,0.0,0.0,1672.8,1334.17,0,0.0,0,0,2026-08-31
NIFTY,2026-09-01,22500.0,CE,1554.55,1635.25,1545.05,1605.1,1605.1,136,212743917.75,8060,-3835,2026-08-31
NIFTY,2029-06-26,21000.0,CE,0.0,0.0,0.0,9799.75,6947.53,0,0.0,0,0,2026-08-31
NIFTY,2029-06-26,33000.0,CE,0.0,0.0,0.0,4179.45,1414.73,0,0.0,0,0,2026-08-31
NIFTY,2029-12-24,16500.0,CE,0.0,0.0,0.0,12984.85,10848.93,0,0.0,0,0,2026-08-31
NIFTY,2029-12-24,28500.0,CE,0.0,0.0,0.0,4802.1,3360.39,0,0.0,0,0,2026-08-31
NIFTY,2030-06-25,18000.0,CE,0.0,0.0,0.0,12423.9,10170.39,0,0.0,0,0,2026-08-31
NIFTY,2030-06-25,31500.0,CE,0.0,0.0,0.0,3984.8,2828.83,0,0.0,0,0,2026-08-31
NIFTY,2030-12-31,16500.0,CE,0.0,0.0,0.0,13763.55,11718.8,0,0.0,0,0,2026-08-31
NIFTY,2030-12-31,28500.0,CE,0.0,0.0,0.0,5968.3,4532.1,0,0.0,0,0,2026-08-31
NIFTY,2031-06-24,31500.0,CE,0.0,0.0,0.0,3928.35,3891.01,0,0.0,0,0,2026-08-31
NIFTY,2026-09-01,22050.0,PE,0.55,0.6,0.25,0.3,0.3,12935,18539419843.75,154635,7540,2026-08-31
NIFTY,2026-09-01,22100.0,PE,0.55,0.65,0.25,0.3,0.3,109819,157757623530.0,1456910,-41600,2026-08-31
NIFTY,2026-09-01,22150.0,PE,0.6,0.65,0.3,0.4,0.4,6455,9293777356.5,77480,-50505,2026-08-31
NIFTY,2030-06-25,33000.0,PE,0.0,0.0,0.0,3143.9,3984.0,0,0.0,0,0,2026-08-31
NIFTY,2030-06-25,19500.0,PE,0.0,0.0,0.0,64.95,190.69,0,0.0,0,0,2026-08-31
NIFTY,2030-06-25,16500.0,PE,0.0,0.0,0.0,12.0,47.59,0,0.0,0,0,2026-08-31
NIFTY,2026-09-01,23250.0,PE,0.8,1.65,0.75,1.2,1.2,231802,350330267475.5,1241045,434655,2026-08-31
NIFTY,2026-09-01,23300.0,PE,1.25,1.75,0.8,1.2,1.2,500454,757982123834.0,3787745,297375,2026-08-31
NIFTY,2026-09-01,23350.0,PE,1.8,2.15,0.85,1.25,1.25,278946,423397234637.0,1859975,-139230,2026-08-31
NIFTY,2029-06-26,31500.0,PE,0.0,0.0,0.0,2443.35,3882.81,0,0.0,0,0,2026-08-31
NIFTY,2029-06-26,21000.0,PE,0.0,0.0,0.0,320.25,318.27,0,0.0,0,0,2026-08-31
NIFTY,2028-12-26,33000.0,PE,0.0,0.0,0.0,3315.4,5230.67,0,0.0,0,0,2026-08-31
NIFTY,2028-12-26,25000.0,PE,950.0,950.0,938.05,939.35,939.35,13,21921227.25,8400,585,2026-08-31
NIFTY,2028-12-26,18000.0,PE,0.0,0.0,0.0,250.0,67.03,0,0.0,75,0,2026-08-31
NIFTY,2028-06-27,21000.0,PE,0.0,0.0,0.0,907.2,270.88,0,0.0,0,0,2026-08-31
NIFTY,2027-12-28,22000.0,PE,335.5,336.0,324.5,328.95,328.95,43,62414053.0,47925,-455,2026-08-31
NIFTY,2027-12-28,15000.0,PE,0.0,0.0,0.0,21.7,1.22,0,0.0,755,0,2026-08-31
NIFTY,2027-06-29,31500.0,PE,0.0,0.0,0.0,3604.7,5881.71,0,0.0,0,0,2026-08-31
NIFTY,2027-06-29,24000.0,PE,534.95,562.4,510.95,531.3,531.3,94,149998660.5,25675,4940,2026-08-31
NIFTY,2027-03-30,31500.0,PE,0.0,0.0,0.0,7066.15,6286.03,0,0.0,0,0,2026-08-31
NIFTY,2027-03-30,30000.0,PE,0.0,0.0,0.0,4575.0,4902.01,0,0.0,3120,0,2026-08-31
NIFTY,2027-03-30,25500.0,PE,1008.0,1058.0,978.0,1005.35,1005.35,385,663663351.0,226720,6175,2026-08-31
NIFTY,2026-12-29,28500.0,PE,0.0,0.0,0.0,3320.25,3868.91,0,0.0,130,0,2026-08-31
NIFTY,2026-12-29,25000.0,PE,748.0,817.35,719.3,745.95,745.95,3496,5857053016.75,2084515,-15465,2026-08-31
NIFTY,2026-12-29,19500.0,PE,24.45,26.5,24.45,25.6,25.6,196,248747729.75,148005,4355,2026-08-31
NIFTY,2026-11-23,25900.0,PE,0.0,0.0,0.0,1526.4,1684.9,0,0.0,0,0,2026-08-31
NIFTY,2026-11-23,25850.0,PE,0.0,0.0,0.0,1490.4,1646.47,0,0.0,0,0,2026-08-31
NIFTY,2026-11-23,25050.0,PE,0.0,0.0,0.0,971.7,1086.4,0,0.0,0,0,2026-08-31
NIFTY,2026-11-23,23600.0,CE,0.0,0.0,0.0,1427.05,1221.76,0,0.0,0,0,2026-08-31
NIFTY,2026-11-23,23450.0,CE,0.0,0.0,0.0,1533.6,1321.71,0,0.0,0,0,2026-08-31
NIFTY,2026-11-23,23400.0,CE,0.0,0.0,0.0,1569.75,1355.99,0,0.0,0,0,2026-08-31
NIFTY,2026-11-23,23100.0,CE,0.0,0.0,0.0,1793.9,1571.71,0,0.0,0,0,2026-08-31
NIFTY,2026-11-23,22700.0,CE,0.0,0.0,0.0,2115.1,1882.78,0,0.0,0,0,2026-08-31
NIFTY,2026-10-27,27200.0,CE,0.0,0.0,0.0,92.4,26.33,0,0.0,0,0,2026-08-31
NIFTY,2026-10-27,25650.0,CE,42.0,43.45,36.35,38.6,38.6,65,108535729.25,12675,2210,2026-08-31
NIFTY,2026-10-27,25150.0,CE,0.0,0.0,0.0,479.95,298.56,0,0.0,0,0,2026-08-31
NIFTY,2026-10-27,25050.0,CE,119.3,134.75,110.1,122.3,122.3,180,294472977.5,6175,4225,2026-08-31
NIFTY,2026-10-27,23050.0,CE,0.0,0.0,0.0,1446.75,1430.89,0,0.0,65,0,2026-08-31
NIFTY,2026-10-27,23000.0,CE,1360.05,1440.0,1340.05,1413.05,1413.05,92,145749756.75,40560,260,2026-08-31
NIFTY,2026-09-29,27050.0,CE,3.0,3.3,2.05,3.3,2.7,16,28134801.5,4095,130,2026-08-31
NIFTY,2026-09-29,26150.0,CE,5.5,5.5,3.9,4.6,4.6,188,319614399.0,4420,4420,2026-08-31
NIFTY,2026-09-29,25100.0,CE,39.85,39.85,28.05,30.85,30.85,14555,23775520525.25,1000610,-18655,2026-08-31
NIFTY,2026-09-29,21800.0,PE,5.15,13.05,5.15,8.45,8.45,292,413934992.25,94250,1625,2026-08-31
NIFTY,2026-09-29,22300.0,PE,12.95,13.8,12.0,12.4,12.4,487,706309948.5,175825,-7085,2026-08-31
NIFTY,2026-09-29,22850.0,PE,17.75,24.85,17.75,21.25,21.25,1341,1993685463.25,73125,27300,2026-08-31
NIFTY,2026-09-29,23250.0,PE,43.1,47.9,34.95,38.45,38.45,950,1438294412.75,92950,9295,2026-08-31
NIFTY,2026-09-29,23350.0,PE,49.35,57.85,42.0,46.3,46.3,1036,1575800664.75,93405,8320,2026-08-31
NIFTY,2026-09-29,23900.0,PE,120.0,170.45,120.0,135.0,135.0,14603,22827129533.0,734825,67665,2026-08-31
NIFTY,2026-09-29,25000.0,PE,700.0,859.35,700.0,770.5,770.5,4038,6774417074.75,2232305,28485,2026-08-31
NIFTY,2026-09-29,25600.0,PE,1424.2,1424.5,1320.0,1330.15,1455.15,12,21024987.75,32240,0,2026-08-31
NIFTY,2026-09-29,26750.0,PE,0.0,0.0,0.0,2201.15,2546.86,0,0.0,65,0,2026-08-31
NIFTY,2026-09-29,26850.0,PE,0.0,0.0,0.0,2691.9,2645.22,0,0.0,0,0,2026-08-31
NIFTY,2026-09-29,26900.0,PE,0.0,0.0,0.0,2127.9,2694.49,0,0.0,65,0,2026-08-31
NIFTY,2026-09-22,23000.0,PE,16.0,20.7,15.45,17.35,17.35,970,1451322210.0,30225,13715,2026-08-31
NIFTY,2026-09-15,25150.0,PE,0.0,0.0,0.0,817.1,1047.65,0,0.0,0,0,2026-08-31
NIFTY,2026-09-15,25100.0,PE,0.0,0.0,0.0,635.05,1003.15,0,0.0,130,0,2026-08-31
NIFTY,2026-09-15,24900.0,PE,0.0,0.0,0.0,628.7,831.43,0,0.0,260,0,2026-08-31
NIFTY,2026-09-15,24350.0,PE,304.25,327.85,240.25,263.35,263.35,349,558912360.5,30615,3055,2026-08-31
NIFTY,2026-09-15,23650.0,PE,48.65,56.0,35.95,40.5,40.5,1269,1954605110.25,39780,17550,2026-08-31
NIFTY,2026-09-15,22900.0,PE,6.55,11.55,6.55,8.95,8.95,253,376744676.75,14625,4550,2026-08-31
NIFTY,2026-09-08,26300.0,PE,0.0,0.0,0.0,1612.35,2184.77,0,0.0,0,0,2026-08-31
NIFTY,2026-09-08,25900.0,PE,0.0,0.0,0.0,1274.25,1785.51,0,0.0,0,0,2026-08-31
NIFTY,2026-09-08,25300.0,PE,1144.2,1150.0,1143.95,1144.6,1190.91,7,12032468.5,1040,390,2026-08-31
NIFTY,2026-09-08,25250.0,PE,1075.0,1075.0,1075.0,1075.0,1142.16,1,1711125.0,65,65,2026-08-31
NIFTY,2026-09-08,24650.0,PE,544.05,564.0,438.65,479.85,479.85,226,369469659.0,11765,5005,2026-08-31
NIFTY,2026-09-08,24150.0,PE,109.95,185.85,109.7,130.65,130.65,49534,78234545814.75,620230,152295,2026-08-31
NIFTY,2026-09-01,26800.0,PE,0.0,0.0,0.0,2454.6,2715.16,0,0.0,0,0,2026-08-31
NIFTY,2026-09-01,25600.0,PE,0.0,0.0,0.0,1363.55,1515.36,0,0.0,1105,0,2026-08-31
NIFTY,2026-09-01,25150.0,PE,1100.6,1111.6,995.0,1009.45,1065.43,14,23851022.0,4680,-65,2026-08-31
NIFTY,2026-09-01,24900.0,PE,860.0,862.15,738.4,767.95,767.95,413,690134880.5,44330,-2925,2026-08-31
NIFTY,2026-09-01,24800.0,PE,668.9,765.6,630.5,686.3,686.3,2030,3364807241.25,99840,-24700,2026-08-31
NIFTY,2026-09-01,24100.0,PE,58.75,113.0,42.45,62.7,62.7,8664178,13615336239345.75,10180170,263900,2026-08-31
NIFTY,2026-09-29,28500.0,PE,4250.0,4289.8,4180.0,4206.95,4206.95,41,87176037.0,434720,585,2026-08-31
NIFTY,2026-10-27,23050.0,PE,0.0,0.0,0.0,301.35,165.57,0,0.0,0,0,2026-08-31
NIFTY,2026-10-27,23300.0,PE,79.2,103.65,79.2,87.7,87.7,2136,3248004831.5,253240,12545,2026-08-31
NIFTY,2026-10-27,23350.0,PE,0.0,0.0,0.0,387.65,237.03,0,0.0,0,0,2026-08-31
NIFTY,2026-10-27,23950.0,PE,0.0,0.0,0.0,612.05,438.58,0,0.0,0,0,2026-08-31
NIFTY,2026-10-27,24000.0,PE,224.95,268.15,214.3,230.4,230.4,6738,10618693783.75,950885,-29185,2026-08-31
NIFTY,2026-10-27,24550.0,PE,512.6,518.4,434.85,460.5,460.5,35,56879959.5,9165,-65,2026-08-31
NIFTY,2026-10-27,24750.0,PE,546.9,546.9,546.9,546.9,848.5,2,3288597.0,1235,0,2026-08-31
NIFTY,2026-10-27,25450.0,PE,0.0,0.0,0.0,1058.8,1332.04,0,0.0,130,0,2026-08-31
NIFTY,2026-10-27,25650.0,PE,0.0,0.0,0.0,1057.4,1488.1,0,0.0,130,0,2026-08-31
NIFTY,2026-10-27,26500.0,PE,2055.0,2183.45,2055.0,2095.0,2216.48,13,24213904.0,7605,-325,2026-08-31
NIFTY,2026-09-01,23750.0,PE,4.8,9.6,2.5,4.15,4.15,1417111,2188196118394.0,5779800,3213600,2026-08-31
NIFTY,2026-09-01,23700.0,PE,3.65,6.9,1.85,3.25,3.25,1598923,2463595893811.0,8527805,1755715,2026-08-31
NIFTY,2026-09-01,22850.0,PE,1.05,1.15,0.6,0.9,0.9,34587,51372413322.75,217425,72930,2026-08-31
NIFTY,2026-09-01,22500.0,PE,0.85,0.9,0.6,0.7,0.7,219814,321487926685.25,4084600,-2528240,2026-08-31
NIFTY,2031-06-24,22500.0,CE,0.0,0.0,0.0,8012.75,8170.2,0,0.0,0,0,2026-08-31
NIFTY,2030-06-25,30000.0,CE,0.0,0.0,0.0,5580.35,3348.55,0,0.0,0,0,2026-08-31
NIFTY,2030-06-25,28500.0,CE,0.0,0.0,0.0,5382.85,3942.0,0,0.0,0,0,2026-08-31
NIFTY,2029-06-26,22500.0,CE,0.0,0.0,0.0,7946.5,5923.55,0,0.0,0,0,2026-08-31
NIFTY,2028-12-26,27000.0,CE,2698.95,2698.95,2501.0,2501.05,2501.05,4,7689565.0,975,130,2026-08-31
NIFTY,2026-10-27,26750.0,PE,0.0,0.0,0.0,2501.2,2445.54,0,0.0,0,0,2026-08-31
NIFTY,2026-11-23,22500.0,PE,57.0,62.0,53.2,54.4,54.4,814,1193508524.0,57395,22230,2026-08-31
NIFTY,2026-11-23,22600.0,PE,0.0,0.0,0.0,128.5,145.34,0,0.0,0,0,2026-08-31
NIFTY,2026-11-23,25600.0,PE,0.0,0.0,0.0,1316.4,1459.68,0,0.0,0,0,2026-08-31
NIFTY,2026-11-23,25650.0,PE,0.0,0.0,0.0,1350.35,1496.18,0,0.0,0,0,2026-08-31
NIFTY,2026-12-29,14000.0,PE,7.05,7.05,7.05,7.05,0.0,2,1820916.5,9415,0,2026-08-31
NIFTY,2026-11-23,23150.0,CE,0.0,0.0,0.0,1755.4,1534.68,0,0.0,0,0,2026-08-31
NIFTY,2026-11-23,22850.0,CE,0.0,0.0,0.0,1992.05,1763.16,0,0.0,0,0,2026-08-31
NIFTY,2026-11-23,23650.0,CE,0.0,0.0,0.0,1392.8,1189.42,0,0.0,0,0,2026-08-31
NIFTY,2026-11-23,24200.0,CE,663.95,663.95,592.0,641.35,641.35,49,79012352.25,2340,1820,2026-08-31
NIFTY,2026-11-23,25700.0,CE,0.0,0.0,0.0,401.1,299.68,0,0.0,0,0,2026-08-31
NIFTY,2026-12-29,20000.0,CE,4500.05,4568.8,4440.85,4538.1,4538.1,123,196078489.75,588145,-3640,2026-08-31
NIFTY,2026-09-01,22050.0,CE,0.0,0.0,0.0,2313.35,2034.05,0,0.0,0,0,2026-08-31
NIFTY,2026-10-27,26500.0,CE,11.0,13.0,11.0,12.35,12.35,1218,2098992863.5,253825,11570,2026-08-31
NIFTY,2026-10-27,25950.0,CE,0.0,0.0,0.0,267.4,129.28,0,0.0,0,0,2026-08-31
NIFTY,2026-10-27,25250.0,CE,0.0,0.0,0.0,447.85,270.89,0,0.0,0,0,2026-08-31
NIFTY,2026-10-27,24650.0,CE,231.0,271.05,223.95,249.25,249.25,132,213530388.5,10140,2600,2026-08-31
NIFTY,2026-10-27,23850.0,CE,0.0,0.0,0.0,1063.45,872.21,0,0.0,0,0,2026-08-31
NIFTY,2026-09-08,26000.0,CE,1.0,1.15,0.9,1.0,1.0,35043,59224919390.0,1520675,733915,2026-08-31
NIFTY,2026-09-08,26250.0,CE,0.95,1.0,0.75,0.9,0.9,111,189400009.5,6435,195,2026-08-31
NIFTY,2026-09-15,23350.0,CE,0.0,0.0,0.0,1354.25,850.89,0,0.0,0,0,2026-08-31
NIFTY,2026-09-15,23950.0,CE,322.0,399.0,298.0,358.45,358.45,524,826962990.75,3055,2210,2026-08-31
NIFTY,2026-09-15,25100.0,CE,0.0,0.0,0.0,301.2,45.88,0,0.0,0,0,2026-08-31
NIFTY,2026-09-15,25800.0,CE,2.85,3.0,2.05,3.0,3.0,152,254931345.5,18980,5850,2026-08-31
NIFTY,2026-09-15,26050.0,CE,2.0,2.0,2.0,2.0,2.0,3,5080140.0,2145,130,2026-08-31
NIFTY,2026-09-22,22350.0,CE,0.0,0.0,0.0,1959.05,1820.12,0,0.0,0,0,2026-08-31
NIFTY,2026-09-22,24000.0,CE,387.0,411.0,321.5,378.0,378.0,1411,2233635907.75,35685,18525,2026-08-31
NIFTY,2026-09-22,24250.0,CE,196.5,247.1,188.15,220.0,220.0,389,618597076.5,12285,6955,2026-08-31
NIFTY,2026-09-22,24600.0,CE,85.85,101.15,72.05,84.65,84.65,2044,3279439153.25,104260,42900,2026-08-31
NIFTY,2026-09-29,22200.0,CE,1970.0,1970.0,1970.0,1970.0,1998.69,2,3142100.0,260,130,2026-08-31
NIFTY,2026-09-29,22800.0,CE,0.0,0.0,0.0,1646.3,1437.54,0,0.0,2795,0,2026-08-31
NIFTY,2026-09-29,23000.0,CE,1300.0,1327.0,1190.8,1278.85,1278.85,1204,1897015692.0,426400,-5785,2026-08-31
NIFTY,2026-09-29,23700.0,CE,688.9,698.0,581.1,645.4,645.4,438,692418142.0,41665,3835,2026-08-31
NIFTY,2026-09-29,25200.0,CE,30.0,30.0,22.05,23.35,23.35,14759,24197919697.25,948805,-52195,2026-08-31
NIFTY,2026-09-29,25600.0,CE,12.1,12.1,9.1,9.75,9.75,3904,6498800168.25,433745,-520,2026-08-31
NIFTY,2026-09-29,26200.0,CE,4.6,5.05,3.65,4.35,4.35,1419,2416979165.25,183820,5850,2026-08-31
NIFTY,2026-09-29,26800.0,CE,2.05,3.05,2.05,2.3,2.3,62,108015758.5,4420,-845,2026-08-31
NIFTY,2026-09-29,27100.0,CE,1.75,2.6,1.75,2.1,2.38,8,14093170.0,18135,-130,2026-08-31
NIFTY,2026-10-27,22800.0,CE,0.0,0.0,0.0,1767.2,1632.74,0,0.0,0,0,2026-08-31
NIFTY,2026-10-27,23200.0,CE,1187.9,1254.0,1187.9,1254.0,1254.0,2,3174723.5,520,130,2026-08-31
NIFTY,2026-10-27,23450.0,CE,0.0,0.0,0.0,1307.95,1133.27,0,0.0,0,0,2026-08-31
NIFTY,2026-10-27,23600.0,CE,930.0,930.0,930.0,930.0,1030.88,1,1594450.0,65,0,2026-08-31
NIFTY,2026-10-27,24050.0,CE,528.65,607.15,525.0,580.55,580.55,29,46371331.5,1625,715,2026-08-31
NIFTY,2026-10-27,24750.0,CE,198.05,231.05,188.7,211.45,211.45,237,384355679.5,13585,7800,2026-08-31
NIFTY,2026-10-27,24850.0,CE,163.0,190.0,159.7,177.7,177.7,132,214668444.25,9360,1170,2026-08-31
NIFTY,2026-10-27,25750.0,CE,35.7,35.75,29.45,32.9,32.9,855,1432865492.5,110110,-20020,2026-08-31
NIFTY,2026-10-27,25850.0,CE,0.0,0.0,0.0,288.85,144.66,0,0.0,0,0,2026-08-31
NIFTY,2026-10-27,26300.0,CE,0.0,0.0,0.0,202.25,85.73,0,0.0,0,0,2026-08-31
NIFTY,2026-11-23,22400.0,CE,0.0,0.0,0.0,2369.8,2131.65,0,0.0,0,0,2026-08-31
NIFTY,2026-11-23,23350.0,CE,0.0,0.0,0.0,1606.3,1390.74,0,0.0,0,0,2026-08-31
NIFTY,2026-11-23,24150.0,CE,0.0,0.0,0.0,679.25,893.97,0,0.0,260,0,2026-08-31
NIFTY,2026-11-23,24500.0,CE,445.5,500.0,428.45,473.1,473.1,1538,2494768705.0,90610,28535,2026-08-31
NIFTY,2026-12-29,22000.0,CE,2605.0,2667.4,2562.0,2645.15,2645.15,140,224086898.75,268905,1235,2026-08-31
NIFTY,2026-12-29,27000.0,CE,50.0,51.45,45.0,48.15,48.15,4728,8312339990.5,2605950,-8710,2026-08-31
NIFTY,2026-12-29,28500.0,CE,16.75,17.05,15.35,16.5,16.5,283,524559639.5,109395,-9165,2026-08-31
NIFTY,2026-12-29,29000.0,CE,11.65,12.35,10.85,11.8,11.8,353,665675549.5,545490,-1150,2026-08-31
NIFTY,2026-12-29,31000.0,CE,8.25,8.25,7.5,7.5,5.06,27,54418744.25,160830,260,2026-08-31
NIFTY,2027-03-30,27000.0,CE,201.55,201.55,183.0,190.4,190.4,2281,4031248958.75,763555,24635,2026-08-31
NIFTY,2027-03-30,31500.0,CE,0.0,0.0,0.0,94.65,38.61,0,0.0,0,0,2026-08-31
NIFTY,2027-12-28,16500.0,CE,0.0,0.0,0.0,11316.4,8962.07,0,0.0,0,0,2026-08-31
NIFTY,2029-12-24,18000.0,CE,0.0,0.0,0.0,11362.4,9693.65,0,0.0,0,0,2026-08-31
NIFTY,2030-06-25,21000.0,CE,0.0,0.0,0.0,10421.65,8063.24,0,0.0,0,0,2026-08-31
NIFTY,2030-12-31,31500.0,CE,0.0,0.0,0.0,4554.55,3380.19,0,0.0,0,0,2026-08-31
NIFTY,2031-06-24,21000.0,CE,0.0,0.0,0.0,8900.75,9090.61,0,0.0,0,0,2026-08-31
NIFTY,2031-06-24,33000.0,CE,0.0,0.0,0.0,3451.55,3391.79,0,0.0,0,0,2026-08-31
NIFTY,2026-09-01,22400.0,PE,0.55,0.8,0.45,0.6,0.6,26097,37998276374.5,395655,845,2026-08-31
NIFTY,2026-09-01,22550.0,PE,0.95,1.05,0.5,0.7,0.7,23192,33994774544.25,134875,-14690,2026-08-31
NIFTY,2026-09-01,22600.0,PE,1.05,1.05,0.5,0.7,0.7,60386,88709883964.0,374985,-220610,2026-08-31
NIFTY,2026-09-01,23000.0,PE,1.2,1.25,0.65,0.95,0.95,636769,952011047100.75,7367880,-229385,2026-08-31
NIFTY,2026-09-01,23200.0,PE,1.3,1.55,0.7,1.1,1.1,457019,689219638705.0,3464890,281840,2026-08-31
NIFTY,2026-09-01,24150.0,PE,70.0,147.85,61.5,87.65,87.65,3128153,4931297535567.0,4228055,-1843595,2026-08-31
NIFTY,2026-09-01,24350.0,PE,201.1,321.75,184.4,243.0,243.0,110313,176448872554.5,668720,-692510,2026-08-31
NIFTY,2026-09-01,24500.0,PE,353.2,468.65,316.4,389.8,389.8,67431,109123007981.0,1350180,-377325,2026-08-31
NIFTY,2026-09-01,25800.0,PE,1725.0,1725.0,1635.0,1635.0,1715.32,5,8931000.0,650,0,2026-08-31
NIFTY,2026-09-01,26200.0,PE,0.0,0.0,0.0,1950.0,2115.26,0,0.0,65,0,2026-08-31
NIFTY,2026-09-01,26850.0,PE,0.0,0.0,0.0,2502.1,2765.15,0,0.0,0,0,2026-08-31
NIFTY,2026-09-08,23850.0,PE,45.55,67.3,35.9,43.85,43.85,49631,77102154343.5,392795,22165,2026-08-31
NIFTY,2026-09-08,23950.0,PE,64.75,96.6,52.85,63.1,63.1,52180,81486564230.5,506935,201110,2026-08-31
NIFTY,2026-09-08,26050.0,PE,0.0,0.0,0.0,1397.8,1935.18,0,0.0,0,0,2026-08-31
NIFTY,2026-09-08,26150.0,PE,0.0,0.0,0.0,1482.45,2035.0,0,0.0,0,0,2026-08-31
NIFTY,2026-09-08,26200.0,PE,2080.0,2080.0,2080.0,2080.0,2084.92,1,1838200.0,65,65,2026-08-31
NIFTY,2026-09-08,26400.0,PE,0.0,0.0,0.0,1700.8,2284.63,0,0.0,0,0,2026-08-31
NIFTY,2026-09-15,22350.0,PE,5.2,5.95,3.05,5.35,5.35,195,283346745.5,24375,2275,2026-08-31
NIFTY,2026-09-15,22800.0,PE,7.45,9.3,7.0,7.95,7.95,391,579662343.0,29705,6825,2026-08-31
NIFTY,2026-09-15,24150.0,PE,123.65,212.25,123.65,162.35,162.35,2987,4724590338.0,56290,13260,2026-08-31
NIFTY,2026-09-15,24450.0,PE,375.0,400.25,305.4,325.5,325.5,49,78992858.75,5850,-455,2026-08-31
NIFTY,2026-09-15,24500.0,PE,403.9,440.35,326.75,367.05,367.05,1793,2901279657.25,260195,-21450,2026-08-31
NIFTY,2026-09-15,25350.0,PE,0.0,0.0,0.0,956.1,1230.62,0,0.0,0,0,2026-08-31
NIFTY,2026-09-15,26000.0,PE,1825.0,1825.0,1789.45,1789.45,1789.45,5,9035903.5,455,325,2026-08-31
NIFTY,2026-09-15,26200.0,PE,0.0,0.0,0.0,1647.25,2056.17,0,0.0,0,0,2026-08-31
NIFTY,2026-09-22,23050.0,PE,0.0,0.0,0.0,93.3,52.84,0,0.0,0,0,2026-08-31
NIFTY,2026-09-22,24000.0,PE,128.25,178.2,124.0,139.1,139.1,3081,4838106734.5,87750,56095,2026-08-31
NIFTY,2026-09-22,24050.0,PE,188.7,198.25,139.15,154.1,154.1,239,376250199.0,2990,2990,2026-08-31
NIFTY,2026-09-29,22400.0,PE,18.95,18.95,12.9,13.7,13.7,577,840644678.25,80080,-5330,2026-08-31
NIFTY,2026-09-29,23050.0,PE,29.75,33.7,25.4,28.15,28.15,1220,1830273168.75,80730,30550,2026-08-31
NIFTY,2026-09-29,24850.0,PE,646.5,646.5,610.15,610.15,841.74,3,4969454.75,15015,0,2026-08-31
NIFTY,2026-09-29,25050.0,PE,0.0,0.0,0.0,791.2,992.62,0,0.0,3900,0,2026-08-31
NIFTY,2026-09-29,25300.0,PE,0.0,0.0,0.0,966.2,1195.17,0,0.0,30225,0,2026-08-31
NIFTY,2026-09-29,25550.0,PE,0.0,0.0,0.0,1082.2,1410.73,0,0.0,845,0,2026-08-31
NIFTY,2026-09-29,26000.0,PE,1794.75,1819.35,1670.0,1730.6,1730.6,990,1785732289.25,2274140,2795,2026-08-31
NIFTY,2026-09-29,26050.0,PE,0.0,0.0,0.0,1710.0,1869.75,0,0.0,260,0,2026-08-31
NIFTY,2026-09-29,34500.0,PE,0.0,0.0,0.0,7064.95,10254.16,0,0.0,0,0,2026-08-31
NIFTY,2026-10-27,22900.0,PE,0.0,0.0,0.0,262.65,136.86,0,0.0,0,0,2026-08-31
NIFTY,2026-10-27,22950.0,PE,0.0,0.0,0.0,274.9,145.97,0,0.0,0,0,2026-08-31
NIFTY,2026-10-27,23150.0,PE,0.0,0.0,0.0,327.65,187.08,0,0.0,0,0,2026-08-31
NIFTY,2026-10-27,23750.0,PE,0.0,0.0,0.0,529.65,361.38,0,0.0,0,0,2026-08-31
NIFTY,2026-10-27,23800.0,PE,192.55,205.45,164.4,177.05,177.05,4521,7049108729.0,301275,57395,2026-08-31
NIFTY,2026-10-27,25700.0,PE,0.0,0.0,0.0,1260.0,1528.18,0,0.0,325,0,2026-08-31
NIFTY,2026-10-27,26250.0,PE,0.0,0.0,0.0,2081.05,1993.12,0,0.0,0,0,2026-08-31
NIFTY,2026-10-27,26400.0,PE,0.0,0.0,0.0,2204.4,2126.39,0,0.0,0,0,2026-08-31
NIFTY,2026-11-23,22800.0,PE,0.0,0.0,0.0,159.45,180.63,0,0.0,0,0,2026-08-31
NIFTY,2026-11-23,23100.0,PE,0.0,0.0,0.0,216.2,245.19,0,0.0,0,0,2026-08-31
NIFTY,2026-11-23,23500.0,PE,145.0,181.9,145.0,164.1,164.1,922,1418527428.5,66430,26585,2026-08-31
NIFTY,2026-11-23,23700.0,PE,0.0,0.0,0.0,372.35,422.07,0,0.0,0,0,2026-08-31
NIFTY,2026-11-23,23900.0,PE,0.0,0.0,0.0,438.75,496.77,0,0.0,0,0,2026-08-31
NIFTY,2026-11-23,24700.0,PE,600.05,620.0,600.0,620.0,878.3,12,19740110.0,520,520,2026-08-31
NIFTY,2026-11-23,24800.0,PE,617.0,618.0,617.0,618.0,935.28,2,3304275.0,1105,130,2026-08-31
NIFTY,2026-11-23,25550.0,PE,0.0,0.0,0.0,1282.8,1423.58,0,0.0,0,0,2026-08-31
NIFTY,2027-06-29,21000.0,PE,134.95,134.95,133.95,133.95,145.62,2,2747478.5,8090,65,2026-08-31
NIFTY,2027-06-29,25500.0,PE,0.0,0.0,0.0,667.15,1446.85,0,0.0,0,0,2026-08-31
NIFTY,2027-12-28,17000.0,PE,0.0,0.0,0.0,54.0,11.62,0,0.0,17750,0,2026-08-31
NIFTY,2027-12-28,21000.0,PE,253.1,255.0,231.3,231.55,231.55,35,48340711.25,36790,1300,2026-08-31
NIFTY,2028-06-27,24000.0,PE,0.0,0.0,0.0,1692.75,879.27,0,0.0,0,0,2026-08-31
NIFTY,2028-12-26,25500.0,PE,0.0,0.0,0.0,648.2,1321.8,0,0.0,0,0,2026-08-31
NIFTY,2029-06-26,28500.0,PE,0.0,0.0,0.0,1349.1,2380.16,0,0.0,0,0,2026-08-31
NIFTY,2029-06-26,33000.0,PE,0.0,0.0,0.0,3022.85,4757.54,0,0.0,0,0,2026-08-31
NIFTY,2029-12-24,22500.0,PE,0.0,0.0,0.0,225.7,536.7,0,0.0,0,0,2026-08-31
NIFTY,2029-12-24,27000.0,PE,0.0,0.0,0.0,1177.9,1655.83,0,0.0,0,0,2026-08-31
NIFTY,2029-12-24,28500.0,PE,0.0,0.0,0.0,1255.9,2205.63,0,0.0,0,0,2026-08-31
NIFTY,2031-06-24,27000.0,PE,0.0,0.0,0.0,1653.15,1356.23,0,0.0,0,0,2026-08-31
NIFTY,2026-09-08,25250.0,CE,3.45,3.45,2.05,2.5,2.5,4503,7391324242.25,110045,87230,2026-08-31
NIFTY,2026-09-01,22100.0,CE,1951.0,1951.0,1951.0,1951.0,1984.06,1,1563315.0,65,0,2026-08-31
NIFTY,2026-09-01,22150.0,CE,0.0,0.0,0.0,2218.8,1934.07,0,0.0,0,0,2026-08-31
NIFTY,2026-09-01,24100.0,CE,128.0,136.0,46.75,76.7,76.7,8631448,13563979320349.25,9995505,5138380,2026-08-31
NIFTY,2026-09-01,27000.0,CE,0.4,0.55,0.3,0.4,0.4,15720,27589021729.75,400335,72475,2026-08-31
NIFTY,2026-09-08,22450.0,CE,0.0,0.0,0.0,2309.55,1660.37,0,0.0,0,0,2026-08-31
NIFTY,2026-09-08,22500.0,CE,1569.9,1723.05,1569.9,1673.25,1673.25,142,222405124.5,8645,8645,2026-08-31
NIFTY,2026-09-08,23950.0,CE,326.0,340.0,228.6,289.75,289.75,10649,16763522912.5,86580,69355,2026-08-31
NIFTY,2026-09-08,24200.0,CE,157.0,168.5,97.5,129.2,129.2,231036,365278151173.0,3204890,1331850,2026-08-31
NIFTY,2026-09-08,24500.0,CE,40.1,48.5,25.35,32.4,32.4,222689,355112840563.0,3714425,1441375,2026-08-31
NIFTY,2026-09-08,24850.0,CE,9.75,9.9,4.85,5.85,5.85,53272,86069454532.75,674830,-304785,2026-08-31
NIFTY,2026-09-08,25350.0,CE,3.55,3.55,1.5,2.1,2.1,1647,2714080856.5,35815,21320,2026-08-31
NIFTY,2026-11-23,23150.0,PE,0.0,0.0,0.0,226.95,257.41,0,0.0,0,0,2026-08-31
NIFTY,2026-11-23,23050.0,PE,0.0,0.0,0.0,205.8,233.4,0,0.0,0,0,2026-08-31
NIFTY,2026-11-23,22550.0,PE,0.0,0.0,0.0,121.55,137.41,0,0.0,0,0,2026-08-31
NIFTY,2026-10-27,27000.0,PE,2670.0,2700.0,2570.35,2607.1,2679.17,15,28912861.25,27560,-130,2026-08-31
NIFTY,2026-10-27,26300.0,PE,0.0,0.0,0.0,2121.9,2037.28,0,0.0,0,0,2026-08-31
NIFTY,2026-10-27,25300.0,PE,0.0,0.0,0.0,940.05,1219.56,0,0.0,650,0,2026-08-31
NIFTY,2026-10-27,24250.0,PE,335.95,360.0,300.05,318.65,318.65,66,105474079.75,17290,-130,2026-08-31
NIFTY,2026-10-27,24050.0,PE,271.8,285.8,230.0,244.25,244.25,130,205389710.5,7345,2210,2026-08-31
NIFTY,2026-10-27,23900.0,PE,217.4,234.45,187.85,201.05,201.05,1497,2346556325.75,200655,7670,2026-08-31
NIFTY,2026-10-27,23250.0,PE,0.0,0.0,0.0,356.75,210.61,0,0.0,0,0,2026-08-31
NIFTY,2026-10-27,22450.0,PE,0.0,0.0,0.0,43.05,73.23,0,0.0,845,0,2026-08-31
NIFTY,2026-10-27,22350.0,PE,0.0,0.0,0.0,31.95,62.98,0,0.0,2145,0,2026-08-31
NIFTY,2026-09-29,26600.0,PE,0.0,0.0,0.0,2474.55,2399.85,0,0.0,0,0,2026-08-31
NIFTY,2026-09-29,26250.0,PE,0.0,0.0,0.0,2180.0,2060.41,0,0.0,0,0,2026-08-31
NIFTY,2026-09-29,26100.0,PE,0.0,0.0,0.0,1712.15,1917.13,0,0.0,9360,0,2026-08-31
NIFTY,2026-09-29,25500.0,PE,1299.95,1330.0,1200.6,1237.55,1237.55,1493,2598110463.0,1585805,-585,2026-08-31
NIFTY,2026-09-29,25100.0,PE,910.0,946.5,828.0,856.05,856.05,65,109788269.5,80275,1235,2026-08-31
NIFTY,2026-09-29,23800.0,PE,109.0,140.0,98.15,110.95,110.95,23066,35867328594.5,1496755,136370,2026-08-31
NIFTY,2026-09-29,23100.0,PE,30.05,36.7,27.15,30.2,30.2,5430,8164514130.5,537940,10660,2026-08-31
NIFTY,2026-09-29,22700.0,PE,18.0,20.3,16.4,17.35,17.35,4426,6535836563.75,341965,29250,2026-08-31
NIFTY,2026-09-29,22000.0,PE,10.6,11.75,9.75,10.15,10.15,8975,12840489655.5,2383030,66170,2026-08-31
NIFTY,2026-09-22,25500.0,PE,0.0,0.0,0.0,1312.45,1366.61,0,0.0,0,0,2026-08-31
NIFTY,2026-09-22,25350.0,PE,0.0,0.0,0.0,1190.0,1231.69,0,0.0,0,0,2026-08-31
NIFTY,2026-09-22,24250.0,PE,271.85,291.4,215.9,234.55,234.55,119,189482033.0,3640,975,2026-08-31
NIFTY,2026-09-22,23750.0,PE,0.0,0.0,0.0,260.6,204.85,0,0.0,0,0,2026-08-31
NIFTY,2026-09-22,23200.0,PE,0.0,0.0,0.0,119.0,73.36,0,0.0,0,0,2026-08-31
NIFTY,2026-09-22,23100.0,PE,0.0,0.0,0.0,101.35,59.09,0,0.0,0,0,2026-08-31
NIFTY,2026-09-15,24800.0,PE,669.85,706.25,553.85,650.0,749.98,7,11571514.5,260,65,2026-08-31
NIFTY,2026-09-15,24750.0,PE,0.0,0.0,0.0,539.25,710.52,0,0.0,2535,0,2026-08-31
NIFTY,2026-09-15,23450.0,PE,0.0,0.0,0.0,114.05,79.94,0,0.0,0,0,2026-08-31
NIFTY,2026-09-15,22950.0,PE,9.8,11.95,9.5,11.0,11.0,27,40295586.5,6565,195,2026-08-31
NIFTY,2026-09-08,26000.0,PE,1900.0,1907.2,1617.5,1817.25,1817.25,922,1669020405.0,67795,56810,2026-08-31
NIFTY,2026-09-08,25850.0,PE,0.0,0.0,0.0,1234.05,1735.65,0,0.0,0,0,2026-08-31
NIFTY,2026-09-08,25550.0,PE,1357.95,1357.95,1357.95,1357.95,1357.95,3,5247050.25,260,0,2026-08-31
NIFTY,2026-09-08,24850.0,PE,661.7,675.0,652.15,665.55,665.55,24,39804225.5,1950,260,2026-08-31
NIFTY,2027-03-30,27000.0,PE,2049.95,2090.0,1990.65,2009.95,2009.95,69,130260461.5,59735,65,2026-08-31
NIFTY,2027-12-28,16500.0,PE,0.0,0.0,0.0,52.05,7.03,0,0.0,130,0,2026-08-31
NIFTY,2027-12-28,27000.0,PE,1769.0,1800.0,1732.2,1745.0,1745.0,29,54240628.0,48580,130,2026-08-31
NIFTY,2029-12-24,15000.0,PE,0.0,0.0,0.0,29.0,15.67,0,0.0,65,0,2026-08-31
NIFTY,2026-09-08,24200.0,PE,130.0,215.2,129.5,154.05,154.05,135947,215395267106.5,2662660,897065,2026-08-31
NIFTY,2026-09-08,24100.0,PE,117.8,159.3,92.0,109.8,109.8,215641,339628577938.0,2276300,1041950,2026-08-31
NIFTY,2026-09-08,23750.0,PE,27.5,46.0,24.6,29.3,29.3,38980,60264640393.75,333450,123305,2026-08-31
NIFTY,2026-09-08,23000.0,PE,4.85,6.3,4.0,5.85,5.85,101629,151972020164.25,3247205,2405910,2026-08-31
NIFTY,2026-09-08,22800.0,PE,3.7,5.1,3.4,4.8,4.8,46096,68328004751.5,1374750,1074775,2026-08-31
NIFTY,2026-09-08,22600.0,PE,3.0,4.45,2.8,4.0,4.0,16089,23638820302.5,390390,272610,2026-08-31
NIFTY,2026-09-01,26050.0,PE,0.0,0.0,0.0,1800.0,1965.28,0,0.0,65,0,2026-08-31
NIFTY,2026-09-01,24600.0,PE,453.0,565.0,412.45,486.15,486.15,14548,23733369078.25,286130,-152620,2026-08-31
NIFTY,2026-09-01,23650.0,PE,2.85,5.1,1.7,2.75,2.75,1013024,1557494813696.25,3440060,1199575,2026-08-31
NIFTY,2026-09-01,23150.0,PE,0.9,1.4,0.7,1.0,1.0,224588,337964848432.25,1054625,-162630,2026-08-31
NIFTY,2026-09-01,22900.0,PE,1.15,1.2,0.65,0.9,0.9,154098,229384063304.5,789425,-397150,2026-08-31
NIFTY,2030-06-25,18000.0,PE,0.0,0.0,0.0,116.65,100.86,0,0.0,0,0,2026-08-31
NIFTY,2030-06-25,22500.0,PE,0.0,0.0,0.0,223.75,526.21,0,0.0,0,0,2026-08-31
NIFTY,2030-06-25,27000.0,PE,0.0,0.0,0.0,1286.05,1548.46,0,0.0,0,0,2026-08-31
NIFTY,2030-06-25,30000.0,PE,0.0,0.0,0.0,2100.85,2619.61,0,0.0,0,0,2026-08-31
NIFTY,2030-12-31,18000.0,PE,0.0,0.0,0.0,32.3,106.76,0,0.0,0,0,2026-08-31
NIFTY,2031-06-24,16500.0,PE,0.0,0.0,0.0,95.65,56.42,0,0.0,0,0,2026-08-31
NIFTY,2026-09-01,22300.0,PE,0.85,0.85,0.4,0.5,0.5,16397,23768041742.25,362505,-62595,2026-08-31
NIFTY,2030-12-31,33000.0,CE,0.0,0.0,0.0,3948.25,2901.02,0,0.0,0,0,2026-08-31
NIFTY,2029-12-24,27000.0,CE,0.0,0.0,0.0,6201.65,4017.2,0,0.0,0,0,2026-08-31
NIFTY,2029-06-26,24000.0,CE,0.0,0.0,0.0,8085.35,4988.38,0,0.0,0,0,2026-08-31
NIFTY,2028-12-26,33000.0,CE,0.0,0.0,0.0,2477.5,976.01,0,0.0,0,0,2026-08-31
NIFTY,2028-12-26,19500.0,CE,0.0,0.0,0.0,9716.4,7488.85,0,0.0,0,0,2026-08-31
NIFTY,2028-06-27,21000.0,CE,0.0,0.0,0.0,5226.55,5720.32,0,0.0,0,0,2026-08-31
NIFTY,2027-06-29,18000.0,CE,0.0,0.0,0.0,4066.45,7040.67,0,0.0,0,0,2026-08-31
NIFTY,2026-12-29,30000.0,CE,9.35,9.8,8.4,8.7,8.7,243,473988346.0,812540,-1495,2026-08-31
NIFTY,2026-12-29,24000.0,CE,999.0,1030.0,932.7,991.65,991.65,4389,7124713570.0,1197970,-67015,2026-08-31
NIFTY,2026-11-23,26100.0,CE,0.0,0.0,0.0,297.8,213.61,0,0.0,0,0,2026-08-31
NIFTY,2026-11-23,25800.0,CE,0.0,0.0,0.0,372.6,276.35,0,0.0,0,0,2026-08-31
NIFTY,2026-11-23,25750.0,CE,0.0,0.0,0.0,386.65,287.82,0,0.0,0,0,2026-08-31
NIFTY,2026-11-23,25150.0,CE,0.0,0.0,0.0,588.45,457.45,0,0.0,0,0,2026-08-31
NIFTY,2026-11-23,25100.0,CE,208.0,235.05,188.35,219.05,219.05,529,870205388.0,25090,9555,2026-08-31
NIFTY,2026-11-23,24550.0,CE,409.45,471.6,409.45,454.1,454.1,22,35761683.75,650,650,2026-08-31
NIFTY,2026-11-23,24350.0,CE,510.65,510.65,510.65,510.65,790.31,2,3231884.5,130,130,2026-08-31
NIFTY,2026-11-23,24050.0,CE,0.0,0.0,0.0,1135.35,948.93,0,0.0,0,0,2026-08-31
NIFTY,2026-11-23,23250.0,CE,0.0,0.0,0.0,1679.6,1462.71,0,0.0,0,0,2026-08-31
NIFTY,2026-11-23,22600.0,CE,0.0,0.0,0.0,2198.8,1964.37,0,0.0,0,0,2026-08-31
NIFTY,2026-10-27,27150.0,CE,0.0,0.0,0.0,96.75,28.25,0,0.0,0,0,2026-08-31
NIFTY,2026-10-27,27050.0,CE,0.0,0.0,0.0,106.0,32.46,0,0.0,0,0,2026-08-31
NIFTY,2026-10-27,25900.0,CE,0.0,0.0,0.0,277.95,136.79,0,0.0,0,0,2026-08-31
NIFTY,2026-10-27,25700.0,CE,35.0,38.95,33.0,34.35,34.35,2918,4881105931.0,204425,8060,2026-08-31
NIFTY,2026-10-27,25550.0,CE,0.0,0.0,0.0,361.35,200.0,0,0.0,0,0,2026-08-31
NIFTY,2026-10-27,24900.0,CE,164.9,179.95,145.7,162.6,162.6,1340,2182285784.25,113425,6825,2026-08-31
NIFTY,2026-10-27,24450.0,CE,313.0,366.3,305.3,341.55,341.55,221,355858457.5,19435,520,2026-08-31
NIFTY,2026-10-27,24400.0,CE,379.0,392.35,329.0,365.05,365.05,1680,2702627365.75,119340,975,2026-08-31
NIFTY,2026-10-27,24000.0,CE,601.0,648.95,554.45,609.95,609.95,4070,6504562951.25,412360,57135,2026-08-31
NIFTY,2026-10-27,22850.0,CE,0.0,0.0,0.0,1729.4,1591.49,0,0.0,0,0,2026-08-31
NIFTY,2026-10-27,22700.0,CE,0.0,0.0,0.0,1740.0,1716.49,0,0.0,260,0,2026-08-31
NIFTY,2026-10-27,22600.0,CE,0.0,0.0,0.0,1922.3,1801.79,0,0.0,0,0,2026-08-31
NIFTY,2026-10-27,22400.0,CE,0.0,0.0,0.0,2083.15,1976.65,0,0.0,0,0,2026-08-31
NIFTY,2026-10-27,22300.0,CE,0.0,0.0,0.0,2165.6,2066.0,0,0.0,0,0,2026-08-31
NIFTY,2026-09-29,34500.0,CE,0.0,0.0,0.0,0.65,0.0,0,0.0,9880,0,2026-08-31
NIFTY,2026-09-29,27200.0,CE,2.45,3.45,2.0,3.45,3.45,84,148524743.25,36010,-2080,2026-08-31
NIFTY,2026-09-29,26550.0,CE,3.6,3.65,3.25,3.25,8.74,60,103558263.25,6890,1755,2026-08-31
NIFTY,2026-09-29,26350.0,CE,4.9,4.9,3.1,4.4,4.4,45,77086655.75,2145,455,2026-08-31
NIFTY,2026-09-29,26250.0,CE,0.0,0.0,0.0,198.4,16.69,0,0.0,0,0,2026-08-31
NIFTY,2026-09-29,25350.0,CE,15.4,19.65,15.1,16.25,16.25,2295,3784204843.25,52520,7085,2026-08-31
NIFTY,2026-09-29,24200.0,CE,328.15,335.7,257.35,299.75,299.75,53570,85254255541.0,2541955,15990,2026-08-31
NIFTY,2026-09-29,23950.0,CE,447.3,499.8,404.55,458.3,458.3,895,1419031669.25,39130,22035,2026-08-31
NIFTY,2026-09-29,22950.0,CE,0.0,0.0,0.0,1529.05,1305.14,0,0.0,260,0,2026-08-31
NIFTY,2026-09-29,22500.0,CE,1742.6,1812.25,1677.0,1754.65,1754.65,291,458395775.5,541190,2275,2026-08-31
NIFTY,2026-09-29,21900.0,CE,0.0,0.0,0.0,2400.0,2290.63,0,0.0,585,0,2026-08-31
NIFTY,2026-09-22,25900.0,CE,5.1,5.1,3.0,4.0,4.0,261,439468155.75,20735,3055,2026-08-31
NIFTY,2026-09-22,25800.0,CE,4.2,4.8,4.2,4.55,20.44,23,38577685.25,780,780,2026-08-31
NIFTY,2026-09-22,25700.0,CE,0.0,0.0,0.0,85.85,25.7,0,0.0,0,0,2026-08-31
NIFTY,2026-09-22,25650.0,CE,0.0,0.0,0.0,92.45,28.75,0,0.0,0,0,2026-08-31
NIFTY,2026-09-22,25600.0,CE,7.8,7.8,5.65,6.35,6.35,166,276294239.0,11050,715,2026-08-31
NIFTY,2026-09-22,25250.0,CE,0.0,0.0,0.0,100.25,66.34,0,0.0,65,0,2026-08-31
NIFTY,2026-09-22,24300.0,CE,215.0,226.95,166.2,197.5,197.5,1517,2414485693.75,48945,12610,2026-08-31
NIFTY,2026-09-22,24050.0,CE,308.55,379.75,291.2,338.5,338.5,271,429472680.0,4225,3510,2026-08-31
NIFTY,2026-09-22,23200.0,CE,0.0,0.0,0.0,1208.1,1038.21,0,0.0,0,0,2026-08-31
NIFTY,2026-09-22,22900.0,CE,0.0,0.0,0.0,1459.55,1300.97,0,0.0,0,0,2026-08-31
NIFTY,2026-09-15,22950.0,CE,0.0,0.0,0.0,1703.2,1207.7,0,0.0,0,0,2026-08-31
NIFTY,2026-09-15,22800.0,CE,0.0,0.0,0.0,1840.25,1349.55,0,0.0,0,0,2026-08-31
NIFTY,2026-09-15,22500.0,CE,0.0,0.0,0.0,2121.7,1640.55,0,0.0,0,0,2026-08-31
NIFTY,2026-09-08,26050.0,CE,1.25,2.25,0.75,0.95,0.95,580,982122310.0,38350,-3445,2026-08-31
NIFTY,2026-09-08,25750.0,CE,0.9,1.35,0.9,1.0,1.0,1476,2470552877.0,79625,50895,2026-08-31
NIFTY,2026-09-08,23400.0,CE,711.5,819.0,695.2,781.2,781.2,135,211902668.25,5785,4290,2026-08-31
NIFTY,2026-09-01,26750.0,CE,0.6,0.6,0.3,0.35,0.35,1211,2105659325.25,16250,-5135,2026-08-31
NIFTY,2026-09-01,26300.0,CE,0.45,0.6,0.3,0.4,0.4,6132,10482834836.5,98345,-50765,2026-08-31
NIFTY,2026-09-01,25750.0,CE,0.65,0.7,0.35,0.45,0.45,13994,23422911541.25,193050,-179140,2026-08-31
NIFTY,2026-09-01,24300.0,CE,29.4,38.2,8.55,14.0,14.0,4521751,7147366494463.0,14573065,1494415,2026-08-31
NIFTY,2026-09-01,24200.0,CE,59.4,76.8,21.6,34.55,34.55,6612183,10417683375485.75,12599015,3509025,2026-08-31
NIFTY,2026-09-01,24050.0,CE,159.0,177.0,67.0,108.6,108.6,5597335,8786180157007.5,4362475,3720405,2026-08-31
NIFTY,2026-09-01,23700.0,CE,426.0,493.65,341.95,419.3,419.3,23179,36301373865.25,89830,-83915,2026-08-31
NIFTY,2026-12-29,21000.0,PE,38.0,41.8,37.55,38.45,38.45,2118,2896395034.0,1119430,27950,2026-08-31
NIFTY,2026-12-29,28000.0,PE,3155.05,3340.45,3155.05,3251.3,3251.3,54,109817545.5,914585,455,2026-08-31
NIFTY,2026-12-29,31500.0,PE,0.0,0.0,0.0,4059.3,6750.45,0,0.0,0,0,2026-08-31
NIFTY,2026-11-23,25950.0,PE,0.0,0.0,0.0,1562.8,1723.69,0,0.0,0,0,2026-08-31
NIFTY,2026-11-23,25400.0,PE,0.0,0.0,0.0,1184.75,1317.78,0,0.0,0,0,2026-08-31
NIFTY,2026-11-23,25200.0,PE,0.0,0.0,0.0,1060.25,1182.82,0,0.0,0,0,2026-08-31
NIFTY,2026-11-23,23400.0,PE,0.0,0.0,0.0,287.6,324.97,0,0.0,0,0,2026-08-31
NIFTY,2026-09-01,25450.0,PE,1360.0,1360.0,1360.0,1360.0,1365.38,1,1742650.0,780,0,2026-08-31
NIFTY,2026-09-01,24550.0,PE,407.65,517.1,368.55,438.4,438.4,4905,7971953229.5,109525,-27560,2026-08-31
NIFTY,2026-09-01,23850.0,PE,9.7,19.8,5.3,8.75,8.75,2617577,4059967165013.5,5487235,2155075,2026-08-31
NIFTY,2026-09-01,22650.0,PE,0.9,1.1,0.5,0.7,0.7,23890,35173244866.5,157820,4355,2026-08-31
NIFTY,2026-09-01,22200.0,PE,0.4,0.8,0.35,0.45,0.45,30567,44109137449.0,223340,-356395,2026-08-31
NIFTY,2031-06-24,16500.0,CE,0.0,0.0,0.0,11849.25,12106.84,0,0.0,0,0,2026-08-31
NIFTY,2030-12-31,24000.0,CE,0.0,0.0,0.0,8563.3,6778.96,0,0.0,0,0,2026-08-31
NIFTY,2030-06-25,25500.0,CE,0.0,0.0,0.0,7070.45,5363.36,0,0.0,0,0,2026-08-31
NIFTY,2029-12-24,19500.0,CE,0.0,0.0,0.0,10678.8,8577.46,0,0.0,0,0,2026-08-31
NIFTY,2029-06-26,19500.0,CE,0.0,0.0,0.0,10206.95,8046.41,0,0.0,0,0,2026-08-31
NIFTY,2028-06-27,16500.0,CE,0.0,0.0,0.0,11752.8,9457.46,0,0.0,0,0,2026-08-31
NIFTY,2027-12-28,31500.0,CE,0.0,0.0,0.0,210.0,425.56,0,0.0,1950,0,2026-08-31
NIFTY,2027-12-28,30000.0,CE,303.05,305.0,275.6,287.0,287.0,336,661470589.0,172965,11310,2026-08-31
NIFTY,2030-06-25,24000.0,PE,0.0,0.0,0.0,698.15,792.34,0,0.0,0,0,2026-08-31
NIFTY,2030-12-31,25500.0,PE,0.0,0.0,0.0,538.25,1066.69,0,0.0,0,0,2026-08-31
NIFTY,2031-06-24,31500.0,PE,0.0,0.0,0.0,3185.85,2776.94,0,0.0,0,0,2026-08-31
NIFTY,2026-10-27,23400.0,CE,0.0,0.0,0.0,1112.15,1168.55,0,0.0,325,0,2026-08-31
NIFTY,2026-10-27,23350.0,CE,0.0,0.0,0.0,1240.0,1205.42,0,0.0,65,0,2026-08-31
NIFTY,2026-10-27,23100.0,CE,0.0,0.0,0.0,1395.0,1391.92,0,0.0,65,0,2026-08-31
NIFTY,2026-09-29,25800.0,CE,7.15,8.45,6.05,6.9,6.9,2979,4997221427.25,426595,-24440,2026-08-31
NIFTY,2027-12-28,26000.0,CE,1545.0,1546.45,1472.1,1498.35,1498.35,261,466565719.75,79340,7475,2026-08-31
NIFTY,2027-12-28,25000.0,CE,2059.65,2095.0,2035.0,2078.0,2381.65,103,181138226.75,44600,3120,2026-08-31
NIFTY,2027-06-29,28500.0,CE,0.0,0.0,0.0,1711.9,466.93,0,0.0,0,0,2026-08-31
NIFTY,2026-12-29,28000.0,CE,23.05,23.6,19.95,22.4,22.4,1717,3127405167.25,1630360,-27270,2026-08-31
NIFTY,2026-11-23,25250.0,CE,0.0,0.0,0.0,550.35,424.62,0,0.0,0,0,2026-08-31
NIFTY,2026-11-23,25200.0,CE,0.0,0.0,0.0,569.15,440.81,0,0.0,0,0,2026-08-31
NIFTY,2026-11-23,24850.0,CE,0.0,0.0,0.0,714.05,567.27,0,0.0,0,0,2026-08-31
NIFTY,2026-09-01,22250.0,CE,0.0,0.0,0.0,2125.05,1834.09,0,0.0,0,0,2026-08-31
NIFTY,2026-09-01,22450.0,CE,0.0,0.0,0.0,1940.55,1634.12,0,0.0,0,0,2026-08-31
NIFTY,2026-09-01,22650.0,CE,0.0,0.0,0.0,1760.65,1434.15,0,0.0,0,0,2026-08-31
NIFTY,2026-09-01,22900.0,CE,0.0,0.0,0.0,1543.9,1184.2,0,0.0,0,0,2026-08-31
NIFTY,2026-09-01,23100.0,CE,985.05,1046.85,952.0,1036.8,984.23,22,34464738.75,390,0,2026-08-31
NIFTY,2026-09-01,23300.0,CE,780.0,865.5,739.7,833.5,833.5,543,850705599.25,7410,1365,2026-08-31
NIFTY,2026-09-01,23400.0,CE,682.3,774.0,641.95,704.6,704.6,311,487023673.5,39585,260,2026-08-31
NIFTY,2026-09-01,23950.0,CE,238.7,256.9,126.3,186.95,186.95,768791,1205141179342.75,495495,370760,2026-08-31
NIFTY,2026-09-01,24900.0,CE,1.15,1.45,0.85,1.0,1.0,630889,1021141417504.0,4202185,-1192100,2026-08-31
NIFTY,2026-09-01,24950.0,CE,1.05,1.4,0.85,0.95,0.95,254817,413267167719.25,1258595,-671710,2026-08-31
NIFTY,2026-09-01,25650.0,CE,0.6,0.65,0.3,0.4,0.4,21174,35303041163.0,360035,-69940,2026-08-31
NIFTY,2026-09-01,26550.0,CE,0.5,0.55,0.3,0.35,0.35,1583,2731905621.25,10400,-7605,2026-08-31
NIFTY,2026-09-08,22650.0,CE,0.0,0.0,0.0,2118.35,1461.18,0,0.0,0,0,2026-08-31
NIFTY,2026-09-08,23700.0,CE,500.0,552.1,418.55,501.65,501.65,3451,5424006409.25,84825,69810,2026-08-31
NIFTY,2026-09-08,24400.0,CE,63.65,77.85,41.25,53.15,53.15,156054,248036301149.0,2122445,440700,2026-08-31
NIFTY,2026-09-08,24650.0,CE,23.35,23.35,11.85,14.7,14.7,50113,80343547875.5,639600,239265,2026-08-31
NIFTY,2026-09-08,25700.0,CE,1.4,1.45,1.05,1.1,1.1,31381,52424411084.5,952250,585780,2026-08-31
NIFTY,2026-09-15,22550.0,CE,0.0,0.0,0.0,2074.25,1591.56,0,0.0,0,0,2026-08-31
NIFTY,2026-09-15,22700.0,CE,0.0,0.0,0.0,1933.1,1445.67,0,0.0,0,0,2026-08-31
NIFTY,2026-09-15,22900.0,CE,0.0,0.0,0.0,1748.55,1254.63,0,0.0,0,0,2026-08-31
NIFTY,2026-09-15,23700.0,CE,502.35,565.0,485.7,541.5,541.5,62,97581269.5,1690,0,2026-08-31
NIFTY,2026-09-15,24300.0,CE,145.55,176.05,117.55,143.35,143.35,12327,19582734473.25,359060,49010,2026-08-31
NIFTY,2026-09-15,25200.0,CE,0.0,0.0,0.0,268.55,35.66,0,0.0,0,0,2026-08-31
NIFTY,2026-09-22,22800.0,CE,0.0,0.0,0.0,1547.15,1392.48,0,0.0,0,0,2026-08-31
NIFTY,2026-09-22,23700.0,CE,562.9,600.0,529.35,589.75,589.75,12,18923212.75,455,65,2026-08-31
NIFTY,2026-09-22,24450.0,CE,115.1,155.0,110.7,133.4,133.4,266,424988895.5,12025,4810,2026-08-31
NIFTY,2026-09-22,25050.0,CE,0.0,0.0,0.0,209.5,96.85,0,0.0,0,0,2026-08-31
NIFTY,2026-09-22,25200.0,CE,18.3,18.3,12.4,14.2,14.2,885,1450451778.75,38675,18460,2026-08-31
NIFTY,2026-09-22,25350.0,CE,0.0,0.0,0.0,141.55,54.36,0,0.0,0,0,2026-08-31
NIFTY,2026-09-22,25400.0,CE,0.0,0.0,0.0,132.15,49.09,0,0.0,0,0,2026-08-31
NIFTY,2026-09-29,21700.0,CE,0.0,0.0,0.0,2580.0,2487.34,0,0.0,65,0,2026-08-31
NIFTY,2026-09-29,22750.0,CE,0.0,0.0,0.0,1548.85,1482.55,0,0.0,195,0,2026-08-31
NIFTY,2026-09-29,23750.0,CE,550.0,642.2,540.6,608.95,608.95,199,314390826.75,7605,3380,2026-08-31
NIFTY,2026-09-29,24150.0,CE,333.0,365.0,285.0,328.5,328.5,4244,6746854942.75,126555,-38285,2026-08-31
NIFTY,2026-09-29,24500.0,CE,150.0,182.0,133.6,157.6,157.6,65123,104340455856.0,5301205,-38415,2026-08-31
NIFTY,2029-12-24,26000.0,PE,0.0,0.0,0.0,1350.0,1338.62,0,0.0,3860,0,2026-08-31
NIFTY,2026-11-23,23200.0,CE,0.0,0.0,0.0,1717.3,1498.95,0,0.0,0,0,2026-08-31
NIFTY,2026-11-23,22800.0,CE,0.0,0.0,0.0,2032.75,1802.66,0,0.0,0,0,2026-08-31
NIFTY,2026-11-23,22500.0,CE,0.0,0.0,0.0,2283.7,2047.35,0,0.0,0,0,2026-08-31
NIFTY,2026-10-27,27100.0,CE,0.0,0.0,0.0,101.3,30.29,0,0.0,0,0,2026-08-31
NIFTY,2026-10-27,27000.0,CE,7.15,8.5,6.55,7.75,7.75,1763,3094951070.25,292175,36465,2026-08-31
NIFTY,2026-10-27,26850.0,CE,0.0,0.0,0.0,126.7,42.56,0,0.0,0,0,2026-08-31
NIFTY,2026-10-27,26050.0,CE,0.0,0.0,0.0,247.25,115.28,0,0.0,0,0,2026-08-31
NIFTY,2026-10-27,25400.0,CE,58.95,68.8,56.75,61.15,61.15,2811,4651995400.0,270205,22750,2026-08-31
NIFTY,2026-10-27,25000.0,CE,145.0,157.55,121.3,134.3,134.3,12629,20628438034.75,1134640,27560,2026-08-31
NIFTY,2026-10-27,24950.0,CE,139.95,161.3,133.5,149.0,149.0,133,216924197.75,14560,2145,2026-08-31
NIFTY,2026-10-27,24800.0,CE,164.0,216.1,164.0,194.25,194.25,2652,4306677059.75,160160,31850,2026-08-31
NIFTY,2026-10-27,23700.0,CE,785.2,840.4,763.3,840.05,840.05,24,38215781.5,3510,65,2026-08-31
NIFTY,2026-09-22,22900.0,PE,0.0,0.0,0.0,72.2,37.22,0,0.0,0,0,2026-08-31
NIFTY,2026-09-22,23150.0,PE,0.0,0.0,0.0,109.9,65.92,0,0.0,0,0,2026-08-31
NIFTY,2026-09-22,23250.0,PE,30.0,35.8,22.7,24.55,24.55,207,313187212.0,25285,1300,2026-08-31
NIFTY,2026-09-22,24700.0,PE,609.95,649.95,495.05,495.05,706.06,17,27933412.0,2080,455,2026-08-31
NIFTY,2026-09-22,24750.0,PE,0.0,0.0,0.0,752.65,742.13,0,0.0,0,0,2026-08-31
NIFTY,2026-09-22,24900.0,PE,0.0,0.0,0.0,853.1,855.42,0,0.0,0,0,2026-08-31
NIFTY,2026-09-22,25800.0,PE,0.0,0.0,0.0,1569.65,1646.13,0,0.0,0,0,2026-08-31
NIFTY,2026-09-29,16500.0,PE,0.6,0.95,0.6,0.95,0.95,425,455836550.0,133185,-65,2026-08-31
NIFTY,2026-09-29,21650.0,PE,9.25,9.25,7.4,8.1,2.46,17,23932720.5,5850,-715,2026-08-31
NIFTY,2026-09-29,22050.0,PE,0.0,0.0,0.0,10.1,7.94,0,0.0,4420,0,2026-08-31
NIFTY,2026-09-29,22100.0,PE,10.3,12.2,10.3,10.75,10.75,256,367932269.25,71890,-390,2026-08-31
NIFTY,2026-09-29,22350.0,PE,13.6,13.6,12.9,13.05,13.05,8,11628782.75,26910,-390,2026-08-31
NIFTY,2026-09-29,22750.0,PE,26.25,26.25,17.35,18.45,18.45,992,1468210682.25,55055,14820,2026-08-31
NIFTY,2026-09-29,23200.0,PE,35.0,43.7,31.3,35.0,35.0,9802,14805827549.5,1004510,89505,2026-08-31
NIFTY,2026-09-29,23450.0,PE,62.0,70.15,50.2,55.45,55.45,1428,2182392923.75,180310,13260,2026-08-31
NIFTY,2026-09-29,24050.0,PE,187.95,223.5,160.8,178.2,178.2,5727,9026333023.5,115570,41535,2026-08-31
NIFTY,2026-09-29,24150.0,PE,210.0,267.0,196.35,215.0,215.0,4577,7256988066.25,213460,-18460,2026-08-31
NIFTY,2026-09-29,24900.0,PE,744.95,771.8,650.0,686.45,686.45,120,199918904.25,89050,-845,2026-08-31
NIFTY,2026-09-15,25550.0,PE,0.0,0.0,0.0,1105.5,1419.77,0,0.0,0,0,2026-08-31
NIFTY,2026-09-15,25400.0,PE,0.0,0.0,0.0,992.45,1277.42,0,0.0,0,0,2026-08-31
NIFTY,2026-09-15,25250.0,PE,0.0,0.0,0.0,885.25,1138.22,0,0.0,0,0,2026-08-31
NIFTY,2026-09-15,24850.0,PE,0.0,0.0,0.0,629.7,790.3,0,0.0,0,0,2026-08-31
NIFTY,2026-09-29,25250.0,PE,0.0,0.0,0.0,888.0,1153.53,0,0.0,1950,0,2026-08-31
NIFTY,2026-09-29,25900.0,PE,1571.4,1571.4,1571.4,1571.4,1728.99,1,1785641.0,4940,65,2026-08-31
NIFTY,2026-09-29,26450.0,PE,0.0,0.0,0.0,2346.8,2253.66,0,0.0,0,0,2026-08-31
NIFTY,2026-10-27,22600.0,PE,36.0,39.9,30.25,30.25,30.25,158,232483540.25,21320,4225,2026-08-31
NIFTY,2026-09-15,24650.0,PE,0.0,0.0,0.0,403.35,634.22,0,0.0,3575,0,2026-08-31
NIFTY,2026-09-15,23750.0,PE,65.0,75.6,48.15,53.7,53.7,1462,2262705363.75,31330,26325,2026-08-31
NIFTY,2026-09-15,22650.0,PE,0.0,0.0,0.0,6.2,7.46,0,0.0,65,0,2026-08-31
NIFTY,2026-09-08,25400.0,PE,1240.0,1255.1,1190.0,1220.0,1289.01,19,32887903.75,1105,1105,2026-08-31
NIFTY,2026-09-08,24900.0,PE,779.85,815.0,674.85,718.9,718.9,269,448487217.75,21255,2470,2026-08-31
NIFTY,2026-09-08,24750.0,PE,642.0,671.5,543.1,570.0,570.0,106,174598505.25,4680,-325,2026-08-31
NIFTY,2026-09-08,24550.0,PE,438.2,485.0,352.05,396.1,396.1,963,1564068012.0,33150,11245,2026-08-31
NIFTY,2026-09-08,23800.0,PE,32.95,55.95,29.9,35.7,35.7,139883,216795479546.75,1696045,467805,2026-08-31
NIFTY,2026-09-08,23400.0,PE,11.0,13.1,8.35,9.5,9.5,72244,109933153973.5,1306435,670605,2026-08-31
NIFTY,2026-09-08,23350.0,PE,8.95,11.45,7.5,8.75,8.75,20451,31052231255.5,288795,127660,2026-08-31
NIFTY,2026-09-08,22850.0,PE,4.0,5.8,3.65,4.9,4.9,6268,9311511482.0,161655,146705,2026-08-31
NIFTY,2026-09-01,27050.0,PE,0.0,0.0,0.0,2693.45,2965.12,0,0.0,0,0,2026-08-31
NIFTY,2026-09-01,26750.0,PE,0.0,0.0,0.0,2407.3,2665.17,0,0.0,0,0,2026-08-31
NIFTY,2026-10-27,22750.0,PE,0.0,0.0,0.0,228.35,112.14,0,0.0,0,0,2026-08-31
NIFTY,2026-10-27,23000.0,PE,59.8,69.0,54.0,59.2,59.2,10356,15524993094.0,981890,53040,2026-08-31
NIFTY,2026-10-27,24600.0,PE,520.2,548.0,460.2,485.05,485.05,313,510896896.25,103025,4290,2026-08-31
NIFTY,2026-10-27,24900.0,PE,723.0,731.5,641.25,665.55,665.55,70,116466938.25,78000,2340,2026-08-31
NIFTY,2026-10-27,25100.0,PE,860.0,890.0,827.05,827.55,827.55,13,21949203.25,6240,585,2026-08-31
NIFTY,2026-10-27,25150.0,PE,0.0,0.0,0.0,791.15,1111.83,0,0.0,325,0,2026-08-31
NIFTY,2026-10-27,25400.0,PE,0.0,0.0,0.0,996.5,1295.08,0,0.0,780,0,2026-08-31
NIFTY,2026-10-27,25500.0,PE,1196.2,1236.0,1115.65,1146.5,1146.5,345,597870637.0,213460,14625,2026-08-31
NIFTY,2026-10-27,26950.0,PE,0.0,0.0,0.0,2675.85,2632.13,0,0.0,0,0,2026-08-31
NIFTY,2026-11-23,22400.0,PE,0.0,0.0,0.0,102.45,115.62,0,0.0,0,0,2026-08-31
NIFTY,2026-11-23,22650.0,PE,0.0,0.0,0.0,135.8,153.62,0,0.0,0,0,2026-08-31
NIFTY,2026-11-23,23550.0,PE,0.0,0.0,0.0,327.35,371.32,0,0.0,0,0,2026-08-31
NIFTY,2026-11-23,24050.0,PE,0.0,0.0,0.0,493.55,558.18,0,0.0,0,0,2026-08-31
NIFTY,2026-11-23,24450.0,PE,0.0,0.0,0.0,661.15,744.76,0,0.0,0,0,2026-08-31
NIFTY,2026-11-23,24650.0,PE,0.0,0.0,0.0,756.75,850.57,0,0.0,0,0,2026-08-31
NIFTY,2026-12-29,15000.0,PE,10.0,10.0,9.0,9.8,0.0,15,14634512.75,116725,-130,2026-08-31
NIFTY,2026-12-29,16000.0,PE,10.4,10.75,10.35,10.75,10.75,52,54115860.5,115630,-195,2026-08-31
NIFTY,2026-12-29,24000.0,PE,332.0,375.35,325.0,343.25,343.25,8280,13106554054.75,2483250,57475,2026-08-31
NIFTY,2026-12-29,33000.0,PE,0.0,0.0,0.0,5263.45,8216.03,0,0.0,0,0,2026-08-31
NIFTY,2027-12-28,28500.0,PE,0.0,0.0,0.0,2979.7,3055.51,0,0.0,260,0,2026-08-31
NIFTY,2027-12-28,31500.0,PE,0.0,0.0,0.0,3240.0,5220.85,0,0.0,0,0,2026-08-31
NIFTY,2027-12-28,33000.0,PE,0.0,0.0,0.0,4155.55,6435.84,0,0.0,0,0,2026-08-31
NIFTY,2028-06-27,19500.0,PE,0.0,0.0,0.0,40.05,125.18,0,0.0,0,0,2026-08-31
NIFTY,2028-06-27,30000.0,PE,0.0,0.0,0.0,3779.25,3693.51,0,0.0,0,0,2026-08-31
NIFTY,2028-12-26,16500.0,PE,0.0,0.0,0.0,5.9,24.99,0,0.0,0,0,2026-08-31
NIFTY,2029-12-24,18000.0,PE,0.0,0.0,0.0,96.5,92.6,0,0.0,0,0,2026-08-31
NIFTY,2029-12-24,23000.0,PE,0.0,0.0,0.0,725.0,623.42,0,0.0,1560,0,2026-08-31
NIFTY,2026-09-01,26350.0,PE,0.0,0.0,0.0,2035.25,2265.23,0,0.0,0,0,2026-08-31
NIFTY,2026-09-01,23350.0,CE,0.0,0.0,0.0,960.1,734.28,0,0.0,65,0,2026-08-31
NIFTY,2026-09-01,24000.0,CE,194.0,213.65,94.0,145.05,145.05,4527535,7100614701144.25,4236050,2853045,2026-08-31
NIFTY,2026-09-01,24250.0,CE,42.4,55.0,13.6,22.2,22.2,3724872,5877829788415.0,7952230,2071875,2026-08-31
NIFTY,2026-09-01,24350.0,CE,18.55,25.75,5.55,8.95,8.95,2652318,4200002335581.0,9277905,1215110,2026-08-31
NIFTY,2026-09-01,24400.0,CE,15.0,19.0,4.1,6.1,6.1,3015482,4784154943698.0,12776400,2294825,2026-08-31
NIFTY,2026-09-01,25000.0,CE,1.0,1.25,0.8,0.9,0.9,1245109,2023383576779.5,11048830,541060,2026-08-31
NIFTY,2026-09-01,25800.0,CE,0.5,0.6,0.3,0.45,0.45,28733,48186185095.75,891605,-438620,2026-08-31
NIFTY,2026-09-01,25900.0,CE,0.5,0.6,0.35,0.45,0.45,20277,34136985626.25,339690,-174785,2026-08-31
NIFTY,2026-09-01,25950.0,CE,0.45,0.6,0.3,0.4,0.4,7833,13212556903.0,105040,-39065,2026-08-31
NIFTY,2026-09-01,26950.0,CE,0.45,0.55,0.3,0.4,0.4,2062,3612164279.75,89440,-15145,2026-08-31
NIFTY,2026-09-08,23800.0,CE,400.05,466.0,338.0,410.4,410.4,12737,20023071552.25,309855,110435,2026-08-31
NIFTY,2026-09-08,23900.0,CE,370.0,380.0,262.75,326.0,326.0,19651,30919226874.25,236015,170365,2026-08-31
NIFTY,2026-09-08,24750.0,CE,12.0,12.75,6.95,8.25,8.25,47685,76742803920.25,743275,312000,2026-08-31
NIFTY,2026-09-08,24800.0,CE,13.8,13.8,5.65,6.9,6.9,139756,225357435143.75,2608320,255580,2026-08-31
NIFTY,2026-09-08,24900.0,CE,6.8,7.4,3.9,4.7,4.7,96687,156521283220.25,1867905,1079585,2026-08-31
NIFTY,2026-09-08,24950.0,CE,5.35,6.1,3.5,4.2,4.2,27169,44069910855.75,270530,-96330,2026-08-31
NIFTY,2026-09-08,25200.0,CE,3.7,3.7,2.45,2.75,2.75,52201,85515412628.75,1303380,1042340,2026-08-31
NIFTY,2026-09-08,25300.0,CE,2.65,2.85,2.0,2.25,2.25,31752,52221243373.0,708435,250120,2026-08-31
NIFTY,2026-09-08,25650.0,CE,1.3,1.55,1.1,1.25,1.25,2035,3393023884.25,94640,53495,2026-08-31
NIFTY,2026-09-08,25800.0,CE,1.05,1.25,1.0,1.05,1.05,6481,10869106417.0,182390,75725,2026-08-31
NIFTY,2031-06-24,30000.0,PE,0.0,0.0,0.0,2616.25,2241.18,0,0.0,0,0,2026-08-31
NIFTY,2031-06-24,28500.0,PE,0.0,0.0,0.0,2104.2,1766.6,0,0.0,0,0,2026-08-31
NIFTY,2031-06-24,25500.0,PE,0.0,0.0,0.0,1262.85,1008.43,0,0.0,0,0,2026-08-31
NIFTY,2031-06-24,24000.0,PE,0.0,0.0,0.0,933.85,721.7,0,0.0,65,0,2026-08-31
NIFTY,2030-12-31,30000.0,PE,0.0,0.0,0.0,1450.1,2413.91,0,0.0,0,0,2026-08-31
NIFTY,2028-12-26,22000.0,PE,450.0,450.0,450.0,450.0,446.43,2,2918500.0,8565,25,2026-08-31
NIFTY,2028-06-27,28500.0,PE,0.0,0.0,0.0,1560.85,2796.73,0,0.0,0,0,2026-08-31
NIFTY,2027-12-28,20000.0,PE,177.95,180.0,162.5,166.85,123.17,119,155993210.75,55800,-65,2026-08-31
NIFTY,2027-12-28,19000.0,PE,0.0,0.0,0.0,123.05,62.54,0,0.0,4900,0,2026-08-31
NIFTY,2027-12-28,18000.0,PE,0.0,0.0,0.0,181.05,28.64,0,0.0,11915,0,2026-08-31
NIFTY,2027-06-29,19500.0,PE,0.0,0.0,0.0,17.3,43.43,0,0.0,0,0,2026-08-31
NIFTY,2027-06-29,19000.0,PE,0.0,0.0,0.0,195.0,27.08,0,0.0,1135,0,2026-08-31
NIFTY,2027-03-30,16500.0,PE,0.0,0.0,0.0,20.25,0.21,0,0.0,1560,0,2026-08-31
NIFTY,2026-11-23,26000.0,PE,1568.9,1597.25,1528.85,1545.0,1762.83,10,17910100.0,780,455,2026-08-31
NIFTY,2026-11-23,25350.0,PE,0.0,0.0,0.0,1152.95,1283.37,0,0.0,0,0,2026-08-31
NIFTY,2026-11-23,25100.0,PE,0.0,0.0,0.0,1000.75,1118.07,0,0.0,0,0,2026-08-31
NIFTY,2026-11-23,24400.0,PE,451.1,471.0,410.85,421.85,421.85,78,125897040.75,3900,3900,2026-08-31
NIFTY,2026-11-23,24150.0,PE,350.0,369.3,313.5,326.05,326.05,97,154461840.0,5980,5590,2026-08-31
NIFTY,2026-11-23,23350.0,PE,274.9,274.9,274.9,274.9,310.48,1,1535618.5,65,65,2026-08-31
NIFTY,2026-11-23,23300.0,PE,0.0,0.0,0.0,261.6,296.45,0,0.0,0,0,2026-08-31
NIFTY,2026-11-23,23200.0,PE,0.0,0.0,0.0,238.1,270.93,0,0.0,0,0,2026-08-31
NIFTY,2026-11-23,23000.0,PE,100.0,104.85,88.95,93.7,93.7,3096,4648498468.25,153205,72670,2026-08-31
NIFTY,2026-11-23,22350.0,PE,0.0,0.0,0.0,96.65,108.99,0,0.0,0,0,2026-08-31
NIFTY,2026-10-27,26900.0,PE,0.0,0.0,0.0,2631.85,2585.24,0,0.0,0,0,2026-08-31
NIFTY,2026-10-27,26100.0,PE,0.0,0.0,0.0,1960.3,1862.36,0,0.0,0,0,2026-08-31
NIFTY,2026-10-27,25250.0,PE,0.0,0.0,0.0,883.6,1183.14,0,0.0,130,0,2026-08-31
NIFTY,2026-10-27,25050.0,PE,750.6,750.6,750.6,750.6,1042.64,1,1677039.0,260,-65,2026-08-31
NIFTY,2026-10-27,24150.0,PE,305.35,322.15,263.6,279.8,279.8,140,222514873.75,25480,0,2026-08-31
NIFTY,2026-10-27,24100.0,PE,250.0,305.0,246.15,261.95,261.95,1496,2370876514.5,95550,12610,2026-08-31
NIFTY,2026-10-27,22400.0,PE,30.0,32.05,26.25,27.0,27.0,103,150162814.75,39780,1430,2026-08-31
NIFTY,2026-09-29,31500.0,PE,0.0,0.0,0.0,4341.2,7268.55,0,0.0,0,0,2026-08-31
NIFTY,2026-09-29,27000.0,PE,2799.0,2809.1,2680.9,2707.4,2707.4,103,199153184.75,1590515,-2340,2026-08-31
NIFTY,2026-09-29,26950.0,PE,0.0,0.0,0.0,2780.25,2743.81,0,0.0,0,0,2026-08-31
NIFTY,2026-09-29,22650.0,PE,15.0,19.55,15.0,16.9,16.9,85,125239900.5,23530,-1040,2026-08-31
NIFTY,2026-09-29,22500.0,PE,14.95,16.5,13.1,14.4,14.4,11963,17507746132.5,2109055,29380,2026-08-31
NIFTY,2026-09-29,21900.0,PE,6.15,13.4,6.15,9.7,9.7,313,445759044.25,151125,1885,2026-08-31
NIFTY,2026-09-29,15000.0,PE,1.35,1.8,1.35,1.6,1.6,290,282781450.25,63180,15795,2026-08-31
NIFTY,2026-09-22,26000.0,PE,0.0,0.0,0.0,1748.6,1837.63,0,0.0,0,0,2026-08-31
NIFTY,2026-09-22,25900.0,PE,0.0,0.0,0.0,1658.45,1741.47,0,0.0,0,0,2026-08-31
NIFTY,2026-09-22,24300.0,PE,281.0,319.2,238.25,256.1,256.1,429,685480815.5,22230,1430,2026-08-31
NIFTY,2026-09-22,23900.0,PE,93.5,142.8,93.5,111.15,111.15,1181,1844467326.0,36985,33475,2026-08-31
NIFTY,2026-09-22,23450.0,PE,0.0,0.0,0.0,173.4,120.92,0,0.0,0,0,2026-08-31
NIFTY,2026-09-22,23300.0,PE,25.0,36.25,25.0,29.3,29.3,689,1044925254.75,24310,21125,2026-08-31
NIFTY,2026-09-22,22600.0,PE,0.0,0.0,0.0,41.4,17.2,0,0.0,0,0,2026-08-31
NIFTY,2026-09-15,26100.0,PE,0.0,0.0,0.0,1559.2,1957.11,0,0.0,0,0,2026-08-31
NIFTY,2026-09-15,25900.0,PE,0.0,0.0,0.0,1387.75,1759.87,0,0.0,0,0,2026-08-31
NIFTY,2026-09-15,25800.0,PE,0.0,0.0,0.0,1304.65,1661.87,0,0.0,0,0,2026-08-31
NIFTY,2026-09-15,25700.0,PE,0.0,0.0,0.0,1223.4,1564.45,0,0.0,0,0,2026-08-31
NIFTY,2026-09-15,24700.0,PE,568.55,604.1,497.2,519.3,519.3,154,253004940.5,16575,7085,2026-08-31
NIFTY,2026-09-15,24200.0,PE,189.95,238.8,161.35,184.75,184.75,11221,17799745541.5,263445,35945,2026-08-31
NIFTY,2026-09-15,24000.0,PE,106.0,147.45,94.65,109.15,109.15,23032,36116253819.75,459160,118235,2026-08-31
NIFTY,2026-09-15,23700.0,PE,56.1,64.85,40.8,46.05,46.05,4954,7648973120.75,163410,40820,2026-08-31
NIFTY,2026-09-15,22450.0,PE,8.7,8.7,5.3,5.3,3.52,4,5838820.0,130,130,2026-08-31
NIFTY,2026-09-08,26100.0,PE,0.0,0.0,0.0,1439.9,1985.08,0,0.0,0,0,2026-08-31
NIFTY,2026-09-08,25500.0,PE,1379.8,1411.0,1280.0,1312.45,1312.45,762,1329984357.0,45955,41340,2026-08-31
NIFTY,2026-09-08,25050.0,PE,0.0,0.0,0.0,770.0,950.14,0,0.0,65,0,2026-08-31
NIFTY,2026-09-08,24450.0,PE,310.0,397.95,274.5,314.8,314.8,1538,2478431881.25,99190,-13715,2026-08-31
NIFTY,2026-09-08,24050.0,PE,99.45,135.75,77.0,91.85,91.85,94607,148560338459.0,603655,367315,2026-08-31
NIFTY,2026-09-08,23550.0,PE,19.6,21.4,12.25,14.45,14.45,24219,37099961895.75,304135,161135,2026-08-31
NIFTY,2026-09-08,23450.0,PE,13.7,15.15,9.45,10.9,10.9,24558,37452158445.0,364325,194805,2026-08-31
NIFTY,2026-09-08,23050.0,PE,5.25,6.5,5.0,6.0,6.0,6520,9771046174.5,145080,104325,2026-08-31
NIFTY,2026-09-01,27100.0,PE,0.0,0.0,0.0,2741.55,3015.11,0,0.0,0,0,2026-08-31
NIFTY,2026-09-01,26550.0,PE,0.0,0.0,0.0,2219.65,2465.2,0,0.0,0,0,2026-08-31
NIFTY,2026-09-01,25650.0,PE,1540.0,1540.0,1540.0,1540.0,1565.35,8,14138800.0,1040,0,2026-08-31
NIFTY,2026-09-01,25350.0,PE,1250.0,1250.0,1250.0,1250.0,1265.4,8,13832000.0,2405,-520,2026-08-31
NIFTY,2026-09-01,24700.0,PE,582.0,664.0,512.25,584.65,584.65,6639,10922223042.25,193245,-48945,2026-08-31
NIFTY,2026-09-01,23600.0,PE,2.7,3.9,1.4,2.45,2.45,1312448,2013536777980.0,5735990,1227330,2026-08-31
NIFTY,2026-09-01,23500.0,PE,1.75,2.75,1.15,1.85,1.85,1194830,1825267156485.5,6789835,-455325,2026-08-31
NIFTY,2026-09-01,23450.0,PE,2.3,2.35,1.05,1.75,1.75,481344,733748003014.0,1918085,585585,2026-08-31
NIFTY,2026-09-29,23800.0,CE,560.0,613.45,506.0,570.25,570.25,2663,4214190513.0,104780,8450,2026-08-31
NIFTY,2026-09-29,23550.0,CE,732.85,784.2,720.25,784.2,784.2,4,6318851.5,1235,0,2026-08-31
NIFTY,2026-09-29,23250.0,CE,1001.5,1001.5,1001.5,1001.5,1054.41,1,1576347.5,390,65,2026-08-31
NIFTY,2026-09-29,22400.0,CE,0.0,0.0,0.0,1741.4,1807.33,0,0.0,195,0,2026-08-31
NIFTY,2026-09-29,22250.0,CE,1920.0,1920.0,1920.0,1920.0,1950.55,2,3142100.0,130,130,2026-08-31
NIFTY,2026-09-29,22150.0,CE,2010.0,2010.0,2010.0,2010.0,2047.0,1,1570400.0,65,65,2026-08-31
NIFTY,2026-09-22,25950.0,CE,3.45,3.95,3.45,3.9,14.31,20,33739803.5,650,650,2026-08-31
NIFTY,2026-09-22,25850.0,CE,4.15,5.1,4.15,4.2,4.2,42,70583084.0,845,845,2026-08-31
NIFTY,2026-09-22,25450.0,CE,0.0,0.0,0.0,123.25,44.25,0,0.0,0,0,2026-08-31
NIFTY,2026-09-22,24900.0,CE,32.05,40.0,28.75,33.35,33.35,2046,3315746154.5,73320,58435,2026-08-31
NIFTY,2026-09-22,23950.0,CE,374.2,445.0,359.05,410.0,410.0,59,93338908.0,1560,1170,2026-08-31
NIFTY,2026-09-22,23750.0,CE,513.3,513.3,513.3,513.3,621.69,1,1577114.5,325,0,2026-08-31
NIFTY,2026-09-22,23150.0,CE,0.0,0.0,0.0,1248.7,1080.59,0,0.0,0,0,2026-08-31
NIFTY,2026-09-22,23100.0,CE,0.0,0.0,0.0,1289.85,1123.58,0,0.0,0,0,2026-08-31
NIFTY,2026-09-22,23000.0,CE,0.0,0.0,0.0,1373.75,1211.25,0,0.0,0,0,2026-08-31
NIFTY,2026-09-22,22850.0,CE,0.0,0.0,0.0,1503.15,1346.52,0,0.0,0,0,2026-08-31
NIFTY,2026-09-22,22650.0,CE,0.0,0.0,0.0,1681.55,1532.54,0,0.0,0,0,2026-08-31
NIFTY,2026-09-22,22500.0,CE,0.0,0.0,0.0,1819.0,1675.3,0,0.0,0,0,2026-08-31
NIFTY,2026-09-22,22450.0,CE,0.0,0.0,0.0,1865.4,1723.38,0,0.0,0,0,2026-08-31
NIFTY,2026-09-15,26150.0,CE,2.8,2.85,2.4,2.85,1.95,15,25498954.0,1560,-65,2026-08-31
NIFTY,2026-09-15,24350.0,CE,125.0,150.0,99.65,123.3,123.3,2302,3661063120.0,56680,7865,2026-08-31
NIFTY,2026-09-15,24000.0,CE,301.05,362.0,266.5,316.85,316.85,10392,16412688578.0,165360,62920,2026-08-31
NIFTY,2026-09-15,23400.0,CE,0.0,0.0,0.0,1312.7,809.31,0,0.0,0,0,2026-08-31
NIFTY,2026-11-23,25000.0,PE,715.0,805.95,710.0,742.5,742.5,122,204399016.25,13065,2080,2026-08-31
NIFTY,2026-11-23,23600.0,PE,180.85,187.65,171.8,181.6,181.6,37,57188956.5,1560,1170,2026-08-31
NIFTY,2026-10-27,26700.0,PE,0.0,0.0,0.0,2458.1,2399.33,0,0.0,0,0,2026-08-31
NIFTY,2026-10-27,26350.0,PE,0.0,0.0,0.0,2163.0,2081.7,0,0.0,0,0,2026-08-31
NIFTY,2026-10-27,26200.0,PE,0.0,0.0,0.0,2040.5,1949.24,0,0.0,0,0,2026-08-31
NIFTY,2026-10-27,22500.0,PE,29.95,35.0,27.95,30.7,30.7,5475,8018656964.5,855660,125580,2026-08-31
NIFTY,2026-09-15,23250.0,CE,0.0,0.0,0.0,1438.9,936.35,0,0.0,0,0,2026-08-31
NIFTY,2026-09-15,23150.0,CE,0.0,0.0,0.0,1525.35,1024.56,0,0.0,0,0,2026-08-31
NIFTY,2026-09-15,23050.0,CE,0.0,0.0,0.0,1613.5,1115.14,0,0.0,0,0,2026-08-31
NIFTY,2026-09-15,23000.0,CE,0.0,0.0,0.0,1460.75,1161.19,0,0.0,65,0,2026-08-31
NIFTY,2026-09-15,22650.0,CE,0.0,0.0,0.0,1979.9,1494.1,0,0.0,0,0,2026-08-31
NIFTY,2026-09-15,22350.0,CE,0.0,0.0,0.0,2265.3,1788.26,0,0.0,0,0,2026-08-31
NIFTY,2026-09-08,26400.0,CE,0.8,0.95,0.65,0.8,0.8,3531,6059374915.75,168285,-18200,2026-08-31
NIFTY,2026-10-27,24500.0,CE,356.65,356.65,283.0,316.45,316.45,7057,11376812330.0,637845,195,2026-08-31
NIFTY,2026-10-27,25450.0,CE,79.9,79.9,52.1,56.6,56.6,97,160822597.0,2145,1755,2026-08-31
NIFTY,2026-09-08,25000.0,CE,5.4,5.95,3.35,3.9,3.9,127878,207838167683.25,3596190,1410695,2026-08-31
NIFTY,2026-09-08,24700.0,CE,15.25,18.05,8.95,10.75,10.75,124366,199768452357.5,2507570,641745,2026-08-31
NIFTY,2026-09-08,23250.0,CE,0.0,0.0,0.0,1568.45,876.9,0,0.0,0,0,2026-08-31
NIFTY,2026-09-08,23150.0,CE,0.0,0.0,0.0,1656.9,971.29,0,0.0,0,0,2026-08-31
NIFTY,2026-09-08,22900.0,CE,0.0,0.0,0.0,1884.1,1213.82,0,0.0,0,0,2026-08-31
NIFTY,2026-09-01,26850.0,CE,0.4,0.6,0.3,0.35,0.35,1114,1944237165.0,25480,-2730,2026-08-31
NIFTY,2026-09-01,26800.0,CE,0.35,0.5,0.35,0.45,0.45,1648,2870859823.0,57265,-9880,2026-08-31
NIFTY,2026-09-01,26400.0,CE,0.55,0.55,0.3,0.4,0.4,5747,9862013284.5,70265,-50310,2026-08-31
NIFTY,2026-09-01,26250.0,CE,0.6,0.65,0.3,0.35,0.35,2755,4700793581.25,47255,16315,2026-08-31
NIFTY,2026-10-27,26000.0,CE,23.4,27.0,20.3,22.8,22.8,8123,13739873348.5,1228695,-7930,2026-08-31
NIFTY,2026-10-27,26600.0,CE,0.0,0.0,0.0,157.4,59.0,0,0.0,0,0,2026-08-31
NIFTY,2026-10-27,26750.0,CE,0.0,0.0,0.0,138.3,48.58,0,0.0,0,0,2026-08-31
NIFTY,2026-11-23,22350.0,CE,0.0,0.0,0.0,2413.25,2174.27,0,0.0,0,0,2026-08-31
NIFTY,2026-11-23,22950.0,CE,0.0,0.0,0.0,1911.7,1685.35,0,0.0,0,0,2026-08-31
NIFTY,2026-11-23,23300.0,CE,0.0,0.0,0.0,1642.3,1425.96,0,0.0,0,0,2026-08-31
NIFTY,2026-11-23,24000.0,CE,721.7,810.45,714.5,770.1,770.1,1215,1954483017.5,172835,4160,2026-08-31
NIFTY,2026-11-23,24100.0,CE,679.5,709.0,651.4,706.0,706.0,22,35436420.5,1885,390,2026-08-31
NIFTY,2026-11-23,24750.0,CE,354.0,374.2,354.0,359.4,359.4,32,52247484.25,1495,1495,2026-08-31
NIFTY,2026-11-23,25850.0,CE,0.0,0.0,0.0,358.95,264.2,0,0.0,0,0,2026-08-31
NIFTY,2026-12-29,21000.0,CE,3470.0,3610.1,3470.0,3580.95,3580.95,58,92512325.75,200835,-130,2026-08-31
NIFTY,2027-03-30,18000.0,CE,0.0,0.0,0.0,5643.55,6753.04,0,0.0,0,0,2026-08-31
NIFTY,2027-06-29,21000.0,CE,0.0,0.0,0.0,3061.8,4335.46,0,0.0,0,0,2026-08-31
NIFTY,2027-06-29,24000.0,CE,0.0,0.0,0.0,1900.0,2147.06,0,0.0,1445,0,2026-08-31
NIFTY,2026-09-01,24600.0,CE,3.35,4.05,1.75,2.0,2.0,1590759,2543881085674.5,8669895,457210,2026-08-31
NIFTY,2026-09-01,24450.0,CE,5.25,13.9,3.0,4.3,4.3,1626972,2586279088916.25,6492850,856830,2026-08-31
NIFTY,2026-09-01,22200.0,CE,0.0,0.0,0.0,2171.8,1884.08,0,0.0,0,0,2026-08-31
NIFTY,2026-09-01,22000.0,CE,2050.0,2135.0,2025.9,2135.0,2084.05,4,6257878.25,4810,-65,2026-08-31
NIFTY,2027-06-29,27000.0,CE,470.0,470.0,470.0,470.0,825.42,1,1785550.0,585,65,2026-08-31
NIFTY,2027-12-28,22500.0,CE,0.0,0.0,0.0,6183.0,3923.24,0,0.0,0,0,2026-08-31
NIFTY,2027-12-28,25500.0,CE,0.0,0.0,0.0,2400.0,2130.56,0,0.0,0,0,2026-08-31
NIFTY,2027-12-28,28500.0,CE,556.45,556.45,520.0,539.0,539.0,62,117011326.25,15860,3185,2026-08-31
NIFTY,2028-06-27,25500.0,CE,0.0,0.0,0.0,4676.6,2836.61,0,0.0,0,0,2026-08-31
NIFTY,2028-06-27,31500.0,CE,0.0,0.0,0.0,1784.8,829.52,0,0.0,0,0,2026-08-31
NIFTY,2028-12-26,21000.0,CE,0.0,0.0,0.0,7512.5,6349.93,0,0.0,0,0,2026-08-31
NIFTY,2029-12-24,22500.0,CE,0.0,0.0,0.0,8486.15,6517.91,0,0.0,0,0,2026-08-31
NIFTY,2030-06-25,16500.0,CE,0.0,0.0,0.0,13374.05,11284.69,0,0.0,0,0,2026-08-31
NIFTY,2030-06-25,19500.0,CE,0.0,0.0,0.0,11140.25,9092.64,0,0.0,0,0,2026-08-31
NIFTY,2031-06-24,28500.0,CE,0.0,0.0,0.0,5048.95,5067.94,0,0.0,0,0,2026-08-31
NIFTY,2026-09-01,22800.0,PE,1.15,1.35,0.65,0.85,0.85,176686,261858894020.75,1799785,966940,2026-08-31
NIFTY,2026-09-01,23050.0,PE,1.25,1.4,0.6,0.95,0.95,160773,240889100653.5,811980,23465,2026-08-31
NIFTY,2026-09-01,24200.0,PE,100.0,186.85,85.2,119.55,119.55,2804711,4436621490369.25,5617560,-2361450,2026-08-31
NIFTY,2026-09-01,24400.0,PE,250.0,370.95,226.0,289.45,289.45,112296,180347309694.5,1157585,-562900,2026-08-31
NIFTY,2026-09-01,24850.0,PE,749.9,815.0,673.35,717.1,717.1,156,259587701.75,35490,-260,2026-08-31
NIFTY,2026-09-01,25100.0,PE,1027.15,1059.65,930.0,978.9,978.9,213,361147166.25,36920,-7735,2026-08-31
NIFTY,2026-09-01,25500.0,PE,1399.95,1470.0,1338.05,1385.15,1385.15,1145,2003408026.75,184405,-54210,2026-08-31
NIFTY,2026-09-01,25550.0,PE,1454.0,1454.0,1415.9,1416.0,1465.37,5,8768880.25,455,-130,2026-08-31
NIFTY,2026-09-01,26300.0,PE,0.0,0.0,0.0,1841.35,2215.24,0,0.0,2210,0,2026-08-31
NIFTY,2030-12-31,21000.0,PE,0.0,0.0,0.0,450.0,326.41,0,0.0,845,0,2026-08-31
NIFTY,2030-06-25,25500.0,PE,0.0,0.0,0.0,568.55,1131.69,0,0.0,0,0,2026-08-31
NIFTY,2030-06-25,21000.0,PE,0.0,0.0,0.0,220.0,328.86,0,0.0,65,0,2026-08-31
NIFTY,2029-12-24,31500.0,PE,0.0,0.0,0.0,2240.25,3557.99,0,0.0,0,0,2026-08-31
NIFTY,2029-12-24,25500.0,PE,0.0,0.0,0.0,597.3,1196.01,0,0.0,0,0,2026-08-31
NIFTY,2029-06-26,24000.0,PE,0.0,0.0,0.0,825.0,852.13,0,0.0,155,0,2026-08-31
NIFTY,2028-12-26,28500.0,PE,0.0,0.0,0.0,1451.15,2575.44,0,0.0,0,0,2026-08-31
NIFTY,2028-12-26,27000.0,PE,1655.0,1700.0,1655.0,1700.0,1890.87,12,22381125.0,13295,0,2026-08-31
NIFTY,2026-09-01,26700.0,PE,0.0,0.0,0.0,2360.1,2615.17,0,0.0,0,0,2026-08-31
NIFTY,2026-09-01,27000.0,PE,0.0,0.0,0.0,2610.5,2915.13,0,0.0,65,0,2026-08-31
NIFTY,2026-09-08,23200.0,PE,7.5,8.15,6.15,6.95,6.95,48179,72676315871.25,1106820,733005,2026-08-31
NIFTY,2026-09-08,23700.0,PE,24.85,38.0,20.5,24.6,24.6,90201,139125500741.5,1557595,408330,2026-08-31
NIFTY,2026-09-08,24700.0,PE,520.0,623.9,494.5,528.6,528.6,1057,1734715755.5,99775,29315,2026-08-31
NIFTY,2026-09-15,22550.0,PE,6.0,6.0,5.2,5.3,5.17,14,20525583.0,650,325,2026-08-31
NIFTY,2026-09-15,23100.0,PE,11.5,15.45,10.35,12.35,12.35,906,1361117572.75,40105,28210,2026-08-31
NIFTY,2026-09-15,23350.0,PE,0.0,0.0,0.0,97.3,62.5,0,0.0,0,0,2026-08-31
NIFTY,2026-09-15,23950.0,PE,95.0,129.1,82.25,95.75,95.75,3751,5864528559.5,43810,24115,2026-08-31
NIFTY,2026-09-15,24300.0,PE,265.65,298.25,207.4,234.6,234.6,4263,6804215320.5,199615,-6825,2026-08-31
NIFTY,2026-09-15,24600.0,PE,500.0,523.55,402.45,448.05,448.05,155,252679901.5,16835,1300,2026-08-31
NIFTY,2026-09-15,25200.0,PE,0.0,0.0,0.0,850.0,1092.68,0,0.0,130,0,2026-08-31
NIFTY,2026-09-15,26050.0,PE,0.0,0.0,0.0,1515.75,1907.67,0,0.0,0,0,2026-08-31
NIFTY,2026-09-22,22450.0,PE,0.0,0.0,0.0,12.95,11.26,0,0.0,130,0,2026-08-31
NIFTY,2026-09-22,22850.0,PE,0.0,0.0,0.0,66.05,32.95,0,0.0,0,0,2026-08-31
NIFTY,2026-09-22,22950.0,PE,0.0,0.0,0.0,78.75,41.94,0,0.0,0,0,2026-08-31
NIFTY,2026-09-22,25550.0,PE,0.0,0.0,0.0,1354.25,1412.39,0,0.0,0,0,2026-08-31
NIFTY,2026-09-29,21700.0,PE,8.5,9.9,7.5,7.75,7.75,291,410614382.75,61165,-1690,2026-08-31
NIFTY,2026-09-29,22200.0,PE,12.0,13.0,10.7,11.5,11.5,1128,1628598760.75,152750,30095,2026-08-31
NIFTY,2026-09-29,22250.0,PE,11.3,13.3,11.2,11.85,11.85,211,305333821.0,23725,7085,2026-08-31
NIFTY,2026-09-29,23150.0,PE,33.25,39.95,30.0,32.65,32.65,468,705322273.5,45045,-715,2026-08-31
NIFTY,2026-09-29,23700.0,PE,91.95,115.3,80.85,90.2,90.2,17703,27388342946.25,1265030,103545,2026-08-31
NIFTY,2026-09-29,23750.0,PE,109.5,126.9,89.45,100.65,100.65,5200,8063280712.5,265850,53105,2026-08-31
NIFTY,2026-09-29,23950.0,PE,164.7,186.05,133.1,148.25,148.25,2748,4307935466.25,138320,15665,2026-08-31
NIFTY,2026-09-29,24100.0,PE,205.95,245.0,176.45,197.75,197.75,27347,43224141132.25,878020,86515,2026-08-31
NIFTY,2026-09-29,24250.0,PE,282.25,314.4,234.85,257.85,257.85,5577,8892169263.25,361855,130,2026-08-31
NIFTY,2026-09-29,24400.0,PE,334.0,399.0,302.35,333.05,333.05,14952,24053284398.0,2356185,-67145,2026-08-31
NIFTY,2026-09-29,24600.0,PE,396.0,534.55,396.0,458.25,458.25,5137,8370306795.5,773695,176995,2026-08-31
NIFTY,2026-09-29,25750.0,PE,0.0,0.0,0.0,1170.0,1590.62,0,0.0,455,0,2026-08-31
NIFTY,2026-09-29,26300.0,PE,2015.35,2015.35,2015.35,2015.35,2108.51,2,3680995.5,81055,130,2026-08-31
NIFTY,2026-09-29,27200.0,PE,0.0,0.0,0.0,3004.3,2991.02,0,0.0,0,0,2026-08-31
NIFTY,2026-10-27,22250.0,PE,28.0,28.0,22.0,24.25,24.25,2360,3416849244.25,228930,38090,2026-08-31
NIFTY,2026-10-27,22650.0,PE,33.9,42.45,33.2,33.2,33.2,25,36869423.5,1625,585,2026-08-31
NIFTY,2026-10-27,22800.0,PE,0.0,0.0,0.0,239.4,119.96,0,0.0,0,0,2026-08-31
NIFTY,2026-10-27,22850.0,PE,0.0,0.0,0.0,250.85,128.2,0,0.0,0,0,2026-08-31
NIFTY,2026-10-27,25750.0,PE,0.0,0.0,0.0,1149.95,1568.66,0,0.0,260,0,2026-08-31
NIFTY,2026-10-27,25900.0,PE,0.0,0.0,0.0,1231.5,1692.42,0,0.0,65,0,2026-08-31
NIFTY,2026-10-27,26150.0,PE,0.0,0.0,0.0,1657.0,1905.65,0,0.0,130,0,2026-08-31
NIFTY,2026-11-23,22750.0,PE,0.0,0.0,0.0,151.25,171.26,0,0.0,0,0,2026-08-31
NIFTY,2026-11-23,23850.0,PE,307.35,307.35,245.0,245.0,477.33,31,48591338.25,1950,1950,2026-08-31
NIFTY,2026-11-23,24200.0,PE,0.0,0.0,0.0,552.7,624.27,0,0.0,0,0,2026-08-31
NIFTY,2026-11-23,24250.0,PE,394.15,395.6,357.25,361.2,361.2,44,70428130.5,1560,1235,2026-08-31
NIFTY,2026-11-23,25150.0,PE,0.0,0.0,0.0,1030.25,1150.21,0,0.0,0,0,2026-08-31
NIFTY,2026-11-23,25500.0,PE,0.0,0.0,0.0,957.25,1387.89,0,0.0,390,0,2026-08-31
NIFTY,2026-12-29,13000.0,PE,0.0,0.0,0.0,5.15,0.0,0,0.0,7680,0,2026-08-31
NIFTY,2026-12-29,26000.0,PE,1420.0,1518.0,1391.0,1427.7,1427.7,987,1762809883.25,1440135,-6095,2026-08-31
NIFTY,2027-03-30,19500.0,PE,45.0,46.5,42.0,45.05,45.05,361,458607188.0,103480,5070,2026-08-31
NIFTY,2026-09-15,25050.0,CE,0.0,0.0,0.0,318.55,51.84,0,0.0,0,0,2026-08-31
NIFTY,2026-09-15,25250.0,CE,0.0,0.0,0.0,253.25,31.32,0,0.0,0,0,2026-08-31
NIFTY,2026-09-15,25650.0,CE,3.65,4.85,2.65,2.95,2.95,199,331830492.5,3770,2340,2026-08-31
NIFTY,2026-09-15,25750.0,CE,4.3,4.3,3.2,3.6,3.6,4,6695975.0,1365,195,2026-08-31
NIFTY,2026-09-15,25850.0,CE,2.65,3.05,2.05,2.7,5.39,29,48732355.75,585,-650,2026-08-31
NIFTY,2026-09-15,26100.0,CE,2.7,5.85,1.65,1.65,1.65,130,220571403.0,5265,3900,2026-08-31
NIFTY,2026-09-15,26200.0,CE,1.6,2.95,1.6,2.2,2.2,163,277613895.0,16315,6045,2026-08-31
NIFTY,2026-09-22,25300.0,CE,0.0,0.0,0.0,151.5,60.1,0,0.0,0,0,2026-08-31
NIFTY,2026-09-29,19500.0,CE,0.0,0.0,0.0,4780.0,4673.91,0,0.0,140465,0,2026-08-31
NIFTY,2026-09-29,21750.0,CE,0.0,0.0,0.0,2550.0,2438.05,0,0.0,65,0,2026-08-31
NIFTY,2026-09-29,21800.0,CE,2380.0,2450.0,2375.0,2430.0,2388.83,5,7865975.0,260,-260,2026-08-31
NIFTY,2026-09-01,22700.0,PE,1.1,1.1,0.55,0.75,0.75,63458,93635511463.0,518570,-520065,2026-08-31
NIFTY,2030-12-31,18000.0,CE,0.0,0.0,0.0,12674.15,10644.21,0,0.0,0,0,2026-08-31
NIFTY,2029-12-24,33000.0,CE,0.0,0.0,0.0,3816.05,1883.6,0,0.0,0,0,2026-08-31
NIFTY,2029-12-24,24000.0,CE,0.0,0.0,0.0,7729.0,5599.14,0,0.0,65,0,2026-08-31
NIFTY,2029-06-26,31500.0,CE,0.0,0.0,0.0,2878.65,1786.51,0,0.0,0,0,2026-08-31
NIFTY,2028-12-26,31500.0,CE,718.0,799.0,718.0,799.0,1290.06,2,4193605.0,130,130,2026-08-31
NIFTY,2028-12-26,22500.0,CE,0.0,0.0,0.0,7382.9,5296.18,0,0.0,0,0,2026-08-31
NIFTY,2028-06-27,30000.0,CE,0.0,0.0,0.0,2278.45,1158.25,0,0.0,0,0,2026-08-31
NIFTY,2028-06-27,24000.0,CE,0.0,0.0,0.0,3918.85,3667.14,0,0.0,0,0,2026-08-31
NIFTY,2027-12-28,18000.0,CE,0.0,0.0,0.0,6285.7,7608.65,0,0.0,0,0,2026-08-31
NIFTY,2027-03-30,33000.0,CE,15.0,15.45,15.0,15.45,13.98,12,25752021.75,3770,65,2026-08-31
NIFTY,2027-03-30,19500.0,CE,0.0,0.0,0.0,4365.4,5326.55,0,0.0,0,0,2026-08-31
NIFTY,2026-12-29,19000.0,CE,5440.0,5530.0,5440.0,5485.0,5485.0,6,9547850.0,54015,-65,2026-08-31
NIFTY,2026-12-29,16500.0,CE,0.0,0.0,0.0,10405.0,7932.45,0,0.0,0,0,2026-08-31
NIFTY,2026-11-23,25650.0,CE,0.0,0.0,0.0,415.95,310.91,0,0.0,0,0,2026-08-31
NIFTY,2026-11-23,25600.0,CE,0.0,0.0,0.0,431.25,323.66,0,0.0,0,0,2026-08-31
NIFTY,2026-11-23,25400.0,CE,0.0,0.0,0.0,496.65,378.76,0,0.0,0,0,2026-08-31
NIFTY,2026-11-23,23950.0,CE,0.0,0.0,0.0,1196.85,1005.98,0,0.0,0,0,2026-08-31
NIFTY,2026-11-23,23750.0,CE,0.0,0.0,0.0,1325.6,1126.24,0,0.0,0,0,2026-08-31
NIFTY,2026-11-23,23550.0,CE,0.0,0.0,0.0,1461.75,1254.59,0,0.0,0,0,2026-08-31
NIFTY,2026-11-23,22750.0,CE,0.0,0.0,0.0,2073.75,1842.53,0,0.0,0,0,2026-08-31
NIFTY,2026-10-27,26650.0,CE,0.0,0.0,0.0,150.8,55.33,0,0.0,0,0,2026-08-31
NIFTY,2026-10-27,26200.0,CE,0.0,0.0,0.0,219.35,96.67,0,0.0,0,0,2026-08-31
NIFTY,2026-10-27,25350.0,CE,0.0,0.0,0.0,417.4,246.32,0,0.0,0,0,2026-08-31
NIFTY,2026-10-27,24250.0,CE,425.0,472.9,407.05,449.95,449.95,132,211684339.75,11310,975,2026-08-31
NIFTY,2026-10-27,23500.0,CE,990.0,1020.0,914.0,982.85,982.85,381,605694813.75,50440,2015,2026-08-31
NIFTY,2026-09-29,33000.0,CE,1.0,1.0,1.0,1.0,0.0,1,2145065.0,40690,-65,2026-08-31
NIFTY,2026-09-29,26950.0,CE,3.0,3.0,3.0,3.0,3.44,14,24527230.0,2990,-520,2026-08-31
NIFTY,2026-09-29,26300.0,CE,4.0,4.35,3.8,3.95,3.95,397,678776523.75,164775,585,2026-08-31
NIFTY,2026-09-29,25150.0,CE,34.4,34.4,25.1,26.7,26.7,2004,3279574418.25,116545,845,2026-08-31
NIFTY,2026-09-29,24450.0,CE,194.1,199.9,150.45,177.45,177.45,5045,8073475930.0,171795,-20540,2026-08-31
NIFTY,2026-09-29,24050.0,CE,380.0,434.2,341.55,393.65,393.65,4542,7211648236.0,55510,27560,2026-08-31
NIFTY,2026-09-29,23600.0,CE,686.55,780.0,658.3,746.35,746.35,111,175264017.5,17875,195,2026-08-31
NIFTY,2026-09-29,23300.0,CE,925.55,1030.0,924.65,995.0,995.0,23,36256259.0,9230,-65,2026-08-31
NIFTY,2026-09-29,23050.0,CE,1151.0,1151.0,1151.0,1151.0,1219.31,1,1573065.0,260,-65,2026-08-31
NIFTY,2026-09-29,22650.0,CE,0.0,0.0,0.0,1675.4,1573.72,0,0.0,260,0,2026-08-31
NIFTY,2026-09-29,22050.0,CE,0.0,0.0,0.0,2280.0,2144.08,0,0.0,130,0,2026-08-31
NIFTY,2026-09-22,26100.0,CE,0.0,0.0,0.0,45.8,9.87,0,0.0,0,0,2026-08-31
NIFTY,2026-09-22,25100.0,CE,20.0,22.0,16.75,18.2,18.2,488,796777325.5,39650,3705,2026-08-31
NIFTY,2026-09-22,24950.0,CE,0.0,0.0,0.0,237.2,115.88,0,0.0,0,0,2026-08-31
NIFTY,2026-09-22,24750.0,CE,0.0,0.0,0.0,300.7,162.61,0,0.0,0,0,2026-08-31
NIFTY,2026-09-22,24500.0,CE,120.0,139.65,96.7,115.25,115.25,2328,3724122681.5,119080,32305,2026-08-31
NIFTY,2026-09-22,23850.0,CE,0.0,0.0,0.0,738.45,557.58,0,0.0,0,0,2026-08-31
NIFTY,2026-09-22,23600.0,CE,617.0,720.0,617.0,720.0,725.06,2,3154905.0,130,0,2026-08-31
NIFTY,2026-09-22,22750.0,CE,0.0,0.0,0.0,1591.55,1438.82,0,0.0,0,0,2026-08-31
NIFTY,2026-09-22,22600.0,CE,0.0,0.0,0.0,1727.05,1579.86,0,0.0,0,0,2026-08-31
NIFTY,2026-09-15,25950.0,CE,3.5,3.5,2.25,2.25,2.25,5,8434621.0,1170,65,2026-08-31
NIFTY,2026-09-15,25900.0,CE,2.05,3.5,1.7,2.3,2.3,173,291272452.25,6110,780,2026-08-31
NIFTY,2026-09-15,25300.0,CE,7.65,8.25,5.15,6.0,6.0,9059,14901338864.75,233415,-81640,2026-08-31
NIFTY,2026-09-15,24700.0,CE,38.0,52.1,29.8,34.95,34.95,16609,26704686628.75,562770,241475,2026-08-31
NIFTY,2026-09-15,24400.0,CE,125.0,131.0,85.05,104.95,104.95,10190,16226905350.5,221780,-14755,2026-08-31
NIFTY,2026-09-15,23800.0,CE,422.0,507.65,405.0,468.5,468.5,566,891645472.25,13975,7345,2026-08-31
NIFTY,2026-09-15,23750.0,CE,482.8,497.3,482.0,496.95,496.95,23,36231971.75,1300,1300,2026-08-31
NIFTY,2026-09-15,23650.0,CE,563.05,563.05,544.65,544.65,614.79,3,4720283.75,195,195,2026-08-31
NIFTY,2026-09-15,23550.0,CE,0.0,0.0,0.0,1191.15,689.79,0,0.0,0,0,2026-08-31
NIFTY,2026-10-27,24300.0,CE,401.35,451.8,377.95,417.55,417.55,2122,3406948532.0,237510,22555,2026-08-31
NIFTY,2026-10-27,24150.0,CE,501.4,551.35,469.05,506.9,506.9,162,259654291.0,2665,-65,2026-08-31
NIFTY,2026-10-27,23550.0,CE,0.0,0.0,0.0,1244.0,1064.43,0,0.0,0,0,2026-08-31
NIFTY,2026-09-29,31500.0,CE,0.0,0.0,0.0,1.3,0.0,0,0.0,17225,0,2026-08-31
NIFTY,2026-09-22,23550.0,CE,0.0,0.0,0.0,931.8,762.37,0,0.0,65,0,2026-08-31
NIFTY,2026-09-22,24350.0,CE,151.3,201.9,139.2,177.1,177.1,230,366492737.0,8515,1105,2026-08-31
NIFTY,2026-09-29,22600.0,CE,0.0,0.0,0.0,1900.0,1619.84,0,0.0,910,0,2026-08-31
NIFTY,2026-09-29,23850.0,CE,488.6,565.5,471.45,533.75,533.75,226,357890143.0,7995,4225,2026-08-31
NIFTY,2026-09-29,24950.0,CE,44.7,56.35,41.8,47.0,47.0,2784,4523318130.5,207155,10205,2026-08-31
NIFTY,2026-09-29,25400.0,CE,15.0,18.0,14.0,14.85,14.85,8512,14061716123.0,673985,-17420,2026-08-31
NIFTY,2026-09-29,26500.0,CE,2.8,3.4,2.65,2.85,2.85,3886,6694402136.5,945100,6045,2026-08-31
NIFTY,2026-09-29,26650.0,CE,0.0,0.0,0.0,3.1,6.97,0,0.0,715,0,2026-08-31
NIFTY,2026-09-29,28500.0,CE,1.25,1.4,0.85,0.95,0.95,605,1120803690.5,574210,-2600,2026-08-31
NIFTY,2031-06-24,19500.0,PE,0.0,0.0,0.0,289.2,195.64,0,0.0,0,0,2026-08-31
NIFTY,2030-12-31,24000.0,PE,0.0,0.0,0.0,1000.0,755.81,0,0.0,520,0,2026-08-31
NIFTY,2030-06-25,28500.0,PE,0.0,0.0,0.0,1167.6,2045.48,0,0.0,0,0,2026-08-31
NIFTY,2029-12-24,33000.0,PE,0.0,0.0,0.0,2953.7,4348.68,0,0.0,0,0,2026-08-31
NIFTY,2029-12-24,24000.0,PE,720.05,720.05,720.05,720.05,824.55,1,1606803.25,585,65,2026-08-31
NIFTY,2029-06-26,30000.0,PE,0.0,0.0,0.0,2031.05,3087.24,0,0.0,0,0,2026-08-31
NIFTY,2029-06-26,27000.0,PE,0.0,0.0,0.0,1252.35,1769.25,0,0.0,0,0,2026-08-31
NIFTY,2029-06-26,25500.0,PE,0.0,0.0,0.0,624.25,1259.08,0,0.0,0,0,2026-08-31
NIFTY,2028-12-26,26000.0,PE,1217.05,1217.05,1217.05,1217.05,1217.05,1,1769108.25,6875,65,2026-08-31
NIFTY,2028-12-26,23000.0,PE,0.0,0.0,0.0,590.0,635.27,0,0.0,1740,0,2026-08-31
NIFTY,2028-06-27,33000.0,PE,0.0,0.0,0.0,3707.8,5780.27,0,0.0,0,0,2026-08-31
NIFTY,2027-12-28,26000.0,PE,1275.0,1354.0,1269.9,1269.9,1269.9,34,60377294.25,65590,725,2026-08-31
NIFTY,2027-12-28,25000.0,PE,949.0,970.7,908.0,922.1,922.1,153,257964375.5,96395,5200,2026-08-31
NIFTY,2027-06-29,22500.0,PE,241.5,241.5,241.5,241.5,241.5,2,2956395.0,975,130,2026-08-31
NIFTY,2027-03-30,24000.0,PE,415.0,459.0,415.0,432.4,432.4,1393,2213237724.75,910520,17420,2026-08-31
NIFTY,2026-12-29,30000.0,PE,5263.55,5263.55,5140.0,5170.0,5293.66,29,66338772.5,382600,455,2026-08-31
NIFTY,2026-12-29,23000.0,PE,142.7,160.0,139.0,146.45,146.45,6008,9041000133.75,2914830,21105,2026-08-31
NIFTY,2026-11-23,25300.0,PE,0.0,0.0,0.0,1121.6,1249.41,0,0.0,0,0,2026-08-31
NIFTY,2026-11-23,24900.0,PE,0.0,0.0,0.0,887.45,994.26,0,0.0,0,0,2026-08-31
NIFTY,2026-11-23,24600.0,PE,540.0,540.0,507.65,507.65,823.35,2,3266097.25,65,65,2026-08-31
NIFTY,2026-11-23,24500.0,PE,486.0,519.9,441.6,470.1,470.1,823,1336660620.75,89375,20085,2026-08-31
NIFTY,2026-11-23,24000.0,PE,260.0,315.95,260.0,282.4,282.4,2429,3835940075.5,196040,60385,2026-08-31
NIFTY,2026-11-23,23800.0,PE,240.1,252.95,214.8,227.2,227.2,225,351529152.0,11895,8385,2026-08-31
NIFTY,2026-10-27,27200.0,PE,0.0,0.0,0.0,2898.55,2868.71,0,0.0,0,0,2026-08-31
NIFTY,2026-10-27,27150.0,PE,0.0,0.0,0.0,2853.65,2821.13,0,0.0,0,0,2026-08-31
NIFTY,2026-10-27,26850.0,PE,0.0,0.0,0.0,2588.1,2538.51,0,0.0,0,0,2026-08-31
NIFTY,2026-10-27,26550.0,PE,0.0,0.0,0.0,2330.1,2261.88,0,0.0,0,0,2026-08-31
NIFTY,2026-10-27,24950.0,PE,676.9,676.9,676.9,676.9,975.64,5,8328742.5,3900,-325,2026-08-31
NIFTY,2026-10-27,24700.0,PE,581.95,605.0,516.75,537.2,537.2,165,271032281.0,144885,2210,2026-08-31
NIFTY,2026-10-27,24650.0,PE,570.0,570.0,489.05,504.35,504.35,25,40867147.75,5850,-1235,2026-08-31
NIFTY,2026-10-27,24200.0,PE,319.95,343.7,278.25,299.6,299.6,1262,2011209453.5,166790,-5200,2026-08-31
NIFTY,2026-10-27,23650.0,PE,156.85,166.1,134.0,143.2,143.2,52,80433281.5,1950,1560,2026-08-31
NIFTY,2026-10-27,23600.0,PE,141.6,156.45,124.1,133.45,133.45,1168,1802486829.0,129545,6435,2026-08-31
NIFTY,2026-10-27,23400.0,PE,105.35,117.9,95.4,101.4,101.4,549,838930576.25,26260,13065,2026-08-31
NIFTY,2026-09-29,25950.0,PE,0.0,0.0,0.0,1299.0,1775.66,0,0.0,65,0,2026-08-31
NIFTY,2026-09-29,25450.0,PE,0.0,0.0,0.0,946.5,1323.14,0,0.0,715,0,2026-08-31
NIFTY,2026-09-29,25400.0,PE,0.0,0.0,0.0,1070.0,1280.0,0,0.0,26520,0,2026-08-31
NIFTY,2026-09-29,25200.0,PE,984.5,1040.0,941.9,941.9,941.9,47,80097030.0,92755,2405,2026-08-31
NIFTY,2026-09-29,24650.0,PE,541.95,566.45,461.45,493.05,493.05,73,119430564.5,43290,-715,2026-08-31
NIFTY,2026-09-29,24500.0,PE,370.0,464.7,356.8,391.1,391.1,25038,40557142892.5,3983720,-400595,2026-08-31
NIFTY,2026-09-29,24300.0,PE,299.95,342.55,254.3,281.75,281.75,42223,67516138306.5,4074005,199615,2026-08-31
NIFTY,2026-09-29,24200.0,PE,250.0,291.7,212.6,237.1,237.1,50810,80776909102.5,2533245,-182130,2026-08-31
NIFTY,2026-09-29,21750.0,PE,10.0,10.0,7.1,7.1,7.1,88,124460414.0,5005,-2405,2026-08-31
NIFTY,2026-09-29,19500.0,PE,3.7,4.25,2.9,3.35,3.35,3900,4944104769.5,902135,7605,2026-08-31
NIFTY,2026-09-22,23850.0,PE,0.0,0.0,0.0,295.55,240.37,0,0.0,0,0,2026-08-31
NIFTY,2026-09-22,23800.0,PE,99.95,113.95,78.5,86.95,86.95,869,1349890717.5,39975,5200,2026-08-31
NIFTY,2026-09-22,23600.0,PE,93.3,93.3,50.35,54.1,54.1,209,321383530.0,7280,7280,2026-08-31
NIFTY,2026-09-22,22750.0,PE,0.0,0.0,0.0,55.05,25.61,0,0.0,0,0,2026-08-31
NIFTY,2026-09-15,25300.0,PE,0.0,0.0,0.0,920.35,1184.21,0,0.0,0,0,2026-08-31
NIFTY,2026-09-15,24400.0,PE,326.95,362.3,266.0,294.55,294.55,1892,3038489506.0,117195,24895,2026-08-31
NIFTY,2026-09-15,23300.0,PE,0.0,0.0,0.0,89.65,54.99,0,0.0,0,0,2026-08-31
NIFTY,2026-09-15,22400.0,PE,4.2,6.1,3.05,5.55,5.55,478,696130087.25,26260,11830,2026-08-31
NIFTY,2026-09-08,25750.0,PE,0.0,0.0,0.0,1155.15,1636.01,0,0.0,0,0,2026-08-31
NIFTY,2026-09-08,25600.0,PE,0.0,0.0,0.0,1041.75,1486.84,0,0.0,0,0,2026-08-31
NIFTY,2026-09-08,24350.0,PE,219.0,317.7,208.35,243.25,243.25,9212,14741483909.75,189540,33930,2026-08-31
NIFTY,2026-09-08,24250.0,PE,201.9,247.1,153.5,179.6,179.6,20802,33065519262.75,450970,130260,2026-08-31
NIFTY,2026-09-08,24000.0,PE,80.0,115.0,63.75,76.15,76.15,268937,421145149051.25,2603055,1244035,2026-08-31
NIFTY,2026-09-08,23600.0,PE,13.05,25.75,13.05,16.65,16.65,101787,156270818457.0,2980965,959920,2026-08-31
NIFTY,2026-09-08,23250.0,PE,7.75,8.8,5.1,7.2,7.2,17848,26981646542.5,200655,91325,2026-08-31
NIFTY,2026-09-08,22750.0,PE,3.6,5.0,3.3,4.5,4.5,4414,6528461033.25,89765,56940,2026-08-31
NIFTY,2026-09-08,22350.0,PE,2.6,3.55,2.5,3.05,3.05,37678,54743830973.0,1860820,734825,2026-08-31
NIFTY,2026-09-01,27200.0,PE,0.0,0.0,0.0,3000.0,3115.09,0,0.0,2275,0,2026-08-31
NIFTY,2026-09-01,26500.0,PE,2435.0,2435.0,2435.0,2435.0,2415.21,1,1880775.0,325,0,2026-08-31
NIFTY,2026-09-01,26450.0,PE,0.0,0.0,0.0,2127.0,2365.22,0,0.0,0,0,2026-08-31
NIFTY,2026-09-01,25850.0,PE,0.0,0.0,0.0,1593.2,1765.32,0,0.0,0,0,2026-08-31
NIFTY,2026-09-01,25700.0,PE,0.0,0.0,0.0,1213.95,1615.34,0,0.0,130,0,2026-08-31
NIFTY,2026-09-01,24250.0,PE,132.35,229.7,113.3,156.65,156.65,740401,1175475553268.25,1437345,-1174420,2026-08-31
NIFTY,2026-09-01,23550.0,PE,1.95,3.25,1.35,2.15,2.15,725376,1110486592250.75,1917435,592150,2026-08-31
NIFTY,2026-09-01,22450.0,PE,0.95,0.95,0.45,0.65,0.65,27820,40597509439.5,209495,62985,2026-08-31
NIFTY,2031-06-24,25500.0,CE,0.0,0.0,0.0,6409.8,6497.04,0,0.0,0,0,2026-08-31
NIFTY,2031-06-24,19500.0,CE,0.0,0.0,0.0,9840.6,10058.79,0,0.0,0,0,2026-08-31
NIFTY,2030-06-25,27000.0,CE,0.0,0.0,0.0,6972.5,4612.55,0,0.0,0,0,2026-08-31
NIFTY,2029-06-26,16500.0,CE,0.0,0.0,0.0,12587.95,10402.52,0,0.0,0,0,2026-08-31
NIFTY,2028-06-27,33000.0,CE,0.0,0.0,0.0,2004.15,583.44,0,0.0,0,0,2026-08-31
NIFTY,2027-12-28,27000.0,CE,1064.0,1068.8,989.95,1022.4,1022.4,437,796022457.75,47800,3520,2026-08-31
NIFTY,2027-12-28,19500.0,CE,0.0,0.0,0.0,8684.7,6293.79,0,0.0,0,0,2026-08-31
NIFTY,2027-06-29,22500.0,CE,0.0,0.0,0.0,5539.6,3146.32,0,0.0,0,0,2026-08-31
NIFTY,2027-03-30,25500.0,CE,603.0,637.0,580.0,614.5,614.5,2160,3665247868.75,600015,2665,2026-08-31
NIFTY,2026-09-01,22600.0,CE,0.0,0.0,0.0,1805.15,1484.15,0,0.0,0,0,2026-08-31
NIFTY,2026-09-01,22850.0,CE,0.0,0.0,0.0,1586.45,1234.19,0,0.0,0,0,2026-08-31
NIFTY,2026-09-01,23200.0,CE,813.6,939.65,813.6,919.0,919.0,77,120604955.25,5525,-325,2026-08-31
NIFTY,2026-09-01,23650.0,CE,502.3,537.1,391.45,470.7,470.7,3350,5244646277.0,20215,975,2026-08-31
NIFTY,2026-09-01,23800.0,CE,399.55,399.55,248.8,321.5,321.5,142319,222901805863.75,242190,26455,2026-08-31
NIFTY,2026-09-01,25150.0,CE,1.5,1.5,0.55,0.65,0.65,88459,144613081557.75,1015040,-148590,2026-08-31
NIFTY,2026-09-01,26600.0,CE,0.65,0.65,0.3,0.4,0.4,1290,2230446504.0,31590,-3445,2026-08-31
NIFTY,2026-09-08,22600.0,CE,0.0,0.0,0.0,2165.9,1510.92,0,0.0,0,0,2026-08-31
NIFTY,2026-09-08,22850.0,CE,0.0,0.0,0.0,1930.45,1263.05,0,0.0,0,0,2026-08-31
NIFTY,2026-09-08,23300.0,CE,820.0,894.5,808.75,878.5,878.5,67,105197927.25,1690,1690,2026-08-31
NIFTY,2026-09-08,23550.0,CE,599.45,678.8,557.0,643.7,643.7,67,105181690.25,1105,910,2026-08-31
NIFTY,2026-09-08,23750.0,CE,406.05,497.05,378.55,452.65,452.65,689,1082864243.5,10920,8255,2026-08-31
NIFTY,2026-09-08,24150.0,CE,180.05,198.2,118.25,154.5,154.5,67275,106259118423.25,802945,287885,2026-08-31
NIFTY,2026-09-08,24300.0,CE,95.85,117.65,64.4,86.35,86.35,189253,299965308324.5,2576860,846430,2026-08-31
NIFTY,2026-09-15,22400.0,CE,0.0,0.0,0.0,2217.25,1738.91,0,0.0,0,0,2026-08-31
NIFTY,2026-09-15,22750.0,CE,0.0,0.0,0.0,1886.5,1397.48,0,0.0,0,0,2026-08-31
NIFTY,2026-09-15,22850.0,CE,0.0,0.0,0.0,1794.25,1301.92,0,0.0,0,0,2026-08-31
NIFTY,2026-09-15,23300.0,CE,0.0,0.0,0.0,1396.35,893.25,0,0.0,0,0,2026-08-31
NIFTY,2026-09-15,24150.0,CE,215.45,255.4,181.95,219.3,219.3,4656,7371022720.75,79430,39650,2026-08-31
NIFTY,2026-09-15,24800.0,CE,47.35,47.35,20.1,23.5,23.5,527,850327712.0,22685,22685,2026-08-31
NIFTY,2026-09-15,25450.0,CE,4.55,7.0,3.8,4.05,4.05,318,526151561.0,3185,-390,2026-08-31
NIFTY,2026-09-15,25500.0,CE,4.1,5.9,3.25,3.55,3.55,3787,6277933129.0,117520,95615,2026-08-31
NIFTY,2026-09-22,22550.0,CE,0.0,0.0,0.0,1772.85,1627.46,0,0.0,0,0,2026-08-31
NIFTY,2026-09-22,22700.0,CE,0.0,0.0,0.0,1636.35,1485.51,0,0.0,0,0,2026-08-31
NIFTY,2026-12-29,33000.0,CE,3.9,4.9,3.9,4.6,4.6,77,165185504.25,102635,-3640,2026-08-31
NIFTY,2026-11-23,25050.0,CE,0.0,0.0,0.0,628.4,492.14,0,0.0,0,0,2026-08-31
NIFTY,2026-11-23,23050.0,CE,0.0,0.0,0.0,1832.8,1609.17,0,0.0,0,0,2026-08-31
NIFTY,2026-10-27,26900.0,CE,9.0,9.4,8.15,8.95,8.95,104,181904349.25,14300,-1300,2026-08-31
NIFTY,2026-10-27,26400.0,CE,0.0,0.0,0.0,186.25,75.86,0,0.0,0,0,2026-08-31
NIFTY,2026-10-27,24700.0,CE,210.6,250.0,205.7,230.0,230.0,1934,3132873500.25,201110,11440,2026-08-31
NIFTY,2026-12-29,31500.0,CE,0.0,0.0,0.0,6.05,2.94,0,0.0,31070,0,2026-08-31
NIFTY,2026-11-23,23800.0,CE,861.55,903.5,853.0,897.45,1095.41,9,14428927.5,585,390,2026-08-31
NIFTY,2026-11-23,23500.0,CE,1090.0,1175.0,1062.0,1150.0,1150.0,87,139084400.0,2925,2535,2026-08-31
NIFTY,2026-09-29,27000.0,CE,2.1,2.9,2.1,2.55,2.55,3026,5311151257.75,1887145,-17420,2026-08-31
NIFTY,2026-09-01,22550.0,CE,0.0,0.0,0.0,1849.95,1534.14,0,0.0,0,0,2026-08-31
NIFTY,2026-09-01,23500.0,CE,647.7,690.6,538.0,617.9,617.9,8579,13432996385.25,111735,-23465,2026-08-31
NIFTY,2026-09-01,25400.0,CE,0.7,0.8,0.4,0.5,0.5,193615,319666350451.5,1490645,-1681030,2026-08-31
NIFTY,2026-09-01,27150.0,CE,0.35,0.5,0.25,0.35,0.35,4855,8567970726.25,51740,-40040,2026-08-31
NIFTY,2026-09-08,22700.0,CE,0.0,0.0,0.0,2071.05,1411.51,0,0.0,0,0,2026-08-31
NIFTY,2026-09-08,25050.0,CE,6.1,6.1,2.0,3.45,3.45,13603,22152456595.75,240825,107445,2026-08-31
NIFTY,2026-09-08,25850.0,CE,0.95,2.4,0.9,1.1,1.1,369,620038984.5,16510,6240,2026-08-31
NIFTY,2026-09-15,25400.0,CE,5.0,5.3,4.3,4.8,4.8,367,606034230.75,17290,17290,2026-08-31
NIFTY,2026-09-22,24150.0,CE,251.15,311.5,236.0,276.9,276.9,379,601395070.25,17290,3380,2026-08-31
NIFTY,2026-09-22,24700.0,CE,60.45,76.15,53.75,61.45,61.45,945,1520973541.75,41210,27170,2026-08-31
NIFTY,2026-09-22,24850.0,CE,57.85,57.9,33.65,39.85,39.85,397,642263264.5,21450,11960,2026-08-31
NIFTY,2026-09-29,22900.0,CE,0.0,0.0,0.0,1540.0,1348.81,0,0.0,4030,0,2026-08-31
NIFTY,2026-09-29,26100.0,CE,4.95,6.1,4.95,5.0,22.69,91,154412521.25,2795,2795,2026-08-31
NIFTY,2026-11-23,25450.0,PE,0.0,0.0,0.0,1217.0,1352.62,0,0.0,0,0,2026-08-31
NIFTY,2026-11-23,23250.0,PE,0.0,0.0,0.0,249.65,283.95,0,0.0,0,0,2026-08-31
NIFTY,2026-09-29,22450.0,PE,13.0,14.4,13.0,14.25,14.25,27,39424625.5,25740,-1625,2026-08-31
NIFTY,2026-09-15,23400.0,PE,25.0,28.15,18.55,20.55,20.55,4775,7270010198.75,150865,63960,2026-08-31
NIFTY,2026-09-15,22500.0,PE,5.65,6.5,4.9,5.55,5.55,2162,3162720954.25,159250,56095,2026-08-31
NIFTY,2026-09-08,23900.0,PE,50.6,80.95,43.65,52.35,52.35,107731,167798267617.5,1868880,439075,2026-08-31
NIFTY,2026-09-08,22900.0,PE,4.25,5.55,3.55,5.1,5.1,28694,42719986335.0,524485,383695,2026-08-31
NIFTY,2026-09-01,26900.0,PE,0.0,0.0,0.0,2549.75,2815.14,0,0.0,0,0,2026-08-31
NIFTY,2026-09-01,25200.0,PE,1131.0,1156.85,1045.75,1088.4,1088.4,73,124849448.75,36335,-2145,2026-08-31
NIFTY,2027-03-30,24000.0,CE,1420.0,1488.6,1388.7,1449.85,1449.85,1828,3022215644.5,474500,81445,2026-08-31
NIFTY,2026-09-08,24600.0,PE,475.0,530.0,390.0,438.3,438.3,4099,6677325885.75,193115,83330,2026-08-31
NIFTY,2026-09-08,24800.0,PE,650.0,720.1,576.3,623.8,623.8,1058,1750338736.25,60060,36920,2026-08-31
NIFTY,2026-09-08,25800.0,PE,1600.0,1635.0,1580.0,1620.0,1685.82,6,10691200.0,520,390,2026-08-31
NIFTY,2026-09-15,22600.0,PE,5.8,7.3,5.8,7.0,7.0,65,95512313.0,5070,2470,2026-08-31
NIFTY,2026-09-15,23200.0,PE,0.0,0.0,0.0,75.8,42.13,0,0.0,0,0,2026-08-31
NIFTY,2026-09-15,24250.0,PE,244.25,265.65,180.75,210.05,210.05,1483,2358826977.0,30420,9100,2026-08-31
NIFTY,2026-09-15,24550.0,PE,470.0,470.0,374.05,400.75,400.75,36,58378472.75,3965,65,2026-08-31
NIFTY,2026-09-15,25000.0,PE,826.25,889.1,770.0,783.75,783.75,97,162783539.75,2665,1755,2026-08-31
NIFTY,2026-09-15,25450.0,PE,0.0,0.0,0.0,1030.55,1324.57,0,0.0,0,0,2026-08-31
NIFTY,2026-09-15,25600.0,PE,0.0,0.0,0.0,1144.25,1467.78,0,0.0,0,0,2026-08-31
NIFTY,2026-09-15,25750.0,PE,0.0,0.0,0.0,1263.75,1613.08,0,0.0,0,0,2026-08-31
NIFTY,2026-09-22,22500.0,PE,7.85,10.0,7.85,8.55,8.55,109,159479099.0,20475,780,2026-08-31
NIFTY,2026-09-22,22550.0,PE,10.75,10.75,10.75,10.75,10.75,3,4399346.25,195,195,2026-08-31
NIFTY,2026-09-22,23350.0,PE,0.0,0.0,0.0,149.8,99.69,0,0.0,0,0,2026-08-31
NIFTY,2026-09-22,23950.0,PE,180.3,180.3,111.55,126.5,126.5,202,316266931.5,5785,5785,2026-08-31
NIFTY,2026-09-22,24400.0,PE,354.6,385.1,290.2,306.45,306.45,239,384540221.0,11440,2990,2026-08-31
NIFTY,2026-09-22,24450.0,PE,418.0,418.0,318.95,348.4,348.4,21,33850404.25,1365,260,2026-08-31
NIFTY,2026-09-22,24600.0,PE,509.1,509.1,447.5,447.5,447.5,4,6519662.5,130,130,2026-08-31
NIFTY,2026-09-22,24650.0,PE,0.0,0.0,0.0,689.35,670.85,0,0.0,0,0,2026-08-31
NIFTY,2026-09-22,24850.0,PE,0.0,0.0,0.0,818.9,816.92,0,0.0,0,0,2026-08-31
NIFTY,2026-09-22,25650.0,PE,0.0,0.0,0.0,1439.15,1504.98,0,0.0,0,0,2026-08-31
NIFTY,2026-09-22,25700.0,PE,0.0,0.0,0.0,1482.25,1551.75,0,0.0,0,0,2026-08-31
NIFTY,2026-09-22,25950.0,PE,0.0,0.0,0.0,1703.35,1789.45,0,0.0,0,0,2026-08-31
NIFTY,2026-09-29,23500.0,PE,63.9,78.15,54.15,61.35,61.35,51175,78398450539.5,4102085,241020,2026-08-31
NIFTY,2026-09-29,23550.0,PE,70.3,85.5,60.25,66.9,66.9,1077,1653700009.0,90480,17940,2026-08-31
NIFTY,2026-09-29,24000.0,PE,160.0,205.0,146.15,164.4,164.4,78688,123688590028.25,5982480,241910,2026-08-31
NIFTY,2026-09-29,24550.0,PE,474.95,494.95,388.65,422.75,422.75,256,415832982.5,60450,-4095,2026-08-31
NIFTY,2026-09-29,26150.0,PE,0.0,0.0,0.0,1720.0,1964.71,0,0.0,65,0,2026-08-31
NIFTY,2026-09-29,26350.0,PE,0.0,0.0,0.0,2262.9,2156.76,0,0.0,0,0,2026-08-31
NIFTY,2026-09-29,26400.0,PE,0.0,0.0,0.0,1887.6,2205.14,0,0.0,3770,0,2026-08-31
NIFTY,2026-09-29,26550.0,PE,0.0,0.0,0.0,2431.75,2351.02,0,0.0,0,0,2026-08-31
NIFTY,2026-10-27,22300.0,PE,23.0,28.95,23.0,25.5,25.5,431,625476663.5,69940,7345,2026-08-31
NIFTY,2026-10-27,23500.0,PE,113.95,136.65,108.6,117.25,117.25,5887,9040057643.5,859235,3770,2026-08-31
NIFTY,2026-10-27,25350.0,PE,0.0,0.0,0.0,865.7,1257.56,0,0.0,260,0,2026-08-31
NIFTY,2026-10-27,25950.0,PE,0.0,0.0,0.0,1842.3,1734.4,0,0.0,0,0,2026-08-31
NIFTY,2026-11-23,22700.0,PE,67.0,68.0,67.0,68.0,68.0,2,2959775.0,1495,130,2026-08-31
NIFTY,2026-11-23,23450.0,PE,0.0,0.0,0.0,300.7,339.94,0,0.0,0,0,2026-08-31
NIFTY,2026-11-23,23650.0,PE,0.0,0.0,0.0,356.9,404.66,0,0.0,0,0,2026-08-31
NIFTY,2026-11-23,25700.0,PE,0.0,0.0,0.0,1384.75,1534.2,0,0.0,0,0,2026-08-31
NIFTY,2026-12-29,19000.0,PE,22.65,24.05,22.15,23.8,23.8,429,530469582.5,616630,780,2026-08-31
NIFTY,2026-12-29,22000.0,PE,64.55,70.0,61.05,65.75,65.75,3603,5168081265.75,1734950,780,2026-08-31
NIFTY,2027-03-30,18000.0,PE,0.0,0.0,0.0,37.3,2.82,0,0.0,65,0,2026-08-31
NIFTY,2027-06-29,18000.0,PE,0.0,0.0,0.0,220.0,9.32,0,0.0,230,0,2026-08-31
NIFTY,2027-06-29,27000.0,PE,0.0,0.0,0.0,1780.0,2318.59,0,0.0,130,0,2026-08-31
NIFTY,2028-06-27,27000.0,PE,0.0,0.0,0.0,2752.35,2020.95,0,0.0,0,0,2026-08-31
NIFTY,2028-12-26,24000.0,PE,0.0,0.0,0.0,663.1,872.22,0,0.0,4680,0,2026-08-31
NIFTY,2028-12-26,31500.0,PE,0.0,0.0,0.0,2673.4,4256.77,0,0.0,0,0,2026-08-31
NIFTY,2029-06-26,16500.0,PE,0.0,0.0,0.0,8.1,33.72,0,0.0,0,0,2026-08-31
NIFTY,2029-06-26,18000.0,PE,0.0,0.0,0.0,118.45,81.53,0,0.0,0,0,2026-08-31
NIFTY,2029-06-26,19500.0,PE,0.0,0.0,0.0,56.0,170.64,0,0.0,0,0,2026-08-31
NIFTY,2029-12-24,25000.0,PE,0.0,0.0,0.0,1000.0,1062.44,0,0.0,1135,0,2026-08-31
NIFTY,2031-06-24,18000.0,PE,0.0,0.0,0.0,173.45,110.25,0,0.0,0,0,2026-08-31
NIFTY,2026-09-01,24750.0,PE,604.0,715.0,574.9,627.4,627.4,504,832199764.5,65325,-2860,2026-08-31
NIFTY,2026-09-01,23800.0,PE,5.25,13.7,3.55,6.05,6.05,3187671,4933098418449.5,9379760,1953640,2026-08-31
NIFTY,2026-09-01,23400.0,PE,2.0,2.1,0.95,1.5,1.5,600767,913832704661.5,3677830,210080,2026-08-31
NIFTY,2026-09-01,23100.0,PE,0.95,1.4,0.7,0.95,0.95,304777,457642960807.5,2003820,427375,2026-08-31
NIFTY,2026-09-01,22750.0,PE,0.8,1.05,0.5,0.8,0.8,26298,38889602924.25,150995,34515,2026-08-31
NIFTY,2026-09-01,22250.0,PE,0.75,0.75,0.35,0.5,0.5,12257,17727118513.0,156585,44005,2026-08-31
NIFTY,2030-12-31,27000.0,CE,0.0,0.0,0.0,6772.8,5211.8,0,0.0,0,0,2026-08-31
NIFTY,2030-12-31,22500.0,CE,0.0,0.0,0.0,9536.95,7662.71,0,0.0,0,0,2026-08-31
NIFTY,2030-06-25,33000.0,CE,0.0,0.0,0.0,4416.45,2377.8,0,0.0,0,0,2026-08-31
NIFTY,2030-06-25,24000.0,CE,0.0,0.0,0.0,8591.55,6191.57,0,0.0,0,0,2026-08-31
NIFTY,2028-12-26,30000.0,CE,1190.0,1220.0,1190.0,1192.5,1192.5,44,89255019.75,14155,2405,2026-08-31
NIFTY,2028-12-26,28500.0,CE,0.0,0.0,0.0,3608.65,2184.66,0,0.0,0,0,2026-08-31
NIFTY,2028-12-26,28000.0,CE,0.0,0.0,0.0,2087.5,2373.3,0,0.0,8525,0,2026-08-31
NIFTY,2028-12-26,25500.0,CE,0.0,0.0,0.0,3800.0,3506.92,0,0.0,0,0,2026-08-31
NIFTY,2028-12-26,24000.0,CE,0.0,0.0,0.0,4700.0,4345.31,0,0.0,1235,0,2026-08-31
NIFTY,2028-12-26,18000.0,CE,0.0,0.0,0.0,9380.3,8691.94,0,0.0,0,0,2026-08-31
NIFTY,2027-12-28,24000.0,CE,2763.55,2775.0,2721.0,2760.0,2760.0,29,50418637.75,37115,585,2026-08-31
NIFTY,2027-06-29,30000.0,CE,0.0,0.0,0.0,1478.4,249.35,0,0.0,0,0,2026-08-31
NIFTY,2026-12-29,26000.0,CE,140.05,152.85,133.3,143.0,143.0,10405,17680047765.25,3539355,92630,2026-08-31
NIFTY,2026-12-29,25000.0,CE,440.05,453.8,402.9,428.65,428.65,6272,10363400284.25,2448825,39935,2026-08-31
NIFTY,2026-11-23,25500.0,CE,194.35,194.35,115.0,119.55,119.55,719,1197439444.5,31850,31850,2026-08-31
NIFTY,2026-11-23,24900.0,CE,0.0,0.0,0.0,691.9,547.75,0,0.0,0,0,2026-08-31
NIFTY,2026-11-23,24650.0,CE,396.55,420.5,395.75,402.2,402.2,20,32581347.5,780,650,2026-08-31
NIFTY,2026-11-23,24450.0,CE,495.2,516.0,495.2,508.05,508.05,9,14600173.25,195,195,2026-08-31
NIFTY,2026-11-23,23900.0,CE,0.0,0.0,0.0,908.45,1035.28,0,0.0,65,0,2026-08-31
NIFTY,2026-11-23,23700.0,CE,0.0,0.0,0.0,1358.95,1157.58,0,0.0,0,0,2026-08-31
NIFTY,2026-11-23,22450.0,CE,0.0,0.0,0.0,2326.6,2089.34,0,0.0,0,0,2026-08-31
NIFTY,2026-10-27,26700.0,CE,0.0,0.0,0.0,85.6,51.86,0,0.0,65,0,2026-08-31
NIFTY,2026-10-27,26100.0,CE,0.0,0.0,0.0,237.65,108.77,0,0.0,0,0,2026-08-31
NIFTY,2026-10-27,25800.0,CE,32.35,32.35,27.5,29.75,29.75,443,743753972.0,32175,18200,2026-08-31
NIFTY,2026-10-27,25600.0,CE,40.65,46.7,38.8,41.5,41.5,1563,2605057773.5,132405,5070,2026-08-31
NIFTY,2026-10-27,25500.0,CE,51.85,56.65,47.3,50.15,50.15,8082,13422217487.25,960765,5070,2026-08-31
NIFTY,2026-10-27,25300.0,CE,0.0,0.0,0.0,432.4,257.82,0,0.0,0,0,2026-08-31
NIFTY,2026-10-27,25100.0,CE,110.0,125.0,100.5,110.9,110.9,2273,3724084412.75,156585,22100,2026-08-31
NIFTY,2026-10-27,23950.0,CE,630.0,630.0,630.0,630.0,813.08,1,1597700.0,65,65,2026-08-31
NIFTY,2026-10-27,22550.0,CE,0.0,0.0,0.0,1962.0,1844.99,0,0.0,0,0,2026-08-31
NIFTY,2026-09-29,30000.0,CE,0.8,1.0,0.8,1.0,1.0,123,239857432.75,305525,-2925,2026-08-31
NIFTY,2026-09-29,26750.0,CE,2.65,3.85,2.45,2.95,5.54,20,34778848.0,7605,195,2026-08-31
NIFTY,2026-09-29,26450.0,CE,4.05,4.1,2.15,3.15,3.15,68,116922555.75,2795,2210,2026-08-31
NIFTY,2026-09-29,26050.0,CE,0.0,0.0,0.0,232.8,25.07,0,0.0,0,0,2026-08-31
NIFTY,2026-09-29,25900.0,CE,0.0,0.0,0.0,261.75,33.58,0,0.0,0,0,2026-08-31
NIFTY,2026-09-29,25700.0,CE,8.2,9.95,7.3,8.1,8.1,3202,5350718161.75,340145,-21970,2026-08-31
NIFTY,2026-09-29,25550.0,CE,10.0,12.75,8.75,10.5,10.5,495,822425217.25,60775,4550,2026-08-31
NIFTY,2026-09-29,25450.0,CE,12.95,15.95,12.4,12.75,12.75,794,1314176574.75,56810,5525,2026-08-31
NIFTY,2026-09-29,25000.0,CE,50.0,50.05,37.0,41.9,41.9,60286,98124755959.75,6283420,200525,2026-08-31
NIFTY,2026-09-29,24750.0,CE,75.05,97.65,71.05,82.95,82.95,2829,4565630771.0,161005,2080,2026-08-31
NIFTY,2026-09-29,24650.0,CE,96.7,126.9,91.95,107.1,107.1,3935,6331284966.5,189995,46735,2026-08-31
NIFTY,2026-09-29,24600.0,CE,120.05,142.0,104.45,122.0,122.0,26102,41935510321.25,1592630,486720,2026-08-31
NIFTY,2026-09-29,24350.0,CE,215.0,250.7,188.95,220.5,220.5,3065,4892734700.75,412880,8905,2026-08-31
NIFTY,2026-09-29,23150.0,CE,0.0,0.0,0.0,1236.2,1135.66,0,0.0,780,0,2026-08-31
NIFTY,2026-09-29,22700.0,CE,0.0,0.0,0.0,1650.0,1527.95,0,0.0,1040,0,2026-08-31
NIFTY,2026-09-29,22550.0,CE,0.0,0.0,0.0,1749.2,1666.28,0,0.0,130,0,2026-08-31
NIFTY,2026-09-29,22450.0,CE,0.0,0.0,0.0,1843.95,1760.04,0,0.0,65,0,2026-08-31
NIFTY,2026-09-29,22000.0,CE,2250.2,2304.05,2159.0,2243.75,2243.75,615,968095072.75,802425,25805,2026-08-31
NIFTY,2026-09-29,21850.0,CE,2400.0,2400.0,2400.0,2400.0,2339.69,1,1576250.0,65,-65,2026-08-31
NIFTY,2026-09-22,25550.0,CE,0.0,0.0,0.0,60.5,35.79,0,0.0,65,0,2026-08-31
NIFTY,2026-09-22,25500.0,CE,7.1,9.45,6.6,7.3,7.3,1003,1662988678.0,40820,9555,2026-08-31
NIFTY,2026-09-22,23500.0,CE,725.0,813.35,700.0,780.05,780.05,78,122790027.75,4030,3640,2026-08-31
NIFTY,2026-09-15,26000.0,CE,2.4,2.75,1.6,1.75,1.75,1010,1707035417.75,64480,19045,2026-08-31
NIFTY,2026-09-15,25550.0,CE,0.0,0.0,0.0,175.2,13.62,0,0.0,0,0,2026-08-31
NIFTY,2026-09-15,25150.0,CE,0.0,0.0,0.0,284.5,40.5,0,0.0,0,0,2026-08-31
NIFTY,2026-09-15,24900.0,CE,0.0,0.0,0.0,375.05,73.66,0,0.0,0,0,2026-08-31
NIFTY,2026-09-15,24650.0,CE,51.0,55.85,36.0,42.0,42.0,2394,3842273396.0,67405,29640,2026-08-31
NIFTY,2026-09-15,24600.0,CE,61.0,66.85,42.4,50.4,50.4,8576,13741090158.25,319605,123370,2026-08-31
NIFTY,2026-09-15,24050.0,CE,247.6,320.0,235.55,281.6,281.6,3785,5984050826.0,37635,28275,2026-08-31
NIFTY,2026-09-15,23100.0,CE,0.0,0.0,0.0,1569.25,1069.58,0,0.0,0,0,2026-08-31
NIFTY,2026-09-15,22600.0,CE,0.0,0.0,0.0,2026.95,1542.74,0,0.0,0,0,2026-08-31
NIFTY,2026-09-08,26150.0,CE,0.95,1.25,0.8,0.9,0.9,133,226074667.0,4485,-650,2026-08-31
NIFTY,2026-09-08,25400.0,CE,2.0,2.4,1.7,2.0,2.0,19660,32461291466.5,590265,325455,2026-08-31
NIFTY,2026-09-08,24050.0,CE,214.15,265.0,168.2,216.8,216.8,73326,115591914057.75,434395,384345,2026-08-31
NIFTY,2026-09-08,23050.0,CE,0.0,0.0,0.0,1746.8,1067.41,0,0.0,0,0,2026-08-31
NIFTY,2026-09-08,22800.0,CE,0.0,0.0,0.0,1977.1,1312.42,0,0.0,0,0,2026-08-31
NIFTY,2026-09-01,26650.0,CE,0.4,0.7,0.3,0.4,0.4,739,1280153637.75,13455,-5720,2026-08-31
NIFTY,2026-09-29,22100.0,CE,2100.0,2140.0,2100.0,2140.0,2140.0,2,3148600.0,130,65,2026-08-31
NIFTY,2026-09-29,24400.0,CE,200.0,227.5,169.0,198.5,198.5,29905,47799898373.5,2763280,-26260,2026-08-31
NIFTY,2026-09-29,24700.0,CE,99.6,111.0,80.55,93.95,93.95,24781,39930445321.0,1294085,-44265,2026-08-31
NIFTY,2026-09-29,24800.0,CE,75.05,85.15,61.95,71.75,71.75,25520,41253016473.5,1647620,55315,2026-08-31
NIFTY,2026-09-29,24900.0,CE,51.0,64.3,47.35,54.55,54.55,19105,30986149892.75,1253915,200720,2026-08-31
NIFTY,2026-09-29,26400.0,CE,3.75,4.05,3.15,3.75,3.75,328,562928102.75,43550,6500,2026-08-31
NIFTY,2026-10-27,22350.0,CE,0.0,0.0,0.0,2124.25,2021.18,0,0.0,0,0,2026-08-31
NIFTY,2026-10-27,22950.0,CE,0.0,0.0,0.0,1654.95,1510.28,0,0.0,0,0,2026-08-31
NIFTY,2026-10-27,23900.0,CE,642.75,715.95,620.0,673.35,673.35,211,336891093.5,9815,2210,2026-08-31
NIFTY,2026-10-27,24200.0,CE,472.75,511.55,433.2,480.1,480.1,1738,2785965685.75,139100,9035,2026-08-31
NIFTY,2026-09-15,24850.0,CE,0.0,0.0,0.0,395.35,82.41,0,0.0,0,0,2026-08-31
NIFTY,2026-09-15,24100.0,CE,261.35,291.9,207.0,250.0,250.0,13301,21044472806.5,254150,191815,2026-08-31
NIFTY,2026-09-15,23500.0,CE,685.0,770.0,648.9,732.45,732.45,269,422598930.0,14300,13910,2026-08-31
NIFTY,2026-11-23,25750.0,PE,0.0,0.0,0.0,1419.55,1571.6,0,0.0,0,0,2026-08-31
NIFTY,2026-09-22,22650.0,PE,11.0,12.0,10.5,11.2,11.2,28,41242994.0,1625,1625,2026-08-31
NIFTY,2026-09-22,22400.0,PE,8.3,9.0,8.3,9.0,9.0,2,2913124.5,6500,65,2026-08-31
NIFTY,2026-09-15,26150.0,PE,0.0,0.0,0.0,1603.05,2006.61,0,0.0,0,0,2026-08-31
NIFTY,2026-09-15,25500.0,PE,1280.0,1292.0,1280.0,1287.35,1287.35,3,5223530.0,195,195,2026-08-31
NIFTY,2026-09-15,23000.0,PE,8.3,12.45,8.3,10.05,10.05,7596,11361432732.0,363155,163410,2026-08-31
NIFTY,2026-09-15,22850.0,PE,10.95,10.95,7.2,8.15,14.78,43,63889377.5,1300,195,2026-08-31
NIFTY,2026-09-15,22750.0,PE,6.85,6.85,6.75,6.75,10.58,2,2958384.0,1625,-65,2026-08-31
NIFTY,2026-09-08,26250.0,PE,0.0,0.0,0.0,1568.65,2134.84,0,0.0,0,0,2026-08-31
NIFTY,2026-09-08,25950.0,PE,0.0,0.0,0.0,1315.0,1835.39,0,0.0,0,0,2026-08-31
NIFTY,2026-09-22,23400.0,PE,38.9,44.85,32.05,36.0,36.0,519,790756356.0,19240,11245,2026-08-31
NIFTY,2026-09-22,23500.0,PE,78.1,78.1,38.95,43.55,43.55,1909,2922326371.25,70330,70330,2026-08-31
NIFTY,2026-09-22,23550.0,PE,86.2,86.2,43.95,49.15,49.15,374,573857605.75,14885,14755,2026-08-31
NIFTY,2026-09-22,23650.0,PE,0.0,0.0,0.0,228.6,173.19,0,0.0,0,0,2026-08-31
NIFTY,2026-09-22,26050.0,PE,0.0,0.0,0.0,1794.15,1885.97,0,0.0,0,0,2026-08-31
NIFTY,2026-09-29,22900.0,PE,20.2,26.8,20.2,22.6,22.6,3560,5304707031.0,350155,5005,2026-08-31
NIFTY,2026-09-29,23000.0,PE,23.8,31.7,23.0,26.1,26.1,32043,47963189300.0,4949045,174730,2026-08-31
NIFTY,2026-09-29,23600.0,PE,79.7,94.45,65.85,73.25,73.25,10713,16489772783.25,900835,55835,2026-08-31
NIFTY,2026-09-29,23650.0,PE,89.0,103.95,73.5,82.55,82.55,1165,1797799445.0,102050,7865,2026-08-31
NIFTY,2026-09-29,24450.0,PE,402.1,428.75,335.2,362.55,362.55,1115,1800127914.0,104325,-16705,2026-08-31
NIFTY,2026-09-29,24800.0,PE,583.15,685.8,568.0,604.25,604.25,1092,1805502926.5,371865,-390,2026-08-31
NIFTY,2026-09-29,25850.0,PE,0.0,0.0,0.0,1859.75,1682.57,0,0.0,0,0,2026-08-31
NIFTY,2026-09-29,26200.0,PE,0.0,0.0,0.0,1800.0,2012.47,0,0.0,37895,0,2026-08-31
NIFTY,2026-09-29,26500.0,PE,2228.9,2314.7,2176.5,2220.65,2220.65,87,162633487.25,852215,455,2026-08-31
NIFTY,2026-09-29,27050.0,PE,0.0,0.0,0.0,2869.35,2842.58,0,0.0,0,0,2026-08-31
NIFTY,2026-10-27,22550.0,PE,33.75,37.35,32.2,33.8,33.8,28,41101986.25,1625,975,2026-08-31
NIFTY,2026-10-27,22700.0,PE,42.2,44.8,37.15,39.3,39.3,1448,2140421731.5,82355,14755,2026-08-31
NIFTY,2026-10-27,23550.0,PE,0.0,0.0,0.0,454.95,294.01,0,0.0,0,0,2026-08-31
NIFTY,2026-10-27,23850.0,PE,0.0,0.0,0.0,569.9,398.73,0,0.0,0,0,2026-08-31
NIFTY,2026-10-27,24350.0,PE,354.2,407.4,340.2,361.15,361.15,142,228244295.5,10920,1755,2026-08-31
NIFTY,2026-10-27,24400.0,PE,412.2,437.45,362.1,385.0,385.0,1499,2416997475.75,160225,-4420,2026-08-31
NIFTY,2026-10-27,24500.0,PE,465.0,490.95,405.25,432.3,432.3,3024,4906370001.0,608205,16120,2026-08-31
NIFTY,2026-10-27,25550.0,PE,0.0,0.0,0.0,1144.0,1409.19,0,0.0,130,0,2026-08-31
NIFTY,2026-10-27,25850.0,PE,0.0,0.0,0.0,1093.8,1650.79,0,0.0,65,0,2026-08-31
NIFTY,2026-10-27,26450.0,PE,0.0,0.0,0.0,2246.05,2171.32,0,0.0,0,0,2026-08-31
NIFTY,2026-10-27,26650.0,PE,0.0,0.0,0.0,2415.2,2353.31,0,0.0,0,0,2026-08-31
NIFTY,2026-10-27,26800.0,PE,0.0,0.0,0.0,2544.55,2491.94,0,0.0,0,0,2026-08-31
NIFTY,2026-10-27,27050.0,PE,0.0,0.0,0.0,2764.35,2726.36,0,0.0,0,0,2026-08-31
NIFTY,2026-10-27,27100.0,PE,0.0,0.0,0.0,2808.9,2773.68,0,0.0,0,0,2026-08-31
NIFTY,2026-11-23,24350.0,PE,428.15,435.5,396.1,396.1,695.06,34,54754599.25,1495,1495,2026-08-31
NIFTY,2026-11-23,24850.0,PE,0.0,0.0,0.0,860.35,964.53,0,0.0,0,0,2026-08-31
NIFTY,2026-11-23,24950.0,PE,0.0,0.0,0.0,915.05,1024.49,0,0.0,0,0,2026-08-31
NIFTY,2026-09-08,25450.0,PE,1360.0,1360.0,1262.15,1262.15,1338.3,2,3478939.75,130,130,2026-08-31
NIFTY,2026-09-08,24950.0,PE,780.0,782.8,734.25,757.4,757.4,25,41779396.75,1040,390,2026-08-31
NIFTY,2026-09-08,22550.0,PE,4.05,4.25,2.65,3.8,3.8,2931,4296822393.5,35750,32500,2026-08-31
NIFTY,2026-09-08,22500.0,PE,3.05,4.2,2.75,3.7,3.7,72423,105935981004.75,2744950,1916720,2026-08-31
NIFTY,2026-09-01,25000.0,PE,890.95,962.0,811.0,884.8,884.8,2382,4009715778.25,248430,-93340,2026-08-31
NIFTY,2026-12-29,17000.0,PE,11.9,11.9,11.2,11.5,0.01,7,7740291.0,187145,-195,2026-08-31
NIFTY,2026-12-29,22500.0,PE,95.25,100.5,90.0,93.95,93.95,2391,3511802632.0,1154465,9360,2026-08-31
NIFTY,2026-12-29,27000.0,PE,2349.95,2398.65,2265.0,2301.15,2301.15,124,236509708.5,948335,1040,2026-08-31
NIFTY,2026-12-29,29000.0,PE,4239.95,4293.35,4162.2,4181.05,4181.05,32,69130610.25,220235,260,2026-08-31
NIFTY,2027-03-30,15000.0,PE,21.0,21.0,21.0,21.0,0.01,1,976365.0,1495,65,2026-08-31
NIFTY,2027-06-29,28500.0,PE,0.0,0.0,0.0,1807.05,3380.86,0,0.0,0,0,2026-08-31
NIFTY,2026-09-01,23900.0,PE,11.5,28.95,8.65,13.3,13.3,4806900,7473283974975.0,9063275,2332005,2026-08-31
NIFTY,2026-09-01,22000.0,PE,0.5,0.55,0.25,0.3,0.3,145975,208747601575.5,2561585,-1023490,2026-08-31
NIFTY,2031-06-24,30000.0,CE,0.0,0.0,0.0,4459.9,4448.89,0,0.0,0,0,2026-08-31
NIFTY,2031-06-24,18000.0,CE,0.0,0.0,0.0,10825.95,11067.04,0,0.0,0,0,2026-08-31
NIFTY,2030-12-31,25500.0,CE,0.0,0.0,0.0,7639.65,5961.25,0,0.0,0,0,2026-08-31
NIFTY,2030-12-31,19500.0,CE,0.0,0.0,0.0,11601.15,9603.56,0,0.0,0,0,2026-08-31
NIFTY,2029-12-24,21000.0,CE,0.0,0.0,0.0,9463.95,7514.48,0,0.0,0,0,2026-08-31
NIFTY,2029-06-26,25500.0,CE,0.0,0.0,0.0,5917.35,4148.82,0,0.0,0,0,2026-08-31
NIFTY,2028-06-27,27000.0,CE,0.0,0.0,0.0,1935.0,2147.25,0,0.0,0,0,2026-08-31
NIFTY,2027-12-28,21000.0,CE,0.0,0.0,0.0,4902.4,5052.03,0,0.0,0,0,2026-08-31
NIFTY,2027-06-29,19500.0,CE,0.0,0.0,0.0,8143.4,5654.03,0,0.0,0,0,2026-08-31
NIFTY,2027-06-29,16500.0,CE,0.0,0.0,0.0,10867.2,8453.42,0,0.0,0,0,2026-08-31
NIFTY,2027-03-30,30000.0,CE,33.8,33.8,29.2,32.05,32.05,295,575854812.0,125710,8125,2026-08-31
NIFTY,2027-03-30,21000.0,CE,0.0,0.0,0.0,4053.0,3955.94,0,0.0,975,0,2026-08-31
NIFTY,2026-12-29,25500.0,CE,249.05,268.85,237.35,251.5,251.5,4888,8180991370.5,1034085,-1495,2026-08-31
NIFTY,2026-12-29,19500.0,CE,0.0,0.0,0.0,7586.85,5000.27,0,0.0,0,0,2026-08-31
NIFTY,2026-11-23,25900.0,CE,0.0,0.0,0.0,345.7,253.38,0,0.0,0,0,2026-08-31
NIFTY,2026-11-23,25300.0,CE,0.0,0.0,0.0,532.0,408.89,0,0.0,0,0,2026-08-31
NIFTY,2026-11-23,24800.0,CE,313.0,350.7,294.75,335.6,335.6,605,987532770.25,34905,25155,2026-08-31
NIFTY,2026-11-23,24300.0,CE,549.9,602.05,537.1,580.3,580.3,66,106643446.0,4290,2145,2026-08-31
NIFTY,2026-10-27,26450.0,CE,0.0,0.0,0.0,178.65,71.3,0,0.0,0,0,2026-08-31
NIFTY,2026-10-27,24600.0,CE,250.05,293.65,243.0,269.5,269.5,1806,2918253143.0,108290,31330,2026-08-31
NIFTY,2026-10-27,24100.0,CE,520.0,584.3,493.55,543.0,543.0,811,1298396134.75,40755,3380,2026-08-31
NIFTY,2026-10-27,23650.0,CE,0.0,0.0,0.0,1181.9,997.93,0,0.0,0,0,2026-08-31
NIFTY,2026-10-27,23250.0,CE,0.0,0.0,0.0,1441.3,1277.98,0,0.0,0,0,2026-08-31
NIFTY,2026-10-27,22650.0,CE,0.0,0.0,0.0,1882.95,1758.95,0,0.0,0,0,2026-08-31
NIFTY,2026-09-29,25950.0,CE,6.1,6.5,5.5,5.85,5.85,184,310434267.0,23010,1755,2026-08-31
NIFTY,2026-09-29,24300.0,CE,250.05,277.95,210.0,245.4,245.4,53264,84946440640.75,4227795,274885,2026-08-31
NIFTY,2026-09-29,23100.0,CE,1174.7,1198.5,1174.7,1198.5,1177.2,2,3157258.0,4355,65,2026-08-31
NIFTY,2026-09-29,22850.0,CE,0.0,0.0,0.0,1575.95,1392.96,0,0.0,325,0,2026-08-31
NIFTY,2026-09-29,21950.0,CE,0.0,0.0,0.0,2400.0,2241.67,0,0.0,195,0,2026-08-31
NIFTY,2026-09-01,26000.0,CE,0.5,0.6,0.25,0.35,0.35,128596,217330986759.25,1855230,-964470,2026-08-31
NIFTY,2026-09-01,25850.0,CE,0.45,0.55,0.3,0.4,0.4,3987,6699278222.0,108355,-54080,2026-08-31
NIFTY,2026-09-01,25500.0,CE,0.6,0.75,0.35,0.45,0.45,340758,564819890492.0,6079775,-3678090,2026-08-31
NIFTY,2026-09-01,25200.0,CE,0.8,0.95,0.45,0.55,0.55,468407,767272822303.0,4671680,-320710,2026-08-31
NIFTY,2026-09-01,23550.0,CE,539.4,632.75,490.0,578.3,578.3,1036,1622643577.75,22750,6630,2026-08-31
NIFTY,2026-09-01,23250.0,CE,0.0,0.0,0.0,961.4,834.25,0,0.0,260,0,2026-08-31
NIFTY,2026-09-01,23050.0,CE,1115.0,1115.0,1071.05,1071.05,1034.22,2,3138593.25,130,65,2026-08-31
