SYMBOL,EXPIRY_DT,STRIKE_PR,OPTION_TYP,OPEN,HIGH,LOW,CLOSE,SETTLE_PR,CONTRACTS,VAL_INLAKH,OPEN_INT,CHG_IN_OI,TIMESTAMP
NIFTY,2026-09-15,25100.0,CE,3.45,3.55,2.5,2.75,2.75,15563,25394024922.5,375700,134290,2026-09-04
NIFTY,2026-09-08,25950.0,CE,0.65,0.65,0.4,0.45,0.45,1928,3252119783.25,43355,10335,2026-09-04
NIFTY,2026-09-08,23850.0,CE,169.0,219.0,145.0,157.05,157.05,842339,1315588257899.5,1268995,-528645,2026-09-04
NIFTY,2026-09-08,22850.0,CE,0.0,0.0,0.0,1930.45,1062.91,0,0.0,0,0,2026-09-04
NIFTY,2030-12-31,25500.0,PE,0.0,0.0,0.0,538.25,1116.54,0,0.0,0,0,2026-09-04
NIFTY,2030-06-25,28500.0,PE,0.0,0.0,0.0,1167.6,2135.25,0,0.0,0,0,2026-09-04
NIFTY,2030-06-25,19500.0,PE,0.0,0.0,0.0,64.95,200.06,0,0.0,0,0,2026-09-04
NIFTY,2028-06-27,30000.0,PE,0.0,0.0,0.0,3779.25,3845.02,0,0.0,0,0,2026-09-04
NIFTY,2027-12-28,30000.0,PE,3959.2,3959.2,3763.6,3763.6,4253.27,6,13197886.0,2015,325,2026-09-04
NIFTY,2027-12-28,22000.0,PE,312.0,317.95,297.0,310.25,310.25,141,204435299.25,54315,1625,2026-09-04
NIFTY,2026-12-29,24000.0,PE,444.7,444.7,379.4,401.7,401.7,6059,9610130237.5,2608750,67600,2026-09-04
NIFTY,2026-11-23,24950.0,PE,0.0,0.0,0.0,915.05,1128.78,0,0.0,0,0,2026-09-04
NIFTY,2026-10-27,24050.0,PE,323.1,325.65,284.8,307.9,307.9,47,74411574.25,11310,130,2026-09-04
NIFTY,2026-10-27,23700.0,PE,199.95,206.55,173.9,187.55,187.55,1088,1689318432.75,208130,-15925,2026-09-04
NIFTY,2026-10-27,22750.0,PE,0.0,0.0,0.0,228.35,127.09,0,0.0,0,0,2026-09-04
NIFTY,2026-10-06,24400.0,PE,0.0,0.0,0.0,588.3,660.3,0,0.0,0,0,2026-09-04
NIFTY,2026-09-29,24900.0,PE,889.5,889.5,818.15,853.0,853.0,21,35141772.25,86190,-195,2026-09-04
NIFTY,2026-09-22,25950.0,PE,0.0,0.0,0.0,1703.35,1980.53,0,0.0,0,0,2026-09-04
NIFTY,2026-09-22,25650.0,PE,0.0,0.0,0.0,1439.15,1687.0,0,0.0,0,0,2026-09-04
NIFTY,2026-09-15,25050.0,PE,0.0,0.0,0.0,751.7,1122.3,0,0.0,0,0,2026-09-04
NIFTY,2026-09-15,24400.0,PE,573.6,573.6,378.0,423.45,423.45,2183,3520721746.75,143520,14300,2026-09-04
NIFTY,2026-09-15,22900.0,PE,8.8,8.8,4.9,5.25,5.25,15905,23680890759.5,323570,111280,2026-09-04
NIFTY,2026-09-08,23250.0,PE,4.1,4.1,2.1,2.6,2.6,363086,548788154694.0,2484365,1090570,2026-09-04
NIFTY,2030-06-25,25500.0,CE,0.0,0.0,0.0,7070.45,5128.31,0,0.0,0,0,2026-09-04
NIFTY,2029-12-24,31500.0,CE,0.0,0.0,0.0,3429.3,2139.19,0,0.0,0,0,2026-09-04
NIFTY,2027-03-30,16500.0,CE,0.0,0.0,0.0,6995.9,7989.67,0,0.0,0,0,2026-09-04
NIFTY,2026-11-23,24600.0,CE,303.35,326.1,296.85,300.0,300.0,200,323832967.25,27820,3705,2026-09-04
NIFTY,2026-11-23,23400.0,CE,0.0,0.0,0.0,1569.75,1189.96,0,0.0,0,0,2026-09-04
NIFTY,2026-10-27,24400.0,CE,256.2,290.0,241.75,246.1,246.1,997,1597943142.25,160745,-1430,2026-09-04
NIFTY,2026-10-27,24350.0,CE,270.15,298.1,263.5,270.55,270.55,68,108857381.75,16770,975,2026-09-04
NIFTY,2026-10-27,24200.0,CE,312.95,376.25,312.95,336.45,336.45,1848,2949305742.5,250835,715,2026-09-04
NIFTY,2026-10-27,23500.0,CE,785.5,842.0,780.0,786.7,786.7,599,946623743.0,93210,15860,2026-09-04
NIFTY,2026-10-27,22150.0,CE,0.0,0.0,0.0,2291.6,2005.26,0,0.0,0,0,2026-09-04
NIFTY,2026-10-06,24550.0,CE,0.0,0.0,0.0,325.45,244.43,0,0.0,0,0,2026-09-04
NIFTY,2026-10-06,23800.0,CE,458.6,487.25,442.15,442.15,442.15,37,58353503.0,650,-585,2026-09-04
NIFTY,2026-10-06,22300.0,CE,0.0,0.0,0.0,1909.15,1749.88,0,0.0,0,0,2026-09-04
NIFTY,2026-10-06,22200.0,CE,0.0,0.0,0.0,2003.7,1843.89,0,0.0,0,0,2026-09-04
NIFTY,2026-09-29,27050.0,CE,0.0,0.0,0.0,3.3,0.65,0,0.0,4095,0,2026-09-04
NIFTY,2026-09-22,25550.0,CE,4.85,4.85,4.0,4.55,4.55,16,26576712.5,1105,650,2026-09-04
NIFTY,2026-09-22,23300.0,CE,735.0,784.0,735.0,782.0,767.16,12,18778659.25,650,390,2026-09-04
NIFTY,2026-09-22,22200.0,CE,0.0,0.0,0.0,2101.25,1766.94,0,0.0,0,0,2026-09-04
NIFTY,2026-09-22,22100.0,CE,0.0,0.0,0.0,2197.05,1865.26,0,0.0,0,0,2026-09-04
NIFTY,2026-09-15,23100.0,CE,0.0,0.0,0.0,889.2,869.47,0,0.0,260,0,2026-09-04
NIFTY,2026-09-08,25000.0,CE,1.5,1.55,0.95,1.05,1.05,752670,1223146231427.25,14190150,-2501980,2026-09-04
NIFTY,2026-12-29,33000.0,PE,0.0,0.0,0.0,5263.45,8434.02,0,0.0,0,0,2026-09-04
NIFTY,2026-09-15,23050.0,CE,0.0,0.0,0.0,1613.5,914.64,0,0.0,0,0,2026-09-04
NIFTY,2026-09-15,25800.0,CE,1.2,1.2,0.95,1.15,1.15,1290,2163419059.75,76960,-6500,2026-09-04
NIFTY,2026-09-22,22550.0,CE,0.0,0.0,0.0,1772.85,1427.95,0,0.0,0,0,2026-09-04
NIFTY,2026-09-22,24050.0,CE,191.1,224.3,179.65,183.9,183.9,1085,1710201034.75,33085,10205,2026-09-04
NIFTY,2026-09-22,24300.0,CE,94.4,111.75,82.95,86.05,86.05,3392,5378733737.0,100880,5720,2026-09-04
NIFTY,2026-09-29,24200.0,CE,170.0,203.55,162.25,168.5,168.5,31901,50555396180.25,3490825,50310,2026-09-04
NIFTY,2026-10-06,24800.0,CE,0.0,0.0,0.0,241.5,175.63,0,0.0,0,0,2026-09-04
NIFTY,2026-10-27,22350.0,CE,0.0,0.0,0.0,2124.25,1826.55,0,0.0,0,0,2026-09-04
NIFTY,2026-10-27,22600.0,CE,0.0,0.0,0.0,1922.3,1610.99,0,0.0,0,0,2026-09-04
NIFTY,2026-10-27,26200.0,CE,0.0,0.0,0.0,219.35,61.47,0,0.0,0,0,2026-09-04
NIFTY,2026-11-23,25800.0,CE,0.0,0.0,0.0,372.6,208.89,0,0.0,0,0,2026-09-04
NIFTY,2026-11-23,25900.0,CE,0.0,0.0,0.0,345.7,190.7,0,0.0,0,0,2026-09-04
NIFTY,2027-12-28,26000.0,CE,1311.0,1371.15,1272.1,1292.6,1292.6,209,370927761.75,79935,-2405,2026-09-04
NIFTY,2030-06-25,33000.0,CE,0.0,0.0,0.0,4416.45,2213.29,0,0.0,0,0,2026-09-04
NIFTY,2031-06-24,18000.0,CE,0.0,0.0,0.0,10825.95,10804.2,0,0.0,0,0,2026-09-04
NIFTY,2026-09-08,22150.0,PE,0.85,1.05,0.6,0.7,0.7,56884,81901833360.75,1214200,435630,2026-09-04
NIFTY,2026-09-08,24500.0,PE,548.05,563.35,472.05,543.4,543.4,14984,24370921438.5,896155,-56485,2026-09-04
NIFTY,2026-09-15,22850.0,PE,6.05,6.5,4.0,4.85,4.85,2460,3654565606.25,58110,42835,2026-09-04
NIFTY,2026-09-15,24100.0,PE,232.65,237.9,176.55,206.85,206.85,35094,55429472023.25,610415,31590,2026-09-04
NIFTY,2026-09-22,22250.0,PE,0.0,0.0,0.0,20.05,5.4,0,0.0,0,0,2026-09-04
NIFTY,2026-09-22,24700.0,PE,0.0,0.0,0.0,678.0,825.53,0,0.0,1040,0,2026-09-04
NIFTY,2026-09-22,24950.0,PE,0.0,0.0,0.0,887.95,1035.51,0,0.0,0,0,2026-09-04
NIFTY,2026-09-22,25800.0,PE,0.0,0.0,0.0,1569.65,1833.21,0,0.0,0,0,2026-09-04
NIFTY,2026-09-29,21650.0,PE,7.5,7.5,7.2,7.2,7.2,8,11261802.5,5785,0,2026-09-04
NIFTY,2026-09-29,25050.0,PE,0.0,0.0,0.0,791.2,1131.72,0,0.0,3900,0,2026-09-04
NIFTY,2026-09-29,26000.0,PE,1958.75,1970.0,1875.0,1945.7,1945.7,967,1755736872.5,2157320,-42720,2026-09-04
NIFTY,2026-10-27,23650.0,PE,186.95,188.15,166.5,175.4,175.4,53,82069737.75,5785,325,2026-09-04
NIFTY,2026-10-27,25000.0,PE,924.1,931.0,852.0,905.2,905.2,617,1038563194.5,596960,3250,2026-09-04
NIFTY,2026-10-27,25700.0,PE,0.0,0.0,0.0,1260.0,1679.38,0,0.0,325,0,2026-09-04
NIFTY,2026-10-27,26100.0,PE,0.0,0.0,0.0,1960.3,2029.55,0,0.0,0,0,2026-09-04
NIFTY,2026-10-27,27200.0,PE,0.0,0.0,0.0,2898.55,3063.39,0,0.0,0,0,2026-09-04
NIFTY,2026-12-29,28500.0,PE,0.0,0.0,0.0,3320.25,4064.96,0,0.0,130,0,2026-09-04
NIFTY,2028-12-26,24000.0,PE,743.95,743.95,743.95,743.95,916.9,2,3216713.5,5135,130,2026-09-04
NIFTY,2029-12-24,25000.0,PE,0.0,0.0,0.0,1002.05,1113.0,0,0.0,1200,0,2026-09-04
NIFTY,2030-12-31,19500.0,PE,0.0,0.0,0.0,67.4,204.15,0,0.0,0,0,2026-09-04
NIFTY,2030-12-31,22500.0,PE,0.0,0.0,0.0,219.35,535.8,0,0.0,0,0,2026-09-04
NIFTY,2031-06-24,27000.0,PE,0.0,0.0,0.0,1653.15,1418.51,0,0.0,0,0,2026-09-04
NIFTY,2026-09-08,22700.0,CE,0.0,0.0,0.0,2071.05,1212.52,0,0.0,0,0,2026-09-04
NIFTY,2026-09-08,25600.0,CE,0.75,0.8,0.45,0.5,0.5,98780,164373617967.0,2212990,25090,2026-09-04
NIFTY,2029-06-26,31500.0,CE,0.0,0.0,0.0,2878.65,1647.97,0,0.0,0,0,2026-09-04
NIFTY,2031-06-24,24000.0,PE,0.0,0.0,0.0,933.85,756.28,0,0.0,65,0,2026-09-04
NIFTY,2026-09-08,22600.0,CE,0.0,0.0,0.0,2165.9,1312.39,0,0.0,0,0,2026-09-04
NIFTY,2026-09-08,26400.0,CE,0.5,0.6,0.35,0.4,0.4,82732,141970414563.25,776425,210860,2026-09-04
NIFTY,2026-09-15,23200.0,CE,794.0,858.0,794.0,809.05,809.05,42,65550852.25,1430,975,2026-09-04
NIFTY,2026-09-15,25700.0,CE,0.95,1.2,0.9,1.1,1.1,4894,8175768584.75,240370,-585,2026-09-04
NIFTY,2026-09-22,22250.0,CE,0.0,0.0,0.0,2053.65,1717.96,0,0.0,0,0,2026-09-04
NIFTY,2026-09-22,22950.0,CE,0.0,0.0,0.0,1416.4,1059.3,0,0.0,0,0,2026-09-04
NIFTY,2026-09-22,24150.0,CE,143.95,172.5,134.65,138.25,138.25,651,1028226719.0,47840,8255,2026-09-04
NIFTY,2026-09-29,25250.0,CE,12.5,12.5,8.85,9.35,9.35,587,963807351.0,141375,-1690,2026-09-04
NIFTY,2026-09-29,26800.0,CE,2.9,2.9,2.2,2.6,2.6,10,17421706.25,3120,-130,2026-09-04
NIFTY,2026-09-29,27000.0,CE,2.25,2.5,1.85,2.1,2.1,2447,4294836211.25,1720225,3835,2026-09-04
NIFTY,2026-10-06,25750.0,CE,0.0,0.0,0.0,62.65,37.92,0,0.0,0,0,2026-09-04
NIFTY,2026-10-27,26400.0,CE,0.0,0.0,0.0,186.25,46.81,0,0.0,0,0,2026-09-04
NIFTY,2026-12-29,16000.0,CE,0.0,0.0,0.0,8178.15,8221.84,0,0.0,245,0,2026-09-04
NIFTY,2027-03-30,25500.0,CE,508.0,525.0,495.7,499.4,499.4,845,1428510989.75,643565,13195,2026-09-04
NIFTY,2029-06-26,24000.0,CE,0.0,0.0,0.0,8085.35,4766.01,0,0.0,0,0,2026-09-04
NIFTY,2026-11-23,26000.0,PE,1750.0,1750.0,1665.65,1735.55,1911.71,6,10805044.25,4290,195,2026-09-04
NIFTY,2030-06-25,28500.0,CE,0.0,0.0,0.0,5382.85,3731.43,0,0.0,0,0,2026-09-04
NIFTY,2026-09-08,23650.0,PE,25.15,31.85,6.95,11.05,11.05,1160558,1785129349266.25,4959175,2241135,2026-09-04
NIFTY,2026-09-22,23500.0,PE,51.8,64.0,45.8,48.95,48.95,5506,8429108054.25,278525,39325,2026-09-04
NIFTY,2026-09-22,25900.0,PE,0.0,0.0,0.0,1658.45,1931.32,0,0.0,0,0,2026-09-04
NIFTY,2026-09-29,22950.0,PE,29.9,29.9,20.65,21.2,21.2,905,1351429547.0,83720,-14170,2026-09-04
NIFTY,2026-10-06,24750.0,PE,0.0,0.0,0.0,808.1,900.05,0,0.0,0,0,2026-09-04
NIFTY,2026-10-06,24950.0,PE,0.0,0.0,0.0,949.75,1052.82,0,0.0,0,0,2026-09-04
NIFTY,2026-10-06,25750.0,PE,0.0,0.0,0.0,1608.15,1745.24,0,0.0,0,0,2026-09-04
NIFTY,2026-10-27,23550.0,PE,152.65,153.95,146.4,153.95,153.95,12,18487748.5,2340,325,2026-09-04
NIFTY,2026-10-27,24700.0,PE,685.0,685.0,626.05,672.65,672.65,56,92298937.25,144495,2275,2026-09-04
NIFTY,2026-10-27,23900.0,PE,272.0,272.0,233.65,250.3,250.3,860,1350018114.25,161590,7930,2026-09-04
NIFTY,2026-10-27,22300.0,PE,28.3,32.5,24.9,26.05,26.05,838,1216161735.75,83915,-1170,2026-09-04
NIFTY,2026-10-27,22200.0,PE,0.0,0.0,0.0,130.55,55.79,0,0.0,0,0,2026-09-04
NIFTY,2026-10-06,24700.0,PE,0.0,0.0,0.0,774.45,863.59,0,0.0,0,0,2026-09-04
NIFTY,2026-10-06,22800.0,PE,0.0,0.0,0.0,66.4,74.02,0,0.0,0,0,2026-09-04
NIFTY,2026-09-29,23450.0,PE,77.95,78.3,57.3,61.8,61.8,2124,3246408506.25,214370,-1690,2026-09-04
NIFTY,2026-09-29,22100.0,PE,10.25,10.6,9.4,9.6,9.6,952,1368173452.75,99905,1235,2026-09-04
NIFTY,2026-10-27,25850.0,PE,0.0,0.0,0.0,1093.8,1808.37,0,0.0,65,0,2026-09-04
NIFTY,2026-11-23,22250.0,PE,0.0,0.0,0.0,85.8,108.28,0,0.0,0,0,2026-09-04
NIFTY,2027-06-29,31500.0,PE,0.0,0.0,0.0,3604.7,6090.5,0,0.0,0,0,2026-09-04
NIFTY,2027-12-28,19000.0,PE,120.0,120.0,95.05,110.05,66.52,68,84420742.25,7440,3515,2026-09-04
NIFTY,2028-06-27,24000.0,PE,0.0,0.0,0.0,1692.75,926.06,0,0.0,0,0,2026-09-04
NIFTY,2026-09-29,19500.0,PE,2.9,3.65,2.75,2.9,2.9,1196,1516160922.25,881335,195,2026-09-04
NIFTY,2026-09-22,25550.0,PE,0.0,0.0,0.0,1354.25,1590.35,0,0.0,0,0,2026-09-04
NIFTY,2026-09-22,23400.0,PE,47.1,51.05,35.7,37.75,37.75,4778,7279838936.5,446355,19110,2026-09-04
NIFTY,2026-09-22,22600.0,PE,9.25,9.4,7.25,7.65,7.65,337,495232218.0,14560,-3055,2026-09-04
NIFTY,2026-09-15,23050.0,PE,8.95,9.5,6.15,6.6,6.6,9455,14170377048.75,175630,133770,2026-09-04
NIFTY,2026-09-08,25900.0,PE,0.0,0.0,0.0,1274.25,1985.5,0,0.0,0,0,2026-09-04
NIFTY,2026-09-08,25650.0,PE,0.0,0.0,0.0,1474.95,1735.67,0,0.0,520,0,2026-09-04
NIFTY,2026-09-08,24900.0,PE,838.4,955.15,838.4,942.35,942.35,400,671391916.0,19890,-7020,2026-09-04
NIFTY,2026-09-08,22400.0,PE,0.95,1.55,0.85,1.05,1.05,149790,218105308590.0,1846195,-61360,2026-09-04
NIFTY,2029-12-24,19500.0,CE,0.0,0.0,0.0,10678.8,8330.24,0,0.0,0,0,2026-09-04
NIFTY,2027-12-28,31500.0,CE,161.0,161.0,140.0,150.0,368.88,4,8229780.0,2080,65,2026-09-04
NIFTY,2027-06-29,31500.0,CE,0.0,0.0,0.0,769.15,101.64,0,0.0,0,0,2026-09-04
NIFTY,2026-11-23,25350.0,CE,0.0,0.0,0.0,514.1,308.64,0,0.0,0,0,2026-09-04
NIFTY,2026-11-23,23800.0,CE,719.9,768.0,719.9,735.4,735.4,82,130814466.25,7215,-390,2026-09-04
NIFTY,2029-12-24,25500.0,PE,0.0,0.0,0.0,597.3,1251.39,0,0.0,0,0,2026-09-04
NIFTY,2030-12-31,30000.0,PE,0.0,0.0,0.0,1450.1,2517.23,0,0.0,0,0,2026-09-04
NIFTY,2026-11-23,23750.0,CE,0.0,0.0,0.0,1325.6,972.49,0,0.0,0,0,2026-09-04
NIFTY,2026-11-23,23700.0,CE,0.0,0.0,0.0,852.0,1001.96,0,0.0,130,0,2026-09-04
NIFTY,2026-11-23,23350.0,CE,1119.2,1119.2,1070.0,1070.0,1223.1,18,28579684.25,1040,1040,2026-09-04
NIFTY,2026-11-23,22150.0,CE,0.0,0.0,0.0,2589.6,2153.78,0,0.0,0,0,2026-09-04
NIFTY,2026-10-27,26350.0,CE,0.0,0.0,0.0,194.1,50.15,0,0.0,0,0,2026-09-04
NIFTY,2026-10-27,23750.0,CE,614.2,638.05,614.2,617.05,779.46,4,6337158.75,1170,130,2026-09-04
NIFTY,2026-10-27,23450.0,CE,0.0,0.0,0.0,1307.95,966.29,0,0.0,0,0,2026-09-04
NIFTY,2026-10-27,22200.0,CE,0.0,0.0,0.0,2249.3,1960.12,0,0.0,0,0,2026-09-04
NIFTY,2026-10-06,25300.0,CE,0.0,0.0,0.0,124.05,82.22,0,0.0,0,0,2026-09-04
NIFTY,2026-10-06,23100.0,CE,0.0,0.0,0.0,1200.6,1053.01,0,0.0,0,0,2026-09-04
NIFTY,2026-09-29,22400.0,CE,0.0,0.0,0.0,1740.0,1608.69,0,0.0,260,0,2026-09-04
NIFTY,2026-09-22,25250.0,CE,0.0,0.0,0.0,100.25,27.53,0,0.0,65,0,2026-09-04
NIFTY,2026-09-22,24350.0,CE,67.5,95.0,67.5,73.45,73.45,609,967095249.25,25740,6435,2026-09-04
NIFTY,2026-09-15,25950.0,CE,1.0,1.25,0.95,1.1,1.1,77,129884937.0,5980,-195,2026-09-04
NIFTY,2026-09-15,24400.0,CE,31.9,40.5,23.4,25.05,25.05,73930,117396444873.5,1938495,703495,2026-09-04
NIFTY,2026-09-15,22900.0,CE,0.0,0.0,0.0,1164.45,1053.65,0,0.0,65,0,2026-09-04
NIFTY,2026-09-15,22400.0,CE,0.0,0.0,0.0,2217.25,1539.4,0,0.0,0,0,2026-09-04
NIFTY,2026-09-08,24450.0,CE,5.25,5.45,2.35,3.1,3.1,410419,652367649183.25,3698955,300950,2026-09-04
NIFTY,2026-09-08,22450.0,CE,0.0,0.0,0.0,2309.55,1462.27,0,0.0,0,0,2026-09-04
NIFTY,2026-10-27,24450.0,PE,500.0,512.05,500.0,511.2,511.2,8,12976161.25,16510,-455,2026-09-04
NIFTY,2026-10-27,24950.0,PE,0.0,0.0,0.0,676.9,1089.1,0,0.0,3900,0,2026-09-04
NIFTY,2026-09-15,22750.0,CE,0.0,0.0,0.0,1886.5,1196.69,0,0.0,0,0,2026-09-04
NIFTY,2026-10-27,24700.0,CE,143.75,163.0,138.95,140.95,140.95,1966,3175398892.25,252785,10335,2026-09-04
NIFTY,2026-10-06,24950.0,CE,0.0,0.0,0.0,199.6,140.99,0,0.0,0,0,2026-09-04
NIFTY,2026-10-06,24200.0,CE,0.0,0.0,0.0,475.6,374.67,0,0.0,0,0,2026-09-04
NIFTY,2026-09-29,25800.0,CE,4.65,5.45,4.65,4.95,4.95,1793,3007447550.25,324740,-31590,2026-09-04
NIFTY,2026-09-22,25400.0,CE,4.25,4.75,3.65,4.0,4.0,319,526754881.25,10985,3640,2026-09-04
NIFTY,2026-09-22,24550.0,CE,39.5,47.05,31.95,33.25,33.25,728,1163452143.75,86320,24960,2026-09-04
NIFTY,2026-09-15,24950.0,CE,5.05,5.05,3.2,3.6,3.6,4703,7628319088.0,111345,14950,2026-09-04
NIFTY,2026-09-15,24750.0,CE,6.85,7.4,4.9,5.45,5.45,38351,61711777179.0,434330,-444470,2026-09-04
NIFTY,2026-09-15,24700.0,CE,8.6,9.3,5.0,6.05,6.05,48130,77295381150.0,999700,71825,2026-09-04
NIFTY,2026-09-15,23550.0,CE,483.3,534.0,465.5,476.5,476.5,93,145363088.0,4420,-195,2026-09-04
NIFTY,2026-11-23,22500.0,CE,1790.0,1790.0,1782.4,1782.4,1858.72,2,3157206.0,130,130,2026-09-04
NIFTY,2026-11-23,22600.0,CE,0.0,0.0,0.0,2198.8,1777.59,0,0.0,0,0,2026-09-04
NIFTY,2026-11-23,23600.0,CE,0.0,0.0,0.0,1427.05,1062.52,0,0.0,0,0,2026-09-04
NIFTY,2027-03-30,28500.0,CE,52.1,54.9,49.05,50.5,50.5,397,736769549.75,178035,4225,2026-09-04
NIFTY,2027-12-28,16500.0,CE,0.0,0.0,0.0,11316.4,8744.96,0,0.0,0,0,2026-09-04
NIFTY,2030-12-31,25500.0,CE,0.0,0.0,0.0,7639.65,5714.68,0,0.0,0,0,2026-09-04
NIFTY,2026-09-08,25300.0,PE,1324.65,1338.0,1324.65,1335.0,1335.0,5,8655695.75,3835,260,2026-09-04
NIFTY,2026-09-15,22500.0,PE,4.95,4.95,3.55,3.85,3.85,15473,22633407962.75,977730,28860,2026-09-04
NIFTY,2026-09-15,25850.0,PE,0.0,0.0,0.0,1345.95,1906.81,0,0.0,0,0,2026-09-04
NIFTY,2026-09-22,23750.0,PE,119.4,119.4,89.0,98.25,98.25,411,637078351.0,13845,3900,2026-09-04
NIFTY,2026-09-22,24450.0,PE,446.0,470.05,435.15,470.05,470.05,9,14561196.0,1235,0,2026-09-04
NIFTY,2026-09-22,24800.0,PE,0.0,0.0,0.0,798.4,907.47,0,0.0,65,0,2026-09-04
NIFTY,2026-09-29,26200.0,PE,2127.0,2127.0,2127.0,2127.0,2203.04,1,1841255.0,37895,-65,2026-09-04
NIFTY,2026-10-06,22400.0,PE,0.0,0.0,0.0,30.4,33.18,0,0.0,0,0,2026-09-04
NIFTY,2026-10-06,23900.0,PE,0.0,0.0,0.0,342.45,387.09,0,0.0,0,0,2026-09-04
NIFTY,2026-10-27,22700.0,PE,49.6,49.6,40.4,43.4,43.4,402,594280345.75,98995,-9100,2026-09-04
NIFTY,2026-10-27,23200.0,PE,115.1,115.1,83.0,87.45,87.45,843,1276081413.75,72735,5200,2026-09-04
NIFTY,2026-10-27,24150.0,PE,372.05,374.9,332.1,352.75,352.75,69,109885392.5,25220,1170,2026-09-04
NIFTY,2026-11-23,22300.0,PE,0.0,0.0,0.0,91.1,115.07,0,0.0,0,0,2026-09-04
NIFTY,2026-12-29,25000.0,PE,885.6,888.35,830.0,868.15,868.15,1433,2409007149.25,2018395,-3450,2026-09-04
NIFTY,2027-06-29,30000.0,PE,0.0,0.0,0.0,4000.0,4773.08,0,0.0,455,0,2026-09-04
NIFTY,2027-12-28,24000.0,PE,651.0,651.0,603.1,618.3,618.3,1822,2916469887.5,251390,49530,2026-09-04
NIFTY,2031-06-24,25500.0,PE,0.0,0.0,0.0,1262.85,1055.76,0,0.0,0,0,2026-09-04
NIFTY,2026-11-23,22350.0,CE,0.0,0.0,0.0,2413.25,1983.16,0,0.0,0,0,2026-09-04
NIFTY,2026-10-27,27050.0,CE,0.0,0.0,0.0,6.3,18.03,0,0.0,2080,0,2026-09-04
NIFTY,2026-10-27,24900.0,CE,97.95,107.3,91.25,93.15,93.15,1581,2568861860.5,199355,20410,2026-09-04
NIFTY,2026-09-29,22550.0,CE,0.0,0.0,0.0,1749.2,1468.54,0,0.0,130,0,2026-09-04
NIFTY,2026-09-29,22650.0,CE,0.0,0.0,0.0,1361.2,1376.87,0,0.0,195,0,2026-09-04
NIFTY,2026-09-29,24150.0,CE,193.4,226.8,182.85,187.35,187.35,2549,4034448684.5,198380,4615,2026-09-04
NIFTY,2026-09-29,25300.0,CE,10.15,10.45,8.1,8.45,8.45,5312,8738762366.75,850655,5265,2026-09-04
NIFTY,2026-09-29,30000.0,CE,1.0,1.0,0.65,0.75,0.75,183,356859662.25,296620,-7085,2026-09-04
NIFTY,2026-10-06,23700.0,CE,519.9,547.0,513.9,544.2,633.14,4,6300125.0,130,65,2026-09-04
NIFTY,2026-10-06,24100.0,CE,267.0,278.0,254.0,254.85,254.85,23,36429757.0,2405,260,2026-09-04
NIFTY,2026-10-06,25100.0,CE,0.0,0.0,0.0,163.85,112.64,0,0.0,0,0,2026-09-04
NIFTY,2026-10-27,22500.0,CE,1712.0,1727.0,1671.85,1671.85,1671.85,20,31440578.0,18525,325,2026-09-04
NIFTY,2026-10-27,23850.0,CE,534.35,581.8,528.2,539.8,539.8,27,42828379.75,2600,130,2026-09-04
NIFTY,2026-10-27,24000.0,CE,449.0,492.5,437.35,447.9,447.9,4639,7376584780.5,715195,19110,2026-09-04
NIFTY,2026-10-27,25750.0,CE,20.0,21.65,18.05,18.5,109.41,91,152425224.25,87685,-2210,2026-09-04
NIFTY,2026-10-27,26900.0,CE,8.3,8.3,5.6,5.6,5.6,48,83947188.0,17420,1495,2026-09-04
NIFTY,2026-11-23,22850.0,CE,0.0,0.0,0.0,1992.05,1581.7,0,0.0,0,0,2026-09-04
NIFTY,2026-11-23,25550.0,CE,0.0,0.0,0.0,446.95,260.6,0,0.0,0,0,2026-09-04
NIFTY,2026-12-29,18000.0,CE,0.0,0.0,0.0,6570.45,6262.54,0,0.0,1690,0,2026-09-04
NIFTY,2026-12-29,26000.0,CE,100.65,113.9,100.65,103.1,103.1,9687,16438220308.25,4068300,42545,2026-09-04
NIFTY,2026-12-29,33000.0,CE,4.8,4.85,4.05,4.1,4.1,37,79376108.5,105495,845,2026-09-04
NIFTY,2027-03-30,30000.0,CE,28.95,28.95,26.25,27.75,27.75,272,530891003.5,134095,6110,2026-09-04
NIFTY,2027-06-29,16500.0,CE,0.0,0.0,0.0,10867.2,8244.21,0,0.0,0,0,2026-09-04
NIFTY,2027-06-29,30000.0,CE,0.0,0.0,0.0,1478.4,207.39,0,0.0,0,0,2026-09-04
NIFTY,2030-06-25,31500.0,CE,0.0,0.0,0.0,3984.8,2648.39,0,0.0,0,0,2026-09-04
NIFTY,2030-12-31,33000.0,CE,0.0,0.0,0.0,3948.25,2716.31,0,0.0,0,0,2026-09-04
NIFTY,2026-09-08,26050.0,CE,0.6,0.6,0.4,0.45,0.45,2907,4922371694.5,130065,26715,2026-09-04
NIFTY,2031-06-24,16500.0,CE,0.0,0.0,0.0,11849.25,11848.45,0,0.0,0,0,2026-09-04
NIFTY,2026-09-08,22650.0,PE,1.5,1.85,1.05,1.3,1.3,63397,93342448810.0,426335,24960,2026-09-04
NIFTY,2030-06-25,16500.0,PE,0.0,0.0,0.0,12.0,49.77,0,0.0,0,0,2026-09-04
NIFTY,2028-12-26,20000.0,PE,241.0,241.0,241.0,241.0,203.86,1,1315665.0,4005,65,2026-09-04
NIFTY,2026-09-08,25000.0,PE,1030.05,1056.0,972.0,1037.7,1037.7,560,947136810.75,202540,-8320,2026-09-04
NIFTY,2026-09-08,25750.0,PE,0.0,0.0,0.0,1155.15,1835.6,0,0.0,0,0,2026-09-04
NIFTY,2026-09-15,22150.0,PE,3.35,3.7,3.1,3.35,3.35,12462,17944960858.5,1001000,339560,2026-09-04
NIFTY,2026-09-15,23850.0,PE,130.6,130.6,80.55,92.0,92.0,17329,26970902868.0,254280,93730,2026-09-04
NIFTY,2026-09-15,25700.0,PE,0.0,0.0,0.0,1223.4,1757.65,0,0.0,0,0,2026-09-04
NIFTY,2026-09-22,24200.0,PE,313.1,315.25,262.45,295.45,295.45,1261,2007047399.5,62140,3250,2026-09-04
NIFTY,2026-09-22,25600.0,PE,0.0,0.0,0.0,1396.5,1638.58,0,0.0,0,0,2026-09-04
NIFTY,2026-09-29,23950.0,PE,216.35,219.65,172.65,193.25,193.25,6105,9580167899.25,167180,31330,2026-09-04
NIFTY,2026-09-29,25650.0,PE,0.0,0.0,0.0,1016.85,1672.96,0,0.0,65,0,2026-09-04
NIFTY,2026-10-06,22250.0,PE,0.0,0.0,0.0,22.0,23.78,0,0.0,0,0,2026-09-04
NIFTY,2026-10-06,22450.0,PE,0.0,0.0,0.0,33.7,36.92,0,0.0,0,0,2026-09-04
NIFTY,2026-10-27,22150.0,PE,0.0,0.0,0.0,123.6,51.4,0,0.0,0,0,2026-09-04
NIFTY,2026-10-27,24750.0,PE,0.0,0.0,0.0,546.9,950.86,0,0.0,1235,0,2026-09-04
NIFTY,2026-10-27,25550.0,PE,0.0,0.0,0.0,1144.0,1553.58,0,0.0,130,0,2026-09-04
NIFTY,2026-10-27,26050.0,PE,0.0,0.0,0.0,1920.65,1984.75,0,0.0,0,0,2026-09-04
NIFTY,2026-11-23,22600.0,PE,0.0,0.0,0.0,128.5,163.13,0,0.0,0,0,2026-09-04
NIFTY,2026-11-23,23000.0,PE,120.0,121.15,103.45,108.45,108.45,1365,2050368313.5,332020,20670,2026-09-04
NIFTY,2028-06-27,18000.0,PE,0.0,0.0,0.0,396.75,51.86,0,0.0,0,0,2026-09-04
NIFTY,2026-09-08,23100.0,CE,849.75,919.4,846.75,863.65,863.65,109,169917621.25,6305,975,2026-09-04
NIFTY,2026-09-15,25300.0,CE,2.65,2.65,1.7,1.85,1.85,11561,19013524338.25,440440,85605,2026-09-04
NIFTY,2026-09-22,22300.0,CE,0.0,0.0,0.0,2006.25,1669.14,0,0.0,0,0,2026-09-04
NIFTY,2026-09-22,24800.0,CE,17.55,18.8,12.8,13.6,13.6,3392,5471331989.5,100230,30745,2026-09-04
NIFTY,2026-09-29,24500.0,CE,82.35,92.95,71.0,73.4,73.4,51398,82123076018.75,5789290,-125905,2026-09-04
NIFTY,2026-09-29,24750.0,CE,39.25,43.55,32.05,33.45,33.45,2684,4324352834.75,223535,8060,2026-09-04
NIFTY,2026-10-06,22350.0,CE,0.0,0.0,0.0,1862.2,1703.29,0,0.0,0,0,2026-09-04
NIFTY,2026-09-29,15000.0,CE,0.0,0.0,0.0,10499.3,8958.4,0,0.0,0,0,2026-09-04
NIFTY,2026-09-22,24500.0,CE,47.7,57.4,40.0,42.05,42.05,11540,18413812147.25,389870,88660,2026-09-04
NIFTY,2026-09-22,23650.0,CE,0.0,0.0,0.0,870.3,518.05,0,0.0,0,0,2026-09-04
NIFTY,2026-09-22,23550.0,CE,527.0,527.0,523.6,524.3,584.04,3,4694618.5,390,0,2026-09-04
NIFTY,2026-09-22,23000.0,CE,0.0,0.0,0.0,1373.75,1015.46,0,0.0,0,0,2026-09-04
NIFTY,2026-09-22,22750.0,CE,0.0,0.0,0.0,1591.55,1240.17,0,0.0,0,0,2026-09-04
NIFTY,2026-09-15,25350.0,CE,2.2,2.25,1.65,1.8,1.8,943,1553942932.75,25220,13325,2026-09-04
NIFTY,2026-09-15,24250.0,CE,60.35,79.15,50.35,53.15,53.15,16820,26580550581.0,484640,53625,2026-09-04
NIFTY,2026-09-08,25400.0,CE,0.95,1.0,0.55,0.6,0.6,93146,153788114564.5,2574780,-79885,2026-09-04
NIFTY,2026-09-08,24850.0,CE,1.65,1.85,1.05,1.25,1.25,142201,229703246600.75,945685,-32695,2026-09-04
NIFTY,2026-09-08,24150.0,CE,32.4,47.7,19.2,22.6,22.6,2086097,3279049822857.25,6606535,1400230,2026-09-04
NIFTY,2026-09-08,23550.0,CE,420.0,486.0,401.75,417.05,417.05,4923,7675309333.25,61425,845,2026-09-04
NIFTY,2026-10-06,23600.0,CE,0.0,0.0,0.0,825.95,695.17,0,0.0,0,0,2026-09-04
NIFTY,2026-10-27,24550.0,CE,195.0,214.4,187.5,191.15,191.15,67,107802600.75,18005,1300,2026-09-04
NIFTY,2026-10-27,25700.0,CE,22.6,22.9,18.45,19.0,19.0,873,1459511413.75,126685,-9555,2026-09-04
NIFTY,2026-11-23,23450.0,CE,0.0,0.0,0.0,1533.6,1157.32,0,0.0,0,0,2026-09-04
NIFTY,2026-11-23,24650.0,CE,295.1,301.8,280.3,281.35,281.35,16,25940703.75,2275,715,2026-09-04
NIFTY,2026-11-23,25650.0,CE,0.0,0.0,0.0,415.95,238.81,0,0.0,0,0,2026-09-04
NIFTY,2026-12-29,23000.0,CE,1527.1,1622.85,1527.1,1561.25,1561.25,664,1060785596.0,447875,19500,2026-09-04
NIFTY,2028-06-27,30000.0,CE,0.0,0.0,0.0,2278.45,1049.89,0,0.0,0,0,2026-09-04
NIFTY,2028-12-26,21000.0,CE,0.0,0.0,0.0,7512.5,6120.42,0,0.0,0,0,2026-09-04
NIFTY,2029-12-24,25500.0,CE,0.0,0.0,0.0,6500.6,4540.31,0,0.0,0,0,2026-09-04
NIFTY,2030-06-25,30000.0,CE,0.0,0.0,0.0,5580.35,3152.59,0,0.0,0,0,2026-09-04
NIFTY,2026-09-08,22200.0,PE,0.7,1.2,0.65,0.75,0.75,101467,146422633337.5,1098175,884715,2026-09-04
NIFTY,2026-09-08,23100.0,PE,2.5,3.0,1.55,2.15,2.15,413663,621182747051.75,3179150,655980,2026-09-04
NIFTY,2026-09-08,23400.0,PE,8.4,8.4,2.8,3.4,3.4,694652,1056763830053.75,4282070,-428675,2026-09-04
NIFTY,2026-09-08,24050.0,PE,165.0,170.4,108.0,134.5,134.5,1395365,2193156094307.75,1529970,416650,2026-09-04
NIFTY,2026-09-08,25250.0,PE,0.0,0.0,0.0,1075.0,1335.99,0,0.0,65,0,2026-09-04
NIFTY,2026-09-08,25950.0,PE,0.0,0.0,0.0,1315.0,2035.47,0,0.0,0,0,2026-09-04
NIFTY,2026-09-08,26100.0,PE,0.0,0.0,0.0,1439.9,2185.37,0,0.0,0,0,2026-09-04
NIFTY,2026-09-15,23200.0,PE,8.45,13.7,8.1,8.6,8.6,29036,43804986062.5,632775,368225,2026-09-04
NIFTY,2026-09-22,24150.0,PE,275.7,283.35,240.0,262.9,262.9,170,269769724.25,6175,390,2026-09-04
NIFTY,2026-09-29,24400.0,PE,462.0,477.65,401.0,443.4,443.4,2927,4723588853.75,2135705,-69745,2026-09-04
NIFTY,2026-09-29,25550.0,PE,0.0,0.0,0.0,1383.9,1579.21,0,0.0,520,0,2026-09-04
NIFTY,2026-10-06,23050.0,PE,0.0,0.0,0.0,102.6,115.23,0,0.0,0,0,2026-09-04
NIFTY,2026-10-06,23650.0,PE,0.0,0.0,0.0,250.0,282.88,0,0.0,0,0,2026-09-04
NIFTY,2026-10-06,23800.0,PE,0.0,0.0,0.0,304.0,342.82,0,0.0,65,0,2026-09-04
NIFTY,2026-10-27,24850.0,PE,0.0,0.0,0.0,638.95,1018.84,0,0.0,1820,0,2026-09-04
NIFTY,2026-10-27,25600.0,PE,0.0,0.0,0.0,1280.0,1595.13,0,0.0,130,0,2026-09-04
NIFTY,2026-10-27,26650.0,PE,0.0,0.0,0.0,2415.2,2537.08,0,0.0,0,0,2026-09-04
NIFTY,2026-11-23,22750.0,PE,0.0,0.0,0.0,151.25,192.26,0,0.0,0,0,2026-09-04
NIFTY,2026-11-23,24850.0,PE,0.0,0.0,0.0,860.35,1064.24,0,0.0,0,0,2026-09-04
NIFTY,2026-12-29,25500.0,PE,1205.7,1227.35,1160.0,1203.65,1203.65,151,261924669.5,407355,-3705,2026-09-04
NIFTY,2026-12-29,28000.0,PE,3466.65,3491.05,3389.55,3452.6,3452.6,53,108315372.75,923245,-130,2026-09-04
NIFTY,2027-03-30,21000.0,PE,87.95,87.95,79.85,84.25,84.25,715,979827335.5,530985,14625,2026-09-04
NIFTY,2029-06-26,25500.0,PE,0.0,0.0,0.0,624.25,1319.38,0,0.0,0,0,2026-09-04
NIFTY,2029-06-26,27000.0,PE,0.0,0.0,0.0,1252.35,1850.32,0,0.0,0,0,2026-09-04
NIFTY,2029-06-26,33000.0,PE,0.0,0.0,0.0,3022.85,4932.51,0,0.0,0,0,2026-09-04
NIFTY,2030-06-25,25500.0,PE,0.0,0.0,0.0,568.55,1184.6,0,0.0,0,0,2026-09-04
NIFTY,2030-12-31,24000.0,PE,0.0,0.0,0.0,1000.0,792.69,0,0.0,520,0,2026-09-04
NIFTY,2026-09-29,21000.0,CE,3000.0,3092.0,3000.0,3038.75,3038.75,267,417557796.5,512785,-4420,2026-09-04
NIFTY,2026-09-29,23500.0,CE,565.35,679.75,565.3,618.1,618.1,3167,4968518288.5,630045,-2600,2026-09-04
NIFTY,2026-09-29,23650.0,CE,498.25,542.05,491.35,496.55,496.55,121,189998646.5,12220,2275,2026-09-04
NIFTY,2026-10-06,25000.0,PE,0.0,0.0,0.0,987.9,1092.51,0,0.0,0,0,2026-09-04
NIFTY,2026-10-27,25050.0,PE,0.0,0.0,0.0,853.9,1161.56,0,0.0,260,0,2026-09-04
NIFTY,2026-10-27,26700.0,PE,0.0,0.0,0.0,2458.1,2584.31,0,0.0,0,0,2026-09-04
NIFTY,2026-11-23,22950.0,PE,0.0,0.0,0.0,186.2,236.94,0,0.0,0,0,2026-09-04
NIFTY,2026-11-23,24600.0,PE,632.0,632.0,612.05,612.05,911.62,8,13114598.25,1560,455,2026-09-04
NIFTY,2026-11-23,24650.0,PE,0.0,0.0,0.0,756.75,941.12,0,0.0,0,0,2026-09-04
NIFTY,2026-11-23,25150.0,PE,0.0,0.0,0.0,1030.25,1263.58,0,0.0,0,0,2026-09-04
NIFTY,2026-12-29,31500.0,PE,0.0,0.0,0.0,4059.3,6965.79,0,0.0,0,0,2026-09-04
NIFTY,2027-03-30,27000.0,PE,2181.0,2186.0,2155.0,2181.5,2181.5,13,24650333.5,59800,0,2026-09-04
NIFTY,2027-06-29,16500.0,PE,0.0,0.0,0.0,7.0,1.38,0,0.0,780,0,2026-09-04
NIFTY,2027-12-28,17000.0,PE,0.0,0.0,0.0,54.0,12.28,0,0.0,17750,0,2026-09-04
NIFTY,2027-12-28,26000.0,PE,1332.7,1336.05,1242.2,1267.3,1267.3,116,205687508.0,72545,2860,2026-09-04
NIFTY,2026-09-29,22750.0,PE,20.1,20.25,15.1,15.7,15.7,444,657066250.75,67015,-845,2026-09-04
NIFTY,2026-09-22,25500.0,PE,1420.0,1420.0,1420.0,1420.0,1542.33,1,1749800.0,65,65,2026-09-04
NIFTY,2026-09-22,25050.0,PE,0.0,0.0,0.0,959.7,1123.83,0,0.0,0,0,2026-09-04
NIFTY,2026-09-22,24500.0,PE,527.8,527.8,467.05,519.5,519.5,382,620633240.5,32695,780,2026-09-04
NIFTY,2026-09-22,24000.0,PE,201.1,214.8,166.9,185.95,185.95,8063,12674939673.5,273325,126555,2026-09-04
NIFTY,2026-09-22,22850.0,PE,12.6,13.6,11.6,13.6,34.41,22,32693355.5,1495,-715,2026-09-04
NIFTY,2026-09-15,25650.0,PE,0.0,0.0,0.0,1183.55,1708.02,0,0.0,0,0,2026-09-04
NIFTY,2026-09-15,25400.0,PE,0.0,0.0,0.0,1400.0,1461.08,0,0.0,0,0,2026-09-04
NIFTY,2026-09-15,24800.0,PE,810.0,825.0,749.0,804.8,804.8,26,43253655.25,4095,1040,2026-09-04
NIFTY,2026-09-15,23250.0,PE,14.55,15.85,9.3,9.95,9.95,10970,16586489075.0,355485,62855,2026-09-04
NIFTY,2026-09-08,26400.0,PE,2420.25,2420.25,2415.0,2420.0,2485.18,13,24350001.0,1950,845,2026-09-04
NIFTY,2026-09-08,24450.0,PE,544.95,544.95,425.35,493.7,493.7,2189,3545374849.25,80535,-2925,2026-09-04
NIFTY,2026-09-08,23050.0,PE,2.65,2.8,1.55,2.1,2.1,129964,194738468434.25,792350,28340,2026-09-04
NIFTY,2026-09-08,22450.0,PE,1.25,1.55,0.9,1.1,1.1,47190,68865895653.75,290225,117585,2026-09-04
NIFTY,2030-06-25,21000.0,CE,0.0,0.0,0.0,10421.65,7810.09,0,0.0,0,0,2026-09-04
NIFTY,2029-12-24,33000.0,CE,0.0,0.0,0.0,3816.05,1740.51,0,0.0,0,0,2026-09-04
NIFTY,2027-12-28,28500.0,CE,430.05,448.95,406.7,413.6,413.6,147,276402278.75,24700,2275,2026-09-04
NIFTY,2026-12-29,27000.0,CE,40.0,40.0,36.15,37.65,37.65,6177,10855901413.5,2518450,-14950,2026-09-04
NIFTY,2026-11-23,25300.0,CE,0.0,0.0,0.0,532.0,321.77,0,0.0,0,0,2026-09-04
NIFTY,2026-11-23,25100.0,CE,147.95,158.4,140.65,142.4,142.4,258,423428486.0,43160,3250,2026-09-04
NIFTY,2026-11-23,24300.0,CE,439.95,466.75,433.05,438.2,438.2,191,307236585.5,18655,3445,2026-09-04
NIFTY,2026-11-23,22450.0,CE,0.0,0.0,0.0,2326.6,1899.85,0,0.0,0,0,2026-09-04
NIFTY,2026-10-27,27100.0,CE,5.25,5.25,4.5,5.05,5.05,59,103947883.0,5005,1690,2026-09-04
NIFTY,2026-10-27,24800.0,CE,118.5,133.7,112.0,115.1,115.1,2280,3693289239.25,298740,25220,2026-09-04
NIFTY,2026-10-27,23200.0,CE,0.0,0.0,0.0,988.85,1140.32,0,0.0,910,0,2026-09-04
NIFTY,2026-10-06,25600.0,CE,0.0,0.0,0.0,79.4,49.58,0,0.0,0,0,2026-09-04
NIFTY,2026-09-29,27100.0,CE,2.8,2.8,1.5,1.7,0.56,26,45801704.0,14170,-130,2026-09-04
NIFTY,2026-09-29,26700.0,CE,2.1,2.1,2.1,2.1,2.1,1,1735636.5,2860,-65,2026-09-04
NIFTY,2026-09-29,26000.0,CE,4.7,4.9,4.0,4.3,4.3,27451,46399981673.5,4431040,433030,2026-09-04
NIFTY,2026-09-29,25350.0,CE,9.3,9.55,8.0,8.05,8.05,234,385705495.5,62920,-2730,2026-09-04
NIFTY,2026-09-29,25150.0,CE,14.1,14.15,11.05,11.5,11.5,1085,1774601315.5,113620,2340,2026-09-04
NIFTY,2026-09-29,24600.0,CE,60.6,68.9,51.4,52.95,52.95,23346,37420582985.5,1894945,38350,2026-09-04
NIFTY,2026-09-22,25700.0,CE,3.5,3.5,2.3,2.8,2.8,49,81864461.25,6435,2145,2026-09-04
NIFTY,2026-09-22,23850.0,CE,310.0,352.5,295.0,300.95,300.95,306,480676937.0,15340,2275,2026-09-04
NIFTY,2026-09-22,22850.0,CE,0.0,0.0,0.0,1503.15,1148.72,0,0.0,0,0,2026-09-04
NIFTY,2026-09-15,25550.0,CE,1.35,1.65,1.2,1.35,1.35,600,996505064.75,33280,11310,2026-09-04
NIFTY,2026-10-06,25800.0,PE,0.0,0.0,0.0,1653.0,1791.64,0,0.0,0,0,2026-09-04
NIFTY,2026-09-08,23050.0,CE,922.5,925.8,921.3,924.6,864.6,9,14024783.5,455,325,2026-09-04
NIFTY,2026-10-06,24900.0,PE,0.0,0.0,0.0,913.3,1013.72,0,0.0,0,0,2026-09-04
NIFTY,2026-10-06,22500.0,PE,34.95,37.35,16.4,17.0,41.01,22,32214334.75,845,845,2026-09-04
NIFTY,2026-09-29,25450.0,PE,0.0,0.0,0.0,946.5,1486.62,0,0.0,715,0,2026-09-04
NIFTY,2026-09-29,24600.0,PE,620.0,630.0,548.0,599.85,599.85,501,820168960.0,740220,2665,2026-09-04
NIFTY,2026-09-29,23750.0,PE,145.4,146.4,112.0,124.9,124.9,3776,5859726827.5,192335,2730,2026-09-04
NIFTY,2026-09-29,23500.0,PE,96.6,96.6,63.7,69.75,69.75,44857,68729478268.75,4955405,-148980,2026-09-04
NIFTY,2026-09-29,23600.0,CE,530.85,594.0,525.0,539.2,539.2,292,458470905.75,51350,130,2026-09-04
NIFTY,2026-09-29,23300.0,CE,779.1,847.3,779.05,787.6,787.6,27,42301818.0,10140,0,2026-09-04
NIFTY,2026-09-29,22950.0,CE,0.0,0.0,0.0,1529.05,1112.83,0,0.0,260,0,2026-09-04
NIFTY,2026-10-27,22250.0,PE,32.75,32.75,24.15,25.55,25.55,1135,1643432791.0,262990,7475,2026-09-04
NIFTY,2026-10-06,25450.0,PE,0.0,0.0,0.0,1346.9,1473.19,0,0.0,0,0,2026-09-04
NIFTY,2026-10-06,25050.0,PE,0.0,0.0,0.0,1024.75,1132.79,0,0.0,0,0,2026-09-04
NIFTY,2026-10-06,24800.0,PE,0.0,0.0,0.0,842.45,938.31,0,0.0,0,0,2026-09-04
NIFTY,2026-10-06,24150.0,PE,0.0,0.0,0.0,455.15,512.93,0,0.0,0,0,2026-09-04
NIFTY,2026-10-06,22650.0,PE,0.0,0.0,0.0,50.2,55.56,0,0.0,0,0,2026-09-04
NIFTY,2026-09-29,24350.0,PE,441.6,441.6,370.0,409.35,409.35,461,741710550.75,359190,-9230,2026-09-04
NIFTY,2026-09-29,23400.0,PE,77.45,77.45,51.35,55.2,55.2,15318,23355657312.0,1236235,109850,2026-09-04
NIFTY,2026-09-29,23000.0,PE,35.95,35.95,22.7,23.75,23.75,44447,66521075871.25,5775105,55055,2026-09-04
NIFTY,2026-09-29,21950.0,PE,9.5,9.5,8.4,8.4,8.4,10,14273532.0,24895,-130,2026-09-04
NIFTY,2026-09-22,25000.0,PE,0.0,0.0,0.0,680.0,1079.4,0,0.0,0,0,2026-09-04
NIFTY,2026-09-22,23200.0,PE,35.8,35.8,20.65,22.1,22.1,2002,3022004810.5,57720,54860,2026-09-04
NIFTY,2026-09-15,24500.0,PE,529.0,550.0,460.7,516.55,516.55,2401,3901895565.75,237380,33280,2026-09-04
NIFTY,2026-09-15,22250.0,PE,3.1,3.7,3.0,3.5,3.5,27,39054622.75,845,780,2026-09-04
NIFTY,2026-09-08,26350.0,PE,0.0,0.0,0.0,1656.4,2435.21,0,0.0,0,0,2026-09-04
NIFTY,2026-09-08,24600.0,PE,650.05,654.5,573.85,640.25,640.25,2712,4446326027.0,255645,-4875,2026-09-04
NIFTY,2026-09-08,23950.0,PE,95.0,111.3,63.55,79.9,79.9,6184102,9659472704118.25,5838040,3087955,2026-09-04
NIFTY,2026-09-08,22600.0,PE,1.35,1.75,1.05,1.3,1.3,165425,243024408246.75,1699945,333125,2026-09-04
NIFTY,2026-09-08,22300.0,PE,1.15,1.35,0.8,0.95,0.95,157510,228321306525.0,3245580,-208455,2026-09-04
NIFTY,2031-06-24,19500.0,CE,0.0,0.0,0.0,9840.6,9793.09,0,0.0,0,0,2026-09-04
NIFTY,2030-06-25,19500.0,CE,0.0,0.0,0.0,11140.25,8838.83,0,0.0,0,0,2026-09-04
NIFTY,2029-12-24,24000.0,CE,0.0,0.0,0.0,7729.0,5365.7,0,0.0,65,0,2026-09-04
NIFTY,2029-06-26,19500.0,CE,0.0,0.0,0.0,10206.95,7806.07,0,0.0,0,0,2026-09-04
NIFTY,2031-06-24,21000.0,PE,0.0,0.0,0.0,450.5,336.77,0,0.0,0,0,2026-09-04
NIFTY,2029-12-24,24000.0,PE,0.0,0.0,0.0,995.0,864.51,0,0.0,455,0,2026-09-04
NIFTY,2029-12-24,19500.0,PE,0.0,0.0,0.0,61.2,192.2,0,0.0,0,0,2026-09-04
NIFTY,2028-12-26,22000.0,PE,459.95,459.95,459.95,459.95,470.34,1,1459896.75,8695,-65,2026-09-04
NIFTY,2028-12-26,19500.0,CE,0.0,0.0,0.0,9716.4,7255.77,0,0.0,0,0,2026-09-04
NIFTY,2026-09-08,22300.0,CE,0.0,0.0,0.0,1610.0,1612.16,0,0.0,130,0,2026-09-04
NIFTY,2026-09-08,25550.0,CE,0.7,1.0,0.5,0.55,0.55,22335,37093737307.25,403260,5005,2026-09-04
NIFTY,2026-09-08,25850.0,CE,0.6,0.9,0.45,0.5,0.5,12264,20607012994.75,218400,3055,2026-09-04
NIFTY,2026-09-15,26050.0,CE,0.0,0.0,0.0,1.15,0.23,0,0.0,4225,0,2026-09-04
NIFTY,2026-09-22,24100.0,CE,170.9,201.6,154.35,164.75,164.75,6054,9553254321.0,262080,48360,2026-09-04
NIFTY,2028-06-27,27000.0,CE,0.0,0.0,0.0,1935.0,1992.13,0,0.0,0,0,2026-09-04
NIFTY,2027-06-29,25500.0,CE,0.0,0.0,0.0,910.05,1241.7,0,0.0,65,0,2026-09-04
NIFTY,2027-06-29,18000.0,CE,0.0,0.0,0.0,4066.45,6829.61,0,0.0,0,0,2026-09-04
NIFTY,2026-12-29,29000.0,CE,11.05,11.05,8.35,9.2,9.2,587,1106867394.75,552520,-7805,2026-09-04
NIFTY,2026-11-23,25850.0,CE,0.0,0.0,0.0,358.95,199.63,0,0.0,0,0,2026-09-04
NIFTY,2026-11-23,24700.0,CE,266.55,285.0,258.7,261.25,261.25,289,469046129.5,26975,-975,2026-09-04
NIFTY,2026-09-22,25850.0,CE,3.6,3.6,2.15,2.75,2.75,30,50412381.5,455,-390,2026-09-04
NIFTY,2026-09-22,26050.0,CE,0.0,0.0,0.0,2.9,2.83,0,0.0,0,0,2026-09-04
NIFTY,2026-09-29,22600.0,CE,1480.0,1480.0,1480.0,1480.0,1422.51,1,1565200.0,910,0,2026-09-04
NIFTY,2028-06-27,27000.0,PE,0.0,0.0,0.0,2752.35,2117.98,0,0.0,0,0,2026-09-04
NIFTY,2027-06-29,28500.0,PE,0.0,0.0,0.0,1807.05,3542.88,0,0.0,0,0,2026-09-04
NIFTY,2026-11-23,24000.0,PE,378.0,378.0,323.0,344.95,344.95,1943,3074511687.0,376480,53885,2026-09-04
NIFTY,2026-11-23,23350.0,PE,0.0,0.0,0.0,274.9,348.13,0,0.0,65,0,2026-09-04
NIFTY,2026-10-27,26500.0,CE,9.05,9.8,7.95,8.3,8.3,725,1249216965.75,228085,-9035,2026-09-04
NIFTY,2026-10-27,26250.0,CE,0.0,0.0,0.0,210.65,57.47,0,0.0,0,0,2026-09-04
NIFTY,2026-11-23,23150.0,PE,0.0,0.0,0.0,226.95,288.53,0,0.0,0,0,2026-09-04
NIFTY,2026-10-27,24650.0,PE,600.0,600.0,600.0,600.0,885.24,1,1641250.0,5070,-65,2026-09-04
NIFTY,2026-10-27,23800.0,PE,233.5,234.45,200.1,216.45,216.45,2010,3137431518.0,457535,11505,2026-09-04
NIFTY,2026-10-27,25600.0,CE,24.6,26.6,21.15,21.95,21.95,729,1214190441.75,100425,-8710,2026-09-04
NIFTY,2026-10-06,24500.0,CE,161.75,161.75,99.4,118.15,118.15,7,11201245.25,130,130,2026-09-04
NIFTY,2026-10-06,24450.0,CE,0.0,0.0,0.0,364.35,277.6,0,0.0,0,0,2026-09-04
NIFTY,2026-10-06,24150.0,CE,255.0,255.0,230.35,231.1,231.1,7,11097151.0,1300,-260,2026-09-04
NIFTY,2026-09-29,27200.0,CE,1.4,2.45,1.4,1.95,1.95,85,150291108.5,43355,2730,2026-09-04
NIFTY,2026-09-29,26400.0,CE,3.3,3.45,2.5,2.65,4.05,8,13729527.5,50570,0,2026-09-04
NIFTY,2026-09-29,24950.0,CE,23.6,23.9,18.2,18.85,18.85,2283,3705562812.25,270725,11570,2026-09-04
NIFTY,2026-09-29,23750.0,CE,423.2,475.9,418.0,422.35,422.35,233,366409904.25,22360,1560,2026-09-04
NIFTY,2028-12-26,24000.0,CE,0.0,0.0,0.0,4350.0,4135.16,0,0.0,1235,0,2026-09-04
NIFTY,2026-09-08,25550.0,PE,0.0,0.0,0.0,1495.0,1635.73,0,0.0,455,0,2026-09-04
NIFTY,2026-09-29,22150.0,PE,13.3,13.3,9.1,9.75,9.75,151,217502723.75,37700,-390,2026-09-04
NIFTY,2026-09-29,25800.0,PE,0.0,0.0,0.0,1684.1,1815.44,0,0.0,20540,0,2026-09-04
NIFTY,2026-09-29,26100.0,PE,0.0,0.0,0.0,1712.15,2105.34,0,0.0,9360,0,2026-09-04
NIFTY,2026-11-23,23000.0,CE,1375.0,1406.55,1350.85,1360.0,1470.21,14,22184509.75,6760,325,2026-09-04
NIFTY,2026-11-23,22900.0,CE,1470.0,1470.0,1470.0,1470.0,1543.78,1,1584050.0,65,65,2026-09-04
NIFTY,2026-10-27,26450.0,CE,0.0,0.0,0.0,178.65,43.66,0,0.0,0,0,2026-09-04
NIFTY,2026-10-27,23600.0,CE,720.0,758.65,709.35,715.35,715.35,38,60108483.5,5915,390,2026-09-04
NIFTY,2026-09-29,23250.0,CE,0.0,0.0,0.0,826.25,870.32,0,0.0,390,0,2026-09-04
NIFTY,2026-09-08,25750.0,CE,0.75,0.75,0.45,0.5,0.5,6721,11249515670.25,181090,7865,2026-09-04
NIFTY,2026-09-29,26550.0,PE,0.0,0.0,0.0,2431.75,2547.58,0,0.0,0,0,2026-09-04
NIFTY,2026-09-08,25350.0,CE,1.05,1.05,0.55,0.6,0.6,21749,35837976603.0,375635,47645,2026-09-04
NIFTY,2031-06-24,22500.0,PE,0.0,0.0,0.0,663.6,518.33,0,0.0,0,0,2026-09-04
NIFTY,2026-09-29,23050.0,CE,0.0,0.0,0.0,1151.0,1029.27,0,0.0,260,0,2026-09-04
NIFTY,2026-09-15,23650.0,CE,385.55,450.0,378.75,388.4,388.4,374,584670212.75,11635,-1495,2026-09-04
NIFTY,2026-09-08,24800.0,CE,1.85,2.0,1.0,1.3,1.3,541918,873623454366.0,7116850,-644995,2026-09-04
NIFTY,2026-09-08,23250.0,CE,650.3,747.7,650.3,720.65,670.38,13,20260717.75,65,65,2026-09-04
NIFTY,2026-10-27,22500.0,PE,38.75,38.85,32.0,33.1,33.1,2981,4366344979.75,872300,42900,2026-09-04
NIFTY,2026-10-27,24100.0,PE,353.9,353.9,305.0,329.55,329.55,862,1368520874.5,159250,9035,2026-09-04
NIFTY,2026-10-27,26200.0,PE,0.0,0.0,0.0,2040.5,2119.91,0,0.0,0,0,2026-09-04
NIFTY,2026-11-23,22550.0,PE,0.0,0.0,0.0,121.55,154.21,0,0.0,0,0,2026-09-04
NIFTY,2027-03-30,25500.0,PE,1144.55,1148.3,1087.75,1118.7,1118.7,69,119388587.5,234520,-455,2026-09-04
NIFTY,2027-03-30,31500.0,PE,0.0,0.0,0.0,7066.15,6500.93,0,0.0,0,0,2026-09-04
NIFTY,2027-03-30,33000.0,PE,0.0,0.0,0.0,8415.45,7928.5,0,0.0,0,0,2026-09-04
NIFTY,2027-06-29,21000.0,PE,132.05,144.45,116.7,129.2,129.2,58,79665953.25,13680,2990,2026-09-04
NIFTY,2030-12-31,18000.0,PE,0.0,0.0,0.0,32.3,111.85,0,0.0,0,0,2026-09-04
NIFTY,2030-06-25,30000.0,PE,0.0,0.0,0.0,2100.85,2730.17,0,0.0,0,0,2026-09-04
NIFTY,2026-11-23,23100.0,CE,0.0,0.0,0.0,1793.9,1397.35,0,0.0,0,0,2026-09-04
NIFTY,2026-11-23,25250.0,CE,0.0,0.0,0.0,550.35,335.33,0,0.0,0,0,2026-09-04
NIFTY,2026-12-29,19000.0,CE,5408.7,5408.7,5260.0,5269.05,5269.05,41,64709320.0,58660,1625,2026-09-04
NIFTY,2026-09-29,21800.0,PE,8.2,9.4,8.2,8.5,8.5,657,931339652.75,145730,1690,2026-09-04
NIFTY,2026-09-22,22500.0,PE,10.35,10.35,6.2,6.65,6.65,987,1443963560.0,58370,24765,2026-09-04
NIFTY,2026-09-15,25000.0,PE,1019.05,1022.9,945.0,1005.4,1005.4,215,363289602.0,19175,5590,2026-09-04
NIFTY,2026-09-15,24600.0,PE,629.6,631.05,552.95,614.0,614.0,305,499293879.5,33215,9555,2026-09-04
NIFTY,2026-09-15,24200.0,PE,313.85,313.85,233.05,272.1,272.1,19439,30907308220.75,473525,-75790,2026-09-04
NIFTY,2026-09-15,23700.0,PE,69.0,72.0,47.1,53.05,53.05,38814,59935157321.0,779025,129220,2026-09-04
NIFTY,2026-09-15,23650.0,PE,54.95,60.55,39.4,44.0,44.0,23650,36427930240.0,278395,1560,2026-09-04
NIFTY,2026-09-15,22750.0,PE,5.0,5.4,4.0,4.25,4.25,1686,2493693891.0,60320,21320,2026-09-04
NIFTY,2026-09-15,22350.0,PE,3.95,4.1,3.05,3.6,3.6,941,1367266641.0,192270,455,2026-09-04
NIFTY,2026-09-15,22300.0,PE,3.85,4.0,3.1,3.5,3.5,4515,6545546985.25,180050,54795,2026-09-04
NIFTY,2026-09-08,25350.0,PE,0.0,0.0,0.0,1218.0,1435.88,0,0.0,780,0,2026-09-04
NIFTY,2030-12-31,31500.0,CE,0.0,0.0,0.0,4554.55,3180.95,0,0.0,0,0,2026-09-04
NIFTY,2028-12-26,33000.0,CE,0.0,0.0,0.0,2477.5,881.23,0,0.0,0,0,2026-09-04
NIFTY,2026-11-23,25450.0,CE,0.0,0.0,0.0,479.65,284.76,0,0.0,0,0,2026-09-04
NIFTY,2026-11-23,25150.0,CE,0.0,0.0,0.0,588.45,363.78,0,0.0,0,0,2026-09-04
NIFTY,2026-11-23,24800.0,CE,228.0,249.0,223.45,227.5,227.5,201,327096539.25,24570,2990,2026-09-04
NIFTY,2026-11-23,23050.0,CE,0.0,0.0,0.0,1832.8,1433.55,0,0.0,0,0,2026-09-04
NIFTY,2026-11-23,22700.0,CE,0.0,0.0,0.0,2115.1,1698.01,0,0.0,0,0,2026-09-04
NIFTY,2026-10-27,25350.0,CE,0.0,0.0,0.0,417.4,175.06,0,0.0,0,0,2026-09-04
NIFTY,2026-10-27,25200.0,CE,52.0,57.55,48.4,49.5,49.5,2622,4303716043.25,304200,-10205,2026-09-04
NIFTY,2026-10-06,23200.0,CE,0.0,0.0,0.0,1120.5,975.6,0,0.0,0,0,2026-09-04
NIFTY,2026-10-06,22850.0,CE,0.0,0.0,0.0,1410.45,1257.5,0,0.0,0,0,2026-09-04
NIFTY,2026-10-06,22750.0,CE,0.0,0.0,0.0,1497.8,1343.17,0,0.0,0,0,2026-09-04
NIFTY,2026-09-29,24900.0,CE,24.3,27.45,20.7,21.45,21.45,10958,17752837973.0,983580,-57980,2026-09-04
NIFTY,2026-09-29,23800.0,CE,388.0,443.0,373.7,387.7,387.7,10746,16908408097.75,554190,-87100,2026-09-04
NIFTY,2026-09-29,22500.0,CE,1560.0,1616.7,1540.7,1565.75,1565.75,185,289471552.5,523250,-585,2026-09-04
NIFTY,2026-09-29,26600.0,PE,0.0,0.0,0.0,2474.55,2597.03,0,0.0,0,0,2026-09-04
NIFTY,2026-10-06,22150.0,PE,0.0,0.0,0.0,17.6,18.86,0,0.0,0,0,2026-09-04
NIFTY,2026-10-06,23000.0,PE,40.3,40.3,32.2,33.65,33.65,232,347376354.0,17225,8190,2026-09-04
NIFTY,2026-10-06,23250.0,PE,0.0,0.0,0.0,141.3,159.33,0,0.0,0,0,2026-09-04
NIFTY,2026-10-06,23550.0,PE,0.0,0.0,0.0,218.45,247.15,0,0.0,0,0,2026-09-04
NIFTY,2026-09-29,21800.0,CE,0.0,0.0,0.0,2150.0,2189.5,0,0.0,130,0,2026-09-04
NIFTY,2026-09-22,25300.0,CE,0.0,0.0,0.0,151.5,24.28,0,0.0,0,0,2026-09-04
NIFTY,2026-09-22,24000.0,CE,219.0,253.1,202.45,207.95,207.95,9240,14548461941.0,325390,148915,2026-09-04
NIFTY,2026-09-22,22900.0,CE,0.0,0.0,0.0,1459.55,1103.73,0,0.0,0,0,2026-09-04
NIFTY,2026-09-22,22350.0,CE,0.0,0.0,0.0,1959.05,1620.47,0,0.0,0,0,2026-09-04
NIFTY,2026-09-15,26200.0,CE,0.95,0.95,0.85,0.9,0.9,948,1614499760.25,64090,-9360,2026-09-04
NIFTY,2026-09-15,24450.0,CE,20.7,31.5,17.55,18.95,18.95,25516,40588135711.5,591175,394875,2026-09-04
NIFTY,2026-09-08,26150.0,CE,0.55,0.6,0.4,0.45,0.45,1444,2454482988.75,46800,7670,2026-09-04
NIFTY,2026-09-08,25250.0,CE,1.0,1.15,0.65,0.7,0.7,29863,49014260828.0,364455,-9555,2026-09-04
NIFTY,2026-09-08,23300.0,CE,661.25,731.2,651.0,664.1,664.1,486,757937810.5,25935,-4875,2026-09-04
NIFTY,2026-09-08,22350.0,CE,1621.25,1665.45,1611.85,1629.9,1562.2,56,87295110.5,585,260,2026-09-04
NIFTY,2026-10-06,23750.0,PE,0.0,0.0,0.0,284.6,321.98,0,0.0,0,0,2026-09-04
NIFTY,2026-09-22,24250.0,PE,340.05,350.05,294.35,312.4,499.6,31,49497298.5,14105,65,2026-09-04
NIFTY,2026-10-06,25700.0,PE,0.0,0.0,0.0,1563.65,1699.12,0,0.0,0,0,2026-09-04
NIFTY,2026-10-27,22800.0,PE,56.05,57.45,47.35,50.0,50.0,729,1082836582.75,49140,18655,2026-09-04
NIFTY,2026-10-27,26250.0,PE,0.0,0.0,0.0,2081.05,2165.45,0,0.0,0,0,2026-09-04
NIFTY,2026-10-27,26300.0,PE,0.0,0.0,0.0,2121.9,2211.21,0,0.0,0,0,2026-09-04
NIFTY,2026-10-27,26400.0,PE,0.0,0.0,0.0,2204.4,2303.38,0,0.0,0,0,2026-09-04
NIFTY,2026-11-23,22700.0,PE,79.1,79.1,71.85,75.3,75.3,89,131753921.0,22880,3380,2026-09-04
NIFTY,2026-11-23,23250.0,PE,0.0,0.0,0.0,249.65,317.34,0,0.0,0,0,2026-09-04
NIFTY,2026-11-23,23800.0,PE,310.1,310.1,261.0,273.45,273.45,164,256599918.25,39195,3185,2026-09-04
NIFTY,2026-12-29,19500.0,PE,23.75,25.75,23.25,24.6,24.6,273,346458459.75,159055,3705,2026-09-04
NIFTY,2026-12-29,22500.0,PE,123.5,123.75,102.0,107.15,107.15,3442,5057850365.75,1235910,-13780,2026-09-04
NIFTY,2027-03-30,22500.0,PE,219.8,223.9,188.0,195.9,195.9,1048,1545908201.5,685035,-715,2026-09-04
NIFTY,2028-06-27,28500.0,PE,0.0,0.0,0.0,1560.85,2921.19,0,0.0,0,0,2026-09-04
NIFTY,2028-12-26,31500.0,PE,0.0,0.0,0.0,2673.4,4420.03,0,0.0,0,0,2026-09-04
NIFTY,2029-12-24,22500.0,PE,0.0,0.0,0.0,225.7,563.37,0,0.0,0,0,2026-09-04
NIFTY,2031-06-24,31500.0,PE,0.0,0.0,0.0,3185.85,2893.96,0,0.0,0,0,2026-09-04
NIFTY,2026-09-29,25600.0,PE,1499.2,1526.95,1499.2,1526.95,1625.95,2,3524699.75,32305,0,2026-09-04
NIFTY,2026-09-29,23650.0,PE,119.0,119.4,90.1,99.3,99.3,1460,2253976588.5,129415,2405,2026-09-04
NIFTY,2026-09-29,23350.0,PE,61.9,63.4,45.0,49.5,49.5,2479,3770773155.5,134615,12675,2026-09-04
NIFTY,2026-10-27,22850.0,PE,0.0,0.0,0.0,250.85,145.48,0,0.0,0,0,2026-09-04
NIFTY,2026-10-06,24850.0,PE,0.0,0.0,0.0,877.55,975.24,0,0.0,0,0,2026-09-04
NIFTY,2026-10-06,24550.0,PE,0.0,0.0,0.0,677.9,758.51,0,0.0,0,0,2026-09-04
NIFTY,2026-10-06,23450.0,PE,0.0,0.0,0.0,189.85,214.69,0,0.0,0,0,2026-09-04
NIFTY,2026-10-06,22550.0,PE,0.0,0.0,0.0,41.25,45.47,0,0.0,0,0,2026-09-04
NIFTY,2026-09-29,24850.0,PE,0.0,0.0,0.0,871.0,966.48,0,0.0,14040,0,2026-09-04
NIFTY,2026-09-29,22800.0,PE,22.5,23.2,16.6,16.9,16.9,5549,8230508390.0,604825,-41340,2026-09-04
NIFTY,2026-09-29,22400.0,PE,13.0,13.45,10.85,11.15,11.15,711,1035767986.5,85475,6175,2026-09-04
NIFTY,2026-09-29,22000.0,PE,10.1,10.25,9.1,9.3,9.3,20390,29170529534.25,3153085,505440,2026-09-04
NIFTY,2026-09-22,25350.0,PE,0.0,0.0,0.0,1190.0,1399.77,0,0.0,0,0,2026-09-04
NIFTY,2026-09-22,24650.0,PE,0.0,0.0,0.0,689.35,785.71,0,0.0,0,0,2026-09-04
NIFTY,2026-09-22,24400.0,PE,450.05,456.25,395.65,433.45,433.45,282,454960083.5,23270,13715,2026-09-04
NIFTY,2026-09-22,23650.0,PE,91.4,91.4,69.45,75.2,75.2,352,542867422.5,10790,7540,2026-09-04
NIFTY,2026-09-15,25550.0,PE,0.0,0.0,0.0,1105.5,1608.96,0,0.0,0,0,2026-09-04
NIFTY,2026-09-08,24400.0,PE,468.95,468.95,377.95,442.15,442.15,12403,20008371272.5,480155,-65910,2026-09-04
NIFTY,2026-09-08,23900.0,PE,78.0,87.4,47.4,59.85,59.85,7170241,11168144885940.25,11118835,4181255,2026-09-04
NIFTY,2026-09-08,23700.0,PE,34.0,39.9,12.0,15.6,15.6,2127416,3279914485662.75,7742345,1745900,2026-09-04
NIFTY,2026-09-08,23200.0,PE,3.25,3.5,1.8,2.4,2.4,544636,821414357744.5,4777695,988975,2026-09-04
NIFTY,2028-06-27,31500.0,CE,0.0,0.0,0.0,1784.8,742.88,0,0.0,0,0,2026-09-04
NIFTY,2026-11-23,24450.0,CE,371.85,383.8,366.6,368.4,368.4,10,16134027.0,1560,-130,2026-09-04
NIFTY,2026-11-23,22650.0,CE,0.0,0.0,0.0,2156.8,1737.6,0,0.0,0,0,2026-09-04
NIFTY,2026-10-27,26300.0,CE,0.0,0.0,0.0,202.25,53.71,0,0.0,0,0,2026-09-04
NIFTY,2026-10-06,25250.0,CE,0.0,0.0,0.0,133.2,89.1,0,0.0,0,0,2026-09-04
NIFTY,2026-10-06,24900.0,CE,0.0,0.0,0.0,212.9,151.61,0,0.0,0,0,2026-09-04
NIFTY,2026-10-06,24700.0,CE,125.5,278.3,125.5,278.3,200.35,6,9721705.5,390,390,2026-09-04
NIFTY,2026-10-06,22450.0,CE,0.0,0.0,0.0,1769.15,1611.02,0,0.0,0,0,2026-09-04
NIFTY,2026-09-29,26100.0,CE,3.95,4.35,3.6,3.9,3.9,180,305415347.25,17160,-3640,2026-09-04
NIFTY,2026-09-29,25750.0,CE,5.0,6.8,5.0,5.65,19.62,33,55247279.75,7085,520,2026-09-04
NIFTY,2026-09-29,23950.0,CE,297.05,342.4,287.95,294.3,294.3,5248,8276346260.0,202800,21580,2026-09-04
NIFTY,2026-09-29,22350.0,CE,0.0,0.0,0.0,1660.0,1656.01,0,0.0,260,0,2026-09-04
NIFTY,2026-09-29,22200.0,CE,1900.0,1900.0,1830.0,1850.0,1850.0,3,4693000.0,195,-65,2026-09-04
NIFTY,2026-09-29,21900.0,CE,0.0,0.0,0.0,2400.0,2091.25,0,0.0,585,0,2026-09-04
NIFTY,2026-09-29,21700.0,CE,0.0,0.0,0.0,2580.0,2288.09,0,0.0,65,0,2026-09-04
NIFTY,2026-09-29,18000.0,CE,0.0,0.0,0.0,5945.75,5970.54,0,0.0,1365,0,2026-09-04
NIFTY,2026-09-22,24700.0,CE,23.4,28.05,18.05,19.3,19.3,4313,6930967797.0,133575,-12870,2026-09-04
NIFTY,2026-09-22,23900.0,CE,208.0,316.65,208.0,265.95,265.95,4980,7828042101.75,146705,19630,2026-09-04
NIFTY,2026-09-22,22700.0,CE,0.0,0.0,0.0,1636.35,1286.56,0,0.0,0,0,2026-09-04
NIFTY,2026-09-15,25000.0,CE,4.65,5.0,3.2,3.45,3.45,60296,97995619621.25,3042780,740220,2026-09-04
NIFTY,2026-09-15,23900.0,CE,210.3,257.75,195.45,203.65,203.65,61497,96421325799.5,721305,34840,2026-09-04
NIFTY,2026-09-15,22800.0,CE,0.0,0.0,0.0,1263.8,1148.65,0,0.0,65,0,2026-09-04
NIFTY,2026-09-15,22700.0,CE,0.0,0.0,0.0,1363.45,1245.04,0,0.0,65,0,2026-09-04
NIFTY,2026-09-08,24750.0,CE,2.25,2.35,1.1,1.35,1.35,293014,471416860671.25,2685085,965835,2026-09-04
NIFTY,2026-09-08,23150.0,CE,869.0,869.05,798.1,826.1,826.1,15,23391800.25,910,130,2026-09-04
NIFTY,2026-09-08,22950.0,CE,1051.0,1075.8,1017.0,1020.0,1020.0,10,15592050.5,195,-65,2026-09-04
NIFTY,2026-11-23,22900.0,PE,0.0,0.0,0.0,176.95,225.12,0,0.0,0,0,2026-09-04
NIFTY,2026-11-23,24200.0,PE,430.7,438.5,400.05,423.6,423.6,116,185614877.5,16705,3055,2026-09-04
NIFTY,2026-11-23,24700.0,PE,0.0,0.0,0.0,704.5,971.14,0,0.0,2015,0,2026-09-04
NIFTY,2026-12-29,15000.0,PE,9.0,9.35,7.5,9.35,9.35,18,17559577.75,120430,650,2026-09-04
NIFTY,2027-06-29,25500.0,PE,0.0,0.0,0.0,667.15,1537.89,0,0.0,0,0,2026-09-04
NIFTY,2027-12-28,15000.0,PE,0.0,0.0,0.0,21.7,1.26,0,0.0,755,0,2026-09-04
NIFTY,2027-12-28,21000.0,PE,222.0,228.0,206.0,223.0,223.0,36,49654595.25,36670,65,2026-09-04
NIFTY,2027-12-28,33000.0,PE,0.0,0.0,0.0,4155.55,6648.35,0,0.0,0,0,2026-09-04
NIFTY,2029-06-26,26000.0,PE,0.0,0.0,0.0,1650.0,1484.75,0,0.0,50,0,2026-09-04
NIFTY,2029-12-24,30000.0,PE,0.0,0.0,0.0,2500.0,2959.89,0,0.0,390,0,2026-09-04
NIFTY,2030-06-25,27000.0,PE,0.0,0.0,0.0,1286.05,1618.9,0,0.0,0,0,2026-09-04
NIFTY,2030-06-25,33000.0,PE,0.0,0.0,0.0,3143.9,4138.4,0,0.0,0,0,2026-09-04
NIFTY,2030-12-31,33000.0,PE,0.0,0.0,0.0,2387.3,3794.51,0,0.0,0,0,2026-09-04
NIFTY,2026-10-27,25450.0,PE,0.0,0.0,0.0,1058.8,1471.65,0,0.0,130,0,2026-09-04
NIFTY,2027-03-30,24000.0,PE,507.4,507.4,472.0,493.1,493.1,1401,2229978344.75,966225,30485,2026-09-04
NIFTY,2027-06-29,33000.0,PE,0.0,0.0,0.0,4691.7,7459.4,0,0.0,0,0,2026-09-04
NIFTY,2026-11-23,23650.0,PE,0.0,0.0,0.0,356.9,452.8,0,0.0,0,0,2026-09-04
NIFTY,2026-10-27,25100.0,PE,1015.7,1015.7,928.1,928.1,1199.67,4,6775671.5,5525,-65,2026-09-04
NIFTY,2026-10-06,25400.0,PE,0.0,0.0,0.0,1304.85,1429.07,0,0.0,0,0,2026-09-04
NIFTY,2026-10-06,24050.0,PE,407.6,407.6,267.2,267.2,459.95,2,3170362.0,65,65,2026-09-04
NIFTY,2026-10-06,23600.0,PE,124.35,124.4,98.5,106.05,106.05,79,121727833.5,4485,1300,2026-09-04
NIFTY,2026-10-06,23100.0,PE,0.0,0.0,0.0,111.4,125.26,0,0.0,0,0,2026-09-04
NIFTY,2026-09-29,34500.0,PE,0.0,0.0,0.0,7064.95,10462.69,0,0.0,0,0,2026-09-04
NIFTY,2026-09-29,33000.0,PE,0.0,0.0,0.0,6552.15,8968.76,0,0.0,0,0,2026-09-04
NIFTY,2026-09-29,27150.0,PE,0.0,0.0,0.0,2959.15,3142.92,0,0.0,0,0,2026-09-04
NIFTY,2026-09-29,27000.0,PE,2919.3,2957.15,2876.2,2946.0,2946.0,636,1237314321.75,1549175,-7215,2026-09-04
NIFTY,2026-09-29,25200.0,PE,1172.5,1173.3,1096.2,1152.7,1152.7,78,133535307.75,100360,-2730,2026-09-04
NIFTY,2026-09-29,24450.0,PE,496.0,504.85,435.1,477.05,477.05,93,150581986.75,101010,325,2026-09-04
NIFTY,2026-09-29,23850.0,PE,172.55,179.5,140.0,155.95,155.95,2721,4245904744.25,178685,24050,2026-09-04
NIFTY,2026-09-29,23100.0,PE,47.4,47.4,27.45,28.45,28.45,7309,10989330881.75,639535,-82355,2026-09-04
NIFTY,2026-09-22,24850.0,PE,0.0,0.0,0.0,818.9,949.51,0,0.0,0,0,2026-09-04
NIFTY,2026-09-22,23600.0,PE,88.2,88.2,59.45,65.7,65.7,2913,4481327555.25,124865,34645,2026-09-04
NIFTY,2026-09-22,22800.0,PE,12.65,12.7,8.85,9.45,9.45,956,1417439400.0,48880,17485,2026-09-04
NIFTY,2026-09-15,24250.0,PE,325.15,340.7,266.25,306.1,306.1,1094,1745697645.25,55250,-5850,2026-09-04
NIFTY,2026-09-15,23400.0,PE,27.05,27.05,15.55,16.55,16.55,39527,60169198183.25,1264640,289120,2026-09-04
NIFTY,2026-09-15,23100.0,PE,9.95,10.45,6.55,7.05,7.05,23445,35214928287.5,388115,-19110,2026-09-04
NIFTY,2029-12-24,15000.0,PE,0.0,0.0,0.0,29.0,16.32,0,0.0,65,0,2026-09-04
NIFTY,2029-12-24,31500.0,PE,0.0,0.0,0.0,2240.25,3699.4,0,0.0,0,0,2026-09-04
NIFTY,2026-09-08,24550.0,PE,598.95,609.25,523.65,592.45,592.45,2603,4251440219.0,65195,6175,2026-09-04
NIFTY,2026-09-08,24300.0,PE,375.55,375.55,286.0,344.1,344.1,86079,137786352912.0,1111110,-31980,2026-09-04
NIFTY,2026-09-08,24200.0,PE,264.05,282.35,202.7,251.5,251.5,351020,557581675608.75,2004795,-615615,2026-09-04
NIFTY,2026-09-08,23600.0,PE,12.25,22.25,6.6,7.95,7.95,1432847,2198962371329.75,8273980,28080,2026-09-04
NIFTY,2031-06-24,24000.0,CE,0.0,0.0,0.0,7181.9,7041.98,0,0.0,0,0,2026-09-04
NIFTY,2030-06-25,16500.0,CE,0.0,0.0,0.0,13374.05,11036.07,0,0.0,0,0,2026-09-04
NIFTY,2028-12-26,27000.0,CE,2100.05,2250.0,2100.05,2250.0,2612.22,33,62687296.75,2795,1625,2026-09-04
NIFTY,2028-12-26,25500.0,CE,0.0,0.0,0.0,3800.0,3312.61,0,0.0,0,0,2026-09-04
NIFTY,2028-06-27,21000.0,CE,0.0,0.0,0.0,5226.55,5499.34,0,0.0,0,0,2026-09-04
NIFTY,2028-06-27,19500.0,CE,0.0,0.0,0.0,9209.1,6679.81,0,0.0,0,0,2026-09-04
NIFTY,2027-03-30,18000.0,CE,0.0,0.0,0.0,5643.55,6546.25,0,0.0,0,0,2026-09-04
NIFTY,2026-12-29,28000.0,CE,20.75,20.95,15.85,16.15,16.15,4630,8432065846.75,1675210,76945,2026-09-04
NIFTY,2026-12-29,19500.0,CE,0.0,0.0,0.0,7586.85,4796.83,0,0.0,0,0,2026-09-04
NIFTY,2026-12-29,16500.0,CE,0.0,0.0,0.0,10405.0,7731.97,0,0.0,0,0,2026-09-04
NIFTY,2026-11-23,23650.0,CE,0.0,0.0,0.0,1392.8,1031.98,0,0.0,0,0,2026-09-04
NIFTY,2026-11-23,23300.0,CE,0.0,0.0,0.0,1642.3,1256.76,0,0.0,0,0,2026-09-04
NIFTY,2026-10-27,25500.0,CE,29.75,30.65,25.85,26.55,26.55,5267,8739776071.0,959075,14170,2026-09-04
NIFTY,2026-10-27,22400.0,CE,0.0,0.0,0.0,2083.15,1782.69,0,0.0,0,0,2026-09-04
NIFTY,2026-10-06,25150.0,CE,0.0,0.0,0.0,153.05,104.29,0,0.0,0,0,2026-09-04
NIFTY,2026-10-06,25050.0,CE,0.0,0.0,0.0,175.2,121.53,0,0.0,0,0,2026-09-04
NIFTY,2026-10-06,23550.0,CE,0.0,0.0,0.0,860.25,727.44,0,0.0,0,0,2026-09-04
NIFTY,2026-09-29,27150.0,CE,0.0,0.0,0.0,1.35,0.48,0,0.0,7735,0,2026-09-04
NIFTY,2026-09-29,25600.0,CE,6.9,6.9,5.5,5.95,5.95,2027,3373740717.75,283530,-2665,2026-09-04
NIFTY,2026-09-29,25400.0,CE,9.1,9.1,6.95,7.25,7.25,3658,6041228739.0,559520,24960,2026-09-04
NIFTY,2026-09-29,24250.0,CE,140.35,178.95,140.35,147.2,147.2,4997,7927937186.0,379795,14235,2026-09-04
NIFTY,2026-09-22,25800.0,CE,3.15,3.15,2.3,2.9,2.9,9,15094699.75,4810,65,2026-09-04
NIFTY,2026-09-22,25100.0,CE,7.85,8.45,5.45,6.0,6.0,826,1347979574.5,69420,5395,2026-09-04
NIFTY,2026-09-15,26100.0,CE,0.8,1.1,0.8,1.0,1.0,448,760059686.75,10465,-1235,2026-09-04
NIFTY,2026-09-15,25650.0,CE,1.25,1.4,1.05,1.25,1.25,751,1252165395.0,46150,13455,2026-09-04
NIFTY,2026-09-15,23350.0,CE,666.7,698.5,654.0,662.3,662.3,12,18739259.5,195,130,2026-09-04
NIFTY,2026-09-08,24350.0,CE,9.9,12.3,3.8,4.9,4.9,830438,1314778082507.5,4600960,281255,2026-09-04
NIFTY,2026-11-23,24350.0,PE,496.0,496.0,488.55,488.55,771.97,2,3229495.75,4290,0,2026-09-04
NIFTY,2026-12-29,13000.0,PE,0.0,0.0,0.0,5.15,0.0,0,0.0,7680,0,2026-09-04
NIFTY,2026-09-08,25200.0,CE,1.0,1.2,0.7,0.75,0.75,219419,359420520251.0,3376555,-909740,2026-09-04
NIFTY,2026-09-15,23750.0,CE,319.55,367.0,298.6,307.9,307.9,1712,2679099592.0,33995,-585,2026-09-04
NIFTY,2026-09-15,23950.0,CE,182.05,224.0,165.4,174.3,174.3,34463,54075248545.5,294385,-98020,2026-09-04
NIFTY,2026-09-15,24800.0,CE,7.45,7.45,4.2,4.6,4.6,40830,65831783507.75,901355,241085,2026-09-04
NIFTY,2026-09-22,22650.0,CE,0.0,0.0,0.0,1681.55,1333.34,0,0.0,0,0,2026-09-04
NIFTY,2026-09-22,25600.0,CE,3.2,4.0,3.0,3.25,3.25,177,294566795.25,43485,3705,2026-09-04
NIFTY,2026-09-29,22900.0,CE,1200.0,1200.0,1160.25,1162.0,1162.0,4,6260403.5,4225,0,2026-09-04
NIFTY,2026-09-29,24450.0,CE,92.0,106.5,82.0,84.4,84.4,2115,3373907124.25,195195,8320,2026-09-04
NIFTY,2026-09-29,24650.0,CE,58.75,58.75,44.35,46.2,46.2,2838,4556342030.5,273455,12480,2026-09-04
NIFTY,2026-09-29,26350.0,CE,0.0,0.0,0.0,2.5,4.62,0,0.0,5525,0,2026-09-04
NIFTY,2026-09-29,26500.0,CE,2.9,2.9,2.3,2.5,2.5,3344,5760607144.5,935870,16575,2026-09-04
NIFTY,2026-09-29,26650.0,CE,2.0,2.0,2.0,2.0,2.07,4,6929520.0,455,0,2026-09-04
NIFTY,2026-10-06,22950.0,CE,0.0,0.0,0.0,1324.95,1173.94,0,0.0,0,0,2026-09-04
NIFTY,2026-10-06,23400.0,CE,0.0,0.0,0.0,968.7,829.1,0,0.0,0,0,2026-09-04
NIFTY,2026-10-06,24600.0,CE,0.0,0.0,0.0,307.2,229.0,0,0.0,0,0,2026-09-04
NIFTY,2026-10-27,22100.0,CE,0.0,0.0,0.0,2334.2,2050.69,0,0.0,0,0,2026-09-04
NIFTY,2026-10-27,26850.0,CE,0.0,0.0,0.0,7.7,24.45,0,0.0,1495,0,2026-09-04
NIFTY,2026-12-29,22500.0,CE,2002.65,2035.0,2000.0,2007.0,2063.34,10,15932468.5,17160,195,2026-09-04
NIFTY,2026-12-29,30000.0,CE,8.35,9.2,8.05,8.3,8.3,396,772417961.25,807455,-5695,2026-09-04
NIFTY,2027-06-29,19000.0,CE,0.0,0.0,0.0,7800.0,5899.96,0,0.0,75,0,2026-09-04
NIFTY,2029-06-26,30000.0,CE,0.0,0.0,0.0,5268.4,2080.05,0,0.0,0,0,2026-09-04
NIFTY,2030-06-25,27000.0,CE,0.0,0.0,0.0,6972.5,4388.84,0,0.0,0,0,2026-09-04
NIFTY,2030-12-31,30000.0,CE,0.0,0.0,0.0,5227.2,3709.57,0,0.0,0,0,2026-09-04
NIFTY,2031-06-24,27000.0,CE,0.0,0.0,0.0,5699.0,5502.7,0,0.0,0,0,2026-09-04
NIFTY,2026-09-08,25800.0,PE,1780.0,1780.0,1770.0,1770.0,1885.57,2,3584750.0,520,-130,2026-09-04
NIFTY,2026-09-15,22550.0,PE,3.9,4.55,3.3,3.75,3.75,378,554153804.75,14950,7670,2026-09-04
NIFTY,2026-09-15,23750.0,PE,92.6,92.6,56.0,64.3,64.3,15913,24634343428.5,242775,82420,2026-09-04
NIFTY,2026-09-15,24700.0,PE,724.4,724.4,646.0,700.45,700.45,139,229396953.5,19435,1820,2026-09-04
NIFTY,2026-09-15,25800.0,PE,1770.0,1770.0,1740.0,1740.0,1857.05,3,5374200.0,195,195,2026-09-04
NIFTY,2026-09-22,22200.0,PE,0.0,0.0,0.0,17.95,4.52,0,0.0,0,0,2026-09-04
NIFTY,2026-09-22,22300.0,PE,6.05,7.5,5.55,5.95,5.95,274,397275242.0,16185,11245,2026-09-04
NIFTY,2026-09-22,24100.0,PE,261.0,269.95,210.5,235.55,235.55,2003,3167614313.5,105560,42835,2026-09-04
NIFTY,2026-09-22,26000.0,PE,0.0,0.0,0.0,1748.6,2029.82,0,0.0,0,0,2026-09-04
NIFTY,2026-09-29,21750.0,PE,8.85,8.85,7.2,8.1,8.1,36,50914727.5,6500,-130,2026-09-04
NIFTY,2026-09-29,22900.0,PE,25.0,26.8,19.35,19.8,19.8,2647,3943792261.5,411515,-1755,2026-09-04
NIFTY,2026-09-15,22350.0,CE,0.0,0.0,0.0,2265.3,1588.93,0,0.0,0,0,2026-09-04
NIFTY,2026-09-29,23550.0,PE,94.25,96.25,71.85,78.9,78.9,2968,4558767326.75,164125,21385,2026-09-04
NIFTY,2026-09-29,24800.0,PE,802.05,802.05,715.0,770.8,770.8,165,274047995.0,366860,-2860,2026-09-04
NIFTY,2026-09-29,26800.0,PE,0.0,0.0,0.0,2222.1,2795.21,0,0.0,1365,0,2026-09-04
NIFTY,2026-10-06,22100.0,PE,22.5,22.5,22.5,22.5,16.74,1,1437962.5,65,65,2026-09-04
NIFTY,2026-10-06,22700.0,PE,22.0,22.0,21.1,21.1,61.24,2,2953801.5,65,0,2026-09-04
NIFTY,2026-10-27,24300.0,PE,442.55,447.85,396.7,426.5,426.5,605,972353404.75,179530,1690,2026-09-04
NIFTY,2026-10-27,25200.0,PE,1055.0,1055.6,1037.8,1037.8,1274.42,21,35833414.5,12415,0,2026-09-04
NIFTY,2026-11-23,22150.0,PE,0.0,0.0,0.0,75.95,95.63,0,0.0,0,0,2026-09-04
NIFTY,2026-11-23,23300.0,PE,0.0,0.0,0.0,261.6,332.49,0,0.0,0,0,2026-09-04
NIFTY,2026-11-23,23950.0,PE,312.45,329.65,312.45,322.4,322.4,31,48903754.25,1690,1105,2026-09-04
NIFTY,2026-11-23,24050.0,PE,372.7,375.85,361.25,361.25,361.25,10,15874238.25,1235,585,2026-09-04
NIFTY,2026-11-23,25450.0,PE,0.0,0.0,0.0,1217.0,1480.36,0,0.0,0,0,2026-09-04
NIFTY,2026-11-23,25700.0,PE,0.0,0.0,0.0,1384.75,1670.57,0,0.0,0,0,2026-09-04
NIFTY,2027-12-28,25000.0,PE,970.05,970.05,864.05,881.5,881.5,502,844569430.25,121940,20475,2026-09-04
NIFTY,2029-06-26,24000.0,PE,0.0,0.0,0.0,825.0,894.24,0,0.0,155,0,2026-09-04
NIFTY,2030-12-31,21000.0,PE,0.0,0.0,0.0,450.0,342.37,0,0.0,845,0,2026-09-04
NIFTY,2026-09-08,23350.0,CE,613.9,674.5,602.25,615.05,615.05,205,319577011.0,7995,195,2026-09-04
NIFTY,2026-09-08,23950.0,CE,116.0,146.0,84.15,94.15,94.15,4671934,7307225674690.5,7470060,1557985,2026-09-04
NIFTY,2026-09-08,24200.0,CE,19.9,33.65,13.05,15.1,15.1,2877335,4530325058047.75,11718525,-68575,2026-09-04
NIFTY,2026-10-06,24650.0,PE,0.0,0.0,0.0,741.5,827.83,0,0.0,0,0,2026-09-04
NIFTY,2026-10-06,25650.0,PE,0.0,0.0,0.0,1519.5,1653.28,0,0.0,0,0,2026-09-04
NIFTY,2026-10-27,23600.0,PE,179.45,180.65,150.0,163.75,163.75,860,1328295826.0,151710,5330,2026-09-04
NIFTY,2026-11-23,25600.0,PE,0.0,0.0,0.0,1316.4,1593.01,0,0.0,0,0,2026-09-04
NIFTY,2026-11-23,23500.0,PE,207.75,208.1,182.05,193.95,193.95,1549,2385545805.5,157625,16575,2026-09-04
NIFTY,2031-06-24,21000.0,CE,0.0,0.0,0.0,8900.75,8823.96,0,0.0,0,0,2026-09-04
NIFTY,2026-09-08,24250.0,PE,307.55,325.25,243.25,296.15,296.15,56029,89343091656.0,427635,-2145,2026-09-04
NIFTY,2026-11-23,23500.0,CE,946.9,992.65,882.45,944.15,944.15,101,160601632.75,56810,-715,2026-09-04
NIFTY,2026-10-27,27050.0,PE,0.0,0.0,0.0,2764.35,2918.56,0,0.0,0,0,2026-09-04
NIFTY,2026-09-08,25400.0,PE,1438.0,1438.0,1380.0,1436.45,1436.45,8,13946640.5,16315,0,2026-09-04
NIFTY,2029-12-24,22500.0,CE,0.0,0.0,0.0,8486.15,6276.85,0,0.0,0,0,2026-09-04
NIFTY,2028-06-27,25500.0,CE,0.0,0.0,0.0,4676.6,2659.21,0,0.0,0,0,2026-09-04
NIFTY,2026-11-23,25600.0,CE,0.0,0.0,0.0,431.25,249.51,0,0.0,0,0,2026-09-04
NIFTY,2026-09-15,22400.0,PE,4.05,4.2,3.4,3.7,3.7,2408,3506638677.75,241995,20605,2026-09-04
NIFTY,2026-11-23,22950.0,CE,0.0,0.0,0.0,1911.7,1506.31,0,0.0,0,0,2026-09-04
NIFTY,2026-10-27,27000.0,CE,5.9,6.2,4.4,4.65,4.65,2225,3905582170.75,378820,34255,2026-09-04
NIFTY,2026-10-27,25100.0,CE,64.95,71.45,60.6,61.55,61.55,1827,2988509078.75,176540,-14235,2026-09-04
NIFTY,2026-10-27,24250.0,CE,315.95,343.3,310.8,311.95,311.95,80,127791966.25,13325,-130,2026-09-04
NIFTY,2026-10-06,24000.0,CE,314.0,356.95,306.65,311.75,311.75,288,455501751.25,14885,1560,2026-09-04
NIFTY,2026-10-06,23300.0,CE,0.0,0.0,0.0,1042.85,901.81,0,0.0,0,0,2026-09-04
NIFTY,2026-10-06,22800.0,CE,0.0,0.0,0.0,1453.9,1300.08,0,0.0,0,0,2026-09-04
NIFTY,2026-09-29,26250.0,CE,3.05,4.0,3.05,3.05,3.05,3,5119406.5,65,65,2026-09-04
NIFTY,2026-10-06,25100.0,PE,0.0,0.0,0.0,1063.1,1173.63,0,0.0,0,0,2026-09-04
NIFTY,2026-09-29,24350.0,CE,103.0,139.5,103.0,111.3,111.3,3496,5560902308.0,491400,15990,2026-09-04
NIFTY,2026-09-29,23900.0,CE,312.55,373.95,310.6,322.05,322.05,18332,28884617628.75,520065,-97305,2026-09-04
NIFTY,2026-09-29,21950.0,CE,0.0,0.0,0.0,2130.0,2042.27,0,0.0,130,0,2026-09-04
NIFTY,2026-09-29,21600.0,CE,2440.0,2459.0,2430.65,2430.65,2430.65,131,204746191.0,56615,8255,2026-09-04
NIFTY,2026-09-22,25900.0,CE,2.35,3.3,2.25,2.65,2.65,141,237398609.5,23530,780,2026-09-04
NIFTY,2026-09-22,23700.0,CE,393.7,462.55,393.7,409.65,409.65,272,426417485.0,24635,5785,2026-09-04
NIFTY,2026-09-15,25450.0,CE,1.8,2.0,1.45,1.7,1.7,610,1009159092.5,25805,7020,2026-09-04
NIFTY,2026-09-15,23700.0,CE,349.6,410.0,336.7,346.0,346.0,5224,8171579916.5,179920,-28210,2026-09-04
NIFTY,2026-09-15,22450.0,CE,0.0,0.0,0.0,2169.4,1489.98,0,0.0,0,0,2026-09-04
NIFTY,2026-09-08,25450.0,CE,0.8,0.95,0.55,0.6,0.6,17642,29185055175.25,404495,41275,2026-09-04
NIFTY,2026-09-08,24000.0,CE,75.0,115.0,61.15,69.05,69.05,7532383,11793079263914.0,15177890,-3215355,2026-09-04
NIFTY,2026-09-08,22100.0,CE,0.0,0.0,0.0,2649.55,1812.03,0,0.0,0,0,2026-09-04
NIFTY,2026-09-15,22450.0,PE,4.05,4.25,3.25,3.8,3.8,352,513746018.5,9945,4225,2026-09-04
NIFTY,2026-09-15,23350.0,PE,24.25,26.8,13.2,13.85,13.85,12740,19349338433.75,160615,62140,2026-09-04
NIFTY,2026-09-15,24050.0,PE,212.45,212.45,152.4,177.95,177.95,14270,22469938195.25,125840,12610,2026-09-04
NIFTY,2026-09-15,25500.0,PE,1455.0,1509.3,1455.0,1502.65,1502.65,23,40310351.25,1820,1430,2026-09-04
NIFTY,2026-09-22,25700.0,PE,0.0,0.0,0.0,1482.25,1735.59,0,0.0,0,0,2026-09-04
NIFTY,2026-09-29,25300.0,PE,1254.05,1254.05,1222.95,1248.65,1350.33,4,6901680.5,36075,-195,2026-09-04
NIFTY,2026-09-29,25500.0,PE,1460.35,1473.0,1385.9,1447.45,1447.45,448,784386047.25,1552590,-3315,2026-09-04
NIFTY,2026-09-29,25900.0,PE,0.0,0.0,0.0,1571.4,1911.44,0,0.0,4940,0,2026-09-04
NIFTY,2026-09-29,26400.0,PE,0.0,0.0,0.0,1887.6,2399.52,0,0.0,3770,0,2026-09-04
NIFTY,2026-10-27,23850.0,PE,245.0,246.25,218.3,233.8,233.8,87,136153280.25,5980,1690,2026-09-04
NIFTY,2026-10-27,23750.0,PE,221.6,222.3,188.4,201.6,201.6,213,331617851.5,12545,5005,2026-09-04
NIFTY,2026-10-27,25500.0,PE,1340.05,1360.0,1281.1,1343.95,1343.95,184,320834205.25,243880,8385,2026-09-04
NIFTY,2026-09-29,23850.0,CE,356.65,405.25,349.05,356.4,356.4,1519,2391670768.5,124150,-5330,2026-09-04
NIFTY,2026-09-29,23450.0,CE,676.5,676.5,666.05,668.7,668.7,4,6271365.75,845,0,2026-09-04
NIFTY,2026-09-29,23150.0,CE,0.0,0.0,0.0,1236.2,948.36,0,0.0,780,0,2026-09-04
NIFTY,2026-09-29,22150.0,CE,0.0,0.0,0.0,2020.0,1847.69,0,0.0,130,0,2026-09-04
NIFTY,2026-09-29,21750.0,CE,0.0,0.0,0.0,2550.0,2238.76,0,0.0,65,0,2026-09-04
NIFTY,2026-09-22,25000.0,CE,11.55,11.55,6.8,7.4,7.4,3110,5055416921.75,124865,109590,2026-09-04
NIFTY,2026-09-22,23400.0,CE,0.0,0.0,0.0,1051.55,691.97,0,0.0,0,0,2026-09-04
NIFTY,2026-09-15,25600.0,CE,1.2,1.55,1.05,1.25,1.25,9064,15083198039.0,231465,-5915,2026-09-04
NIFTY,2026-09-15,25050.0,CE,2.95,3.85,2.85,3.1,3.1,3569,5812004669.25,141700,25870,2026-09-04
NIFTY,2026-09-15,24350.0,CE,40.9,50.85,30.25,32.6,32.6,22168,35141926339.0,381420,97370,2026-09-04
NIFTY,2026-09-15,23600.0,CE,433.8,492.2,420.0,430.55,430.55,1556,2432764750.0,42770,1950,2026-09-04
NIFTY,2026-09-15,23150.0,CE,0.0,0.0,0.0,1525.35,824.99,0,0.0,0,0,2026-09-04
NIFTY,2026-09-08,23450.0,CE,501.4,584.2,500.0,514.95,514.95,1622,2529155547.75,44070,1040,2026-09-04
NIFTY,2026-10-27,23800.0,CE,570.0,623.85,560.8,571.7,571.7,560,887714392.5,60125,-2015,2026-09-04
NIFTY,2026-10-27,26000.0,CE,15.5,15.9,13.3,13.9,13.9,3447,5828657799.25,1320605,28275,2026-09-04
NIFTY,2026-11-23,23850.0,CE,0.0,0.0,0.0,1260.3,915.15,0,0.0,0,0,2026-09-04
NIFTY,2026-11-23,23900.0,CE,667.55,700.0,664.55,667.85,667.85,54,86253768.25,6890,1105,2026-09-04
NIFTY,2027-03-30,27000.0,CE,151.9,159.8,150.1,152.35,152.35,899,1586772934.5,868855,1105,2026-09-04
NIFTY,2028-12-26,30000.0,CE,1070.0,1085.0,1055.0,1068.6,1068.6,75,151495045.0,18975,260,2026-09-04
NIFTY,2026-09-08,23550.0,PE,15.75,15.75,4.95,6.05,6.05,653283,1000361644259.25,2852070,714545,2026-09-04
NIFTY,2026-09-08,24350.0,PE,396.8,416.75,331.0,391.6,391.6,11006,17685179547.75,165750,-23465,2026-09-04
NIFTY,2026-09-08,26150.0,PE,0.0,0.0,0.0,1482.45,2235.34,0,0.0,0,0,2026-09-04
NIFTY,2026-09-08,26250.0,PE,0.0,0.0,0.0,1568.65,2335.28,0,0.0,0,0,2026-09-04
NIFTY,2026-09-15,22650.0,PE,5.3,5.3,3.8,4.1,4.1,779,1147111257.5,23660,6435,2026-09-04
NIFTY,2026-09-15,23150.0,PE,10.9,11.95,7.35,7.85,7.85,6199,9331508507.75,129350,19110,2026-09-04
NIFTY,2026-09-15,23900.0,PE,128.9,136.9,95.35,109.9,109.9,73464,114655967159.5,1276145,37765,2026-09-04
NIFTY,2026-09-15,25300.0,PE,0.0,0.0,0.0,1322.95,1363.17,0,0.0,325,0,2026-09-04
NIFTY,2026-09-22,23050.0,PE,0.0,0.0,0.0,93.3,57.35,0,0.0,0,0,2026-09-04
NIFTY,2026-09-22,23950.0,PE,184.75,193.7,148.5,165.05,165.05,2079,3258449421.5,33930,14820,2026-09-04
NIFTY,2026-09-22,24300.0,PE,393.75,393.8,325.0,363.1,363.1,447,716152167.25,26455,-5265,2026-09-04
NIFTY,2026-09-29,22650.0,PE,17.2,17.7,13.55,13.7,13.7,476,701263296.5,48620,4550,2026-09-04
NIFTY,2026-09-29,22850.0,PE,23.0,23.6,17.9,18.25,18.25,641,952882788.0,102375,-4550,2026-09-04
NIFTY,2026-09-29,24000.0,PE,230.0,247.55,192.0,214.9,214.9,82231,129410704488.0,6879610,-321910,2026-09-04
NIFTY,2026-09-29,24500.0,PE,548.0,563.3,471.2,520.75,520.75,7587,12333004485.75,3566160,-91910,2026-09-04
NIFTY,2026-09-29,25850.0,PE,0.0,0.0,0.0,1859.75,1863.35,0,0.0,0,0,2026-09-04
NIFTY,2026-09-29,26050.0,PE,0.0,0.0,0.0,1710.0,2056.66,0,0.0,260,0,2026-09-04
NIFTY,2026-09-29,26350.0,PE,0.0,0.0,0.0,2262.9,2350.29,0,0.0,0,0,2026-09-04
NIFTY,2026-09-08,22550.0,CE,0.0,0.0,0.0,2213.6,1362.35,0,0.0,0,0,2026-09-04
NIFTY,2026-09-08,22250.0,CE,0.0,0.0,0.0,2503.15,1662.13,0,0.0,0,0,2026-09-04
NIFTY,2026-09-08,22150.0,CE,0.0,0.0,0.0,2600.65,1762.07,0,0.0,0,0,2026-09-04
NIFTY,2026-10-06,24450.0,PE,0.0,0.0,0.0,617.35,692.24,0,0.0,0,0,2026-09-04
NIFTY,2026-10-27,22350.0,PE,0.0,0.0,0.0,31.95,70.82,0,0.0,2145,0,2026-09-04
NIFTY,2026-10-27,24800.0,PE,754.0,765.05,702.0,738.95,738.95,66,109528968.25,144625,260,2026-09-04
NIFTY,2026-10-27,25800.0,PE,0.0,0.0,0.0,1675.45,1765.04,0,0.0,390,0,2026-09-04
NIFTY,2026-12-29,21000.0,PE,46.7,46.7,41.0,42.25,42.25,1879,2569981495.25,1136770,3575,2026-09-04
NIFTY,2028-06-27,22500.0,PE,0.0,0.0,0.0,206.95,543.45,0,0.0,0,0,2026-09-04
NIFTY,2028-06-27,33000.0,PE,0.0,0.0,0.0,3707.8,5979.92,0,0.0,0,0,2026-09-04
NIFTY,2028-12-26,25000.0,PE,990.0,990.0,928.0,928.0,1216.34,10,16857363.25,9440,455,2026-09-04
NIFTY,2030-12-31,16500.0,PE,0.0,0.0,0.0,13.65,55.17,0,0.0,0,0,2026-09-04
NIFTY,2031-06-24,28500.0,PE,0.0,0.0,0.0,2104.2,1845.81,0,0.0,0,0,2026-09-04
NIFTY,2026-10-27,23150.0,CE,0.0,0.0,0.0,1510.7,1176.84,0,0.0,0,0,2026-09-04
NIFTY,2026-10-06,25350.0,CE,0.0,0.0,0.0,115.45,75.79,0,0.0,0,0,2026-09-04
NIFTY,2026-10-06,24250.0,CE,195.25,218.35,189.05,191.05,191.05,58,92196373.75,4160,1430,2026-09-04
NIFTY,2026-09-29,26950.0,CE,1.9,2.0,1.9,2.0,2.0,3,5255633.5,2860,65,2026-09-04
NIFTY,2026-09-29,26200.0,CE,3.55,3.95,3.4,3.45,3.45,408,694916745.25,195325,-15730,2026-09-04
NIFTY,2026-09-29,25550.0,CE,6.1,7.25,5.95,6.2,6.2,617,1024951879.25,87425,12805,2026-09-04
NIFTY,2026-09-29,18000.0,PE,1.9,2.1,1.35,1.45,1.45,364,425918015.25,961415,-325,2026-09-04
NIFTY,2026-09-22,25850.0,PE,0.0,0.0,0.0,1613.85,1882.21,0,0.0,0,0,2026-09-04
NIFTY,2026-09-22,25400.0,PE,0.0,0.0,0.0,1230.35,1447.01,0,0.0,0,0,2026-09-04
NIFTY,2026-09-22,23550.0,PE,70.0,70.05,52.85,56.4,56.4,311,477243630.5,18525,5265,2026-09-04
NIFTY,2026-09-22,22100.0,PE,0.0,0.0,0.0,14.3,3.14,0,0.0,0,0,2026-09-04
NIFTY,2026-09-15,24000.0,PE,175.1,181.95,130.3,151.7,151.7,98890,155233367575.0,1542710,234455,2026-09-04
NIFTY,2026-09-08,24750.0,PE,804.25,804.35,717.9,792.9,792.9,75,124442253.0,13975,-130,2026-09-04
NIFTY,2026-09-08,24100.0,PE,211.9,211.9,135.0,169.7,169.7,1241317,1957668489851.75,2664610,-660335,2026-09-04
NIFTY,2026-09-08,22900.0,PE,1.85,2.25,1.25,1.6,1.6,285591,425136485995.0,3407495,1251120,2026-09-04
NIFTY,2031-06-24,22500.0,CE,0.0,0.0,0.0,8012.75,7904.77,0,0.0,0,0,2026-09-04
NIFTY,2030-12-31,27000.0,CE,0.0,0.0,0.0,6772.8,4973.68,0,0.0,0,0,2026-09-04
NIFTY,2028-12-26,18000.0,CE,0.0,0.0,0.0,9380.3,8458.67,0,0.0,0,0,2026-09-04
NIFTY,2027-03-30,22500.0,CE,2410.0,2461.75,2407.65,2418.65,2418.65,90,145912581.75,43680,3705,2026-09-04
NIFTY,2026-11-23,24550.0,CE,326.55,330.6,317.4,319.45,319.45,17,27486078.75,5460,195,2026-09-04
NIFTY,2026-11-23,24400.0,CE,391.5,415.0,383.6,388.7,388.7,91,146675087.0,19760,2210,2026-09-04
NIFTY,2026-11-23,22800.0,CE,0.0,0.0,0.0,2032.75,1620.05,0,0.0,0,0,2026-09-04
NIFTY,2026-11-23,22250.0,CE,0.0,0.0,0.0,2500.9,2067.83,0,0.0,0,0,2026-09-04
NIFTY,2026-10-27,25900.0,CE,0.0,0.0,0.0,277.95,90.79,0,0.0,0,0,2026-09-04
NIFTY,2026-09-29,22550.0,PE,15.5,15.5,11.9,12.45,12.45,396,580810122.75,51350,975,2026-09-04
NIFTY,2026-09-29,26250.0,PE,0.0,0.0,0.0,2180.0,2252.04,0,0.0,0,0,2026-09-04
NIFTY,2026-09-29,26500.0,PE,2442.0,2454.5,2380.4,2434.15,2434.15,39,73313422.0,853320,520,2026-09-04
NIFTY,2026-10-06,23300.0,PE,92.7,92.7,56.2,59.0,59.0,12,18221183.5,585,585,2026-09-04
NIFTY,2026-10-27,23450.0,PE,140.15,142.9,120.0,128.5,128.5,137,209959642.75,45955,-3510,2026-09-04
NIFTY,2026-11-23,22400.0,PE,0.0,0.0,0.0,102.45,129.67,0,0.0,0,0,2026-09-04
NIFTY,2026-11-23,22800.0,PE,0.0,0.0,0.0,159.45,202.79,0,0.0,0,0,2026-09-04
NIFTY,2026-11-23,23900.0,PE,315.9,323.25,290.0,307.75,307.75,256,402822962.75,13845,1235,2026-09-04
NIFTY,2026-11-23,24250.0,PE,432.0,449.0,432.0,449.0,449.0,2,3209765.0,1690,65,2026-09-04
NIFTY,2026-11-23,24300.0,PE,479.9,487.4,442.0,472.65,472.65,67,107842140.25,17160,455,2026-09-04
NIFTY,2026-11-23,24500.0,PE,590.3,590.3,539.0,569.4,569.4,449,731509675.0,200655,7280,2026-09-04
NIFTY,2026-11-23,25350.0,PE,0.0,0.0,0.0,1152.95,1405.63,0,0.0,0,0,2026-09-04
NIFTY,2026-12-29,14000.0,PE,6.1,6.1,6.1,6.1,6.1,2,1820793.0,9545,130,2026-09-04
NIFTY,2027-03-30,19500.0,PE,47.1,47.1,40.95,42.55,42.55,395,501755894.25,124865,19890,2026-09-04
NIFTY,2028-12-26,19500.0,PE,0.0,0.0,0.0,49.0,160.11,0,0.0,0,0,2026-09-04
NIFTY,2028-12-26,21000.0,PE,340.0,370.0,332.0,370.0,317.23,9,12486760.0,8685,0,2026-09-04
NIFTY,2030-06-25,18000.0,PE,0.0,0.0,0.0,116.65,105.71,0,0.0,0,0,2026-09-04
NIFTY,2030-12-31,31500.0,PE,0.0,0.0,0.0,1885.5,3123.88,0,0.0,0,0,2026-09-04
NIFTY,2031-06-24,18000.0,PE,0.0,0.0,0.0,173.45,115.51,0,0.0,0,0,2026-09-04
NIFTY,2026-10-27,25150.0,CE,0.0,0.0,0.0,479.95,219.12,0,0.0,0,0,2026-09-04
NIFTY,2026-10-27,24650.0,CE,158.9,176.7,154.55,157.35,157.35,111,179032857.25,19175,2080,2026-09-04
NIFTY,2026-10-27,24600.0,CE,176.0,198.2,168.7,172.05,172.05,1119,1802480962.75,162175,-4225,2026-09-04
NIFTY,2026-10-27,23100.0,CE,0.0,0.0,0.0,1070.0,1212.93,0,0.0,65,0,2026-09-04
NIFTY,2026-10-27,23050.0,CE,0.0,0.0,0.0,1446.75,1250.46,0,0.0,65,0,2026-09-04
NIFTY,2026-10-06,24350.0,CE,0.0,0.0,0.0,406.45,313.95,0,0.0,0,0,2026-09-04
NIFTY,2026-09-29,26550.0,CE,3.4,3.4,2.05,2.7,2.7,11,18985239.0,4940,-260,2026-09-04
NIFTY,2026-09-29,24550.0,CE,68.0,79.75,60.85,62.4,62.4,2301,3682090418.5,202410,-325,2026-09-04
NIFTY,2026-09-29,23550.0,CE,580.0,614.45,571.15,587.65,655.62,26,40794097.5,4355,780,2026-09-04
NIFTY,2026-09-29,23000.0,CE,1049.5,1133.0,1044.9,1067.35,1067.35,1052,1646769042.75,548795,14170,2026-09-04
NIFTY,2026-09-22,24850.0,CE,16.95,18.85,10.35,11.0,11.0,136,219795267.25,16575,-3055,2026-09-04
NIFTY,2026-09-22,24250.0,CE,110.7,128.3,98.4,101.45,101.45,626,991250604.5,28340,5720,2026-09-04
NIFTY,2026-09-15,26150.0,CE,1.1,1.1,0.85,1.0,1.0,103,175080971.0,5720,0,2026-09-04
NIFTY,2026-09-15,25900.0,CE,0.9,1.2,0.9,1.1,1.1,1955,3291379126.75,85605,35620,2026-09-04
NIFTY,2026-09-15,22200.0,CE,0.0,0.0,0.0,2410.3,1737.91,0,0.0,0,0,2026-09-04
NIFTY,2026-09-08,24700.0,CE,2.15,2.35,1.25,1.6,1.6,504557,810125975093.5,5227365,-831090,2026-09-04
NIFTY,2026-09-08,24500.0,CE,4.05,4.5,2.25,2.75,2.75,857190,1365265185934.0,10801375,719810,2026-09-04
NIFTY,2026-09-08,23800.0,CE,196.0,260.0,181.25,195.6,195.6,855933,1336177631935.25,1997320,-812630,2026-09-04
NIFTY,2026-09-08,23400.0,CE,559.3,631.75,544.9,565.55,565.55,1697,2645709511.25,57980,-3055,2026-09-04
NIFTY,2026-09-15,22100.0,CE,0.0,0.0,0.0,2507.55,1837.46,0,0.0,0,0,2026-09-04
NIFTY,2027-06-29,19500.0,CE,0.0,0.0,0.0,8143.4,5443.22,0,0.0,0,0,2026-09-04
NIFTY,2027-12-28,21000.0,CE,0.0,0.0,0.0,4902.4,4839.46,0,0.0,0,0,2026-09-04
NIFTY,2029-12-24,18000.0,CE,0.0,0.0,0.0,11362.4,9447.47,0,0.0,0,0,2026-09-04
NIFTY,2030-06-25,24000.0,CE,0.0,0.0,0.0,8591.55,5947.74,0,0.0,0,0,2026-09-04
NIFTY,2026-09-08,22250.0,PE,1.0,1.2,0.7,0.8,0.8,23789,34406330562.5,142610,28080,2026-09-04
NIFTY,2026-09-08,22750.0,PE,1.5,1.95,1.1,1.5,1.5,85939,127091401645.0,616005,72865,2026-09-04
NIFTY,2026-09-08,24650.0,PE,686.45,708.25,622.75,693.9,693.9,97,159677040.25,39975,390,2026-09-04
NIFTY,2026-09-08,26000.0,PE,2052.6,2053.0,1972.05,2034.65,2034.65,458,833604151.25,173290,13780,2026-09-04
NIFTY,2026-09-15,24150.0,PE,320.85,320.85,204.55,237.95,237.95,4534,7184866201.5,96460,32500,2026-09-04
NIFTY,2026-09-15,25150.0,PE,0.0,0.0,0.0,817.1,1217.82,0,0.0,0,0,2026-09-04
NIFTY,2026-09-22,25100.0,PE,0.0,0.0,0.0,997.6,1168.76,0,0.0,0,0,2026-09-04
NIFTY,2026-09-29,21000.0,PE,6.05,6.1,5.35,5.6,5.6,6441,8794354296.0,1714245,-39715,2026-09-04
NIFTY,2026-09-29,23300.0,PE,65.6,65.65,41.15,43.1,43.1,19767,29995405141.0,2145065,-57655,2026-09-04
NIFTY,2026-11-23,24200.0,CE,493.65,526.0,485.0,489.7,489.7,118,189479862.0,20280,650,2026-09-04
NIFTY,2026-10-27,26950.0,CE,0.0,0.0,0.0,6.75,21.02,0,0.0,845,0,2026-09-04
NIFTY,2026-10-27,23350.0,CE,0.0,0.0,0.0,1240.0,1033.68,0,0.0,65,0,2026-09-04
NIFTY,2026-10-27,22750.0,CE,0.0,0.0,0.0,1805.4,1486.54,0,0.0,0,0,2026-09-04
NIFTY,2026-10-27,22550.0,CE,0.0,0.0,0.0,1962.0,1653.33,0,0.0,0,0,2026-09-04
NIFTY,2026-10-06,23450.0,CE,0.0,0.0,0.0,931.1,794.42,0,0.0,0,0,2026-09-04
NIFTY,2026-10-06,22650.0,CE,0.0,0.0,0.0,1586.8,1430.78,0,0.0,0,0,2026-09-04
NIFTY,2026-09-29,31500.0,CE,0.0,0.0,0.0,0.8,0.0,0,0.0,17160,0,2026-09-04
NIFTY,2026-09-29,26900.0,CE,1.8,2.65,1.8,2.55,2.55,17,29727093.5,4940,130,2026-09-04
NIFTY,2026-09-29,25700.0,CE,5.35,5.65,5.2,5.45,5.45,2814,4701781786.0,300690,-86580,2026-09-04
NIFTY,2026-09-29,25200.0,CE,13.45,13.45,9.9,10.2,10.2,8666,14201326802.0,903630,-66170,2026-09-04
NIFTY,2026-09-29,24300.0,CE,120.35,158.75,120.35,128.9,128.9,23003,36543837372.25,4390360,-38155,2026-09-04
NIFTY,2026-09-29,22450.0,CE,0.0,0.0,0.0,1843.95,1561.66,0,0.0,65,0,2026-09-04
NIFTY,2026-09-22,25150.0,CE,0.0,0.0,0.0,185.6,35.18,0,0.0,0,0,2026-09-04
NIFTY,2026-09-22,24600.0,CE,33.85,40.0,26.7,28.05,28.05,4301,6886145747.0,182260,38935,2026-09-04
NIFTY,2026-09-22,23100.0,CE,0.0,0.0,0.0,1289.85,929.71,0,0.0,0,0,2026-09-04
NIFTY,2026-09-15,24600.0,CE,13.45,14.6,8.3,8.9,8.9,51191,81891666756.25,1323205,370110,2026-09-04
NIFTY,2026-09-15,23850.0,CE,249.2,293.1,228.3,235.35,235.35,8824,13826239729.25,129480,-24050,2026-09-04
NIFTY,2026-09-08,25050.0,CE,1.45,1.45,0.8,0.95,0.95,47638,77569946122.5,1123720,-73450,2026-09-04
NIFTY,2026-09-29,25150.0,PE,0.0,0.0,0.0,880.05,1217.72,0,0.0,1365,0,2026-09-04
NIFTY,2026-09-29,25350.0,PE,0.0,0.0,0.0,850.0,1395.38,0,0.0,1040,0,2026-09-04
NIFTY,2026-10-06,23400.0,PE,0.0,0.0,0.0,177.75,199.66,0,0.0,0,0,2026-09-04
NIFTY,2026-09-08,22500.0,CE,1458.7,1520.2,1455.75,1467.55,1467.55,30,46760987.0,16185,-260,2026-09-04
NIFTY,2026-10-06,24350.0,PE,0.0,0.0,0.0,560.0,629.16,0,0.0,0,0,2026-09-04
NIFTY,2026-10-06,24500.0,PE,526.6,526.6,511.0,511.0,724.99,2,3252444.0,130,130,2026-09-04
NIFTY,2026-10-27,22100.0,PE,0.0,0.0,0.0,116.95,47.29,0,0.0,0,0,2026-09-04
NIFTY,2026-10-27,23350.0,PE,0.0,0.0,0.0,387.65,268.64,0,0.0,0,0,2026-09-04
NIFTY,2026-10-27,23500.0,PE,170.15,170.15,129.3,141.65,141.65,6122,9406810400.0,982735,45760,2026-09-04
NIFTY,2026-10-27,26150.0,PE,0.0,0.0,0.0,1657.0,2074.6,0,0.0,130,0,2026-09-04
NIFTY,2026-10-27,26750.0,PE,0.0,0.0,0.0,2501.2,2631.69,0,0.0,0,0,2026-09-04
NIFTY,2026-11-23,22100.0,PE,0.0,0.0,0.0,71.4,89.76,0,0.0,0,0,2026-09-04
NIFTY,2026-12-29,12000.0,PE,0.0,0.0,0.0,4.35,0.0,0,0.0,18410,0,2026-09-04
NIFTY,2026-12-29,16500.0,PE,9.5,9.5,9.5,9.5,0.0,1,1073117.5,3640,-65,2026-09-04
NIFTY,2026-12-29,18000.0,PE,17.25,17.5,16.2,16.6,16.6,275,322050027.0,535995,-6110,2026-09-04
NIFTY,2027-06-29,18000.0,PE,0.0,0.0,0.0,220.0,9.94,0,0.0,230,0,2026-09-04
NIFTY,2028-06-27,31500.0,PE,0.0,0.0,0.0,2935.6,4872.66,0,0.0,0,0,2026-09-04
NIFTY,2028-12-26,23000.0,PE,0.0,0.0,0.0,613.0,669.45,0,0.0,1870,0,2026-09-04
NIFTY,2028-12-26,27000.0,PE,1600.0,1600.0,1550.0,1550.0,1550.0,6,11147175.0,16285,130,2026-09-04
NIFTY,2028-12-26,28500.0,PE,0.0,0.0,0.0,1451.15,2688.4,0,0.0,0,0,2026-09-04
NIFTY,2029-06-26,19500.0,PE,0.0,0.0,0.0,56.0,179.44,0,0.0,0,0,2026-09-04
NIFTY,2029-12-24,21000.0,PE,0.0,0.0,0.0,390.05,343.09,0,0.0,780,0,2026-09-04
NIFTY,2029-12-24,26000.0,PE,0.0,0.0,0.0,1400.0,1401.15,0,0.0,4055,0,2026-09-04
NIFTY,2030-06-25,21000.0,PE,0.0,0.0,0.0,220.0,345.09,0,0.0,65,0,2026-09-04
NIFTY,2027-06-29,22500.0,CE,0.0,0.0,0.0,5539.6,2955.81,0,0.0,0,0,2026-09-04
NIFTY,2026-11-23,25750.0,CE,0.0,0.0,0.0,386.65,218.51,0,0.0,0,0,2026-09-04
NIFTY,2027-06-29,24000.0,PE,586.95,594.0,550.0,572.3,572.3,67,106976502.75,28600,585,2026-09-04
NIFTY,2026-09-15,24300.0,CE,65.45,65.45,39.1,42.0,42.0,75968,120232594771.25,1520155,127660,2026-09-04
NIFTY,2026-09-15,24550.0,CE,14.25,18.9,10.5,11.45,11.45,23754,37926871437.0,332800,-104975,2026-09-04
NIFTY,2026-09-22,22450.0,CE,0.0,0.0,0.0,1865.4,1523.74,0,0.0,0,0,2026-09-04
NIFTY,2026-09-22,25650.0,CE,2.75,2.75,2.6,2.6,9.47,16,26678795.0,520,520,2026-09-04
NIFTY,2026-09-29,23400.0,CE,703.0,755.85,698.0,703.8,703.8,66,103505008.75,38285,455,2026-09-04
NIFTY,2026-09-08,25700.0,CE,0.55,0.7,0.45,0.5,0.5,31904,53296783764.25,1469000,1365,2026-09-04
NIFTY,2026-09-29,24000.0,CE,255.0,309.9,232.95,263.8,263.8,76746,121132450234.25,5119920,-320580,2026-09-04
NIFTY,2026-10-06,24400.0,CE,139.95,159.6,128.85,131.8,131.8,167,266403819.5,5395,2600,2026-09-04
NIFTY,2026-10-06,24850.0,CE,0.0,0.0,0.0,226.85,162.85,0,0.0,0,0,2026-09-04
NIFTY,2026-10-06,25400.0,CE,0.0,0.0,0.0,107.3,69.78,0,0.0,0,0,2026-09-04
NIFTY,2026-10-06,25550.0,CE,0.0,0.0,0.0,85.7,54.09,0,0.0,0,0,2026-09-04
NIFTY,2026-10-27,23400.0,CE,0.0,0.0,0.0,910.0,999.67,0,0.0,390,0,2026-09-04
NIFTY,2026-10-27,24100.0,CE,385.4,431.5,369.55,387.85,387.85,1127,1795085324.5,134615,1950,2026-09-04
NIFTY,2026-10-27,25850.0,CE,0.0,0.0,0.0,288.85,96.67,0,0.0,0,0,2026-09-04
NIFTY,2026-10-27,26650.0,CE,0.0,0.0,0.0,150.8,32.83,0,0.0,0,0,2026-09-04
NIFTY,2026-10-27,26700.0,CE,0.0,0.0,0.0,85.6,30.53,0,0.0,65,0,2026-09-04
NIFTY,2026-11-23,22100.0,CE,0.0,0.0,0.0,2634.25,2197.21,0,0.0,0,0,2026-09-04
NIFTY,2026-11-23,25700.0,CE,0.0,0.0,0.0,401.1,228.48,0,0.0,0,0,2026-09-04
NIFTY,2027-12-28,27000.0,CE,860.0,923.25,821.0,824.25,824.25,565,1022726786.25,78155,12740,2026-09-04
NIFTY,2028-06-27,33000.0,CE,0.0,0.0,0.0,2004.15,515.5,0,0.0,0,0,2026-09-04
NIFTY,2029-06-26,33000.0,CE,0.0,0.0,0.0,4179.45,1294.55,0,0.0,0,0,2026-09-04
NIFTY,2030-12-31,24000.0,CE,0.0,0.0,0.0,8563.3,6526.1,0,0.0,0,0,2026-09-04
NIFTY,2026-09-08,24000.0,PE,118.0,138.0,85.0,105.2,105.2,5505649,8625693095672.25,6590285,-801775,2026-09-04
NIFTY,2026-09-08,25600.0,PE,1619.45,1619.45,1619.45,1619.45,1685.7,1,1769264.25,715,65,2026-09-04
NIFTY,2026-09-08,26200.0,PE,0.0,0.0,0.0,2190.0,2285.31,0,0.0,2405,0,2026-09-04
NIFTY,2026-09-15,22100.0,PE,2.5,3.6,2.5,3.35,3.35,45134,64844875221.75,1842295,1842295,2026-09-04
NIFTY,2028-06-27,21000.0,PE,0.0,0.0,0.0,907.2,286.63,0,0.0,0,0,2026-09-04
NIFTY,2026-09-15,22500.0,CE,0.0,0.0,0.0,1563.35,1440.66,0,0.0,65,0,2026-09-04
NIFTY,2026-09-15,24300.0,PE,357.15,378.95,301.0,344.85,344.85,4169,6675749541.5,187135,-16445,2026-09-04
NIFTY,2026-09-15,24550.0,PE,522.0,568.45,510.0,568.45,568.45,35,57067218.0,5070,-520,2026-09-04
NIFTY,2026-09-15,25100.0,PE,1102.0,1102.0,1095.0,1095.0,1169.9,2,3405805.0,325,0,2026-09-04
NIFTY,2026-09-15,25200.0,PE,0.0,0.0,0.0,1181.2,1266.02,0,0.0,0,0,2026-09-04
NIFTY,2026-09-22,22750.0,PE,0.0,0.0,0.0,55.05,26.15,0,0.0,0,0,2026-09-04
NIFTY,2026-09-22,25300.0,PE,0.0,0.0,0.0,1150.25,1352.83,0,0.0,0,0,2026-09-04
NIFTY,2026-09-22,25750.0,PE,0.0,0.0,0.0,1525.75,1784.33,0,0.0,0,0,2026-09-04
NIFTY,2026-09-29,22500.0,PE,15.25,15.45,11.5,11.9,11.9,12019,17587828833.25,2323230,82160,2026-09-04
NIFTY,2026-09-29,22600.0,PE,18.9,18.9,12.85,13.2,13.2,2367,3479376303.0,340405,-7995,2026-09-04
NIFTY,2026-09-29,23900.0,PE,213.45,213.45,155.6,173.6,173.6,27718,43373138471.0,998920,-40300,2026-09-04
NIFTY,2026-09-29,24300.0,PE,444.0,444.0,336.9,377.55,377.55,13882,22257328466.75,3820960,-78910,2026-09-04
NIFTY,2026-09-29,25950.0,PE,0.0,0.0,0.0,1299.0,1959.7,0,0.0,65,0,2026-09-04
NIFTY,2026-09-29,30000.0,PE,5980.7,5980.7,5869.0,5943.0,5943.0,62,144721271.5,142935,-845,2026-09-04
NIFTY,2026-10-06,22300.0,PE,0.0,0.0,0.0,24.55,26.63,0,0.0,0,0,2026-09-04
NIFTY,2026-10-06,24000.0,PE,246.7,249.0,211.65,230.95,230.95,224,352724323.25,8710,5070,2026-09-04
NIFTY,2026-10-06,25150.0,PE,0.0,0.0,0.0,1102.0,1214.99,0,0.0,0,0,2026-09-04
NIFTY,2026-10-06,25300.0,PE,0.0,0.0,0.0,1222.15,1342.08,0,0.0,0,0,2026-09-04
NIFTY,2026-10-27,23150.0,PE,0.0,0.0,0.0,327.65,213.67,0,0.0,0,0,2026-09-04
NIFTY,2026-11-23,24800.0,PE,762.0,762.0,725.0,725.0,1032.7,15,24889280.0,3380,975,2026-09-04
NIFTY,2026-11-23,25750.0,PE,0.0,0.0,0.0,1419.55,1709.9,0,0.0,0,0,2026-09-04
NIFTY,2026-11-23,25800.0,PE,0.0,0.0,0.0,1454.8,1749.58,0,0.0,0,0,2026-09-04
NIFTY,2026-12-29,22000.0,PE,78.0,79.55,70.15,74.2,74.2,6051,8681997060.75,1915230,74460,2026-09-04
NIFTY,2026-12-29,30000.0,PE,5435.8,5435.8,5325.0,5395.0,5395.0,43,98848197.5,383965,910,2026-09-04
NIFTY,2026-09-22,23750.0,CE,379.15,417.35,365.1,372.3,372.3,72,112969714.0,2145,-1820,2026-09-04
NIFTY,2026-09-29,25450.0,CE,8.1,8.1,6.35,6.95,6.95,851,1408184069.5,84825,2340,2026-09-04
NIFTY,2026-09-29,26850.0,CE,1.8,2.1,1.7,1.8,1.8,79,137884178.25,4030,-845,2026-09-04
NIFTY,2026-09-29,28500.0,CE,0.9,0.9,0.7,0.75,0.75,1063,1969260039.5,560040,-4745,2026-09-04
NIFTY,2026-10-06,22100.0,CE,0.0,0.0,0.0,2099.1,1938.86,0,0.0,0,0,2026-09-04
NIFTY,2026-10-06,22600.0,CE,0.0,0.0,0.0,1631.85,1475.25,0,0.0,0,0,2026-09-04
NIFTY,2026-10-06,25000.0,CE,0.0,0.0,0.0,188.1,130.97,0,0.0,0,0,2026-09-04
NIFTY,2026-10-27,22800.0,CE,1420.0,1420.0,1420.0,1420.0,1445.96,1,1574300.0,65,65,2026-09-04
NIFTY,2026-10-27,24150.0,CE,364.3,406.85,357.95,362.1,362.1,656,1046079199.75,98605,27560,2026-09-04
NIFTY,2026-10-27,25250.0,CE,0.0,0.0,0.0,447.85,195.67,0,0.0,0,0,2026-09-04
NIFTY,2026-10-27,25550.0,CE,0.0,0.0,0.0,361.35,139.09,0,0.0,0,0,2026-09-04
NIFTY,2026-11-23,24850.0,CE,0.0,0.0,0.0,714.05,460.23,0,0.0,0,0,2026-09-04
NIFTY,2026-12-29,25000.0,CE,333.0,353.4,324.1,326.8,326.8,5710,9403491324.5,2594745,25130,2026-09-04
NIFTY,2027-03-30,21000.0,CE,0.0,0.0,0.0,3711.0,3753.33,0,0.0,6695,0,2026-09-04
NIFTY,2027-06-29,27000.0,CE,0.0,0.0,0.0,385.0,727.46,0,0.0,1495,0,2026-09-04
NIFTY,2027-12-28,18000.0,CE,0.0,0.0,0.0,6285.7,7389.75,0,0.0,0,0,2026-09-04
NIFTY,2026-09-08,22350.0,PE,1.05,1.45,0.75,0.9,0.9,139817,203128481445.5,2208310,-291785,2026-09-04
NIFTY,2026-09-08,23500.0,PE,13.5,13.5,3.8,4.7,4.7,1174754,1794920524439.25,10395840,-149110,2026-09-04
NIFTY,2026-09-08,24950.0,PE,763.55,995.0,763.55,978.6,1036.85,32,53794819.0,1755,520,2026-09-04
NIFTY,2026-09-08,25450.0,PE,0.0,0.0,0.0,1493.35,1535.8,0,0.0,650,0,2026-09-04
NIFTY,2026-09-15,23000.0,PE,10.0,10.0,5.6,6.05,6.05,43418,64929462117.0,1393600,617695,2026-09-04
NIFTY,2026-09-15,24950.0,PE,0.0,0.0,0.0,689.2,1028.28,0,0.0,0,0,2026-09-04
NIFTY,2026-09-15,25350.0,PE,0.0,0.0,0.0,956.1,1412.04,0,0.0,0,0,2026-09-04
NIFTY,2026-09-22,22150.0,PE,0.0,0.0,0.0,16.05,3.77,0,0.0,0,0,2026-09-04
NIFTY,2026-09-22,23350.0,PE,0.0,0.0,0.0,149.8,112.87,0,0.0,0,0,2026-09-04
NIFTY,2026-09-22,24750.0,PE,0.0,0.0,0.0,752.65,866.13,0,0.0,0,0,2026-09-04
NIFTY,2026-09-29,21600.0,PE,7.6,7.75,7.0,7.45,7.45,1202,1688188427.25,258765,17550,2026-09-04
NIFTY,2026-09-29,24950.0,PE,0.0,0.0,0.0,942.55,1047.89,0,0.0,4940,0,2026-09-04
NIFTY,2026-09-29,25700.0,PE,0.0,0.0,0.0,1561.45,1720.23,0,0.0,12025,0,2026-09-04
NIFTY,2026-10-06,23950.0,PE,230.0,232.0,200.05,211.5,211.5,22,34566044.5,1105,585,2026-09-04
NIFTY,2026-10-06,24200.0,PE,0.0,0.0,0.0,480.05,540.72,0,0.0,0,0,2026-09-04
NIFTY,2026-10-27,22400.0,PE,34.0,34.0,27.0,29.75,29.75,54,78735371.0,42380,-390,2026-09-04
NIFTY,2026-10-27,24500.0,PE,555.5,567.05,503.85,543.6,543.6,1877,3054272900.25,633425,13000,2026-09-04
NIFTY,2026-10-27,24600.0,PE,621.05,621.25,566.95,600.85,600.85,98,160522859.25,98345,-975,2026-09-04
NIFTY,2026-10-27,24900.0,PE,829.0,836.0,780.0,819.45,819.45,54,90263127.5,77870,1365,2026-09-04
NIFTY,2026-11-23,22450.0,PE,0.0,0.0,0.0,108.55,137.49,0,0.0,0,0,2026-09-04
NIFTY,2026-11-23,25250.0,PE,0.0,0.0,0.0,1090.7,1333.73,0,0.0,0,0,2026-09-04
NIFTY,2026-11-23,25550.0,PE,0.0,0.0,0.0,1282.8,1554.79,0,0.0,0,0,2026-09-04
NIFTY,2026-12-29,23000.0,PE,196.85,196.9,159.05,167.1,167.1,6630,9984102267.75,3034505,84835,2026-09-04
NIFTY,2027-12-28,27000.0,PE,1800.0,1800.0,1700.0,1721.85,1721.85,59,110252450.75,51180,1820,2026-09-04
NIFTY,2028-06-27,25500.0,PE,0.0,0.0,0.0,667.45,1450.42,0,0.0,0,0,2026-09-04
NIFTY,2026-09-08,22400.0,CE,0.0,0.0,0.0,2357.75,1512.23,0,0.0,0,0,2026-09-04
NIFTY,2026-09-08,22750.0,CE,0.0,0.0,0.0,2023.95,1162.62,0,0.0,0,0,2026-09-04
NIFTY,2026-09-08,24050.0,CE,60.0,89.0,43.45,49.45,49.45,3318427,5201466835617.0,7066280,-725855,2026-09-04
NIFTY,2026-09-08,25150.0,CE,1.1,1.2,0.7,0.8,0.8,46025,75242102880.75,551785,-58955,2026-09-04
NIFTY,2026-09-15,24000.0,CE,150.2,193.45,139.5,146.2,146.2,118802,186595831864.0,1986920,276705,2026-09-04
NIFTY,2026-09-15,25250.0,CE,2.45,6.4,1.85,2.15,2.15,4798,7875400861.25,64090,42055,2026-09-04
NIFTY,2026-09-08,24300.0,CE,11.5,15.5,5.0,6.65,6.65,1752784,2769732623131.5,10487945,275665,2026-09-04
NIFTY,2026-09-08,23900.0,CE,145.0,180.5,112.0,123.8,123.8,3733592,5834975286884.25,5027750,-2745275,2026-09-04
NIFTY,2031-06-24,19500.0,PE,0.0,0.0,0.0,289.2,205.15,0,0.0,0,0,2026-09-04
NIFTY,2029-12-24,23000.0,PE,0.0,0.0,0.0,725.0,654.2,0,0.0,1560,0,2026-09-04
NIFTY,2026-11-23,25950.0,PE,0.0,0.0,0.0,1562.8,1870.69,0,0.0,0,0,2026-09-04
NIFTY,2026-11-23,24750.0,PE,0.0,0.0,0.0,807.55,1001.67,0,0.0,0,0,2026-09-04
NIFTY,2026-11-23,24550.0,PE,599.3,599.3,599.3,599.3,599.3,1,1634704.5,975,0,2026-09-04
NIFTY,2026-11-23,23850.0,PE,292.25,292.25,292.25,292.25,292.25,1,1569246.25,2665,65,2026-09-04
NIFTY,2026-11-23,23400.0,PE,181.0,181.0,165.05,172.75,172.75,88,134810867.75,6435,4550,2026-09-04
NIFTY,2026-11-23,23200.0,PE,141.1,141.1,130.5,137.45,137.45,121,183529619.0,9750,2080,2026-09-04
NIFTY,2026-11-23,22850.0,PE,0.0,0.0,0.0,168.05,213.74,0,0.0,0,0,2026-09-04
NIFTY,2026-10-27,26000.0,PE,1836.0,1846.55,1760.0,1822.0,1822.0,234,422989508.5,243425,11115,2026-09-04
NIFTY,2026-10-27,23000.0,PE,80.35,80.35,62.0,65.85,65.85,7054,10576440410.25,1163825,-57915,2026-09-04
NIFTY,2026-10-06,25350.0,PE,0.0,0.0,0.0,1263.25,1385.36,0,0.0,0,0,2026-09-04
NIFTY,2026-10-06,23150.0,PE,0.0,0.0,0.0,120.75,135.94,0,0.0,130,0,2026-09-04
NIFTY,2026-09-29,27100.0,PE,0.0,0.0,0.0,2914.15,3093.2,0,0.0,0,0,2026-09-04
NIFTY,2026-09-29,25400.0,PE,1373.25,1373.25,1335.8,1335.8,1440.82,3,5216744.0,31395,-130,2026-09-04
NIFTY,2026-09-29,23250.0,PE,55.0,55.0,36.7,39.2,39.2,1008,1526001961.25,108355,-4225,2026-09-04
NIFTY,2026-09-22,25250.0,PE,0.0,0.0,0.0,1111.0,1306.23,0,0.0,0,0,2026-09-04
NIFTY,2026-09-22,23000.0,PE,20.0,20.0,12.8,13.45,13.45,4338,6489477221.5,149175,42380,2026-09-04
NIFTY,2026-09-22,22900.0,PE,0.0,0.0,0.0,72.2,39.28,0,0.0,0,0,2026-09-04
NIFTY,2026-09-15,25950.0,PE,0.0,0.0,0.0,1430.0,2006.41,0,0.0,0,0,2026-09-04
NIFTY,2026-09-15,24750.0,PE,733.5,747.55,708.0,746.9,746.9,8,13250445.0,2600,65,2026-09-04
NIFTY,2026-09-15,23950.0,PE,157.2,158.35,112.15,130.3,130.3,35825,56072370230.5,296530,111865,2026-09-04
NIFTY,2026-09-08,26050.0,PE,0.0,0.0,0.0,1397.8,2135.41,0,0.0,0,0,2026-09-04
NIFTY,2026-09-08,25700.0,PE,0.0,0.0,0.0,1116.5,1785.63,0,0.0,0,0,2026-09-04
NIFTY,2026-09-08,24800.0,PE,839.6,853.55,773.25,841.6,841.6,452,752881782.25,81900,-2340,2026-09-04
NIFTY,2026-09-08,24150.0,PE,232.0,241.2,168.15,208.95,208.95,286812,453926480858.5,758095,47320,2026-09-04
NIFTY,2026-09-08,23150.0,PE,3.0,3.25,1.8,2.25,2.25,312999,471040498691.75,1700595,522535,2026-09-04
NIFTY,2026-09-08,22950.0,PE,2.4,2.5,1.25,1.7,1.7,184871,275805302805.5,1499940,770640,2026-09-04
NIFTY,2030-12-31,16500.0,CE,0.0,0.0,0.0,13763.55,11464.92,0,0.0,0,0,2026-09-04
NIFTY,2029-06-26,16500.0,CE,0.0,0.0,0.0,12587.95,10165.19,0,0.0,0,0,2026-09-04
NIFTY,2028-12-26,28500.0,CE,0.0,0.0,0.0,3608.65,2029.26,0,0.0,0,0,2026-09-04
NIFTY,2028-12-26,16500.0,CE,0.0,0.0,0.0,12176.65,9706.8,0,0.0,0,0,2026-09-04
NIFTY,2028-06-27,28500.0,CE,0.0,0.0,0.0,2990.0,1460.7,0,0.0,0,0,2026-09-04
NIFTY,2027-12-28,19500.0,CE,0.0,0.0,0.0,8684.7,6075.71,0,0.0,0,0,2026-09-04
NIFTY,2027-06-29,24000.0,CE,1721.0,1721.0,1682.0,1700.0,1981.65,6,10023848.25,2620,195,2026-09-04
NIFTY,2026-11-23,25500.0,CE,79.05,82.05,73.25,74.55,74.55,2101,3493060356.5,230620,36335,2026-09-04
NIFTY,2026-11-23,25400.0,CE,0.0,0.0,0.0,496.65,296.96,0,0.0,0,0,2026-09-04
NIFTY,2026-11-23,23200.0,CE,0.0,0.0,0.0,1717.3,1325.56,0,0.0,0,0,2026-09-04
NIFTY,2026-11-23,22550.0,CE,0.0,0.0,0.0,2241.1,1817.97,0,0.0,0,0,2026-09-04
NIFTY,2026-11-23,22400.0,CE,0.0,0.0,0.0,2369.8,1941.33,0,0.0,0,0,2026-09-04
NIFTY,2026-10-27,25050.0,CE,70.9,79.5,67.35,69.0,69.0,177,289029744.25,13260,910,2026-09-04
NIFTY,2026-10-27,25000.0,CE,80.0,89.0,75.0,76.1,76.1,10766,17551348282.0,1435785,76895,2026-09-04
NIFTY,2026-09-29,33000.0,CE,0.85,1.0,0.65,0.8,0.8,54,115832739.75,37440,-1170,2026-09-04
NIFTY,2026-09-29,26750.0,CE,2.05,2.05,2.05,2.05,1.56,1,1738883.25,7800,0,2026-09-04
NIFTY,2026-09-29,25500.0,CE,8.6,8.6,6.4,6.7,6.7,16675,27646620569.75,3110250,10920,2026-09-04
NIFTY,2026-09-29,22800.0,CE,1305.0,1305.0,1265.0,1265.0,1242.57,2,3131050.0,2665,-65,2026-09-04
NIFTY,2026-09-29,22750.0,CE,0.0,0.0,0.0,1548.85,1286.87,0,0.0,195,0,2026-09-04
NIFTY,2026-09-29,21650.0,CE,0.0,0.0,0.0,2300.0,2337.49,0,0.0,65,0,2026-09-04
NIFTY,2026-09-22,25450.0,CE,4.6,4.6,4.6,4.6,16.43,4,6618196.0,3380,260,2026-09-04
NIFTY,2026-09-15,24850.0,CE,4.95,5.65,3.85,4.15,4.15,6714,10846773512.25,113035,66105,2026-09-04
NIFTY,2026-09-15,23500.0,CE,520.05,582.0,505.0,521.0,521.0,2004,3131526638.5,64610,6500,2026-09-04
NIFTY,2026-09-15,23450.0,CE,586.7,593.05,556.0,566.25,566.25,16,24988583.75,455,390,2026-09-04
NIFTY,2026-09-08,25650.0,CE,0.65,0.75,0.45,0.5,0.5,12770,21291279886.5,409435,3575,2026-09-04
NIFTY,2026-09-29,26950.0,PE,0.0,0.0,0.0,2780.25,2944.12,0,0.0,0,0,2026-09-04
NIFTY,2026-09-08,26250.0,CE,0.65,0.65,0.4,0.45,0.45,4115,7021346176.0,83915,30095,2026-09-04
NIFTY,2026-09-08,24900.0,CE,1.7,1.7,0.95,1.15,1.15,335464,542976722749.5,3410875,-130780,2026-09-04
NIFTY,2026-09-15,25400.0,CE,1.9,2.1,1.45,1.65,1.65,7244,11960618985.25,185835,105040,2026-09-04
NIFTY,2026-09-22,23050.0,CE,0.0,0.0,0.0,1331.55,972.24,0,0.0,0,0,2026-09-04
NIFTY,2026-09-22,26100.0,CE,2.35,2.4,2.2,2.3,2.3,9,15269874.75,3510,455,2026-09-04
NIFTY,2026-09-29,25650.0,CE,6.1,6.1,5.65,6.05,6.05,64,106728420.5,21190,-2080,2026-09-04
NIFTY,2026-10-06,22150.0,CE,0.0,0.0,0.0,2051.3,1891.26,0,0.0,0,0,2026-09-04
NIFTY,2026-10-06,22900.0,CE,0.0,0.0,0.0,1367.45,1215.44,0,0.0,0,0,2026-09-04
NIFTY,2026-10-06,25500.0,CE,0.0,0.0,0.0,92.5,58.95,0,0.0,0,0,2026-09-04
NIFTY,2026-10-27,22650.0,CE,0.0,0.0,0.0,1882.95,1569.07,0,0.0,0,0,2026-09-04
NIFTY,2026-09-08,22200.0,CE,0.0,0.0,0.0,2551.85,1712.1,0,0.0,0,0,2026-09-04
NIFTY,2028-12-26,25500.0,PE,0.0,0.0,0.0,648.2,1386.82,0,0.0,0,0,2026-09-04
NIFTY,2027-03-30,30000.0,PE,0.0,0.0,0.0,4575.0,5102.78,0,0.0,3120,0,2026-09-04
NIFTY,2026-12-29,20000.0,CE,4310.7,4375.55,4299.95,4308.3,4308.3,137,216542030.25,596075,5005,2026-09-04
NIFTY,2026-10-27,22950.0,PE,0.0,0.0,0.0,274.9,165.81,0,0.0,0,0,2026-09-04
NIFTY,2026-10-27,22650.0,PE,37.95,38.0,36.15,38.0,110.55,7,10322906.75,5070,-325,2026-09-04
NIFTY,2026-10-06,22200.0,PE,15.0,15.25,11.15,13.1,13.1,76,109734066.0,2600,2340,2026-09-04
NIFTY,2026-09-29,26900.0,PE,2776.0,2776.0,2776.0,2776.0,2894.46,1,1928940.0,65,0,2026-09-04
NIFTY,2026-09-29,23800.0,PE,177.6,177.6,125.4,140.2,140.2,29355,45683292674.5,2090335,157560,2026-09-04
NIFTY,2026-09-29,23050.0,PE,33.15,33.55,24.8,25.75,25.75,691,1036487185.5,103480,-3770,2026-09-04
NIFTY,2026-09-15,22250.0,CE,0.0,0.0,0.0,2361.8,1688.19,0,0.0,0,0,2026-09-04
NIFTY,2026-09-15,23000.0,CE,990.0,1061.05,983.0,997.9,997.9,96,149867071.25,28275,910,2026-09-04
NIFTY,2026-09-29,21850.0,PE,9.0,9.0,9.0,9.0,4.21,1,1420835.0,3575,0,2026-09-04
NIFTY,2026-09-22,23900.0,PE,180.0,180.0,130.45,144.75,144.75,5446,8511429104.75,163410,68445,2026-09-04
NIFTY,2026-09-22,23300.0,PE,39.0,39.4,25.25,28.0,28.0,2375,3601627360.5,102960,24505,2026-09-04
NIFTY,2026-09-15,26000.0,PE,2010.0,2010.0,1936.0,2000.75,2000.75,60,109108710.75,14950,3900,2026-09-04
NIFTY,2026-09-15,24900.0,PE,919.0,927.4,880.7,905.95,905.95,219,367162432.0,13780,13130,2026-09-04
NIFTY,2026-09-15,23600.0,PE,55.3,55.3,32.8,36.05,36.05,41988,64516256005.5,785915,212485,2026-09-04
NIFTY,2026-09-15,24650.0,CE,10.45,11.75,6.45,7.1,7.1,27710,44412736420.0,943865,766415,2026-09-04
NIFTY,2026-11-23,26050.0,CE,0.0,0.0,0.0,309.45,165.86,0,0.0,0,0,2026-09-04
NIFTY,2026-09-15,23300.0,PE,16.9,18.7,11.1,11.7,11.7,30659,46459930331.75,572130,245310,2026-09-04
NIFTY,2026-09-15,22600.0,PE,4.65,4.7,3.65,3.95,3.95,3162,4645865285.75,130585,12415,2026-09-04
NIFTY,2026-11-23,24950.0,CE,0.0,0.0,0.0,670.25,426.17,0,0.0,0,0,2026-09-04
NIFTY,2026-12-29,19000.0,PE,23.0,23.7,22.05,22.55,22.55,417,515614781.5,616500,-4875,2026-09-04
NIFTY,2026-09-08,25100.0,PE,1115.0,1128.0,1090.0,1107.7,1186.25,14,23849013.5,16640,-260,2026-09-04
NIFTY,2026-09-08,23850.0,PE,50.0,74.7,34.5,43.7,43.7,2981841,4631686319152.75,5900375,2206945,2026-09-04
NIFTY,2026-09-08,23750.0,PE,35.0,38.85,18.25,22.4,22.4,1768391,2732917961176.0,4260360,1568385,2026-09-04
NIFTY,2026-09-08,22550.0,PE,1.3,1.65,1.0,1.2,1.2,41048,60169799105.0,361205,122265,2026-09-04
NIFTY,2030-12-31,19500.0,CE,0.0,0.0,0.0,11601.15,9343.36,0,0.0,0,0,2026-09-04
NIFTY,2026-12-29,34500.0,CE,0.0,0.0,0.0,4.9,0.04,0,0.0,975,0,2026-09-04
NIFTY,2026-10-27,24350.0,PE,470.5,476.9,431.6,455.85,455.85,29,46766648.5,16640,-65,2026-09-04
NIFTY,2026-09-29,25100.0,CE,14.05,16.05,12.25,12.7,12.7,6220,10153690114.75,632385,-11700,2026-09-04
NIFTY,2026-10-06,23350.0,CE,0.0,0.0,0.0,1005.0,864.56,0,0.0,0,0,2026-09-04
NIFTY,2026-10-06,24650.0,CE,0.0,0.0,0.0,289.65,214.31,0,0.0,0,0,2026-09-04
NIFTY,2026-10-06,25800.0,CE,8.8,16.7,6.75,7.3,7.3,342,573738460.75,16120,14430,2026-09-04
NIFTY,2030-12-31,27000.0,PE,0.0,0.0,0.0,779.5,1510.81,0,0.0,0,0,2026-09-04
NIFTY,2026-09-15,22550.0,CE,0.0,0.0,0.0,2074.25,1391.48,0,0.0,0,0,2026-09-04
NIFTY,2026-09-08,26100.0,CE,0.6,0.65,0.4,0.45,0.45,7718,13093833168.0,194285,32695,2026-09-04
NIFTY,2026-09-08,24400.0,CE,7.0,7.05,2.85,3.7,3.7,1063700,1687390177872.75,9981465,2069990,2026-09-04
NIFTY,2026-09-08,23500.0,CE,449.95,539.15,449.95,468.05,468.05,24414,38063348748.75,262145,-62205,2026-09-04
NIFTY,2026-10-27,22450.0,CE,0.0,0.0,0.0,2042.45,1739.19,0,0.0,0,0,2026-09-04
NIFTY,2026-09-22,25950.0,CE,2.2,2.4,1.9,2.0,2.0,30,50606549.5,650,0,2026-09-04
NIFTY,2026-09-29,25050.0,CE,19.0,19.0,13.9,14.55,14.55,873,1422386277.0,275145,8645,2026-09-04
NIFTY,2026-09-15,25850.0,CE,1.5,1.5,0.95,1.15,1.15,229,384793857.5,6435,3770,2026-09-04
NIFTY,2026-10-27,22950.0,CE,0.0,0.0,0.0,1654.95,1327.12,0,0.0,0,0,2026-09-04
NIFTY,2026-10-27,23250.0,CE,0.0,0.0,0.0,1441.3,1103.51,0,0.0,0,0,2026-09-04
NIFTY,2030-06-25,24000.0,PE,0.0,0.0,0.0,698.15,830.27,0,0.0,0,0,2026-09-04
NIFTY,2027-12-28,25500.0,PE,0.0,0.0,0.0,676.05,1504.5,0,0.0,0,0,2026-09-04
NIFTY,2027-12-28,18000.0,PE,0.0,0.0,0.0,181.05,30.39,0,0.0,11915,0,2026-09-04
NIFTY,2026-12-29,16000.0,PE,10.05,11.0,9.4,10.15,10.15,54,56196240.75,117450,65,2026-09-04
NIFTY,2026-11-23,25650.0,PE,0.0,0.0,0.0,1350.35,1631.6,0,0.0,0,0,2026-09-04
NIFTY,2026-11-23,25200.0,PE,0.0,0.0,0.0,1060.25,1298.43,0,0.0,0,0,2026-09-04
NIFTY,2026-10-27,26450.0,PE,0.0,0.0,0.0,2246.05,2349.77,0,0.0,0,0,2026-09-04
NIFTY,2026-10-27,25750.0,PE,1531.45,1531.45,1531.45,1531.45,1722.04,1,1773294.25,260,0,2026-09-04
NIFTY,2026-10-27,24250.0,PE,414.15,414.15,380.0,404.3,404.3,67,107293823.0,17485,-260,2026-09-04
NIFTY,2026-10-06,24300.0,PE,0.0,0.0,0.0,532.55,598.84,0,0.0,0,0,2026-09-04
NIFTY,2026-10-06,24250.0,PE,0.0,0.0,0.0,505.9,569.36,0,0.0,0,0,2026-09-04
NIFTY,2026-09-29,26650.0,PE,0.0,0.0,0.0,2517.6,2646.52,0,0.0,0,0,2026-09-04
NIFTY,2026-09-29,24150.0,PE,303.95,316.65,257.45,286.85,286.85,710,1127511424.0,200460,-10140,2026-09-04
NIFTY,2026-09-29,22250.0,PE,12.0,12.0,10.3,10.9,13.68,33,47749536.25,26130,650,2026-09-04
NIFTY,2026-09-22,25200.0,PE,0.0,0.0,0.0,1072.35,1259.99,0,0.0,0,0,2026-09-04
NIFTY,2026-09-22,23850.0,PE,140.85,145.0,115.35,129.2,129.2,519,808863344.25,19240,5330,2026-09-04
NIFTY,2026-09-15,26050.0,PE,0.0,0.0,0.0,1515.75,2106.09,0,0.0,0,0,2026-09-04
NIFTY,2026-09-15,25900.0,PE,0.0,0.0,0.0,1387.75,1956.6,0,0.0,0,0,2026-09-04
NIFTY,2026-09-15,25600.0,PE,0.0,0.0,0.0,1144.25,1658.46,0,0.0,0,0,2026-09-04
NIFTY,2026-09-08,26300.0,PE,2337.0,2337.0,2337.0,2337.0,2385.24,1,1861405.0,2210,-65,2026-09-04
NIFTY,2026-09-08,23800.0,PE,47.0,52.0,25.4,31.8,31.8,3578353,5543865561711.75,11021660,3865485,2026-09-04
NIFTY,2031-06-24,31500.0,CE,0.0,0.0,0.0,3928.35,3675.9,0,0.0,0,0,2026-09-04
NIFTY,2030-12-31,21000.0,CE,0.0,0.0,0.0,10552.5,8346.32,0,0.0,0,0,2026-09-04
NIFTY,2029-12-24,27000.0,CE,0.0,0.0,0.0,6201.65,3807.88,0,0.0,0,0,2026-09-04
NIFTY,2026-09-29,16500.0,CE,0.0,0.0,0.0,10168.85,7464.47,0,0.0,0,0,2026-09-04
NIFTY,2027-12-28,25500.0,CE,0.0,0.0,0.0,2400.0,1972.88,0,0.0,0,0,2026-09-04
NIFTY,2027-12-28,22500.0,CE,3011.0,3011.0,3011.0,3011.0,3011.0,1,1658215.0,65,65,2026-09-04
NIFTY,2027-06-29,33000.0,CE,0.0,0.0,0.0,1122.75,47.37,0,0.0,0,0,2026-09-04
NIFTY,2027-03-30,19500.0,CE,0.0,0.0,0.0,4365.4,5119.25,0,0.0,0,0,2026-09-04
NIFTY,2026-11-23,24750.0,CE,256.25,256.25,239.0,246.35,246.35,10,16248232.0,14495,455,2026-09-04
NIFTY,2026-11-23,24050.0,CE,598.85,601.55,598.85,601.55,806.98,4,6409052.0,455,260,2026-09-04
NIFTY,2026-10-27,26550.0,CE,0.0,0.0,0.0,164.25,37.91,0,0.0,0,0,2026-09-04
NIFTY,2027-12-28,16500.0,PE,0.0,0.0,0.0,52.05,7.4,0,0.0,130,0,2026-09-04
NIFTY,2027-06-29,27000.0,PE,0.0,0.0,0.0,2070.0,2446.81,0,0.0,65,0,2026-09-04
NIFTY,2027-06-29,19500.0,PE,0.0,0.0,0.0,17.3,46.73,0,0.0,0,0,2026-09-04
NIFTY,2026-11-23,25300.0,PE,0.0,0.0,0.0,1121.6,1369.47,0,0.0,0,0,2026-09-04
NIFTY,2026-11-23,24400.0,PE,530.0,534.0,500.0,523.85,523.85,17,27538917.25,13390,195,2026-09-04
NIFTY,2026-11-23,23550.0,PE,0.0,0.0,0.0,327.35,415.82,0,0.0,0,0,2026-09-04
NIFTY,2026-11-23,23050.0,PE,0.0,0.0,0.0,205.8,262.78,0,0.0,0,0,2026-09-04
NIFTY,2026-10-27,26800.0,PE,0.0,0.0,0.0,2544.55,2679.2,0,0.0,0,0,2026-09-04
NIFTY,2026-10-27,26350.0,PE,0.0,0.0,0.0,2163.0,2257.2,0,0.0,0,0,2026-09-04
NIFTY,2026-10-06,25200.0,PE,0.0,0.0,0.0,1141.5,1256.87,0,0.0,0,0,2026-09-04
NIFTY,2026-10-06,24600.0,PE,0.0,0.0,0.0,709.3,792.8,0,0.0,0,0,2026-09-04
NIFTY,2026-10-06,23850.0,PE,0.0,0.0,0.0,322.35,364.52,0,0.0,0,0,2026-09-04
NIFTY,2026-10-06,23200.0,PE,0.0,0.0,0.0,130.7,147.28,0,0.0,0,0,2026-09-04
NIFTY,2026-10-06,22900.0,PE,0.0,0.0,0.0,79.4,88.81,0,0.0,0,0,2026-09-04
NIFTY,2026-09-29,22700.0,PE,19.25,19.55,14.3,14.65,14.65,2910,4296774423.5,369330,-2405,2026-09-04
NIFTY,2026-09-29,22200.0,PE,11.8,11.8,9.65,9.9,9.9,2511,3625067007.25,201435,27950,2026-09-04
NIFTY,2026-09-22,26100.0,PE,0.0,0.0,0.0,1839.95,2128.62,0,0.0,0,0,2026-09-04
NIFTY,2026-09-22,23800.0,PE,128.85,134.75,97.9,109.55,109.55,6866,10670772050.25,158275,17290,2026-09-04
NIFTY,2026-09-22,23450.0,PE,52.85,54.0,41.05,41.75,41.75,361,551277723.75,17095,11700,2026-09-04
NIFTY,2026-09-22,22700.0,PE,13.75,13.75,7.35,7.95,7.95,351,518090618.5,15795,14430,2026-09-04
NIFTY,2026-09-08,25200.0,PE,1263.95,1263.95,1199.6,1243.3,1243.3,13,22333294.75,15080,-260,2026-09-04
NIFTY,2026-09-08,24850.0,PE,674.05,906.75,674.0,896.8,896.8,199,332718421.75,2795,130,2026-09-04
NIFTY,2026-09-08,22850.0,PE,2.0,2.2,1.15,1.55,1.55,109014,161925757272.5,690300,282815,2026-09-04
NIFTY,2029-06-26,21000.0,CE,0.0,0.0,0.0,9799.75,6709.72,0,0.0,0,0,2026-09-04
NIFTY,2028-06-27,22500.0,CE,0.0,0.0,0.0,6796.05,4421.52,0,0.0,0,0,2026-09-04
NIFTY,2027-03-30,33000.0,CE,14.95,15.05,14.95,15.05,15.05,6,12875846.75,4225,195,2026-09-04
NIFTY,2027-03-30,24000.0,CE,1276.0,1320.0,1270.05,1275.2,1275.2,393,646007365.25,580905,-1755,2026-09-04
NIFTY,2026-11-23,25200.0,CE,0.0,0.0,0.0,569.15,349.33,0,0.0,0,0,2026-09-04
NIFTY,2026-10-27,24750.0,CE,132.0,147.45,125.95,128.0,128.0,51,82493781.5,18200,650,2026-09-04
NIFTY,2026-10-27,24050.0,CE,416.0,456.65,414.0,421.2,421.2,125,199001465.0,14040,-3510,2026-09-04
NIFTY,2026-10-06,25650.0,CE,0.0,0.0,0.0,73.45,45.39,0,0.0,0,0,2026-09-04
NIFTY,2026-10-06,23900.0,CE,381.0,420.0,366.6,373.0,373.0,104,164195827.25,5265,2470,2026-09-04
NIFTY,2026-10-06,23050.0,CE,0.0,0.0,0.0,1241.5,1092.71,0,0.0,0,0,2026-09-04
NIFTY,2026-09-29,22850.0,CE,0.0,0.0,0.0,1575.95,1198.78,0,0.0,325,0,2026-09-04
NIFTY,2026-09-22,25500.0,CE,4.15,4.15,3.0,3.15,3.15,1198,1985948539.25,90935,34125,2026-09-04
NIFTY,2026-09-22,25050.0,CE,0.0,0.0,0.0,209.5,44.55,0,0.0,0,0,2026-09-04
NIFTY,2026-09-22,24400.0,CE,69.35,80.65,57.7,60.45,60.45,2851,4534387978.25,117455,8775,2026-09-04
NIFTY,2026-09-22,23600.0,CE,481.0,538.4,481.0,492.8,492.8,24,37602854.25,5135,0,2026-09-04
NIFTY,2026-09-22,23500.0,CE,570.0,629.0,556.8,568.8,568.8,286,447839619.5,18200,9295,2026-09-04
NIFTY,2026-09-22,23350.0,CE,0.0,0.0,0.0,1089.75,728.64,0,0.0,0,0,2026-09-04
NIFTY,2026-09-22,23200.0,CE,0.0,0.0,0.0,1208.1,846.83,0,0.0,0,0,2026-09-04
NIFTY,2026-09-22,22150.0,CE,0.0,0.0,0.0,2149.05,1816.04,0,0.0,0,0,2026-09-04
NIFTY,2026-09-15,24100.0,CE,110.0,139.5,96.3,101.1,101.1,74332,117003349973.25,1258270,36595,2026-09-04
NIFTY,2026-09-08,25800.0,CE,0.6,0.7,0.45,0.5,0.5,30267,50758791242.25,515385,-5850,2026-09-04
NIFTY,2026-09-08,23750.0,CE,239.85,302.05,220.65,234.85,234.85,133304,207994767750.25,481130,56030,2026-09-04
NIFTY,2029-06-26,18000.0,PE,0.0,0.0,0.0,118.45,85.62,0,0.0,0,0,2026-09-04
NIFTY,2029-06-26,31500.0,PE,0.0,0.0,0.0,2443.35,4034.31,0,0.0,0,0,2026-09-04
NIFTY,2028-06-27,16500.0,PE,0.0,0.0,0.0,3.8,16.47,0,0.0,0,0,2026-09-04
NIFTY,2026-09-08,25850.0,PE,0.0,0.0,0.0,1234.05,1935.53,0,0.0,0,0,2026-09-04
NIFTY,2026-09-22,22350.0,PE,6.55,7.3,5.6,6.0,6.0,73,106081478.75,35490,585,2026-09-04
NIFTY,2026-09-22,22400.0,PE,6.75,7.9,6.15,6.65,6.65,80,116517056.5,9230,1820,2026-09-04
NIFTY,2026-09-22,24350.0,PE,391.45,395.7,361.65,395.7,395.7,23,36960062.75,2210,780,2026-09-04
NIFTY,2026-09-22,24550.0,PE,0.0,0.0,0.0,548.5,709.51,0,0.0,65,0,2026-09-04
NIFTY,2026-09-22,25450.0,PE,0.0,0.0,0.0,1271.15,1494.54,0,0.0,0,0,2026-09-04
NIFTY,2026-09-22,26050.0,PE,0.0,0.0,0.0,1794.15,2079.19,0,0.0,0,0,2026-09-04
NIFTY,2026-09-29,15000.0,PE,1.5,1.5,1.0,1.1,1.1,127,123834493.25,81510,-2015,2026-09-04
NIFTY,2026-09-29,21700.0,PE,8.0,8.9,7.6,8.2,8.2,309,436010861.0,82810,7345,2026-09-04
NIFTY,2026-09-29,25250.0,PE,0.0,0.0,0.0,1164.4,1305.68,0,0.0,1950,0,2026-09-04
NIFTY,2026-10-06,22600.0,PE,0.0,0.0,0.0,45.55,50.31,0,0.0,0,0,2026-09-04
NIFTY,2026-10-06,23500.0,PE,90.05,92.4,82.2,89.1,230.52,35,53663200.5,2340,1170,2026-09-04
NIFTY,2026-10-27,22900.0,PE,0.0,0.0,0.0,262.65,155.39,0,0.0,0,0,2026-09-04
NIFTY,2026-10-27,23100.0,PE,86.35,88.0,71.0,76.15,76.15,944,1422181315.75,112255,-5980,2026-09-04
NIFTY,2026-10-27,23400.0,PE,128.55,133.45,110.9,120.4,120.4,1037,1585314724.5,99775,15990,2026-09-04
NIFTY,2026-10-27,24400.0,PE,495.5,499.7,446.55,482.2,482.2,298,481706078.75,164190,-6890,2026-09-04
NIFTY,2026-10-27,27100.0,PE,0.0,0.0,0.0,2808.9,2966.74,0,0.0,0,0,2026-09-04
NIFTY,2026-11-23,23600.0,PE,224.9,224.9,206.3,218.05,218.05,69,106806677.25,15730,1430,2026-09-04
NIFTY,2026-11-23,24900.0,PE,0.0,0.0,0.0,887.45,1096.26,0,0.0,0,0,2026-09-04
NIFTY,2026-11-23,25050.0,PE,0.0,0.0,0.0,950.35,1195.24,0,0.0,65,0,2026-09-04
NIFTY,2026-12-29,27000.0,PE,2500.0,2531.55,2449.0,2494.85,2494.85,232,444741852.75,1028985,5980,2026-09-04
NIFTY,2027-12-28,22500.0,PE,0.0,0.0,0.0,186.5,497.77,0,0.0,0,0,2026-09-04
NIFTY,2027-12-28,23000.0,PE,455.0,455.0,420.1,433.7,433.7,278,423521010.25,63470,3575,2026-09-04
NIFTY,2029-06-26,22500.0,PE,0.0,0.0,0.0,224.45,568.32,0,0.0,0,0,2026-09-04
NIFTY,2031-06-24,30000.0,PE,0.0,0.0,0.0,2616.25,2338.71,0,0.0,0,0,2026-09-04
NIFTY,2026-09-08,23450.0,PE,8.0,8.05,3.15,3.9,3.9,449932,685962011627.75,2580500,561470,2026-09-04
NIFTY,2026-09-08,23350.0,PE,5.7,5.7,2.35,3.1,3.1,405480,615521019467.25,2051790,332930,2026-09-04
NIFTY,2026-09-08,23000.0,PE,2.4,2.65,1.55,1.95,1.95,771093,1152895092774.75,11828895,1164020,2026-09-04
NIFTY,2026-09-08,22100.0,PE,0.6,1.05,0.55,0.65,0.65,107299,154140285094.25,1319955,1319955,2026-09-04
NIFTY,2028-06-27,24000.0,CE,0.0,0.0,0.0,3918.85,3469.49,0,0.0,0,0,2026-09-04
NIFTY,2026-11-23,25050.0,CE,0.0,0.0,0.0,628.4,394.04,0,0.0,0,0,2026-09-04
NIFTY,2026-10-27,26150.0,CE,0.0,0.0,0.0,228.35,65.7,0,0.0,0,0,2026-09-04
NIFTY,2026-10-27,24950.0,CE,88.25,95.7,82.7,84.35,84.35,148,240873025.25,24635,3575,2026-09-04
NIFTY,2026-09-15,26100.0,PE,0.0,0.0,0.0,1559.2,2155.95,0,0.0,0,0,2026-09-04
NIFTY,2026-09-08,22800.0,CE,0.0,0.0,0.0,1977.1,1112.74,0,0.0,0,0,2026-09-04
NIFTY,2026-09-08,22900.0,CE,1075.1,1075.1,1072.8,1072.8,1013.15,2,3116613.5,65,-65,2026-09-04
NIFTY,2026-09-08,23200.0,CE,760.0,825.0,749.4,758.45,758.45,204,318041334.0,16445,-1105,2026-09-04
NIFTY,2026-09-08,26200.0,CE,0.5,0.55,0.4,0.45,0.45,9052,15415831697.5,121550,45305,2026-09-04
NIFTY,2026-09-15,23250.0,CE,0.0,0.0,0.0,1438.9,738.36,0,0.0,0,0,2026-09-04
NIFTY,2026-09-15,24050.0,CE,129.95,165.55,115.3,122.7,122.7,24411,38379502518.5,367445,121615,2026-09-04
NIFTY,2026-09-22,25350.0,CE,0.0,0.0,0.0,141.55,21.37,0,0.0,0,0,2026-09-04
NIFTY,2026-09-22,25750.0,CE,0.0,0.0,0.0,3.9,7.1,0,0.0,780,0,2026-09-04
NIFTY,2026-09-29,22700.0,CE,0.0,0.0,0.0,1280.55,1331.65,0,0.0,1625,0,2026-09-04
NIFTY,2026-09-29,26450.0,CE,0.0,0.0,0.0,3.15,3.55,0,0.0,2795,0,2026-09-04
NIFTY,2026-10-06,22500.0,CE,0.0,0.0,0.0,1723.05,1565.39,0,0.0,0,0,2026-09-04
NIFTY,2026-10-06,23250.0,CE,0.0,0.0,0.0,1081.35,937.93,0,0.0,0,0,2026-09-04
NIFTY,2026-10-27,22700.0,CE,0.0,0.0,0.0,1740.0,1527.58,0,0.0,260,0,2026-09-04
NIFTY,2026-09-08,25500.0,PE,1551.35,1570.7,1476.25,1527.5,1527.5,41,72001887.75,115310,-1820,2026-09-04
NIFTY,2026-09-15,24200.0,CE,71.25,96.75,63.8,67.35,67.35,81085,127955077389.75,1913470,519675,2026-09-04
NIFTY,2026-10-06,22750.0,PE,0.0,0.0,0.0,60.6,67.39,0,0.0,0,0,2026-09-04
NIFTY,2026-09-08,24250.0,CE,14.0,23.0,8.0,10.1,10.1,1402172,2211584114275.25,5408000,995280,2026-09-04
NIFTY,2026-09-08,24950.0,CE,1.35,1.6,0.9,1.1,1.1,117166,190023328248.0,1028625,154700,2026-09-04
NIFTY,2026-09-08,25300.0,CE,0.8,1.05,0.6,0.65,0.65,208541,342955853435.0,2965820,-1290315,2026-09-04
NIFTY,2026-09-15,22600.0,CE,0.0,0.0,0.0,1463.4,1342.47,0,0.0,65,0,2026-09-04
NIFTY,2030-12-31,28500.0,PE,0.0,0.0,0.0,1083.1,1978.65,0,0.0,0,0,2026-09-04
NIFTY,2029-12-24,27000.0,PE,0.0,0.0,0.0,1177.9,1731.24,0,0.0,0,0,2026-09-04
NIFTY,2029-12-24,18000.0,PE,0.0,0.0,0.0,96.5,97.14,0,0.0,0,0,2026-09-04
NIFTY,2029-06-26,28500.0,PE,0.0,0.0,0.0,1349.1,2483.93,0,0.0,0,0,2026-09-04
NIFTY,2026-11-23,24150.0,PE,390.0,405.2,390.0,405.2,405.2,2,3191188.0,5850,65,2026-09-04
NIFTY,2026-11-23,24100.0,PE,393.5,397.05,358.05,375.25,375.25,44,70008978.0,9815,1625,2026-09-04
NIFTY,2026-11-23,23100.0,PE,0.0,0.0,0.0,216.2,275.89,0,0.0,0,0,2026-09-04
NIFTY,2026-10-27,25650.0,PE,0.0,0.0,0.0,1057.4,1637.07,0,0.0,130,0,2026-09-04
NIFTY,2026-10-27,25350.0,PE,0.0,0.0,0.0,865.7,1391.41,0,0.0,260,0,2026-09-04
NIFTY,2026-10-27,24200.0,PE,405.85,405.85,348.0,376.15,376.15,1309,2090284901.25,268385,650,2026-09-04
NIFTY,2026-10-27,24000.0,PE,300.6,311.2,266.9,287.75,287.75,6337,10003436917.5,1111045,78455,2026-09-04
NIFTY,2026-10-27,22550.0,PE,0.0,0.0,0.0,41.0,95.74,0,0.0,3120,0,2026-09-04
NIFTY,2026-10-06,25600.0,PE,0.0,0.0,0.0,1475.75,1607.75,0,0.0,0,0,2026-09-04
NIFTY,2026-10-06,22850.0,PE,0.0,0.0,0.0,72.7,81.15,0,0.0,0,0,2026-09-04
NIFTY,2026-09-29,24750.0,PE,699.0,700.1,681.0,700.1,887.69,5,8268572.0,32695,-260,2026-09-04
NIFTY,2026-09-29,24550.0,PE,568.75,571.95,517.35,553.15,553.15,37,60337865.25,62790,-780,2026-09-04
NIFTY,2026-09-29,22450.0,PE,14.5,14.5,11.05,11.45,11.45,92,134327433.5,18135,1495,2026-09-04
NIFTY,2026-09-22,23150.0,PE,0.0,0.0,0.0,109.9,72.7,0,0.0,0,0,2026-09-04
NIFTY,2026-09-15,26150.0,PE,0.0,0.0,0.0,1603.05,2205.82,0,0.0,0,0,2026-09-04
NIFTY,2026-09-08,23300.0,PE,4.0,4.25,2.2,2.8,2.8,618424,936744840629.0,4261075,700570,2026-09-04
NIFTY,2030-12-31,18000.0,CE,0.0,0.0,0.0,12674.15,10386.33,0,0.0,0,0,2026-09-04
NIFTY,2029-06-26,22500.0,CE,0.0,0.0,0.0,7946.5,5691.71,0,0.0,0,0,2026-09-04
NIFTY,2026-09-15,23400.0,CE,614.95,670.95,600.75,607.15,607.15,190,296754974.75,6110,2990,2026-09-04
NIFTY,2027-12-28,33000.0,CE,86.0,86.0,77.2,77.2,77.2,41,88160650.5,5915,260,2026-09-04
NIFTY,2027-12-28,30000.0,CE,241.05,245.0,207.55,211.45,211.45,466,915308800.25,176735,10335,2026-09-04
NIFTY,2027-12-28,25000.0,CE,1825.05,1877.4,1794.95,1810.1,1810.1,574,999944484.5,95950,30420,2026-09-04
NIFTY,2027-03-30,31500.0,CE,0.0,0.0,0.0,94.65,28.34,0,0.0,0,0,2026-09-04
NIFTY,2026-12-29,28500.0,CE,15.6,16.9,14.5,14.85,14.85,124,229835183.5,114140,-845,2026-09-04
NIFTY,2026-11-23,23550.0,CE,0.0,0.0,0.0,1461.75,1093.6,0,0.0,0,0,2026-09-04
NIFTY,2026-10-27,27150.0,CE,6.05,6.05,4.5,4.5,4.5,8,14121025.75,2210,455,2026-09-04
NIFTY,2026-10-27,26600.0,CE,0.0,0.0,0.0,157.4,35.29,0,0.0,0,0,2026-09-04
NIFTY,2026-10-06,25200.0,CE,0.0,0.0,0.0,142.85,96.45,0,0.0,0,0,2026-09-04
NIFTY,2026-10-06,24300.0,CE,214.7,214.7,214.7,214.7,333.35,1,1593455.5,65,65,2026-09-04
NIFTY,2026-10-06,23150.0,CE,0.0,0.0,0.0,1160.25,1013.97,0,0.0,0,0,2026-09-04
NIFTY,2026-09-22,24750.0,CE,0.0,0.0,0.0,300.7,85.98,0,0.0,0,0,2026-09-04
NIFTY,2026-09-22,24450.0,CE,56.0,68.3,47.3,49.45,49.45,710,1130885876.25,31135,8515,2026-09-04
NIFTY,2026-09-22,24200.0,CE,115.25,150.0,111.0,119.3,119.3,3838,6069997680.5,133575,29575,2026-09-04
NIFTY,2026-09-22,23450.0,CE,0.0,0.0,0.0,1013.95,654.26,0,0.0,0,0,2026-09-04
NIFTY,2026-09-22,22500.0,CE,0.0,0.0,0.0,1819.0,1475.71,0,0.0,0,0,2026-09-04
NIFTY,2026-09-15,25500.0,CE,1.8,1.8,1.25,1.55,1.55,21244,35213980772.75,646165,182390,2026-09-04
NIFTY,2026-09-15,25150.0,CE,2.85,4.6,2.1,2.5,2.5,2771,4530355722.75,64025,43550,2026-09-04
NIFTY,2026-09-22,24950.0,CE,0.0,0.0,0.0,237.2,55.94,0,0.0,0,0,2026-09-04
NIFTY,2026-09-29,21850.0,CE,0.0,0.0,0.0,2400.0,2140.33,0,0.0,65,0,2026-09-04
NIFTY,2026-09-29,22250.0,CE,0.0,0.0,0.0,1920.0,1751.41,0,0.0,130,0,2026-09-04
NIFTY,2026-09-29,23700.0,CE,438.45,517.45,438.45,459.55,459.55,2306,3623663478.5,147290,-11700,2026-09-04
NIFTY,2026-09-29,25850.0,CE,3.75,5.2,3.75,4.75,4.75,44,73944633.75,8450,-1170,2026-09-04
NIFTY,2026-09-29,25900.0,CE,5.0,5.0,4.2,4.4,4.4,182,306450329.25,19890,-1105,2026-09-04
NIFTY,2026-09-29,34500.0,CE,0.0,0.0,0.0,0.65,0.0,0,0.0,9880,0,2026-09-04
NIFTY,2026-10-06,22250.0,CE,0.0,0.0,0.0,1956.3,1796.75,0,0.0,0,0,2026-09-04
NIFTY,2026-10-06,23950.0,CE,348.0,361.85,347.75,361.85,493.08,49,77394934.5,2665,1950,2026-09-04
NIFTY,2026-10-06,24050.0,CE,0.0,0.0,0.0,276.35,443.05,0,0.0,3445,0,2026-09-04
NIFTY,2026-10-27,23550.0,CE,0.0,0.0,0.0,1244.0,901.42,0,0.0,0,0,2026-09-04
NIFTY,2026-10-27,24300.0,CE,290.15,325.0,285.6,290.85,290.85,903,1444048287.5,203580,-4225,2026-09-04
NIFTY,2026-10-27,24450.0,CE,229.45,254.8,223.4,227.35,227.35,75,120357347.5,20410,-1365,2026-09-04
NIFTY,2026-10-27,26800.0,CE,6.7,6.7,6.7,6.7,26.34,1,1742435.5,845,0,2026-09-04
NIFTY,2026-11-23,22300.0,CE,0.0,0.0,0.0,2456.95,2025.33,0,0.0,0,0,2026-09-04
NIFTY,2026-11-23,24000.0,CE,585.8,649.9,585.8,602.05,602.05,1311,2097556656.0,250445,21450,2026-09-04
NIFTY,2026-11-23,24150.0,CE,518.2,518.2,517.55,518.05,518.05,4,6413689.75,1300,-195,2026-09-04
NIFTY,2029-06-26,28500.0,CE,0.0,0.0,0.0,4213.3,2600.83,0,0.0,0,0,2026-09-04
NIFTY,2029-12-24,30000.0,CE,0.0,0.0,0.0,2401.0,2611.97,0,0.0,8275,0,2026-09-04
NIFTY,2026-09-08,22700.0,PE,1.3,1.9,1.05,1.4,1.4,212681,313832091293.5,2103335,210080,2026-09-04
NIFTY,2026-09-08,25150.0,PE,0.0,0.0,0.0,1160.0,1236.14,0,0.0,715,0,2026-09-04
NIFTY,2026-09-15,24350.0,PE,442.65,442.65,339.45,382.8,382.8,326,523981838.25,22425,-1950,2026-09-04
NIFTY,2026-09-15,24450.0,PE,480.0,486.0,420.0,473.4,473.4,99,160303864.5,9555,65,2026-09-04
NIFTY,2026-09-15,26200.0,PE,0.0,0.0,0.0,1647.25,2255.7,0,0.0,0,0,2026-09-04
NIFTY,2026-09-22,22450.0,PE,0.0,0.0,0.0,12.95,10.59,0,0.0,195,0,2026-09-04
NIFTY,2026-09-22,24900.0,PE,0.0,0.0,0.0,853.1,992.2,0,0.0,0,0,2026-09-04
NIFTY,2026-09-29,23150.0,PE,38.25,40.5,30.0,31.0,31.0,4038,6085032430.75,210600,135460,2026-09-04
NIFTY,2026-09-29,23600.0,PE,104.2,107.45,79.95,88.2,88.2,12536,19302646834.25,1082185,-19825,2026-09-04
NIFTY,2026-09-29,24700.0,PE,711.3,711.3,630.0,689.5,689.5,293,483194822.5,294385,-1560,2026-09-04
NIFTY,2026-09-29,26300.0,PE,2281.0,2281.0,2281.0,2281.0,2281.0,1,1857765.0,81575,-65,2026-09-04
NIFTY,2026-09-29,28500.0,PE,4430.0,4432.0,4380.3,4430.0,4486.98,24,51355239.0,433680,-650,2026-09-04
NIFTY,2026-10-06,23700.0,PE,0.0,0.0,0.0,266.9,302.01,0,0.0,0,0,2026-09-04
NIFTY,2026-10-06,24100.0,PE,263.85,263.85,263.85,263.85,486.01,1,1583650.25,260,65,2026-09-04
NIFTY,2026-10-06,25250.0,PE,0.0,0.0,0.0,1181.55,1299.24,0,0.0,0,0,2026-09-04
NIFTY,2026-10-27,23950.0,PE,284.15,285.45,252.45,267.7,267.7,136,214088660.5,6500,2470,2026-09-04
NIFTY,2026-10-27,25300.0,PE,1150.0,1150.0,1150.0,1150.0,1351.95,1,1719250.0,585,-65,2026-09-04
NIFTY,2026-10-27,25950.0,PE,0.0,0.0,0.0,1842.3,1895.98,0,0.0,0,0,2026-09-04
NIFTY,2026-10-27,26550.0,PE,0.0,0.0,0.0,2330.1,2443.09,0,0.0,0,0,2026-09-04
NIFTY,2026-11-23,23450.0,PE,0.0,0.0,0.0,300.7,380.94,0,0.0,0,0,2026-09-04
NIFTY,2026-11-23,23750.0,PE,0.0,0.0,0.0,388.25,491.91,0,0.0,0,0,2026-09-04
NIFTY,2026-11-23,25850.0,PE,0.0,0.0,0.0,1490.4,1789.61,0,0.0,0,0,2026-09-04
NIFTY,2027-12-28,28500.0,PE,0.0,0.0,0.0,2979.7,3195.25,0,0.0,260,0,2026-09-04
NIFTY,2028-12-26,18000.0,PE,0.0,0.0,0.0,250.0,70.55,0,0.0,75,0,2026-09-04
NIFTY,2029-12-24,33000.0,PE,0.0,0.0,0.0,2953.7,4513.0,0,0.0,0,0,2026-09-04
NIFTY,2026-09-08,23700.0,CE,287.1,346.8,263.55,277.6,277.6,123555,192732939389.25,432120,-180050,2026-09-04
NIFTY,2026-09-15,22150.0,CE,0.0,0.0,0.0,2458.85,1787.67,0,0.0,0,0,2026-09-04
NIFTY,2026-09-22,26000.0,CE,2.5,3.4,2.35,2.7,2.7,1267,2141445309.25,90480,28470,2026-09-04
NIFTY,2026-09-29,22050.0,CE,0.0,0.0,0.0,1900.0,1944.68,0,0.0,65,0,2026-09-04
NIFTY,2026-09-29,24050.0,CE,231.0,279.75,231.0,236.15,236.15,3524,5566434555.5,190190,2795,2026-09-04
NIFTY,2026-09-29,24100.0,CE,213.0,253.3,205.55,211.45,211.45,31213,49357785727.25,1430065,-10790,2026-09-04
NIFTY,2026-10-06,22700.0,CE,0.0,0.0,0.0,1542.1,1386.75,0,0.0,0,0,2026-09-04
NIFTY,2026-10-06,24750.0,CE,0.0,0.0,0.0,256.8,187.1,0,0.0,0,0,2026-09-04
NIFTY,2026-10-06,25700.0,CE,8.45,10.55,7.45,8.05,8.05,318,531398276.5,11960,9490,2026-09-04
NIFTY,2026-10-27,25650.0,CE,23.0,26.9,20.6,23.95,23.95,16,26699777.0,14170,585,2026-09-04
NIFTY,2026-12-29,25500.0,CE,189.45,197.5,130.0,181.35,181.35,6281,10487804434.25,1287195,108225,2026-09-04
NIFTY,2027-06-29,28500.0,CE,0.0,0.0,0.0,1711.9,400.36,0,0.0,0,0,2026-09-04
NIFTY,2028-06-27,18000.0,CE,0.0,0.0,0.0,6809.35,7933.86,0,0.0,0,0,2026-09-04
NIFTY,2029-12-24,28500.0,CE,0.0,0.0,0.0,4802.1,3166.21,0,0.0,0,0,2026-09-04
NIFTY,2030-06-25,22500.0,CE,0.0,0.0,0.0,9012.4,6843.18,0,0.0,0,0,2026-09-04
NIFTY,2031-06-24,25500.0,CE,0.0,0.0,0.0,6409.8,6240.71,0,0.0,0,0,2026-09-04
NIFTY,2026-09-08,24700.0,PE,775.0,775.0,680.0,738.55,738.55,405,669164011.75,123630,-6370,2026-09-04
NIFTY,2026-09-15,23450.0,PE,27.8,30.8,18.75,20.1,20.1,11249,17162630670.25,179985,108810,2026-09-04
NIFTY,2026-09-15,23550.0,PE,38.0,43.1,27.1,29.75,29.75,17096,26205746576.75,195455,90805,2026-09-04
NIFTY,2026-09-15,24850.0,PE,0.0,0.0,0.0,629.7,936.11,0,0.0,0,0,2026-09-04
NIFTY,2026-09-22,22550.0,PE,7.15,7.15,7.15,7.15,14.51,1,1466214.75,910,65,2026-09-04
NIFTY,2026-09-22,24050.0,PE,230.1,234.35,190.65,211.8,211.8,654,1031270646.25,19500,-650,2026-09-04
NIFTY,2026-09-22,25150.0,PE,0.0,0.0,0.0,1035.2,1214.16,0,0.0,0,0,2026-09-04
NIFTY,2026-09-29,22050.0,PE,11.6,11.6,8.95,9.0,9.0,58,83163408.25,14170,390,2026-09-04
NIFTY,2026-09-29,23200.0,PE,30.9,46.6,30.9,34.55,34.55,10705,16168983122.5,1141075,31785,2026-09-04
NIFTY,2026-09-29,24100.0,PE,295.05,295.15,232.25,261.7,261.7,25690,40671464678.0,1291485,-455,2026-09-04
NIFTY,2026-09-29,26700.0,PE,0.0,0.0,0.0,2560.85,2696.05,0,0.0,0,0,2026-09-04
NIFTY,2026-10-06,23350.0,PE,0.0,0.0,0.0,164.35,185.4,0,0.0,0,0,2026-09-04
NIFTY,2026-10-27,23250.0,PE,0.0,0.0,0.0,356.75,239.41,0,0.0,0,0,2026-09-04
NIFTY,2026-10-27,23300.0,PE,111.4,114.45,94.7,102.1,102.1,1099,1671792265.0,297635,2795,2026-09-04
NIFTY,2026-10-27,24550.0,PE,556.85,556.85,556.85,556.85,822.06,1,1631945.25,8775,-65,2026-09-04
NIFTY,2026-10-27,25400.0,PE,0.0,0.0,0.0,996.5,1431.32,0,0.0,780,0,2026-09-04
NIFTY,2026-10-27,27000.0,PE,2800.0,2819.0,2731.05,2797.15,2797.15,676,1308886621.25,111085,35360,2026-09-04
NIFTY,2026-11-23,26100.0,PE,0.0,0.0,0.0,1675.5,1994.68,0,0.0,0,0,2026-09-04
NIFTY,2026-12-29,17000.0,PE,11.6,12.4,9.8,11.0,11.0,331,365992383.25,187210,1040,2026-09-04
NIFTY,2026-12-29,26000.0,PE,1599.65,1624.95,1549.55,1600.1,1600.1,201,360466151.5,1459170,35,2026-09-04
NIFTY,2027-06-29,22500.0,PE,0.0,0.0,0.0,297.35,405.65,0,0.0,1365,0,2026-09-04
NIFTY,2027-12-28,31500.0,PE,0.0,0.0,0.0,3240.0,5413.28,0,0.0,0,0,2026-09-04
NIFTY,2029-06-26,21000.0,PE,0.0,0.0,0.0,320.25,334.71,0,0.0,0,0,2026-09-04
NIFTY,2026-09-15,22650.0,CE,0.0,0.0,0.0,1979.9,1293.64,0,0.0,0,0,2026-09-04
NIFTY,2026-09-15,22300.0,CE,0.0,0.0,0.0,2313.5,1638.53,0,0.0,0,0,2026-09-04
NIFTY,2026-09-08,24650.0,CE,2.8,2.8,1.4,1.85,1.85,303373,486121204370.75,2040350,-700960,2026-09-04
NIFTY,2026-09-08,24600.0,CE,3.3,3.3,1.55,2.1,2.1,680467,1088172510837.75,6656195,-1154205,2026-09-04
NIFTY,2026-09-08,23000.0,CE,942.3,1028.55,942.25,965.45,965.45,1435,2237013684.75,64675,-20215,2026-09-04
NIFTY,2026-09-15,24150.0,CE,94.05,116.65,78.7,83.15,83.15,22475,35418336190.25,391755,21775,2026-09-04
NIFTY,2026-09-15,24500.0,CE,24.95,24.95,13.6,14.6,14.6,100845,160714680496.5,2641275,478790,2026-09-04
NIFTY,2026-09-15,25750.0,CE,1.0,1.2,0.95,1.05,1.05,287,480385327.5,20930,-585,2026-09-04
NIFTY,2026-11-23,23250.0,CE,0.0,0.0,0.0,1679.6,1290.91,0,0.0,0,0,2026-09-04
NIFTY,2030-06-25,22500.0,PE,0.0,0.0,0.0,223.75,551.94,0,0.0,0,0,2026-09-04
NIFTY,2026-10-27,26750.0,CE,0.0,0.0,0.0,138.3,28.37,0,0.0,0,0,2026-09-04
NIFTY,2026-10-27,25950.0,CE,0.0,0.0,0.0,267.4,85.21,0,0.0,0,0,2026-09-04
NIFTY,2026-10-27,24850.0,CE,109.45,119.55,102.2,104.9,104.9,160,259592443.5,25545,4030,2026-09-04
NIFTY,2026-10-27,24500.0,CE,216.0,238.9,203.5,207.85,207.85,8105,13023328812.0,1007500,113425,2026-09-04
NIFTY,2026-10-27,22250.0,CE,0.0,0.0,0.0,2190.0,1915.27,0,0.0,10075,0,2026-09-04
NIFTY,2026-10-06,23000.0,CE,0.0,0.0,0.0,1283.0,1133.02,0,0.0,0,0,2026-09-04
NIFTY,2026-10-06,22400.0,CE,0.0,0.0,0.0,1815.55,1656.99,0,0.0,0,0,2026-09-04
NIFTY,2026-09-29,26150.0,CE,3.15,3.55,3.1,3.35,3.35,99,168296781.25,10530,-4095,2026-09-04
NIFTY,2026-09-29,26050.0,CE,10.5,10.5,3.9,4.05,4.05,308,521606488.0,83395,-4095,2026-09-04
NIFTY,2026-09-29,23100.0,CE,1001.0,1034.65,988.35,988.35,988.47,12,18809017.5,4420,-325,2026-09-04
NIFTY,2026-09-22,24900.0,CE,13.65,13.7,9.15,9.6,9.6,1624,2629607474.0,120315,34970,2026-09-04
NIFTY,2026-09-22,23950.0,CE,240.0,282.1,232.65,237.4,237.4,1677,2638443102.75,34580,4095,2026-09-04
NIFTY,2026-09-22,23150.0,CE,0.0,0.0,0.0,1248.7,887.89,0,0.0,0,0,2026-09-04
NIFTY,2026-09-15,26000.0,CE,1.0,1.05,0.9,0.95,0.95,9828,16609941487.75,541255,305045,2026-09-04
NIFTY,2026-09-15,24900.0,CE,4.2,5.0,3.6,3.95,3.95,20230,32747935161.5,373165,-7670,2026-09-04
NIFTY,2026-09-15,23800.0,CE,269.0,330.0,261.65,270.55,270.55,15652,24509962678.5,292045,-11570,2026-09-04
NIFTY,2026-09-15,22950.0,CE,0.0,0.0,0.0,1703.2,1006.79,0,0.0,0,0,2026-09-04
NIFTY,2026-09-08,26000.0,CE,0.6,0.6,0.4,0.45,0.45,102148,172633345875.25,2730715,-452270,2026-09-04
NIFTY,2026-09-08,25500.0,CE,0.8,0.9,0.5,0.6,0.6,358848,594805101829.25,5805280,-1328340,2026-09-04
NIFTY,2027-06-29,21000.0,CE,0.0,0.0,0.0,3061.8,4130.29,0,0.0,0,0,2026-09-04
NIFTY,2028-12-26,31500.0,CE,0.0,0.0,0.0,750.0,1175.97,0,0.0,585,0,2026-09-04
NIFTY,2030-12-31,28500.0,CE,0.0,0.0,0.0,5968.3,4306.25,0,0.0,0,0,2026-09-04
NIFTY,2031-06-24,28500.0,CE,0.0,0.0,0.0,5048.95,4829.25,0,0.0,0,0,2026-09-04
NIFTY,2031-06-24,33000.0,CE,0.0,0.0,0.0,3451.55,3189.9,0,0.0,0,0,2026-09-04
NIFTY,2026-09-15,22200.0,PE,4.0,4.0,3.2,3.45,3.45,11232,16210319547.5,554385,294320,2026-09-04
NIFTY,2026-09-15,22700.0,PE,4.95,5.35,3.8,4.15,4.15,9751,14390607760.75,360035,178100,2026-09-04
NIFTY,2026-09-15,22950.0,PE,7.6,7.75,5.15,5.55,5.55,8549,12756387137.0,83265,-73450,2026-09-04
NIFTY,2026-09-15,23500.0,PE,41.8,41.85,22.7,24.65,24.65,74769,114344812133.5,2641470,485160,2026-09-04
NIFTY,2026-09-15,23800.0,PE,108.0,108.0,68.4,77.15,77.15,54106,83981106153.75,1016080,238420,2026-09-04
NIFTY,2026-09-29,23700.0,PE,127.25,133.3,100.5,111.5,111.5,12470,19301587899.75,1454375,-112645,2026-09-04
NIFTY,2026-09-29,26150.0,PE,0.0,0.0,0.0,1720.0,2154.14,0,0.0,65,0,2026-09-04
NIFTY,2026-09-29,26750.0,PE,0.0,0.0,0.0,2201.15,2745.62,0,0.0,65,0,2026-09-04
NIFTY,2026-11-23,25100.0,PE,0.0,0.0,0.0,859.6,1229.18,0,0.0,130,0,2026-09-04
NIFTY,2026-11-23,26050.0,PE,0.0,0.0,0.0,1637.9,1953.04,0,0.0,0,0,2026-09-04
NIFTY,2026-12-29,20000.0,PE,30.25,31.55,29.65,30.25,30.25,1715,2232888375.25,1139745,-2210,2026-09-04
NIFTY,2028-12-26,16500.0,PE,0.0,0.0,0.0,5.9,26.21,0,0.0,0,0,2026-09-04
NIFTY,2028-12-26,26000.0,PE,0.0,0.0,0.0,1300.1,1570.81,0,0.0,6875,0,2026-09-04
NIFTY,2029-06-26,16500.0,PE,0.0,0.0,0.0,8.1,35.32,0,0.0,0,0,2026-09-04
NIFTY,2029-06-26,30000.0,PE,0.0,0.0,0.0,2031.05,3214.76,0,0.0,0,0,2026-09-04
NIFTY,2029-12-24,28500.0,PE,0.0,0.0,0.0,1255.9,2301.86,0,0.0,0,0,2026-09-04
NIFTY,2026-11-23,25000.0,CE,175.0,185.7,165.4,167.95,167.95,2772,4535940808.75,290030,37180,2026-09-04
NIFTY,2026-11-23,24500.0,CE,350.95,373.3,338.5,341.7,341.7,903,1458637901.5,219440,15275,2026-09-04
NIFTY,2026-09-15,22850.0,CE,0.0,0.0,0.0,1794.25,1100.95,0,0.0,0,0,2026-09-04
NIFTY,2026-09-08,24100.0,CE,40.0,65.95,29.75,33.9,33.9,3919928,6152418619574.5,11139765,-998140,2026-09-04
NIFTY,2026-09-08,23600.0,CE,351.0,439.6,351.0,370.0,370.0,27473,42840159979.5,252395,-20150,2026-09-04
NIFTY,2026-09-22,22800.0,CE,0.0,0.0,0.0,1547.15,1194.21,0,0.0,0,0,2026-09-04
NIFTY,2026-09-29,19500.0,CE,4550.0,4570.0,4550.0,4570.0,4476.61,6,9382529.0,140465,0,2026-09-04
NIFTY,2026-09-29,24850.0,CE,28.9,31.55,23.45,24.45,24.45,6738,10895558469.25,363545,189280,2026-09-04
NIFTY,2026-09-29,25950.0,CE,4.95,4.95,4.0,4.0,4.0,97,163642332.75,93795,-3575,2026-09-04
NIFTY,2026-09-29,26600.0,CE,3.05,3.05,2.15,2.5,2.5,12,20750099.5,59865,260,2026-09-04
NIFTY,2026-10-06,22550.0,CE,0.0,0.0,0.0,1677.3,1520.12,0,0.0,0,0,2026-09-04
NIFTY,2026-10-06,25450.0,CE,0.0,0.0,0.0,99.65,64.17,0,0.0,0,0,2026-09-04
NIFTY,2026-10-27,22850.0,CE,0.0,0.0,0.0,1729.4,1405.85,0,0.0,0,0,2026-09-04
NIFTY,2026-10-27,23650.0,CE,683.65,683.65,683.65,683.65,683.65,2,3163374.5,130,130,2026-09-04
NIFTY,2026-10-27,23900.0,CE,506.0,554.95,502.0,509.85,509.85,452,717503195.5,35750,715,2026-09-04
NIFTY,2026-11-23,22200.0,CE,0.0,0.0,0.0,2545.1,2110.65,0,0.0,0,0,2026-09-04
NIFTY,2026-11-23,23150.0,CE,0.0,0.0,0.0,1755.4,1360.7,0,0.0,0,0,2026-09-04
NIFTY,2026-11-23,25950.0,CE,0.0,0.0,0.0,332.85,182.1,0,0.0,0,0,2026-09-04
NIFTY,2026-11-23,26100.0,CE,0.0,0.0,0.0,297.8,158.2,0,0.0,0,0,2026-09-04
NIFTY,2026-12-29,21000.0,CE,3390.0,3423.4,3355.0,3367.55,3367.55,70,110991926.5,202960,-390,2026-09-04
NIFTY,2026-12-29,31000.0,CE,7.7,8.0,7.05,7.95,7.95,72,145115883.25,159140,-325,2026-09-04
NIFTY,2026-12-29,31500.0,CE,0.0,0.0,0.0,5.3,1.65,0,0.0,31980,0,2026-09-04
NIFTY,2028-06-27,16500.0,CE,0.0,0.0,0.0,11752.8,9233.11,0,0.0,0,0,2026-09-04
NIFTY,2029-06-26,18000.0,CE,0.0,0.0,0.0,11678.65,8963.87,0,0.0,0,0,2026-09-04
NIFTY,2029-12-24,16500.0,CE,0.0,0.0,0.0,12984.85,10605.79,0,0.0,0,0,2026-09-04
NIFTY,2030-12-31,22500.0,CE,0.0,0.0,0.0,9536.95,7404.48,0,0.0,0,0,2026-09-04
NIFTY,2026-09-08,22800.0,PE,1.8,2.05,1.15,1.55,1.55,342870,508170915430.75,3098225,460980,2026-09-04
NIFTY,2026-09-08,25050.0,PE,0.0,0.0,0.0,1049.95,1136.39,0,0.0,1300,0,2026-09-04
NIFTY,2026-09-15,25750.0,PE,0.0,0.0,0.0,1263.75,1807.33,0,0.0,0,0,2026-09-04
NIFTY,2026-09-29,16500.0,PE,0.75,1.1,0.75,0.85,0.85,43,46120174.75,132925,0,2026-09-04
NIFTY,2026-09-29,24200.0,PE,332.5,346.0,282.1,316.4,316.4,15928,25373780500.25,2474225,-161915,2026-09-04
NIFTY,2026-09-08,26300.0,CE,0.5,0.65,0.35,0.45,0.45,23816,40714174267.0,162955,-110435,2026-09-04
NIFTY,2026-10-27,25250.0,PE,0.0,0.0,0.0,883.6,1312.95,0,0.0,130,0,2026-09-04
NIFTY,2026-10-27,26900.0,PE,0.0,0.0,0.0,2631.85,2774.6,0,0.0,0,0,2026-09-04
NIFTY,2026-11-23,22350.0,PE,0.0,0.0,0.0,96.65,122.2,0,0.0,0,0,2026-09-04
NIFTY,2026-11-23,22500.0,PE,71.4,71.4,58.65,62.7,62.7,1243,1822913121.25,169715,21645,2026-09-04
NIFTY,2026-11-23,25400.0,PE,0.0,0.0,0.0,1184.75,1443.25,0,0.0,0,0,2026-09-04
NIFTY,2026-12-29,29000.0,PE,4503.5,4503.5,4395.85,4398.7,4539.56,4,8693282.0,219000,-195,2026-09-04
NIFTY,2027-12-28,19500.0,PE,0.0,0.0,0.0,29.25,94.54,0,0.0,0,0,2026-09-04
NIFTY,2028-12-26,22500.0,PE,0.0,0.0,0.0,218.8,563.56,0,0.0,0,0,2026-09-04
NIFTY,2029-12-24,16500.0,PE,0.0,0.0,0.0,10.15,43.19,0,0.0,0,0,2026-09-04
NIFTY,2030-06-25,31500.0,PE,0.0,0.0,0.0,2056.3,3399.73,0,0.0,0,0,2026-09-04
NIFTY,2026-10-06,23850.0,CE,0.0,0.0,0.0,665.9,546.5,0,0.0,0,0,2026-09-04
NIFTY,2026-10-27,25800.0,CE,16.7,25.0,16.7,18.2,18.2,371,622593754.25,44655,65,2026-09-04
NIFTY,2026-10-27,26050.0,CE,0.0,0.0,0.0,247.25,74.91,0,0.0,0,0,2026-09-04
NIFTY,2026-11-23,23950.0,CE,649.95,650.0,645.0,645.0,859.98,5,7994665.25,390,0,2026-09-04
NIFTY,2026-11-23,24350.0,CE,415.9,422.3,415.9,422.3,660.96,2,3219983.0,1950,65,2026-09-04
NIFTY,2026-10-27,25450.0,CE,37.0,38.3,30.0,38.3,38.3,80,132511343.25,5850,1105,2026-09-04
NIFTY,2026-11-23,25900.0,PE,0.0,0.0,0.0,1526.4,1829.98,0,0.0,0,0,2026-09-04
NIFTY,2026-11-23,25000.0,PE,894.05,900.0,844.0,889.4,889.4,279,469293064.5,71240,7020,2026-09-04
NIFTY,2026-11-23,22650.0,PE,0.0,0.0,0.0,135.8,172.44,0,0.0,0,0,2026-09-04
NIFTY,2026-10-27,27150.0,PE,0.0,0.0,0.0,2853.65,3015.02,0,0.0,0,0,2026-09-04
NIFTY,2026-10-06,25500.0,PE,0.0,0.0,0.0,1389.4,1517.68,0,0.0,0,0,2026-09-04
NIFTY,2026-10-06,22350.0,PE,27.35,27.35,27.35,27.35,29.75,1,1454527.75,65,65,2026-09-04
NIFTY,2026-09-29,31500.0,PE,0.0,0.0,0.0,4341.2,7474.83,0,0.0,0,0,2026-09-04
NIFTY,2026-09-29,26450.0,PE,0.0,0.0,0.0,2346.8,2448.82,0,0.0,0,0,2026-09-04
NIFTY,2026-09-29,25100.0,PE,1045.0,1059.0,1045.0,1054.4,1054.4,87,147901910.0,93340,-5655,2026-09-04
NIFTY,2026-09-22,24600.0,PE,656.7,656.85,560.65,560.65,746.7,10,16384927.0,390,260,2026-09-04
NIFTY,2026-09-22,23250.0,PE,31.5,31.65,23.0,25.1,25.1,213,322253919.0,28535,3250,2026-09-04
NIFTY,2026-09-22,23100.0,PE,0.0,0.0,0.0,101.35,64.67,0,0.0,0,0,2026-09-04
NIFTY,2026-09-15,24650.0,PE,0.0,0.0,0.0,694.1,759.16,0,0.0,3250,0,2026-09-04
NIFTY,2026-09-15,22800.0,PE,5.75,6.0,4.35,4.75,4.75,11793,17481254482.25,313430,109915,2026-09-04
NIFTY,2030-06-25,18000.0,CE,0.0,0.0,0.0,12423.9,9918.24,0,0.0,0,0,2026-09-04
NIFTY,2029-06-26,25500.0,CE,0.0,0.0,0.0,5917.35,3939.53,0,0.0,0,0,2026-09-04
NIFTY,2028-12-26,28000.0,CE,1900.0,1900.0,1845.0,1848.0,1848.0,19,36864948.25,10020,715,2026-09-04
NIFTY,2028-12-26,22500.0,CE,0.0,0.0,0.0,7382.9,5074.28,0,0.0,0,0,2026-09-04
NIFTY,2026-11-23,26000.0,CE,37.5,40.55,35.95,37.35,37.35,2405,4070466601.5,244335,60580,2026-09-04
NIFTY,2026-09-08,22650.0,CE,0.0,0.0,0.0,2118.35,1262.45,0,0.0,0,0,2026-09-04
NIFTY,2026-09-08,23650.0,CE,327.85,392.0,308.3,323.95,323.95,19997,31185045791.25,114400,-13390,2026-09-04
NIFTY,2026-09-08,25900.0,CE,0.65,0.65,0.4,0.45,0.45,34555,58174456125.5,575120,-115180,2026-09-04
NIFTY,2026-09-15,23300.0,CE,686.0,761.15,686.0,710.3,710.3,50,78072062.25,1365,715,2026-09-04
NIFTY,2026-09-22,22600.0,CE,0.0,0.0,0.0,1727.05,1380.48,0,0.0,0,0,2026-09-04
NIFTY,2026-09-22,23800.0,CE,346.9,390.5,328.0,336.1,336.1,632,992220433.75,32110,7215,2026-09-04
NIFTY,2026-09-29,23350.0,CE,0.0,0.0,0.0,820.65,796.24,0,0.0,520,0,2026-09-04
NIFTY,2026-09-29,24400.0,CE,110.0,122.7,95.25,98.15,98.15,18495,29461394989.0,2977195,-17355,2026-09-04
NIFTY,2026-09-29,24700.0,CE,45.0,50.6,37.85,39.45,39.45,38733,62297483927.25,1558115,37440,2026-09-04
NIFTY,2026-09-29,25000.0,CE,20.95,21.1,16.25,16.85,16.85,38875,63219693013.75,7029165,246610,2026-09-04
NIFTY,2026-10-06,23500.0,CE,0.0,0.0,0.0,895.3,760.53,0,0.0,0,0,2026-09-04
NIFTY,2026-09-29,24650.0,PE,611.95,620.55,604.4,604.4,812.61,12,19708929.5,42120,-585,2026-09-04
NIFTY,2026-09-29,26850.0,PE,0.0,0.0,0.0,2691.9,2844.82,0,0.0,0,0,2026-09-04
NIFTY,2026-09-29,27200.0,PE,0.0,0.0,0.0,3004.3,3192.65,0,0.0,0,0,2026-09-04
NIFTY,2031-06-24,33000.0,PE,0.0,0.0,0.0,3810.15,3508.71,0,0.0,0,0,2026-09-04
NIFTY,2031-06-24,16500.0,PE,0.0,0.0,0.0,95.65,59.0,0,0.0,0,0,2026-09-04
NIFTY,2028-12-26,33000.0,PE,0.0,0.0,0.0,3315.4,5417.75,0,0.0,0,0,2026-09-04
NIFTY,2028-06-27,22000.0,PE,370.0,410.0,370.0,390.0,390.0,2,2910700.0,2015,0,2026-09-04
NIFTY,2028-06-27,19500.0,PE,0.0,0.0,0.0,40.05,132.46,0,0.0,0,0,2026-09-04
NIFTY,2027-12-28,20000.0,PE,161.0,161.05,147.0,152.5,152.5,156,204387017.25,59765,3835,2026-09-04
NIFTY,2027-06-29,19000.0,PE,0.0,0.0,0.0,195.0,29.08,0,0.0,1135,0,2026-09-04
NIFTY,2027-03-30,28500.0,PE,0.0,0.0,0.0,2937.15,3768.59,0,0.0,65,0,2026-09-04
NIFTY,2027-03-30,18000.0,PE,0.0,0.0,0.0,26.5,3.0,0,0.0,715,0,2026-09-04
NIFTY,2026-09-08,25100.0,CE,1.25,1.25,0.75,0.85,0.85,185963,303410691194.0,3527095,-587535,2026-09-04
NIFTY,2026-09-08,26350.0,CE,0.5,0.55,0.35,0.4,0.4,9819,16817769358.0,218595,6305,2026-09-04
NIFTY,2026-09-15,25200.0,CE,3.0,3.0,2.05,2.3,2.3,14109,23112775029.5,454285,155675,2026-09-04
NIFTY,2026-09-22,23250.0,CE,0.0,0.0,0.0,735.0,806.57,0,0.0,65,0,2026-09-04
NIFTY,2026-09-29,26300.0,CE,3.4,3.6,2.8,3.15,3.15,482,824078888.75,171600,-1755,2026-09-04
NIFTY,2026-10-06,23750.0,CE,0.0,0.0,0.0,727.55,603.4,0,0.0,0,0,2026-09-04
NIFTY,2027-03-30,16500.0,PE,0.0,0.0,0.0,20.25,0.22,0,0.0,1560,0,2026-09-04
NIFTY,2026-10-27,22300.0,CE,0.0,0.0,0.0,2165.6,1870.75,0,0.0,0,0,2026-09-04
NIFTY,2026-10-27,22900.0,CE,0.0,0.0,0.0,1691.95,1366.24,0,0.0,0,0,2026-09-04
NIFTY,2026-11-23,22200.0,PE,0.0,0.0,0.0,80.75,101.8,0,0.0,0,0,2026-09-04
NIFTY,2026-10-27,26950.0,PE,0.0,0.0,0.0,2675.85,2822.48,0,0.0,0,0,2026-09-04
NIFTY,2026-10-27,23000.0,CE,1208.0,1267.85,1186.75,1204.25,1204.25,209,329249804.0,67535,-1365,2026-09-04
NIFTY,2026-10-27,23300.0,CE,966.0,989.15,953.85,953.9,953.9,10,15774788.25,2080,0,2026-09-04
NIFTY,2026-09-29,25000.0,PE,978.8,988.55,898.45,960.9,960.9,1670,2816406833.5,2230340,-34905,2026-09-04
NIFTY,2026-10-27,23950.0,CE,470.15,522.0,469.85,479.6,479.6,167,265323311.5,7865,2795,2026-09-04
NIFTY,2026-10-27,27200.0,CE,5.9,5.9,5.05,5.1,14.25,4,7073426.75,5135,65,2026-09-04
NIFTY,2026-11-23,24900.0,CE,0.0,0.0,0.0,691.9,442.96,0,0.0,0,0,2026-09-04
NIFTY,2026-12-29,22000.0,CE,2437.5,2493.8,2428.5,2446.15,2446.15,118,187552127.75,268125,-780,2026-09-04
NIFTY,2026-10-27,26850.0,PE,0.0,0.0,0.0,2588.1,2726.84,0,0.0,0,0,2026-09-04
NIFTY,2027-12-28,24000.0,CE,2450.0,2467.95,2400.0,2442.65,2442.65,264,453527080.5,64350,4810,2026-09-04
NIFTY,2029-12-24,21000.0,CE,0.0,0.0,0.0,9463.95,7268.85,0,0.0,0,0,2026-09-04
NIFTY,2031-06-24,30000.0,CE,0.0,0.0,0.0,4459.9,4221.4,0,0.0,0,0,2026-09-04
NIFTY,2026-10-27,26600.0,PE,0.0,0.0,0.0,2372.55,2490.01,0,0.0,0,0,2026-09-04
NIFTY,2026-10-27,25900.0,PE,0.0,0.0,0.0,1231.5,1852.02,0,0.0,65,0,2026-09-04
NIFTY,2026-09-08,22500.0,PE,1.2,1.65,1.0,1.2,1.2,449116,656869860523.5,9015240,39910,2026-09-04
NIFTY,2026-10-27,22600.0,PE,47.85,47.85,34.9,37.3,37.3,140,206011477.75,43550,-1170,2026-09-04
NIFTY,2026-10-27,22450.0,PE,0.0,0.0,0.0,43.05,82.53,0,0.0,845,0,2026-09-04
NIFTY,2026-09-15,25250.0,PE,0.0,0.0,0.0,885.25,1314.49,0,0.0,0,0,2026-09-04
NIFTY,2026-09-22,22650.0,PE,0.0,0.0,0.0,12.9,19.61,0,0.0,2665,0,2026-09-04
NIFTY,2026-10-06,25550.0,PE,0.0,0.0,0.0,1432.35,1562.55,0,0.0,0,0,2026-09-04
NIFTY,2026-09-29,21900.0,PE,8.35,9.55,8.25,8.9,8.9,681,969803012.75,166725,650,2026-09-04
NIFTY,2026-09-29,22350.0,PE,13.3,13.3,10.55,10.55,10.55,42,61047083.5,19630,520,2026-09-04
NIFTY,2026-09-29,24050.0,PE,250.45,264.75,211.75,237.55,237.55,4272,6745253040.5,154180,-43745,2026-09-04
NIFTY,2026-09-08,24550.0,CE,3.85,3.85,1.8,2.45,2.45,373934,596774948259.75,3244345,344045,2026-09-04
NIFTY,2026-10-27,25150.0,PE,0.0,0.0,0.0,974.25,1237.33,0,0.0,260,0,2026-09-04
NIFTY,2026-10-27,23050.0,PE,0.0,0.0,0.0,301.35,188.22,0,0.0,0,0,2026-09-04
NIFTY,2026-10-06,22950.0,PE,0.0,0.0,0.0,86.65,97.03,0,0.0,0,0,2026-09-04
NIFTY,2026-10-27,26500.0,PE,2302.0,2310.0,2300.1,2304.0,2304.0,4,7488906.75,8320,65,2026-09-04
NIFTY,2026-11-23,23700.0,PE,0.0,0.0,0.0,372.35,472.09,0,0.0,0,0,2026-09-04
NIFTY,2026-11-23,24450.0,PE,0.0,0.0,0.0,528.1,826.24,0,0.0,1560,0,2026-09-04
NIFTY,2026-11-23,25500.0,PE,1280.0,1280.0,1240.0,1240.0,1517.87,22,38290200.0,1950,260,2026-09-04
NIFTY,2027-03-30,15000.0,PE,15.3,15.3,15.3,15.3,0.01,10,9759945.0,2080,650,2026-09-04
NIFTY,2028-12-26,30000.0,PE,2300.05,2350.0,2300.05,2333.35,2333.35,3,6305003.25,130,130,2026-09-04
NIFTY,2026-09-29,27050.0,PE,0.0,0.0,0.0,2869.35,3043.49,0,0.0,0,0,2026-09-04
NIFTY,2026-09-29,25750.0,PE,0.0,0.0,0.0,1170.0,1767.72,0,0.0,455,0,2026-09-04
NIFTY,2026-09-29,24250.0,PE,367.5,370.0,311.35,345.9,345.9,369,589696224.0,212290,-910,2026-09-04
NIFTY,2026-09-29,22300.0,PE,10.05,12.15,10.05,10.3,10.3,1627,2359498511.5,213915,21060,2026-09-04
NIFTY,2026-09-22,23700.0,PE,95.0,106.35,78.6,85.75,85.75,1377,2129197765.5,41795,14625,2026-09-04
NIFTY,2026-09-22,22950.0,PE,0.0,0.0,0.0,78.75,44.7,0,0.0,0,0,2026-09-04
NIFTY,2026-09-15,25450.0,PE,0.0,0.0,0.0,1030.55,1510.26,0,0.0,0,0,2026-09-04
NIFTY,2029-06-26,27000.0,CE,0.0,0.0,0.0,6570.4,3218.85,0,0.0,0,0,2026-09-04
NIFTY,2026-12-29,24000.0,CE,819.95,866.7,819.95,825.3,825.3,3815,6159175815.0,1271160,-23140,2026-09-04
NIFTY,2026-11-23,24250.0,CE,470.0,494.85,466.1,466.1,466.1,19,30536057.5,3315,390,2026-09-04
NIFTY,2026-11-23,24100.0,CE,551.6,583.0,549.65,552.75,552.75,27,43286200.75,7280,715,2026-09-04
NIFTY,2026-11-23,22750.0,CE,0.0,0.0,0.0,2073.75,1658.82,0,0.0,0,0,2026-09-04
NIFTY,2026-10-27,26100.0,CE,0.0,0.0,0.0,237.65,70.18,0,0.0,0,0,2026-09-04
NIFTY,2026-10-27,25400.0,CE,37.0,37.8,32.3,33.15,33.15,1632,2698176451.75,269945,520,2026-09-04
NIFTY,2026-10-27,25300.0,CE,0.0,0.0,0.0,432.4,185.14,0,0.0,0,0,2026-09-04
NIFTY,2026-10-27,23700.0,CE,638.0,693.95,638.0,645.65,645.65,66,104528316.75,9360,-325,2026-09-04
NIFTY,2026-10-06,23650.0,CE,0.0,0.0,0.0,792.4,663.74,0,0.0,0,0,2026-09-04
NIFTY,2026-09-29,24800.0,CE,32.95,37.95,27.1,28.45,28.45,24169,39010670003.5,1729975,21515,2026-09-04
NIFTY,2026-09-29,23200.0,CE,873.05,931.0,868.85,881.0,881.0,34,53252563.0,34775,-195,2026-09-04
NIFTY,2026-09-29,22300.0,CE,0.0,0.0,0.0,1780.0,1703.59,0,0.0,1885,0,2026-09-04
NIFTY,2026-09-29,22100.0,CE,1930.0,1930.0,1930.0,1930.0,1930.0,1,1561950.0,845,65,2026-09-04
NIFTY,2026-09-29,22000.0,CE,2032.8,2113.0,2028.0,2042.7,2042.7,198,309695678.5,787930,-4290,2026-09-04
NIFTY,2026-09-22,25200.0,CE,8.4,8.4,4.3,4.95,4.95,1113,1823480561.5,69940,17485,2026-09-04
NIFTY,2026-09-22,24650.0,CE,0.0,0.0,0.0,336.8,105.26,0,0.0,0,0,2026-09-04
NIFTY,2026-09-22,22400.0,CE,0.0,0.0,0.0,1912.1,1572.0,0,0.0,0,0,2026-09-04
