SYMBOL,EXPIRY_DT,STRIKE_PR,OPTION_TYP,OPEN,HIGH,LOW,CLOSE,SETTLE_PR,CONTRACTS,VAL_INLAKH,OPEN_INT,CHG_IN_OI,TIMESTAMP
NIFTY,2026-08-25,23200.0,PE,4.55,4.8,3.65,4.25,4.25,30633,46202686864.75,1032850,361855,2026-08-17
NIFTY,2026-08-25,22150.0,PE,1.75,2.25,1.75,2.0,2.0,73,105111227.0,14040,455,2026-08-17
NIFTY,2026-08-25,21800.0,PE,1.9,2.0,1.45,1.65,1.65,1788,2533789596.0,60385,-3900,2026-08-17
NIFTY,2026-08-25,21450.0,PE,1.2,1.75,1.1,1.5,1.5,36,50196175.25,5525,130,2026-08-17
NIFTY,2026-08-18,26550.0,PE,0.0,0.0,0.0,2365.65,2257.94,0,0.0,0,0,2026-08-17
NIFTY,2026-08-18,26350.0,PE,0.0,0.0,0.0,2175.4,2057.98,0,0.0,0,0,2026-08-17
NIFTY,2026-08-18,26300.0,PE,0.0,0.0,0.0,2128.25,2007.98,0,0.0,0,0,2026-08-17
NIFTY,2026-08-18,25600.0,PE,1230.0,1230.0,1223.35,1224.35,1224.35,30,52316290.0,1560,-780,2026-08-17
NIFTY,2026-08-18,24600.0,PE,225.0,351.4,211.0,242.5,242.5,199279,322023842900.5,1274455,-483990,2026-08-17
NIFTY,2026-08-18,24000.0,PE,4.45,8.9,2.6,3.3,3.3,2727692,4256005039468.0,11366550,-40690,2026-08-17
NIFTY,2026-08-18,23600.0,PE,1.6,1.85,0.75,1.05,1.05,563736,864818259951.75,3391635,-22100,2026-08-17
NIFTY,2026-08-18,23350.0,PE,1.85,1.85,0.65,0.8,0.8,177370,269215000320.5,1065805,-179400,2026-08-17
NIFTY,2026-08-18,23200.0,PE,1.2,1.2,0.55,0.7,0.7,211220,318531179027.75,2167295,-783445,2026-08-17
NIFTY,2026-08-18,22650.0,PE,0.9,0.9,0.4,0.5,0.5,9059,13337465729.25,163670,-10465,2026-08-17
NIFTY,2026-08-18,22250.0,PE,0.65,0.7,0.3,0.35,0.35,1200,1735532555.25,27300,-2730,2026-08-17
NIFTY,2026-08-18,22150.0,PE,0.55,0.65,0.2,0.3,0.3,9164,13194084351.5,60905,-35165,2026-08-17
NIFTY,2031-06-24,31500.0,CE,0.0,0.0,0.0,3928.35,4119.2,0,0.0,0,0,2026-08-17
NIFTY,2030-12-31,28500.0,CE,0.0,0.0,0.0,5968.3,4769.84,0,0.0,0,0,2026-08-17
NIFTY,2030-12-31,16500.0,CE,0.0,0.0,0.0,13763.55,11955.39,0,0.0,0,0,2026-08-17
NIFTY,2030-06-25,31500.0,CE,0.0,0.0,0.0,3984.8,3037.76,0,0.0,0,0,2026-08-17
NIFTY,2030-06-25,18000.0,CE,0.0,0.0,0.0,12423.9,10412.16,0,0.0,0,0,2026-08-17
NIFTY,2029-12-24,28500.0,CE,0.0,0.0,0.0,4802.1,3583.91,0,0.0,0,0,2026-08-17
NIFTY,2029-12-24,16500.0,CE,0.0,0.0,0.0,12984.85,11087.87,0,0.0,0,0,2026-08-17
NIFTY,2029-06-26,33000.0,CE,0.0,0.0,0.0,4179.45,1574.4,0,0.0,0,0,2026-08-17
NIFTY,2029-06-26,21000.0,CE,0.0,0.0,0.0,9799.75,7197.17,0,0.0,0,0,2026-08-17
NIFTY,2029-06-26,18000.0,CE,0.0,0.0,0.0,11678.65,9447.97,0,0.0,0,0,2026-08-17
NIFTY,2028-06-27,19500.0,CE,0.0,0.0,0.0,9209.1,7155.68,0,0.0,0,0,2026-08-17
NIFTY,2027-12-28,33000.0,CE,0.0,0.0,0.0,120.0,335.48,0,0.0,3510,0,2026-08-17
NIFTY,2027-06-29,33000.0,CE,0.0,0.0,0.0,1122.75,90.62,0,0.0,0,0,2026-08-17
NIFTY,2027-06-29,25500.0,CE,0.0,0.0,0.0,1300.0,1573.48,0,0.0,0,0,2026-08-17
NIFTY,2026-12-29,22500.0,CE,2450.0,2527.3,2439.75,2527.3,2511.09,30,48695510.5,15665,0,2026-08-17
NIFTY,2026-12-29,16000.0,CE,0.0,0.0,0.0,8727.85,8667.81,0,0.0,505,0,2026-08-17
NIFTY,2026-10-27,27200.0,CE,0.0,0.0,0.0,92.4,70.21,0,0.0,0,0,2026-08-17
NIFTY,2026-10-27,25650.0,CE,104.25,111.95,94.35,102.75,102.75,82,137258400.5,14625,780,2026-08-17
NIFTY,2026-10-27,25150.0,CE,0.0,0.0,0.0,479.95,471.09,0,0.0,0,0,2026-08-17
NIFTY,2026-10-27,25050.0,CE,0.0,0.0,0.0,424.0,508.28,0,0.0,1365,0,2026-08-17
NIFTY,2026-10-27,23050.0,CE,0.0,0.0,0.0,1582.9,1701.91,0,0.0,0,0,2026-08-17
NIFTY,2026-10-27,23000.0,CE,1680.0,1720.75,1616.75,1715.2,1741.87,30,48117059.25,4940,585,2026-08-17
NIFTY,2026-09-29,27050.0,CE,5.0,6.05,4.4,5.45,5.45,281,494165392.5,845,845,2026-08-17
NIFTY,2026-09-29,26150.0,CE,0.0,0.0,0.0,215.05,84.26,0,0.0,0,0,2026-08-17
NIFTY,2026-09-29,25100.0,CE,121.95,128.1,100.2,117.3,117.3,9654,15820612239.25,377390,153400,2026-08-17
NIFTY,2026-09-29,23800.0,CE,820.0,871.35,773.15,849.1,849.1,309,494199845.75,38870,3315,2026-08-17
NIFTY,2026-09-29,23550.0,CE,0.0,0.0,0.0,1090.3,1117.38,0,0.0,780,0,2026-08-17
NIFTY,2026-09-29,23250.0,CE,0.0,0.0,0.0,1565.2,1348.21,0,0.0,390,0,2026-08-17
NIFTY,2026-09-29,22400.0,CE,0.0,0.0,0.0,1741.4,2092.63,0,0.0,195,0,2026-08-17
NIFTY,2026-09-29,22250.0,CE,0.0,0.0,0.0,2117.8,2233.3,0,0.0,0,0,2026-08-17
NIFTY,2026-09-15,26150.0,CE,0.0,0.0,0.0,76.25,35.01,0,0.0,0,0,2026-08-17
NIFTY,2026-09-01,23650.0,CE,0.0,0.0,0.0,966.45,780.81,0,0.0,0,0,2026-08-17
NIFTY,2026-09-01,23200.0,CE,0.0,0.0,0.0,1298.35,1171.43,0,0.0,0,0,2026-08-17
NIFTY,2026-09-01,22850.0,CE,0.0,0.0,0.0,1586.45,1503.07,0,0.0,0,0,2026-08-17
NIFTY,2026-09-01,22600.0,CE,0.0,0.0,0.0,1805.15,1747.32,0,0.0,0,0,2026-08-17
NIFTY,2026-08-25,25350.0,CE,3.0,3.75,2.3,2.55,2.55,9774,16106897225.25,169650,71695,2026-08-17
NIFTY,2026-08-25,23150.0,CE,0.0,0.0,0.0,1359.0,1172.97,0,0.0,390,0,2026-08-17
NIFTY,2026-08-25,22900.0,CE,1400.0,1400.0,1400.0,1400.0,1419.31,1,1579500.0,5200,0,2026-08-17
NIFTY,2026-09-01,25150.0,CE,0.0,0.0,0.0,253.7,72.38,0,0.0,0,0,2026-08-17
NIFTY,2026-08-18,22050.0,CE,0.0,0.0,0.0,2148.45,2241.31,0,0.0,0,0,2026-08-17
NIFTY,2026-08-18,22100.0,CE,0.0,0.0,0.0,2100.9,2191.32,0,0.0,0,0,2026-08-17
NIFTY,2026-08-18,22500.0,CE,1815.95,1890.0,1810.0,1890.0,1890.0,10,15823863.25,6370,-260,2026-08-17
NIFTY,2026-08-18,23500.0,CE,825.05,899.55,754.85,868.15,868.15,1669,2638415107.25,62140,-26195,2026-08-17
NIFTY,2026-08-18,23600.0,CE,760.0,796.4,655.75,774.9,774.9,546,863384590.25,18395,2210,2026-08-17
NIFTY,2026-08-18,23700.0,CE,649.65,696.45,555.8,667.75,667.75,1383,2186725385.0,33085,6175,2026-08-17
NIFTY,2026-08-18,23800.0,CE,550.0,600.0,457.0,571.25,571.25,8534,13494518462.75,58500,-910,2026-08-17
NIFTY,2026-08-18,24050.0,CE,315.8,352.0,217.0,319.8,319.8,55457,87645389516.75,75010,8970,2026-08-17
NIFTY,2026-08-18,24150.0,CE,234.0,256.35,133.7,223.85,223.85,512228,809934735233.0,386295,230425,2026-08-17
NIFTY,2026-08-18,26100.0,CE,0.7,0.95,0.3,0.35,0.35,30652,52002034542.25,201890,-403585,2026-08-17
NIFTY,2026-08-18,27100.0,CE,0.6,1.0,0.2,0.25,0.25,2692,4742022356.5,55640,-9230,2026-08-17
NIFTY,2026-08-25,21350.0,CE,0.0,0.0,0.0,2938.85,2965.99,0,0.0,0,0,2026-08-17
NIFTY,2026-08-25,21750.0,CE,0.0,0.0,0.0,2581.2,2566.52,0,0.0,0,0,2026-08-17
NIFTY,2026-08-25,22600.0,CE,1777.0,1809.0,1777.0,1777.0,1777.0,3,4755595.0,1820,0,2026-08-17
NIFTY,2031-06-24,19500.0,PE,0.0,0.0,0.0,289.2,202.85,0,0.0,0,0,2026-08-17
NIFTY,2030-12-31,24000.0,PE,0.0,0.0,0.0,1000.0,760.54,0,0.0,520,0,2026-08-17
NIFTY,2030-06-25,28500.0,PE,0.0,0.0,0.0,1167.6,2022.5,0,0.0,0,0,2026-08-17
NIFTY,2029-12-24,33000.0,PE,0.0,0.0,0.0,2953.7,4262.87,0,0.0,0,0,2026-08-17
NIFTY,2029-12-24,24000.0,PE,810.0,810.0,810.0,810.0,822.67,1,1612650.0,390,0,2026-08-17
NIFTY,2029-06-26,30000.0,PE,0.0,0.0,0.0,2031.05,3021.19,0,0.0,0,0,2026-08-17
NIFTY,2029-06-26,27000.0,PE,0.0,0.0,0.0,1252.35,1739.31,0,0.0,0,0,2026-08-17
NIFTY,2029-06-26,25500.0,PE,0.0,0.0,0.0,624.25,1242.81,0,0.0,0,0,2026-08-17
NIFTY,2028-12-26,26000.0,PE,0.0,0.0,0.0,1240.05,1468.55,0,0.0,6745,0,2026-08-17
NIFTY,2028-12-26,23000.0,PE,0.0,0.0,0.0,627.95,630.5,0,0.0,1610,0,2026-08-17
NIFTY,2028-06-27,33000.0,PE,0.0,0.0,0.0,3707.8,5610.74,0,0.0,0,0,2026-08-17
NIFTY,2027-12-28,26000.0,PE,1299.9,1313.0,1238.35,1255.0,1594.37,61,108132111.75,53825,195,2026-08-17
NIFTY,2027-12-28,25000.0,PE,940.0,968.5,920.0,935.0,935.0,95,160211928.5,73540,1885,2026-08-17
NIFTY,2027-06-29,22500.0,PE,0.0,0.0,0.0,269.25,368.46,0,0.0,650,0,2026-08-17
NIFTY,2027-03-30,24000.0,PE,413.95,436.0,400.1,405.85,405.85,2099,3330871326.25,811785,11115,2026-08-17
NIFTY,2026-12-29,30000.0,PE,4933.65,4970.0,4855.0,4885.0,4885.0,30,68095521.0,384205,-520,2026-08-17
NIFTY,2026-12-29,23000.0,PE,149.95,157.3,140.2,143.95,143.95,4889,7355708512.75,2549470,70675,2026-08-17
NIFTY,2026-10-27,27200.0,PE,0.0,0.0,0.0,2898.55,2638.2,0,0.0,0,0,2026-08-17
NIFTY,2026-10-27,27150.0,PE,0.0,0.0,0.0,2853.65,2592.76,0,0.0,0,0,2026-08-17
NIFTY,2026-10-27,26850.0,PE,0.0,0.0,0.0,2588.1,2324.31,0,0.0,0,0,2026-08-17
NIFTY,2026-10-27,26550.0,PE,0.0,0.0,0.0,2330.1,2064.26,0,0.0,0,0,2026-08-17
NIFTY,2026-10-27,24950.0,PE,0.0,0.0,0.0,553.2,894.02,0,0.0,4225,0,2026-08-17
NIFTY,2026-10-27,24700.0,PE,486.5,508.55,436.05,446.9,446.9,340,556503788.75,32890,11570,2026-08-17
NIFTY,2026-10-27,24650.0,PE,0.0,0.0,0.0,429.55,728.48,0,0.0,2470,0,2026-08-17
NIFTY,2026-10-27,24200.0,PE,285.05,306.05,255.0,259.55,259.55,820,1305378155.25,48165,18200,2026-08-17
NIFTY,2026-10-27,23650.0,PE,0.0,0.0,0.0,491.35,319.28,0,0.0,0,0,2026-08-17
NIFTY,2026-10-27,23600.0,PE,142.25,152.3,125.0,126.2,126.2,246,379599857.0,33085,1950,2026-08-17
NIFTY,2026-10-27,23400.0,PE,0.0,0.0,0.0,403.8,251.07,0,0.0,0,0,2026-08-17
NIFTY,2026-09-29,25950.0,PE,0.0,0.0,0.0,1299.0,1572.73,0,0.0,65,0,2026-08-17
NIFTY,2026-09-29,25450.0,PE,997.3,1036.95,966.65,966.65,1169.37,9,15476909.5,715,0,2026-08-17
NIFTY,2026-09-29,25400.0,PE,890.0,898.4,890.0,898.4,1132.58,49,83735158.0,8190,1365,2026-08-17
NIFTY,2026-09-29,25200.0,PE,800.0,835.7,729.1,731.7,986.46,68,114866245.0,38220,65,2026-08-17
NIFTY,2026-09-29,24650.0,PE,422.05,457.7,378.05,382.65,382.65,58,94471760.5,14300,65,2026-08-17
NIFTY,2026-09-29,24500.0,PE,329.95,381.65,304.75,317.35,317.35,15819,25541535259.5,2242760,92560,2026-08-17
NIFTY,2026-09-29,24300.0,PE,256.75,291.0,231.0,241.65,241.65,7366,11758881153.5,429845,98215,2026-08-17
NIFTY,2026-09-29,24200.0,PE,224.1,253.55,198.0,206.55,206.55,6684,10612775930.25,586560,53365,2026-08-17
NIFTY,2026-09-29,21750.0,PE,15.4,15.4,12.3,12.3,8.57,9,12731868.5,5590,0,2026-08-17
NIFTY,2026-09-29,19500.0,PE,8.45,8.5,6.7,7.0,7.0,994,1260351462.5,891085,2405,2026-08-17
NIFTY,2026-09-15,25300.0,PE,0.0,0.0,0.0,920.35,1034.3,0,0.0,0,0,2026-08-17
NIFTY,2026-09-15,24400.0,PE,260.0,290.55,222.05,236.35,236.35,281,450298056.0,5785,390,2026-08-17
NIFTY,2026-09-15,23300.0,PE,0.0,0.0,0.0,89.65,91.88,0,0.0,0,0,2026-08-17
NIFTY,2026-09-08,25750.0,PE,0.0,0.0,0.0,1155.15,1409.1,0,0.0,0,0,2026-08-17
NIFTY,2026-09-08,25600.0,PE,0.0,0.0,0.0,1041.75,1274.02,0,0.0,0,0,2026-08-17
NIFTY,2026-09-08,24350.0,PE,226.7,248.2,184.3,191.75,191.75,410,654551846.0,11440,-1235,2026-08-17
NIFTY,2026-09-08,24250.0,PE,175.05,204.85,148.5,159.1,159.1,238,377847788.5,9360,5135,2026-08-17
NIFTY,2026-09-08,24000.0,PE,100.95,121.25,83.0,88.1,88.1,2672,4186024618.75,116415,36985,2026-08-17
NIFTY,2026-09-08,23600.0,PE,0.0,0.0,0.0,120.65,115.76,0,0.0,0,0,2026-08-17
NIFTY,2026-09-08,23250.0,PE,0.0,0.0,0.0,68.4,57.05,0,0.0,0,0,2026-08-17
NIFTY,2026-09-08,22750.0,PE,0.0,0.0,0.0,26.8,16.96,0,0.0,0,0,2026-08-17
NIFTY,2026-09-01,27200.0,PE,0.0,0.0,0.0,2838.15,2844.79,0,0.0,0,0,2026-08-17
NIFTY,2026-09-01,26500.0,PE,0.0,0.0,0.0,2173.2,2147.93,0,0.0,0,0,2026-08-17
NIFTY,2026-09-01,26450.0,PE,0.0,0.0,0.0,2127.0,2098.34,0,0.0,0,0,2026-08-17
NIFTY,2026-09-01,25850.0,PE,0.0,0.0,0.0,1593.2,1510.12,0,0.0,0,0,2026-08-17
NIFTY,2026-09-01,25700.0,PE,0.0,0.0,0.0,1213.95,1366.87,0,0.0,130,0,2026-08-17
NIFTY,2026-09-01,24250.0,PE,148.75,173.0,115.45,125.55,125.55,3039,4818728713.5,52845,9100,2026-08-17
NIFTY,2026-09-01,23550.0,PE,0.0,0.0,0.0,234.3,66.48,0,0.0,0,0,2026-08-17
NIFTY,2026-09-01,22450.0,PE,4.4,6.85,3.85,5.1,5.1,104,151795449.0,6500,2795,2026-08-17
NIFTY,2026-08-25,27150.0,PE,0.0,0.0,0.0,2936.7,2826.31,0,0.0,0,0,2026-08-17
NIFTY,2026-08-25,27000.0,PE,2600.0,2620.0,2569.0,2616.4,2616.4,17,32693862.5,41795,0,2026-08-17
NIFTY,2026-08-25,24600.0,PE,285.55,358.0,242.1,261.75,261.75,25668,41525155808.5,1343875,-144430,2026-08-17
NIFTY,2026-08-25,24400.0,PE,157.95,216.35,130.0,143.95,143.95,175777,280641347148.5,3669315,357500,2026-08-17
NIFTY,2026-08-25,23150.0,PE,5.2,5.25,3.45,4.1,4.1,3026,4554157266.75,110825,35685,2026-08-17
NIFTY,2026-08-25,23050.0,PE,3.45,4.1,3.25,3.85,3.85,4700,7042921840.5,119600,43290,2026-08-17
NIFTY,2026-08-25,22250.0,PE,2.05,2.5,1.95,2.1,2.1,196,283492787.5,12025,1300,2026-08-17
NIFTY,2026-08-25,21850.0,PE,2.6,2.6,1.55,2.1,2.1,32,45451822.0,4680,-130,2026-08-17
NIFTY,2026-08-18,26650.0,PE,0.0,0.0,0.0,2461.7,2357.93,0,0.0,0,0,2026-08-17
NIFTY,2026-08-18,26250.0,PE,0.0,0.0,0.0,2081.3,1957.99,0,0.0,0,0,2026-08-17
NIFTY,2026-08-18,25150.0,PE,885.75,885.75,756.9,773.25,773.25,59,99423938.25,17615,-1950,2026-08-17
NIFTY,2026-08-18,25100.0,PE,760.0,847.95,701.9,731.8,731.8,580,974898115.75,53365,-17030,2026-08-17
NIFTY,2026-08-18,24750.0,PE,379.6,498.5,354.5,385.4,385.4,7199,11772797169.25,98865,-17030,2026-08-17
NIFTY,2026-08-18,24700.0,PE,330.0,451.3,305.0,335.8,335.8,39895,64985471070.0,475475,-180440,2026-08-17
NIFTY,2026-08-18,24450.0,PE,112.0,210.0,91.35,109.4,109.4,1393202,2225836354066.0,1704170,-920205,2026-08-17
NIFTY,2026-08-18,24400.0,PE,88.8,167.5,62.1,77.45,77.45,4260832,6783863347894.75,4801095,-2467595,2026-08-17
NIFTY,2026-08-18,24100.0,PE,7.7,19.95,4.55,5.85,5.85,3119949,4889336428548.0,7123155,2023970,2026-08-17
NIFTY,2026-08-18,23150.0,PE,1.1,1.1,0.55,0.65,0.65,45187,67997621542.5,274235,-44005,2026-08-17
NIFTY,2026-08-18,22600.0,PE,1.05,1.05,0.4,0.45,0.45,12602,18512833322.75,310180,-97045,2026-08-17
NIFTY,2031-06-24,25500.0,CE,0.0,0.0,0.0,6409.8,6746.19,0,0.0,0,0,2026-08-17
NIFTY,2031-06-24,19500.0,CE,0.0,0.0,0.0,9840.6,10302.09,0,0.0,0,0,2026-08-17
NIFTY,2030-06-25,27000.0,CE,0.0,0.0,0.0,6972.5,4852.22,0,0.0,0,0,2026-08-17
NIFTY,2029-06-26,16500.0,CE,0.0,0.0,0.0,12587.95,10642.65,0,0.0,0,0,2026-08-17
NIFTY,2028-06-27,33000.0,CE,0.0,0.0,0.0,2004.15,689.29,0,0.0,0,0,2026-08-17
NIFTY,2027-12-28,27000.0,CE,1259.85,1265.85,1220.0,1254.65,1254.65,58,106496182.0,39870,-455,2026-08-17
NIFTY,2027-12-28,19500.0,CE,0.0,0.0,0.0,8684.7,6545.83,0,0.0,0,0,2026-08-17
NIFTY,2027-06-29,22500.0,CE,0.0,0.0,0.0,5539.6,3396.51,0,0.0,0,0,2026-08-17
NIFTY,2027-03-30,25500.0,CE,785.05,814.7,756.3,798.05,798.05,1440,2460220919.0,482625,5850,2026-08-17
NIFTY,2026-12-29,33000.0,CE,5.4,5.6,4.65,5.45,5.45,104,223115389.25,100490,2535,2026-08-17
NIFTY,2026-10-27,26900.0,CE,14.0,16.5,12.65,15.05,15.05,21,36738858.0,2015,585,2026-08-17
NIFTY,2026-10-27,26400.0,CE,0.0,0.0,0.0,186.25,159.81,0,0.0,0,0,2026-08-17
NIFTY,2026-10-27,24700.0,CE,415.25,439.0,382.25,420.9,420.9,501,818104049.75,56680,7540,2026-08-17
NIFTY,2026-10-27,24300.0,CE,650.8,675.0,600.5,655.8,655.8,287,465053540.25,12740,7280,2026-08-17
NIFTY,2026-10-27,24150.0,CE,0.0,0.0,0.0,779.95,940.05,0,0.0,65,0,2026-08-17
NIFTY,2026-10-27,23550.0,CE,0.0,0.0,0.0,1244.0,1325.84,0,0.0,0,0,2026-08-17
NIFTY,2026-09-29,31500.0,CE,1.3,1.35,1.3,1.35,1.35,10,20475871.0,15145,-520,2026-08-17
NIFTY,2026-09-29,28500.0,CE,2.45,2.55,1.9,2.05,2.05,1564,2897533739.75,556790,-2990,2026-08-17
NIFTY,2026-09-29,26650.0,CE,0.0,0.0,0.0,142.1,41.27,0,0.0,0,0,2026-08-17
NIFTY,2026-09-29,26500.0,CE,8.35,8.8,7.4,8.35,8.35,3464,5968578840.25,281710,54990,2026-08-17
NIFTY,2026-09-29,25400.0,CE,68.0,68.0,52.7,59.9,59.9,6096,10087830590.5,298935,-12285,2026-08-17
NIFTY,2026-09-29,24950.0,CE,163.75,175.0,140.35,159.75,159.75,654,1067180822.5,32630,585,2026-08-17
NIFTY,2026-09-29,23850.0,CE,0.0,0.0,0.0,887.05,906.05,0,0.0,2080,0,2026-08-17
NIFTY,2026-09-29,22600.0,CE,0.0,0.0,0.0,1734.3,1908.48,0,0.0,195,0,2026-08-17
NIFTY,2026-09-15,25500.0,CE,0.0,0.0,0.0,187.75,106.04,0,0.0,0,0,2026-08-17
NIFTY,2026-09-15,25450.0,CE,0.0,0.0,0.0,199.7,114.56,0,0.0,0,0,2026-08-17
NIFTY,2026-09-15,24800.0,CE,0.0,0.0,0.0,416.45,282.8,0,0.0,0,0,2026-08-17
NIFTY,2026-09-15,24150.0,CE,439.55,494.3,416.9,493.9,584.86,19,30387935.5,260,260,2026-08-17
NIFTY,2026-09-15,23300.0,CE,0.0,0.0,0.0,1396.35,1191.45,0,0.0,0,0,2026-08-17
NIFTY,2026-09-15,22850.0,CE,0.0,0.0,0.0,1794.25,1585.71,0,0.0,0,0,2026-08-17
NIFTY,2026-09-15,22750.0,CE,0.0,0.0,0.0,1886.5,1677.81,0,0.0,0,0,2026-08-17
NIFTY,2026-09-08,24300.0,CE,325.05,351.05,277.95,324.6,324.6,1697,2714539964.5,43095,14495,2026-08-17
NIFTY,2026-09-08,24150.0,CE,379.75,379.75,375.25,375.25,512.53,2,3188575.0,130,130,2026-08-17
NIFTY,2026-09-08,23750.0,CE,0.0,0.0,0.0,1153.7,776.86,0,0.0,0,0,2026-08-17
NIFTY,2026-09-08,23550.0,CE,0.0,0.0,0.0,1313.5,928.84,0,0.0,0,0,2026-08-17
NIFTY,2026-09-08,23300.0,CE,0.0,0.0,0.0,1524.85,1136.15,0,0.0,0,0,2026-08-17
NIFTY,2026-09-08,22850.0,CE,0.0,0.0,0.0,1930.45,1543.02,0,0.0,0,0,2026-08-17
NIFTY,2026-09-08,22600.0,CE,0.0,0.0,0.0,2165.9,1781.25,0,0.0,0,0,2026-08-17
NIFTY,2026-09-01,26600.0,CE,1.95,2.0,1.05,1.9,1.9,32,55331282.5,3250,325,2026-08-17
NIFTY,2026-09-01,23800.0,CE,634.65,690.5,573.6,666.65,666.65,250,397001689.5,9620,7475,2026-08-17
NIFTY,2026-09-08,24400.0,PE,244.95,275.65,203.0,216.15,216.15,945,1513460201.5,60450,14755,2026-08-17
NIFTY,2026-09-08,23300.0,PE,0.0,0.0,0.0,74.5,63.55,0,0.0,0,0,2026-08-17
NIFTY,2026-09-01,26600.0,PE,0.0,0.0,0.0,2266.3,2247.23,0,0.0,0,0,2026-08-17
NIFTY,2026-09-01,26100.0,PE,0.0,0.0,0.0,1810.35,1753.1,0,0.0,0,0,2026-08-17
NIFTY,2026-09-01,27050.0,CE,1.75,1.75,1.75,1.75,0.18,1,1758363.75,1625,65,2026-08-17
NIFTY,2026-09-08,22750.0,CE,0.0,0.0,0.0,2023.95,1637.55,0,0.0,0,0,2026-08-17
NIFTY,2026-09-08,23000.0,CE,0.0,0.0,0.0,1792.25,1403.6,0,0.0,0,0,2026-08-17
NIFTY,2026-09-08,23350.0,CE,0.0,0.0,0.0,1481.65,1093.41,0,0.0,0,0,2026-08-17
NIFTY,2026-09-08,23500.0,CE,0.0,0.0,0.0,1064.75,968.95,0,0.0,195,0,2026-08-17
NIFTY,2026-09-08,24250.0,CE,341.1,381.7,306.5,358.55,358.55,334,533761098.0,7085,5590,2026-08-17
NIFTY,2026-09-08,24350.0,CE,285.0,320.4,249.15,305.6,305.6,273,437255939.25,11960,4420,2026-08-17
NIFTY,2026-09-15,23850.0,CE,0.0,0.0,0.0,963.95,773.52,0,0.0,0,0,2026-08-17
NIFTY,2026-09-15,24200.0,CE,406.3,460.0,396.7,453.0,453.0,24,38423160.75,1170,1170,2026-08-17
NIFTY,2026-09-15,24250.0,CE,372.0,440.0,372.0,415.05,415.05,13,20828681.25,585,585,2026-08-17
NIFTY,2026-09-15,24450.0,CE,274.3,275.85,249.05,255.55,427.18,10,16062345.0,715,390,2026-08-17
NIFTY,2026-09-15,24750.0,CE,0.0,0.0,0.0,438.3,300.91,0,0.0,0,0,2026-08-17
NIFTY,2026-09-15,24950.0,CE,0.0,0.0,0.0,355.5,233.26,0,0.0,0,0,2026-08-17
NIFTY,2026-09-15,25350.0,CE,0.0,0.0,0.0,224.65,133.25,0,0.0,0,0,2026-08-17
NIFTY,2026-09-29,23900.0,CE,740.0,792.3,696.0,756.75,756.75,114,182637806.0,20735,-2145,2026-08-17
NIFTY,2026-09-29,24000.0,CE,701.0,717.7,619.5,684.0,684.0,5635,9034220464.75,1452035,-13715,2026-08-17
NIFTY,2026-09-29,24100.0,CE,614.15,641.0,553.2,613.2,613.2,679,1089740739.75,39000,4290,2026-08-17
NIFTY,2026-09-29,24850.0,CE,197.55,212.0,170.3,195.15,195.15,482,784474551.25,18785,1430,2026-08-17
NIFTY,2026-09-29,25650.0,CE,0.0,0.0,0.0,317.2,159.99,0,0.0,0,0,2026-08-17
NIFTY,2026-09-29,26700.0,CE,0.0,0.0,0.0,136.15,38.28,0,0.0,0,0,2026-08-17
NIFTY,2026-09-29,26900.0,CE,0.0,0.0,0.0,114.3,28.11,0,0.0,0,0,2026-08-17
NIFTY,2026-10-27,22900.0,CE,0.0,0.0,0.0,1691.95,1822.96,0,0.0,0,0,2026-08-17
NIFTY,2026-10-27,23300.0,CE,0.0,0.0,0.0,1407.3,1508.38,0,0.0,0,0,2026-08-17
NIFTY,2026-10-27,24350.0,CE,0.0,0.0,0.0,801.0,828.7,0,0.0,0,0,2026-08-17
NIFTY,2026-08-25,26800.0,CE,0.45,0.75,0.45,0.6,0.6,67,116716697.5,27820,0,2026-08-17
NIFTY,2026-09-01,26900.0,CE,1.5,2.0,1.5,1.75,1.75,72,125900336.25,3770,2470,2026-08-17
NIFTY,2026-09-01,26350.0,CE,2.2,2.2,1.6,1.75,2.51,17,29118804.0,650,-130,2026-08-17
NIFTY,2026-09-01,25700.0,CE,4.05,5.75,3.0,3.45,3.45,2111,3526969855.5,89700,32110,2026-08-17
NIFTY,2026-09-01,25450.0,CE,0.0,0.0,0.0,180.95,35.59,0,0.0,0,0,2026-08-17
NIFTY,2026-09-01,25350.0,CE,0.0,0.0,0.0,203.15,45.53,0,0.0,0,0,2026-08-17
NIFTY,2026-09-01,24150.0,CE,344.95,396.0,310.4,371.8,371.8,173,275392672.75,4030,2860,2026-08-17
NIFTY,2026-09-01,23450.0,CE,0.0,0.0,0.0,1108.95,947.72,0,0.0,0,0,2026-08-17
NIFTY,2026-10-27,26150.0,CE,0.0,0.0,0.0,228.35,202.37,0,0.0,0,0,2026-08-17
NIFTY,2026-10-27,26550.0,CE,0.0,0.0,0.0,164.25,138.04,0,0.0,0,0,2026-08-17
NIFTY,2026-10-27,26800.0,CE,0.0,0.0,0.0,132.4,107.29,0,0.0,0,0,2026-08-17
NIFTY,2026-10-27,26950.0,CE,0.0,0.0,0.0,115.95,91.79,0,0.0,0,0,2026-08-17
NIFTY,2026-12-29,23000.0,CE,2030.1,2066.0,1960.6,2048.8,2048.8,273,443685450.0,330540,-4225,2026-08-17
NIFTY,2027-06-29,19000.0,CE,0.0,0.0,0.0,7800.0,6364.11,0,0.0,75,0,2026-08-17
NIFTY,2027-06-29,31500.0,CE,0.0,0.0,0.0,769.15,176.22,0,0.0,0,0,2026-08-17
NIFTY,2028-06-27,18000.0,CE,0.0,0.0,0.0,6809.35,8406.95,0,0.0,0,0,2026-08-17
NIFTY,2029-06-26,28500.0,CE,0.0,0.0,0.0,4213.3,2990.12,0,0.0,0,0,2026-08-17
NIFTY,2029-06-26,30000.0,CE,0.0,0.0,0.0,5268.4,2434.19,0,0.0,0,0,2026-08-17
NIFTY,2029-12-24,31500.0,CE,0.0,0.0,0.0,3429.3,2494.93,0,0.0,0,0,2026-08-17
NIFTY,2030-06-25,22500.0,CE,0.0,0.0,0.0,9012.4,7342.5,0,0.0,0,0,2026-08-17
NIFTY,2030-12-31,30000.0,CE,0.0,0.0,0.0,5227.2,4152.48,0,0.0,0,0,2026-08-17
NIFTY,2031-06-24,24000.0,CE,0.0,0.0,0.0,7181.9,7553.77,0,0.0,0,0,2026-08-17
NIFTY,2026-08-18,22050.0,PE,0.55,0.55,0.25,0.35,0.35,16988,24348445390.75,74685,-161330,2026-08-17
NIFTY,2026-08-18,22100.0,PE,0.55,0.55,0.2,0.3,0.3,34356,49353194039.5,234910,-287690,2026-08-17
NIFTY,2026-08-18,22750.0,PE,0.75,1.0,0.45,0.5,0.5,16070,23764212930.25,151840,-28015,2026-08-17
NIFTY,2026-08-18,22800.0,PE,0.9,0.9,0.45,0.6,0.6,68012,100796754126.25,840060,-603135,2026-08-17
NIFTY,2026-08-18,22850.0,PE,0.9,1.0,0.5,0.6,0.6,17442,25906530100.75,282165,14950,2026-08-17
NIFTY,2026-08-18,23500.0,PE,1.5,1.6,0.75,0.95,0.95,815531,1245784573380.75,6633835,55705,2026-08-17
NIFTY,2026-08-18,23550.0,PE,1.85,1.85,0.7,0.95,0.95,227651,348494603177.5,1008215,110305,2026-08-17
NIFTY,2026-08-18,23650.0,PE,2.15,2.15,0.85,1.15,1.15,320056,492035434787.0,1418300,-71370,2026-08-17
NIFTY,2026-08-18,23850.0,PE,2.45,3.45,1.55,1.85,1.85,1207463,1872054651460.5,2363920,74295,2026-08-17
NIFTY,2026-08-18,24500.0,PE,130.0,255.5,126.9,151.0,151.0,1118067,1792949634050.25,2657330,-1077635,2026-08-17
NIFTY,2026-08-18,25300.0,PE,776.05,1041.0,776.05,936.75,936.75,335,571223513.25,31525,-5265,2026-08-17
NIFTY,2026-08-18,26700.0,PE,0.0,0.0,0.0,2509.9,2407.92,0,0.0,0,0,2026-08-17
NIFTY,2026-08-18,26900.0,PE,0.0,0.0,0.0,2703.85,2607.88,0,0.0,0,0,2026-08-17
NIFTY,2026-08-18,27100.0,PE,0.0,0.0,0.0,2899.2,2807.85,0,0.0,0,0,2026-08-17
NIFTY,2026-08-25,21500.0,PE,1.4,1.7,1.3,1.55,1.55,10591,14801974333.25,1202305,176930,2026-08-17
NIFTY,2026-08-25,21550.0,PE,1.4,1.7,1.25,1.55,1.55,23,32219443.75,5395,-260,2026-08-17
NIFTY,2026-08-25,22000.0,PE,2.15,2.2,1.7,1.95,1.95,32540,46536283085.5,3158740,420225,2026-08-17
NIFTY,2026-08-25,22450.0,PE,2.05,2.75,2.05,2.3,2.3,440,642139169.75,29120,5525,2026-08-17
NIFTY,2026-08-25,22750.0,PE,2.75,3.2,2.5,2.85,2.85,4430,6551711910.25,178880,94315,2026-08-17
NIFTY,2026-08-25,23100.0,PE,4.5,4.5,3.35,3.95,3.95,14777,22191334561.5,475345,158665,2026-08-17
NIFTY,2026-08-25,23250.0,PE,4.65,4.8,3.85,4.45,4.45,10501,15872583509.25,280020,49660,2026-08-17
NIFTY,2026-08-25,23800.0,PE,16.6,24.0,11.1,12.65,12.65,159077,246252197285.25,3506165,686075,2026-08-17
NIFTY,2026-08-25,25700.0,PE,1284.0,1301.0,1283.0,1301.0,1301.0,24,42097640.0,30745,910,2026-08-17
NIFTY,2026-08-25,26400.0,PE,0.0,0.0,0.0,1670.0,2077.37,0,0.0,130,0,2026-08-17
NIFTY,2026-08-25,27100.0,PE,0.0,0.0,0.0,2350.0,2776.38,0,0.0,65,0,2026-08-17
NIFTY,2026-09-01,23950.0,PE,61.0,76.2,46.9,49.85,49.85,1415,2207934742.0,41665,19175,2026-08-17
NIFTY,2026-09-01,24650.0,PE,387.6,402.75,300.55,334.35,334.35,53,86095685.0,6435,1755,2026-08-17
NIFTY,2026-09-01,24950.0,PE,0.0,0.0,0.0,499.3,711.13,0,0.0,455,0,2026-08-17
NIFTY,2026-09-01,25250.0,PE,0.0,0.0,0.0,1113.75,957.22,0,0.0,0,0,2026-08-17
NIFTY,2026-09-01,25400.0,PE,1042.0,1042.0,1042.0,1042.0,1089.47,1,1718730.0,65,65,2026-08-17
NIFTY,2026-08-18,22250.0,CE,0.0,0.0,0.0,1959.6,2041.34,0,0.0,0,0,2026-08-17
NIFTY,2026-08-18,22350.0,CE,0.0,0.0,0.0,1866.6,1941.36,0,0.0,0,0,2026-08-17
NIFTY,2026-08-18,22850.0,CE,0.0,0.0,0.0,1421.6,1441.44,0,0.0,0,0,2026-08-17
NIFTY,2026-08-18,23450.0,CE,0.0,0.0,0.0,994.45,841.54,0,0.0,65,0,2026-08-17
NIFTY,2026-08-18,23900.0,CE,460.0,500.3,358.95,468.7,468.7,15865,25084401696.25,84110,-89570,2026-08-17
NIFTY,2026-08-18,24000.0,CE,375.05,414.9,263.0,367.9,367.9,158853,251106035589.5,400920,-47580,2026-08-17
NIFTY,2026-08-18,24900.0,CE,2.2,2.2,0.9,1.05,1.05,1009776,1634426692271.75,5083520,-451230,2026-08-17
NIFTY,2026-08-18,25000.0,CE,1.5,1.85,0.8,0.9,0.9,1458954,2370920925707.75,8717670,-2862990,2026-08-17
NIFTY,2026-08-18,25100.0,CE,1.25,1.6,0.55,0.7,0.7,646736,1055196011324.0,3477110,-1163825,2026-08-17
NIFTY,2026-08-18,25550.0,CE,0.7,0.9,0.35,0.4,0.4,44642,74140985126.0,517075,-179530,2026-08-17
NIFTY,2026-08-18,25750.0,CE,0.7,1.0,0.25,0.35,0.35,37836,63329198286.25,675545,-265720,2026-08-17
NIFTY,2026-08-18,25950.0,CE,0.6,0.8,0.25,0.35,0.35,8631,14558612965.0,214110,-63830,2026-08-17
NIFTY,2026-08-25,21900.0,CE,0.0,0.0,0.0,2725.0,2416.72,0,0.0,455,0,2026-08-17
NIFTY,2026-08-25,22950.0,CE,0.0,0.0,0.0,1580.55,1369.77,0,0.0,195,0,2026-08-17
NIFTY,2026-08-25,25450.0,CE,2.5,2.85,1.95,2.05,2.05,9289,15367732818.75,143715,-46085,2026-08-17
NIFTY,2026-08-25,26200.0,CE,0.65,0.8,0.65,0.7,0.7,3952,6730443541.25,426855,-4160,2026-08-17
NIFTY,2031-06-24,33000.0,PE,0.0,0.0,0.0,3810.15,3334.28,0,0.0,0,0,2026-08-17
NIFTY,2031-06-24,22500.0,PE,0.0,0.0,0.0,663.6,502.68,0,0.0,0,0,2026-08-17
NIFTY,2030-12-31,31500.0,PE,0.0,0.0,0.0,1885.5,2963.48,0,0.0,0,0,2026-08-17
NIFTY,2030-12-31,28500.0,PE,0.0,0.0,0.0,1083.1,1880.65,0,0.0,0,0,2026-08-17
NIFTY,2030-12-31,22500.0,PE,0.0,0.0,0.0,219.35,517.85,0,0.0,0,0,2026-08-17
NIFTY,2028-12-26,19500.0,PE,0.0,0.0,0.0,49.0,155.39,0,0.0,0,0,2026-08-17
NIFTY,2028-06-27,31500.0,PE,0.0,0.0,0.0,2935.6,4553.07,0,0.0,0,0,2026-08-17
NIFTY,2028-06-27,22500.0,PE,0.0,0.0,0.0,206.95,508.98,0,0.0,0,0,2026-08-17
NIFTY,2027-12-28,25500.0,PE,0.0,0.0,0.0,676.05,1377.58,0,0.0,0,0,2026-08-17
NIFTY,2027-06-29,16500.0,PE,0.0,0.0,0.0,25.0,1.62,0,0.0,780,0,2026-08-17
NIFTY,2027-03-30,28500.0,PE,0.0,0.0,0.0,2937.15,3403.25,0,0.0,65,0,2026-08-17
NIFTY,2027-03-30,21000.0,PE,85.85,87.0,82.5,85.75,85.75,455,623569326.25,381940,5200,2026-08-17
NIFTY,2026-12-29,25500.0,PE,940.0,977.25,889.85,911.5,911.5,445,764409158.5,385580,1040,2026-08-17
NIFTY,2026-10-27,26050.0,PE,0.0,0.0,0.0,1920.65,1654.34,0,0.0,0,0,2026-08-17
NIFTY,2026-10-27,25800.0,PE,0.0,0.0,0.0,1055.9,1463.52,0,0.0,390,0,2026-08-17
NIFTY,2026-10-27,24450.0,PE,373.65,373.65,339.0,353.45,353.45,41,66108350.75,2535,1040,2026-08-17
NIFTY,2026-10-27,23700.0,PE,160.55,172.0,138.3,141.85,141.85,953,1477690054.75,150735,35750,2026-08-17
NIFTY,2026-10-27,23200.0,PE,0.0,0.0,0.0,342.0,203.13,0,0.0,0,0,2026-08-17
NIFTY,2026-09-29,30000.0,PE,5422.9,5498.8,5399.1,5399.1,5481.81,8,18438101.5,147030,-195,2026-08-17
NIFTY,2026-09-29,27100.0,PE,0.0,0.0,0.0,2914.15,2624.45,0,0.0,0,0,2026-08-17
NIFTY,2026-09-29,26800.0,PE,0.0,0.0,0.0,2648.0,2339.2,0,0.0,0,0,2026-08-17
NIFTY,2026-09-29,26650.0,PE,0.0,0.0,0.0,2517.6,2198.77,0,0.0,0,0,2026-08-17
NIFTY,2026-09-29,25800.0,PE,1177.5,1249.4,1177.5,1249.4,1447.03,10,17575197.25,1430,585,2026-08-17
NIFTY,2026-09-29,24700.0,PE,441.5,489.95,400.65,415.05,415.05,1625,2657050418.75,196625,-20735,2026-08-17
NIFTY,2026-09-29,22950.0,PE,38.35,42.2,33.25,34.15,34.15,134,200224706.5,16250,-195,2026-08-17
NIFTY,2026-09-29,22800.0,PE,34.25,36.0,28.5,29.25,29.25,2243,3328738871.25,284050,-1560,2026-08-17
NIFTY,2026-09-29,22150.0,PE,0.0,0.0,0.0,15.3,20.19,0,0.0,21385,0,2026-08-17
NIFTY,2026-09-29,21850.0,PE,0.0,0.0,0.0,15.9,10.72,0,0.0,845,0,2026-08-17
NIFTY,2026-09-15,25950.0,PE,0.0,0.0,0.0,1430.0,1587.96,0,0.0,0,0,2026-08-17
NIFTY,2026-09-15,24100.0,PE,0.0,0.0,0.0,282.0,310.77,0,0.0,0,0,2026-08-17
NIFTY,2026-09-15,23850.0,PE,0.0,0.0,0.0,204.05,221.32,0,0.0,0,0,2026-08-17
NIFTY,2026-09-15,23800.0,PE,0.0,0.0,0.0,191.65,205.89,0,0.0,0,0,2026-08-17
NIFTY,2026-09-08,26350.0,PE,0.0,0.0,0.0,1656.4,1976.78,0,0.0,0,0,2026-08-17
NIFTY,2026-09-08,25700.0,PE,0.0,0.0,0.0,1116.5,1363.67,0,0.0,0,0,2026-08-17
NIFTY,2026-09-08,25100.0,PE,0.0,0.0,0.0,701.05,857.29,0,0.0,0,0,2026-08-17
NIFTY,2026-09-08,24500.0,PE,266.0,329.0,251.0,263.2,263.2,914,1472764143.5,102180,5525,2026-08-17
NIFTY,2031-06-24,27000.0,PE,0.0,0.0,0.0,1653.15,1355.69,0,0.0,0,0,2026-08-17
NIFTY,2029-12-24,28500.0,PE,0.0,0.0,0.0,1255.9,2171.96,0,0.0,0,0,2026-08-17
NIFTY,2029-12-24,27000.0,PE,0.0,0.0,0.0,1177.9,1635.59,0,0.0,0,0,2026-08-17
NIFTY,2029-12-24,22500.0,PE,0.0,0.0,0.0,225.7,539.47,0,0.0,0,0,2026-08-17
NIFTY,2029-06-26,33000.0,PE,0.0,0.0,0.0,3022.85,4648.87,0,0.0,0,0,2026-08-17
NIFTY,2029-06-26,28500.0,PE,0.0,0.0,0.0,1349.1,2333.4,0,0.0,0,0,2026-08-17
NIFTY,2028-12-26,25500.0,PE,0.0,0.0,0.0,648.2,1297.4,0,0.0,0,0,2026-08-17
NIFTY,2028-06-27,24000.0,PE,0.0,0.0,0.0,1692.75,862.35,0,0.0,0,0,2026-08-17
NIFTY,2027-12-28,21000.0,PE,243.85,259.8,243.85,245.15,245.15,274,378493566.75,31200,13250,2026-08-17
NIFTY,2027-12-28,17000.0,PE,0.0,0.0,0.0,57.2,12.78,0,0.0,17750,0,2026-08-17
NIFTY,2027-06-29,25500.0,PE,0.0,0.0,0.0,667.15,1380.04,0,0.0,0,0,2026-08-17
NIFTY,2027-06-29,21000.0,PE,137.95,139.45,135.7,137.1,137.1,9,12365609.75,7180,195,2026-08-17
NIFTY,2026-10-27,26400.0,PE,0.0,0.0,0.0,2204.4,1937.93,0,0.0,0,0,2026-08-17
NIFTY,2026-10-27,26250.0,PE,0.0,0.0,0.0,2081.05,1814.37,0,0.0,0,0,2026-08-17
NIFTY,2026-10-27,25700.0,PE,0.0,0.0,0.0,952.1,1388.54,0,0.0,260,0,2026-08-17
NIFTY,2026-10-27,23800.0,PE,180.95,195.0,159.0,160.85,160.85,942,1467980995.0,85475,18590,2026-08-17
NIFTY,2026-10-27,23750.0,PE,0.0,0.0,0.0,529.65,350.54,0,0.0,0,0,2026-08-17
NIFTY,2026-10-27,23150.0,PE,0.0,0.0,0.0,327.65,192.48,0,0.0,0,0,2026-08-17
NIFTY,2026-10-27,22950.0,PE,0.0,0.0,0.0,274.9,154.02,0,0.0,0,0,2026-08-17
NIFTY,2026-10-27,22900.0,PE,0.0,0.0,0.0,262.65,145.39,0,0.0,0,0,2026-08-17
NIFTY,2026-09-29,34500.0,PE,0.0,0.0,0.0,7064.95,9947.16,0,0.0,0,0,2026-08-17
NIFTY,2026-09-29,26050.0,PE,0.0,0.0,0.0,2017.5,1658.46,0,0.0,0,0,2026-08-17
NIFTY,2026-09-29,26000.0,PE,1519.5,1562.45,1423.1,1467.1,1467.1,1493,2670444146.5,1014115,72540,2026-08-17
NIFTY,2026-09-29,25550.0,PE,0.0,0.0,0.0,930.0,1246.27,0,0.0,130,0,2026-08-17
NIFTY,2026-09-29,25300.0,PE,911.95,911.95,812.7,812.85,812.85,5,8494135.0,10205,65,2026-08-17
NIFTY,2026-09-29,25050.0,PE,665.25,665.25,647.95,648.0,648.0,3,5012228.0,2340,-65,2026-08-17
NIFTY,2026-09-29,24850.0,PE,538.45,581.1,538.45,541.8,756.24,17,28059648.5,7995,-130,2026-08-17
NIFTY,2026-09-29,23050.0,PE,44.0,48.35,37.35,38.6,38.6,116,174113023.5,18980,260,2026-08-17
NIFTY,2026-09-29,22400.0,PE,22.85,23.5,19.45,20.15,20.15,451,657275362.25,35035,9555,2026-08-17
NIFTY,2026-09-15,26200.0,PE,0.0,0.0,0.0,1647.25,1818.39,0,0.0,0,0,2026-08-17
NIFTY,2026-09-15,26000.0,PE,0.0,0.0,0.0,1472.65,1633.46,0,0.0,0,0,2026-08-17
NIFTY,2026-09-15,25350.0,PE,0.0,0.0,0.0,956.1,1073.84,0,0.0,0,0,2026-08-17
NIFTY,2026-09-15,24500.0,PE,320.0,347.1,264.6,282.15,282.15,257,414171676.75,7215,4160,2026-08-17
NIFTY,2026-09-15,24450.0,PE,0.0,0.0,0.0,422.45,472.1,0,0.0,0,0,2026-08-17
NIFTY,2026-09-15,24150.0,PE,210.45,210.45,128.4,150.0,150.0,8,12636412.75,130,130,2026-08-17
NIFTY,2026-09-15,22800.0,PE,15.6,16.55,12.5,13.35,13.35,32,47455050.5,910,910,2026-08-17
NIFTY,2026-09-08,26400.0,PE,0.0,0.0,0.0,1700.8,2025.38,0,0.0,0,0,2026-08-17
NIFTY,2026-09-08,26200.0,PE,0.0,0.0,0.0,1525.35,1831.87,0,0.0,0,0,2026-08-17
NIFTY,2026-09-08,26150.0,PE,0.0,0.0,0.0,1482.45,1783.92,0,0.0,0,0,2026-08-17
NIFTY,2026-09-08,26050.0,PE,0.0,0.0,0.0,1397.8,1688.63,0,0.0,0,0,2026-08-17
NIFTY,2026-09-08,23950.0,PE,82.0,109.9,73.95,80.4,80.4,187,292273835.75,11050,5915,2026-08-17
NIFTY,2026-09-08,23850.0,PE,0.0,0.0,0.0,173.75,179.86,0,0.0,0,0,2026-08-17
NIFTY,2026-09-01,26850.0,PE,0.0,0.0,0.0,2502.1,2495.97,0,0.0,0,0,2026-08-17
NIFTY,2026-09-01,26200.0,PE,0.0,0.0,0.0,1899.45,1851.3,0,0.0,0,0,2026-08-17
NIFTY,2026-09-01,25800.0,PE,0.0,0.0,0.0,1550.85,1462.11,0,0.0,0,0,2026-08-17
NIFTY,2026-09-01,24500.0,PE,249.95,301.75,219.25,238.45,238.45,8158,13125723552.5,326625,23660,2026-08-17
NIFTY,2026-09-01,24350.0,PE,190.0,218.9,151.45,163.05,163.05,4285,6829271897.5,61815,33605,2026-08-17
NIFTY,2026-09-01,24150.0,PE,132.1,133.0,86.95,94.05,94.05,820,1292828205.5,17550,17550,2026-08-17
NIFTY,2026-09-01,23200.0,PE,8.95,10.45,7.65,8.05,8.05,3219,4856048346.5,135070,49270,2026-08-17
NIFTY,2026-09-01,23000.0,PE,8.45,8.45,6.55,6.95,6.95,5780,8643762107.5,352105,85995,2026-08-17
NIFTY,2026-09-01,22600.0,PE,4.85,5.75,4.55,5.0,5.0,622,913917884.75,39650,24440,2026-08-17
NIFTY,2026-09-01,22550.0,PE,5.15,5.15,4.8,4.95,4.95,15,21991040.5,2665,520,2026-08-17
NIFTY,2026-09-01,22400.0,PE,4.25,5.1,4.2,4.85,4.85,236,343687227.0,15860,7800,2026-08-17
NIFTY,2026-08-25,26900.0,PE,0.0,0.0,0.0,2715.0,2576.65,0,0.0,0,0,2026-08-17
NIFTY,2026-08-25,26350.0,PE,0.0,0.0,0.0,1699.45,2027.45,0,0.0,65,0,2026-08-17
NIFTY,2026-08-25,26050.0,PE,0.0,0.0,0.0,1763.2,1728.2,0,0.0,260,0,2026-08-17
NIFTY,2026-08-25,26000.0,PE,1550.0,1710.0,1550.0,1600.65,1600.65,3252,5851321336.25,2239055,46800,2026-08-17
NIFTY,2026-08-25,25500.0,PE,1105.05,1213.1,1072.5,1103.3,1103.3,1161,2010959366.0,1290575,-11375,2026-08-17
NIFTY,2026-08-25,24300.0,PE,100.0,161.5,90.55,101.05,101.05,329235,522614288680.25,3856450,927290,2026-08-17
NIFTY,2026-08-25,23600.0,PE,8.65,11.0,5.9,6.9,6.9,124147,190506538823.25,1711060,212940,2026-08-17
NIFTY,2026-08-25,23350.0,PE,5.4,5.7,4.35,4.9,4.9,12647,19198937494.75,282035,163540,2026-08-17
NIFTY,2026-08-25,22600.0,PE,2.8,2.95,2.3,2.6,2.6,7379,10841023030.5,207545,87165,2026-08-17
NIFTY,2026-08-25,22550.0,PE,2.55,2.75,2.25,2.55,2.55,414,606888594.0,23790,2665,2026-08-17
NIFTY,2026-08-18,26950.0,PE,0.0,0.0,0.0,2752.6,2657.88,0,0.0,0,0,2026-08-17
NIFTY,2026-08-18,26600.0,PE,0.0,0.0,0.0,2413.6,2307.93,0,0.0,0,0,2026-08-17
NIFTY,2026-08-18,26100.0,PE,0.0,0.0,0.0,1570.0,1808.02,0,0.0,260,0,2026-08-17
NIFTY,2026-08-18,25900.0,PE,0.0,0.0,0.0,1515.7,1608.05,0,0.0,585,0,2026-08-17
NIFTY,2026-08-18,25850.0,PE,0.0,0.0,0.0,1334.0,1558.06,0,0.0,260,0,2026-08-17
NIFTY,2026-08-18,25750.0,PE,1256.7,1256.7,1256.7,1256.7,1458.08,1,1755435.5,65,65,2026-08-17
NIFTY,2026-08-18,25400.0,PE,1091.95,1145.0,1013.85,1021.5,1021.5,89,153149828.0,15600,-130,2026-08-17
NIFTY,2026-08-18,24550.0,PE,200.05,302.8,167.65,194.25,194.25,180967,291270559274.5,350090,-287300,2026-08-17
NIFTY,2026-08-18,24200.0,PE,22.5,45.95,10.3,13.3,13.3,5894407,9281122805932.25,10402600,3160105,2026-08-17
NIFTY,2026-08-18,23900.0,PE,4.0,4.45,1.85,2.25,2.25,1647549,2559751640078.75,6526715,2113540,2026-08-17
NIFTY,2026-08-18,23400.0,PE,1.5,1.5,0.65,0.8,0.8,290907,442488697241.5,2128425,44265,2026-08-17
NIFTY,2026-08-18,23250.0,PE,1.25,1.25,0.65,0.75,0.75,103408,156281537993.75,440895,-6500,2026-08-17
NIFTY,2026-08-18,22400.0,PE,0.75,0.75,0.4,0.45,0.45,13609,19815175776.5,195000,-48620,2026-08-17
NIFTY,2031-06-24,33000.0,CE,0.0,0.0,0.0,3451.55,3610.78,0,0.0,0,0,2026-08-17
NIFTY,2031-06-24,21000.0,CE,0.0,0.0,0.0,8900.75,9337.19,0,0.0,0,0,2026-08-17
NIFTY,2030-12-31,31500.0,CE,0.0,0.0,0.0,4554.55,3600.2,0,0.0,0,0,2026-08-17
NIFTY,2030-06-25,21000.0,CE,0.0,0.0,0.0,10421.65,8311.48,0,0.0,0,0,2026-08-17
NIFTY,2029-12-24,18000.0,CE,0.0,0.0,0.0,11362.4,9936.6,0,0.0,0,0,2026-08-17
NIFTY,2027-12-28,16500.0,CE,0.0,0.0,0.0,11316.4,9206.11,0,0.0,0,0,2026-08-17
NIFTY,2027-03-30,31500.0,CE,0.0,0.0,0.0,94.65,63.91,0,0.0,0,0,2026-08-17
NIFTY,2027-03-30,27000.0,CE,287.05,323.75,271.05,290.65,290.65,790,1401033738.0,623870,3770,2026-08-17
NIFTY,2026-12-29,31000.0,CE,9.6,10.85,9.6,10.75,10.75,124,249941055.0,161870,-4855,2026-08-17
NIFTY,2026-12-29,29000.0,CE,20.35,20.65,19.0,19.9,19.9,809,1526005373.75,512050,-5785,2026-08-17
NIFTY,2026-12-29,28500.0,CE,27.85,28.55,25.35,26.7,26.7,854,1583541895.0,120510,520,2026-08-17
NIFTY,2026-12-29,27000.0,CE,95.0,95.0,81.15,84.8,84.8,5056,8901032692.5,2423865,13605,2026-08-17
NIFTY,2026-12-29,22000.0,CE,2914.8,2953.0,2845.0,2930.2,2930.2,64,103645324.25,264030,0,2026-08-17
NIFTY,2026-10-27,26300.0,CE,0.0,0.0,0.0,202.25,175.85,0,0.0,0,0,2026-08-17
NIFTY,2026-10-27,25850.0,CE,0.0,0.0,0.0,288.85,266.07,0,0.0,0,0,2026-08-17
NIFTY,2026-10-27,25750.0,CE,87.7,95.1,79.7,85.25,85.25,626,1051280837.75,61685,-3250,2026-08-17
NIFTY,2026-10-27,24850.0,CE,0.0,0.0,0.0,385.0,588.94,0,0.0,2210,0,2026-08-17
NIFTY,2026-10-27,24750.0,CE,402.05,402.05,402.05,402.05,632.48,1,1634883.25,260,0,2026-08-17
NIFTY,2026-10-27,24050.0,CE,0.0,0.0,0.0,952.7,999.02,0,0.0,0,0,2026-08-17
NIFTY,2026-10-27,23600.0,CE,0.0,0.0,0.0,1212.7,1290.85,0,0.0,0,0,2026-08-17
NIFTY,2026-10-27,23450.0,CE,0.0,0.0,0.0,1307.95,1398.42,0,0.0,0,0,2026-08-17
NIFTY,2026-10-27,23200.0,CE,0.0,0.0,0.0,1475.8,1584.5,0,0.0,0,0,2026-08-17
NIFTY,2026-10-27,22800.0,CE,0.0,0.0,0.0,1767.2,1905.56,0,0.0,0,0,2026-08-17
NIFTY,2026-09-29,27100.0,CE,4.0,6.4,4.0,4.2,4.2,55,96900313.25,1625,1625,2026-08-17
NIFTY,2026-09-29,26800.0,CE,0.0,0.0,0.0,124.8,32.85,0,0.0,0,0,2026-08-17
NIFTY,2026-09-29,26200.0,CE,12.5,13.5,11.1,11.95,11.95,2727,4646262413.0,215735,-3380,2026-08-17
NIFTY,2026-09-29,25600.0,CE,40.4,42.65,34.3,37.95,37.95,4930,8215759506.5,205010,17290,2026-08-17
NIFTY,2026-09-29,25200.0,CE,104.05,104.9,82.15,94.15,94.15,12203,20062701028.5,550225,-39260,2026-08-17
NIFTY,2026-09-29,23700.0,CE,873.65,955.0,850.0,928.7,928.7,50,80021548.75,16185,-390,2026-08-17
NIFTY,2026-09-29,22800.0,CE,0.0,0.0,0.0,1745.0,1729.09,0,0.0,390,0,2026-08-17
NIFTY,2026-09-29,22200.0,CE,0.0,0.0,0.0,2158.9,2280.6,0,0.0,0,0,2026-08-17
NIFTY,2026-09-15,26050.0,CE,0.0,0.0,0.0,88.4,42.04,0,0.0,0,0,2026-08-17
NIFTY,2026-09-15,25800.0,CE,0.0,0.0,0.0,125.8,65.13,0,0.0,0,0,2026-08-17
NIFTY,2026-09-15,25100.0,CE,0.0,0.0,0.0,301.2,190.53,0,0.0,0,0,2026-08-17
NIFTY,2026-09-15,23950.0,CE,0.0,0.0,0.0,893.55,707.28,0,0.0,0,0,2026-08-17
NIFTY,2026-09-15,23350.0,CE,0.0,0.0,0.0,1354.25,1150.16,0,0.0,0,0,2026-08-17
NIFTY,2026-09-08,26250.0,CE,2.4,3.6,2.4,3.3,3.3,23,39248332.5,650,650,2026-08-17
NIFTY,2026-09-08,26000.0,CE,4.55,5.9,4.5,5.4,5.4,616,1041249576.25,45240,14950,2026-08-17
NIFTY,2026-09-08,25350.0,CE,0.0,0.0,0.0,274.75,88.32,0,0.0,0,0,2026-08-17
NIFTY,2026-09-08,25250.0,CE,0.0,0.0,0.0,307.5,105.59,0,0.0,0,0,2026-08-17
NIFTY,2026-09-08,24850.0,CE,92.55,99.0,71.6,86.8,86.8,386,625618964.75,10530,3445,2026-08-17
NIFTY,2026-09-08,24500.0,CE,227.0,248.65,178.55,217.75,217.75,2559,4109334128.25,130390,26520,2026-08-17
NIFTY,2026-09-08,24200.0,CE,378.3,418.65,339.0,392.85,392.85,549,876680805.0,10855,5980,2026-08-17
NIFTY,2026-09-08,23950.0,CE,0.0,0.0,0.0,1004.15,636.68,0,0.0,0,0,2026-08-17
NIFTY,2026-09-01,27000.0,CE,1.0,1.9,1.0,1.55,1.55,371,651142121.5,27885,8060,2026-08-17
NIFTY,2026-09-01,24100.0,CE,419.05,436.25,341.0,399.9,399.9,775,1232895937.0,23075,3640,2026-08-17
NIFTY,2026-09-01,22150.0,CE,0.0,0.0,0.0,2218.8,2193.26,0,0.0,0,0,2026-08-17
NIFTY,2026-09-01,22100.0,CE,0.0,0.0,0.0,2265.95,2243.03,0,0.0,0,0,2026-08-17
NIFTY,2026-08-25,27200.0,CE,0.7,0.9,0.6,0.65,0.65,1177,2080992117.75,221910,26000,2026-08-17
NIFTY,2026-08-25,25150.0,CE,8.35,8.35,4.1,4.5,4.5,40232,65781663668.5,372580,-119925,2026-08-17
NIFTY,2026-08-25,24650.0,CE,69.85,69.85,32.8,46.0,46.0,78097,125357552001.5,839930,217035,2026-08-17
NIFTY,2026-08-25,24300.0,CE,225.2,225.2,143.2,193.75,193.75,294554,468665757124.5,3152565,1434355,2026-08-17
NIFTY,2026-08-25,24250.0,CE,249.1,256.5,170.35,225.45,225.45,69542,110532068653.5,342680,127790,2026-08-17
NIFTY,2026-08-25,23600.0,CE,751.0,832.8,697.2,803.2,803.2,465,736242042.25,220610,5395,2026-08-17
NIFTY,2026-08-25,23400.0,CE,935.0,1018.75,894.2,1006.4,1006.4,192,303924994.75,29185,8385,2026-08-17
NIFTY,2026-08-25,23200.0,CE,1128.95,1222.0,1090.0,1194.0,1194.0,23,36361864.5,24310,325,2026-08-17
NIFTY,2026-08-25,22700.0,CE,1650.0,1706.8,1650.0,1706.8,1618.17,2,3169192.0,5785,-65,2026-08-17
NIFTY,2026-08-25,22550.0,CE,0.0,0.0,0.0,1773.25,1767.73,0,0.0,130,0,2026-08-17
NIFTY,2026-08-25,22100.0,CE,0.0,0.0,0.0,2281.05,2216.99,0,0.0,0,0,2026-08-17
NIFTY,2026-08-18,27000.0,CE,0.4,0.55,0.25,0.3,0.3,18586,32618895257.0,238095,-207220,2026-08-17
NIFTY,2026-08-18,26750.0,CE,0.8,1.0,0.25,0.3,0.3,2327,4046134787.5,31395,-3770,2026-08-17
NIFTY,2026-08-18,26600.0,CE,0.7,0.75,0.25,0.3,0.3,10747,18581861366.25,65260,12675,2026-08-17
NIFTY,2026-08-18,26200.0,CE,0.65,0.65,0.25,0.3,0.3,20803,35428090022.0,262275,95940,2026-08-17
NIFTY,2026-08-18,25400.0,CE,0.85,1.05,0.4,0.45,0.45,211081,348504674654.5,3240445,-672295,2026-08-17
NIFTY,2026-08-18,25350.0,CE,0.85,1.15,0.4,0.45,0.45,111097,183065851481.5,1140035,-75985,2026-08-17
NIFTY,2026-08-18,25300.0,CE,1.0,1.2,0.45,0.5,0.5,425893,700404089138.0,3733145,423345,2026-08-17
NIFTY,2026-08-18,24350.0,CE,103.0,104.0,29.45,66.7,66.7,6697010,10625360907096.0,7116460,3095690,2026-08-17
NIFTY,2026-08-18,24300.0,CE,132.6,132.6,45.65,97.0,97.0,8181092,12963426772695.75,6235840,3022110,2026-08-17
NIFTY,2026-08-18,23950.0,CE,410.0,452.25,308.8,419.0,419.0,8779,13878279678.25,55315,15535,2026-08-17
NIFTY,2026-08-18,22700.0,CE,0.0,0.0,0.0,1551.05,1591.42,0,0.0,0,0,2026-08-17
NIFTY,2026-08-18,22450.0,CE,0.0,0.0,0.0,1774.75,1841.38,0,0.0,0,0,2026-08-17
NIFTY,2026-09-29,23000.0,CE,1500.05,1585.0,1460.0,1542.5,1542.5,454,723217147.25,143065,18655,2026-08-17
NIFTY,2031-06-24,18000.0,PE,0.0,0.0,0.0,173.45,115.85,0,0.0,0,0,2026-08-17
NIFTY,2029-12-24,25000.0,PE,0.0,0.0,0.0,950.0,1055.82,0,0.0,615,0,2026-08-17
NIFTY,2029-06-26,19500.0,PE,0.0,0.0,0.0,56.0,174.92,0,0.0,0,0,2026-08-17
NIFTY,2029-06-26,18000.0,PE,0.0,0.0,0.0,118.45,85.11,0,0.0,0,0,2026-08-17
NIFTY,2029-06-26,16500.0,PE,0.0,0.0,0.0,8.1,36.06,0,0.0,0,0,2026-08-17
NIFTY,2028-12-26,31500.0,PE,0.0,0.0,0.0,2673.4,4145.32,0,0.0,0,0,2026-08-17
NIFTY,2028-12-26,24000.0,PE,750.05,750.05,750.05,750.05,861.23,1,1608753.25,4680,-65,2026-08-17
NIFTY,2028-06-27,27000.0,PE,0.0,0.0,0.0,2752.35,1963.16,0,0.0,0,0,2026-08-17
NIFTY,2027-06-29,27000.0,PE,0.0,0.0,0.0,1780.0,2207.45,0,0.0,130,0,2026-08-17
NIFTY,2027-06-29,18000.0,PE,0.0,0.0,0.0,220.0,10.47,0,0.0,230,0,2026-08-17
NIFTY,2027-03-30,18000.0,PE,0.0,0.0,0.0,37.3,3.48,0,0.0,65,0,2026-08-17
NIFTY,2026-12-29,22000.0,PE,75.0,79.65,72.55,73.7,73.7,1807,2592830740.5,1540585,-22265,2026-08-17
NIFTY,2026-12-29,19000.0,PE,27.8,31.9,27.5,28.25,28.25,510,630790803.5,606230,390,2026-08-17
NIFTY,2026-10-27,25950.0,PE,0.0,0.0,0.0,1842.3,1576.5,0,0.0,0,0,2026-08-17
NIFTY,2026-10-27,25350.0,PE,0.0,0.0,0.0,783.0,1144.18,0,0.0,130,0,2026-08-17
NIFTY,2026-10-27,23500.0,PE,123.15,137.45,113.0,114.85,114.85,2940,4513989554.75,487695,37245,2026-08-17
NIFTY,2026-10-27,22300.0,PE,37.25,37.45,31.1,33.05,33.05,114,165497442.5,28665,1300,2026-08-17
NIFTY,2026-09-29,26550.0,PE,0.0,0.0,0.0,2431.75,2106.15,0,0.0,0,0,2026-08-17
NIFTY,2026-09-29,26400.0,PE,0.0,0.0,0.0,1700.0,1968.93,0,0.0,195,0,2026-08-17
NIFTY,2026-09-29,26350.0,PE,0.0,0.0,0.0,2262.9,1923.7,0,0.0,0,0,2026-08-17
NIFTY,2026-09-29,26150.0,PE,0.0,0.0,0.0,2098.2,1745.61,0,0.0,0,0,2026-08-17
NIFTY,2026-09-29,24550.0,PE,375.8,403.85,329.15,341.65,341.65,377,610091095.25,33020,8125,2026-08-17
NIFTY,2026-09-29,24000.0,PE,167.25,190.65,146.6,152.85,152.85,22330,35074027342.25,3500280,146055,2026-08-17
NIFTY,2026-09-29,23550.0,PE,87.4,96.05,73.8,77.35,77.35,241,370225830.0,30095,-1105,2026-08-17
NIFTY,2026-09-29,23500.0,PE,74.25,90.35,68.4,70.2,70.2,19127,29312541436.75,1934725,-20800,2026-08-17
NIFTY,2026-09-15,25750.0,PE,0.0,0.0,0.0,1263.75,1409.51,0,0.0,0,0,2026-08-17
NIFTY,2026-09-15,25600.0,PE,0.0,0.0,0.0,1144.25,1279.93,0,0.0,0,0,2026-08-17
NIFTY,2026-09-15,25450.0,PE,0.0,0.0,0.0,1030.55,1154.67,0,0.0,0,0,2026-08-17
NIFTY,2026-09-15,25000.0,PE,0.0,0.0,0.0,720.1,810.55,0,0.0,0,0,2026-08-17
NIFTY,2026-09-15,24550.0,PE,0.0,0.0,0.0,292.05,526.1,0,0.0,845,0,2026-08-17
NIFTY,2026-09-15,24250.0,PE,0.0,0.0,0.0,337.6,374.69,0,0.0,0,0,2026-08-17
NIFTY,2026-09-15,23200.0,PE,0.0,0.0,0.0,75.8,76.62,0,0.0,0,0,2026-08-17
NIFTY,2026-09-15,22600.0,PE,0.0,0.0,0.0,24.3,22.02,0,0.0,0,0,2026-08-17
NIFTY,2026-09-08,25800.0,PE,0.0,0.0,0.0,1194.35,1454.9,0,0.0,0,0,2026-08-17
NIFTY,2026-09-08,24800.0,PE,495.0,505.65,423.8,468.35,468.35,37,60703054.75,4875,-260,2026-08-17
NIFTY,2026-09-08,24600.0,PE,351.25,390.7,301.6,309.0,309.0,230,372535962.5,36075,-650,2026-08-17
NIFTY,2026-09-08,24300.0,PE,199.75,226.3,166.85,176.7,176.7,1389,2211514610.5,65195,19045,2026-08-17
NIFTY,2026-09-08,23100.0,PE,16.75,16.75,12.6,13.1,13.1,526,790297677.0,30225,20410,2026-08-17
NIFTY,2026-09-08,22650.0,PE,0.0,0.0,0.0,21.8,12.9,0,0.0,0,0,2026-08-17
NIFTY,2026-09-01,26950.0,PE,0.0,0.0,0.0,2597.5,2595.59,0,0.0,0,0,2026-08-17
NIFTY,2026-09-01,25950.0,PE,0.0,0.0,0.0,1679.0,1606.79,0,0.0,0,0,2026-08-17
NIFTY,2026-09-01,24750.0,PE,432.9,449.45,372.3,383.55,564.39,41,67055690.0,1495,65,2026-08-17
NIFTY,2026-09-01,23800.0,PE,38.1,50.6,29.7,32.2,32.2,11140,17260949264.0,309075,140725,2026-08-17
NIFTY,2026-09-01,23400.0,PE,13.4,16.15,10.75,11.35,11.35,4667,7102397331.25,163670,5395,2026-08-17
NIFTY,2026-09-01,23100.0,PE,7.8,8.9,7.0,7.45,7.45,1361,2044211773.5,46670,9035,2026-08-17
NIFTY,2026-09-01,22750.0,PE,5.55,5.9,5.25,5.65,5.65,24,35498664.5,1690,-65,2026-08-17
NIFTY,2026-09-01,22250.0,PE,3.45,5.65,3.1,4.65,4.65,32,46287852.0,1560,455,2026-08-17
NIFTY,2026-08-25,26750.0,PE,0.0,0.0,0.0,2584.3,2426.85,0,0.0,0,0,2026-08-17
NIFTY,2026-08-25,26650.0,PE,0.0,0.0,0.0,2498.25,2326.99,0,0.0,0,0,2026-08-17
NIFTY,2026-08-25,26500.0,PE,2181.0,2181.0,2081.15,2090.0,2177.21,5,9308919.75,6760,-195,2026-08-17
NIFTY,2026-08-25,26250.0,PE,0.0,0.0,0.0,1985.0,1927.65,0,0.0,130,0,2026-08-17
NIFTY,2026-08-25,25550.0,PE,0.0,0.0,0.0,1080.0,1233.23,0,0.0,5460,0,2026-08-17
NIFTY,2026-08-25,25300.0,PE,945.4,996.3,873.1,901.85,901.85,707,1203988477.25,79365,32500,2026-08-17
NIFTY,2026-08-25,24750.0,PE,404.05,482.3,358.0,381.3,381.3,817,1335684294.75,88595,975,2026-08-17
NIFTY,2026-08-25,22800.0,PE,2.55,3.4,2.55,3.05,3.05,16051,23790774068.75,651300,216645,2026-08-17
NIFTY,2026-08-25,22500.0,PE,2.55,2.8,2.15,2.45,2.45,41592,60834950267.0,2232620,456625,2026-08-17
NIFTY,2026-08-25,22350.0,PE,2.2,2.55,1.95,2.2,2.2,173,251351639.5,8385,325,2026-08-17
NIFTY,2026-08-25,22050.0,PE,2.65,2.65,1.75,1.9,1.9,482,690887252.25,14430,5720,2026-08-17
NIFTY,2026-08-25,21400.0,PE,1.7,1.7,1.05,1.45,1.45,643,894474997.0,55120,10270,2026-08-17
NIFTY,2026-08-25,21300.0,PE,1.35,1.5,1.15,1.45,1.45,5338,7390918158.0,631800,213200,2026-08-17
NIFTY,2026-08-18,26850.0,PE,0.0,0.0,0.0,2655.25,2557.89,0,0.0,0,0,2026-08-17
NIFTY,2026-08-18,26500.0,PE,2140.0,2140.0,2140.0,2140.0,2207.95,1,1861600.0,1170,-65,2026-08-17
NIFTY,2026-08-18,26050.0,PE,0.0,0.0,0.0,1895.7,1758.03,0,0.0,0,0,2026-08-17
NIFTY,2026-08-18,24950.0,PE,617.8,695.95,556.6,582.95,582.95,642,1066612101.75,26195,-325,2026-08-17
NIFTY,2026-08-18,23700.0,PE,2.35,2.35,0.8,1.15,1.15,826366,1273097008904.5,3526770,-357435,2026-08-17
NIFTY,2026-08-18,23450.0,PE,1.75,1.75,0.65,0.9,0.9,196033,298817619837.75,1177020,417885,2026-08-17
NIFTY,2026-08-18,22500.0,PE,0.7,0.7,0.35,0.45,0.45,71772,104969072884.0,2157090,-809575,2026-08-17
NIFTY,2026-08-18,22450.0,PE,0.8,0.8,0.4,0.45,0.45,4538,6622244125.25,105950,1430,2026-08-17
NIFTY,2026-08-18,22200.0,PE,0.65,0.65,0.25,0.4,0.4,37494,54104740202.5,262730,-312975,2026-08-17
NIFTY,2030-12-31,27000.0,CE,0.0,0.0,0.0,6772.8,5455.65,0,0.0,0,0,2026-08-17
NIFTY,2030-12-31,22500.0,CE,0.0,0.0,0.0,9536.95,7911.98,0,0.0,0,0,2026-08-17
NIFTY,2030-06-25,33000.0,CE,0.0,0.0,0.0,4416.45,2573.18,0,0.0,0,0,2026-08-17
NIFTY,2030-06-25,24000.0,CE,0.0,0.0,0.0,8591.55,6440.27,0,0.0,0,0,2026-08-17
NIFTY,2028-12-26,30000.0,CE,1221.0,1221.0,1221.0,1221.0,1868.33,1,2029365.0,11620,65,2026-08-17
NIFTY,2028-12-26,28500.0,CE,0.0,0.0,0.0,3608.65,2384.47,0,0.0,0,0,2026-08-17
NIFTY,2028-12-26,28000.0,CE,2070.05,2070.05,2070.05,2070.05,2579.52,1,1954553.25,8395,0,2026-08-17
NIFTY,2028-12-26,25500.0,CE,0.0,0.0,0.0,3800.0,3739.65,0,0.0,0,0,2026-08-17
NIFTY,2028-12-26,24000.0,CE,4700.0,4700.0,4700.0,4700.0,4588.49,4,7462000.0,975,195,2026-08-17
NIFTY,2028-12-26,18000.0,CE,0.0,0.0,0.0,9380.3,8937.41,0,0.0,0,0,2026-08-17
NIFTY,2027-12-28,24000.0,CE,2845.0,2947.75,2845.0,2936.9,3177.53,10,17501363.75,26520,-130,2026-08-17
NIFTY,2027-06-29,30000.0,CE,0.0,0.0,0.0,1478.4,328.16,0,0.0,0,0,2026-08-17
NIFTY,2026-12-29,26000.0,CE,255.0,265.8,230.0,245.5,245.5,6963,11876505819.75,2890155,72020,2026-08-17
NIFTY,2026-12-29,25000.0,CE,649.85,649.85,584.6,624.3,624.3,3936,6551790420.5,2179340,-3055,2026-08-17
NIFTY,2026-10-27,26700.0,CE,0.0,0.0,0.0,85.6,118.81,0,0.0,65,0,2026-08-17
NIFTY,2026-10-27,26100.0,CE,0.0,0.0,0.0,237.65,211.9,0,0.0,0,0,2026-08-17
NIFTY,2026-10-27,25800.0,CE,0.0,0.0,0.0,301.05,277.8,0,0.0,0,0,2026-08-17
NIFTY,2026-10-27,25600.0,CE,116.55,121.5,101.05,111.8,111.8,969,1619212718.5,55640,14365,2026-08-17
NIFTY,2026-10-27,25500.0,CE,140.05,144.3,121.0,134.5,134.5,5022,8366408774.75,847990,47710,2026-08-17
NIFTY,2026-10-27,25300.0,CE,0.0,0.0,0.0,432.4,419.11,0,0.0,0,0,2026-08-17
NIFTY,2026-10-27,25100.0,CE,242.65,262.0,222.5,247.05,247.05,2947,4855446274.25,154700,6240,2026-08-17
NIFTY,2026-10-27,23950.0,CE,0.0,0.0,0.0,1007.1,1060.17,0,0.0,0,0,2026-08-17
NIFTY,2026-10-27,22550.0,CE,0.0,0.0,0.0,1962.0,2118.11,0,0.0,0,0,2026-08-17
NIFTY,2026-09-29,30000.0,CE,2.3,2.35,1.8,2.0,2.0,64,124808466.25,313355,-195,2026-08-17
NIFTY,2026-09-29,26750.0,CE,0.0,0.0,0.0,130.35,35.47,0,0.0,0,0,2026-08-17
NIFTY,2026-09-29,26450.0,CE,0.0,0.0,0.0,168.3,55.39,0,0.0,0,0,2026-08-17
NIFTY,2026-09-29,25900.0,CE,0.0,0.0,0.0,261.75,117.16,0,0.0,0,0,2026-08-17
NIFTY,2026-09-29,25700.0,CE,35.5,35.5,27.6,30.65,30.65,4223,7062865501.25,233350,3055,2026-08-17
NIFTY,2026-09-29,25550.0,CE,44.8,47.5,38.0,42.85,42.85,645,1072964883.25,33150,12935,2026-08-17
NIFTY,2026-09-29,25450.0,CE,54.65,59.6,48.05,53.75,53.75,276,457526592.25,17550,4680,2026-08-17
NIFTY,2026-09-29,25000.0,CE,167.0,169.0,127.65,148.4,148.4,27125,44331534022.75,2488785,314080,2026-08-17
NIFTY,2026-09-29,24750.0,CE,235.6,251.4,206.85,234.5,234.5,430,697978970.0,42315,2275,2026-08-17
NIFTY,2026-09-29,24650.0,CE,280.0,296.85,245.25,278.8,278.8,410,664012713.0,33280,0,2026-08-17
NIFTY,2026-09-29,24600.0,CE,332.6,346.2,269.1,305.75,305.75,6104,9878925816.5,460785,57785,2026-08-17
NIFTY,2026-09-29,24350.0,CE,443.95,469.25,396.0,444.5,444.5,607,977976421.5,21450,4420,2026-08-17
NIFTY,2026-09-29,23150.0,CE,0.0,0.0,0.0,1642.85,1429.71,0,0.0,325,0,2026-08-17
NIFTY,2026-09-29,22700.0,CE,0.0,0.0,0.0,1580.85,1818.12,0,0.0,520,0,2026-08-17
NIFTY,2026-09-29,22550.0,CE,0.0,0.0,0.0,1786.75,1954.1,0,0.0,260,0,2026-08-17
NIFTY,2026-09-29,22450.0,CE,0.0,0.0,0.0,1843.95,2046.19,0,0.0,65,0,2026-08-17
NIFTY,2026-09-29,22000.0,CE,2485.0,2545.7,2419.1,2526.0,2526.0,115,183028287.0,97305,6045,2026-08-17
NIFTY,2026-09-29,21850.0,CE,0.0,0.0,0.0,2455.3,2616.33,0,0.0,0,0,2026-08-17
NIFTY,2026-09-15,26000.0,CE,0.0,0.0,0.0,95.0,45.99,0,0.0,0,0,2026-08-17
NIFTY,2026-09-15,25550.0,CE,0.0,0.0,0.0,175.2,98.04,0,0.0,0,0,2026-08-17
NIFTY,2026-09-15,25150.0,CE,0.0,0.0,0.0,284.5,178.77,0,0.0,0,0,2026-08-17
NIFTY,2026-09-15,24900.0,CE,0.0,0.0,0.0,375.05,248.99,0,0.0,0,0,2026-08-17
NIFTY,2026-09-15,24650.0,CE,195.65,195.65,194.8,194.8,339.6,11,17764529.25,325,325,2026-08-17
NIFTY,2026-09-15,24600.0,CE,223.0,226.6,178.95,212.25,212.25,164,264436870.75,4745,3510,2026-08-17
NIFTY,2026-09-15,24050.0,CE,0.0,0.0,0.0,826.0,644.36,0,0.0,0,0,2026-08-17
NIFTY,2026-09-15,23100.0,CE,0.0,0.0,0.0,1569.25,1362.04,0,0.0,0,0,2026-08-17
NIFTY,2026-09-15,22600.0,CE,0.0,0.0,0.0,2026.95,1818.22,0,0.0,0,0,2026-08-17
NIFTY,2026-09-08,26150.0,CE,2.85,4.1,2.85,3.2,3.2,34,57799316.25,650,650,2026-08-17
NIFTY,2026-09-08,25400.0,CE,0.0,0.0,0.0,259.4,80.59,0,0.0,0,0,2026-08-17
NIFTY,2026-09-08,24050.0,CE,0.0,0.0,0.0,931.9,572.66,0,0.0,0,0,2026-08-17
NIFTY,2026-09-08,23050.0,CE,0.0,0.0,0.0,1746.8,1357.88,0,0.0,0,0,2026-08-17
NIFTY,2026-09-08,22800.0,CE,0.0,0.0,0.0,1977.1,1590.14,0,0.0,0,0,2026-08-17
NIFTY,2026-09-01,26650.0,CE,1.6,1.9,1.55,1.9,0.87,10,17323572.5,1495,65,2026-08-17
NIFTY,2026-09-01,26000.0,CE,3.2,3.25,1.8,2.65,2.65,5450,9211403113.25,206570,27820,2026-08-17
NIFTY,2026-09-01,25850.0,CE,3.7,3.85,2.55,2.7,2.7,154,258791962.0,17940,715,2026-08-17
NIFTY,2026-09-01,25500.0,CE,7.0,7.25,4.5,5.2,5.2,7316,12129085673.25,254670,79690,2026-08-17
NIFTY,2026-09-01,25200.0,CE,17.4,18.85,11.0,12.3,12.3,29628,48557563892.5,624650,38675,2026-08-17
NIFTY,2026-09-01,23550.0,CE,0.0,0.0,0.0,1035.9,862.71,0,0.0,0,0,2026-08-17
NIFTY,2026-09-01,23250.0,CE,0.0,0.0,0.0,1259.15,1125.59,0,0.0,0,0,2026-08-17
NIFTY,2026-09-01,23050.0,CE,0.0,0.0,0.0,1418.95,1311.55,0,0.0,0,0,2026-08-17
NIFTY,2026-08-25,26500.0,CE,0.65,0.9,0.6,0.7,0.7,1788,3079913837.0,356590,5135,2026-08-17
NIFTY,2026-08-25,26350.0,CE,0.75,0.75,0.65,0.65,0.65,77,131885217.75,15990,0,2026-08-17
NIFTY,2026-08-25,26000.0,CE,0.9,1.5,0.85,0.9,0.9,68177,115223469767.25,6716515,1093495,2026-08-17
NIFTY,2026-08-25,25250.0,CE,4.05,4.3,3.0,3.25,3.25,19771,32453771671.75,347945,68965,2026-08-17
NIFTY,2026-08-25,25200.0,CE,6.3,6.3,3.45,3.85,3.85,115040,188467510387.0,2467075,440375,2026-08-17
NIFTY,2026-08-25,24700.0,CE,59.6,59.6,25.8,36.3,36.3,207267,333229630461.0,4173520,1480765,2026-08-17
NIFTY,2026-08-25,23950.0,CE,429.0,498.8,379.4,464.65,464.65,992,1570801797.5,49660,30745,2026-08-17
NIFTY,2026-08-25,22450.0,CE,0.0,0.0,0.0,2199.25,1867.52,0,0.0,65,0,2026-08-17
NIFTY,2026-08-18,26700.0,CE,0.85,1.05,0.25,0.3,0.3,7361,12775225791.25,60450,-7280,2026-08-17
NIFTY,2026-08-18,26650.0,CE,0.45,0.7,0.3,0.35,0.35,1287,2229440596.5,19500,-130,2026-08-17
NIFTY,2026-08-18,26450.0,CE,0.6,0.8,0.25,0.3,0.3,1316,2262566637.5,29315,-3770,2026-08-17
NIFTY,2026-08-18,26250.0,CE,0.65,1.0,0.25,0.3,0.3,5632,9609773826.25,57655,10985,2026-08-17
NIFTY,2026-08-18,25150.0,CE,1.4,1.5,0.55,0.6,0.6,249939,408604868145.5,1679145,545740,2026-08-17
NIFTY,2026-08-18,25050.0,CE,1.2,1.75,0.7,0.8,0.8,354480,577211413116.0,1622205,-412490,2026-08-17
NIFTY,2026-08-18,24550.0,CE,20.0,22.45,5.45,9.1,9.1,2398640,3829189781059.5,6171295,2079610,2026-08-17
NIFTY,2026-08-18,23400.0,CE,910.1,998.45,859.45,971.6,971.6,153,241883349.5,8060,455,2026-08-17
NIFTY,2026-08-18,23350.0,CE,966.65,1035.3,917.0,1035.3,1035.3,16,25278623.5,910,65,2026-08-17
NIFTY,2026-08-18,23050.0,CE,1177.75,1315.2,1177.75,1315.2,1241.48,3,4737664.75,65,65,2026-08-17
NIFTY,2026-08-18,22300.0,CE,0.0,0.0,0.0,1912.95,1991.35,0,0.0,0,0,2026-08-17
NIFTY,2026-09-29,26050.0,CE,0.0,0.0,0.0,232.8,96.35,0,0.0,0,0,2026-08-17
NIFTY,2027-12-28,24000.0,PE,665.0,674.9,645.0,649.95,649.95,67,107401749.0,135640,1235,2026-08-17
NIFTY,2029-12-24,16500.0,PE,0.0,0.0,0.0,10.15,44.04,0,0.0,0,0,2026-08-17
NIFTY,2029-12-24,21000.0,PE,0.0,0.0,0.0,350.05,331.57,0,0.0,715,0,2026-08-17
NIFTY,2029-12-24,30000.0,PE,0.0,0.0,0.0,1953.5,2791.9,0,0.0,0,0,2026-08-17
NIFTY,2030-12-31,16500.0,PE,0.0,0.0,0.0,13.65,56.32,0,0.0,0,0,2026-08-17
NIFTY,2030-12-31,19500.0,PE,0.0,0.0,0.0,67.4,201.3,0,0.0,0,0,2026-08-17
NIFTY,2026-12-29,20000.0,PE,35.55,37.0,35.2,35.8,35.8,2001,2605961332.0,1139405,-7280,2026-08-17
NIFTY,2026-08-18,22150.0,CE,0.0,0.0,0.0,2053.6,2141.33,0,0.0,0,0,2026-08-17
NIFTY,2026-08-18,23200.0,CE,1105.75,1181.0,1057.0,1169.6,1091.5,28,44246436.0,1560,-260,2026-08-17
NIFTY,2026-08-18,23650.0,CE,682.8,744.55,606.25,722.55,722.55,319,504377477.5,12675,6045,2026-08-17
NIFTY,2026-08-18,24400.0,CE,77.0,77.0,18.8,41.4,41.4,7294726,11588221717338.5,10462465,2357680,2026-08-17
NIFTY,2026-08-18,24600.0,CE,14.95,14.95,3.65,5.7,5.7,2977797,4762759486780.75,10308870,1264640,2026-08-17
NIFTY,2026-08-18,25200.0,CE,0.95,1.4,0.5,0.55,0.55,529567,867463631918.0,4568460,474045,2026-08-17
NIFTY,2026-08-18,25650.0,CE,0.65,0.75,0.3,0.35,0.35,40232,67078207543.75,533910,-436020,2026-08-17
NIFTY,2026-08-25,21250.0,CE,0.0,0.0,0.0,3030.3,3065.86,0,0.0,0,0,2026-08-17
NIFTY,2026-08-25,21400.0,CE,0.0,0.0,0.0,2616.3,2916.06,0,0.0,130,0,2026-08-17
NIFTY,2026-08-25,21500.0,CE,2852.8,2922.0,2781.75,2888.8,2888.8,268,424166011.75,334035,-4225,2026-08-17
NIFTY,2026-08-25,22050.0,CE,0.0,0.0,0.0,2323.1,2266.92,0,0.0,0,0,2026-08-17
NIFTY,2026-08-25,22150.0,CE,0.0,0.0,0.0,2147.4,2167.06,0,0.0,130,0,2026-08-17
NIFTY,2026-08-25,22300.0,CE,1980.0,2114.0,1980.0,2113.8,2113.8,10,15855476.0,1820,0,2026-08-17
NIFTY,2026-08-25,23750.0,CE,605.0,679.0,556.35,666.25,666.25,88,139330519.25,10985,-1885,2026-08-17
NIFTY,2026-08-25,23800.0,CE,602.7,639.85,508.15,606.6,606.6,4093,6485829996.75,551590,71240,2026-08-17
NIFTY,2026-08-25,24200.0,CE,266.05,292.8,198.35,259.85,259.85,88063,139875691387.25,1488240,193440,2026-08-17
NIFTY,2026-08-25,24500.0,CE,123.55,123.55,65.6,93.2,93.2,311799,498324544656.25,9002890,992680,2026-08-17
NIFTY,2026-08-25,24900.0,CE,20.25,24.8,10.1,12.4,12.4,185017,299604163787.5,2880150,417560,2026-08-17
NIFTY,2026-08-25,24950.0,CE,18.75,18.75,8.4,9.9,9.9,47748,77468198798.25,710190,271375,2026-08-17
NIFTY,2026-08-25,25050.0,CE,12.55,12.55,5.65,6.35,6.35,46310,75425074383.75,638430,-260325,2026-08-17
NIFTY,2026-08-25,25600.0,CE,1.75,1.85,1.3,1.4,1.4,53916,89721379419.75,1580150,590200,2026-08-17
NIFTY,2026-08-25,25950.0,CE,1.2,1.25,0.8,0.9,0.9,3442,5805992796.5,238225,-1105,2026-08-17
NIFTY,2026-08-25,26050.0,CE,0.85,1.05,0.7,0.8,0.8,1142,1933753097.25,215865,-520,2026-08-17
NIFTY,2026-08-25,26100.0,CE,0.9,1.05,0.7,0.75,0.75,2076,3522049417.25,348465,1495,2026-08-17
NIFTY,2026-08-25,26300.0,CE,0.65,0.9,0.6,0.65,0.65,3033,5185052154.75,874705,-5980,2026-08-17
NIFTY,2026-08-25,26700.0,CE,0.55,0.7,0.55,0.6,0.6,73,126694392.5,58890,0,2026-08-17
NIFTY,2026-08-25,27150.0,CE,0.6,0.6,0.55,0.6,0.6,50,88239333.0,18525,0,2026-08-17
NIFTY,2026-09-01,22050.0,CE,0.0,0.0,0.0,2313.35,2292.82,0,0.0,0,0,2026-08-17
NIFTY,2026-09-01,22350.0,CE,0.0,0.0,0.0,2032.25,1994.5,0,0.0,0,0,2026-08-17
NIFTY,2026-09-01,23600.0,CE,764.9,847.0,764.9,847.0,821.35,2,3172773.5,130,65,2026-08-17
NIFTY,2026-09-01,23900.0,CE,520.0,598.6,489.05,569.75,569.75,133,211342498.25,7930,4550,2026-08-17
NIFTY,2026-09-01,24700.0,CE,119.8,119.8,67.65,88.25,88.25,14401,23199402528.25,416780,230360,2026-08-17
NIFTY,2026-09-01,24800.0,CE,86.25,89.8,48.0,62.75,62.75,15988,25834347337.5,387400,166010,2026-08-17
NIFTY,2026-09-01,24850.0,CE,74.3,74.3,39.7,52.75,52.75,2481,4015497567.25,49920,29120,2026-08-17
NIFTY,2026-09-01,26100.0,CE,2.65,2.65,2.0,2.05,2.05,414,702409214.0,28210,14040,2026-08-17
NIFTY,2026-09-01,27200.0,CE,1.2,1.2,0.85,1.0,1.0,235,415495717.0,11960,5070,2026-08-17
NIFTY,2026-09-08,22950.0,CE,0.0,0.0,0.0,1838.05,1449.72,0,0.0,0,0,2026-08-17
NIFTY,2026-09-08,23650.0,CE,0.0,0.0,0.0,1232.5,850.84,0,0.0,0,0,2026-08-17
NIFTY,2026-09-08,23850.0,CE,0.0,0.0,0.0,1077.3,704.46,0,0.0,0,0,2026-08-17
NIFTY,2026-09-08,24100.0,CE,408.0,487.95,408.0,487.95,542.1,16,25547921.75,715,715,2026-08-17
NIFTY,2026-09-08,25450.0,CE,0.0,0.0,0.0,244.7,73.42,0,0.0,0,0,2026-08-17
NIFTY,2026-09-08,25550.0,CE,0.0,0.0,0.0,217.2,60.66,0,0.0,0,0,2026-08-17
NIFTY,2026-09-08,25600.0,CE,10.05,13.3,9.0,9.65,9.65,1421,2365480845.0,98995,29120,2026-08-17
NIFTY,2026-09-08,25900.0,CE,0.0,0.0,0.0,139.75,29.6,0,0.0,0,0,2026-08-17
NIFTY,2026-09-08,26100.0,CE,2.75,5.0,2.75,4.05,4.05,69,117076446.5,1040,1040,2026-08-17
NIFTY,2026-09-08,26200.0,CE,2.6,3.8,2.6,3.05,3.05,30,51096428.5,715,715,2026-08-17
NIFTY,2026-09-15,23450.0,CE,0.0,0.0,0.0,1271.65,1069.38,0,0.0,0,0,2026-08-17
NIFTY,2026-09-15,25000.0,CE,108.65,108.65,67.5,80.45,80.45,1726,2813694159.25,40885,34905,2026-08-17
NIFTY,2026-09-29,16500.0,CE,0.0,0.0,0.0,10168.85,7914.48,0,0.0,0,0,2026-08-17
NIFTY,2026-09-29,21650.0,CE,0.0,0.0,0.0,2630.65,2810.88,0,0.0,0,0,2026-08-17
NIFTY,2026-09-29,23350.0,CE,0.0,0.0,0.0,1399.0,1268.76,0,0.0,455,0,2026-08-17
NIFTY,2026-09-29,24550.0,CE,327.75,351.35,290.15,327.2,327.2,463,748504828.5,30940,5330,2026-08-17
NIFTY,2026-09-29,25500.0,CE,57.95,57.95,43.75,48.85,48.85,27610,45850131905.5,2599090,211835,2026-08-17
NIFTY,2026-09-29,25750.0,CE,0.0,0.0,0.0,293.5,141.55,0,0.0,0,0,2026-08-17
NIFTY,2026-09-29,25850.0,CE,0.0,0.0,0.0,117.25,124.88,0,0.0,65,0,2026-08-17
NIFTY,2026-09-29,26000.0,CE,21.1,21.1,15.85,17.15,17.15,15775,26677176012.5,2718705,46110,2026-08-17
NIFTY,2026-09-29,26600.0,CE,6.5,10.8,5.95,7.3,7.3,464,802488297.0,44005,-3185,2026-08-17
NIFTY,2026-09-29,27150.0,CE,3.0,5.6,3.0,5.05,18.8,52,91782856.75,845,845,2026-08-17
NIFTY,2026-10-27,22500.0,CE,2100.0,2175.0,2093.8,2164.75,2164.75,21,33641153.0,2080,1300,2026-08-17
NIFTY,2026-10-27,23750.0,CE,0.0,0.0,0.0,1121.75,1188.87,0,0.0,0,0,2026-08-17
NIFTY,2026-10-27,23800.0,CE,0.0,0.0,0.0,1072.75,1155.91,0,0.0,130,0,2026-08-17
NIFTY,2026-10-27,23850.0,CE,0.0,0.0,0.0,1063.45,1123.47,0,0.0,0,0,2026-08-17
NIFTY,2026-10-27,24650.0,CE,0.0,0.0,0.0,515.05,678.2,0,0.0,3055,0,2026-08-17
NIFTY,2026-10-27,25250.0,CE,0.0,0.0,0.0,447.85,435.94,0,0.0,0,0,2026-08-17
NIFTY,2026-10-27,25950.0,CE,0.0,0.0,0.0,267.4,242.68,0,0.0,0,0,2026-08-17
NIFTY,2026-10-27,26500.0,CE,27.0,27.45,23.4,25.1,25.1,2244,3868958951.0,124475,9035,2026-08-17
NIFTY,2026-12-29,20000.0,CE,4790.0,4853.55,4727.75,4828.65,4828.65,46,74108394.75,572675,-650,2026-08-17
NIFTY,2027-03-30,16500.0,CE,0.0,0.0,0.0,6995.9,8440.91,0,0.0,0,0,2026-08-17
NIFTY,2027-03-30,28500.0,CE,94.0,94.05,88.0,89.95,89.95,511,949636577.5,93990,-2210,2026-08-17
NIFTY,2028-06-27,22500.0,CE,0.0,0.0,0.0,6796.05,4881.34,0,0.0,0,0,2026-08-17
NIFTY,2028-06-27,28500.0,CE,0.0,0.0,0.0,2990.0,1773.71,0,0.0,0,0,2026-08-17
NIFTY,2028-12-26,27000.0,CE,0.0,0.0,0.0,2700.0,3006.08,0,0.0,845,0,2026-08-17
NIFTY,2029-06-26,22500.0,CE,0.0,0.0,0.0,7946.5,6172.74,0,0.0,0,0,2026-08-17
NIFTY,2030-06-25,28500.0,CE,0.0,0.0,0.0,5382.85,4173.48,0,0.0,0,0,2026-08-17
NIFTY,2030-06-25,30000.0,CE,0.0,0.0,0.0,5580.35,3569.66,0,0.0,0,0,2026-08-17
NIFTY,2031-06-24,22500.0,CE,0.0,0.0,0.0,8012.75,8419.08,0,0.0,0,0,2026-08-17
NIFTY,2026-08-18,22900.0,PE,1.15,1.15,0.45,0.55,0.55,44958,66922086198.5,432835,-184015,2026-08-17
NIFTY,2026-08-18,24150.0,PE,10.0,30.45,6.5,8.35,8.35,3069852,4821887450357.25,6215625,2576925,2026-08-17
NIFTY,2026-08-18,25000.0,PE,639.5,746.7,602.15,634.7,634.7,8500,14182368655.0,217945,-178425,2026-08-17
NIFTY,2026-08-18,25050.0,PE,736.3,793.85,657.3,678.15,678.15,222,371304921.0,28340,-5135,2026-08-17
NIFTY,2026-08-18,25250.0,PE,864.25,883.0,863.1,877.75,877.75,10,16978731.25,15340,-260,2026-08-17
NIFTY,2026-08-18,25700.0,PE,1400.5,1400.5,1400.5,1400.5,1408.08,2,3523065.0,1040,0,2026-08-17
NIFTY,2026-08-18,26000.0,PE,1700.0,1746.65,1607.25,1634.55,1634.55,1194,2151071832.0,73255,-56550,2026-08-17
NIFTY,2026-08-18,26450.0,PE,0.0,0.0,0.0,2270.2,2157.96,0,0.0,0,0,2026-08-17
NIFTY,2026-08-25,22400.0,PE,2.45,2.55,2.1,2.3,2.3,6056,8818464570.5,235755,63700,2026-08-17
NIFTY,2026-08-25,23450.0,PE,6.55,7.25,5.1,5.6,5.6,16286,24830041031.25,439530,135785,2026-08-17
NIFTY,2026-08-25,23500.0,PE,6.0,8.45,5.6,6.15,6.15,129599,198018053382.5,5142735,1085955,2026-08-17
NIFTY,2026-08-25,24000.0,PE,36.5,54.7,26.1,29.65,29.65,262229,409700489146.0,10297235,643045,2026-08-17
NIFTY,2026-08-25,24200.0,PE,82.1,114.6,60.1,68.0,68.0,219191,345967133531.5,4425915,1171625,2026-08-17
NIFTY,2026-08-25,24900.0,PE,557.25,621.95,487.0,511.35,511.35,1366,2258477702.0,193310,8450,2026-08-17
NIFTY,2026-08-25,26100.0,PE,0.0,0.0,0.0,1660.0,1778.04,0,0.0,26845,0,2026-08-17
NIFTY,2026-08-25,26550.0,PE,0.0,0.0,0.0,2413.1,2227.13,0,0.0,0,0,2026-08-17
NIFTY,2026-08-25,26600.0,PE,0.0,0.0,0.0,2455.55,2277.06,0,0.0,0,0,2026-08-17
NIFTY,2026-09-01,22500.0,PE,4.9,5.15,3.9,4.9,4.9,6106,8931861048.5,257660,146380,2026-08-17
NIFTY,2026-09-01,22850.0,PE,6.05,7.25,4.7,6.25,6.25,217,322383711.0,6240,1755,2026-08-17
NIFTY,2026-09-01,23700.0,PE,29.0,37.35,21.75,24.0,24.0,10137,15634711348.75,259610,101270,2026-08-17
NIFTY,2026-09-01,23750.0,PE,0.0,0.0,0.0,53.85,105.68,0,0.0,260,0,2026-08-17
NIFTY,2026-09-01,24100.0,PE,82.25,117.5,74.15,80.45,80.45,5765,9064094776.75,147810,29835,2026-08-17
NIFTY,2026-09-01,24800.0,PE,465.0,519.0,408.0,430.3,430.3,178,292241166.75,24375,2275,2026-08-17
NIFTY,2026-09-01,24900.0,PE,545.5,600.45,488.75,504.55,504.55,48,79365841.75,6565,1430,2026-08-17
NIFTY,2026-09-01,25150.0,PE,0.0,0.0,0.0,1040.9,872.17,0,0.0,0,0,2026-08-17
NIFTY,2026-09-01,25600.0,PE,0.0,0.0,0.0,1385.45,1272.84,0,0.0,0,0,2026-08-17
NIFTY,2026-09-01,26800.0,PE,0.0,0.0,0.0,2454.6,2446.18,0,0.0,0,0,2026-08-17
NIFTY,2026-09-08,24150.0,PE,192.85,192.85,125.55,159.2,159.2,2,3160196.0,65,65,2026-08-17
NIFTY,2026-09-08,24650.0,PE,387.3,393.5,380.05,393.5,544.39,35,56957446.0,2210,2210,2026-08-17
NIFTY,2026-09-08,25250.0,PE,0.0,0.0,0.0,795.8,975.88,0,0.0,0,0,2026-08-17
NIFTY,2026-09-08,25300.0,PE,0.0,0.0,0.0,828.8,1016.75,0,0.0,0,0,2026-08-17
NIFTY,2026-09-08,25900.0,PE,0.0,0.0,0.0,1274.25,1547.52,0,0.0,0,0,2026-08-17
NIFTY,2026-09-08,26300.0,PE,0.0,0.0,0.0,1612.35,1928.32,0,0.0,0,0,2026-08-17
NIFTY,2026-09-15,22900.0,PE,0.0,0.0,0.0,44.15,42.53,0,0.0,0,0,2026-08-17
NIFTY,2026-09-15,23650.0,PE,0.0,0.0,0.0,154.25,165.39,0,0.0,0,0,2026-08-17
NIFTY,2026-09-15,24350.0,PE,245.75,266.0,197.25,213.2,213.2,78,124571261.75,4160,2145,2026-08-17
NIFTY,2026-09-15,24900.0,PE,0.0,0.0,0.0,659.05,741.74,0,0.0,0,0,2026-08-17
NIFTY,2026-09-15,25100.0,PE,0.0,0.0,0.0,784.05,882.31,0,0.0,0,0,2026-08-17
NIFTY,2026-09-15,25150.0,PE,0.0,0.0,0.0,817.1,920.32,0,0.0,0,0,2026-08-17
NIFTY,2026-09-29,21600.0,PE,12.2,14.5,11.1,11.2,11.2,250,351197804.75,36660,-6695,2026-08-17
NIFTY,2026-09-29,21800.0,PE,14.4,14.7,10.3,13.4,13.4,183,259461250.75,33215,-2340,2026-08-17
NIFTY,2026-09-29,22300.0,PE,20.55,21.3,17.6,18.1,18.1,860,1247621183.25,126555,13130,2026-08-17
NIFTY,2026-09-29,22850.0,PE,34.25,36.4,29.45,30.4,30.4,67,99653450.0,13520,650,2026-08-17
NIFTY,2026-09-29,23250.0,PE,59.15,63.0,47.75,51.0,51.0,206,312025928.5,24375,2275,2026-08-17
NIFTY,2026-09-29,23350.0,PE,67.5,72.85,55.0,56.95,56.95,395,601072390.75,40365,10205,2026-08-17
NIFTY,2026-09-29,23900.0,PE,146.9,164.5,125.55,129.0,129.0,3677,5746291060.25,281775,-6110,2026-08-17
NIFTY,2026-09-29,25000.0,PE,619.2,688.0,579.55,599.7,599.7,3681,6134168651.0,1233615,15990,2026-08-17
NIFTY,2026-09-29,25600.0,PE,1092.85,1092.85,1092.85,1092.85,1285.48,1,1735035.25,390,0,2026-08-17
NIFTY,2026-09-29,26750.0,PE,0.0,0.0,0.0,2604.3,2292.2,0,0.0,0,0,2026-08-17
NIFTY,2026-09-29,26850.0,PE,0.0,0.0,0.0,2691.9,2386.36,0,0.0,0,0,2026-08-17
NIFTY,2026-09-29,26900.0,PE,0.0,0.0,0.0,2127.9,2433.69,0,0.0,65,0,2026-08-17
NIFTY,2026-09-29,28500.0,PE,3970.0,4000.0,3870.0,3897.0,3897.0,34,71591000.0,421330,1885,2026-08-17
NIFTY,2026-10-27,23050.0,PE,0.0,0.0,0.0,301.35,172.44,0,0.0,0,0,2026-08-17
NIFTY,2026-10-27,23300.0,PE,102.8,106.6,87.8,90.0,90.0,914,1389823594.25,73060,19890,2026-08-17
NIFTY,2026-10-27,23350.0,PE,0.0,0.0,0.0,387.65,237.72,0,0.0,0,0,2026-08-17
NIFTY,2026-10-27,23950.0,PE,0.0,0.0,0.0,612.05,419.31,0,0.0,0,0,2026-08-17
NIFTY,2026-10-27,24000.0,PE,215.0,246.9,203.9,208.1,208.1,2449,3856251880.0,409110,38480,2026-08-17
NIFTY,2026-10-27,24550.0,PE,421.8,421.8,382.0,388.3,388.3,5,8106712.25,2925,-195,2026-08-17
NIFTY,2026-10-27,24750.0,PE,486.95,486.95,486.95,486.95,486.95,4,6561607.0,1170,0,2026-08-17
NIFTY,2026-10-27,25450.0,PE,0.0,0.0,0.0,848.5,1211.69,0,0.0,130,0,2026-08-17
NIFTY,2026-10-27,25650.0,PE,0.0,0.0,0.0,944.65,1352.28,0,0.0,130,0,2026-08-17
NIFTY,2026-10-27,26500.0,PE,0.0,0.0,0.0,1740.5,2021.86,0,0.0,1430,0,2026-08-17
NIFTY,2026-10-27,26750.0,PE,0.0,0.0,0.0,2501.2,2236.61,0,0.0,0,0,2026-08-17
NIFTY,2026-12-29,14000.0,PE,0.0,0.0,0.0,9.0,0.0,0,0.0,8310,0,2026-08-17
NIFTY,2026-12-29,16500.0,PE,0.0,0.0,0.0,16.0,0.01,0,0.0,3770,0,2026-08-17
NIFTY,2026-12-29,18000.0,PE,20.1,21.3,20.05,20.6,20.6,379,443941764.5,494590,-3445,2026-08-17
NIFTY,2027-03-30,22500.0,PE,170.2,183.05,167.25,173.0,173.0,2645,3898239910.5,457015,29055,2026-08-17
NIFTY,2030-12-31,33000.0,PE,0.0,0.0,0.0,2387.3,3599.39,0,0.0,0,0,2026-08-17
NIFTY,2030-12-31,27000.0,PE,0.0,0.0,0.0,779.5,1440.23,0,0.0,0,0,2026-08-17
NIFTY,2029-12-24,19500.0,PE,0.0,0.0,0.0,61.2,188.14,0,0.0,0,0,2026-08-17
NIFTY,2029-06-26,26000.0,PE,0.0,0.0,0.0,1650.0,1397.35,0,0.0,50,0,2026-08-17
NIFTY,2029-06-26,22500.0,PE,0.0,0.0,0.0,224.45,541.08,0,0.0,0,0,2026-08-17
NIFTY,2028-12-26,30000.0,PE,0.0,0.0,0.0,2352.75,3281.16,0,0.0,0,0,2026-08-17
NIFTY,2028-12-26,22500.0,PE,0.0,0.0,0.0,218.8,532.75,0,0.0,0,0,2026-08-17
NIFTY,2028-12-26,21000.0,PE,351.0,367.95,351.0,362.0,362.0,3,4165586.75,7775,0,2026-08-17
NIFTY,2028-06-27,25500.0,PE,0.0,0.0,0.0,667.45,1344.76,0,0.0,0,0,2026-08-17
NIFTY,2028-06-27,22000.0,PE,391.8,391.8,391.8,391.8,417.99,1,1455467.0,1105,65,2026-08-17
NIFTY,2028-06-27,18000.0,PE,0.0,0.0,0.0,396.75,51.53,0,0.0,0,0,2026-08-17
NIFTY,2027-12-28,30000.0,PE,0.0,0.0,0.0,3339.0,3937.11,0,0.0,195,0,2026-08-17
NIFTY,2027-12-28,22500.0,PE,0.0,0.0,0.0,186.5,460.42,0,0.0,0,0,2026-08-17
NIFTY,2027-12-28,19500.0,PE,0.0,0.0,0.0,29.25,91.12,0,0.0,0,0,2026-08-17
NIFTY,2027-06-29,33000.0,PE,0.0,0.0,0.0,4691.7,6983.71,0,0.0,0,0,2026-08-17
NIFTY,2027-03-30,33000.0,PE,0.0,0.0,0.0,8415.45,7432.24,0,0.0,0,0,2026-08-17
NIFTY,2026-12-29,12000.0,PE,8.6,8.65,8.6,8.65,0.0,4,3122242.5,17955,130,2026-08-17
NIFTY,2026-10-27,26600.0,PE,0.0,0.0,0.0,2372.55,2106.95,0,0.0,0,0,2026-08-17
NIFTY,2026-10-27,26000.0,PE,1400.0,1459.15,1339.0,1356.05,1356.05,90,160126109.0,43355,3575,2026-08-17
NIFTY,2026-10-27,25600.0,PE,0.0,0.0,0.0,994.25,1316.45,0,0.0,195,0,2026-08-17
NIFTY,2026-10-27,25200.0,PE,760.05,762.1,717.7,717.7,1046.57,11,18551149.5,5330,390,2026-08-17
NIFTY,2026-10-27,25000.0,PE,621.4,682.05,586.15,607.7,607.7,1986,3309767548.75,306345,58240,2026-08-17
NIFTY,2026-10-27,24850.0,PE,510.05,510.05,510.05,510.05,836.68,1,1648403.25,1430,-65,2026-08-17
NIFTY,2026-10-27,24800.0,PE,512.0,561.9,486.0,492.15,492.15,440,724277112.0,29705,15860,2026-08-17
NIFTY,2026-10-27,24300.0,PE,300.0,337.1,285.0,291.75,291.75,548,876332284.75,43420,15015,2026-08-17
NIFTY,2026-10-27,23450.0,PE,120.3,126.5,105.6,107.85,107.85,22,33694687.0,25415,585,2026-08-17
NIFTY,2026-10-27,23100.0,PE,77.3,83.9,70.3,71.75,71.75,300,451885580.25,28925,-4745,2026-08-17
NIFTY,2026-09-29,33000.0,PE,0.0,0.0,0.0,6552.15,8458.69,0,0.0,0,0,2026-08-17
NIFTY,2026-09-29,27150.0,PE,0.0,0.0,0.0,2959.15,2672.46,0,0.0,0,0,2026-08-17
NIFTY,2026-09-29,25700.0,PE,1159.05,1250.3,1159.05,1164.05,1164.05,12,20974336.5,325,130,2026-08-17
NIFTY,2026-09-29,25650.0,PE,0.0,0.0,0.0,1016.85,1325.18,0,0.0,65,0,2026-08-17
NIFTY,2026-09-29,24950.0,PE,580.05,580.05,570.05,570.05,818.79,12,19910322.25,7930,0,2026-08-17
NIFTY,2026-09-29,24750.0,PE,478.65,515.0,433.95,434.0,696.39,23,37723426.0,36595,390,2026-08-17
NIFTY,2026-09-29,23400.0,PE,70.2,78.95,59.55,61.95,61.95,3842,5860942899.5,474110,45695,2026-08-17
NIFTY,2026-09-29,22600.0,PE,28.4,28.85,23.55,24.25,24.25,1457,2142790159.25,219375,-910,2026-08-17
NIFTY,2026-09-29,22550.0,PE,25.0,26.1,21.15,22.5,22.5,87,127654978.75,5720,-1235,2026-08-17
NIFTY,2026-09-29,21950.0,PE,0.0,0.0,0.0,16.05,13.32,0,0.0,8775,0,2026-08-17
NIFTY,2026-09-29,21000.0,PE,10.95,12.8,10.15,10.4,10.4,2134,2914417194.0,1414920,14820,2026-08-17
NIFTY,2026-09-15,25650.0,PE,0.0,0.0,0.0,1183.55,1322.68,0,0.0,0,0,2026-08-17
NIFTY,2026-09-15,25050.0,PE,0.0,0.0,0.0,751.7,846.07,0,0.0,0,0,2026-08-17
NIFTY,2026-09-15,23600.0,PE,0.0,0.0,0.0,143.35,152.07,0,0.0,0,0,2026-08-17
NIFTY,2026-09-15,23550.0,PE,0.0,0.0,0.0,133.0,140.4,0,0.0,0,0,2026-08-17
NIFTY,2026-09-15,23250.0,PE,0.0,0.0,0.0,82.5,83.98,0,0.0,0,0,2026-08-17
NIFTY,2026-09-15,23150.0,PE,0.0,0.0,0.0,69.55,69.78,0,0.0,0,0,2026-08-17
NIFTY,2026-09-15,22700.0,PE,14.25,14.35,10.3,10.85,10.85,247,364646431.5,13000,11570,2026-08-17
NIFTY,2026-09-08,25350.0,PE,0.0,0.0,0.0,862.5,1058.24,0,0.0,0,0,2026-08-17
NIFTY,2026-09-08,25200.0,PE,0.0,0.0,0.0,723.75,935.66,0,0.0,455,0,2026-08-17
NIFTY,2026-09-08,25150.0,PE,0.0,0.0,0.0,731.9,896.12,0,0.0,0,0,2026-08-17
NIFTY,2026-09-08,25000.0,PE,572.95,614.2,572.95,595.4,595.4,21,34935043.0,3315,585,2026-08-17
NIFTY,2026-09-08,23500.0,PE,33.2,39.95,25.7,28.1,28.1,2334,3570024451.5,95485,32955,2026-08-17
NIFTY,2026-09-08,23150.0,PE,18.0,18.5,13.5,14.15,14.15,377,567693165.0,29705,9620,2026-08-17
NIFTY,2026-09-01,26650.0,PE,0.0,0.0,0.0,2313.1,2296.93,0,0.0,0,0,2026-08-17
NIFTY,2026-09-01,26250.0,PE,0.0,0.0,0.0,1944.45,1900.56,0,0.0,0,0,2026-08-17
NIFTY,2026-09-01,26150.0,PE,0.0,0.0,0.0,1854.75,1802.15,0,0.0,0,0,2026-08-17
NIFTY,2026-09-01,25900.0,PE,0.0,0.0,0.0,1635.9,1558.36,0,0.0,0,0,2026-08-17
NIFTY,2026-09-01,25750.0,PE,0.0,0.0,0.0,1508.85,1414.35,0,0.0,0,0,2026-08-17
NIFTY,2026-09-01,25300.0,PE,0.0,0.0,0.0,1152.1,1000.72,0,0.0,0,0,2026-08-17
NIFTY,2026-09-01,24300.0,PE,139.95,194.7,132.5,142.6,142.6,12550,19953212415.5,258960,58045,2026-08-17
NIFTY,2026-09-01,24050.0,PE,0.0,0.0,0.0,410.25,193.91,0,0.0,0,0,2026-08-17
NIFTY,2026-09-01,22950.0,PE,7.3,7.3,6.25,6.6,6.6,55,82070153.75,6435,780,2026-08-17
NIFTY,2026-09-01,22350.0,PE,4.1,6.25,3.9,4.95,4.95,18,26155080.25,1690,455,2026-08-17
NIFTY,2026-08-25,27200.0,PE,2880.0,2880.0,2880.0,2880.0,2876.25,4,7820800.0,260,260,2026-08-17
NIFTY,2026-08-25,25950.0,PE,0.0,0.0,0.0,1325.0,1628.63,0,0.0,130,0,2026-08-17
NIFTY,2026-08-25,25400.0,PE,960.0,1113.35,960.0,1001.75,1001.75,287,492226036.25,34710,14625,2026-08-17
NIFTY,2026-08-25,24050.0,PE,38.65,66.2,31.9,36.3,36.3,64491,100996205209.25,517270,113815,2026-08-17
NIFTY,2026-08-25,23750.0,PE,14.0,19.25,9.05,10.15,10.15,49653,76690522879.75,1451450,692120,2026-08-17
NIFTY,2026-08-25,22950.0,PE,3.25,3.8,2.95,3.45,3.45,2324,3467340672.25,102700,31720,2026-08-17
NIFTY,2026-08-25,22300.0,PE,2.6,2.65,1.95,2.25,2.25,2777,4025659784.25,315380,3250,2026-08-17
NIFTY,2026-08-25,21650.0,PE,1.95,1.95,1.3,1.6,1.6,26,36591165.0,2080,65,2026-08-17
NIFTY,2026-08-18,27050.0,PE,0.0,0.0,0.0,2850.25,2757.86,0,0.0,0,0,2026-08-17
NIFTY,2026-08-18,27000.0,PE,0.0,0.0,0.0,2580.0,2707.87,0,0.0,910,0,2026-08-17
NIFTY,2026-08-18,26150.0,PE,0.0,0.0,0.0,1988.05,1858.01,0,0.0,0,0,2026-08-17
NIFTY,2026-08-18,25800.0,PE,1302.3,1513.6,1302.3,1420.0,1508.07,13,23006334.0,845,130,2026-08-17
NIFTY,2026-08-18,25200.0,PE,880.0,947.0,808.15,832.35,832.35,1048,1775326332.0,50245,-37570,2026-08-17
NIFTY,2026-08-18,24300.0,PE,38.6,94.8,26.0,33.9,33.9,10482795,16591424471056.5,13490490,3285555,2026-08-17
NIFTY,2026-08-18,23950.0,PE,5.4,6.1,2.05,2.65,2.65,1391424,2166397019088.25,3668145,1112280,2026-08-17
NIFTY,2026-08-18,23800.0,PE,2.0,2.8,1.25,1.5,1.5,1418303,2194292357065.25,5942235,567905,2026-08-17
NIFTY,2026-08-18,23100.0,PE,1.05,1.1,0.5,0.65,0.65,138519,207993536751.0,1114100,-357695,2026-08-17
NIFTY,2026-08-18,22700.0,PE,1.0,1.0,0.4,0.5,0.5,27454,40509485994.25,540345,-80470,2026-08-17
NIFTY,2031-06-24,27000.0,CE,0.0,0.0,0.0,5699.0,5997.85,0,0.0,0,0,2026-08-17
NIFTY,2030-12-31,21000.0,CE,0.0,0.0,0.0,10552.5,8854.12,0,0.0,0,0,2026-08-17
NIFTY,2029-12-24,30000.0,CE,0.0,0.0,0.0,2863.2,2999.86,0,0.0,8145,0,2026-08-17
NIFTY,2029-12-24,25500.0,CE,0.0,0.0,0.0,6500.6,5006.43,0,0.0,0,0,2026-08-17
NIFTY,2029-06-26,27000.0,CE,0.0,0.0,0.0,6570.4,3639.77,0,0.0,0,0,2026-08-17
NIFTY,2028-12-26,16500.0,CE,0.0,0.0,0.0,12176.65,10179.25,0,0.0,0,0,2026-08-17
NIFTY,2027-03-30,22500.0,CE,0.0,0.0,0.0,2855.7,2972.51,0,0.0,3445,0,2026-08-17
NIFTY,2026-12-29,34500.0,CE,4.9,4.9,4.9,4.9,4.9,1,2242818.5,975,0,2026-08-17
NIFTY,2026-12-29,18000.0,CE,0.0,0.0,0.0,6925.15,6715.64,0,0.0,2275,0,2026-08-17
NIFTY,2026-10-27,26350.0,CE,0.0,0.0,0.0,194.1,167.67,0,0.0,0,0,2026-08-17
NIFTY,2026-10-27,26250.0,CE,0.0,0.0,0.0,210.65,184.35,0,0.0,0,0,2026-08-17
NIFTY,2026-10-27,25200.0,CE,211.9,225.0,192.9,211.5,211.5,631,1042032062.5,57720,2600,2026-08-17
NIFTY,2026-10-27,24550.0,CE,534.05,534.05,459.2,495.0,495.0,33,53713260.25,3705,1690,2026-08-17
NIFTY,2026-10-27,23150.0,CE,0.0,0.0,0.0,1510.7,1623.22,0,0.0,0,0,2026-08-17
NIFTY,2026-10-27,22750.0,CE,0.0,0.0,0.0,1805.4,1947.4,0,0.0,0,0,2026-08-17
NIFTY,2026-10-27,22450.0,CE,0.0,0.0,0.0,2042.45,2205.34,0,0.0,0,0,2026-08-17
NIFTY,2026-10-27,22250.0,CE,0.0,0.0,0.0,2207.3,2383.15,0,0.0,0,0,2026-08-17
NIFTY,2026-09-29,26850.0,CE,0.0,0.0,0.0,119.45,30.4,0,0.0,0,0,2026-08-17
NIFTY,2026-09-29,25300.0,CE,87.8,88.2,65.6,76.1,76.1,8542,14088302325.5,585780,13390,2026-08-17
NIFTY,2026-09-29,25250.0,CE,87.65,93.25,73.75,84.5,84.5,535,880957538.5,23465,5590,2026-08-17
NIFTY,2026-09-29,25050.0,CE,148.0,148.0,114.1,131.05,131.05,454,742981274.75,37440,-1820,2026-08-17
NIFTY,2026-09-29,24250.0,CE,565.0,565.0,452.9,507.95,507.95,1164,1870803892.75,24570,11505,2026-08-17
NIFTY,2026-09-29,23650.0,CE,0.0,0.0,0.0,1221.6,1043.62,0,0.0,650,0,2026-08-17
NIFTY,2026-09-29,23500.0,CE,1121.0,1125.0,1011.35,1106.0,1106.0,703,1122855519.5,238550,3705,2026-08-17
NIFTY,2026-09-29,23450.0,CE,0.0,0.0,0.0,1402.05,1191.46,0,0.0,390,0,2026-08-17
NIFTY,2026-09-29,23400.0,CE,1257.6,1257.6,1180.0,1180.0,1180.0,2,3200444.0,2730,0,2026-08-17
NIFTY,2026-09-29,23200.0,CE,1370.55,1400.0,1278.85,1375.0,1375.0,14,22349340.0,1755,130,2026-08-17
NIFTY,2026-09-29,22350.0,CE,0.0,0.0,0.0,1788.15,2139.3,0,0.0,195,0,2026-08-17
NIFTY,2026-09-29,22300.0,CE,0.0,0.0,0.0,1833.95,2186.19,0,0.0,195,0,2026-08-17
NIFTY,2026-09-29,18000.0,CE,0.0,0.0,0.0,6300.0,6426.01,0,0.0,1300,0,2026-08-17
NIFTY,2026-09-29,15000.0,CE,0.0,0.0,0.0,10499.3,9402.95,0,0.0,0,0,2026-08-17
NIFTY,2026-09-15,25700.0,CE,0.0,0.0,0.0,144.0,76.97,0,0.0,0,0,2026-08-17
NIFTY,2026-09-15,24550.0,CE,227.5,274.3,206.85,245.9,381.67,9,14496976.0,975,195,2026-08-17
NIFTY,2026-09-08,25950.0,CE,0.0,0.0,0.0,130.75,26.55,0,0.0,0,0,2026-08-17
NIFTY,2026-09-08,25150.0,CE,0.0,0.0,0.0,343.0,125.46,0,0.0,0,0,2026-08-17
NIFTY,2026-09-08,24600.0,CE,214.75,214.75,141.05,168.45,168.45,1107,1782032336.5,63310,11115,2026-08-17
NIFTY,2026-09-08,23600.0,CE,0.0,0.0,0.0,1272.75,889.45,0,0.0,0,0,2026-08-17
NIFTY,2026-09-08,23450.0,CE,0.0,0.0,0.0,1396.6,1009.78,0,0.0,0,0,2026-08-17
NIFTY,2026-09-08,23200.0,CE,1230.0,1282.2,1230.0,1282.2,1223.33,2,3179293.0,130,65,2026-08-17
NIFTY,2026-09-01,26700.0,CE,1.55,2.0,1.5,1.8,1.8,121,210009897.5,5980,4485,2026-08-17
NIFTY,2026-09-01,26200.0,CE,2.0,2.35,1.75,1.95,1.95,674,1147906061.25,27105,22555,2026-08-17
NIFTY,2026-09-01,26150.0,CE,2.5,2.6,1.85,2.25,2.25,105,178489252.5,2275,1560,2026-08-17
NIFTY,2026-09-01,25600.0,CE,4.8,5.95,3.7,4.2,4.2,837,1393039872.25,29575,29575,2026-08-17
NIFTY,2026-09-01,25300.0,CE,30.3,30.3,7.6,8.9,8.9,3319,5460276276.0,75595,75595,2026-08-17
NIFTY,2026-09-01,25100.0,CE,26.3,26.3,16.7,19.6,19.6,16925,27634907654.25,373490,35230,2026-08-17
NIFTY,2026-09-01,24650.0,CE,100.05,118.3,79.65,101.75,101.75,1577,2536626917.5,76570,19240,2026-08-17
NIFTY,2026-09-01,22950.0,CE,0.0,0.0,0.0,1501.8,1406.75,0,0.0,0,0,2026-08-17
NIFTY,2026-09-01,22800.0,CE,0.0,0.0,0.0,1629.4,1551.58,0,0.0,0,0,2026-08-17
NIFTY,2026-09-01,22300.0,CE,0.0,0.0,0.0,2078.55,2044.13,0,0.0,0,0,2026-08-17
NIFTY,2026-08-25,26550.0,CE,0.75,0.85,0.65,0.7,0.7,37,63854453.0,7475,1300,2026-08-17
NIFTY,2026-08-25,25800.0,CE,1.1,1.4,0.95,1.05,1.05,30838,51717627341.25,1155895,-7085,2026-08-17
NIFTY,2026-08-25,25500.0,CE,2.45,2.65,1.85,1.95,1.95,128571,213124234810.5,4891250,1526850,2026-08-17
NIFTY,2026-08-25,25400.0,CE,3.25,3.25,2.2,2.35,2.35,46794,77264728459.75,1176955,150345,2026-08-17
NIFTY,2026-08-25,23900.0,CE,495.95,547.65,420.35,512.55,512.55,2762,4375725874.0,179985,36075,2026-08-17
NIFTY,2026-08-18,27150.0,CE,0.4,0.5,0.2,0.25,0.25,2727,4812531616.75,44265,-17680,2026-08-17
NIFTY,2026-08-18,26350.0,CE,0.45,0.75,0.3,0.35,0.35,746,1277732660.75,18720,-6760,2026-08-17
NIFTY,2026-08-18,26300.0,CE,0.4,0.6,0.25,0.35,0.35,23091,39474672432.0,253825,157495,2026-08-17
NIFTY,2026-08-18,25700.0,CE,0.6,0.85,0.3,0.4,0.4,166674,278434572962.0,1330745,-2137525,2026-08-17
NIFTY,2026-08-18,24650.0,CE,10.55,11.0,2.65,3.85,3.85,1729762,2772000216397.75,5269940,1725360,2026-08-17
NIFTY,2026-08-18,23550.0,CE,841.8,841.8,819.15,828.0,828.0,7,11092835.0,1040,65,2026-08-17
NIFTY,2026-08-25,24500.0,PE,200.0,281.95,181.35,199.5,199.5,128804,206989925964.25,5719545,-449995,2026-08-17
NIFTY,2026-09-29,27000.0,CE,6.2,6.2,5.2,5.45,5.45,4361,7655164829.0,1738880,-11245,2026-08-17
NIFTY,2026-09-29,26100.0,CE,0.0,0.0,0.0,223.8,90.14,0,0.0,0,0,2026-08-17
NIFTY,2026-08-18,22000.0,CE,2415.0,2415.0,2415.0,2415.0,2415.0,1,1586975.0,3900,-65,2026-08-17
NIFTY,2026-08-18,23000.0,CE,1302.0,1393.75,1257.0,1377.5,1377.5,520,821564211.0,22490,-13585,2026-08-17
NIFTY,2026-08-18,23250.0,CE,0.0,0.0,0.0,1130.0,1041.51,0,0.0,65,0,2026-08-17
NIFTY,2026-08-18,23850.0,CE,497.55,551.8,407.2,511.3,511.3,2275,3596319311.0,37765,13195,2026-08-17
NIFTY,2026-08-25,23000.0,CE,1350.05,1426.0,1286.5,1406.35,1406.35,1060,1677584996.75,436930,-11245,2026-08-17
NIFTY,2026-09-01,22550.0,CE,0.0,0.0,0.0,1849.95,1796.59,0,0.0,0,0,2026-08-17
NIFTY,2026-09-01,23500.0,CE,905.95,953.45,841.5,951.95,951.95,49,77705920.5,4095,1690,2026-08-17
NIFTY,2026-09-01,25400.0,CE,10.65,10.65,5.65,6.3,6.3,8600,14202705338.25,219310,-12155,2026-08-17
NIFTY,2026-09-01,27150.0,CE,0.8,1.3,0.75,1.3,0.12,5,8824032.75,195,-130,2026-08-17
NIFTY,2026-09-08,22700.0,CE,0.0,0.0,0.0,2071.05,1685.22,0,0.0,0,0,2026-08-17
NIFTY,2026-09-08,25050.0,CE,0.0,0.0,0.0,381.4,149.15,0,0.0,0,0,2026-08-17
NIFTY,2026-09-08,25850.0,CE,0.0,0.0,0.0,149.2,32.95,0,0.0,0,0,2026-08-17
NIFTY,2026-09-15,25400.0,CE,0.0,0.0,0.0,211.35,123.62,0,0.0,0,0,2026-08-17
NIFTY,2026-09-29,22900.0,CE,1678.0,1678.0,1678.0,1678.0,1641.5,1,1597570.0,585,0,2026-08-17
NIFTY,2026-09-29,22450.0,PE,22.55,24.0,20.45,20.55,20.55,68,99327497.75,6175,1040,2026-08-17
NIFTY,2026-09-15,23400.0,PE,0.0,0.0,0.0,105.4,109.42,0,0.0,0,0,2026-08-17
NIFTY,2026-09-08,23900.0,PE,0.0,0.0,0.0,187.1,195.32,0,0.0,0,0,2026-08-17
NIFTY,2026-09-08,22900.0,PE,11.05,11.85,9.25,10.4,10.4,635,945618157.25,40105,15145,2026-08-17
NIFTY,2026-09-01,26900.0,PE,0.0,0.0,0.0,2549.75,2545.78,0,0.0,0,0,2026-08-17
NIFTY,2026-09-01,25200.0,PE,816.85,820.0,763.95,795.0,795.0,7,11825420.75,260,195,2026-08-17
NIFTY,2026-08-25,25050.0,PE,710.0,737.55,637.45,653.6,653.6,13,21739529.5,8190,0,2026-08-17
NIFTY,2026-08-18,22350.0,PE,0.65,0.7,0.3,0.4,0.4,4986,7243565725.5,134030,13130,2026-08-17
NIFTY,2027-03-30,24000.0,CE,1670.05,1724.95,1620.0,1696.95,1696.95,1067,1780905054.5,281580,24830,2026-08-17
NIFTY,2026-12-29,31500.0,CE,8.3,8.65,7.85,8.5,8.16,54,110594097.25,30290,-1170,2026-08-17
NIFTY,2026-10-27,24600.0,PE,440.2,464.5,397.0,409.15,409.15,209,340113387.25,39390,130,2026-08-17
NIFTY,2026-10-27,24900.0,PE,625.4,625.45,534.05,558.0,558.0,18,29810439.75,21255,650,2026-08-17
NIFTY,2026-10-27,25100.0,PE,0.0,0.0,0.0,628.0,984.0,0,0.0,1170,0,2026-08-17
NIFTY,2026-10-27,25150.0,PE,0.0,0.0,0.0,639.15,1015.03,0,0.0,325,0,2026-08-17
NIFTY,2026-10-27,25400.0,PE,0.0,0.0,0.0,822.0,1177.7,0,0.0,910,0,2026-08-17
NIFTY,2026-10-27,25500.0,PE,990.0,1032.9,930.0,937.8,937.8,150,258153346.75,161330,1495,2026-08-17
NIFTY,2026-10-27,26950.0,PE,0.0,0.0,0.0,2675.85,2412.95,0,0.0,0,0,2026-08-17
NIFTY,2026-10-27,23700.0,CE,0.0,0.0,0.0,1151.6,1222.35,0,0.0,0,0,2026-08-17
NIFTY,2026-10-27,23400.0,CE,0.0,0.0,0.0,1589.0,1434.97,0,0.0,65,0,2026-08-17
NIFTY,2026-10-27,23350.0,CE,0.0,0.0,0.0,1373.7,1470.99,0,0.0,0,0,2026-08-17
NIFTY,2026-10-27,23100.0,CE,0.0,0.0,0.0,1547.05,1662.35,0,0.0,0,0,2026-08-17
NIFTY,2026-09-29,25800.0,CE,28.0,29.0,21.45,23.7,23.7,5186,8705031374.0,422110,48425,2026-08-17
NIFTY,2026-09-29,24500.0,CE,375.05,379.6,315.0,358.3,358.3,21892,35353070415.0,2189785,238290,2026-08-17
NIFTY,2026-09-29,24150.0,CE,547.6,592.85,519.15,567.1,567.1,106,170241708.0,7150,910,2026-08-17
NIFTY,2026-09-29,23750.0,CE,0.0,0.0,0.0,902.0,973.54,0,0.0,1170,0,2026-08-17
NIFTY,2026-09-29,22750.0,CE,0.0,0.0,0.0,1386.55,1773.44,0,0.0,260,0,2026-08-17
NIFTY,2026-09-29,21700.0,CE,0.0,0.0,0.0,2586.45,2762.1,0,0.0,0,0,2026-08-17
NIFTY,2026-09-15,25200.0,CE,0.0,0.0,0.0,268.55,165.78,0,0.0,0,0,2026-08-17
NIFTY,2026-09-15,24300.0,CE,364.3,406.6,330.0,374.5,374.5,472,756724481.5,8905,4680,2026-08-17
NIFTY,2026-09-15,23700.0,CE,0.0,0.0,0.0,1074.8,878.86,0,0.0,0,0,2026-08-17
NIFTY,2026-09-15,22900.0,CE,0.0,0.0,0.0,1748.55,1540.18,0,0.0,0,0,2026-08-17
NIFTY,2026-09-15,22700.0,CE,0.0,0.0,0.0,1933.1,1724.33,0,0.0,0,0,2026-08-17
NIFTY,2026-09-08,25700.0,CE,0.0,0.0,0.0,82.35,45.02,0,0.0,65,0,2026-08-17
NIFTY,2026-09-08,24650.0,CE,0.0,0.0,0.0,340.0,271.92,0,0.0,65,0,2026-08-17
NIFTY,2026-12-29,15000.0,PE,12.5,13.95,12.05,12.05,12.05,50,48791236.0,117570,1235,2026-08-17
NIFTY,2026-12-29,16000.0,PE,16.9,16.9,13.05,14.2,0.0,33,34353718.75,122585,325,2026-08-17
NIFTY,2026-12-29,24000.0,PE,321.95,339.0,300.0,307.3,307.3,4690,7413393016.25,2275195,-3915,2026-08-17
NIFTY,2026-09-08,24400.0,CE,275.05,289.95,225.0,266.45,266.45,2195,3518337056.0,60190,22425,2026-08-17
NIFTY,2026-09-08,23700.0,CE,0.0,0.0,0.0,1192.8,813.01,0,0.0,0,0,2026-08-17
NIFTY,2026-09-08,22650.0,CE,0.0,0.0,0.0,2118.35,1733.13,0,0.0,0,0,2026-08-17
NIFTY,2026-12-29,33000.0,PE,0.0,0.0,0.0,5263.45,7930.16,0,0.0,0,0,2026-08-17
NIFTY,2027-12-28,28500.0,PE,0.0,0.0,0.0,2979.7,2941.78,0,0.0,260,0,2026-08-17
NIFTY,2027-12-28,31500.0,PE,0.0,0.0,0.0,3240.0,5039.82,0,0.0,0,0,2026-08-17
NIFTY,2027-12-28,33000.0,PE,0.0,0.0,0.0,4155.55,6226.65,0,0.0,0,0,2026-08-17
NIFTY,2028-06-27,19500.0,PE,0.0,0.0,0.0,40.05,127.95,0,0.0,0,0,2026-08-17
NIFTY,2028-06-27,30000.0,PE,0.0,0.0,0.0,3779.25,3580.12,0,0.0,0,0,2026-08-17
NIFTY,2028-12-26,16500.0,PE,0.0,0.0,0.0,5.9,26.86,0,0.0,0,0,2026-08-17
NIFTY,2029-12-24,18000.0,PE,0.0,0.0,0.0,96.5,96.77,0,0.0,0,0,2026-08-17
NIFTY,2029-12-24,23000.0,PE,0.0,0.0,0.0,725.0,624.93,0,0.0,1560,0,2026-08-17
NIFTY,2026-09-01,26550.0,CE,1.7,1.7,1.4,1.55,1.25,13,22436063.0,1105,325,2026-08-17
NIFTY,2026-09-01,25650.0,CE,5.2,5.5,3.75,4.2,4.2,1659,2766495615.0,57460,45500,2026-08-17
NIFTY,2029-12-24,26000.0,PE,0.0,0.0,0.0,2150.0,1325.8,0,0.0,3665,0,2026-08-17
NIFTY,2030-06-25,24000.0,PE,0.0,0.0,0.0,698.15,794.03,0,0.0,0,0,2026-08-17
NIFTY,2030-12-31,25500.0,PE,0.0,0.0,0.0,538.25,1067.34,0,0.0,0,0,2026-08-17
NIFTY,2026-08-18,22600.0,CE,0.0,0.0,0.0,1639.4,1691.4,0,0.0,0,0,2026-08-17
NIFTY,2026-08-18,22650.0,CE,0.0,0.0,0.0,1595.05,1641.41,0,0.0,0,0,2026-08-17
NIFTY,2026-08-18,22900.0,CE,0.0,0.0,0.0,1379.35,1391.45,0,0.0,0,0,2026-08-17
NIFTY,2026-08-18,23150.0,CE,0.0,0.0,0.0,1208.35,1141.49,0,0.0,390,0,2026-08-17
NIFTY,2026-08-18,24200.0,CE,207.0,209.8,99.0,177.45,177.45,2365955,3742658189328.5,1733680,541580,2026-08-17
NIFTY,2026-08-18,24250.0,CE,166.0,166.0,68.0,133.95,133.95,3678124,5821468677589.5,1854320,1360710,2026-08-17
NIFTY,2026-08-18,24700.0,CE,5.0,6.75,2.15,2.75,2.75,2133425,3425647992061.75,9840740,1275820,2026-08-17
NIFTY,2026-08-18,25450.0,CE,0.8,1.05,0.35,0.4,0.4,109606,181320353981.0,915135,-253565,2026-08-17
NIFTY,2026-08-18,26000.0,CE,0.55,0.6,0.3,0.35,0.35,167619,283281055729.75,2737865,-1205880,2026-08-17
NIFTY,2031-06-24,31500.0,PE,0.0,0.0,0.0,3185.85,2751.29,0,0.0,0,0,2026-08-17
NIFTY,2026-08-18,27200.0,CE,0.35,0.45,0.2,0.25,0.25,15697,27752623986.75,215930,-60255,2026-08-17
NIFTY,2026-09-01,24950.0,CE,49.0,49.0,28.0,34.95,34.95,2152,3494884610.75,68055,45305,2026-08-17
NIFTY,2026-09-01,24900.0,CE,51.95,51.95,33.65,45.8,45.8,17007,27573645307.0,413010,223795,2026-08-17
NIFTY,2026-09-01,23950.0,CE,504.05,555.9,467.65,555.9,555.9,13,20660399.5,780,390,2026-08-17
NIFTY,2026-09-01,23400.0,CE,0.0,0.0,0.0,1145.0,991.28,0,0.0,0,0,2026-08-17
NIFTY,2026-09-01,23300.0,CE,1080.0,1080.0,1080.0,1080.0,1080.26,1,1584700.0,65,65,2026-08-17
NIFTY,2026-09-01,23100.0,CE,0.0,0.0,0.0,1378.25,1264.45,0,0.0,0,0,2026-08-17
NIFTY,2026-09-01,22900.0,CE,0.0,0.0,0.0,1543.9,1454.79,0,0.0,0,0,2026-08-17
NIFTY,2026-09-01,22650.0,CE,0.0,0.0,0.0,1760.65,1698.17,0,0.0,0,0,2026-08-17
NIFTY,2026-09-01,22450.0,CE,0.0,0.0,0.0,1940.55,1895.4,0,0.0,0,0,2026-08-17
NIFTY,2026-09-01,22250.0,CE,0.0,0.0,0.0,2125.05,2093.81,0,0.0,0,0,2026-08-17
NIFTY,2026-08-25,27100.0,CE,0.6,0.6,0.6,0.6,0.0,5,8807695.0,14105,-325,2026-08-17
NIFTY,2026-08-25,26600.0,CE,0.55,0.75,0.55,0.65,0.65,685,1184392095.25,52845,-1170,2026-08-17
NIFTY,2026-08-25,26150.0,CE,0.8,0.95,0.7,0.75,0.75,395,671421172.5,91650,-650,2026-08-17
NIFTY,2026-08-25,22350.0,CE,0.0,0.0,0.0,1794.9,1967.35,0,0.0,130,0,2026-08-17
NIFTY,2026-09-29,22100.0,PE,20.0,20.0,15.4,15.8,15.8,242,347896363.75,98735,-3835,2026-08-17
NIFTY,2026-09-29,22050.0,PE,0.0,0.0,0.0,15.35,16.45,0,0.0,2015,0,2026-08-17
NIFTY,2026-09-29,21650.0,PE,0.0,0.0,0.0,8.85,6.81,0,0.0,3315,0,2026-08-17
NIFTY,2026-09-29,16500.0,PE,0.9,1.45,0.9,1.45,0.0,67,71862573.25,134290,-650,2026-08-17
NIFTY,2026-09-15,25550.0,PE,0.0,0.0,0.0,1105.5,1237.67,0,0.0,0,0,2026-08-17
NIFTY,2026-08-18,22300.0,PE,0.6,0.6,0.3,0.4,0.4,11133,16137624558.25,221260,-91520,2026-08-17
NIFTY,2030-12-31,18000.0,CE,0.0,0.0,0.0,12674.15,10884.79,0,0.0,0,0,2026-08-17
NIFTY,2029-12-24,33000.0,CE,0.0,0.0,0.0,3816.05,2062.87,0,0.0,0,0,2026-08-17
NIFTY,2029-12-24,24000.0,CE,0.0,0.0,0.0,7730.0,5846.57,0,0.0,0,0,2026-08-17
NIFTY,2029-06-26,31500.0,CE,0.0,0.0,0.0,2878.65,1965.11,0,0.0,0,0,2026-08-17
NIFTY,2028-12-26,31500.0,CE,0.0,0.0,0.0,2327.6,1447.46,0,0.0,0,0,2026-08-17
NIFTY,2028-12-26,22500.0,CE,0.0,0.0,0.0,7382.9,5545.04,0,0.0,0,0,2026-08-17
NIFTY,2028-06-27,30000.0,CE,0.0,0.0,0.0,2278.45,1314.04,0,0.0,0,0,2026-08-17
NIFTY,2028-06-27,24000.0,CE,0.0,0.0,0.0,3918.85,3907.02,0,0.0,0,0,2026-08-17
NIFTY,2027-12-28,18000.0,CE,0.0,0.0,0.0,6285.7,7856.96,0,0.0,0,0,2026-08-17
NIFTY,2027-03-30,33000.0,CE,16.0,16.0,16.0,16.0,16.0,1,2146040.0,3185,0,2026-08-17
NIFTY,2027-03-30,19500.0,CE,0.0,0.0,0.0,4365.4,5581.91,0,0.0,0,0,2026-08-17
NIFTY,2026-12-29,16500.0,CE,0.0,0.0,0.0,10405.0,8179.69,0,0.0,0,0,2026-08-17
NIFTY,2026-10-27,26650.0,CE,0.0,0.0,0.0,150.8,124.95,0,0.0,0,0,2026-08-17
NIFTY,2026-10-27,26200.0,CE,0.0,0.0,0.0,219.35,193.19,0,0.0,0,0,2026-08-17
NIFTY,2026-10-27,25350.0,CE,0.0,0.0,0.0,417.4,402.77,0,0.0,0,0,2026-08-17
NIFTY,2026-10-27,24250.0,CE,630.9,666.35,630.9,666.35,883.27,3,4854473.0,455,65,2026-08-17
NIFTY,2026-10-27,23500.0,CE,1225.0,1291.0,1189.25,1279.05,1279.05,152,244443498.0,24180,455,2026-08-17
NIFTY,2026-09-29,33000.0,CE,1.5,1.5,1.3,1.35,1.35,38,81513354.0,35165,2470,2026-08-17
NIFTY,2026-09-29,26950.0,CE,6.0,6.15,4.7,5.9,5.9,87,152433515.0,1235,1235,2026-08-17
NIFTY,2026-09-29,26300.0,CE,10.45,11.55,9.35,10.2,10.2,656,1121867886.75,106145,7540,2026-08-17
NIFTY,2026-09-29,25150.0,CE,108.25,115.85,92.15,104.5,104.5,1532,2514380232.0,57785,-24765,2026-08-17
NIFTY,2026-09-29,24450.0,CE,380.55,408.8,340.25,381.2,381.2,665,1072372684.5,45825,15470,2026-08-17
NIFTY,2026-09-29,24050.0,CE,602.85,681.95,588.2,660.15,779.19,21,33708385.75,5005,195,2026-08-17
NIFTY,2026-09-29,23600.0,CE,975.0,1029.0,929.0,1018.0,1018.0,24,38345216.0,5005,260,2026-08-17
NIFTY,2026-09-29,23300.0,CE,1323.3,1323.3,1199.25,1277.3,1277.3,23,36687043.25,1950,-260,2026-08-17
NIFTY,2026-09-29,23050.0,CE,0.0,0.0,0.0,1592.0,1513.11,0,0.0,390,0,2026-08-17
NIFTY,2026-09-29,22650.0,CE,0.0,0.0,0.0,1410.05,1863.14,0,0.0,325,0,2026-08-17
NIFTY,2026-09-29,22050.0,CE,0.0,0.0,0.0,2284.2,2423.59,0,0.0,0,0,2026-08-17
NIFTY,2026-09-15,25950.0,CE,0.0,0.0,0.0,102.05,50.26,0,0.0,0,0,2026-08-17
NIFTY,2026-09-15,25900.0,CE,0.0,0.0,0.0,109.55,54.86,0,0.0,0,0,2026-08-17
NIFTY,2026-09-15,25300.0,CE,0.0,0.0,0.0,238.65,143.47,0,0.0,0,0,2026-08-17
NIFTY,2026-09-15,24700.0,CE,0.0,0.0,0.0,460.9,319.84,0,0.0,0,0,2026-08-17
NIFTY,2026-12-29,19000.0,CE,5760.0,5800.0,5754.05,5800.0,5800.0,27,43490658.25,56550,-1365,2026-08-17
NIFTY,2026-09-01,25650.0,PE,0.0,0.0,0.0,1426.15,1319.69,0,0.0,0,0,2026-08-17
NIFTY,2026-09-01,26550.0,PE,0.0,0.0,0.0,2219.65,2197.56,0,0.0,0,0,2026-08-17
NIFTY,2026-09-01,27100.0,PE,0.0,0.0,0.0,2741.55,2745.09,0,0.0,0,0,2026-08-17
NIFTY,2026-09-08,23050.0,PE,15.55,15.55,12.35,13.1,13.1,47,70461023.75,715,-260,2026-08-17
NIFTY,2026-09-08,23450.0,PE,31.15,36.15,22.65,25.35,25.35,290,442557742.25,7150,5720,2026-08-17
NIFTY,2026-09-08,23550.0,PE,0.0,0.0,0.0,111.7,105.32,0,0.0,0,0,2026-08-17
NIFTY,2026-09-08,24050.0,PE,115.6,138.9,94.05,101.9,101.9,162,254428115.5,9815,4030,2026-08-17
NIFTY,2026-09-15,24400.0,CE,304.0,344.4,275.85,317.8,317.8,221,354934417.5,8125,3250,2026-08-17
NIFTY,2026-09-15,23800.0,CE,0.0,0.0,0.0,1001.25,807.85,0,0.0,0,0,2026-08-17
NIFTY,2026-09-15,23750.0,CE,0.0,0.0,0.0,1037.3,842.97,0,0.0,0,0,2026-08-17
NIFTY,2026-09-15,23650.0,CE,0.0,0.0,0.0,1113.0,916.63,0,0.0,0,0,2026-08-17
NIFTY,2026-09-08,25800.0,CE,0.0,0.0,0.0,159.2,36.62,0,0.0,0,0,2026-08-17
NIFTY,2026-09-08,25650.0,CE,0.0,0.0,0.0,193.4,49.8,0,0.0,0,0,2026-08-17
NIFTY,2026-09-08,25300.0,CE,22.25,25.0,18.6,20.9,20.9,1428,2350330472.75,78845,2535,2026-08-17
NIFTY,2026-09-08,25200.0,CE,0.0,0.0,0.0,324.9,115.18,0,0.0,0,0,2026-08-17
NIFTY,2026-09-08,24950.0,CE,0.0,0.0,0.0,422.75,173.84,0,0.0,0,0,2026-08-17
NIFTY,2026-09-08,24900.0,CE,0.0,0.0,0.0,444.55,187.98,0,0.0,0,0,2026-08-17
NIFTY,2026-09-08,24800.0,CE,120.0,120.0,83.0,101.9,101.9,1129,1827191564.25,50180,19305,2026-08-17
NIFTY,2026-09-08,24750.0,CE,112.45,128.95,95.7,119.3,119.3,134,216521467.5,4290,-845,2026-08-17
NIFTY,2026-09-08,23900.0,CE,0.0,0.0,0.0,1040.95,670.11,0,0.0,0,0,2026-08-17
NIFTY,2026-09-08,23800.0,CE,0.0,0.0,0.0,1115.2,739.72,0,0.0,0,0,2026-08-17
NIFTY,2026-09-01,26950.0,CE,1.3,1.8,0.3,1.8,1.8,55,96351037.25,16705,715,2026-08-17
NIFTY,2026-09-01,25950.0,CE,3.45,3.45,2.7,3.0,3.0,111,187250563.5,4485,1950,2026-08-17
NIFTY,2026-09-01,25900.0,CE,4.2,4.2,2.6,2.85,2.85,771,1298132410.25,71435,-2015,2026-08-17
NIFTY,2026-09-08,24450.0,PE,272.5,296.55,226.95,244.8,244.8,155,248918309.25,11310,-3120,2026-08-17
NIFTY,2026-09-08,25050.0,PE,0.0,0.0,0.0,670.9,820.17,0,0.0,0,0,2026-08-17
NIFTY,2026-09-08,25500.0,PE,1089.95,1089.95,1054.45,1054.45,1186.17,2,3454386.0,65,65,2026-08-17
NIFTY,2026-09-08,26100.0,PE,0.0,0.0,0.0,1439.9,1736.16,0,0.0,0,0,2026-08-17
NIFTY,2026-09-01,25800.0,CE,3.05,4.0,2.8,3.1,3.1,879,1474274087.0,40430,-16315,2026-08-17
NIFTY,2026-09-01,25000.0,CE,41.0,41.0,23.8,30.1,30.1,41300,67193311893.5,1135225,502385,2026-08-17
NIFTY,2026-09-01,24400.0,CE,227.75,235.0,167.65,207.45,207.45,11600,18548157384.25,376805,100230,2026-08-17
NIFTY,2026-09-01,24350.0,CE,242.0,265.15,192.65,241.4,241.4,3561,5689831767.75,72865,34190,2026-08-17
NIFTY,2026-09-01,24250.0,CE,288.05,328.8,247.25,299.2,299.2,3149,5020139419.75,53040,45825,2026-08-17
NIFTY,2026-09-15,23700.0,PE,72.9,81.25,57.15,58.8,58.8,408,630301529.0,14040,12480,2026-08-17
NIFTY,2026-09-15,24000.0,PE,129.0,145.65,105.85,110.5,110.5,565,885915225.0,41080,13260,2026-08-17
NIFTY,2026-09-15,24200.0,PE,0.0,0.0,0.0,318.3,352.51,0,0.0,0,0,2026-08-17
NIFTY,2026-09-15,24700.0,PE,0.0,0.0,0.0,546.1,613.55,0,0.0,0,0,2026-08-17
NIFTY,2026-09-15,25700.0,PE,0.0,0.0,0.0,1223.4,1365.87,0,0.0,0,0,2026-08-17
NIFTY,2026-09-15,25800.0,PE,0.0,0.0,0.0,1304.65,1453.55,0,0.0,0,0,2026-08-17
NIFTY,2026-09-01,24000.0,CE,491.9,516.55,412.65,488.25,488.25,1559,2479781447.0,50635,15665,2026-08-17
NIFTY,2026-09-01,23350.0,CE,0.0,0.0,0.0,1182.5,1035.47,0,0.0,0,0,2026-08-17
NIFTY,2026-08-25,27050.0,CE,0.0,0.0,0.0,0.7,0.0,0,0.0,8905,0,2026-08-17
NIFTY,2026-08-25,25100.0,CE,9.0,9.0,4.6,5.15,5.15,136940,223468018585.5,2096250,174590,2026-08-17
NIFTY,2026-08-25,24850.0,CE,27.7,27.7,12.15,15.95,15.95,67655,109353118878.25,1055210,569010,2026-08-17
NIFTY,2026-08-25,24100.0,CE,345.0,370.5,264.0,339.4,339.4,19860,31509550315.75,1238965,99385,2026-08-17
NIFTY,2026-08-25,23500.0,CE,890.05,931.0,792.0,893.4,893.4,2493,3948155305.25,444535,17940,2026-08-17
NIFTY,2028-06-27,16500.0,PE,0.0,0.0,0.0,3.8,17.05,0,0.0,0,0,2026-08-17
NIFTY,2027-12-28,23000.0,PE,469.7,485.75,465.0,468.7,468.7,16,24410746.75,49310,130,2026-08-17
NIFTY,2027-06-29,30000.0,PE,4038.0,4038.0,4000.0,4000.0,4386.64,2,4422470.0,455,130,2026-08-17
NIFTY,2027-06-29,28500.0,PE,0.0,0.0,0.0,1807.05,3224.78,0,0.0,0,0,2026-08-17
NIFTY,2027-03-30,15000.0,PE,0.0,0.0,0.0,15.05,0.01,0,0.0,585,0,2026-08-17
NIFTY,2026-12-29,29000.0,PE,3950.0,4003.0,3899.95,3910.0,3910.0,17,36400832.0,221795,-195,2026-08-17
NIFTY,2026-12-29,27000.0,PE,2055.4,2137.45,2019.95,2039.45,2039.45,375,708920774.25,901165,9225,2026-08-17
NIFTY,2026-12-29,22500.0,PE,105.0,108.95,98.0,100.4,100.4,2225,3268918519.75,663715,33995,2026-08-17
NIFTY,2026-12-29,17000.0,PE,16.0,16.4,16.0,16.35,16.35,27,29863700.75,191240,-1625,2026-08-17
NIFTY,2026-10-27,27100.0,PE,0.0,0.0,0.0,2808.9,2547.51,0,0.0,0,0,2026-08-17
NIFTY,2026-10-27,27050.0,PE,0.0,0.0,0.0,2764.35,2502.45,0,0.0,0,0,2026-08-17
NIFTY,2026-10-27,26800.0,PE,0.0,0.0,0.0,2544.55,2280.34,0,0.0,0,0,2026-08-17
NIFTY,2026-10-27,26650.0,PE,0.0,0.0,0.0,2415.2,2149.91,0,0.0,0,0,2026-08-17
NIFTY,2026-10-27,26450.0,PE,0.0,0.0,0.0,2246.05,1979.75,0,0.0,0,0,2026-08-17
NIFTY,2026-10-27,25850.0,PE,0.0,0.0,0.0,1093.8,1501.15,0,0.0,65,0,2026-08-17
NIFTY,2026-10-27,25550.0,PE,0.0,0.0,0.0,901.9,1281.08,0,0.0,130,0,2026-08-17
NIFTY,2026-10-27,24500.0,PE,380.0,421.75,355.0,366.8,366.8,2492,4031403805.0,294775,22165,2026-08-17
NIFTY,2026-10-27,24400.0,PE,335.0,384.65,317.3,328.85,328.85,461,741351962.0,30485,11180,2026-08-17
NIFTY,2026-10-27,24350.0,PE,0.0,0.0,0.0,277.2,582.77,0,0.0,2730,0,2026-08-17
NIFTY,2026-10-27,23850.0,PE,0.0,0.0,0.0,569.9,383.87,0,0.0,0,0,2026-08-17
NIFTY,2026-10-27,23550.0,PE,0.0,0.0,0.0,454.95,290.04,0,0.0,0,0,2026-08-17
NIFTY,2026-10-27,22700.0,PE,53.0,55.0,45.45,46.6,46.6,161,238079829.0,24440,1820,2026-08-17
NIFTY,2026-10-27,22550.0,PE,0.0,0.0,0.0,46.6,94.97,0,0.0,715,0,2026-08-17
NIFTY,2026-09-29,27050.0,PE,0.0,0.0,0.0,2869.35,2576.56,0,0.0,0,0,2026-08-17
NIFTY,2026-09-29,26500.0,PE,1992.25,2049.1,1915.9,1945.75,1945.75,353,653955685.5,42575,4160,2026-08-17
NIFTY,2026-08-18,22750.0,CE,0.0,0.0,0.0,1507.45,1541.43,0,0.0,0,0,2026-08-17
NIFTY,2026-08-18,22950.0,CE,1401.35,1401.35,1400.0,1401.25,1401.25,15,23742442.75,845,845,2026-08-17
NIFTY,2026-08-18,24500.0,CE,40.8,40.8,8.2,15.1,15.1,4712193,7509032077810.25,12521795,1259505,2026-08-17
NIFTY,2026-08-18,24800.0,CE,3.55,3.55,1.15,1.5,1.5,1748108,2818174692846.5,8549320,-1807780,2026-08-17
NIFTY,2026-08-18,25600.0,CE,0.7,0.95,0.35,0.4,0.4,175801,292539508228.5,2220985,-1343680,2026-08-17
NIFTY,2026-09-29,26200.0,PE,1730.0,1730.0,1730.0,1730.0,1789.67,2,3630900.0,260,130,2026-08-17
NIFTY,2026-09-29,25850.0,PE,0.0,0.0,0.0,1859.75,1488.52,0,0.0,0,0,2026-08-17
NIFTY,2026-09-29,24800.0,PE,470.0,550.0,455.05,479.05,479.05,1120,1842481390.75,229710,1885,2026-08-17
NIFTY,2026-09-29,24450.0,PE,325.7,351.0,284.95,296.65,296.65,365,587768476.75,25675,4940,2026-08-17
NIFTY,2026-09-29,23650.0,PE,100.65,111.05,86.05,88.65,88.65,512,790424485.5,26910,1300,2026-08-17
NIFTY,2026-09-29,23600.0,PE,86.0,104.0,79.2,81.5,81.5,4091,6299551605.75,311220,22945,2026-08-17
NIFTY,2026-09-29,23000.0,PE,39.5,44.8,35.0,36.2,36.2,15376,23026235170.25,3281730,24845,2026-08-17
NIFTY,2026-09-29,22900.0,PE,37.5,40.55,31.9,32.9,32.9,2836,4227888424.5,232895,6825,2026-08-17
NIFTY,2026-09-15,26150.0,PE,0.0,0.0,0.0,1603.05,1771.75,0,0.0,0,0,2026-08-17
NIFTY,2026-09-15,25500.0,PE,0.0,0.0,0.0,1068.3,1195.91,0,0.0,0,0,2026-08-17
NIFTY,2026-09-15,23000.0,PE,31.1,31.1,16.2,17.5,17.5,81,121194719.75,2535,2535,2026-08-17
NIFTY,2026-09-15,22850.0,PE,0.0,0.0,0.0,40.15,38.3,0,0.0,0,0,2026-08-17
NIFTY,2026-09-15,22750.0,PE,15.6,15.6,14.25,14.25,30.88,10,14797201.25,715,585,2026-08-17
NIFTY,2026-09-08,26250.0,PE,0.0,0.0,0.0,1568.65,1880.01,0,0.0,0,0,2026-08-17
NIFTY,2026-09-08,25950.0,PE,0.0,0.0,0.0,1315.0,1594.28,0,0.0,0,0,2026-08-17
NIFTY,2026-09-08,25450.0,PE,0.0,0.0,0.0,931.85,1142.98,0,0.0,0,0,2026-08-17
NIFTY,2026-09-08,24950.0,PE,612.8,612.8,612.8,612.8,745.22,1,1661582.0,65,65,2026-08-17
NIFTY,2026-09-01,25000.0,PE,620.0,684.0,572.0,601.1,601.1,332,552687635.5,16575,260,2026-08-17
NIFTY,2026-09-01,23900.0,PE,50.15,67.25,39.4,43.4,43.4,8996,14004719660.75,260715,126425,2026-08-17
NIFTY,2026-09-01,22000.0,PE,3.6,4.35,3.5,4.05,4.05,3913,5596622534.75,302835,146835,2026-08-17
NIFTY,2026-08-25,25350.0,PE,0.0,0.0,0.0,705.15,1039.65,0,0.0,1040,0,2026-08-17
NIFTY,2026-08-25,25200.0,PE,849.95,921.15,772.7,818.1,818.1,260,439826055.5,118235,3835,2026-08-17
NIFTY,2026-08-25,25000.0,PE,619.95,721.65,580.0,612.8,612.8,10905,18193818392.75,2077920,-23335,2026-08-17
NIFTY,2026-08-25,24350.0,PE,136.0,187.95,108.6,120.2,120.2,107507,171103991893.25,774345,241670,2026-08-17
NIFTY,2026-08-25,22650.0,PE,2.35,3.05,2.35,2.75,2.75,1050,1546052696.5,32695,3705,2026-08-17
NIFTY,2026-08-25,22200.0,PE,2.4,2.45,1.9,2.1,2.1,5603,8085911785.25,341965,9880,2026-08-17
NIFTY,2026-08-25,22100.0,PE,2.1,2.25,1.85,2.0,2.0,2025,2909178655.5,120640,1235,2026-08-17
NIFTY,2026-08-25,21350.0,PE,1.25,1.65,1.15,1.3,1.3,127,176255573.0,7670,4485,2026-08-17
NIFTY,2026-08-25,21200.0,PE,1.65,1.65,0.95,1.35,1.35,16755,23089760326.75,2565810,272090,2026-08-17
NIFTY,2026-08-18,25950.0,PE,0.0,0.0,0.0,1804.45,1658.04,0,0.0,0,0,2026-08-17
NIFTY,2026-08-18,27050.0,CE,0.95,1.0,0.2,0.25,0.25,1907,3353034096.75,23595,3185,2026-08-17
NIFTY,2026-08-25,21200.0,CE,3200.0,3211.5,3200.0,3211.5,3115.79,3,4759267.5,9945,-195,2026-08-17
NIFTY,2026-08-25,21800.0,CE,2540.0,2540.0,2540.0,2540.0,2516.59,1,1582100.0,65,-65,2026-08-17
NIFTY,2026-08-25,23050.0,CE,0.0,0.0,0.0,1435.0,1271.04,0,0.0,455,0,2026-08-17
NIFTY,2026-08-25,23650.0,CE,695.0,774.85,686.0,758.15,758.15,37,58610899.75,6240,-845,2026-08-17
NIFTY,2026-08-25,23850.0,CE,516.3,587.8,467.55,559.55,559.55,255,404131481.0,15730,260,2026-08-17
NIFTY,2026-08-25,24050.0,CE,378.6,409.25,300.0,383.75,383.75,1507,2389926097.0,43940,16900,2026-08-17
NIFTY,2026-08-18,25450.0,PE,1148.0,1148.0,1148.0,1148.0,1158.12,1,1728870.0,520,0,2026-08-17
NIFTY,2026-08-18,25350.0,PE,1074.85,1074.85,980.7,1015.35,1015.35,9,15425757.75,6110,65,2026-08-17
NIFTY,2026-08-18,24800.0,PE,426.0,548.25,404.15,432.55,432.55,21105,34642016922.5,264290,-129740,2026-08-17
NIFTY,2026-08-18,24350.0,PE,55.0,128.5,40.5,51.75,51.75,6073481,9638731791227.5,5768555,-1027910,2026-08-17
NIFTY,2026-08-18,23050.0,PE,1.1,1.15,0.5,0.6,0.6,27194,40744833372.75,298675,28665,2026-08-17
NIFTY,2026-08-18,22950.0,PE,1.05,1.05,0.45,0.6,0.6,20980,31297954457.25,195975,-21125,2026-08-17
NIFTY,2026-08-18,22000.0,PE,0.6,0.6,0.2,0.3,0.3,98912,141446341829.0,1938755,-1198340,2026-08-17
NIFTY,2031-06-24,30000.0,CE,0.0,0.0,0.0,4459.9,4684.88,0,0.0,0,0,2026-08-17
NIFTY,2031-06-24,18000.0,CE,0.0,0.0,0.0,10825.95,11306.51,0,0.0,0,0,2026-08-17
NIFTY,2030-12-31,25500.0,CE,0.0,0.0,0.0,7639.65,6209.0,0,0.0,0,0,2026-08-17
NIFTY,2030-12-31,19500.0,CE,0.0,0.0,0.0,11601.15,9847.9,0,0.0,0,0,2026-08-17
NIFTY,2029-12-24,21000.0,CE,0.0,0.0,0.0,9463.95,7763.43,0,0.0,0,0,2026-08-17
NIFTY,2029-06-26,25500.0,CE,0.0,0.0,0.0,5917.35,4387.0,0,0.0,0,0,2026-08-17
NIFTY,2028-06-27,27000.0,CE,0.0,0.0,0.0,1935.0,2352.46,0,0.0,0,0,2026-08-17
NIFTY,2027-12-28,21000.0,CE,0.0,0.0,0.0,4902.4,5305.06,0,0.0,0,0,2026-08-17
NIFTY,2027-06-29,19500.0,CE,0.0,0.0,0.0,8143.4,5908.29,0,0.0,0,0,2026-08-17
NIFTY,2027-06-29,16500.0,CE,0.0,0.0,0.0,10867.2,8698.9,0,0.0,0,0,2026-08-17
NIFTY,2027-03-30,30000.0,CE,41.25,42.85,38.25,41.2,41.2,179,349531968.5,85865,1365,2026-08-17
NIFTY,2027-03-30,21000.0,CE,0.0,0.0,0.0,3217.45,4214.88,0,0.0,0,0,2026-08-17
NIFTY,2026-12-29,25500.0,CE,402.05,418.0,377.55,405.7,405.7,1856,3123712351.5,727805,-8060,2026-08-17
NIFTY,2026-12-29,19500.0,CE,0.0,0.0,0.0,7586.85,5256.06,0,0.0,0,0,2026-08-17
NIFTY,2026-10-27,26450.0,CE,0.0,0.0,0.0,178.65,152.26,0,0.0,0,0,2026-08-17
NIFTY,2026-10-27,24600.0,CE,520.0,520.0,435.55,470.7,470.7,247,402427629.5,28925,6630,2026-08-17
NIFTY,2026-10-27,24100.0,CE,768.1,812.4,768.1,812.35,969.26,6,9705660.25,195,0,2026-08-17
NIFTY,2026-10-27,23650.0,CE,0.0,0.0,0.0,1181.9,1256.35,0,0.0,0,0,2026-08-17
NIFTY,2026-10-27,23250.0,CE,0.0,0.0,0.0,1441.3,1546.22,0,0.0,0,0,2026-08-17
NIFTY,2026-10-27,22650.0,CE,0.0,0.0,0.0,1882.95,2032.1,0,0.0,0,0,2026-08-17
NIFTY,2026-09-29,25950.0,CE,0.0,0.0,0.0,85.0,109.85,0,0.0,65,0,2026-08-17
NIFTY,2026-09-29,24300.0,CE,500.0,504.5,424.3,476.5,476.5,6235,10035626662.75,302250,77350,2026-08-17
NIFTY,2026-09-29,23100.0,CE,0.0,0.0,0.0,1507.1,1471.18,0,0.0,780,0,2026-08-17
NIFTY,2026-09-29,22850.0,CE,0.0,0.0,0.0,1453.0,1685.11,0,0.0,390,0,2026-08-17
NIFTY,2026-09-29,21950.0,CE,0.0,0.0,0.0,2369.2,2519.7,0,0.0,0,0,2026-08-17
NIFTY,2026-09-29,21600.0,CE,0.0,0.0,0.0,2920.0,2859.74,0,0.0,2860,0,2026-08-17
NIFTY,2026-09-29,21000.0,CE,3475.9,3543.65,3411.65,3520.0,3450.36,23,36557049.75,475475,-130,2026-08-17
NIFTY,2026-09-15,25600.0,CE,0.0,0.0,0.0,164.3,90.55,0,0.0,0,0,2026-08-17
NIFTY,2026-09-15,24500.0,CE,253.05,286.1,225.0,262.85,262.85,672,1081347302.75,21190,13260,2026-08-17
NIFTY,2026-09-15,23900.0,CE,0.0,0.0,0.0,928.4,739.99,0,0.0,0,0,2026-08-17
NIFTY,2026-09-15,23600.0,CE,0.0,0.0,0.0,1151.8,953.08,0,0.0,0,0,2026-08-17
NIFTY,2026-09-15,23200.0,CE,0.0,0.0,0.0,1481.9,1275.71,0,0.0,0,0,2026-08-17
NIFTY,2026-09-08,26300.0,CE,3.0,3.45,2.3,2.65,2.65,44,75226661.25,7800,260,2026-08-17
NIFTY,2026-09-08,25100.0,CE,52.0,52.0,33.65,40.25,40.25,1702,2781140391.25,52000,25740,2026-08-17
NIFTY,2026-09-08,24450.0,CE,229.05,260.0,202.0,240.55,240.55,170,272739164.75,7020,1495,2026-08-17
NIFTY,2026-09-08,24000.0,CE,571.3,571.3,474.05,531.35,531.35,269,428815276.5,10010,3965,2026-08-17
NIFTY,2026-09-01,26500.0,CE,1.8,1.8,1.2,1.45,1.45,925,1593395280.75,36660,14235,2026-08-17
NIFTY,2026-09-01,25550.0,CE,6.05,6.75,4.4,5.0,5.0,3386,5624581407.25,144625,30290,2026-08-17
NIFTY,2026-09-01,25050.0,CE,39.7,39.7,19.8,24.55,24.55,1194,1945955404.25,30290,14300,2026-08-17
NIFTY,2026-09-01,24750.0,CE,75.15,85.95,56.9,70.65,70.65,1397,2253548033.75,39975,14755,2026-08-17
NIFTY,2026-09-01,24500.0,CE,188.85,188.85,127.25,159.1,159.1,17734,28416018153.25,515645,126100,2026-08-17
NIFTY,2026-09-01,23750.0,CE,0.0,0.0,0.0,899.6,702.4,0,0.0,0,0,2026-08-17
NIFTY,2026-09-01,23150.0,CE,0.0,0.0,0.0,1338.05,1217.73,0,0.0,0,0,2026-08-17
NIFTY,2026-09-01,23000.0,CE,1365.0,1438.7,1336.1,1438.7,1359.0,4,6338137.0,910,260,2026-08-17
NIFTY,2026-09-01,22700.0,CE,0.0,0.0,0.0,1716.55,1649.15,0,0.0,0,0,2026-08-17
NIFTY,2026-08-25,24400.0,CE,161.45,162.45,99.2,137.05,137.05,247697,394926452911.25,4419350,1189825,2026-08-17
NIFTY,2026-08-25,24800.0,CE,29.9,32.9,15.8,20.85,20.85,212534,342897348456.0,4678375,1025960,2026-08-17
NIFTY,2026-08-25,25300.0,CE,4.45,4.45,2.55,2.8,2.8,62756,103215250079.5,1863550,499850,2026-08-17
NIFTY,2026-08-25,25550.0,CE,1.4,2.15,1.4,1.6,1.6,8154,13542692036.25,176410,79950,2026-08-17
NIFTY,2026-08-25,26400.0,CE,0.6,0.75,0.55,0.6,0.6,1935,3320538149.5,256360,-7345,2026-08-17
NIFTY,2026-08-25,26450.0,CE,0.55,0.75,0.55,0.7,0.7,11,18912244.0,6110,-130,2026-08-17
NIFTY,2026-10-27,22400.0,CE,0.0,0.0,0.0,2083.15,2249.39,0,0.0,0,0,2026-08-17
NIFTY,2026-08-18,23300.0,CE,1000.0,1087.6,969.15,1073.55,1073.55,60,94871822.5,1885,-650,2026-08-17
NIFTY,2026-08-18,24950.0,CE,0.85,2.0,0.8,0.95,0.95,399244,647512105854.25,1603095,-377845,2026-08-17
NIFTY,2026-08-18,25800.0,CE,0.55,0.8,0.3,0.35,0.35,151649,254320304124.25,792480,-2511665,2026-08-17
NIFTY,2026-08-18,25850.0,CE,0.55,0.65,0.25,0.35,0.35,24032,40380522900.25,480935,-176085,2026-08-17
NIFTY,2026-08-18,26400.0,CE,0.6,0.9,0.25,0.3,0.3,12023,20631776298.25,121550,-19175,2026-08-17
NIFTY,2026-08-18,26500.0,CE,0.4,0.75,0.25,0.3,0.3,47529,81870071754.25,328900,8970,2026-08-17
NIFTY,2026-08-18,26800.0,CE,0.35,0.95,0.2,0.3,0.3,7318,12748139907.75,102960,-7800,2026-08-17
NIFTY,2026-08-18,26950.0,CE,1.15,1.15,0.2,0.25,0.25,3039,5323644950.0,40820,1495,2026-08-17
NIFTY,2026-08-25,21450.0,CE,0.0,0.0,0.0,2848.15,2866.12,0,0.0,0,0,2026-08-17
NIFTY,2026-08-25,21550.0,CE,0.0,0.0,0.0,2758.3,2766.25,0,0.0,0,0,2026-08-17
NIFTY,2026-08-25,22650.0,CE,0.0,0.0,0.0,1653.9,1668.0,0,0.0,780,0,2026-08-17
NIFTY,2026-08-25,23300.0,CE,1060.0,1105.5,1000.2,1101.2,1101.2,37,58615306.75,28795,780,2026-08-17
NIFTY,2026-08-25,24150.0,CE,298.3,330.55,230.8,297.9,297.9,6410,10175416722.25,85540,32305,2026-08-17
NIFTY,2026-08-25,24350.0,CE,188.05,191.45,120.15,165.3,165.3,97908,155957518928.25,856830,416195,2026-08-17
NIFTY,2026-08-25,25650.0,CE,1.3,1.7,1.2,1.3,1.3,9367,15617975785.75,226460,79170,2026-08-17
NIFTY,2026-08-25,25700.0,CE,1.35,1.65,1.05,1.15,1.15,60663,101342590768.25,1784250,626145,2026-08-17
NIFTY,2026-08-25,26850.0,CE,0.6,0.75,0.6,0.75,0.75,18,31415338.5,9230,-260,2026-08-17
NIFTY,2026-08-25,26950.0,CE,1.15,1.15,0.55,0.7,0.7,129,225981674.75,7540,-130,2026-08-17
NIFTY,2026-09-01,23700.0,CE,675.0,775.0,674.5,733.55,733.55,9,14272908.0,195,130,2026-08-17
NIFTY,2026-09-01,24050.0,CE,418.3,469.65,378.35,452.7,452.7,40,63599009.5,1430,1170,2026-08-17
NIFTY,2026-09-01,24200.0,CE,390.05,390.1,276.05,336.2,336.2,5129,8173119428.5,96655,51935,2026-08-17
NIFTY,2026-09-01,24300.0,CE,285.05,295.85,218.0,266.4,266.4,13844,22094332737.75,325715,165165,2026-08-17
NIFTY,2026-09-01,25750.0,CE,3.3,4.3,3.15,3.55,3.55,73,122201829.75,2405,2405,2026-08-17
NIFTY,2026-09-01,26300.0,CE,2.35,2.55,1.4,1.6,1.6,690,1179632431.25,27885,26455,2026-08-17
NIFTY,2026-08-25,23450.0,CE,879.9,956.6,879.9,956.55,956.55,4,6340720.75,1885,-65,2026-08-17
NIFTY,2026-09-15,25900.0,PE,0.0,0.0,0.0,1387.75,1542.8,0,0.0,0,0,2026-08-17
NIFTY,2026-09-15,26100.0,PE,0.0,0.0,0.0,1559.2,1725.37,0,0.0,0,0,2026-08-17
NIFTY,2026-09-29,15000.0,PE,1.3,1.3,1.3,1.3,0.0,4,3900338.0,47905,-260,2026-08-17
NIFTY,2026-09-29,21900.0,PE,13.25,15.7,13.25,14.2,14.2,79,112531321.5,40495,130,2026-08-17
NIFTY,2026-09-29,22500.0,PE,24.25,25.7,21.0,21.6,21.6,7911,11581871642.25,1537510,-7280,2026-08-17
NIFTY,2026-09-29,22650.0,PE,28.0,29.65,24.4,24.65,24.65,54,79598606.75,7280,-1105,2026-08-17
NIFTY,2026-09-29,26950.0,PE,0.0,0.0,0.0,2780.25,2481.17,0,0.0,0,0,2026-08-17
NIFTY,2026-09-29,27000.0,PE,2448.35,2540.95,2400.0,2439.2,2439.2,243,465403181.75,1448360,5850,2026-08-17
NIFTY,2026-08-25,22850.0,CE,0.0,0.0,0.0,1538.45,1468.93,0,0.0,585,0,2026-08-17
NIFTY,2026-08-25,22800.0,CE,1612.0,1612.0,1612.0,1612.0,1518.63,1,1586780.0,5200,-65,2026-08-17
NIFTY,2026-08-25,22400.0,CE,1925.0,1925.0,1925.0,1925.0,1917.44,12,18973500.0,2015,-260,2026-08-17
NIFTY,2026-08-25,22250.0,CE,0.0,0.0,0.0,1585.4,2067.2,0,0.0,65,0,2026-08-17
NIFTY,2026-08-25,22200.0,CE,1912.35,2122.25,1912.35,2122.25,2117.13,2,3148249.0,390,0,2026-08-17
NIFTY,2026-08-25,22000.0,CE,2400.0,2419.75,2290.0,2399.7,2399.7,251,397368240.75,647855,-8060,2026-08-17
NIFTY,2026-08-18,26850.0,CE,0.45,0.65,0.25,0.3,0.3,2324,4056023016.5,52650,13520,2026-08-17
NIFTY,2026-08-18,26150.0,CE,0.6,0.9,0.25,0.35,0.35,7213,12260524932.5,89505,-13195,2026-08-17
NIFTY,2026-08-18,26050.0,CE,0.65,0.95,0.3,0.4,0.4,16151,27348173583.25,162305,-72995,2026-08-17
NIFTY,2026-08-18,25250.0,CE,0.9,1.35,0.45,0.5,0.5,263881,433110157340.25,1770925,167895,2026-08-17
NIFTY,2026-08-18,24850.0,CE,3.05,3.05,1.0,1.2,1.2,743982,1201802839877.25,2939495,193310,2026-08-17
NIFTY,2026-08-18,24450.0,CE,54.95,55.8,12.1,25.7,25.7,3791190,6031498084508.0,5980650,1230905,2026-08-17
NIFTY,2026-08-18,24100.0,CE,263.85,304.0,174.0,268.4,268.4,409838,647914868545.75,478725,165880,2026-08-17
NIFTY,2026-08-18,23100.0,CE,1264.8,1264.8,1200.0,1200.0,1191.48,3,4746924.0,195,-65,2026-08-17
NIFTY,2026-09-29,31500.0,PE,0.0,0.0,0.0,4341.2,6970.22,0,0.0,0,0,2026-08-17
NIFTY,2026-10-27,22400.0,PE,40.95,40.95,34.8,36.45,36.45,436,635846932.5,38740,585,2026-08-17
NIFTY,2031-06-24,30000.0,PE,0.0,0.0,0.0,2616.25,2225.56,0,0.0,0,0,2026-08-17
NIFTY,2026-10-27,24100.0,PE,0.0,0.0,0.0,678.9,476.5,0,0.0,0,0,2026-08-17
NIFTY,2026-10-27,24150.0,PE,270.0,282.4,240.75,245.0,496.65,13,20624535.75,23465,130,2026-08-17
NIFTY,2026-10-27,25050.0,PE,0.0,0.0,0.0,540.05,953.49,0,0.0,325,0,2026-08-17
NIFTY,2026-10-27,25250.0,PE,0.0,0.0,0.0,675.6,1078.61,0,0.0,65,0,2026-08-17
NIFTY,2026-10-27,26100.0,PE,0.0,0.0,0.0,1960.3,1693.81,0,0.0,0,0,2026-08-17
NIFTY,2026-10-27,26900.0,PE,0.0,0.0,0.0,2631.85,2368.52,0,0.0,0,0,2026-08-17
NIFTY,2027-03-30,16500.0,PE,0.0,0.0,0.0,24.0,0.31,0,0.0,1560,0,2026-08-17
NIFTY,2027-06-29,19000.0,PE,0.0,0.0,0.0,195.0,29.01,0,0.0,1135,0,2026-08-17
NIFTY,2027-06-29,19500.0,PE,0.0,0.0,0.0,17.3,45.62,0,0.0,0,0,2026-08-17
NIFTY,2027-12-28,18000.0,PE,0.0,0.0,0.0,181.05,30.48,0,0.0,11915,0,2026-08-17
NIFTY,2027-12-28,19000.0,PE,0.0,0.0,0.0,132.5,64.86,0,0.0,1975,0,2026-08-17
NIFTY,2027-12-28,20000.0,PE,180.15,186.95,169.95,177.45,177.45,279,365827166.25,48325,-5720,2026-08-17
NIFTY,2028-06-27,28500.0,PE,0.0,0.0,0.0,1560.85,2712.1,0,0.0,0,0,2026-08-17
NIFTY,2028-12-26,22000.0,PE,0.0,0.0,0.0,484.95,445.97,0,0.0,8670,0,2026-08-17
NIFTY,2030-12-31,30000.0,PE,0.0,0.0,0.0,1450.1,2389.53,0,0.0,0,0,2026-08-17
NIFTY,2031-06-24,24000.0,PE,0.0,0.0,0.0,933.85,728.78,0,0.0,65,0,2026-08-17
NIFTY,2031-06-24,25500.0,PE,0.0,0.0,0.0,1262.85,1012.61,0,0.0,0,0,2026-08-17
NIFTY,2031-06-24,28500.0,PE,0.0,0.0,0.0,2104.2,1759.36,0,0.0,0,0,2026-08-17
NIFTY,2026-09-15,23550.0,CE,0.0,0.0,0.0,1191.15,991.17,0,0.0,0,0,2026-08-17
NIFTY,2026-08-18,22400.0,CE,0.0,0.0,0.0,1820.55,1891.37,0,0.0,0,0,2026-08-17
NIFTY,2026-08-18,22200.0,CE,0.0,0.0,0.0,2006.5,2091.34,0,0.0,0,0,2026-08-17
NIFTY,2026-09-01,25350.0,PE,0.0,0.0,0.0,1189.0,1044.82,0,0.0,0,0,2026-08-17
NIFTY,2026-09-01,24700.0,PE,400.4,440.95,336.0,357.25,357.25,383,624211506.75,53235,2795,2026-08-17
NIFTY,2026-09-01,23600.0,PE,21.7,28.1,16.35,18.05,18.05,13085,20089389768.5,239655,18200,2026-08-17
NIFTY,2026-09-01,23500.0,PE,17.55,21.2,13.3,14.3,14.3,22592,34533657073.5,930930,31265,2026-08-17
NIFTY,2026-09-01,23450.0,PE,0.0,0.0,0.0,208.05,51.74,0,0.0,0,0,2026-08-17
NIFTY,2026-09-01,22700.0,PE,5.0,5.75,4.8,5.2,5.2,516,761534020.0,28275,22295,2026-08-17
NIFTY,2026-08-25,25600.0,PE,1170.0,1191.35,1170.0,1178.25,1178.25,4,6962660.25,16510,260,2026-08-17
NIFTY,2026-08-25,25250.0,PE,934.55,934.55,825.45,825.45,944.91,2,3396900.0,1755,65,2026-08-17
NIFTY,2026-08-25,24950.0,PE,605.0,668.15,542.2,550.5,550.5,64,106285400.0,16445,455,2026-08-17
NIFTY,2026-08-25,22850.0,PE,2.65,3.5,2.65,3.2,3.2,2677,3976569684.75,31720,-2600,2026-08-17
NIFTY,2026-08-25,22700.0,PE,2.95,3.15,2.5,2.75,2.75,16751,24719191695.25,674115,196820,2026-08-17
NIFTY,2026-08-18,27150.0,PE,0.0,0.0,0.0,2948.25,2857.84,0,0.0,0,0,2026-08-17
NIFTY,2026-08-18,26800.0,PE,0.0,0.0,0.0,2606.7,2507.9,0,0.0,0,0,2026-08-17
NIFTY,2026-08-18,26400.0,PE,0.0,0.0,0.0,2222.7,2107.97,0,0.0,0,0,2026-08-17
NIFTY,2026-08-18,23000.0,PE,1.0,1.0,0.45,0.55,0.55,296127,442723845037.5,3764475,-1814085,2026-08-17
NIFTY,2026-10-27,23000.0,PE,70.0,78.75,64.8,66.7,66.7,5435,8150377940.25,614185,53365,2026-08-17
NIFTY,2026-09-01,26750.0,CE,1.5,1.95,1.15,1.15,0.6,8,13910793.0,845,65,2026-08-17
NIFTY,2026-09-08,23400.0,CE,0.0,0.0,0.0,1438.9,1051.27,0,0.0,0,0,2026-08-17
NIFTY,2026-09-08,25750.0,CE,0.0,0.0,0.0,169.75,40.64,0,0.0,0,0,2026-08-17
NIFTY,2026-09-08,26050.0,CE,5.05,6.25,4.15,5.1,5.1,500,846792475.75,28925,-6565,2026-08-17
NIFTY,2026-09-15,22800.0,CE,0.0,0.0,0.0,1840.25,1631.59,0,0.0,0,0,2026-08-17
NIFTY,2026-09-15,22950.0,CE,0.0,0.0,0.0,1703.2,1495.02,0,0.0,0,0,2026-08-17
NIFTY,2026-09-29,21900.0,CE,0.0,0.0,0.0,2350.0,2567.95,0,0.0,130,0,2026-08-17
NIFTY,2026-09-29,22500.0,CE,2027.5,2067.0,1940.0,2020.5,2020.5,168,267348461.25,264160,1105,2026-08-17
NIFTY,2026-09-29,22950.0,CE,0.0,0.0,0.0,1377.2,1598.29,0,0.0,390,0,2026-08-17
NIFTY,2026-09-29,23950.0,CE,739.1,742.35,730.05,736.3,841.25,7,11232269.75,3055,-195,2026-08-17
NIFTY,2026-09-29,24200.0,CE,550.05,571.75,487.4,542.9,542.9,2903,4665469698.5,118625,19760,2026-08-17
NIFTY,2026-09-29,25350.0,CE,68.0,74.0,59.6,66.4,66.4,392,647602371.0,17290,9750,2026-08-17
NIFTY,2026-09-29,26250.0,CE,0.0,0.0,0.0,198.4,73.48,0,0.0,0,0,2026-08-17
NIFTY,2026-09-29,26350.0,CE,0.0,0.0,0.0,182.8,63.89,0,0.0,0,0,2026-08-17
NIFTY,2026-09-29,26550.0,CE,0.0,0.0,0.0,154.75,47.88,0,0.0,0,0,2026-08-17
NIFTY,2026-09-29,27200.0,CE,5.7,5.75,4.7,5.05,5.05,123,217504719.25,30810,325,2026-08-17
NIFTY,2026-09-29,34500.0,CE,0.7,0.7,0.7,0.7,0.0,20,44850910.0,9815,0,2026-08-17
NIFTY,2026-10-27,22300.0,CE,0.0,0.0,0.0,2165.6,2338.31,0,0.0,0,0,2026-08-17
NIFTY,2026-10-27,22600.0,CE,0.0,0.0,0.0,1922.3,2074.95,0,0.0,0,0,2026-08-17
NIFTY,2026-10-27,22700.0,CE,0.0,0.0,0.0,1844.0,1989.58,0,0.0,0,0,2026-08-17
NIFTY,2026-10-27,22850.0,CE,0.0,0.0,0.0,1729.4,1864.08,0,0.0,0,0,2026-08-17
NIFTY,2026-10-27,24000.0,CE,888.0,892.3,801.0,871.2,871.2,693,1119088350.25,109135,17160,2026-08-17
NIFTY,2026-10-27,24400.0,CE,596.9,617.0,540.55,596.2,596.2,201,326311521.25,16510,5720,2026-08-17
NIFTY,2026-10-27,24450.0,CE,540.0,584.7,540.0,584.7,776.35,2,3251605.5,260,65,2026-08-17
NIFTY,2026-10-27,24900.0,CE,322.0,343.55,294.55,323.65,323.65,171,280258130.75,18005,4485,2026-08-17
NIFTY,2026-10-27,25550.0,CE,0.0,0.0,0.0,361.35,342.2,0,0.0,0,0,2026-08-17
NIFTY,2026-10-27,25700.0,CE,94.8,102.25,83.9,91.95,91.95,1609,2697251479.0,174655,43030,2026-08-17
NIFTY,2026-10-27,25900.0,CE,0.0,0.0,0.0,277.95,253.71,0,0.0,0,0,2026-08-17
NIFTY,2026-10-27,27050.0,CE,0.0,0.0,0.0,106.0,82.56,0,0.0,0,0,2026-08-17
NIFTY,2026-10-27,27150.0,CE,0.0,0.0,0.0,96.75,74.14,0,0.0,0,0,2026-08-17
NIFTY,2026-12-29,24000.0,CE,1251.05,1264.3,1175.0,1239.7,1239.7,997,1633991706.75,1159360,8065,2026-08-17
NIFTY,2026-12-29,30000.0,CE,14.4,14.4,12.75,13.35,13.35,452,881793038.75,780450,-6370,2026-08-17
NIFTY,2027-06-29,18000.0,CE,0.0,0.0,0.0,4066.45,7290.44,0,0.0,0,0,2026-08-17
NIFTY,2028-06-27,21000.0,CE,0.0,0.0,0.0,5226.55,5971.73,0,0.0,0,0,2026-08-17
NIFTY,2028-12-26,19500.0,CE,0.0,0.0,0.0,9716.4,7737.73,0,0.0,0,0,2026-08-17
NIFTY,2028-12-26,33000.0,CE,0.0,0.0,0.0,2477.5,1111.36,0,0.0,0,0,2026-08-17
NIFTY,2029-06-26,24000.0,CE,0.0,0.0,0.0,8085.35,5233.96,0,0.0,0,0,2026-08-17
NIFTY,2029-12-24,27000.0,CE,0.0,0.0,0.0,6201.65,4251.52,0,0.0,0,0,2026-08-17
NIFTY,2030-12-31,33000.0,CE,0.0,0.0,0.0,3948.25,3109.87,0,0.0,0,0,2026-08-17
NIFTY,2026-08-18,23300.0,PE,1.2,1.3,0.5,0.7,0.7,394066,596835867368.0,3038945,-590460,2026-08-17
NIFTY,2026-08-18,24050.0,PE,7.55,13.1,3.2,4.15,4.15,1930145,3018109333583.5,3610750,630045,2026-08-17
NIFTY,2026-08-18,24250.0,PE,27.55,67.0,16.25,21.1,21.1,6871751,10848037066909.25,8258835,4351490,2026-08-17
NIFTY,2026-08-18,25550.0,PE,0.0,0.0,0.0,1080.0,1258.11,0,0.0,260,0,2026-08-17
NIFTY,2026-08-25,21250.0,PE,1.45,1.45,1.1,1.3,1.3,42,58016159.5,9035,585,2026-08-17
NIFTY,2026-08-25,23300.0,PE,4.95,5.3,4.05,4.6,4.6,52473,79485735296.5,1588730,848250,2026-08-17
NIFTY,2026-08-25,23900.0,PE,22.35,36.15,16.4,18.75,18.75,130373,202735687615.5,2138110,485225,2026-08-17
NIFTY,2026-08-25,23950.0,PE,32.95,44.7,20.65,23.75,23.75,49048,76450942178.0,640835,175630,2026-08-17
NIFTY,2026-08-25,24100.0,PE,58.0,80.2,39.6,44.4,44.4,172201,270366452482.75,2833805,271115,2026-08-17
NIFTY,2026-08-25,24650.0,PE,321.55,398.8,276.6,299.0,299.0,4651,7549332433.5,227890,-8060,2026-08-17
NIFTY,2026-08-25,25650.0,PE,0.0,0.0,0.0,1625.0,1331.38,0,0.0,195,0,2026-08-17
NIFTY,2026-08-25,25900.0,PE,0.0,0.0,0.0,1520.0,1578.91,0,0.0,4355,0,2026-08-17
NIFTY,2026-08-25,26300.0,PE,1935.0,2069.4,1869.95,1918.8,1918.8,391,718051561.5,467740,-7800,2026-08-17
NIFTY,2026-08-25,26800.0,PE,0.0,0.0,0.0,2250.0,2476.78,0,0.0,130,0,2026-08-17
NIFTY,2026-09-01,22300.0,PE,4.15,5.1,3.95,4.65,4.65,101,146427804.25,21515,2860,2026-08-17
NIFTY,2026-09-01,22900.0,PE,6.55,7.0,5.7,6.15,6.15,838,1247706973.5,36205,8125,2026-08-17
NIFTY,2026-09-01,23150.0,PE,8.25,9.35,7.5,7.8,7.8,64,96337423.0,5005,975,2026-08-17
NIFTY,2026-09-01,23650.0,PE,0.0,0.0,0.0,264.15,84.34,0,0.0,0,0,2026-08-17
NIFTY,2026-09-01,24600.0,PE,299.8,367.05,273.05,289.45,289.45,1000,1619551453.0,75205,-2535,2026-08-17
NIFTY,2026-09-01,26050.0,PE,0.0,0.0,0.0,1766.25,1704.19,0,0.0,0,0,2026-08-17
NIFTY,2026-09-08,22600.0,PE,8.3,8.5,7.4,7.4,11.2,22,32329641.5,975,975,2026-08-17
NIFTY,2026-09-08,22800.0,PE,10.05,10.65,8.9,8.9,8.9,53,78579982.0,6110,2405,2026-08-17
NIFTY,2026-09-08,23000.0,PE,13.1,14.5,10.6,11.65,11.65,436,652170730.25,58955,6825,2026-08-17
NIFTY,2026-09-08,23750.0,PE,0.0,0.0,0.0,150.75,152.61,0,0.0,0,0,2026-08-17
NIFTY,2026-09-08,24100.0,PE,130.0,150.8,106.0,111.8,111.8,230,362154845.0,19825,2665,2026-08-17
NIFTY,2026-09-08,24200.0,PE,161.1,185.15,133.8,141.4,141.4,1220,1931310589.0,38805,15470,2026-08-17
NIFTY,2026-09-08,24850.0,PE,0.0,0.0,0.0,557.75,674.72,0,0.0,0,0,2026-08-17
NIFTY,2026-09-08,25550.0,PE,0.0,0.0,0.0,1003.8,1229.86,0,0.0,0,0,2026-08-17
NIFTY,2026-09-08,25850.0,PE,0.0,0.0,0.0,1234.05,1501.05,0,0.0,0,0,2026-08-17
NIFTY,2026-09-08,26000.0,PE,0.0,0.0,0.0,1356.15,1641.33,0,0.0,0,0,2026-08-17
NIFTY,2026-09-15,22950.0,PE,19.65,24.0,16.3,18.25,18.25,118,176175119.25,3770,715,2026-08-17
NIFTY,2026-09-15,23450.0,PE,0.0,0.0,0.0,114.05,119.1,0,0.0,0,0,2026-08-17
NIFTY,2026-09-15,24750.0,PE,0.0,0.0,0.0,573.2,644.38,0,0.0,0,0,2026-08-17
NIFTY,2026-09-15,24800.0,PE,0.0,0.0,0.0,601.05,676.03,0,0.0,0,0,2026-08-17
NIFTY,2026-09-29,22000.0,PE,16.65,16.95,14.8,15.25,15.25,5748,8225430330.0,982540,99905,2026-08-17
NIFTY,2026-09-29,22700.0,PE,29.5,31.7,25.8,26.5,26.5,1442,2130365432.0,221325,-260,2026-08-17
NIFTY,2026-09-29,23100.0,PE,49.55,52.1,40.2,41.85,41.85,4217,6344109128.5,376740,-910,2026-08-17
NIFTY,2026-09-29,23800.0,PE,124.0,140.65,107.3,111.4,111.4,5484,8526191664.25,654355,49920,2026-08-17
NIFTY,2026-09-29,25100.0,PE,719.95,755.0,650.55,673.4,673.4,72,120741822.5,24440,65,2026-08-17
NIFTY,2026-09-29,25500.0,PE,1028.95,1090.0,966.15,999.2,999.2,1029,1773850614.25,726375,27560,2026-08-17
NIFTY,2026-09-29,26100.0,PE,0.0,0.0,0.0,1566.0,1701.86,0,0.0,65,0,2026-08-17
NIFTY,2026-09-29,26250.0,PE,0.0,0.0,0.0,2180.0,1834.05,0,0.0,0,0,2026-08-17
NIFTY,2026-09-29,26600.0,PE,0.0,0.0,0.0,2474.55,2152.36,0,0.0,0,0,2026-08-17
NIFTY,2026-10-27,22350.0,PE,43.5,43.5,35.0,35.0,35.0,16,23283143.0,845,-65,2026-08-17
NIFTY,2026-10-27,22450.0,PE,0.0,0.0,0.0,43.05,83.47,0,0.0,845,0,2026-08-17
NIFTY,2026-10-27,23250.0,PE,0.0,0.0,0.0,356.75,214.22,0,0.0,0,0,2026-08-17
NIFTY,2026-10-27,23900.0,PE,201.1,213.6,177.8,182.6,182.6,249,389931129.25,47320,4355,2026-08-17
NIFTY,2026-10-27,24050.0,PE,0.0,0.0,0.0,656.15,456.89,0,0.0,0,0,2026-08-17
NIFTY,2026-10-27,24250.0,PE,306.7,316.6,272.0,282.5,282.5,47,74966511.75,15275,2080,2026-08-17
NIFTY,2026-10-27,25300.0,PE,844.9,860.0,834.7,860.0,1111.15,28,47575736.0,1170,260,2026-08-17
NIFTY,2026-10-27,26300.0,PE,0.0,0.0,0.0,2121.9,1855.24,0,0.0,0,0,2026-08-17
NIFTY,2026-10-27,27000.0,PE,2352.0,2385.0,2270.0,2280.0,2457.59,23,43847108.5,14690,780,2026-08-17
NIFTY,2026-12-29,21000.0,PE,48.05,50.45,46.1,47.1,47.1,1412,1931815275.0,1097505,-14155,2026-08-17
NIFTY,2026-12-29,28000.0,PE,2991.55,3063.7,2950.0,2987.05,2987.05,207,417597329.5,862950,6120,2026-08-17
NIFTY,2026-12-29,31500.0,PE,0.0,0.0,0.0,4059.3,6472.07,0,0.0,0,0,2026-08-17
NIFTY,2027-03-30,27000.0,PE,1874.0,1916.0,1818.2,1826.35,1826.35,57,106942140.5,50245,975,2026-08-17
NIFTY,2027-12-28,16500.0,PE,0.0,0.0,0.0,52.05,7.88,0,0.0,130,0,2026-08-17
NIFTY,2027-12-28,27000.0,PE,1722.0,1749.95,1641.75,1663.0,1663.0,64,119266803.5,45070,-2330,2026-08-17
NIFTY,2029-12-24,15000.0,PE,0.0,0.0,0.0,29.0,17.18,0,0.0,65,0,2026-08-17
NIFTY,2030-06-25,18000.0,PE,0.0,0.0,0.0,116.65,105.56,0,0.0,0,0,2026-08-17
NIFTY,2030-06-25,22500.0,PE,0.0,0.0,0.0,223.75,531.17,0,0.0,0,0,2026-08-17
NIFTY,2030-06-25,27000.0,PE,0.0,0.0,0.0,1286.05,1536.15,0,0.0,0,0,2026-08-17
NIFTY,2030-06-25,30000.0,PE,0.0,0.0,0.0,2100.85,2583.77,0,0.0,0,0,2026-08-17
NIFTY,2030-12-31,18000.0,PE,0.0,0.0,0.0,32.3,111.95,0,0.0,0,0,2026-08-17
NIFTY,2031-06-24,16500.0,PE,0.0,0.0,0.0,95.65,60.28,0,0.0,0,0,2026-08-17
NIFTY,2027-06-29,27000.0,CE,600.0,600.0,540.0,600.0,983.58,4,7168200.0,390,260,2026-08-17
NIFTY,2026-08-18,22800.0,CE,0.0,0.0,0.0,1464.3,1491.44,0,0.0,0,0,2026-08-17
NIFTY,2026-08-18,24750.0,CE,4.9,4.9,1.55,2.0,2.0,1587955,2554880693027.0,4569890,410865,2026-08-17
NIFTY,2026-08-18,26550.0,CE,0.75,0.8,0.25,0.35,0.35,1887,3256541359.5,20345,3965,2026-08-17
NIFTY,2026-08-25,21300.0,CE,0.0,0.0,0.0,3070.0,3015.92,0,0.0,3705,0,2026-08-17
NIFTY,2026-08-25,21650.0,CE,0.0,0.0,0.0,2669.3,2666.39,0,0.0,0,0,2026-08-17
NIFTY,2026-08-25,21700.0,CE,0.0,0.0,0.0,2625.1,2616.45,0,0.0,0,0,2026-08-17
NIFTY,2026-08-25,22500.0,CE,1875.05,1927.45,1787.0,1892.45,1892.45,234,369974475.0,296530,-3770,2026-08-17
NIFTY,2026-08-25,24450.0,CE,134.85,136.5,81.05,114.6,114.6,68988,110118130196.75,860340,81705,2026-08-17
NIFTY,2026-08-25,25850.0,CE,0.95,1.25,0.85,0.9,0.9,7259,12197375732.75,206050,-325,2026-08-17
NIFTY,2026-08-25,25900.0,CE,0.9,1.1,0.8,0.9,0.9,16091,27090172684.25,979615,-17485,2026-08-17
NIFTY,2026-08-25,26250.0,CE,0.65,0.8,0.6,0.7,0.7,179,305426907.5,96265,-2535,2026-08-17
NIFTY,2026-08-25,26900.0,CE,0.6,0.7,0.5,0.6,0.6,150,262280781.75,28275,0,2026-08-17
NIFTY,2026-09-01,22000.0,CE,0.0,0.0,0.0,2360.9,2342.62,0,0.0,0,0,2026-08-17
NIFTY,2026-09-01,22200.0,CE,0.0,0.0,0.0,2171.8,2143.52,0,0.0,0,0,2026-08-17
NIFTY,2026-09-01,24450.0,CE,215.0,215.0,147.55,184.55,184.55,1810,2897387844.0,42120,9815,2026-08-17
NIFTY,2026-09-01,24600.0,CE,159.0,159.0,93.9,118.35,118.35,9499,15258570307.5,277420,93795,2026-08-17
NIFTY,2026-09-01,26250.0,CE,2.45,2.45,1.85,2.1,3.5,62,105795680.25,2145,1300,2026-08-17
NIFTY,2026-09-01,26400.0,CE,2.0,2.9,1.3,1.6,1.6,546,936991344.25,20410,14625,2026-08-17
NIFTY,2026-09-01,26800.0,CE,1.35,1.9,1.35,1.8,1.8,20,34842242.5,4810,325,2026-08-17
NIFTY,2026-09-01,26850.0,CE,0.0,0.0,0.0,1.85,0.41,0,0.0,975,0,2026-08-17
NIFTY,2026-09-08,22900.0,CE,0.0,0.0,0.0,1884.1,1496.2,0,0.0,0,0,2026-08-17
NIFTY,2026-09-08,23150.0,CE,0.0,0.0,0.0,1656.9,1267.71,0,0.0,0,0,2026-08-17
NIFTY,2026-09-08,23250.0,CE,0.0,0.0,0.0,1568.45,1179.47,0,0.0,0,0,2026-08-17
NIFTY,2026-09-08,24700.0,CE,127.05,147.9,107.65,128.95,128.95,1161,1873537991.0,44265,19825,2026-08-17
NIFTY,2026-09-08,25000.0,CE,67.7,67.7,46.75,57.4,57.4,4692,7641503840.75,189280,44590,2026-08-17
NIFTY,2026-09-08,26400.0,CE,2.55,3.0,1.9,2.3,9.28,46,78943439.25,5265,1235,2026-08-17
NIFTY,2026-09-15,22650.0,CE,0.0,0.0,0.0,1979.9,1771.14,0,0.0,0,0,2026-08-17
NIFTY,2026-09-15,23000.0,CE,0.0,0.0,0.0,1658.15,1450.26,0,0.0,0,0,2026-08-17
NIFTY,2026-09-15,23050.0,CE,0.0,0.0,0.0,1613.5,1405.93,0,0.0,0,0,2026-08-17
NIFTY,2026-09-15,23150.0,CE,0.0,0.0,0.0,1525.35,1318.63,0,0.0,0,0,2026-08-17
NIFTY,2026-09-15,23250.0,CE,0.0,0.0,0.0,1438.9,1233.3,0,0.0,0,0,2026-08-17
NIFTY,2026-09-15,23500.0,CE,0.0,0.0,0.0,1231.15,1029.94,0,0.0,0,0,2026-08-17
NIFTY,2026-09-15,24100.0,CE,458.5,458.5,458.5,458.5,614.18,1,1596302.5,65,65,2026-08-17
NIFTY,2026-09-15,24850.0,CE,0.0,0.0,0.0,395.35,265.5,0,0.0,0,0,2026-08-17
NIFTY,2026-09-15,25050.0,CE,0.0,0.0,0.0,318.55,204.04,0,0.0,0,0,2026-08-17
NIFTY,2026-09-15,25250.0,CE,0.0,0.0,0.0,253.25,154.31,0,0.0,0,0,2026-08-17
NIFTY,2026-09-15,25650.0,CE,0.0,0.0,0.0,153.9,83.53,0,0.0,0,0,2026-08-17
NIFTY,2026-09-15,25750.0,CE,0.0,0.0,0.0,134.65,70.84,0,0.0,0,0,2026-08-17
NIFTY,2026-09-15,25850.0,CE,0.0,0.0,0.0,117.45,59.81,0,0.0,0,0,2026-08-17
NIFTY,2026-09-15,26100.0,CE,0.0,0.0,0.0,82.15,38.38,0,0.0,0,0,2026-08-17
NIFTY,2026-09-15,26200.0,CE,0.0,0.0,0.0,70.75,31.89,0,0.0,0,0,2026-08-17
NIFTY,2026-09-29,19500.0,CE,4950.0,4950.0,4950.0,4950.0,4937.55,1,1589250.0,140660,0,2026-08-17
NIFTY,2026-09-29,21750.0,CE,0.0,0.0,0.0,2542.45,2713.41,0,0.0,0,0,2026-08-17
NIFTY,2026-09-29,21800.0,CE,0.0,0.0,0.0,2929.0,2664.82,0,0.0,65,0,2026-08-17
NIFTY,2026-09-29,22100.0,CE,0.0,0.0,0.0,2242.1,2375.76,0,0.0,0,0,2026-08-17
NIFTY,2026-09-29,24400.0,CE,432.4,440.0,366.9,411.55,411.55,7318,11794626925.25,342550,145145,2026-08-17
NIFTY,2026-09-29,24700.0,CE,270.05,275.95,225.7,259.55,259.55,5130,8318904535.5,325650,10725,2026-08-17
NIFTY,2026-09-29,24800.0,CE,247.6,247.6,188.45,217.1,217.1,9160,14889144250.5,428740,67665,2026-08-17
NIFTY,2026-09-29,24900.0,CE,189.05,193.0,155.3,179.2,179.2,4327,7052109493.0,213395,35360,2026-08-17
NIFTY,2026-09-29,26400.0,CE,0.0,0.0,0.0,175.4,59.51,0,0.0,0,0,2026-08-17
NIFTY,2026-10-27,22350.0,CE,0.0,0.0,0.0,2124.25,2293.72,0,0.0,0,0,2026-08-17
NIFTY,2026-10-27,22950.0,CE,0.0,0.0,0.0,1654.95,1782.22,0,0.0,0,0,2026-08-17
NIFTY,2026-10-27,23900.0,CE,905.0,965.5,880.0,962.0,1091.55,13,20982760.5,195,130,2026-08-17
NIFTY,2026-10-27,24200.0,CE,717.3,743.5,666.0,717.45,717.45,120,194153833.25,11180,3510,2026-08-17
NIFTY,2026-10-27,24500.0,CE,521.5,555.95,487.6,538.75,538.75,2146,3489787889.25,201760,20475,2026-08-17
NIFTY,2026-10-27,25450.0,CE,0.0,0.0,0.0,388.6,371.54,0,0.0,0,0,2026-08-17
NIFTY,2026-10-27,26000.0,CE,67.8,67.8,53.25,58.75,58.75,7332,12418703732.5,690820,-23270,2026-08-17
NIFTY,2026-10-27,26600.0,CE,0.0,0.0,0.0,157.4,131.36,0,0.0,0,0,2026-08-17
NIFTY,2026-10-27,26750.0,CE,0.0,0.0,0.0,138.3,112.93,0,0.0,0,0,2026-08-17
NIFTY,2026-12-29,21000.0,CE,3819.95,3895.65,3776.1,3863.3,3863.3,55,88806864.25,196730,1170,2026-08-17
NIFTY,2027-03-30,18000.0,CE,0.0,0.0,0.0,5643.55,7003.44,0,0.0,0,0,2026-08-17
NIFTY,2027-06-29,21000.0,CE,0.0,0.0,0.0,3061.8,4591.64,0,0.0,0,0,2026-08-17
NIFTY,2027-06-29,24000.0,CE,0.0,0.0,0.0,2110.15,2378.35,0,0.0,1185,0,2026-08-17
NIFTY,2027-12-28,22500.0,CE,0.0,0.0,0.0,6183.0,4171.6,0,0.0,0,0,2026-08-17
NIFTY,2027-12-28,25500.0,CE,0.0,0.0,0.0,2400.0,2345.23,0,0.0,0,0,2026-08-17
NIFTY,2027-12-28,28500.0,CE,632.0,670.0,631.0,657.75,657.75,20,37901136.0,11570,130,2026-08-17
NIFTY,2028-06-27,25500.0,CE,0.0,0.0,0.0,4676.6,3061.75,0,0.0,0,0,2026-08-17
NIFTY,2028-06-27,31500.0,CE,0.0,0.0,0.0,1784.8,959.31,0,0.0,0,0,2026-08-17
NIFTY,2028-12-26,21000.0,CE,0.0,0.0,0.0,7512.5,6600.37,0,0.0,0,0,2026-08-17
NIFTY,2029-12-24,22500.0,CE,0.0,0.0,0.0,8486.15,6767.35,0,0.0,0,0,2026-08-17
NIFTY,2030-06-25,16500.0,CE,0.0,0.0,0.0,13374.05,11522.46,0,0.0,0,0,2026-08-17
NIFTY,2030-06-25,19500.0,CE,0.0,0.0,0.0,11140.25,9338.1,0,0.0,0,0,2026-08-17
NIFTY,2031-06-24,28500.0,CE,0.0,0.0,0.0,5048.95,5310.11,0,0.0,0,0,2026-08-17
NIFTY,2026-08-18,22550.0,PE,0.85,0.9,0.4,0.45,0.45,6357,9318013792.75,120315,24180,2026-08-17
NIFTY,2026-08-18,24850.0,PE,509.0,598.5,453.25,487.35,487.35,1847,3044149413.5,32890,6565,2026-08-17
NIFTY,2026-08-18,25500.0,PE,1203.1,1240.0,1104.0,1132.7,1132.7,1589,2759503701.5,101530,-68575,2026-08-17
NIFTY,2026-08-18,25650.0,PE,0.0,0.0,0.0,1178.3,1358.09,0,0.0,520,0,2026-08-17
NIFTY,2026-08-18,26750.0,PE,0.0,0.0,0.0,2558.25,2457.91,0,0.0,0,0,2026-08-17
NIFTY,2026-08-25,21950.0,PE,1.65,2.0,1.5,1.8,1.8,92,131271468.25,9685,260,2026-08-17
NIFTY,2026-08-25,23000.0,PE,3.35,4.25,3.25,3.75,3.75,120903,180779292960.5,6722365,2725255,2026-08-17
NIFTY,2026-08-25,23650.0,PE,9.0,13.25,7.15,7.8,7.8,27867,42854777436.25,785460,171795,2026-08-17
NIFTY,2026-08-25,24150.0,PE,65.0,95.95,48.8,55.4,55.4,48292,76013151613.75,686335,194675,2026-08-17
NIFTY,2026-08-25,24550.0,PE,237.8,319.35,210.2,231.45,231.45,10221,16482680058.0,330005,177580,2026-08-17
NIFTY,2026-08-25,25150.0,PE,744.55,744.55,744.55,744.55,744.55,2,3366291.5,1690,0,2026-08-17
NIFTY,2026-08-25,25800.0,PE,1439.95,1505.0,1378.1,1392.85,1392.85,16,28317406.0,12480,260,2026-08-17
NIFTY,2026-08-25,26850.0,PE,0.0,0.0,0.0,2671.25,2526.71,0,0.0,0,0,2026-08-17
NIFTY,2026-09-01,22800.0,PE,4.85,7.2,4.85,5.4,5.4,1276,1891484094.5,84695,28145,2026-08-17
NIFTY,2026-09-01,23050.0,PE,7.35,8.25,6.65,7.25,7.25,100,149873291.75,8775,-65,2026-08-17
NIFTY,2026-09-01,24200.0,PE,118.95,152.35,100.55,107.85,107.85,8913,14091222047.5,221975,99710,2026-08-17
NIFTY,2026-09-01,24400.0,PE,192.1,243.0,171.35,184.2,184.2,8009,12805962425.75,281060,68965,2026-08-17
NIFTY,2026-09-01,24850.0,PE,0.0,0.0,0.0,418.0,635.71,0,0.0,65,0,2026-08-17
NIFTY,2026-09-01,25100.0,PE,734.15,775.65,690.4,696.7,696.7,5,8395666.5,195,195,2026-08-17
NIFTY,2026-09-01,25500.0,PE,1125.0,1125.0,1048.0,1048.0,1048.0,22,37995197.5,1300,1170,2026-08-17
NIFTY,2026-09-01,25550.0,PE,0.0,0.0,0.0,1345.2,1226.36,0,0.0,0,0,2026-08-17
NIFTY,2026-09-01,26300.0,PE,0.0,0.0,0.0,1989.7,1949.9,0,0.0,0,0,2026-08-17
NIFTY,2026-09-01,26700.0,PE,0.0,0.0,0.0,2360.1,2346.66,0,0.0,0,0,2026-08-17
NIFTY,2026-09-01,27000.0,PE,0.0,0.0,0.0,2645.4,2645.42,0,0.0,0,0,2026-08-17
NIFTY,2026-09-08,23200.0,PE,29.2,29.2,15.25,16.05,16.05,59,89032723.0,1885,1885,2026-08-17
NIFTY,2026-09-08,23700.0,PE,53.3,62.35,41.05,43.2,43.2,1033,1594520658.25,58370,17615,2026-08-17
NIFTY,2026-09-08,24700.0,PE,417.0,449.15,358.65,409.2,409.2,39,63587049.5,10530,325,2026-08-17
NIFTY,2026-09-15,23100.0,PE,0.0,0.0,0.0,63.7,63.44,0,0.0,0,0,2026-08-17
NIFTY,2026-09-15,23350.0,PE,0.0,0.0,0.0,97.3,100.35,0,0.0,0,0,2026-08-17
NIFTY,2026-09-15,23950.0,PE,115.85,130.0,98.5,103.9,103.9,58,90743666.0,4940,2080,2026-08-17
NIFTY,2026-09-15,24300.0,PE,357.0,357.0,188.35,198.2,198.2,114,181554213.75,5785,5785,2026-08-17
NIFTY,2026-09-15,24600.0,PE,351.15,379.0,313.25,317.15,317.15,18,29185598.0,1820,-65,2026-08-17
NIFTY,2026-09-15,25200.0,PE,0.0,0.0,0.0,850.85,957.09,0,0.0,0,0,2026-08-17
NIFTY,2026-09-15,26050.0,PE,0.0,0.0,0.0,1515.75,1679.27,0,0.0,0,0,2026-08-17
NIFTY,2026-09-29,21700.0,PE,14.0,14.5,9.85,12.95,12.95,93,131252013.75,40235,0,2026-08-17
NIFTY,2026-09-29,22200.0,PE,23.55,23.55,16.55,16.8,16.8,457,659985855.75,58435,7085,2026-08-17
NIFTY,2026-09-29,22250.0,PE,20.95,21.05,17.85,18.55,18.55,173,250421171.0,12480,1755,2026-08-17
NIFTY,2026-09-29,23150.0,PE,49.85,54.75,42.55,43.65,43.65,176,265384262.0,25025,-650,2026-08-17
NIFTY,2026-09-29,23700.0,PE,104.95,121.5,91.9,95.95,95.95,6477,10022211355.0,427505,46020,2026-08-17
NIFTY,2026-09-29,23750.0,PE,116.2,130.45,99.85,103.15,103.15,643,997344939.5,58370,-2275,2026-08-17
NIFTY,2026-09-29,23950.0,PE,158.35,174.05,137.4,141.7,141.7,202,316496930.75,22230,-975,2026-08-17
NIFTY,2026-09-29,24100.0,PE,196.55,219.0,171.35,177.0,177.0,2217,3500954414.75,221585,17160,2026-08-17
NIFTY,2026-09-29,24250.0,PE,245.25,269.05,215.0,226.15,226.15,688,1095460076.75,40625,8320,2026-08-17
NIFTY,2026-09-29,24400.0,PE,295.0,330.9,265.1,277.5,277.5,5895,9462818062.75,337285,51870,2026-08-17
NIFTY,2026-09-29,24600.0,PE,392.6,430.5,350.0,362.1,362.1,2633,4276852076.25,309595,-17550,2026-08-17
NIFTY,2026-09-29,25750.0,PE,0.0,0.0,0.0,1035.0,1405.97,0,0.0,390,0,2026-08-17
NIFTY,2026-09-29,26300.0,PE,0.0,0.0,0.0,2221.3,1878.73,0,0.0,0,0,2026-08-17
NIFTY,2026-09-29,27200.0,PE,0.0,0.0,0.0,3004.3,2720.58,0,0.0,0,0,2026-08-17
NIFTY,2026-10-27,22250.0,PE,35.65,36.25,30.3,31.95,31.95,928,1344148191.75,129610,26455,2026-08-17
NIFTY,2026-10-27,22650.0,PE,0.0,0.0,0.0,53.5,107.7,0,0.0,910,0,2026-08-17
NIFTY,2026-10-27,22800.0,PE,0.0,0.0,0.0,239.4,129.26,0,0.0,0,0,2026-08-17
NIFTY,2026-10-27,22850.0,PE,0.0,0.0,0.0,250.85,137.14,0,0.0,0,0,2026-08-17
NIFTY,2026-10-27,25750.0,PE,0.0,0.0,0.0,1149.95,1426.3,0,0.0,260,0,2026-08-17
NIFTY,2026-10-27,25900.0,PE,0.0,0.0,0.0,1231.5,1538.16,0,0.0,65,0,2026-08-17
NIFTY,2026-10-27,26150.0,PE,1572.65,1572.65,1400.0,1400.0,1400.0,3,5383472.25,195,195,2026-08-17
NIFTY,2026-12-29,13000.0,PE,0.0,0.0,0.0,7.5,0.0,0,0.0,8200,0,2026-08-17
NIFTY,2026-12-29,26000.0,PE,1260.0,1316.0,1208.6,1230.7,1230.7,734,1301036974.25,1387150,6170,2026-08-17
NIFTY,2027-03-30,19500.0,PE,55.85,57.85,54.55,57.6,57.6,75,95337086.0,77610,-195,2026-08-17
NIFTY,2028-12-26,27000.0,PE,1655.0,1655.0,1655.0,1655.0,1848.86,1,1862575.0,12970,-65,2026-08-17
NIFTY,2028-12-26,28500.0,PE,0.0,0.0,0.0,1451.15,2512.28,0,0.0,0,0,2026-08-17
NIFTY,2029-06-26,24000.0,PE,0.0,0.0,0.0,825.0,846.04,0,0.0,155,0,2026-08-17
NIFTY,2029-12-24,25500.0,PE,0.0,0.0,0.0,597.3,1186.51,0,0.0,0,0,2026-08-17
NIFTY,2029-12-24,31500.0,PE,0.0,0.0,0.0,2240.25,3490.95,0,0.0,0,0,2026-08-17
NIFTY,2030-06-25,21000.0,PE,0.0,0.0,0.0,220.0,335.06,0,0.0,65,0,2026-08-17
NIFTY,2030-06-25,25500.0,PE,0.0,0.0,0.0,568.55,1127.71,0,0.0,0,0,2026-08-17
NIFTY,2030-12-31,21000.0,PE,0.0,0.0,0.0,455.05,333.76,0,0.0,780,0,2026-08-17
NIFTY,2026-09-15,25400.0,PE,0.0,0.0,0.0,992.45,1113.97,0,0.0,0,0,2026-08-17
NIFTY,2026-09-15,25250.0,PE,0.0,0.0,0.0,885.25,995.38,0,0.0,0,0,2026-08-17
NIFTY,2026-08-18,26900.0,CE,1.1,1.15,0.2,0.3,0.3,4533,7926078156.75,53625,-25805,2026-08-17
NIFTY,2026-09-29,22350.0,PE,21.95,22.0,18.9,18.9,29.85,27,39261660.75,5850,0,2026-08-17
NIFTY,2026-09-29,22750.0,PE,30.45,33.25,22.1,27.8,27.8,82,121415602.75,11830,-1235,2026-08-17
NIFTY,2026-09-29,23200.0,PE,54.05,59.0,44.8,46.45,46.45,6415,9694681951.5,501150,8190,2026-08-17
NIFTY,2026-09-29,23450.0,PE,76.6,84.55,63.75,66.4,66.4,400,611507078.0,31590,260,2026-08-17
NIFTY,2026-09-29,24050.0,PE,184.05,202.35,158.15,159.9,159.9,487,767014488.5,17095,-6435,2026-08-17
NIFTY,2026-09-29,24150.0,PE,194.7,233.55,183.95,192.8,192.8,181,286542652.5,22425,1430,2026-08-17
NIFTY,2026-09-15,24850.0,PE,0.0,0.0,0.0,629.7,708.49,0,0.0,0,0,2026-08-17
NIFTY,2026-09-15,24650.0,PE,0.0,0.0,0.0,353.15,583.55,0,0.0,130,0,2026-08-17
NIFTY,2026-09-15,23750.0,PE,0.0,0.0,0.0,177.95,191.25,0,0.0,0,0,2026-08-17
NIFTY,2026-09-15,22650.0,PE,0.0,0.0,0.0,26.95,24.7,0,0.0,0,0,2026-08-17
NIFTY,2026-09-08,25400.0,PE,0.0,0.0,0.0,896.85,1100.33,0,0.0,0,0,2026-08-17
NIFTY,2026-09-08,24900.0,PE,580.0,595.0,502.85,504.85,504.85,24,39691297.75,1950,780,2026-08-17
NIFTY,2026-09-08,24750.0,PE,0.0,0.0,0.0,385.8,607.72,0,0.0,2210,0,2026-08-17
NIFTY,2026-09-08,24550.0,PE,355.0,359.95,273.7,295.0,295.0,79,127628182.5,4355,-2210,2026-08-17
NIFTY,2026-09-08,23800.0,PE,0.0,0.0,0.0,161.95,165.3,0,0.0,0,0,2026-08-17
NIFTY,2026-09-29,24900.0,PE,559.45,613.5,516.1,523.6,523.6,167,276511686.75,60775,975,2026-08-17
NIFTY,2026-09-29,25250.0,PE,884.0,884.0,884.0,884.0,1021.85,1,1698710.0,325,0,2026-08-17
NIFTY,2026-09-29,25900.0,PE,0.0,0.0,0.0,1077.7,1530.43,0,0.0,780,0,2026-08-17
NIFTY,2026-09-08,23400.0,PE,0.0,0.0,0.0,87.95,78.31,0,0.0,0,0,2026-08-17
NIFTY,2026-09-08,23350.0,PE,24.6,28.5,18.85,20.7,20.7,303,460341683.75,31980,6370,2026-08-17
NIFTY,2026-09-08,22850.0,PE,0.0,0.0,0.0,11.6,22.06,0,0.0,4550,0,2026-08-17
NIFTY,2026-09-01,27050.0,PE,0.0,0.0,0.0,2693.45,2695.25,0,0.0,0,0,2026-08-17
NIFTY,2026-09-01,26750.0,PE,0.0,0.0,0.0,2407.3,2396.41,0,0.0,0,0,2026-08-17
NIFTY,2026-09-01,26350.0,PE,0.0,0.0,0.0,2035.25,1999.32,0,0.0,0,0,2026-08-17
NIFTY,2026-09-01,25450.0,PE,0.0,0.0,0.0,1266.1,1134.64,0,0.0,0,0,2026-08-17
NIFTY,2026-09-01,24550.0,PE,299.95,333.0,246.05,263.4,263.4,375,605350733.0,11115,1040,2026-08-17
NIFTY,2026-09-01,23850.0,PE,39.45,58.45,34.5,37.4,37.4,1278,1984868408.25,41665,21060,2026-08-17
NIFTY,2026-09-01,22650.0,PE,5.45,5.45,4.65,4.65,4.18,15,22088758.25,1625,-455,2026-08-17
NIFTY,2026-09-01,22200.0,PE,4.1,4.55,3.55,4.3,4.3,136,196286008.75,15860,4745,2026-08-17
NIFTY,2026-08-25,27050.0,PE,0.0,0.0,0.0,2847.45,2726.45,0,0.0,0,0,2026-08-17
NIFTY,2026-08-25,26950.0,PE,0.0,0.0,0.0,2758.95,2626.58,0,0.0,0,0,2026-08-17
NIFTY,2026-08-25,26700.0,PE,0.0,0.0,0.0,2541.2,2376.92,0,0.0,0,0,2026-08-17
NIFTY,2026-08-25,26450.0,PE,0.0,0.0,0.0,2328.9,2127.29,0,0.0,0,0,2026-08-17
NIFTY,2026-08-25,26150.0,PE,0.0,0.0,0.0,2082.5,1827.89,0,0.0,0,0,2026-08-17
NIFTY,2026-08-25,25850.0,PE,0.0,0.0,0.0,1150.0,1529.23,0,0.0,585,0,2026-08-17
NIFTY,2026-08-25,25750.0,PE,0.0,0.0,0.0,1105.0,1430.11,0,0.0,195,0,2026-08-17
NIFTY,2026-08-25,25450.0,PE,1150.0,1150.0,1150.0,1150.0,1135.88,1,1729000.0,1105,65,2026-08-17
NIFTY,2026-08-25,24850.0,PE,505.0,565.0,442.1,475.3,475.3,238,392140498.75,52195,-6110,2026-08-17
NIFTY,2026-08-25,24800.0,PE,426.75,530.0,397.3,425.6,425.6,4078,6693483537.0,591500,25025,2026-08-17
NIFTY,2026-08-25,24700.0,PE,358.25,440.0,316.4,335.15,335.15,22221,36208534703.25,1147640,45370,2026-08-17
NIFTY,2026-08-25,24250.0,PE,90.0,136.35,74.4,82.6,82.6,87109,137882076234.5,928070,493350,2026-08-17
NIFTY,2026-08-25,23850.0,PE,18.2,29.2,13.35,15.35,15.35,45601,70749379905.75,876460,189280,2026-08-17
NIFTY,2026-08-25,23700.0,PE,11.0,15.85,7.9,8.75,8.75,195596,301450221536.75,4264130,1570790,2026-08-17
NIFTY,2026-08-25,22900.0,PE,2.65,3.65,2.65,3.3,3.3,10256,15268234806.5,367055,77480,2026-08-17
NIFTY,2026-08-25,21900.0,PE,2.4,2.45,1.6,1.75,1.75,946,1346741792.5,41275,650,2026-08-17
NIFTY,2026-08-25,21750.0,PE,1.35,2.1,1.35,1.9,1.9,39,55140185.75,2925,-390,2026-08-17
NIFTY,2026-08-25,21700.0,PE,1.6,1.95,1.35,1.65,1.65,1674,2361351762.25,77480,455,2026-08-17
NIFTY,2026-08-25,21600.0,PE,1.5,1.8,1.3,1.6,1.6,2249,3157821475.25,95875,50115,2026-08-17
NIFTY,2026-08-18,27200.0,PE,0.0,0.0,0.0,2997.3,2907.83,0,0.0,0,0,2026-08-17
NIFTY,2026-09-29,26450.0,PE,0.0,0.0,0.0,2346.8,2014.43,0,0.0,0,0,2026-08-17
NIFTY,2026-10-27,22600.0,PE,48.25,49.0,43.5,43.5,43.5,34,50051010.75,6045,-390,2026-08-17
NIFTY,2026-08-18,26200.0,PE,0.0,0.0,0.0,1677.0,1908.0,0,0.0,65,0,2026-08-17
NIFTY,2026-08-18,24900.0,PE,571.7,648.75,504.25,533.2,533.2,7875,13046464843.75,117845,-193505,2026-08-17
NIFTY,2026-08-18,24650.0,PE,307.0,400.0,258.5,287.5,287.5,34658,56217231258.5,166920,-124345,2026-08-17
NIFTY,2026-08-25,21600.0,CE,0.0,0.0,0.0,2713.65,2716.32,0,0.0,0,0,2026-08-17
NIFTY,2026-08-18,23750.0,PE,3.0,3.0,1.05,1.35,1.35,520603,803739585187.5,1487915,99905,2026-08-17
NIFTY,2031-06-24,16500.0,CE,0.0,0.0,0.0,11849.25,12342.35,0,0.0,0,0,2026-08-17
NIFTY,2030-12-31,24000.0,CE,0.0,0.0,0.0,8563.3,7028.43,0,0.0,0,0,2026-08-17
NIFTY,2030-06-25,25500.0,CE,0.0,0.0,0.0,7070.45,5608.86,0,0.0,0,0,2026-08-17
NIFTY,2029-12-24,19500.0,CE,0.0,0.0,0.0,10678.8,8823.99,0,0.0,0,0,2026-08-17
NIFTY,2029-06-26,19500.0,CE,0.0,0.0,0.0,10206.95,8294.05,0,0.0,0,0,2026-08-17
NIFTY,2028-06-27,16500.0,CE,0.0,0.0,0.0,11752.8,9700.15,0,0.0,0,0,2026-08-17
NIFTY,2027-12-28,31500.0,CE,0.0,0.0,0.0,195.0,520.41,0,0.0,2145,0,2026-08-17
NIFTY,2027-12-28,30000.0,CE,376.25,385.55,370.5,374.6,374.6,108,213251447.5,120965,520,2026-08-17
NIFTY,2027-12-28,26000.0,CE,1696.95,1789.5,1660.0,1707.9,1707.9,38,68444138.75,69395,845,2026-08-17
NIFTY,2027-12-28,25000.0,CE,2203.9,2304.0,2203.9,2294.4,2604.18,19,33683624.0,35760,910,2026-08-17
NIFTY,2027-06-29,28500.0,CE,0.0,0.0,0.0,1711.9,583.61,0,0.0,0,0,2026-08-17
NIFTY,2026-12-29,28000.0,CE,40.0,40.0,34.7,36.6,36.6,4102,7475393955.25,1594540,16850,2026-08-17
NIFTY,2026-10-27,27100.0,CE,0.0,0.0,0.0,101.3,78.25,0,0.0,0,0,2026-08-17
NIFTY,2026-10-27,27000.0,CE,13.0,14.65,11.15,12.2,12.2,1762,3093712739.0,166335,7670,2026-08-17
NIFTY,2026-10-27,26850.0,CE,0.0,0.0,0.0,126.7,101.89,0,0.0,0,0,2026-08-17
NIFTY,2026-10-27,26050.0,CE,0.0,0.0,0.0,247.25,221.79,0,0.0,0,0,2026-08-17
NIFTY,2026-10-27,25400.0,CE,157.35,167.0,142.3,154.35,154.35,664,1102823530.25,44330,16965,2026-08-17
NIFTY,2026-10-27,25000.0,CE,302.45,302.55,260.25,288.05,288.05,4810,7903664720.25,439335,60190,2026-08-17
NIFTY,2026-10-27,24950.0,CE,0.0,0.0,0.0,415.0,547.55,0,0.0,2925,0,2026-08-17
NIFTY,2026-10-27,24800.0,CE,366.95,389.25,339.95,375.3,375.3,481,786769142.25,22880,5070,2026-08-17
NIFTY,2026-10-27,22750.0,PE,0.0,0.0,0.0,228.35,121.73,0,0.0,0,0,2026-08-17
NIFTY,2028-12-26,20000.0,PE,284.05,294.95,279.0,279.0,196.68,6,7911150.0,3875,195,2026-08-17
NIFTY,2030-06-25,31500.0,PE,0.0,0.0,0.0,2056.3,3216.96,0,0.0,0,0,2026-08-17
NIFTY,2031-06-24,21000.0,PE,0.0,0.0,0.0,450.5,329.36,0,0.0,0,0,2026-08-17
NIFTY,2026-09-01,22400.0,CE,0.0,0.0,0.0,1986.25,1944.92,0,0.0,0,0,2026-08-17
NIFTY,2026-08-25,26750.0,CE,0.0,0.0,0.0,0.55,0.01,0,0.0,4615,0,2026-08-17
NIFTY,2026-09-15,24350.0,CE,329.15,366.0,301.0,360.0,360.0,42,67413927.75,3055,975,2026-08-17
NIFTY,2026-09-15,24000.0,CE,570.0,620.0,525.0,602.5,675.4,14,22342547.5,975,650,2026-08-17
NIFTY,2026-09-15,23400.0,CE,0.0,0.0,0.0,1312.7,1109.46,0,0.0,0,0,2026-08-17
NIFTY,2026-09-08,26350.0,CE,3.2,3.2,2.9,2.9,10.5,14,23981308.0,650,65,2026-08-17
NIFTY,2026-09-08,22950.0,PE,0.0,0.0,0.0,13.45,28.4,0,0.0,650,0,2026-08-17
NIFTY,2026-08-18,22550.0,CE,0.0,0.0,0.0,1684.2,1741.39,0,0.0,0,0,2026-08-17
NIFTY,2026-08-18,23750.0,CE,572.15,646.15,506.45,619.0,619.0,737,1165391041.75,23595,13910,2026-08-17
NIFTY,2026-08-18,25500.0,CE,0.85,0.95,0.4,0.5,0.5,516249,855705359697.5,5549180,-2902510,2026-08-17
NIFTY,2026-08-18,25900.0,CE,0.55,1.05,0.3,0.35,0.35,72215,121576300111.5,971100,-1394770,2026-08-17
NIFTY,2026-08-25,21850.0,CE,0.0,0.0,0.0,2494.1,2466.65,0,0.0,0,0,2026-08-17
NIFTY,2026-08-25,21950.0,CE,0.0,0.0,0.0,2408.05,2366.79,0,0.0,0,0,2026-08-17
NIFTY,2026-08-25,22750.0,CE,0.0,0.0,0.0,1318.8,1568.38,0,0.0,1300,0,2026-08-17
NIFTY,2026-08-25,23100.0,CE,1268.0,1301.05,1268.0,1301.05,1301.05,3,4753908.25,5200,65,2026-08-17
NIFTY,2026-08-25,23250.0,CE,0.0,0.0,0.0,1120.0,1075.84,0,0.0,910,0,2026-08-17
NIFTY,2026-08-25,23350.0,CE,1066.3,1066.3,1054.55,1054.65,1054.65,7,11105100.5,1235,0,2026-08-17
NIFTY,2026-08-25,23550.0,CE,774.45,857.5,774.45,857.05,857.05,8,12686290.5,5850,130,2026-08-17
NIFTY,2026-08-25,23700.0,CE,686.0,734.05,600.0,698.2,698.2,615,974136530.25,173615,910,2026-08-17
NIFTY,2026-08-25,24000.0,CE,424.0,457.65,338.5,428.35,428.35,30329,48088009794.5,5773885,193635,2026-08-17
NIFTY,2026-08-25,24550.0,CE,90.0,92.9,52.45,71.45,71.45,65643,105046980057.5,874055,390715,2026-08-17
NIFTY,2026-08-25,24600.0,CE,89.4,89.4,41.2,59.05,59.05,217063,347883608494.5,4569240,1541215,2026-08-17
NIFTY,2026-08-25,24750.0,CE,41.25,41.25,20.4,27.55,27.55,65097,104840370768.25,764075,149890,2026-08-17
NIFTY,2026-08-25,25000.0,CE,15.55,15.8,7.25,8.2,8.2,273401,444433369087.5,10592010,1770600,2026-08-17
NIFTY,2026-09-29,22150.0,CE,0.0,0.0,0.0,2200.35,2328.1,0,0.0,0,0,2026-08-17
NIFTY,2026-08-25,25750.0,CE,1.1,1.55,1.0,1.1,1.1,10210,17089746264.5,298740,95745,2026-08-17
NIFTY,2026-08-25,26650.0,CE,0.6,0.65,0.6,0.6,0.6,5,8661451.5,6825,0,2026-08-17
NIFTY,2026-08-25,27000.0,CE,0.75,0.75,0.45,0.6,0.6,1753,3076581066.0,82875,-18785,2026-08-17
NIFTY,2026-09-01,22500.0,CE,0.0,0.0,0.0,2150.0,1845.95,0,0.0,0,0,2026-08-17
NIFTY,2026-09-01,22750.0,CE,0.0,0.0,0.0,1672.8,1600.28,0,0.0,0,0,2026-08-17
NIFTY,2026-09-01,23850.0,CE,0.0,0.0,0.0,630.0,627.7,0,0.0,65,0,2026-08-17
NIFTY,2026-09-01,24550.0,CE,132.85,158.8,110.0,139.0,139.0,2316,3716493927.25,47645,19955,2026-08-17
NIFTY,2026-09-01,25250.0,CE,0.0,0.0,0.0,227.15,57.67,0,0.0,0,0,2026-08-17
NIFTY,2026-09-01,26050.0,CE,2.85,3.1,2.25,2.25,6.63,35,59269980.25,1820,845,2026-08-17
NIFTY,2026-09-01,26450.0,CE,1.85,1.85,1.45,1.75,1.75,34,58457860.5,1495,455,2026-08-17
NIFTY,2026-09-01,27100.0,CE,0.0,0.0,0.0,1.0,0.15,0,0.0,1690,0,2026-08-17
NIFTY,2026-09-08,23100.0,CE,0.0,0.0,0.0,1701.65,1312.57,0,0.0,0,0,2026-08-17
NIFTY,2026-09-08,24550.0,CE,183.35,209.55,158.95,192.95,192.95,175,281261672.25,8515,3185,2026-08-17
NIFTY,2026-09-08,25500.0,CE,0.0,0.0,0.0,230.65,66.79,0,0.0,0,0,2026-08-17
NIFTY,2030-06-25,33000.0,PE,0.0,0.0,0.0,3143.9,3917.47,0,0.0,0,0,2026-08-17
NIFTY,2030-06-25,19500.0,PE,0.0,0.0,0.0,64.95,196.6,0,0.0,0,0,2026-08-17
NIFTY,2030-06-25,16500.0,PE,0.0,0.0,0.0,12.0,50.78,0,0.0,0,0,2026-08-17
NIFTY,2029-06-26,31500.0,PE,0.0,0.0,0.0,2443.35,3795.85,0,0.0,0,0,2026-08-17
NIFTY,2029-06-26,21000.0,PE,0.0,0.0,0.0,320.25,321.78,0,0.0,0,0,2026-08-17
NIFTY,2028-12-26,33000.0,PE,0.0,0.0,0.0,3315.4,5094.24,0,0.0,0,0,2026-08-17
NIFTY,2028-12-26,25000.0,PE,0.0,0.0,0.0,955.1,1138.96,0,0.0,6010,0,2026-08-17
NIFTY,2028-12-26,18000.0,PE,0.0,0.0,0.0,250.0,70.05,0,0.0,75,0,2026-08-17
NIFTY,2028-06-27,21000.0,PE,0.0,0.0,0.0,907.2,271.69,0,0.0,0,0,2026-08-17
NIFTY,2027-12-28,22000.0,PE,325.0,339.0,322.0,324.0,324.0,49,71117241.0,38045,1495,2026-08-17
NIFTY,2027-12-28,15000.0,PE,0.0,0.0,0.0,21.7,1.46,0,0.0,755,0,2026-08-17
NIFTY,2027-06-29,31500.0,PE,0.0,0.0,0.0,3604.7,5652.01,0,0.0,0,0,2026-08-17
NIFTY,2027-06-29,24000.0,PE,520.0,553.35,493.5,499.5,499.5,79,125901815.0,18785,4420,2026-08-17
NIFTY,2027-03-30,31500.0,PE,0.0,0.0,0.0,7066.15,6029.73,0,0.0,0,0,2026-08-17
NIFTY,2027-03-30,30000.0,PE,0.0,0.0,0.0,4375.0,4673.29,0,0.0,3055,0,2026-08-17
NIFTY,2027-03-30,25500.0,PE,942.95,975.0,906.05,915.0,915.0,241,414164305.75,149890,2795,2026-08-17
NIFTY,2026-12-29,28500.0,PE,0.0,0.0,0.0,3320.25,3638.19,0,0.0,130,0,2026-08-17
NIFTY,2026-12-29,25000.0,PE,659.8,708.9,637.0,652.8,652.8,2523,4210074235.25,2098310,-2015,2026-08-17
NIFTY,2026-12-29,19500.0,PE,33.75,33.75,30.35,31.05,31.05,211,267867479.75,135460,650,2026-08-17
NIFTY,2026-10-27,26700.0,PE,0.0,0.0,0.0,2458.1,2193.13,0,0.0,0,0,2026-08-17
NIFTY,2026-10-27,26350.0,PE,0.0,0.0,0.0,2163.0,1896.43,0,0.0,0,0,2026-08-17
NIFTY,2026-10-27,26200.0,PE,0.0,0.0,0.0,2040.5,1773.84,0,0.0,0,0,2026-08-17
NIFTY,2026-10-27,22500.0,PE,45.35,45.95,39.25,40.3,40.3,2664,3903363883.25,235300,6305,2026-08-17
NIFTY,2026-09-29,26700.0,PE,0.0,0.0,0.0,2560.85,2245.39,0,0.0,0,0,2026-08-17
NIFTY,2026-09-29,25350.0,PE,0.0,0.0,0.0,1488.65,1094.36,0,0.0,0,0,2026-08-17
NIFTY,2026-09-29,25150.0,PE,0.0,0.0,0.0,659.95,951.68,0,0.0,1300,0,2026-08-17
NIFTY,2026-09-29,24350.0,PE,283.2,311.4,247.0,259.25,259.25,780,1248534716.0,41080,15015,2026-08-17
NIFTY,2026-09-29,23850.0,PE,135.05,151.65,116.75,121.45,121.45,293,456778803.0,35880,2405,2026-08-17
NIFTY,2026-09-29,23300.0,PE,61.25,68.6,51.25,54.65,54.65,5169,7848113110.5,426270,9945,2026-08-17
NIFTY,2026-09-29,18000.0,PE,2.7,3.75,2.05,2.55,2.55,949,1110501353.0,976690,2860,2026-08-17
NIFTY,2026-09-15,25850.0,PE,0.0,0.0,0.0,1345.95,1497.99,0,0.0,0,0,2026-08-17
NIFTY,2026-09-15,24950.0,PE,0.0,0.0,0.0,689.2,775.77,0,0.0,0,0,2026-08-17
NIFTY,2026-09-15,24050.0,PE,0.0,0.0,0.0,264.95,291.2,0,0.0,0,0,2026-08-17
NIFTY,2026-09-15,23900.0,PE,0.0,0.0,0.0,218.25,237.55,0,0.0,0,0,2026-08-17
NIFTY,2026-09-15,23500.0,PE,0.0,0.0,0.0,123.25,129.42,0,0.0,0,0,2026-08-17
NIFTY,2026-09-15,23050.0,PE,0.0,0.0,0.0,58.25,57.57,0,0.0,0,0,2026-08-17
NIFTY,2026-09-08,25650.0,PE,0.0,0.0,0.0,1079.4,1318.64,0,0.0,0,0,2026-08-17
NIFTY,2026-09-08,23650.0,PE,42.7,56.5,37.3,39.4,39.4,226,348128823.25,18070,7150,2026-08-17
NIFTY,2026-09-08,22700.0,PE,8.5,9.75,7.65,8.15,8.15,66,97419946.0,4680,2470,2026-08-17
NIFTY,2026-09-01,27150.0,PE,0.0,0.0,0.0,2789.8,2794.94,0,0.0,0,0,2026-08-17
NIFTY,2026-09-01,26400.0,PE,0.0,0.0,0.0,2081.0,2048.8,0,0.0,0,0,2026-08-17
NIFTY,2026-09-01,26000.0,PE,1628.0,1655.0,1620.2,1655.0,1655.41,7,12574003.0,455,260,2026-08-17
NIFTY,2026-09-01,25050.0,PE,0.0,0.0,0.0,970.45,790.02,0,0.0,0,0,2026-08-17
NIFTY,2026-09-01,24450.0,PE,239.0,272.2,194.0,207.6,207.6,900,1443377013.0,34840,19370,2026-08-17
NIFTY,2026-09-01,24000.0,PE,70.15,89.0,54.5,58.65,58.65,14517,22711034001.5,468195,129220,2026-08-17
NIFTY,2026-09-01,23350.0,PE,0.0,0.0,0.0,182.25,39.74,0,0.0,0,0,2026-08-17
NIFTY,2026-09-01,23300.0,PE,11.95,13.05,9.0,9.55,9.55,4184,6339636475.25,118170,-37895,2026-08-17
NIFTY,2026-09-01,23250.0,PE,10.55,11.65,8.25,8.75,8.75,182,275161227.25,7670,780,2026-08-17
NIFTY,2026-09-01,22150.0,PE,2.75,4.55,2.75,4.1,4.1,38,54719499.25,1950,845,2026-08-17
NIFTY,2026-09-01,22100.0,PE,3.2,4.35,3.2,4.1,4.1,410,589075493.5,46215,21060,2026-08-17
NIFTY,2026-09-01,22050.0,PE,0.0,0.0,0.0,4.3,0.32,0,0.0,910,0,2026-08-17
NIFTY,2026-08-25,26200.0,PE,1979.8,1979.8,1838.0,1838.0,1877.76,4,7308314.0,43940,-260,2026-08-17
NIFTY,2026-08-25,25100.0,PE,753.9,811.5,681.6,702.0,702.0,219,367513402.75,70720,7150,2026-08-17
NIFTY,2026-08-25,24450.0,PE,210.0,247.0,154.55,168.9,168.9,28046,44916887408.25,605410,-63635,2026-08-17
NIFTY,2026-08-25,23550.0,PE,7.4,9.45,5.75,6.4,6.4,18011,27578433801.75,442325,-28470,2026-08-17
NIFTY,2026-08-25,23400.0,PE,5.65,6.4,0.05,5.1,5.1,66431,101064167795.5,1176370,266825,2026-08-17
