SYMBOL,EXPIRY_DT,STRIKE_PR,OPTION_TYP,OPEN,HIGH,LOW,CLOSE,SETTLE_PR,CONTRACTS,VAL_INLAKH,OPEN_INT,CHG_IN_OI,TIMESTAMP
NIFTY,2026-10-27,20750.0,PE,17.4,41.4,17.4,26.4,26.4,752,1015745532.75,12480,4290,2026-10-01
NIFTY,2026-10-19,24950.0,PE,0.0,0.0,0.0,1732.7,2455.7,0,0.0,0,0,2026-10-01
NIFTY,2026-10-19,23050.0,PE,509.25,751.45,495.45,604.1,604.1,47,72135258.0,3185,-650,2026-10-01
NIFTY,2026-10-19,22350.0,PE,154.3,323.15,135.8,206.2,206.2,1735,2547507498.25,12935,130,2026-10-01
NIFTY,2026-10-19,22300.0,PE,142.05,301.8,122.1,189.75,189.75,7060,10338170420.5,45760,12090,2026-10-01
NIFTY,2026-10-19,22100.0,PE,84.25,221.55,81.9,131.9,131.9,1397,2020577932.75,18785,3900,2026-10-01
NIFTY,2026-10-19,21050.0,PE,0.0,0.0,0.0,8.1,9.05,0,0.0,0,0,2026-10-01
NIFTY,2026-10-19,20600.0,PE,12.6,13.8,12.6,13.8,1.58,19,25457045.25,715,715,2026-10-01
NIFTY,2026-10-13,25150.0,PE,0.0,0.0,0.0,1450.15,2679.15,0,0.0,0,0,2026-10-01
NIFTY,2026-10-13,24500.0,PE,1880.0,2205.85,1831.8,1989.75,1989.75,128,220667963.75,11115,-65,2026-10-01
NIFTY,2026-10-13,24350.0,PE,0.0,0.0,0.0,1430.0,1881.21,0,0.0,520,0,2026-10-01
NIFTY,2026-10-13,24200.0,PE,1558.0,1803.3,1548.2,1803.3,1732.02,48,80628382.25,3835,455,2026-10-01
NIFTY,2026-10-13,24100.0,PE,1500.0,1761.05,1439.55,1595.5,1595.5,113,188235713.25,13325,-1235,2026-10-01
NIFTY,2026-10-13,24000.0,PE,1350.45,1670.0,1341.0,1497.25,1497.25,804,1334229195.0,66950,37115,2026-10-01
NIFTY,2026-10-13,24700.0,CE,1.5,2.5,1.15,1.4,1.4,13112,21052484082.5,294905,22555,2026-10-01
NIFTY,2026-10-13,24950.0,CE,1.2,1.55,1.05,1.15,1.15,783,1269886806.5,28015,15080,2026-10-01
NIFTY,2026-10-19,20300.0,CE,0.0,0.0,0.0,2930.35,2181.53,0,0.0,0,0,2026-10-01
NIFTY,2026-10-19,20500.0,CE,0.0,0.0,0.0,2732.2,1982.73,0,0.0,0,0,2026-10-01
NIFTY,2026-10-19,20750.0,CE,0.0,0.0,0.0,2485.4,1735.38,0,0.0,0,0,2026-10-01
NIFTY,2026-10-19,20800.0,CE,0.0,0.0,0.0,2436.25,1686.17,0,0.0,0,0,2026-10-01
NIFTY,2026-10-19,21050.0,CE,0.0,0.0,0.0,2191.7,1442.37,0,0.0,0,0,2026-10-01
NIFTY,2026-10-19,22300.0,CE,467.0,485.0,309.85,399.4,399.4,1565,2305734070.25,19305,18265,2026-10-01
NIFTY,2026-10-19,22350.0,CE,452.05,457.7,285.75,369.25,369.25,626,922876607.25,8385,7865,2026-10-01
NIFTY,2026-10-19,23300.0,CE,49.25,55.45,33.95,39.8,39.8,5782,8772891179.0,149630,46280,2026-10-01
NIFTY,2026-10-19,23750.0,CE,19.45,21.8,10.65,17.15,17.15,80,123583216.25,3640,1755,2026-10-01
NIFTY,2026-10-19,24100.0,CE,22.1,22.1,7.1,7.5,7.5,3322,5205700487.0,56030,-16835,2026-10-01
NIFTY,2026-10-19,24150.0,CE,8.0,8.6,5.7,8.6,8.6,65,102065024.75,5265,910,2026-10-01
NIFTY,2026-10-19,24850.0,CE,4.5,4.5,4.5,4.5,0.56,1,1615542.5,2015,0,2026-10-01
NIFTY,2026-10-27,20300.0,CE,0.0,0.0,0.0,3999.95,2209.5,0,0.0,0,0,2026-10-01
NIFTY,2026-10-27,21600.0,CE,918.65,1012.9,888.25,1009.65,1009.65,19,27809531.75,1040,195,2026-10-01
NIFTY,2026-10-27,22050.0,CE,725.0,727.15,527.75,640.65,640.65,270,397634055.0,8970,8970,2026-10-01
NIFTY,2026-10-27,23000.0,CE,150.1,172.0,107.95,133.45,133.45,172176,258908881023.0,6314360,863330,2026-10-01
NIFTY,2026-10-27,23050.0,CE,140.55,151.75,97.2,119.8,119.8,4665,7025806092.5,145015,22490,2026-10-01
NIFTY,2026-10-27,25050.0,CE,6.45,7.4,4.6,5.45,5.45,114,185658239.0,158795,1625,2026-10-01
NIFTY,2026-10-13,23150.0,PE,580.95,891.75,552.0,688.25,688.25,366,566869472.0,10790,-5980,2026-10-01
NIFTY,2026-10-13,22150.0,PE,63.65,195.15,58.6,101.15,101.15,12415,17971679196.25,75725,24375,2026-10-01
NIFTY,2026-10-13,22000.0,PE,53.0,145.45,40.0,72.2,72.2,103217,148163316031.25,1344980,528970,2026-10-01
NIFTY,2026-10-13,21900.0,PE,40.7,119.05,31.25,56.45,56.45,30744,43894947352.75,362375,32565,2026-10-01
NIFTY,2026-10-13,20600.0,PE,4.75,11.45,3.9,5.95,5.95,10384,13908677068.0,144625,103740,2026-10-01
NIFTY,2026-10-13,20350.0,PE,5.5,5.5,4.1,4.1,4.1,9,11907876.5,455,455,2026-10-01
NIFTY,2026-10-27,25150.0,CE,5.95,5.95,4.25,4.65,1.41,84,137343183.25,16640,-1170,2026-10-01
NIFTY,2026-10-27,25650.0,CE,0.0,0.0,0.0,2.65,0.29,0,0.0,4290,0,2026-10-01
NIFTY,2026-10-27,27200.0,CE,0.7,0.8,0.65,0.65,0.65,54,95474671.5,56875,-2795,2026-10-01
NIFTY,2026-11-03,20650.0,CE,0.0,0.0,0.0,2822.75,1903.2,0,0.0,0,0,2026-10-01
NIFTY,2026-11-03,20900.0,CE,0.0,0.0,0.0,2577.35,1665.95,0,0.0,0,0,2026-10-01
NIFTY,2026-11-03,21200.0,CE,0.0,0.0,0.0,2285.9,1391.14,0,0.0,0,0,2026-10-01
NIFTY,2026-11-03,22650.0,CE,374.85,384.15,291.8,318.2,318.2,81,120969641.0,1690,780,2026-10-01
NIFTY,2026-11-03,22700.0,CE,341.2,361.0,242.4,300.55,300.55,348,520190911.5,10205,3770,2026-10-01
NIFTY,2026-11-03,23400.0,CE,101.85,101.85,71.4,89.0,89.0,148,225939675.0,5330,-910,2026-10-01
NIFTY,2026-11-03,24250.0,CE,0.0,0.0,0.0,214.4,30.92,0,0.0,0,0,2026-10-01
NIFTY,2026-11-03,25150.0,CE,0.0,0.0,0.0,10.45,4.3,0,0.0,1235,0,2026-10-01
NIFTY,2026-11-23,20100.0,CE,0.0,0.0,0.0,4536.15,2518.51,0,0.0,0,0,2026-10-01
NIFTY,2026-11-23,20600.0,CE,0.0,0.0,0.0,4048.2,2044.56,0,0.0,0,0,2026-10-01
NIFTY,2026-11-23,20900.0,CE,0.0,0.0,0.0,3757.7,1771.33,0,0.0,0,0,2026-10-01
NIFTY,2026-11-23,21700.0,CE,0.0,0.0,0.0,2999.2,1112.84,0,0.0,0,0,2026-10-01
NIFTY,2026-11-23,22700.0,CE,484.3,490.55,356.0,424.8,424.8,2099,3155476476.75,64935,8905,2026-10-01
NIFTY,2026-11-23,23100.0,CE,281.05,296.95,211.9,252.1,252.1,3233,4906834361.0,283140,6110,2026-10-01
NIFTY,2026-11-23,23400.0,CE,200.35,200.35,139.1,164.8,164.8,4325,6624360587.0,176280,11830,2026-10-01
NIFTY,2026-11-23,23450.0,CE,168.8,175.6,131.0,154.3,154.3,656,1006428985.25,23595,9750,2026-10-01
NIFTY,2026-11-23,23600.0,CE,130.3,141.5,102.95,123.35,123.35,4826,7440402953.75,164385,54275,2026-10-01
NIFTY,2026-11-23,24250.0,CE,47.2,53.6,38.6,51.0,51.0,214,337956882.25,9620,-975,2026-10-01
NIFTY,2026-11-23,24600.0,CE,33.1,36.45,26.0,33.8,33.8,1504,2407969297.5,46085,-11895,2026-10-01
NIFTY,2026-11-23,25450.0,CE,13.15,14.0,12.5,14.0,14.23,20,33101961.75,910,455,2026-10-01
NIFTY,2026-11-23,25550.0,CE,12.6,12.75,11.6,12.75,12.0,14,23261244.5,780,130,2026-10-01
NIFTY,2026-12-29,16000.0,CE,6650.0,6650.0,6408.0,6430.0,6430.0,9,13142090.0,1105,585,2026-10-01
NIFTY,2026-10-06,25700.0,PE,0.0,0.0,0.0,2575.0,3257.22,0,0.0,715,0,2026-10-01
NIFTY,2026-10-06,24950.0,PE,0.0,0.0,0.0,1475.85,2507.82,0,0.0,65,0,2026-10-01
NIFTY,2026-10-06,24500.0,PE,1930.0,2191.25,1869.05,2048.55,2048.55,957,1649703510.0,309530,-49985,2026-10-01
NIFTY,2026-10-06,24150.0,PE,0.0,0.0,0.0,1416.35,1708.48,0,0.0,2145,0,2026-10-01
NIFTY,2026-10-06,23750.0,PE,1180.35,1445.3,1125.55,1277.9,1277.9,93,150848763.0,4485,-2015,2026-10-01
NIFTY,2026-10-06,23250.0,PE,696.75,982.05,625.0,783.75,783.75,2121,3309165639.0,270140,-11700,2026-10-01
NIFTY,2026-10-06,23100.0,PE,525.0,845.4,480.0,643.4,643.4,14110,21758574688.5,1083160,-206310,2026-10-01
NIFTY,2026-10-06,22750.0,PE,224.0,516.25,193.6,317.8,317.8,144395,215978834522.75,772525,-502320,2026-10-01
NIFTY,2026-10-06,22100.0,PE,19.9,93.95,13.2,29.5,29.5,1464275,2107582838435.75,3736330,717860,2026-10-01
NIFTY,2026-10-06,21450.0,PE,1.65,12.05,1.65,3.95,3.95,243079,338996466766.75,793585,562510,2026-10-01
NIFTY,2026-10-06,20600.0,PE,0.95,2.4,0.7,1.3,1.3,194633,260630149877.5,1182545,328770,2026-10-01
NIFTY,2026-10-06,20450.0,PE,1.7,2.35,0.55,1.25,1.25,978,1300091390.0,14495,14495,2026-10-01
NIFTY,2031-06-24,31500.0,CE,0.0,0.0,0.0,3928.35,2701.13,0,0.0,0,0,2026-10-01
NIFTY,2030-12-31,28500.0,CE,0.0,0.0,0.0,5968.3,3214.12,0,0.0,0,0,2026-10-01
NIFTY,2030-12-31,16500.0,CE,0.0,0.0,0.0,13763.55,9911.8,0,0.0,0,0,2026-10-01
NIFTY,2030-12-31,15000.0,CE,0.0,0.0,0.0,14862.95,11009.48,0,0.0,0,0,2026-10-01
NIFTY,2030-06-25,31500.0,CE,0.0,0.0,0.0,3984.8,1823.64,0,0.0,0,0,2026-10-01
NIFTY,2030-06-25,18000.0,CE,0.0,0.0,0.0,12423.9,8385.0,0,0.0,0,0,2026-10-01
NIFTY,2030-06-25,15000.0,CE,0.0,0.0,0.0,14543.9,10622.03,0,0.0,0,0,2026-10-01
NIFTY,2029-12-24,28500.0,CE,0.0,0.0,0.0,4802.1,2211.33,0,0.0,0,0,2026-10-01
NIFTY,2029-12-24,16500.0,CE,0.0,0.0,0.0,12984.85,9055.42,0,0.0,0,0,2026-10-01
NIFTY,2026-12-29,20700.0,CE,0.0,0.0,0.0,2388.15,2130.78,0,0.0,0,0,2026-10-01
NIFTY,2026-12-29,21050.0,CE,0.0,0.0,0.0,2082.3,1835.29,0,0.0,0,0,2026-10-01
NIFTY,2026-12-29,22050.0,CE,1020.7,1021.4,1017.25,1017.25,1102.12,4,5998027.75,455,65,2026-10-01
NIFTY,2026-12-29,22500.0,CE,789.0,813.65,634.0,723.95,723.95,11033,16652397905.0,393510,194220,2026-10-01
NIFTY,2026-12-29,22700.0,CE,673.7,686.0,535.0,611.1,611.1,583,882986117.0,13195,2990,2026-10-01
NIFTY,2026-12-29,23300.0,CE,369.05,383.0,293.4,335.55,335.55,763,1172033255.25,21840,15535,2026-10-01
NIFTY,2026-12-29,24400.0,CE,102.45,102.45,78.0,98.45,98.45,445,708506873.75,18915,18915,2026-10-01
NIFTY,2027-06-29,25500.0,CE,280.0,298.0,270.0,274.1,274.1,384,643473067.25,25285,1755,2026-10-01
NIFTY,2027-06-29,33000.0,CE,0.0,0.0,0.0,1122.75,7.68,0,0.0,0,0,2026-10-01
NIFTY,2027-09-28,24000.0,CE,0.0,0.0,0.0,1478.35,1359.0,0,0.0,0,0,2026-10-01
NIFTY,2027-12-28,33000.0,CE,61.05,67.8,50.0,61.9,76.48,20,42978130.0,9230,-65,2026-10-01
NIFTY,2028-06-27,19500.0,CE,0.0,0.0,0.0,9209.1,5195.73,0,0.0,0,0,2026-10-01
NIFTY,2029-06-26,18000.0,CE,0.0,0.0,0.0,11678.65,7435.06,0,0.0,0,0,2026-10-01
NIFTY,2029-06-26,21000.0,CE,0.0,0.0,0.0,9799.75,5283.29,0,0.0,0,0,2026-10-01
NIFTY,2026-10-27,26700.0,PE,0.0,0.0,0.0,3900.0,4165.7,0,0.0,260,0,2026-10-01
NIFTY,2029-06-26,33000.0,CE,0.0,0.0,0.0,4179.45,769.43,0,0.0,0,0,2026-10-01
NIFTY,2026-12-29,20050.0,PE,0.0,0.0,0.0,26.5,36.21,0,0.0,0,0,2026-10-01
NIFTY,2026-12-29,20150.0,PE,0.0,0.0,0.0,31.0,42.15,0,0.0,0,0,2026-10-01
NIFTY,2026-12-29,21850.0,PE,208.05,329.6,204.3,252.15,252.15,248,356467816.25,6760,6760,2026-10-01
NIFTY,2026-12-29,23550.0,PE,1084.1,1129.9,1015.4,1015.4,1015.4,33,52807170.0,1625,845,2026-10-01
NIFTY,2026-12-29,23600.0,PE,913.75,1077.55,906.05,1050.0,1050.0,44,70291097.5,3250,2275,2026-10-01
NIFTY,2026-10-13,22500.0,PE,170.0,368.2,141.45,222.6,222.6,99498,146944436564.25,881270,275340,2026-10-01
NIFTY,2026-10-13,21550.0,PE,17.35,56.55,14.2,26.3,26.3,7348,10307489114.0,86515,33540,2026-10-01
NIFTY,2026-10-13,21450.0,PE,13.85,45.95,11.65,21.1,21.1,6553,9147231476.5,78065,46605,2026-10-01
NIFTY,2026-10-13,21400.0,PE,12.85,42.1,10.55,19.05,19.05,33668,46880419894.75,318175,-31720,2026-10-01
NIFTY,2026-10-13,21350.0,PE,12.65,37.2,9.65,17.45,17.45,4944,6867311142.25,50180,4160,2026-10-01
NIFTY,2026-10-13,20250.0,PE,5.4,5.4,5.3,5.3,5.3,13,17115741.5,715,715,2026-10-01
NIFTY,2026-10-06,25250.0,PE,2600.0,2600.0,2600.0,2600.0,2807.58,8,14482000.0,650,520,2026-10-01
NIFTY,2026-10-06,24600.0,PE,2009.0,2281.55,2009.0,2165.75,2158.11,34,59321223.0,17485,-2015,2026-10-01
NIFTY,2026-10-06,24550.0,PE,0.0,0.0,0.0,1790.0,2108.15,0,0.0,585,0,2026-10-01
NIFTY,2026-10-06,22850.0,PE,353.5,606.4,264.2,406.65,406.65,41307,62285510904.5,361075,-176280,2026-10-01
NIFTY,2026-10-06,22400.0,PE,67.05,238.45,48.15,99.3,99.3,2721530,3982284198106.5,4235660,1405950,2026-10-01
NIFTY,2026-10-06,21500.0,PE,2.4,13.55,2.1,4.5,4.5,1165561,1629306591305.25,9617270,4159740,2026-10-01
NIFTY,2026-10-06,21000.0,PE,1.5,5.15,1.15,2.0,2.0,768948,1049741777873.75,5712330,2313545,2026-10-01
NIFTY,2026-10-06,20850.0,PE,1.15,15.5,1.0,1.75,1.75,88266,119635747367.5,111670,26260,2026-10-01
NIFTY,2030-12-31,33000.0,CE,0.0,0.0,0.0,3948.25,1899.58,0,0.0,0,0,2026-10-01
NIFTY,2029-12-24,27000.0,CE,0.0,0.0,0.0,6201.65,2739.86,0,0.0,0,0,2026-10-01
NIFTY,2029-06-26,24000.0,CE,0.0,0.0,0.0,8085.35,3525.32,0,0.0,0,0,2026-10-01
NIFTY,2028-12-26,33000.0,CE,0.0,0.0,0.0,2477.5,472.27,0,0.0,0,0,2026-10-01
NIFTY,2028-12-26,19500.0,CE,0.0,0.0,0.0,9716.4,5771.28,0,0.0,0,0,2026-10-01
NIFTY,2028-06-27,21000.0,CE,0.0,0.0,0.0,5226.55,4097.5,0,0.0,0,0,2026-10-01
NIFTY,2027-09-28,28500.0,CE,0.0,0.0,0.0,291.55,255.42,0,0.0,0,0,2026-10-01
NIFTY,2027-09-28,27000.0,CE,0.0,0.0,0.0,529.1,470.67,0,0.0,0,0,2026-10-01
NIFTY,2027-09-28,25500.0,CE,0.0,0.0,0.0,908.35,822.39,0,0.0,0,0,2026-10-01
NIFTY,2027-09-28,18000.0,CE,0.0,0.0,0.0,5788.3,5565.78,0,0.0,0,0,2026-10-01
NIFTY,2027-06-29,18000.0,CE,0.0,0.0,0.0,4066.45,5276.81,0,0.0,0,0,2026-10-01
NIFTY,2026-12-29,30000.0,CE,5.85,6.8,5.25,5.55,5.55,1292,2519891773.75,799295,-585,2026-10-01
NIFTY,2026-12-29,24000.0,CE,148.9,174.55,125.05,156.35,156.35,41533,65209904373.25,3311105,129910,2026-10-01
NIFTY,2026-12-29,23650.0,CE,248.8,258.25,202.05,230.75,230.75,209,324324848.25,5785,3250,2026-10-01
NIFTY,2026-10-19,22950.0,PE,438.1,692.05,424.15,539.95,600.57,84,128153255.75,3965,-2470,2026-10-01
NIFTY,2026-10-19,23750.0,PE,0.0,0.0,0.0,746.7,1280.06,0,0.0,0,0,2026-10-01
NIFTY,2026-10-19,24450.0,PE,0.0,0.0,0.0,1286.65,1959.19,0,0.0,0,0,2026-10-01
NIFTY,2026-10-19,25200.0,PE,0.0,0.0,0.0,1967.2,2704.72,0,0.0,0,0,2026-10-01
NIFTY,2026-10-27,20550.0,PE,17.5,32.55,13.95,21.4,21.4,10534,14089078311.75,22945,10595,2026-10-01
NIFTY,2026-12-29,23550.0,CE,284.0,288.2,224.95,256.25,256.25,239,369851186.25,9555,6045,2026-10-01
NIFTY,2026-12-29,21900.0,CE,1181.0,1181.0,1019.8,1141.35,1141.35,17,25382116.5,2015,650,2026-10-01
NIFTY,2026-12-29,21500.0,CE,1568.95,1568.95,1304.05,1427.0,1427.0,373,555711981.5,12610,11635,2026-10-01
NIFTY,2026-12-29,20300.0,CE,0.0,0.0,0.0,2752.55,2486.39,0,0.0,0,0,2026-10-01
NIFTY,2026-12-29,15000.0,CE,0.0,0.0,0.0,5977.65,7652.41,0,0.0,0,0,2026-10-01
NIFTY,2026-10-27,21250.0,PE,34.95,80.35,25.25,48.8,48.8,1485,2056230637.5,30095,16445,2026-10-01
NIFTY,2026-10-27,21350.0,PE,38.5,92.0,36.1,56.0,56.0,2100,2922633759.5,309985,-14300,2026-10-01
NIFTY,2026-10-27,21500.0,PE,50.0,114.65,43.7,67.75,67.75,104216,146154428917.25,3036540,946400,2026-10-01
NIFTY,2026-11-23,26100.0,CE,9.1,11.4,9.05,9.85,9.85,367,622848889.0,24830,12610,2026-10-01
NIFTY,2026-11-23,25800.0,CE,9.1,10.0,8.75,9.2,7.74,45,75492628.25,1560,845,2026-10-01
NIFTY,2026-11-23,25750.0,CE,9.15,9.35,8.3,8.6,8.46,24,40183624.0,650,260,2026-10-01
NIFTY,2026-11-23,25150.0,CE,14.65,17.15,14.65,17.15,23.35,36,58888800.75,1040,1040,2026-10-01
NIFTY,2026-11-23,25100.0,CE,19.6,22.4,16.75,20.05,20.05,303,494718068.0,38740,-2015,2026-10-01
NIFTY,2026-11-23,24550.0,CE,34.2,39.05,30.25,31.75,58.19,47,75099495.25,8125,-195,2026-10-01
NIFTY,2026-10-27,21650.0,PE,58.55,141.05,55.6,85.3,85.3,2829,3997780098.0,101725,45435,2026-10-01
NIFTY,2026-10-27,21800.0,PE,83.7,177.0,70.95,108.15,108.15,30165,42973780177.25,761930,82160,2026-10-01
NIFTY,2026-10-27,22350.0,PE,208.3,370.8,174.7,247.2,247.2,5900,8679192798.25,96460,38480,2026-10-01
NIFTY,2026-10-27,22450.0,PE,231.1,420.45,205.0,285.8,285.8,5019,7417665723.0,78780,3835,2026-10-01
NIFTY,2026-10-27,23250.0,PE,682.1,982.65,660.25,782.3,782.3,420,656725130.75,53300,-12090,2026-10-01
NIFTY,2026-10-27,23900.0,PE,1270.0,1556.75,1222.05,1378.0,1378.0,116,190770099.0,222495,-4355,2026-10-01
NIFTY,2026-10-27,24050.0,PE,1409.95,1560.0,1409.95,1560.0,1552.18,8,13288128.75,4030,-325,2026-10-01
NIFTY,2026-10-27,24250.0,PE,1630.05,1984.45,1570.0,1984.45,1741.91,28,47336094.0,11830,-1040,2026-10-01
NIFTY,2026-10-27,25300.0,PE,2600.0,2600.0,2600.0,2600.0,2772.48,1,1813500.0,10465,0,2026-10-01
NIFTY,2026-10-27,26300.0,PE,0.0,0.0,0.0,3500.0,3767.41,0,0.0,34970,0,2026-10-01
NIFTY,2026-11-23,24350.0,CE,44.45,50.65,34.65,44.85,44.85,183,290132479.0,13650,-4680,2026-10-01
NIFTY,2026-11-23,24050.0,CE,63.1,70.4,51.15,68.55,68.55,179,280551199.5,13585,1950,2026-10-01
NIFTY,2026-11-23,23250.0,CE,236.75,237.5,172.85,205.6,205.6,665,1013463366.5,31135,10335,2026-10-01
NIFTY,2026-11-23,22600.0,CE,537.9,550.95,403.0,477.05,477.05,2246,3369035445.75,72670,44005,2026-10-01
NIFTY,2026-11-23,22100.0,CE,796.8,867.6,680.0,779.6,779.6,97,144113742.5,3250,2275,2026-10-01
NIFTY,2026-11-23,21650.0,CE,0.0,0.0,0.0,3045.65,1150.14,0,0.0,0,0,2026-10-01
NIFTY,2026-11-23,20350.0,CE,0.0,0.0,0.0,4291.7,2279.25,0,0.0,0,0,2026-10-01
NIFTY,2026-11-23,20200.0,CE,0.0,0.0,0.0,4438.3,2422.35,0,0.0,0,0,2026-10-01
NIFTY,2026-11-03,24450.0,CE,15.45,15.45,14.15,14.9,20.67,24,38165357.75,780,780,2026-10-01
NIFTY,2026-11-03,24300.0,CE,18.55,23.8,18.55,22.7,22.7,11,17388761.0,455,455,2026-10-01
NIFTY,2026-11-03,23600.0,CE,70.0,70.0,52.0,61.2,61.2,346,532127453.0,19825,7020,2026-10-01
NIFTY,2026-11-03,23350.0,CE,107.9,107.9,79.2,89.7,147.82,61,92929723.25,1950,-325,2026-10-01
NIFTY,2026-11-03,23250.0,CE,123.95,133.05,104.75,115.05,115.05,45,68364585.25,2470,-1105,2026-10-01
NIFTY,2026-11-03,22800.0,CE,299.2,305.0,206.95,256.85,256.85,520,778894740.0,11700,7085,2026-10-01
NIFTY,2026-11-03,22750.0,CE,315.55,330.0,230.0,270.6,270.6,100,149819943.0,1300,-260,2026-10-01
NIFTY,2026-11-03,22500.0,CE,458.0,471.5,330.5,401.8,401.8,518,770839364.75,9230,8515,2026-10-01
NIFTY,2026-11-03,20500.0,CE,0.0,0.0,0.0,2970.65,2048.01,0,0.0,0,0,2026-10-01
NIFTY,2026-10-27,27150.0,CE,0.0,0.0,0.0,1.0,0.0,0,0.0,2210,0,2026-10-01
NIFTY,2026-10-27,27050.0,CE,0.0,0.0,0.0,1.05,0.0,0,0.0,10075,0,2026-10-01
NIFTY,2026-10-27,25900.0,CE,1.8,3.0,1.45,2.35,2.35,1333,2244273031.0,20605,2795,2026-10-01
NIFTY,2026-10-27,25700.0,CE,2.95,3.0,1.9,2.8,2.8,2312,3862540802.25,45500,-2990,2026-10-01
NIFTY,2026-10-27,25550.0,CE,0.0,0.0,0.0,3.35,0.41,0,0.0,1365,0,2026-10-01
NIFTY,2026-10-27,24900.0,CE,6.0,6.5,5.0,6.05,6.05,1306,2114244804.75,196365,-12480,2026-10-01
NIFTY,2026-10-27,24450.0,CE,10.1,10.6,7.1,10.2,10.2,2142,3405539039.5,64545,-29835,2026-10-01
NIFTY,2026-10-27,24400.0,CE,9.8,14.45,9.1,10.55,10.55,5110,8107871755.75,366470,-16640,2026-10-01
NIFTY,2026-10-27,24000.0,CE,18.25,20.25,15.6,18.4,18.4,80270,125315391565.0,6211855,-106795,2026-10-01
NIFTY,2026-10-27,22850.0,CE,213.9,231.8,145.35,182.25,182.25,4550,6812018154.5,139750,9880,2026-10-01
NIFTY,2026-10-27,22700.0,CE,281.0,307.0,193.9,245.25,245.25,42503,63392953312.0,1453660,-55445,2026-10-01
NIFTY,2026-10-27,22600.0,CE,330.05,363.25,231.6,292.8,292.8,44189,65773950534.5,934180,216580,2026-10-01
NIFTY,2026-10-27,22400.0,CE,450.0,489.25,322.1,403.9,403.9,36673,54288229632.0,735215,686790,2026-10-01
NIFTY,2026-10-27,22300.0,CE,515.7,560.0,376.0,469.7,469.7,65040,96089698883.75,1986660,1893710,2026-10-01
NIFTY,2026-10-27,22150.0,CE,636.7,652.25,465.05,572.85,572.85,434,639804447.75,12025,9555,2026-10-01
NIFTY,2026-10-27,21000.0,CE,1671.0,1710.0,1378.0,1556.9,1556.9,2014,2950022279.75,289835,25350,2026-10-01
NIFTY,2026-10-27,20750.0,CE,0.0,0.0,0.0,3566.95,1768.62,0,0.0,0,0,2026-10-01
NIFTY,2026-10-19,25200.0,CE,3.0,3.3,2.4,2.85,2.85,102,167095747.0,9230,4550,2026-10-01
NIFTY,2026-10-19,25150.0,CE,2.3,2.75,2.3,2.5,0.17,9,14714189.75,1040,390,2026-10-01
NIFTY,2026-10-19,25100.0,CE,2.05,3.5,2.05,2.5,2.5,41,66898055.25,2015,585,2026-10-01
NIFTY,2026-10-19,25050.0,CE,0.0,0.0,0.0,3.2,0.25,0,0.0,780,0,2026-10-01
NIFTY,2026-10-19,24700.0,CE,3.8,3.9,2.85,3.9,0.99,21,33720017.5,2600,0,2026-10-01
NIFTY,2026-10-27,27000.0,PE,4300.0,4639.6,4265.0,4405.55,4405.55,317,648136485.75,944515,1560,2026-10-01
NIFTY,2026-11-03,20050.0,PE,0.0,0.0,0.0,0.5,2.26,0,0.0,0,0,2026-10-01
NIFTY,2026-11-03,20650.0,PE,0.0,0.0,0.0,3.1,13.04,0,0.0,0,0,2026-10-01
NIFTY,2026-11-03,20900.0,PE,36.6,43.0,36.6,41.55,41.55,7,9528389.0,1430,130,2026-10-01
NIFTY,2026-11-03,20950.0,PE,0.0,0.0,0.0,27.3,27.4,0,0.0,1105,0,2026-10-01
NIFTY,2026-11-03,21150.0,PE,0.0,0.0,0.0,11.1,42.97,0,0.0,0,0,2026-10-01
NIFTY,2026-11-03,22450.0,PE,250.55,413.65,246.7,310.65,310.65,75,110944278.25,2730,-65,2026-10-01
NIFTY,2026-11-03,22750.0,PE,383.9,602.25,383.9,480.25,534.5,34,51429261.0,4030,-1885,2026-10-01
NIFTY,2026-11-03,23000.0,PE,511.45,766.8,487.55,596.8,596.8,57,87468329.0,5785,65,2026-10-01
NIFTY,2026-10-19,24500.0,CE,5.4,6.0,3.65,4.55,4.55,1101,1753664386.5,65585,8320,2026-10-01
NIFTY,2026-10-19,24000.0,CE,11.75,12.1,8.25,8.85,8.85,6449,10064478739.25,231855,44265,2026-10-01
NIFTY,2026-10-19,23850.0,CE,13.5,18.9,10.25,13.0,13.0,129,200093965.5,15015,-520,2026-10-01
NIFTY,2026-10-19,23800.0,CE,17.35,17.35,11.85,12.85,12.85,5478,8479408148.25,84435,-10790,2026-10-01
NIFTY,2026-10-19,23700.0,CE,22.6,22.6,13.95,15.65,15.65,2416,3724390575.75,97955,17745,2026-10-01
NIFTY,2026-10-19,23650.0,CE,25.35,25.35,13.0,16.0,16.0,193,296937741.75,14300,3315,2026-10-01
NIFTY,2026-10-19,23600.0,CE,27.05,27.8,15.1,19.15,19.15,4831,7417434521.25,130390,18005,2026-10-01
NIFTY,2026-10-19,23400.0,CE,42.95,42.95,27.05,31.4,31.4,2739,4171892884.25,84500,25805,2026-10-01
NIFTY,2026-10-19,20450.0,CE,0.0,0.0,0.0,2781.7,2032.38,0,0.0,0,0,2026-10-01
NIFTY,2026-10-19,20350.0,CE,0.0,0.0,0.0,2880.75,2131.78,0,0.0,0,0,2026-10-01
NIFTY,2026-10-13,25100.0,CE,1.15,1.4,1.1,1.3,1.3,174,283895530.75,15600,4810,2026-10-01
NIFTY,2026-10-13,24750.0,CE,1.7,1.75,1.2,1.6,1.6,350,563094756.25,4160,-455,2026-10-01
NIFTY,2026-10-13,24150.0,CE,5.3,5.3,2.2,2.55,2.55,2610,4097538877.25,72410,38415,2026-10-01
NIFTY,2026-10-13,23750.0,CE,8.65,8.65,5.1,5.6,5.6,7549,11657061984.75,101010,-13715,2026-10-01
NIFTY,2026-10-13,21850.0,CE,653.05,653.05,641.25,641.25,671.06,3,4386989.75,65,65,2026-10-01
NIFTY,2026-10-13,21650.0,CE,841.85,841.85,841.85,841.85,843.85,1,1461970.25,65,65,2026-10-01
NIFTY,2026-10-13,21500.0,CE,1025.0,1025.0,831.15,1002.8,1002.8,225,327691429.0,4420,4290,2026-10-01
NIFTY,2026-10-13,21100.0,CE,0.0,0.0,0.0,2655.45,1366.22,0,0.0,0,0,2026-10-01
NIFTY,2026-10-13,20750.0,CE,0.0,0.0,0.0,3001.55,1712.83,0,0.0,0,0,2026-10-01
NIFTY,2026-11-03,23650.0,PE,0.0,0.0,0.0,463.5,1184.45,0,0.0,195,0,2026-10-01
NIFTY,2026-10-06,24750.0,CE,0.7,1.2,0.5,0.6,0.6,8076,12992732135.5,118885,40560,2026-10-01
NIFTY,2026-10-06,23550.0,CE,2.9,3.75,1.65,2.0,2.0,521128,797805877511.5,1627795,348465,2026-10-01
NIFTY,2026-10-06,23400.0,CE,4.45,5.05,2.35,2.7,2.7,940820,1431208754404.0,5092685,381485,2026-10-01
NIFTY,2026-10-06,23250.0,CE,8.7,8.7,3.95,4.35,4.35,451976,683215934709.75,2029820,-571090,2026-10-01
NIFTY,2026-10-06,22850.0,CE,44.8,49.1,15.4,19.55,19.55,842978,1253587815444.25,3353610,-106470,2026-10-01
NIFTY,2026-10-06,21150.0,CE,0.0,0.0,0.0,3029.15,1289.17,0,0.0,0,0,2026-10-01
NIFTY,2026-10-06,20550.0,CE,0.0,0.0,0.0,3624.65,1888.61,0,0.0,0,0,2026-10-01
NIFTY,2026-10-06,20150.0,CE,0.0,0.0,0.0,4022.2,2288.28,0,0.0,0,0,2026-10-01
NIFTY,2026-11-03,23750.0,PE,0.0,0.0,0.0,639.9,1269.63,0,0.0,0,0,2026-10-01
NIFTY,2026-11-03,24000.0,PE,0.0,0.0,0.0,788.3,1490.4,0,0.0,65,0,2026-10-01
NIFTY,2026-11-03,24600.0,PE,0.0,0.0,0.0,1240.0,2052.3,0,0.0,0,0,2026-10-01
NIFTY,2026-11-03,24650.0,PE,0.0,0.0,0.0,1280.65,2100.47,0,0.0,0,0,2026-10-01
NIFTY,2026-11-23,20350.0,PE,0.0,0.0,0.0,4.85,20.53,0,0.0,0,0,2026-10-01
NIFTY,2026-11-23,21200.0,PE,73.55,142.4,72.1,99.0,99.0,2089,2894150782.25,36595,-5070,2026-10-01
NIFTY,2026-11-23,21250.0,PE,0.0,0.0,0.0,22.05,101.42,0,0.0,0,0,2026-10-01
NIFTY,2026-11-23,21450.0,PE,105.15,181.15,104.4,127.0,127.0,65,91221438.75,1040,780,2026-10-01
NIFTY,2026-11-23,22200.0,PE,212.9,388.5,212.9,285.1,285.1,4281,6263780610.75,185380,-11700,2026-10-01
NIFTY,2026-11-23,22550.0,PE,346.35,539.1,319.65,405.0,405.0,382,570718733.0,10660,5720,2026-10-01
NIFTY,2026-11-23,23050.0,PE,562.5,797.5,545.35,735.0,778.83,46,70915250.25,4485,-1105,2026-10-01
NIFTY,2026-11-23,23150.0,PE,626.1,835.5,622.7,732.65,732.65,52,80750000.5,128830,-520,2026-10-01
NIFTY,2026-11-23,23400.0,PE,786.05,1081.05,776.0,892.45,892.45,315,498252943.5,86125,-8710,2026-10-01
NIFTY,2026-11-23,25200.0,PE,2423.95,2423.95,2423.95,2423.95,2568.3,1,1795556.75,65,65,2026-10-01
NIFTY,2026-11-23,25400.0,PE,0.0,0.0,0.0,2300.0,2760.41,0,0.0,325,0,2026-10-01
NIFTY,2026-11-23,25950.0,PE,0.0,0.0,0.0,1562.8,3295.77,0,0.0,0,0,2026-10-01
NIFTY,2026-12-29,20200.0,PE,0.0,0.0,0.0,33.5,45.41,0,0.0,0,0,2026-10-01
NIFTY,2026-12-29,20300.0,PE,0.0,0.0,0.0,38.95,52.55,0,0.0,0,0,2026-10-01
NIFTY,2026-12-29,20350.0,PE,0.0,0.0,0.0,41.95,56.45,0,0.0,0,0,2026-10-01
NIFTY,2026-12-29,21000.0,PE,100.0,172.45,95.85,125.2,125.2,27119,37239791179.5,2245205,26780,2026-10-01
NIFTY,2026-12-29,21200.0,PE,116.15,198.95,116.15,148.8,148.8,284,394358714.75,6045,5135,2026-10-01
NIFTY,2026-12-29,21350.0,PE,164.0,216.2,164.0,167.1,167.1,180,251969074.5,2925,2665,2026-10-01
NIFTY,2026-12-29,21550.0,PE,169.0,259.3,150.55,195.5,195.5,234,330740878.0,6110,4940,2026-10-01
NIFTY,2026-12-29,22150.0,PE,266.5,407.2,257.85,324.15,324.15,177,258675033.5,2925,2535,2026-10-01
NIFTY,2026-12-29,22900.0,PE,517.9,714.0,507.65,621.1,621.1,600,914117259.25,24830,21580,2026-10-01
NIFTY,2026-12-29,28000.0,PE,4900.0,5270.0,4900.0,5110.0,5110.0,155,333012650.75,1054450,1235,2026-10-01
NIFTY,2026-12-29,31500.0,PE,0.0,0.0,0.0,4059.3,8594.08,0,0.0,0,0,2026-10-01
NIFTY,2027-03-30,27000.0,PE,3552.5,3811.0,3487.35,3647.5,3647.5,214,426836543.25,68705,4420,2026-10-01
NIFTY,2027-09-28,19500.0,PE,0.0,0.0,0.0,136.85,151.37,0,0.0,0,0,2026-10-01
NIFTY,2027-12-28,16500.0,PE,0.0,0.0,0.0,52.05,16.84,0,0.0,130,0,2026-10-01
NIFTY,2027-12-28,27000.0,PE,2675.0,2900.1,2605.0,2815.55,2815.55,177,342549730.25,57290,-2210,2026-10-01
NIFTY,2029-12-24,15000.0,PE,0.0,0.0,0.0,29.0,28.03,0,0.0,65,0,2026-10-01
NIFTY,2030-06-25,15000.0,PE,0.0,0.0,0.0,29.65,33.48,0,0.0,0,0,2026-10-01
NIFTY,2030-06-25,18000.0,PE,0.0,0.0,0.0,116.65,163.12,0,0.0,0,0,2026-10-01
NIFTY,2030-06-25,22500.0,PE,0.0,0.0,0.0,223.75,781.49,0,0.0,0,0,2026-10-01
NIFTY,2030-06-25,27000.0,PE,0.0,0.0,0.0,1286.05,2138.59,0,0.0,0,0,2026-10-01
NIFTY,2030-06-25,30000.0,PE,0.0,0.0,0.0,2100.85,3472.17,0,0.0,0,0,2026-10-01
NIFTY,2030-12-31,18000.0,PE,0.0,0.0,0.0,32.3,168.38,0,0.0,0,0,2026-10-01
NIFTY,2031-06-24,16500.0,PE,0.0,0.0,0.0,95.65,89.53,0,0.0,0,0,2026-10-01
NIFTY,2026-10-19,22500.0,PE,216.35,407.4,179.3,265.5,265.5,8669,12819342071.25,178230,123435,2026-10-01
NIFTY,2026-10-19,20450.0,PE,0.0,0.0,0.0,1.4,0.81,0,0.0,0,0,2026-10-01
NIFTY,2026-10-19,20350.0,PE,0.0,0.0,0.0,1.0,0.51,0,0.0,0,0,2026-10-01
NIFTY,2026-10-13,24250.0,PE,0.0,0.0,0.0,1053.4,1781.71,0,0.0,195,0,2026-10-01
NIFTY,2026-10-13,22550.0,PE,200.05,398.8,157.25,245.8,245.8,19876,29415433407.75,84305,20995,2026-10-01
NIFTY,2026-10-27,20300.0,PE,15.0,15.0,15.0,15.0,15.0,10,13204750.0,650,650,2026-10-01
NIFTY,2026-10-19,20850.0,PE,0.0,0.0,0.0,4.65,4.35,0,0.0,0,0,2026-10-01
NIFTY,2026-10-19,21800.0,PE,51.95,134.1,45.2,73.7,73.7,2346,3336653557.25,61685,24375,2026-10-01
NIFTY,2026-10-19,22700.0,PE,278.85,520.5,262.95,370.65,370.65,1490,2232597588.0,51935,-15990,2026-10-01
NIFTY,2026-12-29,23700.0,PE,993.65,1228.45,986.0,1210.0,1262.5,35,56328642.5,2925,1235,2026-10-01
NIFTY,2026-12-29,21950.0,PE,216.05,356.9,216.05,278.65,278.65,269,389061491.0,6825,6825,2026-10-01
NIFTY,2026-11-23,25450.0,PE,0.0,0.0,0.0,1217.0,2808.7,0,0.0,0,0,2026-10-01
NIFTY,2026-10-06,21250.0,CE,0.0,0.0,0.0,2930.15,1189.37,0,0.0,0,0,2026-10-01
NIFTY,2026-10-06,21950.0,CE,634.1,677.05,361.0,532.05,532.05,1769,2576378044.5,28210,27430,2026-10-01
NIFTY,2026-10-06,24550.0,CE,0.9,1.25,0.55,0.65,0.65,16636,26547798754.75,205660,-81185,2026-10-01
NIFTY,2026-10-06,25450.0,CE,0.85,0.85,0.45,0.5,0.5,1233,2039737586.25,17420,6760,2026-10-01
NIFTY,2026-10-13,21800.0,CE,678.0,745.0,581.7,724.1,724.1,690,1007555984.5,26455,26455,2026-10-01
NIFTY,2026-10-27,20200.0,CE,0.0,0.0,0.0,4096.9,2308.43,0,0.0,0,0,2026-10-01
NIFTY,2026-10-27,21400.0,CE,1210.0,1210.0,1029.7,1174.25,1174.25,40,58406491.0,2340,650,2026-10-01
NIFTY,2026-11-03,21450.0,CE,0.0,0.0,0.0,2046.95,1173.93,0,0.0,0,0,2026-10-01
NIFTY,2026-11-23,21250.0,CE,0.0,0.0,0.0,3422.3,1468.41,0,0.0,0,0,2026-10-01
NIFTY,2026-11-23,23500.0,CE,155.05,165.5,120.25,143.7,143.7,23530,36157806753.25,1010295,102050,2026-10-01
NIFTY,2026-11-23,23800.0,CE,103.45,104.0,77.25,92.8,92.8,7887,12247395845.75,306930,82030,2026-10-01
NIFTY,2026-12-29,21550.0,CE,1490.0,1495.35,1487.15,1495.35,1445.64,16,23963186.0,1040,1040,2026-10-01
NIFTY,2026-12-29,21850.0,CE,1243.75,1243.75,1160.05,1160.05,1160.05,6,8990241.0,780,390,2026-10-01
NIFTY,2026-12-29,23250.0,CE,393.0,398.95,310.9,352.0,352.0,204,313135173.0,7800,6825,2026-10-01
NIFTY,2026-12-29,31500.0,CE,4.9,4.9,4.65,4.65,4.65,2,4095620.75,33085,0,2026-10-01
NIFTY,2027-03-30,24000.0,CE,483.0,489.75,426.8,452.0,452.0,8589,13655047656.25,865475,124605,2026-10-01
NIFTY,2026-10-06,25600.0,PE,0.0,0.0,0.0,2443.05,3157.3,0,0.0,130,0,2026-10-01
NIFTY,2026-10-13,25350.0,PE,0.0,0.0,0.0,1628.0,2878.76,0,0.0,0,0,2026-10-01
NIFTY,2026-11-23,23250.0,PE,698.1,978.65,671.0,775.45,775.45,42,65698142.25,12740,-845,2026-10-01
NIFTY,2026-10-06,22600.0,PE,140.0,386.95,112.4,204.55,204.55,2236903,3309535590071.75,2513160,-3276715,2026-10-01
NIFTY,2026-10-06,21300.0,PE,1.45,8.8,1.25,3.0,3.0,520672,720992662981.5,2761265,1524965,2026-10-01
NIFTY,2026-10-06,21150.0,PE,2.0,6.65,1.2,2.3,2.3,181540,249609826053.25,282880,190385,2026-10-01
NIFTY,2026-10-06,21100.0,PE,1.45,6.1,1.1,2.1,2.1,319694,438519186436.5,795600,273455,2026-10-01
NIFTY,2026-10-06,21050.0,PE,1.65,5.55,1.1,2.1,2.1,162304,222101609713.75,208520,148980,2026-10-01
NIFTY,2026-10-06,20750.0,PE,1.4,3.2,0.9,1.6,1.6,45065,60787161643.0,96785,29315,2026-10-01
NIFTY,2026-10-06,20350.0,PE,1.55,2.25,0.8,1.2,1.2,408,539716749.0,5915,5915,2026-10-01
NIFTY,2026-10-06,20150.0,PE,1.5,1.5,0.55,1.0,1.0,176,230528580.75,6175,6175,2026-10-01
NIFTY,2026-10-06,20050.0,PE,1.4,1.65,0.35,0.65,0.65,2594,3380779983.75,53625,53625,2026-10-01
NIFTY,2030-12-31,18000.0,CE,0.0,0.0,0.0,12674.15,8849.58,0,0.0,0,0,2026-10-01
NIFTY,2029-12-24,33000.0,CE,0.0,0.0,0.0,3816.05,1109.68,0,0.0,0,0,2026-10-01
NIFTY,2029-12-24,24000.0,CE,0.0,0.0,0.0,3915.0,4085.33,0,0.0,195,0,2026-10-01
NIFTY,2029-06-26,31500.0,CE,0.0,0.0,0.0,2878.65,1017.87,0,0.0,0,0,2026-10-01
NIFTY,2028-12-26,31500.0,CE,0.0,0.0,0.0,480.0,663.51,0,0.0,585,0,2026-10-01
NIFTY,2028-12-26,22500.0,CE,0.0,0.0,0.0,7382.9,3759.78,0,0.0,0,0,2026-10-01
NIFTY,2028-06-27,30000.0,CE,0.0,0.0,0.0,2278.45,550.04,0,0.0,0,0,2026-10-01
NIFTY,2028-06-27,24000.0,CE,0.0,0.0,0.0,3918.85,2332.52,0,0.0,0,0,2026-10-01
NIFTY,2027-12-28,18000.0,CE,0.0,0.0,0.0,6285.7,5850.23,0,0.0,0,0,2026-10-01
NIFTY,2026-11-03,22050.0,PE,151.45,254.1,151.45,178.55,178.55,39,56457466.0,1040,-520,2026-10-01
NIFTY,2026-11-03,22350.0,PE,217.35,367.65,202.85,279.95,279.95,115,169185370.25,3510,975,2026-10-01
NIFTY,2026-11-03,22950.0,PE,556.85,693.2,556.85,632.0,657.34,44,67549264.25,1820,-2860,2026-10-01
NIFTY,2026-11-03,23150.0,PE,0.0,0.0,0.0,538.0,793.58,0,0.0,195,0,2026-10-01
NIFTY,2026-11-03,23200.0,PE,646.6,829.3,610.0,781.35,829.6,26,40549915.25,3445,-1235,2026-10-01
NIFTY,2026-11-03,25100.0,PE,0.0,0.0,0.0,1666.4,2539.21,0,0.0,0,0,2026-10-01
NIFTY,2026-11-23,21850.0,PE,138.1,281.5,138.05,195.55,195.55,312,447115955.0,4030,0,2026-10-01
NIFTY,2026-11-23,21900.0,PE,160.65,287.75,153.8,206.45,206.45,2313,3324186388.25,65650,-10855,2026-10-01
NIFTY,2028-12-26,22000.0,PE,637.45,805.0,636.65,750.0,725.09,20,29553537.0,10775,260,2026-10-01
NIFTY,2028-06-27,28500.0,PE,0.0,0.0,0.0,1560.85,3914.99,0,0.0,0,0,2026-10-01
NIFTY,2027-03-30,33000.0,CE,8.0,10.0,8.0,8.85,8.85,18,38620211.5,9100,-325,2026-10-01
NIFTY,2027-03-30,19500.0,CE,3713.75,3713.75,3476.95,3606.85,3606.85,25,37472899.75,1430,1235,2026-10-01
NIFTY,2026-12-29,24450.0,CE,99.0,99.0,81.7,94.0,94.0,352,561522087.75,11115,11115,2026-10-01
NIFTY,2026-12-29,23050.0,CE,485.1,492.7,392.4,431.65,431.65,117,178773725.0,2210,1105,2026-10-01
NIFTY,2026-12-29,22600.0,CE,728.05,743.8,588.2,664.25,664.25,542,819355072.25,12545,11700,2026-10-01
NIFTY,2026-12-29,22450.0,CE,721.05,746.85,686.25,743.7,743.7,59,88835035.25,3120,3120,2026-10-01
NIFTY,2026-12-29,21700.0,CE,1378.4,1378.4,1238.65,1290.0,1290.0,22,32910029.75,2275,910,2026-10-01
NIFTY,2026-12-29,19000.0,CE,3821.0,3877.0,3517.2,3705.75,3705.75,325,479015117.75,256195,4060,2026-10-01
NIFTY,2026-12-29,16500.0,CE,0.0,0.0,0.0,10405.0,6175.47,0,0.0,0,0,2026-10-01
NIFTY,2026-11-23,25650.0,CE,10.0,16.4,10.0,14.4,10.09,8,13343902.0,520,325,2026-10-01
NIFTY,2026-11-23,25600.0,CE,12.5,18.45,8.9,11.4,11.01,38,63260180.75,1235,65,2026-10-01
NIFTY,2026-11-23,25400.0,CE,13.5,16.15,12.2,16.15,16.15,25,41297207.25,780,520,2026-10-01
NIFTY,2026-11-23,23950.0,CE,81.7,81.7,60.3,75.25,75.25,499,779188653.75,20215,7475,2026-10-01
NIFTY,2026-11-23,23750.0,CE,97.2,112.6,83.95,99.7,99.7,505,782721361.5,18655,7475,2026-10-01
NIFTY,2026-11-23,23550.0,CE,144.45,154.35,111.3,132.5,132.5,451,694171890.75,21840,6760,2026-10-01
NIFTY,2026-10-06,23650.0,PE,1052.2,1345.0,1030.0,1186.6,1186.6,230,370656390.0,63765,-12025,2026-10-01
NIFTY,2026-10-06,24250.0,PE,1650.15,2005.45,1650.15,2005.45,1808.39,4,6759132.25,4875,65,2026-10-01
NIFTY,2026-10-13,20750.0,PE,5.25,13.15,4.0,6.9,6.9,2016,2720236099.75,6760,-3770,2026-10-01
NIFTY,2026-10-13,20900.0,PE,6.1,15.85,4.6,8.25,8.25,9099,12367009317.0,134225,109720,2026-10-01
NIFTY,2026-10-13,21000.0,PE,7.2,18.6,5.0,9.65,9.65,77017,105181795836.0,1132560,623935,2026-10-01
NIFTY,2026-10-13,21300.0,PE,10.85,33.7,8.7,15.85,15.85,21849,30277566900.75,285935,228345,2026-10-01
NIFTY,2026-10-06,20300.0,CE,0.0,0.0,0.0,3873.1,2138.41,0,0.0,0,0,2026-10-01
NIFTY,2026-10-06,20750.0,CE,0.0,0.0,0.0,3425.95,1688.77,0,0.0,0,0,2026-10-01
NIFTY,2026-10-06,21050.0,CE,0.0,0.0,0.0,3128.25,1389.04,0,0.0,0,0,2026-10-01
NIFTY,2026-10-13,21600.0,PE,20.75,63.25,15.45,29.2,29.2,35549,49988893474.0,388895,157365,2026-10-01
NIFTY,2026-10-13,21700.0,PE,26.1,78.3,19.65,35.6,35.6,45741,64646093655.0,962715,776815,2026-10-01
NIFTY,2026-10-13,23000.0,PE,450.0,750.85,415.95,552.4,552.4,17604,26944871837.0,549380,-41860,2026-10-01
NIFTY,2026-10-13,23250.0,PE,656.15,925.0,625.25,778.0,778.0,79,123160911.25,7345,-3120,2026-10-01
NIFTY,2026-10-13,23700.0,PE,1075.0,1328.9,1065.0,1204.65,1204.65,70,112978492.25,16250,2145,2026-10-01
NIFTY,2026-10-13,23900.0,PE,1290.0,1528.1,1280.9,1380.5,1380.5,28,46055623.25,5200,1170,2026-10-01
NIFTY,2026-10-19,20050.0,PE,0.0,0.0,0.0,0.35,0.11,0,0.0,0,0,2026-10-01
NIFTY,2026-10-19,21250.0,PE,45.05,45.05,36.6,36.6,17.65,11,15220468.25,650,650,2026-10-01
NIFTY,2026-10-19,21300.0,PE,16.0,57.65,16.0,32.45,32.45,4329,6001680844.25,37115,16055,2026-10-01
NIFTY,2026-10-19,21450.0,PE,21.35,64.0,21.35,45.95,32.31,30,41902419.0,1625,1625,2026-10-01
NIFTY,2027-12-28,20000.0,PE,250.0,313.0,250.0,296.85,296.85,812,1071252416.0,108190,27235,2026-10-01
NIFTY,2027-12-28,19000.0,PE,155.0,205.0,145.05,177.2,177.2,39,48603808.5,36825,520,2026-10-01
NIFTY,2027-12-28,18000.0,PE,125.0,147.0,122.05,130.6,130.6,68,80171175.5,28950,2210,2026-10-01
NIFTY,2027-09-28,24000.0,PE,0.0,0.0,0.0,1386.25,1472.19,0,0.0,0,0,2026-10-01
NIFTY,2026-11-23,22750.0,CE,449.0,462.55,336.0,400.25,400.25,364,548152221.5,11180,7995,2026-10-01
NIFTY,2026-11-23,21850.0,CE,0.0,0.0,0.0,2860.95,1004.41,0,0.0,0,0,2026-10-01
NIFTY,2026-11-23,20750.0,CE,0.0,0.0,0.0,3902.65,1906.62,0,0.0,0,0,2026-10-01
NIFTY,2026-11-23,20050.0,CE,0.0,0.0,0.0,4585.15,2566.78,0,0.0,0,0,2026-10-01
NIFTY,2026-11-03,24800.0,CE,9.5,12.1,9.5,12.1,9.72,32,51604728.5,1300,1300,2026-10-01
NIFTY,2026-11-03,24600.0,CE,13.4,21.05,11.2,15.7,15.7,323,516751436.5,19630,-7280,2026-10-01
NIFTY,2026-11-03,21000.0,PE,34.05,77.6,31.5,53.05,53.05,272,372219464.5,12480,8515,2026-10-01
NIFTY,2026-11-03,20800.0,PE,46.4,46.4,46.4,46.4,19.1,12,16260192.0,650,0,2026-10-01
NIFTY,2026-10-27,26900.0,PE,0.0,0.0,0.0,3583.15,4364.85,0,0.0,1430,0,2026-10-01
NIFTY,2026-10-27,26100.0,PE,0.0,0.0,0.0,3200.0,3568.28,0,0.0,195,0,2026-10-01
NIFTY,2026-10-27,25250.0,PE,0.0,0.0,0.0,2249.0,2722.84,0,0.0,260,0,2026-10-01
NIFTY,2026-10-06,21800.0,CE,797.65,833.4,487.8,676.0,676.0,2345,3413647883.75,41730,25285,2026-10-01
NIFTY,2026-10-06,21850.0,CE,532.85,651.05,445.0,626.05,626.05,922,1342022545.5,23920,23920,2026-10-01
NIFTY,2026-10-06,22600.0,CE,123.9,147.0,41.7,67.3,67.3,3175358,4683943426942.0,6089395,2965495,2026-10-01
NIFTY,2026-11-03,24150.0,CE,0.0,0.0,0.0,242.15,37.54,0,0.0,0,0,2026-10-01
NIFTY,2026-11-03,24050.0,CE,0.0,0.0,0.0,272.55,45.35,0,0.0,0,0,2026-10-01
NIFTY,2026-11-03,23900.0,CE,43.6,43.6,43.6,43.6,59.63,1,1556334.0,65,65,2026-10-01
NIFTY,2026-11-03,23150.0,CE,165.0,173.3,125.2,140.25,140.25,60,90832998.75,2730,-455,2026-10-01
NIFTY,2026-11-03,22600.0,CE,394.8,412.75,283.95,352.3,352.3,1744,2602198313.0,65000,63180,2026-10-01
NIFTY,2026-11-03,21700.0,CE,0.0,0.0,0.0,1813.4,970.99,0,0.0,0,0,2026-10-01
NIFTY,2026-11-23,22350.0,PE,263.25,445.75,257.0,337.85,337.85,337,497637708.75,7605,1235,2026-10-01
NIFTY,2026-11-23,23000.0,PE,543.95,801.0,520.0,634.55,634.55,12080,18546922004.0,989690,-11700,2026-10-01
NIFTY,2026-11-23,23200.0,PE,650.05,946.1,635.0,764.45,764.45,606,945310691.0,161460,-12090,2026-10-01
NIFTY,2026-11-23,23300.0,PE,715.05,1003.9,707.9,831.9,831.9,515,807954953.0,47905,-6955,2026-10-01
NIFTY,2026-11-23,23350.0,PE,789.95,1024.9,752.1,1024.9,978.12,52,81886431.25,7280,-1040,2026-10-01
NIFTY,2026-11-03,21550.0,CE,0.0,0.0,0.0,1952.8,1090.85,0,0.0,0,0,2026-10-01
NIFTY,2026-11-03,20400.0,CE,0.0,0.0,0.0,3069.5,2145.3,0,0.0,0,0,2026-10-01
NIFTY,2026-11-03,20050.0,CE,0.0,0.0,0.0,3416.1,2488.99,0,0.0,0,0,2026-10-01
NIFTY,2026-10-27,26650.0,CE,0.0,0.0,0.0,6.95,0.01,0,0.0,390,0,2026-10-01
NIFTY,2026-10-27,26200.0,CE,2.45,2.45,0.8,1.7,1.7,66,112405208.5,19890,-455,2026-10-01
NIFTY,2026-10-19,22550.0,PE,229.25,419.0,198.05,292.6,292.6,963,1427873128.5,7605,-2145,2026-10-01
NIFTY,2026-10-19,22900.0,PE,387.15,673.65,380.1,489.35,489.35,315,479353527.25,17875,-3705,2026-10-01
NIFTY,2026-10-19,23000.0,PE,468.7,750.55,438.45,566.7,566.7,634,970784896.25,50180,-1430,2026-10-01
NIFTY,2026-10-19,23800.0,PE,0.0,0.0,0.0,890.0,1327.16,0,0.0,65,0,2026-10-01
NIFTY,2026-10-19,24000.0,PE,1379.3,1607.9,1348.55,1565.75,1518.44,5,8282699.75,1885,130,2026-10-01
NIFTY,2026-10-19,24050.0,PE,0.0,0.0,0.0,962.95,1566.84,0,0.0,0,0,2026-10-01
NIFTY,2026-10-19,24700.0,PE,0.0,0.0,0.0,1505.1,2207.03,0,0.0,0,0,2026-10-01
NIFTY,2026-10-19,25150.0,PE,0.0,0.0,0.0,1919.85,2654.9,0,0.0,0,0,2026-10-01
NIFTY,2026-10-27,21450.0,PE,46.05,106.3,41.2,64.3,64.3,1347,1884444844.75,31070,11245,2026-10-01
NIFTY,2026-10-27,21750.0,PE,71.9,164.25,65.2,99.45,99.45,1836,2608707357.75,51350,12870,2026-10-01
NIFTY,2026-10-27,22400.0,PE,220.7,395.6,189.0,266.85,266.85,51311,75695467081.0,977210,485875,2026-10-01
NIFTY,2026-10-27,24100.0,PE,1500.0,1788.75,1405.0,1568.25,1568.25,270,449360668.25,221325,-1885,2026-10-01
NIFTY,2026-10-27,24150.0,PE,1800.0,1803.6,1800.0,1803.4,1646.57,15,25302368.0,15340,-650,2026-10-01
NIFTY,2026-10-27,25050.0,PE,2470.0,2488.35,2470.0,2471.85,2471.85,10,17889192.75,910,585,2026-10-01
NIFTY,2026-11-23,24150.0,PE,1650.0,1650.0,1650.0,1650.0,1607.35,1,1677000.0,1300,-65,2026-10-01
NIFTY,2026-11-23,24400.0,PE,1647.3,1910.95,1647.3,1794.3,1794.3,20,34081697.0,10140,-1170,2026-10-01
NIFTY,2026-11-23,25100.0,PE,0.0,0.0,0.0,2203.1,2472.98,0,0.0,325,0,2026-10-01
NIFTY,2026-11-23,25350.0,PE,0.0,0.0,0.0,1152.95,2712.22,0,0.0,0,0,2026-10-01
NIFTY,2026-11-23,26000.0,PE,3134.0,3526.85,3130.0,3302.7,3302.7,972,1856161872.5,181480,48230,2026-10-01
NIFTY,2026-10-06,21400.0,CE,1172.4,1172.4,902.65,1071.95,1071.95,16,23290728.5,1300,390,2026-10-01
NIFTY,2026-10-27,25350.0,CE,4.4,4.4,3.6,3.8,3.8,32,52736079.5,2730,1495,2026-10-01
NIFTY,2026-10-27,24250.0,CE,11.95,13.65,11.1,12.9,12.9,1094,1725306800.75,101725,-15210,2026-10-01
NIFTY,2026-10-27,23500.0,CE,53.6,55.1,37.2,44.95,44.95,152151,232860631877.25,9033180,22620,2026-10-01
NIFTY,2026-10-27,20500.0,CE,2150.0,2180.0,1832.95,2043.0,2043.0,335,489417646.25,21125,14300,2026-10-01
NIFTY,2026-10-27,20050.0,CE,0.0,0.0,0.0,4242.8,2457.15,0,0.0,0,0,2026-10-01
NIFTY,2026-10-19,24600.0,CE,4.85,6.45,3.4,5.1,5.1,249,398222685.25,11245,-3510,2026-10-01
NIFTY,2027-06-29,19500.0,PE,0.0,0.0,0.0,17.3,110.33,0,0.0,0,0,2026-10-01
NIFTY,2027-06-29,19000.0,PE,0.0,0.0,0.0,105.0,71.04,0,0.0,1460,0,2026-10-01
NIFTY,2027-03-30,16500.0,PE,25.2,30.0,25.2,27.6,27.6,9,9667866.0,3315,195,2026-10-01
NIFTY,2026-10-19,24200.0,CE,8.0,8.0,5.45,6.95,6.95,323,508223101.75,13195,10400,2026-10-01
NIFTY,2026-12-29,23350.0,PE,0.0,0.0,0.0,639.3,1029.87,0,0.0,910,0,2026-10-01
NIFTY,2026-12-29,23300.0,PE,754.0,961.7,704.0,931.0,998.6,77,120394153.75,4940,4225,2026-10-01
NIFTY,2026-12-29,21050.0,PE,98.95,176.8,98.95,130.7,130.7,140,192700462.5,4095,2730,2026-10-01
NIFTY,2026-10-06,23050.0,CE,22.0,22.0,7.55,8.3,8.3,529201,793261954572.75,3487835,809185,2026-10-01
NIFTY,2026-10-06,24050.0,CE,1.3,1.8,0.9,1.0,1.0,33657,52617200798.5,577395,31785,2026-10-01
NIFTY,2031-06-24,30000.0,PE,0.0,0.0,0.0,2616.25,2953.82,0,0.0,0,0,2026-10-01
NIFTY,2026-12-29,20250.0,PE,0.0,0.0,0.0,36.15,48.87,0,0.0,0,0,2026-10-01
NIFTY,2026-10-19,24050.0,CE,7.95,9.6,7.95,9.6,8.9,21,32839358.5,1170,1170,2026-10-01
NIFTY,2026-10-19,23900.0,CE,8.65,13.15,8.65,9.95,9.95,1893,2942030084.5,84175,56290,2026-10-01
NIFTY,2026-10-19,23150.0,CE,85.1,91.0,50.0,58.0,58.0,699,1054797107.0,11440,325,2026-10-01
NIFTY,2026-10-19,22450.0,CE,358.45,360.0,235.7,307.7,307.7,541,799665542.0,6955,6630,2026-10-01
NIFTY,2026-10-19,21650.0,CE,915.9,915.9,909.15,913.55,913.55,3,4399892.25,130,130,2026-10-01
NIFTY,2026-10-19,21200.0,CE,0.0,0.0,0.0,2046.4,1298.78,0,0.0,0,0,2026-10-01
NIFTY,2026-10-13,25400.0,CE,1.35,1.35,0.9,0.95,0.95,4923,8128189699.5,269230,125255,2026-10-01
NIFTY,2026-10-13,25350.0,CE,1.4,1.55,0.9,1.05,1.05,148,243877318.75,3185,-4615,2026-10-01
NIFTY,2026-10-13,25200.0,CE,1.15,1.2,0.95,1.0,1.0,838,1372702438.25,43615,36855,2026-10-01
NIFTY,2026-10-13,24650.0,CE,1.75,2.7,1.3,1.5,1.5,596,955003019.75,31460,-6435,2026-10-01
NIFTY,2026-10-13,24300.0,CE,3.45,3.75,1.65,1.85,1.85,13835,21854514347.25,349830,206830,2026-10-01
NIFTY,2026-10-13,22850.0,CE,119.45,121.1,57.0,76.5,76.5,21624,32235276411.0,324870,202085,2026-10-01
NIFTY,2026-10-13,22550.0,CE,247.05,268.3,132.5,186.15,186.15,19124,28282331509.25,133380,110110,2026-10-01
NIFTY,2026-10-13,20400.0,CE,0.0,0.0,0.0,3348.95,2061.68,0,0.0,0,0,2026-10-01
NIFTY,2026-10-13,21250.0,CE,0.0,0.0,0.0,2507.8,1219.64,0,0.0,0,0,2026-10-01
NIFTY,2026-10-13,21350.0,CE,1147.65,1148.6,1141.25,1145.85,1145.85,3,4386687.5,65,65,2026-10-01
NIFTY,2026-12-29,20650.0,PE,0.0,0.0,0.0,64.15,85.06,0,0.0,0,0,2026-10-01
NIFTY,2026-12-29,20700.0,PE,0.0,0.0,0.0,68.65,90.79,0,0.0,0,0,2026-10-01
NIFTY,2030-12-31,30000.0,PE,0.0,0.0,0.0,1450.1,3189.29,0,0.0,0,0,2026-10-01
NIFTY,2031-06-24,24000.0,PE,0.0,0.0,0.0,933.85,1021.5,0,0.0,65,0,2026-10-01
NIFTY,2031-06-24,25500.0,PE,0.0,0.0,0.0,1262.85,1398.74,0,0.0,0,0,2026-10-01
NIFTY,2031-06-24,28500.0,PE,0.0,0.0,0.0,2104.2,2366.76,0,0.0,0,0,2026-10-01
NIFTY,2026-12-29,20850.0,PE,136.05,142.85,110.4,111.0,111.0,50,68184808.25,2535,2535,2026-10-01
NIFTY,2026-12-29,20900.0,PE,139.95,139.95,112.4,116.0,116.0,33,45099411.5,1755,1755,2026-10-01
NIFTY,2026-10-06,22900.0,PE,350.0,654.55,303.75,450.4,450.4,61752,93534691237.0,837980,-556465,2026-10-01
NIFTY,2026-10-19,20150.0,CE,0.0,0.0,0.0,3079.15,2330.88,0,0.0,0,0,2026-10-01
NIFTY,2026-10-19,20250.0,CE,0.0,0.0,0.0,2979.9,2231.3,0,0.0,0,0,2026-10-01
NIFTY,2026-10-19,20650.0,CE,0.0,0.0,0.0,2584.0,1834.1,0,0.0,0,0,2026-10-01
NIFTY,2026-10-19,20850.0,CE,0.0,0.0,0.0,2387.15,1637.08,0,0.0,0,0,2026-10-01
NIFTY,2026-10-19,21100.0,CE,0.0,0.0,0.0,2143.1,1394.22,0,0.0,0,0,2026-10-01
NIFTY,2031-06-24,33000.0,PE,0.0,0.0,0.0,3810.15,4313.73,0,0.0,0,0,2026-10-01
NIFTY,2031-06-24,22500.0,PE,0.0,0.0,0.0,663.6,714.07,0,0.0,0,0,2026-10-01
NIFTY,2030-12-31,31500.0,PE,0.0,0.0,0.0,1885.5,3898.2,0,0.0,0,0,2026-10-01
NIFTY,2030-12-31,28500.0,PE,0.0,0.0,0.0,1083.1,2548.36,0,0.0,0,0,2026-10-01
NIFTY,2030-12-31,22500.0,PE,0.0,0.0,0.0,219.35,747.42,0,0.0,0,0,2026-10-01
NIFTY,2028-12-26,19500.0,PE,0.0,0.0,0.0,49.0,265.65,0,0.0,0,0,2026-10-01
NIFTY,2028-06-27,31500.0,PE,0.0,0.0,0.0,2935.6,6146.41,0,0.0,0,0,2026-10-01
NIFTY,2028-06-27,22500.0,PE,0.0,0.0,0.0,206.95,861.43,0,0.0,0,0,2026-10-01
NIFTY,2027-12-28,25500.0,PE,0.0,0.0,0.0,676.05,2255.23,0,0.0,0,0,2026-10-01
NIFTY,2027-09-28,21000.0,PE,0.0,0.0,0.0,357.75,389.76,0,0.0,0,0,2026-10-01
NIFTY,2027-09-28,16500.0,PE,0.0,0.0,0.0,8.4,9.59,0,0.0,0,0,2026-10-01
NIFTY,2027-06-29,16500.0,PE,32.05,41.8,32.05,41.8,3.9,2,2149800.25,780,0,2026-10-01
NIFTY,2027-03-30,28500.0,PE,0.0,0.0,0.0,2937.15,5232.41,0,0.0,65,0,2026-10-01
NIFTY,2027-03-30,21000.0,PE,190.05,262.8,175.3,208.45,208.45,9133,12592696870.0,1108380,-29900,2026-10-01
NIFTY,2026-12-29,25500.0,PE,2510.0,2884.75,2500.05,2668.45,2668.45,736,1343446906.75,327275,-28795,2026-10-01
NIFTY,2026-12-29,24250.0,PE,1628.45,1631.05,1628.45,1631.05,1672.35,6,10093102.5,3770,-390,2026-10-01
NIFTY,2026-12-29,24150.0,PE,1509.55,1509.55,1509.55,1509.55,1594.28,3,5003612.25,585,195,2026-10-01
NIFTY,2026-12-29,23800.0,PE,1246.6,1246.6,1185.4,1185.4,1185.4,2,3252080.0,1885,-65,2026-10-01
NIFTY,2026-12-29,23750.0,PE,1123.3,1123.3,1123.3,1123.3,1123.3,1,1616764.5,2795,0,2026-10-01
NIFTY,2026-12-29,23650.0,PE,1130.4,1163.65,1063.9,1063.9,1227.85,15,24153499.5,1690,780,2026-10-01
NIFTY,2026-12-29,22850.0,PE,496.1,668.9,485.05,591.2,591.2,302,458603687.75,13585,11765,2026-10-01
NIFTY,2026-12-29,21500.0,PE,161.95,252.65,144.85,188.55,188.55,8405,11853502482.25,236925,174590,2026-10-01
NIFTY,2026-12-29,21450.0,PE,149.75,232.35,138.45,179.65,179.65,304,427212844.5,8450,8450,2026-10-01
NIFTY,2026-11-23,26050.0,PE,0.0,0.0,0.0,1637.9,3393.86,0,0.0,0,0,2026-10-01
NIFTY,2026-11-23,25800.0,PE,0.0,0.0,0.0,2725.0,3148.99,0,0.0,585,0,2026-10-01
NIFTY,2026-11-23,24750.0,PE,0.0,0.0,0.0,807.55,2144.31,0,0.0,0,0,2026-10-01
NIFTY,2026-11-23,24300.0,PE,1505.65,1870.0,1505.65,1600.0,1600.0,55,92920044.75,13000,-2145,2026-10-01
NIFTY,2026-11-23,23750.0,PE,1065.0,1241.8,1065.0,1241.8,1277.28,6,9700678.0,2860,-65,2026-10-01
NIFTY,2026-11-23,22900.0,PE,489.95,731.9,466.05,585.0,585.0,1375,2099470568.0,51155,-8970,2026-10-01
NIFTY,2026-11-23,22850.0,PE,468.3,694.25,451.2,549.4,549.4,412,626895717.5,20735,-1755,2026-10-01
NIFTY,2026-11-23,22250.0,PE,241.15,406.15,234.5,301.65,301.65,611,897097318.0,14040,3965,2026-10-01
NIFTY,2026-11-23,21750.0,PE,145.0,239.2,130.3,175.9,175.9,208,296566998.0,5720,1885,2026-10-01
NIFTY,2026-11-23,21100.0,PE,63.0,129.0,63.0,90.55,90.55,613,845024609.0,13260,12285,2026-10-01
NIFTY,2026-11-23,20100.0,PE,0.0,0.0,0.0,3.0,12.08,0,0.0,0,0,2026-10-01
NIFTY,2026-11-03,24500.0,PE,0.0,0.0,0.0,1160.15,1956.42,0,0.0,0,0,2026-10-01
NIFTY,2026-11-03,24050.0,PE,0.0,0.0,0.0,829.7,1535.72,0,0.0,0,0,2026-10-01
NIFTY,2026-11-03,23950.0,PE,0.0,0.0,0.0,763.55,1445.44,0,0.0,0,0,2026-10-01
NIFTY,2026-11-03,22500.0,PE,268.15,464.5,250.0,334.45,334.45,491,728658918.0,14690,-390,2026-10-01
NIFTY,2026-11-03,21450.0,PE,0.0,0.0,0.0,21.85,79.18,0,0.0,0,0,2026-10-01
NIFTY,2026-11-03,21300.0,PE,0.0,0.0,0.0,15.7,58.87,0,0.0,0,0,2026-10-01
NIFTY,2026-11-03,21100.0,PE,27.05,76.0,27.05,69.75,38.53,35,48128252.25,585,585,2026-10-01
NIFTY,2026-10-27,26050.0,PE,3585.0,3585.0,3580.0,3580.0,3518.5,4,7704125.0,130,-130,2026-10-01
NIFTY,2026-10-27,25800.0,PE,2803.0,3175.0,2803.0,3175.0,3269.66,2,3742570.0,11960,65,2026-10-01
NIFTY,2026-10-27,24450.0,PE,1822.0,2123.4,1784.05,1922.0,1934.89,16,27559545.0,8255,-520,2026-10-01
NIFTY,2026-10-27,23700.0,PE,1060.0,1375.0,1025.05,1170.85,1170.85,383,619741921.5,383305,-12870,2026-10-01
NIFTY,2026-10-27,23200.0,PE,645.75,935.85,601.15,742.25,742.25,10311,16069952167.75,2077790,-194025,2026-10-01
NIFTY,2026-10-27,21200.0,PE,33.7,75.1,29.45,45.15,45.15,11176,15438038014.75,372905,123110,2026-10-01
NIFTY,2026-10-27,20950.0,PE,24.75,53.35,22.0,33.6,33.6,1020,1391730070.25,24245,15340,2026-10-01
NIFTY,2026-10-27,20600.0,PE,17.1,35.0,15.3,22.8,22.8,8548,11461997384.5,244270,223275,2026-10-01
NIFTY,2026-10-27,20200.0,PE,0.0,0.0,0.0,8.2,1.48,0,0.0,0,0,2026-10-01
NIFTY,2026-10-19,24750.0,PE,0.0,0.0,0.0,1549.95,2256.72,0,0.0,0,0,2026-10-01
NIFTY,2026-10-19,24300.0,PE,0.0,0.0,0.0,1400.0,1811.23,0,0.0,975,0,2026-10-01
NIFTY,2026-10-19,24100.0,PE,0.0,0.0,0.0,1001.35,1615.42,0,0.0,0,0,2026-10-01
NIFTY,2026-10-19,23900.0,PE,0.0,0.0,0.0,777.4,1422.29,0,0.0,0,0,2026-10-01
NIFTY,2026-10-19,23600.0,PE,995.35,1212.5,981.8,1198.35,1140.98,51,81816384.0,2600,-910,2026-10-01
NIFTY,2026-10-19,23450.0,PE,846.85,1089.35,846.85,1089.35,1006.02,9,14292596.5,3120,-65,2026-10-01
NIFTY,2026-10-19,23250.0,PE,673.7,850.0,643.7,800.0,834.4,9,14043500.25,3055,260,2026-10-01
NIFTY,2026-10-19,22650.0,PE,255.8,536.8,238.9,343.85,343.85,490,731714958.0,7800,-3185,2026-10-01
NIFTY,2026-10-19,22050.0,PE,80.55,202.4,75.0,116.9,116.9,1326,1911250994.25,9490,-10920,2026-10-01
NIFTY,2026-10-19,21000.0,PE,10.05,36.0,9.05,20.7,20.7,9324,12740643782.75,88270,50310,2026-10-01
NIFTY,2026-10-19,20200.0,PE,0.0,0.0,0.0,0.6,0.24,0,0.0,0,0,2026-10-01
NIFTY,2026-10-13,25100.0,PE,0.0,0.0,0.0,1406.65,2629.25,0,0.0,0,0,2026-10-01
NIFTY,2026-10-13,25050.0,PE,0.0,0.0,0.0,1363.6,2579.35,0,0.0,0,0,2026-10-01
NIFTY,2026-10-13,24900.0,PE,0.0,0.0,0.0,1237.05,2429.66,0,0.0,0,0,2026-10-01
NIFTY,2026-10-13,23750.0,PE,1315.0,1315.0,1305.65,1305.65,1288.61,3,4886459.5,4095,-130,2026-10-01
NIFTY,2026-10-13,23100.0,PE,528.0,845.15,495.4,637.0,637.0,2584,3994112859.75,128635,-48230,2026-10-01
NIFTY,2026-10-13,22800.0,PE,330.0,581.65,281.3,396.1,396.1,25017,37708147922.25,705835,-98410,2026-10-01
NIFTY,2026-10-13,21950.0,PE,45.9,130.6,35.65,63.65,63.65,8985,12866809666.75,73515,36855,2026-10-01
NIFTY,2026-10-13,21650.0,PE,23.0,70.15,17.6,32.55,32.55,9570,13490343324.25,89180,61230,2026-10-01
NIFTY,2026-10-13,20550.0,PE,5.65,10.55,3.65,5.5,5.5,2612,3490078705.75,34840,21060,2026-10-01
NIFTY,2026-10-13,20150.0,PE,0.0,0.0,0.0,0.15,0.01,0,0.0,0,0,2026-10-01
NIFTY,2026-10-06,25650.0,PE,0.0,0.0,0.0,2795.5,3207.26,0,0.0,260,0,2026-10-01
NIFTY,2026-10-06,25450.0,PE,0.0,0.0,0.0,1346.9,3007.42,0,0.0,0,0,2026-10-01
NIFTY,2026-10-06,25400.0,PE,2800.0,2800.0,2800.0,2800.0,2957.46,8,14664000.0,2080,520,2026-10-01
NIFTY,2026-10-06,24650.0,PE,0.0,0.0,0.0,1900.0,2208.07,0,0.0,3835,0,2026-10-01
NIFTY,2026-10-06,24300.0,PE,1675.0,2027.5,1675.0,1832.8,1832.8,35,59439168.75,56485,-1170,2026-10-01
NIFTY,2026-10-06,23000.0,PE,450.0,750.0,388.0,549.25,549.25,63274,96731243703.25,1663805,-671450,2026-10-01
NIFTY,2026-10-06,22700.0,PE,190.0,470.0,163.05,280.1,280.1,728841,1086306233993.5,2634970,-3150030,2026-10-01
NIFTY,2026-10-06,20500.0,PE,0.95,2.45,0.7,1.3,1.3,293655,391321490053.0,7036900,1007760,2026-10-01
NIFTY,2026-10-06,20400.0,PE,1.65,2.25,0.9,1.2,1.2,1360,1803477100.75,23075,23075,2026-10-01
NIFTY,2031-06-24,24000.0,CE,0.0,0.0,0.0,7181.9,5671.82,0,0.0,0,0,2026-10-01
NIFTY,2030-12-31,30000.0,CE,0.0,0.0,0.0,5227.2,2709.98,0,0.0,0,0,2026-10-01
NIFTY,2030-06-25,22500.0,CE,0.0,0.0,0.0,9012.4,5453.35,0,0.0,0,0,2026-10-01
NIFTY,2029-12-24,31500.0,CE,0.0,0.0,0.0,3429.3,1405.13,0,0.0,0,0,2026-10-01
NIFTY,2029-12-24,15000.0,CE,0.0,0.0,0.0,13369.45,10233.79,0,0.0,0,0,2026-10-01
NIFTY,2029-06-26,30000.0,CE,0.0,0.0,0.0,5268.4,1332.85,0,0.0,0,0,2026-10-01
NIFTY,2029-06-26,28500.0,CE,0.0,0.0,0.0,4213.3,1730.39,0,0.0,0,0,2026-10-01
NIFTY,2028-06-27,18000.0,CE,0.0,0.0,0.0,6809.35,6401.9,0,0.0,0,0,2026-10-01
NIFTY,2027-09-28,21000.0,CE,0.0,0.0,0.0,3277.85,3093.47,0,0.0,0,0,2026-10-01
NIFTY,2027-06-29,31500.0,CE,0.0,0.0,0.0,769.15,20.43,0,0.0,0,0,2026-10-01
NIFTY,2027-06-29,19000.0,CE,0.0,0.0,0.0,7800.0,4367.99,0,0.0,75,0,2026-10-01
NIFTY,2026-12-29,23600.0,CE,265.05,273.75,212.35,239.6,239.6,799,1238335738.25,22295,8060,2026-10-01
NIFTY,2026-12-29,23450.0,CE,326.3,326.3,250.6,281.35,281.35,290,447396264.25,10010,6760,2026-10-01
NIFTY,2026-12-29,23000.0,CE,508.0,520.0,402.0,454.8,454.8,25927,39537498539.5,1537780,-2615,2026-10-01
NIFTY,2026-12-29,20850.0,CE,0.0,0.0,0.0,2255.35,2002.13,0,0.0,0,0,2026-10-01
NIFTY,2026-11-23,26050.0,CE,8.1,9.9,8.1,9.4,4.9,20,33876862.5,2275,260,2026-10-01
NIFTY,2026-11-23,25350.0,CE,15.0,15.0,15.0,15.0,16.84,1,1648725.0,455,0,2026-10-01
NIFTY,2026-11-23,25000.0,CE,22.0,24.45,19.15,22.7,22.7,12657,20585582238.0,1128335,-24895,2026-10-01
NIFTY,2026-11-23,24700.0,CE,29.0,31.4,21.8,29.2,29.2,636,1022188209.25,44005,-2730,2026-10-01
NIFTY,2026-11-23,24400.0,CE,39.85,45.25,31.95,41.7,41.7,2372,3767949601.0,84630,-5590,2026-10-01
NIFTY,2026-11-23,22900.0,CE,369.95,385.6,276.0,329.2,329.2,1789,2700938714.5,67990,-1820,2026-10-01
NIFTY,2026-11-23,22550.0,CE,564.45,574.8,424.5,503.4,503.4,194,290342471.25,5850,5200,2026-10-01
NIFTY,2026-11-23,22050.0,CE,900.0,900.0,715.1,758.55,869.22,4,5936154.25,130,-65,2026-10-01
NIFTY,2026-11-23,21550.0,CE,0.0,0.0,0.0,3139.0,1226.48,0,0.0,0,0,2026-10-01
NIFTY,2026-11-23,21200.0,CE,0.0,0.0,0.0,3469.95,1510.44,0,0.0,0,0,2026-10-01
NIFTY,2026-11-03,25100.0,CE,8.95,11.65,6.0,9.95,9.95,290,473313402.25,24635,5070,2026-10-01
NIFTY,2026-11-03,23850.0,CE,0.0,0.0,0.0,341.7,65.17,0,0.0,0,0,2026-10-01
NIFTY,2026-11-03,23200.0,CE,130.0,154.4,103.0,127.45,127.45,214,324452791.0,6955,-65,2026-10-01
NIFTY,2026-11-03,21950.0,CE,0.0,0.0,0.0,1587.3,785.43,0,0.0,0,0,2026-10-01
NIFTY,2026-11-03,21850.0,CE,0.0,0.0,0.0,1676.7,858.26,0,0.0,0,0,2026-10-01
NIFTY,2026-11-03,21600.0,CE,0.0,0.0,0.0,1906.05,1050.24,0,0.0,0,0,2026-10-01
NIFTY,2026-11-03,20750.0,CE,0.0,0.0,0.0,2724.4,1807.59,0,0.0,0,0,2026-10-01
NIFTY,2026-10-27,26950.0,CE,0.0,0.0,0.0,4.25,0.0,0,0.0,780,0,2026-10-01
NIFTY,2026-10-27,26800.0,CE,0.0,0.0,0.0,1.05,0.0,0,0.0,390,0,2026-10-01
NIFTY,2026-10-27,26550.0,CE,0.0,0.0,0.0,1.25,0.01,0,0.0,780,0,2026-10-01
NIFTY,2026-10-27,26150.0,CE,0.0,0.0,0.0,4.85,0.05,0,0.0,455,0,2026-10-01
NIFTY,2026-10-27,24350.0,CE,12.0,13.5,9.7,11.4,11.4,5122,8110510395.0,86320,-73255,2026-10-01
NIFTY,2026-10-27,23300.0,CE,71.0,85.0,55.05,67.75,67.75,63622,96637328950.5,3455010,244140,2026-10-01
NIFTY,2026-10-27,22900.0,CE,169.95,209.85,131.2,164.5,164.5,35692,53505664914.0,1260675,350610,2026-10-01
NIFTY,2026-10-27,22200.0,CE,592.0,630.0,432.15,533.4,533.4,6315,9313996155.75,108290,84045,2026-10-01
NIFTY,2026-10-27,21900.0,CE,843.0,858.6,625.8,756.5,756.5,453,665052930.75,21905,15795,2026-10-01
NIFTY,2026-10-27,21700.0,CE,980.0,980.0,776.85,924.35,924.35,73,107115872.5,1820,1625,2026-10-01
NIFTY,2026-10-27,21450.0,CE,1084.5,1084.5,1084.5,1084.5,1120.32,1,1464742.5,65,65,2026-10-01
NIFTY,2026-10-27,21250.0,CE,1356.25,1356.25,1356.25,1356.25,1356.25,1,1469406.25,65,65,2026-10-01
NIFTY,2026-10-27,20950.0,CE,0.0,0.0,0.0,3376.9,1576.78,0,0.0,0,0,2026-10-01
NIFTY,2026-10-27,20700.0,CE,0.0,0.0,0.0,3614.75,1817.09,0,0.0,0,0,2026-10-01
NIFTY,2026-10-27,20650.0,CE,0.0,0.0,0.0,3662.6,1865.72,0,0.0,0,0,2026-10-01
NIFTY,2026-10-27,20450.0,CE,0.0,0.0,0.0,3854.95,2061.59,0,0.0,0,0,2026-10-01
NIFTY,2026-10-19,24550.0,CE,0.0,0.0,0.0,5.6,1.7,0,0.0,1365,0,2026-10-01
NIFTY,2026-10-19,23000.0,CE,115.0,121.05,70.75,88.3,88.3,14261,21404979245.0,335400,181155,2026-10-01
NIFTY,2026-10-19,22550.0,CE,301.0,324.7,189.55,250.65,250.65,1263,1872753691.25,15210,11895,2026-10-01
NIFTY,2026-10-19,22200.0,CE,490.0,490.0,367.8,468.3,468.3,474,696628419.5,5850,5070,2026-10-01
NIFTY,2026-10-19,21900.0,CE,720.35,724.0,714.05,718.8,718.8,15,22053323.5,195,195,2026-10-01
NIFTY,2026-10-19,21400.0,CE,0.0,0.0,0.0,1444.1,1112.27,0,0.0,65,0,2026-10-01
NIFTY,2026-10-06,20400.0,CE,0.0,0.0,0.0,3773.7,2038.49,0,0.0,0,0,2026-10-01
NIFTY,2026-10-06,21550.0,CE,0.0,0.0,0.0,1181.35,891.54,0,0.0,390,0,2026-10-01
NIFTY,2026-10-06,21600.0,CE,1039.55,1039.55,675.0,848.55,848.55,170,247809578.25,4875,2860,2026-10-01
NIFTY,2026-10-06,22000.0,CE,575.55,640.0,320.65,475.4,475.4,74680,108854726292.0,775905,358475,2026-10-01
NIFTY,2026-10-06,22800.0,CE,56.45,62.4,18.85,24.75,24.75,1883167,2795224915271.75,8943090,711360,2026-10-01
NIFTY,2026-10-06,23950.0,CE,1.85,1.85,1.0,1.15,1.15,64754,100811951015.75,900380,351325,2026-10-01
NIFTY,2026-10-06,24600.0,CE,0.85,1.2,0.55,0.7,0.7,62522,99975827874.0,1218620,-955825,2026-10-01
NIFTY,2026-10-06,24800.0,CE,0.9,1.15,0.5,0.6,0.6,36867,59431535436.0,388310,-490945,2026-10-01
NIFTY,2026-10-06,25550.0,CE,0.6,0.85,0.4,0.5,0.5,863,1433258911.5,22750,3900,2026-10-01
NIFTY,2026-10-06,25600.0,CE,0.5,0.8,0.4,0.55,0.55,9533,15863239018.25,140530,-73970,2026-10-01
NIFTY,2026-10-06,25750.0,CE,0.7,0.9,0.4,0.45,0.45,4202,7033255697.0,73125,16770,2026-10-01
NIFTY,2026-10-13,20050.0,CE,0.0,0.0,0.0,3696.8,2410.94,0,0.0,0,0,2026-10-01
NIFTY,2026-10-13,21000.0,CE,1393.5,1500.0,1393.5,1500.0,1500.0,21,30598194.25,1365,1365,2026-10-01
NIFTY,2026-10-13,21050.0,CE,0.0,0.0,0.0,2704.75,1415.44,0,0.0,0,0,2026-10-01
NIFTY,2026-10-13,21200.0,CE,0.0,0.0,0.0,2556.95,1268.29,0,0.0,0,0,2026-10-01
NIFTY,2026-10-13,21550.0,CE,915.2,915.2,911.2,913.75,934.81,6,8760732.5,130,130,2026-10-01
NIFTY,2026-10-13,22900.0,CE,108.3,108.3,48.45,65.15,65.15,72688,108522168946.75,866905,395915,2026-10-01
NIFTY,2026-10-13,24400.0,CE,2.65,2.7,1.4,1.7,1.7,27401,43461626412.75,576420,256620,2026-10-01
NIFTY,2026-10-13,24800.0,CE,1.85,1.85,1.15,1.5,1.5,2983,4808858544.75,73580,8645,2026-10-01
NIFTY,2026-10-27,21700.0,PE,72.35,154.15,60.0,92.3,92.3,22223,31491141350.5,541970,25220,2026-10-01
NIFTY,2026-10-27,23300.0,PE,736.95,1019.75,677.95,819.9,819.9,5585,8765001141.0,2537340,-123175,2026-10-01
NIFTY,2026-10-27,23350.0,PE,752.5,1064.7,739.25,852.8,852.8,171,268970292.5,27560,-4420,2026-10-01
NIFTY,2026-10-27,23950.0,PE,1302.9,1484.55,1302.9,1484.5,1458.92,3,4947926.75,4615,-195,2026-10-01
NIFTY,2026-10-27,24000.0,PE,1337.35,1675.15,1304.0,1466.6,1466.6,10273,17013969628.5,2715440,-184925,2026-10-01
NIFTY,2026-10-27,24550.0,PE,2077.7,2083.25,2077.7,2083.25,2032.27,3,5192762.25,6565,-65,2026-10-01
NIFTY,2026-10-27,24750.0,PE,0.0,0.0,0.0,1810.0,2228.32,0,0.0,715,0,2026-10-01
NIFTY,2026-10-27,25450.0,PE,0.0,0.0,0.0,1850.0,2921.51,0,0.0,325,0,2026-10-01
NIFTY,2026-10-27,25650.0,PE,0.0,0.0,0.0,2492.35,3120.4,0,0.0,195,0,2026-10-01
NIFTY,2026-10-27,26500.0,PE,3739.2,4140.5,3739.15,3927.4,3927.4,148,292309907.5,540995,-1430,2026-10-01
NIFTY,2026-10-27,26750.0,PE,0.0,0.0,0.0,2501.2,4215.49,0,0.0,0,0,2026-10-01
NIFTY,2026-11-03,20100.0,PE,0.0,0.0,0.0,0.6,2.65,0,0.0,0,0,2026-10-01
NIFTY,2026-11-03,20500.0,PE,25.9,25.9,25.9,25.9,8.71,4,5336734.0,260,260,2026-10-01
NIFTY,2026-11-03,20850.0,PE,0.0,0.0,0.0,5.3,21.59,0,0.0,0,0,2026-10-01
NIFTY,2026-11-03,21350.0,PE,0.0,0.0,0.0,17.55,65.12,0,0.0,0,0,2026-10-01
NIFTY,2026-11-03,21750.0,PE,85.9,174.1,85.65,174.1,135.94,9,12798890.0,1560,325,2026-10-01
NIFTY,2026-11-03,22250.0,PE,188.25,346.9,177.15,243.05,243.05,42,61376864.25,2275,0,2026-10-01
NIFTY,2026-11-03,22700.0,PE,358.0,571.1,331.7,439.85,439.85,67,100732430.5,7930,-780,2026-10-01
NIFTY,2026-11-03,23500.0,PE,890.0,1070.0,868.0,985.6,985.6,10,15896010.0,9425,65,2026-10-01
NIFTY,2026-11-03,23800.0,PE,0.0,0.0,0.0,669.7,1312.93,0,0.0,0,0,2026-10-01
NIFTY,2026-11-03,24250.0,PE,0.0,0.0,0.0,970.25,1720.15,0,0.0,0,0,2026-10-01
NIFTY,2026-10-27,23050.0,PE,530.95,805.65,498.3,622.75,622.75,327,503360552.5,53690,-5720,2026-10-01
NIFTY,2030-12-31,19500.0,PE,0.0,0.0,0.0,67.4,298.99,0,0.0,0,0,2026-10-01
NIFTY,2030-12-31,16500.0,PE,0.0,0.0,0.0,13.65,85.54,0,0.0,0,0,2026-10-01
NIFTY,2029-12-24,30000.0,PE,3010.05,3010.05,3010.05,3010.05,3779.97,1,2145653.25,1430,65,2026-10-01
NIFTY,2029-12-24,21000.0,PE,0.0,0.0,0.0,418.05,509.57,0,0.0,1885,0,2026-10-01
NIFTY,2029-12-24,16500.0,PE,0.0,0.0,0.0,10.15,71.29,0,0.0,0,0,2026-10-01
NIFTY,2027-12-28,24000.0,PE,1125.15,1320.95,1113.2,1203.35,1203.35,1234,2023817965.0,254830,-5135,2026-10-01
NIFTY,2027-09-28,25500.0,PE,0.0,0.0,0.0,2230.25,2344.02,0,0.0,0,0,2026-10-01
NIFTY,2027-09-28,22500.0,PE,761.85,761.85,761.85,761.85,818.9,1,1512020.25,65,65,2026-10-01
NIFTY,2027-03-30,22500.0,PE,479.85,642.0,460.5,540.3,540.3,7278,10906597198.25,764920,-68250,2026-10-01
NIFTY,2026-12-29,24350.0,PE,0.0,0.0,0.0,1261.6,1751.87,0,0.0,390,0,2026-10-01
NIFTY,2026-12-29,24050.0,PE,0.0,0.0,0.0,1075.15,1518.63,0,0.0,845,0,2026-10-01
NIFTY,2026-12-29,23400.0,PE,805.95,1060.0,779.15,885.95,885.95,105,166178028.25,3640,2925,2026-10-01
NIFTY,2026-12-29,23200.0,PE,680.0,922.6,657.15,777.85,777.85,126,196083455.75,7800,2535,2026-10-01
NIFTY,2026-12-29,23150.0,PE,786.95,786.95,780.2,780.2,907.86,7,10889879.0,6890,-65,2026-10-01
NIFTY,2026-12-29,22950.0,PE,551.55,715.95,530.85,641.3,641.3,227,346984199.25,13975,9230,2026-10-01
NIFTY,2026-12-29,22800.0,PE,481.3,699.9,465.15,568.0,568.0,1270,1929329723.75,74880,46085,2026-10-01
NIFTY,2026-12-29,21800.0,PE,201.05,318.7,188.95,240.95,240.95,1239,1776220582.5,64935,38935,2026-10-01
NIFTY,2026-12-29,21600.0,PE,169.2,272.0,159.35,202.95,202.95,361,511673997.25,20150,8970,2026-10-01
NIFTY,2026-12-29,20950.0,PE,103.7,163.9,93.05,120.85,120.85,556,761176663.0,17680,16900,2026-10-01
NIFTY,2026-12-29,20500.0,PE,62.75,81.0,62.75,67.35,67.35,20,26737506.25,1300,1300,2026-10-01
NIFTY,2026-12-29,20400.0,PE,0.0,0.0,0.0,45.15,60.58,0,0.0,0,0,2026-10-01
NIFTY,2026-12-29,20000.0,PE,66.9,86.1,52.0,65.85,65.85,19876,25927314591.75,1869970,77175,2026-10-01
NIFTY,2026-12-29,18000.0,PE,22.0,27.7,21.2,22.3,22.3,8198,9604428028.0,882915,123110,2026-10-01
NIFTY,2026-12-29,16500.0,PE,13.0,22.8,13.0,14.25,14.25,12,12881661.0,6110,715,2026-10-01
NIFTY,2026-12-29,14000.0,PE,7.0,8.95,4.55,5.55,5.55,214,194825237.75,12275,-1755,2026-10-01
NIFTY,2026-11-23,25650.0,PE,0.0,0.0,0.0,1350.35,3002.72,0,0.0,0,0,2026-10-01
NIFTY,2026-11-23,25600.0,PE,0.0,0.0,0.0,2600.0,2954.1,0,0.0,195,0,2026-10-01
NIFTY,2026-11-23,22600.0,PE,361.95,568.0,339.05,430.7,430.7,4299,6434946989.25,84890,1755,2026-10-01
NIFTY,2026-11-23,22500.0,PE,329.4,512.75,299.0,382.65,382.65,21402,31839904382.0,1514110,182715,2026-10-01
NIFTY,2026-11-23,21400.0,PE,99.25,171.4,88.35,121.45,121.45,1547,2164593957.5,61815,23855,2026-10-01
NIFTY,2026-11-23,20700.0,PE,47.05,86.6,45.85,60.4,60.4,638,861307216.25,33930,33540,2026-10-01
NIFTY,2026-11-23,20300.0,PE,0.0,0.0,0.0,4.4,18.52,0,0.0,0,0,2026-10-01
NIFTY,2026-11-23,20250.0,PE,0.0,0.0,0.0,4.0,16.68,0,0.0,0,0,2026-10-01
NIFTY,2026-11-03,24950.0,PE,0.0,0.0,0.0,1534.25,2392.13,0,0.0,0,0,2026-10-01
NIFTY,2026-11-03,24450.0,PE,0.0,0.0,0.0,1121.05,1908.75,0,0.0,0,0,2026-10-01
NIFTY,2026-10-06,20250.0,CE,0.0,0.0,0.0,3922.8,2188.37,0,0.0,0,0,2026-10-01
NIFTY,2026-10-06,20500.0,CE,0.0,0.0,0.0,3674.35,1938.57,0,0.0,0,0,2026-10-01
NIFTY,2026-10-06,21300.0,CE,0.0,0.0,0.0,2880.7,1139.52,0,0.0,0,0,2026-10-01
NIFTY,2026-10-06,22550.0,CE,153.0,176.6,50.9,85.45,85.45,2043845,3011266426389.0,4358185,3818035,2026-10-01
NIFTY,2026-10-06,24000.0,CE,1.65,1.95,1.0,1.15,1.15,772072,1204504496796.25,11099010,1923350,2026-10-01
NIFTY,2026-10-06,25350.0,CE,0.75,0.9,0.4,0.5,0.5,2373,3910202400.0,18265,8645,2026-10-01
NIFTY,2026-10-13,20600.0,CE,0.0,0.0,0.0,3150.35,1862.23,0,0.0,0,0,2026-10-01
NIFTY,2026-10-13,23800.0,CE,7.85,7.85,4.6,5.0,5.0,49694,76895639418.0,944385,-97175,2026-10-01
NIFTY,2026-10-13,25000.0,CE,1.3,1.6,1.1,1.35,1.35,13509,21953257855.75,369785,173745,2026-10-01
NIFTY,2026-10-13,25300.0,CE,1.45,1.45,0.95,1.05,1.05,768,1263030031.25,41600,37830,2026-10-01
NIFTY,2026-10-19,20600.0,CE,0.0,0.0,0.0,2633.35,1883.58,0,0.0,0,0,2026-10-01
NIFTY,2026-10-19,20700.0,CE,0.0,0.0,0.0,2534.65,1784.69,0,0.0,0,0,2026-10-01
NIFTY,2026-10-19,21250.0,CE,0.0,0.0,0.0,1998.25,1251.54,0,0.0,0,0,2026-10-01
NIFTY,2026-10-19,21350.0,CE,0.0,0.0,0.0,1902.6,1158.25,0,0.0,0,0,2026-10-01
NIFTY,2026-10-19,22400.0,CE,421.85,421.85,257.55,333.65,333.65,1874,2766715064.75,20150,18460,2026-10-01
NIFTY,2026-10-19,22950.0,CE,126.75,135.65,78.95,98.95,98.95,1003,1503076422.25,22100,12415,2026-10-01
NIFTY,2026-10-19,24450.0,CE,4.55,6.25,4.55,6.25,2.42,4,6358446.25,2275,-65,2026-10-01
NIFTY,2026-10-27,20100.0,CE,0.0,0.0,0.0,4194.1,2407.54,0,0.0,0,0,2026-10-01
NIFTY,2026-10-27,20150.0,CE,0.0,0.0,0.0,4145.5,2357.97,0,0.0,0,0,2026-10-01
NIFTY,2026-10-27,22500.0,CE,402.0,425.0,274.5,344.7,344.7,106687,158339570730.25,2210325,1171040,2026-10-01
NIFTY,2026-10-27,23750.0,CE,28.75,31.0,22.85,26.85,26.85,4522,6988561459.75,115375,-20540,2026-10-01
NIFTY,2026-10-27,23800.0,CE,22.05,27.7,20.35,23.8,23.8,37255,57691439549.25,1953705,261105,2026-10-01
NIFTY,2026-10-27,23850.0,CE,25.75,25.75,19.05,22.35,22.35,2993,4644168555.0,133705,29640,2026-10-01
NIFTY,2026-10-27,24650.0,CE,9.05,9.05,7.1,7.95,7.95,629,1008134575.5,32500,-5915,2026-10-01
NIFTY,2026-10-27,25250.0,CE,5.45,5.45,3.2,5.1,5.1,69,113268961.0,3835,1755,2026-10-01
NIFTY,2026-10-27,25950.0,CE,0.0,0.0,0.0,2.15,0.11,0,0.0,3380,0,2026-10-01
NIFTY,2026-10-27,26500.0,CE,1.1,1.1,0.7,0.9,0.9,1551,2671681756.25,730925,-7085,2026-10-01
NIFTY,2026-11-03,20300.0,CE,0.0,0.0,0.0,3168.4,2243.07,0,0.0,0,0,2026-10-01
NIFTY,2026-11-03,20850.0,CE,0.0,0.0,0.0,2626.3,1712.9,0,0.0,0,0,2026-10-01
NIFTY,2026-11-03,21000.0,CE,0.0,0.0,0.0,2479.75,1572.93,0,0.0,0,0,2026-10-01
NIFTY,2026-11-03,22000.0,CE,660.0,700.0,653.55,653.55,750.72,13,19162880.75,455,455,2026-10-01
NIFTY,2026-11-03,22950.0,CE,225.8,231.1,164.7,197.95,197.95,125,187985122.0,3250,1300,2026-10-01
NIFTY,2026-11-03,23650.0,CE,0.0,0.0,0.0,181.9,91.79,0,0.0,1495,0,2026-10-01
NIFTY,2026-11-03,23700.0,CE,0.0,0.0,0.0,401.3,84.42,0,0.0,0,0,2026-10-01
NIFTY,2026-11-03,23800.0,CE,48.55,48.55,35.2,43.45,43.45,575,891073469.0,22750,4550,2026-10-01
NIFTY,2026-11-03,24500.0,CE,14.45,21.0,13.35,18.1,18.1,80,127483271.5,3250,3250,2026-10-01
NIFTY,2026-11-03,24550.0,CE,14.45,14.45,10.5,12.3,16.77,7,11176142.25,520,260,2026-10-01
NIFTY,2026-11-03,24700.0,CE,12.85,14.5,10.7,13.85,13.85,280,449759709.75,19630,-1560,2026-10-01
NIFTY,2026-11-03,24750.0,CE,10.0,10.0,8.65,9.9,10.87,30,48281057.5,650,650,2026-10-01
NIFTY,2026-11-23,21050.0,CE,0.0,0.0,0.0,3613.45,1639.12,0,0.0,0,0,2026-10-01
NIFTY,2026-11-23,21300.0,CE,0.0,0.0,0.0,3374.8,1426.84,0,0.0,0,0,2026-10-01
NIFTY,2026-11-23,21400.0,CE,0.0,0.0,0.0,3280.1,1345.15,0,0.0,0,0,2026-10-01
NIFTY,2026-11-23,21800.0,CE,1122.05,1122.05,936.65,1029.7,1029.7,19,28231294.0,520,390,2026-10-01
NIFTY,2026-11-23,22850.0,CE,404.45,411.6,295.55,353.15,353.15,391,589725561.75,15860,9945,2026-10-01
NIFTY,2026-11-23,23150.0,CE,263.35,275.1,198.55,237.7,237.7,1219,1852959706.0,143780,13845,2026-10-01
NIFTY,2026-11-23,23650.0,CE,121.0,129.0,97.75,115.7,115.7,382,589978941.5,12610,-195,2026-10-01
NIFTY,2026-11-23,24200.0,CE,52.4,59.9,39.75,53.0,53.0,13976,22030377466.5,256425,87035,2026-10-01
NIFTY,2026-11-23,25700.0,CE,10.1,16.2,8.0,16.2,9.24,52,86898487.0,1560,845,2026-10-01
NIFTY,2026-12-29,20000.0,CE,2801.05,2928.0,2575.0,2771.45,2771.45,1841,2721313341.5,801800,36725,2026-10-01
NIFTY,2026-12-29,20450.0,CE,0.0,0.0,0.0,2614.3,2351.1,0,0.0,0,0,2026-10-01
NIFTY,2026-12-29,20750.0,CE,0.0,0.0,0.0,2343.6,2087.58,0,0.0,0,0,2026-10-01
NIFTY,2026-12-29,21200.0,CE,0.0,0.0,0.0,1955.8,1714.05,0,0.0,0,0,2026-10-01
NIFTY,2026-12-29,22200.0,CE,992.35,1008.05,812.0,911.45,911.45,138,206949743.0,4160,3380,2026-10-01
NIFTY,2026-12-29,22250.0,CE,932.5,932.5,808.0,884.9,884.9,10,15022039.5,1235,390,2026-10-01
NIFTY,2026-12-29,22650.0,CE,607.25,610.8,573.4,607.0,760.14,40,60429746.0,975,975,2026-10-01
NIFTY,2026-12-29,23100.0,CE,461.4,471.0,362.1,409.8,409.8,590,901642007.5,12415,6825,2026-10-01
NIFTY,2026-12-29,23950.0,CE,189.25,190.55,145.05,161.25,161.25,324,507806936.0,13065,13065,2026-10-01
NIFTY,2026-12-29,24150.0,CE,126.5,131.35,122.85,131.35,131.35,51,80474543.5,2470,2470,2026-10-01
NIFTY,2027-03-30,16500.0,CE,0.0,0.0,0.0,6995.9,6431.36,0,0.0,0,0,2026-10-01
NIFTY,2027-03-30,28500.0,CE,24.95,34.1,24.95,27.4,27.4,1065,1974927925.75,196885,-3835,2026-10-01
NIFTY,2028-06-27,22500.0,CE,0.0,0.0,0.0,6796.05,3136.63,0,0.0,0,0,2026-10-01
NIFTY,2028-06-27,28500.0,CE,0.0,0.0,0.0,2990.0,817.73,0,0.0,0,0,2026-10-01
NIFTY,2028-12-26,27000.0,CE,1340.05,1420.0,1250.0,1300.4,1300.4,30,55243321.25,5655,1040,2026-10-01
NIFTY,2029-06-26,22500.0,CE,0.0,0.0,0.0,7946.5,4349.51,0,0.0,0,0,2026-10-01
NIFTY,2030-06-25,28500.0,CE,0.0,0.0,0.0,5382.85,2703.9,0,0.0,0,0,2026-10-01
NIFTY,2030-06-25,30000.0,CE,0.0,0.0,0.0,5580.35,2227.33,0,0.0,0,0,2026-10-01
NIFTY,2031-06-24,22500.0,CE,0.0,0.0,0.0,8012.75,6475.12,0,0.0,0,0,2026-10-01
NIFTY,2026-10-06,21200.0,PE,1.65,7.35,1.25,2.4,2.4,420953,580160996918.75,1966055,599300,2026-10-01
NIFTY,2026-10-06,21350.0,PE,2.5,9.75,1.5,3.25,3.25,281819,391172727377.25,899860,266500,2026-10-01
NIFTY,2026-10-06,21400.0,PE,2.2,10.85,1.6,3.55,3.55,518431,721286117041.75,3186495,1300065,2026-10-01
NIFTY,2026-10-06,21950.0,PE,9.45,54.5,7.3,16.35,16.35,587089,838540185629.25,1872000,812825,2026-10-01
NIFTY,2026-10-06,22150.0,PE,20.55,111.65,16.25,36.2,36.2,949930,1370886875367.75,2636335,1527955,2026-10-01
NIFTY,2026-10-06,22250.0,PE,40.0,154.65,24.9,54.4,54.4,1416411,2055860982578.0,1937390,407485,2026-10-01
NIFTY,2026-10-06,23600.0,PE,1020.0,1337.0,975.0,1133.5,1133.5,879,1413773169.25,161265,-23010,2026-10-01
NIFTY,2026-10-06,24800.0,PE,2174.55,2500.0,2174.55,2339.65,2339.65,212,372059483.25,11245,-9165,2026-10-01
NIFTY,2026-10-13,20100.0,PE,4.2,5.0,3.5,3.9,3.9,9478,12385385967.5,504530,504530,2026-10-01
NIFTY,2026-10-13,20200.0,PE,0.0,0.0,0.0,0.15,0.02,0,0.0,0,0,2026-10-01
NIFTY,2026-10-13,20700.0,PE,5.05,12.6,3.9,6.5,6.5,6954,9359922266.5,98345,23465,2026-10-01
NIFTY,2026-10-13,20800.0,PE,5.4,13.85,4.15,7.25,7.25,13015,17603041254.5,143455,90545,2026-10-01
NIFTY,2026-10-13,20950.0,PE,5.9,17.05,5.0,9.05,9.05,2170,2956595079.75,22490,16575,2026-10-01
NIFTY,2026-10-13,22100.0,PE,68.1,177.7,51.65,90.6,90.6,36602,52825619873.0,332930,35035,2026-10-01
NIFTY,2026-10-13,22650.0,PE,250.0,469.0,202.05,299.05,299.05,9161,13646470246.5,47125,-42510,2026-10-01
NIFTY,2026-10-13,22900.0,PE,363.0,665.25,344.8,469.25,469.25,5625,8527571926.25,204295,-96005,2026-10-01
NIFTY,2026-10-13,23300.0,PE,740.0,1028.9,666.05,823.9,823.9,855,1340274945.75,143910,8645,2026-10-01
NIFTY,2026-10-13,23450.0,PE,838.8,1126.6,838.8,1126.6,1002.21,18,28487985.5,9360,-715,2026-10-01
NIFTY,2026-10-13,23600.0,PE,1006.95,1232.55,950.0,1112.8,1112.8,458,732476699.5,32045,-10725,2026-10-01
NIFTY,2026-10-13,24550.0,PE,0.0,0.0,0.0,961.3,2080.5,0,0.0,0,0,2026-10-01
NIFTY,2026-10-13,25400.0,PE,0.0,0.0,0.0,2600.0,2928.66,0,0.0,65,0,2026-10-01
NIFTY,2026-10-19,20700.0,PE,19.0,19.0,10.95,12.6,12.6,100,134650616.75,1885,1885,2026-10-01
NIFTY,2026-10-19,21200.0,PE,17.4,49.15,17.4,27.7,27.7,829,1144174450.25,12870,10595,2026-10-01
NIFTY,2026-10-19,21550.0,PE,45.65,65.85,44.0,44.8,44.8,46,64597877.5,2080,2080,2026-10-01
NIFTY,2026-10-19,21700.0,PE,40.8,112.45,38.3,63.65,63.65,1065,1507060347.0,17420,9100,2026-10-01
NIFTY,2026-10-19,23100.0,PE,544.4,777.4,520.0,652.6,652.6,80,123482333.0,7150,-65,2026-10-01
NIFTY,2026-10-19,23500.0,PE,884.7,1212.3,791.85,981.0,981.0,104,165739993.25,19435,-1105,2026-10-01
NIFTY,2026-10-19,24250.0,PE,0.0,0.0,0.0,1180.0,1762.09,0,0.0,65,0,2026-10-01
NIFTY,2026-10-27,20150.0,PE,0.0,0.0,0.0,7.5,1.22,0,0.0,0,0,2026-10-01
NIFTY,2026-10-27,21550.0,PE,50.0,123.55,48.0,72.65,72.65,1247,1753169002.0,33930,6955,2026-10-01
NIFTY,2026-12-29,21400.0,PE,147.95,233.65,132.9,172.25,172.25,465,652296336.25,8320,8320,2026-10-01
NIFTY,2026-12-29,22000.0,PE,240.0,380.0,225.0,289.45,289.45,31913,46253255113.0,3472080,-23725,2026-10-01
NIFTY,2026-12-29,22100.0,PE,258.45,406.7,247.35,315.1,315.1,539,786061009.5,15275,6760,2026-10-01
NIFTY,2026-12-29,22250.0,PE,299.15,460.3,282.15,353.35,353.35,281,413172275.75,4550,3900,2026-10-01
NIFTY,2026-12-29,22600.0,PE,404.5,600.0,388.5,481.15,481.15,565,847364020.75,17225,8580,2026-10-01
NIFTY,2026-12-29,23450.0,PE,1008.65,1008.65,907.25,907.25,907.25,7,11101476.75,1040,455,2026-10-01
NIFTY,2026-12-29,23850.0,PE,1290.9,1348.2,1224.35,1224.35,1369.18,71,116234095.25,3705,-130,2026-10-01
NIFTY,2026-12-29,23950.0,PE,1369.5,1373.45,1298.7,1298.7,1298.7,9,14798871.75,1300,390,2026-10-01
NIFTY,2026-11-23,22700.0,PE,389.05,619.75,378.0,470.75,470.75,3202,4822546917.5,95875,-32565,2026-10-01
NIFTY,2026-11-23,20950.0,PE,79.75,81.45,79.75,81.45,62.66,6,8201823.5,390,390,2026-10-01
NIFTY,2026-11-23,20750.0,PE,70.0,70.0,70.0,70.0,70.0,1,1353300.0,390,0,2026-10-01
NIFTY,2026-11-23,20500.0,PE,49.5,75.8,40.6,52.85,52.85,7377,9857115758.75,255645,26910,2026-10-01
NIFTY,2026-11-23,20200.0,PE,0.0,0.0,0.0,3.65,15.0,0,0.0,0,0,2026-10-01
NIFTY,2026-11-03,24750.0,PE,0.0,0.0,0.0,1363.45,2197.24,0,0.0,0,0,2026-10-01
NIFTY,2026-11-03,23600.0,PE,0.0,0.0,0.0,555.1,1142.63,0,0.0,0,0,2026-10-01
NIFTY,2026-11-03,23100.0,PE,580.85,670.0,580.8,670.0,670.0,14,21568638.0,1755,-260,2026-10-01
NIFTY,2026-11-03,22900.0,PE,457.15,721.15,442.3,544.95,544.95,157,239346952.0,3575,-2990,2026-10-01
NIFTY,2026-11-03,21950.0,PE,117.45,237.85,117.45,163.2,163.2,70,100773003.5,2340,-325,2026-10-01
NIFTY,2026-10-27,25950.0,PE,0.0,0.0,0.0,1842.3,3418.96,0,0.0,0,0,2026-10-01
NIFTY,2026-10-27,25350.0,PE,0.0,0.0,0.0,2416.7,2822.14,0,0.0,1495,0,2026-10-01
NIFTY,2026-10-27,23500.0,PE,844.4,1205.0,840.0,999.4,999.4,17154,27311611431.0,5828680,-265330,2026-10-01
NIFTY,2026-10-27,22300.0,PE,183.9,348.95,161.7,226.7,226.7,105730,155100039428.75,2615600,1495260,2026-10-01
NIFTY,2026-10-27,20400.0,PE,15.0,15.0,15.0,15.0,15.0,20,26539500.0,1300,1300,2026-10-01
NIFTY,2026-10-19,25050.0,PE,0.0,0.0,0.0,1825.8,2555.28,0,0.0,0,0,2026-10-01
NIFTY,2026-10-19,24900.0,PE,0.0,0.0,0.0,1686.55,2405.92,0,0.0,0,0,2026-10-01
NIFTY,2026-10-19,24500.0,PE,0.0,0.0,0.0,1329.5,2008.66,0,0.0,0,0,2026-10-01
NIFTY,2026-10-19,22800.0,PE,357.15,601.85,311.9,423.8,423.8,1090,1646885730.75,76765,-650,2026-10-01
NIFTY,2026-10-19,22600.0,PE,241.75,463.8,218.1,315.45,315.45,3266,4857904304.5,29510,-14365,2026-10-01
NIFTY,2026-10-19,21900.0,PE,57.05,158.5,52.7,91.2,91.2,1829,2617356608.75,38480,29315,2026-10-01
NIFTY,2026-10-19,21750.0,PE,42.25,123.2,41.5,69.55,69.55,625,886569531.25,6695,845,2026-10-01
NIFTY,2026-10-19,21650.0,PE,32.0,91.85,32.0,62.3,62.3,40,56464863.0,1625,1560,2026-10-01
NIFTY,2026-10-19,20400.0,PE,0.0,0.0,0.0,1.15,0.64,0,0.0,0,0,2026-10-01
NIFTY,2026-10-13,20850.0,PE,6.15,14.85,4.3,7.8,7.8,1478,2003982272.5,22360,7540,2026-10-01
NIFTY,2026-10-13,20450.0,PE,7.55,8.05,3.55,4.8,4.8,33,43878116.75,1300,1300,2026-10-01
NIFTY,2026-10-06,24850.0,PE,2382.9,2480.0,2382.9,2480.0,2407.91,3,5323038.5,325,-65,2026-10-01
NIFTY,2026-10-06,24450.0,PE,0.0,0.0,0.0,1655.0,2008.23,0,0.0,1040,0,2026-10-01
NIFTY,2026-10-06,23950.0,PE,1336.0,1478.35,1336.0,1478.35,1478.35,12,19776870.75,45175,0,2026-10-01
NIFTY,2026-10-06,23700.0,PE,1157.75,1437.0,1068.35,1237.7,1237.7,1323,2137190204.5,85995,-54275,2026-10-01
NIFTY,2026-10-06,22350.0,PE,57.95,208.6,38.75,81.4,81.4,1663431,2428016155506.5,2359955,1249755,2026-10-01
NIFTY,2026-10-06,22050.0,PE,17.0,78.7,10.8,24.25,24.25,698694,1002954956649.75,1805050,990860,2026-10-01
NIFTY,2026-10-06,20550.0,PE,0.95,2.25,0.7,1.2,1.2,96666,129129719104.75,183690,-78260,2026-10-01
NIFTY,2026-10-06,20100.0,PE,0.8,1.5,0.6,0.9,0.9,834,1089675054.0,23270,23270,2026-10-01
NIFTY,2030-12-31,27000.0,CE,0.0,0.0,0.0,6772.8,3791.55,0,0.0,0,0,2026-10-01
NIFTY,2030-12-31,22500.0,CE,0.0,0.0,0.0,9536.95,5993.42,0,0.0,0,0,2026-10-01
NIFTY,2030-06-25,33000.0,CE,0.0,0.0,0.0,4416.45,1485.04,0,0.0,0,0,2026-10-01
NIFTY,2030-06-25,24000.0,CE,0.0,0.0,0.0,8591.55,4633.68,0,0.0,0,0,2026-10-01
NIFTY,2028-12-26,30000.0,CE,628.0,628.0,609.0,617.6,617.6,38,75623843.75,21185,-195,2026-10-01
NIFTY,2028-12-26,28500.0,CE,0.0,0.0,0.0,3608.65,1260.4,0,0.0,0,0,2026-10-01
NIFTY,2028-12-26,28000.0,CE,1116.0,1120.0,980.0,1030.0,1030.0,27,51063229.75,10995,-130,2026-10-01
NIFTY,2028-12-26,25500.0,CE,1766.05,1806.65,1766.05,1806.65,2257.01,2,3547225.5,715,130,2026-10-01
NIFTY,2028-12-26,24000.0,CE,2850.0,2885.9,2675.0,2864.3,2864.3,5,8710013.0,2795,130,2026-10-01
NIFTY,2028-12-26,18000.0,CE,0.0,0.0,0.0,9380.3,6929.75,0,0.0,0,0,2026-10-01
NIFTY,2028-06-27,15000.0,CE,0.0,0.0,0.0,8633.05,8999.28,0,0.0,0,0,2026-10-01
NIFTY,2027-12-28,24000.0,CE,1500.0,1520.0,1386.0,1434.3,1434.3,913,1510092944.75,177645,20865,2026-10-01
NIFTY,2027-09-28,30000.0,CE,0.0,0.0,0.0,153.4,132.05,0,0.0,0,0,2026-10-01
NIFTY,2027-06-29,30000.0,CE,56.8,56.8,56.8,56.8,51.38,1,1953692.0,3965,65,2026-10-01
NIFTY,2026-12-29,26000.0,CE,24.9,30.7,23.45,25.3,25.3,19139,32377969331.5,4113700,-52075,2026-10-01
NIFTY,2026-12-29,25000.0,CE,56.05,67.75,45.8,54.2,54.2,57711,93990678382.25,4214235,169215,2026-10-01
NIFTY,2026-12-29,23500.0,CE,305.8,306.0,236.0,268.15,268.15,12208,18860126766.0,381745,216190,2026-10-01
NIFTY,2026-12-29,22950.0,CE,528.15,546.15,424.0,481.5,481.5,177,269729794.75,5135,3250,2026-10-01
NIFTY,2026-12-29,22550.0,CE,778.0,778.0,611.85,676.5,811.63,22,33183120.75,910,910,2026-10-01
NIFTY,2026-12-29,22150.0,CE,1003.85,1003.85,865.35,865.35,1039.67,15,22471478.25,1105,910,2026-10-01
NIFTY,2026-12-29,21950.0,CE,0.0,0.0,0.0,1255.95,1166.69,0,0.0,975,0,2026-10-01
NIFTY,2026-12-29,21750.0,CE,1337.3,1341.0,1179.15,1259.35,1259.35,32,47886400.25,2665,1885,2026-10-01
NIFTY,2026-12-29,21400.0,CE,1500.15,1500.15,1378.75,1460.0,1558.06,17,25245749.75,910,910,2026-10-01
NIFTY,2026-12-29,21300.0,CE,1500.55,1500.55,1500.55,1500.55,1635.21,3,4446107.25,195,195,2026-10-01
NIFTY,2026-12-29,20050.0,CE,0.0,0.0,0.0,2986.45,2716.22,0,0.0,0,0,2026-10-01
NIFTY,2026-11-23,25500.0,CE,13.95,15.45,12.0,13.75,13.75,3391,5623550052.25,388895,18785,2026-10-01
NIFTY,2026-11-23,24900.0,CE,20.1,27.85,20.1,22.55,34.6,38,61563606.0,1625,1625,2026-10-01
NIFTY,2026-11-23,24650.0,CE,34.8,36.5,25.5,35.9,35.9,39,62567885.25,3835,-65,2026-10-01
NIFTY,2026-11-23,24450.0,CE,43.1,43.1,28.4,40.4,67.08,45,71632057.25,17420,325,2026-10-01
NIFTY,2026-11-23,23900.0,CE,85.45,90.05,65.1,81.4,81.4,4749,7401371948.75,119275,7930,2026-10-01
NIFTY,2026-11-23,23700.0,CE,117.85,121.0,89.65,106.55,106.55,5293,8189480604.5,145405,35880,2026-10-01
NIFTY,2026-11-23,22450.0,CE,516.4,573.3,478.5,568.2,568.2,86,128416759.25,2600,2340,2026-10-01
NIFTY,2026-11-23,21750.0,CE,0.0,0.0,0.0,2952.95,1076.91,0,0.0,0,0,2026-10-01
NIFTY,2026-11-23,21450.0,CE,0.0,0.0,0.0,3232.9,1305.06,0,0.0,0,0,2026-10-01
NIFTY,2026-11-23,21000.0,CE,1820.0,1844.85,1564.15,1691.3,1691.3,201,296667358.0,17290,7865,2026-10-01
NIFTY,2026-11-23,20550.0,CE,0.0,0.0,0.0,4096.8,2091.06,0,0.0,0,0,2026-10-01
NIFTY,2026-11-03,24400.0,CE,15.65,16.6,15.65,16.45,22.9,12,19044590.5,390,390,2026-10-01
NIFTY,2026-11-03,24100.0,CE,0.0,0.0,0.0,257.0,41.29,0,0.0,0,0,2026-10-01
NIFTY,2026-11-03,22450.0,CE,391.65,443.6,355.55,431.9,431.9,67,99537129.25,2080,2080,2026-10-01
NIFTY,2026-11-03,22300.0,CE,600.0,611.05,428.55,516.85,516.85,139,205777227.5,2730,2730,2026-10-01
NIFTY,2026-11-03,20600.0,CE,0.0,0.0,0.0,2872.0,1951.3,0,0.0,0,0,2026-10-01
NIFTY,2026-10-27,26700.0,CE,0.0,0.0,0.0,0.75,0.01,0,0.0,715,0,2026-10-01
NIFTY,2026-10-27,26100.0,CE,1.8,2.3,0.85,1.85,1.85,227,385129764.5,10335,-8060,2026-10-01
NIFTY,2026-10-27,25800.0,CE,2.45,4.3,1.7,2.7,2.7,2392,4011702009.25,81120,-1235,2026-10-01
NIFTY,2026-10-27,25600.0,CE,3.4,3.4,2.1,3.2,3.2,1773,2950569417.25,48165,5460,2026-10-01
NIFTY,2026-10-27,25500.0,CE,2.0,3.8,2.0,3.3,3.3,10760,17836714369.5,946270,-83590,2026-10-01
NIFTY,2026-10-27,25300.0,CE,3.95,4.6,3.0,3.7,3.7,464,763161259.25,33800,2405,2026-10-01
NIFTY,2026-10-27,25100.0,CE,4.7,5.55,4.15,5.1,5.1,631,1029666124.5,83525,-6630,2026-10-01
NIFTY,2026-10-27,23950.0,CE,22.5,22.5,16.75,19.7,19.7,2994,4664687469.0,247325,2015,2026-10-01
NIFTY,2026-10-27,22550.0,CE,356.0,393.8,252.8,318.85,318.85,6852,10192633639.5,117780,9685,2026-10-01
NIFTY,2026-10-27,21750.0,CE,826.0,915.3,817.6,904.1,904.1,12,17648488.0,130,-130,2026-10-01
NIFTY,2026-10-27,21050.0,CE,1602.5,1609.9,1602.5,1609.9,1482.4,2,2945306.0,65,65,2026-10-01
NIFTY,2026-10-27,20350.0,CE,0.0,0.0,0.0,3951.55,2160.12,0,0.0,0,0,2026-10-01
NIFTY,2026-10-19,24750.0,CE,0.0,0.0,0.0,3.65,0.82,0,0.0,975,0,2026-10-01
NIFTY,2026-10-19,23350.0,CE,53.1,57.9,30.0,35.85,35.85,706,1073460878.75,20215,5005,2026-10-01
NIFTY,2026-10-19,23200.0,CE,70.0,71.9,43.25,52.9,52.9,5344,8077748750.5,151385,63375,2026-10-01
NIFTY,2026-10-19,22700.0,CE,222.5,243.15,139.25,182.0,182.0,5929,8820903718.25,81900,40365,2026-10-01
NIFTY,2026-10-19,22150.0,CE,425.0,515.3,403.15,501.9,501.9,90,132195726.0,2665,2665,2026-10-01
NIFTY,2026-10-19,21550.0,CE,0.0,0.0,0.0,1714.0,977.52,0,0.0,0,0,2026-10-01
NIFTY,2026-10-19,21500.0,CE,0.0,0.0,0.0,1760.75,1021.86,0,0.0,0,0,2026-10-01
NIFTY,2026-10-19,20200.0,CE,0.0,0.0,0.0,3029.55,2281.08,0,0.0,0,0,2026-10-01
NIFTY,2026-10-19,20050.0,CE,0.0,0.0,0.0,3178.5,2430.51,0,0.0,0,0,2026-10-01
NIFTY,2026-10-13,24900.0,CE,1.5,1.5,1.05,1.35,1.35,2178,3525263751.75,39000,-260,2026-10-01
NIFTY,2026-10-13,24850.0,CE,1.5,1.5,1.05,1.2,1.2,304,491060293.75,8320,1625,2026-10-01
NIFTY,2026-10-13,24550.0,CE,1.7,2.0,1.25,1.8,1.8,403,643132990.5,9295,-845,2026-10-01
NIFTY,2026-10-13,24050.0,CE,4.65,8.25,2.7,3.1,3.1,2643,4132292170.5,104325,1950,2026-10-01
NIFTY,2026-10-13,23100.0,CE,55.0,55.1,27.45,33.55,33.55,69871,105080548170.0,1121055,298545,2026-10-01
NIFTY,2026-10-13,22800.0,CE,121.05,140.0,65.5,89.5,89.5,102762,152946919203.0,2147210,1118390,2026-10-01
NIFTY,2026-10-13,22750.0,CE,166.9,166.9,76.2,105.45,105.45,22032,32742569509.0,444080,110045,2026-10-01
NIFTY,2026-10-13,22200.0,CE,486.45,515.0,296.5,402.45,402.45,11403,16722345302.0,130325,117390,2026-10-01
NIFTY,2026-10-13,22100.0,CE,550.0,601.05,358.45,482.0,482.0,2666,3905880823.0,42055,41535,2026-10-01
NIFTY,2026-10-13,20800.0,CE,0.0,0.0,0.0,2952.0,1663.1,0,0.0,0,0,2026-10-01
NIFTY,2026-10-13,20650.0,CE,0.0,0.0,0.0,3100.75,1812.4,0,0.0,0,0,2026-10-01
NIFTY,2026-10-13,20100.0,CE,0.0,0.0,0.0,3647.1,2361.04,0,0.0,0,0,2026-10-01
NIFTY,2026-10-06,25500.0,CE,0.55,0.95,0.4,0.5,0.5,40003,66306435273.0,815295,37050,2026-10-01
NIFTY,2026-10-06,25000.0,CE,0.6,1.05,0.45,0.55,0.55,74302,120743968039.5,2144610,-111800,2026-10-01
NIFTY,2026-10-06,24450.0,CE,1.0,1.2,0.55,0.65,0.65,14776,23483626679.5,191685,30225,2026-10-01
NIFTY,2026-10-06,24350.0,CE,0.9,1.2,0.55,0.65,0.65,55049,87131895041.75,909675,-9685,2026-10-01
NIFTY,2026-10-06,24300.0,CE,1.05,1.25,0.6,0.7,0.7,207165,327229104387.25,2852720,2730,2026-10-01
NIFTY,2026-12-29,24200.0,PE,1520.0,1520.0,1520.0,1520.0,1633.13,5,8359000.0,715,325,2026-10-01
NIFTY,2027-03-30,18000.0,PE,46.75,59.4,37.9,48.6,48.6,1553,1821874925.0,119405,37830,2026-10-01
NIFTY,2027-06-29,18000.0,PE,0.0,0.0,0.0,70.0,25.92,0,0.0,230,0,2026-10-01
NIFTY,2027-06-29,27000.0,PE,0.0,0.0,0.0,2325.1,3600.99,0,0.0,195,0,2026-10-01
NIFTY,2027-09-28,15000.0,PE,0.0,0.0,0.0,1.15,1.31,0,0.0,0,0,2026-10-01
NIFTY,2028-06-27,15000.0,PE,0.0,0.0,0.0,127.2,8.49,0,0.0,0,0,2026-10-01
NIFTY,2028-06-27,27000.0,PE,0.0,0.0,0.0,2752.35,2941.9,0,0.0,0,0,2026-10-01
NIFTY,2028-12-26,24000.0,PE,1250.0,1296.45,1181.6,1181.6,1181.6,21,34483670.0,4875,-650,2026-10-01
NIFTY,2026-10-06,24250.0,CE,1.0,1.4,0.6,0.7,0.7,46621,73489321750.0,593125,3185,2026-10-01
NIFTY,2026-10-06,23150.0,CE,10.5,11.75,5.5,6.0,6.0,572223,861341365098.5,2514525,-614510,2026-10-01
NIFTY,2026-10-06,22450.0,CE,215.95,244.95,75.7,132.45,132.45,1001955,1470708181861.75,2299700,2039375,2026-10-01
NIFTY,2026-10-06,22150.0,CE,499.6,499.6,215.7,347.7,347.7,35300,51472344300.0,113945,93925,2026-10-01
NIFTY,2026-10-06,21750.0,CE,840.2,840.2,536.6,716.3,716.3,241,350848888.0,7345,7215,2026-10-01
NIFTY,2026-10-06,21650.0,CE,961.75,975.0,630.0,821.45,821.45,242,353638899.25,11505,-910,2026-10-01
NIFTY,2026-10-06,21450.0,CE,915.95,915.95,883.55,883.55,990.35,3,4358620.5,390,130,2026-10-01
NIFTY,2026-10-06,21100.0,CE,0.0,0.0,0.0,3078.7,1339.1,0,0.0,0,0,2026-10-01
NIFTY,2028-12-26,31500.0,PE,0.0,0.0,0.0,2673.4,5567.92,0,0.0,0,0,2026-10-01
NIFTY,2029-06-26,16500.0,PE,0.0,0.0,0.0,8.1,60.93,0,0.0,0,0,2026-10-01
NIFTY,2029-06-26,18000.0,PE,0.0,0.0,0.0,118.45,141.5,0,0.0,0,0,2026-10-01
NIFTY,2029-06-26,19500.0,PE,0.0,0.0,0.0,56.0,284.68,0,0.0,0,0,2026-10-01
NIFTY,2029-12-24,25000.0,PE,1600.0,1600.0,1600.0,1600.0,1530.92,1,1729000.0,1655,0,2026-10-01
NIFTY,2030-12-31,15000.0,PE,0.0,0.0,0.0,4.95,38.16,0,0.0,0,0,2026-10-01
NIFTY,2031-06-24,18000.0,PE,0.0,0.0,0.0,173.45,170.65,0,0.0,0,0,2026-10-01
NIFTY,2026-12-29,21250.0,PE,130.0,206.8,117.5,154.35,154.35,430,598334464.0,6435,5265,2026-10-01
NIFTY,2026-12-29,21100.0,PE,105.85,183.55,105.15,133.85,133.85,341,470483130.0,10270,8385,2026-10-01
NIFTY,2026-12-29,20800.0,PE,0.0,0.0,0.0,78.4,103.16,0,0.0,0,0,2026-10-01
NIFTY,2026-12-29,20450.0,PE,0.0,0.0,0.0,48.5,64.95,0,0.0,0,0,2026-10-01
NIFTY,2026-12-29,19000.0,PE,35.35,46.9,32.65,36.75,36.75,8205,10153659753.25,1030665,97110,2026-10-01
NIFTY,2026-11-23,25700.0,PE,0.0,0.0,0.0,2700.0,3051.41,0,0.0,1235,0,2026-10-01
NIFTY,2026-11-23,23650.0,PE,987.8,1240.5,987.4,1160.6,1199.32,24,38685569.0,8580,-910,2026-10-01
NIFTY,2026-11-23,23450.0,PE,938.1,1077.35,806.35,925.25,925.25,36,57158916.75,5200,-455,2026-10-01
NIFTY,2026-12-29,21300.0,PE,133.55,214.4,127.85,159.15,159.15,415,579160864.75,12155,10660,2026-10-01
NIFTY,2026-10-06,21900.0,PE,9.9,45.4,6.1,13.55,13.55,930156,1325273819707.5,4772365,2676895,2026-10-01
NIFTY,2026-10-06,20950.0,PE,1.6,4.6,1.0,1.85,1.85,155730,212090759413.0,204165,134550,2026-10-01
NIFTY,2026-10-06,20800.0,PE,1.4,3.55,1.0,1.7,1.7,244658,330809588798.0,3138980,39715,2026-10-01
NIFTY,2031-06-24,33000.0,CE,0.0,0.0,0.0,3451.55,2299.69,0,0.0,0,0,2026-10-01
NIFTY,2026-10-06,20050.0,CE,0.0,0.0,0.0,4121.65,2388.2,0,0.0,0,0,2026-10-01
NIFTY,2026-10-06,20100.0,CE,0.0,0.0,0.0,4071.9,2338.24,0,0.0,0,0,2026-10-01
NIFTY,2026-10-06,20700.0,CE,0.0,0.0,0.0,3475.65,1738.73,0,0.0,0,0,2026-10-01
NIFTY,2026-10-06,22200.0,CE,457.55,457.6,184.0,305.35,305.35,295605,431364651084.25,841035,715910,2026-10-01
NIFTY,2026-10-06,22750.0,CE,69.8,78.35,22.95,32.0,32.0,1128662,1672384896455.0,4045080,62205,2026-10-01
NIFTY,2026-10-06,23100.0,CE,14.7,14.7,6.55,7.05,7.05,942816,1416207158011.75,6152835,555815,2026-10-01
NIFTY,2026-10-06,23350.0,CE,6.0,6.0,2.75,3.15,3.15,378480,574539144029.5,1814280,37245,2026-10-01
NIFTY,2026-10-06,24100.0,CE,1.4,1.6,0.75,0.9,0.9,151570,237446254379.75,2466815,129155,2026-10-01
NIFTY,2026-10-06,24200.0,CE,1.35,1.4,0.65,0.75,0.75,162730,255985708797.0,2530450,-762970,2026-10-01
NIFTY,2026-10-06,24500.0,CE,1.0,1.25,0.6,0.7,0.7,206008,328079092909.75,4060030,-2496325,2026-10-01
NIFTY,2026-10-06,24650.0,CE,0.8,1.2,0.55,0.65,0.65,9709,15556785660.0,116090,-42055,2026-10-01
NIFTY,2026-10-06,24850.0,CE,0.8,1.15,0.45,0.55,0.55,5168,8347887164.5,64610,1300,2026-10-01
NIFTY,2026-10-06,24950.0,CE,0.8,1.1,0.45,0.55,0.55,1621,2628933495.5,44200,10010,2026-10-01
NIFTY,2026-10-06,25200.0,CE,0.6,0.95,0.4,0.5,0.5,12818,20996384249.75,276185,-6175,2026-10-01
NIFTY,2026-10-06,25300.0,CE,0.8,1.05,0.4,0.5,0.5,18786,30894272415.5,297765,-134355,2026-10-01
NIFTY,2026-10-13,21600.0,CE,892.85,899.8,892.85,896.35,896.35,3,4386557.5,65,65,2026-10-01
NIFTY,2026-10-13,21700.0,CE,765.95,810.0,765.95,810.0,810.0,2,2923436.75,130,130,2026-10-01
NIFTY,2026-10-13,22350.0,CE,378.2,403.25,215.25,300.7,300.7,10576,15547731845.75,67210,65130,2026-10-01
NIFTY,2026-10-13,22600.0,CE,211.25,239.0,115.55,162.55,162.55,88357,130789173375.25,684125,333775,2026-10-01
NIFTY,2026-10-13,23150.0,CE,50.0,50.0,24.1,27.95,27.95,18958,28566292225.25,324740,179985,2026-10-01
NIFTY,2026-10-13,23350.0,CE,25.8,25.8,13.95,14.8,14.8,20965,31843639392.5,321945,158990,2026-10-01
NIFTY,2026-10-13,24100.0,CE,4.9,4.9,2.35,2.65,2.65,28223,44217073901.0,727350,575055,2026-10-01
NIFTY,2026-10-13,24500.0,CE,2.75,2.75,1.4,1.7,1.7,56411,89841494856.75,1649960,949780,2026-10-01
NIFTY,2026-10-13,24600.0,CE,2.1,2.1,1.25,1.65,1.65,18537,29642438933.25,501150,176150,2026-10-01
NIFTY,2026-10-19,21850.0,CE,0.0,0.0,0.0,1032.85,726.74,0,0.0,65,0,2026-10-01
NIFTY,2026-10-19,22050.0,CE,533.15,555.75,533.15,555.75,577.47,2,2937278.5,130,130,2026-10-01
NIFTY,2026-10-19,22650.0,CE,250.05,269.3,156.5,203.25,203.25,820,1218413036.75,16640,8320,2026-10-01
NIFTY,2026-10-19,22800.0,CE,180.0,195.65,112.0,141.75,141.75,6401,9545648749.0,162370,80210,2026-10-01
NIFTY,2026-10-19,23250.0,CE,57.0,64.2,39.0,44.6,44.6,504,763345085.75,9750,-1105,2026-10-01
NIFTY,2026-10-19,23550.0,CE,28.45,38.2,16.0,22.2,22.2,1107,1696171447.75,14755,-390,2026-10-01
NIFTY,2026-10-19,24300.0,CE,0.0,0.0,0.0,112.45,4.02,0,0.0,0,0,2026-10-01
NIFTY,2026-10-27,20550.0,CE,0.0,0.0,0.0,3758.6,1963.42,0,0.0,0,0,2026-10-01
NIFTY,2026-10-27,20900.0,CE,1755.9,1790.95,1470.0,1700.05,1700.05,11,16075140.25,390,325,2026-10-01
NIFTY,2026-10-27,21200.0,CE,1200.0,1313.45,1200.0,1313.45,1343.35,2,2919374.25,65,0,2026-10-01
NIFTY,2026-10-27,21550.0,CE,997.3,997.3,997.3,997.3,1034.93,1,1465574.5,65,65,2026-10-01
NIFTY,2026-10-27,22800.0,CE,252.55,255.7,160.2,202.15,202.15,51328,76747362571.75,1884805,-57070,2026-10-01
NIFTY,2026-10-27,23200.0,CE,100.95,107.95,70.2,84.95,84.95,65728,99480697572.75,2709590,93925,2026-10-01
NIFTY,2026-10-27,23450.0,CE,52.0,60.75,40.75,49.6,49.6,4564,6971229151.25,150020,1105,2026-10-01
NIFTY,2026-10-27,23600.0,CE,44.7,44.7,30.1,35.75,35.75,32126,49357320567.75,1252810,-116870,2026-10-01
NIFTY,2026-10-27,24050.0,CE,17.5,18.5,14.55,17.05,17.05,2088,3266317567.5,226200,-6175,2026-10-01
NIFTY,2026-10-27,24750.0,CE,7.7,8.2,5.5,6.65,6.65,373,600230140.25,25220,-8710,2026-10-01
NIFTY,2026-10-27,24850.0,CE,7.45,7.55,5.15,6.85,6.85,109,176105462.0,36595,-2795,2026-10-01
NIFTY,2026-10-27,25750.0,CE,3.5,4.35,1.5,2.85,2.85,3215,5381545351.0,38805,-34840,2026-10-01
NIFTY,2026-10-27,25850.0,CE,0.0,0.0,0.0,2.35,0.15,0,0.0,585,0,2026-10-01
NIFTY,2026-10-27,26300.0,CE,1.55,1.8,1.35,1.8,1.8,103,176088945.5,39910,0,2026-10-01
NIFTY,2026-11-03,20950.0,CE,0.0,0.0,0.0,2528.5,1619.29,0,0.0,0,0,2026-10-01
NIFTY,2026-11-03,21150.0,CE,0.0,0.0,0.0,2334.2,1436.0,0,0.0,0,0,2026-10-01
NIFTY,2026-11-03,21900.0,CE,0.0,0.0,0.0,1631.8,820.94,0,0.0,0,0,2026-10-01
NIFTY,2026-11-03,22100.0,CE,0.0,0.0,0.0,1456.1,683.85,0,0.0,0,0,2026-10-01
NIFTY,2026-11-03,23450.0,CE,96.0,96.0,69.7,78.3,78.3,72,110128716.75,4160,780,2026-10-01
NIFTY,2026-11-03,24200.0,CE,23.2,25.6,20.0,23.6,23.6,224,352683240.0,8125,4615,2026-10-01
NIFTY,2026-11-23,20300.0,CE,0.0,0.0,0.0,4340.55,2326.79,0,0.0,0,0,2026-10-01
NIFTY,2026-11-23,20700.0,CE,0.0,0.0,0.0,3951.1,1952.33,0,0.0,0,0,2026-10-01
NIFTY,2026-11-23,20800.0,CE,0.0,0.0,0.0,3854.3,1861.21,0,0.0,0,0,2026-10-01
NIFTY,2026-11-23,20850.0,CE,0.0,0.0,0.0,3805.95,1816.11,0,0.0,0,0,2026-10-01
NIFTY,2026-11-23,20950.0,CE,0.0,0.0,0.0,3709.55,1726.9,0,0.0,0,0,2026-10-01
NIFTY,2026-11-23,22000.0,CE,901.0,989.7,744.05,862.35,862.35,2744,4076532859.75,131235,64805,2026-10-01
NIFTY,2026-11-23,22400.0,CE,665.95,665.95,502.1,590.55,590.55,807,1204378331.0,17095,13390,2026-10-01
NIFTY,2026-11-23,23350.0,CE,190.0,206.15,152.25,176.85,176.85,440,672795756.75,23465,7995,2026-10-01
NIFTY,2026-11-23,24150.0,CE,55.35,61.1,45.15,58.75,58.75,243,382317685.75,19630,2795,2026-10-01
NIFTY,2026-11-23,24500.0,CE,37.0,41.0,28.0,37.45,37.45,20288,32355688725.75,843895,83135,2026-10-01
NIFTY,2026-12-29,20100.0,CE,0.0,0.0,0.0,2939.35,2669.86,0,0.0,0,0,2026-10-01
NIFTY,2026-12-29,20350.0,CE,0.0,0.0,0.0,2706.3,2441.06,0,0.0,0,0,2026-10-01
NIFTY,2026-12-29,21250.0,CE,1521.55,1521.55,1511.8,1511.8,1674.42,6,8879003.25,390,390,2026-10-01
NIFTY,2026-12-29,21800.0,CE,1283.2,1283.2,1088.65,1122.0,1267.44,51,75990404.75,2990,2405,2026-10-01
NIFTY,2026-12-29,22000.0,CE,1113.6,1167.7,940.0,1047.8,1047.8,14560,21870166438.25,687020,-215150,2026-10-01
NIFTY,2026-12-29,22850.0,CE,586.1,598.65,469.85,535.4,535.4,152,231387676.0,5265,5265,2026-10-01
NIFTY,2026-12-29,23750.0,CE,222.1,229.25,179.5,205.15,205.15,232,361101113.75,7540,2080,2026-10-01
NIFTY,2026-12-29,23850.0,CE,210.55,210.55,165.0,182.1,182.1,170,265623202.0,5070,5070,2026-10-01
NIFTY,2026-12-29,24050.0,CE,149.85,149.85,130.85,146.85,146.85,194,305015113.0,7670,7670,2026-10-01
NIFTY,2026-12-29,24250.0,CE,112.55,119.65,109.95,117.85,117.85,274,433912787.75,6825,6825,2026-10-01
NIFTY,2026-12-29,24300.0,CE,107.25,115.85,102.35,111.9,111.9,168,266548207.25,5395,5395,2026-10-01
NIFTY,2026-12-29,27000.0,CE,12.5,13.9,11.5,12.5,12.5,9797,17201918197.75,1891950,73905,2026-10-01
NIFTY,2026-12-29,28500.0,CE,6.7,7.8,5.8,7.0,7.0,1568,2905380790.0,99190,4225,2026-10-01
NIFTY,2026-12-29,29000.0,CE,6.45,6.9,5.55,5.95,5.95,699,1317886742.25,404330,-5265,2026-10-01
NIFTY,2031-06-24,27000.0,PE,0.0,0.0,0.0,1653.15,1847.12,0,0.0,0,0,2026-10-01
NIFTY,2029-12-24,28500.0,PE,0.0,0.0,0.0,1255.9,3000.15,0,0.0,0,0,2026-10-01
NIFTY,2029-12-24,27000.0,PE,0.0,0.0,0.0,1177.9,2307.06,0,0.0,0,0,2026-10-01
NIFTY,2029-12-24,22500.0,PE,0.0,0.0,0.0,225.7,812.07,0,0.0,0,0,2026-10-01
NIFTY,2029-06-26,33000.0,PE,0.0,0.0,0.0,3022.85,6082.86,0,0.0,0,0,2026-10-01
NIFTY,2029-06-26,28500.0,PE,0.0,0.0,0.0,1349.1,3261.72,0,0.0,0,0,2026-10-01
NIFTY,2028-12-26,25500.0,PE,0.0,0.0,0.0,648.2,1956.4,0,0.0,0,0,2026-10-01
NIFTY,2028-12-26,15000.0,PE,0.0,0.0,0.0,22.25,15.13,0,0.0,0,0,2026-10-01
NIFTY,2028-06-27,24000.0,PE,0.0,0.0,0.0,680.05,1400.43,0,0.0,65,0,2026-10-01
NIFTY,2027-12-28,21000.0,PE,363.65,489.4,361.2,426.75,426.75,601,836847843.0,90285,17290,2026-10-01
NIFTY,2027-12-28,17000.0,PE,0.0,0.0,0.0,72.55,27.26,0,0.0,17775,0,2026-10-01
NIFTY,2027-06-29,25500.0,PE,0.0,0.0,0.0,667.15,2445.54,0,0.0,0,0,2026-10-01
NIFTY,2027-06-29,21000.0,PE,257.0,327.2,240.0,273.45,273.45,653,903136809.25,51400,15145,2026-10-01
NIFTY,2026-12-29,22200.0,PE,295.05,440.0,270.0,340.7,340.7,1264,1852656149.5,30030,13195,2026-10-01
NIFTY,2026-12-29,21900.0,PE,219.25,346.7,209.85,261.55,261.55,649,935615863.0,21710,14885,2026-10-01
NIFTY,2026-12-29,21150.0,PE,149.2,190.75,139.85,143.1,143.1,155,214673150.25,3835,2470,2026-10-01
NIFTY,2026-11-23,25550.0,PE,0.0,0.0,0.0,1282.8,2905.55,0,0.0,0,0,2026-10-01
NIFTY,2026-11-23,24800.0,PE,2261.05,2261.05,2210.75,2223.6,2190.71,9,15806570.0,5070,-130,2026-10-01
NIFTY,2026-11-23,24700.0,PE,0.0,0.0,0.0,1752.25,2098.12,0,0.0,3705,0,2026-10-01
NIFTY,2026-11-23,23900.0,PE,1187.5,1435.0,1187.5,1435.0,1397.82,6,9803345.5,12870,-65,2026-10-01
NIFTY,2026-11-23,23700.0,PE,1025.0,1301.0,1001.25,1150.15,1150.15,174,281298797.0,37960,1885,2026-10-01
NIFTY,2026-11-23,23500.0,PE,865.0,1170.0,838.05,982.75,982.75,2924,4652000050.75,494390,-62660,2026-10-01
NIFTY,2026-11-23,23100.0,PE,590.0,866.95,574.2,697.9,697.9,481,744016835.25,38155,-12740,2026-10-01
NIFTY,2026-11-23,22800.0,PE,440.95,676.15,421.8,526.95,526.95,3240,4910822894.25,266305,-5395,2026-10-01
NIFTY,2026-11-23,22150.0,PE,210.7,368.65,202.45,268.1,268.1,238,347038012.75,5460,-1690,2026-10-01
NIFTY,2026-11-23,22050.0,PE,192.2,336.5,182.35,240.6,240.6,332,481169279.5,5655,-715,2026-10-01
NIFTY,2026-11-23,21950.0,PE,180.45,297.7,159.0,212.0,212.0,172,247995806.5,4680,2080,2026-10-01
NIFTY,2026-11-23,21350.0,PE,94.5,164.6,82.35,116.05,116.05,309,431240969.25,12415,3120,2026-10-01
NIFTY,2026-11-23,21000.0,PE,69.95,118.5,59.9,81.8,81.8,15886,21776148186.0,718835,94445,2026-10-01
NIFTY,2026-11-23,20650.0,PE,56.0,87.0,54.6,65.6,65.6,47,63303126.25,1820,1300,2026-10-01
NIFTY,2026-11-03,25000.0,PE,0.0,0.0,0.0,1577.95,2441.08,0,0.0,0,0,2026-10-01
NIFTY,2026-11-03,24900.0,PE,0.0,0.0,0.0,1490.95,2343.26,0,0.0,0,0,2026-10-01
NIFTY,2026-11-03,24700.0,PE,0.0,0.0,0.0,1321.8,2148.79,0,0.0,0,0,2026-10-01
NIFTY,2026-11-03,22300.0,PE,202.0,372.6,190.0,261.0,261.0,369,541995093.25,6630,2210,2026-10-01
NIFTY,2026-11-03,21850.0,PE,175.45,197.6,160.25,160.25,161.22,44,63001617.25,650,650,2026-10-01
NIFTY,2026-11-03,21800.0,PE,161.05,202.65,132.55,132.55,132.55,58,82821557.0,1820,1820,2026-10-01
NIFTY,2026-11-03,21650.0,PE,144.15,153.55,134.2,153.55,114.38,8,11334693.5,520,520,2026-10-01
NIFTY,2026-11-03,21400.0,PE,47.9,105.5,47.9,76.4,76.4,74,103284905.75,2340,1170,2026-10-01
NIFTY,2026-11-03,21200.0,PE,0.0,0.0,0.0,12.5,47.83,0,0.0,0,0,2026-10-01
NIFTY,2026-12-29,31000.0,CE,5.5,5.65,4.8,5.1,5.1,158,318425653.0,125795,-4615,2026-10-01
NIFTY,2027-03-30,27000.0,CE,53.05,71.05,44.15,50.05,50.05,10489,18446229789.0,1142050,108550,2026-10-01
NIFTY,2027-03-30,31500.0,CE,15.1,15.1,15.1,15.1,2.45,2,4096963.0,1040,130,2026-10-01
NIFTY,2027-09-28,16500.0,CE,0.0,0.0,0.0,7170.5,6938.63,0,0.0,0,0,2026-10-01
NIFTY,2027-09-28,19500.0,CE,0.0,0.0,0.0,4470.95,4263.52,0,0.0,0,0,2026-10-01
NIFTY,2027-09-28,22500.0,CE,0.0,0.0,0.0,2267.95,2114.16,0,0.0,0,0,2026-10-01
NIFTY,2027-12-28,16500.0,CE,0.0,0.0,0.0,11316.4,7189.23,0,0.0,0,0,2026-10-01
NIFTY,2029-12-24,18000.0,CE,0.0,0.0,0.0,11362.4,7916.98,0,0.0,0,0,2026-10-01
NIFTY,2030-06-25,21000.0,CE,0.0,0.0,0.0,10421.65,6356.73,0,0.0,0,0,2026-10-01
NIFTY,2030-12-31,31500.0,CE,0.0,0.0,0.0,4554.55,2273.83,0,0.0,0,0,2026-10-01
NIFTY,2031-06-24,15000.0,CE,0.0,0.0,0.0,12902.2,11356.33,0,0.0,0,0,2026-10-01
NIFTY,2031-06-24,21000.0,CE,0.0,0.0,0.0,8900.75,7345.89,0,0.0,0,0,2026-10-01
NIFTY,2026-11-03,20700.0,PE,0.0,0.0,0.0,3.55,14.84,0,0.0,0,0,2026-10-01
NIFTY,2026-11-03,20300.0,PE,0.0,0.0,0.0,1.15,4.91,0,0.0,0,0,2026-10-01
NIFTY,2026-11-03,20200.0,PE,0.0,0.0,0.0,0.85,3.63,0,0.0,0,0,2026-10-01
NIFTY,2026-10-27,26400.0,PE,0.0,0.0,0.0,3550.0,3866.98,0,0.0,195,0,2026-10-01
NIFTY,2026-10-27,26250.0,PE,0.0,0.0,0.0,3000.0,3717.62,0,0.0,260,0,2026-10-01
NIFTY,2026-10-27,25700.0,PE,0.0,0.0,0.0,2835.0,3170.15,0,0.0,7150,0,2026-10-01
NIFTY,2026-10-27,23800.0,PE,1160.15,1481.65,1120.0,1268.85,1268.85,910,1481829167.0,536185,-21385,2026-10-01
NIFTY,2026-10-27,23750.0,PE,1113.1,1405.3,1075.0,1236.3,1236.3,44,71458289.5,13585,390,2026-10-01
NIFTY,2026-10-27,23150.0,PE,601.05,857.35,570.0,692.75,692.75,121,187687864.0,33020,-3315,2026-10-01
NIFTY,2026-10-27,22950.0,PE,474.95,731.8,437.2,545.65,545.65,315,481581928.75,44720,-6435,2026-10-01
NIFTY,2026-10-27,22900.0,PE,450.9,700.75,406.95,526.2,526.2,9817,14948033581.0,829595,-139165,2026-10-01
NIFTY,2026-10-27,22000.0,PE,102.05,235.0,97.4,146.6,146.6,154412,222398429249.75,4446195,572650,2026-10-01
NIFTY,2026-10-27,21950.0,PE,100.9,218.05,90.75,134.4,134.4,2408,3458927290.0,48555,14690,2026-10-01
NIFTY,2026-10-27,21900.0,PE,88.55,203.55,83.0,125.95,125.95,23104,33097087146.5,592930,59020,2026-10-01
NIFTY,2026-10-27,21600.0,PE,60.05,133.2,50.65,78.6,78.6,25936,36549758986.0,341640,-30810,2026-10-01
NIFTY,2026-10-19,24600.0,PE,0.0,0.0,0.0,1500.0,2107.76,0,0.0,325,0,2026-10-01
NIFTY,2026-10-19,24550.0,PE,0.0,0.0,0.0,1372.75,2058.19,0,0.0,0,0,2026-10-01
NIFTY,2026-10-19,24200.0,PE,0.0,0.0,0.0,1460.0,1713.07,0,0.0,390,0,2026-10-01
NIFTY,2026-10-19,23400.0,PE,829.35,1048.0,791.75,888.0,888.0,35,55378228.75,8710,-390,2026-10-01
NIFTY,2026-10-19,21950.0,PE,74.7,174.1,71.65,100.2,100.2,195,279725696.25,2925,2535,2026-10-01
NIFTY,2026-10-19,21850.0,PE,60.0,142.15,50.3,79.2,79.2,819,1167773548.5,22750,19695,2026-10-01
NIFTY,2026-10-13,25000.0,PE,2440.0,2700.0,2401.3,2530.8,2529.46,8,14344336.5,1755,260,2026-10-01
NIFTY,2026-10-13,23650.0,PE,1239.0,1239.0,1239.0,1239.0,1191.87,1,1617785.0,6175,0,2026-10-01
NIFTY,2026-10-13,23350.0,PE,793.65,1008.3,742.25,876.25,876.25,48,75443946.5,6175,-1430,2026-10-01
NIFTY,2026-10-13,21750.0,PE,26.95,86.0,21.9,40.2,40.2,9236,13084582491.5,76310,39260,2026-10-01
NIFTY,2026-10-13,21050.0,PE,7.6,20.25,5.95,10.6,10.6,3056,4183937329.0,44720,39260,2026-10-01
NIFTY,2026-10-13,20650.0,PE,5.9,12.05,4.0,6.05,6.05,1490,2000694445.75,10660,585,2026-10-01
NIFTY,2026-10-06,25800.0,PE,0.0,0.0,0.0,2977.45,3357.14,0,0.0,10075,0,2026-10-01
NIFTY,2026-10-06,24000.0,PE,1410.0,1736.35,1370.0,1530.4,1530.4,1037,1720686519.5,494000,-36985,2026-10-01
NIFTY,2026-10-06,23450.0,PE,850.0,1156.25,830.0,984.5,984.5,232,368612094.5,49075,-2535,2026-10-01
NIFTY,2026-10-06,22000.0,PE,14.0,65.7,8.95,19.85,19.85,2126540,3044989873776.5,10058490,2169245,2026-10-01
NIFTY,2026-10-19,21700.0,CE,755.2,758.4,749.5,755.0,848.57,4,5838176.5,130,130,2026-10-01
NIFTY,2026-10-19,21150.0,CE,0.0,0.0,0.0,2094.65,1346.35,0,0.0,0,0,2026-10-01
NIFTY,2026-10-13,23500.0,CE,17.8,17.8,9.4,9.9,9.9,78302,119666426360.0,1735955,513955,2026-10-01
NIFTY,2030-12-31,33000.0,PE,0.0,0.0,0.0,2387.3,4669.02,0,0.0,0,0,2026-10-01
NIFTY,2030-12-31,27000.0,PE,0.0,0.0,0.0,779.5,1980.73,0,0.0,0,0,2026-10-01
NIFTY,2029-12-24,19500.0,PE,0.0,0.0,0.0,61.2,295.02,0,0.0,0,0,2026-10-01
NIFTY,2029-06-26,26000.0,PE,0.0,0.0,0.0,1650.0,2036.68,0,0.0,50,0,2026-10-01
NIFTY,2029-06-26,22500.0,PE,0.0,0.0,0.0,224.45,838.05,0,0.0,0,0,2026-10-01
NIFTY,2028-12-26,30000.0,PE,0.0,0.0,0.0,3500.0,4524.5,0,0.0,325,0,2026-10-01
NIFTY,2028-12-26,22500.0,PE,0.0,0.0,0.0,218.8,856.66,0,0.0,0,0,2026-10-01
NIFTY,2028-12-26,21000.0,PE,434.05,465.1,434.05,465.1,502.88,2,2788444.75,11245,130,2026-10-01
NIFTY,2028-06-27,25500.0,PE,0.0,0.0,0.0,1034.0,2097.52,0,0.0,0,0,2026-10-01
NIFTY,2028-06-27,22000.0,PE,630.0,630.0,630.0,630.0,718.08,1,1470950.0,2210,65,2026-10-01
NIFTY,2028-06-27,18000.0,PE,0.0,0.0,0.0,396.75,97.35,0,0.0,0,0,2026-10-01
NIFTY,2027-12-28,30000.0,PE,4953.6,5133.0,4936.5,5133.0,5550.9,11,25006039.5,6955,520,2026-10-01
NIFTY,2027-12-28,22500.0,PE,660.0,820.1,642.15,766.7,766.7,21,31743728.25,975,910,2026-10-01
NIFTY,2027-12-28,19500.0,PE,0.0,0.0,0.0,29.25,185.04,0,0.0,0,0,2026-10-01
NIFTY,2027-09-28,18000.0,PE,0.0,0.0,0.0,40.2,45.18,0,0.0,0,0,2026-10-01
NIFTY,2027-06-29,33000.0,PE,0.0,0.0,0.0,4691.7,9066.0,0,0.0,0,0,2026-10-01
NIFTY,2027-03-30,33000.0,PE,0.0,0.0,0.0,8415.45,9561.24,0,0.0,0,0,2026-10-01
NIFTY,2026-12-29,23900.0,PE,1102.25,1367.0,1102.25,1230.0,1230.0,13,21275020.0,1625,260,2026-10-01
NIFTY,2026-12-29,23050.0,PE,729.4,770.95,729.4,744.35,849.99,4,6188783.25,4615,0,2026-10-01
NIFTY,2026-12-29,22450.0,PE,350.55,508.85,338.8,421.5,421.5,184,273405678.0,3965,2080,2026-10-01
NIFTY,2026-12-29,22400.0,PE,335.45,520.1,324.8,408.6,408.6,957,1419614664.0,18720,15535,2026-10-01
NIFTY,2026-12-29,21750.0,PE,186.35,304.3,183.3,229.1,229.1,257,367295981.0,7605,7605,2026-10-01
NIFTY,2026-12-29,20100.0,PE,0.0,0.0,0.0,28.7,39.09,0,0.0,0,0,2026-10-01
NIFTY,2026-12-29,12000.0,PE,4.05,5.55,4.0,4.15,0.0,50,39014199.25,23155,2080,2026-10-01
NIFTY,2026-11-23,26100.0,PE,0.0,0.0,0.0,1675.5,3442.97,0,0.0,0,0,2026-10-01
NIFTY,2026-11-23,25250.0,PE,0.0,0.0,0.0,1090.7,2616.16,0,0.0,0,0,2026-10-01
NIFTY,2026-11-23,24550.0,PE,0.0,0.0,0.0,1567.5,1960.92,0,0.0,195,0,2026-10-01
NIFTY,2026-11-23,24100.0,PE,0.0,0.0,0.0,1135.0,1564.65,0,0.0,10270,0,2026-10-01
NIFTY,2026-11-23,23950.0,PE,0.0,0.0,0.0,1067.5,1438.91,0,0.0,1040,0,2026-10-01
NIFTY,2026-11-23,22950.0,PE,494.05,733.9,494.05,622.35,717.65,84,128963474.25,4680,-2795,2026-10-01
NIFTY,2026-11-23,22450.0,PE,301.9,493.75,284.6,372.95,372.95,451,668740146.75,13065,-8450,2026-10-01
NIFTY,2026-11-23,20800.0,PE,53.8,99.25,48.5,65.25,65.25,1146,1554941976.25,30225,7735,2026-10-01
NIFTY,2026-11-03,25200.0,PE,0.0,0.0,0.0,1756.2,2637.6,0,0.0,0,0,2026-10-01
NIFTY,2026-11-03,24850.0,PE,0.0,0.0,0.0,1448.0,2294.48,0,0.0,0,0,2026-10-01
NIFTY,2026-11-03,24400.0,PE,0.0,0.0,0.0,1082.55,1861.27,0,0.0,0,0,2026-10-01
NIFTY,2026-11-03,23250.0,PE,670.0,670.0,670.0,670.0,867.3,1,1554800.0,455,0,2026-10-01
NIFTY,2026-11-03,22800.0,PE,405.9,634.2,392.05,503.7,503.7,107,162289218.0,5070,-2730,2026-10-01
NIFTY,2026-11-03,22600.0,PE,325.0,516.4,288.55,376.9,376.9,240,358722630.5,10400,1040,2026-10-01
NIFTY,2026-11-03,22000.0,PE,130.2,255.05,123.0,174.45,174.45,921,1328688549.5,17680,3315,2026-10-01
NIFTY,2026-11-03,20550.0,PE,0.0,0.0,0.0,2.35,9.99,0,0.0,0,0,2026-10-01
NIFTY,2026-11-03,20450.0,PE,0.0,0.0,0.0,1.75,7.57,0,0.0,0,0,2026-10-01
NIFTY,2026-10-27,26600.0,PE,0.0,0.0,0.0,3700.0,4066.12,0,0.0,455,0,2026-10-01
NIFTY,2026-10-27,26000.0,PE,3273.55,3654.1,3273.5,3431.65,3431.65,2222,4261758068.75,1849900,-36985,2026-10-01
NIFTY,2026-10-27,25600.0,PE,0.0,0.0,0.0,2735.0,3070.67,0,0.0,9555,0,2026-10-01
NIFTY,2026-10-27,25200.0,PE,2569.25,2805.35,2569.25,2599.3,2599.3,7,12696768.5,34190,-260,2026-10-01
NIFTY,2026-10-27,25000.0,PE,2304.9,2660.6,2280.5,2447.25,2447.25,1735,3099779413.25,2210455,-24180,2026-10-01
NIFTY,2026-10-27,24850.0,PE,2223.6,2223.6,2223.6,2223.6,2326.84,1,1759784.0,1495,-65,2026-10-01
NIFTY,2026-10-27,24800.0,PE,2166.35,2454.7,2097.65,2247.1,2247.1,75,131942941.0,315575,-1755,2026-10-01
NIFTY,2026-10-27,24300.0,PE,1655.95,1971.85,1600.0,1739.6,1739.6,186,315282321.25,227435,-4615,2026-10-01
NIFTY,2026-10-27,23450.0,PE,860.4,1140.4,822.5,909.75,909.75,144,228145453.25,45760,-5135,2026-10-01
NIFTY,2026-10-27,23100.0,PE,579.1,850.0,530.0,658.35,658.35,6190,9561992336.0,1666665,-68185,2026-10-01
NIFTY,2026-10-27,22200.0,PE,164.65,306.2,136.05,198.95,198.95,43685,63665566805.75,1114815,276965,2026-10-01
NIFTY,2026-10-27,22050.0,PE,121.95,249.45,107.0,158.0,158.0,3309,4780114911.0,67340,-9035,2026-10-01
NIFTY,2026-10-27,21000.0,PE,30.4,57.4,23.15,35.4,35.4,55845,76368195585.5,1527435,358475,2026-10-01
NIFTY,2026-10-27,20900.0,PE,22.65,50.0,20.65,31.45,31.45,3936,5356471337.75,89180,32110,2026-10-01
NIFTY,2026-10-27,20800.0,PE,21.05,43.75,18.45,27.4,27.4,9250,12524818465.25,340405,120055,2026-10-01
NIFTY,2026-10-27,20650.0,PE,17.05,36.25,15.95,23.0,23.0,868,1166565341.5,9750,1885,2026-10-01
NIFTY,2026-10-27,20350.0,PE,0.0,0.0,0.0,10.55,2.54,0,0.0,0,0,2026-10-01
NIFTY,2026-10-27,20050.0,PE,0.0,0.0,0.0,6.3,0.83,0,0.0,0,0,2026-10-01
NIFTY,2026-10-19,23650.0,PE,0.0,0.0,0.0,958.1,1186.94,0,0.0,1040,0,2026-10-01
NIFTY,2026-10-19,23200.0,PE,640.0,858.75,611.0,742.75,742.75,128,199183107.5,13975,-2990,2026-10-01
NIFTY,2026-10-19,22750.0,PE,315.75,540.0,303.7,404.6,404.6,149,224464165.25,8385,-4875,2026-10-01
NIFTY,2026-10-19,22400.0,PE,169.9,348.75,149.0,226.05,226.05,3027,4455596236.0,25805,-1300,2026-10-01
NIFTY,2026-10-19,22250.0,PE,123.45,279.8,112.3,172.75,172.75,1462,2133482390.0,10855,-5200,2026-10-01
NIFTY,2026-10-19,22000.0,PE,78.15,188.5,66.55,110.1,110.1,13271,19085002670.5,255515,142285,2026-10-01
NIFTY,2026-10-19,21400.0,PE,22.9,67.75,21.1,38.4,38.4,822,1145637935.0,24830,4485,2026-10-01
NIFTY,2026-10-19,20950.0,PE,13.2,31.55,13.2,25.0,6.33,4,5452703.75,195,0,2026-10-01
NIFTY,2026-10-19,20650.0,PE,0.0,0.0,0.0,2.6,1.95,0,0.0,0,0,2026-10-01
NIFTY,2026-10-13,24850.0,PE,2405.15,2405.15,2405.15,2405.15,2379.77,3,5314754.25,195,0,2026-10-01
NIFTY,2026-10-13,24700.0,PE,0.0,0.0,0.0,1075.5,2230.11,0,0.0,0,0,2026-10-01
NIFTY,2026-10-13,24150.0,PE,0.0,0.0,0.0,1248.0,1682.38,0,0.0,520,0,2026-10-01
NIFTY,2026-10-13,23500.0,PE,884.0,1210.0,855.0,1016.0,1016.0,694,1105372710.0,151710,6110,2026-10-01
NIFTY,2026-10-13,22850.0,PE,360.0,624.95,312.5,434.95,434.95,3977,6012529786.25,187720,-83980,2026-10-01
NIFTY,2026-10-13,22700.0,PE,266.65,505.3,225.9,329.45,329.45,37616,56284276265.75,1587885,25545,2026-10-01
NIFTY,2026-10-13,22600.0,PE,202.95,435.0,179.75,273.7,273.7,70202,104329123652.0,529555,58500,2026-10-01
NIFTY,2026-10-13,22400.0,PE,144.0,311.7,110.35,181.6,181.6,87402,128373183448.25,1187485,714480,2026-10-01
NIFTY,2026-10-13,22300.0,PE,109.95,260.0,85.6,143.8,143.8,70212,102551558411.25,598325,232505,2026-10-01
NIFTY,2026-10-13,20500.0,PE,4.5,10.4,3.75,5.5,5.5,105589,140737191978.5,2994810,1516190,2026-10-01
NIFTY,2026-10-13,20400.0,PE,6.8,9.8,3.15,5.0,5.0,1799,2386127809.0,40040,40040,2026-10-01
NIFTY,2026-10-13,20050.0,PE,3.75,6.95,3.6,3.7,3.7,74,96458602.5,4810,4810,2026-10-01
NIFTY,2026-10-06,25750.0,PE,0.0,0.0,0.0,2830.0,3307.18,0,0.0,130,0,2026-10-01
NIFTY,2026-10-06,21700.0,CE,902.05,923.45,580.3,769.95,769.95,442,643902704.25,13780,12480,2026-10-01
NIFTY,2026-10-06,25050.0,PE,2400.0,2400.0,2400.0,2400.0,2607.74,8,14274000.0,585,520,2026-10-01
NIFTY,2026-10-06,25000.0,PE,2450.0,2733.65,2366.6,2547.4,2547.4,254,454682224.75,99385,-15470,2026-10-01
NIFTY,2026-10-06,24700.0,PE,2350.0,2350.0,2350.0,2350.0,2258.03,4,7033000.0,2405,-260,2026-10-01
NIFTY,2026-10-06,24400.0,PE,1831.65,2145.0,1769.3,1944.3,1944.3,198,339506261.25,55185,-11830,2026-10-01
NIFTY,2026-10-06,23900.0,PE,1317.7,1626.15,1274.0,1419.65,1419.65,196,322589738.25,109785,-10075,2026-10-01
NIFTY,2026-10-06,23050.0,PE,487.3,795.0,435.1,599.4,599.4,2822,4329934807.25,468260,-41730,2026-10-01
NIFTY,2026-10-06,22800.0,PE,298.5,561.4,227.25,363.65,363.65,246796,370880956254.25,1808365,-1616160,2026-10-01
NIFTY,2026-10-06,22650.0,PE,153.0,427.55,135.9,240.8,240.8,573391,851157949863.0,702065,-1233245,2026-10-01
NIFTY,2026-10-06,22500.0,PE,94.0,308.85,75.0,144.1,144.1,3513604,5167393457489.25,4915755,-1712620,2026-10-01
NIFTY,2026-10-06,21750.0,PE,5.95,26.3,3.95,7.95,7.95,356867,504807039044.75,1583205,964795,2026-10-01
NIFTY,2026-10-06,21650.0,PE,4.15,19.4,3.05,6.05,6.05,297604,418979653729.0,1129115,584740,2026-10-01
NIFTY,2026-10-06,21550.0,PE,3.4,15.15,2.05,4.85,4.85,323768,453662364964.25,1072500,789165,2026-10-01
NIFTY,2026-10-06,20200.0,PE,1.45,1.7,0.65,1.05,1.05,243,319076312.75,8190,8190,2026-10-01
NIFTY,2031-06-24,27000.0,CE,0.0,0.0,0.0,5699.0,4275.99,0,0.0,0,0,2026-10-01
NIFTY,2030-12-31,21000.0,CE,0.0,0.0,0.0,10552.5,6879.77,0,0.0,0,0,2026-10-01
NIFTY,2029-12-24,30000.0,CE,1350.0,1350.0,1350.0,1350.0,1769.53,1,2037750.0,11070,65,2026-10-01
NIFTY,2029-12-24,25500.0,CE,0.0,0.0,0.0,6500.6,3362.93,0,0.0,0,0,2026-10-01
NIFTY,2029-06-26,27000.0,CE,0.0,0.0,0.0,6570.4,2221.54,0,0.0,0,0,2026-10-01
NIFTY,2028-12-26,16500.0,CE,0.0,0.0,0.0,12176.65,8156.16,0,0.0,0,0,2026-10-01
NIFTY,2027-03-30,22500.0,CE,1260.0,1267.5,1090.0,1178.55,1178.55,2032,3126528112.5,278720,4615,2026-10-01
NIFTY,2026-12-29,34500.0,CE,0.0,0.0,0.0,1.35,0.0,0,0.0,1235,0,2026-10-01
NIFTY,2026-12-29,23350.0,CE,351.1,356.0,287.15,319.8,319.8,280,430869513.75,9880,8970,2026-10-01
NIFTY,2026-12-29,22400.0,CE,850.0,866.85,692.3,780.45,780.45,367,552118927.75,15990,15340,2026-10-01
NIFTY,2026-12-29,22350.0,CE,874.75,881.6,740.0,818.0,818.0,199,299296481.25,9425,8710,2026-10-01
NIFTY,2026-12-29,21150.0,CE,0.0,0.0,0.0,1997.6,1754.07,0,0.0,0,0,2026-10-01
NIFTY,2026-12-29,20900.0,CE,0.0,0.0,0.0,2211.65,1959.89,0,0.0,0,0,2026-10-01
NIFTY,2026-12-29,20800.0,CE,0.0,0.0,0.0,2299.35,2044.69,0,0.0,0,0,2026-10-01
NIFTY,2026-10-06,22050.0,CE,541.65,590.5,284.0,435.05,435.05,7250,10566184326.75,50570,45110,2026-10-01
NIFTY,2026-10-06,23200.0,CE,9.7,9.7,4.6,5.1,5.1,1028278,1551068744290.0,9475505,2151435,2026-10-01
NIFTY,2026-10-06,23850.0,CE,1.95,2.1,1.1,1.3,1.3,85667,132814380367.5,1004185,344500,2026-10-01
NIFTY,2026-12-29,20250.0,CE,0.0,0.0,0.0,2799.0,2531.95,0,0.0,0,0,2026-10-01
NIFTY,2026-10-06,25700.0,CE,0.5,0.85,0.4,0.45,0.45,13208,22064396084.25,164580,-17030,2026-10-01
NIFTY,2026-10-13,20700.0,CE,0.0,0.0,0.0,3051.15,1762.6,0,0.0,0,0,2026-10-01
NIFTY,2026-12-29,18000.0,CE,5004.0,5004.0,4496.2,4612.95,4612.95,57,83726503.25,14950,2145,2026-10-01
NIFTY,2026-11-23,26000.0,CE,9.75,10.4,8.65,9.65,9.65,2713,4586641172.75,449605,26195,2026-10-01
NIFTY,2026-11-23,25950.0,CE,7.65,9.5,7.65,9.4,5.9,33,55681626.0,1625,130,2026-10-01
NIFTY,2026-11-23,24950.0,CE,19.5,21.7,17.6,21.7,21.7,26,42198867.75,585,585,2026-10-01
NIFTY,2026-11-23,23850.0,CE,92.0,93.25,71.6,87.0,87.0,453,704680522.0,12675,1495,2026-10-01
NIFTY,2026-10-13,20900.0,CE,0.0,0.0,0.0,2853.0,1563.79,0,0.0,0,0,2026-10-01
NIFTY,2026-10-13,21900.0,CE,573.85,652.7,516.6,640.7,640.7,179,261474869.5,4095,4095,2026-10-01
NIFTY,2026-10-13,22150.0,CE,404.0,457.6,329.0,442.15,442.15,615,900748387.5,7605,7605,2026-10-01
NIFTY,2026-10-13,22450.0,CE,299.75,333.45,171.0,238.7,238.7,13469,19851417017.25,96070,90090,2026-10-01
NIFTY,2026-10-13,23050.0,CE,69.25,69.25,31.85,39.55,39.55,19367,29075335578.25,194155,-51220,2026-10-01
NIFTY,2026-11-23,23000.0,CE,300.0,339.0,241.75,288.3,288.3,26889,40699974230.5,1102725,337610,2026-10-01
NIFTY,2026-11-23,22650.0,CE,493.0,510.65,386.1,447.8,447.8,105,157606432.75,3770,1755,2026-10-01
NIFTY,2026-11-23,20150.0,CE,0.0,0.0,0.0,4487.2,2470.36,0,0.0,0,0,2026-10-01
NIFTY,2026-11-03,25050.0,CE,0.0,0.0,0.0,11.35,5.47,0,0.0,1885,0,2026-10-01
NIFTY,2026-11-03,24900.0,CE,7.75,10.5,7.75,8.85,8.85,33,53428323.0,1105,-325,2026-10-01
NIFTY,2026-11-03,22900.0,CE,246.45,259.8,174.8,213.8,213.8,234,351500974.5,4680,195,2026-10-01
NIFTY,2026-11-03,22850.0,CE,274.05,282.0,197.95,236.0,236.0,25,37508857.75,2080,325,2026-10-01
NIFTY,2026-11-03,22550.0,CE,409.95,437.15,310.65,373.0,373.0,68,101261234.75,1950,1885,2026-10-01
NIFTY,2026-11-03,21750.0,CE,0.0,0.0,0.0,1767.5,932.4,0,0.0,0,0,2026-10-01
NIFTY,2026-11-03,21650.0,CE,0.0,0.0,0.0,1859.6,1010.27,0,0.0,0,0,2026-10-01
NIFTY,2026-11-03,21400.0,CE,0.0,0.0,0.0,2094.4,1216.34,0,0.0,0,0,2026-10-01
NIFTY,2026-11-03,20200.0,CE,0.0,0.0,0.0,3267.45,2341.22,0,0.0,0,0,2026-10-01
NIFTY,2026-10-27,26350.0,CE,0.0,0.0,0.0,8.0,0.02,0,0.0,520,0,2026-10-01
NIFTY,2026-10-27,26250.0,CE,0.0,0.0,0.0,2.45,0.04,0,0.0,2015,0,2026-10-01
NIFTY,2026-10-27,25200.0,CE,4.55,4.6,3.5,4.45,4.45,2360,3866294168.75,179595,15925,2026-10-01
NIFTY,2026-10-27,24550.0,CE,7.3,9.35,7.3,9.05,9.05,1884,3007466988.5,57720,-34320,2026-10-01
NIFTY,2026-10-27,23150.0,CE,110.95,121.4,79.05,96.05,96.05,5798,8761187249.75,121810,26780,2026-10-01
NIFTY,2026-10-27,22750.0,CE,252.75,278.45,176.15,221.4,221.4,6682,9979391129.5,142805,21775,2026-10-01
NIFTY,2026-10-27,22450.0,CE,443.0,452.0,298.6,373.95,373.95,2787,4131416997.5,45890,37960,2026-10-01
NIFTY,2026-10-27,22250.0,CE,556.5,576.1,402.25,500.45,500.45,2204,3252224953.25,66300,48555,2026-10-01
NIFTY,2026-10-27,22000.0,CE,748.6,790.0,558.4,679.2,679.2,16902,24887105051.25,1211535,136825,2026-10-01
NIFTY,2026-10-27,21500.0,CE,1204.0,1229.0,930.9,1095.7,1095.7,3468,5077329231.0,494325,101270,2026-10-01
NIFTY,2026-10-27,20850.0,CE,0.0,0.0,0.0,3471.7,1672.25,0,0.0,0,0,2026-10-01
NIFTY,2026-10-19,24950.0,CE,3.15,3.15,3.15,3.15,0.38,20,32439095.0,1300,650,2026-10-01
NIFTY,2026-10-19,24350.0,CE,4.6,9.6,4.6,7.5,7.5,10,15831169.25,2340,-325,2026-10-01
NIFTY,2026-10-19,23100.0,CE,74.0,94.45,55.5,68.6,68.6,2129,3206456529.25,48165,21840,2026-10-01
NIFTY,2026-10-13,20250.0,CE,0.0,0.0,0.0,3498.0,2211.35,0,0.0,0,0,2026-10-01
NIFTY,2026-10-06,23700.0,CE,2.2,2.75,1.3,1.55,1.55,495647,763608977384.5,3894930,32175,2026-10-01
NIFTY,2026-10-06,23450.0,CE,4.45,4.55,2.1,2.45,2.45,395288,602600876400.25,1291160,-454545,2026-10-01
NIFTY,2026-10-06,23000.0,CE,22.8,23.5,9.0,10.3,10.3,1799484,2691875443539.75,13764725,2038400,2026-10-01
NIFTY,2026-10-06,22950.0,CE,28.8,32.0,10.7,12.3,12.3,630415,941149203348.25,3166345,664560,2026-10-01
NIFTY,2026-10-06,21900.0,CE,693.3,733.9,402.35,575.75,575.75,2547,3707083233.75,38935,37115,2026-10-01
NIFTY,2026-10-06,20900.0,CE,0.0,0.0,0.0,3277.05,1538.9,0,0.0,0,0,2026-10-01
NIFTY,2026-10-06,20600.0,CE,0.0,0.0,0.0,3574.95,1838.65,0,0.0,0,0,2026-10-01
NIFTY,2026-10-06,21200.0,CE,0.0,0.0,0.0,2979.65,1239.26,0,0.0,0,0,2026-10-01
NIFTY,2031-06-24,31500.0,PE,0.0,0.0,0.0,3185.85,3604.44,0,0.0,0,0,2026-10-01
NIFTY,2030-12-31,25500.0,PE,0.0,0.0,0.0,538.25,1490.11,0,0.0,0,0,2026-10-01
NIFTY,2030-06-25,24000.0,PE,0.0,0.0,0.0,698.15,1145.16,0,0.0,0,0,2026-10-01
NIFTY,2029-12-24,26000.0,PE,0.0,0.0,0.0,1900.0,1897.19,0,0.0,4380,0,2026-10-01
NIFTY,2029-12-24,23000.0,PE,0.0,0.0,0.0,725.05,933.7,0,0.0,1625,0,2026-10-01
NIFTY,2029-12-24,18000.0,PE,0.0,0.0,0.0,96.5,154.46,0,0.0,0,0,2026-10-01
NIFTY,2029-06-26,15000.0,PE,0.0,0.0,0.0,30.9,21.85,0,0.0,0,0,2026-10-01
NIFTY,2028-12-26,16500.0,PE,0.0,0.0,0.0,5.9,48.02,0,0.0,0,0,2026-10-01
NIFTY,2028-06-27,30000.0,PE,0.0,0.0,0.0,3779.25,4990.42,0,0.0,0,0,2026-10-01
NIFTY,2028-06-27,19500.0,PE,0.0,0.0,0.0,40.05,234.29,0,0.0,0,0,2026-10-01
NIFTY,2027-12-28,33000.0,PE,0.0,0.0,0.0,4155.55,8153.66,0,0.0,0,0,2026-10-01
NIFTY,2027-12-28,31500.0,PE,0.0,0.0,0.0,3240.0,6830.11,0,0.0,0,0,2026-10-01
NIFTY,2027-12-28,28500.0,PE,0.0,0.0,0.0,2979.7,4340.27,0,0.0,260,0,2026-10-01
NIFTY,2026-12-29,33000.0,PE,0.0,0.0,0.0,5263.45,10071.03,0,0.0,0,0,2026-10-01
NIFTY,2026-12-29,24300.0,PE,1630.25,1630.25,1567.8,1567.8,1567.8,6,10100619.75,780,390,2026-10-01
NIFTY,2026-12-29,24000.0,PE,1194.95,1516.1,1164.3,1331.6,1331.6,9748,16033806691.5,2149790,-52370,2026-10-01
NIFTY,2026-12-29,23250.0,PE,710.0,848.9,710.0,848.9,967.84,3,4681228.5,2210,65,2026-10-01
NIFTY,2026-12-29,22350.0,PE,320.85,484.25,309.4,391.6,391.6,405,598699595.0,3900,3380,2026-10-01
NIFTY,2026-12-29,22050.0,PE,243.95,386.95,235.7,305.75,305.75,252,366227735.25,4355,4225,2026-10-01
NIFTY,2026-12-29,16000.0,PE,10.0,13.0,9.9,12.5,12.5,183,190457624.5,141240,3900,2026-10-01
NIFTY,2026-12-29,15000.0,PE,9.0,9.95,8.5,8.95,8.95,377,367801707.0,154750,-1690,2026-10-01
NIFTY,2026-11-23,24650.0,PE,0.0,0.0,0.0,1463.55,2052.15,0,0.0,260,0,2026-10-01
NIFTY,2026-11-23,24450.0,PE,1837.0,1837.0,1837.0,1837.0,1870.72,1,1708655.0,390,-65,2026-10-01
NIFTY,2026-11-23,24050.0,PE,0.0,0.0,0.0,1132.55,1522.34,0,0.0,1040,0,2026-10-01
NIFTY,2026-11-23,23550.0,PE,941.4,1159.1,941.4,1003.3,1003.3,12,19191110.25,15340,-520,2026-10-01
NIFTY,2026-11-23,22650.0,PE,381.45,588.9,363.4,450.05,450.05,305,458077678.5,12675,-130,2026-10-01
NIFTY,2026-11-23,22400.0,PE,292.95,470.0,268.9,349.8,349.8,3442,5092695887.5,93925,4355,2026-10-01
NIFTY,2026-11-23,21800.0,PE,150.3,260.65,134.95,184.1,184.1,2853,4078072550.5,98410,3705,2026-10-01
NIFTY,2026-11-23,21600.0,PE,116.0,210.9,109.9,151.4,151.4,1184,1674443917.25,29705,5005,2026-10-01
NIFTY,2026-11-23,21300.0,PE,89.25,156.7,79.85,110.0,110.0,2325,3236150742.5,52195,28210,2026-10-01
NIFTY,2026-11-23,20900.0,PE,50.1,95.75,50.1,74.0,74.0,63,85936113.25,4485,3120,2026-10-01
NIFTY,2026-11-23,20550.0,PE,55.65,66.0,49.7,57.7,57.7,53,70990575.5,1690,1365,2026-10-01
NIFTY,2026-11-03,25050.0,PE,0.0,0.0,0.0,1622.0,2490.11,0,0.0,0,0,2026-10-01
NIFTY,2026-11-03,24800.0,PE,0.0,0.0,0.0,1405.5,2245.8,0,0.0,0,0,2026-10-01
NIFTY,2026-11-03,24350.0,PE,0.0,0.0,0.0,1045.45,1814.0,0,0.0,0,0,2026-10-01
NIFTY,2026-11-03,23900.0,PE,0.0,0.0,0.0,731.5,1400.87,0,0.0,0,0,2026-10-01
NIFTY,2026-11-03,21550.0,PE,0.0,0.0,0.0,27.0,95.53,0,0.0,0,0,2026-10-01
NIFTY,2026-11-03,20350.0,PE,0.0,0.0,0.0,1.3,5.69,0,0.0,0,0,2026-10-01
NIFTY,2026-11-03,20150.0,PE,0.0,0.0,0.0,0.7,3.11,0,0.0,0,0,2026-10-01
NIFTY,2026-10-27,26950.0,PE,0.0,0.0,0.0,2675.85,4414.64,0,0.0,0,0,2026-10-01
NIFTY,2026-10-27,25500.0,PE,2850.0,3150.0,2782.65,2937.3,2937.3,940,1737533164.25,876460,-14040,2026-10-01
NIFTY,2026-10-27,25400.0,PE,2650.0,2650.0,2650.0,2650.0,2871.82,1,1823250.0,8840,65,2026-10-01
NIFTY,2026-10-27,25150.0,PE,0.0,0.0,0.0,2150.0,2623.63,0,0.0,260,0,2026-10-01
NIFTY,2026-10-27,25100.0,PE,2480.0,2720.0,2400.0,2550.0,2550.0,12,21565378.25,43680,0,2026-10-01
NIFTY,2026-10-27,24900.0,PE,2165.0,2499.0,2165.0,2499.0,2376.19,12,21285355.0,142155,0,2026-10-01
NIFTY,2026-10-27,24600.0,PE,1921.0,2250.4,1910.0,2037.85,2037.85,58,100501547.25,188175,-2600,2026-10-01
NIFTY,2026-10-27,23000.0,PE,491.0,776.7,465.0,587.75,587.75,61093,93758102883.25,5116800,-1160510,2026-10-01
NIFTY,2026-10-27,22750.0,PE,335.8,596.15,329.7,438.8,438.8,8606,12965041410.75,135525,-155090,2026-10-01
NIFTY,2026-10-27,22600.0,PE,298.6,503.35,259.25,351.45,351.45,39774,59315294460.5,924430,20995,2026-10-01
NIFTY,2026-10-27,22150.0,PE,134.95,289.3,126.75,183.35,183.35,3029,4402710773.5,61880,8320,2026-10-01
NIFTY,2026-10-27,20450.0,PE,17.5,17.5,17.5,17.5,17.5,4,5321550.0,260,260,2026-10-01
NIFTY,2026-10-27,20250.0,PE,0.0,0.0,0.0,8.9,1.77,0,0.0,0,0,2026-10-01
NIFTY,2026-10-19,24850.0,PE,0.0,0.0,0.0,1640.7,2356.17,0,0.0,0,0,2026-10-01
NIFTY,2026-10-19,24800.0,PE,0.0,0.0,0.0,1850.0,2306.43,0,0.0,1170,0,2026-10-01
NIFTY,2026-10-19,24650.0,PE,0.0,0.0,0.0,1460.6,2157.38,0,0.0,0,0,2026-10-01
NIFTY,2026-10-19,24400.0,PE,0.0,0.0,0.0,1450.0,1909.79,0,0.0,650,0,2026-10-01
NIFTY,2026-10-19,23300.0,PE,719.3,1002.0,710.2,865.9,876.28,71,111763330.25,6175,-845,2026-10-01
NIFTY,2026-10-19,21100.0,PE,19.0,33.05,19.0,24.45,24.45,111,152417239.0,4745,4745,2026-10-01
NIFTY,2026-10-19,20900.0,PE,0.0,0.0,0.0,10.35,5.26,0,0.0,65,0,2026-10-01
NIFTY,2026-10-19,20800.0,PE,11.8,24.45,9.35,15.05,15.05,287,388370872.5,6955,4355,2026-10-01
NIFTY,2026-10-13,25250.0,PE,0.0,0.0,0.0,1538.35,2778.96,0,0.0,0,0,2026-10-01
NIFTY,2026-10-13,24650.0,PE,0.0,0.0,0.0,1036.55,2180.23,0,0.0,0,0,2026-10-01
NIFTY,2026-10-13,24450.0,PE,0.0,0.0,0.0,886.75,1980.82,0,0.0,0,0,2026-10-01
NIFTY,2026-10-13,23950.0,PE,1448.3,1448.3,1448.3,1448.3,1448.3,3,4952668.5,195,195,2026-10-01
NIFTY,2026-10-13,23850.0,PE,1329.35,1475.9,1329.35,1475.9,1386.24,2,3282841.25,1755,0,2026-10-01
NIFTY,2026-10-13,23800.0,PE,1210.0,1463.6,1160.0,1328.4,1328.4,23,37552528.0,12025,65,2026-10-01
NIFTY,2026-10-13,22950.0,PE,420.9,702.85,380.5,500.15,500.15,400,609389774.5,12740,-9035,2026-10-01
NIFTY,2026-10-13,22050.0,PE,53.0,160.85,45.5,81.5,81.5,13687,19698475559.75,103090,38740,2026-10-01
NIFTY,2026-10-13,21100.0,PE,7.55,22.5,6.1,11.35,11.35,12016,16490973128.5,123955,61100,2026-10-01
NIFTY,2026-10-06,25350.0,PE,2750.0,2750.0,2750.0,2750.0,2907.5,8,14612000.0,520,520,2026-10-01
NIFTY,2026-10-06,23300.0,PE,719.1,1045.25,670.5,831.45,831.45,7729,12115625444.0,1004705,-119470,2026-10-01
NIFTY,2026-10-06,22300.0,PE,65.55,180.6,31.05,66.0,66.0,2858337,4160422040957.0,8171540,4484480,2026-10-01
NIFTY,2026-10-06,21250.0,PE,2.1,8.05,1.2,2.8,2.8,308397,426042213119.25,680745,233025,2026-10-01
NIFTY,2026-10-06,20700.0,PE,1.15,2.95,0.85,1.55,1.55,88321,118845218066.25,523055,28080,2026-10-01
NIFTY,2026-10-06,20300.0,PE,1.6,2.9,0.7,1.1,1.1,1835,2421421707.25,29510,29510,2026-10-01
NIFTY,2031-06-24,16500.0,CE,0.0,0.0,0.0,11849.25,10293.49,0,0.0,0,0,2026-10-01
NIFTY,2030-12-31,24000.0,CE,0.0,0.0,0.0,8563.3,5180.8,0,0.0,0,0,2026-10-01
NIFTY,2030-06-25,25500.0,CE,0.0,0.0,0.0,7070.45,3902.25,0,0.0,0,0,2026-10-01
NIFTY,2029-12-24,19500.0,CE,0.0,0.0,0.0,10678.8,6835.92,0,0.0,0,0,2026-10-01
NIFTY,2029-06-26,19500.0,CE,0.0,0.0,0.0,10206.95,6317.54,0,0.0,0,0,2026-10-01
NIFTY,2028-06-27,16500.0,CE,0.0,0.0,0.0,11752.8,7680.54,0,0.0,0,0,2026-10-01
NIFTY,2027-12-28,31500.0,CE,90.0,90.0,71.0,86.0,139.26,4,8211905.0,2080,-195,2026-10-01
NIFTY,2027-12-28,30000.0,CE,117.85,125.0,110.0,122.6,122.6,624,1221611400.75,242385,1885,2026-10-01
NIFTY,2027-12-28,26000.0,CE,534.05,549.65,510.0,531.65,531.65,1873,3230180508.75,236565,35285,2026-10-01
NIFTY,2027-12-28,25000.0,CE,901.35,923.0,833.3,876.0,876.0,1081,1818502487.75,246230,19565,2026-10-01
NIFTY,2027-06-29,28500.0,CE,0.0,0.0,0.0,1711.9,121.23,0,0.0,0,0,2026-10-01
NIFTY,2026-12-29,28000.0,CE,7.0,8.75,6.9,8.0,8.0,3229,5878395107.0,1680990,-48355,2026-10-01
NIFTY,2026-12-29,24100.0,CE,141.45,141.45,122.7,137.45,137.45,193,303984408.0,7280,7280,2026-10-01
NIFTY,2026-12-29,21650.0,CE,1417.75,1417.75,1408.0,1408.0,1373.71,5,7495117.5,1690,325,2026-10-01
NIFTY,2026-12-29,20400.0,CE,0.0,0.0,0.0,2660.2,2395.96,0,0.0,0,0,2026-10-01
NIFTY,2026-11-23,25250.0,CE,13.0,16.0,13.0,13.0,19.86,24,39411320.0,780,780,2026-10-01
NIFTY,2026-11-23,25200.0,CE,19.0,20.45,15.1,19.15,21.54,93,152440980.25,7280,-130,2026-10-01
NIFTY,2026-11-23,24850.0,CE,22.15,22.5,22.15,22.5,37.34,6,9700184.0,390,0,2026-10-01
NIFTY,2026-11-23,23200.0,CE,245.7,257.35,184.4,219.5,219.5,5678,8641656159.5,274365,43810,2026-10-01
NIFTY,2026-11-23,22800.0,CE,414.45,437.25,314.0,373.2,373.2,4621,6962036734.25,152230,37505,2026-10-01
NIFTY,2026-11-23,22500.0,CE,634.4,634.5,449.75,528.45,528.45,9993,14957931621.75,342225,218920,2026-10-01
NIFTY,2026-11-23,22250.0,CE,635.6,702.65,587.2,689.05,689.05,63,93718465.75,1560,1365,2026-10-01
NIFTY,2026-11-23,22200.0,CE,782.5,813.25,614.0,722.0,722.0,611,907867970.75,21060,19825,2026-10-01
NIFTY,2026-11-23,20650.0,CE,0.0,0.0,0.0,3999.6,1998.32,0,0.0,0,0,2026-10-01
NIFTY,2026-11-23,20500.0,CE,0.0,0.0,0.0,2523.05,2137.79,0,0.0,65,0,2026-10-01
NIFTY,2026-11-23,20450.0,CE,0.0,0.0,0.0,4194.15,2184.74,0,0.0,0,0,2026-10-01
NIFTY,2026-11-03,23550.0,CE,78.0,78.0,57.0,66.55,66.55,39,59863371.75,5135,1235,2026-10-01
NIFTY,2026-11-03,23300.0,CE,120.9,125.85,85.25,105.45,105.45,452,687678130.75,12545,7150,2026-10-01
NIFTY,2026-11-03,23100.0,CE,170.0,186.7,125.1,152.1,152.1,377,569684865.75,7020,2535,2026-10-01
NIFTY,2026-11-03,22400.0,CE,403.95,477.05,378.15,455.3,455.3,145,215172906.0,5005,5005,2026-10-01
NIFTY,2026-11-03,22250.0,CE,506.75,530.0,469.0,519.9,590.07,9,13308688.25,325,325,2026-10-01
NIFTY,2026-11-03,21350.0,CE,0.0,0.0,0.0,2142.0,1259.29,0,0.0,0,0,2026-10-01
NIFTY,2026-11-03,21300.0,CE,0.0,0.0,0.0,2189.8,1302.76,0,0.0,0,0,2026-10-01
NIFTY,2026-11-03,20250.0,CE,0.0,0.0,0.0,3217.9,2292.1,0,0.0,0,0,2026-10-01
NIFTY,2026-11-03,20150.0,CE,0.0,0.0,0.0,3316.95,2390.41,0,0.0,0,0,2026-10-01
NIFTY,2026-10-27,27100.0,CE,1.4,1.4,1.2,1.2,1.2,3,5284747.0,9490,130,2026-10-01
NIFTY,2026-10-27,27000.0,CE,0.75,0.8,0.65,0.8,0.8,2492,4373577783.25,987870,2080,2026-10-01
NIFTY,2026-10-27,26850.0,CE,0.0,0.0,0.0,0.7,0.0,0,0.0,6760,0,2026-10-01
NIFTY,2026-10-27,26050.0,CE,2.1,2.35,1.8,2.35,2.35,92,155790332.75,6825,195,2026-10-01
NIFTY,2026-10-27,25400.0,CE,3.9,12.1,2.8,3.7,3.7,2358,3893568861.0,96590,2015,2026-10-01
NIFTY,2026-10-27,25000.0,CE,5.7,5.8,4.65,5.55,5.55,22905,37228336752.75,3050710,89115,2026-10-01
NIFTY,2026-10-27,24950.0,CE,6.2,6.2,4.35,5.75,5.75,168,272510364.75,62140,-260,2026-10-01
NIFTY,2026-10-27,24800.0,CE,6.55,7.9,5.6,6.8,6.8,4186,6749556953.75,409695,9490,2026-10-01
NIFTY,2026-10-27,23700.0,CE,31.95,34.05,25.0,29.5,29.5,21990,33918125595.25,978380,-81640,2026-10-01
NIFTY,2026-10-27,23400.0,CE,56.0,67.45,45.8,54.5,54.5,51415,78385794727.5,1958060,-254410,2026-10-01
NIFTY,2026-10-27,23350.0,CE,68.15,76.3,51.2,61.4,61.4,4710,7167676945.0,154505,12740,2026-10-01
NIFTY,2026-10-27,23100.0,CE,95.8,136.25,85.4,106.85,106.85,38538,58130602526.75,1385605,148070,2026-10-01
NIFTY,2026-10-27,22100.0,CE,672.95,710.0,493.65,604.6,604.6,1912,2816495698.25,38415,29055,2026-10-01
NIFTY,2026-10-27,21350.0,CE,1174.0,1174.0,1174.0,1174.0,1208.03,1,1464060.0,65,65,2026-10-01
NIFTY,2026-10-27,20600.0,CE,0.0,0.0,0.0,3710.55,1914.51,0,0.0,0,0,2026-10-01
NIFTY,2026-10-27,20400.0,CE,0.0,0.0,0.0,3903.2,2110.82,0,0.0,0,0,2026-10-01
NIFTY,2026-10-19,24900.0,CE,3.75,4.0,3.7,4.0,4.0,5,8093764.25,1495,0,2026-10-01
NIFTY,2026-10-19,24650.0,CE,0.0,0.0,0.0,7.0,1.19,0,0.0,845,0,2026-10-01
NIFTY,2026-10-19,24250.0,CE,0.0,0.0,0.0,121.35,4.74,0,0.0,0,0,2026-10-01
NIFTY,2026-10-19,22850.0,CE,162.0,174.1,99.25,127.9,127.9,964,1440473433.75,31525,19305,2026-10-01
NIFTY,2026-10-19,20900.0,CE,0.0,0.0,0.0,2338.15,1588.13,0,0.0,0,0,2026-10-01
NIFTY,2026-10-13,25250.0,CE,1.4,1.4,0.9,0.9,0.9,20,32826397.5,780,0,2026-10-01
NIFTY,2026-10-13,24200.0,CE,4.2,4.85,1.8,2.3,2.3,35075,55179046828.75,907335,612105,2026-10-01
NIFTY,2026-10-13,23550.0,CE,14.35,14.7,8.2,8.65,8.65,26774,41001792211.25,692705,317460,2026-10-01
NIFTY,2026-10-13,23250.0,CE,36.8,36.8,18.2,20.5,20.5,24044,36374198831.75,569660,245635,2026-10-01
NIFTY,2026-10-13,22000.0,CE,650.0,693.4,426.7,560.1,560.1,4609,6746107884.75,89115,60710,2026-10-01
NIFTY,2026-10-13,21400.0,CE,1034.6,1063.1,1034.6,1051.65,1075.42,5,7296753.75,130,130,2026-10-01
NIFTY,2026-10-13,21300.0,CE,1191.35,1191.35,1191.35,1191.35,1191.35,1,1461937.75,65,65,2026-10-01
NIFTY,2026-10-13,20950.0,CE,0.0,0.0,0.0,2803.55,1514.25,0,0.0,0,0,2026-10-01
NIFTY,2026-12-29,26000.0,PE,3000.05,3348.0,2974.7,3139.95,3139.95,1519,2879777296.5,1625230,12655,2026-10-01
NIFTY,2027-03-30,19500.0,PE,80.55,129.7,73.05,89.5,89.5,3650,4648868412.5,353340,56745,2026-10-01
NIFTY,2028-12-26,27000.0,PE,2154.0,2341.4,2143.0,2250.0,2250.0,35,66466549.5,17195,-650,2026-10-01
NIFTY,2028-12-26,28500.0,PE,0.0,0.0,0.0,1451.15,3562.31,0,0.0,0,0,2026-10-01
NIFTY,2029-06-26,24000.0,PE,0.0,0.0,0.0,850.0,1274.55,0,0.0,155,0,2026-10-01
NIFTY,2029-12-24,25500.0,PE,0.0,0.0,0.0,597.3,1708.52,0,0.0,0,0,2026-10-01
NIFTY,2029-12-24,31500.0,PE,0.0,0.0,0.0,2240.25,4637.19,0,0.0,0,0,2026-10-01
NIFTY,2030-06-25,21000.0,PE,0.0,0.0,0.0,220.0,501.53,0,0.0,65,0,2026-10-01
NIFTY,2026-12-29,13000.0,PE,0.0,0.0,0.0,4.85,0.0,0,0.0,9305,0,2026-10-01
NIFTY,2026-11-23,25500.0,PE,2642.15,3020.25,2642.15,2807.05,2807.05,466,858683387.25,250185,26975,2026-10-01
NIFTY,2026-11-23,25150.0,PE,0.0,0.0,0.0,1030.25,2520.57,0,0.0,0,0,2026-10-01
NIFTY,2026-11-23,24250.0,PE,0.0,0.0,0.0,1293.1,1693.83,0,0.0,780,0,2026-10-01
NIFTY,2026-11-23,24200.0,PE,1453.35,1453.35,1453.35,1453.35,1650.41,14,23344548.5,10400,-910,2026-10-01
NIFTY,2026-11-23,23850.0,PE,0.0,0.0,0.0,1038.55,1357.18,0,0.0,2080,0,2026-10-01
NIFTY,2026-11-23,22750.0,PE,430.0,651.7,403.7,504.65,504.65,367,554298088.5,20735,5720,2026-10-01
NIFTY,2026-11-23,22300.0,PE,252.55,429.95,238.35,315.15,315.15,2713,3991564902.0,82940,4550,2026-10-01
NIFTY,2026-11-23,21650.0,PE,120.85,220.9,118.35,158.7,158.7,498,706329835.25,20150,16575,2026-10-01
NIFTY,2026-11-23,21050.0,PE,60.55,122.45,60.55,90.75,90.75,273,375364912.0,4615,-910,2026-10-01
NIFTY,2026-11-23,20850.0,PE,0.0,0.0,0.0,47.55,52.79,0,0.0,195,0,2026-10-01
NIFTY,2026-11-03,24550.0,PE,0.0,0.0,0.0,1199.8,2004.28,0,0.0,0,0,2026-10-01
NIFTY,2030-06-25,25500.0,PE,0.0,0.0,0.0,568.55,1597.07,0,0.0,0,0,2026-10-01
NIFTY,2030-12-31,21000.0,PE,0.0,0.0,0.0,450.0,488.7,0,0.0,845,0,2026-10-01
NIFTY,2031-06-24,15000.0,PE,0.0,0.0,0.0,47.5,41.65,0,0.0,0,0,2026-10-01
NIFTY,2026-11-03,23850.0,PE,0.0,0.0,0.0,700.25,1356.69,0,0.0,0,0,2026-10-01
NIFTY,2026-11-03,22550.0,PE,289.35,453.75,271.5,362.85,362.85,120,178614471.75,3185,-195,2026-10-01
NIFTY,2026-11-03,21250.0,PE,0.0,0.0,0.0,14.0,53.12,0,0.0,0,0,2026-10-01
NIFTY,2026-11-03,21050.0,PE,60.0,60.0,50.0,50.0,50.0,18,24687650.0,1170,1170,2026-10-01
NIFTY,2026-10-27,26150.0,PE,0.0,0.0,0.0,2950.0,3618.06,0,0.0,195,0,2026-10-01
NIFTY,2026-10-27,25900.0,PE,3210.0,3210.0,3210.0,3210.0,3369.19,2,3784300.0,1820,130,2026-10-01
NIFTY,2026-10-27,25750.0,PE,0.0,0.0,0.0,1659.3,3219.9,0,0.0,325,0,2026-10-01
NIFTY,2026-10-27,22850.0,PE,417.5,660.5,377.7,492.9,492.9,1962,2977506684.75,89115,-38350,2026-10-01
NIFTY,2026-10-27,22800.0,PE,395.55,630.0,351.25,454.8,454.8,36814,55702947693.25,1750125,-875485,2026-10-01
NIFTY,2026-10-27,22650.0,PE,313.0,532.7,282.0,376.85,376.85,5713,8548011312.75,211640,-21190,2026-10-01
NIFTY,2026-10-27,22250.0,PE,169.0,325.8,148.9,211.75,211.75,6969,10186691970.0,259870,20475,2026-10-01
NIFTY,2026-10-27,21150.0,PE,31.25,69.0,27.7,42.15,42.15,1035,1426016712.25,22360,9880,2026-10-01
NIFTY,2026-10-19,23950.0,PE,0.0,0.0,0.0,887.9,1470.25,0,0.0,0,0,2026-10-01
NIFTY,2026-10-19,23350.0,PE,786.45,1012.4,786.45,973.8,918.87,8,12627936.75,2145,0,2026-10-01
NIFTY,2026-10-19,23150.0,PE,584.65,815.0,584.65,815.0,752.97,8,12385730.5,2145,-520,2026-10-01
NIFTY,2026-10-19,22150.0,PE,107.25,241.05,89.5,141.45,141.45,584,847147619.5,8320,3055,2026-10-01
NIFTY,2026-10-19,21600.0,PE,37.45,97.45,30.5,54.65,54.65,1041,1465806407.0,15275,-520,2026-10-01
NIFTY,2026-10-19,21500.0,PE,32.45,80.6,25.45,44.4,44.4,6123,8576880110.5,79560,24830,2026-10-01
NIFTY,2026-10-19,21150.0,PE,16.2,39.4,14.65,27.0,27.0,141,194091706.25,5460,3965,2026-10-01
NIFTY,2026-10-19,20750.0,PE,0.0,0.0,0.0,3.5,2.94,0,0.0,0,0,2026-10-01
NIFTY,2026-10-19,20550.0,PE,10.15,20.0,10.15,20.0,1.27,2,2673459.75,0,0,2026-10-01
NIFTY,2026-10-19,20500.0,PE,8.15,20.75,6.4,11.55,11.55,1583,2110586354.5,35620,29315,2026-10-01
NIFTY,2026-10-19,20150.0,PE,0.0,0.0,0.0,0.5,0.19,0,0.0,0,0,2026-10-01
NIFTY,2026-10-19,20100.0,PE,0.0,0.0,0.0,0.45,0.15,0,0.0,0,0,2026-10-01
NIFTY,2026-10-13,25300.0,PE,0.0,0.0,0.0,1583.0,2828.86,0,0.0,0,0,2026-10-01
NIFTY,2026-10-13,24950.0,PE,0.0,0.0,0.0,1278.75,2479.56,0,0.0,0,0,2026-10-01
NIFTY,2026-10-13,24750.0,PE,0.0,0.0,0.0,1115.1,2279.99,0,0.0,0,0,2026-10-01
NIFTY,2026-10-13,22200.0,PE,85.05,215.35,66.5,114.3,114.3,59999,87081149863.5,576290,18785,2026-10-01
NIFTY,2026-10-13,21850.0,PE,38.0,106.95,27.9,50.0,50.0,9657,13751194229.5,101010,45435,2026-10-01
NIFTY,2026-10-13,21800.0,PE,30.85,96.55,24.45,44.6,44.6,46665,66283610448.25,761800,412295,2026-10-01
NIFTY,2026-10-13,21500.0,PE,16.95,51.75,12.7,23.7,23.7,89295,124955207994.5,1155180,517075,2026-10-01
NIFTY,2026-10-13,21200.0,PE,9.05,27.8,7.15,13.1,13.1,33034,45555551180.75,398190,273260,2026-10-01
NIFTY,2026-10-13,21150.0,PE,9.3,24.7,6.85,12.25,12.25,2733,3760075520.5,18265,12155,2026-10-01
NIFTY,2026-10-13,20300.0,PE,4.25,6.0,3.15,4.05,4.05,54,71267482.0,650,650,2026-10-01
NIFTY,2026-10-06,25500.0,PE,2925.0,3200.0,2901.6,3000.0,3000.0,22,40809967.25,66170,-195,2026-10-01
NIFTY,2026-10-06,25150.0,PE,0.0,0.0,0.0,1102.0,2707.66,0,0.0,0,0,2026-10-01
NIFTY,2026-10-06,25100.0,PE,2450.0,2520.0,2450.0,2520.0,2657.7,10,17926658.75,5590,260,2026-10-01
NIFTY,2026-10-06,24350.0,PE,0.0,0.0,0.0,1580.0,1908.31,0,0.0,1105,0,2026-10-01
NIFTY,2026-10-06,23850.0,PE,1193.5,1546.9,1193.5,1386.05,1386.05,112,184191871.5,4940,-5005,2026-10-01
NIFTY,2026-10-06,23350.0,PE,770.0,1075.05,725.75,898.9,898.9,659,1039544496.25,76765,-8970,2026-10-01
NIFTY,2026-10-06,23200.0,PE,638.0,943.95,576.2,740.35,740.35,10071,15664829895.0,463840,-143000,2026-10-01
NIFTY,2026-10-06,22950.0,PE,337.35,699.35,337.35,502.6,502.6,12972,19739370222.0,450840,-18200,2026-10-01
NIFTY,2026-10-06,22450.0,PE,87.95,272.05,60.3,120.3,120.3,1514366,2221177052646.5,2094105,1073800,2026-10-01
NIFTY,2026-10-06,21850.0,PE,8.3,37.7,5.3,11.15,11.15,517637,735717984205.75,1999140,966030,2026-10-01
NIFTY,2026-10-06,20900.0,PE,1.5,4.25,1.0,1.75,1.75,222461,302248979275.75,558480,56030,2026-10-01
NIFTY,2026-10-06,20650.0,PE,1.25,2.65,0.85,1.4,1.4,30101,40406065911.25,85215,36985,2026-10-01
NIFTY,2026-10-06,20250.0,PE,1.5,1.8,0.65,1.05,1.05,234,308019715.25,9035,9035,2026-10-01
NIFTY,2031-06-24,28500.0,CE,0.0,0.0,0.0,5048.95,3684.91,0,0.0,0,0,2026-10-01
NIFTY,2030-06-25,19500.0,CE,0.0,0.0,0.0,11140.25,7337.83,0,0.0,0,0,2026-10-01
NIFTY,2030-06-25,16500.0,CE,0.0,0.0,0.0,13374.05,9484.6,0,0.0,0,0,2026-10-01
NIFTY,2029-12-24,22500.0,CE,0.0,0.0,0.0,8486.15,4909.73,0,0.0,0,0,2026-10-01
NIFTY,2029-06-26,15000.0,CE,0.0,0.0,0.0,13671.85,9836.81,0,0.0,0,0,2026-10-01
NIFTY,2028-12-26,21000.0,CE,0.0,0.0,0.0,7512.5,4707.25,0,0.0,0,0,2026-10-01
NIFTY,2028-12-26,15000.0,CE,0.0,0.0,0.0,11381.75,9424.52,0,0.0,0,0,2026-10-01
NIFTY,2028-06-27,31500.0,CE,0.0,0.0,0.0,1784.8,362.92,0,0.0,0,0,2026-10-01
NIFTY,2028-06-27,25500.0,CE,0.0,0.0,0.0,1900.0,1686.49,0,0.0,195,0,2026-10-01
NIFTY,2027-12-28,28500.0,CE,200.0,219.0,188.25,202.85,202.85,280,522373644.0,63440,-5525,2026-10-01
NIFTY,2027-12-28,25500.0,CE,0.0,0.0,0.0,2400.0,1109.67,0,0.0,0,0,2026-10-01
NIFTY,2027-12-28,22500.0,CE,2250.0,2250.5,2250.0,2250.5,2470.5,6,9652532.5,455,390,2026-10-01
NIFTY,2027-06-29,27000.0,CE,140.0,140.0,122.3,130.45,130.45,216,380912031.5,43940,4875,2026-10-01
NIFTY,2027-06-29,24000.0,CE,760.95,780.0,661.9,703.45,703.45,947,1521599521.0,54680,23725,2026-10-01
NIFTY,2027-06-29,21000.0,CE,0.0,0.0,0.0,3061.8,2722.62,0,0.0,0,0,2026-10-01
NIFTY,2027-03-30,18000.0,CE,0.0,0.0,0.0,5643.55,4986.15,0,0.0,0,0,2026-10-01
NIFTY,2026-12-29,24200.0,CE,126.8,126.8,109.45,121.7,121.7,492,777711639.25,24960,24960,2026-10-01
NIFTY,2026-12-29,23700.0,CE,233.15,244.0,187.8,212.45,212.45,1741,2706337413.0,70655,50960,2026-10-01
NIFTY,2026-12-29,22800.0,CE,620.0,629.75,487.0,554.1,554.1,638,968611153.25,15795,11115,2026-10-01
NIFTY,2026-12-29,21350.0,CE,1518.0,1518.0,1457.1,1457.1,1596.42,13,19305585.0,845,845,2026-10-01
NIFTY,2026-12-29,21100.0,CE,0.0,0.0,0.0,2039.8,1794.49,0,0.0,0,0,2026-10-01
NIFTY,2026-12-29,21000.0,CE,1980.0,2009.55,1700.0,1856.5,1856.5,8820,13149232287.75,835865,369275,2026-10-01
NIFTY,2026-12-29,20550.0,CE,0.0,0.0,0.0,2523.15,2262.15,0,0.0,0,0,2026-10-01
NIFTY,2026-12-29,20500.0,CE,0.0,0.0,0.0,2568.65,2306.49,0,0.0,0,0,2026-10-01
NIFTY,2026-12-29,20200.0,CE,0.0,0.0,0.0,2845.65,2577.72,0,0.0,0,0,2026-10-01
NIFTY,2026-11-23,25850.0,CE,8.65,9.45,8.65,8.9,7.07,31,52105862.25,845,650,2026-10-01
NIFTY,2026-11-23,24750.0,CE,24.35,33.9,18.1,27.5,27.5,122,196483417.0,13455,-4355,2026-10-01
NIFTY,2026-11-23,24100.0,CE,58.0,67.95,47.35,61.85,61.85,5616,8818994515.5,194610,58955,2026-10-01
NIFTY,2026-11-23,24000.0,CE,71.95,80.4,55.45,72.2,72.2,44345,69378418833.75,1841515,591630,2026-10-01
NIFTY,2026-11-23,23300.0,CE,206.0,222.5,160.6,188.95,188.95,5603,8553872213.25,143650,39780,2026-10-01
NIFTY,2026-11-23,22950.0,CE,349.75,368.85,259.75,310.25,310.25,334,504827852.75,8710,1495,2026-10-01
NIFTY,2026-11-23,22350.0,CE,566.15,621.8,554.4,621.8,621.8,60,89431676.75,1755,1560,2026-10-01
NIFTY,2026-11-23,21600.0,CE,0.0,0.0,0.0,3092.25,1188.02,0,0.0,0,0,2026-10-01
NIFTY,2026-11-23,21500.0,CE,1343.0,1386.0,1106.0,1253.4,1253.4,280,413035665.25,15925,8840,2026-10-01
NIFTY,2026-11-23,20400.0,CE,0.0,0.0,0.0,4242.9,2231.9,0,0.0,0,0,2026-10-01
NIFTY,2026-11-03,23500.0,CE,85.7,85.7,58.8,72.5,72.5,1585,2428245784.25,48815,20670,2026-10-01
NIFTY,2026-11-03,23050.0,CE,180.0,187.0,141.0,154.95,227.76,29,43757099.75,2925,-260,2026-10-01
NIFTY,2026-11-03,22200.0,CE,625.0,625.0,494.2,582.55,582.55,52,76913216.25,1365,1235,2026-10-01
NIFTY,2026-11-03,21250.0,CE,0.0,0.0,0.0,2237.75,1346.72,0,0.0,0,0,2026-10-01
NIFTY,2026-11-03,20550.0,CE,0.0,0.0,0.0,2921.3,1999.58,0,0.0,0,0,2026-10-01
NIFTY,2026-11-03,20350.0,CE,0.0,0.0,0.0,3118.95,2194.13,0,0.0,0,0,2026-10-01
NIFTY,2026-10-27,26750.0,CE,1.9,1.9,0.55,0.65,0.01,16,27820695.5,975,0,2026-10-01
NIFTY,2026-10-27,26600.0,CE,0.0,0.0,0.0,0.7,0.01,0,0.0,2275,0,2026-10-01
NIFTY,2026-10-27,26000.0,CE,2.15,2.25,1.3,1.65,1.65,23016,38899630315.0,1960465,29055,2026-10-01
NIFTY,2026-10-27,25450.0,CE,5.0,5.0,2.55,3.7,3.7,65,107538866.5,6955,2405,2026-10-01
NIFTY,2026-10-27,24500.0,CE,10.95,11.0,5.3,9.6,9.6,28490,45387460439.75,2171195,-310635,2026-10-01
NIFTY,2026-10-27,24200.0,CE,13.0,14.85,11.7,13.55,13.55,16448,25886749209.75,811915,-230490,2026-10-01
NIFTY,2026-10-27,23900.0,CE,20.95,23.45,17.6,20.6,20.6,17546,27281123415.0,562445,29315,2026-10-01
NIFTY,2026-10-27,22950.0,CE,174.0,189.1,119.05,148.25,148.25,3612,5424256691.75,82030,16120,2026-10-01
NIFTY,2026-10-27,22350.0,CE,497.0,514.1,348.4,436.15,436.15,4807,7106009088.75,52845,43290,2026-10-01
NIFTY,2026-10-27,21850.0,CE,750.15,750.15,750.15,750.15,795.38,1,1469009.75,65,65,2026-10-01
NIFTY,2026-10-27,21650.0,CE,912.35,912.35,912.35,912.35,952.13,1,1466552.75,65,65,2026-10-01
NIFTY,2026-10-27,21300.0,CE,1180.0,1235.6,1096.95,1235.6,1252.67,20,29153540.0,1235,1170,2026-10-01
NIFTY,2026-10-27,21150.0,CE,1433.7,1433.7,1433.7,1433.7,1433.7,1,1467940.5,65,65,2026-10-01
NIFTY,2026-10-19,25000.0,CE,3.5,3.8,2.35,3.6,3.6,1655,2689725129.0,83395,5785,2026-10-01
NIFTY,2026-10-19,24800.0,CE,0.0,0.0,0.0,4.2,0.68,0,0.0,1755,0,2026-10-01
NIFTY,2026-10-19,24400.0,CE,5.8,6.95,4.25,5.2,5.2,420,666268307.25,33020,-2275,2026-10-01
NIFTY,2026-10-19,22600.0,CE,279.85,298.35,173.0,225.15,225.15,4510,6691911791.5,80860,36205,2026-10-01
NIFTY,2026-10-19,21950.0,CE,564.75,656.0,564.75,656.0,650.11,5,7340043.75,260,195,2026-10-01
NIFTY,2026-10-19,21800.0,CE,680.0,796.9,680.0,792.45,792.45,14,20551813.75,195,195,2026-10-01
NIFTY,2026-10-19,21600.0,CE,0.0,0.0,0.0,1667.5,933.83,0,0.0,0,0,2026-10-01
NIFTY,2026-10-19,21300.0,CE,0.0,0.0,0.0,1950.35,1204.69,0,0.0,0,0,2026-10-01
NIFTY,2026-10-19,21000.0,CE,1499.65,1499.65,1499.65,1499.65,1490.75,1,1462477.25,65,65,2026-10-01
NIFTY,2026-10-19,20100.0,CE,0.0,0.0,0.0,3128.8,2380.69,0,0.0,0,0,2026-10-01
NIFTY,2026-10-13,25150.0,CE,1.6,1.85,0.95,1.25,1.25,218,356394337.0,11050,6240,2026-10-01
NIFTY,2026-10-13,25050.0,CE,1.05,1.75,0.9,1.0,1.0,177,288214127.5,5330,3055,2026-10-01
NIFTY,2026-10-13,24450.0,CE,3.0,3.0,1.35,1.85,1.85,1386,2202875571.0,15535,4095,2026-10-01
NIFTY,2026-10-13,23650.0,CE,10.1,10.7,6.6,6.9,6.9,10421,16025317239.75,137735,-8710,2026-10-01
NIFTY,2026-10-13,23300.0,CE,25.0,29.15,16.0,17.7,17.7,68896,104434920684.25,973635,242645,2026-10-01
NIFTY,2026-10-13,22500.0,CE,278.0,299.65,150.15,211.85,211.85,101035,149134305290.75,939185,758810,2026-10-01
NIFTY,2026-10-06,25150.0,CE,0.7,1.05,0.1,0.5,0.5,1167,1907802637.0,32435,8905,2026-10-01
NIFTY,2026-10-06,25100.0,CE,0.9,1.1,0.4,0.45,0.45,12255,19994574551.25,145925,79950,2026-10-01
NIFTY,2026-10-06,24700.0,CE,0.8,1.2,0.55,0.6,0.6,43332,69571907561.0,315705,-590915,2026-10-01
NIFTY,2026-10-06,24150.0,CE,1.4,1.55,0.7,0.8,0.8,46906,73634203366.75,422370,-108550,2026-10-01
NIFTY,2026-10-06,23500.0,CE,2.0,4.05,1.75,2.25,2.25,1367162,2088595667918.5,12496965,2706470,2026-10-01
NIFTY,2026-10-06,20350.0,CE,0.0,0.0,0.0,3823.4,2088.45,0,0.0,0,0,2026-10-01
NIFTY,2026-12-29,20550.0,PE,0.0,0.0,0.0,55.9,74.46,0,0.0,0,0,2026-10-01
NIFTY,2026-12-29,20750.0,PE,0.0,0.0,0.0,73.4,96.82,0,0.0,0,0,2026-10-01
NIFTY,2026-12-29,21650.0,PE,188.0,281.45,170.35,215.35,215.35,236,335492075.75,7670,7605,2026-10-01
NIFTY,2026-12-29,22300.0,PE,310.85,478.0,295.75,374.1,374.1,1141,1682898441.25,25740,18460,2026-10-01
NIFTY,2026-12-29,22750.0,PE,452.8,665.65,445.9,547.25,547.25,189,285643309.25,7735,6240,2026-10-01
NIFTY,2026-11-03,21900.0,PE,117.0,228.6,111.55,148.75,148.75,148,212346832.75,2470,2405,2026-10-01
NIFTY,2026-11-23,21500.0,PE,108.65,192.3,98.4,136.4,136.4,16325,22960927606.5,778050,51285,2026-10-01
NIFTY,2026-11-23,22100.0,PE,205.4,351.95,190.8,254.2,254.2,2314,3364374455.0,79690,65,2026-10-01
NIFTY,2028-12-26,20000.0,PE,320.15,369.0,320.15,364.5,364.5,6,7930679.25,5805,260,2026-10-01
NIFTY,2028-06-27,16500.0,PE,0.0,0.0,0.0,3.8,32.87,0,0.0,0,0,2026-10-01
NIFTY,2027-12-28,23000.0,PE,818.35,1004.55,812.35,907.35,907.35,2771,4306712868.25,274070,88725,2026-10-01
NIFTY,2026-11-23,24350.0,PE,1613.4,1792.25,1613.4,1792.25,1781.65,28,47479136.25,2210,-1820,2026-10-01
NIFTY,2026-11-23,24850.0,PE,0.0,0.0,0.0,860.35,2237.32,0,0.0,0,0,2026-10-01
NIFTY,2026-11-23,24950.0,PE,0.0,0.0,0.0,915.05,2331.08,0,0.0,0,0,2026-10-01
NIFTY,2026-11-23,25750.0,PE,0.0,0.0,0.0,1419.55,3100.17,0,0.0,0,0,2026-10-01
NIFTY,2026-12-29,17000.0,PE,14.8,18.95,14.75,16.5,16.5,1002,1108311584.25,264755,23270,2026-10-01
NIFTY,2026-12-29,21700.0,PE,182.8,293.4,173.0,224.9,224.9,437,622919245.0,28730,9165,2026-10-01
NIFTY,2026-10-27,20850.0,PE,21.55,47.05,19.8,29.55,29.55,592,803603086.0,11245,3705,2026-10-01
NIFTY,2026-11-03,20750.0,PE,0.0,0.0,0.0,4.05,16.86,0,0.0,0,0,2026-10-01
NIFTY,2026-11-03,20600.0,PE,0.0,0.0,0.0,2.7,11.42,0,0.0,0,0,2026-10-01
NIFTY,2026-11-03,20400.0,PE,0.0,0.0,0.0,1.5,6.57,0,0.0,0,0,2026-10-01
NIFTY,2026-10-27,27100.0,PE,5006.45,5006.45,5006.45,5006.45,4564.01,1,2086919.25,260,0,2026-10-01
NIFTY,2026-10-27,27050.0,PE,0.0,0.0,0.0,2764.35,4514.22,0,0.0,0,0,2026-10-01
NIFTY,2030-06-25,31500.0,PE,0.0,0.0,0.0,2056.3,4251.82,0,0.0,0,0,2026-10-01
NIFTY,2026-12-29,23500.0,PE,850.0,1130.0,827.45,963.15,963.15,2018,3207591266.75,75205,38025,2026-10-01
NIFTY,2026-12-29,23000.0,PE,589.95,809.1,551.0,664.8,664.8,21706,33380800732.5,2661670,-292645,2026-10-01
NIFTY,2026-12-29,20600.0,PE,0.0,0.0,0.0,59.9,79.62,0,0.0,0,0,2026-10-01
NIFTY,2026-11-23,25300.0,PE,0.0,0.0,0.0,1600.0,2664.13,0,0.0,65,0,2026-10-01
NIFTY,2026-11-23,24900.0,PE,0.0,0.0,0.0,1925.0,2284.11,0,0.0,1040,0,2026-10-01
NIFTY,2026-10-06,20450.0,CE,0.0,0.0,0.0,3724.0,1988.53,0,0.0,0,0,2026-10-01
NIFTY,2026-10-06,20650.0,CE,0.0,0.0,0.0,3525.3,1788.69,0,0.0,0,0,2026-10-01
NIFTY,2026-10-06,20800.0,CE,0.0,0.0,0.0,3376.3,1638.81,0,0.0,0,0,2026-10-01
NIFTY,2026-10-06,20950.0,CE,0.0,0.0,0.0,3227.45,1488.94,0,0.0,0,0,2026-10-01
NIFTY,2026-10-06,21000.0,CE,1650.0,1650.0,1266.5,1448.55,1448.55,56,81611656.75,3900,1950,2026-10-01
NIFTY,2026-10-06,21350.0,CE,0.0,0.0,0.0,2831.3,1089.72,0,0.0,0,0,2026-10-01
NIFTY,2026-10-06,21500.0,CE,1090.0,1130.1,770.0,960.4,960.4,652,948626887.0,19825,14820,2026-10-01
NIFTY,2026-10-06,22700.0,CE,91.0,98.0,28.05,40.75,40.75,2559254,3785918887744.5,9669010,934310,2026-10-01
NIFTY,2026-10-06,23650.0,CE,2.7,3.0,1.35,1.65,1.65,157471,242095012802.5,846170,-297765,2026-10-01
NIFTY,2026-10-06,23800.0,CE,1.75,2.4,1.2,1.35,1.35,440657,681747095695.25,4175145,716365,2026-10-01
NIFTY,2026-10-06,24400.0,CE,0.85,1.2,0.55,0.7,0.7,86953,137912316392.5,1675310,-726440,2026-10-01
NIFTY,2026-10-06,25650.0,CE,0.6,0.85,0.4,0.45,0.45,1874,3124491789.25,44005,12025,2026-10-01
NIFTY,2026-10-06,25800.0,CE,0.5,0.75,0.4,0.45,0.45,20151,33793861523.5,558545,58435,2026-10-01
NIFTY,2026-10-13,20350.0,CE,0.0,0.0,0.0,3398.6,2111.56,0,0.0,0,0,2026-10-01
NIFTY,2026-10-13,20500.0,CE,0.0,0.0,0.0,3249.65,1961.93,0,0.0,0,0,2026-10-01
NIFTY,2026-10-13,22300.0,CE,390.3,442.0,241.0,332.95,332.95,33397,49055444873.5,233025,211770,2026-10-01
NIFTY,2026-10-13,22400.0,CE,350.0,392.85,192.0,266.85,266.85,47400,69782658221.25,505180,477490,2026-10-01
NIFTY,2026-10-13,23200.0,CE,39.7,40.55,21.05,24.45,24.45,75178,113505769984.75,1662050,491985,2026-10-01
NIFTY,2026-10-13,23600.0,CE,12.35,12.35,7.2,7.6,7.6,41341,63441748357.0,677300,83265,2026-10-01
NIFTY,2026-10-13,23850.0,CE,7.35,7.35,3.6,4.45,4.45,4846,7514182195.0,74230,-10855,2026-10-01
NIFTY,2026-10-13,24000.0,CE,5.9,5.9,3.25,3.65,3.65,85174,132894304591.75,2908035,1902550,2026-10-01
NIFTY,2026-10-13,24250.0,CE,3.0,3.2,1.95,2.15,2.15,1681,2649960927.25,56290,24570,2026-10-01
NIFTY,2026-10-19,21450.0,CE,0.0,0.0,0.0,1807.8,1066.79,0,0.0,0,0,2026-10-01
NIFTY,2026-10-19,22100.0,CE,498.85,498.85,498.85,498.85,542.86,1,1468925.25,65,65,2026-10-01
NIFTY,2026-10-19,22500.0,CE,347.85,361.45,213.75,277.6,277.6,6387,9453610663.25,99840,91390,2026-10-01
NIFTY,2026-10-19,22750.0,CE,204.0,218.6,125.0,162.95,162.95,856,1275320533.5,30420,13390,2026-10-01
NIFTY,2026-10-19,23050.0,CE,110.1,110.1,62.35,77.45,77.45,481,723250583.25,11375,2665,2026-10-01
NIFTY,2026-10-19,23450.0,CE,40.6,40.6,24.1,28.05,28.05,439,669996096.25,18070,3965,2026-10-01
NIFTY,2026-10-19,23500.0,CE,33.6,33.85,21.4,24.9,24.9,10252,15677549277.0,258635,89895,2026-10-01
NIFTY,2026-11-23,24600.0,PE,2000.0,2050.0,2000.0,2050.0,2006.41,9,15578959.5,3575,0,2026-10-01
NIFTY,2026-11-23,24500.0,PE,1735.0,2069.75,1703.0,1854.05,1854.05,990,1693968406.0,212290,-30745,2026-10-01
NIFTY,2026-11-23,24000.0,PE,1206.55,1604.0,1206.55,1411.3,1411.3,1344,2216259145.75,288145,-37115,2026-10-01
NIFTY,2026-11-23,23800.0,PE,1130.0,1452.2,1070.0,1229.5,1229.5,287,467991007.25,58500,-13455,2026-10-01
NIFTY,2026-11-23,22000.0,PE,183.15,319.15,170.05,230.65,230.65,24122,34875272458.0,1189500,33150,2026-10-01
NIFTY,2026-11-23,21550.0,PE,108.05,195.05,104.85,142.45,142.45,315,444352184.25,6500,2210,2026-10-01
NIFTY,2026-11-23,21150.0,PE,110.05,122.05,96.75,96.8,96.8,38,52516496.5,1365,1365,2026-10-01
NIFTY,2026-11-23,20450.0,PE,0.0,0.0,0.0,5.8,25.1,0,0.0,0,0,2026-10-01
NIFTY,2026-11-23,20400.0,PE,0.0,0.0,0.0,5.3,22.72,0,0.0,0,0,2026-10-01
NIFTY,2026-11-23,20050.0,PE,0.0,0.0,0.0,2.75,10.81,0,0.0,0,0,2026-10-01
NIFTY,2026-10-27,21100.0,CE,1340.0,1340.0,1340.0,1340.0,1435.69,1,1458600.0,65,0,2026-10-01
NIFTY,2026-10-27,23550.0,CE,51.3,51.3,33.85,39.9,39.9,6117,9379738221.75,143780,5720,2026-10-01
NIFTY,2026-10-27,24150.0,CE,15.5,15.75,11.4,14.5,14.5,2755,4327144539.25,109200,21255,2026-10-01
NIFTY,2026-10-27,24300.0,CE,12.3,22.4,10.6,12.1,12.1,9970,15755313661.75,551460,-34710,2026-10-01
NIFTY,2026-10-27,24700.0,CE,7.25,7.85,4.6,7.5,7.5,2893,4646056489.75,279500,-5070,2026-10-01
NIFTY,2026-10-27,26400.0,CE,1.6,1.6,0.8,0.8,0.02,3,5148260.0,4550,0,2026-10-01
NIFTY,2026-10-27,26900.0,CE,1.1,1.1,0.75,0.8,0.0,39,68193723.0,31980,-715,2026-10-01
NIFTY,2026-11-03,20450.0,CE,0.0,0.0,0.0,3020.05,2096.59,0,0.0,0,0,2026-10-01
NIFTY,2026-11-03,20700.0,CE,0.0,0.0,0.0,2773.55,1855.29,0,0.0,0,0,2026-10-01
NIFTY,2026-11-03,21500.0,CE,0.0,0.0,0.0,1999.75,1132.09,0,0.0,0,0,2026-10-01
NIFTY,2026-11-03,22050.0,CE,0.0,0.0,0.0,1499.4,716.86,0,0.0,0,0,2026-10-01
NIFTY,2026-11-03,22150.0,CE,536.65,536.65,536.65,536.65,651.7,2,2949264.5,130,130,2026-10-01
NIFTY,2026-11-03,22350.0,CE,418.15,490.55,418.15,490.55,490.55,30,44461114.75,520,520,2026-10-01
NIFTY,2026-11-03,23000.0,CE,210.7,221.75,149.0,179.9,179.9,1900,2862396254.25,27170,15470,2026-10-01
NIFTY,2026-11-03,23750.0,CE,0.0,0.0,0.0,380.65,77.54,0,0.0,0,0,2026-10-01
NIFTY,2026-11-03,24350.0,CE,17.0,17.8,15.15,15.15,25.34,20,31676749.0,845,845,2026-10-01
NIFTY,2026-11-03,24150.0,PE,0.0,0.0,0.0,898.65,1627.34,0,0.0,0,0,2026-10-01
NIFTY,2026-11-03,24100.0,PE,0.0,0.0,0.0,863.85,1581.37,0,0.0,0,0,2026-10-01
NIFTY,2026-11-03,23450.0,PE,0.0,0.0,0.0,707.45,1020.54,0,0.0,195,0,2026-10-01
NIFTY,2026-11-03,23400.0,PE,0.0,0.0,0.0,765.7,981.05,0,0.0,1170,0,2026-10-01
NIFTY,2026-11-03,23300.0,PE,700.0,901.2,700.0,901.2,904.94,7,10985461.5,2405,-195,2026-10-01
NIFTY,2026-11-03,22850.0,PE,426.45,636.45,423.75,636.45,594.18,42,63661009.75,3510,-1755,2026-10-01
NIFTY,2026-11-03,22650.0,PE,350.35,479.85,350.35,464.95,478.39,14,21015325.5,3900,-325,2026-10-01
NIFTY,2026-11-03,22200.0,PE,175.35,334.95,169.65,226.65,226.65,159,231968265.75,4875,975,2026-10-01
NIFTY,2026-11-03,24950.0,CE,0.0,0.0,0.0,9.0,6.91,0,0.0,585,0,2026-10-01
NIFTY,2026-11-03,25000.0,CE,11.0,11.95,7.75,10.1,10.1,482,783555990.75,10270,5265,2026-10-01
NIFTY,2026-11-03,25200.0,CE,6.9,10.0,6.6,8.95,8.95,76,124527523.25,3770,2730,2026-10-01
NIFTY,2026-11-23,21150.0,CE,0.0,0.0,0.0,3517.65,1552.91,0,0.0,0,0,2026-10-01
NIFTY,2026-11-23,21350.0,CE,0.0,0.0,0.0,3327.35,1385.75,0,0.0,0,0,2026-10-01
NIFTY,2026-11-23,21900.0,CE,855.0,855.0,828.0,834.0,969.62,8,11825391.5,130,130,2026-10-01
NIFTY,2026-11-23,22150.0,CE,688.3,716.0,661.7,716.0,805.69,7,10390653.0,520,260,2026-10-01
NIFTY,2026-11-23,23050.0,CE,310.0,317.2,227.35,266.45,266.45,403,610743308.5,17355,10660,2026-10-01
NIFTY,2026-11-23,25050.0,CE,0.0,0.0,0.0,24.0,27.39,0,0.0,780,0,2026-10-01
NIFTY,2026-12-29,20150.0,CE,0.0,0.0,0.0,2892.45,2623.69,0,0.0,0,0,2026-10-01
NIFTY,2026-12-29,20950.0,CE,0.0,0.0,0.0,2168.25,1918.0,0,0.0,0,0,2026-10-01
NIFTY,2026-12-29,22900.0,CE,560.35,570.75,443.0,506.05,506.05,597,908226640.75,8710,2665,2026-10-01
NIFTY,2026-12-29,23150.0,CE,439.0,446.8,346.1,391.85,391.85,157,240361754.75,5200,4290,2026-10-01
NIFTY,2026-12-29,23200.0,CE,415.95,424.0,325.05,370.4,370.4,827,1266871726.25,21710,15470,2026-10-01
NIFTY,2026-12-29,23900.0,CE,191.15,192.65,153.4,172.95,172.95,993,1553728241.0,23530,9100,2026-10-01
NIFTY,2026-12-29,24350.0,CE,107.3,107.3,99.95,102.95,102.95,73,116028207.75,3900,3900,2026-10-01
NIFTY,2026-12-29,33000.0,CE,3.1,3.8,3.05,3.2,3.2,178,381847722.75,104065,-1170,2026-10-01
NIFTY,2027-03-30,25500.0,CE,145.7,161.55,136.2,141.65,141.65,6807,11347381545.5,735280,11765,2026-10-01
NIFTY,2027-06-29,22500.0,CE,0.0,0.0,0.0,5539.6,1734.87,0,0.0,0,0,2026-10-01
NIFTY,2027-12-28,15000.0,CE,0.0,0.0,0.0,7931.05,8561.79,0,0.0,0,0,2026-10-01
NIFTY,2027-12-28,19500.0,CE,0.0,0.0,0.0,8684.7,4584.78,0,0.0,0,0,2026-10-01
NIFTY,2027-12-28,27000.0,CE,319.0,324.45,290.0,313.9,313.9,815,1446482969.75,235835,650,2026-10-01
NIFTY,2028-06-27,33000.0,CE,0.0,0.0,0.0,2004.15,235.22,0,0.0,0,0,2026-10-01
NIFTY,2029-06-26,16500.0,CE,0.0,0.0,0.0,12587.95,8615.19,0,0.0,0,0,2026-10-01
NIFTY,2030-06-25,27000.0,CE,0.0,0.0,0.0,6972.5,3260.43,0,0.0,0,0,2026-10-01
NIFTY,2031-06-24,19500.0,CE,0.0,0.0,0.0,9840.6,8278.12,0,0.0,0,0,2026-10-01
NIFTY,2031-06-24,25500.0,CE,0.0,0.0,0.0,6409.8,4938.34,0,0.0,0,0,2026-10-01
NIFTY,2026-10-06,22200.0,PE,28.0,132.0,20.15,44.45,44.45,2209820,3197936544507.25,6505330,2249000,2026-10-01
NIFTY,2026-10-06,22550.0,PE,111.65,346.05,92.05,172.35,172.35,2028875,2991376255367.5,1037920,-420615,2026-10-01
NIFTY,2026-10-06,23400.0,PE,820.0,1143.0,770.0,942.35,942.35,4693,7409266380.75,551460,-86905,2026-10-01
NIFTY,2026-10-06,23550.0,PE,962.35,1265.85,925.0,1076.55,1076.55,118,188469108.75,64935,-4420,2026-10-01
NIFTY,2026-10-06,23800.0,PE,1146.1,1530.85,1146.05,1329.15,1329.15,374,609698599.25,103870,-15535,2026-10-01
NIFTY,2026-10-06,24050.0,PE,1500.0,1748.6,1425.65,1639.0,1608.56,37,61609964.0,3380,-2015,2026-10-01
NIFTY,2026-10-06,24100.0,PE,1525.0,1807.2,1490.0,1628.0,1628.0,213,356769721.75,61100,-9620,2026-10-01
NIFTY,2026-11-03,22100.0,PE,153.0,288.95,145.45,198.25,198.25,134,194251151.25,4420,2925,2026-10-01
NIFTY,2026-11-03,21600.0,PE,77.3,153.1,75.95,103.25,103.25,52,73360222.0,3900,1365,2026-10-01
NIFTY,2026-11-03,21500.0,PE,66.95,138.65,58.65,89.6,89.6,679,953481616.75,14300,9945,2026-10-01
NIFTY,2026-11-03,20250.0,PE,0.0,0.0,0.0,0.95,4.23,0,0.0,0,0,2026-10-01
NIFTY,2026-10-27,27200.0,PE,5043.65,5043.65,4635.0,4635.0,4663.59,3,6236662.25,58110,0,2026-10-01
NIFTY,2026-10-27,27150.0,PE,0.0,0.0,0.0,3860.6,4613.8,0,0.0,325,0,2026-10-01
NIFTY,2026-10-06,24200.0,PE,1645.0,1963.55,1582.0,1731.0,1731.0,326,550851047.5,88790,-14755,2026-10-01
NIFTY,2026-10-06,24750.0,PE,2266.6,2266.6,2266.6,2266.6,2307.99,1,1756079.0,260,65,2026-10-01
NIFTY,2026-10-06,25200.0,PE,2550.0,2550.0,2550.0,2550.0,2757.62,8,14430000.0,1040,520,2026-10-01
NIFTY,2026-10-06,25300.0,PE,2700.0,2700.0,2700.0,2700.0,2857.54,8,14560000.0,520,520,2026-10-01
NIFTY,2026-10-06,25550.0,PE,0.0,0.0,0.0,1432.35,3107.34,0,0.0,0,0,2026-10-01
NIFTY,2026-10-13,21250.0,PE,10.05,30.6,7.85,14.25,14.25,4973,6874558353.0,80470,54145,2026-10-01
NIFTY,2026-10-13,22250.0,PE,93.85,236.35,75.4,127.05,127.05,22176,32286835779.25,182715,17355,2026-10-01
NIFTY,2026-10-13,23050.0,PE,480.0,742.25,464.7,588.8,588.8,231,354335393.75,25870,-3965,2026-10-01
NIFTY,2026-10-13,23200.0,PE,616.25,926.0,580.2,720.65,720.65,1894,2947773627.5,186940,-8190,2026-10-01
NIFTY,2026-10-13,24800.0,PE,2150.0,2160.0,2150.0,2160.0,2329.88,2,3504150.0,130,130,2026-10-01
NIFTY,2026-11-03,24300.0,PE,0.0,0.0,0.0,1010.0,1766.95,0,0.0,65,0,2026-10-01
NIFTY,2026-11-03,24200.0,PE,1659.45,1659.45,1659.45,1659.45,1673.61,1,1680864.25,65,65,2026-10-01
NIFTY,2026-11-03,23350.0,PE,0.0,0.0,0.0,592.95,942.2,0,0.0,325,0,2026-10-01
NIFTY,2026-11-03,23050.0,PE,705.0,705.0,705.0,705.0,723.85,1,1544075.0,1170,0,2026-10-01
NIFTY,2026-11-03,22400.0,PE,210.2,411.45,210.2,300.9,300.9,412,607843720.25,7020,2210,2026-10-01
NIFTY,2026-11-03,22150.0,PE,163.35,282.4,160.05,233.2,252.95,38,55250312.0,2210,585,2026-10-01
NIFTY,2026-11-03,25150.0,PE,0.0,0.0,0.0,1711.15,2588.38,0,0.0,0,0,2026-10-01
NIFTY,2026-10-13,23400.0,PE,835.0,1123.55,768.0,910.05,910.05,487,771048024.5,71175,4225,2026-10-01
NIFTY,2026-10-06,22100.0,CE,410.05,546.0,248.0,390.2,390.2,46528,67839307282.5,232895,178685,2026-10-01
NIFTY,2026-10-06,22300.0,CE,367.55,367.6,132.6,227.95,227.95,1042411,1523657011981.0,3193580,3018080,2026-10-01
NIFTY,2026-10-06,22350.0,CE,310.35,323.0,111.25,194.7,194.7,738169,1080186172058.5,1081275,1018030,2026-10-01
NIFTY,2026-10-06,22400.0,CE,253.0,282.6,92.2,161.5,161.5,1666564,2442718857923.5,3563820,3303820,2026-10-01
NIFTY,2026-10-06,22500.0,CE,185.95,209.7,62.15,106.9,106.9,2771968,4076494880318.25,6886425,4593160,2026-10-01
NIFTY,2026-10-06,22900.0,CE,35.0,38.4,12.75,15.25,15.25,1370853,2042499738753.5,7061925,-1695590,2026-10-01
NIFTY,2026-10-06,23600.0,CE,3.15,3.25,1.45,1.8,1.8,1040897,1596899739958.25,4550325,-1672645,2026-10-01
NIFTY,2026-10-06,23750.0,CE,2.45,2.5,1.25,1.45,1.45,110176,170097789004.0,1082120,44785,2026-10-01
NIFTY,2026-10-06,24900.0,CE,0.65,1.1,0.45,0.5,0.5,16336,26440554393.5,253955,-57525,2026-10-01
NIFTY,2026-10-06,25050.0,CE,0.85,1.1,0.45,0.5,0.5,2823,4596675538.0,51805,26325,2026-10-01
NIFTY,2026-10-06,25250.0,CE,0.65,0.9,0.4,0.5,0.5,660,1083250080.25,11700,-2730,2026-10-01
NIFTY,2026-10-13,20300.0,CE,0.0,0.0,0.0,3448.3,2161.45,0,0.0,0,0,2026-10-01
NIFTY,2026-10-13,20450.0,CE,0.0,0.0,0.0,3299.3,2011.8,0,0.0,0,0,2026-10-01
NIFTY,2026-10-13,20850.0,CE,0.0,0.0,0.0,2902.5,1613.42,0,0.0,0,0,2026-10-01
NIFTY,2026-10-13,21450.0,CE,1080.1,1085.55,1073.5,1078.85,1078.85,11,16108101.75,130,130,2026-10-01
NIFTY,2026-10-13,21750.0,CE,733.7,733.7,726.8,726.8,755.74,2,2922432.5,0,0,2026-10-01
NIFTY,2026-10-13,21950.0,CE,475.85,578.2,475.85,566.4,590.39,24,35076177.5,910,910,2026-10-01
NIFTY,2026-10-13,22050.0,CE,492.5,528.25,398.95,520.25,520.25,167,244193582.75,4030,4030,2026-10-01
NIFTY,2026-10-13,23450.0,CE,19.4,19.4,10.55,11.2,11.2,17651,26920100226.5,243945,74035,2026-10-01
NIFTY,2026-10-13,24350.0,CE,3.45,3.45,1.5,1.9,1.9,443,701225567.25,13325,7085,2026-10-01
NIFTY,2026-10-19,20400.0,CE,0.0,0.0,0.0,2831.2,2082.06,0,0.0,0,0,2026-10-01
NIFTY,2026-10-19,20550.0,CE,0.0,0.0,0.0,2682.75,1933.13,0,0.0,0,0,2026-10-01
NIFTY,2026-10-19,20950.0,CE,0.0,0.0,0.0,2289.2,1539.35,0,0.0,0,0,2026-10-01
NIFTY,2026-10-19,21750.0,CE,0.0,0.0,0.0,1122.75,807.1,0,0.0,65,0,2026-10-01
NIFTY,2026-10-19,22000.0,CE,699.0,699.0,495.0,615.1,615.1,290,425189069.5,6695,5785,2026-10-01
NIFTY,2026-10-19,22250.0,CE,396.3,447.05,338.5,438.35,438.35,245,360401460.25,5265,4680,2026-10-01
NIFTY,2026-10-19,22900.0,CE,151.35,154.95,88.65,112.9,112.9,2629,3932849820.25,44070,12090,2026-10-01
NIFTY,2026-10-19,23950.0,CE,0.0,0.0,0.0,186.0,12.02,0,0.0,65,0,2026-10-01
NIFTY,2026-10-27,20250.0,CE,0.0,0.0,0.0,4048.4,2258.94,0,0.0,0,0,2026-10-01
NIFTY,2026-10-27,20800.0,CE,1610.0,1610.0,1610.0,1610.0,1720.33,1,1456650.0,65,65,2026-10-01
NIFTY,2026-10-27,21800.0,CE,936.9,952.0,700.0,839.15,839.15,488,717417307.75,20020,2080,2026-10-01
NIFTY,2026-10-27,21950.0,CE,663.9,741.8,598.15,722.75,722.75,145,212945973.5,7670,7605,2026-10-01
NIFTY,2026-10-27,22650.0,CE,332.45,334.0,211.95,267.35,267.35,6111,9106509577.75,109460,19630,2026-10-01
NIFTY,2026-10-27,23250.0,CE,91.9,96.05,64.0,77.3,77.3,6443,9769990213.75,202930,46800,2026-10-01
NIFTY,2026-10-27,23650.0,CE,41.1,41.1,27.5,32.45,32.45,6365,9798012152.5,122265,-8970,2026-10-01
NIFTY,2026-10-27,24100.0,CE,16.75,17.65,13.45,15.8,15.8,11054,17327138383.75,570700,-133120,2026-10-01
NIFTY,2026-10-27,24600.0,CE,7.2,8.65,7.15,8.25,8.25,4690,7501762768.5,316940,-30030,2026-10-01
NIFTY,2026-10-27,26450.0,CE,1.95,1.95,1.0,1.0,0.02,2,3438691.75,520,0,2026-10-01
NIFTY,2026-11-03,20100.0,CE,0.0,0.0,0.0,3366.5,2439.67,0,0.0,0,0,2026-10-01
NIFTY,2026-11-03,20800.0,CE,0.0,0.0,0.0,2675.3,1760.12,0,0.0,0,0,2026-10-01
NIFTY,2026-11-03,21050.0,CE,0.0,0.0,0.0,2431.1,1526.92,0,0.0,0,0,2026-10-01
NIFTY,2026-11-03,21100.0,CE,0.0,0.0,0.0,2382.6,1481.27,0,0.0,0,0,2026-10-01
NIFTY,2026-11-03,21800.0,CE,0.0,0.0,0.0,1721.95,894.55,0,0.0,0,0,2026-10-01
NIFTY,2026-11-03,23950.0,CE,0.0,0.0,0.0,305.7,54.5,0,0.0,0,0,2026-10-01
NIFTY,2026-11-03,24000.0,CE,32.9,34.25,26.95,31.3,31.3,1773,2769382586.75,103220,26130,2026-10-01
NIFTY,2026-11-03,24650.0,CE,11.55,17.95,6.1,15.5,13.53,59,94585377.25,2470,2340,2026-10-01
NIFTY,2026-11-03,24850.0,CE,9.35,10.4,7.7,9.0,9.0,62,100182166.5,585,260,2026-10-01
NIFTY,2026-11-23,20250.0,CE,0.0,0.0,0.0,4389.4,2374.49,0,0.0,0,0,2026-10-01
NIFTY,2026-11-23,21100.0,CE,0.0,0.0,0.0,3565.5,1595.81,0,0.0,0,0,2026-10-01
NIFTY,2026-11-23,21950.0,CE,0.0,0.0,0.0,2769.65,935.48,0,0.0,0,0,2026-10-01
NIFTY,2026-11-23,22300.0,CE,729.95,735.95,560.0,653.85,653.85,632,941134132.25,14170,13325,2026-10-01
NIFTY,2026-11-23,24300.0,CE,46.45,51.05,36.1,46.1,46.1,4820,7626936427.5,147485,23855,2026-10-01
NIFTY,2026-11-23,24800.0,CE,26.9,29.95,20.4,28.15,28.15,1330,2146159138.5,67600,6695,2026-10-01
NIFTY,2026-11-23,25300.0,CE,12.3,13.0,12.3,13.0,18.29,10,16453261.5,325,325,2026-10-01
NIFTY,2026-11-23,25900.0,CE,9.15,10.8,9.0,9.15,6.46,25,42103980.75,1950,195,2026-10-01
NIFTY,2026-12-29,19500.0,CE,0.0,0.0,0.0,7586.85,3236.15,0,0.0,0,0,2026-10-01
NIFTY,2026-12-29,20600.0,CE,0.0,0.0,0.0,2477.9,2218.07,0,0.0,0,0,2026-10-01
NIFTY,2026-12-29,20650.0,CE,0.0,0.0,0.0,2432.9,2174.28,0,0.0,0,0,2026-10-01
NIFTY,2026-12-29,21450.0,CE,1486.0,1486.0,1468.45,1468.45,1520.13,7,10431768.75,455,455,2026-10-01
NIFTY,2026-12-29,21600.0,CE,1457.85,1460.95,1377.8,1377.8,1409.88,16,23951037.5,1625,1040,2026-10-01
NIFTY,2026-12-29,22100.0,CE,998.0,1005.75,872.9,962.05,1070.62,82,122657206.75,2405,1820,2026-10-01
NIFTY,2026-12-29,22300.0,CE,920.2,934.05,754.6,843.4,843.4,373,560062717.5,18980,17810,2026-10-01
NIFTY,2026-12-29,22750.0,CE,593.75,593.75,532.6,587.0,587.0,32,48486902.75,1170,1170,2026-10-01
NIFTY,2026-12-29,23400.0,CE,332.95,343.85,263.45,297.45,297.45,884,1361924128.5,22490,16835,2026-10-01
NIFTY,2027-09-28,30000.0,PE,0.0,0.0,0.0,5717.3,5879.02,0,0.0,0,0,2026-10-01
NIFTY,2027-06-29,30000.0,PE,0.0,0.0,0.0,6000.0,6247.86,0,0.0,455,0,2026-10-01
NIFTY,2026-12-29,23800.0,CE,213.95,217.35,170.0,191.15,191.15,1961,3058219762.0,66170,37115,2026-10-01
NIFTY,2026-12-29,25500.0,CE,35.7,42.7,31.0,35.85,35.85,12639,20979230181.0,1027455,-12415,2026-10-01
NIFTY,2027-03-30,15000.0,CE,0.0,0.0,0.0,8379.85,7884.42,0,0.0,0,0,2026-10-01
NIFTY,2027-03-30,21000.0,CE,2407.0,2414.65,2150.0,2278.8,2278.8,400,604923052.5,44265,9815,2026-10-01
NIFTY,2027-03-30,30000.0,CE,15.05,17.15,15.0,16.4,16.4,324,632147285.25,174525,3900,2026-10-01
NIFTY,2027-06-29,15000.0,CE,0.0,0.0,0.0,5367.85,8113.06,0,0.0,0,0,2026-10-01
NIFTY,2027-06-29,16500.0,CE,0.0,0.0,0.0,10867.2,6685.71,0,0.0,0,0,2026-10-01
NIFTY,2027-06-29,19500.0,CE,0.0,0.0,0.0,8143.4,3930.31,0,0.0,0,0,2026-10-01
NIFTY,2027-09-28,15000.0,CE,0.0,0.0,0.0,8577.25,8338.8,0,0.0,0,0,2026-10-01
NIFTY,2027-12-28,21000.0,CE,0.0,0.0,0.0,4902.4,3443.25,0,0.0,0,0,2026-10-01
NIFTY,2028-06-27,27000.0,CE,0.0,0.0,0.0,1935.0,1187.75,0,0.0,65,0,2026-10-01
NIFTY,2029-06-26,25500.0,CE,0.0,0.0,0.0,5917.35,2817.36,0,0.0,0,0,2026-10-01
NIFTY,2029-12-24,21000.0,CE,0.0,0.0,0.0,9463.95,5828.85,0,0.0,0,0,2026-10-01
NIFTY,2030-12-31,19500.0,CE,0.0,0.0,0.0,11601.15,7835.12,0,0.0,0,0,2026-10-01
NIFTY,2030-12-31,25500.0,CE,0.0,0.0,0.0,7639.65,4445.99,0,0.0,0,0,2026-10-01
NIFTY,2031-06-24,18000.0,CE,0.0,0.0,0.0,10825.95,9263.88,0,0.0,0,0,2026-10-01
NIFTY,2027-06-29,28500.0,PE,0.0,0.0,0.0,1807.05,4886.78,0,0.0,0,0,2026-10-01
NIFTY,2027-03-30,15000.0,PE,23.65,27.0,18.4,23.95,23.95,104,101549480.5,9490,1105,2026-10-01
NIFTY,2026-12-29,29000.0,PE,5950.0,6241.95,5899.0,6078.3,6078.3,307,699883037.75,313900,-3055,2026-10-01
NIFTY,2026-11-03,21700.0,PE,86.85,176.7,79.75,116.1,116.1,247,350393959.5,7280,2405,2026-10-01
NIFTY,2031-06-24,30000.0,CE,0.0,0.0,0.0,4459.9,3161.24,0,0.0,0,0,2026-10-01
NIFTY,2026-10-06,21600.0,PE,3.7,17.1,2.45,5.4,5.4,652668,916655298354.25,3053895,1557530,2026-10-01
NIFTY,2026-10-06,21700.0,PE,3.9,22.1,3.35,6.9,6.9,646504,912308898387.25,4068155,1783730,2026-10-01
NIFTY,2026-10-06,21800.0,PE,6.8,31.4,4.6,9.2,9.2,1034050,1466171051423.0,5517655,2194855,2026-10-01
NIFTY,2026-10-06,23150.0,PE,614.25,893.95,529.0,685.65,685.65,1736,2684916032.5,128960,-24050,2026-10-01
NIFTY,2026-10-06,23500.0,PE,922.95,1241.6,870.0,1044.7,1044.7,5951,9490581587.5,990860,-90415,2026-10-01
NIFTY,2026-10-06,24900.0,PE,2360.0,2440.0,2360.0,2440.0,2440.0,2,3549000.0,130,0,2026-10-01
NIFTY,2026-10-13,22350.0,PE,116.15,285.35,97.15,160.85,160.85,23502,34433292484.5,102310,34840,2026-10-01
NIFTY,2026-10-13,22450.0,PE,142.15,337.15,125.1,202.9,202.9,19043,28041621686.0,126555,44655,2026-10-01
NIFTY,2026-10-13,22750.0,PE,299.95,540.25,252.55,361.7,361.7,4838,7261541059.5,278850,-34645,2026-10-01
NIFTY,2026-10-13,23550.0,PE,937.2,1020.4,933.85,1020.4,1096.29,33,52569539.75,4875,-845,2026-10-01
NIFTY,2026-10-13,24050.0,PE,1633.6,1633.6,1543.65,1543.65,1543.65,4,6666042.5,325,260,2026-10-01
NIFTY,2026-10-13,24300.0,PE,1773.4,1773.4,1773.4,1773.4,1831.45,1,1694771.0,2795,-65,2026-10-01
NIFTY,2026-10-13,24400.0,PE,0.0,0.0,0.0,1480.0,1931.01,0,0.0,1300,0,2026-10-01
NIFTY,2026-10-13,24600.0,PE,2206.3,2206.3,2206.3,2206.3,2130.36,2,3484819.0,1820,-65,2026-10-01
NIFTY,2026-10-13,25200.0,PE,0.0,0.0,0.0,1494.1,2729.06,0,0.0,0,0,2026-10-01
NIFTY,2026-10-19,20250.0,PE,0.0,0.0,0.0,0.7,0.31,0,0.0,0,0,2026-10-01
NIFTY,2026-10-19,22200.0,PE,102.75,260.0,99.55,156.5,156.5,3034,4415124658.75,27755,6565,2026-10-01
NIFTY,2026-10-19,22450.0,PE,188.1,367.55,165.55,247.75,247.75,1134,1673784814.0,9555,-4030,2026-10-01
NIFTY,2026-10-19,23700.0,PE,0.0,0.0,0.0,900.0,1233.31,0,0.0,1885,0,2026-10-01
NIFTY,2026-10-19,24150.0,PE,0.0,0.0,0.0,1040.4,1664.17,0,0.0,0,0,2026-10-01
NIFTY,2026-10-19,24350.0,PE,0.0,0.0,0.0,1202.45,1860.47,0,0.0,0,0,2026-10-01
NIFTY,2026-10-19,25000.0,PE,2530.85,2530.85,2530.85,2530.85,2505.48,1,1789505.25,65,65,2026-10-01
NIFTY,2026-10-19,25100.0,PE,0.0,0.0,0.0,1872.7,2605.09,0,0.0,0,0,2026-10-01
NIFTY,2026-10-27,21050.0,PE,25.0,61.1,24.4,37.2,37.2,1131,1550598383.75,24830,18720,2026-10-01
NIFTY,2026-10-27,21300.0,PE,36.9,86.2,33.65,52.8,52.8,23854,33118977771.75,340730,47580,2026-10-01
NIFTY,2026-10-27,21850.0,PE,79.7,189.95,76.25,116.9,116.9,2344,3348036848.0,43030,-1170,2026-10-01
NIFTY,2026-10-27,22550.0,PE,240.0,474.25,240.0,326.5,326.5,6939,10314396563.25,83200,-1885,2026-10-01
NIFTY,2026-10-27,22700.0,PE,341.0,565.0,302.5,399.75,399.75,32578,48939327313.5,1685580,-375505,2026-10-01
NIFTY,2026-10-27,23550.0,PE,924.1,1150.0,918.75,1108.1,1101.14,62,99018387.0,15795,-2795,2026-10-01
NIFTY,2026-10-27,23850.0,PE,1216.0,1450.0,1216.0,1450.0,1366.97,9,14716065.0,10920,-455,2026-10-01
NIFTY,2026-10-27,24350.0,PE,1796.95,2209.5,1796.95,2209.5,1838.06,27,46359381.25,15210,-130,2026-10-01
NIFTY,2026-10-27,24400.0,PE,1793.75,2040.0,1718.45,1837.0,1837.0,83,141869029.25,150345,-3445,2026-10-01
NIFTY,2026-12-29,27000.0,PE,4118.5,4312.8,3934.0,4116.4,4116.4,301,608257958.75,1530035,-150,2026-10-01
NIFTY,2026-12-29,24400.0,PE,1519.25,1769.0,1298.3,1642.4,1642.4,60,101369021.0,51155,0,2026-10-01
NIFTY,2026-12-29,23100.0,PE,622.05,868.05,610.05,719.1,719.1,89,137623157.75,11375,910,2026-10-01
NIFTY,2026-10-27,24500.0,PE,1830.05,2165.0,1792.35,1952.4,1952.4,1892,3255202944.5,1483495,-29315,2026-10-01
NIFTY,2026-10-27,25550.0,PE,0.0,0.0,0.0,2725.0,3020.94,0,0.0,910,0,2026-10-01
NIFTY,2026-10-27,25850.0,PE,0.0,0.0,0.0,3040.7,3319.42,0,0.0,65,0,2026-10-01
NIFTY,2026-10-27,26450.0,PE,0.0,0.0,0.0,3460.0,3916.76,0,0.0,195,0,2026-10-01
NIFTY,2026-12-29,22700.0,PE,443.15,648.0,425.15,524.75,524.75,621,936794807.0,23725,13520,2026-10-01
NIFTY,2026-10-27,26650.0,PE,0.0,0.0,0.0,2415.2,4115.91,0,0.0,0,0,2026-10-01
NIFTY,2026-10-27,26800.0,PE,0.0,0.0,0.0,3900.0,4265.28,0,0.0,585,0,2026-10-01
NIFTY,2026-12-29,22650.0,PE,426.25,596.45,407.6,500.45,500.45,205,308387043.25,7345,6500,2026-10-01
NIFTY,2026-12-29,22550.0,PE,382.7,570.3,371.8,460.35,460.35,420,627551229.5,7865,6955,2026-10-01
NIFTY,2026-12-29,22500.0,PE,377.0,556.55,352.8,440.6,440.6,21283,31756755442.75,1885585,105690,2026-10-01
NIFTY,2031-06-24,21000.0,PE,0.0,0.0,0.0,450.5,474.11,0,0.0,0,0,2026-10-01
NIFTY,2026-12-29,24100.0,PE,1283.05,1283.05,1283.05,1283.05,1555.81,3,4949694.75,650,195,2026-10-01
NIFTY,2026-12-29,30000.0,PE,7503.85,7503.85,6828.5,7020.0,7020.0,177,425400517.75,504260,2470,2026-10-01
NIFTY,2027-03-30,24000.0,PE,1110.05,1387.95,1099.9,1218.85,1218.85,3321,5445552222.5,831285,4290,2026-10-01
NIFTY,2027-06-29,22500.0,PE,535.55,683.05,514.0,574.35,574.35,384,576924120.5,29835,16445,2026-10-01
NIFTY,2027-09-28,27000.0,PE,0.0,0.0,0.0,3265.0,3400.75,0,0.0,0,0,2026-10-01
NIFTY,2027-09-28,28500.0,PE,0.0,0.0,0.0,4441.5,4593.94,0,0.0,0,0,2026-10-01
NIFTY,2027-12-28,25000.0,PE,1509.0,1708.8,1472.0,1585.85,1585.85,642,1108908004.75,176150,11635,2026-10-01
NIFTY,2027-12-28,26000.0,PE,2020.0,2297.15,1982.3,2149.75,2149.75,244,446131874.5,71440,-5785,2026-10-01
NIFTY,2028-06-27,33000.0,PE,0.0,0.0,0.0,3707.8,7361.83,0,0.0,0,0,2026-10-01
NIFTY,2028-12-26,23000.0,PE,914.0,1047.65,914.0,967.3,967.3,6,9350363.75,3020,-20,2026-10-01
NIFTY,2028-12-26,26000.0,PE,1838.5,1838.5,1838.5,1838.5,2191.03,1,1809502.5,6940,0,2026-10-01
NIFTY,2029-06-26,25500.0,PE,0.0,0.0,0.0,624.25,1827.29,0,0.0,0,0,2026-10-01
NIFTY,2029-06-26,27000.0,PE,0.0,0.0,0.0,1252.35,2492.18,0,0.0,0,0,2026-10-01
NIFTY,2029-06-26,30000.0,PE,0.0,0.0,0.0,2031.05,4124.89,0,0.0,0,0,2026-10-01
NIFTY,2029-12-24,24000.0,PE,0.0,0.0,0.0,1133.0,1209.29,0,0.0,585,0,2026-10-01
NIFTY,2029-12-24,33000.0,PE,0.0,0.0,0.0,2953.7,5563.36,0,0.0,0,0,2026-10-01
NIFTY,2030-06-25,28500.0,PE,0.0,0.0,0.0,1167.6,2765.39,0,0.0,0,0,2026-10-01
NIFTY,2030-12-31,24000.0,PE,0.0,0.0,0.0,1000.0,1079.86,0,0.0,520,0,2026-10-01
NIFTY,2031-06-24,19500.0,PE,0.0,0.0,0.0,289.2,295.61,0,0.0,0,0,2026-10-01
NIFTY,2026-10-27,26850.0,PE,0.0,0.0,0.0,2588.1,4315.07,0,0.0,0,0,2026-10-01
NIFTY,2026-10-27,26550.0,PE,0.0,0.0,0.0,2330.1,4016.34,0,0.0,0,0,2026-10-01
NIFTY,2026-10-27,24950.0,PE,2417.8,2459.95,2417.8,2459.95,2425.59,40,71217402.75,1105,-2600,2026-10-01
NIFTY,2026-10-27,24700.0,PE,2064.45,2354.1,1980.3,2157.1,2157.1,46,80483744.25,216710,-2535,2026-10-01
NIFTY,2026-10-27,24650.0,PE,2180.05,2200.0,2180.05,2200.0,2130.11,10,17441151.0,2665,-195,2026-10-01
NIFTY,2026-10-27,24200.0,PE,1560.0,1880.1,1497.9,1664.1,1664.1,469,788782722.0,388765,-10595,2026-10-01
NIFTY,2026-10-27,23650.0,PE,1030.15,1260.0,971.65,1217.9,1187.86,110,177240599.25,22815,-390,2026-10-01
NIFTY,2026-10-27,23600.0,PE,947.55,1290.0,933.0,1088.35,1088.35,1423,2286505490.75,654160,-43095,2026-10-01
NIFTY,2026-10-27,23400.0,PE,799.85,1109.4,760.0,902.15,902.15,2203,3479185755.5,1458535,-60580,2026-10-01
NIFTY,2026-10-27,20700.0,PE,18.4,39.35,16.8,24.85,24.85,6333,8532806386.0,126165,53755,2026-10-01
NIFTY,2026-10-27,20500.0,PE,16.3,30.7,14.05,20.45,20.45,39743,53013105106.0,815425,270985,2026-10-01
NIFTY,2026-10-27,20100.0,PE,0.0,0.0,0.0,6.85,1.01,0,0.0,0,0,2026-10-01
NIFTY,2026-10-19,23850.0,PE,0.0,0.0,0.0,815.85,1374.58,0,0.0,0,0,2026-10-01
NIFTY,2026-10-19,23550.0,PE,0.0,0.0,0.0,772.05,1095.49,0,0.0,3250,0,2026-10-01
NIFTY,2026-10-19,22850.0,PE,371.95,644.25,349.5,460.4,460.4,372,562679185.25,14040,-14885,2026-10-01
NIFTY,2026-10-19,21350.0,PE,20.1,20.1,20.1,20.1,24.06,2,2778113.0,1170,0,2026-10-01
NIFTY,2026-10-19,20300.0,PE,0.0,0.0,0.0,0.85,0.4,0,0.0,0,0,2026-10-01
NIFTY,2026-12-29,19500.0,PE,43.0,62.15,40.15,47.8,47.8,2021,2568400009.5,156130,-24505,2026-10-01
NIFTY,2026-12-29,24450.0,PE,1585.8,1783.25,1535.0,1692.3,1692.3,6168,10431947643.0,366015,365560,2026-10-01
NIFTY,2026-12-29,25000.0,PE,2065.0,2410.4,2030.65,2208.85,2208.85,11108,19596886006.75,1665900,-373335,2026-10-01
NIFTY,2026-12-29,28500.0,PE,0.0,0.0,0.0,3320.25,5641.37,0,0.0,130,0,2026-10-01
NIFTY,2026-10-06,20200.0,CE,0.0,0.0,0.0,3972.5,2238.32,0,0.0,0,0,2026-10-01
NIFTY,2026-10-06,20850.0,CE,0.0,0.0,0.0,3326.65,1588.86,0,0.0,0,0,2026-10-01
NIFTY,2027-03-30,25500.0,PE,2217.05,2525.65,2180.0,2333.5,2333.5,397,717259088.0,240630,-6175,2026-10-01
NIFTY,2027-03-30,30000.0,PE,0.0,0.0,0.0,6273.1,6662.63,0,0.0,2470,0,2026-10-01
NIFTY,2027-03-30,31500.0,PE,0.0,0.0,0.0,7066.15,8109.36,0,0.0,0,0,2026-10-01
NIFTY,2027-06-29,15000.0,PE,0.0,0.0,0.0,1173.2,0.33,0,0.0,0,0,2026-10-01
NIFTY,2027-06-29,24000.0,PE,1120.0,1300.0,1100.0,1191.2,1191.2,211,345698031.25,26975,3900,2026-10-01
NIFTY,2027-06-29,31500.0,PE,0.0,0.0,0.0,3604.7,7647.83,0,0.0,0,0,2026-10-01
NIFTY,2027-12-28,15000.0,PE,0.0,0.0,0.0,21.7,3.08,0,0.0,755,0,2026-10-01
NIFTY,2027-12-28,22000.0,PE,560.0,721.8,550.0,644.5,644.5,997,1467171166.5,111805,260,2026-10-01
NIFTY,2028-06-27,21000.0,PE,405.05,405.05,400.05,400.05,479.18,2,2782331.5,325,65,2026-10-01
NIFTY,2028-12-26,18000.0,PE,0.0,0.0,0.0,250.0,122.86,0,0.0,75,0,2026-10-01
NIFTY,2028-12-26,25000.0,PE,1550.0,1580.0,1501.0,1501.0,1501.0,22,37965265.0,13735,0,2026-10-01
NIFTY,2028-12-26,33000.0,PE,0.0,0.0,0.0,3315.4,6677.94,0,0.0,0,0,2026-10-01
NIFTY,2029-06-26,21000.0,PE,0.0,0.0,0.0,320.25,511.13,0,0.0,0,0,2026-10-01
NIFTY,2029-06-26,31500.0,PE,0.0,0.0,0.0,2443.35,5070.61,0,0.0,0,0,2026-10-01
NIFTY,2030-06-25,16500.0,PE,0.0,0.0,0.0,12.0,79.39,0,0.0,0,0,2026-10-01
NIFTY,2030-06-25,19500.0,PE,0.0,0.0,0.0,64.95,299.29,0,0.0,0,0,2026-10-01
NIFTY,2026-10-06,22250.0,CE,381.45,406.75,157.15,266.2,266.2,293405,428315206676.5,466830,420680,2026-10-01
NIFTY,2026-10-06,22650.0,CE,107.0,120.95,34.1,51.7,51.7,1593969,2354344637391.5,6393530,3869905,2026-10-01
NIFTY,2026-10-06,23300.0,CE,6.8,6.8,3.35,3.8,3.8,948259,1436435091624.0,8137805,856700,2026-10-01
NIFTY,2026-10-06,23900.0,CE,1.6,2.0,1.05,1.15,1.15,279684,434516846715.25,2806700,162435,2026-10-01
NIFTY,2026-10-06,25400.0,CE,0.85,0.9,0.4,0.55,0.55,5140,8486337466.75,43030,-31330,2026-10-01
NIFTY,2026-10-13,20150.0,CE,0.0,0.0,0.0,3597.35,2311.14,0,0.0,0,0,2026-10-01
NIFTY,2026-10-13,20200.0,CE,0.0,0.0,0.0,3547.7,2261.24,0,0.0,0,0,2026-10-01
NIFTY,2026-10-13,20550.0,CE,0.0,0.0,0.0,3200.0,1912.07,0,0.0,0,0,2026-10-01
NIFTY,2026-10-13,21150.0,CE,0.0,0.0,0.0,2606.15,1317.16,0,0.0,0,0,2026-10-01
NIFTY,2026-10-13,22250.0,CE,454.45,456.6,267.65,369.3,369.3,4094,6004835638.75,27235,26650,2026-10-01
NIFTY,2026-10-13,22650.0,CE,197.0,210.45,101.1,141.05,141.05,18929,28053389416.0,172055,81510,2026-10-01
NIFTY,2026-10-13,22700.0,CE,156.2,184.6,87.6,122.6,122.6,99522,147685114768.75,2235220,737880,2026-10-01
NIFTY,2026-10-13,22950.0,CE,94.9,94.9,42.35,55.5,55.5,20523,30697171449.75,226915,96915,2026-10-01
NIFTY,2026-10-13,23000.0,CE,81.7,81.7,37.05,47.05,47.05,161694,242302211144.5,2885480,1244880,2026-10-01
NIFTY,2026-10-13,23400.0,CE,17.95,26.0,12.15,12.95,12.95,55701,84777900288.25,877955,254410,2026-10-01
NIFTY,2026-10-13,23700.0,CE,9.45,9.5,5.55,6.1,6.1,34425,53048251707.75,555360,82290,2026-10-01
NIFTY,2030-06-25,33000.0,PE,0.0,0.0,0.0,3143.9,5096.56,0,0.0,0,0,2026-10-01
NIFTY,2026-10-13,23900.0,CE,6.4,7.35,3.85,4.25,4.25,15988,24842390374.75,287495,142675,2026-10-01
NIFTY,2026-10-13,23950.0,CE,5.35,7.4,3.6,3.95,3.95,4533,7058078361.75,76700,-13520,2026-10-01
NIFTY,2026-11-23,25900.0,PE,3176.5,3176.5,3176.5,3176.5,3246.8,1,1889972.5,65,65,2026-10-01
NIFTY,2026-11-23,25850.0,PE,0.0,0.0,0.0,2901.65,3197.87,0,0.0,65,0,2026-10-01
NIFTY,2026-11-23,25050.0,PE,0.0,0.0,0.0,2152.6,2425.52,0,0.0,65,0,2026-10-01
NIFTY,2026-11-23,25000.0,PE,2266.75,2552.85,2171.1,2343.85,2343.85,513,911166655.75,295230,-12935,2026-10-01
NIFTY,2026-11-23,23600.0,PE,940.15,1256.75,936.7,1056.2,1056.2,174,279159045.75,44395,-1950,2026-10-01
NIFTY,2026-11-23,21700.0,PE,129.0,233.1,121.6,165.8,165.8,2256,3208703842.5,85995,19240,2026-10-01
NIFTY,2026-11-23,20600.0,PE,0.0,0.0,0.0,7.6,33.54,0,0.0,0,0,2026-10-01
NIFTY,2026-11-23,20150.0,PE,0.0,0.0,0.0,3.3,13.47,0,0.0,0,0,2026-10-01
NIFTY,2026-11-03,23700.0,PE,0.0,0.0,0.0,610.85,1226.79,0,0.0,0,0,2026-10-01
NIFTY,2026-11-03,23550.0,PE,0.0,0.0,0.0,528.4,1101.36,0,0.0,0,0,2026-10-01
NIFTY,2026-10-27,26350.0,PE,0.0,0.0,0.0,2163.0,3817.19,0,0.0,0,0,2026-10-01
NIFTY,2026-10-27,26200.0,PE,0.0,0.0,0.0,3341.0,3667.84,0,0.0,18525,0,2026-10-01
NIFTY,2026-10-27,22500.0,PE,250.0,448.0,221.65,306.15,306.15,140034,207670545007.25,3562715,195130,2026-10-01
NIFTY,2026-10-27,22100.0,PE,135.15,268.15,115.5,169.35,169.35,21415,31021560752.0,402805,77350,2026-10-01
NIFTY,2026-10-27,21400.0,PE,45.05,99.65,38.5,59.4,59.4,15662,21853529503.0,398840,47645,2026-10-01
NIFTY,2026-10-27,21100.0,PE,30.05,65.25,25.65,39.6,39.6,4955,6810398474.75,106210,64870,2026-10-01
