SYMBOL,EXPIRY_DT,STRIKE_PR,OPTION_TYP,OPEN,HIGH,LOW,CLOSE,SETTLE_PR,CONTRACTS,VAL_INLAKH,OPEN_INT,CHG_IN_OI,TIMESTAMP
NIFTY,2026-12-29,23150.0,PE,0.0,0.0,0.0,707.95,622.16,0,0.0,6890,0,2026-10-06
NIFTY,2026-10-06,21400.0,CE,1260.0,1328.9,1260.0,1285.15,22776.1,13,19163160.25,1170,-325,2026-10-06
NIFTY,2027-12-28,28500.0,CE,205.0,219.0,201.2,209.25,209.25,39,72773993.5,66365,585,2026-10-06
NIFTY,2028-12-26,28500.0,CE,0.0,0.0,0.0,3608.65,916.21,0,0.0,0,0,2026-10-06
NIFTY,2029-06-26,16500.0,CE,0.0,0.0,0.0,12587.95,8593.12,0,0.0,0,0,2026-10-06
NIFTY,2030-06-25,21000.0,CE,0.0,0.0,0.0,10421.65,5996.75,0,0.0,0,0,2026-10-06
NIFTY,2030-06-25,28500.0,CE,0.0,0.0,0.0,5382.85,2126.06,0,0.0,0,0,2026-10-06
NIFTY,2030-12-31,33000.0,CE,0.0,0.0,0.0,3948.25,1305.94,0,0.0,0,0,2026-10-06
NIFTY,2026-10-06,21800.0,PE,0.75,1.1,0.05,0.1,22776.1,1008861,1429596871755.0,6512675,-160355,2026-10-06
NIFTY,2026-12-29,23100.0,PE,648.0,648.0,546.0,554.55,554.55,32,49240538.75,11180,-260,2026-10-06
NIFTY,2026-12-29,22700.0,PE,465.15,465.6,383.05,388.45,388.45,666,1000455400.75,36400,8580,2026-10-06
NIFTY,2026-12-29,20950.0,PE,103.55,103.55,89.65,90.25,39.56,41,56080095.5,11570,780,2026-10-06
NIFTY,2026-11-23,25950.0,PE,0.0,0.0,0.0,1562.8,2988.83,0,0.0,0,0,2026-10-06
NIFTY,2026-11-23,25700.0,PE,0.0,0.0,0.0,2700.0,2742.27,0,0.0,1235,0,2026-10-06
NIFTY,2026-11-23,25500.0,PE,2684.75,2685.25,2524.7,2564.05,2564.05,620,1132149850.0,319215,35945,2026-10-06
NIFTY,2026-11-23,25450.0,PE,0.0,0.0,0.0,1217.0,2496.91,0,0.0,0,0,2026-10-06
NIFTY,2026-11-23,25150.0,PE,0.0,0.0,0.0,1030.25,2205.07,0,0.0,0,0,2026-10-06
NIFTY,2026-11-23,23700.0,PE,1005.0,1005.0,892.7,912.35,912.35,30,48070714.25,31460,-520,2026-10-06
NIFTY,2026-11-23,23550.0,PE,919.85,920.85,792.15,820.3,809.39,8,12695894.25,16250,195,2026-10-06
NIFTY,2026-11-23,21700.0,PE,135.0,137.65,100.5,103.0,103.0,1342,1902594518.5,110890,-1820,2026-10-06
NIFTY,2026-11-23,21500.0,PE,115.0,115.0,82.0,83.9,83.9,5664,7950081360.0,789880,34450,2026-10-06
NIFTY,2026-11-23,20400.0,PE,0.0,0.0,0.0,5.3,2.51,0,0.0,0,0,2026-10-06
NIFTY,2026-11-03,23950.0,PE,0.0,0.0,0.0,763.55,1116.29,0,0.0,0,0,2026-10-06
NIFTY,2026-11-03,23350.0,PE,0.0,0.0,0.0,592.95,627.43,0,0.0,325,0,2026-10-06
NIFTY,2026-11-03,21950.0,PE,121.5,121.5,82.9,83.85,83.85,59,84573284.25,4225,1430,2026-10-06
NIFTY,2026-10-06,22850.0,PE,285.0,285.0,73.6,100.2,22776.1,937656,1401597837146.0,1022320,793975,2026-10-06
NIFTY,2026-10-06,23800.0,PE,1200.0,1230.0,1024.6,1053.65,22776.1,1224,1984739935.75,35035,-41080,2026-10-06
NIFTY,2026-10-06,24300.0,PE,1800.6,1800.6,1526.9,1540.6,22776.1,447,753717191.5,11310,-19370,2026-10-06
NIFTY,2026-10-06,24850.0,PE,2150.0,2150.0,2150.0,2150.0,22776.1,2,3510000.0,325,0,2026-10-06
NIFTY,2026-10-06,24900.0,PE,2250.0,2250.0,2250.0,2250.0,22776.1,1,1764750.0,65,-65,2026-10-06
NIFTY,2026-10-06,24950.0,PE,0.0,0.0,0.0,1475.85,22776.1,0,0.0,65,0,2026-10-06
NIFTY,2026-10-06,25000.0,PE,2450.0,2450.0,2224.85,2266.3,22776.1,320,568335391.0,35295,-12220,2026-10-06
NIFTY,2026-11-03,21150.0,PE,0.0,0.0,0.0,11.1,4.82,0,0.0,0,0,2026-10-06
NIFTY,2026-10-27,27100.0,PE,0.0,0.0,0.0,5006.45,4238.28,0,0.0,260,0,2026-10-06
NIFTY,2026-10-27,25800.0,PE,0.0,0.0,0.0,3175.0,2942.4,0,0.0,11960,0,2026-10-06
NIFTY,2026-10-27,24750.0,PE,0.0,0.0,0.0,1810.0,1897.17,0,0.0,715,0,2026-10-06
NIFTY,2026-10-27,24100.0,PE,1451.8,1451.85,1276.9,1297.6,1297.6,171,282777225.25,220090,1430,2026-10-06
NIFTY,2026-10-27,23750.0,PE,1031.0,1031.0,947.0,949.0,949.0,10,16062527.0,13650,0,2026-10-06
NIFTY,2026-10-27,23200.0,PE,635.75,635.8,481.8,503.85,503.85,3646,5621731755.25,1947465,-6825,2026-10-06
NIFTY,2026-10-27,22100.0,PE,120.2,126.25,76.2,79.15,79.15,12405,17895508429.5,523965,23725,2026-10-06
NIFTY,2026-10-27,20150.0,PE,12.0,12.0,6.5,7.1,0.01,57,74685464.75,2080,455,2026-10-06
NIFTY,2026-10-19,24900.0,PE,0.0,0.0,0.0,1686.55,2075.21,0,0.0,0,0,2026-10-06
NIFTY,2026-10-19,24200.0,PE,0.0,0.0,0.0,1460.0,1378.45,0,0.0,390,0,2026-10-06
NIFTY,2026-10-19,22550.0,PE,203.9,211.45,123.3,129.7,129.7,1765,2605226669.5,35035,9555,2026-10-06
NIFTY,2026-10-19,22400.0,PE,157.2,158.8,86.0,90.85,90.85,6185,9051204600.75,167375,17160,2026-10-06
NIFTY,2026-10-19,21850.0,PE,51.8,52.3,24.5,26.6,26.6,575,817992613.75,16445,260,2026-10-06
NIFTY,2026-10-19,21600.0,PE,32.05,32.35,14.15,15.2,15.2,4561,6409580157.5,91000,37765,2026-10-06
NIFTY,2026-10-19,20400.0,PE,3.2,3.3,3.0,3.05,3.05,22,29176423.25,910,910,2026-10-06
NIFTY,2026-10-19,20300.0,PE,2.9,3.6,2.7,2.95,2.95,56,73902757.5,780,780,2026-10-06
NIFTY,2026-10-13,24950.0,PE,0.0,0.0,0.0,1278.75,2147.6,0,0.0,0,0,2026-10-06
NIFTY,2026-10-13,24700.0,PE,1990.0,1990.0,1990.0,1990.0,1897.86,4,6939400.0,1365,260,2026-10-06
NIFTY,2026-10-13,20300.0,PE,2.75,2.85,1.45,1.6,1.6,7908,10435692640.75,116805,25090,2026-10-06
NIFTY,2026-10-13,20550.0,PE,2.4,3.15,1.6,1.65,1.65,1331,1778075052.0,54925,12480,2026-10-06
NIFTY,2026-10-13,20700.0,PE,3.1,3.35,1.75,1.9,1.9,16137,21714796584.0,318890,80665,2026-10-06
NIFTY,2026-10-13,20750.0,PE,2.65,3.6,1.7,1.95,1.95,2250,3035037183.75,45955,10270,2026-10-06
NIFTY,2026-10-13,20800.0,PE,4.95,4.95,1.8,2.05,2.05,46186,62451084010.25,814905,533325,2026-10-06
NIFTY,2026-10-13,21800.0,PE,24.7,24.75,6.6,7.4,7.4,207219,293782128555.5,2696590,912145,2026-10-06
NIFTY,2026-10-06,20850.0,CE,0.0,0.0,0.0,3326.65,22776.1,0,0.0,0,0,2026-10-06
NIFTY,2026-10-06,20800.0,CE,0.0,0.0,0.0,3376.3,22776.1,0,0.0,0,0,2026-10-06
NIFTY,2026-10-13,22450.0,PE,131.1,131.1,50.75,55.4,55.4,99406,145521925071.25,1795430,1387750,2026-10-06
NIFTY,2026-10-13,22750.0,PE,318.55,318.55,142.85,154.05,154.05,102171,152218825274.75,1088490,891085,2026-10-06
NIFTY,2026-10-13,23050.0,PE,486.45,488.05,329.7,343.7,343.7,2395,3646335592.25,68575,31655,2026-10-06
NIFTY,2027-12-28,25000.0,CE,896.15,976.35,896.15,957.15,957.15,459,773942393.25,263520,-6435,2026-10-06
NIFTY,2030-06-25,16500.0,CE,0.0,0.0,0.0,13374.05,9361.85,0,0.0,0,0,2026-10-06
NIFTY,2030-12-31,19500.0,CE,0.0,0.0,0.0,11601.15,7509.29,0,0.0,0,0,2026-10-06
NIFTY,2026-12-29,22700.0,CE,638.85,735.9,638.85,711.75,711.75,367,558231059.75,26390,11895,2026-10-06
NIFTY,2026-12-29,22150.0,CE,0.0,0.0,0.0,865.35,1130.68,0,0.0,1105,0,2026-10-06
NIFTY,2026-12-29,21650.0,CE,0.0,0.0,0.0,1362.15,1516.72,0,0.0,2275,0,2026-10-06
NIFTY,2026-12-29,21200.0,CE,0.0,0.0,0.0,1955.8,1902.87,0,0.0,0,0,2026-10-06
NIFTY,2026-12-29,20900.0,CE,0.0,0.0,0.0,2211.65,2175.22,0,0.0,0,0,2026-10-06
NIFTY,2026-12-29,20600.0,CE,0.0,0.0,0.0,2477.9,2456.04,0,0.0,0,0,2026-10-06
NIFTY,2026-11-23,25150.0,CE,0.0,0.0,0.0,18.5,12.42,0,0.0,1105,0,2026-10-06
NIFTY,2026-11-23,24350.0,CE,42.5,47.3,40.15,42.95,42.95,44,69766303.75,15535,1365,2026-10-06
NIFTY,2026-11-23,20850.0,CE,0.0,0.0,0.0,3805.95,2085.61,0,0.0,0,0,2026-10-06
NIFTY,2026-11-23,20700.0,CE,0.0,0.0,0.0,3951.1,2231.4,0,0.0,0,0,2026-10-06
NIFTY,2026-11-23,20600.0,CE,0.0,0.0,0.0,4048.2,2329.15,0,0.0,0,0,2026-10-06
NIFTY,2026-11-23,20450.0,CE,0.0,0.0,0.0,4194.15,2476.41,0,0.0,0,0,2026-10-06
NIFTY,2026-11-03,24950.0,CE,9.75,10.0,9.75,9.9,9.9,16,25958299.25,2210,845,2026-10-06
NIFTY,2026-11-03,24350.0,CE,10.55,18.75,10.55,18.75,15.74,10,15837815.5,975,0,2026-10-06
NIFTY,2030-12-31,28500.0,CE,0.0,0.0,0.0,5968.3,2568.05,0,0.0,0,0,2026-10-06
NIFTY,2031-06-24,30000.0,CE,0.0,0.0,0.0,4459.9,2453.4,0,0.0,0,0,2026-10-06
NIFTY,2026-11-03,24250.0,CE,0.0,0.0,0.0,214.4,20.53,0,0.0,0,0,2026-10-06
NIFTY,2026-11-03,23350.0,CE,99.85,128.45,99.85,114.35,114.35,45,68631338.75,3770,1170,2026-10-06
NIFTY,2026-11-03,22900.0,CE,234.5,295.7,234.2,280.35,280.35,217,326866504.25,8970,3705,2026-10-06
NIFTY,2026-11-03,20650.0,CE,0.0,0.0,0.0,2822.75,2213.69,0,0.0,0,0,2026-10-06
NIFTY,2026-10-27,25200.0,CE,3.25,3.75,2.7,2.8,2.8,1011,1656226191.75,161135,-7280,2026-10-06
NIFTY,2026-10-27,24900.0,CE,4.3,4.9,3.35,3.7,3.7,278,450020112.75,194285,2990,2026-10-06
NIFTY,2026-10-27,24650.0,CE,7.15,7.15,4.65,5.15,5.15,233,373411372.75,29055,-3770,2026-10-06
NIFTY,2026-10-27,23300.0,CE,72.45,94.0,66.1,82.6,82.6,24590,37370238090.25,3210675,-162110,2026-10-06
NIFTY,2026-10-27,23100.0,CE,118.5,156.05,110.55,138.85,138.85,18965,28639555249.5,1362140,-73710,2026-10-06
NIFTY,2026-10-27,22400.0,CE,473.95,568.0,444.4,531.7,531.7,5865,8734002150.25,662090,-49790,2026-10-06
NIFTY,2026-10-27,22050.0,CE,708.7,803.75,708.7,803.75,843.1,2,2964809.25,8840,0,2026-10-06
NIFTY,2026-10-27,21950.0,CE,789.95,900.0,789.95,900.0,930.74,8,11866325.25,7670,-65,2026-10-06
NIFTY,2026-10-27,21900.0,CE,840.0,988.15,835.0,946.95,946.95,114,169273055.25,54925,-2535,2026-10-06
NIFTY,2026-10-27,20900.0,CE,1924.6,1934.2,1924.6,1929.4,1929.4,2,2967822.0,325,-65,2026-10-06
NIFTY,2026-10-27,20800.0,CE,0.0,0.0,0.0,1610.0,2042.13,0,0.0,65,0,2026-10-06
NIFTY,2026-10-27,20100.0,CE,0.0,0.0,0.0,2507.85,2739.61,0,0.0,780,0,2026-10-06
NIFTY,2026-10-19,25150.0,CE,1.3,1.35,1.3,1.3,0.01,23,37601222.75,1105,-130,2026-10-06
NIFTY,2026-10-19,24850.0,CE,2.65,2.65,2.65,2.65,0.05,6,9692533.5,2535,390,2026-10-06
NIFTY,2026-10-19,24650.0,CE,1.65,2.0,1.6,2.0,0.17,23,36854275.25,585,-260,2026-10-06
NIFTY,2026-10-19,24500.0,CE,2.6,3.0,1.35,1.8,1.8,3573,5690436160.5,132535,42315,2026-10-06
NIFTY,2026-10-19,24350.0,CE,3.05,3.05,2.25,2.25,0.9,36,56984629.0,715,130,2026-10-06
NIFTY,2026-10-19,23900.0,CE,7.15,7.8,4.45,4.85,4.85,3218,5000303090.25,167115,76310,2026-10-06
NIFTY,2026-10-19,23200.0,CE,50.05,68.4,45.15,57.3,57.3,11161,16872251093.75,398060,153855,2026-10-06
NIFTY,2026-10-19,22450.0,CE,338.75,439.0,338.75,424.75,424.75,175,259900104.75,29900,-2340,2026-10-06
NIFTY,2026-10-19,22400.0,CE,371.75,482.95,368.25,458.3,458.3,732,1086119810.75,21385,-3900,2026-10-06
NIFTY,2026-10-19,21900.0,CE,0.0,0.0,0.0,741.4,930.69,0,0.0,455,0,2026-10-06
NIFTY,2026-10-19,20100.0,CE,0.0,0.0,0.0,3128.8,2715.43,0,0.0,0,0,2026-10-06
NIFTY,2026-10-13,24950.0,CE,0.9,0.9,0.65,0.75,0.75,73,118391253.5,27560,-325,2026-10-06
NIFTY,2026-10-13,24800.0,CE,0.85,0.95,0.65,0.8,0.8,2221,3580363566.0,93275,8710,2026-10-06
NIFTY,2026-10-13,24750.0,CE,0.9,0.95,0.65,0.75,0.75,451,725568239.5,14235,10140,2026-10-06
NIFTY,2026-10-13,23050.0,CE,36.6,56.65,31.15,42.4,42.4,75855,113861104649.5,718510,358020,2026-10-06
NIFTY,2026-10-13,22950.0,CE,54.95,87.3,47.95,68.05,68.05,86633,129616111433.25,858000,406445,2026-10-06
NIFTY,2027-06-29,24000.0,CE,732.95,787.0,720.0,758.45,758.45,259,416779522.25,63585,7605,2026-10-06
NIFTY,2027-12-28,22500.0,CE,2368.15,2490.0,2368.15,2479.1,2479.1,38,61625583.5,4095,1755,2026-10-06
NIFTY,2026-10-06,22650.0,PE,115.0,127.6,0.05,1.9,22776.1,21910375,32293774568025.75,13754585,12602980,2026-10-06
NIFTY,2026-10-06,21950.0,PE,1.25,1.4,0.05,0.1,22776.1,915348,1306022386474.0,4030000,728520,2026-10-06
NIFTY,2026-10-06,21850.0,PE,1.05,1.25,0.05,0.1,22776.1,635457,902536353982.25,3319030,32240,2026-10-06
NIFTY,2026-11-23,24500.0,PE,1742.0,1742.0,1585.0,1605.75,1605.75,79,134207749.0,210990,-130,2026-10-06
NIFTY,2026-11-23,24900.0,PE,0.0,0.0,0.0,1925.0,1965.3,0,0.0,1040,0,2026-10-06
NIFTY,2026-10-06,21250.0,PE,0.7,0.75,0.05,0.1,22776.1,66753,92204397652.25,559455,-93925,2026-10-06
NIFTY,2026-10-06,21000.0,PE,0.3,0.55,0.05,0.05,22776.1,226720,309477789289.5,2567695,-900965,2026-10-06
NIFTY,2026-10-06,20450.0,PE,0.4,0.5,0.05,0.05,22776.1,2008,2669157998.0,45890,3380,2026-10-06
NIFTY,2026-10-06,20350.0,PE,0.4,0.5,0.05,0.05,22776.1,898,1187841625.75,40560,3770,2026-10-06
NIFTY,2026-12-29,24400.0,PE,1525.0,1530.0,1440.0,1440.0,1440.0,18,30273594.0,18265,585,2026-10-06
NIFTY,2027-03-30,28500.0,PE,0.0,0.0,0.0,2937.15,4995.14,0,0.0,65,0,2026-10-06
NIFTY,2027-06-29,19000.0,PE,0.0,0.0,0.0,105.0,22.25,0,0.0,1460,0,2026-10-06
NIFTY,2026-12-29,14000.0,PE,6.0,6.3,4.75,5.0,0.01,41,37323484.25,12145,-715,2026-10-06
NIFTY,2027-06-29,24000.0,PE,1105.65,1115.7,1027.7,1043.6,1043.6,70,114039055.0,28665,1690,2026-10-06
NIFTY,2027-09-28,25500.0,PE,0.0,0.0,0.0,2230.25,2045.55,0,0.0,0,0,2026-10-06
NIFTY,2027-12-28,15000.0,PE,0.0,0.0,0.0,21.7,0.34,0,0.0,755,0,2026-10-06
NIFTY,2026-12-29,23850.0,PE,1077.1,1077.1,1066.55,1066.55,1054.72,6,9719511.75,4485,390,2026-10-06
NIFTY,2026-12-29,23600.0,PE,947.5,947.9,830.6,833.15,833.15,22,35046817.0,3250,0,2026-10-06
NIFTY,2026-12-29,21100.0,PE,116.2,116.2,95.05,97.2,97.2,88,121281212.0,10920,260,2026-10-06
NIFTY,2026-12-29,20500.0,PE,79.85,79.85,63.0,64.75,64.75,1437,1921172279.0,61750,35425,2026-10-06
NIFTY,2026-12-29,19500.0,PE,45.0,45.0,36.65,37.1,37.1,657,834409306.25,165945,-4290,2026-10-06
NIFTY,2026-10-06,22700.0,PE,145.0,152.8,0.05,5.65,22776.1,25605423,37840668138653.25,26410735,24216855,2026-10-06
NIFTY,2026-10-06,23250.0,PE,674.15,675.35,473.0,497.35,22776.1,6299,9746307476.75,156650,-95485,2026-10-06
NIFTY,2030-12-31,30000.0,PE,0.0,0.0,0.0,1450.1,3053.33,0,0.0,0,0,2026-10-06
NIFTY,2030-12-31,19500.0,PE,0.0,0.0,0.0,67.4,178.49,0,0.0,0,0,2026-10-06
NIFTY,2026-10-06,23550.0,PE,994.85,994.85,772.85,796.35,22776.1,584,927435522.0,42640,-4810,2026-10-06
NIFTY,2026-10-06,23750.0,PE,1163.3,1163.3,972.65,996.1,22776.1,315,508139060.0,6305,2275,2026-10-06
NIFTY,2026-10-06,23900.0,PE,1310.0,1320.0,1121.05,1146.2,22776.1,822,1343677565.75,37700,-39260,2026-10-06
NIFTY,2026-10-06,25250.0,PE,2565.0,2565.0,2565.0,2565.0,22776.1,8,14463800.0,130,-520,2026-10-06
NIFTY,2026-10-06,25600.0,PE,2930.55,2930.55,2930.55,2930.55,22776.1,2,3708971.5,0,-130,2026-10-06
NIFTY,2026-10-13,20050.0,PE,2.75,2.75,1.3,1.45,1.45,51963,67726941984.0,3873805,489125,2026-10-06
NIFTY,2026-10-13,20150.0,PE,3.0,3.0,1.4,1.5,1.5,1534,2009355367.5,17745,1170,2026-10-06
NIFTY,2026-10-13,21400.0,PE,8.75,8.75,2.85,3.55,3.55,90397,125771402796.0,1566890,664560,2026-10-06
NIFTY,2026-10-13,21500.0,PE,10.95,10.95,3.65,4.3,4.3,256683,358810159103.5,6908005,3579680,2026-10-06
NIFTY,2026-10-13,21850.0,PE,27.8,27.8,7.65,8.35,8.35,50668,72000453661.5,794105,482170,2026-10-06
NIFTY,2026-10-13,22050.0,PE,45.0,45.0,13.5,14.45,14.45,41529,59581057045.25,712725,490945,2026-10-06
NIFTY,2030-06-25,33000.0,PE,0.0,0.0,0.0,3143.9,5100.02,0,0.0,0,0,2026-10-06
NIFTY,2030-06-25,25500.0,PE,0.0,0.0,0.0,568.55,1361.9,0,0.0,0,0,2026-10-06
NIFTY,2030-06-25,22500.0,PE,0.0,0.0,0.0,223.75,576.58,0,0.0,0,0,2026-10-06
NIFTY,2029-12-24,15000.0,PE,0.0,0.0,0.0,29.0,8.14,0,0.0,65,0,2026-10-06
NIFTY,2028-12-26,31500.0,PE,0.0,0.0,0.0,2673.4,5495.62,0,0.0,0,0,2026-10-06
NIFTY,2028-06-27,24000.0,PE,0.0,0.0,0.0,680.05,1121.39,0,0.0,65,0,2026-10-06
NIFTY,2027-12-28,23000.0,PE,870.7,870.7,818.0,821.55,821.55,514,796196875.5,286365,5795,2026-10-06
NIFTY,2026-10-13,22900.0,PE,354.5,369.1,225.0,237.3,237.3,39974,60179136312.75,861120,568035,2026-10-06
NIFTY,2026-10-13,22850.0,CE,86.5,128.9,73.05,104.3,104.3,101630,151627838063.0,1107860,311415,2026-10-06
NIFTY,2026-10-13,22800.0,CE,99.0,153.2,88.15,125.75,125.75,311294,463864257736.75,4151810,1938820,2026-10-06
NIFTY,2026-10-13,22200.0,CE,464.6,601.0,450.0,569.2,569.2,4518,6675125590.25,275535,4290,2026-10-06
NIFTY,2026-10-13,21950.0,CE,649.6,799.4,649.6,799.4,799.4,13,19182296.25,650,0,2026-10-06
NIFTY,2026-10-13,21850.0,CE,0.0,0.0,0.0,641.25,950.57,0,0.0,65,0,2026-10-06
NIFTY,2026-10-13,21500.0,CE,1110.0,1276.8,1105.8,1242.65,1242.65,209,308386289.25,36335,1430,2026-10-06
NIFTY,2026-10-13,21050.0,CE,0.0,0.0,0.0,2704.75,1748.29,0,0.0,0,0,2026-10-06
NIFTY,2026-10-13,20800.0,CE,0.0,0.0,0.0,2952.0,1998.03,0,0.0,0,0,2026-10-06
NIFTY,2026-10-06,22200.0,CE,395.0,578.35,376.5,555.3,22776.1,20872,30739641689.25,276705,-283595,2026-10-06
NIFTY,2026-10-06,21500.0,CE,1099.0,1277.55,1087.75,1243.1,22776.1,297,438241365.25,10140,-7345,2026-10-06
NIFTY,2026-10-06,20400.0,CE,0.0,0.0,0.0,3773.7,22776.1,0,0.0,0,0,2026-10-06
NIFTY,2026-10-06,20200.0,CE,0.0,0.0,0.0,3972.5,22776.1,0,0.0,0,0,2026-10-06
NIFTY,2026-10-06,20150.0,CE,0.0,0.0,0.0,4022.2,22776.1,0,0.0,0,0,2026-10-06
NIFTY,2026-10-13,23450.0,PE,793.3,800.0,689.45,704.6,704.6,171,268751655.25,12090,2210,2026-10-06
NIFTY,2026-10-13,23900.0,PE,1295.0,1295.0,1131.25,1148.1,1148.1,209,340579063.5,95680,6565,2026-10-06
NIFTY,2026-10-13,24550.0,PE,0.0,0.0,0.0,961.3,1748.02,0,0.0,0,0,2026-10-06
NIFTY,2026-10-13,25000.0,PE,2409.65,2409.65,2216.9,2235.0,2235.0,728,1289240962.75,88205,42445,2026-10-06
NIFTY,2026-10-13,25400.0,PE,2775.0,2775.0,2620.0,2642.95,2642.95,136,248223004.25,13260,8190,2026-10-06
NIFTY,2026-10-19,20100.0,PE,2.8,4.0,2.8,3.05,3.05,216,282249568.25,10790,10790,2026-10-06
NIFTY,2026-10-19,21450.0,PE,22.35,22.35,11.0,11.25,11.25,575,802302208.5,11115,-195,2026-10-06
NIFTY,2026-10-19,21750.0,PE,42.6,42.75,19.15,20.25,20.25,1502,2126194518.5,15535,-10335,2026-10-06
NIFTY,2026-10-19,22050.0,PE,77.55,77.55,38.35,39.4,39.4,1063,1526995505.75,34320,15990,2026-10-06
NIFTY,2026-10-19,23300.0,PE,625.0,640.0,545.0,564.4,564.4,45,69878627.0,6695,455,2026-10-06
NIFTY,2026-10-19,23550.0,PE,1007.2,1007.2,781.4,792.85,792.85,282,446531263.75,2015,-1235,2026-10-06
NIFTY,2026-10-19,23800.0,PE,1069.0,1069.0,1005.25,1005.25,988.62,3,4841167.5,390,130,2026-10-06
NIFTY,2026-10-19,24850.0,PE,0.0,0.0,0.0,1640.7,2025.32,0,0.0,0,0,2026-10-06
NIFTY,2026-10-19,25200.0,PE,0.0,0.0,0.0,1967.2,2374.59,0,0.0,0,0,2026-10-06
NIFTY,2026-10-27,20450.0,PE,9.25,9.25,8.75,8.75,0.04,45,59842672.5,1625,585,2026-10-06
NIFTY,2026-10-27,20600.0,PE,15.95,16.35,9.55,9.85,9.85,2411,3230281154.75,268970,13715,2026-10-06
NIFTY,2026-10-27,21000.0,PE,28.25,28.25,14.0,15.05,15.05,18854,25758588726.0,1475175,-41080,2026-10-06
NIFTY,2026-10-27,21200.0,PE,30.45,31.4,18.4,19.45,19.45,5937,8190385703.5,332800,-36595,2026-10-06
NIFTY,2026-10-27,21500.0,PE,51.85,51.9,27.95,28.85,28.85,40106,56141865279.5,2500875,-315640,2026-10-06
NIFTY,2026-10-27,23850.0,PE,1190.0,1190.0,1053.0,1053.0,1029.06,2,3246295.0,10855,0,2026-10-06
NIFTY,2026-10-27,24250.0,PE,1450.0,1450.0,1450.0,1450.0,1450.0,2,3341000.0,11830,130,2026-10-06
NIFTY,2026-10-27,24650.0,PE,0.0,0.0,0.0,2200.0,1798.18,0,0.0,2665,0,2026-10-06
NIFTY,2026-10-27,25100.0,PE,2243.65,2300.0,2243.65,2281.7,2244.95,49,87260485.0,42835,-1040,2026-10-06
NIFTY,2026-10-27,25500.0,PE,2815.0,2830.0,2651.7,2674.2,2674.2,779,1428609029.25,840515,-9035,2026-10-06
NIFTY,2026-10-27,25600.0,PE,0.0,0.0,0.0,2900.0,2743.05,0,0.0,9425,0,2026-10-06
NIFTY,2026-10-27,26800.0,PE,0.0,0.0,0.0,3900.0,3939.23,0,0.0,585,0,2026-10-06
NIFTY,2026-11-03,20300.0,PE,0.0,0.0,0.0,1.15,0.12,0,0.0,0,0,2026-10-06
NIFTY,2026-11-03,20400.0,PE,0.0,0.0,0.0,1.5,0.2,0,0.0,0,0,2026-10-06
NIFTY,2026-11-03,20550.0,PE,0.0,0.0,0.0,2.35,0.41,0,0.0,0,0,2026-10-06
NIFTY,2026-11-03,20700.0,PE,0.0,0.0,0.0,3.55,0.81,0,0.0,0,0,2026-10-06
NIFTY,2026-11-03,21850.0,PE,109.55,110.3,109.55,110.3,42.01,3,4282206.5,845,195,2026-10-06
NIFTY,2026-11-03,22250.0,PE,188.1,188.1,131.7,131.7,131.7,72,104854958.0,4095,520,2026-10-06
NIFTY,2026-11-03,22300.0,PE,197.15,197.5,141.25,142.95,142.95,118,172341715.0,10985,2860,2026-10-06
NIFTY,2026-11-03,22950.0,PE,450.0,450.65,369.4,374.4,374.4,75,113920543.75,6565,3900,2026-10-06
NIFTY,2026-11-03,23750.0,PE,0.0,0.0,0.0,639.9,941.89,0,0.0,0,0,2026-10-06
NIFTY,2026-11-03,24400.0,PE,0.0,0.0,0.0,1082.55,1534.9,0,0.0,0,0,2026-10-06
NIFTY,2026-11-03,24600.0,PE,0.0,0.0,0.0,1240.0,1728.12,0,0.0,0,0,2026-10-06
NIFTY,2026-11-03,24750.0,PE,0.0,0.0,0.0,1363.45,1874.67,0,0.0,0,0,2026-10-06
NIFTY,2026-11-23,20050.0,PE,0.0,0.0,0.0,2.75,0.79,0,0.0,0,0,2026-10-06
NIFTY,2026-11-23,20600.0,PE,40.95,40.95,34.4,35.15,35.15,27,36219722.5,2730,195,2026-10-06
NIFTY,2026-11-23,20800.0,PE,57.65,57.7,41.2,42.75,42.75,562,761575441.25,37960,3770,2026-10-06
NIFTY,2026-11-23,20900.0,PE,63.95,63.95,44.4,45.95,45.95,92,125294494.0,5395,-325,2026-10-06
NIFTY,2026-11-23,22100.0,PE,208.0,211.05,157.95,161.3,161.3,1138,1647554837.5,88270,-130,2026-10-06
NIFTY,2026-11-23,22650.0,PE,380.05,380.05,301.2,306.05,306.05,151,225624756.5,16380,4355,2026-10-06
NIFTY,2026-11-23,22900.0,PE,505.95,505.95,401.95,408.55,408.55,514,779383325.5,55705,7345,2026-10-06
NIFTY,2026-11-23,24450.0,PE,0.0,0.0,0.0,1837.0,1546.84,0,0.0,390,0,2026-10-06
NIFTY,2027-03-30,31500.0,CE,0.0,0.0,0.0,15.1,0.39,0,0.0,1040,0,2026-10-06
NIFTY,2026-12-29,26000.0,CE,25.05,25.8,22.1,22.45,22.45,7775,13151734453.0,3922275,-165555,2026-10-06
NIFTY,2026-12-29,24300.0,CE,109.5,121.8,96.0,116.5,116.5,441,699882199.25,28405,16185,2026-10-06
NIFTY,2026-12-29,23450.0,CE,323.75,339.85,316.05,328.85,328.85,33,51003829.5,8515,-1170,2026-10-06
NIFTY,2026-12-29,23050.0,CE,479.25,517.05,479.25,504.95,586.65,5,7654803.0,2860,130,2026-10-06
NIFTY,2026-12-29,22750.0,CE,616.5,693.15,616.5,680.05,680.05,65,98960124.25,6110,780,2026-10-06
NIFTY,2026-11-03,23200.0,CE,135.3,172.0,135.25,157.2,157.2,357,541983214.5,20020,11050,2026-10-06
NIFTY,2026-11-03,23150.0,CE,186.0,186.0,157.4,173.65,173.65,164,248570981.75,9035,6565,2026-10-06
NIFTY,2026-11-03,22850.0,CE,262.0,316.35,262.0,305.35,305.35,65,97796344.75,3835,2535,2026-10-06
NIFTY,2026-11-03,21750.0,CE,0.0,0.0,0.0,1767.5,1149.81,0,0.0,0,0,2026-10-06
NIFTY,2026-11-03,21650.0,CE,0.0,0.0,0.0,1859.6,1241.51,0,0.0,0,0,2026-10-06
NIFTY,2026-11-03,21000.0,CE,0.0,0.0,0.0,2479.75,1867.27,0,0.0,0,0,2026-10-06
NIFTY,2026-11-03,20950.0,CE,0.0,0.0,0.0,2528.5,1916.57,0,0.0,0,0,2026-10-06
NIFTY,2026-11-03,20850.0,CE,0.0,0.0,0.0,2626.3,2015.41,0,0.0,0,0,2026-10-06
NIFTY,2026-11-03,20150.0,CE,0.0,0.0,0.0,3316.95,2710.99,0,0.0,0,0,2026-10-06
NIFTY,2026-10-27,26800.0,CE,1.0,1.45,0.4,0.9,0.9,73,127170137.25,2925,2145,2026-10-06
NIFTY,2026-10-27,26500.0,CE,0.8,0.85,0.65,0.75,0.75,1536,2645832481.5,731380,2405,2026-10-06
NIFTY,2026-10-27,26350.0,CE,0.0,0.0,0.0,1.05,0.01,0,0.0,1170,0,2026-10-06
NIFTY,2026-10-27,26200.0,CE,1.0,1.65,0.7,0.75,0.75,83,141354882.5,19500,0,2026-10-06
NIFTY,2026-10-27,25950.0,CE,0.0,0.0,0.0,1.55,0.01,0,0.0,4095,0,2026-10-06
NIFTY,2026-10-27,25650.0,CE,0.0,0.0,0.0,2.65,0.03,0,0.0,4290,0,2026-10-06
NIFTY,2026-10-27,23900.0,CE,19.65,19.65,15.95,16.7,16.7,8591,13355662599.5,642915,130260,2026-10-06
NIFTY,2026-10-27,23700.0,CE,29.05,31.4,24.85,27.85,27.85,9691,14946347516.75,968305,-8125,2026-10-06
NIFTY,2026-10-27,23600.0,CE,31.0,41.3,30.95,36.65,36.65,16568,25454520708.5,1398800,87945,2026-10-06
NIFTY,2026-10-27,22750.0,CE,259.4,330.0,242.05,299.35,299.35,4928,7381388917.5,318565,35880,2026-10-06
NIFTY,2026-10-27,22700.0,CE,288.9,360.0,267.75,328.05,328.05,40333,60357104470.0,1975155,270985,2026-10-06
NIFTY,2026-10-27,22250.0,CE,557.3,680.05,554.55,656.7,656.7,322,478628046.0,60645,-8970,2026-10-06
NIFTY,2026-10-27,21400.0,CE,1421.0,1421.0,1421.0,1421.0,1448.84,1,1483365.0,2340,65,2026-10-06
NIFTY,2026-10-27,21250.0,CE,0.0,0.0,0.0,1356.25,1595.98,0,0.0,65,0,2026-10-06
NIFTY,2026-10-27,20700.0,CE,0.0,0.0,0.0,1997.6,2141.68,0,0.0,65,0,2026-10-06
NIFTY,2026-10-27,20650.0,CE,0.0,0.0,0.0,3662.6,2191.48,0,0.0,0,0,2026-10-06
NIFTY,2026-10-27,20500.0,CE,2112.8,2313.4,2112.8,2281.35,2281.35,239,353206880.0,60775,8905,2026-10-06
NIFTY,2026-10-27,20300.0,CE,0.0,0.0,0.0,3999.95,2540.25,0,0.0,0,0,2026-10-06
NIFTY,2026-10-19,23350.0,CE,30.35,40.0,28.4,34.3,34.3,1048,1592900409.75,46800,14820,2026-10-06
NIFTY,2026-10-19,23150.0,CE,53.1,80.75,53.1,68.3,68.3,1078,1626821257.75,49660,23400,2026-10-06
NIFTY,2026-10-19,21550.0,CE,0.0,0.0,0.0,1714.0,1270.39,0,0.0,0,0,2026-10-06
NIFTY,2026-10-19,20700.0,CE,0.0,0.0,0.0,2534.65,2116.62,0,0.0,0,0,2026-10-06
NIFTY,2026-10-19,20600.0,CE,0.0,0.0,0.0,2633.35,2216.42,0,0.0,0,0,2026-10-06
NIFTY,2026-10-19,20150.0,CE,0.0,0.0,0.0,3079.15,2665.53,0,0.0,0,0,2026-10-06
NIFTY,2026-10-13,23850.0,CE,2.9,2.9,1.3,1.5,1.5,31114,48237523015.5,887055,779025,2026-10-06
NIFTY,2026-10-13,23750.0,CE,3.5,3.5,1.85,1.95,1.95,14566,22488351343.25,260195,114725,2026-10-06
NIFTY,2026-10-13,23550.0,CE,5.3,5.75,3.25,3.6,3.6,30772,47112076583.0,985855,232115,2026-10-06
NIFTY,2026-10-13,23250.0,CE,15.9,20.15,13.0,15.05,15.05,62315,94236080006.25,983580,317330,2026-10-06
NIFTY,2026-10-13,23100.0,CE,28.5,43.9,24.85,32.75,32.75,210485,316498969702.5,4118075,2412150,2026-10-06
NIFTY,2026-10-13,22650.0,CE,210.2,244.0,149.2,208.25,208.25,128680,191106364865.0,570960,136890,2026-10-06
NIFTY,2026-10-13,22500.0,CE,250.0,350.0,231.4,312.3,312.3,124857,184969680655.5,1335685,-45500,2026-10-06
NIFTY,2026-10-13,22000.0,CE,644.45,792.0,619.8,761.6,761.6,4057,5993198744.0,258375,56485,2026-10-06
NIFTY,2026-10-13,20900.0,CE,0.0,0.0,0.0,2853.0,1898.13,0,0.0,0,0,2026-10-06
NIFTY,2026-10-13,20150.0,CE,0.0,0.0,0.0,3597.35,2647.34,0,0.0,0,0,2026-10-06
NIFTY,2026-10-06,24850.0,CE,0.25,0.45,0.05,0.05,22776.1,3680,5944172923.0,133575,28470,2026-10-06
NIFTY,2026-10-06,24800.0,CE,0.4,0.4,0.05,0.1,22776.1,8682,13995476001.0,176020,-72020,2026-10-06
NIFTY,2026-10-06,23850.0,CE,0.35,0.4,0.05,0.05,22776.1,58319,90409742478.25,923065,-20995,2026-10-06
NIFTY,2026-10-06,22850.0,CE,7.4,8.95,0.05,0.45,22776.1,10025360,14892488079430.0,8390980,2124135,2026-10-06
NIFTY,2026-10-06,21250.0,CE,0.0,0.0,0.0,2930.15,22776.1,0,0.0,0,0,2026-10-06
NIFTY,2026-10-06,21050.0,CE,0.0,0.0,0.0,3128.25,22776.1,0,0.0,0,0,2026-10-06
NIFTY,2026-10-06,20600.0,CE,0.0,0.0,0.0,3574.95,22776.1,0,0.0,0,0,2026-10-06
NIFTY,2026-11-23,21300.0,CE,0.0,0.0,0.0,3374.8,1657.76,0,0.0,0,0,2026-10-06
NIFTY,2026-11-23,21850.0,CE,0.0,0.0,0.0,2860.95,1170.71,0,0.0,0,0,2026-10-06
NIFTY,2026-11-23,22150.0,CE,0.0,0.0,0.0,716.0,932.3,0,0.0,520,0,2026-10-06
NIFTY,2026-11-23,24200.0,CE,53.0,57.5,49.75,53.7,53.7,1940,3058398437.25,217165,16250,2026-10-06
NIFTY,2026-11-23,25450.0,CE,0.0,0.0,0.0,14.0,6.42,0,0.0,910,0,2026-10-06
NIFTY,2026-11-23,25650.0,CE,0.0,0.0,0.0,14.4,4.04,0,0.0,520,0,2026-10-06
NIFTY,2026-12-29,18000.0,CE,4966.05,4966.05,4832.2,4875.0,5002.51,15,22304298.25,16315,520,2026-10-06
NIFTY,2026-12-29,20000.0,CE,2849.85,3034.45,2849.85,2998.35,2998.35,740,1104430587.0,866410,41015,2026-10-06
NIFTY,2026-12-29,20100.0,CE,0.0,0.0,0.0,2939.35,2936.31,0,0.0,0,0,2026-10-06
NIFTY,2026-12-29,20350.0,CE,0.0,0.0,0.0,2706.3,2694.71,0,0.0,0,0,2026-10-06
NIFTY,2026-12-29,20650.0,CE,0.0,0.0,0.0,2432.9,2408.76,0,0.0,0,0,2026-10-06
NIFTY,2026-12-29,20800.0,CE,0.0,0.0,0.0,2299.35,2268.02,0,0.0,0,0,2026-10-06
NIFTY,2026-12-29,21000.0,CE,1951.0,2095.0,1943.9,2056.9,2056.9,1223,1830112771.5,871540,12025,2026-10-06
NIFTY,2026-12-29,21100.0,CE,0.0,0.0,0.0,2039.8,1992.54,0,0.0,0,0,2026-10-06
NIFTY,2026-12-29,21600.0,CE,0.0,0.0,0.0,1398.25,1558.03,0,0.0,2535,0,2026-10-06
NIFTY,2026-12-29,21950.0,CE,1253.95,1253.95,1244.9,1244.9,1278.82,6,9047775.75,1365,390,2026-10-06
NIFTY,2026-12-29,22000.0,CE,1083.65,1237.35,1083.6,1204.45,1204.45,2724,4104092021.25,699520,42380,2026-10-06
NIFTY,2026-12-29,22650.0,CE,717.0,748.85,700.55,748.85,802.34,11,16711392.75,1365,195,2026-10-06
NIFTY,2026-12-29,23900.0,CE,173.05,200.8,173.05,190.3,190.3,471,737423485.5,135915,11895,2026-10-06
NIFTY,2026-12-29,24150.0,CE,132.0,147.25,132.0,138.5,138.5,12,18945988.75,6175,390,2026-10-06
NIFTY,2026-12-29,28000.0,CE,7.8,7.9,6.75,6.9,6.9,1114,2028005866.25,1663375,1950,2026-10-06
NIFTY,2026-12-29,31000.0,CE,5.35,5.35,4.8,5.1,5.1,48,96736142.75,124040,-585,2026-10-06
NIFTY,2027-03-30,18000.0,CE,0.0,0.0,0.0,5643.55,5245.75,0,0.0,0,0,2026-10-06
NIFTY,2027-03-30,30000.0,CE,15.5,15.95,14.05,14.3,14.3,109,212655452.75,178490,2210,2026-10-06
NIFTY,2027-06-29,19000.0,CE,0.0,0.0,0.0,7800.0,4544.85,0,0.0,75,0,2026-10-06
NIFTY,2027-12-28,19500.0,CE,0.0,0.0,0.0,8684.7,4633.91,0,0.0,0,0,2026-10-06
NIFTY,2027-12-28,33000.0,CE,50.75,50.75,45.6,46.6,46.6,18,38666166.5,14105,260,2026-10-06
NIFTY,2028-12-26,18000.0,CE,0.0,0.0,0.0,9380.3,6901.99,0,0.0,0,0,2026-10-06
NIFTY,2028-12-26,19500.0,CE,0.0,0.0,0.0,9716.4,5664.82,0,0.0,0,0,2026-10-06
NIFTY,2028-12-26,31500.0,CE,0.0,0.0,0.0,405.0,399.47,0,0.0,715,0,2026-10-06
NIFTY,2028-12-26,33000.0,CE,0.0,0.0,0.0,2477.5,255.31,0,0.0,0,0,2026-10-06
NIFTY,2030-06-25,25500.0,CE,0.0,0.0,0.0,7070.45,3356.81,0,0.0,0,0,2026-10-06
NIFTY,2030-06-25,31500.0,CE,0.0,0.0,0.0,3984.8,1284.08,0,0.0,0,0,2026-10-06
NIFTY,2030-12-31,30000.0,CE,0.0,0.0,0.0,5227.2,2067.42,0,0.0,0,0,2026-10-06
NIFTY,2031-06-24,28500.0,CE,0.0,0.0,0.0,5048.95,2980.66,0,0.0,0,0,2026-10-06
NIFTY,2026-10-06,21350.0,PE,0.6,0.7,0.05,0.05,22776.1,182923,253856701809.75,1510145,821925,2026-10-06
NIFTY,2026-10-06,22300.0,PE,4.0,8.2,0.05,0.15,22776.1,3802093,5511769623857.25,6766500,-2773485,2026-10-06
NIFTY,2026-10-06,23050.0,PE,446.4,478.2,273.15,306.1,22776.1,20977,31885191620.75,191945,-40690,2026-10-06
NIFTY,2026-10-06,24650.0,PE,2060.0,2060.0,1889.6,1969.7,22776.1,15,25987971.75,2405,65,2026-10-06
NIFTY,2026-10-06,24750.0,PE,0.0,0.0,0.0,2266.6,22776.1,0,0.0,260,0,2026-10-06
NIFTY,2026-10-13,21300.0,PE,6.95,7.15,2.65,3.05,3.05,64295,89033747640.5,1264055,283270,2026-10-06
NIFTY,2026-10-13,22200.0,PE,69.75,69.75,21.15,22.95,22.95,224953,325123006971.75,2913365,1205685,2026-10-06
NIFTY,2026-10-13,23300.0,PE,709.0,720.0,539.0,563.0,563.0,2363,3668397326.75,233415,81900,2026-10-06
NIFTY,2026-10-13,24000.0,PE,1400.05,1400.95,1219.25,1250.85,1250.85,2948,4843270292.25,317980,146315,2026-10-06
NIFTY,2026-10-13,24250.0,PE,1540.0,1540.0,1530.0,1530.0,1448.38,7,11732500.0,715,455,2026-10-06
NIFTY,2026-10-13,24850.0,PE,0.0,0.0,0.0,2405.15,2047.7,0,0.0,195,0,2026-10-06
NIFTY,2026-10-19,20550.0,PE,6.35,6.35,3.5,3.5,3.5,50,66801397.0,975,975,2026-10-06
NIFTY,2026-10-19,21100.0,PE,13.95,13.95,6.0,6.65,6.65,938,1287072150.0,22100,3965,2026-10-06
NIFTY,2026-10-19,21650.0,PE,37.2,43.85,16.1,16.9,16.9,1127,1587843881.0,11635,-9425,2026-10-06
NIFTY,2026-10-19,21700.0,PE,38.95,39.2,17.5,18.85,18.85,7870,11112631845.25,191555,123760,2026-10-06
NIFTY,2026-10-19,22800.0,PE,331.5,335.95,216.45,230.0,230.0,8367,12533437166.25,240370,145210,2026-10-06
NIFTY,2026-10-19,23400.0,PE,794.15,794.15,636.05,646.75,646.75,80,125318865.75,8515,-260,2026-10-06
NIFTY,2026-10-19,23750.0,PE,0.0,0.0,0.0,746.7,941.2,0,0.0,0,0,2026-10-06
NIFTY,2026-10-19,24750.0,PE,0.0,0.0,0.0,1549.95,1925.56,0,0.0,0,0,2026-10-06
NIFTY,2026-10-27,20700.0,PE,19.2,19.2,10.65,11.05,11.05,2406,3239400164.0,93470,2730,2026-10-06
NIFTY,2026-10-27,20750.0,PE,14.55,14.85,11.3,11.5,11.5,352,475066673.25,10010,-1365,2026-10-06
NIFTY,2026-10-27,22300.0,PE,172.1,177.35,109.8,114.1,114.1,22676,33062234341.5,2562170,53625,2026-10-06
NIFTY,2026-10-27,22350.0,PE,182.2,187.6,119.35,123.7,123.7,2484,3631521452.0,119470,-9815,2026-10-06
NIFTY,2026-10-27,22800.0,PE,365.4,376.55,263.35,274.75,274.75,31626,47460456823.0,1706315,232765,2026-10-06
NIFTY,2026-10-27,23650.0,PE,870.0,883.4,870.0,883.4,851.6,2,3188471.0,21320,-65,2026-10-06
NIFTY,2026-10-27,25050.0,PE,0.0,0.0,0.0,2430.0,2195.19,0,0.0,910,0,2026-10-06
NIFTY,2026-10-27,25900.0,PE,3150.0,3150.0,3109.6,3109.6,3042.08,2,3773874.0,1690,-130,2026-10-06
NIFTY,2026-10-27,25950.0,PE,0.0,0.0,0.0,1842.3,3091.92,0,0.0,0,0,2026-10-06
NIFTY,2026-10-27,26050.0,PE,0.0,0.0,0.0,3580.0,3191.6,0,0.0,130,0,2026-10-06
NIFTY,2026-10-27,26650.0,PE,0.0,0.0,0.0,2415.2,3789.7,0,0.0,0,0,2026-10-06
NIFTY,2026-11-03,22400.0,PE,227.3,234.6,160.3,165.45,165.45,149,218792473.25,7410,715,2026-10-06
NIFTY,2026-11-03,23050.0,PE,462.5,468.9,422.15,429.2,429.2,76,116099168.25,6045,4030,2026-10-06
NIFTY,2026-11-03,23450.0,PE,0.0,0.0,0.0,902.6,700.94,0,0.0,195,0,2026-10-06
NIFTY,2026-11-03,23500.0,PE,820.0,820.0,725.0,760.0,739.07,21,33161768.25,10205,910,2026-10-06
NIFTY,2026-11-03,24100.0,PE,0.0,0.0,0.0,863.85,1252.51,0,0.0,0,0,2026-10-06
NIFTY,2026-11-03,24250.0,PE,0.0,0.0,0.0,970.25,1392.33,0,0.0,0,0,2026-10-06
NIFTY,2026-11-03,24350.0,PE,0.0,0.0,0.0,1045.45,1487.12,0,0.0,0,0,2026-10-06
NIFTY,2026-11-03,24450.0,PE,0.0,0.0,0.0,1121.05,1582.92,0,0.0,0,0,2026-10-06
NIFTY,2026-11-23,22250.0,PE,240.85,240.85,190.15,192.45,192.45,97,141615373.25,13260,585,2026-10-06
NIFTY,2026-11-23,22350.0,PE,276.5,276.55,209.5,214.05,214.05,97,142372363.25,7735,-130,2026-10-06
NIFTY,2026-11-23,22750.0,PE,426.7,426.7,338.5,343.6,343.6,165,247902092.75,26325,-2600,2026-10-06
NIFTY,2026-11-23,22850.0,PE,480.55,480.55,384.0,388.2,388.2,44,66578222.75,13845,-390,2026-10-06
NIFTY,2026-11-23,24800.0,PE,0.0,0.0,0.0,2223.6,1870.6,0,0.0,5070,0,2026-10-06
NIFTY,2026-11-23,26000.0,PE,3168.5,3179.8,3012.65,3051.05,3051.05,1015,1918773385.75,283920,62010,2026-10-06
NIFTY,2026-12-29,20750.0,PE,80.15,81.95,70.75,74.8,74.8,35,47387684.5,1820,1820,2026-10-06
NIFTY,2026-12-29,21850.0,PE,216.65,221.15,179.6,181.25,181.25,45,64480126.75,8970,715,2026-10-06
NIFTY,2026-12-29,22550.0,PE,405.65,405.65,338.95,342.2,342.2,30,44668204.75,7865,-325,2026-10-06
NIFTY,2026-12-29,23050.0,PE,560.0,560.0,532.0,532.0,532.0,10,15334484.75,4290,-325,2026-10-06
NIFTY,2026-12-29,24250.0,PE,1324.1,1324.1,1324.1,1324.1,1352.29,1,1662316.5,2795,0,2026-10-06
NIFTY,2026-12-29,25000.0,PE,2073.0,2114.95,1941.1,1971.3,1971.3,1266,2223172584.75,1624535,-25770,2026-10-06
NIFTY,2026-12-29,31500.0,PE,0.0,0.0,0.0,4059.3,8327.7,0,0.0,0,0,2026-10-06
NIFTY,2027-03-30,18000.0,PE,50.85,50.85,43.0,43.35,43.35,401,470352021.75,142285,2860,2026-10-06
NIFTY,2027-06-29,15000.0,PE,0.0,0.0,0.0,1173.2,0.01,0,0.0,0,0,2026-10-06
NIFTY,2027-06-29,21000.0,PE,277.25,277.25,244.45,247.6,247.6,231,319159044.75,61540,4485,2026-10-06
NIFTY,2027-09-28,28500.0,PE,0.0,0.0,0.0,4441.5,4380.2,0,0.0,0,0,2026-10-06
NIFTY,2027-12-28,33000.0,PE,0.0,0.0,0.0,4155.55,8097.7,0,0.0,0,0,2026-10-06
NIFTY,2028-12-26,33000.0,PE,0.0,0.0,0.0,3315.4,6678.7,0,0.0,0,0,2026-10-06
NIFTY,2029-06-26,19500.0,PE,0.0,0.0,0.0,56.0,159.26,0,0.0,0,0,2026-10-06
NIFTY,2029-12-24,33000.0,PE,0.0,0.0,0.0,2953.7,5568.52,0,0.0,0,0,2026-10-06
NIFTY,2030-06-25,15000.0,PE,0.0,0.0,0.0,29.65,10.57,0,0.0,0,0,2026-10-06
NIFTY,2030-06-25,28500.0,PE,0.0,0.0,0.0,1167.6,2576.0,0,0.0,0,0,2026-10-06
NIFTY,2030-06-25,31500.0,PE,0.0,0.0,0.0,2056.3,4178.87,0,0.0,0,0,2026-10-06
NIFTY,2030-12-31,15000.0,PE,0.0,0.0,0.0,4.95,12.89,0,0.0,0,0,2026-10-06
NIFTY,2031-06-24,16500.0,PE,0.0,0.0,0.0,95.65,39.52,0,0.0,0,0,2026-10-06
NIFTY,2026-11-23,20300.0,CE,0.0,0.0,0.0,4340.55,2624.22,0,0.0,0,0,2026-10-06
NIFTY,2031-06-24,33000.0,CE,0.0,0.0,0.0,3451.55,1626.66,0,0.0,0,0,2026-10-06
NIFTY,2030-06-25,33000.0,CE,0.0,0.0,0.0,4416.45,982.81,0,0.0,0,0,2026-10-06
NIFTY,2030-06-25,27000.0,CE,0.0,0.0,0.0,6972.5,2688.73,0,0.0,0,0,2026-10-06
NIFTY,2029-12-24,27000.0,CE,2020.0,2150.0,2010.0,2150.0,2150.0,4,7552350.0,130,130,2026-10-06
NIFTY,2029-12-24,15000.0,CE,0.0,0.0,0.0,13369.45,10218.23,0,0.0,0,0,2026-10-06
NIFTY,2028-12-26,30000.0,CE,629.0,640.0,620.0,622.05,622.05,49,97560866.0,22075,565,2026-10-06
NIFTY,2028-06-27,19500.0,CE,0.0,0.0,0.0,9209.1,5161.01,0,0.0,0,0,2026-10-06
NIFTY,2028-06-27,18000.0,CE,0.0,0.0,0.0,6809.35,6444.09,0,0.0,0,0,2026-10-06
NIFTY,2028-06-27,16500.0,CE,0.0,0.0,0.0,11752.8,7779.39,0,0.0,0,0,2026-10-06
NIFTY,2027-12-28,31500.0,CE,87.75,95.0,87.75,95.0,62.25,3,6160228.75,2080,0,2026-10-06
NIFTY,2027-09-28,25500.0,CE,0.0,0.0,0.0,908.35,657.17,0,0.0,0,0,2026-10-06
NIFTY,2027-06-29,30000.0,CE,51.95,52.0,31.0,48.6,48.6,17,33202890.5,5200,-260,2026-10-06
NIFTY,2027-06-29,16500.0,CE,0.0,0.0,0.0,10867.2,6924.78,0,0.0,0,0,2026-10-06
NIFTY,2027-03-30,28500.0,CE,28.45,28.8,25.5,26.5,26.5,166,307811143.25,197535,-130,2026-10-06
NIFTY,2027-03-30,25500.0,CE,137.65,147.6,135.0,141.6,141.6,1693,2821670293.0,851370,-6370,2026-10-06
NIFTY,2027-03-30,15000.0,CE,0.0,0.0,0.0,8379.85,8166.48,0,0.0,0,0,2026-10-06
NIFTY,2026-12-29,24450.0,CE,92.65,103.0,92.6,97.05,97.05,201,320711361.75,24050,6305,2026-10-06
NIFTY,2026-12-29,22900.0,CE,533.95,614.15,533.95,592.95,592.95,129,196948362.0,16445,1820,2026-10-06
NIFTY,2026-12-29,20750.0,CE,0.0,0.0,0.0,2343.6,2314.74,0,0.0,0,0,2026-10-06
NIFTY,2026-12-29,20150.0,CE,0.0,0.0,0.0,2892.45,2887.8,0,0.0,0,0,2026-10-06
NIFTY,2026-12-29,19000.0,CE,3845.0,3960.0,3845.0,3928.95,3928.95,98,145951078.0,262535,2210,2026-10-06
NIFTY,2026-11-23,25700.0,CE,17.8,17.8,9.0,9.05,3.58,41,68521355.5,1560,325,2026-10-06
NIFTY,2026-11-23,24950.0,CE,20.55,24.5,16.6,24.5,24.5,22,35708572.25,1300,390,2026-10-06
NIFTY,2026-11-23,24000.0,CE,71.0,81.7,67.9,75.8,75.8,9643,15090329384.0,1906320,24440,2026-10-06
NIFTY,2026-11-23,23750.0,CE,99.8,120.9,99.5,112.35,112.35,173,268332489.75,20410,-3705,2026-10-06
NIFTY,2026-11-23,23250.0,CE,235.0,265.5,234.45,249.15,249.15,57,87044207.25,36985,-130,2026-10-06
NIFTY,2026-11-23,23150.0,CE,258.7,310.0,251.1,291.35,291.35,259,394623710.0,134680,-2275,2026-10-06
NIFTY,2026-11-23,22750.0,CE,431.25,517.35,425.8,491.65,491.65,376,567764587.0,14950,-3835,2026-10-06
NIFTY,2026-11-23,22350.0,CE,677.0,741.4,671.3,741.4,787.5,11,16484295.75,1625,-130,2026-10-06
NIFTY,2026-11-23,22000.0,CE,929.95,1057.95,906.85,1024.3,1024.3,857,1281956900.25,140595,7995,2026-10-06
NIFTY,2026-11-23,21400.0,CE,0.0,0.0,0.0,3280.1,1565.54,0,0.0,0,0,2026-10-06
NIFTY,2026-11-23,21000.0,CE,1866.0,1932.6,1866.0,1915.0,1915.0,42,62534475.25,17550,65,2026-10-06
NIFTY,2026-11-23,20050.0,CE,0.0,0.0,0.0,4585.15,2871.38,0,0.0,0,0,2026-10-06
NIFTY,2026-11-03,25150.0,CE,6.6,7.85,6.25,6.3,6.3,13,21257294.5,1300,65,2026-10-06
NIFTY,2026-11-03,23300.0,CE,109.95,137.0,107.05,129.4,129.4,323,491853670.75,18785,520,2026-10-06
NIFTY,2026-11-03,23050.0,CE,176.45,220.9,176.45,213.0,213.0,110,166246349.75,6500,4745,2026-10-06
NIFTY,2026-11-03,22750.0,CE,330.8,373.65,328.8,359.3,359.3,116,174208173.75,5590,3835,2026-10-06
NIFTY,2026-11-03,22500.0,CE,444.4,548.45,442.0,520.75,520.75,190,284089965.25,11115,-650,2026-10-06
NIFTY,2026-11-03,21350.0,CE,0.0,0.0,0.0,2142.0,1525.59,0,0.0,0,0,2026-10-06
NIFTY,2026-11-03,20500.0,CE,0.0,0.0,0.0,2970.65,2362.74,0,0.0,0,0,2026-10-06
NIFTY,2026-11-03,20250.0,CE,0.0,0.0,0.0,3217.9,2611.45,0,0.0,0,0,2026-10-06
NIFTY,2026-10-27,27050.0,CE,1.35,1.7,0.7,1.4,1.4,30,52749996.0,10335,65,2026-10-06
NIFTY,2026-10-27,25850.0,CE,2.45,2.45,1.45,1.6,0.01,22,36968090.25,2730,-910,2026-10-06
NIFTY,2026-10-27,25750.0,CE,2.3,2.95,1.3,1.65,1.65,208,348165203.75,28210,-6955,2026-10-06
NIFTY,2026-10-27,24300.0,CE,9.9,10.0,8.1,8.4,8.4,5614,8870629641.25,478075,-40625,2026-10-06
NIFTY,2026-10-27,23650.0,CE,28.0,35.55,26.8,31.5,31.5,1620,2493631227.75,129415,10270,2026-10-06
NIFTY,2026-10-27,23050.0,CE,125.8,175.65,125.8,157.5,157.5,2167,3268343936.0,142025,-780,2026-10-06
NIFTY,2026-10-27,22950.0,CE,165.45,220.0,158.9,198.2,198.2,2917,4387965377.25,89635,3640,2026-10-06
NIFTY,2026-10-27,21650.0,CE,0.0,0.0,0.0,1000.0,1207.7,0,0.0,130,0,2026-10-06
NIFTY,2026-10-27,21100.0,CE,0.0,0.0,0.0,1340.0,1744.16,0,0.0,65,0,2026-10-06
NIFTY,2026-10-27,20950.0,CE,0.0,0.0,0.0,3376.9,1892.97,0,0.0,0,0,2026-10-06
NIFTY,2026-10-19,24150.0,CE,6.5,6.5,2.55,3.2,3.2,192,301436005.0,11895,6630,2026-10-06
NIFTY,2026-10-19,24000.0,CE,6.05,6.3,3.8,4.2,4.2,10340,16133652271.75,471120,125840,2026-10-06
NIFTY,2026-10-19,23300.0,CE,36.0,47.8,32.45,41.35,41.35,14284,21670778668.5,397410,251615,2026-10-06
NIFTY,2026-10-19,22950.0,CE,104.2,150.0,102.6,130.55,130.55,1591,2386672158.0,47320,22165,2026-10-06
NIFTY,2026-10-19,21850.0,CE,0.0,0.0,0.0,1032.85,978.25,0,0.0,65,0,2026-10-06
NIFTY,2026-10-19,20800.0,CE,0.0,0.0,0.0,2436.25,2016.82,0,0.0,0,0,2026-10-06
NIFTY,2026-10-19,20400.0,CE,0.0,0.0,0.0,2831.2,2416.02,0,0.0,0,0,2026-10-06
NIFTY,2026-10-13,25400.0,CE,0.7,0.75,0.55,0.6,0.6,16825,27778710537.5,960700,648310,2026-10-06
NIFTY,2026-10-13,25100.0,CE,0.85,0.85,0.6,0.75,0.75,297,484569679.75,24310,-1495,2026-10-06
NIFTY,2026-10-13,24900.0,CE,0.95,1.0,0.65,0.8,0.8,1559,2523320397.0,58760,32435,2026-10-06
NIFTY,2026-10-13,24450.0,CE,0.9,0.95,0.7,0.8,0.8,972,1544800156.25,32045,1755,2026-10-06
NIFTY,2026-10-13,23900.0,CE,2.65,2.65,1.2,1.4,1.4,66669,103576660320.25,1582620,1040780,2026-10-06
NIFTY,2026-10-13,23450.0,CE,7.9,7.9,4.8,5.5,5.5,35035,53415799118.5,528970,215800,2026-10-06
NIFTY,2026-10-13,22100.0,CE,529.5,695.0,529.5,656.95,656.95,916,1353373147.75,78065,5005,2026-10-06
NIFTY,2026-10-13,21150.0,CE,0.0,0.0,0.0,2606.15,1648.4,0,0.0,0,0,2026-10-06
NIFTY,2026-10-13,20850.0,CE,0.0,0.0,0.0,2902.5,1948.08,0,0.0,0,0,2026-10-06
NIFTY,2026-10-13,20600.0,CE,0.0,0.0,0.0,3150.35,2197.82,0,0.0,0,0,2026-10-06
NIFTY,2026-10-13,20350.0,CE,0.0,0.0,0.0,3398.6,2447.55,0,0.0,0,0,2026-10-06
NIFTY,2026-10-13,20050.0,CE,0.0,0.0,0.0,3696.8,2747.24,0,0.0,0,0,2026-10-06
NIFTY,2026-10-06,25200.0,CE,0.25,0.25,0.05,0.05,22776.1,11227,18389918992.25,277290,-6500,2026-10-06
NIFTY,2026-10-06,24700.0,CE,0.4,0.4,0.05,0.05,22776.1,9429,15138356584.0,147550,-28015,2026-10-06
NIFTY,2026-10-06,24350.0,CE,0.3,0.3,0.05,0.05,22776.1,33802,53500415140.25,807690,-32045,2026-10-06
NIFTY,2026-10-06,24000.0,CE,0.35,0.4,0.05,0.05,22776.1,231123,360555169724.75,2930720,-2385240,2026-10-06
NIFTY,2026-10-06,23550.0,CE,0.5,0.55,0.05,0.05,22776.1,85831,131387601884.5,957710,-164840,2026-10-06
NIFTY,2026-10-06,23250.0,CE,0.7,0.8,0.05,0.05,22776.1,778165,1176020117766.0,3031665,-302770,2026-10-06
NIFTY,2026-10-06,22800.0,CE,6.25,18.9,0.05,1.35,22776.1,22937164,34003851284721.5,22000290,7622745,2026-10-06
NIFTY,2026-10-06,22700.0,CE,20.0,76.35,19.7,44.05,22776.1,28848090,42636566690506.75,7957040,-3170505,2026-10-06
NIFTY,2026-10-06,22400.0,CE,202.0,377.1,187.4,340.45,22776.1,451304,664744895129.25,943215,-1364350,2026-10-06
NIFTY,2026-10-06,21900.0,CE,700.0,877.85,678.05,840.85,22776.1,282,415807746.25,32955,-1235,2026-10-06
NIFTY,2026-10-06,21000.0,CE,1615.0,1788.25,1611.0,1782.55,22776.1,59,87035734.5,7345,-2210,2026-10-06
NIFTY,2026-10-06,20900.0,PE,0.4,0.45,0.05,0.05,22776.1,20138,27357846555.0,192400,-195975,2026-10-06
NIFTY,2026-10-06,20950.0,PE,0.2,0.5,0.05,0.1,22776.1,13845,18853680423.5,183430,-26845,2026-10-06
NIFTY,2026-10-06,21400.0,PE,0.6,0.7,0.05,0.05,22776.1,276036,383974432595.0,2498665,-115505,2026-10-06
NIFTY,2026-10-06,21500.0,PE,0.7,0.85,0.05,0.15,22776.1,1078360,1507042578652.0,10959520,-3766555,2026-10-06
NIFTY,2026-10-06,21900.0,PE,1.1,1.3,0.05,0.05,22776.1,1531553,2180236422055.25,7791355,339235,2026-10-06
NIFTY,2026-10-06,22050.0,PE,1.7,1.7,0.05,0.1,22776.1,1281044,1836143276838.0,3444870,331760,2026-10-06
NIFTY,2026-10-06,22450.0,PE,18.0,26.05,0.05,0.25,22776.1,6635211,9685193113635.0,6121375,61165,2026-10-06
NIFTY,2026-10-06,22900.0,PE,309.65,331.45,123.45,154.35,22776.1,545293,818745602873.25,887575,381810,2026-10-06
NIFTY,2026-10-06,24200.0,PE,1648.05,1648.05,1424.65,1448.95,22776.1,472,789743626.75,17420,-18655,2026-10-06
NIFTY,2026-10-06,25100.0,PE,2410.0,2410.0,2390.0,2390.0,22776.1,7,12513845.5,780,-390,2026-10-06
NIFTY,2026-10-06,25650.0,PE,0.0,0.0,0.0,3160.0,22776.1,0,0.0,260,0,2026-10-06
NIFTY,2026-10-06,25800.0,PE,3180.0,3180.0,3071.0,3082.5,22776.1,72,135286320.0,2860,-2015,2026-10-06
NIFTY,2026-10-13,20400.0,PE,3.0,3.15,1.5,1.7,1.7,8337,11056090142.5,146900,-47385,2026-10-06
NIFTY,2026-10-13,21000.0,PE,5.25,5.25,2.1,2.4,2.4,170377,232597914919.5,4214275,1843725,2026-10-06
NIFTY,2026-10-13,21450.0,PE,9.45,9.5,3.15,3.85,3.85,20602,28732126094.75,265655,-8645,2026-10-06
NIFTY,2026-10-13,21900.0,PE,23.3,27.55,8.7,9.45,9.45,130684,186150446391.0,2121340,1396005,2026-10-06
NIFTY,2026-10-13,22150.0,PE,50.05,55.5,18.05,19.6,19.6,49704,71657466143.25,644215,404820,2026-10-06
NIFTY,2026-10-13,23250.0,PE,662.15,663.05,500.1,510.35,510.35,3072,4747234206.0,148265,139165,2026-10-06
NIFTY,2026-10-13,23350.0,PE,703.0,703.0,595.5,613.0,613.0,79,123071926.25,11245,65,2026-10-06
NIFTY,2026-10-13,23700.0,PE,1116.35,1116.4,922.2,954.25,954.25,405,650101741.25,41860,10205,2026-10-06
NIFTY,2026-10-13,24150.0,PE,1393.65,1393.65,1382.2,1387.95,1387.95,15,24899501.25,1625,975,2026-10-06
NIFTY,2026-10-13,24350.0,PE,1622.1,1632.05,1622.1,1632.05,1548.25,2,3377019.75,650,130,2026-10-06
NIFTY,2026-10-13,24400.0,PE,1780.7,1780.7,1630.0,1649.5,1649.5,132,223843178.0,10400,7475,2026-10-06
NIFTY,2026-10-19,20450.0,PE,5.65,6.5,2.8,3.65,3.65,161,214055435.75,2925,2925,2026-10-06
NIFTY,2026-10-19,20500.0,PE,8.0,8.0,3.55,3.75,3.75,9683,12905391508.75,355810,297505,2026-10-06
NIFTY,2026-10-19,22100.0,PE,84.85,86.55,42.0,44.15,44.15,5584,8042155182.75,115440,39975,2026-10-06
NIFTY,2026-10-19,22150.0,PE,96.0,96.0,47.9,49.8,49.8,1153,1664868556.0,25480,5135,2026-10-06
NIFTY,2026-10-19,23200.0,PE,596.0,618.1,463.8,482.85,482.85,707,1089941199.75,61490,17550,2026-10-06
NIFTY,2026-10-19,23950.0,PE,0.0,0.0,0.0,887.9,1133.06,0,0.0,0,0,2026-10-06
NIFTY,2026-10-19,25000.0,PE,2330.0,2330.0,2304.75,2305.0,2175.0,4,7101103.75,1170,260,2026-10-06
NIFTY,2026-10-27,20050.0,PE,10.0,10.0,4.65,5.5,5.5,1353,1763889643.75,53300,32045,2026-10-06
NIFTY,2026-10-27,20500.0,PE,13.65,14.05,8.4,8.8,8.8,11809,15743961275.25,914875,-33540,2026-10-06
NIFTY,2026-10-27,20800.0,PE,21.1,21.1,11.7,12.2,12.2,7038,9521978872.25,284700,-74620,2026-10-06
NIFTY,2026-10-27,20850.0,PE,13.8,16.2,11.85,12.95,12.95,178,241403405.75,10335,-1300,2026-10-06
NIFTY,2026-10-27,20900.0,PE,19.9,20.4,12.55,13.35,13.35,1471,1999927904.0,90220,-9685,2026-10-06
NIFTY,2026-10-27,21300.0,PE,35.5,36.55,21.5,22.2,22.2,6039,8371821490.5,332410,-28340,2026-10-06
NIFTY,2026-10-27,22150.0,PE,133.0,136.7,83.25,86.7,86.7,2304,3332096959.75,96655,21320,2026-10-06
NIFTY,2026-10-27,22250.0,PE,156.05,159.5,99.15,104.1,104.1,5660,8230140529.0,306995,-31850,2026-10-06
NIFTY,2026-10-27,22450.0,PE,214.95,220.25,142.1,148.7,148.7,3404,5005919464.0,147160,27365,2026-10-06
NIFTY,2026-10-27,22850.0,PE,403.2,403.3,286.0,296.35,296.35,1801,2711607314.0,95095,6500,2026-10-06
NIFTY,2026-10-27,23100.0,PE,548.3,561.9,419.0,438.55,438.55,4326,6631875991.0,1549600,-80925,2026-10-06
NIFTY,2026-10-27,23300.0,PE,698.55,715.7,550.95,577.8,577.8,3893,6049952242.75,2391480,-45760,2026-10-06
NIFTY,2026-10-27,23400.0,PE,824.85,824.85,630.0,654.45,654.45,2911,4561860884.75,1334710,-67470,2026-10-06
NIFTY,2026-10-27,23900.0,PE,1215.45,1215.5,1071.3,1099.35,1099.35,117,190458037.25,218595,3120,2026-10-06
NIFTY,2026-10-27,23950.0,PE,1240.5,1240.5,1100.3,1108.4,1108.4,4,6531830.5,4550,130,2026-10-06
NIFTY,2026-10-27,24150.0,PE,1430.0,1430.0,1323.0,1350.0,1309.99,30,49745650.5,16510,1040,2026-10-06
NIFTY,2026-10-27,24350.0,PE,1650.0,1650.0,1643.05,1643.05,1503.36,2,3379548.25,14885,-130,2026-10-06
NIFTY,2026-10-27,24550.0,PE,0.0,0.0,0.0,2083.25,1699.48,0,0.0,6565,0,2026-10-06
NIFTY,2026-10-27,24600.0,PE,1898.95,1898.95,1760.0,1775.35,1775.35,115,197476025.5,188045,260,2026-10-06
NIFTY,2026-10-27,25350.0,PE,0.0,0.0,0.0,2416.7,2493.92,0,0.0,1495,0,2026-10-06
NIFTY,2026-10-27,26450.0,PE,0.0,0.0,0.0,3460.0,3590.34,0,0.0,195,0,2026-10-06
NIFTY,2026-10-27,27050.0,PE,0.0,0.0,0.0,2764.35,4188.44,0,0.0,0,0,2026-10-06
NIFTY,2026-11-03,21450.0,PE,0.0,0.0,0.0,21.85,13.27,0,0.0,0,0,2026-10-06
NIFTY,2026-11-03,21800.0,PE,99.1,99.1,65.4,67.0,67.0,178,253130354.75,6825,3900,2026-10-06
NIFTY,2026-11-03,23300.0,PE,718.25,748.65,590.25,593.45,593.45,34,52935408.5,2990,1040,2026-10-06
NIFTY,2026-11-03,23900.0,PE,0.0,0.0,0.0,731.5,1071.83,0,0.0,0,0,2026-10-06
NIFTY,2026-11-03,24700.0,PE,0.0,0.0,0.0,1321.8,1825.7,0,0.0,0,0,2026-10-06
NIFTY,2026-11-23,20550.0,PE,42.0,42.0,33.7,33.7,33.7,9,12043967.0,1560,-130,2026-10-06
NIFTY,2026-11-23,21050.0,PE,0.0,0.0,0.0,86.7,15.51,0,0.0,4550,0,2026-10-06
NIFTY,2026-11-23,21600.0,PE,120.0,121.0,90.9,92.4,92.4,1097,1547413816.0,59150,15535,2026-10-06
NIFTY,2026-11-23,22550.0,PE,343.1,348.95,268.05,271.5,271.5,97,144181024.0,9880,325,2026-10-06
NIFTY,2026-11-23,23100.0,PE,613.9,620.05,497.0,505.95,505.95,233,357839725.75,40040,585,2026-10-06
NIFTY,2026-11-23,24150.0,PE,1400.0,1400.0,1300.0,1300.0,1300.0,2,3315000.0,1300,0,2026-10-06
NIFTY,2026-11-23,24700.0,PE,0.0,0.0,0.0,1950.0,1776.77,0,0.0,3705,0,2026-10-06
NIFTY,2026-12-29,13000.0,PE,0.0,0.0,0.0,4.85,0.01,0,0.0,9305,0,2026-10-06
NIFTY,2026-12-29,16000.0,PE,10.5,11.5,10.25,10.9,0.01,82,85335175.25,151185,3380,2026-10-06
NIFTY,2026-12-29,20200.0,PE,0.0,0.0,0.0,32.5,9.21,0,0.0,195,0,2026-10-06
NIFTY,2026-12-29,20250.0,PE,0.0,0.0,0.0,36.15,10.25,0,0.0,0,0,2026-10-06
NIFTY,2026-12-29,20400.0,PE,0.0,0.0,0.0,45.15,14.02,0,0.0,0,0,2026-10-06
NIFTY,2026-12-29,21700.0,PE,202.0,202.0,155.95,158.55,158.55,354,503174863.75,38805,7605,2026-10-06
NIFTY,2026-12-29,22100.0,PE,273.4,274.4,223.05,224.7,224.7,154,223595121.75,23790,780,2026-10-06
NIFTY,2026-12-29,22300.0,PE,332.0,332.0,268.55,269.75,269.75,397,582855019.5,37245,4745,2026-10-06
NIFTY,2026-12-29,22350.0,PE,343.0,343.0,280.0,280.0,280.0,63,92786505.5,6695,715,2026-10-06
NIFTY,2027-03-30,22500.0,PE,504.6,507.25,421.05,437.15,437.15,2285,3410688775.0,832065,49855,2026-10-06
NIFTY,2027-06-29,25500.0,PE,0.0,0.0,0.0,667.15,2142.7,0,0.0,0,0,2026-10-06
NIFTY,2027-12-28,22500.0,PE,664.05,702.9,655.05,700.35,700.35,12,18086181.75,2795,325,2026-10-06
NIFTY,2027-12-28,25500.0,PE,0.0,0.0,0.0,676.05,1961.02,0,0.0,0,0,2026-10-06
NIFTY,2028-12-26,20000.0,PE,0.0,0.0,0.0,364.5,190.71,0,0.0,5610,0,2026-10-06
NIFTY,2028-12-26,21000.0,PE,0.0,0.0,0.0,520.0,321.06,0,0.0,11440,0,2026-10-06
NIFTY,2029-06-26,15000.0,PE,0.0,0.0,0.0,30.9,5.67,0,0.0,0,0,2026-10-06
NIFTY,2029-06-26,21000.0,PE,0.0,0.0,0.0,320.25,332.76,0,0.0,0,0,2026-10-06
NIFTY,2029-12-24,27000.0,PE,0.0,0.0,0.0,1177.9,2074.84,0,0.0,0,0,2026-10-06
NIFTY,2030-06-25,24000.0,PE,0.0,0.0,0.0,698.15,916.15,0,0.0,0,0,2026-10-06
NIFTY,2030-06-25,27000.0,PE,0.0,0.0,0.0,1286.05,1916.25,0,0.0,0,0,2026-10-06
NIFTY,2031-06-24,18000.0,PE,0.0,0.0,0.0,173.45,89.66,0,0.0,0,0,2026-10-06
NIFTY,2026-10-06,20150.0,PE,0.35,0.45,0.05,0.05,22776.1,2317,3034716974.25,44525,12480,2026-10-06
NIFTY,2031-06-24,33000.0,PE,0.0,0.0,0.0,3810.15,4308.51,0,0.0,0,0,2026-10-06
NIFTY,2030-12-31,33000.0,PE,0.0,0.0,0.0,2387.3,4668.04,0,0.0,0,0,2026-10-06
NIFTY,2030-12-31,27000.0,PE,0.0,0.0,0.0,779.5,1768.9,0,0.0,0,0,2026-10-06
NIFTY,2030-12-31,25500.0,PE,0.0,0.0,0.0,538.25,1267.55,0,0.0,0,0,2026-10-06
NIFTY,2029-06-26,31500.0,PE,0.0,0.0,0.0,2443.35,4998.99,0,0.0,0,0,2026-10-06
NIFTY,2029-06-26,28500.0,PE,0.0,0.0,0.0,1349.1,3061.24,0,0.0,0,0,2026-10-06
NIFTY,2028-12-26,22500.0,PE,0.0,0.0,0.0,218.8,622.43,0,0.0,0,0,2026-10-06
NIFTY,2028-06-27,31500.0,PE,0.0,0.0,0.0,2935.6,6067.36,0,0.0,0,0,2026-10-06
NIFTY,2028-06-27,19500.0,PE,0.0,0.0,0.0,40.05,118.9,0,0.0,0,0,2026-10-06
NIFTY,2027-12-28,27000.0,PE,2699.05,2706.0,2631.0,2646.0,2646.0,106,204551610.25,60075,3825,2026-10-06
NIFTY,2027-06-29,19500.0,PE,75.0,95.0,75.0,85.0,85.0,2,2546050.0,130,130,2026-10-06
NIFTY,2027-03-30,16500.0,PE,30.05,30.05,22.0,25.8,25.8,10,10741016.0,3640,195,2026-10-06
NIFTY,2026-12-29,28500.0,PE,0.0,0.0,0.0,3320.25,5365.63,0,0.0,130,0,2026-10-06
NIFTY,2026-12-29,25500.0,PE,2560.0,2562.0,2415.55,2440.0,2440.81,69,125442521.75,306410,455,2026-10-06
NIFTY,2026-12-29,24100.0,PE,1243.4,1243.4,1243.4,1243.4,1236.93,3,4941963.0,1950,195,2026-10-06
NIFTY,2026-12-29,22250.0,PE,283.8,283.8,258.8,263.0,254.1,39,57079382.75,9100,-130,2026-10-06
NIFTY,2026-12-29,21450.0,PE,142.0,142.0,128.5,131.8,88.6,64,89791884.0,3575,-2600,2026-10-06
NIFTY,2026-12-29,21200.0,PE,131.0,131.0,102.1,103.5,103.5,200,277023405.75,10790,4030,2026-10-06
NIFTY,2026-12-29,21000.0,PE,119.25,119.25,89.2,90.6,90.6,6978,9569324319.75,2196915,5660,2026-10-06
NIFTY,2026-12-29,20800.0,PE,90.95,90.95,70.95,70.95,70.95,15,20361757.0,975,910,2026-10-06
NIFTY,2026-11-23,25850.0,PE,0.0,0.0,0.0,2901.65,2890.1,0,0.0,65,0,2026-10-06
NIFTY,2026-11-23,25800.0,PE,0.0,0.0,0.0,2725.0,2840.78,0,0.0,585,0,2026-10-06
NIFTY,2026-11-23,25350.0,PE,0.0,0.0,0.0,1152.95,2399.24,0,0.0,0,0,2026-10-06
NIFTY,2026-11-23,24850.0,PE,0.0,0.0,0.0,860.35,1917.85,0,0.0,0,0,2026-10-06
NIFTY,2026-11-23,21650.0,PE,112.0,112.0,97.3,97.65,97.65,47,66450900.75,21710,1300,2026-10-06
NIFTY,2026-11-23,21200.0,PE,79.0,79.0,58.05,62.05,62.05,396,547430091.0,38935,-5265,2026-10-06
NIFTY,2026-11-03,24950.0,PE,0.0,0.0,0.0,1534.25,2071.51,0,0.0,0,0,2026-10-06
NIFTY,2026-11-03,23800.0,PE,0.0,0.0,0.0,669.7,984.6,0,0.0,0,0,2026-10-06
NIFTY,2026-11-03,23700.0,PE,0.0,0.0,0.0,610.85,899.84,0,0.0,0,0,2026-10-06
NIFTY,2026-11-03,21400.0,PE,54.95,54.95,37.55,39.2,39.2,191,266232687.5,8905,6500,2026-10-06
NIFTY,2026-11-03,21200.0,PE,0.0,0.0,0.0,12.5,5.76,0,0.0,0,0,2026-10-06
NIFTY,2026-11-03,20850.0,PE,0.0,0.0,0.0,5.3,1.52,0,0.0,0,0,2026-10-06
NIFTY,2026-10-27,26850.0,PE,0.0,0.0,0.0,2588.1,3989.07,0,0.0,0,0,2026-10-06
NIFTY,2026-10-27,26000.0,PE,3308.0,3326.25,3141.9,3168.65,3168.65,1761,3344456560.25,1831245,-1365,2026-10-06
NIFTY,2026-10-27,25200.0,PE,2400.0,2400.0,2333.75,2385.0,2344.51,6,10751770.25,34190,-65,2026-10-06
NIFTY,2026-10-27,23600.0,PE,951.0,955.2,800.8,826.65,826.65,1454,2309969645.75,708435,50180,2026-10-06
NIFTY,2026-10-27,23000.0,PE,506.55,506.55,361.0,377.2,377.2,27386,41659614025.25,4204655,31785,2026-10-06
NIFTY,2026-10-27,22400.0,PE,200.0,205.15,130.8,136.25,136.25,18963,27805024640.25,1288365,137735,2026-10-06
NIFTY,2026-10-27,21450.0,PE,44.0,44.0,26.0,27.5,27.5,814,1136704829.0,39195,-8060,2026-10-06
NIFTY,2026-10-27,21400.0,PE,40.05,42.3,24.6,25.25,25.25,7663,10674738155.25,430300,39390,2026-10-06
NIFTY,2026-10-27,20950.0,PE,21.0,21.85,14.25,14.6,14.6,540,735979864.75,27755,-4355,2026-10-06
NIFTY,2026-10-27,20250.0,PE,0.0,0.0,0.0,8.9,0.01,0,0.0,0,0,2026-10-06
NIFTY,2026-10-19,24050.0,PE,0.0,0.0,0.0,962.95,1230.7,0,0.0,0,0,2026-10-06
NIFTY,2026-10-19,24000.0,PE,1212.0,1250.0,1207.9,1225.8,1225.8,38,62321613.25,4030,1495,2026-10-06
NIFTY,2026-10-19,22600.0,PE,221.45,234.05,138.4,145.5,145.5,12713,18823159901.0,226135,81965,2026-10-06
NIFTY,2026-10-13,24900.0,PE,0.0,0.0,0.0,1237.05,2097.65,0,0.0,0,0,2026-10-06
NIFTY,2026-10-13,24600.0,PE,1890.0,1890.0,1821.65,1832.7,1832.7,47,80816394.75,14235,2275,2026-10-06
NIFTY,2026-10-13,23800.0,PE,1190.0,1190.0,1020.7,1050.9,1050.9,322,520773587.75,36530,12155,2026-10-06
NIFTY,2026-10-13,22800.0,PE,278.05,299.4,168.55,179.0,179.0,157707,235775106745.75,2106000,1247870,2026-10-06
NIFTY,2026-10-13,22700.0,PE,255.4,255.45,122.75,132.3,132.3,445926,662380951427.0,5121415,3657225,2026-10-06
NIFTY,2026-10-13,22400.0,PE,105.55,111.55,42.7,46.75,46.75,188577,275379171509.0,2591680,1003925,2026-10-06
NIFTY,2026-10-13,22100.0,PE,49.95,49.95,15.7,17.0,17.0,160032,230141413011.25,2417350,1075165,2026-10-06
NIFTY,2026-10-06,25300.0,PE,0.0,0.0,0.0,2700.0,22776.1,0,0.0,520,0,2026-10-06
NIFTY,2026-10-06,25150.0,PE,0.0,0.0,0.0,1102.0,22776.1,0,0.0,0,0,2026-10-06
NIFTY,2026-10-06,24500.0,PE,1947.35,1947.35,1725.0,1768.55,22776.1,3661,6259635271.5,107640,-121095,2026-10-06
NIFTY,2026-10-06,23950.0,PE,1360.0,1404.5,1174.55,1174.65,22776.1,728,1196069530.5,17290,-26390,2026-10-06
NIFTY,2026-10-06,23500.0,PE,920.05,924.0,721.95,754.25,22776.1,9037,14284285782.0,472745,-310570,2026-10-06
NIFTY,2026-10-06,23400.0,PE,822.0,823.25,622.05,665.2,22776.1,4364,6836041358.25,396305,-51415,2026-10-06
NIFTY,2026-10-06,23200.0,PE,602.0,627.65,422.35,445.3,22776.1,8832,13605424898.0,314535,-45435,2026-10-06
NIFTY,2026-10-06,22600.0,PE,79.0,83.9,0.05,0.8,22776.1,23617674,34724941456731.5,14395290,9323470,2026-10-06
NIFTY,2026-10-06,22100.0,PE,2.55,2.55,0.05,0.1,22776.1,2399749,3447419059802.25,5755100,-688285,2026-10-06
NIFTY,2026-10-06,20650.0,PE,0.3,0.4,0.05,0.05,22776.1,5484,7360987894.0,69030,-3445,2026-10-06
NIFTY,2026-10-06,20500.0,PE,0.25,0.35,0.05,0.05,22776.1,205195,273425171373.25,1704040,-2047630,2026-10-06
NIFTY,2031-06-24,27000.0,CE,0.0,0.0,0.0,5699.0,3591.93,0,0.0,0,0,2026-10-06
NIFTY,2031-06-24,24000.0,CE,0.0,0.0,0.0,7181.9,5077.17,0,0.0,0,0,2026-10-06
NIFTY,2031-06-24,15000.0,CE,0.0,0.0,0.0,12902.2,11219.09,0,0.0,0,0,2026-10-06
NIFTY,2030-12-31,25500.0,CE,0.0,0.0,0.0,7639.65,3845.95,0,0.0,0,0,2026-10-06
NIFTY,2030-12-31,24000.0,CE,0.0,0.0,0.0,8563.3,4629.72,0,0.0,0,0,2026-10-06
NIFTY,2030-12-31,18000.0,CE,0.0,0.0,0.0,12674.15,8605.51,0,0.0,0,0,2026-10-06
NIFTY,2029-12-24,33000.0,CE,0.0,0.0,0.0,3816.05,699.4,0,0.0,0,0,2026-10-06
NIFTY,2029-12-24,18000.0,CE,0.0,0.0,0.0,11362.4,7771.41,0,0.0,0,0,2026-10-06
NIFTY,2029-06-26,31500.0,CE,0.0,0.0,0.0,2878.65,656.84,0,0.0,0,0,2026-10-06
NIFTY,2028-06-27,31500.0,CE,0.0,0.0,0.0,1784.8,196.25,0,0.0,0,0,2026-10-06
NIFTY,2028-06-27,25500.0,CE,1225.0,1225.0,1225.0,1225.0,1399.05,3,5211375.0,0,-195,2026-10-06
NIFTY,2028-06-27,21000.0,CE,0.0,0.0,0.0,5226.55,3975.04,0,0.0,0,0,2026-10-06
NIFTY,2027-09-28,28500.0,CE,0.0,0.0,0.0,291.55,148.93,0,0.0,0,0,2026-10-06
NIFTY,2027-09-28,18000.0,CE,0.0,0.0,0.0,5788.3,5731.4,0,0.0,0,0,2026-10-06
NIFTY,2026-12-29,33000.0,CE,3.2,3.45,2.8,3.45,3.45,33,70791685.25,104455,585,2026-10-06
NIFTY,2026-12-29,25000.0,CE,55.15,55.15,51.3,52.35,52.35,10159,16543541946.75,4317045,-41990,2026-10-06
NIFTY,2026-12-29,24050.0,CE,151.45,164.5,151.0,158.15,158.15,189,297387031.5,112580,910,2026-10-06
NIFTY,2026-12-29,24000.0,CE,165.0,181.2,155.2,170.4,170.4,11247,17669332128.5,3068425,22260,2026-10-06
NIFTY,2026-12-29,23300.0,CE,352.9,409.35,352.8,391.6,391.6,279,429467067.25,26195,3380,2026-10-06
NIFTY,2026-12-29,23250.0,CE,374.15,433.6,374.1,413.0,413.0,49,75334467.0,9815,715,2026-10-06
NIFTY,2026-12-29,23150.0,CE,416.6,464.95,416.25,464.95,464.95,11,16871003.5,5200,-65,2026-10-06
NIFTY,2026-12-29,23000.0,CE,489.95,559.95,479.05,534.4,534.4,7392,11303384706.25,1591145,-22945,2026-10-06
NIFTY,2026-12-29,22800.0,CE,589.95,675.85,589.9,652.75,652.75,521,794010883.25,32175,9425,2026-10-06
NIFTY,2026-12-29,22600.0,CE,703.95,804.0,700.0,766.85,766.85,227,344534274.5,19435,3640,2026-10-06
NIFTY,2026-12-29,22250.0,CE,0.0,0.0,0.0,955.0,1060.06,0,0.0,1430,0,2026-10-06
NIFTY,2026-12-29,21850.0,CE,1276.55,1330.05,1276.55,1323.5,1356.13,18,27092188.5,2145,1170,2026-10-06
NIFTY,2026-12-29,21550.0,CE,0.0,0.0,0.0,1488.15,1599.77,0,0.0,2730,0,2026-10-06
NIFTY,2026-12-29,21500.0,CE,1510.4,1616.8,1504.1,1616.8,1616.8,44,65989264.25,18980,130,2026-10-06
NIFTY,2026-11-23,25950.0,CE,7.5,7.5,7.5,7.5,1.95,1,1687237.5,1560,-65,2026-10-06
NIFTY,2026-11-23,25850.0,CE,0.0,0.0,0.0,10.0,2.49,0,0.0,845,0,2026-10-06
NIFTY,2026-11-23,25800.0,CE,0.0,0.0,0.0,10.0,2.82,0,0.0,1690,0,2026-10-06
NIFTY,2026-11-23,24650.0,CE,0.0,0.0,0.0,30.0,33.97,0,0.0,4030,0,2026-10-06
NIFTY,2026-11-23,24050.0,CE,68.65,73.95,65.8,70.5,70.5,80,125420594.0,28730,-1820,2026-10-06
NIFTY,2026-11-23,23700.0,CE,110.5,131.7,107.15,122.15,122.15,1232,1907577711.0,179855,-6435,2026-10-06
NIFTY,2026-11-23,22900.0,CE,352.95,433.3,352.95,408.55,408.55,1112,1684371468.0,70720,-520,2026-10-06
NIFTY,2026-11-23,22700.0,CE,460.0,549.0,452.35,520.1,520.1,1318,1988567402.25,91585,11375,2026-10-06
NIFTY,2026-11-23,21900.0,CE,1061.75,1122.45,1061.75,1100.0,1129.38,3,4483973.0,325,130,2026-10-06
NIFTY,2026-11-23,21650.0,CE,0.0,0.0,0.0,3045.65,1341.53,0,0.0,0,0,2026-10-06
NIFTY,2026-11-23,21450.0,CE,0.0,0.0,0.0,3232.9,1519.94,0,0.0,0,0,2026-10-06
NIFTY,2026-11-23,21050.0,CE,0.0,0.0,0.0,3613.45,1893.31,0,0.0,0,0,2026-10-06
NIFTY,2026-11-23,20950.0,CE,0.0,0.0,0.0,3709.55,1989.11,0,0.0,0,0,2026-10-06
NIFTY,2026-11-03,23750.0,CE,0.0,0.0,0.0,380.65,67.98,0,0.0,0,0,2026-10-06
NIFTY,2026-11-03,22700.0,CE,335.0,410.0,330.3,388.75,388.75,446,669330795.25,17615,6045,2026-10-06
NIFTY,2026-11-03,22200.0,CE,660.0,768.55,648.5,750.35,750.35,11,16374211.75,1495,-325,2026-10-06
NIFTY,2026-11-03,20450.0,CE,0.0,0.0,0.0,3020.05,2412.46,0,0.0,0,0,2026-10-06
NIFTY,2026-11-03,20350.0,CE,0.0,0.0,0.0,3118.95,2511.94,0,0.0,0,0,2026-10-06
NIFTY,2026-10-27,25900.0,CE,1.9,1.95,1.15,1.35,1.35,123,207084172.75,20020,715,2026-10-06
NIFTY,2026-10-27,25250.0,CE,0.0,0.0,0.0,3.85,0.18,0,0.0,4095,0,2026-10-06
NIFTY,2026-10-27,25000.0,CE,7.0,7.0,3.5,3.6,3.6,10217,16605357730.0,2977130,-81445,2026-10-06
NIFTY,2026-10-27,21750.0,CE,0.0,0.0,0.0,904.1,1113.46,0,0.0,130,0,2026-10-06
NIFTY,2026-10-27,21500.0,CE,1181.95,1350.0,1181.95,1314.55,1314.55,2604,3860300057.25,446095,-43875,2026-10-06
NIFTY,2026-10-19,24800.0,CE,2.15,2.25,1.35,1.7,1.7,253,407866579.25,25285,2145,2026-10-06
NIFTY,2026-10-19,24450.0,CE,1.9,2.0,1.7,2.0,2.0,6,9536247.5,1170,-195,2026-10-06
NIFTY,2026-10-19,23950.0,CE,5.8,6.05,3.8,5.2,5.2,389,605705542.0,15990,15925,2026-10-06
NIFTY,2026-10-19,23750.0,CE,11.6,11.6,6.95,8.1,8.1,673,1039324146.25,19955,15600,2026-10-06
NIFTY,2026-10-19,23650.0,CE,12.5,13.95,10.35,11.5,11.5,802,1233491818.0,39845,24830,2026-10-06
NIFTY,2026-10-19,22200.0,CE,535.8,649.15,526.3,623.0,623.0,111,164450221.0,10075,1040,2026-10-06
NIFTY,2026-10-13,24200.0,CE,1.05,1.15,0.75,0.85,0.85,47612,74896323879.0,1928745,7995,2026-10-06
NIFTY,2026-10-13,23400.0,CE,8.05,9.3,5.85,6.85,6.85,140760,214164280174.0,2457845,1218750,2026-10-06
NIFTY,2026-10-13,22400.0,CE,310.15,429.5,297.45,391.9,391.9,23617,34942163701.25,567255,-127725,2026-10-06
NIFTY,2026-10-13,22150.0,CE,510.05,633.35,495.15,612.25,612.25,191,282247849.0,13390,-3575,2026-10-06
NIFTY,2026-10-13,21750.0,CE,0.0,0.0,0.0,859.45,1049.7,0,0.0,65,0,2026-10-06
NIFTY,2026-10-13,21200.0,CE,0.0,0.0,0.0,2556.95,1598.45,0,0.0,0,0,2026-10-06
NIFTY,2026-10-13,20750.0,CE,0.0,0.0,0.0,3001.55,2047.98,0,0.0,0,0,2026-10-06
NIFTY,2026-10-06,22550.0,CE,86.6,230.0,78.3,192.1,22776.1,3632796,5354310170105.0,1245465,-5229705,2026-10-06
NIFTY,2026-10-06,22350.0,CE,220.7,427.75,220.7,399.95,22776.1,62871,92602833102.0,460525,-133250,2026-10-06
NIFTY,2026-10-06,21650.0,CE,0.0,0.0,0.0,898.9,22776.1,0,0.0,14300,0,2026-10-06
NIFTY,2026-10-06,20900.0,CE,0.0,0.0,0.0,3277.05,22776.1,0,0.0,0,0,2026-10-06
NIFTY,2026-10-06,20550.0,CE,0.0,0.0,0.0,3624.65,22776.1,0,0.0,0,0,2026-10-06
NIFTY,2026-10-06,20100.0,CE,0.0,0.0,0.0,4071.9,22776.1,0,0.0,0,0,2026-10-06
NIFTY,2028-12-26,26000.0,PE,0.0,0.0,0.0,1814.0,1923.1,0,0.0,6940,0,2026-10-06
NIFTY,2027-09-28,21000.0,CE,0.0,0.0,0.0,3277.85,3096.57,0,0.0,0,0,2026-10-06
NIFTY,2027-06-29,33000.0,CE,0.0,0.0,0.0,1122.75,1.55,0,0.0,0,0,2026-10-06
NIFTY,2027-06-29,19500.0,CE,0.0,0.0,0.0,8143.4,4082.65,0,0.0,0,0,2026-10-06
NIFTY,2026-12-29,24350.0,CE,103.15,115.25,103.15,109.55,109.55,46,73136326.25,4810,910,2026-10-06
NIFTY,2026-12-29,23950.0,CE,165.95,190.0,165.95,180.35,180.35,100,156843362.0,15405,2015,2026-10-06
NIFTY,2026-12-29,23400.0,CE,315.0,361.55,315.0,351.5,351.5,182,280888068.5,21970,-780,2026-10-06
NIFTY,2026-12-29,22950.0,CE,509.45,574.5,506.3,561.15,561.15,39,59563377.25,4160,-1105,2026-10-06
NIFTY,2026-12-29,22400.0,CE,832.1,936.0,830.8,910.0,910.0,46,69627259.0,13780,-1690,2026-10-06
NIFTY,2026-12-29,21700.0,CE,1345.6,1447.4,1345.6,1447.4,1447.4,12,18025400.25,3315,650,2026-10-06
NIFTY,2026-12-29,20200.0,CE,0.0,0.0,0.0,2845.65,2839.38,0,0.0,0,0,2026-10-06
NIFTY,2026-11-23,24500.0,CE,34.65,38.55,32.3,35.5,35.5,6364,10149459879.0,884260,50115,2026-10-06
NIFTY,2026-11-23,23400.0,CE,173.3,211.85,172.6,196.75,196.75,1184,1815831969.25,226070,12415,2026-10-06
NIFTY,2026-11-23,23300.0,CE,199.55,247.75,199.55,230.1,230.1,1048,1602629333.5,176215,17680,2026-10-06
NIFTY,2026-11-23,23200.0,CE,233.0,287.1,232.8,269.7,269.7,1274,1943105066.5,282230,4940,2026-10-06
NIFTY,2026-11-23,20350.0,CE,0.0,0.0,0.0,4291.7,2574.9,0,0.0,0,0,2026-10-06
NIFTY,2026-11-03,25100.0,CE,9.75,9.75,6.25,8.55,8.55,94,153411209.25,23530,-130,2026-10-06
NIFTY,2026-11-03,24800.0,CE,9.4,12.7,7.65,8.4,4.27,23,37088925.25,975,-520,2026-10-06
NIFTY,2026-11-03,24750.0,CE,12.2,12.2,12.2,12.2,4.98,19,30581317.0,2990,1235,2026-10-06
NIFTY,2026-11-03,24500.0,CE,14.9,14.9,11.9,13.65,13.65,195,310706080.75,13065,7540,2026-10-06
NIFTY,2026-11-03,24450.0,CE,17.95,17.95,14.35,14.35,11.96,5,7951381.75,780,0,2026-10-06
NIFTY,2026-11-03,24000.0,CE,30.05,31.0,25.0,28.65,28.65,1761,2750484974.25,126230,7475,2026-10-06
NIFTY,2026-11-03,23500.0,CE,72.1,90.55,70.2,83.6,83.6,854,1309025315.0,49465,3835,2026-10-06
NIFTY,2026-11-03,22350.0,CE,0.0,0.0,0.0,529.85,653.6,0,0.0,520,0,2026-10-06
NIFTY,2026-11-03,22050.0,CE,0.0,0.0,0.0,1499.4,888.05,0,0.0,0,0,2026-10-06
NIFTY,2026-11-03,22000.0,CE,810.0,920.0,810.0,896.0,930.04,14,20824352.25,650,-65,2026-10-06
NIFTY,2026-11-03,21950.0,CE,0.0,0.0,0.0,1587.3,972.74,0,0.0,0,0,2026-10-06
NIFTY,2026-11-03,21500.0,CE,0.0,0.0,0.0,1999.75,1382.13,0,0.0,0,0,2026-10-06
NIFTY,2026-11-03,21300.0,CE,0.0,0.0,0.0,2189.8,1573.91,0,0.0,0,0,2026-10-06
NIFTY,2026-11-03,21250.0,CE,0.0,0.0,0.0,2237.75,1622.42,0,0.0,0,0,2026-10-06
NIFTY,2026-11-03,21100.0,CE,0.0,0.0,0.0,2382.6,1768.95,0,0.0,0,0,2026-10-06
NIFTY,2026-11-03,20900.0,CE,0.0,0.0,0.0,2577.35,1965.96,0,0.0,0,0,2026-10-06
NIFTY,2026-10-27,26850.0,CE,0.0,0.0,0.0,0.55,0.01,0,0.0,7020,0,2026-10-06
NIFTY,2026-10-27,24950.0,CE,5.3,5.3,3.3,3.4,3.4,121,196261721.5,62075,-130,2026-10-06
NIFTY,2026-10-27,24850.0,CE,5.55,5.65,3.75,4.05,4.05,43,69469088.0,35880,-1040,2026-10-06
NIFTY,2026-10-27,24450.0,CE,7.95,7.95,6.35,6.55,6.55,1437,2284445631.0,61295,-650,2026-10-06
NIFTY,2026-10-27,23800.0,CE,21.85,23.7,19.5,21.05,21.05,14578,22572096293.5,1963000,150995,2026-10-06
NIFTY,2026-10-27,23550.0,CE,35.95,46.85,35.45,41.75,41.75,1776,2723351325.5,116675,6435,2026-10-06
NIFTY,2026-10-27,23350.0,CE,59.5,82.3,58.25,72.6,72.6,2598,3955150322.5,149175,-15795,2026-10-06
NIFTY,2026-10-27,22900.0,CE,184.85,245.25,178.0,221.8,221.8,16570,24896576259.75,1161160,-86450,2026-10-06
NIFTY,2026-10-27,22200.0,CE,597.0,727.0,588.55,685.3,685.3,1818,2702788188.75,250965,29640,2026-10-06
NIFTY,2026-10-27,21150.0,CE,0.0,0.0,0.0,1433.7,1694.68,0,0.0,65,0,2026-10-06
NIFTY,2026-10-27,20600.0,CE,0.0,0.0,0.0,3710.55,2241.29,0,0.0,0,0,2026-10-06
NIFTY,2026-10-27,20550.0,CE,0.0,0.0,0.0,3758.6,2291.1,0,0.0,0,0,2026-10-06
NIFTY,2026-10-27,20400.0,CE,0.0,0.0,0.0,3903.2,2440.58,0,0.0,0,0,2026-10-06
NIFTY,2026-10-19,24600.0,CE,3.2,3.2,1.55,1.85,1.85,197,315030212.25,11830,-2600,2026-10-06
NIFTY,2026-10-19,24100.0,CE,5.9,5.9,2.85,3.2,3.2,2405,3768001604.25,74035,17225,2026-10-06
NIFTY,2026-10-19,23050.0,CE,77.85,112.0,74.05,96.5,96.5,1527,2297333112.75,39455,13260,2026-10-06
NIFTY,2026-10-19,22000.0,CE,683.3,826.05,683.3,802.5,802.5,144,213251636.0,11895,3315,2026-10-06
NIFTY,2026-10-19,21950.0,CE,0.0,0.0,0.0,656.0,883.61,0,0.0,260,0,2026-10-06
NIFTY,2026-10-19,21450.0,CE,0.0,0.0,0.0,1807.8,1369.29,0,0.0,0,0,2026-10-06
NIFTY,2026-10-19,20900.0,CE,0.0,0.0,0.0,2338.15,1917.03,0,0.0,0,0,2026-10-06
NIFTY,2026-10-19,20450.0,CE,0.0,0.0,0.0,2781.7,2366.12,0,0.0,0,0,2026-10-06
NIFTY,2026-10-13,25350.0,CE,0.7,2.6,0.55,0.65,0.65,546,899696365.75,17615,13130,2026-10-06
NIFTY,2026-10-13,25150.0,CE,0.75,0.75,0.6,0.75,0.75,157,256663140.5,16835,-4290,2026-10-06
NIFTY,2026-10-13,24850.0,CE,0.8,0.85,0.7,0.85,0.85,151,243910439.5,11050,3380,2026-10-06
NIFTY,2026-10-13,24650.0,CE,0.8,0.95,0.7,0.8,0.8,183,293221158.75,35295,1560,2026-10-06
NIFTY,2026-10-13,23500.0,CE,6.0,7.1,3.8,4.5,4.5,217482,332272786966.25,5517590,2878200,2026-10-06
NIFTY,2026-10-13,23200.0,CE,21.95,26.6,16.2,19.3,19.3,235442,355354997188.75,4030520,1878630,2026-10-06
NIFTY,2026-10-13,22450.0,CE,275.1,387.7,262.95,352.1,352.1,9517,14086835165.0,84305,-63895,2026-10-06
NIFTY,2026-10-13,21900.0,CE,763.5,871.8,762.9,849.3,849.3,58,85655358.75,17225,390,2026-10-06
NIFTY,2026-10-13,21250.0,CE,0.0,0.0,0.0,2507.8,1548.51,0,0.0,0,0,2026-10-06
NIFTY,2026-10-13,20300.0,CE,0.0,0.0,0.0,3448.3,2497.5,0,0.0,0,0,2026-10-06
NIFTY,2026-10-06,25700.0,CE,0.25,0.3,0.05,0.05,22776.1,4334,7239998574.25,143325,21840,2026-10-06
NIFTY,2026-10-06,25600.0,CE,0.25,0.4,0.05,0.1,22776.1,7885,13120727291.75,131755,5200,2026-10-06
NIFTY,2026-10-06,25350.0,CE,0.3,0.4,0.05,0.1,22776.1,1527,2516127048.5,62530,29705,2026-10-06
NIFTY,2026-10-06,23700.0,CE,0.4,0.55,0.05,0.05,22776.1,195076,300518675099.5,1670565,-894465,2026-10-06
NIFTY,2026-10-06,22300.0,CE,292.05,478.4,279.4,448.65,22776.1,71859,105825736103.75,595205,-382980,2026-10-06
NIFTY,2026-10-06,22000.0,CE,605.0,779.05,575.0,752.3,22776.1,9908,14600296876.75,284830,-123175,2026-10-06
NIFTY,2026-10-06,21950.0,CE,627.35,827.75,624.0,782.0,22776.1,317,467619061.0,36335,4550,2026-10-06
NIFTY,2026-10-06,21850.0,CE,806.8,928.0,782.9,870.75,22776.1,139,205140295.75,26260,1430,2026-10-06
NIFTY,2026-10-06,22950.0,PE,332.0,380.1,173.35,204.0,22776.1,109501,165091709441.75,267865,-94055,2026-10-06
NIFTY,2026-10-06,23000.0,PE,412.95,429.0,222.0,250.0,22776.1,157682,238836720349.5,760305,-286065,2026-10-06
NIFTY,2026-10-06,23100.0,PE,514.45,529.85,322.7,354.95,22776.1,15378,23494045909.75,324740,-129155,2026-10-06
NIFTY,2026-10-06,23600.0,PE,1049.1,1049.1,823.05,860.8,22776.1,1471,2344274169.25,89375,-21255,2026-10-06
NIFTY,2026-10-06,25700.0,PE,2990.0,2990.0,2965.0,2973.2,22776.1,11,20501325.0,260,-455,2026-10-06
NIFTY,2026-10-06,25750.0,PE,3150.0,3150.0,3150.0,3150.0,22776.1,2,3757000.0,130,0,2026-10-06
NIFTY,2026-10-13,20350.0,PE,3.6,3.6,1.5,1.7,1.7,934,1235587262.0,6305,-7085,2026-10-06
NIFTY,2026-10-13,20450.0,PE,4.6,4.6,1.5,1.75,1.75,1243,1652448638.75,18330,6045,2026-10-06
NIFTY,2026-10-13,21200.0,PE,6.3,6.7,2.4,2.75,2.75,70851,97650127009.5,1025830,-117715,2026-10-06
NIFTY,2026-10-13,21600.0,PE,13.0,13.55,4.25,4.95,4.95,122343,171830292588.5,1158625,187785,2026-10-06
NIFTY,2026-10-13,22000.0,PE,35.05,39.95,11.75,12.4,12.4,265643,380205181333.25,5096585,1861340,2026-10-06
NIFTY,2026-10-13,22350.0,PE,93.8,97.05,35.75,39.0,39.0,58456,85134926425.25,683995,327665,2026-10-06
NIFTY,2026-10-13,22550.0,PE,184.25,184.3,72.85,79.8,79.8,91248,134383603246.75,935090,617305,2026-10-06
NIFTY,2026-10-13,22950.0,PE,392.15,401.0,258.05,268.1,268.1,9483,14325840486.75,234975,195000,2026-10-06
NIFTY,2026-10-13,23150.0,PE,537.75,537.75,409.55,425.95,425.95,431,661041979.0,19825,5655,2026-10-06
NIFTY,2026-10-13,23550.0,PE,900.0,900.0,775.55,809.15,809.15,608,963264510.0,43875,23985,2026-10-06
NIFTY,2026-10-13,24100.0,PE,1509.05,1511.6,1335.35,1348.0,1348.0,281,465350658.5,63830,13975,2026-10-06
NIFTY,2026-10-13,24300.0,PE,1700.05,1700.05,1524.95,1540.7,1540.7,206,346508704.75,46085,8450,2026-10-06
NIFTY,2026-10-19,20050.0,PE,4.25,4.25,2.7,3.05,3.05,801,1044087024.5,44655,41210,2026-10-06
NIFTY,2026-10-19,20350.0,PE,3.0,3.2,2.8,2.8,2.8,19,25135851.0,650,650,2026-10-06
NIFTY,2026-10-19,20850.0,PE,12.05,12.05,4.3,4.6,4.6,152,206072226.75,5135,780,2026-10-06
NIFTY,2026-10-19,21150.0,PE,14.7,14.8,6.45,7.2,7.2,277,380989969.75,7670,1430,2026-10-06
NIFTY,2026-10-19,21900.0,PE,60.45,60.45,25.25,28.45,28.45,5015,7150827297.25,90480,-4095,2026-10-06
NIFTY,2026-10-19,22850.0,PE,357.55,361.85,241.45,253.3,253.3,444,667291170.0,17420,3835,2026-10-06
NIFTY,2026-10-19,23100.0,PE,538.0,538.25,393.85,409.9,409.9,618,945485459.75,65650,13845,2026-10-06
NIFTY,2026-10-19,23350.0,PE,878.3,878.3,603.65,622.4,584.65,11,17167075.25,1560,-585,2026-10-06
NIFTY,2026-10-19,23650.0,PE,0.0,0.0,0.0,958.1,847.82,0,0.0,1040,0,2026-10-06
NIFTY,2026-10-19,24550.0,PE,0.0,0.0,0.0,1372.75,1726.16,0,0.0,0,0,2026-10-06
NIFTY,2026-10-19,24600.0,PE,0.0,0.0,0.0,1500.0,1775.99,0,0.0,325,0,2026-10-06
NIFTY,2026-10-27,20100.0,PE,10.9,10.9,5.45,5.8,5.8,1235,1614111443.75,49530,29575,2026-10-06
NIFTY,2026-10-27,20200.0,PE,8.4,8.45,5.7,6.45,6.45,132,173385615.0,3380,3380,2026-10-06
NIFTY,2026-10-27,20650.0,PE,12.6,13.25,8.7,9.6,9.6,401,538515555.5,12740,4290,2026-10-06
NIFTY,2026-10-27,21650.0,PE,59.4,59.75,35.35,36.55,36.55,1213,1710478415.75,106860,-3380,2026-10-06
NIFTY,2026-10-27,21750.0,PE,68.0,69.3,41.65,43.15,43.15,1067,1511902661.75,59085,4550,2026-10-06
NIFTY,2026-10-27,22050.0,PE,121.5,121.5,69.75,72.3,72.3,1723,2479122343.75,76115,910,2026-10-06
NIFTY,2026-10-27,22650.0,PE,295.0,301.15,202.95,211.05,211.05,7003,10418495603.75,248170,18525,2026-10-06
NIFTY,2026-10-27,23050.0,PE,519.3,535.15,390.0,404.1,404.1,217,331101943.25,56810,1755,2026-10-06
NIFTY,2026-10-27,23150.0,PE,597.7,602.0,457.35,470.0,470.0,176,270646073.75,34385,650,2026-10-06
NIFTY,2026-10-27,23450.0,PE,709.0,712.9,694.45,704.1,704.1,39,61230997.75,44460,-1430,2026-10-06
NIFTY,2026-10-27,23500.0,PE,886.8,887.65,711.75,740.3,740.3,7494,11823325163.0,5405855,-3055,2026-10-06
NIFTY,2026-10-27,24400.0,PE,1725.0,1725.0,1562.0,1593.3,1593.3,52,87950590.0,152620,1625,2026-10-06
NIFTY,2026-10-27,24450.0,PE,1676.0,1676.0,1650.0,1650.0,1601.16,2,3394690.0,8320,65,2026-10-06
NIFTY,2026-10-27,24900.0,PE,2109.0,2109.0,2065.0,2065.0,2046.04,24,42114198.75,142155,130,2026-10-06
NIFTY,2026-10-27,25300.0,PE,0.0,0.0,0.0,2600.0,2444.11,0,0.0,10465,0,2026-10-06
NIFTY,2026-10-27,26550.0,PE,0.0,0.0,0.0,2330.1,3690.02,0,0.0,0,0,2026-10-06
NIFTY,2026-10-27,27000.0,PE,4313.0,4317.9,4146.3,4170.45,4170.45,555,1125531397.25,941005,-1365,2026-10-06
NIFTY,2026-11-03,20100.0,PE,0.0,0.0,0.0,0.6,0.04,0,0.0,0,0,2026-10-06
NIFTY,2026-11-03,20900.0,PE,0.0,0.0,0.0,41.55,1.86,0,0.0,1430,0,2026-10-06
NIFTY,2026-11-03,20950.0,PE,40.0,40.0,21.5,27.5,2.27,6,8181390.75,1235,65,2026-10-06
NIFTY,2026-11-03,21100.0,PE,34.95,35.2,27.0,27.75,27.75,38,52191701.25,1430,845,2026-10-06
NIFTY,2026-11-03,21250.0,PE,0.0,0.0,0.0,14.0,6.85,0,0.0,0,0,2026-10-06
NIFTY,2026-11-03,21650.0,PE,0.0,0.0,0.0,153.55,24.26,0,0.0,520,0,2026-10-06
NIFTY,2026-11-03,22450.0,PE,230.4,231.5,174.85,178.15,178.15,52,76557945.75,5915,1300,2026-10-06
NIFTY,2026-11-03,22500.0,PE,265.35,265.35,187.35,192.25,192.25,530,782400138.0,19435,4225,2026-10-06
NIFTY,2026-11-03,22550.0,PE,278.65,278.65,203.0,208.0,208.0,55,81469976.25,5915,910,2026-10-06
NIFTY,2026-11-03,22650.0,PE,314.2,314.2,237.8,241.85,241.85,89,132588280.5,6955,1300,2026-10-06
NIFTY,2026-11-03,22900.0,PE,410.0,413.8,340.8,348.55,348.55,80,121061141.5,7865,4290,2026-10-06
NIFTY,2026-11-03,24550.0,PE,0.0,0.0,0.0,1199.8,1679.54,0,0.0,0,0,2026-10-06
NIFTY,2026-11-03,25050.0,PE,0.0,0.0,0.0,1622.0,2170.35,0,0.0,0,0,2026-10-06
NIFTY,2026-11-23,20100.0,PE,0.0,0.0,0.0,3.0,0.94,0,0.0,0,0,2026-10-06
NIFTY,2026-11-23,20700.0,PE,50.05,50.05,38.6,40.3,40.3,728,981494891.0,24895,-15730,2026-10-06
NIFTY,2026-11-23,20750.0,PE,0.0,0.0,0.0,70.0,7.04,0,0.0,390,0,2026-10-06
NIFTY,2026-11-23,21000.0,PE,67.3,69.5,50.2,51.2,51.2,5464,7478700541.0,768820,3705,2026-10-06
NIFTY,2026-11-23,21300.0,PE,90.0,90.0,65.35,67.3,67.3,755,1049053716.75,55835,-4160,2026-10-06
NIFTY,2026-11-23,22800.0,PE,455.95,457.0,358.0,366.1,366.1,2010,3028747631.0,305045,33670,2026-10-06
NIFTY,2026-11-23,23200.0,PE,674.05,674.05,554.0,560.5,560.5,465,718527527.25,167700,2795,2026-10-06
NIFTY,2026-11-23,23250.0,PE,610.7,615.2,581.25,600.2,610.52,25,38758447.0,14755,975,2026-10-06
NIFTY,2026-11-23,23450.0,PE,772.6,772.6,719.0,721.65,721.65,14,22007485.5,5980,520,2026-10-06
NIFTY,2026-11-23,23500.0,PE,882.05,890.9,744.0,756.45,756.45,909,1434898682.75,506545,-8580,2026-10-06
NIFTY,2026-11-23,23900.0,PE,1154.7,1154.7,1065.5,1068.7,1068.7,10,16253682.25,12415,65,2026-10-06
NIFTY,2026-11-23,24550.0,PE,0.0,0.0,0.0,1567.5,1637.93,0,0.0,195,0,2026-10-06
NIFTY,2026-11-23,25100.0,PE,0.0,0.0,0.0,2203.1,2156.82,0,0.0,325,0,2026-10-06
NIFTY,2026-12-29,20300.0,PE,0.0,0.0,0.0,38.95,11.4,0,0.0,0,0,2026-10-06
NIFTY,2026-12-29,21600.0,PE,175.0,177.65,142.45,144.15,144.15,249,352011198.5,28535,4940,2026-10-06
NIFTY,2026-12-29,21750.0,PE,203.3,203.3,164.95,165.0,165.0,74,105478044.75,12805,2340,2026-10-06
NIFTY,2026-12-29,22450.0,PE,370.15,370.15,307.35,311.4,311.4,38,56268972.5,3770,65,2026-10-06
NIFTY,2026-12-29,24050.0,PE,1270.85,1270.85,1152.35,1152.35,1152.35,8,13158993.25,1885,455,2026-10-06
NIFTY,2026-12-29,27000.0,PE,3972.85,4010.0,3842.75,3856.8,3856.8,570,1144333563.75,1555145,23595,2026-10-06
NIFTY,2027-06-29,33000.0,PE,0.0,0.0,0.0,4691.7,8928.9,0,0.0,0,0,2026-10-06
NIFTY,2027-09-28,16500.0,PE,0.0,0.0,0.0,8.4,1.52,0,0.0,0,0,2026-10-06
NIFTY,2027-12-28,16500.0,PE,0.0,0.0,0.0,52.05,3.43,0,0.0,130,0,2026-10-06
NIFTY,2027-12-28,19000.0,PE,156.05,177.0,156.05,160.0,55.23,97,120823124.5,36695,-325,2026-10-06
NIFTY,2027-12-28,22000.0,PE,609.0,620.0,566.0,577.25,577.25,199,292180154.5,117375,3750,2026-10-06
NIFTY,2027-12-28,24000.0,PE,1178.35,1190.15,1102.0,1109.4,1109.4,230,375714569.75,260875,2730,2026-10-06
NIFTY,2028-06-27,18000.0,PE,0.0,0.0,0.0,396.75,37.83,0,0.0,0,0,2026-10-06
NIFTY,2028-12-26,18000.0,PE,0.0,0.0,0.0,250.0,52.89,0,0.0,75,0,2026-10-06
NIFTY,2029-12-24,23000.0,PE,0.0,0.0,0.0,725.05,707.98,0,0.0,1625,0,2026-10-06
NIFTY,2029-12-24,26000.0,PE,0.0,0.0,0.0,1850.0,1652.18,0,0.0,4965,0,2026-10-06
NIFTY,2030-12-31,16500.0,PE,0.0,0.0,0.0,13.65,36.52,0,0.0,0,0,2026-10-06
NIFTY,2031-06-24,28500.0,PE,0.0,0.0,0.0,2104.2,2190.97,0,0.0,0,0,2026-10-06
NIFTY,2031-06-24,30000.0,PE,0.0,0.0,0.0,2616.25,2820.89,0,0.0,0,0,2026-10-06
NIFTY,2026-10-19,20150.0,PE,2.6,2.85,2.6,2.85,0.01,13,17029028.25,845,845,2026-10-06
NIFTY,2026-11-23,22650.0,CE,490.2,566.0,490.2,557.55,557.55,130,195977726.75,7410,455,2026-10-06
NIFTY,2026-10-06,22200.0,PE,3.0,3.5,0.05,0.1,22776.1,2963923,4277239611320.0,5931380,-3182140,2026-10-06
NIFTY,2026-10-06,21700.0,PE,0.7,1.0,0.05,0.1,22776.1,719940,1015501788606.5,4745260,80535,2026-10-06
NIFTY,2026-10-06,21650.0,PE,0.9,0.95,0.05,0.1,22776.1,355006,499594315590.5,2248155,794495,2026-10-06
NIFTY,2026-10-06,21450.0,PE,0.7,0.75,0.05,0.05,22776.1,162076,225979548135.25,1188135,475150,2026-10-06
NIFTY,2026-10-06,20400.0,PE,0.35,0.5,0.05,0.05,22776.1,13973,18528458520.0,118495,45565,2026-10-06
NIFTY,2026-10-06,20250.0,PE,0.35,0.4,0.05,0.05,22776.1,1887,2483790582.0,41600,1885,2026-10-06
NIFTY,2031-06-24,21000.0,CE,0.0,0.0,0.0,8900.75,6896.55,0,0.0,0,0,2026-10-06
NIFTY,2030-12-31,27000.0,CE,0.0,0.0,0.0,6772.8,3159.2,0,0.0,0,0,2026-10-06
NIFTY,2029-12-24,31500.0,CE,0.0,0.0,0.0,3429.3,953.41,0,0.0,0,0,2026-10-06
NIFTY,2028-06-27,33000.0,CE,0.0,0.0,0.0,2004.15,110.54,0,0.0,0,0,2026-10-06
NIFTY,2026-10-13,23650.0,CE,4.7,4.7,2.4,2.65,2.65,22794,35044409500.75,433160,153270,2026-10-06
NIFTY,2026-10-13,21800.0,CE,819.15,970.0,811.2,954.3,954.3,440,650532441.0,22945,-6175,2026-10-06
NIFTY,2026-10-13,21600.0,CE,0.0,0.0,0.0,985.7,1199.06,0,0.0,390,0,2026-10-06
NIFTY,2026-10-13,21450.0,CE,0.0,0.0,0.0,1078.85,1348.76,0,0.0,130,0,2026-10-06
NIFTY,2026-10-13,21100.0,CE,0.0,0.0,0.0,2655.45,1698.35,0,0.0,0,0,2026-10-06
NIFTY,2026-10-13,20400.0,CE,0.0,0.0,0.0,3348.95,2397.61,0,0.0,0,0,2026-10-06
NIFTY,2026-10-13,20100.0,CE,0.0,0.0,0.0,3647.1,2697.29,0,0.0,0,0,2026-10-06
NIFTY,2026-10-06,25800.0,CE,0.25,0.25,0.05,0.05,22776.1,16632,27891999161.0,558350,-44460,2026-10-06
NIFTY,2026-10-06,25100.0,CE,0.3,0.35,0.05,0.05,22776.1,2191,3574639055.0,99710,3120,2026-10-06
NIFTY,2026-10-06,24450.0,CE,0.35,0.45,0.05,0.05,22776.1,9763,15515976427.25,137995,-28730,2026-10-06
NIFTY,2026-10-06,23400.0,CE,0.5,0.65,0.05,0.05,22776.1,437577,665564687622.25,3574870,-483340,2026-10-06
NIFTY,2026-10-06,21750.0,CE,902.3,980.05,889.0,976.75,22776.1,26,38333129.25,7800,-715,2026-10-06
NIFTY,2026-10-06,20950.0,CE,0.0,0.0,0.0,3227.45,22776.1,0,0.0,0,0,2026-10-06
NIFTY,2026-10-06,20750.0,CE,0.0,0.0,0.0,3425.95,22776.1,0,0.0,0,0,2026-10-06
NIFTY,2026-10-06,20700.0,CE,0.0,0.0,0.0,3475.65,22776.1,0,0.0,0,0,2026-10-06
NIFTY,2026-10-19,22850.0,CE,134.95,196.0,134.5,173.2,173.2,1915,2865574185.5,74555,13845,2026-10-06
NIFTY,2026-10-19,23400.0,CE,26.0,33.65,23.8,28.25,28.25,8954,13635215993.75,190385,72410,2026-10-06
NIFTY,2026-10-19,24550.0,CE,0.0,0.0,0.0,3.6,0.31,0,0.0,975,0,2026-10-06
NIFTY,2026-10-19,25000.0,CE,1.9,1.9,1.35,1.4,1.4,524,851552032.5,99645,5460,2026-10-06
NIFTY,2026-10-19,25100.0,CE,1.4,2.0,1.2,1.75,1.75,137,223528119.75,8125,1560,2026-10-06
NIFTY,2026-10-27,20050.0,CE,0.0,0.0,0.0,4242.8,2789.45,0,0.0,0,0,2026-10-06
NIFTY,2026-10-27,20250.0,CE,0.0,0.0,0.0,4048.4,2590.09,0,0.0,0,0,2026-10-06
NIFTY,2026-10-27,21000.0,CE,1654.05,1830.0,1654.05,1799.05,1799.05,667,987639386.5,301795,13325,2026-10-06
NIFTY,2026-10-27,21600.0,CE,1143.6,1191.8,1143.6,1184.1,1255.37,3,4440767.5,1105,65,2026-10-06
NIFTY,2026-10-27,22350.0,CE,486.3,601.0,483.9,569.4,569.4,135,201009107.0,48555,-1430,2026-10-06
NIFTY,2026-10-27,22800.0,CE,233.85,299.75,220.5,271.1,271.1,39029,58521952667.75,2221440,150150,2026-10-06
NIFTY,2026-10-27,23400.0,CE,58.0,71.15,50.0,63.05,63.05,44314,67578613131.25,2008500,18525,2026-10-06
NIFTY,2026-10-27,23450.0,CE,49.15,61.95,45.05,54.6,54.6,2170,3315186634.5,119145,-8450,2026-10-06
NIFTY,2026-10-27,24000.0,CE,16.95,17.5,13.8,14.4,14.4,38271,59739993582.75,6375590,116870,2026-10-06
NIFTY,2026-10-27,24600.0,CE,6.1,6.6,5.1,5.3,5.3,3449,5516284933.25,272480,-10400,2026-10-06
NIFTY,2026-10-27,25050.0,CE,5.25,5.25,3.4,3.55,3.55,138,224734292.25,155480,-3510,2026-10-06
NIFTY,2026-10-27,26600.0,CE,0.0,0.0,0.0,0.7,0.01,0,0.0,2275,0,2026-10-06
NIFTY,2026-10-27,26650.0,CE,0.0,0.0,0.0,6.95,0.01,0,0.0,390,0,2026-10-06
NIFTY,2026-11-03,20200.0,CE,0.0,0.0,0.0,3267.45,2661.22,0,0.0,0,0,2026-10-06
NIFTY,2026-11-03,20300.0,CE,0.0,0.0,0.0,3168.4,2561.69,0,0.0,0,0,2026-10-06
NIFTY,2026-11-03,20400.0,CE,0.0,0.0,0.0,3069.5,2462.19,0,0.0,0,0,2026-10-06
NIFTY,2026-11-03,22800.0,CE,278.0,350.25,278.0,331.2,331.2,321,482512559.75,18460,5070,2026-10-06
NIFTY,2026-11-03,22950.0,CE,219.45,275.1,217.05,256.25,256.25,80,120614552.5,5720,3315,2026-10-06
NIFTY,2026-11-03,23100.0,CE,159.35,209.0,159.35,191.65,191.65,334,505584855.75,14105,7410,2026-10-06
NIFTY,2026-11-03,23400.0,CE,92.7,113.15,88.6,104.3,104.3,360,549903708.25,15275,7865,2026-10-06
NIFTY,2026-11-03,23600.0,CE,55.65,71.75,55.65,65.3,65.3,593,912133972.75,31720,13065,2026-10-06
NIFTY,2026-11-03,23800.0,CE,38.75,47.0,38.75,45.0,45.0,1799,2788261489.0,119275,91000,2026-10-06
NIFTY,2026-11-03,24400.0,CE,15.0,16.5,15.0,15.0,15.0,12,19043895.0,910,195,2026-10-06
NIFTY,2026-11-03,24550.0,CE,0.0,0.0,0.0,12.3,9.01,0,0.0,975,0,2026-10-06
NIFTY,2026-11-23,20150.0,CE,0.0,0.0,0.0,4487.2,2772.43,0,0.0,0,0,2026-10-06
NIFTY,2026-11-23,20500.0,CE,0.0,0.0,0.0,2523.05,2427.25,0,0.0,65,0,2026-10-06
NIFTY,2026-11-23,20650.0,CE,0.0,0.0,0.0,3999.6,2280.23,0,0.0,0,0,2026-10-06
NIFTY,2026-11-23,20800.0,CE,0.0,0.0,0.0,3854.3,2134.08,0,0.0,0,0,2026-10-06
NIFTY,2026-11-23,21500.0,CE,1350.05,1477.6,1341.95,1452.1,1452.1,64,95280623.75,16965,-325,2026-10-06
NIFTY,2026-11-23,22200.0,CE,784.05,894.0,780.7,870.25,870.25,85,127290923.5,18525,-325,2026-10-06
NIFTY,2026-11-23,22400.0,CE,633.0,750.0,633.0,720.6,720.6,205,307702453.5,21060,-1690,2026-10-06
NIFTY,2026-11-23,23650.0,CE,123.9,136.6,123.9,134.25,134.25,68,105109251.0,25155,-2340,2026-10-06
NIFTY,2026-11-23,24450.0,CE,0.0,0.0,0.0,37.85,49.15,0,0.0,15340,0,2026-10-06
NIFTY,2026-11-23,24700.0,CE,28.0,31.1,25.65,28.15,28.15,271,435586011.25,53885,910,2026-10-06
NIFTY,2026-11-23,24850.0,CE,0.0,0.0,0.0,22.8,23.04,0,0.0,780,0,2026-10-06
NIFTY,2026-11-23,25300.0,CE,12.6,17.0,12.6,13.0,8.97,3,4936269.0,390,65,2026-10-06
NIFTY,2026-11-23,25750.0,CE,10.3,10.3,10.3,10.3,3.18,1,1674419.5,650,0,2026-10-06
NIFTY,2026-11-23,26050.0,CE,7.0,7.0,7.0,7.0,7.0,2,3387410.0,2275,0,2026-10-06
NIFTY,2026-12-29,20300.0,CE,0.0,0.0,0.0,2752.55,2742.82,0,0.0,0,0,2026-10-06
NIFTY,2026-12-29,20850.0,CE,0.0,0.0,0.0,2255.35,2221.51,0,0.0,0,0,2026-10-06
NIFTY,2026-12-29,21400.0,CE,0.0,0.0,0.0,1516.0,1727.45,0,0.0,910,0,2026-10-06
NIFTY,2026-12-29,22100.0,CE,1086.5,1086.5,1086.5,1086.5,1166.87,3,4521367.5,2600,195,2026-10-06
NIFTY,2027-03-30,16500.0,CE,0.0,0.0,0.0,6995.9,6705.55,0,0.0,0,0,2026-10-06
NIFTY,2027-03-30,24000.0,CE,461.05,509.55,454.15,484.6,484.6,2342,3727613048.25,863070,4485,2026-10-06
NIFTY,2027-06-29,15000.0,CE,0.0,0.0,0.0,5367.85,8365.46,0,0.0,0,0,2026-10-06
NIFTY,2027-09-28,24000.0,CE,0.0,0.0,0.0,1478.35,1208.33,0,0.0,0,0,2026-10-06
NIFTY,2027-09-28,30000.0,CE,0.0,0.0,0.0,153.4,62.85,0,0.0,130,0,2026-10-06
NIFTY,2027-12-28,18000.0,CE,0.0,0.0,0.0,6285.7,5971.96,0,0.0,0,0,2026-10-06
NIFTY,2028-06-27,15000.0,CE,0.0,0.0,0.0,8633.05,9136.03,0,0.0,0,0,2026-10-06
NIFTY,2028-06-27,30000.0,CE,0.0,0.0,0.0,2278.45,338.16,0,0.0,0,0,2026-10-06
NIFTY,2028-12-26,16500.0,CE,0.0,0.0,0.0,12176.65,8191.81,0,0.0,0,0,2026-10-06
NIFTY,2028-12-26,27000.0,CE,1365.0,1400.0,1330.05,1400.0,1400.0,14,25816914.5,6565,390,2026-10-06
NIFTY,2028-12-26,28000.0,CE,1025.0,1080.0,1025.0,1060.0,1042.25,11,20771734.75,11385,130,2026-10-06
NIFTY,2029-06-26,21000.0,CE,0.0,0.0,0.0,9799.75,5030.03,0,0.0,0,0,2026-10-06
NIFTY,2029-06-26,22500.0,CE,0.0,0.0,0.0,7946.5,4019.11,0,0.0,0,0,2026-10-06
NIFTY,2029-12-24,16500.0,CE,0.0,0.0,0.0,12984.85,8981.0,0,0.0,0,0,2026-10-06
NIFTY,2029-12-24,21000.0,CE,0.0,0.0,0.0,9463.95,5520.08,0,0.0,0,0,2026-10-06
NIFTY,2030-12-31,16500.0,CE,0.0,0.0,0.0,13763.55,9743.52,0,0.0,0,0,2026-10-06
NIFTY,2026-10-06,20100.0,PE,0.35,0.4,0.05,0.05,22776.1,10631,13889547782.5,137735,30420,2026-10-06
NIFTY,2026-10-06,21050.0,PE,0.4,0.55,0.05,0.1,22776.1,16348,22368515854.75,145340,-51935,2026-10-06
NIFTY,2026-10-06,21100.0,PE,0.5,0.55,0.05,0.1,22776.1,72688,99693228761.75,594165,-111215,2026-10-06
NIFTY,2026-10-06,21550.0,PE,0.7,0.9,0.05,0.15,22776.1,267062,374095704957.0,2233530,861445,2026-10-06
NIFTY,2026-10-06,22400.0,PE,14.2,18.0,0.05,0.25,22776.1,6617473,9637144356053.5,8173360,-3280550,2026-10-06
NIFTY,2026-10-06,23300.0,PE,703.1,726.95,522.25,563.9,22776.1,12513,19438972218.25,677755,-137150,2026-10-06
NIFTY,2026-10-06,23350.0,PE,775.0,778.0,573.1,605.7,22776.1,690,1076591142.25,53690,-13910,2026-10-06
NIFTY,2026-10-06,23850.0,PE,1260.05,1260.05,1074.95,1112.35,22776.1,52,84578071.5,4225,-585,2026-10-06
NIFTY,2026-10-06,24400.0,PE,1889.95,1889.95,1627.4,1657.25,22776.1,271,460326704.5,23335,-13195,2026-10-06
NIFTY,2026-10-06,24700.0,PE,2065.0,2065.0,2000.0,2000.0,22776.1,8,13904150.0,585,-455,2026-10-06
NIFTY,2026-10-06,24800.0,PE,2170.0,2170.0,2060.6,2083.1,22776.1,83,145191969.0,7670,-2925,2026-10-06
NIFTY,2026-10-06,25550.0,PE,0.0,0.0,0.0,1432.35,22776.1,0,0.0,0,0,2026-10-06
NIFTY,2026-10-13,20500.0,PE,3.45,3.45,1.6,1.75,1.75,109249,145590101237.75,4214860,85930,2026-10-06
NIFTY,2026-10-13,20600.0,PE,4.35,4.35,1.7,1.8,1.8,10430,13967346877.25,241540,7735,2026-10-06
NIFTY,2026-10-13,21050.0,PE,6.4,6.45,1.65,2.35,2.35,7384,10104718614.25,137410,6370,2026-10-06
NIFTY,2026-10-13,21100.0,PE,4.9,5.1,2.2,2.5,2.5,50089,68707491583.25,567060,165295,2026-10-06
NIFTY,2026-10-13,21350.0,PE,7.05,7.9,2.85,3.35,3.35,14378,19957491502.0,196430,29185,2026-10-06
NIFTY,2026-10-13,21550.0,PE,12.4,12.4,3.9,4.6,4.6,26394,36983038352.0,254475,13455,2026-10-06
NIFTY,2026-10-13,21750.0,PE,19.85,19.85,5.9,6.5,6.5,32376,45791744648.0,474695,287690,2026-10-06
NIFTY,2026-10-13,23600.0,PE,1002.0,1002.6,827.0,856.05,856.05,502,798964231.0,73125,10855,2026-10-06
NIFTY,2026-10-13,23650.0,PE,1040.0,1040.0,888.0,898.65,898.65,32,51105314.0,7670,715,2026-10-06
NIFTY,2026-10-13,24450.0,PE,1690.0,1690.0,1690.0,1690.0,1690.0,3,5097300.0,195,195,2026-10-06
NIFTY,2026-10-13,24750.0,PE,0.0,0.0,0.0,1115.1,1947.81,0,0.0,0,0,2026-10-06
NIFTY,2026-10-13,25150.0,PE,0.0,0.0,0.0,1450.15,2347.39,0,0.0,0,0,2026-10-06
NIFTY,2026-10-13,25350.0,PE,0.0,0.0,0.0,1628.0,2547.18,0,0.0,0,0,2026-10-06
NIFTY,2026-10-19,20700.0,PE,8.0,9.4,3.4,3.75,3.75,1236,1663410775.0,43810,41145,2026-10-06
NIFTY,2026-10-19,21300.0,PE,19.15,19.15,8.25,8.9,8.9,4189,5802878731.0,94770,40560,2026-10-06
NIFTY,2026-10-19,22200.0,PE,103.95,105.5,53.15,56.35,56.35,6796,9836865437.75,215930,110825,2026-10-06
NIFTY,2026-10-19,22250.0,PE,110.15,115.7,58.0,63.3,63.3,777,1127598189.25,35815,13585,2026-10-06
NIFTY,2026-10-19,22300.0,PE,122.2,129.1,67.25,70.95,70.95,5107,7431798185.5,147225,83395,2026-10-06
NIFTY,2026-10-19,23850.0,PE,0.0,0.0,0.0,815.85,1036.43,0,0.0,0,0,2026-10-06
NIFTY,2026-10-19,24100.0,PE,1325.0,1330.0,1320.0,1325.0,1279.8,6,9915100.0,390,390,2026-10-06
NIFTY,2026-10-19,24800.0,PE,0.0,0.0,0.0,1850.0,1975.44,0,0.0,1170,0,2026-10-06
NIFTY,2026-10-19,24950.0,PE,0.0,0.0,0.0,1732.7,2125.1,0,0.0,0,0,2026-10-06
NIFTY,2026-10-27,20300.0,PE,10.0,10.5,5.95,7.8,7.8,508,670603787.75,20995,1560,2026-10-06
NIFTY,2026-10-27,21150.0,PE,25.85,28.2,18.05,18.35,18.35,372,511989169.25,22230,-8515,2026-10-06
NIFTY,2026-10-27,21600.0,PE,55.25,55.95,32.5,33.5,33.5,17109,24067146483.25,448240,54470,2026-10-06
NIFTY,2026-10-27,21850.0,PE,87.5,87.5,49.35,50.75,50.75,1282,1825919238.0,56420,13325,2026-10-06
NIFTY,2026-10-27,22950.0,PE,450.0,450.0,337.0,347.9,347.9,350,530595932.75,45760,1235,2026-10-06
NIFTY,2026-10-27,23250.0,PE,673.05,673.05,531.2,544.55,544.55,246,380866144.75,53690,4745,2026-10-06
NIFTY,2026-10-27,25700.0,PE,0.0,0.0,0.0,3020.45,2842.72,0,0.0,7085,0,2026-10-06
NIFTY,2026-10-27,25750.0,PE,0.0,0.0,0.0,1659.3,2892.56,0,0.0,325,0,2026-10-06
NIFTY,2026-10-27,26200.0,PE,0.0,0.0,0.0,3520.0,3341.13,0,0.0,18460,0,2026-10-06
NIFTY,2026-10-27,26250.0,PE,0.0,0.0,0.0,3000.0,3390.97,0,0.0,260,0,2026-10-06
NIFTY,2026-10-27,26350.0,PE,0.0,0.0,0.0,2163.0,3490.65,0,0.0,0,0,2026-10-06
NIFTY,2026-10-27,27150.0,PE,0.0,0.0,0.0,3860.6,4288.12,0,0.0,325,0,2026-10-06
NIFTY,2026-11-03,20450.0,PE,0.0,0.0,0.0,1.75,0.26,0,0.0,0,0,2026-10-06
NIFTY,2026-11-03,20750.0,PE,0.0,0.0,0.0,4.05,1.0,0,0.0,0,0,2026-10-06
NIFTY,2026-11-03,20800.0,PE,29.15,29.15,20.0,20.1,20.1,25,33838850.5,2275,1625,2026-10-06
NIFTY,2026-11-03,23000.0,PE,536.55,536.55,393.85,401.0,401.0,141,214786221.0,11505,4615,2026-10-06
NIFTY,2026-11-23,20200.0,PE,0.0,0.0,0.0,3.65,1.31,0,0.0,0,0,2026-10-06
NIFTY,2026-11-23,20850.0,PE,46.1,48.0,46.1,48.0,9.25,4,5433233.0,325,130,2026-10-06
NIFTY,2026-11-23,21350.0,PE,80.0,82.0,69.25,71.5,71.5,145,201942481.0,19825,7540,2026-10-06
NIFTY,2026-11-23,22450.0,PE,289.95,289.95,237.3,239.9,239.9,105,154988609.75,11505,-910,2026-10-06
NIFTY,2026-11-23,23050.0,PE,560.3,560.3,472.15,489.85,494.6,23,35232814.5,4420,-130,2026-10-06
NIFTY,2026-11-23,24250.0,PE,0.0,0.0,0.0,1293.1,1368.91,0,0.0,780,0,2026-10-06
NIFTY,2026-11-23,25200.0,PE,0.0,0.0,0.0,2423.95,2253.45,0,0.0,65,0,2026-10-06
NIFTY,2026-11-23,25650.0,PE,0.0,0.0,0.0,1350.35,2693.08,0,0.0,0,0,2026-10-06
NIFTY,2026-12-29,15000.0,PE,8.5,8.95,8.0,8.2,8.2,145,141452093.25,157860,-1105,2026-10-06
NIFTY,2026-12-29,20100.0,PE,0.0,0.0,0.0,28.7,7.4,0,0.0,0,0,2026-10-06
NIFTY,2026-12-29,21400.0,PE,134.0,134.0,121.6,123.05,123.05,183,256081988.5,8905,1170,2026-10-06
NIFTY,2026-12-29,22200.0,PE,302.6,303.7,242.55,246.25,246.25,619,904163214.5,60190,585,2026-10-06
NIFTY,2026-12-29,22600.0,PE,429.95,430.25,351.15,355.8,355.8,492,734969118.0,23140,1300,2026-10-06
NIFTY,2026-12-29,22850.0,PE,487.75,487.75,449.55,457.85,475.62,15,22730610.5,12935,-325,2026-10-06
NIFTY,2026-12-29,23400.0,PE,812.1,822.0,706.0,708.75,708.75,25,39224903.25,3705,195,2026-10-06
NIFTY,2026-12-29,23550.0,PE,0.0,0.0,0.0,1015.4,854.48,0,0.0,1625,0,2026-10-06
NIFTY,2026-12-29,23900.0,PE,1156.05,1156.05,1077.05,1077.05,1090.1,7,11382494.5,2470,390,2026-10-06
NIFTY,2026-12-29,23950.0,PE,1130.7,1130.7,1130.7,1130.7,1126.02,1,1630245.5,1755,0,2026-10-06
NIFTY,2026-12-29,24200.0,PE,1382.5,1382.5,1258.85,1258.85,1258.85,21,34831693.0,1820,1105,2026-10-06
NIFTY,2026-12-29,24300.0,PE,1449.0,1449.0,1340.0,1340.0,1340.0,14,23375677.0,1625,845,2026-10-06
NIFTY,2026-12-29,24450.0,PE,1560.0,1578.15,1457.9,1477.45,1512.44,27,45526445.25,416780,65,2026-10-06
NIFTY,2027-06-29,16500.0,PE,0.0,0.0,0.0,41.8,0.4,0,0.0,780,0,2026-10-06
NIFTY,2027-12-28,25000.0,PE,1550.55,1552.45,1466.6,1474.2,1474.2,323,556327960.5,181010,2845,2026-10-06
NIFTY,2027-12-28,26000.0,PE,2113.8,2113.8,2025.05,2038.65,2038.65,90,164093579.0,71115,130,2026-10-06
NIFTY,2028-06-27,21000.0,PE,0.0,0.0,0.0,400.05,297.08,0,0.0,325,0,2026-10-06
NIFTY,2028-06-27,27000.0,PE,0.0,0.0,0.0,2752.35,2684.53,0,0.0,0,0,2026-10-06
NIFTY,2028-12-26,22000.0,PE,710.0,710.0,710.0,710.0,710.0,1,1476150.0,10840,65,2026-10-06
NIFTY,2028-12-26,27000.0,PE,2200.0,2200.0,2150.0,2150.0,2150.0,3,5689125.0,17195,0,2026-10-06
NIFTY,2029-12-24,24000.0,PE,0.0,0.0,0.0,1133.0,968.75,0,0.0,585,0,2026-10-06
NIFTY,2030-06-25,16500.0,PE,0.0,0.0,0.0,12.0,32.41,0,0.0,0,0,2026-10-06
NIFTY,2030-06-25,19500.0,PE,0.0,0.0,0.0,64.95,175.71,0,0.0,0,0,2026-10-06
NIFTY,2030-12-31,21000.0,PE,0.0,0.0,0.0,450.0,328.77,0,0.0,845,0,2026-10-06
NIFTY,2031-06-24,19500.0,PE,0.0,0.0,0.0,289.2,178.7,0,0.0,0,0,2026-10-06
NIFTY,2026-10-19,22800.0,CE,165.75,224.0,152.9,198.85,198.85,10652,15921544401.75,522015,54665,2026-10-06
NIFTY,2026-10-19,22050.0,CE,0.0,0.0,0.0,555.75,791.18,0,0.0,130,0,2026-10-06
NIFTY,2026-10-19,21150.0,CE,0.0,0.0,0.0,2094.65,1667.68,0,0.0,0,0,2026-10-06
NIFTY,2026-10-19,20500.0,CE,0.0,0.0,0.0,2732.2,2316.22,0,0.0,0,0,2026-10-06
NIFTY,2026-10-13,24550.0,CE,0.9,0.95,0.65,0.85,0.85,250,398951146.75,17420,7085,2026-10-06
NIFTY,2026-10-13,24300.0,CE,1.0,1.0,0.75,0.85,0.85,14936,23592200329.75,489840,-12025,2026-10-06
NIFTY,2029-12-24,25500.0,PE,0.0,0.0,0.0,597.3,1460.91,0,0.0,0,0,2026-10-06
NIFTY,2026-10-06,22650.0,CE,49.0,126.65,33.0,89.55,22776.1,14377484,21226661256931.0,2727790,-3777540,2026-10-06
NIFTY,2026-10-06,23100.0,CE,0.85,1.2,0.05,0.1,22776.1,1646187,2471806362577.5,8309665,-140595,2026-10-06
NIFTY,2026-10-06,23350.0,CE,0.6,0.7,0.05,0.05,22776.1,389819,591656477321.0,1887535,-34905,2026-10-06
NIFTY,2026-10-06,23600.0,CE,0.5,0.55,0.05,0.05,22776.1,186758,286490617224.5,2279030,-979615,2026-10-06
NIFTY,2026-10-06,25250.0,CE,0.45,0.5,0.05,0.1,22776.1,1909,3133164092.5,81250,55250,2026-10-06
NIFTY,2026-10-13,20250.0,CE,0.0,0.0,0.0,3498.0,2547.45,0,0.0,0,0,2026-10-06
NIFTY,2026-10-13,21650.0,CE,0.0,0.0,0.0,949.6,1149.22,0,0.0,65,0,2026-10-06
NIFTY,2026-10-13,22300.0,CE,400.05,515.0,370.0,477.2,477.2,9932,14683237322.0,226395,-43095,2026-10-06
NIFTY,2026-10-13,24250.0,CE,1.05,1.05,0.75,0.9,0.9,3617,5701492611.75,61100,-33410,2026-10-06
NIFTY,2026-10-19,20750.0,CE,0.0,0.0,0.0,2485.4,2066.72,0,0.0,0,0,2026-10-06
NIFTY,2026-10-19,20850.0,CE,0.0,0.0,0.0,2387.15,1966.92,0,0.0,0,0,2026-10-06
NIFTY,2026-10-19,21300.0,CE,0.0,0.0,0.0,1950.35,1518.28,0,0.0,0,0,2026-10-06
NIFTY,2026-10-19,21350.0,CE,0.0,0.0,0.0,1902.6,1468.55,0,0.0,0,0,2026-10-06
NIFTY,2026-10-19,21400.0,CE,0.0,0.0,0.0,1444.1,1418.88,0,0.0,65,0,2026-10-06
NIFTY,2026-10-19,21800.0,CE,0.0,0.0,0.0,850.0,1026.22,0,0.0,1040,0,2026-10-06
NIFTY,2026-10-19,22250.0,CE,514.3,609.0,514.3,586.7,586.7,46,68233220.25,6435,-1690,2026-10-06
NIFTY,2026-10-19,23600.0,CE,15.4,16.35,11.85,13.6,13.6,6874,10550889063.0,201305,64090,2026-10-06
NIFTY,2026-10-19,24700.0,CE,1.6,2.35,1.5,1.95,1.95,16,25690044.25,2210,-195,2026-10-06
NIFTY,2026-10-27,21200.0,CE,1610.0,1610.0,1610.0,1610.0,1610.0,1,1482650.0,130,65,2026-10-06
NIFTY,2026-10-27,22500.0,CE,407.95,494.0,379.25,458.55,458.55,41732,62229305190.0,2510170,-153075,2026-10-06
NIFTY,2026-10-27,22850.0,CE,198.7,270.9,197.5,245.1,245.1,2801,4203660418.75,181870,25805,2026-10-06
NIFTY,2026-10-27,23150.0,CE,105.8,138.75,97.6,122.45,122.45,2555,3864399782.75,132535,7215,2026-10-06
NIFTY,2026-10-27,23750.0,CE,24.55,27.4,21.85,24.45,24.45,1459,2254664441.25,103480,-12025,2026-10-06
NIFTY,2026-10-27,25150.0,CE,0.0,0.0,0.0,4.65,0.28,0,0.0,16640,0,2026-10-06
NIFTY,2026-10-27,25350.0,CE,2.3,2.85,2.3,2.85,0.11,8,13183417.0,2275,-455,2026-10-06
NIFTY,2026-10-27,26400.0,CE,1.5,1.75,1.0,1.3,1.3,36,61778470.0,4615,65,2026-10-06
NIFTY,2026-11-03,21550.0,CE,0.0,0.0,0.0,1952.8,1334.9,0,0.0,0,0,2026-10-06
NIFTY,2026-11-03,21900.0,CE,0.0,0.0,0.0,1631.8,1016.11,0,0.0,0,0,2026-10-06
NIFTY,2026-11-03,22100.0,CE,0.0,0.0,0.0,1456.1,846.83,0,0.0,0,0,2026-10-06
NIFTY,2026-11-03,24200.0,CE,24.2,24.25,17.75,19.6,19.6,336,528965606.0,16185,5590,2026-10-06
NIFTY,2026-11-03,24850.0,CE,7.35,7.35,7.35,7.35,3.65,1,1615727.75,520,-65,2026-10-06
NIFTY,2026-11-03,24900.0,CE,7.55,7.55,7.3,7.3,3.12,20,32379717.5,1105,0,2026-10-06
NIFTY,2026-11-03,25000.0,CE,10.25,10.3,7.7,8.6,8.6,97,157680386.5,15210,3965,2026-10-06
NIFTY,2026-11-03,25200.0,CE,9.15,9.15,6.35,7.3,7.3,66,108139170.75,6955,-845,2026-10-06
NIFTY,2026-11-23,20100.0,CE,0.0,0.0,0.0,4536.15,2821.89,0,0.0,0,0,2026-10-06
NIFTY,2026-11-23,20550.0,CE,0.0,0.0,0.0,4096.8,2378.16,0,0.0,0,0,2026-10-06
NIFTY,2026-11-23,21750.0,CE,0.0,0.0,0.0,2952.95,1255.07,0,0.0,0,0,2026-10-06
NIFTY,2026-11-23,22800.0,CE,407.55,488.0,392.5,461.4,461.4,2406,3636308198.25,190970,21450,2026-10-06
NIFTY,2026-11-23,22850.0,CE,376.9,455.2,376.9,438.7,438.7,120,181574653.0,14885,-1300,2026-10-06
NIFTY,2026-11-23,22950.0,CE,350.0,401.15,350.0,385.05,385.05,90,136494822.75,8840,-1365,2026-10-06
NIFTY,2026-11-23,23450.0,CE,155.55,195.0,155.55,181.3,181.3,513,787917084.5,43810,1820,2026-10-06
NIFTY,2026-11-23,23900.0,CE,79.0,95.25,78.95,87.65,87.65,754,1175638330.75,124410,-5005,2026-10-06
NIFTY,2026-11-23,24150.0,CE,55.9,63.15,53.7,58.2,58.2,132,207721670.0,22490,-2405,2026-10-06
NIFTY,2026-11-23,24600.0,CE,30.75,33.1,29.3,30.7,30.7,654,1047103866.25,57265,4680,2026-10-06
NIFTY,2026-11-23,25250.0,CE,0.0,0.0,0.0,16.95,10.01,0,0.0,780,0,2026-10-06
NIFTY,2026-12-29,16000.0,CE,0.0,0.0,0.0,6430.0,6977.34,0,0.0,1105,0,2026-10-06
NIFTY,2026-12-29,20700.0,CE,0.0,0.0,0.0,2388.15,2361.66,0,0.0,0,0,2026-10-06
NIFTY,2026-12-29,20950.0,CE,0.0,0.0,0.0,2168.25,2129.17,0,0.0,0,0,2026-10-06
NIFTY,2026-12-29,21050.0,CE,0.0,0.0,0.0,2082.3,2037.81,0,0.0,0,0,2026-10-06
NIFTY,2026-12-29,21150.0,CE,0.0,0.0,0.0,1997.6,1947.55,0,0.0,0,0,2026-10-06
NIFTY,2026-12-29,21750.0,CE,1400.0,1417.6,1400.0,1417.6,1435.47,17,25584182.0,2145,-715,2026-10-06
NIFTY,2026-12-29,22050.0,CE,1090.35,1102.1,1090.35,1102.1,1203.64,2,3009009.25,715,65,2026-10-06
NIFTY,2026-12-29,22350.0,CE,0.0,0.0,0.0,880.8,991.84,0,0.0,8320,0,2026-10-06
NIFTY,2026-12-29,22500.0,CE,772.4,869.2,765.75,838.85,838.85,2045,3099949914.75,427505,5590,2026-10-06
NIFTY,2026-12-29,24200.0,CE,129.0,140.5,124.0,131.95,131.95,376,594641485.75,38090,1625,2026-10-06
NIFTY,2027-03-30,27000.0,CE,53.05,54.95,50.0,51.35,51.35,2454,4315040119.0,1228500,67990,2026-10-06
NIFTY,2027-06-29,31500.0,CE,0.0,0.0,0.0,769.15,5.84,0,0.0,0,0,2026-10-06
NIFTY,2027-09-28,16500.0,CE,0.0,0.0,0.0,7170.5,7141.77,0,0.0,0,0,2026-10-06
NIFTY,2027-09-28,22500.0,CE,0.0,0.0,0.0,2265.0,2024.22,0,0.0,715,0,2026-10-06
NIFTY,2027-12-28,16500.0,CE,0.0,0.0,0.0,11316.4,7356.63,0,0.0,0,0,2026-10-06
NIFTY,2027-12-28,26000.0,CE,568.75,610.0,568.05,596.35,596.35,404,698408509.5,229360,-4225,2026-10-06
NIFTY,2028-06-27,22500.0,CE,0.0,0.0,0.0,6796.05,2933.56,0,0.0,0,0,2026-10-06
NIFTY,2028-12-26,21000.0,CE,0.0,0.0,0.0,7512.5,4515.67,0,0.0,0,0,2026-10-06
NIFTY,2029-06-26,15000.0,CE,0.0,0.0,0.0,13671.85,9868.32,0,0.0,0,0,2026-10-06
NIFTY,2029-06-26,28500.0,CE,0.0,0.0,0.0,4213.3,1301.78,0,0.0,0,0,2026-10-06
NIFTY,2029-12-24,24000.0,CE,5000.0,5000.0,5000.0,5000.0,3639.24,2,3770000.0,195,0,2026-10-06
NIFTY,2029-12-24,25500.0,CE,0.0,0.0,0.0,6500.6,2874.79,0,0.0,0,0,2026-10-06
NIFTY,2030-12-31,31500.0,CE,0.0,0.0,0.0,4554.55,1649.75,0,0.0,0,0,2026-10-06
NIFTY,2026-10-06,20200.0,PE,0.5,0.55,0.05,0.05,22776.1,5168,6785660982.75,95290,39715,2026-10-06
NIFTY,2026-10-06,22000.0,PE,1.3,1.5,0.05,0.1,22776.1,2628355,3758701264776.25,13360880,577460,2026-10-06
NIFTY,2026-10-06,24000.0,PE,1400.0,1429.65,1221.45,1254.0,22776.1,4345,7154442776.0,116545,-186420,2026-10-06
NIFTY,2026-10-06,24150.0,PE,1500.0,1500.0,1410.0,1422.2,22776.1,24,39929233.5,1365,-455,2026-10-06
NIFTY,2026-10-06,24350.0,PE,1711.45,1772.9,1580.0,1580.0,22776.1,7,11841043.5,325,-130,2026-10-06
NIFTY,2026-10-13,20200.0,PE,3.2,3.2,1.4,1.6,1.6,27519,36136020492.0,744315,318825,2026-10-06
NIFTY,2026-10-13,22500.0,PE,144.0,148.5,60.8,66.15,66.15,320163,470059543414.5,4474990,2559245,2026-10-06
NIFTY,2026-10-13,23200.0,PE,601.2,624.2,450.0,470.2,470.2,4207,6481112173.25,273650,64480,2026-10-06
NIFTY,2026-10-13,23500.0,PE,905.95,913.0,729.0,756.8,756.8,4895,7726032827.5,338195,118690,2026-10-06
NIFTY,2026-10-13,24050.0,PE,0.0,0.0,0.0,1543.65,1248.78,0,0.0,325,0,2026-10-06
NIFTY,2026-10-13,24800.0,PE,2070.0,2070.0,2000.0,2000.0,2000.0,33,57618509.0,3380,2145,2026-10-06
NIFTY,2026-10-13,25100.0,PE,2370.0,2375.0,2335.0,2335.0,2335.0,7,12490725.0,5265,455,2026-10-06
NIFTY,2026-10-19,20250.0,PE,3.0,3.8,3.0,3.5,3.5,63,82937169.25,1300,1300,2026-10-06
NIFTY,2026-10-19,20600.0,PE,6.8,7.0,3.25,3.65,3.65,1167,1562932299.5,42965,41210,2026-10-06
NIFTY,2026-10-19,20750.0,PE,6.2,6.2,4.5,5.4,0.01,20,26982286.5,520,520,2026-10-06
NIFTY,2026-10-19,21350.0,PE,23.4,23.4,9.2,9.8,9.8,1524,2116409909.25,43225,35880,2026-10-06
NIFTY,2026-10-19,21500.0,PE,26.4,26.95,11.0,12.55,12.55,8385,11727061973.25,195715,30420,2026-10-06
NIFTY,2026-10-19,22000.0,PE,70.0,71.7,33.35,35.45,35.45,15873,22745733166.0,576290,164125,2026-10-06
NIFTY,2026-10-19,22350.0,PE,153.2,153.2,76.5,79.9,79.9,2624,3831306976.25,33215,10855,2026-10-06
NIFTY,2026-10-19,22900.0,PE,382.05,382.55,269.0,282.3,282.3,2883,4347019332.5,105040,82030,2026-10-06
NIFTY,2026-10-19,22950.0,PE,435.5,435.5,297.45,308.8,308.8,155,234569484.5,7735,2990,2026-10-06
NIFTY,2026-10-19,23500.0,PE,827.0,837.0,724.0,739.0,739.0,423,667183049.0,27430,975,2026-10-06
NIFTY,2026-10-19,24150.0,PE,0.0,0.0,0.0,1040.4,1329.06,0,0.0,0,0,2026-10-06
NIFTY,2026-10-19,24250.0,PE,0.0,0.0,0.0,1180.0,1427.93,0,0.0,65,0,2026-10-06
NIFTY,2026-10-19,25150.0,PE,0.0,0.0,0.0,1919.85,2324.69,0,0.0,0,0,2026-10-06
NIFTY,2026-10-27,20550.0,PE,14.65,14.65,9.0,9.3,9.3,324,432995169.75,16380,-585,2026-10-06
NIFTY,2030-06-25,18000.0,PE,0.0,0.0,0.0,116.65,81.54,0,0.0,0,0,2026-10-06
NIFTY,2026-10-27,21050.0,PE,25.45,25.45,16.15,16.5,16.5,359,491677673.5,19500,-4420,2026-10-06
NIFTY,2026-10-27,21700.0,PE,64.55,66.3,38.2,39.1,39.1,16460,23268467072.5,577200,-1495,2026-10-06
NIFTY,2026-10-27,22500.0,PE,247.6,247.6,156.05,162.55,162.55,75676,111592107243.5,4541420,184015,2026-10-06
NIFTY,2026-10-27,23550.0,PE,843.0,843.0,762.35,772.4,772.4,30,47469175.0,14950,-65,2026-10-06
NIFTY,2026-10-27,23700.0,PE,1055.0,1055.0,888.0,914.15,914.15,967,1551783314.25,406705,25350,2026-10-06
NIFTY,2026-10-27,23800.0,PE,1162.3,1162.3,985.25,1015.65,1015.65,454,733174136.5,515255,-5070,2026-10-06
NIFTY,2026-10-27,24700.0,PE,2010.0,2010.0,1880.0,1894.6,1847.65,41,70933560.75,216320,-845,2026-10-06
NIFTY,2026-10-27,24950.0,PE,0.0,0.0,0.0,2335.0,2095.73,0,0.0,845,0,2026-10-06
NIFTY,2026-10-27,27200.0,PE,4390.0,4408.5,4330.7,4385.7,4385.7,9,18461410.5,57980,0,2026-10-06
NIFTY,2026-11-03,21350.0,PE,0.0,0.0,0.0,17.55,9.61,0,0.0,0,0,2026-10-06
NIFTY,2026-11-03,22050.0,PE,145.0,145.0,97.3,97.65,97.65,32,46115169.75,1105,-65,2026-10-06
NIFTY,2026-11-03,22600.0,PE,299.2,308.6,219.3,223.05,223.05,291,432352911.25,16900,3250,2026-10-06
NIFTY,2026-11-03,22850.0,PE,364.3,375.4,321.0,324.65,324.65,92,138715531.5,7345,3380,2026-10-06
NIFTY,2026-11-03,24300.0,PE,0.0,0.0,0.0,1010.0,1439.58,0,0.0,65,0,2026-10-06
NIFTY,2026-11-23,21250.0,PE,66.75,66.75,65.55,66.1,66.1,3,4156639.5,4680,-65,2026-10-06
NIFTY,2026-11-23,21850.0,PE,124.4,124.4,121.25,122.5,122.5,11,15710311.5,5070,520,2026-10-06
NIFTY,2026-11-23,22000.0,PE,190.05,193.65,142.7,145.6,145.6,13551,19518377856.25,1592175,326755,2026-10-06
NIFTY,2026-11-23,22150.0,PE,221.5,221.5,168.4,171.9,171.9,187,271504405.25,5915,260,2026-10-06
NIFTY,2026-11-23,22300.0,PE,262.95,262.95,198.15,202.55,202.55,1053,1541275268.0,78000,-845,2026-10-06
NIFTY,2026-11-23,22600.0,PE,378.65,378.65,281.0,288.75,288.75,1650,2458278982.25,109460,18395,2026-10-06
NIFTY,2026-11-23,22950.0,PE,530.95,530.95,430.65,432.35,432.35,25,38035266.75,5070,130,2026-10-06
NIFTY,2026-11-23,23000.0,PE,563.65,563.65,445.0,456.45,456.45,4538,6927010909.0,1018225,4160,2026-10-06
NIFTY,2026-11-23,23350.0,PE,775.05,775.05,652.75,652.8,652.8,16,24998814.75,8385,455,2026-10-06
NIFTY,2026-11-23,24350.0,PE,1577.3,1577.3,1478.7,1478.7,1457.11,2,3364140.0,2210,0,2026-10-06
NIFTY,2026-11-23,24400.0,PE,0.0,0.0,0.0,1701.2,1501.8,0,0.0,9230,0,2026-10-06
NIFTY,2026-11-23,25250.0,PE,0.0,0.0,0.0,1090.7,2301.94,0,0.0,0,0,2026-10-06
NIFTY,2026-11-23,25550.0,PE,0.0,0.0,0.0,1282.8,2594.87,0,0.0,0,0,2026-10-06
NIFTY,2026-12-29,17000.0,PE,15.5,15.5,13.65,14.2,14.2,356,393704454.0,284125,5265,2026-10-06
NIFTY,2026-12-29,20450.0,PE,0.0,0.0,0.0,48.5,15.51,0,0.0,0,0,2026-10-06
NIFTY,2026-12-29,20650.0,PE,75.35,75.35,68.6,68.6,68.6,17,22900033.0,1040,1040,2026-10-06
NIFTY,2026-12-29,20700.0,PE,77.7,80.05,73.25,73.4,73.4,20,27009381.75,1300,1300,2026-10-06
NIFTY,2026-12-29,20900.0,PE,0.0,0.0,0.0,109.05,36.25,0,0.0,5525,0,2026-10-06
NIFTY,2026-12-29,22400.0,PE,360.1,360.1,289.65,295.3,295.3,422,623136494.5,78585,1235,2026-10-06
NIFTY,2026-12-29,22500.0,PE,389.7,393.95,317.25,323.0,323.0,6621,9831228309.5,1818310,33735,2026-10-06
NIFTY,2026-12-29,23800.0,PE,1080.7,1080.7,963.0,963.0,963.0,27,43522875.5,3315,1170,2026-10-06
NIFTY,2026-12-29,28000.0,PE,4990.65,4990.65,4834.1,4863.5,4863.5,290,619774983.75,1052305,-2275,2026-10-06
NIFTY,2026-12-29,30000.0,PE,6800.0,6894.05,6751.05,6801.95,6801.95,90,215366934.25,507900,-650,2026-10-06
NIFTY,2026-12-29,33000.0,PE,0.0,0.0,0.0,5263.45,9808.84,0,0.0,0,0,2026-10-06
NIFTY,2027-03-30,25500.0,PE,2220.0,2248.0,2100.0,2113.2,2113.2,206,370269038.75,218075,1105,2026-10-06
NIFTY,2027-03-30,30000.0,PE,0.0,0.0,0.0,6273.1,6445.58,0,0.0,2470,0,2026-10-06
NIFTY,2027-03-30,33000.0,PE,0.0,0.0,0.0,8415.45,9365.12,0,0.0,0,0,2026-10-06
NIFTY,2027-06-29,31500.0,PE,0.0,0.0,0.0,3604.7,7492.12,0,0.0,0,0,2026-10-06
NIFTY,2027-12-28,17000.0,PE,0.0,0.0,0.0,72.55,6.59,0,0.0,17775,0,2026-10-06
NIFTY,2027-12-28,19500.0,PE,0.0,0.0,0.0,29.25,84.87,0,0.0,0,0,2026-10-06
NIFTY,2027-12-28,31500.0,PE,0.0,0.0,0.0,3240.0,6729.87,0,0.0,0,0,2026-10-06
NIFTY,2028-06-27,15000.0,PE,0.0,0.0,0.0,127.2,1.46,0,0.0,0,0,2026-10-06
NIFTY,2028-06-27,30000.0,PE,0.0,0.0,0.0,3779.25,4845.12,0,0.0,0,0,2026-10-06
NIFTY,2028-12-26,25000.0,PE,1489.25,1489.25,1461.95,1461.95,1462.6,2,3441828.0,13735,0,2026-10-06
NIFTY,2029-06-26,25500.0,PE,0.0,0.0,0.0,624.25,1567.25,0,0.0,0,0,2026-10-06
NIFTY,2029-06-26,30000.0,PE,0.0,0.0,0.0,2031.05,3983.58,0,0.0,0,0,2026-10-06
NIFTY,2029-12-24,18000.0,PE,0.0,0.0,0.0,96.5,74.52,0,0.0,0,0,2026-10-06
NIFTY,2026-12-29,23450.0,PE,0.0,0.0,0.0,865.0,792.56,0,0.0,1040,0,2026-10-06
NIFTY,2026-12-29,23650.0,PE,923.35,923.35,923.35,923.35,918.87,3,4791803.25,2275,195,2026-10-06
NIFTY,2026-12-29,23700.0,PE,1010.75,1010.75,887.6,894.15,894.15,15,24006515.0,3640,130,2026-10-06
NIFTY,2027-03-30,15000.0,PE,20.4,20.4,15.65,18.75,18.75,37,36116902.25,10660,260,2026-10-06
NIFTY,2027-06-29,18000.0,PE,0.0,0.0,0.0,70.0,5.59,0,0.0,230,0,2026-10-06
NIFTY,2027-06-29,28500.0,PE,0.0,0.0,0.0,1807.05,4666.26,0,0.0,0,0,2026-10-06
NIFTY,2027-09-28,19500.0,PE,0.0,0.0,0.0,134.1,63.73,0,0.0,65,0,2026-10-06
NIFTY,2027-12-28,20000.0,PE,296.9,296.9,259.0,259.55,259.55,334,439914416.5,105785,-2405,2026-10-06
NIFTY,2026-10-06,22750.0,CE,9.0,36.7,4.75,13.25,22776.1,25752638,38110880198134.25,8941985,2787915,2026-10-06
NIFTY,2026-10-06,23000.0,CE,1.65,1.95,0.05,0.2,22776.1,3661418,5474047709477.75,13006435,-1656590,2026-10-06
NIFTY,2026-10-06,23050.0,CE,1.5,1.5,0.05,0.15,22776.1,1241800,1860579731786.75,4530370,-8385,2026-10-06
NIFTY,2026-10-06,23300.0,CE,0.6,0.7,0.05,0.05,22776.1,937587,1419998497859.5,4880720,-1776450,2026-10-06
NIFTY,2026-10-06,23500.0,CE,0.6,0.6,0.05,0.05,22776.1,718267,1097168170267.0,9691305,-3664245,2026-10-06
NIFTY,2026-10-06,24100.0,CE,0.3,0.35,0.05,0.05,22776.1,54914,86023555400.25,830115,-670995,2026-10-06
NIFTY,2026-10-06,24300.0,CE,0.35,0.35,0.05,0.05,22776.1,43385,68527108663.0,1090180,-611910,2026-10-06
NIFTY,2026-10-06,24400.0,CE,0.15,0.3,0.05,0.05,22776.1,17767,28178680500.75,305955,-426660,2026-10-06
NIFTY,2026-10-06,24900.0,CE,0.25,0.35,0.05,0.05,22776.1,7259,11748770497.75,106275,-112710,2026-10-06
NIFTY,2026-10-06,25050.0,CE,0.3,0.35,0.05,0.05,22776.1,1279,2082541825.0,65130,18135,2026-10-06
NIFTY,2026-10-13,21000.0,CE,0.0,0.0,0.0,1562.7,1798.24,0,0.0,4550,0,2026-10-06
NIFTY,2026-10-13,22750.0,CE,119.9,180.9,106.05,151.15,151.15,153337,228247296901.0,1635075,1173575,2026-10-06
NIFTY,2026-10-13,23700.0,CE,4.15,4.15,2.0,2.15,2.15,68163,105015816834.5,1776255,932360,2026-10-06
NIFTY,2026-10-13,24400.0,CE,1.05,1.05,0.75,0.85,0.85,10197,16172976306.5,498940,-158405,2026-10-06
NIFTY,2026-10-13,25250.0,CE,0.65,0.8,0.6,0.8,0.8,386,633541408.5,23660,22230,2026-10-06
NIFTY,2030-12-31,22500.0,PE,0.0,0.0,0.0,219.35,552.91,0,0.0,0,0,2026-10-06
NIFTY,2026-10-13,25300.0,CE,0.65,0.8,0.55,0.6,0.6,817,1343589442.0,49270,1170,2026-10-06
NIFTY,2026-10-19,20050.0,CE,0.0,0.0,0.0,3178.5,2765.34,0,0.0,0,0,2026-10-06
NIFTY,2026-10-19,20200.0,CE,0.0,0.0,0.0,3029.55,2615.63,0,0.0,0,0,2026-10-06
NIFTY,2026-10-19,20300.0,CE,0.0,0.0,0.0,2930.35,2515.83,0,0.0,0,0,2026-10-06
NIFTY,2026-10-19,20350.0,CE,0.0,0.0,0.0,2880.75,2465.92,0,0.0,0,0,2026-10-06
NIFTY,2026-10-19,21650.0,CE,0.0,0.0,0.0,913.55,1172.05,0,0.0,130,0,2026-10-06
NIFTY,2026-10-19,22150.0,CE,565.1,682.35,565.1,665.9,665.9,41,60710581.75,2405,390,2026-10-06
NIFTY,2026-10-19,22350.0,CE,410.4,525.0,410.25,500.0,500.0,62,91990008.5,9295,-650,2026-10-06
NIFTY,2026-10-19,22550.0,CE,300.0,380.75,276.5,349.2,349.2,1168,1737304660.0,20605,-7280,2026-10-06
NIFTY,2026-10-19,22700.0,CE,211.6,282.0,197.45,251.7,251.7,14340,21388587749.75,277615,135850,2026-10-06
NIFTY,2026-10-19,24200.0,CE,3.55,4.25,2.2,2.4,2.4,1293,2034119906.0,50375,29705,2026-10-06
NIFTY,2026-10-27,20200.0,CE,0.0,0.0,0.0,4096.9,2639.93,0,0.0,0,0,2026-10-06
NIFTY,2026-10-27,23000.0,CE,153.8,198.0,141.7,177.2,177.2,71162,107189006203.5,5109650,-192725,2026-10-06
NIFTY,2026-10-27,24150.0,CE,12.0,12.1,9.75,10.55,10.55,1066,1674129138.5,107250,5785,2026-10-06
NIFTY,2026-10-27,24350.0,CE,9.3,9.3,7.45,7.65,7.65,718,1136811130.0,59085,-9750,2026-10-06
NIFTY,2026-10-27,25100.0,CE,3.75,4.7,3.15,3.2,3.2,384,626586701.0,80860,-4160,2026-10-06
NIFTY,2026-10-27,25400.0,CE,3.1,3.15,2.35,2.4,2.4,678,1119502822.75,88010,-7410,2026-10-06
NIFTY,2026-10-27,25500.0,CE,2.9,3.0,1.85,2.1,2.1,3929,6512939238.0,957645,19435,2026-10-06
NIFTY,2026-10-27,26050.0,CE,1.8,1.8,1.35,1.65,1.65,45,76201095.75,6110,-975,2026-10-06
NIFTY,2026-10-27,26100.0,CE,1.35,1.35,1.35,1.35,0.01,8,13572702.0,10335,0,2026-10-06
NIFTY,2026-10-27,26450.0,CE,0.0,0.0,0.0,1.0,0.01,0,0.0,520,0,2026-10-06
NIFTY,2026-10-27,26700.0,CE,0.75,0.75,0.75,0.75,0.01,2,3471097.5,650,-65,2026-10-06
NIFTY,2026-10-27,26900.0,CE,0.8,1.0,0.8,1.0,1.0,11,19234202.0,32565,585,2026-10-06
NIFTY,2026-10-27,26950.0,CE,0.0,0.0,0.0,1.9,0.01,0,0.0,910,0,2026-10-06
NIFTY,2026-11-03,21800.0,CE,0.0,0.0,0.0,1721.95,1104.69,0,0.0,0,0,2026-10-06
NIFTY,2026-11-03,22150.0,CE,0.0,0.0,0.0,536.65,806.41,0,0.0,130,0,2026-10-06
NIFTY,2026-11-03,22550.0,CE,417.55,498.45,417.55,475.25,475.25,44,65814190.0,3510,-195,2026-10-06
NIFTY,2026-11-03,22600.0,CE,384.4,476.85,381.0,452.8,452.8,543,813159967.75,56485,-12675,2026-10-06
NIFTY,2026-11-03,23550.0,CE,75.0,76.3,64.55,75.2,75.2,29,44530118.75,3055,-910,2026-10-06
NIFTY,2026-11-03,24100.0,CE,23.95,25.5,20.0,21.9,21.9,165,258712080.25,7085,3835,2026-10-06
NIFTY,2026-11-03,24600.0,CE,13.3,14.5,10.8,11.2,11.2,231,369558770.75,25935,4940,2026-10-06
NIFTY,2026-11-23,20250.0,CE,0.0,0.0,0.0,4389.4,2673.59,0,0.0,0,0,2026-10-06
NIFTY,2026-11-23,22100.0,CE,859.3,984.1,859.3,947.05,970.36,12,17960377.5,5265,0,2026-10-06
NIFTY,2026-11-23,22500.0,CE,575.55,678.05,565.8,647.1,647.1,3292,4950435226.75,407225,10205,2026-10-06
NIFTY,2026-11-23,23000.0,CE,333.0,378.7,307.0,357.85,357.85,9261,14055681851.25,1002495,-37375,2026-10-06
NIFTY,2026-11-23,23100.0,CE,270.95,332.0,269.65,312.1,312.1,1089,1656852691.0,274235,1235,2026-10-06
NIFTY,2026-11-23,24250.0,CE,46.9,54.15,46.9,54.15,69.77,53,83714754.5,16055,1690,2026-10-06
NIFTY,2026-11-23,25050.0,CE,18.35,18.45,18.35,18.45,15.33,8,13035568.0,1040,260,2026-10-06
NIFTY,2026-11-23,25100.0,CE,18.9,20.95,17.3,18.75,18.75,119,194295832.25,40950,1430,2026-10-06
NIFTY,2026-11-23,25200.0,CE,16.65,19.95,15.15,15.75,15.75,58,95067713.0,7540,-780,2026-10-06
NIFTY,2026-11-23,25600.0,CE,11.0,11.0,11.0,11.0,4.54,2,3329430.0,1040,130,2026-10-06
NIFTY,2026-12-29,19500.0,CE,0.0,0.0,0.0,7586.85,3523.1,0,0.0,0,0,2026-10-06
NIFTY,2026-12-29,21300.0,CE,0.0,0.0,0.0,1500.55,1814.47,0,0.0,195,0,2026-10-06
NIFTY,2026-12-29,22450.0,CE,815.0,827.4,815.0,827.4,926.11,4,6051318.0,3445,130,2026-10-06
NIFTY,2026-12-29,23500.0,CE,285.3,329.25,278.05,311.55,311.55,3072,4753499120.5,491725,37440,2026-10-06
NIFTY,2026-12-29,23750.0,CE,217.6,238.7,217.6,228.8,228.8,77,120019220.75,12935,1300,2026-10-06
NIFTY,2026-12-29,23850.0,CE,190.75,214.5,190.75,203.25,203.25,186,290794231.0,19045,5785,2026-10-06
NIFTY,2026-12-29,25500.0,CE,35.7,35.7,31.05,32.05,32.05,3648,6054473821.5,1048645,-3835,2026-10-06
NIFTY,2026-12-29,27000.0,CE,12.05,12.45,10.3,10.75,10.75,3638,6387375257.25,1845735,-25740,2026-10-06
NIFTY,2026-12-29,34500.0,CE,0.0,0.0,0.0,1.65,0.01,0,0.0,1365,0,2026-10-06
NIFTY,2027-03-30,33000.0,CE,8.5,10.4,6.35,7.45,7.45,77,165202947.0,12870,650,2026-10-06
NIFTY,2029-12-24,22500.0,CE,0.0,0.0,0.0,8486.15,4524.15,0,0.0,0,0,2026-10-06
NIFTY,2030-12-31,15000.0,CE,0.0,0.0,0.0,14862.95,10907.99,0,0.0,0,0,2026-10-06
NIFTY,2031-06-24,16500.0,CE,0.0,0.0,0.0,11849.25,10086.64,0,0.0,0,0,2026-10-06
NIFTY,2031-06-24,31500.0,CE,0.0,0.0,0.0,3928.35,2004.46,0,0.0,0,0,2026-10-06
NIFTY,2026-10-06,20550.0,PE,0.3,0.5,0.05,0.05,22776.1,16221,21667474705.5,154830,23465,2026-10-06
NIFTY,2026-10-06,20800.0,PE,0.3,0.45,0.05,0.05,22776.1,63775,86224904444.25,460850,-526695,2026-10-06
NIFTY,2026-10-06,20850.0,PE,0.2,0.45,0.05,0.05,22776.1,10048,13617722868.75,95680,-45175,2026-10-06
NIFTY,2026-10-06,21200.0,PE,0.5,0.6,0.05,0.1,22776.1,171615,236489814522.0,950170,-548405,2026-10-06
NIFTY,2026-10-06,21600.0,PE,0.6,0.95,0.05,0.15,22776.1,638591,896603284151.25,4604860,585780,2026-10-06
NIFTY,2026-10-06,22750.0,PE,182.0,192.15,0.05,13.25,22776.1,10173699,15078767141951.5,18477225,17767295,2026-10-06
NIFTY,2026-10-06,23450.0,PE,850.0,850.0,672.5,708.7,22776.1,458,720478027.75,40170,-6630,2026-10-06
NIFTY,2026-10-06,24250.0,PE,1599.95,1600.0,1466.4,1493.85,22776.1,19,31851547.0,2340,-390,2026-10-06
NIFTY,2026-10-06,24450.0,PE,1954.2,1954.2,1730.15,1761.4,22776.1,15,25549537.0,130,-845,2026-10-06
NIFTY,2026-10-13,20650.0,PE,2.75,2.95,1.65,1.8,1.8,717,962496736.5,17550,-4550,2026-10-06
NIFTY,2026-10-13,21150.0,PE,5.45,5.45,2.3,2.6,2.6,9410,12938577128.75,95680,-48100,2026-10-06
NIFTY,2026-10-13,22850.0,PE,297.4,334.55,194.85,207.1,207.1,20835,31252334951.5,292500,80600,2026-10-06
NIFTY,2026-10-13,23000.0,PE,448.0,448.85,292.5,304.6,304.6,46048,69847455723.5,1481935,504920,2026-10-06
NIFTY,2026-10-13,23400.0,PE,813.9,813.9,632.05,661.4,661.4,2465,3857601221.5,216775,96460,2026-10-06
NIFTY,2026-10-19,20650.0,PE,6.15,7.25,4.0,4.0,0.01,47,63102094.25,455,455,2026-10-06
NIFTY,2026-10-19,20900.0,PE,10.65,10.65,4.4,4.6,4.6,974,1323538661.25,44135,43875,2026-10-06
NIFTY,2026-10-19,21200.0,PE,15.4,15.5,7.0,7.35,7.35,3542,4882963523.75,112255,78780,2026-10-06
NIFTY,2026-10-19,21400.0,PE,22.2,22.4,9.05,10.5,10.5,3866,5381113825.75,112580,80600,2026-10-06
NIFTY,2026-10-19,21800.0,PE,47.2,47.5,21.4,23.1,23.1,4356,6181022217.5,103545,19500,2026-10-06
NIFTY,2026-10-19,22650.0,PE,260.2,260.25,155.2,162.75,162.75,2349,3487217399.25,35490,18460,2026-10-06
NIFTY,2026-10-19,23000.0,PE,464.8,465.0,326.2,338.75,338.75,2069,3141810655.75,133055,38870,2026-10-06
NIFTY,2026-10-19,23700.0,PE,0.0,0.0,0.0,900.0,894.25,0,0.0,1885,0,2026-10-06
NIFTY,2029-12-24,19500.0,PE,0.0,0.0,0.0,61.2,169.64,0,0.0,0,0,2026-10-06
NIFTY,2026-10-06,22600.0,CE,57.85,178.0,52.35,139.05,22776.1,11078769,16341004107203.75,2512575,-8135010,2026-10-06
NIFTY,2026-10-19,23900.0,PE,0.0,0.0,0.0,777.4,1084.6,0,0.0,0,0,2026-10-06
NIFTY,2026-10-19,24650.0,PE,0.0,0.0,0.0,1460.6,1825.83,0,0.0,0,0,2026-10-06
NIFTY,2026-10-27,21100.0,PE,26.55,26.65,16.45,16.95,16.95,2280,3130160267.0,96720,11050,2026-10-06
NIFTY,2026-10-27,21900.0,PE,87.55,90.95,53.6,55.4,55.4,14788,21112684170.5,671840,11505,2026-10-06
NIFTY,2026-10-27,23350.0,PE,695.0,695.0,602.75,617.8,617.8,61,95090294.0,29705,650,2026-10-06
NIFTY,2026-10-27,25250.0,PE,0.0,0.0,0.0,2249.0,2394.3,0,0.0,260,0,2026-10-06
NIFTY,2026-10-27,26100.0,PE,0.0,0.0,0.0,3200.0,3241.44,0,0.0,195,0,2026-10-06
NIFTY,2026-10-27,26750.0,PE,0.0,0.0,0.0,2501.2,3889.39,0,0.0,0,0,2026-10-06
NIFTY,2026-10-27,26900.0,PE,0.0,0.0,0.0,3583.15,4038.91,0,0.0,1430,0,2026-10-06
NIFTY,2026-10-27,26950.0,PE,0.0,0.0,0.0,2675.85,4088.76,0,0.0,0,0,2026-10-06
NIFTY,2026-11-03,20150.0,PE,0.0,0.0,0.0,0.7,0.06,0,0.0,0,0,2026-10-06
NIFTY,2026-11-03,20250.0,PE,0.0,0.0,0.0,0.95,0.1,0,0.0,0,0,2026-10-06
NIFTY,2026-11-03,20350.0,PE,0.0,0.0,0.0,1.3,0.16,0,0.0,0,0,2026-10-06
NIFTY,2026-11-03,21300.0,PE,36.0,36.0,34.0,34.0,34.0,4,5547100.0,260,260,2026-10-06
NIFTY,2026-10-06,22250.0,CE,371.75,529.0,327.3,503.5,22776.1,13031,19202719367.0,322595,-19955,2026-10-06
NIFTY,2026-10-06,21300.0,CE,0.0,0.0,0.0,2880.7,22776.1,0,0.0,0,0,2026-10-06
NIFTY,2026-11-03,21550.0,PE,81.3,82.9,46.4,48.45,48.45,106,148849470.25,3640,2665,2026-10-06
NIFTY,2026-11-03,21900.0,PE,93.0,95.45,70.3,82.35,82.35,71,101487447.75,7800,1820,2026-10-06
NIFTY,2026-11-03,22350.0,PE,208.75,210.65,145.85,149.55,149.55,40,58582104.75,5590,1885,2026-10-06
NIFTY,2026-11-03,22800.0,PE,396.6,403.1,300.0,304.9,304.9,254,381855961.5,14495,7930,2026-10-06
NIFTY,2026-11-03,23600.0,PE,0.0,0.0,0.0,555.1,817.89,0,0.0,0,0,2026-10-06
NIFTY,2026-11-03,23650.0,PE,0.0,0.0,0.0,463.5,858.49,0,0.0,195,0,2026-10-06
NIFTY,2026-11-03,24000.0,PE,0.0,0.0,0.0,788.3,1161.24,0,0.0,65,0,2026-10-06
NIFTY,2026-11-03,24050.0,PE,0.0,0.0,0.0,829.7,1206.66,0,0.0,0,0,2026-10-06
NIFTY,2026-11-03,24200.0,PE,0.0,0.0,0.0,1659.45,1345.38,0,0.0,65,0,2026-10-06
NIFTY,2026-11-03,24500.0,PE,0.0,0.0,0.0,1160.15,1631.14,0,0.0,0,0,2026-10-06
NIFTY,2026-11-03,25150.0,PE,0.0,0.0,0.0,1711.15,2269.38,0,0.0,0,0,2026-10-06
NIFTY,2026-11-23,20250.0,PE,0.0,0.0,0.0,4.0,1.55,0,0.0,0,0,2026-10-06
NIFTY,2026-11-23,20450.0,PE,0.0,0.0,0.0,5.8,2.93,0,0.0,0,0,2026-10-06
NIFTY,2026-11-23,20650.0,PE,40.0,40.0,40.0,40.0,5.31,1,1344850.0,1820,0,2026-10-06
NIFTY,2026-11-23,21150.0,PE,0.0,0.0,0.0,96.45,19.82,0,0.0,1105,0,2026-10-06
NIFTY,2026-11-23,21450.0,PE,94.15,94.15,78.0,79.65,79.65,15,20997674.75,2665,130,2026-10-06
NIFTY,2026-11-23,21750.0,PE,141.05,141.55,105.55,110.6,110.6,120,170592984.25,7865,1950,2026-10-06
NIFTY,2026-11-23,21950.0,PE,150.0,162.05,133.05,136.0,136.0,269,386423310.0,15795,8775,2026-10-06
NIFTY,2026-11-23,22200.0,PE,236.65,236.95,176.3,179.35,179.35,2705,3937594108.5,573300,325,2026-10-06
NIFTY,2026-11-23,23300.0,PE,724.05,724.05,618.0,622.2,622.2,120,186754535.5,51480,-1690,2026-10-06
NIFTY,2026-11-23,23400.0,PE,801.0,801.0,674.9,690.0,690.0,105,164553447.5,93275,3640,2026-10-06
NIFTY,2026-11-23,23800.0,PE,1129.05,1129.05,970.0,1000.0,995.67,63,101561437.25,58175,-845,2026-10-06
NIFTY,2026-11-23,24050.0,PE,0.0,0.0,0.0,1132.55,1197.78,0,0.0,1040,0,2026-10-06
NIFTY,2026-11-23,24600.0,PE,0.0,0.0,0.0,2050.0,1683.93,0,0.0,3575,0,2026-10-06
NIFTY,2029-06-26,27000.0,PE,0.0,0.0,0.0,1252.35,2250.52,0,0.0,0,0,2026-10-06
NIFTY,2029-06-26,18000.0,PE,0.0,0.0,0.0,118.45,65.12,0,0.0,0,0,2026-10-06
NIFTY,2028-12-26,30000.0,PE,0.0,0.0,0.0,3500.0,4380.97,0,0.0,325,0,2026-10-06
NIFTY,2026-11-23,24750.0,PE,0.0,0.0,0.0,2024.7,1823.57,0,0.0,65,0,2026-10-06
NIFTY,2026-11-23,25900.0,PE,0.0,0.0,0.0,3176.5,2939.45,0,0.0,65,0,2026-10-06
NIFTY,2026-11-23,26100.0,PE,0.0,0.0,0.0,1675.5,3137.13,0,0.0,0,0,2026-10-06
NIFTY,2026-12-29,12000.0,PE,3.45,3.45,3.0,3.0,0.01,17,13263549.0,23025,0,2026-10-06
NIFTY,2026-12-29,20050.0,PE,46.5,50.05,46.5,50.05,50.05,50,65322474.75,1950,1950,2026-10-06
NIFTY,2026-12-29,21550.0,PE,147.2,150.3,140.1,143.1,102.62,50,70507281.0,6240,-1430,2026-10-06
NIFTY,2026-12-29,21800.0,PE,205.8,210.4,166.95,170.1,170.1,706,1008674254.25,80990,9425,2026-10-06
NIFTY,2026-10-06,20500.0,CE,0.0,0.0,0.0,3674.35,22776.1,0,0.0,0,0,2026-10-06
NIFTY,2026-10-06,20300.0,CE,0.0,0.0,0.0,3873.1,22776.1,0,0.0,0,0,2026-10-06
NIFTY,2028-06-27,22000.0,PE,650.0,650.0,650.0,650.0,493.6,1,1472250.0,2210,0,2026-10-06
NIFTY,2026-12-29,23250.0,PE,0.0,0.0,0.0,848.9,676.35,0,0.0,2210,0,2026-10-06
NIFTY,2026-10-06,23950.0,CE,0.3,0.35,0.05,0.05,22776.1,54294,84522960463.5,341900,-537095,2026-10-06
NIFTY,2026-10-06,24200.0,CE,0.3,0.35,0.05,0.05,22776.1,55368,87094566845.0,676390,-586690,2026-10-06
NIFTY,2026-10-06,24250.0,CE,0.4,0.4,0.05,0.05,22776.1,13926,21951062276.0,427115,-123760,2026-10-06
NIFTY,2026-10-06,24550.0,CE,0.3,0.3,0.05,0.05,22776.1,8347,13319799886.25,161655,-38610,2026-10-06
NIFTY,2026-10-06,25000.0,CE,0.25,0.25,0.05,0.05,22776.1,54305,88246059213.0,1167790,-168220,2026-10-06
NIFTY,2026-10-06,25550.0,CE,0.35,0.35,0.05,0.05,22776.1,1620,2690423739.25,53625,12870,2026-10-06
NIFTY,2026-10-06,25650.0,CE,0.25,0.3,0.05,0.05,22776.1,1906,3177790096.0,76830,24960,2026-10-06
NIFTY,2026-10-13,20500.0,CE,2230.0,2230.0,2230.0,2230.0,2297.71,1,1477450.0,65,65,2026-10-06
NIFTY,2026-10-13,25050.0,CE,0.95,0.95,0.6,0.7,0.7,237,385905939.25,14300,6110,2026-10-06
NIFTY,2026-10-19,21500.0,CE,0.0,0.0,0.0,1760.75,1319.78,0,0.0,0,0,2026-10-06
NIFTY,2026-10-19,22900.0,CE,117.8,174.6,116.0,151.0,151.0,6002,8992193476.5,156325,68575,2026-10-06
NIFTY,2026-10-19,23000.0,CE,98.85,131.55,86.55,112.55,112.55,19474,29254617515.5,625950,232245,2026-10-06
NIFTY,2026-10-19,23500.0,CE,20.35,25.0,17.05,20.0,20.0,14358,21950256770.0,484835,189605,2026-10-06
NIFTY,2026-10-19,23550.0,CE,17.0,19.0,14.25,16.35,16.35,2768,4240160466.75,40300,18655,2026-10-06
NIFTY,2026-10-19,23800.0,CE,15.6,17.45,6.4,7.05,7.05,3540,5478139845.75,164645,64740,2026-10-06
NIFTY,2026-10-19,23850.0,CE,11.6,11.6,5.75,6.1,6.1,356,552053368.75,20865,4355,2026-10-06
NIFTY,2026-10-19,25200.0,CE,1.8,1.95,1.05,1.35,1.35,222,363655678.75,15795,390,2026-10-06
NIFTY,2026-10-27,20750.0,CE,0.0,0.0,0.0,3566.95,2091.9,0,0.0,0,0,2026-10-06
NIFTY,2026-10-27,21300.0,CE,1541.3,1541.3,1541.3,1541.3,1541.3,2,2969369.0,1105,-130,2026-10-06
NIFTY,2026-10-27,21450.0,CE,0.0,0.0,0.0,1084.5,1400.12,0,0.0,65,0,2026-10-06
NIFTY,2026-10-27,22000.0,CE,760.9,896.5,741.2,855.35,855.35,5726,8499682688.25,1232855,35425,2026-10-06
NIFTY,2026-10-27,22450.0,CE,416.95,528.9,410.0,495.35,495.35,1111,1655033354.0,82615,-4550,2026-10-06
NIFTY,2026-10-27,23500.0,CE,44.45,54.5,40.0,48.45,48.45,60262,92238056647.75,8890180,272350,2026-10-06
NIFTY,2026-10-27,23950.0,CE,17.0,17.85,12.4,15.75,15.75,1419,2210524189.25,229385,-10010,2026-10-06
NIFTY,2026-10-27,24200.0,CE,11.8,11.8,9.15,9.55,9.55,6905,10866195197.0,830115,-4420,2026-10-06
NIFTY,2026-10-27,24250.0,CE,11.5,11.5,8.75,8.95,8.95,822,1296205231.75,109590,4940,2026-10-06
NIFTY,2026-10-27,24550.0,CE,6.3,7.85,5.15,5.6,5.6,480,766163411.0,45955,-6565,2026-10-06
NIFTY,2026-10-27,24750.0,CE,6.9,6.9,3.75,4.2,4.2,304,489158413.25,26130,2210,2026-10-06
NIFTY,2026-10-27,25450.0,CE,2.05,2.85,1.5,2.55,2.55,44,72793789.25,6565,-1105,2026-10-06
NIFTY,2026-10-27,26000.0,CE,1.7,1.75,1.2,1.3,1.3,3020,5104078726.5,1845025,-15665,2026-10-06
NIFTY,2026-10-27,27000.0,CE,0.7,0.8,0.55,0.6,0.6,1355,2378079200.25,976950,-3120,2026-10-06
NIFTY,2026-11-03,20100.0,CE,0.0,0.0,0.0,3366.5,2760.77,0,0.0,0,0,2026-10-06
NIFTY,2026-11-03,20700.0,CE,0.0,0.0,0.0,2773.55,2164.06,0,0.0,0,0,2026-10-06
NIFTY,2026-11-03,20800.0,CE,0.0,0.0,0.0,2675.3,2064.91,0,0.0,0,0,2026-10-06
NIFTY,2026-11-03,22450.0,CE,0.0,0.0,0.0,463.75,583.06,0,0.0,2015,0,2026-10-06
NIFTY,2026-11-03,23250.0,CE,110.0,154.3,110.0,143.15,181.81,92,139912903.0,5655,2860,2026-10-06
NIFTY,2026-11-03,23650.0,CE,0.0,0.0,0.0,57.15,84.17,0,0.0,1560,0,2026-10-06
NIFTY,2026-11-03,23700.0,CE,0.0,0.0,0.0,401.3,75.72,0,0.0,0,0,2026-10-06
NIFTY,2026-11-03,23850.0,CE,42.8,42.8,42.8,42.8,54.44,1,1553032.0,1430,65,2026-10-06
NIFTY,2026-11-03,23950.0,CE,0.0,0.0,0.0,305.7,43.22,0,0.0,0,0,2026-10-06
NIFTY,2026-11-03,24300.0,CE,21.3,21.3,19.0,19.0,19.0,5,7903886.25,1365,260,2026-10-06
NIFTY,2026-11-23,21150.0,CE,0.0,0.0,0.0,3517.65,1798.34,0,0.0,0,0,2026-10-06
NIFTY,2026-11-23,22450.0,CE,603.4,681.05,603.4,681.05,681.05,19,28522351.0,2860,-130,2026-10-06
NIFTY,2026-11-23,23500.0,CE,152.95,182.0,146.85,168.3,168.3,7620,11721982974.0,1015430,-43290,2026-10-06
NIFTY,2026-11-23,23950.0,CE,83.75,85.05,78.05,81.5,81.5,33,51548337.75,30485,1105,2026-10-06
NIFTY,2026-11-23,24400.0,CE,37.75,42.4,35.15,39.7,39.7,1310,2081055190.5,116155,15990,2026-10-06
NIFTY,2026-11-23,25900.0,CE,10.5,10.5,6.7,7.05,7.05,12,20208487.0,1625,-130,2026-10-06
NIFTY,2026-12-29,20400.0,CE,0.0,0.0,0.0,2660.2,2646.7,0,0.0,0,0,2026-10-06
NIFTY,2026-12-29,20550.0,CE,0.0,0.0,0.0,2523.15,2503.49,0,0.0,0,0,2026-10-06
NIFTY,2026-12-29,21250.0,CE,0.0,0.0,0.0,1687.1,1858.5,0,0.0,455,0,2026-10-06
NIFTY,2026-12-29,23650.0,CE,246.8,272.9,246.8,260.4,260.4,37,57502825.25,8320,520,2026-10-06
NIFTY,2026-12-29,23700.0,CE,226.75,259.0,220.3,245.3,245.3,605,941530648.5,59995,-10270,2026-10-06
NIFTY,2026-12-29,30000.0,CE,5.9,5.95,5.2,5.45,5.45,340,663123571.5,805665,4690,2026-10-06
NIFTY,2026-12-29,31500.0,CE,4.75,4.75,3.65,3.65,0.01,7,14334586.5,33475,390,2026-10-06
NIFTY,2027-06-29,27000.0,CE,133.05,139.9,125.05,126.1,126.1,152,268064251.0,59995,2665,2026-10-06
NIFTY,2027-09-28,19500.0,CE,0.0,0.0,0.0,4470.95,4361.11,0,0.0,0,0,2026-10-06
NIFTY,2027-12-28,30000.0,CE,122.0,138.85,122.0,129.4,129.4,437,855907282.75,246155,1495,2026-10-06
NIFTY,2028-12-26,24000.0,CE,2850.0,2900.0,2810.05,2900.0,2900.0,4,6984253.25,3315,65,2026-10-06
NIFTY,2028-12-26,25500.0,CE,0.0,0.0,0.0,1800.8,1896.99,0,0.0,910,0,2026-10-06
NIFTY,2029-06-26,33000.0,CE,0.0,0.0,0.0,4179.45,455.32,0,0.0,0,0,2026-10-06
NIFTY,2029-12-24,19500.0,CE,0.0,0.0,0.0,10678.8,6609.93,0,0.0,0,0,2026-10-06
NIFTY,2030-06-25,15000.0,CE,0.0,0.0,0.0,14543.9,10562.44,0,0.0,0,0,2026-10-06
NIFTY,2030-12-31,22500.0,CE,0.0,0.0,0.0,9536.95,5507.51,0,0.0,0,0,2026-10-06
NIFTY,2031-06-24,18000.0,CE,0.0,0.0,0.0,10825.95,8979.61,0,0.0,0,0,2026-10-06
NIFTY,2031-06-24,19500.0,CE,0.0,0.0,0.0,9840.6,7911.46,0,0.0,0,0,2026-10-06
NIFTY,2031-06-24,25500.0,CE,0.0,0.0,0.0,6409.8,4290.65,0,0.0,0,0,2026-10-06
NIFTY,2026-10-06,20300.0,PE,0.3,0.4,0.05,0.05,22776.1,4586,6051285106.75,65650,15405,2026-10-06
NIFTY,2026-10-06,21300.0,PE,0.45,0.65,0.05,0.05,22776.1,150595,208502689885.75,1277640,-220285,2026-10-06
NIFTY,2026-10-06,22250.0,PE,4.0,4.95,0.05,0.15,22776.1,2152878,3113875617235.5,3374735,-1424475,2026-10-06
NIFTY,2026-10-06,22800.0,PE,223.0,235.8,23.65,47.75,22776.1,4617408,6873101333208.5,5410730,4106180,2026-10-06
NIFTY,2026-10-06,24550.0,PE,1946.05,1946.05,1841.55,1841.55,22776.1,8,13771153.5,520,-65,2026-10-06
NIFTY,2026-10-06,24600.0,PE,1947.4,1961.65,1682.1,1766.7,22776.1,47,80934772.75,4420,-1105,2026-10-06
NIFTY,2026-10-06,25400.0,PE,2810.0,2810.0,2715.0,2721.0,22776.1,14,25599505.75,715,-715,2026-10-06
NIFTY,2026-10-06,25450.0,PE,0.0,0.0,0.0,1346.9,22776.1,0,0.0,0,0,2026-10-06
NIFTY,2026-10-06,25500.0,PE,2920.55,2920.55,2725.05,2728.3,22776.1,235,432618767.75,32955,-11895,2026-10-06
NIFTY,2026-10-13,20900.0,PE,4.1,4.25,1.85,2.15,2.15,29568,40173587844.0,361400,31720,2026-10-06
NIFTY,2026-10-13,22650.0,PE,199.75,212.4,103.05,111.7,111.7,164760,244053058028.0,1134770,905645,2026-10-06
NIFTY,2026-10-13,23100.0,PE,534.4,534.4,366.75,383.1,383.1,7340,11214187084.75,338260,178295,2026-10-06
NIFTY,2026-10-13,24200.0,PE,1575.0,1575.0,1425.8,1443.95,1443.95,252,420513603.25,60255,10270,2026-10-06
NIFTY,2026-10-13,24500.0,PE,1889.95,1890.0,1719.0,1747.7,1747.7,764,1306275083.75,121290,42510,2026-10-06
NIFTY,2026-10-19,20800.0,PE,9.3,9.3,3.8,4.15,4.15,1368,1849995147.0,49790,31460,2026-10-06
NIFTY,2026-10-19,21000.0,PE,12.95,13.0,5.2,5.75,5.75,8831,12058817108.0,304785,85475,2026-10-06
NIFTY,2026-10-19,21050.0,PE,11.7,11.7,6.25,6.25,0.09,69,94451214.0,2925,585,2026-10-06
NIFTY,2026-10-19,23050.0,PE,441.55,452.45,358.6,375.75,375.75,115,175274043.75,3120,0,2026-10-06
NIFTY,2026-10-19,23250.0,PE,525.7,537.2,525.7,537.2,504.83,4,6183729.5,3055,-65,2026-10-06
NIFTY,2026-10-19,24500.0,PE,1735.5,1735.5,1710.0,1723.4,1723.4,23,39211835.0,1495,1495,2026-10-06
NIFTY,2026-10-19,25100.0,PE,0.0,0.0,0.0,1872.7,2274.79,0,0.0,0,0,2026-10-06
NIFTY,2026-10-27,20350.0,PE,0.0,0.0,0.0,10.55,0.02,0,0.0,0,0,2026-10-06
NIFTY,2026-10-27,21250.0,PE,33.8,33.8,20.35,21.0,21.0,407,562830934.25,32175,-6500,2026-10-06
NIFTY,2026-10-27,24500.0,PE,1854.0,1854.0,1659.55,1686.95,1686.95,3730,6349767638.5,1636310,155220,2026-10-06
NIFTY,2026-10-27,24800.0,PE,2074.85,2074.85,1963.25,1973.75,1973.75,129,224830300.5,314860,195,2026-10-06
NIFTY,2026-10-27,25550.0,PE,0.0,0.0,0.0,2725.0,2693.22,0,0.0,910,0,2026-10-06
NIFTY,2026-10-27,26600.0,PE,0.0,0.0,0.0,3700.0,3739.86,0,0.0,455,0,2026-10-06
NIFTY,2026-10-27,26700.0,PE,0.0,0.0,0.0,3900.0,3839.54,0,0.0,260,0,2026-10-06
NIFTY,2026-11-03,20050.0,PE,0.0,0.0,0.0,0.5,0.03,0,0.0,0,0,2026-10-06
NIFTY,2026-11-03,20600.0,PE,19.0,19.6,16.4,16.75,16.75,44,58966969.75,2470,2470,2026-10-06
NIFTY,2026-11-03,20650.0,PE,0.0,0.0,0.0,3.1,0.65,0,0.0,0,0,2026-10-06
NIFTY,2026-11-03,21000.0,PE,38.0,38.0,23.9,26.1,26.1,499,682075345.25,22425,7995,2026-10-06
NIFTY,2026-11-03,22000.0,PE,121.05,133.6,86.85,90.9,90.9,611,877862488.75,29575,2340,2026-10-06
NIFTY,2026-11-03,22100.0,PE,145.45,147.95,102.55,106.25,106.25,144,207949855.75,7865,1365,2026-10-06
NIFTY,2026-11-03,22150.0,PE,162.15,162.15,112.8,112.8,112.8,22,31848371.75,2535,-585,2026-10-06
NIFTY,2026-11-03,23150.0,PE,540.15,540.7,486.15,486.15,486.15,94,144648673.0,5070,4875,2026-10-06
NIFTY,2026-11-03,23200.0,PE,636.6,643.95,509.0,519.7,519.7,474,731505979.75,20020,10270,2026-10-06
NIFTY,2026-11-03,23250.0,PE,0.0,0.0,0.0,670.0,557.82,0,0.0,455,0,2026-10-06
NIFTY,2026-11-03,23550.0,PE,0.0,0.0,0.0,528.4,778.07,0,0.0,0,0,2026-10-06
NIFTY,2026-11-03,23850.0,PE,0.0,0.0,0.0,700.25,1027.93,0,0.0,0,0,2026-10-06
NIFTY,2026-11-03,24900.0,PE,0.0,0.0,0.0,1490.95,2022.18,0,0.0,0,0,2026-10-06
NIFTY,2026-11-03,25000.0,PE,0.0,0.0,0.0,1577.95,2120.9,0,0.0,0,0,2026-10-06
NIFTY,2026-11-23,20150.0,PE,0.0,0.0,0.0,3.3,1.11,0,0.0,0,0,2026-10-06
NIFTY,2026-11-23,20300.0,PE,0.0,0.0,0.0,4.4,1.83,0,0.0,0,0,2026-10-06
NIFTY,2026-11-23,20500.0,PE,46.6,46.6,33.75,34.45,34.45,3945,5266481584.0,322920,25935,2026-10-06
NIFTY,2026-11-23,23150.0,PE,621.5,621.5,525.4,525.4,525.4,42,64738833.25,128635,-130,2026-10-06
NIFTY,2026-11-23,23750.0,PE,0.0,0.0,0.0,1135.95,957.06,0,0.0,2860,0,2026-10-06
NIFTY,2026-11-23,24650.0,PE,0.0,0.0,0.0,1463.55,1730.22,0,0.0,260,0,2026-10-06
NIFTY,2026-11-23,24950.0,PE,0.0,0.0,0.0,915.05,2012.93,0,0.0,0,0,2026-10-06
NIFTY,2026-11-23,25050.0,PE,0.0,0.0,0.0,2152.6,2108.7,0,0.0,65,0,2026-10-06
NIFTY,2026-12-29,20150.0,PE,0.0,0.0,0.0,31.0,8.26,0,0.0,0,0,2026-10-06
NIFTY,2026-12-29,20850.0,PE,0.0,0.0,0.0,105.9,33.16,0,0.0,1690,0,2026-10-06
NIFTY,2026-12-29,21150.0,PE,122.25,124.15,95.8,100.5,100.5,120,165841464.75,5590,1755,2026-10-06
NIFTY,2026-12-29,21350.0,PE,143.3,143.3,118.95,119.0,119.0,52,72584778.5,3055,520,2026-10-06
NIFTY,2026-12-29,21650.0,PE,0.0,0.0,0.0,197.45,118.31,0,0.0,8710,0,2026-10-06
NIFTY,2026-12-29,22000.0,PE,256.75,262.5,203.45,207.8,207.8,11923,17221176352.25,3426045,24555,2026-10-06
NIFTY,2026-12-29,22050.0,PE,259.55,259.55,214.3,216.05,216.05,37,53595152.0,7280,455,2026-10-06
NIFTY,2026-12-29,22800.0,PE,506.75,507.3,421.45,426.2,426.2,547,826646080.0,82485,3900,2026-10-06
NIFTY,2026-12-29,23200.0,PE,700.1,700.1,596.0,600.05,600.05,62,95972360.25,7215,-585,2026-10-06
NIFTY,2026-12-29,23500.0,PE,879.95,881.75,755.0,766.6,766.6,969,1530347731.25,109330,17355,2026-10-06
NIFTY,2027-09-28,22500.0,PE,0.0,0.0,0.0,761.85,569.72,0,0.0,65,0,2026-10-06
NIFTY,2027-09-28,30000.0,PE,0.0,0.0,0.0,5717.3,5715.56,0,0.0,0,0,2026-10-06
NIFTY,2028-12-26,19500.0,PE,0.0,0.0,0.0,49.0,142.96,0,0.0,0,0,2026-10-06
NIFTY,2029-06-26,24000.0,PE,0.0,0.0,0.0,850.0,1021.25,0,0.0,155,0,2026-10-06
NIFTY,2029-06-26,26000.0,PE,0.0,0.0,0.0,1650.0,1780.09,0,0.0,50,0,2026-10-06
NIFTY,2030-12-31,28500.0,PE,0.0,0.0,0.0,1083.1,2365.85,0,0.0,0,0,2026-10-06
NIFTY,2030-12-31,31500.0,PE,0.0,0.0,0.0,1885.5,3823.75,0,0.0,0,0,2026-10-06
NIFTY,2031-06-24,27000.0,PE,0.0,0.0,0.0,1653.15,1645.06,0,0.0,0,0,2026-10-06
NIFTY,2026-10-06,22900.0,CE,2.05,4.75,0.05,0.25,22776.1,8780604,13071101971759.0,11119095,-80470,2026-10-06
NIFTY,2026-10-06,21150.0,CE,0.0,0.0,0.0,3029.15,22776.1,0,0.0,0,0,2026-10-06
NIFTY,2026-10-06,21200.0,CE,0.0,0.0,0.0,1359.7,22776.1,0,0.0,130,0,2026-10-06
NIFTY,2026-10-06,21700.0,CE,878.3,1078.25,877.3,1034.25,22776.1,122,179852227.75,13845,130,2026-10-06
NIFTY,2026-10-06,22050.0,CE,524.0,727.55,524.0,689.95,22776.1,768,1132515117.5,58435,6435,2026-10-06
NIFTY,2026-10-06,22950.0,CE,1.9,2.75,0.05,0.2,22776.1,4348626,6487465815925.25,4784910,70330,2026-10-06
NIFTY,2026-11-03,21700.0,PE,90.75,90.75,57.4,57.7,57.7,148,209341574.0,12545,5590,2026-10-06
NIFTY,2026-11-03,21600.0,PE,59.4,63.1,48.9,49.95,49.95,127,178779740.75,6695,2015,2026-10-06
NIFTY,2026-11-03,21500.0,PE,63.95,66.8,44.55,46.0,46.0,375,525378262.5,20540,5005,2026-10-06
NIFTY,2026-11-03,20200.0,PE,0.0,0.0,0.0,0.85,0.07,0,0.0,0,0,2026-10-06
NIFTY,2026-10-27,26300.0,PE,0.0,0.0,0.0,3662.75,3440.81,0,0.0,34970,0,2026-10-06
NIFTY,2026-10-27,26150.0,PE,0.0,0.0,0.0,2950.0,3291.28,0,0.0,195,0,2026-10-06
NIFTY,2026-10-27,25450.0,PE,0.0,0.0,0.0,1850.0,2593.56,0,0.0,325,0,2026-10-06
NIFTY,2026-10-27,25400.0,PE,2600.0,2600.0,2600.0,2600.0,2543.74,1,1820000.0,8840,65,2026-10-06
NIFTY,2026-10-27,24850.0,PE,2040.0,2040.0,2040.0,2040.0,1996.38,2,3495700.0,1560,65,2026-10-06
NIFTY,2026-10-27,24200.0,PE,1554.95,1554.95,1363.0,1395.2,1395.2,334,556374786.5,383435,-520,2026-10-06
NIFTY,2026-10-27,24050.0,PE,1245.0,1245.0,1228.25,1228.25,1214.85,2,3287261.25,4030,0,2026-10-06
NIFTY,2026-10-27,22200.0,PE,143.1,148.85,91.0,94.6,94.6,24117,34975550275.25,1400230,17615,2026-10-06
NIFTY,2026-10-27,21950.0,PE,100.1,100.1,58.3,60.25,60.25,1428,2044312198.5,71240,14300,2026-10-06
NIFTY,2026-10-27,21550.0,PE,53.25,53.25,30.3,31.5,31.5,838,1175938182.25,28795,-8580,2026-10-06
NIFTY,2026-10-19,23600.0,PE,915.0,915.0,915.0,915.0,801.99,3,4780425.0,2600,-195,2026-10-06
NIFTY,2026-10-19,23150.0,PE,510.1,510.1,444.0,446.85,430.14,16,24554426.0,2340,325,2026-10-06
NIFTY,2026-10-19,22750.0,PE,301.1,307.2,194.1,204.45,204.45,2157,3221470996.25,42445,26455,2026-10-06
NIFTY,2026-10-19,22700.0,PE,256.05,285.15,175.05,183.5,183.5,18863,28103595835.25,482365,394745,2026-10-06
NIFTY,2026-10-19,21950.0,PE,63.15,63.8,29.15,31.2,31.2,2091,2988400054.25,43810,23920,2026-10-06
NIFTY,2026-10-19,21550.0,PE,28.0,28.0,13.1,13.7,13.7,174,243922880.5,8190,1885,2026-10-06
NIFTY,2026-10-19,21250.0,PE,17.3,17.3,7.6,8.1,8.1,220,304049187.0,9100,4875,2026-10-06
NIFTY,2026-10-19,20950.0,PE,10.5,10.5,5.2,6.15,0.05,66,89908152.75,2730,2535,2026-10-06
NIFTY,2026-10-19,20200.0,PE,2.85,3.95,2.75,2.95,2.95,25,32829930.25,780,780,2026-10-06
NIFTY,2026-10-13,22600.0,PE,180.0,187.1,87.3,94.9,94.9,395900,584702699311.25,3993015,2315560,2026-10-06
NIFTY,2026-10-13,21650.0,PE,14.05,14.55,4.65,5.3,5.3,33337,46929772275.75,464620,291720,2026-10-06
NIFTY,2026-10-13,20850.0,PE,2.75,7.85,1.95,2.15,2.15,3828,5188580393.75,70460,29900,2026-10-06
NIFTY,2026-10-13,20100.0,PE,2.65,2.7,1.4,1.55,1.55,49288,64400930974.25,3213080,322920,2026-10-06
NIFTY,2026-10-06,25350.0,PE,0.0,0.0,0.0,2750.0,22776.1,0,0.0,520,0,2026-10-06
NIFTY,2026-10-06,25200.0,PE,2500.0,2500.0,2500.0,2500.0,22776.1,4,7202000.0,650,-260,2026-10-06
NIFTY,2026-10-06,24100.0,PE,1503.4,1528.85,1324.5,1359.9,22776.1,399,661989968.25,14950,-16055,2026-10-06
NIFTY,2026-10-06,22500.0,PE,30.7,39.45,0.05,0.3,22776.1,12923216,18908176366439.75,10163335,-2067845,2026-10-06
NIFTY,2026-10-06,22150.0,PE,2.4,2.55,0.05,0.1,22776.1,1676289,2413574582438.5,3156985,-851175,2026-10-06
NIFTY,2026-10-06,21750.0,PE,1.0,1.1,0.05,0.1,22776.1,452467,639691634845.25,3210350,917670,2026-10-06
NIFTY,2026-10-06,21150.0,PE,0.5,0.6,0.05,0.1,22776.1,33044,45428093207.25,399165,199030,2026-10-06
NIFTY,2026-10-06,20600.0,PE,0.2,0.35,0.05,0.05,22776.1,89076,119274131808.0,888940,-108745,2026-10-06
NIFTY,2026-10-06,20050.0,PE,0.3,0.4,0.05,0.05,22776.1,12209,15911552280.0,198900,20150,2026-10-06
NIFTY,2030-12-31,21000.0,CE,0.0,0.0,0.0,10552.5,6471.47,0,0.0,0,0,2026-10-06
NIFTY,2030-06-25,30000.0,CE,0.0,0.0,0.0,5580.35,1661.27,0,0.0,0,0,2026-10-06
NIFTY,2030-06-25,22500.0,CE,0.0,0.0,0.0,9012.4,5016.34,0,0.0,0,0,2026-10-06
NIFTY,2030-06-25,18000.0,CE,0.0,0.0,0.0,12423.9,8188.57,0,0.0,0,0,2026-10-06
NIFTY,2029-12-24,30000.0,CE,1355.05,1425.0,1355.05,1400.0,1283.81,5,10201867.0,13605,-65,2026-10-06
NIFTY,2029-06-26,27000.0,CE,0.0,0.0,0.0,6570.4,1782.41,0,0.0,0,0,2026-10-06
NIFTY,2029-06-26,24000.0,CE,0.0,0.0,0.0,8085.35,3135.83,0,0.0,0,0,2026-10-06
NIFTY,2029-06-26,19500.0,CE,0.0,0.0,0.0,10206.95,6147.87,0,0.0,0,0,2026-10-06
NIFTY,2029-06-26,18000.0,CE,0.0,0.0,0.0,11678.65,7345.08,0,0.0,0,0,2026-10-06
NIFTY,2028-12-26,15000.0,CE,0.0,0.0,0.0,11381.75,9506.94,0,0.0,0,0,2026-10-06
NIFTY,2027-12-28,15000.0,CE,0.0,0.0,0.0,7931.05,8755.62,0,0.0,0,0,2026-10-06
NIFTY,2027-03-30,19500.0,CE,3650.0,3734.0,3650.0,3734.0,3800.91,6,9036309.75,2340,195,2026-10-06
NIFTY,2026-12-29,29000.0,CE,5.5,6.0,5.15,5.35,5.35,181,341250585.0,398415,-1885,2026-10-06
NIFTY,2026-12-29,24250.0,CE,114.85,131.35,114.85,124.25,124.25,154,243978572.5,21710,-845,2026-10-06
NIFTY,2026-12-29,24100.0,CE,138.5,157.95,138.5,149.8,149.8,205,323131256.5,18590,5070,2026-10-06
NIFTY,2026-12-29,23600.0,CE,250.85,290.05,250.3,277.6,277.6,189,293241562.25,32565,-325,2026-10-06
NIFTY,2026-12-29,23200.0,CE,395.8,456.0,391.65,436.6,436.6,164,251903489.5,31395,3315,2026-10-06
NIFTY,2026-12-29,20450.0,CE,0.0,0.0,0.0,2614.3,2598.83,0,0.0,0,0,2026-10-06
NIFTY,2026-12-29,16500.0,CE,0.0,0.0,0.0,10405.0,6483.63,0,0.0,0,0,2026-10-06
NIFTY,2026-12-29,15000.0,CE,0.0,0.0,0.0,5977.65,7964.77,0,0.0,0,0,2026-10-06
NIFTY,2026-11-23,25350.0,CE,0.0,0.0,0.0,15.0,8.03,0,0.0,455,0,2026-10-06
NIFTY,2026-11-23,24900.0,CE,22.3,23.4,20.55,21.95,20.84,35,56696357.25,4030,585,2026-10-06
NIFTY,2026-11-23,24750.0,CE,26.75,33.05,23.55,27.25,27.25,64,103069495.75,13650,195,2026-10-06
NIFTY,2026-11-23,24550.0,CE,35.95,35.95,29.1,31.1,31.1,22,35155601.0,6305,130,2026-10-06
NIFTY,2026-11-23,24100.0,CE,58.3,68.85,58.3,63.7,63.7,1072,1683740181.5,172575,-8840,2026-10-06
NIFTY,2026-11-23,23850.0,CE,84.8,99.3,84.8,96.1,96.1,80,124506580.25,12805,-390,2026-10-06
NIFTY,2026-11-23,23600.0,CE,128.0,155.85,122.75,143.55,143.55,1303,2010826928.5,204620,4030,2026-10-06
NIFTY,2026-11-23,23350.0,CE,189.9,225.05,188.0,214.3,214.3,172,263412201.0,35815,1820,2026-10-06
NIFTY,2026-11-23,23050.0,CE,295.75,350.7,295.75,334.45,334.45,123,186951839.75,18655,-2080,2026-10-06
NIFTY,2026-11-23,22600.0,CE,509.0,612.5,506.5,583.6,583.6,1272,1915839110.25,68185,130,2026-10-06
NIFTY,2026-11-23,22250.0,CE,812.85,825.25,810.25,810.25,858.37,8,11994121.75,1105,-390,2026-10-06
NIFTY,2026-11-23,21950.0,CE,0.0,0.0,0.0,2769.65,1088.66,0,0.0,0,0,2026-10-06
NIFTY,2026-11-23,21700.0,CE,0.0,0.0,0.0,2999.2,1298.05,0,0.0,0,0,2026-10-06
NIFTY,2026-11-23,21250.0,CE,0.0,0.0,0.0,3422.3,1704.35,0,0.0,0,0,2026-10-06
NIFTY,2026-11-23,20200.0,CE,0.0,0.0,0.0,4438.3,2722.99,0,0.0,0,0,2026-10-06
NIFTY,2026-11-03,24700.0,CE,11.35,12.65,10.25,12.2,12.2,38,61036989.0,20735,-585,2026-10-06
NIFTY,2026-11-03,24050.0,CE,0.0,0.0,0.0,272.55,34.02,0,0.0,0,0,2026-10-06
NIFTY,2026-11-03,23000.0,CE,201.95,252.35,193.15,233.4,233.4,499,753277369.0,33475,3575,2026-10-06
NIFTY,2026-11-03,22650.0,CE,357.75,433.95,355.25,419.0,419.0,60,89920821.25,4160,520,2026-10-06
NIFTY,2026-11-03,22400.0,CE,510.0,603.5,505.25,592.5,592.5,158,235819948.0,3705,-1560,2026-10-06
NIFTY,2026-11-03,22250.0,CE,0.0,0.0,0.0,606.0,728.15,0,0.0,390,0,2026-10-06
NIFTY,2026-11-03,21850.0,CE,0.0,0.0,0.0,1676.7,1060.1,0,0.0,0,0,2026-10-06
NIFTY,2026-11-03,21450.0,CE,0.0,0.0,0.0,2046.95,1429.68,0,0.0,0,0,2026-10-06
NIFTY,2026-11-03,21050.0,CE,0.0,0.0,0.0,2431.1,1818.06,0,0.0,0,0,2026-10-06
NIFTY,2026-11-03,20750.0,CE,0.0,0.0,0.0,2724.4,2114.47,0,0.0,0,0,2026-10-06
NIFTY,2026-11-03,20600.0,CE,0.0,0.0,0.0,2872.0,2263.35,0,0.0,0,0,2026-10-06
NIFTY,2026-11-03,20050.0,CE,0.0,0.0,0.0,3416.1,2810.55,0,0.0,0,0,2026-10-06
NIFTY,2026-10-27,27150.0,CE,0.0,0.0,0.0,1.0,0.01,0,0.0,2210,0,2026-10-06
NIFTY,2026-10-27,24700.0,CE,5.6,6.1,4.35,4.7,4.7,1152,1849935928.75,284310,2925,2026-10-06
NIFTY,2026-10-27,24400.0,CE,9.35,9.35,6.5,7.15,7.15,3372,5349739216.25,326430,-29120,2026-10-06
NIFTY,2026-10-27,24100.0,CE,12.4,13.65,11.2,11.6,11.6,4640,7272261584.25,580320,20150,2026-10-06
NIFTY,2026-10-27,23850.0,CE,19.65,21.35,18.1,18.95,18.95,1349,2092993106.75,135655,-8775,2026-10-06
NIFTY,2026-10-27,23200.0,CE,94.15,122.0,86.05,108.25,108.25,22316,33805609197.75,2602340,44720,2026-10-06
NIFTY,2026-10-27,22650.0,CE,297.9,391.0,292.15,356.2,356.2,9155,13685548425.25,149500,10985,2026-10-06
NIFTY,2026-10-27,22600.0,CE,322.0,424.05,320.0,390.1,390.1,31782,47462773358.0,1115855,-148590,2026-10-06
NIFTY,2026-10-27,22100.0,CE,679.75,808.6,669.9,764.7,764.7,275,408410843.75,50375,-1755,2026-10-06
NIFTY,2026-10-27,21350.0,CE,0.0,0.0,0.0,1174.0,1497.74,0,0.0,65,0,2026-10-06
NIFTY,2026-10-27,20350.0,CE,0.0,0.0,0.0,3951.55,2490.42,0,0.0,0,0,2026-10-06
NIFTY,2026-10-19,24750.0,CE,1.5,1.5,1.2,1.35,1.35,15,24132550.0,1560,-325,2026-10-06
NIFTY,2026-10-19,24300.0,CE,3.05,3.5,1.7,1.85,1.85,902,1424839620.75,39000,38155,2026-10-06
NIFTY,2026-10-19,24050.0,CE,6.4,6.4,3.6,4.4,4.4,17,26579900.75,5135,455,2026-10-06
NIFTY,2026-10-19,22600.0,CE,262.05,346.3,246.7,313.25,313.25,10340,15389498263.75,199745,-38480,2026-10-06
NIFTY,2026-10-19,22500.0,CE,325.0,417.7,307.0,383.25,383.25,4872,7239533678.0,132795,-4745,2026-10-06
NIFTY,2026-10-19,21200.0,CE,0.0,0.0,0.0,2046.4,1617.85,0,0.0,0,0,2026-10-06
NIFTY,2026-10-19,21100.0,CE,0.0,0.0,0.0,2143.1,1717.52,0,0.0,0,0,2026-10-06
NIFTY,2026-10-19,21050.0,CE,0.0,0.0,0.0,2191.7,1767.39,0,0.0,0,0,2026-10-06
NIFTY,2026-10-13,24500.0,CE,1.05,1.1,0.7,0.9,0.9,58853,93726559403.75,2164695,654940,2026-10-06
NIFTY,2026-10-13,24150.0,CE,1.25,1.25,0.8,0.95,0.95,3431,5386021303.0,98735,-13325,2026-10-06
NIFTY,2026-10-13,23300.0,CE,13.8,20.0,9.9,11.45,11.45,156452,237068825188.0,3003455,1173575,2026-10-06
NIFTY,2026-10-13,23150.0,CE,23.25,34.4,20.1,25.45,25.45,66364,99973261537.5,796835,190450,2026-10-06
NIFTY,2026-10-13,22900.0,CE,61.8,106.4,59.1,84.6,84.6,246536,368318611235.25,2820610,975130,2026-10-06
NIFTY,2026-10-13,22600.0,CE,189.3,276.75,174.0,240.05,240.05,264631,392628983753.5,1966965,-8190,2026-10-06
NIFTY,2026-10-13,22050.0,CE,600.0,725.0,600.0,711.05,711.05,79,116740139.75,5395,-1040,2026-10-06
NIFTY,2026-10-13,20950.0,CE,0.0,0.0,0.0,2803.55,1848.19,0,0.0,0,0,2026-10-06
NIFTY,2026-10-06,24950.0,CE,0.25,0.35,0.05,0.1,22776.1,1431,2320737188.25,65585,15730,2026-10-06
NIFTY,2026-10-06,24750.0,CE,0.25,0.35,0.05,0.05,22776.1,3986,6412523474.5,59085,-45240,2026-10-06
NIFTY,2026-10-06,24600.0,CE,0.3,0.35,0.05,0.05,22776.1,9588,15331332643.25,214760,-59215,2026-10-06
NIFTY,2026-10-06,24050.0,CE,0.35,0.4,0.05,0.05,22776.1,18454,28848519277.5,226850,-262925,2026-10-06
NIFTY,2026-10-06,23800.0,CE,0.35,0.4,0.05,0.05,22776.1,181412,280647175529.5,1265745,-1395745,2026-10-06
NIFTY,2026-10-06,21600.0,CE,1024.0,1179.1,1024.0,1139.85,22776.1,25,36893184.25,5330,585,2026-10-06
NIFTY,2026-10-06,21450.0,CE,0.0,0.0,0.0,1094.6,22776.1,0,0.0,2145,0,2026-10-06
NIFTY,2026-10-06,20050.0,CE,0.0,0.0,0.0,4121.65,22776.1,0,0.0,0,0,2026-10-06
NIFTY,2026-11-23,22050.0,PE,196.3,196.3,151.25,152.9,152.9,144,207965199.0,9750,3640,2026-10-06
NIFTY,2026-11-23,23600.0,PE,910.05,910.05,810.65,832.45,832.45,40,63554900.5,44070,65,2026-10-06
NIFTY,2026-11-23,24000.0,PE,1282.05,1295.65,1139.85,1158.0,1158.0,314,514169685.25,295360,5330,2026-10-06
NIFTY,2026-11-23,25300.0,PE,0.0,0.0,0.0,1600.0,2350.54,0,0.0,65,0,2026-10-06
NIFTY,2026-11-23,26050.0,PE,0.0,0.0,0.0,1637.9,3087.68,0,0.0,0,0,2026-10-06
NIFTY,2026-12-29,16500.0,PE,13.75,13.75,13.75,13.75,0.01,10,10733937.5,6110,0,2026-10-06
NIFTY,2026-12-29,18000.0,PE,21.95,21.95,19.35,20.05,20.05,3909,4578739152.0,1039370,48880,2026-10-06
NIFTY,2026-12-29,20550.0,PE,0.0,0.0,0.0,55.9,18.92,0,0.0,0,0,2026-10-06
NIFTY,2026-12-29,21300.0,PE,143.4,143.4,112.05,113.45,113.45,236,328597386.0,11245,1235,2026-10-06
NIFTY,2026-12-29,21950.0,PE,202.0,202.25,197.2,197.2,197.2,15,21597335.5,9555,-260,2026-10-06
NIFTY,2026-12-29,22150.0,PE,282.0,282.0,230.0,232.05,232.05,41,59692418.5,8190,910,2026-10-06
NIFTY,2026-12-29,22650.0,PE,458.25,458.25,372.4,374.7,374.7,25,37458310.5,6045,455,2026-10-06
NIFTY,2026-12-29,23000.0,PE,615.0,615.0,501.0,509.8,509.8,6863,10500941623.25,2680920,4280,2026-10-06
NIFTY,2026-12-29,23300.0,PE,696.0,696.0,649.3,653.25,653.25,32,49837924.5,5005,-455,2026-10-06
NIFTY,2026-12-29,23750.0,PE,0.0,0.0,0.0,1120.0,985.64,0,0.0,2795,0,2026-10-06
NIFTY,2026-12-29,26000.0,PE,3074.4,3074.4,2874.35,2911.6,2911.6,597,1123034997.5,1619130,-4285,2026-10-06
NIFTY,2027-03-30,27000.0,PE,3566.05,3566.05,3401.45,3420.9,3420.9,240,474820671.0,81510,10400,2026-10-06
NIFTY,2027-09-28,18000.0,PE,0.0,0.0,0.0,40.2,12.58,0,0.0,0,0,2026-10-06
NIFTY,2027-12-28,21000.0,PE,426.4,427.0,380.0,381.8,381.8,251,349004623.5,91455,-1040,2026-10-06
NIFTY,2028-06-27,33000.0,PE,0.0,0.0,0.0,3707.8,7345.81,0,0.0,0,0,2026-10-06
NIFTY,2028-12-26,15000.0,PE,0.0,0.0,0.0,22.25,3.34,0,0.0,0,0,2026-10-06
NIFTY,2028-12-26,23000.0,PE,902.0,902.0,902.0,902.0,755.17,1,1553630.0,2955,-65,2026-10-06
NIFTY,2029-06-26,16500.0,PE,0.0,0.0,0.0,8.1,21.82,0,0.0,0,0,2026-10-06
NIFTY,2029-12-24,21000.0,PE,0.0,0.0,0.0,418.05,336.39,0,0.0,1885,0,2026-10-06
NIFTY,2029-12-24,22500.0,PE,0.0,0.0,0.0,225.7,597.06,0,0.0,0,0,2026-10-06
NIFTY,2026-11-03,23100.0,PE,550.0,552.4,451.55,456.05,456.05,75,115095067.75,6240,4290,2026-10-06
NIFTY,2026-11-23,21100.0,PE,79.05,79.05,55.05,56.85,56.85,345,474562585.25,36725,8060,2026-10-06
NIFTY,2026-11-23,20950.0,PE,54.25,54.25,50.0,50.0,12.03,2,2730276.25,455,65,2026-10-06
NIFTY,2026-11-03,24850.0,PE,0.0,0.0,0.0,1448.0,1972.92,0,0.0,0,0,2026-10-06
NIFTY,2026-11-03,24150.0,PE,0.0,0.0,0.0,898.65,1298.76,0,0.0,0,0,2026-10-06
NIFTY,2026-11-03,22200.0,PE,171.0,173.85,118.5,120.95,120.95,214,310733267.0,10595,0,2026-10-06
NIFTY,2026-12-29,22900.0,PE,552.0,552.0,460.15,466.55,466.55,209,317597078.5,24635,-585,2026-10-06
NIFTY,2026-12-29,22750.0,PE,476.0,476.0,401.45,407.3,407.3,39,58737012.75,7215,-325,2026-10-06
NIFTY,2026-12-29,21500.0,PE,165.15,167.35,129.85,132.55,132.55,4875,6857965305.75,257205,-23400,2026-10-06
NIFTY,2026-12-29,21050.0,PE,102.0,102.0,96.45,96.45,46.95,10,13745930.25,4355,455,2026-10-06
NIFTY,2026-12-29,20600.0,PE,73.45,76.75,70.0,70.0,20.84,26,34936151.25,1560,1560,2026-10-06
NIFTY,2026-12-29,20000.0,PE,63.6,63.6,50.1,50.7,50.7,8870,11561868061.25,1798930,-75980,2026-10-06
NIFTY,2026-12-29,19000.0,PE,33.95,33.95,27.5,28.15,28.15,3893,4815251704.25,1198465,89760,2026-10-06
NIFTY,2026-11-23,25750.0,PE,0.0,0.0,0.0,1419.55,2791.51,0,0.0,0,0,2026-10-06
NIFTY,2026-11-23,23650.0,PE,990.0,990.0,861.1,872.9,881.82,10,15960980.75,9100,325,2026-10-06
NIFTY,2026-11-03,24800.0,PE,0.0,0.0,0.0,1405.5,1923.75,0,0.0,0,0,2026-10-06
NIFTY,2026-11-03,21750.0,PE,78.8,78.8,69.85,69.9,69.9,7,9930583.0,1625,195,2026-10-06
NIFTY,2026-10-27,25150.0,PE,0.0,0.0,0.0,2150.0,2294.72,0,0.0,260,0,2026-10-06
NIFTY,2026-10-27,25000.0,PE,2339.9,2345.0,2151.1,2183.2,2183.2,1664,2944188032.5,2172040,1235,2026-10-06
NIFTY,2026-10-27,22600.0,PE,288.45,288.45,185.4,193.3,193.3,40709,60383963370.25,1556035,239655,2026-10-06
NIFTY,2026-10-19,24450.0,PE,0.0,0.0,0.0,1286.65,1626.58,0,0.0,0,0,2026-10-06
NIFTY,2026-10-19,24350.0,PE,0.0,0.0,0.0,1202.45,1527.14,0,0.0,0,0,2026-10-06
NIFTY,2026-10-19,22500.0,PE,186.15,194.45,108.05,115.7,115.7,11086,16315296868.0,274690,27560,2026-10-06
NIFTY,2026-10-13,23750.0,PE,1074.75,1074.75,1003.0,1010.9,950.84,8,12882236.25,4225,130,2026-10-06
NIFTY,2026-10-13,21250.0,PE,5.55,6.4,2.4,2.85,2.85,12302,16995394266.5,148525,-81315,2026-10-06
NIFTY,2026-10-13,20950.0,PE,5.05,5.5,1.95,2.3,2.3,2854,3886965810.0,43030,6760,2026-10-06
NIFTY,2026-10-06,25050.0,PE,0.0,0.0,0.0,2530.0,22776.1,0,0.0,520,0,2026-10-06
NIFTY,2026-10-06,20700.0,PE,0.3,0.4,0.05,0.05,22776.1,25282,34017360737.75,196170,-119925,2026-10-06
NIFTY,2030-06-25,24000.0,CE,0.0,0.0,0.0,8591.55,4133.48,0,0.0,0,0,2026-10-06
NIFTY,2028-06-27,24000.0,CE,0.0,0.0,0.0,3918.85,2071.04,0,0.0,0,0,2026-10-06
NIFTY,2027-12-28,24000.0,CE,1450.8,1570.0,1450.75,1537.9,1537.9,286,474489850.25,183820,1690,2026-10-06
NIFTY,2027-12-28,21000.0,CE,0.0,0.0,0.0,4902.4,3400.52,0,0.0,0,0,2026-10-06
NIFTY,2027-06-29,28500.0,CE,0.0,0.0,0.0,1711.9,62.11,0,0.0,0,0,2026-10-06
NIFTY,2027-06-29,22500.0,CE,0.0,0.0,0.0,5539.6,1688.14,0,0.0,0,0,2026-10-06
NIFTY,2026-12-29,23550.0,CE,282.4,304.75,282.0,286.95,286.95,29,44945667.0,11180,-520,2026-10-06
NIFTY,2026-12-29,22550.0,CE,724.0,806.4,724.0,806.4,862.92,15,22738839.5,1170,260,2026-10-06
NIFTY,2026-12-29,22300.0,CE,905.9,987.95,905.9,978.65,978.65,63,95276967.5,20475,1560,2026-10-06
NIFTY,2026-12-29,20050.0,CE,0.0,0.0,0.0,2986.45,2984.9,0,0.0,0,0,2026-10-06
NIFTY,2026-11-23,26100.0,CE,6.0,6.8,5.0,5.45,5.45,131,222292434.0,30160,-325,2026-10-06
NIFTY,2026-11-23,25500.0,CE,11.8,12.15,10.65,10.8,10.8,2571,4263305003.75,429845,11830,2026-10-06
NIFTY,2026-11-03,23900.0,CE,35.1,41.95,32.05,37.35,37.35,45,70012605.0,4030,325,2026-10-06
NIFTY,2026-11-03,21200.0,CE,0.0,0.0,0.0,2285.9,1671.11,0,0.0,0,0,2026-10-06
NIFTY,2026-11-03,20550.0,CE,0.0,0.0,0.0,2921.3,2313.04,0,0.0,0,0,2026-10-06
NIFTY,2026-10-27,27200.0,CE,0.8,0.85,0.6,0.7,0.7,141,249294353.75,57005,-1625,2026-10-06
NIFTY,2026-10-27,24500.0,CE,8.95,8.95,5.95,6.15,6.15,19672,31336611559.5,2224755,76180,2026-10-06
NIFTY,2026-10-27,23250.0,CE,78.85,107.8,76.0,95.2,95.2,3949,5991814686.0,199160,1040,2026-10-06
NIFTY,2026-10-27,21800.0,CE,924.0,1067.0,919.55,1042.35,1042.35,191,283012570.75,19500,-845,2026-10-06
NIFTY,2026-10-19,23100.0,CE,64.45,95.45,62.4,81.15,81.15,7401,11150758238.75,238030,71370,2026-10-06
NIFTY,2026-10-19,22300.0,CE,458.65,573.8,437.8,540.75,540.75,408,604763932.5,19305,-520,2026-10-06
NIFTY,2026-10-19,20950.0,CE,0.0,0.0,0.0,2289.2,1867.14,0,0.0,0,0,2026-10-06
NIFTY,2026-10-19,20550.0,CE,0.0,0.0,0.0,2682.75,2266.32,0,0.0,0,0,2026-10-06
NIFTY,2026-10-13,25000.0,CE,0.95,0.95,0.6,0.7,0.7,21315,34637842937.75,1162720,329810,2026-10-06
NIFTY,2026-10-13,24000.0,CE,1.9,2.1,1.1,1.25,1.25,171453,267481300573.5,5988320,2124785,2026-10-06
NIFTY,2026-10-13,22700.0,CE,174.0,210.0,126.2,178.0,178.0,435829,648029812127.75,4671225,2276040,2026-10-06
NIFTY,2026-10-13,21550.0,CE,0.0,0.0,0.0,1068.55,1248.94,0,0.0,130,0,2026-10-06
NIFTY,2026-10-13,21400.0,CE,0.0,0.0,0.0,1171.85,1398.69,0,0.0,195,0,2026-10-06
NIFTY,2026-10-13,20450.0,CE,0.0,0.0,0.0,3299.3,2347.66,0,0.0,0,0,2026-10-06
NIFTY,2026-10-06,25500.0,CE,0.25,0.3,0.05,0.05,22776.1,23907,39626029134.25,682695,-108810,2026-10-06
NIFTY,2026-10-06,25450.0,CE,0.35,0.35,0.05,0.05,22776.1,1772,2931352882.25,58370,17290,2026-10-06
NIFTY,2026-10-06,25400.0,CE,0.3,0.35,0.05,0.1,22776.1,2634,4348752590.0,62335,12740,2026-10-06
NIFTY,2026-10-06,23750.0,CE,0.55,0.55,0.05,0.05,22776.1,50261,77591255381.25,743470,44590,2026-10-06
NIFTY,2026-10-06,22500.0,CE,136.0,276.75,109.65,239.95,22776.1,2522585,3716738588719.0,1075945,-6801665,2026-10-06
NIFTY,2026-10-06,22100.0,CE,514.0,678.15,474.25,647.6,22776.1,5178,7627538425.0,125710,-57005,2026-10-06
NIFTY,2026-10-06,20650.0,CE,0.0,0.0,0.0,3525.3,22776.1,0,0.0,0,0,2026-10-06
NIFTY,2027-03-30,19500.0,PE,77.85,79.85,75.0,77.1,77.1,1548,1969926991.5,514735,30160,2026-10-06
NIFTY,2027-03-30,21000.0,PE,196.6,198.25,172.05,174.25,174.25,2514,3461310674.25,1077765,15600,2026-10-06
NIFTY,2027-09-28,27000.0,PE,0.0,0.0,0.0,3265.0,3136.27,0,0.0,0,0,2026-10-06
NIFTY,2027-12-28,30000.0,PE,5050.0,5090.95,4994.15,5075.5,5075.5,23,52377562.25,6760,-520,2026-10-06
NIFTY,2028-12-26,24000.0,PE,0.0,0.0,0.0,1150.0,1073.08,0,0.0,4875,0,2026-10-06
NIFTY,2030-06-25,21000.0,PE,0.0,0.0,0.0,220.0,334.57,0,0.0,65,0,2026-10-06
NIFTY,2031-06-24,22500.0,PE,0.0,0.0,0.0,663.6,529.79,0,0.0,0,0,2026-10-06
NIFTY,2026-12-29,24000.0,PE,1239.95,1244.0,1094.05,1113.4,1113.4,2396,3916463499.0,2099385,-4730,2026-10-06
NIFTY,2026-12-29,22950.0,PE,523.05,534.2,481.35,490.7,490.7,27,41159943.5,12675,-975,2026-10-06
NIFTY,2030-12-31,24000.0,PE,0.0,0.0,0.0,1000.0,863.22,0,0.0,520,0,2026-10-06
NIFTY,2030-12-31,18000.0,PE,0.0,0.0,0.0,32.3,86.61,0,0.0,0,0,2026-10-06
NIFTY,2029-12-24,31500.0,PE,0.0,0.0,0.0,2240.25,4565.92,0,0.0,0,0,2026-10-06
NIFTY,2029-12-24,30000.0,PE,0.0,0.0,0.0,3220.0,3639.73,0,0.0,1105,0,2026-10-06
NIFTY,2029-12-24,28500.0,PE,0.0,0.0,0.0,1255.9,2804.75,0,0.0,0,0,2026-10-06
NIFTY,2029-12-24,25000.0,PE,0.0,0.0,0.0,1560.1,1283.23,0,0.0,2565,0,2026-10-06
NIFTY,2029-12-24,16500.0,PE,0.0,0.0,0.0,10.15,27.51,0,0.0,0,0,2026-10-06
NIFTY,2029-06-26,22500.0,PE,0.0,0.0,0.0,224.45,613.19,0,0.0,0,0,2026-10-06
NIFTY,2028-12-26,28500.0,PE,0.0,0.0,0.0,1451.15,3357.86,0,0.0,0,0,2026-10-06
NIFTY,2028-12-26,25500.0,PE,0.0,0.0,0.0,648.2,1684.13,0,0.0,0,0,2026-10-06
NIFTY,2028-06-27,28500.0,PE,0.0,0.0,0.0,1560.85,3706.49,0,0.0,0,0,2026-10-06
NIFTY,2028-06-27,25500.0,PE,0.0,0.0,0.0,1034.0,1813.55,0,0.0,0,0,2026-10-06
NIFTY,2027-12-28,28500.0,PE,0.0,0.0,0.0,2979.7,4129.43,0,0.0,260,0,2026-10-06
NIFTY,2027-12-28,18000.0,PE,144.6,150.0,121.05,129.45,129.45,110,129680235.75,32265,2340,2026-10-06
NIFTY,2027-09-28,24000.0,PE,0.0,0.0,0.0,1386.25,1175.27,0,0.0,0,0,2026-10-06
NIFTY,2027-06-29,22500.0,PE,555.0,558.0,500.0,505.55,505.55,192,287314456.0,42185,7605,2026-10-06
NIFTY,2027-03-30,31500.0,PE,0.0,0.0,0.0,7066.15,7904.49,0,0.0,0,0,2026-10-06
NIFTY,2026-12-29,23350.0,PE,0.0,0.0,0.0,639.3,733.16,0,0.0,910,0,2026-10-06
NIFTY,2026-12-29,21900.0,PE,233.35,233.35,184.25,188.3,188.3,270,387823302.75,40560,6825,2026-10-06
NIFTY,2026-12-29,21250.0,PE,142.5,142.5,109.8,109.8,109.8,83,115279466.25,6695,1300,2026-10-06
NIFTY,2026-12-29,20350.0,PE,0.0,0.0,0.0,41.95,12.65,0,0.0,0,0,2026-10-06
NIFTY,2026-11-23,25600.0,PE,0.0,0.0,0.0,2600.0,2643.95,0,0.0,195,0,2026-10-06
NIFTY,2026-11-23,25400.0,PE,0.0,0.0,0.0,2300.0,2448.03,0,0.0,325,0,2026-10-06
NIFTY,2026-11-23,25000.0,PE,2249.75,2252.0,2065.0,2084.15,2084.15,340,599281592.0,306410,6825,2026-10-06
NIFTY,2026-11-23,24300.0,PE,1450.0,1459.65,1450.0,1459.65,1412.81,6,10043127.25,13195,-130,2026-10-06
NIFTY,2026-11-23,24200.0,PE,1450.0,1450.0,1322.65,1322.65,1325.43,9,14960062.0,10140,-130,2026-10-06
NIFTY,2026-11-23,24100.0,PE,1320.0,1320.0,1213.8,1213.8,1213.8,2,3297697.0,10140,-65,2026-10-06
NIFTY,2026-11-23,23950.0,PE,0.0,0.0,0.0,1298.4,1115.22,0,0.0,1040,0,2026-10-06
NIFTY,2026-11-23,23850.0,PE,1136.6,1136.6,1037.55,1037.55,1034.92,2,3241819.75,2015,-65,2026-10-06
NIFTY,2026-11-23,22700.0,PE,436.25,436.25,319.6,326.7,326.7,1769,2649394497.75,145795,35945,2026-10-06
NIFTY,2026-11-23,22500.0,PE,320.4,332.7,250.0,255.65,255.65,6994,10355484707.75,1279980,-19435,2026-10-06
NIFTY,2026-11-23,22400.0,PE,293.55,293.55,222.0,228.25,228.25,1026,1510166222.5,118495,6110,2026-10-06
NIFTY,2026-11-23,21900.0,PE,169.05,170.35,125.2,128.15,128.15,1189,1703379801.5,86970,9425,2026-10-06
NIFTY,2026-11-23,21800.0,PE,151.5,152.0,112.1,114.75,114.75,2172,3095405989.0,110760,-3965,2026-10-06
NIFTY,2026-11-23,21550.0,PE,102.0,104.0,85.25,87.6,87.6,39,54870328.5,4875,390,2026-10-06
NIFTY,2026-11-23,21400.0,PE,94.75,94.8,73.3,73.9,73.9,583,814113205.75,83785,7085,2026-10-06
NIFTY,2026-11-23,20350.0,PE,0.0,0.0,0.0,4.85,2.14,0,0.0,0,0,2026-10-06
NIFTY,2026-11-03,25200.0,PE,0.0,0.0,0.0,1756.2,2318.95,0,0.0,0,0,2026-10-06
NIFTY,2026-11-03,25100.0,PE,0.0,0.0,0.0,1666.4,2219.84,0,0.0,0,0,2026-10-06
NIFTY,2026-11-03,24650.0,PE,0.0,0.0,0.0,1280.65,1776.84,0,0.0,0,0,2026-10-06
NIFTY,2026-11-03,23400.0,PE,0.0,0.0,0.0,840.75,663.71,0,0.0,1105,0,2026-10-06
NIFTY,2026-11-03,22750.0,PE,373.05,373.25,277.05,280.85,280.85,89,133442081.5,7020,2470,2026-10-06
NIFTY,2026-11-03,22700.0,PE,334.7,334.7,255.05,259.85,259.85,363,542312758.0,15535,6110,2026-10-06
NIFTY,2026-11-03,21050.0,PE,0.0,0.0,0.0,52.75,3.33,0,0.0,1625,0,2026-10-06
NIFTY,2026-11-03,20500.0,PE,19.0,20.65,14.7,15.8,15.8,303,404094609.75,16250,10985,2026-10-06
NIFTY,2026-10-27,26500.0,PE,3796.15,3830.4,3656.9,3663.6,3663.6,103,202701447.0,549250,4160,2026-10-06
NIFTY,2026-10-27,26400.0,PE,0.0,0.0,0.0,3550.0,3540.49,0,0.0,195,0,2026-10-06
NIFTY,2026-10-27,25850.0,PE,3010.0,3030.0,3010.0,3025.0,2992.24,6,11259950.0,455,390,2026-10-06
NIFTY,2026-10-27,25650.0,PE,0.0,0.0,0.0,3005.0,2792.89,0,0.0,325,0,2026-10-06
NIFTY,2026-10-27,24300.0,PE,1636.85,1646.15,1456.0,1494.55,1494.55,276,463137441.0,233935,4550,2026-10-06
NIFTY,2026-10-27,24000.0,PE,1384.75,1384.75,1171.3,1205.1,1205.1,3630,5955883930.75,2781935,33150,2026-10-06
NIFTY,2026-10-27,22900.0,PE,424.85,433.65,309.25,321.6,321.6,6810,10288350936.5,702130,-5525,2026-10-06
NIFTY,2026-10-27,22750.0,PE,343.95,350.35,242.25,250.65,250.65,6411,9591614506.5,312715,50505,2026-10-06
NIFTY,2026-10-27,22700.0,PE,334.55,334.55,220.25,230.6,230.6,46006,68620518658.25,2001480,412035,2026-10-06
NIFTY,2026-10-27,22550.0,PE,252.2,258.0,171.35,176.65,176.65,4224,6247677231.25,185900,50375,2026-10-06
NIFTY,2026-10-27,22000.0,PE,110.9,111.0,63.25,65.65,65.65,62733,90031850291.5,4900480,300170,2026-10-06
NIFTY,2026-10-27,21800.0,PE,74.65,77.35,45.0,46.65,46.65,22576,32072875828.5,804115,39585,2026-10-06
NIFTY,2026-10-27,21350.0,PE,36.15,37.45,23.2,24.0,24.0,1055,1466105504.5,281840,-14885,2026-10-06
NIFTY,2026-10-27,20400.0,PE,11.25,17.35,7.25,8.3,8.3,756,1002967468.75,32630,-1235,2026-10-06
NIFTY,2026-10-19,25050.0,PE,0.0,0.0,0.0,1825.8,2224.89,0,0.0,0,0,2026-10-06
NIFTY,2026-10-19,24700.0,PE,0.0,0.0,0.0,1505.1,1875.69,0,0.0,0,0,2026-10-06
NIFTY,2026-10-19,24400.0,PE,0.0,0.0,0.0,1450.0,1576.84,0,0.0,650,0,2026-10-06
NIFTY,2026-10-19,24300.0,PE,0.0,0.0,0.0,1400.0,1477.51,0,0.0,975,0,2026-10-06
NIFTY,2026-10-19,23450.0,PE,756.15,756.15,676.1,719.3,668.89,10,15699339.5,2795,-325,2026-10-06
NIFTY,2026-10-19,22450.0,PE,164.15,173.2,97.6,102.25,102.25,1444,2119016019.25,30680,2275,2026-10-06
NIFTY,2026-10-13,25300.0,PE,0.0,0.0,0.0,1583.0,2497.23,0,0.0,0,0,2026-10-06
NIFTY,2026-10-13,25250.0,PE,0.0,0.0,0.0,1538.35,2447.28,0,0.0,0,0,2026-10-06
NIFTY,2026-10-13,25200.0,PE,2460.0,2476.2,2447.2,2447.2,2397.33,6,10785193.25,325,260,2026-10-06
NIFTY,2026-10-13,25050.0,PE,0.0,0.0,0.0,1363.6,2247.49,0,0.0,0,0,2026-10-06
NIFTY,2026-10-13,24650.0,PE,1870.0,1870.0,1870.0,1870.0,1870.0,2,3447600.0,130,130,2026-10-06
NIFTY,2026-10-13,23950.0,PE,1280.5,1280.5,1176.75,1189.6,1189.6,171,280211535.5,11050,10660,2026-10-06
NIFTY,2026-10-13,22300.0,PE,91.75,91.75,30.1,32.35,32.35,194438,282423972424.75,3136315,1935310,2026-10-06
NIFTY,2026-10-13,22250.0,PE,83.35,83.35,25.2,27.3,27.3,59972,86892377721.5,721890,399360,2026-10-06
NIFTY,2026-10-13,21950.0,PE,31.7,31.7,10.05,10.85,10.85,48007,68544094931.0,571025,355615,2026-10-06
NIFTY,2026-10-13,21700.0,PE,19.0,19.75,5.15,5.8,5.8,160315,226212179388.0,3054870,1759290,2026-10-06
NIFTY,2026-10-13,20250.0,PE,3.3,3.3,1.45,1.65,1.65,412,542350909.75,9685,-975,2026-10-06
NIFTY,2026-10-06,24050.0,PE,1429.85,1460.5,1340.0,1340.0,22776.1,58,95871561.5,2275,-715,2026-10-06
NIFTY,2026-10-06,23700.0,PE,1120.05,1126.35,922.6,952.55,22776.1,642,1031763999.5,36530,-20670,2026-10-06
NIFTY,2026-10-06,23650.0,PE,1054.0,1055.0,874.45,901.35,22776.1,876,1405562873.0,19695,-36075,2026-10-06
NIFTY,2026-10-06,23150.0,PE,565.15,575.1,372.55,399.15,22776.1,2953,4529921792.5,72735,-14755,2026-10-06
NIFTY,2026-10-06,22550.0,PE,49.0,57.75,0.05,0.5,22776.1,14064763,20627663582776.25,9295585,4079140,2026-10-06
NIFTY,2026-10-06,22350.0,PE,5.0,11.0,0.05,0.2,22776.1,3506945,5095464832497.0,5312450,169390,2026-10-06
NIFTY,2026-10-06,20750.0,PE,0.35,0.4,0.05,0.05,22776.1,6521,8795304810.5,79820,-10790,2026-10-06
NIFTY,2031-06-24,22500.0,CE,0.0,0.0,0.0,8012.75,5948.2,0,0.0,0,0,2026-10-06
NIFTY,2030-06-25,19500.0,CE,0.0,0.0,0.0,11140.25,7060.31,0,0.0,0,0,2026-10-06
NIFTY,2029-12-24,28500.0,CE,0.0,0.0,0.0,4802.1,1705.43,0,0.0,0,0,2026-10-06
NIFTY,2029-06-26,30000.0,CE,0.0,0.0,0.0,5268.4,932.78,0,0.0,0,0,2026-10-06
NIFTY,2029-06-26,25500.0,CE,0.0,0.0,0.0,5917.35,2390.49,0,0.0,0,0,2026-10-06
NIFTY,2028-12-26,22500.0,CE,0.0,0.0,0.0,7382.9,3489.78,0,0.0,0,0,2026-10-06
NIFTY,2028-06-27,28500.0,CE,0.0,0.0,0.0,2990.0,563.69,0,0.0,0,0,2026-10-06
NIFTY,2027-09-28,15000.0,CE,0.0,0.0,0.0,8577.25,8561.79,0,0.0,0,0,2026-10-06
NIFTY,2027-06-29,25500.0,CE,279.95,285.35,270.4,278.15,278.15,273,457420424.5,40625,9750,2026-10-06
NIFTY,2027-06-29,21000.0,CE,0.0,0.0,0.0,3061.8,2778.02,0,0.0,0,0,2026-10-06
NIFTY,2027-06-29,18000.0,CE,0.0,0.0,0.0,4066.45,5488.91,0,0.0,0,0,2026-10-06
NIFTY,2027-03-30,22500.0,CE,1206.0,1322.0,1206.0,1287.4,1287.4,1156,1784543978.75,324285,24050,2026-10-06
NIFTY,2027-03-30,21000.0,CE,2351.55,2471.0,2351.55,2454.3,2454.3,98,149205855.5,49725,1040,2026-10-06
NIFTY,2026-12-29,28500.0,CE,6.6,6.9,5.7,5.9,5.9,164,303878246.75,98930,130,2026-10-06
NIFTY,2026-12-29,23800.0,CE,196.05,227.7,196.05,216.1,216.1,522,814765019.25,86255,9230,2026-10-06
NIFTY,2026-12-29,23350.0,CE,334.8,381.35,334.7,369.65,369.65,32,49327911.75,7410,-1170,2026-10-06
NIFTY,2026-12-29,22200.0,CE,991.15,1062.25,991.15,1054.6,1054.6,19,28693431.0,5005,455,2026-10-06
NIFTY,2026-12-29,21800.0,CE,1304.75,1360.05,1304.75,1349.85,1395.55,6,9020310.0,3185,195,2026-10-06
NIFTY,2026-12-29,21450.0,CE,0.0,0.0,0.0,1498.7,1684.49,0,0.0,1040,0,2026-10-06
NIFTY,2026-12-29,20250.0,CE,0.0,0.0,0.0,2799.0,2791.05,0,0.0,0,0,2026-10-06
NIFTY,2026-11-23,25550.0,CE,11.5,11.5,11.5,11.5,5.1,3,4984492.5,1040,195,2026-10-06
NIFTY,2026-11-23,24300.0,CE,48.0,51.05,41.85,46.25,46.25,993,1571382523.75,153010,9035,2026-10-06
NIFTY,2026-11-23,23550.0,CE,138.95,168.05,138.35,155.55,155.55,131,201810251.5,45825,-2210,2026-10-06
NIFTY,2026-11-23,22300.0,CE,712.05,820.0,712.0,780.25,780.25,116,173904360.5,15080,-3315,2026-10-06
NIFTY,2026-11-23,21550.0,CE,0.0,0.0,0.0,3139.0,1429.89,0,0.0,0,0,2026-10-06
NIFTY,2026-11-23,21200.0,CE,0.0,0.0,0.0,3469.95,1751.21,0,0.0,0,0,2026-10-06
NIFTY,2026-11-23,20900.0,CE,0.0,0.0,0.0,3757.7,2037.28,0,0.0,0,0,2026-10-06
NIFTY,2026-11-23,20400.0,CE,0.0,0.0,0.0,4242.9,2525.63,0,0.0,0,0,2026-10-06
NIFTY,2026-11-03,24150.0,CE,0.0,0.0,0.0,242.15,26.54,0,0.0,0,0,2026-10-06
NIFTY,2026-11-03,23450.0,CE,94.7,98.0,67.85,92.0,125.77,43,65795934.75,3120,65,2026-10-06
NIFTY,2026-11-03,21600.0,CE,0.0,0.0,0.0,1906.05,1288.01,0,0.0,0,0,2026-10-06
NIFTY,2026-11-03,21150.0,CE,0.0,0.0,0.0,2334.2,1719.96,0,0.0,0,0,2026-10-06
NIFTY,2026-10-27,27100.0,CE,0.0,0.0,0.0,0.6,0.01,0,0.0,10335,0,2026-10-06
NIFTY,2026-10-27,26550.0,CE,0.0,0.0,0.0,1.25,0.01,0,0.0,780,0,2026-10-06
NIFTY,2026-10-27,26300.0,CE,0.0,0.0,0.0,1.2,0.01,0,0.0,38805,0,2026-10-06
NIFTY,2026-10-27,26150.0,CE,0.0,0.0,0.0,4.85,0.01,0,0.0,455,0,2026-10-06
NIFTY,2026-10-27,25800.0,CE,2.0,3.25,1.25,1.6,1.6,626,1049879047.75,70330,-8320,2026-10-06
NIFTY,2026-10-27,25700.0,CE,2.5,2.5,1.6,1.75,1.75,350,584720506.5,31330,-4420,2026-10-06
NIFTY,2026-10-27,25300.0,CE,2.5,4.5,2.3,2.5,2.5,255,419396591.25,29835,-4875,2026-10-06
NIFTY,2026-10-27,24800.0,CE,5.1,5.65,4.05,4.2,4.2,5284,8519492179.25,446095,20085,2026-10-06
NIFTY,2026-10-27,22550.0,CE,364.3,457.0,349.0,422.4,422.4,2696,4022227907.75,100880,-18005,2026-10-06
NIFTY,2026-10-27,21850.0,CE,0.0,0.0,0.0,750.15,1021.01,0,0.0,65,0,2026-10-06
NIFTY,2026-10-27,21700.0,CE,1010.0,1141.5,1010.0,1141.5,1160.38,9,13332845.5,1950,65,2026-10-06
NIFTY,2026-10-27,21050.0,CE,0.0,0.0,0.0,1609.9,1793.71,0,0.0,65,0,2026-10-06
NIFTY,2026-10-27,20150.0,CE,0.0,0.0,0.0,4145.5,2689.77,0,0.0,0,0,2026-10-06
NIFTY,2026-10-19,24400.0,CE,3.5,3.5,1.55,1.7,1.7,1279,2028665951.0,64090,29510,2026-10-06
NIFTY,2026-10-19,23450.0,CE,28.3,28.3,20.65,23.7,23.7,1675,2555642625.25,62335,23790,2026-10-06
NIFTY,2026-10-19,23250.0,CE,40.4,57.25,38.55,48.2,48.2,1332,2017193633.0,35230,17290,2026-10-06
NIFTY,2026-10-19,21750.0,CE,0.0,0.0,0.0,1122.75,1074.55,0,0.0,65,0,2026-10-06
NIFTY,2026-10-19,21250.0,CE,0.0,0.0,0.0,1998.25,1568.05,0,0.0,0,0,2026-10-06
NIFTY,2026-10-19,21000.0,CE,0.0,0.0,0.0,1591.3,1817.26,0,0.0,65,0,2026-10-06
NIFTY,2026-10-19,20650.0,CE,0.0,0.0,0.0,2584.0,2166.52,0,0.0,0,0,2026-10-06
NIFTY,2026-10-13,24100.0,CE,1.5,1.5,0.85,0.95,0.95,75169,117757002259.0,2207270,315705,2026-10-06
NIFTY,2026-10-13,23800.0,CE,3.15,3.15,1.6,1.7,1.7,100596,155634913905.25,1943565,408265,2026-10-06
NIFTY,2026-10-13,23350.0,CE,10.9,11.85,7.65,8.85,8.85,49732,75510985985.5,821600,268580,2026-10-06
NIFTY,2026-10-13,23000.0,CE,45.0,70.5,38.75,54.0,54.0,438661,657350078092.5,5514600,1555905,2026-10-06
NIFTY,2026-10-13,22350.0,CE,350.0,468.6,333.8,434.3,434.3,2254,3333217930.25,61815,-19045,2026-10-06
NIFTY,2026-10-13,22250.0,CE,408.05,550.0,408.0,522.1,522.1,521,770104562.5,39130,-4745,2026-10-06
NIFTY,2026-10-13,21700.0,CE,1030.0,1030.0,1030.0,1030.0,1030.0,1,1477450.0,780,65,2026-10-06
NIFTY,2026-10-13,21350.0,CE,0.0,0.0,0.0,1145.85,1448.63,0,0.0,65,0,2026-10-06
NIFTY,2026-10-13,20700.0,CE,0.0,0.0,0.0,3051.15,2097.92,0,0.0,0,0,2026-10-06
NIFTY,2026-10-13,20650.0,CE,0.0,0.0,0.0,3100.75,2147.87,0,0.0,0,0,2026-10-06
NIFTY,2026-10-06,25750.0,CE,0.35,0.35,0.05,0.1,22776.1,4585,7674178232.5,160225,76635,2026-10-06
NIFTY,2026-10-06,25150.0,CE,0.35,0.75,0.05,0.05,22776.1,1146,1873434969.25,51285,17810,2026-10-06
NIFTY,2026-10-06,23900.0,CE,0.35,0.4,0.05,0.05,22776.1,125641,195185088939.75,765310,-1177670,2026-10-06
NIFTY,2026-10-06,23650.0,CE,0.3,0.6,0.05,0.05,22776.1,111907,172031108996.5,801060,-68185,2026-10-06
NIFTY,2026-10-06,23200.0,CE,0.75,0.9,0.05,0.1,22776.1,1479833,2231630463182.25,8508630,288015,2026-10-06
NIFTY,2026-10-06,23150.0,CE,1.0,1.0,0.05,0.1,22776.1,736741,1108634704004.75,2548520,-349115,2026-10-06
NIFTY,2026-10-06,22450.0,CE,164.0,326.8,146.55,292.0,22776.1,627163,923512826453.75,588640,-1202435,2026-10-06
NIFTY,2026-10-06,22150.0,CE,466.55,627.5,421.5,610.65,22776.1,3896,5743399642.5,87685,-43420,2026-10-06
NIFTY,2026-10-06,21800.0,CE,774.3,978.1,765.45,934.2,22776.1,360,530887513.0,31005,-7670,2026-10-06
NIFTY,2026-10-06,21550.0,CE,0.0,0.0,0.0,1181.35,22776.1,0,0.0,390,0,2026-10-06
NIFTY,2026-10-06,21350.0,CE,0.0,0.0,0.0,2831.3,22776.1,0,0.0,0,0,2026-10-06
NIFTY,2026-10-06,21100.0,CE,0.0,0.0,0.0,3078.7,22776.1,0,0.0,0,0,2026-10-06
NIFTY,2026-10-06,20450.0,CE,0.0,0.0,0.0,3724.0,22776.1,0,0.0,0,0,2026-10-06
NIFTY,2026-10-06,20350.0,CE,0.0,0.0,0.0,3823.4,22776.1,0,0.0,0,0,2026-10-06
NIFTY,2026-10-06,20250.0,CE,0.0,0.0,0.0,3922.8,22776.1,0,0.0,0,0,2026-10-06
NIFTY,2031-06-24,21000.0,PE,0.0,0.0,0.0,450.5,320.96,0,0.0,0,0,2026-10-06
NIFTY,2026-10-27,26750.0,CE,0.0,0.0,0.0,0.6,0.01,0,0.0,975,0,2026-10-06
NIFTY,2031-06-24,25500.0,PE,0.0,0.0,0.0,1262.85,1186.6,0,0.0,0,0,2026-10-06
NIFTY,2031-06-24,24000.0,PE,0.0,0.0,0.0,933.85,815.94,0,0.0,65,0,2026-10-06
NIFTY,2031-06-24,15000.0,PE,0.0,0.0,0.0,47.5,14.78,0,0.0,0,0,2026-10-06
NIFTY,2030-06-25,30000.0,PE,0.0,0.0,0.0,2100.85,3333.63,0,0.0,0,0,2026-10-06
NIFTY,2026-10-06,23450.0,CE,0.55,0.65,0.05,0.05,22776.1,154923,236144396481.5,1128010,-84305,2026-10-06
NIFTY,2026-10-13,23850.0,PE,1230.0,1230.0,1116.85,1116.85,1049.76,9,14633414.25,2405,390,2026-10-06
NIFTY,2026-11-23,25000.0,CE,21.7,21.7,18.6,19.7,19.7,7101,11548490570.5,1064635,-71695,2026-10-06
NIFTY,2026-11-23,24800.0,CE,24.5,31.3,19.4,24.7,24.7,703,1134389789.0,83460,17355,2026-10-06
NIFTY,2026-11-23,23800.0,CE,98.05,112.35,91.85,103.3,103.3,2469,3836015599.0,294840,-24830,2026-10-06
NIFTY,2026-11-23,22550.0,CE,544.0,637.4,544.0,621.15,621.15,62,93210565.5,7215,-780,2026-10-06
NIFTY,2026-11-23,22050.0,CE,897.75,933.75,897.75,933.75,1009.12,2,2985547.5,195,65,2026-10-06
NIFTY,2026-11-23,21800.0,CE,0.0,0.0,0.0,1126.9,1212.61,0,0.0,455,0,2026-10-06
NIFTY,2026-11-23,21600.0,CE,0.0,0.0,0.0,3092.25,1385.48,0,0.0,0,0,2026-10-06
NIFTY,2026-11-23,25400.0,CE,0.0,0.0,0.0,16.15,7.18,0,0.0,780,0,2026-10-06
NIFTY,2026-11-23,26000.0,CE,7.45,7.9,6.5,6.9,6.9,2650,4479748276.25,513565,40950,2026-10-06
NIFTY,2026-12-29,20500.0,CE,0.0,0.0,0.0,2568.65,2551.09,0,0.0,0,0,2026-10-06
NIFTY,2026-12-29,21350.0,CE,0.0,0.0,0.0,1457.1,1770.78,0,0.0,845,0,2026-10-06
NIFTY,2026-12-29,21900.0,CE,1269.75,1277.0,1269.75,1277.0,1317.22,4,6024606.25,2210,195,2026-10-06
NIFTY,2026-12-29,22850.0,CE,594.45,624.15,594.45,608.0,689.12,4,6099249.0,6500,65,2026-10-06
NIFTY,2026-11-23,21350.0,CE,0.0,0.0,0.0,3327.35,1611.49,0,0.0,0,0,2026-10-06
NIFTY,2026-11-23,21100.0,CE,0.0,0.0,0.0,3565.5,1845.71,0,0.0,0,0,2026-10-06
NIFTY,2026-11-23,20750.0,CE,0.0,0.0,0.0,3902.65,2182.68,0,0.0,0,0,2026-10-06
NIFTY,2026-11-03,25050.0,CE,0.0,0.0,0.0,11.35,1.91,0,0.0,1885,0,2026-10-06
NIFTY,2026-11-03,24650.0,CE,15.1,15.1,12.0,12.0,12.0,2,3206261.5,2535,65,2026-10-06
NIFTY,2028-06-27,27000.0,CE,0.0,0.0,0.0,1935.0,905.88,0,0.0,65,0,2026-10-06
NIFTY,2026-11-03,22300.0,CE,599.0,672.55,599.0,661.3,661.3,15,22391229.25,1105,-715,2026-10-06
NIFTY,2026-11-03,21700.0,CE,0.0,0.0,0.0,1813.4,1195.43,0,0.0,0,0,2026-10-06
NIFTY,2026-11-03,21400.0,CE,0.0,0.0,0.0,2094.4,1477.51,0,0.0,0,0,2026-10-06
NIFTY,2026-10-27,26250.0,CE,0.0,0.0,0.0,2.45,0.01,0,0.0,2015,0,2026-10-06
NIFTY,2026-10-27,25600.0,CE,3.0,3.0,1.65,1.9,1.9,254,422694359.75,41015,-5460,2026-10-06
NIFTY,2026-10-27,25550.0,CE,0.0,0.0,0.0,3.35,0.04,0,0.0,1365,0,2026-10-06
NIFTY,2026-10-27,24050.0,CE,16.2,16.2,12.4,13.2,13.2,1797,2810749877.0,226265,7345,2026-10-06
NIFTY,2026-10-27,22300.0,CE,531.2,645.45,512.7,606.65,606.65,5785,8608425972.25,778050,-98605,2026-10-06
NIFTY,2026-10-27,22150.0,CE,635.9,753.15,635.9,731.0,731.0,9,13380987.75,15795,65,2026-10-06
NIFTY,2026-10-27,21550.0,CE,0.0,0.0,0.0,997.3,1303.36,0,0.0,65,0,2026-10-06
NIFTY,2026-10-27,20850.0,CE,0.0,0.0,0.0,3471.7,1992.38,0,0.0,0,0,2026-10-06
NIFTY,2026-10-27,20450.0,CE,0.0,0.0,0.0,3854.95,2390.75,0,0.0,0,0,2026-10-06
NIFTY,2026-10-19,25050.0,CE,1.3,1.3,1.25,1.25,0.01,4,6513328.25,455,0,2026-10-06
NIFTY,2026-10-19,24950.0,CE,1.3,2.5,1.2,2.1,2.1,34,55142772.75,585,130,2026-10-06
NIFTY,2026-10-19,24900.0,CE,0.0,0.0,0.0,1.8,0.04,0,0.0,1885,0,2026-10-06
NIFTY,2026-10-19,24250.0,CE,3.05,3.35,2.05,2.55,2.55,15,23646675.0,520,520,2026-10-06
NIFTY,2026-10-19,23700.0,CE,12.4,12.4,8.75,9.6,9.6,7262,11191909729.0,264485,115700,2026-10-06
NIFTY,2026-10-19,22750.0,CE,181.5,252.5,176.0,225.15,225.15,2890,4315599115.75,52520,10465,2026-10-06
NIFTY,2026-10-19,22650.0,CE,229.85,312.5,222.25,284.05,284.05,3249,4841035527.25,32370,7475,2026-10-06
NIFTY,2026-10-19,22100.0,CE,0.0,0.0,0.0,606.2,746.01,0,0.0,455,0,2026-10-06
NIFTY,2026-10-19,21700.0,CE,0.0,0.0,0.0,755.0,1123.18,0,0.0,130,0,2026-10-06
NIFTY,2026-10-19,21600.0,CE,0.0,0.0,0.0,1667.5,1221.14,0,0.0,0,0,2026-10-06
NIFTY,2026-10-19,20250.0,CE,0.0,0.0,0.0,2979.9,2565.73,0,0.0,0,0,2026-10-06
NIFTY,2026-10-13,25200.0,CE,0.85,0.85,0.55,0.65,0.65,583,954978677.25,52585,7280,2026-10-06
NIFTY,2026-10-13,24700.0,CE,0.8,0.9,0.65,0.75,0.75,6269,10065173264.25,297700,2340,2026-10-06
NIFTY,2026-10-13,24600.0,CE,0.95,0.95,0.65,0.8,0.8,5253,8399806876.5,455000,-26195,2026-10-06
NIFTY,2026-10-13,24350.0,CE,0.95,0.95,0.8,0.9,0.9,1182,1870876943.0,29640,-15795,2026-10-06
NIFTY,2026-10-13,24050.0,CE,1.55,1.6,0.9,1.1,1.1,17534,27411229813.5,443300,304200,2026-10-06
NIFTY,2026-10-13,23950.0,CE,1.55,2.0,1.05,1.3,1.3,21798,33935780355.75,510315,376740,2026-10-06
NIFTY,2026-10-13,23600.0,CE,6.0,6.0,2.7,3.05,3.05,99511,152671322596.0,2233270,1223820,2026-10-06
NIFTY,2026-10-13,22550.0,CE,206.7,312.35,201.5,274.9,274.9,43292,64161323606.25,315185,-134940,2026-10-06
NIFTY,2027-09-28,15000.0,PE,0.0,0.0,0.0,1.15,0.1,0,0.0,0,0,2026-10-06
NIFTY,2027-09-28,21000.0,PE,0.0,0.0,0.0,357.75,220.63,0,0.0,0,0,2026-10-06
NIFTY,2028-06-27,16500.0,PE,0.0,0.0,0.0,3.8,8.97,0,0.0,0,0,2026-10-06
NIFTY,2028-06-27,22500.0,PE,0.0,0.0,0.0,206.95,619.75,0,0.0,0,0,2026-10-06
NIFTY,2028-12-26,16500.0,PE,0.0,0.0,0.0,5.9,15.46,0,0.0,0,0,2026-10-06
NIFTY,2029-06-26,33000.0,PE,0.0,0.0,0.0,3022.85,6088.81,0,0.0,0,0,2026-10-06
NIFTY,2031-06-24,31500.0,PE,0.0,0.0,0.0,3185.85,3529.13,0,0.0,0,0,2026-10-06
NIFTY,2026-10-13,21300.0,CE,0.0,0.0,0.0,1191.35,1498.57,0,0.0,65,0,2026-10-06
NIFTY,2026-10-13,20550.0,CE,0.0,0.0,0.0,3200.0,2247.76,0,0.0,0,0,2026-10-06
NIFTY,2026-10-13,20200.0,CE,0.0,0.0,0.0,3547.7,2597.4,0,0.0,0,0,2026-10-06
NIFTY,2026-12-29,23100.0,CE,440.0,502.05,439.2,485.85,485.85,116,177805160.0,18330,780,2026-10-06
NIFTY,2026-12-29,24400.0,CE,96.45,109.55,96.45,103.1,103.1,618,984316846.5,59345,9555,2026-10-06
NIFTY,2027-09-28,27000.0,CE,0.0,0.0,0.0,529.1,326.44,0,0.0,0,0,2026-10-06
NIFTY,2027-12-28,25500.0,CE,0.0,0.0,0.0,2400.0,901.73,0,0.0,0,0,2026-10-06
NIFTY,2027-12-28,27000.0,CE,342.0,359.95,335.0,355.45,355.45,221,392863948.75,236820,2870,2026-10-06
NIFTY,2026-10-06,25300.0,CE,0.35,0.35,0.05,0.05,22776.1,6570,10804422284.5,250185,-195,2026-10-06
NIFTY,2026-10-06,24650.0,CE,0.2,0.3,0.05,0.05,22776.1,1677,2686991762.0,63830,-1950,2026-10-06
NIFTY,2026-10-06,24500.0,CE,0.35,0.35,0.05,0.05,22776.1,84291,134234296924.0,1305135,-553670,2026-10-06
NIFTY,2026-10-06,24150.0,CE,0.3,0.35,0.05,0.05,22776.1,17644,27696921284.5,172185,-188305,2026-10-06
NIFTY,2027-06-29,30000.0,PE,5900.0,5900.0,5900.0,5900.0,5900.0,2,4667000.0,390,-65,2026-10-06
NIFTY,2027-06-29,27000.0,PE,0.0,0.0,0.0,2325.1,3335.07,0,0.0,195,0,2026-10-06
NIFTY,2027-03-30,24000.0,PE,1180.7,1180.7,1026.25,1040.15,1040.15,1010,1646170610.5,844740,1495,2026-10-06
NIFTY,2026-12-29,29000.0,PE,5980.0,6000.0,5795.0,5833.3,5833.3,43,97432088.0,314160,0,2026-10-06
NIFTY,2026-12-29,24350.0,PE,1502.8,1502.8,1379.6,1379.6,1431.51,15,25145259.75,1365,975,2026-10-06
NIFTY,2026-12-29,24150.0,PE,1279.0,1279.0,1225.0,1225.0,1274.91,9,14860774.5,1755,585,2026-10-06
