SYMBOL,EXPIRY_DT,STRIKE_PR,OPTION_TYP,OPEN,HIGH,LOW,CLOSE,SETTLE_PR,CONTRACTS,VAL_INLAKH,OPEN_INT,CHG_IN_OI,TIMESTAMP
NIFTY,2026-09-22,22350.0,CE,0.0,0.0,0.0,1959.05,1098.26,0,0.0,0,0,2026-09-11
NIFTY,2026-09-22,24000.0,CE,19.7,28.9,12.6,22.2,22.2,161659,252389471470.5,3257735,1007110,2026-09-11
NIFTY,2026-09-22,24250.0,CE,6.5,12.2,5.65,9.35,9.35,18072,28496136282.25,238095,14495,2026-09-11
NIFTY,2026-09-22,24600.0,CE,2.2,5.05,2.2,4.4,4.4,34532,55226446548.0,626925,124475,2026-09-11
NIFTY,2026-09-29,22200.0,CE,1285.9,1288.1,1285.9,1288.1,1281.96,10,15266569.5,650,585,2026-09-11
NIFTY,2026-09-29,22800.0,CE,600.0,765.45,578.65,745.4,745.4,4795,7305386452.0,224120,210210,2026-09-11
NIFTY,2026-09-29,23000.0,CE,440.0,595.65,424.1,571.45,571.45,18322,27971688488.25,774930,43420,2026-09-11
NIFTY,2026-09-29,23700.0,CE,90.0,147.25,82.45,131.75,131.75,57348,88746094944.0,1674725,486005,2026-09-11
NIFTY,2026-09-29,25200.0,CE,5.35,7.8,5.35,6.1,6.1,9064,14850423448.25,532805,1690,2026-09-11
NIFTY,2026-09-29,25600.0,CE,4.3,4.8,3.9,4.4,4.4,1960,3261996094.5,133445,-43095,2026-09-11
NIFTY,2026-09-29,26200.0,CE,3.1,3.4,2.15,2.65,2.65,598,1018502410.25,181220,2600,2026-09-11
NIFTY,2026-09-29,26800.0,CE,1.5,1.5,1.5,1.5,0.02,1,1742097.5,2535,-65,2026-09-11
NIFTY,2026-09-29,27100.0,CE,1.0,2.25,1.0,1.6,0.0,7,12331312.5,13780,130,2026-09-11
NIFTY,2026-10-06,22200.0,CE,0.0,0.0,0.0,2003.7,1324.62,0,0.0,0,0,2026-09-11
NIFTY,2026-10-06,22750.0,CE,0.0,0.0,0.0,1497.8,859.89,0,0.0,0,0,2026-09-11
NIFTY,2026-10-06,23100.0,CE,540.0,550.0,540.0,550.0,610.92,22,33812668.5,260,260,2026-09-11
NIFTY,2026-10-06,23350.0,CE,270.15,380.55,270.0,368.95,368.95,396,609365510.0,5850,5850,2026-09-11
NIFTY,2026-10-06,24100.0,CE,50.0,76.25,48.15,69.65,69.65,1190,1869077486.25,40300,21320,2026-09-11
NIFTY,2026-10-06,24200.0,CE,39.2,59.2,39.2,55.15,55.15,892,1405817231.0,36985,8255,2026-09-11
NIFTY,2026-10-06,24500.0,CE,20.0,29.5,17.7,28.0,28.0,2567,4092120581.25,103285,30745,2026-09-11
NIFTY,2026-10-06,24650.0,CE,0.0,0.0,0.0,289.65,61.02,0,0.0,0,0,2026-09-11
NIFTY,2026-10-06,24850.0,CE,0.0,0.0,0.0,226.85,40.81,0,0.0,0,0,2026-09-11
NIFTY,2026-10-06,24950.0,CE,10.8,12.35,10.8,12.1,12.1,96,155759578.0,1040,1040,2026-09-11
NIFTY,2026-10-06,25200.0,CE,8.15,9.8,8.15,9.25,18.99,28,45879999.75,2145,455,2026-09-11
NIFTY,2026-10-13,22200.0,PE,0.0,0.0,0.0,25.0,55.86,0,0.0,0,0,2026-09-11
NIFTY,2026-10-13,24750.0,PE,0.0,0.0,0.0,1115.1,1296.17,0,0.0,0,0,2026-09-11
NIFTY,2026-10-13,24950.0,PE,0.0,0.0,0.0,1278.75,1471.55,0,0.0,0,0,2026-09-11
NIFTY,2026-10-13,25300.0,PE,0.0,0.0,0.0,1583.0,1792.2,0,0.0,0,0,2026-09-11
NIFTY,2026-10-27,22250.0,PE,64.0,80.0,59.5,61.9,61.9,4860,7050715779.25,410085,26520,2026-09-11
NIFTY,2026-10-27,22650.0,PE,124.15,135.4,98.2,100.6,100.6,246,364052282.75,19630,780,2026-09-11
NIFTY,2026-10-27,22800.0,PE,139.0,166.95,120.0,124.7,124.7,5890,8782538069.5,210275,18655,2026-09-11
NIFTY,2026-10-27,22850.0,PE,175.55,178.5,128.65,132.65,132.65,196,293086820.0,5265,5265,2026-09-11
NIFTY,2026-10-27,25750.0,PE,0.0,0.0,0.0,1659.3,2182.82,0,0.0,325,0,2026-09-11
NIFTY,2026-10-27,25900.0,PE,0.0,0.0,0.0,2143.85,2324.03,0,0.0,130,0,2026-09-11
NIFTY,2026-10-27,26150.0,PE,0.0,0.0,0.0,1657.0,2562.53,0,0.0,130,0,2026-09-11
NIFTY,2026-11-23,22300.0,PE,133.25,133.3,102.6,104.35,104.35,127,185032916.25,4030,3965,2026-09-11
NIFTY,2026-11-23,22750.0,PE,213.4,213.4,171.9,173.15,286.44,22,32800937.0,1040,1040,2026-09-11
NIFTY,2026-11-23,23850.0,PE,644.6,644.6,575.45,576.45,743.54,11,17469897.25,2600,-585,2026-09-11
NIFTY,2026-11-23,24200.0,PE,870.0,884.4,727.0,734.8,734.8,151,245544357.5,11765,-2015,2026-09-11
NIFTY,2026-11-23,24250.0,PE,860.0,860.0,860.0,860.0,979.02,20,32643000.0,1105,-975,2026-09-11
NIFTY,2026-11-23,25150.0,PE,0.0,0.0,0.0,1030.25,1627.95,0,0.0,0,0,2026-09-11
NIFTY,2026-11-23,25500.0,PE,1950.0,1980.0,1784.7,1808.65,1808.65,343,610522877.25,24245,19110,2026-09-11
NIFTY,2026-12-29,13000.0,PE,4.55,9.5,4.55,8.8,0.0,5,4227353.0,7745,0,2026-09-11
NIFTY,2026-12-29,26000.0,PE,2300.0,2317.9,2100.85,2119.9,2119.9,986,1808483885.0,1468480,17295,2026-09-11
NIFTY,2027-03-30,19500.0,PE,59.0,64.6,55.0,56.95,56.95,532,676372242.0,152945,8190,2026-09-11
NIFTY,2028-12-26,27000.0,PE,1855.0,1905.0,1756.55,1756.55,2214.06,8,15002429.0,16545,130,2026-09-11
NIFTY,2028-12-26,28500.0,PE,0.0,0.0,0.0,1451.15,2978.19,0,0.0,0,0,2026-09-11
NIFTY,2029-06-26,24000.0,PE,0.0,0.0,0.0,825.0,1015.01,0,0.0,155,0,2026-09-11
NIFTY,2029-12-24,25500.0,PE,0.0,0.0,0.0,597.3,1401.76,0,0.0,0,0,2026-09-11
NIFTY,2029-12-24,31500.0,PE,0.0,0.0,0.0,2240.25,4027.72,0,0.0,0,0,2026-09-11
NIFTY,2030-06-25,21000.0,PE,0.0,0.0,0.0,220.0,394.37,0,0.0,65,0,2026-09-11
NIFTY,2030-06-25,25500.0,PE,0.0,0.0,0.0,568.55,1321.6,0,0.0,0,0,2026-09-11
NIFTY,2030-12-31,21000.0,PE,0.0,0.0,0.0,450.0,389.32,0,0.0,845,0,2026-09-11
NIFTY,2028-12-26,21000.0,CE,0.0,0.0,0.0,7512.5,5607.57,0,0.0,0,0,2026-09-11
NIFTY,2028-06-27,31500.0,CE,0.0,0.0,0.0,1784.8,584.47,0,0.0,0,0,2026-09-11
NIFTY,2028-06-27,25500.0,CE,0.0,0.0,0.0,4676.6,2289.5,0,0.0,0,0,2026-09-11
NIFTY,2027-12-28,28500.0,CE,305.75,315.0,297.0,300.0,300.0,257,481186712.5,45955,2535,2026-09-11
NIFTY,2027-12-28,25500.0,CE,0.0,0.0,0.0,2400.0,1642.07,0,0.0,0,0,2026-09-11
NIFTY,2027-12-28,22500.0,CE,0.0,0.0,0.0,3011.0,3268.1,0,0.0,65,0,2026-09-11
NIFTY,2027-06-29,27000.0,CE,269.0,270.0,240.0,260.0,260.0,43,76163178.0,4225,1560,2026-09-11
NIFTY,2027-06-29,24000.0,CE,1240.0,1300.0,1240.0,1300.0,1616.1,8,13141700.0,3205,325,2026-09-11
NIFTY,2027-06-29,21000.0,CE,0.0,0.0,0.0,3061.8,3634.62,0,0.0,0,0,2026-09-11
NIFTY,2027-03-30,18000.0,CE,0.0,0.0,0.0,5643.55,6016.11,0,0.0,0,0,2026-09-11
NIFTY,2026-12-29,21000.0,CE,2650.0,2855.55,2647.0,2833.5,2833.5,233,359755763.25,199895,130,2026-09-11
NIFTY,2026-11-23,25850.0,CE,0.0,0.0,0.0,358.95,92.73,0,0.0,0,0,2026-09-11
NIFTY,2026-11-23,24750.0,CE,98.1,114.45,91.2,112.75,112.75,124,200282039.75,6760,195,2026-09-11
NIFTY,2026-11-23,24100.0,CE,247.4,292.9,227.05,284.35,284.35,633,1001772645.25,23400,-13650,2026-09-11
NIFTY,2026-11-23,24000.0,CE,266.0,336.8,242.2,321.45,321.45,7252,11448139748.5,430170,29120,2026-09-11
NIFTY,2026-11-23,23300.0,CE,625.75,717.25,590.0,702.6,702.6,439,682751491.5,13390,12545,2026-09-11
NIFTY,2026-11-23,22950.0,CE,0.0,0.0,0.0,1911.7,1085.84,0,0.0,0,0,2026-09-11
NIFTY,2026-11-23,22350.0,CE,0.0,0.0,0.0,2413.25,1515.6,0,0.0,0,0,2026-09-11
NIFTY,2026-10-27,26750.0,CE,0.0,0.0,0.0,6.35,6.26,0,0.0,975,0,2026-09-11
NIFTY,2026-10-27,26600.0,CE,7.0,7.0,7.0,7.0,8.29,1,1729455.0,585,0,2026-09-11
NIFTY,2026-10-27,26000.0,CE,11.5,15.8,10.5,12.0,12.0,8133,13751017094.75,1098240,-61100,2026-09-11
NIFTY,2026-10-27,25450.0,CE,19.55,19.55,18.15,18.8,18.8,13,21521015.75,4940,390,2026-09-11
NIFTY,2026-10-27,24500.0,CE,55.05,82.55,53.95,77.9,77.9,22319,35643702328.0,1626690,229190,2026-09-11
NIFTY,2026-10-27,24200.0,CE,113.0,141.75,90.0,133.7,133.7,8398,13272872830.75,430560,48555,2026-09-11
NIFTY,2026-10-27,23900.0,CE,189.0,237.95,163.4,228.0,228.0,4707,7373265679.0,247195,72345,2026-09-11
NIFTY,2026-10-27,22950.0,CE,667.35,800.0,657.6,800.0,800.0,8,12314770.0,195,65,2026-09-11
NIFTY,2026-10-27,22350.0,CE,0.0,0.0,0.0,2124.25,1342.56,0,0.0,0,0,2026-09-11
NIFTY,2026-10-27,21850.0,CE,0.0,0.0,0.0,2551.3,1773.2,0,0.0,0,0,2026-09-11
NIFTY,2026-10-13,25150.0,CE,0.0,0.0,0.0,75.25,40.24,0,0.0,0,0,2026-09-11
NIFTY,2026-10-13,25050.0,CE,0.0,0.0,0.0,88.1,48.31,0,0.0,0,0,2026-09-11
NIFTY,2026-10-13,24450.0,CE,0.0,0.0,0.0,207.95,130.91,0,0.0,0,0,2026-09-11
NIFTY,2026-10-13,23650.0,CE,224.35,262.6,224.35,253.3,253.3,21,32622209.75,910,910,2026-09-11
NIFTY,2026-10-13,23300.0,CE,352.15,476.3,352.15,457.3,559.62,89,137194255.25,2210,2210,2026-09-11
NIFTY,2026-10-13,22500.0,CE,0.0,0.0,0.0,1336.75,1121.26,0,0.0,0,0,2026-09-11
NIFTY,2026-10-06,25150.0,CE,10.0,10.25,8.3,10.25,10.25,27,44155562.75,2730,130,2026-09-11
NIFTY,2026-10-06,25100.0,CE,8.45,10.55,8.45,10.2,10.2,15,24482152.5,520,520,2026-09-11
NIFTY,2026-10-06,24700.0,CE,24.15,24.15,14.75,18.45,18.45,71,114071100.0,1690,1300,2026-09-11
NIFTY,2026-10-06,24150.0,CE,49.4,68.0,44.85,61.35,61.35,557,876407639.25,5590,-6565,2026-09-11
NIFTY,2026-10-06,23500.0,CE,208.0,295.95,188.05,279.3,279.3,2334,3601448405.75,82225,36075,2026-09-11
NIFTY,2026-09-29,26400.0,CE,2.55,2.85,1.65,1.75,1.75,246,422168912.75,43355,-3120,2026-09-11
NIFTY,2026-09-29,24900.0,CE,7.2,9.0,7.15,8.4,8.4,9304,15063380803.25,531830,-119665,2026-09-11
NIFTY,2026-09-29,24800.0,CE,9.3,10.5,7.75,9.6,9.6,23167,37358854936.0,1082770,-292955,2026-09-11
NIFTY,2026-09-29,24700.0,CE,11.05,12.5,8.95,11.3,11.3,22096,35490136262.75,1580345,-111995,2026-09-11
NIFTY,2026-09-29,24400.0,CE,15.0,21.85,12.35,19.25,19.25,23173,36777738760.75,2890680,42770,2026-09-11
NIFTY,2026-09-29,22100.0,CE,0.0,0.0,0.0,1405.55,1376.37,0,0.0,910,0,2026-09-11
NIFTY,2026-09-29,21800.0,CE,1700.0,1700.0,1700.0,1700.0,1666.14,1,1527500.0,65,-65,2026-09-11
NIFTY,2026-09-29,21750.0,CE,0.0,0.0,0.0,1980.0,1715.11,0,0.0,65,0,2026-09-11
NIFTY,2026-09-29,19500.0,CE,3853.8,3997.85,3805.75,3961.55,3961.55,49,74584747.25,140465,0,2026-09-11
NIFTY,2026-09-22,25300.0,CE,2.05,2.05,1.65,1.8,1.8,15863,26088547153.5,499265,394095,2026-09-11
NIFTY,2026-09-15,26200.0,CE,0.5,0.55,0.3,0.4,0.4,19944,33965238593.0,408785,-6955,2026-09-11
NIFTY,2026-09-15,26100.0,CE,0.45,0.55,0.35,0.4,0.4,6408,10871363915.75,154765,-37180,2026-09-11
NIFTY,2026-09-15,25850.0,CE,0.6,0.75,0.3,0.4,0.4,2960,4973637626.75,59605,-8970,2026-09-11
NIFTY,2026-09-15,25750.0,CE,0.6,0.7,0.3,0.35,0.35,2969,4969458026.0,52455,1755,2026-09-11
NIFTY,2026-09-15,25650.0,CE,0.7,1.0,0.3,0.4,0.4,6227,10382190497.25,58045,-7020,2026-09-11
NIFTY,2026-09-15,25250.0,CE,0.6,0.75,0.25,0.35,0.35,53884,88439037059.75,796445,-20800,2026-09-11
NIFTY,2026-09-15,25050.0,CE,0.8,1.0,0.3,0.45,0.45,45932,74790703874.25,479180,-263055,2026-09-11
NIFTY,2026-09-15,24850.0,CE,0.85,1.2,0.45,0.65,0.65,86199,139237961060.25,767780,-144495,2026-09-11
NIFTY,2026-09-15,24100.0,CE,3.0,3.35,1.4,2.45,2.45,2059784,3227013323729.0,5814250,-776360,2026-09-11
NIFTY,2026-09-15,23500.0,CE,30.0,97.95,21.55,72.75,72.75,6077016,9304426748483.75,9299940,-2409615,2026-09-11
NIFTY,2026-09-15,23250.0,CE,159.95,267.8,103.55,237.65,237.65,2628675,3997297795309.0,1402895,1205360,2026-09-11
NIFTY,2026-09-15,23150.0,CE,260.0,352.75,163.55,324.6,324.6,418445,635494202586.75,268125,205725,2026-09-11
NIFTY,2026-09-15,23050.0,CE,249.15,443.45,239.2,415.65,415.65,48798,74043912907.25,125450,94900,2026-09-11
NIFTY,2026-09-15,23000.0,CE,310.95,491.85,278.7,460.5,460.5,160394,243442959106.75,388505,46475,2026-09-11
NIFTY,2026-09-15,22650.0,CE,763.75,807.3,689.6,780.0,765.92,63,95723332.25,1170,1105,2026-09-11
NIFTY,2026-09-15,22350.0,CE,0.0,0.0,0.0,2265.3,1062.7,0,0.0,0,0,2026-09-11
NIFTY,2026-09-15,22150.0,CE,0.0,0.0,0.0,2458.85,1262.31,0,0.0,0,0,2026-09-11
NIFTY,2026-09-15,22050.0,CE,0.0,0.0,0.0,2556.4,1362.22,0,0.0,0,0,2026-09-11
NIFTY,2029-12-24,22500.0,CE,0.0,0.0,0.0,8486.15,5767.25,0,0.0,0,0,2026-09-11
NIFTY,2030-06-25,16500.0,CE,0.0,0.0,0.0,13374.05,10475.14,0,0.0,0,0,2026-09-11
NIFTY,2030-06-25,19500.0,CE,0.0,0.0,0.0,11140.25,8287.09,0,0.0,0,0,2026-09-11
NIFTY,2031-06-24,28500.0,CE,0.0,0.0,0.0,5048.95,4377.87,0,0.0,0,0,2026-09-11
NIFTY,2026-09-15,22300.0,PE,1.8,4.25,1.65,2.5,2.5,555044,804651873694.5,2748850,1366495,2026-09-11
NIFTY,2026-09-15,22550.0,PE,4.7,6.2,3.15,3.95,3.95,407279,597094889872.0,1420770,722345,2026-09-11
NIFTY,2026-09-15,23100.0,PE,45.0,56.05,17.0,20.65,20.65,2606422,3918992767092.0,7897825,2082470,2026-09-11
NIFTY,2026-09-15,23350.0,PE,115.0,164.95,52.65,64.35,64.35,4205637,6409485111948.75,6084325,2668900,2026-09-11
NIFTY,2026-09-29,23200.0,CE,299.0,436.8,291.0,418.85,418.85,28726,43968548747.5,315770,229905,2026-09-11
NIFTY,2030-12-31,33000.0,PE,0.0,0.0,0.0,2387.3,4112.25,0,0.0,0,0,2026-09-11
NIFTY,2030-12-31,27000.0,PE,0.0,0.0,0.0,779.5,1672.79,0,0.0,0,0,2026-09-11
NIFTY,2029-12-24,19500.0,PE,0.0,0.0,0.0,61.2,223.16,0,0.0,0,0,2026-09-11
NIFTY,2029-06-26,26000.0,PE,0.0,0.0,0.0,1650.0,1664.74,0,0.0,50,0,2026-09-11
NIFTY,2029-06-26,22500.0,PE,0.0,0.0,0.0,224.45,651.86,0,0.0,0,0,2026-09-11
NIFTY,2028-12-26,30000.0,PE,0.0,0.0,0.0,3000.05,3849.13,0,0.0,195,0,2026-09-11
NIFTY,2028-12-26,22500.0,PE,0.0,0.0,0.0,218.8,653.26,0,0.0,0,0,2026-09-11
NIFTY,2028-12-26,21000.0,PE,0.0,0.0,0.0,348.0,372.1,0,0.0,9400,0,2026-09-11
NIFTY,2028-06-27,25500.0,PE,0.0,0.0,0.0,667.45,1653.24,0,0.0,0,0,2026-09-11
NIFTY,2028-06-27,22000.0,PE,434.1,434.1,434.1,434.1,524.88,1,1458216.5,2080,65,2026-09-11
NIFTY,2028-06-27,18000.0,PE,0.0,0.0,0.0,396.75,64.0,0,0.0,0,0,2026-09-11
NIFTY,2027-12-28,30000.0,PE,0.0,0.0,0.0,4105.0,4683.15,0,0.0,2600,0,2026-09-11
NIFTY,2027-12-28,22500.0,PE,0.0,0.0,0.0,186.5,598.0,0,0.0,0,0,2026-09-11
NIFTY,2027-12-28,19500.0,PE,0.0,0.0,0.0,29.25,118.58,0,0.0,0,0,2026-09-11
NIFTY,2027-06-29,33000.0,PE,0.0,0.0,0.0,4691.7,8004.95,0,0.0,0,0,2026-09-11
NIFTY,2027-03-30,33000.0,PE,0.0,0.0,0.0,8415.45,8481.19,0,0.0,0,0,2026-09-11
NIFTY,2026-12-29,12000.0,PE,3.25,3.45,3.2,3.4,0.0,16,12483396.25,20230,0,2026-09-11
NIFTY,2026-11-23,26100.0,PE,0.0,0.0,0.0,1675.5,2443.48,0,0.0,0,0,2026-09-11
NIFTY,2026-11-23,25250.0,PE,0.0,0.0,0.0,1090.7,1708.57,0,0.0,0,0,2026-09-11
NIFTY,2026-11-23,24550.0,PE,0.0,0.0,0.0,951.8,1178.25,0,0.0,1040,0,2026-09-11
NIFTY,2026-11-23,24100.0,PE,790.05,802.3,653.1,659.8,659.8,41,66105637.0,7995,-650,2026-09-11
NIFTY,2026-11-23,23950.0,PE,626.05,626.05,572.9,575.0,575.0,25,39883967.5,1625,0,2026-09-11
NIFTY,2026-11-23,22950.0,PE,262.1,266.8,213.15,214.9,349.03,16,24125380.5,650,650,2026-09-11
NIFTY,2026-11-23,22450.0,PE,155.45,155.45,119.3,122.35,122.35,38,55786760.25,1365,1365,2026-09-11
NIFTY,2026-10-27,26600.0,PE,0.0,0.0,0.0,2372.55,2998.83,0,0.0,0,0,2026-09-11
NIFTY,2026-10-27,26000.0,PE,2547.45,2563.1,2349.9,2371.0,2371.0,944,1745895732.75,462540,42640,2026-09-11
NIFTY,2026-10-27,25600.0,PE,0.0,0.0,0.0,1280.0,2043.35,0,0.0,130,0,2026-09-11
NIFTY,2026-10-27,25200.0,PE,1635.0,1686.65,1635.0,1647.35,1682.47,5,8729695.0,12025,65,2026-09-11
NIFTY,2026-10-27,25000.0,PE,1599.95,1605.0,1395.1,1418.65,1418.65,736,1268788209.0,581165,2535,2026-09-11
NIFTY,2026-10-27,24850.0,PE,1307.75,1307.75,1307.75,1307.75,1384.2,1,1700253.75,1300,-65,2026-09-11
NIFTY,2026-10-27,24800.0,PE,1352.9,1360.0,1219.0,1219.0,1219.0,28,47533320.25,144755,-390,2026-09-11
NIFTY,2026-10-27,24300.0,PE,951.1,972.8,788.95,798.2,798.2,742,1213868587.75,153205,11505,2026-09-11
NIFTY,2026-10-27,23450.0,PE,388.15,394.5,290.95,303.0,303.0,629,972729465.5,55900,-65,2026-09-11
NIFTY,2026-10-27,23100.0,PE,246.95,252.45,181.95,188.45,188.45,3856,5845040587.75,222950,44005,2026-09-11
NIFTY,2026-10-27,22200.0,PE,71.65,74.2,56.35,58.65,58.65,1017,1471887384.5,28535,28535,2026-09-11
NIFTY,2026-10-27,22050.0,PE,60.25,60.8,48.65,49.35,49.35,131,188227936.0,5005,5005,2026-09-11
NIFTY,2026-10-13,24850.0,PE,0.0,0.0,0.0,1195.85,1383.02,0,0.0,0,0,2026-09-11
NIFTY,2026-10-13,24700.0,PE,0.0,0.0,0.0,1075.5,1253.43,0,0.0,0,0,2026-09-11
NIFTY,2026-10-13,24150.0,PE,0.0,0.0,0.0,683.35,820.39,0,0.0,0,0,2026-09-11
NIFTY,2026-10-13,23500.0,PE,393.35,393.4,275.3,287.0,287.0,211,326542336.25,12155,2600,2026-09-11
NIFTY,2026-10-13,22850.0,PE,0.0,0.0,0.0,138.15,176.36,0,0.0,0,0,2026-09-11
NIFTY,2026-10-13,22700.0,PE,108.05,108.1,80.1,81.25,138.97,55,81499951.0,1495,650,2026-09-11
NIFTY,2026-10-13,22600.0,PE,91.25,92.5,69.6,69.8,69.8,21,30965073.75,845,845,2026-09-11
NIFTY,2026-10-13,22400.0,PE,0.0,0.0,0.0,63.55,82.22,0,0.0,0,0,2026-09-11
NIFTY,2026-10-13,22300.0,PE,54.4,54.45,45.3,45.3,45.3,50,72638995.0,2600,2600,2026-09-11
NIFTY,2026-10-06,25750.0,PE,0.0,0.0,0.0,1608.15,2253.98,0,0.0,0,0,2026-09-11
NIFTY,2026-10-06,25050.0,PE,0.0,0.0,0.0,1024.75,1578.51,0,0.0,0,0,2026-09-11
NIFTY,2026-10-06,25000.0,PE,0.0,0.0,0.0,987.9,1531.78,0,0.0,0,0,2026-09-11
NIFTY,2026-10-06,24700.0,PE,0.0,0.0,0.0,774.45,1258.61,0,0.0,0,0,2026-09-11
NIFTY,2026-10-06,24400.0,PE,0.0,0.0,0.0,588.3,1001.88,0,0.0,0,0,2026-09-11
NIFTY,2026-10-06,23900.0,PE,627.5,627.5,550.0,569.25,627.57,19,30223667.5,2080,-975,2026-09-11
NIFTY,2026-10-06,23050.0,PE,165.0,169.6,109.7,115.2,115.2,210,316541787.25,6565,390,2026-09-11
NIFTY,2026-10-06,22800.0,PE,104.0,109.2,72.05,75.9,75.9,560,832977210.0,7735,7735,2026-09-11
NIFTY,2026-10-06,22650.0,PE,0.0,0.0,0.0,50.2,99.99,0,0.0,0,0,2026-09-11
NIFTY,2026-10-06,22500.0,PE,58.0,66.15,44.15,45.8,45.8,1334,1955645263.0,40495,3510,2026-09-11
NIFTY,2026-09-15,21750.0,CE,0.0,0.0,0.0,2850.9,1662.02,0,0.0,0,0,2026-09-11
NIFTY,2026-10-06,21750.0,PE,0.0,0.0,0.0,6.65,11.71,0,0.0,0,0,2026-09-11
NIFTY,2026-09-29,33000.0,PE,0.0,0.0,0.0,6552.15,9507.0,0,0.0,0,0,2026-09-11
NIFTY,2026-09-29,27150.0,PE,0.0,0.0,0.0,2959.15,3673.82,0,0.0,0,0,2026-09-11
NIFTY,2026-09-29,25700.0,PE,0.0,0.0,0.0,1907.0,2229.34,0,0.0,11960,0,2026-09-11
NIFTY,2026-09-29,25650.0,PE,0.0,0.0,0.0,1016.85,2179.74,0,0.0,65,0,2026-09-11
NIFTY,2026-09-29,24950.0,PE,1539.4,1562.45,1516.15,1562.45,1494.33,4,6888729.25,4940,-195,2026-09-11
NIFTY,2026-09-29,24750.0,PE,1456.45,1456.45,1278.3,1278.3,1278.3,22,37356582.25,29510,-65,2026-09-11
NIFTY,2026-09-29,23400.0,PE,242.2,295.0,181.0,192.6,192.6,74701,114696311629.25,2297815,520585,2026-09-11
NIFTY,2026-09-29,22600.0,PE,46.0,58.8,37.5,39.85,39.85,27995,41211091480.0,671190,217945,2026-09-11
NIFTY,2026-09-29,22550.0,PE,49.0,51.5,34.1,36.1,36.1,8725,12811747965.25,148850,116545,2026-09-11
NIFTY,2026-09-29,21950.0,PE,18.0,19.75,16.5,17.15,17.15,1683,2403195047.5,105495,47320,2026-09-11
NIFTY,2026-09-29,21000.0,PE,7.65,10.35,7.5,9.8,9.8,21543,29418944688.25,2411630,355680,2026-09-11
NIFTY,2026-09-22,25750.0,PE,0.0,0.0,0.0,1525.75,2306.68,0,0.0,0,0,2026-09-11
NIFTY,2026-09-22,25200.0,PE,1870.0,1870.0,1800.0,1800.0,1758.49,4,7024550.0,260,260,2026-09-11
NIFTY,2026-09-22,24150.0,PE,849.0,849.0,680.0,700.0,700.0,46,74474065.25,19045,1040,2026-09-11
NIFTY,2026-09-22,22800.0,PE,35.0,55.65,32.95,36.1,36.1,81186,120534580133.5,1519180,718640,2026-09-11
NIFTY,2026-09-22,22700.0,PE,29.05,44.35,26.6,29.8,29.8,91730,135549763797.5,2386410,979095,2026-09-11
NIFTY,2026-09-22,22350.0,PE,13.35,20.45,13.3,16.4,16.4,5483,7971396121.0,87490,27885,2026-09-11
NIFTY,2026-09-15,25650.0,PE,0.0,0.0,0.0,1940.0,2235.49,0,0.0,585,0,2026-09-11
NIFTY,2026-09-15,25050.0,PE,1730.0,1730.0,1730.0,1730.0,1635.88,1,1740700.0,65,0,2026-09-11
NIFTY,2026-09-15,23600.0,PE,312.05,366.0,168.6,190.0,190.0,326249,505586917748.25,1390740,-875290,2026-09-11
NIFTY,2026-09-15,23550.0,PE,251.15,321.15,135.6,155.0,155.0,283227,437237090998.5,920335,-484185,2026-09-11
NIFTY,2026-09-15,23250.0,PE,66.0,109.95,33.0,41.0,41.0,4760009,7215422238368.5,8038615,6176040,2026-09-11
NIFTY,2026-09-15,23150.0,PE,53.35,70.35,21.25,25.5,25.5,1930829,2910551178697.5,4275115,2320305,2026-09-11
NIFTY,2026-09-15,22700.0,PE,5.1,9.95,4.1,5.2,5.2,876460,1293583521935.25,5014750,2355210,2026-09-11
NIFTY,2031-06-24,27000.0,CE,0.0,0.0,0.0,5699.0,5022.9,0,0.0,0,0,2026-09-11
NIFTY,2030-12-31,21000.0,CE,0.0,0.0,0.0,10552.5,7798.46,0,0.0,0,0,2026-09-11
NIFTY,2029-12-24,30000.0,CE,1701.0,1900.0,1701.0,1900.0,2277.68,2,4134065.0,8535,65,2026-09-11
NIFTY,2029-12-24,25500.0,CE,0.0,0.0,0.0,6500.6,4090.85,0,0.0,0,0,2026-09-11
NIFTY,2029-06-26,27000.0,CE,0.0,0.0,0.0,6570.4,2833.86,0,0.0,0,0,2026-09-11
NIFTY,2028-12-26,16500.0,CE,0.0,0.0,0.0,12176.65,9159.5,0,0.0,0,0,2026-09-11
NIFTY,2027-03-30,22500.0,CE,1800.0,1980.0,1785.0,1952.6,1952.6,998,1580165921.75,128765,25610,2026-09-11
NIFTY,2026-12-29,34500.0,CE,5.35,5.35,5.35,5.35,0.01,1,2242847.75,1365,65,2026-09-11
NIFTY,2026-12-29,18000.0,CE,5550.0,5550.0,5550.0,5550.0,5735.44,1,1530750.0,1560,0,2026-09-11
NIFTY,2026-11-23,26000.0,CE,25.3,29.0,23.05,27.9,27.9,3679,6223763796.25,300300,28990,2026-09-11
NIFTY,2026-11-23,25950.0,CE,0.0,0.0,0.0,332.85,82.94,0,0.0,0,0,2026-09-11
NIFTY,2026-11-23,24950.0,CE,0.0,0.0,0.0,670.25,233.26,0,0.0,0,0,2026-09-11
NIFTY,2026-11-23,23850.0,CE,316.8,394.05,316.8,391.5,391.5,43,67643290.0,2600,585,2026-09-11
NIFTY,2026-11-23,23000.0,CE,769.35,920.0,769.35,903.2,903.2,761,1178622409.25,67990,13520,2026-09-11
NIFTY,2026-11-23,22650.0,CE,0.0,0.0,0.0,2156.8,1292.37,0,0.0,0,0,2026-09-11
NIFTY,2026-10-27,26350.0,CE,0.0,0.0,0.0,8.0,13.01,0,0.0,520,0,2026-09-11
NIFTY,2026-10-27,26250.0,CE,7.5,9.95,7.5,9.95,15.5,7,11947958.75,585,-130,2026-09-11
NIFTY,2026-10-27,25200.0,CE,22.6,30.0,18.4,25.7,25.7,1767,2897089182.0,168870,-23465,2026-09-11
NIFTY,2026-10-27,24550.0,CE,54.95,73.65,53.95,70.1,70.1,590,943936883.5,38935,13130,2026-09-11
NIFTY,2026-10-27,23150.0,CE,535.6,591.85,533.1,576.15,765.59,14,21578115.0,390,390,2026-09-11
NIFTY,2026-10-27,22750.0,CE,0.0,0.0,0.0,1805.4,1034.56,0,0.0,0,0,2026-09-11
NIFTY,2026-10-27,22450.0,CE,0.0,0.0,0.0,2042.45,1261.97,0,0.0,0,0,2026-09-11
NIFTY,2026-10-27,22250.0,CE,1220.0,1265.55,1214.0,1265.4,1425.18,7,10685824.5,13130,130,2026-09-11
NIFTY,2026-10-27,22000.0,CE,1477.0,1632.0,1433.85,1614.2,1614.2,989,1510703132.25,68120,44525,2026-09-11
NIFTY,2026-10-13,23500.0,CE,250.0,340.55,243.0,328.7,328.7,239,369490202.25,9360,4030,2026-09-11
NIFTY,2026-10-13,23050.0,CE,0.0,0.0,0.0,900.4,713.02,0,0.0,0,0,2026-09-11
NIFTY,2026-10-13,22450.0,CE,0.0,0.0,0.0,1379.8,1162.48,0,0.0,0,0,2026-09-11
NIFTY,2026-10-13,22150.0,CE,0.0,0.0,0.0,1647.3,1421.15,0,0.0,0,0,2026-09-11
NIFTY,2026-10-13,21900.0,CE,0.0,0.0,0.0,1879.7,1648.78,0,0.0,0,0,2026-09-11
NIFTY,2026-10-06,25700.0,CE,6.95,6.95,5.4,5.55,5.55,41,68507387.0,6110,-1430,2026-09-11
NIFTY,2026-10-06,23850.0,CE,82.65,140.25,82.65,132.9,132.9,229,356583799.0,7930,3705,2026-09-11
NIFTY,2026-10-06,23200.0,CE,348.65,486.0,348.65,462.6,462.6,157,240803143.75,1755,1755,2026-09-11
NIFTY,2026-09-15,21800.0,CE,0.0,0.0,0.0,2801.65,1612.05,0,0.0,0,0,2026-09-11
NIFTY,2026-09-15,22250.0,CE,0.0,0.0,0.0,2361.8,1162.45,0,0.0,0,0,2026-09-11
NIFTY,2026-09-15,22450.0,CE,0.0,0.0,0.0,2169.4,963.17,0,0.0,0,0,2026-09-11
NIFTY,2026-09-15,24550.0,CE,1.75,1.75,0.7,1.0,1.0,91018,145249500214.0,917475,-418795,2026-09-11
NIFTY,2026-09-15,25700.0,CE,0.55,0.65,0.25,0.35,0.35,17963,30007743684.75,276640,-67405,2026-09-11
NIFTY,2026-09-22,21700.0,CE,0.0,0.0,0.0,2585.8,1736.74,0,0.0,0,0,2026-09-11
NIFTY,2026-09-22,23300.0,CE,175.15,307.45,164.9,281.35,281.35,86991,133004947101.0,755235,604630,2026-09-11
NIFTY,2026-09-22,24400.0,CE,5.85,8.1,4.8,6.7,6.7,48099,76304849838.75,1058915,396370,2026-09-11
NIFTY,2026-09-22,25150.0,CE,1.9,2.35,1.75,2.0,2.0,8303,13574366373.75,208390,198835,2026-09-11
NIFTY,2026-09-29,15000.0,CE,0.0,0.0,0.0,10499.3,8441.24,0,0.0,0,0,2026-09-11
NIFTY,2026-09-29,18000.0,CE,5300.0,5487.4,5299.7,5487.4,5487.4,3,4555661.5,1105,-65,2026-09-11
NIFTY,2026-09-29,22300.0,CE,1045.0,1150.0,1045.0,1140.65,1189.06,37,56213800.5,1755,-195,2026-09-11
NIFTY,2026-09-29,22350.0,CE,1150.0,1150.0,1150.0,1150.0,1143.28,2,3055000.0,130,0,2026-09-11
NIFTY,2026-10-06,22050.0,CE,0.0,0.0,0.0,2147.1,1462.36,0,0.0,0,0,2026-09-11
NIFTY,2026-10-06,21700.0,CE,0.0,0.0,0.0,2486.95,1794.86,0,0.0,0,0,2026-09-11
NIFTY,2026-09-29,26850.0,CE,0.0,0.0,0.0,2.2,0.01,0,0.0,2665,0,2026-09-11
NIFTY,2026-09-29,25300.0,CE,4.95,6.3,4.65,5.65,5.65,3198,5260280200.5,471965,-36920,2026-09-11
NIFTY,2026-09-29,25250.0,CE,5.55,6.3,5.4,6.0,6.0,1006,1651488143.5,87945,-260,2026-09-11
NIFTY,2026-09-29,25050.0,CE,6.7,7.55,6.35,7.15,7.15,2588,4215087916.0,94575,-4355,2026-09-11
NIFTY,2026-09-29,24250.0,CE,20.0,31.45,16.3,27.2,27.2,10093,15924082005.0,359580,11375,2026-09-11
NIFTY,2026-09-29,23650.0,CE,99.95,167.85,92.25,151.75,151.75,10904,16850508808.25,241085,-4485,2026-09-11
NIFTY,2026-09-29,23500.0,CE,150.0,242.6,142.7,222.15,222.15,145873,224583202902.5,3196635,800280,2026-09-11
NIFTY,2026-09-29,23450.0,CE,165.05,271.9,165.05,252.35,252.35,9051,13925115477.0,171860,28275,2026-09-11
NIFTY,2026-09-29,23400.0,CE,220.0,302.0,186.15,280.3,280.3,78422,120549982699.25,1867125,702455,2026-09-11
NIFTY,2026-09-22,24100.0,CE,9.5,19.85,9.5,14.9,14.9,84611,132617785995.5,1340365,-291785,2026-09-11
NIFTY,2026-09-22,24800.0,CE,3.25,3.85,2.6,2.8,2.8,50314,81115562134.75,1535495,1153295,2026-09-11
NIFTY,2026-09-22,25000.0,CE,2.6,2.9,2.2,2.4,2.4,112256,182433813562.0,4102930,2865330,2026-09-11
NIFTY,2026-09-22,25750.0,CE,1.6,3.3,0.95,1.25,1.25,210,351507217.75,3575,1495,2026-09-11
NIFTY,2026-09-29,21000.0,CE,2459.6,2501.0,2294.7,2484.25,2484.25,374,569431947.5,512850,-2990,2026-09-11
NIFTY,2026-09-29,21600.0,CE,1720.0,1899.0,1720.0,1899.0,1862.74,46,69955531.75,47125,1885,2026-09-11
NIFTY,2026-09-29,21950.0,CE,0.0,0.0,0.0,1800.0,1520.25,0,0.0,130,0,2026-09-11
NIFTY,2026-09-29,22850.0,CE,551.0,707.9,550.0,705.95,720.1,14,21388152.5,520,195,2026-09-11
NIFTY,2026-09-29,23100.0,CE,382.05,518.25,352.0,494.3,494.3,3124,4774689819.25,61490,40690,2026-09-11
NIFTY,2026-09-29,24300.0,CE,20.0,28.2,17.6,24.3,24.3,48607,76842215710.0,4484870,-82160,2026-09-11
NIFTY,2026-09-29,25950.0,CE,0.0,0.0,0.0,3.9,0.55,0,0.0,10790,0,2026-09-11
NIFTY,2026-10-06,22100.0,CE,0.0,0.0,0.0,2099.1,1416.06,0,0.0,0,0,2026-09-11
NIFTY,2026-10-06,22300.0,CE,0.0,0.0,0.0,1909.15,1234.93,0,0.0,0,0,2026-09-11
NIFTY,2026-10-06,22350.0,CE,0.0,0.0,0.0,1862.2,1190.82,0,0.0,0,0,2026-09-11
NIFTY,2026-10-06,22400.0,CE,0.0,0.0,0.0,1815.55,1147.24,0,0.0,0,0,2026-09-11
NIFTY,2026-10-06,22500.0,CE,0.0,0.0,0.0,1723.05,1061.82,0,0.0,0,0,2026-09-11
NIFTY,2026-10-06,22900.0,CE,0.0,0.0,0.0,1367.45,747.79,0,0.0,0,0,2026-09-11
NIFTY,2026-10-06,23600.0,CE,155.0,240.25,144.2,229.6,229.6,1073,1660072391.25,34255,18525,2026-09-11
NIFTY,2026-10-06,23750.0,CE,112.35,174.95,112.35,166.8,166.8,171,265529992.0,7540,2405,2026-09-11
NIFTY,2026-10-06,24900.0,CE,11.45,17.65,10.65,13.7,13.7,180,291481736.0,1820,1820,2026-09-11
NIFTY,2026-10-06,25050.0,CE,0.0,0.0,0.0,175.2,26.61,0,0.0,0,0,2026-09-11
NIFTY,2026-10-06,25250.0,CE,9.9,9.9,8.8,8.8,16.91,4,6567401.75,2470,65,2026-09-11
NIFTY,2026-10-13,21750.0,CE,0.0,0.0,0.0,2022.25,1789.29,0,0.0,0,0,2026-09-11
NIFTY,2026-10-13,21950.0,CE,0.0,0.0,0.0,1832.65,1602.54,0,0.0,0,0,2026-09-11
NIFTY,2026-10-13,22050.0,CE,0.0,0.0,0.0,1739.4,1511.08,0,0.0,0,0,2026-09-11
NIFTY,2026-10-13,23450.0,CE,293.0,372.25,293.0,366.6,366.6,17,26284908.0,780,650,2026-09-11
NIFTY,2026-10-13,24350.0,CE,0.0,0.0,0.0,236.65,152.05,0,0.0,0,0,2026-09-11
NIFTY,2026-10-27,21800.0,CE,0.0,0.0,0.0,2595.5,1818.38,0,0.0,0,0,2026-09-11
NIFTY,2026-10-27,21950.0,CE,0.0,0.0,0.0,2463.7,1683.85,0,0.0,0,0,2026-09-11
NIFTY,2026-10-27,22650.0,CE,0.0,0.0,0.0,1882.95,1107.47,0,0.0,0,0,2026-09-11
NIFTY,2026-10-27,23250.0,CE,473.55,584.3,458.6,574.55,574.55,171,264083413.75,2925,2925,2026-09-11
NIFTY,2026-10-27,23650.0,CE,259.35,351.15,256.9,339.6,339.6,400,622473150.0,21190,-1495,2026-09-11
NIFTY,2026-10-27,24100.0,CE,119.8,170.25,114.1,161.9,161.9,5606,8831949207.25,358345,14560,2026-09-11
NIFTY,2026-10-27,24600.0,CE,48.0,67.6,46.7,64.0,64.0,7552,12103190024.25,321230,58045,2026-09-11
NIFTY,2026-10-27,26450.0,CE,0.0,0.0,0.0,8.15,10.89,0,0.0,520,0,2026-09-11
NIFTY,2026-11-23,21950.0,CE,0.0,0.0,0.0,2769.65,1839.16,0,0.0,0,0,2026-09-11
NIFTY,2026-11-23,22300.0,CE,0.0,0.0,0.0,2456.95,1554.57,0,0.0,0,0,2026-09-11
NIFTY,2026-11-23,24300.0,CE,175.6,222.0,169.1,213.45,213.45,1177,1873202581.25,66950,32955,2026-09-11
NIFTY,2026-11-23,24800.0,CE,86.3,106.3,82.7,103.5,103.5,993,1606695704.25,60905,-2925,2026-09-11
NIFTY,2026-11-23,25300.0,CE,0.0,0.0,0.0,532.0,165.8,0,0.0,0,0,2026-09-11
NIFTY,2026-11-23,25900.0,CE,0.0,0.0,0.0,345.7,87.72,0,0.0,0,0,2026-09-11
NIFTY,2026-12-29,19500.0,CE,0.0,0.0,0.0,7586.85,4269.66,0,0.0,0,0,2026-09-11
NIFTY,2026-12-29,25500.0,CE,83.9,107.95,83.9,104.4,104.4,8049,13391948150.75,1070745,-59995,2026-09-11
NIFTY,2027-03-30,21000.0,CE,0.0,0.0,0.0,3711.0,3253.63,0,0.0,6695,0,2026-09-11
NIFTY,2027-03-30,30000.0,CE,20.8,23.45,19.1,22.3,22.3,256,499561195.25,144755,4290,2026-09-11
NIFTY,2027-06-29,16500.0,CE,0.0,0.0,0.0,10867.2,7712.08,0,0.0,0,0,2026-09-11
NIFTY,2027-06-29,19500.0,CE,0.0,0.0,0.0,8143.4,4920.21,0,0.0,0,0,2026-09-11
NIFTY,2027-12-28,21000.0,CE,0.0,0.0,0.0,4902.4,4342.01,0,0.0,0,0,2026-09-11
NIFTY,2028-06-27,27000.0,CE,0.0,0.0,0.0,1935.0,1679.68,0,0.0,65,0,2026-09-11
NIFTY,2029-06-26,25500.0,CE,0.0,0.0,0.0,5917.35,3512.64,0,0.0,0,0,2026-09-11
NIFTY,2029-12-24,21000.0,CE,0.0,0.0,0.0,9463.95,6738.12,0,0.0,0,0,2026-09-11
NIFTY,2030-12-31,19500.0,CE,0.0,0.0,0.0,11601.15,8785.11,0,0.0,0,0,2026-09-11
NIFTY,2030-12-31,25500.0,CE,0.0,0.0,0.0,7639.65,5226.41,0,0.0,0,0,2026-09-11
NIFTY,2031-06-24,18000.0,CE,0.0,0.0,0.0,10825.95,10235.66,0,0.0,0,0,2026-09-11
NIFTY,2031-06-24,30000.0,CE,0.0,0.0,0.0,4459.9,3799.03,0,0.0,0,0,2026-09-11
NIFTY,2026-09-15,21900.0,PE,0.95,2.65,0.85,1.65,1.65,359622,511969577063.75,3117140,963170,2026-09-11
NIFTY,2026-09-15,22750.0,PE,7.45,12.1,5.05,6.1,6.1,621038,918662795592.75,2546180,1455220,2026-09-11
NIFTY,2026-09-15,22850.0,PE,16.0,17.95,6.4,7.7,7.7,586535,871537250223.25,3370510,1937130,2026-09-11
NIFTY,2026-09-15,23000.0,PE,20.0,35.4,11.05,13.25,13.25,2775462,4152953538948.5,12359165,1744795,2026-09-11
NIFTY,2026-09-15,25500.0,PE,2240.0,2243.85,2042.8,2049.95,2049.95,759,1364984679.5,62335,-38025,2026-09-11
NIFTY,2026-09-15,26150.0,PE,0.0,0.0,0.0,1603.05,2735.17,0,0.0,0,0,2026-09-11
NIFTY,2026-09-22,22400.0,PE,17.2,22.85,16.2,17.5,17.5,39819,58023740989.5,630370,289835,2026-09-11
NIFTY,2026-09-22,22650.0,PE,32.15,38.55,24.35,27.0,27.0,21259,31340247120.0,208325,119795,2026-09-11
NIFTY,2026-09-22,23400.0,PE,190.0,254.5,143.5,154.8,154.8,110292,169083380602.5,2384720,723905,2026-09-11
NIFTY,2026-09-22,23500.0,PE,224.0,317.2,183.3,196.6,196.6,76506,118065152887.5,2192255,284375,2026-09-11
NIFTY,2026-09-22,23550.0,PE,300.65,350.95,208.9,222.65,222.65,6844,10593626286.75,187590,52910,2026-09-11
NIFTY,2026-09-22,23650.0,PE,421.55,427.05,268.75,283.7,283.7,3398,5297186134.5,122330,23010,2026-09-11
NIFTY,2026-09-22,26050.0,PE,0.0,0.0,0.0,1794.15,2606.1,0,0.0,0,0,2026-09-11
NIFTY,2026-09-29,22900.0,PE,92.75,108.5,65.9,69.9,69.9,31480,47031321545.0,840450,107250,2026-09-11
NIFTY,2026-09-29,23000.0,PE,103.1,133.85,80.5,85.75,85.75,150388,225878710248.75,6327635,380275,2026-09-11
NIFTY,2026-09-29,23600.0,PE,325.0,565.0,270.0,285.65,285.65,22817,35528410518.25,1580215,-184405,2026-09-11
NIFTY,2026-09-29,23650.0,PE,436.25,452.95,299.0,313.65,313.65,1763,2753080300.75,221000,-27300,2026-09-11
NIFTY,2026-09-29,24450.0,PE,1164.0,1164.0,956.0,968.0,968.0,51,84613600.5,86970,-195,2026-09-11
NIFTY,2026-09-29,24800.0,PE,1507.9,1507.9,1301.8,1319.75,1319.75,259,441429030.25,352495,-975,2026-09-11
NIFTY,2026-09-29,25850.0,PE,0.0,0.0,0.0,1859.75,2378.35,0,0.0,0,0,2026-09-11
NIFTY,2026-09-29,26200.0,PE,0.0,0.0,0.0,2734.0,2726.76,0,0.0,37765,0,2026-09-11
NIFTY,2026-09-29,26500.0,PE,3210.05,3211.0,2993.75,3008.0,3008.0,102,196283324.25,844480,-4485,2026-09-11
NIFTY,2026-09-29,27050.0,PE,0.0,0.0,0.0,2869.35,3574.11,0,0.0,0,0,2026-09-11
NIFTY,2026-10-06,21700.0,PE,0.0,0.0,0.0,5.8,10.14,0,0.0,0,0,2026-09-11
NIFTY,2026-10-06,21800.0,PE,0.0,0.0,0.0,7.55,13.49,0,0.0,0,0,2026-09-11
NIFTY,2026-10-06,23150.0,PE,201.95,201.95,133.5,137.6,137.6,71,107594857.5,3055,2925,2026-09-11
NIFTY,2026-10-06,23500.0,PE,359.95,366.95,250.05,257.05,257.05,1184,1831497687.5,51675,7345,2026-09-11
NIFTY,2026-10-06,24900.0,PE,0.0,0.0,0.0,913.3,1439.26,0,0.0,0,0,2026-09-11
NIFTY,2026-10-13,22350.0,PE,0.0,0.0,0.0,57.85,74.85,0,0.0,0,0,2026-09-11
NIFTY,2026-10-13,22450.0,PE,70.6,71.1,54.0,54.0,90.14,15,21954309.0,715,715,2026-09-11
NIFTY,2026-10-13,22750.0,PE,0.0,0.0,0.0,117.6,150.75,0,0.0,0,0,2026-09-11
NIFTY,2026-10-13,23400.0,PE,329.95,330.0,234.9,246.25,246.25,164,252263293.75,4615,2015,2026-09-11
NIFTY,2026-10-13,23550.0,PE,363.75,363.75,297.6,306.0,306.0,23,35671896.0,1365,65,2026-09-11
NIFTY,2026-10-13,24050.0,PE,0.0,0.0,0.0,621.65,750.45,0,0.0,0,0,2026-09-11
NIFTY,2026-10-13,24300.0,PE,0.0,0.0,0.0,781.75,931.96,0,0.0,0,0,2026-09-11
NIFTY,2026-10-13,24400.0,PE,0.0,0.0,0.0,851.05,1008.03,0,0.0,0,0,2026-09-11
NIFTY,2026-10-13,24600.0,PE,0.0,0.0,0.0,998.2,1169.44,0,0.0,0,0,2026-09-11
NIFTY,2026-10-13,25200.0,PE,0.0,0.0,0.0,1494.1,1699.1,0,0.0,0,0,2026-09-11
NIFTY,2026-10-27,21850.0,PE,40.7,40.7,37.55,38.2,38.2,57,81098043.0,2080,2080,2026-09-11
NIFTY,2026-10-27,22550.0,PE,115.0,118.0,86.05,88.55,88.55,405,596192613.25,19890,16770,2026-09-11
NIFTY,2026-10-27,22700.0,PE,137.7,145.0,103.0,107.8,107.8,5371,7969390913.25,277420,87035,2026-09-11
NIFTY,2026-10-27,23550.0,PE,429.0,445.0,331.4,340.65,340.65,138,214740656.0,11700,-1625,2026-09-11
NIFTY,2026-10-27,23850.0,PE,612.4,617.9,491.35,499.6,499.6,44,69752569.25,9035,-650,2026-09-11
NIFTY,2026-10-27,24350.0,PE,915.05,940.1,854.0,854.0,997.22,48,78824528.25,12155,-2600,2026-09-11
NIFTY,2026-10-27,24400.0,PE,1050.05,1050.05,870.0,878.95,878.95,482,795001519.0,123890,-8255,2026-09-11
NIFTY,2026-10-27,24500.0,PE,1020.0,1148.0,949.85,964.55,964.55,1364,2266557527.0,761995,12480,2026-09-11
NIFTY,2026-10-27,25550.0,PE,0.0,0.0,0.0,1144.0,1997.31,0,0.0,130,0,2026-09-11
NIFTY,2026-10-27,25850.0,PE,0.0,0.0,0.0,1093.8,2276.78,0,0.0,65,0,2026-09-11
NIFTY,2026-10-27,26450.0,PE,0.0,0.0,0.0,2246.05,2852.62,0,0.0,0,0,2026-09-11
NIFTY,2026-10-27,26650.0,PE,0.0,0.0,0.0,2415.2,3047.7,0,0.0,0,0,2026-09-11
NIFTY,2026-10-27,26800.0,PE,0.0,0.0,0.0,2544.55,3194.65,0,0.0,0,0,2026-09-11
NIFTY,2026-10-27,27050.0,PE,0.0,0.0,0.0,2764.35,3440.47,0,0.0,0,0,2026-09-11
NIFTY,2026-10-27,27100.0,PE,0.0,0.0,0.0,2808.9,3489.75,0,0.0,0,0,2026-09-11
NIFTY,2026-11-23,22100.0,PE,99.75,100.65,81.35,90.0,138.65,58,83680054.25,2860,2860,2026-09-11
NIFTY,2026-11-23,24350.0,PE,0.0,0.0,0.0,836.15,1043.36,0,0.0,4225,0,2026-09-11
NIFTY,2026-11-23,24850.0,PE,0.0,0.0,0.0,860.35,1396.25,0,0.0,0,0,2026-09-11
NIFTY,2026-11-23,24950.0,PE,0.0,0.0,0.0,915.05,1471.28,0,0.0,0,0,2026-09-11
NIFTY,2026-11-23,25750.0,PE,0.0,0.0,0.0,1419.55,2131.44,0,0.0,0,0,2026-09-11
NIFTY,2026-12-29,17000.0,PE,15.25,17.95,15.05,17.15,17.15,338,373863451.0,198845,11895,2026-09-11
NIFTY,2026-12-29,22500.0,PE,206.0,226.45,180.4,185.95,185.95,6134,9054423348.75,1021540,-23530,2026-09-11
NIFTY,2026-12-29,27000.0,PE,3229.95,3255.0,3038.9,3055.85,3055.85,391,766588241.25,1015035,2275,2026-09-11
NIFTY,2026-12-29,29000.0,PE,5159.95,5189.85,4959.85,4964.0,4964.0,28,62070628.75,219845,65,2026-09-11
NIFTY,2027-03-30,15000.0,PE,0.0,0.0,0.0,20.0,0.01,0,0.0,2470,0,2026-09-11
NIFTY,2027-06-29,28500.0,PE,0.0,0.0,0.0,1807.05,3977.63,0,0.0,0,0,2026-09-11
NIFTY,2027-06-29,30000.0,PE,0.0,0.0,0.0,4000.0,5260.99,0,0.0,455,0,2026-09-11
NIFTY,2027-12-28,23000.0,PE,600.0,645.0,570.55,579.7,579.7,478,733356604.5,82395,-2665,2026-09-11
NIFTY,2028-06-27,16500.0,PE,0.0,0.0,0.0,3.8,20.66,0,0.0,0,0,2026-09-11
NIFTY,2028-12-26,20000.0,PE,0.0,0.0,0.0,271.1,241.27,0,0.0,4265,0,2026-09-11
NIFTY,2030-06-25,31500.0,PE,0.0,0.0,0.0,2056.3,3701.81,0,0.0,0,0,2026-09-11
NIFTY,2031-06-24,21000.0,PE,0.0,0.0,0.0,450.5,381.58,0,0.0,0,0,2026-09-11
NIFTY,2026-09-15,24500.0,CE,1.5,1.8,0.6,1.05,1.05,928032,1477971059035.25,10113610,-1051245,2026-09-11
NIFTY,2026-09-15,23900.0,CE,6.65,8.45,3.75,4.85,4.85,1822165,2831334954168.5,6904625,-1186835,2026-09-11
NIFTY,2026-09-15,23600.0,CE,17.0,56.4,13.3,37.0,37.0,3718527,5711435163814.25,7902895,-328705,2026-09-11
NIFTY,2026-09-15,23200.0,CE,169.9,309.15,132.0,280.2,280.2,1752582,2663501729255.25,1161355,797940,2026-09-11
NIFTY,2026-09-15,25600.0,CE,0.6,0.75,0.25,0.35,0.35,35548,59153016490.75,481585,-103480,2026-09-11
NIFTY,2026-09-22,22200.0,CE,1210.0,1210.0,1210.0,1210.0,1242.93,1,1521650.0,65,0,2026-09-11
NIFTY,2026-09-22,22950.0,CE,410.05,581.3,405.25,568.75,570.13,241,366925078.0,2795,2535,2026-09-11
NIFTY,2026-09-22,23250.0,CE,205.0,344.0,175.25,318.55,318.55,26936,41133944133.75,106275,88920,2026-09-11
NIFTY,2026-09-22,23650.0,CE,50.0,112.7,48.65,95.4,95.4,41875,64578013522.75,493350,-28665,2026-09-11
NIFTY,2026-09-22,23800.0,CE,27.25,64.6,27.0,53.45,53.45,133487,206884258119.5,2156505,362830,2026-09-11
NIFTY,2027-03-30,31500.0,PE,0.0,0.0,0.0,7066.15,7041.98,0,0.0,0,0,2026-09-11
NIFTY,2027-03-30,30000.0,PE,0.0,0.0,0.0,4575.0,5620.93,0,0.0,3120,0,2026-09-11
NIFTY,2027-03-30,25500.0,PE,1632.1,1645.0,1475.15,1489.45,1489.45,703,1237302290.25,247260,6500,2026-09-11
NIFTY,2026-12-29,28500.0,PE,0.0,0.0,0.0,3320.25,4584.51,0,0.0,130,0,2026-09-11
NIFTY,2026-12-29,25000.0,PE,1390.0,1450.05,1260.65,1276.2,1276.2,3297,5649500158.25,2045015,10870,2026-09-11
NIFTY,2026-12-29,19500.0,PE,32.0,35.2,32.0,33.45,33.45,349,443119794.0,160745,-3185,2026-09-11
NIFTY,2026-11-23,25900.0,PE,0.0,0.0,0.0,1526.4,2263.79,0,0.0,0,0,2026-09-11
NIFTY,2026-11-23,25850.0,PE,0.0,0.0,0.0,1490.4,2219.43,0,0.0,0,0,2026-09-11
NIFTY,2026-11-23,25050.0,PE,0.0,0.0,0.0,1014.95,1548.83,0,0.0,0,0,2026-09-11
NIFTY,2026-11-23,25000.0,PE,1529.95,1529.95,1320.95,1344.65,1344.65,371,636857750.75,93730,5915,2026-09-11
NIFTY,2026-11-23,23600.0,PE,493.8,516.0,410.0,416.0,416.0,259,405016075.75,28340,1625,2026-09-11
NIFTY,2026-11-23,21700.0,PE,63.0,69.95,54.1,59.5,59.5,194,274425879.0,9100,7930,2026-09-11
NIFTY,2026-10-27,26700.0,PE,0.0,0.0,0.0,2458.1,3096.63,0,0.0,0,0,2026-09-11
NIFTY,2026-10-27,26350.0,PE,0.0,0.0,0.0,2163.0,2755.54,0,0.0,0,0,2026-09-11
NIFTY,2026-10-27,26200.0,PE,0.0,0.0,0.0,2040.5,2610.62,0,0.0,0,0,2026-09-11
NIFTY,2026-10-27,22500.0,PE,83.0,110.0,78.85,81.9,81.9,23215,34094616991.5,1536600,63440,2026-09-11
NIFTY,2026-10-27,22100.0,PE,62.4,65.1,50.1,52.05,52.05,616,887183254.75,20410,20410,2026-09-11
NIFTY,2026-10-13,25150.0,PE,0.0,0.0,0.0,1450.15,1652.96,0,0.0,0,0,2026-09-11
NIFTY,2026-10-13,24500.0,PE,0.0,0.0,0.0,923.15,1087.57,0,0.0,0,0,2026-09-11
NIFTY,2026-10-13,24350.0,PE,0.0,0.0,0.0,816.0,969.19,0,0.0,0,0,2026-09-11
NIFTY,2026-10-13,24200.0,PE,0.0,0.0,0.0,715.4,856.48,0,0.0,0,0,2026-09-11
NIFTY,2026-10-13,24100.0,PE,0.0,0.0,0.0,652.1,785.04,0,0.0,0,0,2026-09-11
NIFTY,2026-10-13,24000.0,PE,710.0,710.0,575.0,575.0,575.0,11,17584472.75,390,195,2026-09-11
NIFTY,2026-10-13,23150.0,PE,192.5,197.2,157.2,161.95,161.95,12,18198667.5,130,130,2026-09-11
NIFTY,2026-10-13,22150.0,PE,0.0,0.0,0.0,38.9,50.47,0,0.0,845,0,2026-09-11
NIFTY,2026-10-13,22000.0,PE,28.0,39.0,27.55,32.7,32.7,326,466916703.5,5395,4940,2026-09-11
NIFTY,2026-10-13,21900.0,PE,0.0,0.0,0.0,22.75,29.48,0,0.0,0,0,2026-09-11
NIFTY,2026-10-06,25700.0,PE,0.0,0.0,0.0,1563.65,2204.86,0,0.0,0,0,2026-09-11
NIFTY,2026-10-06,24950.0,PE,0.0,0.0,0.0,949.75,1485.36,0,0.0,0,0,2026-09-11
NIFTY,2026-10-06,24500.0,PE,980.0,980.0,980.0,980.0,1085.25,1,1656200.0,455,0,2026-09-11
NIFTY,2026-10-06,24150.0,PE,0.0,0.0,0.0,455.15,805.93,0,0.0,0,0,2026-09-11
NIFTY,2026-10-06,23750.0,PE,437.55,466.15,381.05,381.05,531.9,16,25159511.0,3185,-845,2026-09-11
NIFTY,2026-10-06,23250.0,PE,236.2,242.5,161.0,165.0,165.0,259,394881594.25,8125,1560,2026-09-11
NIFTY,2026-10-06,23100.0,PE,184.3,184.3,122.2,129.0,129.0,193,291551286.0,6760,6760,2026-09-11
NIFTY,2026-10-06,22750.0,PE,0.0,0.0,0.0,60.6,120.97,0,0.0,0,0,2026-09-11
NIFTY,2026-10-06,22100.0,PE,24.6,29.7,24.6,29.7,29.73,16,23014364.75,1040,910,2026-09-11
NIFTY,2026-09-29,26700.0,PE,0.0,0.0,0.0,2560.85,3225.14,0,0.0,0,0,2026-09-11
NIFTY,2026-09-29,25350.0,PE,0.0,0.0,0.0,850.0,1883.32,0,0.0,1040,0,2026-09-11
NIFTY,2026-09-29,25150.0,PE,1717.45,1757.85,1660.05,1660.05,1687.55,4,6984272.75,1105,-260,2026-09-11
NIFTY,2026-09-29,24350.0,PE,1050.0,1070.85,862.0,882.35,882.35,242,398687828.5,321230,-7930,2026-09-11
NIFTY,2026-09-29,23850.0,PE,499.9,607.15,429.45,444.4,444.4,772,1223102718.5,106405,-16770,2026-09-11
NIFTY,2026-09-29,23300.0,PE,200.0,243.85,147.15,157.1,157.1,82467,125952976149.0,2477215,295490,2026-09-11
NIFTY,2026-09-29,18000.0,PE,0.95,2.8,0.85,1.35,1.35,2260,2644423895.75,850200,-6695,2026-09-11
NIFTY,2026-09-22,25150.0,PE,0.0,0.0,0.0,1035.2,1708.8,0,0.0,0,0,2026-09-11
NIFTY,2026-09-22,24550.0,PE,1175.3,1175.3,1105.6,1105.6,1121.46,10,16698844.5,650,650,2026-09-11
NIFTY,2026-09-22,24200.0,PE,926.15,927.5,730.0,744.0,744.0,1019,1656730676.25,95615,10725,2026-09-11
NIFTY,2026-09-22,24100.0,PE,828.0,832.4,631.15,645.15,645.15,1387,2236452864.75,87295,-17160,2026-09-11
NIFTY,2026-09-15,25850.0,PE,0.0,0.0,0.0,1345.95,2435.36,0,0.0,0,0,2026-09-11
NIFTY,2026-09-15,24950.0,PE,0.0,0.0,0.0,689.2,1535.94,0,0.0,0,0,2026-09-11
NIFTY,2026-09-15,24050.0,PE,800.0,805.35,584.65,600.95,600.95,1166,1876712298.5,73580,-28990,2026-09-11
NIFTY,2026-09-15,23900.0,PE,637.55,655.55,429.95,456.65,456.65,21284,33845632850.25,1114165,-443430,2026-09-11
NIFTY,2026-09-15,23500.0,PE,206.1,277.65,108.65,125.9,125.9,1443635,2220989902985.75,4245605,-1999075,2026-09-11
NIFTY,2026-09-15,23050.0,PE,30.15,44.15,13.7,16.25,16.25,1188628,1782780759870.5,3213210,532740,2026-09-11
NIFTY,2026-09-15,22200.0,PE,1.55,3.75,1.3,2.15,2.15,746429,1077230306067.5,4377945,1245725,2026-09-11
NIFTY,2026-09-15,22150.0,PE,2.1,3.55,1.4,2.0,2.0,214439,308774954114.25,881530,69095,2026-09-11
NIFTY,2026-09-15,22050.0,PE,1.45,3.15,1.4,1.95,1.95,184854,264971359926.0,720980,93470,2026-09-11
NIFTY,2031-06-24,31500.0,CE,0.0,0.0,0.0,3928.35,3283.81,0,0.0,0,0,2026-09-11
NIFTY,2030-12-31,28500.0,CE,0.0,0.0,0.0,5968.3,3876.75,0,0.0,0,0,2026-09-11
NIFTY,2030-12-31,16500.0,CE,0.0,0.0,0.0,13763.55,10899.55,0,0.0,0,0,2026-09-11
NIFTY,2030-06-25,31500.0,CE,0.0,0.0,0.0,3984.8,2317.32,0,0.0,0,0,2026-09-11
NIFTY,2030-06-25,18000.0,CE,0.0,0.0,0.0,12423.9,9359.54,0,0.0,0,0,2026-09-11
NIFTY,2029-12-24,28500.0,CE,0.0,0.0,0.0,4802.1,2792.21,0,0.0,0,0,2026-09-11
NIFTY,2029-12-24,16500.0,CE,0.0,0.0,0.0,12984.85,10049.31,0,0.0,0,0,2026-09-11
NIFTY,2029-06-26,33000.0,CE,0.0,0.0,0.0,4179.45,1080.43,0,0.0,0,0,2026-09-11
NIFTY,2029-06-26,21000.0,CE,0.0,0.0,0.0,9799.75,6187.88,0,0.0,0,0,2026-09-11
NIFTY,2029-06-26,18000.0,CE,0.0,0.0,0.0,11678.65,8415.41,0,0.0,0,0,2026-09-11
NIFTY,2028-06-27,19500.0,CE,0.0,0.0,0.0,9209.1,6152.68,0,0.0,0,0,2026-09-11
NIFTY,2027-12-28,33000.0,CE,67.1,69.8,63.05,67.0,158.97,64,137554595.75,6435,-3055,2026-09-11
NIFTY,2027-06-29,33000.0,CE,0.0,0.0,0.0,1122.75,27.12,0,0.0,0,0,2026-09-11
NIFTY,2027-06-29,25500.0,CE,619.95,670.0,619.95,670.0,670.0,3,5099893.5,520,65,2026-09-11
NIFTY,2026-12-29,22500.0,CE,1370.0,1526.35,1351.5,1508.45,1508.45,342,531299164.5,29965,3055,2026-09-11
NIFTY,2026-12-29,16000.0,CE,0.0,0.0,0.0,8500.0,7697.71,0,0.0,260,0,2026-09-11
NIFTY,2026-11-23,25550.0,CE,0.0,0.0,0.0,446.95,128.18,0,0.0,0,0,2026-09-11
NIFTY,2026-11-23,25450.0,CE,0.0,0.0,0.0,479.65,142.27,0,0.0,0,0,2026-09-11
NIFTY,2026-11-23,24600.0,CE,114.15,142.55,113.35,140.15,140.15,606,973846568.5,45175,3835,2026-09-11
NIFTY,2026-11-23,24250.0,CE,198.3,238.0,187.45,232.8,232.8,100,158919471.75,3575,-1690,2026-09-11
NIFTY,2026-11-23,23600.0,CE,427.45,528.0,427.45,517.25,517.25,303,474206963.75,17290,4485,2026-09-11
NIFTY,2026-11-23,23450.0,CE,500.9,617.65,500.9,600.5,600.5,20,31230741.75,1105,390,2026-09-11
NIFTY,2026-11-23,23400.0,CE,535.95,646.0,532.65,633.25,633.25,224,349444413.5,9295,4355,2026-09-11
NIFTY,2026-11-23,23100.0,CE,720.0,838.0,720.0,838.0,990.47,9,13961343.5,1235,390,2026-09-11
NIFTY,2026-11-23,22700.0,CE,0.0,0.0,0.0,2115.1,1255.8,0,0.0,0,0,2026-09-11
NIFTY,2026-11-23,21700.0,CE,0.0,0.0,0.0,2999.2,2053.63,0,0.0,0,0,2026-09-11
NIFTY,2026-10-27,27200.0,CE,5.0,5.85,4.05,5.15,5.15,91,160917480.75,11050,2665,2026-09-11
NIFTY,2026-10-27,25650.0,CE,15.0,15.05,14.3,15.05,41.54,49,81741578.75,7930,-715,2026-09-11
NIFTY,2026-10-27,25150.0,CE,0.0,0.0,0.0,479.95,86.66,0,0.0,0,0,2026-09-11
NIFTY,2026-10-27,25050.0,CE,26.5,33.45,25.75,30.8,30.8,153,249410885.75,28080,455,2026-09-11
NIFTY,2026-10-27,23050.0,CE,580.0,672.1,580.0,649.8,828.42,29,44650255.0,455,325,2026-09-11
NIFTY,2026-10-27,23000.0,CE,649.85,774.15,606.2,756.2,756.2,5567,8567742807.0,311350,53560,2026-09-11
NIFTY,2026-10-27,22050.0,CE,0.0,0.0,0.0,2377.1,1595.97,0,0.0,0,0,2026-09-11
NIFTY,2026-10-13,24950.0,CE,0.0,0.0,0.0,102.7,57.73,0,0.0,0,0,2026-09-11
NIFTY,2026-10-13,24700.0,CE,0.0,0.0,0.0,148.1,88.23,0,0.0,0,0,2026-09-11
NIFTY,2026-10-13,23950.0,CE,0.0,0.0,0.0,381.6,264.26,0,0.0,0,0,2026-09-11
NIFTY,2026-10-13,23900.0,CE,0.0,0.0,0.0,403.35,281.77,0,0.0,0,0,2026-09-11
NIFTY,2026-10-13,23700.0,CE,169.95,241.7,166.0,229.75,229.75,267,414573679.0,8515,7540,2026-09-11
NIFTY,2026-10-13,23400.0,CE,328.1,399.6,326.7,389.3,389.3,101,156054291.25,1690,1625,2026-09-11
NIFTY,2026-10-13,23000.0,CE,553.7,693.75,536.7,693.75,693.75,26,39865410.0,390,390,2026-09-11
NIFTY,2026-10-13,22950.0,CE,0.0,0.0,0.0,974.15,780.35,0,0.0,0,0,2026-09-11
NIFTY,2026-10-13,22700.0,CE,0.0,0.0,0.0,1169.65,962.7,0,0.0,0,0,2026-09-11
NIFTY,2026-10-13,22650.0,CE,0.0,0.0,0.0,1210.6,1001.34,0,0.0,0,0,2026-09-11
NIFTY,2026-10-13,22250.0,CE,0.0,0.0,0.0,1556.55,1332.94,0,0.0,0,0,2026-09-11
NIFTY,2026-10-06,25400.0,CE,8.3,8.3,7.0,7.85,11.84,10,16515037.5,2795,-260,2026-09-11
NIFTY,2026-10-06,23900.0,CE,71.5,125.0,68.9,114.7,114.7,1083,1689383621.25,49920,13520,2026-09-11
NIFTY,2026-10-06,23300.0,CE,295.1,421.0,294.95,396.65,396.65,883,1357136212.25,12935,12935,2026-09-11
NIFTY,2026-10-06,22650.0,CE,0.0,0.0,0.0,1586.8,938.51,0,0.0,0,0,2026-09-11
NIFTY,2026-10-06,22250.0,CE,0.0,0.0,0.0,1956.3,1279.54,0,0.0,0,0,2026-09-11
NIFTY,2026-09-29,27050.0,CE,0.0,0.0,0.0,1.85,0.01,0,0.0,4160,0,2026-09-11
NIFTY,2026-09-29,26150.0,CE,4.8,4.8,2.0,3.05,3.05,250,424984852.5,11180,3250,2026-09-11
NIFTY,2026-09-29,25100.0,CE,6.45,7.1,6.05,6.85,6.85,4334,7072818480.0,330785,-56810,2026-09-11
NIFTY,2026-09-29,23800.0,CE,65.0,112.45,61.45,98.7,98.7,73614,114268718053.75,2968355,27430,2026-09-11
NIFTY,2026-09-29,23550.0,CE,124.0,216.5,123.95,195.9,195.9,6813,10501330407.75,182780,-17940,2026-09-11
NIFTY,2026-09-29,23250.0,CE,266.05,402.0,264.3,382.75,382.75,18612,28510610095.5,556205,543985,2026-09-11
NIFTY,2026-09-29,22400.0,CE,1131.0,1131.0,1100.0,1100.0,1098.0,2,3057015.0,325,130,2026-09-11
NIFTY,2026-09-29,22250.0,CE,0.0,0.0,0.0,1257.3,1235.3,0,0.0,390,0,2026-09-11
NIFTY,2026-09-29,22150.0,CE,1333.7,1334.35,1333.7,1334.35,1328.99,7,10685252.5,455,390,2026-09-11
NIFTY,2026-09-22,25950.0,CE,1.25,1.25,0.9,1.05,1.05,154,259769841.5,1105,-1040,2026-09-11
NIFTY,2026-09-22,25850.0,CE,1.15,1.2,1.05,1.15,0.03,23,38647407.5,910,-65,2026-09-11
NIFTY,2026-09-22,25450.0,CE,1.6,2.15,1.35,1.5,1.5,895,1480645530.0,28015,22880,2026-09-11
NIFTY,2026-09-22,24900.0,CE,2.9,3.6,2.25,2.4,2.4,48013,77716936482.25,1457495,1125995,2026-09-11
NIFTY,2026-09-22,23950.0,CE,18.55,35.55,16.75,27.9,27.9,37280,58092348164.5,512915,234000,2026-09-11
NIFTY,2026-09-22,23750.0,CE,37.05,78.55,32.5,65.2,65.2,36644,56693466956.75,395915,85930,2026-09-11
NIFTY,2026-09-22,23150.0,CE,271.35,420.8,260.4,395.45,395.45,4609,7033759999.5,34580,13780,2026-09-11
NIFTY,2026-09-22,23100.0,CE,310.0,461.15,292.35,431.2,431.2,8192,12493966647.5,219375,181090,2026-09-11
NIFTY,2026-09-22,23000.0,CE,450.0,547.9,363.3,522.95,522.95,8803,13411519111.25,202475,157885,2026-09-11
NIFTY,2026-09-22,22850.0,CE,492.05,668.6,488.6,636.1,636.1,66,100569186.25,1300,1300,2026-09-11
NIFTY,2026-09-22,22650.0,CE,0.0,0.0,0.0,1681.55,820.63,0,0.0,0,0,2026-09-11
NIFTY,2026-09-22,22500.0,CE,813.95,999.0,803.45,981.75,981.75,1031,1567014257.25,37375,35035,2026-09-11
NIFTY,2026-09-22,22450.0,CE,0.0,0.0,0.0,1865.4,1003.61,0,0.0,0,0,2026-09-11
NIFTY,2026-09-22,22000.0,CE,1420.0,1478.0,1420.0,1465.55,1465.55,37,56413038.5,3640,2145,2026-09-11
NIFTY,2026-09-22,21800.0,CE,0.0,0.0,0.0,2487.95,1637.27,0,0.0,0,0,2026-09-11
NIFTY,2026-09-15,26150.0,CE,0.55,0.6,0.35,0.4,0.4,6327,10754509782.25,94120,-30940,2026-09-11
NIFTY,2026-09-15,24350.0,CE,2.15,2.15,0.65,1.35,1.35,596600,944331453455.0,1061970,-2224495,2026-09-11
NIFTY,2026-09-15,24000.0,CE,4.0,5.0,2.65,3.4,3.4,2344476,3657936675360.5,13668460,-270335,2026-09-11
NIFTY,2026-09-15,23400.0,CE,54.95,156.15,44.9,127.8,127.8,5962887,9105408452666.5,6159140,455780,2026-09-11
NIFTY,2030-06-25,33000.0,PE,0.0,0.0,0.0,3143.9,4482.21,0,0.0,0,0,2026-09-11
NIFTY,2030-06-25,19500.0,PE,0.0,0.0,0.0,64.95,230.59,0,0.0,0,0,2026-09-11
NIFTY,2030-06-25,16500.0,PE,0.0,0.0,0.0,12.0,58.39,0,0.0,0,0,2026-09-11
NIFTY,2029-06-26,31500.0,PE,0.0,0.0,0.0,2443.35,4392.39,0,0.0,0,0,2026-09-11
NIFTY,2029-06-26,21000.0,PE,0.0,0.0,0.0,320.25,388.09,0,0.0,0,0,2026-09-11
NIFTY,2028-12-26,33000.0,PE,0.0,0.0,0.0,3315.4,5854.39,0,0.0,0,0,2026-09-11
NIFTY,2028-12-26,25000.0,PE,1151.0,1151.0,1151.0,1151.0,1380.81,2,3399630.0,11065,0,2026-09-11
NIFTY,2028-12-26,18000.0,PE,0.0,0.0,0.0,250.0,85.05,0,0.0,75,0,2026-09-11
NIFTY,2028-06-27,21000.0,PE,0.0,0.0,0.0,374.95,341.92,0,0.0,130,0,2026-09-11
NIFTY,2027-12-28,22000.0,PE,410.0,438.0,390.2,399.5,399.5,163,237483398.75,62440,3445,2026-09-11
NIFTY,2027-12-28,15000.0,PE,0.0,0.0,0.0,21.7,1.68,0,0.0,755,0,2026-09-11
NIFTY,2027-06-29,31500.0,PE,0.0,0.0,0.0,3604.7,6613.89,0,0.0,0,0,2026-09-11
NIFTY,2027-06-29,24000.0,PE,750.0,805.0,705.0,734.25,734.25,82,131955655.0,13455,-65,2026-09-11
NIFTY,2026-09-29,26100.0,CE,2.8,3.25,2.45,2.9,2.9,181,307100300.0,15080,-520,2026-09-11
NIFTY,2026-09-29,27000.0,CE,1.75,1.95,1.55,1.8,1.8,5499,9651366497.5,1678495,-68380,2026-09-11
NIFTY,2026-10-06,21950.0,CE,0.0,0.0,0.0,2243.55,1555.99,0,0.0,0,0,2026-09-11
NIFTY,2026-10-06,24550.0,CE,0.0,0.0,0.0,325.45,73.91,0,0.0,0,0,2026-09-11
NIFTY,2026-10-06,25450.0,CE,7.0,7.0,6.15,6.5,10.48,26,43021722.25,1235,195,2026-09-11
NIFTY,2026-11-23,23500.0,CE,481.4,587.95,465.85,569.6,569.6,3454,5393074664.25,239590,36920,2026-09-11
NIFTY,2026-09-29,22900.0,CE,507.5,666.6,500.25,650.7,650.7,529,806160602.0,19890,13325,2026-09-11
NIFTY,2026-09-22,24850.0,CE,3.05,3.25,2.05,2.65,2.65,7126,11511544079.75,210340,173160,2026-09-11
NIFTY,2026-09-22,24700.0,CE,4.05,4.1,3.15,3.4,3.4,36487,58588118423.25,962325,603590,2026-09-11
NIFTY,2026-11-23,23800.0,CE,335.9,422.95,333.6,409.9,409.9,679,1066413643.75,55510,2210,2026-09-11
NIFTY,2026-12-29,31500.0,CE,5.75,6.0,5.0,5.25,0.42,5,10239303.75,32110,-130,2026-09-11
NIFTY,2027-03-30,24000.0,CE,850.0,951.3,822.05,930.0,930.0,8260,13350614286.75,422890,-243360,2026-09-11
NIFTY,2026-09-15,22500.0,PE,4.1,5.6,2.85,3.7,3.7,1242279,1817189434882.25,9476870,1368965,2026-09-11
NIFTY,2026-09-15,23400.0,PE,151.2,199.0,67.5,80.7,80.7,4302778,6575841314305.25,8989695,1003210,2026-09-11
NIFTY,2026-09-22,22150.0,PE,12.05,14.1,10.15,13.0,13.0,6313,9094159740.25,91845,85215,2026-09-11
NIFTY,2026-09-29,22450.0,PE,39.6,42.5,29.9,30.95,30.95,3111,4546768924.75,42055,780,2026-09-11
NIFTY,2026-09-22,24150.0,CE,8.15,16.9,8.15,12.7,12.7,21923,34430444919.0,385190,129675,2026-09-11
NIFTY,2026-10-06,25600.0,PE,0.0,0.0,0.0,1475.75,2106.9,0,0.0,0,0,2026-09-11
NIFTY,2026-09-15,25400.0,CE,0.5,0.8,0.25,0.35,0.35,58925,97287376205.5,539370,-963560,2026-09-11
NIFTY,2026-09-15,22000.0,CE,1248.5,1452.5,1248.5,1445.15,1445.15,224,339896323.0,2340,-3640,2026-09-11
NIFTY,2026-10-13,25350.0,PE,0.0,0.0,0.0,1628.0,1839.13,0,0.0,0,0,2026-09-11
NIFTY,2026-11-23,23250.0,PE,360.0,370.85,283.1,289.6,289.6,165,252857234.5,7540,5850,2026-09-11
NIFTY,2026-11-23,25450.0,PE,0.0,0.0,0.0,1217.0,1874.0,0,0.0,0,0,2026-09-11
NIFTY,2026-10-13,21800.0,CE,0.0,0.0,0.0,1974.5,1742.18,0,0.0,0,0,2026-09-11
NIFTY,2027-06-29,16500.0,PE,0.0,0.0,0.0,22.2,1.94,0,0.0,780,0,2026-09-11
NIFTY,2026-10-27,24450.0,PE,1080.0,1108.05,913.3,914.55,914.55,11,18214933.75,11765,65,2026-09-11
NIFTY,2026-10-27,23700.0,PE,505.0,603.75,399.7,415.95,415.95,2089,3281237108.5,325065,-16315,2026-09-11
NIFTY,2026-10-27,23200.0,PE,250.0,299.0,209.35,215.3,215.3,5539,8445882617.25,275535,56420,2026-09-11
NIFTY,2026-10-13,25100.0,PE,0.0,0.0,0.0,1406.65,1607.11,0,0.0,0,0,2026-09-11
NIFTY,2026-10-13,25050.0,PE,0.0,0.0,0.0,1363.6,1561.58,0,0.0,0,0,2026-09-11
NIFTY,2026-10-13,24900.0,PE,0.0,0.0,0.0,1237.05,1427.09,0,0.0,0,0,2026-09-11
NIFTY,2026-10-13,23750.0,PE,0.0,0.0,0.0,456.25,559.81,0,0.0,0,0,2026-09-11
NIFTY,2026-10-13,23100.0,PE,178.6,183.75,144.6,148.3,148.3,33,49906600.25,910,910,2026-09-11
NIFTY,2026-10-13,22800.0,PE,112.65,114.65,91.05,93.65,93.65,95,141412625.25,3705,3705,2026-09-11
NIFTY,2026-10-13,21950.0,PE,0.0,0.0,0.0,25.4,32.96,0,0.0,0,0,2026-09-11
NIFTY,2026-10-06,25650.0,PE,0.0,0.0,0.0,1519.5,2155.83,0,0.0,0,0,2026-09-11
NIFTY,2026-10-06,25450.0,PE,0.0,0.0,0.0,1346.9,1960.78,0,0.0,0,0,2026-09-11
NIFTY,2026-10-06,25400.0,PE,0.0,0.0,0.0,1304.85,1912.34,0,0.0,0,0,2026-09-11
NIFTY,2026-10-06,24650.0,PE,0.0,0.0,0.0,741.5,1214.52,0,0.0,0,0,2026-09-11
NIFTY,2026-10-06,24300.0,PE,0.0,0.0,0.0,493.95,921.04,0,0.0,130,0,2026-09-11
NIFTY,2026-10-06,23000.0,PE,147.15,156.25,102.1,107.1,107.1,1873,2816325388.5,91585,10985,2026-09-11
NIFTY,2026-10-06,22700.0,PE,0.0,0.0,0.0,21.1,110.1,0,0.0,65,0,2026-09-11
NIFTY,2026-09-29,30000.0,PE,6660.0,6676.0,6495.0,6508.0,6515.62,17,40426100.0,141245,-455,2026-09-11
NIFTY,2026-09-29,27100.0,PE,0.0,0.0,0.0,2914.15,3623.97,0,0.0,0,0,2026-09-11
NIFTY,2026-09-29,26800.0,PE,0.0,0.0,0.0,2222.1,3324.84,0,0.0,1365,0,2026-09-11
NIFTY,2026-09-29,26650.0,PE,0.0,0.0,0.0,2517.6,3175.29,0,0.0,0,0,2026-09-11
NIFTY,2026-09-29,25800.0,PE,2350.0,2350.0,2350.0,2350.0,2328.65,1,1829750.0,20865,65,2026-09-11
NIFTY,2026-09-29,24700.0,PE,1404.05,1409.6,1211.0,1232.45,1232.45,246,416410751.25,239850,-7020,2026-09-11
NIFTY,2026-09-29,22950.0,PE,115.4,119.45,72.2,76.15,76.15,7368,11036336951.25,219375,63375,2026-09-11
NIFTY,2026-09-29,22800.0,PE,69.8,88.0,53.75,57.05,57.05,50111,74490334356.75,1409850,219310,2026-09-11
NIFTY,2026-09-29,22150.0,PE,23.9,25.25,19.8,20.85,20.85,1713,2468808751.5,38675,-28080,2026-09-11
NIFTY,2026-09-29,21850.0,PE,15.45,18.9,15.05,15.9,15.9,703,999172599.75,33735,18850,2026-09-11
NIFTY,2026-09-22,25600.0,PE,2140.0,2145.0,2120.0,2130.0,2130.0,5,9013875.0,325,325,2026-09-11
NIFTY,2026-09-22,25300.0,PE,0.0,0.0,0.0,1150.25,1857.97,0,0.0,0,0,2026-09-11
NIFTY,2026-09-22,25100.0,PE,1780.0,1780.0,1485.65,1485.65,1485.65,5,8694117.25,325,325,2026-09-11
NIFTY,2026-09-22,25000.0,PE,1704.25,1714.7,1182.35,1530.0,1530.0,548,947133885.75,39065,31330,2026-09-11
NIFTY,2026-09-22,24500.0,PE,1215.0,1225.1,1009.05,1035.75,1035.75,1648,2740307076.0,141310,83720,2026-09-11
NIFTY,2026-09-22,24350.0,PE,1060.15,1074.2,880.0,892.3,892.3,15,24666986.5,1300,0,2026-09-11
NIFTY,2026-09-22,23700.0,PE,400.0,468.5,296.3,316.6,316.6,9509,14884565094.75,518050,17550,2026-09-11
NIFTY,2026-09-22,21700.0,PE,6.1,8.8,5.1,8.15,8.15,92339,130288896390.25,3064035,2021435,2026-09-11
NIFTY,2026-09-15,25950.0,PE,0.0,0.0,0.0,1430.0,2535.3,0,0.0,0,0,2026-09-11
NIFTY,2026-09-15,24100.0,PE,844.45,854.2,629.55,655.65,655.65,5365,8666770947.25,367965,-181740,2026-09-11
NIFTY,2026-09-15,23850.0,PE,596.7,606.0,383.65,403.45,403.45,7159,11330147185.5,217490,-100880,2026-09-11
NIFTY,2026-09-15,23800.0,PE,500.0,558.0,334.3,359.5,359.5,51750,81520445168.5,1031875,-649025,2026-09-11
NIFTY,2031-06-24,24000.0,CE,0.0,0.0,0.0,7181.9,6517.83,0,0.0,0,0,2026-09-11
NIFTY,2030-12-31,30000.0,CE,0.0,0.0,0.0,5227.2,3312.25,0,0.0,0,0,2026-09-11
NIFTY,2030-06-25,22500.0,CE,0.0,0.0,0.0,9012.4,6321.89,0,0.0,0,0,2026-09-11
NIFTY,2029-12-24,31500.0,CE,0.0,0.0,0.0,3429.3,1844.1,0,0.0,0,0,2026-09-11
NIFTY,2029-06-26,30000.0,CE,0.0,0.0,0.0,5268.4,1782.93,0,0.0,0,0,2026-09-11
NIFTY,2029-06-26,28500.0,CE,0.0,0.0,0.0,4213.3,2259.85,0,0.0,0,0,2026-09-11
NIFTY,2028-06-27,18000.0,CE,0.0,0.0,0.0,6809.35,7394.92,0,0.0,0,0,2026-09-11
NIFTY,2027-06-29,31500.0,CE,0.0,0.0,0.0,769.15,62.24,0,0.0,0,0,2026-09-11
NIFTY,2027-06-29,19000.0,CE,0.0,0.0,0.0,7800.0,5372.43,0,0.0,75,0,2026-09-11
NIFTY,2026-12-29,23000.0,CE,1050.2,1142.65,980.1,1126.0,1126.0,8500,13276657192.5,887845,267460,2026-09-11
NIFTY,2026-11-23,26050.0,CE,0.0,0.0,0.0,309.45,74.05,0,0.0,0,0,2026-09-11
NIFTY,2026-11-23,25350.0,CE,0.0,0.0,0.0,514.1,157.63,0,0.0,0,0,2026-09-11
NIFTY,2026-11-23,25000.0,CE,65.0,82.55,55.0,80.2,80.2,6816,11108292741.0,531050,30225,2026-09-11
NIFTY,2026-11-23,24700.0,CE,98.0,122.6,97.95,120.4,120.4,521,840060851.5,47645,11505,2026-09-11
NIFTY,2026-11-23,24400.0,CE,152.6,192.0,150.75,187.8,187.8,673,1074563958.0,45760,-3575,2026-09-11
NIFTY,2026-11-23,22900.0,CE,885.95,931.4,880.0,931.4,1118.75,11,17026932.0,260,195,2026-09-11
NIFTY,2026-11-23,22550.0,CE,0.0,0.0,0.0,2241.1,1365.27,0,0.0,0,0,2026-09-11
NIFTY,2026-11-23,22050.0,CE,0.0,0.0,0.0,2679.2,1755.85,0,0.0,0,0,2026-09-11
NIFTY,2026-10-27,26950.0,CE,0.0,0.0,0.0,4.25,4.27,0,0.0,780,0,2026-09-11
NIFTY,2026-10-27,26800.0,CE,0.0,0.0,0.0,6.25,5.7,0,0.0,650,0,2026-09-11
NIFTY,2026-10-27,26550.0,CE,5.9,5.9,5.9,5.9,9.08,5,8630667.5,260,-325,2026-09-11
NIFTY,2026-10-27,26150.0,CE,9.65,9.75,9.65,9.75,18.41,8,13603044.0,780,260,2026-09-11
NIFTY,2026-10-27,24350.0,CE,76.75,108.05,75.7,101.0,101.0,547,868934846.0,35685,8255,2026-09-11
NIFTY,2026-10-27,23300.0,CE,430.0,563.4,427.0,541.35,541.35,3494,5402459273.25,87230,70005,2026-09-11
NIFTY,2026-10-27,22900.0,CE,702.0,843.85,690.0,843.85,843.85,15,23054749.25,585,390,2026-09-11
NIFTY,2026-10-27,22200.0,CE,0.0,0.0,0.0,2249.3,1467.21,0,0.0,0,0,2026-09-11
NIFTY,2026-10-27,21900.0,CE,0.0,0.0,0.0,2507.4,1728.35,0,0.0,0,0,2026-09-11
NIFTY,2026-10-27,21700.0,CE,0.0,0.0,0.0,2684.55,1909.68,0,0.0,0,0,2026-09-11
NIFTY,2026-10-13,24800.0,CE,21.0,33.0,17.6,25.75,25.75,451,727676371.5,9100,8190,2026-09-11
NIFTY,2026-10-13,24400.0,CE,0.0,0.0,0.0,130.25,141.17,0,0.0,65,0,2026-09-11
NIFTY,2026-10-13,22900.0,CE,0.0,0.0,0.0,1011.95,815.24,0,0.0,0,0,2026-09-11
NIFTY,2026-10-06,25750.0,CE,5.2,6.45,5.15,5.45,5.45,20,33481977.75,1105,-260,2026-09-11
NIFTY,2026-10-06,25600.0,CE,7.5,7.5,6.3,6.65,6.65,27,44940015.25,7475,-1625,2026-09-11
NIFTY,2026-10-06,25550.0,CE,6.15,6.65,6.0,6.2,6.2,18,29900676.0,2015,-325,2026-09-11
NIFTY,2026-10-06,24800.0,CE,0.0,0.0,0.0,241.5,45.24,0,0.0,0,0,2026-09-11
NIFTY,2026-10-06,24600.0,CE,20.15,24.45,15.6,22.6,22.6,366,585709790.25,35620,-4680,2026-09-11
NIFTY,2026-10-06,23950.0,CE,70.0,110.55,69.35,100.4,100.4,237,370264732.5,12675,2470,2026-09-11
NIFTY,2026-10-06,22800.0,CE,0.0,0.0,0.0,1453.9,821.74,0,0.0,0,0,2026-09-11
NIFTY,2026-10-06,22000.0,CE,0.0,0.0,0.0,2195.25,1509.02,0,0.0,0,0,2026-09-11
NIFTY,2026-09-29,26900.0,CE,2.25,2.25,1.4,1.4,1.4,6,10491773.5,5720,65,2026-09-11
NIFTY,2026-09-29,26700.0,CE,0.0,0.0,0.0,1.9,0.03,0,0.0,2535,0,2026-09-11
NIFTY,2026-09-29,25650.0,CE,4.45,4.7,3.8,4.2,4.2,182,303490157.75,17550,910,2026-09-11
NIFTY,2026-09-29,24850.0,CE,7.75,9.65,7.4,8.8,8.8,3161,5107549580.25,255515,-16445,2026-09-11
NIFTY,2026-09-29,24100.0,CE,30.1,47.35,27.05,40.65,40.65,47595,74662696663.75,1846130,24375,2026-09-11
NIFTY,2026-09-29,24000.0,CE,41.15,63.2,35.05,54.8,54.8,165607,258843323157.25,8507915,203385,2026-09-11
NIFTY,2026-09-29,23900.0,CE,45.3,84.15,44.9,73.45,73.45,48110,74929579312.25,1961115,178425,2026-09-11
NIFTY,2026-09-22,26050.0,CE,1.0,1.2,0.95,0.95,0.95,40,67732570.75,2990,1300,2026-09-11
NIFTY,2026-09-22,24650.0,CE,2.4,4.5,2.4,3.8,3.8,11039,17690031199.75,122720,41730,2026-09-11
NIFTY,2026-09-22,24200.0,CE,10.0,14.25,7.55,10.65,10.65,65591,103217560556.5,1332565,204685,2026-09-11
NIFTY,2026-09-22,23450.0,CE,89.0,211.4,89.0,188.75,188.75,46787,71796649353.0,958815,263965,2026-09-11
NIFTY,2026-09-22,23400.0,CE,140.0,242.0,121.0,218.3,218.3,126005,193142991489.5,2068625,985010,2026-09-11
NIFTY,2026-09-22,23350.0,CE,149.2,275.7,147.25,249.5,249.5,35045,53657647751.5,207155,167115,2026-09-11
NIFTY,2026-09-22,23050.0,CE,336.8,498.5,330.0,478.65,478.65,942,1435958650.75,33020,3445,2026-09-11
NIFTY,2026-09-15,25350.0,CE,0.75,0.8,0.3,0.45,0.45,18211,30007876047.5,161005,-250835,2026-09-11
NIFTY,2026-09-15,24950.0,CE,0.9,1.05,0.35,0.5,0.5,47823,77559183133.25,542360,-213265,2026-09-11
NIFTY,2026-09-15,24750.0,CE,1.05,1.4,0.5,0.75,0.75,60029,96575600179.5,955695,-53560,2026-09-11
NIFTY,2026-09-15,24450.0,CE,1.85,1.85,0.55,1.1,1.1,128855,204794382936.0,702130,-541450,2026-09-11
NIFTY,2026-09-15,24250.0,CE,2.25,2.4,1.05,1.55,1.55,1004020,1582712671107.75,1800240,-65650,2026-09-11
NIFTY,2026-09-15,24200.0,CE,2.25,2.7,1.1,1.75,1.75,1565686,2463041264115.25,5455840,-1126515,2026-09-11
NIFTY,2026-09-15,23850.0,CE,5.0,11.55,4.35,6.25,6.25,1388829,2153621314455.0,3011775,-641355,2026-09-11
NIFTY,2026-09-15,22100.0,CE,0.0,0.0,0.0,2507.55,1312.26,0,0.0,0,0,2026-09-11
NIFTY,2026-09-15,21850.0,CE,0.0,0.0,0.0,2752.45,1562.08,0,0.0,0,0,2026-09-11
NIFTY,2026-10-27,25800.0,PE,0.0,0.0,0.0,2150.0,2229.71,0,0.0,390,0,2026-09-11
NIFTY,2026-10-27,26050.0,PE,0.0,0.0,0.0,1920.65,2466.71,0,0.0,0,0,2026-09-11
NIFTY,2026-11-23,21750.0,PE,60.7,60.7,60.0,60.0,88.35,6,8506082.0,390,390,2026-09-11
NIFTY,2026-11-23,22250.0,PE,118.4,118.4,100.05,102.3,102.3,47,68295545.5,2665,2665,2026-09-11
NIFTY,2026-11-23,22850.0,PE,235.3,235.3,191.55,191.95,191.95,16,23978773.0,780,780,2026-09-11
NIFTY,2026-11-23,22900.0,PE,249.4,253.1,199.05,201.95,201.95,61,91694482.75,2860,2860,2026-09-11
NIFTY,2026-11-23,23750.0,PE,496.0,593.55,478.35,483.45,483.45,37,58306394.25,4355,1430,2026-09-11
NIFTY,2026-11-23,24300.0,PE,945.0,952.85,794.65,808.0,808.0,66,108026295.0,12870,-2535,2026-09-11
NIFTY,2026-11-23,24750.0,PE,0.0,0.0,0.0,807.55,1320.97,0,0.0,0,0,2026-09-11
NIFTY,2026-11-23,25800.0,PE,0.0,0.0,0.0,1454.8,2175.31,0,0.0,0,0,2026-09-11
NIFTY,2026-11-23,26050.0,PE,0.0,0.0,0.0,1637.9,2398.24,0,0.0,0,0,2026-09-11
NIFTY,2026-12-29,25500.0,PE,1845.05,1865.0,1659.95,1679.4,1679.4,737,1308796128.25,363415,-33475,2026-09-11
NIFTY,2027-03-30,21000.0,PE,116.2,124.45,103.05,105.1,105.1,3627,4977532777.75,749515,70655,2026-09-11
NIFTY,2031-06-24,33000.0,PE,0.0,0.0,0.0,3810.15,3804.69,0,0.0,0,0,2026-09-11
NIFTY,2031-06-24,22500.0,PE,0.0,0.0,0.0,663.6,583.44,0,0.0,0,0,2026-09-11
NIFTY,2030-12-31,31500.0,PE,0.0,0.0,0.0,1885.5,3401.93,0,0.0,0,0,2026-09-11
NIFTY,2030-12-31,28500.0,PE,0.0,0.0,0.0,1083.1,2177.96,0,0.0,0,0,2026-09-11
NIFTY,2030-12-31,22500.0,PE,0.0,0.0,0.0,219.35,604.87,0,0.0,0,0,2026-09-11
NIFTY,2028-12-26,19500.0,PE,0.0,0.0,0.0,49.0,190.36,0,0.0,0,0,2026-09-11
NIFTY,2028-06-27,31500.0,PE,0.0,0.0,0.0,2935.6,5303.93,0,0.0,0,0,2026-09-11
NIFTY,2028-06-27,22500.0,PE,0.0,0.0,0.0,206.95,638.56,0,0.0,0,0,2026-09-11
NIFTY,2027-12-28,25500.0,PE,0.0,0.0,0.0,676.05,1735.7,0,0.0,0,0,2026-09-11
NIFTY,2027-03-30,28500.0,PE,0.0,0.0,0.0,2937.15,4244.17,0,0.0,65,0,2026-09-11
NIFTY,2031-06-24,19500.0,CE,0.0,0.0,0.0,9840.6,9229.06,0,0.0,0,0,2026-09-11
NIFTY,2031-06-24,25500.0,CE,0.0,0.0,0.0,6409.8,5737.08,0,0.0,0,0,2026-09-11
NIFTY,2026-09-15,22400.0,PE,3.3,4.9,1.95,2.95,2.95,699555,1018721764742.5,4965545,1527370,2026-09-11
NIFTY,2026-09-15,23300.0,PE,100.0,135.65,42.5,51.1,51.1,7105072,10798922162973.75,13802295,7559760,2026-09-11
NIFTY,2026-09-15,24400.0,PE,1113.25,1148.9,936.75,955.85,955.85,1656,2739501128.0,143520,-67860,2026-09-11
NIFTY,2026-09-15,25300.0,PE,1870.75,1870.75,1865.4,1865.4,1865.4,2,3531849.75,3835,-65,2026-09-11
NIFTY,2026-09-22,22750.0,PE,40.65,49.45,29.6,32.6,32.6,16874,24992516854.5,198315,83915,2026-09-11
NIFTY,2026-09-22,23600.0,PE,368.35,388.75,234.45,250.75,250.75,18896,29370323856.25,595855,-134225,2026-09-11
NIFTY,2026-09-22,23800.0,PE,538.7,554.3,369.1,388.55,388.55,8378,13207344549.75,478855,115375,2026-09-11
NIFTY,2026-09-22,23850.0,PE,585.55,595.35,407.3,428.15,428.15,454,718417118.25,25610,780,2026-09-11
NIFTY,2026-09-29,19500.0,PE,3.2,4.0,2.75,3.2,3.2,4816,6105359318.5,1079585,101400,2026-09-11
NIFTY,2026-09-29,21750.0,PE,11.35,16.35,11.35,14.45,14.45,1320,1867418816.25,33410,7345,2026-09-11
NIFTY,2026-09-29,24200.0,PE,835.65,925.3,718.2,737.3,737.3,4418,7188364040.0,1839955,-122720,2026-09-11
NIFTY,2026-09-29,24300.0,PE,959.65,1027.4,810.65,838.0,838.0,4379,7177905247.5,3156725,-135525,2026-09-11
NIFTY,2026-09-29,24500.0,PE,1200.0,1212.0,993.7,1020.9,1020.9,5843,9725499985.5,3109925,-102700,2026-09-11
NIFTY,2026-09-29,24650.0,PE,1347.0,1347.0,1182.2,1182.3,1182.3,17,28605707.0,36985,-650,2026-09-11
NIFTY,2026-09-29,25200.0,PE,1892.55,1899.75,1696.9,1717.5,1717.5,230,403927693.0,82160,-7865,2026-09-11
NIFTY,2026-09-29,25400.0,PE,2133.6,2133.6,1900.0,1907.6,1932.54,16,28462554.25,26975,-130,2026-09-11
NIFTY,2026-09-29,25450.0,PE,0.0,0.0,0.0,946.5,1981.85,0,0.0,715,0,2026-09-11
NIFTY,2026-09-29,25950.0,PE,0.0,0.0,0.0,1299.0,2477.82,0,0.0,65,0,2026-09-11
NIFTY,2026-10-06,22200.0,PE,36.15,38.05,29.15,31.1,31.1,387,559292867.25,21125,325,2026-09-11
NIFTY,2026-10-06,22550.0,PE,0.0,0.0,0.0,41.25,81.93,0,0.0,0,0,2026-09-11
NIFTY,2026-10-06,23400.0,PE,310.95,314.2,207.9,215.25,215.25,654,1005602728.0,11895,4225,2026-09-11
NIFTY,2026-10-06,23550.0,PE,386.0,392.15,271.45,282.45,282.45,131,203125481.0,8645,3250,2026-09-11
NIFTY,2026-10-06,23800.0,PE,461.35,493.55,412.55,431.6,431.6,94,148206155.5,11960,1885,2026-09-11
NIFTY,2026-10-06,24050.0,PE,0.0,0.0,0.0,580.0,731.41,0,0.0,260,0,2026-09-11
NIFTY,2026-10-06,24100.0,PE,750.75,750.75,636.2,637.95,637.95,13,20943126.75,260,-260,2026-09-11
NIFTY,2026-10-06,24200.0,PE,0.0,0.0,0.0,735.0,842.96,0,0.0,130,0,2026-09-11
NIFTY,2026-10-06,24750.0,PE,0.0,0.0,0.0,808.1,1303.16,0,0.0,0,0,2026-09-11
NIFTY,2026-10-06,25200.0,PE,0.0,0.0,0.0,1141.5,1720.29,0,0.0,0,0,2026-09-11
NIFTY,2026-10-06,25300.0,PE,0.0,0.0,0.0,1222.15,1815.94,0,0.0,0,0,2026-09-11
NIFTY,2026-10-06,25550.0,PE,0.0,0.0,0.0,1432.35,2058.07,0,0.0,0,0,2026-09-11
NIFTY,2026-10-13,22250.0,PE,0.0,0.0,0.0,47.6,61.7,0,0.0,0,0,2026-09-11
NIFTY,2026-10-13,23050.0,PE,195.65,195.65,132.65,136.3,136.3,99,149356769.25,2730,910,2026-09-11
NIFTY,2026-10-13,23200.0,PE,239.35,245.9,169.8,176.9,176.9,158,240295074.5,2210,1105,2026-09-11
NIFTY,2026-10-13,24800.0,PE,0.0,0.0,0.0,1155.2,1339.38,0,0.0,0,0,2026-09-11
NIFTY,2026-10-27,23400.0,PE,358.95,372.2,273.6,284.0,284.0,5353,8253787493.25,281580,52780,2026-09-11
NIFTY,2026-10-27,23600.0,PE,405.0,475.25,352.55,367.75,367.75,2356,3676491071.5,223015,-12805,2026-09-11
NIFTY,2026-10-27,23650.0,PE,499.95,506.55,376.75,387.6,387.6,142,222435609.5,33475,-3315,2026-09-11
NIFTY,2026-10-27,24200.0,PE,781.1,890.65,714.65,730.2,730.2,656,1066937264.25,210665,-13325,2026-09-11
NIFTY,2026-10-27,24650.0,PE,1202.5,1202.5,1202.5,1202.5,1223.23,1,1680412.5,4615,-65,2026-09-11
NIFTY,2026-10-27,24700.0,PE,1287.4,1300.5,1099.25,1117.0,1117.0,10,16854896.5,121940,260,2026-09-11
NIFTY,2026-10-27,24950.0,PE,1390.55,1390.55,1390.55,1390.55,1467.43,1,1712135.75,3835,-65,2026-09-11
NIFTY,2026-10-27,26550.0,PE,0.0,0.0,0.0,2330.1,2950.02,0,0.0,0,0,2026-09-11
NIFTY,2026-10-27,26850.0,PE,0.0,0.0,0.0,2588.1,3243.73,0,0.0,0,0,2026-09-11
NIFTY,2026-10-27,27150.0,PE,0.0,0.0,0.0,2853.65,3539.05,0,0.0,0,0,2026-09-11
NIFTY,2026-10-27,27200.0,PE,0.0,0.0,0.0,2898.55,3588.37,0,0.0,0,0,2026-09-11
NIFTY,2026-11-23,22000.0,PE,80.0,100.35,75.4,78.05,78.05,2936,4215387354.75,111540,45890,2026-09-11
NIFTY,2026-11-23,23800.0,PE,615.0,621.85,496.35,506.9,506.9,280,443323419.5,87490,195,2026-09-11
NIFTY,2026-11-23,24000.0,PE,700.0,745.9,601.25,612.65,612.65,2843,4565431042.25,253630,-46735,2026-09-11
NIFTY,2026-11-23,24500.0,PE,1090.05,1101.15,930.0,937.15,937.15,269,446432623.0,199615,-1950,2026-09-11
NIFTY,2026-11-23,24600.0,PE,1049.9,1076.35,1001.75,1006.35,1006.35,11,18333029.0,1105,195,2026-09-11
NIFTY,2026-11-23,24900.0,PE,0.0,0.0,0.0,887.45,1434.08,0,0.0,0,0,2026-09-11
NIFTY,2026-11-23,25300.0,PE,0.0,0.0,0.0,1121.6,1749.42,0,0.0,0,0,2026-09-11
NIFTY,2026-12-29,23000.0,PE,298.5,387.95,281.3,287.2,287.2,12312,18660246608.25,2978505,-35780,2026-09-11
NIFTY,2026-12-29,30000.0,PE,6534.0,6534.0,5935.0,5949.5,5949.5,79,185017979.25,386760,325,2026-09-11
NIFTY,2027-03-30,24000.0,PE,749.95,834.4,667.05,682.8,682.8,3822,6145676875.0,809900,10010,2026-09-11
NIFTY,2027-06-29,22500.0,PE,386.0,400.0,386.0,395.0,508.28,5,7440615.0,1625,130,2026-09-11
NIFTY,2027-12-28,25000.0,PE,1190.05,1275.05,1148.0,1152.25,1152.25,393,670243723.5,121160,-975,2026-09-11
NIFTY,2027-12-28,26000.0,PE,1663.2,1800.0,1560.0,1581.3,1581.3,321,576809948.0,77940,1170,2026-09-11
NIFTY,2028-06-27,33000.0,PE,0.0,0.0,0.0,3707.8,6454.76,0,0.0,0,0,2026-09-11
NIFTY,2028-12-26,23000.0,PE,749.95,749.95,674.1,675.0,771.54,7,10795814.25,2650,260,2026-09-11
NIFTY,2028-12-26,26000.0,PE,0.0,0.0,0.0,1468.0,1769.97,0,0.0,6940,0,2026-09-11
NIFTY,2029-06-26,25500.0,PE,0.0,0.0,0.0,624.25,1483.91,0,0.0,0,0,2026-09-11
NIFTY,2029-06-26,27000.0,PE,0.0,0.0,0.0,1252.35,2062.16,0,0.0,0,0,2026-09-11
NIFTY,2029-06-26,30000.0,PE,0.0,0.0,0.0,2031.05,3525.27,0,0.0,0,0,2026-09-11
NIFTY,2029-12-24,24000.0,PE,0.0,0.0,0.0,995.0,975.97,0,0.0,455,0,2026-09-11
NIFTY,2029-12-24,33000.0,PE,0.0,0.0,0.0,2953.7,4884.78,0,0.0,0,0,2026-09-11
NIFTY,2030-06-25,28500.0,PE,0.0,0.0,0.0,1167.6,2352.59,0,0.0,0,0,2026-09-11
NIFTY,2030-12-31,24000.0,PE,0.0,0.0,0.0,1000.0,888.46,0,0.0,520,0,2026-09-11
NIFTY,2031-06-24,19500.0,PE,0.0,0.0,0.0,289.2,234.04,0,0.0,0,0,2026-09-11
NIFTY,2026-09-29,26500.0,CE,2.15,2.9,1.35,1.6,1.6,8030,13832618029.75,887055,-17290,2026-09-11
NIFTY,2026-09-29,25400.0,CE,4.65,5.9,4.65,5.2,5.2,3792,6261874378.5,204165,-22360,2026-09-11
NIFTY,2026-09-29,24950.0,CE,7.4,8.55,7.05,7.9,7.9,2749,4459570033.75,103740,-7930,2026-09-11
NIFTY,2026-09-29,23850.0,CE,57.3,96.95,55.9,86.8,86.8,10041,15612835972.5,257595,14170,2026-09-11
NIFTY,2026-09-29,22600.0,CE,756.05,935.6,756.0,935.6,935.6,41,62471305.0,1885,910,2026-09-11
NIFTY,2026-09-22,24350.0,CE,7.8,8.9,4.65,7.4,7.4,35086,55548584237.25,329745,-520845,2026-09-11
NIFTY,2026-09-22,23550.0,CE,73.2,157.15,70.25,137.05,137.05,35502,54591728662.25,328315,-48295,2026-09-11
NIFTY,2026-09-22,22700.0,CE,630.0,813.4,619.55,799.2,799.2,478,725329910.5,21840,21840,2026-09-11
NIFTY,2026-09-22,22550.0,CE,0.0,0.0,0.0,1772.85,910.89,0,0.0,0,0,2026-09-11
NIFTY,2026-09-15,25500.0,CE,0.55,0.7,0.3,0.4,0.4,139138,230626228202.5,1740115,-1897675,2026-09-11
NIFTY,2026-09-15,25450.0,CE,0.8,0.8,0.3,0.45,0.45,18363,30377672955.5,271505,-89570,2026-09-11
NIFTY,2026-09-15,24800.0,CE,0.95,1.25,0.5,0.7,0.7,219197,353358826661.75,3025555,-1482195,2026-09-11
NIFTY,2026-09-15,24150.0,CE,3.2,3.2,1.35,2.2,2.2,1346910,2114520236075.0,2113085,-80730,2026-09-11
NIFTY,2026-09-15,23300.0,CE,119.0,228.0,80.05,198.4,198.4,5476228,8338473102443.25,2777060,1847235,2026-09-11
NIFTY,2026-09-15,22850.0,CE,422.5,630.55,415.0,608.8,608.8,2221,3368662557.0,32435,31135,2026-09-11
NIFTY,2026-09-15,22750.0,CE,563.9,718.65,513.35,698.95,698.95,685,1039366610.75,19435,18135,2026-09-11
NIFTY,2026-09-15,22400.0,CE,896.0,1062.75,896.0,1062.75,1062.75,15,22774865.75,715,195,2026-09-11
NIFTY,2026-09-15,21950.0,CE,0.0,0.0,0.0,2654.25,1462.15,0,0.0,0,0,2026-09-11
NIFTY,2026-11-23,22150.0,CE,0.0,0.0,0.0,2589.6,1674.1,0,0.0,0,0,2026-09-11
NIFTY,2026-11-23,21900.0,CE,0.0,0.0,0.0,2815.2,1881.37,0,0.0,0,0,2026-09-11
NIFTY,2026-10-27,26900.0,CE,5.6,6.25,5.6,5.6,5.6,68,118923935.0,12935,-780,2026-09-11
NIFTY,2026-10-27,26400.0,CE,0.0,0.0,0.0,8.7,11.91,0,0.0,715,0,2026-09-11
NIFTY,2026-10-27,24700.0,CE,40.0,56.15,38.6,53.6,53.6,4394,7068239100.0,297570,-18655,2026-09-11
NIFTY,2026-10-27,24300.0,CE,81.0,117.95,78.7,111.45,111.45,6592,10453213491.5,345930,29835,2026-09-11
NIFTY,2026-10-27,24150.0,CE,116.0,154.35,103.0,148.15,148.15,497,784285281.0,24440,-3835,2026-09-11
NIFTY,2026-10-27,23550.0,CE,300.0,405.9,299.3,393.45,393.45,372,577536865.75,12350,6630,2026-09-11
NIFTY,2026-10-13,24250.0,CE,0.0,0.0,0.0,268.25,176.6,0,0.0,0,0,2026-09-11
NIFTY,2026-10-13,24000.0,CE,135.45,135.45,102.85,124.6,124.6,97,152083805.25,2795,2795,2026-09-11
NIFTY,2026-10-13,23850.0,CE,125.0,180.55,125.0,170.6,170.6,111,173273236.5,3575,1755,2026-09-11
NIFTY,2026-10-13,23600.0,CE,203.7,293.85,201.8,281.0,281.0,203,314477159.75,6240,5980,2026-09-11
NIFTY,2026-10-13,23200.0,CE,0.0,0.0,0.0,795.7,618.37,0,0.0,0,0,2026-09-11
NIFTY,2026-10-13,22400.0,CE,0.0,0.0,0.0,1423.35,1204.28,0,0.0,0,0,2026-09-11
NIFTY,2026-10-13,22300.0,CE,0.0,0.0,0.0,1511.7,1289.54,0,0.0,0,0,2026-09-11
NIFTY,2026-10-06,25800.0,CE,7.0,7.0,5.4,5.5,5.5,324,543476888.5,36335,1690,2026-09-11
NIFTY,2026-09-29,26650.0,CE,0.0,0.0,0.0,2.0,0.03,0,0.0,910,0,2026-09-11
NIFTY,2026-09-29,28500.0,CE,0.6,0.7,0.55,0.65,0.65,1056,1956281505.75,524615,-18785,2026-09-11
NIFTY,2026-09-29,31500.0,CE,0.85,0.85,0.7,0.7,0.7,54,110567639.0,16835,0,2026-09-11
NIFTY,2026-10-06,22700.0,CE,0.0,0.0,0.0,1542.1,898.82,0,0.0,0,0,2026-09-11
NIFTY,2026-10-06,23650.0,CE,155.0,225.5,143.0,200.95,200.95,404,625906177.0,9425,4160,2026-09-11
NIFTY,2026-10-06,23800.0,CE,100.05,158.0,98.4,145.75,145.75,1415,2200297450.0,52390,8645,2026-09-11
NIFTY,2026-10-06,24400.0,CE,30.85,37.0,23.25,33.8,33.8,1138,1807000679.25,45305,-2990,2026-09-11
NIFTY,2026-10-06,25650.0,CE,8.8,8.8,5.05,6.5,6.33,8,13341493.75,5525,-130,2026-09-11
NIFTY,2026-11-23,23050.0,CE,0.0,0.0,0.0,1832.8,1021.7,0,0.0,0,0,2026-09-11
NIFTY,2026-11-23,25050.0,CE,0.0,0.0,0.0,628.4,212.06,0,0.0,0,0,2026-09-11
NIFTY,2026-12-29,33000.0,CE,4.2,4.2,4.1,4.1,0.05,10,21452678.0,106340,520,2026-09-11
NIFTY,2027-03-30,25500.0,CE,299.95,330.0,275.05,316.7,316.7,4106,6884984093.0,680745,-24310,2026-09-11
NIFTY,2027-06-29,22500.0,CE,0.0,0.0,0.0,5539.6,2513.7,0,0.0,0,0,2026-09-11
NIFTY,2027-12-28,19500.0,CE,0.0,0.0,0.0,8684.7,5552.41,0,0.0,0,0,2026-09-11
NIFTY,2027-12-28,27000.0,CE,650.0,650.0,575.05,604.65,604.65,938,1682926677.25,119810,26975,2026-09-11
NIFTY,2028-06-27,33000.0,CE,0.0,0.0,0.0,2004.15,396.37,0,0.0,0,0,2026-09-11
NIFTY,2029-06-26,16500.0,CE,0.0,0.0,0.0,12587.95,9613.24,0,0.0,0,0,2026-09-11
NIFTY,2030-06-25,27000.0,CE,0.0,0.0,0.0,6972.5,3951.35,0,0.0,0,0,2026-09-11
NIFTY,2026-09-22,21950.0,CE,0.0,0.0,0.0,2341.9,1488.5,0,0.0,0,0,2026-09-11
NIFTY,2031-06-24,27000.0,PE,0.0,0.0,0.0,1653.15,1567.52,0,0.0,0,0,2026-09-11
NIFTY,2029-12-24,28500.0,PE,0.0,0.0,0.0,1255.9,2539.47,0,0.0,0,0,2026-09-11
NIFTY,2029-12-24,27000.0,PE,0.0,0.0,0.0,1177.9,1924.06,0,0.0,0,0,2026-09-11
NIFTY,2029-12-24,22500.0,PE,0.0,0.0,0.0,225.7,641.81,0,0.0,0,0,2026-09-11
NIFTY,2029-06-26,33000.0,PE,0.0,0.0,0.0,3022.85,5336.81,0,0.0,0,0,2026-09-11
NIFTY,2029-06-26,28500.0,PE,0.0,0.0,0.0,1349.1,2745.16,0,0.0,0,0,2026-09-11
NIFTY,2028-12-26,25500.0,PE,0.0,0.0,0.0,648.2,1568.42,0,0.0,0,0,2026-09-11
NIFTY,2028-06-27,24000.0,PE,0.0,0.0,0.0,680.05,1070.84,0,0.0,65,0,2026-09-11
NIFTY,2027-12-28,21000.0,PE,280.1,295.35,268.5,276.45,276.45,141,195019214.0,49995,2925,2026-09-11
NIFTY,2027-12-28,17000.0,PE,0.0,0.0,0.0,69.1,15.96,0,0.0,17775,0,2026-09-11
NIFTY,2027-06-29,25500.0,PE,0.0,0.0,0.0,667.15,1811.87,0,0.0,0,0,2026-09-11
NIFTY,2027-06-29,21000.0,PE,174.95,176.0,154.85,155.0,155.0,13,17885130.25,17775,-195,2026-09-11
NIFTY,2026-11-23,25550.0,PE,0.0,0.0,0.0,1282.8,1958.65,0,0.0,0,0,2026-09-11
NIFTY,2026-11-23,24800.0,PE,1345.4,1345.4,1240.0,1240.0,1358.87,7,11877654.75,5655,-65,2026-09-11
NIFTY,2026-11-23,24700.0,PE,0.0,0.0,0.0,1015.05,1284.59,0,0.0,2470,0,2026-09-11
NIFTY,2026-11-23,23900.0,PE,672.05,675.3,552.05,565.0,565.0,103,164044318.75,16510,-455,2026-09-11
NIFTY,2026-11-23,23700.0,PE,560.05,566.0,451.05,462.25,462.25,347,545968923.5,23530,9490,2026-09-11
NIFTY,2026-11-23,23500.0,PE,445.0,469.75,366.9,376.8,376.8,3135,4874189771.75,306150,30615,2026-09-11
NIFTY,2026-11-23,23100.0,PE,305.3,312.0,245.0,254.85,401.77,74,112433792.25,2210,1950,2026-09-11
NIFTY,2026-11-23,22800.0,PE,176.45,227.7,176.45,180.0,180.0,223,333452063.75,7150,5915,2026-09-11
NIFTY,2026-11-23,22150.0,PE,104.6,105.85,97.55,105.75,147.35,25,36160582.25,1365,1365,2026-09-11
NIFTY,2026-11-23,22050.0,PE,0.0,0.0,0.0,67.05,130.36,0,0.0,0,0,2026-09-11
NIFTY,2026-11-23,21950.0,PE,74.55,74.55,74.55,74.55,74.55,1,1431595.75,65,65,2026-09-11
NIFTY,2026-10-27,26400.0,PE,0.0,0.0,0.0,2204.4,2804.04,0,0.0,0,0,2026-09-11
NIFTY,2026-10-27,26250.0,PE,0.0,0.0,0.0,2081.05,2658.82,0,0.0,0,0,2026-09-11
NIFTY,2026-10-27,25700.0,PE,0.0,0.0,0.0,1260.0,2136.12,0,0.0,325,0,2026-09-11
NIFTY,2026-10-27,23800.0,PE,489.0,597.25,453.9,469.7,469.7,3746,5927063350.0,477750,-60320,2026-09-11
NIFTY,2026-10-27,23750.0,PE,525.0,564.35,427.4,435.6,435.6,68,107186732.25,11830,-2015,2026-09-11
NIFTY,2026-10-27,23150.0,PE,262.0,268.55,196.45,202.15,202.15,179,272011753.0,6435,6435,2026-09-11
NIFTY,2026-10-27,22950.0,PE,199.7,204.15,149.25,153.5,153.5,311,467554119.5,9295,9295,2026-09-11
NIFTY,2026-10-27,22900.0,PE,182.0,191.85,137.6,143.05,143.05,2470,3702847889.0,91000,-9100,2026-09-11
NIFTY,2026-10-27,22000.0,PE,50.0,57.4,44.0,47.05,47.05,15602,22362552693.0,510770,228605,2026-09-11
NIFTY,2026-10-27,21950.0,PE,39.85,47.25,37.1,45.3,45.3,15,21443444.75,845,585,2026-09-11
NIFTY,2026-10-27,21900.0,PE,40.05,51.8,33.2,40.3,40.3,834,1189758449.75,18460,2470,2026-09-11
NIFTY,2026-10-13,25000.0,PE,0.0,0.0,0.0,1320.95,1516.39,0,0.0,0,0,2026-09-11
NIFTY,2026-10-13,23650.0,PE,447.15,478.75,344.9,344.9,344.9,8,12492694.5,910,260,2026-09-11
NIFTY,2026-10-13,23350.0,PE,257.05,268.95,217.7,227.6,227.6,29,44468693.75,780,780,2026-09-11
NIFTY,2026-10-13,21750.0,PE,0.0,0.0,0.0,16.1,20.82,0,0.0,0,0,2026-09-11
NIFTY,2026-10-06,25800.0,PE,0.0,0.0,0.0,1653.0,2303.17,0,0.0,0,0,2026-09-11
NIFTY,2026-10-06,24000.0,PE,722.05,731.3,551.2,570.15,570.15,142,227476795.0,22165,-715,2026-09-11
NIFTY,2026-10-06,23450.0,PE,329.8,337.55,229.65,237.2,237.2,275,424013070.0,10140,3315,2026-09-11
NIFTY,2026-10-06,22000.0,PE,28.0,36.5,21.55,23.65,23.65,1086,1554826152.75,46540,28210,2026-09-11
NIFTY,2026-10-06,21900.0,PE,0.0,0.0,0.0,9.7,17.74,0,0.0,0,0,2026-09-11
NIFTY,2026-09-29,34500.0,PE,0.0,0.0,0.0,7064.95,11002.68,0,0.0,0,0,2026-09-11
NIFTY,2026-09-29,26050.0,PE,0.0,0.0,0.0,1710.0,2577.36,0,0.0,260,0,2026-09-11
NIFTY,2026-09-29,26000.0,PE,2698.95,2699.0,2478.9,2509.5,2509.5,1473,2738316542.0,2007755,-23725,2026-09-11
NIFTY,2026-09-29,25550.0,PE,0.0,0.0,0.0,1770.0,2080.68,0,0.0,390,0,2026-09-11
NIFTY,2026-09-29,25300.0,PE,2002.0,2002.0,1790.0,1790.0,1790.0,31,54897475.75,29965,-1625,2026-09-11
NIFTY,2026-09-29,25050.0,PE,1575.8,1588.0,1464.65,1464.65,1590.55,3,5185599.25,3900,0,2026-09-11
NIFTY,2026-09-29,24850.0,PE,1558.2,1562.25,1353.8,1375.0,1399.08,18,30771448.5,13845,-260,2026-09-11
NIFTY,2026-09-29,23050.0,PE,136.5,148.0,88.6,93.55,93.55,6603,9942408472.75,168805,60970,2026-09-11
NIFTY,2026-09-29,22400.0,PE,36.3,40.15,27.05,28.75,28.75,15704,22899164814.5,240240,52065,2026-09-11
NIFTY,2026-09-22,24050.0,PE,746.35,780.1,584.35,587.7,587.7,99,159082378.0,10920,845,2026-09-11
NIFTY,2026-09-22,24000.0,PE,696.0,736.0,533.65,557.35,557.35,8970,14356854567.25,802425,63115,2026-09-11
NIFTY,2026-09-22,23050.0,PE,91.0,105.3,59.2,63.8,63.8,25415,38209335339.5,301210,195585,2026-09-11
NIFTY,2026-09-22,22000.0,PE,6.25,11.4,6.2,10.95,10.95,75192,107575091685.75,1973465,1527825,2026-09-11
NIFTY,2026-09-22,21950.0,PE,8.65,12.9,7.95,10.3,10.3,2751,3926772307.25,62010,57005,2026-09-11
NIFTY,2026-09-15,26200.0,PE,0.0,0.0,0.0,1647.25,2785.14,0,0.0,0,0,2026-09-11
NIFTY,2026-09-15,26000.0,PE,2750.0,2750.0,2540.05,2553.2,2553.2,790,1470237223.0,60060,-34060,2026-09-11
NIFTY,2026-09-15,25350.0,PE,0.0,0.0,0.0,956.1,1935.68,0,0.0,0,0,2026-09-11
NIFTY,2026-09-15,24500.0,PE,1200.0,1255.15,1027.45,1050.45,1050.45,3648,6081676155.75,317590,-107835,2026-09-11
NIFTY,2026-09-15,24450.0,PE,1200.0,1200.0,990.0,1011.65,1011.65,139,230678444.75,14105,-3770,2026-09-11
NIFTY,2026-09-15,24150.0,PE,897.45,902.45,680.0,703.9,703.9,738,1199464880.25,66690,-6565,2026-09-11
NIFTY,2026-09-15,22800.0,PE,21.0,21.0,5.3,6.7,6.7,1078392,1598785380114.0,6394180,1631305,2026-09-11
NIFTY,2026-09-15,22350.0,PE,2.1,4.55,2.0,2.75,2.75,269939,392216200548.25,743925,331630,2026-09-11
NIFTY,2026-09-15,21850.0,PE,1.15,2.55,0.95,1.6,1.6,118572,168416983585.5,295230,240500,2026-09-11
NIFTY,2031-06-24,33000.0,CE,0.0,0.0,0.0,3451.55,2828.36,0,0.0,0,0,2026-09-11
NIFTY,2031-06-24,21000.0,CE,0.0,0.0,0.0,8900.75,8268.68,0,0.0,0,0,2026-09-11
NIFTY,2030-12-31,31500.0,CE,0.0,0.0,0.0,4554.55,2816.58,0,0.0,0,0,2026-09-11
NIFTY,2030-06-25,21000.0,CE,0.0,0.0,0.0,10421.65,7270.75,0,0.0,0,0,2026-09-11
NIFTY,2029-12-24,18000.0,CE,0.0,0.0,0.0,11362.4,8893.89,0,0.0,0,0,2026-09-11
NIFTY,2027-12-28,16500.0,CE,0.0,0.0,0.0,11316.4,8207.25,0,0.0,0,0,2026-09-11
NIFTY,2027-03-30,31500.0,CE,0.0,0.0,0.0,10.0,13.93,0,0.0,455,0,2026-09-11
NIFTY,2027-03-30,27000.0,CE,96.1,127.35,96.1,106.0,106.0,3806,6705111604.75,974545,-18460,2026-09-11
NIFTY,2026-12-29,31000.0,CE,6.7,8.2,6.2,6.55,6.55,104,209605870.5,143260,1885,2026-09-11
NIFTY,2026-12-29,29000.0,CE,10.3,12.6,9.15,11.45,11.45,1370,2583419156.5,495795,-2855,2026-09-11
NIFTY,2026-12-29,28500.0,CE,14.5,15.6,13.2,14.9,14.9,375,695047197.0,105755,910,2026-09-11
NIFTY,2026-12-29,27000.0,CE,29.5,32.85,28.95,32.3,32.3,8690,15268721848.25,2310805,-14310,2026-09-11
NIFTY,2026-12-29,22000.0,CE,1787.25,1965.45,1765.15,1939.8,1939.8,1076,1668043994.5,316940,34775,2026-09-11
NIFTY,2026-11-23,24500.0,CE,133.0,168.65,117.2,161.8,161.8,6454,10337381603.25,381030,-1105,2026-09-11
NIFTY,2026-11-23,24150.0,CE,216.0,262.1,216.0,262.1,468.73,58,91904088.25,4290,-130,2026-09-11
NIFTY,2026-11-23,23350.0,CE,563.5,628.15,563.5,613.55,842.95,16,24897538.25,2665,910,2026-09-11
NIFTY,2026-11-23,22400.0,CE,0.0,0.0,0.0,2369.8,1477.09,0,0.0,0,0,2026-09-11
NIFTY,2026-11-23,22000.0,CE,1575.0,1670.0,1573.0,1660.0,1797.32,16,24555709.75,1625,975,2026-09-11
NIFTY,2026-10-27,26300.0,CE,7.65,9.45,7.65,9.25,14.21,12,20521072.0,650,-130,2026-09-11
NIFTY,2026-10-27,25850.0,CE,10.6,13.0,10.6,13.0,30.28,21,35301357.0,650,650,2026-09-11
NIFTY,2026-10-27,25750.0,CE,13.4,15.0,13.1,14.35,14.35,524,877518603.0,31915,-2015,2026-09-11
NIFTY,2026-10-27,24850.0,CE,29.6,43.4,29.55,40.95,40.95,163,263685974.5,23985,130,2026-09-11
NIFTY,2026-10-27,24750.0,CE,45.55,51.4,38.85,49.2,49.2,429,691384252.0,33670,12805,2026-09-11
NIFTY,2026-10-27,24050.0,CE,134.95,185.0,128.55,176.65,176.65,354,556967190.0,13780,-2340,2026-09-11
NIFTY,2026-10-27,23600.0,CE,283.25,378.9,276.3,363.25,363.25,4497,6994554167.25,255775,2340,2026-09-11
NIFTY,2026-10-27,23450.0,CE,349.9,464.3,349.9,448.35,448.35,444,688181331.5,13260,3900,2026-09-11
NIFTY,2026-10-27,23200.0,CE,523.6,629.55,485.2,610.2,610.2,1558,2403004743.75,40885,26780,2026-09-11
NIFTY,2026-10-27,22800.0,CE,769.95,925.0,755.15,900.1,900.1,74,113709446.5,1755,1430,2026-09-11
NIFTY,2026-10-13,24600.0,CE,0.0,0.0,0.0,170.2,103.68,0,0.0,0,0,2026-09-11
NIFTY,2026-10-13,24500.0,CE,39.0,45.35,32.45,43.05,43.05,496,791121129.5,16055,11375,2026-09-11
NIFTY,2026-10-13,24100.0,CE,0.0,0.0,0.0,321.35,216.51,0,0.0,0,0,2026-09-11
NIFTY,2026-10-13,23350.0,CE,322.3,433.4,315.5,422.45,422.45,109,167904119.5,1365,1365,2026-09-11
NIFTY,2026-10-13,23150.0,CE,0.0,0.0,0.0,829.85,649.06,0,0.0,0,0,2026-09-11
NIFTY,2026-10-13,22600.0,CE,0.0,0.0,0.0,1252.1,1040.66,0,0.0,0,0,2026-09-11
NIFTY,2026-10-13,22350.0,CE,0.0,0.0,0.0,1467.3,1246.64,0,0.0,0,0,2026-09-11
NIFTY,2026-10-13,21700.0,CE,0.0,0.0,0.0,2070.15,1836.66,0,0.0,0,0,2026-09-11
NIFTY,2026-10-06,25300.0,CE,7.35,9.3,7.35,8.4,8.4,27,44415468.5,4030,-650,2026-09-11
NIFTY,2026-10-13,21850.0,PE,0.0,0.0,0.0,20.3,26.31,0,0.0,0,0,2026-09-11
NIFTY,2026-10-13,21800.0,PE,0.0,0.0,0.0,18.1,23.43,0,0.0,0,0,2026-09-11
NIFTY,2026-10-06,25500.0,PE,0.0,0.0,0.0,1389.4,2009.36,0,0.0,0,0,2026-09-11
NIFTY,2026-10-06,25150.0,PE,0.0,0.0,0.0,1102.0,1672.78,0,0.0,0,0,2026-09-11
NIFTY,2026-10-06,25100.0,PE,0.0,0.0,0.0,1063.1,1625.52,0,0.0,0,0,2026-09-11
NIFTY,2026-10-06,24350.0,PE,0.0,0.0,0.0,560.0,961.13,0,0.0,0,0,2026-09-11
NIFTY,2026-10-06,23850.0,PE,537.5,537.5,450.45,450.45,594.74,10,15840383.0,4550,-520,2026-09-11
NIFTY,2026-10-06,23350.0,PE,282.6,282.6,192.15,199.5,199.5,272,416836784.0,9165,9165,2026-09-11
NIFTY,2026-10-06,23200.0,PE,216.5,222.5,146.1,153.5,153.5,1456,2212702508.25,41145,34385,2026-09-11
NIFTY,2026-10-06,22950.0,PE,141.2,141.25,93.1,95.1,95.1,23,34490085.5,780,780,2026-09-11
NIFTY,2026-10-06,22450.0,PE,41.9,41.9,41.9,41.9,41.9,1,1461973.5,65,65,2026-09-11
NIFTY,2026-10-06,21850.0,PE,0.0,0.0,0.0,8.55,15.49,0,0.0,0,0,2026-09-11
NIFTY,2026-09-29,27200.0,PE,0.0,0.0,0.0,3004.3,3723.68,0,0.0,0,0,2026-09-11
NIFTY,2026-09-29,26300.0,PE,2771.15,2771.15,2771.15,2771.15,2826.41,1,1889624.75,80925,0,2026-09-11
NIFTY,2026-09-29,25750.0,PE,0.0,0.0,0.0,1840.05,2278.98,0,0.0,520,0,2026-09-11
NIFTY,2026-09-29,24600.0,PE,1300.0,1308.55,1106.05,1117.8,1117.8,1275,2141304626.5,680745,-16055,2026-09-11
NIFTY,2026-09-29,24400.0,PE,1099.95,1116.75,903.75,926.95,926.95,1635,2703876893.25,1956695,-42640,2026-09-11
NIFTY,2026-09-29,24250.0,PE,970.0,970.0,769.0,789.05,789.05,369,602615185.25,164450,-8450,2026-09-11
NIFTY,2026-09-29,24100.0,PE,818.3,830.45,631.25,655.05,655.05,3553,5736132821.25,918060,-94120,2026-09-11
NIFTY,2026-09-29,23950.0,PE,680.0,692.45,503.25,520.95,520.95,279,445059199.0,134680,-9295,2026-09-11
NIFTY,2026-09-29,23750.0,PE,503.7,525.55,362.65,373.9,373.9,1406,2210682097.0,219375,-5070,2026-09-11
NIFTY,2026-09-29,23700.0,PE,480.0,489.3,325.5,340.7,340.7,21459,33598804622.5,1127555,-283985,2026-09-11
NIFTY,2026-09-29,23150.0,PE,140.0,180.9,108.9,115.65,115.65,5027,7610662871.5,287885,31980,2026-09-11
NIFTY,2026-09-29,22250.0,PE,26.8,29.5,21.6,23.3,23.3,1341,1941648855.25,48815,-6695,2026-09-11
NIFTY,2026-09-29,22200.0,PE,30.6,30.95,20.5,22.05,22.05,11474,16574876620.25,343850,97435,2026-09-11
NIFTY,2026-09-29,21700.0,PE,13.7,16.55,13.0,13.55,13.55,8567,12091566896.5,379925,161785,2026-09-11
NIFTY,2026-09-22,25550.0,PE,2140.0,2140.0,2140.0,2140.0,2107.13,1,1799850.0,65,65,2026-09-11
NIFTY,2026-09-22,22950.0,PE,67.35,81.55,47.1,50.7,50.7,15978,23897458198.25,334165,214695,2026-09-11
NIFTY,2026-09-22,22850.0,PE,56.75,63.55,37.0,40.45,40.45,18563,27627690814.75,355810,244335,2026-09-11
NIFTY,2026-09-22,22450.0,PE,19.5,24.95,17.35,19.0,19.0,10967,16017737138.0,120835,80925,2026-09-11
NIFTY,2026-09-22,22100.0,PE,10.5,13.05,9.8,12.05,12.05,18108,26025686651.25,300885,218660,2026-09-11
NIFTY,2026-09-22,21850.0,PE,7.85,12.7,7.3,9.05,9.05,928,1318523573.25,9100,9100,2026-09-11
NIFTY,2026-09-22,21750.0,PE,7.0,11.25,6.55,8.45,8.45,2804,3965543601.5,44460,39910,2026-09-11
NIFTY,2026-09-15,26050.0,PE,0.0,0.0,0.0,1515.75,2635.23,0,0.0,0,0,2026-09-11
NIFTY,2026-09-15,25200.0,PE,1900.0,1900.0,1758.35,1758.35,1785.78,4,7027036.25,3120,-195,2026-09-11
NIFTY,2026-09-15,24600.0,PE,1551.65,1551.65,1140.0,1158.4,1158.4,1016,1707687286.5,92170,-46540,2026-09-11
NIFTY,2026-09-15,24300.0,PE,1077.7,1077.7,836.0,849.45,849.45,1969,3233432728.5,202605,-46670,2026-09-11
NIFTY,2026-09-15,23950.0,PE,650.3,707.4,479.8,506.4,506.4,2783,4438117596.25,116285,-49790,2026-09-11
NIFTY,2026-10-06,23650.0,PE,435.35,435.35,322.35,343.4,343.4,37,57863939.25,1820,-2145,2026-09-11
NIFTY,2026-10-06,24250.0,PE,0.0,0.0,0.0,505.9,881.64,0,0.0,0,0,2026-09-11
NIFTY,2026-10-13,21700.0,PE,0.0,0.0,0.0,14.3,18.47,0,0.0,0,0,2026-09-11
NIFTY,2026-10-13,23000.0,PE,159.0,180.0,122.6,128.5,128.5,313,470982996.25,8645,4485,2026-09-11
NIFTY,2026-10-13,23250.0,PE,219.1,230.35,184.2,188.95,188.95,27,41169713.0,845,845,2026-09-11
NIFTY,2026-10-13,23700.0,PE,440.35,441.35,426.4,426.4,531.0,4,6275158.5,130,130,2026-09-11
NIFTY,2026-10-13,23900.0,PE,537.65,574.0,495.0,517.8,651.41,18,28582979.75,650,-65,2026-09-11
NIFTY,2031-06-24,30000.0,PE,0.0,0.0,0.0,2616.25,2559.51,0,0.0,0,0,2026-09-11
NIFTY,2031-06-24,28500.0,PE,0.0,0.0,0.0,2104.2,2030.42,0,0.0,0,0,2026-09-11
NIFTY,2031-06-24,25500.0,PE,0.0,0.0,0.0,1262.85,1173.76,0,0.0,0,0,2026-09-11
NIFTY,2031-06-24,24000.0,PE,0.0,0.0,0.0,933.85,846.59,0,0.0,65,0,2026-09-11
NIFTY,2030-12-31,30000.0,PE,0.0,0.0,0.0,1450.1,2755.53,0,0.0,0,0,2026-09-11
NIFTY,2028-12-26,22000.0,PE,490.05,490.05,490.05,490.05,546.9,1,1461853.25,8890,65,2026-09-11
NIFTY,2026-10-06,22600.0,PE,70.3,73.55,49.1,53.75,53.75,207,304943232.75,8125,1430,2026-09-11
NIFTY,2028-06-27,28500.0,PE,0.0,0.0,0.0,1560.85,3246.37,0,0.0,0,0,2026-09-11
NIFTY,2027-12-28,20000.0,PE,181.9,192.05,173.25,180.25,180.25,101,132467916.75,69255,2145,2026-09-11
NIFTY,2027-12-28,19000.0,PE,111.65,125.0,105.0,106.65,84.06,61,75779340.0,20570,2665,2026-09-11
NIFTY,2027-12-28,18000.0,PE,94.95,95.0,90.0,91.85,91.85,16,18816716.75,14975,845,2026-09-11
NIFTY,2027-06-29,19500.0,PE,0.0,0.0,0.0,17.3,62.43,0,0.0,0,0,2026-09-11
NIFTY,2027-06-29,19000.0,PE,0.0,0.0,0.0,90.0,39.25,0,0.0,940,0,2026-09-11
NIFTY,2027-03-30,16500.0,PE,0.0,0.0,0.0,20.25,0.33,0,0.0,1560,0,2026-09-11
NIFTY,2026-11-23,26000.0,PE,2470.0,2470.0,2280.0,2280.0,2280.0,33,60808569.25,6565,845,2026-09-11
NIFTY,2026-11-23,25350.0,PE,0.0,0.0,0.0,1152.95,1790.62,0,0.0,0,0,2026-09-11
NIFTY,2026-09-15,25300.0,CE,0.6,0.7,0.25,0.4,0.4,96554,158786716656.75,842660,-1320540,2026-09-11
NIFTY,2026-11-23,25100.0,PE,0.0,0.0,0.0,1027.25,1588.19,0,0.0,130,0,2026-09-11
NIFTY,2026-11-23,24400.0,PE,1005.0,1010.0,860.55,863.0,863.0,52,85779411.25,12480,-1040,2026-09-11
NIFTY,2026-11-23,24150.0,PE,840.0,840.0,694.65,694.65,694.65,4,6486333.75,1885,-65,2026-09-11
NIFTY,2026-11-23,23350.0,PE,396.45,398.1,315.05,320.85,320.85,160,246407122.0,4160,1950,2026-09-11
NIFTY,2026-11-23,23300.0,PE,347.65,383.95,298.45,305.25,305.25,666,1023695877.75,24505,11505,2026-09-11
NIFTY,2026-09-15,21700.0,CE,0.0,0.0,0.0,2900.2,1711.98,0,0.0,0,0,2026-09-11
NIFTY,2026-11-23,23200.0,PE,300.0,346.1,268.35,275.65,275.65,528,806753759.5,29380,4095,2026-09-11
NIFTY,2026-11-23,23000.0,PE,255.2,282.05,216.75,224.15,224.15,4024,6082934338.0,426335,45955,2026-09-11
NIFTY,2026-11-23,22350.0,PE,128.0,129.6,112.4,113.15,113.15,26,37978768.75,1690,1690,2026-09-11
NIFTY,2026-09-15,23550.0,CE,30.0,75.0,17.65,52.45,52.45,2934166,4499299149322.25,4880720,115635,2026-09-11
NIFTY,2026-09-15,23650.0,CE,16.95,41.55,10.15,25.35,25.35,2142268,3296112953789.5,4973735,-142415,2026-09-11
NIFTY,2026-09-15,23750.0,CE,6.05,21.9,5.25,11.45,11.45,1817232,2806674216079.5,5403190,325260,2026-09-11
NIFTY,2026-09-15,23800.0,CE,5.4,15.85,5.3,8.05,8.05,2525667,3908571205331.0,11593985,2061800,2026-09-11
NIFTY,2026-09-15,24400.0,CE,1.75,1.95,0.85,1.2,1.2,802725,1273199437480.75,5027425,-1894685,2026-09-11
NIFTY,2026-09-15,24700.0,CE,1.3,1.45,0.6,0.8,0.8,236644,379947648993.25,2449720,-866710,2026-09-11
NIFTY,2026-09-15,25900.0,CE,0.6,0.65,0.25,0.35,0.35,25135,42315580056.75,296335,-545415,2026-09-11
NIFTY,2026-09-15,25950.0,CE,0.65,0.65,0.3,0.4,0.4,5021,8469340925.5,64805,7280,2026-09-11
NIFTY,2026-09-22,21900.0,CE,0.0,0.0,0.0,2390.45,1538.01,0,0.0,0,0,2026-09-11
NIFTY,2026-09-22,22050.0,CE,1230.0,1360.0,1230.0,1360.0,1389.81,4,6067265.75,130,130,2026-09-11
NIFTY,2026-09-22,22600.0,CE,715.0,882.0,709.15,879.0,865.42,399,605278427.0,20085,20020,2026-09-11
NIFTY,2026-09-22,22750.0,CE,595.25,595.25,582.8,582.8,733.36,2,3034073.25,195,130,2026-09-11
NIFTY,2026-09-22,23600.0,CE,62.45,133.7,58.45,114.75,114.75,111166,171178772365.25,1547000,471965,2026-09-11
NIFTY,2026-09-22,23850.0,CE,34.9,53.6,23.3,42.4,42.4,43095,66909588284.5,523900,195585,2026-09-11
NIFTY,2026-09-22,24500.0,CE,6.0,6.55,4.35,5.5,5.5,88266,140594055234.75,2427620,1440725,2026-09-11
NIFTY,2026-09-22,24750.0,CE,3.8,3.8,2.6,3.1,3.1,4505,7248346326.0,119275,108485,2026-09-11
NIFTY,2026-09-22,24950.0,CE,3.4,3.4,2.2,2.45,2.45,8757,14203083453.0,212810,185965,2026-09-11
NIFTY,2026-09-22,25100.0,CE,2.4,2.4,1.85,2.1,2.1,26974,44011769155.25,886600,497120,2026-09-11
NIFTY,2026-09-22,26100.0,CE,1.05,1.25,0.9,0.95,0.95,3952,6704825643.75,199420,161460,2026-09-11
NIFTY,2026-09-29,22050.0,CE,0.0,0.0,0.0,1500.0,1424.06,0,0.0,65,0,2026-09-11
NIFTY,2026-09-29,22650.0,CE,821.05,892.8,821.0,892.4,880.57,30,45801281.5,1040,845,2026-09-11
NIFTY,2026-09-29,23050.0,CE,406.55,553.0,394.25,527.4,527.4,226,345013766.5,8060,7540,2026-09-11
NIFTY,2026-09-29,23300.0,CE,285.0,367.75,225.85,343.3,343.3,64335,98626211186.75,883285,725205,2026-09-11
NIFTY,2026-09-29,23600.0,CE,102.1,191.3,101.05,173.35,173.35,49637,76594022388.0,1265745,254670,2026-09-11
NIFTY,2026-09-29,24050.0,CE,40.0,54.65,31.3,47.2,47.2,7151,11197284088.25,246610,-15730,2026-09-11
NIFTY,2026-09-29,24450.0,CE,16.3,19.65,11.5,17.2,17.2,4576,7277188876.75,293085,45435,2026-09-11
NIFTY,2026-09-29,25150.0,CE,6.05,6.85,5.85,6.45,6.45,551,900976820.25,39130,-7150,2026-09-11
NIFTY,2026-09-29,26300.0,CE,2.0,2.75,1.65,1.85,1.85,213,364150228.0,132600,-1235,2026-09-11
NIFTY,2026-09-29,26950.0,CE,0.0,0.0,0.0,1.85,0.01,0,0.0,3120,0,2026-09-11
NIFTY,2026-09-29,33000.0,CE,0.6,0.95,0.45,0.5,0.5,80,171603289.0,34840,-195,2026-09-11
NIFTY,2026-10-06,21800.0,CE,0.0,0.0,0.0,2389.25,1698.61,0,0.0,0,0,2026-09-11
NIFTY,2026-11-23,21900.0,PE,0.0,0.0,0.0,62.0,107.76,0,0.0,780,0,2026-09-11
NIFTY,2026-11-23,21850.0,PE,0.0,0.0,0.0,51.8,100.95,0,0.0,0,0,2026-09-11
NIFTY,2026-10-27,26900.0,PE,0.0,0.0,0.0,2631.85,3292.86,0,0.0,0,0,2026-09-11
NIFTY,2026-10-27,26100.0,PE,0.0,0.0,0.0,1960.3,2514.56,0,0.0,0,0,2026-09-11
NIFTY,2026-10-27,25250.0,PE,0.0,0.0,0.0,883.6,1726.55,0,0.0,130,0,2026-09-11
NIFTY,2026-10-27,25050.0,PE,0.0,0.0,0.0,1161.25,1552.31,0,0.0,325,0,2026-09-11
NIFTY,2026-10-27,24150.0,PE,823.65,842.8,680.45,684.7,684.7,50,80879207.5,16705,-2145,2026-09-11
NIFTY,2026-10-27,24100.0,PE,801.3,814.15,640.75,650.35,650.35,326,526252470.25,190970,-5590,2026-09-11
NIFTY,2026-10-27,22400.0,PE,89.95,97.15,70.7,73.3,73.3,4253,6214703384.5,115570,3900,2026-09-11
NIFTY,2026-10-27,21750.0,PE,41.95,43.55,31.55,37.2,42.96,134,189780607.25,3770,3770,2026-09-11
NIFTY,2026-10-06,21850.0,CE,0.0,0.0,0.0,2340.55,1650.82,0,0.0,0,0,2026-09-11
NIFTY,2026-10-06,22600.0,CE,0.0,0.0,0.0,1631.85,978.93,0,0.0,0,0,2026-09-11
NIFTY,2026-10-06,23050.0,CE,0.0,0.0,0.0,1241.5,643.74,0,0.0,0,0,2026-09-11
NIFTY,2026-10-06,24050.0,CE,60.0,86.9,58.35,79.7,79.7,120,188148421.5,11960,975,2026-09-11
NIFTY,2026-10-13,22550.0,CE,0.0,0.0,0.0,1294.15,1080.64,0,0.0,0,0,2026-09-11
NIFTY,2026-10-13,22850.0,CE,0.0,0.0,0.0,1050.4,850.91,0,0.0,0,0,2026-09-11
NIFTY,2026-10-13,24300.0,CE,65.45,67.75,46.05,64.65,64.65,187,296048359.75,4290,4225,2026-09-11
NIFTY,2026-10-13,24650.0,CE,0.0,0.0,0.0,158.85,95.7,0,0.0,0,0,2026-09-11
NIFTY,2026-10-13,25200.0,CE,0.0,0.0,0.0,69.45,36.66,0,0.0,0,0,2026-09-11
NIFTY,2026-10-13,25350.0,CE,0.0,0.0,0.0,54.2,27.52,0,0.0,0,0,2026-09-11
NIFTY,2026-10-13,25400.0,CE,9.2,10.95,9.05,10.95,10.95,25,41290713.75,1430,1365,2026-09-11
NIFTY,2026-10-27,23500.0,CE,335.0,435.6,300.25,417.55,417.55,18596,28851320345.25,709345,228215,2026-09-11
NIFTY,2026-10-27,24250.0,CE,95.2,129.3,92.85,122.65,122.65,581,919715241.25,24440,3445,2026-09-11
NIFTY,2026-10-27,25350.0,CE,0.0,0.0,0.0,417.4,65.19,0,0.0,0,0,2026-09-11
NIFTY,2026-10-27,26200.0,CE,9.0,10.15,9.0,9.95,16.9,43,73256368.25,3510,2275,2026-09-11
NIFTY,2026-10-27,26650.0,CE,0.0,0.0,0.0,7.0,7.55,0,0.0,650,0,2026-09-11
NIFTY,2026-11-23,21850.0,CE,0.0,0.0,0.0,2860.95,1923.93,0,0.0,0,0,2026-09-11
NIFTY,2026-11-23,22750.0,CE,0.0,0.0,0.0,2073.75,1220.74,0,0.0,0,0,2026-09-11
NIFTY,2026-11-23,23550.0,CE,453.05,554.1,450.6,552.75,552.75,48,75030962.5,1820,1430,2026-09-11
NIFTY,2026-11-23,23750.0,CE,367.85,444.95,367.1,441.5,441.5,31,48675773.25,2730,0,2026-09-11
NIFTY,2026-11-23,23950.0,CE,297.8,350.9,280.05,349.7,349.7,88,138718508.5,4550,2210,2026-09-11
NIFTY,2026-11-23,25400.0,CE,0.0,0.0,0.0,496.65,149.79,0,0.0,0,0,2026-09-11
NIFTY,2026-11-23,25600.0,CE,0.0,0.0,0.0,431.25,121.58,0,0.0,0,0,2026-09-11
NIFTY,2026-11-23,25650.0,CE,0.0,0.0,0.0,415.95,115.27,0,0.0,0,0,2026-09-11
NIFTY,2026-12-29,16500.0,CE,0.0,0.0,0.0,10405.0,7207.08,0,0.0,0,0,2026-09-11
NIFTY,2026-12-29,19000.0,CE,4544.35,4775.55,4539.15,4707.55,4707.55,219,336773030.75,65390,4550,2026-09-11
NIFTY,2027-03-30,19500.0,CE,0.0,0.0,0.0,4365.4,4594.37,0,0.0,0,0,2026-09-11
NIFTY,2027-03-30,33000.0,CE,12.05,15.5,11.0,15.5,15.5,14,30041605.75,5720,0,2026-09-11
NIFTY,2027-12-28,18000.0,CE,0.0,0.0,0.0,6285.7,6854.66,0,0.0,0,0,2026-09-11
NIFTY,2028-06-27,24000.0,CE,0.0,0.0,0.0,3918.85,3046.04,0,0.0,0,0,2026-09-11
NIFTY,2028-06-27,30000.0,CE,0.0,0.0,0.0,2278.45,847.73,0,0.0,0,0,2026-09-11
NIFTY,2028-12-26,22500.0,CE,0.0,0.0,0.0,7382.9,4591.41,0,0.0,0,0,2026-09-11
NIFTY,2028-12-26,31500.0,CE,530.0,530.0,530.0,530.0,968.16,1,2081950.0,585,0,2026-09-11
NIFTY,2029-06-26,31500.0,CE,0.0,0.0,0.0,2878.65,1393.03,0,0.0,0,0,2026-09-11
NIFTY,2029-12-24,24000.0,CE,0.0,0.0,0.0,7729.0,4883.24,0,0.0,65,0,2026-09-11
NIFTY,2029-12-24,33000.0,CE,0.0,0.0,0.0,3816.05,1482.99,0,0.0,0,0,2026-09-11
NIFTY,2030-12-31,18000.0,CE,0.0,0.0,0.0,12674.15,9822.42,0,0.0,0,0,2026-09-11
NIFTY,2026-09-15,21800.0,PE,0.75,2.3,0.75,1.45,1.45,314538,445736197078.25,2335190,1657435,2026-09-11
NIFTY,2026-09-15,22250.0,PE,2.0,4.05,1.7,2.2,2.2,336322,486469224670.0,1392690,715065,2026-09-11
NIFTY,2026-09-15,22450.0,PE,2.2,5.25,2.2,3.3,3.3,442575,645945767792.0,902005,177905,2026-09-11
NIFTY,2026-09-15,23700.0,PE,431.95,460.4,245.0,269.3,269.3,106216,165949041700.0,1500915,-702780,2026-09-11
NIFTY,2026-09-15,24000.0,PE,700.0,754.4,527.25,554.5,554.5,33692,54008996050.75,1286740,-647530,2026-09-11
NIFTY,2026-09-15,24200.0,PE,947.3,955.25,726.75,758.55,758.55,4174,6792602332.75,408850,-139295,2026-09-11
NIFTY,2026-09-15,24700.0,PE,1450.0,1450.0,1240.0,1249.85,1249.85,296,501498491.0,25090,-10790,2026-09-11
NIFTY,2026-09-15,25700.0,PE,0.0,0.0,0.0,1223.4,2285.46,0,0.0,0,0,2026-09-11
NIFTY,2026-09-15,25800.0,PE,2415.0,2415.0,2345.0,2350.0,2385.39,7,12815881.0,520,-130,2026-09-11
NIFTY,2026-09-15,25900.0,PE,0.0,0.0,0.0,1387.75,2485.33,0,0.0,0,0,2026-09-11
NIFTY,2026-09-15,26100.0,PE,0.0,0.0,0.0,1559.2,2685.2,0,0.0,0,0,2026-09-11
NIFTY,2026-09-22,22250.0,PE,15.2,15.4,12.6,14.3,14.3,6578,9519447665.0,115180,81835,2026-09-11
NIFTY,2026-09-22,22600.0,PE,22.0,34.2,21.0,24.65,24.65,51890,76316660072.25,889655,613405,2026-09-11
NIFTY,2026-09-22,23300.0,PE,160.25,201.55,110.4,119.6,119.6,112840,172004009310.25,1427335,466180,2026-09-11
NIFTY,2026-09-22,23450.0,PE,175.0,283.7,162.4,174.0,174.0,25688,39502003099.0,779675,130130,2026-09-11
NIFTY,2026-09-22,23900.0,PE,450.05,643.9,447.95,470.45,470.45,3223,5118879174.5,211640,-21320,2026-09-11
NIFTY,2026-09-22,24300.0,PE,1019.55,1025.75,820.55,839.0,839.0,411,673131111.25,54990,19110,2026-09-11
NIFTY,2026-09-22,25900.0,PE,0.0,0.0,0.0,1658.45,2456.38,0,0.0,0,0,2026-09-11
NIFTY,2026-09-22,26000.0,PE,2650.0,2650.0,2414.8,2517.5,2517.5,515,956540737.75,30095,30095,2026-09-11
NIFTY,2026-09-29,15000.0,PE,1.3,1.8,1.0,1.4,1.4,136,132611826.75,94510,1040,2026-09-11
NIFTY,2026-09-29,21900.0,PE,18.55,18.75,15.65,16.8,16.8,4218,6008984527.0,220870,24375,2026-09-11
NIFTY,2026-09-29,22500.0,PE,45.0,47.95,30.4,34.05,34.05,84849,124313069273.25,3120000,774020,2026-09-11
NIFTY,2026-09-29,22650.0,PE,59.3,64.25,41.25,43.45,43.45,3667,5410847594.75,132340,25545,2026-09-11
NIFTY,2026-09-29,26950.0,PE,0.0,0.0,0.0,2780.25,3474.4,0,0.0,0,0,2026-09-11
NIFTY,2026-09-29,27000.0,PE,3690.0,3693.95,3491.75,3504.8,3504.8,522,1038199422.0,1502245,-9035,2026-09-11
NIFTY,2026-09-29,31500.0,PE,0.0,0.0,0.0,4341.2,8011.31,0,0.0,0,0,2026-09-11
NIFTY,2026-10-06,22900.0,PE,128.0,130.45,84.6,88.35,88.35,334,499487758.25,15015,65,2026-09-11
NIFTY,2026-09-22,22050.0,PE,10.05,12.1,9.25,11.4,11.4,4510,6467175572.0,61360,42185,2026-09-11
NIFTY,2026-09-15,25750.0,PE,0.0,0.0,0.0,1263.75,2335.43,0,0.0,0,0,2026-09-11
NIFTY,2026-09-15,25600.0,PE,2280.0,2280.0,2280.0,2280.0,2185.52,4,7248800.0,260,0,2026-09-11
NIFTY,2026-09-15,25450.0,PE,0.0,0.0,0.0,1885.0,2035.62,0,0.0,1430,0,2026-09-11
NIFTY,2026-09-15,25000.0,PE,1749.9,1749.9,1529.15,1549.4,1549.4,1089,1885496661.75,84305,-47450,2026-09-11
NIFTY,2026-09-15,24550.0,PE,1308.85,1308.85,1095.0,1104.65,1104.65,97,162230185.0,19825,-4550,2026-09-11
NIFTY,2026-09-15,24250.0,PE,1014.9,1014.9,780.0,800.75,800.75,298,487281684.5,44785,-7605,2026-09-11
NIFTY,2026-09-22,25950.0,PE,0.0,0.0,0.0,1703.35,2506.29,0,0.0,0,0,2026-09-11
NIFTY,2026-09-29,23500.0,PE,272.0,353.0,220.95,234.6,234.6,129374,200007264772.25,4624555,-15600,2026-09-11
NIFTY,2026-09-29,23550.0,PE,357.95,384.8,245.0,261.4,261.4,4735,7346350212.5,183755,-70005,2026-09-11
NIFTY,2026-09-29,24000.0,PE,650.1,738.5,543.2,562.1,562.1,28905,46280318220.5,6054790,-427700,2026-09-11
NIFTY,2026-09-29,24550.0,PE,1259.95,1259.95,1049.9,1069.1,1069.1,47,78547660.75,53365,-975,2026-09-11
NIFTY,2026-09-29,26150.0,PE,0.0,0.0,0.0,1720.0,2676.95,0,0.0,65,0,2026-09-11
NIFTY,2026-09-29,26350.0,PE,0.0,0.0,0.0,2262.9,2876.24,0,0.0,0,0,2026-09-11
NIFTY,2026-09-29,26400.0,PE,0.0,0.0,0.0,2874.8,2926.07,0,0.0,3640,0,2026-09-11
NIFTY,2026-09-29,26550.0,PE,0.0,0.0,0.0,2431.75,3075.6,0,0.0,0,0,2026-09-11
NIFTY,2026-10-06,22050.0,PE,24.4,25.6,24.3,25.6,26.24,11,15783553.5,715,715,2026-09-11
NIFTY,2026-10-06,22350.0,PE,37.85,46.35,35.7,36.7,36.7,131,190659608.75,2340,-1560,2026-09-11
NIFTY,2026-10-06,23700.0,PE,482.25,498.2,352.6,361.3,361.3,212,332315480.25,16965,4680,2026-09-11
NIFTY,2026-10-06,23950.0,PE,640.0,640.0,583.0,583.0,661.3,7,11168183.0,2080,-455,2026-09-11
NIFTY,2026-10-06,24450.0,PE,0.0,0.0,0.0,617.35,1043.27,0,0.0,0,0,2026-09-11
NIFTY,2026-10-06,24850.0,PE,0.0,0.0,0.0,877.55,1393.51,0,0.0,0,0,2026-09-11
NIFTY,2026-10-27,22300.0,PE,65.0,84.0,61.9,63.95,63.95,3691,5367775741.25,275535,23530,2026-09-11
NIFTY,2026-10-27,23500.0,PE,380.2,421.0,309.9,321.65,321.65,25450,39471269191.25,1444430,-54665,2026-09-11
NIFTY,2026-10-27,25350.0,PE,0.0,0.0,0.0,865.7,1815.66,0,0.0,260,0,2026-09-11
NIFTY,2026-10-27,25950.0,PE,0.0,0.0,0.0,1842.3,2371.44,0,0.0,0,0,2026-09-11
NIFTY,2026-11-23,22700.0,PE,198.05,202.95,157.5,159.4,159.4,287,426903129.25,56095,6045,2026-09-11
NIFTY,2026-11-23,23450.0,PE,423.45,446.1,350.15,353.9,353.9,19,29435474.25,1170,-65,2026-09-11
NIFTY,2026-11-23,23650.0,PE,506.3,506.3,430.75,440.4,440.4,28,43858217.0,5525,1365,2026-09-11
NIFTY,2026-11-23,25700.0,PE,0.0,0.0,0.0,1890.0,2087.83,0,0.0,65,0,2026-09-11
NIFTY,2026-12-29,19000.0,PE,27.95,32.5,27.9,30.6,30.6,1547,1913614257.75,643505,19370,2026-09-11
NIFTY,2026-12-29,22000.0,PE,127.15,151.15,120.0,126.55,126.55,10325,14856763928.5,2274025,-12515,2026-09-11
NIFTY,2027-03-30,18000.0,PE,25.75,33.6,25.75,32.6,32.6,45,52747639.75,2600,1885,2026-09-11
NIFTY,2027-06-29,18000.0,PE,37.1,37.1,37.1,37.1,13.68,1,1172411.5,230,65,2026-09-11
NIFTY,2026-09-15,23200.0,PE,64.75,88.5,26.1,32.55,32.55,4813332,7275527596756.25,11038040,3645460,2026-09-11
NIFTY,2026-09-15,22600.0,PE,3.75,7.2,3.15,4.3,4.3,787716,1157422408733.5,3668405,1232595,2026-09-11
NIFTY,2026-09-15,22000.0,PE,1.75,2.9,1.25,1.9,1.9,1058357,1513603233658.75,7914595,5020730,2026-09-11
NIFTY,2026-09-15,21700.0,PE,0.95,2.05,0.8,1.3,1.3,626120,883205660974.0,6023355,4397640,2026-09-11
NIFTY,2030-12-31,27000.0,CE,0.0,0.0,0.0,6772.8,4513.65,0,0.0,0,0,2026-09-11
NIFTY,2030-12-31,22500.0,CE,0.0,0.0,0.0,9536.95,6871.94,0,0.0,0,0,2026-09-11
NIFTY,2030-06-25,33000.0,CE,0.0,0.0,0.0,4416.45,1917.6,0,0.0,0,0,2026-09-11
NIFTY,2030-06-25,24000.0,CE,0.0,0.0,0.0,8591.55,5449.71,0,0.0,0,0,2026-09-11
NIFTY,2028-12-26,30000.0,CE,820.35,876.0,820.0,874.85,874.85,75,150399850.25,21575,2145,2026-09-11
NIFTY,2028-12-26,28500.0,CE,0.0,0.0,0.0,3608.65,1727.01,0,0.0,0,0,2026-09-11
NIFTY,2028-12-26,28000.0,CE,1501.0,1520.0,1480.0,1520.0,1520.0,40,76737885.25,9825,-65,2026-09-11
NIFTY,2028-12-26,25500.0,CE,0.0,0.0,0.0,3800.0,2911.9,0,0.0,0,0,2026-09-11
NIFTY,2027-06-29,27000.0,PE,0.0,0.0,0.0,2100.0,2810.11,0,0.0,65,0,2026-09-11
NIFTY,2028-06-27,27000.0,PE,0.0,0.0,0.0,2752.35,2382.34,0,0.0,0,0,2026-09-11
NIFTY,2028-12-26,24000.0,PE,870.0,870.0,870.0,870.0,1047.7,1,1616550.0,5070,-65,2026-09-11
NIFTY,2028-12-26,31500.0,PE,0.0,0.0,0.0,2673.4,4814.0,0,0.0,0,0,2026-09-11
NIFTY,2029-06-26,16500.0,PE,0.0,0.0,0.0,8.1,42.38,0,0.0,0,0,2026-09-11
NIFTY,2029-06-26,18000.0,PE,0.0,0.0,0.0,118.45,101.57,0,0.0,0,0,2026-09-11
NIFTY,2029-06-26,19500.0,PE,0.0,0.0,0.0,56.0,210.41,0,0.0,0,0,2026-09-11
NIFTY,2029-12-24,25000.0,PE,1250.0,1250.0,1250.0,1250.0,1250.0,1,1706250.0,1265,0,2026-09-11
NIFTY,2031-06-24,18000.0,PE,0.0,0.0,0.0,173.45,132.71,0,0.0,0,0,2026-09-11
NIFTY,2026-11-23,22450.0,CE,0.0,0.0,0.0,2326.6,1439.03,0,0.0,0,0,2026-09-11
NIFTY,2028-12-26,24000.0,CE,3665.0,3665.0,3650.0,3650.0,3650.0,3,5393700.0,1755,0,2026-09-11
NIFTY,2028-12-26,18000.0,CE,0.0,0.0,0.0,9380.3,7915.18,0,0.0,0,0,2026-09-11
NIFTY,2027-12-28,24000.0,CE,2011.0,2101.0,1974.0,2078.95,2078.95,354,599063715.25,129805,7280,2026-09-11
NIFTY,2027-06-29,30000.0,CE,0.0,0.0,0.0,1478.4,135.52,0,0.0,0,0,2026-09-11
NIFTY,2026-12-29,26000.0,CE,60.0,69.2,56.1,65.0,65.0,15092,25567776042.25,4360445,27680,2026-09-11
NIFTY,2026-12-29,25000.0,CE,150.0,185.0,144.25,180.95,180.95,17726,28995119611.25,3152355,165165,2026-09-11
NIFTY,2026-11-23,25500.0,CE,35.0,43.65,27.6,40.75,40.75,4134,6862369228.0,296400,-130,2026-09-11
NIFTY,2026-09-15,22600.0,CE,620.55,882.75,620.5,861.65,861.65,405,614412054.75,6175,4745,2026-09-11
NIFTY,2026-09-15,23100.0,CE,222.55,398.0,199.6,367.2,367.2,304604,462554363999.0,360815,215800,2026-09-11
NIFTY,2026-09-15,24050.0,CE,3.75,3.85,2.0,2.8,2.8,1415924,2213722043334.75,2623140,-18460,2026-09-11
NIFTY,2026-09-15,24600.0,CE,1.1,1.6,0.75,0.95,0.95,254075,406285166274.0,3080610,-974740,2026-09-11
NIFTY,2026-09-15,24650.0,CE,1.55,1.55,0.6,0.85,0.85,81583,130722311980.0,1087580,50245,2026-09-11
NIFTY,2026-09-15,24900.0,CE,0.95,1.1,0.4,0.65,0.65,153989,249238782809.25,991640,-1924650,2026-09-11
NIFTY,2026-09-15,25150.0,CE,0.75,0.85,0.3,0.4,0.4,30962,50616362020.25,363870,-250835,2026-09-11
NIFTY,2026-09-15,25550.0,CE,0.65,0.65,0.25,0.35,0.35,13254,22012012555.0,212550,-86645,2026-09-11
NIFTY,2026-09-15,26000.0,CE,0.55,0.6,0.25,0.4,0.4,67773,114538503196.0,1546025,-569660,2026-09-11
NIFTY,2026-11-23,24900.0,CE,0.0,0.0,0.0,691.9,245.43,0,0.0,0,0,2026-09-11
NIFTY,2026-11-23,24650.0,CE,109.0,131.3,105.45,126.9,126.9,164,263966777.75,6435,-5070,2026-09-11
NIFTY,2026-11-23,24450.0,CE,148.7,177.65,145.6,174.6,174.6,63,100761882.0,9360,-65,2026-09-11
NIFTY,2026-11-23,23900.0,CE,292.95,374.95,292.95,360.35,360.35,648,1020151349.75,28210,16445,2026-09-11
NIFTY,2026-11-23,23700.0,CE,380.1,477.25,377.7,465.15,465.15,306,479624135.25,23270,2535,2026-09-11
NIFTY,2026-09-15,21900.0,CE,0.0,0.0,0.0,2703.3,1512.11,0,0.0,0,0,2026-09-11
NIFTY,2026-11-23,21750.0,CE,0.0,0.0,0.0,2952.95,2010.07,0,0.0,0,0,2026-09-11
NIFTY,2026-10-27,26700.0,CE,6.3,6.85,6.3,6.85,6.88,5,8679593.0,715,65,2026-09-11
NIFTY,2026-10-27,26100.0,CE,9.95,11.95,9.05,9.15,20.04,27,45823228.75,2275,780,2026-09-11
NIFTY,2026-10-27,25800.0,CE,13.4,13.85,12.2,13.25,13.25,323,541944409.5,26455,-11115,2026-09-11
NIFTY,2026-10-27,25600.0,CE,13.5,18.35,9.15,16.2,16.2,478,795864121.0,61165,-3120,2026-09-11
NIFTY,2026-10-27,25500.0,CE,14.05,18.55,14.05,17.75,17.75,5490,9105608388.5,795210,-13780,2026-09-11
NIFTY,2026-10-27,25300.0,CE,21.45,23.45,14.35,22.35,22.35,383,630362352.75,48555,-2860,2026-09-11
NIFTY,2026-10-27,25100.0,CE,27.9,30.75,23.35,29.45,29.45,1844,3011729477.25,141830,9100,2026-09-11
NIFTY,2026-10-27,23950.0,CE,160.7,217.6,158.6,212.65,212.65,497,779498291.0,22425,-2405,2026-09-11
NIFTY,2026-10-27,22550.0,CE,0.0,0.0,0.0,1962.0,1183.56,0,0.0,0,0,2026-09-11
NIFTY,2026-10-27,21750.0,CE,0.0,0.0,0.0,2639.9,1863.88,0,0.0,0,0,2026-09-11
NIFTY,2026-10-13,24900.0,CE,0.0,0.0,0.0,110.75,62.99,0,0.0,0,0,2026-09-11
NIFTY,2026-10-13,24850.0,CE,0.0,0.0,0.0,119.25,68.65,0,0.0,0,0,2026-09-11
NIFTY,2026-10-13,24550.0,CE,0.0,0.0,0.0,183.05,112.19,0,0.0,0,0,2026-09-11
NIFTY,2026-10-13,24050.0,CE,131.7,131.7,88.75,114.2,114.2,129,202492485.0,1885,1885,2026-09-11
NIFTY,2026-10-13,23100.0,CE,0.0,0.0,0.0,864.75,680.61,0,0.0,0,0,2026-09-11
NIFTY,2026-10-13,22800.0,CE,0.0,0.0,0.0,1089.55,888.42,0,0.0,0,0,2026-09-11
NIFTY,2026-10-13,22750.0,CE,0.0,0.0,0.0,1129.3,924.76,0,0.0,0,0,2026-09-11
NIFTY,2026-10-13,22200.0,CE,0.0,0.0,0.0,1601.7,1376.82,0,0.0,0,0,2026-09-11
NIFTY,2026-09-22,21750.0,CE,0.0,0.0,0.0,2536.8,1686.98,0,0.0,0,0,2026-09-11
NIFTY,2026-10-13,22100.0,CE,0.0,0.0,0.0,1693.15,1465.91,0,0.0,0,0,2026-09-11
NIFTY,2026-10-06,25500.0,CE,5.8,7.6,5.7,6.4,6.4,140,232110485.75,20670,390,2026-09-11
NIFTY,2026-10-06,25000.0,CE,11.5,13.45,9.65,12.0,12.0,1270,2064707466.25,40040,26325,2026-09-11
NIFTY,2026-10-06,24450.0,CE,0.0,0.0,0.0,364.35,88.97,0,0.0,0,0,2026-09-11
NIFTY,2026-10-06,24350.0,CE,0.0,0.0,0.0,406.45,106.43,0,0.0,0,0,2026-09-11
NIFTY,2026-10-06,24300.0,CE,31.0,46.1,31.0,43.25,43.25,698,1104173924.75,29705,3770,2026-09-11
NIFTY,2026-10-06,24250.0,CE,39.6,50.45,35.2,45.7,45.7,150,236841452.25,5460,520,2026-09-11
NIFTY,2026-10-06,23150.0,CE,0.0,0.0,0.0,1160.25,579.06,0,0.0,0,0,2026-09-11
NIFTY,2026-10-06,22450.0,CE,0.0,0.0,0.0,1769.15,1104.24,0,0.0,0,0,2026-09-11
NIFTY,2026-10-06,22150.0,CE,0.0,0.0,0.0,2051.3,1370.13,0,0.0,0,0,2026-09-11
NIFTY,2026-10-06,21750.0,CE,0.0,0.0,0.0,2438.05,1746.63,0,0.0,0,0,2026-09-11
NIFTY,2026-09-29,30000.0,CE,0.6,0.75,0.5,0.7,0.7,324,631812353.25,274105,-12220,2026-09-11
NIFTY,2026-09-29,26750.0,CE,0.0,0.0,0.0,1.9,0.02,0,0.0,7150,0,2026-09-11
NIFTY,2026-09-29,26450.0,CE,0.0,0.0,0.0,2.4,0.08,0,0.0,2730,0,2026-09-11
NIFTY,2026-09-29,26050.0,CE,4.3,4.3,2.3,2.65,2.65,93,157489965.75,12545,0,2026-09-11
NIFTY,2026-09-29,25900.0,CE,3.65,3.9,3.05,3.4,3.4,635,1069163793.75,43030,14690,2026-09-11
NIFTY,2026-09-29,25700.0,CE,4.65,4.65,3.55,3.95,3.95,4116,6876858673.75,218790,-46865,2026-09-11
NIFTY,2026-09-29,25550.0,CE,4.3,4.95,4.15,4.75,4.75,284,471738211.75,39910,-195,2026-09-11
NIFTY,2026-09-29,25450.0,CE,5.65,5.65,4.55,5.0,5.0,156,258114044.5,48880,-1885,2026-09-11
NIFTY,2026-09-29,25000.0,CE,7.0,8.25,6.0,7.65,7.65,45347,73710553783.75,5656560,-200070,2026-09-11
NIFTY,2026-09-29,24750.0,CE,9.0,11.45,8.85,10.45,10.45,6621,10655741892.25,297960,38155,2026-09-11
NIFTY,2026-09-29,24650.0,CE,10.7,13.3,8.75,12.05,12.05,2895,4640588722.25,164125,-17420,2026-09-11
NIFTY,2026-09-22,23500.0,CE,89.3,182.65,82.8,159.9,159.9,182376,280079674927.0,2776345,627835,2026-09-11
NIFTY,2026-09-29,24600.0,CE,10.0,14.55,9.05,12.95,12.95,17706,28325557871.0,1628575,-47190,2026-09-11
NIFTY,2026-09-29,24350.0,CE,19.8,24.55,12.7,21.5,21.5,6667,10560329835.25,454090,-12675,2026-09-11
NIFTY,2026-09-29,23150.0,CE,332.4,480.2,325.2,453.75,453.75,1310,2006568846.75,17225,11245,2026-09-11
NIFTY,2026-09-29,22700.0,CE,700.0,824.3,667.45,820.8,820.8,184,279793689.5,9620,7735,2026-09-11
NIFTY,2026-09-29,22550.0,CE,980.0,980.0,964.0,964.0,964.0,3,4586933.0,195,0,2026-09-11
NIFTY,2026-09-22,22300.0,CE,990.2,1160.0,990.0,1160.0,1146.17,98,148476815.5,5720,5720,2026-09-11
NIFTY,2026-09-29,22450.0,CE,0.0,0.0,0.0,1450.0,1053.26,0,0.0,130,0,2026-09-11
NIFTY,2026-09-29,22000.0,CE,1320.0,1529.35,1309.2,1491.05,1491.05,1277,1944724577.25,802425,13780,2026-09-11
NIFTY,2026-09-29,21850.0,CE,0.0,0.0,0.0,2030.0,1617.33,0,0.0,65,0,2026-09-11
NIFTY,2026-09-22,25550.0,CE,1.4,1.9,1.1,1.45,1.45,878,1458225561.0,40300,21515,2026-09-11
NIFTY,2026-09-22,25500.0,CE,1.95,1.95,1.4,1.65,1.65,36291,60156174783.25,1149655,795210,2026-09-11
NIFTY,2026-09-22,23350.0,PE,205.65,226.55,126.05,135.45,135.45,31826,48645144037.75,382460,243880,2026-09-11
NIFTY,2026-09-22,23950.0,PE,692.05,692.05,489.7,513.05,513.05,437,698295763.75,43680,-11050,2026-09-11
NIFTY,2026-09-22,24400.0,PE,1128.7,1128.7,920.0,934.9,934.9,511,843136823.75,51415,26390,2026-09-11
NIFTY,2026-09-22,24450.0,PE,1159.4,1159.4,986.6,992.25,992.25,59,97704126.0,5720,3120,2026-09-11
NIFTY,2026-09-22,24600.0,PE,1303.2,1303.2,1119.7,1135.35,1135.35,362,607065524.0,23335,20995,2026-09-11
NIFTY,2026-09-22,24650.0,PE,1250.0,1260.0,1150.0,1177.2,1177.2,72,120900893.75,4680,4680,2026-09-11
NIFTY,2026-09-22,24850.0,PE,0.0,0.0,0.0,818.9,1412.28,0,0.0,0,0,2026-09-11
NIFTY,2026-09-22,25650.0,PE,0.0,0.0,0.0,1439.15,2206.89,0,0.0,0,0,2026-09-11
NIFTY,2026-09-22,25700.0,PE,0.0,0.0,0.0,1482.25,2256.78,0,0.0,0,0,2026-09-11
NIFTY,2026-09-22,22550.0,PE,28.15,30.5,20.55,22.8,22.8,13700,20102309152.25,169195,92170,2026-09-11
NIFTY,2026-09-22,22500.0,PE,20.65,28.0,19.0,20.95,20.95,93964,137558618252.25,2357160,1739530,2026-09-11
NIFTY,2026-09-29,22750.0,CE,643.8,804.6,643.8,778.65,778.65,13,19849872.25,520,325,2026-09-11
NIFTY,2026-09-29,21700.0,CE,0.0,0.0,0.0,1820.0,1764.21,0,0.0,0,0,2026-09-11
NIFTY,2026-09-22,25400.0,CE,1.6,1.85,1.35,1.6,1.6,8168,13486205746.0,191555,110890,2026-09-11
NIFTY,2026-09-22,25350.0,CE,2.05,2.35,1.5,1.8,1.8,669,1102421836.75,20150,6305,2026-09-11
NIFTY,2026-09-22,25200.0,CE,1.9,2.25,1.75,2.0,2.0,27902,45707015084.25,1104220,815685,2026-09-11
NIFTY,2026-09-22,25050.0,CE,2.0,3.65,1.9,2.05,2.05,11263,18340509921.5,330200,319540,2026-09-11
NIFTY,2026-09-22,24450.0,CE,6.65,7.25,5.2,6.0,6.0,12421,19744745218.25,245050,120510,2026-09-11
NIFTY,2026-09-22,23700.0,CE,48.0,94.55,37.85,78.65,78.65,131813,203607175460.0,1775345,769145,2026-09-11
NIFTY,2026-09-22,22800.0,CE,522.0,729.45,522.0,696.95,696.95,403,613336620.0,9230,8385,2026-09-11
NIFTY,2026-09-15,25200.0,CE,0.5,0.8,0.3,0.4,0.4,165047,270353416450.0,1467895,-2471560,2026-09-11
NIFTY,2026-09-15,24300.0,CE,2.0,2.2,0.7,1.3,1.3,1155221,1824800217600.75,3700385,-1660425,2026-09-11
NIFTY,2026-09-15,23700.0,CE,10.5,30.2,7.85,16.9,16.9,3051234,4703407279054.25,10039900,905840,2026-09-11
NIFTY,2026-09-15,22900.0,CE,400.0,585.95,368.55,557.2,557.2,10980,16659924346.0,95615,57265,2026-09-11
NIFTY,2026-09-29,24150.0,CE,27.35,41.1,25.25,35.05,35.05,7154,11243687230.75,293995,29770,2026-09-11
NIFTY,2026-09-29,24500.0,CE,12.85,17.9,11.5,15.8,15.8,70233,111910482388.25,5903040,-170560,2026-09-11
NIFTY,2026-09-29,25800.0,CE,4.15,4.15,3.3,3.7,3.7,3057,5127343331.5,310700,-16575,2026-09-11
NIFTY,2026-10-06,21900.0,CE,0.0,0.0,0.0,2291.95,1603.27,0,0.0,0,0,2026-09-11
NIFTY,2026-10-06,22950.0,CE,0.0,0.0,0.0,1324.95,712.2,0,0.0,0,0,2026-09-11
NIFTY,2026-10-06,23000.0,CE,471.45,646.25,471.45,622.25,622.25,217,332065048.25,2730,1430,2026-09-11
NIFTY,2026-10-06,23450.0,CE,222.6,320.35,217.6,309.8,309.8,308,474837759.5,8970,1950,2026-09-11
NIFTY,2026-10-06,23700.0,CE,133.4,198.25,125.6,184.95,184.95,961,1490006297.0,38740,7475,2026-09-11
NIFTY,2026-10-13,22000.0,CE,0.0,0.0,0.0,1785.9,1556.63,0,0.0,0,0,2026-09-11
NIFTY,2026-10-13,23250.0,CE,0.0,0.0,0.0,762.3,588.55,0,0.0,0,0,2026-09-11
NIFTY,2026-10-13,23550.0,CE,225.5,313.25,225.5,299.85,299.85,51,79030789.5,2145,1755,2026-09-11
NIFTY,2026-10-13,24200.0,CE,0.0,0.0,0.0,285.15,188.51,0,0.0,0,0,2026-09-11
NIFTY,2026-10-13,25250.0,CE,0.0,0.0,0.0,64.0,33.36,0,0.0,0,0,2026-09-11
NIFTY,2026-10-27,22100.0,CE,0.0,0.0,0.0,2334.2,1552.62,0,0.0,0,0,2026-09-11
NIFTY,2026-10-27,23100.0,CE,552.05,688.35,546.0,674.95,674.95,287,442062575.5,7865,6630,2026-09-11
NIFTY,2026-10-27,23350.0,CE,450.0,519.2,399.65,505.4,505.4,410,634359173.5,10855,10335,2026-09-11
NIFTY,2026-10-27,23400.0,CE,405.1,504.75,371.75,480.85,480.85,4192,6492416112.0,99645,47645,2026-09-11
NIFTY,2026-10-27,23700.0,CE,262.0,326.4,228.6,312.95,312.95,3326,5182286242.25,220675,10920,2026-09-11
NIFTY,2026-10-27,24800.0,CE,33.0,47.55,31.45,45.4,45.4,6274,10129990780.0,360295,-49530,2026-09-11
NIFTY,2026-10-27,24950.0,CE,32.4,37.0,29.4,35.8,35.8,266,431950041.25,18395,-3380,2026-09-11
NIFTY,2026-10-27,25000.0,CE,26.5,36.1,25.0,34.5,34.5,18631,30313187437.0,1759290,90415,2026-09-11
NIFTY,2026-10-27,25400.0,CE,16.4,21.75,16.4,20.3,20.3,808,1334987719.0,117065,-8710,2026-09-11
NIFTY,2026-10-27,26050.0,CE,10.0,12.15,10.0,11.65,21.8,50,84697483.0,5200,2535,2026-09-11
NIFTY,2026-10-27,26850.0,CE,0.0,0.0,0.0,6.1,5.18,0,0.0,845,0,2026-09-11
NIFTY,2026-10-27,27000.0,CE,4.9,5.95,4.65,5.1,5.1,2075,3642305699.5,430365,-8905,2026-09-11
NIFTY,2026-10-27,27100.0,CE,5.25,5.25,5.0,5.25,3.18,57,100424935.0,8060,3510,2026-09-11
NIFTY,2026-11-23,22200.0,CE,0.0,0.0,0.0,2545.1,1633.83,0,0.0,0,0,2026-09-11
NIFTY,2026-11-23,22250.0,CE,0.0,0.0,0.0,2500.9,1593.99,0,0.0,0,0,2026-09-11
NIFTY,2026-11-23,22500.0,CE,1158.95,1310.0,1155.0,1297.2,1297.2,130,200399901.0,7215,3965,2026-09-11
NIFTY,2026-11-23,22800.0,CE,938.95,1069.45,924.0,1069.4,1186.21,26,40136765.5,1300,1170,2026-09-11
NIFTY,2026-11-23,23200.0,CE,686.5,780.05,645.8,754.25,754.25,116,180036298.0,3510,2405,2026-09-11
NIFTY,2026-11-23,24850.0,CE,0.0,0.0,0.0,714.05,256.97,0,0.0,0,0,2026-09-11
NIFTY,2026-11-23,25200.0,CE,0.0,0.0,0.0,569.15,183.2,0,0.0,0,0,2026-09-11
NIFTY,2026-11-23,25250.0,CE,0.0,0.0,0.0,550.35,174.32,0,0.0,0,0,2026-09-11
NIFTY,2026-12-29,28000.0,CE,16.2,17.95,15.25,17.7,17.7,1791,3261605688.25,1740385,21370,2026-09-11
NIFTY,2027-06-29,28500.0,CE,0.0,0.0,0.0,1711.9,278.34,0,0.0,0,0,2026-09-11
NIFTY,2027-12-28,25000.0,CE,1423.0,1498.5,1405.8,1482.9,1482.9,633,1087609350.75,113110,11245,2026-09-11
NIFTY,2027-12-28,26000.0,CE,949.0,1003.55,949.0,984.15,984.15,638,1118563004.0,107810,-1625,2026-09-11
NIFTY,2027-12-28,30000.0,CE,153.0,163.7,150.0,157.25,157.25,602,1180045607.0,204100,21775,2026-09-11
NIFTY,2027-12-28,31500.0,CE,0.0,0.0,0.0,85.05,269.31,0,0.0,2080,0,2026-09-11
NIFTY,2028-06-27,16500.0,CE,0.0,0.0,0.0,11752.8,8690.52,0,0.0,0,0,2026-09-11
NIFTY,2029-06-26,19500.0,CE,0.0,0.0,0.0,10206.95,7267.23,0,0.0,0,0,2026-09-11
NIFTY,2029-12-24,19500.0,CE,0.0,0.0,0.0,10678.8,7784.96,0,0.0,0,0,2026-09-11
NIFTY,2030-06-25,25500.0,CE,0.0,0.0,0.0,7070.45,4657.61,0,0.0,0,0,2026-09-11
NIFTY,2030-12-31,24000.0,CE,0.0,0.0,0.0,8563.3,6013.45,0,0.0,0,0,2026-09-11
NIFTY,2031-06-24,16500.0,CE,0.0,0.0,0.0,11849.25,11279.16,0,0.0,0,0,2026-09-11
NIFTY,2026-09-15,21950.0,PE,1.05,2.85,1.05,1.75,1.75,212277,302895733497.5,1001260,858130,2026-09-11
NIFTY,2026-09-15,22650.0,PE,5.05,8.4,3.1,4.8,4.8,532979,784875653194.75,1313390,670995,2026-09-11
NIFTY,2026-09-15,23750.0,PE,430.0,508.95,289.1,317.6,317.6,34009,53313776818.25,440830,-477685,2026-09-11
NIFTY,2026-09-15,24650.0,PE,1400.0,1400.0,1210.0,1220.25,1220.25,106,178465043.25,8775,-3705,2026-09-11
NIFTY,2026-09-15,24850.0,PE,0.0,0.0,0.0,629.7,1436.02,0,0.0,0,0,2026-09-11
NIFTY,2026-09-15,25250.0,PE,0.0,0.0,0.0,1685.0,1835.75,0,0.0,520,0,2026-09-11
NIFTY,2026-09-15,25400.0,PE,2040.0,2040.0,2040.0,2040.0,1985.65,1,1783600.0,1560,-65,2026-09-11
NIFTY,2026-09-15,25550.0,PE,2170.0,2170.0,2140.0,2140.0,2135.55,4,7201350.0,520,0,2026-09-11
NIFTY,2026-09-22,22300.0,PE,13.6,18.4,13.55,15.35,15.35,34911,50638614926.25,579410,384345,2026-09-11
NIFTY,2026-09-22,22900.0,PE,57.05,72.35,41.1,44.85,44.85,61326,91492382039.5,1156220,725985,2026-09-11
NIFTY,2026-09-22,23150.0,PE,126.8,136.7,75.65,81.6,81.6,22577,34121319245.0,488020,45630,2026-09-11
NIFTY,2026-09-22,23250.0,PE,161.1,178.1,97.75,105.75,105.75,43264,65766718429.75,623675,354510,2026-09-11
NIFTY,2026-09-22,24700.0,PE,1406.9,1406.9,1229.25,1234.75,1265.8,25,42226167.75,2080,1235,2026-09-11
NIFTY,2026-09-22,24750.0,PE,0.0,0.0,0.0,752.65,1314.43,0,0.0,0,0,2026-09-11
NIFTY,2026-09-22,24900.0,PE,1600.0,1600.0,1417.85,1419.7,1419.7,206,353460523.0,12935,12935,2026-09-11
NIFTY,2026-09-22,25800.0,PE,2320.0,2320.0,2320.0,2320.0,2356.57,1,1827800.0,65,65,2026-09-11
NIFTY,2026-09-29,16500.0,PE,0.95,1.25,0.75,0.8,0.8,144,154448167.25,132535,-65,2026-09-11
NIFTY,2026-09-29,21650.0,PE,12.35,15.0,12.35,13.4,13.4,1131,1592593466.75,34255,12220,2026-09-11
NIFTY,2026-09-29,22050.0,PE,19.0,22.1,18.15,19.0,19.0,1944,2788761231.75,73645,10075,2026-09-11
NIFTY,2026-09-29,22100.0,PE,24.0,24.0,18.9,19.5,19.5,5372,7724113553.0,91130,-34320,2026-09-11
NIFTY,2026-09-29,22350.0,PE,25.0,35.15,25.0,26.85,26.85,1222,1777659026.0,25870,260,2026-09-11
NIFTY,2026-09-29,22750.0,PE,72.55,77.85,48.75,52.15,52.15,3619,5366259356.25,129155,6695,2026-09-11
NIFTY,2026-09-29,23200.0,PE,151.55,201.0,120.0,127.3,127.3,43778,66477446863.75,1447355,139230,2026-09-11
NIFTY,2026-09-29,23450.0,PE,290.0,322.0,201.2,211.5,211.5,8216,12661024662.0,234845,-16055,2026-09-11
NIFTY,2026-09-29,24050.0,PE,693.0,784.45,592.0,612.95,612.95,315,506375879.75,97825,-7085,2026-09-11
NIFTY,2026-09-29,24150.0,PE,855.2,879.95,676.3,694.15,694.15,261,423212312.25,160680,-3705,2026-09-11
NIFTY,2026-09-29,24900.0,PE,1614.05,1614.05,1420.75,1424.7,1424.7,61,104837336.5,76830,-130,2026-09-11
NIFTY,2026-09-29,25250.0,PE,1829.75,1829.75,1829.75,1829.75,1785.18,1,1760183.75,1885,-65,2026-09-11
NIFTY,2026-09-29,25900.0,PE,2485.0,2485.0,2450.05,2485.0,2428.08,5,9222203.25,4680,-260,2026-09-11
NIFTY,2026-09-29,26450.0,PE,0.0,0.0,0.0,2346.8,2975.91,0,0.0,0,0,2026-09-11
NIFTY,2026-10-06,22300.0,PE,0.0,0.0,0.0,24.55,47.81,0,0.0,0,0,2026-09-11
NIFTY,2026-10-06,23300.0,PE,255.45,263.45,173.45,180.55,180.55,1160,1773262861.5,29055,12805,2026-09-11
NIFTY,2026-10-06,25350.0,PE,0.0,0.0,0.0,1263.25,1864.06,0,0.0,0,0,2026-09-11
NIFTY,2026-10-13,22050.0,PE,0.0,0.0,0.0,31.55,40.95,0,0.0,0,0,2026-09-11
NIFTY,2026-10-13,22950.0,PE,0.0,0.0,0.0,161.3,205.24,0,0.0,0,0,2026-09-11
NIFTY,2026-10-13,23800.0,PE,0.0,0.0,0.0,440.0,589.49,0,0.0,130,0,2026-09-11
NIFTY,2026-10-13,23850.0,PE,0.0,0.0,0.0,508.05,620.03,0,0.0,0,0,2026-09-11
NIFTY,2026-10-13,23950.0,PE,0.0,0.0,0.0,563.2,683.61,0,0.0,0,0,2026-09-11
NIFTY,2026-10-13,24450.0,PE,0.0,0.0,0.0,886.75,1047.5,0,0.0,0,0,2026-09-11
NIFTY,2026-10-13,24650.0,PE,0.0,0.0,0.0,1036.55,1211.18,0,0.0,0,0,2026-09-11
NIFTY,2026-10-13,25250.0,PE,0.0,0.0,0.0,1538.35,1745.52,0,0.0,0,0,2026-09-11
NIFTY,2026-10-27,22150.0,PE,66.35,69.05,53.4,56.8,56.8,405,584689264.25,13975,13975,2026-09-11
NIFTY,2026-10-27,22600.0,PE,106.05,127.7,91.0,94.7,94.7,5006,7388838193.75,182585,59280,2026-09-11
NIFTY,2026-10-27,22750.0,PE,154.4,156.05,112.35,115.4,115.4,236,351096577.0,10270,10270,2026-09-11
NIFTY,2026-10-27,23000.0,PE,200.0,220.55,158.0,165.1,165.1,25040,37751726681.5,2055105,74750,2026-09-11
NIFTY,2026-10-27,24600.0,PE,1212.05,1222.75,1029.0,1056.6,1056.6,414,691962924.25,89245,-390,2026-09-11
NIFTY,2026-10-27,24900.0,PE,1495.0,1495.0,1375.0,1385.05,1425.6,11,18848599.25,78260,65,2026-09-11
NIFTY,2026-10-27,25100.0,PE,1650.6,1650.6,1554.45,1554.45,1595.33,4,6940332.75,5330,-130,2026-09-11
NIFTY,2026-10-27,25150.0,PE,0.0,0.0,0.0,974.25,1638.72,0,0.0,260,0,2026-09-11
NIFTY,2026-10-27,25400.0,PE,1832.95,1832.95,1832.95,1832.95,1860.66,1,1770141.75,845,65,2026-09-11
NIFTY,2026-10-27,25500.0,PE,2058.95,2081.15,1879.1,1897.65,1897.65,181,323121350.5,312520,9100,2026-09-11
NIFTY,2026-10-27,26950.0,PE,0.0,0.0,0.0,2675.85,3342.03,0,0.0,0,0,2026-09-11
NIFTY,2026-11-23,21800.0,PE,0.0,0.0,0.0,48.45,94.49,0,0.0,0,0,2026-09-11
NIFTY,2026-11-23,22400.0,PE,147.55,147.55,113.05,116.65,116.65,107,156642138.25,4615,4615,2026-09-11
NIFTY,2026-11-23,22650.0,PE,192.75,193.25,151.25,152.5,152.5,45,66752962.25,2405,2405,2026-09-11
NIFTY,2026-11-23,23550.0,PE,456.6,456.6,387.5,395.5,395.5,54,84120666.5,2275,-195,2026-09-11
NIFTY,2026-11-23,24050.0,PE,0.0,0.0,0.0,530.0,856.81,0,0.0,1625,0,2026-09-11
NIFTY,2026-11-23,24450.0,PE,0.0,0.0,0.0,878.7,1109.79,0,0.0,1560,0,2026-09-11
NIFTY,2026-11-23,24650.0,PE,0.0,0.0,0.0,756.75,1248.67,0,0.0,0,0,2026-09-11
NIFTY,2026-12-29,15000.0,PE,9.8,11.0,9.75,10.0,10.0,130,126834607.25,121275,1885,2026-09-11
NIFTY,2026-12-29,16000.0,PE,13.0,14.0,12.1,12.45,12.45,166,172779366.5,121805,3055,2026-09-11
NIFTY,2026-12-29,24000.0,PE,670.7,759.8,630.0,639.5,639.5,9922,15936577917.0,2427335,-109655,2026-09-11
NIFTY,2026-12-29,33000.0,PE,0.0,0.0,0.0,5263.45,8984.0,0,0.0,0,0,2026-09-11
NIFTY,2027-12-28,28500.0,PE,0.0,0.0,0.0,2979.7,3567.96,0,0.0,260,0,2026-09-11
NIFTY,2027-12-28,31500.0,PE,0.0,0.0,0.0,3240.0,5890.41,0,0.0,0,0,2026-09-11
NIFTY,2026-09-15,22700.0,CE,565.0,779.4,559.95,753.45,753.45,1403,2129583950.0,43030,20215,2026-09-11
NIFTY,2026-09-15,22550.0,CE,0.0,0.0,0.0,2074.25,864.11,0,0.0,0,0,2026-09-11
NIFTY,2027-12-28,33000.0,PE,0.0,0.0,0.0,4155.55,7161.94,0,0.0,0,0,2026-09-11
NIFTY,2028-06-27,19500.0,PE,0.0,0.0,0.0,40.05,160.69,0,0.0,0,0,2026-09-11
NIFTY,2028-06-27,30000.0,PE,0.0,0.0,0.0,3779.25,4228.26,0,0.0,0,0,2026-09-11
NIFTY,2028-12-26,16500.0,PE,0.0,0.0,0.0,5.9,32.03,0,0.0,0,0,2026-09-11
NIFTY,2029-12-24,18000.0,PE,0.0,0.0,0.0,96.5,113.92,0,0.0,0,0,2026-09-11
NIFTY,2029-12-24,23000.0,PE,0.0,0.0,0.0,700.0,743.75,0,0.0,1625,0,2026-09-11
NIFTY,2029-12-24,26000.0,PE,0.0,0.0,0.0,1400.0,1565.31,0,0.0,4055,0,2026-09-11
NIFTY,2030-06-25,24000.0,PE,0.0,0.0,0.0,698.15,933.58,0,0.0,0,0,2026-09-11
NIFTY,2030-12-31,25500.0,PE,0.0,0.0,0.0,538.25,1243.49,0,0.0,0,0,2026-09-11
NIFTY,2031-06-24,31500.0,PE,0.0,0.0,0.0,3185.85,3152.21,0,0.0,0,0,2026-09-11
NIFTY,2026-09-29,23750.0,CE,77.3,128.5,70.05,115.35,115.35,11165,17304311869.0,305110,7735,2026-09-11
NIFTY,2026-10-13,24150.0,CE,0.0,0.0,0.0,302.85,202.14,0,0.0,0,0,2026-09-11
NIFTY,2026-10-13,23750.0,CE,162.35,217.85,162.35,207.45,207.45,30,46698317.25,1170,845,2026-09-11
NIFTY,2026-10-13,21850.0,CE,0.0,0.0,0.0,1927.0,1695.33,0,0.0,0,0,2026-09-11
NIFTY,2026-10-06,24750.0,CE,0.0,0.0,0.0,256.8,50.06,0,0.0,0,0,2026-09-11
NIFTY,2026-10-06,23550.0,CE,177.9,265.35,175.75,257.3,257.3,277,427952447.0,10660,3055,2026-09-11
NIFTY,2026-10-06,23400.0,CE,250.0,357.9,238.15,339.7,339.7,962,1481720165.25,13065,4615,2026-09-11
NIFTY,2026-10-06,23250.0,CE,357.35,446.95,320.3,433.35,433.35,392,601660166.25,5590,5590,2026-09-11
NIFTY,2026-10-06,22850.0,CE,0.0,0.0,0.0,1410.45,785.29,0,0.0,0,0,2026-09-11
NIFTY,2026-09-29,34500.0,CE,0.0,0.0,0.0,0.6,0.0,0,0.0,9815,0,2026-09-11
NIFTY,2026-09-29,27200.0,CE,1.3,2.85,1.3,1.6,0.0,77,136143939.75,40755,-1300,2026-09-11
NIFTY,2026-09-29,26550.0,CE,0.0,0.0,0.0,2.25,0.05,0,0.0,4680,0,2026-09-11
NIFTY,2026-09-29,26350.0,CE,0.0,0.0,0.0,2.5,0.12,0,0.0,5525,0,2026-09-11
NIFTY,2026-09-15,22200.0,CE,0.0,0.0,0.0,2410.3,1212.37,0,0.0,0,0,2026-09-11
NIFTY,2026-09-15,22500.0,CE,767.3,975.0,752.75,948.25,948.25,2090,3172550702.75,21385,-1170,2026-09-11
NIFTY,2026-09-15,22800.0,CE,480.0,685.7,462.05,657.75,657.75,5726,8682016070.0,87165,44655,2026-09-11
NIFTY,2026-09-15,22950.0,CE,337.15,541.0,323.4,507.55,507.55,7514,11402296763.0,62855,54665,2026-09-11
NIFTY,2026-09-22,22900.0,CE,450.0,618.2,445.85,602.15,602.15,635,965842254.0,14950,14105,2026-09-11
NIFTY,2026-09-22,23200.0,CE,260.0,380.9,216.0,352.6,352.6,36821,56185929101.25,412945,306280,2026-09-11
NIFTY,2026-09-22,24050.0,CE,10.45,23.8,10.45,18.2,18.2,19868,31079001625.75,263770,-3315,2026-09-11
NIFTY,2026-09-22,24300.0,CE,6.35,10.55,6.05,8.0,8.0,55428,87576875041.5,1323985,677885,2026-09-11
NIFTY,2026-09-22,25250.0,CE,1.75,2.0,1.55,1.75,1.75,7493,12298708844.5,186030,172055,2026-09-11
NIFTY,2026-09-22,25600.0,CE,1.6,1.8,1.25,1.5,1.5,4842,8057554219.0,137020,96460,2026-09-11
NIFTY,2026-09-22,25650.0,CE,1.5,2.05,1.15,1.25,1.25,920,1533952199.0,24310,19955,2026-09-11
NIFTY,2026-09-22,25700.0,CE,1.5,2.0,1.1,1.35,1.35,2041,3409674719.75,35035,6565,2026-09-11
NIFTY,2026-09-22,25800.0,CE,1.2,2.0,1.05,1.25,1.25,978,1640183649.0,19565,13065,2026-09-11
NIFTY,2026-09-22,25900.0,CE,1.3,1.45,0.95,1.0,1.0,3286,5532203196.0,86905,56875,2026-09-11
NIFTY,2026-09-29,21900.0,CE,0.0,0.0,0.0,1970.0,1568.69,0,0.0,585,0,2026-09-11
NIFTY,2026-09-29,22500.0,CE,855.8,1036.7,838.7,1015.5,1015.5,2745,4177975018.75,570505,31915,2026-09-11
NIFTY,2026-09-29,22950.0,CE,427.5,623.5,427.5,617.6,617.6,138,210256111.0,6825,6110,2026-09-11
NIFTY,2026-09-29,23950.0,CE,44.1,73.0,42.3,63.75,63.75,6951,10845274586.25,271050,4225,2026-09-11
NIFTY,2026-09-29,24200.0,CE,25.0,36.35,20.95,31.15,31.15,57419,90421075767.75,3489395,-75400,2026-09-11
NIFTY,2026-09-29,25350.0,CE,4.8,5.8,4.8,5.4,5.4,223,367526139.5,24505,-1495,2026-09-11
NIFTY,2026-09-29,26250.0,CE,1.6,3.5,1.6,2.85,0.17,15,25596350.0,585,130,2026-09-11
NIFTY,2031-06-24,16500.0,PE,0.0,0.0,0.0,95.65,68.28,0,0.0,0,0,2026-09-11
NIFTY,2030-12-31,18000.0,PE,0.0,0.0,0.0,32.3,129.15,0,0.0,0,0,2026-09-11
NIFTY,2030-06-25,30000.0,PE,0.0,0.0,0.0,2100.85,2989.8,0,0.0,0,0,2026-09-11
NIFTY,2030-06-25,27000.0,PE,0.0,0.0,0.0,1286.05,1795.47,0,0.0,0,0,2026-09-11
NIFTY,2030-06-25,22500.0,PE,0.0,0.0,0.0,223.75,625.64,0,0.0,0,0,2026-09-11
NIFTY,2030-06-25,18000.0,PE,0.0,0.0,0.0,116.65,122.91,0,0.0,0,0,2026-09-11
NIFTY,2029-12-24,15000.0,PE,0.0,0.0,0.0,29.0,19.53,0,0.0,65,0,2026-09-11
NIFTY,2027-12-28,27000.0,PE,2160.0,2243.6,2098.8,2106.55,2106.55,67,127003509.75,51765,-1235,2026-09-11
NIFTY,2027-12-28,16500.0,PE,0.0,0.0,0.0,52.05,9.69,0,0.0,130,0,2026-09-11
NIFTY,2027-03-30,27000.0,PE,2849.0,2900.0,2688.0,2704.05,2704.05,118,228594733.25,52000,-3445,2026-09-11
NIFTY,2026-12-29,31500.0,PE,0.0,0.0,0.0,4059.3,7512.46,0,0.0,0,0,2026-09-11
NIFTY,2026-12-29,28000.0,PE,4286.0,4286.0,3990.0,4010.0,4010.0,215,448588965.5,943580,2850,2026-09-11
NIFTY,2026-12-29,21000.0,PE,61.05,71.75,60.95,63.2,63.2,8948,12253188606.75,1370960,150990,2026-09-11
NIFTY,2026-11-23,25950.0,PE,0.0,0.0,0.0,1562.8,2308.38,0,0.0,0,0,2026-09-11
NIFTY,2026-11-23,25400.0,PE,0.0,0.0,0.0,1184.75,1832.15,0,0.0,0,0,2026-09-11
NIFTY,2026-11-23,25200.0,PE,0.0,0.0,0.0,1060.25,1668.08,0,0.0,0,0,2026-09-11
NIFTY,2026-11-23,23400.0,PE,398.5,424.0,331.1,339.55,339.55,428,661225282.25,67145,8255,2026-09-11
NIFTY,2026-11-23,23150.0,PE,312.95,316.0,265.8,265.8,420.48,7,10666298.5,325,195,2026-09-11
NIFTY,2026-11-23,23050.0,PE,293.2,296.7,237.35,237.95,237.95,54,81813680.0,1885,1885,2026-09-11
NIFTY,2026-11-23,22550.0,PE,174.1,174.1,135.65,136.6,136.6,39,57547509.5,1690,1690,2026-09-11
NIFTY,2026-11-23,22200.0,PE,101.2,119.1,91.9,95.5,95.5,647,938072489.25,47320,3640,2026-09-11
NIFTY,2026-10-27,27000.0,PE,3522.5,3526.5,3335.3,3349.3,3349.3,304,601038096.75,311805,17875,2026-09-11
NIFTY,2026-10-27,26300.0,PE,0.0,0.0,0.0,2121.9,2707.13,0,0.0,0,0,2026-09-11
NIFTY,2026-10-27,25300.0,PE,0.0,0.0,0.0,1150.0,1770.95,0,0.0,585,0,2026-09-11
NIFTY,2026-10-27,24250.0,PE,915.1,915.1,754.3,772.0,772.0,141,229946132.0,12610,-3900,2026-09-11
NIFTY,2026-10-27,24050.0,PE,757.35,762.55,606.4,621.4,621.4,150,241548355.75,6045,-4160,2026-09-11
NIFTY,2026-10-27,23900.0,PE,646.4,664.0,510.75,524.65,524.65,613,976470875.25,165750,-195,2026-09-11
NIFTY,2026-10-27,23250.0,PE,299.75,307.65,227.3,231.5,231.5,880,1345619398.5,30550,-1040,2026-09-11
NIFTY,2026-10-27,22450.0,PE,100.7,100.7,76.15,77.95,77.95,128,187494232.25,5135,4290,2026-09-11
NIFTY,2026-10-27,22350.0,PE,87.35,89.8,67.2,68.6,68.6,417,607968023.0,16835,14690,2026-09-11
NIFTY,2026-10-27,21800.0,PE,46.0,46.0,36.9,40.2,40.2,1369,1943548509.5,24440,24440,2026-09-11
NIFTY,2026-10-13,24250.0,PE,0.0,0.0,0.0,748.2,894.29,0,0.0,0,0,2026-09-11
NIFTY,2026-10-13,22550.0,PE,0.0,0.0,0.0,83.55,107.75,0,0.0,0,0,2026-09-11
NIFTY,2026-10-13,22500.0,PE,76.0,79.4,57.55,58.8,58.8,254,372544295.5,7605,5135,2026-09-11
NIFTY,2026-10-06,25250.0,PE,0.0,0.0,0.0,1181.55,1768.01,0,0.0,0,0,2026-09-11
NIFTY,2026-10-06,24600.0,PE,0.0,0.0,0.0,709.3,1170.91,0,0.0,0,0,2026-09-11
NIFTY,2026-10-06,24550.0,PE,0.0,0.0,0.0,677.9,1127.81,0,0.0,0,0,2026-09-11
NIFTY,2026-10-06,22850.0,PE,98.0,98.0,78.1,78.1,78.1,4,5963025.25,195,130,2026-09-11
NIFTY,2026-10-06,22400.0,PE,0.0,0.0,0.0,30.4,59.72,0,0.0,0,0,2026-09-11
NIFTY,2026-09-29,26600.0,PE,0.0,0.0,0.0,2474.55,3125.44,0,0.0,0,0,2026-09-11
NIFTY,2026-09-29,26250.0,PE,0.0,0.0,0.0,2180.0,2776.58,0,0.0,0,0,2026-09-11
NIFTY,2026-09-29,26100.0,PE,0.0,0.0,0.0,1712.15,2627.15,0,0.0,9360,0,2026-09-11
NIFTY,2026-09-29,25500.0,PE,2170.0,2204.6,1989.5,2014.9,2014.9,1008,1810666243.75,1495975,-13715,2026-09-11
NIFTY,2026-09-29,25100.0,PE,1785.6,1798.95,1603.65,1624.2,1624.2,62,108144120.5,94575,-1235,2026-09-11
NIFTY,2026-09-29,23800.0,PE,536.65,567.0,390.0,406.75,406.75,11634,18367283174.5,1964170,-211640,2026-09-11
NIFTY,2026-09-29,23100.0,PE,147.95,164.3,98.15,104.2,104.2,27160,41007494274.5,939835,145990,2026-09-11
NIFTY,2026-09-29,22700.0,PE,53.9,71.5,45.05,47.65,47.65,36232,53595725618.5,799500,103025,2026-09-11
NIFTY,2026-09-29,22000.0,PE,18.8,21.9,17.25,18.2,18.2,48651,69631842374.25,3399695,395265,2026-09-11
NIFTY,2026-09-22,25500.0,PE,2150.0,2174.2,2000.0,2028.55,2028.55,198,354768557.0,12740,12545,2026-09-11
NIFTY,2026-09-22,25350.0,PE,0.0,0.0,0.0,1190.0,1907.77,0,0.0,0,0,2026-09-11
NIFTY,2026-09-22,24250.0,PE,982.15,982.25,785.0,792.3,792.3,42,68637439.0,10595,-260,2026-09-11
NIFTY,2026-09-22,23750.0,PE,477.45,511.1,332.3,346.7,346.7,2178,3417161644.0,90350,34645,2026-09-11
NIFTY,2026-09-22,23200.0,PE,129.95,157.15,85.1,92.0,92.0,87599,132760471642.5,1680900,877305,2026-09-11
NIFTY,2026-09-22,23100.0,PE,99.0,121.7,67.1,72.15,72.15,63748,96078727810.0,1188070,762320,2026-09-11
NIFTY,2026-09-22,22200.0,PE,12.6,15.1,10.65,13.55,13.55,50936,73543704962.0,1146535,909935,2026-09-11
NIFTY,2026-09-22,21800.0,PE,7.45,9.15,6.65,8.75,8.75,11695,16578042578.5,241605,196625,2026-09-11
NIFTY,2026-09-15,24800.0,PE,1545.6,1547.1,1340.0,1352.55,1352.55,548,933283581.75,24895,-19435,2026-09-11
NIFTY,2026-09-15,24750.0,PE,1400.0,1400.0,1320.0,1320.0,1336.11,12,20344977.25,3835,-715,2026-09-11
NIFTY,2026-09-15,23450.0,PE,181.0,237.2,85.8,101.1,101.1,1637243,2509404215834.75,3548220,388115,2026-09-11
NIFTY,2026-09-15,22950.0,PE,14.35,28.0,8.7,10.7,10.7,851066,1270447995352.25,3537755,666770,2026-09-11
NIFTY,2026-09-15,22100.0,PE,1.5,3.35,1.1,1.95,1.95,586089,842012184900.25,3025620,-999440,2026-09-11
NIFTY,2030-12-31,33000.0,CE,0.0,0.0,0.0,3948.25,2384.83,0,0.0,0,0,2026-09-11
NIFTY,2029-12-24,27000.0,CE,0.0,0.0,0.0,6201.65,3394.98,0,0.0,0,0,2026-09-11
NIFTY,2029-06-26,24000.0,CE,0.0,0.0,0.0,8085.35,4300.76,0,0.0,0,0,2026-09-11
NIFTY,2028-12-26,33000.0,CE,0.0,0.0,0.0,2477.5,711.22,0,0.0,0,0,2026-09-11
NIFTY,2028-12-26,19500.0,CE,0.0,0.0,0.0,9716.4,6723.17,0,0.0,0,0,2026-09-11
NIFTY,2028-06-27,21000.0,CE,0.0,0.0,0.0,5226.55,4994.98,0,0.0,0,0,2026-09-11
NIFTY,2027-06-29,18000.0,CE,0.0,0.0,0.0,4066.45,6297.64,0,0.0,0,0,2026-09-11
NIFTY,2026-12-29,30000.0,CE,8.75,9.7,8.1,8.7,8.7,829,1617024870.5,805790,-1495,2026-09-11
NIFTY,2026-12-29,24000.0,CE,449.95,521.8,424.95,510.8,510.8,13584,21609052981.75,1765905,11685,2026-09-11
NIFTY,2026-11-23,26100.0,CE,0.0,0.0,0.0,297.8,69.93,0,0.0,0,0,2026-09-11
NIFTY,2026-11-23,25800.0,CE,0.0,0.0,0.0,372.6,97.98,0,0.0,0,0,2026-09-11
NIFTY,2026-11-23,25750.0,CE,0.0,0.0,0.0,386.65,103.48,0,0.0,0,0,2026-09-11
NIFTY,2026-11-23,25150.0,CE,0.0,0.0,0.0,588.45,192.44,0,0.0,0,0,2026-09-11
NIFTY,2026-11-23,25100.0,CE,55.55,69.6,55.55,67.1,67.1,472,771962379.5,78325,2145,2026-09-11
NIFTY,2026-11-23,24550.0,CE,119.6,152.0,119.55,147.6,147.6,128,205351601.0,11115,2210,2026-09-11
NIFTY,2026-11-23,24350.0,CE,172.45,205.05,163.1,202.65,202.65,79,125986113.5,9620,1235,2026-09-11
NIFTY,2026-11-23,24050.0,CE,261.9,308.25,249.35,307.05,307.05,25,39526639.75,2080,-130,2026-09-11
NIFTY,2026-11-23,23250.0,CE,625.0,696.75,625.0,676.4,900.22,54,83895015.75,2145,2145,2026-09-11
NIFTY,2026-11-23,22600.0,CE,0.0,0.0,0.0,2198.8,1328.56,0,0.0,0,0,2026-09-11
NIFTY,2026-11-23,22100.0,CE,0.0,0.0,0.0,2634.25,1714.78,0,0.0,0,0,2026-09-11
NIFTY,2026-10-27,27150.0,CE,0.0,0.0,0.0,5.0,2.87,0,0.0,1950,0,2026-09-11
NIFTY,2026-10-27,27050.0,CE,5.3,5.65,4.7,5.3,3.51,13,22861725.25,5980,650,2026-09-11
NIFTY,2026-10-27,25900.0,CE,11.7,13.65,11.7,13.2,27.92,23,38738687.0,3900,325,2026-09-11
NIFTY,2026-10-27,25700.0,CE,13.7,15.45,13.5,14.85,14.85,426,712026480.75,69225,-9425,2026-09-11
NIFTY,2026-10-27,25550.0,CE,0.0,0.0,0.0,361.35,48.42,0,0.0,0,0,2026-09-11
NIFTY,2026-10-27,24900.0,CE,33.6,40.55,30.25,38.8,38.8,2690,4359778969.0,133770,-13845,2026-09-11
NIFTY,2026-10-27,24450.0,CE,62.95,88.4,62.95,84.0,84.0,621,990001707.5,38935,12935,2026-09-11
NIFTY,2026-10-27,24400.0,CE,73.0,98.15,63.05,92.6,92.6,6293,10013426439.25,285220,30875,2026-09-11
NIFTY,2026-10-27,24000.0,CE,165.0,202.5,137.4,193.1,193.1,29202,45874803351.0,1965405,282880,2026-09-11
NIFTY,2026-10-27,22850.0,CE,0.0,0.0,0.0,1729.4,962.5,0,0.0,0,0,2026-09-11
NIFTY,2026-10-27,22700.0,CE,0.0,0.0,0.0,1740.0,1071.2,0,0.0,260,0,2026-09-11
NIFTY,2026-10-27,22600.0,CE,970.4,1110.0,970.4,1110.0,1145.22,7,10753385.5,130,130,2026-09-11
NIFTY,2026-10-27,22400.0,CE,0.0,0.0,0.0,2083.15,1302.0,0,0.0,0,0,2026-09-11
NIFTY,2026-10-27,22300.0,CE,1310.3,1310.3,1310.3,1310.3,1383.62,2,3069339.0,130,130,2026-09-11
NIFTY,2026-10-27,22150.0,CE,0.0,0.0,0.0,2291.6,1509.69,0,0.0,0,0,2026-09-11
NIFTY,2026-10-13,25100.0,CE,0.0,0.0,0.0,81.45,44.12,0,0.0,0,0,2026-09-11
NIFTY,2026-10-13,24750.0,CE,0.0,0.0,0.0,137.9,81.25,0,0.0,0,0,2026-09-11
NIFTY,2026-09-29,23350.0,PE,235.0,268.15,164.0,173.75,173.75,14707,22531080900.25,227565,-28600,2026-09-11
NIFTY,2026-09-29,23900.0,PE,520.0,658.25,465.5,479.9,479.9,6792,10803201643.0,998660,-66950,2026-09-11
NIFTY,2026-09-29,25000.0,PE,1697.7,1710.6,1492.6,1509.45,1509.45,2493,4315935640.25,2067800,-75855,2026-09-11
NIFTY,2026-09-29,25600.0,PE,2316.85,2319.9,2131.2,2131.2,2130.19,27,48863447.75,31395,-260,2026-09-11
NIFTY,2030-12-31,19500.0,PE,0.0,0.0,0.0,67.4,233.91,0,0.0,0,0,2026-09-11
NIFTY,2030-12-31,16500.0,PE,0.0,0.0,0.0,13.65,64.21,0,0.0,0,0,2026-09-11
NIFTY,2029-12-24,30000.0,PE,0.0,0.0,0.0,2495.0,3243.12,0,0.0,1170,0,2026-09-11
NIFTY,2029-12-24,21000.0,PE,0.0,0.0,0.0,390.05,394.5,0,0.0,780,0,2026-09-11
NIFTY,2029-12-24,16500.0,PE,0.0,0.0,0.0,10.15,51.16,0,0.0,0,0,2026-09-11
NIFTY,2027-12-28,24000.0,PE,870.0,903.75,815.0,821.3,821.3,695,1123126621.5,258735,11050,2026-09-11
NIFTY,2027-03-30,22500.0,PE,295.0,318.5,269.1,273.75,273.75,3616,5358364076.0,747890,-10660,2026-09-11
NIFTY,2026-12-29,20000.0,PE,40.0,43.6,39.2,40.4,40.4,4861,6332386778.25,1184555,45135,2026-09-11
NIFTY,2026-12-29,18000.0,PE,20.85,24.55,20.85,23.5,23.5,2231,2613615387.5,626345,30550,2026-09-11
NIFTY,2026-12-29,16500.0,PE,12.2,14.0,12.2,13.5,0.0,10,10733755.5,4290,0,2026-09-11
NIFTY,2026-12-29,14000.0,PE,9.25,9.25,9.25,9.25,0.0,20,18212025.0,9090,65,2026-09-11
NIFTY,2026-11-23,25650.0,PE,0.0,0.0,0.0,1350.35,2044.49,0,0.0,0,0,2026-09-11
NIFTY,2026-11-23,25600.0,PE,0.0,0.0,0.0,1316.4,2001.43,0,0.0,0,0,2026-09-11
NIFTY,2026-11-23,22600.0,PE,183.0,183.0,142.8,144.6,144.6,63,93214605.25,3575,2405,2026-09-11
NIFTY,2026-11-23,22500.0,PE,140.5,165.7,127.65,132.05,132.05,3279,4827188840.5,499850,45500,2026-09-11
NIFTY,2026-10-27,26750.0,PE,0.0,0.0,0.0,2501.2,3145.61,0,0.0,0,0,2026-09-11
NIFTY,2026-10-27,26500.0,PE,2880.0,2880.0,2856.05,2862.05,2862.05,4,7635293.25,9685,65,2026-09-11
NIFTY,2026-10-27,25650.0,PE,0.0,0.0,0.0,1057.4,2089.63,0,0.0,130,0,2026-09-11
NIFTY,2026-10-27,25450.0,PE,0.0,0.0,0.0,1058.8,1905.95,0,0.0,130,0,2026-09-11
NIFTY,2026-10-27,24750.0,PE,1340.0,1341.55,1317.15,1328.25,1302.76,12,20343856.0,1365,130,2026-09-11
NIFTY,2026-09-29,22850.0,PE,89.8,96.55,60.2,63.75,63.75,4492,6694193902.5,91585,-18460,2026-09-11
NIFTY,2026-10-27,24550.0,PE,999.0,999.0,999.0,999.0,999.0,1,1660685.0,7605,-65,2026-09-11
NIFTY,2026-10-27,24000.0,PE,725.0,742.5,573.5,593.3,593.3,9232,14795465616.75,1511640,98280,2026-09-11
NIFTY,2026-10-27,23950.0,PE,680.0,689.35,543.1,554.9,554.9,18,28733812.25,21580,-780,2026-09-11
NIFTY,2026-10-27,23350.0,PE,333.95,348.25,256.45,270.95,270.95,728,1118629401.5,21450,12935,2026-09-11
NIFTY,2026-10-27,23300.0,PE,319.95,328.5,239.6,247.95,247.95,6344,9727279909.75,413010,48425,2026-09-11
NIFTY,2026-10-27,23050.0,PE,228.95,235.9,169.55,175.45,175.45,284,429277407.0,9425,9425,2026-09-11
NIFTY,2026-10-27,21700.0,PE,31.25,43.25,31.25,35.05,35.05,1786,2523576090.75,39780,36790,2026-09-11
NIFTY,2026-10-13,25400.0,PE,0.0,0.0,0.0,1673.35,1886.28,0,0.0,0,0,2026-09-11
NIFTY,2026-10-13,24550.0,PE,0.0,0.0,0.0,961.3,1128.23,0,0.0,0,0,2026-09-11
NIFTY,2026-10-13,23600.0,PE,437.0,439.0,320.5,326.7,326.7,14,21803554.5,520,520,2026-09-11
NIFTY,2026-10-13,23450.0,PE,299.7,313.7,254.4,262.4,262.4,47,72481012.5,1755,975,2026-09-11
NIFTY,2026-10-13,23300.0,PE,266.25,266.25,199.85,207.1,207.1,52,79514847.75,1105,1105,2026-09-11
NIFTY,2026-10-13,22900.0,PE,136.4,136.4,108.55,109.95,109.95,87,130166383.75,1690,1560,2026-09-11
NIFTY,2026-10-13,22650.0,PE,0.0,0.0,0.0,99.45,127.89,0,0.0,0,0,2026-09-11
NIFTY,2026-10-13,22100.0,PE,0.0,0.0,0.0,35.05,45.51,0,0.0,0,0,2026-09-11
NIFTY,2026-10-06,24800.0,PE,0.0,0.0,0.0,842.45,1348.13,0,0.0,0,0,2026-09-11
NIFTY,2026-10-06,23600.0,PE,289.0,426.0,289.0,307.85,307.85,364,566576845.25,13325,2340,2026-09-11
NIFTY,2026-10-06,22250.0,PE,0.0,0.0,0.0,22.0,42.61,0,0.0,0,0,2026-09-11
NIFTY,2026-10-06,22150.0,PE,0.0,0.0,0.0,17.6,33.61,0,0.0,0,0,2026-09-11
NIFTY,2026-10-06,21950.0,PE,0.0,0.0,0.0,10.95,20.27,0,0.0,0,0,2026-09-11
NIFTY,2026-09-29,28500.0,PE,5239.05,5239.05,5001.45,5002.05,5002.05,71,155208251.25,426335,-3900,2026-09-11
NIFTY,2026-09-29,26900.0,PE,0.0,0.0,0.0,2776.0,3424.55,0,0.0,65,0,2026-09-11
NIFTY,2026-09-29,26850.0,PE,0.0,0.0,0.0,2691.9,3374.7,0,0.0,0,0,2026-09-11
NIFTY,2026-09-29,26750.0,PE,0.0,0.0,0.0,2201.15,3274.99,0,0.0,65,0,2026-09-11
NIFTY,2026-09-15,22300.0,CE,977.1,1162.15,964.45,1159.05,1159.05,99,149916627.25,2925,-1950,2026-09-11
NIFTY,2026-09-15,23450.0,CE,35.5,125.0,23.0,98.65,98.65,3928017,6006848668021.5,4038580,-972010,2026-09-11
NIFTY,2026-09-15,25000.0,CE,0.8,1.0,0.35,0.5,0.5,489032,794698951413.25,5484245,-3062735,2026-09-11
NIFTY,2026-09-22,22100.0,CE,1180.0,1310.0,1180.0,1310.0,1340.66,2,3034850.0,130,65,2026-09-11
NIFTY,2026-09-22,22250.0,CE,1070.25,1070.25,1062.15,1062.7,1194.41,5,7577076.0,325,325,2026-09-11
NIFTY,2026-09-22,22400.0,CE,925.0,1017.0,925.0,1017.0,1050.72,18,27340462.5,715,715,2026-09-11
NIFTY,2026-09-22,23900.0,CE,20.9,43.45,17.75,34.8,34.8,122698,190845266800.5,1959620,591695,2026-09-11
NIFTY,2026-09-22,24550.0,CE,5.5,5.75,4.25,5.0,5.0,10694,17068289215.25,283985,123695,2026-09-11
NIFTY,2026-09-22,26000.0,CE,1.05,1.2,0.9,0.95,0.95,14259,24098627699.25,1157195,289510,2026-09-11
NIFTY,2026-09-29,16500.0,CE,0.0,0.0,0.0,10168.85,6945.55,0,0.0,0,0,2026-09-11
NIFTY,2026-09-29,21650.0,CE,0.0,0.0,0.0,1850.0,1813.42,0,0.0,65,0,2026-09-11
NIFTY,2026-09-29,23350.0,CE,236.0,331.85,211.3,312.05,312.05,14101,21647869272.25,174850,137800,2026-09-11
NIFTY,2026-09-29,24550.0,CE,11.5,16.0,11.45,14.25,14.25,2780,4438524197.25,194025,-27625,2026-09-11
NIFTY,2026-09-29,25500.0,CE,5.5,5.5,4.35,4.8,4.8,23906,39631710218.75,3211910,2210,2026-09-11
NIFTY,2026-09-29,25750.0,CE,5.45,5.45,2.9,3.8,3.8,133,222642702.75,8060,1690,2026-09-11
NIFTY,2026-09-29,25850.0,CE,4.4,4.4,2.15,3.5,3.5,149,250391352.25,10270,1885,2026-09-11
NIFTY,2026-09-29,26000.0,CE,3.4,3.4,2.75,3.1,3.1,18819,31807914297.25,3769430,-177945,2026-09-11
NIFTY,2026-09-29,26600.0,CE,2.2,2.2,1.45,1.65,1.65,135,233430502.5,42055,-2340,2026-09-11
NIFTY,2026-09-29,27150.0,CE,1.3,2.65,1.3,1.3,0.0,16,28237621.75,7930,195,2026-09-11
NIFTY,2026-10-06,22550.0,CE,0.0,0.0,0.0,1677.3,1020.04,0,0.0,0,0,2026-09-11
NIFTY,2026-10-06,24000.0,CE,60.0,98.0,59.15,90.75,90.75,4587,7178724036.25,170495,50375,2026-09-11
NIFTY,2026-10-06,25350.0,CE,7.1,7.1,7.1,7.1,13.35,1,1648211.5,1690,0,2026-09-11
NIFTY,2026-10-13,23800.0,CE,140.0,197.85,136.6,189.2,189.2,528,822725559.5,12090,5005,2026-09-11
NIFTY,2026-10-13,25000.0,CE,0.0,0.0,0.0,95.15,52.84,0,0.0,0,0,2026-09-11
NIFTY,2026-10-13,25300.0,CE,0.0,0.0,0.0,58.9,30.32,0,0.0,0,0,2026-09-11
NIFTY,2026-10-27,22500.0,CE,1061.0,1181.05,993.0,1167.7,1167.7,1658,2539724915.0,107055,37830,2026-09-11
NIFTY,2026-10-27,23750.0,CE,220.35,301.55,219.7,294.0,294.0,276,430583978.5,18655,2080,2026-09-11
NIFTY,2026-10-27,23800.0,CE,200.05,280.05,190.2,268.2,268.2,8515,13298891827.0,555620,-4745,2026-09-11
NIFTY,2026-10-27,23850.0,CE,194.85,256.45,182.8,250.3,250.3,567,887144420.5,30615,-4290,2026-09-11
NIFTY,2026-10-27,24650.0,CE,46.6,61.35,45.75,58.45,58.45,323,518640421.0,34580,4875,2026-09-11
NIFTY,2026-10-27,25250.0,CE,0.0,0.0,0.0,447.85,75.28,0,0.0,0,0,2026-09-11
NIFTY,2026-10-27,25950.0,CE,11.15,12.45,11.15,11.3,25.73,46,77625281.5,4875,2145,2026-09-11
NIFTY,2026-10-27,26500.0,CE,6.35,8.9,6.3,7.95,7.95,1435,2472504804.25,319345,35620,2026-09-11
NIFTY,2026-11-23,21800.0,CE,0.0,0.0,0.0,2906.85,1966.84,0,0.0,0,0,2026-09-11
NIFTY,2026-11-23,22850.0,CE,0.0,0.0,0.0,1992.05,1152.21,0,0.0,0,0,2026-09-11
NIFTY,2026-11-23,23150.0,CE,0.0,0.0,0.0,1755.4,959.81,0,0.0,0,0,2026-09-11
NIFTY,2026-11-23,23650.0,CE,413.0,497.6,409.0,491.85,491.85,30,46991425.0,2665,975,2026-09-11
NIFTY,2026-11-23,24200.0,CE,215.05,254.95,196.35,246.6,246.6,737,1169578611.5,52390,5460,2026-09-11
NIFTY,2026-11-23,25700.0,CE,0.0,0.0,0.0,401.1,109.24,0,0.0,0,0,2026-09-11
NIFTY,2026-12-29,20000.0,CE,3565.0,3792.65,3565.0,3766.15,3766.15,608,935739964.25,607320,2990,2026-09-11
NIFTY,2027-03-30,16500.0,CE,0.0,0.0,0.0,6995.9,7460.92,0,0.0,0,0,2026-09-11
NIFTY,2027-03-30,28500.0,CE,42.0,44.45,38.3,42.4,42.4,742,1376523716.75,137995,-17355,2026-09-11
NIFTY,2028-06-27,22500.0,CE,0.0,0.0,0.0,6796.05,3952.69,0,0.0,0,0,2026-09-11
NIFTY,2028-06-27,28500.0,CE,0.0,0.0,0.0,2990.0,1204.77,0,0.0,0,0,2026-09-11
NIFTY,2028-12-26,27000.0,CE,1851.0,1900.0,1700.0,1900.0,1900.0,16,30030620.75,3640,-130,2026-09-11
NIFTY,2029-06-26,22500.0,CE,0.0,0.0,0.0,7946.5,5194.63,0,0.0,0,0,2026-09-11
NIFTY,2030-06-25,28500.0,CE,0.0,0.0,0.0,5382.85,3328.35,0,0.0,0,0,2026-09-11
NIFTY,2030-06-25,30000.0,CE,0.0,0.0,0.0,5580.35,2785.44,0,0.0,0,0,2026-09-11
NIFTY,2031-06-24,22500.0,CE,0.0,0.0,0.0,8012.75,7362.61,0,0.0,0,0,2026-09-11
NIFTY,2026-09-15,21750.0,PE,0.9,2.2,0.85,1.4,1.4,172328,243647215526.0,1014390,550030,2026-09-11
NIFTY,2026-09-15,22900.0,PE,17.95,22.35,7.5,9.05,9.05,1172200,1745772434139.5,6787235,3317795,2026-09-11
NIFTY,2026-09-15,23650.0,PE,380.0,412.9,205.3,226.8,226.8,69832,108639511698.25,529295,-273520,2026-09-11
NIFTY,2026-09-15,24350.0,PE,1103.6,1110.0,885.75,902.3,902.3,373,614888898.0,38480,-9685,2026-09-11
NIFTY,2026-09-15,24900.0,PE,1639.0,1647.0,1445.0,1450.7,1450.7,254,436529483.0,13455,-9295,2026-09-11
NIFTY,2026-09-15,25100.0,PE,1870.9,1870.9,1650.0,1672.3,1672.3,27,47032310.0,6435,-1170,2026-09-11
NIFTY,2026-09-15,25150.0,PE,0.0,0.0,0.0,1585.0,1735.81,0,0.0,325,0,2026-09-11
NIFTY,2026-09-22,21900.0,PE,8.15,11.95,7.65,9.65,9.65,13932,19840532354.5,382005,146965,2026-09-11
NIFTY,2026-09-22,23000.0,PE,72.0,93.75,53.05,57.45,57.45,122321,183423813023.75,2832050,1435265,2026-09-11
NIFTY,2026-09-22,24800.0,PE,1500.0,1515.0,1317.05,1327.2,1327.2,291,494719101.5,19175,18720,2026-09-11
NIFTY,2026-09-22,24950.0,PE,0.0,0.0,0.0,887.95,1510.73,0,0.0,0,0,2026-09-11
NIFTY,2026-09-22,25050.0,PE,1650.0,1650.0,1650.0,1650.0,1609.61,1,1735500.0,65,65,2026-09-11
NIFTY,2026-09-22,25250.0,PE,0.0,0.0,0.0,1111.0,1808.21,0,0.0,0,0,2026-09-11
NIFTY,2026-09-22,25400.0,PE,2000.0,2000.0,1911.0,1912.6,1957.58,5,8882068.0,325,325,2026-09-11
NIFTY,2026-09-22,25450.0,PE,0.0,0.0,0.0,1271.15,2007.42,0,0.0,0,0,2026-09-11
NIFTY,2026-09-22,25850.0,PE,0.0,0.0,0.0,1613.85,2406.48,0,0.0,0,0,2026-09-11
NIFTY,2026-09-22,26100.0,PE,0.0,0.0,0.0,1839.95,2656.01,0,0.0,0,0,2026-09-11
NIFTY,2026-09-29,21600.0,PE,12.45,14.45,12.2,12.8,12.8,13868,19482362828.5,721110,242125,2026-09-11
NIFTY,2026-09-29,21800.0,PE,15.0,17.25,14.15,15.25,15.25,8322,11800709274.25,548860,218725,2026-09-11
NIFTY,2026-09-29,22300.0,PE,34.75,34.75,23.25,24.9,24.9,16110,23381200872.25,306020,25870,2026-09-11
NIFTY,2026-09-29,23250.0,PE,211.7,221.35,133.2,140.7,140.7,30515,46470593331.5,823810,665145,2026-09-11
NIFTY,2026-09-15,23350.0,CE,52.85,190.8,52.85,161.9,161.9,4381690,6681185221971.0,2123680,1462175,2026-09-11
NIFTY,2026-09-15,23950.0,CE,3.3,6.4,3.0,4.05,4.05,1061773,1653208366348.5,3030365,-314340,2026-09-11
NIFTY,2026-09-15,25100.0,CE,0.5,0.9,0.3,0.45,0.45,131765,214980149631.0,654160,-1863485,2026-09-11
NIFTY,2026-09-15,25800.0,CE,0.7,0.75,0.25,0.35,0.35,53113,89072006088.0,818480,-169325,2026-09-11
NIFTY,2026-09-15,26050.0,CE,0.55,0.6,0.25,0.45,0.45,4752,8046473519.5,73970,11505,2026-09-11
NIFTY,2026-09-22,21850.0,CE,0.0,0.0,0.0,2439.15,1587.61,0,0.0,0,0,2026-09-11
NIFTY,2026-09-22,22150.0,CE,0.0,0.0,0.0,2149.05,1291.7,0,0.0,0,0,2026-09-11
